itemcode,etfTabCode,itemname,nowVal,risefall,changeVal,changeRate,nav,threeMonthEarnRate,quant,amonut,marketSum,collected_at
069500,1,KODEX 200,97975,5,-925,-0.94,97921.0,-12.5108,12318194,1211373,225245,2026-08-07 06:19:23
360750,4,TIGER 미국S&P500,27110,5,-165,-0.6,27106.0,4.0201,33278172,902416,203705,2026-08-07 06:19:23
133690,4,TIGER 미국나스닥100,184805,5,-440,-0.24,184329.0,2.022,1532466,283182,113932,2026-08-07 06:19:23
379800,4,KODEX 미국S&P500,24650,5,-140,-0.56,24640.0,4.085,22000067,542266,100486,2026-08-07 06:19:23
102110,1,TIGER 200,98140,5,-905,-0.91,98191.0,-12.3538,6631337,652604,92693,2026-08-07 06:19:23
379810,4,KODEX 미국나스닥100,27625,5,-70,-0.25,27575.0,2.09,9410941,259812,90817,2026-08-07 06:19:23
488770,7,KODEX 머니마켓액티브,105172,2,27,0.03,105174.0,0.8343,433657,45608,80695,2026-08-07 06:19:23
396500,2,TIGER 반도체TOP10,30330,5,-765,-2.46,30376.0,-31.6143,10412650,318752,79556,2026-08-07 06:19:23
278530,1,KODEX 200TR,35495,5,-350,-0.98,35491.0,-12.5412,1256581,44805,71025,2026-08-07 06:19:23
459580,6,KODEX CD금리액티브(합성),1074280,2,75,0.01,1074449.0,0.7332,438274,470830,66254,2026-08-07 06:19:23
381180,4,TIGER 미국필라델피아반도체나스닥,44855,2,650,1.47,44512.0,4.1265,3677867,164734,59814,2026-08-07 06:19:23
122630,3,KODEX 레버리지,90450,5,-1750,-1.9,90631.0,-37.4301,16692464,1519470,52868,2026-08-07 06:19:23
498400,2,KODEX 200타겟위클리커버드콜,18860,5,-185,-0.97,18848.0,-12.8365,6270339,118475,52223,2026-08-07 06:19:23
0167A0,2,SOL AI반도체TOP2플러스,15210,5,-175,-1.14,15221.0,-8.9376,21406155,327598,49159,2026-08-07 06:19:23
229200,1,KODEX 코스닥150,13575,5,-5,-0.04,13579.0,-32.8886,22856814,306399,48537,2026-08-07 06:19:23
091160,2,KODEX 반도체,107660,5,-3385,-3.05,107572.0,-20.6935,1591826,173314,47586,2026-08-07 06:19:23
148020,1,RISE 200,98710,5,-990,-0.99,98767.0,-12.5428,1438550,142479,41952,2026-08-07 06:19:23
458730,4,TIGER 미국배당다우존스,15150,5,-65,-0.43,15136.0,4.3753,1873023,28384,41723,2026-08-07 06:19:23
360200,4,ACE 미국S&P500,27405,5,-170,-0.62,27401.0,4.0525,735337,20165,40340,2026-08-07 06:19:23
411060,5,ACE KRX금현물,27320,2,150,0.55,27309.0,-9.7642,729051,19792,40133,2026-08-07 06:19:23
310970,1,TIGER MSCI Korea TR,43500,5,-535,-1.21,43611.0,-12.6117,28625,1246,39498,2026-08-07 06:19:23
381170,4,TIGER 미국테크TOP10 INDXX,32000,5,-30,-0.09,31982.0,-0.5126,293888,9410,39216,2026-08-07 06:19:23
0162Z0,7,RISE 삼성전자SK하이닉스채권혼합50,12365,5,-110,-0.88,12376.0,-1.2153,6146622,76484,37800,2026-08-07 06:19:23
423160,6,KODEX KOFR금리액티브(합성),110727,2,22,0.02,110719.0,0.6703,52998,5868,36119,2026-08-07 06:19:23
357870,6,TIGER CD금리투자KIS(합성),57875,2,5,0.01,57878.0,0.7486,127151,7359,35510,2026-08-07 06:19:23
233740,3,KODEX 코스닥150레버리지,6610,5,-5,-0.08,6625.0,-61.5296,118005859,763030,35476,2026-08-07 06:19:23
367380,4,ACE 미국나스닥100,31770,5,-80,-0.25,31706.0,2.0216,543874,17279,34979,2026-08-07 06:19:23
395160,2,KODEX AI반도체TOP2플러스,34405,5,-475,-1.36,34449.0,-6.5256,5345124,185660,34577,2026-08-07 06:19:23
273130,6,KODEX 종합채권(AA-이상)액티브,110125,2,20,0.02,110189.0,-1.7841,11793,1298,34157,2026-08-07 06:19:23
102780,2,KODEX 삼성그룹,24200,2,300,1.26,24239.0,-6.3113,548247,13232,31145,2026-08-07 06:19:23
395270,2,HANARO Fn K-반도체,48550,5,-650,-1.32,48608.0,-6.0531,1027185,50462,30732,2026-08-07 06:19:23
0043B0,6,TIGER 머니마켓액티브,103285,2,15,0.01,103283.0,0.8693,103184,10657,30184,2026-08-07 06:19:23
487240,2,KODEX AI전력핵심설비,34715,5,-15,-0.04,34689.0,-44.288,3439474,118677,29820,2026-08-07 06:19:23
455890,6,RISE 머니마켓액티브,55360,2,10,0.02,55360.0,0.8104,76012,4207,29776,2026-08-07 06:19:23
481050,6,KODEX CD1년금리플러스액티브(합성),1022310,2,85,0.01,1022339.0,0.768,12903,13190,26146,2026-08-07 06:19:23
426030,4,TIME 미국나스닥100액티브,46645,2,375,0.81,46315.0,-9.1409,549421,25582,24405,2026-08-07 06:19:23
449170,6,TIGER KOFR금리액티브(합성),111545,2,15,0.01,111545.0,0.6543,57824,6449,24350,2026-08-07 06:19:23
161510,2,PLUS 고배당주,25120,2,125,0.5,25161.0,-8.7883,509246,12739,23889,2026-08-07 06:19:23
139260,2,TIGER 200 IT,119860,5,-350,-0.29,119913.0,-10.3703,442953,53243,23756,2026-08-07 06:19:23
486290,4,TIGER 미국나스닥100타겟데일리커버드콜,10895,5,-25,-0.23,10868.0,1.7052,1013442,11039,23217,2026-08-07 06:19:23
456600,4,TIME 글로벌AI인공지능액티브,58310,2,520,0.9,58096.0,-3.9794,178905,10383,21551,2026-08-07 06:19:23
472150,2,TIGER 배당커버드콜액티브,18675,5,-115,-0.61,18688.0,-12.9363,2885201,54093,21355,2026-08-07 06:19:23
278540,1,KODEX MSCI Korea TR,34650,5,-420,-1.2,34718.0,-12.4891,77858,2708,21171,2026-08-07 06:19:23
0193T0,2,KODEX SK하이닉스단일종목레버리지,7385,5,-840,-10.21,7401.0,,39443039,303184,20246,2026-08-07 06:19:23
284430,6,KODEX 200미국채혼합50,20145,5,-170,-0.84,20187.0,-7.3387,1690936,34330,19662,2026-08-07 06:19:23
385540,6,RISE 종합채권(A-이상)액티브,103205,3,0,0.0,103158.0,-1.5267,1070,110,19340,2026-08-07 06:19:23
292150,2,TIGER 코리아TOP10,34630,5,-535,-1.52,34676.0,-9.0659,549190,19127,18666,2026-08-07 06:19:23
214980,6,KODEX 단기채권PLUS,114715,2,40,0.03,114736.0,0.5864,39244,4501,18564,2026-08-07 06:19:23
105190,1,ACE 200,98200,5,-1000,-1.01,98238.0,-12.699,408589,40367,17136,2026-08-07 06:19:23
294400,1,KIWOOM 200TR,128570,5,-1465,-1.13,128687.0,-12.3133,39596,5115,16778,2026-08-07 06:19:23
441640,4,KODEX 미국배당커버드콜액티브,13060,5,-75,-0.57,13039.0,4.4277,1012998,13233,16763,2026-08-07 06:19:23
477080,6,RISE CD금리액티브(합성),107255,2,5,0.0,107266.0,0.7231,9124,978,16709,2026-08-07 06:19:23
305720,2,KODEX 2차전지산업,13970,2,730,5.51,13975.0,-41.9044,3235437,44507,15968,2026-08-07 06:19:23
442580,4,PLUS 글로벌HBM반도체,92410,5,-85,-0.09,92097.0,1.9116,910009,84802,15848,2026-08-07 06:19:23
487230,4,KODEX 미국AI전력핵심인프라,20930,5,-110,-0.52,20773.0,-23.0974,596204,12450,15593,2026-08-07 06:19:23
379780,4,RISE 미국S&P500,23705,5,-145,-0.61,23691.0,4.1078,119714,2839,15550,2026-08-07 06:19:23
368590,4,RISE 미국나스닥100,30815,5,-85,-0.28,30755.0,2.1518,154536,4762,15531,2026-08-07 06:19:23
466920,2,SOL 조선TOP3플러스,29350,5,-100,-0.34,29392.0,-27.5434,606850,17673,15526,2026-08-07 06:19:23
446770,4,ACE 글로벌반도체TOP4 Plus,76285,5,-75,-0.1,76112.0,2.4305,199334,15272,15371,2026-08-07 06:19:23
329200,2,TIGER 리츠부동산인프라,4052,2,27,0.67,4054.0,-5.195,2207772,8933,15134,2026-08-07 06:19:23
453850,6,ACE 미국30년국채액티브(H),7170,5,-50,-0.69,7173.0,-2.3017,471299,3377,15107,2026-08-07 06:19:23
475630,7,TIGER CD1년금리액티브(합성),1073820,2,140,0.01,1073824.0,0.771,24216,26003,14629,2026-08-07 06:19:23
0193W0,2,KODEX 삼성전자단일종목레버리지,9730,2,55,0.57,9791.0,,10755874,106551,14361,2026-08-07 06:19:23
0177N0,7,KODEX 삼성전자SK하이닉스채권혼합50,13100,5,-140,-1.06,13108.0,-1.0388,3986676,52551,13873,2026-08-07 06:19:23
152100,1,PLUS 200,99445,5,-1075,-1.07,99493.0,-12.538,187328,18721,13773,2026-08-07 06:19:23
390390,4,KODEX 미국반도체,55505,2,535,0.97,55217.0,4.1137,969437,53765,13266,2026-08-07 06:19:23
436140,6,SOL 종합채권(AA-이상)액티브,106455,2,15,0.01,106503.0,-1.5721,40,4,12988,2026-08-07 06:19:23
315930,2,KODEX Top5PlusTR,75480,5,-895,-1.17,75629.0,-6.0925,56506,4286,12983,2026-08-07 06:19:23
232080,1,TIGER 코스닥150,13840,5,-15,-0.11,13848.0,-32.9381,2100214,28774,12868,2026-08-07 06:19:23
157450,6,TIGER 단기통안채,112360,2,10,0.01,112363.0,0.6224,8468,951,12549,2026-08-07 06:19:23
438080,7,ACE 미국S&P500미국채혼합50액티브,14450,5,-60,-0.41,14446.0,1.2561,363375,5260,12384,2026-08-07 06:19:23
448330,1,KODEX 삼성전자채권혼합,16725,2,75,0.45,16770.0,-1.5795,580643,9728,12209,2026-08-07 06:19:23
0072R0,5,TIGER KRX금현물,13030,2,65,0.5,13044.0,-10.2458,477164,6176,12059,2026-08-07 06:19:23
091230,2,TIGER 반도체,113995,5,-2955,-2.53,114139.0,-19.9253,315358,36326,11650,2026-08-07 06:19:23
497570,4,TIGER 미국필라델피아AI반도체나스닥,22660,2,265,1.18,22582.0,6.5179,1766383,40017,11557,2026-08-07 06:19:23
0183J0,4,TIGER 미국우주테크,7890,2,210,2.73,7841.0,-20.0417,1493832,11776,11417,2026-08-07 06:19:23
0195S0,2,TIGER SK하이닉스단일종목레버리지,6265,5,-770,-10.95,6281.0,,22953150,149407,11122,2026-08-07 06:19:23
449450,2,PLUS K방산,56110,2,1310,2.39,56118.0,-32.1867,206536,11427,11026,2026-08-07 06:19:23
479080,6,1Q 머니마켓액티브,53645,2,10,0.02,53641.0,0.8271,22475,1205,10792,2026-08-07 06:19:23
465580,4,ACE 미국빅테크TOP7 Plus,25050,2,90,0.36,25054.0,2.337,751391,18846,10659,2026-08-07 06:19:23
445290,2,KODEX 로봇액티브,30035,5,-590,-1.93,30066.0,-16.1669,667790,20069,10557,2026-08-07 06:19:23
479520,6,RISE KOFR금리액티브(합성),106170,3,0,0.0,106178.0,0.6589,7739,821,10306,2026-08-07 06:19:23
0139F0,6,TIGER 12월자동연장금융채(AA-이상)액티브,101910,2,20,0.02,101909.0,0.6818,19,1,10281,2026-08-07 06:19:23
446720,4,SOL 미국배당다우존스,13895,5,-70,-0.5,13876.0,4.5934,200886,2793,10268,2026-08-07 06:19:23
469830,6,SOL 초단기채권액티브,54255,2,10,0.02,54256.0,0.8177,206039,11178,10090,2026-08-07 06:19:23
226490,1,KODEX 코스피,64240,5,-205,-0.32,64310.0,-14.8742,202947,13073,10086,2026-08-07 06:19:23
451540,6,TIGER 종합채권(AA-이상)액티브,52955,5,-15,-0.03,52956.0,-1.6525,1438,76,10064,2026-08-07 06:19:23
494890,1,KODEX 200액티브,28235,5,-240,-0.84,28251.0,-12.9644,1014024,28621,10052,2026-08-07 06:19:23
356540,6,ACE 종합채권(AA-이상)액티브,101410,2,25,0.02,101398.0,-1.5585,713,72,10018,2026-08-07 06:19:23
449180,4,KODEX 미국S&P500(H),17215,5,-45,-0.26,17207.0,5.9173,515126,8863,9924,2026-08-07 06:19:23
0117L0,6,KODEX 26-12 금융채(AA-이상)액티브,10137,5,-3,-0.03,10138.0,0.6951,514,5,9815,2026-08-07 06:19:23
469150,2,ACE AI반도체TOP3+,49455,5,-1355,-2.67,49548.0,-24.418,495406,24774,9545,2026-08-07 06:19:23
494300,4,KODEX 미국나스닥100데일리커버드콜OTM,9355,5,-10,-0.11,9342.0,-3.0348,1356425,12697,9514,2026-08-07 06:19:23
0117V0,2,TIGER 코리아AI전력기기TOP3플러스,18120,2,115,0.64,18100.0,-43.4887,1828497,32812,9495,2026-08-07 06:19:23
402970,4,ACE 미국배당다우존스,15425,5,-105,-0.68,15407.0,4.6794,203908,3148,9486,2026-08-07 06:19:23
438100,7,ACE 미국나스닥100미국채혼합50액티브,15620,5,-10,-0.06,15570.0,0.3853,214317,3355,9325,2026-08-07 06:19:23
495050,1,RISE 코리아밸류업,30325,5,-285,-0.93,30337.0,-8.6674,140423,4250,8976,2026-08-07 06:19:23
295040,1,SOL 200TR,36740,5,-390,-1.05,36752.0,-12.4396,248467,9134,8928,2026-08-07 06:19:23
237350,1,KODEX 코스피100,78110,5,-495,-0.63,78206.0,-12.5994,237727,18620,8826,2026-08-07 06:19:23
305540,2,TIGER 2차전지테마,17635,2,965,5.79,17622.0,-41.1163,653699,11330,8650,2026-08-07 06:19:23
455850,2,SOL AI반도체소부장,20395,5,-490,-2.35,20423.0,-36.4812,1182469,24225,8525,2026-08-07 06:19:23
153130,6,KODEX 단기채권,113365,2,20,0.02,113364.0,0.6067,12675,1436,8296,2026-08-07 06:19:23
114800,3,KODEX 인버스,1140,2,11,0.97,1141.0,-4.4031,1258296301,1432383,8258,2026-08-07 06:19:23
498410,2,KODEX 금융고배당TOP10타겟위클리커버드콜,12055,2,180,1.52,12074.0,-4.6427,1089943,13040,8161,2026-08-07 06:19:23
466940,2,TIGER 은행고배당플러스TOP10,26890,2,530,2.01,26930.0,1.3801,302457,8040,8040,2026-08-07 06:19:23
371460,4,TIGER 차이나전기차SOLACTIVE,10930,2,90,0.83,10960.0,-25.6771,70234,765,7975,2026-08-07 06:19:23
0195R0,2,TIGER 삼성전자단일종목레버리지,8890,2,65,0.74,8889.0,,5848893,52811,7952,2026-08-07 06:19:23
476550,6,TIGER 미국30년국채커버드콜액티브(H),6840,5,-45,-0.65,6849.0,-2.4793,1380418,9437,7856,2026-08-07 06:19:23
490590,4,RISE 미국AI밸류체인데일리고정커버드콜,14665,2,45,0.31,14602.0,1.4428,460323,6737,7750,2026-08-07 06:19:23
481060,6,KODEX 미국30년국채타겟커버드콜(합성 H),7475,5,-35,-0.47,7508.0,-2.5027,235069,1756,7748,2026-08-07 06:19:23
0025N0,7,TIGER TDF2045 적격,12280,5,-35,-0.28,12304.0,2.8822,267816,3294,7718,2026-08-07 06:19:23
144600,5,KODEX 은선물(H),10365,2,265,2.62,10367.0,-19.0381,468253,4760,7712,2026-08-07 06:19:23
385560,6,RISE KIS국고채30년Enhanced,52420,5,-40,-0.08,52400.0,-13.4966,7060,369,7674,2026-08-07 06:19:23
475720,3,RISE 200위클리커버드콜,11805,2,25,0.21,11821.0,-14.3016,404207,4773,7644,2026-08-07 06:19:23
252670,3,KODEX 200선물인버스2X,96,3,0,0.0,97.0,-25.5814,9214999053,888107,7550,2026-08-07 06:19:23
0048J0,6,KODEX 미국머니마켓액티브,14170,5,-45,-0.32,14165.0,-1.2839,390879,5546,7527,2026-08-07 06:19:23
441800,1,TIME Korea플러스배당액티브,27205,5,-90,-0.33,27224.0,-19.4912,170118,4625,7465,2026-08-07 06:19:23
494310,2,KODEX 반도체레버리지,56825,5,-3590,-5.94,56789.0,-52.3034,4564583,265482,7444,2026-08-07 06:19:23
457480,4,ACE 테슬라밸류체인액티브,18005,2,180,1.01,17884.0,-26.0067,160038,2864,7391,2026-08-07 06:19:23
0061Z0,6,RISE 단기특수은행채액티브,50910,2,15,0.03,50904.0,0.7223,42,2,7307,2026-08-07 06:19:23
272580,6,TIGER 단기채권액티브,56987,2,12,0.02,56990.0,0.6358,48214,2747,7305,2026-08-07 06:19:23
458760,4,TIGER 미국배당다우존스타겟커버드콜2호,11135,5,-20,-0.18,11102.0,3.7884,169043,1881,7032,2026-08-07 06:19:23
456610,6,TIGER 미국달러SOFR금리액티브(합성),61420,5,-215,-0.35,61414.0,-1.2497,14426,887,6971,2026-08-07 06:19:23
069660,1,KIWOOM 200,97990,5,-850,-0.86,98011.0,-12.291,81939,8053,6957,2026-08-07 06:19:23
0127P0,4,ACE 미국대형성장주액티브,10925,5,-25,-0.23,10873.0,2.244,13682,149,6916,2026-08-07 06:19:23
487340,6,ACE 머니마켓액티브,105630,2,10,0.01,105628.0,0.8835,4763,503,6831,2026-08-07 06:19:23
0177R0,2,TIGER 반도체TOP10커버드콜액티브,9780,5,-170,-1.71,9777.0,-18.7501,1977786,19501,6768,2026-08-07 06:19:23
423920,4,TIGER 미국필라델피아반도체레버리지(합성),93600,2,2580,2.83,92249.0,-4.0669,122282,11409,6749,2026-08-07 06:19:23
434730,2,HANARO 원자력iSelect,56905,5,-105,-0.18,56851.0,-39.1797,157252,8820,6743,2026-08-07 06:19:23
138540,2,TIGER 현대차그룹플러스,51890,5,-70,-0.13,51882.0,-16.8773,153327,7910,6715,2026-08-07 06:19:23
314250,4,KODEX 미국빅테크10(H),61885,2,175,0.28,61819.0,9.3574,43562,2694,6659,2026-08-07 06:19:23
102970,2,KODEX 증권,18285,5,-715,-3.76,18280.0,-42.8943,939004,17305,6656,2026-08-07 06:19:23
462330,2,KODEX 2차전지산업레버리지,962,2,92,10.57,965.0,-70.8543,87302731,81166,6650,2026-08-07 06:19:23
455030,6,KODEX 미국달러SOFR금리액티브(합성),12180,5,-10,-0.08,12174.0,-1.5633,498193,6073,6571,2026-08-07 06:19:23
491010,4,TIGER 글로벌AI전력인프라액티브,25930,5,-60,-0.23,25801.0,-19.1225,70492,1824,6490,2026-08-07 06:19:23
482730,4,TIGER 미국S&P500타겟데일리커버드콜,12265,5,-50,-0.41,12242.0,4.2293,245085,3007,6445,2026-08-07 06:19:23
418660,4,TIGER 미국나스닥100레버리지(합성),42185,5,-225,-0.53,42001.0,1.1206,174736,7376,6391,2026-08-07 06:19:23
0167B0,2,SOL 200타겟위클리커버드콜,10800,5,-65,-0.6,10811.0,-13.3256,792905,8586,6361,2026-08-07 06:19:23
329750,6,TIGER 미국달러단기채권액티브,13395,5,-40,-0.3,13385.0,-1.4307,223549,2997,6321,2026-08-07 06:19:23
364980,2,TIGER 2차전지TOP10,9690,2,530,5.79,9691.0,-38.2334,4542856,43431,6313,2026-08-07 06:19:23
434060,7,KODEX TDF2050액티브 적격,17145,5,-80,-0.46,17057.0,-3.6472,115958,1989,6275,2026-08-07 06:19:23
0015B0,4,KoAct 미국나스닥성장기업액티브,19245,2,15,0.08,19076.0,-12.4517,446297,8574,6226,2026-08-07 06:19:23
371160,4,TIGER 차이나항셍테크,7500,2,15,0.2,7506.0,-5.1241,395854,2967,6225,2026-08-07 06:19:23
0148J0,2,TIGER 코리아휴머노이드로봇산업,9185,5,-170,-1.82,9192.0,-26.1933,4664216,42537,6122,2026-08-07 06:19:23
495850,1,KODEX 코리아밸류업,30050,5,-355,-1.17,30111.0,-8.9004,93228,2799,6055,2026-08-07 06:19:23
396520,4,TIGER 차이나반도체FACTSET,14530,2,380,2.69,14505.0,5.5576,1164961,16849,5986,2026-08-07 06:19:23
290130,2,RISE ESG사회책임투자,42240,5,-665,-1.55,42333.0,-10.5028,97396,4135,5977,2026-08-07 06:19:23
367760,2,RISE 네트워크인프라,51430,5,-20,-0.04,51507.0,-5.6829,268411,13832,5966,2026-08-07 06:19:23
251600,7,PLUS 고배당주채권혼합,15450,2,55,0.36,15448.0,-3.6095,180797,2783,5964,2026-08-07 06:19:23
484790,6,KODEX 미국30년국채액티브(H),8260,5,-60,-0.72,8266.0,-2.3462,495395,4089,5934,2026-08-07 06:19:23
494670,2,TIGER 조선TOP10,23115,5,-65,-0.28,23112.0,-27.3582,379726,8690,5929,2026-08-07 06:19:23
466950,4,TIGER 글로벌AI액티브,31200,2,265,0.86,31013.0,-10.67,88347,2740,5862,2026-08-07 06:19:23
489250,4,KODEX 미국배당다우존스,13075,5,-50,-0.38,13054.0,4.4209,218072,2852,5831,2026-08-07 06:19:23
0101N0,2,RISE AI전력인프라,18240,5,-225,-1.22,18241.0,-37.258,329053,6006,5727,2026-08-07 06:19:23
449190,4,KODEX 미국나스닥100(H),22165,2,35,0.16,22114.0,3.754,167789,3715,5619,2026-08-07 06:19:23
0007F0,6,KODEX 27-12 회사채(AA-이상)액티브,10170,3,0,0.0,10172.0,0.6432,24498,249,5529,2026-08-07 06:19:23
0019K0,7,TIME 미국나스닥100채권혼합50액티브,13455,2,60,0.45,13387.0,-2.0834,399854,5365,5490,2026-08-07 06:19:23
0105E0,2,SOL 코리아고배당,13200,2,175,1.34,13236.0,-6.9771,472649,6199,5485,2026-08-07 06:19:23
491620,4,RISE 미국테크100데일리고정커버드콜,10975,2,15,0.14,10949.0,4.4169,374868,4114,5422,2026-08-07 06:19:23
463250,2,TIGER K방산&우주,36105,2,955,2.72,36175.0,-32.3779,447882,15945,5398,2026-08-07 06:19:23
438330,6,TIGER 우량회사채액티브,115585,5,-10,-0.01,115651.0,0.6223,3637,420,5375,2026-08-07 06:19:23
114260,6,KODEX 국고채3년,61905,2,30,0.05,61872.0,0.6752,34702,2147,5365,2026-08-07 06:19:23
365780,6,ACE 국고채10년,83070,5,-45,-0.05,82974.0,-0.782,6281,521,5339,2026-08-07 06:19:23
0091P0,2,TIGER 코리아원자력,15660,5,-215,-1.35,15676.0,-39.3158,1620794,25157,5285,2026-08-07 06:19:23
251350,4,KODEX MSCI선진국,40375,5,-100,-0.25,40276.0,4.522,45072,1816,5168,2026-08-07 06:19:23
0190C0,2,RISE 현대차고정피지컬AI,8400,5,-130,-1.52,8408.0,,719938,6038,5032,2026-08-07 06:19:23
462010,2,TIGER 2차전지소재Fn,4635,2,195,4.39,4638.0,-48.0702,4808554,22110,5006,2026-08-07 06:19:23
473290,6,KODEX 26-12 회사채(AA-이상)액티브,10865,2,5,0.05,10861.0,0.7421,49861,541,4954,2026-08-07 06:19:23
444200,2,SOL 코리아메가테크액티브,42885,2,95,0.22,42897.0,-23.1502,189557,8120,4910,2026-08-07 06:19:23
496080,1,TIGER 코리아밸류업,30150,5,-330,-1.08,30191.0,-8.622,168829,5098,4884,2026-08-07 06:19:23
483280,4,KODEX 미국AI테크TOP10타겟커버드콜,12320,5,-10,-0.08,12317.0,-0.0114,90349,1114,4854,2026-08-07 06:19:23
476800,7,KODEX 한국부동산리츠인프라,4255,2,20,0.47,4268.0,-7.7547,253114,1075,4853,2026-08-07 06:19:23
435420,7,TIGER 미국나스닥100채권혼합50,14255,5,-65,-0.45,14219.0,1.7805,194878,2781,4840,2026-08-07 06:19:23
499660,7,TIGER CD금리플러스액티브(합성),1000950,2,95,0.01,1000934.0,0.7755,10398,10407,4791,2026-08-07 06:19:23
315960,2,RISE 대형고배당10TR,71735,5,-715,-0.99,71841.0,-8.1167,84401,6055,4735,2026-08-07 06:19:23
490490,7,SOL 미국배당미국채혼합50,11330,5,-45,-0.4,11287.0,1.0833,167155,1896,4725,2026-08-07 06:19:23
471230,6,KODEX 국고채10년액티브,104585,5,-185,-0.18,104634.0,-0.8189,3290,344,4686,2026-08-07 06:19:23
0162M0,6,KODEX 금융채1~2년(AA-이상)PLUS액티브,10065,2,5,0.05,10061.0,0.7007,7,0,4611,2026-08-07 06:19:23
448290,4,TIGER 미국S&P500(H),17860,5,-45,-0.25,17854.0,5.8797,140840,2517,4554,2026-08-07 06:19:23
361580,1,RISE 200TR,55730,5,-535,-0.95,55731.0,-12.6253,89512,5003,4458,2026-08-07 06:19:23
480260,6,TIGER 27-04회사채(A+이상)액티브,53720,2,5,0.01,53715.0,0.571,21276,1142,4400,2026-08-07 06:19:23
0219E0,2,KODEX 200커버드콜액티브,7690,5,-55,-0.71,7695.0,,3102326,23940,4399,2026-08-07 06:19:23
474220,4,TIGER 미국테크TOP10타겟커버드콜,15570,2,10,0.06,15559.0,0.1976,53833,838,4360,2026-08-07 06:19:23
447770,7,TIGER 테슬라채권혼합Fn,13490,5,-10,-0.07,13481.0,-4.7997,71311,961,4324,2026-08-07 06:19:23
0016X0,6,SOL 중단기회사채(A-이상)액티브,51395,5,-10,-0.02,51405.0,0.9029,8410,432,4313,2026-08-07 06:19:23
0163Y0,1,KoAct 코스닥액티브,8370,5,-130,-1.53,8372.0,-34.6154,843215,7046,4311,2026-08-07 06:19:23
277630,1,TIGER 코스피,65135,5,-215,-0.33,65284.0,-14.9669,25813,1683,4266,2026-08-07 06:19:23
0023A0,4,SOL 미국양자컴퓨팅TOP10,25895,5,-425,-1.61,25811.0,-12.2521,117884,3041,4260,2026-08-07 06:19:23
477050,6,PLUS 머니마켓액티브,53400,2,15,0.03,53406.0,0.812,3263,174,4245,2026-08-07 06:19:23
293180,1,HANARO 200,98175,5,-1010,-1.02,98289.0,-12.4798,431521,42541,4222,2026-08-07 06:19:23
0173Y0,4,KODEX 미국AI광통신네트워크,12070,2,480,4.14,11772.0,-16.2132,1068742,12819,4158,2026-08-07 06:19:23
091180,2,KODEX 자동차,29090,5,-135,-0.46,29103.0,-10.4222,171190,4967,4145,2026-08-07 06:19:23
439870,6,KODEX 국고채30년액티브,88055,5,-80,-0.09,88169.0,-10.6816,2867,252,4140,2026-08-07 06:19:23
148070,6,KIWOOM 국고채10년,105300,5,-110,-0.1,105192.0,-0.7673,3878,408,4104,2026-08-07 06:19:23
451000,6,PLUS 종합채권(AA-이상)액티브,107545,5,-105,-0.1,107535.0,-1.4601,18,1,4023,2026-08-07 06:19:23
241180,4,TIGER 일본니케이225,35435,5,-240,-0.67,35461.0,4.191,26177,912,4011,2026-08-07 06:19:23
426020,4,TIME 미국S&P500액티브,32920,5,-40,-0.12,32782.0,-0.1213,43563,1433,3977,2026-08-07 06:19:23
458250,6,TIGER 미국30년국채스트립액티브(합성 H),34430,5,-460,-1.32,34634.0,-5.1129,50172,1728,3927,2026-08-07 06:19:23
451060,1,1Q 200액티브,31320,5,-390,-1.23,31341.0,-13.0322,48867,1535,3899,2026-08-07 06:19:23
0060H0,1,TIGER 토탈월드스탁액티브,13040,5,-130,-0.99,13010.0,3.1741,68447,893,3899,2026-08-07 06:19:23
462900,2,KoAct 바이오헬스케어액티브,14730,2,40,0.27,14741.0,-27.2413,911218,13253,3889,2026-08-07 06:19:23
0131V0,4,1Q 미국우주항공테크,11625,2,115,1.0,11603.0,-3.2774,90289,1051,3819,2026-08-07 06:19:23
484880,2,SOL 금융지주플러스고배당,23010,2,410,1.81,23013.0,1.2565,326110,7419,3808,2026-08-07 06:19:23
469070,2,RISE AI&로봇,11415,5,-225,-1.93,11408.0,-26.0483,590621,6747,3795,2026-08-07 06:19:23
0080G0,2,KODEX 방산TOP10,10995,2,265,2.47,11016.0,-30.284,3090551,33534,3738,2026-08-07 06:19:23
243880,2,TIGER 200IT레버리지,259600,5,-3155,-1.2,260761.0,-40.6204,199651,52691,3699,2026-08-07 06:19:23
0043Y0,4,TIME 차이나AI테크액티브,20880,2,130,0.63,20895.0,2.0157,112954,2371,3696,2026-08-07 06:19:23
0167Z0,4,KODEX 미국우주항공,8090,2,220,2.8,8058.0,-20.2476,477323,3864,3681,2026-08-07 06:19:23
453810,4,KODEX 인도Nifty50,12315,5,-40,-0.32,12350.0,-0.1952,121264,1491,3664,2026-08-07 06:19:23
0040Y0,7,SOL 팔란티어커버드콜OTM채권혼합,8105,2,5,0.06,8125.0,1.2873,205700,1668,3631,2026-08-07 06:19:23
385720,1,TIME 코스피액티브,23305,5,-235,-1.0,23365.0,-17.793,71265,1662,3612,2026-08-07 06:19:23
0144L0,4,KODEX 미국성장커버드콜액티브,9925,5,-10,-0.1,9931.0,1.6356,193462,1921,3563,2026-08-07 06:19:23
476760,6,ACE 미국30년국채액티브,9180,5,-85,-0.92,9173.0,-4.6075,433778,3981,3534,2026-08-07 06:19:23
0052D0,2,TIGER 코리아배당다우존스,15895,2,90,0.57,15942.0,-4.3741,113451,1796,3529,2026-08-07 06:19:23
439860,6,KODEX ESG종합채권(A-이상)액티브,113635,5,-55,-0.05,113692.0,0.3752,167,18,3528,2026-08-07 06:19:23
496020,6,WON 전단채플러스액티브,52335,2,5,0.01,52344.0,0.8868,576,30,3511,2026-08-07 06:19:23
448300,4,TIGER 미국나스닥100(H),22890,2,20,0.09,22846.0,3.9106,59811,1367,3502,2026-08-07 06:19:23
488080,3,TIGER 반도체TOP10레버리지,24995,5,-1185,-4.53,25157.0,-65.7689,3374697,86632,3487,2026-08-07 06:19:23
456880,7,ACE 미국달러SOFR금리(합성),12435,5,-35,-0.28,12442.0,-1.345,27111,337,3430,2026-08-07 06:19:23
132030,5,KODEX 골드선물(H),24110,2,155,0.65,24119.0,-9.3816,34901,835,3424,2026-08-07 06:19:23
472170,7,TIGER 미국테크TOP10채권혼합,14195,5,-20,-0.14,14185.0,0.1761,62592,889,3400,2026-08-07 06:19:23
385550,6,RISE 단기채권알파액티브,113905,2,10,0.01,113903.0,0.6628,1023,116,3396,2026-08-07 06:19:23
279530,2,KODEX 고배당주,17515,2,95,0.55,17510.0,-5.4141,176461,3077,3380,2026-08-07 06:19:23
0046A0,6,TIGER 미국초단기(3개월이하)국채,9810,5,-20,-0.2,9809.0,-1.6724,361006,3543,3378,2026-08-07 06:19:23
0026S0,4,1Q 미국S&P500,13260,5,-80,-0.6,13262.0,4.0009,274032,3639,3315,2026-08-07 06:19:23
0052S0,7,1Q 미국S&P500미국채혼합50액티브,11895,5,-50,-0.42,11891.0,1.3961,166953,1988,3235,2026-08-07 06:19:23
471990,2,KODEX AI반도체핵심장비,19875,5,-385,-1.9,19920.0,-39.6119,730869,14549,3210,2026-08-07 06:19:23
310960,1,TIGER 200TR,57170,5,-800,-1.38,57284.0,-12.4056,37982,2186,3202,2026-08-07 06:19:23
442570,7,RISE TDF2050액티브 적격,17665,5,-170,-0.95,17543.0,1.6037,114874,2033,3189,2026-08-07 06:19:23
448630,7,RISE 삼성그룹Top3채권혼합,14770,2,80,0.54,14815.0,-3.5773,164187,2424,3146,2026-08-07 06:19:23
485540,4,KODEX 미국AI테크TOP10,15700,2,10,0.06,15687.0,-0.7182,144289,2267,3109,2026-08-07 06:19:23
270810,1,RISE 코스닥150,13530,2,20,0.15,13510.0,-32.8028,270924,3583,3085,2026-08-07 06:19:23
474590,2,WON 반도체밸류체인액티브,38535,5,-415,-1.07,38611.0,-8.3422,80121,3108,3083,2026-08-07 06:19:23
385510,2,KODEX 신재생에너지액티브,36500,2,660,1.84,36516.0,-41.6904,240997,8795,3048,2026-08-07 06:19:23
0111P0,7,1Q 미국나스닥100미국채혼합50액티브,11070,5,-20,-0.18,11052.0,0.3646,96222,1065,3044,2026-08-07 06:19:23
364970,2,TIGER 바이오TOP10,7700,2,235,3.15,7707.0,-5.2665,1812817,13738,3038,2026-08-07 06:19:23
453870,4,TIGER 인도니프티50,12060,5,-105,-0.86,12146.0,-0.4056,90085,1087,3021,2026-08-07 06:19:23
0038A0,4,KODEX 미국휴머노이드로봇,15710,5,-45,-0.29,15674.0,-7.4783,29637,465,3001,2026-08-07 06:19:23
489030,2,PLUS 고배당주위클리커버드콜,6705,2,115,1.75,6713.0,-13.9134,460228,3061,2974,2026-08-07 06:19:23
441680,7,TIGER 미국나스닥100커버드콜(합성),10925,3,0,0.0,10975.0,-0.1771,50247,550,2972,2026-08-07 06:19:23
433330,4,SOL 미국S&P500,22660,5,-125,-0.55,22651.0,4.1253,46643,1058,2968,2026-08-07 06:19:23
481190,4,SOL 미국테크TOP10,17370,5,-15,-0.09,17351.0,-0.4296,142211,2472,2944,2026-08-07 06:19:23
454780,6,KIWOOM 종합채권(AA-이상)액티브,99735,5,-180,-0.18,99770.0,-1.6004,20230,2017,2928,2026-08-07 06:19:23
091170,2,KODEX 은행,16570,2,400,2.47,16572.0,4.462,951175,15579,2900,2026-08-07 06:19:23
0182R0,2,1Q K반도체TOP2+,9085,5,-65,-0.71,9086.0,-30.9695,2028826,18604,2898,2026-08-07 06:19:23
461490,7,RISE 글로벌자산배분액티브,14830,5,-20,-0.13,14827.0,-0.8017,39194,580,2884,2026-08-07 06:19:23
190620,6,ACE 단기통안채,101835,2,10,0.01,101832.0,0.6424,41325,4208,2883,2026-08-07 06:19:23
473330,6,SOL 미국30년국채커버드콜(합성),8240,5,-75,-0.9,8277.0,-4.2857,167986,1385,2876,2026-08-07 06:19:23
483320,4,ACE 엔비디아밸류체인액티브,24435,5,-55,-0.22,24286.0,0.8856,535978,13137,2859,2026-08-07 06:19:23
475080,7,KODEX 테슬라커버드콜채권혼합액티브,7807,2,7,0.09,7787.0,-3.4986,52539,409,2850,2026-08-07 06:19:23
0210A0,2,ACE K반도체TOP2+,6300,5,-60,-0.94,6299.0,,4112107,25990,2813,2026-08-07 06:19:23
245710,4,ACE 베트남VN30(합성),28690,5,-190,-0.66,29094.0,-7.9669,20258,582,2812,2026-08-07 06:19:23
0008S0,4,TIGER 미국배당다우존스타겟데일리커버드콜,10185,5,-50,-0.49,10140.0,4.2449,323079,3290,2791,2026-08-07 06:19:23
273140,6,KODEX 단기변동금리부채권액티브,114745,2,5,0.0,114747.0,0.5683,2029,232,2785,2026-08-07 06:19:23
0053L0,4,TIGER 차이나휴머노이드로봇,10550,2,130,1.25,10551.0,-15.9849,160954,1691,2775,2026-08-07 06:19:23
136340,6,RISE 중기우량회사채,104350,5,-35,-0.03,104339.0,0.6401,409,42,2763,2026-08-07 06:19:23
0094K0,6,TIGER 28-04 회사채(A+이상)액티브,99560,3,0,0.0,99567.0,0.7794,34330,3416,2751,2026-08-07 06:19:23
307520,2,TIGER 지주회사,21225,2,180,0.86,21215.0,-19.4093,415562,8717,2706,2026-08-07 06:19:23
283580,4,KODEX 차이나CSI300,15880,2,110,0.7,15898.0,-4.9651,99896,1587,2644,2026-08-07 06:19:23
483340,4,ACE 구글밸류체인액티브,23115,2,40,0.17,22956.0,-2.8217,66211,1531,2624,2026-08-07 06:19:23
139230,2,TIGER 200 중공업,13295,2,85,0.64,13305.0,-34.9774,135892,1793,2619,2026-08-07 06:19:23
421320,2,PLUS 우주항공,28310,2,770,2.8,28401.0,-42.7622,165753,4665,2619,2026-08-07 06:19:23
0098F0,2,KODEX 원자력SMR,14860,5,-205,-1.36,14877.0,-36.1247,555436,8167,2601,2026-08-07 06:19:23
497880,6,SOL CD금리&머니마켓액티브,50072,2,2,0.0,50073.0,0.8424,78356,3923,2592,2026-08-07 06:19:23
471040,4,KoAct 글로벌AI&로봇액티브,28415,5,-220,-0.77,28232.0,-13.9445,45046,1279,2572,2026-08-07 06:19:23
228790,2,TIGER 화장품,4160,2,20,0.48,4165.0,5.4777,8158636,33816,2566,2026-08-07 06:19:23
409820,4,KODEX 미국나스닥100레버리지(합성 H),19990,2,10,0.05,19896.0,5.8543,124022,2475,2559,2026-08-07 06:19:23
478150,4,TIME 글로벌우주테크&방산액티브,21380,5,-335,-1.54,21378.0,2.5743,27830,594,2544,2026-08-07 06:19:23
472920,6,HK 종합채권(AA-이상)액티브,98365,5,-65,-0.07,98345.0,-1.4814,5,0,2537,2026-08-07 06:19:23
213610,2,KODEX 삼성그룹밸류,21210,5,-35,-0.16,21280.0,-4.2803,14114,299,2524,2026-08-07 06:19:23
493810,4,TIGER 미국AI빅테크10타겟데일리커버드콜,12010,5,-5,-0.04,11996.0,1.7101,91723,1102,2504,2026-08-07 06:19:23
196230,6,RISE 단기통안채,116720,5,-30,-0.03,116765.0,0.6075,892,104,2495,2026-08-07 06:19:23
472160,4,TIGER 미국테크TOP10 INDXX(H),18975,2,35,0.18,18971.0,0.8251,108849,2066,2467,2026-08-07 06:19:23
423170,4,SOL 글로벌AI반도체탑픽액티브,54635,5,-85,-0.16,54525.0,-2.111,22990,1265,2448,2026-08-07 06:19:23
0162Y0,1,TIME 코스닥액티브,6990,5,-85,-1.2,6999.0,-36.4902,442691,3095,2433,2026-08-07 06:19:23
486450,4,SOL 미국AI전력인프라,20685,5,-65,-0.31,20552.0,-17.2153,158722,3279,2430,2026-08-07 06:19:23
261260,7,KODEX 미국달러선물인버스2X,5065,2,45,0.9,5066.0,3.5051,359420,1815,2384,2026-08-07 06:19:23
363570,6,KODEX 장기종합채권(AA-이상)액티브,86900,5,-160,-0.18,87016.0,-4.2561,17,1,2372,2026-08-07 06:19:23
475300,2,SOL 반도체전공정,17565,5,-715,-3.91,17592.0,-17.3412,1396763,24850,2362,2026-08-07 06:19:23
329650,7,KODEX TRF3070,14245,5,-70,-0.49,14293.0,0.0667,27462,392,2350,2026-08-07 06:19:23
458260,6,TIGER 미국투자등급회사채액티브(H),46480,5,-230,-0.49,46499.0,-1.1084,6619,307,2337,2026-08-07 06:19:23
495230,1,KoAct 코리아밸류업액티브,28440,5,-410,-1.42,28493.0,-14.9538,69212,1967,2332,2026-08-07 06:19:23
448540,7,ACE 엔비디아채권혼합,26640,5,-45,-0.17,26623.0,3.8731,12260,327,2318,2026-08-07 06:19:23
437080,6,KODEX 미국종합채권ESG액티브(H),97085,5,-435,-0.45,97118.0,-0.6259,4951,480,2315,2026-08-07 06:19:23
414780,4,TIGER 차이나과창판STAR50(합성),14795,2,230,1.58,14973.0,-0.2056,122230,1802,2315,2026-08-07 06:19:23
488980,6,SOL 26-12 회사채(AA-이상)액티브,52020,3,0,0.0,52023.0,0.6968,1173,61,2301,2026-08-07 06:19:23
498270,4,KIWOOM 미국양자컴퓨팅,15390,3,0,0.0,15043.0,2.6064,46666,717,2301,2026-08-07 06:19:23
471780,2,TIGER 코리아테크액티브,30700,5,-305,-0.98,30768.0,-16.9769,81083,2508,2299,2026-08-07 06:19:23
0119H0,6,KODEX 28-12 회사채(AA-이상)액티브,9930,5,-5,-0.05,9924.0,0.8629,4311,42,2293,2026-08-07 06:19:23
244580,2,KODEX 바이오,8715,2,5,0.06,8713.0,-26.9602,711195,6104,2287,2026-08-07 06:19:23
157500,2,TIGER 증권,12445,5,-535,-4.12,12444.0,-42.0254,577732,7267,2265,2026-08-07 06:19:23
305080,6,TIGER 미국채10년선물,12635,5,-80,-0.63,12640.0,-3.05,63904,808,2262,2026-08-07 06:19:23
463050,2,TIME K바이오액티브,13445,2,220,1.66,13499.0,-23.863,703239,9326,2259,2026-08-07 06:19:23
0092C0,6,SOL 27-12 회사채(AA-이상)액티브,50190,3,0,0.0,50188.0,0.7224,191,9,2256,2026-08-07 06:19:23
442320,4,RISE 글로벌원자력,35715,5,-630,-1.73,35702.0,-27.7718,5782,206,2246,2026-08-07 06:19:23
0183V0,7,KIWOOM 삼성전자&SK하이닉스채권혼합50,10975,5,-90,-0.81,10985.0,-1.3363,714260,7907,2206,2026-08-07 06:19:23
123320,3,TIGER 레버리지,91255,5,-1815,-1.95,91240.0,-36.7022,357646,32825,2190,2026-08-07 06:19:23
490090,4,TIGER 미국AI빅테크10,16495,5,-25,-0.15,16486.0,2.4813,100556,1660,2186,2026-08-07 06:19:23
363580,2,KODEX 200IT TR,48440,5,-345,-0.71,48530.0,-8.4881,165176,8036,2180,2026-08-07 06:19:23
0089D0,2,KODEX 금융고배당TOP10,13535,2,170,1.27,13551.0,-1.4364,96372,1295,2179,2026-08-07 06:19:23
466930,2,SOL 자동차TOP3플러스,25900,2,100,0.39,25897.0,0.6632,251735,6484,2163,2026-08-07 06:19:23
0182S0,7,1Q K반도체TOP2채권혼합50,11485,5,-115,-0.99,11449.0,-2.6029,212501,2445,2153,2026-08-07 06:19:23
452360,4,SOL 미국배당다우존스(H),13210,5,-60,-0.45,13203.0,6.8157,73690,976,2153,2026-08-07 06:19:23
0151S0,4,KODEX 미국AI반도체TOP3플러스,15760,2,80,0.51,15716.0,2.5222,393707,6210,2151,2026-08-07 06:19:23
388420,2,RISE 비메모리반도체액티브,23850,5,-190,-0.79,23894.0,-24.3479,153827,3673,2142,2026-08-07 06:19:23
433500,2,ACE 원자력TOP10,51865,5,-565,-1.08,52004.0,-42.1941,73841,3807,2126,2026-08-07 06:19:23
0047A0,4,TIGER 차이나테크TOP10,13380,2,95,0.72,13385.0,-4.8353,35031,469,2121,2026-08-07 06:19:23
0115D0,2,KODEX 조선TOP10,8190,5,-45,-0.55,8182.0,-27.0594,1497320,12124,2076,2026-08-07 06:19:23
0204D0,2,KODEX 현대차로보틱스밸류체인TOP3플러스,6565,5,-25,-0.38,6559.0,,718441,4688,2061,2026-08-07 06:19:23
394670,4,TIGER 글로벌리튬&2차전지SOLACTIVE(합성),11417,2,77,0.68,11496.0,-20.4769,20487,232,2023,2026-08-07 06:19:23
422420,2,RISE 2차전지액티브,6240,2,240,4.0,6237.0,-47.9639,256619,1587,1994,2026-08-07 06:19:23
495060,1,TIME 코리아밸류업액티브,26875,5,-90,-0.33,26893.0,-15.6817,114244,3068,1989,2026-08-07 06:19:23
0104N0,2,TIGER 200타겟위클리커버드콜,19020,5,-265,-1.37,19036.0,-12.5085,52415,1002,1978,2026-08-07 06:19:23
302450,1,RISE 코스피,64700,5,-370,-0.57,64829.0,-15.0007,5499,356,1973,2026-08-07 06:19:23
266160,2,RISE 고배당,30640,5,-270,-0.87,30668.0,-9.3261,11689,359,1961,2026-08-07 06:19:23
302190,6,TIGER 중장기국채,50260,5,-80,-0.16,50254.0,-0.0398,1362,68,1940,2026-08-07 06:19:23
0005A0,4,KODEX 미국S&P500데일리커버드콜OTM,9780,5,-50,-0.51,9779.0,3.3606,172379,1687,1927,2026-08-07 06:19:23
0069M0,4,1Q 미국나스닥100,13825,5,-40,-0.29,13794.0,2.051,54350,751,1922,2026-08-07 06:19:23
463290,6,1Q 단기금융채액티브,109050,2,20,0.02,109050.0,0.7345,1335,145,1921,2026-08-07 06:19:23
491610,6,1Q CD금리액티브(합성),104660,2,10,0.01,104638.0,0.7218,4512,472,1918,2026-08-07 06:19:23
0091C0,6,KODEX 미국10년국채액티브(H),9615,5,-35,-0.36,9619.0,-0.9184,222969,2144,1914,2026-08-07 06:19:23
429000,4,TIGER 미국S&P500배당귀족,13960,5,-110,-0.78,13941.0,7.1207,63306,885,1906,2026-08-07 06:19:23
480040,4,ACE 미국반도체데일리타겟커버드콜(합성),15745,2,150,0.96,15646.0,-6.794,121936,1926,1889,2026-08-07 06:19:23
332930,1,HANARO 200TR,128630,5,-1395,-1.07,128680.0,-12.3792,3904,511,1865,2026-08-07 06:19:23
433980,7,KODEX TDF2040액티브 적격,16125,5,-30,-0.19,16067.0,1.3211,31278,504,1862,2026-08-07 06:19:23
0082V0,7,KODEX TDF2060액티브 적격,11455,5,-75,-0.65,11425.0,-3.3888,57785,662,1833,2026-08-07 06:19:23
495550,1,SOL 코리아밸류업TR,30695,5,-360,-1.16,30782.0,-9.2225,6520,201,1796,2026-08-07 06:19:23
117700,2,KODEX 건설,6485,5,-120,-1.82,6488.0,-27.6052,1717111,11094,1790,2026-08-07 06:19:23
200250,4,KIWOOM 인도Nifty50(합성),22550,5,-105,-0.46,22651.0,-0.4614,3890,87,1781,2026-08-07 06:19:23
458210,7,KIWOOM CD금리액티브(합성),110400,2,15,0.01,110358.0,0.7392,8,0,1781,2026-08-07 06:19:23
473460,4,KODEX 미국서학개미,23205,5,-5,-0.02,23130.0,-6.0804,15832,367,1775,2026-08-07 06:19:23
0040X0,7,SOL 팔란티어미국채커버드콜혼합,9460,5,-55,-0.58,9464.0,3.5511,108486,1027,1774,2026-08-07 06:19:23
160580,5,TIGER 구리실물,16825,2,110,0.66,16981.0,6.026,100221,1683,1733,2026-08-07 06:19:23
472870,6,RISE 미국30년국채엔화노출(합성 H),7140,5,-100,-1.38,7161.0,-6.2135,201076,1435,1731,2026-08-07 06:19:23
483290,4,KODEX 미국배당다우존스타겟커버드콜,10430,5,-65,-0.62,10413.0,4.0387,149233,1557,1721,2026-08-07 06:19:23
0094M0,2,RISE 코리아밸류업위클리고정커버드콜,17430,5,-105,-0.6,17423.0,-6.2454,402547,7015,1717,2026-08-07 06:19:23
122090,1,PLUS 코스피50,73110,5,-1090,-1.47,73160.0,-10.8429,32392,2388,1689,2026-08-07 06:19:23
233160,3,TIGER 코스닥150 레버리지,7330,2,20,0.27,7321.0,-61.6676,2270666,16242,1675,2026-08-07 06:19:23
0051G0,4,SOL 미국원자력SMR,13640,2,10,0.07,13580.0,-18.3344,7569,103,1671,2026-08-07 06:19:23
267770,3,TIGER 200선물레버리지,69390,5,-1230,-1.74,69389.0,-37.249,175709,12154,1665,2026-08-07 06:19:23
0099L0,6,ACE 우량회사채(AA-이상)액티브,99590,5,-65,-0.07,99607.0,0.942,17154,1708,1662,2026-08-07 06:19:23
237370,7,KODEX 코리아배당성장채권혼합,15810,2,60,0.38,15816.0,-3.2709,46182,728,1644,2026-08-07 06:19:23
0192Z0,6,TIGER 중기종합채권(A-이상)액티브,100915,5,-50,-0.05,100910.0,,5,0,1630,2026-08-07 06:19:23
480020,4,ACE 미국빅테크7+데일리타겟커버드콜(합성),11200,2,60,0.54,11119.0,-7.9837,384015,4277,1624,2026-08-07 06:19:23
490600,4,RISE 미국배당100데일리고정커버드콜,9335,5,-5,-0.05,9303.0,4.7183,200147,1866,1606,2026-08-07 06:19:23
412570,2,TIGER 2차전지TOP10레버리지,1138,2,119,11.68,1133.0,-67.392,8839372,9743,1594,2026-08-07 06:19:23
480030,4,ACE 미국500데일리타겟커버드콜(합성),10485,3,0,0.0,10410.0,1.146,123929,1294,1594,2026-08-07 06:19:23
476450,6,KIWOOM 머니마켓액티브,52665,2,15,0.03,52665.0,0.7269,587,30,1593,2026-08-07 06:19:23
494330,2,ACE 라이프자산주주가치액티브,31135,2,35,0.11,31129.0,5.01,51622,1604,1588,2026-08-07 06:19:23
0048K0,4,KODEX 차이나휴머노이드로봇,9290,5,-5,-0.05,9339.0,-10.3741,562468,5217,1579,2026-08-07 06:19:23
143860,2,TIGER 헬스케어,39420,2,545,1.4,39505.0,-15.4064,34921,1358,1577,2026-08-07 06:19:23
461950,2,KODEX 2차전지핵심소재10,4670,2,245,5.54,4664.0,-48.4488,1736883,8050,1571,2026-08-07 06:19:23
272560,6,RISE 단기국공채액티브,114720,2,5,0.0,114722.0,0.6448,1782,204,1568,2026-08-07 06:19:23
0180V0,4,ACE 미국우주테크액티브,8275,2,250,3.12,8228.0,-19.2656,195912,1616,1556,2026-08-07 06:19:23
219480,4,KODEX 미국S&P500선물(H),33275,5,-105,-0.31,33272.0,5.683,9782,325,1547,2026-08-07 06:19:23
464240,6,KIWOOM 26-09회사채(AA-이상)액티브,52325,2,10,0.02,52325.0,0.6812,119,6,1544,2026-08-07 06:19:23
403790,1,MIDAS 코스피액티브,52765,5,-335,-0.63,52798.0,-12.7076,668,35,1543,2026-08-07 06:19:23
0127M0,4,ACE 미국대형가치주액티브,12545,5,-65,-0.52,12494.0,8.5801,90367,1132,1543,2026-08-07 06:19:23
0153K0,2,KODEX 주주환원고배당주,12500,2,200,1.63,12509.0,0.1887,200198,2480,1538,2026-08-07 06:19:23
0064K0,5,KODEX 금액티브,12745,2,35,0.28,12743.0,-10.6503,106531,1349,1523,2026-08-07 06:19:23
332500,1,ACE 200TR,65895,5,-685,-1.03,65919.0,-12.6706,66524,4424,1516,2026-08-07 06:19:23
337160,2,KODEX 200ESG,43300,5,-155,-0.36,43346.0,-8.0308,25141,1089,1516,2026-08-07 06:19:23
0005G0,2,IBK K-AI반도체코어테크,43795,5,-355,-0.8,43831.0,-6.8515,29971,1315,1511,2026-08-07 06:19:23
494220,2,UNICORN SK하이닉스밸류체인액티브,40600,5,-950,-2.29,40681.0,-17.1569,156032,6392,1502,2026-08-07 06:19:23
0104H0,7,KoAct 미국나스닥채권혼합50액티브,11990,2,15,0.13,11960.0,-5.6344,88856,1065,1499,2026-08-07 06:19:23
0093A0,2,RISE AI반도체TOP10,26980,5,-775,-2.79,26985.0,-30.141,142271,3898,1497,2026-08-07 06:19:23
491820,2,HANARO 전력설비투자,41575,2,90,0.22,41542.0,-44.3566,186686,7746,1497,2026-08-07 06:19:23
0190G0,2,KODEX 반도체타겟위클리커버드콜,7530,5,-165,-2.14,7534.0,,312453,2391,1491,2026-08-07 06:19:23
245340,4,TIGER 미국다우존스30,37215,5,-570,-1.51,37181.0,8.705,21146,787,1474,2026-08-07 06:19:23
451530,6,TIGER 국고채30년스트립액티브,35630,5,-80,-0.22,35622.0,-18.8686,3522,125,1473,2026-08-07 06:19:23
486830,6,HANARO 머니마켓액티브,53170,2,5,0.01,53176.0,0.7867,1787,95,1467,2026-08-07 06:19:23
354500,1,ACE 코스닥150,13720,3,0,0.0,13717.0,-32.6461,173620,2359,1454,2026-08-07 06:19:23
271050,5,KODEX WTI원유선물인버스(H),2190,5,-80,-3.52,2198.0,16.2314,915770,2004,1422,2026-08-07 06:19:23
0041E0,4,KODEX 미국S&P500액티브,16680,5,-110,-0.66,16601.0,1.0876,59693,997,1401,2026-08-07 06:19:23
192090,4,TIGER 차이나CSI300,13010,2,130,1.01,13023.0,-5.9168,16938,219,1392,2026-08-07 06:19:23
152870,1,파워 200,98735,5,-1240,-1.24,98941.0,-12.5185,3220,318,1382,2026-08-07 06:19:23
481180,4,SOL 미국AI소프트웨어,16035,2,75,0.47,15770.0,29.1784,72118,1155,1371,2026-08-07 06:19:23
0168K0,2,TIGER 기술이전바이오액티브,6600,5,-15,-0.23,6595.0,-26.8657,1105595,7186,1370,2026-08-07 06:19:23
138520,2,TIGER 삼성그룹,33945,2,355,1.06,33937.0,-5.046,148056,5012,1365,2026-08-07 06:19:23
304660,6,KODEX 미국30년국채울트라선물(H),7255,5,-70,-0.96,7272.0,-2.2682,11526,83,1349,2026-08-07 06:19:23
0197X0,2,SOL SK하이닉스선물단일종목인버스2X,11025,2,1020,10.19,11058.0,,18704320,198766,1337,2026-08-07 06:19:23
0151P0,2,RISE 코리아전략산업액티브,13170,5,-190,-1.42,13230.0,-25.3189,252420,3336,1337,2026-08-07 06:19:23
476030,4,SOL 미국나스닥100,17515,5,-50,-0.28,17481.0,2.2728,40463,709,1322,2026-08-07 06:19:23
182480,7,TIGER 미국MSCI리츠(합성 H),14040,5,-25,-0.18,14042.0,4.7268,10358,144,1320,2026-08-07 06:19:23
457990,2,PLUS 태양광&ESS,37100,2,1565,4.4,36898.0,-32.9655,1178063,43813,1317,2026-08-07 06:19:23
0005D0,2,SOL 전고체배터리&실리콘음극재,13550,2,330,2.5,13573.0,-48.8093,928350,12604,1308,2026-08-07 06:19:23
0123G0,4,TIGER 미국AI전력SMR,6785,2,45,0.67,6715.0,-20.6125,29561,200,1306,2026-08-07 06:19:23
488720,7,WON 종합채권(AA-이상)액티브,48735,5,-30,-0.06,48740.0,-1.4351,2,0,1306,2026-08-07 06:19:23
0131W0,6,1Q 단기특수은행채액티브,101935,2,10,0.01,101939.0,0.6815,8,0,1303,2026-08-07 06:19:23
411420,4,KODEX 미국나스닥AI테크액티브,27375,2,120,0.44,27275.0,-3.9845,21813,598,1300,2026-08-07 06:19:23
0176E0,4,RISE 미국AI전력인프라액티브,10520,2,35,0.33,10440.0,-17.9899,13821,145,1299,2026-08-07 06:19:23
251340,3,KODEX 코스닥150선물인버스,2525,3,0,0.0,2546.0,28.7608,63370441,161681,1285,2026-08-07 06:19:23
495330,1,1Q 코리아밸류업,29870,5,-370,-1.22,29987.0,-8.6791,6753,201,1284,2026-08-07 06:19:23
463680,4,KODEX 미국S&P500테크놀로지,22930,2,195,0.86,22711.0,6.3873,36155,829,1273,2026-08-07 06:19:23
0199C0,2,ACE 고배당주Plus커버드콜액티브,9220,5,-15,-0.16,9227.0,,522305,4804,1259,2026-08-07 06:19:23
448100,1,WON 200,100625,5,-1315,-1.29,100821.0,-12.5616,13337,1363,1258,2026-08-07 06:19:23
0080Y0,2,SOL 조선TOP3플러스레버리지,9840,5,-110,-1.11,9850.0,-54.2529,293067,2839,1250,2026-08-07 06:19:23
139220,2,TIGER 200 건설,7275,5,-130,-1.76,7296.0,-26.5377,457086,3304,1234,2026-08-07 06:19:23
114820,6,TIGER 국채3년,105205,2,5,0.0,105240.0,0.6024,1581,166,1231,2026-08-07 06:19:23
0000Y0,6,HK 26-12 회사채(AA-이상)액티브,101655,5,-10,-0.01,101674.0,0.6384,507,51,1230,2026-08-07 06:19:23
464930,4,TIGER 글로벌혁신블루칩TOP10,21945,2,135,0.62,21915.0,2.7561,15891,348,1229,2026-08-07 06:19:23
372330,4,KODEX 차이나항셍테크,7485,3,0,0.0,7484.0,-4.8131,83378,622,1228,2026-08-07 06:19:23
0074K0,2,KoAct K수출핵심기업TOP30액티브,16000,2,200,1.27,16040.0,-22.3206,43667,695,1224,2026-08-07 06:19:23
464310,4,TIGER 글로벌AI&로보틱스 INDXX,14665,5,-135,-0.91,14651.0,-6.8597,23173,339,1217,2026-08-07 06:19:23
399110,4,SOL 미국S&P500ESG,21685,5,-135,-0.62,21573.0,6.3836,15468,335,1214,2026-08-07 06:19:23
0181B0,4,HANARO 미국AI메모리반도체TOP4+,9680,2,265,2.81,9589.0,,623305,6020,1205,2026-08-07 06:19:23
447620,7,SOL 미국TOP5채권혼합50,16155,2,30,0.19,16151.0,2.4134,107328,1740,1195,2026-08-07 06:19:23
367770,2,RISE 수소경제테마,22585,2,350,1.57,22606.0,-28.6769,64548,1443,1174,2026-08-07 06:19:23
309230,4,ACE 미국WideMoat동일가중,31610,5,-180,-0.57,31612.0,7.906,27068,857,1170,2026-08-07 06:19:23
325010,2,KODEX 성장주,38925,5,-560,-1.42,39036.0,-14.4977,4512,175,1168,2026-08-07 06:19:23
488500,4,TIGER 미국S&P500동일가중,13065,5,-45,-0.34,13056.0,5.4886,35868,469,1163,2026-08-07 06:19:23
0092B0,2,SOL 한국원자력SMR,14535,5,-145,-0.99,14554.0,-38.8206,77783,1116,1156,2026-08-07 06:19:23
469170,2,ACE 포스코그룹포커스,5680,2,205,3.74,5684.0,-39.5063,1086276,6128,1142,2026-08-07 06:19:23
377990,2,TIGER Fn신재생에너지,23500,2,405,1.75,23417.0,-40.4844,311450,7254,1140,2026-08-07 06:19:23
498180,6,파워 종합채권(AA-이상)액티브,93615,3,0,0.0,93550.0,-1.7269,0,0,1138,2026-08-07 06:19:23
0122W0,6,RISE 26-11 회사채(AA-이상)액티브,50895,5,-10,-0.02,50903.0,0.6624,175,8,1137,2026-08-07 06:19:23
0135Y0,6,IBK 중기종합채권(AA-이상)액티브,100505,5,-35,-0.03,100442.0,0.691,245,24,1133,2026-08-07 06:19:23
491230,6,PLUS 국공채머니마켓액티브,52415,2,10,0.02,52401.0,0.7788,10237,536,1128,2026-08-07 06:19:23
304940,4,KODEX 미국나스닥100선물(H),32395,2,5,0.02,32348.0,3.8473,1699,55,1118,2026-08-07 06:19:23
168580,4,ACE 중국본토CSI300,35805,2,405,1.14,35955.0,-6.1008,17732,636,1117,2026-08-07 06:19:23
319640,4,TIGER 골드선물(H),25325,2,195,0.78,25340.0,-9.8799,11560,290,1114,2026-08-07 06:19:23
0036R0,4,RISE 미국휴머노이드로봇,19890,5,-5,-0.03,19735.0,-1.8148,5059,100,1114,2026-08-07 06:19:23
471760,2,TIGER AI반도체핵심공정,12305,5,-20,-0.16,12317.0,-46.875,830765,10167,1107,2026-08-07 06:19:23
465610,4,ACE 미국빅테크TOP7 Plus레버리지(합성),45530,2,645,1.44,45409.0,1.1834,6721,306,1093,2026-08-07 06:19:23
328370,1,PLUS 코스피TR,35175,5,-80,-0.23,35206.0,-14.7813,8654,304,1090,2026-08-07 06:19:23
261270,7,KODEX 미국달러선물인버스,7870,2,20,0.25,7882.0,2.147,72565,570,1090,2026-08-07 06:19:23
0052T0,6,1Q 중단기회사채(A-이상)액티브,50625,3,0,0.0,50632.0,0.7964,2,0,1080,2026-08-07 06:19:23
0000J0,2,PLUS 한화그룹주,27635,2,580,2.14,27682.0,-35.7517,77040,2114,1078,2026-08-07 06:19:23
394660,4,TIGER 글로벌자율주행&전기차SOLACTIVE,16410,5,-80,-0.49,16582.0,-10.9612,2413,39,1076,2026-08-07 06:19:23
438570,6,SOL 국고채10년,98860,5,-300,-0.3,98965.0,-0.6015,199,19,1075,2026-08-07 06:19:23
0193M0,6,BNK 27-12 특수채(AAA이상)액티브,50317,5,-48,-0.1,50331.0,,3,0,1064,2026-08-07 06:19:23
0174B0,7,KoAct 글로벌AI메모리반도체액티브,13455,5,-20,-0.15,13427.0,1.8518,97349,1307,1063,2026-08-07 06:19:23
0085P0,6,ACE 미국10년국채액티브,10100,5,-60,-0.59,10091.0,-2.7965,91692,926,1061,2026-08-07 06:19:23
0091M0,6,HANARO 27-06 회사채(AA-이상)액티브,10145,2,5,0.05,10142.0,0.5453,102,1,1058,2026-08-07 06:19:23
481430,6,RISE 국고채10년액티브,98935,5,-160,-0.16,98880.0,-0.6766,748,73,1056,2026-08-07 06:19:23
0177X0,2,ACE K휴머노이드로봇산업TOP2+,9510,5,-300,-3.06,9528.0,-22.2971,489259,4653,1056,2026-08-07 06:19:23
0184L0,6,PLUS 중기종합채권(A-이상)액티브,100585,2,45,0.04,100570.0,,33,3,1046,2026-08-07 06:19:23
449770,4,KIWOOM 미국S&P500,21705,5,-110,-0.5,21704.0,4.001,527746,11445,1042,2026-08-07 06:19:23
332940,1,HANARO MSCI Korea TR,43340,5,-615,-1.4,43460.0,-12.4141,2671,116,1040,2026-08-07 06:19:23
0132K0,7,PLUS 테슬라위클리커버드콜채권혼합,8090,5,-10,-0.12,8082.0,-3.8836,104565,846,1040,2026-08-07 06:19:23
0191W0,6,HANARO 중기종합채권(A-이상)액티브,101010,3,0,0.0,100877.0,,0,0,1035,2026-08-07 06:19:23
475050,2,ACE KPOP포커스,7190,2,90,1.27,7192.0,-23.4502,551909,3945,1032,2026-08-07 06:19:23
475280,6,ACE 8월만기자동연장회사채AA-이상액티브,10710,3,0,0.0,10715.0,0.8,83,0,1031,2026-08-07 06:19:23
455860,2,SOL 2차전지소부장Fn,4350,2,155,3.69,4351.0,-47.0663,427065,1831,1027,2026-08-07 06:19:23
465780,6,마이티 26-09 특수채(AAA)액티브,106210,3,0,0.0,106231.0,0.6729,0,0,1023,2026-08-07 06:19:23
0221V0,6,IBK 초단기채권액티브,100205,2,15,0.01,100217.0,,60,6,1021,2026-08-07 06:19:23
204480,4,TIGER 차이나CSI300레버리지(합성),27050,2,555,2.09,27153.0,-14.9848,2470,66,1006,2026-08-07 06:19:23
326240,2,RISE IT플러스,38965,5,-170,-0.43,39045.0,-15.6937,7561,296,998,2026-08-07 06:19:23
266370,2,KODEX IT,58535,5,-240,-0.41,58557.0,-12.9324,127903,7518,995,2026-08-07 06:19:23
114100,6,RISE 국고채3년,106775,2,45,0.04,106760.0,0.6031,5182,553,982,2026-08-07 06:19:23
496090,1,KIWOOM 코리아밸류업,30125,5,-85,-0.28,30131.0,-8.8937,819,24,979,2026-08-07 06:19:23
0138Y0,7,PLUS 금채권혼합,9850,2,10,0.1,9804.0,-4.7435,184251,1809,975,2026-08-07 06:19:23
203780,4,TIGER 미국나스닥바이오,34215,2,295,0.87,34231.0,8.215,13134,451,972,2026-08-07 06:19:23
468380,6,KODEX iShares미국하이일드액티브,11250,5,-35,-0.31,11240.0,-1.2734,127678,1436,970,2026-08-07 06:19:23
0209D0,2,KODEX 전고체배터리ESS TOP2플러스,7600,2,250,3.4,7613.0,,755742,5690,969,2026-08-07 06:19:23
308620,6,KODEX 미국10년국채선물,11860,5,-75,-0.63,11860.0,-2.8491,16915,200,961,2026-08-07 06:19:23
0035T0,7,PLUS 글로벌휴머노이드로봇액티브,20000,5,-315,-1.55,20038.0,-7.1315,20740,414,960,2026-08-07 06:19:23
461500,6,HANARO 종합채권(AA-이상)액티브,105185,5,-150,-0.14,105342.0,-1.4917,114,11,955,2026-08-07 06:19:23
0137V0,4,KIWOOM 미국S&P500모멘텀,11865,5,-30,-0.25,11824.0,4.6639,50002,593,949,2026-08-07 06:19:23
485690,4,RISE 미국AI밸류체인TOP3Plus,22490,2,80,0.36,22393.0,2.6462,11423,256,945,2026-08-07 06:19:23
473440,6,ACE 11월만기자동연장회사채AA-이상액티브,10830,3,0,0.0,10830.0,0.7441,805,8,942,2026-08-07 06:19:23
195980,4,PLUS 신흥국MSCI(합성 H),14715,5,-125,-0.84,14881.0,-0.4361,8291,122,942,2026-08-07 06:19:23
476850,1,KoAct 배당성장액티브,19945,5,-215,-1.07,19937.0,-11.8546,79192,1584,937,2026-08-07 06:19:23
211900,2,KODEX 코리아배당성장,28370,2,210,0.75,28450.0,-12.426,49220,1395,936,2026-08-07 06:19:23
479620,4,SOL 미국AI반도체칩메이커,26625,2,465,1.78,26484.0,4.6609,53161,1418,932,2026-08-07 06:19:23
433970,7,KODEX TDF2030액티브 적격,14180,5,-35,-0.25,14110.0,1.5377,19465,276,929,2026-08-07 06:19:23
0193G0,1,KoAct 코스피액티브,7660,5,-100,-1.29,7665.0,,2247624,17202,927,2026-08-07 06:19:23
143850,4,TIGER 미국S&P500선물(H),77800,5,-315,-0.4,77820.0,5.4468,786,61,914,2026-08-07 06:19:23
269540,4,PLUS 미국S&P500(H),30240,5,-80,-0.26,30231.0,5.571,16290,492,907,2026-08-07 06:19:23
325020,2,KODEX 배당가치,29085,2,350,1.22,29133.0,-1.8902,10252,296,902,2026-08-07 06:19:23
0142D0,4,TIGER 미국AI데이터센터TOP4Plus,10185,5,-285,-2.72,10097.0,-19.6162,63322,645,901,2026-08-07 06:19:23
329670,7,KODEX TRF7030,22515,5,-80,-0.35,22518.0,2.8269,21187,477,901,2026-08-07 06:19:23
444490,4,WON 미국S&P500,20800,5,-140,-0.67,20798.0,4.2828,23012,479,894,2026-08-07 06:19:23
453080,4,KIWOOM 미국나스닥100(H),22860,5,-40,-0.17,22832.0,3.8347,31089,710,892,2026-08-07 06:19:23
454320,2,HANARO CAPEX설비투자iSelect,41415,5,-215,-0.52,41409.0,-35.8651,3960,163,890,2026-08-07 06:19:23
0007N0,1,아이엠에셋 200,98600,5,-855,-0.86,98484.0,-12.5293,137,13,887,2026-08-07 06:19:23
460960,7,ACE 글로벌인컴TOP10,11410,5,-35,-0.31,11377.0,-1.2018,25081,286,873,2026-08-07 06:19:23
329660,7,KODEX TRF5050,18135,5,-35,-0.19,18172.0,1.9201,4685,85,852,2026-08-07 06:19:23
359210,1,KODEX 코스피TR,32465,5,-350,-1.07,32471.0,-14.1419,36803,1190,844,2026-08-07 06:19:23
461460,6,PLUS 국고채10년액티브,51740,5,-70,-0.14,51736.0,-0.7852,43,2,839,2026-08-07 06:19:23
0066W0,5,SOL 국제금,12885,2,45,0.35,12765.0,-10.6472,40155,513,838,2026-08-07 06:19:23
0162L0,4,KODEX 차이나AI반도체TOP10,14060,2,200,1.44,14113.0,3.2756,798461,11259,837,2026-08-07 06:19:23
0225V0,4,KODEX 미국CPU반도체TOP10,10985,2,315,2.95,10916.0,,456449,4999,835,2026-08-07 06:19:23
486240,2,DAISHIN343 AI반도체&인프라액티브,26005,5,-95,-0.36,26082.0,-20.4754,1133,29,832,2026-08-07 06:19:23
0017Y0,6,1Q 종합채권(AA-이상)액티브,94060,5,-260,-0.28,94144.0,-1.5758,161,15,831,2026-08-07 06:19:23
298770,4,KODEX 한국대만IT프리미어,75100,5,-1010,-1.33,75633.0,-1.1066,10542,800,826,2026-08-07 06:19:23
490480,2,SOL K방산,30435,2,470,1.57,30450.0,-27.9428,30917,928,822,2026-08-07 06:19:23
453330,4,RISE 미국S&P500(H),18250,5,-55,-0.3,18240.0,6.3877,15713,286,821,2026-08-07 06:19:23
495040,1,PLUS 코리아밸류업,29820,5,-310,-1.03,29929.0,-8.8422,1560,46,820,2026-08-07 06:19:23
108450,2,ACE 삼성그룹섹터가중,37220,2,80,0.22,37308.0,-8.556,3165,117,819,2026-08-07 06:19:23
138530,2,TIGER LG그룹플러스,12075,2,310,2.63,12063.0,-5.121,137756,1647,816,2026-08-07 06:19:23
0057H0,7,PLUS 미국S&P500미국채혼합50액티브,11980,5,-70,-0.58,11989.0,1.336,85090,1021,815,2026-08-07 06:19:23
157490,2,TIGER 소프트웨어,8595,5,-95,-1.09,8627.0,-5.3377,378311,3254,813,2026-08-07 06:19:23
364960,2,TIGER BBIG,6670,2,170,2.62,6686.0,-19.4548,40469,266,807,2026-08-07 06:19:23
228810,2,TIGER 미디어컨텐츠,3405,2,50,1.49,3404.0,-27.4595,334106,1131,802,2026-08-07 06:19:23
0049M0,4,ACE 미국배당퀄리티+커버드콜액티브,11605,5,-5,-0.04,11587.0,1.7307,38975,452,795,2026-08-07 06:19:23
412770,4,TIGER 글로벌AI플랫폼액티브,12880,2,110,0.86,12869.0,-3.1108,4840,62,793,2026-08-07 06:19:23
0098N0,2,PLUS 자사주매입고배당주,13085,2,160,1.24,13123.0,-1.443,52607,685,792,2026-08-07 06:19:23
469060,4,RISE 미국반도체NYSE,36505,2,585,1.63,36232.0,4.6352,55323,2019,785,2026-08-07 06:19:23
492500,7,1Q 현대차그룹채권(A+이상)&국고통안,51280,2,10,0.02,51284.0,0.5097,522,26,780,2026-08-07 06:19:23
458030,6,WON 국공채머니마켓액티브,54935,5,-5,-0.01,54944.0,0.7057,4755,261,779,2026-08-07 06:19:23
210780,2,TIGER 코스피고배당,23230,2,190,0.82,23309.0,-11.7436,12185,282,767,2026-08-07 06:19:23
0018C0,2,PLUS 고배당주위클리고정커버드콜,10845,2,95,0.88,10862.0,-13.405,74665,803,765,2026-08-07 06:19:23
0113D0,4,TIME 글로벌탑픽액티브,12305,5,-45,-0.36,12310.0,3.1315,22290,275,763,2026-08-07 06:19:23
438560,6,SOL 국고채3년,100490,5,-60,-0.06,100523.0,0.7212,239,24,761,2026-08-07 06:19:23
441540,2,HANARO Fn조선해운,27700,5,-170,-0.61,27723.0,-23.4236,7577,208,748,2026-08-07 06:19:23
211560,2,TIGER 배당성장,35520,2,275,0.78,35609.0,-12.1205,3717,131,746,2026-08-07 06:19:23
0008T0,2,SOL 화장품TOP3플러스,16110,2,150,0.94,16107.0,-0.5608,1226656,19610,741,2026-08-07 06:19:23
0080X0,7,SOL 미국S&P500미국채혼합50,11385,5,-25,-0.22,11310.0,0.6406,31542,357,740,2026-08-07 06:19:23
495750,1,HANARO 코리아밸류업,29985,5,-360,-1.19,30077.0,-8.5631,1392,41,735,2026-08-07 06:19:23
272910,6,ACE 중장기국공채액티브,106305,2,5,0.0,106255.0,0.4441,4,0,730,2026-08-07 06:19:23
337140,2,KODEX 코스피대형주,32855,5,-485,-1.45,32953.0,-13.4094,42481,1395,723,2026-08-07 06:19:23
130730,6,KIWOOM 단기자금,102870,2,10,0.01,102869.0,0.6556,170,17,721,2026-08-07 06:19:23
0190Y0,4,TIGER 구글밸류체인,9220,5,-35,-0.38,9139.0,,53971,497,719,2026-08-07 06:19:23
266420,2,KODEX 헬스케어,17940,2,430,2.46,17931.0,-15.8376,32731,578,718,2026-08-07 06:19:23
475350,4,RISE 버크셔포트폴리오TOP10,15115,5,-105,-0.69,15068.0,7.4299,18800,284,703,2026-08-07 06:19:23
0022T0,4,SOL 국제금커버드콜액티브,13300,2,10,0.08,13186.0,-9.8646,39532,522,692,2026-08-07 06:19:23
365040,1,TIGER AI코리아그로스액티브,32930,5,-340,-1.02,32926.0,-12.0424,36332,1189,692,2026-08-07 06:19:23
0102A0,4,TIGER 미국AI소프트웨어TOP4Plus,8180,2,35,0.43,8074.0,5.9167,81647,664,691,2026-08-07 06:19:23
440640,6,ACE 단기채권알파액티브,112465,2,15,0.01,112464.0,0.7751,1012,113,689,2026-08-07 06:19:23
434960,1,DAISHIN343 K200,98325,5,-1375,-1.38,98646.0,-12.6572,90,9,688,2026-08-07 06:19:23
228800,2,TIGER 여행레저,2620,2,15,0.58,2622.0,-21.7718,78751,204,680,2026-08-07 06:19:23
458750,4,TIGER 미국배당다우존스타겟커버드콜1호,13185,5,-75,-0.57,13174.0,4.1738,19679,259,672,2026-08-07 06:19:23
433880,7,PLUS TDF2060액티브 적격,19015,2,5,0.03,18917.0,0.9051,25636,488,666,2026-08-07 06:19:23
453950,4,TIGER TSMC파운드리밸류체인,33620,5,-225,-0.66,33798.0,3.4382,3311,111,656,2026-08-07 06:19:23
278620,6,PLUS 단기채권액티브,118860,5,-10,-0.01,118873.0,0.75,3459,411,651,2026-08-07 06:19:23
292190,1,KODEX KRX300,43260,5,-295,-0.68,43381.0,-14.787,2432,105,649,2026-08-07 06:19:23
0036D0,4,TIME 미국배당다우존스액티브,12940,5,-45,-0.35,12926.0,4.3517,30497,395,647,2026-08-07 06:19:23
0000D0,7,TIGER 엔비디아미국채커버드콜밸런스(합성),9390,5,-60,-0.63,9365.0,1.3492,23019,216,643,2026-08-07 06:19:23
0123S0,2,HANARO 26-12 은행채(AA+이상)액티브,10165,3,0,0.0,10173.0,0.6435,1706,17,635,2026-08-07 06:19:23
473640,4,HANARO 글로벌금채굴기업,31740,2,400,1.28,31156.0,-6.2239,20509,643,635,2026-08-07 06:19:23
0040S0,4,HANARO 글로벌피지컬AI액티브,24230,2,80,0.33,24126.0,-6.7208,12423,301,630,2026-08-07 06:19:23
0098Z0,1,FOCUS 200,83985,5,-515,-0.61,83837.0,-12.9657,6,0,630,2026-08-07 06:19:23
495940,4,RISE 미국AI테크액티브,20210,2,300,1.51,20036.0,-9.9551,5749,116,627,2026-08-07 06:19:23
455660,6,ACE 미국하이일드액티브(H),9465,5,-5,-0.05,9453.0,0.4245,15783,149,625,2026-08-07 06:19:23
0115E0,2,KODEX 코리아소버린AI,13580,5,-365,-2.62,13578.0,-12.8526,71183,967,625,2026-08-07 06:19:23
419890,6,KIWOOM 단기채권ESG액티브,107475,2,60,0.06,107440.0,0.6606,8,0,623,2026-08-07 06:19:23
476750,6,ACE 미국30년국채엔화노출액티브(H),7675,5,-115,-1.48,7672.0,-6.1384,103295,792,622,2026-08-07 06:19:23
479730,4,TIGER 인도빌리언컨슈머,10490,5,-125,-1.18,10592.0,5.7154,56878,596,619,2026-08-07 06:19:23
282000,3,RISE 국고채3년선물인버스,114250,5,-30,-0.03,114260.0,0.1753,3,0,615,2026-08-07 06:19:23
277640,2,TIGER 코스피대형주,33980,5,-220,-0.64,34073.0,-14.0397,16008,546,612,2026-08-07 06:19:23
453640,4,KODEX 미국S&P500헬스케어,14077,5,-58,-0.41,14091.0,10.6321,29255,412,605,2026-08-07 06:19:23
0181L0,4,SOL 미국우주항공TOP10,7495,2,250,3.45,7438.0,-18.043,170374,1274,603,2026-08-07 06:19:23
100910,1,KIWOOM KRX100,15455,5,-170,-1.09,15449.0,-12.3722,12987,200,603,2026-08-07 06:19:23
440910,4,WON 미국우주항공방산,27375,5,-45,-0.16,27400.0,8.6586,2207,60,602,2026-08-07 06:19:23
465330,2,RISE 2차전지TOP10,10600,2,575,5.74,10612.0,-41.8673,213878,2239,602,2026-08-07 06:19:23
491700,1,HK 200,98575,5,-575,-0.58,98775.0,-13.0454,865,86,591,2026-08-07 06:19:23
261240,7,KODEX 미국달러선물,14630,5,-35,-0.24,14634.0,-1.478,32986,483,591,2026-08-07 06:19:23
275980,4,TIGER 글로벌4차산업혁신기술(합성 H),23245,5,-5,-0.02,23291.0,2.0408,1562,36,590,2026-08-07 06:19:23
261070,2,TIGER 코스닥150바이오테크,13240,2,240,1.85,13260.0,-26.3248,290213,3765,588,2026-08-07 06:19:23
0089C0,4,KODEX 미국S&P500변동성확대시커버드콜,11740,5,-45,-0.38,11796.0,3.4574,1404,16,587,2026-08-07 06:19:23
252400,3,RISE 200선물레버리지,83805,5,-1805,-2.11,83995.0,-36.9797,18703,1578,587,2026-08-07 06:19:23
475310,2,SOL 반도체후공정,22545,5,-495,-2.15,22612.0,-38.2472,75931,1728,586,2026-08-07 06:19:23
123310,3,TIGER 인버스,1264,2,8,0.64,1266.0,-5.2791,6645877,8380,579,2026-08-07 06:19:23
150460,2,TIGER 중국소비테마,7590,2,125,1.67,7602.0,-5.745,19871,148,578,2026-08-07 06:19:23
0111J0,2,HANARO 증권고배당TOP3플러스,12630,5,-570,-4.32,12613.0,-39.3729,91066,1153,575,2026-08-07 06:19:23
401470,2,KODEX 메타버스액티브,9620,2,65,0.68,9651.0,-3.0442,7586,72,572,2026-08-07 06:19:23
455960,6,RISE 미국달러SOFR금리액티브(합성),12420,5,-15,-0.12,12406.0,-1.1919,429,5,569,2026-08-07 06:19:23
0141S0,2,SOL 조선기자재,8325,5,-90,-1.07,8357.0,-42.9685,439236,3644,566,2026-08-07 06:19:23
225040,4,TIGER 미국S&P500레버리지(합성 H),68510,5,-225,-0.33,68354.0,11.0509,6492,444,562,2026-08-07 06:19:23
298340,6,PLUS 국채선물3년,56565,2,10,0.02,56542.0,0.973,39800,2250,561,2026-08-07 06:19:23
0172V0,5,1Q 은액티브,8495,2,190,2.29,8255.0,-19.8746,35763,298,561,2026-08-07 06:19:23
0185L0,4,TIME 글로벌휴머노이드로봇산업액티브,8050,2,35,0.44,8037.0,,29105,232,559,2026-08-07 06:19:23
278240,3,RISE 코스닥150선물레버리지,7460,2,35,0.47,7467.0,-61.7071,165052,1201,559,2026-08-07 06:19:23
0046Y0,4,ACE 미국배당퀄리티,12995,5,-35,-0.27,12986.0,3.7694,6458,83,552,2026-08-07 06:19:23
0000Z0,2,RISE 바이오TOP10액티브,9585,5,-5,-0.05,9596.0,-34.4274,343285,3242,551,2026-08-07 06:19:23
445150,2,KODEX 친환경조선해운액티브,28805,2,205,0.72,28796.0,-30.9209,4292,122,547,2026-08-07 06:19:23
428510,4,KODEX 차이나AI테크액티브,24820,2,545,2.25,24786.0,-5.5222,12648,313,546,2026-08-07 06:19:23
480310,4,TIGER 글로벌온디바이스AI,20130,2,375,1.9,20004.0,-0.7438,11488,231,544,2026-08-07 06:19:23
0118Z0,4,ACE 미국AI테크핵심산업액티브,8950,5,-45,-0.5,8868.0,-13.1757,14603,130,541,2026-08-07 06:19:23
114470,6,KIWOOM 국고채3년,108110,5,-5,0.0,108132.0,0.6134,699,75,530,2026-08-07 06:19:23
0113P0,6,HK 머니마켓액티브,102220,2,10,0.01,102225.0,0.7392,10,1,529,2026-08-07 06:19:23
101280,4,KODEX 일본TOPIX100,31080,2,35,0.11,31079.0,5.6456,4057,125,528,2026-08-07 06:19:23
0166S0,2,PLUS K제조업핵심기업액티브,9920,5,-75,-0.75,9926.0,-25.3827,55633,552,526,2026-08-07 06:19:23
0132H0,4,KODEX 미국원자력SMR,8810,2,60,0.69,8790.0,-21.2067,23207,204,524,2026-08-07 06:19:23
491220,1,PLUS 200TR,116310,5,-685,-0.59,116437.0,-12.7782,3886,454,523,2026-08-07 06:19:23
306950,3,KODEX KRX300레버리지,63795,5,-1475,-2.26,64024.0,-39.0542,7270,474,510,2026-08-07 06:19:23
0210E0,2,PLUS 200커버드콜액티브,6795,5,-70,-1.02,6789.0,,179581,1223,510,2026-08-07 06:19:23
442560,7,RISE TDF2040액티브 적격,16700,2,55,0.33,16495.0,1.0372,12597,209,509,2026-08-07 06:19:23
0118S0,4,SOL 미국넥스트테크TOP10액티브,11070,2,100,0.91,10888.0,-12.2049,10825,119,509,2026-08-07 06:19:23
200030,4,KODEX 미국S&P500산업재(합성),44970,5,-630,-1.38,45240.0,5.3361,1077,48,507,2026-08-07 06:19:23
475260,6,ACE 2월만기자동연장회사채AA-이상액티브,10730,2,5,0.05,10726.0,0.5625,26,0,505,2026-08-07 06:19:23
287180,4,PLUS 미국나스닥테크,56150,5,-875,-1.53,55906.0,10.0443,12915,727,505,2026-08-07 06:19:23
385590,2,ACE ESG액티브,21810,2,55,0.25,21893.0,-10.3996,152,3,502,2026-08-07 06:19:23
256750,4,KODEX 차이나심천ChiNext(합성),16390,2,140,0.86,16426.0,-8.9381,16151,265,501,2026-08-07 06:19:23
0139P0,2,ACE 고배당주,13485,2,20,0.15,13517.0,-9.0357,17984,241,499,2026-08-07 06:19:23
0226A0,7,PLUS SK하이닉스샌디스크채권혼합50,9835,5,-35,-0.35,9814.0,,281136,2768,492,2026-08-07 06:19:23
261220,5,KODEX WTI원유선물(H),21670,2,715,3.41,21644.0,-19.9886,106257,2305,488,2026-08-07 06:19:23
494840,4,TIGER 미국방산TOP10,14085,5,-15,-0.11,14088.0,8.3529,9397,132,486,2026-08-07 06:19:23
447430,2,ACE 주주환원가치주액티브,16362,2,172,1.06,16366.0,-12.2033,6505,105,483,2026-08-07 06:19:23
371470,4,TIGER 차이나바이오테크SOLACTIVE,8720,2,355,4.24,8755.0,-0.5351,24227,203,481,2026-08-07 06:19:23
0020H0,4,KoAct 글로벌양자컴퓨팅액티브,22355,5,-365,-1.61,22240.0,-3.4014,32279,729,481,2026-08-07 06:19:23
276990,4,KODEX 글로벌로봇(합성),27080,5,-450,-1.63,27043.0,-0.0182,3359,91,479,2026-08-07 06:19:23
461340,4,HANARO 글로벌생성형AI액티브,43440,2,285,0.66,43248.0,-0.816,2504,108,478,2026-08-07 06:19:23
336160,6,RISE 금융채액티브,100375,5,-125,-0.12,100402.0,0.7395,32,3,478,2026-08-07 06:19:23
476260,2,HANARO 반도체핵심공정주도주,11080,5,-410,-3.57,11114.0,-22.4697,979034,10859,476,2026-08-07 06:19:23
0178H0,7,IBK 미국AI TOP10국채혼합50,10245,2,245,2.45,10048.0,0.5067,11797,120,476,2026-08-07 06:19:23
0198A0,2,KIWOOM 코스닥150커버드콜액티브,8650,2,70,0.82,8631.0,,403583,3468,476,2026-08-07 06:19:23
140700,2,KODEX 보험,18925,2,25,0.13,18932.0,13.2347,55313,1041,473,2026-08-07 06:19:23
0041D0,4,KODEX 미국AI소프트웨어TOP10,12860,5,-10,-0.08,12617.0,3.8786,33034,424,469,2026-08-07 06:19:23
360140,2,KODEX 200롱코스닥150숏선물,21330,5,-145,-0.68,21310.0,24.1329,79596,1715,469,2026-08-07 06:19:23
0086B0,2,TIGER 리츠부동산인프라TOP10액티브,9570,2,30,0.31,9615.0,-8.5423,10236,97,469,2026-08-07 06:19:23
218420,4,KODEX 미국S&P500에너지(합성),19150,2,60,0.31,19237.0,-3.9014,87280,1665,468,2026-08-07 06:19:23
473490,4,KIWOOM 글로벌AI반도체,30950,2,245,0.8,30959.0,3.3195,1361,42,464,2026-08-07 06:19:23
275300,2,KODEX 우량주,27305,5,-425,-1.53,27316.0,-8.8588,3450,94,464,2026-08-07 06:19:23
418670,4,TIGER 글로벌AI사이버보안,17780,2,100,0.57,17484.0,42.9842,41467,733,462,2026-08-07 06:19:23
0194T0,2,ACE SK하이닉스단일종목레버리지,6255,5,-805,-11.4,6312.0,,357274,2336,461,2026-08-07 06:19:23
304780,3,HANARO 200선물레버리지,102485,5,-1835,-1.76,102451.0,-36.944,6241,647,461,2026-08-07 06:19:23
472830,6,RISE 미국30년국채커버드콜(합성),8185,5,-85,-1.03,8197.0,-4.5073,13292,108,454,2026-08-07 06:19:23
0194M0,2,ACE 삼성전자단일종목레버리지,8925,5,-5,-0.06,8947.0,,75707,686,453,2026-08-07 06:19:23
401170,2,RISE 메타버스,11435,2,155,1.37,11432.0,12.8564,4990,56,453,2026-08-07 06:19:23
453650,4,KODEX 미국S&P500금융,20025,5,-200,-0.99,20066.0,10.6351,13515,271,451,2026-08-07 06:19:23
0197W0,2,SOL SK하이닉스단일종목레버리지,6140,5,-770,-11.14,6184.0,,551701,3541,450,2026-08-07 06:19:23
475270,6,ACE 5월만기자동연장회사채AA-이상액티브,10715,2,5,0.05,10712.0,0.6578,597,6,447,2026-08-07 06:19:23
196030,4,ACE 일본TOPIX레버리지(H),89000,2,515,0.58,89356.0,14.6624,82,7,445,2026-08-07 06:19:23
316670,1,KIWOOM 코스닥150,6760,5,-15,-0.22,6776.0,-32.8876,101433,674,441,2026-08-07 06:19:23
295020,6,RISE 국채선물10년인버스,59980,2,40,0.07,59987.0,1.7138,7,0,438,2026-08-07 06:19:23
0141T0,6,SOL 중기종합채권(AA-이상)액티브,50290,5,-35,-0.07,50303.0,0.7507,1,0,433,2026-08-07 06:19:23
140950,1,파워 코스피100,76895,5,-1155,-1.48,76965.0,-11.2746,768,59,431,2026-08-07 06:19:23
456680,4,TIGER 차이나전기차레버리지(합성),7225,2,105,1.47,7230.0,-43.6263,1659,11,428,2026-08-07 06:19:23
440650,6,ACE 미국달러단기채권액티브,11885,5,-20,-0.17,11877.0,-1.4895,41202,490,428,2026-08-07 06:19:23
238720,4,ACE 일본Nikkei225(H),47490,5,-495,-1.03,47780.0,8.0743,2798,132,427,2026-08-07 06:19:23
139280,2,TIGER 경기방어,13005,2,200,1.56,13007.0,-3.6412,55010,706,427,2026-08-07 06:19:23
429760,4,PLUS 미국S&P500,20200,5,-60,-0.3,20182.0,3.9206,32979,665,424,2026-08-07 06:19:23
261120,7,TIGER 미국달러선물인버스2X,5020,2,20,0.4,5026.0,3.8421,9117,45,422,2026-08-07 06:19:23
442260,1,마이티 다이나믹퀀트액티브,33880,5,-140,-0.41,33909.0,-14.8436,925,31,420,2026-08-07 06:19:23
253150,3,PLUS 200선물레버리지,167965,5,-3225,-1.88,168039.0,-37.1792,35907,6077,420,2026-08-07 06:19:23
0191M0,6,마이티 5월만기자동연장특수채(AAA)액티브,100575,3,0,0.0,100596.0,,0,0,416,2026-08-07 06:19:23
442090,2,에셋플러스 코리아대장장이액티브,27562,2,52,0.19,27626.0,-17.4989,247,6,413,2026-08-07 06:19:23
0007G0,4,PLUS 글로벌원자력밸류체인,13710,5,-160,-1.15,13759.0,-18.4598,6984,95,411,2026-08-07 06:19:23
0100K0,2,KODEX 방산TOP10레버리지,7325,2,325,4.64,7393.0,-58.3829,300267,2146,410,2026-08-07 06:19:23
0220B0,1,DS 코스닥액티브,9295,5,-220,-2.31,9295.0,,133365,1247,409,2026-08-07 06:19:23
152500,3,ACE 레버리지,37050,5,-785,-2.07,37118.0,-37.0623,33079,1233,408,2026-08-07 06:19:23
375770,2,KODEX 탄소효율그린뉴딜,22615,5,-80,-0.35,22707.0,-12.9864,46,1,407,2026-08-07 06:19:23
464470,6,PLUS 미국채30년액티브,49255,5,-515,-1.03,49336.0,-4.5599,4082,201,406,2026-08-07 06:19:23
322410,2,HANARO K고배당,23105,2,395,1.74,23161.0,-6.5542,4526,103,404,2026-08-07 06:19:23
0189B0,5,TIGER 은액티브,8100,2,135,1.69,8125.0,-20.2304,69424,553,401,2026-08-07 06:19:23
473590,4,ACE 미국주식베스트셀러,18220,2,255,1.42,18110.0,-21.2752,67890,1238,401,2026-08-07 06:19:23
400970,2,TIGER Fn메타버스,7780,3,0,0.0,7802.0,-11.3391,23686,183,397,2026-08-07 06:19:23
139320,5,TIGER 금은선물(H),17935,2,130,0.73,17712.0,-10.7519,9446,167,395,2026-08-07 06:19:23
365000,2,TIGER 인터넷TOP10,3745,5,-85,-2.22,3755.0,-20.2084,245123,920,391,2026-08-07 06:19:23
305050,1,ACE 코스피,64830,5,-775,-1.18,65008.0,-14.5212,3085,200,389,2026-08-07 06:19:23
491830,4,TIGER 미국AI반도체팹리스,22825,2,340,1.51,22717.0,6.642,44781,1021,388,2026-08-07 06:19:23
183700,7,RISE 200채권혼합50,92220,5,-155,-0.17,91975.0,-5.0489,1987,184,387,2026-08-07 06:19:23
352540,7,KODEX 일본부동산리츠(H),11350,2,20,0.18,11376.0,-2.4565,9191,104,386,2026-08-07 06:19:23
437070,6,KODEX 아시아달러채권ESG플러스액티브,61025,5,-95,-0.16,60998.0,-2.4927,780,47,386,2026-08-07 06:19:23
448570,1,FOCUS AI코리아액티브,28480,2,260,0.92,28507.0,-8.3915,16,0,384,2026-08-07 06:19:23
487130,2,KoAct AI인프라액티브,24735,5,-280,-1.12,24821.0,-26.4914,10107,249,383,2026-08-07 06:19:23
195930,4,TIGER 유로스탁스50(합성 H),23860,2,10,0.04,23942.0,10.5189,7548,180,382,2026-08-07 06:19:23
475070,4,KoAct 글로벌친환경전력인프라액티브,31585,2,50,0.16,31520.0,-23.0854,4241,134,379,2026-08-07 06:19:23
498860,2,RISE 코리아금융고배당,16685,5,-180,-1.07,16682.0,-22.818,12089,200,375,2026-08-07 06:19:23
147970,2,TIGER 모멘텀,78100,5,-1015,-1.28,78285.0,-17.9731,15416,1206,375,2026-08-07 06:19:23
352560,7,KODEX 미국부동산리츠(H),12475,5,-110,-0.87,12464.0,2.3412,9114,113,368,2026-08-07 06:19:23
452250,6,ACE 미국30년국채선물레버리지(합성 H),4742,5,-98,-2.02,4766.0,-6.383,17525,83,368,2026-08-07 06:19:23
0186S0,7,1Q 코스닥150채권혼합50액티브,8230,2,40,0.49,8220.0,-17.2179,282553,2308,366,2026-08-07 06:19:23
276970,4,KODEX 미국S&P500배당귀족커버드콜(합성 H),7790,5,-10,-0.13,7923.0,5.9094,4224,32,366,2026-08-07 06:19:23
104530,2,KIWOOM 코리아고배당,17800,2,95,0.54,17833.0,-17.9932,5499,97,365,2026-08-07 06:19:23
472840,1,IBK 200,96980,5,-1090,-1.11,97554.0,-13.1471,8498,826,364,2026-08-07 06:19:23
0154F0,2,WON 초대형IB&금융지주,12320,2,50,0.41,12342.0,-20.2988,8732,107,363,2026-08-07 06:19:23
0085N0,6,ACE 미국10년국채액티브(H),9755,5,-40,-0.41,9757.0,-0.9588,6019,58,361,2026-08-07 06:19:23
465350,3,RISE 2차전지TOP10인버스(합성),17875,5,-1125,-5.92,17988.0,50.9733,161667,2936,358,2026-08-07 06:19:23
292560,7,TIGER 일본엔선물,8310,5,-20,-0.24,8294.0,-3.2521,11637,96,357,2026-08-07 06:19:23
449690,4,TIGER 한중반도체(합성),47435,2,560,1.19,46954.0,-5.7695,38,1,356,2026-08-07 06:19:23
469050,4,RISE 미국반도체NYSE(H),32225,2,570,1.8,32042.0,6.425,22929,739,354,2026-08-07 06:19:23
138910,5,KODEX 구리선물(H),10320,2,40,0.39,10312.0,8.8983,49777,513,351,2026-08-07 06:19:23
322400,2,HANARO e커머스,10430,5,-55,-0.52,10446.0,-10.766,1386,14,349,2026-08-07 06:19:23
276650,4,RISE 글로벌테크놀로지(합성 H),46520,3,0,0.0,46199.0,7.263,2303,106,349,2026-08-07 06:19:23
415920,5,PLUS 글로벌희토류&전략자원생산기업,7340,2,215,3.02,7351.0,-31.4904,55383,403,345,2026-08-07 06:19:23
174360,4,RISE 중국본토대형주CSI100,24540,2,235,0.97,24573.0,-6.5911,1531,37,344,2026-08-07 06:19:23
0209Z0,2,ACE 코리아AI전력TOP10,6800,2,5,0.07,6806.0,,234543,1568,343,2026-08-07 06:19:23
476690,4,TIGER 글로벌비만치료제TOP2Plus,10730,2,10,0.09,10786.0,4.9089,32350,347,343,2026-08-07 06:19:23
275280,2,KODEX 모멘텀주,38120,5,-275,-0.72,38220.0,-14.1329,3799,145,343,2026-08-07 06:19:23
381560,2,HANARO Fn전기&수소차,17115,2,465,2.79,17104.0,-14.0196,2128,36,342,2026-08-07 06:19:23
099140,4,KODEX 차이나H,22010,5,-170,-0.77,22074.0,-3.649,319,7,341,2026-08-07 06:19:23
227540,2,TIGER 200 헬스케어,19565,2,400,2.09,19595.0,-4.8884,48310,932,340,2026-08-07 06:19:23
450910,1,SOL 코스닥150,13265,5,-5,-0.04,13300.0,-33.0981,219453,2845,340,2026-08-07 06:19:23
241390,7,RISE V&S셀렉트밸류채권혼합,15345,2,30,0.2,15458.0,-7.3322,4227,64,338,2026-08-07 06:19:23
449780,4,KIWOOM 미국S&P500(H),18750,5,-90,-0.48,18759.0,5.9871,17074,320,338,2026-08-07 06:19:23
468630,6,KODEX iShares미국투자등급회사채액티브,11180,5,-70,-0.62,11172.0,-3.2082,17920,200,337,2026-08-07 06:19:23
496770,4,PLUS 글로벌방산,19215,2,60,0.31,19260.0,5.479,6416,123,336,2026-08-07 06:19:23
465660,4,TIGER 일본반도체FACTSET,24875,5,-1215,-4.66,25127.0,4.3151,29361,733,336,2026-08-07 06:19:23
0192L0,2,RISE SK하이닉스단일종목레버리지,6385,5,-800,-11.13,6435.0,,95407,637,335,2026-08-07 06:19:23
256440,4,ACE MSCI인도네시아(합성),5480,5,-40,-0.72,5479.0,-15.5964,39646,216,334,2026-08-07 06:19:23
407830,4,에셋플러스 글로벌플랫폼액티브,13895,5,-105,-0.75,13886.0,-9.8229,886,12,333,2026-08-07 06:19:23
0112X0,1,마이티 200TR,36945,2,20,0.05,36783.0,-13.3318,2690,99,333,2026-08-07 06:19:23
459560,4,KODEX 테슬라밸류체인FactSet,22085,5,-140,-0.63,22021.0,-6.0686,12946,285,331,2026-08-07 06:19:23
395290,2,HANARO Fn K-POP&미디어,5300,2,105,2.02,5302.0,-24.8192,34773,183,331,2026-08-07 06:19:23
385520,2,KODEX 자율주행액티브,15390,2,85,0.56,15427.0,-17.5822,2238,34,331,2026-08-07 06:19:23
266360,2,KODEX K콘텐츠,10315,5,-25,-0.24,10339.0,-13.4004,64878,667,330,2026-08-07 06:19:23
0023B0,4,PLUS 미국양자컴퓨팅TOP10,16500,5,-315,-1.87,16467.0,-8.0143,5468,90,330,2026-08-07 06:19:23
459750,4,RISE 글로벌주식분산액티브,18275,5,-215,-1.16,18331.0,3.4324,45655,835,329,2026-08-07 06:19:23
474800,4,KIWOOM 미국원유에너지기업,15150,2,305,2.05,15074.0,-5.8473,45505,683,326,2026-08-07 06:19:23
494410,4,PLUS 미국S&P500성장주,14765,5,-45,-0.3,14794.0,4.5909,3143,46,325,2026-08-07 06:19:23
491090,4,KODEX 미국테크TOP3플러스,18450,2,25,0.14,18444.0,2.8762,15347,283,323,2026-08-07 06:19:23
122260,6,KIWOOM 통안채1년,104050,5,-15,-0.01,104038.0,0.6285,77,8,323,2026-08-07 06:19:23
0089B0,7,PLUS 미국나스닥100미국채혼합50,11500,5,-30,-0.26,11488.0,0.4688,10027,115,322,2026-08-07 06:19:23
464920,4,PLUS 일본반도체소부장,24580,5,-420,-1.68,24670.0,-4.086,5561,135,320,2026-08-07 06:19:23
245350,4,TIGER 유로스탁스배당30,19970,2,110,0.55,19853.0,6.0545,2736,54,320,2026-08-07 06:19:23
153270,1,KIWOOM 코스피100,75625,5,-490,-0.64,75739.0,-12.4606,2773,210,318,2026-08-07 06:19:23
261140,2,TIGER 우선주,23345,2,5,0.02,23409.0,-18.5949,6288,146,317,2026-08-07 06:19:23
0138T0,4,RISE 미국S&P500데일리고정커버드콜,9907,5,-38,-0.38,9908.0,3.2621,26947,267,317,2026-08-07 06:19:23
415340,4,KODEX 차이나과창판STAR50(합성),15225,2,385,2.59,15253.0,-0.0337,77947,1177,315,2026-08-07 06:19:23
105780,2,RISE 5대그룹주,15725,3,0,0.0,15758.0,-9.8854,2971,46,315,2026-08-07 06:19:23
494340,4,ACE 글로벌AI맞춤형반도체,20905,2,535,2.63,20693.0,2.3618,9835,204,314,2026-08-07 06:19:23
380340,2,ACE 코리아AI테크핵심산업,26015,5,-750,-2.8,26106.0,3.0413,60779,1604,312,2026-08-07 06:19:23
0155N0,2,HANARO K휴머노이드테마TOP10,7605,5,-145,-1.87,7627.0,-20.7567,95475,725,312,2026-08-07 06:19:23
426150,6,WON 대한민국국고채액티브,51420,5,-130,-0.25,51439.0,-3.1744,12,0,310,2026-08-07 06:19:23
476070,4,KODEX 글로벌비만치료제TOP2 Plus,11420,2,95,0.84,11466.0,5.9749,37070,423,308,2026-08-07 06:19:23
139270,2,TIGER 200 금융,16890,2,90,0.54,16919.0,-3.6574,39925,670,307,2026-08-07 06:19:23
248270,4,TIGER S&P글로벌헬스케어(합성),26770,5,-80,-0.3,26501.0,9.5471,3913,104,305,2026-08-07 06:19:23
192720,2,파워 고배당저변동성,59450,2,980,1.68,59404.0,-2.0652,1236,72,303,2026-08-07 06:19:23
0107F0,4,KIWOOM 미국고배당&AI테크,11835,5,-140,-1.17,11852.0,4.9967,16241,192,302,2026-08-07 06:19:23
0155M0,4,ACE 미국SMR원자력TOP10,7260,5,-10,-0.14,7168.0,-21.1925,18561,134,301,2026-08-07 06:19:23
0192M0,2,RISE 삼성전자단일종목레버리지,9045,2,30,0.33,9045.0,,53220,485,298,2026-08-07 06:19:23
252710,3,TIGER 200선물인버스2X,106,2,1,0.95,106.0,-25.0,167839118,17690,297,2026-08-07 06:19:23
387270,4,TIGER 글로벌이노베이션액티브,24555,2,150,0.61,24540.0,-6.3508,3038,74,297,2026-08-07 06:19:23
117460,2,KODEX 에너지화학,13685,2,750,5.8,13692.0,-31.4237,38390,511,297,2026-08-07 06:19:23
0192T0,2,SOL 코스닥TOP10,7115,2,95,1.35,7133.0,,509414,3543,295,2026-08-07 06:19:23
395170,2,KODEX Top10동일가중,14675,5,-200,-1.34,14712.0,-21.0785,4781,70,294,2026-08-07 06:19:23
271060,5,KODEX 3대농산물선물(H),8050,3,0,0.0,8064.0,-5.2384,19987,160,292,2026-08-07 06:19:23
0204S0,1,TIGER 코스닥액티브,6520,5,-70,-1.06,6524.0,,44040,286,291,2026-08-07 06:19:23
475380,7,RISE 글로벌리얼티인컴,10700,5,-30,-0.28,10657.0,-4.9635,4670,49,289,2026-08-07 06:19:23
414270,4,ACE 글로벌자율주행액티브,12290,5,-50,-0.41,12267.0,-10.7737,26611,326,289,2026-08-07 06:19:23
0137W0,4,KIWOOM 미국S&P500&GOLD,10685,5,-25,-0.23,10676.0,3.1786,4221,45,288,2026-08-07 06:19:23
450190,4,KODEX 한중반도체(합성),47700,2,240,0.51,47369.0,-5.4111,198,9,286,2026-08-07 06:19:23
0164G0,4,RISE 차이나AI반도체TOP4Plus,13615,2,190,1.42,13652.0,3.3487,10938,150,286,2026-08-07 06:19:23
489290,4,WON 미국빌리어네어,15430,2,15,0.1,15430.0,-2.6217,1801,27,285,2026-08-07 06:19:23
145850,2,TREX 펀더멘탈 200,113870,2,395,0.35,113123.0,-2.308,1,0,285,2026-08-07 06:19:23
0150K0,2,KoAct 수소전력ESS인프라액티브,9980,2,40,0.4,9998.0,-43.8419,57743,579,284,2026-08-07 06:19:23
419430,4,KODEX 차이나2차전지MSCI(합성),10115,2,215,2.17,10134.0,-22.9572,2447,24,283,2026-08-07 06:19:23
459790,4,KIWOOM 미국성장기업30액티브,20940,2,120,0.58,20816.0,-2.6648,356,7,283,2026-08-07 06:19:23
253250,3,KIWOOM 200선물레버리지,82690,5,-1455,-1.73,82820.0,-37.0102,32997,2757,281,2026-08-07 06:19:23
446690,4,KODEX 아시아AI반도체exChina액티브,56070,5,-1015,-1.78,56089.0,-4.3945,7472,429,280,2026-08-07 06:19:23
156080,1,KODEX MSCI Korea,46370,5,-645,-1.37,46499.0,-12.2676,5716,267,278,2026-08-07 06:19:23
261250,7,KODEX 미국달러선물레버리지,16755,5,-120,-0.71,16787.0,-3.901,93187,1571,278,2026-08-07 06:19:23
0223R0,4,TIGER 미국테크NYSE100액티브,9575,2,50,0.52,9521.0,,34423,329,277,2026-08-07 06:19:23
275290,2,KODEX 가치주,30660,5,-440,-1.41,30751.0,-7.9856,1175,36,276,2026-08-07 06:19:23
437350,6,RISE 미국단기투자등급회사채액티브,12525,5,-50,-0.4,12523.0,-1.7579,9085,114,276,2026-08-07 06:19:23
245360,4,TIGER 차이나HSCEI,12735,2,45,0.35,12741.0,-4.7941,3649,46,274,2026-08-07 06:19:23
469790,2,KIWOOM 코리아테크TOP10,39070,5,-460,-1.16,39102.0,-5.029,1269,50,273,2026-08-07 06:19:23
0083S0,4,1Q 미국메디컬AI,9725,5,-15,-0.15,9674.0,-2.297,36061,351,272,2026-08-07 06:19:23
479850,2,HANARO K-뷰티,18105,2,40,0.22,18160.0,4.907,109142,1969,272,2026-08-07 06:19:23
167860,6,KIWOOM 국고채10년레버리지,93615,5,-1125,-1.19,93495.0,-1.1375,124,11,271,2026-08-07 06:19:23
223190,2,KODEX 200가치저변동,27125,2,290,1.08,27196.0,-7.6773,2384,64,271,2026-08-07 06:19:23
0115C0,4,RISE 미국고배당다우존스TOP10,11275,5,-80,-0.7,11236.0,5.1737,19279,217,271,2026-08-07 06:19:23
493420,4,SOL 미국배당다우존스2호,12865,5,-50,-0.39,12847.0,4.4525,5453,70,270,2026-08-07 06:19:23
0013R0,7,RISE 테슬라미국채타겟커버드콜혼합(합성),7885,5,-50,-0.63,7880.0,-7.9298,5300,41,268,2026-08-07 06:19:23
0152E0,2,SOL 배당성향탑픽액티브,11165,2,85,0.77,11192.0,-11.7235,8913,98,268,2026-08-07 06:19:23
0065G0,4,KODEX 차이나테크TOP10,9565,2,45,0.47,9604.0,-6.7396,9878,94,268,2026-08-07 06:19:23
0103T0,2,1Q K소버린AI,8605,5,-205,-2.33,8631.0,-5.2179,125800,1080,267,2026-08-07 06:19:23
0047R0,4,RISE 팔란티어고정테크100,15215,5,-25,-0.16,15199.0,8.5458,12428,189,266,2026-08-07 06:19:23
0166N0,1,PLUS 코스닥150액티브,6955,5,-35,-0.5,6950.0,-41.2606,133863,923,264,2026-08-07 06:19:23
440340,7,TIGER 글로벌멀티에셋TIF액티브,12285,5,-80,-0.65,12287.0,-0.0795,29731,367,264,2026-08-07 06:19:23
0097L0,7,KIWOOM 한국고배당&미국AI테크,12870,2,60,0.47,12896.0,-4.3243,3523,45,264,2026-08-07 06:19:23
289480,3,TIGER 200커버드콜,11445,2,10,0.09,11474.0,1.4511,17323,198,263,2026-08-07 06:19:23
0184E0,7,1Q 200채권혼합50액티브,10510,5,-85,-0.8,10421.0,-3.6088,95533,1001,263,2026-08-07 06:19:23
461600,6,SOL 미국30년국채액티브(H),8340,5,-60,-0.71,8330.0,-2.3824,1525,12,263,2026-08-07 06:19:23
483570,4,KCGI 미국S&P500 TOP10,16395,2,85,0.52,16339.0,0.1535,4524,73,262,2026-08-07 06:19:23
0193L0,2,PLUS 삼성전자선물단일종목인버스2X,13115,5,-190,-1.43,13176.0,,962365,12452,262,2026-08-07 06:19:23
292770,6,KODEX 국채선물3년인버스,57465,3,0,0.0,57493.0,0.0261,0,0,262,2026-08-07 06:19:23
0203S0,7,WON 삼성전자현대차채권혼합50,8350,5,-20,-0.24,8359.0,,48045,401,259,2026-08-07 06:19:23
368190,2,HANARO Fn K-뉴딜디지털플러스,8005,2,275,3.56,8022.0,-21.3632,218,1,256,2026-08-07 06:19:23
0049K0,7,ACE 미국배당퀄리티채권혼합50,11330,2,35,0.31,11302.0,2.4305,9528,107,255,2026-08-07 06:19:23
0218J0,7,RISE 미국우주&로봇TOP2미국채혼합50,8490,2,100,1.19,8502.0,,45660,386,255,2026-08-07 06:19:23
300950,2,KODEX 게임산업,5890,2,190,3.33,5890.0,-16.7884,64252,373,253,2026-08-07 06:19:23
438320,4,TIGER 차이나항셍테크레버리지(합성 H),5755,2,5,0.09,5832.0,-10.7143,11589,66,253,2026-08-07 06:19:23
277540,4,ACE 아시아TOP50,31360,2,10,0.03,31180.0,-4.0111,2983,94,251,2026-08-07 06:19:23
117680,2,KODEX 철강,11890,5,-35,-0.29,11928.0,-33.1808,110307,1303,250,2026-08-07 06:19:23
0067V0,4,TIGER 차이나글로벌리더스TOP3+,10400,2,135,1.32,10463.0,-8.5524,1723,17,250,2026-08-07 06:19:23
185680,4,KODEX 미국S&P바이오(합성),46705,2,440,0.95,46850.0,10.576,1017,47,248,2026-08-07 06:19:23
0093D0,7,KoAct 팔란티어밸류체인액티브,17700,5,-30,-0.17,17618.0,0.5102,1919,33,248,2026-08-07 06:19:23
280930,4,KODEX 미국러셀2000(H),16975,5,-130,-0.76,16970.0,5.3263,4505,76,246,2026-08-07 06:19:23
269420,4,KODEX S&P글로벌인프라(합성),22980,5,-20,-0.09,23131.0,-5.3888,1101,25,244,2026-08-07 06:19:23
388280,2,RISE K엔터&여행레저,7340,3,0,0.0,7373.0,-10.3238,7711,56,244,2026-08-07 06:19:23
481340,6,RISE 미국30년국채액티브,8835,5,-105,-1.17,8853.0,-5.3188,15668,138,243,2026-08-07 06:19:23
195970,4,PLUS 선진국MSCI(합성 H),16505,3,0,0.0,16610.0,5.4632,3029,50,241,2026-08-07 06:19:23
138230,7,KIWOOM 미국달러선물,16570,5,-50,-0.3,16575.0,-1.6569,1137,18,240,2026-08-07 06:19:23
0190M0,4,KIWOOM 미국AI테크하이베타,8845,2,95,1.09,8735.0,,27540,242,239,2026-08-07 06:19:23
204450,4,KODEX 차이나H레버리지(H),2360,2,15,0.64,2381.0,-9.4595,63863,150,238,2026-08-07 06:19:23
477730,4,KODEX 인도타타그룹,7945,5,-35,-0.44,7960.0,-0.6748,2098,16,238,2026-08-07 06:19:23
261060,2,TIGER 코스닥150IT,20530,5,-675,-3.18,20583.0,-29.3167,58012,1183,238,2026-08-07 06:19:23
457690,6,KODEX 33-06 국고채액티브,10535,5,-20,-0.19,10542.0,-0.0474,18536,195,237,2026-08-07 06:19:23
225130,4,ACE 골드선물 레버리지(합성 H),46915,2,915,1.99,47021.0,-20.0696,6318,293,235,2026-08-07 06:19:23
0144M0,4,KODEX 미국드론UAM TOP10,8220,2,90,1.11,8241.0,1.0565,10884,89,234,2026-08-07 06:19:23
496120,1,ACE 코리아밸류업,31225,5,-360,-1.14,31311.0,-6.5292,2821,88,234,2026-08-07 06:19:23
300640,2,RISE 게임테마,6750,2,150,2.27,6743.0,-16.1905,18649,124,233,2026-08-07 06:19:23
469160,4,ACE 일본반도체,25825,5,-670,-2.53,25806.0,1.0102,8883,229,232,2026-08-07 06:19:23
411540,1,SOL 200 Top10,16555,5,-130,-0.78,16642.0,-14.0538,5495,91,232,2026-08-07 06:19:23
139250,2,TIGER 200 에너지화학,17000,2,720,4.42,16997.0,-24.0913,43682,724,231,2026-08-07 06:19:23
471460,6,KIWOOM 국고채30년액티브,46105,5,-95,-0.21,46060.0,-9.6864,664,30,231,2026-08-07 06:19:23
442550,7,RISE TDF2030액티브 적격,14870,5,-30,-0.2,14768.0,1.0201,2249,33,230,2026-08-07 06:19:23
364990,2,TIGER 게임TOP10,5035,2,150,3.07,5048.0,-16.9218,282510,1413,229,2026-08-07 06:19:23
433220,4,에셋플러스 글로벌대장장이액티브,30870,2,195,0.64,30734.0,-8.2823,106,3,228,2026-08-07 06:19:23
447660,7,PLUS 애플채권혼합,13795,2,35,0.25,13760.0,3.3694,20941,289,228,2026-08-07 06:19:23
0206G0,7,1Q 현대차기아채권혼합50,8240,5,-40,-0.48,8264.0,,188263,1544,227,2026-08-07 06:19:23
217770,5,TIGER 원유선물인버스(H),1398,5,-45,-3.12,1398.0,13.891,201656,280,226,2026-08-07 06:19:23
0047P0,4,RISE 테슬라고정테크100,14580,5,-25,-0.17,14530.0,1.489,2067,30,226,2026-08-07 06:19:23
0186L0,4,KoAct 미국로봇피지컬AI액티브,9745,5,-80,-0.81,9688.0,-5.0725,13572,132,224,2026-08-07 06:19:23
091220,2,TIGER 은행,17200,2,450,2.69,17223.0,4.1274,79139,1346,224,2026-08-07 06:19:23
461450,1,KODEX 코스닥글로벌,14855,5,-20,-0.13,14928.0,-26.4161,4592,67,223,2026-08-07 06:19:23
463300,4,RISE 중국본토CSI300,13860,2,210,1.54,13852.0,-4.7748,836,11,222,2026-08-07 06:19:23
292500,1,SOL KRX300,44220,5,-470,-1.05,44374.0,-14.3163,202,9,221,2026-08-07 06:19:23
0153X0,4,PLUS 미국고배당주액티브,11310,5,-60,-0.53,11295.0,4.8719,17325,196,221,2026-08-07 06:19:23
0026E0,4,KODEX 미국S&P500버퍼3월액티브,11915,5,-65,-0.54,12021.0,0.7569,16,0,220,2026-08-07 06:19:23
0221Z0,2,ACE K바이오코스닥액티브,11000,5,-55,-0.5,11055.0,,364574,3976,220,2026-08-07 06:19:23
289250,2,TIGER MSCI KOREA ESG유니버설,31785,5,-95,-0.3,31864.0,-8.9031,887,28,219,2026-08-07 06:19:23
239660,6,PLUS 우량회사채50,121555,5,-15,-0.01,121568.0,0.6957,673,81,219,2026-08-07 06:19:23
292160,1,TIGER KRX300,43490,5,-370,-0.84,43577.0,-14.4561,52369,2285,217,2026-08-07 06:19:23
0177A0,2,WON 두산그룹포커스,8525,5,-20,-0.23,8517.0,-33.4761,24660,207,217,2026-08-07 06:19:23
159800,1,마이티 코스피100,77130,5,-1020,-1.31,77707.0,-12.4861,14,1,216,2026-08-07 06:19:23
364690,1,KODEX 혁신기술테마액티브,35720,5,-105,-0.29,35757.0,-13.9608,649,23,214,2026-08-07 06:19:23
253290,7,RISE 헬스케어채권혼합,11865,2,35,0.3,11903.0,-4.5794,12209,143,214,2026-08-07 06:19:23
464600,2,SOL 자동차소부장Fn,22460,5,-225,-0.99,22549.0,-3.9382,2071,46,213,2026-08-07 06:19:23
0198D0,2,1Q SK하이닉스선물단일종목레버리지,6530,5,-710,-9.81,6557.0,,58495,402,211,2026-08-07 06:19:23
169950,4,KODEX 차이나A50,26310,2,215,0.82,26726.0,-5.9471,418,11,210,2026-08-07 06:19:23
367740,2,HANARO Fn5G산업,38220,5,-395,-1.02,38527.0,-9.1412,819,31,210,2026-08-07 06:19:23
489000,6,PLUS 일본엔화초단기국채(합성),9480,5,-50,-0.52,9481.0,-3.1505,11638,110,209,2026-08-07 06:19:23
152380,6,KODEX 국채선물10년,65330,5,-140,-0.21,65401.0,-0.7279,666,43,208,2026-08-07 06:19:23
416090,4,ACE 중국과창판STAR50,13835,2,275,2.03,13767.0,-0.5136,9948,137,208,2026-08-07 06:19:23
371450,4,TIGER 글로벌클라우드컴퓨팅INDXX,13615,5,-65,-0.48,13330.0,16.8232,16313,225,207,2026-08-07 06:19:23
0104P0,2,TIGER 코리아배당다우존스위클리커버드콜,11375,2,75,0.66,11403.0,-4.5466,24014,272,205,2026-08-07 06:19:23
0198B0,2,1Q 삼성전자선물단일종목레버리지,9235,2,45,0.49,9248.0,,14481,136,204,2026-08-07 06:19:23
376410,2,TIGER 탄소효율그린뉴딜,22440,5,-265,-1.17,22491.0,-11.9598,505,11,202,2026-08-07 06:19:23
375760,2,HANARO 탄소효율그린뉴딜,22275,5,-310,-1.37,22370.0,-12.024,362,8,200,2026-08-07 06:19:23
0127R0,4,RISE 미국AI클라우드인프라,16695,5,-515,-2.99,16434.0,2.082,11826,196,200,2026-08-07 06:19:23
226980,1,KODEX 200 중소형,22040,2,140,0.64,22119.0,-25.1748,6400,141,198,2026-08-07 06:19:23
445910,2,TIGER MKF배당귀족,20870,2,185,0.89,20930.0,-7.8861,3903,81,198,2026-08-07 06:19:23
304770,1,HANARO 코스닥150,13560,2,20,0.15,13601.0,-33.0697,6302,84,198,2026-08-07 06:19:23
497780,4,KoAct 미국천연가스인프라액티브,10690,2,95,0.9,10703.0,-7.9873,37293,399,198,2026-08-07 06:19:23
0223A0,2,RISE 코스닥커버드콜액티브,9830,5,-190,-1.9,9881.0,,278269,2703,197,2026-08-07 06:19:23
404260,2,KODEX 기후변화솔루션,21845,5,-155,-0.7,22210.0,-21.0632,378,8,197,2026-08-07 06:19:23
461910,4,PLUS 미국테크TOP10레버리지(합성),39200,2,200,0.51,38937.0,-2.6218,125,4,196,2026-08-07 06:19:23
483330,4,ACE 마이크로소프트밸류체인액티브,15050,2,60,0.4,14913.0,6.0863,131496,1980,196,2026-08-07 06:19:23
108590,1,TREX 200,97690,5,-1025,-1.04,97616.0,-12.5241,21,2,195,2026-08-07 06:19:23
417630,2,TIGER KEDI혁신기업ESG30,18525,2,45,0.24,18552.0,-13.3209,61387,1129,195,2026-08-07 06:19:23
0207G0,2,SOL 우주항공밸류체인,6760,2,215,3.28,6779.0,,766468,5219,193,2026-08-07 06:19:23
236350,4,TIGER 인도니프티50레버리지(합성),31040,5,-435,-1.38,30833.0,-2.5391,284,8,192,2026-08-07 06:19:23
415760,4,SOL 차이나육성산업액티브(합성),14115,2,255,1.84,14198.0,0.362,5134,71,192,2026-08-07 06:19:23
0203R0,6,WON 중단기종합채권(A-이상)액티브,50425,2,15,0.03,50436.0,,1,0,192,2026-08-07 06:19:23
213630,4,PLUS 미국다우존스고배당주(합성 H),20820,3,0,0.0,20854.0,3.6078,3583,74,192,2026-08-07 06:19:23
468370,6,KODEX iShares미국인플레이션국채액티브,10960,5,-55,-0.5,10966.0,-3.338,17827,195,189,2026-08-07 06:19:23
337120,2,KODEX 멀티팩터,31400,5,-150,-0.48,31466.0,-14.2243,63,1,188,2026-08-07 06:19:23
0018Z0,4,RISE 미국양자컴퓨팅,18740,2,30,0.16,18539.0,0.0248,3800,71,187,2026-08-07 06:19:23
407310,1,HANARO 200 TOP10,16255,5,-205,-1.25,16294.0,-13.4291,707,11,187,2026-08-07 06:19:23
487950,4,KODEX 대만테크고배당다우존스,12750,5,-140,-1.09,12784.0,4.4052,6898,88,185,2026-08-07 06:19:23
461900,4,PLUS 미국테크TOP10,23090,2,105,0.46,23048.0,-0.3469,895,20,185,2026-08-07 06:19:23
284980,2,RISE 200금융,22435,2,215,0.97,22490.0,-4.3746,6637,148,184,2026-08-07 06:19:23
474920,4,에셋플러스 차이나일등기업포커스10액티브,19495,2,15,0.08,19339.0,11.6332,98,1,183,2026-08-07 06:19:23
289040,2,KODEX MSCI KOREA ESG유니버설,30490,2,25,0.08,30659.0,-10.5463,16,0,183,2026-08-07 06:19:23
0192S0,7,SOL 코스피200채권혼합50,8980,5,-45,-0.5,8991.0,,150836,1365,180,2026-08-07 06:19:23
449580,7,RISE 테슬라애플아마존채권혼합,16200,5,-35,-0.22,16219.0,-1.3132,3708,60,178,2026-08-07 06:19:23
219390,4,RISE 미국S&P원유생산기업(합성 H),7260,2,40,0.55,7432.0,-8.3757,82263,594,178,2026-08-07 06:19:23
477490,4,에셋플러스 글로벌일등기업포커스10액티브,19600,2,10,0.05,19562.0,-5.84,237,4,176,2026-08-07 06:19:23
195920,4,TIGER 일본TOPIX(합성 H),34975,2,155,0.45,35180.0,8.0359,459,15,175,2026-08-07 06:19:23
445690,2,BNK 주주가치액티브,29125,5,-15,-0.05,28902.0,-11.9372,44,1,175,2026-08-07 06:19:23
419650,4,PLUS 글로벌수소&차세대연료전지,5295,5,-55,-1.03,5295.0,-28.3802,9594,50,175,2026-08-07 06:19:23
0104G0,2,PLUS K방산레버리지,6840,2,250,3.79,6857.0,-61.462,59360,396,174,2026-08-07 06:19:23
228820,1,TIGER KTOP30,17430,5,-15,-0.09,17477.0,-10.8451,64440,1121,174,2026-08-07 06:19:23
460660,4,RISE 미국S&P배당킹,12450,5,-75,-0.6,12385.0,9.1838,2259,28,174,2026-08-07 06:19:23
385600,2,ACE 2차전지&친환경차액티브,11580,2,340,3.02,11605.0,-17.8663,4468,51,174,2026-08-07 06:19:23
183710,7,RISE 주식혼합,86455,5,-180,-0.21,86462.0,-8.908,156,13,173,2026-08-07 06:19:23
0105D0,2,SOL 한국AI소프트웨어,9595,5,-290,-2.93,9625.0,-2.4667,69677,674,173,2026-08-07 06:19:23
0086C0,7,TIGER 리츠부동산인프라10채권혼합액티브,9845,2,20,0.2,9864.0,-3.9407,11326,111,172,2026-08-07 06:19:23
229720,1,KODEX KTOP30,34330,5,-235,-0.68,34627.0,-11.2054,1825,62,172,2026-08-07 06:19:23
332620,6,PLUS 미국장기우량회사채,91235,5,-910,-0.99,91087.0,-3.9335,963,87,171,2026-08-07 06:19:23
250730,4,RISE 차이나HSCEI(H),10035,2,80,0.8,10087.0,-2.8307,3500,35,171,2026-08-07 06:19:23
280320,4,ACE 미국IT인터넷(합성 H),21305,5,-200,-0.93,21322.0,6.1975,153,3,170,2026-08-07 06:19:23
304760,1,HANARO KRX300,42590,5,-645,-1.49,42732.0,-13.9216,169,7,170,2026-08-07 06:19:23
276000,4,TIGER 글로벌자원생산기업(합성 H),20035,2,410,2.09,20045.0,-5.4673,314,6,170,2026-08-07 06:19:23
0216Z0,2,ACE K방산TOP5+,9155,2,225,2.52,9181.0,,342429,3083,169,2026-08-07 06:19:23
0224X0,7,1Q 엔비디아알파벳미국채혼합50,10180,5,-15,-0.15,10115.0,,175770,1788,168,2026-08-07 06:19:23
291130,4,ACE MSCI멕시코(합성),18660,2,30,0.16,18799.0,-5.2632,59,1,168,2026-08-07 06:19:23
453630,4,KODEX 미국S&P500필수소비재,12765,5,-75,-0.58,12749.0,0.2977,17665,225,166,2026-08-07 06:19:23
494420,2,PLUS 미국배당증가성장주데일리커버드콜,9745,5,-30,-0.31,9714.0,5.4385,10066,97,166,2026-08-07 06:19:23
0051A0,4,KoAct 브로드컴밸류체인액티브,25420,2,345,1.38,25244.0,1.5182,2434,61,165,2026-08-07 06:19:23
404120,2,TIME K신재생에너지액티브,23555,2,470,2.04,23538.0,-22.6245,1864,43,165,2026-08-07 06:19:23
453820,4,KODEX 인도Nifty50레버리지(합성),12665,5,-60,-0.47,12645.0,-2.8256,1323,16,165,2026-08-07 06:19:23
225060,4,TIGER 이머징마켓MSCI레버리지(합성 H),15440,5,-290,-1.84,15482.0,-3.8215,244,3,164,2026-08-07 06:19:23
432840,4,HANARO 미국S&P500,20420,5,-35,-0.17,20370.0,4.0625,898,18,163,2026-08-07 06:19:23
227830,1,PLUS 코스피,64810,5,-95,-0.15,64782.0,-14.9503,234,15,162,2026-08-07 06:19:23
289260,2,TIGER MSCI KOREA ESG리더스,26625,5,-170,-0.63,26600.0,-5.2511,23737,631,160,2026-08-07 06:19:23
488290,4,MIDAS 일본테크액티브,45410,2,240,0.53,45282.0,0.8821,1073,47,159,2026-08-07 06:19:23
491510,2,파워 K-주주가치액티브,17640,2,90,0.51,17701.0,-7.7819,51,0,159,2026-08-07 06:19:23
265690,4,ACE 러시아MSCI(합성),8535,3,0,0.0,48.0,0.0,0,0,158,2026-08-07 06:19:23
131890,2,ACE 삼성그룹동일가중,39260,2,30,0.08,39390.0,-1.925,424,16,157,2026-08-07 06:19:23
292050,1,RISE KRX300,44500,5,-405,-0.9,44625.0,-14.3444,197,8,156,2026-08-07 06:19:23
391670,1,HK 베스트일레븐액티브,25785,2,115,0.45,25673.0,-10.4483,1,0,155,2026-08-07 06:19:23
379790,4,RISE 유로스탁스50(H),17970,2,135,0.76,17661.0,11.6859,58759,1052,153,2026-08-07 06:19:23
0207Z0,4,KIWOOM 미국우주데이터센터인프라,7250,2,145,2.04,7149.0,,28123,201,152,2026-08-07 06:19:23
0090B0,2,PLUS K방산소부장,6875,5,-105,-1.5,6889.0,-51.0176,15466,104,151,2026-08-07 06:19:23
114460,6,ACE 국고채3년,100790,5,-55,-0.05,100860.0,0.588,497,50,151,2026-08-07 06:19:23
0153P0,2,ACE 리츠부동산인프라액티브,9440,2,50,0.53,9482.0,-6.8025,759,7,151,2026-08-07 06:19:23
438900,2,HANARO Fn K-푸드,11530,2,300,2.67,11568.0,-6.6033,69943,801,150,2026-08-07 06:19:23
337150,2,KODEX 200exTOP,24900,2,245,0.99,24878.0,-16.4606,1327,32,149,2026-08-07 06:19:23
104520,2,KIWOOM 블루칩,14830,2,290,1.99,14821.0,-10.7182,357,5,148,2026-08-07 06:19:23
387280,2,TIGER 퓨처모빌리티액티브,10935,5,-30,-0.27,11012.0,-25.1536,20289,221,148,2026-08-07 06:19:23
453010,7,PLUS KOFR금리,109650,2,5,0.0,109651.0,0.6425,3146,344,147,2026-08-07 06:19:23
0193K0,2,PLUS 삼성전자단일종목레버리지,9770,3,0,0.0,9839.0,,24620,243,147,2026-08-07 06:19:23
0013P0,4,RISE 미국은행TOP10,13260,5,-370,-2.71,13312.0,15.4534,13000,173,146,2026-08-07 06:19:23
102960,2,KODEX 기계장비,13525,2,150,1.12,13544.0,-38.3499,3567,47,143,2026-08-07 06:19:23
484890,6,SOL 머니마켓액티브,52445,3,0,0.0,52439.0,0.6911,12851,673,142,2026-08-07 06:19:23
396510,4,TIGER 차이나클린에너지SOLACTIVE,7695,2,55,0.72,7788.0,-15.3463,3474,26,142,2026-08-07 06:19:23
413930,2,WON AI ESG액티브,25665,5,-20,-0.08,25674.0,-14.3977,19,0,141,2026-08-07 06:19:23
0028X0,4,KODEX 미국금융테크액티브,12150,5,-50,-0.41,12223.0,10.2898,1624,19,140,2026-08-07 06:19:23
0127V0,4,KIWOOM 미국S&P500 TOP10&배당다우비중전환,11075,2,75,0.68,11029.0,0.7308,814,9,138,2026-08-07 06:19:23
266410,2,KODEX 필수소비재,9875,2,205,2.12,9902.0,-2.0271,27682,270,138,2026-08-07 06:19:23
435040,4,ACE 글로벌브랜드TOP10,19735,5,-25,-0.13,19723.0,3.3975,734,14,138,2026-08-07 06:19:23
360150,2,KODEX 코스닥150롱코스피200숏선물,3360,3,0,0.0,3365.0,-27.742,805168,2687,138,2026-08-07 06:19:23
300610,2,TIGER K게임,5690,2,90,1.61,5707.0,-15.916,99078,555,137,2026-08-07 06:19:23
0127T0,4,KIWOOM 미국S&P500&배당다우존스비중전환,11365,5,-25,-0.22,11358.0,3.4789,2861,32,136,2026-08-07 06:19:23
0088N0,2,WON K-글로벌수급상위,10090,5,-170,-1.66,10120.0,-31.0021,5921,59,136,2026-08-07 06:19:23
417450,4,RISE 글로벌수소경제,15925,5,-610,-3.69,16074.0,-19.236,1208,19,135,2026-08-07 06:19:23
489860,4,KIWOOM 글로벌전력GRID인프라,15895,5,-120,-0.75,15931.0,-6.1965,1869,29,135,2026-08-07 06:19:23
234310,2,RISE V&S셀렉트밸류,27005,5,-75,-0.28,27105.0,-14.5068,22,0,135,2026-08-07 06:19:23
0004G0,4,1Q 미국배당TOP30,9540,5,-80,-0.83,9490.0,9.8749,13249,126,134,2026-08-07 06:19:23
0015F0,7,KIWOOM 팔란티어미국30년국채혼합액티브(H),10270,5,-75,-0.72,10322.0,3.7695,5545,57,134,2026-08-07 06:19:23
465670,4,TIGER 미국캐시카우100,16630,5,-220,-1.31,16619.0,11.6715,14790,246,133,2026-08-07 06:19:23
130680,5,TIGER 원유선물Enhanced(H),6330,2,205,3.35,6355.0,-18.7127,49299,313,133,2026-08-07 06:19:23
404650,2,SOL KRX기후변화솔루션,22140,2,335,1.54,22206.0,-21.5789,115,2,133,2026-08-07 06:19:23
0220A0,7,KIWOOM 현대차그룹TOP3채권혼합50,9455,5,-30,-0.32,9463.0,,26046,245,132,2026-08-07 06:19:23
266390,2,KODEX 경기소비재,14650,5,-90,-0.61,14676.0,19.4304,2829,41,132,2026-08-07 06:19:23
244620,2,KODEX 모멘텀Plus,18520,5,-300,-1.59,18711.0,-22.9636,376,6,130,2026-08-07 06:19:23
472720,1,TRUSTON 주주가치액티브,24930,5,-200,-0.8,24911.0,-16.3449,265,6,130,2026-08-07 06:19:23
290080,3,RISE 200고배당커버드콜ATM,7400,2,130,1.79,7429.0,-3.3026,34351,253,130,2026-08-07 06:19:23
496130,1,TRUSTON 코리아밸류업액티브,23955,5,-270,-1.11,24015.0,-13.3584,3,0,129,2026-08-07 06:19:23
428560,4,KODEX 미국ETF산업Top10 Indxx,16080,5,-85,-0.53,16071.0,1.0542,927,14,129,2026-08-07 06:19:23
435550,7,KIWOOM TDF2050액티브 적격,18270,5,-70,-0.38,18241.0,1.547,1801,32,128,2026-08-07 06:19:23
0008E0,4,ACE 미국중심중소형제조업,13360,5,-90,-0.67,13371.0,-8.7827,917,12,127,2026-08-07 06:19:23
453660,4,KODEX 미국S&P500경기소비재,18032,5,-108,-0.6,18091.0,-1.9357,177,3,126,2026-08-07 06:19:23
176950,6,KODEX 국채선물10년인버스,59830,2,95,0.16,59791.0,1.7198,112,6,126,2026-08-07 06:19:23
0000H0,2,KODEX 인도Nifty미드캡100,10830,5,-35,-0.32,10825.0,1.7296,3407,36,125,2026-08-07 06:19:23
269370,4,TIGER S&P글로벌인프라(합성),17785,2,100,0.57,17789.0,-4.4976,292,5,124,2026-08-07 06:19:23
400570,4,KODEX 유럽탄소배출권선물ICE(H),11300,2,95,0.85,11289.0,7.9479,11474,129,124,2026-08-07 06:19:23
363510,6,SOL KIS단기통안채,111980,5,-25,-0.02,111986.0,0.6198,100,11,124,2026-08-07 06:19:23
332610,6,PLUS 미국단기회사채(AAA~A),129325,2,110,0.09,129087.0,-1.7603,358,46,124,2026-08-07 06:19:23
269530,4,PLUS S&P글로벌인프라,20625,5,-70,-0.34,20773.0,-4.6273,1281,26,124,2026-08-07 06:19:23
453060,6,HANARO KOFR금리액티브(합성),111205,2,10,0.01,111195.0,0.6745,311,34,122,2026-08-07 06:19:23
280920,2,PLUS 주도업종,22220,2,350,1.6,22205.0,-17.5651,4583,101,122,2026-08-07 06:19:23
137610,5,TIGER 농산물선물Enhanced(H),5290,3,0,0.0,5302.0,-4.0798,22954,120,122,2026-08-07 06:19:23
457700,6,KODEX 53-09 국고채액티브,9215,5,-10,-0.11,9232.0,-9.3367,3670,33,122,2026-08-07 06:19:23
251590,2,PLUS 고배당저변동50,17320,2,270,1.58,17345.0,-6.9062,7489,129,121,2026-08-07 06:19:23
0084E0,7,KIWOOM 미국대형주500월간목표헤지액티브,10520,5,-60,-0.57,10545.0,-0.3452,3,0,121,2026-08-07 06:19:23
354240,7,RISE 미국고정배당우선증권,10955,5,-30,-0.27,10910.0,-4.3119,1670,18,121,2026-08-07 06:19:23
410870,2,TIME K컬처액티브,10030,2,40,0.4,10069.0,-13.6561,2034,20,120,2026-08-07 06:19:23
279540,2,KODEX 최소변동성,20005,2,75,0.38,20017.0,-14.2149,34,0,120,2026-08-07 06:19:23
448490,6,HANARO 32-10 국고채액티브,53195,5,-210,-0.39,53139.0,-0.8448,1,0,119,2026-08-07 06:19:23
485810,4,TIME 글로벌바이오액티브,10815,5,-135,-1.23,10845.0,9.7194,3988,43,119,2026-08-07 06:19:23
140580,2,RISE 우량업종대표주,23690,2,130,0.55,23741.0,-13.9676,227,5,118,2026-08-07 06:19:23
0067Y0,4,TIGER 차이나AI소프트웨어,11835,2,265,2.29,11830.0,-9.7856,18057,213,118,2026-08-07 06:19:23
0094L0,4,RISE 차이나테크TOP10위클리타겟커버드콜,8430,2,25,0.3,8321.0,-5.0667,4891,41,118,2026-08-07 06:19:23
0093B0,4,RISE 엔비디아고정테크100,13050,2,60,0.46,13024.0,5.8605,750,9,117,2026-08-07 06:19:23
371870,4,ACE 차이나항셍테크,7320,3,0,0.0,7338.0,-4.9351,601,4,117,2026-08-07 06:19:23
464610,2,SOL 의료기기소부장Fn,8060,5,-105,-1.29,8073.0,-13.8714,15439,122,117,2026-08-07 06:19:23
451600,6,PLUS 국고채30년액티브,84995,5,-85,-0.1,84936.0,-10.3525,23,1,116,2026-08-07 06:19:23
419420,4,KODEX 미국클린에너지나스닥,9700,2,155,1.62,9615.0,-17.1343,555,5,116,2026-08-07 06:19:23
395760,2,PLUS ESG성장주액티브,19380,5,-365,-1.85,19506.0,-15.5656,5,0,116,2026-08-07 06:19:23
0222D0,2,KoAct 고배당액티브,10515,2,150,1.45,10522.0,,48046,502,116,2026-08-07 06:19:23
463640,4,KODEX 미국S&P500유틸리티,14250,5,-200,-1.38,14238.0,-6.4275,838,11,114,2026-08-07 06:19:23
451150,4,에셋플러스 글로벌영에이지액티브,18325,5,-55,-0.3,18345.0,1.1557,3,0,114,2026-08-07 06:19:23
498050,2,HANARO 바이오코리아액티브,11360,2,35,0.31,11384.0,-21.4633,2914,32,114,2026-08-07 06:19:23
409810,4,KODEX 미국나스닥100선물인버스(H),5525,5,-10,-0.18,5540.0,-4.2388,99835,552,113,2026-08-07 06:19:23
430500,7,KIWOOM 물가채KIS,113215,2,150,0.13,113149.0,-0.2163,157,17,113,2026-08-07 06:19:23
0208N0,1,IBK 코스피액티브,6770,5,-35,-0.51,6800.0,,8413,58,112,2026-08-07 06:19:23
252650,1,KODEX 200동일가중,18465,2,105,0.57,18466.0,-15.2455,21533,395,111,2026-08-07 06:19:23
140710,2,KODEX 운송,6500,2,25,0.39,6510.0,-2.3976,20474,132,111,2026-08-07 06:19:23
456250,4,KODEX 유럽명품TOP10 STOXX,9565,2,100,1.06,9573.0,7.0715,10469,100,110,2026-08-07 06:19:23
310080,4,RISE 중국MSCI China(H),9550,5,-5,-0.05,9579.0,-2.9457,2710,26,110,2026-08-07 06:19:23
494180,4,TIME 글로벌소비트렌드액티브,13715,5,-10,-0.07,13693.0,-0.7234,613,8,110,2026-08-07 06:19:23
407820,2,에셋플러스 코리아플랫폼액티브,6055,5,-160,-2.57,6080.0,-28.8495,57,0,109,2026-08-07 06:19:23
0002C0,4,에셋플러스 인도일등기업포커스20액티브,10020,5,-40,-0.4,10066.0,4.7916,181,1,108,2026-08-07 06:19:23
373490,2,KODEX 코리아혁신성장액티브,24000,2,335,1.42,24088.0,-27.8507,683,16,108,2026-08-07 06:19:23
385710,2,TIME K이노베이션액티브,10745,2,85,0.8,10748.0,-29.7066,3767,40,107,2026-08-07 06:19:23
446700,2,RISE 배터리 리사이클링,9940,2,225,2.32,9961.0,-37.5041,4115,41,107,2026-08-07 06:19:23
0068M0,4,KODEX 미국S&P500버퍼6월액티브,11925,5,-215,-1.77,12142.0,2.0686,475,5,107,2026-08-07 06:19:23
354350,4,HANARO 글로벌럭셔리S&P(합성),20610,5,-100,-0.48,20931.0,4.3324,207,4,107,2026-08-07 06:19:23
487910,4,ACE 인도컨슈머파워액티브,8890,5,-70,-0.78,8878.0,2.9885,437,3,107,2026-08-07 06:19:23
0001P0,2,마이티 바이오시밀러&CDMO액티브,9490,2,10,0.11,9555.0,-24.2812,485,4,106,2026-08-07 06:19:23
166400,3,TIGER 200커버드콜OTM,21185,5,-190,-0.89,21359.0,-4.4995,516,11,106,2026-08-07 06:19:23
487750,2,BNK 온디바이스AI,26455,5,-590,-2.18,26762.0,-17.2683,378,10,106,2026-08-07 06:19:23
460270,6,KIWOOM 미국달러SOFR금리액티브(합성),12890,2,25,0.19,12866.0,-1.2664,3509,45,104,2026-08-07 06:19:23
0194R0,2,KIWOOM SK하이닉스선물단일종목레버리지,6140,5,-750,-10.89,6201.0,,50429,320,104,2026-08-07 06:19:23
237440,7,TIGER 경기방어채권혼합,10385,2,145,1.42,10364.0,-1.2537,15550,161,104,2026-08-07 06:19:23
0189Z0,2,DAISHIN343 금융&지주고배당,10310,2,115,1.13,10354.0,,245,2,103,2026-08-07 06:19:23
181480,7,ACE 미국부동산리츠(합성 H),85145,5,-930,-1.08,85797.0,1.486,3,0,102,2026-08-07 06:19:23
117690,4,TIGER 차이나항셍30,20340,3,0,0.0,20524.0,-5.197,586,11,102,2026-08-07 06:19:23
429010,4,TIGER 미국나스닥넥스트100,20265,2,95,0.47,20155.0,6.466,205,4,101,2026-08-07 06:19:23
0191S0,1,IBK 코스닥150,13670,5,-45,-0.33,13707.0,,6540,87,101,2026-08-07 06:19:23
0120J0,2,BNK 카카오그룹포커스,8085,2,175,2.21,8083.0,-20.6222,11562,93,101,2026-08-07 06:19:23
463690,4,KODEX 미국S&P500커뮤니케이션,18230,2,25,0.14,18246.0,-6.46,2410,43,100,2026-08-07 06:19:23
140570,2,RISE 수출주,24845,2,360,1.47,24904.0,-19.2048,374,9,99,2026-08-07 06:19:23
0174R0,4,KIWOOM 미국성장다우존스,11690,3,0,0.0,11651.0,3.1774,4745,55,99,2026-08-07 06:19:23
0224D0,4,KIWOOM 미국CPU반도체TOP4+,9920,2,175,1.8,9905.0,,19819,196,99,2026-08-07 06:19:23
399580,4,RISE 글로벌클린에너지,9915,2,80,0.81,9838.0,-14.7549,4635,45,99,2026-08-07 06:19:23
461580,1,TIGER 코스닥글로벌,15232,2,112,0.74,15243.0,-26.5128,64958,972,99,2026-08-07 06:19:23
395150,2,KODEX 웹툰&드라마,1939,2,14,0.73,1943.0,-22.3791,39704,76,99,2026-08-07 06:19:23
281990,2,RISE 중소형고배당,17885,2,130,0.73,17951.0,-13.3746,683,12,98,2026-08-07 06:19:23
0113G0,4,KoAct 미국바이오헬스케어액티브,10925,5,-15,-0.14,10897.0,11.5757,4115,44,98,2026-08-07 06:19:23
0214M0,2,MIDAS 바이오헬스케어액티브,11500,2,110,0.97,11485.0,,1136,12,98,2026-08-07 06:19:23
252000,1,TIGER 200동일가중,19345,2,250,1.31,19337.0,-15.8604,36646,702,97,2026-08-07 06:19:23
301400,1,PLUS 코스닥150,13655,5,-75,-0.55,13724.0,-33.0244,28727,395,96,2026-08-07 06:19:23
0222F0,2,마이티 AI데이터센터밸류체인,11945,5,-25,-0.21,11931.0,,54852,657,96,2026-08-07 06:19:23
371150,4,RISE 차이나항셍테크,7290,2,20,0.28,7318.0,-4.58,252,1,95,2026-08-07 06:19:23
0203D0,7,PLUS 200위클리커버드콜채권혼합,8585,5,-50,-0.58,8607.0,,14291,122,94,2026-08-07 06:19:23
0133E0,4,TIGER 차이나증권,8985,2,15,0.17,9065.0,-0.7744,724,6,94,2026-08-07 06:19:23
375270,7,RISE 글로벌데이터센터리츠(합성),14450,2,45,0.31,14319.0,-9.431,182,2,94,2026-08-07 06:19:23
0084D0,7,KIWOOM 미국테크100월간목표헤지액티브,11710,2,75,0.64,11664.0,0.1148,215,2,94,2026-08-07 06:19:23
0226G0,2,WON 피지컬AI TOP2플러스액티브,11665,5,-95,-0.81,11699.0,,53641,632,93,2026-08-07 06:19:23
480460,7,WON 한국부동산TOP3플러스,9265,2,145,1.59,9290.0,-8.6033,178,1,93,2026-08-07 06:19:23
449680,7,TIGER 한중전기차(합성),10815,5,-25,-0.23,11039.0,-28.8714,2,0,92,2026-08-07 06:19:23
341850,7,TIGER 리츠부동산인프라채권,4550,3,0,0.0,4578.0,-4.9506,3907,17,91,2026-08-07 06:19:23
497510,4,ACE 글로벌빅파마,12940,2,5,0.04,12959.0,8.1154,2635,34,91,2026-08-07 06:19:23
105010,4,TIGER 라틴35,6465,3,0,0.0,6459.0,-8.6373,2258,14,91,2026-08-07 06:19:23
482030,2,KoAct 반도체&2차전지핵심소재액티브,8620,2,65,0.76,8608.0,-42.4874,4665,40,91,2026-08-07 06:19:23
404540,2,TIGER KRX기후변화솔루션,22265,2,300,1.37,22322.0,-21.6392,486,10,89,2026-08-07 06:19:23
435540,7,KIWOOM TDF2040액티브 적격,17750,5,-35,-0.2,17711.0,1.3292,1295,22,89,2026-08-07 06:19:23
230480,7,KIWOOM 미국달러선물인버스2X,4380,2,5,0.11,4398.0,3.5502,560,2,88,2026-08-07 06:19:23
0184N0,7,PLUS 은채권혼합,8785,2,95,1.09,8688.0,,22734,198,88,2026-08-07 06:19:23
395280,2,HANARO Fn K-게임,3715,2,75,2.06,3725.0,-15.0526,1178,4,87,2026-08-07 06:19:23
0219B0,2,KoAct 광통신&위성네트워크액티브,10785,2,115,1.08,10855.0,,79173,859,86,2026-08-07 06:19:23
215620,2,HK S&P코리아로우볼,15950,3,0,0.0,16330.0,-9.375,0,0,86,2026-08-07 06:19:23
429980,7,SOL 한국형글로벌전기차&2차전지액티브,17210,2,60,0.35,17312.0,-13.0104,131,2,86,2026-08-07 06:19:23
497520,4,ACE 일라이릴리밸류체인,13190,2,120,0.92,13256.0,8.3298,5722,75,86,2026-08-07 06:19:23
0215T0,4,HANARO 미국AI광통신TOP10,9505,2,345,3.77,9275.0,,17008,160,86,2026-08-07 06:19:23
0219Z0,4,HANARO 미국S&P500액티브,10605,2,105,1.0,10619.0,,17725,188,85,2026-08-07 06:19:23
0216K0,7,KIWOOM 미국우주테크TOP2채권혼합50,8475,2,120,1.44,8509.0,,33032,280,85,2026-08-07 06:19:23
462340,4,에셋플러스 글로벌다이나믹시니어액티브,16945,3,0,0.0,16769.0,8.0676,0,0,85,2026-08-07 06:19:23
174350,2,TIGER 로우볼,21170,2,395,1.9,21242.0,0.9109,36441,765,85,2026-08-07 06:19:23
270800,2,RISE KQ고배당,15295,5,-60,-0.39,15402.0,-15.2055,65,1,84,2026-08-07 06:19:23
487920,4,ACE 인도시장대표BIG5그룹액티브,8410,5,-90,-1.06,8413.0,0.4134,469,3,84,2026-08-07 06:19:23
261110,7,TIGER 미국달러선물레버리지,16810,5,-135,-0.8,16830.0,-3.7216,1636,27,84,2026-08-07 06:19:23
182490,6,TIGER 단기선진하이일드(합성 H),13895,2,5,0.04,13848.0,0.325,258,3,83,2026-08-07 06:19:23
0194N0,2,KIWOOM 삼성전자선물단일종목레버리지,9005,2,30,0.33,9054.0,,25495,233,83,2026-08-07 06:19:23
381570,2,HANARO Fn친환경에너지,9795,2,295,3.11,9867.0,-36.73,12706,125,83,2026-08-07 06:19:23
217780,4,TIGER 차이나CSI300인버스(합성),5230,5,-65,-1.23,5276.0,4.6442,196,1,81,2026-08-07 06:19:23
225800,7,KIWOOM 미국달러선물레버리지,15885,2,55,0.35,15841.0,-4.696,56,0,81,2026-08-07 06:19:23
0082F0,4,HANARO 유럽방산,11500,3,0,0.0,11472.0,7.6779,289,3,81,2026-08-07 06:19:23
256450,4,PLUS 심천차이넥스트(합성),15920,2,315,2.02,16014.0,-8.5556,953,15,80,2026-08-07 06:19:23
466810,2,BNK 2차전지양극재,5460,2,250,4.8,5480.0,-44.5155,7612,40,79,2026-08-07 06:19:23
494210,4,SOL 미국500타겟데일리커버드콜액티브,11255,5,-25,-0.22,11260.0,3.8553,17230,194,79,2026-08-07 06:19:23
435530,7,KIWOOM TDF2030액티브 적격,15750,5,-80,-0.51,15699.0,1.133,581,9,79,2026-08-07 06:19:23
0166T0,4,PLUS 글로벌저작권핵심기업액티브,9800,2,35,0.36,9857.0,-2.7875,32768,321,78,2026-08-07 06:19:23
189400,4,PLUS 글로벌MSCI(합성 H),25990,5,-110,-0.42,25959.0,5.2207,70,1,78,2026-08-07 06:19:23
457930,2,BNK 미래전략기술액티브,25985,5,-555,-2.09,26336.0,-20.8942,20,0,78,2026-08-07 06:19:23
0094X0,4,1Q 샤오미밸류체인액티브,8620,2,40,0.47,8704.0,-12.5668,1480,12,78,2026-08-07 06:19:23
0218K0,2,BNK 스마트카,10280,2,50,0.49,10311.0,,55,0,77,2026-08-07 06:19:23
225050,4,TIGER 유로스탁스레버리지(합성 H),17030,2,330,1.98,17116.0,19.1155,330,5,77,2026-08-07 06:19:23
390400,4,KODEX 미국스마트모빌리티S&P,7620,5,-5,-0.07,7622.0,-3.3513,964,7,76,2026-08-07 06:19:23
0005C0,6,RISE 미국S&P500엔화노출(합성 H),11655,5,-45,-0.38,11642.0,1.4744,715,8,76,2026-08-07 06:19:23
395750,2,PLUS ESG가치주액티브,18930,5,-230,-1.2,19011.0,-12.8695,26,0,76,2026-08-07 06:19:23
0172Y0,2,ACE K수출핵심TOP10산업액티브,8905,5,-160,-1.77,8937.0,-23.7595,8190,73,76,2026-08-07 06:19:23
0047N0,4,PLUS 차이나AI테크TOP10,10785,2,180,1.7,10811.0,-5.3125,1351,14,75,2026-08-07 06:19:23
227570,2,TIGER 우량가치,20890,2,250,1.21,20965.0,-12.0393,42644,887,75,2026-08-07 06:19:23
253280,2,RISE 헬스케어,13525,2,100,0.74,13554.0,-16.615,1458,19,74,2026-08-07 06:19:23
304670,6,KODEX 미국30년국채울트라선물인버스(H),12350,2,110,0.9,12361.0,2.8139,16,0,74,2026-08-07 06:19:23
488480,4,RISE 일본섹터TOP4Plus,13465,2,115,0.86,13441.0,-1.1586,419,5,74,2026-08-07 06:19:23
437370,4,RISE 글로벌농업경제,10570,2,25,0.24,10545.0,-6.2164,487,5,74,2026-08-07 06:19:23
438740,2,MIDAS 중소형액티브,32495,5,-5,-0.02,32597.0,-22.4066,25,0,73,2026-08-07 06:19:23
450180,7,KODEX 한중전기차(합성),11245,2,185,1.67,11336.0,-29.4193,99,1,73,2026-08-07 06:19:23
285690,2,FOCUS ESG리더스,20745,3,0,0.0,20909.0,-14.0994,0,0,73,2026-08-07 06:19:23
368680,2,KODEX K-뉴딜디지털플러스,8065,2,330,4.27,8080.0,-22.4782,211,1,73,2026-08-07 06:19:23
326230,2,RISE 내수주플러스,11340,2,120,1.07,11368.0,-7.3493,14,0,73,2026-08-07 06:19:23
0138D0,2,RISE 동학개미,11115,5,-100,-0.89,11116.0,-37.4163,407,4,72,2026-08-07 06:19:23
402460,2,HANARO Fn K-메타버스MZ,14440,2,95,0.66,14457.0,13.3959,105,1,72,2026-08-07 06:19:23
400590,4,SOL 글로벌탄소배출권선물ICE(합성),14215,2,45,0.32,14417.0,3.544,557,7,71,2026-08-07 06:19:23
139660,7,KIWOOM 미국달러선물인버스,8145,5,-15,-0.18,8175.0,2.6415,27,0,71,2026-08-07 06:19:23
0184V0,2,UNICORN K바이오액티브,6330,2,50,0.8,6324.0,,9412,58,70,2026-08-07 06:19:23
244670,2,KODEX 밸류Plus,11510,2,150,1.32,11625.0,-11.1625,3148,36,69,2026-08-07 06:19:23
0036Z0,4,RISE 미국천연가스밸류체인,12500,2,65,0.52,12468.0,-4.8286,1275,15,69,2026-08-07 06:19:23
139290,2,TIGER 200 경기소비재,26140,5,-500,-1.88,26311.0,-4.6358,29719,786,68,2026-08-07 06:19:23
456200,6,PLUS 미국달러SOFR금리액티브(합성),61505,2,155,0.25,61352.0,-1.7457,580,35,68,2026-08-07 06:19:23
316300,7,ACE 싱가포르리츠,13490,5,-85,-0.63,13488.0,-1.664,347,4,67,2026-08-07 06:19:23
429740,7,PLUS K리츠,6110,2,80,1.33,6151.0,-10.5622,812,4,67,2026-08-07 06:19:23
307510,2,TIGER 의료기기,13435,5,-150,-1.1,13423.0,-23.399,3739,50,67,2026-08-07 06:19:23
139240,2,TIGER 200 철강소재,10725,5,-150,-1.38,10751.0,-32.0313,40868,441,66,2026-08-07 06:19:23
0087F0,4,ACE 차이나AI빅테크TOP2+액티브,13060,2,190,1.48,13023.0,4.5491,3052,39,65,2026-08-07 06:19:23
219900,4,ACE 중국본토CSI300레버리지(합성),4635,2,150,3.34,4622.0,-14.8957,691,3,65,2026-08-07 06:19:23
315270,2,TIGER 200커뮤니케이션서비스,20280,5,-115,-0.56,20258.0,-7.381,28389,578,65,2026-08-07 06:19:23
0102X0,4,ACE 유럽방산TOP10,9945,5,-100,-1.0,9994.0,0.9216,2158,21,65,2026-08-07 06:19:23
272570,6,RISE 중장기국공채액티브,108225,5,-40,-0.04,108141.0,0.3615,5,0,63,2026-08-07 06:19:23
451670,6,RISE 국채30년레버리지(합성),12385,5,-55,-0.44,12421.0,-22.2986,328,4,62,2026-08-07 06:19:23
314700,2,HANARO 농업융복합산업,11120,2,185,1.69,11222.0,-21.8575,315,3,61,2026-08-07 06:19:23
0114X0,4,RISE 글로벌게임테크TOP3Plus,8655,2,100,1.17,8653.0,7.2727,1677,14,61,2026-08-07 06:19:23
291890,4,KODEX MSCI EM선물(H),11985,5,-50,-0.42,11982.0,-1.7952,28,0,60,2026-08-07 06:19:23
483020,2,KIWOOM 의료AI,9845,2,115,1.18,9840.0,-24.9518,5542,54,59,2026-08-07 06:19:23
289670,6,PLUS 국채선물10년,52390,5,-165,-0.31,52425.0,-0.4358,323,16,59,2026-08-07 06:19:23
0053M0,2,더제이 중소형포커스액티브,13015,5,-225,-1.7,13006.0,-20.4327,92,1,59,2026-08-07 06:19:23
401590,4,HANARO 글로벌탄소배출권선물ICE(합성),11475,2,95,0.83,11490.0,4.0695,126,1,59,2026-08-07 06:19:23
407300,2,HANARO Fn골프테마,10640,2,160,1.53,10637.0,-22.2044,16,0,59,2026-08-07 06:19:23
138920,5,KODEX 콩선물(H),11700,2,40,0.34,11731.0,-4.5436,268,3,59,2026-08-07 06:19:23
469530,3,RISE 미국달러선물인버스,9120,5,-5,-0.05,9149.0,2.1836,42,0,58,2026-08-07 06:19:23
413220,4,SOL 차이나태양광CSI(합성),4825,2,45,0.94,4854.0,-23.3361,2813,13,58,2026-08-07 06:19:23
400580,4,SOL 유럽탄소배출권선물S&P(H),11525,2,125,1.1,11626.0,6.9418,594,6,58,2026-08-07 06:19:23
250780,3,TIGER 코스닥150선물인버스,2555,2,5,0.2,2554.0,29.5731,446725,1165,56,2026-08-07 06:19:23
499150,4,SOL 미국S&P500엔화노출(H),11240,5,-60,-0.53,11241.0,1.48,121,1,56,2026-08-07 06:19:23
476310,4,RISE 글로벌비만산업TOP2+,10090,2,60,0.6,10237.0,6.5347,1732,17,55,2026-08-07 06:19:23
220130,4,SOL 차이나강소기업CSI500(합성 H),6935,2,155,2.29,6936.0,-7.3771,1233,8,55,2026-08-07 06:19:23
432600,6,RISE 국채선물3년,55345,5,-30,-0.05,55367.0,0.9019,3,0,55,2026-08-07 06:19:23
0176P0,2,FOCUS AI반도체위클리고정커버드콜,11045,5,-210,-1.87,11043.0,-15.4476,6498,73,55,2026-08-07 06:19:23
267450,6,RISE 미국장기국채선물인버스(H),11000,3,0,0.0,11134.0,1.6635,0,0,55,2026-08-07 06:19:23
474390,6,SOL 국고채30년액티브,40845,5,-85,-0.21,40908.0,-10.5649,153,6,55,2026-08-07 06:19:23
0191B0,1,MIDAS 코스닥액티브,27320,5,-650,-2.32,27359.0,,7064,190,55,2026-08-07 06:19:23
433250,1,UNICORN R&D 액티브,21815,5,-310,-1.4,21945.0,-15.9225,9,0,55,2026-08-07 06:19:23
488200,2,KIWOOM K-2차전지북미공급망,11835,2,450,3.95,11825.0,-38.0254,2010,23,53,2026-08-07 06:19:23
470310,2,UNICORN 생성형AI강소기업액티브,17730,5,-375,-2.07,17835.0,2.0,864,15,53,2026-08-07 06:19:23
483030,4,KIWOOM 미국블록버스터바이오테크의약품+,11795,2,30,0.25,11765.0,7.3005,371,4,53,2026-08-07 06:19:23
321410,7,KODEX 멀티에셋하이인컴(H),10595,5,-45,-0.42,10674.0,1.1394,58,0,53,2026-08-07 06:19:23
490330,4,KoAct 미국치매&뇌질환치료제액티브,15135,2,170,1.14,15180.0,18.3471,1610,24,53,2026-08-07 06:19:23
0015E0,7,KIWOOM 엔비디아미국30년국채혼합액티브(H),10590,5,-5,-0.05,10588.0,1.2828,4681,49,53,2026-08-07 06:19:23
261920,4,ACE MSCI필리핀(합성),13215,5,-20,-0.15,13325.0,3.0763,462,6,53,2026-08-07 06:19:23
0174J0,7,DAISHIN343 오피스리츠플러스,8765,2,90,1.04,8830.0,-10.1124,19,0,53,2026-08-07 06:19:23
0073X0,5,FOCUS 알리바바미국채커버드콜혼합,9555,5,-40,-0.42,9520.0,-4.2179,312,2,53,2026-08-07 06:19:23
411860,4,KIWOOM 독일DAX,17510,5,-90,-0.51,17500.0,1.9603,2425,42,53,2026-08-07 06:19:23
0132D0,7,KoAct 글로벌K컬처밸류체인액티브,9475,2,70,0.74,9526.0,-3.7852,2179,20,52,2026-08-07 06:19:23
0128D0,4,PLUS 차이나항셍테크위클리타겟커버드콜,7420,5,-25,-0.34,7467.0,-5.4304,899,6,52,2026-08-07 06:19:23
252420,3,RISE 200선물인버스2X,104,3,0,0.0,103.0,-20.0,3228994,327,52,2026-08-07 06:19:23
295000,6,RISE 국채선물10년,51730,5,-100,-0.19,51755.0,-0.6898,11,0,52,2026-08-07 06:19:23
498610,4,RISE 인도디지털성장,8555,5,-35,-0.41,8564.0,4.3479,89,0,51,2026-08-07 06:19:23
0015K0,4,TIGER 미국소비트렌드액티브,7355,2,25,0.34,7300.0,-1.5447,155,1,50,2026-08-07 06:19:23
391600,4,ACE 미국친환경그린테마,11090,5,-110,-0.98,11050.0,-11.8111,111,1,50,2026-08-07 06:19:23
0078V0,4,PLUS 미국로보택시,9855,5,-45,-0.45,9884.0,-10.4478,381,3,49,2026-08-07 06:19:23
291630,3,KIWOOM 코스닥150선물레버리지,3325,5,-20,-0.6,3348.0,-61.2399,78281,253,48,2026-08-07 06:19:23
0154H0,4,KoAct 차이나바이오헬스케어액티브,8690,2,330,3.95,8858.0,-7.9296,16430,141,48,2026-08-07 06:19:23
267440,6,RISE 미국장기국채선물(H),7935,5,-185,-2.28,8080.0,-1.695,263,2,48,2026-08-07 06:19:23
244660,2,KODEX 퀄리티Plus,9520,2,105,1.12,9567.0,-6.7225,178,1,48,2026-08-07 06:19:23
0131A0,4,SOL 차이나소비트렌드,7890,5,-140,-1.74,8025.0,-17.5142,9649,76,47,2026-08-07 06:19:23
266550,2,PLUS 중형주저변동50,18605,2,75,0.4,18802.0,-11.2123,79,1,47,2026-08-07 06:19:23
373790,4,KIWOOM 미국방어배당성장나스닥,16230,2,80,0.5,16153.0,1.8716,58,0,45,2026-08-07 06:19:23
0050E0,4,PLUS 미국AI에이전트,8105,5,-255,-3.05,8092.0,7.455,1210,9,45,2026-08-07 06:19:23
205720,4,ACE 일본TOPIX인버스(합성 H),1465,5,-8,-0.54,1467.0,-7.9375,1887,2,44,2026-08-07 06:19:23
226380,2,ACE Fn성장소비주도주,5980,2,130,2.22,5974.0,-12.2281,2415,14,42,2026-08-07 06:19:23
227550,2,TIGER 200 산업재,12140,2,305,2.58,12186.0,-30.2799,29132,349,41,2026-08-07 06:19:23
243890,2,TIGER 200에너지화학레버리지,7845,2,550,7.54,7853.0,-50.0,18781,142,41,2026-08-07 06:19:23
277650,2,TIGER 코스피중형주,20420,2,40,0.2,20481.0,-22.9781,169,3,41,2026-08-07 06:19:23
334690,5,RISE 팔라듐선물(H),6235,5,-15,-0.24,6278.0,-11.7855,771,4,41,2026-08-07 06:19:23
238670,7,PLUS 스마트베타Quality채권혼합,13380,5,-25,-0.19,13503.0,-0.2605,199,2,40,2026-08-07 06:19:23
225030,4,TIGER 미국S&P500선물인버스(H),2250,2,20,0.9,2242.0,-5.7083,22230,49,38,2026-08-07 06:19:23
291680,4,RISE 차이나H선물인버스(H),7650,2,5,0.07,7731.0,-0.1307,30,0,38,2026-08-07 06:19:23
0079X0,4,ACE BYD밸류체인액티브,10650,5,-5,-0.05,10613.0,-12.9494,1001,10,37,2026-08-07 06:19:23
488210,2,KIWOOM K-반도체북미공급망,18430,5,-705,-3.68,18466.0,-30.5808,211,3,37,2026-08-07 06:19:23
267490,6,RISE 미국장기국채선물레버리지(합성 H),5005,5,-90,-1.77,5025.0,-4.5881,27,0,35,2026-08-07 06:19:23
427120,2,RISE AI플랫폼,5095,5,-115,-2.21,5098.0,-23.3824,3870,19,34,2026-08-07 06:19:23
145670,3,ACE 인버스,1441,2,3,0.21,1449.0,-3.3603,138105,198,33,2026-08-07 06:19:23
227560,2,TIGER 200 생활소비재,13310,2,260,1.99,13333.0,-5.5451,43276,565,32,2026-08-07 06:19:23
489010,4,PLUS 글로벌AI인프라,21280,2,165,0.78,21072.0,2.5248,380,8,32,2026-08-07 06:19:23
454180,4,KIWOOM 차이나내수소비TOP CSI,7835,5,-145,-1.82,7959.0,-5.5016,6945,54,31,2026-08-07 06:19:23
306530,3,HANARO 코스닥150선물레버리지,6640,5,-10,-0.15,6661.0,-61.8365,18895,122,31,2026-08-07 06:19:23
476000,2,UNICORN 포스트IPO액티브,5500,5,-255,-4.43,5525.0,-49.2057,185861,1018,30,2026-08-07 06:19:23
252410,3,RISE 200선물인버스,1475,2,7,0.48,1476.0,-2.5233,20930,30,30,2026-08-07 06:19:23
280940,5,KODEX 골드선물인버스(H),3515,2,5,0.14,3513.0,9.6875,3222,11,28,2026-08-07 06:19:23
253230,3,KIWOOM 200선물인버스2X,95,5,-2,-2.06,98.0,-25.9542,2954850,284,27,2026-08-07 06:19:23
291620,3,KIWOOM 코스닥150선물인버스,4520,5,-15,-0.33,4533.0,28.1073,45451,208,26,2026-08-07 06:19:23
491630,4,RISE 미국반도체인버스(합성 H),5335,5,-5,-0.09,5337.0,-21.8156,20797,111,25,2026-08-07 06:19:23
275750,3,RISE 코스닥150선물인버스,2590,5,-5,-0.19,2587.0,30.0751,6486,17,23,2026-08-07 06:19:23
334700,5,RISE 팔라듐선물인버스(H),3210,5,-5,-0.16,3206.0,5.5829,712,2,21,2026-08-07 06:19:23
253240,3,KIWOOM 200선물인버스,1476,2,10,0.68,1479.0,-4.1204,107880,159,18,2026-08-07 06:19:23
306520,3,HANARO 200선물인버스,2690,2,20,0.75,2690.0,-1.1112,2611,7,16,2026-08-07 06:19:23
465620,4,ACE 미국빅테크TOP7 Plus인버스(합성),6265,5,-55,-0.87,6300.0,-3.8784,467,2,16,2026-08-07 06:19:23
253160,3,PLUS 200선물인버스2X,199,2,3,1.53,198.0,-26.8657,598865,117,14,2026-08-07 06:19:23
412560,2,TIGER BBIG레버리지,1868,2,95,5.36,1868.0,-39.3847,27850,50,12,2026-08-07 06:19:23
397420,6,RISE 국채선물5년추종,50780,3,0,0.0,50749.0,0.4152,0,0,3,2026-08-07 06:19:23
