itemcode,etfTabCode,itemname,nowVal,risefall,changeVal,changeRate,nav,threeMonthEarnRate,quant,amonut,marketSum,collected_at
069500,1,KODEX 200,114045,2,3225,2.91,114213.0,-15.2537,14308194,1616649,264812,2026-09-08 03:55:34
360750,4,TIGER 미국S&P500,25635,5,-25,-0.1,25639.0,-10.8243,18213100,466507,201632,2026-09-08 03:55:34
133690,4,TIGER 미국나스닥100,176185,2,265,0.15,175205.0,-14.2709,3136020,551354,114203,2026-09-08 03:55:34
102110,1,TIGER 200,114330,2,3300,2.97,114490.0,-15.0561,8649995,979115,107013,2026-09-08 03:55:34
396500,2,TIGER 반도체TOP10,38955,2,1885,5.08,39006.0,-25.1943,7781012,297436,103951,2026-09-08 03:55:34
379800,4,KODEX 미국S&P500,23305,5,-15,-0.06,23306.0,-10.7867,11322435,263632,99839,2026-09-08 03:55:34
379810,4,KODEX 미국나스닥100,26345,2,45,0.17,26196.0,-14.2131,13671338,359448,90640,2026-09-08 03:55:34
278530,1,KODEX 200TR,41295,2,1130,2.81,41363.0,-15.1743,526790,21561,80897,2026-09-08 03:55:34
488770,7,KODEX 머니마켓액티브,105455,2,5,0.0,105459.0,0.856,320828,33833,79885,2026-09-08 03:55:34
122630,3,KODEX 레버리지,119570,2,6525,5.77,119774.0,-40.4494,9800774,1147664,66421,2026-09-08 03:55:34
459580,6,KODEX CD금리액티브(합성),1074117,2,87,0.01,1074318.0,0.7243,666005,715367,65328,2026-09-08 03:55:34
498400,2,KODEX 200타겟위클리커버드콜,21505,2,650,3.12,21534.0,-15.5782,4841883,103172,61762,2026-09-08 03:55:34
091160,2,KODEX 반도체,137150,2,5950,4.54,137438.0,-16.5289,1148113,154692,60003,2026-09-08 03:55:34
0167A0,2,SOL AI반도체TOP2플러스,18570,2,590,3.28,18606.0,-21.1577,9262856,169762,59118,2026-09-08 03:55:34
381180,4,TIGER 미국필라델피아반도체나스닥,41805,2,595,1.44,40899.0,-23.2885,650463,27059,56625,2026-09-08 03:55:34
229200,1,KODEX 코스닥150,14075,2,45,0.32,14119.0,-20.0798,13603475,191219,47538,2026-09-08 03:55:34
148020,1,RISE 200,114885,2,3245,2.91,115072.0,-15.2091,459211,52317,46701,2026-09-08 03:55:34
310970,1,TIGER MSCI Korea TR,51035,2,1575,3.18,51083.0,-15.2575,9370,473,46289,2026-09-08 03:55:34
395160,2,KODEX AI반도체TOP2플러스,42430,2,1585,3.88,42516.0,-16.1724,3605437,150506,43194,2026-09-08 03:55:34
0162Z0,7,RISE 삼성전자SK하이닉스채권혼합50,13975,2,325,2.38,13999.0,-4.844,4801678,66497,42847,2026-09-08 03:55:34
458730,4,TIGER 미국배당다우존스,14645,5,-35,-0.24,14724.0,-6.9,1576328,23086,42251,2026-09-08 03:55:34
411060,5,ACE KRX금현물,26815,2,150,0.56,26765.0,-11.6029,498133,13339,40008,2026-09-08 03:55:34
360200,4,ACE 미국S&P500,25915,5,-20,-0.08,25920.0,-10.7991,982592,25436,38873,2026-09-08 03:55:34
395270,2,HANARO Fn K-반도체,60295,2,2175,3.74,60432.0,-16.2054,1013133,60086,38046,2026-09-08 03:55:34
381170,4,TIGER 미국테크TOP10 INDXX,30290,5,-50,-0.16,30186.0,-12.9662,291422,8809,37438,2026-09-08 03:55:34
233740,3,KODEX 코스닥150레버리지,6935,2,35,0.51,6979.0,-45.6265,38720104,268041,35757,2026-09-08 03:55:34
423160,6,KODEX KOFR금리액티브(합성),110725,2,5,0.0,110719.0,0.6885,37641,4167,35734,2026-09-08 03:55:34
357870,6,TIGER CD금리투자KIS(합성),58025,2,5,0.01,58020.0,0.7554,100164,5811,35535,2026-09-08 03:55:34
102780,2,KODEX 삼성그룹,27050,2,305,1.14,27094.0,-15.2164,243904,6563,34786,2026-09-08 03:55:34
273130,6,KODEX 종합채권(AA-이상)액티브,109925,2,85,0.08,109896.0,-0.1909,10919,1199,34271,2026-09-08 03:55:34
367380,4,ACE 미국나스닥100,30285,2,50,0.17,30118.0,-14.1611,286084,8643,34071,2026-09-08 03:55:34
0043B0,6,TIGER 머니마켓액티브,103587,2,17,0.02,103590.0,0.8913,64253,6655,33046,2026-09-08 03:55:34
487240,2,KODEX AI전력핵심설비,36550,2,35,0.1,36575.0,-15.7611,2067024,75557,31945,2026-09-08 03:55:34
455890,6,RISE 머니마켓액티브,55500,3,0,0.0,55506.0,0.8265,80807,4484,29222,2026-09-08 03:55:34
0193T0,2,KODEX SK하이닉스단일종목레버리지,12305,2,1340,12.22,12358.0,-52.6555,20806887,244334,28935,2026-09-08 03:55:34
139260,2,TIGER 200 IT,144935,2,4035,2.86,145257.0,-18.2018,167157,23948,28726,2026-09-08 03:55:34
472150,2,TIGER 배당커버드콜액티브,21225,2,550,2.66,21276.0,-13.7859,4152515,87273,26794,2026-09-08 03:55:34
481050,6,KODEX CD1년금리플러스액티브(합성),1022280,2,95,0.01,1022295.0,0.7799,30200,30872,25117,2026-09-08 03:55:34
426030,4,TIME 미국나스닥100액티브,45900,2,675,1.49,45047.0,-22.2404,448154,20472,24942,2026-09-08 03:55:34
278540,1,KODEX MSCI Korea TR,40600,2,1190,3.02,40667.0,-15.1744,13797,554,24888,2026-09-08 03:55:34
161510,2,PLUS 고배당주,25425,5,-125,-0.49,25467.0,-2.7441,544684,13917,24301,2026-09-08 03:55:34
449170,6,TIGER KOFR금리액티브(합성),111810,2,10,0.01,111805.0,0.6708,30268,3384,24037,2026-09-08 03:55:34
486290,4,TIGER 미국나스닥100타겟데일리커버드콜,10255,2,10,0.1,10194.0,-14.3047,1373856,14053,23807,2026-09-08 03:55:34
292150,2,TIGER 코리아TOP10,40145,2,1305,3.36,40228.0,-15.0887,402145,15983,21518,2026-09-08 03:55:34
456600,4,TIME 글로벌AI인공지능액티브,57980,2,190,0.33,57417.0,-17.7835,108815,6310,21047,2026-09-08 03:55:34
385540,6,RISE 종합채권(A-이상)액티브,103010,2,120,0.12,103018.0,-0.1117,595,61,20861,2026-09-08 03:55:34
284430,6,KODEX 200미국채혼합50,21095,2,295,1.42,21108.0,-13.4827,355787,7463,20437,2026-09-08 03:55:34
294400,1,KIWOOM 200TR,149645,2,4115,2.83,149919.0,-15.1355,125152,18565,19155,2026-09-08 03:55:34
442580,4,PLUS 글로벌HBM반도체,106285,2,3795,3.7,105076.0,-14.4491,505456,52987,18100,2026-09-08 03:55:34
214980,6,KODEX 단기채권PLUS,114675,2,10,0.01,114692.0,0.7359,18116,2077,18090,2026-09-08 03:55:34
105190,1,ACE 200,114280,2,3215,2.89,114475.0,-15.3889,45500,5148,17885,2026-09-08 03:55:34
0195S0,2,TIGER SK하이닉스단일종목레버리지,10460,2,1155,12.41,10488.0,-52.9695,11721024,117138,17364,2026-09-08 03:55:34
305720,2,KODEX 2차전지산업,14740,5,-95,-0.64,14761.0,-17.2385,2397994,35564,17172,2026-09-08 03:55:34
0193W0,2,KODEX 삼성전자단일종목레버리지,13365,2,790,6.28,13450.0,-50.8117,7359252,95863,17000,2026-09-08 03:55:34
441640,4,KODEX 미국배당커버드콜액티브,12370,5,-45,-0.36,12405.0,-8.2147,626262,7749,16730,2026-09-08 03:55:34
477080,6,RISE CD금리액티브(합성),107515,2,10,0.01,107521.0,0.7119,2780,298,16680,2026-09-08 03:55:34
0177N0,7,KODEX 삼성전자SK하이닉스채권혼합50,14750,2,335,2.32,14780.0,-4.6991,3314392,48444,16063,2026-09-08 03:55:34
446770,4,ACE 글로벌반도체TOP4 Plus,78620,2,1460,1.89,77904.0,-16.0733,97739,7612,15803,2026-09-08 03:55:34
152100,1,PLUS 200,115820,2,3360,2.99,115961.0,-15.1762,157169,17973,15752,2026-09-08 03:55:34
368590,4,RISE 미국나스닥100,29390,2,45,0.15,29226.0,-14.1159,216459,6346,15547,2026-09-08 03:55:34
329200,2,TIGER 리츠부동산인프라,4037,5,-3,-0.07,4032.0,7.0339,1566988,6333,15411,2026-09-08 03:55:34
226490,1,KODEX 코스피,73485,2,1830,2.55,73648.0,-14.716,123609,9004,15358,2026-09-08 03:55:34
487230,4,KODEX 미국AI전력핵심인프라,19645,2,245,1.26,19224.0,-27.0536,914610,17865,14989,2026-09-08 03:55:34
453850,6,ACE 미국30년국채액티브(H),7165,2,20,0.28,7159.0,-3.114,590203,4225,14910,2026-09-08 03:55:34
466920,2,SOL 조선TOP3플러스,28080,2,260,0.93,28116.0,-21.7441,673438,19064,14896,2026-09-08 03:55:34
379780,4,RISE 미국S&P500,22415,5,-25,-0.11,22417.0,-10.715,134296,3007,14771,2026-09-08 03:55:34
091230,2,TIGER 반도체,144895,2,6405,4.62,145216.0,-16.061,129522,18487,14490,2026-09-08 03:55:34
232080,1,TIGER 코스닥150,14360,2,45,0.31,14399.0,-20.3173,7569380,108439,13631,2026-09-08 03:55:34
448330,1,KODEX 삼성전자채권혼합,17655,2,180,1.03,17740.0,-3.3193,400013,7042,13047,2026-09-08 03:55:34
157450,6,TIGER 단기통안채,112590,2,10,0.01,112586.0,0.6346,2940,331,12967,2026-09-08 03:55:34
475630,7,TIGER CD1년금리액티브(합성),1076545,2,65,0.01,1076546.0,0.7812,94250,101464,12830,2026-09-08 03:55:34
436140,6,SOL 종합채권(AA-이상)액티브,106200,2,10,0.01,106264.0,-0.1035,190,20,12664,2026-09-08 03:55:34
390390,4,KODEX 미국반도체,52650,2,650,1.25,51645.0,-19.4054,830809,43507,12504,2026-09-08 03:55:34
469150,2,ACE AI반도체TOP3+,62755,2,2705,4.5,62926.0,-19.8746,427292,26479,12269,2026-09-08 03:55:34
438080,7,ACE 미국S&P500미국채혼합50액티브,13660,5,-125,-0.91,13667.0,-11.0359,234851,3209,12048,2026-09-08 03:55:34
0072R0,5,TIGER KRX금현물,12815,2,45,0.35,12791.0,-11.381,629783,8050,11867,2026-09-08 03:55:34
494890,1,KODEX 200액티브,32890,2,940,2.94,32934.0,-15.2112,71194,2318,11248,2026-09-08 03:55:34
494310,2,KODEX 반도체레버리지,89110,2,7220,8.82,88538.0,-46.6115,2484650,214502,11183,2026-09-08 03:55:34
445290,2,KODEX 로봇액티브,31400,2,20,0.06,31452.0,-27.4255,185431,5803,10943,2026-09-08 03:55:34
0183J0,4,TIGER 미국우주테크,7405,2,55,0.75,7318.0,-52.3656,756146,5573,10885,2026-09-08 03:55:34
455850,2,SOL AI반도체소부장,25940,2,810,3.22,25984.0,-14.64,1266612,32620,10830,2026-09-08 03:55:34
0139F0,6,TIGER 12월자동연장금융채(AA-이상)액티브,102165,3,0,0.0,102161.0,0.7743,106,10,10807,2026-09-08 03:55:34
356540,6,ACE 종합채권(AA-이상)액티브,101225,2,10,0.01,101318.0,0.0,100,10,10723,2026-09-08 03:55:34
295040,1,SOL 200TR,42775,2,1200,2.89,42832.0,-15.1791,66936,2840,10651,2026-09-08 03:55:34
497570,4,TIGER 미국필라델피아AI반도체나스닥,21155,2,225,1.08,20793.0,-18.6555,228337,4818,10609,2026-09-08 03:55:34
0195R0,2,TIGER 삼성전자단일종목레버리지,12180,2,700,6.1,12255.0,-51.325,4747674,56366,10563,2026-09-08 03:55:34
451540,6,TIGER 종합채권(AA-이상)액티브,52845,2,55,0.1,52857.0,-0.1608,6175,326,10449,2026-09-08 03:55:34
465580,4,ACE 미국빅테크TOP7 Plus,23850,5,-30,-0.13,23790.0,-9.5112,207486,4939,10399,2026-09-08 03:55:34
449180,4,KODEX 미국S&P500(H),17225,2,5,0.03,17229.0,2.0484,374274,6442,10378,2026-09-08 03:55:34
479520,6,RISE KOFR금리액티브(합성),106420,2,15,0.01,106425.0,0.6622,2183,232,10330,2026-09-08 03:55:34
237350,1,KODEX 코스피100,91175,2,2775,3.14,91297.0,-15.4955,166841,15040,10212,2026-09-08 03:55:34
446720,4,SOL 미국배당다우존스,13430,5,-35,-0.26,13498.0,-6.9014,124373,1671,10207,2026-09-08 03:55:34
0117V0,2,TIGER 코리아AI전력기기TOP3플러스,19040,5,-25,-0.13,19065.0,-14.6099,999963,19083,10205,2026-09-08 03:55:34
469830,6,SOL 초단기채권액티브,54407,2,2,0.0,54409.0,0.862,104808,5702,10046,2026-09-08 03:55:34
315930,2,KODEX Top5PlusTR,83655,2,1555,1.89,83817.0,-16.139,19728,1638,10039,2026-09-08 03:55:34
494300,4,KODEX 미국나스닥100데일리커버드콜OTM,8765,2,5,0.06,8728.0,-17.9521,820591,7177,10010,2026-09-08 03:55:34
449450,2,PLUS K방산,51600,2,100,0.19,51686.0,-16.2738,157531,8209,9985,2026-09-08 03:55:34
495050,1,RISE 코리아밸류업,33570,2,730,2.22,33635.0,-13.816,149041,4967,9937,2026-09-08 03:55:34
479080,6,1Q 머니마켓액티브,53790,2,5,0.01,53795.0,0.8342,75764,4075,9611,2026-09-08 03:55:34
402970,4,ACE 미국배당다우존스,14910,5,-40,-0.27,14992.0,-7.0115,126708,1890,9513,2026-09-08 03:55:34
305540,2,TIGER 2차전지테마,18780,5,-85,-0.45,18811.0,-15.0991,332210,6269,9371,2026-09-08 03:55:34
0117L0,6,KODEX 26-12 금융채(AA-이상)액티브,10160,5,-5,-0.05,10160.0,0.6934,3847,39,9212,2026-09-08 03:55:34
438100,7,ACE 미국나스닥100미국채혼합50액티브,14815,2,15,0.1,14788.0,-13.222,232766,3441,9141,2026-09-08 03:55:34
0177R0,2,TIGER 반도체TOP10커버드콜액티브,11965,2,415,3.59,12007.0,-18.5428,1554812,18341,8627,2026-09-08 03:55:34
475720,3,RISE 200위클리커버드콜,12875,2,185,1.46,12912.0,-13.1799,426135,5457,8562,2026-09-08 03:55:34
466940,2,TIGER 은행고배당플러스TOP10,27190,5,-180,-0.66,27222.0,5.0466,406214,11092,8402,2026-09-08 03:55:34
0219E0,2,KODEX 200커버드콜액티브,8750,2,245,2.88,8772.0,,5004307,43307,8339,2026-09-08 03:55:34
069660,1,KIWOOM 200,113970,2,3210,2.9,114159.0,-15.2852,99038,11172,8320,2026-09-08 03:55:34
441800,1,TIME Korea플러스배당액티브,29940,2,580,1.98,29969.0,-15.4077,157253,4674,8234,2026-09-08 03:55:34
498410,2,KODEX 금융고배당TOP10타겟위클리커버드콜,11785,5,-125,-1.05,11765.0,0.2142,1121897,13308,8226,2026-09-08 03:55:34
0048J0,6,KODEX 미국머니마켓액티브,13370,5,-5,-0.04,13364.0,-12.1226,276635,3698,8196,2026-09-08 03:55:34
487340,6,ACE 머니마켓액티브,105910,2,10,0.01,105912.0,0.8619,8978,950,8103,2026-09-08 03:55:34
153130,6,KODEX 단기채권,113345,2,15,0.01,113353.0,0.6557,5574,631,8055,2026-09-08 03:55:34
144600,5,KODEX 은선물(H),10870,2,210,1.97,10874.0,-9.6228,520857,5649,7989,2026-09-08 03:55:34
476550,6,TIGER 미국30년국채커버드콜액티브(H),6790,2,30,0.44,6777.0,-3.4778,899958,6107,7747,2026-09-08 03:55:34
0025N0,7,TIGER TDF2045 적격,11785,2,10,0.08,11771.0,-8.8975,120476,1418,7701,2026-09-08 03:55:34
490590,4,RISE 미국AI밸류체인데일리고정커버드콜,13877,2,57,0.41,13744.0,-18.9393,230948,3196,7688,2026-09-08 03:55:34
481060,6,KODEX 미국30년국채타겟커버드콜(합성 H),7442,2,12,0.16,7474.0,-2.1973,477366,3554,7647,2026-09-08 03:55:34
272580,6,TIGER 단기채권액티브,57115,5,-5,-0.01,57117.0,0.714,14482,827,7593,2026-09-08 03:55:34
457480,4,ACE 테슬라밸류체인액티브,17975,2,95,0.53,17870.0,-26.024,337906,6054,7451,2026-09-08 03:55:34
462330,2,KODEX 2차전지산업레버리지,1044,5,-13,-1.23,1046.0,-41.2452,59617226,63077,7370,2026-09-08 03:55:34
434730,2,HANARO 원자력iSelect,62365,2,1270,2.08,62453.0,-10.7972,173075,10756,7328,2026-09-08 03:55:34
0061Z0,6,RISE 단기특수은행채액티브,51015,3,0,0.0,51018.0,0.7206,882,44,7208,2026-09-08 03:55:34
364980,2,TIGER 2차전지TOP10,10315,5,-105,-1.01,10319.0,-12.1417,2063430,21434,7117,2026-09-08 03:55:34
290130,2,RISE ESG사회책임투자,49910,2,1545,3.19,49976.0,-14.4361,128770,6343,7087,2026-09-08 03:55:34
367760,2,RISE 네트워크인프라,60395,2,1145,1.93,60538.0,-24.4213,83859,5026,7066,2026-09-08 03:55:34
0167B0,2,SOL 200타겟위클리커버드콜,12295,2,350,2.93,12337.0,-15.3143,1077024,13093,7020,2026-09-08 03:55:34
495850,1,KODEX 코리아밸류업,33330,2,755,2.32,33370.0,-14.3018,47092,1558,7016,2026-09-08 03:55:34
488080,3,TIGER 반도체TOP10레버리지,39335,2,3600,10.07,39406.0,-57.4128,4972560,188472,7002,2026-09-08 03:55:34
102970,2,KODEX 증권,18500,2,240,1.31,18545.0,-27.2258,449498,8307,6984,2026-09-08 03:55:34
456610,6,TIGER 미국달러SOFR금리액티브(합성),58210,5,-45,-0.08,58217.0,-12.0547,14405,838,6898,2026-09-08 03:55:34
458760,4,TIGER 미국배당다우존스타겟커버드콜2호,10685,5,-45,-0.42,10752.0,-6.2728,172757,1847,6870,2026-09-08 03:55:34
371460,4,TIGER 차이나전기차SOLACTIVE,9515,5,-145,-1.5,9537.0,-28.3649,134140,1281,6866,2026-09-08 03:55:34
0127P0,4,ACE 미국대형성장주액티브,10275,2,45,0.44,10218.0,-13.9468,92042,942,6694,2026-09-08 03:55:34
138540,2,TIGER 현대차그룹플러스,51125,2,150,0.29,51140.0,-27.5358,50903,2602,6677,2026-09-08 03:55:34
314250,4,KODEX 미국빅테크10(H),63010,2,70,0.11,62798.0,5.5586,21457,1349,6648,2026-09-08 03:55:34
0091P0,2,TIGER 코리아원자력,19010,2,1180,6.62,19037.0,-6.9901,5157718,96663,6587,2026-09-08 03:55:34
329750,6,TIGER 미국달러단기채권액티브,12665,5,-15,-0.12,12666.0,-12.3705,96330,1219,6564,2026-09-08 03:55:34
418660,4,TIGER 미국나스닥100레버리지(합성),38260,2,140,0.37,37833.0,-28.028,136403,5193,6542,2026-09-08 03:55:34
114800,3,KODEX 인버스,964,5,-25,-2.53,961.0,-0.7029,461404754,449350,6506,2026-09-08 03:55:34
0148J0,2,TIGER 코리아휴머노이드로봇산업,9395,2,5,0.05,9401.0,-33.6396,2507474,23392,6436,2026-09-08 03:55:34
482730,4,TIGER 미국S&P500타겟데일리커버드콜,11500,3,0,0.0,11494.0,-10.7808,225397,2587,6434,2026-09-08 03:55:34
277630,1,TIGER 코스피,74560,2,1810,2.49,74726.0,-14.6167,32750,2420,6338,2026-09-08 03:55:34
0101N0,2,RISE AI전력인프라,20025,5,-25,-0.12,20032.0,-7.7949,157077,3147,6288,2026-09-08 03:55:34
434060,7,KODEX TDF2050액티브 적격,16620,5,-5,-0.03,16569.0,-10.3888,60435,1004,6274,2026-09-08 03:55:34
491010,4,TIGER 글로벌AI전력인프라액티브,24830,2,270,1.1,24379.0,-31.4541,243391,6021,6250,2026-09-08 03:55:34
251600,7,PLUS 고배당주채권혼합,15510,5,-15,-0.1,15523.0,-0.2852,179284,2788,6002,2026-09-08 03:55:34
484790,6,KODEX 미국30년국채액티브(H),8250,2,40,0.49,8235.0,-3.1771,194149,1598,6002,2026-09-08 03:55:34
252670,3,KODEX 200선물인버스2X,69,5,-3,-4.17,67.0,-18.1819,2392645250,166129,5983,2026-09-08 03:55:34
489250,4,KODEX 미국배당다우존스,12620,5,-25,-0.2,12689.0,-6.9377,266591,3364,5944,2026-09-08 03:55:34
0015B0,4,KoAct 미국나스닥성장기업액티브,18260,2,225,1.25,17974.0,-27.0282,372536,6776,5944,2026-09-08 03:55:34
449190,4,KODEX 미국나스닥100(H),22355,2,65,0.29,22233.0,-1.924,112730,2514,5701,2026-09-08 03:55:34
494670,2,TIGER 조선TOP10,22095,2,155,0.71,22134.0,-21.4465,287133,6391,5678,2026-09-08 03:55:34
466950,4,TIGER 글로벌AI액티브,29950,2,290,0.98,29492.0,-29.3474,54038,1615,5625,2026-09-08 03:55:34
0019K0,7,TIME 미국나스닥100채권혼합50액티브,13155,2,50,0.38,13076.0,-10.7289,183256,2407,5624,2026-09-08 03:55:34
0007F0,6,KODEX 27-12 회사채(AA-이상)액티브,10200,3,0,0.0,10197.0,0.99,10243,104,5544,2026-09-08 03:55:34
491620,4,RISE 미국테크100데일리고정커버드콜,10230,2,40,0.39,10170.0,-13.0781,341958,3489,5468,2026-09-08 03:55:34
423920,4,TIGER 미국필라델피아반도체레버리지(합성),79200,2,2625,3.43,75842.0,-48.0331,71661,5609,5417,2026-09-08 03:55:34
0105E0,2,SOL 코리아고배당,13100,5,-50,-0.38,13105.0,-3.6083,157962,2074,5417,2026-09-08 03:55:34
496080,1,TIGER 코리아밸류업,33430,2,760,2.33,33466.0,-14.0736,91771,3040,5399,2026-09-08 03:55:34
371160,4,TIGER 차이나항셍테크,6565,5,-80,-1.2,6563.0,-19.1427,155395,1022,5387,2026-09-08 03:55:34
315960,2,RISE 대형고배당10TR,81560,2,1985,2.49,81661.0,-17.1871,45096,3646,5383,2026-09-08 03:55:34
438330,6,TIGER 우량회사채액티브,115720,2,120,0.1,115717.0,1.1329,3120,360,5322,2026-09-08 03:55:34
451000,6,PLUS 종합채권(AA-이상)액티브,107255,3,0,0.0,107319.0,-0.1769,0,0,5309,2026-09-08 03:55:34
462010,2,TIGER 2차전지소재Fn,4885,2,5,0.1,4885.0,-23.9876,1931439,9474,5303,2026-09-08 03:55:34
396520,4,TIGER 차이나반도체FACTSET,12860,5,-85,-0.66,12883.0,-17.8096,404227,5204,5298,2026-09-08 03:55:34
444200,2,SOL 코리아메가테크액티브,47050,2,750,1.62,47130.0,-18.407,24611,1151,5246,2026-09-08 03:55:34
477050,6,PLUS 머니마켓액티브,53547,2,7,0.01,53546.0,0.8666,1063,56,5241,2026-09-08 03:55:34
455030,6,KODEX 미국달러SOFR금리액티브(합성),11500,5,-15,-0.13,11487.0,-12.0881,54186,622,5221,2026-09-08 03:55:34
361580,1,RISE 200TR,64825,2,1785,2.83,64935.0,-15.2746,19649,1264,5186,2026-09-08 03:55:34
365780,6,ACE 국고채10년,82490,2,280,0.34,82476.0,-0.0183,2503,206,5184,2026-09-08 03:55:34
385560,6,RISE KIS국고채30년Enhanced,50495,2,325,0.65,50442.0,-6.818,7642,384,5155,2026-09-08 03:55:34
243880,2,TIGER 200IT레버리지,367005,2,20005,5.77,368428.0,-50.2145,99811,35694,5046,2026-09-08 03:55:34
435420,7,TIGER 미국나스닥100채권혼합50,13890,2,10,0.07,13859.0,-6.7026,209909,2911,4980,2026-09-08 03:55:34
463250,2,TIGER K방산&우주,32925,2,155,0.47,32955.0,-14.8942,197252,6546,4972,2026-09-08 03:55:34
0190C0,2,RISE 현대차고정피지컬AI,8162,5,-93,-1.13,8167.0,-38.2342,362027,2965,4946,2026-09-08 03:55:34
114260,6,KODEX 국고채3년,61825,3,0,0.0,61864.0,1.0873,7420,458,4926,2026-09-08 03:55:34
251350,4,KODEX MSCI선진국,38250,5,-35,-0.09,38243.0,-9.8695,13385,511,4896,2026-09-08 03:55:34
476800,7,KODEX 한국부동산리츠인프라,4215,2,5,0.12,4237.0,1.1533,258757,1091,4862,2026-09-08 03:55:34
499660,7,TIGER CD금리플러스액티브(합성),1001045,2,90,0.01,1001045.0,0.7714,9065,9074,4827,2026-09-08 03:55:34
496020,6,WON 전단채플러스액티브,52495,2,5,0.01,52497.0,0.9228,1523,79,4648,2026-09-08 03:55:34
490490,7,SOL 미국배당미국채혼합50,10740,5,-30,-0.28,10814.0,-10.6054,171632,1846,4640,2026-09-08 03:55:34
448290,4,TIGER 미국S&P500(H),17845,3,0,0.0,17849.0,1.8012,63497,1131,4622,2026-09-08 03:55:34
0163Y0,1,KoAct 코스닥액티브,9095,2,75,0.83,9121.0,-23.527,269224,2443,4616,2026-09-08 03:55:34
451060,1,1Q 200액티브,36550,2,1070,3.02,36623.0,-15.7562,70901,2570,4605,2026-09-08 03:55:34
471230,6,KODEX 국고채10년액티브,103895,2,290,0.28,103808.0,0.1062,3021,313,4603,2026-09-08 03:55:34
293180,1,HANARO 200,114450,2,3300,2.97,114480.0,-15.19,30436,3452,4578,2026-09-08 03:55:34
483280,4,KODEX 미국AI테크TOP10타겟커버드콜,11435,5,-15,-0.13,11394.0,-13.3365,126115,1439,4528,2026-09-08 03:55:34
473290,6,KODEX 26-12 회사채(AA-이상)액티브,10885,5,-5,-0.05,10889.0,0.7866,7376,80,4510,2026-09-08 03:55:34
447770,7,TIGER 테슬라채권혼합Fn,13655,5,-10,-0.07,13673.0,-6.9657,72519,990,4356,2026-09-08 03:55:34
0016X0,6,SOL 중단기회사채(A-이상)액티브,51540,2,10,0.02,51539.0,1.1086,10008,515,4326,2026-09-08 03:55:34
148070,6,KIWOOM 국고채10년,104560,2,295,0.28,104535.0,0.0911,1562,163,4283,2026-09-08 03:55:34
471990,2,KODEX AI반도체핵심장비,26040,2,975,3.89,26076.0,-13.4976,987726,25552,4271,2026-09-08 03:55:34
0162M0,6,KODEX 금융채1~2년(AA-이상)PLUS액티브,10070,5,-10,-0.1,10074.0,1.0526,540,5,4250,2026-09-08 03:55:34
302450,1,RISE 코스피,74125,2,1765,2.44,74247.0,-14.7109,4631,339,4188,2026-09-08 03:55:34
474220,4,TIGER 미국테크TOP10타겟커버드콜,14675,5,-35,-0.24,14630.0,-10.5305,47633,697,4124,2026-09-08 03:55:34
385720,1,TIME 코스피액티브,26430,2,630,2.44,26477.0,-17.1617,44814,1172,4097,2026-09-08 03:55:34
241180,4,TIGER 일본니케이225,35065,2,600,1.74,35137.0,-10.0131,16328,569,3997,2026-09-08 03:55:34
480260,6,TIGER 27-04회사채(A+이상)액티브,53845,2,10,0.02,53850.0,0.7297,963,51,3979,2026-09-08 03:55:34
0023A0,4,SOL 미국양자컴퓨팅TOP10,23175,2,470,2.07,22641.0,-38.0998,110744,2542,3951,2026-09-08 03:55:34
426020,4,TIME 미국S&P500액티브,31305,2,45,0.14,31192.0,-15.0198,37675,1177,3919,2026-09-08 03:55:34
0060H0,1,TIGER 토탈월드스탁액티브,12485,3,0,0.0,12492.0,-10.021,26225,326,3908,2026-09-08 03:55:34
484880,2,SOL 금융지주플러스고배당,23205,5,-90,-0.39,23235.0,4.6069,321922,7505,3898,2026-09-08 03:55:34
091180,2,KODEX 자동차,27365,5,-270,-0.98,27390.0,-28.4261,87014,2390,3858,2026-09-08 03:55:34
458250,6,TIGER 미국30년국채스트립액티브(합성 H),34695,2,200,0.58,34649.0,-6.1106,24859,862,3843,2026-09-08 03:55:34
132030,5,KODEX 골드선물(H),24865,2,220,0.89,24880.0,-1.7345,43893,1089,3755,2026-09-08 03:55:34
0173Y0,4,KODEX 미국AI광통신네트워크,10510,2,250,2.44,10189.0,-35.8012,659494,6853,3752,2026-09-08 03:55:34
469070,2,RISE AI&로봇,11170,5,-40,-0.36,11180.0,-29.2968,179314,1997,3748,2026-09-08 03:55:34
439860,6,KODEX ESG종합채권(A-이상)액티브,113780,2,50,0.04,113734.0,0.9139,89,10,3699,2026-09-08 03:55:34
385550,6,RISE 단기채권알파액티브,114195,5,-55,-0.05,114201.0,0.8295,684,78,3693,2026-09-08 03:55:34
310960,1,TIGER 200TR,66695,2,1970,3.04,66735.0,-15.226,24740,1636,3668,2026-09-08 03:55:34
476760,6,ACE 미국30년국채액티브,8680,2,25,0.29,8657.0,-15.677,368888,3195,3628,2026-09-08 03:55:34
0182R0,2,1Q K반도체TOP2+,11205,2,395,3.65,11233.0,-24.669,1299195,14323,3614,2026-09-08 03:55:34
474590,2,WON 반도체밸류체인액티브,45700,2,1290,2.9,45768.0,-13.1175,27776,1260,3610,2026-09-08 03:55:34
462900,2,KoAct 바이오헬스케어액티브,13475,5,-145,-1.06,13491.0,-20.6294,391895,5284,3557,2026-09-08 03:55:34
0040Y0,7,SOL 팔란티어커버드콜OTM채권혼합,7905,5,-10,-0.13,7908.0,-1.6419,228216,1803,3545,2026-09-08 03:55:34
0131V0,4,1Q 미국우주항공테크,10860,3,0,0.0,10819.0,-28.0557,61349,665,3524,2026-09-08 03:55:34
0046A0,6,TIGER 미국초단기(3개월이하)국채,9265,5,-10,-0.11,9264.0,-12.258,410356,3801,3516,2026-09-08 03:55:34
279530,2,KODEX 고배당주,17845,5,-85,-0.47,17845.0,1.0707,83585,1500,3515,2026-09-08 03:55:34
0080G0,2,KODEX 방산TOP10,9985,2,55,0.55,9992.0,-14.7508,1359295,13649,3455,2026-09-08 03:55:34
448300,4,TIGER 미국나스닥100(H),23070,2,60,0.26,22947.0,-1.9486,64501,1484,3449,2026-09-08 03:55:34
0228G0,2,ACE 반도체Plus전략산업,10585,2,300,2.92,10618.0,,770598,8078,3440,2026-09-08 03:55:34
0052D0,2,TIGER 코리아배당다우존스,15670,5,-35,-0.22,15683.0,-3.751,48786,767,3432,2026-09-08 03:55:34
0167Z0,4,KODEX 미국우주항공,7440,2,85,1.16,7352.0,-44.1352,409286,3029,3430,2026-09-08 03:55:34
0043Y0,4,TIME 차이나AI테크액티브,19430,5,-220,-1.12,19454.0,-18.8017,27073,530,3420,2026-09-08 03:55:34
442570,7,RISE TDF2050액티브 적격,17285,5,-5,-0.03,17172.0,-9.3985,72979,1258,3414,2026-09-08 03:55:34
0144L0,4,KODEX 미국성장커버드콜액티브,9295,2,25,0.27,9255.0,-12.4866,100956,936,3383,2026-09-08 03:55:34
472170,7,TIGER 미국테크TOP10채권혼합,13780,5,-20,-0.14,13763.0,-6.25,88619,1219,3328,2026-09-08 03:55:34
0026S0,4,1Q 미국S&P500,12545,5,-10,-0.08,12545.0,-10.8535,53984,676,3324,2026-09-08 03:55:34
453810,4,KODEX 인도Nifty50,11260,5,-45,-0.4,11286.0,-10.7901,75131,847,3305,2026-09-08 03:55:34
439870,6,KODEX 국고채30년액티브,87280,2,430,0.5,87241.0,-4.8428,1971,171,3301,2026-09-08 03:55:34
448630,7,RISE 삼성그룹Top3채권혼합,15430,2,105,0.69,15453.0,-1.3201,71046,1093,3287,2026-09-08 03:55:34
0210A0,2,ACE K반도체TOP2+,7560,2,265,3.63,7575.0,,1905975,14209,3285,2026-09-08 03:55:34
456880,7,ACE 미국달러SOFR금리(합성),11780,5,-5,-0.04,11779.0,-12.0851,71828,846,3249,2026-09-08 03:55:34
190620,6,ACE 단기통안채,102055,2,15,0.01,102057.0,0.7056,1572,160,3242,2026-09-08 03:55:34
385510,2,KODEX 신재생에너지액티브,38545,2,100,0.26,38555.0,-15.0387,44143,1700,3238,2026-09-08 03:55:34
270810,1,RISE 코스닥150,14025,2,60,0.43,14055.0,-20.0859,133649,1868,3206,2026-09-08 03:55:34
0052S0,7,1Q 미국S&P500미국채혼합50액티브,11245,5,-20,-0.18,11252.0,-11.548,162915,1833,3160,2026-09-08 03:55:34
0098F0,2,KODEX 원자력SMR,17655,2,1025,6.16,17686.0,-8.4252,1897632,33064,3063,2026-09-08 03:55:34
0094K0,6,TIGER 28-04 회사채(A+이상)액티브,99775,2,50,0.05,99763.0,1.1614,2524,251,3020,2026-09-08 03:55:34
123320,3,TIGER 레버리지,120580,2,6580,5.77,120637.0,-40.0946,139980,16527,3015,2026-09-08 03:55:34
485540,4,KODEX 미국AI테크TOP10,14870,2,10,0.07,14793.0,-13.4641,93550,1388,3011,2026-09-08 03:55:34
483320,4,ACE 엔비디아밸류체인액티브,24680,2,440,1.82,24401.0,-20.8232,1103184,27054,3011,2026-09-08 03:55:34
0111P0,7,1Q 미국나스닥100미국채혼합50액티브,10505,5,-10,-0.1,10487.0,-13.2944,85592,898,2973,2026-09-08 03:55:34
0008S0,4,TIGER 미국배당다우존스타겟데일리커버드콜,9735,5,-30,-0.31,9788.0,-7.1123,231968,2258,2959,2026-09-08 03:55:34
091170,2,KODEX 은행,16695,5,-35,-0.21,16727.0,6.0521,791829,13302,2938,2026-09-08 03:55:34
433330,4,SOL 미국S&P500,21405,5,-20,-0.09,21408.0,-10.83,153529,3282,2932,2026-09-08 03:55:34
136340,6,RISE 중기우량회사채,104235,2,50,0.05,104264.0,0.8822,67,6,2931,2026-09-08 03:55:34
307520,2,TIGER 지주회사,23335,2,210,0.91,23369.0,-6.9327,128063,2983,2905,2026-09-08 03:55:34
454780,6,KIWOOM 종합채권(AA-이상)액티브,99645,2,105,0.11,99661.0,-0.2056,7013,698,2905,2026-09-08 03:55:34
489030,2,PLUS 고배당주위클리커버드콜,6295,5,-150,-2.33,6285.0,-3.6799,835945,5308,2899,2026-09-08 03:55:34
475300,2,SOL 반도체전공정,22900,2,725,3.27,22966.0,-9.5268,807976,18346,2897,2026-09-08 03:55:34
471780,2,TIGER 코리아테크액티브,37260,2,1010,2.79,37302.0,-17.2375,78616,2899,2888,2026-09-08 03:55:34
497880,6,SOL CD금리&머니마켓액티브,50057,2,7,0.01,50056.0,0.8724,53721,2689,2849,2026-09-08 03:55:34
481190,4,SOL 미국테크TOP10,16450,5,-30,-0.18,16393.0,-12.735,34420,564,2838,2026-09-08 03:55:34
475080,7,KODEX 테슬라커버드콜채권혼합액티브,7785,5,-15,-0.19,7783.0,-6.4626,64998,505,2830,2026-09-08 03:55:34
461490,7,RISE 글로벌자산배분액티브,14520,3,0,0.0,14531.0,-4.9428,22054,320,2802,2026-09-08 03:55:34
273140,6,KODEX 단기변동금리부채권액티브,114765,2,20,0.02,114773.0,0.5993,2601,298,2801,2026-09-08 03:55:34
0038A0,4,KODEX 미국휴머노이드로봇,14670,2,120,0.82,14514.0,-23.5501,40190,587,2773,2026-09-08 03:55:34
441680,7,TIGER 미국나스닥100커버드콜(합성),10480,5,-25,-0.24,10494.0,-8.648,52498,549,2756,2026-09-08 03:55:34
453870,4,TIGER 인도니프티50,11035,5,-75,-0.68,11032.0,-11.5314,36951,408,2753,2026-09-08 03:55:34
213610,2,KODEX 삼성그룹밸류,23030,2,320,1.41,23065.0,-12.9552,5309,121,2741,2026-09-08 03:55:34
473330,6,SOL 미국30년국채커버드콜(합성),7745,2,5,0.06,7757.0,-15.2604,92610,716,2715,2026-09-08 03:55:34
0119H0,6,KODEX 28-12 회사채(AA-이상)액티브,9945,2,15,0.15,9936.0,0.9146,7081,70,2704,2026-09-08 03:55:34
228790,2,TIGER 화장품,4337,5,-103,-2.32,4345.0,31.3609,6757186,29630,2697,2026-09-08 03:55:34
0094M0,2,RISE 코리아밸류업위클리고정커버드콜,18285,2,315,1.75,18291.0,-11.442,730425,13275,2679,2026-09-08 03:55:34
196230,6,RISE 단기통안채,116995,2,10,0.01,116993.0,0.6452,1143,133,2653,2026-09-08 03:55:34
0183V0,7,KIWOOM 삼성전자&SK하이닉스채권혼합50,12255,2,265,2.21,12281.0,-4.4035,478572,5802,2647,2026-09-08 03:55:34
139230,2,TIGER 200 중공업,13510,2,185,1.39,13514.0,-18.0891,74802,1014,2645,2026-09-08 03:55:34
423170,4,SOL 글로벌AI반도체탑픽액티브,59205,2,1610,2.8,58661.0,-15.4879,40859,2386,2641,2026-09-08 03:55:34
0162Y0,1,TIME 코스닥액티브,7520,2,130,1.76,7528.0,-25.8033,151045,1130,2598,2026-09-08 03:55:34
409820,4,KODEX 미국나스닥100레버리지(합성 H),20215,2,125,0.62,20015.0,-6.0557,29259,589,2588,2026-09-08 03:55:34
364970,2,TIGER 바이오TOP10,7067,5,-113,-1.57,7073.0,2.2064,408026,2898,2587,2026-09-08 03:55:34
471040,4,KoAct 글로벌AI&로봇액티브,28250,2,405,1.45,27909.0,-26.9161,28296,795,2571,2026-09-08 03:55:34
495230,1,KoAct 코리아밸류업액티브,32090,2,660,2.1,32161.0,-17.8562,25374,808,2551,2026-09-08 03:55:34
472920,6,HK 종합채권(AA-이상)액티브,98100,2,25,0.03,98136.0,-0.0917,4,0,2546,2026-09-08 03:55:34
363580,2,KODEX 200IT TR,58760,2,1655,2.9,58855.0,-16.6594,49604,2886,2527,2026-09-08 03:55:34
0053L0,4,TIGER 차이나휴머노이드로봇,9260,5,-55,-0.59,9244.0,-31.6497,344044,3201,2519,2026-09-08 03:55:34
421320,2,PLUS 우주항공,26390,2,455,1.75,26415.0,-29.9055,25186,661,2467,2026-09-08 03:55:34
388420,2,RISE 비메모리반도체액티브,27845,2,745,2.75,27905.0,-24.7348,37274,1030,2467,2026-09-08 03:55:34
0182S0,7,1Q K반도체TOP2채권혼합50,12930,2,365,2.9,12969.0,-6.926,189196,2428,2450,2026-09-08 03:55:34
283580,4,KODEX 차이나CSI300,14765,5,-10,-0.07,14785.0,-15.6037,21156,312,2444,2026-09-08 03:55:34
483340,4,ACE 구글밸류체인액티브,21345,2,400,1.91,21012.0,-27.1352,88163,1867,2423,2026-09-08 03:55:34
448540,7,ACE 엔비디아채권혼합,26635,2,30,0.11,26606.0,-1.6997,15479,412,2397,2026-09-08 03:55:34
245710,4,ACE 베트남VN30(합성),28020,5,-370,-1.3,28561.0,-11.7913,43469,1224,2354,2026-09-08 03:55:34
493810,4,TIGER 미국AI빅테크10타겟데일리커버드콜,11165,5,-45,-0.4,11138.0,-12.1043,122208,1362,2339,2026-09-08 03:55:34
452360,4,SOL 미국배당다우존스(H),13480,5,-40,-0.3,13584.0,6.3914,111760,1506,2332,2026-09-08 03:55:34
363570,6,KODEX 장기종합채권(AA-이상)액티브,86325,2,100,0.12,86468.0,-1.5078,11,0,2331,2026-09-08 03:55:34
117700,2,KODEX 건설,7405,2,405,5.79,7417.0,-3.1687,4068843,29699,2325,2026-09-08 03:55:34
478150,4,TIME 글로벌우주테크&방산액티브,18365,5,-10,-0.05,18342.0,-22.6967,16742,307,2323,2026-09-08 03:55:34
442320,4,RISE 글로벌원자력,36955,2,605,1.66,36842.0,-17.724,7658,281,2317,2026-09-08 03:55:34
433500,2,ACE 원자력TOP10,62600,2,3820,6.5,62683.0,-12.3603,175112,10834,2316,2026-09-08 03:55:34
329650,7,KODEX TRF3070,13985,5,-25,-0.18,14037.0,-3.3703,37968,531,2308,2026-09-08 03:55:34
267770,3,TIGER 200선물레버리지,91660,2,4935,5.69,91676.0,-40.7151,21682,1939,2292,2026-09-08 03:55:34
157500,2,TIGER 증권,12600,2,185,1.49,12625.0,-27.2244,179373,2255,2291,2026-09-08 03:55:34
0104N0,2,TIGER 200타겟위클리커버드콜,21975,2,605,2.83,22022.0,-15.8625,71247,1552,2285,2026-09-08 03:55:34
0092C0,6,SOL 27-12 회사채(AA-이상)액티브,50315,3,0,0.0,50313.0,0.9327,32,1,2283,2026-09-08 03:55:34
0089D0,2,KODEX 금융고배당TOP10,13590,5,-60,-0.44,13591.0,0.0466,106928,1458,2283,2026-09-08 03:55:34
437080,6,KODEX 미국종합채권ESG액티브(H),96665,2,210,0.22,96640.0,-1.5555,897,86,2276,2026-09-08 03:55:34
472160,4,TIGER 미국테크TOP10 INDXX(H),19000,2,15,0.08,18943.0,-0.8617,29091,551,2261,2026-09-08 03:55:34
458260,6,TIGER 미국투자등급회사채액티브(H),46135,2,35,0.08,46114.0,-2.2688,4984,229,2224,2026-09-08 03:55:34
266160,2,RISE 고배당,34360,2,685,2.03,34434.0,-11.6787,13849,472,2182,2026-09-08 03:55:34
422420,2,RISE 2차전지액티브,6720,5,-40,-0.59,6735.0,-21.5702,121658,819,2179,2026-09-08 03:55:34
332930,1,HANARO 200TR,149735,2,4325,2.97,149931.0,-15.282,710,105,2171,2026-09-08 03:55:34
488980,6,SOL 26-12 회사채(AA-이상)액티브,52150,2,5,0.01,52153.0,0.7632,19,0,2149,2026-09-08 03:55:34
244580,2,KODEX 바이오,8225,5,-5,-0.06,8222.0,-19.7856,172200,1414,2145,2026-09-08 03:55:34
0233J0,7,TIGER 삼성전자SK하이닉스미국채혼합50,10695,2,235,2.25,10732.0,,278105,2950,2139,2026-09-08 03:55:34
486450,4,SOL 미국AI전력인프라,19615,2,120,0.62,19375.0,-23.0512,39709,777,2138,2026-09-08 03:55:34
305080,6,TIGER 미국채10년선물,11860,3,0,0.0,11860.0,-14.4301,31410,372,2123,2026-09-08 03:55:34
498270,4,KIWOOM 미국양자컴퓨팅,13930,2,125,0.91,13702.0,-28.0465,39628,547,2090,2026-09-08 03:55:34
0151S0,4,KODEX 미국AI반도체TOP3플러스,15070,2,255,1.72,14724.0,-16.2643,271622,4064,2080,2026-09-08 03:55:34
490090,4,TIGER 미국AI빅테크10,15570,5,-30,-0.19,15530.0,-11.5145,35883,557,2079,2026-09-08 03:55:34
0204D0,2,KODEX 현대차로보틱스밸류체인TOP3플러스,6150,5,-35,-0.57,6137.0,,355852,2191,2069,2026-09-08 03:55:34
495060,1,TIME 코리아밸류업액티브,29350,2,730,2.55,29358.0,-21.6964,28905,841,2055,2026-09-08 03:55:34
414780,4,TIGER 차이나과창판STAR50(합성),13080,5,-70,-0.53,13199.0,-15.8131,30946,406,2034,2026-09-08 03:55:34
466930,2,SOL 자동차TOP3플러스,25095,5,-245,-0.97,25120.0,-32.4537,39587,995,2033,2026-09-08 03:55:34
463050,2,TIME K바이오액티브,12070,5,-110,-0.9,12113.0,-16.8601,157407,1903,2010,2026-09-08 03:55:34
0115D0,2,KODEX 조선TOP10,7755,2,70,0.91,7760.0,-21.0581,757163,5903,2009,2026-09-08 03:55:34
261260,7,KODEX 미국달러선물인버스2X,5675,2,15,0.27,5682.0,30.867,225922,1282,2000,2026-09-08 03:55:34
495550,1,SOL 코리아밸류업TR,34090,2,750,2.25,34169.0,-14.3261,9478,320,1977,2026-09-08 03:55:34
0005A0,4,KODEX 미국S&P500데일리커버드콜OTM,9160,5,-10,-0.11,9167.0,-11.6098,102417,937,1969,2026-09-08 03:55:34
122090,1,PLUS 코스피50,86165,2,2870,3.45,86300.0,-15.9635,34603,2946,1939,2026-09-08 03:55:34
302190,6,TIGER 중장기국채,50105,2,70,0.14,50098.0,0.593,1984,99,1934,2026-09-08 03:55:34
0192Z0,6,TIGER 중기종합채권(A-이상)액티브,101035,2,75,0.07,101018.0,1.0004,26001,2626,1930,2026-09-08 03:55:34
0093A0,2,RISE AI반도체TOP10,34985,2,1135,3.35,35073.0,-13.0044,77289,2673,1924,2026-09-08 03:55:34
480040,4,ACE 미국반도체데일리타겟커버드콜(합성),14530,2,280,1.96,14167.0,-28.2044,152517,2199,1918,2026-09-08 03:55:34
0091C0,6,KODEX 미국10년국채액티브(H),9540,2,10,0.1,9539.0,-1.443,20669,197,1899,2026-09-08 03:55:34
433980,7,KODEX TDF2040액티브 적격,15690,2,5,0.03,15628.0,-7.4252,31972,500,1891,2026-09-08 03:55:34
486830,6,HANARO 머니마켓액티브,53315,3,0,0.0,53313.0,0.8035,521,27,1871,2026-09-08 03:55:34
0047A0,4,TIGER 차이나테크TOP10,12375,5,-150,-1.2,12390.0,-21.7433,14025,173,1869,2026-09-08 03:55:34
0069M0,4,1Q 미국나스닥100,13180,2,15,0.11,13109.0,-14.1726,194333,2555,1858,2026-09-08 03:55:34
0005G0,2,IBK K-AI반도체코어테크,53815,2,1630,3.12,54001.0,-21.1438,20793,1108,1857,2026-09-08 03:55:34
0082V0,7,KODEX TDF2060액티브 적격,11115,3,0,0.0,11088.0,-10.4439,34126,378,1851,2026-09-08 03:55:34
429000,4,TIGER 미국S&P500배당귀족,12940,5,-45,-0.35,13034.0,-7.3213,42999,556,1844,2026-09-08 03:55:34
332500,1,ACE 200TR,76800,2,2255,3.03,76837.0,-15.386,14416,1096,1843,2026-09-08 03:55:34
494330,2,ACE 라이프자산주주가치액티브,33035,2,35,0.11,33097.0,2.3667,20925,691,1833,2026-09-08 03:55:34
0190G0,2,KODEX 반도체타겟위클리커버드콜,9400,2,350,3.87,9422.0,-14.7207,352501,3271,1833,2026-09-08 03:55:34
394670,4,TIGER 글로벌리튬&2차전지SOLACTIVE(합성),10845,5,-85,-0.78,10948.0,-21.367,6568,71,1826,2026-09-08 03:55:34
412570,2,TIGER 2차전지TOP10레버리지,1234,5,-26,-2.06,1242.0,-36.0407,7188378,9023,1787,2026-09-08 03:55:34
473460,4,KODEX 미국서학개미,23190,2,60,0.26,22941.0,-17.2461,5103,117,1774,2026-09-08 03:55:34
483290,4,KODEX 미국배당다우존스타겟커버드콜,9990,5,-55,-0.55,10064.0,-6.5389,71392,713,1768,2026-09-08 03:55:34
403790,1,MIDAS 코스피액티브,60350,2,1550,2.64,60423.0,-13.3383,1843,109,1765,2026-09-08 03:55:34
494220,2,UNICORN SK하이닉스밸류체인액티브,49630,2,1455,3.02,49748.0,-9.6832,56354,2767,1762,2026-09-08 03:55:34
461950,2,KODEX 2차전지핵심소재10,4970,5,-10,-0.2,4978.0,-22.1458,635813,3163,1752,2026-09-08 03:55:34
0099L0,6,ACE 우량회사채(AA-이상)액티브,99795,2,10,0.01,99825.0,1.3045,110,10,1750,2026-09-08 03:55:34
233160,3,TIGER 코스닥150 레버리지,7705,2,80,1.05,7708.0,-45.7875,1190631,9147,1718,2026-09-08 03:55:34
480020,4,ACE 미국빅테크7+데일리타겟커버드콜(합성),10245,2,25,0.24,10127.0,-18.556,314985,3206,1711,2026-09-08 03:55:34
337160,2,KODEX 200ESG,50060,2,1120,2.29,50149.0,-13.121,17130,848,1702,2026-09-08 03:55:34
0040X0,7,SOL 팔란티어미국채커버드콜혼합,9120,5,-20,-0.22,9125.0,-6.2444,123687,1127,1692,2026-09-08 03:55:34
472870,6,RISE 미국30년국채엔화노출(합성 H),6940,2,120,1.76,6964.0,-14.0127,163367,1132,1683,2026-09-08 03:55:34
160580,5,TIGER 구리실물,16220,2,445,2.82,16012.0,-8.6567,48945,789,1654,2026-09-08 03:55:34
490600,4,RISE 미국배당100데일리고정커버드콜,8835,5,-25,-0.28,8882.0,-6.4973,143369,1266,1652,2026-09-08 03:55:34
237370,7,KODEX 코리아배당성장채권혼합,15785,5,-15,-0.09,15800.0,-0.7155,16783,265,1642,2026-09-08 03:55:34
0051G0,4,SOL 미국원자력SMR,13335,2,105,0.79,13203.0,-20.3253,34974,465,1640,2026-09-08 03:55:34
200250,4,KIWOOM 인도Nifty50(합성),20630,5,-195,-0.94,20697.0,-10.6607,6371,131,1630,2026-09-08 03:55:34
152870,1,파워 200,115110,2,3165,2.83,115263.0,-15.038,44,5,1612,2026-09-08 03:55:34
0064K0,5,KODEX 금액티브,12447,2,102,0.83,12460.0,-13.7317,73392,911,1608,2026-09-08 03:55:34
272560,6,RISE 단기국공채액티브,114920,2,10,0.01,114925.0,0.7408,2664,306,1576,2026-09-08 03:55:34
491820,2,HANARO 전력설비투자,43680,3,0,0.0,43729.0,-16.37,51919,2270,1572,2026-09-08 03:55:34
491610,6,1Q CD금리액티브(합성),104915,2,5,0.0,104901.0,0.7297,13352,1400,1556,2026-09-08 03:55:34
480030,4,ACE 미국500데일리타겟커버드콜(합성),9720,5,-10,-0.1,9688.0,-12.8276,119596,1160,1555,2026-09-08 03:55:34
0193G0,1,KoAct 코스피액티브,8820,2,235,2.74,8842.0,-17.3725,51544,451,1544,2026-09-08 03:55:34
0151P0,2,RISE 코리아전략산업액티브,15390,2,410,2.74,15407.0,-20.2856,70415,1075,1539,2026-09-08 03:55:34
354500,1,ACE 코스닥150,14220,2,65,0.46,14267.0,-20.096,36799,522,1536,2026-09-08 03:55:34
0005D0,2,SOL 전고체배터리&실리콘음극재,14670,5,-50,-0.34,14690.0,-23.7306,405928,5958,1533,2026-09-08 03:55:34
138520,2,TIGER 삼성그룹,37920,2,675,1.81,37985.0,-13.9839,18155,684,1532,2026-09-08 03:55:34
464240,6,KIWOOM 26-09회사채(AA-이상)액티브,52015,2,5,0.01,52012.0,0.6912,7,0,1524,2026-09-08 03:55:34
271050,5,KODEX WTI원유선물인버스(H),1820,5,-4,-0.22,1812.0,-8.1109,2521845,4604,1497,2026-09-08 03:55:34
219480,4,KODEX 미국S&P500선물(H),33240,5,-30,-0.09,33256.0,1.8989,948,31,1496,2026-09-08 03:55:34
0153K0,2,KODEX 주주환원고배당주,12400,5,-30,-0.24,12407.0,1.41,122711,1530,1488,2026-09-08 03:55:34
458210,7,KIWOOM CD금리액티브(합성),110660,2,20,0.02,110642.0,0.7191,249,27,1486,2026-09-08 03:55:34
143860,2,TIGER 헬스케어,36685,5,-485,-1.3,36753.0,-8.5384,11888,437,1475,2026-09-08 03:55:34
0048K0,4,KODEX 차이나휴머노이드로봇,8085,5,-65,-0.8,8090.0,-31.0055,496169,4013,1471,2026-09-08 03:55:34
488720,7,WON 종합채권(AA-이상)액티브,48665,2,15,0.03,48676.0,0.0617,173,8,1468,2026-09-08 03:55:34
139220,2,TIGER 200 건설,8515,2,495,6.17,8533.0,-7.2297,788832,6620,1458,2026-09-08 03:55:34
451530,6,TIGER 국고채30년스트립액티브,34760,2,175,0.51,34772.0,-10.76,2494,86,1450,2026-09-08 03:55:34
0180V0,4,ACE 미국우주테크액티브,7635,2,70,0.93,7537.0,-43.2058,154908,1176,1443,2026-09-08 03:55:34
0127M0,4,ACE 미국대형가치주액티브,12050,5,-75,-0.62,12094.0,-7.0769,1729,20,1428,2026-09-08 03:55:34
495330,1,1Q 코리아밸류업,33160,2,765,2.36,33234.0,-14.1124,3060,100,1426,2026-09-08 03:55:34
0104H0,7,KoAct 미국나스닥채권혼합50액티브,11555,5,-15,-0.13,11548.0,-13.0729,16345,188,1415,2026-09-08 03:55:34
0092B0,2,SOL 한국원자력SMR,17300,2,950,5.81,17324.0,-7.8095,453446,7750,1410,2026-09-08 03:55:34
245340,4,TIGER 미국다우존스30,34640,5,-90,-0.26,34854.0,-9.8551,19666,681,1406,2026-09-08 03:55:34
481180,4,SOL 미국AI소프트웨어,15780,5,-95,-0.6,15818.0,-3.0831,51271,810,1397,2026-09-08 03:55:34
498180,6,파워 종합채권(AA-이상)액티브,93255,2,100,0.11,93370.0,-0.5074,200,18,1383,2026-09-08 03:55:34
457990,2,PLUS 태양광&ESS,35350,5,-455,-1.27,35391.0,-12.135,156140,5525,1379,2026-09-08 03:55:34
0131W0,6,1Q 단기특수은행채액티브,102170,2,20,0.02,102165.0,0.7048,2047,209,1376,2026-09-08 03:55:34
0199C0,2,ACE 고배당주Plus커버드콜액티브,9300,5,-10,-0.11,9302.0,-5.2006,453546,4223,1372,2026-09-08 03:55:34
0041E0,4,KODEX 미국S&P500액티브,15720,2,10,0.06,15667.0,-17.2348,115328,1808,1368,2026-09-08 03:55:34
448100,1,WON 200,117180,2,3245,2.85,117422.0,-15.6047,26411,3090,1348,2026-09-08 03:55:34
471760,2,TIGER AI반도체핵심공정,14525,5,-15,-0.1,14551.0,-24.4676,286920,4165,1344,2026-09-08 03:55:34
476450,6,KIWOOM 머니마켓액티브,52795,5,-5,-0.01,52801.0,0.7922,388,20,1339,2026-09-08 03:55:34
304660,6,KODEX 미국30년국채울트라선물(H),7280,2,45,0.62,7284.0,-3.146,10681,77,1325,2026-09-08 03:55:34
0184L0,6,PLUS 중기종합채권(A-이상)액티브,100670,5,-5,0.0,100689.0,1.0438,131,13,1314,2026-09-08 03:55:34
0123G0,4,TIGER 미국AI전력SMR,6510,2,90,1.4,6403.0,-25.3489,60196,390,1312,2026-09-08 03:55:34
476030,4,SOL 미국나스닥100,16700,2,30,0.18,16603.0,-14.1944,29054,483,1311,2026-09-08 03:55:34
325010,2,KODEX 성장주,44965,2,1250,2.86,45047.0,-14.5524,2167,96,1304,2026-09-08 03:55:34
463290,6,1Q 단기금융채액티브,109317,2,7,0.01,109319.0,0.7809,111,12,1293,2026-09-08 03:55:34
0074K0,2,KoAct K수출핵심기업TOP30액티브,17105,2,185,1.09,17125.0,-18.0233,25779,439,1283,2026-09-08 03:55:34
461500,6,HANARO 종합채권(AA-이상)액티브,105100,2,190,0.18,105106.0,-0.2283,54,5,1280,2026-09-08 03:55:34
0168K0,2,TIGER 기술이전바이오액티브,5960,5,-35,-0.58,5969.0,-22.1429,703696,4192,1260,2026-09-08 03:55:34
463680,4,KODEX 미국S&P500테크놀로지,21860,2,65,0.3,21699.0,-14.2983,12828,279,1257,2026-09-08 03:55:34
192090,4,TIGER 차이나CSI300,12015,5,-15,-0.12,12035.0,-17.1773,18902,226,1244,2026-09-08 03:55:34
328370,1,PLUS 코스피TR,40100,2,870,2.22,40269.0,-14.6432,138,5,1243,2026-09-08 03:55:34
114820,6,TIGER 국채3년,105155,2,25,0.02,105185.0,1.0379,1559,163,1239,2026-09-08 03:55:34
182480,7,TIGER 미국MSCI리츠(합성 H),13495,5,-5,-0.04,13634.0,0.7027,4528,61,1235,2026-09-08 03:55:34
491230,6,PLUS 국공채머니마켓액티브,52520,2,5,0.01,52520.0,0.7675,3252,170,1234,2026-09-08 03:55:34
0000Y0,6,HK 26-12 회사채(AA-이상)액티브,101910,2,10,0.01,101914.0,0.7215,1,0,1233,2026-09-08 03:55:34
411420,4,KODEX 미국나스닥AI테크액티브,25800,5,-5,-0.02,25614.0,-16.4822,7060,181,1226,2026-09-08 03:55:34
447620,7,SOL 미국TOP5채권혼합50,15645,5,-60,-0.38,15663.0,-4.2379,27055,423,1220,2026-09-08 03:55:34
332940,1,HANARO MSCI Korea TR,50825,2,1630,3.31,50895.0,-15.4435,89,4,1220,2026-09-08 03:55:34
377990,2,TIGER Fn신재생에너지,24630,2,60,0.24,24642.0,-18.1934,45069,1111,1219,2026-09-08 03:55:34
0181B0,4,HANARO 미국AI메모리반도체TOP4+,10040,2,295,3.03,9653.0,-18.1437,204244,2029,1215,2026-09-08 03:55:34
438560,6,SOL 국고채3년,100475,2,40,0.04,100505.0,1.0361,97,9,1215,2026-09-08 03:55:34
0191W0,6,HANARO 중기종합채권(A-이상)액티브,100955,3,0,0.0,100994.0,1.0257,0,0,1211,2026-09-08 03:55:34
469170,2,ACE 포스코그룹포커스,5990,5,-5,-0.08,5989.0,-12.2621,327124,1968,1204,2026-09-08 03:55:34
438570,6,SOL 국고채10년,98225,2,200,0.2,98184.0,0.1225,101,9,1194,2026-09-08 03:55:34
367770,2,RISE 수소경제테마,22920,2,105,0.46,22940.0,-21.1645,9650,221,1192,2026-09-08 03:55:34
399110,4,SOL 미국S&P500ESG,20505,5,-15,-0.07,20469.0,-9.6073,11560,236,1169,2026-09-08 03:55:34
0209D0,2,KODEX 전고체배터리ESS TOP2플러스,8160,5,-65,-0.79,8163.0,,714059,5833,1167,2026-09-08 03:55:34
319640,4,TIGER 골드선물(H),26060,2,210,0.81,26086.0,-2.4529,23654,614,1160,2026-09-08 03:55:34
326240,2,RISE IT플러스,45240,2,850,1.91,45330.0,-18.1525,3818,171,1149,2026-09-08 03:55:34
266370,2,KODEX IT,71370,2,1970,2.84,71505.0,-17.3121,13733,969,1142,2026-09-08 03:55:34
0008T0,2,SOL 화장품TOP3플러스,17695,5,-455,-2.51,17718.0,31.6171,994491,17804,1141,2026-09-08 03:55:34
0122W0,6,RISE 26-11 회사채(AA-이상)액티브,51010,2,5,0.01,51015.0,0.7008,19,0,1140,2026-09-08 03:55:34
0000J0,2,PLUS 한화그룹주,28175,2,100,0.36,28183.0,-14.5098,30666,867,1127,2026-09-08 03:55:34
0080Y0,2,SOL 조선TOP3플러스레버리지,8860,2,120,1.37,8803.0,-45.8321,250051,2249,1125,2026-09-08 03:55:34
0174B0,7,KoAct 글로벌AI메모리반도체액티브,14995,2,395,2.71,14804.0,-15.6314,78724,1169,1125,2026-09-08 03:55:34
488500,4,TIGER 미국S&P500동일가중,12350,5,-15,-0.12,12346.0,-8.6048,22349,275,1118,2026-09-08 03:55:34
0135Y0,6,IBK 중기종합채권(AA-이상)액티브,100520,5,-5,0.0,100502.0,0.9794,63,6,1113,2026-09-08 03:55:34
309230,4,ACE 미국WideMoat동일가중,29995,5,-120,-0.4,30118.0,-5.8705,6688,200,1104,2026-09-08 03:55:34
496090,1,KIWOOM 코리아밸류업,33400,2,700,2.14,33425.0,-13.8686,1174,38,1102,2026-09-08 03:55:34
372330,4,KODEX 차이나항셍테크,6535,5,-85,-1.28,6546.0,-18.6401,38883,255,1098,2026-09-08 03:55:34
304940,4,KODEX 미국나스닥100선물(H),32655,2,95,0.29,32464.0,-2.2223,1916,62,1094,2026-09-08 03:55:34
0138Y0,7,PLUS 금채권혼합,9735,2,45,0.46,9735.0,-6.4221,51990,505,1085,2026-09-08 03:55:34
455860,2,SOL 2차전지소부장Fn,4535,5,-15,-0.33,4537.0,-23.2716,407637,1853,1084,2026-09-08 03:55:34
0221V0,6,IBK 초단기채권액티브,100510,2,25,0.02,100506.0,,19,1,1074,2026-09-08 03:55:34
251340,3,KODEX 코스닥150선물인버스,2415,5,-5,-0.21,2424.0,9.255,14212392,34370,1067,2026-09-08 03:55:34
0193M0,6,BNK 27-12 특수채(AAA이상)액티브,50405,3,0,0.0,50395.0,,1,0,1066,2026-09-08 03:55:34
464930,4,TIGER 글로벌혁신블루칩TOP10,20460,5,-70,-0.34,20415.0,-10.6421,17415,355,1064,2026-09-08 03:55:34
0085P0,6,ACE 미국10년국채액티브,9495,3,0,0.0,9488.0,-13.8737,152754,1449,1063,2026-09-08 03:55:34
0091M0,6,HANARO 27-06 회사채(AA-이상)액티브,10165,5,-5,-0.05,10167.0,0.8928,2020,20,1060,2026-09-08 03:55:34
476850,1,KoAct 배당성장액티브,22245,2,415,1.9,22264.0,-9.934,39737,876,1057,2026-09-08 03:55:34
475050,2,ACE KPOP포커스,7180,2,120,1.7,7183.0,-8.1925,551525,3979,1055,2026-09-08 03:55:34
203780,4,TIGER 미국나스닥바이오,35180,2,70,0.2,35130.0,6.7011,13367,471,1055,2026-09-08 03:55:34
464310,4,TIGER 글로벌AI&로보틱스 INDXX,13515,2,5,0.04,13448.0,-21.7493,8874,119,1054,2026-09-08 03:55:34
0036R0,4,RISE 미국휴머노이드로봇,18780,2,130,0.7,18604.0,-17.5268,30811,575,1052,2026-09-08 03:55:34
0132K0,7,PLUS 테슬라위클리커버드콜채권혼합,7955,5,-35,-0.44,7947.0,-6.598,106394,845,1050,2026-09-08 03:55:34
0232A0,6,MIDAS 머니마켓액티브,100135,2,25,0.02,100147.0,,101,10,1041,2026-09-08 03:55:34
168580,4,ACE 중국본토CSI300,33340,2,205,0.62,33458.0,-16.5576,570,18,1040,2026-09-08 03:55:34
0137V0,4,KIWOOM 미국S&P500모멘텀,11320,2,70,0.62,11209.0,-14.1068,28952,327,1019,2026-09-08 03:55:34
465780,6,마이티 26-09 특수채(AAA)액티브,106440,3,0,0.0,106448.0,0.6858,1,0,1014,2026-09-08 03:55:34
394660,4,TIGER 글로벌자율주행&전기차SOLACTIVE,15440,2,60,0.39,15493.0,-27.6746,2768,42,1013,2026-09-08 03:55:34
475280,6,ACE 8월만기자동연장회사채AA-이상액티브,10750,2,5,0.05,10747.0,0.7973,234,2,1013,2026-09-08 03:55:34
261270,7,KODEX 미국달러선물인버스,8350,2,15,0.18,8357.0,14.8862,33877,282,999,2026-09-08 03:55:34
114100,6,RISE 국고채3년,106115,2,95,0.09,106122.0,1.009,20,2,997,2026-09-08 03:55:34
0176E0,4,RISE 미국AI전력인프라액티브,9580,2,100,1.05,9363.0,-28.8289,13471,128,996,2026-09-08 03:55:34
0177X0,2,ACE K휴머노이드로봇산업TOP2+,9600,5,-85,-0.88,9608.0,-29.5124,197915,1898,989,2026-09-08 03:55:34
465610,4,ACE 미국빅테크TOP7 Plus레버리지(합성),41110,2,55,0.13,40711.0,-20.0799,6300,257,987,2026-09-08 03:55:34
0142D0,4,TIGER 미국AI데이터센터TOP4Plus,10770,2,230,2.18,10479.0,-27.6596,109617,1171,985,2026-09-08 03:55:34
0007N0,1,아이엠에셋 200,114810,2,3265,2.93,114737.0,-14.9207,150,17,976,2026-09-08 03:55:34
195980,4,PLUS 신흥국MSCI(합성 H),15590,2,25,0.16,15811.0,2.7731,10186,158,954,2026-09-08 03:55:34
473440,6,ACE 11월만기자동연장회사채AA-이상액티브,10860,3,0,0.0,10855.0,0.9762,347,3,945,2026-09-08 03:55:34
454320,2,HANARO CAPEX설비투자iSelect,43940,2,530,1.22,43933.0,-10.2265,688,30,945,2026-09-08 03:55:34
433970,7,KODEX TDF2030액티브 적격,13827,5,-23,-0.17,13824.0,-5.4395,32289,445,940,2026-09-08 03:55:34
325020,2,KODEX 배당가치,30055,2,155,0.52,30067.0,-8.8638,2092,62,932,2026-09-08 03:55:34
0052T0,6,1Q 중단기회사채(A-이상)액티브,50760,5,-10,-0.02,50769.0,1.075,78,3,931,2026-09-08 03:55:34
211900,2,KODEX 코리아배당성장,28545,2,15,0.05,28593.0,-6.4503,3445,98,928,2026-09-08 03:55:34
0035T0,7,PLUS 글로벌휴머노이드로봇액티브,19085,5,-70,-0.37,19086.0,-23.4107,10999,209,926,2026-09-08 03:55:34
486240,2,DAISHIN AI반도체&인프라액티브,29605,2,405,1.39,29736.0,-13.5072,605,17,918,2026-09-08 03:55:34
298770,4,KODEX 한국대만IT프리미어,83120,2,470,0.57,83279.0,-11.3641,2843,236,914,2026-09-08 03:55:34
308620,6,KODEX 미국10년국채선물,11150,2,5,0.04,11146.0,-13.9715,10173,113,914,2026-09-08 03:55:34
269540,4,PLUS 미국S&P500(H),30070,5,-30,-0.1,30078.0,0.0332,6146,184,902,2026-09-08 03:55:34
108450,2,ACE 삼성그룹섹터가중,40795,2,545,1.35,40788.0,-14.2157,10611,431,897,2026-09-08 03:55:34
453080,4,KIWOOM 미국나스닥100(H),22995,5,-5,-0.02,22883.0,-2.241,851,19,897,2026-09-08 03:55:34
495040,1,PLUS 코리아밸류업,33100,2,765,2.37,33155.0,-14.3128,383,12,894,2026-09-08 03:55:34
143850,4,TIGER 미국S&P500선물(H),77660,5,-50,-0.06,77634.0,1.3762,1606,124,893,2026-09-08 03:55:34
449770,4,KIWOOM 미국S&P500,20525,5,-25,-0.12,20525.0,-10.716,1737,35,883,2026-09-08 03:55:34
468380,6,KODEX iShares미국하이일드액티브,10580,5,-10,-0.09,10580.0,-12.2595,47709,504,882,2026-09-08 03:55:34
0066W0,5,SOL 국제금,12575,2,90,0.72,12580.0,-13.7181,41978,527,880,2026-09-08 03:55:34
329670,7,KODEX TRF7030,21685,2,5,0.02,21730.0,-7.5561,5103,110,867,2026-09-08 03:55:34
444490,4,WON 미국S&P500,19655,5,-25,-0.13,19672.0,-10.9906,3957,77,865,2026-09-08 03:55:34
359210,1,KODEX 코스피TR,37120,2,950,2.63,37187.0,-14.512,5053,186,854,2026-09-08 03:55:34
479620,4,SOL 미국AI반도체칩메이커,24410,2,350,1.45,23891.0,-21.3212,7895,191,842,2026-09-08 03:55:34
460960,7,ACE 글로벌인컴TOP10,10765,5,-15,-0.14,10742.0,-10.9079,211694,2278,840,2026-09-08 03:55:34
453330,4,RISE 미국S&P500(H),18250,5,-5,-0.03,18251.0,2.2711,11678,212,840,2026-09-08 03:55:34
204480,4,TIGER 차이나CSI300레버리지(합성),22525,5,-35,-0.16,22935.0,-34.1411,1488,33,838,2026-09-08 03:55:34
337140,2,KODEX 코스피대형주,37970,2,1110,3.01,38060.0,-15.2897,11542,434,835,2026-09-08 03:55:34
461460,6,PLUS 국고채10년액티브,51360,2,110,0.21,51327.0,0.0488,9,0,833,2026-09-08 03:55:34
0162L0,4,KODEX 차이나AI반도체TOP10,13195,2,65,0.5,13193.0,-19.9008,446634,5882,831,2026-09-08 03:55:34
0017Y0,6,1Q 종합채권(AA-이상)액티브,93915,2,125,0.13,94001.0,-0.467,3,0,830,2026-09-08 03:55:34
329660,7,KODEX TRF5050,17655,5,-20,-0.11,17718.0,-5.0909,6096,107,830,2026-09-08 03:55:34
138530,2,TIGER LG그룹플러스,12640,5,-70,-0.55,12651.0,-16.0502,50639,643,827,2026-09-08 03:55:34
495750,1,HANARO 코리아밸류업,33370,2,820,2.52,33368.0,-14.1548,189,6,818,2026-09-08 03:55:34
485690,4,RISE 미국AI밸류체인TOP3Plus,21680,2,140,0.65,21430.0,-18.8555,19588,422,813,2026-09-08 03:55:34
481430,6,RISE 국고채10년액티브,98175,2,200,0.2,98112.0,0.097,352,34,811,2026-09-08 03:55:34
0018C0,2,PLUS 고배당주위클리고정커버드콜,10760,5,-90,-0.83,10757.0,-3.4455,83416,902,807,2026-09-08 03:55:34
0098N0,2,PLUS 자사주매입고배당주,13260,5,-25,-0.19,13268.0,4.6935,34122,453,802,2026-09-08 03:55:34
365040,1,TIGER AI코리아그로스액티브,37820,2,965,2.62,37892.0,-13.6987,4935,184,794,2026-09-08 03:55:34
0057H0,7,PLUS 미국S&P500미국채혼합50액티브,11330,5,-10,-0.09,11331.0,-11.5315,147011,1666,793,2026-09-08 03:55:34
434960,1,DAISHIN K200,112610,2,1005,0.9,115081.0,-15.3445,92,10,788,2026-09-08 03:55:34
458030,6,WON 국공채머니마켓액티브,55065,3,0,0.0,55064.0,0.6948,238,13,786,2026-09-08 03:55:34
210780,2,TIGER 코스피고배당,23750,5,-40,-0.17,23760.0,-1.3389,8158,194,784,2026-09-08 03:55:34
157490,2,TIGER 소프트웨어,8405,5,-120,-1.41,8419.0,-17.4335,49325,414,782,2026-09-08 03:55:34
0049M0,4,ACE 미국배당퀄리티+커버드콜액티브,10890,5,-30,-0.27,10954.0,-11.23,21622,235,768,2026-09-08 03:55:34
364960,2,TIGER BBIG,6420,5,-105,-1.61,6432.0,-11.4053,9192,59,767,2026-09-08 03:55:34
0233A0,7,ACE 삼성전자SK하이닉스플러스채권혼합50,10760,2,180,1.7,10784.0,,368614,3914,764,2026-09-08 03:55:34
228810,2,TIGER 미디어컨텐츠,3145,2,5,0.16,3153.0,-12.2906,215997,687,762,2026-09-08 03:55:34
490480,2,SOL K방산,28120,2,245,0.88,28125.0,-15.6964,12200,345,759,2026-09-08 03:55:34
475310,2,SOL 반도체후공정,28000,2,560,2.04,28053.0,-14.597,137921,3863,756,2026-09-08 03:55:34
0198A0,2,KIWOOM 코스닥150커버드콜액티브,8705,2,35,0.4,8709.0,,393336,3419,753,2026-09-08 03:55:34
469060,4,RISE 미국반도체NYSE,34220,2,570,1.69,33413.0,-22.5864,3385,115,753,2026-09-08 03:55:34
292190,1,KODEX KRX300,50150,2,1315,2.69,50287.0,-15.6164,2034,101,752,2026-09-08 03:55:34
473640,4,HANARO 글로벌금채굴기업,34655,5,-195,-0.56,34766.0,2.2293,16036,556,745,2026-09-08 03:55:34
272910,6,ACE 중장기국공채액티브,106115,3,0,0.0,106143.0,0.8601,11,1,741,2026-09-08 03:55:34
0080X0,7,SOL 미국S&P500미국채혼합50,10650,5,-15,-0.14,10648.0,-12.4231,43081,458,735,2026-09-08 03:55:34
0022T0,4,SOL 국제금커버드콜액티브,12885,2,100,0.78,12887.0,-13.9651,29121,374,734,2026-09-08 03:55:34
0098Z0,1,FOCUS 200,97310,2,2935,3.11,97536.0,-15.3781,530,51,730,2026-09-08 03:55:34
441540,2,HANARO Fn조선해운,26900,2,50,0.19,26884.0,-14.1213,22905,619,726,2026-09-08 03:55:34
0210E0,2,PLUS 200커버드콜액티브,7645,2,215,2.89,7668.0,,159694,1209,726,2026-09-08 03:55:34
211560,2,TIGER 배당성장,35810,2,75,0.21,35822.0,-6.8903,2070,74,720,2026-09-08 03:55:34
0102A0,4,TIGER 미국AI소프트웨어TOP4Plus,8735,5,-30,-0.34,8707.0,-8.6504,44675,390,712,2026-09-08 03:55:34
298340,6,PLUS 국채선물3년,56545,3,0,0.0,56559.0,1.3987,0,0,710,2026-09-08 03:55:34
228800,2,TIGER 여행레저,2745,2,15,0.55,2743.0,-9.3024,105616,289,709,2026-09-08 03:55:34
277640,2,TIGER 코스피대형주,39280,2,1150,3.02,39345.0,-15.6082,9055,353,707,2026-09-08 03:55:34
412770,4,TIGER 글로벌AI플랫폼액티브,12030,2,130,1.09,12018.0,-30.3075,12027,144,703,2026-09-08 03:55:34
100910,1,KIWOOM KRX100,17965,2,385,2.19,17998.0,-14.7766,1948,34,701,2026-09-08 03:55:34
0225V0,4,KODEX 미국CPU반도체TOP10,10080,2,245,2.49,9824.0,,143607,1425,696,2026-09-08 03:55:34
0113D0,4,TIME 글로벌탑픽액티브,11755,5,-25,-0.21,11734.0,-10.0421,10206,119,694,2026-09-08 03:55:34
475350,4,RISE 버크셔포트폴리오TOP10,14075,5,-140,-0.98,14135.0,-6.7653,32718,460,690,2026-09-08 03:55:34
491700,1,HK 200,114780,2,2960,2.65,115173.0,-15.5757,121,13,689,2026-09-08 03:55:34
465330,2,RISE 2차전지TOP10,11380,2,5,0.04,11388.0,-14.9851,90522,1036,686,2026-09-08 03:55:34
440640,6,ACE 단기채권알파액티브,112740,5,-5,0.0,112748.0,0.8587,74,8,685,2026-09-08 03:55:34
130730,6,KIWOOM 단기자금,103060,5,-5,0.0,103062.0,0.7035,1179,121,680,2026-09-08 03:55:34
492500,7,1Q 현대차그룹채권(A+이상)&국고통안,51395,2,25,0.05,51405.0,0.8144,76,3,679,2026-09-08 03:55:34
0190Y0,4,TIGER 구글밸류체인,8315,2,70,0.85,8211.0,-25.0178,169783,1406,674,2026-09-08 03:55:34
278620,6,PLUS 단기채권액티브,119155,3,0,0.0,119148.0,0.9531,1,0,667,2026-09-08 03:55:34
252400,3,RISE 200선물레버리지,111115,2,5840,5.55,111001.0,-40.4604,21876,2360,667,2026-09-08 03:55:34
266420,2,KODEX 헬스케어,16660,5,-240,-1.42,16694.0,-8.3266,10597,177,666,2026-09-08 03:55:34
306950,3,KODEX KRX300레버리지,82940,2,3995,5.06,83736.0,-41.3703,1542,126,664,2026-09-08 03:55:34
140700,2,KODEX 보험,21225,5,-250,-1.16,21243.0,8.2006,117331,2497,658,2026-09-08 03:55:34
433880,7,PLUS TDF2060액티브 적격,18210,5,-50,-0.27,18189.0,-10.3636,3678,67,654,2026-09-08 03:55:34
458750,4,TIGER 미국배당다우존스타겟커버드콜1호,12690,5,-50,-0.39,12769.0,-7.1141,9763,123,654,2026-09-08 03:55:34
453950,4,TIGER TSMC파운드리밸류체인,32635,2,475,1.48,32324.0,-17.2201,5053,163,653,2026-09-08 03:55:34
0115E0,2,KODEX 코리아소버린AI,14820,5,-180,-1.2,14803.0,-10.3413,24828,367,652,2026-09-08 03:55:34
0123S0,2,HANARO 26-12 은행채(AA+이상)액티브,10185,5,-5,-0.05,10193.0,0.6419,26,0,631,2026-09-08 03:55:34
0194T0,2,ACE SK하이닉스단일종목레버리지,10485,2,1135,12.14,10539.0,-53.3434,204353,2061,626,2026-09-08 03:55:34
419890,6,KIWOOM 단기채권ESG액티브,107610,2,15,0.01,107613.0,0.8199,2132,229,624,2026-09-08 03:55:34
455660,6,ACE 미국하이일드액티브(H),9395,5,-25,-0.27,9405.0,0.4237,10327,97,620,2026-09-08 03:55:34
292770,6,KODEX 국채선물3년인버스,57730,5,-45,-0.08,57743.0,-0.1124,2,0,620,2026-09-08 03:55:34
0166S0,2,PLUS K제조업핵심기업액티브,11500,2,305,2.72,11522.0,-20.0358,41913,476,615,2026-09-08 03:55:34
0000D0,7,TIGER 엔비디아미국채커버드콜밸런스(합성),8870,2,5,0.06,8884.0,-13.6855,25981,230,612,2026-09-08 03:55:34
491220,1,PLUS 200TR,135430,2,3755,2.85,135685.0,-15.3488,585,78,609,2026-09-08 03:55:34
304780,3,HANARO 200선물레버리지,135115,2,6970,5.44,135317.0,-39.6383,1475,194,608,2026-09-08 03:55:34
476750,6,ACE 미국30년국채엔화노출액티브(H),7470,2,125,1.7,7463.0,-14.1943,55279,411,605,2026-09-08 03:55:34
275980,4,TIGER 글로벌4차산업혁신기술(합성 H),23685,2,20,0.08,23793.0,-4.1321,33301,788,602,2026-09-08 03:55:34
261240,7,KODEX 미국달러선물,13835,5,-15,-0.11,13845.0,-12.3696,57773,799,595,2026-09-08 03:55:34
495940,4,RISE 미국AI테크액티브,18870,2,15,0.08,18718.0,-22.2423,729,13,594,2026-09-08 03:55:34
453640,4,KODEX 미국S&P500헬스케어,13815,5,-70,-0.5,13868.0,-1.0112,12152,168,594,2026-09-08 03:55:34
0040S0,4,HANARO 글로벌피지컬AI액티브,23050,5,-110,-0.47,23088.0,-24.5111,3729,86,588,2026-09-08 03:55:34
0197W0,2,SOL SK하이닉스단일종목레버리지,10210,2,990,10.74,10320.0,-53.6684,463106,4552,587,2026-09-08 03:55:34
0172V0,5,1Q 은액티브,8440,2,120,1.44,8373.0,-20.0385,47958,403,587,2026-09-08 03:55:34
385590,2,ACE ESG액티브,25130,2,585,2.38,25141.0,-10.1739,1437,35,578,2026-09-08 03:55:34
225040,4,TIGER 미국S&P500레버리지(합성 H),68180,2,10,0.01,68206.0,3.116,6403,435,573,2026-09-08 03:55:34
278240,3,RISE 코스닥150선물레버리지,7840,2,40,0.51,7848.0,-46.1512,23127,180,572,2026-09-08 03:55:34
0226A0,7,PLUS SK하이닉스샌디스크채권혼합50,11410,2,260,2.33,11356.0,,139588,1581,571,2026-09-08 03:55:34
150460,2,TIGER 중국소비테마,7575,5,-70,-0.92,7575.0,4.0136,83518,634,570,2026-09-08 03:55:34
401470,2,KODEX 메타버스액티브,9740,5,-105,-1.07,9747.0,-8.2907,4400,42,570,2026-09-08 03:55:34
479730,4,TIGER 인도빌리언컨슈머,9585,5,-45,-0.47,9561.0,-7.3601,8308,79,566,2026-09-08 03:55:34
0181L0,4,SOL 미국우주항공TOP10,6915,2,65,0.95,6823.0,-44.512,60282,413,564,2026-09-08 03:55:34
0111J0,2,HANARO 증권고배당TOP3플러스,12650,2,150,1.2,12670.0,-25.7714,32960,415,563,2026-09-08 03:55:34
253150,3,PLUS 200선물레버리지,221910,2,11885,5.66,222035.0,-40.603,3323,718,555,2026-09-08 03:55:34
0197X0,2,SOL SK하이닉스선물단일종목인버스2X,5420,5,-730,-11.87,5393.0,-66.9177,20035063,114932,553,2026-09-08 03:55:34
0141S0,2,SOL 조선기자재,8570,2,70,0.82,8582.0,-17.7154,65612,563,548,2026-09-08 03:55:34
261070,2,TIGER 코스닥150바이오테크,11905,5,-160,-1.33,11932.0,-21.1438,94723,1131,548,2026-09-08 03:55:34
152500,3,ACE 레버리지,49100,2,2655,5.72,49144.0,-40.4666,51807,2496,540,2026-09-08 03:55:34
455960,6,RISE 미국달러SOFR금리액티브(합성),11790,5,-45,-0.38,11755.0,-11.5471,1167,13,540,2026-09-08 03:55:34
442560,7,RISE TDF2040액티브 적격,16265,2,10,0.06,16185.0,-8.552,6746,109,537,2026-09-08 03:55:34
275300,2,KODEX 우량주,31400,2,920,3.02,31455.0,-13.1785,2156,67,534,2026-09-08 03:55:34
101280,4,KODEX 일본TOPIX100,30890,2,390,1.28,30622.0,-5.2393,1786,54,531,2026-09-08 03:55:34
0113P0,6,HK 머니마켓액티브,102460,2,5,0.0,102465.0,0.7522,19,1,531,2026-09-08 03:55:34
0046Y0,4,ACE 미국배당퀄리티,12245,5,-30,-0.24,12283.0,-11.2288,4516,55,527,2026-09-08 03:55:34
445150,2,KODEX 친환경조선해운액티브,28340,2,60,0.21,28381.0,-15.9792,4468,127,524,2026-09-08 03:55:34
360140,2,KODEX 200롱코스닥150숏선물,23640,2,560,2.43,23654.0,1.4951,22443,527,520,2026-09-08 03:55:34
114470,6,KIWOOM 국고채3년,107525,5,-5,0.0,107522.0,1.0989,109,11,516,2026-09-08 03:55:34
0041D0,4,KODEX 미국AI소프트웨어TOP10,12960,5,-20,-0.15,12928.0,-11.3845,19766,255,512,2026-09-08 03:55:34
0118Z0,4,ACE 미국AI테크핵심산업액티브,8597,2,67,0.79,8499.0,-20.5403,8758,75,512,2026-09-08 03:55:34
440910,4,WON 미국우주항공방산,23210,5,-80,-0.34,23192.0,-19.9244,2245,52,511,2026-09-08 03:55:34
480310,4,TIGER 글로벌온디바이스AI,19225,2,195,1.02,18934.0,-23.9442,30877,589,509,2026-09-08 03:55:34
261220,5,KODEX WTI원유선물(H),26085,2,40,0.15,26083.0,3.1893,94319,2452,509,2026-09-08 03:55:34
475260,6,ACE 2월만기자동연장회사채AA-이상액티브,10755,5,-5,-0.05,10755.0,0.8434,14,0,507,2026-09-08 03:55:34
0139P0,2,ACE 고배당주,13635,5,-55,-0.4,13636.0,-1.1365,10076,137,504,2026-09-08 03:55:34
140950,1,파워 코스피100,89700,2,2640,3.03,89859.0,-15.6338,1087,97,502,2026-09-08 03:55:34
0185L0,4,TIME 글로벌휴머노이드로봇산업액티브,7205,5,-20,-0.28,7190.0,-29.7863,16597,119,501,2026-09-08 03:55:34
0000Z0,2,RISE 바이오TOP10액티브,8600,5,-50,-0.58,8616.0,-26.2261,42820,368,499,2026-09-08 03:55:34
442260,1,마이티 다이나믹퀀트액티브,39770,2,950,2.45,39811.0,-14.5029,120,4,493,2026-09-08 03:55:34
218420,4,KODEX 미국S&P500에너지(합성),19905,5,-75,-0.38,19967.0,-4.6984,5084,101,489,2026-09-08 03:55:34
0118S0,4,SOL 미국넥스트테크TOP10액티브,10620,2,255,2.46,10369.0,-32.2992,14866,157,489,2026-09-08 03:55:34
447430,2,ACE 주주환원가치주액티브,16515,2,45,0.27,16530.0,0.4354,8425,139,487,2026-09-08 03:55:34
292560,7,TIGER 일본엔선물,8065,2,80,1.0,8076.0,-10.3313,99340,799,484,2026-09-08 03:55:34
418670,4,TIGER 글로벌AI사이버보안,16780,5,-70,-0.42,16746.0,-0.2959,27084,453,483,2026-09-08 03:55:34
305050,1,ACE 코스피,74245,2,1975,2.73,74441.0,-14.8112,3694,271,483,2026-09-08 03:55:34
287180,4,PLUS 미국나스닥테크,53285,5,-25,-0.05,52949.0,-16.1265,745,39,480,2026-09-08 03:55:34
316670,1,KIWOOM 코스닥150,7040,2,15,0.21,7055.0,-19.6225,10345,72,476,2026-09-08 03:55:34
0192L0,2,RISE SK하이닉스단일종목레버리지,10635,2,1100,11.54,10700.0,-52.2056,43343,443,473,2026-09-08 03:55:34
336160,6,RISE 금융채액티브,100225,2,80,0.08,100234.0,0.8651,8,0,470,2026-09-08 03:55:34
0194M0,2,ACE 삼성전자단일종목레버리지,12235,2,740,6.44,12334.0,-51.0852,33693,399,468,2026-09-08 03:55:34
0132H0,4,KODEX 미국원자력SMR,8030,5,-10,-0.12,7964.0,-28.0215,15594,125,466,2026-09-08 03:55:34
0086B0,2,TIGER 리츠부동산인프라TOP10액티브,9460,2,60,0.64,9471.0,1.5029,41067,388,464,2026-09-08 03:55:34
375770,2,KODEX 탄소효율그린뉴딜,25690,2,440,1.74,25756.0,-13.6313,171,4,462,2026-09-08 03:55:34
0020H0,4,KoAct 글로벌양자컴퓨팅액티브,21455,2,440,2.09,21207.0,-31.7474,15516,331,461,2026-09-08 03:55:34
0178H0,7,IBK 미국AI TOP10국채혼합50,9800,2,35,0.36,9862.0,-6.0978,4841,47,461,2026-09-08 03:55:34
442090,2,에셋플러스 코리아대장장이액티브,30575,2,610,2.04,30631.0,-12.6258,260,7,459,2026-09-08 03:55:34
453650,4,KODEX 미국S&P500금융,19005,2,20,0.11,19053.0,-2.5025,4109,78,456,2026-09-08 03:55:34
200030,4,KODEX 미국S&P500산업재(합성),40420,5,-20,-0.05,40464.0,-13.1537,1237,49,456,2026-09-08 03:55:34
461340,4,HANARO 글로벌생성형AI액티브,41195,2,225,0.55,40816.0,-18.7184,1151,47,453,2026-09-08 03:55:34
256750,4,KODEX 차이나심천ChiNext(합성),14780,5,-105,-0.71,14853.0,-25.2386,6763,100,452,2026-09-08 03:55:34
196030,4,ACE 일본TOPIX레버리지(H),90330,5,-955,-1.05,90273.0,8.0807,140,12,452,2026-09-08 03:55:34
475270,6,ACE 5월만기자동연장회사채AA-이상액티브,10730,3,0,0.0,10738.0,0.6566,0,0,447,2026-09-08 03:55:34
123310,3,TIGER 인버스,1069,5,-32,-2.91,1069.0,-1.4325,3508661,3787,447,2026-09-08 03:55:34
487130,2,KoAct AI인프라액티브,29675,2,585,2.01,29715.0,-18.9807,9399,277,445,2026-09-08 03:55:34
371470,4,TIGER 차이나바이오테크SOLACTIVE,8230,5,-50,-0.6,8275.0,7.6023,43543,358,444,2026-09-08 03:55:34
473490,4,KIWOOM 글로벌AI반도체,29465,2,335,1.15,28944.0,-19.6708,1052,30,442,2026-09-08 03:55:34
276990,4,KODEX 글로벌로봇(합성),24930,2,180,0.73,24908.0,-20.4436,3172,79,441,2026-09-08 03:55:34
473590,4,ACE 미국주식베스트셀러,18710,2,125,0.67,18419.0,-23.5815,73371,1365,440,2026-09-08 03:55:34
429760,4,PLUS 미국S&P500,19100,5,-15,-0.08,19101.0,-10.7059,3790,72,439,2026-09-08 03:55:34
238720,4,ACE 일본Nikkei225(H),48425,2,100,0.21,48425.0,-0.2992,1065,51,436,2026-09-08 03:55:34
0186S0,7,1Q 코스닥150채권혼합50액티브,8375,2,15,0.18,8412.0,-9.8662,203115,1700,436,2026-09-08 03:55:34
401170,2,RISE 메타버스,10935,5,-100,-0.91,10940.0,-18.0468,14998,165,433,2026-09-08 03:55:34
0220B0,1,DS 코스닥액티브,10165,2,90,0.89,10180.0,,129834,1315,432,2026-09-08 03:55:34
0112X0,1,마이티 200TR,42900,2,970,2.31,42922.0,-14.5507,349,14,429,2026-09-08 03:55:34
0141T0,6,SOL 중기종합채권(AA-이상)액티브,50335,3,0,0.0,50320.0,1.0033,0,0,429,2026-09-08 03:55:34
440650,6,ACE 미국달러단기채권액티브,11245,5,-5,-0.04,11244.0,-12.3491,27285,306,427,2026-09-08 03:55:34
472840,1,IBK 200,113390,2,3145,2.85,113626.0,-14.9668,603,67,425,2026-09-08 03:55:34
472830,6,RISE 미국30년국채커버드콜(합성),7655,2,10,0.13,7646.0,-16.2108,11335,86,425,2026-09-08 03:55:34
0089C0,4,KODEX 미국S&P500변동성확대시커버드콜,11135,5,-5,-0.04,11140.0,-11.0091,1518,16,423,2026-09-08 03:55:34
448570,1,FOCUS AI코리아액티브,31095,2,410,1.34,31175.0,-12.4911,426,13,420,2026-09-08 03:55:34
476260,2,HANARO 반도체핵심공정주도주,12905,2,90,0.7,12926.0,-9.8488,127805,1648,419,2026-09-08 03:55:34
0191M0,6,마이티 5월만기자동연장특수채(AAA)액티브,100765,3,0,0.0,100777.0,0.6945,0,0,417,2026-09-08 03:55:34
261120,7,TIGER 미국달러선물인버스2X,5630,2,15,0.27,5643.0,30.8857,19972,112,417,2026-09-08 03:55:34
139320,5,TIGER 금은선물(H),18475,2,145,0.79,18436.0,-3.2463,5655,104,416,2026-09-08 03:55:34
0189B0,5,TIGER 은액티브,8150,2,85,1.05,8114.0,-19.2289,24232,196,416,2026-09-08 03:55:34
183700,7,RISE 200채권혼합50,98420,2,1485,1.53,98213.0,-7.1193,8941,872,413,2026-09-08 03:55:34
0007G0,4,PLUS 글로벌원자력밸류체인,13670,2,45,0.33,13551.0,-19.853,7950,108,410,2026-09-08 03:55:34
0209Z0,2,ACE 코리아AI전력TOP10,7400,2,70,0.95,7399.0,,378307,2795,407,2026-09-08 03:55:34
139280,2,TIGER 경기방어,12640,5,-40,-0.32,12630.0,1.04,2812,35,404,2026-09-08 03:55:34
275280,2,KODEX 모멘텀주,44765,2,1405,3.24,44831.0,-15.16,3643,162,403,2026-09-08 03:55:34
322410,2,HANARO K고배당,23455,5,-45,-0.19,23466.0,-0.3926,3704,87,399,2026-09-08 03:55:34
494840,4,TIGER 미국방산TOP10,12010,5,-100,-0.83,12038.0,-11.5485,10150,122,396,2026-09-08 03:55:34
0207G0,2,SOL 우주항공밸류체인,6715,2,240,3.71,6729.0,,515351,3416,396,2026-09-08 03:55:34
147970,2,TIGER 모멘텀,82065,2,1400,1.74,82142.0,-17.5753,797,65,394,2026-09-08 03:55:34
428510,4,KODEX 차이나AI테크액티브,23110,5,-100,-0.43,23111.0,-22.662,2873,66,393,2026-09-08 03:55:34
352540,7,KODEX 일본부동산리츠(H),11085,5,-45,-0.4,11107.0,3.2277,2848,31,377,2026-09-08 03:55:34
195930,4,TIGER 유로스탁스50(합성 H),23460,2,60,0.26,23569.0,5.0269,2216,52,375,2026-09-08 03:55:34
400970,2,TIGER Fn메타버스,7470,5,-95,-1.26,7470.0,-21.8088,3134,23,374,2026-09-08 03:55:34
276970,4,KODEX 미국S&P500배당귀족커버드콜(합성 H),7930,2,25,0.32,7933.0,9.2349,5067,40,373,2026-09-08 03:55:34
491830,4,TIGER 미국AI반도체팹리스,21240,2,260,1.24,20832.0,-24.6668,26477,560,372,2026-09-08 03:55:34
153270,1,KIWOOM 코스피100,87945,2,2575,3.02,88125.0,-15.5213,1974,171,369,2026-09-08 03:55:34
365000,2,TIGER 인터넷TOP10,3625,5,-15,-0.41,3631.0,-26.1664,43728,159,368,2026-09-08 03:55:34
452250,6,ACE 미국30년국채선물레버리지(합성 H),4740,2,25,0.53,4767.0,-7.5491,5160,24,367,2026-09-08 03:55:34
449690,4,TIGER 한중반도체(합성),48975,2,900,1.87,48865.0,-16.6523,433,20,367,2026-09-08 03:55:34
104530,2,KIWOOM 코리아고배당,17740,2,10,0.06,17734.0,-3.9737,8945,158,364,2026-09-08 03:55:34
0154F0,2,WON 초대형IB&금융지주,12540,2,20,0.16,12541.0,-5.5807,5480,68,357,2026-09-08 03:55:34
450910,1,SOL 코스닥150,13810,2,80,0.58,13835.0,-20.1745,10308,142,356,2026-09-08 03:55:34
464470,6,PLUS 미국채30년액티브,46530,2,85,0.18,46492.0,-15.6792,4810,223,355,2026-09-08 03:55:34
381560,2,HANARO Fn전기&수소차,17735,5,-50,-0.28,17699.0,-19.1019,458,8,355,2026-09-08 03:55:34
276650,4,RISE 글로벌테크놀로지(합성 H),47040,2,660,1.42,46773.0,-4.2922,56,2,353,2026-09-08 03:55:34
241390,7,RISE V&S셀렉트밸류채권혼합,16000,2,155,0.98,15967.0,-4.8063,10287,163,352,2026-09-08 03:55:34
0085N0,6,ACE 미국10년국채액티브(H),9715,2,15,0.15,9710.0,-1.3218,5760,55,350,2026-09-08 03:55:34
0184E0,7,1Q 200채권혼합50액티브,11280,2,130,1.17,11312.0,-6.294,99304,1113,350,2026-09-08 03:55:34
105780,2,RISE 5대그룹주,17320,2,285,1.67,17351.0,-18.8037,2050,35,346,2026-09-08 03:55:34
322400,2,HANARO e커머스,10440,2,5,0.05,10436.0,-7.2033,371,3,345,2026-09-08 03:55:34
0100K0,2,KODEX 방산TOP10레버리지,5925,2,40,0.68,5928.0,-37.7249,350381,2111,344,2026-09-08 03:55:34
385520,2,KODEX 자율주행액티브,15940,5,-5,-0.03,15967.0,-22.6535,2162,34,343,2026-09-08 03:55:34
380340,2,ACE 코리아AI테크핵심산업,28435,5,-410,-1.42,28499.0,-21.8505,4431,125,341,2026-09-08 03:55:34
475070,4,KoAct 글로벌친환경전력인프라액티브,29660,2,425,1.45,29414.0,-29.4012,12237,360,341,2026-09-08 03:55:34
498860,2,RISE 코리아금융고배당,16955,5,-45,-0.26,16959.0,-10.2399,5940,100,339,2026-09-08 03:55:34
0089B0,7,PLUS 미국나스닥100미국채혼합50,10905,5,-10,-0.09,10885.0,-13.1489,5076,55,338,2026-09-08 03:55:34
449780,4,KIWOOM 미국S&P500(H),18685,5,-40,-0.21,18692.0,1.4672,10515,196,336,2026-09-08 03:55:34
469050,4,RISE 미국반도체NYSE(H),32005,2,475,1.51,31278.0,-11.0981,19892,634,336,2026-09-08 03:55:34
261140,2,TIGER 우선주,25040,2,200,0.81,25087.0,-13.7384,4898,122,336,2026-09-08 03:55:34
0192M0,2,RISE 삼성전자단일종목레버리지,12420,2,755,6.47,12461.0,-50.5721,53067,640,335,2026-09-08 03:55:34
491090,4,KODEX 미국테크TOP3플러스,17645,5,-30,-0.17,17613.0,-10.8595,21961,386,335,2026-09-08 03:55:34
407830,4,에셋플러스 글로벌플랫폼액티브,13960,2,15,0.11,13892.0,-19.136,3308,45,335,2026-09-08 03:55:34
099140,4,KODEX 차이나H,20580,5,-160,-0.77,20600.0,-11.5925,8465,174,329,2026-09-08 03:55:34
117460,2,KODEX 에너지화학,14225,5,-25,-0.18,14249.0,-8.4619,27112,386,329,2026-09-08 03:55:34
415920,5,PLUS 글로벌희토류&전략자원생산기업,6990,5,-50,-0.71,6988.0,-28.817,11640,81,329,2026-09-08 03:55:34
352560,7,KODEX 미국부동산리츠(H),12110,5,-20,-0.16,12190.0,-0.0273,15641,189,327,2026-09-08 03:55:34
0023B0,4,PLUS 미국양자컴퓨팅TOP10,15550,2,155,1.01,15289.0,-28.9899,12372,191,327,2026-09-08 03:55:34
474800,4,KIWOOM 미국원유에너지기업,15537,5,-163,-1.04,15629.0,-3.9419,35533,552,326,2026-09-08 03:55:34
275290,2,KODEX 가치주,36250,2,1075,3.06,36380.0,-8.3159,1703,61,326,2026-09-08 03:55:34
156080,1,KODEX MSCI Korea,54325,2,1325,2.5,54437.0,-14.7334,1170,62,326,2026-09-08 03:55:34
395290,2,HANARO Fn K-POP&미디어,5085,2,45,0.89,5097.0,-11.4236,67449,345,325,2026-09-08 03:55:34
465350,3,RISE 2차전지TOP10인버스(합성),16185,2,30,0.19,16380.0,1.8279,26601,428,324,2026-09-08 03:55:34
122260,6,KIWOOM 통안채1년,104230,2,5,0.0,104235.0,0.7735,2,0,323,2026-09-08 03:55:34
465660,4,TIGER 일본반도체FACTSET,24785,2,315,1.29,24811.0,-15.4929,8203,202,322,2026-09-08 03:55:34
139270,2,TIGER 200 금융,17460,5,-25,-0.14,17461.0,-1.7222,14562,254,321,2026-09-08 03:55:34
395170,2,KODEX Top10동일가중,16045,2,315,2.0,16066.0,-20.5253,4898,77,321,2026-09-08 03:55:34
459560,4,KODEX 테슬라밸류체인FactSet,21355,2,350,1.67,21194.0,-23.4501,3024,64,320,2026-09-08 03:55:34
227540,2,TIGER 200 헬스케어,19195,5,-100,-0.52,19224.0,2.4694,8727,168,319,2026-09-08 03:55:34
138910,5,KODEX 구리선물(H),10245,2,195,1.94,10232.0,1.5151,48617,495,318,2026-09-08 03:55:34
253250,3,KIWOOM 200선물레버리지,109350,2,5825,5.63,109315.0,-40.1227,33838,3617,317,2026-09-08 03:55:34
256440,4,ACE MSCI인도네시아(합성),5195,2,5,0.1,5237.0,-1.8904,26664,138,317,2026-09-08 03:55:34
266360,2,KODEX K콘텐츠,9900,5,-140,-1.39,9904.0,-11.9685,7213,71,317,2026-09-08 03:55:34
469790,2,KIWOOM 코리아테크TOP10,45180,2,1065,2.41,45200.0,-17.4186,512,22,316,2026-09-08 03:55:34
0138T0,4,RISE 미국S&P500데일리고정커버드콜,9275,5,-55,-0.59,9277.0,-10.5909,40677,376,315,2026-09-08 03:55:34
174360,4,RISE 중국본토대형주CSI100,22455,5,-95,-0.42,22565.0,-16.5279,3256,73,314,2026-09-08 03:55:34
117680,2,KODEX 철강,12820,2,130,1.02,12813.0,-8.9655,29692,380,314,2026-09-08 03:55:34
0204S0,1,TIGER 코스닥액티브,6805,2,50,0.74,6819.0,-24.6515,149506,1020,310,2026-09-08 03:55:34
0192T0,2,SOL 코스닥TOP10,7100,3,0,0.0,7105.0,-21.1112,197246,1399,309,2026-09-08 03:55:34
476690,4,TIGER 글로벌비만치료제TOP2Plus,10255,5,-55,-0.53,10348.0,-7.745,4592,47,308,2026-09-08 03:55:34
426150,6,WON 대한민국국고채액티브,51065,2,55,0.11,51161.0,-1.1339,42,2,307,2026-09-08 03:55:34
245350,4,TIGER 유로스탁스배당30,19210,5,-70,-0.36,19192.0,-3.0694,895,17,307,2026-09-08 03:55:34
0150K0,2,KoAct 수소전력ESS인프라액티브,10775,2,35,0.33,10789.0,-16.8409,14736,159,307,2026-09-08 03:55:34
446690,4,KODEX 아시아AI반도체exChina액티브,61300,2,690,1.14,61334.0,-20.0499,1882,115,307,2026-09-08 03:55:34
459750,4,RISE 글로벌주식분산액티브,17465,5,-75,-0.43,17533.0,-10.614,2831,49,306,2026-09-08 03:55:34
192720,2,파워 고배당저변동성,59670,5,-175,-0.29,59659.0,0.5317,498,29,304,2026-09-08 03:55:34
494410,4,PLUS 미국S&P500성장주,13800,5,-100,-0.72,13909.0,-12.0986,2525,34,304,2026-09-08 03:55:34
464920,4,PLUS 일본반도체소부장,24210,2,440,1.85,24222.0,-12.5621,21932,526,303,2026-09-08 03:55:34
145850,2,TREX 펀더멘탈 200,120800,3,0,0.0,121442.0,-11.046,1,0,302,2026-09-08 03:55:34
248270,4,TIGER S&P글로벌헬스케어(합성),25930,5,-55,-0.21,25905.0,-2.2018,4590,119,301,2026-09-08 03:55:34
289480,3,TIGER 200커버드콜,13035,2,40,0.31,13106.0,18.6795,11882,154,300,2026-09-08 03:55:34
0203S0,7,WON 삼성전자현대차채권혼합50,8765,2,65,0.75,8789.0,-15.3697,34614,302,298,2026-09-08 03:55:34
0155N0,2,HANARO K휴머노이드테마TOP10,7640,5,-75,-0.97,7640.0,-29.479,21723,166,298,2026-09-08 03:55:34
261250,7,KODEX 미국달러선물레버리지,14960,5,-55,-0.37,14988.0,-23.8204,94152,1412,296,2026-09-08 03:55:34
468630,6,KODEX iShares미국투자등급회사채액티브,10480,2,5,0.05,10475.0,-14.7801,35318,369,294,2026-09-08 03:55:34
450190,4,KODEX 한중반도체(합성),49055,2,550,1.13,49304.0,-16.5721,271,13,294,2026-09-08 03:55:34
0083S0,4,1Q 미국메디컬AI,10475,5,-40,-0.38,10484.0,-2.9319,21760,227,293,2026-09-08 03:55:34
271060,5,KODEX 3대농산물선물(H),9220,2,160,1.77,9270.0,16.6773,27619,253,293,2026-09-08 03:55:34
496770,4,PLUS 글로벌방산,16265,5,-145,-0.88,16324.0,-10.8153,3554,57,293,2026-09-08 03:55:34
0155M0,4,ACE 미국SMR원자력TOP10,6940,2,45,0.65,6888.0,-25.0951,23027,158,291,2026-09-08 03:55:34
0218J0,7,RISE 미국우주&로봇TOP2미국채혼합50,8870,2,10,0.11,8821.0,,54034,478,288,2026-09-08 03:55:34
223190,2,KODEX 200가치저변동,28780,2,140,0.49,28768.0,-12.7429,526,15,288,2026-09-08 03:55:34
459790,4,KIWOOM 미국성장기업30액티브,19840,3,0,0.0,19715.0,-20.3053,40,0,288,2026-09-08 03:55:34
476070,4,KODEX 글로벌비만치료제TOP2 Plus,10815,5,-90,-0.83,10876.0,-5.3832,2248,24,287,2026-09-08 03:55:34
261060,2,TIGER 코스닥150IT,24630,2,655,2.73,24672.0,-16.4926,21215,518,286,2026-09-08 03:55:34
387270,4,TIGER 글로벌이노베이션액티브,24560,2,220,0.9,24444.0,-20.3274,33370,813,285,2026-09-08 03:55:34
0107F0,4,KIWOOM 미국고배당&AI테크,11110,5,-10,-0.09,11164.0,-9.8238,18229,202,283,2026-09-08 03:55:34
0198D0,2,1Q SK하이닉스선물단일종목레버리지,10895,2,1205,12.44,10947.0,-56.2825,81273,851,281,2026-09-08 03:55:34
415340,4,KODEX 차이나과창판STAR50(합성),13450,3,0,0.0,13510.0,-15.5417,40204,537,278,2026-09-08 03:55:34
494340,4,ACE 글로벌AI맞춤형반도체,18520,2,375,2.07,18023.0,-35.4386,6869,126,278,2026-09-08 03:55:34
0166N0,1,PLUS 코스닥150액티브,7910,2,140,1.8,7910.0,-21.7917,7062,55,277,2026-09-08 03:55:34
0013R0,7,RISE 테슬라미국채타겟커버드콜혼합(합성),7550,5,-45,-0.59,7555.0,-18.1871,12043,90,272,2026-09-08 03:55:34
489290,4,WON 미국빌리어네어,14530,5,-10,-0.07,14543.0,-12.3305,20694,300,269,2026-09-08 03:55:34
0049K0,7,ACE 미국배당퀄리티채권혼합50,10955,5,-25,-0.23,10973.0,-5.8967,8459,92,268,2026-09-08 03:55:34
475380,7,RISE 글로벌리얼티인컴,10120,2,10,0.1,10088.0,-12.6922,1723,17,268,2026-09-08 03:55:34
139250,2,TIGER 200 에너지화학,18610,2,110,0.59,18624.0,-5.1934,16751,311,268,2026-09-08 03:55:34
167860,6,KIWOOM 국고채10년레버리지,92090,2,115,0.13,92062.0,0.1197,2,0,267,2026-09-08 03:55:34
0224X0,7,1Q 엔비디아알파벳미국채혼합50,9615,5,-85,-0.88,9528.0,,69087,663,264,2026-09-08 03:55:34
0137W0,4,KIWOOM 미국S&P500&GOLD,10145,2,15,0.15,10152.0,-11.0162,2987,30,264,2026-09-08 03:55:34
440340,7,TIGER 글로벌멀티에셋TIF액티브,11645,5,-10,-0.09,11624.0,-11.8243,4934,57,262,2026-09-08 03:55:34
493420,4,SOL 미국배당다우존스2호,12420,5,-40,-0.32,12501.0,-7.2774,4617,57,261,2026-09-08 03:55:34
437350,6,RISE 미국단기투자등급회사채액티브,11825,3,0,0.0,11822.0,-12.8593,6829,80,260,2026-09-08 03:55:34
0152E0,2,SOL 배당성향탑픽액티브,10835,5,-65,-0.6,10850.0,-4.2512,15420,167,260,2026-09-08 03:55:34
496120,1,ACE 코리아밸류업,34660,2,800,2.36,34728.0,-12.0492,854,29,260,2026-09-08 03:55:34
277540,4,ACE 아시아TOP50,32455,2,265,0.82,32565.0,-11.8324,530,17,260,2026-09-08 03:55:34
0223R0,4,TIGER 미국테크NYSE100액티브,9110,2,115,1.28,8955.0,,26453,240,259,2026-09-08 03:55:34
0103T0,2,1Q K소버린AI,8770,5,-120,-1.35,8783.0,-17.1096,14380,126,259,2026-09-08 03:55:34
0164G0,4,RISE 차이나AI반도체TOP4Plus,12145,5,-15,-0.12,12196.0,-23.5701,3062,37,255,2026-09-08 03:55:34
159800,1,마이티 코스피100,90655,2,2770,3.15,90699.0,-15.4098,3,0,254,2026-09-08 03:55:34
0115C0,4,RISE 미국고배당다우존스TOP10,10800,5,-90,-0.83,10913.0,-7.5854,2885,31,254,2026-09-08 03:55:34
368190,2,HANARO Fn K-뉴딜디지털플러스,7900,5,-120,-1.5,7897.0,-7.922,220,1,253,2026-09-08 03:55:34
292500,1,SOL KRX300,50440,2,170,0.34,51454.0,-14.681,23,1,252,2026-09-08 03:55:34
0097L0,7,KIWOOM 한국고배당&미국AI테크,12605,2,30,0.24,12553.0,-6.7791,2963,37,252,2026-09-08 03:55:34
289250,2,TIGER MSCI KOREA ESG유니버설,36515,2,920,2.58,36585.0,-13.4183,821,29,252,2026-09-08 03:55:34
292160,1,TIGER KRX300,50370,2,1045,2.12,50494.0,-15.0617,5165,257,252,2026-09-08 03:55:34
185680,4,KODEX 미국S&P바이오(합성),46975,2,35,0.07,46865.0,8.5067,6132,287,250,2026-09-08 03:55:34
245360,4,TIGER 차이나HSCEI,11860,5,-125,-1.04,11900.0,-11.4382,3212,38,249,2026-09-08 03:55:34
414270,4,ACE 글로벌자율주행액티브,11315,5,-20,-0.18,11306.0,-23.4122,2230,25,249,2026-09-08 03:55:34
483570,4,KCGI 미국S&P500 TOP10,15535,5,-10,-0.06,15422.0,-11.2222,523,8,249,2026-09-08 03:55:34
225130,4,ACE 골드선물 레버리지(합성 H),49290,2,610,1.25,49693.0,-5.5033,1933,94,246,2026-09-08 03:55:34
479850,2,HANARO K-뷰티,18140,5,-490,-2.63,18167.0,22.8891,68102,1246,245,2026-09-08 03:55:34
0047R0,4,RISE 팔란티어고정테크100,14840,2,25,0.17,14813.0,-6.9049,4527,67,245,2026-09-08 03:55:34
367740,2,HANARO Fn5G산업,44300,2,530,1.21,44371.0,-13.5749,322,14,244,2026-09-08 03:55:34
364690,1,KODEX 혁신기술테마액티브,40560,2,945,2.39,40563.0,-16.5962,427,17,243,2026-09-08 03:55:34
419430,4,KODEX 차이나2차전지MSCI(합성),8640,5,-60,-0.69,8690.0,-26.0833,5433,46,242,2026-09-08 03:55:34
195970,4,PLUS 선진국MSCI(합성 H),16565,2,75,0.45,16712.0,3.3208,3361,55,242,2026-09-08 03:55:34
0093D0,7,KoAct 팔란티어밸류체인액티브,17210,2,85,0.5,17195.0,-17.9641,4235,72,241,2026-09-08 03:55:34
388280,2,RISE K엔터&여행레저,7370,2,120,1.66,7375.0,-11.2064,13821,101,240,2026-09-08 03:55:34
295020,6,RISE 국채선물10년인버스,60665,5,-125,-0.21,60661.0,0.9046,4,0,240,2026-09-08 03:55:34
0206G0,7,1Q 현대차기아채권혼합50,8135,5,-25,-0.31,8153.0,,186361,1519,240,2026-09-08 03:55:34
481340,6,RISE 미국30년국채액티브,8370,2,30,0.36,8352.0,-15.8761,32910,274,239,2026-09-08 03:55:34
0177A0,2,WON 두산그룹포커스,9490,2,230,2.48,9495.0,-25.8013,103616,980,237,2026-09-08 03:55:34
280930,4,KODEX 미국러셀2000(H),16780,2,10,0.06,16795.0,1.1764,2562,42,235,2026-09-08 03:55:34
461450,1,KODEX 코스닥글로벌,15590,2,245,1.6,15632.0,-13.768,10452,162,234,2026-09-08 03:55:34
442550,7,RISE TDF2030액티브 적격,14555,2,60,0.41,14560.0,-7.3611,6363,92,233,2026-09-08 03:55:34
217770,5,TIGER 원유선물인버스(H),1151,5,-1,-0.09,1146.0,-9.434,217901,251,232,2026-09-08 03:55:34
252710,3,TIGER 200선물인버스2X,75,5,-3,-3.85,74.0,-17.8948,40278144,3059,232,2026-09-08 03:55:34
376410,2,TIGER 탄소효율그린뉴딜,25465,2,615,2.47,25496.0,-13.8081,1550,39,229,2026-09-08 03:55:34
375760,2,HANARO 탄소효율그린뉴딜,25425,2,760,3.08,25431.0,-14.7039,36,0,229,2026-09-08 03:55:34
411540,1,SOL 200 Top10,17565,2,310,1.8,17577.0,-16.6286,1315,23,228,2026-09-08 03:55:34
300950,2,KODEX 게임산업,5415,5,-30,-0.55,5398.0,-13.2271,49991,270,227,2026-09-08 03:55:34
138230,7,KIWOOM 미국달러선물,15680,5,-50,-0.32,15700.0,-12.2944,3198,50,227,2026-09-08 03:55:34
108590,1,TREX 200,113600,2,3080,2.79,113798.0,-15.2509,416,46,227,2026-09-08 03:55:34
0153X0,4,PLUS 미국고배당주액티브,11082,5,-28,-0.25,11142.0,-2.2562,4242,47,227,2026-09-08 03:55:34
0127R0,4,RISE 미국AI클라우드인프라,16665,2,330,2.02,16241.0,-23.8545,4523,74,225,2026-09-08 03:55:34
456680,4,TIGER 차이나전기차레버리지(합성),5505,5,-50,-0.9,5444.0,-48.0356,5715,30,225,2026-09-08 03:55:34
469160,4,ACE 일본반도체,24910,2,220,0.89,24873.0,-21.407,3810,95,224,2026-09-08 03:55:34
204450,4,KODEX 차이나H레버리지(H),2290,5,-25,-1.08,2308.0,-1.9068,23482,53,222,2026-09-08 03:55:34
465670,4,TIGER 미국캐시카우100,16445,5,-140,-0.84,16562.0,-1.2456,34939,573,222,2026-09-08 03:55:34
269420,4,KODEX S&P글로벌인프라(합성),21410,5,-85,-0.4,21435.0,-13.4314,942,20,221,2026-09-08 03:55:34
461600,6,SOL 미국30년국채액티브(H),8335,2,25,0.3,8338.0,-3.5963,1638,13,221,2026-09-08 03:55:34
0047P0,4,RISE 테슬라고정테크100,14220,2,80,0.57,14066.0,-15.5529,2205,31,220,2026-09-08 03:55:34
239660,6,PLUS 우량회사채50,121815,2,30,0.02,121824.0,0.8654,473,57,219,2026-09-08 03:55:34
464600,2,SOL 자동차소부장Fn,23060,5,-340,-1.45,23070.0,-30.2534,5108,117,219,2026-09-08 03:55:34
0234N0,2,KIWOOM 삼성SK그룹TOP4+,10805,2,335,3.2,10827.0,,294259,3133,216,2026-09-08 03:55:34
477730,4,KODEX 인도타타그룹,7200,5,-55,-0.76,7214.0,-12.0879,745,5,216,2026-09-08 03:55:34
433220,4,에셋플러스 글로벌대장장이액티브,29075,2,40,0.14,28944.0,-21.9909,3188,92,215,2026-09-08 03:55:34
337120,2,KODEX 멀티팩터,35845,2,745,2.12,36131.0,-15.1542,390,13,215,2026-09-08 03:55:34
438320,4,TIGER 차이나항셍테크레버리지(합성 H),4930,5,-120,-2.38,4963.0,-17.4162,10517,52,213,2026-09-08 03:55:34
0192S0,7,SOL 코스피200채권혼합50,9670,2,120,1.26,9705.0,-6.9877,131352,1261,213,2026-09-08 03:55:34
0065G0,4,KODEX 차이나테크TOP10,8320,5,-40,-0.48,8359.0,-17.4191,10426,86,212,2026-09-08 03:55:34
0026E0,4,KODEX 미국S&P500버퍼3월액티브,11425,5,-15,-0.13,11488.0,-9.5653,15,0,211,2026-09-08 03:55:34
253290,7,RISE 헬스케어채권혼합,11735,5,-15,-0.13,11679.0,-0.9275,3057,35,211,2026-09-08 03:55:34
226980,1,KODEX 200 중소형,23435,2,295,1.27,23465.0,-9.0232,3816,89,211,2026-09-08 03:55:34
0231Z0,7,KODEX 코리아TDF2065액티브 적격,10535,2,215,2.08,10568.0,,40989,429,211,2026-09-08 03:55:34
289040,2,KODEX MSCI KOREA ESG유니버설,35105,2,770,2.24,35185.0,-11.8497,54,1,211,2026-09-08 03:55:34
447660,7,PLUS 애플채권혼합,13575,5,-55,-0.4,13625.0,-1.8046,13195,179,210,2026-09-08 03:55:34
091220,2,TIGER 은행,17430,5,-55,-0.31,17433.0,7.1782,24128,422,209,2026-09-08 03:55:34
471460,6,KIWOOM 국고채30년액티브,45380,2,195,0.43,45365.0,-4.5455,116,5,209,2026-09-08 03:55:34
417630,2,TIGER KEDI혁신기업ESG30,19785,5,-55,-0.28,19812.0,-7.6136,448,8,208,2026-09-08 03:55:34
300640,2,RISE 게임테마,6360,5,-60,-0.93,6355.0,-8.2202,1195,7,207,2026-09-08 03:55:34
152380,6,KODEX 국채선물10년,64910,2,145,0.22,64920.0,0.1391,332,21,206,2026-09-08 03:55:34
0186L0,4,KoAct 미국로봇피지컬AI액티브,8970,2,55,0.62,8882.0,-25.8011,11117,99,206,2026-09-08 03:55:34
0067V0,4,TIGER 차이나글로벌리더스TOP3+,9370,5,-100,-1.06,9390.0,-18.6077,1832,17,206,2026-09-08 03:55:34
371450,4,TIGER 글로벌클라우드컴퓨팅INDXX,13155,5,-85,-0.64,13171.0,-3.0392,11538,151,205,2026-09-08 03:55:34
463300,4,RISE 중국본토CSI300,12810,2,20,0.16,12890.0,-15.8413,387,4,205,2026-09-08 03:55:34
489000,6,PLUS 일본엔화초단기국채(합성),9245,2,130,1.43,9259.0,-10.4617,55880,516,203,2026-09-08 03:55:34
404120,2,TIME K신재생에너지액티브,25350,2,160,0.64,25309.0,-16.1731,4019,101,203,2026-09-08 03:55:34
364990,2,TIGER 게임TOP10,4600,5,-105,-2.23,4594.0,-14.9187,43779,202,202,2026-09-08 03:55:34
0190M0,4,KIWOOM 미국AI테크하이베타,8225,2,195,2.43,8006.0,-31.6596,11998,98,202,2026-09-08 03:55:34
304770,1,HANARO 코스닥150,14125,2,95,0.68,14141.0,-20.2841,1356,19,201,2026-09-08 03:55:34
284980,2,RISE 200금융,23225,2,25,0.11,23229.0,-1.631,12351,287,200,2026-09-08 03:55:34
437070,6,KODEX 아시아달러채권ESG플러스액티브,57260,2,5,0.01,57272.0,-13.7009,1573,90,198,2026-09-08 03:55:34
407310,1,HANARO 200 TOP10,17215,2,340,2.01,17205.0,-16.7142,1687,28,198,2026-09-08 03:55:34
304760,1,HANARO KRX300,49480,2,1560,3.26,49497.0,-15.8222,45,2,198,2026-09-08 03:55:34
169950,4,KODEX 차이나A50,24710,5,-120,-0.48,24928.0,-16.1857,447,11,198,2026-09-08 03:55:34
404260,2,KODEX 기후변화솔루션,24695,2,220,0.9,24702.0,-17.3607,464,11,198,2026-09-08 03:55:34
497780,4,KoAct 미국천연가스인프라액티브,10280,5,-45,-0.44,10318.0,-13.0993,7437,76,195,2026-09-08 03:55:34
0198B0,2,1Q 삼성전자선물단일종목레버리지,12660,2,730,6.12,12729.0,-51.9437,37442,468,195,2026-09-08 03:55:34
213630,4,PLUS 미국다우존스고배당주(합성 H),21190,2,100,0.47,21197.0,6.542,12742,270,195,2026-09-08 03:55:34
228820,1,TIGER KTOP30,19450,2,350,1.83,19468.0,-15.9551,5717,110,195,2026-09-08 03:55:34
416090,4,ACE 중국과창판STAR50,12140,5,-160,-1.3,12187.0,-16.0123,3791,46,194,2026-09-08 03:55:34
229720,1,KODEX KTOP30,38520,2,675,1.78,38584.0,-16.0974,1302,49,193,2026-09-08 03:55:34
0193K0,2,PLUS 삼성전자단일종목레버리지,13475,2,880,6.99,13525.0,-50.3352,16069,209,192,2026-09-08 03:55:34
183710,7,RISE 주식혼합,96000,2,1655,1.75,96213.0,-12.2903,11,1,192,2026-09-08 03:55:34
0203R0,6,WON 중단기종합채권(A-이상)액티브,50495,3,0,0.0,50499.0,1.1721,0,0,192,2026-09-08 03:55:34
379790,4,RISE 유로스탁스50(H),17400,2,80,0.46,17404.0,4.7354,16766,292,191,2026-09-08 03:55:34
0104P0,2,TIGER 코리아배당다우존스위클리커버드콜,11145,5,-5,-0.04,11131.0,-3.4572,3829,42,189,2026-09-08 03:55:34
445910,2,TIGER MKF배당귀족,20945,2,45,0.22,20913.0,-4.5732,1009,21,189,2026-09-08 03:55:34
0144M0,4,KODEX 미국드론UAM TOP10,6810,2,10,0.15,6795.0,-30.7889,4153,28,187,2026-09-08 03:55:34
487950,4,KODEX 대만테크고배당다우존스,12855,5,-165,-1.27,12688.0,-14.9017,12903,166,186,2026-09-08 03:55:34
445690,2,BNK 주주가치액티브,31060,2,185,0.6,31240.0,-10.6497,83,2,186,2026-09-08 03:55:34
225060,4,TIGER 이머징마켓MSCI레버리지(합성 H),17525,2,245,1.42,17637.0,0.8756,329,5,186,2026-09-08 03:55:34
0105D0,2,SOL 한국AI소프트웨어,9740,5,-175,-1.77,9756.0,-19.8465,49957,487,185,2026-09-08 03:55:34
227830,1,PLUS 코스피,73955,2,1875,2.6,74124.0,-14.5968,981,72,185,2026-09-08 03:55:34
276000,4,TIGER 글로벌자원생산기업(합성 H),21605,5,-3395,-13.58,21599.0,22.6091,4365,94,184,2026-09-08 03:55:34
289260,2,TIGER MSCI KOREA ESG리더스,30385,2,755,2.55,30421.0,-9.2358,1428,43,182,2026-09-08 03:55:34
391670,1,HK 베스트일레븐액티브,30280,2,1085,3.72,30293.0,-16.1546,460,13,182,2026-09-08 03:55:34
0018Z0,4,RISE 미국양자컴퓨팅,17245,2,70,0.41,17070.0,-27.4505,2637,45,181,2026-09-08 03:55:34
292050,1,RISE KRX300,51670,2,1130,2.24,51733.0,-14.7724,450,23,181,2026-09-08 03:55:34
385600,2,ACE 2차전지&친환경차액티브,11945,5,-105,-0.87,11938.0,-22.4582,2203,26,179,2026-09-08 03:55:34
461910,4,PLUS 미국테크TOP10레버리지(합성),35230,5,-30,-0.09,34808.0,-24.7386,493,17,176,2026-09-08 03:55:34
195920,4,TIGER 일본TOPIX(합성 H),35225,5,-330,-0.93,35386.0,4.328,2601,91,176,2026-09-08 03:55:34
461900,4,PLUS 미국테크TOP10,21970,5,-55,-0.25,21861.0,-11.6881,279,6,176,2026-09-08 03:55:34
449580,7,RISE 테슬라애플아마존채권혼합,15975,3,0,0.0,15981.0,-5.6462,4255,67,176,2026-09-08 03:55:34
468370,6,KODEX iShares미국인플레이션국채액티브,10320,3,0,0.0,10317.0,-13.7823,21922,225,172,2026-09-08 03:55:34
460660,4,RISE 미국S&P배당킹,11485,5,-75,-0.65,11545.0,-3.418,3046,35,172,2026-09-08 03:55:34
0086C0,7,TIGER 리츠부동산인프라10채권혼합액티브,9800,5,-25,-0.25,9800.0,0.5014,1100,10,172,2026-09-08 03:55:34
457690,6,KODEX 33-06 국고채액티브,10490,2,15,0.14,10483.0,0.6727,8321,87,170,2026-09-08 03:55:34
415760,4,SOL 차이나육성산업액티브(합성),12435,5,-95,-0.76,12558.0,-14.9644,3746,46,169,2026-09-08 03:55:34
250730,4,RISE 차이나HSCEI(H),9910,2,85,0.87,9964.0,0.5115,1360,13,168,2026-09-08 03:55:34
219390,4,RISE 미국S&P원유생산기업(합성 H),8335,5,-40,-0.48,8360.0,11.0742,48823,405,167,2026-09-08 03:55:34
477490,4,에셋플러스 글로벌일등기업포커스10액티브,18425,5,-85,-0.46,18421.0,-16.0735,506,9,166,2026-09-08 03:55:34
474920,4,에셋플러스 차이나일등기업포커스10액티브,17620,5,-110,-0.62,17603.0,-11.7691,190,3,166,2026-09-08 03:55:34
131890,2,ACE 삼성그룹동일가중,41295,2,440,1.08,41289.0,-8.7855,356,14,165,2026-09-08 03:55:34
130680,5,TIGER 원유선물Enhanced(H),7640,2,10,0.13,7633.0,3.6684,18265,139,164,2026-09-08 03:55:34
0223A0,2,RISE 코스닥커버드콜액티브,10570,2,145,1.39,10578.0,,320651,3397,164,2026-09-08 03:55:34
419650,4,PLUS 글로벌수소&차세대연료전지,5025,2,35,0.7,4997.0,-34.6431,7086,35,163,2026-09-08 03:55:34
332620,6,PLUS 미국장기우량회사채,85555,2,30,0.04,85690.0,-16.0814,271,23,160,2026-09-08 03:55:34
483330,4,ACE 마이크로소프트밸류체인액티브,14510,2,5,0.03,14489.0,-12.224,6700,96,160,2026-09-08 03:55:34
413930,2,WON AI ESG액티브,28850,2,730,2.6,28918.0,-16.3345,2415,69,159,2026-09-08 03:55:34
494420,2,PLUS 미국배당증가성장주데일리커버드콜,8810,5,-15,-0.17,8850.0,-11.0679,3472,30,159,2026-09-08 03:55:34
265690,4,ACE 러시아MSCI(합성),8535,3,0,0.0,48.0,0.0,0,0,158,2026-09-08 03:55:34
236350,4,TIGER 인도니프티50레버리지(합성),25285,5,-540,-2.09,25289.0,-22.8529,505,12,157,2026-09-08 03:55:34
291130,4,ACE MSCI멕시코(합성),17390,5,-205,-1.17,17551.0,-12.4192,134,2,157,2026-09-08 03:55:34
337150,2,KODEX 200exTOP,26050,2,170,0.66,26012.0,-12.2061,487,12,156,2026-09-08 03:55:34
0194R0,2,KIWOOM SK하이닉스선물단일종목레버리지,10220,2,1155,12.74,10281.0,-53.67,43079,420,156,2026-09-08 03:55:34
491510,2,파워 K-주주가치액티브,18185,5,-40,-0.22,18194.0,-0.529,217,3,155,2026-09-08 03:55:34
432840,4,HANARO 미국S&P500,19220,5,-50,-0.26,19257.0,-10.861,705,13,154,2026-09-08 03:55:34
438900,2,HANARO Fn K-푸드,11385,5,-115,-1.0,11403.0,4.2621,93138,1066,154,2026-09-08 03:55:34
0222F0,2,마이티 AI데이터센터밸류체인,13360,2,85,0.64,13355.0,,312,4,154,2026-09-08 03:55:34
488290,4,MIDAS 일본테크액티브,43770,2,560,1.3,44029.0,-20.2474,897,39,153,2026-09-08 03:55:34
0222D0,2,KoAct 고배당액티브,10550,5,-35,-0.33,10547.0,,38284,404,153,2026-09-08 03:55:34
104520,2,KIWOOM 블루칩,15125,2,105,0.7,15103.0,-9.1083,36,0,151,2026-09-08 03:55:34
114460,6,ACE 국고채3년,100225,2,75,0.07,100244.0,1.0028,63,6,150,2026-09-08 03:55:34
387280,2,TIGER 퓨처모빌리티액티브,11795,2,50,0.43,11786.0,-24.3966,1006,11,150,2026-09-08 03:55:34
0051A0,4,KoAct 브로드컴밸류체인액티브,23010,2,190,0.83,22772.0,-20.2795,355,8,150,2026-09-08 03:55:34
272570,6,RISE 중장기국공채액티브,108005,2,110,0.1,107987.0,1.0583,19,2,149,2026-09-08 03:55:34
0207Z0,4,KIWOOM 미국우주데이터센터인프라,6925,2,75,1.09,6812.0,,4540,31,149,2026-09-08 03:55:34
453010,7,PLUS KOFR금리,109905,3,0,0.0,109915.0,0.6686,878,96,147,2026-09-08 03:55:34
404650,2,SOL KRX기후변화솔루션,24490,2,115,0.47,24496.0,-17.1715,116,2,147,2026-09-08 03:55:34
234310,2,RISE V&S셀렉트밸류,29300,2,445,1.54,29298.0,-11.3518,127,3,147,2026-09-08 03:55:34
0090B0,2,PLUS K방산소부장,6725,2,80,1.2,6739.0,-30.5643,19901,132,145,2026-09-08 03:55:34
244620,2,KODEX 모멘텀Plus,20615,2,190,0.93,20642.0,-14.7894,1038,21,144,2026-09-08 03:55:34
496130,1,TRUSTON 코리아밸류업액티브,26500,2,650,2.51,26549.0,-14.9811,42,1,143,2026-09-08 03:55:34
453630,4,KODEX 미국S&P500필수소비재,11890,5,-90,-0.75,11978.0,-8.7596,5029,59,143,2026-09-08 03:55:34
484890,6,SOL 머니마켓액티브,52555,5,-5,-0.01,52560.0,0.6993,6025,316,141,2026-09-08 03:55:34
266390,2,KODEX 경기소비재,15585,2,185,1.2,15590.0,-12.6238,2152,33,140,2026-09-08 03:55:34
373490,2,KODEX 코리아혁신성장액티브,25490,2,60,0.24,25516.0,-22.0776,40,1,140,2026-09-08 03:55:34
0216Z0,2,ACE K방산TOP5+,8460,2,75,0.89,8464.0,,27916,237,140,2026-09-08 03:55:34
102960,2,KODEX 기계장비,13950,2,45,0.32,13951.0,-17.5512,7796,108,140,2026-09-08 03:55:34
0088N0,2,WON K-글로벌수급상위,11140,2,145,1.32,11170.0,-16.2605,1578,17,139,2026-09-08 03:55:34
417450,4,RISE 글로벌수소경제,16375,2,225,1.39,16210.0,-27.6433,1173,19,139,2026-09-08 03:55:34
0013P0,4,RISE 미국은행TOP10,12640,5,-65,-0.51,12687.0,-4.0816,3728,47,139,2026-09-08 03:55:34
0220A0,7,KIWOOM 현대차그룹TOP3채권혼합50,9245,5,-30,-0.32,9247.0,,15662,144,139,2026-09-08 03:55:34
453820,4,KODEX 인도Nifty50레버리지(합성),10650,5,-150,-1.39,10646.0,-20.4127,2787,29,138,2026-09-08 03:55:34
137610,5,TIGER 농산물선물Enhanced(H),6005,2,70,1.18,6027.0,16.2585,6159,36,138,2026-09-08 03:55:34
0104G0,2,PLUS K방산레버리지,5725,2,45,0.79,5714.0,-40.1476,33893,197,137,2026-09-08 03:55:34
472720,1,TRUSTON 주주가치액티브,26275,2,135,0.52,26315.0,-12.0458,70,1,137,2026-09-08 03:55:34
0153P0,2,ACE 리츠부동산인프라액티브,9400,5,-35,-0.37,9426.0,5.2922,11125,105,136,2026-09-08 03:55:34
266410,2,KODEX 필수소비재,9615,5,-120,-1.23,9639.0,7.2198,125014,1208,135,2026-09-08 03:55:34
409810,4,KODEX 미국나스닥100선물인버스(H),5490,5,-15,-0.27,5525.0,1.3812,22337,122,135,2026-09-08 03:55:34
485810,4,TIME 글로벌바이오액티브,11195,5,-20,-0.18,11219.0,3.6985,1767,19,134,2026-09-08 03:55:34
0084E0,7,KIWOOM 미국대형주500월간목표헤지액티브,9935,5,-55,-0.55,9911.0,-12.3447,50,0,134,2026-09-08 03:55:34
252650,1,KODEX 200동일가중,19020,2,160,0.85,18994.0,-6.5256,338,6,133,2026-09-08 03:55:34
0028X0,4,KODEX 미국금융테크액티브,11575,5,-110,-0.94,11655.0,1.5995,1533,17,133,2026-09-08 03:55:34
0004G0,4,1Q 미국배당TOP30,8800,5,-20,-0.23,8837.0,-6.7225,10398,91,132,2026-09-08 03:55:34
0127V0,4,KIWOOM 미국S&P500 TOP10&배당다우비중전환,10500,5,-40,-0.38,10493.0,-10.2752,1881,19,131,2026-09-08 03:55:34
0208N0,1,IBK 코스피액티브,7920,2,200,2.59,7929.0,,5471,42,131,2026-09-08 03:55:34
279540,2,KODEX 최소변동성,21760,2,270,1.26,21780.0,-11.2481,200,4,131,2026-09-08 03:55:34
0127T0,4,KIWOOM 미국S&P500&배당다우존스비중전환,10810,5,-15,-0.14,10805.0,-9.9221,2144,23,130,2026-09-08 03:55:34
140580,2,RISE 우량업종대표주,25235,2,395,1.59,25148.0,-14.4776,7,0,126,2026-09-08 03:55:34
487750,2,BNK 온디바이스AI,31520,2,845,2.75,31659.0,-23.1973,835,26,126,2026-09-08 03:55:34
0015F0,7,KIWOOM 팔란티어미국30년국채혼합액티브(H),10505,2,40,0.38,10506.0,3.3637,4633,48,126,2026-09-08 03:55:34
300610,2,TIGER K게임,5360,5,-75,-1.38,5367.0,-8.3474,1616,8,126,2026-09-08 03:55:34
290080,3,RISE 200고배당커버드콜ATM,7360,5,-185,-2.45,7360.0,27.5271,34317,251,125,2026-09-08 03:55:34
363510,6,SOL KIS단기통안채,112205,2,5,0.0,112213.0,0.6052,1,0,125,2026-09-08 03:55:34
166400,3,TIGER 200커버드콜OTM,24785,2,335,1.37,24856.0,8.8938,996,24,124,2026-09-08 03:55:34
400570,4,KODEX 유럽탄소배출권선물ICE(H),11640,2,85,0.74,11679.0,9.3705,894,10,123,2026-09-08 03:55:34
404540,2,TIGER KRX기후변화솔루션,24675,2,205,0.84,24702.0,-17.4807,1102,27,123,2026-09-08 03:55:34
410870,2,TIME K컬처액티브,9470,5,-20,-0.21,9480.0,-10.7664,7306,69,123,2026-09-08 03:55:34
453060,6,HANARO KOFR금리액티브(합성),111475,2,20,0.02,111474.0,0.6774,236,26,123,2026-09-08 03:55:34
489860,4,KIWOOM 글로벌전력GRID인프라,14400,5,-100,-0.69,14471.0,-20.3041,1156,16,122,2026-09-08 03:55:34
251590,2,PLUS 고배당저변동50,17455,5,-70,-0.4,17458.0,3.2793,259,4,122,2026-09-08 03:55:34
435550,7,KIWOOM TDF2050액티브 적격,17380,5,-65,-0.37,17409.0,-12.5426,1576,27,122,2026-09-08 03:55:34
396510,4,TIGER 차이나클린에너지SOLACTIVE,6725,2,25,0.37,6782.0,-26.4948,1601,10,121,2026-09-08 03:55:34
360150,2,KODEX 코스닥150롱코스피200숏선물,2945,5,-65,-2.16,2948.0,-10.5498,97144,289,121,2026-09-08 03:55:34
457700,6,KODEX 53-09 국고채액티브,9115,2,20,0.22,9123.0,-4.2128,333,3,120,2026-09-08 03:55:34
395760,2,PLUS ESG성장주액티브,21835,2,220,1.02,22229.0,-14.8178,1,0,120,2026-09-08 03:55:34
428560,4,KODEX 미국ETF산업Top10 Indxx,15890,2,20,0.13,15856.0,-4.5668,978,15,119,2026-09-08 03:55:34
282000,3,RISE 국고채3년선물인버스,114770,2,5,0.0,114734.0,-0.1653,2,0,117,2026-09-08 03:55:34
332610,6,PLUS 미국단기회사채(AAA~A),121845,5,-25,-0.02,121815.0,-12.4055,67,8,117,2026-09-08 03:55:34
453660,4,KODEX 미국S&P500경기소비재,16615,2,55,0.33,16649.0,-14.0033,537,8,116,2026-09-08 03:55:34
0000H0,2,KODEX 인도Nifty미드캡100,10105,5,-55,-0.54,10106.0,-10.676,330,3,116,2026-09-08 03:55:34
448490,6,HANARO 32-10 국고채액티브,52800,2,80,0.15,52782.0,-0.0474,10243,540,116,2026-09-08 03:55:34
269530,4,PLUS S&P글로벌인프라,19270,3,0,0.0,19249.0,-14.0509,66,1,116,2026-09-08 03:55:34
269370,4,TIGER S&P글로벌인프라(합성),16500,5,-60,-0.36,16501.0,-13.5437,393,6,116,2026-09-08 03:55:34
451600,6,PLUS 국고채30년액티브,83990,2,215,0.26,83990.0,-4.7795,20,1,115,2026-09-08 03:55:34
140710,2,KODEX 운송,6745,5,-55,-0.81,6744.0,10.5439,72097,486,115,2026-09-08 03:55:34
0233N0,4,RISE 글로벌AI낸드메모리반도체,11315,2,525,4.87,10964.0,,287715,3202,113,2026-09-08 03:55:34
430500,7,KIWOOM 물가채KIS,112705,2,75,0.07,112721.0,-0.1286,1,0,113,2026-09-08 03:55:34
464610,2,SOL 의료기기소부장Fn,7260,2,15,0.21,7261.0,-16.436,12670,91,113,2026-09-08 03:55:34
435040,4,ACE 글로벌브랜드TOP10,18735,5,-70,-0.37,18758.0,-10.0152,308,5,112,2026-09-08 03:55:34
407820,2,에셋플러스 코리아플랫폼액티브,6190,2,45,0.73,6201.0,-18.0667,9218,56,111,2026-09-08 03:55:34
354240,7,RISE 미국고정배당우선증권,10090,5,-70,-0.69,10147.0,-14.8009,3532,35,111,2026-09-08 03:55:34
139240,2,TIGER 200 철강소재,11325,2,205,1.84,11319.0,-6.9846,19171,216,111,2026-09-08 03:55:34
0221Z0,2,ACE K바이오코스닥액티브,10025,5,-25,-0.25,10053.0,,10669,106,110,2026-09-08 03:55:34
0008E0,4,ACE 미국중심중소형제조업,11585,5,-30,-0.26,11653.0,-27.5873,339,3,110,2026-09-08 03:55:34
0203D0,7,PLUS 200위클리커버드콜채권혼합,9150,2,120,1.33,9206.0,-7.8504,6676,60,110,2026-09-08 03:55:34
446700,2,RISE 배터리 리사이클링,10500,2,20,0.19,10499.0,-13.1732,2354,24,109,2026-09-08 03:55:34
0002C0,4,에셋플러스 인도일등기업포커스20액티브,10100,5,-25,-0.25,10088.0,-1.9846,149,1,109,2026-09-08 03:55:34
280920,2,PLUS 주도업종,24115,2,320,1.34,24085.0,-20.1108,5528,133,109,2026-09-08 03:55:34
463640,4,KODEX 미국S&P500유틸리티,13395,2,35,0.26,13342.0,-13.2905,1503,20,107,2026-09-08 03:55:34
310080,4,RISE 중국MSCI China(H),9295,2,15,0.16,9289.0,-1.1715,11899,108,107,2026-09-08 03:55:34
140570,2,RISE 수출주,26655,2,200,0.76,26629.0,-11.9341,538,14,107,2026-09-08 03:55:34
385710,2,TIME K이노베이션액티브,10620,5,-145,-1.35,10624.0,-22.8592,1332,14,106,2026-09-08 03:55:34
0193L0,2,PLUS 삼성전자선물단일종목인버스2X,8040,5,-550,-6.4,8036.0,-43.6352,441324,3655,106,2026-09-08 03:55:34
0093B0,4,RISE 엔비디아고정테크100,12460,5,-30,-0.24,12411.0,-11.3164,2229,27,106,2026-09-08 03:55:34
0189Z0,2,DAISHIN 금융&지주고배당,10535,2,10,0.1,10504.0,,481,5,105,2026-09-08 03:55:34
419420,4,KODEX 미국클린에너지나스닥,8760,2,25,0.29,8711.0,-35.5708,1826,15,105,2026-09-08 03:55:34
0191S0,1,IBK 코스닥150,14205,2,95,0.67,14253.0,-19.5783,644,9,105,2026-09-08 03:55:34
451150,4,에셋플러스 글로벌영에이지액티브,16880,5,-140,-0.82,16918.0,-12.6508,3108,52,105,2026-09-08 03:55:34
461580,1,TIGER 코스닥글로벌,15950,2,270,1.72,15963.0,-13.6089,6029,95,104,2026-09-08 03:55:34
0068M0,4,KODEX 미국S&P500버퍼6월액티브,11490,5,-20,-0.17,11534.0,-9.3238,17,0,103,2026-09-08 03:55:34
0113G0,4,KoAct 미국바이오헬스케어액티브,11425,5,-100,-0.87,11480.0,9.7096,25685,293,103,2026-09-08 03:55:34
237440,7,TIGER 경기방어채권혼합,10280,2,55,0.54,10278.0,0.9876,10899,111,103,2026-09-08 03:55:34
371870,4,ACE 차이나항셍테크,6410,5,-105,-1.61,6423.0,-18.5625,461,2,103,2026-09-08 03:55:34
0120J0,2,BNK 카카오그룹포커스,8185,2,25,0.31,8175.0,-2.9727,796,6,102,2026-09-08 03:55:34
0194N0,2,KIWOOM 삼성전자선물단일종목레버리지,12340,2,745,6.43,12393.0,-50.041,20171,243,102,2026-09-08 03:55:34
181480,7,ACE 미국부동산리츠(합성 H),83740,5,-375,-0.45,84036.0,0.6296,906,75,100,2026-09-08 03:55:34
498050,2,HANARO 바이오코리아액티브,10510,5,-70,-0.66,10551.0,-16.3637,4495,47,100,2026-09-08 03:55:34
252000,1,TIGER 200동일가중,19925,2,155,0.78,19887.0,-5.9038,327,6,100,2026-09-08 03:55:34
0001P0,2,마이티 바이오시밀러&CDMO액티브,8890,5,-120,-1.33,8896.0,-11.6667,644,5,100,2026-09-08 03:55:34
0226G0,2,WON 피지컬AI TOP2플러스액티브,12405,2,55,0.45,12428.0,,1319,16,99,2026-09-08 03:55:34
0094L0,4,RISE 차이나테크TOP10위클리타겟커버드콜,7080,5,-150,-2.07,7172.0,-19.1694,6670,47,99,2026-09-08 03:55:34
230480,7,KIWOOM 미국달러선물인버스2X,4930,2,20,0.41,4932.0,30.9333,14448,71,99,2026-09-08 03:55:34
460270,6,KIWOOM 미국달러SOFR금리액티브(합성),12190,5,-35,-0.29,12210.0,-11.8284,5328,65,99,2026-09-08 03:55:34
281990,2,RISE 중소형고배당,17900,2,90,0.51,17903.0,1.1544,689,12,98,2026-09-08 03:55:34
487910,4,ACE 인도컨슈머파워액티브,8080,5,-45,-0.55,8077.0,-8.8615,647,5,97,2026-09-08 03:55:34
456250,4,KODEX 유럽명품TOP10 STOXX,8380,2,15,0.18,8357.0,-14.1411,6476,54,96,2026-09-08 03:55:34
429010,4,TIGER 미국나스닥넥스트100,19235,5,-10,-0.05,19051.0,-12.483,45,0,96,2026-09-08 03:55:34
0067Y0,4,TIGER 차이나AI소프트웨어,10110,5,-275,-2.65,10113.0,-21.976,13813,141,96,2026-09-08 03:55:34
463690,4,KODEX 미국S&P500커뮤니케이션,17440,2,75,0.43,17356.0,-12.9185,166,2,96,2026-09-08 03:55:34
354350,4,HANARO 글로벌럭셔리S&P(합성),18410,5,-90,-0.49,18524.0,-15.4479,296,5,96,2026-09-08 03:55:34
117690,4,TIGER 차이나항셍30,18980,5,-225,-1.17,19008.0,-11.8633,372,7,95,2026-09-08 03:55:34
482030,2,KoAct 반도체&2차전지핵심소재액티브,8955,2,65,0.73,8966.0,-21.1181,7204,64,94,2026-09-08 03:55:34
0174R0,4,KIWOOM 미국성장다우존스,11050,5,-20,-0.18,11030.0,-10.1033,22033,243,94,2026-09-08 03:55:34
0224D0,4,KIWOOM 미국CPU반도체TOP4+,9330,2,160,1.74,9149.0,,75386,700,93,2026-09-08 03:55:34
301400,1,PLUS 코스닥150,14255,2,170,1.21,14276.0,-20.6032,1296,18,93,2026-09-08 03:55:34
399580,4,RISE 글로벌클린에너지,9220,2,155,1.71,9240.0,-33.4925,576,5,92,2026-09-08 03:55:34
341850,7,TIGER 리츠부동산인프라채권,4560,2,10,0.22,4558.0,4.4308,693,3,91,2026-09-08 03:55:34
174350,2,TIGER 로우볼,21300,5,-45,-0.21,21315.0,3.7801,920,19,89,2026-09-08 03:55:34
494180,4,TIME 글로벌소비트렌드액티브,12760,5,-230,-1.77,12829.0,-9.7604,27,0,89,2026-09-08 03:55:34
497510,4,ACE 글로벌빅파마,12745,5,-30,-0.23,12757.0,-4.1388,158,2,89,2026-09-08 03:55:34
0133E0,4,TIGER 차이나증권,8460,5,-170,-1.97,8546.0,-2.596,926,7,89,2026-09-08 03:55:34
395150,2,KODEX 웹툰&드라마,1850,5,-23,-1.23,1855.0,-8.6342,46240,86,89,2026-09-08 03:55:34
466810,2,BNK 2차전지양극재,5890,2,20,0.34,5887.0,-16.7966,35590,210,88,2026-09-08 03:55:34
0227K0,4,RISE 미국우주위성통신,8820,2,85,0.97,8727.0,,48319,424,88,2026-09-08 03:55:34
0084D0,7,KIWOOM 미국테크100월간목표헤지액티브,11020,2,40,0.36,10982.0,-15.811,153,1,88,2026-09-08 03:55:34
215620,2,HK S&P코리아로우볼,16320,2,95,0.59,16353.0,3.3439,5,0,88,2026-09-08 03:55:34
449680,7,TIGER 한중전기차(합성),10365,5,-90,-0.86,10351.0,-27.2443,2,0,88,2026-09-08 03:55:34
0184N0,7,PLUS 은채권혼합,8790,2,65,0.74,8766.0,-8.8773,6967,61,88,2026-09-08 03:55:34
105010,4,TIGER 라틴35,6275,5,-10,-0.16,6282.0,-9.9816,1453,9,88,2026-09-08 03:55:34
217780,4,TIGER 차이나CSI300인버스(합성),5660,2,40,0.71,5686.0,19.5744,177,0,88,2026-09-08 03:55:34
381570,2,HANARO Fn친환경에너지,10235,5,-110,-1.06,10231.0,-16.3026,2892,29,87,2026-09-08 03:55:34
375270,7,RISE 글로벌데이터센터리츠(합성),13350,2,5,0.04,13344.0,-23.7429,123,1,87,2026-09-08 03:55:34
0214M0,2,MIDAS 바이오헬스케어액티브,10190,5,-105,-1.02,10290.0,,1353,13,87,2026-09-08 03:55:34
0216K0,7,KIWOOM 미국우주테크TOP2채권혼합50,8535,2,25,0.29,8523.0,,17918,152,85,2026-09-08 03:55:34
0219B0,2,KoAct 광통신&위성네트워크액티브,10595,2,265,2.57,10624.0,,25967,273,85,2026-09-08 03:55:34
395750,2,PLUS ESG가치주액티브,21170,2,355,1.71,21291.0,-16.4057,4,0,85,2026-09-08 03:55:34
270800,2,RISE KQ고배당,15375,5,-45,-0.29,15374.0,-7.3165,110,1,85,2026-09-08 03:55:34
457930,2,BNK 미래전략기술액티브,28165,2,165,0.59,28231.0,-17.1353,13,0,84,2026-09-08 03:55:34
435540,7,KIWOOM TDF2040액티브 적격,16860,5,-80,-0.47,16884.0,-11.1764,1238,20,84,2026-09-08 03:55:34
371150,4,RISE 차이나항셍테크,6400,5,-50,-0.78,6398.0,-19.1356,541,3,83,2026-09-08 03:55:34
182490,6,TIGER 단기선진하이일드(합성 H),13830,5,-80,-0.58,13863.0,0.98,70,0,83,2026-09-08 03:55:34
0226D0,7,FOCUS 금융반도체지주채권혼합50액티브,10350,2,150,1.47,10365.0,,2769,28,83,2026-09-08 03:55:34
429980,7,SOL 한국형글로벌전기차&2차전지액티브,16480,5,-50,-0.3,16583.0,-26.468,3162,52,82,2026-09-08 03:55:34
497520,4,ACE 일라이릴리밸류체인,12655,5,-45,-0.35,12661.0,-2.4578,1008,12,82,2026-09-08 03:55:34
0219Z0,4,HANARO 미국S&P500액티브,10150,2,70,0.69,10159.0,,3888,39,81,2026-09-08 03:55:34
395280,2,HANARO Fn K-게임,3455,5,-110,-3.09,3459.0,-10.9863,2808,9,81,2026-09-08 03:55:34
462340,4,에셋플러스 글로벌다이나믹시니어액티브,16095,5,-135,-0.83,16134.0,-2.5518,3106,49,80,2026-09-08 03:55:34
0172Y0,2,ACE K수출핵심TOP10산업액티브,10050,2,250,2.55,10059.0,-11.5125,6436,64,80,2026-09-08 03:55:34
227550,2,TIGER 200 산업재,12155,2,5,0.04,12109.0,-7.9546,97,1,80,2026-09-08 03:55:34
189400,4,PLUS 글로벌MSCI(합성 H),26100,2,155,0.6,26144.0,0.8748,10,0,78,2026-09-08 03:55:34
480460,7,WON 한국부동산TOP3플러스,9090,5,-80,-0.87,9109.0,5.32,3575,32,77,2026-09-08 03:55:34
227570,2,TIGER 우량가치,21405,5,-50,-0.23,21396.0,0.2804,1463,31,77,2026-09-08 03:55:34
438740,2,MIDAS 중소형액티브,34155,2,180,0.53,34179.0,-13.1519,25,0,77,2026-09-08 03:55:34
285690,2,FOCUS ESG리더스,21905,3,0,0.0,22175.0,-10.8829,0,0,77,2026-09-08 03:55:34
487920,4,ACE 인도시장대표BIG5그룹액티브,7640,5,-65,-0.84,7648.0,-12.1437,568,4,76,2026-09-08 03:55:34
315270,2,TIGER 200커뮤니케이션서비스,20045,5,-60,-0.3,20020.0,-9.4957,3647,73,76,2026-09-08 03:55:34
253280,2,RISE 헬스케어,12665,5,-85,-0.67,12694.0,-8.9286,1240,15,76,2026-09-08 03:55:34
0215T0,4,HANARO 미국AI광통신TOP10,8380,2,160,1.95,8142.0,,16149,134,75,2026-09-08 03:55:34
139660,7,KIWOOM 미국달러선물인버스,8665,2,25,0.29,8664.0,14.5888,3884,33,75,2026-09-08 03:55:34
261110,7,TIGER 미국달러선물레버리지,15020,5,-35,-0.23,15030.0,-23.7529,653,9,75,2026-09-08 03:55:34
435530,7,KIWOOM TDF2030액티브 적격,14995,5,-5,-0.03,14970.0,-11.0506,73,1,75,2026-09-08 03:55:34
437370,4,RISE 글로벌농업경제,10700,5,-5,-0.05,10720.0,-4.2433,635,6,75,2026-09-08 03:55:34
402460,2,HANARO Fn K-메타버스MZ,14915,5,-100,-0.67,14914.0,-14.6131,337,5,75,2026-09-08 03:55:34
225050,4,TIGER 유로스탁스레버리지(합성 H),16500,2,185,1.13,16512.0,8.3693,19,0,74,2026-09-08 03:55:34
304670,6,KODEX 미국30년국채울트라선물인버스(H),12340,5,-45,-0.36,12340.0,3.6401,21,0,74,2026-09-08 03:55:34
494210,4,SOL 미국500타겟데일리커버드콜액티브,10545,5,-90,-0.85,10552.0,-10.223,4780,50,74,2026-09-08 03:55:34
0005C0,6,RISE 미국S&P500엔화노출(합성 H),11345,2,135,1.2,11352.0,-9.0836,539,6,74,2026-09-08 03:55:34
0176P0,2,FOCUS AI반도체위클리고정커버드콜,13380,2,230,1.75,13409.0,-11.6551,13827,183,74,2026-09-08 03:55:34
0218K0,2,BNK 스마트카,10495,5,-165,-1.55,10498.0,,4,0,73,2026-09-08 03:55:34
0094X0,4,1Q 샤오미밸류체인액티브,8145,5,-65,-0.79,8151.0,-17.8342,6211,50,73,2026-09-08 03:55:34
488480,4,RISE 일본섹터TOP4Plus,13225,2,15,0.11,13236.0,-8.3794,11489,152,73,2026-09-08 03:55:34
326230,2,RISE 내수주플러스,11345,2,45,0.4,11327.0,-10.4951,15,0,73,2026-09-08 03:55:34
225800,7,KIWOOM 미국달러선물레버리지,14150,3,0,0.0,14137.0,-23.9452,1173,16,72,2026-09-08 03:55:34
0138D0,2,RISE 동학개미,13070,2,335,2.63,13070.0,-21.6308,514,6,72,2026-09-08 03:55:34
368680,2,KODEX K-뉴딜디지털플러스,7965,5,-90,-1.12,7957.0,-8.296,16,0,72,2026-09-08 03:55:34
244670,2,KODEX 밸류Plus,11875,2,80,0.68,11858.0,1.6196,571,6,71,2026-09-08 03:55:34
139290,2,TIGER 200 경기소비재,25290,5,-5,-0.02,25272.0,-25.734,17,0,71,2026-09-08 03:55:34
256450,4,PLUS 심천차이넥스트(합성),14140,5,-130,-0.91,14508.0,-25.4441,387,5,71,2026-09-08 03:55:34
429740,7,PLUS K리츠,6070,2,30,0.5,6090.0,2.8721,13739,83,70,2026-09-08 03:55:34
0082F0,4,HANARO 유럽방산,9965,2,15,0.15,9931.0,-8.6738,1802,17,70,2026-09-08 03:55:34
450180,7,KODEX 한중전기차(합성),10720,3,0,0.0,10637.0,-27.0501,5,0,70,2026-09-08 03:55:34
400590,4,SOL 글로벌탄소배출권선물ICE(합성),13840,2,40,0.29,13921.0,-6.5358,120,1,69,2026-09-08 03:55:34
250780,3,TIGER 코스닥150선물인버스,2430,5,-15,-0.61,2429.0,9.3959,263704,641,68,2026-09-08 03:55:34
0036Z0,4,RISE 미국천연가스밸류체인,12275,5,-10,-0.08,12213.0,-11.2094,389,4,68,2026-09-08 03:55:34
289670,6,PLUS 국채선물10년,52080,2,115,0.22,52043.0,0.1734,222,11,67,2026-09-08 03:55:34
0047N0,4,PLUS 차이나AI테크TOP10,9425,5,-45,-0.48,9392.0,-18.4324,374,3,66,2026-09-08 03:55:34
0166T0,4,PLUS 글로벌저작권핵심기업액티브,9395,5,-85,-0.9,9502.0,-9.1955,21139,199,66,2026-09-08 03:55:34
176950,6,KODEX 국채선물10년인버스,60465,5,-130,-0.21,60464.0,0.8655,400,24,65,2026-09-08 03:55:34
138920,5,KODEX 콩선물(H),12970,2,130,1.01,13018.0,12.7799,760,9,65,2026-09-08 03:55:34
456200,6,PLUS 미국달러SOFR금리액티브(합성),58195,5,-10,-0.02,58115.0,-12.2229,5,0,64,2026-09-08 03:55:34
291890,4,KODEX MSCI EM선물(H),12700,2,55,0.43,12740.0,1.6887,70,0,64,2026-09-08 03:55:34
474390,6,SOL 국고채30년액티브,40410,2,145,0.36,40448.0,-4.9009,5,0,62,2026-09-08 03:55:34
316300,7,ACE 싱가포르리츠,12425,2,10,0.08,12434.0,-13.3196,1181,14,62,2026-09-08 03:55:34
469530,3,RISE 미국달러선물인버스,9680,2,30,0.31,9702.0,14.7443,656,6,62,2026-09-08 03:55:34
307510,2,TIGER 의료기기,12315,2,75,0.61,12318.0,-17.3176,2501,30,62,2026-09-08 03:55:34
0114X0,4,RISE 글로벌게임테크TOP3Plus,8670,5,-25,-0.29,8741.0,-2.1385,233,2,61,2026-09-08 03:55:34
451670,6,RISE 국채30년레버리지(합성),12040,2,55,0.46,12053.0,-11.5172,13,0,60,2026-09-08 03:55:34
0191B0,1,MIDAS 코스닥액티브,30015,2,90,0.3,30108.0,-17.7546,2618,78,60,2026-09-08 03:55:34
433250,1,UNICORN R&D 액티브,23875,2,320,1.36,24027.0,-19.8265,1,0,60,2026-09-08 03:55:34
0184V0,2,UNICORN K바이오액티브,5680,5,-30,-0.53,5688.0,-28.2664,4619,26,60,2026-09-08 03:55:34
483020,2,KIWOOM 의료AI,9145,5,-35,-0.38,9146.0,-9.6457,1617,14,59,2026-09-08 03:55:34
314700,2,HANARO 농업융복합산업,10805,5,-30,-0.28,10813.0,-9.5707,221,2,59,2026-09-08 03:55:34
407300,2,HANARO Fn골프테마,10775,2,185,1.75,10796.0,-18.2979,13,0,59,2026-09-08 03:55:34
400580,4,SOL 유럽탄소배출권선물S&P(H),11850,2,45,0.38,11896.0,8.2034,21,0,59,2026-09-08 03:55:34
488200,2,KIWOOM K-2차전지북미공급망,13145,2,40,0.31,13122.0,-16.6862,9757,128,59,2026-09-08 03:55:34
0229F0,2,마이티 신약포커스바이오액티브,9095,5,-80,-0.87,9106.0,,2403,21,59,2026-09-08 03:55:34
0053M0,2,더제이 중소형포커스액티브,13015,3,0,0.0,13051.0,-12.2388,580,7,59,2026-09-08 03:55:34
0087F0,4,ACE 차이나AI빅테크TOP2+액티브,11585,5,-135,-1.15,11637.0,-16.9089,1184,13,58,2026-09-08 03:55:34
401590,4,HANARO 글로벌탄소배출권선물ICE(합성),11020,2,35,0.32,11093.0,-8.1138,13,0,56,2026-09-08 03:55:34
267450,6,RISE 미국장기국채선물인버스(H),11165,5,-15,-0.13,11112.0,2.9465,22,0,56,2026-09-08 03:55:34
390400,4,KODEX 미국스마트모빌리티S&P,6975,2,55,0.79,6942.0,-26.6353,126,0,56,2026-09-08 03:55:34
432600,6,RISE 국채선물3년,55375,2,65,0.12,55364.0,1.254,2,0,55,2026-09-08 03:55:34
470310,2,UNICORN 생성형AI강소기업액티브,18410,5,-460,-2.44,18426.0,7.8285,197,3,55,2026-09-08 03:55:34
220130,4,SOL 차이나강소기업CSI500(합성 H),6895,2,90,1.32,6905.0,-4.4242,4039,27,55,2026-09-08 03:55:34
219900,4,ACE 중국본토CSI300레버리지(합성),3920,5,-10,-0.25,3952.0,-32.1244,396,1,55,2026-09-08 03:55:34
238670,7,PLUS 스마트베타Quality채권혼합,13670,2,10,0.07,13563.0,2.9001,5493,75,55,2026-09-08 03:55:34
499150,4,SOL 미국S&P500엔화노출(H),10935,2,210,1.96,10948.0,-9.931,1445,15,55,2026-09-08 03:55:34
0102X0,4,ACE 유럽방산TOP10,8890,5,-5,-0.06,8893.0,-10.3181,1094,9,53,2026-09-08 03:55:34
0015E0,7,KIWOOM 엔비디아미국30년국채혼합액티브(H),10625,2,40,0.38,10620.0,-1.8889,4072,43,53,2026-09-08 03:55:34
321410,7,KODEX 멀티에셋하이인컴(H),10600,3,0,0.0,10687.0,0.7592,0,0,53,2026-09-08 03:55:34
476310,4,RISE 글로벌비만산업TOP2+,9610,5,-50,-0.52,9728.0,-8.0329,153,1,53,2026-09-08 03:55:34
483030,4,KIWOOM 미국블록버스터바이오테크의약품+,11730,5,-75,-0.64,11796.0,-0.7277,288,3,53,2026-09-08 03:55:34
0174J0,7,DAISHIN 오피스리츠플러스,8690,2,125,1.46,8688.0,2.8504,22005,190,52,2026-09-08 03:55:34
413220,4,SOL 차이나태양광CSI(합성),4330,2,15,0.35,4395.0,-32.3138,71,0,52,2026-09-08 03:55:34
0132D0,7,KoAct 글로벌K컬처밸류체인액티브,9445,5,-5,-0.05,9447.0,1.9417,214,2,52,2026-09-08 03:55:34
295000,6,RISE 국채선물10년,51380,2,150,0.29,51373.0,0.0976,2,0,51,2026-09-08 03:55:34
291630,3,KIWOOM 코스닥150선물레버리지,3515,2,25,0.72,3514.0,-45.8075,24932,87,51,2026-09-08 03:55:34
490330,4,KoAct 미국치매&뇌질환치료제액티브,14285,5,-75,-0.52,14351.0,-0.4852,316,4,50,2026-09-08 03:55:34
411860,4,KIWOOM 독일DAX,16620,3,0,0.0,16582.0,-8.5416,213,3,50,2026-09-08 03:55:34
488210,2,KIWOOM K-반도체북미공급망,24835,2,680,2.82,24860.0,-7.7726,4019,98,50,2026-09-08 03:55:34
267440,6,RISE 미국장기국채선물(H),8070,2,15,0.19,8088.0,-1.2263,61,0,48,2026-09-08 03:55:34
243890,2,TIGER 200에너지화학레버리지,9210,2,105,1.15,9224.0,-21.9795,8891,82,48,2026-09-08 03:55:34
0073X0,5,FOCUS 알리바바미국채커버드콜혼합,8690,2,40,0.46,8676.0,-16.666,22,0,48,2026-09-08 03:55:34
498610,4,RISE 인도디지털성장,7960,5,-105,-1.3,7992.0,-5.3981,291,2,48,2026-09-08 03:55:34
244660,2,KODEX 퀄리티Plus,9475,5,-5,-0.05,9499.0,1.715,42,0,47,2026-09-08 03:55:34
0015K0,4,TIGER 미국소비트렌드액티브,6935,3,0,0.0,6897.0,-11.0328,513,3,47,2026-09-08 03:55:34
0154H0,4,KoAct 차이나바이오헬스케어액티브,8565,5,-100,-1.15,8681.0,8.9937,9782,83,47,2026-09-08 03:55:34
0078V0,4,PLUS 미국로보택시,9390,3,0,0.0,9309.0,-19.675,109,1,47,2026-09-08 03:55:34
266550,2,PLUS 중형주저변동50,18780,2,90,0.48,18768.0,-0.2669,1,0,47,2026-09-08 03:55:34
391600,4,ACE 미국친환경그린테마,10205,2,5,0.05,10196.0,-26.1673,285,2,46,2026-09-08 03:55:34
227560,2,TIGER 200 생활소비재,12745,5,-25,-0.2,12739.0,1.477,1632,20,46,2026-09-08 03:55:34
0128D0,4,PLUS 차이나항셍테크위클리타겟커버드콜,6510,5,-100,-1.51,6546.0,-18.763,1317,8,46,2026-09-08 03:55:34
205720,4,ACE 일본TOPIX인버스(합성 H),1449,2,4,0.28,1452.0,-5.432,901,1,43,2026-09-08 03:55:34
277650,2,TIGER 코스피중형주,21345,2,245,1.16,21328.0,-7.5778,8,0,43,2026-09-08 03:55:34
373790,4,KIWOOM 미국방어배당성장나스닥,15165,5,-105,-0.69,15242.0,-7.621,1466,22,42,2026-09-08 03:55:34
0131A0,4,SOL 차이나소비트렌드,7515,5,-45,-0.6,7606.0,-22.4616,453,3,41,2026-09-08 03:55:34
226380,2,ACE Fn성장소비주도주,5880,5,-70,-1.18,5880.0,0.4219,102,0,41,2026-09-08 03:55:34
0050E0,4,PLUS 미국AI에이전트,8195,3,0,0.0,8154.0,-12.8192,458,3,41,2026-09-08 03:55:34
334690,5,RISE 팔라듐선물(H),6265,5,-15,-0.24,6323.0,5.5462,1270,8,41,2026-09-08 03:55:34
291680,4,RISE 차이나H선물인버스(H),7805,2,15,0.19,7835.0,-1.0166,21,0,39,2026-09-08 03:55:34
225030,4,TIGER 미국S&P500선물인버스(H),2255,2,10,0.45,2246.0,-1.9651,210,0,37,2026-09-08 03:55:34
252420,3,RISE 200선물인버스2X,71,5,-6,-7.79,71.0,-15.3847,1577573,115,36,2026-09-08 03:55:34
427120,2,RISE AI플랫폼,5195,5,-125,-2.35,5204.0,-9.5239,6361,33,35,2026-09-08 03:55:34
267490,6,RISE 미국장기국채선물레버리지(합성 H),5035,2,25,0.5,5032.0,-4.9336,12,0,35,2026-09-08 03:55:34
0079X0,4,ACE BYD밸류체인액티브,9620,5,-70,-0.72,9626.0,-20.2141,333,3,34,2026-09-08 03:55:34
306530,3,HANARO 코스닥150선물레버리지,7010,2,25,0.36,7006.0,-45.4723,8335,58,31,2026-09-08 03:55:34
454180,4,KIWOOM 차이나내수소비TOP CSI,7370,5,-65,-0.87,7393.0,-12.3697,4,0,29,2026-09-08 03:55:34
476000,2,UNICORN 포스트IPO액티브,5215,2,170,3.37,5232.0,-34.3099,37848,193,29,2026-09-08 03:55:34
491630,4,RISE 미국반도체인버스(합성 H),5260,5,-10,-0.19,5381.0,2.8292,1223,6,28,2026-09-08 03:55:34
280940,5,KODEX 골드선물인버스(H),3390,5,-25,-0.73,3381.0,0.7374,643,2,27,2026-09-08 03:55:34
145670,3,ACE 인버스,1222,5,-39,-3.09,1224.0,0.5582,132403,164,27,2026-09-08 03:55:34
252410,3,RISE 200선물인버스,1249,5,-41,-3.18,1245.0,0.7025,10261,12,25,2026-09-08 03:55:34
291620,3,KIWOOM 코스닥150선물인버스,4300,5,-10,-0.23,4301.0,8.7011,3722,15,25,2026-09-08 03:55:34
275750,3,RISE 코스닥150선물인버스,2455,5,-15,-0.61,2459.0,9.0507,3833,9,23,2026-09-08 03:55:34
280320,4,ACE 미국IT인터넷(합성 H),21610,2,10,0.05,21811.0,2.2485,67,1,22,2026-09-08 03:55:34
253230,3,KIWOOM 200선물인버스2X,68,5,-5,-6.85,68.0,-15.1163,2704059,189,21,2026-09-08 03:55:34
334700,5,RISE 팔라듐선물인버스(H),3085,5,-35,-1.12,3104.0,-11.1112,3,0,20,2026-09-08 03:55:34
253240,3,KIWOOM 200선물인버스,1240,5,-43,-3.35,1243.0,1.1829,33958,42,15,2026-09-08 03:55:34
306520,3,HANARO 200선물인버스,2255,5,-65,-2.8,2252.0,0.2159,15675,35,14,2026-09-08 03:55:34
261920,4,ACE MSCI필리핀(합성),11920,3,0,0.0,11991.0,-12.2885,63,0,12,2026-09-08 03:55:34
253160,3,PLUS 200선물인버스2X,140,5,-10,-6.67,139.0,-16.6667,1081146,155,12,2026-09-08 03:55:34
412560,2,TIGER BBIG레버리지,1698,5,-70,-3.96,1700.0,-26.6391,8270,14,11,2026-09-08 03:55:34
465620,4,ACE 미국빅테크TOP7 Plus인버스(합성),6580,2,35,0.53,6580.0,7.3831,84,0,7,2026-09-08 03:55:34
