itemcode,etfTabCode,itemname,nowVal,risefall,changeVal,changeRate,nav,threeMonthEarnRate,quant,amonut,marketSum,collected_at
069500,1,KODEX 200,111765,2,245,0.22,111874.0,-16.9341,13124860,1463445,258177,2026-10-02 02:22:24
360750,4,TIGER 미국S&P500,25905,5,-60,-0.23,25857.0,-9.8269,15328654,397980,209261,2026-10-02 02:22:24
133690,4,TIGER 미국나스닥100,184170,5,-1485,-0.8,183594.0,-10.5197,1967660,363316,121589,2026-10-02 02:22:24
396500,2,TIGER 반도체TOP10,40030,2,80,0.2,40080.0,-18.1185,3689898,147723,105959,2026-10-02 02:22:24
102110,1,TIGER 200,112050,2,240,0.21,112167.0,-16.6249,7282631,814011,104599,2026-10-02 02:22:24
379800,4,KODEX 미국S&P500,23550,5,-60,-0.25,23504.0,-9.7802,11815696,278765,104527,2026-10-02 02:22:24
379810,4,KODEX 미국나스닥100,27540,5,-215,-0.77,27452.0,-10.486,11279101,311492,99901,2026-10-02 02:22:24
488770,7,KODEX 머니마켓액티브,105722,2,32,0.03,105715.0,0.8781,261917,27690,98705,2026-10-02 02:22:24
278530,1,KODEX 200TR,40465,2,95,0.24,40518.0,-16.9257,130292,5257,78603,2026-10-02 02:22:24
459580,6,KODEX CD금리액티브(합성),1073765,2,90,0.01,1074173.0,0.7618,318380,341864,69853,2026-10-02 02:22:24
091160,2,KODEX 반도체,150250,2,550,0.37,150357.0,-11.7049,1347693,203281,62880,2026-10-02 02:22:24
381180,4,TIGER 미국필라델피아반도체나스닥,45570,5,-310,-0.68,45387.0,-19.8628,1057963,48320,62044,2026-10-02 02:22:24
498400,2,KODEX 200타겟위클리커버드콜,20790,2,45,0.22,20816.0,-16.9088,2345585,48652,60395,2026-10-02 02:22:24
0167A0,2,SOL AI반도체TOP2플러스,19425,5,-75,-0.38,19453.0,-25.7568,5547811,107945,59742,2026-10-02 02:22:24
122630,3,KODEX 레버리지,113850,2,595,0.53,114030.0,-40.6125,7607328,861703,58519,2026-10-02 02:22:24
229200,1,KODEX 코스닥150,15270,5,-45,-0.29,15279.0,-7.8797,16048392,246680,50299,2026-10-02 02:22:24
310970,1,TIGER MSCI Korea TR,50100,2,170,0.34,50148.0,-17.3208,2754,137,46493,2026-10-02 02:22:24
148020,1,RISE 200,112640,2,315,0.28,112749.0,-17.0697,291442,32754,45450,2026-10-02 02:22:24
395160,2,KODEX AI반도체TOP2플러스,43080,2,75,0.17,43150.0,-24.5791,1591700,68423,42046,2026-10-02 02:22:24
0162Z0,7,RISE 삼성전자SK하이닉스채권혼합50,13945,2,15,0.11,13965.0,-8.0115,1594858,22215,42044,2026-10-02 02:22:24
458730,4,TIGER 미국배당다우존스,14100,2,80,0.57,14098.0,-9.9348,789238,11148,42018,2026-10-02 02:22:24
360200,4,ACE 미국S&P500,26185,5,-70,-0.27,26140.0,-9.714,437309,11478,39827,2026-10-02 02:22:24
357870,6,TIGER CD금리투자KIS(합성),58165,2,15,0.03,58162.0,0.8061,54022,3142,39415,2026-10-02 02:22:24
381170,4,TIGER 미국테크TOP10 INDXX,31525,5,-355,-1.11,31421.0,-3.0856,749389,23687,38776,2026-10-02 02:22:24
395270,2,HANARO Fn K-반도체,61550,2,50,0.08,61669.0,-23.5028,555694,34172,38192,2026-10-02 02:22:24
411060,5,ACE KRX금현물,25475,5,-180,-0.7,25446.0,-6.1288,278280,7114,38136,2026-10-02 02:22:24
233740,3,KODEX 코스닥150레버리지,8100,5,-50,-0.61,8126.0,-24.8848,42902595,352241,38111,2026-10-02 02:22:24
367380,4,ACE 미국나스닥100,31675,5,-235,-0.74,31559.0,-10.4842,165018,5240,36014,2026-10-02 02:22:24
273130,6,KODEX 종합채권(AA-이상)액티브,110310,2,285,0.26,110191.0,0.1821,7328,808,35739,2026-10-02 02:22:24
423160,6,KODEX KOFR금리액티브(합성),110717,2,37,0.03,110703.0,0.7111,44204,4894,34978,2026-10-02 02:22:24
102780,2,KODEX 삼성그룹,26600,2,25,0.09,26660.0,-15.8886,117044,3099,33862,2026-10-02 02:22:24
487240,2,KODEX AI전력핵심설비,36880,2,470,1.29,36936.0,-21.9446,1160423,42389,32381,2026-10-02 02:22:24
0043B0,6,TIGER 머니마켓액티브,103860,2,10,0.01,103866.0,0.9722,37637,3908,32312,2026-10-02 02:22:24
472150,2,TIGER 배당커버드콜액티브,20460,2,45,0.22,20496.0,-16.9148,1145024,23389,28339,2026-10-02 02:22:24
455890,6,RISE 머니마켓액티브,55640,2,5,0.01,55642.0,0.8885,67279,3743,27881,2026-10-02 02:22:24
139260,2,TIGER 200 IT,145205,2,290,0.2,145502.0,-24.0682,136735,19808,27676,2026-10-02 02:22:24
481050,6,KODEX CD1년금리플러스액티브(합성),1021990,2,95,0.01,1022066.0,0.8385,25023,25573,26638,2026-10-02 02:22:24
426030,4,TIME 미국나스닥100액티브,48310,5,-345,-0.71,48210.0,-20.9248,459928,22277,26590,2026-10-02 02:22:24
486290,4,TIGER 미국나스닥100타겟데일리커버드콜,10565,5,-60,-0.56,10531.0,-10.8661,470433,4978,26423,2026-10-02 02:22:24
278540,1,KODEX MSCI Korea TR,39900,2,145,0.36,39928.0,-17.134,19699,784,24539,2026-10-02 02:22:24
449170,6,TIGER KOFR금리액티브(합성),112060,2,20,0.02,112059.0,0.7191,21390,2396,23871,2026-10-02 02:22:24
161510,2,PLUS 고배당주,24485,2,170,0.7,24493.0,1.4579,193827,4723,23638,2026-10-02 02:22:24
0193T0,2,KODEX SK하이닉스단일종목레버리지,11495,2,70,0.61,11522.0,-64.1569,5827861,67159,23180,2026-10-02 02:22:24
385540,6,RISE 종합채권(A-이상)액티브,103360,2,240,0.23,103385.0,0.2917,249,25,21850,2026-10-02 02:22:24
456600,4,TIME 글로벌AI인공지능액티브,59480,5,-130,-0.22,59428.0,-17.9999,66624,3974,21353,2026-10-02 02:22:24
284430,6,KODEX 200미국채혼합50,20740,2,60,0.29,20751.0,-15.5305,175482,3638,19977,2026-10-02 02:22:24
305720,2,KODEX 2차전지산업,14945,2,280,1.91,14968.0,0.3421,2868583,42691,19458,2026-10-02 02:22:24
214980,6,KODEX 단기채권PLUS,114545,2,50,0.04,114554.0,0.7052,9149,1047,19387,2026-10-02 02:22:24
292150,2,TIGER 코리아TOP10,38880,2,85,0.22,38957.0,-17.481,168803,6544,19168,2026-10-02 02:22:24
442580,4,PLUS 글로벌HBM반도체,109920,2,240,0.22,110119.0,-22.5287,405222,44622,18478,2026-10-02 02:22:24
294400,1,KIWOOM 200TR,146735,2,365,0.25,146862.0,-16.9391,17509,2564,18195,2026-10-02 02:22:24
441640,4,KODEX 미국배당커버드콜액티브,12170,5,-15,-0.12,12137.0,-8.7682,313844,3820,16965,2026-10-02 02:22:24
105190,1,ACE 200,112030,2,290,0.26,112140.0,-17.0327,60610,6771,16805,2026-10-02 02:22:24
446770,4,ACE 글로벌반도체TOP4 Plus,81995,5,-750,-0.91,81886.0,-17.8561,92755,7625,16440,2026-10-02 02:22:24
368590,4,RISE 미국나스닥100,30690,5,-235,-0.76,30574.0,-10.4654,91980,2830,16419,2026-10-02 02:22:24
329200,2,TIGER 리츠부동산인프라,4045,2,10,0.25,4042.0,3.7953,899364,3634,15771,2026-10-02 02:22:24
0177N0,7,KODEX 삼성전자SK하이닉스채권혼합50,14695,2,5,0.03,14710.0,-7.9937,1221736,17934,15724,2026-10-02 02:22:24
0193W0,2,KODEX 삼성전자단일종목레버리지,13400,2,25,0.19,13458.0,-38.0931,3859397,51314,15514,2026-10-02 02:22:24
091230,2,TIGER 반도체,158910,2,690,0.44,159021.0,-10.6144,116039,18508,15510,2026-10-02 02:22:24
152100,1,PLUS 200,113590,2,505,0.45,113557.0,-16.8157,100162,11326,15278,2026-10-02 02:22:24
0195S0,2,TIGER SK하이닉스단일종목레버리지,9765,2,50,0.51,9794.0,-64.0585,3173801,31030,15194,2026-10-02 02:22:24
477080,6,RISE CD금리액티브(합성),107780,2,20,0.02,107778.0,0.7762,3299,355,15067,2026-10-02 02:22:24
232080,1,TIGER 코스닥150,15535,5,-50,-0.32,15578.0,-8.026,8607911,134449,15066,2026-10-02 02:22:24
379780,4,RISE 미국S&P500,22590,5,-65,-0.29,22547.0,-9.8285,63718,1441,14887,2026-10-02 02:22:24
487230,4,KODEX 미국AI전력핵심인프라,19745,5,-155,-0.78,19729.0,-29.5042,254508,5039,14789,2026-10-02 02:22:24
226490,1,KODEX 코스피,72040,2,290,0.4,72130.0,-15.3167,40511,2911,14372,2026-10-02 02:22:24
453850,6,ACE 미국30년국채액티브(H),6765,5,-15,-0.22,6780.0,-8.4624,475692,3222,14058,2026-10-02 02:22:24
466920,2,SOL 조선TOP3플러스,26135,5,-30,-0.11,26161.0,-20.1313,331108,8626,13825,2026-10-02 02:22:24
390390,4,KODEX 미국반도체,57290,5,-340,-0.59,57099.0,-16.4427,254953,14656,13750,2026-10-02 02:22:24
469150,2,ACE AI반도체TOP3+,66955,2,455,0.68,67066.0,-10.3351,586031,39321,13726,2026-10-02 02:22:24
494310,2,KODEX 반도체레버리지,106145,2,445,0.42,106329.0,-37.0609,2838422,303333,13427,2026-10-02 02:22:24
475630,7,TIGER CD1년금리액티브(합성),1079237,2,142,0.01,1079238.0,0.8287,70754,76360,13327,2026-10-02 02:22:24
455850,2,SOL AI반도체소부장,30900,5,-15,-0.05,30932.0,-0.2742,4166983,130068,13117,2026-10-02 02:22:24
448330,1,KODEX 삼성전자채권혼합,17745,2,30,0.17,17765.0,-1.526,268417,4754,13114,2026-10-02 02:22:24
157450,6,TIGER 단기통안채,112810,2,50,0.04,112805.0,0.6471,8404,948,12876,2026-10-02 02:22:24
436140,6,SOL 종합채권(AA-이상)액티브,106665,2,240,0.23,106651.0,0.2732,273,29,12785,2026-10-02 02:22:24
438080,7,ACE 미국S&P500미국채혼합50액티브,13830,5,-5,-0.04,13831.0,-11.1433,191361,2652,12419,2026-10-02 02:22:24
465580,4,ACE 미국빅테크TOP7 Plus,24340,5,-310,-1.26,24253.0,-1.0041,1042129,25428,12304,2026-10-02 02:22:24
487340,6,ACE 머니마켓액티브,106200,2,15,0.01,106201.0,0.9459,4883,518,12214,2026-10-02 02:22:24
356540,6,ACE 종합채권(AA-이상)액티브,101655,2,190,0.19,101624.0,0.4355,615,62,11773,2026-10-02 02:22:24
497570,4,TIGER 미국필라델피아AI반도체나스닥,22895,5,-285,-1.23,22813.0,-15.75,368476,8459,11436,2026-10-02 02:22:24
0072R0,5,TIGER KRX금현물,12162,5,-88,-0.72,12161.0,-6.2022,337467,4123,11359,2026-10-02 02:22:24
0139F0,6,TIGER 12월자동연장금융채(AA-이상)액티브,102390,2,15,0.01,102393.0,0.9814,148,15,11025,2026-10-02 02:22:24
445290,2,KODEX 로봇액티브,31550,2,490,1.58,31560.0,-8.9066,358579,11242,10948,2026-10-02 02:22:24
0183J0,4,TIGER 미국우주테크,7390,5,-210,-2.76,7350.0,-31.9302,678981,5028,10885,2026-10-02 02:22:24
451540,6,TIGER 종합채권(AA-이상)액티브,53060,2,125,0.24,53055.0,0.2841,1902,100,10761,2026-10-02 02:22:24
494890,1,KODEX 200액티브,32215,2,85,0.26,32251.0,-17.5611,44628,1434,10760,2026-10-02 02:22:24
494300,4,KODEX 미국나스닥100데일리커버드콜OTM,8900,5,-35,-0.39,8878.0,-14.0491,318322,2836,10609,2026-10-02 02:22:24
469830,6,SOL 초단기채권액티브,54547,2,12,0.02,54548.0,0.9066,74144,4044,10511,2026-10-02 02:22:24
295040,1,SOL 200TR,41920,2,125,0.3,41957.0,-17.0405,29251,1223,10375,2026-10-02 02:22:24
449180,4,KODEX 미국S&P500(H),17150,5,-60,-0.35,17119.0,3.0246,160777,2755,10290,2026-10-02 02:22:24
0117V0,2,TIGER 코리아AI전력기기TOP3플러스,19290,2,220,1.15,19317.0,-21.9988,389568,7445,10224,2026-10-02 02:22:24
479520,6,RISE KOFR금리액티브(합성),106670,2,10,0.01,106667.0,0.7366,1202,128,10056,2026-10-02 02:22:24
446720,4,SOL 미국배당다우존스,12930,2,50,0.39,12920.0,-9.6564,225166,2917,9943,2026-10-02 02:22:24
449450,2,PLUS K방산,51570,2,1070,2.12,51702.0,-17.3351,195264,9976,9907,2026-10-02 02:22:24
153130,6,KODEX 단기채권,113260,2,15,0.01,113267.0,0.6245,11360,1286,9863,2026-10-02 02:22:24
0219E0,2,KODEX 200커버드콜액티브,8440,2,30,0.36,8450.0,,1756140,14779,9824,2026-10-02 02:22:24
495050,1,RISE 코리아밸류업,32625,2,130,0.4,32649.0,-15.9582,31861,1036,9608,2026-10-02 02:22:24
315930,2,KODEX Top5PlusTR,79830,2,395,0.5,79799.0,-15.7904,10125,804,9580,2026-10-02 02:22:24
438100,7,ACE 미국나스닥100미국채혼합50액티브,15245,5,-55,-0.36,15242.0,-11.3558,180459,2757,9543,2026-10-02 02:22:24
237350,1,KODEX 코스피100,89100,2,100,0.11,89242.0,-17.7701,43414,3860,9534,2026-10-02 02:22:24
0195R0,2,TIGER 삼성전자단일종목레버리지,12205,2,25,0.21,12244.0,-39.0543,2500513,30233,9486,2026-10-02 02:22:24
305540,2,TIGER 2차전지테마,19025,2,405,2.18,19043.0,1.5267,286723,5442,9465,2026-10-02 02:22:24
402970,4,ACE 미국배당다우존스,14370,2,50,0.35,14362.0,-9.7451,109782,1580,9312,2026-10-02 02:22:24
0048J0,6,KODEX 미국머니마켓액티브,13530,2,15,0.11,13533.0,-11.873,211721,2870,9306,2026-10-02 02:22:24
475720,3,RISE 200위클리커버드콜,12730,2,35,0.28,12732.0,-12.3598,186423,2367,8809,2026-10-02 02:22:24
0117L0,6,KODEX 26-12 금융채(AA-이상)액티브,10180,5,-5,-0.05,10182.0,0.7916,4566,46,8718,2026-10-02 02:22:24
479080,6,1Q 머니마켓액티브,53932,2,7,0.01,53932.0,0.917,4667,251,8681,2026-10-02 02:22:24
0177R0,2,TIGER 반도체TOP10커버드콜액티브,12195,2,5,0.04,12215.0,-21.0939,722581,8808,8622,2026-10-02 02:22:24
069660,1,KIWOOM 200,111690,2,280,0.25,111827.0,-16.8922,10497,1168,8488,2026-10-02 02:22:24
498410,2,KODEX 금융고배당TOP10타겟위클리커버드콜,11295,2,35,0.31,11289.0,3.6553,736441,8302,8460,2026-10-02 02:22:24
490590,4,RISE 미국AI밸류체인데일리고정커버드콜,14490,5,-155,-1.06,14439.0,-8.5188,263487,3829,8390,2026-10-02 02:22:24
466940,2,TIGER 은행고배당플러스TOP10,25960,2,260,1.01,25983.0,5.6787,227935,5896,8216,2026-10-02 02:22:24
462330,2,KODEX 2차전지산업레버리지,1053,2,40,3.95,1059.0,-10.2746,68843853,72123,8087,2026-10-02 02:22:24
272580,6,TIGER 단기채권액티브,57240,2,10,0.02,57236.0,0.828,23824,1363,7954,2026-10-02 02:22:24
495850,1,KODEX 코리아밸류업,32350,2,55,0.17,32386.0,-16.1855,18159,586,7942,2026-10-02 02:22:24
441800,1,TIME Korea플러스배당액티브,28585,2,60,0.21,28624.0,-15.769,49257,1404,7889,2026-10-02 02:22:24
0025N0,7,TIGER TDF2045 적격,11830,5,-40,-0.34,11781.0,-8.6924,74739,885,7802,2026-10-02 02:22:24
329750,6,TIGER 미국달러단기채권액티브,12865,2,5,0.04,12870.0,-12.0384,110760,1428,7779,2026-10-02 02:22:24
418660,4,TIGER 미국나스닥100레버리지(합성),41595,5,-645,-1.53,41334.0,-20.8174,86054,3596,7653,2026-10-02 02:22:24
488080,3,TIGER 반도체TOP10레버리지,40800,2,40,0.1,40960.0,-46.5092,3173866,129347,7466,2026-10-02 02:22:24
252670,3,KODEX 200선물인버스2X,70,2,1,1.45,69.0,-4.1667,1945926563,136240,7457,2026-10-02 02:22:24
456610,6,TIGER 미국달러SOFR금리액티브(합성),59200,2,15,0.03,59221.0,-11.6642,9091,539,7421,2026-10-02 02:22:24
476550,6,TIGER 미국30년국채커버드콜액티브(H),6377,2,2,0.03,6389.0,-8.6215,333927,2130,7401,2026-10-02 02:22:24
367760,2,RISE 네트워크인프라,63885,2,535,0.84,63998.0,-21.5675,486707,30989,7347,2026-10-02 02:22:24
457480,4,ACE 테슬라밸류체인액티브,17705,5,-165,-0.92,17655.0,-24.8213,125919,2233,7312,2026-10-02 02:22:24
114800,3,KODEX 인버스,979,5,-2,-0.2,979.0,5.8252,294627512,289286,7224,2026-10-02 02:22:24
144600,5,KODEX 은선물(H),9805,5,-110,-1.11,9813.0,5.76,175693,1721,7207,2026-10-02 02:22:24
481060,6,KODEX 미국30년국채타겟커버드콜(합성 H),7015,5,-10,-0.14,7059.0,-7.0608,244701,1719,7124,2026-10-02 02:22:24
0127P0,4,ACE 미국대형성장주액티브,10615,5,-80,-0.75,10573.0,-11.4485,13995,148,6963,2026-10-02 02:22:24
364980,2,TIGER 2차전지TOP10,10205,2,135,1.34,10227.0,2.4415,1377742,14028,6950,2026-10-02 02:22:24
0101N0,2,RISE AI전력인프라,21920,2,335,1.55,21971.0,-9.95,161720,3523,6927,2026-10-02 02:22:24
290130,2,RISE ESG사회책임투자,48880,2,55,0.11,48995.0,-19.2509,12894,629,6892,2026-10-02 02:22:24
0148J0,2,TIGER 코리아휴머노이드로봇산업,9945,2,245,2.53,9962.0,-3.8653,2741208,27033,6782,2026-10-02 02:22:24
0167B0,2,SOL 200타겟위클리커버드콜,11915,2,35,0.29,11928.0,-16.9471,280346,3334,6768,2026-10-02 02:22:24
482730,4,TIGER 미국S&P500타겟데일리커버드콜,11495,5,-25,-0.22,11470.0,-9.6769,174367,2008,6730,2026-10-02 02:22:24
434730,2,HANARO 원자력iSelect,57430,5,-170,-0.3,57544.0,-17.1164,56008,3208,6691,2026-10-02 02:22:24
314250,4,KODEX 미국빅테크10(H),64180,5,-625,-0.96,63984.0,14.2154,34172,2191,6675,2026-10-02 02:22:24
458760,4,TIGER 미국배당다우존스타겟커버드콜2호,10295,2,45,0.44,10281.0,-9.775,78550,808,6625,2026-10-02 02:22:24
102970,2,KODEX 증권,17525,5,-95,-0.54,17537.0,-20.1704,264534,4623,6528,2026-10-02 02:22:24
423920,4,TIGER 미국필라델피아반도체레버리지(합성),93940,5,-410,-0.43,93126.0,-41.6552,112490,10605,6519,2026-10-02 02:22:24
0007F0,6,KODEX 27-12 회사채(AA-이상)액티브,10200,2,10,0.1,10199.0,0.941,9444,96,6489,2026-10-02 02:22:24
371460,4,TIGER 차이나전기차SOLACTIVE,8970,5,-95,-1.05,9108.0,-27.6537,175079,1584,6433,2026-10-02 02:22:24
491010,4,TIGER 글로벌AI전력인프라액티브,25355,5,-125,-0.49,25191.0,-31.293,18999,481,6417,2026-10-02 02:22:24
0015B0,4,KoAct 미국나스닥성장기업액티브,19775,5,-20,-0.1,19717.0,-22.9467,516352,10235,6377,2026-10-02 02:22:24
434060,7,KODEX TDF2050액티브 적격,16750,5,-5,-0.03,16679.0,-9.8329,28208,473,6348,2026-10-02 02:22:24
0061Z0,6,RISE 단기특수은행채액티브,51140,2,10,0.02,51129.0,0.7785,1261,64,6296,2026-10-02 02:22:24
471990,2,KODEX AI반도체핵심장비,30650,2,120,0.39,30665.0,3.0866,1872272,57676,6268,2026-10-02 02:22:24
466950,4,TIGER 글로벌AI액티브,32225,5,-70,-0.22,32106.0,-30.1579,33595,1084,6084,2026-10-02 02:22:24
0091P0,2,TIGER 코리아원자력,16880,5,-160,-0.94,16897.0,-2.5172,672162,11341,6060,2026-10-02 02:22:24
491620,4,RISE 미국테크100데일리고정커버드콜,10475,5,-65,-0.62,10442.0,-7.7583,169001,1774,5986,2026-10-02 02:22:24
489250,4,KODEX 미국배당다우존스,12155,2,35,0.29,12165.0,-9.7702,149808,1824,5956,2026-10-02 02:22:24
138540,2,TIGER 현대차그룹플러스,45755,5,-180,-0.39,45795.0,-16.995,68253,3116,5948,2026-10-02 02:22:24
251600,7,PLUS 고배당주채권혼합,15190,2,40,0.26,15204.0,1.4908,68314,1035,5894,2026-10-02 02:22:24
0019K0,7,TIME 미국나스닥100채권혼합50액티브,13540,5,-35,-0.26,13503.0,-10.0994,117871,1595,5890,2026-10-02 02:22:24
477050,6,PLUS 머니마켓액티브,53665,2,15,0.03,53663.0,0.9312,613,32,5816,2026-10-02 02:22:24
277630,1,TIGER 코스피,73110,2,205,0.28,73214.0,-15.9862,8485,619,5739,2026-10-02 02:22:24
484790,6,KODEX 미국30년국채액티브(H),7795,3,0,0.0,7778.0,-8.3003,225523,1758,5735,2026-10-02 02:22:24
451000,6,PLUS 종합채권(AA-이상)액티브,107725,2,280,0.26,107674.0,0.0978,10,1,5640,2026-10-02 02:22:24
449190,4,KODEX 미국나스닥100(H),23020,5,-200,-0.86,22943.0,2.1455,91232,2098,5628,2026-10-02 02:22:24
496020,6,WON 전단채플러스액티브,52630,2,5,0.01,52635.0,0.9882,4670,245,5529,2026-10-02 02:22:24
462010,2,TIGER 2차전지소재Fn,4945,2,75,1.54,4955.0,-4.1339,3623200,17996,5410,2026-10-02 02:22:24
455030,6,KODEX 미국달러SOFR금리액티브(합성),11665,2,35,0.3,11647.0,-12.0077,27163,317,5378,2026-10-02 02:22:24
0163Y0,1,KoAct 코스닥액티브,10935,2,40,0.37,10930.0,-4.346,677219,7430,5336,2026-10-02 02:22:24
365780,6,ACE 국고채10년,82560,2,400,0.49,82520.0,-0.641,3086,254,5281,2026-10-02 02:22:24
494670,2,TIGER 조선TOP10,20785,5,-15,-0.07,20799.0,-18.8135,161607,3348,5279,2026-10-02 02:22:24
0105E0,2,SOL 코리아고배당,12595,2,25,0.2,12591.0,0.193,166408,2090,5240,2026-10-02 02:22:24
435420,7,TIGER 미국나스닥100채권혼합50,14200,5,-25,-0.18,14185.0,-5.4608,176800,2510,5197,2026-10-02 02:22:24
315960,2,RISE 대형고배당10TR,78140,2,315,0.4,78243.0,-17.1723,15448,1205,5157,2026-10-02 02:22:24
361580,1,RISE 200TR,63545,2,170,0.27,63569.0,-17.1244,54023,3424,5147,2026-10-02 02:22:24
463250,2,TIGER K방산&우주,34225,2,930,2.79,34299.0,-14.1218,153227,5181,5082,2026-10-02 02:22:24
444200,2,SOL 코리아메가테크액티브,45670,2,70,0.15,45749.0,-19.1705,18697,851,5069,2026-10-02 02:22:24
396520,4,TIGER 차이나반도체FACTSET,12175,5,-40,-0.33,12248.0,-43.6708,66941,817,5021,2026-10-02 02:22:24
496080,1,TIGER 코리아밸류업,32465,2,210,0.65,32483.0,-16.2576,49343,1596,5000,2026-10-02 02:22:24
114260,6,KODEX 국고채3년,61855,2,80,0.13,61877.0,0.4144,3965,245,4992,2026-10-02 02:22:24
371160,4,TIGER 차이나항셍테크,6120,5,-170,-2.7,6138.0,-16.8025,502232,3097,4963,2026-10-02 02:22:24
251350,4,KODEX MSCI선진국,38110,5,-260,-0.68,37976.0,-9.7963,6847,261,4878,2026-10-02 02:22:24
476800,7,KODEX 한국부동산리츠인프라,4192,2,12,0.29,4190.0,1.173,205573,861,4867,2026-10-02 02:22:24
448290,4,TIGER 미국S&P500(H),17770,5,-55,-0.31,17733.0,2.6806,33965,603,4842,2026-10-02 02:22:24
243880,2,TIGER 200IT레버리지,361465,2,3465,0.97,363583.0,-55.1873,31374,11253,4699,2026-10-02 02:22:24
438330,6,TIGER 우량회사채액티브,115780,2,240,0.21,115786.0,0.785,3395,393,4684,2026-10-02 02:22:24
0190C0,2,RISE 현대차고정피지컬AI,7725,2,10,0.13,7731.0,-21.4359,279724,2155,4658,2026-10-02 02:22:24
483280,4,KODEX 미국AI테크TOP10타겟커버드콜,11780,5,-90,-0.76,11737.0,-5.2289,62361,736,4641,2026-10-02 02:22:24
471230,6,KODEX 국고채10년액티브,103890,2,510,0.49,103849.0,-0.6678,7331,761,4622,2026-10-02 02:22:24
499660,7,TIGER CD금리플러스액티브(합성),1000465,2,105,0.01,1000466.0,0.8152,2837,2838,4557,2026-10-02 02:22:24
490490,7,SOL 미국배당미국채혼합50,10500,2,50,0.48,10487.0,-13.0617,89655,945,4547,2026-10-02 02:22:24
451060,1,1Q 200액티브,35810,2,70,0.2,35881.0,-17.2966,11359,405,4512,2026-10-02 02:22:24
0173Y0,4,KODEX 미국AI광통신네트워크,11805,2,520,4.61,11747.0,-25.5952,818178,9648,4386,2026-10-02 02:22:24
293180,1,HANARO 200,112200,2,480,0.43,112185.0,-16.9558,6852,764,4376,2026-10-02 02:22:24
447770,7,TIGER 테슬라채권혼합Fn,13740,2,35,0.26,13732.0,-7.1964,86293,1185,4342,2026-10-02 02:22:24
0210A0,2,ACE K반도체TOP2+,7930,2,45,0.57,7945.0,-24.2556,2912526,23079,4286,2026-10-02 02:22:24
385560,6,RISE KIS국고채30년Enhanced,51425,2,315,0.62,51400.0,-1.6248,14579,751,4233,2026-10-02 02:22:24
0016X0,6,SOL 중단기회사채(A-이상)액티브,51585,2,40,0.08,51598.0,0.9399,5383,277,4228,2026-10-02 02:22:24
448300,4,TIGER 미국나스닥100(H),23740,5,-205,-0.86,23670.0,1.9056,37743,895,4226,2026-10-02 02:22:24
474220,4,TIGER 미국테크TOP10타겟커버드콜,15010,5,-120,-0.79,14964.0,-2.749,87451,1316,4225,2026-10-02 02:22:24
0023A0,4,SOL 미국양자컴퓨팅TOP10,23925,5,-360,-1.48,23754.0,-28.8456,49486,1183,4211,2026-10-02 02:22:24
426020,4,TIME 미국S&P500액티브,31805,5,-165,-0.52,31709.0,-14.3011,24255,772,4046,2026-10-02 02:22:24
241180,4,TIGER 일본니케이225,35760,5,-100,-0.28,35691.0,-12.0756,49702,1777,4005,2026-10-02 02:22:24
476760,6,ACE 미국30년국채액티브,8305,2,5,0.06,8313.0,-20.1591,522841,4351,4003,2026-10-02 02:22:24
302450,1,RISE 코스피,72775,2,360,0.5,72745.0,-16.2245,1402,101,4003,2026-10-02 02:22:24
385550,6,RISE 단기채권알파액티브,114195,5,-65,-0.06,114412.0,0.7539,1302,148,3991,2026-10-02 02:22:24
0046A0,6,TIGER 미국초단기(3개월이하)국채,9400,2,5,0.05,9400.0,-11.9296,269831,2542,3940,2026-10-02 02:22:24
385720,1,TIME 코스피액티브,25905,2,150,0.58,25947.0,-20.4602,15408,397,3938,2026-10-02 02:22:24
474590,2,WON 반도체밸류체인액티브,51130,5,-110,-0.21,51161.0,-14.4789,35558,1824,3937,2026-10-02 02:22:24
148070,6,KIWOOM 국고채10년,104615,2,495,0.48,104605.0,-0.6726,5660,592,3931,2026-10-02 02:22:24
439860,6,KODEX ESG종합채권(A-이상)액티브,113860,2,210,0.18,113743.0,0.7267,156,17,3909,2026-10-02 02:22:24
480260,6,TIGER 27-04회사채(A+이상)액티브,53925,2,15,0.03,53927.0,0.87,2271,122,3886,2026-10-02 02:22:24
0060H0,1,TIGER 토탈월드스탁액티브,12375,5,-100,-0.8,12358.0,-10.5107,22059,273,3886,2026-10-02 02:22:24
469070,2,RISE AI&로봇,11180,2,145,1.31,11193.0,-4.7476,146799,1627,3745,2026-10-02 02:22:24
475300,2,SOL 반도체전공정,27615,5,-535,-1.9,27634.0,-6.494,1625546,45598,3673,2026-10-02 02:22:24
310960,1,TIGER 200TR,65385,2,225,0.35,65348.0,-17.3726,14340,933,3662,2026-10-02 02:22:24
0094M0,2,RISE 코리아밸류업위클리고정커버드콜,17410,2,55,0.32,17414.0,-12.2345,457003,7941,3656,2026-10-02 02:22:24
0040Y0,7,SOL 팔란티어커버드콜OTM채권혼합,7905,2,40,0.51,7918.0,4.3079,134808,1065,3652,2026-10-02 02:22:24
0080G0,2,KODEX 방산TOP10,10345,2,225,2.22,10365.0,-13.5646,916073,9370,3600,2026-10-02 02:22:24
091180,2,KODEX 자동차,25595,2,140,0.55,25625.0,-16.1519,57242,1456,3596,2026-10-02 02:22:24
245710,4,ACE 베트남VN30(합성),27435,5,-215,-0.78,27862.0,-16.3263,12746,351,3539,2026-10-02 02:22:24
385510,2,KODEX 신재생에너지액티브,40880,2,885,2.21,40907.0,-7.8775,72301,2942,3536,2026-10-02 02:22:24
442570,7,RISE TDF2050액티브 적격,17415,5,-45,-0.26,17334.0,-9.3129,44651,778,3527,2026-10-02 02:22:24
0182R0,2,1Q K반도체TOP2+,11375,2,20,0.18,11396.0,-24.3253,664367,7544,3521,2026-10-02 02:22:24
270810,1,RISE 코스닥150,15165,5,-35,-0.23,15205.0,-8.2403,108185,1654,3518,2026-10-02 02:22:24
0131V0,4,1Q 미국우주항공테크,10695,5,-190,-1.75,10661.0,-18.708,77361,829,3492,2026-10-02 02:22:24
484880,2,SOL 금융지주플러스고배당,22025,2,145,0.66,22047.0,6.3311,201279,4419,3469,2026-10-02 02:22:24
458250,6,TIGER 미국30년국채스트립액티브(합성 H),31445,5,-145,-0.46,31627.0,-14.9206,66801,2102,3467,2026-10-02 02:22:24
0144L0,4,KODEX 미국성장커버드콜액티브,9492,5,-38,-0.4,9457.0,-9.2196,50717,482,3465,2026-10-02 02:22:24
279530,2,KODEX 고배당주,17280,2,150,0.88,17291.0,3.3903,119023,2048,3456,2026-10-02 02:22:24
132030,5,KODEX 골드선물(H),23260,5,-205,-0.87,23274.0,5.0828,29694,691,3419,2026-10-02 02:22:24
472170,7,TIGER 미국테크TOP10채권혼합,14050,5,-65,-0.46,14047.0,-1.8087,123160,1732,3414,2026-10-02 02:22:24
0026S0,4,1Q 미국S&P500,12645,5,-25,-0.2,12620.0,-9.8651,32945,417,3402,2026-10-02 02:22:24
0167Z0,4,KODEX 미국우주항공,7360,5,-210,-2.77,7320.0,-35.529,358881,2647,3378,2026-10-02 02:22:24
462900,2,KoAct 바이오헬스케어액티브,12910,5,-390,-2.93,12914.0,-22.4716,563112,7375,3376,2026-10-02 02:22:24
0052D0,2,TIGER 코리아배당다우존스,15205,2,30,0.2,15208.0,2.682,75706,1146,3337,2026-10-02 02:22:24
456880,7,ACE 미국달러SOFR금리(합성),11985,2,10,0.08,11986.0,-11.8838,16586,199,3305,2026-10-02 02:22:24
448630,7,RISE 삼성그룹Top3채권혼합,15350,2,10,0.07,15390.0,-0.1952,43085,660,3300,2026-10-02 02:22:24
0043Y0,4,TIME 차이나AI테크액티브,18820,5,-185,-0.97,19012.0,-31.0539,56970,1079,3218,2026-10-02 02:22:24
0052S0,7,1Q 미국S&P500미국채혼합50액티브,11400,5,-20,-0.18,11386.0,-10.8879,36097,412,3215,2026-10-02 02:22:24
0162M0,6,KODEX 금융채1~2년(AA-이상)PLUS액티브,10065,2,15,0.15,10063.0,0.8024,153,1,3203,2026-10-02 02:22:24
471780,2,TIGER 코리아테크액티브,40580,5,-145,-0.36,40595.0,-15.1563,84606,3441,3161,2026-10-02 02:22:24
485540,4,KODEX 미국AI테크TOP10,15550,5,-180,-1.14,15501.0,-4.277,325316,5075,3118,2026-10-02 02:22:24
0111P0,7,1Q 미국나스닥100미국채혼합50액티브,10840,5,-40,-0.37,10822.0,-11.0167,54173,588,3100,2026-10-02 02:22:24
453810,4,KODEX 인도Nifty50,10680,5,-45,-0.42,10639.0,-18.6528,25049,267,3092,2026-10-02 02:22:24
483320,4,ACE 엔비디아밸류체인액티브,26300,5,-40,-0.15,26192.0,-17.944,624872,16480,3064,2026-10-02 02:22:24
489030,2,PLUS 고배당주위클리커버드콜,6165,2,30,0.49,6170.0,3.7321,164745,1012,3052,2026-10-02 02:22:24
454780,6,KIWOOM 종합채권(AA-이상)액티브,99715,3,0,0.0,99980.0,0.3421,0,0,3022,2026-10-02 02:22:24
497880,6,SOL CD금리&머니마켓액티브,50045,2,5,0.01,50045.0,0.9227,41387,2071,2996,2026-10-02 02:22:24
433330,4,SOL 미국S&P500,21610,5,-50,-0.23,21569.0,-9.8467,62913,1362,2982,2026-10-02 02:22:24
481190,4,SOL 미국테크TOP10,17125,5,-180,-1.04,17062.0,-2.8355,22512,386,2937,2026-10-02 02:22:24
0038A0,4,KODEX 미국휴머노이드로봇,15445,5,-155,-0.99,15415.0,-18.1405,131855,2039,2935,2026-10-02 02:22:24
0008S0,4,TIGER 미국배당다우존스타겟데일리커버드콜,9315,2,35,0.38,9303.0,-9.8107,92405,861,2930,2026-10-02 02:22:24
136340,6,RISE 중기우량회사채,104060,2,215,0.21,104104.0,0.4336,1217,126,2910,2026-10-02 02:22:24
0162Y0,1,TIME 코스닥액티브,8620,2,40,0.47,8627.0,-12.3148,516423,4471,2875,2026-10-02 02:22:24
421320,2,PLUS 우주항공,29785,2,1165,4.07,29860.0,-9.3013,60637,1785,2859,2026-10-02 02:22:24
441680,7,TIGER 미국나스닥100커버드콜(합성),10770,5,-20,-0.19,10757.0,-8.7487,21721,233,2838,2026-10-02 02:22:24
475080,7,KODEX 테슬라커버드콜채권혼합액티브,7750,2,5,0.06,7744.0,-6.3131,86786,672,2817,2026-10-02 02:22:24
091170,2,KODEX 은행,15790,2,90,0.57,15823.0,8.0925,420678,6629,2811,2026-10-02 02:22:24
0098F0,2,KODEX 원자력SMR,15605,5,-155,-0.98,15634.0,-4.7735,453412,7073,2809,2026-10-02 02:22:24
273140,6,KODEX 단기변동금리부채권액티브,114700,2,45,0.04,114684.0,0.6783,1639,187,2800,2026-10-02 02:22:24
461490,7,RISE 글로벌자산배분액티브,14485,5,-30,-0.21,14502.0,-3.5549,26451,383,2781,2026-10-02 02:22:24
388420,2,RISE 비메모리반도체액티브,31510,5,-130,-0.41,31586.0,-17.1626,130144,4111,2767,2026-10-02 02:22:24
471040,4,KoAct 글로벌AI&로봇액티브,30665,2,55,0.18,30599.0,-22.7411,49076,1506,2760,2026-10-02 02:22:24
423170,4,SOL 글로벌AI반도체탑픽액티브,61305,5,-590,-0.95,61225.0,-17.8785,5591,343,2759,2026-10-02 02:22:24
0183V0,7,KIWOOM 삼성전자&SK하이닉스채권혼합50,12090,2,10,0.08,12101.0,-7.7786,231945,2799,2757,2026-10-02 02:22:24
473290,6,KODEX 26-12 회사채(AA-이상)액티브,10905,3,0,0.0,10907.0,0.7855,50300,548,2743,2026-10-02 02:22:24
0228G0,2,ACE 반도체Plus전략산업,10220,5,-20,-0.2,10243.0,,26245,267,2734,2026-10-02 02:22:24
439870,6,KODEX 국고채30년액티브,88630,2,435,0.49,88684.0,-1.1378,2451,217,2705,2026-10-02 02:22:24
196230,6,RISE 단기통안채,117175,2,75,0.06,117196.0,0.5711,871,102,2697,2026-10-02 02:22:24
473330,6,SOL 미국30년국채커버드콜(합성),7435,5,-10,-0.13,7470.0,-19.1812,140292,1045,2684,2026-10-02 02:22:24
213610,2,KODEX 삼성그룹밸류,22400,2,5,0.02,22441.0,-10.7058,1674,37,2666,2026-10-02 02:22:24
409820,4,KODEX 미국나스닥100레버리지(합성 H),21380,5,-380,-1.75,21260.0,2.7384,22499,480,2662,2026-10-02 02:22:24
123320,3,TIGER 레버리지,114750,2,600,0.53,114892.0,-40.2872,68699,7833,2639,2026-10-02 02:22:24
453870,4,TIGER 인도니프티50,10480,5,-35,-0.33,10423.0,-19.6772,15366,160,2625,2026-10-02 02:22:24
190620,6,ACE 단기통안채,102220,2,40,0.04,102229.0,0.6699,1357,138,2613,2026-10-02 02:22:24
0232A0,6,MIDAS 머니마켓액티브,100390,2,15,0.01,100410.0,,2,0,2594,2026-10-02 02:22:24
364970,2,TIGER 바이오TOP10,6840,5,-125,-1.79,6842.0,-2.9945,399849,2752,2582,2026-10-02 02:22:24
307520,2,TIGER 지주회사,21595,3,0,0.0,21626.0,-7.5263,116738,2511,2581,2026-10-02 02:22:24
483340,4,ACE 구글밸류체인액티브,22795,5,-275,-1.19,22682.0,-17.7541,27470,626,2576,2026-10-02 02:22:24
486830,6,HANARO 머니마켓액티브,53440,3,0,0.0,53442.0,0.9349,1180,63,2547,2026-10-02 02:22:24
472920,6,HK 종합채권(AA-이상)액티브,98300,3,0,0.0,98495.0,0.2191,0,0,2542,2026-10-02 02:22:24
495230,1,KoAct 코리아밸류업액티브,31880,2,145,0.46,31897.0,-19.311,16036,509,2503,2026-10-02 02:22:24
117700,2,KODEX 건설,6710,5,-30,-0.45,6716.0,-2.1778,903546,6038,2463,2026-10-02 02:22:24
363580,2,KODEX 200IT TR,58865,2,165,0.28,58957.0,-22.7683,21899,1286,2443,2026-10-02 02:22:24
139230,2,TIGER 200 중공업,12480,5,-85,-0.68,12485.0,-19.9536,35977,447,2436,2026-10-02 02:22:24
0182S0,7,1Q K반도체TOP2채권혼합50,12940,2,45,0.35,12947.0,-9.1582,64478,832,2407,2026-10-02 02:22:24
493810,4,TIGER 미국AI빅테크10타겟데일리커버드콜,11375,5,-115,-1.0,11332.0,-4.1878,64901,739,2400,2026-10-02 02:22:24
283580,4,KODEX 차이나CSI300,14155,5,-150,-1.05,14324.0,-21.0837,161755,2311,2314,2026-10-02 02:22:24
0053L0,4,TIGER 차이나휴머노이드로봇,8570,5,-170,-1.95,8664.0,-29.7,269012,2331,2314,2026-10-02 02:22:24
228790,2,TIGER 화장품,4065,5,-130,-3.1,4071.0,11.8666,3528550,14529,2310,2026-10-02 02:22:24
329650,7,KODEX TRF3070,13987,2,22,0.16,14010.0,-3.508,13102,183,2308,2026-10-02 02:22:24
0092C0,6,SOL 27-12 회사채(AA-이상)액티브,50350,2,45,0.09,50338.0,0.852,638,32,2306,2026-10-02 02:22:24
422420,2,RISE 2차전지액티브,6995,2,170,2.49,7000.0,-3.7208,93018,647,2290,2026-10-02 02:22:24
363570,6,KODEX 장기종합채권(AA-이상)액티브,87075,2,400,0.46,87078.0,-0.3335,87,7,2284,2026-10-02 02:22:24
472160,4,TIGER 미국테크TOP10 INDXX(H),19495,5,-215,-1.09,19419.0,10.2657,126550,2462,2271,2026-10-02 02:22:24
498270,4,KIWOOM 미국양자컴퓨팅,15030,5,-220,-1.44,14993.0,-15.8239,28816,433,2262,2026-10-02 02:22:24
0089D0,2,KODEX 금융고배당TOP10,13015,2,30,0.23,13030.0,3.1563,99753,1296,2226,2026-10-02 02:22:24
0104N0,2,TIGER 200타겟위클리커버드콜,21440,2,45,0.21,21451.0,-17.1309,17622,376,2208,2026-10-02 02:22:24
0151S0,4,KODEX 미국AI반도체TOP3플러스,16015,5,-270,-1.66,15952.0,-14.342,182226,2923,2194,2026-10-02 02:22:24
437080,6,KODEX 미국종합채권ESG액티브(H),94100,2,75,0.08,94087.0,-3.6801,2088,196,2187,2026-10-02 02:22:24
433500,2,ACE 원자력TOP10,55940,5,-1100,-1.93,56049.0,-4.9255,37318,2094,2182,2026-10-02 02:22:24
244580,2,KODEX 바이오,8290,5,-195,-2.3,8301.0,-10.2592,412618,3460,2175,2026-10-02 02:22:24
458260,6,TIGER 미국투자등급회사채액티브(H),44550,2,70,0.16,44599.0,-5.2164,1427,63,2165,2026-10-02 02:22:24
488980,6,SOL 26-12 회사채(AA-이상)액티브,52270,2,20,0.04,52263.0,0.82,11,0,2156,2026-10-02 02:22:24
452360,4,SOL 미국배당다우존스(H),12820,2,60,0.47,12823.0,2.7303,41870,536,2154,2026-10-02 02:22:24
0119H0,6,KODEX 28-12 회사채(AA-이상)액티브,9935,2,20,0.2,9925.0,0.5068,12092,120,2149,2026-10-02 02:22:24
0233J0,7,TIGER 삼성전자SK하이닉스미국채혼합50,10735,2,25,0.23,10768.0,,22792,244,2147,2026-10-02 02:22:24
442320,4,RISE 글로벌원자력,34075,5,-265,-0.77,34062.0,-16.6369,2872,97,2143,2026-10-02 02:22:24
271050,5,KODEX WTI원유선물인버스(H),1730,5,-63,-3.51,1725.0,-28.9901,2401495,4152,2126,2026-10-02 02:22:24
332930,1,HANARO 200TR,146545,2,330,0.23,146854.0,-16.727,157,22,2125,2026-10-02 02:22:24
305080,6,TIGER 미국채10년선물,11730,2,45,0.39,11724.0,-16.4462,49076,576,2123,2026-10-02 02:22:24
266160,2,RISE 고배당,33430,2,135,0.41,33427.0,-13.1524,9634,320,2123,2026-10-02 02:22:24
478150,4,TIME 글로벌우주테크&방산액티브,17565,5,-185,-1.04,17622.0,-24.8837,196316,3456,2117,2026-10-02 02:22:24
0093A0,2,RISE AI반도체TOP10,38815,5,-155,-0.4,38831.0,-6.9818,140522,5468,2115,2026-10-02 02:22:24
157500,2,TIGER 증권,11895,5,-55,-0.46,11905.0,-20.3672,126198,1496,2108,2026-10-02 02:22:24
490090,4,TIGER 미국AI빅테크10,16095,5,-185,-1.14,16035.0,-3.1817,77095,1243,2100,2026-10-02 02:22:24
448540,7,ACE 엔비디아채권혼합,26810,2,85,0.32,26775.0,1.0779,22790,611,2091,2026-10-02 02:22:24
463050,2,TIME K바이오액티브,11565,5,-350,-2.94,11567.0,-18.1381,223195,2614,2087,2026-10-02 02:22:24
480040,4,ACE 미국반도체데일리타겟커버드콜(합성),15225,2,65,0.43,15051.0,-23.3147,140372,2140,2071,2026-10-02 02:22:24
0153K0,2,KODEX 주주환원고배당주,11950,2,115,0.97,11956.0,3.8335,95318,1138,2067,2026-10-02 02:22:24
486450,4,SOL 미국AI전력인프라,18720,5,-70,-0.37,18640.0,-25.9216,40104,751,2050,2026-10-02 02:22:24
0005A0,4,KODEX 미국S&P500데일리커버드콜OTM,9095,5,-20,-0.22,9079.0,-10.2685,84242,767,2028,2026-10-02 02:22:24
267770,3,TIGER 200선물레버리지,87290,2,495,0.57,87235.0,-40.5046,19366,1673,2008,2026-10-02 02:22:24
0069M0,4,1Q 미국나스닥100,13765,5,-100,-0.72,13720.0,-10.5662,31064,428,1996,2026-10-02 02:22:24
0005G0,2,IBK K-AI반도체코어테크,57730,2,455,0.79,57798.0,-14.2234,17557,1012,1992,2026-10-02 02:22:24
302190,6,TIGER 중장기국채,50125,2,165,0.33,50110.0,-0.1,1193,59,1945,2026-10-02 02:22:24
0190G0,2,KODEX 반도체타겟위클리커버드콜,10310,2,5,0.05,10330.0,-9.1605,489686,5071,1938,2026-10-02 02:22:24
433980,7,KODEX TDF2040액티브 적격,15710,5,-10,-0.06,15662.0,-8.0812,20104,315,1924,2026-10-02 02:22:24
233160,3,TIGER 코스닥150 레버리지,8950,5,-55,-0.61,8966.0,-24.7703,1241428,11261,1924,2026-10-02 02:22:24
495060,1,TIME 코리아밸류업액티브,28705,2,145,0.51,28770.0,-25.9625,30046,860,1923,2026-10-02 02:22:24
494220,2,UNICORN SK하이닉스밸류체인액티브,54755,5,-305,-0.55,54801.0,-16.9533,45584,2506,1916,2026-10-02 02:22:24
0204D0,2,KODEX 현대차로보틱스밸류체인TOP3플러스,5590,5,-15,-0.27,5581.0,-20.8893,221927,1237,1915,2026-10-02 02:22:24
495550,1,SOL 코리아밸류업TR,33175,2,85,0.26,33200.0,-16.3021,6623,219,1908,2026-10-02 02:22:24
0082V0,7,KODEX TDF2060액티브 적격,11215,5,-10,-0.09,11158.0,-9.7022,26385,296,1890,2026-10-02 02:22:24
0115D0,2,KODEX 조선TOP10,7220,3,0,0.0,7222.0,-19.5544,707588,5086,1884,2026-10-02 02:22:24
494330,2,ACE 라이프자산주주가치액티브,33040,2,150,0.46,33095.0,-1.9744,7518,247,1883,2026-10-02 02:22:24
0091C0,6,KODEX 미국10년국채액티브(H),9230,2,10,0.11,9219.0,-4.6399,47319,437,1857,2026-10-02 02:22:24
466930,2,SOL 자동차TOP3플러스,23400,5,-60,-0.26,23421.0,-22.3822,65090,1519,1837,2026-10-02 02:22:24
0094K0,6,TIGER 28-04 회사채(A+이상)액티브,99745,2,140,0.14,99746.0,0.8811,1293,128,1832,2026-10-02 02:22:24
473460,4,KODEX 미국서학개미,24120,5,-245,-1.01,24037.0,-10.1285,14275,345,1821,2026-10-02 02:22:24
261260,7,KODEX 미국달러선물인버스2X,5510,5,-10,-0.18,5509.0,30.1886,104274,570,1819,2026-10-02 02:22:24
480020,4,ACE 미국빅테크7+데일리타겟커버드콜(합성),10095,2,35,0.35,9895.0,-9.3245,160685,1605,1807,2026-10-02 02:22:24
332500,1,ACE 200TR,75210,2,215,0.29,75270.0,-17.0639,1381,103,1805,2026-10-02 02:22:24
412570,2,TIGER 2차전지TOP10레버리지,1192,2,35,3.03,1194.0,-6.7688,4513648,5347,1803,2026-10-02 02:22:24
429000,4,TIGER 미국S&P500배당귀족,12500,2,30,0.24,12465.0,-15.4221,16399,205,1800,2026-10-02 02:22:24
414780,4,TIGER 차이나과창판STAR50(합성),12585,5,-80,-0.63,12772.0,-36.9273,36907,466,1800,2026-10-02 02:22:24
122090,1,PLUS 코스피50,84120,2,385,0.46,84213.0,-19.3781,8261,694,1792,2026-10-02 02:22:24
461950,2,KODEX 2차전지핵심소재10,5020,2,90,1.83,5023.0,-3.111,1124758,5657,1772,2026-10-02 02:22:24
0099L0,6,ACE 우량회사채(AA-이상)액티브,99795,2,155,0.16,99864.0,0.7889,90,8,1750,2026-10-02 02:22:24
403790,1,MIDAS 코스피액티브,59065,2,390,0.66,59082.0,-15.3014,169,9,1728,2026-10-02 02:22:24
483290,4,KODEX 미국배당다우존스타겟커버드콜,9645,2,50,0.52,9642.0,-9.9847,58265,562,1717,2026-10-02 02:22:24
0047A0,4,TIGER 차이나테크TOP10,11445,5,-195,-1.68,11523.0,-24.4156,67106,777,1717,2026-10-02 02:22:24
0040X0,7,SOL 팔란티어미국채커버드콜혼합,9085,2,30,0.33,9093.0,-2.24,58085,528,1708,2026-10-02 02:22:24
476450,6,KIWOOM 머니마켓액티브,52930,2,20,0.04,52929.0,0.877,957,50,1708,2026-10-02 02:22:24
0005D0,2,SOL 전고체배터리&실리콘음극재,15955,2,520,3.37,15968.0,-2.2483,730343,11621,1667,2026-10-02 02:22:24
337160,2,KODEX 200ESG,48865,5,-60,-0.12,48952.0,-16.965,3327,162,1661,2026-10-02 02:22:24
272560,6,RISE 단기국공채액티브,115025,2,70,0.06,115049.0,0.6963,22405,2576,1660,2026-10-02 02:22:24
0192Z0,6,TIGER 중기종합채권(A-이상)액티브,101100,2,125,0.12,101095.0,0.6428,1,0,1641,2026-10-02 02:22:24
354500,1,ACE 코스닥150,15405,5,-45,-0.29,15447.0,-7.9536,97625,1515,1633,2026-10-02 02:22:24
490600,4,RISE 미국배당100데일리고정커버드콜,8440,2,25,0.3,8436.0,-10.2879,64971,549,1620,2026-10-02 02:22:24
237370,7,KODEX 코리아배당성장채권혼합,15540,2,65,0.42,15556.0,-0.4575,20344,315,1616,2026-10-02 02:22:24
491820,2,HANARO 전력설비투자,44170,2,570,1.31,44229.0,-21.8568,25350,1109,1612,2026-10-02 02:22:24
0193G0,1,KoAct 코스피액티브,8585,2,30,0.35,8595.0,-20.4557,76624,656,1610,2026-10-02 02:22:24
480030,4,ACE 미국500데일리타겟커버드콜(합성),9575,5,-15,-0.16,9531.0,-11.6606,49490,474,1609,2026-10-02 02:22:24
488720,7,WON 종합채권(AA-이상)액티브,48865,2,80,0.16,48842.0,0.329,163,7,1601,2026-10-02 02:22:24
152870,1,파워 200,112850,2,365,0.32,112890.0,-16.872,345,38,1580,2026-10-02 02:22:24
438560,6,SOL 국고채3년,100580,2,195,0.19,100596.0,0.4703,149,14,1576,2026-10-02 02:22:24
471760,2,TIGER AI반도체핵심공정,16700,5,-170,-1.01,16725.0,-7.7134,577979,9705,1570,2026-10-02 02:22:24
472870,6,RISE 미국30년국채엔화노출(합성 H),6420,2,25,0.39,6444.0,-19.0323,92559,595,1557,2026-10-02 02:22:24
200250,4,KIWOOM 인도Nifty50(합성),19560,5,-100,-0.51,19514.0,-18.7268,2044,40,1545,2026-10-02 02:22:24
160580,5,TIGER 구리실물,15865,5,-210,-1.31,16002.0,-3.5693,28109,448,1527,2026-10-02 02:22:24
0064K0,5,KODEX 금액티브,11830,5,-75,-0.63,11830.0,-7.6774,74595,884,1526,2026-10-02 02:22:24
457990,2,PLUS 태양광&ESS,38030,2,1350,3.68,38028.0,-7.4556,370885,13945,1502,2026-10-02 02:22:24
0151P0,2,RISE 코리아전략산업액티브,15310,5,-50,-0.33,15328.0,-23.4444,80374,1231,1500,2026-10-02 02:22:24
394670,4,TIGER 글로벌리튬&2차전지SOLACTIVE(합성),10240,2,10,0.1,10301.0,-23.4855,3256,33,1495,2026-10-02 02:22:24
458210,7,KIWOOM CD금리액티브(합성),110910,2,15,0.01,110869.0,0.7678,1,0,1490,2026-10-02 02:22:24
0104H0,7,KoAct 미국나스닥채권혼합50액티브,12030,2,20,0.17,12021.0,-11.6262,13726,165,1474,2026-10-02 02:22:24
219480,4,KODEX 미국S&P500선물(H),33080,5,-95,-0.29,33078.0,2.7726,4075,134,1472,2026-10-02 02:22:24
138520,2,TIGER 삼성그룹,36280,2,150,0.42,36320.0,-12.7506,15697,565,1466,2026-10-02 02:22:24
0180V0,4,ACE 미국우주테크액티브,7705,5,-205,-2.59,7649.0,-30.1854,43249,334,1464,2026-10-02 02:22:24
491610,6,1Q CD금리액티브(합성),105145,2,5,0.0,105128.0,0.7522,975,102,1454,2026-10-02 02:22:24
481180,4,SOL 미국AI소프트웨어,16880,5,-20,-0.12,16835.0,9.5623,48419,818,1435,2026-10-02 02:22:24
0127M0,4,ACE 미국대형가치주액티브,11920,2,10,0.08,11909.0,-11.2986,18173,216,1430,2026-10-02 02:22:24
0051G0,4,SOL 미국원자력SMR,11580,5,-180,-1.53,11518.0,-23.7602,22197,257,1430,2026-10-02 02:22:24
0199C0,2,ACE 고배당주Plus커버드콜액티브,8900,3,0,0.0,8906.0,-3.0642,237129,2103,1428,2026-10-02 02:22:24
143860,2,TIGER 헬스케어,35560,5,-810,-2.23,35633.0,-9.075,5333,192,1415,2026-10-02 02:22:24
0041E0,4,KODEX 미국S&P500액티브,16210,5,-45,-0.28,16180.0,-14.7002,35699,580,1410,2026-10-02 02:22:24
498180,6,파워 종합채권(AA-이상)액티브,93500,3,0,0.0,93717.0,0.2734,0,0,1409,2026-10-02 02:22:24
0131W0,6,1Q 단기특수은행채액티브,102380,2,20,0.02,102382.0,0.7529,6000,614,1400,2026-10-02 02:22:24
495330,1,1Q 코리아밸류업,32260,2,155,0.48,32255.0,-16.4794,4970,159,1387,2026-10-02 02:22:24
0085P0,6,ACE 미국10년국채액티브,9345,2,30,0.32,9337.0,-16.2176,215902,2021,1383,2026-10-02 02:22:24
476030,4,SOL 미국나스닥100,17450,5,-145,-0.82,17397.0,-10.4008,21223,371,1379,2026-10-02 02:22:24
0048K0,4,KODEX 차이나휴머노이드로봇,7645,5,-70,-0.91,7719.0,-30.584,380745,2920,1372,2026-10-02 02:22:24
245340,4,TIGER 미국다우존스30,33685,5,-50,-0.15,33681.0,-14.2325,4520,152,1361,2026-10-02 02:22:24
0209D0,2,KODEX 전고체배터리ESS TOP2플러스,8630,2,290,3.48,8638.0,-3.4723,632594,5425,1338,2026-10-02 02:22:24
463680,4,KODEX 미국S&P500테크놀로지,23255,5,-115,-0.49,23260.0,-7.9967,76121,1775,1337,2026-10-02 02:22:24
451530,6,TIGER 국고채30년스트립액티브,35770,2,200,0.56,35654.0,-2.7478,13640,491,1330,2026-10-02 02:22:24
0074K0,2,KoAct K수출핵심기업TOP30액티브,17860,2,330,1.88,17860.0,-16.0441,21542,382,1313,2026-10-02 02:22:24
0181B0,4,HANARO 미국AI메모리반도체TOP4+,10495,5,-45,-0.43,10484.0,-26.0351,106980,1124,1307,2026-10-02 02:22:24
0091M0,6,HANARO 27-06 회사채(AA-이상)액티브,10170,5,-5,-0.05,10179.0,0.7425,43,0,1305,2026-10-02 02:22:24
411420,4,KODEX 미국나스닥AI테크액티브,27450,5,-180,-0.65,27290.0,-7.4651,6249,172,1304,2026-10-02 02:22:24
325010,2,KODEX 성장주,44875,2,260,0.58,44911.0,-18.07,1596,71,1301,2026-10-02 02:22:24
139220,2,TIGER 200 건설,7585,5,-25,-0.33,7601.0,-7.8693,137845,1040,1292,2026-10-02 02:22:24
0092B0,2,SOL 한국원자력SMR,15450,5,-140,-0.9,15481.0,-4.0616,42208,652,1290,2026-10-02 02:22:24
461500,6,HANARO 종합채권(AA-이상)액티브,105515,2,295,0.28,105437.0,0.3863,101,10,1273,2026-10-02 02:22:24
463290,6,1Q 단기금융채액티브,109550,2,30,0.03,109550.0,0.8146,7194,788,1263,2026-10-02 02:22:24
448100,1,WON 200,114470,2,450,0.39,114447.0,-17.5938,2290,261,1259,2026-10-02 02:22:24
447620,7,SOL 미국TOP5채권혼합50,15915,5,-45,-0.28,15814.0,0.4089,20556,327,1257,2026-10-02 02:22:24
377990,2,TIGER Fn신재생에너지,25430,2,630,2.54,25425.0,-16.2125,49927,1253,1246,2026-10-02 02:22:24
0000Y0,6,HK 26-12 회사채(AA-이상)액티브,102135,2,10,0.01,102129.0,0.8044,1,0,1236,2026-10-02 02:22:24
328370,1,PLUS 코스피TR,39365,2,310,0.79,39393.0,-16.6027,50,1,1220,2026-10-02 02:22:24
438570,6,SOL 국고채10년,98265,2,430,0.44,98280.0,-0.7004,35,3,1211,2026-10-02 02:22:24
0123G0,4,TIGER 미국AI전력SMR,5830,5,-145,-2.43,5787.0,-27.3115,65646,382,1210,2026-10-02 02:22:24
304660,6,KODEX 미국30년국채울트라선물(H),6855,5,-10,-0.15,6861.0,-8.6494,18908,129,1206,2026-10-02 02:22:24
469170,2,ACE 포스코그룹포커스,5900,2,100,1.72,5904.0,2.3998,324400,1908,1204,2026-10-02 02:22:24
332940,1,HANARO MSCI Korea TR,49930,2,260,0.52,49972.0,-16.5631,1861,92,1198,2026-10-02 02:22:24
192090,4,TIGER 차이나CSI300,11565,5,-120,-1.03,11708.0,-22.0741,84501,987,1185,2026-10-02 02:22:24
114820,6,TIGER 국채3년,105215,2,210,0.2,105235.0,0.3919,1923,202,1178,2026-10-02 02:22:24
0168K0,2,TIGER 기술이전바이오액티브,5710,5,-125,-2.14,5716.0,-22.9703,618423,3571,1178,2026-10-02 02:22:24
0184L0,6,PLUS 중기종합채권(A-이상)액티브,100630,3,0,0.0,100744.0,0.7862,0,0,1175,2026-10-02 02:22:24
399110,4,SOL 미국S&P500ESG,20560,5,-90,-0.44,20498.0,-10.2186,9996,205,1172,2026-10-02 02:22:24
326240,2,RISE IT플러스,46680,2,215,0.46,46726.0,-15.4491,4907,229,1167,2026-10-02 02:22:24
491230,6,PLUS 국공채머니마켓액티브,52645,2,10,0.02,52631.0,0.8333,912,48,1161,2026-10-02 02:22:24
475310,2,SOL 반도체후공정,33180,5,-15,-0.05,33218.0,3.4112,733076,24458,1161,2026-10-02 02:22:24
0174B0,7,KoAct 글로벌AI메모리반도체액티브,15895,5,-105,-0.66,15884.0,-20.8509,51773,825,1160,2026-10-02 02:22:24
0000J0,2,PLUS 한화그룹주,28735,2,485,1.72,28757.0,-6.5034,31607,904,1149,2026-10-02 02:22:24
266370,2,KODEX IT,73970,2,400,0.54,73968.0,-18.8104,10652,785,1147,2026-10-02 02:22:24
304940,4,KODEX 미국나스닥100선물(H),33595,5,-285,-0.84,33510.0,1.8947,398,13,1142,2026-10-02 02:22:24
367770,2,RISE 수소경제테마,21790,2,10,0.05,21822.0,-13.862,13490,292,1122,2026-10-02 02:22:24
319640,4,TIGER 골드선물(H),24390,5,-185,-0.75,24382.0,4.2417,10564,257,1122,2026-10-02 02:22:24
182480,7,TIGER 미국MSCI리츠(합성 H),12745,5,-20,-0.16,12786.0,-7.6923,9092,115,1122,2026-10-02 02:22:24
0036R0,4,RISE 미국휴머노이드로봇,19995,5,-180,-0.89,19914.0,-15.923,8191,164,1120,2026-10-02 02:22:24
455860,2,SOL 2차전지소부장Fn,4605,2,105,2.33,4604.0,-4.56,432321,1994,1108,2026-10-02 02:22:24
476850,1,KoAct 배당성장액티브,21970,2,15,0.07,21981.0,-11.8059,25561,561,1099,2026-10-02 02:22:24
0221V0,6,IBK 초단기채권액티브,100750,2,5,0.0,100773.0,,91,9,1097,2026-10-02 02:22:24
488500,4,TIGER 미국S&P500동일가중,12040,2,45,0.38,11997.0,-13.537,12508,150,1090,2026-10-02 02:22:24
0137V0,4,KIWOOM 미국S&P500모멘텀,11645,5,-55,-0.47,11612.0,-16.7934,46641,544,1071,2026-10-02 02:22:24
496090,1,KIWOOM 코리아밸류업,32440,2,65,0.2,32484.0,-15.5132,3817,123,1071,2026-10-02 02:22:24
309230,4,ACE 미국WideMoat동일가중,29030,5,-55,-0.19,29035.0,-9.6391,5298,153,1068,2026-10-02 02:22:24
0132K0,7,PLUS 테슬라위클리커버드콜채권혼합,7925,2,30,0.38,7897.0,-6.1346,54886,434,1066,2026-10-02 02:22:24
0193M0,6,BNK 27-12 특수채(AAA이상)액티브,50390,3,0,0.0,50403.0,0.6793,0,0,1065,2026-10-02 02:22:24
464310,4,TIGER 글로벌AI&로보틱스 INDXX,13482,5,-158,-1.16,13336.0,-18.2009,4943,66,1052,2026-10-02 02:22:24
203780,4,TIGER 미국나스닥바이오,34385,5,-1055,-2.98,34325.0,-4.0477,6620,228,1045,2026-10-02 02:22:24
0138Y0,7,PLUS 금채권혼합,9480,5,-40,-0.42,9519.0,-3.5461,27127,257,1043,2026-10-02 02:22:24
251340,3,KODEX 코스닥150선물인버스,2215,2,10,0.45,2217.0,-1.1211,23844894,52397,1037,2026-10-02 02:22:24
0177X0,2,ACE K휴머노이드로봇산업TOP2+,10015,2,270,2.77,10011.0,-3.3235,304134,3029,1032,2026-10-02 02:22:24
464930,4,TIGER 글로벌혁신블루칩TOP10,20480,5,-255,-1.23,20465.0,-6.6202,1874,38,1024,2026-10-02 02:22:24
0191W0,6,HANARO 중기종합채권(A-이상)액티브,101055,2,125,0.12,101011.0,0.593,45,4,1024,2026-10-02 02:22:24
0122W0,6,RISE 26-11 회사채(AA-이상)액티브,51135,2,20,0.04,51126.0,0.8185,13,0,1020,2026-10-02 02:22:24
465610,4,ACE 미국빅테크TOP7 Plus레버리지(합성),42425,5,-1260,-2.88,42047.0,-2.7927,2318,98,1018,2026-10-02 02:22:24
0135Y0,6,IBK 중기종합채권(AA-이상)액티브,100550,2,145,0.14,100537.0,0.6465,61,6,1013,2026-10-02 02:22:24
372330,4,KODEX 차이나항셍테크,6115,5,-160,-2.55,6120.0,-17.3824,202523,1239,1012,2026-10-02 02:22:24
0080Y0,2,SOL 조선TOP3플러스레버리지,7600,5,-20,-0.26,7590.0,-42.0092,187793,1415,1011,2026-10-02 02:22:24
168580,4,ACE 중국본토CSI300,32350,2,50,0.15,32396.0,-21.4495,148,4,1009,2026-10-02 02:22:24
458030,6,WON 국공채머니마켓액티브,55190,2,5,0.01,55184.0,0.7945,6,0,998,2026-10-02 02:22:24
486240,2,DAISHIN AI반도체&인프라액티브,31970,2,95,0.3,32026.0,-15.0,4846,154,991,2026-10-02 02:22:24
0162L0,4,KODEX 차이나AI반도체TOP10,12235,5,-135,-1.09,12367.0,-38.9376,106129,1308,985,2026-10-02 02:22:24
394660,4,TIGER 글로벌자율주행&전기차SOLACTIVE,14940,5,-105,-0.7,14946.0,-24.6054,904,13,980,2026-10-02 02:22:24
0142D0,4,TIGER 미국AI데이터센터TOP4Plus,10445,5,-170,-1.6,10389.0,-21.3413,77437,808,977,2026-10-02 02:22:24
475050,2,ACE KPOP포커스,6480,5,-145,-2.19,6488.0,-13.6246,343117,2240,966,2026-10-02 02:22:24
0198A0,2,KIWOOM 코스닥150커버드콜액티브,8980,5,-145,-1.59,9017.0,-7.9298,638450,5760,965,2026-10-02 02:22:24
461460,6,PLUS 국고채10년액티브,51375,2,280,0.55,51344.0,-0.7768,154,7,962,2026-10-02 02:22:24
453080,4,KIWOOM 미국나스닥100(H),23750,5,-165,-0.69,23663.0,1.4329,11604,275,950,2026-10-02 02:22:24
0176E0,4,RISE 미국AI전력인프라액티브,9965,2,85,0.86,9910.0,-29.479,5087,50,947,2026-10-02 02:22:24
473440,6,ACE 11월만기자동연장회사채AA-이상액티브,10875,2,10,0.09,10878.0,0.8352,585,6,946,2026-10-02 02:22:24
433970,7,KODEX TDF2030액티브 적격,13900,2,35,0.25,13851.0,-5.4977,3554,49,945,2026-10-02 02:22:24
0035T0,7,PLUS 글로벌휴머노이드로봇액티브,19560,2,160,0.82,19543.0,-18.1435,9358,182,939,2026-10-02 02:22:24
479620,4,SOL 미국AI반도체칩메이커,27175,5,-550,-1.98,27017.0,-16.5413,29903,814,938,2026-10-02 02:22:24
0008T0,2,SOL 화장품TOP3플러스,16435,5,-695,-4.06,16459.0,15.7432,1026276,17099,937,2026-10-02 02:22:24
195980,4,PLUS 신흥국MSCI(합성 H),15195,5,-75,-0.49,15241.0,-0.9086,37717,575,933,2026-10-02 02:22:24
308620,6,KODEX 미국10년국채선물,11015,2,30,0.27,11003.0,-16.1451,18964,209,925,2026-10-02 02:22:24
0197X0,2,SOL SK하이닉스선물단일종목인버스2X,5530,5,-40,-0.72,5524.0,-28.8634,4296366,23703,925,2026-10-02 02:22:24
298770,4,KODEX 한국대만IT프리미어,85105,2,490,0.58,85164.0,-14.859,5321,451,911,2026-10-02 02:22:24
143850,4,TIGER 미국S&P500선물(H),77215,5,-220,-0.28,77189.0,2.2379,350,26,907,2026-10-02 02:22:24
0052T0,6,1Q 중단기회사채(A-이상)액티브,50840,2,35,0.07,50842.0,0.9337,40005,2034,900,2026-10-02 02:22:24
0007N0,1,아이엠에셋 200,112425,2,285,0.25,112379.0,-17.0809,36,4,899,2026-10-02 02:22:24
269540,4,PLUS 미국S&P500(H),29975,5,-85,-0.28,29929.0,0.5519,1304,39,899,2026-10-02 02:22:24
325020,2,KODEX 배당가치,28925,2,10,0.03,28937.0,-3.9016,1886,54,897,2026-10-02 02:22:24
114100,6,RISE 국고채3년,106205,2,225,0.21,106192.0,0.4759,202,21,892,2026-10-02 02:22:24
454320,2,HANARO CAPEX설비투자iSelect,41485,5,-65,-0.16,41656.0,-13.5726,1353,55,892,2026-10-02 02:22:24
444490,4,WON 미국S&P500,19895,5,-45,-0.23,19847.0,-9.835,10599,210,885,2026-10-02 02:22:24
468380,6,KODEX iShares미국하이일드액티브,10430,2,15,0.14,10354.0,-14.1332,12770,133,880,2026-10-02 02:22:24
0066W0,5,SOL 국제금,11965,5,-95,-0.79,12014.0,-7.4799,19606,235,879,2026-10-02 02:22:24
261270,7,KODEX 미국달러선물인버스,8225,5,-15,-0.18,8237.0,14.6036,2251,18,871,2026-10-02 02:22:24
495040,1,PLUS 코리아밸류업,32175,2,290,0.91,32172.0,-16.4386,3712,118,869,2026-10-02 02:22:24
329670,7,KODEX TRF7030,21600,5,-15,-0.07,21604.0,-8.1377,2920,63,864,2026-10-02 02:22:24
211900,2,KODEX 코리아배당성장,27350,2,150,0.55,27372.0,-2.9737,4320,117,862,2026-10-02 02:22:24
453330,4,RISE 미국S&P500(H),18145,5,-50,-0.27,18106.0,2.9375,8794,159,853,2026-10-02 02:22:24
475280,6,ACE 8월만기자동연장회사채AA-이상액티브,10745,2,5,0.05,10751.0,0.656,23,0,851,2026-10-02 02:22:24
485690,4,RISE 미국AI밸류체인TOP3Plus,22955,5,-360,-1.54,22834.0,-7.4884,3167,72,838,2026-10-02 02:22:24
359210,1,KODEX 코스피TR,36395,2,125,0.34,36432.0,-15.8859,1133,41,837,2026-10-02 02:22:24
329660,7,KODEX TRF5050,17615,5,-25,-0.14,17647.0,-5.2715,2027,35,828,2026-10-02 02:22:24
460960,7,ACE 글로벌인컴TOP10,10460,2,5,0.05,10444.0,-14.2893,12851,134,826,2026-10-02 02:22:24
0017Y0,6,1Q 종합채권(AA-이상)액티브,94515,2,410,0.44,94379.0,0.3251,13,1,821,2026-10-02 02:22:24
337140,2,KODEX 코스피대형주,37165,2,160,0.43,37215.0,-17.2067,3967,147,818,2026-10-02 02:22:24
449770,4,KIWOOM 미국S&P500,20765,5,-30,-0.14,20697.0,-9.7689,1571,32,810,2026-10-02 02:22:24
429760,4,PLUS 미국S&P500,19265,5,-45,-0.23,19233.0,-9.879,53414,1032,809,2026-10-02 02:22:24
108450,2,ACE 삼성그룹섹터가중,40235,2,45,0.11,40319.0,-12.3255,707,28,805,2026-10-02 02:22:24
495750,1,HANARO 코리아밸류업,32405,2,145,0.45,32430.0,-15.7393,3894,125,794,2026-10-02 02:22:24
469060,4,RISE 미국반도체NYSE,37750,5,-330,-0.87,37595.0,-19.549,7176,271,793,2026-10-02 02:22:24
0057H0,7,PLUS 미국S&P500미국채혼합50액티브,11475,2,10,0.09,11464.0,-10.9653,68337,786,792,2026-10-02 02:22:24
0018C0,2,PLUS 고배당주위클리고정커버드콜,10345,2,20,0.19,10346.0,2.626,16351,168,791,2026-10-02 02:22:24
0225V0,4,KODEX 미국CPU반도체TOP10,12105,5,-250,-2.02,12032.0,,395479,4795,787,2026-10-02 02:22:24
490480,2,SOL K방산,28385,2,565,2.03,28414.0,-15.1571,8216,231,781,2026-10-02 02:22:24
365040,1,TIGER AI코리아그로스액티브,37075,2,160,0.43,37089.0,-15.1672,15090,556,779,2026-10-02 02:22:24
0049M0,4,ACE 미국배당퀄리티+커버드콜액티브,10980,5,-15,-0.14,10980.0,-10.355,10982,120,774,2026-10-02 02:22:24
138530,2,TIGER LG그룹플러스,11990,2,60,0.5,12006.0,-0.5419,31546,376,770,2026-10-02 02:22:24
0238F0,4,KODEX 미국AI메모리TOP2플러스,11060,2,25,0.23,11088.0,,136331,1508,769,2026-10-02 02:22:24
0098N0,2,PLUS 자사주매입고배당주,12800,2,95,0.75,12811.0,5.9283,17266,220,768,2026-10-02 02:22:24
210780,2,TIGER 코스피고배당,23140,2,190,0.83,23136.0,3.3828,1802,41,764,2026-10-02 02:22:24
364960,2,TIGER BBIG,6335,2,20,0.32,6346.0,-4.3907,4048,25,754,2026-10-02 02:22:24
412770,4,TIGER 글로벌AI플랫폼액티브,13080,2,95,0.73,12813.0,-21.0879,923,12,748,2026-10-02 02:22:24
0240J0,2,RISE 삼성SK그룹,10670,2,35,0.33,10669.0,,234397,2486,747,2026-10-02 02:22:24
0210E0,2,PLUS 200커버드콜액티브,7360,2,35,0.48,7363.0,-18.022,382363,2806,743,2026-10-02 02:22:24
0080X0,7,SOL 미국S&P500미국채혼합50,10610,5,-15,-0.14,10602.0,-13.193,26707,283,743,2026-10-02 02:22:24
292190,1,KODEX KRX300,49380,5,-20,-0.04,49464.0,-16.7639,1681,82,741,2026-10-02 02:22:24
298340,6,PLUS 국채선물3년,56595,2,95,0.17,56575.0,0.6681,192,10,736,2026-10-02 02:22:24
272910,6,ACE 중장기국공채액티브,106275,2,305,0.29,106262.0,0.3598,25,2,731,2026-10-02 02:22:24
157490,2,TIGER 소프트웨어,7860,5,-15,-0.19,7864.0,-4.8914,27393,215,729,2026-10-02 02:22:24
228810,2,TIGER 미디어컨텐츠,2955,5,-45,-1.5,2955.0,-13.0435,173663,514,726,2026-10-02 02:22:24
292770,6,KODEX 국채선물3년인버스,58040,3,0,0.0,57951.0,0.7638,0,0,724,2026-10-02 02:22:24
475350,4,RISE 버크셔포트폴리오TOP10,14007,5,-58,-0.41,13998.0,-9.4039,8604,120,714,2026-10-02 02:22:24
0098Z0,1,FOCUS 200,95140,3,0,0.0,95568.0,-17.2768,0,0,714,2026-10-02 02:22:24
0102A0,4,TIGER 미국AI소프트웨어TOP4Plus,8780,2,30,0.34,8762.0,7.0336,66823,586,707,2026-10-02 02:22:24
0190Y0,4,TIGER 구글밸류체인,8675,5,-50,-0.57,8615.0,-17.9383,18286,158,703,2026-10-02 02:22:24
441540,2,HANARO Fn조선해운,25980,2,25,0.1,26026.0,-10.7002,3275,84,701,2026-10-02 02:22:24
0022T0,4,SOL 국제금커버드콜액티브,12215,5,-105,-0.85,12275.0,-8.0962,17931,219,696,2026-10-02 02:22:24
266420,2,KODEX 헬스케어,16175,5,-295,-1.79,16189.0,-8.6776,17229,280,696,2026-10-02 02:22:24
453950,4,TIGER TSMC파운드리밸류체인,35600,2,700,2.01,35133.0,-23.1617,10020,353,694,2026-10-02 02:22:24
0233A0,7,ACE 삼성전자SK하이닉스플러스채권혼합50,10810,2,5,0.05,10839.0,,18697,201,692,2026-10-02 02:22:24
211560,2,TIGER 배당성장,34325,2,310,0.91,34320.0,-3.2038,2111,72,690,2026-10-02 02:22:24
465330,2,RISE 2차전지TOP10,11615,2,240,2.11,11638.0,4.2621,144964,1685,682,2026-10-02 02:22:24
130730,6,KIWOOM 단기자금,103240,2,30,0.03,103240.0,0.7074,748,77,681,2026-10-02 02:22:24
492500,7,1Q 현대차그룹채권(A+이상)&국고통안,51425,2,70,0.14,51419.0,0.7751,23,1,680,2026-10-02 02:22:24
491700,1,HK 200,112600,2,400,0.36,112840.0,-17.2292,6,0,676,2026-10-02 02:22:24
278620,6,PLUS 단기채권액티브,119260,2,50,0.04,119253.0,0.8118,2,0,673,2026-10-02 02:22:24
433880,7,PLUS TDF2060액티브 적격,18325,2,50,0.27,18234.0,-10.8576,7553,138,669,2026-10-02 02:22:24
418670,4,TIGER 글로벌AI사이버보안,19220,2,20,0.1,19105.0,7.0831,45658,878,669,2026-10-02 02:22:24
0113D0,4,TIME 글로벌탑픽액티브,11705,5,-35,-0.3,11667.0,-10.9257,2632,30,667,2026-10-02 02:22:24
228800,2,TIGER 여행레저,2590,5,-40,-1.52,2590.0,-5.7348,136033,351,666,2026-10-02 02:22:24
0222D0,2,KoAct 고배당액티브,10075,2,85,0.85,10069.0,,45868,460,665,2026-10-02 02:22:24
278240,3,RISE 코스닥150선물레버리지,9135,5,-20,-0.22,9155.0,-25.0512,119799,1112,657,2026-10-02 02:22:24
277640,2,TIGER 코스피대형주,38400,2,195,0.51,38480.0,-17.2345,4001,153,653,2026-10-02 02:22:24
473640,4,HANARO 글로벌금채굴기업,30975,5,-595,-1.88,30880.0,5.409,7639,237,650,2026-10-02 02:22:24
306950,3,KODEX KRX300레버리지,80600,2,685,0.86,80877.0,-40.362,175,14,645,2026-10-02 02:22:24
458750,4,TIGER 미국배당다우존스타겟커버드콜1호,12235,2,85,0.7,12218.0,-10.0203,6701,82,636,2026-10-02 02:22:24
252400,3,RISE 200선물레버리지,105690,2,695,0.66,105695.0,-40.359,322,33,634,2026-10-02 02:22:24
0123S0,2,HANARO 26-12 은행채(AA+이상)액티브,10210,2,5,0.05,10215.0,0.6906,629,6,633,2026-10-02 02:22:24
261240,7,KODEX 미국달러선물,14065,3,0,0.0,14074.0,-12.0388,21199,298,630,2026-10-02 02:22:24
0115E0,2,KODEX 코리아소버린AI,14395,2,95,0.66,14387.0,-4.5951,7182,103,626,2026-10-02 02:22:24
419890,6,KIWOOM 단기채권ESG액티브,107640,2,95,0.09,107629.0,0.7258,11,1,624,2026-10-02 02:22:24
495940,4,RISE 미국AI테크액티브,19745,5,-105,-0.53,19647.0,-15.3858,2483,49,622,2026-10-02 02:22:24
455660,6,ACE 미국하이일드액티브(H),9150,3,0,0.0,9133.0,-2.2321,6727,61,613,2026-10-02 02:22:24
0220B0,1,DS 코스닥액티브,12730,2,130,1.03,12733.0,,803477,10275,611,2026-10-02 02:22:24
440640,6,ACE 단기채권알파액티브,112955,2,30,0.03,112945.0,0.8529,154,17,598,2026-10-02 02:22:24
491220,1,PLUS 200TR,132765,2,725,0.55,132846.0,-17.3045,5180,683,597,2026-10-02 02:22:24
275980,4,TIGER 글로벌4차산업혁신기술(합성 H),23855,2,35,0.15,23871.0,-1.4685,16,0,596,2026-10-02 02:22:24
0040S0,4,HANARO 글로벌피지컬AI액티브,23700,5,-35,-0.15,23627.0,-25.3734,3992,94,593,2026-10-02 02:22:24
480310,4,TIGER 글로벌온디바이스AI,21912,5,-133,-0.6,21811.0,-11.9822,8748,192,592,2026-10-02 02:22:24
453640,4,KODEX 미국S&P500헬스케어,13705,5,-230,-1.65,13678.0,-6.2165,10610,145,589,2026-10-02 02:22:24
0172V0,5,1Q 은액티브,7745,5,-75,-0.96,7761.0,-6.6269,44706,346,581,2026-10-02 02:22:24
140700,2,KODEX 보험,20025,5,-40,-0.2,20027.0,7.3642,36515,730,581,2026-10-02 02:22:24
304780,3,HANARO 200선물레버리지,129000,2,1445,1.13,128719.0,-40.3838,83,10,581,2026-10-02 02:22:24
0181L0,4,SOL 미국우주항공TOP10,6980,5,-165,-2.31,6932.0,-32.0172,29426,205,579,2026-10-02 02:22:24
0226A0,7,PLUS SK하이닉스샌디스크채권혼합50,11390,2,10,0.09,11428.0,,57150,650,570,2026-10-02 02:22:24
442560,7,RISE TDF2040액티브 적격,16400,5,-30,-0.18,16322.0,-8.3386,4122,67,566,2026-10-02 02:22:24
225040,4,TIGER 미국S&P500레버리지(합성 H),67275,5,-510,-0.75,67068.0,4.8572,2168,145,565,2026-10-02 02:22:24
434960,1,DAISHIN K200,112275,3,0,0.0,112686.0,-17.2162,0,0,561,2026-10-02 02:22:24
476750,6,ACE 미국30년국채엔화노출액티브(H),6925,2,5,0.07,6943.0,-18.8822,24392,169,561,2026-10-02 02:22:24
0141S0,2,SOL 조선기자재,8545,2,10,0.12,8541.0,-14.5218,50458,429,560,2026-10-02 02:22:24
385590,2,ACE ESG액티브,24315,2,75,0.31,24369.0,-14.8877,131,3,559,2026-10-02 02:22:24
476260,2,HANARO 반도체핵심공정주도주,15625,5,-245,-1.54,15649.0,-11.0925,403609,6413,555,2026-10-02 02:22:24
0238P0,7,TIGER 미국S&P500미국채혼합50,10140,2,10,0.1,10080.0,,33068,334,553,2026-10-02 02:22:24
455960,6,RISE 미국달러SOFR금리액티브(합성),11975,2,25,0.21,11961.0,-11.4815,214,2,548,2026-10-02 02:22:24
261070,2,TIGER 코스닥150바이오테크,11430,5,-320,-2.72,11433.0,-20.5276,146858,1699,546,2026-10-02 02:22:24
0000D0,7,TIGER 엔비디아미국채커버드콜밸런스(합성),8620,3,0,0.0,8636.0,-13.75,11130,96,543,2026-10-02 02:22:24
0166S0,2,PLUS K제조업핵심기업액티브,11765,2,35,0.3,11774.0,-15.6419,25387,298,535,2026-10-02 02:22:24
401470,2,KODEX 메타버스액티브,9290,3,0,0.0,9297.0,-11.1005,679,6,534,2026-10-02 02:22:24
0041D0,4,KODEX 미국AI소프트웨어TOP10,14420,2,20,0.14,14416.0,11.7662,54883,794,534,2026-10-02 02:22:24
150460,2,TIGER 중국소비테마,7215,5,-50,-0.69,7218.0,-1.0218,25825,186,530,2026-10-02 02:22:24
0194T0,2,ACE SK하이닉스단일종목레버리지,9785,2,65,0.67,9847.0,-63.8729,7424,72,528,2026-10-02 02:22:24
479730,4,TIGER 인도빌리언컨슈머,8945,5,-120,-1.32,8945.0,-15.628,4036,36,528,2026-10-02 02:22:24
275300,2,KODEX 우량주,30965,2,15,0.05,31009.0,-17.6851,7989,246,526,2026-10-02 02:22:24
0111J0,2,HANARO 증권고배당TOP3플러스,11935,5,-55,-0.46,11942.0,-19.9657,10757,128,525,2026-10-02 02:22:24
0046Y0,4,ACE 미국배당퀄리티,12195,2,35,0.29,12169.0,-10.8991,2364,28,524,2026-10-02 02:22:24
253150,3,PLUS 200선물레버리지,209730,2,175,0.08,211193.0,-40.5864,36,7,524,2026-10-02 02:22:24
101280,4,KODEX 일본TOPIX100,30215,5,-115,-0.38,30308.0,-6.3195,1459,44,520,2026-10-02 02:22:24
287180,4,PLUS 미국나스닥테크,57570,2,55,0.1,57387.0,-12.5048,3687,212,518,2026-10-02 02:22:24
292560,7,TIGER 일본엔선물,7955,2,10,0.13,7951.0,-9.9207,15719,124,517,2026-10-02 02:22:24
114470,6,KIWOOM 국고채3년,107625,2,200,0.19,107583.0,0.4506,104,11,517,2026-10-02 02:22:24
152500,3,ACE 레버리지,46900,2,425,0.91,46814.0,-40.5006,6821,316,516,2026-10-02 02:22:24
0118Z0,4,ACE 미국AI테크핵심산업액티브,8635,5,-65,-0.75,8591.0,-15.3697,8036,69,514,2026-10-02 02:22:24
445150,2,KODEX 친환경조선해운액티브,27695,2,430,1.58,27713.0,-12.5668,2794,76,512,2026-10-02 02:22:24
0113P0,6,HK 머니마켓액티브,102700,2,10,0.01,102710.0,0.8841,2,0,511,2026-10-02 02:22:24
473490,4,KIWOOM 글로벌AI반도체,33945,2,320,0.95,33808.0,-12.3778,14839,503,509,2026-10-02 02:22:24
336160,6,RISE 금융채액티브,100010,2,180,0.18,99991.0,0.5302,3,0,509,2026-10-02 02:22:24
0139P0,2,ACE 고배당주,13200,2,80,0.61,13208.0,1.493,5980,78,502,2026-10-02 02:22:24
0118S0,4,SOL 미국넥스트테크TOP10액티브,10890,5,-90,-0.82,10888.0,-27.5965,13146,143,501,2026-10-02 02:22:24
0185L0,4,TIME 글로벌휴머노이드로봇산업액티브,7155,3,0,0.0,7151.0,-31.202,6171,44,501,2026-10-02 02:22:24
204480,4,TIGER 차이나CSI300레버리지(합성),21030,2,30,0.14,21230.0,-42.2681,7160,149,501,2026-10-02 02:22:24
316670,1,KIWOOM 코스닥150,7620,3,0,0.0,7631.0,-8.1928,378054,2897,498,2026-10-02 02:22:24
475260,6,ACE 2월만기자동연장회사채AA-이상액티브,10780,2,10,0.09,10774.0,0.8426,2786,30,497,2026-10-02 02:22:24
0000Z0,2,RISE 바이오TOP10액티브,8470,5,-210,-2.42,8481.0,-23.4906,90422,778,495,2026-10-02 02:22:24
140950,1,파워 코스피100,87850,2,335,0.38,87844.0,-17.7026,4732,414,492,2026-10-02 02:22:24
295020,6,RISE 국채선물10년인버스,60860,5,-200,-0.33,60841.0,1.7327,7,0,492,2026-10-02 02:22:24
218420,4,KODEX 미국S&P500에너지(합성),19990,2,505,2.59,19920.0,1.4843,45387,908,491,2026-10-02 02:22:24
461340,4,HANARO 글로벌생성형AI액티브,44557,5,-403,-0.9,44426.0,-11.9209,1576,70,490,2026-10-02 02:22:24
261220,5,KODEX WTI원유선물(H),27100,2,990,3.79,27135.0,34.6223,30252,820,488,2026-10-02 02:22:24
440910,4,WON 미국우주항공방산,21640,2,70,0.32,21662.0,-27.9078,1522,33,487,2026-10-02 02:22:24
442260,1,마이티 다이나믹퀀트액티브,39095,5,-90,-0.23,39143.0,-16.8136,1902,74,485,2026-10-02 02:22:24
0178H0,7,IBK 미국AI TOP10국채혼합50,10270,2,60,0.59,10197.0,1.1949,4864,49,483,2026-10-02 02:22:24
0020H0,4,KoAct 글로벌양자컴퓨팅액티브,22855,5,-195,-0.85,22702.0,-25.0894,6547,149,480,2026-10-02 02:22:24
0141T0,6,SOL 중기종합채권(AA-이상)액티브,50380,2,90,0.18,50364.0,0.5196,1,0,480,2026-10-02 02:22:24
442090,2,에셋플러스 코리아대장장이액티브,31910,2,425,1.35,31825.0,-10.82,93,2,479,2026-10-02 02:22:24
305050,1,ACE 코스피,72875,2,285,0.39,72926.0,-15.9109,854,62,474,2026-10-02 02:22:24
0207G0,2,SOL 우주항공밸류체인,8070,2,420,5.49,8070.0,-2.6718,390634,3085,472,2026-10-02 02:22:24
447430,2,ACE 주주환원가치주액티브,16530,2,75,0.46,16573.0,3.6571,3866,63,471,2026-10-02 02:22:24
360140,2,KODEX 200롱코스닥150숏선물,21215,2,85,0.4,21229.0,-12.2691,8574,180,467,2026-10-02 02:22:24
0086B0,2,TIGER 리츠부동산인프라TOP10액티브,9470,2,35,0.37,9503.0,0.4693,14756,140,464,2026-10-02 02:22:24
473590,4,ACE 미국주식베스트셀러,19715,5,-360,-1.79,19638.0,-15.0984,15473,305,463,2026-10-02 02:22:24
123310,3,TIGER 인버스,1090,5,-3,-0.27,1089.0,4.9951,640911,699,461,2026-10-02 02:22:24
487130,2,KoAct AI인프라액티브,31750,5,-55,-0.17,31769.0,-14.0638,10787,343,460,2026-10-02 02:22:24
196030,4,ACE 일본TOPIX레버리지(H),91500,5,-1485,-1.6,91049.0,6.4632,23,2,458,2026-10-02 02:22:24
371470,4,TIGER 차이나바이오테크SOLACTIVE,8645,5,-160,-1.82,8733.0,6.4048,5542,48,456,2026-10-02 02:22:24
481430,6,RISE 국고채10년액티브,98155,2,550,0.56,98120.0,-0.9087,313,30,456,2026-10-02 02:22:24
375770,2,KODEX 탄소효율그린뉴딜,25325,2,100,0.4,25358.0,-14.9648,438,11,456,2026-10-02 02:22:24
238720,4,ACE 일본Nikkei225(H),49885,5,-400,-0.8,49977.0,-1.7872,523,26,449,2026-10-02 02:22:24
276990,4,KODEX 글로벌로봇(합성),25355,2,100,0.4,25315.0,-16.1103,2879,72,449,2026-10-02 02:22:24
0186S0,7,1Q 코스닥150채권혼합50액티브,8770,5,-10,-0.11,8756.0,-3.4167,244391,2147,447,2026-10-02 02:22:24
200030,4,KODEX 미국S&P500산업재(합성),39565,2,215,0.55,39569.0,-20.4408,4588,182,446,2026-10-02 02:22:24
453650,4,KODEX 미국S&P500금융,17825,5,-65,-0.36,17838.0,-11.3925,25636,457,446,2026-10-02 02:22:24
0194M0,2,ACE 삼성전자단일종목레버리지,12260,5,-25,-0.2,12375.0,-38.6057,23559,288,435,2026-10-02 02:22:24
440650,6,ACE 미국달러단기채권액티브,11425,2,10,0.09,11422.0,-11.9893,12848,147,434,2026-10-02 02:22:24
0089C0,4,KODEX 미국S&P500변동성확대시커버드콜,11245,5,-10,-0.09,11227.0,-8.8874,1814,20,427,2026-10-02 02:22:24
0197W0,2,SOL SK하이닉스단일종목레버리지,9625,2,80,0.84,9645.0,-64.1772,51415,494,426,2026-10-02 02:22:24
256750,4,KODEX 차이나심천ChiNext(합성),13832,5,-53,-0.38,13904.0,-35.253,16763,231,423,2026-10-02 02:22:24
0112X0,1,마이티 200TR,42135,2,55,0.13,42079.0,-16.3752,3471,145,421,2026-10-02 02:22:24
100910,1,KIWOOM KRX100,17465,2,25,0.14,17486.0,-18.3228,10792,187,419,2026-10-02 02:22:24
0191M0,6,마이티 5월만기자동연장특수채(AAA)액티브,100875,3,0,0.0,100912.0,0.7038,0,0,418,2026-10-02 02:22:24
472840,1,IBK 200,111135,2,410,0.37,111308.0,-17.1216,324,35,417,2026-10-02 02:22:24
0132H0,4,KODEX 미국원자력SMR,6940,5,-110,-1.56,6889.0,-30.9501,13385,92,413,2026-10-02 02:22:24
448570,1,FOCUS AI코리아액티브,30395,2,315,1.05,30518.0,-9.9671,100,3,410,2026-10-02 02:22:24
401170,2,RISE 메타버스,10520,5,-55,-0.52,10534.0,-16.3702,111,1,410,2026-10-02 02:22:24
491830,4,TIGER 미국AI반도체팹리스,23430,5,-270,-1.14,23261.0,-11.337,9825,230,410,2026-10-02 02:22:24
183700,7,RISE 200채권혼합50,97560,2,390,0.4,97396.0,-8.6276,1425,138,410,2026-10-02 02:22:24
472830,6,RISE 미국30년국채커버드콜(합성),7310,2,10,0.14,7322.0,-20.858,7933,58,406,2026-10-02 02:22:24
469050,4,RISE 미국반도체NYSE(H),34780,5,-395,-1.12,34648.0,-7.3064,23665,821,400,2026-10-02 02:22:24
275280,2,KODEX 모멘텀주,44215,2,115,0.26,44221.0,-18.182,2074,91,398,2026-10-02 02:22:24
450910,1,SOL 코스닥150,14960,5,-10,-0.07,14968.0,-7.9902,14189,213,392,2026-10-02 02:22:24
139280,2,TIGER 경기방어,12155,5,-65,-0.53,12171.0,0.7433,1587,19,389,2026-10-02 02:22:24
322410,2,HANARO K고배당,22225,2,155,0.7,22283.0,2.0246,4462,98,389,2026-10-02 02:22:24
0189B0,5,TIGER 은액티브,7475,5,-60,-0.8,7432.0,-6.4557,11869,88,389,2026-10-02 02:22:24
139320,5,TIGER 금은선물(H),17240,5,-140,-0.81,17282.0,4.2278,2238,38,388,2026-10-02 02:22:24
494840,4,TIGER 미국방산TOP10,11445,2,80,0.7,11427.0,-16.9899,8954,102,383,2026-10-02 02:22:24
0192L0,2,RISE SK하이닉스단일종목레버리지,10000,2,95,0.96,10010.0,-63.3081,8467,84,383,2026-10-02 02:22:24
428510,4,KODEX 차이나AI테크액티브,22480,2,240,1.08,22440.0,-36.3522,2629,58,382,2026-10-02 02:22:24
365000,2,TIGER 인터넷TOP10,3765,2,95,2.59,3771.0,-7.4402,35853,134,380,2026-10-02 02:22:24
0234N0,2,KIWOOM 삼성SK그룹TOP4+,10635,5,-25,-0.23,10651.0,,132818,1406,378,2026-10-02 02:22:24
0100K0,2,KODEX 방산TOP10레버리지,6250,2,350,5.93,6282.0,-35.1649,338581,2065,375,2026-10-02 02:22:24
449690,4,TIGER 한중반도체(합성),49600,2,140,0.28,49645.0,-29.8582,16,0,372,2026-10-02 02:22:24
0007G0,4,PLUS 글로벌원자력밸류체인,12140,2,45,0.37,12074.0,-23.3038,2532,30,370,2026-10-02 02:22:24
0204S0,1,TIGER 코스닥액티브,8355,2,55,0.66,8353.0,-5.0344,119778,1002,370,2026-10-02 02:22:24
147970,2,TIGER 모멘텀,80345,2,835,1.05,80515.0,-19.0738,1260,100,370,2026-10-02 02:22:24
276650,4,RISE 글로벌테크놀로지(합성 H),48745,2,140,0.29,48322.0,3.2611,73,3,366,2026-10-02 02:22:24
352540,7,KODEX 일본부동산리츠(H),10650,5,-75,-0.7,10600.0,-3.4901,3672,39,362,2026-10-02 02:22:24
494410,4,PLUS 미국S&P500성장주,14420,5,-15,-0.1,14331.0,-8.4551,630,9,361,2026-10-02 02:22:24
464470,6,PLUS 미국채30년액티브,44565,5,-5,-0.01,44621.0,-20.0053,6055,270,358,2026-10-02 02:22:24
195930,4,TIGER 유로스탁스50(합성 H),22375,5,-560,-2.44,22734.0,-1.3973,14864,333,358,2026-10-02 02:22:24
0085N0,6,ACE 미국10년국채액티브(H),9410,2,5,0.05,9418.0,-4.2584,24696,232,358,2026-10-02 02:22:24
400970,2,TIGER Fn메타버스,7145,5,-5,-0.07,7152.0,-14.5759,1935,13,357,2026-10-02 02:22:24
385520,2,KODEX 자율주행액티브,16505,2,225,1.38,16516.0,-10.5495,8644,142,355,2026-10-02 02:22:24
276970,4,KODEX 미국S&P500배당귀족커버드콜(합성 H),7485,2,30,0.4,7412.0,-0.3502,2721,20,352,2026-10-02 02:22:24
241390,7,RISE V&S셀렉트밸류채권혼합,15965,2,180,1.14,15848.0,-2.2601,7597,120,351,2026-10-02 02:22:24
104530,2,KIWOOM 코리아고배당,17105,2,30,0.18,17099.0,-0.6313,2666,45,351,2026-10-02 02:22:24
407830,4,에셋플러스 글로벌플랫폼액티브,14570,5,-75,-0.51,14466.0,-14.9536,109,1,350,2026-10-02 02:22:24
0023B0,4,PLUS 미국양자컴퓨팅TOP10,16185,5,-200,-1.22,16077.0,-19.7797,5884,95,348,2026-10-02 02:22:24
0184E0,7,1Q 200채권혼합50액티브,11185,5,-10,-0.09,11205.0,-6.891,104828,1171,347,2026-10-02 02:22:24
117460,2,KODEX 에너지화학,14460,2,400,2.84,14462.0,4.39,47499,682,344,2026-10-02 02:22:24
380340,2,ACE 코리아AI테크핵심산업,28615,5,-10,-0.03,28676.0,-16.3012,2851,81,343,2026-10-02 02:22:24
266360,2,KODEX K콘텐츠,9230,5,-15,-0.16,9232.0,-9.7609,14199,130,342,2026-10-02 02:22:24
261250,7,KODEX 미국달러선물레버리지,15445,2,15,0.1,15457.0,-22.7535,28833,447,337,2026-10-02 02:22:24
465660,4,TIGER 일본반도체FACTSET,26910,5,-190,-0.7,26868.0,-23.9902,5446,146,336,2026-10-02 02:22:24
449780,4,KIWOOM 미국S&P500(H),18575,5,-110,-0.59,18598.0,1.9671,9335,173,334,2026-10-02 02:22:24
105780,2,RISE 5대그룹주,16605,2,70,0.42,16622.0,-20.0822,7479,123,332,2026-10-02 02:22:24
491090,4,KODEX 미국테크TOP3플러스,18340,5,-195,-1.05,18269.0,-1.9939,3508,64,330,2026-10-02 02:22:24
459560,4,KODEX 테슬라밸류체인FactSet,22000,5,-110,-0.5,21975.0,-19.5986,1227,27,330,2026-10-02 02:22:24
0154F0,2,WON 초대형IB&금융지주,11995,2,95,0.8,11995.0,-3.2521,23507,280,330,2026-10-02 02:22:24
475070,4,KoAct 글로벌친환경전력인프라액티브,29930,5,-85,-0.28,29875.0,-26.9353,1218,36,329,2026-10-02 02:22:24
0166N0,1,PLUS 코스닥150액티브,9405,2,175,1.9,9396.0,-6.2945,73303,690,329,2026-10-02 02:22:24
446690,4,KODEX 아시아AI반도체exChina액티브,65670,2,290,0.44,65838.0,-21.5275,10179,668,328,2026-10-02 02:22:24
474800,4,KIWOOM 미국원유에너지기업,15565,2,420,2.77,15503.0,0.3971,28335,439,327,2026-10-02 02:22:24
452250,6,ACE 미국30년국채선물레버리지(합성 H),4215,2,20,0.48,4194.0,-18.4646,779,3,327,2026-10-02 02:22:24
0089B0,7,PLUS 미국나스닥100미국채혼합50,11240,5,-45,-0.4,11226.0,-11.1496,7319,82,326,2026-10-02 02:22:24
138910,5,KODEX 구리선물(H),9865,5,-115,-1.15,9865.0,6.1137,11614,114,326,2026-10-02 02:22:24
261060,2,TIGER 코스닥150IT,29580,2,270,0.92,29590.0,-0.2213,43740,1301,325,2026-10-02 02:22:24
0138T0,4,RISE 미국S&P500데일리고정커버드콜,9295,5,-20,-0.21,9280.0,-9.9183,15830,147,325,2026-10-02 02:22:24
498860,2,RISE 코리아금융고배당,16250,5,-30,-0.18,16292.0,-6.107,5801,94,325,2026-10-02 02:22:24
122260,6,KIWOOM 통안채1년,104320,2,65,0.06,104315.0,0.5739,2703,281,323,2026-10-02 02:22:24
0192T0,2,SOL 코스닥TOP10,7485,2,45,0.6,7489.0,-9.3236,214636,1618,322,2026-10-02 02:22:24
156080,1,KODEX MSCI Korea,53395,2,240,0.45,53447.0,-17.2737,7355,392,320,2026-10-02 02:22:24
217770,5,TIGER 원유선물인버스(H),1092,5,-38,-3.36,1088.0,-30.5471,287738,313,319,2026-10-02 02:22:24
0150K0,2,KoAct 수소전력ESS인프라액티브,11395,2,180,1.6,11400.0,-2.1806,20708,235,319,2026-10-02 02:22:24
494340,4,ACE 글로벌AI맞춤형반도체,21230,5,-200,-0.93,21085.0,-21.7598,5827,123,318,2026-10-02 02:22:24
275290,2,KODEX 가치주,35370,2,30,0.08,35401.0,-13.7683,3609,127,318,2026-10-02 02:22:24
465350,3,RISE 2차전지TOP10인버스(합성),15700,5,-345,-2.15,15809.0,-12.4421,42455,666,314,2026-10-02 02:22:24
469790,2,KIWOOM 코리아테크TOP10,44805,2,15,0.03,44919.0,-17.4743,3798,169,314,2026-10-02 02:22:24
464920,4,PLUS 일본반도체소부장,26115,2,180,0.69,25681.0,-18.7628,34594,908,313,2026-10-02 02:22:24
322400,2,HANARO e커머스,9450,5,-125,-1.31,9474.0,-9.755,509,4,312,2026-10-02 02:22:24
261140,2,TIGER 우선주,24255,5,-200,-0.82,24256.0,-10.322,4621,112,310,2026-10-02 02:22:24
468630,6,KODEX iShares미국투자등급회사채액티브,10300,2,30,0.29,10261.0,-16.8297,9450,97,310,2026-10-02 02:22:24
153270,1,KIWOOM 코스피100,86095,2,450,0.53,86095.0,-18.0306,1626,139,310,2026-10-02 02:22:24
395170,2,KODEX Top10동일가중,15475,3,0,0.0,15484.0,-23.362,937,14,310,2026-10-02 02:22:24
0192M0,2,RISE 삼성전자단일종목레버리지,12490,2,60,0.48,12520.0,-37.85,15729,193,309,2026-10-02 02:22:24
0083S0,4,1Q 미국메디컬AI,11815,5,-415,-3.39,11791.0,6.2415,16175,191,307,2026-10-02 02:22:24
174360,4,RISE 중국본토대형주CSI100,21930,2,115,0.53,21718.0,-22.0754,322,7,307,2026-10-02 02:22:24
227540,2,TIGER 200 헬스케어,18450,5,-240,-1.28,18481.0,1.4933,9786,180,306,2026-10-02 02:22:24
0155N0,2,HANARO K휴머노이드테마TOP10,7845,2,115,1.49,7848.0,-5.4435,8793,68,306,2026-10-02 02:22:24
387270,4,TIGER 글로벌이노베이션액티브,26375,5,-10,-0.04,26268.0,-15.514,282,7,306,2026-10-02 02:22:24
099140,4,KODEX 차이나H,19990,5,-410,-2.01,19952.0,-4.9583,10362,208,306,2026-10-02 02:22:24
0218J0,7,RISE 미국우주&로봇TOP2미국채혼합50,8990,5,-70,-0.77,8952.0,,35743,322,306,2026-10-02 02:22:24
459750,4,RISE 글로벌주식분산액티브,17380,5,-55,-0.32,17365.0,-11.5751,149,2,304,2026-10-02 02:22:24
252710,3,TIGER 200선물인버스2X,75,5,-1,-1.32,76.0,-3.7975,83911722,6396,303,2026-10-02 02:22:24
139270,2,TIGER 200 금융,16460,2,70,0.43,16460.0,0.0498,5463,89,303,2026-10-02 02:22:24
253250,3,KIWOOM 200선물레버리지,104085,2,740,0.72,104030.0,-40.109,401,41,302,2026-10-02 02:22:24
117680,2,KODEX 철강,12305,2,150,1.23,12303.0,5.9489,14937,183,301,2026-10-02 02:22:24
450190,4,KODEX 한중반도체(합성),50225,2,85,0.17,50069.0,-29.4102,12,0,301,2026-10-02 02:22:24
426150,6,WON 대한민국국고채액티브,51425,2,110,0.21,51458.0,-0.2527,11,0,299,2026-10-02 02:22:24
459790,4,KIWOOM 미국성장기업30액티브,20570,5,-80,-0.39,20415.0,-18.1693,10,0,298,2026-10-02 02:22:24
475270,6,ACE 5월만기자동연장회사채AA-이상액티브,10750,5,-5,-0.05,10754.0,0.8911,1,0,296,2026-10-02 02:22:24
395290,2,HANARO Fn K-POP&미디어,4655,5,-95,-2.0,4658.0,-13.9493,85945,402,296,2026-10-02 02:22:24
248270,4,TIGER S&P글로벌헬스케어(합성),25355,5,-415,-1.61,25318.0,-9.1967,1178,29,294,2026-10-02 02:22:24
476690,4,TIGER 글로벌비만치료제TOP2Plus,9785,5,-95,-0.96,9758.0,-17.2999,8694,84,294,2026-10-02 02:22:24
145850,2,TREX 펀더멘탈 200,116085,5,-770,-0.66,116827.0,-8.0985,14,1,290,2026-10-02 02:22:24
192720,2,파워 고배당저변동성,56550,2,155,0.27,56897.0,1.2045,2157,121,288,2026-10-02 02:22:24
245350,4,TIGER 유로스탁스배당30,17827,5,-448,-2.45,17837.0,-9.1896,5538,99,285,2026-10-02 02:22:24
0223R0,4,TIGER 미국테크NYSE100액티브,9880,5,-20,-0.2,9848.0,,7634,75,285,2026-10-02 02:22:24
256440,4,ACE MSCI인도네시아(합성),4615,5,-70,-1.49,4659.0,-11.7703,64074,295,282,2026-10-02 02:22:24
496770,4,PLUS 글로벌방산,15595,5,-120,-0.76,15532.0,-12.5,1665,25,281,2026-10-02 02:22:24
289480,3,TIGER 200커버드콜,13365,2,40,0.3,13386.0,7.6702,10175,135,281,2026-10-02 02:22:24
352560,7,KODEX 미국부동산리츠(H),11400,5,-110,-0.96,11331.0,-5.5422,1119,12,279,2026-10-02 02:22:24
0224X0,7,1Q 엔비디아알파벳미국채혼합50,9745,5,-80,-0.81,9673.0,,16421,160,278,2026-10-02 02:22:24
415920,5,PLUS 글로벌희토류&전략자원생산기업,5847,5,-83,-1.4,5822.0,-36.982,17319,101,278,2026-10-02 02:22:24
223190,2,KODEX 200가치저변동,27650,2,130,0.47,27646.0,-7.3064,1427,39,277,2026-10-02 02:22:24
0155M0,4,ACE 미국SMR원자력TOP10,6045,5,-105,-1.71,5998.0,-27.262,16814,101,275,2026-10-02 02:22:24
0049K0,7,ACE 미국배당퀄리티채권혼합50,10960,2,35,0.32,10919.0,-5.6359,2821,30,274,2026-10-02 02:22:24
489290,4,WON 미국빌리어네어,14755,5,-80,-0.54,14629.0,-7.2233,1098,16,273,2026-10-02 02:22:24
0107F0,4,KIWOOM 미국고배당&AI테크,10830,2,35,0.32,10833.0,-14.0923,2930,31,271,2026-10-02 02:22:24
0239Z0,2,PLUS AI반도체소부장액티브,12540,5,-85,-0.67,12552.0,,318461,4007,270,2026-10-02 02:22:24
481340,6,RISE 미국30년국채액티브,7880,2,10,0.13,7892.0,-21.2627,30786,243,268,2026-10-02 02:22:24
415340,4,KODEX 차이나과창판STAR50(합성),12920,5,-50,-0.39,13026.0,-36.67,10095,130,267,2026-10-02 02:22:24
167860,6,KIWOOM 국고채10년레버리지,91960,2,745,0.82,91872.0,-1.893,35,3,267,2026-10-02 02:22:24
0013R0,7,RISE 테슬라미국채타겟커버드콜혼합(합성),7370,2,30,0.41,7340.0,-21.5627,8204,60,265,2026-10-02 02:22:24
0137W0,4,KIWOOM 미국S&P500&GOLD,10195,2,5,0.05,10180.0,-9.6567,952,9,265,2026-10-02 02:22:24
476070,4,KODEX 글로벌비만치료제TOP2 Plus,9980,5,-275,-2.68,10016.0,-17.1939,9052,90,264,2026-10-02 02:22:24
437350,6,RISE 미국단기투자등급회사채액티브,11870,2,30,0.25,11862.0,-13.6082,5027,59,261,2026-10-02 02:22:24
0152E0,2,SOL 배당성향탑픽액티브,10625,5,-20,-0.19,10628.0,-2.3062,2875,30,260,2026-10-02 02:22:24
277540,4,ACE 아시아TOP50,32515,5,-210,-0.64,32357.0,-11.3384,400,13,260,2026-10-02 02:22:24
0047R0,4,RISE 팔란티어고정테크100,15670,5,-40,-0.25,15624.0,3.5919,665,10,259,2026-10-02 02:22:24
271060,5,KODEX 3대농산물선물(H),8595,2,25,0.29,8621.0,11.0103,3911,33,258,2026-10-02 02:22:24
139250,2,TIGER 200 에너지화학,18145,2,420,2.37,18135.0,-3.3397,20803,374,258,2026-10-02 02:22:24
440340,7,TIGER 글로벌멀티에셋TIF액티브,11450,2,25,0.22,11427.0,-13.3944,1770,20,258,2026-10-02 02:22:24
483570,4,KCGI 미국S&P500 TOP10,16005,5,-145,-0.9,15889.0,-2.4759,517,8,256,2026-10-02 02:22:24
496120,1,ACE 코리아밸류업,33715,2,145,0.43,33742.0,-16.3806,3924,131,253,2026-10-02 02:22:24
292500,1,SOL KRX300,50560,2,715,1.43,50627.0,-17.8469,2616,131,253,2026-10-02 02:22:24
475380,7,RISE 글로벌리얼티인컴,9505,5,-70,-0.73,9473.0,-15.5007,4837,46,252,2026-10-02 02:22:24
493420,4,SOL 미국배당다우존스2호,11985,2,40,0.33,11958.0,-9.2067,2922,35,252,2026-10-02 02:22:24
0203S0,7,WON 삼성전자현대차채권혼합50,8530,2,5,0.06,8537.0,-9.0667,8295,70,252,2026-10-02 02:22:24
367740,2,HANARO Fn5G산업,45535,2,335,0.74,45498.0,-7.6515,352,16,250,2026-10-02 02:22:24
292160,1,TIGER KRX300,49640,5,-145,-0.29,49689.0,-16.376,1342,66,248,2026-10-02 02:22:24
0209Z0,2,ACE 코리아AI전력TOP10,7190,2,20,0.28,7194.0,-21.9805,91518,652,248,2026-10-02 02:22:24
245360,4,TIGER 차이나HSCEI,11520,5,-310,-2.62,11525.0,-4.4738,3732,43,248,2026-10-02 02:22:24
159800,1,마이티 코스피100,88425,2,290,0.33,88671.0,-17.7424,1629,143,248,2026-10-02 02:22:24
0238C0,7,IBK 한미대표기업TOP2+채권혼합50액티브,10200,2,20,0.2,10239.0,,1131,11,245,2026-10-02 02:22:24
0115C0,4,RISE 미국고배당다우존스TOP10,10415,5,-85,-0.81,10447.0,-12.4164,44055,459,245,2026-10-02 02:22:24
0093D0,7,KoAct 팔란티어밸류체인액티브,18735,2,140,0.75,18729.0,-14.4271,2171,40,244,2026-10-02 02:22:24
0097L0,7,KIWOOM 한국고배당&미국AI테크,12435,2,10,0.08,12436.0,-3.18,11348,141,242,2026-10-02 02:22:24
368190,2,HANARO Fn K-뉴딜디지털플러스,7550,5,-10,-0.13,7604.0,-1.2411,1582,11,242,2026-10-02 02:22:24
0198D0,2,1Q SK하이닉스선물단일종목레버리지,10185,2,85,0.84,10219.0,-64.1208,5174,52,241,2026-10-02 02:22:24
0164G0,4,RISE 차이나AI반도체TOP4Plus,11485,2,70,0.61,11487.0,-40.5933,5779,65,241,2026-10-02 02:22:24
364690,1,KODEX 혁신기술테마액티브,39905,2,105,0.26,39977.0,-18.809,3520,139,239,2026-10-02 02:22:24
0103T0,2,1Q K소버린AI,8240,2,40,0.49,8237.0,0.861,84728,697,239,2026-10-02 02:22:24
185680,4,KODEX 미국S&P바이오(합성),44880,5,-920,-2.01,44808.0,-12.3445,361,16,239,2026-10-02 02:22:24
0177A0,2,WON 두산그룹포커스,9250,5,-90,-0.96,9257.0,-11.8868,25529,236,236,2026-10-02 02:22:24
442550,7,RISE TDF2030액티브 적격,14720,2,10,0.07,14661.0,-5.957,2659,39,236,2026-10-02 02:22:24
414270,4,ACE 글로벌자율주행액티브,11195,5,-65,-0.58,11143.0,-19.4852,1565,17,235,2026-10-02 02:22:24
195970,4,PLUS 선진국MSCI(합성 H),15895,5,-170,-1.06,15812.0,-0.1244,26164,416,232,2026-10-02 02:22:24
138230,7,KIWOOM 미국달러선물,15965,2,25,0.16,15965.0,-12.0552,306,4,231,2026-10-02 02:22:24
0127R0,4,RISE 미국AI클라우드인프라,17000,5,-45,-0.26,16939.0,-21.963,5837,99,230,2026-10-02 02:22:24
479850,2,HANARO K-뷰티,16900,5,-430,-2.48,16920.0,5.3495,27153,460,228,2026-10-02 02:22:24
0223A0,2,RISE 코스닥커버드콜액티브,11975,2,75,0.63,11960.0,,212420,2568,228,2026-10-02 02:22:24
300950,2,KODEX 게임산업,5415,2,10,0.19,5423.0,-10.216,19328,104,227,2026-10-02 02:22:24
0047P0,4,RISE 테슬라고정테크100,14565,5,-140,-0.95,14524.0,-11.3286,417,6,226,2026-10-02 02:22:24
376410,2,TIGER 탄소효율그린뉴딜,25025,2,85,0.34,25101.0,-14.9377,320,8,225,2026-10-02 02:22:24
375760,2,HANARO 탄소효율그린뉴딜,24975,2,175,0.71,25003.0,-14.8837,20,0,225,2026-10-02 02:22:24
469160,4,ACE 일본반도체,26305,2,75,0.29,26266.0,-24.4528,5104,133,224,2026-10-02 02:22:24
0239Y0,2,PLUS 코리아HBM반도체,11145,5,-70,-0.62,11157.0,,198394,2218,223,2026-10-02 02:22:24
108590,1,TREX 200,111450,2,325,0.29,111438.0,-17.1817,14,1,223,2026-10-02 02:22:24
419430,4,KODEX 차이나2차전지MSCI(합성),7940,5,-50,-0.63,7942.0,-30.9123,1177,9,222,2026-10-02 02:22:24
280930,4,KODEX 미국러셀2000(H),15875,2,10,0.06,15848.0,-7.1408,1677,26,222,2026-10-02 02:22:24
388280,2,RISE K엔터&여행레저,6800,5,-75,-1.09,6800.0,-18.4461,3177,21,222,2026-10-02 02:22:24
0186L0,4,KoAct 미국로봇피지컬AI액티브,9610,5,-5,-0.05,9556.0,-24.2317,3970,38,221,2026-10-02 02:22:24
464600,2,SOL 자동차소부장Fn,24550,2,275,1.13,24544.0,-11.5182,3166,77,221,2026-10-02 02:22:24
433220,4,에셋플러스 글로벌대장장이액티브,29775,2,260,0.88,29603.0,-19.2697,408,12,220,2026-10-02 02:22:24
239660,6,PLUS 우량회사채50,121945,2,95,0.08,121936.0,0.7357,1283,156,220,2026-10-02 02:22:24
0206G0,7,1Q 현대차기아채권혼합50,7680,5,-25,-0.32,7682.0,-11.8422,113154,868,219,2026-10-02 02:22:24
261120,7,TIGER 미국달러선물인버스2X,5460,5,-20,-0.36,5472.0,30.321,2216,12,218,2026-10-02 02:22:24
411540,1,SOL 200 Top10,16765,5,-135,-0.8,16802.0,-16.3872,1392,23,218,2026-10-02 02:22:24
304770,1,HANARO 코스닥150,15255,5,-50,-0.33,15297.0,-7.7179,36267,555,217,2026-10-02 02:22:24
0026E0,4,KODEX 미국S&P500버퍼3월액티브,11640,3,0,0.0,11626.0,-9.2044,12,0,215,2026-10-02 02:22:24
225130,4,ACE 골드선물 레버리지(합성 H),43000,5,-825,-1.88,43246.0,7.204,608,26,215,2026-10-02 02:22:24
461450,1,KODEX 코스닥글로벌,16520,2,85,0.52,16505.0,-8.7452,4645,77,215,2026-10-02 02:22:24
447660,7,PLUS 애플채권혼합,13830,2,5,0.04,13823.0,0.9801,10387,143,214,2026-10-02 02:22:24
269420,4,KODEX S&P글로벌인프라(합성),20600,5,-95,-0.46,20469.0,-18.8591,3876,79,213,2026-10-02 02:22:24
371450,4,TIGER 글로벌클라우드컴퓨팅INDXX,13925,2,80,0.58,13923.0,8.2486,3663,51,212,2026-10-02 02:22:24
337120,2,KODEX 멀티팩터,35230,2,480,1.38,35325.0,-18.1604,100,3,211,2026-10-02 02:22:24
471460,6,KIWOOM 국고채30년액티브,45855,2,250,0.55,45805.0,-1.1979,654,30,211,2026-10-02 02:22:24
0192S0,7,SOL 코스피200채권혼합50,9580,2,40,0.42,9591.0,-8.8013,89410,853,211,2026-10-02 02:22:24
0190M0,4,KIWOOM 미국AI테크하이베타,8765,5,-55,-0.62,8730.0,-28.8136,73092,640,210,2026-10-02 02:22:24
0193L0,2,PLUS 삼성전자선물단일종목인버스2X,7655,5,-30,-0.39,7650.0,-41.4477,291631,2258,210,2026-10-02 02:22:24
364990,2,TIGER 게임TOP10,4605,2,40,0.88,4609.0,-10.7527,93826,429,210,2026-10-02 02:22:24
300640,2,RISE 게임테마,6445,2,15,0.23,6455.0,-7.3488,5408,34,209,2026-10-02 02:22:24
0231Z0,7,KODEX 코리아TDF2065액티브 적격,10470,2,45,0.43,10528.0,,417070,4368,209,2026-10-02 02:22:24
461600,6,SOL 미국30년국채액티브(H),7895,5,-25,-0.32,7913.0,-8.3864,6194,48,209,2026-10-02 02:22:24
253290,7,RISE 헬스케어채권혼합,11615,3,0,0.0,11576.0,-2.436,8341,96,209,2026-10-02 02:22:24
226980,1,KODEX 200 중소형,23000,2,170,0.74,23071.0,-5.8241,920,21,207,2026-10-02 02:22:24
152380,6,KODEX 국채선물10년,64860,2,310,0.48,64857.0,-0.7458,1245,80,206,2026-10-02 02:22:24
289040,2,KODEX MSCI KOREA ESG유니버설,34195,5,-5,-0.01,34362.0,-15.0287,4,0,205,2026-10-02 02:22:24
404120,2,TIME K신재생에너지액티브,25640,2,440,1.75,25691.0,-13.4021,8855,225,205,2026-10-02 02:22:24
289250,2,TIGER MSCI KOREA ESG유니버설,35660,2,130,0.37,35717.0,-15.4869,3471,123,203,2026-10-02 02:22:24
417630,2,TIGER KEDI혁신기업ESG30,19115,2,105,0.55,19131.0,-11.1683,413,7,201,2026-10-02 02:22:24
489000,6,PLUS 일본엔화초단기국채(합성),9115,2,45,0.5,9126.0,-10.1981,17963,163,201,2026-10-02 02:22:24
0241R0,7,TIGER 현대차LG전자고정피지컬AI밸류체인,10020,2,95,0.96,10060.0,,189461,1889,200,2026-10-02 02:22:24
463300,4,RISE 중국본토CSI300,12410,2,40,0.32,12477.0,-21.4011,305,3,199,2026-10-02 02:22:24
204450,4,KODEX 차이나H레버리지(H),2085,5,-65,-3.02,2077.0,13.7566,19753,41,198,2026-10-02 02:22:24
477730,4,KODEX 인도타타그룹,6712,5,-48,-0.71,6692.0,-18.2336,308,2,198,2026-10-02 02:22:24
456680,4,TIGER 차이나전기차레버리지(합성),4850,5,-35,-0.72,4889.0,-48.4705,9534,46,198,2026-10-02 02:22:24
437070,6,KODEX 아시아달러채권ESG플러스액티브,56880,2,220,0.39,56615.0,-14.737,1238,70,197,2026-10-02 02:22:24
465670,4,TIGER 미국캐시카우100,15710,2,180,1.16,15868.0,-5.2483,4381,69,196,2026-10-02 02:22:24
404260,2,KODEX 기후변화솔루션,24445,2,385,1.6,24485.0,-10.9293,828,20,196,2026-10-02 02:22:24
0153X0,4,PLUS 미국고배당주액티브,10555,2,165,1.59,10550.0,-7.3575,2972,31,195,2026-10-02 02:22:24
091220,2,TIGER 은행,16530,2,170,1.04,16560.0,7.7069,28265,466,195,2026-10-02 02:22:24
304760,1,HANARO KRX300,48690,2,325,0.67,48728.0,-16.2523,37,1,195,2026-10-02 02:22:24
169950,4,KODEX 차이나A50,24235,2,135,0.56,24221.0,-18.6773,405,9,194,2026-10-02 02:22:24
379790,4,RISE 유로스탁스50(H),16710,5,-220,-1.3,16794.0,-0.5345,7651,127,192,2026-10-02 02:22:24
0067V0,4,TIGER 차이나글로벌리더스TOP3+,8720,5,-90,-1.02,8793.0,-23.756,29625,260,192,2026-10-02 02:22:24
228820,1,TIGER KTOP30,19120,2,120,0.63,19140.0,-13.3705,11264,214,191,2026-10-02 02:22:24
461910,4,PLUS 미국테크TOP10레버리지(합성),38180,5,-570,-1.47,37739.0,-5.7063,36,1,191,2026-10-02 02:22:24
487950,4,KODEX 대만테크고배당다우존스,13060,5,-5,-0.04,12995.0,-9.3042,866,11,189,2026-10-02 02:22:24
229720,1,KODEX KTOP30,37850,2,190,0.5,37921.0,-13.8358,3407,128,189,2026-10-02 02:22:24
183710,7,RISE 주식혼합,94600,5,-95,-0.1,94859.0,-12.6511,95,8,189,2026-10-02 02:22:24
284980,2,RISE 200금융,21860,2,105,0.48,21889.0,-0.2935,632,13,188,2026-10-02 02:22:24
497780,4,KoAct 미국천연가스인프라액티브,9830,2,115,1.18,9803.0,-15.9398,2449,24,187,2026-10-02 02:22:24
416090,4,ACE 중국과창판STAR50,11560,5,-240,-2.03,11757.0,-36.8309,15127,175,185,2026-10-02 02:22:24
461900,4,PLUS 미국테크TOP10,22930,5,-270,-1.16,22806.0,-1.8405,677,15,183,2026-10-02 02:22:24
381560,2,HANARO Fn전기&수소차,17465,2,205,1.19,17480.0,-10.9613,1122,19,183,2026-10-02 02:22:24
445910,2,TIGER MKF배당귀족,20375,5,-55,-0.27,20425.0,0.9948,1201,24,183,2026-10-02 02:22:24
0018Z0,4,RISE 미국양자컴퓨팅,18290,5,-215,-1.16,18158.0,-16.7079,2466,45,183,2026-10-02 02:22:24
213630,4,PLUS 미국다우존스고배당주(합성 H),19870,5,-190,-0.95,19813.0,-0.7423,2487,49,183,2026-10-02 02:22:24
445690,2,BNK 주주가치액티브,30465,5,-160,-0.52,30505.0,-11.0515,1000,30,183,2026-10-02 02:22:24
0104P0,2,TIGER 코리아배당다우존스위클리커버드콜,10710,2,75,0.71,10737.0,1.4139,3395,36,182,2026-10-02 02:22:24
438320,4,TIGER 차이나항셍테크레버리지(합성 H),4205,5,-255,-5.72,4191.0,-11.3321,56665,240,182,2026-10-02 02:22:24
227830,1,PLUS 코스피,72615,2,500,0.69,72638.0,-16.1236,40,2,182,2026-10-02 02:22:24
276000,4,TIGER 글로벌자원생산기업(합성 H),20125,5,-35,-0.17,20054.0,8.5329,827,16,181,2026-10-02 02:22:24
0198B0,2,1Q 삼성전자선물단일종목레버리지,12655,2,125,1.0,12782.0,-39.6436,3957,49,181,2026-10-02 02:22:24
407310,1,HANARO 200 TOP10,16445,5,-20,-0.12,16451.0,-16.2615,339,5,181,2026-10-02 02:22:24
0144M0,4,KODEX 미국드론UAM TOP10,6305,5,-125,-1.94,6279.0,-27.3857,8237,52,180,2026-10-02 02:22:24
195920,4,TIGER 일본TOPIX(합성 H),35825,2,500,1.42,35528.0,1.9774,166,5,179,2026-10-02 02:22:24
385600,2,ACE 2차전지&친환경차액티브,11925,2,110,0.93,11936.0,-7.3697,2100,24,179,2026-10-02 02:22:24
391670,1,HK 베스트일레븐액티브,29740,2,235,0.8,29763.0,-19.8125,199,5,178,2026-10-02 02:22:24
292050,1,RISE KRX300,50830,2,215,0.42,50910.0,-17.1197,2463,124,178,2026-10-02 02:22:24
449580,7,RISE 테슬라애플아마존채권혼합,16110,5,-10,-0.06,16053.0,-4.5667,1131,18,177,2026-10-02 02:22:24
289260,2,TIGER MSCI KOREA ESG리더스,29200,3,0,0.0,29337.0,-17.0219,4,0,175,2026-10-02 02:22:24
0086C0,7,TIGER 리츠부동산인프라10채권혼합액티브,9815,2,5,0.05,9824.0,0.4067,996,9,172,2026-10-02 02:22:24
0203R0,6,WON 중단기종합채권(A-이상)액티브,50410,3,0,0.0,50512.0,0.5384,0,0,171,2026-10-02 02:22:24
225060,4,TIGER 이머징마켓MSCI레버리지(합성 H),16100,5,-135,-0.83,16205.0,-4.5562,19,0,171,2026-10-02 02:22:24
457690,6,KODEX 33-06 국고채액티브,10520,2,60,0.57,10516.0,-0.1432,3161,33,170,2026-10-02 02:22:24
468370,6,KODEX iShares미국인플레이션국채액티브,10205,2,25,0.25,10208.0,-15.3039,2744,28,170,2026-10-02 02:22:24
0105D0,2,SOL 한국AI소프트웨어,8945,5,-50,-0.56,8959.0,-4.1556,8961,80,170,2026-10-02 02:22:24
0233N0,4,RISE 글로벌AI낸드메모리반도체,11320,2,30,0.27,11313.0,,194188,2194,170,2026-10-02 02:22:24
0065G0,4,KODEX 차이나테크TOP10,7870,5,-175,-2.18,7877.0,-15.1521,8920,70,169,2026-10-02 02:22:24
477490,4,에셋플러스 글로벌일등기업포커스10액티브,18720,2,100,0.54,18609.0,-15.8038,47,0,168,2026-10-02 02:22:24
451600,6,PLUS 국고채30년액티브,85440,2,495,0.58,85406.0,-0.8579,1,0,166,2026-10-02 02:22:24
460660,4,RISE 미국S&P배당킹,11050,5,-20,-0.18,10997.0,-14.9351,2101,23,166,2026-10-02 02:22:24
488290,4,MIDAS 일본테크액티브,46945,2,890,1.93,46823.0,-24.5,232,10,164,2026-10-02 02:22:24
494420,2,PLUS 미국배당증가성장주데일리커버드콜,8625,2,40,0.47,8621.0,-14.9328,23534,202,164,2026-10-02 02:22:24
0051A0,4,KoAct 브로드컴밸류체인액티브,25060,5,-125,-0.5,24876.0,-18.5479,156,3,163,2026-10-02 02:22:24
474920,4,에셋플러스 차이나일등기업포커스10액티브,17255,5,-165,-0.95,17228.0,-22.0233,12,0,162,2026-10-02 02:22:24
415760,4,SOL 차이나육성산업액티브(합성),11920,5,-110,-0.91,12120.0,-36.9001,17732,212,162,2026-10-02 02:22:24
483330,4,ACE 마이크로소프트밸류체인액티브,15375,2,20,0.13,15312.0,3.4006,1879,28,161,2026-10-02 02:22:24
250730,4,RISE 차이나HSCEI(H),9495,5,-275,-2.81,9513.0,9.3452,7945,75,161,2026-10-02 02:22:24
219390,4,RISE 미국S&P원유생산기업(합성 H),8020,2,255,3.28,8127.0,13.7728,26257,210,160,2026-10-02 02:22:24
131890,2,ACE 삼성그룹동일가중,39740,2,10,0.03,39874.0,-7.7013,21,0,159,2026-10-02 02:22:24
419650,4,PLUS 글로벌수소&차세대연료전지,4800,5,-105,-2.14,4704.0,-29.8284,10291,49,158,2026-10-02 02:22:24
265690,4,ACE 러시아MSCI(합성),8535,3,0,0.0,48.0,0.0,0,0,158,2026-10-02 02:22:24
130680,5,TIGER 원유선물Enhanced(H),7890,2,285,3.75,7929.0,34.2453,39192,309,158,2026-10-02 02:22:24
0193K0,2,PLUS 삼성전자단일종목레버리지,13565,2,90,0.67,13600.0,-37.1795,3143,42,156,2026-10-02 02:22:24
432840,4,HANARO 미국S&P500,19445,3,0,0.0,19404.0,-9.7777,423,8,156,2026-10-02 02:22:24
484890,6,SOL 머니마켓액티브,52680,2,5,0.01,52676.0,0.7555,6128,322,155,2026-10-02 02:22:24
332620,6,PLUS 미국장기우량회사채,82610,5,-30,-0.04,82591.0,-19.0459,168,13,154,2026-10-02 02:22:24
413930,2,WON AI ESG액티브,28030,2,545,1.98,28072.0,-21.2013,6749,188,154,2026-10-02 02:22:24
244620,2,KODEX 모멘텀Plus,21915,2,75,0.34,21849.0,-17.616,561,12,153,2026-10-02 02:22:24
387280,2,TIGER 퓨처모빌리티액티브,11960,2,240,2.05,11954.0,-9.568,90,1,152,2026-10-02 02:22:24
0207Z0,4,KIWOOM 미국우주데이터센터인프라,7175,5,-80,-1.1,7115.0,-25.2833,2904,20,151,2026-10-02 02:22:24
0222F0,2,마이티 AI데이터센터밸류체인,13095,2,40,0.31,13095.0,,283,3,151,2026-10-02 02:22:24
114460,6,ACE 국고채3년,100305,2,245,0.24,100308.0,0.4086,37,3,150,2026-10-02 02:22:24
491510,2,파워 K-주주가치액티브,17700,2,50,0.28,17744.0,1.8625,839,14,150,2026-10-02 02:22:24
337150,2,KODEX 200exTOP,24850,2,60,0.24,24917.0,-11.7258,581,14,149,2026-10-02 02:22:24
453010,7,PLUS KOFR금리,110140,2,25,0.02,110132.0,0.6949,9719,1070,148,2026-10-02 02:22:24
487750,2,BNK 온디바이스AI,36545,2,545,1.51,36521.0,-9.7066,15534,566,146,2026-10-02 02:22:24
0088N0,2,WON K-글로벌수급상위,11605,5,-255,-2.15,11606.0,-4.3163,5253,61,145,2026-10-02 02:22:24
404650,2,SOL KRX기후변화솔루션,24175,2,255,1.07,24276.0,-12.1578,5,0,145,2026-10-02 02:22:24
104520,2,KIWOOM 블루칩,14465,2,125,0.87,14459.0,-5.98,862,12,145,2026-10-02 02:22:24
0090B0,2,PLUS K방산소부장,7415,2,215,2.99,7422.0,-13.9785,57343,422,145,2026-10-02 02:22:24
0084E0,7,KIWOOM 미국대형주500월간목표헤지액티브,9965,2,85,0.86,9954.0,-12.7996,922,9,144,2026-10-02 02:22:24
234310,2,RISE V&S셀렉트밸류,28630,2,25,0.09,28778.0,-5.7496,2,0,143,2026-10-02 02:22:24
373490,2,KODEX 코리아혁신성장액티브,25740,2,405,1.6,25772.0,-18.6417,410,10,142,2026-10-02 02:22:24
438900,2,HANARO Fn K-푸드,10760,2,30,0.28,10753.0,1.6548,18235,196,140,2026-10-02 02:22:24
453630,4,KODEX 미국S&P500필수소비재,11585,5,-105,-0.9,11605.0,-13.7454,541,6,139,2026-10-02 02:22:24
0242S0,2,파워 SK그룹,10630,2,100,0.95,10604.0,,15351,162,138,2026-10-02 02:22:24
236350,4,TIGER 인도니프티50레버리지(합성),22255,5,-185,-0.82,22321.0,-37.4234,3749,83,138,2026-10-02 02:22:24
496130,1,TRUSTON 코리아밸류업액티브,25465,2,125,0.49,25496.0,-16.3144,6,0,138,2026-10-02 02:22:24
0153P0,2,ACE 리츠부동산인프라액티브,9425,2,45,0.48,9438.0,2.2558,10804,101,137,2026-10-02 02:22:24
485810,4,TIME 글로벌바이오액티브,11660,5,-275,-2.3,11591.0,-0.2924,5504,64,134,2026-10-02 02:22:24
360150,2,KODEX 코스닥150롱코스피200숏선물,3270,5,-5,-0.15,3268.0,4.2993,43052,142,134,2026-10-02 02:22:24
0127V0,4,KIWOOM 미국S&P500 TOP10&배당다우비중전환,10690,5,-55,-0.51,10620.0,-4.3049,1581,16,134,2026-10-02 02:22:24
102960,2,KODEX 기계장비,13320,2,5,0.04,13331.0,-16.4681,4197,55,133,2026-10-02 02:22:24
417450,4,RISE 글로벌수소경제,15595,3,0,0.0,15520.0,-23.8088,303,4,133,2026-10-02 02:22:24
472720,1,TRUSTON 주주가치액티브,25420,5,-210,-0.82,25452.0,-14.1949,495,12,132,2026-10-02 02:22:24
279540,2,KODEX 최소변동성,21835,2,180,0.83,21851.0,-10.5667,33,0,131,2026-10-02 02:22:24
137610,5,TIGER 농산물선물Enhanced(H),5650,3,0,0.0,5666.0,11.7705,3487,19,130,2026-10-02 02:22:24
0127T0,4,KIWOOM 미국S&P500&배당다우존스비중전환,10800,5,-5,-0.05,10748.0,-9.0622,2226,24,130,2026-10-02 02:22:24
0104G0,2,PLUS K방산레버리지,5610,2,225,4.18,5633.0,-42.0968,28169,154,129,2026-10-02 02:22:24
0194R0,2,KIWOOM SK하이닉스선물단일종목레버리지,9550,2,115,1.22,9573.0,-64.0489,5667,53,129,2026-10-02 02:22:24
0208N0,1,IBK 코스피액티브,7810,2,25,0.32,7817.0,-19.1169,1857,14,129,2026-10-02 02:22:24
300610,2,TIGER K게임,5470,5,-35,-0.64,5481.0,-6.1382,541,2,129,2026-10-02 02:22:24
363510,6,SOL KIS단기통안채,112380,2,35,0.03,112378.0,0.5864,6,0,128,2026-10-02 02:22:24
280920,2,PLUS 주도업종,23210,2,90,0.39,23257.0,-16.6697,32,0,128,2026-10-02 02:22:24
140710,2,KODEX 운송,6690,2,5,0.07,6698.0,10.174,4170,27,127,2026-10-02 02:22:24
166400,3,TIGER 200커버드콜OTM,25360,2,100,0.4,25386.0,5.0251,983,24,127,2026-10-02 02:22:24
290080,3,RISE 200고배당커버드콜ATM,7230,2,30,0.42,7256.0,25.9569,2295,16,127,2026-10-02 02:22:24
0013P0,4,RISE 미국은행TOP10,11497,2,22,0.19,11453.0,-15.3255,1538,17,126,2026-10-02 02:22:24
0004G0,4,1Q 미국배당TOP30,8425,5,-30,-0.35,8413.0,-12.1877,2496,21,126,2026-10-02 02:22:24
0028X0,4,KODEX 미국금융테크액티브,10930,2,30,0.28,10906.0,-7.3571,739,8,126,2026-10-02 02:22:24
409810,4,KODEX 미국나스닥100선물인버스(H),5330,2,35,0.66,5359.0,-2.0352,53396,285,125,2026-10-02 02:22:24
489860,4,KIWOOM 글로벌전력GRID인프라,14725,2,105,0.72,14653.0,-19.0012,1158,16,125,2026-10-02 02:22:24
453820,4,KODEX 인도Nifty50레버리지(합성),9575,5,-100,-1.03,9518.0,-33.8688,1455,13,124,2026-10-02 02:22:24
410870,2,TIME K컬처액티브,8845,5,-75,-0.84,8874.0,-18.8723,1092,9,124,2026-10-02 02:22:24
0015F0,7,KIWOOM 팔란티어미국30년국채혼합액티브(H),10295,2,15,0.15,10346.0,3.9206,4394,45,124,2026-10-02 02:22:24
453060,6,HANARO KOFR금리액티브(합성),111730,2,20,0.02,111701.0,0.744,27,3,123,2026-10-02 02:22:24
457700,6,KODEX 53-09 국고채액티브,9270,2,35,0.38,9280.0,-0.7523,518,4,122,2026-10-02 02:22:24
404540,2,TIGER KRX기후변화솔루션,24450,2,400,1.66,24484.0,-11.9006,837,20,122,2026-10-02 02:22:24
0220A0,7,KIWOOM 현대차그룹TOP3채권혼합50,8695,5,-65,-0.74,8721.0,,9566,83,122,2026-10-02 02:22:24
435550,7,KIWOOM TDF2050액티브 적격,17340,5,-60,-0.34,17285.0,-11.8935,367,6,121,2026-10-02 02:22:24
395760,2,PLUS ESG성장주액티브,22040,2,140,0.64,22047.0,-14.8026,10,0,121,2026-10-02 02:22:24
251590,2,PLUS 고배당저변동50,17175,2,10,0.06,17189.0,4.4734,382,6,120,2026-10-02 02:22:24
396510,4,TIGER 차이나클린에너지SOLACTIVE,6650,5,-25,-0.37,6709.0,-29.2903,446,2,120,2026-10-02 02:22:24
140580,2,RISE 우량업종대표주,23880,5,-80,-0.33,24048.0,-10.7636,30,0,119,2026-10-02 02:22:24
332610,6,PLUS 미국단기회사채(AAA~A),123145,2,375,0.31,123046.0,-12.2776,174,21,118,2026-10-02 02:22:24
400570,4,KODEX 유럽탄소배출권선물ICE(H),11670,2,50,0.43,11736.0,5.4446,786,9,118,2026-10-02 02:22:24
0203D0,7,PLUS 200위클리커버드콜채권혼합,9040,2,25,0.28,9054.0,-8.6537,5139,46,118,2026-10-02 02:22:24
282000,3,RISE 국고채3년선물인버스,115150,5,-110,-0.1,115126.0,0.6901,2,0,117,2026-10-02 02:22:24
176950,6,KODEX 국채선물10년인버스,60670,5,-180,-0.3,60656.0,1.6708,6005,364,116,2026-10-02 02:22:24
0216Z0,2,ACE K방산TOP5+,9140,2,265,2.99,9148.0,,41174,372,114,2026-10-02 02:22:24
0191S0,1,IBK 코스닥150,15400,5,-100,-0.65,15422.0,-7.7107,3360,52,114,2026-10-02 02:22:24
428560,4,KODEX 미국ETF산업Top10 Indxx,15055,2,75,0.5,15008.0,-3.7441,876,13,113,2026-10-02 02:22:24
430500,7,KIWOOM 물가채KIS,112755,2,615,0.55,112733.0,-0.3245,10,1,113,2026-10-02 02:22:24
266410,2,KODEX 필수소비재,9365,5,-65,-0.69,9385.0,5.0108,10046,93,112,2026-10-02 02:22:24
453660,4,KODEX 미국S&P500경기소비재,16050,5,-60,-0.37,16022.0,-17.4314,150,2,112,2026-10-02 02:22:24
448490,6,HANARO 32-10 국고채액티브,53055,2,240,0.45,53005.0,-0.1041,1,0,111,2026-10-02 02:22:24
464610,2,SOL 의료기기소부장Fn,6960,5,-15,-0.22,6966.0,-17.8929,3483,24,111,2026-10-02 02:22:24
269370,4,TIGER S&P글로벌인프라(합성),15815,5,-80,-0.5,15752.0,-18.6086,75,1,111,2026-10-02 02:22:24
252650,1,KODEX 200동일가중,18430,2,140,0.77,18459.0,-2.3517,986,18,111,2026-10-02 02:22:24
269530,4,PLUS S&P글로벌인프라,18380,5,-65,-0.35,18356.0,-19.8668,185,3,110,2026-10-02 02:22:24
407820,2,에셋플러스 코리아플랫폼액티브,6115,5,-60,-0.97,6131.0,-17.6118,15298,94,110,2026-10-02 02:22:24
354240,7,RISE 미국고정배당우선증권,10005,2,30,0.3,9957.0,-17.3571,1947,19,110,2026-10-02 02:22:24
446700,2,RISE 배터리 리사이클링,10575,2,185,1.78,10584.0,3.3316,2509,26,110,2026-10-02 02:22:24
0000H0,2,KODEX 인도Nifty미드캡100,9460,5,-80,-0.84,9433.0,-18.6273,214,2,109,2026-10-02 02:22:24
0002C0,4,에셋플러스 인도일등기업포커스20액티브,9865,5,-65,-0.65,9861.0,-7.885,44,0,107,2026-10-02 02:22:24
0227L0,4,HANARO 미국에이전틱AI TOP2+,10630,5,-155,-1.44,10614.0,,15162,161,106,2026-10-02 02:22:24
0219B0,2,KoAct 광통신&위성네트워크액티브,13240,2,760,6.09,13217.0,,332386,4356,106,2026-10-02 02:22:24
252000,1,TIGER 200동일가중,19240,2,85,0.44,19315.0,-2.1232,5072,97,106,2026-10-02 02:22:24
482030,2,KoAct 반도체&2차전지핵심소재액티브,10045,2,175,1.77,10059.0,-5.5051,9642,96,105,2026-10-02 02:22:24
385710,2,TIME K이노베이션액티브,10545,2,165,1.59,10546.0,-19.9383,1958,20,105,2026-10-02 02:22:24
451150,4,에셋플러스 글로벌영에이지액티브,16965,2,20,0.12,16819.0,-14.5918,2,0,105,2026-10-02 02:22:24
419420,4,KODEX 미국클린에너지나스닥,8755,5,-95,-1.07,8674.0,-29.1326,567,4,105,2026-10-02 02:22:24
0068M0,4,KODEX 미국S&P500버퍼6월액티브,11650,5,-35,-0.3,11634.0,-8.5323,10,0,105,2026-10-02 02:22:24
140570,2,RISE 수출주,26065,2,355,1.38,26130.0,-8.2769,761,19,104,2026-10-02 02:22:24
438740,2,MIDAS 중소형액티브,34680,5,-230,-0.66,34820.0,-12.0545,5,0,104,2026-10-02 02:22:24
0093B0,4,RISE 엔비디아고정테크100,12895,5,-90,-0.69,12815.0,-5.4553,3194,41,103,2026-10-02 02:22:24
435040,4,ACE 글로벌브랜드TOP10,18600,5,-130,-0.69,18556.0,-10.0086,45,0,102,2026-10-02 02:22:24
0189Z0,2,DAISHIN 금융&지주고배당,10160,2,40,0.4,10174.0,3.8306,1011,10,102,2026-10-02 02:22:24
237440,7,TIGER 경기방어채권혼합,10160,2,35,0.35,10162.0,0.8968,322,3,102,2026-10-02 02:22:24
310080,4,RISE 중국MSCI China(H),8830,2,20,0.23,8801.0,1.2062,1207,10,102,2026-10-02 02:22:24
0113G0,4,KoAct 미국바이오헬스케어액티브,11245,5,-210,-1.83,11248.0,-3.4963,1048,11,101,2026-10-02 02:22:24
461580,1,TIGER 코스닥글로벌,16805,2,15,0.09,16842.0,-7.6712,971,16,101,2026-10-02 02:22:24
460270,6,KIWOOM 미국달러SOFR금리액티브(합성),12420,2,10,0.08,12417.0,-11.3572,463,5,101,2026-10-02 02:22:24
463640,4,KODEX 미국S&P500유틸리티,12560,2,10,0.08,12561.0,-22.1393,5981,75,100,2026-10-02 02:22:24
301400,1,PLUS 코스닥150,15410,2,25,0.16,15445.0,-8.2588,1385,21,100,2026-10-02 02:22:24
0001P0,2,마이티 바이오시밀러&CDMO액티브,8915,5,-185,-2.03,8930.0,-8.5887,2426,21,100,2026-10-02 02:22:24
281990,2,RISE 중소형고배당,17885,2,185,1.05,17877.0,3.4622,176,3,98,2026-10-02 02:22:24
0224D0,4,KIWOOM 미국CPU반도체TOP4+,10845,5,-240,-2.17,10788.0,,22299,242,98,2026-10-02 02:22:24
291130,4,ACE MSCI멕시코(합성),16235,5,-285,-1.73,16352.0,-16.7549,307,5,97,2026-10-02 02:22:24
0194N0,2,KIWOOM 삼성전자선물단일종목레버리지,12380,2,30,0.24,12395.0,-37.3092,179304,2193,96,2026-10-02 02:22:24
371870,4,ACE 차이나항셍테크,5980,5,-175,-2.84,6007.0,-15.9727,5817,35,96,2026-10-02 02:22:24
463690,4,KODEX 미국S&P500커뮤니케이션,17380,5,-310,-1.75,17326.0,-7.8546,15257,265,96,2026-10-02 02:22:24
429010,4,TIGER 미국나스닥넥스트100,19040,3,0,0.0,18936.0,-14.427,42,0,95,2026-10-02 02:22:24
0227K0,4,RISE 미국우주위성통신,9510,2,90,0.96,9501.0,,3179,30,95,2026-10-02 02:22:24
181480,7,ACE 미국부동산리츠(합성 H),78690,5,-525,-0.66,78317.0,-6.351,8,0,94,2026-10-02 02:22:24
0219Z0,4,HANARO 미국S&P500액티브,10485,2,15,0.14,10402.0,,4396,46,94,2026-10-02 02:22:24
139240,2,TIGER 200 철강소재,10700,2,30,0.28,10694.0,6.5401,2918,31,94,2026-10-02 02:22:24
0120J0,2,BNK 카카오그룹포커스,7510,5,-115,-1.51,7518.0,-0.9741,3924,29,94,2026-10-02 02:22:24
498050,2,HANARO 바이오코리아액티브,9880,5,-205,-2.03,9897.0,-21.7611,9778,96,94,2026-10-02 02:22:24
261110,7,TIGER 미국달러선물레버리지,15555,2,60,0.39,15498.0,-23.1971,2106,32,93,2026-10-02 02:22:24
0094L0,4,RISE 차이나테크TOP10위클리타겟커버드콜,6590,5,-150,-2.23,6745.0,-16.6317,3420,22,92,2026-10-02 02:22:24
117690,4,TIGER 차이나항셍30,18350,5,-450,-2.39,18371.0,-3.2425,5491,102,92,2026-10-02 02:22:24
217780,4,TIGER 차이나CSI300인버스(합성),5895,2,40,0.68,5874.0,25.9139,5795,33,91,2026-10-02 02:22:24
0174R0,4,KIWOOM 미국성장다우존스,11400,5,-50,-0.44,11333.0,-5.8718,780,8,91,2026-10-02 02:22:24
341850,7,TIGER 리츠부동산인프라채권,4555,2,5,0.11,4572.0,2.5658,3149,14,91,2026-10-02 02:22:24
0221Z0,2,ACE K바이오코스닥액티브,9570,5,-270,-2.74,9567.0,,2663,25,91,2026-10-02 02:22:24
354350,4,HANARO 글로벌럭셔리S&P(합성),17465,5,-145,-0.82,17487.0,-20.6757,1235,21,91,2026-10-02 02:22:24
487910,4,ACE 인도컨슈머파워액티브,7545,5,-55,-0.72,7520.0,-18.1476,193,1,91,2026-10-02 02:22:24
0084D0,7,KIWOOM 미국테크100월간목표헤지액티브,11315,5,-20,-0.18,11275.0,-12.2417,578,6,91,2026-10-02 02:22:24
466810,2,BNK 2차전지양극재,6035,2,165,2.81,6037.0,2.3539,23986,144,91,2026-10-02 02:22:24
270800,2,RISE KQ고배당,16450,2,235,1.45,16422.0,-1.6537,915,15,90,2026-10-02 02:22:24
230480,7,KIWOOM 미국달러선물인버스2X,4735,5,-55,-1.15,4776.0,30.163,63,0,90,2026-10-02 02:22:24
381570,2,HANARO Fn친환경에너지,10625,2,235,2.26,10624.0,-4.0628,1186,12,90,2026-10-02 02:22:24
399580,4,RISE 글로벌클린에너지,9000,5,-170,-1.85,8972.0,-24.8571,568,5,90,2026-10-02 02:22:24
494180,4,TIME 글로벌소비트렌드액티브,12675,5,-230,-1.78,12595.0,-8.0841,18,0,89,2026-10-02 02:22:24
0216K0,7,KIWOOM 미국우주테크TOP2채권혼합50,8835,5,-75,-0.84,8785.0,,6782,59,88,2026-10-02 02:22:24
0215T0,4,HANARO 미국AI광통신TOP10,9800,2,375,3.98,9690.0,,34696,339,88,2026-10-02 02:22:24
266390,2,KODEX 경기소비재,14570,5,-10,-0.07,14621.0,-10.6634,237,3,87,2026-10-02 02:22:24
456250,4,KODEX 유럽명품TOP10 STOXX,7595,5,-205,-2.63,7590.0,-21.342,27426,208,87,2026-10-02 02:22:24
215620,2,HK S&P코리아로우볼,16065,3,0,0.0,16067.0,4.8287,7,0,87,2026-10-02 02:22:24
395150,2,KODEX 웹툰&드라마,1806,5,-26,-1.42,1807.0,3.2694,5333,9,87,2026-10-02 02:22:24
497510,4,ACE 글로벌빅파마,12370,5,-165,-1.32,12381.0,-11.8596,157,1,87,2026-10-02 02:22:24
174350,2,TIGER 로우볼,20505,2,165,0.81,20542.0,4.3036,1325,27,86,2026-10-02 02:22:24
105010,4,TIGER 라틴35,6135,5,-5,-0.08,6117.0,-12.1209,320,1,86,2026-10-02 02:22:24
429980,7,SOL 한국형글로벌전기차&2차전지액티브,16955,2,105,0.62,16997.0,-17.905,64,1,85,2026-10-02 02:22:24
0008E0,4,ACE 미국중심중소형제조업,11285,2,140,1.26,11325.0,-30.4525,2513,28,85,2026-10-02 02:22:24
457930,2,BNK 미래전략기술액티브,28155,2,155,0.55,28292.0,-10.2277,115,3,84,2026-10-02 02:22:24
435540,7,KIWOOM TDF2040액티브 적격,16860,5,-50,-0.3,16791.0,-11.9036,295,4,84,2026-10-02 02:22:24
0184N0,7,PLUS 은채권혼합,8410,5,-65,-0.77,8472.0,-2.1928,9647,81,84,2026-10-02 02:22:24
0133E0,4,TIGER 차이나증권,7985,5,-150,-1.84,7975.0,-20.5955,8685,69,84,2026-10-02 02:22:24
449680,7,TIGER 한중전기차(합성),9825,2,65,0.67,9825.0,-21.0995,10,0,84,2026-10-02 02:22:24
497520,4,ACE 일라이릴리밸류체인,12815,5,-195,-1.5,12823.0,-6.0989,595,7,83,2026-10-02 02:22:24
395750,2,PLUS ESG가치주액티브,20715,5,-75,-0.36,20867.0,-16.4893,2,0,83,2026-10-02 02:22:24
375270,7,RISE 글로벌데이터센터리츠(합성),12695,5,-105,-0.82,12572.0,-20.1498,218,2,83,2026-10-02 02:22:24
0226D0,7,FOCUS 금융반도체지주채권혼합50액티브,10295,5,-30,-0.29,10325.0,,2042,21,82,2026-10-02 02:22:24
0226G0,2,WON 피지컬AI TOP2플러스액티브,12595,2,105,0.84,12595.0,,319,4,82,2026-10-02 02:22:24
0214M0,2,MIDAS 바이오헬스케어액티브,9630,5,-320,-3.22,9753.0,,3456,34,82,2026-10-02 02:22:24
182490,6,TIGER 단기선진하이일드(합성 H),13615,2,20,0.15,13588.0,-1.4499,443,6,82,2026-10-02 02:22:24
462340,4,에셋플러스 글로벌다이나믹시니어액티브,16325,5,-10,-0.06,16190.0,-8.9973,2,0,82,2026-10-02 02:22:24
0067Y0,4,TIGER 차이나AI소프트웨어,9045,5,-130,-1.42,9092.0,-30.6501,20591,188,81,2026-10-02 02:22:24
395280,2,HANARO Fn K-게임,3460,2,15,0.44,3472.0,-8.7418,12020,41,81,2026-10-02 02:22:24
0176P0,2,FOCUS AI반도체위클리고정커버드콜,14705,5,-115,-0.78,14699.0,-10.4782,2349,34,81,2026-10-02 02:22:24
227550,2,TIGER 200 산업재,12390,2,170,1.39,12398.0,-4.6802,6088,74,79,2026-10-02 02:22:24
304670,6,KODEX 미국30년국채울트라선물인버스(H),13095,2,5,0.04,13117.0,10.3244,168,2,79,2026-10-02 02:22:24
371150,4,RISE 차이나항셍테크,5995,5,-140,-2.28,5986.0,-16.4282,18702,113,78,2026-10-02 02:22:24
480460,7,WON 한국부동산TOP3플러스,9145,2,55,0.61,9153.0,0.7574,22,0,78,2026-10-02 02:22:24
189400,4,PLUS 글로벌MSCI(합성 H),25580,5,-175,-0.68,25553.0,0.6054,33,0,77,2026-10-02 02:22:24
435530,7,KIWOOM TDF2030액티브 적격,14975,5,-45,-0.3,14918.0,-11.6284,220,3,75,2026-10-02 02:22:24
0218K0,2,BNK 스마트카,10675,2,60,0.57,10739.0,,5,0,75,2026-10-02 02:22:24
285690,2,FOCUS ESG리더스,21350,2,15,0.07,21444.0,-10.2252,9,0,75,2026-10-02 02:22:24
227570,2,TIGER 우량가치,20715,3,0,0.0,20796.0,3.7825,47,0,75,2026-10-02 02:22:24
225800,7,KIWOOM 미국달러선물레버리지,14560,2,20,0.14,14584.0,-23.5542,357,5,74,2026-10-02 02:22:24
494210,4,SOL 미국500타겟데일리커버드콜액티브,10560,2,5,0.05,10613.0,-10.2812,976,10,74,2026-10-02 02:22:24
0138D0,2,RISE 동학개미,13405,5,-35,-0.26,13415.0,-13.8738,366,4,74,2026-10-02 02:22:24
253280,2,RISE 헬스케어,12275,5,-185,-1.48,12276.0,-10.0686,2991,37,74,2026-10-02 02:22:24
272570,6,RISE 중장기국공채액티브,108110,2,245,0.23,108044.0,0.3908,157,16,74,2026-10-02 02:22:24
0172Y0,2,ACE K수출핵심TOP10산업액티브,9160,2,20,0.22,9173.0,-18.7195,273,2,73,2026-10-02 02:22:24
488480,4,RISE 일본섹터TOP4Plus,13240,2,60,0.46,13185.0,-8.3039,379,5,73,2026-10-02 02:22:24
402460,2,HANARO Fn K-메타버스MZ,14555,2,75,0.52,14610.0,-10.5415,62,0,73,2026-10-02 02:22:24
0005C0,6,RISE 미국S&P500엔화노출(합성 H),11140,2,35,0.32,11082.0,-7.6892,75,0,72,2026-10-02 02:22:24
490330,4,KoAct 미국치매&뇌질환치료제액티브,13095,5,-125,-0.95,13119.0,-20.5052,11685,153,72,2026-10-02 02:22:24
0191B0,1,MIDAS 코스닥액티브,35665,2,110,0.31,35596.0,-7.7931,1277,45,71,2026-10-02 02:22:24
487920,4,ACE 인도시장대표BIG5그룹액티브,7125,5,-60,-0.84,7100.0,-19.4958,1134,8,71,2026-10-02 02:22:24
315270,2,TIGER 200커뮤니케이션서비스,18625,2,130,0.7,18628.0,-5.4545,5,0,71,2026-10-02 02:22:24
437370,4,RISE 글로벌농업경제,10105,5,-85,-0.83,10000.0,-8.5655,867,8,71,2026-10-02 02:22:24
400590,4,SOL 글로벌탄소배출권선물ICE(합성),13945,2,40,0.29,13944.0,-9.1771,11,0,70,2026-10-02 02:22:24
244670,2,KODEX 밸류Plus,11525,2,10,0.09,11561.0,0.6141,58,0,69,2026-10-02 02:22:24
0094X0,4,1Q 샤오미밸류체인액티브,7625,5,-105,-1.36,7644.0,-15.4523,1689,13,69,2026-10-02 02:22:24
225050,4,TIGER 유로스탁스레버리지(합성 H),15245,5,-395,-2.53,15286.0,-2.2806,448,6,69,2026-10-02 02:22:24
256450,4,PLUS 심천차이넥스트(합성),13445,2,85,0.64,13584.0,-35.63,59,0,67,2026-10-02 02:22:24
0082F0,4,HANARO 유럽방산,9595,5,-160,-1.64,9554.0,-10.5867,56,0,67,2026-10-02 02:22:24
0036Z0,4,RISE 미국천연가스밸류체인,11920,2,270,2.32,11871.0,-11.8295,1757,20,66,2026-10-02 02:22:24
139660,7,KIWOOM 미국달러선물인버스,8505,5,-45,-0.53,8539.0,14.4578,101,0,65,2026-10-02 02:22:24
450180,7,KODEX 한중전기차(합성),10070,2,110,1.1,10108.0,-21.7289,27,0,65,2026-10-02 02:22:24
456200,6,PLUS 미국달러SOFR금리액티브(합성),59085,5,-20,-0.03,59126.0,-11.6782,71,4,65,2026-10-02 02:22:24
326230,2,RISE 내수주플러스,10805,2,25,0.23,10818.0,-6.7071,22,0,65,2026-10-02 02:22:24
139290,2,TIGER 200 경기소비재,23070,2,15,0.07,23104.0,-18.6773,1084,24,65,2026-10-02 02:22:24
307510,2,TIGER 의료기기,12685,5,-135,-1.05,12714.0,-11.2702,2752,35,63,2026-10-02 02:22:24
138920,5,KODEX 콩선물(H),12620,5,-35,-0.28,12629.0,10.8628,148,1,63,2026-10-02 02:22:24
289670,6,PLUS 국채선물10년,52120,2,115,0.22,52143.0,-0.3736,332,17,63,2026-10-02 02:22:24
451670,6,RISE 국채30년레버리지(합성),12410,2,80,0.65,12462.0,-3.3321,61,0,62,2026-10-02 02:22:24
368680,2,KODEX K-뉴딜디지털플러스,7645,5,-20,-0.26,7663.0,-0.7055,5,0,61,2026-10-02 02:22:24
469530,3,RISE 미국달러선물인버스,9555,2,5,0.05,9564.0,14.2754,4,0,61,2026-10-02 02:22:24
0047N0,4,PLUS 차이나AI테크TOP10,8715,5,-250,-2.79,8683.0,-17.8654,477,4,61,2026-10-02 02:22:24
429740,7,PLUS K리츠,6020,2,40,0.67,6032.0,1.7305,1982,11,60,2026-10-02 02:22:24
483020,2,KIWOOM 의료AI,9260,5,-120,-1.28,9256.0,-3.5972,2367,22,60,2026-10-02 02:22:24
400580,4,SOL 유럽탄소배출권선물S&P(H),11990,2,100,0.84,12078.0,5.2212,2,0,60,2026-10-02 02:22:24
316300,7,ACE 싱가포르리츠,11930,5,-275,-2.25,11978.0,-13.4507,660,7,60,2026-10-02 02:22:24
291630,3,KIWOOM 코스닥150선물레버리지,4100,5,-25,-0.61,4103.0,-24.5197,71968,299,59,2026-10-02 02:22:24
250780,3,TIGER 코스닥150선물인버스,2225,3,0,0.0,2221.0,-0.6697,119473,263,59,2026-10-02 02:22:24
267450,6,RISE 미국장기국채선물인버스(H),11790,2,60,0.51,11744.0,9.4727,1,0,59,2026-10-02 02:22:24
0166T0,4,PLUS 글로벌저작권핵심기업액티브,9060,2,35,0.39,9022.0,-11.9083,3,0,59,2026-10-02 02:22:24
433250,1,UNICORN R&D 액티브,23540,5,-105,-0.44,23597.0,-15.5385,3,0,59,2026-10-02 02:22:24
314700,2,HANARO 농업융복합산업,10545,2,95,0.91,10578.0,-5.0709,88,0,58,2026-10-02 02:22:24
0053M0,2,더제이 중소형포커스액티브,12825,5,-155,-1.19,12788.0,-15.1912,2,0,58,2026-10-02 02:22:24
0114X0,4,RISE 글로벌게임테크TOP3Plus,8775,5,-45,-0.51,8739.0,2.2608,184,1,57,2026-10-02 02:22:24
401590,4,HANARO 글로벌탄소배출권선물ICE(합성),11120,2,25,0.23,11103.0,-9.4286,9,0,57,2026-10-02 02:22:24
0229F0,2,마이티 신약포커스바이오액티브,8605,5,-225,-2.55,8610.0,,2539,21,56,2026-10-02 02:22:24
407300,2,HANARO Fn골프테마,10165,3,0,0.0,10224.0,-15.8709,1,0,56,2026-10-02 02:22:24
432600,6,RISE 국채선물3년,55360,2,110,0.2,55350.0,0.4545,1,0,55,2026-10-02 02:22:24
291890,4,KODEX MSCI EM선물(H),12260,5,-70,-0.57,12271.0,-1.753,92,1,55,2026-10-02 02:22:24
470310,2,UNICORN 생성형AI강소기업액티브,18370,5,-140,-0.76,18353.0,0.3252,87,1,55,2026-10-02 02:22:24
238670,7,PLUS 스마트베타Quality채권혼합,13620,2,160,1.19,13531.0,2.047,6544,88,54,2026-10-02 02:22:24
499150,4,SOL 미국S&P500엔화노출(H),10795,2,40,0.37,10668.0,-7.821,117,1,54,2026-10-02 02:22:24
390400,4,KODEX 미국스마트모빌리티S&P,6600,5,-20,-0.3,6582.0,-25.0973,1931,12,53,2026-10-02 02:22:24
0087F0,4,ACE 차이나AI빅테크TOP2+액티브,10550,5,-440,-4.0,10600.0,-22.1672,419,4,53,2026-10-02 02:22:24
0184V0,2,UNICORN K바이오액티브,5545,5,-295,-5.05,5563.0,-23.9584,72213,409,53,2026-10-02 02:22:24
0174J0,7,DAISHIN 오피스리츠플러스,8740,2,55,0.63,8762.0,2.0953,8439,73,52,2026-10-02 02:22:24
220130,4,SOL 차이나강소기업CSI500(합성 H),6550,5,-30,-0.46,6592.0,-15.2608,4,0,52,2026-10-02 02:22:24
295000,6,RISE 국채선물10년,51320,2,180,0.35,51361.0,-0.6701,4,0,51,2026-10-02 02:22:24
0015E0,7,KIWOOM 엔비디아미국30년국채혼합액티브(H),10240,3,0,0.0,10276.0,-3.2061,500,5,51,2026-10-02 02:22:24
219900,4,ACE 중국본토CSI300레버리지(합성),3650,5,-25,-0.68,3672.0,-39.8035,2093,7,51,2026-10-02 02:22:24
0102X0,4,ACE 유럽방산TOP10,8505,5,-95,-1.1,8503.0,-8.4139,563,4,51,2026-10-02 02:22:24
483030,4,KIWOOM 미국블록버스터바이오테크의약품+,11235,5,-230,-2.01,11274.0,-9.7876,384,4,51,2026-10-02 02:22:24
413220,4,SOL 차이나태양광CSI(합성),4180,2,60,1.46,4208.0,-34.395,222,0,50,2026-10-02 02:22:24
476310,4,RISE 글로벌비만산업TOP2+,8980,5,-70,-0.77,9038.0,-19.6349,67,0,49,2026-10-02 02:22:24
227560,2,TIGER 200 생활소비재,12250,5,-45,-0.37,12274.0,-2.2201,2043,25,49,2026-10-02 02:22:24
0132D0,7,KoAct 글로벌K컬처밸류체인액티브,8865,5,-50,-0.56,8914.0,-7.4248,2024,18,49,2026-10-02 02:22:24
0154H0,4,KoAct 차이나바이오헬스케어액티브,8815,5,-430,-4.65,8879.0,12.3329,1462,13,48,2026-10-02 02:22:24
0015K0,4,TIGER 미국소비트렌드액티브,6820,2,10,0.15,6759.0,-11.501,5,0,48,2026-10-02 02:22:24
411860,4,KIWOOM 독일DAX,15625,5,-210,-1.33,15593.0,-12.5788,4146,64,47,2026-10-02 02:22:24
474390,6,SOL 국고채30년액티브,41075,2,85,0.21,41111.0,-0.7026,81,3,47,2026-10-02 02:22:24
0073X0,5,FOCUS 알리바바미국채커버드콜혼합,8310,2,30,0.36,8302.0,-16.6879,786,6,46,2026-10-02 02:22:24
267440,6,RISE 미국장기국채선물(H),7600,5,-45,-0.59,7650.0,-6.7115,181,1,46,2026-10-02 02:22:24
266550,2,PLUS 중형주저변동50,17955,5,-50,-0.28,18009.0,-2.067,2,0,45,2026-10-02 02:22:24
498610,4,RISE 인도디지털성장,7400,5,-45,-0.6,7396.0,-12.3129,175,1,44,2026-10-02 02:22:24
391600,4,ACE 미국친환경그린테마,9760,5,-85,-0.86,9723.0,-24.5305,676,6,44,2026-10-02 02:22:24
0078V0,4,PLUS 미국로보택시,8710,5,-80,-0.91,8629.0,-19.616,130,1,44,2026-10-02 02:22:24
205720,4,ACE 일본TOPIX인버스(합성 H),1428,5,-1,-0.07,1441.0,-4.4148,99,0,43,2026-10-02 02:22:24
0128D0,4,PLUS 차이나항셍테크위클리타겟커버드콜,6095,5,-215,-3.41,6082.0,-15.6538,1384,8,43,2026-10-02 02:22:24
277650,2,TIGER 코스피중형주,21260,2,165,0.78,21307.0,-4.7415,6,0,43,2026-10-02 02:22:24
0050E0,4,PLUS 미국AI에이전트,8500,2,225,2.72,8523.0,-2.0131,7682,65,43,2026-10-02 02:22:24
291680,4,RISE 차이나H선물인버스(H),8185,2,220,2.76,8200.0,-7.9191,1001,7,41,2026-10-02 02:22:24
373790,4,KIWOOM 미국방어배당성장나스닥,14510,3,0,0.0,14477.0,-13.1676,41,0,41,2026-10-02 02:22:24
226380,2,ACE Fn성장소비주도주,5650,5,-45,-0.79,5652.0,0.3524,116,0,40,2026-10-02 02:22:24
252420,3,RISE 200선물인버스2X,74,3,0,0.0,74.0,-1.3334,223575,16,39,2026-10-02 02:22:24
243890,2,TIGER 200에너지화학레버리지,8630,2,380,4.61,8640.0,-16.6246,15041,127,39,2026-10-02 02:22:24
0131A0,4,SOL 차이나소비트렌드,7035,5,-75,-1.05,7029.0,-14.4919,8287,58,39,2026-10-02 02:22:24
225030,4,TIGER 미국S&P500선물인버스(H),2265,2,5,0.22,2263.0,-2.1646,13031,29,37,2026-10-02 02:22:24
244660,2,KODEX 퀄리티Plus,9185,5,-35,-0.38,9184.0,2.0745,1,0,37,2026-10-02 02:22:24
334690,5,RISE 팔라듐선물(H),5240,5,-220,-4.03,5267.0,0.5524,7775,40,37,2026-10-02 02:22:24
306530,3,HANARO 코스닥150선물레버리지,8170,5,-15,-0.18,8170.0,-24.9771,27329,226,36,2026-10-02 02:22:24
427120,2,RISE AI플랫폼,5285,5,-5,-0.09,5282.0,5.4835,35,0,35,2026-10-02 02:22:24
267490,6,RISE 미국장기국채선물레버리지(합성 H),4485,2,30,0.67,4484.0,-16.729,151,0,31,2026-10-02 02:22:24
0079X0,4,ACE BYD밸류체인액티브,8895,5,-105,-1.17,8903.0,-19.7861,531,4,31,2026-10-02 02:22:24
321410,7,KODEX 멀티에셋하이인컴(H),10350,5,-55,-0.53,10359.0,-0.6729,1,0,31,2026-10-02 02:22:24
280940,5,KODEX 골드선물인버스(H),3600,2,5,0.14,3614.0,-5.1452,128,0,29,2026-10-02 02:22:24
476000,2,UNICORN 포스트IPO액티브,5220,2,35,0.68,5231.0,-26.1922,263,1,29,2026-10-02 02:22:24
491630,4,RISE 미국반도체인버스(합성 H),4835,5,-5,-0.1,4807.0,6.024,8,0,28,2026-10-02 02:22:24
145670,3,ACE 인버스,1243,5,-7,-0.56,1247.0,7.8515,26025,32,27,2026-10-02 02:22:24
252410,3,RISE 200선물인버스,1267,5,-5,-0.39,1270.0,7.7053,4224,5,27,2026-10-02 02:22:24
334700,5,RISE 팔라듐선물인버스(H),3665,2,110,3.09,3673.0,-5.703,745,2,24,2026-10-02 02:22:24
253230,3,KIWOOM 200선물인버스2X,70,5,-1,-1.41,70.0,4.4117,372076,26,23,2026-10-02 02:22:24
280320,4,ACE 미국IT인터넷(합성 H),21590,2,30,0.14,21690.0,8.0701,438,9,22,2026-10-02 02:22:24
275750,3,RISE 코스닥150선물인버스,2245,2,10,0.45,2244.0,-1.1062,9166,20,21,2026-10-02 02:22:24
291620,3,KIWOOM 코스닥150선물인버스,3920,3,0,0.0,3935.0,-2.0,14517,56,16,2026-10-02 02:22:24
253240,3,KIWOOM 200선물인버스,1262,5,-6,-0.47,1267.0,7.64,1053,1,14,2026-10-02 02:22:24
306520,3,HANARO 200선물인버스,2300,5,-10,-0.43,2303.0,8.4507,657,1,14,2026-10-02 02:22:24
253160,3,PLUS 200선물인버스2X,142,5,-1,-0.7,142.0,-2.7211,81946,11,14,2026-10-02 02:22:24
261920,4,ACE MSCI필리핀(합성),11175,2,30,0.27,11213.0,-19.2684,43,0,11,2026-10-02 02:22:24
412560,2,TIGER BBIG레버리지,1628,2,19,1.18,1643.0,-12.7914,5389,8,11,2026-10-02 02:22:24
465620,4,ACE 미국빅테크TOP7 Plus인버스(합성),6455,2,140,2.22,6458.0,-1.7885,13006,83,6,2026-10-02 02:22:24
