itemcode,etfTabCode,itemname,nowVal,risefall,changeVal,changeRate,nav,threeMonthEarnRate,quant,amonut,marketSum,collected_at
069500,1,KODEX 200,109735,2,1545,1.43,109865.0,-4.3517,22006734,2402768,257274,2026-08-21 04:20:49
360750,4,TIGER 미국S&P500,26210,5,-460,-1.72,26176.0,-2.8518,29967668,786041,201765,2026-08-21 04:20:49
133690,4,TIGER 미국나스닥100,179020,5,-3165,-1.74,178681.0,-5.431,1440682,258144,112460,2026-08-21 04:20:49
102110,1,TIGER 200,109950,2,1515,1.4,110127.0,-4.053,12157497,1330121,105277,2026-08-21 04:20:49
379800,4,KODEX 미국S&P500,23825,5,-425,-1.75,23793.0,-2.79,17089559,407440,99338,2026-08-21 04:20:49
396500,2,TIGER 반도체TOP10,36245,2,45,0.12,36300.0,-17.1625,9610859,347799,97517,2026-08-21 04:20:49
379810,4,KODEX 미국나스닥100,26760,5,-475,-1.74,26714.0,-5.3947,7470060,200094,91104,2026-08-21 04:20:49
488770,7,KODEX 머니마켓액티브,105305,2,25,0.02,105306.0,0.8477,530925,55909,79303,2026-08-21 04:20:49
278530,1,KODEX 200TR,39715,2,540,1.38,39791.0,-4.1591,940960,37246,78517,2026-08-21 04:20:49
459580,6,KODEX CD금리액티브(합성),1075447,2,82,0.01,1075668.0,0.7327,373444,401619,66164,2026-08-21 04:20:49
498400,2,KODEX 200타겟위클리커버드콜,20740,2,255,1.24,20785.0,-4.4651,4927369,101406,59150,2026-08-21 04:20:49
122630,3,KODEX 레버리지,111670,2,2960,2.72,111881.0,-25.0767,15701338,1734823,58403,2026-08-21 04:20:49
381180,4,TIGER 미국필라델피아반도체나스닥,42655,5,-490,-1.14,42452.0,-3.7598,1062664,45339,57563,2026-08-21 04:20:49
0167A0,2,SOL AI반도체TOP2플러스,17545,5,-225,-1.27,17568.0,0.6798,11842414,207666,56705,2026-08-21 04:20:49
091160,2,KODEX 반도체,126185,5,-885,-0.7,126399.0,-9.8763,1208781,152991,55584,2026-08-21 04:20:49
229200,1,KODEX 코스닥150,13780,5,-835,-5.71,13823.0,-16.9131,19155150,265248,48816,2026-08-21 04:20:49
148020,1,RISE 200,110455,2,1395,1.28,110683.0,-4.16,889686,97807,46557,2026-08-21 04:20:49
310970,1,TIGER MSCI Korea TR,49460,2,860,1.77,49404.0,-3.4949,11435,560,44860,2026-08-21 04:20:49
458730,4,TIGER 미국배당다우존스,15257,5,-208,-1.34,15238.0,1.2633,1829824,27974,42910,2026-08-21 04:20:49
0162Z0,7,RISE 삼성전자SK하이닉스채권혼합50,13665,2,155,1.15,13685.0,3.2282,6792100,92574,41938,2026-08-21 04:20:49
411060,5,ACE KRX금현물,28250,2,100,0.36,28194.0,-5.8056,659434,18594,41612,2026-08-21 04:20:49
395160,2,KODEX AI반도체TOP2플러스,40000,5,-210,-0.52,40067.0,6.6154,4312829,172236,40520,2026-08-21 04:20:49
360200,4,ACE 미국S&P500,26495,5,-470,-1.74,26462.0,-2.787,721992,19165,39266,2026-08-21 04:20:49
381170,4,TIGER 미국테크TOP10 INDXX,30330,5,-520,-1.69,30249.0,-10.2676,187437,5691,37427,2026-08-21 04:20:49
395270,2,HANARO Fn K-반도체,56730,5,-175,-0.31,56795.0,4.4607,885999,50093,35882,2026-08-21 04:20:49
423160,6,KODEX KOFR금리액티브(합성),110845,2,25,0.02,110836.0,0.6703,51157,5670,35793,2026-08-21 04:20:49
357870,6,TIGER CD금리투자KIS(합성),57942,2,7,0.01,57943.0,0.7477,98514,5708,35510,2026-08-21 04:20:49
367380,4,ACE 미국나스닥100,30780,5,-545,-1.74,30715.0,-5.4512,637914,19659,34197,2026-08-21 04:20:49
102780,2,KODEX 삼성그룹,26265,2,15,0.06,26298.0,3.1839,347502,9016,33961,2026-08-21 04:20:49
273130,6,KODEX 종합채권(AA-이상)액티브,109435,5,-245,-0.22,109580.0,-0.7376,39080,4277,33441,2026-08-21 04:20:49
233740,3,KODEX 코스닥150레버리지,6715,5,-865,-11.41,6726.0,-41.2176,80059636,544084,33065,2026-08-21 04:20:49
455890,6,RISE 머니마켓액티브,55430,2,10,0.02,55431.0,0.8002,115696,6412,30089,2026-08-21 04:20:49
0043B0,6,TIGER 머니마켓액티브,103427,2,12,0.01,103433.0,0.8828,67355,6966,29792,2026-08-21 04:20:49
487240,2,KODEX AI전력핵심설비,33330,5,-2040,-5.77,33376.0,-27.972,2054253,69020,29264,2026-08-21 04:20:49
139260,2,TIGER 200 IT,136770,5,-730,-0.53,136962.0,1.3963,237187,32354,27682,2026-08-21 04:20:49
481050,6,KODEX CD1년금리플러스액티브(합성),1023575,2,110,0.01,1023624.0,0.7769,5107,5227,25668,2026-08-21 04:20:49
0193T0,2,KODEX SK하이닉스단일종목레버리지,10710,2,630,6.25,10733.0,,26247861,280479,24681,2026-08-21 04:20:49
426030,4,TIME 미국나스닥100액티브,45550,5,-700,-1.51,45372.0,-10.6453,469025,21381,24433,2026-08-21 04:20:49
449170,6,TIGER KOFR금리액티브(합성),111662,2,17,0.02,111661.0,0.6581,40144,4482,24376,2026-08-21 04:20:49
472150,2,TIGER 배당커버드콜액티브,21010,2,280,1.35,21027.0,-2.7414,2890842,60365,24113,2026-08-21 04:20:49
278540,1,KODEX MSCI Korea TR,39275,2,615,1.59,39329.0,-2.9497,32811,1284,23997,2026-08-21 04:20:49
161510,2,PLUS 고배당주,24710,2,45,0.18,24719.0,-3.3292,398688,9782,23455,2026-08-21 04:20:49
486290,4,TIGER 미국나스닥100타겟데일리커버드콜,10550,5,-190,-1.77,10528.0,-5.8801,1518177,16037,23163,2026-08-21 04:20:49
456600,4,TIME 글로벌AI인공지능액티브,57855,5,-420,-0.72,57830.0,-4.8572,65745,3805,21325,2026-08-21 04:20:49
292150,2,TIGER 코리아TOP10,38600,2,715,1.89,38604.0,-4.3028,537227,20632,20786,2026-08-21 04:20:49
284430,6,KODEX 200미국채혼합50,21075,2,5,0.02,21089.0,-4.7688,1168063,24555,20586,2026-08-21 04:20:49
385540,6,RISE 종합채권(A-이상)액티브,102520,5,-190,-0.18,102560.0,-0.6529,282,28,19126,2026-08-21 04:20:49
105190,1,ACE 200,109855,2,1455,1.34,110099.0,-4.5354,267548,29345,18511,2026-08-21 04:20:49
294400,1,KIWOOM 200TR,144010,2,2070,1.46,144191.0,-4.2014,107206,15391,18505,2026-08-21 04:20:49
214980,6,KODEX 단기채권PLUS,114545,2,5,0.0,114571.0,0.6524,13219,1514,18407,2026-08-21 04:20:49
442580,4,PLUS 글로벌HBM반도체,103415,2,1450,1.42,103261.0,6.6467,471016,48584,17736,2026-08-21 04:20:49
0193W0,2,KODEX 삼성전자단일종목레버리지,13760,2,775,5.97,13765.0,,9525943,127801,17685,2026-08-21 04:20:49
441640,4,KODEX 미국배당커버드콜액티브,12695,5,-185,-1.44,12650.0,-0.0446,837998,10638,16681,2026-08-21 04:20:49
477080,6,RISE CD금리액티브(합성),107375,2,5,0.0,107383.0,0.7223,6140,659,16657,2026-08-21 04:20:49
305720,2,KODEX 2차전지산업,13780,5,-530,-3.7,13793.0,-19.4937,1431368,19730,15930,2026-08-21 04:20:49
446770,4,ACE 글로벌반도체TOP4 Plus,77405,5,-410,-0.53,77298.0,-2.8748,59394,4594,15597,2026-08-21 04:20:49
152100,1,PLUS 200,111290,2,1475,1.34,111530.0,-4.3174,386873,42926,15581,2026-08-21 04:20:49
0177N0,7,KODEX 삼성전자SK하이닉스채권혼합50,14440,2,150,1.05,14447.0,3.4283,4169419,60001,15552,2026-08-21 04:20:49
329200,2,TIGER 리츠부동산인프라,4080,3,0,0.0,4074.0,-0.221,1473792,6004,15355,2026-08-21 04:20:49
368590,4,RISE 미국나스닥100,29855,5,-530,-1.74,29798.0,-5.3759,173011,5170,15345,2026-08-21 04:20:49
453850,6,ACE 미국30년국채액티브(H),7145,5,-60,-0.83,7151.0,0.5947,491855,3513,15005,2026-08-21 04:20:49
0195S0,2,TIGER SK하이닉스단일종목레버리지,9065,2,530,6.21,9076.0,,12247426,110964,15003,2026-08-21 04:20:49
379780,4,RISE 미국S&P500,22915,5,-410,-1.76,22882.0,-2.7156,158920,3649,14689,2026-08-21 04:20:49
487230,4,KODEX 미국AI전력핵심인프라,19490,5,-670,-3.32,19470.0,-19.6365,685599,13383,14686,2026-08-21 04:20:49
466920,2,SOL 조선TOP3플러스,27235,5,-1060,-3.75,27238.0,-21.1619,554045,15108,14503,2026-08-21 04:20:49
475630,7,TIGER CD1년금리액티브(합성),1075105,2,120,0.01,1075109.0,0.7847,22812,24525,14490,2026-08-21 04:20:49
091230,2,TIGER 반도체,133710,5,-990,-0.73,133786.0,-8.1768,93051,12436,13612,2026-08-21 04:20:49
436140,6,SOL 종합채권(AA-이상)액티브,105840,5,-200,-0.19,105883.0,-0.6046,2686,284,13566,2026-08-21 04:20:49
232080,1,TIGER 코스닥150,14055,5,-845,-5.67,14082.0,-17.0148,3100440,43756,13063,2026-08-21 04:20:49
157450,6,TIGER 단기통안채,112465,5,-5,0.0,112473.0,0.6442,3333,374,13029,2026-08-21 04:20:49
448330,1,KODEX 삼성전자채권혼합,17710,2,165,0.94,17696.0,2.5671,607789,10702,12928,2026-08-21 04:20:49
390390,4,KODEX 미국반도체,53115,5,-695,-1.29,52900.0,-4.3706,315152,16748,12668,2026-08-21 04:20:49
0072R0,5,TIGER KRX금현물,13470,2,40,0.3,13474.0,-6.0182,451182,6068,12466,2026-08-21 04:20:49
226490,1,KODEX 코스피,70780,2,295,0.42,70874.0,-4.9294,1127058,79792,12422,2026-08-21 04:20:49
438080,7,ACE 미국S&P500미국채혼합50액티브,14045,5,-175,-1.23,14027.0,-4.7237,362535,5102,12261,2026-08-21 04:20:49
0183J0,4,TIGER 미국우주테크,8040,5,-395,-4.68,8009.0,-37.978,1269944,10198,11775,2026-08-21 04:20:49
469150,2,ACE AI반도체TOP3+,57590,5,-910,-1.56,57686.0,-11.3637,307470,17700,11172,2026-08-21 04:20:49
494890,1,KODEX 200액티브,31585,2,365,1.17,31665.0,-4.4283,286431,8976,10928,2026-08-21 04:20:49
445290,2,KODEX 로봇액티브,31180,5,-720,-2.26,31226.0,-11.0707,242474,7508,10851,2026-08-21 04:20:49
497570,4,TIGER 미국필라델피아AI반도체나스닥,21410,5,-240,-1.11,21311.0,-1.9857,448468,9600,10844,2026-08-21 04:20:49
0139F0,6,TIGER 12월자동연장금융채(AA-이상)액티브,102050,2,5,0.0,102055.0,0.7503,157,16,10795,2026-08-21 04:20:49
0195R0,2,TIGER 삼성전자단일종목레버리지,12525,2,720,6.1,12539.0,,6794101,82925,10606,2026-08-21 04:20:49
446720,4,SOL 미국배당다우존스,13995,5,-185,-1.3,13967.0,1.3437,394666,5527,10496,2026-08-21 04:20:49
465580,4,ACE 미국빅테크TOP7 Plus,23885,5,-540,-2.21,23839.0,-5.2744,246291,5892,10402,2026-08-21 04:20:49
479520,6,RISE KOFR금리액티브(합성),106285,2,5,0.0,106290.0,0.6725,5481,582,10317,2026-08-21 04:20:49
449450,2,PLUS K방산,52185,5,-3765,-6.73,52215.0,-16.9759,271661,14325,10171,2026-08-21 04:20:49
494310,2,KODEX 반도체레버리지,76490,5,-1185,-1.53,76968.0,-38.6551,2323524,178640,10135,2026-08-21 04:20:49
295040,1,SOL 200TR,41150,2,580,1.43,41197.0,-4.2596,52853,2153,10123,2026-08-21 04:20:49
449180,4,KODEX 미국S&P500(H),17070,5,-165,-0.96,17054.0,4.5478,418139,7139,10105,2026-08-21 04:20:49
469830,6,SOL 초단기채권액티브,54330,2,5,0.01,54330.0,0.8446,124213,6748,10087,2026-08-21 04:20:49
356540,6,ACE 종합채권(AA-이상)액티브,100880,5,-210,-0.21,100872.0,-0.502,15,1,10085,2026-08-21 04:20:49
237350,1,KODEX 코스피100,87670,2,1020,1.18,87753.0,-3.9739,156499,13638,9951,2026-08-21 04:20:49
315930,2,KODEX Top5PlusTR,82015,2,1515,1.88,82034.0,-4.0525,46393,3778,9924,2026-08-21 04:20:49
451540,6,TIGER 종합채권(AA-이상)액티브,52615,5,-95,-0.18,52636.0,-0.6597,1769,93,9820,2026-08-21 04:20:49
402970,4,ACE 미국배당다우존스,15525,5,-190,-1.21,15485.0,1.3775,252652,3922,9719,2026-08-21 04:20:49
494300,4,KODEX 미국나스닥100데일리커버드콜OTM,9120,5,-170,-1.83,9090.0,-8.6186,1306456,11921,9667,2026-08-21 04:20:49
495050,1,RISE 코리아밸류업,32400,2,40,0.12,32460.0,-4.4898,73227,2364,9639,2026-08-21 04:20:49
479080,6,1Q 머니마켓액티브,53715,2,5,0.01,53715.0,0.8638,25967,1394,9629,2026-08-21 04:20:49
455850,2,SOL AI반도체소부장,22605,5,-1520,-6.3,22660.0,-14.873,1068590,24535,9562,2026-08-21 04:20:49
438100,7,ACE 미국나스닥100미국채혼합50액티브,15170,5,-195,-1.27,15147.0,-5.9094,186114,2826,9284,2026-08-21 04:20:49
0117V0,2,TIGER 코리아AI전력기기TOP3플러스,17365,5,-970,-5.29,17386.0,-25.849,1246347,21791,9247,2026-08-21 04:20:49
0117L0,6,KODEX 26-12 금융채(AA-이상)액티브,10150,3,0,0.0,10149.0,0.6445,6684,67,9219,2026-08-21 04:20:49
487340,6,ACE 머니마켓액티브,105755,2,10,0.01,105763.0,0.8776,4628,489,8657,2026-08-21 04:20:49
305540,2,TIGER 2차전지테마,17410,5,-680,-3.76,17424.0,-18.6418,211660,3685,8566,2026-08-21 04:20:49
475720,3,RISE 200위클리커버드콜,12880,2,130,1.02,12857.0,-6.4075,364356,4662,8295,2026-08-21 04:20:49
144600,5,KODEX 은선물(H),11230,2,305,2.79,11242.0,-11.1428,751960,8369,8288,2026-08-21 04:20:49
0177R0,2,TIGER 반도체TOP10커버드콜액티브,11290,5,-60,-0.53,11309.0,-5.0185,1324756,14954,8219,2026-08-21 04:20:49
153130,6,KODEX 단기채권,113220,3,0,0.0,113224.0,0.6379,5469,619,8026,2026-08-21 04:20:49
441800,1,TIME Korea플러스배당액티브,28960,2,285,0.99,28996.0,-9.9288,152798,4395,7941,2026-08-21 04:20:49
498410,2,KODEX 금융고배당TOP10타겟위클리커버드콜,11450,2,90,0.79,11446.0,-0.8126,1477002,16775,7878,2026-08-21 04:20:49
476550,6,TIGER 미국30년국채커버드콜액티브(H),6835,5,-50,-0.73,6838.0,0.4215,1148143,7845,7799,2026-08-21 04:20:49
0025N0,7,TIGER TDF2045 적격,11970,5,-155,-1.28,11959.0,-2.6105,243799,2921,7733,2026-08-21 04:20:49
0048J0,6,KODEX 미국머니마켓액티브,13835,5,-105,-0.75,13828.0,-6.6876,497241,6890,7707,2026-08-21 04:20:49
069660,1,KIWOOM 200,109680,2,1445,1.34,109829.0,-4.1706,55387,6027,7678,2026-08-21 04:20:49
114800,3,KODEX 인버스,1007,5,-14,-1.37,1008.0,-12.8096,952485939,965278,7654,2026-08-21 04:20:49
371460,4,TIGER 차이나전기차SOLACTIVE,10535,5,-5,-0.05,10613.0,-24.4716,71714,751,7653,2026-08-21 04:20:49
481060,6,KODEX 미국30년국채타겟커버드콜(합성 H),7400,5,-40,-0.54,7441.0,0.5708,324912,2405,7648,2026-08-21 04:20:49
490590,4,RISE 미국AI밸류체인데일리고정커버드콜,14205,5,-130,-0.91,14171.0,-4.862,330473,4696,7628,2026-08-21 04:20:49
466940,2,TIGER 은행고배당플러스TOP10,25440,2,295,1.17,25487.0,3.5403,590792,14898,7607,2026-08-21 04:20:49
457480,4,ACE 테슬라밸류체인액티브,18450,5,-175,-0.94,18364.0,-20.6096,488540,8949,7601,2026-08-21 04:20:49
0061Z0,6,RISE 단기특수은행채액티브,50960,3,0,0.0,50959.0,0.7512,300,15,7279,2026-08-21 04:20:49
272580,6,TIGER 단기채권액티브,57055,2,5,0.01,57055.0,0.6616,15815,902,7197,2026-08-21 04:20:49
458760,4,TIGER 미국배당다우존스타겟커버드콜2호,11270,5,-105,-0.92,11286.0,1.7683,295828,3339,7134,2026-08-21 04:20:49
102970,2,KODEX 증권,18190,5,-455,-2.44,18221.0,-25.9256,613903,11178,7094,2026-08-21 04:20:49
252670,3,KODEX 200선물인버스2X,75,5,-1,-1.32,75.0,-39.2,7396863522,561944,6847,2026-08-21 04:20:49
495850,1,KODEX 코리아밸류업,32190,2,150,0.47,32246.0,-5.0515,64299,2059,6824,2026-08-21 04:20:49
456610,6,TIGER 미국달러SOFR금리액티브(합성),59940,5,-470,-0.78,59936.0,-6.6018,20715,1243,6803,2026-08-21 04:20:49
385560,6,RISE KIS국고채30년Enhanced,50470,5,-255,-0.5,50473.0,-9.565,17427,877,6793,2026-08-21 04:20:49
0127P0,4,ACE 미국대형성장주액티브,10515,5,-145,-1.36,10483.0,-5.4032,33748,355,6772,2026-08-21 04:20:49
0167B0,2,SOL 200타겟위클리커버드콜,12060,2,140,1.17,12071.0,-4.5084,881637,10582,6766,2026-08-21 04:20:49
290130,2,RISE ESG사회책임투자,47660,2,385,0.81,47721.0,-2.5961,66127,3141,6720,2026-08-21 04:20:49
367760,2,RISE 네트워크인프라,57105,5,-875,-1.51,57212.0,-1.8038,119649,6831,6710,2026-08-21 04:20:49
138540,2,TIGER 현대차그룹플러스,51150,5,-730,-1.41,51195.0,-17.5134,93705,4769,6680,2026-08-21 04:20:49
462330,2,KODEX 2차전지산업레버리지,928,5,-74,-7.39,928.0,-44.2094,43900057,40767,6501,2026-08-21 04:20:49
314250,4,KODEX 미국빅테크10(H),61435,5,-415,-0.67,61331.0,7.2702,29744,1825,6500,2026-08-21 04:20:49
364980,2,TIGER 2차전지TOP10,9625,5,-310,-3.12,9626.0,-15.4828,968382,9297,6454,2026-08-21 04:20:49
482730,4,TIGER 미국S&P500타겟데일리커버드콜,11845,5,-225,-1.86,11833.0,-2.896,438455,5206,6379,2026-08-21 04:20:49
434730,2,HANARO 원자력iSelect,53960,5,-2545,-4.5,54066.0,-22.7124,85344,4642,6367,2026-08-21 04:20:49
434060,7,KODEX TDF2050액티브 적격,16850,5,-200,-1.17,16743.0,-4.3338,90050,1518,6302,2026-08-21 04:20:49
491010,4,TIGER 글로벌AI전력인프라액티브,24965,5,-465,-1.83,24896.0,-17.609,60998,1526,6289,2026-08-21 04:20:49
418660,4,TIGER 미국나스닥100레버리지(합성),39510,5,-1445,-3.53,39364.0,-12.8339,263733,10450,6262,2026-08-21 04:20:49
329750,6,TIGER 미국달러단기채권액티브,13065,5,-95,-0.72,13057.0,-6.8978,165552,2165,6188,2026-08-21 04:20:49
0148J0,2,TIGER 코리아휴머노이드로봇산업,9145,5,-440,-4.59,9161.0,-17.5484,2773736,25153,6136,2026-08-21 04:20:49
0219E0,2,KODEX 200커버드콜액티브,8655,2,85,0.99,8658.0,,3842097,33006,6110,2026-08-21 04:20:49
0015B0,4,KoAct 미국나스닥성장기업액티브,18215,5,-350,-1.89,18192.0,-16.0715,249464,4549,5965,2026-08-21 04:20:49
484790,6,KODEX 미국30년국채액티브(H),8235,5,-75,-0.9,8254.0,0.93,497905,4106,5965,2026-08-21 04:20:49
489250,4,KODEX 미국배당다우존스,13130,5,-165,-1.24,13104.0,1.2481,735497,9662,5961,2026-08-21 04:20:49
251600,7,PLUS 고배당주채권혼합,15265,5,-40,-0.26,15304.0,-0.5324,128570,1959,5892,2026-08-21 04:20:49
488080,3,TIGER 반도체TOP10레버리지,34525,5,-475,-1.36,34631.0,-48.6992,5346614,184079,5852,2026-08-21 04:20:49
371160,4,TIGER 차이나항셍테크,7150,5,-75,-1.04,7152.0,-9.675,137460,980,5838,2026-08-21 04:20:49
423920,4,TIGER 미국필라델피아반도체레버리지(합성),83560,5,-2500,-2.9,82875.0,-17.8736,44995,3761,5724,2026-08-21 04:20:49
0101N0,2,RISE AI전력인프라,18155,5,-1035,-5.39,18185.0,-20.1249,186536,3410,5719,2026-08-21 04:20:49
466950,4,TIGER 글로벌AI액티브,30510,5,-320,-1.04,30415.0,-12.9342,34511,1052,5718,2026-08-21 04:20:49
396520,4,TIGER 차이나반도체FACTSET,13790,2,50,0.36,13837.0,-14.2858,278551,3850,5693,2026-08-21 04:20:49
449190,4,KODEX 미국나스닥100(H),22030,5,-220,-0.99,21986.0,1.8142,212110,4671,5618,2026-08-21 04:20:49
0019K0,7,TIME 미국나스닥100채권혼합50액티브,13210,5,-115,-0.86,13189.0,-3.3721,287946,3800,5581,2026-08-21 04:20:49
494670,2,TIGER 조선TOP10,21560,5,-745,-3.34,21567.0,-20.8201,315901,6811,5562,2026-08-21 04:20:49
477050,6,PLUS 머니마켓액티브,53475,3,0,0.0,53478.0,0.8581,4640,248,5555,2026-08-21 04:20:49
0007F0,6,KODEX 27-12 회사채(AA-이상)액티브,10185,2,10,0.1,10184.0,0.6429,29474,300,5547,2026-08-21 04:20:49
491620,4,RISE 미국테크100데일리고정커버드콜,10575,5,-210,-1.95,10558.0,-3.9852,597384,6330,5409,2026-08-21 04:20:49
455030,6,KODEX 미국달러SOFR금리액티브(합성),11895,5,-90,-0.75,11878.0,-6.5457,91857,1093,5402,2026-08-21 04:20:49
438330,6,TIGER 우량회사채액티브,115485,5,-120,-0.1,115630.0,0.8461,1844,212,5369,2026-08-21 04:20:49
365780,6,ACE 국고채10년,82225,5,-235,-0.28,82229.0,0.2248,5855,481,5303,2026-08-21 04:20:49
0105E0,2,SOL 코리아고배당,12760,3,0,0.0,12753.0,-2.7398,399911,5065,5295,2026-08-21 04:20:49
315960,2,RISE 대형고배당10TR,79095,2,1835,2.38,79194.0,-6.4649,63336,4968,5220,2026-08-21 04:20:49
496080,1,TIGER 코리아밸류업,32325,2,175,0.54,32325.0,-4.7832,80950,2595,5204,2026-08-21 04:20:49
444200,2,SOL 코리아메가테크액티브,45770,5,-780,-1.68,45838.0,-10.7982,25646,1170,5195,2026-08-21 04:20:49
0190C0,2,RISE 현대차고정피지컬AI,8570,5,-190,-2.17,8578.0,-17.553,748820,6367,5176,2026-08-21 04:20:49
0091P0,2,TIGER 코리아원자력,15170,5,-695,-4.38,15181.0,-23.579,541660,8306,5143,2026-08-21 04:20:49
277630,1,TIGER 코스피,71910,2,315,0.44,71910.0,-4.5836,385582,27720,5142,2026-08-21 04:20:49
114260,6,KODEX 국고채3년,61790,5,-35,-0.06,61785.0,0.9717,19226,1187,5115,2026-08-21 04:20:49
463250,2,TIGER K방산&우주,33580,5,-2570,-7.11,33580.0,-15.7343,356187,12118,5071,2026-08-21 04:20:49
243880,2,TIGER 200IT레버리지,329100,5,-7380,-2.19,330694.0,-25.5576,145061,47546,5019,2026-08-21 04:20:49
251350,4,KODEX MSCI선진국,39160,5,-560,-1.41,39075.0,-1.9767,15203,595,5012,2026-08-21 04:20:49
361580,1,RISE 200TR,62295,2,755,1.23,62448.0,-4.3073,11830,729,4952,2026-08-21 04:20:49
435420,7,TIGER 미국나스닥100채권혼합50,13995,5,-125,-0.89,13972.0,-2.1716,121896,1707,4933,2026-08-21 04:20:49
462010,2,TIGER 2차전지소재Fn,4525,5,-230,-4.84,4524.0,-27.238,1414787,6406,4905,2026-08-21 04:20:49
476800,7,KODEX 한국부동산리츠인프라,4205,5,-15,-0.36,4215.0,-3.7216,292469,1228,4811,2026-08-21 04:20:49
499660,7,TIGER CD금리플러스액티브(합성),1002085,2,85,0.01,1002087.0,0.7805,9340,9359,4796,2026-08-21 04:20:49
490490,7,SOL 미국배당미국채혼합50,11205,5,-120,-1.06,11173.0,-2.5425,168575,1889,4762,2026-08-21 04:20:49
471230,6,KODEX 국고채10년액티브,103500,5,-405,-0.39,103547.0,0.2363,9388,971,4671,2026-08-21 04:20:49
0162M0,6,KODEX 금융채1~2년(AA-이상)PLUS액티브,10070,3,0,0.0,10067.0,0.9018,12074,121,4654,2026-08-21 04:20:49
448290,4,TIGER 미국S&P500(H),17700,5,-170,-0.95,17685.0,4.3795,61227,1083,4575,2026-08-21 04:20:49
483280,4,KODEX 미국AI테크TOP10타겟커버드콜,11530,5,-190,-1.62,11515.0,-9.8972,95613,1104,4554,2026-08-21 04:20:49
473290,6,KODEX 26-12 회사채(AA-이상)액티브,10870,3,0,0.0,10875.0,0.6015,30638,333,4510,2026-08-21 04:20:49
293180,1,HANARO 200,109970,2,1540,1.42,110141.0,-4.2209,57613,6299,4509,2026-08-21 04:20:49
451000,6,PLUS 종합채권(AA-이상)액티브,107055,3,0,0.0,106902.0,-0.5481,0,0,4508,2026-08-21 04:20:49
451060,1,1Q 200액티브,35115,2,455,1.31,35190.0,-4.9155,29815,1041,4424,2026-08-21 04:20:49
0163Y0,1,KoAct 코스닥액티브,8540,5,-500,-5.53,8545.0,-23.0639,737360,6321,4394,2026-08-21 04:20:49
447770,7,TIGER 테슬라채권혼합Fn,13645,5,-90,-0.66,13644.0,-5.0743,51601,704,4366,2026-08-21 04:20:49
0016X0,6,SOL 중단기회사채(A-이상)액티브,51445,5,-10,-0.02,51446.0,0.9119,642,33,4269,2026-08-21 04:20:49
148070,6,KIWOOM 국고채10년,104165,5,-375,-0.36,104221.0,0.2204,14322,1492,4219,2026-08-21 04:20:49
474220,4,TIGER 미국테크TOP10타겟커버드콜,14710,5,-225,-1.51,14679.0,-8.209,48127,708,4156,2026-08-21 04:20:49
091180,2,KODEX 자동차,28940,5,-395,-1.35,28954.0,-12.6278,120176,3451,4109,2026-08-21 04:20:49
0023A0,4,SOL 미국양자컴퓨팅TOP10,24265,5,-1000,-3.96,24218.0,-15.6569,148806,3616,4052,2026-08-21 04:20:49
480260,6,TIGER 27-04회사채(A+이상)액티브,53775,5,-5,-0.01,53778.0,0.6456,1725,92,4051,2026-08-21 04:20:49
385720,1,TIME 코스피액티브,25655,2,335,1.32,25709.0,-6.7747,51969,1321,3977,2026-08-21 04:20:49
0173Y0,4,KODEX 미국AI광통신네트워크,11230,5,-150,-1.32,11201.0,-19.2484,544685,6100,3964,2026-08-21 04:20:49
0060H0,1,TIGER 토탈월드스탁액티브,12715,5,-120,-0.93,12730.0,-2.383,65787,837,3942,2026-08-21 04:20:49
241180,4,TIGER 일본니케이225,34560,5,-480,-1.37,34583.0,3.592,14450,498,3926,2026-08-21 04:20:49
426020,4,TIME 미국S&P500액티브,31550,5,-655,-2.03,31519.0,-5.0281,103422,3266,3887,2026-08-21 04:20:49
0131V0,4,1Q 미국우주항공테크,11760,5,-450,-3.69,11734.0,-14.3158,49011,575,3851,2026-08-21 04:20:49
458250,6,TIGER 미국30년국채스트립액티브(합성 H),34200,5,-420,-1.21,34374.0,-0.3598,58977,2019,3817,2026-08-21 04:20:49
469070,2,RISE AI&로봇,11210,5,-410,-3.53,11221.0,-16.4029,318637,3564,3744,2026-08-21 04:20:49
439870,6,KODEX 국고채30년액티브,85595,5,-475,-0.55,85609.0,-7.2622,3518,300,3717,2026-08-21 04:20:49
496020,6,WON 전단채플러스액티브,52420,2,5,0.01,52417.0,0.9242,746,39,3712,2026-08-21 04:20:49
462900,2,KoAct 바이오헬스케어액티브,14070,5,-1030,-6.82,14099.0,-12.5145,714703,10100,3700,2026-08-21 04:20:49
471990,2,KODEX AI반도체핵심장비,22400,5,-1575,-6.57,22458.0,-13.9645,856372,19607,3696,2026-08-21 04:20:49
0167Z0,4,KODEX 미국우주항공,8140,5,-385,-4.52,8100.0,-32.2667,225384,1835,3687,2026-08-21 04:20:49
484880,2,SOL 금융지주플러스고배당,21585,2,305,1.43,21599.0,3.1809,331513,7091,3626,2026-08-21 04:20:49
132030,5,KODEX 골드선물(H),25510,2,250,0.99,25514.0,-0.237,73563,1870,3622,2026-08-21 04:20:49
439860,6,KODEX ESG종합채권(A-이상)액티브,113565,5,-40,-0.04,113644.0,0.611,6,0,3614,2026-08-21 04:20:49
310960,1,TIGER 200TR,64105,2,1065,1.69,64155.0,-4.651,25087,1584,3590,2026-08-21 04:20:49
0040Y0,7,SOL 팔란티어커버드콜OTM채권혼합,8175,5,-35,-0.43,8140.0,0.7068,229217,1870,3564,2026-08-21 04:20:49
0043Y0,4,TIME 차이나AI테크액티브,20000,5,-140,-0.7,20099.0,-4.8205,76725,1538,3540,2026-08-21 04:20:49
476760,6,ACE 미국30년국채액티브,8905,5,-165,-1.82,8917.0,-6.9002,569537,5090,3517,2026-08-21 04:20:49
453810,4,KODEX 인도Nifty50,11755,5,-115,-0.97,11801.0,-3.8041,58316,687,3468,2026-08-21 04:20:49
448300,4,TIGER 미국나스닥100(H),22745,5,-230,-1.0,22704.0,1.8011,59500,1353,3457,2026-08-21 04:20:49
385550,6,RISE 단기채권알파액티브,114055,2,10,0.01,114056.0,0.6975,650,74,3443,2026-08-21 04:20:49
0144L0,4,KODEX 미국성장커버드콜액티브,9535,5,-180,-1.85,9504.0,-6.2037,227988,2175,3423,2026-08-21 04:20:49
0182R0,2,1Q K반도체TOP2+,10565,5,-50,-0.47,10585.0,-16.9081,2578607,27199,3418,2026-08-21 04:20:49
0046A0,6,TIGER 미국초단기(3개월이하)국채,9565,5,-75,-0.78,9567.0,-6.9904,577018,5529,3414,2026-08-21 04:20:49
0080G0,2,KODEX 방산TOP10,10185,5,-770,-7.03,10191.0,-14.6973,1427332,14706,3402,2026-08-21 04:20:49
474590,2,WON 반도체밸류체인액티브,42805,5,-1005,-2.29,42811.0,0.3665,43075,1844,3382,2026-08-21 04:20:49
0026S0,4,1Q 미국S&P500,12822,5,-223,-1.71,12805.0,-2.9766,106927,1374,3359,2026-08-21 04:20:49
279530,2,KODEX 고배당주,17225,5,-15,-0.09,17240.0,-0.6125,152595,2618,3359,2026-08-21 04:20:49
0052D0,2,TIGER 코리아배당다우존스,15135,2,5,0.03,15138.0,-3.0428,67516,1013,3352,2026-08-21 04:20:49
456880,7,ACE 미국달러SOFR금리(합성),12130,5,-100,-0.82,12134.0,-6.6769,51911,630,3345,2026-08-21 04:20:49
442570,7,RISE TDF2050액티브 적격,17430,5,-190,-1.08,17290.0,-1.905,110809,1930,3338,2026-08-21 04:20:49
472170,7,TIGER 미국테크TOP10채권혼합,13800,5,-110,-0.79,13763.0,-4.7913,63467,876,3333,2026-08-21 04:20:49
448630,7,RISE 삼성그룹Top3채권혼합,15340,5,-75,-0.49,15364.0,3.1448,127514,1951,3267,2026-08-21 04:20:49
0052S0,7,1Q 미국S&P500미국채혼합50액티브,11555,5,-145,-1.24,11545.0,-4.9005,177749,2059,3224,2026-08-21 04:20:49
0210A0,2,ACE K반도체TOP2+,7155,5,-115,-1.58,7155.0,,1946671,13929,3127,2026-08-21 04:20:49
270810,1,RISE 코스닥150,13700,5,-850,-5.84,13741.0,-16.7859,207511,2856,3121,2026-08-21 04:20:49
385510,2,KODEX 신재생에너지액티브,36425,5,-2430,-6.25,36433.0,-19.6962,80786,2946,3060,2026-08-21 04:20:49
0111P0,7,1Q 미국나스닥100미국채혼합50액티브,10755,5,-160,-1.47,10750.0,-5.9331,193162,2082,3011,2026-08-21 04:20:49
0228G0,2,ACE 반도체Plus전략산업,10315,5,-60,-0.58,10339.0,,696165,7168,2991,2026-08-21 04:20:49
0008S0,4,TIGER 미국배당다우존스타겟데일리커버드콜,10155,5,-105,-1.02,10108.0,1.0502,298201,3026,2955,2026-08-21 04:20:49
190620,6,ACE 단기통안채,101925,2,5,0.0,101935.0,0.6716,7782,793,2951,2026-08-21 04:20:49
485540,4,KODEX 미국AI테크TOP10,14810,5,-225,-1.5,14763.0,-10.0914,73172,1085,2940,2026-08-21 04:20:49
489030,2,PLUS 고배당주위클리커버드콜,6360,5,-15,-0.24,6341.0,-9.0016,327074,2074,2922,2026-08-21 04:20:49
453870,4,TIGER 인도니프티50,11585,5,-60,-0.52,11578.0,-4.39,28227,327,2902,2026-08-21 04:20:49
454780,6,KIWOOM 종합채권(AA-이상)액티브,99215,5,-135,-0.14,99211.0,-0.8533,6,0,2892,2026-08-21 04:20:49
433330,4,SOL 미국S&P500,21905,5,-370,-1.66,21876.0,-2.9632,40281,884,2891,2026-08-21 04:20:49
483320,4,ACE 엔비디아밸류체인액티브,24440,5,-160,-0.65,24369.0,-3.0351,247890,6064,2884,2026-08-21 04:20:49
475080,7,KODEX 테슬라커버드콜채권혼합액티브,7910,5,-15,-0.19,7881.0,-4.6868,55091,435,2875,2026-08-21 04:20:49
136340,6,RISE 중기우량회사채,104205,5,-115,-0.11,104275.0,0.727,35,3,2868,2026-08-21 04:20:49
302450,1,RISE 코스피,71420,2,670,0.95,71441.0,-5.5282,383820,27416,2857,2026-08-21 04:20:49
0038A0,4,KODEX 미국휴머노이드로봇,14905,5,-400,-2.61,14863.0,-13.7646,78184,1166,2839,2026-08-21 04:20:49
364970,2,TIGER 바이오TOP10,7655,5,-265,-3.35,7660.0,10.2296,752114,5744,2832,2026-08-21 04:20:49
441680,7,TIGER 미국나스닥100커버드콜(합성),10755,5,-120,-1.1,10772.0,-2.4925,52966,570,2829,2026-08-21 04:20:49
461490,7,RISE 글로벌자산배분액티브,14675,5,-105,-0.71,14696.0,-1.9569,29367,431,2825,2026-08-21 04:20:49
481190,4,SOL 미국테크TOP10,16465,5,-280,-1.67,16419.0,-10.1181,45189,745,2816,2026-08-21 04:20:49
273140,6,KODEX 단기변동금리부채권액티브,114600,2,10,0.01,114594.0,0.4765,2621,300,2804,2026-08-21 04:20:49
473330,6,SOL 미국30년국채커버드콜(합성),8010,5,-135,-1.66,8045.0,-7.0773,272953,2191,2795,2026-08-21 04:20:49
475300,2,SOL 반도체전공정,20070,5,-1235,-5.8,20109.0,-4.4619,1164782,23786,2780,2026-08-21 04:20:49
0094K0,6,TIGER 28-04 회사채(A+이상)액티브,99600,5,-70,-0.07,99586.0,0.9367,17776,1770,2769,2026-08-21 04:20:49
091170,2,KODEX 은행,15565,2,260,1.7,15574.0,5.8349,888023,13699,2708,2026-08-21 04:20:49
307520,2,TIGER 지주회사,21225,5,-440,-2.03,21234.0,-8.2447,154617,3273,2706,2026-08-21 04:20:49
123320,3,TIGER 레버리지,112645,2,3090,2.82,112559.0,-24.4579,160184,17824,2703,2026-08-21 04:20:49
0119H0,6,KODEX 28-12 회사채(AA-이상)액티브,9930,2,5,0.05,9925.0,0.7102,13483,133,2699,2026-08-21 04:20:49
213610,2,KODEX 삼성그룹밸류,22565,2,135,0.6,22565.0,3.531,9327,208,2685,2026-08-21 04:20:49
497880,6,SOL CD금리&머니마켓액티브,50145,2,10,0.02,50143.0,0.8524,63678,3192,2675,2026-08-21 04:20:49
196230,6,RISE 단기통안채,116825,2,10,0.01,116875.0,0.5855,745,87,2645,2026-08-21 04:20:49
471780,2,TIGER 코리아테크액티브,34415,5,-680,-1.94,34397.0,-7.5475,49453,1702,2636,2026-08-21 04:20:49
423170,4,SOL 글로벌AI반도체탑픽액티브,58055,2,435,0.75,57899.0,-1.0136,16990,981,2624,2026-08-21 04:20:49
471040,4,KoAct 글로벌AI&로봇액티브,28140,5,-590,-2.05,28099.0,-12.9394,14464,406,2575,2026-08-21 04:20:49
0053L0,4,TIGER 차이나휴머노이드로봇,9822,2,2,0.02,9821.0,-26.6843,414254,4029,2568,2026-08-21 04:20:49
283580,4,KODEX 차이나CSI300,15270,5,-45,-0.29,15338.0,-10.49,41684,637,2542,2026-08-21 04:20:49
478150,4,TIME 글로벌우주테크&방산액티브,19995,5,-830,-3.99,19932.0,-9.2593,29692,595,2539,2026-08-21 04:20:49
409820,4,KODEX 미국나스닥100레버리지(합성 H),19680,5,-385,-1.92,19630.0,1.3639,70618,1387,2539,2026-08-21 04:20:49
472920,6,HK 종합채권(AA-이상)액티브,97805,5,-20,-0.02,97726.0,-0.5339,10,0,2522,2026-08-21 04:20:49
0098F0,2,KODEX 원자력SMR,14445,5,-585,-3.89,14466.0,-20.8948,208076,3026,2521,2026-08-21 04:20:49
0183V0,7,KIWOOM 삼성전자&SK하이닉스채권혼합50,11995,2,150,1.27,12004.0,3.329,803020,9587,2519,2026-08-21 04:20:49
495230,1,KoAct 코리아밸류업액티브,31145,2,35,0.11,31157.0,-8.8126,19933,618,2507,2026-08-21 04:20:49
0162Y0,1,TIME 코스닥액티브,7105,5,-515,-6.76,7107.0,-24.2545,393835,2820,2501,2026-08-21 04:20:49
483340,4,ACE 구글밸류체인액티브,21855,5,-275,-1.24,21784.0,-10.1138,342230,7480,2470,2026-08-21 04:20:49
421320,2,PLUS 우주항공,26595,5,-2075,-7.24,26605.0,-32.5412,114085,3079,2460,2026-08-21 04:20:49
139230,2,TIGER 200 중공업,12400,5,-480,-3.73,12406.0,-22.9854,54301,675,2438,2026-08-21 04:20:49
261260,7,KODEX 미국달러선물인버스2X,5330,2,85,1.62,5333.0,16.1683,350341,1860,2434,2026-08-21 04:20:49
0182S0,7,1Q K반도체TOP2채권혼합50,12665,2,170,1.36,12676.0,1.4616,294422,3711,2387,2026-08-21 04:20:49
363580,2,KODEX 200IT TR,55165,5,-485,-0.87,55217.0,2.9126,71576,3938,2372,2026-08-21 04:20:49
245710,4,ACE 베트남VN30(합성),28030,5,-150,-0.53,28253.0,-11.5645,3548,99,2355,2026-08-21 04:20:49
363570,6,KODEX 장기종합채권(AA-이상)액티브,85630,5,-400,-0.46,85726.0,-2.3718,31,2,2349,2026-08-21 04:20:49
493810,4,TIGER 미국AI빅테크10타겟데일리커버드콜,11225,5,-190,-1.66,11191.0,-8.0677,89457,1005,2346,2026-08-21 04:20:49
388420,2,RISE 비메모리반도체액티브,26255,5,-835,-3.08,26274.0,-14.83,42727,1128,2342,2026-08-21 04:20:49
228790,2,TIGER 화장품,4545,5,-15,-0.33,4552.0,27.5524,3744876,16912,2334,2026-08-21 04:20:49
448540,7,ACE 엔비디아채권혼합,26395,5,-105,-0.4,26348.0,-2.3942,9107,240,2323,2026-08-21 04:20:49
472160,4,TIGER 미국테크TOP10 INDXX(H),18460,5,-170,-0.91,18420.0,-3.6712,29449,543,2317,2026-08-21 04:20:49
329650,7,KODEX TRF3070,14030,5,-110,-0.78,14085.0,-1.3923,53951,757,2315,2026-08-21 04:20:49
488980,6,SOL 26-12 회사채(AA-이상)액티브,52080,2,5,0.01,52087.0,0.6863,346,18,2305,2026-08-21 04:20:49
157500,2,TIGER 증권,12365,5,-290,-2.29,12389.0,-25.5441,427468,5294,2292,2026-08-21 04:20:49
437080,6,KODEX 미국종합채권ESG액티브(H),97125,5,-375,-0.38,97109.0,0.4619,2496,242,2287,2026-08-21 04:20:49
0092C0,6,SOL 27-12 회사채(AA-이상)액티브,50235,3,0,0.0,50249.0,0.7723,0,0,2276,2026-08-21 04:20:49
486450,4,SOL 미국AI전력인프라,19605,5,-580,-2.87,19597.0,-13.0707,68995,1354,2274,2026-08-21 04:20:49
452360,4,SOL 미국배당다우존스(H),13655,5,-75,-0.55,13626.0,9.3818,149779,2044,2267,2026-08-21 04:20:49
458260,6,TIGER 미국투자등급회사채액티브(H),46365,5,-245,-0.53,46348.0,0.1998,895,41,2263,2026-08-21 04:20:49
0104N0,2,TIGER 200타겟위클리커버드콜,21185,2,325,1.56,21211.0,-4.796,64132,1351,2224,2026-08-21 04:20:49
498270,4,KIWOOM 미국양자컴퓨팅,14650,5,-465,-3.08,14608.0,-0.5848,37380,548,2190,2026-08-21 04:20:49
414780,4,TIGER 차이나과창판STAR50(합성),13925,2,10,0.07,14015.0,-16.0736,51323,717,2179,2026-08-21 04:20:49
305080,6,TIGER 미국채10년선물,12295,5,-135,-1.09,12306.0,-7.2735,64554,795,2176,2026-08-21 04:20:49
466930,2,SOL 자동차TOP3플러스,26535,5,-315,-1.17,26547.0,-5.3078,161630,4260,2176,2026-08-21 04:20:49
442320,4,RISE 글로벌원자력,34560,5,-1420,-3.95,34660.0,-15.3609,11224,388,2174,2026-08-21 04:20:49
0094M0,2,RISE 코리아밸류업위클리고정커버드콜,17800,2,40,0.23,17792.0,-3.2663,260204,4601,2163,2026-08-21 04:20:49
0204D0,2,KODEX 현대차로보틱스밸류체인TOP3플러스,6605,5,-65,-0.97,6600.0,,502261,3286,2150,2026-08-21 04:20:49
244580,2,KODEX 바이오,8315,5,-410,-4.7,8316.0,-14.2507,340945,2830,2149,2026-08-21 04:20:49
0089D0,2,KODEX 금융고배당TOP10,12935,2,140,1.09,12961.0,1.4026,166122,2136,2147,2026-08-21 04:20:49
267770,3,TIGER 200선물레버리지,85570,2,2175,2.61,85566.0,-25.0281,146833,12151,2139,2026-08-21 04:20:49
463050,2,TIME K바이오액티브,12725,5,-795,-5.88,12729.0,-9.8968,240784,3063,2131,2026-08-21 04:20:49
266160,2,RISE 고배당,33190,2,610,1.87,33236.0,-3.3814,38711,1273,2124,2026-08-21 04:20:49
495060,1,TIME 코리아밸류업액티브,28700,2,290,1.02,28707.0,-10.095,88009,2510,2095,2026-08-21 04:20:49
332930,1,HANARO 200TR,143890,2,1985,1.4,144220.0,-4.3445,954,135,2086,2026-08-21 04:20:49
490090,4,TIGER 미국AI빅테크10,15635,5,-270,-1.7,15583.0,-7.3406,40910,640,2072,2026-08-21 04:20:49
0151S0,4,KODEX 미국AI반도체TOP3플러스,14830,5,-225,-1.49,14782.0,-6.425,114980,1704,2061,2026-08-21 04:20:49
394670,4,TIGER 글로벌리튬&2차전지SOLACTIVE(합성),11460,2,25,0.22,11554.0,-15.8573,9443,107,2031,2026-08-21 04:20:49
0047A0,4,TIGER 차이나테크TOP10,13310,2,30,0.23,13343.0,-11.3781,97762,1293,2016,2026-08-21 04:20:49
422420,2,RISE 2차전지액티브,6245,5,-295,-4.51,6239.0,-26.3381,162584,1013,2007,2026-08-21 04:20:49
433500,2,ACE 원자력TOP10,50505,5,-2705,-5.08,50514.0,-25.4136,16501,843,1970,2026-08-21 04:20:49
0005A0,4,KODEX 미국S&P500데일리커버드콜OTM,9500,5,-160,-1.66,9463.0,-3.182,274200,2608,1948,2026-08-21 04:20:49
0115D0,2,KODEX 조선TOP10,7580,5,-300,-3.81,7586.0,-20.4041,1041308,7895,1933,2026-08-21 04:20:49
302190,6,TIGER 중장기국채,49985,5,-110,-0.22,49999.0,0.6125,4826,241,1929,2026-08-21 04:20:49
0192Z0,6,TIGER 중기종합채권(A-이상)액티브,100875,5,-65,-0.06,100887.0,0.9753,26,2,1927,2026-08-21 04:20:49
495550,1,SOL 코리아밸류업TR,32910,2,55,0.17,32976.0,-4.8096,9248,302,1925,2026-08-21 04:20:49
122090,1,PLUS 코스피50,82800,2,910,1.11,82910.0,-3.3767,23096,1903,1913,2026-08-21 04:20:49
429000,4,TIGER 미국S&P500배당귀족,13675,5,-175,-1.26,13639.0,2.3432,42415,581,1908,2026-08-21 04:20:49
0091C0,6,KODEX 미국10년국채액티브(H),9580,5,-45,-0.47,9583.0,0.7263,35785,342,1907,2026-08-21 04:20:49
0069M0,4,1Q 미국나스닥100,13395,5,-235,-1.72,13369.0,-5.4798,359390,4823,1889,2026-08-21 04:20:49
433980,7,KODEX TDF2040액티브 적격,15855,5,-155,-0.97,15794.0,-1.5517,22075,350,1879,2026-08-21 04:20:49
480040,4,ACE 미국반도체데일리타겟커버드콜(합성),14660,5,-170,-1.15,14616.0,-11.4342,194924,2855,1876,2026-08-21 04:20:49
0082V0,7,KODEX TDF2060액티브 적격,11265,5,-110,-0.97,11205.0,-4.6479,63491,715,1847,2026-08-21 04:20:49
483290,4,KODEX 미국배당다우존스타겟커버드콜,10570,5,-100,-0.94,10582.0,1.2042,347141,3670,1807,2026-08-21 04:20:49
463290,6,1Q 단기금융채액티브,109185,2,20,0.02,109184.0,0.7521,403,43,1807,2026-08-21 04:20:49
473460,4,KODEX 미국서학개미,23120,5,-445,-1.89,23041.0,-11.3808,26151,605,1792,2026-08-21 04:20:49
0040X0,7,SOL 팔란티어미국채커버드콜혼합,9535,5,-145,-1.5,9535.0,3.4119,76062,726,1774,2026-08-21 04:20:49
117700,2,KODEX 건설,6210,5,-365,-5.55,6208.0,-14.2518,728088,4553,1770,2026-08-21 04:20:49
0099L0,6,ACE 우량회사채(AA-이상)액티브,99585,5,-100,-0.1,99636.0,0.9979,17727,1765,1747,2026-08-21 04:20:49
494330,2,ACE 라이프자산주주가치액티브,32645,2,90,0.28,32635.0,13.2573,13277,430,1730,2026-08-21 04:20:49
0190G0,2,KODEX 반도체타겟위클리커버드콜,8785,5,-90,-1.01,8779.0,-10.1563,228216,2009,1704,2026-08-21 04:20:49
200250,4,KIWOOM 인도Nifty50(합성),21570,5,-125,-0.58,21650.0,-4.3009,5130,111,1704,2026-08-21 04:20:49
403790,1,MIDAS 코스피액티브,58210,2,735,1.28,58218.0,-4.4393,1281,74,1703,2026-08-21 04:20:49
0005G0,2,IBK K-AI반도체코어테크,49245,5,-935,-1.86,49339.0,-0.1128,14310,708,1699,2026-08-21 04:20:49
332500,1,ACE 200TR,73790,2,1040,1.43,73907.0,-4.3267,27186,1979,1697,2026-08-21 04:20:49
490600,4,RISE 미국배당100데일리고정커버드콜,9245,5,-90,-0.96,9217.0,1.9786,131179,1213,1696,2026-08-21 04:20:49
0093A0,2,RISE AI반도체TOP10,30845,5,-1155,-3.61,30901.0,-10.2259,113664,3538,1681,2026-08-21 04:20:49
480020,4,ACE 미국빅테크7+데일리타겟커버드콜(합성),10245,5,-195,-1.87,10211.0,-13.9199,171813,1764,1680,2026-08-21 04:20:49
472870,6,RISE 미국30년국채엔화노출(합성 H),6895,5,-125,-1.78,6925.0,-7.9385,181372,1253,1672,2026-08-21 04:20:49
160580,5,TIGER 구리실물,16370,2,35,0.21,16192.0,-1.03,44250,723,1670,2026-08-21 04:20:49
233160,3,TIGER 코스닥150 레버리지,7445,5,-945,-11.26,7429.0,-41.3287,2499832,18795,1645,2026-08-21 04:20:49
337160,2,KODEX 200ESG,48230,2,290,0.6,48301.0,-0.3385,17857,855,1640,2026-08-21 04:20:49
237370,7,KODEX 코리아배당성장채권혼합,15585,5,-40,-0.26,15626.0,-0.5429,29412,457,1621,2026-08-21 04:20:49
0051G0,4,SOL 미국원자력SMR,13185,5,-595,-4.32,13115.0,-7.7644,42867,565,1615,2026-08-21 04:20:49
0064K0,5,KODEX 금액티브,13125,2,5,0.04,13145.0,-6.9834,87345,1145,1613,2026-08-21 04:20:49
494220,2,UNICORN SK하이닉스밸류체인액티브,45050,5,-1630,-3.49,45148.0,-1.9328,106070,4818,1599,2026-08-21 04:20:49
461950,2,KODEX 2차전지핵심소재10,4595,5,-220,-4.57,4599.0,-26.1097,623684,2864,1599,2026-08-21 04:20:49
480030,4,ACE 미국500데일리타겟커버드콜(합성),9925,5,-175,-1.73,9890.0,-4.6444,116240,1154,1588,2026-08-21 04:20:49
272560,6,RISE 단기국공채액티브,114820,5,-5,0.0,114824.0,0.7104,3723,427,1574,2026-08-21 04:20:49
412570,2,TIGER 2차전지TOP10레버리지,1106,5,-79,-6.67,1103.0,-38.9805,3347702,3692,1570,2026-08-21 04:20:49
491610,6,1Q CD금리액티브(합성),104775,2,15,0.01,104756.0,0.721,2134,223,1554,2026-08-21 04:20:49
143860,2,TIGER 헬스케어,38460,5,-1755,-4.36,38494.0,-1.4339,33590,1288,1554,2026-08-21 04:20:49
152870,1,파워 200,110780,2,1640,1.5,110872.0,-4.3525,80076,8817,1551,2026-08-21 04:20:49
464240,6,KIWOOM 26-09회사채(AA-이상)액티브,52370,5,-15,-0.03,52379.0,0.7391,892,46,1545,2026-08-21 04:20:49
0180V0,4,ACE 미국우주테크액티브,8175,5,-405,-4.72,8153.0,-34.3535,78884,646,1541,2026-08-21 04:20:49
354500,1,ACE 코스닥150,13905,5,-865,-5.86,13970.0,-16.6479,143001,1997,1488,2026-08-21 04:20:49
219480,4,KODEX 미국S&P500선물(H),33010,5,-290,-0.87,33006.0,4.2253,959,31,1485,2026-08-21 04:20:49
0151P0,2,RISE 코리아전략산업액티브,14695,5,-185,-1.24,14718.0,-14.7547,174359,2560,1484,2026-08-21 04:20:49
458210,7,KIWOOM CD금리액티브(합성),110510,3,0,0.0,110479.0,0.7337,374,41,1484,2026-08-21 04:20:49
138520,2,TIGER 삼성그룹,36870,2,470,1.29,36875.0,3.2624,69733,2557,1482,2026-08-21 04:20:49
491820,2,HANARO 전력설비투자,39880,5,-2320,-5.5,39945.0,-27.888,52068,2097,1476,2026-08-21 04:20:49
486830,6,HANARO 머니마켓액티브,53245,3,0,0.0,53245.0,0.8141,2415,128,1470,2026-08-21 04:20:49
0048K0,4,KODEX 차이나휴머노이드로봇,8515,2,40,0.47,8522.0,-27.6738,432394,3643,1469,2026-08-21 04:20:49
0127M0,4,ACE 미국대형가치주액티브,12310,5,-240,-1.91,12365.0,4.1323,52831,651,1459,2026-08-21 04:20:49
0153K0,2,KODEX 주주환원고배당주,11810,2,55,0.47,11812.0,3.2385,133077,1559,1453,2026-08-21 04:20:49
0104H0,7,KoAct 미국나스닥채권혼합50액티브,11645,5,-90,-0.77,11657.0,-7.9247,57987,674,1444,2026-08-21 04:20:49
245340,4,TIGER 미국다우존스30,35545,5,-755,-2.08,35493.0,0.6654,22305,794,1422,2026-08-21 04:20:49
0041E0,4,KODEX 미국S&P500액티브,16005,5,-355,-2.17,15988.0,-5.5072,90335,1447,1408,2026-08-21 04:20:49
451530,6,TIGER 국고채30년스트립액티브,33655,5,-215,-0.63,33533.0,-15.3568,22016,739,1385,2026-08-21 04:20:49
495330,1,1Q 코리아밸류업,32080,2,235,0.74,32108.0,-4.906,1992,63,1379,2026-08-21 04:20:49
481180,4,SOL 미국AI소프트웨어,15700,5,-280,-1.75,15664.0,13.7366,76412,1205,1366,2026-08-21 04:20:49
457990,2,PLUS 태양광&ESS,36280,5,-2905,-7.41,36265.0,-6.5244,300863,11025,1361,2026-08-21 04:20:49
0131W0,6,1Q 단기특수은행채액티브,102050,2,15,0.01,102051.0,0.6907,118,12,1344,2026-08-21 04:20:49
0184L0,6,PLUS 중기종합채권(A-이상)액티브,100590,3,0,0.0,100556.0,0.8319,0,0,1343,2026-08-21 04:20:49
476450,6,KIWOOM 머니마켓액티브,52740,2,5,0.01,52737.0,0.7931,425,22,1336,2026-08-21 04:20:49
304660,6,KODEX 미국30년국채울트라선물(H),7250,5,-50,-0.68,7253.0,0.4817,3826,27,1334,2026-08-21 04:20:49
0005D0,2,SOL 전고체배터리&실리콘음극재,13415,5,-695,-4.93,13435.0,-29.3264,223628,3008,1328,2026-08-21 04:20:49
192090,4,TIGER 차이나CSI300,12435,5,-35,-0.28,12537.0,-11.8417,14718,183,1318,2026-08-21 04:20:49
271050,5,KODEX WTI원유선물인버스(H),1958,5,-42,-2.1,1950.0,10.1928,1345922,2638,1309,2026-08-21 04:20:49
0074K0,2,KoAct K수출핵심기업TOP30액티브,16885,5,-460,-2.65,16904.0,-9.9663,25434,429,1309,2026-08-21 04:20:49
476030,4,SOL 미국나스닥100,16965,5,-305,-1.77,16935.0,-5.3113,224266,3806,1298,2026-08-21 04:20:49
0168K0,2,TIGER 기술이전바이오액티브,6280,5,-480,-7.1,6288.0,-11.5184,822178,5206,1292,2026-08-21 04:20:49
182480,7,TIGER 미국MSCI리츠(합성 H),13885,2,35,0.25,14070.0,3.0878,9808,136,1291,2026-08-21 04:20:49
325010,2,KODEX 성장주,42985,5,-45,-0.1,42983.0,-4.8009,4430,189,1290,2026-08-21 04:20:49
0199C0,2,ACE 고배당주Plus커버드콜액티브,9205,2,20,0.22,9200.0,,608617,5559,1275,2026-08-21 04:20:49
448100,1,WON 200,113295,2,2095,1.88,113148.0,-4.5085,11976,1344,1275,2026-08-21 04:20:49
0193G0,1,KoAct 코스피액티브,8470,2,75,0.89,8476.0,-8.0504,134051,1132,1271,2026-08-21 04:20:49
488720,7,WON 종합채권(AA-이상)액티브,48460,5,-70,-0.14,48470.0,-0.6348,3,0,1268,2026-08-21 04:20:49
139220,2,TIGER 200 건설,7365,5,-190,-2.51,7362.0,-11.9977,168613,1239,1265,2026-08-21 04:20:49
463680,4,KODEX 미국S&P500테크놀로지,22095,5,-265,-1.19,21853.0,-1.057,14381,317,1259,2026-08-21 04:20:49
114820,6,TIGER 국채3년,105055,5,-55,-0.05,105069.0,0.8539,1065,111,1255,2026-08-21 04:20:49
251340,3,KODEX 코스닥150선물인버스,2475,2,140,6.0,2487.0,4.0089,40400816,99108,1245,2026-08-21 04:20:49
0123G0,4,TIGER 미국AI전력SMR,6375,5,-260,-3.92,6346.0,-13.943,114699,729,1237,2026-08-21 04:20:49
447620,7,SOL 미국TOP5채권혼합50,15650,5,-230,-1.45,15714.0,-2.8747,43422,682,1236,2026-08-21 04:20:49
0000Y0,6,HK 26-12 회사채(AA-이상)액티브,101775,5,-25,-0.02,101794.0,0.6874,21,2,1231,2026-08-21 04:20:49
411420,4,KODEX 미국나스닥AI테크액티브,25915,5,-495,-1.87,25845.0,-11.12,9978,259,1231,2026-08-21 04:20:49
471760,2,TIGER AI반도체핵심공정,13285,5,-940,-6.61,13308.0,-25.5626,564648,7603,1216,2026-08-21 04:20:49
0176E0,4,RISE 미국AI전력인프라액티브,9760,5,-405,-3.98,9783.0,-16.3719,26558,261,1215,2026-08-21 04:20:49
0191W0,6,HANARO 중기종합채권(A-이상)액티브,100900,3,0,0.0,100870.0,0.8697,0,0,1211,2026-08-21 04:20:49
0181B0,4,HANARO 미국AI메모리반도체TOP4+,9920,5,-115,-1.15,9877.0,5.4096,328610,3250,1210,2026-08-21 04:20:49
328370,1,PLUS 코스피TR,38830,2,470,1.23,38740.0,-4.9201,101,3,1204,2026-08-21 04:20:49
498180,6,파워 종합채권(AA-이상)액티브,92985,3,0,0.0,92974.0,-0.7684,0,0,1186,2026-08-21 04:20:49
332940,1,HANARO MSCI Korea TR,49345,2,1170,2.43,49228.0,-3.9574,201,9,1184,2026-08-21 04:20:49
464930,4,TIGER 글로벌혁신블루칩TOP10,21285,5,-415,-1.91,21285.0,-1.5874,23135,492,1181,2026-08-21 04:20:49
372330,4,KODEX 차이나항셍테크,7140,5,-60,-0.83,7138.0,-9.861,26145,186,1178,2026-08-21 04:20:49
319640,4,TIGER 골드선물(H),26750,2,260,0.98,26766.0,-0.768,20023,533,1177,2026-08-21 04:20:49
399110,4,SOL 미국S&P500ESG,20925,5,-385,-1.81,20908.0,-1.9916,7548,158,1172,2026-08-21 04:20:49
461500,6,HANARO 종합채권(AA-이상)액티브,104580,5,-55,-0.05,104670.0,-0.6599,34,3,1169,2026-08-21 04:20:49
367770,2,RISE 수소경제테마,22155,5,-915,-3.97,22161.0,-17.4303,75066,1665,1163,2026-08-21 04:20:49
0092B0,2,SOL 한국원자력SMR,14150,5,-600,-4.07,14149.0,-22.896,55503,790,1160,2026-08-21 04:20:49
488500,4,TIGER 미국S&P500동일가중,12820,5,-230,-1.76,12808.0,2.4186,175657,2261,1160,2026-08-21 04:20:49
377990,2,TIGER Fn신재생에너지,23160,5,-1610,-6.5,23188.0,-20.5393,93206,2179,1158,2026-08-21 04:20:49
309230,4,ACE 미국WideMoat동일가중,31375,5,-655,-2.04,31492.0,5.8548,2314,72,1155,2026-08-21 04:20:49
464310,4,TIGER 글로벌AI&로보틱스 INDXX,13900,5,-250,-1.77,13864.0,-13.6669,15705,218,1147,2026-08-21 04:20:49
491230,6,PLUS 국공채머니마켓액티브,52465,2,40,0.08,52458.0,0.7107,2291,120,1138,2026-08-21 04:20:49
0122W0,6,RISE 26-11 회사채(AA-이상)액티브,50950,5,-10,-0.02,50958.0,0.6716,421,21,1138,2026-08-21 04:20:49
266370,2,KODEX IT,66855,5,-685,-1.01,66921.0,-1.81,16934,1130,1137,2026-08-21 04:20:49
0135Y0,6,IBK 중기종합채권(AA-이상)액티브,100375,5,-60,-0.06,100376.0,0.7018,19,1,1131,2026-08-21 04:20:49
0174B0,7,KoAct 글로벌AI메모리반도체액티브,14475,3,0,0.0,14440.0,2.6959,40582,585,1115,2026-08-21 04:20:49
304940,4,KODEX 미국나스닥100선물(H),32225,5,-340,-1.04,32162.0,1.591,5455,175,1112,2026-08-21 04:20:49
326240,2,RISE IT플러스,43180,5,-570,-1.3,43186.0,-3.899,187,8,1105,2026-08-21 04:20:49
0132K0,7,PLUS 테슬라위클리커버드콜채권혼합,7970,5,-25,-0.31,7978.0,-4.4884,47628,379,1088,2026-08-21 04:20:49
469170,2,ACE 포스코그룹포커스,5385,5,-230,-4.1,5390.0,-23.107,416564,2235,1080,2026-08-21 04:20:49
0000J0,2,PLUS 한화그룹주,27660,5,-1715,-5.84,27702.0,-16.7848,94835,2649,1079,2026-08-21 04:20:49
168580,4,ACE 중국본토CSI300,34540,5,-35,-0.1,34676.0,-10.6705,183,6,1078,2026-08-21 04:20:49
0080Y0,2,SOL 조선TOP3플러스레버리지,8415,5,-710,-7.78,8419.0,-45.1623,349419,2961,1077,2026-08-21 04:20:49
438570,6,SOL 국고채10년,97855,5,-425,-0.43,97913.0,0.3369,222,21,1074,2026-08-21 04:20:49
0221V0,6,IBK 초단기채권액티브,100335,2,10,0.01,100352.0,,320,32,1073,2026-08-21 04:20:49
0036R0,4,RISE 미국휴머노이드로봇,19085,5,-415,-2.13,18971.0,-8.0232,6774,129,1069,2026-08-21 04:20:49
0193M0,6,BNK 27-12 특수채(AAA이상)액티브,50385,3,0,0.0,50361.0,,0,0,1065,2026-08-21 04:20:49
0138Y0,7,PLUS 금채권혼합,10000,3,0,0.0,9983.0,-2.8183,107485,1072,1065,2026-08-21 04:20:49
0177X0,2,ACE K휴머노이드로봇산업TOP2+,9650,5,-370,-3.69,9651.0,-16.9155,228098,2177,1062,2026-08-21 04:20:49
0091M0,6,HANARO 27-06 회사채(AA-이상)액티브,10155,3,0,0.0,10155.0,0.6941,0,0,1059,2026-08-21 04:20:49
261270,7,KODEX 미국달러선물인버스,8085,2,65,0.81,8093.0,8.0134,54245,437,1056,2026-08-21 04:20:49
0137V0,4,KIWOOM 미국S&P500모멘텀,11560,5,-55,-0.47,11452.0,-2.6746,60415,698,1052,2026-08-21 04:20:49
496090,1,KIWOOM 코리아밸류업,32335,2,435,1.36,32262.0,-5.6294,1061,34,1051,2026-08-21 04:20:49
394660,4,TIGER 글로벌자율주행&전기차SOLACTIVE,15925,5,-205,-1.27,15930.0,-14.6787,2996,47,1045,2026-08-21 04:20:49
0209D0,2,KODEX 전고체배터리ESS TOP2플러스,7580,5,-285,-3.62,7591.0,,452629,3428,1027,2026-08-21 04:20:49
465780,6,마이티 26-09 특수채(AAA)액티브,106325,3,0,0.0,106334.0,0.7056,0,0,1024,2026-08-21 04:20:49
203780,4,TIGER 미국나스닥바이오,36035,5,-1290,-3.46,35996.0,19.059,15596,564,1023,2026-08-21 04:20:49
476850,1,KoAct 배당성장액티브,21615,2,420,1.98,21633.0,-4.2925,137221,2955,1016,2026-08-21 04:20:49
475280,6,ACE 8월만기자동연장회사채AA-이상액티브,10720,3,0,0.0,10727.0,0.7045,100,1,1010,2026-08-21 04:20:49
0085P0,6,ACE 미국10년국채액티브,9845,5,-115,-1.15,9837.0,-6.4409,120012,1183,1004,2026-08-21 04:20:49
114100,6,RISE 국고채3년,106555,5,-95,-0.09,106589.0,0.9331,152,16,1004,2026-08-21 04:20:49
455860,2,SOL 2차전지소부장Fn,4215,5,-195,-4.42,4222.0,-27.4672,163780,690,1003,2026-08-21 04:20:49
0007N0,1,아이엠에셋 200,110620,2,1785,1.64,110363.0,-4.2586,33,3,996,2026-08-21 04:20:49
465610,4,ACE 미국빅테크TOP7 Plus레버리지(합성),41075,5,-2000,-4.64,41006.0,-12.047,6065,250,986,2026-08-21 04:20:49
0052T0,6,1Q 중단기회사채(A-이상)액티브,50650,5,-30,-0.06,50692.0,0.8155,70,3,980,2026-08-21 04:20:49
0035T0,7,PLUS 글로벌휴머노이드로봇액티브,19455,5,-390,-1.97,19401.0,-10.102,12940,249,953,2026-08-21 04:20:49
481430,6,RISE 국고채10년액티브,97825,5,-475,-0.48,97877.0,0.3829,71,6,950,2026-08-21 04:20:49
195980,4,PLUS 신흥국MSCI(합성 H),15270,5,-30,-0.2,15401.0,6.0658,21439,327,950,2026-08-21 04:20:49
0142D0,4,TIGER 미국AI데이터센터TOP4Plus,10485,5,-255,-2.37,10428.0,-11.9673,129188,1350,949,2026-08-21 04:20:49
473440,6,ACE 11월만기자동연장회사채AA-이상액티브,10845,2,15,0.14,10843.0,0.6505,565,6,944,2026-08-21 04:20:49
475050,2,ACE KPOP포커스,6520,5,-270,-3.98,6518.0,-21.321,351412,2290,942,2026-08-21 04:20:49
308620,6,KODEX 미국10년국채선물,11575,5,-120,-1.03,11570.0,-6.7013,45371,526,938,2026-08-21 04:20:49
433970,7,KODEX TDF2030액티브 적격,14000,5,-95,-0.67,13926.0,-0.7658,17129,239,931,2026-08-21 04:20:49
485690,4,RISE 미국AI밸류체인TOP3Plus,21770,5,-185,-0.84,21715.0,-4.0668,18281,398,925,2026-08-21 04:20:49
204480,4,TIGER 차이나CSI300레버리지(합성),24595,5,-340,-1.36,25041.0,-24.77,8277,204,915,2026-08-21 04:20:49
211900,2,KODEX 코리아배당성장,27630,2,15,0.05,27612.0,-4.4882,2312,63,912,2026-08-21 04:20:49
143850,4,TIGER 미국S&P500선물(H),77140,5,-715,-0.92,77105.0,3.7859,628,48,906,2026-08-21 04:20:49
468380,6,KODEX iShares미국하이일드액티브,10985,5,-105,-0.95,10974.0,-5.6598,44776,492,900,2026-08-21 04:20:49
325020,2,KODEX 배당가치,29020,2,185,0.64,29071.0,-0.8758,3677,106,900,2026-08-21 04:20:49
486240,2,DAISHIN AI반도체&인프라액티브,28110,5,-505,-1.76,28083.0,-7.9312,682,18,900,2026-08-21 04:20:49
269540,4,PLUS 미국S&P500(H),29917,5,-283,-0.94,29884.0,2.9838,9393,280,898,2026-08-21 04:20:49
298770,4,KODEX 한국대만IT프리미어,80750,3,0,0.0,80737.0,3.4659,16681,1353,888,2026-08-21 04:20:49
453080,4,KIWOOM 미국나스닥100(H),22740,5,-225,-0.98,22693.0,1.42,3378,76,887,2026-08-21 04:20:49
0008T0,2,SOL 화장품TOP3플러스,18265,3,0,0.0,18287.0,26.0089,1200816,21755,886,2026-08-21 04:20:49
0066W0,5,SOL 국제금,13280,2,15,0.11,13256.0,-6.847,64041,849,883,2026-08-21 04:20:49
0197X0,2,SOL SK하이닉스선물단일종목인버스2X,6690,5,-470,-6.56,6687.0,,15584038,105070,883,2026-08-21 04:20:49
495040,1,PLUS 코리아밸류업,32010,2,290,0.91,32003.0,-5.1032,198,6,880,2026-08-21 04:20:49
329670,7,KODEX TRF7030,21985,5,-225,-1.01,22003.0,-1.8588,11096,243,879,2026-08-21 04:20:49
444490,4,WON 미국S&P500,20095,5,-355,-1.74,20081.0,-3.0576,4639,93,874,2026-08-21 04:20:49
108450,2,ACE 삼성그룹섹터가중,39610,5,-50,-0.13,39616.0,1.4451,3715,145,871,2026-08-21 04:20:49
479620,4,SOL 미국AI반도체칩메이커,24380,5,-500,-2.01,24386.0,-6.0601,44768,1096,865,2026-08-21 04:20:49
292770,6,KODEX 국채선물3년인버스,57695,2,65,0.11,57682.0,-0.1041,179,10,865,2026-08-21 04:20:49
0162L0,4,KODEX 차이나AI반도체TOP10,13480,2,305,2.31,13504.0,-14.8526,422162,5662,863,2026-08-21 04:20:49
460960,7,ACE 글로벌인컴TOP10,11160,5,-130,-1.15,11125.0,-3.7642,33645,376,859,2026-08-21 04:20:49
359210,1,KODEX 코스피TR,35710,2,165,0.46,35778.0,-5.1755,18657,664,857,2026-08-21 04:20:49
329660,7,KODEX TRF5050,17815,5,-160,-0.89,17849.0,-1.0492,3725,66,837,2026-08-21 04:20:49
454320,2,HANARO CAPEX설비투자iSelect,38700,5,-2160,-5.29,38759.0,-21.9708,1872,72,832,2026-08-21 04:20:49
461460,6,PLUS 국고채10년액티브,51175,5,-200,-0.39,51185.0,0.2536,58,2,830,2026-08-21 04:20:49
130730,6,KIWOOM 단기자금,102965,3,0,0.0,102973.0,0.6943,1837,189,824,2026-08-21 04:20:49
0017Y0,6,1Q 종합채권(AA-이상)액티브,93480,5,-165,-0.18,93550.0,-0.7262,5,0,816,2026-08-21 04:20:49
453330,4,RISE 미국S&P500(H),18090,5,-185,-1.01,18079.0,4.8758,28044,507,814,2026-08-21 04:20:49
138530,2,TIGER LG그룹플러스,12035,5,-290,-2.35,12034.0,1.3569,53757,644,806,2026-08-21 04:20:49
337140,2,KODEX 코스피대형주,36610,2,360,0.99,36650.0,-4.7654,42344,1544,805,2026-08-21 04:20:49
449770,4,KIWOOM 미국S&P500,20980,5,-355,-1.66,20957.0,-2.9725,5414,113,797,2026-08-21 04:20:49
0057H0,7,PLUS 미국S&P500미국채혼합50액티브,11650,5,-145,-1.23,11638.0,-4.8017,233357,2720,792,2026-08-21 04:20:49
495750,1,HANARO 코리아밸류업,32195,2,290,0.91,32207.0,-5.0602,102,3,789,2026-08-21 04:20:49
364960,2,TIGER BBIG,6480,5,-240,-3.57,6481.0,-7.054,24355,157,784,2026-08-21 04:20:49
490480,2,SOL K방산,28435,5,-2060,-6.76,28453.0,-14.9017,32103,923,782,2026-08-21 04:20:49
157490,2,TIGER 소프트웨어,8335,5,-310,-3.59,8334.0,0.6988,92956,777,782,2026-08-21 04:20:49
492500,7,1Q 현대차그룹채권(A+이상)&국고통안,51295,5,-40,-0.08,51317.0,0.6272,104,5,781,2026-08-21 04:20:49
458030,6,WON 국공채머니마켓액티브,55015,2,5,0.01,55005.0,0.7416,1032,56,780,2026-08-21 04:20:49
0049M0,4,ACE 미국배당퀄리티+커버드콜액티브,11300,5,-100,-0.88,11269.0,-4.7039,34184,386,780,2026-08-21 04:20:49
0018C0,2,PLUS 고배당주위클리고정커버드콜,10465,5,-40,-0.38,10458.0,-7.0735,64186,668,780,2026-08-21 04:20:49
0080X0,7,SOL 미국S&P500미국채혼합50,10975,5,-160,-1.44,10958.0,-4.8299,132384,1459,779,2026-08-21 04:20:49
434960,1,DAISHIN K200,110490,2,1565,1.44,110648.0,-4.3412,2302,252,773,2026-08-21 04:20:49
469060,4,RISE 미국반도체NYSE,34800,5,-450,-1.28,34651.0,-2.44,1903,66,766,2026-08-21 04:20:49
365040,1,TIGER AI코리아그로스액티브,36320,3,0,0.0,36342.0,-2.4705,6524,236,763,2026-08-21 04:20:49
438560,6,SOL 국고채3년,100335,5,-100,-0.1,100380.0,0.9092,328,32,763,2026-08-21 04:20:49
0098N0,2,PLUS 자사주매입고배당주,12605,2,50,0.4,12610.0,2.5168,16757,209,756,2026-08-21 04:20:49
210780,2,TIGER 코스피고배당,22900,5,-90,-0.39,22952.0,-3.5889,5928,135,756,2026-08-21 04:20:49
412770,4,TIGER 글로벌AI플랫폼액티브,12370,5,-190,-1.51,12421.0,-13.1097,6341,78,752,2026-08-21 04:20:49
272910,6,ACE 중장기국공채액티브,106020,5,-160,-0.15,105998.0,0.8357,12,1,729,2026-08-21 04:20:49
228810,2,TIGER 미디어컨텐츠,3010,5,-110,-3.53,3015.0,-21.1126,201722,606,728,2026-08-21 04:20:49
292190,1,KODEX KRX300,48490,2,465,0.97,48405.0,-4.0565,3176,153,727,2026-08-21 04:20:49
0113D0,4,TIME 글로벌탑픽액티브,12000,5,-175,-1.44,11982.0,-2.4049,14255,170,726,2026-08-21 04:20:49
211560,2,TIGER 배당성장,34600,2,55,0.16,34560.0,-4.8309,6288,215,716,2026-08-21 04:20:49
0102A0,4,TIGER 미국AI소프트웨어TOP4Plus,8510,5,-60,-0.7,8516.0,4.5121,19579,166,715,2026-08-21 04:20:49
441540,2,HANARO Fn조선해운,26370,5,-715,-2.64,26360.0,-15.6756,9435,247,712,2026-08-21 04:20:49
473640,4,HANARO 글로벌금채굴기업,36490,2,1125,3.18,36016.0,7.4924,38764,1409,712,2026-08-21 04:20:49
0022T0,4,SOL 국제금커버드콜액티브,13655,2,5,0.04,13621.0,-6.7655,44842,611,710,2026-08-21 04:20:49
0225V0,4,KODEX 미국CPU반도체TOP10,10055,5,-140,-1.37,10068.0,,26274,264,704,2026-08-21 04:20:49
0098Z0,1,FOCUS 200,93845,2,1165,1.26,93819.0,-4.151,38,3,704,2026-08-21 04:20:49
266420,2,KODEX 헬스케어,17465,5,-680,-3.75,17478.0,-1.8128,29838,518,699,2026-08-21 04:20:49
475350,4,RISE 버크셔포트폴리오TOP10,14535,5,-290,-1.96,14515.0,-0.9883,24661,358,690,2026-08-21 04:20:49
475310,2,SOL 반도체후공정,25010,5,-1540,-5.8,25048.0,-15.4728,168150,4252,688,2026-08-21 04:20:49
277640,2,TIGER 코스피대형주,37905,2,435,1.16,37893.0,-4.6846,9706,366,682,2026-08-21 04:20:49
440640,6,ACE 단기채권알파액티브,112610,2,10,0.01,112625.0,0.8192,98,11,681,2026-08-21 04:20:49
458750,4,TIGER 미국배당다우존스타겟커버드콜1호,13300,5,-90,-0.67,13304.0,0.9638,70132,932,678,2026-08-21 04:20:49
100910,1,KIWOOM KRX100,17340,2,235,1.37,17368.0,-4.0989,3637,62,676,2026-08-21 04:20:49
0190Y0,4,TIGER 구글밸류체인,8540,5,-80,-0.93,8511.0,-12.4875,27428,233,675,2026-08-21 04:20:49
278620,6,PLUS 단기채권액티브,118990,5,-25,-0.02,119000.0,0.8131,12,1,666,2026-08-21 04:20:49
0115E0,2,KODEX 코리아소버린AI,14570,5,-225,-1.52,14593.0,1.966,25681,371,663,2026-08-21 04:20:49
228800,2,TIGER 여행레저,2555,5,-10,-0.39,2558.0,-15.486,85532,217,661,2026-08-21 04:20:49
491220,1,PLUS 200TR,131210,2,2610,2.03,130526.0,-4.649,836,107,656,2026-08-21 04:20:49
433880,7,PLUS TDF2060액티브 적격,18570,5,-225,-1.2,18486.0,-3.3089,10403,193,656,2026-08-21 04:20:49
491700,1,HK 200,109125,2,230,0.21,110794.0,-4.5158,468,50,655,2026-08-21 04:20:49
298340,6,PLUS 국채선물3년,56495,5,-40,-0.07,56468.0,1.3081,7938,448,649,2026-08-21 04:20:49
453950,4,TIGER TSMC파운드리밸류체인,33150,5,-330,-0.99,33094.0,2.3383,5171,171,646,2026-08-21 04:20:49
0123S0,2,HANARO 26-12 은행채(AA+이상)액티브,10195,2,15,0.15,10183.0,0.6923,6,0,632,2026-08-21 04:20:49
306950,3,KODEX KRX300레버리지,78240,2,1290,1.68,78983.0,-25.6199,2008,156,626,2026-08-21 04:20:49
419890,6,KIWOOM 단기채권ESG액티브,107515,5,-25,-0.02,107517.0,0.7211,109,11,624,2026-08-21 04:20:49
0000D0,7,TIGER 엔비디아미국채커버드콜밸런스(합성),9090,5,-120,-1.3,9083.0,-7.3952,32294,293,623,2026-08-21 04:20:49
252400,3,RISE 200선물레버리지,103770,2,2790,2.76,103622.0,-24.6728,21647,2228,623,2026-08-21 04:20:49
453640,4,KODEX 미국S&P500헬스케어,14380,5,-385,-2.61,14381.0,10.6454,28478,409,618,2026-08-21 04:20:49
455660,6,ACE 미국하이일드액티브(H),9470,5,-15,-0.16,9460.0,1.4297,9309,88,616,2026-08-21 04:20:49
465330,2,RISE 2차전지TOP10,10610,5,-330,-3.02,10618.0,-18.1445,149747,1587,615,2026-08-21 04:20:49
0040S0,4,HANARO 글로벌피지컬AI액티브,23515,5,-540,-2.24,23552.0,-10.4264,20937,493,611,2026-08-21 04:20:49
0194T0,2,ACE SK하이닉스단일종목레버리지,9095,2,590,6.94,9133.0,,150984,1363,609,2026-08-21 04:20:49
0210E0,2,PLUS 200커버드콜액티브,7585,2,65,0.86,7588.0,,106281,800,607,2026-08-21 04:20:49
275980,4,TIGER 글로벌4차산업혁신기술(합성 H),23765,5,-185,-0.77,23853.0,5.113,1157,27,604,2026-08-21 04:20:49
0172V0,5,1Q 은액티브,8990,2,200,2.28,8910.0,-17.2317,159979,1427,602,2026-08-21 04:20:49
479730,4,TIGER 인도빌리언컨슈머,10190,5,-105,-1.02,10175.0,2.5795,16306,166,601,2026-08-21 04:20:49
495940,4,RISE 미국AI테크액티브,19015,5,-275,-1.43,18967.0,-14.2882,6717,127,599,2026-08-21 04:20:49
261070,2,TIGER 코스닥150바이오테크,12945,5,-875,-6.33,12969.0,-9.6733,198150,2580,598,2026-08-21 04:20:49
0181L0,4,SOL 미국우주항공TOP10,7425,5,-395,-5.05,7389.0,-34.3134,56166,417,598,2026-08-21 04:20:49
0197W0,2,SOL SK하이닉스단일종목레버리지,8905,2,480,5.7,8948.0,,258123,2277,594,2026-08-21 04:20:49
476750,6,ACE 미국30년국채엔화노출액티브(H),7395,5,-170,-2.25,7406.0,-7.7459,98791,732,592,2026-08-21 04:20:49
0166S0,2,PLUS K제조업핵심기업액티브,10990,5,-10,-0.09,10973.0,-13.3518,38073,416,588,2026-08-21 04:20:49
261240,7,KODEX 미국달러선물,14270,5,-110,-0.76,14271.0,-6.7143,78567,1122,588,2026-08-21 04:20:49
0194M0,2,ACE 삼성전자단일종목레버리지,12650,2,885,7.52,12606.0,,43313,530,572,2026-08-21 04:20:49
304780,3,HANARO 200선물레버리지,126965,2,3900,3.17,126308.0,-24.319,3598,452,571,2026-08-21 04:20:49
150460,2,TIGER 중국소비테마,7580,5,-100,-1.3,7601.0,1.992,1599,12,571,2026-08-21 04:20:49
401470,2,KODEX 메타버스액티브,9662,5,-128,-1.31,9677.0,1.6614,3683,35,565,2026-08-21 04:20:49
440910,4,WON 미국우주항공방산,25550,5,-1445,-5.35,25596.0,1.8679,7829,200,562,2026-08-21 04:20:49
0111J0,2,HANARO 증권고배당TOP3플러스,12435,5,-330,-2.59,12453.0,-23.3632,60588,752,560,2026-08-21 04:20:49
0198A0,2,KIWOOM 코스닥150커버드콜액티브,8780,5,-490,-5.29,8765.0,,639210,5631,558,2026-08-21 04:20:49
455960,6,RISE 미국달러SOFR금리액티브(합성),12105,5,-95,-0.78,12107.0,-6.2981,1456,17,554,2026-08-21 04:20:49
278240,3,RISE 코스닥150선물레버리지,7570,5,-955,-11.2,7568.0,-41.3485,105429,812,552,2026-08-21 04:20:49
225040,4,TIGER 미국S&P500레버리지(합성 H),67160,5,-1230,-1.8,67026.0,8.1264,3711,249,551,2026-08-21 04:20:49
385590,2,ACE ESG액티브,23870,2,280,1.19,23828.0,-0.1059,4615,108,549,2026-08-21 04:20:49
0141S0,2,SOL 조선기자재,8175,5,-255,-3.02,8177.0,-27.013,68905,559,544,2026-08-21 04:20:49
0226A0,7,PLUS SK하이닉스샌디스크채권혼합50,10865,5,-5,-0.05,10964.0,,160302,1742,543,2026-08-21 04:20:49
261220,5,KODEX WTI원유선물(H),24300,2,475,1.99,24331.0,-14.8347,44869,1091,535,2026-08-21 04:20:49
428510,4,KODEX 차이나AI테크액티브,24270,2,70,0.29,24032.0,-12.3361,8267,199,534,2026-08-21 04:20:49
0046Y0,4,ACE 미국배당퀄리티,12495,5,-255,-2.0,12537.0,-3.6638,8933,111,531,2026-08-21 04:20:49
0113P0,6,HK 머니마켓액티브,102340,3,0,0.0,102348.0,0.768,0,0,530,2026-08-21 04:20:49
0000Z0,2,RISE 바이오TOP10액티브,9060,5,-740,-7.55,9066.0,-19.9674,230847,2104,530,2026-08-21 04:20:49
442560,7,RISE TDF2040액티브 적격,16330,5,-195,-1.18,16270.0,-1.6843,14304,234,523,2026-08-21 04:20:49
140700,2,KODEX 보험,20880,2,350,1.7,20911.0,16.5488,141656,2946,522,2026-08-21 04:20:49
0185L0,4,TIME 글로벌휴머노이드로봇산업액티브,7560,5,-40,-0.53,7555.0,-23.038,25528,191,522,2026-08-21 04:20:49
0118Z0,4,ACE 미국AI테크핵심산업액티브,8655,5,-235,-2.64,8620.0,-10.743,11385,98,519,2026-08-21 04:20:49
253150,3,PLUS 200선물레버리지,207265,2,5265,2.61,207405.0,-24.5354,98358,20061,518,2026-08-21 04:20:49
275300,2,KODEX 우량주,30300,2,320,1.07,30320.0,-1.6896,1915,57,515,2026-08-21 04:20:49
360140,2,KODEX 200롱코스닥150숏선물,23350,2,1570,7.21,23325.0,9.889,120298,2774,514,2026-08-21 04:20:49
445150,2,KODEX 친환경조선해운액티브,27755,5,-800,-2.8,27741.0,-18.6538,3342,92,513,2026-08-21 04:20:49
101280,4,KODEX 일본TOPIX100,30170,5,-180,-0.59,29992.0,0.6643,1792,54,513,2026-08-21 04:20:49
114470,6,KIWOOM 국고채3년,107955,5,-85,-0.08,107966.0,0.893,2908,313,507,2026-08-21 04:20:49
0118S0,4,SOL 미국넥스트테크TOP10액티브,10885,5,-275,-2.46,10832.0,-13.4213,52030,564,506,2026-08-21 04:20:49
475260,6,ACE 2월만기자동연장회사채AA-이상액티브,10735,3,0,0.0,10740.0,0.6091,12,0,506,2026-08-21 04:20:49
152500,3,ACE 레버리지,45850,2,1180,2.64,45855.0,-24.6458,27613,1249,504,2026-08-21 04:20:49
0089C0,4,KODEX 미국S&P500변동성확대시커버드콜,11405,5,-170,-1.47,11389.0,-3.0571,31374,358,502,2026-08-21 04:20:49
218420,4,KODEX 미국S&P500에너지(합성),20440,5,-115,-0.56,20511.0,-3.5204,19155,394,502,2026-08-21 04:20:49
480310,4,TIGER 글로벌온디바이스AI,18570,5,-340,-1.8,18585.0,-7.1784,10682,199,501,2026-08-21 04:20:49
0139P0,2,ACE 고배당주,13280,5,-60,-0.45,13273.0,-0.1077,9759,128,491,2026-08-21 04:20:49
256750,4,KODEX 차이나심천ChiNext(합성),15980,2,190,1.2,15986.0,-17.6103,4366,69,489,2026-08-21 04:20:49
0041D0,4,KODEX 미국AI소프트웨어TOP10,12805,5,-300,-2.29,12806.0,3.3989,27968,359,487,2026-08-21 04:20:49
140950,1,파워 코스피100,86285,2,1465,1.73,86371.0,-4.2528,1382,118,483,2026-08-21 04:20:49
200030,4,KODEX 미국S&P500산업재(합성),42835,5,-905,-2.07,42835.0,-0.3418,1657,71,483,2026-08-21 04:20:49
336160,6,RISE 금융채액티브,100350,5,-55,-0.05,100372.0,0.7945,58,5,483,2026-08-21 04:20:49
371470,4,TIGER 차이나바이오테크SOLACTIVE,8800,5,-250,-2.76,8887.0,11.5218,63553,561,482,2026-08-21 04:20:49
473590,4,ACE 미국주식베스트셀러,18885,5,-160,-0.84,18863.0,-21.6739,5010,94,482,2026-08-21 04:20:49
123310,3,TIGER 인버스,1119,5,-14,-1.24,1120.0,-13.7091,4076434,4591,480,2026-08-21 04:20:49
0132H0,4,KODEX 미국원자력SMR,8320,5,-405,-4.64,8234.0,-13.7846,28367,235,478,2026-08-21 04:20:49
442260,1,마이티 다이나믹퀀트액티브,38105,2,160,0.42,38104.0,-4.3243,535,20,473,2026-08-21 04:20:49
447430,2,ACE 주주환원가치주액티브,15950,5,-175,-1.09,15990.0,-3.3745,6590,104,471,2026-08-21 04:20:49
418670,4,TIGER 글로벌AI사이버보안,16700,5,-740,-4.24,16735.0,16.3054,54971,921,468,2026-08-21 04:20:49
287180,4,PLUS 미국나스닥테크,54975,5,-605,-1.09,54865.0,0.7522,1828,100,467,2026-08-21 04:20:49
0020H0,4,KoAct 글로벌양자컴퓨팅액티브,21710,5,-600,-2.69,21782.0,-5.9444,9351,203,467,2026-08-21 04:20:49
0086B0,2,TIGER 리츠부동산인프라TOP10액티브,9475,5,-35,-0.37,9479.0,-3.5641,20336,192,464,2026-08-21 04:20:49
461340,4,HANARO 글로벌생성형AI액티브,41890,5,-470,-1.11,41636.0,-6.5211,1302,54,461,2026-08-21 04:20:49
0178H0,7,IBK 미국AI TOP10국채혼합50,9760,5,-35,-0.36,9766.0,-3.6812,4980,48,459,2026-08-21 04:20:49
316670,1,KIWOOM 코스닥150,6885,5,-425,-5.81,6904.0,-16.8374,74410,515,457,2026-08-21 04:20:49
276990,4,KODEX 글로벌로봇(합성),25680,5,-325,-1.25,25692.0,-9.4219,3001,77,455,2026-08-21 04:20:49
475270,6,ACE 5월만기자동연장회사채AA-이상액티브,10725,3,0,0.0,10724.0,0.7042,0,0,447,2026-08-21 04:20:49
375770,2,KODEX 탄소효율그린뉴딜,24750,2,175,0.71,24774.0,-3.8473,953,23,446,2026-08-21 04:20:49
261120,7,TIGER 미국달러선물인버스2X,5300,2,95,1.83,5294.0,15.4101,5401,28,445,2026-08-21 04:20:49
196030,4,ACE 일본TOPIX레버리지(H),88645,2,570,0.65,88545.0,12.989,35,3,443,2026-08-21 04:20:49
472830,6,RISE 미국30년국채커버드콜(합성),7945,5,-120,-1.49,7949.0,-7.2937,20313,161,441,2026-08-21 04:20:49
473490,4,KIWOOM 글로벌AI반도체,29300,5,-400,-1.35,29148.0,-5.6566,1628,47,440,2026-08-21 04:20:49
494840,4,TIGER 미국방산TOP10,13315,5,-460,-3.34,13223.0,2.7837,21439,285,439,2026-08-21 04:20:49
442090,2,에셋플러스 코리아대장장이액티브,29190,5,-360,-1.22,29225.0,-6.8265,1101,32,438,2026-08-21 04:20:49
0189B0,5,TIGER 은액티브,8660,2,170,2.0,8621.0,-16.4371,57177,490,437,2026-08-21 04:20:49
238720,4,ACE 일본Nikkei225(H),48020,5,-250,-0.52,48003.0,11.7619,1118,53,432,2026-08-21 04:20:49
453650,4,KODEX 미국S&P500금융,19145,5,-470,-2.4,19247.0,4.8395,30735,588,431,2026-08-21 04:20:49
305050,1,ACE 코스피,71655,2,645,0.91,71615.0,-5.339,2456,175,430,2026-08-21 04:20:49
0141T0,6,SOL 중기종합채권(AA-이상)액티브,50275,5,-30,-0.06,50279.0,0.8217,1,0,429,2026-08-21 04:20:49
139320,5,TIGER 금은선물(H),18995,2,200,1.06,18897.0,-2.0329,18688,353,427,2026-08-21 04:20:49
0192L0,2,RISE SK하이닉스단일종목레버리지,9265,2,620,7.17,9251.0,,71819,656,424,2026-08-21 04:20:49
401170,2,RISE 메타버스,10635,5,-470,-4.23,10671.0,8.0778,8183,87,421,2026-08-21 04:20:49
139280,2,TIGER 경기방어,12775,5,-65,-0.51,12788.0,3.2189,1258,15,419,2026-08-21 04:20:49
282000,3,RISE 국고채3년선물인버스,114655,2,160,0.14,114629.0,-0.0524,2,0,418,2026-08-21 04:20:49
440650,6,ACE 미국달러단기채권액티브,11590,5,-95,-0.81,11592.0,-6.6694,34481,400,417,2026-08-21 04:20:49
0191M0,6,마이티 5월만기자동연장특수채(AAA)액티브,100665,3,0,0.0,100669.0,,0,0,417,2026-08-21 04:20:49
476260,2,HANARO 반도체핵심공정주도주,11905,5,-795,-6.26,11921.0,-5.1531,179232,2171,417,2026-08-21 04:20:49
448570,1,FOCUS AI코리아액티브,30770,2,465,1.53,30633.0,-0.8345,17,0,415,2026-08-21 04:20:49
0112X0,1,마이티 200TR,41300,2,270,0.66,41280.0,-3.561,6629,268,413,2026-08-21 04:20:49
487130,2,KoAct AI인프라액티브,26620,5,-1015,-3.67,26642.0,-16.5106,7434,198,413,2026-08-21 04:20:49
472840,1,IBK 200,109350,2,1480,1.37,109306.0,-4.1245,1978,214,410,2026-08-21 04:20:49
429760,4,PLUS 미국S&P500,19515,5,-330,-1.66,19494.0,-2.905,2304,45,410,2026-08-21 04:20:49
0186S0,7,1Q 코스닥150채권혼합50액티브,8350,5,-210,-2.45,8321.0,-7.1609,322322,2687,409,2026-08-21 04:20:49
0007G0,4,PLUS 글로벌원자력밸류체인,13480,5,-530,-3.78,13447.0,-9.026,3128,42,404,2026-08-21 04:20:49
183700,7,RISE 200채권혼합50,96100,2,525,0.55,96535.0,-1.9273,2206,210,404,2026-08-21 04:20:49
0220B0,1,DS 코스닥액티브,9200,5,-625,-6.36,9209.0,,139067,1291,396,2026-08-21 04:20:49
464470,6,PLUS 미국채30년액티브,47870,5,-815,-1.67,48047.0,-6.8979,3588,172,394,2026-08-21 04:20:49
352540,7,KODEX 일본부동산리츠(H),11300,5,-100,-0.88,11345.0,1.1345,8636,97,384,2026-08-21 04:20:49
275280,2,KODEX 모멘텀주,42545,2,360,0.85,42552.0,-4.5696,1539,64,383,2026-08-21 04:20:49
0207G0,2,SOL 우주항공밸류체인,6475,5,-530,-7.57,6478.0,,418983,2753,379,2026-08-21 04:20:49
322410,2,HANARO K고배당,22255,5,-70,-0.31,22363.0,-1.6842,1057,23,378,2026-08-21 04:20:49
195930,4,TIGER 유로스탁스50(합성 H),23585,5,-155,-0.65,23639.0,11.1423,2012,47,377,2026-08-21 04:20:49
491830,4,TIGER 미국AI반도체팹리스,21560,5,-140,-0.65,21494.0,-2.6411,8391,180,377,2026-08-21 04:20:49
147970,2,TIGER 모멘텀,78150,5,-1340,-1.69,78302.0,-10.2721,800,62,375,2026-08-21 04:20:49
276970,4,KODEX 미국S&P500배당귀족커버드콜(합성 H),7915,5,-15,-0.19,8022.0,11.4004,10073,79,372,2026-08-21 04:20:49
400970,2,TIGER Fn메타버스,7345,5,-175,-2.33,7370.0,-11.8406,1952,14,371,2026-08-21 04:20:49
365000,2,TIGER 인터넷TOP10,3590,5,-205,-5.4,3589.0,-16.2252,248279,902,364,2026-08-21 04:20:49
452250,6,ACE 미국30년국채선물레버리지(합성 H),4695,5,-80,-1.68,4731.0,-0.4172,6663,31,364,2026-08-21 04:20:49
292560,7,TIGER 일본엔선물,8085,5,-80,-0.98,8045.0,-6.8986,90636,733,364,2026-08-21 04:20:49
449690,4,TIGER 한중반도체(합성),48500,5,-700,-1.42,48323.0,-7.4231,17,0,364,2026-08-21 04:20:49
498860,2,RISE 코리아금융고배당,16500,5,-105,-0.63,16518.0,-8.4875,37706,621,363,2026-08-21 04:20:49
352560,7,KODEX 미국부동산리츠(H),12587,5,-8,-0.06,12537.0,3.5471,10608,133,359,2026-08-21 04:20:49
153270,1,KIWOOM 코스피100,84855,2,1135,1.36,84785.0,-3.8577,2710,228,356,2026-08-21 04:20:49
465350,3,RISE 2차전지TOP10인버스(합성),17680,2,480,2.79,17834.0,7.9385,125142,2224,354,2026-08-21 04:20:49
0192M0,2,RISE 삼성전자단일종목레버리지,12670,2,680,5.67,12722.0,,65089,797,352,2026-08-21 04:20:49
104530,2,KIWOOM 코리아고배당,17145,5,-210,-1.21,17139.0,-6.9986,2473,42,351,2026-08-21 04:20:49
0209Z0,2,ACE 코리아AI전력TOP10,6570,5,-400,-5.74,6582.0,,137290,909,348,2026-08-21 04:20:49
469050,4,RISE 미국반도체NYSE(H),31620,5,-130,-0.41,31486.0,5.2427,3088,97,348,2026-08-21 04:20:49
0100K0,2,KODEX 방산TOP10레버리지,6175,5,-900,-12.72,6201.0,-39.1398,540351,3419,346,2026-08-21 04:20:49
0154F0,2,WON 초대형IB&금융지주,11685,5,-10,-0.09,11696.0,-9.8652,7048,82,345,2026-08-21 04:20:49
450910,1,SOL 코스닥150,13460,5,-860,-6.01,13545.0,-17.2016,127313,1714,345,2026-08-21 04:20:49
241390,7,RISE V&S셀렉트밸류채권혼합,15605,5,-20,-0.13,15722.0,-2.8504,3815,59,343,2026-08-21 04:20:49
381560,2,HANARO Fn전기&수소차,17165,5,-580,-3.27,17146.0,-2.8053,3455,59,343,2026-08-21 04:20:49
276650,4,RISE 글로벌테크놀로지(합성 H),45620,2,85,0.19,45651.0,1.3916,73,3,342,2026-08-21 04:20:49
407830,4,에셋플러스 글로벌플랫폼액티브,14250,5,-50,-0.35,14222.0,-9.978,528,7,342,2026-08-21 04:20:49
295020,6,RISE 국채선물10년인버스,60800,2,270,0.45,60757.0,0.7154,25,1,342,2026-08-21 04:20:49
475070,4,KoAct 글로벌친환경전력인프라액티브,29690,5,-1025,-3.34,29784.0,-20.6844,4610,137,341,2026-08-21 04:20:49
415920,5,PLUS 글로벌희토류&전략자원생산기업,7320,2,110,1.53,7311.0,-24.3045,27046,194,340,2026-08-21 04:20:49
138910,5,KODEX 구리선물(H),10005,2,75,0.76,10018.0,3.4375,19723,196,340,2026-08-21 04:20:49
322400,2,HANARO e커머스,10125,5,-415,-3.94,10158.0,-0.2839,271,2,339,2026-08-21 04:20:49
105780,2,RISE 5대그룹주,16930,5,-30,-0.18,16921.0,-2.2479,996,16,339,2026-08-21 04:20:49
385520,2,KODEX 자율주행액티브,15705,5,-505,-3.12,15709.0,-8.5215,7274,114,338,2026-08-21 04:20:49
099140,4,KODEX 차이나H,21705,5,-145,-0.66,21672.0,-6.7039,250,5,336,2026-08-21 04:20:49
474800,4,KIWOOM 미국원유에너지기업,15995,5,-65,-0.4,16042.0,-3.9904,30402,488,336,2026-08-21 04:20:49
449780,4,KIWOOM 미국S&P500(H),18590,5,-185,-0.99,18569.0,4.1022,6517,121,335,2026-08-21 04:20:49
122260,6,KIWOOM 통안채1년,104100,5,-20,-0.02,104107.0,0.6573,15,1,333,2026-08-21 04:20:49
380340,2,ACE 코리아AI테크핵심산업,27685,5,-830,-2.91,27717.0,6.4787,59707,1641,332,2026-08-21 04:20:49
174360,4,RISE 중국본토대형주CSI100,23600,2,10,0.04,23678.0,-11.8461,3458,81,330,2026-08-21 04:20:49
465660,4,TIGER 일본반도체FACTSET,24375,5,-145,-0.59,24420.0,0.8988,6230,150,329,2026-08-21 04:20:49
261140,2,TIGER 우선주,24550,2,120,0.49,24534.0,-5.01,6454,156,329,2026-08-21 04:20:49
0023B0,4,PLUS 미국양자컴퓨팅TOP10,16025,5,-495,-3.0,15979.0,-9.5538,5400,86,329,2026-08-21 04:20:49
476690,4,TIGER 글로벌비만치료제TOP2Plus,10930,5,-300,-2.67,10962.0,5.9712,19035,209,328,2026-08-21 04:20:49
496770,4,PLUS 글로벌방산,18650,5,-570,-2.97,18563.0,8.0685,9768,182,326,2026-08-21 04:20:49
256440,4,ACE MSCI인도네시아(합성),5335,2,50,0.95,5420.0,-12.7168,30278,160,325,2026-08-21 04:20:49
0192T0,2,SOL 코스닥TOP10,7285,5,-435,-5.63,7299.0,-13.1609,286887,2089,324,2026-08-21 04:20:49
0085N0,6,ACE 미국10년국채액티브(H),9765,5,-35,-0.36,9764.0,0.8098,13528,132,322,2026-08-21 04:20:49
459560,4,KODEX 테슬라밸류체인FactSet,21375,5,-680,-3.08,21411.0,-10.9035,1859,40,321,2026-08-21 04:20:49
395170,2,KODEX Top10동일가중,15975,2,20,0.13,15991.0,-10.4568,4317,68,320,2026-08-21 04:20:49
491090,4,KODEX 미국테크TOP3플러스,17635,5,-295,-1.65,17575.0,-6.8994,15054,265,317,2026-08-21 04:20:49
227540,2,TIGER 200 헬스케어,19270,5,-470,-2.38,19283.0,6.2432,10362,197,316,2026-08-21 04:20:49
156080,1,KODEX MSCI Korea,52665,2,1130,2.19,52651.0,-3.8152,10924,575,316,2026-08-21 04:20:49
426150,6,WON 대한민국국고채액티브,50800,5,-170,-0.33,50840.0,-1.8203,35,1,316,2026-08-21 04:20:49
0155N0,2,HANARO K휴머노이드테마TOP10,7770,5,-255,-3.18,7766.0,-13.8949,17835,137,315,2026-08-21 04:20:49
0083S0,4,1Q 미국메디컬AI,10835,5,-15,-0.14,10863.0,11.6899,31100,338,314,2026-08-21 04:20:49
245350,4,TIGER 유로스탁스배당30,19625,5,-30,-0.15,19541.0,0.8664,1010,19,314,2026-08-21 04:20:49
0138T0,4,RISE 미국S&P500데일리고정커버드콜,9510,5,-150,-1.55,9464.0,-3.0331,30696,292,314,2026-08-21 04:20:49
459750,4,RISE 글로벌주식분산액티브,17930,5,-230,-1.27,17853.0,-2.3804,2069,36,314,2026-08-21 04:20:49
0089B0,7,PLUS 미국나스닥100미국채혼합50,11175,5,-170,-1.5,11165.0,-5.8488,46956,525,313,2026-08-21 04:20:49
266360,2,KODEX K콘텐츠,9730,5,-295,-2.94,9756.0,-8.238,16316,159,311,2026-08-21 04:20:49
271060,5,KODEX 3대농산물선물(H),8570,5,-10,-0.12,8608.0,-0.4641,44216,378,311,2026-08-21 04:20:49
275290,2,KODEX 가치주,34555,2,680,2.01,34543.0,-0.0113,2532,86,311,2026-08-21 04:20:49
494410,4,PLUS 미국S&P500성장주,14125,5,-225,-1.57,14117.0,-4.2315,968,13,311,2026-08-21 04:20:49
476070,4,KODEX 글로벌비만치료제TOP2 Plus,11500,5,-310,-2.62,11486.0,8.3364,6767,77,311,2026-08-21 04:20:49
248270,4,TIGER S&P글로벌헬스케어(합성),27200,5,-485,-1.75,26993.0,8.5686,3503,95,310,2026-08-21 04:20:49
456680,4,TIGER 차이나전기차레버리지(합성),6725,2,40,0.6,6791.0,-42.2712,1683,11,308,2026-08-21 04:20:49
139270,2,TIGER 200 금융,16480,2,275,1.7,16496.0,0.2309,9294,151,307,2026-08-21 04:20:49
468630,6,KODEX iShares미국투자등급회사채액티브,10870,5,-135,-1.23,10864.0,-7.0578,7742,84,305,2026-08-21 04:20:49
464920,4,PLUS 일본반도체소부장,24395,5,-260,-1.05,24384.0,2.4516,7914,190,305,2026-08-21 04:20:49
469790,2,KIWOOM 코리아테크TOP10,43155,5,-445,-1.02,43144.0,3.2868,1416,60,302,2026-08-21 04:20:49
395290,2,HANARO Fn K-POP&미디어,4750,5,-200,-4.04,4751.0,-21.1156,13732,65,299,2026-08-21 04:20:49
0203S0,7,WON 삼성전자현대차채권혼합50,8900,2,50,0.56,8910.0,,37487,332,298,2026-08-21 04:20:49
387270,4,TIGER 글로벌이노베이션액티브,24600,5,-290,-1.17,24569.0,-10.1445,1270,31,298,2026-08-21 04:20:49
253250,3,KIWOOM 200선물레버리지,102560,2,3220,3.24,102078.0,-24.5825,16858,1693,297,2026-08-21 04:20:49
446690,4,KODEX 아시아AI반도체exChina액티브,59110,5,-1295,-2.14,59137.0,-2.8639,2207,131,296,2026-08-21 04:20:49
415340,4,KODEX 차이나과창판STAR50(합성),14265,5,-25,-0.17,14301.0,-15.3938,10251,146,295,2026-08-21 04:20:49
450190,4,KODEX 한중반도체(합성),48965,5,-95,-0.19,48752.0,-8.7596,169,8,294,2026-08-21 04:20:49
0204S0,1,TIGER 코스닥액티브,6360,5,-505,-7.36,6372.0,,81856,525,293,2026-08-21 04:20:49
0107F0,4,KIWOOM 미국고배당&AI테크,11470,5,-125,-1.08,11491.0,-2.2077,3894,44,292,2026-08-21 04:20:49
192720,2,파워 고배당저변동성,57140,2,120,0.21,57161.0,-1.3634,1197,67,291,2026-08-21 04:20:49
145850,2,TREX 펀더멘탈 200,116235,5,-685,-0.59,117182.0,-0.0061,1,0,291,2026-08-21 04:20:49
117460,2,KODEX 에너지화학,13390,5,-435,-3.15,13405.0,-10.6772,19765,263,291,2026-08-21 04:20:49
289480,3,TIGER 200커버드콜,12565,2,85,0.68,12608.0,18.6605,19502,244,289,2026-08-21 04:20:49
0184E0,7,1Q 200채권혼합50액티브,11110,2,65,0.59,11078.0,0.0315,87217,957,289,2026-08-21 04:20:49
0198D0,2,1Q SK하이닉스선물단일종목레버리지,9510,2,580,6.49,9463.0,,41240,391,288,2026-08-21 04:20:49
494340,4,ACE 글로벌AI맞춤형반도체,19160,5,-200,-1.03,19077.0,-5.2606,3445,65,287,2026-08-21 04:20:49
252710,3,TIGER 200선물인버스2X,82,5,-1,-1.2,81.0,-36.6413,166421519,13725,287,2026-08-21 04:20:49
0198B0,2,1Q 삼성전자선물단일종목레버리지,13100,2,855,6.98,13071.0,,31918,400,287,2026-08-21 04:20:49
414270,4,ACE 글로벌자율주행액티브,11950,5,-160,-1.32,11925.0,-13.961,9232,109,287,2026-08-21 04:20:49
0155M0,4,ACE 미국SMR원자력TOP10,6895,5,-285,-3.97,6893.0,-12.4391,22365,154,286,2026-08-21 04:20:49
0150K0,2,KoAct 수소전력ESS인프라액티브,9840,5,-580,-5.57,9838.0,-26.9541,20839,205,285,2026-08-21 04:20:49
493420,4,SOL 미국배당다우존스2호,12945,5,-165,-1.26,12912.0,1.3437,7902,102,285,2026-08-21 04:20:49
223190,2,KODEX 200가치저변동,27970,5,-5,-0.02,27966.0,-2.3156,2152,59,280,2026-08-21 04:20:49
475380,7,RISE 글로벌리얼티인컴,10475,5,-40,-0.38,10461.0,-7.8388,8204,85,278,2026-08-21 04:20:49
261250,7,KODEX 미국달러선물레버리지,15920,5,-265,-1.64,15957.0,-14.024,122350,1953,274,2026-08-21 04:20:49
419430,4,KODEX 차이나2차전지MSCI(합성),9715,2,65,0.67,9797.0,-21.0957,1078,10,272,2026-08-21 04:20:49
459790,4,KIWOOM 미국성장기업30액티브,20120,5,-230,-1.13,20004.0,-10.0155,17,0,272,2026-08-21 04:20:49
0223R0,4,TIGER 미국테크NYSE100액티브,9330,5,-120,-1.27,9309.0,,38246,357,272,2026-08-21 04:20:49
440340,7,TIGER 글로벌멀티에셋TIF액티브,12055,5,-110,-0.9,12024.0,-5.3674,15343,184,271,2026-08-21 04:20:49
0164G0,4,RISE 차이나AI반도체TOP4Plus,12910,2,160,1.25,13020.0,-15.3106,16715,215,271,2026-08-21 04:20:49
117680,2,KODEX 철강,11715,5,-355,-2.94,11740.0,-19.4114,28630,337,271,2026-08-21 04:20:49
0137W0,4,KIWOOM 미국S&P500&GOLD,10405,5,-170,-1.61,10392.0,-2.7996,5877,61,271,2026-08-21 04:20:49
245360,4,TIGER 차이나HSCEI,12555,5,-15,-0.12,12517.0,-6.9786,1156,14,270,2026-08-21 04:20:49
0218J0,7,RISE 미국우주&로봇TOP2미국채혼합50,8820,5,-185,-2.05,8817.0,,39174,344,269,2026-08-21 04:20:49
437350,6,RISE 미국단기투자등급회사채액티브,12220,5,-115,-0.93,12226.0,-6.5177,13905,170,269,2026-08-21 04:20:49
0013R0,7,RISE 테슬라미국채타겟커버드콜혼합(합성),7860,5,-125,-1.57,7827.0,-10.2575,6380,50,267,2026-08-21 04:20:49
0166N0,1,PLUS 코스닥150액티브,7210,5,-385,-5.07,7222.0,-26.5829,19651,142,267,2026-08-21 04:20:49
167860,6,KIWOOM 국고채10년레버리지,91605,5,-640,-0.69,91551.0,0.0542,1,0,266,2026-08-21 04:20:49
0047R0,4,RISE 팔란티어고정테크100,15120,5,-320,-2.07,15147.0,2.7316,1631,24,265,2026-08-21 04:20:49
489290,4,WON 미국빌리어네어,14680,5,-390,-2.59,14635.0,-8.3613,2121,31,264,2026-08-21 04:20:49
0115C0,4,RISE 미국고배당다우존스TOP10,11230,5,-230,-2.01,11228.0,2.3793,5019,56,264,2026-08-21 04:20:49
0152E0,2,SOL 배당성향탑픽액티브,10665,5,-170,-1.57,10674.0,-5.3035,24645,262,261,2026-08-21 04:20:49
461600,6,SOL 미국30년국채액티브(H),8295,5,-90,-1.07,8302.0,0.359,6624,55,261,2026-08-21 04:20:49
225130,4,ACE 골드선물 레버리지(합성 H),52210,2,1020,1.99,52465.0,-2.9758,2842,146,261,2026-08-21 04:20:49
261060,2,TIGER 코스닥150IT,22220,5,-1340,-5.69,22246.0,-16.3353,20477,460,258,2026-08-21 04:20:49
277540,4,ACE 아시아TOP50,32160,5,-125,-0.39,32316.0,-1.5702,2143,68,257,2026-08-21 04:20:49
185680,4,KODEX 미국S&P바이오(합성),48255,5,-2375,-4.69,48217.0,24.7812,2578,124,257,2026-08-21 04:20:49
0049K0,7,ACE 미국배당퀄리티채권혼합50,11145,5,-85,-0.76,11107.0,-1.8768,3802,42,256,2026-08-21 04:20:49
0103T0,2,1Q K소버린AI,8685,5,-335,-3.71,8703.0,5.5588,32178,281,256,2026-08-21 04:20:49
479850,2,HANARO K-뷰티,18780,5,-35,-0.19,18824.0,19.0069,24970,465,254,2026-08-21 04:20:49
496120,1,ACE 코리아밸류업,33545,2,300,0.9,33523.0,-2.5809,1889,62,252,2026-08-21 04:20:49
0097L0,7,KIWOOM 한국고배당&미국AI테크,12495,5,-60,-0.48,12513.0,-2.7466,6392,79,250,2026-08-21 04:20:49
368190,2,HANARO Fn K-뉴딜디지털플러스,7795,5,-325,-4.0,7817.0,-4.9181,1060,8,249,2026-08-21 04:20:49
483570,4,KCGI 미국S&P500 TOP10,15490,5,-340,-2.15,15452.0,-8.2851,3302,51,248,2026-08-21 04:20:49
159800,1,마이티 코스피100,87665,2,1435,1.66,87182.0,-4.0664,18,1,245,2026-08-21 04:20:49
0093D0,7,KoAct 팔란티어밸류체인액티브,17515,5,-240,-1.35,17492.0,-1.0864,4648,81,245,2026-08-21 04:20:49
292500,1,SOL KRX300,48885,3,0,0.0,49526.0,-4.8887,0,0,244,2026-08-21 04:20:49
139250,2,TIGER 200 에너지화학,17355,5,-305,-1.73,17367.0,-4.5759,14908,257,243,2026-08-21 04:20:49
292160,1,TIGER KRX300,48515,2,570,1.19,48605.0,-5.3366,10776,520,243,2026-08-21 04:20:49
289250,2,TIGER MSCI KOREA ESG유니버설,35070,2,685,1.99,34958.0,-2.4277,13,0,242,2026-08-21 04:20:49
195970,4,PLUS 선진국MSCI(합성 H),16570,5,-50,-0.3,16620.0,7.295,3398,56,242,2026-08-21 04:20:49
438320,4,TIGER 차이나항셍테크레버리지(합성 H),5510,5,-40,-0.72,5553.0,-8.867,11514,63,242,2026-08-21 04:20:49
411540,1,SOL 200 Top10,17270,5,-240,-1.37,17266.0,-7.0057,1998,34,242,2026-08-21 04:20:49
269420,4,KODEX S&P글로벌인프라(합성),22460,5,-240,-1.06,22407.0,-7.1955,2973,66,239,2026-08-21 04:20:49
204450,4,KODEX 차이나H레버리지(H),2410,3,0,0.0,2412.0,-2.6263,29654,71,239,2026-08-21 04:20:49
280930,4,KODEX 미국러셀2000(H),16980,5,-220,-1.28,16926.0,9.9041,2403,40,238,2026-08-21 04:20:49
0206G0,7,1Q 현대차기아채권혼합50,8340,2,20,0.24,8336.0,,224829,1871,238,2026-08-21 04:20:49
481340,6,RISE 미국30년국채액티브,8590,5,-165,-1.88,8622.0,-6.8386,42682,367,236,2026-08-21 04:20:49
138230,7,KIWOOM 미국달러선물,16175,5,-130,-0.8,16187.0,-6.9881,615,9,235,2026-08-21 04:20:49
364690,1,KODEX 혁신기술테마액티브,39045,5,-215,-0.55,39035.0,-4.4628,474,18,234,2026-08-21 04:20:49
0067V0,4,TIGER 차이나글로벌리더스TOP3+,10430,2,80,0.77,10390.0,-12.8422,129809,1346,229,2026-08-21 04:20:49
367740,2,HANARO Fn5G산업,41605,5,-710,-1.68,41602.0,1.56,1032,42,229,2026-08-21 04:20:49
0065G0,4,KODEX 차이나테크TOP10,8960,5,-220,-2.4,9040.0,-11.5785,7431,67,228,2026-08-21 04:20:49
442550,7,RISE TDF2030액티브 적격,14695,5,-95,-0.64,14591.0,-1.4574,7197,105,228,2026-08-21 04:20:49
461450,1,KODEX 코스닥글로벌,15155,5,-945,-5.87,15183.0,-9.3724,11655,177,227,2026-08-21 04:20:49
0127R0,4,RISE 미국AI클라우드인프라,16790,5,-305,-1.78,16736.0,0.4175,18391,307,227,2026-08-21 04:20:49
388280,2,RISE K엔터&여행레저,6800,5,-95,-1.38,6796.0,-13.7047,2549,17,226,2026-08-21 04:20:49
477730,4,KODEX 인도타타그룹,7510,5,-165,-2.15,7534.0,-3.3367,3850,29,225,2026-08-21 04:20:49
447660,7,PLUS 애플채권혼합,13625,5,-90,-0.66,13638.0,0.6906,8437,114,225,2026-08-21 04:20:49
471460,6,KIWOOM 국고채30년액티브,44765,5,-245,-0.54,44753.0,-6.3937,347,15,224,2026-08-21 04:20:49
469160,4,ACE 일본반도체,24855,5,-245,-0.98,24886.0,-3.1636,2766,68,224,2026-08-21 04:20:49
0153X0,4,PLUS 미국고배당주액티브,11470,5,-140,-1.21,11451.0,3.2728,26067,299,224,2026-08-21 04:20:49
0047P0,4,RISE 테슬라고정테크100,14310,5,-300,-2.05,14303.0,-8.5715,2725,39,222,2026-08-21 04:20:49
300950,2,KODEX 게임산업,5405,5,-65,-1.19,5410.0,-12.9674,40192,216,222,2026-08-21 04:20:49
375760,2,HANARO 탄소효율그린뉴딜,24530,2,290,1.2,24467.0,-4.2174,73,1,221,2026-08-21 04:20:49
376410,2,TIGER 탄소효율그린뉴딜,24500,2,185,0.76,24523.0,-3.3435,192,4,221,2026-08-21 04:20:49
433220,4,에셋플러스 글로벌대장장이액티브,29785,5,-85,-0.28,29753.0,-15.5738,153,4,220,2026-08-21 04:20:49
464600,2,SOL 자동차소부장Fn,23080,5,-985,-4.09,23072.0,-3.198,7898,182,219,2026-08-21 04:20:49
239660,6,PLUS 우량회사채50,121670,5,-25,-0.02,121654.0,0.7993,698,84,219,2026-08-21 04:20:49
108590,1,TREX 200,109455,2,1590,1.47,109479.0,-4.3057,124,13,219,2026-08-21 04:20:49
0026E0,4,KODEX 미국S&P500버퍼3월액티브,11605,5,-130,-1.11,11705.0,-4.2041,423,4,215,2026-08-21 04:20:49
463300,4,RISE 중국본토CSI300,13380,2,45,0.34,13368.0,-9.6303,589,7,214,2026-08-21 04:20:49
253290,7,RISE 헬스케어채권혼합,11840,5,-120,-1.0,11799.0,0.4216,6874,81,213,2026-08-21 04:20:49
0144M0,4,KODEX 미국드론UAM TOP10,7730,5,-420,-5.15,7716.0,-7.439,18236,140,213,2026-08-21 04:20:49
371450,4,TIGER 글로벌클라우드컴퓨팅INDXX,13590,5,-270,-1.95,13604.0,13.4206,12142,165,212,2026-08-21 04:20:49
0186L0,4,KoAct 미국로봇피지컬AI액티브,9190,5,-180,-1.92,9156.0,-8.63,8885,81,211,2026-08-21 04:20:49
337120,2,KODEX 멀티팩터,34845,2,550,1.6,34703.0,-3.9356,91,3,209,2026-08-21 04:20:49
416090,4,ACE 중국과창판STAR50,12955,5,-20,-0.15,12903.0,-16.6132,8840,114,207,2026-08-21 04:20:49
404260,2,KODEX 기후변화솔루션,23015,5,-530,-2.25,23061.0,-9.6829,105,2,207,2026-08-21 04:20:49
437070,6,KODEX 아시아달러채권ESG플러스액티브,59440,5,-675,-1.12,59462.0,-6.8223,453,26,206,2026-08-21 04:20:49
152380,6,KODEX 국채선물10년,64655,5,-235,-0.36,64677.0,0.3091,8369,541,206,2026-08-21 04:20:49
169950,4,KODEX 차이나A50,25670,5,-25,-0.1,25857.0,-10.2202,294,7,205,2026-08-21 04:20:49
300640,2,RISE 게임테마,6310,5,-165,-2.55,6339.0,-8.2862,2994,18,205,2026-08-21 04:20:49
217770,5,TIGER 원유선물인버스(H),1239,5,-28,-2.21,1235.0,8.2905,397594,493,204,2026-08-21 04:20:49
364990,2,TIGER 게임TOP10,4690,5,-60,-1.26,4707.0,-12.8441,74725,349,204,2026-08-21 04:20:49
489000,6,PLUS 일본엔화초단기국채(합성),9205,5,-95,-1.02,9207.0,-7.1857,41087,378,203,2026-08-21 04:20:49
417630,2,TIGER KEDI혁신기업ESG30,19160,5,-380,-1.94,19179.0,-1.3132,503,9,201,2026-08-21 04:20:49
091220,2,TIGER 은행,16180,2,285,1.79,16183.0,5.16,18356,294,201,2026-08-21 04:20:49
0177A0,2,WON 두산그룹포커스,8185,5,-425,-4.94,8179.0,-23.8727,25657,211,201,2026-08-21 04:20:49
289040,2,KODEX MSCI KOREA ESG유니버설,33390,5,-15,-0.04,33514.0,-1.1746,21,0,200,2026-08-21 04:20:49
0192S0,7,SOL 코스피200채권혼합50,9505,2,50,0.53,9525.0,-1.2512,128280,1211,200,2026-08-21 04:20:49
497780,4,KoAct 미국천연가스인프라액티브,10720,5,-105,-0.97,10683.0,-10.7038,15570,166,198,2026-08-21 04:20:49
0193K0,2,PLUS 삼성전자단일종목레버리지,13830,2,865,6.67,13828.0,,17961,236,197,2026-08-21 04:20:49
0190M0,4,KIWOOM 미국AI테크하이베타,8365,5,-240,-2.79,8310.0,-14.0789,33301,278,197,2026-08-21 04:20:49
304770,1,HANARO 코스닥150,13780,5,-875,-5.97,13846.0,-16.662,12036,166,196,2026-08-21 04:20:49
226980,1,KODEX 200 중소형,21735,5,-490,-2.2,21756.0,-13.0962,10804,234,196,2026-08-21 04:20:49
213630,4,PLUS 미국다우존스고배당주(합성 H),21145,5,-95,-0.45,21233.0,7.626,3630,76,195,2026-08-21 04:20:49
407310,1,HANARO 200 TOP10,16895,5,-205,-1.2,16901.0,-7.2373,1232,20,194,2026-08-21 04:20:49
379790,4,RISE 유로스탁스50(H),17455,5,-155,-0.88,17455.0,11.6234,48480,846,192,2026-08-21 04:20:49
228820,1,TIGER KTOP30,19185,2,155,0.81,19190.0,-2.196,22946,435,192,2026-08-21 04:20:49
0203R0,6,WON 중단기종합채권(A-이상)액티브,50450,3,0,0.0,50466.0,,0,0,192,2026-08-21 04:20:49
0224X0,7,1Q 엔비디아알파벳미국채혼합50,9765,5,-145,-1.46,9706.0,,53294,519,190,2026-08-21 04:20:49
304760,1,HANARO KRX300,47585,2,550,1.17,47669.0,-5.3684,117,5,190,2026-08-21 04:20:49
229720,1,KODEX KTOP30,38000,5,-45,-0.12,38034.0,-1.7233,2399,90,190,2026-08-21 04:20:49
487950,4,KODEX 대만테크고배당다우존스,13055,5,-120,-0.91,13012.0,2.3945,8166,106,189,2026-08-21 04:20:49
0018Z0,4,RISE 미국양자컴퓨팅,18025,5,-415,-2.25,17968.0,-4.3271,1995,35,189,2026-08-21 04:20:49
284980,2,RISE 200금융,21980,2,435,2.02,21931.0,-0.3015,3128,68,189,2026-08-21 04:20:49
0223A0,2,RISE 코스닥커버드콜액티브,10200,5,-700,-6.42,10215.0,,292113,2989,189,2026-08-21 04:20:49
465670,4,TIGER 미국캐시카우100,17130,5,-205,-1.18,16968.0,12.8362,47620,817,188,2026-08-21 04:20:49
183710,7,RISE 주식혼합,93640,2,990,1.07,93642.0,-1.8953,484,45,187,2026-08-21 04:20:49
0104P0,2,TIGER 코리아배당다우존스위클리커버드콜,10870,2,10,0.09,10861.0,-2.7568,5215,56,185,2026-08-21 04:20:49
0105D0,2,SOL 한국AI소프트웨어,9720,5,-425,-4.19,9720.0,6.1747,101408,987,185,2026-08-21 04:20:49
276000,4,TIGER 글로벌자원생산기업(합성 H),21500,2,290,1.37,21296.0,3.9196,1026,22,183,2026-08-21 04:20:49
445910,2,TIGER MKF배당귀족,20225,5,-130,-0.64,20200.0,-3.7251,2548,51,182,2026-08-21 04:20:49
445690,2,BNK 주주가치액티브,30160,5,-60,-0.2,30272.0,-6.7572,41,1,181,2026-08-21 04:20:49
415760,4,SOL 차이나육성산업액티브(합성),13215,2,135,1.03,13303.0,-16.4218,11255,149,180,2026-08-21 04:20:49
468370,6,KODEX iShares미국인플레이션국채액티브,10750,5,-95,-0.88,10764.0,-7.1423,31789,342,180,2026-08-21 04:20:49
227830,1,PLUS 코스피,71390,2,920,1.31,71334.0,-5.7271,593,42,178,2026-08-21 04:20:49
474920,4,에셋플러스 차이나일등기업포커스10액티브,18940,2,105,0.56,18794.0,3.0361,26,0,178,2026-08-21 04:20:49
391670,1,HK 베스트일레븐액티브,29520,2,800,2.79,29430.0,-0.3124,1529,45,177,2026-08-21 04:20:49
449580,7,RISE 테슬라애플아마존채권혼합,16085,5,-165,-1.02,16061.0,-3.1731,4156,66,177,2026-08-21 04:20:49
461900,4,PLUS 미국테크TOP10,22000,5,-300,-1.35,21840.0,-9.165,688,15,176,2026-08-21 04:20:49
225060,4,TIGER 이머징마켓MSCI레버리지(합성 H),16600,2,475,2.95,16606.0,5.2545,1231,20,176,2026-08-21 04:20:49
461910,4,PLUS 미국테크TOP10레버리지(합성),35050,5,-1270,-3.5,34872.0,-19.7171,417,14,175,2026-08-21 04:20:49
292050,1,RISE KRX300,50040,2,925,1.88,49793.0,-5.2017,462,22,175,2026-08-21 04:20:49
483330,4,ACE 마이크로소프트밸류체인액티브,14485,5,-305,-2.06,14456.0,0.7493,8000,115,174,2026-08-21 04:20:49
195920,4,TIGER 일본TOPIX(합성 H),34740,2,255,0.74,35036.0,7.6478,104,3,174,2026-08-21 04:20:49
236350,4,TIGER 인도니프티50레버리지(합성),28015,5,-495,-1.74,27925.0,-9.8641,472,13,174,2026-08-21 04:20:49
385600,2,ACE 2차전지&친환경차액티브,11570,5,-300,-2.53,11567.0,-7.4103,5974,68,174,2026-08-21 04:20:49
477490,4,에셋플러스 글로벌일등기업포커스10액티브,19225,2,5,0.03,19194.0,-9.9977,44,0,173,2026-08-21 04:20:49
0086C0,7,TIGER 리츠부동산인프라10채권혼합액티브,9785,5,-30,-0.31,9799.0,-1.5009,1491,14,171,2026-08-21 04:20:49
250730,4,RISE 차이나HSCEI(H),10035,5,-95,-0.94,10162.0,0.3964,950,9,171,2026-08-21 04:20:49
460660,4,RISE 미국S&P배당킹,12180,5,-210,-1.69,12142.0,6.5312,3717,45,171,2026-08-21 04:20:49
404120,2,TIME K신재생에너지액티브,24300,5,-660,-2.64,24324.0,-10.2643,1841,44,170,2026-08-21 04:20:49
289260,2,TIGER MSCI KOREA ESG리더스,28340,2,100,0.35,28414.0,2.1153,34,0,170,2026-08-21 04:20:49
457690,6,KODEX 33-06 국고채액티브,10470,5,-20,-0.19,10454.0,0.5752,12494,130,170,2026-08-21 04:20:49
280320,4,ACE 미국IT인터넷(합성 H),21125,5,-175,-0.82,21323.0,5.4455,57,1,169,2026-08-21 04:20:49
419650,4,PLUS 글로벌수소&차세대연료전지,5085,5,-175,-3.33,5056.0,-22.5902,5593,28,165,2026-08-21 04:20:49
332620,6,PLUS 미국장기우량회사채,88300,5,-1505,-1.68,88312.0,-7.471,714,63,165,2026-08-21 04:20:49
219390,4,RISE 미국S&P원유생산기업(합성 H),8220,2,110,1.36,8276.0,2.7883,29334,240,164,2026-08-21 04:20:49
291130,4,ACE MSCI멕시코(합성),18075,5,-60,-0.33,18009.0,-9.8435,65,1,163,2026-08-21 04:20:49
453630,4,KODEX 미국S&P500필수소비재,12415,5,-240,-1.9,12450.0,-6.4878,4040,50,161,2026-08-21 04:20:49
131890,2,ACE 삼성그룹동일가중,40145,5,-45,-0.11,40158.0,5.8746,706,28,161,2026-08-21 04:20:49
265690,4,ACE 러시아MSCI(합성),8535,3,0,0.0,48.0,0.0,0,0,158,2026-08-21 04:20:49
432840,4,HANARO 미국S&P500,19700,5,-335,-1.67,19673.0,-2.6487,2347,46,158,2026-08-21 04:20:49
266410,2,KODEX 필수소비재,9800,5,-20,-0.2,9813.0,3.9984,9050,87,157,2026-08-21 04:20:49
494420,2,PLUS 미국배당증가성장주데일리커버드콜,9215,5,-155,-1.65,9192.0,0.283,15115,139,157,2026-08-21 04:20:49
387280,2,TIGER 퓨처모빌리티액티브,11450,5,-230,-1.97,11434.0,-13.6734,3752,42,155,2026-08-21 04:20:49
0220A0,7,KIWOOM 현대차그룹TOP3채권혼합50,9605,3,0,0.0,9603.0,,32574,311,154,2026-08-21 04:20:49
0051A0,4,KoAct 브로드컴밸류체인액티브,23610,5,-140,-0.59,23511.0,-5.8847,1295,30,153,2026-08-21 04:20:49
413930,2,WON AI ESG액티브,27670,5,-10,-0.04,27891.0,-5.5129,13,0,152,2026-08-21 04:20:49
488290,4,MIDAS 일본테크액티브,43200,5,-590,-1.35,43738.0,-2.7214,356,15,151,2026-08-21 04:20:49
114460,6,ACE 국고채3년,100675,5,-80,-0.08,100696.0,0.8924,53,5,151,2026-08-21 04:20:49
453820,4,KODEX 인도Nifty50레버리지(합성),11595,5,-205,-1.74,11603.0,-8.598,29186,338,151,2026-08-21 04:20:49
0216Z0,2,ACE K방산TOP5+,8595,5,-715,-7.68,8603.0,,71357,620,150,2026-08-21 04:20:49
0207Z0,4,KIWOOM 미국우주데이터센터인프라,6995,5,-275,-3.78,7016.0,,4531,31,150,2026-08-21 04:20:49
130680,5,TIGER 원유선물Enhanced(H),7115,2,145,2.08,7148.0,-13.8443,14164,100,149,2026-08-21 04:20:49
337150,2,KODEX 200exTOP,24865,5,-265,-1.05,24898.0,-6.1874,100,2,149,2026-08-21 04:20:49
104520,2,KIWOOM 블루칩,14740,5,-30,-0.2,14724.0,-2.7788,99,1,147,2026-08-21 04:20:49
491510,2,파워 K-주주가치액티브,17330,2,60,0.35,17375.0,-4.2749,37,0,147,2026-08-21 04:20:49
453010,7,PLUS KOFR금리,109770,2,25,0.02,109763.0,0.6327,395,43,147,2026-08-21 04:20:49
438900,2,HANARO Fn K-푸드,11530,5,-95,-0.82,11552.0,-0.8888,15361,176,144,2026-08-21 04:20:49
0153P0,2,ACE 리츠부동산인프라액티브,9535,2,10,0.1,9519.0,-1.2159,7471,71,143,2026-08-21 04:20:49
0193L0,2,PLUS 삼성전자선물단일종목인버스2X,8470,5,-550,-6.1,8465.0,,838182,7335,142,2026-08-21 04:20:49
234310,2,RISE V&S셀렉트밸류,28350,2,50,0.18,28279.0,-6.1049,4,0,142,2026-08-21 04:20:49
0194R0,2,KIWOOM SK하이닉스선물단일종목레버리지,8985,2,675,8.12,8938.0,,28857,255,142,2026-08-21 04:20:49
484890,6,SOL 머니마켓액티브,52500,2,10,0.02,52495.0,0.6712,1734,91,141,2026-08-21 04:20:49
0104G0,2,PLUS K방산레버리지,5835,5,-870,-12.98,5877.0,-42.6188,117433,703,140,2026-08-21 04:20:49
0013P0,4,RISE 미국은행TOP10,12700,5,-290,-2.23,12682.0,9.2489,7570,96,140,2026-08-21 04:20:49
0004G0,4,1Q 미국배당TOP30,9250,5,-140,-1.49,9236.0,4.3493,4028,37,139,2026-08-21 04:20:49
0090B0,2,PLUS K방산소부장,6430,5,-455,-6.61,6424.0,-39.9477,69630,453,138,2026-08-21 04:20:49
404650,2,SOL KRX기후변화솔루션,22885,5,-705,-2.99,23057.0,-9.8647,13,0,137,2026-08-21 04:20:49
0028X0,4,KODEX 미국금융테크액티브,11920,5,-190,-1.57,11904.0,9.5256,2853,34,137,2026-08-21 04:20:49
496130,1,TRUSTON 코리아밸류업액티브,25385,2,20,0.08,25843.0,-7.7469,34,0,137,2026-08-21 04:20:49
373490,2,KODEX 코리아혁신성장액티브,24855,5,-595,-2.34,24935.0,-15.9373,1667,41,137,2026-08-21 04:20:49
102960,2,KODEX 기계장비,12885,5,-525,-3.91,12875.0,-23.3715,8674,111,137,2026-08-21 04:20:49
396510,4,TIGER 차이나클린에너지SOLACTIVE,7405,5,-15,-0.2,7452.0,-24.5552,2718,20,136,2026-08-21 04:20:49
244620,2,KODEX 모멘텀Plus,19290,5,-705,-3.53,19340.0,-11.232,237,4,135,2026-08-21 04:20:49
417450,4,RISE 글로벌수소경제,15815,5,-585,-3.57,15722.0,-18.4921,1537,24,134,2026-08-21 04:20:49
0127T0,4,KIWOOM 미국S&P500&배당다우존스비중전환,11100,5,-200,-1.77,11079.0,-1.783,1319,14,133,2026-08-21 04:20:49
0127V0,4,KIWOOM 미국S&P500 TOP10&배당다우비중전환,10640,5,-190,-1.75,10602.0,-6.0592,1409,14,133,2026-08-21 04:20:49
472720,1,TRUSTON 주주가치액티브,25265,5,-55,-0.22,25257.0,-10.0054,983,24,131,2026-08-21 04:20:49
0222F0,2,마이티 AI데이터센터밸류체인,12500,5,-350,-2.72,12513.0,,2647,33,131,2026-08-21 04:20:49
428560,4,KODEX 미국ETF산업Top10 Indxx,16245,5,-80,-0.49,16305.0,-0.579,720,11,130,2026-08-21 04:20:49
137610,5,TIGER 농산물선물Enhanced(H),5625,3,0,0.0,5645.0,0.8968,8985,50,129,2026-08-21 04:20:49
489860,4,KIWOOM 글로벌전력GRID인프라,15160,5,-210,-1.37,15140.0,-8.6952,724,11,129,2026-08-21 04:20:49
266390,2,KODEX 경기소비재,14315,5,-25,-0.17,14329.0,10.6312,1002,14,129,2026-08-21 04:20:49
485810,4,TIME 글로벌바이오액티브,11660,5,-400,-3.32,11565.0,18.9935,42374,491,128,2026-08-21 04:20:49
0088N0,2,WON K-글로벌수급상위,10240,5,-480,-4.48,10232.0,-18.572,3530,36,128,2026-08-21 04:20:49
395760,2,PLUS ESG성장주액티브,21320,5,-40,-0.19,21379.0,-2.9973,274,5,128,2026-08-21 04:20:49
300610,2,TIGER K게임,5305,5,-95,-1.76,5306.0,-9.396,7277,38,127,2026-08-21 04:20:49
272570,6,RISE 중장기국공채액티브,107840,5,-160,-0.15,107838.0,0.845,9,0,127,2026-08-21 04:20:49
176950,6,KODEX 국채선물10년인버스,60580,2,220,0.36,60561.0,0.6923,201,12,127,2026-08-21 04:20:49
0015F0,7,KIWOOM 팔란티어미국30년국채혼합액티브(H),10520,5,-50,-0.47,10531.0,7.5273,2563,26,126,2026-08-21 04:20:49
252650,1,KODEX 200동일가중,18020,5,-400,-2.17,18074.0,-4.839,2419,43,126,2026-08-21 04:20:49
0208N0,1,IBK 코스피액티브,7640,2,100,1.33,7641.0,,733,5,126,2026-08-21 04:20:49
435040,4,ACE 글로벌브랜드TOP10,19330,5,-395,-2.0,19300.0,-2.9942,775,14,126,2026-08-21 04:20:49
435550,7,KIWOOM TDF2050액티브 적격,17845,5,-215,-1.19,17802.0,-2.9819,2698,48,125,2026-08-21 04:20:49
279540,2,KODEX 최소변동성,20750,5,-120,-0.57,20698.0,-7.2871,3,0,125,2026-08-21 04:20:49
363510,6,SOL KIS단기통안채,112070,3,0,0.0,112090.0,0.5743,0,0,124,2026-08-21 04:20:49
400570,4,KODEX 유럽탄소배출권선물ICE(H),11250,2,35,0.31,11373.0,9.0422,3593,40,124,2026-08-21 04:20:49
290080,3,RISE 200고배당커버드콜ATM,7070,5,-115,-1.6,7100.0,13.1617,12972,92,124,2026-08-21 04:20:49
360150,2,KODEX 코스닥150롱코스피200숏선물,3010,5,-235,-7.24,3014.0,-19.2787,195555,594,123,2026-08-21 04:20:49
453060,6,HANARO KOFR금리액티브(합성),111320,3,0,0.0,111314.0,0.6874,2,0,122,2026-08-21 04:20:49
453660,4,KODEX 미국S&P500경기소비재,17435,5,-350,-1.97,17411.0,-4.1393,133,2,122,2026-08-21 04:20:49
332610,6,PLUS 미국단기회사채(AAA~A),125965,5,-1120,-0.88,126043.0,-6.6168,109,13,121,2026-08-21 04:20:49
0000H0,2,KODEX 인도Nifty미드캡100,10480,5,-150,-1.41,10486.0,-2.7441,343,3,121,2026-08-21 04:20:49
269370,4,TIGER S&P글로벌인프라(합성),17200,5,-140,-0.81,17243.0,-8.2906,375,6,120,2026-08-21 04:20:49
269530,4,PLUS S&P글로벌인프라,19995,5,-80,-0.4,20123.0,-8.3401,1372,27,120,2026-08-21 04:20:49
140580,2,RISE 우량업종대표주,23910,5,-215,-0.89,23911.0,-8.8591,52,1,120,2026-08-21 04:20:49
0008E0,4,ACE 미국중심중소형제조업,12545,5,-340,-2.64,12567.0,-8.94,442,5,119,2026-08-21 04:20:49
487750,2,BNK 온디바이스AI,29730,5,-545,-1.8,29734.0,-10.1366,1310,39,119,2026-08-21 04:20:49
457700,6,KODEX 53-09 국고채액티브,8980,5,-55,-0.61,8987.0,-6.3246,589,5,119,2026-08-21 04:20:49
251590,2,PLUS 고배당저변동50,16925,5,-185,-1.08,16964.0,-2.9041,2445,41,118,2026-08-21 04:20:49
448490,6,HANARO 32-10 국고채액티브,52665,5,-190,-0.36,52672.0,0.199,56,2,118,2026-08-21 04:20:49
166400,3,TIGER 200커버드콜OTM,23590,2,245,1.05,23579.0,12.4151,1022,24,118,2026-08-21 04:20:49
409810,4,KODEX 미국나스닥100선물인버스(H),5565,2,60,1.09,5576.0,-2.4801,527951,2939,117,2026-08-21 04:20:49
354240,7,RISE 미국고정배당우선증권,10610,5,-50,-0.47,10577.0,-9.5461,3926,41,117,2026-08-21 04:20:49
280920,2,PLUS 주도업종,23315,5,-255,-1.08,23491.0,-7.9657,85,1,117,2026-08-21 04:20:49
0221Z0,2,ACE K바이오코스닥액티브,10540,5,-775,-6.85,10542.0,,436494,4612,116,2026-08-21 04:20:49
410870,2,TIME K컬처액티브,9510,5,-180,-1.86,9523.0,-9.9443,1773,16,114,2026-08-21 04:20:49
0084E0,7,KIWOOM 미국대형주500월간목표헤지액티브,10300,5,-60,-0.58,10204.0,-6.2855,3,0,113,2026-08-21 04:20:49
451600,6,PLUS 국고채30년액티브,82465,5,-310,-0.37,82639.0,-7.3536,149,12,113,2026-08-21 04:20:49
371870,4,ACE 차이나항셍테크,7010,5,-75,-1.06,6989.0,-9.3411,338,2,112,2026-08-21 04:20:49
0094L0,4,RISE 차이나테크TOP10위클리타겟커버드콜,8010,5,-45,-0.56,7939.0,-10.8787,16432,130,112,2026-08-21 04:20:49
463640,4,KODEX 미국S&P500유틸리티,14015,5,-255,-1.79,13985.0,-7.474,2709,38,112,2026-08-21 04:20:49
430500,7,KIWOOM 물가채KIS,112100,5,-435,-0.39,112089.0,-0.0045,388,43,112,2026-08-21 04:20:49
0222D0,2,KoAct 고배당액티브,10190,5,-50,-0.49,10191.0,,14265,144,112,2026-08-21 04:20:49
451150,4,에셋플러스 글로벌영에이지액티브,17785,5,-305,-1.69,17769.0,-1.7649,4,0,110,2026-08-21 04:20:49
310080,4,RISE 중국MSCI China(H),9570,2,105,1.11,9538.0,-1.8663,2074,19,110,2026-08-21 04:20:49
419420,4,KODEX 미국클린에너지나스닥,9165,5,-195,-2.08,9062.0,-17.049,841,7,110,2026-08-21 04:20:49
407820,2,에셋플러스 코리아플랫폼액티브,6080,5,-65,-1.06,6078.0,-20.0911,24738,149,109,2026-08-21 04:20:49
0203D0,7,PLUS 200위클리커버드콜채권혼합,9090,2,60,0.66,9095.0,,9603,86,109,2026-08-21 04:20:49
464610,2,SOL 의료기기소부장Fn,7255,5,-305,-4.03,7263.0,-13.3028,16027,116,109,2026-08-21 04:20:49
461580,1,TIGER 코스닥글로벌,15505,5,-945,-5.74,15504.0,-9.6403,29167,461,109,2026-08-21 04:20:49
498050,2,HANARO 바이오코리아액티브,10780,5,-630,-5.52,10808.0,-9.0837,4161,45,108,2026-08-21 04:20:49
0093B0,4,RISE 엔비디아고정테크100,12625,5,-145,-1.14,12557.0,-4.6629,124,1,107,2026-08-21 04:20:49
0002C0,4,에셋플러스 인도일등기업포커스20액티브,9920,5,-35,-0.35,9942.0,4.0229,1077,10,107,2026-08-21 04:20:49
385710,2,TIME K이노베이션액티브,10685,5,-250,-2.29,10746.0,-21.0755,279,2,107,2026-08-21 04:20:49
140710,2,KODEX 운송,6275,5,-25,-0.4,6292.0,-1.3746,6261,39,107,2026-08-21 04:20:49
0068M0,4,KODEX 미국S&P500버퍼6월액티브,11775,5,-70,-0.59,11773.0,-3.9412,814,9,106,2026-08-21 04:20:49
0113G0,4,KoAct 미국바이오헬스케어액티브,11730,5,-545,-4.44,11704.0,23.7399,14782,173,106,2026-08-21 04:20:49
0194N0,2,KIWOOM 삼성전자선물단일종목레버리지,12740,2,825,6.92,12726.0,,4778,58,105,2026-08-21 04:20:49
181480,7,ACE 미국부동산리츠(합성 H),86600,5,-20,-0.02,86302.0,3.3244,406,35,104,2026-08-21 04:20:49
237440,7,TIGER 경기방어채권혼합,10310,5,-45,-0.43,10312.0,2.2716,3086,31,103,2026-08-21 04:20:49
0191S0,1,IBK 코스닥150,13925,5,-765,-5.21,13946.0,-16.7706,5802,81,103,2026-08-21 04:20:49
0001P0,2,마이티 바이오시밀러&CDMO액티브,9185,5,-440,-4.57,9230.0,-10.8797,1493,13,103,2026-08-21 04:20:49
446700,2,RISE 배터리 리사이클링,9870,5,-360,-3.52,9886.0,-18.9061,1046,10,103,2026-08-21 04:20:49
456250,4,KODEX 유럽명품TOP10 STOXX,8925,5,-230,-2.51,8925.0,-0.7784,3501,31,103,2026-08-21 04:20:49
354350,4,HANARO 글로벌럭셔리S&P(합성),19665,5,-325,-1.63,19678.0,-2.2255,427,8,102,2026-08-21 04:20:49
487910,4,ACE 인도컨슈머파워액티브,8485,5,-95,-1.11,8491.0,-0.5218,314,2,102,2026-08-21 04:20:49
460270,6,KIWOOM 미국달러SOFR금리액티브(합성),12560,5,-110,-0.87,12562.0,-6.4945,89,1,102,2026-08-21 04:20:49
0067Y0,4,TIGER 차이나AI소프트웨어,10645,5,-255,-2.34,10694.0,-17.518,6764,72,101,2026-08-21 04:20:49
117690,4,TIGER 차이나항셍30,20000,5,-285,-1.4,20118.0,-7.5433,168,3,100,2026-08-21 04:20:49
140570,2,RISE 수출주,24985,5,-425,-1.67,24969.0,-6.6153,59,1,100,2026-08-21 04:20:49
494180,4,TIME 글로벌소비트렌드액티브,13280,5,-305,-2.25,13281.0,-4.767,47,0,100,2026-08-21 04:20:49
0189Z0,2,DAISHIN 금융&지주고배당,9945,2,30,0.3,9962.0,,187,1,99,2026-08-21 04:20:49
429010,4,TIGER 미국나스닥넥스트100,19885,5,-455,-2.24,19795.0,4.8994,66,1,99,2026-08-21 04:20:49
0226G0,2,WON 피지컬AI TOP2플러스액티브,12335,5,-205,-1.63,12345.0,,25827,318,99,2026-08-21 04:20:49
463690,4,KODEX 미국S&P500커뮤니케이션,17635,5,-395,-2.19,17687.0,-10.7226,151,2,97,2026-08-21 04:20:49
0174R0,4,KIWOOM 미국성장다우존스,11295,5,-180,-1.57,11233.0,-3.3645,2267,25,96,2026-08-21 04:20:49
0120J0,2,BNK 카카오그룹포커스,7645,5,-390,-4.85,7642.0,-4.7422,104665,804,96,2026-08-21 04:20:49
281990,2,RISE 중소형고배당,17260,5,-110,-0.63,17296.0,-3.7722,99,1,95,2026-08-21 04:20:49
252000,1,TIGER 200동일가중,18910,5,-410,-2.12,18920.0,-4.6541,31,0,95,2026-08-21 04:20:49
399580,4,RISE 글로벌클린에너지,9340,5,-65,-0.69,9260.0,-21.0995,622,5,93,2026-08-21 04:20:49
497510,4,ACE 글로벌빅파마,13270,5,-500,-3.63,13317.0,8.8085,649,8,93,2026-08-21 04:20:49
230480,7,KIWOOM 미국달러선물인버스2X,4615,2,70,1.54,4632.0,15.2091,3465,15,93,2026-08-21 04:20:49
0227K0,4,RISE 미국우주위성통신,9205,5,-275,-2.9,9308.0,,40613,374,92,2026-08-21 04:20:49
341850,7,TIGER 리츠부동산인프라채권,4590,3,0,0.0,4590.0,-0.0984,1660,7,92,2026-08-21 04:20:49
0224D0,4,KIWOOM 미국CPU반도체TOP4+,9175,5,-120,-1.29,9169.0,,1709,15,92,2026-08-21 04:20:49
375270,7,RISE 글로벌데이터센터리츠(합성),14110,3,0,0.0,14033.0,-13.2227,212,2,92,2026-08-21 04:20:49
449680,7,TIGER 한중전기차(합성),10790,5,-110,-1.01,10878.0,-22.4476,6,0,92,2026-08-21 04:20:49
174350,2,TIGER 로우볼,20805,5,-50,-0.24,20859.0,4.6702,596,12,92,2026-08-21 04:20:49
0214M0,2,MIDAS 바이오헬스케어액티브,10745,5,-955,-8.16,10849.0,,1290,13,91,2026-08-21 04:20:49
482030,2,KoAct 반도체&2차전지핵심소재액티브,8645,5,-420,-4.63,8639.0,-24.3954,6524,56,91,2026-08-21 04:20:49
0133E0,4,TIGER 차이나증권,8635,2,65,0.76,8674.0,-3.7416,454,3,91,2026-08-21 04:20:49
371150,4,RISE 차이나항셍테크,6965,5,-100,-1.42,6982.0,-9.5682,254,1,91,2026-08-21 04:20:49
0084D0,7,KIWOOM 미국테크100월간목표헤지액티브,11300,5,-230,-1.99,11311.0,-5.4551,124,1,90,2026-08-21 04:20:49
301400,1,PLUS 코스닥150,13885,5,-795,-5.42,13973.0,-17.7131,5037,70,90,2026-08-21 04:20:49
139240,2,TIGER 200 철강소재,10560,5,-235,-2.18,10551.0,-17.2163,13163,138,89,2026-08-21 04:20:49
497520,4,ACE 일라이릴리밸류체인,13470,5,-90,-0.66,13483.0,12.7182,1629,21,88,2026-08-21 04:20:49
435540,7,KIWOOM TDF2040액티브 적격,17325,5,-205,-1.17,17287.0,-3.0139,1405,24,87,2026-08-21 04:20:49
215620,2,HK S&P코리아로우볼,15980,5,-85,-0.53,15983.0,-3.9175,1,0,86,2026-08-21 04:20:49
0216K0,7,KIWOOM 미국우주테크TOP2채권혼합50,8600,5,-290,-3.26,8672.0,,34527,297,86,2026-08-21 04:20:49
105010,4,TIGER 라틴35,6115,5,-20,-0.33,6097.0,-11.4376,8801,53,86,2026-08-21 04:20:49
395150,2,KODEX 웹툰&드라마,1775,5,-66,-3.59,1778.0,-10.4137,24980,44,85,2026-08-21 04:20:49
429980,7,SOL 한국형글로벌전기차&2차전지액티브,17030,5,-105,-0.61,17052.0,-14.836,183,3,85,2026-08-21 04:20:49
462340,4,에셋플러스 글로벌다이나믹시니어액티브,16815,5,-375,-2.18,16809.0,7.5383,16,0,84,2026-08-21 04:20:49
381570,2,HANARO Fn친환경에너지,9820,5,-465,-4.52,9825.0,-18.3731,2823,27,83,2026-08-21 04:20:49
0219Z0,4,HANARO 미국S&P500액티브,10410,5,-260,-2.44,10401.0,,1514,15,83,2026-08-21 04:20:49
182490,6,TIGER 단기선진하이일드(합성 H),13840,5,-65,-0.47,13858.0,1.2377,597,8,83,2026-08-21 04:20:49
0219B0,2,KoAct 광통신&위성네트워크액티브,10375,5,-625,-5.68,10390.0,,16226,170,83,2026-08-21 04:20:49
395280,2,HANARO Fn K-게임,3520,5,-60,-1.68,3532.0,-9.1371,139,0,83,2026-08-21 04:20:49
395750,2,PLUS ESG가치주액티브,20610,2,155,0.76,20599.0,-3.2632,152,3,82,2026-08-21 04:20:49
217780,4,TIGER 차이나CSI300인버스(합성),5315,5,-135,-2.48,5467.0,12.9533,228,1,82,2026-08-21 04:20:49
466810,2,BNK 2차전지양극재,5492,5,-248,-4.32,5496.0,-20.3332,1876,10,82,2026-08-21 04:20:49
0215T0,4,HANARO 미국AI광통신TOP10,9110,5,-85,-0.92,9098.0,,46636,423,82,2026-08-21 04:20:49
457930,2,BNK 미래전략기술액티브,27290,5,-445,-1.6,27479.0,-10.8487,114,3,82,2026-08-21 04:20:49
0172Y0,2,ACE K수출핵심TOP10산업액티브,9630,5,-70,-0.72,9635.0,-9.9351,3811,36,82,2026-08-21 04:20:49
270800,2,RISE KQ고배당,14835,5,-425,-2.79,14859.0,-13.0974,395,5,82,2026-08-21 04:20:49
0184N0,7,PLUS 은채권혼합,9055,2,95,1.06,9014.0,-7.7715,58982,533,81,2026-08-21 04:20:49
404540,2,TIGER KRX기후변화솔루션,23010,5,-655,-2.77,23189.0,-10.1651,173,3,81,2026-08-21 04:20:49
0226D0,7,FOCUS 금융반도체지주채권혼합50액티브,10025,5,-40,-0.4,10034.0,,1313,13,80,2026-08-21 04:20:49
261110,7,TIGER 미국달러선물레버리지,15995,5,-240,-1.48,15993.0,-13.9184,3419,54,80,2026-08-21 04:20:49
487920,4,ACE 인도시장대표BIG5그룹액티브,7985,5,-115,-1.42,8014.0,-3.8005,470,3,80,2026-08-21 04:20:49
253280,2,RISE 헬스케어,13185,5,-620,-4.49,13229.0,-2.6103,2429,32,79,2026-08-21 04:20:49
0218K0,2,BNK 스마트카,10540,5,-360,-3.3,10554.0,,1716,17,79,2026-08-21 04:20:49
480460,7,WON 한국부동산TOP3플러스,9290,2,30,0.32,9282.0,-3.0408,93,0,79,2026-08-21 04:20:49
189400,4,PLUS 글로벌MSCI(합성 H),26040,2,20,0.08,25920.0,5.2376,529,13,78,2026-08-21 04:20:49
0138D0,2,RISE 동학개미,12015,5,-315,-2.55,12030.0,-23.0338,479,5,78,2026-08-21 04:20:49
0082F0,4,HANARO 유럽방산,11115,5,-255,-2.24,11120.0,10.9268,111,1,78,2026-08-21 04:20:49
435530,7,KIWOOM TDF2030액티브 적격,15385,5,-155,-1.0,15344.0,-3.0668,995,15,77,2026-08-21 04:20:49
256450,4,PLUS 심천차이넥스트(합성),15365,2,135,0.89,15610.0,-17.6757,2685,40,77,2026-08-21 04:20:49
225800,7,KIWOOM 미국달러선물레버리지,15030,5,-250,-1.64,15050.0,-14.1091,200,3,77,2026-08-21 04:20:49
0094X0,4,1Q 샤오미밸류체인액티브,8490,2,55,0.65,8510.0,-15.9167,3400,28,76,2026-08-21 04:20:49
494210,4,SOL 미국500타겟데일리커버드콜액티브,10865,5,-200,-1.81,10841.0,-2.8949,9414,102,76,2026-08-21 04:20:49
225050,4,TIGER 유로스탁스레버리지(합성 H),16675,2,55,0.33,16657.0,21.3581,183,3,75,2026-08-21 04:20:49
304670,6,KODEX 미국30년국채울트라선물인버스(H),12395,2,135,1.1,12403.0,-0.6081,343,4,74,2026-08-21 04:20:49
437370,4,RISE 글로벌농업경제,10575,2,125,1.2,10554.0,-6.6073,1374,14,74,2026-08-21 04:20:49
227570,2,TIGER 우량가치,20540,5,-160,-0.77,20586.0,-4.6962,677,13,74,2026-08-21 04:20:49
285690,2,FOCUS ESG리더스,20960,5,-580,-2.69,21205.0,-3.3214,100,2,73,2026-08-21 04:20:49
438740,2,MIDAS 중소형액티브,32540,5,-855,-2.56,32429.0,-11.5716,5,0,73,2026-08-21 04:20:49
390400,4,KODEX 미국스마트모빌리티S&P,7320,5,-155,-2.07,7293.0,-7.4778,2539,18,73,2026-08-21 04:20:49
139660,7,KIWOOM 미국달러선물인버스,8385,2,70,0.84,8391.0,8.0571,1375,11,73,2026-08-21 04:20:49
0005C0,6,RISE 미국S&P500엔화노출(합성 H),11210,5,-200,-1.75,11190.0,-3.6318,557,6,73,2026-08-21 04:20:49
488480,4,RISE 일본섹터TOP4Plus,13145,5,-50,-0.38,13092.0,-4.513,508,6,72,2026-08-21 04:20:49
402460,2,HANARO Fn K-메타버스MZ,14415,5,-225,-1.54,14448.0,10.8694,28,0,72,2026-08-21 04:20:49
450180,7,KODEX 한중전기차(합성),11040,5,-130,-1.16,11173.0,-22.1332,101,1,72,2026-08-21 04:20:49
326230,2,RISE 내수주플러스,11155,5,-155,-1.37,11204.0,-3.1679,40,0,71,2026-08-21 04:20:49
400590,4,SOL 글로벌탄소배출권선물ICE(합성),14105,2,130,0.93,14202.0,0.8297,133,1,71,2026-08-21 04:20:49
368680,2,KODEX K-뉴딜디지털플러스,7815,5,-285,-3.52,7874.0,-5.3059,223,1,70,2026-08-21 04:20:49
0036Z0,4,RISE 미국천연가스밸류체인,12765,5,-15,-0.12,12703.0,-10.426,422,5,70,2026-08-21 04:20:49
0176P0,2,FOCUS AI반도체위클리고정커버드콜,12390,5,-330,-2.59,12393.0,-2.7691,1653,20,68,2026-08-21 04:20:49
0166T0,4,PLUS 글로벌저작권핵심기업액티브,9710,5,-180,-1.82,9807.0,-3.3236,134,1,68,2026-08-21 04:20:49
429740,7,PLUS K리츠,6125,3,0,0.0,6130.0,-3.7968,341,2,67,2026-08-21 04:20:49
244670,2,KODEX 밸류Plus,11215,5,-110,-0.97,11249.0,-4.7701,26,0,67,2026-08-21 04:20:49
139290,2,TIGER 200 경기소비재,25865,5,-30,-0.12,25848.0,-11.9368,253,6,67,2026-08-21 04:20:49
250780,3,TIGER 코스닥150선물인버스,2490,2,140,5.96,2492.0,3.7527,494692,1222,67,2026-08-21 04:20:49
0047N0,4,PLUS 차이나AI테크TOP10,10340,5,-40,-0.39,10347.0,-9.8176,272,2,67,2026-08-21 04:20:49
456200,6,PLUS 미국달러SOFR금리액티브(합성),59900,5,-420,-0.7,59870.0,-6.8921,5,0,66,2026-08-21 04:20:49
316300,7,ACE 싱가포르리츠,13105,5,-155,-1.17,13150.0,-6.1258,1296,16,66,2026-08-21 04:20:49
0184V0,2,UNICORN K바이오액티브,5900,5,-640,-9.79,5896.0,-20.6311,88708,525,65,2026-08-21 04:20:49
0102X0,4,ACE 유럽방산TOP10,9850,5,-150,-1.5,9884.0,4.9908,889,8,64,2026-08-21 04:20:49
315270,2,TIGER 200커뮤니케이션서비스,19985,5,-160,-0.79,19980.0,-3.6154,1010,20,64,2026-08-21 04:20:49
0087F0,4,ACE 차이나AI빅테크TOP2+액티브,12745,3,0,0.0,12714.0,-4.209,363,4,64,2026-08-21 04:20:49
291890,4,KODEX MSCI EM선물(H),12475,2,155,1.26,12408.0,3.8348,148,1,62,2026-08-21 04:20:49
307510,2,TIGER 의료기기,12340,5,-490,-3.82,12386.0,-17.2227,2044,25,62,2026-08-21 04:20:49
138920,5,KODEX 콩선물(H),12175,5,-75,-0.61,12173.0,0.451,704,8,61,2026-08-21 04:20:49
469530,3,RISE 미국달러선물인버스,9400,2,105,1.13,9394.0,8.0813,40,0,60,2026-08-21 04:20:49
289670,6,PLUS 국채선물10년,51855,5,-230,-0.44,51855.0,0.5404,317,16,60,2026-08-21 04:20:49
0114X0,4,RISE 글로벌게임테크TOP3Plus,8465,5,-150,-1.74,8440.0,0.1744,129,1,59,2026-08-21 04:20:49
219900,4,ACE 중국본토CSI300레버리지(합성),4210,5,-55,-1.29,4279.0,-22.7356,1501,6,59,2026-08-21 04:20:49
433250,1,UNICORN R&D 액티브,23405,5,-580,-2.42,23594.0,-5.6823,3,0,59,2026-08-21 04:20:49
451670,6,RISE 국채30년레버리지(합성),11660,5,-85,-0.72,11676.0,-17.0551,14,0,58,2026-08-21 04:20:49
400580,4,SOL 유럽탄소배출권선물S&P(H),11645,2,65,0.56,11693.0,9.659,73,0,58,2026-08-21 04:20:49
401590,4,HANARO 글로벌탄소배출권선물ICE(합성),11275,3,0,0.0,11331.0,1.8058,181,2,58,2026-08-21 04:20:49
314700,2,HANARO 농업융복합산업,10400,5,-275,-2.58,10415.0,-15.1486,12,0,57,2026-08-21 04:20:49
483020,2,KIWOOM 의료AI,9390,5,-335,-3.44,9419.0,-12.1103,1588,14,56,2026-08-21 04:20:49
476310,4,RISE 글로벌비만산업TOP2+,10235,5,-305,-2.89,10334.0,6.3066,411,4,56,2026-08-21 04:20:49
413220,4,SOL 차이나태양광CSI(합성),4690,2,25,0.54,4706.0,-30.477,195,0,56,2026-08-21 04:20:49
0053M0,2,더제이 중소형포커스액티브,12490,5,-370,-2.88,12526.0,-11.1265,321,4,56,2026-08-21 04:20:49
407300,2,HANARO Fn골프테마,10175,5,-320,-3.05,10209.0,-11.3439,3,0,56,2026-08-21 04:20:49
0191B0,1,MIDAS 코스닥액티브,27765,5,-2255,-7.51,27837.0,-15.3174,3287,91,56,2026-08-21 04:20:49
267450,6,RISE 미국장기국채선물인버스(H),11100,3,0,0.0,11127.0,-0.4038,0,0,56,2026-08-21 04:20:49
432600,6,RISE 국채선물3년,55300,5,-15,-0.03,55285.0,1.0965,2,0,55,2026-08-21 04:20:49
470310,2,UNICORN 생성형AI강소기업액티브,18375,5,-440,-2.34,18425.0,15.7134,1018,18,55,2026-08-21 04:20:49
220130,4,SOL 차이나강소기업CSI500(합성 H),6870,2,80,1.18,6876.0,-7.7446,5366,36,55,2026-08-21 04:20:49
483030,4,KIWOOM 미국블록버스터바이오테크의약품+,12170,5,-410,-3.26,12138.0,10.0322,5365,65,55,2026-08-21 04:20:49
499150,4,SOL 미국S&P500엔화노출(H),10797,5,-168,-1.53,10805.0,-4.1051,212,2,54,2026-08-21 04:20:49
321410,7,KODEX 멀티에셋하이인컴(H),10680,5,-15,-0.14,10667.0,2.5812,3729,39,53,2026-08-21 04:20:49
474390,6,SOL 국고채30년액티브,39635,5,-225,-0.56,39665.0,-7.3993,485,19,53,2026-08-21 04:20:49
488200,2,KIWOOM K-2차전지북미공급망,11780,5,-445,-3.64,11771.0,-18.721,1798,21,53,2026-08-21 04:20:49
490330,4,KoAct 미국치매&뇌질환치료제액티브,15145,5,-560,-3.57,15138.0,18.6626,2396,36,53,2026-08-21 04:20:49
0174J0,7,DAISHIN 오피스리츠플러스,8815,2,10,0.11,8790.0,-1.7746,9002,79,53,2026-08-21 04:20:49
0015E0,7,KIWOOM 엔비디아미국30년국채혼합액티브(H),10480,5,-125,-1.18,10512.0,-0.4201,473,4,52,2026-08-21 04:20:49
411860,4,KIWOOM 독일DAX,17240,5,-195,-1.12,17190.0,0.0397,141,2,52,2026-08-21 04:20:49
0073X0,5,FOCUS 알리바바미국채커버드콜혼합,9375,5,-75,-0.79,9344.0,-8.0716,2502,23,52,2026-08-21 04:20:49
0132D0,7,KoAct 글로벌K컬처밸류체인액티브,9370,5,-225,-2.34,9460.0,0.5765,74,0,52,2026-08-21 04:20:49
295000,6,RISE 국채선물10년,51180,5,-155,-0.3,51183.0,0.2636,4,0,51,2026-08-21 04:20:49
0154H0,4,KoAct 차이나바이오헬스케어액티브,9135,5,-270,-2.87,9167.0,9.424,1576,14,50,2026-08-21 04:20:49
0128D0,4,PLUS 차이나항셍테크위클리타겟커버드콜,7130,5,-65,-0.9,7179.0,-8.7733,1499,10,50,2026-08-21 04:20:49
498610,4,RISE 인도디지털성장,8285,5,-100,-1.19,8303.0,-0.1904,257,2,50,2026-08-21 04:20:49
291630,3,KIWOOM 코스닥150선물레버리지,3375,5,-445,-11.65,3383.0,-40.8669,97471,334,49,2026-08-21 04:20:49
0078V0,4,PLUS 미국로보택시,9735,5,-85,-0.87,9666.0,-12.7112,114,1,49,2026-08-21 04:20:49
0015K0,4,TIGER 미국소비트렌드액티브,7110,5,-220,-3.0,7125.0,-2.1362,150,1,48,2026-08-21 04:20:49
267440,6,RISE 미국장기국채선물(H),7950,5,-100,-1.24,8081.0,0.1243,78,0,48,2026-08-21 04:20:49
0131A0,4,SOL 차이나소비트렌드,7885,5,-105,-1.31,7943.0,-14.0399,1233,9,47,2026-08-21 04:20:49
391600,4,ACE 미국친환경그린테마,10490,5,-315,-2.92,10476.0,-15.1551,39,0,47,2026-08-21 04:20:49
244660,2,KODEX 퀄리티Plus,9145,5,-160,-1.72,9198.0,-3.5982,25,0,46,2026-08-21 04:20:49
266550,2,PLUS 중형주저변동50,18215,5,-190,-1.03,18225.0,-3.7396,1,0,46,2026-08-21 04:20:49
373790,4,KIWOOM 미국방어배당성장나스닥,15770,5,-250,-1.56,15817.0,-2.1745,130,2,44,2026-08-21 04:20:49
205720,4,ACE 일본TOPIX인버스(합성 H),1468,5,-1,-0.07,1470.0,-8.0151,2122,3,44,2026-08-21 04:20:49
488210,2,KIWOOM K-반도체북미공급망,21560,5,-515,-2.33,21533.0,-11.441,273,5,43,2026-08-21 04:20:49
243890,2,TIGER 200에너지화학레버리지,8180,5,-265,-3.14,8156.0,-20.5551,32439,261,43,2026-08-21 04:20:49
252420,3,RISE 200선물인버스2X,79,5,-3,-3.66,79.0,-35.4331,1617820,129,42,2026-08-21 04:20:49
226380,2,ACE Fn성장소비주도주,5785,5,-110,-1.87,5864.0,-3.0428,3,0,40,2026-08-21 04:20:49
238670,7,PLUS 스마트베타Quality채권혼합,13490,2,30,0.22,13386.0,3.858,13765,185,40,2026-08-21 04:20:49
277650,2,TIGER 코스피중형주,20195,5,-450,-2.18,20239.0,-11.1279,103,2,40,2026-08-21 04:20:49
0050E0,4,PLUS 미국AI에이전트,8022,5,-223,-2.7,8061.0,0.733,1351,10,40,2026-08-21 04:20:49
334690,5,RISE 팔라듐선물(H),6150,2,90,1.49,6132.0,-4.567,2728,16,40,2026-08-21 04:20:49
227550,2,TIGER 200 산업재,11660,5,-640,-5.2,11677.0,-13.8052,839,9,40,2026-08-21 04:20:49
225030,4,TIGER 미국S&P500선물인버스(H),2260,2,20,0.89,2262.0,-4.4777,9085,20,38,2026-08-21 04:20:49
291680,4,RISE 차이나H선물인버스(H),7670,2,120,1.59,7677.0,-3.2672,6,0,38,2026-08-21 04:20:49
0079X0,4,ACE BYD밸류체인액티브,10285,2,85,0.83,10272.0,-16.5303,62160,629,36,2026-08-21 04:20:49
427120,2,RISE AI플랫폼,5255,5,-45,-0.85,5275.0,-8.6207,14991,79,35,2026-08-21 04:20:49
267490,6,RISE 미국장기국채선물레버리지(합성 H),4945,5,-90,-1.79,5020.0,-0.0993,1828,9,35,2026-08-21 04:20:49
454180,4,KIWOOM 차이나내수소비TOP CSI,7730,5,-80,-1.02,7768.0,-8.3811,1303,10,31,2026-08-21 04:20:49
227560,2,TIGER 200 생활소비재,12780,5,-35,-0.27,12784.0,-0.8381,716,9,31,2026-08-21 04:20:49
489010,4,PLUS 글로벌AI인프라,20310,5,-305,-1.48,20225.0,-5.0657,441,8,30,2026-08-21 04:20:49
306530,3,HANARO 코스닥150선물레버리지,6725,5,-905,-11.86,6738.0,-41.7113,39231,266,30,2026-08-21 04:20:49
476000,2,UNICORN 포스트IPO액티브,5200,5,-290,-5.28,5211.0,-36.9691,96851,505,29,2026-08-21 04:20:49
145670,3,ACE 인버스,1277,5,-15,-1.16,1281.0,-12.4068,158740,205,28,2026-08-21 04:20:49
280940,5,KODEX 골드선물인버스(H),3335,3,0,0.0,3312.0,-0.299,1166,3,27,2026-08-21 04:20:49
252410,3,RISE 200선물인버스,1301,5,-18,-1.36,1303.0,-11.4171,5551,7,26,2026-08-21 04:20:49
491630,4,RISE 미국반도체인버스(합성 H),5390,5,-20,-0.37,5394.0,-15.2038,1551,8,26,2026-08-21 04:20:49
291620,3,KIWOOM 코스닥150선물인버스,4405,2,240,5.76,4416.0,3.995,39190,171,25,2026-08-21 04:20:49
275750,3,RISE 코스닥150선물인버스,2515,2,135,5.67,2524.0,3.2537,184063,465,24,2026-08-21 04:20:49
253230,3,KIWOOM 200선물인버스2X,75,5,-3,-3.85,75.0,-37.0968,2290073,173,23,2026-08-21 04:20:49
334700,5,RISE 팔라듐선물인버스(H),3235,5,-45,-1.37,3263.0,-0.7565,535,1,21,2026-08-21 04:20:49
253240,3,KIWOOM 200선물인버스,1302,5,-19,-1.44,1306.0,-11.7569,24714,32,16,2026-08-21 04:20:49
306520,3,HANARO 200선물인버스,2370,5,-45,-1.86,2380.0,-11.7002,1502,3,14,2026-08-21 04:20:49
261920,4,ACE MSCI필리핀(합성),12770,5,-65,-0.51,12769.0,-2.5807,6,0,13,2026-08-21 04:20:49
253160,3,PLUS 200선물인버스2X,152,5,-5,-3.18,153.0,-39.6154,459837,70,13,2026-08-21 04:20:49
412560,2,TIGER BBIG레버리지,1735,5,-144,-7.66,1738.0,-21.8712,8953,15,12,2026-08-21 04:20:49
465620,4,ACE 미국빅테크TOP7 Plus인버스(합성),6560,2,95,1.47,6596.0,2.9458,159,1,7,2026-08-21 04:20:49
