itemcode,etfTabCode,itemname,nowVal,risefall,changeVal,changeRate,nav,threeMonthEarnRate,quant,amonut,marketSum,collected_at
069500,1,KODEX 200,112430,2,550,0.49,112633.0,-24.4345,7925273,898730,258870,2026-09-23 01:50:20
360750,4,TIGER 미국S&P500,25985,5,-240,-0.92,25975.0,-7.9835,10771704,280323,207321,2026-09-23 01:50:20
133690,4,TIGER 미국나스닥100,183405,2,65,0.04,183494.0,-11.3389,2690958,494764,120277,2026-09-23 01:50:20
396500,2,TIGER 반도체TOP10,38910,2,525,1.37,38982.0,-31.0491,3164099,124254,103501,2026-09-23 01:50:20
379800,4,KODEX 미국S&P500,23615,5,-185,-0.78,23612.0,-8.1465,7082819,167567,103032,2026-09-23 01:50:20
102110,1,TIGER 200,112710,2,530,0.47,112852.0,-24.1769,6430567,731061,103017,2026-09-23 01:50:20
379810,4,KODEX 미국나스닥100,27430,2,10,0.04,27437.0,-11.3097,14699216,404098,97623,2026-09-23 01:50:20
488770,7,KODEX 머니마켓액티브,105642,2,47,0.04,105625.0,0.8596,270390,28564,96211,2026-09-23 01:50:20
278530,1,KODEX 200TR,40725,2,190,0.47,40787.0,-24.2549,129449,5322,79475,2026-09-23 01:50:20
459580,6,KODEX CD금리액티브(합성),1075790,2,85,0.01,1076220.0,0.7622,328169,353041,69792,2026-09-23 01:50:20
498400,2,KODEX 200타겟위클리커버드콜,20890,2,90,0.43,20922.0,-24.004,1933457,40724,61563,2026-09-23 01:50:20
381180,4,TIGER 미국필라델피아반도체나스닥,44320,2,650,1.49,44510.0,-24.3826,375840,16744,60386,2026-09-23 01:50:20
091160,2,KODEX 반도체,137835,2,1140,0.83,138051.0,-27.4231,967025,134717,59304,2026-09-23 01:50:20
122630,3,KODEX 레버리지,115570,2,1170,1.02,115924.0,-52.1339,5493931,646795,58767,2026-09-23 01:50:20
0167A0,2,SOL AI반도체TOP2플러스,18875,2,395,2.14,18903.0,-36.1328,6288068,119700,58730,2026-09-23 01:50:20
310970,1,TIGER MSCI Korea TR,50640,2,340,0.68,50638.0,-24.9254,2315,117,47045,2026-09-23 01:50:20
229200,1,KODEX 코스닥150,13955,2,35,0.25,13991.0,-19.908,7181681,101069,46693,2026-09-23 01:50:20
148020,1,RISE 200,113305,2,590,0.52,113429.0,-24.4597,481789,55082,45832,2026-09-23 01:50:20
395160,2,KODEX AI반도체TOP2플러스,42650,2,755,1.8,42723.0,-33.5,1989181,85497,42693,2026-09-23 01:50:20
0162Z0,7,RISE 삼성전자SK하이닉스채권혼합50,13990,2,100,0.72,14009.0,-13.438,2142570,30074,42320,2026-09-23 01:50:20
458730,4,TIGER 미국배당다우존스,14390,5,-130,-0.9,14361.0,-5.6876,960959,13838,42285,2026-09-23 01:50:20
360200,4,ACE 미국S&P500,26265,5,-215,-0.81,26259.0,-8.1208,254090,6686,39713,2026-09-23 01:50:20
411060,5,ACE KRX금현물,26520,2,75,0.28,26377.0,-7.2594,194012,5153,39700,2026-09-23 01:50:20
381170,4,TIGER 미국테크TOP10 INDXX,31680,5,-200,-0.63,31649.0,-4.2787,592197,18790,39109,2026-09-23 01:50:20
395270,2,HANARO Fn K-반도체,60640,2,695,1.16,60733.0,-32.2694,452032,27608,37900,2026-09-23 01:50:20
423160,6,KODEX KOFR금리액티브(합성),110910,2,50,0.05,110856.0,0.7066,57733,6403,36000,2026-09-23 01:50:20
367380,4,ACE 미국나스닥100,31525,3,0,0.0,31541.0,-11.3283,189424,5984,35749,2026-09-23 01:50:20
273130,6,KODEX 종합채권(AA-이상)액티브,109820,2,220,0.2,109771.0,-0.5626,3605,395,35573,2026-09-23 01:50:20
102780,2,KODEX 삼성그룹,26650,2,30,0.11,26687.0,-22.1752,117294,3156,34059,2026-09-23 01:50:20
233740,3,KODEX 코스닥150레버리지,6805,2,30,0.44,6828.0,-43.9388,25407868,175933,33828,2026-09-23 01:50:20
357870,6,TIGER CD금리투자KIS(합성),58125,2,10,0.02,58120.0,0.8065,40706,2365,33811,2026-09-23 01:50:20
487240,2,KODEX AI전력핵심설비,37020,5,-400,-1.07,37068.0,-16.7828,1019875,38244,32504,2026-09-23 01:50:20
0043B0,6,TIGER 머니마켓액티브,103772,2,12,0.01,103778.0,0.9633,51577,5352,31601,2026-09-23 01:50:20
455890,6,RISE 머니마켓액티브,55595,2,5,0.01,55600.0,0.8709,144564,8036,30966,2026-09-23 01:50:20
139260,2,TIGER 200 IT,144130,2,1510,1.06,144331.0,-32.4275,96936,14114,27731,2026-09-23 01:50:20
472150,2,TIGER 배당커버드콜액티브,21135,2,130,0.62,21155.0,-23.6109,1552104,33044,26882,2026-09-23 01:50:20
426030,4,TIME 미국나스닥100액티브,48305,2,475,0.99,48394.0,-23.6004,225775,10940,26481,2026-09-23 01:50:20
481050,6,KODEX CD1년금리플러스액티브(합성),1024055,2,80,0.01,1024123.0,0.8345,26192,26822,25924,2026-09-23 01:50:20
486290,4,TIGER 미국나스닥100타겟데일리커버드콜,10620,5,-25,-0.23,10631.0,-11.5997,633376,6740,25876,2026-09-23 01:50:20
278540,1,KODEX MSCI Korea TR,40290,2,355,0.89,40311.0,-24.7504,6584,267,24819,2026-09-23 01:50:20
0193T0,2,KODEX SK하이닉스단일종목레버리지,11765,2,215,1.86,11793.0,-73.75,7974609,95921,24012,2026-09-23 01:50:20
449170,6,TIGER KOFR금리액티브(합성),111975,2,15,0.01,111922.0,0.7151,19181,2147,23876,2026-09-23 01:50:20
161510,2,PLUS 고배당주,24850,5,-115,-0.46,24836.0,1.5618,177929,4448,23849,2026-09-23 01:50:20
385540,6,RISE 종합채권(A-이상)액티브,102930,2,175,0.17,102955.0,-0.3975,68,6,21915,2026-09-23 01:50:20
456600,4,TIME 글로벌AI인공지능액티브,59900,2,210,0.35,60028.0,-21.7591,54783,3293,21468,2026-09-23 01:50:20
284430,6,KODEX 200미국채혼합50,20910,2,25,0.12,20906.0,-17.0234,152128,3195,20274,2026-09-23 01:50:20
292150,2,TIGER 코리아TOP10,39280,2,180,0.46,39339.0,-24.8293,153780,6090,19522,2026-09-23 01:50:20
294400,1,KIWOOM 200TR,147680,2,785,0.53,147873.0,-24.1676,8601,1281,18682,2026-09-23 01:50:20
442580,4,PLUS 글로벌HBM반도체,107795,2,2340,2.22,108027.0,-28.7467,148048,16060,18271,2026-09-23 01:50:20
214980,6,KODEX 단기채권PLUS,114460,2,35,0.03,114470.0,0.67,5497,629,18231,2026-09-23 01:50:20
105190,1,ACE 200,112710,2,570,0.51,112891.0,-24.4602,75173,8553,17132,2026-09-23 01:50:20
305720,2,KODEX 2차전지산업,14285,5,-20,-0.14,14288.0,-13.6954,1301745,18860,16856,2026-09-23 01:50:20
441640,4,KODEX 미국배당커버드콜액티브,12235,5,-110,-0.89,12212.0,-6.3364,455103,5572,16841,2026-09-23 01:50:20
475630,7,TIGER CD1년금리액티브(합성),1078422,2,122,0.01,1078424.0,0.8298,73343,79094,16810,2026-09-23 01:50:20
0193W0,2,KODEX 삼성전자단일종목레버리지,13650,2,450,3.41,13745.0,-53.2992,4211532,58208,16622,2026-09-23 01:50:20
368590,4,RISE 미국나스닥100,30585,5,-35,-0.11,30601.0,-11.2146,49782,1526,16179,2026-09-23 01:50:20
446770,4,ACE 글로벌반도체TOP4 Plus,80425,2,800,1.0,80972.0,-24.0578,64684,5237,16165,2026-09-23 01:50:20
329200,2,TIGER 리츠부동산인프라,4087,5,-3,-0.07,4076.0,3.5307,1004871,4111,15733,2026-09-23 01:50:20
0177N0,7,KODEX 삼성전자SK하이닉스채권혼합50,14710,2,90,0.62,14738.0,-13.5027,1253092,18503,15710,2026-09-23 01:50:20
0195S0,2,TIGER SK하이닉스단일종목레버리지,10000,2,170,1.73,10026.0,-73.7307,5340607,54417,15680,2026-09-23 01:50:20
477080,6,RISE CD금리액티브(합성),107705,2,20,0.02,107706.0,0.7673,1347,145,15472,2026-09-23 01:50:20
152100,1,PLUS 200,114195,2,580,0.51,114278.0,-24.3105,73013,8409,15359,2026-09-23 01:50:20
379780,4,RISE 미국S&P500,22715,5,-160,-0.7,22706.0,-8.2194,76610,1743,14878,2026-09-23 01:50:20
453850,6,ACE 미국30년국채액티브(H),7155,2,30,0.42,7144.0,-4.728,336710,2407,14868,2026-09-23 01:50:20
226490,1,KODEX 코스피,72320,2,320,0.44,72455.0,-22.9206,131594,9588,14789,2026-09-23 01:50:20
487230,4,KODEX 미국AI전력핵심인프라,19615,2,105,0.54,19614.0,-28.9879,171872,3378,14721,2026-09-23 01:50:20
091230,2,TIGER 반도체,145810,2,955,0.66,146115.0,-26.2094,83491,12283,14377,2026-09-23 01:50:20
466920,2,SOL 조선TOP3플러스,26710,5,-510,-1.87,26725.0,-23.2375,303012,8184,14183,2026-09-23 01:50:20
232080,1,TIGER 코스닥150,14210,2,35,0.25,14268.0,-20.0959,2563132,36767,14003,2026-09-23 01:50:20
390390,4,KODEX 미국반도체,55440,2,780,1.43,55694.0,-21.245,155619,8648,13389,2026-09-23 01:50:20
448330,1,KODEX 삼성전자채권혼합,17720,2,95,0.54,17759.0,-4.5574,244671,4339,13095,2026-09-23 01:50:20
157450,6,TIGER 단기통안채,112715,2,5,0.0,112711.0,0.6429,2697,303,12961,2026-09-23 01:50:20
436140,6,SOL 종합채권(AA-이상)액티브,106200,2,25,0.02,106203.0,-0.2678,177,18,12711,2026-09-23 01:50:20
438080,7,ACE 미국S&P500미국채혼합50액티브,13810,5,-105,-0.75,13798.0,-9.6136,181177,2505,12319,2026-09-23 01:50:20
487340,6,ACE 머니마켓액티브,106110,2,15,0.01,106116.0,0.9371,13766,1460,11850,2026-09-23 01:50:20
469150,2,ACE AI반도체TOP3+,62635,2,235,0.38,62800.0,-26.2848,128907,8160,11838,2026-09-23 01:50:20
0072R0,5,TIGER KRX금현물,12625,2,10,0.08,12606.0,-7.2427,273929,3468,11804,2026-09-23 01:50:20
494310,2,KODEX 반도체레버리지,90110,2,2070,2.35,90588.0,-58.6318,1774454,162695,11624,2026-09-23 01:50:20
356540,6,ACE 종합채권(AA-이상)액티브,101245,2,115,0.11,101220.0,-0.2614,100,10,11584,2026-09-23 01:50:20
0183J0,4,TIGER 미국우주테크,7855,2,50,0.64,7897.0,-29.4304,612718,4828,11570,2026-09-23 01:50:20
497570,4,TIGER 미국필라델피아AI반도체나스닥,22350,2,175,0.79,22457.0,-18.6942,71710,1610,11175,2026-09-23 01:50:20
455850,2,SOL AI반도체소부장,26675,2,155,0.58,26689.0,-15.4472,977822,26356,11150,2026-09-23 01:50:20
494890,1,KODEX 200액티브,32435,2,200,0.62,32476.0,-24.7669,65711,2150,10931,2026-09-23 01:50:20
465580,4,ACE 미국빅테크TOP7 Plus,24485,5,-185,-0.75,24468.0,-2.8358,324362,7955,10871,2026-09-23 01:50:20
0139F0,6,TIGER 12월자동연장금융채(AA-이상)액티브,102320,2,20,0.02,102319.0,0.8875,742,75,10823,2026-09-23 01:50:20
445290,2,KODEX 로봇액티브,30910,5,-245,-0.79,30944.0,-18.6346,209029,6555,10757,2026-09-23 01:50:20
449180,4,KODEX 미국S&P500(H),17345,2,5,0.03,17331.0,3.6172,152609,2646,10580,2026-09-23 01:50:20
295040,1,SOL 200TR,42180,2,225,0.54,42236.0,-24.4259,33152,1411,10503,2026-09-23 01:50:20
469830,6,SOL 초단기채권액티브,54510,2,20,0.04,54503.0,0.8887,224043,12212,10431,2026-09-23 01:50:20
451540,6,TIGER 종합채권(AA-이상)액티브,52830,2,115,0.22,52834.0,-0.4439,408,21,10414,2026-09-23 01:50:20
0195R0,2,TIGER 삼성전자단일종목레버리지,12425,2,435,3.63,12489.0,-54.1229,1465435,18421,10350,2026-09-23 01:50:20
479520,6,RISE KOFR금리액티브(합성),106595,2,15,0.01,106539.0,0.7324,1050,111,10347,2026-09-23 01:50:20
494300,4,KODEX 미국나스닥100데일리커버드콜OTM,8985,5,-35,-0.39,8983.0,-14.3361,643980,5796,10333,2026-09-23 01:50:20
0117V0,2,TIGER 코리아AI전력기기TOP3플러스,19280,5,-245,-1.25,19313.0,-17.3497,744773,14556,10305,2026-09-23 01:50:20
446720,4,SOL 미국배당다우존스,13195,5,-110,-0.83,13165.0,-5.7095,113550,1498,10055,2026-09-23 01:50:20
449450,2,PLUS K방산,50360,5,-875,-1.71,50424.0,-21.8085,120545,6134,9735,2026-09-23 01:50:20
315930,2,KODEX Top5PlusTR,80995,5,-250,-0.31,81154.0,-22.3539,1864,152,9719,2026-09-23 01:50:20
495050,1,RISE 코리아밸류업,32860,2,30,0.09,32899.0,-22.276,19806,656,9710,2026-09-23 01:50:20
237350,1,KODEX 코스피100,89830,2,500,0.56,89905.0,-25.2548,50218,4547,9702,2026-09-23 01:50:20
438100,7,ACE 미국나스닥100미국채혼합50액티브,15165,5,-30,-0.2,15153.0,-11.2183,117781,1788,9402,2026-09-23 01:50:20
402970,4,ACE 미국배당다우존스,14610,5,-130,-0.88,14592.0,-5.7712,116922,1710,9380,2026-09-23 01:50:20
305540,2,TIGER 2차전지테마,18260,5,-25,-0.14,18286.0,-10.8267,124759,2313,9130,2026-09-23 01:50:20
0048J0,6,KODEX 미국머니마켓액티브,13470,5,-90,-0.66,13475.0,-10.9937,448847,6055,9069,2026-09-23 01:50:20
479080,6,1Q 머니마켓액티브,53890,2,5,0.01,53889.0,0.9082,18933,1020,8849,2026-09-23 01:50:20
0117L0,6,KODEX 26-12 금융채(AA-이상)액티브,10175,3,0,0.0,10175.0,0.7425,7732,78,8714,2026-09-23 01:50:20
0177R0,2,TIGER 반도체TOP10커버드콜액티브,11925,2,140,1.19,11949.0,-31.7465,676622,8136,8693,2026-09-23 01:50:20
475720,3,RISE 200위클리커버드콜,12940,2,40,0.31,12932.0,-16.6179,250255,3246,8683,2026-09-23 01:50:20
0219E0,2,KODEX 200커버드콜액티브,8645,2,30,0.35,8654.0,,1725624,15025,8619,2026-09-23 01:50:20
069660,1,KIWOOM 200,112525,2,690,0.62,112517.0,-24.2797,14665,1665,8552,2026-09-23 01:50:20
466940,2,TIGER 은행고배당플러스TOP10,26960,5,-175,-0.64,26988.0,9.2214,281951,7666,8412,2026-09-23 01:50:20
498410,2,KODEX 금융고배당TOP10타겟위클리커버드콜,11755,5,-75,-0.63,11750.0,7.6037,643106,7574,8346,2026-09-23 01:50:20
490590,4,RISE 미국AI밸류체인데일리고정커버드콜,14590,5,-5,-0.03,14587.0,-11.3967,240214,3513,8192,2026-09-23 01:50:20
441800,1,TIME Korea플러스배당액티브,29340,2,75,0.26,29360.0,-20.1548,47217,1395,8033,2026-09-23 01:50:20
272580,6,TIGER 단기채권액티브,57205,2,15,0.03,57200.0,0.7842,3794,217,7906,2026-09-23 01:50:20
144600,5,KODEX 은선물(H),10825,2,245,2.32,10825.0,-2.7574,200433,2186,7891,2026-09-23 01:50:20
153130,6,KODEX 단기채권,113190,2,5,0.0,113191.0,0.6289,2228,252,7862,2026-09-23 01:50:20
0025N0,7,TIGER TDF2045 적격,11880,5,-70,-0.59,11880.0,-6.9677,117766,1399,7799,2026-09-23 01:50:20
457480,4,ACE 테슬라밸류체인액티브,18755,2,55,0.29,18762.0,-22.0834,75734,1424,7755,2026-09-23 01:50:20
476550,6,TIGER 미국30년국채커버드콜액티브(H),6770,2,5,0.07,6760.0,-4.5319,251961,1704,7745,2026-09-23 01:50:20
114800,3,KODEX 인버스,973,5,-5,-0.51,972.0,14.7887,242520513,233860,7511,2026-09-23 01:50:20
481060,6,KODEX 미국30년국채타겟커버드콜(합성 H),7332,2,27,0.37,7365.0,-3.4806,146440,1073,7464,2026-09-23 01:50:20
418660,4,TIGER 미국나스닥100레버리지(합성),41310,2,170,0.41,41343.0,-23.1531,124596,5170,7312,2026-09-23 01:50:20
0061Z0,6,RISE 단기특수은행채액티브,51095,2,10,0.02,51091.0,0.7593,426,21,7274,2026-09-23 01:50:20
252670,3,KODEX 200선물인버스2X,68,5,-2,-2.86,69.0,12.9032,1673561147,112439,7196,2026-09-23 01:50:20
456610,6,TIGER 미국달러SOFR금리액티브(합성),58695,5,-395,-0.67,58691.0,-10.7267,21179,1243,7121,2026-09-23 01:50:20
367760,2,RISE 네트워크인프라,61585,2,325,0.53,61656.0,-31.2111,60455,3750,7113,2026-09-23 01:50:20
462330,2,KODEX 2차전지산업레버리지,971,5,-5,-0.51,970.0,-34.4967,41708040,41581,7061,2026-09-23 01:50:20
0127P0,4,ACE 미국대형성장주액티브,10545,5,-35,-0.33,10541.0,-12.0736,109,1,6997,2026-09-23 01:50:20
290130,2,RISE ESG사회책임투자,49195,2,270,0.55,49314.0,-26.4065,12305,611,6986,2026-09-23 01:50:20
329750,6,TIGER 미국달러단기채권액티브,12755,5,-100,-0.78,12751.0,-11.0689,91730,1171,6948,2026-09-23 01:50:20
488080,3,TIGER 반도체TOP10레버리지,38875,2,1320,3.51,39036.0,-62.0523,2689597,106303,6920,2026-09-23 01:50:20
434730,2,HANARO 원자력iSelect,58250,5,-2005,-3.33,58337.0,-15.1339,126921,7539,6903,2026-09-23 01:50:20
495850,1,KODEX 코리아밸류업,32635,2,10,0.03,32678.0,-22.0046,22353,735,6788,2026-09-23 01:50:20
364980,2,TIGER 2차전지TOP10,9940,5,-80,-0.8,9948.0,-8.4096,819407,8274,6784,2026-09-23 01:50:20
314250,4,KODEX 미국빅테크10(H),65035,2,175,0.27,64948.0,9.9481,37379,2431,6783,2026-09-23 01:50:20
0101N0,2,RISE AI전력인프라,21330,5,-75,-0.35,21353.0,-2.7046,163848,3518,6730,2026-09-23 01:50:20
0167B0,2,SOL 200타겟위클리커버드콜,12165,2,55,0.45,12171.0,-24.4339,242880,2976,6715,2026-09-23 01:50:20
458760,4,TIGER 미국배당다우존스타겟커버드콜2호,10525,5,-100,-0.94,10504.0,-5.6613,97110,1022,6704,2026-09-23 01:50:20
371460,4,TIGER 차이나전기차SOLACTIVE,9295,5,-125,-1.33,9277.0,-29.1463,35044,328,6666,2026-09-23 01:50:20
102970,2,KODEX 증권,17820,5,-15,-0.08,17831.0,-20.4472,215698,3880,6638,2026-09-23 01:50:20
482730,4,TIGER 미국S&P500타겟데일리커버드콜,11515,5,-90,-0.78,11514.0,-8.222,180226,2076,6621,2026-09-23 01:50:20
0148J0,2,TIGER 코리아휴머노이드로봇산업,9630,5,-90,-0.93,9641.0,-15.035,2561283,25248,6544,2026-09-23 01:50:20
0007F0,6,KODEX 27-12 회사채(AA-이상)액티브,10180,5,-5,-0.05,10190.0,0.7418,4357,44,6503,2026-09-23 01:50:20
434060,7,KODEX TDF2050액티브 적격,16795,5,-40,-0.24,16727.0,-8.8176,30711,516,6349,2026-09-23 01:50:20
491010,4,TIGER 글로벌AI전력인프라액티브,25115,2,160,0.64,25058.0,-34.0164,32237,812,6339,2026-09-23 01:50:20
0015B0,4,KoAct 미국나스닥성장기업액티브,19545,2,160,0.83,19564.0,-25.8842,75753,1486,6313,2026-09-23 01:50:20
0091P0,2,TIGER 코리아원자력,17390,5,-1035,-5.62,17423.0,-1.3387,2013227,35807,6217,2026-09-23 01:50:20
138540,2,TIGER 현대차그룹플러스,47145,5,-1100,-2.28,47157.0,-21.5082,43965,2103,6129,2026-09-23 01:50:20
423920,4,TIGER 미국필라델피아반도체레버리지(합성),88970,2,2625,3.04,89801.0,-48.2147,113816,10216,6023,2026-09-23 01:50:20
251600,7,PLUS 고배당주채권혼합,15310,5,-20,-0.13,15312.0,1.3308,102735,1577,5940,2026-09-23 01:50:20
484790,6,KODEX 미국30년국채액티브(H),8200,2,25,0.31,8190.0,-4.7,60295,494,5916,2026-09-23 01:50:20
277630,1,TIGER 코스피,73450,2,370,0.51,73529.0,-22.8417,42254,3120,5913,2026-09-23 01:50:20
489250,4,KODEX 미국배당다우존스,12355,5,-135,-1.08,12360.0,-5.6913,234764,2907,5893,2026-09-23 01:50:20
466950,4,TIGER 글로벌AI액티브,31715,2,40,0.13,31738.0,-32.8493,71852,2287,5861,2026-09-23 01:50:20
491620,4,RISE 미국테크100데일리고정커버드콜,10540,5,-40,-0.38,10534.0,-8.5327,313759,3312,5839,2026-09-23 01:50:20
0019K0,7,TIME 미국나스닥100채권혼합50액티브,13510,2,115,0.86,13529.0,-11.6717,124309,1680,5830,2026-09-23 01:50:20
449190,4,KODEX 미국나스닥100(H),23080,2,155,0.68,23114.0,-0.0305,148806,3436,5805,2026-09-23 01:50:20
451000,6,PLUS 종합채권(AA-이상)액티브,107290,2,125,0.12,107248.0,-0.4922,11,1,5677,2026-09-23 01:50:20
396520,4,TIGER 차이나반도체FACTSET,13585,2,35,0.26,13570.0,-29.6652,101694,1381,5570,2026-09-23 01:50:20
477050,6,PLUS 머니마켓액티브,53620,2,15,0.03,53617.0,0.894,1961,105,5545,2026-09-23 01:50:20
494670,2,TIGER 조선TOP10,21230,5,-420,-1.94,21253.0,-21.2585,154577,3322,5414,2026-09-23 01:50:20
455030,6,KODEX 미국달러SOFR금리액티브(합성),11600,5,-65,-0.56,11585.0,-10.9765,81801,949,5324,2026-09-23 01:50:20
371160,4,TIGER 차이나항셍테크,6515,5,-70,-1.06,6494.0,-14.2014,85078,559,5316,2026-09-23 01:50:20
0105E0,2,SOL 코리아고배당,12740,5,-130,-1.01,12730.0,-1.4075,110325,1412,5268,2026-09-23 01:50:20
315960,2,RISE 대형고배당10TR,79735,2,165,0.21,79759.0,-23.8711,9248,742,5223,2026-09-23 01:50:20
361580,1,RISE 200TR,63920,2,270,0.42,64014.0,-24.3028,84445,5448,5209,2026-09-23 01:50:20
365780,6,ACE 국고채10년,82330,2,435,0.53,82247.0,-0.8776,2245,184,5183,2026-09-23 01:50:20
462010,2,TIGER 2차전지소재Fn,4700,5,-30,-0.63,4699.0,-20.2361,1386885,6638,5147,2026-09-23 01:50:20
496020,6,WON 전단채플러스액티브,52580,2,5,0.01,52584.0,0.9601,1378,72,5125,2026-09-23 01:50:20
435420,7,TIGER 미국나스닥100채권혼합50,14155,2,15,0.11,14164.0,-5.6192,52019,736,5110,2026-09-23 01:50:20
444200,2,SOL 코리아메가테크액티브,45755,5,-280,-0.61,45856.0,-25.57,25008,1157,5079,2026-09-23 01:50:20
496080,1,TIGER 코리아밸류업,32755,2,125,0.38,32777.0,-21.9975,15993,527,5028,2026-09-23 01:50:20
438330,6,TIGER 우량회사채액티브,115440,2,110,0.1,115454.0,0.6501,927,106,5007,2026-09-23 01:50:20
114260,6,KODEX 국고채3년,61680,2,50,0.08,61709.0,0.3582,3198,197,4975,2026-09-23 01:50:20
448290,4,TIGER 미국S&P500(H),17960,5,-15,-0.08,17954.0,3.3961,63471,1139,4930,2026-09-23 01:50:20
251350,4,KODEX MSCI선진국,38405,5,-255,-0.66,38336.0,-8.0383,16805,646,4916,2026-09-23 01:50:20
463250,2,TIGER K방산&우주,32920,5,-540,-1.61,32978.0,-17.9701,94565,3152,4905,2026-09-23 01:50:20
476800,7,KODEX 한국부동산리츠인프라,4215,2,5,0.12,4208.0,1.6594,159779,673,4875,2026-09-23 01:50:20
0163Y0,1,KoAct 코스닥액티브,9750,2,35,0.36,9763.0,-16.6095,224726,2202,4836,2026-09-23 01:50:20
483280,4,KODEX 미국AI테크TOP10타겟커버드콜,11910,5,-115,-0.96,11903.0,-5.3881,98923,1180,4669,2026-09-23 01:50:20
243880,2,TIGER 200IT레버리지,358745,2,6735,1.91,359443.0,-64.799,55384,20329,4664,2026-09-23 01:50:20
490490,7,SOL 미국배당미국채혼합50,10655,5,-60,-0.56,10625.0,-9.5862,61928,660,4603,2026-09-23 01:50:20
0190C0,2,RISE 현대차고정피지컬AI,7615,5,-125,-1.61,7620.0,-32.1053,299629,2312,4592,2026-09-23 01:50:20
451060,1,1Q 200액티브,36045,2,175,0.49,36106.0,-24.6825,33683,1224,4542,2026-09-23 01:50:20
471230,6,KODEX 국고채10년액티브,103600,2,550,0.53,103469.0,-1.0325,5274,546,4523,2026-09-23 01:50:20
499660,7,TIGER CD금리플러스액티브(합성),1002777,2,107,0.01,1002775.0,0.8191,11388,11419,4518,2026-09-23 01:50:20
471990,2,KODEX AI반도체핵심장비,26550,2,20,0.08,26591.0,-10.6158,430242,11562,4474,2026-09-23 01:50:20
293180,1,HANARO 200,112920,2,740,0.66,112877.0,-24.3398,19918,2268,4460,2026-09-23 01:50:20
447770,7,TIGER 테슬라채권혼합Fn,13925,2,35,0.25,13945.0,-3.705,34293,477,4400,2026-09-23 01:50:20
385560,6,RISE KIS국고채30년Enhanced,50565,2,550,1.1,50475.0,-6.546,10946,551,4357,2026-09-23 01:50:20
0023A0,4,SOL 미국양자컴퓨팅TOP10,24890,2,675,2.79,24149.0,-30.2564,147271,3672,4343,2026-09-23 01:50:20
448300,4,TIGER 미국나스닥100(H),23830,2,155,0.65,23846.0,-0.1137,61249,1460,4313,2026-09-23 01:50:20
474220,4,TIGER 미국테크TOP10타겟커버드콜,15035,5,-145,-0.96,15012.0,-3.8146,45669,687,4247,2026-09-23 01:50:20
0016X0,6,SOL 중단기회사채(A-이상)액티브,51515,2,5,0.01,51520.0,0.8813,182,9,4215,2026-09-23 01:50:20
0162M0,6,KODEX 금융채1~2년(AA-이상)PLUS액티브,10050,3,0,0.0,10048.0,0.8529,590,5,4203,2026-09-23 01:50:20
0210A0,2,ACE K반도체TOP2+,7745,2,105,1.37,7753.0,,1761987,13775,4113,2026-09-23 01:50:20
302450,1,RISE 코스피,73000,2,360,0.5,73045.0,-22.9096,451,33,4088,2026-09-23 01:50:20
426020,4,TIME 미국S&P500액티브,32050,5,-85,-0.26,31939.0,-13.7779,20584,660,4070,2026-09-23 01:50:20
148070,6,KIWOOM 국고채10년,104340,2,520,0.5,104259.0,-0.9257,4672,487,4022,2026-09-23 01:50:20
0173Y0,4,KODEX 미국AI광통신네트워크,11115,5,-100,-0.89,11163.0,-23.0655,266126,2971,4013,2026-09-23 01:50:20
385720,1,TIME 코스피액티브,26050,2,100,0.39,26083.0,-25.4525,12512,328,3986,2026-09-23 01:50:20
480260,6,TIGER 27-04회사채(A+이상)액티브,53880,2,5,0.01,53880.0,0.7762,1491,80,3958,2026-09-23 01:50:20
0060H0,1,TIGER 토탈월드스탁액티브,12485,5,-95,-0.76,12509.0,-9.2712,92859,1161,3920,2026-09-23 01:50:20
476760,6,ACE 미국30년국채액티브,8710,5,-35,-0.4,8691.0,-15.7757,323958,2823,3841,2026-09-23 01:50:20
241180,4,TIGER 일본니케이225,34430,5,-10,-0.03,33551.0,-17.4002,23878,825,3836,2026-09-23 01:50:20
458250,6,TIGER 미국30년국채스트립액티브(합성 H),34625,2,160,0.46,34645.0,-8.3256,43525,1505,3818,2026-09-23 01:50:20
0046A0,6,TIGER 미국초단기(3개월이하)국채,9340,5,-65,-0.69,9341.0,-10.9446,274062,2562,3816,2026-09-23 01:50:20
474590,2,WON 반도체밸류체인액티브,48580,2,480,1.0,48604.0,-21.8077,44577,2179,3789,2026-09-23 01:50:20
385550,6,RISE 단기채권알파액티브,114315,5,-15,-0.01,114333.0,0.8423,307,35,3727,2026-09-23 01:50:20
439860,6,KODEX ESG종합채권(A-이상)액티브,113570,2,40,0.04,113545.0,0.6159,5,0,3707,2026-09-23 01:50:20
310960,1,TIGER 200TR,65685,2,340,0.52,65774.0,-24.1806,20715,1375,3678,2026-09-23 01:50:20
245710,4,ACE 베트남VN30(합성),28500,5,-135,-0.47,28658.0,-10.6831,1546,44,3677,2026-09-23 01:50:20
132030,5,KODEX 골드선물(H),24345,2,145,0.6,24343.0,2.1743,19150,467,3676,2026-09-23 01:50:20
0040Y0,7,SOL 팔란티어커버드콜OTM채권혼합,8060,5,-20,-0.25,8005.0,3.0636,173549,1395,3663,2026-09-23 01:50:20
469070,2,RISE AI&로봇,10915,5,-85,-0.77,10921.0,-14.6957,113065,1254,3662,2026-09-23 01:50:20
0131V0,4,1Q 미국우주항공테크,11070,2,90,0.82,11092.0,-18.0903,104235,1156,3609,2026-09-23 01:50:20
091180,2,KODEX 자동차,25150,5,-285,-1.12,25167.0,-25.0866,74314,1887,3559,2026-09-23 01:50:20
484880,2,SOL 금융지주플러스고배당,22960,5,-280,-1.2,22969.0,11.6178,212437,4913,3536,2026-09-23 01:50:20
0182R0,2,1Q K반도체TOP2+,11250,2,155,1.4,11269.0,-33.0013,709183,8037,3510,2026-09-23 01:50:20
0144L0,4,KODEX 미국성장커버드콜액티브,9610,5,-20,-0.21,9609.0,-8.6276,45094,433,3508,2026-09-23 01:50:20
0167Z0,4,KODEX 미국우주항공,7760,2,50,0.65,7791.0,-33.0257,194597,1512,3508,2026-09-23 01:50:20
0080G0,2,KODEX 방산TOP10,9970,5,-195,-1.92,9984.0,-16.8362,686087,6915,3490,2026-09-23 01:50:20
0094M0,2,RISE 코리아밸류업위클리고정커버드콜,17470,3,0,0.0,17464.0,-16.7878,235441,4134,3477,2026-09-23 01:50:20
442570,7,RISE TDF2050액티브 적격,17465,5,-15,-0.09,17385.0,-9.9318,49732,870,3476,2026-09-23 01:50:20
279530,2,KODEX 고배당주,17380,5,-30,-0.17,17383.0,4.5039,58905,1030,3441,2026-09-23 01:50:20
0026S0,4,1Q 미국S&P500,12685,5,-90,-0.7,12679.0,-8.1728,25929,329,3438,2026-09-23 01:50:20
473290,6,KODEX 26-12 회사채(AA-이상)액티브,10897,2,2,0.02,10898.0,0.7863,2260,24,3436,2026-09-23 01:50:20
472170,7,TIGER 미국테크TOP10채권혼합,14090,5,-45,-0.32,14080.0,-1.9425,32379,456,3424,2026-09-23 01:50:20
0043Y0,4,TIME 차이나AI테크액티브,19750,3,0,0.0,19716.0,-31.6255,20463,406,3387,2026-09-23 01:50:20
0052D0,2,TIGER 코리아배당다우존스,15270,5,-85,-0.55,15268.0,1.1596,35960,552,3329,2026-09-23 01:50:20
385510,2,KODEX 신재생에너지액티브,38005,2,160,0.42,38014.0,-11.7421,12220,468,3306,2026-09-23 01:50:20
448630,7,RISE 삼성그룹Top3채권혼합,15305,2,15,0.1,15338.0,-1.7668,65353,1003,3291,2026-09-23 01:50:20
456880,7,ACE 미국달러SOFR금리(합성),11875,5,-85,-0.71,11878.0,-10.8793,24369,289,3275,2026-09-23 01:50:20
462900,2,KoAct 바이오헬스케어액티브,12460,2,20,0.16,12463.0,-23.1862,405790,5092,3265,2026-09-23 01:50:20
270810,1,RISE 코스닥150,13875,2,20,0.14,13928.0,-19.9133,56773,792,3244,2026-09-23 01:50:20
0052S0,7,1Q 미국S&P500미국채혼합50액티브,11370,5,-90,-0.79,11371.0,-9.522,146493,1670,3206,2026-09-23 01:50:20
453810,4,KODEX 인도Nifty50,11055,5,-80,-0.72,11073.0,-15.1593,34840,385,3200,2026-09-23 01:50:20
485540,4,KODEX 미국AI테크TOP10,15580,5,-80,-0.51,15569.0,-5.4787,226892,3541,3116,2026-09-23 01:50:20
475300,2,SOL 반도체전공정,23805,2,475,2.04,23816.0,-17.3867,842826,20272,3095,2026-09-23 01:50:20
0111P0,7,1Q 미국나스닥100미국채혼합50액티브,10775,5,-25,-0.23,10777.0,-11.3092,35280,380,3071,2026-09-23 01:50:20
483320,4,ACE 엔비디아밸류체인액티브,25865,2,290,1.13,25870.0,-21.7172,75536,1961,3026,2026-09-23 01:50:20
454780,6,KIWOOM 종합채권(AA-이상)액티브,99540,3,0,0.0,99564.0,-0.2855,83,8,3017,2026-09-23 01:50:20
433330,4,SOL 미국S&P500,21695,5,-170,-0.78,21686.0,-8.1403,12400,269,2994,2026-09-23 01:50:20
471780,2,TIGER 코리아테크액티브,38775,2,600,1.57,38781.0,-24.8524,83460,3258,2986,2026-09-23 01:50:20
481190,4,SOL 미국테크TOP10,17195,5,-110,-0.64,17182.0,-4.0743,236077,4066,2983,2026-09-23 01:50:20
190620,6,ACE 단기통안채,102125,2,10,0.01,102131.0,0.6505,169,17,2970,2026-09-23 01:50:20
0008S0,4,TIGER 미국배당다우존스타겟데일리커버드콜,9460,5,-75,-0.79,9444.0,-6.1365,171879,1625,2961,2026-09-23 01:50:20
489030,2,PLUS 고배당주위클리커버드콜,6265,5,-25,-0.4,6245.0,8.317,354276,2217,2960,2026-09-23 01:50:20
091170,2,KODEX 은행,16495,5,-215,-1.29,16498.0,13.3493,307633,5108,2944,2026-09-23 01:50:20
0038A0,4,KODEX 미국휴머노이드로봇,15475,2,55,0.36,15494.0,-17.085,16022,248,2933,2026-09-23 01:50:20
497880,6,SOL CD금리&머니마켓액티브,50145,2,5,0.01,50144.0,0.9227,58990,2958,2931,2026-09-23 01:50:20
475080,7,KODEX 테슬라커버드콜채권혼합액티브,7950,5,-20,-0.25,7939.0,-2.9622,24005,191,2878,2026-09-23 01:50:20
0098F0,2,KODEX 원자력SMR,16160,5,-825,-4.86,16182.0,-4.6323,933233,15374,2876,2026-09-23 01:50:20
136340,6,RISE 중기우량회사채,104045,2,85,0.08,104090.0,0.3891,147,15,2836,2026-09-23 01:50:20
441680,7,TIGER 미국나스닥100커버드콜(합성),10770,5,-60,-0.55,10779.0,-8.1472,27109,292,2833,2026-09-23 01:50:20
273140,6,KODEX 단기변동금리부채권액티브,114625,2,60,0.05,114623.0,0.6212,1859,213,2798,2026-09-23 01:50:20
0094K0,6,TIGER 28-04 회사채(A+이상)액티브,99555,2,40,0.04,99550.0,0.7644,1399,139,2796,2026-09-23 01:50:20
461490,7,RISE 글로벌자산배분액티브,14555,5,-25,-0.17,14561.0,-3.5396,14582,212,2795,2026-09-23 01:50:20
439870,6,KODEX 국고채30년액티브,87460,2,760,0.88,87327.0,-4.9134,1449,126,2793,2026-09-23 01:50:20
409820,4,KODEX 미국나스닥100레버리지(합성 H),21570,2,340,1.6,21615.0,-2.0079,48573,1048,2729,2026-09-23 01:50:20
0183V0,7,KIWOOM 삼성전자&SK하이닉스채권혼합50,12120,2,95,0.79,12135.0,-12.7821,274091,3334,2727,2026-09-23 01:50:20
453870,4,TIGER 인도니프티50,10880,5,-20,-0.18,10838.0,-16.2264,21315,231,2725,2026-09-23 01:50:20
471040,4,KoAct 글로벌AI&로봇액티브,29925,2,65,0.22,29952.0,-28.0396,8729,262,2723,2026-09-23 01:50:20
307520,2,TIGER 지주회사,22225,5,-80,-0.36,22242.0,-7.0834,77798,1750,2723,2026-09-23 01:50:20
473330,6,SOL 미국30년국채커버드콜(합성),7760,5,-40,-0.51,7776.0,-15.4172,73956,574,2720,2026-09-23 01:50:20
421320,2,PLUS 우주항공,28250,5,-35,-0.12,28302.0,-14.5985,20204,572,2712,2026-09-23 01:50:20
423170,4,SOL 글로벌AI반도체탑픽액티브,60765,2,770,1.28,60870.0,-24.057,25832,1572,2710,2026-09-23 01:50:20
213610,2,KODEX 삼성그룹밸류,22560,2,25,0.11,22597.0,-16.4442,3028,68,2685,2026-09-23 01:50:20
123320,3,TIGER 레버리지,116585,2,1110,0.96,116701.0,-51.7145,44426,5280,2681,2026-09-23 01:50:20
486830,6,HANARO 머니마켓액티브,53410,2,10,0.02,53405.0,0.907,945,50,2658,2026-09-23 01:50:20
0162Y0,1,TIME 코스닥액티브,7795,2,65,0.84,7814.0,-22.5839,164814,1295,2654,2026-09-23 01:50:20
196230,6,RISE 단기통안채,117095,2,55,0.05,117098.0,0.5714,342,40,2603,2026-09-23 01:50:20
0228G0,2,ACE 반도체Plus전략산업,10320,5,-65,-0.63,10356.0,,227203,2374,2580,2026-09-23 01:50:20
483340,4,ACE 구글밸류체인액티브,22770,2,140,0.62,22788.0,-21.4646,52770,1205,2562,2026-09-23 01:50:20
388420,2,RISE 비메모리반도체액티브,28950,2,355,1.24,28947.0,-29.7571,23149,675,2548,2026-09-23 01:50:20
472920,6,HK 종합채권(AA-이상)액티브,98035,3,0,0.0,98043.0,-0.3811,0,0,2535,2026-09-23 01:50:20
139230,2,TIGER 200 중공업,12790,5,-345,-2.63,12802.0,-20.1339,79820,1039,2497,2026-09-23 01:50:20
495230,1,KoAct 코리아밸류업액티브,31800,5,-70,-0.22,31858.0,-25.7435,8666,277,2496,2026-09-23 01:50:20
0232A0,6,MIDAS 머니마켓액티브,100315,2,20,0.02,100328.0,,1,0,2492,2026-09-23 01:50:20
364970,2,TIGER 바이오TOP10,6580,5,-50,-0.75,6589.0,-4.398,301808,2001,2458,2026-09-23 01:50:20
448540,7,ACE 엔비디아채권혼합,26630,3,0,0.0,26619.0,-0.6158,4018,107,2450,2026-09-23 01:50:20
228790,2,TIGER 화장품,4257,2,7,0.16,4265.0,28.593,2097474,8941,2444,2026-09-23 01:50:20
283580,4,KODEX 차이나CSI300,14785,5,-140,-0.94,14792.0,-18.643,26835,398,2440,2026-09-23 01:50:20
493810,4,TIGER 미국AI빅테크10타겟데일리커버드콜,11370,5,-115,-1.0,11361.0,-5.3696,40314,458,2427,2026-09-23 01:50:20
363580,2,KODEX 200IT TR,58460,2,455,0.78,58477.0,-30.9259,20285,1195,2426,2026-09-23 01:50:20
0053L0,4,TIGER 차이나휴머노이드로봇,9030,5,-90,-0.99,9019.0,-28.9225,106451,965,2425,2026-09-23 01:50:20
0182S0,7,1Q K반도체TOP2채권혼합50,12980,2,80,0.62,12980.0,-14.4563,67380,877,2421,2026-09-23 01:50:20
117700,2,KODEX 건설,6920,5,-380,-5.21,6924.0,2.5369,1866922,13198,2380,2026-09-23 01:50:20
472160,4,TIGER 미국테크TOP10 INDXX(H),19740,2,35,0.18,19712.0,7.472,80797,1594,2359,2026-09-23 01:50:20
363570,6,KODEX 장기종합채권(AA-이상)액티브,86395,2,325,0.38,86307.0,-1.8027,39,3,2345,2026-09-23 01:50:20
329650,7,KODEX TRF3070,13972,5,-13,-0.09,14014.0,-3.0369,8356,116,2305,2026-09-23 01:50:20
0092C0,6,SOL 27-12 회사채(AA-이상)액티브,50300,3,0,0.0,50297.0,0.8218,0,0,2297,2026-09-23 01:50:20
0151S0,4,KODEX 미국AI반도체TOP3플러스,16325,2,235,1.46,16375.0,-17.3657,70218,1150,2294,2026-09-23 01:50:20
498270,4,KIWOOM 미국양자컴퓨팅,15035,2,270,1.83,14792.0,-17.9352,62678,946,2263,2026-09-23 01:50:20
271050,5,KODEX WTI원유선물인버스(H),1783,2,63,3.66,1787.0,-27.1187,5541398,9909,2259,2026-09-23 01:50:20
0089D0,2,KODEX 금융고배당TOP10,13440,5,-40,-0.3,13445.0,4.6288,42741,577,2258,2026-09-23 01:50:20
437080,6,KODEX 미국종합채권ESG액티브(H),96175,2,200,0.21,96071.0,-2.0504,1009,96,2226,2026-09-23 01:50:20
452360,4,SOL 미국배당다우존스(H),13165,5,-35,-0.27,13163.0,6.2397,43069,567,2225,2026-09-23 01:50:20
0104N0,2,TIGER 200타겟위클리커버드콜,21575,2,185,0.86,21589.0,-25.3073,19004,413,2222,2026-09-23 01:50:20
478150,4,TIME 글로벌우주테크&방산액티브,17930,5,-275,-1.51,17948.0,-21.5809,23147,415,2214,2026-09-23 01:50:20
433500,2,ACE 원자력TOP10,58185,5,-2970,-4.86,58226.0,-3.6399,60641,3606,2211,2026-09-23 01:50:20
458260,6,TIGER 미국투자등급회사채액티브(H),45960,2,85,0.19,45907.0,-2.6846,769,35,2206,2026-09-23 01:50:20
488980,6,SOL 26-12 회사채(AA-이상)액티브,52230,3,0,0.0,52224.0,0.8495,2,0,2187,2026-09-23 01:50:20
422420,2,RISE 2차전지액티브,6630,2,10,0.15,6627.0,-16.3749,21858,146,2171,2026-09-23 01:50:20
442320,4,RISE 글로벌원자력,34595,5,-470,-1.34,34610.0,-19.7905,6685,232,2169,2026-09-23 01:50:20
157500,2,TIGER 증권,12115,3,0,0.0,12138.0,-19.9871,148442,1818,2156,2026-09-23 01:50:20
266160,2,RISE 고배당,33870,2,120,0.36,33876.0,-19.1089,11714,398,2151,2026-09-23 01:50:20
0233J0,7,TIGER 삼성전자SK하이닉스미국채혼합50,10740,5,-5,-0.05,10756.0,,154324,1663,2148,2026-09-23 01:50:20
332930,1,HANARO 200TR,148100,2,1210,0.82,147815.0,-24.1565,14,2,2147,2026-09-23 01:50:20
490090,4,TIGER 미국AI빅테크10,16105,5,-115,-0.71,16099.0,-4.8402,113600,1833,2126,2026-09-23 01:50:20
267770,3,TIGER 200선물레버리지,88570,2,850,0.97,88698.0,-51.9119,25452,2306,2126,2026-09-23 01:50:20
305080,6,TIGER 미국채10년선물,11795,5,-65,-0.55,11796.0,-13.9957,33403,394,2123,2026-09-23 01:50:20
0119H0,6,KODEX 28-12 회사채(AA-이상)액티브,9915,2,5,0.05,9914.0,0.507,1286,12,2109,2026-09-23 01:50:20
486450,4,SOL 미국AI전력인프라,19035,2,195,1.04,18948.0,-26.7781,4028,76,2084,2026-09-23 01:50:20
244580,2,KODEX 바이오,7810,2,60,0.77,7814.0,-15.9892,190387,1496,2037,2026-09-23 01:50:20
0005A0,4,KODEX 미국S&P500데일리커버드콜OTM,9262,5,-73,-0.78,9231.0,-8.6193,118038,1095,2010,2026-09-23 01:50:20
463050,2,TIME K바이오액티브,11055,5,-25,-0.23,11053.0,-19.9422,173000,1930,1990,2026-09-23 01:50:20
0093A0,2,RISE AI반도체TOP10,36070,2,680,1.92,36100.0,-21.8678,86272,3158,1984,2026-09-23 01:50:20
480040,4,ACE 미국반도체데일리타겟커버드콜(합성),14570,2,170,1.18,14663.0,-27.1254,49508,721,1982,2026-09-23 01:50:20
0069M0,4,1Q 미국나스닥100,13710,2,10,0.07,13713.0,-11.4021,27290,374,1974,2026-09-23 01:50:20
495060,1,TIME 코리아밸류업액티브,28750,2,35,0.12,28849.0,-31.7448,17571,508,1969,2026-09-23 01:50:20
302190,6,TIGER 중장기국채,50010,2,140,0.28,49981.0,-0.26,481,24,1940,2026-09-23 01:50:20
495550,1,SOL 코리아밸류업TR,33435,2,30,0.09,33456.0,-22.5751,2434,82,1923,2026-09-23 01:50:20
433980,7,KODEX TDF2040액티브 적격,15770,5,-50,-0.32,15734.0,-6.7651,15980,251,1916,2026-09-23 01:50:20
414780,4,TIGER 차이나과창판STAR50(합성),13860,2,40,0.29,13893.0,-22.707,12252,169,1913,2026-09-23 01:50:20
0204D0,2,KODEX 현대차로보틱스밸류체인TOP3플러스,5612,5,-78,-1.37,5608.0,-29.0966,295455,1678,1908,2026-09-23 01:50:20
0115D0,2,KODEX 조선TOP10,7355,5,-165,-2.19,7357.0,-22.594,298919,2223,1901,2026-09-23 01:50:20
0047A0,4,TIGER 차이나테크TOP10,12575,5,-75,-0.59,12537.0,-20.789,77693,977,1899,2026-09-23 01:50:20
494330,2,ACE 라이프자산주주가치액티브,33265,2,300,0.91,33259.0,-9.294,11921,397,1896,2026-09-23 01:50:20
0005G0,2,IBK K-AI반도체코어테크,54745,2,315,0.58,54754.0,-24.2249,17077,943,1889,2026-09-23 01:50:20
0082V0,7,KODEX TDF2060액티브 적격,11245,5,-35,-0.31,11196.0,-8.5657,20426,229,1884,2026-09-23 01:50:20
261260,7,KODEX 미국달러선물인버스2X,5590,2,95,1.73,5595.0,26.9053,147945,825,1882,2026-09-23 01:50:20
0091C0,6,KODEX 미국10년국채액티브(H),9410,2,25,0.27,9393.0,-2.6841,28670,269,1878,2026-09-23 01:50:20
473460,4,KODEX 미국서학개미,24445,2,240,0.99,24363.0,-11.9999,45716,1119,1858,2026-09-23 01:50:20
466930,2,SOL 자동차TOP3플러스,23360,5,-240,-1.02,23366.0,-30.3733,28769,683,1845,2026-09-23 01:50:20
476450,6,KIWOOM 머니마켓액티브,52880,3,0,0.0,52879.0,0.8871,77,4,1833,2026-09-23 01:50:20
429000,4,TIGER 미국S&P500배당귀족,12725,5,-20,-0.16,12682.0,-10.0883,23992,304,1820,2026-09-23 01:50:20
332500,1,ACE 200TR,75660,2,320,0.42,75765.0,-24.2929,6050,462,1816,2026-09-23 01:50:20
122090,1,PLUS 코스피50,84820,2,520,0.62,84897.0,-27.1175,7910,676,1807,2026-09-23 01:50:20
494220,2,UNICORN SK하이닉스밸류체인액티브,51550,2,1080,2.14,51688.0,-27.3813,29168,1514,1804,2026-09-23 01:50:20
0190G0,2,KODEX 반도체타겟위클리커버드콜,9510,2,70,0.74,9527.0,-23.9584,122774,1179,1797,2026-09-23 01:50:20
480020,4,ACE 미국빅테크7+데일리타겟커버드콜(합성),10005,5,-60,-0.6,9989.0,-9.8364,69802,701,1791,2026-09-23 01:50:20
0099L0,6,ACE 우량회사채(AA-이상)액티브,99580,2,70,0.07,99639.0,0.739,2,0,1747,2026-09-23 01:50:20
403790,1,MIDAS 코스피액티브,59530,2,560,0.95,59448.0,-21.6346,15,0,1741,2026-09-23 01:50:20
0192Z0,6,TIGER 중기종합채권(A-이상)액티브,100870,3,0,0.0,100906.0,0.6586,0,0,1737,2026-09-23 01:50:20
0040X0,7,SOL 팔란티어미국채커버드콜혼합,9340,5,-30,-0.32,9327.0,-1.3711,51800,483,1728,2026-09-23 01:50:20
483290,4,KODEX 미국배당다우존스타겟커버드콜,9865,5,-105,-1.05,9848.0,-5.835,86144,851,1726,2026-09-23 01:50:20
233160,3,TIGER 코스닥150 레버리지,7525,2,35,0.47,7538.0,-43.5994,928033,7106,1708,2026-09-23 01:50:20
461950,2,KODEX 2차전지핵심소재10,4770,5,-15,-0.31,4774.0,-18.7915,499887,2429,1703,2026-09-23 01:50:20
337160,2,KODEX 200ESG,49360,2,210,0.43,49372.0,-24.8733,465,23,1678,2026-09-23 01:50:20
412570,2,TIGER 2차전지TOP10레버리지,1138,5,-26,-2.23,1143.0,-26.8845,2687428,3143,1674,2026-09-23 01:50:20
490600,4,RISE 미국배당100데일리고정커버드콜,8565,5,-35,-0.41,8548.0,-7.1237,142830,1221,1640,2026-09-23 01:50:20
472870,6,RISE 미국30년국채엔화노출(합성 H),6740,5,-30,-0.44,6745.0,-14.5896,41572,280,1634,2026-09-23 01:50:20
0193G0,1,KoAct 코스피액티브,8680,2,50,0.58,8666.0,-26.8024,5647,49,1632,2026-09-23 01:50:20
237370,7,KODEX 코리아배당성장채권혼합,15555,5,-20,-0.13,15586.0,-0.0694,26831,418,1618,2026-09-23 01:50:20
491820,2,HANARO 전력설비투자,44245,5,-550,-1.23,44337.0,-16.7766,22715,1019,1615,2026-09-23 01:50:20
480030,4,ACE 미국500데일리타겟커버드콜(합성),9590,5,-55,-0.57,9557.0,-10.1004,24892,238,1611,2026-09-23 01:50:20
200250,4,KIWOOM 인도Nifty50(합성),20250,5,-160,-0.78,20297.0,-15.3113,1433,29,1600,2026-09-23 01:50:20
0064K0,5,KODEX 금액티브,12260,3,0,0.0,12269.0,-9.1179,15390,189,1596,2026-09-23 01:50:20
488720,7,WON 종합채권(AA-이상)액티브,48625,2,70,0.14,48646.0,-0.3285,204,9,1593,2026-09-23 01:50:20
152870,1,파워 200,113670,2,685,0.61,113658.0,-24.3901,525,60,1591,2026-09-23 01:50:20
160580,5,TIGER 구리실물,16370,5,-60,-0.37,16392.0,-2.4926,66956,1100,1588,2026-09-23 01:50:20
272560,6,RISE 단기국공채액티브,114935,2,5,0.0,114938.0,0.6921,3354,385,1586,2026-09-23 01:50:20
394670,4,TIGER 글로벌리튬&2차전지SOLACTIVE(합성),10545,2,20,0.19,10547.0,-23.9249,10219,107,1540,2026-09-23 01:50:20
0180V0,4,ACE 미국우주테크액티브,8045,5,-10,-0.12,8069.0,-28.8428,126345,1019,1529,2026-09-23 01:50:20
0051G0,4,SOL 미국원자력SMR,12255,2,75,0.62,12201.0,-25.935,34062,416,1520,2026-09-23 01:50:20
0005D0,2,SOL 전고체배터리&실리콘음극재,14315,5,-110,-0.76,14342.0,-18.9835,144308,2101,1503,2026-09-23 01:50:20
354500,1,ACE 코스닥150,14100,2,30,0.21,14139.0,-20.0342,22258,316,1495,2026-09-23 01:50:20
0151P0,2,RISE 코리아전략산업액티브,15240,2,120,0.79,15254.0,-28.9998,18526,284,1494,2026-09-23 01:50:20
458210,7,KIWOOM CD금리액티브(합성),110845,2,20,0.02,110783.0,0.7866,184,20,1489,2026-09-23 01:50:20
219480,4,KODEX 미국S&P500선물(H),33450,5,-35,-0.1,33458.0,3.4126,1079,36,1489,2026-09-23 01:50:20
438560,6,SOL 국고채3년,100340,2,65,0.06,100328.0,0.5011,44,4,1487,2026-09-23 01:50:20
138520,2,TIGER 삼성그룹,36775,5,-125,-0.34,36802.0,-19.3619,2318,86,1486,2026-09-23 01:50:20
0104H0,7,KoAct 미국나스닥채권혼합50액티브,11970,2,10,0.08,11988.0,-13.3961,19800,237,1460,2026-09-23 01:50:20
491610,6,1Q CD금리액티브(합성),105077,2,7,0.01,105049.0,0.7575,622,65,1453,2026-09-23 01:50:20
0153K0,2,KODEX 주주환원고배당주,12100,5,-80,-0.66,12096.0,6.8603,33787,410,1452,2026-09-23 01:50:20
0127M0,4,ACE 미국대형가치주액티브,12005,5,-120,-0.99,11968.0,-8.4748,750,8,1435,2026-09-23 01:50:20
0048K0,4,KODEX 차이나휴머노이드로봇,7895,5,-75,-0.94,7912.0,-28.5782,221090,1749,1413,2026-09-23 01:50:20
498180,6,파워 종합채권(AA-이상)액티브,93330,3,0,0.0,93329.0,-0.3364,0,0,1406,2026-09-23 01:50:20
471760,2,TIGER AI반도체핵심공정,15170,2,75,0.5,15172.0,-24.0504,800181,12299,1403,2026-09-23 01:50:20
481180,4,SOL 미국AI소프트웨어,16405,5,-240,-1.44,16456.0,14.3986,63803,1049,1403,2026-09-23 01:50:20
495330,1,1Q 코리아밸류업,32510,2,125,0.39,32525.0,-22.7638,1632,53,1398,2026-09-23 01:50:20
0041E0,4,KODEX 미국S&P500액티브,16210,5,-55,-0.34,16198.0,-14.6254,31430,510,1394,2026-09-23 01:50:20
0199C0,2,ACE 고배당주Plus커버드콜액티브,9200,5,-55,-0.59,9191.0,-3.1467,365308,3373,1389,2026-09-23 01:50:20
451530,6,TIGER 국고채30년스트립액티브,35010,2,455,1.32,34993.0,-9.8487,6098,213,1383,2026-09-23 01:50:20
0131W0,6,1Q 단기특수은행채액티브,102305,2,15,0.01,102308.0,0.7435,2077,212,1380,2026-09-23 01:50:20
245340,4,TIGER 미국다우존스30,34090,5,-360,-1.04,34078.0,-10.2567,15700,536,1377,2026-09-23 01:50:20
143860,2,TIGER 헬스케어,34395,5,-85,-0.25,34407.0,-11.4649,5064,175,1369,2026-09-23 01:50:20
476030,4,SOL 미국나스닥100,17380,3,0,0.0,17387.0,-11.2473,12650,220,1356,2026-09-23 01:50:20
139220,2,TIGER 200 건설,7905,5,-315,-3.83,7906.0,-7.7442,237055,1905,1334,2026-09-23 01:50:20
0092B0,2,SOL 한국원자력SMR,15930,5,-810,-4.84,15936.0,-3.097,139180,2258,1322,2026-09-23 01:50:20
463680,4,KODEX 미국S&P500테크놀로지,22940,2,130,0.57,22893.0,-10.3952,7640,175,1319,2026-09-23 01:50:20
0091M0,6,HANARO 27-06 회사채(AA-이상)액티브,10160,3,0,0.0,10170.0,0.6438,73,0,1304,2026-09-23 01:50:20
457990,2,PLUS 태양광&ESS,33790,2,660,1.99,33820.0,-16.5597,300054,10263,1301,2026-09-23 01:50:20
411420,4,KODEX 미국나스닥AI테크액티브,27325,5,-45,-0.16,27335.0,-8.945,2463,67,1298,2026-09-23 01:50:20
325010,2,KODEX 성장주,44560,2,175,0.39,44571.0,-24.943,544,24,1292,2026-09-23 01:50:20
304660,6,KODEX 미국30년국채울트라선물(H),7220,2,10,0.14,7232.0,-4.4401,16825,121,1285,2026-09-23 01:50:20
461500,6,HANARO 종합채권(AA-이상)액티브,105045,2,65,0.06,105012.0,-0.3891,6377,669,1274,2026-09-23 01:50:20
448100,1,WON 200,115790,2,685,0.6,115854.0,-24.5509,3756,438,1274,2026-09-23 01:50:20
0181B0,4,HANARO 미국AI메모리반도체TOP4+,10240,2,400,4.07,10297.0,-33.2203,168777,1737,1270,2026-09-23 01:50:20
0123G0,4,TIGER 미국AI전력SMR,6135,2,40,0.66,6127.0,-29.0455,21086,129,1264,2026-09-23 01:50:20
463290,6,1Q 단기금융채액티브,109452,2,22,0.02,109454.0,0.7874,973,106,1263,2026-09-23 01:50:20
0074K0,2,KoAct K수출핵심기업TOP30액티브,16970,5,-20,-0.12,16979.0,-26.0018,9364,160,1256,2026-09-23 01:50:20
192090,4,TIGER 차이나CSI300,12100,5,-90,-0.74,12081.0,-19.538,10994,133,1252,2026-09-23 01:50:20
447620,7,SOL 미국TOP5채권혼합50,15950,5,-70,-0.44,15830.0,0.3445,17627,280,1244,2026-09-23 01:50:20
0000Y0,6,HK 26-12 회사채(AA-이상)액티브,102055,2,5,0.0,102058.0,0.7751,2,0,1235,2026-09-23 01:50:20
328370,1,PLUS 코스피TR,39760,2,380,0.96,39599.0,-23.0634,22,0,1233,2026-09-23 01:50:20
438570,6,SOL 국고채10년,97950,2,185,0.19,97970.0,-0.6252,9,0,1222,2026-09-23 01:50:20
332940,1,HANARO MSCI Korea TR,50465,2,225,0.45,50451.0,-23.9422,203,10,1211,2026-09-23 01:50:20
114820,6,TIGER 국채3년,104960,2,90,0.09,104977.0,0.4021,1022,107,1205,2026-09-23 01:50:20
491230,6,PLUS 국공채머니마켓액티브,52605,2,5,0.01,52588.0,0.8281,1911,100,1194,2026-09-23 01:50:20
0184L0,6,PLUS 중기종합채권(A-이상)액티브,100575,5,-25,-0.02,100571.0,0.7612,6987,702,1194,2026-09-23 01:50:20
469170,2,ACE 포스코그룹포커스,5815,5,-105,-1.77,5814.0,-3.9515,169170,1000,1186,2026-09-23 01:50:20
319640,4,TIGER 골드선물(H),25505,2,180,0.71,25503.0,1.4014,1312,33,1173,2026-09-23 01:50:20
377990,2,TIGER Fn신재생에너지,23600,5,-135,-0.57,23634.0,-19.7301,16385,391,1168,2026-09-23 01:50:20
399110,4,SOL 미국S&P500ESG,20480,5,-160,-0.78,20469.0,-9.0387,3789,77,1167,2026-09-23 01:50:20
251340,3,KODEX 코스닥150선물인버스,2425,3,0,0.0,2432.0,12.2685,14817441,35591,1166,2026-09-23 01:50:20
182480,7,TIGER 미국MSCI리츠(합성 H),13250,5,-40,-0.3,13296.0,-0.0873,3602,47,1166,2026-09-23 01:50:20
0085P0,6,ACE 미국10년국채액티브,9475,5,-45,-0.47,9467.0,-13.608,83154,788,1165,2026-09-23 01:50:20
0168K0,2,TIGER 기술이전바이오액티브,5435,2,50,0.93,5440.0,-24.9478,860953,4714,1159,2026-09-23 01:50:20
326240,2,RISE IT플러스,45290,2,330,0.73,45318.0,-25.4457,1003,45,1150,2026-09-23 01:50:20
304940,4,KODEX 미국나스닥100선물(H),33755,2,280,0.84,33754.0,-0.3424,2953,99,1148,2026-09-23 01:50:20
0135Y0,6,IBK 중기종합채권(AA-이상)액티브,100295,2,15,0.01,100311.0,0.5363,10,1,1140,2026-09-23 01:50:20
0209D0,2,KODEX 전고체배터리ESS TOP2플러스,7820,5,-60,-0.76,7844.0,,309458,2454,1138,2026-09-23 01:50:20
0197X0,2,SOL SK하이닉스선물단일종목인버스2X,5470,5,-110,-1.97,5470.0,-18.0015,5323858,28502,1127,2026-09-23 01:50:20
367770,2,RISE 수소경제테마,21810,5,-445,-2.0,21822.0,-17.9388,18551,413,1123,2026-09-23 01:50:20
0191W0,6,HANARO 중기종합채권(A-이상)액티브,100815,3,0,0.0,100874.0,0.5886,0,0,1121,2026-09-23 01:50:20
0036R0,4,RISE 미국휴머노이드로봇,20055,2,35,0.17,20081.0,-14.7425,6673,134,1113,2026-09-23 01:50:20
0162L0,4,KODEX 차이나AI반도체TOP10,13695,2,55,0.4,13734.0,-31.1232,292645,3997,1109,2026-09-23 01:50:20
0174B0,7,KoAct 글로벌AI메모리반도체액티브,15040,2,290,1.97,15058.0,-30.6536,24829,374,1105,2026-09-23 01:50:20
0000J0,2,PLUS 한화그룹주,27615,5,-335,-1.2,27628.0,-15.4568,10355,288,1105,2026-09-23 01:50:20
266370,2,KODEX IT,71085,5,-65,-0.09,71156.0,-28.2148,5493,394,1102,2026-09-23 01:50:20
476850,1,KoAct 배당성장액티브,22425,2,205,0.92,22419.0,-17.1495,26248,591,1099,2026-09-23 01:50:20
488500,4,TIGER 미국S&P500동일가중,12130,5,-90,-0.74,12115.0,-9.4431,23553,286,1098,2026-09-23 01:50:20
309230,4,ACE 미국WideMoat동일가중,29595,5,-110,-0.37,29594.0,-5.3078,1986,58,1089,2026-09-23 01:50:20
372330,4,KODEX 차이나항셍테크,6480,5,-85,-1.29,6476.0,-14.1816,15805,103,1082,2026-09-23 01:50:20
0132K0,7,PLUS 테슬라위클리커버드콜채권혼합,7955,5,-15,-0.19,7981.0,-3.4591,19986,159,1082,2026-09-23 01:50:20
496090,1,KIWOOM 코리아밸류업,32735,2,65,0.2,32732.0,-22.4683,58,1,1080,2026-09-23 01:50:20
0221V0,6,IBK 초단기채권액티브,100685,2,10,0.01,100692.0,,221,22,1076,2026-09-23 01:50:20
464930,4,TIGER 글로벌혁신블루칩TOP10,20490,5,-70,-0.34,20541.0,-7.5332,2714,55,1065,2026-09-23 01:50:20
0193M0,6,BNK 27-12 특수채(AAA이상)액티브,50370,3,0,0.0,50362.0,0.6997,0,0,1065,2026-09-23 01:50:20
0138Y0,7,PLUS 금채권혼합,9650,3,0,0.0,9677.0,-4.4082,55264,534,1062,2026-09-23 01:50:20
203780,4,TIGER 미국나스닥바이오,35145,2,575,1.66,35031.0,3.8762,5854,205,1054,2026-09-23 01:50:20
455860,2,SOL 2차전지소부장Fn,4330,5,-10,-0.23,4336.0,-20.803,207610,915,1044,2026-09-23 01:50:20
464310,4,TIGER 글로벌AI&로보틱스 INDXX,13370,5,-125,-0.93,13323.0,-17.8137,11341,151,1043,2026-09-23 01:50:20
168580,4,ACE 중국본토CSI300,33170,5,-640,-1.89,33451.0,-18.7846,198,6,1035,2026-09-23 01:50:20
0137V0,4,KIWOOM 미국S&P500모멘텀,11555,2,15,0.13,11559.0,-16.2964,54096,626,1034,2026-09-23 01:50:20
465610,4,ACE 미국빅테크TOP7 Plus레버리지(합성),42860,5,-540,-1.24,42828.0,-8.0314,1171,50,1029,2026-09-23 01:50:20
0122W0,6,RISE 26-11 회사채(AA-이상)액티브,51100,2,20,0.04,51090.0,0.7992,12,0,1019,2026-09-23 01:50:20
0080Y0,2,SOL 조선TOP3플러스레버리지,7985,5,-295,-3.56,7996.0,-47.8754,185604,1510,1014,2026-09-23 01:50:20
475050,2,ACE KPOP포커스,6825,2,75,1.11,6822.0,-14.0128,365557,2477,1014,2026-09-23 01:50:20
394660,4,TIGER 글로벌자율주행&전기차SOLACTIVE,15320,2,5,0.03,15357.0,-24.779,1554,23,1005,2026-09-23 01:50:20
0142D0,4,TIGER 미국AI데이터센터TOP4Plus,10740,2,170,1.61,10766.0,-29.7908,69652,750,1004,2026-09-23 01:50:20
0177X0,2,ACE K휴머노이드로봇산업TOP2+,9755,5,-50,-0.51,9764.0,-14.6278,179743,1789,1000,2026-09-23 01:50:20
0008T0,2,SOL 화장품TOP3플러스,17330,5,-60,-0.35,17369.0,30.1159,838060,14519,988,2026-09-23 01:50:20
114100,6,RISE 국고채3년,105910,2,145,0.14,105917.0,0.3667,259,27,980,2026-09-23 01:50:20
195980,4,PLUS 신흥국MSCI(합성 H),15640,3,0,0.0,15677.0,-3.0379,3013,47,960,2026-09-23 01:50:20
486240,2,DAISHIN AI반도체&인프라액티브,30820,2,155,0.51,30821.0,-21.8029,75,2,955,2026-09-23 01:50:20
473440,6,ACE 11월만기자동연장회사채AA-이상액티브,10865,2,5,0.05,10869.0,0.7888,1303,14,945,2026-09-23 01:50:20
433970,7,KODEX TDF2030액티브 적격,13890,5,-55,-0.39,13891.0,-4.8556,10849,150,945,2026-09-23 01:50:20
479620,4,SOL 미국AI반도체칩메이커,27300,2,165,0.61,27423.0,-19.3611,20230,554,942,2026-09-23 01:50:20
475280,6,ACE 8월만기자동연장회사채AA-이상액티브,10745,2,10,0.09,10743.0,0.6091,53,0,937,2026-09-23 01:50:20
0035T0,7,PLUS 글로벌휴머노이드로봇액티브,19245,5,-105,-0.54,19245.0,-20.1733,4950,95,933,2026-09-23 01:50:20
298770,4,KODEX 한국대만IT프리미어,84740,2,505,0.6,84881.0,-19.1988,4973,423,932,2026-09-23 01:50:20
453080,4,KIWOOM 미국나스닥100(H),23770,2,90,0.38,23805.0,-0.3447,23660,562,927,2026-09-23 01:50:20
464240,6,KIWOOM 26-09회사채(AA-이상)액티브,52060,3,0,0.0,52072.0,0.701,0,0,921,2026-09-23 01:50:20
0176E0,4,RISE 미국AI전력인프라액티브,9690,5,-25,-0.26,9667.0,-29.2941,4237,41,921,2026-09-23 01:50:20
308620,6,KODEX 미국10년국채선물,11080,5,-75,-0.67,11080.0,-13.661,21596,239,920,2026-09-23 01:50:20
143850,4,TIGER 미국S&P500선물(H),78070,5,-130,-0.17,78060.0,2.915,303,23,917,2026-09-23 01:50:20
325020,2,KODEX 배당가치,29430,5,-175,-0.59,29438.0,-5.4959,1303,38,912,2026-09-23 01:50:20
454320,2,HANARO CAPEX설비투자iSelect,42285,5,-1085,-2.5,42246.0,-9.4383,2204,94,909,2026-09-23 01:50:20
269540,4,PLUS 미국S&P500(H),30300,5,-100,-0.33,30291.0,1.8254,3639,110,909,2026-09-23 01:50:20
0052T0,6,1Q 중단기회사채(A-이상)액티브,50735,5,-45,-0.09,50788.0,0.884,19,0,908,2026-09-23 01:50:20
0007N0,1,아이엠에셋 200,113300,2,800,0.71,113140.0,-24.7876,16,1,906,2026-09-23 01:50:20
261270,7,KODEX 미국달러선물인버스,8295,2,70,0.85,8299.0,13.214,21145,175,906,2026-09-23 01:50:20
0066W0,5,SOL 국제금,12400,5,-20,-0.16,12459.0,-8.9109,8979,111,899,2026-09-23 01:50:20
444490,4,WON 미국S&P500,19955,5,-140,-0.7,19933.0,-8.2001,3871,77,888,2026-09-23 01:50:20
468380,6,KODEX iShares미국하이일드액티브,10610,5,-50,-0.47,10593.0,-11.6075,14887,158,885,2026-09-23 01:50:20
458030,6,WON 국공채머니마켓액티브,55145,2,5,0.01,55146.0,0.7675,20,1,880,2026-09-23 01:50:20
211900,2,KODEX 코리아배당성장,27740,5,-260,-0.93,27729.0,-2.0172,1394,38,874,2026-09-23 01:50:20
495040,1,PLUS 코리아밸류업,32355,5,-90,-0.28,32419.0,-21.9192,1123,36,874,2026-09-23 01:50:20
329670,7,KODEX TRF7030,21735,5,-30,-0.14,21751.0,-6.81,2167,47,869,2026-09-23 01:50:20
469060,4,RISE 미국반도체NYSE,36900,2,615,1.69,37057.0,-23.3979,6597,244,867,2026-09-23 01:50:20
453330,4,RISE 미국S&P500(H),18355,5,-15,-0.08,18348.0,3.6393,5428,99,844,2026-09-23 01:50:20
359210,1,KODEX 코스피TR,36575,2,100,0.27,36585.0,-22.6816,737,27,841,2026-09-23 01:50:20
460960,7,ACE 글로벌인컴TOP10,10760,5,-80,-0.74,10656.0,-10.6659,150408,1625,839,2026-09-23 01:50:20
475310,2,SOL 반도체후공정,28830,2,20,0.07,28842.0,-15.14,211425,6179,836,2026-09-23 01:50:20
485690,4,RISE 미국AI밸류체인TOP3Plus,22835,2,55,0.24,22846.0,-11.2808,2989,68,833,2026-09-23 01:50:20
329660,7,KODEX TRF5050,17685,5,-20,-0.11,17709.0,-4.6933,4073,71,831,2026-09-23 01:50:20
461460,6,PLUS 국고채10년액티브,51215,2,65,0.13,51165.0,-0.5445,182,9,831,2026-09-23 01:50:20
337140,2,KODEX 코스피대형주,37430,2,405,1.09,37442.0,-24.7789,1700,64,823,2026-09-23 01:50:20
0017Y0,6,1Q 종합채권(AA-이상)액티브,94030,2,70,0.07,93961.0,-0.3025,14,1,817,2026-09-23 01:50:20
449770,4,KIWOOM 미국S&P500,20795,5,-140,-0.67,20791.0,-8.2276,1823,37,811,2026-09-23 01:50:20
108450,2,ACE 삼성그룹섹터가중,40520,2,225,0.56,40372.0,-17.5719,42,1,810,2026-09-23 01:50:20
0225V0,4,KODEX 미국CPU반도체TOP10,12430,2,210,1.72,12512.0,,302724,3783,808,2026-09-23 01:50:20
0198A0,2,KIWOOM 코스닥150커버드콜액티브,8610,5,-5,-0.06,8634.0,,395073,3429,805,2026-09-23 01:50:20
495750,1,HANARO 코리아밸류업,32700,3,0,0.0,32680.0,-21.7144,84,2,801,2026-09-23 01:50:20
0018C0,2,PLUS 고배당주위클리고정커버드콜,10425,5,-50,-0.48,10410.0,5.6853,39290,411,798,2026-09-23 01:50:20
138530,2,TIGER LG그룹플러스,12080,5,-140,-1.15,12078.0,-6.2165,13430,164,783,2026-09-23 01:50:20
0049M0,4,ACE 미국배당퀄리티+커버드콜액티브,11060,5,-35,-0.32,11056.0,-9.0446,27823,306,780,2026-09-23 01:50:20
365040,1,TIGER AI코리아그로스액티브,37080,5,-110,-0.3,37175.0,-21.7876,5140,191,779,2026-09-23 01:50:20
0057H0,7,PLUS 미국S&P500미국채혼합50액티브,11450,5,-90,-0.78,11451.0,-9.4427,97528,1118,779,2026-09-23 01:50:20
0098N0,2,PLUS 자사주매입고배당주,12870,5,-90,-0.69,12861.0,7.3498,22242,288,772,2026-09-23 01:50:20
210780,2,TIGER 코스피고배당,23195,5,-45,-0.19,23192.0,2.9463,4989,115,765,2026-09-23 01:50:20
0238F0,4,KODEX 미국AI메모리TOP2플러스,10885,2,430,4.11,10961.0,,162662,1778,762,2026-09-23 01:50:20
0240J0,2,RISE 삼성SK그룹,10745,2,105,0.99,10746.0,,180740,1953,752,2026-09-23 01:50:20
490480,2,SOL K방산,27800,5,-470,-1.66,27808.0,-18.3656,8438,236,751,2026-09-23 01:50:20
272910,6,ACE 중장기국공채액티브,105835,3,0,0.0,105962.0,0.3127,0,0,749,2026-09-23 01:50:20
0080X0,7,SOL 미국S&P500미국채혼합50,10662,5,-63,-0.59,10671.0,-11.44,8332,88,746,2026-09-23 01:50:20
292190,1,KODEX KRX300,49540,2,210,0.43,49582.0,-24.5838,3866,193,743,2026-09-23 01:50:20
228810,2,TIGER 미디어컨텐츠,3035,2,45,1.51,3040.0,-15.0569,92109,279,743,2026-09-23 01:50:20
204480,4,TIGER 차이나CSI300레버리지(합성),22790,5,-505,-2.17,22881.0,-37.6723,6298,144,743,2026-09-23 01:50:20
0210E0,2,PLUS 200커버드콜액티브,7550,2,40,0.53,7555.0,,150278,1142,740,2026-09-23 01:50:20
412770,4,TIGER 글로벌AI플랫폼액티브,12755,5,-25,-0.2,12808.0,-24.535,6335,81,739,2026-09-23 01:50:20
157490,2,TIGER 소프트웨어,7895,5,-110,-1.37,7897.0,-9.9044,18744,149,733,2026-09-23 01:50:20
298340,6,PLUS 국채선물3년,56445,2,100,0.18,56422.0,0.5711,36,2,727,2026-09-23 01:50:20
0098Z0,1,FOCUS 200,96770,2,920,0.96,96246.0,-24.0146,4,0,726,2026-09-23 01:50:20
364960,2,TIGER BBIG,6095,5,-70,-1.14,6093.0,-9.4714,8965,55,725,2026-09-23 01:50:20
475350,4,RISE 버크셔포트폴리오TOP10,14220,5,-105,-0.73,14132.0,-6.4709,9951,141,725,2026-09-23 01:50:20
0022T0,4,SOL 국제금커버드콜액티브,12720,5,-15,-0.12,12776.0,-9.2196,45127,576,725,2026-09-23 01:50:20
473640,4,HANARO 글로벌금채굴기업,34225,2,775,2.32,34228.0,2.1686,6646,228,719,2026-09-23 01:50:20
0102A0,4,TIGER 미국AI소프트웨어TOP4Plus,8800,5,-75,-0.85,8792.0,7.8371,21132,185,713,2026-09-23 01:50:20
441540,2,HANARO Fn조선해운,26175,5,-410,-1.54,26197.0,-13.7831,5622,148,707,2026-09-23 01:50:20
0190Y0,4,TIGER 구글밸류체인,8655,5,-30,-0.35,8667.0,-20.1846,15566,135,701,2026-09-23 01:50:20
429760,4,PLUS 미국S&P500,19325,5,-160,-0.82,19312.0,-8.1208,1418,27,696,2026-09-23 01:50:20
0233A0,7,ACE 삼성전자SK하이닉스플러스채권혼합50,10790,2,60,0.56,10828.0,,348874,3791,691,2026-09-23 01:50:20
211560,2,TIGER 배당성장,34750,5,-250,-0.71,34738.0,-2.4238,1782,62,688,2026-09-23 01:50:20
491700,1,HK 200,114095,5,-815,-0.71,113595.0,-22.3582,75,8,685,2026-09-23 01:50:20
465330,2,RISE 2차전지TOP10,11150,2,20,0.18,11169.0,-9.6591,34953,395,683,2026-09-23 01:50:20
130730,6,KIWOOM 단기자금,103165,2,15,0.01,103149.0,0.693,133,13,681,2026-09-23 01:50:20
492500,7,1Q 현대차그룹채권(A+이상)&국고통안,51335,2,20,0.04,51344.0,0.6373,65,3,679,2026-09-23 01:50:20
228800,2,TIGER 여행레저,2630,5,-15,-0.57,2631.0,-8.1598,27264,72,675,2026-09-23 01:50:20
0113D0,4,TIME 글로벌탑픽액티브,11820,5,-70,-0.59,11820.0,-9.1674,3983,47,674,2026-09-23 01:50:20
266420,2,KODEX 헬스케어,15630,5,-20,-0.13,15633.0,-11.029,2102,33,672,2026-09-23 01:50:20
278620,6,PLUS 단기채권액티브,119150,2,25,0.02,119143.0,0.7868,12,1,667,2026-09-23 01:50:20
433880,7,PLUS TDF2060액티브 적격,18465,5,-105,-0.57,18375.0,-9.3525,15330,282,667,2026-09-23 01:50:20
277640,2,TIGER 코스피대형주,38705,2,145,0.38,38709.0,-24.0841,2234,86,658,2026-09-23 01:50:20
306950,3,KODEX KRX300레버리지,81600,2,1440,1.8,81456.0,-51.8617,163,13,653,2026-09-23 01:50:20
458750,4,TIGER 미국배당다우존스타겟커버드콜1호,12430,5,-90,-0.72,12402.0,-6.1499,5136,63,646,2026-09-23 01:50:20
252400,3,RISE 200선물레버리지,107510,2,1240,1.17,107432.0,-51.7394,410,44,645,2026-09-23 01:50:20
418670,4,TIGER 글로벌AI사이버보안,18940,2,10,0.05,18826.0,21.7363,38360,726,644,2026-09-23 01:50:20
453950,4,TIGER TSMC파운드리밸류체인,32815,2,180,0.55,32597.0,-24.2105,6202,203,640,2026-09-23 01:50:20
0123S0,2,HANARO 26-12 은행채(AA+이상)액티브,10200,3,0,0.0,10207.0,0.691,860,8,632,2026-09-23 01:50:20
261240,7,KODEX 미국달러선물,13945,5,-120,-0.85,13954.0,-10.9247,99502,1389,632,2026-09-23 01:50:20
292770,6,KODEX 국채선물3년인버스,58085,3,0,0.0,58024.0,0.8157,0,0,624,2026-09-23 01:50:20
419890,6,KIWOOM 단기채권ESG액티브,107520,5,-15,-0.01,107513.0,0.6787,2,0,624,2026-09-23 01:50:20
495940,4,RISE 미국AI테크액티브,19740,2,120,0.61,19681.0,-18.1434,525,10,622,2026-09-23 01:50:20
455660,6,ACE 미국하이일드액티브(H),9375,2,20,0.21,9348.0,-0.3215,4006,37,619,2026-09-23 01:50:20
0222D0,2,KoAct 고배당액티브,10265,5,-60,-0.58,10258.0,,62701,646,616,2026-09-23 01:50:20
140700,2,KODEX 보험,20520,5,-115,-0.56,20539.0,2.0173,35778,736,616,2026-09-23 01:50:20
0166S0,2,PLUS K제조업핵심기업액티브,11710,2,75,0.64,11704.0,-24.3253,10577,124,615,2026-09-23 01:50:20
0115E0,2,KODEX 코리아소버린AI,13985,5,-225,-1.58,14016.0,-10.4144,3478,49,608,2026-09-23 01:50:20
0181L0,4,SOL 미국우주항공TOP10,7280,2,65,0.9,7285.0,-27.4875,73793,538,604,2026-09-23 01:50:20
0172V0,5,1Q 은액티브,8495,2,135,1.61,8493.0,-13.0073,48680,415,603,2026-09-23 01:50:20
491220,1,PLUS 200TR,133660,2,765,0.58,133736.0,-24.9096,1172,157,601,2026-09-23 01:50:20
480310,4,TIGER 글로벌온디바이스AI,22190,2,135,0.61,22240.0,-16.3452,7993,177,599,2026-09-23 01:50:20
453640,4,KODEX 미국S&P500헬스케어,13900,2,20,0.14,13876.0,1.1074,7040,97,598,2026-09-23 01:50:20
275980,4,TIGER 글로벌4차산업혁신기술(합성 H),23905,2,255,1.08,24094.0,-2.9744,551,13,598,2026-09-23 01:50:20
440640,6,ACE 단기채권알파액티브,112845,2,10,0.01,112849.0,0.822,2,0,597,2026-09-23 01:50:20
304780,3,HANARO 200선물레버리지,132160,2,2730,2.11,130929.0,-51.5589,21,2,595,2026-09-23 01:50:20
0040S0,4,HANARO 글로벌피지컬AI액티브,23720,5,-25,-0.11,23678.0,-25.248,2017,47,593,2026-09-23 01:50:20
476750,6,ACE 미국30년국채엔화노출액티브(H),7270,5,-55,-0.75,7273.0,-14.2788,40738,296,589,2026-09-23 01:50:20
225040,4,TIGER 미국S&P500레버리지(합성 H),68940,2,25,0.04,68897.0,6.0475,478,32,579,2026-09-23 01:50:20
0226A0,7,PLUS SK하이닉스샌디스크채권혼합50,11505,2,245,2.18,11568.0,,85813,992,575,2026-09-23 01:50:20
385590,2,ACE ESG액티브,24940,2,340,1.38,24647.0,-20.6452,3,0,574,2026-09-23 01:50:20
434960,1,DAISHIN K200,114195,2,1435,1.27,113498.0,-24.5202,161,18,571,2026-09-23 01:50:20
0194T0,2,ACE SK하이닉스단일종목레버리지,10110,2,265,2.69,10083.0,-73.3379,13133,133,561,2026-09-23 01:50:20
479730,4,TIGER 인도빌리언컨슈머,9475,5,-100,-1.04,9472.0,-10.2565,20912,199,559,2026-09-23 01:50:20
442560,7,RISE TDF2040액티브 적격,16440,2,10,0.06,16358.0,-8.9714,3814,62,559,2026-09-23 01:50:20
0000D0,7,TIGER 엔비디아미국채커버드콜밸런스(합성),8895,5,-15,-0.17,8912.0,-11.9997,7655,68,556,2026-09-23 01:50:20
278240,3,RISE 코스닥150선물레버리지,7695,2,35,0.46,7681.0,-44.1284,41037,321,546,2026-09-23 01:50:20
455960,6,RISE 미국달러SOFR금리액티브(합성),11880,5,-65,-0.54,11854.0,-10.1204,547,6,544,2026-09-23 01:50:20
253150,3,PLUS 200선물레버리지,215720,2,3735,1.76,214729.0,-51.9652,3781,831,539,2026-09-23 01:50:20
150460,2,TIGER 중국소비테마,7315,5,-25,-0.34,7328.0,5.2329,1644,12,538,2026-09-23 01:50:20
401470,2,KODEX 메타버스액티브,9350,3,0,0.0,9353.0,-14.8064,981,9,538,2026-09-23 01:50:20
0111J0,2,HANARO 증권고배당TOP3플러스,12195,2,25,0.21,12192.0,-19.7011,30436,373,537,2026-09-23 01:50:20
481430,6,RISE 국고채10년액티브,97840,2,350,0.36,97798.0,-0.9097,322,31,535,2026-09-23 01:50:20
0141S0,2,SOL 조선기자재,8490,5,-170,-1.96,8489.0,-13.9593,17309,148,535,2026-09-23 01:50:20
0113P0,6,HK 머니마켓액티브,102625,3,0,0.0,102638.0,0.8599,0,0,532,2026-09-23 01:50:20
0046Y0,4,ACE 미국배당퀄리티,12310,5,-45,-0.36,12266.0,-8.0301,4150,51,529,2026-09-23 01:50:20
275300,2,KODEX 우량주,30995,2,305,0.99,31066.0,-25.5306,4104,127,527,2026-09-23 01:50:20
0118Z0,4,ACE 미국AI테크핵심산업액티브,8805,5,-10,-0.11,8787.0,-15.0771,7398,65,524,2026-09-23 01:50:20
152500,3,ACE 레버리지,47500,2,880,1.89,47573.0,-52.2141,5754,279,523,2026-09-23 01:50:20
0238P0,7,TIGER 미국S&P500미국채혼합50,10080,5,-80,-0.79,10057.0,,52892,533,522,2026-09-23 01:50:20
0041D0,4,KODEX 미국AI소프트웨어TOP10,13895,5,-130,-0.93,13909.0,10.6577,23279,323,521,2026-09-23 01:50:20
101280,4,KODEX 일본TOPIX100,30280,5,-175,-0.57,29861.0,-6.9662,966,29,521,2026-09-23 01:50:20
360140,2,KODEX 200롱코스닥150숏선물,23455,2,110,0.47,23415.0,-9.0573,3356,78,516,2026-09-23 01:50:20
0118S0,4,SOL 미국넥스트테크TOP10액티브,11160,2,255,2.34,11022.0,-25.5632,7532,84,513,2026-09-23 01:50:20
287180,4,PLUS 미국나스닥테크,56615,2,660,1.18,56541.0,-13.9684,419,23,510,2026-09-23 01:50:20
0185L0,4,TIME 글로벌휴머노이드로봇산업액티브,7210,5,-15,-0.21,7199.0,-30.9274,7237,52,508,2026-09-23 01:50:20
445150,2,KODEX 친환경조선해운액티브,27365,5,-335,-1.21,27352.0,-15.0659,952,26,506,2026-09-23 01:50:20
261220,5,KODEX WTI원유선물(H),26270,5,-1075,-3.93,26278.0,30.806,47048,1231,506,2026-09-23 01:50:20
261070,2,TIGER 코스닥150바이오테크,10835,2,15,0.14,10835.0,-25.4565,18276,199,505,2026-09-23 01:50:20
475260,6,ACE 2월만기자동연장회사채AA-이상액티브,10765,2,5,0.05,10766.0,0.7019,23,0,496,2026-09-23 01:50:20
140950,1,파워 코스피100,88420,2,355,0.4,88500.0,-24.9546,62,5,495,2026-09-23 01:50:20
0220B0,1,DS 코스닥액티브,11360,2,50,0.44,11369.0,,134010,1531,494,2026-09-23 01:50:20
440910,4,WON 미국우주항공방산,22305,5,-370,-1.63,22321.0,-22.7296,3483,77,491,2026-09-23 01:50:20
0139P0,2,ACE 고배당주,13260,5,-95,-0.71,13257.0,0.162,4305,57,491,2026-09-23 01:50:20
336160,6,RISE 금융채액티브,100070,2,45,0.04,100048.0,0.5084,3,0,489,2026-09-23 01:50:20
442260,1,마이티 다이나믹퀀트액티브,39455,2,180,0.46,39329.0,-24.9475,44,1,489,2026-09-23 01:50:20
461340,4,HANARO 글로벌생성형AI액티브,44265,2,180,0.41,44220.0,-14.2566,547,24,487,2026-09-23 01:50:20
292560,7,TIGER 일본엔선물,7940,5,-55,-0.69,7910.0,-8.6286,81991,652,484,2026-09-23 01:50:20
114470,6,KIWOOM 국고채3년,107340,2,100,0.09,107313.0,0.4177,137,14,483,2026-09-23 01:50:20
473490,4,KIWOOM 글로벌AI반도체,32200,2,235,0.74,32410.0,-14.1919,725,23,483,2026-09-23 01:50:20
218420,4,KODEX 미국S&P500에너지(합성),19540,5,-405,-2.03,19477.0,4.6157,15867,309,480,2026-09-23 01:50:20
0020H0,4,KoAct 글로벌양자컴퓨팅액티브,22760,2,475,2.13,22403.0,-28.688,6945,158,478,2026-09-23 01:50:20
316670,1,KIWOOM 코스닥150,6965,2,15,0.22,6991.0,-19.8386,134907,947,478,2026-09-23 01:50:20
0178H0,7,IBK 미국AI TOP10국채혼합50,10135,5,-90,-0.88,10175.0,0.4978,14042,142,476,2026-09-23 01:50:20
305050,1,ACE 코스피,73215,2,520,0.72,73236.0,-22.8005,1182,87,476,2026-09-23 01:50:20
0000Z0,2,RISE 바이오TOP10액티브,8090,2,65,0.81,8111.0,-26.0369,46560,376,473,2026-09-23 01:50:20
473590,4,ACE 미국주식베스트셀러,19890,5,-75,-0.38,19880.0,-17.1921,35455,706,467,2026-09-23 01:50:20
0086B0,2,TIGER 리츠부동산인프라TOP10액티브,9520,2,80,0.85,9511.0,-0.7261,4864,46,466,2026-09-23 01:50:20
447430,2,ACE 주주환원가치주액티브,16300,2,110,0.68,16294.0,3.617,566,9,465,2026-09-23 01:50:20
371470,4,TIGER 차이나바이오테크SOLACTIVE,8720,2,20,0.23,8721.0,16.0,4210,36,460,2026-09-23 01:50:20
123310,3,TIGER 인버스,1081,5,-7,-0.64,1082.0,13.5699,1209409,1296,459,2026-09-23 01:50:20
442090,2,에셋플러스 코리아대장장이액티브,30605,2,140,0.46,30586.0,-16.7737,33,1,459,2026-09-23 01:50:20
196030,4,ACE 일본TOPIX레버리지(H),91380,2,310,0.34,89832.0,0.2973,114,10,457,2026-09-23 01:50:20
256750,4,KODEX 차이나심천ChiNext(합성),14915,5,-190,-1.26,14985.0,-30.7269,15597,234,456,2026-09-23 01:50:20
375770,2,KODEX 탄소효율그린뉴딜,25280,5,-285,-1.11,25337.0,-20.6635,46,1,455,2026-09-23 01:50:20
453650,4,KODEX 미국S&P500금융,18115,5,-480,-2.58,18133.0,-6.7028,5394,97,453,2026-09-23 01:50:20
0194M0,2,ACE 삼성전자단일종목레버리지,12565,2,405,3.33,12635.0,-53.1948,47408,602,452,2026-09-23 01:50:20
0197W0,2,SOL SK하이닉스단일종목레버리지,9855,2,150,1.55,9867.0,-73.7526,26847,270,448,2026-09-23 01:50:20
200030,4,KODEX 미국S&P500산업재(합성),39650,5,-240,-0.6,39652.0,-16.3469,2020,80,447,2026-09-23 01:50:20
276990,4,KODEX 글로벌로봇(합성),25000,2,220,0.89,24984.0,-15.7287,945,23,443,2026-09-23 01:50:20
0132H0,4,KODEX 미국원자력SMR,7525,5,-30,-0.4,7501.0,-30.9731,39530,297,440,2026-09-23 01:50:20
0141T0,6,SOL 중기종합채권(AA-이상)액티브,50270,2,35,0.07,50264.0,0.5806,1,0,438,2026-09-23 01:50:20
487130,2,KoAct AI인프라액티브,29890,5,-25,-0.08,29885.0,-22.0964,768,23,433,2026-09-23 01:50:20
476260,2,HANARO 반도체핵심공정주도주,13910,2,470,3.5,13905.0,-23.6147,273844,3813,431,2026-09-23 01:50:20
440650,6,ACE 미국달러단기채권액티브,11320,5,-70,-0.61,11317.0,-11.1198,12767,144,430,2026-09-23 01:50:20
0089C0,4,KODEX 미국S&P500변동성확대시커버드콜,11295,5,-55,-0.48,11291.0,-7.6381,10453,118,429,2026-09-23 01:50:20
0207G0,2,SOL 우주항공밸류체인,7395,2,110,1.51,7384.0,-13.6337,304051,2239,429,2026-09-23 01:50:20
238720,4,ACE 일본Nikkei225(H),47465,5,-340,-0.71,47295.0,-9.6058,719,34,427,2026-09-23 01:50:20
472830,6,RISE 미국30년국채커버드콜(합성),7680,5,-40,-0.52,7663.0,-16.199,17691,135,426,2026-09-23 01:50:20
0186S0,7,1Q 코스닥150채권혼합50액티브,8340,2,35,0.42,8373.0,-9.6823,138758,1161,425,2026-09-23 01:50:20
491830,4,TIGER 미국AI반도체팹리스,23530,2,220,0.94,23612.0,-18.9047,19402,458,424,2026-09-23 01:50:20
0112X0,1,마이티 200TR,42325,2,140,0.33,42326.0,-24.2572,5057,215,423,2026-09-23 01:50:20
100910,1,KIWOOM KRX100,17575,2,35,0.2,17574.0,-25.2189,155,2,422,2026-09-23 01:50:20
0189B0,5,TIGER 은액티브,8145,2,65,0.8,8139.0,-11.4036,20093,164,419,2026-09-23 01:50:20
472840,1,IBK 200,111850,2,535,0.48,112055.0,-24.5154,1080,121,419,2026-09-23 01:50:20
0191M0,6,마이티 5월만기자동연장특수채(AAA)액티브,100820,3,0,0.0,100826.0,0.6589,0,0,417,2026-09-23 01:50:20
448570,1,FOCUS AI코리아액티브,30555,5,-35,-0.11,30520.0,-14.1454,14,0,412,2026-09-23 01:50:20
183700,7,RISE 200채권혼합50,98040,2,300,0.31,97584.0,-12.4194,1450,142,412,2026-09-23 01:50:20
428510,4,KODEX 차이나AI테크액티브,24055,2,390,1.65,24008.0,-32.9445,2030,48,409,2026-09-23 01:50:20
401170,2,RISE 메타버스,10465,5,-90,-0.85,10489.0,-20.1287,1376,14,408,2026-09-23 01:50:20
139320,5,TIGER 금은선물(H),18125,2,120,0.67,18065.0,1.0381,2101,38,408,2026-09-23 01:50:20
0192L0,2,RISE SK하이닉스단일종목레버리지,10305,2,275,2.74,10263.0,-72.8479,9456,98,407,2026-09-23 01:50:20
275280,2,KODEX 모멘텀주,44370,2,315,0.72,44386.0,-25.8327,3994,178,399,2026-09-23 01:50:20
322410,2,HANARO K고배당,22750,5,-80,-0.35,22760.0,1.6763,1160,26,398,2026-09-23 01:50:20
0007G0,4,PLUS 글로벌원자력밸류체인,12900,2,70,0.55,12948.0,-22.3366,1039,13,393,2026-09-23 01:50:20
494840,4,TIGER 미국방산TOP10,11690,5,-390,-3.23,11711.0,-10.9569,15093,176,392,2026-09-23 01:50:20
139280,2,TIGER 경기방어,12165,5,-5,-0.04,12172.0,2.3546,29650,363,389,2026-09-23 01:50:20
449690,4,TIGER 한중반도체(합성),51105,2,305,0.6,50967.0,-26.1467,120,6,383,2026-09-23 01:50:20
475270,6,ACE 5월만기자동연장회사채AA-이상액티브,10735,3,0,0.0,10744.0,0.6091,65,0,382,2026-09-23 01:50:20
469050,4,RISE 미국반도체NYSE(H),34300,2,810,2.42,34429.0,-13.533,15228,523,377,2026-09-23 01:50:20
0234N0,2,KIWOOM 삼성SK그룹TOP4+,10710,2,165,1.56,10734.0,,62162,671,375,2026-09-23 01:50:20
352540,7,KODEX 일본부동산리츠(H),10965,2,60,0.55,10949.0,-0.4053,5637,61,373,2026-09-23 01:50:20
195930,4,TIGER 유로스탁스50(합성 H),23260,2,180,0.78,23283.0,-0.0434,1240,28,372,2026-09-23 01:50:20
147970,2,TIGER 모멘텀,79550,5,-520,-0.65,79461.0,-23.3707,2122,171,366,2026-09-23 01:50:20
276650,4,RISE 글로벌테크놀로지(합성 H),48500,5,-35,-0.07,48410.0,1.4951,214,10,364,2026-09-23 01:50:20
452250,6,ACE 미국30년국채선물레버리지(합성 H),4665,2,15,0.32,4683.0,-10.2317,4427,20,362,2026-09-23 01:50:20
450910,1,SOL 코스닥150,13670,2,25,0.18,13710.0,-20.0879,1583,21,358,2026-09-23 01:50:20
276970,4,KODEX 미국S&P500배당귀족커버드콜(합성 H),7600,2,15,0.2,7534.0,4.767,2055,15,357,2026-09-23 01:50:20
407830,4,에셋플러스 글로벌플랫폼액티브,14880,2,40,0.27,14823.0,-13.4442,33,0,357,2026-09-23 01:50:20
464470,6,PLUS 미국채30년액티브,46510,5,-160,-0.34,46572.0,-15.961,1718,79,355,2026-09-23 01:50:20
400970,2,TIGER Fn메타버스,7100,5,-15,-0.21,7101.0,-19.5591,8930,63,355,2026-09-23 01:50:20
365000,2,TIGER 인터넷TOP10,3490,5,-15,-0.43,3489.0,-19.9772,26490,93,352,2026-09-23 01:50:20
0023B0,4,PLUS 미국양자컴퓨팅TOP10,16755,2,470,2.89,16302.0,-20.0148,28721,482,352,2026-09-23 01:50:20
0100K0,2,KODEX 방산TOP10레버리지,5850,5,-205,-3.39,5859.0,-40.7824,238945,1432,351,2026-09-23 01:50:20
0154F0,2,WON 초대형IB&금융지주,12290,5,-40,-0.32,12278.0,-0.4441,3596,44,350,2026-09-23 01:50:20
104530,2,KIWOOM 코리아고배당,17070,5,-25,-0.15,17059.0,-0.5434,3855,66,350,2026-09-23 01:50:20
0184E0,7,1Q 200채권혼합50액티브,11230,2,25,0.22,11237.0,-11.1543,88662,999,348,2026-09-23 01:50:20
241390,7,RISE V&S셀렉트밸류채권혼합,15815,5,-60,-0.38,15804.0,-4.3963,1268,20,348,2026-09-23 01:50:20
0085N0,6,ACE 미국10년국채액티브(H),9645,2,25,0.26,9630.0,-2.3326,3439,33,347,2026-09-23 01:50:20
261250,7,KODEX 미국달러선물레버리지,15175,5,-250,-1.62,15207.0,-21.4013,58937,897,344,2026-09-23 01:50:20
266360,2,KODEX K콘텐츠,9285,5,-55,-0.59,9287.0,-11.6785,4914,45,344,2026-09-23 01:50:20
138910,5,KODEX 구리선물(H),10330,2,65,0.63,10331.0,4.4252,15289,158,341,2026-09-23 01:50:20
491090,4,KODEX 미국테크TOP3플러스,18335,5,-155,-0.84,18331.0,-3.817,1938,35,339,2026-09-23 01:50:20
449780,4,KIWOOM 미국S&P500(H),18830,5,-45,-0.24,18816.0,2.9479,3545,66,339,2026-09-23 01:50:20
385520,2,KODEX 자율주행액티브,15710,2,45,0.29,15708.0,-20.7438,1189,18,338,2026-09-23 01:50:20
105780,2,RISE 5대그룹주,16725,2,5,0.03,16734.0,-26.8112,476,8,335,2026-09-23 01:50:20
380340,2,ACE 코리아AI테크핵심산업,27805,5,-155,-0.55,27838.0,-26.0807,1387,39,334,2026-09-23 01:50:20
0083S0,4,1Q 미국메디컬AI,11850,3,0,0.0,11897.0,12.5027,15596,185,332,2026-09-23 01:50:20
0204S0,1,TIGER 코스닥액티브,7490,2,85,1.15,7496.0,-19.6855,149526,1125,332,2026-09-23 01:50:20
459560,4,KODEX 테슬라밸류체인FactSet,22100,2,315,1.45,22134.0,-20.6508,974,21,332,2026-09-23 01:50:20
498860,2,RISE 코리아금융고배당,16540,2,90,0.55,16524.0,-7.1474,2900,48,331,2026-09-23 01:50:20
494410,4,PLUS 미국S&P500성장주,14315,5,-85,-0.59,14313.0,-7.5644,12475,178,329,2026-09-23 01:50:20
475070,4,KoAct 글로벌친환경전력인프라액티브,29930,2,265,0.89,29889.0,-27.9101,2165,64,329,2026-09-23 01:50:20
099140,4,KODEX 차이나H,20550,5,-270,-1.3,20470.0,-5.7977,707,14,329,2026-09-23 01:50:20
465350,3,RISE 2차전지TOP10인버스(합성),16395,5,-50,-0.3,16536.0,-2.1714,20330,328,328,2026-09-23 01:50:20
217770,5,TIGER 원유선물인버스(H),1123,2,36,3.31,1127.0,-28.3455,647419,728,327,2026-09-23 01:50:20
474800,4,KIWOOM 미국원유에너지기업,15155,5,-360,-2.32,15177.0,3.878,15178,230,326,2026-09-23 01:50:20
0138T0,4,RISE 미국S&P500데일리고정커버드콜,9305,5,-40,-0.43,9312.0,-7.9921,8614,80,326,2026-09-23 01:50:20
0089B0,7,PLUS 미국나스닥100미국채혼합50,11185,5,-30,-0.27,11184.0,-11.1145,12737,142,324,2026-09-23 01:50:20
117460,2,KODEX 에너지화학,13625,2,130,0.96,13628.0,-5.9322,19150,263,324,2026-09-23 01:50:20
0192M0,2,RISE 삼성전자단일종목레버리지,12815,2,510,4.14,12807.0,-52.5911,9406,121,324,2026-09-23 01:50:20
156080,1,KODEX MSCI Korea,53865,2,670,1.26,53963.0,-24.7775,148,8,323,2026-09-23 01:50:20
122260,6,KIWOOM 통안채1년,104225,3,0,0.0,104230.0,0.579,100,10,323,2026-09-23 01:50:20
275290,2,KODEX 가치주,35750,2,400,1.13,35829.0,-21.7403,1262,45,322,2026-09-23 01:50:20
261140,2,TIGER 우선주,25065,2,260,1.05,25041.0,-14.7753,7321,184,321,2026-09-23 01:50:20
494340,4,ACE 글로벌AI맞춤형반도체,21260,2,380,1.82,21324.0,-29.8034,5707,121,319,2026-09-23 01:50:20
322400,2,HANARO e커머스,9640,5,-10,-0.1,9629.0,-12.432,57,0,318,2026-09-23 01:50:20
174360,4,RISE 중국본토대형주CSI100,22525,5,-175,-0.77,22538.0,-19.9295,358,8,315,2026-09-23 01:50:20
352560,7,KODEX 미국부동산리츠(H),11895,2,50,0.42,11877.0,-1.7337,1380,16,315,2026-09-23 01:50:20
139270,2,TIGER 200 금융,17015,5,-190,-1.1,17022.0,1.4469,11554,198,313,2026-09-23 01:50:20
395170,2,KODEX Top10동일가중,15635,2,135,0.87,15635.0,-31.1308,3922,61,313,2026-09-23 01:50:20
153270,1,KIWOOM 코스피100,86760,2,875,1.02,86713.0,-25.3633,548,47,312,2026-09-23 01:50:20
469790,2,KIWOOM 코리아테크TOP10,44495,2,390,0.88,44506.0,-26.0145,123,5,311,2026-09-23 01:50:20
0218J0,7,RISE 미국우주&로봇TOP2미국채혼합50,9135,5,-30,-0.33,9136.0,,29498,269,311,2026-09-23 01:50:20
415920,5,PLUS 글로벌희토류&전략자원생산기업,6585,2,115,1.78,6485.0,-35.397,15972,104,309,2026-09-23 01:50:20
459750,4,RISE 글로벌주식분산액티브,17665,5,-85,-0.48,17628.0,-8.5702,5168,91,309,2026-09-23 01:50:20
395290,2,HANARO Fn K-POP&미디어,4850,2,25,0.52,4866.0,-14.6773,35343,172,308,2026-09-23 01:50:20
426150,6,WON 대한민국국고채액티브,51080,2,145,0.28,51076.0,-1.5274,2,0,308,2026-09-23 01:50:20
446690,4,KODEX 아시아AI반도체exChina액티브,61500,2,515,0.84,61539.0,-31.7258,4982,306,308,2026-09-23 01:50:20
450190,4,KODEX 한중반도체(합성),51110,5,-300,-0.58,51389.0,-24.8612,948,48,307,2026-09-23 01:50:20
253250,3,KIWOOM 200선물레버리지,105730,2,1150,1.1,105794.0,-51.6405,170,18,307,2026-09-23 01:50:20
0150K0,2,KoAct 수소전력ESS인프라액티브,10855,5,-60,-0.55,10855.0,-6.7493,9898,107,304,2026-09-23 01:50:20
117680,2,KODEX 철강,12395,5,-205,-1.63,12399.0,2.3436,23216,290,304,2026-09-23 01:50:20
227540,2,TIGER 200 헬스케어,18250,5,-50,-0.27,18257.0,4.0068,6777,124,303,2026-09-23 01:50:20
465660,4,TIGER 일본반도체FACTSET,24150,5,-115,-0.47,23409.0,-29.0911,10577,253,302,2026-09-23 01:50:20
387270,4,TIGER 글로벌이노베이션액티브,25990,5,-35,-0.13,26033.0,-19.4647,1502,39,301,2026-09-23 01:50:20
459790,4,KIWOOM 미국성장기업30액티브,20765,2,120,0.58,20856.0,-17.6999,12,0,301,2026-09-23 01:50:20
476690,4,TIGER 글로벌비만치료제TOP2Plus,10020,2,10,0.1,10022.0,-7.8821,1917,19,301,2026-09-23 01:50:20
0155N0,2,HANARO K휴머노이드테마TOP10,7690,5,-95,-1.22,7688.0,-16.8714,16250,127,300,2026-09-23 01:50:20
245350,4,TIGER 유로스탁스배당30,18740,5,-340,-1.78,18715.0,-3.6975,3565,67,300,2026-09-23 01:50:20
248270,4,TIGER S&P글로벌헬스케어(합성),25765,5,-15,-0.06,25815.0,-1.0175,1087,28,299,2026-09-23 01:50:20
145850,2,TREX 펀더멘탈 200,119540,2,400,0.34,118298.0,-12.595,3,0,299,2026-09-23 01:50:20
256440,4,ACE MSCI인도네시아(합성),4870,5,-100,-2.01,4868.0,-12.5,30346,147,297,2026-09-23 01:50:20
261060,2,TIGER 코스닥150IT,26040,2,135,0.52,26020.0,-15.0099,7771,204,297,2026-09-23 01:50:20
468630,6,KODEX iShares미국투자등급회사채액티브,10520,5,-45,-0.43,10505.0,-13.8745,5336,56,296,2026-09-23 01:50:20
0166N0,1,PLUS 코스닥150액티브,8395,2,150,1.82,8395.0,-15.6953,23807,200,294,2026-09-23 01:50:20
415340,4,KODEX 차이나과창판STAR50(합성),14175,2,105,0.75,14190.0,-23.5327,25189,355,293,2026-09-23 01:50:20
0155M0,4,ACE 미국SMR원자력TOP10,6515,2,90,1.4,6484.0,-28.1722,19893,128,293,2026-09-23 01:50:20
192720,2,파워 고배당저변동성,57335,5,-280,-0.49,57321.0,2.5314,1307,75,292,2026-09-23 01:50:20
0192T0,2,SOL 코스닥TOP10,6795,5,-25,-0.37,6797.0,-24.2643,20812,143,292,2026-09-23 01:50:20
496770,4,PLUS 글로벌방산,15935,5,-510,-3.1,15993.0,-9.6429,5162,82,287,2026-09-23 01:50:20
489290,4,WON 미국빌리어네어,14915,5,-110,-0.73,14908.0,-7.1385,661,9,283,2026-09-23 01:50:20
0223R0,4,TIGER 미국테크NYSE100액티브,9725,2,30,0.31,9767.0,,1892,18,283,2026-09-23 01:50:20
476070,4,KODEX 글로벌비만치료제TOP2 Plus,10630,2,170,1.63,10560.0,-7.0287,1193,12,282,2026-09-23 01:50:20
0107F0,4,KIWOOM 미국고배당&AI테크,11000,5,-60,-0.54,11002.0,-9.7291,1305,14,281,2026-09-23 01:50:20
223190,2,KODEX 200가치저변동,28005,5,-50,-0.18,27964.0,-11.8081,467,13,280,2026-09-23 01:50:20
0013R0,7,RISE 테슬라미국채타겟커버드콜혼합(합성),7775,5,-40,-0.51,7747.0,-15.6861,4724,36,280,2026-09-23 01:50:20
464920,4,PLUS 일본반도체소부장,23305,2,350,1.52,22413.0,-28.4446,11761,276,280,2026-09-23 01:50:20
289480,3,TIGER 200커버드콜,13315,2,45,0.34,13333.0,7.0656,4662,62,280,2026-09-23 01:50:20
271060,5,KODEX 3대농산물선물(H),9015,5,-140,-1.53,9070.0,17.8249,11682,105,279,2026-09-23 01:50:20
252710,3,TIGER 200선물인버스2X,76,5,-1,-1.3,75.0,16.6666,26992306,2014,273,2026-09-23 01:50:20
0049K0,7,ACE 미국배당퀄리티채권혼합50,10997,5,-18,-0.16,10969.0,-4.5387,3509,38,269,2026-09-23 01:50:20
0198D0,2,1Q SK하이닉스선물단일종목레버리지,10600,2,265,2.56,10460.0,-73.809,67551,741,267,2026-09-23 01:50:20
0137W0,4,KIWOOM 미국S&P500&GOLD,10265,5,-85,-0.82,10256.0,-7.7068,1596,16,267,2026-09-23 01:50:20
167860,6,KIWOOM 국고채10년레버리지,91405,2,245,0.27,91472.0,-1.486,116,10,265,2026-09-23 01:50:20
0164G0,4,RISE 차이나AI반도체TOP4Plus,12620,2,130,1.04,12668.0,-31.8418,20069,251,265,2026-09-23 01:50:20
277540,4,ACE 아시아TOP50,32920,2,15,0.05,32822.0,-15.6499,200,6,263,2026-09-23 01:50:20
475380,7,RISE 글로벌리얼티인컴,9900,5,-75,-0.75,9862.0,-11.9739,4444,44,262,2026-09-23 01:50:20
440340,7,TIGER 글로벌멀티에셋TIF액티브,11635,5,-45,-0.39,11600.0,-11.203,1860,21,262,2026-09-23 01:50:20
437350,6,RISE 미국단기투자등급회사채액티브,11830,5,-70,-0.59,11828.0,-12.0148,18066,213,260,2026-09-23 01:50:20
0203S0,7,WON 삼성전자현대차채권혼합50,8620,3,0,0.0,8622.0,-14.015,7118,61,259,2026-09-23 01:50:20
483570,4,KCGI 미국S&P500 TOP10,16050,2,25,0.16,15988.0,-5.4294,1315,21,257,2026-09-23 01:50:20
0224X0,7,1Q 엔비디아알파벳미국채혼합50,9680,5,-135,-1.38,9677.0,,17582,170,257,2026-09-23 01:50:20
493420,4,SOL 미국배당다우존스2호,12175,5,-100,-0.81,12148.0,-5.8098,2341,28,256,2026-09-23 01:50:20
292500,1,SOL KRX300,51120,2,700,1.39,50742.0,-23.9776,11,0,256,2026-09-23 01:50:20
0047R0,4,RISE 팔란티어고정테크100,15470,3,0,0.0,15493.0,-0.1557,1370,21,255,2026-09-23 01:50:20
496120,1,ACE 코리아밸류업,34030,3,0,0.0,33997.0,-21.1473,603,20,255,2026-09-23 01:50:20
159800,1,마이티 코스피100,89835,2,1195,1.35,89289.0,-25.2835,9,0,252,2026-09-23 01:50:20
0209Z0,2,ACE 코리아AI전력TOP10,7175,5,-125,-1.71,7184.0,,45842,333,251,2026-09-23 01:50:20
139250,2,TIGER 200 에너지화학,17670,2,140,0.8,17710.0,-6.71,10294,183,251,2026-09-23 01:50:20
0152E0,2,SOL 배당성향탑픽액티브,10665,5,-15,-0.14,10661.0,-4.5719,4052,43,251,2026-09-23 01:50:20
0115C0,4,RISE 미국고배당다우존스TOP10,10645,5,-20,-0.19,10622.0,-7.6802,1558,16,250,2026-09-23 01:50:20
292160,1,TIGER KRX300,49800,2,345,0.7,49772.0,-24.0158,225,11,249,2026-09-23 01:50:20
414270,4,ACE 글로벌자율주행액티브,11570,5,-35,-0.3,11558.0,-19.1008,935,10,249,2026-09-23 01:50:20
245360,4,TIGER 차이나HSCEI,11830,5,-135,-1.13,11820.0,-6.3183,237,2,248,2026-09-23 01:50:20
185680,4,KODEX 미국S&P바이오(합성),46415,2,840,1.84,46572.0,-0.339,1181,54,247,2026-09-23 01:50:20
0177A0,2,WON 두산그룹포커스,9470,5,-220,-2.27,9475.0,-14.3615,36496,351,246,2026-09-23 01:50:20
481340,6,RISE 미국30년국채액티브,8340,5,-15,-0.18,8342.0,-16.5579,33664,280,246,2026-09-23 01:50:20
0238C0,7,IBK 한미대표기업TOP2+채권혼합50액티브,10215,2,105,1.04,10208.0,,838,8,245,2026-09-23 01:50:20
0097L0,7,KIWOOM 한국고배당&미국AI테크,12505,2,20,0.16,12489.0,-4.941,861,10,244,2026-09-23 01:50:20
295020,6,RISE 국채선물10년인버스,60940,5,-260,-0.42,60912.0,1.932,2,0,241,2026-09-23 01:50:20
367740,2,HANARO Fn5G산업,43795,2,190,0.44,43791.0,-17.0456,74,3,241,2026-09-23 01:50:20
364690,1,KODEX 혁신기술테마액티브,40010,2,295,0.74,39939.0,-25.7559,21,0,240,2026-09-23 01:50:20
368190,2,HANARO Fn K-뉴딜디지털플러스,7490,5,-115,-1.51,7492.0,-5.3516,29,0,240,2026-09-23 01:50:20
479850,2,HANARO K-뷰티,17700,2,25,0.14,17718.0,20.3199,11002,194,239,2026-09-23 01:50:20
0093D0,7,KoAct 팔란티어밸류체인액티브,18360,2,50,0.27,18334.0,-16.7728,887,16,239,2026-09-23 01:50:20
225130,4,ACE 골드선물 레버리지(합성 H),47535,2,540,1.15,47458.0,3.2403,635,30,238,2026-09-23 01:50:20
195970,4,PLUS 선진국MSCI(합성 H),16200,5,-15,-0.09,16247.0,0.9023,1092,17,237,2026-09-23 01:50:20
419430,4,KODEX 차이나2차전지MSCI(합성),8325,5,-100,-1.19,8316.0,-32.2205,1304,10,233,2026-09-23 01:50:20
0103T0,2,1Q K소버린AI,8150,5,-105,-1.27,8148.0,-8.2778,8955,73,232,2026-09-23 01:50:20
0047P0,4,RISE 테슬라고정테크100,14810,2,40,0.27,14742.0,-9.5777,3096,45,230,2026-09-23 01:50:20
138230,7,KIWOOM 미국달러선물,15815,5,-160,-1.0,15818.0,-10.829,889,14,229,2026-09-23 01:50:20
442550,7,RISE TDF2030액티브 적격,14730,2,5,0.03,14671.0,-6.6052,2151,31,228,2026-09-23 01:50:20
280930,4,KODEX 미국러셀2000(H),16305,2,85,0.52,16307.0,-3.7389,986,16,228,2026-09-23 01:50:20
388280,2,RISE K엔터&여행레저,7000,5,-10,-0.14,7008.0,-15.4913,1235,8,228,2026-09-23 01:50:20
0127R0,4,RISE 미국AI클라우드인프라,16900,2,180,1.08,16868.0,-26.9609,1913,32,228,2026-09-23 01:50:20
376410,2,TIGER 탄소효율그린뉴딜,25115,2,15,0.06,25088.0,-21.4948,22,0,226,2026-09-23 01:50:20
0206G0,7,1Q 현대차기아채권혼합50,7790,5,-55,-0.7,7788.0,-15.0975,57572,451,226,2026-09-23 01:50:20
375760,2,HANARO 탄소효율그린뉴딜,25025,2,10,0.04,25021.0,-21.5524,19,0,225,2026-09-23 01:50:20
108590,1,TREX 200,112360,2,840,0.75,112216.0,-24.4773,9,1,225,2026-09-23 01:50:20
300950,2,KODEX 게임산업,5315,5,-25,-0.47,5325.0,-8.6399,1419,7,223,2026-09-23 01:50:20
0239Z0,2,PLUS AI반도체소부장액티브,11125,2,35,0.32,11142.0,,200790,2251,223,2026-09-23 01:50:20
261120,7,TIGER 미국달러선물인버스2X,5555,2,85,1.55,5559.0,27.0615,4730,26,222,2026-09-23 01:50:20
461600,6,SOL 미국30년국채액티브(H),8315,2,40,0.48,8288.0,-4.8304,3767,31,220,2026-09-23 01:50:20
411540,1,SOL 200 Top10,16880,5,-185,-1.08,16896.0,-21.8278,1162,19,219,2026-09-23 01:50:20
239660,6,PLUS 우량회사채50,121790,5,-10,-0.01,121803.0,0.6777,167,20,219,2026-09-23 01:50:20
0186L0,4,KoAct 미국로봇피지컬AI액티브,9470,2,10,0.11,9484.0,-24.7415,11008,104,218,2026-09-23 01:50:20
433220,4,에셋플러스 글로벌대장장이액티브,29395,5,-50,-0.17,29282.0,-20.8681,33,0,218,2026-09-23 01:50:20
269420,4,KODEX S&P글로벌인프라(합성),20995,5,-105,-0.5,20948.0,-15.5663,1784,37,217,2026-09-23 01:50:20
371450,4,TIGER 글로벌클라우드컴퓨팅INDXX,13840,5,-150,-1.07,13815.0,16.2926,5725,79,216,2026-09-23 01:50:20
447660,7,PLUS 애플채권혼합,13890,5,-15,-0.11,13882.0,1.5644,9226,127,215,2026-09-23 01:50:20
0026E0,4,KODEX 미국S&P500버퍼3월액티브,11555,5,-45,-0.39,11584.0,-7.7902,4,0,214,2026-09-23 01:50:20
204450,4,KODEX 차이나H레버리지(H),2225,5,-20,-0.89,2222.0,7.1599,2320,5,214,2026-09-23 01:50:20
337120,2,KODEX 멀티팩터,35505,2,295,0.84,35547.0,-23.8136,18356,658,213,2026-09-23 01:50:20
0190M0,4,KIWOOM 미국AI테크하이베타,8825,2,265,3.1,8777.0,-30.9678,30146,266,212,2026-09-23 01:50:20
0192S0,7,SOL 코스피200채권혼합50,9625,2,35,0.36,9627.0,-13.0949,87691,849,212,2026-09-23 01:50:20
438320,4,TIGER 차이나항셍테크레버리지(합성 H),4900,2,55,1.14,4784.0,-8.1517,51704,253,212,2026-09-23 01:50:20
461450,1,KODEX 코스닥글로벌,15110,3,0,0.0,15104.0,-16.5194,549,8,212,2026-09-23 01:50:20
0231Z0,7,KODEX 코리아TDF2065액티브 적격,10475,2,45,0.43,10486.0,,25869,271,210,2026-09-23 01:50:20
471460,6,KIWOOM 국고채30년액티브,45470,2,380,0.84,45380.0,-4.6263,273,12,209,2026-09-23 01:50:20
456680,4,TIGER 차이나전기차레버리지(합성),5115,5,-215,-4.03,5121.0,-49.8117,20900,108,209,2026-09-23 01:50:20
289040,2,KODEX MSCI KOREA ESG유니버설,34730,2,75,0.22,34714.0,-21.4954,29,1,208,2026-09-23 01:50:20
289250,2,TIGER MSCI KOREA ESG유니버설,36465,2,520,1.45,36092.0,-22.2523,43,1,208,2026-09-23 01:50:20
0239Y0,2,PLUS 코리아HBM반도체,10390,2,140,1.37,10430.0,,29196,306,208,2026-09-23 01:50:20
477730,4,KODEX 인도타타그룹,7020,5,-65,-0.92,7028.0,-15.8184,250,1,207,2026-09-23 01:50:20
463300,4,RISE 중국본토CSI300,12910,5,-25,-0.19,12892.0,-18.5045,550,7,207,2026-09-23 01:50:20
253290,7,RISE 헬스케어채권혼합,11470,2,115,1.01,11428.0,-3.485,1426,16,206,2026-09-23 01:50:20
152380,6,KODEX 국채선물10년,64725,2,260,0.4,64716.0,-0.8155,270,17,206,2026-09-23 01:50:20
464600,2,SOL 자동차소부장Fn,22820,5,-305,-1.32,22837.0,-24.9189,1043,24,205,2026-09-23 01:50:20
300640,2,RISE 게임테마,6310,2,5,0.08,6312.0,-4.4697,297,1,205,2026-09-23 01:50:20
226980,1,KODEX 200 중소형,22770,5,-90,-0.39,22792.0,-7.1475,586,13,205,2026-09-23 01:50:20
416090,4,ACE 중국과창판STAR50,12770,5,-80,-0.62,12795.0,-23.8293,2143,27,204,2026-09-23 01:50:20
469160,4,ACE 일본반도체,24010,2,110,0.46,23611.0,-32.6097,12848,308,204,2026-09-23 01:50:20
0067V0,4,TIGER 차이나글로벌리더스TOP3+,9230,5,-90,-0.97,9336.0,-18.3531,25516,237,203,2026-09-23 01:50:20
091220,2,TIGER 은행,17200,5,-175,-1.01,17193.0,12.8797,10833,187,203,2026-09-23 01:50:20
417630,2,TIGER KEDI혁신기업ESG30,19310,5,-90,-0.46,19253.0,-11.5771,10260,201,203,2026-09-23 01:50:20
364990,2,TIGER 게임TOP10,4480,5,-45,-0.99,4479.0,-10.2183,12646,56,202,2026-09-23 01:50:20
169950,4,KODEX 차이나A50,24925,5,-105,-0.42,24954.0,-16.7886,471,11,199,2026-09-23 01:50:20
489000,6,PLUS 일본엔화초단기국채(합성),9050,5,-65,-0.71,9055.0,-9.168,98719,894,199,2026-09-23 01:50:20
437070,6,KODEX 아시아달러채권ESG플러스액티브,57385,5,-195,-0.34,57303.0,-13.0037,663,38,199,2026-09-23 01:50:20
304770,1,HANARO 코스닥150,13970,2,55,0.4,14015.0,-20.1893,996,13,198,2026-09-23 01:50:20
0153X0,4,PLUS 미국고배당주액티브,10720,5,-195,-1.79,10695.0,-2.4448,75313,808,198,2026-09-23 01:50:20
0241R0,7,TIGER 현대차LG전자고정피지컬AI밸류체인,9900,5,-130,-1.3,9927.0,,210003,2100,198,2026-09-23 01:50:20
465670,4,TIGER 미국캐시카우100,15770,5,-220,-1.38,15858.0,-0.1361,10455,165,197,2026-09-23 01:50:20
404120,2,TIME K신재생에너지액티브,24570,5,-35,-0.14,24573.0,-21.5027,706,17,197,2026-09-23 01:50:20
304760,1,HANARO KRX300,48850,2,135,0.28,48810.0,-23.4604,27,1,195,2026-09-23 01:50:20
379790,4,RISE 유로스탁스50(H),16990,3,0,0.0,17178.0,-0.6433,3934,66,195,2026-09-23 01:50:20
284980,2,RISE 200금융,22630,5,-240,-1.05,22648.0,1.3066,2079,47,195,2026-09-23 01:50:20
0198B0,2,1Q 삼성전자선물단일종목레버리지,13015,2,445,3.54,13048.0,-53.7102,16179,212,193,2026-09-23 01:50:20
228820,1,TIGER KTOP30,19170,3,0,0.0,19178.0,-20.5495,5019,96,192,2026-09-23 01:50:20
461910,4,PLUS 미국테크TOP10레버리지(합성),38290,5,-465,-1.2,38167.0,-8.6291,129,4,191,2026-09-23 01:50:20
404260,2,KODEX 기후변화솔루션,23930,2,240,1.01,23764.0,-18.417,135,3,191,2026-09-23 01:50:20
183710,7,RISE 주식혼합,95575,2,385,0.4,95265.0,-18.2638,268,25,191,2026-09-23 01:50:20
229720,1,KODEX KTOP30,38090,2,275,0.73,38005.0,-21.5503,211,8,190,2026-09-23 01:50:20
497780,4,KoAct 미국천연가스인프라액티브,9970,5,-195,-1.92,9920.0,-10.8874,17271,171,189,2026-09-23 01:50:20
487950,4,KODEX 대만테크고배당다우존스,13055,5,-155,-1.17,12909.0,-11.4133,5098,66,189,2026-09-23 01:50:20
276000,4,TIGER 글로벌자원생산기업(합성 H),20910,2,265,1.28,20858.0,7.4421,784,16,188,2026-09-23 01:50:20
213630,4,PLUS 미국다우존스고배당주(합성 H),20245,5,-210,-1.03,20292.0,3.0478,900,18,186,2026-09-23 01:50:20
445690,2,BNK 주주가치액티브,31040,2,155,0.5,30783.0,-15.6724,3,0,186,2026-09-23 01:50:20
0104P0,2,TIGER 코리아배당다우존스위클리커버드콜,10885,5,-55,-0.5,10883.0,1.2837,2269,24,185,2026-09-23 01:50:20
0144M0,4,KODEX 미국드론UAM TOP10,6715,2,60,0.9,6703.0,-26.5453,4123,27,185,2026-09-23 01:50:20
445910,2,TIGER MKF배당귀족,20445,2,55,0.27,20421.0,-0.7707,15863,327,184,2026-09-23 01:50:20
461900,4,PLUS 미국테크TOP10,22970,5,-85,-0.37,22931.0,-3.737,423,9,184,2026-09-23 01:50:20
0018Z0,4,RISE 미국양자컴퓨팅,18315,2,255,1.41,18017.0,-16.2863,2883,52,183,2026-09-23 01:50:20
227830,1,PLUS 코스피,73200,2,485,0.67,72950.0,-22.601,6,0,183,2026-09-23 01:50:20
225060,4,TIGER 이머징마켓MSCI레버리지(합성 H),17205,2,170,1.0,17311.0,-7.1916,120,2,182,2026-09-23 01:50:20
407310,1,HANARO 200 TOP10,16550,5,-155,-0.93,16542.0,-21.2409,3086,51,182,2026-09-23 01:50:20
381560,2,HANARO Fn전기&수소차,17200,5,-25,-0.15,17130.0,-19.6242,75,1,181,2026-09-23 01:50:20
391670,1,HK 베스트일레븐액티브,30100,2,315,1.06,29891.0,-27.7414,101,3,181,2026-09-23 01:50:20
0223A0,2,RISE 코스닥커버드콜액티브,11260,2,95,0.85,11260.0,,141300,1595,180,2026-09-23 01:50:20
0065G0,4,KODEX 차이나테크TOP10,8335,5,-165,-1.94,8361.0,-11.7881,737,6,179,2026-09-23 01:50:20
449580,7,RISE 테슬라애플아마존채권혼합,16270,5,-15,-0.09,16224.0,-2.0113,2343,38,179,2026-09-23 01:50:20
292050,1,RISE KRX300,50955,2,170,0.33,50987.0,-24.1789,40,2,178,2026-09-23 01:50:20
289260,2,TIGER MSCI KOREA ESG리더스,29570,2,110,0.37,29569.0,-22.7482,4779,143,177,2026-09-23 01:50:20
415760,4,SOL 차이나육성산업액티브(합성),13010,5,-70,-0.54,13181.0,-22.9229,6306,81,177,2026-09-23 01:50:20
195920,4,TIGER 일본TOPIX(합성 H),35350,2,80,0.23,35264.0,0.6851,19,0,177,2026-09-23 01:50:20
385600,2,ACE 2차전지&친환경차액티브,11525,5,-30,-0.26,11530.0,-18.7413,1941,22,173,2026-09-23 01:50:20
0086C0,7,TIGER 리츠부동산인프라10채권혼합액티브,9830,2,20,0.2,9824.0,0.4577,1274,12,172,2026-09-23 01:50:20
0105D0,2,SOL 한국AI소프트웨어,9025,5,-125,-1.37,9032.0,-11.8498,10947,99,171,2026-09-23 01:50:20
0203R0,6,WON 중단기종합채권(A-이상)액티브,50400,3,0,0.0,50451.0,0.5887,0,0,171,2026-09-23 01:50:20
468370,6,KODEX iShares미국인플레이션국채액티브,10255,5,-60,-0.58,10248.0,-13.1867,15037,154,171,2026-09-23 01:50:20
460660,4,RISE 미국S&P배당킹,11325,2,20,0.18,11271.0,-8.5831,1434,16,170,2026-09-23 01:50:20
457690,6,KODEX 33-06 국고채액티브,10475,2,30,0.29,10470.0,-0.0957,102,1,170,2026-09-23 01:50:20
0233N0,4,RISE 글로벌AI낸드메모리반도체,11235,2,335,3.07,11276.0,,31438,354,169,2026-09-23 01:50:20
477490,4,에셋플러스 글로벌일등기업포커스10액티브,18705,2,10,0.05,18637.0,-16.7817,23,0,168,2026-09-23 01:50:20
474920,4,에셋플러스 차이나일등기업포커스10액티브,17830,5,-195,-1.08,17829.0,-15.0766,15,0,168,2026-09-23 01:50:20
483330,4,ACE 마이크로소프트밸류체인액티브,15180,5,-145,-0.95,15163.0,2.1666,2808,42,167,2026-09-23 01:50:20
419650,4,PLUS 글로벌수소&차세대연료전지,5050,2,20,0.4,4952.0,-28.2454,4882,24,167,2026-09-23 01:50:20
250730,4,RISE 차이나HSCEI(H),9690,5,-180,-1.82,9832.0,6.9339,1373,13,165,2026-09-23 01:50:20
451600,6,PLUS 국고채30년액티브,84145,5,-195,-0.23,84066.0,-3.9189,1710,144,163,2026-09-23 01:50:20
130680,5,TIGER 원유선물Enhanced(H),7680,5,-285,-3.58,7679.0,30.147,16660,127,161,2026-09-23 01:50:20
332620,6,PLUS 미국장기우량회사채,86125,5,-360,-0.42,86024.0,-15.1394,129,11,161,2026-09-23 01:50:20
131890,2,ACE 삼성그룹동일가중,39975,2,15,0.04,39837.0,-10.913,44,1,160,2026-09-23 01:50:20
219390,4,RISE 미국S&P원유생산기업(합성 H),7915,5,-135,-1.68,8003.0,20.2389,11812,93,158,2026-09-23 01:50:20
0193K0,2,PLUS 삼성전자단일종목레버리지,13750,2,525,3.97,13863.0,-52.6071,7974,110,158,2026-09-23 01:50:20
265690,4,ACE 러시아MSCI(합성),8535,3,0,0.0,48.0,0.0,0,0,158,2026-09-23 01:50:20
413930,2,WON AI ESG액티브,28455,2,240,0.85,28421.0,-25.9741,32,0,157,2026-09-23 01:50:20
432840,4,HANARO 미국S&P500,19525,5,-75,-0.38,19504.0,-8.1895,1400,27,156,2026-09-23 01:50:20
0207Z0,4,KIWOOM 미국우주데이터센터인프라,7245,2,70,0.98,7255.0,-25.7247,5070,36,156,2026-09-23 01:50:20
494420,2,PLUS 미국배당증가성장주데일리커버드콜,8615,5,-90,-1.03,8592.0,-11.7162,3221,27,155,2026-09-23 01:50:20
491510,2,파워 K-주주가치액티브,17795,5,-15,-0.08,17825.0,0.4732,16,0,151,2026-09-23 01:50:20
337150,2,KODEX 200exTOP,25100,5,-110,-0.44,25061.0,-15.9844,8,0,151,2026-09-23 01:50:20
114460,6,ACE 국고채3년,99980,2,55,0.06,100050.0,0.3432,44,4,150,2026-09-23 01:50:20
0222F0,2,마이티 AI데이터센터밸류체인,13005,5,-200,-1.51,12980.0,,1150,15,150,2026-09-23 01:50:20
236350,4,TIGER 인도니프티50레버리지(합성),24115,5,-255,-1.05,24223.0,-31.1971,269,6,150,2026-09-23 01:50:20
484890,6,SOL 머니마켓액티브,52645,2,15,0.03,52637.0,0.7272,6141,323,150,2026-09-23 01:50:20
0051A0,4,KoAct 브로드컴밸류체인액티브,24710,2,250,1.02,24758.0,-19.3272,1066,26,148,2026-09-23 01:50:20
488290,4,MIDAS 일본테크액티브,42280,5,-300,-0.7,41979.0,-31.7246,647,27,148,2026-09-23 01:50:20
453010,7,PLUS KOFR금리,110060,2,25,0.02,110052.0,0.677,14171,1559,147,2026-09-23 01:50:20
387280,2,TIGER 퓨처모빌리티액티브,11600,2,20,0.17,11610.0,-20.4124,1952,22,147,2026-09-23 01:50:20
244620,2,KODEX 모멘텀Plus,20830,2,95,0.46,20827.0,-21.3243,347,7,146,2026-09-23 01:50:20
104520,2,KIWOOM 블루칩,14450,5,-130,-0.89,14440.0,-8.6238,15,0,145,2026-09-23 01:50:20
0084E0,7,KIWOOM 미국대형주500월간목표헤지액티브,9935,5,-115,-1.14,9963.0,-11.1584,361,3,144,2026-09-23 01:50:20
234310,2,RISE V&S셀렉트밸류,28660,2,30,0.1,28690.0,-10.629,19,0,143,2026-09-23 01:50:20
453630,4,KODEX 미국S&P500필수소비재,11845,2,40,0.34,11856.0,-11.4012,956,11,142,2026-09-23 01:50:20
404650,2,SOL KRX기후변화솔루션,23645,2,90,0.38,23561.0,-19.3557,2,0,142,2026-09-23 01:50:20
496130,1,TRUSTON 코리아밸류업액티브,26050,2,405,1.58,25957.0,-22.8374,9,0,141,2026-09-23 01:50:20
438900,2,HANARO Fn K-푸드,10745,5,-75,-0.69,10749.0,4.3847,10372,111,140,2026-09-23 01:50:20
485810,4,TIME 글로벌바이오액티브,11620,2,80,0.69,11620.0,7.4487,509,5,139,2026-09-23 01:50:20
0153P0,2,ACE 리츠부동산인프라액티브,9515,5,-15,-0.16,9507.0,2.4696,461,4,138,2026-09-23 01:50:20
0088N0,2,WON K-글로벌수급상위,11035,5,-15,-0.14,11031.0,-13.8738,4337,48,138,2026-09-23 01:50:20
373490,2,KODEX 코리아혁신성장액티브,24870,5,-30,-0.12,24840.0,-24.0738,16,0,137,2026-09-23 01:50:20
137610,5,TIGER 농산물선물Enhanced(H),5905,5,-45,-0.76,5896.0,17.0108,2805,16,136,2026-09-23 01:50:20
417450,4,RISE 글로벌수소경제,15930,2,105,0.66,15856.0,-22.0232,453,7,135,2026-09-23 01:50:20
487750,2,BNK 온디바이스AI,33845,2,135,0.4,33845.0,-24.2472,3923,133,135,2026-09-23 01:50:20
472720,1,TRUSTON 주주가치액티브,25895,5,-5,-0.02,25855.0,-16.9739,210,5,135,2026-09-23 01:50:20
0127V0,4,KIWOOM 미국S&P500 TOP10&배당다우비중전환,10750,5,-30,-0.28,10720.0,-4.923,347,3,134,2026-09-23 01:50:20
0090B0,2,PLUS K방산소부장,6880,5,-125,-1.78,6897.0,-21.2922,44717,310,134,2026-09-23 01:50:20
102960,2,KODEX 기계장비,13360,5,-170,-1.26,13342.0,-19.9172,2858,38,134,2026-09-23 01:50:20
453820,4,KODEX 인도Nifty50레버리지(합성),10200,5,-185,-1.78,10260.0,-28.7479,776,7,133,2026-09-23 01:50:20
0194R0,2,KIWOOM SK하이닉스선물단일종목레버리지,9780,2,180,1.88,9807.0,-73.4323,2810,27,132,2026-09-23 01:50:20
0013P0,4,RISE 미국은행TOP10,11890,5,-405,-3.29,11826.0,-9.4243,6759,80,131,2026-09-23 01:50:20
0127T0,4,KIWOOM 미국S&P500&배당다우존스비중전환,10865,5,-75,-0.69,10842.0,-7.196,542,5,130,2026-09-23 01:50:20
0004G0,4,1Q 미국배당TOP30,8625,5,-15,-0.17,8569.0,-8.3857,2481,21,129,2026-09-23 01:50:20
0208N0,1,IBK 코스피액티브,7835,2,40,0.51,7831.0,,1129,8,129,2026-09-23 01:50:20
279540,2,KODEX 최소변동성,21380,2,110,0.52,21381.0,-15.9925,51,1,128,2026-09-23 01:50:20
363510,6,SOL KIS단기통안채,112305,3,0,0.0,112300.0,0.5866,0,0,128,2026-09-23 01:50:20
0028X0,4,KODEX 미국금융테크액티브,11100,5,-170,-1.51,11122.0,-2.0514,1227,13,128,2026-09-23 01:50:20
0015F0,7,KIWOOM 팔란티어미국30년국채혼합액티브(H),10615,2,35,0.33,10618.0,5.693,2695,28,127,2026-09-23 01:50:20
272570,6,RISE 중장기국공채액티브,107680,2,150,0.14,107705.0,0.2984,1,0,127,2026-09-23 01:50:20
166400,3,TIGER 200커버드콜OTM,25295,2,95,0.38,25365.0,2.6367,122,3,126,2026-09-23 01:50:20
489860,4,KIWOOM 글로벌전력GRID인프라,14875,2,105,0.71,14798.0,-17.9436,329,4,126,2026-09-23 01:50:20
400570,4,KODEX 유럽탄소배출권선물ICE(H),11910,2,60,0.51,11886.0,6.9494,316,3,126,2026-09-23 01:50:20
140710,2,KODEX 운송,6630,5,-40,-0.6,6629.0,8.4305,3046,20,126,2026-09-23 01:50:20
300610,2,TIGER K게임,5350,5,-25,-0.47,5346.0,-4.3595,32223,173,126,2026-09-23 01:50:20
410870,2,TIME K컬처액티브,8955,5,-45,-0.5,8956.0,-14.1222,907,8,125,2026-09-23 01:50:20
409810,4,KODEX 미국나스닥100선물인버스(H),5315,5,-35,-0.65,5314.0,-0.4652,10668,56,125,2026-09-23 01:50:20
0104G0,2,PLUS K방산레버리지,5375,5,-210,-3.76,5376.0,-47.2367,33625,185,124,2026-09-23 01:50:20
0220A0,7,KIWOOM 현대차그룹TOP3채권혼합50,8795,5,-75,-0.85,8799.0,,12656,112,123,2026-09-23 01:50:20
396510,4,TIGER 차이나클린에너지SOLACTIVE,6835,5,-45,-0.65,6854.0,-26.4958,7192,49,123,2026-09-23 01:50:20
453060,6,HANARO KOFR금리액티브(합성),111655,2,20,0.02,111606.0,0.7399,71,7,123,2026-09-23 01:50:20
435550,7,KIWOOM TDF2050액티브 적격,17495,5,-75,-0.43,17471.0,-11.1441,205,3,122,2026-09-23 01:50:20
360150,2,KODEX 코스닥150롱코스피200숏선물,2970,5,-10,-0.34,2966.0,0.846,31607,92,122,2026-09-23 01:50:20
290080,3,RISE 200고배당커버드콜ATM,7340,2,20,0.27,7270.0,32.2905,34098,251,121,2026-09-23 01:50:20
457700,6,KODEX 53-09 국고채액티브,9145,2,55,0.61,9151.0,-4.2655,132,1,121,2026-09-23 01:50:20
251590,2,PLUS 고배당저변동50,17140,2,75,0.44,17135.0,3.5818,185,3,120,2026-09-23 01:50:20
395760,2,PLUS ESG성장주액티브,21810,3,0,0.0,21943.0,-20.8349,0,0,120,2026-09-23 01:50:20
140580,2,RISE 우량업종대표주,23960,5,-200,-0.83,23993.0,-15.6278,13,0,120,2026-09-23 01:50:20
404540,2,TIGER KRX기후변화솔루션,23910,2,115,0.48,23763.0,-18.5813,4762,115,120,2026-09-23 01:50:20
0203D0,7,PLUS 200위클리커버드콜채권혼합,9095,2,15,0.17,9120.0,-12.7035,14754,134,118,2026-09-23 01:50:20
332610,6,PLUS 미국단기회사채(AAA~A),122455,5,-645,-0.52,122545.0,-11.3224,47,5,118,2026-09-23 01:50:20
282000,3,RISE 국고채3년선물인버스,115240,5,-155,-0.13,115267.0,0.7112,1,0,118,2026-09-23 01:50:20
0193L0,2,PLUS 삼성전자선물단일종목인버스2X,7660,5,-325,-4.07,7629.0,-31.723,626653,4743,116,2026-09-23 01:50:20
453660,4,KODEX 미국S&P500경기소비재,16405,5,-100,-0.61,16408.0,-14.0886,198,3,115,2026-09-23 01:50:20
0000H0,2,KODEX 인도Nifty미드캡100,9960,5,-80,-0.8,9965.0,-14.4718,371,3,115,2026-09-23 01:50:20
266410,2,KODEX 필수소비재,9520,5,-55,-0.57,9527.0,10.4794,5790,55,114,2026-09-23 01:50:20
428560,4,KODEX 미국ETF산업Top10 Indxx,15135,5,-295,-1.91,15080.0,-3.0269,615,9,114,2026-09-23 01:50:20
269370,4,TIGER S&P글로벌인프라(합성),16195,5,-125,-0.77,16123.0,-15.6009,121,1,113,2026-09-23 01:50:20
435040,4,ACE 글로벌브랜드TOP10,18860,5,-255,-1.33,18798.0,-6.9762,99,1,113,2026-09-23 01:50:20
269530,4,PLUS S&P글로벌인프라,18850,5,-145,-0.76,18808.0,-15.3521,775,14,113,2026-09-23 01:50:20
430500,7,KIWOOM 물가채KIS,112865,2,130,0.12,112691.0,-0.5426,511,57,113,2026-09-23 01:50:20
354240,7,RISE 미국고정배당우선증권,10195,5,-65,-0.63,10120.0,-14.3216,207,2,112,2026-09-23 01:50:20
407820,2,에셋플러스 코리아플랫폼액티브,6175,5,-10,-0.16,6156.0,-18.3499,42631,265,111,2026-09-23 01:50:20
0224D0,4,KIWOOM 미국CPU반도체TOP4+,11100,2,110,1.0,11168.0,,42000,468,111,2026-09-23 01:50:20
448490,6,HANARO 32-10 국고채액티브,52740,2,55,0.1,52770.0,-0.3971,20,1,111,2026-09-23 01:50:20
252650,1,KODEX 200동일가중,18340,5,-130,-0.7,18366.0,-4.8737,817,14,110,2026-09-23 01:50:20
0093B0,4,RISE 엔비디아고정테크100,12850,2,5,0.04,12807.0,-6.9816,948,12,109,2026-09-23 01:50:20
0002C0,4,에셋플러스 인도일등기업포커스20액티브,10010,5,-120,-1.18,10071.0,-5.9425,530,5,108,2026-09-23 01:50:20
419420,4,KODEX 미국클린에너지나스닥,8865,2,75,0.85,8840.0,-31.3974,362,3,106,2026-09-23 01:50:20
446700,2,RISE 배터리 리사이클링,10205,5,-5,-0.05,10212.0,-7.7271,914,9,106,2026-09-23 01:50:20
310080,4,RISE 중국MSCI China(H),9210,5,-60,-0.65,9178.0,2.7146,721,6,106,2026-09-23 01:50:20
280920,2,PLUS 주도업종,23495,5,-45,-0.19,23329.0,-22.1175,1,0,106,2026-09-23 01:50:20
451150,4,에셋플러스 글로벌영에이지액티브,17025,5,-115,-0.67,16949.0,-11.2378,8,0,106,2026-09-23 01:50:20
0068M0,4,KODEX 미국S&P500버퍼6월액티브,11710,3,0,0.0,11643.0,-7.7227,0,0,105,2026-09-23 01:50:20
0227L0,4,HANARO 미국에이전틱AI TOP2+,10480,5,-175,-1.64,10460.0,,35352,371,105,2026-09-23 01:50:20
0191S0,1,IBK 코스닥150,14130,2,55,0.39,14124.0,-20.0285,323,4,105,2026-09-23 01:50:20
0216Z0,2,ACE K방산TOP5+,8700,5,-175,-1.97,8710.0,,9971,87,104,2026-09-23 01:50:20
0219B0,2,KoAct 광통신&위성네트워크액티브,12270,5,-10,-0.08,12287.0,,60876,752,104,2026-09-23 01:50:20
0189Z0,2,DAISHIN 금융&지주고배당,10365,2,5,0.05,10333.0,4.9112,212,2,104,2026-09-23 01:50:20
0113G0,4,KoAct 미국바이오헬스케어액티브,11470,2,190,1.68,11487.0,7.3774,561,6,103,2026-09-23 01:50:20
464610,2,SOL 의료기기소부장Fn,6660,5,-20,-0.3,6662.0,-17.429,1335,8,103,2026-09-23 01:50:20
291130,4,ACE MSCI멕시코(합성),17140,2,5,0.03,17291.0,-14.9206,18,0,103,2026-09-23 01:50:20
140570,2,RISE 수출주,25690,5,-240,-0.93,25720.0,-11.9675,92,2,103,2026-09-23 01:50:20
463640,4,KODEX 미국S&P500유틸리티,12815,5,-10,-0.08,12727.0,-17.9277,1475,18,103,2026-09-23 01:50:20
371870,4,ACE 차이나항셍테크,6385,5,-70,-1.08,6356.0,-13.4719,576,3,102,2026-09-23 01:50:20
237440,7,TIGER 경기방어채권혼합,10155,2,5,0.05,10145.0,0.7444,1939,19,102,2026-09-23 01:50:20
385710,2,TIME K이노베이션액티브,10065,5,-45,-0.45,10067.0,-27.3968,588,5,101,2026-09-23 01:50:20
460270,6,KIWOOM 미국달러SOFR금리액티브(합성),12320,5,-60,-0.48,12306.0,-10.7427,64,0,100,2026-09-23 01:50:20
0094L0,4,RISE 차이나테크TOP10위클리타겟커버드콜,7065,2,5,0.07,7045.0,-15.3731,925,6,99,2026-09-23 01:50:20
181480,7,ACE 미국부동산리츠(합성 H),81995,5,-55,-0.07,81922.0,-0.722,75,6,98,2026-09-23 01:50:20
0194N0,2,KIWOOM 삼성전자선물단일종목레버리지,12600,2,385,3.15,12682.0,-52.5185,6996,89,98,2026-09-23 01:50:20
230480,7,KIWOOM 미국달러선물인버스2X,4855,2,115,2.43,4854.0,26.0638,3987,19,98,2026-09-23 01:50:20
463690,4,KODEX 미국S&P500커뮤니케이션,17735,5,-325,-1.8,17747.0,-6.4861,479,8,98,2026-09-23 01:50:20
0174R0,4,KIWOOM 미국성장다우존스,11380,2,5,0.04,11337.0,-5.2037,1094,12,97,2026-09-23 01:50:20
139240,2,TIGER 200 철강소재,10970,5,-250,-2.23,10962.0,3.6968,29033,325,97,2026-09-23 01:50:20
281990,2,RISE 중소형고배당,17530,5,-180,-1.02,17559.0,3.1596,37,0,96,2026-09-23 01:50:20
482030,2,KoAct 반도체&2차전지핵심소재액티브,9165,2,80,0.88,9163.0,-19.3878,5390,49,96,2026-09-23 01:50:20
0120J0,2,BNK 카카오그룹포커스,7675,5,-10,-0.13,7668.0,-3.2725,11253,86,96,2026-09-23 01:50:20
429010,4,TIGER 미국나스닥넥스트100,19100,5,-50,-0.26,19065.0,-11.9541,98,1,96,2026-09-23 01:50:20
0242S0,2,파워 SK그룹,10605,2,130,1.24,10600.0,,43557,465,95,2026-09-23 01:50:20
0001P0,2,마이티 바이오시밀러&CDMO액티브,8505,2,25,0.29,8484.0,-10.4541,669,5,95,2026-09-23 01:50:20
487910,4,ACE 인도컨슈머파워액티브,7920,5,-90,-1.12,7928.0,-13.4522,193,1,95,2026-09-23 01:50:20
117690,4,TIGER 차이나항셍30,18895,5,-295,-1.54,18876.0,-5.6539,580,11,94,2026-09-23 01:50:20
0227K0,4,RISE 미국우주위성통신,9340,2,95,1.03,9352.0,,713,6,93,2026-09-23 01:50:20
399580,4,RISE 글로벌클린에너지,9295,5,-45,-0.48,9308.0,-23.7745,1031,9,93,2026-09-23 01:50:20
461580,1,TIGER 코스닥글로벌,15435,5,-10,-0.06,15422.0,-16.8283,5404,84,93,2026-09-23 01:50:20
354350,4,HANARO 글로벌럭셔리S&P(합성),17765,5,-95,-0.53,17762.0,-20.4455,797,14,92,2026-09-23 01:50:20
498050,2,HANARO 바이오코리아액티브,9720,2,35,0.36,9710.0,-19.7265,2315,22,92,2026-09-23 01:50:20
341850,7,TIGER 리츠부동산인프라채권,4595,5,-15,-0.33,4594.0,2.8947,554,2,92,2026-09-23 01:50:20
301400,1,PLUS 코스닥150,14105,2,70,0.5,14147.0,-19.9829,3767,53,92,2026-09-23 01:50:20
456250,4,KODEX 유럽명품TOP10 STOXX,7895,5,-50,-0.63,7868.0,-20.6735,3620,28,91,2026-09-23 01:50:20
0084D0,7,KIWOOM 미국테크100월간목표헤지액티브,11310,5,-40,-0.35,11315.0,-11.9299,6,0,90,2026-09-23 01:50:20
494180,4,TIME 글로벌소비트렌드액티브,12825,5,-130,-1.0,12812.0,-8.0228,42,0,90,2026-09-23 01:50:20
266390,2,KODEX 경기소비재,14860,5,-225,-1.49,14845.0,-7.4002,452,6,89,2026-09-23 01:50:20
375270,7,RISE 글로벌데이터센터리츠(합성),13650,3,0,0.0,13586.0,-18.9671,45,0,89,2026-09-23 01:50:20
105010,4,TIGER 라틴35,6335,5,-15,-0.24,6318.0,-8.2025,2063,13,89,2026-09-23 01:50:20
0216K0,7,KIWOOM 미국우주테크TOP2채권혼합50,8865,2,60,0.68,8903.0,,4710,41,89,2026-09-23 01:50:20
497510,4,ACE 글로벌빅파마,12660,5,-15,-0.12,12660.0,-1.9627,297,3,89,2026-09-23 01:50:20
0133E0,4,TIGER 차이나증권,8435,5,-55,-0.65,8381.0,-15.8573,147,1,89,2026-09-23 01:50:20
0184N0,7,PLUS 은채권혼합,8820,2,100,1.15,8848.0,-5.7807,15080,133,88,2026-09-23 01:50:20
0067Y0,4,TIGER 차이나AI소프트웨어,9735,5,-215,-2.16,9731.0,-30.8548,530,5,88,2026-09-23 01:50:20
395150,2,KODEX 웹툰&드라마,1824,5,-7,-0.38,1826.0,-1.7704,872,1,88,2026-09-23 01:50:20
252000,1,TIGER 200동일가중,19390,2,35,0.18,19221.0,-4.175,19529,381,87,2026-09-23 01:50:20
217780,4,TIGER 차이나CSI300인버스(합성),5615,2,55,0.99,5679.0,21.9298,10584,59,87,2026-09-23 01:50:20
466810,2,BNK 2차전지양극재,5775,5,-5,-0.09,5773.0,-11.2136,21761,127,87,2026-09-23 01:50:20
270800,2,RISE KQ고배당,15715,2,185,1.19,15671.0,-4.4206,68,1,86,2026-09-23 01:50:20
0226G0,2,WON 피지컬AI TOP2플러스액티브,12335,3,0,0.0,12337.0,,674,8,86,2026-09-23 01:50:20
215620,2,HK S&P코리아로우볼,15890,3,0,0.0,16006.0,2.2193,0,0,86,2026-09-23 01:50:20
0221Z0,2,ACE K바이오코스닥액티브,9030,2,130,1.46,9021.0,,1683,15,86,2026-09-23 01:50:20
0008E0,4,ACE 미국중심중소형제조업,11380,5,-45,-0.39,11418.0,-27.5294,3427,38,85,2026-09-23 01:50:20
429980,7,SOL 한국형글로벌전기차&2차전지액티브,16965,2,90,0.53,17027.0,-22.2351,188,3,85,2026-09-23 01:50:20
435540,7,KIWOOM TDF2040액티브 적격,16960,5,-95,-0.56,16933.0,-11.0338,3201,54,85,2026-09-23 01:50:20
457930,2,BNK 미래전략기술액티브,28200,2,120,0.43,27788.0,-17.8347,33,0,85,2026-09-23 01:50:20
395750,2,PLUS ESG가치주액티브,21050,5,-40,-0.19,20977.0,-21.7004,7,0,84,2026-09-23 01:50:20
449680,7,TIGER 한중전기차(합성),9900,5,-70,-0.7,9853.0,-26.3119,7,0,84,2026-09-23 01:50:20
381570,2,HANARO Fn친환경에너지,9865,2,40,0.41,9862.0,-14.7136,1586,15,84,2026-09-23 01:50:20
497520,4,ACE 일라이릴리밸류체인,12850,2,5,0.04,12856.0,1.5415,480,6,84,2026-09-23 01:50:20
0219Z0,4,HANARO 미국S&P500액티브,10400,2,10,0.1,10426.0,,1963,20,83,2026-09-23 01:50:20
182490,6,TIGER 단기선진하이일드(합성 H),13840,2,70,0.51,13794.0,-0.5418,85,1,83,2026-09-23 01:50:20
371150,4,RISE 차이나항셍테크,6370,5,-65,-1.01,6333.0,-14.0273,198,1,83,2026-09-23 01:50:20
0226D0,7,FOCUS 금융반도체지주채권혼합50액티브,10350,2,80,0.78,10366.0,,576,5,83,2026-09-23 01:50:20
174350,2,TIGER 로우볼,20625,5,-95,-0.46,20615.0,6.6339,5943,123,83,2026-09-23 01:50:20
462340,4,에셋플러스 글로벌다이나믹시니어액티브,16415,5,-115,-0.7,16297.0,-2.4204,2,0,82,2026-09-23 01:50:20
0215T0,4,HANARO 미국AI광통신TOP10,9045,5,-10,-0.11,9057.0,,9030,82,81,2026-09-23 01:50:20
395280,2,HANARO Fn K-게임,3390,5,-55,-1.6,3389.0,-6.3859,53,0,80,2026-09-23 01:50:20
0214M0,2,MIDAS 바이오헬스케어액티브,9350,2,10,0.11,9392.0,,105,0,79,2026-09-23 01:50:20
480460,7,WON 한국부동산TOP3플러스,9245,2,60,0.65,9237.0,1.9778,84,0,79,2026-09-23 01:50:20
189400,4,PLUS 글로벌MSCI(합성 H),26075,2,185,0.71,26026.0,1.5095,9,0,78,2026-09-23 01:50:20
227550,2,TIGER 200 산업재,12150,5,-240,-1.94,12167.0,-5.8869,12502,154,78,2026-09-23 01:50:20
0176P0,2,FOCUS AI반도체위클리고정커버드콜,13920,2,210,1.53,13926.0,-21.8462,14941,209,77,2026-09-23 01:50:20
438740,2,MIDAS 중소형액티브,33905,5,-295,-0.86,33884.0,-14.0812,19,0,76,2026-09-23 01:50:20
261110,7,TIGER 미국달러선물레버리지,15250,5,-300,-1.93,15251.0,-21.026,3289,50,76,2026-09-23 01:50:20
285690,2,FOCUS ESG리더스,21750,2,65,0.3,21531.0,-12.2598,4,0,76,2026-09-23 01:50:20
494210,4,SOL 미국500타겟데일리커버드콜액티브,10760,5,-60,-0.55,10757.0,-7.8686,938,10,75,2026-09-23 01:50:20
435530,7,KIWOOM TDF2030액티브 적격,15015,5,-10,-0.07,14996.0,-11.1616,56,0,75,2026-09-23 01:50:20
487920,4,ACE 인도시장대표BIG5그룹액티브,7470,5,-70,-0.93,7481.0,-15.8483,283,2,75,2026-09-23 01:50:20
139660,7,KIWOOM 미국달러선물인버스,8585,2,45,0.53,8604.0,13.1125,29,0,75,2026-09-23 01:50:20
304670,6,KODEX 미국30년국채울트라선물인버스(H),12435,5,-20,-0.16,12440.0,5.1942,12,0,75,2026-09-23 01:50:20
227570,2,TIGER 우량가치,20715,5,-210,-1.0,20696.0,3.5378,3016,63,75,2026-09-23 01:50:20
0172Y0,2,ACE K수출핵심TOP10산업액티브,9280,5,-180,-1.9,9281.0,-21.5914,1788,16,74,2026-09-23 01:50:20
0094X0,4,1Q 샤오미밸류체인액티브,8235,5,-55,-0.66,8239.0,-10.8288,3558,29,74,2026-09-23 01:50:20
0218K0,2,BNK 스마트카,10465,5,-110,-1.04,10430.0,,29,0,73,2026-09-23 01:50:20
225800,7,KIWOOM 미국달러선물레버리지,14355,5,-285,-1.95,14339.0,-20.8863,1079,15,73,2026-09-23 01:50:20
0005C0,6,RISE 미국S&P500엔화노출(합성 H),11260,2,20,0.18,11149.0,-5.9808,138,1,73,2026-09-23 01:50:20
256450,4,PLUS 심천차이넥스트(합성),14540,5,-235,-1.59,14628.0,-29.9764,1022,14,73,2026-09-23 01:50:20
437370,4,RISE 글로벌농업경제,10355,5,-95,-0.91,10395.0,-3.4785,1609,16,72,2026-09-23 01:50:20
225050,4,TIGER 유로스탁스레버리지(합성 H),16065,2,85,0.53,16056.0,-0.2497,57,0,72,2026-09-23 01:50:20
0138D0,2,RISE 동학개미,13140,2,85,0.65,13135.0,-21.6387,87,1,72,2026-09-23 01:50:20
402460,2,HANARO Fn K-메타버스MZ,14425,5,-40,-0.28,14411.0,-14.8885,358,5,72,2026-09-23 01:50:20
315270,2,TIGER 200커뮤니케이션서비스,18760,5,-120,-0.64,18740.0,-7.193,10,0,71,2026-09-23 01:50:20
253280,2,RISE 헬스케어,11775,5,-30,-0.25,11775.0,-11.8702,219,2,71,2026-09-23 01:50:20
488480,4,RISE 일본섹터TOP4Plus,12755,5,-60,-0.47,12701.0,-11.3323,118,1,70,2026-09-23 01:50:20
244670,2,KODEX 밸류Plus,11555,2,20,0.17,11532.0,2.6415,54,0,69,2026-09-23 01:50:20
0082F0,4,HANARO 유럽방산,9900,5,-100,-1.0,9852.0,-9.3382,995,9,69,2026-09-23 01:50:20
400590,4,SOL 글로벌탄소배출권선물ICE(합성),13770,5,-50,-0.36,13727.0,-9.7912,1,0,69,2026-09-23 01:50:20
450180,7,KODEX 한중전기차(합성),10285,3,0,0.0,10132.0,-25.3629,1,0,67,2026-09-23 01:50:20
289670,6,PLUS 국채선물10년,52010,2,145,0.28,51947.0,-0.5466,91,4,67,2026-09-23 01:50:20
0047N0,4,PLUS 차이나AI테크TOP10,9420,5,-30,-0.32,9402.0,-13.1434,155,1,66,2026-09-23 01:50:20
250780,3,TIGER 코스닥150선물인버스,2440,3,0,0.0,2436.0,11.6704,67155,161,66,2026-09-23 01:50:20
176950,6,KODEX 국채선물10년인버스,60790,5,-5,-0.01,60731.0,1.5959,13,0,66,2026-09-23 01:50:20
0036Z0,4,RISE 미국천연가스밸류체인,11890,5,-110,-0.92,11843.0,-9.0118,3236,38,65,2026-09-23 01:50:20
138920,5,KODEX 콩선물(H),13075,5,-20,-0.15,13067.0,15.2221,18,0,65,2026-09-23 01:50:20
139290,2,TIGER 200 경기소비재,23245,5,-215,-0.92,23197.0,-22.7273,15722,369,65,2026-09-23 01:50:20
326230,2,RISE 내수주플러스,10825,5,-75,-0.69,10845.0,-4.9281,120,1,65,2026-09-23 01:50:20
456200,6,PLUS 미국달러SOFR금리액티브(합성),58630,5,-420,-0.71,58598.0,-10.7737,84,4,64,2026-09-23 01:50:20
0191B0,1,MIDAS 코스닥액티브,31800,2,455,1.45,31860.0,-17.0329,1240,39,64,2026-09-23 01:50:20
429740,7,PLUS K리츠,6170,2,50,0.82,6176.0,1.0065,199,1,62,2026-09-23 01:50:20
469530,3,RISE 미국달러선물인버스,9615,2,65,0.68,9635.0,13.0846,523,5,62,2026-09-23 01:50:20
316300,7,ACE 싱가포르리츠,12245,2,5,0.04,12270.0,-14.0378,340,4,61,2026-09-23 01:50:20
400580,4,SOL 유럽탄소배출권선물S&P(H),12200,2,45,0.37,12236.0,7.5663,12,0,61,2026-09-23 01:50:20
368680,2,KODEX K-뉴딜디지털플러스,7550,5,-95,-1.24,7549.0,-5.8981,78,0,60,2026-09-23 01:50:20
451670,6,RISE 국채30년레버리지(합성),12035,2,160,1.35,12020.0,-11.5786,1,0,60,2026-09-23 01:50:20
0166T0,4,PLUS 글로벌저작권핵심기업액티브,9180,5,-195,-2.08,9166.0,-8.0883,4,0,60,2026-09-23 01:50:20
307510,2,TIGER 의료기기,11905,2,15,0.13,11908.0,-13.0443,8708,104,60,2026-09-23 01:50:20
433250,1,UNICORN R&D 액티브,23645,2,45,0.19,23461.0,-23.7727,13,0,59,2026-09-23 01:50:20
0053M0,2,더제이 중소형포커스액티브,12985,2,195,1.52,12897.0,-13.1115,10,0,58,2026-09-23 01:50:20
314700,2,HANARO 농업융복합산업,10600,2,80,0.76,10551.0,-6.9255,8,0,58,2026-09-23 01:50:20
483020,2,KIWOOM 의료AI,8965,2,15,0.17,8964.0,-4.9894,1764,15,58,2026-09-23 01:50:20
0087F0,4,ACE 차이나AI빅테크TOP2+액티브,11560,5,-75,-0.64,11555.0,-19.6201,379,4,58,2026-09-23 01:50:20
0114X0,4,RISE 글로벌게임테크TOP3Plus,8870,5,-130,-1.44,8847.0,5.7579,274,2,58,2026-09-23 01:50:20
407300,2,HANARO Fn골프테마,10455,3,0,0.0,10247.0,-18.6181,0,0,58,2026-09-23 01:50:20
291890,4,KODEX MSCI EM선물(H),12665,2,125,1.0,12628.0,-3.6497,34,0,57,2026-09-23 01:50:20
267450,6,RISE 미국장기국채선물인버스(H),11285,3,0,0.0,11210.0,5.6647,0,0,56,2026-09-23 01:50:20
401590,4,HANARO 글로벌탄소배출권선물ICE(합성),11020,2,50,0.46,10933.0,-10.2292,15,0,56,2026-09-23 01:50:20
0229F0,2,마이티 신약포커스바이오액티브,7925,5,-25,-0.31,7946.0,,429,3,55,2026-09-23 01:50:20
220130,4,SOL 차이나강소기업CSI500(합성 H),6910,5,-20,-0.29,6939.0,-7.8458,2638,18,55,2026-09-23 01:50:20
432600,6,RISE 국채선물3년,55195,2,25,0.05,55211.0,0.4095,1,0,55,2026-09-23 01:50:20
219900,4,ACE 중국본토CSI300레버리지(합성),3940,5,-60,-1.5,3936.0,-35.7946,196,0,55,2026-09-23 01:50:20
0184V0,2,UNICORN K바이오액티브,5215,2,60,1.16,5209.0,-30.8518,13409,70,55,2026-09-23 01:50:20
238670,7,PLUS 스마트베타Quality채권혼합,13545,5,-10,-0.07,13436.0,1.6497,683,9,54,2026-09-23 01:50:20
390400,4,KODEX 미국스마트모빌리티S&P,6770,5,-5,-0.07,6772.0,-23.0828,409,2,54,2026-09-23 01:50:20
470310,2,UNICORN 생성형AI강소기업액티브,18045,5,-155,-0.85,17951.0,-3.7801,8,0,54,2026-09-23 01:50:20
499150,4,SOL 미국S&P500엔화노출(H),10755,5,-100,-0.92,10758.0,-6.6101,427,4,54,2026-09-23 01:50:20
0102X0,4,ACE 유럽방산TOP10,8815,5,-165,-1.84,8813.0,-8.1221,1161,10,53,2026-09-23 01:50:20
0015E0,7,KIWOOM 엔비디아미국30년국채혼합액티브(H),10560,2,15,0.14,10583.0,-1.1205,731,7,53,2026-09-23 01:50:20
0174J0,7,DAISHIN 오피스리츠플러스,8800,2,80,0.92,8800.0,0.8669,11445,100,53,2026-09-23 01:50:20
483030,4,KIWOOM 미국블록버스터바이오테크의약품+,11530,5,-60,-0.52,11547.0,-0.0216,749,8,52,2026-09-23 01:50:20
413220,4,SOL 차이나태양광CSI(합성),4310,5,-60,-1.37,4410.0,-30.635,5944,25,52,2026-09-23 01:50:20
295000,6,RISE 국채선물10년,51260,2,255,0.5,51233.0,-0.8939,4,0,51,2026-09-23 01:50:20
476310,4,RISE 글로벌비만산업TOP2+,9205,5,-10,-0.11,9265.0,-9.9351,395,3,51,2026-09-23 01:50:20
291630,3,KIWOOM 코스닥150선물레버리지,3440,2,5,0.15,3445.0,-43.5961,46466,163,50,2026-09-23 01:50:20
0132D0,7,KoAct 글로벌K컬처밸류체인액티브,9025,5,-35,-0.39,9042.0,-2.6853,489,4,50,2026-09-23 01:50:20
0154H0,4,KoAct 차이나바이오헬스케어액티브,9025,5,-10,-0.11,9105.0,15.9076,141,1,50,2026-09-23 01:50:20
411860,4,KIWOOM 독일DAX,16270,5,-10,-0.06,16148.0,-9.9273,419,6,49,2026-09-23 01:50:20
0073X0,5,FOCUS 알리바바미국채커버드콜혼합,8800,3,0,0.0,8772.0,-13.0221,54,0,48,2026-09-23 01:50:20
0015K0,4,TIGER 미국소비트렌드액티브,6875,5,-60,-0.87,6843.0,-10.4584,48,0,48,2026-09-23 01:50:20
490330,4,KoAct 미국치매&뇌질환치료제액티브,13740,2,155,1.14,13769.0,-9.373,201,2,48,2026-09-23 01:50:20
267440,6,RISE 미국장기국채선물(H),7995,3,0,0.0,8015.0,-3.5586,21,0,48,2026-09-23 01:50:20
227560,2,TIGER 200 생활소비재,12405,5,-115,-0.92,12431.0,2.7904,14797,183,47,2026-09-23 01:50:20
498610,4,RISE 인도디지털성장,7810,3,0,0.0,7820.0,-10.0148,550,4,47,2026-09-23 01:50:20
474390,6,SOL 국고채30년액티브,40560,2,95,0.23,40498.0,-4.2136,29,1,46,2026-09-23 01:50:20
0128D0,4,PLUS 차이나항셍테크위클리타겟커버드콜,6550,5,-35,-0.53,6479.0,-13.821,533,3,46,2026-09-23 01:50:20
266550,2,PLUS 중형주저변동50,18210,5,-200,-1.09,18140.0,-0.5672,1,0,46,2026-09-23 01:50:20
0078V0,4,PLUS 미국로보택시,9095,5,-5,-0.05,9095.0,-15.9354,31,0,45,2026-09-23 01:50:20
391600,4,ACE 미국친환경그린테마,10075,5,-40,-0.4,10073.0,-22.1624,46,0,45,2026-09-23 01:50:20
488200,2,KIWOOM K-2차전지북미공급망,12550,3,0,0.0,12325.0,-13.8142,0,0,44,2026-09-23 01:50:20
205720,4,ACE 일본TOPIX인버스(합성 H),1455,2,13,0.9,1455.0,-2.171,684,0,44,2026-09-23 01:50:20
277650,2,TIGER 코스피중형주,21020,5,-40,-0.19,20944.0,-5.0068,13,0,42,2026-09-23 01:50:20
373790,4,KIWOOM 미국방어배당성장나스닥,14755,5,-190,-1.27,14750.0,-8.7077,315,4,41,2026-09-23 01:50:20
334690,5,RISE 팔라듐선물(H),5875,2,40,0.69,5870.0,-0.5116,3727,21,41,2026-09-23 01:50:20
0050E0,4,PLUS 미국AI에이전트,8155,5,-80,-0.97,8162.0,1.9814,50,0,41,2026-09-23 01:50:20
226380,2,ACE Fn성장소비주도주,5675,2,15,0.27,5669.0,-0.4398,31,0,40,2026-09-23 01:50:20
0131A0,4,SOL 차이나소비트렌드,7135,5,-75,-1.04,7147.0,-17.1741,3641,26,39,2026-09-23 01:50:20
291680,4,RISE 차이나H선물인버스(H),7845,2,60,0.77,7932.0,-5.292,4,0,39,2026-09-23 01:50:20
243890,2,TIGER 200에너지화학레버리지,8300,2,220,2.72,8242.0,-24.3092,9734,82,37,2026-09-23 01:50:20
225030,4,TIGER 미국S&P500선물인버스(H),2235,5,-5,-0.22,2234.0,-2.6087,995,2,37,2026-09-23 01:50:20
244660,2,KODEX 퀄리티Plus,9205,5,-55,-0.59,9208.0,3.7703,1,0,37,2026-09-23 01:50:20
252420,3,RISE 200선물인버스2X,73,3,0,0.0,73.0,10.606,439031,31,37,2026-09-23 01:50:20
427120,2,RISE AI플랫폼,5150,2,30,0.59,5149.0,-1.2537,7695,40,35,2026-09-23 01:50:20
267490,6,RISE 미국장기국채선물레버리지(합성 H),4930,2,20,0.41,4930.0,-7.1834,1,0,35,2026-09-23 01:50:20
0079X0,4,ACE BYD밸류체인액티브,9335,5,-95,-1.01,9312.0,-19.8471,1161,10,33,2026-09-23 01:50:20
321410,7,KODEX 멀티에셋하이인컴(H),10555,2,20,0.19,10582.0,-0.1411,2,0,32,2026-09-23 01:50:20
306530,3,HANARO 코스닥150선물레버리지,6850,2,10,0.15,6862.0,-43.8885,4936,34,30,2026-09-23 01:50:20
476000,2,UNICORN 포스트IPO액티브,5130,2,35,0.69,5119.0,-26.2663,115,0,28,2026-09-23 01:50:20
491630,4,RISE 미국반도체인버스(합성 H),4835,5,-140,-2.81,4844.0,8.6244,641,3,28,2026-09-23 01:50:20
280940,5,KODEX 골드선물인버스(H),3435,5,-20,-0.58,3459.0,-4.2937,720,2,27,2026-09-23 01:50:20
145670,3,ACE 인버스,1236,5,-9,-0.72,1238.0,16.138,24820,30,27,2026-09-23 01:50:20
252410,3,RISE 200선물인버스,1259,5,-6,-0.47,1261.0,15.3144,3615,4,26,2026-09-23 01:50:20
488210,2,KIWOOM K-반도체북미공급망,25860,3,0,0.0,26017.0,-15.2872,0,0,26,2026-09-23 01:50:20
275750,3,RISE 코스닥150선물인버스,2460,3,0,0.0,2461.0,11.3122,1541,3,23,2026-09-23 01:50:20
253230,3,KIWOOM 200선물인버스2X,70,3,0,0.0,69.0,12.9032,474145,32,23,2026-09-23 01:50:20
280320,4,ACE 미국IT인터넷(합성 H),21840,5,-270,-1.22,21943.0,10.9104,95,2,22,2026-09-23 01:50:20
334700,5,RISE 팔라듐선물인버스(H),3295,5,-45,-1.35,3319.0,-4.8434,3,0,21,2026-09-23 01:50:20
291620,3,KIWOOM 코스닥150선물인버스,4285,5,-30,-0.7,4316.0,10.9254,454,1,20,2026-09-23 01:50:20
454180,4,KIWOOM 차이나내수소비TOP CSI,7330,3,0,0.0,7225.0,-7.0458,0,0,18,2026-09-23 01:50:20
253240,3,KIWOOM 200선물인버스,1254,5,-6,-0.48,1259.0,16.2361,1887,2,15,2026-09-23 01:50:20
306520,3,HANARO 200선물인버스,2280,5,-10,-0.44,2284.0,15.8906,262,0,14,2026-09-23 01:50:20
253160,3,PLUS 200선물인버스2X,141,5,-1,-0.7,140.0,8.3969,179685,25,13,2026-09-23 01:50:20
261920,4,ACE MSCI필리핀(합성),11470,5,-80,-0.69,11459.0,-15.8777,203,2,11,2026-09-23 01:50:20
412560,2,TIGER BBIG레버리지,1520,5,-33,-2.12,1520.0,-25.8712,7085,11,10,2026-09-23 01:50:20
465620,4,ACE 미국빅테크TOP7 Plus인버스(합성),6430,2,35,0.55,6418.0,1.9123,504,3,6,2026-09-23 01:50:20
