itemcode,etfTabCode,itemname,nowVal,risefall,changeVal,changeRate,nav,threeMonthEarnRate,quant,amonut,marketSum,collected_at
069500,1,KODEX 200,109455,5,-45,-0.04,109586.0,-20.1337,17697626,1939191,249338,2026-09-29 06:05:44
360750,4,TIGER 미국S&P500,25800,5,-305,-1.17,25843.0,-6.1713,31820617,823435,206993,2026-09-29 06:05:44
133690,4,TIGER 미국나스닥100,181105,5,-2035,-1.11,181736.0,-7.2431,4248391,771952,119240,2026-09-29 06:05:44
379800,4,KODEX 미국S&P500,23455,5,-270,-1.14,23493.0,-6.1297,27871186,655434,102733,2026-09-29 06:05:44
396500,2,TIGER 반도체TOP10,38190,2,700,1.87,38230.0,-27.3872,8343954,317096,101204,2026-09-29 06:05:44
102110,1,TIGER 200,109790,5,-15,-0.01,109872.0,-20.1736,16309822,1792678,100677,2026-09-29 06:05:44
488770,7,KODEX 머니마켓액티브,105660,2,10,0.01,105663.0,0.8688,508988,53780,97614,2026-09-29 06:05:44
379810,4,KODEX 미국나스닥100,27080,5,-315,-1.15,27176.0,-7.2167,27195570,738721,96716,2026-09-29 06:05:44
278530,1,KODEX 200TR,39665,2,10,0.03,39664.0,-20.2193,745733,29520,76990,2026-09-29 06:05:44
459580,6,KODEX CD금리액티브(합성),1073200,2,85,0.01,1073512.0,0.7327,1017964,1092481,69816,2026-09-29 06:05:44
091160,2,KODEX 반도체,140355,2,4080,2.99,140575.0,-20.6297,1180723,164103,59932,2026-09-29 06:05:44
381180,4,TIGER 미국필라델피아반도체나스닥,43725,5,-275,-0.62,43988.0,-19.1399,1412718,62018,59706,2026-09-29 06:05:44
498400,2,KODEX 200타겟위클리커버드콜,20355,5,-25,-0.12,20374.0,-19.9819,4394556,89535,59355,2026-09-29 06:05:44
0167A0,2,SOL AI반도체TOP2플러스,18665,2,315,1.72,18687.0,-29.4909,13641820,253567,57862,2026-09-29 06:05:44
122630,3,KODEX 레버리지,109275,5,-95,-0.09,109471.0,-45.3123,11106548,1215491,56823,2026-09-29 06:05:44
229200,1,KODEX 코스닥150,14215,2,90,0.64,14254.0,-7.4378,26794986,376683,47656,2026-09-29 06:05:44
310970,1,TIGER MSCI Korea TR,49025,5,-140,-0.28,49149.0,-20.7336,6699,329,45544,2026-09-29 06:05:44
148020,1,RISE 200,110357,5,-18,-0.02,110437.0,-20.3074,680917,75313,44419,2026-09-29 06:05:44
458730,4,TIGER 미국배당다우존스,14210,5,-195,-1.35,14207.0,-7.1059,1876701,26738,42261,2026-09-29 06:05:44
0162Z0,7,RISE 삼성전자SK하이닉스채권혼합50,13735,2,20,0.15,13746.0,-11.8987,3665797,50402,41287,2026-09-29 06:05:44
395160,2,KODEX AI반도체TOP2플러스,41685,2,485,1.18,41704.0,-27.7193,3924158,163250,41226,2026-09-29 06:05:44
360200,4,ACE 미국S&P500,26075,5,-320,-1.21,26126.0,-6.0749,711109,18606,39399,2026-09-29 06:05:44
381170,4,TIGER 미국테크TOP10 INDXX,31300,5,-330,-1.04,31374.0,1.8023,1556907,48885,38468,2026-09-29 06:05:44
411060,5,ACE KRX금현물,25265,5,-510,-1.98,25277.0,-4.9595,1282609,32418,37796,2026-09-29 06:05:44
357870,6,TIGER CD금리투자KIS(합성),58130,2,5,0.01,58129.0,0.7802,156316,9086,37523,2026-09-29 06:05:44
423160,6,KODEX KOFR금리액티브(합성),110665,3,0,0.0,110649.0,0.7293,75695,8377,37063,2026-09-29 06:05:44
395270,2,HANARO Fn K-반도체,59415,2,665,1.13,59445.0,-26.9869,1291063,76465,37016,2026-09-29 06:05:44
273130,6,KODEX 종합채권(AA-이상)액티브,109600,2,250,0.23,109563.0,-0.8703,7582,830,35587,2026-09-29 06:05:44
367380,4,ACE 미국나스닥100,31130,5,-355,-1.13,31241.0,-7.2466,518345,16190,35333,2026-09-29 06:05:44
233740,3,KODEX 코스닥150레버리지,7045,2,85,1.22,7077.0,-24.5938,43699113,301642,33985,2026-09-29 06:05:44
102780,2,KODEX 삼성그룹,26240,5,-85,-0.32,26269.0,-16.9821,325815,8549,33508,2026-09-29 06:05:44
0043B0,6,TIGER 머니마켓액티브,103800,2,10,0.01,103799.0,0.9433,121706,12632,32087,2026-09-29 06:05:44
487240,2,KODEX AI전력핵심설비,36225,5,-135,-0.37,36257.0,-3.5109,1419893,51451,31842,2026-09-29 06:05:44
455890,6,RISE 머니마켓액티브,55610,2,5,0.01,55611.0,0.8524,62823,3493,31386,2026-09-29 06:05:44
472150,2,TIGER 배당커버드콜액티브,20115,5,-140,-0.69,20122.0,-19.3245,2957013,59523,27694,2026-09-29 06:05:44
139260,2,TIGER 200 IT,141295,2,645,0.46,141336.0,-25.8567,210388,29692,27100,2026-09-29 06:05:44
481050,6,KODEX CD1년금리플러스액티브(합성),1021420,2,105,0.01,1021436.0,0.805,38344,39165,26010,2026-09-29 06:05:44
486290,4,TIGER 미국나스닥100타겟데일리커버드콜,10370,5,-120,-1.14,10413.0,-7.7885,946145,9844,25935,2026-09-29 06:05:44
426030,4,TIME 미국나스닥100액티브,46895,5,-750,-1.57,47033.0,-17.3834,733770,34489,25717,2026-09-29 06:05:44
278540,1,KODEX MSCI Korea TR,39060,5,-80,-0.2,39123.0,-20.7292,16364,639,24061,2026-09-29 06:05:44
161510,2,PLUS 고배당주,24755,5,-230,-0.92,24742.0,9.4178,461697,11409,23898,2026-09-29 06:05:44
449170,6,TIGER KOFR금리액티브(합성),112000,2,5,0.0,112005.0,0.7103,39036,4372,23868,2026-09-29 06:05:44
385540,6,RISE 종합채권(A-이상)액티브,102600,2,200,0.2,102633.0,-0.8665,710,72,21834,2026-09-29 06:05:44
0193T0,2,KODEX SK하이닉스단일종목레버리지,10595,5,-160,-1.49,10602.0,-68.8667,16226201,172438,21193,2026-09-29 06:05:44
456600,4,TIME 글로벌AI인공지능액티브,57660,5,-940,-1.6,57768.0,-15.6532,219662,12687,20654,2026-09-29 06:05:44
284430,6,KODEX 200미국채혼합50,20475,5,-265,-1.28,20495.0,-15.406,301721,6195,19722,2026-09-29 06:05:44
214980,6,KODEX 단기채권PLUS,114470,3,0,0.0,114468.0,0.7008,56072,6418,19587,2026-09-29 06:05:44
292150,2,TIGER 코리아TOP10,38335,5,-165,-0.43,38345.0,-19.6008,238533,9155,19033,2026-09-29 06:05:44
294400,1,KIWOOM 200TR,143805,5,-45,-0.03,143835.0,-20.2119,124087,17836,18191,2026-09-29 06:05:44
305720,2,KODEX 2차전지산업,14185,5,-615,-4.16,14186.0,5.7898,5347386,76454,17504,2026-09-29 06:05:44
442580,4,PLUS 글로벌HBM반도체,104605,5,-90,-0.09,104448.0,-27.4514,748684,78526,17479,2026-09-29 06:05:44
441640,4,KODEX 미국배당커버드콜액티브,12165,5,-130,-1.06,12173.0,-5.9837,730023,8903,16836,2026-09-29 06:05:44
105190,1,ACE 200,109740,5,-110,-0.1,109831.0,-20.2682,112442,12335,16406,2026-09-29 06:05:44
368590,4,RISE 미국나스닥100,30155,5,-350,-1.15,30263.0,-7.2849,110769,3352,16103,2026-09-29 06:05:44
446770,4,ACE 글로벌반도체TOP4 Plus,79670,2,360,0.45,79853.0,-18.9282,72349,5788,15934,2026-09-29 06:05:44
329200,2,TIGER 리츠부동산인프라,4035,5,-10,-0.25,4026.0,4.0525,2455274,9907,15726,2026-09-29 06:05:44
477080,6,RISE CD금리액티브(합성),107710,2,5,0.0,107712.0,0.7483,16641,1792,15473,2026-09-29 06:05:44
0193W0,2,KODEX 삼성전자단일종목레버리지,12950,2,445,3.56,12956.0,-49.92,8143680,106000,15423,2026-09-29 06:05:44
0177N0,7,KODEX 삼성전자SK하이닉스채권혼합50,14445,2,55,0.38,14445.0,-12.3329,4950420,71302,15369,2026-09-29 06:05:44
152100,1,PLUS 200,111175,5,-65,-0.06,111265.0,-20.2462,127333,14156,14953,2026-09-29 06:05:44
379780,4,RISE 미국S&P500,22495,5,-280,-1.23,22532.0,-6.3769,130435,2942,14802,2026-09-29 06:05:44
091230,2,TIGER 반도체,148580,2,5320,3.71,148678.0,-20.26,151757,22314,14650,2026-09-29 06:05:44
487230,4,KODEX 미국AI전력핵심인프라,19095,5,-495,-2.53,19169.0,-27.4298,260449,5001,14350,2026-09-29 06:05:44
226490,1,KODEX 코스피,70570,5,-240,-0.34,70650.0,-17.8526,121957,8610,14255,2026-09-29 06:05:44
453850,6,ACE 미국30년국채액티브(H),6855,5,-30,-0.44,6856.0,-8.391,796768,5458,14231,2026-09-29 06:05:44
232080,1,TIGER 코스닥150,14485,2,90,0.63,14531.0,-7.606,13554015,194407,14201,2026-09-29 06:05:44
0195S0,2,TIGER SK하이닉스단일종목레버리지,9005,5,-115,-1.26,9011.0,-68.7939,8939839,80605,13926,2026-09-29 06:05:44
466920,2,SOL 조선TOP3플러스,25825,5,-775,-2.91,25831.0,-13.5522,924030,23984,13700,2026-09-29 06:05:44
390390,4,KODEX 미국반도체,55030,5,-145,-0.26,55316.0,-15.3624,719327,39787,13235,2026-09-29 06:05:44
475630,7,TIGER CD1년금리액티브(합성),1078595,2,100,0.01,1078599.0,0.7943,99149,106941,13119,2026-09-29 06:05:44
448330,1,KODEX 삼성전자채권혼합,17605,2,60,0.34,17611.0,-4.2433,534458,9403,13010,2026-09-29 06:05:44
157450,6,TIGER 단기통안채,112710,2,5,0.0,112710.0,0.58,17871,2014,12890,2026-09-29 06:05:44
436140,6,SOL 종합채권(AA-이상)액티브,105975,2,215,0.2,105962.0,-0.8717,3868,409,12706,2026-09-29 06:05:44
469150,2,ACE AI반도체TOP3+,63045,2,1645,2.68,63156.0,-20.0053,407758,25567,12514,2026-09-29 06:05:44
438080,7,ACE 미국S&P500미국채혼합50액티브,13785,5,-130,-0.93,13780.0,-8.454,266124,3677,12310,2026-09-29 06:05:44
494310,2,KODEX 반도체레버리지,92805,2,5305,6.06,93180.0,-49.7344,3219400,293718,11925,2026-09-29 06:05:44
455850,2,SOL AI반도체소부장,28210,2,1215,4.5,28233.0,-3.2438,3584110,99491,11862,2026-09-29 06:05:44
487340,6,ACE 머니마켓액티브,106125,3,0,0.0,106134.0,0.9128,8271,877,11847,2026-09-29 06:05:44
356540,6,ACE 종합채권(AA-이상)액티브,101020,2,100,0.1,100981.0,-0.5666,1251,126,11745,2026-09-29 06:05:44
0072R0,5,TIGER KRX금현물,12075,5,-215,-1.75,12081.0,-5.1332,1257735,15185,11272,2026-09-29 06:05:44
0183J0,4,TIGER 미국우주테크,7545,5,-110,-1.44,7577.0,-16.3388,1134146,8580,11136,2026-09-29 06:05:44
497570,4,TIGER 미국필라델피아AI반도체나스닥,22140,5,-20,-0.09,22263.0,-13.0139,478957,10635,11004,2026-09-29 06:05:44
0139F0,6,TIGER 12월자동연장금융채(AA-이상)액티브,102315,2,30,0.03,102312.0,0.8479,57,5,10823,2026-09-29 06:05:44
465580,4,ACE 미국빅테크TOP7 Plus,24150,5,-270,-1.11,24203.0,3.5843,502127,12165,10735,2026-09-29 06:05:44
469830,6,SOL 초단기채권액티브,54515,2,5,0.01,54513.0,0.8883,114916,6264,10717,2026-09-29 06:05:44
445290,2,KODEX 로봇액티브,30320,5,-320,-1.04,30321.0,-7.2843,139099,4226,10536,2026-09-29 06:05:44
494890,1,KODEX 200액티브,31510,5,-100,-0.32,31562.0,-20.4437,140250,4424,10524,2026-09-29 06:05:44
451540,6,TIGER 종합채권(AA-이상)액티브,52710,2,125,0.24,52681.0,-0.7737,3463,182,10390,2026-09-29 06:05:44
494300,4,KODEX 미국나스닥100데일리커버드콜OTM,8745,5,-135,-1.52,8776.0,-10.53,1017022,8923,10380,2026-09-29 06:05:44
479520,6,RISE KOFR금리액티브(합성),106615,2,40,0.04,106613.0,0.6801,6737,718,10349,2026-09-29 06:05:44
449180,4,KODEX 미국S&P500(H),17135,5,-75,-0.44,17154.0,5.2882,487360,8354,10264,2026-09-29 06:05:44
295040,1,SOL 200TR,41045,5,-40,-0.1,41106.0,-20.1769,52978,2174,10159,2026-09-29 06:05:44
0117V0,2,TIGER 코리아AI전력기기TOP3플러스,18910,5,-75,-0.4,18931.0,-3.6235,588255,11114,10098,2026-09-29 06:05:44
446720,4,SOL 미국배당다우존스,13040,5,-175,-1.32,13021.0,-7.1124,181344,2369,10028,2026-09-29 06:05:44
495050,1,RISE 코리아밸류업,32165,5,-145,-0.45,32183.0,-16.6837,42052,1350,9505,2026-09-29 06:05:44
315930,2,KODEX Top5PlusTR,79165,5,-450,-0.57,79266.0,-17.0462,8315,658,9500,2026-09-29 06:05:44
449450,2,PLUS K방산,49025,5,-1475,-2.92,49026.0,-10.6353,278273,13704,9457,2026-09-29 06:05:44
0195R0,2,TIGER 삼성전자단일종목레버리지,11780,2,405,3.56,11782.0,-50.6401,6746943,79654,9424,2026-09-29 06:05:44
438100,7,ACE 미국나스닥100미국채혼합50액티브,15100,5,-130,-0.85,15096.0,-9.4531,203280,3081,9392,2026-09-29 06:05:44
237350,1,KODEX 코스피100,87215,5,-365,-0.42,87308.0,-20.5224,126685,11062,9332,2026-09-29 06:05:44
402970,4,ACE 미국배당다우존스,14480,5,-185,-1.26,14472.0,-7.1056,256923,3727,9311,2026-09-29 06:05:44
0048J0,6,KODEX 미국머니마켓액티브,13495,5,-90,-0.66,13488.0,-10.2612,365650,4943,9176,2026-09-29 06:05:44
0219E0,2,KODEX 200커버드콜액티브,8255,5,-45,-0.54,8259.0,,5025489,41525,9147,2026-09-29 06:05:44
305540,2,TIGER 2차전지테마,18075,5,-830,-4.39,18081.0,8.587,351568,6420,8992,2026-09-29 06:05:44
479080,6,1Q 머니마켓액티브,53900,2,5,0.01,53899.0,0.8891,19625,1057,8855,2026-09-29 06:05:44
0117L0,6,KODEX 26-12 금융채(AA-이상)액티브,10175,5,-5,-0.05,10177.0,0.7422,9440,96,8714,2026-09-29 06:05:44
466940,2,TIGER 은행고배당플러스TOP10,26995,5,-220,-0.81,27027.0,17.572,358781,9671,8665,2026-09-29 06:05:44
498410,2,KODEX 금융고배당TOP10타겟위클리커버드콜,11670,5,-90,-0.77,11661.0,14.3964,1552934,18075,8659,2026-09-29 06:05:44
475720,3,RISE 200위클리커버드콜,12450,5,-30,-0.24,12447.0,-15.0061,698247,8688,8615,2026-09-29 06:05:44
069660,1,KIWOOM 200,109455,5,-30,-0.03,109556.0,-20.2934,90871,9976,8373,2026-09-29 06:05:44
0177R0,2,TIGER 반도체TOP10커버드콜액티브,11715,2,215,1.87,11719.0,-26.8702,1088620,12695,8353,2026-09-29 06:05:44
490590,4,RISE 미국AI밸류체인데일리고정커버드콜,14050,5,-195,-1.37,14119.0,-5.1889,322340,4545,8093,2026-09-29 06:05:44
441800,1,TIME Korea플러스배당액티브,28580,5,-185,-0.64,28610.0,-15.1586,119524,3418,8020,2026-09-29 06:05:44
252670,3,KODEX 200선물인버스2X,72,5,-1,-1.37,72.0,5.7971,4347930811,313199,7929,2026-09-29 06:05:44
272580,6,TIGER 단기채권액티브,57200,2,10,0.02,57199.0,0.7309,17051,975,7911,2026-09-29 06:05:44
114800,3,KODEX 인버스,1000,2,2,0.2,999.0,10.033,643773517,642390,7879,2026-09-29 06:05:44
0025N0,7,TIGER TDF2045 적격,11805,5,-130,-1.09,11829.0,-5.6522,155071,1833,7762,2026-09-29 06:05:44
153130,6,KODEX 단기채권,113200,5,-10,-0.01,113200.0,0.6156,8256,934,7752,2026-09-29 06:05:44
476550,6,TIGER 미국30년국채커버드콜액티브(H),6445,5,-45,-0.69,6450.0,-8.2501,973760,6282,7479,2026-09-29 06:05:44
456610,6,TIGER 미국달러SOFR금리액티브(합성),59030,5,-410,-0.69,59031.0,-10.1369,26985,1596,7398,2026-09-29 06:05:44
418660,4,TIGER 미국나스닥100레버리지(합성),40200,5,-950,-2.31,40502.0,-15.2595,244545,9914,7316,2026-09-29 06:05:44
457480,4,ACE 테슬라밸류체인액티브,17665,5,-490,-2.7,17713.0,-17.2705,151115,2675,7296,2026-09-29 06:05:44
495850,1,KODEX 코리아밸류업,31915,5,-140,-0.44,31922.0,-16.5278,39125,1247,7229,2026-09-29 06:05:44
144600,5,KODEX 은선물(H),9855,5,-120,-1.2,9861.0,6.7415,568326,5581,7194,2026-09-29 06:05:44
481060,6,KODEX 미국30년국채타겟커버드콜(합성 H),7075,5,-30,-0.42,7109.0,-6.9592,514107,3641,7185,2026-09-29 06:05:44
462330,2,KODEX 2차전지산업레버리지,953,5,-85,-8.19,952.0,-1.1429,89004073,86381,7179,2026-09-29 06:05:44
329750,6,TIGER 미국달러단기채권액티브,12830,5,-80,-0.62,12818.0,-10.5026,129816,1669,7098,2026-09-29 06:05:44
367760,2,RISE 네트워크인프라,61390,2,575,0.95,61424.0,-23.91,147175,8993,7091,2026-09-29 06:05:44
0127P0,4,ACE 미국대형성장주액티브,10500,5,-40,-0.38,10500.0,-7.4928,61551,646,6941,2026-09-29 06:05:44
290130,2,RISE ESG사회책임투자,47845,5,-200,-0.42,47901.0,-21.328,33094,1584,6794,2026-09-29 06:05:44
0061Z0,6,RISE 단기특수은행채액티브,51100,2,10,0.02,51097.0,0.6997,176,8,6772,2026-09-29 06:05:44
458760,4,TIGER 미국배당다우존스타겟커버드콜2호,10380,5,-95,-0.91,10375.0,-7.5959,142369,1481,6680,2026-09-29 06:05:44
364980,2,TIGER 2차전지TOP10,9810,5,-445,-4.34,9836.0,10.5064,3951160,39023,6671,2026-09-29 06:05:44
434730,2,HANARO 원자력iSelect,56660,5,-1575,-2.7,56658.0,-3.4886,112899,6415,6658,2026-09-29 06:05:44
482730,4,TIGER 미국S&P500타겟데일리커버드콜,11450,5,-135,-1.17,11466.0,-6.1944,366400,4204,6647,2026-09-29 06:05:44
314250,4,KODEX 미국빅테크10(H),63650,5,-520,-0.81,63794.0,16.9245,20111,1282,6645,2026-09-29 06:05:44
0101N0,2,RISE AI전력인프라,21080,5,-165,-0.78,21084.0,12.8252,238094,5008,6640,2026-09-29 06:05:44
0167B0,2,SOL 200타겟위클리커버드콜,11685,5,-45,-0.38,11680.0,-20.1608,599556,7000,6614,2026-09-29 06:05:44
488080,3,TIGER 반도체TOP10레버리지,37265,2,1365,3.8,37393.0,-56.8043,4599759,169782,6521,2026-09-29 06:05:44
0007F0,6,KODEX 27-12 회사채(AA-이상)액티브,10180,5,-5,-0.05,10183.0,0.7418,9845,100,6508,2026-09-29 06:05:44
371460,4,TIGER 차이나전기차SOLACTIVE,8995,5,-20,-0.22,9018.0,-25.7414,107892,972,6451,2026-09-29 06:05:44
102970,2,KODEX 증권,17290,5,-220,-1.26,17316.0,-12.7082,359652,6208,6441,2026-09-29 06:05:44
0148J0,2,TIGER 코리아휴머노이드로봇산업,9295,5,-175,-1.85,9301.0,0.7982,1809304,16987,6321,2026-09-29 06:05:44
434060,7,KODEX TDF2050액티브 적격,16640,5,-160,-0.95,16604.0,-6.2589,58696,979,6290,2026-09-29 06:05:44
0015B0,4,KoAct 미국나스닥성장기업액티브,19035,5,-345,-1.78,19104.0,-20.4271,441261,8418,6120,2026-09-29 06:05:44
491010,4,TIGER 글로벌AI전력인프라액티브,24150,5,-725,-2.91,24284.0,-30.4974,29755,723,6117,2026-09-29 06:05:44
0091P0,2,TIGER 코리아원자력,16715,5,-875,-4.97,16713.0,13.1189,1373114,23156,6034,2026-09-29 06:05:44
423920,4,TIGER 미국필라델피아반도체레버리지(합성),86575,5,-1105,-1.26,87701.0,-40.3027,258824,22578,6008,2026-09-29 06:05:44
138540,2,TIGER 현대차그룹플러스,45757,5,-1293,-2.75,45798.0,-10.7973,109391,5024,5948,2026-09-29 06:05:44
251600,7,PLUS 고배당주채권혼합,15240,5,-85,-0.55,15247.0,4.9964,152165,2321,5913,2026-09-29 06:05:44
491620,4,RISE 미국테크100데일리고정커버드콜,10315,5,-115,-1.1,10349.0,-4.6481,427920,4429,5885,2026-09-29 06:05:44
489250,4,KODEX 미국배당다우존스,12270,5,-150,-1.21,12260.0,-7.0904,244755,3007,5877,2026-09-29 06:05:44
277630,1,TIGER 코스피,71690,5,-280,-0.39,71710.0,-18.2031,27320,1959,5771,2026-09-29 06:05:44
466950,4,TIGER 글로벌AI액티브,30750,5,-610,-1.95,30865.0,-28.9936,41911,1291,5756,2026-09-29 06:05:44
0019K0,7,TIME 미국나스닥100채권혼합50액티브,13310,5,-160,-1.19,13354.0,-7.7082,214082,2855,5750,2026-09-29 06:05:44
484790,6,KODEX 미국30년국채액티브(H),7865,5,-45,-0.57,7861.0,-8.2266,638085,5018,5736,2026-09-29 06:05:44
451000,6,PLUS 종합채권(AA-이상)액티브,106930,2,145,0.14,107003.0,-0.7944,23,2,5658,2026-09-29 06:05:44
449190,4,KODEX 미국나스닥100(H),22700,5,-95,-0.42,22771.0,3.8572,129741,2947,5618,2026-09-29 06:05:44
477050,6,PLUS 머니마켓액티브,53625,3,0,0.0,53623.0,0.9126,6840,366,5469,2026-09-29 06:05:44
455030,6,KODEX 미국달러SOFR금리액티브(합성),11630,5,-55,-0.47,11611.0,-10.3492,86067,1002,5361,2026-09-29 06:05:44
0105E0,2,SOL 코리아고배당,12775,5,-130,-1.01,12786.0,6.4622,156888,2005,5289,2026-09-29 06:05:44
494670,2,TIGER 조선TOP10,20585,5,-645,-3.04,20577.0,-11.6154,386066,7985,5249,2026-09-29 06:05:44
365780,6,ACE 국고채10년,81870,2,470,0.58,81730.0,-2.2399,8907,727,5236,2026-09-29 06:05:44
396520,4,TIGER 차이나반도체FACTSET,12490,5,-110,-0.87,12519.0,-37.8085,112486,1408,5146,2026-09-29 06:05:44
315960,2,RISE 대형고배당10TR,77730,5,-470,-0.6,77841.0,-19.4935,29003,2256,5130,2026-09-29 06:05:44
496020,6,WON 전단채플러스액티브,52600,2,15,0.03,52599.0,0.9212,5788,304,5127,2026-09-29 06:05:44
371160,4,TIGER 차이나항셍테크,6275,5,-140,-2.18,6285.0,-9.9239,611954,3852,5098,2026-09-29 06:05:44
435420,7,TIGER 미국나스닥100채권혼합50,14030,5,-90,-0.64,14067.0,-3.7999,90435,1270,5093,2026-09-29 06:05:44
462010,2,TIGER 2차전지소재Fn,4620,5,-210,-4.35,4619.0,-2.0284,1919325,8942,5057,2026-09-29 06:05:44
496080,1,TIGER 코리아밸류업,32000,5,-160,-0.5,32022.0,-15.8727,138175,4414,5040,2026-09-29 06:05:44
361580,1,RISE 200TR,62255,5,-60,-0.1,62270.0,-20.3235,106144,6602,5012,2026-09-29 06:05:44
438330,6,TIGER 우량회사채액티브,115285,2,245,0.21,115259.0,0.0722,2649,305,5000,2026-09-29 06:05:44
114260,6,KODEX 국고채3년,61615,2,145,0.24,61551.0,-0.3244,8345,513,4970,2026-09-29 06:05:44
444200,2,SOL 코리아메가테크액티브,44720,5,-480,-1.06,44751.0,-19.1052,20775,930,4964,2026-09-29 06:05:44
0163Y0,1,KoAct 코스닥액티브,10050,2,170,1.72,10071.0,-3.5628,506670,5032,4960,2026-09-29 06:05:44
471990,2,KODEX AI반도체핵심장비,27940,2,1245,4.66,27965.0,1.6879,2147291,59021,4876,2026-09-29 06:05:44
251350,4,KODEX MSCI선진국,38000,5,-425,-1.11,38073.0,-7.1124,32440,1236,4864,2026-09-29 06:05:44
476800,7,KODEX 한국부동산리츠인프라,4182,5,-23,-0.55,4181.0,3.4866,554388,2319,4836,2026-09-29 06:05:44
448290,4,TIGER 미국S&P500(H),17745,5,-85,-0.48,17771.0,4.9101,91008,1615,4836,2026-09-29 06:05:44
463250,2,TIGER K방산&우주,31985,5,-930,-2.83,31995.0,-7.5292,163017,5243,4766,2026-09-29 06:05:44
499660,7,TIGER CD금리플러스액티브(합성),999900,2,85,0.01,999904.0,0.787,12111,12109,4675,2026-09-29 06:05:44
483280,4,KODEX 미국AI테크TOP10타겟커버드콜,11635,5,-120,-1.02,11671.0,-0.6714,127720,1493,4584,2026-09-29 06:05:44
0190C0,2,RISE 현대차고정피지컬AI,7575,5,-85,-1.11,7584.0,-20.1668,410122,3102,4568,2026-09-29 06:05:44
490490,7,SOL 미국배당미국채혼합50,10530,5,-125,-1.17,10514.0,-10.5426,135339,1428,4549,2026-09-29 06:05:44
243880,2,TIGER 200IT레버리지,345145,2,6140,1.81,343765.0,-57.2673,77133,26522,4487,2026-09-29 06:05:44
471230,6,KODEX 국고채10년액티브,103020,2,470,0.46,102856.0,-2.161,59046,6070,4484,2026-09-29 06:05:44
451060,1,1Q 200액티브,35090,5,-75,-0.21,35111.0,-20.3668,70455,2465,4421,2026-09-29 06:05:44
293180,1,HANARO 200,109800,5,-35,-0.03,109904.0,-19.9601,48121,5293,4337,2026-09-29 06:05:44
447770,7,TIGER 테슬라채권혼합Fn,13690,5,-160,-1.16,13691.0,-2.741,136238,1864,4333,2026-09-29 06:05:44
474220,4,TIGER 미국테크TOP10타겟커버드콜,14945,5,-110,-0.73,14975.0,1.8789,77203,1156,4214,2026-09-29 06:05:44
0016X0,6,SOL 중단기회사채(A-이상)액티브,51480,2,10,0.02,51485.0,0.7142,13207,679,4213,2026-09-29 06:05:44
0162M0,6,KODEX 금융채1~2년(AA-이상)PLUS액티브,10035,2,5,0.05,10034.0,0.4506,1195,11,4197,2026-09-29 06:05:44
448300,4,TIGER 미국나스닥100(H),23410,5,-105,-0.45,23494.0,3.6663,80453,1885,4190,2026-09-29 06:05:44
385560,6,RISE KIS국고채30년Enhanced,50200,2,295,0.59,50094.0,-5.9873,12202,611,4142,2026-09-29 06:05:44
0023A0,4,SOL 미국양자컴퓨팅TOP10,23640,5,-340,-1.42,23741.0,-24.7096,99858,2370,4137,2026-09-29 06:05:44
0210A0,2,ACE K반도체TOP2+,7635,2,130,1.73,7644.0,-26.709,1644947,12494,4096,2026-09-29 06:05:44
426020,4,TIME 미국S&P500액티브,31525,5,-440,-1.38,31608.0,-11.4911,35993,1140,4004,2026-09-29 06:05:44
148070,6,KIWOOM 국고채10년,103735,2,590,0.57,103579.0,-2.2508,7714,797,3978,2026-09-29 06:05:44
302450,1,RISE 코스피,71145,5,-305,-0.43,71234.0,-18.332,1975,140,3949,2026-09-29 06:05:44
0046A0,6,TIGER 미국초단기(3개월이하)국채,9370,5,-60,-0.64,9372.0,-10.35,402670,3780,3927,2026-09-29 06:05:44
0173Y0,4,KODEX 미국AI광통신네트워크,10565,5,-170,-1.58,10616.0,-27.4771,422029,4463,3925,2026-09-29 06:05:44
385720,1,TIME 코스피액티브,25400,5,-150,-0.59,25495.0,-20.8121,23310,592,3886,2026-09-29 06:05:44
480260,6,TIGER 27-04회사채(A+이상)액티브,53880,2,15,0.03,53883.0,0.7104,774,41,3883,2026-09-29 06:05:44
0060H0,1,TIGER 토탈월드스탁액티브,12355,5,-165,-1.32,12372.0,-7.7489,61249,758,3879,2026-09-29 06:05:44
474590,2,WON 반도체밸류체인액티브,49030,2,930,1.93,49080.0,-16.976,45296,2203,3800,2026-09-29 06:05:44
241180,4,TIGER 일본니케이225,33895,5,-455,-1.32,33854.0,-14.1358,14490,493,3783,2026-09-29 06:05:44
476760,6,ACE 미국30년국채액티브,8385,5,-105,-1.24,8380.0,-18.6414,864377,7260,3765,2026-09-29 06:05:44
439860,6,KODEX ESG종합채권(A-이상)액티브,113375,2,135,0.12,113338.0,0.1503,12,1,3703,2026-09-29 06:05:44
484880,2,SOL 금융지주플러스고배당,22950,5,-175,-0.76,22965.0,18.8914,397254,9090,3695,2026-09-29 06:05:44
0040Y0,7,SOL 팔란티어커버드콜OTM채권혼합,7865,5,-120,-1.5,7859.0,7.444,436463,3440,3626,2026-09-29 06:05:44
469070,2,RISE AI&로봇,10720,5,-150,-1.38,10723.0,1.3047,186546,2010,3597,2026-09-29 06:05:44
245710,4,ACE 베트남VN30(합성),27835,5,-300,-1.07,28179.0,-13.1636,13908,389,3591,2026-09-29 06:05:44
310960,1,TIGER 200TR,64000,2,115,0.18,63983.0,-20.0138,21741,1393,3584,2026-09-29 06:05:44
458250,6,TIGER 미국30년국채스트립액티브(합성 H),32360,5,-310,-0.95,32490.0,-14.0829,161767,5230,3568,2026-09-29 06:05:44
091180,2,KODEX 자동차,25125,5,-445,-1.74,25143.0,-13.1125,114040,2867,3555,2026-09-29 06:05:44
0131V0,4,1Q 미국우주항공테크,10785,5,-290,-2.62,10813.0,-7.361,48433,525,3527,2026-09-29 06:05:44
132030,5,KODEX 골드선물(H),23190,5,-165,-0.71,23209.0,3.0443,443385,10255,3502,2026-09-29 06:05:44
442570,7,RISE TDF2050액티브 적격,17290,5,-25,-0.14,17208.0,-8.2612,67172,1162,3501,2026-09-29 06:05:44
0182R0,2,1Q K반도체TOP2+,11015,2,120,1.1,11018.0,-28.0384,2366281,26023,3470,2026-09-29 06:05:44
279530,2,KODEX 고배당주,17390,5,-180,-1.02,17402.0,11.7729,166930,2904,3461,2026-09-29 06:05:44
0167Z0,4,KODEX 미국우주항공,7515,5,-115,-1.51,7558.0,-19.9226,673695,5080,3457,2026-09-29 06:05:44
0144L0,4,KODEX 미국성장커버드콜액티브,9415,5,-115,-1.21,9446.0,-4.773,87159,824,3436,2026-09-29 06:05:44
0094M0,2,RISE 코리아밸류업위클리고정커버드콜,17140,5,-90,-0.52,17153.0,-12.0567,1000447,17144,3411,2026-09-29 06:05:44
472170,7,TIGER 미국테크TOP10채권혼합,13980,5,-130,-0.92,13991.0,1.1107,49128,687,3397,2026-09-29 06:05:44
0026S0,4,1Q 미국S&P500,12585,5,-155,-1.22,12613.0,-6.204,258564,3265,3385,2026-09-29 06:05:44
0080G0,2,KODEX 방산TOP10,9690,5,-305,-3.05,9690.0,-7.6136,1209630,11799,3362,2026-09-29 06:05:44
0052D0,2,TIGER 코리아배당다우존스,15330,5,-85,-0.55,15333.0,9.5066,59599,911,3342,2026-09-29 06:05:44
385510,2,KODEX 신재생에너지액티브,38290,5,-1080,-2.74,38374.0,8.8621,43282,1666,3331,2026-09-29 06:05:44
475300,2,SOL 반도체전공정,25410,2,1280,5.3,25403.0,-8.6158,1882767,46930,3329,2026-09-29 06:05:44
270810,1,RISE 코스닥150,14155,2,95,0.68,14186.0,-7.4087,273364,3821,3315,2026-09-29 06:05:44
456880,7,ACE 미국달러SOFR금리(합성),11945,5,-70,-0.58,11950.0,-10.4027,45877,548,3294,2026-09-29 06:05:44
448630,7,RISE 삼성그룹Top3채권혼합,15185,5,-70,-0.46,15253.0,-0.3593,73105,1113,3265,2026-09-29 06:05:44
473290,6,KODEX 26-12 회사채(AA-이상)액티브,10900,2,5,0.05,10899.0,0.6931,8432,91,3242,2026-09-29 06:05:44
462900,2,KoAct 바이오헬스케어액티브,12365,5,-155,-1.24,12366.0,-18.8594,564446,6935,3240,2026-09-29 06:05:44
0052S0,7,1Q 미국S&P500미국채혼합50액티브,11360,5,-105,-0.92,11372.0,-8.3304,79448,904,3204,2026-09-29 06:05:44
0043Y0,4,TIME 차이나AI테크액티브,18640,5,-250,-1.32,18687.0,-27.8457,73067,1364,3197,2026-09-29 06:05:44
453810,4,KODEX 인도Nifty50,10755,5,-120,-1.1,10790.0,-16.6352,47265,509,3114,2026-09-29 06:05:44
0094K0,6,TIGER 28-04 회사채(A+이상)액티브,99470,2,130,0.13,99451.0,0.4195,6822,678,3107,2026-09-29 06:05:44
485540,4,KODEX 미국AI테크TOP10,15360,5,-155,-1.0,15396.0,0.2337,115572,1782,3087,2026-09-29 06:05:44
489030,2,PLUS 고배당주위클리커버드콜,6220,5,-75,-1.19,6220.0,13.1184,381178,2366,3073,2026-09-29 06:05:44
0111P0,7,1Q 미국나스닥100미국채혼합50액티브,10735,5,-90,-0.83,10754.0,-8.902,99598,1071,3070,2026-09-29 06:05:44
385550,6,RISE 단기채권알파액티브,114305,2,135,0.12,114340.0,0.6435,5110,584,3026,2026-09-29 06:05:44
454780,6,KIWOOM 종합채권(AA-이상)액티브,99315,2,385,0.39,99249.0,-1.0156,118,11,3010,2026-09-29 06:05:44
471780,2,TIGER 코리아테크액티브,39050,2,850,2.23,39052.0,-18.7407,84803,3285,3007,2026-09-29 06:05:44
497880,6,SOL CD금리&머니마켓액티브,50012,2,2,0.0,50011.0,0.9026,130268,6515,2994,2026-09-29 06:05:44
433330,4,SOL 미국S&P500,21520,5,-245,-1.13,21555.0,-6.2153,93140,2009,2970,2026-09-29 06:05:44
190620,6,ACE 단기통안채,102105,5,-5,0.0,102112.0,0.6009,2564,261,2968,2026-09-29 06:05:44
091170,2,KODEX 은행,16505,5,-135,-0.81,16527.0,20.9039,651006,10727,2963,2026-09-29 06:05:44
483320,4,ACE 엔비디아밸류체인액티브,25260,5,-80,-0.32,25319.0,-15.8,414907,10501,2943,2026-09-29 06:05:44
0008S0,4,TIGER 미국배당다우존스타겟데일리커버드콜,9385,5,-125,-1.31,9376.0,-7.3568,227865,2143,2919,2026-09-29 06:05:44
0038A0,4,KODEX 미국휴머노이드로봇,15275,5,-190,-1.23,15330.0,-12.3201,58971,903,2902,2026-09-29 06:05:44
481190,4,SOL 미국테크TOP10,16995,5,-180,-1.05,17035.0,2.0196,756455,12908,2898,2026-09-29 06:05:44
136340,6,RISE 중기우량회사채,103690,2,155,0.15,103685.0,0.0472,23159,2401,2868,2026-09-29 06:05:44
475080,7,KODEX 테슬라커버드콜채권혼합액티브,7795,5,-105,-1.33,7750.0,-1.3816,96943,756,2830,2026-09-29 06:05:44
441680,7,TIGER 미국나스닥100커버드콜(합성),10662,5,-28,-0.26,10715.0,-6.1262,35265,376,2809,2026-09-29 06:05:44
273140,6,KODEX 단기변동금리부채권액티브,114635,2,15,0.01,114642.0,0.6475,2661,305,2798,2026-09-29 06:05:44
461490,7,RISE 글로벌자산배분액티브,14430,5,-80,-0.55,14418.0,-2.8457,35178,507,2771,2026-09-29 06:05:44
0098F0,2,KODEX 원자력SMR,15405,5,-745,-4.61,15403.0,6.7415,736543,11472,2750,2026-09-29 06:05:44
473330,6,SOL 미국30년국채커버드콜(합성),7495,5,-75,-0.99,7514.0,-18.0417,244428,1835,2706,2026-09-29 06:05:44
439870,6,KODEX 국고채30년액티브,86825,2,425,0.49,86954.0,-4.4724,7808,676,2686,2026-09-29 06:05:44
0162Y0,1,TIME 코스닥액티브,7970,2,150,1.92,7987.0,-11.6884,231885,1826,2686,2026-09-29 06:05:44
0228G0,2,ACE 반도체Plus전략산업,10035,5,-80,-0.79,10050.0,,522556,5270,2684,2026-09-29 06:05:44
0183V0,7,KIWOOM 삼성전자&SK하이닉스채권혼합50,11900,2,25,0.21,11908.0,-11.9328,525207,6255,2666,2026-09-29 06:05:44
423170,4,SOL 글로벌AI반도체탑픽액티브,59250,5,-30,-0.05,59497.0,-20.2369,46651,2759,2654,2026-09-29 06:05:44
307520,2,TIGER 지주회사,21710,5,-590,-2.65,21743.0,-0.4497,220240,4821,2649,2026-09-29 06:05:44
213610,2,KODEX 삼성그룹밸류,22200,5,-55,-0.25,22184.0,-12.0356,15848,350,2642,2026-09-29 06:05:44
453870,4,TIGER 인도니프티50,10545,5,-130,-1.22,10567.0,-17.5137,40665,429,2642,2026-09-29 06:05:44
409820,4,KODEX 미국나스닥100레버리지(합성 H),20815,5,-190,-0.9,20969.0,6.1126,49413,1030,2633,2026-09-29 06:05:44
388420,2,RISE 비메모리반도체액티브,29795,2,940,3.26,29826.0,-21.8311,38619,1135,2622,2026-09-29 06:05:44
471040,4,KoAct 글로벌AI&로봇액티브,29125,5,-560,-1.89,29253.0,-21.933,25180,735,2621,2026-09-29 06:05:44
421320,2,PLUS 우주항공,27300,5,-695,-2.48,27328.0,1.321,123523,3364,2621,2026-09-29 06:05:44
0232A0,6,MIDAS 머니마켓액티브,100330,2,15,0.01,100344.0,,5,0,2593,2026-09-29 06:05:44
196230,6,RISE 단기통안채,117070,3,0,0.0,117090.0,0.541,3886,454,2587,2026-09-29 06:05:44
486830,6,HANARO 머니마켓액티브,53415,2,5,0.01,53414.0,0.8782,1321,70,2546,2026-09-29 06:05:44
123320,3,TIGER 레버리지,110280,5,-300,-0.27,110285.0,-44.7542,70464,7760,2536,2026-09-29 06:05:44
472920,6,HK 종합채권(AA-이상)액티브,97775,2,85,0.09,97850.0,-0.8274,109,10,2528,2026-09-29 06:05:44
364970,2,TIGER 바이오TOP10,6685,5,-95,-1.4,6701.0,-1.6679,725533,4833,2514,2026-09-29 06:05:44
483340,4,ACE 구글밸류체인액티브,22005,5,-255,-1.15,22100.0,-16.0159,67308,1488,2476,2026-09-29 06:05:44
495230,1,KoAct 코리아밸류업액티브,31255,5,-40,-0.13,31254.0,-20.218,28769,897,2454,2026-09-29 06:05:44
228790,2,TIGER 화장품,4270,3,0,0.0,4276.0,28.6144,2337931,9944,2449,2026-09-29 06:05:44
139230,2,TIGER 200 중공업,12340,5,-370,-2.91,12348.0,-9.8559,94726,1178,2409,2026-09-29 06:05:44
493810,4,TIGER 미국AI빅테크10타겟데일리커버드콜,11305,5,-70,-0.62,11332.0,1.1931,42685,483,2385,2026-09-29 06:05:44
363580,2,KODEX 200IT TR,57255,2,255,0.45,57264.0,-24.5034,51130,2924,2376,2026-09-29 06:05:44
117700,2,KODEX 건설,6695,5,-380,-5.37,6690.0,20.059,2213703,14986,2370,2026-09-29 06:05:44
0182S0,7,1Q K반도체TOP2채권혼합50,12740,2,90,0.71,12735.0,-13.4747,127798,1628,2357,2026-09-29 06:05:44
283580,4,KODEX 차이나CSI300,14210,5,-90,-0.63,14244.0,-18.7315,97460,1384,2345,2026-09-29 06:05:44
0053L0,4,TIGER 차이나휴머노이드로봇,8655,5,-90,-1.03,8649.0,-23.7293,343876,2977,2324,2026-09-29 06:05:44
363570,6,KODEX 장기종합채권(AA-이상)액티브,85845,2,490,0.57,85955.0,-2.7072,10193,873,2304,2026-09-29 06:05:44
329650,7,KODEX TRF3070,13930,5,-45,-0.32,13963.0,-2.5693,14686,204,2298,2026-09-29 06:05:44
472160,4,TIGER 미국테크TOP10 INDXX(H),19390,5,-80,-0.41,19441.0,13.7598,111507,2165,2298,2026-09-29 06:05:44
0092C0,6,SOL 27-12 회사채(AA-이상)액티브,50280,3,0,0.0,50276.0,0.7413,847,42,2296,2026-09-29 06:05:44
0089D0,2,KODEX 금융고배당TOP10,13455,5,-90,-0.66,13462.0,12.961,114186,1533,2287,2026-09-29 06:05:44
498270,4,KIWOOM 미국양자컴퓨팅,14690,5,-145,-0.98,14767.0,-12.2587,33457,494,2218,2026-09-29 06:05:44
488980,6,SOL 26-12 회사채(AA-이상)액티브,52230,5,-5,-0.01,52231.0,0.8105,2756,143,2188,2026-09-29 06:05:44
452360,4,SOL 미국배당다우존스(H),12940,5,-95,-0.73,12950.0,3.9881,58769,760,2187,2026-09-29 06:05:44
437080,6,KODEX 미국종합채권ESG액티브(H),94030,5,-270,-0.29,93912.0,-3.88,7065,663,2185,2026-09-29 06:05:44
0151S0,4,KODEX 미국AI반도체TOP3플러스,15720,5,-210,-1.32,15803.0,-10.4176,334153,5279,2169,2026-09-29 06:05:44
458260,6,TIGER 미국투자등급회사채액티브(H),44610,5,-220,-0.49,44602.0,-4.9704,4349,193,2168,2026-09-29 06:05:44
271050,5,KODEX WTI원유선물인버스(H),1714,2,1,0.06,1712.0,-31.3427,2491213,4280,2166,2026-09-29 06:05:44
0104N0,2,TIGER 200타겟위클리커버드콜,21000,5,-15,-0.07,21008.0,-20.5527,55254,1160,2163,2026-09-29 06:05:44
422420,2,RISE 2차전지액티브,6600,5,-240,-3.51,6596.0,2.5485,112709,750,2161,2026-09-29 06:05:44
478150,4,TIME 글로벌우주테크&방산액티브,17675,5,-315,-1.75,17757.0,-20.2395,18399,326,2156,2026-09-29 06:05:44
0119H0,6,KODEX 28-12 회사채(AA-이상)액티브,9900,3,0,0.0,9895.0,0.2531,20553,203,2130,2026-09-29 06:05:44
266160,2,RISE 고배당,33240,5,-180,-0.54,33215.0,-13.8681,8637,286,2111,2026-09-29 06:05:44
433500,2,ACE 원자력TOP10,55540,5,-2700,-4.64,55597.0,8.0218,57967,3252,2111,2026-09-29 06:05:44
442320,4,RISE 글로벌원자력,33550,5,-710,-2.07,33561.0,-14.9994,6064,204,2110,2026-09-29 06:05:44
0233J0,7,TIGER 삼성전자SK하이닉스미국채혼합50,10525,5,-10,-0.09,10512.0,,160087,1686,2105,2026-09-29 06:05:44
305080,6,TIGER 미국채10년선물,11670,5,-95,-0.81,11672.0,-15.2683,63010,736,2101,2026-09-29 06:05:44
157500,2,TIGER 증권,11725,5,-215,-1.8,11754.0,-11.826,283499,3329,2087,2026-09-29 06:05:44
332930,1,HANARO 200TR,143570,5,-170,-0.12,143792.0,-20.0779,465,66,2082,2026-09-29 06:05:44
448540,7,ACE 엔비디아채권혼합,26665,2,105,0.4,26662.0,1.7624,31533,841,2080,2026-09-29 06:05:44
490090,4,TIGER 미국AI빅테크10,15975,5,-135,-0.84,16023.0,2.0912,150009,2401,2077,2026-09-29 06:05:44
244580,2,KODEX 바이오,7860,5,-135,-1.69,7875.0,-7.679,195730,1531,2056,2026-09-29 06:05:44
267770,3,TIGER 200선물레버리지,83730,5,-210,-0.25,83737.0,-45.1086,235337,19773,2010,2026-09-29 06:05:44
486450,4,SOL 미국AI전력인프라,18290,5,-300,-1.61,18346.0,-24.4617,18986,348,2003,2026-09-29 06:05:44
0093A0,2,RISE AI반도체TOP10,36300,2,990,2.8,36329.0,-15.4455,129534,4655,1997,2026-09-29 06:05:44
0005A0,4,KODEX 미국S&P500데일리커버드콜OTM,9070,5,-95,-1.04,9068.0,-7.8984,156629,1424,1995,2026-09-29 06:05:44
463050,2,TIME K바이오액티브,10950,5,-185,-1.66,10946.0,-16.7166,144601,1577,1976,2026-09-29 06:05:44
0069M0,4,1Q 미국나스닥100,13535,5,-150,-1.1,13581.0,-7.4002,51712,702,1976,2026-09-29 06:05:44
480040,4,ACE 미국반도체데일리타겟커버드콜(합성),14485,5,-130,-0.89,14523.0,-23.7475,130826,1909,1970,2026-09-29 06:05:44
302190,6,TIGER 중장기국채,49815,2,165,0.33,49771.0,-1.1646,823,40,1933,2026-09-29 06:05:44
495060,1,TIME 코리아밸류업액티브,28215,5,-15,-0.05,28290.0,-26.8464,30636,863,1919,2026-09-29 06:05:44
433980,7,KODEX TDF2040액티브 적격,15655,5,-105,-0.67,15633.0,-5.4576,23392,366,1910,2026-09-29 06:05:44
0005G0,2,IBK K-AI반도체코어테크,54750,2,1150,2.15,54823.0,-17.8955,8590,467,1889,2026-09-29 06:05:44
0204D0,2,KODEX 현대차로보틱스밸류체인TOP3플러스,5545,5,-100,-1.77,5552.0,-18.0102,350076,1940,1888,2026-09-29 06:05:44
495550,1,SOL 코리아밸류업TR,32705,5,-175,-0.53,32735.0,-16.304,4900,160,1881,2026-09-29 06:05:44
0082V0,7,KODEX TDF2060액티브 적격,11165,5,-85,-0.76,11112.0,-6.4745,55263,617,1876,2026-09-29 06:05:44
494330,2,ACE 라이프자산주주가치액티브,32860,5,-200,-0.6,32889.0,-3.1504,17234,565,1873,2026-09-29 06:05:44
261260,7,KODEX 미국달러선물인버스2X,5525,2,60,1.1,5538.0,25.9216,70321,386,1857,2026-09-29 06:05:44
0091C0,6,KODEX 미국10년국채액티브(H),9235,5,-25,-0.27,9223.0,-4.7629,152152,1404,1848,2026-09-29 06:05:44
0115D0,2,KODEX 조선TOP10,7110,5,-225,-3.07,7108.0,-12.9894,769506,5513,1841,2026-09-29 06:05:44
466930,2,SOL 자동차TOP3플러스,23215,5,-240,-1.02,23240.0,-19.8805,131714,3056,1834,2026-09-29 06:05:44
494220,2,UNICORN SK하이닉스밸류체인액티브,51995,2,1005,1.97,52067.0,-19.0635,54788,2827,1820,2026-09-29 06:05:44
429000,4,TIGER 미국S&P500배당귀족,12595,5,-80,-0.63,12580.0,-11.9211,47167,595,1814,2026-09-29 06:05:44
0190G0,2,KODEX 반도체타겟위클리커버드콜,9605,2,235,2.51,9648.0,-17.4026,221845,2113,1806,2026-09-29 06:05:44
473460,4,KODEX 미국서학개미,23825,5,-295,-1.22,23874.0,-4.7476,13985,334,1787,2026-09-29 06:05:44
0153K0,2,KODEX 주주환원고배당주,12195,5,-90,-0.73,12211.0,13.9122,53829,655,1780,2026-09-29 06:05:44
414780,4,TIGER 차이나과창판STAR50(합성),12930,2,30,0.23,13002.0,-30.9052,21348,275,1771,2026-09-29 06:05:44
480020,4,ACE 미국빅테크7+데일리타겟커버드콜(합성),9890,5,-80,-0.8,9875.0,-4.8449,189430,1875,1770,2026-09-29 06:05:44
332500,1,ACE 200TR,73625,5,-320,-0.43,73720.0,-20.0206,25587,1889,1767,2026-09-29 06:05:44
122090,1,PLUS 코스피50,82195,5,-260,-0.32,82332.0,-22.5867,20095,1655,1751,2026-09-29 06:05:44
0047A0,4,TIGER 차이나테크TOP10,11660,5,-210,-1.77,11676.0,-20.3356,103549,1210,1749,2026-09-29 06:05:44
0099L0,6,ACE 우량회사채(AA-이상)액티브,99450,2,100,0.1,99485.0,0.4397,204,20,1744,2026-09-29 06:05:44
0192Z0,6,TIGER 중기종합채권(A-이상)액티브,100700,3,0,0.0,100793.0,0.2888,0,0,1734,2026-09-29 06:05:44
233160,3,TIGER 코스닥150 레버리지,7810,2,110,1.43,7813.0,-24.7312,1417648,10819,1730,2026-09-29 06:05:44
483290,4,KODEX 미국배당다우존스타겟커버드콜,9730,5,-90,-0.92,9730.0,-7.79,151151,1474,1712,2026-09-29 06:05:44
0040X0,7,SOL 팔란티어미국채커버드콜혼합,9085,5,-130,-1.41,9084.0,1.8524,50581,461,1708,2026-09-29 06:05:44
476450,6,KIWOOM 머니마켓액티브,52880,5,-5,-0.01,52888.0,0.8389,131,6,1706,2026-09-29 06:05:44
403790,1,MIDAS 코스피액티브,57700,5,-540,-0.93,57975.0,-17.4311,30,1,1688,2026-09-29 06:05:44
412570,2,TIGER 2차전지TOP10레버리지,1117,5,-90,-7.46,1106.0,6.9087,6650705,7540,1669,2026-09-29 06:05:44
461950,2,KODEX 2차전지핵심소재10,4715,5,-205,-4.17,4712.0,0.6431,709568,3384,1662,2026-09-29 06:05:44
337160,2,KODEX 200ESG,48045,5,-155,-0.32,48085.0,-19.8916,6704,321,1634,2026-09-29 06:05:44
490600,4,RISE 미국배당100데일리고정커버드콜,8500,5,-65,-0.76,8512.0,-8.2176,149358,1272,1628,2026-09-29 06:05:44
237370,7,KODEX 코리아배당성장채권혼합,15550,5,-25,-0.16,15567.0,2.0422,33582,522,1617,2026-09-29 06:05:44
480030,4,ACE 미국500데일리타겟커버드콜(합성),9515,5,-80,-0.83,9503.0,-8.8858,99372,947,1599,2026-09-29 06:05:44
0193G0,1,KoAct 코스피액티브,8430,5,-20,-0.24,8434.0,-22.1557,168175,1415,1589,2026-09-29 06:05:44
488720,7,WON 종합채권(AA-이상)액티브,48475,2,25,0.05,48523.0,-0.6664,5,0,1588,2026-09-29 06:05:44
272560,6,RISE 단기국공채액티브,114870,2,5,0.0,114872.0,0.5691,8283,951,1585,2026-09-29 06:05:44
491820,2,HANARO 전력설비투자,43335,5,-195,-0.45,43375.0,-3.6094,24084,1042,1582,2026-09-29 06:05:44
472870,6,RISE 미국30년국채엔화노출(합성 H),6495,5,-60,-0.92,6522.0,-17.9355,163666,1064,1575,2026-09-29 06:05:44
160580,5,TIGER 구리실물,16170,5,-20,-0.12,16195.0,-2.1161,22158,357,1568,2026-09-29 06:05:44
200250,4,KIWOOM 인도Nifty50(합성),19770,5,-140,-0.7,19776.0,-16.9898,5537,109,1562,2026-09-29 06:05:44
152870,1,파워 200,110360,5,-210,-0.19,110588.0,-18.6805,265,29,1545,2026-09-29 06:05:44
354500,1,ACE 코스닥150,14400,2,115,0.81,14410.0,-7.6003,63805,908,1526,2026-09-29 06:05:44
0005D0,2,SOL 전고체배터리&실리콘음극재,14555,5,-340,-2.28,14578.0,0.5739,400515,5813,1521,2026-09-29 06:05:44
0064K0,5,KODEX 금액티브,11695,5,-215,-1.81,11754.0,-7.4233,77759,908,1509,2026-09-29 06:05:44
471760,2,TIGER AI반도체핵심공정,15840,2,465,3.02,15852.0,-13.4778,949656,14808,1497,2026-09-29 06:05:44
0180V0,4,ACE 미국우주테크액티브,7830,5,-125,-1.57,7851.0,-16.3513,76282,600,1492,2026-09-29 06:05:44
458210,7,KIWOOM CD금리액티브(합성),110850,2,30,0.03,110840.0,0.7225,1992,220,1489,2026-09-29 06:05:44
394670,4,TIGER 글로벌리튬&2차전지SOLACTIVE(합성),10150,5,-160,-1.55,10229.0,-19.2955,13571,137,1482,2026-09-29 06:05:44
0151P0,2,RISE 코리아전략산업액티브,14950,2,100,0.67,14956.0,-24.4271,87098,1301,1473,2026-09-29 06:05:44
219480,4,KODEX 미국S&P500선물(H),33055,5,-165,-0.5,33067.0,4.9605,18799,621,1471,2026-09-29 06:05:44
438560,6,SOL 국고채3년,100105,2,140,0.14,100147.0,-0.2047,97,9,1464,2026-09-29 06:05:44
491610,6,1Q CD금리액티브(합성),105100,2,5,0.0,105091.0,0.738,1578,165,1454,2026-09-29 06:05:44
138520,2,TIGER 삼성그룹,35770,5,-480,-1.32,35863.0,-14.2215,6549,235,1445,2026-09-29 06:05:44
0199C0,2,ACE 고배당주Plus커버드콜액티브,9045,5,-75,-0.82,9056.0,1.9612,432004,3903,1443,2026-09-29 06:05:44
0104H0,7,KoAct 미국나스닥채권혼합50액티브,11795,5,-140,-1.17,11835.0,-9.9586,16470,194,1439,2026-09-29 06:05:44
0127M0,4,ACE 미국대형가치주액티브,11940,5,-80,-0.67,11920.0,-9.8101,66397,794,1433,2026-09-29 06:05:44
0051G0,4,SOL 미국원자력SMR,11555,5,-160,-1.37,11540.0,-23.8297,34841,402,1427,2026-09-29 06:05:44
481180,4,SOL 미국AI소프트웨어,16450,5,-185,-1.11,16498.0,19.5902,32106,529,1415,2026-09-29 06:05:44
498180,6,파워 종합채권(AA-이상)액티브,92630,3,0,0.0,93052.0,-1.3473,0,0,1396,2026-09-29 06:05:44
0048K0,4,KODEX 차이나휴머노이드로봇,7710,5,-100,-1.28,7719.0,-23.3285,312781,2418,1384,2026-09-29 06:05:44
0131W0,6,1Q 단기특수은행채액티브,102315,2,10,0.01,102322.0,0.7186,137,14,1379,2026-09-29 06:05:44
0041E0,4,KODEX 미국S&P500액티브,16030,5,-240,-1.48,16073.0,-10.5425,101453,1632,1379,2026-09-29 06:05:44
143860,2,TIGER 헬스케어,34500,5,-430,-1.23,34554.0,-6.2031,11368,391,1373,2026-09-29 06:05:44
451530,6,TIGER 국고채30년스트립액티브,34705,2,75,0.22,34600.0,-8.1189,12704,440,1371,2026-09-29 06:05:44
457990,2,PLUS 태양광&ESS,35135,5,-1120,-3.09,35129.0,8.1915,283265,9984,1370,2026-09-29 06:05:44
245340,4,TIGER 미국다우존스30,33905,5,-360,-1.05,33957.0,-11.0359,7153,242,1370,2026-09-29 06:05:44
495330,1,1Q 코리아밸류업,31775,5,-170,-0.53,31766.0,-16.5927,4263,135,1366,2026-09-29 06:05:44
476030,4,SOL 미국나스닥100,17160,5,-195,-1.12,17221.0,-7.2088,87521,1507,1338,2026-09-29 06:05:44
463680,4,KODEX 미국S&P500테크놀로지,22805,5,-220,-0.96,22802.0,-5.5858,20240,462,1311,2026-09-29 06:05:44
0091M0,6,HANARO 27-06 회사채(AA-이상)액티브,10160,5,-5,-0.05,10168.0,0.6934,94,0,1304,2026-09-29 06:05:44
0197X0,2,SOL SK하이닉스선물단일종목인버스2X,6020,2,85,1.43,6029.0,-18.2507,11276456,67715,1288,2026-09-29 06:05:44
139220,2,TIGER 200 건설,7565,5,-330,-4.18,7561.0,0.6373,315543,2420,1278,2026-09-29 06:05:44
411420,4,KODEX 미국나스닥AI테크액티브,26830,5,-385,-1.41,26920.0,-3.5656,13719,368,1274,2026-09-29 06:05:44
0181B0,4,HANARO 미국AI메모리반도체TOP4+,10030,2,30,0.3,10087.0,-28.6479,213600,2148,1269,2026-09-29 06:05:44
0092B0,2,SOL 한국원자력SMR,15275,5,-690,-4.32,15280.0,7.1836,102676,1576,1268,2026-09-29 06:05:44
461500,6,HANARO 종합채권(AA-이상)액티브,104815,2,575,0.55,104753.0,-1.1944,4118,430,1264,2026-09-29 06:05:44
463290,6,1Q 단기금융채액티브,109465,2,5,0.0,109470.0,0.7826,1017,111,1262,2026-09-29 06:05:44
325010,2,KODEX 성장주,43495,5,-100,-0.23,43512.0,-19.5813,1077,46,1261,2026-09-29 06:05:44
0074K0,2,KoAct K수출핵심기업TOP30액티브,16755,5,-140,-0.83,16778.0,-16.0497,12613,211,1240,2026-09-29 06:05:44
304660,6,KODEX 미국30년국채울트라선물(H),6945,5,-20,-0.29,6945.0,-8.6558,38283,265,1236,2026-09-29 06:05:44
0000Y0,6,HK 26-12 회사채(AA-이상)액티브,102065,2,5,0.0,102071.0,0.7502,2,0,1235,2026-09-29 06:05:44
447620,7,SOL 미국TOP5채권혼합50,15810,5,-10,-0.06,15808.0,3.0283,24479,387,1233,2026-09-29 06:05:44
448100,1,WON 200,112015,5,-1025,-0.91,112072.0,-20.1508,42981,4807,1232,2026-09-29 06:05:44
192090,4,TIGER 차이나CSI300,11605,5,-90,-0.77,11644.0,-19.622,29904,347,1201,2026-09-29 06:05:44
438570,6,SOL 국고채10년,97275,2,465,0.48,97404.0,-2.3798,111,10,1198,2026-09-29 06:05:44
491230,6,PLUS 국공채머니마켓액티브,52615,2,5,0.01,52607.0,0.8433,824,43,1194,2026-09-29 06:05:44
0085P0,6,ACE 미국10년국채액티브,9320,5,-90,-0.96,9313.0,-14.9462,383430,3580,1193,2026-09-29 06:05:44
0184L0,6,PLUS 중기종합채권(A-이상)액티브,100500,2,95,0.09,100458.0,0.3999,75,7,1193,2026-09-29 06:05:44
328370,1,PLUS 코스피TR,38470,5,-350,-0.9,38630.0,-16.7935,43,1,1193,2026-09-29 06:05:44
319640,4,TIGER 골드선물(H),25800,2,1325,5.41,24307.0,2.4487,26445,639,1187,2026-09-29 06:05:44
377990,2,TIGER Fn신재생에너지,23950,5,-435,-1.78,23954.0,-1.3881,40259,964,1186,2026-09-29 06:05:44
0123G0,4,TIGER 미국AI전력SMR,5750,5,-190,-3.2,5747.0,-25.0474,174903,1010,1185,2026-09-29 06:05:44
332940,1,HANARO MSCI Korea TR,48810,5,-255,-0.52,48968.0,-20.044,74,3,1171,2026-09-29 06:05:44
399110,4,SOL 미국S&P500ESG,20445,5,-190,-0.92,20452.0,-7.2665,13461,275,1165,2026-09-29 06:05:44
0135Y0,6,IBK 중기종합채권(AA-이상)액티브,100130,2,95,0.09,100169.0,0.045,110,11,1159,2026-09-29 06:05:44
0168K0,2,TIGER 기술이전바이오액티브,5430,5,-70,-1.27,5426.0,-20.2899,848318,4571,1147,2026-09-29 06:05:44
469170,2,ACE 포스코그룹포커스,5645,5,-235,-4.0,5650.0,12.1172,472302,2683,1146,2026-09-29 06:05:44
0209D0,2,KODEX 전고체배터리ESS TOP2플러스,7925,5,-250,-3.06,7937.0,4.2729,642252,5076,1141,2026-09-29 06:05:44
326240,2,RISE IT플러스,44835,2,170,0.38,44937.0,-17.691,1342,60,1139,2026-09-29 06:05:44
182480,7,TIGER 미국MSCI리츠(합성 H),12940,2,25,0.19,13015.0,-7.0741,10485,135,1139,2026-09-29 06:05:44
304940,4,KODEX 미국나스닥100선물(H),33110,5,-190,-0.57,33256.0,3.5447,786,26,1126,2026-09-29 06:05:44
114820,6,TIGER 국채3년,104785,2,125,0.12,104798.0,-0.1479,1553,162,1120,2026-09-29 06:05:44
0191W0,6,HANARO 중기종합채권(A-이상)액티브,100700,2,65,0.06,100736.0,0.269,1000,100,1120,2026-09-29 06:05:44
0036R0,4,RISE 미국휴머노이드로봇,19690,5,-270,-1.35,19752.0,-11.4602,8486,167,1103,2026-09-29 06:05:44
266370,2,KODEX IT,71075,2,500,0.71,71137.0,-21.6095,13924,987,1102,2026-09-29 06:05:44
0174B0,7,KoAct 글로벌AI메모리반도체액티브,14955,2,140,0.94,15019.0,-25.4592,37053,554,1099,2026-09-29 06:05:44
0000J0,2,PLUS 한화그룹주,27425,5,-470,-1.68,27466.0,-0.375,56163,1544,1097,2026-09-29 06:05:44
367770,2,RISE 수소경제테마,21290,5,-630,-2.87,21275.0,-5.619,42035,898,1096,2026-09-29 06:05:44
251340,3,KODEX 코스닥150선물인버스,2375,5,-15,-0.63,2389.0,-2.6477,32702168,78584,1093,2026-09-29 06:05:44
488500,4,TIGER 미국S&P500동일가중,11995,5,-130,-1.07,12007.0,-10.8058,36808,442,1086,2026-09-29 06:05:44
0221V0,6,IBK 초단기채권액티브,100695,2,15,0.01,100706.0,,109,10,1076,2026-09-29 06:05:44
309230,4,ACE 미국WideMoat동일가중,29210,5,-165,-0.56,29283.0,-6.7598,7422,216,1075,2026-09-29 06:05:44
203780,4,TIGER 미국나스닥바이오,35045,2,225,0.65,35025.0,0.288,6791,238,1065,2026-09-29 06:05:44
0193M0,6,BNK 27-12 특수채(AAA이상)액티브,50340,5,-30,-0.06,50332.0,0.6594,1,0,1064,2026-09-29 06:05:44
476850,1,KoAct 배당성장액티브,21625,5,-655,-2.94,21657.0,-10.6753,98752,2139,1060,2026-09-29 06:05:44
496090,1,KIWOOM 코리아밸류업,32020,5,-215,-0.67,32030.0,-16.4444,746,23,1057,2026-09-29 06:05:44
0132K0,7,PLUS 테슬라위클리커버드콜채권혼합,7900,5,-40,-0.5,7896.0,-2.8807,171477,1355,1055,2026-09-29 06:05:44
372330,4,KODEX 차이나항셍테크,6270,5,-155,-2.41,6270.0,-9.0422,32314,204,1038,2026-09-29 06:05:44
0138Y0,7,PLUS 금채권혼합,9425,5,-60,-0.63,9428.0,-4.0951,121228,1142,1037,2026-09-29 06:05:44
455860,2,SOL 2차전지소부장Fn,4290,5,-185,-4.13,4294.0,-1.5402,405706,1756,1036,2026-09-29 06:05:44
0137V0,4,KIWOOM 미국S&P500모멘텀,11445,5,-270,-2.3,11461.0,-14.1251,69548,797,1036,2026-09-29 06:05:44
464310,4,TIGER 글로벌AI&로보틱스 INDXX,13170,5,-95,-0.72,13193.0,-14.7768,7948,104,1027,2026-09-29 06:05:44
0008T0,2,SOL 화장품TOP3플러스,17385,3,0,0.0,17414.0,33.7822,597709,10359,1026,2026-09-29 06:05:44
0162L0,4,KODEX 차이나AI반도체TOP10,12560,5,-30,-0.24,12596.0,-37.5746,131518,1655,1024,2026-09-29 06:05:44
464930,4,TIGER 글로벌혁신블루칩TOP10,20445,5,-105,-0.51,20517.0,-1.5569,1114,22,1022,2026-09-29 06:05:44
0122W0,6,RISE 26-11 회사채(AA-이상)액티브,51090,5,-5,-0.01,51098.0,0.793,74,3,1019,2026-09-29 06:05:44
475050,2,ACE KPOP포커스,6840,5,-45,-0.65,6842.0,0.8052,269731,1838,1016,2026-09-29 06:05:44
458030,6,WON 국공채머니마켓액티브,55150,2,5,0.01,55153.0,0.7306,82,4,997,2026-09-29 06:05:44
465610,4,ACE 미국빅테크TOP7 Plus레버리지(합성),41495,5,-875,-2.07,41866.0,4.4625,5926,248,996,2026-09-29 06:05:44
168580,4,ACE 중국본토CSI300,31815,5,-115,-0.36,32224.0,-20.175,781,24,993,2026-09-29 06:05:44
475310,2,SOL 반도체후공정,30260,2,1200,4.13,30279.0,-3.9022,489954,14586,983,2026-09-29 06:05:44
394660,4,TIGER 글로벌자율주행&전기차SOLACTIVE,14800,5,-255,-1.69,14896.0,-21.8734,3269,48,971,2026-09-29 06:05:44
0177X0,2,ACE K휴머노이드로봇산업TOP2+,9395,5,-135,-1.42,9402.0,0.8465,216837,2044,968,2026-09-29 06:05:44
0080Y0,2,SOL 조선TOP3플러스레버리지,7420,5,-500,-6.31,7405.0,-32.9382,595185,4471,950,2026-09-29 06:05:44
0142D0,4,TIGER 미국AI데이터센터TOP4Plus,10095,5,-215,-2.09,10130.0,-20.9356,73248,740,949,2026-09-29 06:05:44
473440,6,ACE 11월만기자동연장회사채AA-이상액티브,10870,2,5,0.05,10873.0,0.7884,5207,56,946,2026-09-29 06:05:44
486240,2,DAISHIN AI반도체&인프라액티브,30320,5,-135,-0.44,30655.0,-14.5843,448,13,940,2026-09-29 06:05:44
433970,7,KODEX TDF2030액티브 적격,13820,5,-60,-0.43,13819.0,-4.1271,9653,133,940,2026-09-29 06:05:44
114100,6,RISE 국고채3년,105745,2,200,0.19,105734.0,-0.2141,4020,424,931,2026-09-29 06:05:44
195980,4,PLUS 신흥국MSCI(합성 H),15155,5,-165,-1.08,15232.0,1.1889,6326,96,931,2026-09-29 06:05:44
0035T0,7,PLUS 글로벌휴머노이드로봇액티브,19050,5,-230,-1.19,19071.0,-12.0037,9396,179,924,2026-09-29 06:05:44
453080,4,KIWOOM 미국나스닥100(H),23400,5,-90,-0.38,23485.0,3.0568,4107,96,913,2026-09-29 06:05:44
479620,4,SOL 미국AI반도체칩메이커,26445,5,-375,-1.4,26567.0,-15.938,18899,503,912,2026-09-29 06:05:44
308620,6,KODEX 미국10년국채선물,10965,5,-100,-0.9,10965.0,-14.8191,73436,807,910,2026-09-29 06:05:44
0052T0,6,1Q 중단기회사채(A-이상)액티브,50750,2,5,0.01,50759.0,0.6945,5,0,908,2026-09-29 06:05:44
143850,4,TIGER 미국S&P500선물(H),77010,5,-460,-0.59,77051.0,4.2244,1750,134,905,2026-09-29 06:05:44
325020,2,KODEX 배당가치,29140,5,-260,-0.88,29160.0,-0.9312,1702,49,903,2026-09-29 06:05:44
269540,4,PLUS 미국S&P500(H),29970,5,-110,-0.37,30012.0,2.8903,41242,1235,899,2026-09-29 06:05:44
0176E0,4,RISE 미국AI전력인프라액티브,9450,5,-270,-2.78,9478.0,-27.0271,6350,60,898,2026-09-29 06:05:44
475280,6,ACE 8월만기자동연장회사채AA-이상액티브,10735,3,0,0.0,10742.0,0.6563,12,0,893,2026-09-29 06:05:44
261270,7,KODEX 미국달러선물인버스,8250,2,60,0.73,8259.0,12.7322,7341,60,890,2026-09-29 06:05:44
298770,4,KODEX 한국대만IT프리미어,82800,5,-1265,-1.5,83052.0,-12.4436,1009,83,886,2026-09-29 06:05:44
454320,2,HANARO CAPEX설비투자iSelect,41075,5,-975,-2.32,41122.0,2.3487,1489,61,883,2026-09-29 06:05:44
444490,4,WON 미국S&P500,19795,5,-230,-1.15,19834.0,-6.272,17249,342,881,2026-09-29 06:05:44
468380,6,KODEX iShares미국하이일드액티브,10435,5,-95,-0.9,10432.0,-12.1163,27517,287,881,2026-09-29 06:05:44
0007N0,1,아이엠에셋 200,110000,5,-85,-0.08,110099.0,-20.387,61,6,880,2026-09-29 06:05:44
211900,2,KODEX 코리아배당성장,27690,5,-300,-1.07,27714.0,5.1988,2564,70,872,2026-09-29 06:05:44
0198A0,2,KIWOOM 코스닥150커버드콜액티브,8570,3,0,0.0,8560.0,,872582,7407,870,2026-09-29 06:05:44
0066W0,5,SOL 국제금,11885,5,-155,-1.29,11826.0,-7.9159,50691,601,868,2026-09-29 06:05:44
329670,7,KODEX TRF7030,21590,5,-220,-1.01,21636.0,-5.0795,6687,144,864,2026-09-29 06:05:44
453330,4,RISE 미국S&P500(H),18120,5,-90,-0.49,18142.0,5.2193,15622,283,852,2026-09-29 06:05:44
495040,1,PLUS 코리아밸류업,31475,5,-400,-1.25,31714.0,-16.312,63,1,850,2026-09-29 06:05:44
460960,7,ACE 글로벌인컴TOP10,10475,5,-100,-0.95,10456.0,-11.7784,180943,1900,828,2026-09-29 06:05:44
461460,6,PLUS 국고채10년액티브,50925,2,260,0.51,50864.0,-2.2666,6726,341,826,2026-09-29 06:05:44
329660,7,KODEX TRF5050,17555,5,-150,-0.85,17631.0,-3.1373,13540,237,825,2026-09-29 06:05:44
359210,1,KODEX 코스피TR,35665,5,-165,-0.46,35677.0,-18.1497,1600,57,820,2026-09-29 06:05:44
485690,4,RISE 미국AI밸류체인TOP3Plus,22365,5,-235,-1.04,22373.0,-4.0124,6132,137,816,2026-09-29 06:05:44
0017Y0,6,1Q 종합채권(AA-이상)액티브,93710,2,420,0.45,93719.0,-1.2596,293,27,814,2026-09-29 06:05:44
429760,4,PLUS 미국S&P500,19190,5,-220,-1.13,19221.0,-6.2238,24485,469,806,2026-09-29 06:05:44
449770,4,KIWOOM 미국S&P500,20645,5,-250,-1.2,20685.0,-6.2499,2835,58,805,2026-09-29 06:05:44
337140,2,KODEX 코스피대형주,36360,5,-195,-0.53,36418.0,-19.7105,5435,197,800,2026-09-29 06:05:44
0018C0,2,PLUS 고배당주위클리고정커버드콜,10445,5,-105,-1.0,10440.0,10.5235,56423,588,799,2026-09-29 06:05:44
0057H0,7,PLUS 미국S&P500미국채혼합50액티브,11410,5,-105,-0.91,11435.0,-8.5945,79856,914,799,2026-09-29 06:05:44
108450,2,ACE 삼성그룹섹터가중,39705,5,-220,-0.55,39699.0,-12.0305,3035,120,794,2026-09-29 06:05:44
0098N0,2,PLUS 자사주매입고배당주,13010,5,-110,-0.84,13015.0,15.1506,30785,400,787,2026-09-29 06:05:44
495750,1,HANARO 코리아밸류업,31880,5,-235,-0.73,31969.0,-15.8771,57,1,781,2026-09-29 06:05:44
138530,2,TIGER LG그룹플러스,11990,5,-315,-2.56,11996.0,6.3066,55922,673,777,2026-09-29 06:05:44
0049M0,4,ACE 미국배당퀄리티+커버드콜액티브,11000,5,-35,-0.32,10977.0,-8.1154,8598,94,776,2026-09-29 06:05:44
272910,6,ACE 중장기국공채액티브,105695,2,130,0.12,105699.0,-0.2881,10,1,769,2026-09-29 06:05:44
210780,2,TIGER 코스피고배당,23315,5,-180,-0.77,23315.0,11.188,5147,119,769,2026-09-29 06:05:44
469060,4,RISE 미국반도체NYSE,36315,5,-365,-1.0,36477.0,-18.0267,5505,200,763,2026-09-29 06:05:44
365040,1,TIGER AI코리아그로스액티브,36260,5,-225,-0.62,36240.0,-17.023,16999,616,761,2026-09-29 06:05:44
0225V0,4,KODEX 미국CPU반도체TOP10,11665,5,-390,-3.24,11701.0,,573773,6721,758,2026-09-29 06:05:44
228810,2,TIGER 미디어컨텐츠,3065,2,15,0.49,3070.0,-1.2945,126619,385,752,2026-09-29 06:05:44
0080X0,7,SOL 미국S&P500미국채혼합50,10575,5,-125,-1.17,10582.0,-10.5811,14385,152,740,2026-09-29 06:05:44
0238F0,4,KODEX 미국AI메모리TOP2플러스,10645,5,-15,-0.14,10704.0,,179833,1916,740,2026-09-29 06:05:44
490480,2,SOL K방산,27075,5,-720,-2.59,27074.0,-8.055,29091,800,731,2026-09-29 06:05:44
0240J0,2,RISE 삼성SK그룹,10440,2,15,0.14,10433.0,,433618,4524,731,2026-09-29 06:05:44
364960,2,TIGER BBIG,6100,5,-140,-2.24,6117.0,1.7114,33429,206,726,2026-09-29 06:05:44
298340,6,PLUS 국채선물3년,56305,2,85,0.15,56351.0,-0.1067,10263,577,725,2026-09-29 06:05:44
292190,1,KODEX KRX300,48310,2,165,0.34,48319.0,-20.3119,2470,118,725,2026-09-29 06:05:44
157490,2,TIGER 소프트웨어,7770,5,-155,-1.96,7781.0,1.1486,42067,328,721,2026-09-29 06:05:44
475350,4,RISE 버크셔포트폴리오TOP10,14110,5,-265,-1.84,14129.0,-4.9095,50672,717,720,2026-09-29 06:05:44
412770,4,TIGER 글로벌AI플랫폼액티브,12380,5,-280,-2.21,12561.0,-19.1313,12497,155,709,2026-09-29 06:05:44
0210E0,2,PLUS 200커버드콜액티브,7185,5,-80,-1.1,7182.0,-20.7377,479375,3440,704,2026-09-29 06:05:44
0098Z0,1,FOCUS 200,93025,5,-730,-0.78,93556.0,-18.4881,36,3,698,2026-09-29 06:05:44
211560,2,TIGER 배당성장,34690,5,-295,-0.84,34746.0,4.141,5657,196,697,2026-09-29 06:05:44
0102A0,4,TIGER 미국AI소프트웨어TOP4Plus,8585,5,-210,-2.39,8617.0,17.6588,11163,96,695,2026-09-29 06:05:44
0022T0,4,SOL 국제금커버드콜액티브,12120,5,-175,-1.42,12086.0,-8.418,125254,1517,691,2026-09-29 06:05:44
441540,2,HANARO Fn조선해운,25515,5,-795,-3.02,25533.0,-4.2228,8465,216,689,2026-09-29 06:05:44
0190Y0,4,TIGER 구글밸류체인,8440,5,-110,-1.29,8458.0,-16.9374,14323,121,684,2026-09-29 06:05:44
0233A0,7,ACE 삼성전자SK하이닉스플러스채권혼합50,10655,2,10,0.09,10676.0,,188572,2012,682,2026-09-29 06:05:44
130730,6,KIWOOM 단기자금,103145,2,5,0.0,103151.0,0.6243,24,2,681,2026-09-29 06:05:44
492500,7,1Q 현대차그룹채권(A+이상)&국고통안,51295,2,40,0.08,51296.0,0.3917,31,1,678,2026-09-29 06:05:44
228800,2,TIGER 여행레저,2620,5,-45,-1.69,2624.0,-1.1132,59595,156,674,2026-09-29 06:05:44
266420,2,KODEX 헬스케어,15650,5,-210,-1.32,15695.0,-5.8754,13750,214,673,2026-09-29 06:05:44
433880,7,PLUS TDF2060액티브 적격,18290,5,-70,-0.38,18194.0,-8.0256,4550,83,668,2026-09-29 06:05:44
278620,6,PLUS 단기채권액티브,119085,5,-35,-0.03,119093.0,0.7527,70,8,667,2026-09-29 06:05:44
0113D0,4,TIME 글로벌탑픽액티브,11675,5,-110,-0.93,11707.0,-7.6411,6900,80,665,2026-09-29 06:05:44
491700,1,HK 200,110575,5,-285,-0.26,110540.0,-18.2208,1,0,663,2026-09-29 06:05:44
473640,4,HANARO 글로벌금채굴기업,31325,5,-675,-2.11,31238.0,6.0304,9215,288,658,2026-09-29 06:05:44
465330,2,RISE 2차전지TOP10,11025,5,-560,-4.83,11036.0,9.8104,165933,1850,653,2026-09-29 06:05:44
0222D0,2,KoAct 고배당액티브,10170,5,-155,-1.5,10165.0,,180915,1839,651,2026-09-29 06:05:44
453950,4,TIGER TSMC파운드리밸류체인,33195,2,160,0.48,33214.0,-21.9953,12268,409,647,2026-09-29 06:05:44
418670,4,TIGER 글로벌AI사이버보안,18660,2,260,1.41,18595.0,17.3469,102372,1913,642,2026-09-29 06:05:44
458750,4,TIGER 미국배당다우존스타겟커버드콜1호,12340,5,-130,-1.04,12322.0,-7.5493,15401,190,642,2026-09-29 06:05:44
277640,2,TIGER 코스피대형주,37500,5,-375,-0.99,37657.0,-18.8098,4153,156,638,2026-09-29 06:05:44
0123S0,2,HANARO 26-12 은행채(AA+이상)액티브,10200,3,0,0.0,10209.0,0.5917,1495,15,632,2026-09-29 06:05:44
140700,2,KODEX 보험,21000,5,-15,-0.07,20998.0,9.3215,67203,1409,630,2026-09-29 06:05:44
261240,7,KODEX 미국달러선물,14025,5,-90,-0.64,14032.0,-10.4663,55234,776,626,2026-09-29 06:05:44
292770,6,KODEX 국채선물3년인버스,58175,5,-60,-0.1,58153.0,1.3223,100,5,625,2026-09-29 06:05:44
419890,6,KIWOOM 단기채권ESG액티브,107455,2,20,0.02,107461.0,0.5333,2,0,623,2026-09-29 06:05:44
306950,3,KODEX KRX300레버리지,77385,2,175,0.23,77293.0,-44.2407,235,18,619,2026-09-29 06:05:44
455660,6,ACE 미국하이일드액티브(H),9175,5,-20,-0.22,9165.0,-1.6996,13989,128,615,2026-09-29 06:05:44
252400,3,RISE 200선물레버리지,101380,5,-105,-0.1,101422.0,-44.9946,1311,132,608,2026-09-29 06:05:44
0115E0,2,KODEX 코리아소버린AI,13980,5,-170,-1.2,13996.0,0.4215,7800,109,608,2026-09-29 06:05:44
453640,4,KODEX 미국S&P500헬스케어,14080,2,50,0.36,14060.0,-1.7225,20100,283,605,2026-09-29 06:05:44
495940,4,RISE 미국AI테크액티브,19220,5,-200,-1.03,19265.0,-13.9398,3497,67,605,2026-09-29 06:05:44
440640,6,ACE 단기채권알파액티브,112875,2,5,0.0,112880.0,0.7902,666,75,597,2026-09-29 06:05:44
0166S0,2,PLUS K제조업핵심기업액티브,11345,2,55,0.49,11368.0,-18.3659,17307,196,596,2026-09-29 06:05:44
204480,4,TIGER 차이나CSI300레버리지(합성),20835,5,-235,-1.12,21081.0,-39.5843,1954,40,592,2026-09-29 06:05:44
275980,4,TIGER 글로벌4차산업혁신기술(합성 H),23575,5,-275,-1.15,23742.0,0.3154,1459,34,589,2026-09-29 06:05:44
0181L0,4,SOL 미국우주항공TOP10,7075,5,-115,-1.6,7105.0,-15.4118,77906,552,587,2026-09-29 06:05:44
491220,1,PLUS 200TR,130100,5,-740,-0.57,130092.0,-19.3044,2535,329,585,2026-09-29 06:05:44
0040S0,4,HANARO 글로벌피지컬AI액티브,23220,5,-620,-2.6,23387.0,-18.9943,5160,120,581,2026-09-29 06:05:44
480310,4,TIGER 글로벌온디바이스AI,21305,5,-775,-3.51,21365.0,-5.8953,68253,1465,575,2026-09-29 06:05:44
476750,6,ACE 미국30년국채엔화노출액티브(H),7030,5,-40,-0.57,7034.0,-17.6981,125292,880,569,2026-09-29 06:05:44
278240,3,RISE 코스닥150선물레버리지,7970,2,140,1.79,7961.0,-24.8561,73056,567,565,2026-09-29 06:05:44
225040,4,TIGER 미국S&P500레버리지(합성 H),67175,5,-730,-1.08,67392.0,9.4359,5044,338,564,2026-09-29 06:05:44
0172V0,5,1Q 은액티브,7760,5,-145,-1.83,7766.0,-4.0656,173345,1343,563,2026-09-29 06:05:44
442560,7,RISE TDF2040액티브 적격,16285,5,-105,-0.64,16206.0,-7.1939,13368,218,562,2026-09-29 06:05:44
304780,3,HANARO 200선물레버리지,124630,2,815,0.66,123558.0,-42.6172,135,16,561,2026-09-29 06:05:44
0226A0,7,PLUS SK하이닉스샌디스크채권혼합50,11095,5,-35,-0.31,11154.0,,87827,975,555,2026-09-29 06:05:44
385590,2,ACE ESG액티브,24010,5,-125,-0.52,24064.0,-15.2117,213,5,552,2026-09-29 06:05:44
434960,1,DAISHIN K200,109770,5,-1110,-1.0,110323.0,-20.1699,27,2,549,2026-09-29 06:05:44
455960,6,RISE 미국달러SOFR금리액티브(합성),11960,2,35,0.29,11925.0,-10.2372,1927,23,548,2026-09-29 06:05:44
479730,4,TIGER 인도빌리언컨슈머,9235,5,-85,-0.91,9237.0,-11.614,7680,71,545,2026-09-29 06:05:44
0000D0,7,TIGER 엔비디아미국채커버드콜밸런스(합성),8620,5,-50,-0.58,8639.0,-12.1835,15865,136,543,2026-09-29 06:05:44
150460,2,TIGER 중국소비테마,7335,5,-45,-0.61,7342.0,9.4143,2516,18,539,2026-09-29 06:05:44
0238P0,7,TIGER 미국S&P500미국채혼합50,10060,5,-115,-1.13,10057.0,,79624,803,534,2026-09-29 06:05:44
0141S0,2,SOL 조선기자재,8260,5,-300,-3.5,8272.0,-3.4405,109201,902,533,2026-09-29 06:05:44
401470,2,KODEX 메타버스액티브,9250,5,-115,-1.23,9265.0,-6.0211,5273,48,532,2026-09-29 06:05:44
481430,6,RISE 국고채10년액티브,97100,2,340,0.35,97231.0,-2.3367,477,46,531,2026-09-29 06:05:44
0046Y0,4,ACE 미국배당퀄리티,12220,5,-120,-0.97,12207.0,-7.3798,4441,54,525,2026-09-29 06:05:44
0041D0,4,KODEX 미국AI소프트웨어TOP10,13980,5,-165,-1.17,14038.0,22.096,49982,700,524,2026-09-29 06:05:44
101280,4,KODEX 일본TOPIX100,30245,5,-75,-0.25,29688.0,-3.6314,2343,70,520,2026-09-29 06:05:44
0111J0,2,HANARO 증권고배당TOP3플러스,11785,5,-170,-1.42,11806.0,-11.9661,45552,535,519,2026-09-29 06:05:44
0220B0,1,DS 코스닥액티브,11780,2,285,2.48,11783.0,,565275,6586,518,2026-09-29 06:05:44
275300,2,KODEX 우량주,30285,5,-30,-0.1,30291.0,-19.694,3258,98,515,2026-09-29 06:05:44
261070,2,TIGER 코스닥150바이오테크,10990,5,-150,-1.35,11018.0,-17.9072,264007,2890,512,2026-09-29 06:05:44
0113P0,6,HK 머니마켓액티브,102645,2,10,0.01,102654.0,0.84,2,0,511,2026-09-29 06:05:44
0118Z0,4,ACE 미국AI테크핵심산업액티브,8555,5,-125,-1.44,8575.0,-8.8714,7064,60,509,2026-09-29 06:05:44
0139P0,2,ACE 고배당주,13355,5,-75,-0.56,13368.0,9.1065,8562,114,507,2026-09-29 06:05:44
336160,6,RISE 금융채액티브,99625,2,95,0.1,99611.0,0.0032,34,3,507,2026-09-29 06:05:44
253150,3,PLUS 200선물레버리지,202110,5,-605,-0.3,202704.0,-45.0064,3011,612,505,2026-09-29 06:05:44
287180,4,PLUS 미국나스닥테크,55715,5,-955,-1.69,55929.0,-8.6778,2520,141,501,2026-09-29 06:05:44
261220,5,KODEX WTI원유선물(H),27475,2,5,0.02,27495.0,39.6542,39723,1089,501,2026-09-29 06:05:44
475260,6,ACE 2월만기자동연장회사채AA-이상액티브,10765,3,0,0.0,10769.0,0.8903,35,0,496,2026-09-29 06:05:44
445150,2,KODEX 친환경조선해운액티브,26810,5,-670,-2.44,26799.0,-4.2652,3625,97,496,2026-09-29 06:05:44
0194T0,2,ACE SK하이닉스단일종목레버리지,9005,5,-150,-1.64,9052.0,-68.4583,75571,678,495,2026-09-29 06:05:44
0185L0,4,TIME 글로벌휴머노이드로봇산업액티브,7020,5,-65,-0.92,7037.0,-26.3897,11453,80,495,2026-09-29 06:05:44
152500,3,ACE 레버리지,44870,5,-155,-0.34,44942.0,-44.7072,11178,502,494,2026-09-29 06:05:44
114470,6,KIWOOM 국고채3년,107150,2,175,0.16,107128.0,-0.193,115,12,493,2026-09-29 06:05:44
360140,2,KODEX 200롱코스닥150숏선물,22395,5,-145,-0.64,22372.0,-16.5649,9906,224,493,2026-09-29 06:05:44
440910,4,WON 미국우주항공방산,21830,5,-470,-2.11,21788.0,-20.57,12117,264,491,2026-09-29 06:05:44
316670,1,KIWOOM 코스닥150,7115,2,50,0.71,7118.0,-7.1617,245584,1726,488,2026-09-29 06:05:44
0118S0,4,SOL 미국넥스트테크TOP10액티브,10610,5,-350,-3.19,10670.0,-19.6187,28290,300,488,2026-09-29 06:05:44
292560,7,TIGER 일본엔선물,7970,5,-5,-0.06,7960.0,-9.065,38708,308,486,2026-09-29 06:05:44
218420,4,KODEX 미국S&P500에너지(합성),19780,5,-120,-0.6,19692.0,2.8423,6466,127,486,2026-09-29 06:05:44
473490,4,KIWOOM 글로벌AI반도체,32280,5,-190,-0.59,32471.0,-8.3663,3023,98,484,2026-09-29 06:05:44
140950,1,파워 코스피100,85740,5,-310,-0.36,85994.0,-21.2011,225,19,480,2026-09-29 06:05:44
123310,3,TIGER 인버스,1110,5,-1,-0.09,1112.0,9.3503,3373844,3741,478,2026-09-29 06:05:44
0178H0,7,IBK 미국AI TOP10국채혼합50,10170,5,-30,-0.29,10139.0,3.6091,15637,159,478,2026-09-29 06:05:44
461340,4,HANARO 글로벌생성형AI액티브,43415,5,-625,-1.42,43501.0,-9.224,931,40,478,2026-09-29 06:05:44
476260,2,HANARO 반도체핵심공정주도주,14420,2,395,2.82,14423.0,-15.563,324240,4584,476,2026-09-29 06:05:44
0000Z0,2,RISE 바이오TOP10액티브,8080,5,-30,-0.37,8094.0,-21.2622,80824,647,473,2026-09-29 06:05:44
447430,2,ACE 주주환원가치주액티브,16530,5,-90,-0.54,16530.0,9.9521,21032,348,471,2026-09-29 06:05:44
442260,1,마이티 다이나믹퀀트액티브,37960,5,-525,-1.36,38310.0,-20.8128,51,1,471,2026-09-29 06:05:44
0086B0,2,TIGER 리츠부동산인프라TOP10액티브,9475,5,-50,-0.52,9484.0,1.6408,5670,53,464,2026-09-29 06:05:44
0020H0,4,KoAct 글로벌양자컴퓨팅액티브,22100,5,-230,-1.03,22246.0,-21.5115,6083,135,464,2026-09-29 06:05:44
305050,1,ACE 코스피,71380,5,-480,-0.67,71444.0,-17.9681,2719,194,464,2026-09-29 06:05:44
442090,2,에셋플러스 코리아대장장이액티브,30405,5,-20,-0.07,30514.0,-7.4525,70,2,456,2026-09-29 06:05:44
371470,4,TIGER 차이나바이오테크SOLACTIVE,8560,2,90,1.06,8587.0,10.0,26933,229,452,2026-09-29 06:05:44
473590,4,ACE 미국주식베스트셀러,19220,5,-360,-1.84,19285.0,-12.0198,39522,763,452,2026-09-29 06:05:44
453650,4,KODEX 미국S&P500금융,17990,5,-280,-1.53,18038.0,-8.3793,10085,181,450,2026-09-29 06:05:44
200030,4,KODEX 미국S&P500산업재(합성),39395,5,-600,-1.5,39510.0,-17.7566,1367,54,444,2026-09-29 06:05:44
375770,2,KODEX 탄소효율그린뉴딜,24625,5,-285,-1.14,24777.0,-15.7291,27,0,443,2026-09-29 06:05:44
196030,4,ACE 일본TOPIX레버리지(H),88600,5,-2025,-2.23,87207.0,6.0499,167,14,443,2026-09-29 06:05:44
276990,4,KODEX 글로벌로봇(합성),24895,5,-260,-1.03,24914.0,-13.3334,1438,35,441,2026-09-29 06:05:44
0141T0,6,SOL 중기종합채권(AA-이상)액티브,50195,2,30,0.06,50196.0,0.2798,1,0,438,2026-09-29 06:05:44
487130,2,KoAct AI인프라액티브,30075,2,335,1.13,30127.0,-13.7096,2698,80,436,2026-09-29 06:05:44
440650,6,ACE 미국달러단기채권액티브,11375,5,-80,-0.7,11373.0,-10.5079,14576,166,432,2026-09-29 06:05:44
0186S0,7,1Q 코스닥150채권혼합50액티브,8415,5,-45,-0.53,8452.0,-1.9906,193372,1622,429,2026-09-29 06:05:44
238720,4,ACE 일본Nikkei225(H),47355,5,-625,-1.3,47325.0,-4.7827,508,24,426,2026-09-29 06:05:44
0089C0,4,KODEX 미국S&P500변동성확대시커버드콜,11190,5,-115,-1.02,11219.0,-5.6239,586,6,425,2026-09-29 06:05:44
256750,4,KODEX 차이나심천ChiNext(합성),13850,5,-145,-1.04,13910.0,-33.2937,2263,31,424,2026-09-29 06:05:44
0194M0,2,ACE 삼성전자단일종목레버리지,11855,2,360,3.13,11912.0,-50.0218,42108,502,421,2026-09-29 06:05:44
491830,4,TIGER 미국AI반도체팹리스,22715,5,-310,-1.35,22761.0,-9.5511,42865,975,420,2026-09-29 06:05:44
0207G0,2,SOL 우주항공밸류체인,7200,5,-95,-1.3,7191.0,9.9472,376832,2668,418,2026-09-29 06:05:44
0191M0,6,마이티 5월만기자동연장특수채(AAA)액티브,100810,5,-25,-0.02,100819.0,0.6638,1,0,417,2026-09-29 06:05:44
0132H0,4,KODEX 미국원자력SMR,6935,5,-180,-2.53,6905.0,-29.4147,37326,259,413,2026-09-29 06:05:44
0112X0,1,마이티 200TR,41220,5,-45,-0.11,41163.0,-20.2917,20103,829,412,2026-09-29 06:05:44
100910,1,KIWOOM KRX100,17145,5,-40,-0.23,17142.0,-21.4285,488,8,411,2026-09-29 06:05:44
472830,6,RISE 미국30년국채커버드콜(합성),7360,5,-95,-1.27,7366.0,-19.1777,15629,115,408,2026-09-29 06:05:44
472840,1,IBK 200,108800,5,-205,-0.19,109041.0,-19.4657,926,100,408,2026-09-29 06:05:44
183700,7,RISE 200채권혼합50,96730,5,-150,-0.15,96339.0,-9.8917,509,49,406,2026-09-29 06:05:44
401170,2,RISE 메타버스,10400,5,-185,-1.75,10439.0,-10.1444,828,8,406,2026-09-29 06:05:44
448570,1,FOCUS AI코리아액티브,29755,5,-430,-1.42,29914.0,-8.848,5041,151,402,2026-09-29 06:05:44
322410,2,HANARO K고배당,22665,5,-265,-1.16,22703.0,9.3041,3302,74,397,2026-09-29 06:05:44
0197W0,2,SOL SK하이닉스단일종목레버리지,8860,5,-105,-1.17,8879.0,-69.1872,129988,1160,392,2026-09-29 06:05:44
275280,2,KODEX 모멘텀주,43185,5,-70,-0.16,43199.0,-20.2522,2578,111,389,2026-09-29 06:05:44
139280,2,TIGER 경기방어,12140,5,-70,-0.57,12144.0,4.7149,1359,16,388,2026-09-29 06:05:44
139320,5,TIGER 금은선물(H),17185,5,-135,-0.78,17188.0,3.0952,9019,154,387,2026-09-29 06:05:44
494840,4,TIGER 미국방산TOP10,11515,5,-225,-1.92,11493.0,-12.4007,4620,53,386,2026-09-29 06:05:44
469050,4,RISE 미국반도체NYSE(H),33500,5,-185,-0.55,33698.0,-8.0886,5385,180,385,2026-09-29 06:05:44
0189B0,5,TIGER 은액티브,7475,5,-160,-2.1,7458.0,-3.1092,57234,428,385,2026-09-29 06:05:44
428510,4,KODEX 차이나AI테크액티브,22300,5,-350,-1.55,22360.0,-33.4682,4327,96,379,2026-09-29 06:05:44
195930,4,TIGER 유로스탁스50(합성 H),23040,2,80,0.35,23212.0,0.3935,4343,100,369,2026-09-29 06:05:44
449690,4,TIGER 한중반도체(합성),49090,2,380,0.78,48908.0,-28.3637,4,0,368,2026-09-29 06:05:44
0007G0,4,PLUS 글로벌원자력밸류체인,12040,5,-235,-1.91,11963.0,-21.8153,15887,191,367,2026-09-29 06:05:44
450910,1,SOL 코스닥150,13915,2,85,0.61,13967.0,-7.3678,78784,1086,365,2026-09-29 06:05:44
0234N0,2,KIWOOM 삼성SK그룹TOP4+,10395,2,40,0.39,10409.0,,360933,3744,364,2026-09-29 06:05:44
352540,7,KODEX 일본부동산리츠(H),10680,5,-175,-1.61,10739.0,-3.3872,7754,83,363,2026-09-29 06:05:44
147970,2,TIGER 모멘텀,78430,5,-1375,-1.72,78585.0,-14.0033,9696,769,361,2026-09-29 06:05:44
365000,2,TIGER 인터넷TOP10,3550,5,-45,-1.25,3555.0,-2.8379,106010,377,359,2026-09-29 06:05:44
0192L0,2,RISE SK하이닉스단일종목레버리지,9190,5,-105,-1.13,9246.0,-68.0914,21993,202,358,2026-09-29 06:05:44
0085N0,6,ACE 미국10년국채액티브(H),9420,5,-30,-0.32,9424.0,-4.4747,61534,579,358,2026-09-29 06:05:44
494410,4,PLUS 미국S&P500성장주,14275,5,-80,-0.56,14255.0,-4.5798,4225,60,357,2026-09-29 06:05:44
276650,4,RISE 글로벌테크놀로지(합성 H),47560,5,-635,-1.32,47807.0,7.5181,676,32,357,2026-09-29 06:05:44
400970,2,TIGER Fn메타버스,7060,5,-105,-1.47,7070.0,-7.727,23587,168,353,2026-09-29 06:05:44
104530,2,KIWOOM 코리아고배당,17130,5,-255,-1.47,17133.0,7.8598,9412,161,351,2026-09-29 06:05:44
276970,4,KODEX 미국S&P500배당귀족커버드콜(합성 H),7465,2,40,0.54,7492.0,-0.1597,6662,49,351,2026-09-29 06:05:44
241390,7,RISE V&S셀렉트밸류채권혼합,15835,5,-20,-0.13,15718.0,-1.4606,2667,41,348,2026-09-29 06:05:44
0023B0,4,PLUS 미국양자컴퓨팅TOP10,16080,5,-345,-2.1,16187.0,-12.4,11937,193,346,2026-09-29 06:05:44
407830,4,에셋플러스 글로벌플랫폼액티브,14375,5,-250,-1.71,14428.0,-8.2785,309,4,345,2026-09-29 06:05:44
0184E0,7,1Q 200채권혼합50액티브,11075,5,-15,-0.14,11079.0,-9.5272,106553,1182,343,2026-09-29 06:05:44
464470,6,PLUS 미국채30년액티브,44840,5,-545,-1.2,44949.0,-18.825,20491,921,343,2026-09-29 06:05:44
0204S0,1,TIGER 코스닥액티브,7725,2,130,1.71,7743.0,-4.8246,170355,1297,342,2026-09-29 06:05:44
385520,2,KODEX 자율주행액티브,15850,5,-10,-0.06,15871.0,-8.456,2748,43,341,2026-09-29 06:05:44
266360,2,KODEX K콘텐츠,9185,5,-195,-2.08,9188.0,0.6977,30303,280,340,2026-09-29 06:05:44
474800,4,KIWOOM 미국원유에너지기업,15375,5,-85,-0.55,15310.0,1.3153,17868,273,338,2026-09-29 06:05:44
475270,6,ACE 5월만기자동연장회사채AA-이상액티브,10735,3,0,0.0,10742.0,0.6563,8,0,338,2026-09-29 06:05:44
0154F0,2,WON 초대형IB&금융지주,12275,5,-95,-0.77,12295.0,8.5087,6850,83,338,2026-09-29 06:05:44
380340,2,ACE 코리아AI테크핵심산업,27965,5,-230,-0.82,28067.0,-14.8574,1319,37,336,2026-09-29 06:05:44
449780,4,KIWOOM 미국S&P500(H),18625,5,-70,-0.37,18658.0,4.1773,12117,226,335,2026-09-29 06:05:44
0089B0,7,PLUS 미국나스닥100미국채혼합50,11130,5,-95,-0.85,11151.0,-8.719,12738,142,334,2026-09-29 06:05:44
452250,6,ACE 미국30년국채선물레버리지(합성 H),4305,5,-40,-0.92,4307.0,-17.8639,13915,59,334,2026-09-29 06:05:44
0100K0,2,KODEX 방산TOP10레버리지,5515,5,-340,-5.81,5511.0,-24.9359,386500,2149,331,2026-09-29 06:05:44
138910,5,KODEX 구리선물(H),10015,5,-35,-0.35,10023.0,8.0645,10107,100,330,2026-09-29 06:05:44
261250,7,KODEX 미국달러선물레버리지,15360,5,-180,-1.16,15369.0,-20.6941,82848,1279,330,2026-09-29 06:05:44
465350,3,RISE 2차전지TOP10인버스(합성),16500,2,670,4.23,16682.0,-19.3992,50441,824,330,2026-09-29 06:05:44
498860,2,RISE 코리아금융고배당,16440,5,-205,-1.23,16470.0,1.5835,3547,58,329,2026-09-29 06:05:44
117460,2,KODEX 에너지화학,13785,5,-540,-3.77,13798.0,15.0432,21584,298,328,2026-09-29 06:05:44
491090,4,KODEX 미국테크TOP3플러스,18225,5,-125,-0.68,18289.0,1.6634,9779,178,328,2026-09-29 06:05:44
459560,4,KODEX 테슬라밸류체인FactSet,21860,5,-250,-1.13,21931.0,-15.5195,914,20,328,2026-09-29 06:05:44
0083S0,4,1Q 미국메디컬AI,12090,5,-10,-0.08,12155.0,12.6342,53912,653,326,2026-09-29 06:05:44
099140,4,KODEX 차이나H,20365,5,-245,-1.19,20339.0,-0.9016,10917,222,326,2026-09-29 06:05:44
105780,2,RISE 5대그룹주,16260,5,-150,-0.91,16348.0,-21.1058,1582,25,325,2026-09-29 06:05:44
0138T0,4,RISE 미국S&P500데일리고정커버드콜,9245,5,-85,-0.91,9270.0,-6.7177,9160,84,324,2026-09-29 06:05:44
122260,6,KIWOOM 통안채1년,104185,5,-15,-0.01,104170.0,0.5015,1277,133,323,2026-09-29 06:05:44
475070,4,KoAct 글로벌친환경전력인프라액티브,28870,5,-790,-2.66,28989.0,-21.295,5046,145,318,2026-09-29 06:05:44
156080,1,KODEX MSCI Korea,52365,5,-125,-0.24,52379.0,-20.6626,1810,94,314,2026-09-29 06:05:44
252710,3,TIGER 200선물인버스2X,79,3,0,0.0,79.0,8.2191,184460666,14535,314,2026-09-29 06:05:44
261140,2,TIGER 우선주,24510,5,-300,-1.21,24528.0,-8.5686,19755,486,314,2026-09-29 06:05:44
217770,5,TIGER 원유선물인버스(H),1080,5,-2,-0.18,1079.0,-32.6277,373820,404,313,2026-09-29 06:05:44
139270,2,TIGER 200 금융,17020,5,-170,-0.99,17036.0,7.5492,11913,202,313,2026-09-29 06:05:44
275290,2,KODEX 가치주,34765,5,-215,-0.61,34858.0,-16.664,1969,68,313,2026-09-29 06:05:44
322400,2,HANARO e커머스,9480,5,-205,-2.12,9486.0,-5.1421,1065,10,313,2026-09-29 06:05:44
395290,2,HANARO Fn K-POP&미디어,4875,5,-20,-0.41,4886.0,-0.1021,17666,86,310,2026-09-29 06:05:44
446690,4,KODEX 아시아AI반도체exChina액티브,61850,5,-570,-0.91,61952.0,-22.004,863,53,309,2026-09-29 06:05:44
468630,6,KODEX iShares미국투자등급회사채액티브,10270,5,-90,-0.87,10277.0,-15.6957,18318,188,309,2026-09-29 06:05:44
469790,2,KIWOOM 코리아테크TOP10,43870,2,555,1.28,43846.0,-21.0349,501,21,307,2026-09-29 06:05:44
465660,4,TIGER 일본반도체FACTSET,24515,2,90,0.37,24700.0,-23.2829,7682,188,306,2026-09-29 06:05:44
426150,6,WON 대한민국국고채액티브,50895,2,195,0.38,50930.0,-2.0953,298,15,306,2026-09-29 06:05:44
261060,2,TIGER 코스닥150IT,26860,2,735,2.81,26897.0,-2.9172,20055,530,306,2026-09-29 06:05:44
395170,2,KODEX Top10동일가중,15275,5,-185,-1.2,15287.0,-24.224,1046,15,306,2026-09-29 06:05:44
459750,4,RISE 글로벌주식분산액티브,17385,5,-280,-1.59,17441.0,-8.303,3582,62,304,2026-09-29 06:05:44
0166N0,1,PLUS 코스닥150액티브,8670,2,100,1.17,8679.0,-0.5801,27300,233,303,2026-09-29 06:05:44
0218J0,7,RISE 미국우주&로봇TOP2미국채혼합50,8920,5,-205,-2.25,8917.0,,67944,606,303,2026-09-29 06:05:44
153270,1,KIWOOM 코스피100,84045,5,-360,-0.43,84268.0,-21.0982,814,68,303,2026-09-29 06:05:44
174360,4,RISE 중국본토대형주CSI100,21585,5,-10,-0.05,21613.0,-20.3284,1188,25,302,2026-09-29 06:05:44
494340,4,ACE 글로벌AI맞춤형반도체,20145,5,-590,-2.85,20222.0,-19.6163,6554,132,302,2026-09-29 06:05:44
0150K0,2,KoAct 수소전력ESS인프라액티브,10790,5,-270,-2.44,10811.0,14.2561,14840,160,302,2026-09-29 06:05:44
476690,4,TIGER 글로벌비만치료제TOP2Plus,10030,5,-35,-0.35,10051.0,-12.8788,4849,48,301,2026-09-29 06:05:44
248270,4,TIGER S&P글로벌헬스케어(합성),25910,5,-110,-0.42,26010.0,-4.8803,11090,288,301,2026-09-29 06:05:44
227540,2,TIGER 200 헬스케어,18045,5,-230,-1.26,18098.0,5.5443,28313,515,300,2026-09-29 06:05:44
0192M0,2,RISE 삼성전자단일종목레버리지,12035,2,390,3.35,12072.0,-49.5014,32330,391,298,2026-09-29 06:05:44
0192T0,2,SOL 코스닥TOP10,6925,5,-50,-0.72,6944.0,-13.3002,535730,3701,298,2026-09-29 06:05:44
245350,4,TIGER 유로스탁스배당30,18530,5,-90,-0.48,18562.0,-5.8108,2422,44,296,2026-09-29 06:05:44
387270,4,TIGER 글로벌이노베이션액티브,25445,5,-565,-2.17,25521.0,-14.1585,375,9,295,2026-09-29 06:05:44
145850,2,TREX 펀더멘탈 200,117995,3,0,0.0,116706.0,-7.0419,0,0,295,2026-09-29 06:05:44
450190,4,KODEX 한중반도체(합성),48910,2,220,0.45,49309.0,-30.4479,165,8,293,2026-09-29 06:05:44
192720,2,파워 고배당저변동성,57455,5,-600,-1.03,57455.0,8.3427,743,42,293,2026-09-29 06:05:44
459790,4,KIWOOM 미국성장기업30액티브,20155,5,-515,-2.49,20181.0,-12.1921,37,0,292,2026-09-29 06:05:44
117680,2,KODEX 철강,11915,5,-305,-2.5,11927.0,12.968,58038,697,292,2026-09-29 06:05:44
256440,4,ACE MSCI인도네시아(합성),4755,5,-25,-0.52,4775.0,-11.235,22249,105,290,2026-09-29 06:05:44
0155N0,2,HANARO K휴머노이드테마TOP10,7425,5,-170,-2.24,7457.0,-1.9368,24373,182,290,2026-09-29 06:05:44
253250,3,KIWOOM 200선물레버리지,99520,5,-485,-0.48,99860.0,-44.7594,3009,300,289,2026-09-29 06:05:44
464920,4,PLUS 일본반도체소부장,23930,5,-550,-2.25,23492.0,-18.7251,6978,167,287,2026-09-29 06:05:44
496770,4,PLUS 글로벌방산,15765,5,-210,-1.31,15787.0,-7.739,6144,96,284,2026-09-29 06:05:44
415920,5,PLUS 글로벌희토류&전략자원생산기업,6025,5,-140,-2.27,5959.0,-30.7693,84435,507,283,2026-09-29 06:05:44
352560,7,KODEX 미국부동산리츠(H),11555,5,-10,-0.09,11546.0,-5.8195,4048,46,283,2026-09-29 06:05:44
489290,4,WON 미국빌리어네어,14620,5,-205,-1.38,14685.0,-2.6273,2619,38,278,2026-09-29 06:05:44
223190,2,KODEX 200가치저변동,27585,5,-305,-1.09,27590.0,-5.2975,1175,32,276,2026-09-29 06:05:44
476070,4,KODEX 글로벌비만치료제TOP2 Plus,10375,5,-125,-1.19,10366.0,-10.6774,28533,296,275,2026-09-29 06:05:44
0224X0,7,1Q 엔비디아알파벳미국채혼합50,9645,5,-5,-0.05,9662.0,,50790,491,275,2026-09-29 06:05:44
289480,3,TIGER 200커버드콜,13075,5,-25,-0.19,13138.0,9.4916,10649,139,275,2026-09-29 06:05:44
0223R0,4,TIGER 미국테크NYSE100액티브,9450,5,-195,-2.02,9500.0,,12612,119,274,2026-09-29 06:05:44
415340,4,KODEX 차이나과창판STAR50(합성),13175,5,-85,-0.64,13274.0,-31.2598,14538,192,273,2026-09-29 06:05:44
0107F0,4,KIWOOM 미국고배당&AI테크,10880,5,-80,-0.73,10898.0,-10.3368,2661,29,272,2026-09-29 06:05:44
271060,5,KODEX 3대농산물선물(H),8800,5,-85,-0.96,8863.0,14.4236,52619,461,272,2026-09-29 06:05:44
0155M0,4,ACE 미국SMR원자력TOP10,6035,5,-170,-2.74,6029.0,-23.8651,25441,154,272,2026-09-29 06:05:44
0049K0,7,ACE 미국배당퀄리티채권혼합50,10945,5,-30,-0.27,10929.0,-4.2166,9428,103,268,2026-09-29 06:05:44
0013R0,7,RISE 테슬라미국채타겟커버드콜혼합(합성),7415,5,-200,-2.63,7382.0,-15.6664,10444,77,267,2026-09-29 06:05:44
0137W0,4,KIWOOM 미국S&P500&GOLD,10160,5,-65,-0.64,10157.0,-6.5316,2838,28,264,2026-09-29 06:05:44
0152E0,2,SOL 배당성향탑픽액티브,10670,5,-45,-0.42,10686.0,2.2697,32405,346,261,2026-09-29 06:05:44
167860,6,KIWOOM 국고채10년레버리지,90080,2,555,0.62,90285.0,-4.8417,2,0,261,2026-09-29 06:05:44
437350,6,RISE 미국단기투자등급회사채액티브,11820,5,-80,-0.67,11798.0,-12.2743,16047,190,260,2026-09-29 06:05:44
0203S0,7,WON 삼성전자현대차채권혼합50,8480,5,-65,-0.76,8495.0,-9.9104,14315,121,259,2026-09-29 06:05:44
440340,7,TIGER 글로벌멀티에셋TIF액티브,11470,5,-10,-0.09,11456.0,-12.5181,9181,105,258,2026-09-29 06:05:44
277540,4,ACE 아시아TOP50,32240,5,-415,-1.27,32148.0,-9.8302,957,30,258,2026-09-29 06:05:44
475380,7,RISE 글로벌리얼티인컴,9680,5,-40,-0.41,9637.0,-14.5575,6442,62,257,2026-09-29 06:05:44
0047R0,4,RISE 팔란티어고정테크100,15375,5,-210,-1.35,15451.0,9.5538,1876,28,254,2026-09-29 06:05:44
493420,4,SOL 미국배당다우존스2호,12065,5,-160,-1.31,12050.0,-6.938,3844,46,253,2026-09-29 06:05:44
483570,4,KCGI 미국S&P500 TOP10,15805,5,-155,-0.97,15869.0,1.3333,1590,25,253,2026-09-29 06:05:44
481340,6,RISE 미국30년국채액티브,7940,5,-110,-1.37,7956.0,-19.9768,184859,1472,250,2026-09-29 06:05:44
139250,2,TIGER 200 에너지화학,17605,5,-640,-3.51,17644.0,3.0814,35632,633,250,2026-09-29 06:05:44
0115C0,4,RISE 미국고배당다우존스TOP10,10620,5,-50,-0.47,10626.0,-9.387,2817,29,250,2026-09-29 06:05:44
496120,1,ACE 코리아밸류업,33245,5,-175,-0.52,33272.0,-16.4321,1070,35,249,2026-09-29 06:05:44
292500,1,SOL KRX300,49225,5,-410,-0.83,49482.0,-18.2334,22,1,246,2026-09-29 06:05:44
245360,4,TIGER 차이나HSCEI,11715,5,-215,-1.8,11749.0,-0.0954,62884,737,246,2026-09-29 06:05:44
0209Z0,2,ACE 코리아AI전력TOP10,6995,5,-135,-1.89,6994.0,-7.4627,135315,946,245,2026-09-29 06:05:44
0164G0,4,RISE 차이나AI반도체TOP4Plus,11615,5,-130,-1.11,11617.0,-35.8548,5483,63,244,2026-09-29 06:05:44
0238C0,7,IBK 한미대표기업TOP2+채권혼합50액티브,10140,2,35,0.35,10166.0,,1092,11,243,2026-09-29 06:05:44
295020,6,RISE 국채선물10년인버스,61420,5,-195,-0.32,61324.0,3.4155,5,0,243,2026-09-29 06:05:44
0097L0,7,KIWOOM 한국고배당&미국AI테크,12435,5,-85,-0.68,12440.0,2.281,1291,16,242,2026-09-29 06:05:44
159800,1,마이티 코스피100,86530,5,-320,-0.37,86679.0,-21.0491,3,0,242,2026-09-29 06:05:44
292160,1,TIGER KRX300,48325,5,-285,-0.59,48549.0,-19.7825,6123,297,242,2026-09-29 06:05:44
367740,2,HANARO Fn5G산업,43830,2,80,0.18,43954.0,-9.2324,200,8,241,2026-09-29 06:05:44
185680,4,KODEX 미국S&P바이오(합성),44995,2,460,1.03,45294.0,-8.3831,3399,153,239,2026-09-29 06:05:44
0239Z0,2,PLUS AI반도체소부장액티브,11610,2,415,3.71,11614.0,,431016,4945,238,2026-09-29 06:05:44
368190,2,HANARO Fn K-뉴딜디지털플러스,7420,5,-200,-2.62,7423.0,4.5267,170,1,237,2026-09-29 06:05:44
479850,2,HANARO K-뷰티,17545,5,-205,-1.15,17625.0,21.8256,24676,433,237,2026-09-29 06:05:44
195970,4,PLUS 선진국MSCI(합성 H),16130,2,15,0.09,16041.0,1.7361,7530,121,235,2026-09-29 06:05:44
414270,4,ACE 글로벌자율주행액티브,11185,5,-315,-2.74,11184.0,-13.6961,2432,27,235,2026-09-29 06:05:44
364690,1,KODEX 혁신기술테마액티브,39135,5,-170,-0.43,39104.0,-20.136,17,0,235,2026-09-29 06:05:44
0093D0,7,KoAct 팔란티어밸류체인액티브,17995,5,-410,-2.23,18028.0,-10.1977,2209,39,234,2026-09-29 06:05:44
442550,7,RISE TDF2030액티브 적격,14615,5,-60,-0.41,14559.0,-5.7302,5396,78,234,2026-09-29 06:05:44
0198D0,2,1Q SK하이닉스선물단일종목레버리지,9360,5,-145,-1.53,9398.0,-68.8514,41994,396,231,2026-09-29 06:05:44
138230,7,KIWOOM 미국달러선물,15920,5,-65,-0.41,15911.0,-10.7482,1785,28,231,2026-09-29 06:05:44
0103T0,2,1Q K소버린AI,8060,5,-125,-1.53,8075.0,4.7344,28751,232,230,2026-09-29 06:05:44
0206G0,7,1Q 현대차기아채권혼합50,7725,5,-70,-0.9,7736.0,-9.4658,207718,1603,228,2026-09-29 06:05:44
0192S0,7,SOL 코스피200채권혼합50,9475,3,0,0.0,9477.0,-10.2776,108127,1023,227,2026-09-29 06:05:44
0177A0,2,WON 두산그룹포커스,9085,5,-250,-2.68,9086.0,-4.939,40172,366,227,2026-09-29 06:05:44
388280,2,RISE K엔터&여행레저,6945,5,-115,-1.63,6953.0,-11.195,1419,9,226,2026-09-29 06:05:44
0047P0,4,RISE 테슬라고정테크100,14420,5,-235,-1.6,14482.0,-5.4177,908,13,224,2026-09-29 06:05:44
280930,4,KODEX 미국러셀2000(H),15895,5,-35,-0.22,15922.0,-6.3768,1628,25,223,2026-09-29 06:05:44
419430,4,KODEX 차이나2차전지MSCI(합성),7900,5,-35,-0.44,7916.0,-28.9297,2004,15,221,2026-09-29 06:05:44
300950,2,KODEX 게임산업,5250,5,-120,-2.23,5258.0,1.3207,15824,83,221,2026-09-29 06:05:44
376410,2,TIGER 탄소효율그린뉴딜,24495,5,-95,-0.39,24535.0,-16.684,290,7,220,2026-09-29 06:05:44
375760,2,HANARO 탄소효율그린뉴딜,24405,5,-175,-0.71,24449.0,-16.156,377,9,220,2026-09-29 06:05:44
261120,7,TIGER 미국달러선물인버스2X,5485,2,50,0.92,5504.0,25.6647,2674,14,219,2026-09-29 06:05:44
0127R0,4,RISE 미국AI클라우드인프라,16245,5,-220,-1.34,16320.0,-18.0554,2019,32,219,2026-09-29 06:05:44
239660,6,PLUS 우량회사채50,121750,2,60,0.05,121748.0,0.5162,932,113,219,2026-09-29 06:05:44
225130,4,ACE 골드선물 레버리지(합성 H),43385,5,-650,-1.48,42989.0,5.8024,2443,104,217,2026-09-29 06:05:44
108590,1,TREX 200,108440,5,-730,-0.67,109115.0,-20.3494,15,1,217,2026-09-29 06:05:44
447660,7,PLUS 애플채권혼합,13860,5,-30,-0.22,13870.0,3.4538,12835,177,215,2026-09-29 06:05:44
411540,1,SOL 200 Top10,16455,5,-345,-2.05,16483.0,-14.6686,2137,35,214,2026-09-29 06:05:44
0026E0,4,KODEX 미국S&P500버퍼3월액티브,11560,5,-65,-0.56,11601.0,-7.2967,47,0,214,2026-09-29 06:05:44
0186L0,4,KoAct 미국로봇피지컬AI액티브,9275,5,-210,-2.21,9321.0,-21.221,11207,104,213,2026-09-29 06:05:44
269420,4,KODEX S&P글로벌인프라(합성),20585,5,-140,-0.68,20645.0,-18.5979,937,19,212,2026-09-29 06:05:44
461600,6,SOL 미국30년국채액티브(H),7980,5,-35,-0.44,7967.0,-8.8687,16349,130,211,2026-09-29 06:05:44
433220,4,에셋플러스 글로벌대장장이액티브,28530,5,-390,-1.35,28639.0,-17.5011,100,2,211,2026-09-29 06:05:44
464600,2,SOL 자동차소부장Fn,23270,5,-25,-0.11,23298.0,-10.4556,13709,317,209,2026-09-29 06:05:44
0239Y0,2,PLUS 코리아HBM반도체,10460,2,205,2.0,10488.0,,127271,1323,209,2026-09-29 06:05:44
469160,4,ACE 일본반도체,24485,2,75,0.31,24509.0,-25.2832,8889,217,208,2026-09-29 06:05:44
337120,2,KODEX 멀티팩터,34565,5,-315,-0.9,34635.0,-17.5347,14,0,207,2026-09-29 06:05:44
471460,6,KIWOOM 국고채30년액티브,45000,2,240,0.54,44928.0,-4.5452,667,29,207,2026-09-29 06:05:44
204450,4,KODEX 차이나H레버리지(H),2155,5,-20,-0.92,2170.0,18.0781,37838,81,207,2026-09-29 06:05:44
0231Z0,7,KODEX 코리아TDF2065액티브 적격,10275,5,-45,-0.44,10323.0,,343544,3531,206,2026-09-29 06:05:44
253290,7,RISE 헬스케어채권혼합,11405,5,-50,-0.44,11452.0,-2.2194,4391,49,205,2026-09-29 06:05:44
300640,2,RISE 게임테마,6310,5,-135,-2.09,6317.0,8.2283,408,2,205,2026-09-29 06:05:44
226980,1,KODEX 200 중소형,22755,5,-295,-1.28,22822.0,2.7542,4502,102,205,2026-09-29 06:05:44
0223A0,2,RISE 코스닥커버드콜액티브,11370,2,190,1.7,11392.0,,106259,1192,205,2026-09-29 06:05:44
371450,4,TIGER 글로벌클라우드컴퓨팅INDXX,13430,5,-170,-1.25,13470.0,16.5381,4802,64,204,2026-09-29 06:05:44
091220,2,TIGER 은행,17295,5,-45,-0.26,17298.0,20.4857,26108,450,204,2026-09-29 06:05:44
152380,6,KODEX 국채선물10년,64170,2,155,0.24,64323.0,-2.2448,608,39,204,2026-09-29 06:05:44
289040,2,KODEX MSCI KOREA ESG유니버설,33845,5,-85,-0.25,33823.0,-15.4793,210,7,203,2026-09-29 06:05:44
477730,4,KODEX 인도타타그룹,6865,5,-80,-1.15,6865.0,-15.5396,4331,29,203,2026-09-29 06:05:44
0190M0,4,KIWOOM 미국AI테크하이베타,8400,5,-180,-2.1,8436.0,-25.5209,5078,42,202,2026-09-29 06:05:44
304770,1,HANARO 코스닥150,14160,2,45,0.32,14272.0,-7.5639,2377,33,201,2026-09-29 06:05:44
489000,6,PLUS 일본엔화초단기국채(합성),9120,5,-45,-0.49,9131.0,-8.7152,19881,181,201,2026-09-29 06:05:44
289250,2,TIGER MSCI KOREA ESG유니버설,35020,5,-435,-1.23,35194.0,-17.5084,19,0,200,2026-09-29 06:05:44
417630,2,TIGER KEDI혁신기업ESG30,18995,5,-295,-1.53,19015.0,-3.9582,26054,501,199,2026-09-29 06:05:44
461450,1,KODEX 코스닥글로벌,15300,5,-90,-0.58,15446.0,-7.5676,3221,49,199,2026-09-29 06:05:44
364990,2,TIGER 게임TOP10,4400,5,-100,-2.22,4406.0,-1.4239,116980,518,198,2026-09-29 06:05:44
0241R0,7,TIGER 현대차LG전자고정피지컬AI밸류체인,9895,5,-145,-1.44,9897.0,,393119,3886,198,2026-09-29 06:05:44
379790,4,RISE 유로스탁스50(H),17160,2,105,0.62,17128.0,1.1687,4317,74,197,2026-09-29 06:05:44
463300,4,RISE 중국본토CSI300,12330,5,-85,-0.68,12404.0,-18.2021,961,11,197,2026-09-29 06:05:44
437070,6,KODEX 아시아달러채권ESG플러스액티브,56625,5,-370,-0.65,56581.0,-14.3348,767,43,196,2026-09-29 06:05:44
456680,4,TIGER 차이나전기차레버리지(합성),4780,5,-45,-0.93,4800.0,-44.7309,26220,124,195,2026-09-29 06:05:44
284980,2,RISE 200금융,22645,5,-340,-1.48,22656.0,8.4588,3212,72,195,2026-09-29 06:05:44
404120,2,TIME K신재생에너지액티브,24305,5,-745,-2.97,24436.0,-10.3115,294,7,194,2026-09-29 06:05:44
0153X0,4,PLUS 미국고배당주액티브,10490,5,-160,-1.5,10489.0,-5.2896,49656,522,194,2026-09-29 06:05:44
0067V0,4,TIGER 차이나글로벌리더스TOP3+,8780,5,-180,-2.01,8889.0,-18.4343,12471,110,193,2026-09-29 06:05:44
465670,4,TIGER 미국캐시카우100,15445,5,-335,-2.12,15596.0,-1.6899,17085,264,193,2026-09-29 06:05:44
169950,4,KODEX 차이나A50,23900,5,-120,-0.5,24057.0,-15.8817,466,11,191,2026-09-29 06:05:44
438320,4,TIGER 차이나항셍테크레버리지(합성 H),4415,5,-110,-2.43,4423.0,-0.6587,14093,62,191,2026-09-29 06:05:44
416090,4,ACE 중국과창판STAR50,11900,5,-10,-0.08,11971.0,-32.7689,6861,81,190,2026-09-29 06:05:44
304760,1,HANARO KRX300,47425,5,-380,-0.79,47626.0,-18.6219,50,2,190,2026-09-29 06:05:44
404260,2,KODEX 기후변화솔루션,23505,5,-490,-2.04,23528.0,-5.2175,480,11,188,2026-09-29 06:05:44
487950,4,KODEX 대만테크고배당다우존스,12955,5,-60,-0.46,12931.0,-5.6615,3489,45,188,2026-09-29 06:05:44
228820,1,TIGER KTOP30,18735,5,-195,-1.03,18768.0,-15.1378,3149,59,187,2026-09-29 06:05:44
183710,7,RISE 주식혼합,93560,5,-145,-0.15,93385.0,-14.8098,143,13,187,2026-09-29 06:05:44
497780,4,KoAct 미국천연가스인프라액티브,9820,5,-75,-0.76,9798.0,-15.7156,9908,97,187,2026-09-29 06:05:44
461910,4,PLUS 미국테크TOP10레버리지(합성),37275,5,-895,-2.34,37513.0,4.2468,149,5,186,2026-09-29 06:05:44
229720,1,KODEX KTOP30,37005,5,-475,-1.27,37191.0,-14.9282,132,4,185,2026-09-29 06:05:44
445910,2,TIGER MKF배당귀족,20460,5,-195,-0.94,20464.0,7.4378,1905,38,184,2026-09-29 06:05:44
0104P0,2,TIGER 코리아배당다우존스위클리커버드콜,10795,5,-130,-1.19,10826.0,9.1836,23675,257,184,2026-09-29 06:05:44
213630,4,PLUS 미국다우존스고배당주(합성 H),19900,5,-40,-0.2,19949.0,-0.6973,2052,40,183,2026-09-29 06:05:44
445690,2,BNK 주주가치액티브,30360,5,-175,-0.57,30207.0,-9.9927,2,0,182,2026-09-29 06:05:44
276000,4,TIGER 글로벌자원생산기업(합성 H),20225,5,-150,-0.74,20319.0,9.4547,782,15,182,2026-09-29 06:05:44
461900,4,PLUS 미국테크TOP10,22695,5,-260,-1.13,22751.0,3.2613,765,17,182,2026-09-29 06:05:44
0018Z0,4,RISE 미국양자컴퓨팅,17895,5,-245,-1.35,17982.0,-11.5599,5182,93,179,2026-09-29 06:05:44
381560,2,HANARO Fn전기&수소차,17000,5,-575,-3.27,17067.0,-3.4197,1270,21,179,2026-09-29 06:05:44
0144M0,4,KODEX 미국드론UAM TOP10,6475,5,-215,-3.21,6479.0,-19.4946,5768,37,178,2026-09-29 06:05:44
227830,1,PLUS 코스피,70815,5,-860,-1.2,71133.0,-17.8851,860,61,177,2026-09-29 06:05:44
407310,1,HANARO 200 TOP10,16090,5,-360,-2.19,16133.0,-14.1356,200,3,177,2026-09-29 06:05:44
195920,4,TIGER 일본TOPIX(합성 H),35395,5,-30,-0.08,34761.0,3.491,16811,590,177,2026-09-29 06:05:44
449580,7,RISE 테슬라애플아마존채권혼합,16060,5,-110,-0.68,16047.0,-0.5115,3371,54,177,2026-09-29 06:05:44
0198B0,2,1Q 삼성전자선물단일종목레버리지,12180,2,315,2.65,12297.0,-50.48,220007,2704,174,2026-09-29 06:05:44
292050,1,RISE KRX300,49655,5,-265,-0.53,49750.0,-19.7299,222,11,174,2026-09-29 06:05:44
391670,1,HK 베스트일레븐액티브,28900,5,-165,-0.57,29048.0,-22.2342,57,1,173,2026-09-29 06:05:44
385600,2,ACE 2차전지&친환경차액티브,11550,5,-195,-1.66,11560.0,-3.6901,2842,32,173,2026-09-29 06:05:44
289260,2,TIGER MSCI KOREA ESG리더스,28800,5,-305,-1.05,28848.0,-16.1844,14286,414,173,2026-09-29 06:05:44
225060,4,TIGER 이머징마켓MSCI레버리지(합성 H),16230,5,-295,-1.79,16268.0,0.7621,98,1,172,2026-09-29 06:05:44
0065G0,4,KODEX 차이나테크TOP10,8000,5,-140,-1.72,8059.0,-9.1955,6944,55,172,2026-09-29 06:05:44
0086C0,7,TIGER 리츠부동산인프라10채권혼합액티브,9815,5,-10,-0.1,9810.0,1.0736,3142,30,172,2026-09-29 06:05:44
0193L0,2,PLUS 삼성전자선물단일종목인버스2X,7950,5,-320,-3.87,7985.0,-28.9214,1731032,13720,172,2026-09-29 06:05:44
0203R0,6,WON 중단기종합채권(A-이상)액티브,50380,3,0,0.0,50407.0,0.5187,0,0,171,2026-09-29 06:05:44
468370,6,KODEX iShares미국인플레이션국채액티브,10155,5,-80,-0.78,10159.0,-14.1422,7311,74,170,2026-09-29 06:05:44
457690,6,KODEX 33-06 국고채액티브,10425,2,35,0.34,10423.0,-1.1888,18719,194,169,2026-09-29 06:05:44
0105D0,2,SOL 한국AI소프트웨어,8860,5,-175,-1.94,8891.0,0.0553,10429,93,168,2026-09-29 06:05:44
460660,4,RISE 미국S&P배당킹,11185,5,-20,-0.18,11153.0,-11.6727,2611,29,168,2026-09-29 06:05:44
415760,4,SOL 차이나육성산업액티브(합성),12185,5,-120,-0.98,12338.0,-31.0258,10046,123,166,2026-09-29 06:05:44
477490,4,에셋플러스 글로벌일등기업포커스10액티브,18340,5,-175,-0.95,18386.0,-13.3396,320,5,165,2026-09-29 06:05:44
483330,4,ACE 마이크로소프트밸류체인액티브,14970,5,-330,-2.16,14987.0,10.629,2850,42,165,2026-09-29 06:05:44
130680,5,TIGER 원유선물Enhanced(H),8030,2,10,0.12,8033.0,39.4782,32061,256,165,2026-09-29 06:05:44
250730,4,RISE 차이나HSCEI(H),9670,2,30,0.31,9723.0,11.574,300,2,164,2026-09-29 06:05:44
494420,2,PLUS 미국배당증가성장주데일리커버드콜,8610,5,-70,-0.81,8603.0,-12.356,4383,37,164,2026-09-29 06:05:44
474920,4,에셋플러스 차이나일등기업포커스10액티브,17320,5,-80,-0.46,17323.0,-16.8261,439,7,163,2026-09-29 06:05:44
0233N0,4,RISE 글로벌AI낸드메모리반도체,10830,5,-45,-0.41,10898.0,,55916,605,162,2026-09-29 06:05:44
451600,6,PLUS 국고채30년액티브,83655,2,315,0.38,83819.0,-4.4978,28,2,162,2026-09-29 06:05:44
265690,4,ACE 러시아MSCI(합성),8535,3,0,0.0,48.0,0.0,0,0,158,2026-09-29 06:05:44
219390,4,RISE 미국S&P원유생산기업(합성 H),7850,5,-60,-0.76,7941.0,17.8837,6204,48,157,2026-09-29 06:05:44
131890,2,ACE 삼성그룹동일가중,39130,5,-690,-1.73,39312.0,-6.2729,42,1,157,2026-09-29 06:05:44
419650,4,PLUS 글로벌수소&차세대연료전지,4702,5,-193,-3.94,4628.0,-19.8855,16258,76,155,2026-09-29 06:05:44
332620,6,PLUS 미국장기우량회사채,82895,5,-1115,-1.33,82755.0,-18.0614,823,68,155,2026-09-29 06:05:44
484890,6,SOL 머니마켓액티브,52655,2,5,0.01,52651.0,0.7269,9005,474,155,2026-09-29 06:05:44
432840,4,HANARO 미국S&P500,19335,5,-245,-1.25,19394.0,-6.3529,5564,107,155,2026-09-29 06:05:44
488290,4,MIDAS 일본테크액티브,43545,2,380,0.88,43473.0,-26.3962,185,8,152,2026-09-29 06:05:44
491510,2,파워 K-주주가치액티브,17840,5,-110,-0.61,17891.0,8.0138,48,0,152,2026-09-29 06:05:44
413930,2,WON AI ESG액티브,27545,5,-120,-0.43,27597.0,-21.1375,2196,60,151,2026-09-29 06:05:44
114460,6,ACE 국고채3년,99830,2,120,0.12,99876.0,-0.1618,249,24,150,2026-09-29 06:05:44
0193K0,2,PLUS 삼성전자단일종목레버리지,13020,2,355,2.8,13098.0,-48.5999,2526,33,150,2026-09-29 06:05:44
337150,2,KODEX 200exTOP,24665,5,-450,-1.79,24732.0,-4.8989,16,0,148,2026-09-29 06:05:44
453010,7,PLUS KOFR금리,110095,2,10,0.01,110104.0,0.6905,8303,914,148,2026-09-29 06:05:44
0207Z0,4,KIWOOM 미국우주데이터센터인프라,6995,5,-125,-1.76,7044.0,-15.1371,31836,223,147,2026-09-29 06:05:44
0222F0,2,마이티 AI데이터센터밸류체인,12750,5,-260,-2.0,12810.0,,682,8,147,2026-09-29 06:05:44
244620,2,KODEX 모멘텀Plus,20870,2,35,0.17,21085.0,-12.8608,165,3,146,2026-09-29 06:05:44
387280,2,TIGER 퓨처모빌리티액티브,11415,5,-180,-1.55,11480.0,-8.1948,10676,123,145,2026-09-29 06:05:44
0084E0,7,KIWOOM 미국대형주500월간목표헤지액티브,9995,3,0,0.0,9933.0,-11.1601,15,0,145,2026-09-29 06:05:44
0051A0,4,KoAct 브로드컴밸류체인액티브,24090,5,-230,-0.95,24223.0,-16.2535,821,19,145,2026-09-29 06:05:44
104520,2,KIWOOM 블루칩,14395,5,-310,-2.11,14402.0,-0.4925,1702,24,144,2026-09-29 06:05:44
453630,4,KODEX 미국S&P500필수소비재,11815,2,25,0.21,11851.0,-11.9084,2588,30,142,2026-09-29 06:05:44
234310,2,RISE V&S셀렉트밸류,28300,5,-175,-0.61,28438.0,-4.4143,19,0,142,2026-09-29 06:05:44
438900,2,HANARO Fn K-푸드,10880,5,-10,-0.09,10907.0,8.1884,6957,75,141,2026-09-29 06:05:44
236350,4,TIGER 인도니프티50레버리지(합성),22700,5,-750,-3.2,22939.0,-34.9876,2034,46,141,2026-09-29 06:05:44
0088N0,2,WON K-글로벌수급상위,11205,2,130,1.17,11221.0,-3.9879,2651,29,140,2026-09-29 06:05:44
404650,2,SOL KRX기후변화솔루션,23200,5,-800,-3.33,23328.0,-5.6699,20,0,139,2026-09-29 06:05:44
0090B0,2,PLUS K방산소부장,7080,5,-20,-0.28,7101.0,-3.0717,174367,1249,138,2026-09-29 06:05:44
485810,4,TIME 글로벌바이오액티브,11955,5,-25,-0.21,11957.0,6.2056,10270,123,137,2026-09-29 06:05:44
496130,1,TRUSTON 코리아밸류업액티브,25305,5,-415,-1.61,25362.0,-16.8848,23,0,137,2026-09-29 06:05:44
0153P0,2,ACE 리츠부동산인프라액티브,9410,5,-35,-0.37,9405.0,3.075,1271,11,136,2026-09-29 06:05:44
487750,2,BNK 온디바이스AI,33990,2,190,0.56,34185.0,-15.3307,1306,43,136,2026-09-29 06:05:44
373490,2,KODEX 코리아혁신성장액티브,24585,5,-385,-1.54,24663.0,-12.0156,59,1,135,2026-09-29 06:05:44
0127V0,4,KIWOOM 미국S&P500 TOP10&배당다우비중전환,10610,5,-115,-1.07,10629.0,-0.7365,3822,40,133,2026-09-29 06:05:44
137610,5,TIGER 농산물선물Enhanced(H),5750,5,-55,-0.95,5777.0,14.61,3870,22,132,2026-09-29 06:05:44
472720,1,TRUSTON 주주가치액티브,25320,5,-380,-1.48,25355.0,-9.2995,170,4,132,2026-09-29 06:05:44
102960,2,KODEX 기계장비,12975,5,-365,-2.74,12973.0,-7.4254,2650,34,130,2026-09-29 06:05:44
417450,4,RISE 글로벌수소경제,15250,5,-460,-2.93,15170.0,-15.6576,852,13,130,2026-09-29 06:05:44
0127T0,4,KIWOOM 미국S&P500&배당다우존스비중전환,10780,5,-80,-0.74,10763.0,-6.7228,1190,12,129,2026-09-29 06:05:44
0004G0,4,1Q 미국배당TOP30,8590,5,-40,-0.46,8519.0,-8.8653,5388,46,129,2026-09-29 06:05:44
0013P0,4,RISE 미국은행TOP10,11650,5,-285,-2.39,11646.0,-14.0777,15525,180,128,2026-09-29 06:05:44
279540,2,KODEX 최소변동성,21350,2,15,0.07,21414.0,-8.187,1037,22,128,2026-09-29 06:05:44
290080,3,RISE 200고배당커버드콜ATM,7315,5,-75,-1.01,7336.0,36.4632,3492,25,128,2026-09-29 06:05:44
363510,6,SOL KIS단기통안채,112290,3,0,0.0,112299.0,0.5327,312,35,128,2026-09-29 06:05:44
409810,4,KODEX 미국나스닥100선물인버스(H),5420,2,25,0.46,5402.0,-3.8325,97164,525,127,2026-09-29 06:05:44
360150,2,KODEX 코스닥150롱코스피200숏선물,3095,2,10,0.32,3103.0,9.7864,71641,219,127,2026-09-29 06:05:44
453820,4,KODEX 인도Nifty50레버리지(합성),9735,5,-255,-2.55,9745.0,-29.6727,4254,41,127,2026-09-29 06:05:44
300610,2,TIGER K게임,5365,5,-85,-1.56,5373.0,7.9207,40609,219,126,2026-09-29 06:05:44
0208N0,1,IBK 코스피액티브,7615,5,-25,-0.33,7650.0,-21.6812,606,4,126,2026-09-29 06:05:44
0028X0,4,KODEX 미국금융테크액티브,10915,5,-235,-2.11,10928.0,-1.6002,4804,52,126,2026-09-29 06:05:44
140710,2,KODEX 운송,6600,5,-70,-1.05,6607.0,13.5203,3202,21,125,2026-09-29 06:05:44
410870,2,TIME K컬처액티브,8900,5,-55,-0.61,8927.0,-11.6864,5040,44,125,2026-09-29 06:05:44
489860,4,KIWOOM 글로벌전력GRID인프라,14580,5,-135,-0.92,14533.0,-16.7511,807,11,124,2026-09-29 06:05:44
0015F0,7,KIWOOM 팔란티어미국30년국채혼합액티브(H),10320,5,-105,-1.01,10364.0,7.6586,3823,39,124,2026-09-29 06:05:44
453060,6,HANARO KOFR금리액티브(합성),111675,2,10,0.01,111672.0,0.7215,117,13,123,2026-09-29 06:05:44
166400,3,TIGER 200커버드콜OTM,24495,5,-265,-1.07,24697.0,3.9929,1580,38,122,2026-09-29 06:05:44
0220A0,7,KIWOOM 현대차그룹TOP3채권혼합50,8715,5,-95,-1.08,8722.0,,4103,35,122,2026-09-29 06:05:44
435550,7,KIWOOM TDF2050액티브 적격,17300,5,-165,-0.94,17309.0,-9.523,1043,18,121,2026-09-29 06:05:44
251590,2,PLUS 고배당저변동50,17250,5,-100,-0.58,17279.0,9.6251,857,14,121,2026-09-29 06:05:44
457700,6,KODEX 53-09 국고채액티브,9095,2,35,0.39,9125.0,-3.8217,4540,41,120,2026-09-29 06:05:44
140580,2,RISE 우량업종대표주,23890,5,-155,-0.64,23950.0,-7.803,7,0,119,2026-09-29 06:05:44
400570,4,KODEX 유럽탄소배출권선물ICE(H),11775,5,-25,-0.21,11807.0,6.4981,867,10,119,2026-09-29 06:05:44
396510,4,TIGER 차이나클린에너지SOLACTIVE,6590,5,-50,-0.75,6651.0,-27.511,1592,10,119,2026-09-29 06:05:44
395760,2,PLUS ESG성장주액티브,21455,5,-80,-0.37,21519.0,-15.6978,7,0,118,2026-09-29 06:05:44
0194R0,2,KIWOOM SK하이닉스선물단일종목레버리지,8740,5,-175,-1.96,8817.0,-68.3743,67985,594,118,2026-09-29 06:05:44
282000,3,RISE 국고채3년선물인버스,115565,5,-155,-0.13,115521.0,1.2423,5,0,118,2026-09-29 06:05:44
332610,6,PLUS 미국단기회사채(AAA~A),122670,5,-425,-0.35,122468.0,-11.1202,126,15,118,2026-09-29 06:05:44
404540,2,TIGER KRX기후변화솔루션,23410,5,-580,-2.42,23527.0,-6.1464,20020,482,117,2026-09-29 06:05:44
0104G0,2,PLUS K방산레버리지,5075,5,-270,-5.05,5079.0,-32.5978,30856,158,117,2026-09-29 06:05:44
0203D0,7,PLUS 200위클리커버드콜채권혼합,8910,5,-35,-0.39,8935.0,-10.8227,12010,107,116,2026-09-29 06:05:44
266410,2,KODEX 필수소비재,9530,5,-50,-0.52,9545.0,14.5459,4165,39,114,2026-09-29 06:05:44
428560,4,KODEX 미국ETF산업Top10 Indxx,14990,5,-235,-1.54,15001.0,1.403,1509,22,112,2026-09-29 06:05:44
430500,7,KIWOOM 물가채KIS,111990,2,490,0.44,112026.0,-1.9091,1207,134,112,2026-09-29 06:05:44
269370,4,TIGER S&P글로벌인프라(합성),15980,5,-60,-0.37,15885.0,-18.4429,125,1,112,2026-09-29 06:05:44
453660,4,KODEX 미국S&P500경기소비재,15950,5,-215,-1.33,15997.0,-13.1514,404,6,112,2026-09-29 06:05:44
269530,4,PLUS S&P글로벌인프라,18505,5,-180,-0.96,18543.0,-18.7544,2300,42,111,2026-09-29 06:05:44
448490,6,HANARO 32-10 국고채액티브,52470,2,305,0.58,52501.0,-2.0928,13,0,110,2026-09-29 06:05:44
0000H0,2,KODEX 인도Nifty미드캡100,9575,5,-155,-1.59,9621.0,-15.4585,4615,44,110,2026-09-29 06:05:44
354240,7,RISE 미국고정배당우선증권,10005,5,-35,-0.35,9967.0,-15.2385,2290,22,110,2026-09-29 06:05:44
407820,2,에셋플러스 코리아플랫폼액티브,6080,5,-40,-0.65,6113.0,-13.1299,5012,30,109,2026-09-29 06:05:44
252650,1,KODEX 200동일가중,18170,5,-330,-1.78,18238.0,5.1588,327,5,109,2026-09-29 06:05:44
0002C0,4,에셋플러스 인도일등기업포커스20액티브,9885,5,-90,-0.9,9901.0,-6.5574,329,3,107,2026-09-29 06:05:44
0191S0,1,IBK 코스닥150,14360,2,50,0.35,14388.0,-7.0176,15456,219,106,2026-09-29 06:05:44
272570,6,RISE 중장기국공채액티브,107325,2,160,0.15,107367.0,-0.6214,3,0,105,2026-09-29 06:05:44
451150,4,에셋플러스 글로벌영에이지액티브,16870,5,-120,-0.71,16853.0,-10.4848,3,0,105,2026-09-29 06:05:44
0227L0,4,HANARO 미국에이전틱AI TOP2+,10455,5,-165,-1.55,10514.0,,24204,254,105,2026-09-29 06:05:44
0068M0,4,KODEX 미국S&P500버퍼6월액티브,11615,5,-25,-0.21,11617.0,-8.4186,40,0,105,2026-09-29 06:05:44
446700,2,RISE 배터리 리사이클링,10020,5,-485,-4.62,10048.0,11.6959,1402,14,104,2026-09-29 06:05:44
464610,2,SOL 의료기기소부장Fn,6700,5,-15,-0.22,6709.0,-15.5346,14036,93,104,2026-09-29 06:05:44
0189Z0,2,DAISHIN 금융&지주고배당,10355,5,-70,-0.67,10411.0,11.9906,541,5,104,2026-09-29 06:05:44
0113G0,4,KoAct 미국바이오헬스케어액티브,11505,2,10,0.09,11518.0,2.5423,4281,49,104,2026-09-29 06:05:44
435040,4,ACE 글로벌브랜드TOP10,18720,5,-230,-1.21,18724.0,-4.7237,137,2,103,2026-09-29 06:05:44
280920,2,PLUS 주도업종,22850,5,-325,-1.4,22959.0,-15.1566,9,0,103,2026-09-29 06:05:44
310080,4,RISE 중국MSCI China(H),8895,5,-50,-0.56,8958.0,5.7953,179,1,102,2026-09-29 06:05:44
419420,4,KODEX 미국클린에너지나스닥,8500,5,-220,-2.52,8514.0,-27.5648,1104,9,102,2026-09-29 06:05:44
0219B0,2,KoAct 광통신&위성네트워크액티브,11945,5,-110,-0.91,11948.0,,54904,652,102,2026-09-29 06:05:44
0216Z0,2,ACE K방산TOP5+,8455,5,-230,-2.65,8460.0,,23679,200,101,2026-09-29 06:05:44
140570,2,RISE 수출주,25345,5,-500,-1.93,25444.0,-0.8251,689,17,101,2026-09-29 06:05:44
438740,2,MIDAS 중소형액티브,33765,5,-275,-0.81,34110.0,-6.5093,16,0,101,2026-09-29 06:05:44
0093B0,4,RISE 엔비디아고정테크100,12620,5,-140,-1.1,12727.0,-1.9202,11202,141,101,2026-09-29 06:05:44
237440,7,TIGER 경기방어채권혼합,10070,5,-65,-0.64,10131.0,1.4514,13689,137,101,2026-09-29 06:05:44
385710,2,TIME K이노베이션액티브,10055,5,-210,-2.05,10120.0,-16.4769,2723,27,101,2026-09-29 06:05:44
460270,6,KIWOOM 미국달러SOFR금리액티브(합성),12380,5,-55,-0.44,12375.0,-10.4107,633,7,100,2026-09-29 06:05:44
291130,4,ACE MSCI멕시코(합성),16700,5,-310,-1.82,16822.0,-12.8363,1507,25,100,2026-09-29 06:05:44
463640,4,KODEX 미국S&P500유틸리티,12425,5,-100,-0.8,12398.0,-22.0781,1121,14,99,2026-09-29 06:05:44
371870,4,ACE 차이나항셍테크,6165,5,-145,-2.3,6155.0,-9.3391,1235,7,99,2026-09-29 06:05:44
0242S0,2,파워 SK그룹,10330,5,-180,-1.71,10316.0,,65230,672,98,2026-09-29 06:05:44
482030,2,KoAct 반도체&2차전지핵심소재액티브,9290,5,-140,-1.48,9321.0,-1.6685,9064,84,98,2026-09-29 06:05:44
281990,2,RISE 중소형고배당,17655,5,-180,-1.01,17681.0,9.1217,183,3,97,2026-09-29 06:05:44
230480,7,KIWOOM 미국달러선물인버스2X,4795,2,50,1.05,4804.0,26.7022,2548,12,96,2026-09-29 06:05:44
0120J0,2,BNK 카카오그룹포커스,7650,5,-95,-1.23,7682.0,8.7017,13140,100,96,2026-09-29 06:05:44
181480,7,ACE 미국부동산리츠(합성 H),79440,5,-395,-0.49,79664.0,-5.2903,52,4,95,2026-09-29 06:05:44
0224D0,4,KIWOOM 미국CPU반도체TOP4+,10590,5,-330,-3.02,10643.0,,54419,579,95,2026-09-29 06:05:44
463690,4,KODEX 미국S&P500커뮤니케이션,17330,5,-365,-2.06,17473.0,-5.2689,1035,18,95,2026-09-29 06:05:44
0001P0,2,마이티 바이오시밀러&CDMO액티브,8495,5,-135,-1.56,8537.0,-6.2467,1375,11,95,2026-09-29 06:05:44
0094L0,4,RISE 차이나테크TOP10위클리타겟커버드콜,6750,5,-40,-0.59,6800.0,-10.4751,2788,18,95,2026-09-29 06:05:44
429010,4,TIGER 미국나스닥넥스트100,18845,5,-130,-0.69,18794.0,-11.7442,154,2,94,2026-09-29 06:05:44
487910,4,ACE 인도컨슈머파워액티브,7835,5,-100,-1.26,7834.0,-13.6092,3494,27,94,2026-09-29 06:05:44
461580,1,TIGER 코스닥글로벌,15625,2,65,0.42,15768.0,-7.5186,8194,127,94,2026-09-29 06:05:44
117690,4,TIGER 차이나항셍30,18640,5,-330,-1.74,18738.0,-0.8105,735,13,93,2026-09-29 06:05:44
301400,1,PLUS 코스닥150,14300,2,50,0.35,14408.0,-7.8863,6493,92,93,2026-09-29 06:05:44
0194N0,2,KIWOOM 삼성전자선물단일종목레버리지,11935,2,425,3.69,11923.0,-49.7163,47215,563,92,2026-09-29 06:05:44
139240,2,TIGER 200 철강소재,10485,5,-330,-3.05,10514.0,13.6626,33626,357,92,2026-09-29 06:05:44
354350,4,HANARO 글로벌럭셔리S&P(합성),17650,5,-70,-0.4,17641.0,-19.0498,151,2,92,2026-09-29 06:05:44
341850,7,TIGER 리츠부동산인프라채권,4555,5,-15,-0.33,4551.0,2.788,4469,20,91,2026-09-29 06:05:44
217780,4,TIGER 차이나CSI300인버스(합성),5865,2,55,0.95,5893.0,21.4211,360,2,91,2026-09-29 06:05:44
456250,4,KODEX 유럽명품TOP10 STOXX,7865,3,0,0.0,7849.0,-19.519,2329,18,90,2026-09-29 06:05:44
0227K0,4,RISE 미국우주위성통신,9040,5,-160,-1.74,9090.0,,1501,13,90,2026-09-29 06:05:44
0174R0,4,KIWOOM 미국성장다우존스,11295,5,-60,-0.53,11287.0,-1.1307,2196,24,90,2026-09-29 06:05:44
498050,2,HANARO 바이오코리아액티브,9485,5,-190,-1.96,9534.0,-18.32,2772,26,90,2026-09-29 06:05:44
497510,4,ACE 글로벌빅파마,12765,5,-70,-0.55,12775.0,-5.7288,312,3,89,2026-09-29 06:05:44
0084D0,7,KIWOOM 미국테크100월간목표헤지액티브,11165,5,-155,-1.37,11178.0,-10.6326,13,0,89,2026-09-29 06:05:44
399580,4,RISE 글로벌클린에너지,8925,5,-150,-1.65,8921.0,-21.3422,1795,16,89,2026-09-29 06:05:44
266390,2,KODEX 경기소비재,14725,5,-215,-1.44,14761.0,-4.2978,3407,50,88,2026-09-29 06:05:44
494180,4,TIME 글로벌소비트렌드액티브,12620,5,-100,-0.79,12708.0,-5.0392,978,12,88,2026-09-29 06:05:44
395150,2,KODEX 웹툰&드라마,1829,5,-23,-1.24,1835.0,11.7682,142163,261,88,2026-09-29 06:05:44
0216K0,7,KIWOOM 미국우주테크TOP2채권혼합50,8730,5,-105,-1.19,8767.0,,33234,290,87,2026-09-29 06:05:44
270800,2,RISE KQ고배당,15810,5,-45,-0.28,15872.0,6.6112,140,2,87,2026-09-29 06:05:44
215620,2,HK S&P코리아로우볼,16065,3,0,0.0,16062.0,9.5839,0,0,87,2026-09-29 06:05:44
0221Z0,2,ACE K바이오코스닥액티브,9090,5,-90,-0.98,9095.0,,4889,43,86,2026-09-29 06:05:44
105010,4,TIGER 라틴35,6135,5,-55,-0.89,6114.0,-10.258,5563,34,86,2026-09-29 06:05:44
252000,1,TIGER 200동일가중,19050,5,-280,-1.45,19088.0,5.7146,10056,193,86,2026-09-29 06:05:44
466810,2,BNK 2차전지양극재,5690,5,-330,-5.48,5713.0,9.9543,21908,125,85,2026-09-29 06:05:44
0226G0,2,WON 피지컬AI TOP2플러스액티브,12185,5,-75,-0.61,12224.0,,184,2,85,2026-09-29 06:05:44
381570,2,HANARO Fn친환경에너지,9970,5,-425,-4.09,10008.0,8.7912,6478,64,85,2026-09-29 06:05:44
0133E0,4,TIGER 차이나증권,8070,3,0,0.0,8114.0,-18.0711,2326,18,85,2026-09-29 06:05:44
497520,4,ACE 일라이릴리밸류체인,13010,5,-15,-0.12,13019.0,-1.8463,2348,30,85,2026-09-29 06:05:44
0184N0,7,PLUS 은채권혼합,8420,5,-110,-1.29,8437.0,-0.9867,47122,396,84,2026-09-29 06:05:44
0008E0,4,ACE 미국중심중소형제조업,11210,5,-50,-0.44,11256.0,-30.0622,818,9,84,2026-09-29 06:05:44
435540,7,KIWOOM TDF2040액티브 적격,16805,5,-140,-0.83,16797.0,-9.8203,314,5,84,2026-09-29 06:05:44
375270,7,RISE 글로벌데이터센터리츠(합성),12805,5,-235,-1.8,12814.0,-19.8032,454,5,83,2026-09-29 06:05:44
174350,2,TIGER 로우볼,20725,5,-50,-0.24,20792.0,11.0477,21047,439,83,2026-09-29 06:05:44
0067Y0,4,TIGER 차이나AI소프트웨어,9200,5,-95,-1.02,9203.0,-26.1423,2455,22,83,2026-09-29 06:05:44
429980,7,SOL 한국형글로벌전기차&2차전지액티브,16535,5,-370,-2.19,16650.0,-15.6438,762,12,83,2026-09-29 06:05:44
0219Z0,4,HANARO 미국S&P500액티브,10290,5,-195,-1.86,10357.0,,48571,503,82,2026-09-29 06:05:44
182490,6,TIGER 단기선진하이일드(합성 H),13645,5,-50,-0.37,13607.0,-1.012,180,2,82,2026-09-29 06:05:44
462340,4,에셋플러스 글로벌다이나믹시니어액티브,16375,5,-75,-0.46,16362.0,-4.0257,5,0,82,2026-09-29 06:05:44
395750,2,PLUS ESG가치주액티브,20460,5,-170,-0.82,20514.0,-16.9485,16,0,82,2026-09-29 06:05:44
457930,2,BNK 미래전략기술액티브,27280,5,-565,-2.03,27321.0,-9.1369,9,0,82,2026-09-29 06:05:44
0226D0,7,FOCUS 금융반도체지주채권혼합50액티브,10200,5,-30,-0.29,10253.0,,2432,24,82,2026-09-29 06:05:44
449680,7,TIGER 한중전기차(합성),9580,5,-215,-2.19,9638.0,-17.3418,88,0,81,2026-09-29 06:05:44
371150,4,RISE 차이나항셍테크,6120,5,-125,-2.0,6130.0,-10.1293,527,3,80,2026-09-29 06:05:44
0214M0,2,MIDAS 바이오헬스케어액티브,9260,5,-170,-1.8,9314.0,,215,1,79,2026-09-29 06:05:44
0215T0,4,HANARO 미국AI광통신TOP10,8730,5,-115,-1.3,8760.0,,3402,29,79,2026-09-29 06:05:44
395280,2,HANARO Fn K-게임,3340,5,-85,-2.48,3342.0,3.4743,197,0,78,2026-09-29 06:05:44
304670,6,KODEX 미국30년국채울트라선물인버스(H),12970,2,85,0.66,12974.0,9.9871,852,11,78,2026-09-29 06:05:44
480460,7,WON 한국부동산TOP3플러스,9115,5,-55,-0.6,9140.0,1.7551,243,2,77,2026-09-29 06:05:44
261110,7,TIGER 미국달러선물레버리지,15415,5,-195,-1.25,15415.0,-20.3572,2238,34,77,2026-09-29 06:05:44
189400,4,PLUS 글로벌MSCI(합성 H),25580,5,-350,-1.35,25655.0,2.8152,127,3,77,2026-09-29 06:05:44
227550,2,TIGER 200 산업재,11905,5,-360,-2.94,11933.0,5.1886,80144,960,76,2026-09-29 06:05:44
0176P0,2,FOCUS AI반도체위클리고정커버드콜,13815,2,235,1.73,13856.0,-14.6233,5599,76,76,2026-09-29 06:05:44
227570,2,TIGER 우량가치,20815,5,-100,-0.48,20805.0,10.3693,7233,150,75,2026-09-29 06:05:44
285690,2,FOCUS ESG리더스,21320,5,-420,-1.93,21339.0,-3.4422,1,0,75,2026-09-29 06:05:44
490330,4,KoAct 미국치매&뇌질환치료제액티브,13560,2,325,2.46,13527.0,-16.4985,1404,18,75,2026-09-29 06:05:44
435530,7,KIWOOM TDF2030액티브 적격,14885,5,-65,-0.43,14902.0,-10.4848,386,5,74,2026-09-29 06:05:44
139660,7,KIWOOM 미국달러선물인버스,8545,2,60,0.71,8562.0,13.2843,926,7,74,2026-09-29 06:05:44
225800,7,KIWOOM 미국달러선물레버리지,14510,5,-170,-1.16,14497.0,-20.7772,3699,53,74,2026-09-29 06:05:44
494210,4,SOL 미국500타겟데일리커버드콜액티브,10570,5,-135,-1.26,10586.0,-5.2523,1888,19,74,2026-09-29 06:05:44
0218K0,2,BNK 스마트카,10460,5,-95,-0.9,10392.0,,1,0,73,2026-09-29 06:05:44
487920,4,ACE 인도시장대표BIG5그룹액티브,7270,5,-110,-1.49,7295.0,-15.9932,1066,7,73,2026-09-29 06:05:44
0005C0,6,RISE 미국S&P500엔화노출(합성 H),11140,2,10,0.09,11119.0,-5.678,136,1,72,2026-09-29 06:05:44
402460,2,HANARO Fn K-메타버스MZ,14435,5,-220,-1.5,14489.0,-5.2812,11,0,72,2026-09-29 06:05:44
0172Y0,2,ACE K수출핵심TOP10산업액티브,9005,5,-250,-2.7,9036.0,-17.6602,1502,13,72,2026-09-29 06:05:44
437370,4,RISE 글로벌농업경제,10280,5,-30,-0.29,10253.0,-7.6124,909,9,72,2026-09-29 06:05:44
253280,2,RISE 헬스케어,11920,5,-120,-1.0,11969.0,-7.7042,1444,17,72,2026-09-29 06:05:44
225050,4,TIGER 유로스탁스레버리지(합성 H),15840,5,-95,-0.6,15919.0,0.9822,75,1,71,2026-09-29 06:05:44
0138D0,2,RISE 동학개미,12895,5,-20,-0.15,12994.0,-9.78,136,1,71,2026-09-29 06:05:44
315270,2,TIGER 200커뮤니케이션서비스,18475,5,-350,-1.86,18538.0,0.6893,270,4,70,2026-09-29 06:05:44
488480,4,RISE 일본섹터TOP4Plus,12720,5,-270,-2.08,12708.0,-7.3584,217,2,70,2026-09-29 06:05:44
0094X0,4,1Q 샤오미밸류체인액티브,7700,5,-175,-2.22,7749.0,-8.9713,2648,20,69,2026-09-29 06:05:44
244670,2,KODEX 밸류Plus,11505,5,-175,-1.5,11519.0,9.8954,432,4,69,2026-09-29 06:05:44
400590,4,SOL 글로벌탄소배출권선물ICE(합성),13760,5,-145,-1.04,13769.0,-8.5799,324,4,69,2026-09-29 06:05:44
0082F0,4,HANARO 유럽방산,9795,5,-85,-0.86,9748.0,-6.7925,151,1,69,2026-09-29 06:05:44
256450,4,PLUS 심천차이넥스트(합성),13565,5,-10,-0.07,13583.0,-32.9961,50,0,68,2026-09-29 06:05:44
176950,6,KODEX 국채선물10년인버스,61200,5,-260,-0.42,61140.0,3.1294,196,12,66,2026-09-29 06:05:44
289670,6,PLUS 국채선물10년,51635,2,230,0.45,51712.0,-2.1789,208,10,66,2026-09-29 06:05:44
0191B0,1,MIDAS 코스닥액티브,32775,2,435,1.35,32993.0,-5.0639,1006,32,66,2026-09-29 06:05:44
0036Z0,4,RISE 미국천연가스밸류체인,11895,2,25,0.21,11824.0,-11.9619,2156,25,65,2026-09-29 06:05:44
456200,6,PLUS 미국달러SOFR금리액티브(합성),58955,5,-180,-0.3,58934.0,-11.142,119,7,65,2026-09-29 06:05:44
326230,2,RISE 내수주플러스,10785,5,-135,-1.24,10815.0,-0.637,1429,15,65,2026-09-29 06:05:44
139290,2,TIGER 200 경기소비재,23010,5,-345,-1.48,23006.0,-14.2149,16141,375,64,2026-09-29 06:05:44
450180,7,KODEX 한중전기차(합성),9890,5,-160,-1.59,9913.0,-18.6235,32,0,64,2026-09-29 06:05:44
138920,5,KODEX 콩선물(H),12735,5,-100,-0.78,12749.0,12.2922,202,2,64,2026-09-29 06:05:44
250780,3,TIGER 코스닥150선물인버스,2395,5,-25,-1.03,2393.0,-1.4257,191498,462,63,2026-09-29 06:05:44
0047N0,4,PLUS 차이나AI테크TOP10,8885,5,-175,-1.93,8904.0,-10.1191,965,8,62,2026-09-29 06:05:44
469530,3,RISE 미국달러선물인버스,9550,2,5,0.05,9589.0,12.825,26,0,61,2026-09-29 06:05:44
307510,2,TIGER 의료기기,12160,5,-150,-1.22,12204.0,-4.9292,16992,205,61,2026-09-29 06:05:44
400580,4,SOL 유럽탄소배출권선물S&P(H),12075,5,-140,-1.15,12151.0,7.1491,65,0,60,2026-09-29 06:05:44
429740,7,PLUS K리츠,6010,5,-20,-0.33,6007.0,3.8676,711,4,60,2026-09-29 06:05:44
316300,7,ACE 싱가포르리츠,11995,5,-125,-1.03,11963.0,-15.0943,286,3,60,2026-09-29 06:05:44
451670,6,RISE 국채30년레버리지(합성),11930,2,140,1.19,11939.0,-10.7495,42,0,60,2026-09-29 06:05:44
368680,2,KODEX K-뉴딜디지털플러스,7450,5,-185,-2.42,7479.0,4.2357,84,0,60,2026-09-29 06:05:44
483020,2,KIWOOM 의료AI,9125,5,-200,-2.14,9166.0,2.5852,8857,80,59,2026-09-29 06:05:44
0166T0,4,PLUS 글로벌저작권핵심기업액티브,9000,5,-100,-1.1,9018.0,-5.4055,66,0,59,2026-09-29 06:05:44
267450,6,RISE 미국장기국채선물인버스(H),11660,2,55,0.47,11623.0,9.4811,17,0,58,2026-09-29 06:05:44
314700,2,HANARO 농업융복합산업,10580,5,-130,-1.21,10594.0,4.2403,438,4,58,2026-09-29 06:05:44
0053M0,2,더제이 중소형포커스액티브,12795,5,-80,-0.62,12892.0,-6.0562,6,0,58,2026-09-29 06:05:44
433250,1,UNICORN R&D 액티브,22865,5,-355,-1.53,22990.0,-17.293,5,0,57,2026-09-29 06:05:44
0114X0,4,RISE 글로벌게임테크TOP3Plus,8730,5,-155,-1.74,8738.0,10.7165,63,0,57,2026-09-29 06:05:44
401590,4,HANARO 글로벌탄소배출권선물ICE(합성),10980,5,-130,-1.17,10980.0,-8.7475,187,2,56,2026-09-29 06:05:44
407300,2,HANARO Fn골프테마,10155,5,-55,-0.54,10170.0,-14.5804,6,0,56,2026-09-29 06:05:44
432600,6,RISE 국채선물3년,55095,2,30,0.05,55137.0,-0.1904,10,0,55,2026-09-29 06:05:44
291890,4,KODEX MSCI EM선물(H),12185,5,-325,-2.6,12312.0,2.2894,78,0,55,2026-09-29 06:05:44
0087F0,4,ACE 차이나AI빅테크TOP2+액티브,10930,5,-70,-0.64,10870.0,-17.1999,1407,15,55,2026-09-29 06:05:44
470310,2,UNICORN 생성형AI강소기업액티브,18175,5,-100,-0.55,18277.0,7.3736,346,6,55,2026-09-29 06:05:44
0229F0,2,마이티 신약포커스바이오액티브,7765,5,-285,-3.54,7857.0,,801,6,54,2026-09-29 06:05:44
238670,7,PLUS 스마트베타Quality채권혼합,13510,5,-30,-0.22,13411.0,3.5564,14343,192,54,2026-09-29 06:05:44
0184V0,2,UNICORN K바이오액티브,5120,5,-120,-2.29,5131.0,-23.6152,23466,119,54,2026-09-29 06:05:44
499150,4,SOL 미국S&P500엔화노출(H),10670,5,-15,-0.14,10718.0,-5.9284,719,7,53,2026-09-29 06:05:44
220130,4,SOL 차이나강소기업CSI500(합성 H),6535,5,-25,-0.38,6571.0,-12.824,4,0,52,2026-09-29 06:05:44
390400,4,KODEX 미국스마트모빌리티S&P,6525,5,-145,-2.17,6558.0,-19.0429,2730,17,52,2026-09-29 06:05:44
483030,4,KIWOOM 미국블록버스터바이오테크의약품+,11570,5,-15,-0.13,11628.0,-5.6235,519,6,52,2026-09-29 06:05:44
0174J0,7,DAISHIN 오피스리츠플러스,8660,5,-35,-0.4,8674.0,1.0981,23030,199,52,2026-09-29 06:05:44
0102X0,4,ACE 유럽방산TOP10,8640,5,-85,-0.97,8638.0,-4.0262,487,4,52,2026-09-29 06:05:44
291630,3,KIWOOM 코스닥150선물레버리지,3570,2,45,1.28,3570.0,-24.4373,42032,146,52,2026-09-29 06:05:44
0015E0,7,KIWOOM 엔비디아미국30년국채혼합액티브(H),10285,5,-15,-0.15,10314.0,-3.3204,1842,19,51,2026-09-29 06:05:44
295000,6,RISE 국채선물10년,50815,2,130,0.26,50933.0,-2.3034,2,0,51,2026-09-29 06:05:44
476310,4,RISE 글로벌비만산업TOP2+,9215,5,-80,-0.86,9315.0,-14.4509,254,2,51,2026-09-29 06:05:44
219900,4,ACE 중국본토CSI300레버리지(합성),3590,5,-75,-2.05,3641.0,-36.7559,2301,8,50,2026-09-29 06:05:44
0132D0,7,KoAct 글로벌K컬처밸류체인액티브,8985,5,-165,-1.8,9057.0,2.2346,6801,61,49,2026-09-29 06:05:44
413220,4,SOL 차이나태양광CSI(합성),4090,5,-25,-0.61,4176.0,-32.4857,116,0,49,2026-09-29 06:05:44
0154H0,4,KoAct 차이나바이오헬스케어액티브,8820,2,100,1.15,8884.0,12.0822,3489,30,49,2026-09-29 06:05:44
411860,4,KIWOOM 독일DAX,16085,5,-115,-0.71,15992.0,-8.9644,339,5,48,2026-09-29 06:05:44
0015K0,4,TIGER 미국소비트렌드액티브,6765,5,-55,-0.81,6780.0,-8.0863,748,5,47,2026-09-29 06:05:44
227560,2,TIGER 200 생활소비재,12400,5,-65,-0.52,12439.0,5.4924,412,5,47,2026-09-29 06:05:44
267440,6,RISE 미국장기국채선물(H),7715,5,-45,-0.58,7726.0,-6.2802,2771,21,46,2026-09-29 06:05:44
474390,6,SOL 국고채30년액티브,40400,2,445,1.11,40439.0,-4.8578,19,0,46,2026-09-29 06:05:44
0073X0,5,FOCUS 알리바바미국채커버드콜혼합,8335,5,-150,-1.77,8374.0,-13.5676,1223,10,46,2026-09-29 06:05:44
266550,2,PLUS 중형주저변동50,18045,5,-245,-1.34,18099.0,5.1149,1,0,45,2026-09-29 06:05:44
498610,4,RISE 인도디지털성장,7425,5,-140,-1.85,7470.0,-10.8996,406,3,45,2026-09-29 06:05:44
0078V0,4,PLUS 미국로보택시,8820,5,-45,-0.51,8816.0,-11.3057,399,3,44,2026-09-29 06:05:44
205720,4,ACE 일본TOPIX인버스(합성 H),1448,2,7,0.49,1462.0,-4.9473,415,0,43,2026-09-29 06:05:44
0128D0,4,PLUS 차이나항셍테크위클리타겟커버드콜,6205,5,-160,-2.51,6218.0,-9.4369,2781,17,43,2026-09-29 06:05:44
391600,4,ACE 미국친환경그린테마,9620,5,-165,-1.69,9662.0,-21.8763,12226,120,43,2026-09-29 06:05:44
277650,2,TIGER 코스피중형주,20890,5,-255,-1.21,20951.0,4.2652,22,0,42,2026-09-29 06:05:44
373790,4,KIWOOM 미국방어배당성장나스닥,14665,5,-80,-0.54,14595.0,-11.84,264,3,41,2026-09-29 06:05:44
252420,3,RISE 200선물인버스2X,78,2,2,2.63,77.0,5.5555,3646765,278,41,2026-09-29 06:05:44
0050E0,4,PLUS 미국AI에이전트,8055,5,-70,-0.86,8094.0,4.3003,363,2,40,2026-09-29 06:05:44
226380,2,ACE Fn성장소비주도주,5705,5,-5,-0.09,5715.0,9.4918,133,0,40,2026-09-29 06:05:44
291680,4,RISE 차이나H선물인버스(H),7870,5,-85,-1.07,8036.0,-8.5633,9,0,39,2026-09-29 06:05:44
0131A0,4,SOL 차이나소비트렌드,7005,5,-60,-0.85,7121.0,-14.5708,4,0,39,2026-09-29 06:05:44
334690,5,RISE 팔라듐선물(H),5435,5,-90,-1.63,5431.0,2.2201,3688,20,38,2026-09-29 06:05:44
225030,4,TIGER 미국S&P500선물인버스(H),2265,2,10,0.44,2262.0,-4.2463,6872,15,37,2026-09-29 06:05:44
244660,2,KODEX 퀄리티Plus,9220,5,-85,-0.91,9222.0,10.2786,2,0,37,2026-09-29 06:05:44
243890,2,TIGER 200에너지화학레버리지,8130,5,-665,-7.56,8175.0,-3.9848,11331,93,37,2026-09-29 06:05:44
427120,2,RISE AI플랫폼,5175,5,-105,-1.99,5195.0,13.9158,2948,15,35,2026-09-29 06:05:44
267490,6,RISE 미국장기국채선물레버리지(합성 H),4570,5,-50,-1.08,4578.0,-14.4445,1241,5,32,2026-09-29 06:05:44
0079X0,4,ACE BYD밸류체인액티브,8960,5,-80,-0.88,8969.0,-16.5282,408,3,31,2026-09-29 06:05:44
321410,7,KODEX 멀티에셋하이인컴(H),10430,2,5,0.05,10444.0,-0.9976,4,0,31,2026-09-29 06:05:44
306530,3,HANARO 코스닥150선물레버리지,7050,2,50,0.71,7101.0,-24.5284,16776,116,31,2026-09-29 06:05:44
280940,5,KODEX 골드선물인버스(H),3640,2,50,1.39,3631.0,-4.1389,35216,128,29,2026-09-29 06:05:44
491630,4,RISE 미국반도체인버스(합성 H),4935,2,10,0.2,4943.0,4.4538,961,4,28,2026-09-29 06:05:44
145670,3,ACE 인버스,1271,2,2,0.16,1273.0,12.0035,112357,142,28,2026-09-29 06:05:44
476000,2,UNICORN 포스트IPO액티브,5000,5,-225,-4.31,5025.0,-15.8616,82,0,28,2026-09-29 06:05:44
252410,3,RISE 200선물인버스,1295,2,2,0.15,1296.0,11.5616,255894,332,27,2026-09-29 06:05:44
253230,3,KIWOOM 200선물인버스2X,73,3,0,0.0,73.0,5.7971,1743818,126,24,2026-09-29 06:05:44
334700,5,RISE 팔라듐선물인버스(H),3575,2,60,1.71,3581.0,-6.3915,606,2,23,2026-09-29 06:05:44
275750,3,RISE 코스닥150선물인버스,2415,5,-15,-0.62,2417.0,-1.8182,6489,15,23,2026-09-29 06:05:44
280320,4,ACE 미국IT인터넷(합성 H),21295,5,-425,-1.96,21397.0,16.0256,2009,42,21,2026-09-29 06:05:44
291620,3,KIWOOM 코스닥150선물인버스,4235,5,-25,-0.59,4240.0,-2.7398,8130,34,18,2026-09-29 06:05:44
253240,3,KIWOOM 200선물인버스,1290,2,2,0.16,1294.0,10.2739,34562,44,14,2026-09-29 06:05:44
253160,3,PLUS 200선물인버스2X,148,3,0,0.0,148.0,6.4748,646848,95,14,2026-09-29 06:05:44
306520,3,HANARO 200선물인버스,2350,2,10,0.43,2350.0,12.771,8309,19,14,2026-09-29 06:05:44
261920,4,ACE MSCI필리핀(합성),11555,2,85,0.74,11466.0,-16.308,981,11,12,2026-09-29 06:05:44
412560,2,TIGER BBIG레버리지,1520,5,-65,-4.1,1521.0,-2.7608,8937,13,10,2026-09-29 06:05:44
465620,4,ACE 미국빅테크TOP7 Plus인버스(합성),6535,2,55,0.85,6483.0,-4.4248,133,0,7,2026-09-29 06:05:44
