itemcode,etfTabCode,itemname,nowVal,risefall,changeVal,changeRate,nav,threeMonthEarnRate,quant,amonut,marketSum,collected_at
069500,1,KODEX 200,87770,5,-1655,-1.85,87758.0,-11.3217,36691404,3291361,198360,2026-07-30 06:03:43
360750,4,TIGER 미국S&P500,26125,5,-465,-1.75,26068.0,1.6784,22342146,586106,194618,2026-07-30 06:03:43
133690,4,TIGER 미국나스닥100,173910,5,-3115,-1.76,173057.0,-0.2392,1277480,223041,106555,2026-07-30 06:03:43
379800,4,KODEX 미국S&P500,23745,5,-455,-1.88,23696.0,1.863,19594131,467539,97105,2026-07-30 06:03:43
379810,4,KODEX 미국나스닥100,25995,5,-475,-1.79,25874.0,-0.188,7089002,185057,84562,2026-07-30 06:03:43
102110,1,TIGER 200,87875,5,-1390,-1.56,87820.0,-11.4682,3848847,344922,82559,2026-07-30 06:03:43
488770,7,KODEX 머니마켓액티브,105072,2,7,0.01,105089.0,0.8204,857917,90144,81447,2026-07-30 06:03:43
396500,2,TIGER 반도체TOP10,26520,5,-1200,-4.33,26545.0,-31.3097,28415085,772880,69456,2026-07-30 06:03:43
459580,6,KODEX CD금리액티브(합성),1073622,2,252,0.02,1073515.0,0.6858,362978,389701,67367,2026-07-30 06:03:43
278530,1,KODEX 200TR,31800,5,-555,-1.72,31804.0,-11.4775,2247700,72834,62630,2026-07-30 06:03:43
381180,4,TIGER 미국필라델피아반도체나스닥,39320,5,-1440,-3.53,39160.0,3.7371,5023794,199003,53279,2026-07-30 06:03:43
498400,2,KODEX 200타겟위클리커버드콜,16940,5,-315,-1.83,16938.0,-12.5416,12047766,208532,45636,2026-07-30 06:03:43
458730,4,TIGER 미국배당다우존스,15395,5,-190,-1.22,15402.0,6.6593,2122786,32743,41851,2026-07-30 06:03:43
091160,2,KODEX 반도체,94215,5,-4120,-4.19,94426.0,-21.1744,2918554,281932,41407,2026-07-30 06:03:43
0167A0,2,SOL AI반도체TOP2플러스,12740,5,-900,-6.6,12757.0,-4.9809,36421767,484097,40328,2026-07-30 06:03:43
360200,4,ACE 미국S&P500,26410,5,-520,-1.93,26350.0,1.9063,504922,13386,38981,2026-07-30 06:03:43
122630,3,KODEX 레버리지,75930,5,-3090,-3.91,75929.0,-33.0765,25292743,2006868,38952,2026-07-30 06:03:43
411060,5,ACE KRX금현물,25745,5,-120,-0.46,25953.0,-14.3685,536955,13953,37871,2026-07-30 06:03:43
0162Z0,7,RISE 삼성전자SK하이닉스채권혼합50,11720,5,-180,-1.51,11742.0,4.103,16676074,197758,36508,2026-07-30 06:03:43
273130,6,KODEX 종합채권(AA-이상)액티브,109640,5,-185,-0.17,109821.0,-2.5278,79719,8748,36426,2026-07-30 06:03:43
148020,1,RISE 200,88475,5,-1840,-2.04,88415.0,-11.1641,2345686,211081,36275,2026-07-30 06:03:43
381170,4,TIGER 미국테크TOP10 INDXX,29680,5,-475,-1.58,29533.0,-7.244,729960,21809,36254,2026-07-30 06:03:43
423160,6,KODEX KOFR금리액티브(합성),110642,2,2,0.0,110637.0,0.6568,82201,9094,36195,2026-07-30 06:03:43
310970,1,TIGER MSCI Korea TR,39040,5,-475,-1.2,39051.0,-11.2522,213364,8506,35448,2026-07-30 06:03:43
357870,6,TIGER CD금리투자KIS(합성),57835,2,10,0.02,57836.0,0.6877,211791,12249,34967,2026-07-30 06:03:43
229200,1,KODEX 코스닥150,10665,5,-460,-4.13,10673.0,-45.7053,43898626,480241,34699,2026-07-30 06:03:43
367380,4,ACE 미국나스닥100,29905,5,-540,-1.77,29749.0,-0.2128,522077,15683,32866,2026-07-30 06:03:43
0043B0,6,TIGER 머니마켓액티브,103187,2,27,0.03,103193.0,0.8012,139922,14438,30998,2026-07-30 06:03:43
395160,2,KODEX AI반도체TOP2플러스,29130,5,-1810,-5.85,29188.0,-7.2403,11712080,354568,29130,2026-07-30 06:03:43
455890,6,RISE 머니마켓액티브,55310,2,10,0.02,55315.0,0.7561,149019,8242,28846,2026-07-30 06:03:43
102780,2,KODEX 삼성그룹,20790,5,-350,-1.66,20779.0,-8.2864,2286538,49112,27256,2026-07-30 06:03:43
481050,6,KODEX CD1년금리플러스액티브(합성),1021600,2,250,0.02,1021425.0,0.7124,13925,14225,26690,2026-07-30 06:03:43
395270,2,HANARO Fn K-반도체,41275,5,-2560,-5.84,41386.0,-4.9133,4517778,193923,26519,2026-07-30 06:03:43
449170,6,TIGER KOFR금리액티브(합성),111470,2,15,0.01,111462.0,0.6229,90771,10118,24460,2026-07-30 06:03:43
161510,2,PLUS 고배당주,23805,2,375,1.6,23843.0,-13.7523,1275010,30783,22360,2026-07-30 06:03:43
487240,2,KODEX AI전력핵심설비,25260,5,-1635,-6.08,25280.0,-47.2291,4452804,117269,21749,2026-07-30 06:03:43
486290,4,TIGER 미국나스닥100타겟데일리커버드콜,10285,5,-190,-1.81,10230.0,-0.4757,2221435,22932,21727,2026-07-30 06:03:43
426030,4,TIME 미국나스닥100액티브,40955,5,-1645,-3.86,40894.0,-7.0073,800499,33066,21419,2026-07-30 06:03:43
385540,6,RISE 종합채권(A-이상)액티브,102750,5,-185,-0.18,102805.0,-2.4175,3183,327,20587,2026-07-30 06:03:43
139260,2,TIGER 200 IT,100375,5,-5945,-5.59,100615.0,-7.2083,1497860,156044,20055,2026-07-30 06:03:43
456600,4,TIME 글로벌AI인공지능액티브,52650,5,-845,-1.58,53034.0,-0.7422,541021,28799,19870,2026-07-30 06:03:43
472150,2,TIGER 배당커버드콜액티브,16660,5,-405,-2.37,16658.0,-11.2359,5808244,98890,19807,2026-07-30 06:03:43
233740,3,KODEX 코스닥150레버리지,4195,5,-410,-8.9,4181.0,-73.9094,121201504,538573,19322,2026-07-30 06:03:43
278540,1,KODEX MSCI Korea TR,31030,5,-685,-2.16,31084.0,-10.4476,129360,4115,18897,2026-07-30 06:03:43
214980,6,KODEX 단기채권PLUS,114595,2,10,0.01,114630.0,0.56,21210,2430,18794,2026-07-30 06:03:43
284430,6,KODEX 200미국채혼합50,19010,5,-285,-1.48,19063.0,-8.8243,1480914,28430,18706,2026-07-30 06:03:43
0193T0,2,KODEX SK하이닉스단일종목레버리지,7100,5,-825,-10.41,7118.0,,470206749,3492326,18341,2026-07-30 06:03:43
292150,2,TIGER 코리아TOP10,31295,5,-265,-0.84,31361.0,-10.0867,2761795,87916,16899,2026-07-30 06:03:43
477080,6,RISE CD금리액티브(합성),107175,2,15,0.01,107194.0,0.6622,16533,1771,16491,2026-07-30 06:03:43
441640,4,KODEX 미국배당커버드콜액티브,12675,5,-255,-1.97,12713.0,2.5985,1193656,15184,16249,2026-07-30 06:03:43
453850,6,ACE 미국30년국채액티브(H),7155,5,-135,-1.85,7189.0,-1.8149,1341027,9617,15226,2026-07-30 06:03:43
475630,7,TIGER CD1년금리액티브(합성),1073005,2,265,0.02,1073008.0,0.7125,22813,24478,15069,2026-07-30 06:03:43
379780,4,RISE 미국S&P500,22835,5,-450,-1.93,22781.0,1.9745,160241,3672,14911,2026-07-30 06:03:43
329200,2,TIGER 리츠부동산인프라,4000,2,10,0.25,3997.0,-12.2847,4992876,19982,14816,2026-07-30 06:03:43
294400,1,KIWOOM 200TR,115020,5,-2980,-2.53,115287.0,-10.7987,189022,22233,14723,2026-07-30 06:03:43
368590,4,RISE 미국나스닥100,29000,5,-535,-1.81,28852.0,-0.1525,217581,6342,14587,2026-07-30 06:03:43
105190,1,ACE 200,88095,5,-1495,-1.67,87985.0,-11.5863,1695716,151088,14580,2026-07-30 06:03:43
466920,2,SOL 조선TOP3플러스,26475,2,1030,4.05,26529.0,-39.6609,1767480,47207,14257,2026-07-30 06:03:43
442580,4,PLUS 글로벌HBM반도체,81350,5,-4200,-4.91,81144.0,13.3713,3865742,317213,14163,2026-07-30 06:03:43
446770,4,ACE 글로벌반도체TOP4 Plus,68775,5,-1830,-2.59,68881.0,1.6016,727123,50475,14133,2026-07-30 06:03:43
0193W0,2,KODEX 삼성전자단일종목레버리지,8425,5,-70,-0.82,8454.0,,157289435,1384457,13927,2026-07-30 06:03:43
487230,4,KODEX 미국AI전력핵심인프라,18320,5,-1460,-7.38,18289.0,-19.5326,1097988,20266,13868,2026-07-30 06:03:43
305720,2,KODEX 2차전지산업,11970,2,355,3.06,11982.0,-47.1926,2643854,31665,13646,2026-07-30 06:03:43
157450,6,TIGER 단기통안채,112290,2,35,0.03,112301.0,0.5508,24973,2804,13209,2026-07-30 06:03:43
436140,6,SOL 종합채권(AA-이상)액티브,105985,5,-260,-0.24,106069.0,-2.3484,26396,2799,13097,2026-07-30 06:03:43
0177N0,7,KODEX 삼성전자SK하이닉스채권혼합50,12410,5,-210,-1.66,12416.0,4.1787,8798711,110265,13043,2026-07-30 06:03:43
438080,7,ACE 미국S&P500미국채혼합50액티브,14265,5,-135,-0.94,14259.0,-0.2425,425457,6088,12082,2026-07-30 06:03:43
315930,2,KODEX Top5PlusTR,68830,5,-580,-0.84,69000.0,-3.5169,149616,10440,11976,2026-07-30 06:03:43
152100,1,PLUS 200,89185,5,-1435,-1.58,89108.0,-11.5992,599564,54642,11906,2026-07-30 06:03:43
390390,4,KODEX 미국반도체,49500,5,-1465,-2.87,49301.0,2.0604,1125986,56348,11905,2026-07-30 06:03:43
448330,1,KODEX 삼성전자채권혼합,15915,5,-130,-0.81,16096.0,-0.014,1212563,19451,11745,2026-07-30 06:03:43
252670,3,KODEX 200선물인버스2X,143,2,5,3.62,144.0,-16.8675,14779243144,2040172,11601,2026-07-30 06:03:43
0072R0,5,TIGER KRX금현물,12315,5,-105,-0.85,12402.0,-13.8099,358016,4447,11398,2026-07-30 06:03:43
479080,6,1Q 머니마켓액티브,53595,2,15,0.03,53598.0,0.7711,138506,7423,11217,2026-07-30 06:03:43
451540,6,TIGER 종합채권(AA-이상)액티브,52745,5,-70,-0.13,52776.0,-2.6093,4779,252,10949,2026-07-30 06:03:43
0195S0,2,TIGER SK하이닉스단일종목레버리지,5985,5,-670,-10.07,5991.0,,192216099,1200927,10927,2026-07-30 06:03:43
497570,4,TIGER 미국필라델피아AI반도체나스닥,20070,5,-575,-2.79,19996.0,1.4731,1802664,36479,10567,2026-07-30 06:03:43
356540,6,ACE 종합채권(AA-이상)액티브,101035,5,-195,-0.19,101060.0,-2.3254,1666,168,10546,2026-07-30 06:03:43
091230,2,TIGER 반도체,99570,5,-3075,-3.0,99594.0,-21.8099,1523730,155046,10475,2026-07-30 06:03:43
446720,4,SOL 미국배당다우존스,14110,5,-175,-1.23,14119.0,6.5939,340216,4809,10413,2026-07-30 06:03:43
479520,6,RISE KOFR금리액티브(합성),106110,2,20,0.02,106097.0,0.6403,2519,267,10309,2026-07-30 06:03:43
114800,3,KODEX 인버스,1341,2,27,2.05,1342.0,-1.4993,1665029555,2188516,10256,2026-07-30 06:03:43
469830,6,SOL 초단기채권액티브,54212,2,32,0.06,54213.0,0.7344,258500,14013,10205,2026-07-30 06:03:43
232080,1,TIGER 코스닥150,10870,5,-500,-4.4,10884.0,-45.5981,3359395,37490,9868,2026-07-30 06:03:43
0117L0,6,KODEX 26-12 금융채(AA-이상)액티브,10130,3,0,0.0,10131.0,0.5958,8747,88,9809,2026-07-30 06:03:43
0139F0,6,TIGER 12월자동연장금융채(AA-이상)액티브,101790,2,40,0.04,101805.0,0.5832,30,3,9770,2026-07-30 06:03:43
465580,4,ACE 미국빅테크TOP7 Plus,22990,5,-320,-1.37,22846.0,-5.0123,318284,7356,9598,2026-07-30 06:03:43
402970,4,ACE 미국배당다우존스,15670,5,-205,-1.29,15675.0,6.8262,315282,4949,9590,2026-07-30 06:03:43
449180,4,KODEX 미국S&P500(H),16370,5,-225,-1.36,16336.0,3.6448,435328,7135,9413,2026-07-30 06:03:43
0183J0,4,TIGER 미국우주테크,6395,5,-405,-5.96,6437.0,-31.6583,2659254,17176,9372,2026-07-30 06:03:43
494300,4,KODEX 미국나스닥100데일리커버드콜OTM,9035,5,-165,-1.79,8989.0,-3.5579,1276653,11587,9089,2026-07-30 06:03:43
449450,2,PLUS K방산,45765,2,1565,3.54,45888.0,-44.5282,768913,36036,9039,2026-07-30 06:03:43
438100,7,ACE 미국나스닥100미국채혼합50액티브,15200,5,-210,-1.36,15190.0,-0.8366,411985,6287,9014,2026-07-30 06:03:43
494890,1,KODEX 200액티브,25300,5,-450,-1.75,25264.0,-11.5227,1090252,28248,8931,2026-07-30 06:03:43
445290,2,KODEX 로봇액티브,24925,5,-965,-3.73,24998.0,-27.6739,1152021,29377,8749,2026-07-30 06:03:43
226490,1,KODEX 코스피,57505,5,-900,-1.54,57482.0,-14.7237,1715859,100144,8683,2026-07-30 06:03:43
153130,6,KODEX 단기채권,113260,3,0,0.0,113284.0,0.5445,53038,6008,8506,2026-07-30 06:03:43
371460,4,TIGER 차이나전기차SOLACTIVE,11060,2,15,0.14,11128.0,-24.5818,282346,3113,8140,2026-07-30 06:03:43
469150,2,ACE AI반도체TOP3+,43225,5,-1345,-3.02,43335.0,-24.0457,4223439,187343,8126,2026-07-30 06:03:43
495050,1,RISE 코리아밸류업,27235,5,-315,-1.14,27272.0,-7.646,1047393,29055,8048,2026-07-30 06:03:43
237350,1,KODEX 코스피100,70140,5,-1335,-1.87,70188.0,-10.0101,1019654,72865,7996,2026-07-30 06:03:43
385560,6,RISE KIS국고채30년Enhanced,52105,5,-190,-0.36,52109.0,-16.741,47838,2495,7984,2026-07-30 06:03:43
476550,6,TIGER 미국30년국채커버드콜액티브(H),6825,5,-130,-1.87,6857.0,-1.8927,1554663,10639,7934,2026-07-30 06:03:43
498410,2,KODEX 금융고배당TOP10타겟위클리커버드콜,11610,2,250,2.2,11601.0,-9.6848,2405162,28231,7779,2026-07-30 06:03:43
0048J0,6,KODEX 미국머니마켓액티브,14360,5,-75,-0.52,14357.0,-1.2821,350146,5034,7743,2026-07-30 06:03:43
481060,6,KODEX 미국30년국채타겟커버드콜(합성 H),7415,5,-125,-1.66,7505.0,-2.4822,1904631,14169,7700,2026-07-30 06:03:43
0061Z0,6,RISE 단기특수은행채액티브,50875,2,20,0.04,50868.0,0.673,1321,67,7595,2026-07-30 06:03:43
466940,2,TIGER 은행고배당플러스TOP10,25285,2,525,2.12,25317.0,-5.421,1241264,31789,7560,2026-07-30 06:03:43
295040,1,SOL 200TR,32905,5,-710,-2.11,32930.0,-11.142,919938,30882,7502,2026-07-30 06:03:43
0025N0,7,TIGER TDF2045 적격,11935,5,-155,-1.28,11914.0,0.834,343287,4112,7400,2026-07-30 06:03:43
305540,2,TIGER 2차전지테마,15165,2,470,3.2,15186.0,-46.2116,649150,9863,7378,2026-07-30 06:03:43
272580,6,TIGER 단기채권액티브,56950,2,40,0.07,56945.0,0.5299,22120,1259,7325,2026-07-30 06:03:43
458760,4,TIGER 미국배당다우존스타겟커버드콜2호,11410,5,-165,-1.43,11418.0,7.0157,386251,4418,7234,2026-07-30 06:03:43
0195R0,2,TIGER 삼성전자단일종목레버리지,7690,5,-150,-1.91,7718.0,,64585962,520395,7206,2026-07-30 06:03:43
456610,6,TIGER 미국달러SOFR금리액티브(합성),62170,5,-445,-0.71,62210.0,-1.2148,21360,1332,7056,2026-07-30 06:03:43
475720,3,RISE 200위클리커버드콜,10860,5,-250,-2.25,10873.0,-14.7768,1980891,22064,7048,2026-07-30 06:03:43
144600,5,KODEX 은선물(H),9320,5,-120,-1.27,9326.0,-22.2085,447224,4218,7046,2026-07-30 06:03:43
0117V0,2,TIGER 코리아AI전력기기TOP3플러스,13125,5,-920,-6.55,13152.0,-46.8709,3371244,46506,6996,2026-07-30 06:03:43
455850,2,SOL AI반도체소부장,16175,5,-1050,-6.1,16203.0,-45.0296,3556285,59219,6907,2026-07-30 06:03:43
490590,4,RISE 미국AI밸류체인데일리고정커버드콜,12712,5,-463,-3.51,12715.0,-4.8472,757487,9696,6903,2026-07-30 06:03:43
441800,1,TIME Korea플러스배당액티브,25275,5,-185,-0.73,25273.0,-15.5715,463318,11925,6839,2026-07-30 06:03:43
487340,6,ACE 머니마켓액티브,105540,2,40,0.04,105547.0,0.8122,28466,3004,6807,2026-07-30 06:03:43
457480,4,ACE 테슬라밸류체인액티브,16325,5,-500,-2.97,16345.0,-26.832,634921,10440,6767,2026-07-30 06:03:43
455030,6,KODEX 미국달러SOFR금리액티브(합성),12330,5,-75,-0.6,12336.0,-1.288,77036,952,6652,2026-07-30 06:03:43
329750,6,TIGER 미국달러단기채권액티브,13555,5,-90,-0.66,13565.0,-1.4446,184868,2511,6528,2026-07-30 06:03:43
0127P0,4,ACE 미국대형성장주액티브,10240,5,-245,-2.34,10210.0,-1.5933,605460,6212,6482,2026-07-30 06:03:43
371160,4,TIGER 차이나항셍테크,7570,5,-90,-1.17,7590.0,-2.9672,552020,4207,6355,2026-07-30 06:03:43
102970,2,KODEX 증권,17045,2,20,0.12,17068.0,-38.2819,1156768,20254,6290,2026-07-30 06:03:43
482730,4,TIGER 미국S&P500타겟데일리커버드콜,11820,5,-230,-1.91,11800.0,1.9023,349355,4146,6235,2026-07-30 06:03:43
069660,1,KIWOOM 200,87745,5,-1460,-1.64,87811.0,-11.4224,345115,30884,6230,2026-07-30 06:03:43
484790,6,KODEX 미국30년국채액티브(H),8235,5,-145,-1.73,8264.0,-1.9263,633664,5227,6015,2026-07-30 06:03:43
314250,4,KODEX 미국빅테크10(H),55380,5,-750,-1.34,55370.0,1.9871,134915,7494,6003,2026-07-30 06:03:43
434060,7,KODEX TDF2050액티브 적격,16410,5,-305,-1.82,16316.0,-4.8616,171081,2811,5998,2026-07-30 06:03:43
495850,1,KODEX 코리아밸류업,27075,5,-235,-0.86,27084.0,-8.2162,3883891,107546,5970,2026-07-30 06:03:43
489250,4,KODEX 미국배당다우존스,13272,5,-193,-1.43,13284.0,6.7884,278016,3699,5919,2026-07-30 06:03:43
138540,2,TIGER 현대차그룹플러스,45735,2,110,0.24,45787.0,-28.8,681704,31598,5918,2026-07-30 06:03:43
0167B0,2,SOL 200타겟위클리커버드콜,9710,5,-215,-2.17,9705.0,-11.9113,2809209,27949,5836,2026-07-30 06:03:43
0015B0,4,KoAct 미국나스닥성장기업액티브,17460,5,-405,-2.27,17437.0,-7.6267,938595,16585,5832,2026-07-30 06:03:43
251600,7,PLUS 고배당주채권혼합,15005,2,100,0.67,15014.0,-6.5616,349222,5279,5822,2026-07-30 06:03:43
491010,4,TIGER 글로벌AI전력인프라액티브,23130,5,-1220,-5.01,23110.0,-16.738,215354,5011,5803,2026-07-30 06:03:43
114260,6,KODEX 국고채3년,61645,5,-60,-0.1,61659.0,0.3007,15938,982,5760,2026-07-30 06:03:43
396520,4,TIGER 차이나반도체FACTSET,13890,5,-520,-3.61,13913.0,19.6843,1285602,17901,5673,2026-07-30 06:03:43
0177R0,2,TIGER 반도체TOP10커버드콜액티브,8440,5,-475,-5.33,8442.0,-18.7958,3188904,27669,5587,2026-07-30 06:03:43
449190,4,KODEX 미국나스닥100(H),20585,5,-255,-1.22,20487.0,1.5077,944506,19509,5548,2026-07-30 06:03:43
364980,2,TIGER 2차전지TOP10,8315,2,275,3.42,8308.0,-43.9722,3794238,31513,5409,2026-07-30 06:03:43
438330,6,TIGER 우량회사채액티브,115180,5,-105,-0.09,115245.0,0.1781,7228,833,5379,2026-07-30 06:03:43
494670,2,TIGER 조선TOP10,20880,2,1025,5.16,20896.0,-39.9244,2232642,46981,5366,2026-07-30 06:03:43
290130,2,RISE ESG사회책임투자,37805,5,-795,-2.06,37762.0,-7.1781,677167,26163,5331,2026-07-30 06:03:43
494310,2,KODEX 반도체레버리지,45750,5,-4750,-9.41,45946.0,-50.5678,1935092,92972,5284,2026-07-30 06:03:43
365780,6,ACE 국고채10년,82060,5,-500,-0.61,82177.0,-2.1338,10427,857,5226,2026-07-30 06:03:43
418660,4,TIGER 미국나스닥100레버리지(합성),37420,5,-1375,-3.54,37035.0,-3.3026,417317,15793,5220,2026-07-30 06:03:43
466950,4,TIGER 글로벌AI액티브,27590,5,-715,-2.53,27567.0,-8.6494,158406,4425,5192,2026-07-30 06:03:43
491620,4,RISE 미국테크100데일리고정커버드콜,10355,5,-190,-1.8,10305.0,1.6978,606104,6301,5183,2026-07-30 06:03:43
434730,2,HANARO 원자력iSelect,43370,5,-1630,-3.62,43387.0,-49.3301,619673,27752,5161,2026-07-30 06:03:43
0019K0,7,TIME 미국나스닥100채권혼합50액티브,12710,5,-140,-1.09,12705.0,-0.6188,660587,8421,5160,2026-07-30 06:03:43
423920,4,TIGER 미국필라델피아반도체레버리지(합성),72775,5,-5670,-7.23,72093.0,-3.4993,234600,17398,5087,2026-07-30 06:03:43
0105E0,2,SOL 코리아고배당,12375,2,140,1.14,12391.0,-10.4741,946911,11858,5080,2026-07-30 06:03:43
0007F0,6,KODEX 27-12 회사채(AA-이상)액티브,10155,2,15,0.15,10152.0,0.3463,4930,50,5070,2026-07-30 06:03:43
251350,4,KODEX MSCI선진국,39000,5,-600,-1.52,38966.0,2.1181,60296,2361,4992,2026-07-30 06:03:43
499660,7,TIGER CD금리플러스액티브(합성),1000255,2,250,0.02,1000257.0,0.7211,9894,9896,4987,2026-07-30 06:03:43
473290,6,KODEX 26-12 회사채(AA-이상)액티브,10845,5,-5,-0.05,10851.0,0.5094,6987,75,4939,2026-07-30 06:03:43
367760,2,RISE 네트워크인프라,41535,5,-2970,-6.67,41618.0,-8.0476,1092815,47428,4901,2026-07-30 06:03:43
471230,6,KODEX 국고채10년액티브,103405,5,-550,-0.53,103504.0,-2.2658,5088,527,4795,2026-07-30 06:03:43
476800,7,KODEX 한국부동산리츠인프라,4177,2,2,0.05,4225.0,-12.8817,440954,1845,4781,2026-07-30 06:03:43
490490,7,SOL 미국배당미국채혼합50,11450,5,-170,-1.46,11455.0,1.8663,314051,3603,4706,2026-07-30 06:03:43
435420,7,TIGER 미국나스닥100채권혼합50,13775,5,-115,-0.83,13721.0,-0.3221,219320,3032,4628,2026-07-30 06:03:43
462330,2,KODEX 2차전지산업레버리지,715,2,45,6.72,716.0,-76.0287,62134081,44554,4623,2026-07-30 06:03:43
0162M0,6,KODEX 금융채1~2년(AA-이상)PLUS액티브,10015,2,5,0.05,10031.0,0.2002,115,1,4584,2026-07-30 06:03:43
496080,1,TIGER 코리아밸류업,27100,5,-210,-0.77,27156.0,-8.0597,2060723,56269,4553,2026-07-30 06:03:43
451000,6,PLUS 종합채권(AA-이상)액티브,107085,3,0,0.0,107088.0,-2.6456,3,0,4545,2026-07-30 06:03:43
0148J0,2,TIGER 코리아휴머노이드로봇산업,6975,5,-615,-8.1,6994.0,-40.7263,8959199,65276,4544,2026-07-30 06:03:43
480260,6,TIGER 27-04회사채(A+이상)액티브,53630,2,15,0.03,53647.0,0.3556,6228,334,4392,2026-07-30 06:03:43
483280,4,KODEX 미국AI테크TOP10타겟커버드콜,11060,5,-225,-1.99,11014.0,-9.9315,297064,3298,4380,2026-07-30 06:03:43
448290,4,TIGER 미국S&P500(H),16985,5,-225,-1.31,16958.0,3.5725,147490,2509,4357,2026-07-30 06:03:43
463250,2,TIGER K방산&우주,28880,2,725,2.58,28972.0,-44.6857,996073,29502,4346,2026-07-30 06:03:43
315960,2,RISE 대형고배당10TR,65760,5,-655,-0.99,65798.0,-4.5762,572992,38277,4340,2026-07-30 06:03:43
447770,7,TIGER 테슬라채권혼합Fn,13170,5,-115,-0.87,13193.0,-6.5127,146383,1930,4280,2026-07-30 06:03:43
439870,6,KODEX 국고채30년액티브,87725,5,-205,-0.23,87525.0,-13.3354,7378,648,4277,2026-07-30 06:03:43
462010,2,TIGER 2차전지소재Fn,3985,2,155,4.05,3989.0,-52.0951,4945910,19702,4260,2026-07-30 06:03:43
0101N0,2,RISE AI전력인프라,13585,5,-555,-3.93,13614.0,-42.0492,1059524,14894,4239,2026-07-30 06:03:43
444200,2,SOL 코리아메가테크액티브,36810,5,-705,-1.88,36875.0,-26.5852,1234167,46504,4196,2026-07-30 06:03:43
0190C0,2,RISE 현대차고정피지컬AI,7080,5,-220,-3.01,7102.0,,3307262,24057,4181,2026-07-30 06:03:43
474220,4,TIGER 미국테크TOP10타겟커버드콜,14530,5,-230,-1.56,14456.0,-6.8273,94263,1377,4090,2026-07-30 06:03:43
148070,6,KIWOOM 국고채10년,104070,5,-525,-0.5,104158.0,-2.1837,9250,964,4087,2026-07-30 06:03:43
477050,6,PLUS 머니마켓액티브,53350,2,15,0.03,53358.0,0.7651,30230,1612,4072,2026-07-30 06:03:43
0016X0,6,SOL 중단기회사채(A-이상)액티브,51305,2,15,0.03,51299.0,0.6179,328,16,4007,2026-07-30 06:03:43
0091P0,2,TIGER 코리아원자력,11815,5,-400,-3.27,11827.0,-55.3953,2443103,29728,3988,2026-07-30 06:03:43
0197X0,2,SOL SK하이닉스선물단일종목인버스2X,19045,2,1755,10.15,19028.0,,264412080,4889707,3985,2026-07-30 06:03:43
458250,6,TIGER 미국30년국채스트립액티브(합성 H),34460,5,-1235,-3.46,34823.0,-3.3442,127637,4418,3984,2026-07-30 06:03:43
293180,1,HANARO 200,88025,5,-1900,-2.11,88020.0,-11.1172,113756,10153,3873,2026-07-30 06:03:43
361580,1,RISE 200TR,49945,5,-1060,-2.08,49963.0,-11.1566,283329,14511,3871,2026-07-30 06:03:43
0060H0,1,TIGER 토탈월드스탁액티브,12610,5,-110,-0.86,12580.0,0.2354,77737,984,3808,2026-07-30 06:03:43
091180,2,KODEX 자동차,25710,5,-80,-0.31,25774.0,-21.9263,997431,26061,3792,2026-07-30 06:03:43
426020,4,TIME 미국S&P500액티브,31260,5,-800,-2.5,31277.0,1.1994,124455,3906,3757,2026-07-30 06:03:43
241180,4,TIGER 일본니케이225,32815,2,25,0.08,32831.0,-1.3835,68223,2229,3728,2026-07-30 06:03:43
453810,4,KODEX 인도Nifty50,12180,5,-60,-0.49,12293.0,-3.7139,84760,1036,3636,2026-07-30 06:03:43
0023A0,4,SOL 미국양자컴퓨팅TOP10,22135,5,-965,-4.18,22059.0,-14.7602,203370,4526,3586,2026-07-30 06:03:43
484880,2,SOL 금융지주플러스고배당,21460,2,510,2.43,21467.0,-6.0737,884029,19227,3562,2026-07-30 06:03:43
277630,1,TIGER 코스피,58380,5,-1030,-1.73,58385.0,-14.8178,266757,15842,3561,2026-07-30 06:03:43
0219E0,2,KODEX 200커버드콜액티브,6900,5,-165,-2.34,6900.0,,5160272,36329,3560,2026-07-30 06:03:43
439860,6,KODEX ESG종합채권(A-이상)액티브,113300,5,-70,-0.06,113365.0,-0.1014,175,19,3537,2026-07-30 06:03:43
0040Y0,7,SOL 팔란티어커버드콜OTM채권혼합,7775,5,-50,-0.64,7797.0,-4.2921,359272,2791,3503,2026-07-30 06:03:43
451060,1,1Q 200액티브,28020,5,-590,-2.06,28049.0,-11.9988,208832,6064,3488,2026-07-30 06:03:43
456880,7,ACE 미국달러SOFR금리(합성),12605,5,-65,-0.51,12600.0,-1.324,81108,1024,3476,2026-07-30 06:03:43
0046A0,6,TIGER 미국초단기(3개월이하)국채,9935,5,-75,-0.75,9935.0,-1.3897,629458,6267,3435,2026-07-30 06:03:43
0144L0,4,KODEX 미국성장커버드콜액티브,9410,5,-170,-1.77,9379.0,-0.7144,391997,3698,3411,2026-07-30 06:03:43
0131V0,4,1Q 미국우주항공테크,10195,5,-430,-4.05,10205.0,-12.8742,126810,1298,3395,2026-07-30 06:03:43
496020,6,WON 전단채플러스액티브,52300,2,15,0.03,52303.0,0.8292,729,38,3381,2026-07-30 06:03:43
385550,6,RISE 단기채권알파액티브,113795,2,85,0.07,113792.0,0.526,2029,230,3377,2026-07-30 06:03:43
448300,4,TIGER 미국나스닥100(H),21275,5,-235,-1.09,21172.0,1.5558,180462,3850,3361,2026-07-30 06:03:43
0052D0,2,TIGER 코리아배당다우존스,14835,2,315,2.17,14875.0,-11.885,265628,4004,3286,2026-07-30 06:03:43
0163Y0,1,KoAct 코스닥액티브,6510,5,-340,-4.96,6509.0,-48.2433,1274937,8487,3265,2026-07-30 06:03:43
472170,7,TIGER 미국테크TOP10채권혼합,13620,5,-130,-0.95,13579.0,-3.6778,82961,1132,3248,2026-07-30 06:03:43
132030,5,KODEX 골드선물(H),22690,5,-35,-0.15,22702.0,-12.5626,58007,1327,3245,2026-07-30 06:03:43
091170,2,KODEX 은행,15460,2,385,2.55,15469.0,-4.0217,2668652,41737,3239,2026-07-30 06:03:43
0043Y0,4,TIME 차이나AI테크액티브,18015,5,-595,-3.2,18068.0,-1.7424,201753,3701,3198,2026-07-30 06:03:43
0173Y0,4,KODEX 미국AI광통신네트워크,8885,5,-625,-6.57,8923.0,-21.7195,917870,8221,3194,2026-07-30 06:03:43
0052S0,7,1Q 미국S&P500미국채혼합50액티브,11745,5,-140,-1.18,11735.0,0.0837,162843,1918,3171,2026-07-30 06:03:43
0026S0,4,1Q 미국S&P500,12780,5,-250,-1.92,12752.0,1.8613,227328,2913,3157,2026-07-30 06:03:43
279530,2,KODEX 고배당주,16860,2,185,1.11,16872.0,-8.4783,643023,11034,3069,2026-07-30 06:03:43
453870,4,TIGER 인도니프티50,12070,5,-35,-0.29,12111.0,-3.4168,101795,1226,3060,2026-07-30 06:03:43
0167Z0,4,KODEX 미국우주항공,6715,5,-370,-5.22,6734.0,-30.6602,422428,2859,3052,2026-07-30 06:03:43
448630,7,RISE 삼성그룹Top3채권혼합,14155,5,-20,-0.14,14230.0,-3.8658,202445,2871,3029,2026-07-30 06:03:43
442570,7,RISE TDF2050액티브 적격,16820,5,-260,-1.52,16836.0,-0.9824,142604,2403,3019,2026-07-30 06:03:43
0080G0,2,KODEX 방산TOP10,8775,2,220,2.57,8790.0,-43.4424,4622199,41723,3019,2026-07-30 06:03:43
462900,2,KoAct 바이오헬스케어액티브,11420,5,-360,-3.06,11427.0,-45.5009,1216347,14194,3003,2026-07-30 06:03:43
476760,6,ACE 미국30년국채액티브,9287,5,-263,-2.75,9322.0,-3.4466,439757,4104,2981,2026-07-30 06:03:43
385720,1,TIME 코스피액티브,20780,5,-565,-2.65,20839.0,-17.4914,712398,15217,2972,2026-07-30 06:03:43
469070,2,RISE AI&로봇,9005,5,-475,-5.01,9025.0,-40.6016,562957,5241,2963,2026-07-30 06:03:43
454780,6,KIWOOM 종합채권(AA-이상)액티브,99390,5,-125,-0.13,99440.0,-2.5701,222,22,2939,2026-07-30 06:03:43
0111P0,7,1Q 미국나스닥100미국채혼합50액티브,10800,5,-120,-1.1,10774.0,-0.8156,179955,1949,2927,2026-07-30 06:03:43
489030,2,PLUS 고배당주위클리커버드콜,6575,2,70,1.08,6588.0,-20.0135,957848,6379,2913,2026-07-30 06:03:43
473330,6,SOL 미국30년국채커버드콜(합성),8340,5,-220,-2.57,8393.0,-3.5769,381131,3193,2911,2026-07-30 06:03:43
190620,6,ACE 단기통안채,101755,2,25,0.02,101767.0,0.5883,112792,11477,2876,2026-07-30 06:03:43
441680,7,TIGER 미국나스닥100커버드콜(합성),10510,5,-305,-2.82,10600.0,-1.705,141342,1493,2859,2026-07-30 06:03:43
433330,4,SOL 미국S&P500,21840,5,-405,-1.82,21790.0,1.7504,44356,972,2839,2026-07-30 06:03:43
461490,7,RISE 글로벌자산배분액티브,14520,5,-90,-0.62,14519.0,-2.5351,55195,803,2839,2026-07-30 06:03:43
310960,1,TIGER 200TR,51350,5,-1260,-2.39,51404.0,-10.8532,56784,2963,2824,2026-07-30 06:03:43
475080,7,KODEX 테슬라커버드콜채권혼합액티브,7620,5,-95,-1.23,7675.0,-5.061,213649,1626,2819,2026-07-30 06:03:43
196230,6,RISE 단기통안채,116665,2,5,0.0,116699.0,0.5429,3143,366,2810,2026-07-30 06:03:43
0094K0,6,TIGER 28-04 회사채(A+이상)액티브,99230,5,-5,-0.01,99257.0,0.3336,23434,2326,2799,2026-07-30 06:03:43
245710,4,ACE 베트남VN30(합성),28430,2,465,1.66,28954.0,-11.6011,25451,718,2786,2026-07-30 06:03:43
273140,6,KODEX 단기변동금리부채권액티브,114665,2,10,0.01,114669.0,0.4982,3441,394,2783,2026-07-30 06:03:43
485540,4,KODEX 미국AI테크TOP10,14080,5,-275,-1.92,14018.0,-9.9907,697457,9863,2781,2026-07-30 06:03:43
472920,6,HK 종합채권(AA-이상)액티브,97855,3,0,0.0,97966.0,-2.5106,0,0,2753,2026-07-30 06:03:43
0008S0,4,TIGER 미국배당다우존스타겟데일리커버드콜,10355,5,-100,-0.96,10339.0,6.3804,326143,3379,2744,2026-07-30 06:03:43
0038A0,4,KODEX 미국휴머노이드로봇,14225,5,-485,-3.3,14241.0,-13.8678,156504,2240,2738,2026-07-30 06:03:43
474590,2,WON 반도체밸류체인액티브,31675,5,-1750,-5.24,31757.0,-11.8772,277552,9039,2692,2026-07-30 06:03:43
481190,4,SOL 미국테크TOP10,16130,5,-245,-1.5,16034.0,-6.9603,190300,3084,2686,2026-07-30 06:03:43
364970,2,TIGER 바이오TOP10,6595,2,75,1.15,6608.0,-19.9509,2221069,14762,2622,2026-07-30 06:03:43
0053L0,4,TIGER 차이나휴머노이드로봇,9960,5,-260,-2.54,10089.0,-17.7627,192004,1931,2619,2026-07-30 06:03:43
497880,6,SOL CD금리&머니마켓액티브,50022,2,22,0.04,50032.0,0.7315,167671,8386,2619,2026-07-30 06:03:43
283580,4,KODEX 차이나CSI300,15600,5,-220,-1.39,15644.0,-4.5781,189464,2952,2590,2026-07-30 06:03:43
471990,2,KODEX AI반도체핵심장비,15200,5,-980,-6.06,15229.0,-48.2246,5218723,81550,2584,2026-07-30 06:03:43
243880,2,TIGER 200IT레버리지,194550,5,-25450,-11.57,195769.0,-33.6581,278565,59010,2578,2026-07-30 06:03:43
483320,4,ACE 엔비디아밸류체인액티브,20770,5,-1185,-5.4,20581.0,-2.1177,1003446,21257,2565,2026-07-30 06:03:43
302190,6,TIGER 중장기국채,49940,5,-115,-0.23,49933.0,-0.9793,620,30,2557,2026-07-30 06:03:43
488080,3,TIGER 반도체TOP10레버리지,20405,5,-2105,-9.35,20502.0,-62.2221,2122598,45595,2540,2026-07-30 06:03:43
478150,4,TIME 글로벌우주테크&방산액티브,20635,5,-930,-4.31,20709.0,0.771,68718,1420,2517,2026-07-30 06:03:43
136340,6,RISE 중기우량회사채,103950,5,-105,-0.1,103959.0,0.1876,3123,324,2412,2026-07-30 06:03:43
261260,7,KODEX 미국달러선물인버스2X,4915,2,45,0.92,4929.0,3.5069,322367,1582,2399,2026-07-30 06:03:43
270810,1,RISE 코스닥150,10605,5,-440,-3.98,10618.0,-45.7115,187985,2054,2399,2026-07-30 06:03:43
488980,6,SOL 26-12 회사채(AA-이상)액티브,51975,2,15,0.03,51980.0,0.6001,1252,65,2384,2026-07-30 06:03:43
363570,6,KODEX 장기종합채권(AA-이상)액티브,86315,5,-330,-0.38,86339.0,-6.0657,8262,714,2376,2026-07-30 06:03:43
471040,4,KoAct 글로벌AI&로봇액티브,25730,5,-370,-1.42,25635.0,-10.0621,82913,2163,2367,2026-07-30 06:03:43
458260,6,TIGER 미국투자등급회사채액티브(H),46150,5,-310,-0.67,46245.0,-1.6068,7097,328,2367,2026-07-30 06:03:43
385510,2,KODEX 신재생에너지액티브,27985,5,-385,-1.36,27973.0,-51.9682,429463,12395,2365,2026-07-30 06:03:43
493810,4,TIGER 미국AI빅테크10타겟데일리커버드콜,11230,5,-90,-0.8,11128.0,-4.9482,115538,1300,2364,2026-07-30 06:03:43
0182R0,2,1Q K반도체TOP2+,7745,5,-460,-5.61,7752.0,-28.8995,7206806,57929,2358,2026-07-30 06:03:43
437080,6,KODEX 미국종합채권ESG액티브(H),96755,5,-400,-0.41,96698.0,-1.0826,1791,173,2346,2026-07-30 06:03:43
329650,7,KODEX TRF3070,14090,5,-55,-0.39,14111.0,-1.5661,34228,482,2325,2026-07-30 06:03:43
307520,2,TIGER 지주회사,18000,5,-95,-0.53,18036.0,-25.9131,2208364,41010,2322,2026-07-30 06:03:43
228790,2,TIGER 화장품,3700,5,-70,-1.86,3706.0,-8.0488,4161105,15639,2304,2026-07-30 06:03:43
483340,4,ACE 구글밸류체인액티브,20195,5,-670,-3.21,20222.0,-3.0437,253206,5162,2302,2026-07-30 06:03:43
0092C0,6,SOL 27-12 회사채(AA-이상)액티브,50080,3,0,0.0,50104.0,0.4714,0,0,2285,2026-07-30 06:03:43
305080,6,TIGER 미국채10년선물,12755,5,-155,-1.2,12772.0,-3.4045,54540,697,2283,2026-07-30 06:03:43
448540,7,ACE 엔비디아채권혼합,25695,5,-160,-0.62,25644.0,-2.746,29395,755,2261,2026-07-30 06:03:43
423170,4,SOL 글로벌AI반도체탑픽액티브,48940,5,-1555,-3.08,49081.0,1.8044,137079,6810,2261,2026-07-30 06:03:43
157500,2,TIGER 증권,11670,5,-45,-0.38,11677.0,-36.6928,1184461,14196,2248,2026-07-30 06:03:43
409820,4,KODEX 미국나스닥100레버리지(합성 H),17250,5,-440,-2.49,17067.0,0.9127,118208,2049,2234,2026-07-30 06:03:43
0210A0,2,ACE K반도체TOP2+,5175,5,-350,-6.33,5173.0,,8607955,46124,2223,2026-07-30 06:03:43
486450,4,SOL 미국AI전력인프라,18655,5,-955,-4.87,18551.0,-19.3171,77535,1463,2220,2026-07-30 06:03:43
472160,4,TIGER 미국테크TOP10 INDXX(H),17435,5,-165,-0.94,17335.0,-5.5794,155766,2727,2206,2026-07-30 06:03:43
139230,2,TIGER 200 중공업,10915,2,55,0.51,10949.0,-45.5879,914959,10188,2198,2026-07-30 06:03:43
414780,4,TIGER 차이나과창판STAR50(합성),13970,5,-655,-4.48,14131.0,10.3357,448180,6357,2193,2026-07-30 06:03:43
213610,2,KODEX 삼성그룹밸류,19235,2,5,0.03,19226.0,-5.8277,50869,997,2174,2026-07-30 06:03:43
452360,4,SOL 미국배당다우존스(H),13250,5,-90,-0.67,13253.0,8.5944,218339,2886,2147,2026-07-30 06:03:43
495230,1,KoAct 코리아밸류업액티브,25400,5,-495,-1.91,25408.0,-14.2422,166227,4320,2121,2026-07-30 06:03:43
475300,2,SOL 반도체전공정,14460,5,-1325,-8.39,14471.0,-28.1194,3229995,48566,2111,2026-07-30 06:03:43
476450,6,KIWOOM 머니마켓액티브,52610,2,5,0.01,52619.0,0.6794,868,45,2091,2026-07-30 06:03:43
0047A0,4,TIGER 차이나테크TOP10,13105,5,-445,-3.28,13167.0,0.7809,221381,2913,2084,2026-07-30 06:03:43
0183V0,7,KIWOOM 삼성전자&SK하이닉스채권혼합50,10410,5,-150,-1.42,10415.0,4.1807,1679468,17679,2072,2026-07-30 06:03:43
0089D0,2,KODEX 금융고배당TOP10,12820,2,295,2.36,12837.0,-6.3029,351623,4581,2064,2026-07-30 06:03:43
0182S0,7,1Q K반도체TOP2채권혼합50,10890,5,-185,-1.67,10910.0,2.5937,611585,6740,2036,2026-07-30 06:03:43
490090,4,TIGER 미국AI빅테크10,15355,5,-160,-1.03,15233.0,-4.4937,135152,2084,2035,2026-07-30 06:03:43
442320,4,RISE 글로벌원자력,31860,5,-950,-2.9,32023.0,-34.0319,15774,509,2026,2026-07-30 06:03:43
0098F0,2,KODEX 원자력SMR,11540,5,-260,-2.2,11555.0,-51.1489,2098073,24833,2020,2026-07-30 06:03:43
498270,4,KIWOOM 미국양자컴퓨팅,13315,5,-380,-2.77,13170.0,-3.4179,67059,898,1997,2026-07-30 06:03:43
421320,2,PLUS 우주항공,21210,5,-100,-0.47,21222.0,-55.1652,158163,3468,1994,2026-07-30 06:03:43
394670,4,TIGER 글로벌리튬&2차전지SOLACTIVE(합성),10680,2,80,0.75,10725.0,-23.878,30532,325,1978,2026-07-30 06:03:43
0151S0,4,KODEX 미국AI반도체TOP3플러스,13600,5,-615,-4.33,13631.0,0.3881,950401,13052,1972,2026-07-30 06:03:43
0119H0,6,KODEX 28-12 회사채(AA-이상)액티브,9905,2,15,0.15,9891.0,0.2534,14144,140,1967,2026-07-30 06:03:43
463290,6,1Q 단기금융채액티브,108955,2,45,0.04,108954.0,0.6654,23374,2546,1961,2026-07-30 06:03:43
466930,2,SOL 자동차TOP3플러스,22325,5,-405,-1.78,22361.0,-8.5864,1558664,35516,1953,2026-07-30 06:03:43
491610,6,1Q CD금리액티브(합성),104575,2,15,0.01,104512.0,0.6788,4092,427,1917,2026-07-30 06:03:43
429000,4,TIGER 미국S&P500배당귀족,14195,5,-170,-1.18,14144.0,6.6193,254894,3626,1902,2026-07-30 06:03:43
471780,2,TIGER 코리아테크액티브,25535,5,-1415,-5.25,25546.0,-20.0297,233740,6159,1900,2026-07-30 06:03:43
0005A0,4,KODEX 미국S&P500데일리커버드콜OTM,9515,5,-185,-1.91,9499.0,1.7874,171941,1643,1893,2026-07-30 06:03:43
0091C0,6,KODEX 미국10년국채액티브(H),9605,5,-40,-0.41,9609.0,-1.3711,61265,588,1888,2026-07-30 06:03:43
251340,3,KODEX 코스닥150선물인버스,3320,2,140,4.4,3349.0,64.0866,47261206,153328,1859,2026-07-30 06:03:43
388420,2,RISE 비메모리반도체액티브,19845,5,-1220,-5.79,19891.0,-25.3711,1392218,28652,1857,2026-07-30 06:03:43
0115D0,2,KODEX 조선TOP10,7395,2,400,5.72,7401.0,-40.4428,5422706,40490,1849,2026-07-30 06:03:43
495060,1,TIME 코리아밸류업액티브,24175,5,-200,-0.82,24172.0,-12.9465,240558,5951,1825,2026-07-30 06:03:43
0162Y0,1,TIME 코스닥액티브,5300,5,-315,-5.61,5302.0,-49.5054,536619,2931,1818,2026-07-30 06:03:43
0204D0,2,KODEX 현대차로보틱스밸류체인TOP3플러스,5800,5,-65,-1.11,5801.0,,1436276,8477,1815,2026-07-30 06:03:43
433980,7,KODEX TDF2040액티브 적격,15590,5,-250,-1.58,15585.0,0.1256,54835,857,1808,2026-07-30 06:03:43
266160,2,RISE 고배당,28310,5,-145,-0.51,28374.0,-10.0836,76586,2209,1798,2026-07-30 06:03:43
463050,2,TIME K바이오액티브,10685,5,-195,-1.79,10720.0,-41.2051,770381,8403,1790,2026-07-30 06:03:43
458210,7,KIWOOM CD금리액티브(합성),110320,2,25,0.02,110288.0,0.6846,515,56,1779,2026-07-30 06:03:43
244580,2,KODEX 바이오,6935,5,-145,-2.05,6933.0,-43.3374,1021269,7229,1770,2026-07-30 06:03:43
0069M0,4,1Q 미국나스닥100,13010,5,-240,-1.81,12949.0,-0.3141,113516,1483,1769,2026-07-30 06:03:43
302450,1,RISE 코스피,57975,5,-905,-1.54,57970.0,-14.723,22734,1339,1768,2026-07-30 06:03:43
200250,4,KIWOOM 인도Nifty50(합성),22360,5,-35,-0.16,22557.0,-4.2745,11275,252,1766,2026-07-30 06:03:43
0082V0,7,KODEX TDF2060액티브 적격,10990,5,-120,-1.08,10938.0,-5.2922,92047,1014,1764,2026-07-30 06:03:43
0104N0,2,TIGER 200타겟위클리커버드콜,17095,5,-340,-1.95,17086.0,-11.5146,163534,2840,1761,2026-07-30 06:03:43
483290,4,KODEX 미국배당다우존스타겟커버드콜,10750,5,-120,-1.1,10752.0,6.4775,288340,3105,1752,2026-07-30 06:03:43
123320,3,TIGER 레버리지,76140,5,-3085,-3.89,76050.0,-32.7919,444738,35271,1751,2026-07-30 06:03:43
363580,2,KODEX 200IT TR,40585,5,-2425,-5.64,40622.0,-5.5037,754023,31643,1745,2026-07-30 06:03:43
0040X0,7,SOL 팔란티어미국채커버드콜혼합,8840,5,-145,-1.61,8863.0,-5.4124,184670,1633,1715,2026-07-30 06:03:43
472870,6,RISE 미국30년국채엔화노출(합성 H),6995,5,-175,-2.44,7021.0,-7.2396,419735,2949,1696,2026-07-30 06:03:43
480040,4,ACE 미국반도체데일리타겟커버드콜(합성),14455,5,-385,-2.59,14319.0,-4.2098,162870,2365,1691,2026-07-30 06:03:43
160580,5,TIGER 구리실물,16395,2,110,0.68,16223.0,3.3968,60993,1003,1689,2026-07-30 06:03:43
332930,1,HANARO 200TR,115305,5,-2410,-2.05,115391.0,-11.0209,42619,5019,1672,2026-07-30 06:03:43
495550,1,SOL 코리아밸류업TR,27675,5,-125,-0.45,27682.0,-8.7328,66349,1865,1661,2026-07-30 06:03:43
0099L0,6,ACE 우량회사채(AA-이상)액티브,99225,2,15,0.02,99268.0,0.3489,20044,1989,1636,2026-07-30 06:03:43
473460,4,KODEX 미국서학개미,20785,5,-535,-2.51,20704.0,-12.0207,29412,615,1632,2026-07-30 06:03:43
0192Z0,6,TIGER 중기종합채권(A-이상)액티브,100710,3,0,0.0,100674.0,,0,0,1626,2026-07-30 06:03:43
422420,2,RISE 2차전지액티브,5080,2,75,1.5,5096.0,-55.2585,145214,745,1616,2026-07-30 06:03:43
433500,2,ACE 원자력TOP10,39420,5,-1440,-3.52,39521.0,-54.0538,288246,11802,1616,2026-07-30 06:03:43
237370,7,KODEX 코리아배당성장채권혼합,15445,2,20,0.13,15454.0,-4.333,64107,993,1606,2026-07-30 06:03:43
490600,4,RISE 미국배당100데일리고정커버드콜,9480,5,-85,-0.89,9486.0,6.3283,252219,2399,1597,2026-07-30 06:03:43
272560,6,RISE 단기국공채액티브,114590,2,10,0.01,114600.0,0.5352,1536,176,1566,2026-07-30 06:03:43
480030,4,ACE 미국500데일리타겟커버드콜(합성),10260,5,-160,-1.54,10232.0,0.5189,109620,1128,1560,2026-07-30 06:03:43
0051G0,4,SOL 미국원자력SMR,12440,5,-400,-3.12,12461.0,-24.5815,47891,598,1549,2026-07-30 06:03:43
464240,6,KIWOOM 26-09회사채(AA-이상)액티브,52270,2,10,0.02,52290.0,0.6234,111,5,1542,2026-07-30 06:03:43
480020,4,ACE 미국빅테크7+데일리타겟커버드콜(합성),10625,5,-140,-1.3,10543.0,-10.6696,109155,1165,1541,2026-07-30 06:03:43
451530,6,TIGER 국고채30년스트립액티브,35575,5,-140,-0.39,35614.0,-22.1896,22738,809,1510,2026-07-30 06:03:43
0127M0,4,ACE 미국대형가치주액티브,12365,5,-240,-1.9,12318.0,10.9162,102343,1270,1509,2026-07-30 06:03:43
122090,1,PLUS 코스피50,65790,5,-1575,-2.34,65959.0,-7.9239,171613,11524,1500,2026-07-30 06:03:43
117700,2,KODEX 건설,5120,5,-60,-1.16,5133.0,-46.3881,2300042,12070,1490,2026-07-30 06:03:43
219480,4,KODEX 미국S&P500선물(H),31670,5,-375,-1.17,31663.0,3.271,3124,98,1488,2026-07-30 06:03:43
0064K0,5,KODEX 금액티브,12115,5,-75,-0.62,12156.0,-14.1852,30138,369,1472,2026-07-30 06:03:43
0153K0,2,KODEX 주주환원고배당주,11890,2,270,2.32,11911.0,-2.6414,182428,2195,1462,2026-07-30 06:03:43
267770,3,TIGER 200선물레버리지,58495,5,-2290,-3.77,58545.0,-32.6967,190716,11600,1462,2026-07-30 06:03:43
245340,4,TIGER 미국다우존스30,36065,5,-1025,-2.76,36106.0,5.2864,16145,584,1450,2026-07-30 06:03:43
0104H0,7,KoAct 미국나스닥채권혼합50액티브,11540,5,-45,-0.39,11517.0,-3.4181,109214,1262,1448,2026-07-30 06:03:43
0094M0,2,RISE 코리아밸류업위클리고정커버드콜,15550,5,-150,-0.96,15556.0,-8.0795,556975,8814,1438,2026-07-30 06:03:43
337160,2,KODEX 200ESG,38845,5,-745,-1.88,38923.0,-4.891,115690,4576,1437,2026-07-30 06:03:43
0048K0,4,KODEX 차이나휴머노이드로봇,8400,5,-200,-2.33,8435.0,-14.8642,232637,1971,1436,2026-07-30 06:03:43
494330,2,ACE 라이프자산주주가치액티브,28500,5,-35,-0.12,28572.0,7.4887,48477,1401,1425,2026-07-30 06:03:43
403790,1,MIDAS 코스피액티브,47690,5,-410,-0.85,47674.0,-13.0199,3793,181,1395,2026-07-30 06:03:43
304660,6,KODEX 미국30년국채울트라선물(H),7245,5,-145,-1.96,7247.0,-1.7941,26262,190,1377,2026-07-30 06:03:43
192090,4,TIGER 차이나CSI300,12815,5,-185,-1.42,12835.0,-4.9361,175035,2238,1371,2026-07-30 06:03:43
182480,7,TIGER 미국MSCI리츠(합성 H),14335,5,-115,-0.8,14474.0,7.2368,13153,188,1362,2026-07-30 06:03:43
332500,1,ACE 200TR,58985,5,-1290,-2.14,59098.0,-11.3016,155620,9436,1357,2026-07-30 06:03:43
143860,2,TIGER 헬스케어,33510,5,-70,-0.21,33567.0,-30.2307,73364,2491,1340,2026-07-30 06:03:43
0190G0,2,KODEX 반도체타겟위클리커버드콜,6635,5,-285,-4.12,6650.0,,1906602,12974,1340,2026-07-30 06:03:43
271050,5,KODEX WTI원유선물인버스(H),2030,5,-70,-3.33,2024.0,5.3159,1137726,2326,1333,2026-07-30 06:03:43
0180V0,4,ACE 미국우주테크액티브,6865,5,-370,-5.11,6883.0,-28.0458,276656,1909,1332,2026-07-30 06:03:43
372330,4,KODEX 차이나항셍테크,7545,5,-85,-1.11,7567.0,-3.0304,77908,591,1324,2026-07-30 06:03:43
461950,2,KODEX 2차전지핵심소재10,3970,2,175,4.61,3970.0,-53.0865,835701,3309,1318,2026-07-30 06:03:43
0041E0,4,KODEX 미국S&P500액티브,15660,5,-435,-2.7,15643.0,1.8003,71617,1124,1315,2026-07-30 06:03:43
476030,4,SOL 미국나스닥100,16480,5,-305,-1.82,16399.0,-0.0893,67806,1123,1285,2026-07-30 06:03:43
0131W0,6,1Q 단기특수은행채액티브,101875,2,25,0.02,101881.0,0.6323,7127,726,1271,2026-07-30 06:03:43
481180,4,SOL 미국AI소프트웨어,14755,2,345,2.39,14459.0,16.7747,125321,1854,1262,2026-07-30 06:03:43
486830,6,HANARO 머니마켓액티브,53125,2,15,0.03,53135.0,0.7206,3098,164,1254,2026-07-30 06:03:43
0093A0,2,RISE AI반도체TOP10,22675,5,-920,-3.9,22679.0,-34.6399,601699,14054,1247,2026-07-30 06:03:43
0005G0,2,IBK K-AI반도체코어테크,36015,5,-1540,-4.1,35996.0,-10.239,89415,3316,1243,2026-07-30 06:03:43
0000Y0,6,HK 26-12 회사채(AA-이상)액티브,101560,3,0,0.0,101598.0,0.5594,0,0,1229,2026-07-30 06:03:43
114820,6,TIGER 국채3년,104830,5,-90,-0.09,104835.0,0.2436,8458,886,1227,2026-07-30 06:03:43
0151P0,2,RISE 코리아전략산업액티브,11165,5,-600,-5.1,11199.0,-29.7499,1305945,15097,1211,2026-07-30 06:03:43
411420,4,KODEX 미국나스닥AI테크액티브,24925,5,-560,-2.2,24844.0,-5.4815,173960,4379,1209,2026-07-30 06:03:43
138520,2,TIGER 삼성그룹,29845,2,165,0.56,29881.0,-6.6667,322703,9888,1206,2026-07-30 06:03:43
152870,1,파워 200,88705,5,-1715,-1.9,88612.0,-11.1995,59136,5447,1198,2026-07-30 06:03:43
494220,2,UNICORN SK하이닉스밸류체인액티브,32875,5,-2625,-7.39,32925.0,-18.7272,596814,20336,1184,2026-07-30 06:03:43
464930,4,TIGER 글로벌혁신블루칩TOP10,20985,2,10,0.05,20834.0,-1.2709,23729,496,1175,2026-07-30 06:03:43
488500,4,TIGER 미국S&P500동일가중,13115,5,-165,-1.24,13063.0,6.3447,109207,1434,1167,2026-07-30 06:03:43
309230,4,ACE 미국WideMoat동일가중,31270,5,-110,-0.35,31248.0,5.1269,5261,165,1163,2026-07-30 06:03:43
495330,1,1Q 코리아밸류업,26955,5,-280,-1.03,26972.0,-8.0183,59623,1641,1159,2026-07-30 06:03:43
498180,6,파워 종합채권(AA-이상)액티브,93135,3,0,0.0,93240.0,-2.6905,0,0,1147,2026-07-30 06:03:43
491230,6,PLUS 국공채머니마켓액티브,52365,2,10,0.02,52363.0,0.7505,8019,419,1147,2026-07-30 06:03:43
399110,4,SOL 미국S&P500ESG,20475,5,-345,-1.66,20486.0,0.7971,11366,234,1147,2026-07-30 06:03:43
0123G0,4,TIGER 미국AI전력SMR,5940,5,-290,-4.65,5962.0,-26.1411,136204,819,1146,2026-07-30 06:03:43
261270,7,KODEX 미국달러선물인버스,7760,2,40,0.52,7775.0,2.0489,50672,392,1146,2026-07-30 06:03:43
0181B0,4,HANARO 미국AI메모리반도체TOP4+,8475,5,-210,-2.42,8464.0,,502403,4320,1144,2026-07-30 06:03:43
0199C0,2,ACE 고배당주Plus커버드콜액티브,8770,2,40,0.46,8715.0,,583917,5171,1140,2026-07-30 06:03:43
0135Y0,6,IBK 중기종합채권(AA-이상)액티브,100170,2,70,0.07,100152.0,0.0799,42,4,1139,2026-07-30 06:03:43
464310,4,TIGER 글로벌AI&로보틱스 INDXX,13620,5,-195,-1.41,13679.0,-12.8117,79388,1090,1137,2026-07-30 06:03:43
0122W0,6,RISE 26-11 회사채(AA-이상)액티브,50860,3,0,0.0,50866.0,0.6232,189,9,1136,2026-07-30 06:03:43
491820,2,HANARO 전력설비투자,30280,5,-1930,-5.99,30334.0,-47.5279,672313,21228,1136,2026-07-30 06:03:43
0176E0,4,RISE 미국AI전력인프라액티브,9250,5,-685,-6.89,9158.0,-16.0186,43196,401,1133,2026-07-30 06:03:43
447620,7,SOL 미국TOP5채권혼합50,15520,2,50,0.32,15379.0,-1.9956,183325,2840,1133,2026-07-30 06:03:43
412570,2,TIGER 2차전지TOP10레버리지,840,2,35,4.35,843.0,-72.7119,5038556,4269,1129,2026-07-30 06:03:43
463680,4,KODEX 미국S&P500테크놀로지,20860,5,-540,-2.52,20671.0,4.4878,21639,455,1106,2026-07-30 06:03:43
168580,4,ACE 중국본토CSI300,35260,5,-575,-1.6,35409.0,-4.44,1094,38,1100,2026-07-30 06:03:43
354500,1,ACE 코스닥150,10835,5,-485,-4.28,10785.0,-45.0886,294341,3263,1094,2026-07-30 06:03:43
448100,1,WON 200,90410,5,-1590,-1.73,90369.0,-11.4496,32755,2988,1085,2026-07-30 06:03:43
0036R0,4,RISE 미국휴머노이드로봇,18290,5,-730,-3.84,18411.0,-0.9873,185903,3426,1079,2026-07-30 06:03:43
0052T0,6,1Q 중단기회사채(A-이상)액티브,50550,2,10,0.02,50554.0,0.5571,1,0,1079,2026-07-30 06:03:43
0085P0,6,ACE 미국10년국채액티브,10210,5,-115,-1.11,10212.0,-3.0574,116130,1189,1072,2026-07-30 06:03:43
438570,6,SOL 국고채10년,97920,5,-375,-0.38,97895.0,-2.0381,270,26,1064,2026-07-30 06:03:43
0193M0,6,BNK 27-12 특수채(AAA이상)액티브,50255,2,30,0.06,50249.0,,40,2,1062,2026-07-30 06:03:43
319640,4,TIGER 골드선물(H),23840,5,-20,-0.08,23856.0,-12.9833,25544,614,1061,2026-07-30 06:03:43
0091M0,6,HANARO 27-06 회사채(AA-이상)액티브,10120,3,0,0.0,10132.0,0.3968,507,5,1053,2026-07-30 06:03:43
304940,4,KODEX 미국나스닥100선물(H),30090,5,-395,-1.3,29965.0,1.279,59793,1801,1053,2026-07-30 06:03:43
0184L0,6,PLUS 중기종합채권(A-이상)액티브,100370,3,0,0.0,100337.0,,0,0,1044,2026-07-30 06:03:43
0132K0,7,PLUS 테슬라위클리커버드콜채권혼합,7935,5,-45,-0.56,7949.0,-5.1486,110989,880,1043,2026-07-30 06:03:43
0074K0,2,KoAct K수출핵심기업TOP30액티브,13100,5,-415,-3.07,13129.0,-28.3405,173989,2349,1041,2026-07-30 06:03:43
0080Y0,2,SOL 조선TOP3플러스레버리지,8110,2,765,10.42,8130.0,-68.4967,1167315,9623,1038,2026-07-30 06:03:43
0191W0,6,HANARO 중기종합채권(A-이상)액티브,100680,3,0,0.0,100637.0,,0,0,1032,2026-07-30 06:03:43
475280,6,ACE 8월만기자동연장회사채AA-이상액티브,10700,5,-5,-0.05,10708.0,0.7055,12,0,1030,2026-07-30 06:03:43
0221V0,6,IBK 초단기채권액티브,100125,2,15,0.01,100142.0,,2663,266,1030,2026-07-30 06:03:43
0005D0,2,SOL 전고체배터리&실리콘음극재,10770,2,65,0.61,10774.0,-58.2407,864111,9427,1029,2026-07-30 06:03:43
481430,6,RISE 국고채10년액티브,97915,5,-380,-0.39,97896.0,-2.1162,570,55,1024,2026-07-30 06:03:43
0168K0,2,TIGER 기술이전바이오액티브,5060,5,-170,-3.25,5061.0,-46.2488,1307593,6773,1024,2026-07-30 06:03:43
465780,6,마이티 26-09 특수채(AAA)액티브,106150,2,25,0.02,106164.0,0.6258,18,1,1022,2026-07-30 06:03:43
394660,4,TIGER 글로벌자율주행&전기차SOLACTIVE,15335,5,-235,-1.51,15339.0,-11.9842,5356,82,1018,2026-07-30 06:03:43
325010,2,KODEX 성장주,33855,5,-720,-2.08,33822.0,-15.9067,114634,3964,1016,2026-07-30 06:03:43
139220,2,TIGER 200 건설,5905,2,30,0.51,5907.0,-43.1269,1692712,10262,1003,2026-07-30 06:03:43
488720,7,WON 종합채권(AA-이상)액티브,48560,5,-45,-0.09,48569.0,-2.2524,600,29,996,2026-07-30 06:03:43
328370,1,PLUS 코스피TR,31525,5,-210,-0.66,31516.0,-15.2151,14881,474,993,2026-07-30 06:03:43
457990,2,PLUS 태양광&ESS,27965,2,625,2.29,27962.0,-47.4938,720537,20521,993,2026-07-30 06:03:43
114100,6,RISE 국고채3년,106350,5,-105,-0.1,106351.0,0.1894,6941,738,989,2026-07-30 06:03:43
308620,6,KODEX 미국10년국채선물,11995,5,-100,-0.83,11991.0,-3.356,105954,1271,984,2026-07-30 06:03:43
204480,4,TIGER 차이나CSI300레버리지(합성),26295,5,-1040,-3.8,26508.0,-11.9788,2426,62,978,2026-07-30 06:03:43
203780,4,TIGER 미국나스닥바이오,34685,2,250,0.73,34005.0,9.9632,28465,981,978,2026-07-30 06:03:43
468380,6,KODEX iShares미국하이일드액티브,11315,5,-95,-0.83,11316.0,-1.8281,74505,844,975,2026-07-30 06:03:43
469170,2,ACE 포스코그룹포커스,4930,2,155,3.25,4936.0,-45.2463,1055058,5213,974,2026-07-30 06:03:43
0138Y0,7,PLUS 금채권혼합,9590,5,-35,-0.36,9620.0,-7.0049,78250,753,973,2026-07-30 06:03:43
461500,6,HANARO 종합채권(AA-이상)액티브,104800,5,-325,-0.31,104925.0,-2.2366,40,4,973,2026-07-30 06:03:43
233160,3,TIGER 코스닥150 레버리지,4625,5,-475,-9.31,4584.0,-73.9464,2726895,13268,967,2026-07-30 06:03:43
367770,2,RISE 수소경제테마,18365,5,-135,-0.73,18386.0,-38.1995,396927,7458,955,2026-07-30 06:03:43
0174B0,7,KoAct 글로벌AI메모리반도체액티브,11455,5,-395,-3.33,11444.0,2.553,408214,4794,951,2026-07-30 06:03:43
449770,4,KIWOOM 미국S&P500,20940,5,-390,-1.83,20875.0,1.8342,44300,929,942,2026-07-30 06:03:43
332940,1,HANARO MSCI Korea TR,39190,5,-515,-1.3,38922.0,-9.8843,4904,193,941,2026-07-30 06:03:43
473440,6,ACE 11월만기자동연장회사채AA-이상액티브,10810,2,5,0.05,10820.0,0.652,448,4,940,2026-07-30 06:03:43
143850,4,TIGER 미국S&P500선물(H),74120,5,-945,-1.26,74089.0,3.0617,2948,218,927,2026-07-30 06:03:43
433970,7,KODEX TDF2030액티브 적격,13865,5,-75,-0.54,13783.0,-0.1427,37589,520,922,2026-07-30 06:03:43
465610,4,ACE 미국빅테크TOP7 Plus레버리지(합성),38315,5,-675,-1.73,37955.0,-13.2882,14651,566,920,2026-07-30 06:03:43
195980,4,PLUS 신흥국MSCI(합성 H),13965,2,55,0.4,14041.0,-2.7273,13703,191,916,2026-07-30 06:03:43
0092B0,2,SOL 한국원자력SMR,11310,5,-215,-1.87,11345.0,-54.0012,206698,2409,905,2026-07-30 06:03:43
455860,2,SOL 2차전지소부장Fn,3715,2,115,3.19,3724.0,-52.2863,970404,3593,903,2026-07-30 06:03:43
475050,2,ACE KPOP포커스,6385,5,-115,-1.77,6391.0,-33.6735,310199,2021,900,2026-07-30 06:03:43
325020,2,KODEX 배당가치,26790,2,305,1.15,26824.0,-5.7825,52818,1431,884,2026-07-30 06:03:43
496090,1,KIWOOM 코리아밸류업,27095,5,-115,-0.42,27097.0,-8.2927,7547,205,881,2026-07-30 06:03:43
0137V0,4,KIWOOM 미국S&P500모멘텀,11005,5,-320,-2.83,10968.0,4.3718,81516,901,880,2026-07-30 06:03:43
329670,7,KODEX TRF7030,22000,5,-245,-1.1,21980.0,0.8684,15075,332,880,2026-07-30 06:03:43
460960,7,ACE 글로벌인컴TOP10,11350,5,-155,-1.35,11325.0,-1.3948,77120,874,880,2026-07-30 06:03:43
0000J0,2,PLUS 한화그룹주,22750,2,770,3.5,22769.0,-46.4164,173725,4007,876,2026-07-30 06:03:43
377990,2,TIGER Fn신재생에너지,17170,5,-510,-2.88,17190.0,-50.7854,405208,7175,876,2026-07-30 06:03:43
269540,4,PLUS 미국S&P500(H),28925,5,-445,-1.52,28858.0,3.9094,7462,216,868,2026-07-30 06:03:43
211900,2,KODEX 코리아배당성장,26540,2,170,0.64,26593.0,-14.3653,19828,531,863,2026-07-30 06:03:43
0035T0,7,PLUS 글로벌휴머노이드로봇액티브,17560,5,-590,-3.25,17589.0,-15.8944,24257,430,852,2026-07-30 06:03:43
444490,4,WON 미국S&P500,20035,5,-405,-1.98,19993.0,1.7928,19484,391,851,2026-07-30 06:03:43
326240,2,RISE IT플러스,33140,5,-1110,-3.24,33196.0,-18.9925,34079,1155,848,2026-07-30 06:03:43
329660,7,KODEX TRF5050,17805,5,-160,-0.89,17832.0,0.4061,15126,270,837,2026-07-30 06:03:43
461460,6,PLUS 국고채10년액티브,51135,5,-285,-0.55,51180.0,-2.2155,2372,121,829,2026-07-30 06:03:43
0017Y0,6,1Q 종합채권(AA-이상)액티브,93640,5,-330,-0.35,93822.0,-2.4905,126,11,828,2026-07-30 06:03:43
476850,1,KoAct 배당성장액티브,17745,5,-200,-1.11,17769.0,-13.9131,228506,4149,825,2026-07-30 06:03:43
485690,4,RISE 미국AI밸류체인TOP3Plus,19370,5,-650,-3.25,19372.0,-4.067,18705,365,823,2026-07-30 06:03:43
0162L0,4,KODEX 차이나AI반도체TOP10,12900,5,-885,-6.42,13003.0,14.5703,531701,6973,819,2026-07-30 06:03:43
130730,6,KIWOOM 단기자금,102790,2,30,0.03,102802.0,0.5823,10766,1106,814,2026-07-30 06:03:43
453080,4,KIWOOM 미국나스닥100(H),21275,5,-265,-1.23,21163.0,1.482,65456,1398,808,2026-07-30 06:03:43
471760,2,TIGER AI반도체핵심공정,9155,5,-905,-9.0,9170.0,-54.7967,2346899,22885,806,2026-07-30 06:03:43
0057H0,7,PLUS 미국S&P500미국채혼합50액티브,11835,5,-140,-1.17,11834.0,0.0755,43150,512,805,2026-07-30 06:03:43
479620,4,SOL 미국AI반도체칩메이커,22940,5,-1195,-4.95,23037.0,10.2558,77320,1788,803,2026-07-30 06:03:43
0066W0,5,SOL 국제금,12285,5,-65,-0.53,12333.0,-13.9973,46207,572,799,2026-07-30 06:03:43
453330,4,RISE 미국S&P500(H),17350,5,-225,-1.28,17309.0,3.9835,13857,240,798,2026-07-30 06:03:43
0007N0,1,아이엠에셋 200,88670,5,-1515,-1.68,88194.0,-11.2449,4156,368,798,2026-07-30 06:03:43
0177X0,2,ACE K휴머노이드로봇산업TOP2+,7585,5,-435,-5.42,7598.0,-37.6119,1278307,10016,796,2026-07-30 06:03:43
266370,2,KODEX IT,49545,5,-2585,-4.96,49620.0,-13.2396,828538,42444,793,2026-07-30 06:03:43
492500,7,1Q 현대차그룹채권(A+이상)&국고통안,51180,5,-5,-0.01,51180.0,0.3234,528,27,779,2026-07-30 06:03:43
458030,6,WON 국공채머니마켓액티브,54910,2,10,0.02,54905.0,0.6508,2867,157,773,2026-07-30 06:03:43
0049M0,4,ACE 미국배당퀄리티+커버드콜액티브,11185,5,-175,-1.54,11227.0,-1.729,29417,330,772,2026-07-30 06:03:43
123310,3,TIGER 인버스,1508,2,31,2.1,1509.0,-1.5334,7410909,10929,768,2026-07-30 06:03:43
438560,6,SOL 국고채3년,100135,5,-100,-0.1,100180.0,0.2851,133,13,764,2026-07-30 06:03:43
272910,6,ACE 중장기국공채액티브,105955,2,25,0.02,105810.0,-0.0708,2,0,764,2026-07-30 06:03:43
0209D0,2,KODEX 전고체배터리ESS TOP2플러스,6035,5,-25,-0.41,6043.0,,702257,4297,763,2026-07-30 06:03:43
157490,2,TIGER 소프트웨어,7915,5,-30,-0.38,7935.0,-15.8815,346968,2782,760,2026-07-30 06:03:43
495040,1,PLUS 코리아밸류업,26800,5,-210,-0.78,26910.0,-8.7075,14386,391,750,2026-07-30 06:03:43
0098N0,2,PLUS 자사주매입고배당주,12400,2,165,1.35,12442.0,-7.1918,47857,603,750,2026-07-30 06:03:43
0018C0,2,PLUS 고배당주위클리고정커버드콜,10530,2,210,2.03,10548.0,-18.9148,115610,1229,742,2026-07-30 06:03:43
0113D0,4,TIME 글로벌탑픽액티브,11915,5,-170,-1.41,11904.0,0.7923,49269,588,739,2026-07-30 06:03:43
298770,4,KODEX 한국대만IT프리미어,66895,5,-1365,-2.0,67116.0,-2.07,8907,606,736,2026-07-30 06:03:43
364960,2,TIGER BBIG,6000,2,125,2.13,6005.0,-28.0025,137886,832,729,2026-07-30 06:03:43
0080X0,7,SOL 미국S&P500미국채혼합50,11295,5,-160,-1.4,11168.0,0.3765,27236,307,723,2026-07-30 06:03:43
210780,2,TIGER 코스피고배당,21905,2,245,1.13,21969.0,-16.2204,52020,1149,723,2026-07-30 06:03:43
108450,2,ACE 삼성그룹섹터가중,32840,5,-245,-0.74,32804.0,-11.026,68448,2290,722,2026-07-30 06:03:43
138530,2,TIGER LG그룹플러스,10485,2,265,2.59,10514.0,-14.5843,483425,5141,721,2026-07-30 06:03:43
228810,2,TIGER 미디어컨텐츠,3005,3,0,0.0,3011.0,-39.7192,264694,808,715,2026-07-30 06:03:43
469060,4,RISE 미국반도체NYSE,32195,5,-1105,-3.32,32048.0,5.6567,69830,2252,708,2026-07-30 06:03:43
490480,2,SOL K방산,24845,2,915,3.82,24853.0,-42.24,177126,4471,708,2026-07-30 06:03:43
475350,4,RISE 버크셔포트폴리오TOP10,15302,5,-213,-1.37,15308.0,8.635,42352,651,704,2026-07-30 06:03:43
0142D0,4,TIGER 미국AI데이터센터TOP4Plus,8125,5,-735,-8.3,8035.0,-19.0868,204836,1676,699,2026-07-30 06:03:43
211560,2,TIGER 배당성장,33175,2,170,0.52,33286.0,-14.0816,24708,825,697,2026-07-30 06:03:43
441540,2,HANARO Fn조선해운,25215,2,840,3.45,25297.0,-35.2332,33255,852,693,2026-07-30 06:03:43
412770,4,TIGER 글로벌AI플랫폼액티브,11680,5,-610,-4.96,11651.0,-1.2852,207165,2433,693,2026-07-30 06:03:43
454320,2,HANARO CAPEX설비투자iSelect,32200,5,-1425,-4.24,32386.0,-43.9584,21581,731,692,2026-07-30 06:03:43
440640,6,ACE 단기채권알파액티브,112355,2,50,0.04,112363.0,0.6813,1481,166,688,2026-07-30 06:03:43
458750,4,TIGER 미국배당다우존스타겟커버드콜1호,13455,5,-155,-1.14,13470.0,6.3879,68985,929,686,2026-07-30 06:03:43
486240,2,DAISHIN343 AI반도체&인프라액티브,21015,5,-1295,-5.8,21143.0,-23.8697,7917,171,672,2026-07-30 06:03:43
495750,1,HANARO 코리아밸류업,26990,5,-340,-1.24,27053.0,-7.0993,2369,64,661,2026-07-30 06:03:43
0008T0,2,SOL 화장품TOP3플러스,14025,5,-310,-2.16,14038.0,-15.4278,365418,5222,659,2026-07-30 06:03:43
0022T0,4,SOL 국제금커버드콜액티브,12675,5,-125,-0.98,12756.0,-13.1003,68861,882,659,2026-07-30 06:03:43
0036D0,4,TIME 미국배당다우존스액티브,13145,5,-155,-1.17,13155.0,13.7266,46978,619,657,2026-07-30 06:03:43
0190Y0,4,TIGER 구글밸류체인,8295,5,-150,-1.78,8211.0,,180376,1500,655,2026-07-30 06:03:43
337140,2,KODEX 코스피대형주,29505,5,-500,-1.67,29494.0,-12.7413,82962,2493,649,2026-07-30 06:03:43
0102A0,4,TIGER 미국AI소프트웨어TOP4Plus,7475,5,-10,-0.13,7469.0,-1.5132,242635,1822,643,2026-07-30 06:03:43
433880,7,PLUS TDF2060액티브 적격,18155,5,-445,-2.39,18229.0,-0.6397,25290,462,635,2026-07-30 06:03:43
278620,6,PLUS 단기채권액티브,118670,2,50,0.04,118679.0,0.5211,3094,367,635,2026-07-30 06:03:43
228800,2,TIGER 여행레저,2415,2,5,0.21,2413.0,-30.0436,208524,508,631,2026-07-30 06:03:43
0123S0,2,HANARO 26-12 은행채(AA+이상)액티브,10170,3,0,0.0,10166.0,0.5934,106,1,631,2026-07-30 06:03:43
0000D0,7,TIGER 엔비디아미국채커버드콜밸런스(합성),9120,5,-300,-3.18,9111.0,-4.8658,37003,335,625,2026-07-30 06:03:43
479730,4,TIGER 인도빌리언컨슈머,10380,5,-45,-0.43,10465.0,1.9502,5565,57,623,2026-07-30 06:03:43
419890,6,KIWOOM 단기채권ESG액티브,107245,2,35,0.03,107252.0,0.445,15,1,622,2026-07-30 06:03:43
455660,6,ACE 미국하이일드액티브(H),9400,2,5,0.05,9393.0,-0.5782,19119,179,620,2026-07-30 06:03:43
453640,4,KODEX 미국S&P500헬스케어,14400,5,-110,-0.76,14437.0,13.3022,48660,704,619,2026-07-30 06:03:43
0089C0,4,KODEX 미국S&P500변동성확대시커버드콜,11315,5,-130,-1.14,11349.0,0.8259,109469,1237,617,2026-07-30 06:03:43
434960,1,DAISHIN343 K200,88075,5,-1950,-2.17,88298.0,-11.4359,2903,258,617,2026-07-30 06:03:43
365040,1,TIGER AI코리아그로스액티브,29310,5,-215,-0.73,29291.0,-13.9339,52353,1568,616,2026-07-30 06:03:43
476750,6,ACE 미국30년국채엔화노출액티브(H),7535,5,-210,-2.71,7564.0,-6.4006,108455,821,610,2026-07-30 06:03:43
266420,2,KODEX 헬스케어,15235,2,15,0.1,15241.0,-30.1194,35502,547,609,2026-07-30 06:03:43
261240,7,KODEX 미국달러선물,14825,5,-90,-0.6,14824.0,-1.3885,90641,1345,606,2026-07-30 06:03:43
453950,4,TIGER TSMC파운드리밸류체인,30380,5,-365,-1.19,30478.0,-4.3256,52173,1610,592,2026-07-30 06:03:43
0193L0,2,PLUS 삼성전자선물단일종목인버스2X,23270,2,270,1.17,23233.0,,21352280,479178,591,2026-07-30 06:03:43
495940,4,RISE 미국AI테크액티브,18635,5,-535,-2.79,18481.0,-2.7856,19017,356,587,2026-07-30 06:03:43
359210,1,KODEX 코스피TR,29065,5,-410,-1.39,29027.0,-14.8368,142234,4245,581,2026-07-30 06:03:43
292190,1,KODEX KRX300,38685,5,-645,-1.64,38623.0,-13.6095,12317,484,580,2026-07-30 06:03:43
455960,6,RISE 미국달러SOFR금리액티브(합성),12635,5,-10,-0.08,12570.0,-0.7847,384,4,579,2026-07-30 06:03:43
0098Z0,1,FOCUS 200,76025,5,-655,-0.85,75100.0,-11.2447,397,31,570,2026-07-30 06:03:43
440910,4,WON 미국우주항공방산,25200,5,-1630,-6.08,25241.0,5.4223,8062,204,567,2026-07-30 06:03:43
275980,4,TIGER 글로벌4차산업혁신기술(합성 H),21850,5,-320,-1.44,21930.0,0.226,1706,37,564,2026-07-30 06:03:43
261220,5,KODEX WTI원유선물(H),23715,2,790,3.45,23704.0,-12.0131,149426,3500,563,2026-07-30 06:03:43
277640,2,TIGER 코스피대형주,30430,5,-540,-1.74,30510.0,-12.8652,82436,2567,563,2026-07-30 06:03:43
0115E0,2,KODEX 코리아소버린AI,11785,5,-200,-1.67,11805.0,-22.7901,191013,2302,554,2026-07-30 06:03:43
473640,4,HANARO 글로벌금채굴기업,27670,5,-440,-1.57,27837.0,-17.951,6475,181,553,2026-07-30 06:03:43
298340,6,PLUS 국채선물3년,56275,5,-60,-0.11,56298.0,0.4726,24885,1401,551,2026-07-30 06:03:43
465330,2,RISE 2차전지TOP10,9180,2,335,3.79,9204.0,-46.4102,550148,5056,551,2026-07-30 06:03:43
0040S0,4,HANARO 글로벌피지컬AI액티브,21005,5,-655,-3.02,21031.0,-6.3149,15491,330,546,2026-07-30 06:03:43
225040,4,TIGER 미국S&P500레버리지(합성 H),61935,5,-1555,-2.45,61651.0,6.135,10716,664,545,2026-07-30 06:03:43
0111J0,2,HANARO 증권고배당TOP3플러스,11775,2,20,0.17,11823.0,-35.5287,195430,2379,542,2026-07-30 06:03:43
360140,2,KODEX 200롱코스닥150숏선물,24410,2,565,2.37,24406.0,56.4632,22196,536,537,2026-07-30 06:03:43
0046Y0,4,ACE 미국배당퀄리티,12630,5,-200,-1.56,12587.0,0.9339,18173,230,537,2026-07-30 06:03:43
150460,2,TIGER 중국소비테마,7015,3,0,0.0,7039.0,-14.1371,12916,92,535,2026-07-30 06:03:43
491700,1,HK 200,88655,2,4685,5.58,88559.0,-17.5269,14246,1273,532,2026-07-30 06:03:43
0113P0,6,HK 머니마켓액티브,102145,2,25,0.02,102148.0,0.6901,20,2,529,2026-07-30 06:03:43
401470,2,KODEX 메타버스액티브,8800,2,75,0.86,8807.0,-10.2367,5302,47,528,2026-07-30 06:03:43
336160,6,RISE 금융채액티브,100085,5,-55,-0.05,100068.0,0.2243,22,2,524,2026-07-30 06:03:43
114470,6,KIWOOM 국고채3년,107760,5,-20,-0.02,107725.0,0.1814,853,91,517,2026-07-30 06:03:43
0141S0,2,SOL 조선기자재,7495,2,90,1.22,7495.0,-52.4864,485926,3724,517,2026-07-30 06:03:43
282000,3,RISE 국고채3년선물인버스,114545,2,25,0.02,114633.0,0.5046,3,0,515,2026-07-30 06:03:43
0172V0,5,1Q 은액티브,7730,5,-155,-1.97,7750.0,-23.0357,69395,543,510,2026-07-30 06:03:43
0139P0,2,ACE 고배당주,12660,2,125,1.0,12660.0,-11.4451,43696,560,506,2026-07-30 06:03:43
475260,6,ACE 2월만기자동연장회사채AA-이상액티브,10715,2,10,0.09,10714.0,0.4692,5,0,505,2026-07-30 06:03:43
100910,1,KIWOOM KRX100,13900,5,-240,-1.7,13891.0,-10.5812,93074,1336,500,2026-07-30 06:03:43
0185L0,4,TIME 글로벌휴머노이드로봇산업액티브,7145,5,-185,-2.52,7162.0,,45472,331,500,2026-07-30 06:03:43
0181L0,4,SOL 미국우주항공TOP10,6185,5,-335,-5.14,6194.0,-28.2334,104905,655,498,2026-07-30 06:03:43
200030,4,KODEX 미국S&P500산업재(합성),43935,5,-1525,-3.35,43846.0,4.3977,1707,75,496,2026-07-30 06:03:43
445150,2,KODEX 친환경조선해운액티브,25840,2,685,2.72,25841.0,-41.4067,11397,297,491,2026-07-30 06:03:43
428510,4,KODEX 차이나AI테크액티브,21345,5,-930,-4.18,21459.0,-7.137,29533,634,491,2026-07-30 06:03:43
0086B0,2,TIGER 리츠부동산인프라TOP10액티브,9510,2,75,0.79,9524.0,-14.3222,24416,230,490,2026-07-30 06:03:43
0118Z0,4,ACE 미국AI테크핵심산업액티브,7975,5,-425,-5.06,7977.0,-13.5803,25470,204,486,2026-07-30 06:03:43
494840,4,TIGER 미국방산TOP10,13662,5,-418,-2.97,13687.0,5.9264,54424,744,485,2026-07-30 06:03:43
140700,2,KODEX 보험,17915,2,350,1.99,17961.0,10.3199,49398,898,484,2026-07-30 06:03:43
480310,4,TIGER 글로벌온디바이스AI,17550,5,-895,-4.85,17823.0,4.7349,102816,1814,483,2026-07-30 06:03:43
218420,4,KODEX 미국S&P500에너지(합성),19705,2,70,0.36,19664.0,-1.1081,30084,592,482,2026-07-30 06:03:43
101280,4,KODEX 일본TOPIX100,29735,5,-250,-0.83,29670.0,2.561,8516,252,482,2026-07-30 06:03:43
475310,2,SOL 반도체후공정,17505,5,-915,-4.97,17581.0,-47.8557,503848,9067,481,2026-07-30 06:03:43
442560,7,RISE TDF2040액티브 적격,16020,5,-170,-1.05,15905.0,-0.307,21775,348,481,2026-07-30 06:03:43
295020,6,RISE 국채선물10년인버스,60580,2,255,0.42,60672.0,2.891,15,0,476,2026-07-30 06:03:43
252710,3,TIGER 200선물인버스2X,154,2,6,4.05,154.0,-15.9091,196521681,29119,470,2026-07-30 06:03:43
491220,1,PLUS 200TR,103995,5,-2275,-2.14,104354.0,-11.2642,34723,3705,468,2026-07-30 06:03:43
256750,4,KODEX 차이나심천ChiNext(합성),15270,5,-605,-3.81,15328.0,-10.1585,10163,152,467,2026-07-30 06:03:43
0132H0,4,KODEX 미국원자력SMR,7780,5,-430,-5.24,7792.0,-27.2808,40338,316,467,2026-07-30 06:03:43
447430,2,ACE 주주환원가치주액티브,15765,2,235,1.51,15722.0,-19.5501,15220,241,465,2026-07-30 06:03:43
472830,6,RISE 미국30년국채커버드콜(합성),8290,5,-220,-2.59,8319.0,-3.6959,18246,151,460,2026-07-30 06:03:43
261070,2,TIGER 코스닥150바이오테크,10030,5,-330,-3.19,10051.0,-44.3311,293032,3018,455,2026-07-30 06:03:43
0166S0,2,PLUS K제조업핵심기업액티브,8510,5,-235,-2.69,8525.0,-27.2463,301308,2629,455,2026-07-30 06:03:43
0193G0,1,KoAct 코스피액티브,6775,5,-170,-2.45,6778.0,,3487202,24189,454,2026-07-30 06:03:43
453650,4,KODEX 미국S&P500금융,19970,5,-270,-1.33,19935.0,8.1801,15305,306,449,2026-07-30 06:03:43
371470,4,TIGER 차이나바이오테크SOLACTIVE,8130,5,-195,-2.34,8243.0,-3.0286,50800,413,449,2026-07-30 06:03:43
475270,6,ACE 5월만기자동연장회사채AA-이상액티브,10690,3,0,0.0,10701.0,0.5171,0,0,446,2026-07-30 06:03:43
276990,4,KODEX 글로벌로봇(합성),25110,5,-490,-1.91,25116.0,-5.1677,4671,117,444,2026-07-30 06:03:43
287180,4,PLUS 미국나스닥테크,52235,5,-970,-1.82,51965.0,9.4978,1197,62,444,2026-07-30 06:03:43
385590,2,ACE ESG액티브,19275,5,-175,-0.9,19298.0,-10.7799,245,4,443,2026-07-30 06:03:43
456680,4,TIGER 차이나전기차레버리지(합성),7440,2,25,0.34,7521.0,-41.4991,33231,242,441,2026-07-30 06:03:43
0041D0,4,KODEX 미국AI소프트웨어TOP10,11920,2,165,1.4,11830.0,-3.1688,24876,297,441,2026-07-30 06:03:43
0178H0,7,IBK 미국AI TOP10국채혼합50,9465,5,-85,-0.89,9472.0,-4.5909,3254,30,440,2026-07-30 06:03:43
0210E0,2,PLUS 200커버드콜액티브,6105,5,-110,-1.77,6103.0,,233275,1460,440,2026-07-30 06:03:43
473490,4,KIWOOM 글로벌AI반도체,28100,5,-660,-2.29,27970.0,2.4724,7561,213,436,2026-07-30 06:03:43
452250,6,ACE 미국30년국채선물레버리지(합성 H),4740,5,-150,-3.07,4748.0,-5.6895,37964,178,434,2026-07-30 06:03:43
440650,6,ACE 미국달러단기채권액티브,12030,5,-65,-0.54,12029.0,-1.5467,101820,1227,433,2026-07-30 06:03:43
0118S0,4,SOL 미국넥스트테크TOP10액티브,9240,5,-565,-5.76,9192.0,-14.5162,29980,278,430,2026-07-30 06:03:43
306950,3,KODEX KRX300레버리지,53370,5,-2000,-3.61,52889.0,-36.4586,12721,710,427,2026-07-30 06:03:43
461340,4,HANARO 글로벌생성형AI액티브,38495,5,-1060,-2.68,38373.0,0.6232,6008,232,423,2026-07-30 06:03:43
418670,4,TIGER 글로벌AI사이버보안,16230,5,-95,-0.58,16165.0,35.0289,43134,703,422,2026-07-30 06:03:43
252400,3,RISE 200선물레버리지,70230,5,-2560,-3.52,70289.0,-33.1405,110516,8076,421,2026-07-30 06:03:43
196030,4,ACE 일본TOPIX레버리지(H),84225,5,-605,-0.71,84435.0,11.4717,263,21,421,2026-07-30 06:03:43
0000Z0,2,RISE 바이오TOP10액티브,7470,5,-280,-3.61,7469.0,-50.8561,365807,2779,418,2026-07-30 06:03:43
465350,3,RISE 2차전지TOP10인버스(합성),20910,5,-400,-1.88,20995.0,61.6843,215086,4485,418,2026-07-30 06:03:43
0194T0,2,ACE SK하이닉스단일종목레버리지,6020,5,-745,-11.01,6005.0,,2761028,17454,417,2026-07-30 06:03:43
0191M0,6,마이티 5월만기자동연장특수채(AAA)액티브,100450,3,0,0.0,100498.0,,0,0,416,2026-07-30 06:03:43
275300,2,KODEX 우량주,24250,5,-395,-1.6,24243.0,-8.682,18942,467,412,2026-07-30 06:03:43
0141T0,6,SOL 중기종합채권(AA-이상)액티브,50170,3,0,0.0,50164.0,0.2497,13,0,411,2026-07-30 06:03:43
261120,7,TIGER 미국달러선물인버스2X,4890,2,50,1.03,4893.0,3.6402,8291,40,411,2026-07-30 06:03:43
0020H0,4,KoAct 글로벌양자컴퓨팅액티브,19535,5,-735,-3.63,19398.0,-8.2183,41013,806,410,2026-07-30 06:03:43
464470,6,PLUS 미국채30년액티브,49755,5,-1335,-2.61,50050.0,-3.8796,8075,404,410,2026-07-30 06:03:43
0194M0,2,ACE 삼성전자단일종목레버리지,7755,5,-135,-1.71,7772.0,,855415,6948,409,2026-07-30 06:03:43
429760,4,PLUS 미국S&P500,19455,5,-355,-1.79,19409.0,1.8209,8905,173,409,2026-07-30 06:03:43
139280,2,TIGER 경기방어,12070,2,140,1.17,12105.0,-12.7512,47716,580,406,2026-07-30 06:03:43
401170,2,RISE 메타버스,10240,5,-100,-0.97,10291.0,5.5102,10068,106,406,2026-07-30 06:03:43
238720,4,ACE 일본Nikkei225(H),44950,2,430,0.97,44951.0,3.9822,4285,192,405,2026-07-30 06:03:43
352540,7,KODEX 일본부동산리츠(H),11805,5,-145,-1.21,11863.0,1.9773,13684,161,401,2026-07-30 06:03:43
322410,2,HANARO K고배당,21760,2,205,0.95,21799.0,-10.5039,11560,255,392,2026-07-30 06:03:43
0007G0,4,PLUS 글로벌원자력밸류체인,12805,5,-625,-4.65,12685.0,-22.7718,10929,140,391,2026-07-30 06:03:43
437070,6,KODEX 아시아달러채권ESG플러스액티브,61640,5,-490,-0.79,61665.0,-2.7302,35,2,390,2026-07-30 06:03:43
442260,1,마이티 다이나믹퀀트액티브,30330,5,-215,-0.7,30313.0,-12.7909,106425,3326,388,2026-07-30 06:03:43
140950,1,파워 코스피100,69245,5,-1505,-2.13,69095.0,-9.5646,5985,428,388,2026-07-30 06:03:43
304780,3,HANARO 200선물레버리지,85490,5,-2890,-3.27,85481.0,-33.2402,40743,3709,385,2026-07-30 06:03:43
176950,6,KODEX 국채선물10년인버스,60370,2,245,0.41,60475.0,3.1834,506,30,380,2026-07-30 06:03:43
139320,5,TIGER 금은선물(H),16795,5,-50,-0.3,16863.0,-14.3185,6723,114,378,2026-07-30 06:03:43
0189B0,5,TIGER 은액티브,7435,5,-85,-1.13,7437.0,-23.4216,66082,498,375,2026-07-30 06:03:43
099140,4,KODEX 차이나H,22710,2,95,0.42,22716.0,-3.1105,1718,38,375,2026-07-30 06:03:43
487130,2,KoAct AI인프라액티브,20235,5,-985,-4.64,20252.0,-31.9436,30541,641,374,2026-07-30 06:03:43
352560,7,KODEX 미국부동산리츠(H),12845,2,15,0.12,12794.0,4.5017,141414,1815,373,2026-07-30 06:03:43
276970,4,KODEX 미국S&P500배당귀족커버드콜(합성 H),7910,2,10,0.13,8005.0,5.2261,9051,71,372,2026-07-30 06:03:43
183700,7,RISE 200채권혼합50,88325,5,-495,-0.56,87860.0,-4.462,16909,1499,371,2026-07-30 06:03:43
195930,4,TIGER 유로스탁스50(합성 H),23065,5,-35,-0.15,23008.0,8.5271,6984,160,369,2026-07-30 06:03:43
476690,4,TIGER 글로벌비만치료제TOP2Plus,11430,5,-110,-0.95,11471.0,18.1796,22096,252,366,2026-07-30 06:03:43
400970,2,TIGER Fn메타버스,7100,5,-60,-0.84,7115.0,-19.324,23563,170,366,2026-07-30 06:03:43
476260,2,HANARO 반도체핵심공정주도주,9105,5,-775,-7.84,9121.0,-32.1895,409085,3909,364,2026-07-30 06:03:43
375770,2,KODEX 탄소효율그린뉴딜,20060,5,-215,-1.06,20075.0,-13.7155,1181,24,361,2026-07-30 06:03:43
468630,6,KODEX iShares미국투자등급회사채액티브,11235,5,-165,-1.45,11273.0,-3.4797,43555,491,361,2026-07-30 06:03:43
0085N0,6,ACE 미국10년국채액티브(H),9725,5,-80,-0.82,9749.0,-0.9074,36797,358,360,2026-07-30 06:03:43
491830,4,TIGER 미국AI반도체팹리스,19430,5,-1035,-5.06,19623.0,6.3067,248891,4876,359,2026-07-30 06:03:43
442090,2,에셋플러스 코리아대장장이액티브,23515,5,-540,-2.24,23354.0,-24.7576,10758,254,353,2026-07-30 06:03:43
253150,3,PLUS 200선물레버리지,140540,5,-6070,-4.14,140375.0,-32.774,148994,21786,351,2026-07-30 06:03:43
292560,7,TIGER 일본엔선물,8160,5,-35,-0.43,8140.0,-4.2641,53978,441,351,2026-07-30 06:03:43
474800,4,KIWOOM 미국원유에너지기업,15220,2,115,0.76,15359.0,-3.6202,46939,713,350,2026-07-30 06:03:43
305050,1,ACE 코스피,58185,5,-880,-1.49,58128.0,-14.7569,16194,955,349,2026-07-30 06:03:43
365000,2,TIGER 인터넷TOP10,3325,5,-65,-1.92,3327.0,-31.307,523453,1760,347,2026-07-30 06:03:43
498860,2,RISE 코리아금융고배당,15700,2,235,1.52,15723.0,-23.6754,39045,627,345,2026-07-30 06:03:43
104530,2,KIWOOM 코리아고배당,16820,2,80,0.48,16857.0,-19.4425,12915,219,345,2026-07-30 06:03:43
448570,1,FOCUS AI코리아액티브,25530,2,70,0.27,25374.0,-11.1654,167,4,345,2026-07-30 06:03:43
0197W0,2,SOL SK하이닉스단일종목레버리지,5870,5,-730,-11.06,5699.0,,8124991,50285,343,2026-07-30 06:03:43
152500,3,ACE 레버리지,31205,5,-1165,-3.6,31066.0,-32.7726,134137,4374,343,2026-07-30 06:03:43
138910,5,KODEX 구리선물(H),9760,2,65,0.67,9766.0,4.2473,28662,279,342,2026-07-30 06:03:43
0154F0,2,WON 초대형IB&금융지주,11575,2,140,1.22,11622.0,-19.4719,37737,445,341,2026-07-30 06:03:43
174360,4,RISE 중국본토대형주CSI100,24340,5,-230,-0.94,24374.0,-4.8044,4427,107,341,2026-07-30 06:03:43
473590,4,ACE 미국주식베스트셀러,15840,5,-730,-4.41,15958.0,-22.3524,12606,200,341,2026-07-30 06:03:43
475070,4,KoAct 글로벌친환경전력인프라액티브,27210,5,-800,-2.86,27152.0,-28.2899,12120,332,340,2026-07-30 06:03:43
0192L0,2,RISE SK하이닉스단일종목레버리지,6050,5,-760,-11.16,6114.0,,1300565,8373,336,2026-07-30 06:03:43
322400,2,HANARO e커머스,9850,5,-90,-0.91,9849.0,-18.5246,17210,169,335,2026-07-30 06:03:43
122260,6,KIWOOM 통안채1년,103940,2,10,0.01,103949.0,0.5077,132,13,333,2026-07-30 06:03:43
316670,1,KIWOOM 코스닥150,5325,5,-240,-4.31,5329.0,-45.5213,691595,3807,331,2026-07-30 06:03:43
278240,3,RISE 코스닥150선물레버리지,4695,5,-415,-8.12,4698.0,-74.3924,796036,4001,331,2026-07-30 06:03:43
139270,2,TIGER 200 금융,15845,2,285,1.83,15870.0,-7.3822,150966,2429,330,2026-07-30 06:03:43
449690,4,TIGER 한중반도체(합성),43895,5,-570,-1.28,42967.0,2.1831,115,5,329,2026-07-30 06:03:43
465660,4,TIGER 일본반도체FACTSET,21850,2,475,2.22,21931.0,-9.9138,11192,244,328,2026-07-30 06:03:43
472840,1,IBK 200,86990,5,-1730,-1.95,87349.0,-11.8094,5369,474,326,2026-07-30 06:03:43
414270,4,ACE 글로벌자율주행액티브,12275,5,-160,-1.29,12254.0,-8.2288,20128,248,325,2026-07-30 06:03:43
476070,4,KODEX 글로벌비만치료제TOP2 Plus,11810,5,-60,-0.51,11802.0,15.3883,30091,356,325,2026-07-30 06:03:43
147970,2,TIGER 모멘텀,67510,5,-1055,-1.54,67503.0,-24.0278,3515,243,324,2026-07-30 06:03:43
241390,7,RISE V&S셀렉트밸류채권혼합,14675,2,40,0.27,14726.0,-10.1071,2206,32,323,2026-07-30 06:03:43
496770,4,PLUS 글로벌방산,18415,5,-425,-2.26,18453.0,3.4596,21497,398,322,2026-07-30 06:03:43
449780,4,KIWOOM 미국S&P500(H),17880,5,-225,-1.24,17823.0,3.5969,8613,154,322,2026-07-30 06:03:43
276650,4,RISE 글로벌테크놀로지(합성 H),42700,3,0,0.0,42266.0,1.582,19,0,320,2026-07-30 06:03:43
256440,4,ACE MSCI인도네시아(합성),5235,5,-50,-0.95,5390.0,-20.3467,318619,1668,319,2026-07-30 06:03:43
245350,4,TIGER 유로스탁스배당30,19915,2,195,0.99,19649.0,4.2224,5204,102,319,2026-07-30 06:03:43
459750,4,RISE 글로벌주식분산액티브,17690,5,-470,-2.59,17699.0,1.6429,13618,242,318,2026-07-30 06:03:43
426150,6,WON 대한민국국고채액티브,51190,5,-70,-0.14,51128.0,-4.6237,197,10,318,2026-07-30 06:03:43
459560,4,KODEX 테슬라밸류체인FactSet,20495,5,-665,-3.14,20524.0,-6.4239,2944,60,318,2026-07-30 06:03:43
407830,4,에셋플러스 글로벌플랫폼액티브,13140,5,-365,-2.7,13000.0,-10.7698,1442,18,315,2026-07-30 06:03:43
491090,4,KODEX 미국테크TOP3플러스,17495,5,-250,-1.41,17412.0,-0.4206,44947,788,315,2026-07-30 06:03:43
0089B0,7,PLUS 미국나스닥100미국채혼합50,11220,5,-140,-1.23,11198.0,-0.4501,24036,270,314,2026-07-30 06:03:43
271060,5,KODEX 3대농산물선물(H),8175,5,-220,-2.62,8226.0,-2.2701,44136,360,314,2026-07-30 06:03:43
248270,4,TIGER S&P글로벌헬스케어(합성),27480,5,-145,-0.52,27217.0,12.0689,3493,96,313,2026-07-30 06:03:43
266360,2,KODEX K콘텐츠,9675,5,-30,-0.31,9700.0,-21.6075,24109,234,310,2026-07-30 06:03:43
0138T0,4,RISE 미국S&P500데일리고정커버드콜,9585,5,-150,-1.54,9563.0,1.487,26512,255,307,2026-07-30 06:03:43
0186S0,7,1Q 코스닥150채권혼합50액티브,7305,5,-145,-1.95,7269.0,-24.8869,310416,2280,303,2026-07-30 06:03:43
494410,4,PLUS 미국S&P500성장주,13760,5,-330,-2.34,13727.0,-0.1416,1957,27,303,2026-07-30 06:03:43
227540,2,TIGER 200 헬스케어,17760,2,340,1.95,17737.0,-17.3429,34399,612,302,2026-07-30 06:03:43
0198A0,2,KIWOOM 코스닥150커버드콜액티브,7000,5,-360,-4.89,6991.0,,587872,4200,301,2026-07-30 06:03:43
0107F0,4,KIWOOM 미국고배당&AI테크,11770,5,-160,-1.34,11758.0,2.9447,42013,495,300,2026-07-30 06:03:43
275280,2,KODEX 모멘텀주,33275,5,-1080,-3.14,33250.0,-12.7933,18042,615,299,2026-07-30 06:03:43
415920,5,PLUS 글로벌희토류&전략자원생산기업,6370,5,-160,-2.45,6350.0,-35.4425,22187,142,299,2026-07-30 06:03:43
475380,7,RISE 글로벌리얼티인컴,11010,5,-20,-0.18,11055.0,-3.4926,8258,91,297,2026-07-30 06:03:43
415340,4,KODEX 차이나과창판STAR50(합성),14310,5,-495,-3.34,14395.0,10.0743,61153,897,296,2026-07-30 06:03:43
0220B0,1,DS 코스닥액티브,7170,5,-530,-6.88,7168.0,,164867,1217,294,2026-07-30 06:03:43
395290,2,HANARO Fn K-POP&미디어,4665,5,-100,-2.1,4678.0,-34.4567,86773,412,289,2026-07-30 06:03:43
245360,4,TIGER 차이나HSCEI,13135,5,-5,-0.04,13118.0,-2.5812,17154,224,289,2026-07-30 06:03:43
261140,2,TIGER 우선주,20505,5,-395,-1.89,20491.0,-21.0031,25210,526,287,2026-07-30 06:03:43
153270,1,KIWOOM 코스피100,68270,5,-1010,-1.46,68170.0,-9.3995,6487,453,287,2026-07-30 06:03:43
0192M0,2,RISE 삼성전자단일종목레버리지,7825,5,-100,-1.26,7843.0,,735719,5991,286,2026-07-30 06:03:43
192720,2,파워 고배당저변동성,55900,2,625,1.13,56063.0,-8.8255,4241,239,285,2026-07-30 06:03:43
0023B0,4,PLUS 미국양자컴퓨팅TOP10,14195,5,-450,-3.07,14099.0,-11.5106,24822,353,284,2026-07-30 06:03:43
477730,4,KODEX 인도타타그룹,7945,2,15,0.19,7941.0,-4.9941,2907,23,282,2026-07-30 06:03:43
469050,4,RISE 미국반도체NYSE(H),28175,5,-785,-2.71,28049.0,7.8066,43908,1234,282,2026-07-30 06:03:43
253250,3,KIWOOM 200선물레버리지,68705,5,-2295,-3.23,68746.0,-33.6542,79809,5739,282,2026-07-30 06:03:43
0112X0,1,마이티 200TR,33060,2,145,0.44,32991.0,-13.4841,14039,469,281,2026-07-30 06:03:43
437350,6,RISE 미국단기투자등급회사채액티브,12675,5,-70,-0.55,12661.0,-2.0746,7276,92,279,2026-07-30 06:03:43
494340,4,ACE 글로벌AI맞춤형반도체,17400,5,-1115,-6.02,17675.0,0.9817,24505,430,278,2026-07-30 06:03:43
419430,4,KODEX 차이나2차전지MSCI(합성),9925,5,-70,-0.7,9941.0,-22.4593,4462,44,278,2026-07-30 06:03:43
0137W0,4,KIWOOM 미국S&P500&GOLD,10280,5,-160,-1.53,10284.0,0.2879,12042,124,278,2026-07-30 06:03:43
269420,4,KODEX S&P글로벌인프라(합성),23330,5,-290,-1.23,23494.0,-3.5919,7396,173,277,2026-07-30 06:03:43
261250,7,KODEX 미국달러선물레버리지,17220,5,-235,-1.35,17242.0,-3.5636,16766,289,276,2026-07-30 06:03:43
493420,4,SOL 미국배당다우존스2호,13055,5,-165,-1.25,13073.0,6.8335,2597,33,274,2026-07-30 06:03:43
0065G0,4,KODEX 차이나테크TOP10,9750,5,-60,-0.61,9776.0,-1.8906,19809,194,273,2026-07-30 06:03:43
464920,4,PLUS 일본반도체소부장,21830,2,595,2.8,22050.0,-14.2713,12307,270,273,2026-07-30 06:03:43
105780,2,RISE 5대그룹주,13635,5,-220,-1.59,13669.0,-12.3379,6149,85,273,2026-07-30 06:03:43
385520,2,KODEX 자율주행액티브,12965,5,-310,-2.34,13016.0,-26.6575,8577,113,272,2026-07-30 06:03:43
0203S0,7,WON 삼성전자현대차채권혼합50,7835,5,-45,-0.57,7845.0,,93289,736,270,2026-07-30 06:03:43
489290,4,WON 미국빌리어네어,14545,5,-170,-1.16,14500.0,-7.6272,9335,136,269,2026-07-30 06:03:43
0155M0,4,ACE 미국SMR원자력TOP10,6480,5,-125,-1.89,6428.0,-30.6926,46139,297,269,2026-07-30 06:03:43
0083S0,4,1Q 미국메디컬AI,9235,5,-100,-1.07,9186.0,-7.0115,33899,313,268,2026-07-30 06:03:43
0100K0,2,KODEX 방산TOP10레버리지,4775,2,85,1.81,4784.0,-71.1118,398122,1995,267,2026-07-30 06:03:43
0013R0,7,RISE 테슬라미국채타겟커버드콜혼합(합성),7840,5,-235,-2.91,7840.0,-7.3918,9217,72,267,2026-07-30 06:03:43
167860,6,KIWOOM 국고채10년레버리지,91765,5,-755,-0.82,91522.0,-4.594,35,3,266,2026-07-30 06:03:43
387270,4,TIGER 글로벌이노베이션액티브,21955,5,-735,-3.24,21886.0,-9.6016,3766,83,266,2026-07-30 06:03:43
440340,7,TIGER 글로벌멀티에셋TIF액티브,12280,5,-150,-1.21,12320.0,-0.3514,3924,48,264,2026-07-30 06:03:43
292770,6,KODEX 국채선물3년인버스,57660,2,30,0.05,57679.0,0.5583,1,0,263,2026-07-30 06:03:43
0115C0,4,RISE 미국고배당다우존스TOP10,11400,5,-185,-1.6,11422.0,5.654,11997,137,262,2026-07-30 06:03:43
461600,6,SOL 미국30년국채액티브(H),8290,5,-185,-2.18,8283.0,-2.0798,10286,85,261,2026-07-30 06:03:43
0152E0,2,SOL 배당성향탑픽액티브,10645,2,145,1.38,10691.0,-13.4187,18296,198,261,2026-07-30 06:03:43
0067V0,4,TIGER 차이나글로벌리더스TOP3+,10815,5,-40,-0.37,11003.0,-2.6458,12759,138,260,2026-07-30 06:03:43
380340,2,ACE 코리아AI테크핵심산업,21620,5,-1030,-4.55,21633.0,-6.2306,82148,1853,259,2026-07-30 06:03:43
450910,1,SOL 코스닥150,10450,5,-455,-4.17,10458.0,-45.6517,82576,887,259,2026-07-30 06:03:43
0164G0,4,RISE 차이나AI반도체TOP4Plus,12330,5,-920,-6.94,12618.0,11.018,19046,234,259,2026-07-30 06:03:43
395170,2,KODEX Top10동일가중,12860,5,-280,-2.13,12857.0,-24.4758,60669,814,257,2026-07-30 06:03:43
145850,2,TREX 펀더멘탈 200,102005,5,-945,-0.92,102733.0,-2.5574,72,7,255,2026-07-30 06:03:43
450190,4,KODEX 한중반도체(합성),42500,5,-2395,-5.33,43355.0,3.0884,434,18,255,2026-07-30 06:03:43
275290,2,KODEX 가치주,28110,5,-345,-1.21,28100.0,-6.7473,21644,624,253,2026-07-30 06:03:43
204450,4,KODEX 차이나H레버리지(H),2450,2,40,1.66,2460.0,-6.4078,87561,213,252,2026-07-30 06:03:43
438320,4,TIGER 차이나항셍테크레버리지(합성 H),5745,5,-55,-0.95,5821.0,-6.9021,49694,284,252,2026-07-30 06:03:43
0218J0,7,RISE 미국우주&로봇TOP2미국채혼합50,8390,5,-70,-0.83,8427.0,,60922,512,252,2026-07-30 06:03:43
0049K0,7,ACE 미국배당퀄리티채권혼합50,11165,5,-115,-1.02,11129.0,0.6599,20103,224,251,2026-07-30 06:03:43
156080,1,KODEX MSCI Korea,41530,5,-960,-2.26,41656.0,-9.9048,13667,583,249,2026-07-30 06:03:43
300950,2,KODEX 게임산업,5620,2,110,2.0,5634.0,-22.8292,71320,404,247,2026-07-30 06:03:43
0097L0,7,KIWOOM 한국고배당&미국AI테크,12030,2,105,0.88,12006.0,-9.7009,7228,87,247,2026-07-30 06:03:43
0184E0,7,1Q 200채권혼합50액티브,9855,5,-35,-0.35,9822.0,-4.3856,127447,1263,246,2026-07-30 06:03:43
223190,2,KODEX 200가치저변동,24445,2,330,1.37,24464.0,-11.58,11251,277,244,2026-07-30 06:03:43
138230,7,KIWOOM 미국달러선물,16810,5,-105,-0.62,16807.0,-1.2552,6695,112,244,2026-07-30 06:03:43
0223R0,4,TIGER 미국테크NYSE100액티브,8530,5,-210,-2.4,8502.0,,221048,1899,243,2026-07-30 06:03:43
483570,4,KCGI 미국S&P500 TOP10,15190,5,-275,-1.78,15121.0,-5.5861,1366,20,243,2026-07-30 06:03:43
469790,2,KIWOOM 코리아테크TOP10,34580,5,-1015,-2.85,34579.0,0.2673,11768,416,242,2026-07-30 06:03:43
0204S0,1,TIGER 코스닥액티브,5030,5,-235,-4.46,5035.0,,94596,484,242,2026-07-30 06:03:43
185680,4,KODEX 미국S&P바이오(합성),45412,5,-668,-1.45,45505.0,10.5433,1693,77,242,2026-07-30 06:03:43
479850,2,HANARO K-뷰티,16075,5,-155,-0.96,16179.0,-9.708,72126,1177,241,2026-07-30 06:03:43
0047R0,4,RISE 팔란티어고정테크100,13720,5,-305,-2.17,13647.0,-0.7437,3435,47,240,2026-07-30 06:03:43
117460,2,KODEX 에너지화학,11745,2,325,2.85,11735.0,-40.4626,61129,727,238,2026-07-30 06:03:43
280930,4,KODEX 미국러셀2000(H),16430,5,-275,-1.65,16449.0,5.8283,5615,92,238,2026-07-30 06:03:43
289480,3,TIGER 200커버드콜,10290,5,-130,-1.25,10368.0,-6.8663,23495,246,237,2026-07-30 06:03:43
0155N0,2,HANARO K휴머노이드테마TOP10,6130,5,-260,-4.07,6144.0,-35.7789,706064,4479,236,2026-07-30 06:03:43
457690,6,KODEX 33-06 국고채액티브,10465,5,-30,-0.29,10455.0,-1.27,5879,61,235,2026-07-30 06:03:43
0103T0,2,1Q K소버린AI,7585,5,-80,-1.04,7588.0,-20.2394,150979,1161,235,2026-07-30 06:03:43
433220,4,에셋플러스 글로벌대장장이액티브,27825,5,-815,-2.85,27772.0,-13.1068,20478,575,234,2026-07-30 06:03:43
195970,4,PLUS 선진국MSCI(합성 H),15985,5,-50,-0.31,16068.0,3.3849,7148,114,233,2026-07-30 06:03:43
388280,2,RISE K엔터&여행레저,6965,5,-75,-1.07,6971.0,-17.079,38315,269,231,2026-07-30 06:03:43
0153X0,4,PLUS 미국고배당주액티브,11530,5,-135,-1.16,11537.0,5.8558,29804,344,231,2026-07-30 06:03:43
471460,6,KIWOOM 국고채30년액티브,45835,5,-125,-0.27,45768.0,-12.5966,4682,214,229,2026-07-30 06:03:43
446690,4,KODEX 아시아AI반도체exChina액티브,45750,5,-435,-0.94,45784.0,-17.5096,10329,490,229,2026-07-30 06:03:43
368190,2,HANARO Fn K-뉴딜디지털플러스,7090,2,100,1.43,7119.0,-29.9249,2916,20,227,2026-07-30 06:03:43
442550,7,RISE TDF2030액티브 적격,14450,5,-145,-0.99,14363.0,-0.1024,6329,91,224,2026-07-30 06:03:43
0209Z0,2,ACE 코리아AI전력TOP10,4965,5,-240,-4.61,4973.0,,240764,1250,223,2026-07-30 06:03:43
0192T0,2,SOL 코스닥TOP10,5585,5,-95,-1.67,5585.0,,531516,3022,223,2026-07-30 06:03:43
277540,4,ACE 아시아TOP50,29670,5,-135,-0.45,29603.0,-2.8204,601,17,223,2026-07-30 06:03:43
0206G0,7,1Q 현대차기아채권혼합50,7775,5,-45,-0.58,7793.0,,204970,1599,222,2026-07-30 06:03:43
364990,2,TIGER 게임TOP10,4855,2,185,3.96,4868.0,-23.0643,110910,542,221,2026-07-30 06:03:43
0026E0,4,KODEX 미국S&P500버퍼3월액티브,11910,3,0,0.0,11903.0,0.1682,27,0,220,2026-07-30 06:03:43
300640,2,RISE 게임테마,6250,2,150,2.46,6280.0,-25.6098,15147,95,219,2026-07-30 06:03:43
239660,6,PLUS 우량회사채50,121355,5,-5,0.0,121369.0,0.4885,927,112,218,2026-07-30 06:03:43
447660,7,PLUS 애플채권혼합,14090,5,-60,-0.42,14077.0,6.9407,107328,1519,218,2026-07-30 06:03:43
411540,1,SOL 200 Top10,14555,2,5,0.03,14579.0,-21.0513,8405,122,218,2026-07-30 06:03:43
463300,4,RISE 중국본토CSI300,13470,5,-175,-1.28,13632.0,-4.2131,1307,17,216,2026-07-30 06:03:43
0093D0,7,KoAct 팔란티어밸류체인액티브,15225,5,-365,-2.34,15185.0,-3.7655,14432,220,213,2026-07-30 06:03:43
0047P0,4,RISE 테슬라고정테크100,13710,5,-205,-1.47,13655.0,-3.3729,11741,161,213,2026-07-30 06:03:43
217770,5,TIGER 원유선물인버스(H),1294,5,-46,-3.43,1292.0,3.8759,350020,457,212,2026-07-30 06:03:43
091220,2,TIGER 은행,16045,2,385,2.46,16067.0,-3.8041,109388,1771,212,2026-07-30 06:03:43
169950,4,KODEX 차이나A50,26440,5,-35,-0.13,26551.0,-4.9372,631,16,212,2026-07-30 06:03:43
0150K0,2,KoAct 수소전력ESS인프라액티브,7540,5,-60,-0.79,7537.0,-57.0136,43317,334,211,2026-07-30 06:03:43
496120,1,ACE 코리아밸류업,28055,5,-250,-0.88,28149.0,-5.437,9661,275,210,2026-07-30 06:03:43
117680,2,KODEX 철강,9985,2,250,2.57,9981.0,-45.4672,91615,918,210,2026-07-30 06:03:43
459790,4,KIWOOM 미국성장기업30액티브,19052,5,-548,-2.8,18950.0,-4.9006,184,3,210,2026-07-30 06:03:43
0186L0,4,KoAct 미국로봇피지컬AI액티브,8877,5,-273,-2.98,8842.0,-5.8642,33404,298,209,2026-07-30 06:03:43
0166N0,1,PLUS 코스닥150액티브,5480,5,-285,-4.94,5497.0,-52.2568,42826,241,208,2026-07-30 06:03:43
225130,4,ACE 골드선물 레버리지(합성 H),41370,5,-130,-0.31,41792.0,-26.7303,3286,139,207,2026-07-30 06:03:43
497780,4,KoAct 미국천연가스인프라액티브,10840,5,-140,-1.28,10909.0,-4.1915,17359,189,206,2026-07-30 06:03:43
152380,6,KODEX 국채선물10년,64660,5,-305,-0.47,64599.0,-2.1022,858,55,206,2026-07-30 06:03:43
489000,6,PLUS 일본엔화초단기국채(합성),9300,5,-60,-0.64,9304.0,-4.3923,35801,333,205,2026-07-30 06:03:43
253290,7,RISE 헬스케어채권혼합,11355,2,90,0.8,11341.0,-11.205,13158,149,204,2026-07-30 06:03:43
469160,4,ACE 일본반도체,22585,2,295,1.32,22576.0,-8.1772,7349,166,203,2026-07-30 06:03:43
139250,2,TIGER 200 에너지화학,14885,2,235,1.6,14917.0,-30.2326,33775,510,202,2026-07-30 06:03:43
481340,6,RISE 미국30년국채액티브,8915,5,-265,-2.89,8976.0,-4.6265,49174,441,201,2026-07-30 06:03:43
292500,1,SOL KRX300,39365,2,75,0.19,39467.0,-15.4558,1061,43,197,2026-07-30 06:03:43
0144M0,4,KODEX 미국드론UAM TOP10,6885,5,-585,-7.83,6930.0,-9.2346,26539,183,196,2026-07-30 06:03:43
289250,2,TIGER MSCI KOREA ESG유니버설,28420,5,-360,-1.25,28437.0,-5.5738,329,9,196,2026-07-30 06:03:43
213630,4,PLUS 미국다우존스고배당주(합성 H),21275,5,-90,-0.42,21213.0,7.3887,19003,405,196,2026-07-30 06:03:43
445910,2,TIGER MKF배당귀족,19570,2,295,1.53,19584.0,-13.8393,42697,841,196,2026-07-30 06:03:43
159800,1,마이티 코스피100,69780,5,-1060,-1.5,69757.0,-10.3065,2239,156,195,2026-07-30 06:03:43
292160,1,TIGER KRX300,38910,5,-485,-1.23,38795.0,-13.9383,6080,237,195,2026-07-30 06:03:43
416090,4,ACE 중국과창판STAR50,12960,5,-615,-4.53,13003.0,10.3658,21953,284,194,2026-07-30 06:03:43
371450,4,TIGER 글로벌클라우드컴퓨팅INDXX,12765,2,140,1.11,12760.0,20.8133,6370,81,194,2026-07-30 06:03:43
468370,6,KODEX iShares미국인플레이션국채액티브,11120,5,-85,-0.76,11144.0,-3.2493,6159,68,191,2026-07-30 06:03:43
0203R0,6,WON 중단기종합채권(A-이상)액티브,50270,3,0,0.0,50304.0,,0,0,191,2026-07-30 06:03:43
261060,2,TIGER 코스닥150IT,15900,5,-1205,-7.04,15942.0,-41.9481,53496,874,191,2026-07-30 06:03:43
460660,4,RISE 미국S&P배당킹,12715,5,-5,-0.04,12619.0,8.9036,4469,56,191,2026-07-30 06:03:43
0104P0,2,TIGER 코리아배당다우존스위클리커버드콜,10590,2,65,0.62,10652.0,-10.9836,43400,467,191,2026-07-30 06:03:43
236350,4,TIGER 인도니프티50레버리지(합성),30745,5,-105,-0.34,30670.0,-7.5517,4808,148,191,2026-07-30 06:03:43
483330,4,ACE 마이크로소프트밸류체인액티브,13590,2,55,0.41,13318.0,-2.5208,35117,479,190,2026-07-30 06:03:43
0190M0,4,KIWOOM 미국AI테크하이베타,7030,5,-480,-6.39,6987.0,,91822,644,186,2026-07-30 06:03:43
364690,1,KODEX 혁신기술테마액티브,30990,5,-805,-2.53,31117.0,-15.1459,2867,90,186,2026-07-30 06:03:43
219390,4,RISE 미국S&P원유생산기업(합성 H),7555,2,150,2.03,7663.0,-3.1394,41249,311,185,2026-07-30 06:03:43
367740,2,HANARO Fn5G산업,33020,5,-720,-2.13,33047.0,-14.3003,10247,346,182,2026-07-30 06:03:43
415760,4,SOL 차이나육성산업액티브(합성),13235,5,-655,-4.72,13397.0,10.3694,17273,230,180,2026-07-30 06:03:43
474920,4,에셋플러스 차이나일등기업포커스10액티브,19115,5,-235,-1.21,19099.0,14.4631,97,1,180,2026-07-30 06:03:43
453630,4,KODEX 미국S&P500필수소비재,13280,2,125,0.95,13249.0,2.2024,16555,220,179,2026-07-30 06:03:43
376410,2,TIGER 탄소효율그린뉴딜,19900,5,-175,-0.87,19884.0,-13.6793,1275,25,179,2026-07-30 06:03:43
375760,2,HANARO 탄소효율그린뉴딜,19745,5,-385,-1.91,19822.0,-12.557,104,2,178,2026-07-30 06:03:43
461450,1,KODEX 코스닥글로벌,11840,5,-425,-3.47,11883.0,-39.1919,30819,374,178,2026-07-30 06:03:43
0198B0,2,1Q 삼성전자선물단일종목레버리지,7960,5,-40,-0.5,7982.0,,414993,3417,177,2026-07-30 06:03:43
284980,2,RISE 200금융,21070,2,375,1.81,21105.0,-7.3687,9070,192,177,2026-07-30 06:03:43
108590,1,TREX 200,88420,5,-540,-0.61,87606.0,-11.5855,155,14,177,2026-07-30 06:03:43
449580,7,RISE 테슬라애플아마존채권혼합,15965,5,-110,-0.68,15939.0,-1.6647,2587,41,176,2026-07-30 06:03:43
250730,4,RISE 차이나HSCEI(H),10205,2,155,1.54,10250.0,-1.8555,6472,65,173,2026-07-30 06:03:43
0086C0,7,TIGER 리츠부동산인프라10채권혼합액티브,9825,2,125,1.29,9816.0,-6.702,8463,82,172,2026-07-30 06:03:43
464600,2,SOL 자동차소부장Fn,18090,5,-685,-3.65,18216.0,-17.8337,28921,541,172,2026-07-30 06:03:43
487950,4,KODEX 대만테크고배당다우존스,11850,5,-270,-2.23,11861.0,0.5696,13691,163,172,2026-07-30 06:03:43
332620,6,PLUS 미국장기우량회사채,91540,5,-1945,-2.08,91498.0,-4.056,461,42,171,2026-07-30 06:03:43
195920,4,TIGER 일본TOPIX(합성 H),34225,2,225,0.66,34135.0,5.4263,166,5,171,2026-07-30 06:03:43
407310,1,HANARO 200 TOP10,14260,2,15,0.11,14279.0,-20.5735,5215,74,171,2026-07-30 06:03:43
461900,4,PLUS 미국테크TOP10,21355,5,-355,-1.64,21242.0,-7.4201,2015,43,171,2026-07-30 06:03:43
226980,1,KODEX 200 중소형,18940,5,-360,-1.87,19042.0,-33.7543,11706,228,170,2026-07-30 06:03:43
477490,4,에셋플러스 글로벌일등기업포커스10액티브,18920,5,-230,-1.2,18643.0,-2.6931,65,1,170,2026-07-30 06:03:43
0192S0,7,SOL 코스피200채권혼합50,8505,5,-75,-0.87,8510.0,,460544,3951,170,2026-07-30 06:03:43
337120,2,KODEX 멀티팩터,28210,5,-355,-1.24,28269.0,-13.289,44,1,169,2026-07-30 06:03:43
0220A0,7,KIWOOM 현대차그룹TOP3채권혼합50,8895,5,-35,-0.39,8918.0,,166874,1501,169,2026-07-30 06:03:43
417630,2,TIGER KEDI혁신기업ESG30,16075,5,-295,-1.8,16087.0,-22.1589,68839,1123,169,2026-07-30 06:03:43
453010,7,PLUS KOFR금리,109585,2,10,0.01,109585.0,0.6244,623,68,169,2026-07-30 06:03:43
461910,4,PLUS 미국테크TOP10레버리지(합성),33670,5,-735,-2.14,33128.0,-16.695,2177,72,168,2026-07-30 06:03:43
404260,2,KODEX 기후변화솔루션,18620,5,-80,-0.43,18669.0,-28.7046,385,7,168,2026-07-30 06:03:43
276000,4,TIGER 글로벌자원생산기업(합성 H),19690,2,180,0.92,19858.0,-4.5966,907,17,167,2026-07-30 06:03:43
291130,4,ACE MSCI멕시코(합성),18555,5,-380,-2.01,18808.0,-2.5978,524,9,167,2026-07-30 06:03:43
0221Z0,2,ACE K바이오코스닥액티브,8305,5,-420,-4.81,8367.0,,435583,3727,166,2026-07-30 06:03:43
289040,2,KODEX MSCI KOREA ESG유니버설,27530,3,0,0.0,27318.0,-8.3306,1,0,165,2026-07-30 06:03:43
0018Z0,4,RISE 미국양자컴퓨팅,16420,5,-335,-2.0,16232.0,-5.752,3727,61,164,2026-07-30 06:03:43
453820,4,KODEX 인도Nifty50레버리지(합성),12600,5,-65,-0.51,12585.0,-8.0915,2551,32,164,2026-07-30 06:03:43
0177A0,2,WON 두산그룹포커스,6685,5,-315,-4.5,6704.0,-42.3157,68861,480,164,2026-07-30 06:03:43
0198D0,2,1Q SK하이닉스선물단일종목레버리지,6170,5,-750,-10.84,6184.0,,933755,6099,161,2026-07-30 06:03:43
183710,7,RISE 주식혼합,80290,2,545,0.68,80046.0,-8.3821,143,11,161,2026-07-30 06:03:43
280320,4,ACE 미국IT인터넷(합성 H),20065,5,-30,-0.15,20163.0,1.5925,168,3,161,2026-07-30 06:03:43
494420,2,PLUS 미국배당증가성장주데일리커버드콜,9435,5,-235,-2.43,9426.0,3.4961,12951,122,160,2026-07-30 06:03:43
381560,2,HANARO Fn전기&수소차,14470,3,0,0.0,14506.0,-21.5156,42331,622,159,2026-07-30 06:03:43
265690,4,ACE 러시아MSCI(합성),8535,3,0,0.0,48.0,0.0,0,0,158,2026-07-30 06:03:43
445690,2,BNK 주주가치액티브,26245,5,-55,-0.21,26313.0,-16.2688,1845,49,157,2026-07-30 06:03:43
419650,4,PLUS 글로벌수소&차세대연료전지,4770,5,-135,-2.75,4761.0,-21.2681,32292,155,157,2026-07-30 06:03:43
432840,4,HANARO 미국S&P500,19665,5,-340,-1.7,19595.0,1.9545,4071,80,157,2026-07-30 06:03:43
0000H0,2,KODEX 인도Nifty미드캡100,10805,5,-70,-0.64,10821.0,-0.1834,122,1,157,2026-07-30 06:03:43
0105D0,2,SOL 한국AI소프트웨어,8450,5,-155,-1.8,8465.0,-16.699,219731,1886,156,2026-07-30 06:03:43
0127R0,4,RISE 미국AI클라우드인프라,12960,5,-1035,-7.4,12895.0,-4.339,8966,117,156,2026-07-30 06:03:43
304770,1,HANARO 코스닥150,10625,5,-555,-4.96,10698.0,-45.4102,25844,284,155,2026-07-30 06:03:43
0051A0,4,KoAct 브로드컴밸류체인액티브,22020,5,-575,-2.54,21939.0,-1.1593,5352,118,154,2026-07-30 06:03:43
228820,1,TIGER KTOP30,15310,5,-165,-1.07,15359.0,-13.5972,172824,2712,153,2026-07-30 06:03:43
0223A0,2,RISE 코스닥커버드콜액티브,7650,5,-550,-6.71,7668.0,,327511,2565,153,2026-07-30 06:03:43
130680,5,TIGER 원유선물Enhanced(H),6950,2,265,3.96,6944.0,-10.6284,106155,728,153,2026-07-30 06:03:43
379790,4,RISE 유로스탁스50(H),16985,5,-115,-0.67,16957.0,9.0393,6942,117,153,2026-07-30 06:03:43
304760,1,HANARO KRX300,37935,5,-915,-2.36,38043.0,-13.1183,48,1,152,2026-07-30 06:03:43
229720,1,KODEX KTOP30,30265,5,-380,-1.24,30417.0,-14.0034,15268,470,151,2026-07-30 06:03:43
114460,6,ACE 국고채3년,100475,5,-60,-0.06,100479.0,0.2391,364,36,151,2026-07-30 06:03:43
0153P0,2,ACE 리츠부동산인프라액티브,9360,2,40,0.43,9359.0,-10.8507,4763,44,150,2026-07-30 06:03:43
385600,2,ACE 2차전지&친환경차액티브,9905,2,95,0.97,9915.0,-25.456,18897,189,149,2026-07-30 06:03:43
491510,2,파워 K-주주가치액티브,16430,2,250,1.55,16518.0,-13.5719,283,4,148,2026-07-30 06:03:43
227830,1,PLUS 코스피,57955,5,-875,-1.49,57902.0,-14.7983,970,58,145,2026-07-30 06:03:43
225060,4,TIGER 이머징마켓MSCI레버리지(합성 H),13620,2,50,0.37,13718.0,-9.0483,661,9,144,2026-07-30 06:03:43
131890,2,ACE 삼성그룹동일가중,35975,2,175,0.49,36117.0,-7.326,6051,223,144,2026-07-30 06:03:43
396510,4,TIGER 차이나클린에너지SOLACTIVE,7480,5,-120,-1.58,7596.0,-14.8937,2470,18,144,2026-07-30 06:03:43
438900,2,HANARO Fn K-푸드,11005,2,105,0.96,11013.0,-12.3695,89913,1003,143,2026-07-30 06:03:43
0207Z0,4,KIWOOM 미국우주데이터센터인프라,6335,5,-220,-3.36,6364.0,,7947,50,143,2026-07-30 06:03:43
0013P0,4,RISE 미국은행TOP10,12895,5,-660,-4.87,12974.0,12.4933,33453,433,142,2026-07-30 06:03:43
391670,1,HK 베스트일레븐액티브,23430,2,140,0.6,23266.0,-7.4693,19,0,141,2026-07-30 06:03:43
484890,6,SOL 머니마켓액티브,52415,2,15,0.03,52407.0,0.624,9726,509,140,2026-07-30 06:03:43
289260,2,TIGER MSCI KOREA ESG리더스,23225,5,-195,-0.83,23314.0,-8.0848,2553,59,139,2026-07-30 06:03:43
292050,1,RISE KRX300,39760,5,-605,-1.5,39715.0,-14.2175,1677,67,139,2026-07-30 06:03:43
0028X0,4,KODEX 미국금융테크액티브,11920,5,-205,-1.69,11932.0,7.0515,5949,71,137,2026-07-30 06:03:43
0004G0,4,1Q 미국배당TOP30,9655,5,-200,-2.03,9673.0,10.1242,14608,141,135,2026-07-30 06:03:43
465670,4,TIGER 미국캐시카우100,16890,2,65,0.39,16913.0,12.0609,26394,448,135,2026-07-30 06:03:43
104520,2,KIWOOM 블루칩,13480,2,180,1.35,13488.0,-15.5894,187,2,135,2026-07-30 06:03:43
0216Z0,2,ACE K방산TOP5+,7270,2,115,1.61,7284.0,,390103,2907,134,2026-07-30 06:03:43
488290,4,MIDAS 일본테크액티브,38340,2,800,2.13,38301.0,-11.7641,1524,58,134,2026-07-30 06:03:43
404120,2,TIME K신재생에너지액티브,19165,5,-325,-1.67,19300.0,-31.4336,1122,22,134,2026-07-30 06:03:43
435040,4,ACE 글로벌브랜드TOP10,19145,5,-425,-2.17,19219.0,0.5385,1672,32,134,2026-07-30 06:03:43
0127T0,4,KIWOOM 미국S&P500&배당다우존스비중전환,11135,5,-125,-1.11,11082.0,2.6694,2560,28,134,2026-07-30 06:03:43
428560,4,KODEX 미국ETF산업Top10 Indxx,16455,2,15,0.09,16506.0,-0.1212,3997,66,132,2026-07-30 06:03:43
0127V0,4,KIWOOM 미국S&P500 TOP10&배당다우비중전환,10525,5,-90,-0.85,10460.0,-3.1926,1762,18,132,2026-07-30 06:03:43
409810,4,KODEX 미국나스닥100선물인버스(H),5965,2,70,1.19,5990.0,-1.9135,135011,801,131,2026-07-30 06:03:43
337150,2,KODEX 200exTOP,21650,5,-50,-0.23,21667.0,-23.5831,511,11,130,2026-07-30 06:03:43
137610,5,TIGER 농산물선물Enhanced(H),5315,5,-90,-1.67,5344.0,-1.5483,15960,84,128,2026-07-30 06:03:43
463640,4,KODEX 미국S&P500유틸리티,14950,5,-85,-0.57,14932.0,-4.0597,12915,193,127,2026-07-30 06:03:43
269370,4,TIGER S&P글로벌인프라(합성),18095,5,-265,-1.44,18079.0,-1.5865,390,7,127,2026-07-30 06:03:43
269530,4,PLUS S&P글로벌인프라,21100,5,-115,-0.54,21100.0,-2.4529,374,7,127,2026-07-30 06:03:43
0015F0,7,KIWOOM 팔란티어미국30년국채혼합액티브(H),9735,5,-130,-1.32,9756.0,-2.9324,3872,37,127,2026-07-30 06:03:43
266410,2,KODEX 필수소비재,9020,2,35,0.39,9063.0,-12.5364,232534,2145,126,2026-07-30 06:03:43
413930,2,WON AI ESG액티브,22930,5,-30,-0.13,22820.0,-14.631,200,4,126,2026-07-30 06:03:43
332610,6,PLUS 미국단기회사채(AAA~A),130655,5,-850,-0.65,130679.0,-1.5659,148,19,125,2026-07-30 06:03:43
435550,7,KIWOOM TDF2050액티브 적격,17865,5,-255,-1.41,17801.0,1.808,10892,194,125,2026-07-30 06:03:43
363510,6,SOL KIS단기통안채,111945,2,90,0.08,111927.0,0.5167,4,0,124,2026-07-30 06:03:43
300610,2,TIGER K게임,5265,2,65,1.25,5277.0,-25.126,10512,55,124,2026-07-30 06:03:43
485810,4,TIME 글로벌바이오액티브,11235,5,-55,-0.49,11171.0,14.6192,3089,34,124,2026-07-30 06:03:43
360150,2,KODEX 코스닥150롱코스피200숏선물,3000,5,-80,-2.6,3006.0,-41.8868,30839,92,123,2026-07-30 06:03:43
400570,4,KODEX 유럽탄소배출권선물ICE(H),11175,2,25,0.22,11282.0,7.938,2684,30,123,2026-07-30 06:03:43
290080,3,RISE 200고배당커버드콜ATM,7020,2,115,1.67,7028.0,-14.4496,48651,344,123,2026-07-30 06:03:43
489860,4,KIWOOM 글로벌전력GRID인프라,14435,5,-515,-3.44,14485.0,-9.6386,2773,40,123,2026-07-30 06:03:43
417450,4,RISE 글로벌수소경제,14400,5,-245,-1.67,14533.0,-16.7608,6643,96,122,2026-07-30 06:03:43
266390,2,KODEX 경기소비재,13585,5,-255,-1.84,13585.0,14.1571,9048,124,122,2026-07-30 06:03:43
453060,6,HANARO KOFR금리액티브(합성),111140,2,30,0.03,111128.0,0.6248,118,13,122,2026-07-30 06:03:43
354240,7,RISE 미국고정배당우선증권,11075,2,30,0.27,11059.0,-5.2745,516,5,122,2026-07-30 06:03:43
453660,4,KODEX 미국S&P500경기소비재,17355,5,-170,-0.97,17313.0,-5.5407,481,8,121,2026-07-30 06:03:43
457700,6,KODEX 53-09 국고채액티브,9180,5,-20,-0.22,9164.0,-11.6659,3037,27,121,2026-07-30 06:03:43
234310,2,RISE V&S셀렉트밸류,24035,5,-30,-0.12,24049.0,-20.1825,18,0,120,2026-07-30 06:03:43
387280,2,TIGER 퓨처모빌리티액티브,8975,5,-195,-2.13,8982.0,-34.9184,12275,111,119,2026-07-30 06:03:43
0207G0,2,SOL 우주항공밸류체인,4675,5,-165,-3.41,4692.0,,322814,1565,119,2026-07-30 06:03:43
0008E0,4,ACE 미국중심중소형제조업,12485,5,-625,-4.77,12450.0,-7.0543,1765,22,119,2026-07-30 06:03:43
371870,4,ACE 차이나항셍테크,7395,5,-100,-1.33,7417.0,-2.6624,1869,14,118,2026-07-30 06:03:43
448490,6,HANARO 32-10 국고채액티브,52805,5,-70,-0.13,52701.0,-2.3907,1,0,118,2026-07-30 06:03:43
102960,2,KODEX 기계장비,11130,5,-30,-0.27,11155.0,-46.2299,22104,252,118,2026-07-30 06:03:43
0094L0,4,RISE 차이나테크TOP10위클리타겟커버드콜,8400,5,-30,-0.36,8445.0,-4.2589,1675,14,118,2026-07-30 06:03:43
496130,1,TRUSTON 코리아밸류업액티브,21725,2,135,0.63,21540.0,-13.2235,129,2,117,2026-07-30 06:03:43
494180,4,TIME 글로벌소비트렌드액티브,13765,2,55,0.4,13638.0,-0.9394,7698,106,117,2026-07-30 06:03:43
251590,2,PLUS 고배당저변동50,16540,2,105,0.64,16536.0,-11.6591,5560,92,116,2026-07-30 06:03:43
0084E0,7,KIWOOM 미국대형주500월간목표헤지액티브,10525,5,-80,-0.75,10478.0,0.0311,1487,15,116,2026-07-30 06:03:43
451600,6,PLUS 국고채30년액티브,84410,5,-435,-0.51,84369.0,-12.675,164,13,116,2026-07-30 06:03:43
0088N0,2,WON K-글로벌수급상위,8540,5,-230,-2.62,8558.0,-43.0335,11805,104,115,2026-07-30 06:03:43
472720,1,TRUSTON 주주가치액티브,22010,5,-155,-0.7,22044.0,-19.982,345,7,114,2026-07-30 06:03:43
451150,4,에셋플러스 글로벌영에이지액티브,18320,5,-45,-0.25,18168.0,0.3551,3,0,114,2026-07-30 06:03:43
430500,7,KIWOOM 물가채KIS,112610,5,-275,-0.24,112497.0,-0.6732,134,15,113,2026-07-30 06:03:43
0090B0,2,PLUS K방산소부장,5620,2,5,0.09,5631.0,-62.2013,168138,966,112,2026-07-30 06:03:43
404650,2,SOL KRX기후변화솔루션,18645,2,115,0.62,18665.0,-29.3872,416,7,112,2026-07-30 06:03:43
310080,4,RISE 중국MSCI China(H),9470,2,55,0.58,9516.0,-4.0266,5773,54,109,2026-07-30 06:03:43
0093B0,4,RISE 엔비디아고정테크100,12055,5,-330,-2.66,12063.0,0.4802,3054,37,108,2026-07-30 06:03:43
0133E0,4,TIGER 차이나증권,8945,5,-50,-0.56,9013.0,-0.6078,997,8,107,2026-07-30 06:03:43
0104G0,2,PLUS K방산레버리지,4770,2,220,4.84,4812.0,-72.6234,118409,594,107,2026-07-30 06:03:43
244620,2,KODEX 모멘텀Plus,15310,5,-625,-3.92,15252.0,-32.2348,6986,112,107,2026-07-30 06:03:43
410870,2,TIME K컬처액티브,8930,5,-260,-2.83,8984.0,-23.7661,23691,218,107,2026-07-30 06:03:43
0068M0,4,KODEX 미국S&P500버퍼6월액티브,11885,5,-115,-0.96,11863.0,0.472,1394,16,107,2026-07-30 06:03:43
0193K0,2,PLUS 삼성전자단일종목레버리지,8545,5,-130,-1.5,8503.0,,360824,3204,107,2026-07-30 06:03:43
140710,2,KODEX 운송,5920,2,5,0.08,5944.0,-13.2852,23940,144,107,2026-07-30 06:03:43
140580,2,RISE 우량업종대표주,21295,2,100,0.47,21275.0,-20.4243,1898,40,106,2026-07-30 06:03:43
456250,4,KODEX 유럽명품TOP10 STOXX,9240,5,-215,-2.27,9255.0,3.9258,7641,71,106,2026-07-30 06:03:43
181480,7,ACE 미국부동산리츠(합성 H),88380,5,-205,-0.23,88040.0,5.1028,2055,181,106,2026-07-30 06:03:43
487910,4,ACE 인도컨슈머파워액티브,8815,5,-5,-0.06,8851.0,-0.2263,4171,36,106,2026-07-30 06:03:43
464610,2,SOL 의료기기소부장Fn,7050,5,-95,-1.33,7056.0,-27.9375,8756,62,106,2026-07-30 06:03:43
354350,4,HANARO 글로벌럭셔리S&P(합성),20335,5,-495,-2.38,20649.0,5.2285,869,17,106,2026-07-30 06:03:43
419420,4,KODEX 미국클린에너지나스닥,8810,5,-235,-2.6,8786.0,-17.1625,2080,18,106,2026-07-30 06:03:43
460270,6,KIWOOM 미국달러SOFR금리액티브(합성),13045,5,-70,-0.53,13031.0,-1.1308,687,8,106,2026-07-30 06:03:43
279540,2,KODEX 최소변동성,17510,5,-65,-0.37,17415.0,-21.7691,17,0,105,2026-07-30 06:03:43
0002C0,4,에셋플러스 인도일등기업포커스20액티브,9720,5,-40,-0.41,9764.0,1.8257,61,0,105,2026-07-30 06:03:43
117690,4,TIGER 차이나항셍30,20995,5,-90,-0.43,21090.0,-2.5873,1287,26,105,2026-07-30 06:03:43
0224X0,7,1Q 엔비디아알파벳미국채혼합50,9805,5,-60,-0.61,9730.0,,70014,689,103,2026-07-30 06:03:43
280920,2,PLUS 주도업종,18600,5,-220,-1.17,18584.0,-24.0517,257,4,102,2026-07-30 06:03:43
395760,2,PLUS ESG성장주액티브,17005,5,-140,-0.82,17020.0,-20.2929,137,2,102,2026-07-30 06:03:43
0067Y0,4,TIGER 차이나AI소프트웨어,10170,5,-365,-3.46,10297.0,-14.7309,10840,111,102,2026-07-30 06:03:43
237440,7,TIGER 경기방어채권혼합,10140,2,65,0.65,10110.0,-3.7268,4547,45,101,2026-07-30 06:03:43
429010,4,TIGER 미국나스닥넥스트100,19885,5,-270,-1.34,19678.0,10.1065,47,0,99,2026-07-30 06:03:43
0222D0,2,KoAct 고배당액티브,9835,2,115,1.18,9858.0,,59313,591,98,2026-07-30 06:03:43
252650,1,KODEX 200동일가중,16380,2,25,0.15,16464.0,-24.4664,24968,417,98,2026-07-30 06:03:43
0113G0,4,KoAct 미국바이오헬스케어액티브,10890,5,-245,-2.2,10938.0,12.3612,15509,170,98,2026-07-30 06:03:43
0208N0,1,IBK 코스피액티브,6125,5,-100,-1.61,6121.0,,10473,64,98,2026-07-30 06:03:43
0189Z0,2,DAISHIN343 금융&지주고배당,9660,2,235,2.49,9671.0,,17783,172,97,2026-07-30 06:03:43
166400,3,TIGER 200커버드콜OTM,19265,5,-160,-0.82,19282.0,-13.1352,810,15,96,2026-07-30 06:03:43
385710,2,TIME K이노베이션액티브,9605,2,70,0.73,9653.0,-37.496,2648,25,96,2026-07-30 06:03:43
371150,4,RISE 차이나항셍테크,7340,5,-135,-1.81,7395.0,-2.7132,8421,62,95,2026-07-30 06:03:43
252000,1,TIGER 200동일가중,17265,2,370,2.19,17236.0,-25.1435,9329,163,95,2026-07-30 06:03:43
407820,2,에셋플러스 코리아플랫폼액티브,5275,5,-190,-3.48,5284.0,-38.2835,9374,50,95,2026-07-30 06:03:43
0174R0,4,KIWOOM 미국성장다우존스,11150,5,-180,-1.59,11084.0,0.6211,8323,93,95,2026-07-30 06:03:43
497510,4,ACE 글로벌빅파마,13515,5,-95,-0.7,13520.0,14.6147,4050,54,95,2026-07-30 06:03:43
0120J0,2,BNK 카카오그룹포커스,7530,2,50,0.67,7548.0,-24.5207,7183,54,94,2026-07-30 06:03:43
0084D0,7,KIWOOM 미국테크100월간목표헤지액티브,11725,2,40,0.34,11635.0,1.8564,8497,99,94,2026-07-30 06:03:43
281990,2,RISE 중소형고배당,16990,2,50,0.3,16910.0,-18.1876,63,1,93,2026-07-30 06:03:43
375270,7,RISE 글로벌데이터센터리츠(합성),14275,5,-275,-1.89,14136.0,-5.8862,2032,28,93,2026-07-30 06:03:43
0001P0,2,마이티 바이오시밀러&CDMO액티브,8220,2,45,0.55,8143.0,-37.8564,13395,107,92,2026-07-30 06:03:43
498050,2,HANARO 바이오코리아액티브,9200,5,-170,-1.81,9216.0,-39.2939,4579,42,92,2026-07-30 06:03:43
480460,7,WON 한국부동산TOP3플러스,9155,2,155,1.72,9173.0,-14.3262,774,7,92,2026-07-30 06:03:43
399580,4,RISE 글로벌클린에너지,9105,5,-270,-2.88,9102.0,-15.4261,4967,45,91,2026-07-30 06:03:43
105010,4,TIGER 라틴35,6500,5,-75,-1.14,6517.0,-7.4721,4906,31,91,2026-07-30 06:03:43
0166T0,4,PLUS 글로벌저작권핵심기업액티브,10105,2,155,1.56,10139.0,-1.777,16372,165,91,2026-07-30 06:03:43
446700,2,RISE 배터리 리사이클링,8395,2,140,1.7,8435.0,-47.3366,6126,51,91,2026-07-30 06:03:43
341850,7,TIGER 리츠부동산인프라채권,4525,2,15,0.33,4523.0,-9.8744,654,2,91,2026-07-30 06:03:43
0203D0,7,PLUS 200위클리커버드콜채권혼합,8225,5,-60,-0.72,8217.0,,79102,651,90,2026-07-30 06:03:43
373490,2,KODEX 코리아혁신성장액티브,19945,5,-190,-0.94,19842.0,-35.7531,450,9,90,2026-07-30 06:03:43
463690,4,KODEX 미국S&P500커뮤니케이션,17875,5,-470,-2.56,18223.0,-7.4252,36472,663,89,2026-07-30 06:03:43
449680,7,TIGER 한중전기차(합성),10475,2,245,2.39,10482.0,-32.5421,132,1,89,2026-07-30 06:03:43
0194R0,2,KIWOOM SK하이닉스선물단일종목레버리지,5835,5,-610,-9.46,5859.0,,507399,3094,89,2026-07-30 06:03:43
435540,7,KIWOOM TDF2040액티브 적격,17455,5,-225,-1.27,17413.0,2.167,8288,144,87,2026-07-30 06:03:43
395150,2,KODEX 웹툰&드라마,1710,2,12,0.71,1717.0,-36.1655,47752,82,87,2026-07-30 06:03:43
497520,4,ACE 일라이릴리밸류체인,13400,2,20,0.15,13495.0,15.6439,1940,26,87,2026-07-30 06:03:43
0224D0,4,KIWOOM 미국CPU반도체TOP4+,8685,5,-555,-6.01,8846.0,,44255,386,87,2026-07-30 06:03:43
487750,2,BNK 온디바이스AI,21600,5,-1150,-5.05,21666.0,-22.4873,2786,61,86,2026-07-30 06:03:43
261110,7,TIGER 미국달러선물레버리지,17270,5,-235,-1.34,17282.0,-3.3141,539,9,86,2026-07-30 06:03:43
230480,7,KIWOOM 미국달러선물인버스2X,4265,2,55,1.31,4284.0,2.8083,4138,17,86,2026-07-30 06:03:43
140570,2,RISE 수출주,21300,2,30,0.14,21376.0,-26.1459,807,17,85,2026-07-30 06:03:43
461580,1,TIGER 코스닥글로벌,12070,5,-475,-3.79,12154.0,-38.8646,18181,224,84,2026-07-30 06:03:43
250780,3,TIGER 코스닥150선물인버스,3310,2,135,4.25,3311.0,62.9876,436910,1405,84,2026-07-30 06:03:43
215620,2,HK S&P코리아로우볼,15590,2,375,2.46,15552.0,-17.6678,244,3,84,2026-07-30 06:03:43
272570,6,RISE 중장기국공채액티브,107680,5,-130,-0.12,107649.0,-0.2914,31,3,84,2026-07-30 06:03:43
395280,2,HANARO Fn K-게임,3565,2,95,2.74,3550.0,-21.6705,7304,25,84,2026-07-30 06:03:43
0184N0,7,PLUS 은채권혼합,8360,5,-125,-1.47,8394.0,,14591,123,84,2026-07-30 06:03:43
487920,4,ACE 인도시장대표BIG5그룹액티브,8325,5,-35,-0.42,8339.0,-3.0163,4710,39,83,2026-07-30 06:03:43
225800,7,KIWOOM 미국달러선물레버리지,16295,5,-155,-0.94,16273.0,-3.9136,1163,19,83,2026-07-30 06:03:43
490330,4,KoAct 미국치매&뇌질환치료제액티브,15100,5,-135,-0.89,15132.0,23.0613,14106,213,83,2026-07-30 06:03:43
462340,4,에셋플러스 글로벌다이나믹시니어액티브,16570,5,-415,-2.44,16560.0,9.3689,7,0,83,2026-07-30 06:03:43
182490,6,TIGER 단기선진하이일드(합성 H),13800,2,35,0.25,13768.0,-0.2898,39,0,83,2026-07-30 06:03:43
217780,4,TIGER 차이나CSI300인버스(합성),5335,2,110,2.11,5365.0,3.1589,3956,20,83,2026-07-30 06:03:43
0191S0,1,IBK 코스닥150,10760,5,-375,-3.37,10803.0,,9589,106,80,2026-07-30 06:03:43
0216K0,7,KIWOOM 미국우주테크TOP2채권혼합50,7955,5,-135,-1.67,7980.0,,15963,126,80,2026-07-30 06:03:43
429980,7,SOL 한국형글로벌전기차&2차전지액티브,15870,5,-500,-3.05,16013.0,-13.7059,2287,36,79,2026-07-30 06:03:43
0214M0,2,MIDAS 바이오헬스케어액티브,9195,5,-220,-2.34,9198.0,,12082,111,78,2026-07-30 06:03:43
435530,7,KIWOOM TDF2030액티브 적격,15615,5,-205,-1.3,15612.0,2.3892,5627,87,78,2026-07-30 06:03:43
0094X0,4,1Q 샤오미밸류체인액티브,8600,5,-215,-2.44,8674.0,-8.7873,9074,78,77,2026-07-30 06:03:43
437370,4,RISE 글로벌농업경제,11015,5,-65,-0.59,10969.0,0.0,608,6,77,2026-07-30 06:03:43
174350,2,TIGER 로우볼,20115,2,365,1.85,20201.0,-5.5993,6859,140,76,2026-07-30 06:03:43
0082F0,4,HANARO 유럽방산,10910,5,-35,-0.32,10912.0,4.7368,3200,34,76,2026-07-30 06:03:43
494210,4,SOL 미국500타겟데일리커버드콜액티브,10785,5,-230,-2.09,10726.0,1.4154,10671,115,75,2026-07-30 06:03:43
270800,2,RISE KQ고배당,13705,2,80,0.59,13663.0,-23.6445,264,3,75,2026-07-30 06:03:43
301400,1,PLUS 코스닥150,10725,5,-480,-4.28,10777.0,-46.0,15348,171,75,2026-07-30 06:03:43
404540,2,TIGER KRX기후변화솔루션,18755,5,-20,-0.11,18750.0,-29.0633,19,0,75,2026-07-30 06:03:43
0047N0,4,PLUS 차이나AI테크TOP10,10680,5,-75,-0.7,10749.0,-3.0208,2931,31,75,2026-07-30 06:03:43
189400,4,PLUS 글로벌MSCI(합성 H),24850,5,-75,-0.3,24787.0,2.5298,492,12,75,2026-07-30 06:03:43
304670,6,KODEX 미국30년국채울트라선물인버스(H),12365,2,240,1.98,12397.0,2.2344,82,1,74,2026-07-30 06:03:43
252420,3,RISE 200선물인버스2X,148,2,6,4.23,149.0,-15.9764,3471477,502,74,2026-07-30 06:03:43
256450,4,PLUS 심천차이넥스트(합성),14695,5,-710,-4.61,14984.0,-10.6439,2163,31,73,2026-07-30 06:03:43
390400,4,KODEX 미국스마트모빌리티S&P,7305,5,-135,-1.81,7298.0,-2.5507,2592,18,73,2026-07-30 06:03:43
400590,4,SOL 글로벌탄소배출권선물ICE(합성),14310,5,-105,-0.73,14380.0,6.6987,2572,36,72,2026-07-30 06:03:43
0036Z0,4,RISE 미국천연가스밸류체인,12925,2,70,0.54,12864.0,-1.169,6092,78,71,2026-07-30 06:03:43
225050,4,TIGER 유로스탁스레버리지(합성 H),15775,5,-50,-0.32,15817.0,13.5629,573,9,71,2026-07-30 06:03:43
0005C0,6,RISE 미국S&P500엔화노출(합성 H),10900,5,-155,-1.4,10854.0,-1.2947,2899,31,71,2026-07-30 06:03:43
402460,2,HANARO Fn K-메타버스MZ,12855,5,-110,-0.85,12839.0,6.4807,771,9,71,2026-07-30 06:03:43
0194N0,2,KIWOOM 삼성전자선물단일종목레버리지,7630,5,-60,-0.78,7689.0,,258904,2050,71,2026-07-30 06:03:43
139660,7,KIWOOM 미국달러선물인버스,8050,2,90,1.13,8063.0,1.1435,1527,12,70,2026-07-30 06:03:43
450180,7,KODEX 한중전기차(합성),10770,2,200,1.89,10772.0,-31.2521,14,0,70,2026-07-30 06:03:43
0219B0,2,KoAct 광통신&위성네트워크액티브,7745,5,-205,-2.58,7764.0,,2159,16,70,2026-07-30 06:03:43
227570,2,TIGER 우량가치,19175,2,185,0.97,19239.0,-22.0284,1054,20,69,2026-07-30 06:03:43
488480,4,RISE 일본섹터TOP4Plus,12505,5,-70,-0.56,12526.0,-5.2986,526,6,69,2026-07-30 06:03:43
456200,6,PLUS 미국달러SOFR금리액티브(합성),62470,5,-90,-0.14,62167.0,-0.9422,15,0,69,2026-07-30 06:03:43
0215T0,4,HANARO 미국AI광통신TOP10,6855,5,-445,-6.1,6839.0,,50423,346,69,2026-07-30 06:03:43
316300,7,ACE 싱가포르리츠,13695,5,-165,-1.19,13851.0,-1.7065,1395,19,68,2026-07-30 06:03:43
482030,2,KoAct 반도체&2차전지핵심소재액티브,6805,5,-105,-1.52,6846.0,-53.1843,4276,29,68,2026-07-30 06:03:43
457930,2,BNK 미래전략기술액티브,22665,5,-5,-0.02,22446.0,-27.7681,17,0,68,2026-07-30 06:03:43
381570,2,HANARO Fn친환경에너지,7985,2,135,1.72,7982.0,-47.4213,4342,35,68,2026-07-30 06:03:43
395750,2,PLUS ESG가치주액티브,16900,5,-195,-1.14,16826.0,-14.5037,102,1,68,2026-07-30 06:03:43
0087F0,4,ACE 차이나AI빅테크TOP2+액티브,13400,5,-335,-2.44,13345.0,15.3716,5240,70,67,2026-07-30 06:03:43
466810,2,BNK 2차전지양극재,4620,2,120,2.67,4648.0,-50.7659,8783,41,67,2026-07-30 06:03:43
429740,7,PLUS K리츠,6025,2,105,1.77,6032.0,-17.2268,9336,56,66,2026-07-30 06:03:43
0102X0,4,ACE 유럽방산TOP10,9435,2,25,0.27,9434.0,-3.5751,1458,13,66,2026-07-30 06:03:43
326230,2,RISE 내수주플러스,10285,5,-10,-0.1,10272.0,-16.4367,4511,47,66,2026-07-30 06:03:43
285690,2,FOCUS ESG리더스,18450,2,150,0.82,18411.0,-21.5098,2,0,65,2026-07-30 06:03:43
368680,2,KODEX K-뉴딜디지털플러스,7120,2,155,2.23,7167.0,-30.7158,713,5,64,2026-07-30 06:03:43
0172Y0,2,ACE K수출핵심TOP10산업액티브,7985,5,-75,-0.93,7994.0,-29.174,5543,44,64,2026-07-30 06:03:43
244670,2,KODEX 밸류Plus,10645,2,120,1.14,10618.0,-20.5643,472,5,64,2026-07-30 06:03:43
0218K0,2,BNK 스마트카,8510,5,-240,-2.74,8502.0,,374,3,64,2026-07-30 06:03:43
438740,2,MIDAS 중소형액티브,28020,5,-630,-2.2,28038.0,-30.5708,261,7,63,2026-07-30 06:03:43
253280,2,RISE 헬스케어,11400,5,-50,-0.44,11449.0,-32.4086,270,3,63,2026-07-30 06:03:43
219900,4,ACE 중국본토CSI300레버리지(합성),4465,5,-20,-0.45,4497.0,-13.2496,3247,14,63,2026-07-30 06:03:43
139290,2,TIGER 200 경기소비재,24025,5,-85,-0.35,23989.0,-14.7304,13020,316,62,2026-07-30 06:03:43
451670,6,RISE 국채30년레버리지(합성),12300,5,-65,-0.53,12247.0,-26.964,32,0,62,2026-07-30 06:03:43
0138D0,2,RISE 동학개미,8785,5,-550,-5.89,8809.0,-40.1603,44676,406,61,2026-07-30 06:03:43
315270,2,TIGER 200커뮤니케이션서비스,19130,2,200,1.06,19103.0,-16.9251,1853,35,61,2026-07-30 06:03:43
0132D0,7,KoAct 글로벌K컬처밸류체인액티브,9130,5,-70,-0.76,9167.0,-9.5379,28977,267,59,2026-07-30 06:03:43
476310,4,RISE 글로벌비만산업TOP2+,10765,5,-110,-1.01,10852.0,20.5817,1338,14,59,2026-07-30 06:03:43
0114X0,4,RISE 글로벌게임테크TOP3Plus,8442,2,82,0.98,8354.0,2.0134,2904,24,59,2026-07-30 06:03:43
138920,5,KODEX 콩선물(H),11740,5,-235,-1.96,11778.0,-0.5399,773,9,59,2026-07-30 06:03:43
289670,6,PLUS 국채선물10년,51945,5,-105,-0.2,51786.0,-2.1065,299,15,58,2026-07-30 06:03:43
400580,4,SOL 유럽탄소배출권선물S&P(H),11590,2,35,0.3,11628.0,7.9906,428,4,58,2026-07-30 06:03:43
401590,4,HANARO 글로벌탄소배출권선물ICE(합성),11355,5,-110,-0.96,11454.0,6.6511,825,9,58,2026-07-30 06:03:43
469530,3,RISE 미국달러선물인버스,8985,2,10,0.11,9023.0,2.1627,1384,12,58,2026-07-30 06:03:43
307510,2,TIGER 의료기기,11310,5,-375,-3.21,11341.0,-36.5658,3829,43,57,2026-07-30 06:03:43
291890,4,KODEX MSCI EM선물(H),11245,5,-80,-0.71,11292.0,-3.8217,6060,68,56,2026-07-30 06:03:43
139240,2,TIGER 200 철강소재,9035,2,295,3.38,9056.0,-44.5784,7186,66,56,2026-07-30 06:03:43
267450,6,RISE 미국장기국채선물인버스(H),11085,2,50,0.45,11163.0,1.5646,18,0,55,2026-07-30 06:03:43
314700,2,HANARO 농업융복합산업,10055,2,220,2.24,10000.0,-28.3376,17,0,55,2026-07-30 06:03:43
483030,4,KIWOOM 미국블록버스터바이오테크의약품+,12260,5,-105,-0.85,12281.0,13.0296,1823,22,55,2026-07-30 06:03:43
432600,6,RISE 국채선물3년,55150,5,-50,-0.09,55134.0,0.4823,2,0,55,2026-07-30 06:03:43
474390,6,SOL 국고채30년액티브,40650,5,-145,-0.36,40566.0,-12.915,271,11,54,2026-07-30 06:03:43
413220,4,SOL 차이나태양광CSI(합성),4530,5,-130,-2.79,4597.0,-24.8388,1883,8,54,2026-07-30 06:03:43
407300,2,HANARO Fn골프테마,9775,2,15,0.15,9761.0,-25.9849,110,1,54,2026-07-30 06:03:43
483020,2,KIWOOM 의료AI,8930,2,110,1.25,8964.0,-34.1546,14350,125,54,2026-07-30 06:03:43
261920,4,ACE MSCI필리핀(합성),13340,5,-290,-2.13,13323.0,6.3182,443,5,53,2026-07-30 06:03:43
0078V0,4,PLUS 미국로보택시,9630,2,20,0.21,9553.0,-13.7343,606,5,53,2026-07-30 06:03:43
321410,7,KODEX 멀티에셋하이인컴(H),10585,2,50,0.47,10582.0,0.6635,483,5,53,2026-07-30 06:03:43
0131A0,4,SOL 차이나소비트렌드,8110,5,-75,-0.92,8193.0,-17.9038,167,1,53,2026-07-30 06:03:43
499150,4,SOL 미국S&P500엔화노출(H),10505,5,-210,-1.96,10493.0,-1.2983,390,4,53,2026-07-30 06:03:43
0073X0,5,FOCUS 알리바바미국채커버드콜혼합,9465,5,-150,-1.56,9437.0,-5.5294,246,2,52,2026-07-30 06:03:43
0128D0,4,PLUS 차이나항셍테크위클리타겟커버드콜,7430,5,-75,-1.0,7514.0,-4.0821,1794,13,52,2026-07-30 06:03:43
0174J0,7,DAISHIN343 오피스리츠플러스,8625,3,0,0.0,8712.0,-15.5107,0,0,52,2026-07-30 06:03:43
498610,4,RISE 인도디지털성장,8585,2,30,0.35,8576.0,2.1958,2876,24,52,2026-07-30 06:03:43
411860,4,KIWOOM 독일DAX,17140,2,740,4.51,17173.0,-4.5313,3385,58,51,2026-07-30 06:03:43
0015E0,7,KIWOOM 엔비디아미국30년국채혼합액티브(H),10275,5,-170,-1.63,10263.0,-2.7398,1445,14,51,2026-07-30 06:03:43
295000,6,RISE 국채선물10년,51165,5,-290,-0.56,51134.0,-1.6627,151,7,51,2026-07-30 06:03:43
220130,4,SOL 차이나강소기업CSI500(합성 H),6365,5,-180,-2.75,6403.0,-7.4258,619,4,51,2026-07-30 06:03:43
0184V0,2,UNICORN K바이오액티브,4600,5,-200,-4.17,4599.0,,10165,46,51,2026-07-30 06:03:43
0053M0,2,더제이 중소형포커스액티브,11025,5,-95,-0.85,10913.0,-29.1495,424,4,50,2026-07-30 06:03:43
0154H0,4,KoAct 차이나바이오헬스케어액티브,8245,5,-230,-2.71,8291.0,-8.5268,1941,16,49,2026-07-30 06:03:43
433250,1,UNICORN R&D 액티브,19655,2,85,0.43,19181.0,-21.4845,1,0,49,2026-07-30 06:03:43
391600,4,ACE 미국친환경그린테마,10905,5,-135,-1.22,10797.0,-10.2075,4547,49,49,2026-07-30 06:03:43
0015K0,4,TIGER 미국소비트렌드액티브,7270,5,-50,-0.68,7281.0,-1.679,19924,146,48,2026-07-30 06:03:43
267440,6,RISE 미국장기국채선물(H),7930,5,-115,-1.43,8053.0,-3.6527,333,2,48,2026-07-30 06:03:43
373790,4,KIWOOM 미국방어배당성장나스닥,16645,5,-150,-0.89,16560.0,3.0278,1217,20,47,2026-07-30 06:03:43
0176P0,2,FOCUS AI반도체위클리고정커버드콜,9240,5,-525,-5.38,9293.0,-18.652,28992,276,46,2026-07-30 06:03:43
253230,3,KIWOOM 200선물인버스2X,142,2,6,4.41,141.0,-18.5629,3909386,527,46,2026-07-30 06:03:43
205720,4,ACE 일본TOPIX인버스(합성 H),1511,2,2,0.13,1514.0,-6.9094,5864,8,45,2026-07-30 06:03:43
470310,2,UNICORN 생성형AI강소기업액티브,15105,2,95,0.63,14999.0,-12.068,131,1,45,2026-07-30 06:03:43
244660,2,KODEX 퀄리티Plus,9015,2,260,2.97,8967.0,-15.2592,56,0,45,2026-07-30 06:03:43
0050E0,4,PLUS 미국AI에이전트,8085,2,95,1.19,8042.0,3.9687,9576,77,44,2026-07-30 06:03:43
266550,2,PLUS 중형주저변동50,17305,2,410,2.43,17258.0,-22.6951,71,1,43,2026-07-30 06:03:43
488200,2,KIWOOM K-2차전지북미공급망,9415,2,100,1.07,9436.0,-47.3031,4955,47,42,2026-07-30 06:03:43
0191B0,1,MIDAS 코스닥액티브,20600,5,-1250,-5.72,20627.0,,2404,52,41,2026-07-30 06:03:43
225030,4,TIGER 미국S&P500선물인버스(H),2350,2,20,0.86,2354.0,-2.9167,22174,52,40,2026-07-30 06:03:43
334690,5,RISE 팔라듐선물(H),5680,5,-35,-0.61,5680.0,-15.2078,1121,6,40,2026-07-30 06:03:43
238670,7,PLUS 스마트베타Quality채권혼합,12945,2,55,0.43,12919.0,-4.0566,267,3,39,2026-07-30 06:03:43
145670,3,ACE 인버스,1680,2,36,2.19,1688.0,-2.2011,442852,736,39,2026-07-30 06:03:43
226380,2,ACE Fn성장소비주도주,5490,2,85,1.57,5483.0,-22.0058,221,1,38,2026-07-30 06:03:43
291680,4,RISE 차이나H선물인버스(H),7575,5,-70,-0.92,7612.0,-1.6088,242,1,38,2026-07-30 06:03:43
0079X0,4,ACE BYD밸류체인액티브,10495,5,-75,-0.71,10499.0,-15.8775,318,3,37,2026-07-30 06:03:43
277650,2,TIGER 코스피중형주,17960,2,40,0.22,17965.0,-32.619,46,0,36,2026-07-30 06:03:43
252410,3,RISE 200선물인버스,1729,2,42,2.49,1721.0,-1.4027,156602,263,35,2026-07-30 06:03:43
227550,2,TIGER 200 산업재,10135,2,130,1.3,10138.0,-38.0304,7468,76,34,2026-07-30 06:03:43
267490,6,RISE 미국장기국채선물레버리지(합성 H),4900,5,-170,-3.35,4989.0,-6.198,2586,12,34,2026-07-30 06:03:43
291620,3,KIWOOM 코스닥150선물인버스,5945,2,240,4.21,5944.0,64.4092,31859,184,34,2026-07-30 06:03:43
454180,4,KIWOOM 차이나내수소비TOP CSI,8240,2,25,0.3,8325.0,-3.9113,150,1,33,2026-07-30 06:03:43
243890,2,TIGER 200에너지화학레버리지,6030,2,65,1.09,6126.0,-56.8692,272287,1738,32,2026-07-30 06:03:43
488210,2,KIWOOM K-반도체북미공급망,15485,5,-680,-4.21,15507.0,-37.3354,918,14,31,2026-07-30 06:03:43
275750,3,RISE 코스닥150선물인버스,3355,2,130,4.03,3355.0,62.5504,13567,44,30,2026-07-30 06:03:43
427120,2,RISE AI플랫폼,4565,2,20,0.44,4553.0,-35.986,1075,4,30,2026-07-30 06:03:43
227560,2,TIGER 200 생활소비재,12350,2,120,0.98,12305.0,-13.7531,6539,81,30,2026-07-30 06:03:43
491630,4,RISE 미국반도체인버스(합성 H),6062,2,87,1.46,6192.0,-19.4744,9092,55,29,2026-07-30 06:03:43
489010,4,PLUS 글로벌AI인프라,18625,5,-640,-3.32,18596.0,-4.8172,340,6,28,2026-07-30 06:03:43
280940,5,KODEX 골드선물인버스(H),3705,5,-45,-1.2,3739.0,14.1552,19871,73,28,2026-07-30 06:03:43
291630,3,KIWOOM 코스닥150선물레버리지,2125,5,-210,-8.99,2119.0,-73.6456,68830,155,26,2026-07-30 06:03:43
253160,3,PLUS 200선물인버스2X,289,2,11,3.96,290.0,-19.4203,1634552,460,26,2026-07-30 06:03:43
476000,2,UNICORN 포스트IPO액티브,4400,5,-215,-4.66,4392.0,-62.5406,529,2,24,2026-07-30 06:03:43
334700,5,RISE 팔라듐선물인버스(H),3540,2,45,1.29,3556.0,10.0787,390,1,23,2026-07-30 06:03:43
253240,3,KIWOOM 200선물인버스,1722,2,36,2.14,1719.0,-2.0906,161726,272,21,2026-07-30 06:03:43
306530,3,HANARO 코스닥150선물레버리지,4190,5,-395,-8.62,4202.0,-74.3712,47786,211,19,2026-07-30 06:03:43
306520,3,HANARO 200선물인버스,3140,2,55,1.78,3135.0,0.3252,33391,102,19,2026-07-30 06:03:43
465620,4,ACE 미국빅테크TOP7 Plus인버스(합성),6900,2,80,1.17,6920.0,3.9634,818,5,17,2026-07-30 06:03:43
412560,2,TIGER BBIG레버리지,1511,2,15,1.0,1524.0,-50.2991,24029,36,10,2026-07-30 06:03:43
397420,6,RISE 국채선물5년추종,50525,3,0,0.0,50397.0,-0.355,0,0,3,2026-07-30 06:03:43
