itemcode,etfTabCode,itemname,nowVal,risefall,changeVal,changeRate,nav,threeMonthEarnRate,quant,amonut,marketSum,collected_at
069500,1,KODEX 200,101845,5,-6705,-6.18,102186.0,-7.6982,4675667,475124,240100,2026-08-19 01:00:50
360750,4,TIGER 미국S&P500,26820,5,-175,-0.65,26829.0,-1.0929,4272999,114809,205562,2026-08-19 01:00:50
133690,4,TIGER 미국나스닥100,183360,5,-2540,-1.37,183705.0,-3.0503,472151,86706,114618,2026-08-19 01:00:50
379800,4,KODEX 미국S&P500,24380,5,-165,-0.67,24388.0,-1.075,2729289,66647,100982,2026-08-19 01:00:50
102110,1,TIGER 200,102050,5,-6685,-6.15,102386.0,-7.6902,2830235,288153,98733,2026-08-19 01:00:50
379810,4,KODEX 미국나스닥100,27410,5,-380,-1.37,27458.0,-3.0133,2650584,72769,93345,2026-08-19 01:00:50
396500,2,TIGER 반도체TOP10,33580,5,-2360,-6.57,33609.0,-21.2102,4653285,155567,89827,2026-08-19 01:00:50
488770,7,KODEX 머니마켓액티브,105267,2,12,0.01,105274.0,0.8382,228056,24006,79781,2026-08-19 01:00:50
278530,1,KODEX 200TR,36885,5,-2435,-6.19,36982.0,-7.6237,496693,18271,73309,2026-08-19 01:00:50
459580,6,KODEX CD금리액티브(합성),1075112,2,82,0.01,1075264.0,0.7172,209632,225377,66269,2026-08-19 01:00:50
381180,4,TIGER 미국필라델피아반도체나스닥,43635,5,-1995,-4.37,43949.0,1.0515,412176,17997,58798,2026-08-19 01:00:50
498400,2,KODEX 200타겟위클리커버드콜,19285,5,-1180,-5.77,19326.0,-8.1874,2900335,55797,55502,2026-08-19 01:00:50
0167A0,2,SOL AI반도체TOP2플러스,16710,5,-935,-5.3,16727.0,-2.8894,7445533,123966,53873,2026-08-19 01:00:50
091160,2,KODEX 반도체,119125,5,-6280,-5.01,119236.0,-14.253,761515,89853,52475,2026-08-19 01:00:50
229200,1,KODEX 코스닥150,14245,2,55,0.39,14284.0,-23.2559,13222014,184681,52165,2026-08-19 01:00:50
122630,3,KODEX 레버리지,96785,5,-13680,-12.38,97096.0,-29.7967,5925940,569891,51780,2026-08-19 01:00:50
148020,1,RISE 200,102590,5,-6805,-6.22,102959.0,-7.6233,509052,52120,43549,2026-08-19 01:00:50
458730,4,TIGER 미국배당다우존스,15380,2,35,0.23,15373.0,2.8508,380098,5861,42972,2026-08-19 01:00:50
310970,1,TIGER MSCI Korea TR,45550,5,-2850,-5.89,45522.0,-7.5631,3743,169,41314,2026-08-19 01:00:50
411060,5,ACE KRX금현물,27440,5,-460,-1.65,27440.0,-7.9056,206875,5686,40419,2026-08-19 01:00:50
360200,4,ACE 미국S&P500,27110,5,-190,-0.7,27122.0,-1.0812,122573,3329,40014,2026-08-19 01:00:50
0162Z0,7,RISE 삼성전자SK하이닉스채권혼합50,12845,5,-480,-3.6,12846.0,-0.0151,2521602,32352,39434,2026-08-19 01:00:50
381170,4,TIGER 미국테크TOP10 INDXX,30905,5,-290,-0.93,30950.0,-9.4485,85767,2653,38075,2026-08-19 01:00:50
395160,2,KODEX AI반도체TOP2플러스,37130,5,-2920,-7.29,37161.0,3.5418,2423840,89923,37427,2026-08-19 01:00:50
233740,3,KODEX 코스닥150레버리지,7185,2,30,0.42,7215.0,-49.8775,46737550,323899,36981,2026-08-19 01:00:50
423160,6,KODEX KOFR금리액티브(합성),110810,5,-5,0.0,110794.0,0.6794,13940,1544,35964,2026-08-19 01:00:50
357870,6,TIGER CD금리투자KIS(합성),57925,2,10,0.02,57923.0,0.7304,50330,2915,35500,2026-08-19 01:00:50
367380,4,ACE 미국나스닥100,31515,5,-440,-1.38,31573.0,-3.053,131835,4160,34919,2026-08-19 01:00:50
273130,6,KODEX 종합채권(AA-이상)액티브,109240,5,-45,-0.04,109325.0,-1.01,1641,179,33333,2026-08-19 01:00:50
395270,2,HANARO Fn K-반도체,52725,5,-4060,-7.15,52799.0,1.8108,653555,34450,33322,2026-08-19 01:00:50
102780,2,KODEX 삼성그룹,25025,5,-1295,-4.92,25047.0,0.6116,235409,5868,32282,2026-08-19 01:00:50
487240,2,KODEX AI전력핵심설비,35440,5,-1365,-3.71,35487.0,-30.2674,1107213,38365,31223,2026-08-19 01:00:50
455890,6,RISE 머니마켓액티브,55407,2,2,0.0,55411.0,0.7913,71600,3967,29992,2026-08-19 01:00:50
0043B0,6,TIGER 머니마켓액티브,103385,2,10,0.01,103391.0,0.8585,24596,2542,29056,2026-08-19 01:00:50
139260,2,TIGER 200 IT,128740,5,-9070,-6.58,128892.0,-3.0448,177305,22785,26057,2026-08-19 01:00:50
481050,6,KODEX CD1년금리플러스액티브(합성),1023190,2,80,0.01,1023202.0,0.7577,6043,6183,25659,2026-08-19 01:00:50
426030,4,TIME 미국나스닥100액티브,46615,5,-2445,-4.98,46956.0,-5.9523,407961,19013,24948,2026-08-19 01:00:50
449170,6,TIGER KOFR금리액티브(합성),111635,2,10,0.01,111615.0,0.6537,28953,3232,24370,2026-08-19 01:00:50
161510,2,PLUS 고배당주,24805,5,-530,-2.09,24826.0,-5.3268,254924,6290,23575,2026-08-19 01:00:50
486290,4,TIGER 미국나스닥100타겟데일리커버드콜,10800,5,-135,-1.23,10821.0,-3.5609,671575,7264,23549,2026-08-19 01:00:50
278540,1,KODEX MSCI Korea TR,36190,5,-2360,-6.12,36240.0,-7.3429,4023,145,22112,2026-08-19 01:00:50
472150,2,TIGER 배당커버드콜액티브,19455,5,-1240,-5.99,19440.0,-6.6281,2042494,39620,22006,2026-08-19 01:00:50
456600,4,TIME 글로벌AI인공지능액티브,58670,5,-2305,-3.78,58927.0,-0.5951,68838,4037,21637,2026-08-19 01:00:50
0193T0,2,KODEX SK하이닉스단일종목레버리지,8270,5,-1640,-16.55,8294.0,,14849613,122645,20117,2026-08-19 01:00:50
284430,6,KODEX 200미국채혼합50,20495,5,-655,-3.1,20503.0,-5.7431,262691,5383,20003,2026-08-19 01:00:50
292150,2,TIGER 코리아TOP10,35870,5,-2150,-5.65,35928.0,-8.1721,323294,11581,19334,2026-08-19 01:00:50
385540,6,RISE 종합채권(A-이상)액티브,102305,5,-10,-0.01,102306.0,-1.0111,31,3,19038,2026-08-19 01:00:50
214980,6,KODEX 단기채권PLUS,114530,3,0,0.0,114542.0,0.6393,6527,747,18399,2026-08-19 01:00:50
105190,1,ACE 200,102095,5,-6625,-6.09,102414.0,-8.0142,67597,6881,17509,2026-08-19 01:00:50
294400,1,KIWOOM 200TR,133725,5,-8630,-6.06,134030.0,-7.6756,20092,2682,17251,2026-08-19 01:00:50
441640,4,KODEX 미국배당커버드콜액티브,12935,5,-40,-0.31,12939.0,1.7737,218573,2832,16997,2026-08-19 01:00:50
442580,4,PLUS 글로벌HBM반도체,97895,5,-6310,-6.06,98330.0,5.8348,164054,15982,16848,2026-08-19 01:00:50
477080,6,RISE CD금리액티브(합성),107340,2,5,0.0,107344.0,0.7083,1132,121,16652,2026-08-19 01:00:50
305720,2,KODEX 2차전지산업,14105,5,-115,-0.81,14120.0,-26.2066,763642,10598,16376,2026-08-19 01:00:50
368590,4,RISE 미국나스닥100,30580,5,-430,-1.39,30631.0,-2.977,43609,1335,15535,2026-08-19 01:00:50
446770,4,ACE 글로벌반도체TOP4 Plus,76835,5,-3255,-4.06,77137.0,-2.5131,23869,1831,15482,2026-08-19 01:00:50
379780,4,RISE 미국S&P500,23450,5,-175,-0.74,23454.0,-0.97,25743,605,15430,2026-08-19 01:00:50
487230,4,KODEX 미국AI전력핵심인프라,20500,5,-1370,-6.26,20590.0,-18.4858,337852,6929,15385,2026-08-19 01:00:50
329200,2,TIGER 리츠부동산인프라,4075,5,-40,-0.97,4075.0,-0.906,781451,3185,15336,2026-08-19 01:00:50
466920,2,SOL 조선TOP3플러스,27840,5,-1200,-4.13,27887.0,-21.1727,347724,9606,14908,2026-08-19 01:00:50
453850,6,ACE 미국30년국채액티브(H),7090,2,30,0.42,7096.0,-1.8368,317571,2251,14861,2026-08-19 01:00:50
0193W0,2,KODEX 삼성전자단일종목레버리지,11135,5,-1805,-13.95,11174.0,,3169764,35282,14771,2026-08-19 01:00:50
152100,1,PLUS 200,103385,5,-6770,-6.15,103713.0,-7.8295,157070,16207,14577,2026-08-19 01:00:50
0177N0,7,KODEX 삼성전자SK하이닉스채권혼합50,13555,5,-555,-3.93,13557.0,0.2825,1686575,22861,14517,2026-08-19 01:00:50
475630,7,TIGER CD1년금리액티브(합성),1074687,2,102,0.01,1074688.0,0.7618,12752,13704,14479,2026-08-19 01:00:50
232080,1,TIGER 코스닥150,14545,2,30,0.21,14564.0,-23.0382,1463212,21016,13597,2026-08-19 01:00:50
436140,6,SOL 종합채권(AA-이상)액티브,105620,5,-10,-0.01,105590.0,-0.9332,463,48,13367,2026-08-19 01:00:50
390390,4,KODEX 미국반도체,54290,5,-1910,-3.4,54576.0,-0.1852,175340,9524,12975,2026-08-19 01:00:50
157450,6,TIGER 단기통안채,112435,2,10,0.01,112431.0,0.6175,2613,293,12915,2026-08-19 01:00:50
091230,2,TIGER 반도체,126300,5,-6340,-4.78,126438.0,-13.6252,60110,7531,12832,2026-08-19 01:00:50
0183J0,4,TIGER 미국우주테크,8705,5,-210,-2.36,8780.0,-34.9271,532611,4625,12722,2026-08-19 01:00:50
448330,1,KODEX 삼성전자채권혼합,17120,5,-350,-2.0,17092.0,1.715,378874,6481,12498,2026-08-19 01:00:50
438080,7,ACE 미국S&P500미국채혼합50액티브,14325,5,-70,-0.49,14325.0,-3.1293,128925,1851,12434,2026-08-19 01:00:50
0072R0,5,TIGER KRX금현물,13090,5,-235,-1.76,13113.0,-7.8493,173936,2282,12115,2026-08-19 01:00:50
0195S0,2,TIGER SK하이닉스단일종목레버리지,7015,5,-1430,-16.93,7041.0,,4739275,33207,11822,2026-08-19 01:00:50
497570,4,TIGER 미국필라델피아AI반도체나스닥,21965,5,-720,-3.17,22092.0,1.825,101274,2226,11180,2026-08-19 01:00:50
445290,2,KODEX 로봇액티브,31765,5,-730,-2.25,31809.0,-17.9724,656969,20770,11070,2026-08-19 01:00:50
449450,2,PLUS K방산,55525,5,-1465,-2.57,55612.0,-17.3939,322510,17997,10888,2026-08-19 01:00:50
465580,4,ACE 미국빅테크TOP7 Plus,24510,5,-185,-0.75,24564.0,-4.3201,69355,1703,10846,2026-08-19 01:00:50
0139F0,6,TIGER 12월자동연장금융채(AA-이상)액티브,102010,2,25,0.02,102000.0,0.701,1,0,10791,2026-08-19 01:00:50
469150,2,ACE AI반도체TOP3+,55195,5,-3105,-5.33,55260.0,-15.5073,341319,18649,10708,2026-08-19 01:00:50
226490,1,KODEX 코스피,66575,5,-3860,-5.48,66653.0,-8.7238,236460,15721,10519,2026-08-19 01:00:50
446720,4,SOL 미국배당다우존스,14095,2,25,0.18,14092.0,3.2308,84863,1199,10515,2026-08-19 01:00:50
479520,6,RISE KOFR금리액티브(합성),106250,2,20,0.02,106241.0,0.6347,4069,432,10314,2026-08-19 01:00:50
494890,1,KODEX 200액티브,29375,5,-1955,-6.24,29441.0,-8.3212,70758,2076,10223,2026-08-19 01:00:50
455850,2,SOL AI반도체소부장,23900,5,-185,-0.77,23934.0,-20.01,1101762,25874,10134,2026-08-19 01:00:50
449180,4,KODEX 미국S&P500(H),17160,5,-55,-0.32,17169.0,4.553,151261,2594,10107,2026-08-19 01:00:50
469830,6,SOL 초단기채권액티브,54307,2,2,0.0,54309.0,0.8074,43868,2382,10074,2026-08-19 01:00:50
356540,6,ACE 종합채권(AA-이상)액티브,100730,2,160,0.16,100653.0,-0.9651,55,5,9953,2026-08-19 01:00:50
479080,6,1Q 머니마켓액티브,53695,2,10,0.02,53695.0,0.8358,17454,937,9852,2026-08-19 01:00:50
494300,4,KODEX 미국나스닥100데일리커버드콜OTM,9340,5,-125,-1.32,9344.0,-6.0635,437839,4092,9807,2026-08-19 01:00:50
451540,6,TIGER 종합채권(AA-이상)액티브,52475,2,45,0.09,52499.0,-1.1408,131,6,9792,2026-08-19 01:00:50
0117V0,2,TIGER 코리아AI전력기기TOP3플러스,18340,5,-760,-3.98,18365.0,-28.1003,572176,10302,9757,2026-08-19 01:00:50
402970,4,ACE 미국배당다우존스,15625,2,30,0.19,15624.0,3.0112,91942,1441,9703,2026-08-19 01:00:50
438100,7,ACE 미국나스닥100미국채혼합50액티브,15475,5,-135,-0.86,15480.0,-4.1744,111780,1732,9424,2026-08-19 01:00:50
295040,1,SOL 200TR,38225,5,-2495,-6.13,38285.0,-7.7168,40168,1530,9403,2026-08-19 01:00:50
315930,2,KODEX Top5PlusTR,76755,5,-4930,-6.04,76942.0,-6.5229,14335,1097,9364,2026-08-19 01:00:50
494310,2,KODEX 반도체레버리지,68575,5,-7635,-10.02,68420.0,-44.3479,1606487,108319,9258,2026-08-19 01:00:50
237350,1,KODEX 코스피100,81410,5,-5270,-6.08,81413.0,-7.9232,121845,9884,9240,2026-08-19 01:00:50
495050,1,RISE 코리아밸류업,30900,5,-1755,-5.37,30942.0,-7.4422,69132,2127,9193,2026-08-19 01:00:50
0117L0,6,KODEX 26-12 금융채(AA-이상)액티브,10145,5,-5,-0.05,10146.0,0.6445,165,1,8910,2026-08-19 01:00:50
305540,2,TIGER 2차전지테마,17825,5,-75,-0.42,17848.0,-25.88,138779,2430,8770,2026-08-19 01:00:50
0195R0,2,TIGER 삼성전자단일종목레버리지,10115,5,-1705,-14.42,10163.0,,1537075,15593,8663,2026-08-19 01:00:50
487340,6,ACE 머니마켓액티브,105720,2,5,0.0,105724.0,0.8634,5734,606,8117,2026-08-19 01:00:50
153130,6,KODEX 단기채권,113180,5,-15,-0.01,113195.0,0.6335,1675,189,8023,2026-08-19 01:00:50
114800,3,KODEX 인버스,1090,2,64,6.24,1089.0,-9.0426,412304746,449773,7950,2026-08-19 01:00:50
371460,4,TIGER 차이나전기차SOLACTIVE,10860,5,-25,-0.23,10946.0,-22.0831,14043,152,7889,2026-08-19 01:00:50
498410,2,KODEX 금융고배당TOP10타겟위클리커버드콜,11460,5,-185,-1.59,11455.0,0.7873,813548,9245,7873,2026-08-19 01:00:50
0025N0,7,TIGER TDF2045 적격,12195,5,-65,-0.53,12199.0,-0.7288,192752,2354,7835,2026-08-19 01:00:50
0048J0,6,KODEX 미국머니마켓액티브,14075,5,-40,-0.28,14075.0,-4.9497,163547,2305,7785,2026-08-19 01:00:50
0177R0,2,TIGER 반도체TOP10커버드콜액티브,10515,5,-800,-7.07,10526.0,-9.1584,1369066,14323,7771,2026-08-19 01:00:50
475720,3,RISE 200위클리커버드콜,12030,5,-650,-5.13,12018.0,-9.2531,338365,4051,7747,2026-08-19 01:00:50
476550,6,TIGER 미국30년국채커버드콜액티브(H),6780,2,25,0.37,6780.0,-1.753,439012,2977,7729,2026-08-19 01:00:50
490590,4,RISE 미국AI밸류체인데일리고정커버드콜,14220,5,-415,-2.84,14286.0,-4.22,188295,2679,7643,2026-08-19 01:00:50
466940,2,TIGER 은행고배당플러스TOP10,25540,5,-575,-2.2,25565.0,6.2793,273828,6953,7636,2026-08-19 01:00:50
481060,6,KODEX 미국30년국채타겟커버드콜(합성 H),7357,2,67,0.92,7381.0,-1.7793,240497,1765,7618,2026-08-19 01:00:50
441800,1,TIME Korea플러스배당액티브,27500,5,-1355,-4.7,27507.0,-14.1205,89310,2440,7590,2026-08-19 01:00:50
144600,5,KODEX 은선물(H),10255,5,-390,-3.66,10263.0,-14.0146,151571,1554,7589,2026-08-19 01:00:50
457480,4,ACE 테슬라밸류체인액티브,18440,5,-275,-1.47,18537.0,-21.4975,42970,791,7588,2026-08-19 01:00:50
252670,3,KODEX 200선물인버스2X,88,2,9,11.39,88.0,-31.8966,3537632011,310930,7516,2026-08-19 01:00:50
0061Z0,6,RISE 단기특수은행채액티브,50950,2,5,0.01,50944.0,0.7216,734,37,7276,2026-08-19 01:00:50
272580,6,TIGER 단기채권액티브,57035,3,0,0.0,57032.0,0.6973,7217,411,7229,2026-08-19 01:00:50
458760,4,TIGER 미국배당다우존스타겟커버드콜2호,11310,2,30,0.27,11295.0,3.171,64700,733,7137,2026-08-19 01:00:50
069660,1,KIWOOM 200,101870,5,-6600,-6.08,102157.0,-7.5349,67995,6910,7131,2026-08-19 01:00:50
102970,2,KODEX 증권,17875,5,-760,-4.08,17913.0,-31.7585,429096,7602,6962,2026-08-19 01:00:50
0127P0,4,ACE 미국대형성장주액티브,10825,5,-125,-1.14,10820.0,-2.7867,112,1,6950,2026-08-19 01:00:50
385560,6,RISE KIS국고채30년Enhanced,49665,5,-160,-0.32,49717.0,-10.8836,10192,507,6929,2026-08-19 01:00:50
456610,6,TIGER 미국달러SOFR금리액티브(합성),60975,5,-210,-0.34,61019.0,-4.9259,20977,1279,6921,2026-08-19 01:00:50
462330,2,KODEX 2차전지산업레버리지,973,5,-12,-1.22,976.0,-53.4279,22883595,21532,6824,2026-08-19 01:00:50
138540,2,TIGER 현대차그룹플러스,51540,5,-2020,-3.77,51579.0,-22.4499,74942,3822,6638,2026-08-19 01:00:50
364980,2,TIGER 2차전지TOP10,9770,5,-40,-0.41,9780.0,-23.1192,812221,7794,6565,2026-08-19 01:00:50
0148J0,2,TIGER 코리아휴머노이드로봇산업,9790,5,-45,-0.46,9818.0,-27.1212,3197338,31132,6559,2026-08-19 01:00:50
367760,2,RISE 네트워크인프라,55800,5,-2740,-4.68,55879.0,-2.4659,168064,9339,6557,2026-08-19 01:00:50
434730,2,HANARO 원자력iSelect,55440,5,-2630,-4.53,55525.0,-25.8602,52866,2888,6542,2026-08-19 01:00:50
482730,4,TIGER 미국S&P500타겟데일리커버드콜,12135,5,-85,-0.7,12120.0,-0.9897,76923,934,6498,2026-08-19 01:00:50
491010,4,TIGER 글로벌AI전력인프라액티브,25850,5,-1660,-6.03,25945.0,-14.8561,73598,1911,6491,2026-08-19 01:00:50
314250,4,KODEX 미국빅테크10(H),61190,2,25,0.04,61210.0,6.3308,11315,690,6486,2026-08-19 01:00:50
495850,1,KODEX 코리아밸류업,30685,5,-1655,-5.12,30740.0,-7.9317,124230,3801,6459,2026-08-19 01:00:50
418660,4,TIGER 미국나스닥100레버리지(합성),41465,5,-1125,-2.64,41593.0,-8.4972,66949,2783,6406,2026-08-19 01:00:50
434060,7,KODEX TDF2050액티브 적격,17100,5,-190,-1.1,17000.0,-3.6049,40486,692,6353,2026-08-19 01:00:50
329750,6,TIGER 미국달러단기채권액티브,13295,5,-45,-0.34,13297.0,-5.0872,69030,919,6344,2026-08-19 01:00:50
0167B0,2,SOL 200타겟위클리커버드콜,11240,5,-695,-5.82,11236.0,-8.3926,403830,4523,6317,2026-08-19 01:00:50
290130,2,RISE ESG사회책임투자,44150,5,-2895,-6.15,44180.0,-7.0992,18472,813,6269,2026-08-19 01:00:50
0015B0,4,KoAct 미국나스닥성장기업액티브,18885,5,-635,-3.25,19005.0,-11.6743,320048,6049,6185,2026-08-19 01:00:50
396520,4,TIGER 차이나반도체FACTSET,14950,5,-210,-1.39,15209.0,3.4812,151623,2268,6177,2026-08-19 01:00:50
423920,4,TIGER 미국필라델피아반도체레버리지(합성),88305,5,-8315,-8.61,89310.0,-9.486,18708,1653,6058,2026-08-19 01:00:50
0101N0,2,RISE AI전력인프라,19150,5,-230,-1.19,19166.0,-25.3898,250320,4647,6032,2026-08-19 01:00:50
489250,4,KODEX 미국배당다우존스,13225,2,25,0.19,13221.0,3.0562,43964,582,5951,2026-08-19 01:00:50
371160,4,TIGER 차이나항셍테크,7250,5,-60,-0.82,7301.0,-7.4592,70179,509,5920,2026-08-19 01:00:50
251600,7,PLUS 고배당주채권혼합,15320,5,-150,-0.97,15327.0,-1.8923,71036,1087,5914,2026-08-19 01:00:50
484790,6,KODEX 미국30년국채액티브(H),8195,2,50,0.61,8187.0,-1.5465,305507,2503,5895,2026-08-19 01:00:50
466950,4,TIGER 글로벌AI액티브,31065,5,-1495,-4.59,31202.0,-9.392,77671,2411,5775,2026-08-19 01:00:50
494670,2,TIGER 조선TOP10,22050,5,-940,-4.09,22094.0,-20.1875,210087,4588,5711,2026-08-19 01:00:50
449190,4,KODEX 미국나스닥100(H),22155,5,-230,-1.03,22197.0,2.4787,83223,1840,5650,2026-08-19 01:00:50
0019K0,7,TIME 미국나스닥100채권혼합50액티브,13385,5,-250,-1.83,13429.0,-1.9065,183689,2461,5615,2026-08-19 01:00:50
0007F0,6,KODEX 27-12 회사채(AA-이상)액티브,10175,5,-5,-0.05,10179.0,0.6923,7,0,5540,2026-08-19 01:00:50
455030,6,KODEX 미국달러SOFR금리액티브(합성),12100,5,-20,-0.17,12094.0,-4.9792,21199,256,5495,2026-08-19 01:00:50
491620,4,RISE 미국테크100데일리고정커버드콜,10815,5,-85,-0.78,10833.0,-2.9206,188778,2041,5440,2026-08-19 01:00:50
463250,2,TIGER K방산&우주,35895,5,-920,-2.5,35954.0,-16.8868,536111,19362,5438,2026-08-19 01:00:50
438330,6,TIGER 우량회사채액티브,115390,2,5,0.0,115488.0,0.6849,4509,520,5364,2026-08-19 01:00:50
477050,6,PLUS 머니마켓액티브,53455,2,5,0.01,53458.0,0.83,1567,83,5341,2026-08-19 01:00:50
0219E0,2,KODEX 200커버드콜액티브,8015,5,-520,-6.09,8013.0,,2931342,23443,5306,2026-08-19 01:00:50
0105E0,2,SOL 코리아고배당,12750,5,-245,-1.89,12750.0,-4.5028,213015,2699,5298,2026-08-19 01:00:50
365780,6,ACE 국고채10년,82090,2,25,0.03,82110.0,0.0182,1161,95,5283,2026-08-19 01:00:50
0091P0,2,TIGER 코리아원자력,15320,5,-585,-3.68,15340.0,-29.6862,543710,8252,5216,2026-08-19 01:00:50
0190C0,2,RISE 현대차고정피지컬AI,8720,5,-270,-3.0,8726.0,-23.0967,456657,3943,5210,2026-08-19 01:00:50
114260,6,KODEX 국고채3년,61690,5,-55,-0.09,61700.0,0.8328,2063,127,5108,2026-08-19 01:00:50
251350,4,KODEX MSCI선진국,39862,5,-358,-0.89,39859.0,0.23,7449,297,5102,2026-08-19 01:00:50
462010,2,TIGER 2차전지소재Fn,4655,5,-40,-0.85,4662.0,-33.8267,1217659,5577,5051,2026-08-19 01:00:50
444200,2,SOL 코리아메가테크액티브,44265,5,-2600,-5.55,44246.0,-15.1995,23592,1038,5046,2026-08-19 01:00:50
488080,3,TIGER 반도체TOP10레버리지,30000,5,-4490,-13.02,30003.0,-53.8287,2524017,74867,4995,2026-08-19 01:00:50
496080,1,TIGER 코리아밸류업,30790,5,-1635,-5.04,30825.0,-7.6135,105036,3215,4973,2026-08-19 01:00:50
435420,7,TIGER 미국나스닥100채권혼합50,14137,5,-118,-0.83,14153.0,-0.9969,70157,992,4934,2026-08-19 01:00:50
315960,2,RISE 대형고배당10TR,73655,5,-4965,-6.32,73688.0,-9.5647,41735,3056,4861,2026-08-19 01:00:50
476800,7,KODEX 한국부동산리츠인프라,4220,5,-10,-0.24,4221.0,-4.5634,215516,906,4828,2026-08-19 01:00:50
490490,7,SOL 미국배당미국채혼합50,11340,2,15,0.13,11328.0,-1.4896,81194,923,4808,2026-08-19 01:00:50
499660,7,TIGER CD금리플러스액티브(합성),1001752,2,87,0.01,1001751.0,0.7624,5168,5177,4794,2026-08-19 01:00:50
0162M0,6,KODEX 금융채1~2년(AA-이상)PLUS액티브,10065,2,5,0.05,10061.0,0.7511,1461,14,4652,2026-08-19 01:00:50
0163Y0,1,KoAct 코스닥액티브,8925,5,-55,-0.61,8924.0,-26.9325,263704,2304,4641,2026-08-19 01:00:50
361580,1,RISE 200TR,57980,5,-3750,-6.07,58044.0,-8.1741,40539,2344,4638,2026-08-19 01:00:50
483280,4,KODEX 미국AI테크TOP10타겟커버드콜,11775,5,-185,-1.55,11797.0,-8.6286,53205,627,4628,2026-08-19 01:00:50
471230,6,KODEX 국고채10년액티브,103360,2,100,0.1,103350.0,-0.092,3361,347,4618,2026-08-19 01:00:50
448290,4,TIGER 미국S&P500(H),17805,5,-50,-0.28,17808.0,4.444,32075,570,4585,2026-08-19 01:00:50
473290,6,KODEX 26-12 회사채(AA-이상)액티브,10872,5,-3,-0.03,10871.0,0.741,1696,18,4515,2026-08-19 01:00:50
243880,2,TIGER 200IT레버리지,296350,5,-41655,-12.32,296537.0,-32.399,90469,26618,4371,2026-08-19 01:00:50
447770,7,TIGER 테슬라채권혼합Fn,13580,5,-20,-0.15,13603.0,-6.0396,15418,209,4346,2026-08-19 01:00:50
451000,6,PLUS 종합채권(AA-이상)액티브,106795,3,0,0.0,106629.0,-0.891,0,0,4284,2026-08-19 01:00:50
277630,1,TIGER 코스피,67630,5,-3920,-5.48,67646.0,-8.7847,36202,2447,4261,2026-08-19 01:00:50
0023A0,4,SOL 미국양자컴퓨팅TOP10,25525,5,-1165,-4.36,25745.0,-13.5267,45342,1156,4250,2026-08-19 01:00:50
474220,4,TIGER 미국테크TOP10타겟커버드콜,14960,5,-60,-0.4,14968.0,-7.6866,13681,204,4226,2026-08-19 01:00:50
148070,6,KIWOOM 국고채10년,104000,5,-15,-0.01,104058.0,0.048,1067,111,4212,2026-08-19 01:00:50
0016X0,6,SOL 중단기회사채(A-이상)액티브,51425,3,0,0.0,51423.0,0.8926,239,12,4200,2026-08-19 01:00:50
293180,1,HANARO 200,102160,5,-6745,-6.19,102464.0,-7.5229,16189,1647,4189,2026-08-19 01:00:50
091180,2,KODEX 자동차,29270,5,-1090,-3.59,29304.0,-17.189,148434,4325,4142,2026-08-19 01:00:50
451060,1,1Q 200액티브,32595,5,-2210,-6.35,32704.0,-8.3962,30922,1009,4107,2026-08-19 01:00:50
0173Y0,4,KODEX 미국AI광통신네트워크,11600,5,-1100,-8.66,11659.0,-13.1465,641946,7439,4089,2026-08-19 01:00:50
480260,6,TIGER 27-04회사채(A+이상)액티브,53760,2,15,0.03,53755.0,0.5801,1453,78,4050,2026-08-19 01:00:50
0131V0,4,1Q 미국우주항공테크,12355,2,75,0.61,12461.0,-14.3655,33463,413,4046,2026-08-19 01:00:50
0060H0,1,TIGER 토탈월드스탁액티브,12935,5,-110,-0.84,12916.0,-0.1808,16087,208,3997,2026-08-19 01:00:50
0167Z0,4,KODEX 미국우주항공,8775,5,-265,-2.93,8855.0,-27.9173,271164,2382,3984,2026-08-19 01:00:50
426020,4,TIME 미국S&P500액티브,32322,5,-513,-1.56,32397.0,-3.5542,17305,561,3950,2026-08-19 01:00:50
471990,2,KODEX AI반도체핵심장비,23960,2,60,0.25,23994.0,-19.558,1118623,26387,3929,2026-08-19 01:00:50
469070,2,RISE AI&로봇,11685,5,-95,-0.81,11694.0,-25.1826,391865,4545,3920,2026-08-19 01:00:50
241180,4,TIGER 일본니케이225,34975,5,-930,-2.59,35019.0,4.924,10677,373,3889,2026-08-19 01:00:50
462900,2,KoAct 바이오헬스케어액티브,14460,2,45,0.31,14493.0,-19.5368,415230,5946,3825,2026-08-19 01:00:50
458250,6,TIGER 미국30년국채스트립액티브(합성 H),33700,2,215,0.64,33815.0,-4.8181,29862,1007,3775,2026-08-19 01:00:50
439870,6,KODEX 국고채30년액티브,84530,5,-325,-0.38,84603.0,-8.2054,4292,363,3767,2026-08-19 01:00:50
0043Y0,4,TIME 차이나AI테크액티브,21130,5,-345,-1.61,21042.0,-0.0698,41820,885,3761,2026-08-19 01:00:50
496020,6,WON 전단채플러스액티브,52400,2,5,0.01,52398.0,0.9051,2324,121,3713,2026-08-19 01:00:50
385720,1,TIME 코스피액티브,24095,5,-1285,-5.06,24106.0,-10.8379,28916,696,3711,2026-08-19 01:00:50
484880,2,SOL 금융지주플러스고배당,21685,5,-585,-2.63,21709.0,6.9049,340944,7351,3643,2026-08-19 01:00:50
0080G0,2,KODEX 방산TOP10,10860,5,-280,-2.51,10886.0,-15.4608,2684603,29382,3627,2026-08-19 01:00:50
439860,6,KODEX ESG종합채권(A-이상)액티브,113475,2,50,0.04,113500.0,0.4383,30,3,3556,2026-08-19 01:00:50
0040Y0,7,SOL 팔란티어커버드콜OTM채권혼합,8145,5,-20,-0.24,8157.0,1.3248,90578,736,3551,2026-08-19 01:00:50
453810,4,KODEX 인도Nifty50,11945,5,-65,-0.54,11983.0,-2.2364,23904,285,3536,2026-08-19 01:00:50
448300,4,TIGER 미국나스닥100(H),22885,5,-230,-1.0,22922.0,2.5348,43241,987,3501,2026-08-19 01:00:50
0144L0,4,KODEX 미국성장커버드콜액티브,9735,5,-150,-1.52,9762.0,-3.796,55925,545,3495,2026-08-19 01:00:50
476760,6,ACE 미국30년국채액티브,9000,2,5,0.06,9007.0,-7.5761,209260,1889,3474,2026-08-19 01:00:50
132030,5,KODEX 골드선물(H),24365,5,-335,-1.36,24362.0,-3.9098,16986,414,3460,2026-08-19 01:00:50
0026S0,4,1Q 미국S&P500,13120,5,-80,-0.61,13126.0,-1.2376,38403,504,3451,2026-08-19 01:00:50
385550,6,RISE 단기채권알파액티브,114010,2,5,0.0,114006.0,0.6888,145,16,3450,2026-08-19 01:00:50
0046A0,6,TIGER 미국초단기(3개월이하)국채,9730,5,-40,-0.41,9741.0,-5.1912,158812,1548,3426,2026-08-19 01:00:50
456880,7,ACE 미국달러SOFR금리(합성),12340,5,-45,-0.36,12354.0,-5.0231,4720,58,3403,2026-08-19 01:00:50
0052D0,2,TIGER 코리아배당다우존스,15340,5,-355,-2.26,15347.0,-3.3141,45545,694,3398,2026-08-19 01:00:50
279530,2,KODEX 고배당주,17420,5,-345,-1.94,17449.0,-1.8846,58134,1008,3397,2026-08-19 01:00:50
474590,2,WON 반도체밸류체인액티브,42240,5,-2055,-4.64,42227.0,-1.0168,17203,720,3379,2026-08-19 01:00:50
472170,7,TIGER 미국테크TOP10채권혼합,13910,5,-90,-0.64,13912.0,-4.4043,25191,350,3359,2026-08-19 01:00:50
310960,1,TIGER 200TR,59730,5,-3690,-5.82,59825.0,-7.7192,6754,402,3345,2026-08-19 01:00:50
442570,7,RISE TDF2050액티브 적격,17555,5,-260,-1.46,17431.0,-0.9018,26173,459,3274,2026-08-19 01:00:50
270810,1,RISE 코스닥150,14190,2,70,0.5,14212.0,-23.0937,81681,1136,3261,2026-08-19 01:00:50
0052S0,7,1Q 미국S&P500미국채혼합50액티브,11790,5,-50,-0.42,11796.0,-3.2146,37018,437,3254,2026-08-19 01:00:50
385510,2,KODEX 신재생에너지액티브,38195,5,-85,-0.22,38189.0,-27.5275,39920,1489,3208,2026-08-19 01:00:50
448630,7,RISE 삼성그룹Top3채권혼합,15055,5,-170,-1.12,15063.0,1.6016,111526,1673,3207,2026-08-19 01:00:50
0182R0,2,1Q K반도체TOP2+,9830,5,-730,-6.91,9853.0,-21.3994,1864995,18320,3180,2026-08-19 01:00:50
0111P0,7,1Q 미국나스닥100미국채혼합50액티브,10985,5,-95,-0.86,10996.0,-4.0574,49418,543,3065,2026-08-19 01:00:50
0008S0,4,TIGER 미국배당다우존스타겟데일리커버드콜,10195,2,15,0.15,10199.0,2.9708,99944,1019,3033,2026-08-19 01:00:50
475300,2,SOL 반도체전공정,21040,5,-295,-1.38,21018.0,-8.5905,879126,18173,3019,2026-08-19 01:00:50
485540,4,KODEX 미국AI테크TOP10,15095,5,-240,-1.57,15118.0,-8.6249,86733,1310,2981,2026-08-19 01:00:50
0038A0,4,KODEX 미국휴머노이드로봇,15435,5,-345,-2.19,15471.0,-12.1273,35396,546,2948,2026-08-19 01:00:50
453870,4,TIGER 인도니프티50,11760,5,-60,-0.51,11774.0,-2.4748,14508,170,2946,2026-08-19 01:00:50
0210A0,2,ACE K반도체TOP2+,6790,5,-485,-6.67,6800.0,,1783084,12081,2943,2026-08-19 01:00:50
190620,6,ACE 단기통안채,101895,3,0,0.0,101902.0,0.6569,109,11,2939,2026-08-19 01:00:50
433330,4,SOL 미국S&P500,22420,5,-145,-0.64,22418.0,-1.1195,31154,700,2937,2026-08-19 01:00:50
483320,4,ACE 엔비디아밸류체인액티브,24560,5,-1325,-5.12,24619.0,-0.3657,29061,713,2935,2026-08-19 01:00:50
489030,2,PLUS 고배당주위클리커버드콜,6395,5,-55,-0.85,6403.0,-10.6711,259695,1653,2910,2026-08-19 01:00:50
454780,6,KIWOOM 종합채권(AA-이상)액티브,99015,2,120,0.12,98996.0,-1.263,2,0,2880,2026-08-19 01:00:50
441680,7,TIGER 미국나스닥100커버드콜(합성),10905,2,5,0.05,10952.0,-1.6265,20909,227,2868,2026-08-19 01:00:50
475080,7,KODEX 테슬라커버드콜채권혼합액티브,7865,5,-35,-0.44,7870.0,-5.3175,42370,333,2859,2026-08-19 01:00:50
461490,7,RISE 글로벌자산배분액티브,14735,5,-75,-0.51,14723.0,-1.5947,19221,283,2851,2026-08-19 01:00:50
481190,4,SOL 미국테크TOP10,16780,5,-155,-0.92,16795.0,-8.9517,12906,216,2844,2026-08-19 01:00:50
473330,6,SOL 미국30년국채커버드콜(합성),8110,2,20,0.25,8122.0,-7.5505,94015,763,2830,2026-08-19 01:00:50
364970,2,TIGER 바이오TOP10,7590,2,15,0.2,7609.0,2.5727,322659,2416,2820,2026-08-19 01:00:50
273140,6,KODEX 단기변동금리부채권액티브,114585,2,25,0.02,114572.0,0.5641,1149,131,2804,2026-08-19 01:00:50
136340,6,RISE 중기우량회사채,104165,5,-45,-0.04,104157.0,0.6739,63,6,2769,2026-08-19 01:00:50
0053L0,4,TIGER 차이나휴머노이드로봇,10635,5,-90,-0.84,10716.0,-21.6189,50266,536,2760,2026-08-19 01:00:50
478150,4,TIME 글로벌우주테크&방산액티브,21365,5,-180,-0.84,21366.0,-4.5838,21829,466,2756,2026-08-19 01:00:50
0094K0,6,TIGER 28-04 회사채(A+이상)액티브,99535,5,-25,-0.03,99525.0,0.7896,861,85,2755,2026-08-19 01:00:50
307520,2,TIGER 지주회사,21475,5,-925,-4.13,21465.0,-10.6391,188841,4019,2738,2026-08-19 01:00:50
091170,2,KODEX 은행,15617,5,-428,-2.67,15647.0,9.6036,587305,9124,2725,2026-08-19 01:00:50
421320,2,PLUS 우주항공,29085,5,-680,-2.28,29074.0,-38.2597,31691,923,2690,2026-08-19 01:00:50
0162Y0,1,TIME 코스닥액티브,7540,2,35,0.47,7526.0,-28.7613,201584,1478,2684,2026-08-19 01:00:50
497880,6,SOL CD금리&머니마켓액티브,50120,3,0,0.0,50124.0,0.8424,39163,1962,2664,2026-08-19 01:00:50
471040,4,KoAct 글로벌AI&로봇액티브,29150,5,-895,-2.98,29238.0,-10.0988,8952,260,2653,2026-08-19 01:00:50
283580,4,KODEX 차이나CSI300,15910,5,-45,-0.28,15937.0,-5.7659,10171,162,2649,2026-08-19 01:00:50
196230,6,RISE 단기통안채,116795,5,-10,-0.01,116833.0,0.5985,260,30,2643,2026-08-19 01:00:50
0119H0,6,KODEX 28-12 회사채(AA-이상)액티브,9915,5,-20,-0.2,9919.0,0.8629,2941,29,2642,2026-08-19 01:00:50
409820,4,KODEX 미국나스닥100레버리지(합성 H),19950,5,-410,-2.01,20021.0,3.3502,32437,645,2574,2026-08-19 01:00:50
213610,2,KODEX 삼성그룹밸류,21545,5,-990,-4.39,21531.0,0.6925,4131,88,2564,2026-08-19 01:00:50
471780,2,TIGER 코리아테크액티브,33480,5,-1810,-5.13,33474.0,-9.1635,40342,1343,2558,2026-08-19 01:00:50
483340,4,ACE 구글밸류체인액티브,22310,5,-1025,-4.39,22411.0,-5.3347,30971,691,2543,2026-08-19 01:00:50
423170,4,SOL 글로벌AI반도체탑픽액티브,55985,5,-3040,-5.15,56015.0,-1.6087,5513,309,2531,2026-08-19 01:00:50
0098F0,2,KODEX 원자력SMR,14435,5,-560,-3.73,14445.0,-27.3146,122798,1749,2519,2026-08-19 01:00:50
472920,6,HK 종합채권(AA-이상)액티브,97500,3,0,0.0,97433.0,-0.7382,0,0,2515,2026-08-19 01:00:50
139230,2,TIGER 200 중공업,12770,5,-600,-4.49,12796.0,-24.4907,48525,614,2511,2026-08-19 01:00:50
0228G0,2,ACE 반도체Plus전략산업,9837,5,-538,-5.19,9856.0,,333440,3277,2464,2026-08-19 01:00:50
123320,3,TIGER 레버리지,97740,5,-13600,-12.21,97695.0,-29.1618,65684,6379,2444,2026-08-19 01:00:50
493810,4,TIGER 미국AI빅테크10타겟데일리커버드콜,11455,5,-80,-0.69,11459.0,-6.8484,30589,350,2440,2026-08-19 01:00:50
495230,1,KoAct 코리아밸류업액티브,29670,5,-1695,-5.4,29704.0,-10.6424,15505,457,2403,2026-08-19 01:00:50
414780,4,TIGER 차이나과창판STAR50(합성),15160,5,-90,-0.59,15431.0,-1.0383,48047,731,2373,2026-08-19 01:00:50
261260,7,KODEX 미국달러선물인버스2X,5145,2,45,0.88,5146.0,11.9648,149254,765,2372,2026-08-19 01:00:50
448540,7,ACE 엔비디아채권혼합,26590,5,-130,-0.49,26599.0,-1.5838,7886,209,2367,2026-08-19 01:00:50
0183V0,7,KIWOOM 삼성전자&SK하이닉스채권혼합50,11260,5,-450,-3.84,11271.0,0.3799,309374,3484,2365,2026-08-19 01:00:50
245710,4,ACE 베트남VN30(합성),28050,5,-75,-0.27,28396.0,-12.6146,10513,295,2356,2026-08-19 01:00:50
486450,4,SOL 미국AI전력인프라,20190,5,-855,-4.06,20272.0,-14.3468,21396,432,2342,2026-08-19 01:00:50
329650,7,KODEX TRF3070,14140,5,-25,-0.18,14156.0,-0.8055,3512,49,2333,2026-08-19 01:00:50
472160,4,TIGER 미국테크TOP10 INDXX(H),18495,5,-115,-0.62,18507.0,-4.2696,8255,152,2330,2026-08-19 01:00:50
228790,2,TIGER 화장품,4395,2,35,0.8,4403.0,17.2043,2488405,10852,2325,2026-08-19 01:00:50
363570,6,KODEX 장기종합채권(AA-이상)액티브,85380,2,310,0.36,85280.0,-3.2911,95,8,2322,2026-08-19 01:00:50
388420,2,RISE 비메모리반도체액티브,25850,5,-1245,-4.59,25875.0,-17.5547,89460,2292,2306,2026-08-19 01:00:50
488980,6,SOL 26-12 회사채(AA-이상)액티브,52060,5,-5,-0.01,52069.0,0.6962,100,5,2304,2026-08-19 01:00:50
437080,6,KODEX 미국종합채권ESG액티브(H),97060,2,155,0.16,97049.0,-0.4099,383,37,2286,2026-08-19 01:00:50
498270,4,KIWOOM 미국양자컴퓨팅,15220,5,-490,-3.12,15299.0,1.6912,31270,475,2275,2026-08-19 01:00:50
0092C0,6,SOL 27-12 회사채(AA-이상)액티브,50220,3,0,0.0,50227.0,0.722,0,0,2272,2026-08-19 01:00:50
458260,6,TIGER 미국투자등급회사채액티브(H),46340,2,160,0.35,46294.0,-0.9561,514,23,2261,2026-08-19 01:00:50
442320,4,RISE 글로벌원자력,35810,5,-1225,-3.31,35618.0,-16.933,3127,111,2252,2026-08-19 01:00:50
157500,2,TIGER 증권,12155,5,-525,-4.14,12177.0,-31.2452,233107,2804,2249,2026-08-19 01:00:50
363580,2,KODEX 200IT TR,52210,5,-3485,-6.26,52197.0,-1.6598,60210,3129,2245,2026-08-19 01:00:50
452360,4,SOL 미국배당다우존스(H),13520,2,80,0.6,13512.0,9.0119,43091,581,2244,2026-08-19 01:00:50
0182S0,7,1Q K반도체TOP2채권혼합50,11890,5,-450,-3.65,11906.0,-1.1218,103345,1229,2241,2026-08-19 01:00:50
244580,2,KODEX 바이오,8520,5,-55,-0.64,8537.0,-20.0467,281927,2367,2236,2026-08-19 01:00:50
463050,2,TIME K바이오액티브,13130,2,90,0.69,13120.0,-16.4639,139577,1821,2232,2026-08-19 01:00:50
305080,6,TIGER 미국채10년선물,12540,5,-5,-0.04,12539.0,-6.1003,15613,196,2220,2026-08-19 01:00:50
466930,2,SOL 자동차TOP3플러스,26515,5,-1160,-4.19,26542.0,-8.1328,173276,4575,2187,2026-08-19 01:00:50
0094M0,2,RISE 코리아밸류업위클리고정커버드콜,17010,5,-800,-4.49,17014.0,-6.3269,170813,2893,2160,2026-08-19 01:00:50
0151S0,4,KODEX 미국AI반도체TOP3플러스,15295,5,-675,-4.23,15383.0,-0.5525,21374,326,2149,2026-08-19 01:00:50
0089D0,2,KODEX 금융고배당TOP10,12935,5,-355,-2.67,12948.0,3.9846,102054,1308,2134,2026-08-19 01:00:50
490090,4,TIGER 미국AI빅테크10,15945,5,-120,-0.75,15956.0,-6.2993,6548,104,2113,2026-08-19 01:00:50
0204D0,2,KODEX 현대차로보틱스밸류체인TOP3플러스,6600,5,-290,-4.21,6617.0,,522986,3428,2099,2026-08-19 01:00:50
302450,1,RISE 코스피,67185,5,-3975,-5.59,67186.0,-8.2134,18106,1217,2083,2026-08-19 01:00:50
422420,2,RISE 2차전지액티브,6470,5,-50,-0.77,6470.0,-32.6862,61624,392,2078,2026-08-19 01:00:50
0047A0,4,TIGER 차이나테크TOP10,13695,5,-170,-1.23,13863.0,-4.6424,17295,237,2075,2026-08-19 01:00:50
0104N0,2,TIGER 200타겟위클리커버드콜,19690,5,-1160,-5.56,19717.0,-8.6119,25229,496,2067,2026-08-19 01:00:50
495060,1,TIME 코리아밸류업액티브,27255,5,-1490,-5.18,27259.0,-13.0784,24374,664,2044,2026-08-19 01:00:50
394670,4,TIGER 글로벌리튬&2차전지SOLACTIVE(합성),11530,5,-70,-0.6,11649.0,-16.1547,10497,120,2043,2026-08-19 01:00:50
266160,2,RISE 고배당,31295,5,-1840,-5.55,31262.0,-5.7626,13020,405,2003,2026-08-19 01:00:50
433500,2,ACE 원자력TOP10,51300,5,-2145,-4.01,51344.0,-30.681,9783,496,2001,2026-08-19 01:00:50
0115D0,2,KODEX 조선TOP10,7755,5,-325,-4.02,7763.0,-20.1582,613396,4722,1985,2026-08-19 01:00:50
332930,1,HANARO 200TR,133680,5,-8665,-6.09,134045.0,-7.739,1651,220,1938,2026-08-19 01:00:50
0005A0,4,KODEX 미국S&P500데일리커버드콜OTM,9690,5,-65,-0.67,9693.0,-1.469,74849,726,1938,2026-08-19 01:00:50
0069M0,4,1Q 미국나스닥100,13720,5,-195,-1.4,13746.0,-3.0333,18504,254,1935,2026-08-19 01:00:50
302190,6,TIGER 중장기국채,49945,2,50,0.1,49936.0,0.3116,289,14,1928,2026-08-19 01:00:50
0192Z0,6,TIGER 중기종합채권(A-이상)액티브,100860,2,60,0.06,100839.0,,102,10,1926,2026-08-19 01:00:50
429000,4,TIGER 미국S&P500배당귀족,13855,2,15,0.11,13824.0,5.0908,26761,371,1919,2026-08-19 01:00:50
480040,4,ACE 미국반도체데일리타겟커버드콜(합성),14960,5,-635,-4.07,15066.0,-7.4207,53921,807,1915,2026-08-19 01:00:50
0091C0,6,KODEX 미국10년국채액티브(H),9590,2,20,0.21,9582.0,-0.1082,15820,151,1909,2026-08-19 01:00:50
433980,7,KODEX TDF2040액티브 적격,16035,5,-160,-0.99,15998.0,-0.4749,15771,252,1884,2026-08-19 01:00:50
0082V0,7,KODEX TDF2060액티브 적격,11435,5,-165,-1.42,11380.0,-3.3653,29119,332,1852,2026-08-19 01:00:50
267770,3,TIGER 200선물레버리지,74070,5,-10530,-12.45,74188.0,-29.8333,24466,1814,1852,2026-08-19 01:00:50
495550,1,SOL 코리아밸류업TR,31380,5,-1790,-5.4,31430.0,-7.7715,5280,165,1836,2026-08-19 01:00:50
463290,6,1Q 단기금융채액티브,109135,5,-5,0.0,109144.0,0.7523,81,8,1802,2026-08-19 01:00:50
117700,2,KODEX 건설,6320,5,-175,-2.69,6328.0,-20.949,656468,4107,1795,2026-08-19 01:00:50
0040X0,7,SOL 팔란티어미국채커버드콜혼합,9620,5,-30,-0.31,9624.0,4.0469,75808,731,1789,2026-08-19 01:00:50
473460,4,KODEX 미국서학개미,23370,5,-445,-1.87,23454.0,-10.6421,12457,291,1788,2026-08-19 01:00:50
233160,3,TIGER 코스닥150 레버리지,7985,2,40,0.5,7970.0,-49.5236,1222846,9436,1785,2026-08-19 01:00:50
122090,1,PLUS 코스피50,76275,5,-5115,-6.28,76392.0,-7.8069,14207,1080,1762,2026-08-19 01:00:50
483290,4,KODEX 미국배당다우존스타겟커버드콜,10600,2,25,0.24,10599.0,3.2449,27536,292,1760,2026-08-19 01:00:50
200250,4,KIWOOM 인도Nifty50(합성),21885,5,-100,-0.45,21975.0,-2.6782,1890,41,1729,2026-08-19 01:00:50
0099L0,6,ACE 우량회사채(AA-이상)액티브,99590,2,40,0.04,99571.0,0.8969,19775,1969,1727,2026-08-19 01:00:50
490600,4,RISE 미국배당100데일리고정커버드콜,9300,2,20,0.22,9303.0,3.4955,65439,609,1711,2026-08-19 01:00:50
480020,4,ACE 미국빅테크7+데일리타겟커버드콜(합성),10390,5,-80,-0.76,10430.0,-13.2149,93233,969,1704,2026-08-19 01:00:50
472870,6,RISE 미국30년국채엔화노출(합성 H),6950,2,30,0.43,6986.0,-9.2499,199961,1392,1685,2026-08-19 01:00:50
0093A0,2,RISE AI반도체TOP10,30525,5,-1210,-3.81,30529.0,-14.2066,81364,2457,1679,2026-08-19 01:00:50
494330,2,ACE 라이프자산주주가치액티브,31890,5,-1425,-4.28,31872.0,11.681,18007,571,1674,2026-08-19 01:00:50
160580,5,TIGER 구리실물,16380,5,-670,-3.93,16669.0,4.0585,28014,460,1671,2026-08-19 01:00:50
0005G0,2,IBK K-AI반도체코어테크,48325,5,-2465,-4.85,48289.0,-0.9292,26512,1270,1667,2026-08-19 01:00:50
0180V0,4,ACE 미국우주테크액티브,8840,5,-195,-2.16,8883.0,-30.1778,111610,990,1662,2026-08-19 01:00:50
0051G0,4,SOL 미국원자력SMR,13540,5,-420,-3.01,13417.0,-10.9978,4281,57,1659,2026-08-19 01:00:50
461950,2,KODEX 2차전지핵심소재10,4715,5,-60,-1.26,4726.0,-33.1288,295701,1371,1643,2026-08-19 01:00:50
0048K0,4,KODEX 차이나휴머노이드로봇,9575,5,-25,-0.26,9639.0,-19.208,105938,1018,1637,2026-08-19 01:00:50
412570,2,TIGER 2차전지TOP10레버리지,1138,5,-17,-1.47,1148.0,-49.8916,3181214,3495,1625,2026-08-19 01:00:50
237370,7,KODEX 코리아배당성장채권혼합,15605,5,-65,-0.41,15601.0,-1.8081,15151,235,1623,2026-08-19 01:00:50
480030,4,ACE 미국500데일리타겟커버드콜(합성),10140,5,-50,-0.49,10132.0,-3.365,62042,628,1622,2026-08-19 01:00:50
0190G0,2,KODEX 반도체타겟위클리커버드콜,8255,5,-440,-5.06,8267.0,-14.9644,124850,1020,1618,2026-08-19 01:00:50
272560,6,RISE 단기국공채액티브,114790,3,0,0.0,114786.0,0.6753,1203,138,1602,2026-08-19 01:00:50
403790,1,MIDAS 코스피액티브,54535,5,-2975,-5.17,54566.0,-8.0356,302,16,1595,2026-08-19 01:00:50
332500,1,ACE 200TR,68895,5,-4155,-5.69,68690.0,-8.0091,34935,2388,1585,2026-08-19 01:00:50
494220,2,UNICORN SK하이닉스밸류체인액티브,44545,5,-2190,-4.69,44600.0,-5.4235,45347,1987,1581,2026-08-19 01:00:50
337160,2,KODEX 200ESG,44980,5,-3110,-6.47,44990.0,-3.9905,22183,992,1574,2026-08-19 01:00:50
143860,2,TIGER 헬스케어,38905,5,-170,-0.44,38919.0,-7.5367,14773,564,1572,2026-08-19 01:00:50
491820,2,HANARO 전력설비투자,42380,5,-1610,-3.66,42447.0,-30.2079,29973,1242,1568,2026-08-19 01:00:50
0064K0,5,KODEX 금액티브,12755,5,-245,-1.88,12779.0,-8.7079,44895,574,1568,2026-08-19 01:00:50
491610,6,1Q CD금리액티브(합성),104735,2,10,0.01,104729.0,0.7164,344,36,1553,2026-08-19 01:00:50
464240,6,KIWOOM 26-09회사채(AA-이상)액티브,52355,2,5,0.01,52364.0,0.6909,5,0,1544,2026-08-19 01:00:50
354500,1,ACE 코스닥150,14375,2,25,0.17,14432.0,-22.808,76257,1074,1524,2026-08-19 01:00:50
0127M0,4,ACE 미국대형가치주액티브,12660,5,-100,-0.78,12683.0,6.6684,3380,43,1513,2026-08-19 01:00:50
0104H0,7,KoAct 미국나스닥채권혼합50액티브,11890,5,-140,-1.16,11904.0,-5.1636,22499,267,1498,2026-08-19 01:00:50
219480,4,KODEX 미국S&P500선물(H),33170,5,-135,-0.41,33175.0,4.3716,1297,43,1493,2026-08-19 01:00:50
458210,7,KIWOOM CD금리액티브(합성),110475,2,25,0.02,110461.0,0.7112,194,21,1484,2026-08-19 01:00:50
0153K0,2,KODEX 주주환원고배당주,11905,5,-245,-2.02,11925.0,2.648,110868,1311,1476,2026-08-19 01:00:50
457990,2,PLUS 태양광&ESS,38170,2,600,1.6,38147.0,-18.8553,220484,8268,1470,2026-08-19 01:00:50
486830,6,HANARO 머니마켓액티브,53220,2,5,0.01,53227.0,0.7764,1580,84,1469,2026-08-19 01:00:50
245340,4,TIGER 미국다우존스30,36550,5,-165,-0.45,36542.0,2.7393,3137,114,1462,2026-08-19 01:00:50
152870,1,파워 200,103360,5,-6120,-5.59,103132.0,-7.7185,978,100,1447,2026-08-19 01:00:50
0041E0,4,KODEX 미국S&P500액티브,16470,5,-265,-1.58,16526.0,-4.1705,50839,840,1433,2026-08-19 01:00:50
0151P0,2,RISE 코리아전략산업액티브,14100,5,-805,-5.4,14092.0,-18.4334,131413,1840,1431,2026-08-19 01:00:50
481180,4,SOL 미국AI소프트웨어,16150,2,30,0.19,16176.0,17.6642,40944,662,1413,2026-08-19 01:00:50
138520,2,TIGER 삼성그룹,34680,5,-1760,-4.83,34660.0,1.0818,9698,333,1394,2026-08-19 01:00:50
0005D0,2,SOL 전고체배터리&실리콘음극재,13970,2,80,0.58,13989.0,-36.6333,360951,4964,1390,2026-08-19 01:00:50
192090,4,TIGER 차이나CSI300,12955,5,-25,-0.19,13043.0,-7.3519,6925,89,1373,2026-08-19 01:00:50
0168K0,2,TIGER 기술이전바이오액티브,6535,5,-15,-0.23,6542.0,-18.0738,840948,5428,1357,2026-08-19 01:00:50
451530,6,TIGER 국고채30년스트립액티브,33065,5,-150,-0.45,33242.0,-16.6709,6571,217,1354,2026-08-19 01:00:50
0131W0,6,1Q 단기특수은행채액티브,102020,2,5,0.0,102019.0,0.6958,2002,204,1345,2026-08-19 01:00:50
0184L0,6,PLUS 중기종합채권(A-이상)액티브,100485,3,0,0.0,100509.0,0.6964,0,0,1341,2026-08-19 01:00:50
304660,6,KODEX 미국30년국채울트라선물(H),7205,2,45,0.63,7203.0,-1.7833,4569,32,1340,2026-08-19 01:00:50
476450,6,KIWOOM 머니마켓액티브,52710,3,0,0.0,52713.0,0.7743,1026,54,1336,2026-08-19 01:00:50
476030,4,SOL 미국나스닥100,17380,5,-245,-1.39,17408.0,-2.8593,26278,457,1330,2026-08-19 01:00:50
495330,1,1Q 코리아밸류업,30640,5,-1570,-4.87,30604.0,-8.0461,4293,131,1318,2026-08-19 01:00:50
0074K0,2,KoAct K수출핵심기업TOP30액티브,16925,5,-480,-2.76,16934.0,-12.7788,19700,330,1312,2026-08-19 01:00:50
271050,5,KODEX WTI원유선물인버스(H),1991,5,-14,-0.7,1987.0,10.2253,310582,619,1311,2026-08-19 01:00:50
471760,2,TIGER AI반도체핵심공정,14235,5,-175,-1.21,14263.0,-28.9973,937677,13180,1288,2026-08-19 01:00:50
182480,7,TIGER 미국MSCI리츠(합성 H),13820,5,-150,-1.07,13962.0,4.794,1920,26,1285,2026-08-19 01:00:50
0176E0,4,RISE 미국AI전력인프라액티브,10310,5,-640,-5.84,10328.0,-13.5072,2691,27,1278,2026-08-19 01:00:50
463680,4,KODEX 미국S&P500테크놀로지,22530,5,-390,-1.7,22552.0,0.9523,6199,139,1273,2026-08-19 01:00:50
488720,7,WON 종합채권(AA-이상)액티브,48400,2,50,0.1,48354.0,-0.9526,5,0,1266,2026-08-19 01:00:50
411420,4,KODEX 미국나스닥AI테크액티브,26740,5,-535,-1.96,26750.0,-7.8839,3430,91,1257,2026-08-19 01:00:50
0181B0,4,HANARO 미국AI메모리반도체TOP4+,10255,5,-730,-6.65,10369.0,12.7244,126521,1291,1256,2026-08-19 01:00:50
447620,7,SOL 미국TOP5채권혼합50,15860,5,-35,-0.22,15881.0,-2.9313,35013,556,1253,2026-08-19 01:00:50
0123G0,4,TIGER 미국AI전력SMR,6485,5,-365,-5.33,6468.0,-15.951,31321,203,1252,2026-08-19 01:00:50
114820,6,TIGER 국채3년,104955,5,-45,-0.04,104956.0,0.7677,1323,138,1249,2026-08-19 01:00:50
0199C0,2,ACE 고배당주Plus커버드콜액티브,9040,5,-260,-2.8,9031.0,,463011,4157,1248,2026-08-19 01:00:50
0000Y0,6,HK 26-12 회사채(AA-이상)액티브,101745,2,10,0.01,101762.0,0.633,71,7,1231,2026-08-19 01:00:50
139220,2,TIGER 200 건설,7140,5,-340,-4.55,7145.0,-18.784,185494,1313,1231,2026-08-19 01:00:50
325010,2,KODEX 성장주,40750,5,-2195,-5.11,40780.0,-9.5038,1485,60,1223,2026-08-19 01:00:50
377990,2,TIGER Fn신재생에너지,24245,5,-355,-1.44,24264.0,-27.444,37697,895,1212,2026-08-19 01:00:50
0191W0,6,HANARO 중기종합채권(A-이상)액티브,100810,3,0,0.0,100817.0,,0,0,1210,2026-08-19 01:00:50
367770,2,RISE 수소경제테마,22920,5,-585,-2.49,22937.0,-21.9103,66075,1508,1203,2026-08-19 01:00:50
464930,4,TIGER 글로벌혁신블루칩TOP10,21640,2,90,0.42,21603.0,-1.8,15502,335,1201,2026-08-19 01:00:50
399110,4,SOL 미국S&P500ESG,21440,5,-185,-0.86,21430.0,0.1466,4139,88,1201,2026-08-19 01:00:50
372330,4,KODEX 차이나항셍테크,7255,5,-40,-0.55,7281.0,-7.112,9074,66,1197,2026-08-19 01:00:50
464310,4,TIGER 글로벌AI&로보틱스 INDXX,14355,5,-370,-2.51,14313.0,-13.0243,3954,56,1191,2026-08-19 01:00:50
0193G0,1,KoAct 코스피액티브,7965,5,-470,-5.57,7981.0,,36687,290,1191,2026-08-19 01:00:50
448100,1,WON 200,104985,5,-7030,-6.28,105276.0,-7.5612,73839,7733,1181,2026-08-19 01:00:50
488500,4,TIGER 미국S&P500동일가중,13020,5,-65,-0.5,13015.0,3.8714,19848,258,1172,2026-08-19 01:00:50
461500,6,HANARO 종합채권(AA-이상)액티브,104475,2,80,0.08,104396.0,-1.0287,343,35,1168,2026-08-19 01:00:50
309230,4,ACE 미국WideMoat동일가중,31685,2,40,0.13,31719.0,6.2808,2739,86,1166,2026-08-19 01:00:50
0092B0,2,SOL 한국원자력SMR,14200,5,-565,-3.83,14201.0,-28.7232,42933,602,1150,2026-08-19 01:00:50
0122W0,6,RISE 26-11 회사채(AA-이상)액티브,50950,2,10,0.02,50943.0,0.6421,6,0,1138,2026-08-19 01:00:50
491230,6,PLUS 국공채머니마켓액티브,52450,3,0,0.0,52446.0,0.7588,117,6,1138,2026-08-19 01:00:50
0000J0,2,PLUS 한화그룹주,29105,5,-295,-1.0,29149.0,-19.727,77322,2247,1135,2026-08-19 01:00:50
0135Y0,6,IBK 중기종합채권(AA-이상)액티브,100345,2,80,0.08,100307.0,0.6222,64,6,1131,2026-08-19 01:00:50
328370,1,PLUS 코스피TR,36455,5,-1940,-5.05,36451.0,-8.9195,6,0,1130,2026-08-19 01:00:50
0177X0,2,ACE K휴머노이드로봇산업TOP2+,10260,5,-90,-0.87,10269.0,-25.0815,248174,2520,1129,2026-08-19 01:00:50
0080Y0,2,SOL 조선TOP3플러스레버리지,8870,5,-800,-8.27,9273.0,-45.4751,219639,1924,1126,2026-08-19 01:00:50
319640,4,TIGER 골드선물(H),25585,5,-365,-1.41,25573.0,-4.1198,2304,58,1126,2026-08-19 01:00:50
0174B0,7,KoAct 글로벌AI메모리반도체액티브,14280,5,-820,-5.43,14347.0,6.7892,30331,430,1121,2026-08-19 01:00:50
168580,4,ACE 중국본토CSI300,35875,5,-90,-0.25,36022.0,-5.9985,623,22,1119,2026-08-19 01:00:50
304940,4,KODEX 미국나스닥100선물(H),32425,5,-370,-1.13,32463.0,2.3564,459,14,1119,2026-08-19 01:00:50
498180,6,파워 종합채권(AA-이상)액티브,92830,2,110,0.12,92767.0,-1.1883,16,1,1116,2026-08-19 01:00:50
0036R0,4,RISE 미국휴머노이드로봇,19615,5,-515,-2.56,19666.0,-4.3763,4507,88,1098,2026-08-19 01:00:50
469170,2,ACE 포스코그룹포커스,5440,5,-105,-1.89,5449.0,-30.2225,167835,902,1093,2026-08-19 01:00:50
332940,1,HANARO MSCI Korea TR,45365,5,-2760,-5.74,45362.0,-7.6828,57,2,1089,2026-08-19 01:00:50
0132K0,7,PLUS 테슬라위클리커버드콜채권혼합,7945,5,-5,-0.06,7975.0,-5.3986,47818,379,1084,2026-08-19 01:00:50
266370,2,KODEX IT,63490,5,-3670,-5.46,63544.0,-6.2797,38047,2401,1079,2026-08-19 01:00:50
394660,4,TIGER 글로벌자율주행&전기차SOLACTIVE,16415,5,-305,-1.82,16308.0,-14.036,1723,28,1077,2026-08-19 01:00:50
0137V0,4,KIWOOM 미국S&P500모멘텀,11810,5,-250,-2.07,11869.0,0.0495,23067,272,1075,2026-08-19 01:00:50
0221V0,6,IBK 초단기채권액티브,100300,2,10,0.01,100313.0,,50,5,1072,2026-08-19 01:00:50
438570,6,SOL 국고채10년,97800,2,265,0.27,97753.0,-0.2557,77,7,1067,2026-08-19 01:00:50
326240,2,RISE IT플러스,41640,5,-1965,-4.51,41553.0,-7.7436,3443,141,1066,2026-08-19 01:00:50
0193M0,6,BNK 27-12 특수채(AAA이상)액티브,50380,3,0,0.0,50349.0,,0,0,1065,2026-08-19 01:00:50
0209D0,2,KODEX 전고체배터리ESS TOP2플러스,7830,5,-40,-0.51,7833.0,,347548,2665,1061,2026-08-19 01:00:50
0091M0,6,HANARO 27-06 회사채(AA-이상)액티브,10155,3,0,0.0,10151.0,0.6442,4,0,1059,2026-08-19 01:00:50
261270,7,KODEX 미국달러선물인버스,7935,2,30,0.38,7948.0,6.1073,14418,114,1059,2026-08-19 01:00:50
465610,4,ACE 미국빅테크TOP7 Plus레버리지(합성),43395,5,-260,-0.6,43533.0,-11.0172,2577,111,1041,2026-08-19 01:00:50
0138Y0,7,PLUS 금채권혼합,9855,5,-90,-0.9,9869.0,-3.7271,50876,501,1035,2026-08-19 01:00:50
455860,2,SOL 2차전지소부장Fn,4345,5,-35,-0.8,4350.0,-34.0362,315987,1347,1034,2026-08-19 01:00:50
475280,6,ACE 8월만기자동연장회사채AA-이상액티브,10715,3,0,0.0,10724.0,0.7522,0,0,1032,2026-08-19 01:00:50
465780,6,마이티 26-09 특수채(AAA)액티브,106310,3,0,0.0,106308.0,0.6961,0,0,1024,2026-08-19 01:00:50
251340,3,KODEX 코스닥150선물인버스,2405,5,-5,-0.21,2416.0,12.6168,44767138,109757,1020,2026-08-19 01:00:50
0085P0,6,ACE 미국10년국채액티브,10000,5,-20,-0.2,9997.0,-5.6135,62548,627,1010,2026-08-19 01:00:50
203780,4,TIGER 미국나스닥바이오,35500,2,250,0.71,35506.0,12.0826,15965,567,1008,2026-08-19 01:00:50
114100,6,RISE 국고채3년,106495,5,-20,-0.02,106477.0,0.7676,21,2,1003,2026-08-19 01:00:50
496090,1,KIWOOM 코리아밸류업,30830,5,-1550,-4.79,30756.0,-7.9731,244,7,1002,2026-08-19 01:00:50
204480,4,TIGER 차이나CSI300레버리지(합성),26865,2,25,0.09,27173.0,-16.994,174,4,999,2026-08-19 01:00:50
0035T0,7,PLUS 글로벌휴머노이드로봇액티브,20075,5,-725,-3.49,20050.0,-12.1808,12548,251,984,2026-08-19 01:00:50
0142D0,4,TIGER 미국AI데이터센터TOP4Plus,10895,5,-780,-6.68,11023.0,-10.2614,92387,1007,981,2026-08-19 01:00:50
0052T0,6,1Q 중단기회사채(A-이상)액티브,50645,2,15,0.03,50667.0,0.7461,1,0,979,2026-08-19 01:00:50
476850,1,KoAct 배당성장액티브,20325,5,-1070,-5.0,20325.0,-6.6932,30328,612,955,2026-08-19 01:00:50
308620,6,KODEX 미국10년국채선물,11775,5,-25,-0.21,11816.0,-5.6378,8849,104,954,2026-08-19 01:00:50
475050,2,ACE KPOP포커스,6520,5,-60,-0.91,6522.0,-26.2332,251239,1609,952,2026-08-19 01:00:50
481430,6,RISE 국고채10년액티브,97685,2,20,0.02,97680.0,-0.0921,5,0,949,2026-08-19 01:00:50
473440,6,ACE 11월만기자동연장회사채AA-이상액티브,10845,2,10,0.09,10840.0,0.697,533,5,944,2026-08-19 01:00:50
195980,4,PLUS 신흥국MSCI(합성 H),14875,5,-295,-1.94,14949.0,3.691,1692,25,934,2026-08-19 01:00:50
433970,7,KODEX TDF2030액티브 적격,14130,5,-85,-0.6,14056.0,0.1492,4794,67,933,2026-08-19 01:00:50
0162L0,4,KODEX 차이나AI반도체TOP10,14305,5,-390,-2.65,14680.0,1.2456,124847,1790,923,2026-08-19 01:00:50
0007N0,1,아이엠에셋 200,102350,5,-7010,-6.41,102663.0,-7.4425,24,2,921,2026-08-19 01:00:50
485690,4,RISE 미국AI밸류체인TOP3Plus,21840,5,-595,-2.65,21930.0,-3.7334,15098,330,917,2026-08-19 01:00:50
468380,6,KODEX iShares미국하이일드액티브,11175,5,-45,-0.4,11170.0,-4.072,9414,105,915,2026-08-19 01:00:50
143850,4,TIGER 미국S&P500선물(H),77530,5,-300,-0.39,77495.0,3.9188,131,10,911,2026-08-19 01:00:50
211900,2,KODEX 코리아배당성장,27545,5,-855,-3.01,27542.0,-7.5033,2227,60,909,2026-08-19 01:00:50
479620,4,SOL 미국AI반도체칩메이커,25190,5,-870,-3.34,25309.0,-0.9126,27857,698,907,2026-08-19 01:00:50
269540,4,PLUS 미국S&P500(H),30095,5,-110,-0.36,30095.0,3.3709,865,26,903,2026-08-19 01:00:50
449770,4,KIWOOM 미국S&P500,21440,5,-150,-0.69,21480.0,-1.2977,2010,43,900,2026-08-19 01:00:50
486240,2,DAISHIN AI반도체&인프라액티브,28045,5,-1315,-4.48,28050.0,-7.9624,6171,169,897,2026-08-19 01:00:50
444490,4,WON 미국S&P500,20580,5,-140,-0.68,20586.0,-1.2158,3768,77,895,2026-08-19 01:00:50
329670,7,KODEX TRF7030,22325,5,-160,-0.71,22357.0,-0.5123,4242,94,893,2026-08-19 01:00:50
453080,4,KIWOOM 미국나스닥100(H),22840,5,-305,-1.32,22883.0,2.4182,1769,40,891,2026-08-19 01:00:50
454320,2,HANARO CAPEX설비투자iSelect,41325,5,-1640,-3.82,41273.0,-23.3931,257,10,888,2026-08-19 01:00:50
325020,2,KODEX 배당가치,28535,5,-1015,-3.43,28544.0,-2.2755,4327,123,885,2026-08-19 01:00:50
298770,4,KODEX 한국대만IT프리미어,80270,5,-1350,-1.65,78280.0,1.5472,720,57,883,2026-08-19 01:00:50
0197X0,2,SOL SK하이닉스선물단일종목인버스2X,9290,2,1345,16.93,9300.0,,8299246,77064,883,2026-08-19 01:00:50
0008T0,2,SOL 화장품TOP3플러스,17740,2,150,0.85,17777.0,16.3744,861777,15143,869,2026-08-19 01:00:50
460960,7,ACE 글로벌인컴TOP10,11360,5,-40,-0.35,11335.0,-3.1915,7141,81,869,2026-08-19 01:00:50
0066W0,5,SOL 국제금,12930,5,-205,-1.56,12945.0,-8.7848,36390,471,853,2026-08-19 01:00:50
329660,7,KODEX TRF5050,18020,5,-65,-0.36,18045.0,-0.1155,2117,38,847,2026-08-19 01:00:50
495040,1,PLUS 코리아밸류업,30545,5,-1525,-4.76,30505.0,-7.9795,375,11,840,2026-08-19 01:00:50
108450,2,ACE 삼성그룹섹터가중,38035,5,-1865,-4.67,37962.0,-1.3963,956,36,837,2026-08-19 01:00:50
490480,2,SOL K방산,30300,5,-530,-1.72,30369.0,-15.857,25021,763,833,2026-08-19 01:00:50
461460,6,PLUS 국고채10년액티브,51195,2,110,0.22,51101.0,-0.1369,5,0,830,2026-08-19 01:00:50
453330,4,RISE 미국S&P500(H),18195,5,-65,-0.36,18201.0,4.9098,6949,126,819,2026-08-19 01:00:50
0017Y0,6,1Q 종합채권(AA-이상)액티브,93380,2,55,0.06,93325.0,-1.1283,22,2,815,2026-08-19 01:00:50
138530,2,TIGER LG그룹플러스,12240,5,-230,-1.84,12259.0,-6.2759,22491,272,815,2026-08-19 01:00:50
0057H0,7,PLUS 미국S&P500미국채혼합50액티브,11865,5,-65,-0.54,11885.0,-3.0878,14555,173,807,2026-08-19 01:00:50
359210,1,KODEX 코스피TR,33600,5,-1955,-5.5,33651.0,-8.7983,7489,250,806,2026-08-19 01:00:50
469060,4,RISE 미국반도체NYSE,35640,5,-1640,-4.4,35862.0,2.2036,2702,96,802,2026-08-19 01:00:50
0049M0,4,ACE 미국배당퀄리티+커버드콜액티브,11510,5,-85,-0.73,11511.0,-2.109,7072,81,794,2026-08-19 01:00:50
0018C0,2,PLUS 고배당주위클리고정커버드콜,10517,5,-168,-1.57,10514.0,-9.0107,29103,304,789,2026-08-19 01:00:50
412770,4,TIGER 글로벌AI플랫폼액티브,12900,5,-355,-2.68,13252.0,-8.9942,19717,254,786,2026-08-19 01:00:50
364960,2,TIGER BBIG,6480,5,-130,-1.97,6481.0,-12.1011,13118,83,784,2026-08-19 01:00:50
492500,7,1Q 현대차그룹채권(A+이상)&국고통안,51300,2,30,0.06,51293.0,0.4998,32,1,781,2026-08-19 01:00:50
458030,6,WON 국공채머니마켓액티브,54995,2,5,0.01,54986.0,0.705,70,3,780,2026-08-19 01:00:50
157490,2,TIGER 소프트웨어,8280,5,-320,-3.72,8287.0,-5.0249,61685,508,777,2026-08-19 01:00:50
0080X0,7,SOL 미국S&P500미국채혼합50,11170,5,-100,-0.89,11195.0,-3.553,12300,137,771,2026-08-19 01:00:50
0098N0,2,PLUS 자사주매입고배당주,12670,5,-280,-2.16,12692.0,1.9744,10841,136,767,2026-08-19 01:00:50
438560,6,SOL 국고채3년,100360,2,85,0.08,100287.0,0.7485,1,0,763,2026-08-19 01:00:50
210780,2,TIGER 코스피고배당,22955,5,-425,-1.82,22990.0,-6.5835,4351,99,758,2026-08-19 01:00:50
495750,1,HANARO 코리아밸류업,30730,5,-1575,-4.88,30709.0,-7.5055,17,0,753,2026-08-19 01:00:50
337140,2,KODEX 코스피대형주,34190,5,-2055,-5.67,34243.0,-8.5202,13135,447,752,2026-08-19 01:00:50
0113D0,4,TIME 글로벌탑픽액티브,12190,5,-110,-0.89,12224.0,-0.1219,4247,51,737,2026-08-19 01:00:50
475310,2,SOL 반도체후공정,26710,5,-5,-0.02,26744.0,-20.3964,180675,4754,735,2026-08-19 01:00:50
441540,2,HANARO Fn조선해운,26980,5,-980,-3.51,26941.0,-14.7561,5049,134,728,2026-08-19 01:00:50
272910,6,ACE 중장기국공채액티브,105880,3,0,0.0,105920.0,0.6894,56,5,728,2026-08-19 01:00:50
228810,2,TIGER 미디어컨텐츠,3030,5,-55,-1.78,3032.0,-25.7522,120638,359,725,2026-08-19 01:00:50
130730,6,KIWOOM 단기자금,102950,2,10,0.01,102936.0,0.6846,163,16,721,2026-08-19 01:00:50
365040,1,TIGER AI코리아그로스액티브,34310,5,-2040,-5.61,34221.0,-6.5073,1015,34,721,2026-08-19 01:00:50
0225V0,4,KODEX 미국CPU반도체TOP10,10280,5,-520,-4.81,10390.0,,25104,258,720,2026-08-19 01:00:50
434960,1,DAISHIN K200,102380,5,-7005,-6.4,102880.0,-8.1927,235,24,717,2026-08-19 01:00:50
211560,2,TIGER 배당성장,34425,5,-875,-2.48,34472.0,-8.3573,5872,200,713,2026-08-19 01:00:50
475350,4,RISE 버크셔포트폴리오TOP10,14840,2,80,0.54,14854.0,0.0732,12024,179,705,2026-08-19 01:00:50
266420,2,KODEX 헬스케어,17620,5,-55,-0.31,17669.0,-7.5092,15600,271,705,2026-08-19 01:00:50
0102A0,4,TIGER 미국AI소프트웨어TOP4Plus,8385,2,10,0.12,8396.0,2.3838,78883,662,700,2026-08-19 01:00:50
0190Y0,4,TIGER 구글밸류체인,8835,5,-300,-3.28,8815.0,-8.2797,21918,193,698,2026-08-19 01:00:50
0022T0,4,SOL 국제금커버드콜액티브,13310,5,-265,-1.95,13358.0,-8.1168,26237,349,692,2026-08-19 01:00:50
458750,4,TIGER 미국배당다우존스타겟커버드콜1호,13340,2,30,0.23,13326.0,3.1996,3721,49,687,2026-08-19 01:00:50
440640,6,ACE 단기채권알파액티브,112590,2,30,0.03,112584.0,0.8105,65,7,680,2026-08-19 01:00:50
292190,1,KODEX KRX300,45170,5,-2570,-5.38,45256.0,-9.3422,550,24,678,2026-08-19 01:00:50
433880,7,PLUS TDF2060액티브 적격,18850,5,-190,-1.0,18769.0,-2.4242,4442,83,665,2026-08-19 01:00:50
453950,4,TIGER TSMC파운드리밸류체인,34045,5,-985,-2.81,34126.0,4.2559,990,33,664,2026-08-19 01:00:50
228800,2,TIGER 여행레저,2550,5,-25,-0.97,2552.0,-18.254,53878,136,660,2026-08-19 01:00:50
0115E0,2,KODEX 코리아소버린AI,14295,5,-505,-3.41,14272.0,-3.8829,111496,1608,658,2026-08-19 01:00:50
0181L0,4,SOL 미국우주항공TOP10,7990,5,-190,-2.32,8038.0,-30.9414,20234,161,655,2026-08-19 01:00:50
278620,6,PLUS 단기채권액티브,118940,5,-25,-0.02,118948.0,0.8007,1,0,653,2026-08-19 01:00:50
0098Z0,1,FOCUS 200,86640,5,-5870,-6.35,87321.0,-7.2711,351,30,650,2026-08-19 01:00:50
473640,4,HANARO 글로벌금채굴기업,33055,5,-725,-2.15,32924.0,-1.3867,5002,164,645,2026-08-19 01:00:50
277640,2,TIGER 코스피대형주,35335,5,-2110,-5.63,35405.0,-7.8944,12072,425,636,2026-08-19 01:00:50
0123S0,2,HANARO 26-12 은행채(AA+이상)액티브,10155,5,-15,-0.15,10180.0,0.6432,16002,162,635,2026-08-19 01:00:50
0000D0,7,TIGER 엔비디아미국채커버드콜밸런스(합성),9220,5,-95,-1.02,9237.0,-6.3851,19991,184,632,2026-08-19 01:00:50
100910,1,KIWOOM KRX100,16080,5,-995,-5.83,16099.0,-8.4216,1342,21,627,2026-08-19 01:00:50
465330,2,RISE 2차전지TOP10,10845,5,-15,-0.14,10855.0,-24.7402,76773,818,626,2026-08-19 01:00:50
455660,6,ACE 미국하이일드액티브(H),9465,5,-10,-0.11,9461.0,1.1632,3170,29,625,2026-08-19 01:00:50
419890,6,KIWOOM 단기채권ESG액티브,107495,2,65,0.06,107476.0,0.637,27,2,623,2026-08-19 01:00:50
0040S0,4,HANARO 글로벌피지컬AI액티브,23960,5,-815,-3.29,24178.0,-7.8654,6219,149,623,2026-08-19 01:00:50
453640,4,KODEX 미국S&P500헬스케어,14410,2,230,1.62,14418.0,9.1963,13534,195,620,2026-08-19 01:00:50
491700,1,HK 200,102225,5,-6910,-6.33,103114.0,-7.3164,6304,647,613,2026-08-19 01:00:50
495940,4,RISE 미국AI테크액티브,19460,5,-500,-2.51,19513.0,-10.9754,925,17,613,2026-08-19 01:00:50
261070,2,TIGER 코스닥150바이오테크,13195,2,105,0.8,13186.0,-17.7764,75984,989,612,2026-08-19 01:00:50
298340,6,PLUS 국채선물3년,56440,5,-15,-0.03,56412.0,1.0832,2253,127,612,2026-08-19 01:00:50
440910,4,WON 미국우주항공방산,27805,5,-380,-1.35,27851.0,7.4737,2150,59,612,2026-08-19 01:00:50
491220,1,PLUS 200TR,121710,5,-6990,-5.43,121292.0,-8.4573,4244,513,609,2026-08-19 01:00:50
479730,4,TIGER 인도빌리언컨슈머,10285,5,-100,-0.96,10305.0,4.4622,590,6,607,2026-08-19 01:00:50
275980,4,TIGER 글로벌4차산업혁신기술(합성 H),23580,5,-200,-0.84,23525.0,3.3014,70,1,599,2026-08-19 01:00:50
476750,6,ACE 미국30년국채엔화노출액티브(H),7460,2,15,0.2,7467.0,-9.2642,43345,324,597,2026-08-19 01:00:50
261240,7,KODEX 미국달러선물,14510,5,-50,-0.34,14532.0,-5.2392,12916,187,593,2026-08-19 01:00:50
278240,3,RISE 코스닥150선물레버리지,8130,2,50,0.62,8106.0,-49.5316,60933,472,593,2026-08-19 01:00:50
455960,6,RISE 미국달러SOFR금리액티브(합성),12340,5,-20,-0.16,12327.0,-4.556,338,4,565,2026-08-19 01:00:50
428510,4,KODEX 차이나AI테크액티브,25640,5,-460,-1.76,25662.0,-4.2765,3606,92,564,2026-08-19 01:00:50
401470,2,KODEX 메타버스액티브,9480,5,-235,-2.42,9462.0,-1.7198,22874,220,564,2026-08-19 01:00:50
0210E0,2,PLUS 200커버드콜액티브,7045,5,-445,-5.94,7047.0,,138124,969,564,2026-08-19 01:00:50
0185L0,4,TIME 글로벌휴머노이드로봇산업액티브,8125,5,-95,-1.16,8148.0,,24103,196,561,2026-08-19 01:00:50
0172V0,5,1Q 은액티브,8355,5,-325,-3.74,8436.0,-18.5742,20330,170,560,2026-08-19 01:00:50
150460,2,TIGER 중국소비테마,7420,5,-90,-1.2,7416.0,-3.3463,6041,44,559,2026-08-19 01:00:50
225040,4,TIGER 미국S&P500레버리지(합성 H),67900,5,-430,-0.63,67942.0,8.3571,3340,226,557,2026-08-19 01:00:50
0166S0,2,PLUS K제조업핵심기업액티브,10400,5,-545,-4.98,10411.0,-18.2294,16487,170,556,2026-08-19 01:00:50
0000Z0,2,RISE 바이오TOP10액티브,9415,2,15,0.16,9410.0,-25.7504,89777,833,555,2026-08-19 01:00:50
306950,3,KODEX KRX300레버리지,69390,5,-8920,-11.39,68990.0,-32.3076,1781,122,555,2026-08-19 01:00:50
0111J0,2,HANARO 증권고배당TOP3플러스,12325,5,-505,-3.94,12339.0,-28.5053,38805,472,555,2026-08-19 01:00:50
0198A0,2,KIWOOM 코스닥150커버드콜액티브,9055,2,25,0.28,9044.0,,321658,2815,552,2026-08-19 01:00:50
0141S0,2,SOL 조선기자재,8405,5,-230,-2.66,8420.0,-26.7911,138745,1157,551,2026-08-19 01:00:50
0046Y0,4,ACE 미국배당퀄리티,12835,5,-45,-0.35,12832.0,-1.6064,2297,29,545,2026-08-19 01:00:50
252400,3,RISE 200선물레버리지,89630,5,-13010,-12.68,89860.0,-29.3357,6816,607,538,2026-08-19 01:00:50
0118Z0,4,ACE 미국AI테크핵심산업액티브,8870,5,-295,-3.22,8877.0,-11.1058,8554,75,537,2026-08-19 01:00:50
140700,2,KODEX 보험,20570,5,-350,-1.67,20600.0,16.2577,56505,1152,535,2026-08-19 01:00:50
0113P0,6,HK 머니마켓액티브,102310,2,15,0.01,102314.0,0.7286,29,2,530,2026-08-19 01:00:50
445150,2,KODEX 친환경조선해운액티브,28630,5,-710,-2.42,28599.0,-18.5969,1746,49,530,2026-08-19 01:00:50
114470,6,KIWOOM 국고채3년,107925,2,30,0.03,107852.0,0.7482,4,0,529,2026-08-19 01:00:50
0226A0,7,PLUS SK하이닉스샌디스크채권혼합50,10555,5,-490,-4.44,10650.0,,126242,1327,528,2026-08-19 01:00:50
480310,4,TIGER 글로벌온디바이스AI,19185,5,-550,-2.79,19221.0,-2.5315,3308,63,528,2026-08-19 01:00:50
261220,5,KODEX WTI원유선물(H),23840,5,-25,-0.1,23865.0,-14.7983,45023,1072,524,2026-08-19 01:00:50
123310,3,TIGER 인버스,1209,2,69,6.05,1210.0,-9.7388,2666484,3230,523,2026-08-19 01:00:50
442560,7,RISE TDF2040액티브 적격,16495,5,-205,-1.23,16382.0,-0.8196,7348,121,520,2026-08-19 01:00:50
385590,2,ACE ESG액티브,22535,5,-1260,-5.3,22510.0,-4.0718,1040,23,518,2026-08-19 01:00:50
101280,4,KODEX 일본TOPIX100,30465,5,-920,-2.93,30317.0,3.9594,1665,50,518,2026-08-19 01:00:50
256750,4,KODEX 차이나심천ChiNext(합성),16875,5,-175,-1.03,17014.0,-10.334,6924,117,516,2026-08-19 01:00:50
282000,3,RISE 국고채3년선물인버스,114655,2,5,0.0,114714.0,0.0698,1,0,516,2026-08-19 01:00:50
0089C0,4,KODEX 미국S&P500변동성확대시커버드콜,11660,5,-85,-0.72,11674.0,-1.3033,368,4,513,2026-08-19 01:00:50
0118S0,4,SOL 미국넥스트테크TOP10액티브,11140,5,-525,-4.5,11242.0,-12.1281,5021,55,512,2026-08-19 01:00:50
218420,4,KODEX 미국S&P500에너지(합성),20855,2,215,1.04,20862.0,-1.1021,20133,421,512,2026-08-19 01:00:50
336160,6,RISE 금융채액티브,100305,2,55,0.05,100270.0,0.6138,77,7,508,2026-08-19 01:00:50
475260,6,ACE 2월만기자동연장회사채AA-이상액티브,10745,2,5,0.05,10737.0,0.7032,461,4,506,2026-08-19 01:00:50
200030,4,KODEX 미국S&P500산업재(합성),44330,5,-750,-1.66,44570.0,2.6996,714,31,500,2026-08-19 01:00:50
0041D0,4,KODEX 미국AI소프트웨어TOP10,13100,5,-45,-0.34,13105.0,4.6633,10550,138,498,2026-08-19 01:00:50
418670,4,TIGER 글로벌AI사이버보안,17950,5,-5,-0.03,17917.0,25.2965,32132,573,495,2026-08-19 01:00:50
304780,3,HANARO 200선물레버리지,109375,5,-15645,-12.51,109499.0,-29.8724,1368,149,492,2026-08-19 01:00:50
0194M0,2,ACE 삼성전자단일종목레버리지,10200,5,-1695,-14.25,10239.0,,11414,115,492,2026-08-19 01:00:50
0132H0,4,KODEX 미국원자력SMR,8550,5,-320,-3.61,8550.0,-16.4391,11136,95,492,2026-08-19 01:00:50
0139P0,2,ACE 고배당주,13255,5,-340,-2.5,13271.0,-3.3152,10458,137,490,2026-08-19 01:00:50
0194T0,2,ACE SK하이닉스단일종목레버리지,7005,5,-1470,-17.35,7085.0,,56445,395,490,2026-08-19 01:00:50
371470,4,TIGER 차이나바이오테크SOLACTIVE,8840,5,-25,-0.28,8942.0,9.2421,2191,19,484,2026-08-19 01:00:50
0020H0,4,KoAct 글로벌양자컴퓨팅액티브,22480,5,-1125,-4.77,22617.0,-3.3375,4040,90,483,2026-08-19 01:00:50
275300,2,KODEX 우량주,28390,5,-1850,-6.12,28423.0,-4.3321,2237,63,483,2026-08-19 01:00:50
494840,4,TIGER 미국방산TOP10,14130,2,150,1.07,14108.0,6.2099,12009,170,480,2026-08-19 01:00:50
287180,4,PLUS 미국나스닥테크,56375,5,-1545,-2.67,56427.0,7.2592,627,35,479,2026-08-19 01:00:50
476260,2,HANARO 반도체핵심공정주도주,12785,5,-75,-0.58,12786.0,-8.4046,183041,2304,473,2026-08-19 01:00:50
0197W0,2,SOL SK하이닉스단일종목레버리지,6900,5,-1380,-16.67,6934.0,,217946,1494,473,2026-08-19 01:00:50
447430,2,ACE 주주환원가치주액티브,16020,5,-290,-1.78,16059.0,-5.6254,1444,23,473,2026-08-19 01:00:50
316670,1,KIWOOM 코스닥150,7125,2,25,0.35,7134.0,-22.9935,76525,532,470,2026-08-19 01:00:50
276990,4,KODEX 글로벌로봇(합성),26537,5,-763,-2.79,26592.0,-6.7305,2035,54,470,2026-08-19 01:00:50
461340,4,HANARO 글로벌생성형AI액티브,42550,5,-1415,-3.22,42707.0,-3.3737,1250,53,468,2026-08-19 01:00:50
0086B0,2,TIGER 리츠부동산인프라TOP10액티브,9490,5,-50,-0.52,9507.0,-5.2004,12218,115,465,2026-08-19 01:00:50
0178H0,7,IBK 미국AI TOP10국채혼합50,9835,5,-145,-1.45,9896.0,-1.9584,3224,31,462,2026-08-19 01:00:50
360140,2,KODEX 200롱코스닥150숏선물,21005,5,-1445,-6.44,21037.0,14.3657,59221,1290,462,2026-08-19 01:00:50
473490,4,KIWOOM 글로벌AI반도체,30050,5,-1085,-3.48,30217.0,-2.3678,732,22,451,2026-08-19 01:00:50
140950,1,파워 코스피100,80330,5,-4845,-5.69,80142.0,-7.4979,1242,99,450,2026-08-19 01:00:50
253150,3,PLUS 200선물레버리지,179400,5,-25690,-12.53,179831.0,-30.0846,23602,4207,449,2026-08-19 01:00:50
453650,4,KODEX 미국S&P500금융,19890,2,90,0.45,19909.0,6.8245,8210,163,448,2026-08-19 01:00:50
475270,6,ACE 5월만기자동연장회사채AA-이상액티브,10710,3,0,0.0,10719.0,0.5633,0,0,447,2026-08-19 01:00:50
472830,6,RISE 미국30년국채커버드콜(합성),8040,2,10,0.12,8033.0,-7.4877,925,7,446,2026-08-19 01:00:50
442090,2,에셋플러스 코리아대장장이액티브,29375,5,-815,-2.7,29285.0,-7.7464,168,4,441,2026-08-19 01:00:50
196030,4,ACE 일본TOPIX레버리지(H),87755,5,-4255,-4.62,87546.0,16.9717,41,3,439,2026-08-19 01:00:50
0220B0,1,DS 코스닥액티브,9950,5,-165,-1.63,9978.0,,36957,364,438,2026-08-19 01:00:50
152500,3,ACE 레버리지,39780,5,-5610,-12.36,39796.0,-29.255,12191,482,438,2026-08-19 01:00:50
442260,1,마이티 다이나믹퀀트액티브,35125,5,-2920,-7.68,35503.0,-8.4136,214,7,436,2026-08-19 01:00:50
473590,4,ACE 미국주식베스트셀러,18750,5,-720,-3.7,18874.0,-19.6617,3987,74,431,2026-08-19 01:00:50
238720,4,ACE 일본Nikkei225(H),47835,5,-1295,-2.64,47918.0,11.9134,1980,94,431,2026-08-19 01:00:50
261120,7,TIGER 미국달러선물인버스2X,5110,2,30,0.59,5107.0,12.0176,2098,10,429,2026-08-19 01:00:50
401170,2,RISE 메타버스,10750,5,-430,-3.85,10785.0,7.3967,7989,85,426,2026-08-19 01:00:50
440650,6,ACE 미국달러단기채권액티브,11790,5,-50,-0.42,11803.0,-5.0141,17675,209,424,2026-08-19 01:00:50
0186S0,7,1Q 코스닥150채권혼합50액티브,8460,2,45,0.53,8442.0,-11.0428,182428,1527,423,2026-08-19 01:00:50
375770,2,KODEX 탄소효율그린뉴딜,23370,5,-1305,-5.29,23475.0,-7.8108,8,0,421,2026-08-19 01:00:50
487130,2,KoAct AI인프라액티브,27100,5,-700,-2.52,26998.0,-19.2331,5667,151,420,2026-08-19 01:00:50
429760,4,PLUS 미국S&P500,19970,5,-120,-0.6,19979.0,-1.1512,640,12,419,2026-08-19 01:00:50
0007G0,4,PLUS 글로벌원자력밸류체인,13950,5,-215,-1.52,13855.0,-11.6896,682,9,419,2026-08-19 01:00:50
0191M0,6,마이티 5월만기자동연장특수채(AAA)액티브,100640,3,0,0.0,100647.0,,0,0,417,2026-08-19 01:00:50
139280,2,TIGER 경기방어,12680,5,-165,-1.28,12672.0,0.0838,8928,112,416,2026-08-19 01:00:50
0141T0,6,SOL 중기종합채권(AA-이상)액티브,50215,3,0,0.0,50236.0,0.722,0,0,414,2026-08-19 01:00:50
0207G0,2,SOL 우주항공밸류체인,7015,5,-120,-1.68,6996.0,,332427,2315,410,2026-08-19 01:00:50
139320,5,TIGER 금은선물(H),18100,5,-285,-1.55,18216.0,-5.718,2050,37,407,2026-08-19 01:00:50
305050,1,ACE 코스피,67225,5,-3760,-5.3,67361.0,-9.3307,579,38,403,2026-08-19 01:00:50
464470,6,PLUS 미국채30년액티브,48485,2,120,0.25,48516.0,-7.4042,2635,128,400,2026-08-19 01:00:50
0189B0,5,TIGER 은액티브,8065,5,-310,-3.7,8035.0,-17.7713,7994,64,399,2026-08-19 01:00:50
448570,1,FOCUS AI코리아액티브,29360,5,-1425,-4.63,29450.0,-4.2011,12,0,396,2026-08-19 01:00:50
0100K0,2,KODEX 방산TOP10레버리지,7010,5,-425,-5.72,7094.0,-39.2566,226979,1649,393,2026-08-19 01:00:50
183700,7,RISE 200채권혼합50,93395,5,-2175,-2.28,93455.0,-3.9077,856,79,392,2026-08-19 01:00:50
491830,4,TIGER 미국AI반도체팹리스,21645,5,-755,-3.37,21768.0,2.4984,5329,115,390,2026-08-19 01:00:50
352540,7,KODEX 일본부동산리츠(H),11330,5,-5,-0.04,11366.0,0.4268,2268,25,385,2026-08-19 01:00:50
322410,2,HANARO K고배당,22485,5,-450,-1.96,22521.0,-2.9168,1826,40,382,2026-08-19 01:00:50
472840,1,IBK 200,101870,5,-6190,-5.73,101716.0,-7.7748,1553,157,382,2026-08-19 01:00:50
195930,4,TIGER 유로스탁스50(합성 H),23755,5,-150,-0.63,23806.0,14.4875,1676,39,380,2026-08-19 01:00:50
456680,4,TIGER 차이나전기차레버리지(합성),7230,2,15,0.21,7233.0,-37.5595,29,0,378,2026-08-19 01:00:50
449690,4,TIGER 한중반도체(합성),50295,5,-850,-1.66,50179.0,-3.4454,7,0,377,2026-08-19 01:00:50
147970,2,TIGER 모멘텀,78450,5,-2845,-3.5,78613.0,-13.2299,1166,91,377,2026-08-19 01:00:50
400970,2,TIGER Fn메타버스,7345,5,-220,-2.91,7343.0,-13.8383,7807,56,375,2026-08-19 01:00:50
276970,4,KODEX 미국S&P500배당귀족커버드콜(합성 H),7915,2,25,0.32,7968.0,11.8447,446,3,372,2026-08-19 01:00:50
365000,2,TIGER 인터넷TOP10,3645,5,-85,-2.28,3641.0,-21.0583,131038,470,370,2026-08-19 01:00:50
292560,7,TIGER 일본엔선물,8190,5,-25,-0.3,8163.0,-6.1143,43677,357,369,2026-08-19 01:00:50
292770,6,KODEX 국채선물3년인버스,57735,3,0,0.0,57725.0,0.13,0,0,364,2026-08-19 01:00:50
498860,2,RISE 코리아금융고배당,16480,5,-370,-2.2,16496.0,-11.565,3497,56,363,2026-08-19 01:00:50
0209Z0,2,ACE 코리아AI전력TOP10,6840,5,-265,-3.73,6852.0,,68257,456,363,2026-08-19 01:00:50
275280,2,KODEX 모멘텀주,40075,5,-2720,-6.36,40035.0,-7.6357,561,22,361,2026-08-19 01:00:50
452250,6,ACE 미국30년국채선물레버리지(합성 H),4645,2,30,0.65,4669.0,-4.9434,24987,116,360,2026-08-19 01:00:50
475070,4,KoAct 글로벌친환경전력인프라액티브,31220,5,-1120,-3.46,31299.0,-20.0396,2029,63,359,2026-08-19 01:00:50
450910,1,SOL 코스닥150,13925,2,30,0.22,13993.0,-23.4647,44008,601,356,2026-08-19 01:00:50
104530,2,KIWOOM 코리아고배당,17335,5,-255,-1.45,17331.0,-10.6071,4596,79,355,2026-08-19 01:00:50
381560,2,HANARO Fn전기&수소차,17535,5,-535,-2.96,17554.0,-6.4214,2780,47,351,2026-08-19 01:00:50
474800,4,KIWOOM 미국원유에너지기업,16305,2,135,0.83,16294.0,-1.1565,28447,464,351,2026-08-19 01:00:50
352560,7,KODEX 미국부동산리츠(H),12485,2,35,0.28,12425.0,4.6098,491,6,350,2026-08-19 01:00:50
469050,4,RISE 미국반도체NYSE(H),31750,5,-1285,-3.89,31906.0,8.3544,2278,72,349,2026-08-19 01:00:50
496770,4,PLUS 글로벌방산,19870,2,295,1.51,19636.0,13.7089,5926,117,348,2026-08-19 01:00:50
465350,3,RISE 2차전지TOP10인버스(합성),17330,5,-170,-0.97,17452.0,17.9245,50920,897,347,2026-08-19 01:00:50
0154F0,2,WON 초대형IB&금융지주,11740,5,-360,-2.98,11747.0,-11.0295,4870,56,346,2026-08-19 01:00:50
385520,2,KODEX 자율주행액티브,16070,5,-290,-1.77,16061.0,-12.5602,2436,38,346,2026-08-19 01:00:50
276650,4,RISE 글로벌테크놀로지(합성 H),46000,5,-540,-1.16,45755.0,2.6919,38,1,345,2026-08-19 01:00:50
476690,4,TIGER 글로벌비만치료제TOP2Plus,10925,2,210,1.96,10920.0,2.5587,4317,47,344,2026-08-19 01:00:50
0112X0,1,마이티 200TR,38210,5,-2785,-6.79,38396.0,-7.5545,13266,501,344,2026-08-19 01:00:50
174360,4,RISE 중국본토대형주CSI100,24550,2,15,0.06,24623.0,-7.2577,192,4,344,2026-08-19 01:00:50
415920,5,PLUS 글로벌희토류&전략자원생산기업,7440,5,-105,-1.39,7434.0,-22.9316,13780,102,342,2026-08-19 01:00:50
295020,6,RISE 국채선물10년인버스,60795,5,-30,-0.05,60873.0,0.9124,2,0,342,2026-08-19 01:00:50
0023B0,4,PLUS 미국양자컴퓨팅TOP10,16650,5,-470,-2.75,16844.0,-7.5594,12858,214,341,2026-08-19 01:00:50
241390,7,RISE V&S셀렉트밸류채권혼합,15465,5,-200,-1.28,15509.0,-4.244,595,9,340,2026-08-19 01:00:50
322400,2,HANARO e커머스,10120,5,-260,-2.5,10201.0,-6.9059,2448,24,339,2026-08-19 01:00:50
0192T0,2,SOL 코스닥TOP10,7430,2,5,0.07,7431.0,,242015,1762,338,2026-08-19 01:00:50
099140,4,KODEX 차이나H,21745,5,-5,-0.02,21717.0,-6.4999,1296,28,337,2026-08-19 01:00:50
0192L0,2,RISE SK하이닉스단일종목레버리지,7200,5,-1370,-15.99,7193.0,,54543,389,337,2026-08-19 01:00:50
449780,4,KIWOOM 미국S&P500(H),18695,5,-85,-0.45,18690.0,4.3608,12202,227,337,2026-08-19 01:00:50
407830,4,에셋플러스 글로벌플랫폼액티브,14010,5,-130,-0.92,13961.0,-11.8179,117,1,336,2026-08-19 01:00:50
459560,4,KODEX 테슬라밸류체인FactSet,22260,5,-390,-1.72,22249.0,-9.5397,528,11,334,2026-08-19 01:00:50
465660,4,TIGER 일본반도체FACTSET,24685,5,-1400,-5.37,24921.0,2.8777,3223,80,333,2026-08-19 01:00:50
122260,6,KIWOOM 통안채1년,104095,3,0,0.0,104078.0,0.6575,0,0,333,2026-08-19 01:00:50
468630,6,KODEX iShares미국투자등급회사채액티브,11050,5,-5,-0.05,11037.0,-6.5964,2576,28,333,2026-08-19 01:00:50
153270,1,KIWOOM 코스피100,78600,5,-4995,-5.98,78675.0,-7.8314,1306,102,330,2026-08-19 01:00:50
380340,2,ACE 코리아AI테크핵심산업,27475,5,-1305,-4.53,27485.0,4.3888,51464,1411,330,2026-08-19 01:00:50
0155N0,2,HANARO K휴머노이드테마TOP10,8120,5,-125,-1.52,8125.0,-22.2537,43942,351,329,2026-08-19 01:00:50
138910,5,KODEX 구리선물(H),9890,5,-180,-1.79,9887.0,4.4605,15015,148,326,2026-08-19 01:00:50
227540,2,TIGER 200 헬스케어,19190,5,-205,-1.06,19190.0,0.8318,3441,65,326,2026-08-19 01:00:50
105780,2,RISE 5대그룹주,16250,5,-910,-5.3,16249.0,-6.891,1202,19,325,2026-08-19 01:00:50
491090,4,KODEX 미국테크TOP3플러스,18010,5,-115,-0.63,18019.0,-5.9113,775,13,324,2026-08-19 01:00:50
256440,4,ACE MSCI인도네시아(합성),5300,5,-45,-0.84,5358.0,-12.0165,5735,30,323,2026-08-19 01:00:50
0085N0,6,ACE 미국10년국채액티브(H),9750,2,25,0.26,9743.0,-0.1145,8226,80,322,2026-08-19 01:00:50
415340,4,KODEX 차이나과창판STAR50(합성),15485,5,-145,-0.93,15707.0,-0.4459,7935,123,321,2026-08-19 01:00:50
0138T0,4,RISE 미국S&P500데일리고정커버드콜,9690,5,-65,-0.67,9698.0,-1.4108,3229,31,320,2026-08-19 01:00:50
0089B0,7,PLUS 미국나스닥100미국채혼합50,11410,5,-105,-0.91,11426.0,-4.0009,17405,198,319,2026-08-19 01:00:50
245350,4,TIGER 유로스탁스배당30,19955,2,90,0.45,19838.0,4.4509,1266,25,319,2026-08-19 01:00:50
494410,4,PLUS 미국S&P500성장주,14505,5,-160,-1.09,14515.0,-2.422,318,4,319,2026-08-19 01:00:50
459750,4,RISE 글로벌주식분산액티브,18200,5,-260,-1.41,18173.0,-0.3145,2610,47,319,2026-08-19 01:00:50
0204S0,1,TIGER 코스닥액티브,6855,5,-20,-0.29,6865.0,,42885,290,318,2026-08-19 01:00:50
261140,2,TIGER 우선주,23675,5,-845,-3.45,23655.0,-11.5081,8573,202,317,2026-08-19 01:00:50
426150,6,WON 대한민국국고채액티브,50680,2,35,0.07,50606.0,-2.3617,52,2,315,2026-08-19 01:00:50
464920,4,PLUS 일본반도체소부장,24920,5,-670,-2.62,24941.0,3.3521,19368,480,312,2026-08-19 01:00:50
476070,4,KODEX 글로벌비만치료제TOP2 Plus,11535,2,160,1.41,11548.0,4.6817,5279,60,311,2026-08-19 01:00:50
266360,2,KODEX K콘텐츠,9685,5,-370,-3.68,9702.0,-11.4097,46374,448,310,2026-08-19 01:00:50
248270,4,TIGER S&P글로벌헬스케어(합성),27185,2,255,0.95,26999.0,7.5479,2154,58,310,2026-08-19 01:00:50
252710,3,TIGER 200선물인버스2X,96,2,10,11.63,96.0,-29.5082,70141698,6722,305,2026-08-19 01:00:50
271060,5,KODEX 3대농산물선물(H),8375,5,-65,-0.77,8406.0,-1.1131,15566,130,304,2026-08-19 01:00:50
139270,2,TIGER 200 금융,16275,5,-550,-3.27,16301.0,1.7462,13948,225,303,2026-08-19 01:00:50
395170,2,KODEX Top10동일가중,15130,5,-905,-5.64,15146.0,-15.0365,1594,24,303,2026-08-19 01:00:50
0150K0,2,KoAct 수소전력ESS인프라액티브,10430,5,-75,-0.71,10430.0,-30.4075,9225,94,302,2026-08-19 01:00:50
446690,4,KODEX 아시아AI반도체exChina액티브,60350,5,-2535,-4.03,59859.0,-1.0843,479,28,302,2026-08-19 01:00:50
117460,2,KODEX 에너지화학,13895,5,-200,-1.42,13905.0,-15.7187,4446,60,302,2026-08-19 01:00:50
387270,4,TIGER 글로벌이노베이션액티브,24885,5,-865,-3.36,24948.0,-7.7061,6207,155,301,2026-08-19 01:00:50
395290,2,HANARO Fn K-POP&미디어,4760,5,-80,-1.65,4773.0,-25.5385,54753,255,300,2026-08-19 01:00:50
0107F0,4,KIWOOM 미국고배당&AI테크,11720,5,-75,-0.64,11749.0,0.9154,5149,60,299,2026-08-19 01:00:50
145850,2,TREX 펀더멘탈 200,119250,3,0,0.0,113903.0,-2.1803,0,0,298,2026-08-19 01:00:50
0164G0,4,RISE 차이나AI반도체TOP4Plus,14185,5,-130,-0.91,14291.0,1.1303,8817,125,298,2026-08-19 01:00:50
450190,4,KODEX 한중반도체(합성),49595,5,-1690,-3.3,50605.0,-3.2815,172,8,298,2026-08-19 01:00:50
192720,2,파워 고배당저변동성,57615,5,-1160,-1.97,57627.0,-2.4344,2165,124,294,2026-08-19 01:00:50
414270,4,ACE 글로벌자율주행액티브,12160,5,-160,-1.3,12182.0,-13.7557,485,5,292,2026-08-19 01:00:50
156080,1,KODEX MSCI Korea,48450,5,-3550,-6.83,48526.0,-6.5676,958,46,291,2026-08-19 01:00:50
494340,4,ACE 글로벌AI맞춤형반도체,19355,5,-965,-4.75,19484.0,0.9438,1326,25,290,2026-08-19 01:00:50
0155M0,4,ACE 미국SMR원자력TOP10,6980,5,-315,-4.32,6959.0,-15.4203,9900,69,290,2026-08-19 01:00:50
275290,2,KODEX 가치주,32170,5,-1900,-5.58,32174.0,-4.0524,1357,43,290,2026-08-19 01:00:50
0203S0,7,WON 삼성전자현대차채권혼합50,8630,5,-290,-3.25,8638.0,,42370,364,289,2026-08-19 01:00:50
0083S0,4,1Q 미국메디컬AI,9935,5,-40,-0.4,9947.0,4.7277,2319,22,288,2026-08-19 01:00:50
469790,2,KIWOOM 코리아테크TOP10,41035,5,-2685,-6.14,41066.0,-0.7953,279,11,287,2026-08-19 01:00:50
0166N0,1,PLUS 코스닥150액티브,7555,3,0,0.0,7562.0,-30.6881,21010,156,287,2026-08-19 01:00:50
0192M0,2,RISE 삼성전자단일종목레버리지,10335,5,-1605,-13.44,10349.0,,8765,90,287,2026-08-19 01:00:50
419430,4,KODEX 차이나2차전지MSCI(합성),10025,2,60,0.6,10008.0,-18.0173,36,0,281,2026-08-19 01:00:50
475380,7,RISE 글로벌리얼티인컴,10560,5,-70,-0.66,10523.0,-5.559,988,10,280,2026-08-19 01:00:50
0184E0,7,1Q 200채권혼합50액티브,10685,5,-250,-2.29,10665.0,-3.0225,24487,262,278,2026-08-19 01:00:50
459790,4,KIWOOM 미국성장기업30액티브,20560,5,-360,-1.72,20581.0,-8.4464,17,0,278,2026-08-19 01:00:50
289480,3,TIGER 200커버드콜,12055,5,-315,-2.55,12086.0,14.5223,6512,78,277,2026-08-19 01:00:50
0137W0,4,KIWOOM 미국S&P500&GOLD,10595,5,-60,-0.56,10602.0,-1.8389,1514,16,275,2026-08-19 01:00:50
0218J0,7,RISE 미국우주&로봇TOP2미국채혼합50,9030,5,-20,-0.22,9067.0,,27131,243,275,2026-08-19 01:00:50
261250,7,KODEX 미국달러선물레버리지,16490,5,-135,-0.81,16540.0,-10.7623,12247,203,275,2026-08-19 01:00:50
0223R0,4,TIGER 미국테크NYSE100액티브,9510,5,-425,-4.28,9587.0,,5558,52,275,2026-08-19 01:00:50
437350,6,RISE 미국단기투자등급회사채액티브,12450,5,-20,-0.16,12448.0,-5.0267,4989,62,274,2026-08-19 01:00:50
493420,4,SOL 미국배당다우존스2호,13040,2,45,0.35,13027.0,2.6222,624,8,274,2026-08-19 01:00:50
223190,2,KODEX 200가치저변동,27265,5,-1190,-4.18,27273.0,-4.4777,249,6,273,2026-08-19 01:00:50
245360,4,TIGER 차이나HSCEI,12645,2,30,0.24,12542.0,-6.023,303,3,272,2026-08-19 01:00:50
261060,2,TIGER 코스닥150IT,23415,5,-195,-0.83,23409.0,-19.803,8649,196,272,2026-08-19 01:00:50
117680,2,KODEX 철강,11750,5,-360,-2.97,11743.0,-28.168,45500,528,271,2026-08-19 01:00:50
489290,4,WON 미국빌리어네어,15075,5,-55,-0.36,15085.0,-7.3768,5031,75,271,2026-08-19 01:00:50
440340,7,TIGER 글로벌멀티에셋TIF액티브,12300,5,-30,-0.24,12274.0,-3.4144,13331,163,271,2026-08-19 01:00:50
0047R0,4,RISE 팔란티어고정테크100,15445,5,-30,-0.19,15462.0,4.2117,923,14,270,2026-08-19 01:00:50
0013R0,7,RISE 테슬라미국채타겟커버드콜혼합(합성),7900,5,-30,-0.38,7872.0,-12.0652,20148,158,269,2026-08-19 01:00:50
167860,6,KIWOOM 국고채10년레버리지,91505,2,495,0.54,91230.0,-0.4213,2,0,265,2026-08-19 01:00:50
0115C0,4,RISE 미국고배당다우존스TOP10,11270,2,35,0.31,11267.0,3.5818,808,9,265,2026-08-19 01:00:50
461600,6,SOL 미국30년국채액티브(H),8275,2,60,0.73,8275.0,-1.969,1044,8,261,2026-08-19 01:00:50
0152E0,2,SOL 배당성향탑픽액티브,10815,5,-185,-1.68,10818.0,-6.872,3987,42,260,2026-08-19 01:00:50
0049K0,7,ACE 미국배당퀄리티채권혼합50,11250,5,-20,-0.18,11237.0,-0.8378,1988,22,259,2026-08-19 01:00:50
253250,3,KIWOOM 200선물레버리지,88500,5,-12555,-12.42,88523.0,-28.9446,16319,1434,257,2026-08-19 01:00:50
185680,4,KODEX 미국S&P바이오(합성),48075,2,350,0.73,48133.0,15.1109,81,3,256,2026-08-19 01:00:50
483570,4,KCGI 미국S&P500 TOP10,15815,5,-110,-0.69,15800.0,-7.948,278,4,253,2026-08-19 01:00:50
0103T0,2,1Q K소버린AI,8570,5,-305,-3.44,8562.0,-2.9525,57082,488,253,2026-08-19 01:00:50
0097L0,7,KIWOOM 한국고배당&미국AI테크,12640,5,-250,-1.94,12636.0,-3.7624,944,11,253,2026-08-19 01:00:50
277540,4,ACE 아시아TOP50,31535,5,-890,-2.74,31490.0,-3.7834,271,8,252,2026-08-19 01:00:50
368190,2,HANARO Fn K-뉴딜디지털플러스,7785,5,-200,-2.5,7837.0,-11.768,1,0,249,2026-08-19 01:00:50
479850,2,HANARO K-뷰티,18320,5,-70,-0.38,18319.0,11.8613,25593,465,247,2026-08-19 01:00:50
139250,2,TIGER 200 에너지화학,17590,5,-550,-3.03,17600.0,-7.4872,14524,251,246,2026-08-19 01:00:50
269420,4,KODEX S&P글로벌인프라(합성),22910,2,140,0.61,22835.0,-5.0261,269,6,244,2026-08-19 01:00:50
0093D0,7,KoAct 팔란티어밸류체인액티브,17845,5,-495,-2.7,17918.0,0.3831,750,13,241,2026-08-19 01:00:50
195970,4,PLUS 선진국MSCI(합성 H),16475,5,-125,-0.75,16481.0,8.0026,651,10,241,2026-08-19 01:00:50
225130,4,ACE 골드선물 레버리지(합성 H),48000,5,-820,-1.68,47955.0,-10.6843,1346,64,240,2026-08-19 01:00:50
438320,4,TIGER 차이나항셍테크레버리지(합성 H),5465,5,-55,-1.0,5593.0,-8.2295,6437,35,240,2026-08-19 01:00:50
496120,1,ACE 코리아밸류업,31930,5,-1665,-4.96,31956.0,-5.482,684,21,239,2026-08-19 01:00:50
481340,6,RISE 미국30년국채액티브,8695,2,45,0.52,8695.0,-8.0528,33181,289,239,2026-08-19 01:00:50
280930,4,KODEX 미국러셀2000(H),17070,5,-180,-1.04,17068.0,9.2463,1289,21,239,2026-08-19 01:00:50
138230,7,KIWOOM 미국달러선물,16440,5,-85,-0.51,16472.0,-5.1378,818,13,238,2026-08-19 01:00:50
411540,1,SOL 200 Top10,16895,5,-725,-4.11,16906.0,-10.6622,1906,31,237,2026-08-19 01:00:50
0206G0,7,1Q 현대차기아채권혼합50,8295,5,-185,-2.18,8312.0,,35741,296,236,2026-08-19 01:00:50
457690,6,KODEX 33-06 국고채액티브,10455,2,5,0.05,10453.0,0.2879,3122,32,235,2026-08-19 01:00:50
0065G0,4,KODEX 차이나테크TOP10,9215,3,0,0.0,9269.0,-9.7714,2510,22,235,2026-08-19 01:00:50
204450,4,KODEX 차이나H레버리지(H),2320,5,-5,-0.22,2338.0,-5.6796,1232,2,232,2026-08-19 01:00:50
461450,1,KODEX 코스닥글로벌,15415,5,-5,-0.03,15450.0,-16.6937,4422,67,231,2026-08-19 01:00:50
477730,4,KODEX 인도타타그룹,7690,5,-35,-0.45,7703.0,-1.5377,114,0,231,2026-08-19 01:00:50
0198B0,2,1Q 삼성전자선물단일종목레버리지,10525,5,-1755,-14.29,10598.0,,6942,72,230,2026-08-19 01:00:50
367740,2,HANARO Fn5G산업,41870,5,-880,-2.06,41838.0,-0.0468,150,6,230,2026-08-19 01:00:50
0067V0,4,TIGER 차이나글로벌리더스TOP3+,10410,3,0,0.0,10492.0,-11.4796,34,0,229,2026-08-19 01:00:50
442550,7,RISE TDF2030액티브 적격,14760,5,-135,-0.91,14654.0,-0.6258,5811,85,229,2026-08-19 01:00:50
292500,1,SOL KRX300,45745,5,-3150,-6.44,46304.0,-8.7703,10020,465,229,2026-08-19 01:00:50
469160,4,ACE 일본반도체,25400,5,-1085,-4.1,25354.0,-1.7072,1250,31,229,2026-08-19 01:00:50
0144M0,4,KODEX 미국드론UAM TOP10,8310,2,5,0.06,8334.0,-5.8391,5255,43,229,2026-08-19 01:00:50
388280,2,RISE K엔터&여행레저,6855,5,-180,-2.56,6859.0,-15.799,1568,10,228,2026-08-19 01:00:50
292160,1,TIGER KRX300,45475,5,-2915,-6.02,45456.0,-8.8,5745,259,227,2026-08-19 01:00:50
0127R0,4,RISE 미국AI클라우드인프라,17450,5,-1255,-6.71,17562.0,4.7686,4698,81,227,2026-08-19 01:00:50
0153X0,4,PLUS 미국고배당주액티브,11610,2,25,0.22,11609.0,6.5151,25567,296,226,2026-08-19 01:00:50
464600,2,SOL 자동차소부장Fn,23830,5,-495,-2.03,23825.0,-7.2627,3535,83,226,2026-08-19 01:00:50
0047P0,4,RISE 테슬라고정테크100,14595,5,-40,-0.27,14573.0,-6.99,193,2,226,2026-08-19 01:00:50
447660,7,PLUS 애플채권혼합,13705,2,100,0.74,13683.0,-0.3361,4633,63,226,2026-08-19 01:00:50
0198D0,2,1Q SK하이닉스선물단일종목레버리지,7280,5,-1520,-17.27,7325.0,,62999,460,226,2026-08-19 01:00:50
289250,2,TIGER MSCI KOREA ESG유니버설,32620,5,-1960,-5.67,32801.0,-6.0312,1655,53,225,2026-08-19 01:00:50
433220,4,에셋플러스 글로벌대장장이액티브,30395,5,-1035,-3.29,30349.0,-10.9506,524,15,225,2026-08-19 01:00:50
159800,1,마이티 코스피100,80325,5,-5970,-6.92,80884.0,-7.6516,19,1,225,2026-08-19 01:00:50
364690,1,KODEX 혁신기술테마액티브,37285,5,-1910,-4.87,37264.0,-8.457,393,14,224,2026-08-19 01:00:50
463300,4,RISE 중국본토CSI300,13905,2,80,0.58,13887.0,-5.9301,1043,14,222,2026-08-19 01:00:50
471460,6,KIWOOM 국고채30년액티브,44300,2,15,0.03,44278.0,-7.8159,440,19,222,2026-08-19 01:00:50
0186L0,4,KoAct 미국로봇피지컬AI액티브,9585,5,-215,-2.19,9575.0,-6.9326,2134,20,220,2026-08-19 01:00:50
0026E0,4,KODEX 미국S&P500버퍼3월액티브,11915,5,-40,-0.33,11933.0,-2.4878,25,0,220,2026-08-19 01:00:50
300950,2,KODEX 게임산업,5370,5,-170,-3.07,5375.0,-13.9752,55875,297,220,2026-08-19 01:00:50
239660,6,PLUS 우량회사채50,121630,2,40,0.03,121608.0,0.7123,217,26,219,2026-08-19 01:00:50
371450,4,TIGER 글로벌클라우드컴퓨팅INDXX,13920,5,-135,-0.96,13932.0,18.3578,12162,170,217,2026-08-19 01:00:50
169950,4,KODEX 차이나A50,26875,2,140,0.52,26721.0,-5.6301,382,10,215,2026-08-19 01:00:50
253290,7,RISE 헬스케어채권혼합,11805,2,25,0.21,11817.0,-2.1129,3152,37,212,2026-08-19 01:00:50
416090,4,ACE 중국과창판STAR50,14005,5,-185,-1.3,14171.0,-1.5609,4795,66,210,2026-08-19 01:00:50
437070,6,KODEX 아시아달러채권ESG플러스액티브,60475,5,-135,-0.22,60436.0,-5.9397,22,1,209,2026-08-19 01:00:50
0177A0,2,WON 두산그룹포커스,8530,5,-365,-4.1,8532.0,-28.84,20707,173,209,2026-08-19 01:00:50
376410,2,TIGER 탄소효율그린뉴딜,23220,5,-1100,-4.52,23248.0,-8.0097,673,15,209,2026-08-19 01:00:50
375760,2,HANARO 탄소효율그린뉴딜,23150,5,-1140,-4.69,23146.0,-7.9251,23,0,208,2026-08-19 01:00:50
304770,1,HANARO 코스닥150,14240,2,40,0.28,14306.0,-23.4502,22239,305,208,2026-08-19 01:00:50
217770,5,TIGER 원유선물인버스(H),1262,5,-7,-0.55,1259.0,8.3689,270793,342,208,2026-08-19 01:00:50
0190M0,4,KIWOOM 미국AI테크하이베타,8790,5,-720,-7.57,8866.0,-7.9381,18591,163,207,2026-08-19 01:00:50
337120,2,KODEX 멀티팩터,34330,3,0,0.0,32532.0,-9.4406,0,0,206,2026-08-19 01:00:50
404260,2,KODEX 기후변화솔루션,22880,5,-490,-2.1,22910.0,-16.1926,335,7,206,2026-08-19 01:00:50
152380,6,KODEX 국채선물10년,64580,3,0,0.0,64541.0,0.0154,238,15,205,2026-08-19 01:00:50
364990,2,TIGER 게임TOP10,4665,5,-155,-3.22,4671.0,-12.602,81671,382,205,2026-08-19 01:00:50
489000,6,PLUS 일본엔화초단기국채(합성),9330,5,-20,-0.21,9339.0,-6.3127,25366,237,205,2026-08-19 01:00:50
497780,4,KoAct 미국천연가스인프라액티브,11060,2,90,0.82,11057.0,-8.2737,668,7,205,2026-08-19 01:00:50
300640,2,RISE 게임테마,6290,5,-150,-2.33,6295.0,-10.6797,2107,13,204,2026-08-19 01:00:50
108590,1,TREX 200,101645,5,-6565,-6.07,101805.0,-7.7283,4,0,203,2026-08-19 01:00:50
0223A0,2,RISE 코스닥커버드콜액티브,10685,5,-75,-0.7,10702.0,,28490,298,203,2026-08-19 01:00:50
091220,2,TIGER 은행,16240,5,-425,-2.55,16259.0,9.5719,23274,375,201,2026-08-19 01:00:50
226980,1,KODEX 200 중소형,22285,5,-550,-2.41,22282.0,-16.1551,467,10,201,2026-08-19 01:00:50
417630,2,TIGER KEDI혁신기업ESG30,19020,5,-360,-1.86,19000.0,-5.0233,2823,53,200,2026-08-19 01:00:50
289040,2,KODEX MSCI KOREA ESG유니버설,33150,3,0,0.0,31512.0,-5.3412,0,0,199,2026-08-19 01:00:50
0104P0,2,TIGER 코리아배당다우존스위클리커버드콜,11000,5,-240,-2.14,11012.0,-3.3481,1895,20,198,2026-08-19 01:00:50
0018Z0,4,RISE 미국양자컴퓨팅,18560,5,-450,-2.37,18660.0,-3.0014,1234,22,195,2026-08-19 01:00:50
415760,4,SOL 차이나육성산업액티브(합성),14310,5,-110,-0.76,14617.0,-0.2767,13880,199,195,2026-08-19 01:00:50
213630,4,PLUS 미국다우존스고배당주(합성 H),21150,2,195,0.93,21323.0,8.1269,3303,69,195,2026-08-19 01:00:50
445910,2,TIGER MKF배당귀족,20290,5,-515,-2.48,20341.0,-5.7377,346,6,193,2026-08-19 01:00:50
0192S0,7,SOL 코스피200채권혼합50,9155,5,-285,-3.02,9172.0,,158272,1454,192,2026-08-19 01:00:50
0203R0,6,WON 중단기종합채권(A-이상)액티브,50435,3,0,0.0,50442.0,,0,0,192,2026-08-19 01:00:50
228820,1,TIGER KTOP30,18195,5,-1010,-5.26,18212.0,-4.6234,13819,250,191,2026-08-19 01:00:50
487950,4,KODEX 대만테크고배당다우존스,13100,5,-110,-0.83,13055.0,4.2589,1959,25,190,2026-08-19 01:00:50
407310,1,HANARO 200 TOP10,16500,5,-660,-3.85,16550.0,-11.1015,2177,35,190,2026-08-19 01:00:50
0224X0,7,1Q 엔비디아알파벳미국채혼합50,9950,5,-10,-0.1,9948.0,,16827,167,189,2026-08-19 01:00:50
284980,2,RISE 200금융,21670,5,-730,-3.26,21669.0,2.3593,2684,57,186,2026-08-19 01:00:50
483330,4,ACE 마이크로소프트밸류체인액티브,14845,5,-140,-0.93,14825.0,1.25,5065,75,186,2026-08-19 01:00:50
379790,4,RISE 유로스탁스50(H),17645,5,-75,-0.42,17597.0,13.4933,15886,279,185,2026-08-19 01:00:50
0105D0,2,SOL 한국AI소프트웨어,9640,5,-270,-2.72,9647.0,-3.4584,32539,313,183,2026-08-19 01:00:50
468370,6,KODEX iShares미국인플레이션국채액티브,10910,5,-10,-0.09,10910.0,-6.3039,2076,22,182,2026-08-19 01:00:50
461910,4,PLUS 미국테크TOP10레버리지(합성),36350,5,-435,-1.18,36440.0,-18.8865,432,15,182,2026-08-19 01:00:50
474920,4,에셋플러스 차이나일등기업포커스10액티브,19280,5,-70,-0.36,19193.0,5.3061,18,0,181,2026-08-19 01:00:50
229720,1,KODEX KTOP30,36010,5,-1895,-5.0,36090.0,-5.4874,1259,45,180,2026-08-19 01:00:50
465670,4,TIGER 미국캐시카우100,17145,2,90,0.53,16996.0,13.2171,26817,462,180,2026-08-19 01:00:50
236350,4,TIGER 인도니프티50레버리지(합성),29010,5,-280,-0.96,28902.0,-6.5263,1075,31,180,2026-08-19 01:00:50
461900,4,PLUS 미국테크TOP10,22450,5,-50,-0.22,22330.0,-8.87,159,3,180,2026-08-19 01:00:50
304760,1,HANARO KRX300,44425,5,-2580,-5.49,44580.0,-9.2568,28,1,178,2026-08-19 01:00:50
449580,7,RISE 테슬라애플아마존채권혼합,16120,2,15,0.09,16113.0,-4.4035,355,5,177,2026-08-19 01:00:50
183710,7,RISE 주식혼합,88645,5,-3860,-4.17,88963.0,-5.746,222,19,177,2026-08-19 01:00:50
385600,2,ACE 2차전지&친환경차액티브,11790,5,-175,-1.46,11788.0,-13.7036,984,11,177,2026-08-19 01:00:50
227830,1,PLUS 코스피,70645,3,0,0.0,67117.0,-9.2985,0,0,177,2026-08-19 01:00:50
276000,4,TIGER 글로벌자원생산기업(합성 H),20770,2,75,0.36,20567.0,1.0498,34,0,177,2026-08-19 01:00:50
195920,4,TIGER 일본TOPIX(합성 H),34975,5,-595,-1.67,34828.0,8.2965,45,1,175,2026-08-19 01:00:50
477490,4,에셋플러스 글로벌일등기업포커스10액티브,19400,5,-340,-1.72,19391.0,-7.8217,29,0,175,2026-08-19 01:00:50
445690,2,BNK 주주가치액티브,28930,5,-1645,-5.38,29165.0,-9.8216,13,0,174,2026-08-19 01:00:50
460660,4,RISE 미국S&P배당킹,12330,3,0,0.0,12336.0,7.4374,1010,12,173,2026-08-19 01:00:50
0086C0,7,TIGER 리츠부동산인프라10채권혼합액티브,9815,5,-90,-0.91,9812.0,-1.578,1153,11,172,2026-08-19 01:00:50
419650,4,PLUS 글로벌수소&차세대연료전지,5255,5,-120,-2.23,5195.0,-25.7084,1059,5,171,2026-08-19 01:00:50
494420,2,PLUS 미국배당증가성장주데일리커버드콜,9480,5,-85,-0.89,9457.0,3.1702,4054,38,171,2026-08-19 01:00:50
404120,2,TIME K신재생에너지액티브,24375,5,-425,-1.71,24355.0,-14.3351,6283,150,171,2026-08-19 01:00:50
280320,4,ACE 미국IT인터넷(합성 H),21075,5,-405,-1.89,21315.0,6.8125,182,3,169,2026-08-19 01:00:50
250730,4,RISE 차이나HSCEI(H),9912,5,-3,-0.03,10008.0,-0.8996,110,1,169,2026-08-19 01:00:50
332620,6,PLUS 미국장기우량회사채,89605,2,285,0.32,89503.0,-7.9097,114,10,168,2026-08-19 01:00:50
225060,4,TIGER 이머징마켓MSCI레버리지(합성 H),15785,5,-310,-1.93,15685.0,2.6794,32,0,167,2026-08-19 01:00:50
453630,4,KODEX 미국S&P500필수소비재,12700,2,140,1.11,12705.0,-4.7032,3258,41,165,2026-08-19 01:00:50
0207Z0,4,KIWOOM 미국우주데이터센터인프라,7430,5,-155,-2.04,7460.0,,3311,24,163,2026-08-19 01:00:50
291130,4,ACE MSCI멕시코(합성),18155,5,-25,-0.14,18094.0,-7.9028,3,0,163,2026-08-19 01:00:50
289260,2,TIGER MSCI KOREA ESG리더스,27180,5,-1395,-4.88,27165.0,-2.1237,10077,273,163,2026-08-19 01:00:50
292050,1,RISE KRX300,46400,5,-2845,-5.78,46553.0,-9.0834,1260,58,162,2026-08-19 01:00:50
0193L0,2,PLUS 삼성전자선물단일종목인버스2X,10825,2,1295,13.59,10837.0,,639770,6927,162,2026-08-19 01:00:50
0216Z0,2,ACE K방산TOP5+,9260,5,-255,-2.68,9292.0,,107905,1011,162,2026-08-19 01:00:50
391670,1,HK 베스트일레븐액티브,26975,5,-2070,-7.13,27431.0,-3.4409,2,0,162,2026-08-19 01:00:50
0104G0,2,PLUS K방산레버리지,6600,5,-395,-5.65,6652.0,-43.3604,77065,523,162,2026-08-19 01:00:50
219390,4,RISE 미국S&P원유생산기업(합성 H),8065,3,0,0.0,8203.0,2.6734,16377,132,161,2026-08-19 01:00:50
432840,4,HANARO 미국S&P500,20105,5,-155,-0.77,20162.0,-1.1718,420,8,161,2026-08-19 01:00:50
0193K0,2,PLUS 삼성전자단일종목레버리지,11200,5,-1740,-13.45,11236.0,,28677,327,160,2026-08-19 01:00:50
265690,4,ACE 러시아MSCI(합성),8535,3,0,0.0,48.0,0.0,0,0,158,2026-08-19 01:00:50
131890,2,ACE 삼성그룹동일가중,39320,5,-1330,-3.27,39220.0,2.1356,350,13,157,2026-08-19 01:00:50
387280,2,TIGER 퓨처모빌리티액티브,11615,5,-280,-2.35,11597.0,-18.2756,20155,231,157,2026-08-19 01:00:50
488290,4,MIDAS 일본테크액티브,44500,5,-2230,-4.77,44941.0,-0.1923,450,19,156,2026-08-19 01:00:50
453820,4,KODEX 인도Nifty50레버리지(합성),11870,5,-155,-1.29,11930.0,-6.0914,379,4,154,2026-08-19 01:00:50
266410,2,KODEX 필수소비재,9595,5,-140,-1.44,9618.0,0.1962,4058,38,154,2026-08-19 01:00:50
0220A0,7,KIWOOM 현대차그룹TOP3채권혼합50,9560,5,-225,-2.3,9568.0,,6610,62,153,2026-08-19 01:00:50
0090B0,2,PLUS K방산소부장,6910,5,-95,-1.36,6910.0,-42.3694,59293,409,152,2026-08-19 01:00:50
114460,6,ACE 국고채3년,100575,5,-15,-0.01,100590.0,0.7322,1724,173,151,2026-08-19 01:00:50
337150,2,KODEX 200exTOP,24825,5,-1120,-4.32,24877.0,-8.4093,182,4,149,2026-08-19 01:00:50
0013P0,4,RISE 미국은행TOP10,13500,2,50,0.37,13444.0,13.4978,2132,28,149,2026-08-19 01:00:50
491510,2,파워 K-주주가치액티브,17315,5,-400,-2.26,17343.0,-5.3724,10,0,147,2026-08-19 01:00:50
453010,7,PLUS KOFR금리,109735,2,10,0.01,109747.0,0.6282,104,11,147,2026-08-19 01:00:50
130680,5,TIGER 원유선물Enhanced(H),6995,2,5,0.07,7022.0,-13.5971,26294,183,147,2026-08-19 01:00:50
104520,2,KIWOOM 블루칩,14660,5,-390,-2.59,14668.0,-6.148,9,0,147,2026-08-19 01:00:50
0051A0,4,KoAct 브로드컴밸류체인액티브,24300,5,-910,-3.61,24406.0,-1.6771,1259,30,146,2026-08-19 01:00:50
413930,2,WON AI ESG액티브,26420,5,-1470,-5.27,26493.0,-8.5874,1274,33,145,2026-08-19 01:00:50
396510,4,TIGER 차이나클린에너지SOLACTIVE,7860,2,30,0.38,7893.0,-17.7522,2213,17,145,2026-08-19 01:00:50
0153P0,2,ACE 리츠부동산인프라액티브,9505,5,-30,-0.31,9495.0,-2.6037,12104,114,143,2026-08-19 01:00:50
0004G0,4,1Q 미국배당TOP30,9430,2,25,0.27,9423.0,6.4537,1025,9,141,2026-08-19 01:00:50
102960,2,KODEX 기계장비,13290,5,-380,-2.78,13290.0,-26.781,1294,16,141,2026-08-19 01:00:50
0028X0,4,KODEX 미국금융테크액티브,12200,5,-40,-0.33,12188.0,11.5069,337,4,140,2026-08-19 01:00:50
438900,2,HANARO Fn K-푸드,11205,5,-160,-1.41,11226.0,-5.8716,9172,102,140,2026-08-19 01:00:50
244620,2,KODEX 모멘텀Plus,19975,5,-340,-1.67,20046.0,-14.4452,72,1,140,2026-08-19 01:00:50
360150,2,KODEX 코스닥150롱코스피200숏선물,3370,2,210,6.65,3366.0,-21.7822,159859,531,138,2026-08-19 01:00:50
373490,2,KODEX 코리아혁신성장액티브,25040,5,-780,-3.02,24987.0,-19.8511,22,0,138,2026-08-19 01:00:50
417450,4,RISE 글로벌수소경제,16170,5,-430,-2.59,16024.0,-19.6781,144,2,137,2026-08-19 01:00:50
234310,2,RISE V&S셀렉트밸류,27410,5,-1090,-3.82,27395.0,-9.3368,6,0,137,2026-08-19 01:00:50
0127T0,4,KIWOOM 미국S&P500&배당다우존스비중전환,11345,5,-15,-0.13,11313.0,-0.3121,1056,11,136,2026-08-19 01:00:50
0088N0,2,WON K-글로벌수급상위,10805,5,-40,-0.37,10788.0,-21.3846,1000,10,135,2026-08-19 01:00:50
0127V0,4,KIWOOM 미국S&P500 TOP10&배당다우비중전환,10805,5,-25,-0.23,10806.0,-5.733,179,1,135,2026-08-19 01:00:50
404650,2,SOL KRX기후변화솔루션,22505,5,-910,-3.89,22905.0,-15.728,42,0,135,2026-08-19 01:00:50
484890,6,SOL 머니마켓액티브,52475,5,-5,-0.01,52480.0,0.6617,11446,600,133,2026-08-19 01:00:50
489860,4,KIWOOM 글로벌전력GRID인프라,15680,5,-530,-3.27,15668.0,-4.7485,649,10,133,2026-08-19 01:00:50
280920,2,PLUS 주도업종,23940,3,0,0.0,23040.0,-10.838,0,0,132,2026-08-19 01:00:50
496130,1,TRUSTON 코리아밸류업액티브,24305,5,-1275,-4.98,24340.0,-10.9022,47,1,131,2026-08-19 01:00:50
266390,2,KODEX 경기소비재,14550,5,-410,-2.74,14551.0,5.5945,131,1,131,2026-08-19 01:00:50
428560,4,KODEX 미국ETF산업Top10 Indxx,16360,2,245,1.52,16353.0,-0.2838,282,4,131,2026-08-19 01:00:50
0222F0,2,마이티 AI데이터센터밸류체인,12460,5,-500,-3.86,12447.0,,969,11,131,2026-08-19 01:00:50
472720,1,TRUSTON 주주가치액티브,24830,5,-1140,-4.39,24802.0,-11.9662,430,10,129,2026-08-19 01:00:50
395760,2,PLUS ESG성장주액티브,21365,3,0,0.0,20339.0,-9.1238,0,0,128,2026-08-19 01:00:50
176950,6,KODEX 국채선물10년인버스,60725,3,0,0.0,60678.0,1.0735,0,0,128,2026-08-19 01:00:50
435040,4,ACE 글로벌브랜드TOP10,19610,2,165,0.85,19612.0,-3.3748,4056,79,127,2026-08-19 01:00:50
290080,3,RISE 200고배당커버드콜ATM,7280,2,5,0.07,7327.0,10.7711,1701,12,127,2026-08-19 01:00:50
279540,2,KODEX 최소변동성,21225,3,0,0.0,20451.0,-8.4642,0,0,127,2026-08-19 01:00:50
252650,1,KODEX 200동일가중,18180,5,-430,-2.31,18230.0,-9.5688,2267,40,127,2026-08-19 01:00:50
272570,6,RISE 중장기국공채액티브,107775,2,75,0.07,107730.0,0.4055,13,1,127,2026-08-19 01:00:50
137610,5,TIGER 농산물선물Enhanced(H),5527,5,-13,-0.23,5549.0,0.5444,2942,16,127,2026-08-19 01:00:50
435550,7,KIWOOM TDF2050액티브 적격,18135,5,-185,-1.01,18126.0,-1.7159,149,2,127,2026-08-19 01:00:50
300610,2,TIGER K게임,5260,5,-150,-2.77,5271.0,-11.5291,23227,122,126,2026-08-19 01:00:50
0015F0,7,KIWOOM 팔란티어미국30년국채혼합액티브(H),10405,2,30,0.29,10455.0,5.8647,1059,11,125,2026-08-19 01:00:50
0008E0,4,ACE 미국중심중소형제조업,13130,5,-445,-3.28,13134.0,-6.669,333,4,125,2026-08-19 01:00:50
269370,4,TIGER S&P글로벌인프라(합성),17810,2,180,1.02,17574.0,-4.9465,437,7,125,2026-08-19 01:00:50
363510,6,SOL KIS단기통안채,112035,3,0,0.0,112050.0,0.57,0,0,124,2026-08-19 01:00:50
453660,4,KODEX 미국S&P500경기소비재,17695,5,-20,-0.11,17680.0,-5.0529,13,0,124,2026-08-19 01:00:50
400570,4,KODEX 유럽탄소배출권선물ICE(H),11245,2,90,0.81,11348.0,6.7975,665,7,124,2026-08-19 01:00:50
485810,4,TIME 글로벌바이오액티브,11220,2,225,2.05,11182.0,8.9692,2707,30,123,2026-08-19 01:00:50
332610,6,PLUS 미국단기회사채(AAA~A),128315,5,-315,-0.24,128308.0,-5.2088,6,0,123,2026-08-19 01:00:50
269530,4,PLUS S&P글로벌인프라,20460,5,-245,-1.18,20478.0,-4.7331,145,3,123,2026-08-19 01:00:50
453060,6,HANARO KOFR금리액티브(합성),111300,2,20,0.02,111289.0,0.6648,50,5,122,2026-08-19 01:00:50
0000H0,2,KODEX 인도Nifty미드캡100,10625,5,-70,-0.65,10693.0,-0.2353,213,2,122,2026-08-19 01:00:50
0221Z0,2,ACE K바이오코스닥액티브,10990,2,45,0.41,10998.0,,143446,1549,121,2026-08-19 01:00:50
140580,2,RISE 우량업종대표주,23940,5,-835,-3.37,24056.0,-11.1371,6,0,120,2026-08-19 01:00:50
251590,2,PLUS 고배당저변동50,16920,5,-195,-1.14,16974.0,-5.6523,1224,20,118,2026-08-19 01:00:50
448490,6,HANARO 32-10 국고채액티브,52700,2,155,0.29,52606.0,-0.2942,1,0,118,2026-08-19 01:00:50
354240,7,RISE 미국고정배당우선증권,10730,5,-45,-0.42,10697.0,-8.1024,374,4,118,2026-08-19 01:00:50
457700,6,KODEX 53-09 국고채액티브,8915,3,0,0.0,8901.0,-6.9416,1224,10,118,2026-08-19 01:00:50
0208N0,1,IBK 코스피액티브,7095,5,-470,-6.21,7101.0,,990,6,117,2026-08-19 01:00:50
487750,2,BNK 온디바이스AI,29210,5,-1380,-4.51,29199.0,-11.3719,571,16,117,2026-08-19 01:00:50
0002C0,4,에셋플러스 인도일등기업포커스20액티브,10050,5,-10,-0.1,10048.0,6.2302,53,0,117,2026-08-19 01:00:50
0093B0,4,RISE 엔비디아고정테크100,12915,5,-110,-0.84,12893.0,-2.6139,78,1,116,2026-08-19 01:00:50
409810,4,KODEX 미국나스닥100선물인버스(H),5530,2,55,1.0,5521.0,-3.354,69626,386,116,2026-08-19 01:00:50
0084E0,7,KIWOOM 미국대형주500월간목표헤지액티브,10530,3,0,0.0,10450.0,-4.36,0,0,116,2026-08-19 01:00:50
446700,2,RISE 배터리 리사이클링,10115,5,-220,-2.13,10125.0,-24.0353,2279,22,115,2026-08-19 01:00:50
463640,4,KODEX 미국S&P500유틸리티,14315,5,-115,-0.8,14315.0,-4.214,892,12,115,2026-08-19 01:00:50
419420,4,KODEX 미국클린에너지나스닥,9475,5,-375,-3.81,9416.0,-17.1464,251,2,114,2026-08-19 01:00:50
0222D0,2,KoAct 고배당액티브,10335,5,-200,-1.9,10341.0,,3763,38,114,2026-08-19 01:00:50
371870,4,ACE 차이나항셍테크,7065,5,-75,-1.05,7138.0,-7.6327,800,5,113,2026-08-19 01:00:50
410870,2,TIME K컬처액티브,9395,5,-195,-2.03,9436.0,-13.4477,490,4,113,2026-08-19 01:00:50
451150,4,에셋플러스 글로벌영에이지액티브,18115,2,35,0.19,18027.0,-1.3639,3,0,112,2026-08-19 01:00:50
451600,6,PLUS 국고채30년액티브,81950,2,40,0.05,81645.0,-7.811,1,0,112,2026-08-19 01:00:50
430500,7,KIWOOM 물가채KIS,112025,2,220,0.2,111955.0,-0.4408,205,22,112,2026-08-19 01:00:50
166400,3,TIGER 200커버드콜OTM,22320,5,-910,-3.92,22451.0,8.7821,166,3,112,2026-08-19 01:00:50
0194R0,2,KIWOOM SK하이닉스선물단일종목레버리지,6850,5,-1385,-16.82,6910.0,,17673,121,111,2026-08-19 01:00:50
0094L0,4,RISE 차이나테크TOP10위클리타겟커버드콜,7925,5,-80,-1.0,8038.0,-10.323,843,6,111,2026-08-19 01:00:50
464610,2,SOL 의료기기소부장Fn,7395,5,-190,-2.5,7388.0,-13.8558,1860,13,111,2026-08-19 01:00:50
498050,2,HANARO 바이오코리아액티브,11005,2,20,0.18,11016.0,-16.6541,4390,47,110,2026-08-19 01:00:50
461580,1,TIGER 코스닥글로벌,15690,5,-165,-1.04,15775.0,-16.3104,15093,234,110,2026-08-19 01:00:50
0068M0,4,KODEX 미국S&P500버퍼6월액티브,12070,3,0,0.0,12037.0,-1.4816,0,0,109,2026-08-19 01:00:50
407820,2,에셋플러스 코리아플랫폼액티브,6020,5,-225,-3.6,6025.0,-21.1988,6155,36,108,2026-08-19 01:00:50
310080,4,RISE 중국MSCI China(H),9395,3,0,0.0,9437.0,-2.5415,129,1,108,2026-08-19 01:00:50
140710,2,KODEX 운송,6345,5,-105,-1.63,6356.0,-3.7746,7450,46,108,2026-08-19 01:00:50
494180,4,TIME 글로벌소비트렌드액티브,13480,2,95,0.71,13484.0,-5.1382,9,0,108,2026-08-19 01:00:50
0191S0,1,IBK 코스닥150,14455,5,-50,-0.34,14410.0,,112,1,107,2026-08-19 01:00:50
385710,2,TIME K이노베이션액티브,10665,5,-240,-2.2,10681.0,-27.9247,5139,54,107,2026-08-19 01:00:50
0001P0,2,마이티 바이오시밀러&CDMO액티브,9465,5,-120,-1.25,9452.0,-14.8,301,2,106,2026-08-19 01:00:50
0203D0,7,PLUS 200위클리커버드콜채권혼합,8750,5,-275,-3.05,8754.0,,10423,90,105,2026-08-19 01:00:50
456250,4,KODEX 유럽명품TOP10 STOXX,9050,5,-5,-0.06,9054.0,-0.2533,330,2,104,2026-08-19 01:00:50
354350,4,HANARO 글로벌럭셔리S&P(합성),19980,5,-5,-0.03,19979.0,-1.9863,244,4,104,2026-08-19 01:00:50
460270,6,KIWOOM 미국달러SOFR금리액티브(합성),12790,5,-15,-0.12,12786.0,-5.0779,206,2,104,2026-08-19 01:00:50
0113G0,4,KoAct 미국바이오헬스케어액티브,11490,2,190,1.68,11460.0,13.5107,1923,22,103,2026-08-19 01:00:50
487910,4,ACE 인도컨슈머파워액티브,8610,5,-85,-0.98,8652.0,1.3994,531,4,103,2026-08-19 01:00:50
181480,7,ACE 미국부동산리츠(합성 H),85305,5,-340,-0.4,85480.0,5.0246,580,49,102,2026-08-19 01:00:50
237440,7,TIGER 경기방어채권혼합,10225,5,-90,-0.87,10283.0,1.0284,1302,13,102,2026-08-19 01:00:50
429010,4,TIGER 미국나스닥넥스트100,20305,5,-215,-1.05,20264.0,5.5555,117,2,102,2026-08-19 01:00:50
140570,2,RISE 수출주,25290,5,-715,-2.75,25374.0,-9.7363,261,6,101,2026-08-19 01:00:50
0067Y0,4,TIGER 차이나AI소프트웨어,11230,5,-30,-0.27,11224.0,-15.3384,314,3,101,2026-08-19 01:00:50
117690,4,TIGER 차이나항셍30,20140,5,-5,-0.02,20198.0,-6.973,24,0,101,2026-08-19 01:00:50
0226G0,2,WON 피지컬AI TOP2플러스액티브,12500,5,-520,-3.99,12516.0,,29825,369,100,2026-08-19 01:00:50
0189Z0,2,DAISHIN 금융&지주고배당,9960,5,-250,-2.45,10040.0,,42,0,100,2026-08-19 01:00:50
463690,4,KODEX 미국S&P500커뮤니케이션,17885,5,-75,-0.42,17980.0,-10.0023,227,4,98,2026-08-19 01:00:50
0174R0,4,KIWOOM 미국성장다우존스,11485,5,-80,-0.69,11493.0,-2.6885,228,2,98,2026-08-19 01:00:50
0227K0,4,RISE 미국우주위성통신,9730,5,-455,-4.47,9886.0,,2947,28,97,2026-08-19 01:00:50
0120J0,2,BNK 카카오그룹포커스,7700,5,-145,-1.85,7705.0,-11.2557,6833,52,96,2026-08-19 01:00:50
281990,2,RISE 중소형고배당,17455,5,-350,-1.97,17518.0,-6.7749,20,0,96,2026-08-19 01:00:50
449680,7,TIGER 한중전기차(합성),11250,3,0,0.0,11138.0,-24.1659,0,0,96,2026-08-19 01:00:50
399580,4,RISE 글로벌클린에너지,9530,5,-140,-1.45,9496.0,-21.685,532,5,95,2026-08-19 01:00:50
482030,2,KoAct 반도체&2차전지핵심소재액티브,9005,5,-100,-1.1,8989.0,-30.8394,2643,23,95,2026-08-19 01:00:50
0224D0,4,KIWOOM 미국CPU반도체TOP4+,9450,5,-315,-3.23,9523.0,,3088,28,95,2026-08-19 01:00:50
252000,1,TIGER 200동일가중,18855,5,-550,-2.83,19085.0,-9.4237,3219,60,94,2026-08-19 01:00:50
0214M0,2,MIDAS 바이오헬스케어액티브,11070,5,-135,-1.2,11262.0,,700,7,94,2026-08-19 01:00:50
0084D0,7,KIWOOM 미국테크100월간목표헤지액티브,11705,3,0,0.0,11599.0,-4.2941,0,0,94,2026-08-19 01:00:50
497510,4,ACE 글로벌빅파마,13320,2,320,2.46,13317.0,5.0352,229,3,93,2026-08-19 01:00:50
301400,1,PLUS 코스닥150,14325,5,-55,-0.38,14439.0,-23.2658,1019,14,93,2026-08-19 01:00:50
375270,7,RISE 글로벌데이터센터리츠(합성),14245,5,-335,-2.3,14207.0,-8.875,50,0,93,2026-08-19 01:00:50
0133E0,4,TIGER 차이나증권,8790,2,15,0.17,8844.0,-1.4045,426,3,92,2026-08-19 01:00:50
371150,4,RISE 차이나항셍테크,7095,5,-25,-0.35,7118.0,-7.5724,160,1,92,2026-08-19 01:00:50
341850,7,TIGER 리츠부동산인프라채권,4590,5,-15,-0.33,4590.0,-0.4137,4303,19,92,2026-08-19 01:00:50
0216K0,7,KIWOOM 미국우주테크TOP2채권혼합50,9000,5,-15,-0.17,9076.0,,25152,224,90,2026-08-19 01:00:50
0194N0,2,KIWOOM 삼성전자선물단일종목레버리지,10245,5,-1735,-14.48,10320.0,,6429,65,90,2026-08-19 01:00:50
230480,7,KIWOOM 미국달러선물인버스2X,4460,2,30,0.68,4469.0,11.5869,712,3,90,2026-08-19 01:00:50
0219B0,2,KoAct 광통신&위성네트워크액티브,11005,5,-270,-2.39,11024.0,,8830,95,88,2026-08-19 01:00:50
435540,7,KIWOOM TDF2040액티브 적격,17580,5,-125,-0.71,17594.0,-1.885,601,10,88,2026-08-19 01:00:50
139240,2,TIGER 200 철강소재,10450,5,-430,-3.95,10481.0,-25.3517,1029,10,88,2026-08-19 01:00:50
174350,2,TIGER 로우볼,20715,5,-290,-1.38,20773.0,1.708,3381,69,87,2026-08-19 01:00:50
429980,7,SOL 한국형글로벌전기차&2차전지액티브,17365,5,-445,-2.5,17395.0,-13.9614,46,0,87,2026-08-19 01:00:50
497520,4,ACE 일라이릴리밸류체인,13315,2,175,1.33,13324.0,10.886,17146,228,87,2026-08-19 01:00:50
215620,2,HK S&P코리아로우볼,15965,3,0,0.0,15897.0,-7.7168,0,0,86,2026-08-19 01:00:50
105010,4,TIGER 라틴35,6125,5,-75,-1.21,6132.0,-10.3709,107,0,86,2026-08-19 01:00:50
395150,2,KODEX 웹툰&드라마,1784,5,-57,-3.1,1784.0,-15.9361,4024,7,86,2026-08-19 01:00:50
381570,2,HANARO Fn친환경에너지,10065,2,40,0.4,10076.0,-26.7447,1515,14,86,2026-08-19 01:00:50
0219Z0,4,HANARO 미국S&P500액티브,10655,5,-460,-4.14,10793.0,,877,9,85,2026-08-19 01:00:50
466810,2,BNK 2차전지양극재,5660,5,-50,-0.88,5653.0,-26.6539,15559,86,85,2026-08-19 01:00:50
462340,4,에셋플러스 글로벌다이나믹시니어액티브,16885,2,165,0.99,16819.0,5.5555,70,1,84,2026-08-19 01:00:50
457930,2,BNK 미래전략기술액티브,28105,3,0,0.0,27065.0,-16.1546,0,0,84,2026-08-19 01:00:50
0215T0,4,HANARO 미국AI광통신TOP10,9315,5,-885,-8.68,9404.0,,27038,250,84,2026-08-19 01:00:50
270800,2,RISE KQ고배당,15075,5,-320,-2.08,15149.0,-18.9362,7,0,83,2026-08-19 01:00:50
182490,6,TIGER 단기선진하이일드(합성 H),13810,5,-70,-0.5,13853.0,1.0556,303,4,83,2026-08-19 01:00:50
261110,7,TIGER 미국달러선물레버리지,16550,5,-130,-0.78,16580.0,-10.7545,96,1,83,2026-08-19 01:00:50
395750,2,PLUS ESG가치주액티브,20570,3,0,0.0,19680.0,-8.6793,0,0,82,2026-08-19 01:00:50
395280,2,HANARO Fn K-게임,3500,5,-105,-2.91,3492.0,-10.8777,18592,65,82,2026-08-19 01:00:50
487920,4,ACE 인도시장대표BIG5그룹액티브,8175,5,-30,-0.37,8184.0,-1.323,463,3,82,2026-08-19 01:00:50
217780,4,TIGER 차이나CSI300인버스(합성),5270,2,40,0.76,5259.0,6.7346,1,0,82,2026-08-19 01:00:50
0218K0,2,BNK 스마트카,10870,5,-310,-2.77,10837.0,,56,0,82,2026-08-19 01:00:50
256450,4,PLUS 심천차이넥스트(합성),16230,5,-15,-0.09,16593.0,-11.5919,510,8,81,2026-08-19 01:00:50
0082F0,4,HANARO 유럽방산,11545,5,-185,-1.58,11583.0,18.4848,657,7,81,2026-08-19 01:00:50
404540,2,TIGER KRX기후변화솔루션,22860,5,-680,-2.89,23029.0,-15.2678,9958,225,80,2026-08-19 01:00:50
253280,2,RISE 헬스케어,13305,5,-95,-0.71,13326.0,-10.0068,76,0,80,2026-08-19 01:00:50
225800,7,KIWOOM 미국달러선물레버리지,15590,5,-105,-0.67,15602.0,-11.0261,130,2,80,2026-08-19 01:00:50
480460,7,WON 한국부동산TOP3플러스,9315,5,-175,-1.84,9314.0,-1.3946,122,1,79,2026-08-19 01:00:50
0166T0,4,PLUS 글로벌저작권핵심기업액티브,9885,2,45,0.46,9892.0,-3.3399,2001,19,79,2026-08-19 01:00:50
0226D0,7,FOCUS 금융반도체지주채권혼합50액티브,9855,5,-255,-2.52,9860.0,,2503,24,79,2026-08-19 01:00:50
0172Y0,2,ACE K수출핵심TOP10산업액티브,9255,5,-500,-5.13,9264.0,-13.0571,1813,16,79,2026-08-19 01:00:50
0184N0,7,PLUS 은채권혼합,8725,5,-170,-1.91,8773.0,-8.7225,1799,15,79,2026-08-19 01:00:50
0138D0,2,RISE 동학개미,12070,5,-580,-4.58,12053.0,-26.1745,280,3,78,2026-08-19 01:00:50
0094X0,4,1Q 샤오미밸류체인액티브,8715,5,-70,-0.8,8723.0,-11.3748,71,0,78,2026-08-19 01:00:50
435530,7,KIWOOM TDF2030액티브 적격,15625,5,-50,-0.32,15586.0,-2.3447,32,0,78,2026-08-19 01:00:50
494210,4,SOL 미국500타겟데일리커버드콜액티브,11155,5,-30,-0.27,11126.0,-1.4221,327,3,78,2026-08-19 01:00:50
189400,4,PLUS 글로벌MSCI(합성 H),25905,5,-120,-0.46,25894.0,5.0878,22,0,78,2026-08-19 01:00:50
438740,2,MIDAS 중소형액티브,33580,3,0,0.0,33156.0,-13.7316,0,0,76,2026-08-19 01:00:50
225050,4,TIGER 유로스탁스레버리지(합성 H),16745,5,-385,-2.25,16896.0,26.9359,619,10,75,2026-08-19 01:00:50
304670,6,KODEX 미국30년국채울트라선물인버스(H),12475,5,-50,-0.4,12483.0,2.2031,5,0,75,2026-08-19 01:00:50
0005C0,6,RISE 미국S&P500엔화노출(합성 H),11450,5,-30,-0.26,11447.0,-2.5054,113,1,74,2026-08-19 01:00:50
390400,4,KODEX 미국스마트모빌리티S&P,7440,5,-280,-3.63,7509.0,-6.863,231,1,74,2026-08-19 01:00:50
227570,2,TIGER 우량가치,20660,5,-415,-1.97,20719.0,-8.23,229,4,74,2026-08-19 01:00:50
0047N0,4,PLUS 차이나AI테크TOP10,10590,5,-125,-1.17,10643.0,-5.8436,77,0,74,2026-08-19 01:00:50
437370,4,RISE 글로벌농업경제,10490,2,40,0.38,10418.0,-5.3464,374,3,73,2026-08-19 01:00:50
450180,7,KODEX 한중전기차(합성),11270,5,-225,-1.96,11432.0,-24.0503,107,1,73,2026-08-19 01:00:50
0184V0,2,UNICORN K바이오액티브,6365,2,145,2.33,6363.0,-28.4235,7375,46,73,2026-08-19 01:00:50
488480,4,RISE 일본섹터TOP4Plus,13295,5,-410,-2.99,13211.0,-1.5285,301,3,73,2026-08-19 01:00:50
402460,2,HANARO Fn K-메타버스MZ,14615,5,-415,-2.76,14591.0,9.4355,34,0,73,2026-08-19 01:00:50
285690,2,FOCUS ESG리더스,20800,5,-965,-4.43,21066.0,-6.9872,1,0,73,2026-08-19 01:00:50
0036Z0,4,RISE 미국천연가스밸류체인,13100,2,280,2.18,13048.0,-5.5344,354,4,72,2026-08-19 01:00:50
139660,7,KIWOOM 미국달러선물인버스,8240,2,20,0.24,8240.0,6.3389,21,0,72,2026-08-19 01:00:50
400590,4,SOL 글로벌탄소배출권선물ICE(합성),14290,2,70,0.49,14362.0,1.8989,7,0,71,2026-08-19 01:00:50
326230,2,RISE 내수주플러스,11110,5,-245,-2.16,11202.0,-7.683,104,1,71,2026-08-19 01:00:50
368680,2,KODEX K-뉴딜디지털플러스,7835,5,-205,-2.55,7894.0,-11.9237,134,1,71,2026-08-19 01:00:50
250780,3,TIGER 코스닥150선물인버스,2420,5,-5,-0.21,2422.0,13.5831,390289,962,69,2026-08-19 01:00:50
429740,7,PLUS K리츠,6210,2,20,0.32,6201.0,-3.9679,593,3,68,2026-08-19 01:00:50
0176P0,2,FOCUS AI반도체위클리고정커버드콜,12285,5,-525,-4.1,12308.0,-5.3934,1296,15,68,2026-08-19 01:00:50
139290,2,TIGER 200 경기소비재,25870,5,-1240,-4.57,25960.0,-15.2681,6991,180,67,2026-08-19 01:00:50
456200,6,PLUS 미국달러SOFR금리액티브(합성),61095,5,-55,-0.09,60955.0,-5.3626,2,0,67,2026-08-19 01:00:50
244670,2,KODEX 밸류Plus,11195,5,-395,-3.41,11290.0,-7.4415,13,0,67,2026-08-19 01:00:50
0102X0,4,ACE 유럽방산TOP10,10195,5,-185,-1.78,10274.0,14.3039,2866,29,66,2026-08-19 01:00:50
316300,7,ACE 싱가포르리츠,13195,5,-30,-0.23,13303.0,-3.9592,28,0,66,2026-08-19 01:00:50
0087F0,4,ACE 차이나AI빅테크TOP2+액티브,12830,5,-45,-0.35,12898.0,-2.7936,157,2,64,2026-08-19 01:00:50
219900,4,ACE 중국본토CSI300레버리지(합성),4575,5,-5,-0.11,4631.0,-16.4234,284,1,64,2026-08-19 01:00:50
315270,2,TIGER 200커뮤니케이션서비스,19775,5,-820,-3.98,19809.0,-5.0785,11448,224,63,2026-08-19 01:00:50
307510,2,TIGER 의료기기,12600,5,-190,-1.49,12593.0,-20.7361,4852,60,63,2026-08-19 01:00:50
0114X0,4,RISE 글로벌게임테크TOP3Plus,8715,5,-45,-0.51,8725.0,3.8529,10,0,61,2026-08-19 01:00:50
138920,5,KODEX 콩선물(H),12045,5,-55,-0.45,12051.0,0.3316,195,2,60,2026-08-19 01:00:50
289670,6,PLUS 국채선물10년,51830,2,65,0.13,51749.0,0.0386,44,2,60,2026-08-19 01:00:50
291890,4,KODEX MSCI EM선물(H),12025,5,-295,-2.39,11978.0,2.5384,3076,36,60,2026-08-19 01:00:50
0191B0,1,MIDAS 코스닥액티브,29995,2,230,0.77,29838.0,,51,1,60,2026-08-19 01:00:50
413220,4,SOL 차이나태양광CSI(합성),4985,5,-15,-0.3,4988.0,-23.2541,749,3,60,2026-08-19 01:00:50
469530,3,RISE 미국달러선물인버스,9210,2,30,0.33,9224.0,6.3731,3,0,59,2026-08-19 01:00:50
401590,4,HANARO 글로벌탄소배출권선물ICE(합성),11410,2,50,0.44,11461.0,1.0226,11,0,58,2026-08-19 01:00:50
400580,4,SOL 유럽탄소배출권선물S&P(H),11625,2,135,1.17,11672.0,7.5842,56,0,58,2026-08-19 01:00:50
0053M0,2,더제이 중소형포커스액티브,12905,5,-270,-2.05,12880.0,-12.6906,36,0,58,2026-08-19 01:00:50
314700,2,HANARO 농업융복합산업,10430,5,-335,-3.11,10495.0,-18.8147,55,0,57,2026-08-19 01:00:50
433250,1,UNICORN R&D 액티브,22925,5,-1030,-4.3,22893.0,-10.9976,3,0,57,2026-08-19 01:00:50
451670,6,RISE 국채30년레버리지(합성),11460,2,25,0.22,11367.0,-18.5832,46,0,57,2026-08-19 01:00:50
483020,2,KIWOOM 의료AI,9525,5,-105,-1.09,9525.0,-15.7481,390,3,57,2026-08-19 01:00:50
220130,4,SOL 차이나강소기업CSI500(합성 H),7095,3,0,0.0,7141.0,-2.5413,0,0,57,2026-08-19 01:00:50
407300,2,HANARO Fn골프테마,10310,5,-540,-4.98,10328.0,-17.0591,2,0,57,2026-08-19 01:00:50
476310,4,RISE 글로벌비만산업TOP2+,10235,2,220,2.2,10336.0,2.3399,1175,11,56,2026-08-19 01:00:50
267450,6,RISE 미국장기국채선물인버스(H),11210,3,0,0.0,11199.0,0.5832,0,0,56,2026-08-19 01:00:50
470310,2,UNICORN 생성형AI강소기업액티브,18515,5,-475,-2.5,18489.0,11.1501,32942,622,56,2026-08-19 01:00:50
499150,4,SOL 미국S&P500엔화노출(H),11075,3,0,0.0,11040.0,-2.7189,0,0,55,2026-08-19 01:00:50
432600,6,RISE 국채선물3년,55285,2,55,0.1,55231.0,0.9873,1,0,55,2026-08-19 01:00:50
488200,2,KIWOOM K-2차전지북미공급망,12140,5,-230,-1.86,12100.0,-24.5208,2117,25,55,2026-08-19 01:00:50
483030,4,KIWOOM 미국블록버스터바이오테크의약품+,12060,2,170,1.43,12142.0,6.1251,1216,14,54,2026-08-19 01:00:50
490330,4,KoAct 미국치매&뇌질환치료제액티브,15485,2,205,1.34,15473.0,14.3712,359,5,54,2026-08-19 01:00:50
0174J0,7,DAISHIN 오피스리츠플러스,8915,5,-5,-0.06,8918.0,-1.7464,13972,124,53,2026-08-19 01:00:50
321410,7,KODEX 멀티에셋하이인컴(H),10655,3,0,0.0,10657.0,2.4412,0,0,53,2026-08-19 01:00:50
474390,6,SOL 국고채30년액티브,39220,5,-15,-0.04,39186.0,-8.7453,28,1,53,2026-08-19 01:00:50
0015E0,7,KIWOOM 엔비디아미국30년국채혼합액티브(H),10495,5,-5,-0.05,10507.0,-1.1291,92,0,52,2026-08-19 01:00:50
291630,3,KIWOOM 코스닥150선물레버리지,3615,3,0,0.0,3630.0,-49.4052,24272,83,52,2026-08-19 01:00:50
411860,4,KIWOOM 독일DAX,17420,5,-150,-0.85,17422.0,3.7281,106,1,52,2026-08-19 01:00:50
261920,4,ACE MSCI필리핀(합성),13040,2,80,0.62,13014.0,-1.3699,164,2,52,2026-08-19 01:00:50
0073X0,5,FOCUS 알리바바미국채커버드콜혼합,9405,2,55,0.59,9415.0,-7.6484,79,0,52,2026-08-19 01:00:50
0132D0,7,KoAct 글로벌K컬처밸류체인액티브,9325,5,-55,-0.59,9389.0,-3.299,1094,10,51,2026-08-19 01:00:50
295000,6,RISE 국채선물10년,51085,3,0,0.0,51077.0,0.0293,101,5,51,2026-08-19 01:00:50
0128D0,4,PLUS 차이나항셍테크위클리타겟커버드콜,7215,5,-105,-1.43,7282.0,-6.7903,505,3,51,2026-08-19 01:00:50
498610,4,RISE 인도디지털성장,8375,5,-45,-0.53,8367.0,5.2033,1019,8,50,2026-08-19 01:00:50
0154H0,4,KoAct 차이나바이오헬스케어액티브,9020,2,65,0.73,8999.0,3.3467,2,0,50,2026-08-19 01:00:50
0015K0,4,TIGER 미국소비트렌드액티브,7255,2,55,0.76,7227.0,-3.8719,6,0,49,2026-08-19 01:00:50
252420,3,RISE 200선물인버스2X,93,2,11,13.41,93.0,-31.0925,2407979,223,49,2026-08-19 01:00:50
0078V0,4,PLUS 미국로보택시,9730,5,-270,-2.7,9719.0,-11.5436,159,1,49,2026-08-19 01:00:50
391600,4,ACE 미국친환경그린테마,10745,5,-205,-1.87,10749.0,-16.0598,1178,12,48,2026-08-19 01:00:50
267440,6,RISE 미국장기국채선물(H),7950,3,0,0.0,8033.0,-1.7306,5,0,48,2026-08-19 01:00:50
266550,2,PLUS 중형주저변동50,18935,3,0,0.0,18341.0,-5.4904,0,0,47,2026-08-19 01:00:50
0131A0,4,SOL 차이나소비트렌드,7740,5,-25,-0.32,7769.0,-16.5503,2,0,46,2026-08-19 01:00:50
244660,2,KODEX 퀄리티Plus,9245,3,0,0.0,9144.0,-8.1812,2,0,46,2026-08-19 01:00:50
373790,4,KIWOOM 미국방어배당성장나스닥,16205,2,95,0.59,16106.0,1.1428,26,0,45,2026-08-19 01:00:50
205720,4,ACE 일본TOPIX인버스(합성 H),1469,2,30,2.08,1479.0,-9.0392,5300,7,44,2026-08-19 01:00:50
243890,2,TIGER 200에너지화학레버리지,8390,5,-480,-5.41,8379.0,-25.9909,2962,24,44,2026-08-19 01:00:50
488210,2,KIWOOM K-반도체북미공급망,21440,5,-570,-2.59,21425.0,-16.6146,242,5,43,2026-08-19 01:00:50
227550,2,TIGER 200 산업재,12230,5,-120,-0.97,12270.0,-16.751,10791,130,42,2026-08-19 01:00:50
277650,2,TIGER 코스피중형주,20560,5,-290,-1.39,20579.0,-16.0629,8,0,41,2026-08-19 01:00:50
238670,7,PLUS 스마트베타Quality채권혼합,13535,5,-85,-0.62,13429.0,3.7319,1890,25,41,2026-08-19 01:00:50
0050E0,4,PLUS 미국AI에이전트,8085,2,25,0.31,8149.0,1.0658,3067,25,40,2026-08-19 01:00:50
226380,2,ACE Fn성장소비주도주,5775,5,-110,-1.87,5775.0,-7.0301,15156,87,40,2026-08-19 01:00:50
291680,4,RISE 차이나H선물인버스(H),7810,2,15,0.19,7807.0,-0.3197,11,0,39,2026-08-19 01:00:50
225030,4,TIGER 미국S&P500선물인버스(H),2250,2,20,0.9,2250.0,-4.2919,9898,22,38,2026-08-19 01:00:50
334690,5,RISE 팔라듐선물(H),5840,5,-165,-2.75,5858.0,-8.5301,201,1,38,2026-08-19 01:00:50
0079X0,4,ACE BYD밸류체인액티브,10560,5,-55,-0.52,10550.0,-13.5587,125,1,37,2026-08-19 01:00:50
267490,6,RISE 미국장기국채선물레버리지(합성 H),4980,2,60,1.22,4971.0,-3.3399,12,0,35,2026-08-19 01:00:50
427120,2,RISE AI플랫폼,5170,5,-90,-1.71,5143.0,-13.9117,55498,291,34,2026-08-19 01:00:50
306530,3,HANARO 코스닥150선물레버리지,7265,2,65,0.9,7227.0,-49.9653,28074,196,32,2026-08-19 01:00:50
489010,4,PLUS 글로벌AI인프라,21130,5,-595,-2.74,21061.0,-2.2718,197,4,32,2026-08-19 01:00:50
454180,4,KIWOOM 차이나내수소비TOP CSI,7840,2,60,0.77,7872.0,-8.9994,1001,7,31,2026-08-19 01:00:50
145670,3,ACE 인버스,1382,2,80,6.14,1384.0,-8.0509,224728,310,30,2026-08-19 01:00:50
227560,2,TIGER 200 생활소비재,12575,5,-325,-2.52,12591.0,-2.2921,153,1,30,2026-08-19 01:00:50
476000,2,UNICORN 포스트IPO액티브,5445,5,-5,-0.09,5439.0,-41.6801,37495,202,30,2026-08-19 01:00:50
252410,3,RISE 200선물인버스,1405,2,75,5.64,1408.0,-7.703,9080,12,28,2026-08-19 01:00:50
280940,5,KODEX 골드선물인버스(H),3440,5,-5,-0.15,3472.0,3.4534,6158,21,28,2026-08-19 01:00:50
491630,4,RISE 미국반도체인버스(합성 H),5350,2,230,4.49,5329.0,-18.9232,1022,5,25,2026-08-19 01:00:50
291620,3,KIWOOM 코스닥150선물인버스,4270,5,-15,-0.35,4292.0,11.2987,63296,276,24,2026-08-19 01:00:50
253230,3,KIWOOM 200선물인버스2X,87,2,8,10.13,88.0,-31.8966,2241741,195,23,2026-08-19 01:00:50
334700,5,RISE 팔라듐선물인버스(H),3415,2,95,2.86,3420.0,2.6275,43,0,22,2026-08-19 01:00:50
275750,3,RISE 코스닥150선물인버스,2445,5,-10,-0.41,2454.0,11.8451,19863,49,22,2026-08-19 01:00:50
253240,3,KIWOOM 200선물인버스,1407,2,77,5.79,1412.0,-7.3817,29131,41,17,2026-08-19 01:00:50
465620,4,ACE 미국빅테크TOP7 Plus인버스(합성),6445,2,30,0.47,6414.0,2.5579,398,2,16,2026-08-19 01:00:50
306520,3,HANARO 200선물인버스,2565,2,135,5.56,2569.0,-7.252,10962,28,15,2026-08-19 01:00:50
253160,3,PLUS 200선물인버스2X,178,2,15,9.2,180.0,-30.6383,443195,79,14,2026-08-19 01:00:50
412560,2,TIGER BBIG레버리지,1788,5,-25,-1.38,1784.0,-26.5992,1812,3,13,2026-08-19 01:00:50
397420,6,RISE 국채선물5년추종,50445,3,0,0.0,50445.0,0.6183,0,0,3,2026-08-19 01:00:50
