itemcode,etfTabCode,itemname,nowVal,risefall,changeVal,changeRate,nav,threeMonthEarnRate,quant,amonut,marketSum,collected_at
069500,1,KODEX 200,89735,2,310,0.35,89533.0,-11.3217,1885846,167525,202801,2026-07-30 00:10:01
360750,4,TIGER 미국S&P500,26230,5,-360,-1.35,26103.0,1.6784,901686,23663,195400,2026-07-30 00:10:01
133690,4,TIGER 미국나스닥100,174750,5,-2275,-1.29,173286.0,-0.2392,97910,17110,107069,2026-07-30 00:10:01
379800,4,KODEX 미국S&P500,23840,5,-360,-1.49,23727.0,1.863,466976,11141,97494,2026-07-30 00:10:01
379810,4,KODEX 미국나스닥100,26130,5,-340,-1.28,25908.0,-0.188,250851,6554,85001,2026-07-30 00:10:01
102110,1,TIGER 200,89765,2,500,0.56,89614.0,-11.4682,294826,26193,84334,2026-07-30 00:10:01
488770,7,KODEX 머니마켓액티브,105075,2,10,0.01,105089.0,0.8204,65663,6899,81449,2026-07-30 00:10:01
396500,2,TIGER 반도체TOP10,27350,5,-370,-1.33,27344.0,-31.3097,1416719,38363,71630,2026-07-30 00:10:01
459580,6,KODEX CD금리액티브(합성),1073625,2,255,0.02,1073515.0,0.6858,35822,38459,67367,2026-07-30 00:10:01
278530,1,KODEX 200TR,32500,2,145,0.45,32427.0,-11.4775,228296,7319,64009,2026-07-30 00:10:01
381180,4,TIGER 미국필라델피아반도체나스닥,39580,5,-1180,-2.89,39212.0,3.7371,288340,11363,53631,2026-07-30 00:10:01
498400,2,KODEX 200타겟위클리커버드콜,17290,2,35,0.2,17273.0,-12.5416,891721,15246,46579,2026-07-30 00:10:01
091160,2,KODEX 반도체,97525,5,-810,-0.82,97531.0,-21.1744,326337,31511,42862,2026-07-30 00:10:01
0167A0,2,SOL AI반도체TOP2플러스,13460,5,-180,-1.32,13455.0,-4.9809,2379166,31760,42608,2026-07-30 00:10:01
458730,4,TIGER 미국배당다우존스,15425,5,-160,-1.03,15422.0,6.6593,269734,4166,41933,2026-07-30 00:10:01
122630,3,KODEX 레버리지,79255,2,235,0.3,79158.0,-33.0765,1510399,117588,40658,2026-07-30 00:10:01
360200,4,ACE 미국S&P500,26510,5,-420,-1.56,26385.0,1.9063,75316,1997,39129,2026-07-30 00:10:01
411060,5,ACE KRX금현물,26035,2,170,0.66,26277.0,-14.3685,55051,1433,38297,2026-07-30 00:10:01
148020,1,RISE 200,90437,2,122,0.14,90203.0,-11.1641,119630,10715,37079,2026-07-30 00:10:01
0162Z0,7,RISE 삼성전자SK하이닉스채권혼합50,11870,5,-30,-0.25,11861.0,4.103,1503715,17719,36975,2026-07-30 00:10:01
229200,1,KODEX 코스닥150,11245,2,120,1.08,11219.0,-45.7053,2785350,30702,36586,2026-07-30 00:10:01
381170,4,TIGER 미국테크TOP10 INDXX,29910,5,-245,-0.81,29572.0,-7.244,95518,2852,36535,2026-07-30 00:10:01
273130,6,KODEX 종합채권(AA-이상)액티브,109860,2,35,0.03,109875.0,-2.5278,910,99,36499,2026-07-30 00:10:01
310970,1,TIGER MSCI Korea TR,39885,2,370,0.94,39812.0,-11.2522,3021,118,36216,2026-07-30 00:10:01
423160,6,KODEX KOFR금리액티브(합성),110640,3,0,0.0,110626.0,0.6568,6047,669,36195,2026-07-30 00:10:01
357870,6,TIGER CD금리투자KIS(합성),57835,2,10,0.02,57836.0,0.6877,14317,828,34967,2026-07-30 00:10:01
367380,4,ACE 미국나스닥100,30045,5,-400,-1.31,29788.0,-0.2128,56083,1684,33019,2026-07-30 00:10:01
0043B0,6,TIGER 머니마켓액티브,103187,2,27,0.03,103193.0,0.8012,12061,1244,30998,2026-07-30 00:10:01
395160,2,KODEX AI반도체TOP2플러스,30500,5,-440,-1.42,30500.0,-7.2403,939853,28418,30500,2026-07-30 00:10:01
455890,6,RISE 머니마켓액티브,55310,2,10,0.02,55315.0,0.7561,20829,1152,28846,2026-07-30 00:10:01
102780,2,KODEX 삼성그룹,21410,2,270,1.28,21441.0,-8.2864,176408,3726,28069,2026-07-30 00:10:01
395270,2,HANARO Fn K-반도체,43160,5,-675,-1.54,43202.0,-4.9133,453671,19407,27730,2026-07-30 00:10:01
481050,6,KODEX CD1년금리플러스액티브(합성),1021595,2,245,0.02,1021425.0,0.7124,1370,1399,26690,2026-07-30 00:10:01
449170,6,TIGER KOFR금리액티브(합성),111470,2,15,0.01,111446.0,0.6229,13777,1535,24460,2026-07-30 00:10:01
487240,2,KODEX AI전력핵심설비,27000,2,105,0.39,27055.0,-47.2291,231813,6190,23247,2026-07-30 00:10:01
161510,2,PLUS 고배당주,23970,2,540,2.3,23974.0,-13.7523,60114,1425,22515,2026-07-30 00:10:01
486290,4,TIGER 미국나스닥100타겟데일리커버드콜,10340,5,-135,-1.29,10248.0,-0.4757,192658,1988,21843,2026-07-30 00:10:01
426030,4,TIME 미국나스닥100액티브,41410,5,-1190,-2.79,40944.0,-7.0073,68787,2830,21657,2026-07-30 00:10:01
233740,3,KODEX 코스닥150레버리지,4680,2,75,1.63,4653.0,-73.9094,10741798,48353,21556,2026-07-30 00:10:01
139260,2,TIGER 200 IT,104910,5,-1410,-1.33,104979.0,-7.2083,117524,12179,20961,2026-07-30 00:10:01
385540,6,RISE 종합채권(A-이상)액티브,102875,5,-60,-0.06,102880.0,-2.4175,32,3,20612,2026-07-30 00:10:01
472150,2,TIGER 배당커버드콜액티브,17020,5,-45,-0.26,17022.0,-11.2359,647516,10858,20235,2026-07-30 00:10:01
456600,4,TIME 글로벌AI인공지능액티브,53100,5,-395,-0.74,53146.0,-0.7422,43392,2296,20040,2026-07-30 00:10:01
0193T0,2,KODEX SK하이닉스단일종목레버리지,7525,5,-400,-5.05,7489.0,,25572114,188086,19439,2026-07-30 00:10:01
278540,1,KODEX MSCI Korea TR,31735,2,20,0.06,31690.0,-10.4476,8093,253,19327,2026-07-30 00:10:01
284430,6,KODEX 200미국채혼합50,19250,5,-45,-0.23,19293.0,-8.8243,362803,6943,18942,2026-07-30 00:10:01
214980,6,KODEX 단기채권PLUS,114585,3,0,0.0,114630.0,0.56,2149,246,18792,2026-07-30 00:10:01
292150,2,TIGER 코리아TOP10,31800,2,240,0.76,31808.0,-10.0867,241536,7577,17172,2026-07-30 00:10:01
477080,6,RISE CD금리액티브(합성),107170,2,10,0.01,107194.0,0.6622,12336,1322,16490,2026-07-30 00:10:01
441640,4,KODEX 미국배당커버드콜액티브,12740,5,-190,-1.47,12728.0,2.5985,111667,1424,16333,2026-07-30 00:10:01
453850,6,ACE 미국30년국채액티브(H),7190,5,-100,-1.37,7189.0,-1.8149,99926,718,15300,2026-07-30 00:10:01
475630,7,TIGER CD1년금리액티브(합성),1073007,2,267,0.02,1073008.0,0.7125,1340,1437,15069,2026-07-30 00:10:01
294400,1,KIWOOM 200TR,117200,5,-800,-0.68,117550.0,-10.7987,11668,1356,15002,2026-07-30 00:10:01
379780,4,RISE 미국S&P500,22930,5,-355,-1.52,22812.0,1.9745,19963,457,14973,2026-07-30 00:10:01
105190,1,ACE 200,90080,2,490,0.55,89766.0,-11.5863,25074,2229,14908,2026-07-30 00:10:01
329200,2,TIGER 리츠부동산인프라,4000,2,10,0.25,3984.0,-12.2847,376671,1501,14816,2026-07-30 00:10:01
368590,4,RISE 미국나스닥100,29150,5,-385,-1.3,28890.0,-0.1525,24860,724,14662,2026-07-30 00:10:01
0193W0,2,KODEX 삼성전자단일종목레버리지,8740,2,245,2.88,8740.0,,9043126,78225,14447,2026-07-30 00:10:01
442580,4,PLUS 글로벌HBM반도체,82575,5,-2975,-3.48,82053.0,13.3713,114740,9381,14376,2026-07-30 00:10:01
446770,4,ACE 글로벌반도체TOP4 Plus,69335,5,-1270,-1.8,69427.0,1.6016,49644,3410,14248,2026-07-30 00:10:01
466920,2,SOL 조선TOP3플러스,26310,2,865,3.4,26351.0,-39.6609,178813,4598,14168,2026-07-30 00:10:01
487230,4,KODEX 미국AI전력핵심인프라,18420,5,-1360,-6.88,18322.0,-19.5326,110549,2037,13944,2026-07-30 00:10:01
305720,2,KODEX 2차전지산업,11780,2,165,1.42,11808.0,-47.1926,242167,2800,13429,2026-07-30 00:10:01
157450,6,TIGER 단기통안채,112305,2,50,0.04,112302.0,0.5508,2190,245,13210,2026-07-30 00:10:01
0177N0,7,KODEX 삼성전자SK하이닉스채권혼합50,12550,5,-70,-0.55,12547.0,4.1787,860659,10724,13190,2026-07-30 00:10:01
436140,6,SOL 종합채권(AA-이상)액티브,106245,3,0,0.0,106159.0,-2.3484,0,0,13129,2026-07-30 00:10:01
152100,1,PLUS 200,91100,2,480,0.53,90913.0,-11.5992,55928,5059,12162,2026-07-30 00:10:01
438080,7,ACE 미국S&P500미국채혼합50액티브,14320,5,-80,-0.56,14286.0,-0.2425,71953,1029,12129,2026-07-30 00:10:01
315930,2,KODEX Top5PlusTR,69695,2,285,0.41,69806.0,-3.5169,13639,938,12127,2026-07-30 00:10:01
390390,4,KODEX 미국반도체,49845,5,-1120,-2.2,49366.0,2.0604,28271,1404,11988,2026-07-30 00:10:01
448330,1,KODEX 삼성전자채권혼합,15925,5,-120,-0.75,16185.0,-0.014,154717,2463,11753,2026-07-30 00:10:01
0195S0,2,TIGER SK하이닉스단일종목레버리지,6320,5,-335,-5.03,6303.0,,7926460,49093,11539,2026-07-30 00:10:01
0072R0,5,TIGER KRX금현물,12445,2,25,0.2,12557.0,-13.8099,19898,247,11518,2026-07-30 00:10:01
479080,6,1Q 머니마켓액티브,53590,2,10,0.02,53598.0,0.7711,3202,171,11216,2026-07-30 00:10:01
252670,3,KODEX 200선물인버스2X,137,5,-1,-0.72,138.0,-16.8675,1174877485,163775,11114,2026-07-30 00:10:01
451540,6,TIGER 종합채권(AA-이상)액티브,52810,5,-5,-0.01,52817.0,-2.6093,177,9,10962,2026-07-30 00:10:01
091230,2,TIGER 반도체,102755,2,110,0.11,102782.0,-21.8099,78760,8001,10810,2026-07-30 00:10:01
497570,4,TIGER 미국필라델피아AI반도체나스닥,20250,5,-395,-1.91,20032.0,1.4731,219985,4441,10662,2026-07-30 00:10:01
356540,6,ACE 종합채권(AA-이상)액티브,101130,5,-100,-0.1,101149.0,-2.3254,1,0,10556,2026-07-30 00:10:01
446720,4,SOL 미국배당다우존스,14130,5,-155,-1.09,14137.0,6.5939,69458,982,10428,2026-07-30 00:10:01
232080,1,TIGER 코스닥150,11440,2,70,0.62,11441.0,-45.5981,772270,8638,10385,2026-07-30 00:10:01
479520,6,RISE KOFR금리액티브(합성),106110,2,20,0.02,106081.0,0.6403,230,24,10309,2026-07-30 00:10:01
469830,6,SOL 초단기채권액티브,54205,2,25,0.05,54213.0,0.7344,16718,906,10204,2026-07-30 00:10:01
114800,3,KODEX 인버스,1314,3,0,0.0,1315.0,-1.4993,122064742,161834,10049,2026-07-30 00:10:01
0117L0,6,KODEX 26-12 금융채(AA-이상)액티브,10135,2,5,0.05,10131.0,0.5958,115,1,9814,2026-07-30 00:10:01
0139F0,6,TIGER 12월자동연장금융채(AA-이상)액티브,101750,3,0,0.0,101806.0,0.5832,0,0,9766,2026-07-30 00:10:01
465580,4,ACE 미국빅테크TOP7 Plus,23110,5,-200,-0.86,22876.0,-5.0123,44952,1040,9648,2026-07-30 00:10:01
402970,4,ACE 미국배당다우존스,15740,5,-135,-0.85,15695.0,6.8262,25335,399,9633,2026-07-30 00:10:01
0183J0,4,TIGER 미국우주테크,6460,5,-340,-5.0,6446.0,-31.6583,322451,2080,9467,2026-07-30 00:10:01
449180,4,KODEX 미국S&P500(H),16415,5,-180,-1.08,16336.0,3.6448,47692,782,9439,2026-07-30 00:10:01
445290,2,KODEX 로봇액티브,26365,2,475,1.83,26364.0,-27.6739,86778,2246,9254,2026-07-30 00:10:01
449450,2,PLUS K방산,46320,2,2120,4.8,46374.0,-44.5282,54281,2438,9148,2026-07-30 00:10:01
494300,4,KODEX 미국나스닥100데일리커버드콜OTM,9075,5,-125,-1.36,9005.0,-3.5579,131361,1191,9129,2026-07-30 00:10:01
494890,1,KODEX 200액티브,25855,2,105,0.41,25785.0,-11.5227,5166,131,9127,2026-07-30 00:10:01
438100,7,ACE 미국나스닥100미국채혼합50액티브,15275,5,-135,-0.88,15225.0,-0.8366,64721,988,9058,2026-07-30 00:10:01
226490,1,KODEX 코스피,58600,2,195,0.33,58516.0,-14.7237,50708,2941,8849,2026-07-30 00:10:01
153130,6,KODEX 단기채권,113280,2,20,0.02,113287.0,0.5445,2389,270,8507,2026-07-30 00:10:01
469150,2,ACE AI반도체TOP3+,44330,5,-240,-0.54,44351.0,-24.0457,171845,7539,8334,2026-07-30 00:10:01
495050,1,RISE 코리아밸류업,27665,2,115,0.42,27712.0,-7.646,25000,685,8175,2026-07-30 00:10:01
237350,1,KODEX 코스피100,71600,2,125,0.17,71555.0,-10.0101,69143,4889,8162,2026-07-30 00:10:01
371460,4,TIGER 차이나전기차SOLACTIVE,10910,5,-135,-1.22,11050.0,-24.5818,12713,137,8030,2026-07-30 00:10:01
385560,6,RISE KIS국고채30년Enhanced,52115,5,-180,-0.34,52108.0,-16.741,6662,347,7985,2026-07-30 00:10:01
476550,6,TIGER 미국30년국채커버드콜액티브(H),6855,5,-100,-1.44,6857.0,-1.8927,140422,962,7969,2026-07-30 00:10:01
0048J0,6,KODEX 미국머니마켓액티브,14380,5,-55,-0.38,14375.0,-1.2821,30916,445,7754,2026-07-30 00:10:01
481060,6,KODEX 미국30년국채타겟커버드콜(합성 H),7465,5,-75,-0.99,7505.0,-2.4822,138355,1032,7752,2026-07-30 00:10:01
498410,2,KODEX 금융고배당TOP10타겟위클리커버드콜,11550,2,190,1.67,11589.0,-9.6848,182150,2079,7739,2026-07-30 00:10:01
295040,1,SOL 200TR,33570,5,-45,-0.13,33578.0,-11.142,66757,2216,7654,2026-07-30 00:10:01
0061Z0,6,RISE 단기특수은행채액티브,50870,2,15,0.03,50869.0,0.673,2,0,7594,2026-07-30 00:10:01
466940,2,TIGER 은행고배당플러스TOP10,25200,2,440,1.78,25232.0,-5.421,46849,1167,7535,2026-07-30 00:10:01
0195R0,2,TIGER 삼성전자단일종목레버리지,7965,2,125,1.59,7984.0,,2517039,19878,7463,2026-07-30 00:10:01
0117V0,2,TIGER 코리아AI전력기기TOP3플러스,14000,5,-45,-0.32,14007.0,-46.8709,222872,3092,7462,2026-07-30 00:10:01
0025N0,7,TIGER TDF2045 적격,11970,5,-120,-0.99,11931.0,0.834,69602,833,7421,2026-07-30 00:10:01
272580,6,TIGER 단기채권액티브,56940,2,30,0.05,56945.0,0.5299,2670,152,7324,2026-07-30 00:10:01
455850,2,SOL AI반도체소부장,17075,5,-150,-0.87,17120.0,-45.0296,238555,4023,7291,2026-07-30 00:10:01
305540,2,TIGER 2차전지테마,14965,2,270,1.84,14979.0,-46.2116,40922,597,7280,2026-07-30 00:10:01
458760,4,TIGER 미국배당다우존스타겟커버드콜2호,11435,5,-140,-1.21,11433.0,7.0157,24791,284,7250,2026-07-30 00:10:01
475720,3,RISE 200위클리커버드콜,11120,2,10,0.09,11079.0,-14.7768,66853,735,7217,2026-07-30 00:10:01
144600,5,KODEX 은선물(H),9500,2,60,0.64,9514.0,-22.2085,30526,289,7182,2026-07-30 00:10:01
456610,6,TIGER 미국달러SOFR금리액티브(합성),62360,5,-255,-0.41,62288.0,-1.2148,752,46,7078,2026-07-30 00:10:01
441800,1,TIME Korea플러스배당액티브,25735,2,275,1.08,25771.0,-15.5715,58866,1494,6964,2026-07-30 00:10:01
490590,4,RISE 미국AI밸류체인데일리고정커버드콜,12805,5,-370,-2.81,12738.0,-4.8472,111983,1428,6953,2026-07-30 00:10:01
487340,6,ACE 머니마켓액티브,105540,2,40,0.04,105547.0,0.8122,10701,1129,6807,2026-07-30 00:10:01
457480,4,ACE 테슬라밸류체인액티브,16370,5,-455,-2.7,16408.0,-26.832,62497,1022,6785,2026-07-30 00:10:01
455030,6,KODEX 미국달러SOFR금리액티브(합성),12375,5,-30,-0.24,12351.0,-1.288,3362,41,6676,2026-07-30 00:10:01
329750,6,TIGER 미국달러단기채권액티브,13580,5,-65,-0.48,13582.0,-1.4446,19835,269,6540,2026-07-30 00:10:01
0127P0,4,ACE 미국대형성장주액티브,10295,5,-190,-1.81,10222.0,-1.5933,26,0,6517,2026-07-30 00:10:01
102970,2,KODEX 증권,17460,2,435,2.56,17504.0,-38.2819,107139,1839,6443,2026-07-30 00:10:01
371160,4,TIGER 차이나항셍테크,7645,5,-15,-0.2,7665.0,-2.9672,15394,117,6418,2026-07-30 00:10:01
069660,1,KIWOOM 200,89720,2,515,0.58,89582.0,-11.4224,69794,6220,6370,2026-07-30 00:10:01
482730,4,TIGER 미국S&P500타겟데일리커버드콜,11865,5,-185,-1.54,11822.0,1.9023,42215,501,6259,2026-07-30 00:10:01
495850,1,KODEX 코리아밸류업,27480,2,170,0.62,27519.0,-8.2162,59191,1616,6059,2026-07-30 00:10:01
484790,6,KODEX 미국30년국채액티브(H),8265,5,-115,-1.37,8269.0,-1.9263,86260,712,6037,2026-07-30 00:10:01
314250,4,KODEX 미국빅테크10(H),55665,5,-465,-0.83,55370.0,1.9871,11976,664,6034,2026-07-30 00:10:01
434060,7,KODEX TDF2050액티브 적격,16445,5,-270,-1.62,16380.0,-4.8616,20428,334,6011,2026-07-30 00:10:01
138540,2,TIGER 현대차그룹플러스,46440,2,815,1.79,46573.0,-28.8,29002,1327,6009,2026-07-30 00:10:01
0167B0,2,SOL 200타겟위클리커버드콜,9905,5,-20,-0.2,9896.0,-11.9113,191061,1869,5953,2026-07-30 00:10:01
489250,4,KODEX 미국배당다우존스,13340,5,-125,-0.93,13308.0,6.7884,24775,330,5950,2026-07-30 00:10:01
0015B0,4,KoAct 미국나스닥성장기업액티브,17680,5,-185,-1.04,17458.0,-7.6267,79026,1382,5905,2026-07-30 00:10:01
396520,4,TIGER 차이나반도체FACTSET,14355,5,-55,-0.38,14456.0,19.6843,30896,441,5863,2026-07-30 00:10:01
251600,7,PLUS 고배당주채권혼합,15070,2,165,1.11,15063.0,-6.5616,45050,675,5847,2026-07-30 00:10:01
0177R0,2,TIGER 반도체TOP10커버드콜액티브,8810,5,-105,-1.18,8788.0,-18.7958,164110,1430,5832,2026-07-30 00:10:01
491010,4,TIGER 글로벌AI전력인프라액티브,23200,5,-1150,-4.72,23103.0,-16.738,13601,314,5821,2026-07-30 00:10:01
114260,6,KODEX 국고채3년,61700,5,-5,-0.01,61693.0,0.3007,537,33,5765,2026-07-30 00:10:01
494310,2,KODEX 반도체레버리지,49400,5,-1100,-2.18,49068.0,-50.5678,295742,14356,5706,2026-07-30 00:10:01
449190,4,KODEX 미국나스닥100(H),20660,5,-180,-0.86,20487.0,1.5077,25478,525,5568,2026-07-30 00:10:01
290130,2,RISE ESG사회책임투자,38625,2,25,0.06,38660.0,-7.1781,21932,833,5446,2026-07-30 00:10:01
434730,2,HANARO 원자력iSelect,45360,2,360,0.8,45488.0,-49.3301,10778,480,5398,2026-07-30 00:10:01
438330,6,TIGER 우량회사채액티브,115310,2,25,0.02,115363.0,0.1781,4,0,5385,2026-07-30 00:10:01
494670,2,TIGER 조선TOP10,20740,2,885,4.46,20763.0,-39.9244,236980,4826,5330,2026-07-30 00:10:01
364980,2,TIGER 2차전지TOP10,8150,2,110,1.37,8192.0,-43.9722,212809,1707,5302,2026-07-30 00:10:01
418660,4,TIGER 미국나스닥100레버리지(합성),37760,5,-1035,-2.67,37134.0,-3.3026,44257,1671,5268,2026-07-30 00:10:01
365780,6,ACE 국고채10년,82385,5,-175,-0.21,82428.0,-2.1338,280,23,5246,2026-07-30 00:10:01
466950,4,TIGER 글로벌AI액티브,27855,5,-450,-1.59,27670.0,-8.6494,16136,445,5242,2026-07-30 00:10:01
491620,4,RISE 미국테크100데일리고정커버드콜,10405,5,-140,-1.33,10324.0,1.6978,102957,1068,5208,2026-07-30 00:10:01
367760,2,RISE 네트워크인프라,44005,5,-500,-1.12,43984.0,-8.0476,86371,3760,5193,2026-07-30 00:10:01
423920,4,TIGER 미국필라델피아반도체레버리지(합성),73870,5,-4575,-5.83,72284.0,-3.4993,23953,1743,5164,2026-07-30 00:10:01
0019K0,7,TIME 미국나스닥100채권혼합50액티브,12675,5,-175,-1.36,12711.0,-0.6188,92110,1168,5146,2026-07-30 00:10:01
0105E0,2,SOL 코리아고배당,12435,2,200,1.63,12445.0,-10.4741,106818,1316,5105,2026-07-30 00:10:01
0007F0,6,KODEX 27-12 회사채(AA-이상)액티브,10150,2,10,0.1,10152.0,0.3463,1,0,5068,2026-07-30 00:10:01
251350,4,KODEX MSCI선진국,39220,5,-380,-0.96,39033.0,2.1181,1896,74,5020,2026-07-30 00:10:01
0148J0,2,TIGER 코리아휴머노이드로봇산업,7705,2,115,1.52,7690.0,-40.7263,735290,5575,5020,2026-07-30 00:10:01
499660,7,TIGER CD금리플러스액티브(합성),1000260,2,255,0.03,1000257.0,0.7211,349,349,4987,2026-07-30 00:10:01
473290,6,KODEX 26-12 회사채(AA-이상)액티브,10850,3,0,0.0,10851.0,0.5094,70,0,4941,2026-07-30 00:10:01
471230,6,KODEX 국고채10년액티브,103827,5,-128,-0.12,103845.0,-2.2658,560,58,4814,2026-07-30 00:10:01
476800,7,KODEX 한국부동산리츠인프라,4180,2,5,0.12,4216.0,-12.8817,42796,178,4784,2026-07-30 00:10:01
490490,7,SOL 미국배당미국채혼합50,11505,5,-115,-0.99,11469.0,1.8663,56983,655,4729,2026-07-30 00:10:01
435420,7,TIGER 미국나스닥100채권혼합50,13820,5,-70,-0.5,13744.0,-0.3221,19782,273,4644,2026-07-30 00:10:01
496080,1,TIGER 코리아밸류업,27560,2,250,0.92,27592.0,-8.0597,10357,283,4630,2026-07-30 00:10:01
0162M0,6,KODEX 금융채1~2년(AA-이상)PLUS액티브,10010,3,0,0.0,10031.0,0.2002,0,0,4582,2026-07-30 00:10:01
451000,6,PLUS 종합채권(AA-이상)액티브,107085,3,0,0.0,107184.0,-2.6456,0,0,4545,2026-07-30 00:10:01
462330,2,KODEX 2차전지산업레버리지,698,2,28,4.18,696.0,-76.0287,5906942,3938,4513,2026-07-30 00:10:01
0101N0,2,RISE AI전력인프라,14315,2,175,1.24,14337.0,-42.0492,84574,1191,4466,2026-07-30 00:10:01
463250,2,TIGER K방산&우주,29515,2,1360,4.83,29497.0,-44.6857,85096,2433,4442,2026-07-30 00:10:01
480260,6,TIGER 27-04회사채(A+이상)액티브,53670,2,55,0.1,53652.0,0.3556,66,3,4396,2026-07-30 00:10:01
483280,4,KODEX 미국AI테크TOP10타겟커버드콜,11090,5,-195,-1.73,11033.0,-9.9315,47679,528,4392,2026-07-30 00:10:01
315960,2,RISE 대형고배당10TR,66525,2,110,0.17,66543.0,-4.5762,32891,2163,4391,2026-07-30 00:10:01
0190C0,2,RISE 현대차고정피지컬AI,7405,2,105,1.44,7411.0,,210899,1535,4373,2026-07-30 00:10:01
448290,4,TIGER 미국S&P500(H),17025,5,-185,-1.07,16958.0,3.5725,10664,181,4367,2026-07-30 00:10:01
444200,2,SOL 코리아메가테크액티브,37880,2,365,0.97,37832.0,-26.5852,83308,3108,4318,2026-07-30 00:10:01
447770,7,TIGER 테슬라채권혼합Fn,13180,5,-105,-0.79,13217.0,-6.5127,28945,381,4284,2026-07-30 00:10:01
439870,6,KODEX 국고채30년액티브,87815,5,-115,-0.13,87764.0,-13.3354,866,76,4281,2026-07-30 00:10:01
0091P0,2,TIGER 코리아원자력,12370,2,155,1.27,12413.0,-55.3953,150570,1825,4175,2026-07-30 00:10:01
462010,2,TIGER 2차전지소재Fn,3900,2,70,1.83,3908.0,-52.0951,311350,1181,4169,2026-07-30 00:10:01
474220,4,TIGER 미국테크TOP10타겟커버드콜,14630,5,-130,-0.88,14482.0,-6.8273,7959,116,4118,2026-07-30 00:10:01
148070,6,KIWOOM 국고채10년,104500,5,-95,-0.09,104477.0,-2.1837,337,35,4104,2026-07-30 00:10:01
477050,6,PLUS 머니마켓액티브,53350,2,15,0.03,53358.0,0.7651,62,3,4072,2026-07-30 00:10:01
458250,6,TIGER 미국30년국채스트립액티브(합성 H),34790,5,-905,-2.54,34902.0,-3.3442,11081,386,4022,2026-07-30 00:10:01
0016X0,6,SOL 중단기회사채(A-이상)액티브,51320,2,30,0.06,51308.0,0.6179,33,1,4008,2026-07-30 00:10:01
293180,1,HANARO 200,89990,2,65,0.07,89795.0,-11.1172,3575,318,3960,2026-07-30 00:10:01
361580,1,RISE 200TR,51000,5,-5,-0.01,50940.0,-11.1566,10910,547,3953,2026-07-30 00:10:01
091180,2,KODEX 자동차,26170,2,380,1.47,26201.0,-21.9263,21896,566,3860,2026-07-30 00:10:01
0060H0,1,TIGER 토탈월드스탁액티브,12680,5,-40,-0.31,12610.0,0.2354,11819,149,3829,2026-07-30 00:10:01
0197X0,2,SOL SK하이닉스선물단일종목인버스2X,18165,2,875,5.06,18265.0,,19502425,361825,3801,2026-07-30 00:10:01
426020,4,TIME 미국S&P500액티브,31490,5,-570,-1.78,31316.0,1.1994,25569,800,3785,2026-07-30 00:10:01
241180,4,TIGER 일본니케이225,32550,5,-240,-0.73,32722.0,-1.3835,15769,509,3698,2026-07-30 00:10:01
453810,4,KODEX 인도Nifty50,12220,5,-20,-0.16,12312.0,-3.7139,13694,166,3648,2026-07-30 00:10:01
0219E0,2,KODEX 200커버드콜액티브,7065,3,0,0.0,7047.0,,373467,2607,3646,2026-07-30 00:10:01
277630,1,TIGER 코스피,59600,2,190,0.32,59432.0,-14.8178,11599,681,3636,2026-07-30 00:10:01
0023A0,4,SOL 미국양자컴퓨팅TOP10,22210,5,-890,-3.85,22089.0,-14.7602,39064,866,3598,2026-07-30 00:10:01
451060,1,1Q 200액티브,28680,2,70,0.24,28611.0,-11.9988,6407,181,3571,2026-07-30 00:10:01
439860,6,KODEX ESG종합채권(A-이상)액티브,113350,5,-20,-0.02,113357.0,-0.1014,156,17,3539,2026-07-30 00:10:01
484880,2,SOL 금융지주플러스고배당,21315,2,365,1.74,21363.0,-6.0737,51235,1082,3538,2026-07-30 00:10:01
0040Y0,7,SOL 팔란티어커버드콜OTM채권혼합,7780,5,-45,-0.58,7801.0,-4.2921,39036,304,3505,2026-07-30 00:10:01
456880,7,ACE 미국달러SOFR금리(합성),12615,5,-55,-0.43,12616.0,-1.324,10004,126,3479,2026-07-30 00:10:01
0163Y0,1,KoAct 코스닥액티브,6895,2,45,0.66,6899.0,-48.2433,90198,609,3458,2026-07-30 00:10:01
0046A0,6,TIGER 미국초단기(3개월이하)국채,9960,5,-50,-0.5,9948.0,-1.3897,72680,724,3443,2026-07-30 00:10:01
0144L0,4,KODEX 미국성장커버드콜액티브,9445,5,-135,-1.41,9391.0,-0.7144,27754,262,3424,2026-07-30 00:10:01
0131V0,4,1Q 미국우주항공테크,10280,5,-345,-3.25,10218.0,-12.8742,12908,132,3423,2026-07-30 00:10:01
496020,6,WON 전단채플러스액티브,52295,2,10,0.02,52303.0,0.8292,585,30,3380,2026-07-30 00:10:01
385550,6,RISE 단기채권알파액티브,113710,3,0,0.0,113793.0,0.526,0,0,3375,2026-07-30 00:10:01
448300,4,TIGER 미국나스닥100(H),21335,5,-175,-0.81,21172.0,1.5558,15440,328,3371,2026-07-30 00:10:01
0052D0,2,TIGER 코리아배당다우존스,14915,2,395,2.72,14969.0,-11.885,24342,360,3304,2026-07-30 00:10:01
132030,5,KODEX 골드선물(H),22955,2,230,1.01,22958.0,-12.5626,8374,192,3283,2026-07-30 00:10:01
0043Y0,4,TIME 차이나AI테크액티브,18485,5,-125,-0.67,18766.0,-1.7424,13569,248,3281,2026-07-30 00:10:01
472170,7,TIGER 미국테크TOP10채권혼합,13620,5,-130,-0.95,13602.0,-3.6778,8241,112,3248,2026-07-30 00:10:01
0173Y0,4,KODEX 미국AI광통신네트워크,8940,5,-570,-5.99,8935.0,-21.7195,94124,841,3214,2026-07-30 00:10:01
091170,2,KODEX 은행,15335,2,260,1.72,15351.0,-4.0217,163303,2477,3213,2026-07-30 00:10:01
0052S0,7,1Q 미국S&P500미국채혼합50액티브,11785,5,-100,-0.84,11750.0,0.0837,8147,96,3182,2026-07-30 00:10:01
469070,2,RISE AI&로봇,9660,2,180,1.9,9643.0,-40.6016,32770,312,3178,2026-07-30 00:10:01
0026S0,4,1Q 미국S&P500,12835,5,-195,-1.5,12769.0,1.8613,33532,430,3170,2026-07-30 00:10:01
462900,2,KoAct 바이오헬스케어액티브,11900,2,120,1.02,11907.0,-45.5009,77161,904,3130,2026-07-30 00:10:01
279530,2,KODEX 고배당주,17000,2,325,1.95,16992.0,-8.4783,30870,521,3094,2026-07-30 00:10:01
0167Z0,4,KODEX 미국우주항공,6800,5,-285,-4.02,6743.0,-30.6602,69151,468,3091,2026-07-30 00:10:01
0080G0,2,KODEX 방산TOP10,8940,2,385,4.5,8942.0,-43.4424,212550,1854,3075,2026-07-30 00:10:01
453870,4,TIGER 인도니프티50,12090,5,-15,-0.12,12130.0,-3.4168,1107,13,3065,2026-07-30 00:10:01
385720,1,TIME 코스피액티브,21415,2,70,0.33,21384.0,-17.4914,73638,1557,3062,2026-07-30 00:10:01
448630,7,RISE 삼성그룹Top3채권혼합,14170,5,-5,-0.04,14255.0,-3.8658,74572,1053,3032,2026-07-30 00:10:01
442570,7,RISE TDF2050액티브 적격,16880,5,-200,-1.17,16903.0,-0.9824,14764,249,3030,2026-07-30 00:10:01
476760,6,ACE 미국30년국채액티브,9355,5,-195,-2.04,9335.0,-3.4466,56130,525,3003,2026-07-30 00:10:01
454780,6,KIWOOM 종합채권(AA-이상)액티브,99515,3,0,0.0,99507.0,-2.5701,0,0,2943,2026-07-30 00:10:01
489030,2,PLUS 고배당주위클리커버드콜,6630,2,125,1.92,6622.0,-20.0135,56881,372,2937,2026-07-30 00:10:01
0111P0,7,1Q 미국나스닥100미국채혼합50액티브,10830,5,-90,-0.82,10788.0,-0.8156,3209,34,2935,2026-07-30 00:10:01
473330,6,SOL 미국30년국채커버드콜(합성),8400,5,-160,-1.87,8404.0,-3.5769,33427,281,2932,2026-07-30 00:10:01
310960,1,TIGER 200TR,52500,5,-110,-0.21,52362.0,-10.8532,1601,83,2888,2026-07-30 00:10:01
190620,6,ACE 단기통안채,101755,2,25,0.02,101767.0,0.5883,77,7,2876,2026-07-30 00:10:01
441680,7,TIGER 미국나스닥100커버드콜(합성),10525,5,-290,-2.68,10614.0,-1.705,39820,421,2863,2026-07-30 00:10:01
433330,4,SOL 미국S&P500,21925,5,-320,-1.44,21819.0,1.7504,6020,132,2850,2026-07-30 00:10:01
461490,7,RISE 글로벌자산배분액티브,14550,5,-60,-0.41,14562.0,-2.5351,9562,139,2845,2026-07-30 00:10:01
474590,2,WON 반도체밸류체인액티브,33455,2,30,0.09,33330.0,-11.8772,14360,475,2844,2026-07-30 00:10:01
243880,2,TIGER 200IT레버리지,214580,5,-5420,-2.46,213795.0,-33.6581,23673,4951,2843,2026-07-30 00:10:01
196230,6,RISE 단기통안채,116677,2,17,0.01,116699.0,0.5429,134,15,2811,2026-07-30 00:10:01
475080,7,KODEX 테슬라커버드콜채권혼합액티브,7580,5,-135,-1.75,7678.0,-5.061,18984,144,2805,2026-07-30 00:10:01
0094K0,6,TIGER 28-04 회사채(A+이상)액티브,99290,2,55,0.06,99293.0,0.3336,20305,2015,2801,2026-07-30 00:10:01
485540,4,KODEX 미국AI테크TOP10,14120,5,-235,-1.64,14044.0,-9.9907,80408,1134,2789,2026-07-30 00:10:01
273140,6,KODEX 단기변동금리부채권액티브,114655,3,0,0.0,114669.0,0.4982,0,0,2783,2026-07-30 00:10:01
0038A0,4,KODEX 미국휴머노이드로봇,14350,5,-360,-2.45,14260.0,-13.8678,46094,659,2762,2026-07-30 00:10:01
472920,6,HK 종합채권(AA-이상)액티브,97855,3,0,0.0,98041.0,-2.5106,0,0,2753,2026-07-30 00:10:01
245710,4,ACE 베트남VN30(합성),28085,2,120,0.43,28489.0,-11.6011,7329,205,2752,2026-07-30 00:10:01
0008S0,4,TIGER 미국배당다우존스타겟데일리커버드콜,10360,5,-95,-0.91,10353.0,6.3804,30350,313,2745,2026-07-30 00:10:01
471990,2,KODEX AI반도체핵심장비,15970,5,-210,-1.3,15990.0,-48.2246,235454,3710,2715,2026-07-30 00:10:01
488080,3,TIGER 반도체TOP10레버리지,21685,5,-825,-3.67,21739.0,-62.2221,138591,2978,2700,2026-07-30 00:10:01
481190,4,SOL 미국테크TOP10,16180,5,-195,-1.19,16063.0,-6.9603,23894,387,2694,2026-07-30 00:10:01
0053L0,4,TIGER 차이나휴머노이드로봇,10150,5,-70,-0.68,10348.0,-17.7627,8945,90,2669,2026-07-30 00:10:01
283580,4,KODEX 차이나CSI300,15875,2,55,0.35,15795.0,-4.5781,3030,48,2635,2026-07-30 00:10:01
364970,2,TIGER 바이오TOP10,6595,2,75,1.15,6617.0,-19.9509,156721,1015,2622,2026-07-30 00:10:01
497880,6,SOL CD금리&머니마켓액티브,50020,2,20,0.04,50032.0,0.7315,24459,1223,2619,2026-07-30 00:10:01
483320,4,ACE 엔비디아밸류체인액티브,20945,5,-1010,-4.6,20737.0,-2.1177,41100,860,2587,2026-07-30 00:10:01
302190,6,TIGER 중장기국채,50045,5,-10,-0.02,50029.0,-0.9793,136,6,2562,2026-07-30 00:10:01
478150,4,TIME 글로벌우주테크&방산액티브,20810,5,-755,-3.5,20740.0,0.771,4300,89,2539,2026-07-30 00:10:01
270810,1,RISE 코스닥150,11180,2,135,1.22,11162.0,-45.7115,52369,572,2529,2026-07-30 00:10:01
0182R0,2,1Q K반도체TOP2+,8100,5,-105,-1.28,8094.0,-28.8995,524095,4212,2466,2026-07-30 00:10:01
385510,2,KODEX 신재생에너지액티브,28800,2,430,1.52,28944.0,-51.9682,12709,360,2434,2026-07-30 00:10:01
136340,6,RISE 중기우량회사채,104055,3,0,0.0,104065.0,0.1876,0,0,2414,2026-07-30 00:10:01
307520,2,TIGER 지주회사,18590,2,495,2.74,18585.0,-25.9131,108976,1999,2398,2026-07-30 00:10:01
261260,7,KODEX 미국달러선물인버스2X,4905,2,35,0.72,4915.0,3.5069,25462,124,2394,2026-07-30 00:10:01
471040,4,KoAct 글로벌AI&로봇액티브,26015,5,-85,-0.33,25748.0,-10.0621,7687,199,2393,2026-07-30 00:10:01
488980,6,SOL 26-12 회사채(AA-이상)액티브,51975,2,15,0.03,51980.0,0.6001,57,2,2384,2026-07-30 00:10:01
363570,6,KODEX 장기종합채권(AA-이상)액티브,86535,5,-110,-0.13,86543.0,-6.0657,491,42,2382,2026-07-30 00:10:01
458260,6,TIGER 미국투자등급회사채액티브(H),46300,5,-160,-0.34,46245.0,-1.6068,37,1,2374,2026-07-30 00:10:01
493810,4,TIGER 미국AI빅테크10타겟데일리커버드콜,11265,5,-55,-0.49,11148.0,-4.9482,19578,220,2371,2026-07-30 00:10:01
228790,2,TIGER 화장품,3800,2,30,0.8,3807.0,-8.0488,207196,780,2367,2026-07-30 00:10:01
437080,6,KODEX 미국종합채권ESG액티브(H),96875,5,-280,-0.29,96835.0,-1.0826,55,5,2349,2026-07-30 00:10:01
329650,7,KODEX TRF3070,14125,5,-20,-0.14,14128.0,-1.5661,3966,55,2331,2026-07-30 00:10:01
0210A0,2,ACE K반도체TOP2+,5425,5,-100,-1.81,5421.0,,555753,2991,2330,2026-07-30 00:10:01
483340,4,ACE 구글밸류체인액티브,20250,5,-615,-2.95,20274.0,-3.0437,26646,538,2309,2026-07-30 00:10:01
157500,2,TIGER 증권,11960,2,245,2.09,11990.0,-36.6928,45892,540,2303,2026-07-30 00:10:01
305080,6,TIGER 미국채10년선물,12810,5,-100,-0.77,12811.0,-3.4045,1147,14,2293,2026-07-30 00:10:01
423170,4,SOL 글로벌AI반도체탑픽액티브,49540,5,-955,-1.89,49429.0,1.8044,14077,693,2289,2026-07-30 00:10:01
414780,4,TIGER 차이나과창판STAR50(합성),14570,5,-55,-0.38,14740.0,10.3357,1196,17,2287,2026-07-30 00:10:01
475300,2,SOL 반도체전공정,15655,5,-130,-0.82,15685.0,-28.1194,159168,2460,2286,2026-07-30 00:10:01
0092C0,6,SOL 27-12 회사채(AA-이상)액티브,50080,3,0,0.0,50104.0,0.4714,0,0,2285,2026-07-30 00:10:01
139230,2,TIGER 200 중공업,11240,2,380,3.5,11220.0,-45.5879,26443,290,2264,2026-07-30 00:10:01
448540,7,ACE 엔비디아채권혼합,25720,5,-135,-0.52,25653.0,-2.746,4966,127,2263,2026-07-30 00:10:01
409820,4,KODEX 미국나스닥100레버리지(합성 H),17355,5,-335,-1.89,17067.0,0.9127,12161,210,2247,2026-07-30 00:10:01
486450,4,SOL 미국AI전력인프라,18765,5,-845,-4.31,18585.0,-19.3171,3683,68,2233,2026-07-30 00:10:01
472160,4,TIGER 미국테크TOP10 INDXX(H),17520,5,-80,-0.45,17335.0,-5.5794,24217,422,2216,2026-07-30 00:10:01
213610,2,KODEX 삼성그룹밸류,19535,2,305,1.59,19596.0,-5.8277,2297,44,2207,2026-07-30 00:10:01
495230,1,KoAct 코리아밸류업액티브,26015,2,120,0.46,26034.0,-14.2422,7974,204,2172,2026-07-30 00:10:01
452360,4,SOL 미국배당다우존스(H),13275,5,-65,-0.49,13253.0,8.5944,16698,222,2151,2026-07-30 00:10:01
0047A0,4,TIGER 차이나테크TOP10,13510,5,-40,-0.3,13654.0,0.7809,1355,18,2148,2026-07-30 00:10:01
0098F0,2,KODEX 원자력SMR,11985,2,185,1.57,12054.0,-51.1489,47864,562,2097,2026-07-30 00:10:01
0183V0,7,KIWOOM 삼성전자&SK하이닉스채권혼합50,10510,5,-50,-0.47,10520.0,4.1807,162189,1703,2091,2026-07-30 00:10:01
476450,6,KIWOOM 머니마켓액티브,52605,3,0,0.0,52618.0,0.6794,0,0,2091,2026-07-30 00:10:01
0182S0,7,1Q K반도체TOP2채권혼합50,11035,5,-40,-0.36,11025.0,2.5937,29590,324,2064,2026-07-30 00:10:01
442320,4,RISE 글로벌원자력,32430,5,-380,-1.16,32400.0,-34.0319,1219,39,2063,2026-07-30 00:10:01
0089D0,2,KODEX 금융고배당TOP10,12785,2,260,2.08,12822.0,-6.3029,13296,168,2058,2026-07-30 00:10:01
490090,4,TIGER 미국AI빅테크10,15470,5,-45,-0.29,15261.0,-4.4937,20794,320,2050,2026-07-30 00:10:01
421320,2,PLUS 우주항공,21800,2,490,2.3,21812.0,-55.1652,12194,260,2049,2026-07-30 00:10:01
466930,2,SOL 자동차TOP3플러스,23055,2,325,1.43,23055.0,-8.5864,114945,2616,2017,2026-07-30 00:10:01
471780,2,TIGER 코리아테크액티브,27000,2,50,0.19,26912.0,-20.0297,9344,250,2009,2026-07-30 00:10:01
498270,4,KIWOOM 미국양자컴퓨팅,13370,5,-325,-2.37,13193.0,-3.4179,13602,181,2006,2026-07-30 00:10:01
0151S0,4,KODEX 미국AI반도체TOP3플러스,13755,5,-460,-3.24,13649.0,0.3881,13281,181,1994,2026-07-30 00:10:01
463290,6,1Q 단기금융채액티브,108940,2,30,0.03,108954.0,0.6654,13,1,1961,2026-07-30 00:10:01
0119H0,6,KODEX 28-12 회사채(AA-이상)액티브,9870,5,-20,-0.2,9891.0,0.2534,248,2,1960,2026-07-30 00:10:01
388420,2,RISE 비메모리반도체액티브,20935,5,-130,-0.62,20916.0,-25.3711,67608,1411,1960,2026-07-30 00:10:01
394670,4,TIGER 글로벌리튬&2차전지SOLACTIVE(합성),10570,5,-30,-0.28,10704.0,-23.878,1945,20,1958,2026-07-30 00:10:01
0162Y0,1,TIME 코스닥액티브,5645,2,30,0.53,5657.0,-49.5054,39707,220,1936,2026-07-30 00:10:01
491610,6,1Q CD금리액티브(합성),104575,2,15,0.01,104512.0,0.6788,916,95,1917,2026-07-30 00:10:01
429000,4,TIGER 미국S&P500배당귀족,14240,5,-125,-0.87,14162.0,6.6193,20271,289,1908,2026-07-30 00:10:01
0005A0,4,KODEX 미국S&P500데일리커버드콜OTM,9555,5,-145,-1.49,9512.0,1.7874,30036,286,1901,2026-07-30 00:10:01
0091C0,6,KODEX 미국10년국채액티브(H),9620,5,-25,-0.26,9614.0,-1.3711,1390,13,1891,2026-07-30 00:10:01
495060,1,TIME 코리아밸류업액티브,24755,2,380,1.56,24706.0,-12.9465,29741,726,1869,2026-07-30 00:10:01
0204D0,2,KODEX 현대차로보틱스밸류체인TOP3플러스,5930,2,65,1.11,5918.0,,194448,1138,1856,2026-07-30 00:10:01
463050,2,TIME K바이오액티브,11030,2,150,1.38,11054.0,-41.2051,154135,1668,1848,2026-07-30 00:10:01
0115D0,2,KODEX 조선TOP10,7350,2,355,5.08,7348.0,-40.4428,345667,2478,1838,2026-07-30 00:10:01
244580,2,KODEX 바이오,7170,2,90,1.27,7169.0,-43.3374,75807,537,1830,2026-07-30 00:10:01
266160,2,RISE 고배당,28745,2,290,1.02,28684.0,-10.0836,8316,235,1825,2026-07-30 00:10:01
123320,3,TIGER 레버리지,79210,5,-15,-0.02,79254.0,-32.7919,127067,9889,1822,2026-07-30 00:10:01
363580,2,KODEX 200IT TR,42320,5,-690,-1.6,42370.0,-5.5037,75493,3154,1820,2026-07-30 00:10:01
433980,7,KODEX TDF2040액티브 적격,15660,5,-180,-1.14,15618.0,0.1256,3330,52,1817,2026-07-30 00:10:01
302450,1,RISE 코스피,59130,2,250,0.42,59017.0,-14.723,895,52,1803,2026-07-30 00:10:01
0104N0,2,TIGER 200타겟위클리커버드콜,17420,5,-15,-0.09,17424.0,-11.5146,4807,82,1794,2026-07-30 00:10:01
458210,7,KIWOOM CD금리액티브(합성),110295,3,0,0.0,110288.0,0.6846,0,0,1779,2026-07-30 00:10:01
0069M0,4,1Q 미국나스닥100,13075,5,-175,-1.32,12967.0,-0.3141,11851,154,1778,2026-07-30 00:10:01
0082V0,7,KODEX TDF2060액티브 적격,11045,5,-65,-0.59,10980.0,-5.2922,5036,55,1773,2026-07-30 00:10:01
200250,4,KIWOOM 인도Nifty50(합성),22385,5,-10,-0.04,22593.0,-4.2745,2898,64,1768,2026-07-30 00:10:01
251340,3,KODEX 코스닥150선물인버스,3155,5,-25,-0.79,3182.0,64.0866,4195549,13494,1767,2026-07-30 00:10:01
483290,4,KODEX 미국배당다우존스타겟커버드콜,10770,5,-100,-0.92,10771.0,6.4775,31685,341,1756,2026-07-30 00:10:01
0040X0,7,SOL 팔란티어미국채커버드콜혼합,8860,5,-125,-1.39,8875.0,-5.4124,50037,443,1719,2026-07-30 00:10:01
472870,6,RISE 미국30년국채엔화노출(합성 H),7055,5,-115,-1.6,7078.0,-7.2396,45032,317,1711,2026-07-30 00:10:01
433500,2,ACE 원자력TOP10,41640,2,780,1.91,41731.0,-54.0538,35295,1431,1707,2026-07-30 00:10:01
160580,5,TIGER 구리실물,16455,2,170,1.04,16244.0,3.3968,7356,120,1695,2026-07-30 00:10:01
495550,1,SOL 코리아밸류업TR,28105,2,305,1.1,28126.0,-8.7328,4190,116,1686,2026-07-30 00:10:01
480040,4,ACE 미국반도체데일리타겟커버드콜(합성),14340,5,-500,-3.37,14344.0,-4.2098,14177,202,1678,2026-07-30 00:10:01
332930,1,HANARO 200TR,114925,5,-2790,-2.37,117646.0,-11.0209,59,6,1666,2026-07-30 00:10:01
473460,4,KODEX 미국서학개미,20855,5,-465,-2.18,20731.0,-12.0207,4165,86,1637,2026-07-30 00:10:01
0099L0,6,ACE 우량회사채(AA-이상)액티브,99245,2,35,0.04,99311.0,0.3489,15606,1548,1637,2026-07-30 00:10:01
0192Z0,6,TIGER 중기종합채권(A-이상)액티브,100710,3,0,0.0,100731.0,,0,0,1626,2026-07-30 00:10:01
422420,2,RISE 2차전지액티브,5085,2,80,1.6,5103.0,-55.2585,13753,68,1618,2026-07-30 00:10:01
237370,7,KODEX 코리아배당성장채권혼합,15500,2,75,0.49,15502.0,-4.333,8787,135,1612,2026-07-30 00:10:01
490600,4,RISE 미국배당100데일리고정커버드콜,9510,5,-55,-0.58,9503.0,6.3283,21639,205,1602,2026-07-30 00:10:01
272560,6,RISE 단기국공채액티브,114590,2,10,0.01,114609.0,0.5352,2,0,1566,2026-07-30 00:10:01
480030,4,ACE 미국500데일리타겟커버드콜(합성),10300,5,-120,-1.15,10251.0,0.5189,5477,56,1566,2026-07-30 00:10:01
0051G0,4,SOL 미국원자력SMR,12570,5,-270,-2.1,12478.0,-24.5815,1792,22,1565,2026-07-30 00:10:01
117700,2,KODEX 건설,5340,2,160,3.09,5349.0,-46.3881,131845,690,1554,2026-07-30 00:10:01
480020,4,ACE 미국빅테크7+데일리타겟커버드콜(합성),10690,5,-75,-0.7,10562.0,-10.6696,7001,74,1550,2026-07-30 00:10:01
464240,6,KIWOOM 26-09회사채(AA-이상)액티브,52260,3,0,0.0,52290.0,0.6234,0,0,1542,2026-07-30 00:10:01
267770,3,TIGER 200선물레버리지,61305,2,520,0.86,61022.0,-32.6967,10742,645,1533,2026-07-30 00:10:01
122090,1,PLUS 코스피50,67205,5,-160,-0.24,67207.0,-7.9239,28689,1901,1532,2026-07-30 00:10:01
0127M0,4,ACE 미국대형가치주액티브,12420,5,-185,-1.47,12333.0,10.9162,500,6,1515,2026-07-30 00:10:01
451530,6,TIGER 국고채30년스트립액티브,35545,5,-170,-0.48,35607.0,-22.1896,2836,100,1509,2026-07-30 00:10:01
0064K0,5,KODEX 금액티브,12290,2,100,0.82,12311.0,-14.1852,635,7,1493,2026-07-30 00:10:01
219480,4,KODEX 미국S&P500선물(H),31745,5,-300,-0.94,31729.0,3.271,97,3,1492,2026-07-30 00:10:01
337160,2,KODEX 200ESG,39630,2,40,0.1,39667.0,-4.891,21311,837,1466,2026-07-30 00:10:01
0153K0,2,KODEX 주주환원고배당주,11895,2,275,2.37,11923.0,-2.6414,15370,182,1463,2026-07-30 00:10:01
0048K0,4,KODEX 차이나휴머노이드로봇,8555,5,-45,-0.52,8581.0,-14.8642,10261,87,1463,2026-07-30 00:10:01
0094M0,2,RISE 코리아밸류업위클리고정커버드콜,15810,2,110,0.7,15785.0,-8.0795,78184,1222,1462,2026-07-30 00:10:01
245340,4,TIGER 미국다우존스30,36275,5,-815,-2.2,36153.0,5.2864,1508,54,1458,2026-07-30 00:10:01
0104H0,7,KoAct 미국나스닥채권혼합50액티브,11545,5,-40,-0.35,11519.0,-3.4181,16426,189,1449,2026-07-30 00:10:01
494330,2,ACE 라이프자산주주가치액티브,28570,2,35,0.12,28828.0,7.4887,212,6,1429,2026-07-30 00:10:01
403790,1,MIDAS 코스피액티브,47900,5,-200,-0.42,48443.0,-13.0199,6,0,1401,2026-07-30 00:10:01
332500,1,ACE 200TR,60375,2,100,0.17,60255.0,-11.3016,2415,143,1389,2026-07-30 00:10:01
0190G0,2,KODEX 반도체타겟위클리커버드콜,6870,5,-50,-0.72,6866.0,,97813,662,1388,2026-07-30 00:10:01
304660,6,KODEX 미국30년국채울트라선물(H),7265,5,-125,-1.69,7282.0,-1.7941,6675,48,1380,2026-07-30 00:10:01
192090,4,TIGER 차이나CSI300,12880,5,-120,-0.92,12959.0,-4.9361,17815,229,1378,2026-07-30 00:10:01
182480,7,TIGER 미국MSCI리츠(합성 H),14335,5,-115,-0.8,14474.0,7.2368,445,6,1362,2026-07-30 00:10:01
143860,2,TIGER 헬스케어,33850,2,270,0.8,34031.0,-30.2307,2394,80,1354,2026-07-30 00:10:01
0180V0,4,ACE 미국우주테크액티브,6935,5,-300,-4.15,6891.0,-28.0458,31420,217,1345,2026-07-30 00:10:01
372330,4,KODEX 차이나항셍테크,7655,2,25,0.33,7642.0,-3.0304,5392,41,1343,2026-07-30 00:10:01
271050,5,KODEX WTI원유선물인버스(H),2045,5,-55,-2.62,2047.0,5.3159,88605,181,1343,2026-07-30 00:10:01
0041E0,4,KODEX 미국S&P500액티브,15640,5,-455,-2.83,15664.0,1.8003,13303,209,1314,2026-07-30 00:10:01
0093A0,2,RISE AI반도체TOP10,23682,2,87,0.37,23687.0,-34.6399,62235,1457,1303,2026-07-30 00:10:01
476030,4,SOL 미국나스닥100,16570,5,-215,-1.28,16429.0,-0.0893,14459,239,1292,2026-07-30 00:10:01
0005G0,2,IBK K-AI반도체코어테크,37400,5,-155,-0.41,37501.0,-10.239,5700,210,1290,2026-07-30 00:10:01
461950,2,KODEX 2차전지핵심소재10,3880,2,85,2.24,3894.0,-53.0865,44610,169,1288,2026-07-30 00:10:01
0151P0,2,RISE 코리아전략산업액티브,11750,5,-15,-0.13,11739.0,-29.7499,24024,279,1275,2026-07-30 00:10:01
0131W0,6,1Q 단기특수은행채액티브,101870,2,20,0.02,101881.0,0.6323,6000,611,1271,2026-07-30 00:10:01
481180,4,SOL 미국AI소프트웨어,14800,2,390,2.71,14485.0,16.7747,39953,589,1265,2026-07-30 00:10:01
494220,2,UNICORN SK하이닉스밸류체인액티브,34890,5,-610,-1.72,34906.0,-18.7272,28341,977,1256,2026-07-30 00:10:01
486830,6,HANARO 머니마켓액티브,53130,2,20,0.04,53136.0,0.7206,1049,55,1254,2026-07-30 00:10:01
0000Y0,6,HK 26-12 회사채(AA-이상)액티브,101560,3,0,0.0,101598.0,0.5594,0,0,1229,2026-07-30 00:10:01
138520,2,TIGER 삼성그룹,30385,2,705,2.38,30447.0,-6.6667,4272,127,1228,2026-07-30 00:10:01
114820,6,TIGER 국채3년,104880,5,-40,-0.04,104950.0,0.2436,20,2,1227,2026-07-30 00:10:01
411420,4,KODEX 미국나스닥AI테크액티브,25180,5,-305,-1.2,24874.0,-5.4815,2770,68,1221,2026-07-30 00:10:01
152870,1,파워 200,90130,5,-290,-0.32,90402.0,-11.1995,513,46,1217,2026-07-30 00:10:01
491820,2,HANARO 전력설비투자,32400,2,190,0.59,32449.0,-47.5279,19874,635,1215,2026-07-30 00:10:01
495330,1,1Q 코리아밸류업,27425,2,190,0.7,27406.0,-8.0183,1114,30,1179,2026-07-30 00:10:01
464930,4,TIGER 글로벌혁신블루칩TOP10,20945,5,-30,-0.14,20815.0,-1.2709,5323,111,1173,2026-07-30 00:10:01
309230,4,ACE 미국WideMoat동일가중,31445,2,65,0.21,31289.0,5.1269,219,6,1170,2026-07-30 00:10:01
488500,4,TIGER 미국S&P500동일가중,13140,5,-140,-1.05,13086.0,6.3447,7771,102,1169,2026-07-30 00:10:01
0123G0,4,TIGER 미국AI전력SMR,6000,5,-230,-3.69,5970.0,-26.1411,7813,46,1158,2026-07-30 00:10:01
0181B0,4,HANARO 미국AI메모리반도체TOP4+,8560,5,-125,-1.44,8475.0,,66922,565,1156,2026-07-30 00:10:01
399110,4,SOL 미국S&P500ESG,20610,5,-210,-1.01,20513.0,0.7971,432,8,1154,2026-07-30 00:10:01
0199C0,2,ACE 고배당주Plus커버드콜액티브,8830,2,100,1.15,8798.0,,103672,905,1148,2026-07-30 00:10:01
498180,6,파워 종합채권(AA-이상)액티브,93135,3,0,0.0,93308.0,-2.6905,0,0,1147,2026-07-30 00:10:01
354500,1,ACE 코스닥150,11355,2,35,0.31,11335.0,-45.0886,55651,616,1147,2026-07-30 00:10:01
491230,6,PLUS 국공채머니마켓액티브,52365,2,10,0.02,52363.0,0.7505,12,0,1147,2026-07-30 00:10:01
464310,4,TIGER 글로벌AI&로보틱스 INDXX,13725,5,-90,-0.65,13751.0,-12.8117,17495,240,1146,2026-07-30 00:10:01
261270,7,KODEX 미국달러선물인버스,7745,2,25,0.32,7764.0,2.0489,2959,22,1144,2026-07-30 00:10:01
0135Y0,6,IBK 중기종합채권(AA-이상)액티브,100205,2,105,0.1,100230.0,0.0799,1,0,1139,2026-07-30 00:10:01
0176E0,4,RISE 미국AI전력인프라액티브,9280,5,-655,-6.59,9169.0,-16.0186,749,6,1137,2026-07-30 00:10:01
0122W0,6,RISE 26-11 회사채(AA-이상)액티브,50860,3,0,0.0,50866.0,0.6232,10,0,1136,2026-07-30 00:10:01
447620,7,SOL 미국TOP5채권혼합50,15345,5,-125,-0.81,15388.0,-1.9956,19990,308,1120,2026-07-30 00:10:01
463680,4,KODEX 미국S&P500테크놀로지,21080,5,-320,-1.5,20698.0,4.4878,3974,83,1117,2026-07-30 00:10:01
168580,4,ACE 중국본토CSI300,35415,5,-420,-1.17,35751.0,-4.44,404,14,1105,2026-07-30 00:10:01
448100,1,WON 200,91885,5,-115,-0.12,92125.0,-11.4496,5165,469,1103,2026-07-30 00:10:01
412570,2,TIGER 2차전지TOP10레버리지,819,2,14,1.74,818.0,-72.7119,242955,186,1100,2026-07-30 00:10:01
0036R0,4,RISE 미국휴머노이드로봇,18515,5,-505,-2.66,18436.0,-0.9873,10079,186,1092,2026-07-30 00:10:01
0052T0,6,1Q 중단기회사채(A-이상)액티브,50540,3,0,0.0,50554.0,0.5571,0,0,1079,2026-07-30 00:10:01
0074K0,2,KoAct K수출핵심기업TOP30액티브,13565,2,50,0.37,13558.0,-28.3405,4703,62,1078,2026-07-30 00:10:01
0085P0,6,ACE 미국10년국채액티브,10245,5,-80,-0.77,10226.0,-3.0574,8686,89,1076,2026-07-30 00:10:01
233160,3,TIGER 코스닥150 레버리지,5135,2,35,0.69,5088.0,-73.9464,292035,1438,1073,2026-07-30 00:10:01
319640,4,TIGER 골드선물(H),24115,2,255,1.07,24125.0,-12.9833,817,19,1073,2026-07-30 00:10:01
438570,6,SOL 국고채10년,98295,3,0,0.0,98208.0,-2.0381,0,0,1068,2026-07-30 00:10:01
0168K0,2,TIGER 기술이전바이오액티브,5250,2,20,0.38,5255.0,-46.2488,105076,546,1063,2026-07-30 00:10:01
0193M0,6,BNK 27-12 특수채(AAA이상)액티브,50225,3,0,0.0,50249.0,,0,0,1062,2026-07-30 00:10:01
304940,4,KODEX 미국나스닥100선물(H),30215,5,-270,-0.89,29965.0,1.279,14,0,1058,2026-07-30 00:10:01
0091M0,6,HANARO 27-06 회사채(AA-이상)액티브,10120,3,0,0.0,10132.0,0.3968,0,0,1053,2026-07-30 00:10:01
0184L0,6,PLUS 중기종합채권(A-이상)액티브,100370,3,0,0.0,100374.0,,0,0,1044,2026-07-30 00:10:01
0132K0,7,PLUS 테슬라위클리커버드콜채권혼합,7930,5,-50,-0.63,7956.0,-5.1486,17158,135,1043,2026-07-30 00:10:01
0005D0,2,SOL 전고체배터리&실리콘음극재,10880,2,175,1.63,10905.0,-58.2407,45737,484,1039,2026-07-30 00:10:01
0191W0,6,HANARO 중기종합채권(A-이상)액티브,100680,3,0,0.0,100700.0,,0,0,1032,2026-07-30 00:10:01
475280,6,ACE 8월만기자동연장회사채AA-이상액티브,10700,5,-5,-0.05,10708.0,0.7055,9,0,1030,2026-07-30 00:10:01
0221V0,6,IBK 초단기채권액티브,100110,3,0,0.0,100142.0,,0,0,1030,2026-07-30 00:10:01
139220,2,TIGER 200 건설,6060,2,185,3.15,6091.0,-43.1269,125590,747,1029,2026-07-30 00:10:01
481430,6,RISE 국고채10년액티브,98205,5,-90,-0.09,98217.0,-2.1162,200,19,1027,2026-07-30 00:10:01
325010,2,KODEX 성장주,34110,5,-465,-1.34,34708.0,-15.9067,176,6,1023,2026-07-30 00:10:01
465780,6,마이티 26-09 특수채(AAA)액티브,106125,3,0,0.0,106164.0,0.6258,0,0,1022,2026-07-30 00:10:01
0080Y0,2,SOL 조선TOP3플러스레버리지,7980,2,635,8.65,8072.0,-68.4967,93490,712,1021,2026-07-30 00:10:01
394660,4,TIGER 글로벌자율주행&전기차SOLACTIVE,15360,5,-210,-1.35,15389.0,-11.9842,635,9,1020,2026-07-30 00:10:01
328370,1,PLUS 코스피TR,32000,2,265,0.84,32080.0,-15.2151,324,10,1008,2026-07-30 00:10:01
204480,4,TIGER 차이나CSI300레버리지(합성),26930,5,-405,-1.48,27028.0,-11.9788,10,0,1002,2026-07-30 00:10:01
457990,2,PLUS 태양광&ESS,28120,2,780,2.85,28208.0,-47.4938,67653,1874,998,2026-07-30 00:10:01
488720,7,WON 종합채권(AA-이상)액티브,48605,3,0,0.0,48599.0,-2.2524,0,0,997,2026-07-30 00:10:01
114100,6,RISE 국고채3년,106420,5,-35,-0.03,106470.0,0.1894,1,0,990,2026-07-30 00:10:01
308620,6,KODEX 미국10년국채선물,12010,5,-85,-0.7,12028.0,-3.356,1268,15,985,2026-07-30 00:10:01
468380,6,KODEX iShares미국하이일드액티브,11350,5,-60,-0.53,11330.0,-1.8281,1701,19,978,2026-07-30 00:10:01
0138Y0,7,PLUS 금채권혼합,9635,2,10,0.1,9629.0,-7.0049,4428,42,978,2026-07-30 00:10:01
461500,6,HANARO 종합채권(AA-이상)액티브,105125,3,0,0.0,105030.0,-2.2366,0,0,976,2026-07-30 00:10:01
203780,4,TIGER 미국나스닥바이오,34400,5,-35,-0.1,34049.0,9.9632,2355,81,970,2026-07-30 00:10:01
367770,2,RISE 수소경제테마,18640,2,140,0.76,18807.0,-38.1995,2460,45,969,2026-07-30 00:10:01
0174B0,7,KoAct 글로벌AI메모리반도체액티브,11620,5,-230,-1.94,11567.0,2.553,20232,231,964,2026-07-30 00:10:01
469170,2,ACE 포스코그룹포커스,4860,2,85,1.78,4874.0,-45.2463,144374,688,960,2026-07-30 00:10:01
449770,4,KIWOOM 미국S&P500,21010,5,-320,-1.5,20902.0,1.8342,755,15,945,2026-07-30 00:10:01
0092B0,2,SOL 한국원자력SMR,11785,2,260,2.26,11829.0,-54.0012,14671,168,943,2026-07-30 00:10:01
473440,6,ACE 11월만기자동연장회사채AA-이상액티브,10805,3,0,0.0,10820.0,0.652,0,0,940,2026-07-30 00:10:01
332940,1,HANARO MSCI Korea TR,38805,5,-900,-2.27,39680.0,-9.8843,13,0,931,2026-07-30 00:10:01
143850,4,TIGER 미국S&P500선물(H),74240,5,-825,-1.1,74253.0,3.0617,264,19,928,2026-07-30 00:10:01
475050,2,ACE KPOP포커스,6570,2,70,1.08,6572.0,-33.6735,16719,107,926,2026-07-30 00:10:01
465610,4,ACE 미국빅테크TOP7 Plus레버리지(합성),38455,5,-535,-1.37,38056.0,-13.2882,830,31,923,2026-07-30 00:10:01
433970,7,KODEX TDF2030액티브 적격,13830,5,-110,-0.79,13808.0,-0.1427,2973,41,920,2026-07-30 00:10:01
195980,4,PLUS 신흥국MSCI(합성 H),13990,2,80,0.58,14097.0,-2.7273,553,7,918,2026-07-30 00:10:01
377990,2,TIGER Fn신재생에너지,17780,2,100,0.57,17828.0,-50.7854,10001,175,907,2026-07-30 00:10:01
455860,2,SOL 2차전지소부장Fn,3665,2,65,1.81,3668.0,-52.2863,119956,433,891,2026-07-30 00:10:01
0137V0,4,KIWOOM 미국S&P500모멘텀,11100,5,-225,-1.99,10982.0,4.3718,4122,45,888,2026-07-30 00:10:01
325020,2,KODEX 배당가치,26875,2,390,1.47,26954.0,-5.7825,776,20,887,2026-07-30 00:10:01
329670,7,KODEX TRF7030,22075,5,-170,-0.76,22006.0,0.8684,786,17,883,2026-07-30 00:10:01
496090,1,KIWOOM 코리아밸류업,27100,5,-110,-0.4,27534.0,-8.2927,51,1,881,2026-07-30 00:10:01
460960,7,ACE 글로벌인컴TOP10,11335,5,-170,-1.48,11339.0,-1.3948,10176,115,878,2026-07-30 00:10:01
471760,2,TIGER AI반도체핵심공정,9965,5,-95,-0.94,9979.0,-54.7967,117548,1162,877,2026-07-30 00:10:01
326240,2,RISE IT플러스,34140,5,-110,-0.32,34295.0,-18.9925,765,25,874,2026-07-30 00:10:01
0000J0,2,PLUS 한화그룹주,22675,2,695,3.16,22736.0,-46.4164,15597,346,873,2026-07-30 00:10:01
269540,4,PLUS 미국S&P500(H),28965,5,-405,-1.38,28858.0,3.9094,119,3,869,2026-07-30 00:10:01
0162L0,4,KODEX 차이나AI반도체TOP10,13670,5,-115,-0.83,13728.0,14.5703,8726,118,868,2026-07-30 00:10:01
211900,2,KODEX 코리아배당성장,26675,2,305,1.16,26893.0,-14.3653,2645,69,867,2026-07-30 00:10:01
0035T0,7,PLUS 글로벌휴머노이드로봇액티브,17745,5,-405,-2.23,17892.0,-15.8944,4463,79,861,2026-07-30 00:10:01
0177X0,2,ACE K휴머노이드로봇산업TOP2+,8190,2,170,2.12,8197.0,-37.6119,75918,613,860,2026-07-30 00:10:01
444490,4,WON 미국S&P500,20125,5,-315,-1.54,20019.0,1.7928,7842,157,855,2026-07-30 00:10:01
476850,1,KoAct 배당성장액티브,18200,2,255,1.42,18173.0,-13.9131,7633,138,846,2026-07-30 00:10:01
329660,7,KODEX TRF5050,17840,5,-125,-0.7,17853.0,0.4061,5059,90,838,2026-07-30 00:10:01
485690,4,RISE 미국AI밸류체인TOP3Plus,19585,5,-435,-2.17,19407.0,-4.067,5591,108,832,2026-07-30 00:10:01
461460,6,PLUS 국고채10년액티브,51315,5,-105,-0.2,51348.0,-2.2155,113,5,832,2026-07-30 00:10:01
0017Y0,6,1Q 종합채권(AA-이상)액티브,93970,3,0,0.0,93893.0,-2.4905,0,0,831,2026-07-30 00:10:01
266370,2,KODEX IT,51835,5,-295,-0.57,51764.0,-13.2396,93051,4735,829,2026-07-30 00:10:01
0007N0,1,아이엠에셋 200,90900,2,715,0.79,89974.0,-11.2449,6,0,818,2026-07-30 00:10:01
130730,6,KIWOOM 단기자금,102795,2,35,0.03,102802.0,0.5823,77,7,814,2026-07-30 00:10:01
479620,4,SOL 미국AI반도체칩메이커,23197,5,-938,-3.89,23079.0,10.2558,4377,100,812,2026-07-30 00:10:01
453080,4,KIWOOM 미국나스닥100(H),21325,5,-215,-1.0,21163.0,1.482,39,0,810,2026-07-30 00:10:01
0066W0,5,SOL 국제금,12455,2,105,0.85,12350.0,-13.9973,1096,13,810,2026-07-30 00:10:01
0057H0,7,PLUS 미국S&P500미국채혼합50액티브,11890,5,-85,-0.71,11856.0,0.0755,10341,122,809,2026-07-30 00:10:01
453330,4,RISE 미국S&P500(H),17375,5,-200,-1.14,17309.0,3.9835,183,3,799,2026-07-30 00:10:01
0049M0,4,ACE 미국배당퀄리티+커버드콜액티브,11310,5,-50,-0.44,11241.0,-1.729,931,10,780,2026-07-30 00:10:01
492500,7,1Q 현대차그룹채권(A+이상)&국고통안,51150,5,-35,-0.07,51189.0,0.3234,2,0,779,2026-07-30 00:10:01
157490,2,TIGER 소프트웨어,8060,2,115,1.45,8071.0,-15.8815,29119,231,774,2026-07-30 00:10:01
458030,6,WON 국공채머니마켓액티브,54910,2,10,0.02,54905.0,0.6508,2432,133,773,2026-07-30 00:10:01
0209D0,2,KODEX 전고체배터리ESS TOP2플러스,6095,2,35,0.58,6099.0,,65082,391,771,2026-07-30 00:10:01
438560,6,SOL 국고채3년,100195,5,-40,-0.04,100252.0,0.2851,6,0,764,2026-07-30 00:10:01
495040,1,PLUS 코리아밸류업,27295,2,285,1.06,27341.0,-8.7075,310,8,764,2026-07-30 00:10:01
272910,6,ACE 중장기국공채액티브,105955,2,25,0.02,105952.0,-0.0708,2,0,764,2026-07-30 00:10:01
298770,4,KODEX 한국대만IT프리미어,68535,2,275,0.4,68125.0,-2.07,4160,281,754,2026-07-30 00:10:01
0098N0,2,PLUS 자사주매입고배당주,12455,2,220,1.8,12496.0,-7.1918,2995,36,754,2026-07-30 00:10:01
123310,3,TIGER 인버스,1475,5,-2,-0.14,1479.0,-1.5334,944297,1408,751,2026-07-30 00:10:01
0018C0,2,PLUS 고배당주위클리고정커버드콜,10565,2,245,2.37,10603.0,-18.9148,17713,182,745,2026-07-30 00:10:01
0113D0,4,TIME 글로벌탑픽액티브,11965,5,-120,-0.99,11918.0,0.7923,10985,131,742,2026-07-30 00:10:01
108450,2,ACE 삼성그룹섹터가중,33475,2,390,1.18,33620.0,-11.026,4381,144,736,2026-07-30 00:10:01
454320,2,HANARO CAPEX설비투자iSelect,33930,2,305,0.91,34093.0,-43.9584,2012,67,729,2026-07-30 00:10:01
138530,2,TIGER LG그룹플러스,10600,2,380,3.72,10552.0,-14.5843,25116,261,729,2026-07-30 00:10:01
210780,2,TIGER 코스피고배당,22000,2,340,1.57,21987.0,-16.2204,907,19,726,2026-07-30 00:10:01
364960,2,TIGER BBIG,5945,2,70,1.19,5981.0,-28.0025,6568,38,722,2026-07-30 00:10:01
0080X0,7,SOL 미국S&P500미국채혼합50,11285,5,-170,-1.48,11182.0,0.3765,5463,61,722,2026-07-30 00:10:01
228810,2,TIGER 미디어컨텐츠,3035,2,30,1.0,3061.0,-39.7192,18542,55,722,2026-07-30 00:10:01
469060,4,RISE 미국반도체NYSE,32480,5,-820,-2.46,32090.0,5.6567,1324,42,715,2026-07-30 00:10:01
490480,2,SOL K방산,25030,2,1100,4.6,25024.0,-42.24,12611,303,713,2026-07-30 00:10:01
475350,4,RISE 버크셔포트폴리오TOP10,15430,5,-85,-0.55,15336.0,8.635,12661,195,710,2026-07-30 00:10:01
211560,2,TIGER 배당성장,33640,2,635,1.92,33659.0,-14.0816,4897,161,706,2026-07-30 00:10:01
0142D0,4,TIGER 미국AI데이터센터TOP4Plus,8200,5,-660,-7.45,8046.0,-19.0868,17450,142,705,2026-07-30 00:10:01
412770,4,TIGER 글로벌AI플랫폼액티브,11875,5,-415,-3.38,11734.0,-1.2852,221,2,704,2026-07-30 00:10:01
441540,2,HANARO Fn조선해운,25285,2,910,3.73,25364.0,-35.2332,1274,31,695,2026-07-30 00:10:01
486240,2,DAISHIN343 AI반도체&인프라액티브,21675,5,-635,-2.85,22160.0,-23.8697,137,2,694,2026-07-30 00:10:01
440640,6,ACE 단기채권알파액티브,112355,2,50,0.04,112363.0,0.6813,254,28,688,2026-07-30 00:10:01
458750,4,TIGER 미국배당다우존스타겟커버드콜1호,13480,5,-130,-0.96,13488.0,6.3879,23668,319,687,2026-07-30 00:10:01
0008T0,2,SOL 화장품TOP3플러스,14500,2,165,1.15,14520.0,-15.4278,58088,833,682,2026-07-30 00:10:01
0022T0,4,SOL 국제금커버드콜액티브,12820,2,20,0.16,12773.0,-13.1003,641,8,667,2026-07-30 00:10:01
495750,1,HANARO 코리아밸류업,27125,5,-205,-0.75,27487.0,-7.0993,359,9,665,2026-07-30 00:10:01
0190Y0,4,TIGER 구글밸류체인,8380,5,-65,-0.77,8293.0,,5851,48,662,2026-07-30 00:10:01
0036D0,4,TIME 미국배당다우존스액티브,13230,5,-70,-0.53,13171.0,13.7266,899,11,662,2026-07-30 00:10:01
337140,2,KODEX 코스피대형주,30025,2,20,0.07,30041.0,-12.7413,2335,69,661,2026-07-30 00:10:01
0102A0,4,TIGER 미국AI소프트웨어TOP4Plus,7530,2,45,0.6,7479.0,-1.5132,52904,397,648,2026-07-30 00:10:01
433880,7,PLUS TDF2060액티브 적격,18275,5,-325,-1.75,18323.0,-0.6397,7790,142,640,2026-07-30 00:10:01
228800,2,TIGER 여행레저,2440,2,30,1.24,2439.0,-30.0436,26198,63,638,2026-07-30 00:10:01
278620,6,PLUS 단기채권액티브,118670,2,50,0.04,118678.0,0.5211,3048,361,635,2026-07-30 00:10:01
0123S0,2,HANARO 26-12 은행채(AA+이상)액티브,10170,3,0,0.0,10166.0,0.5934,0,0,631,2026-07-30 00:10:01
0000D0,7,TIGER 엔비디아미국채커버드콜밸런스(합성),9195,5,-225,-2.39,9123.0,-4.8658,238,2,630,2026-07-30 00:10:01
434960,1,DAISHIN343 K200,89835,5,-190,-0.21,90088.0,-11.4359,1535,136,629,2026-07-30 00:10:01
0089C0,4,KODEX 미국S&P500변동성확대시커버드콜,11445,3,0,0.0,11364.0,0.8259,0,0,624,2026-07-30 00:10:01
453640,4,KODEX 미국S&P500헬스케어,14480,5,-30,-0.21,14456.0,13.3022,5595,81,623,2026-07-30 00:10:01
419890,6,KIWOOM 단기채권ESG액티브,107210,3,0,0.0,107262.0,0.445,0,0,622,2026-07-30 00:10:01
455660,6,ACE 미국하이일드액티브(H),9415,2,20,0.21,9393.0,-0.5782,417,3,621,2026-07-30 00:10:01
479730,4,TIGER 인도빌리언컨슈머,10285,5,-140,-1.34,10438.0,1.9502,269,2,617,2026-07-30 00:10:01
476750,6,ACE 미국30년국채엔화노출액티브(H),7595,5,-150,-1.94,7602.0,-6.4006,3279,24,615,2026-07-30 00:10:01
266420,2,KODEX 헬스케어,15365,2,145,0.95,15452.0,-30.1194,3760,57,615,2026-07-30 00:10:01
365040,1,TIGER AI코리아그로스액티브,29150,5,-375,-1.27,29800.0,-13.9339,1314,38,612,2026-07-30 00:10:01
261240,7,KODEX 미국달러선물,14845,5,-70,-0.47,14844.0,-1.3885,3905,57,607,2026-07-30 00:10:01
453950,4,TIGER TSMC파운드리밸류체인,30275,5,-470,-1.53,30174.0,-4.3256,3944,120,590,2026-07-30 00:10:01
495940,4,RISE 미국AI테크액티브,18685,5,-485,-2.53,18504.0,-2.7856,675,12,589,2026-07-30 00:10:01
359210,1,KODEX 코스피TR,29315,5,-160,-0.54,29550.0,-14.8368,602,17,586,2026-07-30 00:10:01
292190,1,KODEX KRX300,39065,5,-265,-0.67,39454.0,-13.6095,189,7,586,2026-07-30 00:10:01
455960,6,RISE 미국달러SOFR금리액티브(합성),12675,2,30,0.24,12586.0,-0.7847,1,0,581,2026-07-30 00:10:01
277640,2,TIGER 코스피대형주,31150,2,180,0.58,31075.0,-12.8652,4369,133,576,2026-07-30 00:10:01
0193L0,2,PLUS 삼성전자선물단일종목인버스2X,22620,5,-380,-1.65,22498.0,,1548912,35549,575,2026-07-30 00:10:01
0115E0,2,KODEX 코리아소버린AI,12130,2,145,1.21,12128.0,-22.7901,8788,104,570,2026-07-30 00:10:01
440910,4,WON 미국우주항공방산,25315,5,-1515,-5.65,25274.0,5.4223,2547,64,570,2026-07-30 00:10:01
473640,4,HANARO 글로벌금채굴기업,28450,2,340,1.21,27888.0,-17.951,31,0,569,2026-07-30 00:10:01
0098Z0,1,FOCUS 200,75540,5,-1140,-1.49,76613.0,-11.2447,5,0,567,2026-07-30 00:10:01
261220,5,KODEX WTI원유선물(H),23440,2,515,2.25,23440.0,-12.0131,17064,400,557,2026-07-30 00:10:01
0111J0,2,HANARO 증권고배당TOP3플러스,12090,2,335,2.85,12145.0,-35.5287,10780,127,556,2026-07-30 00:10:01
275980,4,TIGER 글로벌4차산업혁신기술(합성 H),21500,5,-670,-3.02,21910.0,0.226,12,0,555,2026-07-30 00:10:01
298340,6,PLUS 국채선물3년,56335,3,0,0.0,56352.0,0.4726,0,0,552,2026-07-30 00:10:01
0040S0,4,HANARO 글로벌피지컬AI액티브,21220,5,-440,-2.03,21121.0,-6.3149,1219,25,552,2026-07-30 00:10:01
225040,4,TIGER 미국S&P500레버리지(합성 H),62215,5,-1275,-2.01,61651.0,6.135,934,57,547,2026-07-30 00:10:01
465330,2,RISE 2차전지TOP10,9050,2,205,2.32,9070.0,-46.4102,54802,488,543,2026-07-30 00:10:01
150460,2,TIGER 중국소비테마,7110,2,95,1.35,7207.0,-14.1371,36,0,542,2026-07-30 00:10:01
0046Y0,4,ACE 미국배당퀄리티,12710,5,-120,-0.94,12602.0,0.9339,565,7,540,2026-07-30 00:10:01
491700,1,HK 200,89035,2,5065,6.03,90296.0,-17.5269,591,52,534,2026-07-30 00:10:01
0141S0,2,SOL 조선기자재,7720,2,315,4.25,7720.0,-52.4864,17579,132,533,2026-07-30 00:10:01
0113P0,6,HK 머니마켓액티브,102120,3,0,0.0,102148.0,0.6901,0,0,529,2026-07-30 00:10:01
401470,2,KODEX 메타버스액티브,8795,2,70,0.8,8896.0,-10.2367,56,0,528,2026-07-30 00:10:01
360140,2,KODEX 200롱코스닥150숏선물,23920,2,75,0.31,23641.0,56.4632,3931,94,526,2026-07-30 00:10:01
428510,4,KODEX 차이나AI테크액티브,22840,2,565,2.54,22505.0,-7.137,1151,25,525,2026-07-30 00:10:01
336160,6,RISE 금융채액티브,100110,5,-30,-0.03,100149.0,0.2243,1,0,525,2026-07-30 00:10:01
0172V0,5,1Q 은액티브,7890,2,5,0.06,7760.0,-23.0357,8223,64,521,2026-07-30 00:10:01
114470,6,KIWOOM 국고채3년,107845,2,65,0.06,107834.0,0.1814,3,0,518,2026-07-30 00:10:01
282000,3,RISE 국고채3년선물인버스,114520,3,0,0.0,114522.0,0.5046,0,0,515,2026-07-30 00:10:01
0185L0,4,TIME 글로벌휴머노이드로봇산업액티브,7355,2,25,0.34,7334.0,,3994,29,515,2026-07-30 00:10:01
0139P0,2,ACE 고배당주,12750,2,215,1.72,12788.0,-11.4451,4326,54,510,2026-07-30 00:10:01
100910,1,KIWOOM KRX100,14120,5,-20,-0.14,14161.0,-10.5812,55,0,508,2026-07-30 00:10:01
475260,6,ACE 2월만기자동연장회사채AA-이상액티브,10705,3,0,0.0,10714.0,0.4692,4,0,504,2026-07-30 00:10:01
475310,2,SOL 반도체후공정,18315,5,-105,-0.57,18372.0,-47.8557,66381,1211,504,2026-07-30 00:10:01
0181L0,4,SOL 미국우주항공TOP10,6240,5,-280,-4.29,6203.0,-28.2334,48588,303,502,2026-07-30 00:10:01
200030,4,KODEX 미국S&P500산업재(합성),44120,5,-1340,-2.95,43904.0,4.3977,129,5,498,2026-07-30 00:10:01
445150,2,KODEX 친환경조선해운액티브,26155,2,1000,3.98,26005.0,-41.4067,769,19,497,2026-07-30 00:10:01
0118Z0,4,ACE 미국AI테크핵심산업액티브,8080,5,-320,-3.81,7987.0,-13.5803,971,7,493,2026-07-30 00:10:01
140700,2,KODEX 보험,18045,2,480,2.73,18098.0,10.3199,1831,32,487,2026-07-30 00:10:01
494840,4,TIGER 미국방산TOP10,13670,5,-410,-2.91,13712.0,5.9264,11100,152,485,2026-07-30 00:10:01
480310,4,TIGER 글로벌온디바이스AI,17640,5,-805,-4.36,17801.0,4.7349,33696,594,485,2026-07-30 00:10:01
0086B0,2,TIGER 리츠부동산인프라TOP10액티브,9415,5,-20,-0.21,9449.0,-14.3222,8428,79,485,2026-07-30 00:10:01
101280,4,KODEX 일본TOPIX100,29895,5,-90,-0.3,29696.0,2.561,190,5,484,2026-07-30 00:10:01
256750,4,KODEX 차이나심천ChiNext(합성),15755,5,-120,-0.76,15828.0,-10.1585,444,6,482,2026-07-30 00:10:01
218420,4,KODEX 미국S&P500에너지(합성),19675,2,40,0.2,19690.0,-1.1081,5157,101,481,2026-07-30 00:10:01
442560,7,RISE TDF2040액티브 적격,15940,5,-250,-1.54,15962.0,-0.307,749,11,478,2026-07-30 00:10:01
261070,2,TIGER 코스닥150바이오테크,10490,2,130,1.25,10556.0,-44.3311,72735,749,476,2026-07-30 00:10:01
295020,6,RISE 국채선물10년인버스,60325,3,0,0.0,60427.0,2.891,0,0,474,2026-07-30 00:10:01
491220,1,PLUS 200TR,104945,5,-1325,-1.25,106396.0,-11.2642,165,17,472,2026-07-30 00:10:01
0132H0,4,KODEX 미국원자력SMR,7845,5,-365,-4.45,7802.0,-27.2808,8748,68,471,2026-07-30 00:10:01
0166S0,2,PLUS K제조업핵심기업액티브,8745,3,0,0.0,8736.0,-27.2463,7692,66,468,2026-07-30 00:10:01
0193G0,1,KoAct 코스피액티브,6945,3,0,0.0,6940.0,,31030,213,465,2026-07-30 00:10:01
472830,6,RISE 미국30년국채커버드콜(합성),8340,5,-170,-2.0,8330.0,-3.6959,1062,8,463,2026-07-30 00:10:01
371470,4,TIGER 차이나바이오테크SOLACTIVE,8325,3,0,0.0,8408.0,-3.0286,10,0,460,2026-07-30 00:10:01
447430,2,ACE 주주환원가치주액티브,15560,2,30,0.19,15703.0,-19.5501,281,4,459,2026-07-30 00:10:01
252710,3,TIGER 200선물인버스2X,147,5,-1,-0.68,148.0,-15.9091,16608285,2493,449,2026-07-30 00:10:01
453650,4,KODEX 미국S&P500금융,19940,5,-300,-1.48,19961.0,8.1801,5142,103,449,2026-07-30 00:10:01
0210E0,2,PLUS 200커버드콜액티브,6225,2,10,0.16,6222.0,,41953,258,448,2026-07-30 00:10:01
287180,4,PLUS 미국나스닥테크,52715,5,-490,-0.92,52033.0,9.4978,212,11,448,2026-07-30 00:10:01
276990,4,KODEX 글로벌로봇(합성),25290,5,-310,-1.21,25150.0,-5.1677,1609,40,448,2026-07-30 00:10:01
385590,2,ACE ESG액티브,19450,3,0,0.0,19681.0,-10.7799,1,0,447,2026-07-30 00:10:01
475270,6,ACE 5월만기자동연장회사채AA-이상액티브,10690,3,0,0.0,10701.0,0.5171,0,0,446,2026-07-30 00:10:01
0178H0,7,IBK 미국AI TOP10국채혼합50,9550,3,0,0.0,9479.0,-4.5909,0,0,444,2026-07-30 00:10:01
306950,3,KODEX KRX300레버리지,55275,5,-95,-0.17,55108.0,-36.4586,564,30,442,2026-07-30 00:10:01
0041D0,4,KODEX 미국AI소프트웨어TOP10,11920,2,165,1.4,11846.0,-3.1688,2798,33,441,2026-07-30 00:10:01
252400,3,RISE 200선물레버리지,73350,2,560,0.77,73341.0,-33.1405,6275,457,440,2026-07-30 00:10:01
0194T0,2,ACE SK하이닉스단일종목레버리지,6355,5,-410,-6.06,6314.0,,153071,953,440,2026-07-30 00:10:01
456680,4,TIGER 차이나전기차레버리지(합성),7370,5,-45,-0.61,7416.0,-41.4991,31000,226,437,2026-07-30 00:10:01
473490,4,KIWOOM 글로벌AI반도체,28175,5,-585,-2.03,28012.0,2.4724,1775,49,437,2026-07-30 00:10:01
0000Z0,2,RISE 바이오TOP10액티브,7790,2,40,0.52,7784.0,-50.8561,55351,424,436,2026-07-30 00:10:01
440650,6,ACE 미국달러단기채권액티브,12050,5,-45,-0.37,12044.0,-1.5467,48927,590,434,2026-07-30 00:10:01
452250,6,ACE 미국30년국채선물레버리지(합성 H),4730,5,-160,-3.27,4795.0,-5.6895,2500,11,433,2026-07-30 00:10:01
0118S0,4,SOL 미국넥스트테크TOP10액티브,9305,5,-500,-5.1,9203.0,-14.5162,3033,28,433,2026-07-30 00:10:01
0194M0,2,ACE 삼성전자단일종목레버리지,8110,2,220,2.79,8042.0,,155043,1224,428,2026-07-30 00:10:01
418670,4,TIGER 글로벌AI사이버보안,16370,2,45,0.28,16202.0,35.0289,1452,23,426,2026-07-30 00:10:01
461340,4,HANARO 글로벌생성형AI액티브,38635,5,-920,-2.33,38419.0,0.6232,1027,39,425,2026-07-30 00:10:01
275300,2,KODEX 우량주,24770,2,125,0.51,24879.0,-8.682,507,12,421,2026-07-30 00:10:01
0191M0,6,마이티 5월만기자동연장특수채(AAA)액티브,100450,3,0,0.0,100498.0,,0,0,416,2026-07-30 00:10:01
465350,3,RISE 2차전지TOP10인버스(합성),20755,5,-555,-2.6,21362.0,61.6843,27304,593,415,2026-07-30 00:10:01
401170,2,RISE 메타버스,10480,2,140,1.35,10509.0,5.5102,207,2,415,2026-07-30 00:10:01
196030,4,ACE 일본TOPIX레버리지(H),82885,5,-1945,-2.29,84138.0,11.4717,24,1,414,2026-07-30 00:10:01
0020H0,4,KoAct 글로벌양자컴퓨팅액티브,19700,5,-570,-2.81,19534.0,-8.2183,13649,268,414,2026-07-30 00:10:01
464470,6,PLUS 미국채30년액티브,50095,5,-995,-1.95,50157.0,-3.8796,272,13,413,2026-07-30 00:10:01
0141T0,6,SOL 중기종합채권(AA-이상)액티브,50170,3,0,0.0,50177.0,0.2497,0,0,411,2026-07-30 00:10:01
429760,4,PLUS 미국S&P500,19550,5,-260,-1.31,19434.0,1.8209,1102,21,411,2026-07-30 00:10:01
261120,7,TIGER 미국달러선물인버스2X,4865,2,25,0.52,4879.0,3.6402,11,0,409,2026-07-30 00:10:01
139280,2,TIGER 경기방어,12075,2,145,1.22,12153.0,-12.7512,573,6,406,2026-07-30 00:10:01
442260,1,마이티 다이나믹퀀트액티브,31525,2,980,3.21,30849.0,-12.7909,31,0,404,2026-07-30 00:10:01
304780,3,HANARO 200선물레버리지,89300,2,920,1.04,88896.0,-33.2402,2258,196,402,2026-07-30 00:10:01
238720,4,ACE 일본Nikkei225(H),44600,2,80,0.18,44632.0,3.9822,959,42,401,2026-07-30 00:10:01
352540,7,KODEX 일본부동산리츠(H),11795,5,-155,-1.3,11818.0,1.9773,2915,34,401,2026-07-30 00:10:01
476260,2,HANARO 반도체핵심공정주도주,9870,5,-10,-0.1,9863.0,-32.1895,19054,183,395,2026-07-30 00:10:01
487130,2,KoAct AI인프라액티브,21240,2,20,0.09,21258.0,-31.9436,4825,100,393,2026-07-30 00:10:01
322410,2,HANARO K고배당,21810,2,255,1.18,21925.0,-10.5039,39,0,393,2026-07-30 00:10:01
0007G0,4,PLUS 글로벌원자력밸류체인,12850,5,-580,-4.32,12702.0,-22.7718,223,2,392,2026-07-30 00:10:01
140950,1,파워 코스피100,69930,5,-820,-1.16,70438.0,-9.5646,1064,74,392,2026-07-30 00:10:01
437070,6,KODEX 아시아달러채권ESG플러스액티브,61840,5,-290,-0.47,61788.0,-2.7302,1,0,391,2026-07-30 00:10:01
139320,5,TIGER 금은선물(H),17055,2,210,1.25,16863.0,-14.3185,137,2,384,2026-07-30 00:10:01
0189B0,5,TIGER 은액티브,7565,2,45,0.6,7589.0,-23.4216,11885,89,382,2026-07-30 00:10:01
176950,6,KODEX 국채선물10년인버스,60230,2,105,0.17,60229.0,3.1834,104,6,379,2026-07-30 00:10:01
183700,7,RISE 200채권혼합50,89045,2,225,0.25,88565.0,-4.462,1518,134,374,2026-07-30 00:10:01
352560,7,KODEX 미국부동산리츠(H),12860,2,30,0.23,12794.0,4.5017,497,6,373,2026-07-30 00:10:01
099140,4,KODEX 차이나H,22585,5,-30,-0.13,22676.0,-3.1105,9,0,373,2026-07-30 00:10:01
276970,4,KODEX 미국S&P500배당귀족커버드콜(합성 H),7895,5,-5,-0.06,8005.0,5.2261,299,2,371,2026-07-30 00:10:01
195930,4,TIGER 유로스탁스50(합성 H),23110,2,10,0.04,23008.0,8.5271,11,0,370,2026-07-30 00:10:01
400970,2,TIGER Fn메타버스,7160,3,0,0.0,7234.0,-19.324,4831,34,369,2026-07-30 00:10:01
0197W0,2,SOL SK하이닉스단일종목레버리지,6295,5,-305,-4.62,5997.0,,707095,4300,368,2026-07-30 00:10:01
278240,3,RISE 코스닥150선물레버리지,5225,2,115,2.25,5214.0,-74.3924,234620,1181,368,2026-07-30 00:10:01
476690,4,TIGER 글로벌비만치료제TOP2Plus,11465,5,-75,-0.65,11494.0,18.1796,1072,12,367,2026-07-30 00:10:01
253150,3,PLUS 200선물레버리지,146490,5,-120,-0.08,146270.0,-32.774,7963,1135,366,2026-07-30 00:10:01
491830,4,TIGER 미국AI반도체팹리스,19735,5,-730,-3.57,19658.0,6.3067,43132,850,365,2026-07-30 00:10:01
375770,2,KODEX 탄소효율그린뉴딜,20275,3,0,0.0,20462.0,-13.7155,544,11,365,2026-07-30 00:10:01
468630,6,KODEX iShares미국투자등급회사채액티브,11305,5,-95,-0.83,11287.0,-3.4797,3676,41,363,2026-07-30 00:10:01
0085N0,6,ACE 미국10년국채액티브(H),9750,5,-55,-0.56,9749.0,-0.9074,1354,13,361,2026-07-30 00:10:01
442090,2,에셋플러스 코리아대장장이액티브,24000,5,-55,-0.23,24027.0,-24.7576,4,0,360,2026-07-30 00:10:01
0192L0,2,RISE SK하이닉스단일종목레버리지,6450,5,-360,-5.29,6433.0,,86147,540,358,2026-07-30 00:10:01
152500,3,ACE 레버리지,32495,2,125,0.39,32379.0,-32.7726,5999,192,357,2026-07-30 00:10:01
305050,1,ACE 코스피,59495,2,430,0.73,59173.0,-14.7569,908,53,357,2026-07-30 00:10:01
365000,2,TIGER 인터넷TOP10,3405,2,15,0.44,3414.0,-31.307,12736,42,356,2026-07-30 00:10:01
474800,4,KIWOOM 미국원유에너지기업,15285,2,180,1.19,15387.0,-3.6202,17582,268,352,2026-07-30 00:10:01
292560,7,TIGER 일본엔선물,8160,5,-35,-0.43,8167.0,-4.2641,4010,32,351,2026-07-30 00:10:01
316670,1,KIWOOM 코스닥150,5600,2,35,0.63,5603.0,-45.5213,61576,339,348,2026-07-30 00:10:01
104530,2,KIWOOM 코리아고배당,16970,2,230,1.37,16996.0,-19.4425,5332,89,348,2026-07-30 00:10:01
174360,4,RISE 중국본토대형주CSI100,24835,2,265,1.08,24614.0,-4.8044,435,10,348,2026-07-30 00:10:01
498860,2,RISE 코리아금융고배당,15770,2,305,1.97,15867.0,-23.6754,1940,30,347,2026-07-30 00:10:01
448570,1,FOCUS AI코리아액티브,25585,2,125,0.49,25736.0,-11.1654,11,0,345,2026-07-30 00:10:01
0154F0,2,WON 초대형IB&금융지주,11695,2,260,2.27,11705.0,-19.4719,9136,105,345,2026-07-30 00:10:01
475070,4,KoAct 글로벌친환경전력인프라액티브,27525,5,-485,-1.73,27329.0,-28.2899,83,2,344,2026-07-30 00:10:01
138910,5,KODEX 구리선물(H),9780,2,85,0.88,9783.0,4.2473,1753,17,342,2026-07-30 00:10:01
473590,4,ACE 미국주식베스트셀러,15905,5,-665,-4.01,15987.0,-22.3524,315,5,342,2026-07-30 00:10:01
322400,2,HANARO e커머스,9860,5,-80,-0.8,10019.0,-18.5246,8,0,335,2026-07-30 00:10:01
449690,4,TIGER 한중반도체(합성),44465,3,0,0.0,44621.0,2.1831,3,0,333,2026-07-30 00:10:01
122260,6,KIWOOM 통안채1년,103930,3,0,0.0,103951.0,0.5077,0,0,333,2026-07-30 00:10:01
147970,2,TIGER 모멘텀,68885,2,320,0.47,69466.0,-24.0278,216,14,331,2026-07-30 00:10:01
139270,2,TIGER 200 금융,15785,2,225,1.45,15866.0,-7.3822,297,4,328,2026-07-30 00:10:01
472840,1,IBK 200,87260,5,-1460,-1.65,89122.0,-11.8094,188,16,327,2026-07-30 00:10:01
476070,4,KODEX 글로벌비만치료제TOP2 Plus,11865,5,-5,-0.04,11826.0,15.3883,1944,23,326,2026-07-30 00:10:01
241390,7,RISE V&S셀렉트밸류채권혼합,14820,2,185,1.26,14816.0,-10.1071,33,0,326,2026-07-30 00:10:01
414270,4,ACE 글로벌자율주행액티브,12300,5,-135,-1.09,12235.0,-8.2288,11,0,326,2026-07-30 00:10:01
496770,4,PLUS 글로벌방산,18570,5,-270,-1.43,18487.0,3.4596,2019,37,325,2026-07-30 00:10:01
449780,4,KIWOOM 미국S&P500(H),17920,5,-185,-1.02,17823.0,3.5969,5849,104,323,2026-07-30 00:10:01
256440,4,ACE MSCI인도네시아(합성),5265,5,-20,-0.38,5332.0,-20.3467,253,1,321,2026-07-30 00:10:01
459750,4,RISE 글로벌주식분산액티브,17830,5,-330,-1.82,17730.0,1.6429,779,14,321,2026-07-30 00:10:01
276650,4,RISE 글로벌테크놀로지(합성 H),42700,3,0,0.0,42263.0,1.582,0,0,320,2026-07-30 00:10:01
426150,6,WON 대한민국국고채액티브,51230,5,-30,-0.06,51224.0,-4.6237,19,0,319,2026-07-30 00:10:01
459560,4,KODEX 테슬라밸류체인FactSet,20550,5,-610,-2.88,20551.0,-6.4239,78,1,319,2026-07-30 00:10:01
245350,4,TIGER 유로스탁스배당30,19865,2,145,0.74,19708.0,4.2224,443,8,318,2026-07-30 00:10:01
0198A0,2,KIWOOM 코스닥150커버드콜액티브,7380,2,20,0.27,7364.0,,24806,178,317,2026-07-30 00:10:01
0220B0,1,DS 코스닥액티브,7740,2,40,0.52,7721.0,,5674,43,317,2026-07-30 00:10:01
491090,4,KODEX 미국테크TOP3플러스,17585,5,-160,-0.9,17444.0,-0.4206,307,5,317,2026-07-30 00:10:01
465660,4,TIGER 일본반도체FACTSET,21050,5,-325,-1.52,21299.0,-9.9138,1980,41,316,2026-07-30 00:10:01
0089B0,7,PLUS 미국나스닥100미국채혼합50,11260,5,-100,-0.88,11212.0,-0.4501,15,0,315,2026-07-30 00:10:01
271060,5,KODEX 3대농산물선물(H),8210,5,-185,-2.2,8207.0,-2.2701,3999,32,315,2026-07-30 00:10:01
407830,4,에셋플러스 글로벌플랫폼액티브,13110,5,-395,-2.92,13048.0,-10.7698,803,10,315,2026-07-30 00:10:01
248270,4,TIGER S&P글로벌헬스케어(합성),27585,5,-40,-0.14,27269.0,12.0689,798,21,314,2026-07-30 00:10:01
266360,2,KODEX K콘텐츠,9765,2,60,0.62,9804.0,-21.6075,8062,77,312,2026-07-30 00:10:01
415340,4,KODEX 차이나과창판STAR50(합성),15020,2,215,1.45,15015.0,10.0743,858,12,311,2026-07-30 00:10:01
494410,4,PLUS 미국S&P500성장주,14090,3,0,0.0,13752.0,-0.1416,6,0,310,2026-07-30 00:10:01
0138T0,4,RISE 미국S&P500데일리고정커버드콜,9625,5,-110,-1.13,9576.0,1.487,2766,26,308,2026-07-30 00:10:01
0186S0,7,1Q 코스닥150채권혼합50액티브,7380,5,-70,-0.94,7455.0,-24.8869,93389,685,306,2026-07-30 00:10:01
275280,2,KODEX 모멘텀주,33905,5,-450,-1.31,34227.0,-12.7933,38,1,305,2026-07-30 00:10:01
415920,5,PLUS 글로벌희토류&전략자원생산기업,6440,5,-90,-1.38,6451.0,-35.4425,1291,8,303,2026-07-30 00:10:01
475380,7,RISE 글로벌리얼티인컴,11060,2,30,0.27,11057.0,-3.4926,30,0,299,2026-07-30 00:10:01
0107F0,4,KIWOOM 미국고배당&AI테크,11710,5,-220,-1.84,11774.0,2.9447,3269,38,299,2026-07-30 00:10:01
0192M0,2,RISE 삼성전자단일종목레버리지,8150,2,225,2.84,8105.0,,46266,369,297,2026-07-30 00:10:01
395290,2,HANARO Fn K-POP&미디어,4785,2,20,0.42,4803.0,-34.4567,1657,7,297,2026-07-30 00:10:01
227540,2,TIGER 200 헬스케어,17375,5,-45,-0.26,17638.0,-17.3429,238,4,295,2026-07-30 00:10:01
253250,3,KIWOOM 200선물레버리지,71715,2,715,1.01,71725.0,-33.6542,3253,228,294,2026-07-30 00:10:01
261140,2,TIGER 우선주,20855,5,-45,-0.22,20907.0,-21.0031,426,8,292,2026-07-30 00:10:01
153270,1,KIWOOM 코스피100,69460,2,180,0.26,69495.0,-9.3995,472,32,292,2026-07-30 00:10:01
245360,4,TIGER 차이나HSCEI,13215,2,75,0.57,13095.0,-2.5812,2676,35,291,2026-07-30 00:10:01
0023B0,4,PLUS 미국양자컴퓨팅TOP10,14295,5,-350,-2.39,14117.0,-11.5106,1482,21,286,2026-07-30 00:10:01
192720,2,파워 고배당저변동성,55950,2,675,1.22,56404.0,-8.8255,865,48,285,2026-07-30 00:10:01
477730,4,KODEX 인도타타그룹,7955,2,25,0.32,7944.0,-4.9941,25,0,282,2026-07-30 00:10:01
385520,2,KODEX 자율주행액티브,13405,2,130,0.98,13445.0,-26.6575,101,1,282,2026-07-30 00:10:01
469050,4,RISE 미국반도체NYSE(H),28085,5,-875,-3.02,28049.0,7.8066,7733,216,281,2026-07-30 00:10:01
494340,4,ACE 글로벌AI맞춤형반도체,17540,5,-975,-5.27,17692.0,0.9817,1537,26,281,2026-07-30 00:10:01
0112X0,1,마이티 200TR,32915,3,0,0.0,33644.0,-13.4841,1,0,280,2026-07-30 00:10:01
0164G0,4,RISE 차이나AI반도체TOP4Plus,13320,2,70,0.53,13428.0,11.018,13,0,280,2026-07-30 00:10:01
437350,6,RISE 미국단기투자등급회사채액티브,12705,5,-40,-0.31,12682.0,-2.0746,72,0,280,2026-07-30 00:10:01
0100K0,2,KODEX 방산TOP10레버리지,4990,2,300,6.4,4958.0,-71.1118,20256,94,279,2026-07-30 00:10:01
419430,4,KODEX 차이나2차전지MSCI(합성),9980,5,-15,-0.15,9944.0,-22.4593,2,0,279,2026-07-30 00:10:01
269420,4,KODEX S&P글로벌인프라(합성),23555,5,-65,-0.28,23525.0,-3.5919,8,0,279,2026-07-30 00:10:01
0137W0,4,KIWOOM 미국S&P500&GOLD,10300,5,-140,-1.34,10298.0,0.2879,2091,21,278,2026-07-30 00:10:01
105780,2,RISE 5대그룹주,13890,2,35,0.25,14018.0,-12.3379,180,2,278,2026-07-30 00:10:01
261250,7,KODEX 미국달러선물레버리지,17280,5,-175,-1.0,17291.0,-3.5636,3466,60,276,2026-07-30 00:10:01
493420,4,SOL 미국배당다우존스2호,13165,5,-55,-0.42,13096.0,6.8335,27,0,276,2026-07-30 00:10:01
0065G0,4,KODEX 차이나테크TOP10,9845,2,35,0.36,9850.0,-1.8906,2032,19,276,2026-07-30 00:10:01
380340,2,ACE 코리아AI테크핵심산업,22850,2,200,0.88,22906.0,-6.2306,2042,45,274,2026-07-30 00:10:01
0203S0,7,WON 삼성전자현대차채권혼합50,7920,2,40,0.51,7919.0,,3451,27,273,2026-07-30 00:10:01
450910,1,SOL 코스닥150,11010,2,105,0.96,10993.0,-45.6517,9464,102,273,2026-07-30 00:10:01
489290,4,WON 미국빌리어네어,14660,5,-55,-0.37,14526.0,-7.6272,8073,117,271,2026-07-30 00:10:01
387270,4,TIGER 글로벌이노베이션액티브,22295,5,-395,-1.74,22207.0,-9.6016,412,9,270,2026-07-30 00:10:01
0155M0,4,ACE 미국SMR원자력TOP10,6495,5,-110,-1.67,6437.0,-30.6926,7519,48,270,2026-07-30 00:10:01
0083S0,4,1Q 미국메디컬AI,9255,5,-80,-0.86,9199.0,-7.0115,79,0,268,2026-07-30 00:10:01
167860,6,KIWOOM 국고채10년레버리지,92520,3,0,0.0,92172.0,-4.594,0,0,268,2026-07-30 00:10:01
0013R0,7,RISE 테슬라미국채타겟커버드콜혼합(합성),7890,5,-185,-2.29,7850.0,-7.3918,351,2,268,2026-07-30 00:10:01
450190,4,KODEX 한중반도체(합성),44315,5,-580,-1.29,45024.0,3.0884,61,2,266,2026-07-30 00:10:01
440340,7,TIGER 글로벌멀티에셋TIF액티브,12365,5,-65,-0.52,12335.0,-0.3514,13,0,266,2026-07-30 00:10:01
0115C0,4,RISE 미국고배당다우존스TOP10,11505,5,-80,-0.69,11437.0,5.654,2814,32,265,2026-07-30 00:10:01
464920,4,PLUS 일본반도체소부장,21100,5,-135,-0.64,21226.0,-14.2713,484,10,264,2026-07-30 00:10:01
0152E0,2,SOL 배당성향탑픽액티브,10750,2,250,2.38,10751.0,-13.4187,40,0,263,2026-07-30 00:10:01
395170,2,KODEX Top10동일가중,13155,2,15,0.11,13138.0,-24.4758,6625,85,263,2026-07-30 00:10:01
292770,6,KODEX 국채선물3년인버스,57630,3,0,0.0,57623.0,0.5583,0,0,263,2026-07-30 00:10:01
461600,6,SOL 미국30년국채액티브(H),8330,5,-145,-1.71,8328.0,-2.0798,31,0,262,2026-07-30 00:10:01
0067V0,4,TIGER 차이나글로벌리더스TOP3+,10855,3,0,0.0,10987.0,-2.6458,2,0,261,2026-07-30 00:10:01
156080,1,KODEX MSCI Korea,42585,2,95,0.22,42460.0,-9.9048,53,2,256,2026-07-30 00:10:01
275290,2,KODEX 가치주,28315,5,-140,-0.49,28626.0,-6.7473,54,1,255,2026-07-30 00:10:01
145850,2,TREX 펀더멘탈 200,101590,5,-1360,-1.32,103739.0,-2.5574,7,0,254,2026-07-30 00:10:01
0204S0,1,TIGER 코스닥액티브,5265,3,0,0.0,5268.0,,2118,10,253,2026-07-30 00:10:01
0218J0,7,RISE 미국우주&로봇TOP2미국채혼합50,8440,5,-20,-0.24,8438.0,,345,2,253,2026-07-30 00:10:01
438320,4,TIGER 차이나항셍테크레버리지(합성 H),5760,5,-40,-0.69,5919.0,-6.9021,983,5,253,2026-07-30 00:10:01
0155N0,2,HANARO K휴머노이드테마TOP10,6565,2,175,2.74,6559.0,-35.7789,117860,758,253,2026-07-30 00:10:01
0049K0,7,ACE 미국배당퀄리티채권혼합50,11205,5,-75,-0.66,11136.0,0.6599,5628,62,252,2026-07-30 00:10:01
204450,4,KODEX 차이나H레버리지(H),2420,2,10,0.41,2444.0,-6.4078,123,0,249,2026-07-30 00:10:01
0097L0,7,KIWOOM 한국고배당&미국AI테크,12040,2,115,0.96,12091.0,-9.7009,366,4,247,2026-07-30 00:10:01
223190,2,KODEX 200가치저변동,24665,2,550,2.28,24718.0,-11.58,283,6,247,2026-07-30 00:10:01
300950,2,KODEX 게임산업,5595,2,85,1.54,5604.0,-22.8292,281,1,246,2026-07-30 00:10:01
483570,4,KCGI 미국S&P500 TOP10,15380,5,-85,-0.55,15149.0,-5.5861,4,0,246,2026-07-30 00:10:01
0184E0,7,1Q 200채권혼합50액티브,9830,5,-60,-0.61,9922.0,-4.3856,41057,407,246,2026-07-30 00:10:01
479850,2,HANARO K-뷰티,16380,2,150,0.92,16495.0,-9.708,2585,42,246,2026-07-30 00:10:01
185680,4,KODEX 미국S&P바이오(합성),46040,5,-40,-0.09,45565.0,10.5433,9,0,245,2026-07-30 00:10:01
0223R0,4,TIGER 미국테크NYSE100액티브,8590,5,-150,-1.72,8512.0,,1852,15,245,2026-07-30 00:10:01
138230,7,KIWOOM 미국달러선물,16830,5,-85,-0.5,16831.0,-1.2552,27,0,244,2026-07-30 00:10:01
469790,2,KIWOOM 코리아테크TOP10,34750,5,-845,-2.37,35588.0,0.2673,1461,51,243,2026-07-30 00:10:01
0047R0,4,RISE 팔란티어고정테크100,13870,5,-155,-1.11,13665.0,-0.7437,100,1,243,2026-07-30 00:10:01
289480,3,TIGER 200커버드콜,10550,2,130,1.25,10549.0,-6.8663,400,4,243,2026-07-30 00:10:01
0103T0,2,1Q K소버린AI,7745,2,80,1.04,7799.0,-20.2394,730,5,240,2026-07-30 00:10:01
117460,2,KODEX 에너지화학,11780,2,360,3.15,11778.0,-40.4626,241,2,239,2026-07-30 00:10:01
280930,4,KODEX 미국러셀2000(H),16475,5,-230,-1.38,16449.0,5.8283,202,3,239,2026-07-30 00:10:01
433220,4,에셋플러스 글로벌대장장이액티브,28170,5,-470,-1.64,27841.0,-13.1068,2,0,237,2026-07-30 00:10:01
457690,6,KODEX 33-06 국고채액티브,10495,3,0,0.0,10482.0,-1.27,0,0,236,2026-07-30 00:10:01
0209Z0,2,ACE 코리아AI전력TOP10,5235,2,30,0.58,5233.0,,12509,64,236,2026-07-30 00:10:01
195970,4,PLUS 선진국MSCI(합성 H),15990,5,-45,-0.28,16090.0,3.3849,103,1,233,2026-07-30 00:10:01
388280,2,RISE K엔터&여행레저,7020,5,-20,-0.28,7144.0,-17.079,16285,114,233,2026-07-30 00:10:01
446690,4,KODEX 아시아AI반도체exChina액티브,46605,2,420,0.91,46554.0,-17.5096,47,2,233,2026-07-30 00:10:01
0153X0,4,PLUS 미국고배당주액티브,11560,5,-105,-0.9,11551.0,5.8558,989,11,231,2026-07-30 00:10:01
0192T0,2,SOL 코스닥TOP10,5740,2,60,1.06,5771.0,,28472,158,230,2026-07-30 00:10:01
471460,6,KIWOOM 국고채30년액티브,45835,5,-125,-0.27,45814.0,-12.5966,61,2,229,2026-07-30 00:10:01
368190,2,HANARO Fn K-뉴딜디지털플러스,7030,2,40,0.57,7075.0,-29.9249,908,6,225,2026-07-30 00:10:01
277540,4,ACE 아시아TOP50,29855,2,50,0.17,29748.0,-2.8204,52,1,224,2026-07-30 00:10:01
0206G0,7,1Q 현대차기아채권혼합50,7825,2,5,0.06,7851.0,,4192,32,223,2026-07-30 00:10:01
442550,7,RISE TDF2030액티브 적격,14380,5,-215,-1.47,14406.0,-0.1024,696,10,223,2026-07-30 00:10:01
0026E0,4,KODEX 미국S&P500버퍼3월액티브,11910,3,0,0.0,11919.0,0.1682,0,0,220,2026-07-30 00:10:01
0166N0,1,PLUS 코스닥150액티브,5775,2,10,0.17,5778.0,-52.2568,2656,15,219,2026-07-30 00:10:01
0150K0,2,KoAct 수소전력ESS인프라액티브,7830,2,230,3.03,7806.0,-57.0136,2395,18,219,2026-07-30 00:10:01
411540,1,SOL 200 Top10,14615,2,65,0.45,14625.0,-21.0513,2349,33,219,2026-07-30 00:10:01
447660,7,PLUS 애플채권혼합,14135,5,-15,-0.11,14092.0,6.9407,13465,190,219,2026-07-30 00:10:01
463300,4,RISE 중국본토CSI300,13685,2,40,0.29,13764.0,-4.2131,41,0,219,2026-07-30 00:10:01
239660,6,PLUS 우량회사채50,121360,3,0,0.0,121393.0,0.4885,0,0,218,2026-07-30 00:10:01
364990,2,TIGER 게임TOP10,4800,2,130,2.78,4823.0,-23.0643,4396,20,218,2026-07-30 00:10:01
300640,2,RISE 게임테마,6195,2,95,1.56,6277.0,-25.6098,2,0,217,2026-07-30 00:10:01
459790,4,KIWOOM 미국성장기업30액티브,19600,3,0,0.0,18973.0,-4.9006,0,0,216,2026-07-30 00:10:01
169950,4,KODEX 차이나A50,26740,2,265,1.0,26792.0,-4.9372,52,1,214,2026-07-30 00:10:01
225130,4,ACE 골드선물 레버리지(합성 H),42755,2,1255,3.02,42741.0,-26.7303,342,14,214,2026-07-30 00:10:01
217770,5,TIGER 원유선물인버스(H),1301,5,-39,-2.91,1307.0,3.8759,16279,21,213,2026-07-30 00:10:01
0047P0,4,RISE 테슬라고정테크100,13755,5,-160,-1.15,13673.0,-3.3729,299,4,213,2026-07-30 00:10:01
496120,1,ACE 코리아밸류업,28355,2,50,0.18,28600.0,-5.437,266,7,213,2026-07-30 00:10:01
0093D0,7,KoAct 팔란티어밸류체인액티브,15170,5,-420,-2.69,15208.0,-3.7655,331,5,212,2026-07-30 00:10:01
091220,2,TIGER 은행,15850,2,190,1.21,15950.0,-3.8041,8484,133,209,2026-07-30 00:10:01
0186L0,4,KoAct 미국로봇피지컬AI액티브,8895,5,-255,-2.79,8853.0,-5.8642,1080,9,209,2026-07-30 00:10:01
117680,2,KODEX 철강,9910,2,175,1.8,9927.0,-45.4672,7752,75,208,2026-07-30 00:10:01
497780,4,KoAct 미국천연가스인프라액티브,10930,5,-50,-0.46,10922.0,-4.1915,122,1,208,2026-07-30 00:10:01
152380,6,KODEX 국채선물10년,64830,5,-135,-0.21,64863.0,-2.1022,47,3,206,2026-07-30 00:10:01
489000,6,PLUS 일본엔화초단기국채(합성),9340,5,-20,-0.21,9346.0,-4.3923,4074,38,205,2026-07-30 00:10:01
139250,2,TIGER 200 에너지화학,15105,2,455,3.11,15146.0,-30.2326,2860,42,205,2026-07-30 00:10:01
253290,7,RISE 헬스케어채권혼합,11340,2,75,0.67,11378.0,-11.205,941,10,204,2026-07-30 00:10:01
261060,2,TIGER 코스닥150IT,16980,5,-125,-0.73,17036.0,-41.9481,1375,22,204,2026-07-30 00:10:01
481340,6,RISE 미국30년국채액티브,8990,5,-190,-2.07,9001.0,-4.6265,15473,139,202,2026-07-30 00:10:01
416090,4,ACE 중국과창판STAR50,13465,5,-110,-0.81,13563.0,10.3658,1629,21,202,2026-07-30 00:10:01
469160,4,ACE 일본반도체,22215,5,-75,-0.34,22204.0,-8.1772,149,3,200,2026-07-30 00:10:01
292500,1,SOL KRX300,39840,2,550,1.4,40318.0,-15.4558,33,1,199,2026-07-30 00:10:01
0144M0,4,KODEX 미국드론UAM TOP10,6930,5,-540,-7.23,6939.0,-9.2346,8241,56,198,2026-07-30 00:10:01
292160,1,TIGER KRX300,39395,3,0,0.0,39628.0,-13.9383,15,0,197,2026-07-30 00:10:01
213630,4,PLUS 미국다우존스고배당주(합성 H),21405,2,40,0.19,21213.0,7.3887,857,18,197,2026-07-30 00:10:01
289250,2,TIGER MSCI KOREA ESG유니버설,28410,5,-370,-1.29,29017.0,-5.5738,81,2,196,2026-07-30 00:10:01
159800,1,마이티 코스피100,69965,5,-875,-1.24,71133.0,-10.3065,2181,152,196,2026-07-30 00:10:01
445910,2,TIGER MKF배당귀족,19565,2,290,1.5,19776.0,-13.8393,43,0,196,2026-07-30 00:10:01
371450,4,TIGER 글로벌클라우드컴퓨팅INDXX,12850,2,225,1.78,12778.0,20.8133,1230,15,195,2026-07-30 00:10:01
468370,6,KODEX iShares미국인플레이션국채액티브,11175,5,-30,-0.27,11158.0,-3.2493,546,6,192,2026-07-30 00:10:01
0104P0,2,TIGER 코리아배당다우존스위클리커버드콜,10620,2,95,0.9,10720.0,-10.9836,291,3,191,2026-07-30 00:10:01
0203R0,6,WON 중단기종합채권(A-이상)액티브,50270,3,0,0.0,50308.0,,0,0,191,2026-07-30 00:10:01
236350,4,TIGER 인도니프티50레버리지(합성),30800,5,-50,-0.16,30768.0,-7.5517,244,7,191,2026-07-30 00:10:01
483330,4,ACE 마이크로소프트밸류체인액티브,13605,2,70,0.52,13333.0,-2.5208,141,1,190,2026-07-30 00:10:01
460660,4,RISE 미국S&P배당킹,12660,5,-60,-0.47,12636.0,8.9036,631,8,190,2026-07-30 00:10:01
364690,1,KODEX 혁신기술테마액티브,31555,5,-240,-0.75,31885.0,-15.1459,339,10,189,2026-07-30 00:10:01
415760,4,SOL 차이나육성산업액티브(합성),13785,5,-105,-0.76,13976.0,10.3694,4304,59,187,2026-07-30 00:10:01
367740,2,HANARO Fn5G산업,34065,2,325,0.96,34124.0,-14.3003,924,31,187,2026-07-30 00:10:01
0190M0,4,KIWOOM 미국AI테크하이베타,7030,5,-480,-6.39,6996.0,,2291,16,186,2026-07-30 00:10:01
219390,4,RISE 미국S&P원유생산기업(합성 H),7535,2,130,1.76,7663.0,-3.1394,2991,22,185,2026-07-30 00:10:01
0198B0,2,1Q 삼성전자선물단일종목레버리지,8270,2,270,3.38,8253.0,,26061,211,184,2026-07-30 00:10:01
461450,1,KODEX 코스닥글로벌,12265,3,0,0.0,12323.0,-39.1919,1215,14,184,2026-07-30 00:10:01
474920,4,에셋플러스 차이나일등기업포커스10액티브,19450,2,100,0.52,19220.0,14.4631,36,0,183,2026-07-30 00:10:01
375760,2,HANARO 탄소효율그린뉴딜,20130,3,0,0.0,20202.0,-12.557,5,0,181,2026-07-30 00:10:01
376410,2,TIGER 탄소효율그린뉴딜,19875,5,-200,-1.0,20265.0,-13.6793,7,0,179,2026-07-30 00:10:01
453630,4,KODEX 미국S&P500필수소비재,13235,2,80,0.61,13267.0,2.2024,852,11,179,2026-07-30 00:10:01
108590,1,TREX 200,88960,3,0,0.0,89334.0,-11.5855,0,0,178,2026-07-30 00:10:01
464600,2,SOL 자동차소부장Fn,18650,5,-125,-0.67,18941.0,-17.8337,7,0,177,2026-07-30 00:10:01
284980,2,RISE 200금융,21065,2,370,1.79,21099.0,-7.3687,1057,21,177,2026-07-30 00:10:01
487950,4,KODEX 대만테크고배당다우존스,12170,2,50,0.41,12188.0,0.5696,101,1,176,2026-07-30 00:10:01
449580,7,RISE 테슬라애플아마존채권혼합,16000,5,-75,-0.47,15961.0,-1.6647,76,1,176,2026-07-30 00:10:01
226980,1,KODEX 200 중소형,19490,2,190,0.98,19516.0,-33.7543,282,5,175,2026-07-30 00:10:01
0221Z0,2,ACE K바이오코스닥액티브,8725,3,0,0.0,8762.0,,1100,9,175,2026-07-30 00:10:01
0198D0,2,1Q SK하이닉스선물단일종목레버리지,6680,5,-240,-3.47,6509.0,,64697,421,174,2026-07-30 00:10:01
0177A0,2,WON 두산그룹포커스,7080,2,80,1.14,7124.0,-42.3157,5278,36,173,2026-07-30 00:10:01
250730,4,RISE 차이나HSCEI(H),10200,2,150,1.49,10217.0,-1.8555,445,4,173,2026-07-30 00:10:01
332620,6,PLUS 미국장기우량회사채,92190,5,-1295,-1.39,91998.0,-4.056,94,8,172,2026-07-30 00:10:01
417630,2,TIGER KEDI혁신기업ESG30,16370,3,0,0.0,16551.0,-22.1589,162,2,172,2026-07-30 00:10:01
0192S0,7,SOL 코스피200채권혼합50,8580,3,0,0.0,8593.0,,87749,748,172,2026-07-30 00:10:01
337120,2,KODEX 멀티팩터,28565,3,0,0.0,28808.0,-13.289,1,0,171,2026-07-30 00:10:01
0086C0,7,TIGER 리츠부동산인프라10채권혼합액티브,9790,2,90,0.93,9778.0,-6.702,122,1,171,2026-07-30 00:10:01
461900,4,PLUS 미국테크TOP10,21415,5,-295,-1.36,21270.0,-7.4201,353,7,171,2026-07-30 00:10:01
407310,1,HANARO 200 TOP10,14245,3,0,0.0,14321.0,-20.5735,114,1,171,2026-07-30 00:10:01
0220A0,7,KIWOOM 현대차그룹TOP3채권혼합50,8995,2,65,0.73,9006.0,,146,1,171,2026-07-30 00:10:01
195920,4,TIGER 일본TOPIX(합성 H),34000,3,0,0.0,34076.0,5.4263,0,0,170,2026-07-30 00:10:01
404260,2,KODEX 기후변화솔루션,18865,2,165,0.88,19034.0,-28.7046,202,3,170,2026-07-30 00:10:01
477490,4,에셋플러스 글로벌일등기업포커스10액티브,18830,5,-320,-1.67,18640.0,-2.6931,3,0,169,2026-07-30 00:10:01
453010,7,PLUS KOFR금리,109590,2,15,0.01,109585.0,0.6244,78,8,169,2026-07-30 00:10:01
291130,4,ACE MSCI멕시코(합성),18630,5,-305,-1.61,18861.0,-2.5978,19,0,168,2026-07-30 00:10:01
276000,4,TIGER 글로벌자원생산기업(합성 H),19685,2,175,0.9,19869.0,-4.5966,22,0,167,2026-07-30 00:10:01
461910,4,PLUS 미국테크TOP10레버리지(합성),33150,5,-1255,-3.65,33216.0,-16.695,19,0,166,2026-07-30 00:10:01
289040,2,KODEX MSCI KOREA ESG유니버설,27530,3,0,0.0,27871.0,-8.3306,1,0,165,2026-07-30 00:10:01
453820,4,KODEX 인도Nifty50레버리지(합성),12680,2,15,0.12,12625.0,-8.0915,61,0,165,2026-07-30 00:10:01
0018Z0,4,RISE 미국양자컴퓨팅,16475,5,-280,-1.67,16253.0,-5.752,632,10,165,2026-07-30 00:10:01
0223A0,2,RISE 코스닥커버드콜액티브,8230,2,30,0.37,8232.0,,8496,68,165,2026-07-30 00:10:01
304770,1,HANARO 코스닥150,11120,5,-60,-0.54,11245.0,-45.4102,2621,28,162,2026-07-30 00:10:01
494420,2,PLUS 미국배당증가성장주데일리커버드콜,9495,5,-175,-1.81,9443.0,3.4961,689,6,161,2026-07-30 00:10:01
381560,2,HANARO Fn전기&수소차,14620,2,150,1.04,14729.0,-21.5156,935,13,161,2026-07-30 00:10:01
280320,4,ACE 미국IT인터넷(합성 H),20095,3,0,0.0,20163.0,1.5925,0,0,161,2026-07-30 00:10:01
0105D0,2,SOL 한국AI소프트웨어,8655,2,50,0.58,8742.0,-16.699,242,2,160,2026-07-30 00:10:01
183710,7,RISE 주식혼합,79705,5,-40,-0.05,81114.0,-8.3821,7,0,159,2026-07-30 00:10:01
419650,4,PLUS 글로벌수소&차세대연료전지,4830,5,-75,-1.53,4815.0,-21.2681,609,2,159,2026-07-30 00:10:01
432840,4,HANARO 미국S&P500,19760,5,-245,-1.22,19621.0,1.9545,31,0,158,2026-07-30 00:10:01
265690,4,ACE 러시아MSCI(합성),8535,3,0,0.0,48.0,0.0,0,0,158,2026-07-30 00:10:01
0000H0,2,KODEX 인도Nifty미드캡100,10880,2,5,0.05,10863.0,-0.1834,2,0,158,2026-07-30 00:10:01
0127R0,4,RISE 미국AI클라우드인프라,13095,5,-900,-6.43,12912.0,-4.339,258,3,157,2026-07-30 00:10:01
445690,2,BNK 주주가치액티브,26135,5,-165,-0.63,26562.0,-16.2688,9,0,157,2026-07-30 00:10:01
228820,1,TIGER KTOP30,15585,2,110,0.71,15644.0,-13.5972,590,9,156,2026-07-30 00:10:01
0051A0,4,KoAct 브로드컴밸류체인액티브,21985,5,-610,-2.7,21966.0,-1.1593,1246,27,154,2026-07-30 00:10:01
229720,1,KODEX KTOP30,30590,5,-55,-0.18,30984.0,-14.0034,87,2,153,2026-07-30 00:10:01
379790,4,RISE 유로스탁스50(H),16985,5,-115,-0.67,16957.0,9.0393,1171,19,153,2026-07-30 00:10:01
304760,1,HANARO KRX300,37880,5,-970,-2.5,38858.0,-13.1183,4,0,152,2026-07-30 00:10:01
130680,5,TIGER 원유선물Enhanced(H),6860,2,175,2.62,6865.0,-10.6284,44213,304,151,2026-07-30 00:10:01
114460,6,ACE 국고채3년,100535,3,0,0.0,100588.0,0.2391,1,0,151,2026-07-30 00:10:01
0153P0,2,ACE 리츠부동산인프라액티브,9360,2,40,0.43,9347.0,-10.8507,9,0,150,2026-07-30 00:10:01
385600,2,ACE 2차전지&친환경차액티브,9940,2,130,1.33,9998.0,-25.456,662,6,149,2026-07-30 00:10:01
491510,2,파워 K-주주가치액티브,16530,2,350,2.16,16648.0,-13.5719,4,0,149,2026-07-30 00:10:01
396510,4,TIGER 차이나클린에너지SOLACTIVE,7720,2,120,1.58,7658.0,-14.8937,133,1,148,2026-07-30 00:10:01
227830,1,PLUS 코스피,58905,2,75,0.13,58943.0,-14.7983,2,0,147,2026-07-30 00:10:01
438900,2,HANARO Fn K-푸드,11200,2,300,2.75,11228.0,-12.3695,3778,41,146,2026-07-30 00:10:01
0207Z0,4,KIWOOM 미국우주데이터센터인프라,6410,5,-145,-2.21,6372.0,,264,1,144,2026-07-30 00:10:01
131890,2,ACE 삼성그룹동일가중,35975,2,175,0.49,36755.0,-7.326,111,3,144,2026-07-30 00:10:01
225060,4,TIGER 이머징마켓MSCI레버리지(합성 H),13570,3,0,0.0,13827.0,-9.0483,2,0,144,2026-07-30 00:10:01
0013P0,4,RISE 미국은행TOP10,13060,5,-495,-3.65,12991.0,12.4933,5846,76,144,2026-07-30 00:10:01
289260,2,TIGER MSCI KOREA ESG리더스,23730,2,310,1.32,23827.0,-8.0848,2207,51,142,2026-07-30 00:10:01
292050,1,RISE KRX300,40405,2,40,0.1,40572.0,-14.2175,52,2,141,2026-07-30 00:10:01
484890,6,SOL 머니마켓액티브,52415,2,15,0.03,52407.0,0.624,1234,64,140,2026-07-30 00:10:01
391670,1,HK 베스트일레븐액티브,23290,3,0,0.0,23670.0,-7.4693,0,0,140,2026-07-30 00:10:01
0028X0,4,KODEX 미국금융테크액티브,12030,5,-95,-0.78,11947.0,7.0515,31,0,138,2026-07-30 00:10:01
0216Z0,2,ACE K방산TOP5+,7445,2,290,4.05,7451.0,,9752,69,138,2026-07-30 00:10:01
435040,4,ACE 글로벌브랜드TOP10,19570,3,0,0.0,19244.0,0.5385,0,0,137,2026-07-30 00:10:01
404120,2,TIME K신재생에너지액티브,19490,3,0,0.0,19694.0,-31.4336,236,4,136,2026-07-30 00:10:01
0004G0,4,1Q 미국배당TOP30,9740,5,-115,-1.17,9686.0,10.1242,2789,27,136,2026-07-30 00:10:01
465670,4,TIGER 미국캐시카우100,17000,2,175,1.04,16935.0,12.0609,13469,228,136,2026-07-30 00:10:01
0127T0,4,KIWOOM 미국S&P500&배당다우존스비중전환,11190,5,-70,-0.62,11097.0,2.6694,18,0,134,2026-07-30 00:10:01
104520,2,KIWOOM 블루칩,13335,2,35,0.26,13616.0,-15.5894,3,0,133,2026-07-30 00:10:01
428560,4,KODEX 미국ETF산업Top10 Indxx,16615,2,175,1.06,16528.0,-0.1212,275,4,133,2026-07-30 00:10:01
0127V0,4,KIWOOM 미국S&P500 TOP10&배당다우비중전환,10535,5,-80,-0.75,10474.0,-3.1926,18,0,132,2026-07-30 00:10:01
409810,4,KODEX 미국나스닥100선물인버스(H),5935,2,40,0.68,5990.0,-1.9135,9569,56,131,2026-07-30 00:10:01
337150,2,KODEX 200exTOP,21690,5,-10,-0.05,22075.0,-23.5831,24,0,130,2026-07-30 00:10:01
266410,2,KODEX 필수소비재,9205,2,220,2.45,9214.0,-12.5364,1220,11,129,2026-07-30 00:10:01
0015F0,7,KIWOOM 팔란티어미국30년국채혼합액티브(H),9885,2,20,0.2,9792.0,-2.9324,6,0,129,2026-07-30 00:10:01
137610,5,TIGER 농산물선물Enhanced(H),5340,5,-65,-1.2,5337.0,-1.5483,1226,6,128,2026-07-30 00:10:01
269530,4,PLUS S&P글로벌인프라,21315,2,100,0.47,21128.0,-2.4529,176,3,128,2026-07-30 00:10:01
463640,4,KODEX 미국S&P500유틸리티,14970,5,-65,-0.43,14952.0,-4.0597,1622,24,127,2026-07-30 00:10:01
360150,2,KODEX 코스닥150롱코스피200숏선물,3100,2,20,0.65,3102.0,-41.8868,6105,18,127,2026-07-30 00:10:01
269370,4,TIGER S&P글로벌인프라(합성),18045,5,-315,-1.72,18103.0,-1.5865,31,0,126,2026-07-30 00:10:01
332610,6,PLUS 미국단기회사채(AAA~A),131505,3,0,0.0,130852.0,-1.5659,0,0,126,2026-07-30 00:10:01
413930,2,WON AI ESG액티브,22935,5,-25,-0.11,23304.0,-14.631,34,0,126,2026-07-30 00:10:01
435550,7,KIWOOM TDF2050액티브 적격,17935,5,-185,-1.02,17823.0,1.808,168,3,126,2026-07-30 00:10:01
0207G0,2,SOL 우주항공밸류체인,4887,2,47,0.97,4893.0,,14005,68,125,2026-07-30 00:10:01
266390,2,KODEX 경기소비재,13840,3,0,0.0,14005.0,14.1571,1,0,125,2026-07-30 00:10:01
417450,4,RISE 글로벌수소경제,14640,5,-5,-0.03,14622.0,-16.7608,2,0,124,2026-07-30 00:10:01
363510,6,SOL KIS단기통안채,111855,3,0,0.0,111927.0,0.5167,0,0,124,2026-07-30 00:10:01
485810,4,TIME 글로벌바이오액티브,11225,5,-65,-0.58,11185.0,14.6192,196,2,123,2026-07-30 00:10:01
489860,4,KIWOOM 글로벌전력GRID인프라,14520,5,-430,-2.88,14511.0,-9.6386,128,1,123,2026-07-30 00:10:01
290080,3,RISE 200고배당커버드콜ATM,7045,2,140,2.03,7061.0,-14.4496,4650,32,123,2026-07-30 00:10:01
354240,7,RISE 미국고정배당우선증권,11185,2,140,1.27,11073.0,-5.2745,48,0,123,2026-07-30 00:10:01
300610,2,TIGER K게임,5235,2,35,0.67,5292.0,-25.126,2683,13,123,2026-07-30 00:10:01
400570,4,KODEX 유럽탄소배출권선물ICE(H),11180,2,30,0.27,11282.0,7.938,51,0,123,2026-07-30 00:10:01
488290,4,MIDAS 일본테크액티브,35000,5,-2540,-6.77,37547.0,-11.7641,155,5,123,2026-07-30 00:10:01
453060,6,HANARO KOFR금리액티브(합성),111110,3,0,0.0,111120.0,0.6248,0,0,122,2026-07-30 00:10:01
387280,2,TIGER 퓨처모빌리티액티브,9160,5,-10,-0.11,9316.0,-34.9184,244,2,122,2026-07-30 00:10:01
453660,4,KODEX 미국S&P500경기소비재,17350,5,-175,-1.0,17336.0,-5.5407,86,1,121,2026-07-30 00:10:01
457700,6,KODEX 53-09 국고채액티브,9190,5,-10,-0.11,9181.0,-11.6659,17,0,121,2026-07-30 00:10:01
234310,2,RISE V&S셀렉트밸류,24185,2,120,0.5,24454.0,-20.1825,2,0,121,2026-07-30 00:10:01
0088N0,2,WON K-글로벌수급상위,8900,2,130,1.48,8848.0,-43.0335,289,2,120,2026-07-30 00:10:01
102960,2,KODEX 기계장비,11320,2,160,1.43,11380.0,-46.2299,125,1,120,2026-07-30 00:10:01
371870,4,ACE 차이나항셍테크,7495,3,0,0.0,7490.0,-2.6624,0,0,120,2026-07-30 00:10:01
0094L0,4,RISE 차이나테크TOP10위클리타겟커버드콜,8550,2,120,1.42,8458.0,-4.2589,51,0,120,2026-07-30 00:10:01
0008E0,4,ACE 미국중심중소형제조업,12525,5,-585,-4.46,12467.0,-7.0543,43,0,119,2026-07-30 00:10:01
448490,6,HANARO 32-10 국고채액티브,52875,3,0,0.0,52831.0,-2.3907,0,0,118,2026-07-30 00:10:01
496130,1,TRUSTON 코리아밸류업액티브,21685,2,95,0.44,21923.0,-13.2235,7,0,117,2026-07-30 00:10:01
0084E0,7,KIWOOM 미국대형주500월간목표헤지액티브,10605,3,0,0.0,10491.0,0.0311,0,0,117,2026-07-30 00:10:01
472720,1,TRUSTON 주주가치액티브,22395,2,230,1.04,22595.0,-19.982,56,1,116,2026-07-30 00:10:01
0090B0,2,PLUS K방산소부장,5795,2,180,3.21,5780.0,-62.2013,21882,119,116,2026-07-30 00:10:01
494180,4,TIME 글로벌소비트렌드액티브,13630,5,-80,-0.58,13632.0,-0.9394,4,0,116,2026-07-30 00:10:01
451600,6,PLUS 국고채30년액티브,84495,5,-350,-0.41,84552.0,-12.675,2,0,116,2026-07-30 00:10:01
251590,2,PLUS 고배당저변동50,16435,3,0,0.0,16557.0,-11.6591,2,0,115,2026-07-30 00:10:01
451150,4,에셋플러스 글로벌영에이지액티브,18370,2,5,0.03,18242.0,0.3551,1,0,114,2026-07-30 00:10:01
430500,7,KIWOOM 물가채KIS,112885,3,0,0.0,112803.0,-0.6732,0,0,113,2026-07-30 00:10:01
244620,2,KODEX 모멘텀Plus,16010,2,75,0.47,16161.0,-32.2348,7,0,112,2026-07-30 00:10:01
404650,2,SOL KRX기후변화솔루션,18550,2,20,0.11,19027.0,-29.3872,125,2,111,2026-07-30 00:10:01
410870,2,TIME K컬처액티브,9175,5,-15,-0.16,9229.0,-23.7661,360,3,110,2026-07-30 00:10:01
0093B0,4,RISE 엔비디아고정테크100,12225,5,-160,-1.29,12079.0,0.4802,9,0,110,2026-07-30 00:10:01
0104G0,2,PLUS K방산레버리지,4890,2,340,7.47,4912.0,-72.6234,4765,22,110,2026-07-30 00:10:01
0193K0,2,PLUS 삼성전자단일종목레버리지,8780,2,105,1.21,8801.0,,52021,458,110,2026-07-30 00:10:01
310080,4,RISE 중국MSCI China(H),9490,2,75,0.8,9514.0,-4.0266,2411,23,109,2026-07-30 00:10:01
464610,2,SOL 의료기기소부장Fn,7250,2,105,1.47,7231.0,-27.9375,1110,7,109,2026-07-30 00:10:01
354350,4,HANARO 글로벌럭셔리S&P(합성),20830,3,0,0.0,20676.0,5.2285,0,0,108,2026-07-30 00:10:01
140710,2,KODEX 운송,6000,2,85,1.44,6002.0,-13.2852,1867,10,108,2026-07-30 00:10:01
0133E0,4,TIGER 차이나증권,8995,3,0,0.0,9075.0,-0.6078,38,0,108,2026-07-30 00:10:01
140580,2,RISE 우량업종대표주,21520,2,325,1.53,21617.0,-20.4243,5,0,108,2026-07-30 00:10:01
0068M0,4,KODEX 미국S&P500버퍼6월액티브,11920,5,-80,-0.67,11879.0,0.472,42,0,107,2026-07-30 00:10:01
456250,4,KODEX 유럽명품TOP10 STOXX,9315,5,-140,-1.48,9283.0,3.9258,3191,29,107,2026-07-30 00:10:01
419420,4,KODEX 미국클린에너지나스닥,8910,5,-135,-1.49,8798.0,-17.1625,15,0,107,2026-07-30 00:10:01
181480,7,ACE 미국부동산리츠(합성 H),88585,3,0,0.0,88040.0,5.1028,0,0,106,2026-07-30 00:10:01
460270,6,KIWOOM 미국달러SOFR금리액티브(합성),13115,3,0,0.0,13047.0,-1.1308,0,0,106,2026-07-30 00:10:01
487910,4,ACE 인도컨슈머파워액티브,8820,3,0,0.0,8825.0,-0.2263,44,0,106,2026-07-30 00:10:01
117690,4,TIGER 차이나항셍30,21085,3,0,0.0,21020.0,-2.5873,219,4,105,2026-07-30 00:10:01
0002C0,4,에셋플러스 인도일등기업포커스20액티브,9760,3,0,0.0,9755.0,1.8257,4,0,105,2026-07-30 00:10:01
0067Y0,4,TIGER 차이나AI소프트웨어,10505,5,-30,-0.28,10494.0,-14.7309,32,0,105,2026-07-30 00:10:01
279540,2,KODEX 최소변동성,17340,5,-235,-1.34,17884.0,-21.7691,2,0,104,2026-07-30 00:10:01
280920,2,PLUS 주도업종,18905,2,85,0.45,19191.0,-24.0517,2,0,104,2026-07-30 00:10:01
0224X0,7,1Q 엔비디아알파벳미국채혼합50,9815,5,-50,-0.51,9743.0,,5686,56,103,2026-07-30 00:10:01
395760,2,PLUS ESG성장주액티브,17145,3,0,0.0,17442.0,-20.2929,1,0,103,2026-07-30 00:10:01
371150,4,RISE 차이나항셍테크,7770,2,295,3.95,7468.0,-2.7132,99,0,101,2026-07-30 00:10:01
237440,7,TIGER 경기방어채권혼합,10087,2,12,0.12,10126.0,-3.7268,148,1,101,2026-07-30 00:10:01
429010,4,TIGER 미국나스닥넥스트100,20085,5,-70,-0.35,19704.0,10.1065,10,0,100,2026-07-30 00:10:01
252650,1,KODEX 200동일가중,16560,2,205,1.25,16621.0,-24.4664,415,6,99,2026-07-30 00:10:01
0113G0,4,KoAct 미국바이오헬스케어액티브,11035,5,-100,-0.9,10952.0,12.3612,273,3,99,2026-07-30 00:10:01
0208N0,1,IBK 코스피액티브,6190,5,-35,-0.56,6271.0,,200,1,99,2026-07-30 00:10:01
0222D0,2,KoAct 고배당액티브,9900,2,180,1.85,9908.0,,4535,44,99,2026-07-30 00:10:01
407820,2,에셋플러스 코리아플랫폼액티브,5465,3,0,0.0,5505.0,-38.2835,3,0,98,2026-07-30 00:10:01
166400,3,TIGER 200커버드콜OTM,19520,2,95,0.49,19624.0,-13.1352,164,3,98,2026-07-30 00:10:01
385710,2,TIME K이노베이션액티브,9575,2,40,0.42,9714.0,-37.496,11,0,96,2026-07-30 00:10:01
0174R0,4,KIWOOM 미국성장다우존스,11230,5,-100,-0.88,11099.0,0.6211,23,0,95,2026-07-30 00:10:01
497510,4,ACE 글로벌빅파마,13610,3,0,0.0,13544.0,14.6147,0,0,95,2026-07-30 00:10:01
0189Z0,2,DAISHIN343 금융&지주고배당,9500,2,75,0.8,9686.0,,7402,70,95,2026-07-30 00:10:01
0194R0,2,KIWOOM SK하이닉스선물단일종목레버리지,6185,5,-260,-4.03,6165.0,,149094,900,94,2026-07-30 00:10:01
498050,2,HANARO 바이오코리아액티브,9370,3,0,0.0,9544.0,-39.2939,143,1,94,2026-07-30 00:10:01
0120J0,2,BNK 카카오그룹포커스,7480,3,0,0.0,7562.0,-24.5207,253,1,94,2026-07-30 00:10:01
0084D0,7,KIWOOM 미국테크100월간목표헤지액티브,11685,3,0,0.0,11650.0,1.8564,40,0,93,2026-07-30 00:10:01
281990,2,RISE 중소형고배당,16940,3,0,0.0,16946.0,-18.1876,0,0,93,2026-07-30 00:10:01
375270,7,RISE 글로벌데이터센터리츠(합성),14325,5,-225,-1.55,14155.0,-5.8862,15,0,93,2026-07-30 00:10:01
252000,1,TIGER 200동일가중,16895,3,0,0.0,17402.0,-25.1435,975,16,93,2026-07-30 00:10:01
373490,2,KODEX 코리아혁신성장액티브,20485,2,350,1.74,20458.0,-35.7531,5,0,92,2026-07-30 00:10:01
463690,4,KODEX 미국S&P500커뮤니케이션,18390,2,45,0.25,18248.0,-7.4252,7,0,92,2026-07-30 00:10:01
105010,4,TIGER 라틴35,6550,5,-25,-0.38,6525.0,-7.4721,77,0,92,2026-07-30 00:10:01
0203D0,7,PLUS 200위클리커버드콜채권혼합,8320,2,35,0.42,8294.0,,114,0,92,2026-07-30 00:10:01
0166T0,4,PLUS 글로벌저작권핵심기업액티브,10160,2,210,2.11,10174.0,-1.777,4001,40,91,2026-07-30 00:10:01
399580,4,RISE 글로벌클린에너지,9085,5,-290,-3.09,9114.0,-15.4261,1079,9,91,2026-07-30 00:10:01
480460,7,WON 한국부동산TOP3플러스,9055,2,55,0.61,9146.0,-14.3262,1,0,91,2026-07-30 00:10:01
0001P0,2,마이티 바이오시밀러&CDMO액티브,8075,5,-100,-1.22,8225.0,-37.8564,12707,101,90,2026-07-30 00:10:01
341850,7,TIGER 리츠부동산인프라채권,4510,3,0,0.0,4515.0,-9.8744,10,0,90,2026-07-30 00:10:01
446700,2,RISE 배터리 리사이클링,8335,2,80,0.97,8373.0,-47.3366,1063,8,90,2026-07-30 00:10:01
487750,2,BNK 온디바이스AI,22205,5,-545,-2.4,22649.0,-22.4873,57,1,89,2026-07-30 00:10:01
435540,7,KIWOOM TDF2040액티브 적격,17680,3,0,0.0,17435.0,2.167,0,0,88,2026-07-30 00:10:01
0224D0,4,KIWOOM 미국CPU반도체TOP4+,8800,5,-440,-4.76,8858.0,,5120,44,88,2026-07-30 00:10:01
395150,2,KODEX 웹툰&드라마,1723,2,25,1.47,1739.0,-36.1655,4469,7,88,2026-07-30 00:10:01
461580,1,TIGER 코스닥글로벌,12545,3,0,0.0,12601.0,-38.8646,5732,69,88,2026-07-30 00:10:01
497520,4,ACE 일라이릴리밸류체인,13380,3,0,0.0,13481.0,15.6439,103,1,87,2026-07-30 00:10:01
449680,7,TIGER 한중전기차(합성),10230,3,0,0.0,10431.0,-32.5421,2,0,87,2026-07-30 00:10:01
261110,7,TIGER 미국달러선물레버리지,17345,5,-160,-0.91,17330.0,-3.3141,34,0,87,2026-07-30 00:10:01
230480,7,KIWOOM 미국달러선물인버스2X,4250,2,40,0.95,4264.0,2.8083,40,0,85,2026-07-30 00:10:01
140570,2,RISE 수출주,21270,3,0,0.0,21794.0,-26.1459,1,0,85,2026-07-30 00:10:01
0184N0,7,PLUS 은채권혼합,8485,3,0,0.0,8402.0,,0,0,85,2026-07-30 00:10:01
272570,6,RISE 중장기국공채액티브,107840,2,30,0.03,107837.0,-0.2914,20,2,84,2026-07-30 00:10:01
462340,4,에셋플러스 글로벌다이나믹시니어액티브,16815,5,-170,-1.0,16638.0,9.3689,1,0,84,2026-07-30 00:10:01
0191S0,1,IBK 코스닥150,11330,2,195,1.75,11354.0,,4641,51,84,2026-07-30 00:10:01
225800,7,KIWOOM 미국달러선물레버리지,16390,5,-60,-0.36,16318.0,-3.9136,7,0,84,2026-07-30 00:10:01
487920,4,ACE 인도시장대표BIG5그룹액티브,8355,5,-5,-0.06,8359.0,-3.0163,2,0,84,2026-07-30 00:10:01
490330,4,KoAct 미국치매&뇌질환치료제액티브,15115,5,-120,-0.79,15151.0,23.0613,3627,54,83,2026-07-30 00:10:01
182490,6,TIGER 단기선진하이일드(합성 H),13815,2,50,0.36,13768.0,-0.2898,11,0,83,2026-07-30 00:10:01
395280,2,HANARO Fn K-게임,3500,2,30,0.86,3536.0,-21.6705,4429,15,82,2026-07-30 00:10:01
215620,2,HK S&P코리아로우볼,15215,3,0,0.0,15527.0,-17.6678,0,0,82,2026-07-30 00:10:01
429980,7,SOL 한국형글로벌전기차&2차전지액티브,16210,5,-160,-0.98,16052.0,-13.7059,18,0,81,2026-07-30 00:10:01
250780,3,TIGER 코스닥150선물인버스,3145,5,-30,-0.94,3144.0,62.9876,94675,304,80,2026-07-30 00:10:01
217780,4,TIGER 차이나CSI300인버스(합성),5125,5,-100,-1.91,5315.0,3.1589,5,0,79,2026-07-30 00:10:01
0214M0,2,MIDAS 바이오헬스케어액티브,9325,5,-90,-0.96,9509.0,,1095,10,79,2026-07-30 00:10:01
435530,7,KIWOOM TDF2030액티브 적격,15820,3,0,0.0,15631.0,2.3892,0,0,79,2026-07-30 00:10:01
0094X0,4,1Q 샤오미밸류체인액티브,8775,5,-40,-0.45,8850.0,-8.7873,22,0,79,2026-07-30 00:10:01
301400,1,PLUS 코스닥150,11260,2,55,0.49,11332.0,-46.0,5150,57,79,2026-07-30 00:10:01
0216K0,7,KIWOOM 미국우주테크TOP2채권혼합50,7860,5,-230,-2.84,7985.0,,1622,13,79,2026-07-30 00:10:01
256450,4,PLUS 심천차이넥스트(합성),15605,2,200,1.3,15472.0,-10.6439,95,1,78,2026-07-30 00:10:01
437370,4,RISE 글로벌농업경제,10975,5,-105,-0.95,10987.0,0.0,83,0,77,2026-07-30 00:10:01
174350,2,TIGER 로우볼,20150,2,400,2.03,20284.0,-5.5993,1117,22,77,2026-07-30 00:10:01
0082F0,4,HANARO 유럽방산,10915,5,-30,-0.27,10944.0,4.7368,45,0,76,2026-07-30 00:10:01
494210,4,SOL 미국500타겟데일리커버드콜액티브,10830,5,-185,-1.68,10745.0,1.4154,639,6,76,2026-07-30 00:10:01
270800,2,RISE KQ고배당,13700,2,75,0.55,13819.0,-23.6445,2,0,75,2026-07-30 00:10:01
0047N0,4,PLUS 차이나AI테크TOP10,10755,3,0,0.0,10775.0,-3.0208,0,0,75,2026-07-30 00:10:01
189400,4,PLUS 글로벌MSCI(합성 H),24925,3,0,0.0,24807.0,2.5298,0,0,75,2026-07-30 00:10:01
404540,2,TIGER KRX기후변화솔루션,18675,5,-100,-0.53,19120.0,-29.0633,2,0,75,2026-07-30 00:10:01
390400,4,KODEX 미국스마트모빌리티S&P,7440,3,0,0.0,7307.0,-2.5507,0,0,74,2026-07-30 00:10:01
304670,6,KODEX 미국30년국채울트라선물인버스(H),12310,2,185,1.53,12339.0,2.2344,64,0,74,2026-07-30 00:10:01
0194N0,2,KIWOOM 삼성전자선물단일종목레버리지,7975,2,285,3.71,7948.0,,21385,166,74,2026-07-30 00:10:01
0219B0,2,KoAct 광통신&위성네트워크액티브,8045,2,95,1.19,8101.0,,3,0,72,2026-07-30 00:10:01
0005C0,6,RISE 미국S&P500엔화노출(합성 H),11055,3,0,0.0,10891.0,-1.2947,10,0,72,2026-07-30 00:10:01
400590,4,SOL 글로벌탄소배출권선물ICE(합성),14290,5,-125,-0.87,14361.0,6.6987,1,0,71,2026-07-30 00:10:01
402460,2,HANARO Fn K-메타버스MZ,12985,2,20,0.15,13157.0,6.4807,12,0,71,2026-07-30 00:10:01
0036Z0,4,RISE 미국천연가스밸류체인,12975,2,120,0.93,12881.0,-1.169,4439,57,71,2026-07-30 00:10:01
252420,3,RISE 200선물인버스2X,142,3,0,0.0,143.0,-15.9764,427224,62,71,2026-07-30 00:10:01
225050,4,TIGER 유로스탁스레버리지(합성 H),15675,5,-150,-0.95,15817.0,13.5629,164,2,71,2026-07-30 00:10:01
316300,7,ACE 싱가포르리츠,13860,3,0,0.0,13966.0,-1.7065,882,12,69,2026-07-30 00:10:01
139660,7,KIWOOM 미국달러선물인버스,7960,3,0,0.0,8052.0,1.1435,0,0,69,2026-07-30 00:10:01
227570,2,TIGER 우량가치,19195,2,205,1.08,19272.0,-22.0284,41,0,69,2026-07-30 00:10:01
482030,2,KoAct 반도체&2차전지핵심소재액티브,6910,3,0,0.0,6975.0,-53.1843,11,0,69,2026-07-30 00:10:01
488480,4,RISE 일본섹터TOP4Plus,12515,5,-60,-0.48,12499.0,-5.2986,31,0,69,2026-07-30 00:10:01
456200,6,PLUS 미국달러SOFR금리액티브(합성),62560,3,0,0.0,62247.0,-0.9422,0,0,69,2026-07-30 00:10:01
450180,7,KODEX 한중전기차(합성),10570,3,0,0.0,10719.0,-31.2521,7,0,69,2026-07-30 00:10:01
0087F0,4,ACE 차이나AI빅테크TOP2+액티브,13735,3,0,0.0,13705.0,15.3716,120,1,69,2026-07-30 00:10:01
0215T0,4,HANARO 미국AI광통신TOP10,6860,5,-440,-6.03,6848.0,,6488,44,69,2026-07-30 00:10:01
395750,2,PLUS ESG가치주액티브,17095,3,0,0.0,17190.0,-14.5037,1,0,68,2026-07-30 00:10:01
457930,2,BNK 미래전략기술액티브,22765,2,95,0.42,22950.0,-27.7681,2,0,68,2026-07-30 00:10:01
381570,2,HANARO Fn친환경에너지,7995,2,145,1.85,8012.0,-47.4213,241,1,68,2026-07-30 00:10:01
466810,2,BNK 2차전지양극재,4555,2,55,1.22,4599.0,-50.7659,19,0,66,2026-07-30 00:10:01
326230,2,RISE 내수주플러스,10295,3,0,0.0,10475.0,-16.4367,1,0,66,2026-07-30 00:10:01
0102X0,4,ACE 유럽방산TOP10,9410,3,0,0.0,9462.0,-3.5751,677,6,66,2026-07-30 00:10:01
0218K0,2,BNK 스마트카,8750,3,0,0.0,8829.0,,2,0,66,2026-07-30 00:10:01
429740,7,PLUS K리츠,5945,2,25,0.42,5995.0,-17.2268,1320,7,65,2026-07-30 00:10:01
438740,2,MIDAS 중소형액티브,28650,3,0,0.0,29016.0,-30.5708,5,0,64,2026-07-30 00:10:01
0138D0,2,RISE 동학개미,9195,5,-140,-1.5,9254.0,-40.1603,4983,45,64,2026-07-30 00:10:01
285690,2,FOCUS ESG리더스,18300,3,0,0.0,18758.0,-21.5098,1,0,64,2026-07-30 00:10:01
0172Y0,2,ACE K수출핵심TOP10산업액티브,8000,5,-60,-0.74,8136.0,-29.174,5,0,64,2026-07-30 00:10:01
244670,2,KODEX 밸류Plus,10645,2,120,1.14,10658.0,-20.5643,51,0,64,2026-07-30 00:10:01
139290,2,TIGER 200 경기소비재,24125,2,15,0.06,24568.0,-14.7304,4841,116,63,2026-07-30 00:10:01
219900,4,ACE 중국본토CSI300레버리지(합성),4480,5,-5,-0.11,4585.0,-13.2496,1680,7,63,2026-07-30 00:10:01
253280,2,RISE 헬스케어,11400,5,-50,-0.44,11646.0,-32.4086,30,0,63,2026-07-30 00:10:01
368680,2,KODEX K-뉴딜디지털플러스,6965,3,0,0.0,7122.0,-30.7158,0,0,63,2026-07-30 00:10:01
451670,6,RISE 국채30년레버리지(합성),12365,3,0,0.0,12303.0,-26.964,0,0,62,2026-07-30 00:10:01
315270,2,TIGER 200커뮤니케이션서비스,19155,2,225,1.19,19319.0,-16.9251,1,0,61,2026-07-30 00:10:01
476310,4,RISE 글로벌비만산업TOP2+,10875,3,0,0.0,10872.0,20.5817,0,0,60,2026-07-30 00:10:01
0132D0,7,KoAct 글로벌K컬처밸류체인액티브,9200,3,0,0.0,9352.0,-9.5379,0,0,60,2026-07-30 00:10:01
307510,2,TIGER 의료기기,11850,2,165,1.41,11860.0,-36.5658,351,4,59,2026-07-30 00:10:01
138920,5,KODEX 콩선물(H),11800,5,-175,-1.46,11792.0,-0.5399,32,0,59,2026-07-30 00:10:01
0114X0,4,RISE 글로벌게임테크TOP3Plus,8380,2,20,0.24,8378.0,2.0134,22,0,59,2026-07-30 00:10:01
401590,4,HANARO 글로벌탄소배출권선물ICE(합성),11465,3,0,0.0,11470.0,6.6511,0,0,58,2026-07-30 00:10:01
289670,6,PLUS 국채선물10년,52050,3,0,0.0,51997.0,-2.1065,0,0,58,2026-07-30 00:10:01
400580,4,SOL 유럽탄소배출권선물S&P(H),11555,3,0,0.0,11628.0,7.9906,0,0,58,2026-07-30 00:10:01
469530,3,RISE 미국달러선물인버스,8975,3,0,0.0,9010.0,2.1627,0,0,57,2026-07-30 00:10:01
291890,4,KODEX MSCI EM선물(H),11375,2,50,0.44,11321.0,-3.8217,6,0,57,2026-07-30 00:10:01
413220,4,SOL 차이나태양광CSI(합성),4660,3,0,0.0,4662.0,-24.8388,1,0,56,2026-07-30 00:10:01
139240,2,TIGER 200 철강소재,8960,2,220,2.52,8995.0,-44.5784,66,0,56,2026-07-30 00:10:01
267450,6,RISE 미국장기국채선물인버스(H),11075,2,40,0.36,11122.0,1.5646,13,0,55,2026-07-30 00:10:01
432600,6,RISE 국채선물3년,55200,3,0,0.0,55187.0,0.4823,0,0,55,2026-07-30 00:10:01
483030,4,KIWOOM 미국블록버스터바이오테크의약품+,12220,5,-145,-1.17,12303.0,13.0296,1085,13,55,2026-07-30 00:10:01
474390,6,SOL 국고채30년액티브,40655,5,-140,-0.34,40662.0,-12.915,200,8,54,2026-07-30 00:10:01
314700,2,HANARO 농업융복합산업,9835,3,0,0.0,10104.0,-28.3376,0,0,54,2026-07-30 00:10:01
407300,2,HANARO Fn골프테마,9800,2,40,0.41,9904.0,-25.9849,12,0,54,2026-07-30 00:10:01
261920,4,ACE MSCI필리핀(합성),13460,5,-170,-1.25,13548.0,6.3182,9,0,54,2026-07-30 00:10:01
0131A0,4,SOL 차이나소비트렌드,8185,3,0,0.0,8210.0,-17.9038,0,0,53,2026-07-30 00:10:01
321410,7,KODEX 멀티에셋하이인컴(H),10620,2,85,0.81,10582.0,0.6635,10,0,53,2026-07-30 00:10:01
499150,4,SOL 미국S&P500엔화노출(H),10575,5,-140,-1.31,10541.0,-1.2983,15,0,53,2026-07-30 00:10:01
483020,2,KIWOOM 의료AI,8810,5,-10,-0.11,8950.0,-34.1546,11985,104,53,2026-07-30 00:10:01
0078V0,4,PLUS 미국로보택시,9595,5,-15,-0.16,9565.0,-13.7343,17,0,53,2026-07-30 00:10:01
0073X0,5,FOCUS 알리바바미국채커버드콜혼합,9565,5,-50,-0.52,9449.0,-5.5294,19,0,53,2026-07-30 00:10:01
0128D0,4,PLUS 차이나항셍테크위클리타겟커버드콜,7505,3,0,0.0,7600.0,-4.0821,0,0,53,2026-07-30 00:10:01
220130,4,SOL 차이나강소기업CSI500(합성 H),6540,5,-5,-0.08,6568.0,-7.4258,1,0,52,2026-07-30 00:10:01
0184V0,2,UNICORN K바이오액티브,4750,5,-50,-1.04,4849.0,,7329,32,52,2026-07-30 00:10:01
0015E0,7,KIWOOM 엔비디아미국30년국채혼합액티브(H),10445,3,0,0.0,10317.0,-2.7398,0,0,52,2026-07-30 00:10:01
0174J0,7,DAISHIN343 오피스리츠플러스,8625,3,0,0.0,8653.0,-15.5107,0,0,52,2026-07-30 00:10:01
411860,4,KIWOOM 독일DAX,17175,2,775,4.73,17224.0,-4.5313,577,9,52,2026-07-30 00:10:01
295000,6,RISE 국채선물10년,51455,3,0,0.0,51341.0,-1.6627,0,0,51,2026-07-30 00:10:01
498610,4,RISE 인도디지털성장,8555,3,0,0.0,8557.0,2.1958,0,0,51,2026-07-30 00:10:01
0154H0,4,KoAct 차이나바이오헬스케어액티브,8475,3,0,0.0,8542.0,-8.5268,0,0,51,2026-07-30 00:10:01
0053M0,2,더제이 중소형포커스액티브,11165,2,45,0.4,11440.0,-29.1495,2,0,50,2026-07-30 00:10:01
433250,1,UNICORN R&D 액티브,19570,3,0,0.0,19617.0,-21.4845,0,0,49,2026-07-30 00:10:01
391600,4,ACE 미국친환경그린테마,10830,5,-210,-1.9,10811.0,-10.2075,77,0,49,2026-07-30 00:10:01
0015K0,4,TIGER 미국소비트렌드액티브,7320,3,0,0.0,7290.0,-1.679,2,0,48,2026-07-30 00:10:01
267440,6,RISE 미국장기국채선물(H),8045,3,0,0.0,8083.0,-3.6527,0,0,48,2026-07-30 00:10:01
0176P0,2,FOCUS AI반도체위클리고정커버드콜,9650,5,-115,-1.18,9697.0,-18.652,4455,42,48,2026-07-30 00:10:01
373790,4,KIWOOM 미국방어배당성장나스닥,16690,5,-105,-0.63,16581.0,3.0278,22,0,47,2026-07-30 00:10:01
205720,4,ACE 일본TOPIX인버스(합성 H),1508,5,-1,-0.07,1516.0,-6.9094,2,0,45,2026-07-30 00:10:01
470310,2,UNICORN 생성형AI강소기업액티브,15075,2,65,0.43,15445.0,-12.068,10,0,45,2026-07-30 00:10:01
0050E0,4,PLUS 미국AI에이전트,8090,2,100,1.25,8053.0,3.9687,7,0,44,2026-07-30 00:10:01
253230,3,KIWOOM 200선물인버스2X,137,2,1,0.74,135.0,-18.5629,748138,103,44,2026-07-30 00:10:01
0191B0,1,MIDAS 코스닥액티브,21955,2,105,0.48,22112.0,,16,0,44,2026-07-30 00:10:01
244660,2,KODEX 퀄리티Plus,8755,3,0,0.0,9015.0,-15.2592,0,0,44,2026-07-30 00:10:01
266550,2,PLUS 중형주저변동50,17155,2,260,1.54,17485.0,-22.6951,35,0,43,2026-07-30 00:10:01
488200,2,KIWOOM K-2차전지북미공급망,9500,2,185,1.99,9562.0,-47.3031,623,5,43,2026-07-30 00:10:01
334690,5,RISE 팔라듐선물(H),5745,2,30,0.52,5791.0,-15.2078,221,1,40,2026-07-30 00:10:01
225030,4,TIGER 미국S&P500선물인버스(H),2355,2,25,1.07,2349.0,-2.9167,7157,16,40,2026-07-30 00:10:01
238670,7,PLUS 스마트베타Quality채권혼합,12890,3,0,0.0,12955.0,-4.0566,0,0,39,2026-07-30 00:10:01
291680,4,RISE 차이나H선물인버스(H),7645,3,0,0.0,7657.0,-1.6088,0,0,38,2026-07-30 00:10:01
145670,3,ACE 인버스,1654,2,10,0.61,1654.0,-2.2011,19360,32,38,2026-07-30 00:10:01
226380,2,ACE Fn성장소비주도주,5405,3,0,0.0,5547.0,-22.0058,0,0,38,2026-07-30 00:10:01
0079X0,4,ACE BYD밸류체인액티브,10570,3,0,0.0,10546.0,-15.8775,0,0,37,2026-07-30 00:10:01
277650,2,TIGER 코스피중형주,18115,2,195,1.09,18230.0,-32.619,1,0,36,2026-07-30 00:10:01
267490,6,RISE 미국장기국채선물레버리지(합성 H),5030,5,-40,-0.79,5027.0,-6.198,1,0,35,2026-07-30 00:10:01
227550,2,TIGER 200 산업재,10180,2,175,1.75,10250.0,-38.0304,56,0,35,2026-07-30 00:10:01
252410,3,RISE 200선물인버스,1692,2,5,0.3,1686.0,-1.4027,11091,18,34,2026-07-30 00:10:01
243890,2,TIGER 200에너지화학레버리지,6315,2,350,5.87,6308.0,-56.8692,1579,9,33,2026-07-30 00:10:01
454180,4,KIWOOM 차이나내수소비TOP CSI,8215,3,0,0.0,8295.0,-3.9113,0,0,33,2026-07-30 00:10:01
291620,3,KIWOOM 코스닥150선물인버스,5645,5,-60,-1.05,5647.0,64.4092,10470,60,32,2026-07-30 00:10:01
488210,2,KIWOOM K-반도체북미공급망,15955,5,-210,-1.3,16126.0,-37.3354,255,4,32,2026-07-30 00:10:01
427120,2,RISE AI플랫폼,4585,2,40,0.88,4600.0,-35.986,668,2,30,2026-07-30 00:10:01
227560,2,TIGER 200 생활소비재,12300,2,70,0.57,12499.0,-13.7531,1,0,30,2026-07-30 00:10:01
491630,4,RISE 미국반도체인버스(합성 H),6140,2,165,2.76,6192.0,-19.4744,643,3,29,2026-07-30 00:10:01
275750,3,RISE 코스닥150선물인버스,3205,5,-20,-0.62,3185.0,62.5504,2294,7,29,2026-07-30 00:10:01
489010,4,PLUS 글로벌AI인프라,18745,5,-520,-2.7,18634.0,-4.8172,17,0,28,2026-07-30 00:10:01
291630,3,KIWOOM 코스닥150선물레버리지,2250,5,-85,-3.64,2354.0,-73.6456,3919,9,28,2026-07-30 00:10:01
280940,5,KODEX 골드선물인버스(H),3660,5,-90,-2.4,3696.0,14.1552,595,2,27,2026-07-30 00:10:01
476000,2,UNICORN 포스트IPO액티브,4615,3,0,0.0,4709.0,-62.5406,0,0,25,2026-07-30 00:10:01
253160,3,PLUS 200선물인버스2X,280,2,2,0.72,279.0,-19.4203,268728,76,25,2026-07-30 00:10:01
334700,5,RISE 팔라듐선물인버스(H),3495,3,0,0.0,3486.0,10.0787,0,0,23,2026-07-30 00:10:01
306530,3,HANARO 코스닥150선물레버리지,4680,2,95,2.07,4668.0,-74.3712,1713,7,22,2026-07-30 00:10:01
253240,3,KIWOOM 200선물인버스,1680,5,-6,-0.36,1684.0,-2.0906,12464,21,20,2026-07-30 00:10:01
306520,3,HANARO 200선물인버스,3060,5,-25,-0.81,3073.0,0.3252,1448,4,18,2026-07-30 00:10:01
465620,4,ACE 미국빅테크TOP7 Plus인버스(합성),6815,5,-5,-0.07,6911.0,3.9634,100,0,17,2026-07-30 00:10:01
412560,2,TIGER BBIG레버리지,1637,2,141,9.43,1511.0,-50.2991,79,0,11,2026-07-30 00:10:01
397420,6,RISE 국채선물5년추종,50525,3,0,0.0,50502.0,-0.355,0,0,3,2026-07-30 00:10:01
