itemcode,etfTabCode,itemname,nowVal,risefall,changeVal,changeRate,nav,threeMonthEarnRate,quant,amonut,marketSum,collected_at
069500,1,KODEX 200,104860,2,1360,1.31,104994.0,-26.7468,13140397,1378522,243695,2026-09-03 04:57:03
360750,4,TIGER 미국S&P500,25875,2,15,0.06,25861.0,-9.1051,23047072,595590,202511,2026-09-03 04:57:03
133690,4,TIGER 미국나스닥100,175660,2,185,0.11,175509.0,-14.0045,2408806,422251,113160,2026-09-03 04:57:03
379800,4,KODEX 미국S&P500,23520,2,20,0.09,23507.0,-9.1299,14526248,341216,100230,2026-09-03 04:57:03
102110,1,TIGER 200,105090,2,1435,1.38,105262.0,-26.6364,7639330,802627,99468,2026-09-03 04:57:03
396500,2,TIGER 반도체TOP10,33895,2,130,0.39,33951.0,-35.1733,4708843,160045,90957,2026-09-03 04:57:03
379810,4,KODEX 미국나스닥100,26265,2,30,0.11,26240.0,-14.0197,12985799,340488,90430,2026-09-03 04:57:03
488770,7,KODEX 머니마켓액티브,105410,2,10,0.01,105423.0,0.8419,452198,47665,80716,2026-09-03 04:57:03
278530,1,KODEX 200TR,37965,2,465,1.24,38024.0,-26.6217,552335,20947,74373,2026-09-03 04:57:03
459580,6,KODEX CD금리액티브(합성),1073850,2,280,0.03,1073859.0,0.713,644792,692408,65377,2026-09-03 04:57:03
498400,2,KODEX 200타겟위클리커버드콜,19935,2,255,1.3,19942.0,-26.1467,4748349,94690,55997,2026-09-03 04:57:03
122630,3,KODEX 레버리지,101445,2,2545,2.57,101679.0,-55.9446,10335020,1048541,55896,2026-09-03 04:57:03
381180,4,TIGER 미국필라델피아반도체나스닥,40110,2,265,0.67,40115.0,-22.9273,899451,35998,54489,2026-09-03 04:57:03
0167A0,2,SOL AI반도체TOP2플러스,16700,5,-100,-0.6,16725.0,-31.8873,7284831,122549,53498,2026-09-03 04:57:03
091160,2,KODEX 반도체,121325,2,225,0.19,121572.0,-26.1023,615656,74873,53201,2026-09-03 04:57:03
229200,1,KODEX 코스닥150,13520,5,-100,-0.73,13572.0,-24.1437,24597466,333724,46725,2026-09-03 04:57:03
148020,1,RISE 200,105645,2,1265,1.21,105821.0,-26.8384,675589,71299,43209,2026-09-03 04:57:03
458730,4,TIGER 미국배당다우존스,15040,5,-15,-0.1,15044.0,-1.5778,1345344,20231,43165,2026-09-03 04:57:03
310970,1,TIGER MSCI Korea TR,46755,2,510,1.1,46788.0,-26.7116,17632,822,42360,2026-09-03 04:57:03
411060,5,ACE KRX금현물,27215,2,580,2.18,27147.0,-11.7316,757453,20512,40523,2026-09-03 04:57:03
0162Z0,7,RISE 삼성전자SK하이닉스채권혼합50,13120,2,60,0.46,13146.0,-13.9268,2707139,35568,40357,2026-09-03 04:57:03
360200,4,ACE 미국S&P500,26160,2,25,0.1,26144.0,-9.1606,395028,10322,39162,2026-09-03 04:57:03
395160,2,KODEX AI반도체TOP2플러스,37535,2,20,0.05,37590.0,-27.8558,1632324,61683,38248,2026-09-03 04:57:03
381170,4,TIGER 미국테크TOP10 INDXX,30460,2,190,0.63,30378.0,-14.1764,261260,7943,37588,2026-09-03 04:57:03
357870,6,TIGER CD금리투자KIS(합성),58007,2,17,0.03,58006.0,0.7295,95149,5519,35523,2026-09-03 04:57:03
423160,6,KODEX KOFR금리액티브(합성),110677,2,2,0.0,110674.0,0.6794,51608,5711,35509,2026-09-03 04:57:03
367380,4,ACE 미국나스닥100,30195,2,45,0.15,30169.0,-14.0491,345852,10427,33849,2026-09-03 04:57:03
395270,2,HANARO Fn K-반도체,53365,5,-5,-0.01,53453.0,-26.9905,674907,36221,33700,2026-09-03 04:57:03
102780,2,KODEX 삼성그룹,25995,2,280,1.09,26052.0,-23.6718,817261,21273,33612,2026-09-03 04:57:03
273130,6,KODEX 종합채권(AA-이상)액티브,109780,2,195,0.18,109673.0,-1.0028,2977,326,33281,2026-09-03 04:57:03
0043B0,6,TIGER 머니마켓액티브,103552,2,32,0.03,103558.0,0.8721,75094,7776,33155,2026-09-03 04:57:03
233740,3,KODEX 코스닥150레버리지,6445,5,-95,-1.45,6466.0,-50.9378,58981074,383188,32070,2026-09-03 04:57:03
487240,2,KODEX AI전력핵심설비,34275,5,-95,-0.28,34291.0,-25.7209,1914176,65488,29922,2026-09-03 04:57:03
455890,6,RISE 머니마켓액티브,55485,2,10,0.02,55493.0,0.7903,67606,3751,27922,2026-09-03 04:57:03
139260,2,TIGER 200 IT,130570,2,100,0.08,130766.0,-30.7638,82911,10901,25801,2026-09-03 04:57:03
472150,2,TIGER 배당커버드콜액티브,19630,2,210,1.08,19639.0,-24.4061,1540082,30191,25293,2026-09-03 04:57:03
481050,6,KODEX CD1년금리플러스액티브(합성),1022010,2,275,0.03,1021819.0,0.7671,29764,30419,25067,2026-09-03 04:57:03
161510,2,PLUS 고배당주,25745,2,615,2.45,25780.0,-4.9506,493802,12640,24607,2026-09-03 04:57:03
449170,6,TIGER KOFR금리액티브(합성),111772,2,22,0.02,111763.0,0.653,46157,5159,24070,2026-09-03 04:57:03
486290,4,TIGER 미국나스닥100타겟데일리커버드콜,10225,2,25,0.25,10217.0,-14.2321,1968898,20098,24059,2026-09-03 04:57:03
426030,4,TIME 미국나스닥100액티브,43770,2,505,1.17,43395.0,-26.0491,600107,26182,23767,2026-09-03 04:57:03
278540,1,KODEX MSCI Korea TR,37250,2,450,1.22,37244.0,-26.9117,2715,100,22797,2026-09-03 04:57:03
0193T0,2,KODEX SK하이닉스단일종목레버리지,9285,2,170,1.87,9304.0,-70.1588,10466661,97542,21576,2026-09-03 04:57:03
456600,4,TIME 글로벌AI인공지능액티브,56460,2,670,1.2,55915.0,-21.9339,66215,3730,20597,2026-09-03 04:57:03
284430,6,KODEX 200미국채혼합50,20390,2,45,0.22,20408.0,-16.9064,235961,4808,19901,2026-09-03 04:57:03
385540,6,RISE 종합채권(A-이상)액티브,102790,2,125,0.12,102797.0,-1.0363,339,34,19833,2026-09-03 04:57:03
292150,2,TIGER 코리아TOP10,36880,2,445,1.22,36925.0,-25.7533,243243,8943,19731,2026-09-03 04:57:03
214980,6,KODEX 단기채권PLUS,114630,2,25,0.02,114663.0,0.67,10503,1203,18148,2026-09-03 04:57:03
294400,1,KIWOOM 200TR,137670,2,1750,1.29,137835.0,-26.6665,146676,20183,17553,2026-09-03 04:57:03
305720,2,KODEX 2차전지산업,14880,2,390,2.69,14909.0,-23.13,3632072,53842,17380,2026-09-03 04:57:03
441640,4,KODEX 미국배당커버드콜액티브,12540,2,10,0.08,12537.0,-5.0657,683348,8562,16860,2026-09-03 04:57:03
477080,6,RISE CD금리액티브(합성),107490,2,25,0.02,107495.0,0.7075,5109,549,16675,2026-09-03 04:57:03
105190,1,ACE 200,105070,2,1290,1.24,105230.0,-26.9321,186448,19561,16601,2026-09-03 04:57:03
442580,4,PLUS 글로벌HBM반도체,95825,2,865,0.91,95959.0,-25.6237,242924,23287,16376,2026-09-03 04:57:03
329200,2,TIGER 리츠부동산인프라,4075,2,20,0.49,4089.0,4.9835,2425735,9890,15554,2026-09-03 04:57:03
368590,4,RISE 미국나스닥100,29295,2,30,0.1,29268.0,-14.0108,210422,6155,15438,2026-09-03 04:57:03
0177N0,7,KODEX 삼성전자SK하이닉스채권혼합50,13850,2,80,0.58,13870.0,-13.9753,3362455,46626,15097,2026-09-03 04:57:03
453850,6,ACE 미국30년국채액티브(H),7145,2,40,0.56,7139.0,-3.7211,506453,3617,15076,2026-09-03 04:57:03
446770,4,ACE 글로벌반도체TOP4 Plus,74665,2,840,1.14,74640.0,-21.1897,24213,1805,15008,2026-09-03 04:57:03
379780,4,RISE 미국S&P500,22615,2,5,0.02,22605.0,-9.0643,309459,6991,14881,2026-09-03 04:57:03
466920,2,SOL 조선TOP3플러스,27725,2,1495,5.7,27810.0,-27.9,1570247,42551,14680,2026-09-03 04:57:03
152100,1,PLUS 200,106410,2,1310,1.25,106596.0,-26.7838,238773,25400,14472,2026-09-03 04:57:03
0193W0,2,KODEX 삼성전자단일종목레버리지,11065,2,130,1.19,11105.0,-65.0918,4763103,53100,14122,2026-09-03 04:57:03
487230,4,KODEX 미국AI전력핵심인프라,18390,2,300,1.66,18324.0,-28.5427,518475,9489,13884,2026-09-03 04:57:03
226490,1,KODEX 코스피,68200,2,1080,1.61,68346.0,-25.7341,192369,13134,13811,2026-09-03 04:57:03
232080,1,TIGER 코스닥150,13795,5,-110,-0.79,13841.0,-23.9333,5482402,75826,12951,2026-09-03 04:57:03
157450,6,TIGER 단기통안채,112570,2,40,0.04,112565.0,0.6124,3237,364,12934,2026-09-03 04:57:03
0195S0,2,TIGER SK하이닉스단일종목레버리지,7870,2,115,1.48,7892.0,-70.1903,7806796,61701,12887,2026-09-03 04:57:03
091230,2,TIGER 반도체,128200,2,460,0.36,128397.0,-25.9761,93125,11939,12846,2026-09-03 04:57:03
475630,7,TIGER CD1년금리액티브(합성),1076265,2,275,0.03,1076265.0,0.7669,75883,81670,12827,2026-09-03 04:57:03
448330,1,KODEX 삼성전자채권혼합,17165,2,35,0.2,17194.0,-7.7888,246275,4234,12685,2026-09-03 04:57:03
436140,6,SOL 종합채권(AA-이상)액티브,106085,2,180,0.17,106041.0,-1.0142,147,15,12473,2026-09-03 04:57:03
438080,7,ACE 미국S&P500미국채혼합50액티브,13825,5,-30,-0.22,13831.0,-9.2963,284247,3926,12166,2026-09-03 04:57:03
390390,4,KODEX 미국반도체,51005,2,580,1.15,50955.0,-19.9058,553176,28126,12139,2026-09-03 04:57:03
0072R0,5,TIGER KRX금현물,13000,2,270,2.12,12974.0,-11.4435,707929,9155,12051,2026-09-03 04:57:03
469150,2,ACE AI반도체TOP3+,55230,5,-115,-0.21,55358.0,-30.3837,378671,20932,10853,2026-09-03 04:57:03
0183J0,4,TIGER 미국우주테크,7360,2,145,2.01,7295.0,-54.321,404515,2965,10827,2026-09-03 04:57:03
0139F0,6,TIGER 12월자동연장금융채(AA-이상)액티브,102135,3,0,0.0,102148.0,0.7795,140,14,10804,2026-09-03 04:57:03
356540,6,ACE 종합채권(AA-이상)액티브,101135,2,125,0.12,101145.0,-0.9561,221,22,10503,2026-09-03 04:57:03
446720,4,SOL 미국배당다우존스,13790,2,15,0.11,13789.0,-1.7564,119107,1642,10453,2026-09-03 04:57:03
465580,4,ACE 미국빅테크TOP7 Plus,23970,2,25,0.1,23934.0,-10.9355,506843,12129,10439,2026-09-03 04:57:03
494890,1,KODEX 200액티브,30230,2,405,1.36,30257.0,-27.0793,88820,2681,10369,2026-09-03 04:57:03
451540,6,TIGER 종합채권(AA-이상)액티브,52765,2,95,0.18,52750.0,-1.1264,4592,242,10343,2026-09-03 04:57:03
479520,6,RISE KOFR금리액티브(합성),106395,2,25,0.02,106382.0,0.6624,786,83,10328,2026-09-03 04:57:03
497570,4,TIGER 미국필라델피아AI반도체나스닥,20565,2,140,0.69,20576.0,-19.8244,194911,3997,10293,2026-09-03 04:57:03
445290,2,KODEX 로봇액티브,29435,2,185,0.63,29479.0,-40.0322,125076,3684,10258,2026-09-03 04:57:03
449180,4,KODEX 미국S&P500(H),17120,2,105,0.62,17114.0,0.2704,419365,7178,10238,2026-09-03 04:57:03
469830,6,SOL 초단기채권액티브,54392,2,17,0.03,54393.0,0.8251,141859,7716,10016,2026-09-03 04:57:03
449450,2,PLUS K방산,51585,2,1935,3.9,51661.0,-21.8234,183431,9323,9992,2026-09-03 04:57:03
494300,4,KODEX 미국나스닥100데일리커버드콜OTM,8780,2,10,0.11,8770.0,-17.1214,1120781,9818,9948,2026-09-03 04:57:03
455850,2,SOL AI반도체소부장,23470,5,-295,-1.24,23513.0,-14.9732,629835,14821,9857,2026-09-03 04:57:03
295040,1,SOL 200TR,39315,2,490,1.26,39375.0,-26.7453,189253,7406,9730,2026-09-03 04:57:03
402970,4,ACE 미국배당다우존스,15320,3,0,0.0,15315.0,-1.6431,152790,2341,9713,2026-09-03 04:57:03
479080,6,1Q 머니마켓액티브,53780,2,20,0.04,53778.0,0.8252,56261,3025,9652,2026-09-03 04:57:03
0117V0,2,TIGER 코리아AI전력기기TOP3플러스,17885,5,-55,-0.31,17899.0,-24.9118,985424,17585,9568,2026-09-03 04:57:03
315930,2,KODEX Top5PlusTR,79150,2,1650,2.13,79163.0,-27.1822,14754,1162,9498,2026-09-03 04:57:03
305540,2,TIGER 2차전지테마,18930,2,505,2.74,18960.0,-20.5819,434206,8185,9418,2026-09-03 04:57:03
237350,1,KODEX 코스피100,83650,2,1430,1.74,83779.0,-27.7397,76640,6411,9369,2026-09-03 04:57:03
495050,1,RISE 코리아밸류업,31500,2,485,1.56,31541.0,-23.9715,18216,572,9308,2026-09-03 04:57:03
0117L0,6,KODEX 26-12 금융채(AA-이상)액티브,10155,5,-5,-0.05,10158.0,0.6937,16893,171,9218,2026-09-03 04:57:03
438100,7,ACE 미국나스닥100미국채혼합50액티브,14890,5,-15,-0.1,14889.0,-11.7526,142039,2112,9187,2026-09-03 04:57:03
494310,2,KODEX 반도체레버리지,70480,2,325,0.46,71022.0,-58.6801,1599335,113286,8880,2026-09-03 04:57:03
498410,2,KODEX 금융고배당TOP10타겟위클리커버드콜,12320,2,475,4.01,12366.0,6.1141,3086098,37678,8833,2026-09-03 04:57:03
466940,2,TIGER 은행고배당플러스TOP10,27820,2,1120,4.19,27845.0,8.7909,764701,21127,8429,2026-09-03 04:57:03
475720,3,RISE 200위클리커버드콜,12460,2,160,1.3,12468.0,-19.7863,301948,3757,8361,2026-09-03 04:57:03
0195R0,2,TIGER 삼성전자단일종목레버리지,10090,2,105,1.05,10115.0,-65.5095,4042107,41166,8342,2026-09-03 04:57:03
487340,6,ACE 머니마켓액티브,105890,2,30,0.03,105887.0,0.8622,32500,3441,8300,2026-09-03 04:57:03
0048J0,6,KODEX 미국머니마켓액티브,13575,5,-75,-0.55,13569.0,-8.8668,507573,6882,8193,2026-09-03 04:57:03
153130,6,KODEX 단기채권,113310,2,40,0.04,113311.0,0.6157,4425,501,7986,2026-09-03 04:57:03
441800,1,TIME Korea플러스배당액티브,28535,2,415,1.48,28587.0,-23.7475,110464,3147,7916,2026-09-03 04:57:03
144600,5,KODEX 은선물(H),10730,2,350,3.37,10727.0,-17.5864,285501,3042,7908,2026-09-03 04:57:03
476550,6,TIGER 미국30년국채커버드콜액티브(H),6770,2,45,0.67,6760.0,-3.9776,826118,5589,7823,2026-09-03 04:57:03
0025N0,7,TIGER TDF2045 적격,11850,2,15,0.13,11832.0,-7.4668,190088,2250,7726,2026-09-03 04:57:03
0219E0,2,KODEX 200커버드콜액티브,8115,2,70,0.87,8124.0,,2958074,24006,7677,2026-09-03 04:57:03
481060,6,KODEX 미국30년국채타겟커버드콜(합성 H),7440,2,40,0.54,7448.0,-2.9026,246532,1833,7645,2026-09-03 04:57:03
0177R0,2,TIGER 반도체TOP10커버드콜액티브,10660,2,10,0.09,10676.0,-28.5469,793931,8507,7611,2026-09-03 04:57:03
490590,4,RISE 미국AI밸류체인데일리고정커버드콜,13500,2,45,0.33,13466.0,-20.8828,366574,4936,7580,2026-09-03 04:57:03
462330,2,KODEX 2차전지산업레버리지,1061,2,57,5.68,1068.0,-49.5731,73128933,77023,7543,2026-09-03 04:57:03
457480,4,ACE 테슬라밸류체인액티브,18260,2,70,0.38,18223.0,-25.7854,258198,4704,7541,2026-09-03 04:57:03
272580,6,TIGER 단기채권액티브,57110,2,30,0.05,57104.0,0.7057,18911,1079,7462,2026-09-03 04:57:03
114800,3,KODEX 인버스,1050,5,-13,-1.22,1049.0,15.0432,374488469,393155,7413,2026-09-03 04:57:03
069660,1,KIWOOM 200,104810,2,1360,1.31,104981.0,-26.6674,90633,9494,7337,2026-09-03 04:57:03
0061Z0,6,RISE 단기특수은행채액티브,51005,2,15,0.03,51004.0,0.7209,594,30,7200,2026-09-03 04:57:03
364980,2,TIGER 2차전지TOP10,10490,2,350,3.45,10496.0,-18.2259,3415379,35657,7196,2026-09-03 04:57:03
371460,4,TIGER 차이나전기차SOLACTIVE,9860,2,55,0.56,9872.0,-28.9493,43592,428,7127,2026-09-03 04:57:03
458760,4,TIGER 미국배당다우존스타겟커버드콜2호,11005,5,-20,-0.18,11010.0,-0.9939,152384,1677,7104,2026-09-03 04:57:03
252670,3,KODEX 200선물인버스2X,80,5,-3,-3.61,81.0,9.2105,3997562206,321902,7039,2026-09-03 04:57:03
456610,6,TIGER 미국달러SOFR금리액티브(합성),59065,5,-345,-0.58,59107.0,-8.8525,17430,1029,6999,2026-09-03 04:57:03
102970,2,KODEX 증권,17990,2,250,1.41,18011.0,-28.7066,323928,5775,6818,2026-09-03 04:57:03
434730,2,HANARO 원자력iSelect,56950,2,1280,2.3,57069.0,-21.6688,195694,10991,6720,2026-09-03 04:57:03
0127P0,4,ACE 미국대형성장주액티브,10250,5,-20,-0.19,10252.0,-13.6103,7801,79,6698,2026-09-03 04:57:03
329750,6,TIGER 미국달러단기채권액티브,12845,5,-80,-0.62,12862.0,-9.1708,151745,1948,6634,2026-09-03 04:57:03
0167B0,2,SOL 200타겟위클리커버드콜,11405,2,140,1.24,11417.0,-25.9208,633484,7227,6603,2026-09-03 04:57:03
495850,1,KODEX 코리아밸류업,31230,2,655,2.14,31292.0,-24.233,187586,5846,6590,2026-09-03 04:57:03
314250,4,KODEX 미국빅테크10(H),62365,2,365,0.59,62273.0,-1.2452,30826,1920,6586,2026-09-03 04:57:03
482730,4,TIGER 미국S&P500타겟데일리커버드콜,11600,3,0,0.0,11599.0,-8.902,261160,3026,6542,2026-09-03 04:57:03
138540,2,TIGER 현대차그룹플러스,50075,2,1765,3.65,50147.0,-34.4905,86261,4260,6540,2026-09-03 04:57:03
367760,2,RISE 네트워크인프라,55750,5,-365,-0.65,55787.0,-32.9811,105769,5944,6495,2026-09-03 04:57:03
290130,2,RISE ESG사회책임투자,45530,2,525,1.17,45573.0,-25.8262,28807,1309,6442,2026-09-03 04:57:03
418660,4,TIGER 미국나스닥100레버리지(합성),37985,2,50,0.13,37916.0,-27.9966,119876,4539,6306,2026-09-03 04:57:03
434060,7,KODEX TDF2050액티브 적격,16540,5,-40,-0.24,16501.0,-10.1504,46908,775,6227,2026-09-03 04:57:03
489250,4,KODEX 미국배당다우존스,12960,2,5,0.04,12962.0,-1.7497,531122,6879,6091,2026-09-03 04:57:03
484790,6,KODEX 미국30년국채액티브(H),8225,2,50,0.61,8209.0,-3.7021,265893,2183,6025,2026-09-03 04:57:03
251600,7,PLUS 고배당주채권혼합,15590,2,175,1.14,15611.0,-1.243,169611,2636,6018,2026-09-03 04:57:03
0148J0,2,TIGER 코리아휴머노이드로봇산업,8615,2,50,0.58,8620.0,-47.3733,2321281,20104,5871,2026-09-03 04:57:03
0101N0,2,RISE AI전력인프라,18695,2,350,1.91,18683.0,-21.5356,129120,2406,5870,2026-09-03 04:57:03
491010,4,TIGER 글로벌AI전력인프라액티브,23240,2,145,0.63,23208.0,-33.058,43014,996,5854,2026-09-03 04:57:03
0015B0,4,KoAct 미국나스닥성장기업액티브,17550,2,45,0.26,17328.0,-29.1583,698997,12252,5677,2026-09-03 04:57:03
277630,1,TIGER 코스피,69220,2,795,1.16,69371.0,-25.1962,60150,4168,5676,2026-09-03 04:57:03
0091P0,2,TIGER 코리아원자력,16595,2,730,4.6,16604.0,-19.1387,2005557,32686,5659,2026-09-03 04:57:03
494670,2,TIGER 조선TOP10,21780,2,1080,5.22,21829.0,-27.0485,628027,13413,5597,2026-09-03 04:57:03
449190,4,KODEX 미국나스닥100(H),21955,2,150,0.69,21935.0,-5.1829,155454,3409,5588,2026-09-03 04:57:03
477050,6,PLUS 머니마켓액티브,53530,2,5,0.01,53534.0,0.8573,3866,206,5550,2026-09-03 04:57:03
0105E0,2,SOL 코리아고배당,13310,2,355,2.74,13340.0,-4.7622,569473,7533,5530,2026-09-03 04:57:03
0019K0,7,TIME 미국나스닥100채권혼합50액티브,12935,2,50,0.39,12904.0,-12.7329,312259,4030,5530,2026-09-03 04:57:03
0007F0,6,KODEX 27-12 회사채(AA-이상)액티브,10185,5,-5,-0.05,10191.0,0.7912,80766,822,5524,2026-09-03 04:57:03
371160,4,TIGER 차이나항셍테크,6680,5,-60,-0.89,6683.0,-21.0508,96262,646,5451,2026-09-03 04:57:03
491620,4,RISE 미국테크100데일리고정커버드콜,10245,3,0,0.0,10234.0,-12.2547,434398,4444,5445,2026-09-03 04:57:03
385560,6,RISE KIS국고채30년Enhanced,51210,2,220,0.43,51173.0,-10.4339,17987,920,5439,2026-09-03 04:57:03
466950,4,TIGER 글로벌AI액티브,28905,2,100,0.35,28765.0,-32.6199,15663,452,5431,2026-09-03 04:57:03
396520,4,TIGER 차이나반도체FACTSET,13070,5,-140,-1.06,13099.0,-14.5261,571418,7517,5406,2026-09-03 04:57:03
488080,3,TIGER 반도체TOP10레버리지,30080,2,240,0.8,30179.0,-67.6864,1995219,60335,5339,2026-09-03 04:57:03
462010,2,TIGER 2차전지소재Fn,4900,2,135,2.83,4906.0,-29.875,2302738,11191,5321,2026-09-03 04:57:03
438330,6,TIGER 우량회사채액티브,115600,2,150,0.13,115618.0,0.6363,3936,454,5316,2026-09-03 04:57:03
455030,6,KODEX 미국달러SOFR금리액티브(합성),11655,5,-65,-0.55,11669.0,-8.9393,64597,753,5291,2026-09-03 04:57:03
365780,6,ACE 국고채10년,82210,2,280,0.34,82208.0,-1.2773,3595,295,5204,2026-09-03 04:57:03
315960,2,RISE 대형고배당10TR,76580,2,1650,2.2,76684.0,-27.2454,29476,2251,5054,2026-09-03 04:57:03
423920,4,TIGER 미국필라델피아반도체레버리지(합성),73505,2,915,1.26,73439.0,-47.5129,28479,2079,5035,2026-09-03 04:57:03
496080,1,TIGER 코리아밸류업,31350,2,600,1.95,31392.0,-23.7172,61177,1911,5032,2026-09-03 04:57:03
435420,7,TIGER 미국나스닥100채권혼합50,13847,2,12,0.09,13851.0,-7.1296,238563,3300,4936,2026-09-03 04:57:03
463250,2,TIGER K방산&우주,32730,2,805,2.52,32807.0,-20.1875,219339,7051,4926,2026-09-03 04:57:03
114260,6,KODEX 국고채3년,61770,2,80,0.13,61789.0,0.5951,1897,117,4922,2026-09-03 04:57:03
251350,4,KODEX MSCI선진국,38375,2,20,0.05,38463.0,-8.2751,10036,385,4912,2026-09-03 04:57:03
476800,7,KODEX 한국부동산리츠인프라,4260,2,15,0.35,4299.0,0.9218,1131610,4814,4903,2026-09-03 04:57:03
444200,2,SOL 코리아메가테크액티브,43900,2,540,1.25,43998.0,-29.2082,29487,1291,4895,2026-09-03 04:57:03
0190C0,2,RISE 현대차고정피지컬AI,8030,2,85,1.07,8045.0,-45.1313,374363,3003,4842,2026-09-03 04:57:03
499660,7,TIGER CD금리플러스액티브(합성),1000787,2,262,0.03,1000774.0,0.7608,7647,7653,4816,2026-09-03 04:57:03
451000,6,PLUS 종합채권(AA-이상)액티브,107100,2,95,0.09,107075.0,-0.9718,11,1,4765,2026-09-03 04:57:03
490490,7,SOL 미국배당미국채혼합50,11000,5,-35,-0.32,11017.0,-6.2407,171616,1889,4741,2026-09-03 04:57:03
361580,1,RISE 200TR,59600,2,680,1.15,59672.0,-26.7984,57968,3456,4738,2026-09-03 04:57:03
496020,6,WON 전단채플러스액티브,52485,2,10,0.02,52482.0,0.9134,3730,195,4693,2026-09-03 04:57:03
448290,4,TIGER 미국S&P500(H),17750,2,115,0.65,17742.0,0.0905,109697,1946,4588,2026-09-03 04:57:03
471230,6,KODEX 국고채10년액티브,103565,2,385,0.37,103573.0,-1.3104,5921,613,4586,2026-09-03 04:57:03
483280,4,KODEX 미국AI테크TOP10타겟커버드콜,11430,2,90,0.79,11405.0,-15.0078,335453,3830,4526,2026-09-03 04:57:03
473290,6,KODEX 26-12 회사채(AA-이상)액티브,10880,5,-10,-0.09,10886.0,0.8055,1795,19,4504,2026-09-03 04:57:03
0163Y0,1,KoAct 코스닥액티브,8615,5,-40,-0.46,8625.0,-25.4843,260273,2239,4394,2026-09-03 04:57:03
447770,7,TIGER 테슬라채권혼합Fn,13725,5,-5,-0.04,13728.0,-6.301,103657,1422,4365,2026-09-03 04:57:03
0016X0,6,SOL 중단기회사채(A-이상)액티브,51490,2,30,0.06,51502.0,0.8525,4624,238,4318,2026-09-03 04:57:03
243880,2,TIGER 200IT레버리지,299585,5,-110,-0.04,300596.0,-64.449,61314,18660,4269,2026-09-03 04:57:03
0162M0,6,KODEX 금융채1~2년(AA-이상)PLUS액티브,10055,5,-5,-0.05,10064.0,0.7007,2141,21,4243,2026-09-03 04:57:03
148070,6,KIWOOM 국고채10년,104205,2,335,0.32,104198.0,-1.2455,6189,645,4238,2026-09-03 04:57:03
451060,1,1Q 200액티브,33590,2,410,1.24,33619.0,-27.2881,30713,1033,4232,2026-09-03 04:57:03
474220,4,TIGER 미국테크TOP10타겟커버드콜,14840,2,80,0.54,14807.0,-11.0967,40521,600,4170,2026-09-03 04:57:03
293180,1,HANARO 200,105090,2,1190,1.15,105281.0,-26.6716,65040,6834,4151,2026-09-03 04:57:03
484880,2,SOL 금융지주플러스고배당,23630,2,955,4.21,23648.0,9.1114,855598,20076,3982,2026-09-03 04:57:03
480260,6,TIGER 27-04회사채(A+이상)액티브,53835,2,15,0.03,53830.0,0.6922,4983,268,3978,2026-09-03 04:57:03
0060H0,1,TIGER 토탈월드스탁액티브,12470,2,5,0.04,12490.0,-9.3846,40824,508,3903,2026-09-03 04:57:03
426020,4,TIME 미국S&P500액티브,31170,2,160,0.52,31139.0,-15.1458,36221,1128,3902,2026-09-03 04:57:03
471990,2,KODEX AI반도체핵심장비,23500,5,-320,-1.34,23525.0,-19.7732,830338,19595,3866,2026-09-03 04:57:03
091180,2,KODEX 자동차,27350,2,500,1.86,27407.0,-33.776,128545,3494,3856,2026-09-03 04:57:03
0023A0,4,SOL 미국양자컴퓨팅TOP10,22555,2,155,0.69,22425.0,-40.9439,49108,1104,3834,2026-09-03 04:57:03
385720,1,TIME 코스피액티브,24710,2,220,0.9,24809.0,-27.1348,14493,359,3830,2026-09-03 04:57:03
458250,6,TIGER 미국30년국채스트립액티브(합성 H),34510,2,315,0.92,34526.0,-6.8003,25275,871,3822,2026-09-03 04:57:03
241180,4,TIGER 일본니케이225,33470,2,305,0.92,33564.0,-13.2488,14034,467,3816,2026-09-03 04:57:03
132030,5,KODEX 골드선물(H),24865,2,630,2.6,24869.0,-5.5166,135636,3358,3730,2026-09-03 04:57:03
302450,1,RISE 코스피,68755,2,515,0.75,68901.0,-25.2981,40145,2764,3713,2026-09-03 04:57:03
439860,6,KODEX ESG종합채권(A-이상)액티브,113645,2,135,0.12,113583.0,0.398,3,0,3695,2026-09-03 04:57:03
476760,6,ACE 미국30년국채액티브,8785,2,15,0.17,8763.0,-13.3013,269793,2366,3637,2026-09-03 04:57:03
0173Y0,4,KODEX 미국AI광통신네트워크,10230,3,0,0.0,10228.0,-32.5066,390780,4004,3637,2026-09-03 04:57:03
462900,2,KoAct 바이오헬스케어액티브,13480,5,-250,-1.82,13479.0,-22.9518,519217,7065,3572,2026-09-03 04:57:03
469070,2,RISE AI&로봇,10595,2,35,0.33,10615.0,-39.7605,207450,2206,3549,2026-09-03 04:57:03
0040Y0,7,SOL 팔란티어커버드콜OTM채권혼합,7915,5,-120,-1.49,7884.0,-1.2492,449886,3558,3530,2026-09-03 04:57:03
279530,2,KODEX 고배당주,18065,2,390,2.21,18086.0,0.1905,139195,2506,3523,2026-09-03 04:57:03
0131V0,4,1Q 미국우주항공테크,10785,2,10,0.09,10756.0,-30.6629,37382,402,3500,2026-09-03 04:57:03
310960,1,TIGER 200TR,61235,2,735,1.21,61321.0,-26.7422,24058,1472,3490,2026-09-03 04:57:03
0052D0,2,TIGER 코리아배당다우존스,15925,2,520,3.38,15961.0,-5.9602,131125,2079,3488,2026-09-03 04:57:03
385550,6,RISE 단기채권알파액티브,114180,2,35,0.03,114171.0,0.7458,1244,142,3461,2026-09-03 04:57:03
439870,6,KODEX 국고채30년액티브,86570,2,185,0.21,86555.0,-7.9199,2477,214,3445,2026-09-03 04:57:03
0046A0,6,TIGER 미국초단기(3개월이하)국채,9395,5,-50,-0.53,9402.0,-9.1571,478017,4490,3439,2026-09-03 04:57:03
448300,4,TIGER 미국나스닥100(H),22670,2,155,0.69,22650.0,-5.1277,87231,1975,3435,2026-09-03 04:57:03
0043Y0,4,TIME 차이나AI테크액티브,19545,5,-65,-0.33,19534.0,-21.1659,26475,518,3430,2026-09-03 04:57:03
0167Z0,4,KODEX 미국우주항공,7450,2,205,2.83,7380.0,-47.0408,157605,1170,3423,2026-09-03 04:57:03
0144L0,4,KODEX 미국성장커버드콜액티브,9315,2,25,0.27,9304.0,-12.1368,99945,929,3405,2026-09-03 04:57:03
453810,4,KODEX 인도Nifty50,11580,2,55,0.48,11641.0,-7.1237,142243,1643,3399,2026-09-03 04:57:03
442570,7,RISE TDF2050액티브 적격,17140,5,-40,-0.23,17046.0,-9.8807,85013,1458,3359,2026-09-03 04:57:03
0026S0,4,1Q 미국S&P500,12660,2,10,0.08,12652.0,-9.2145,80513,1018,3355,2026-09-03 04:57:03
472170,7,TIGER 미국테크TOP10채권혼합,13805,2,45,0.33,13792.0,-7.0899,34560,476,3348,2026-09-03 04:57:03
0080G0,2,KODEX 방산TOP10,9935,2,280,2.9,9954.0,-20.2918,1762270,17230,3338,2026-09-03 04:57:03
456880,7,ACE 미국달러SOFR금리(합성),11950,5,-80,-0.67,11961.0,-8.8982,40510,483,3296,2026-09-03 04:57:03
474590,2,WON 반도체밸류체인액티브,41710,2,310,0.75,41664.0,-21.015,14547,606,3295,2026-09-03 04:57:03
448630,7,RISE 삼성그룹Top3채권혼합,15170,5,-35,-0.23,15190.0,-4.2205,72332,1100,3231,2026-09-03 04:57:03
0182R0,2,1Q K반도체TOP2+,9940,5,-40,-0.4,9960.0,-34.4715,1117424,11183,3231,2026-09-03 04:57:03
0119H0,6,KODEX 28-12 회사채(AA-이상)액티브,9930,5,-5,-0.05,9922.0,0.8117,12569,124,3204,2026-09-03 04:57:03
190620,6,ACE 단기통안채,102025,2,20,0.02,102021.0,0.6909,25315,2582,3185,2026-09-03 04:57:03
0228G0,2,ACE 반도체Plus전략산업,9800,2,210,2.19,9836.0,,853023,8274,3185,2026-09-03 04:57:03
0052S0,7,1Q 미국S&P500미국채혼합50액티브,11390,5,-15,-0.13,11392.0,-9.2793,108734,1238,3166,2026-09-03 04:57:03
385510,2,KODEX 신재생에너지액티브,37500,2,455,1.23,37506.0,-21.6311,29248,1092,3150,2026-09-03 04:57:03
489030,2,PLUS 고배당주위클리커버드콜,6755,2,150,2.27,6768.0,0.2872,451571,3035,3138,2026-09-03 04:57:03
270810,1,RISE 코스닥150,13490,5,-75,-0.55,13508.0,-24.0269,99002,1345,3087,2026-09-03 04:57:03
0008S0,4,TIGER 미국배당다우존스타겟데일리커버드콜,10020,3,0,0.0,10008.0,-1.5959,212445,2128,3011,2026-09-03 04:57:03
485540,4,KODEX 미국AI테크TOP10,14830,2,120,0.82,14790.0,-15.6623,121572,1800,2988,2026-09-03 04:57:03
483320,4,ACE 엔비디아밸류체인액티브,23370,2,415,1.81,23313.0,-25.5313,678986,15818,2980,2026-09-03 04:57:03
0111P0,7,1Q 미국나스닥100미국채혼합50액티브,10570,5,-20,-0.19,10579.0,-11.7686,158912,1679,2970,2026-09-03 04:57:03
091170,2,KODEX 은행,17040,2,575,3.49,17063.0,12.6698,2004048,33968,2965,2026-09-03 04:57:03
433330,4,SOL 미국S&P500,21595,2,20,0.09,21597.0,-9.2445,44404,958,2937,2026-09-03 04:57:03
0210A0,2,ACE K반도체TOP2+,6780,5,-30,-0.44,6791.0,,1633603,11144,2919,2026-09-03 04:57:03
454780,6,KIWOOM 종합채권(AA-이상)액티브,99450,2,145,0.15,99433.0,-1.0513,268,26,2899,2026-09-03 04:57:03
136340,6,RISE 중기우량회사채,104085,2,20,0.02,104128.0,0.5677,68,7,2896,2026-09-03 04:57:03
475080,7,KODEX 테슬라커버드콜채권혼합액티브,7840,2,10,0.13,7828.0,-5.1688,96058,752,2866,2026-09-03 04:57:03
453870,4,TIGER 인도니프티50,11395,2,70,0.62,11399.0,-7.4713,24310,276,2843,2026-09-03 04:57:03
461490,7,RISE 글로벌자산배분액티브,14565,2,35,0.24,14587.0,-4.6901,28147,409,2811,2026-09-03 04:57:03
481190,4,SOL 미국테크TOP10,16535,2,95,0.58,16496.0,-14.1066,28079,463,2811,2026-09-03 04:57:03
273140,6,KODEX 단기변동금리부채권액티브,114730,2,30,0.03,114736.0,0.6036,6963,798,2801,2026-09-03 04:57:03
497880,6,SOL CD금리&머니마켓액티브,50045,2,10,0.02,50041.0,0.8724,64083,3206,2794,2026-09-03 04:57:03
0094K0,6,TIGER 28-04 회사채(A+이상)액티브,99660,2,115,0.12,99669.0,0.7693,1218,121,2787,2026-09-03 04:57:03
228790,2,TIGER 화장품,4625,5,-55,-1.18,4630.0,36.6423,6779431,31993,2778,2026-09-03 04:57:03
441680,7,TIGER 미국나스닥100커버드콜(합성),10560,5,-30,-0.28,10581.0,-6.4082,44121,465,2777,2026-09-03 04:57:03
307520,2,TIGER 지주회사,22125,2,230,1.05,22158.0,-15.2485,157886,3471,2766,2026-09-03 04:57:03
0098F0,2,KODEX 원자력SMR,15700,2,710,4.74,15708.0,-19.5384,864962,13290,2755,2026-09-03 04:57:03
0038A0,4,KODEX 미국휴머노이드로봇,14545,2,135,0.94,14538.0,-23.299,34331,498,2749,2026-09-03 04:57:03
473330,6,SOL 미국30년국채커버드콜(합성),7840,2,10,0.13,7853.0,-12.9254,185905,1457,2748,2026-09-03 04:57:03
213610,2,KODEX 삼성그룹밸류,22250,2,350,1.6,22273.0,-21.1238,8418,187,2648,2026-09-03 04:57:03
364970,2,TIGER 바이오TOP10,7240,5,-80,-1.09,7243.0,-0.8131,712426,5199,2639,2026-09-03 04:57:03
196230,6,RISE 단기통안채,116930,2,10,0.01,116972.0,0.6023,16059,1878,2633,2026-09-03 04:57:03
471780,2,TIGER 코리아테크액티브,33965,2,50,0.15,33971.0,-26.0628,51098,1741,2632,2026-09-03 04:57:03
475300,2,SOL 반도체전공정,20675,5,-315,-1.5,20700.0,-2.2357,785505,16278,2626,2026-09-03 04:57:03
123320,3,TIGER 레버리지,102270,2,2565,2.57,102319.0,-55.1313,63865,6524,2557,2026-09-03 04:57:03
0053L0,4,TIGER 차이나휴머노이드로봇,9360,5,-25,-0.27,9344.0,-31.4619,1268170,11912,2551,2026-09-03 04:57:03
472920,6,HK 종합채권(AA-이상)액티브,97885,2,5,0.01,97921.0,-0.856,9,0,2540,2026-09-03 04:57:03
139230,2,TIGER 200 중공업,12795,2,525,4.28,12814.0,-27.6206,79038,997,2505,2026-09-03 04:57:03
409820,4,KODEX 미국나스닥100레버리지(합성 H),19510,2,230,1.19,19485.0,-11.9032,34961,680,2497,2026-09-03 04:57:03
283580,4,KODEX 차이나CSI300,14945,5,-40,-0.27,14976.0,-14.4769,48019,716,2473,2026-09-03 04:57:03
0183V0,7,KIWOOM 삼성전자&SK하이닉스채권혼합50,11520,2,40,0.35,11531.0,-13.0128,261684,3018,2454,2026-09-03 04:57:03
471040,4,KoAct 글로벌AI&로봇액티브,27105,2,130,0.48,26542.0,-30.3062,26227,707,2453,2026-09-03 04:57:03
423170,4,SOL 글로벌AI반도체탑픽액티브,54940,2,525,0.96,54880.0,-23.9218,4580,250,2450,2026-09-03 04:57:03
0162Y0,1,TIME 코스닥액티브,7050,5,-65,-0.91,7059.0,-29.8324,157223,1108,2443,2026-09-03 04:57:03
245710,4,ACE 베트남VN30(합성),28470,5,-400,-1.39,28841.0,-8.9706,9847,281,2391,2026-09-03 04:57:03
495230,1,KoAct 코리아밸류업액티브,30045,2,365,1.23,30090.0,-26.0418,36502,1094,2389,2026-09-03 04:57:03
452360,4,SOL 미국배당다우존스(H),13695,2,85,0.62,13665.0,8.714,107913,1477,2369,2026-09-03 04:57:03
478150,4,TIME 글로벌우주테크&방산액티브,18525,5,-270,-1.44,18479.0,-21.4749,30008,555,2353,2026-09-03 04:57:03
0089D0,2,KODEX 금융고배당TOP10,13970,2,570,4.25,13993.0,4.242,304546,4215,2347,2026-09-03 04:57:03
493810,4,TIGER 미국AI빅테크10타겟데일리커버드콜,11270,2,45,0.4,11245.0,-12.6463,79888,898,2344,2026-09-03 04:57:03
448540,7,ACE 엔비디아채권혼합,26575,2,300,1.14,26518.0,-3.8075,33968,901,2339,2026-09-03 04:57:03
483340,4,ACE 구글밸류체인액티브,20645,5,-10,-0.05,20610.0,-28.9963,193224,3982,2333,2026-09-03 04:57:03
421320,2,PLUS 우주항공,25320,2,25,0.1,25357.0,-34.7226,14293,358,2329,2026-09-03 04:57:03
363570,6,KODEX 장기종합채권(AA-이상)액티브,86100,2,360,0.42,86088.0,-3.4732,138,11,2326,2026-09-03 04:57:03
0094M0,2,RISE 코리아밸류업위클리고정커버드콜,17535,2,255,1.48,17542.0,-18.9054,345144,6033,2323,2026-09-03 04:57:03
0182S0,7,1Q K반도체TOP2채권혼합50,12170,2,85,0.7,12180.0,-15.2822,105843,1291,2312,2026-09-03 04:57:03
437080,6,KODEX 미국종합채권ESG액티브(H),96540,2,135,0.14,96563.0,-1.5519,14137,1363,2312,2026-09-03 04:57:03
329650,7,KODEX TRF3070,14000,5,-10,-0.07,14024.0,-3.3703,15324,214,2310,2026-09-03 04:57:03
472160,4,TIGER 미국테크TOP10 INDXX(H),18840,2,225,1.21,18788.0,-5.5556,116578,2191,2298,2026-09-03 04:57:03
0092C0,6,SOL 27-12 회사채(AA-이상)액티브,50300,2,30,0.06,50290.0,0.8121,1862,93,2280,2026-09-03 04:57:03
363580,2,KODEX 200IT TR,52875,2,70,0.13,52973.0,-29.5417,26403,1407,2274,2026-09-03 04:57:03
458260,6,TIGER 미국투자등급회사채액티브(H),46125,2,130,0.28,46087.0,-2.5527,864,39,2260,2026-09-03 04:57:03
388420,2,RISE 비메모리반도체액티브,25430,5,-380,-1.47,25473.0,-31.8568,61827,1576,2253,2026-09-03 04:57:03
157500,2,TIGER 증권,12240,2,155,1.28,12265.0,-28.0821,197646,2394,2220,2026-09-03 04:57:03
488980,6,SOL 26-12 회사채(AA-이상)액티브,52140,2,25,0.05,52139.0,0.7247,175,9,2206,2026-09-03 04:57:03
442320,4,RISE 글로벌원자력,34995,2,480,1.39,35083.0,-21.8862,7124,247,2194,2026-09-03 04:57:03
422420,2,RISE 2차전지액티브,6680,2,75,1.14,6683.0,-28.458,189531,1269,2160,2026-09-03 04:57:03
305080,6,TIGER 미국채10년선물,12035,5,-65,-0.54,12044.0,-11.2578,40248,484,2130,2026-09-03 04:57:03
244580,2,KODEX 바이오,8165,5,-65,-0.79,8167.0,-21.6564,219621,1800,2123,2026-09-03 04:57:03
0104N0,2,TIGER 200타겟위클리커버드콜,20310,2,165,0.82,20291.0,-26.5133,19651,398,2112,2026-09-03 04:57:03
414780,4,TIGER 차이나과창판STAR50(합성),13365,5,-80,-0.6,13484.0,-13.4535,23575,315,2078,2026-09-03 04:57:03
486450,4,SOL 미국AI전력인프라,18915,2,255,1.37,18902.0,-24.5146,12465,235,2071,2026-09-03 04:57:03
266160,2,RISE 고배당,32535,2,540,1.69,32556.0,-20.4342,9232,299,2066,2026-09-03 04:57:03
490090,4,TIGER 미국AI빅테크10,15695,2,95,0.61,15657.0,-12.3842,132006,2068,2064,2026-09-03 04:57:03
117700,2,KODEX 건설,6655,2,320,5.05,6653.0,-14.7774,2213136,14477,2056,2026-09-03 04:57:03
498270,4,KIWOOM 미국양자컴퓨팅,13685,5,-30,-0.22,13587.0,-27.6298,21748,297,2046,2026-09-03 04:57:03
466930,2,SOL 자동차TOP3플러스,24790,2,380,1.56,24797.0,-39.4894,123991,3069,2033,2026-09-03 04:57:03
0204D0,2,KODEX 현대차로보틱스밸류체인TOP3플러스,6120,2,135,2.26,6124.0,,435610,2636,2032,2026-09-03 04:57:03
0233J0,7,TIGER 삼성전자SK하이닉스미국채혼합50,10140,2,20,0.2,10150.0,,333192,3381,2028,2026-09-03 04:57:03
433500,2,ACE 원자력TOP10,54710,2,2310,4.41,54726.0,-24.3322,28390,1524,2024,2026-09-03 04:57:03
463050,2,TIME K바이오액티브,12075,5,-265,-2.15,12095.0,-19.8442,173873,2124,2017,2026-09-03 04:57:03
332930,1,HANARO 200TR,137705,2,1765,1.3,137834.0,-26.7979,821,112,1997,2026-09-03 04:57:03
0005A0,4,KODEX 미국S&P500데일리커버드콜OTM,9230,3,0,0.0,9243.0,-9.4337,150708,1390,1994,2026-09-03 04:57:03
0151S0,4,KODEX 미국AI반도체TOP3플러스,14385,2,175,1.23,14407.0,-22.2527,37823,543,1992,2026-09-03 04:57:03
261260,7,KODEX 미국달러선물인버스2X,5510,2,70,1.29,5507.0,21.973,189883,1045,1978,2026-09-03 04:57:03
495060,1,TIME 코리아밸류업액티브,27665,2,425,1.56,27717.0,-30.7927,32925,911,1978,2026-09-03 04:57:03
0115D0,2,KODEX 조선TOP10,7665,2,425,5.87,7678.0,-26.6836,1510189,11283,1970,2026-09-03 04:57:03
267770,3,TIGER 200선물레버리지,77760,2,1990,2.63,77844.0,-56.0627,27442,2136,1944,2026-09-03 04:57:03
302190,6,TIGER 중장기국채,49990,2,100,0.2,49977.0,-0.2998,4779,238,1930,2026-09-03 04:57:03
0192Z0,6,TIGER 중기종합채권(A-이상)액티브,100900,3,0,0.0,100935.0,0.8092,0,0,1927,2026-09-03 04:57:03
0091C0,6,KODEX 미국10년국채액티브(H),9535,2,15,0.16,9534.0,-1.7477,33637,320,1898,2026-09-03 04:57:03
429000,4,TIGER 미국S&P500배당귀족,13280,5,-35,-0.26,13284.0,-1.9352,29689,394,1892,2026-09-03 04:57:03
433980,7,KODEX TDF2040액티브 적격,15670,2,20,0.13,15626.0,-7.1689,18908,296,1880,2026-09-03 04:57:03
394670,4,TIGER 글로벌리튬&2차전지SOLACTIVE(합성),11155,2,35,0.31,11240.0,-21.9376,6757,75,1879,2026-09-03 04:57:03
0047A0,4,TIGER 차이나테크TOP10,12435,5,-165,-1.31,12501.0,-22.7231,83642,1051,1878,2026-09-03 04:57:03
486830,6,HANARO 머니마켓액티브,53300,2,10,0.02,53302.0,0.7944,1716,91,1871,2026-09-03 04:57:03
495550,1,SOL 코리아밸류업TR,32000,2,520,1.65,32039.0,-24.1446,12250,390,1856,2026-09-03 04:57:03
0082V0,7,KODEX TDF2060액티브 적격,11075,5,-5,-0.05,11047.0,-10.3312,49367,547,1844,2026-09-03 04:57:03
412570,2,TIGER 2차전지TOP10레버리지,1298,2,68,5.53,1305.0,-42.5234,7393187,9560,1840,2026-09-03 04:57:03
480040,4,ACE 미국반도체데일리타겟커버드콜(합성),13895,2,140,1.02,13886.0,-27.9653,117154,1623,1834,2026-09-03 04:57:03
0069M0,4,1Q 미국나스닥100,13140,2,5,0.04,13135.0,-14.0043,41012,538,1826,2026-09-03 04:57:03
483290,4,KODEX 미국배당다우존스타겟커버드콜,10300,5,-30,-0.29,10309.0,-0.7997,190218,1960,1813,2026-09-03 04:57:03
494330,2,ACE 라이프자산주주가치액티브,32660,2,430,1.33,32670.0,-5.637,21600,704,1796,2026-09-03 04:57:03
461950,2,KODEX 2차전지핵심소재10,5030,2,105,2.13,5050.0,-27.3713,697690,3503,1781,2026-09-03 04:57:03
122090,1,PLUS 코스피50,78680,2,630,0.81,78835.0,-28.005,31087,2448,1770,2026-09-03 04:57:03
473460,4,KODEX 미국서학개미,22910,2,155,0.68,22823.0,-20.0175,5736,131,1753,2026-09-03 04:57:03
0099L0,6,ACE 우량회사채(AA-이상)액티브,99655,2,45,0.05,99702.0,0.8862,523,52,1738,2026-09-03 04:57:03
0093A0,2,RISE AI반도체TOP10,30890,2,275,0.9,30956.0,-21.5,18368,564,1699,2026-09-03 04:57:03
332500,1,ACE 200TR,70570,2,925,1.33,70626.0,-26.928,51572,3644,1694,2026-09-03 04:57:03
490600,4,RISE 미국배당100데일리고정커버드콜,9070,5,-45,-0.49,9074.0,-0.5812,189370,1718,1692,2026-09-03 04:57:03
0040X0,7,SOL 팔란티어미국채커버드콜혼합,9160,5,-225,-2.4,9165.0,-4.2943,122142,1120,1690,2026-09-03 04:57:03
480020,4,ACE 미국빅테크7+데일리타겟커버드콜(합성),10305,2,60,0.59,10235.0,-19.2388,292844,3002,1690,2026-09-03 04:57:03
0005G0,2,IBK K-AI반도체코어테크,48900,5,-555,-1.12,48916.0,-30.9346,9223,453,1687,2026-09-03 04:57:03
200250,4,KIWOOM 인도Nifty50(합성),21200,2,60,0.28,21345.0,-7.3011,23368,495,1675,2026-09-03 04:57:03
0190G0,2,KODEX 반도체타겟위클리커버드콜,8470,2,10,0.12,8485.0,-22.9401,110321,936,1660,2026-09-03 04:57:03
472870,6,RISE 미국30년국채엔화노출(합성 H),6825,2,70,1.04,6851.0,-13.8614,83172,565,1655,2026-09-03 04:57:03
237370,7,KODEX 코리아배당성장채권혼합,15820,2,105,0.67,15835.0,-2.1352,21886,345,1645,2026-09-03 04:57:03
403790,1,MIDAS 코스피액티브,56220,2,1220,2.22,56220.0,-24.4506,39,2,1644,2026-09-03 04:57:03
160580,5,TIGER 구리실물,16050,2,45,0.28,16140.0,-7.9644,32403,519,1637,2026-09-03 04:57:03
0064K0,5,KODEX 금액티브,12630,2,240,1.94,12649.0,-13.6887,40042,502,1615,2026-09-03 04:57:03
0051G0,4,SOL 미국원자력SMR,13185,2,90,0.69,13125.0,-20.0794,16321,215,1615,2026-09-03 04:57:03
272560,6,RISE 단기국공채액티브,114900,2,65,0.06,114897.0,0.6662,8067,926,1575,2026-09-03 04:57:03
337160,2,KODEX 200ESG,46310,2,540,1.18,46324.0,-25.6505,3869,179,1575,2026-09-03 04:57:03
480030,4,ACE 미국500데일리타겟커버드콜(합성),9835,2,10,0.1,9787.0,-11.076,112980,1110,1574,2026-09-03 04:57:03
233160,3,TIGER 코스닥150 레버리지,7150,5,-120,-1.65,7140.0,-51.2081,1384757,9958,1569,2026-09-03 04:57:03
494220,2,UNICORN SK하이닉스밸류체인액티브,44800,2,160,0.36,44845.0,-16.7475,44007,1971,1568,2026-09-03 04:57:03
491610,6,1Q CD금리액티브(합성),104875,2,15,0.01,104863.0,0.7058,1388,145,1555,2026-09-03 04:57:03
464240,6,KIWOOM 26-09회사채(AA-이상)액티브,52415,2,10,0.02,52426.0,0.7007,9,0,1536,2026-09-03 04:57:03
0153K0,2,KODEX 주주환원고배당주,12595,2,330,2.69,12623.0,-1.5264,243545,3068,1524,2026-09-03 04:57:03
491820,2,HANARO 전력설비투자,41000,5,-125,-0.3,41003.0,-25.7806,45460,1859,1497,2026-09-03 04:57:03
143860,2,TIGER 헬스케어,37145,5,-455,-1.21,37199.0,-10.7525,18630,695,1493,2026-09-03 04:57:03
219480,4,KODEX 미국S&P500선물(H),33095,2,240,0.73,33091.0,0.0761,3233,106,1489,2026-09-03 04:57:03
0005D0,2,SOL 전고체배터리&실리콘음극재,14435,2,60,0.42,14464.0,-30.8729,630927,9156,1487,2026-09-03 04:57:03
458210,7,KIWOOM CD금리액티브(합성),110640,2,40,0.04,110595.0,0.7102,111,12,1486,2026-09-03 04:57:03
152870,1,파워 200,105895,2,1340,1.28,105970.0,-26.694,13396,1418,1483,2026-09-03 04:57:03
138520,2,TIGER 삼성그룹,36640,2,555,1.54,36621.0,-22.1216,5183,188,1480,2026-09-03 04:57:03
488720,7,WON 종합채권(AA-이상)액티브,48590,2,65,0.13,48568.0,-0.9088,198,9,1465,2026-09-03 04:57:03
354500,1,ACE 코스닥150,13675,5,-100,-0.73,13714.0,-23.7898,104140,1430,1463,2026-09-03 04:57:03
0048K0,4,KODEX 차이나휴머노이드로봇,8200,2,55,0.68,8164.0,-27.1077,204332,1667,1456,2026-09-03 04:57:03
0127M0,4,ACE 미국대형가치주액티브,12210,2,120,0.99,12184.0,-3.7051,35372,431,1453,2026-09-03 04:57:03
451530,6,TIGER 국고채30년스트립액티브,34440,2,185,0.54,34407.0,-15.5969,4706,162,1442,2026-09-03 04:57:03
245340,4,TIGER 미국다우존스30,35150,2,10,0.03,35156.0,-6.1183,5643,198,1427,2026-09-03 04:57:03
0180V0,4,ACE 미국우주테크액티브,7565,2,80,1.07,7510.0,-44.6581,39470,297,1426,2026-09-03 04:57:03
0199C0,2,ACE 고배당주Plus커버드콜액티브,9495,2,245,2.65,9513.0,-5.0335,485698,4571,1424,2026-09-03 04:57:03
481180,4,SOL 미국AI소프트웨어,15945,5,-135,-0.84,15607.0,-8.1143,103627,1646,1403,2026-09-03 04:57:03
0104H0,7,KoAct 미국나스닥채권혼합50액티브,11420,5,-40,-0.35,11405.0,-14.1574,26144,298,1399,2026-09-03 04:57:03
0151P0,2,RISE 코리아전략산업액티브,13915,2,30,0.22,13928.0,-30.5889,36110,502,1385,2026-09-03 04:57:03
457990,2,PLUS 태양광&ESS,35795,2,105,0.29,35788.0,-17.5751,220888,7891,1378,2026-09-03 04:57:03
0131W0,6,1Q 단기특수은행채액티브,102130,2,20,0.02,102139.0,0.6902,4009,409,1376,2026-09-03 04:57:03
0193G0,1,KoAct 코스피액티브,8150,2,90,1.12,8148.0,-28.26,147804,1196,1353,2026-09-03 04:57:03
0041E0,4,KODEX 미국S&P500액티브,15670,2,20,0.13,15636.0,-16.0715,75845,1187,1348,2026-09-03 04:57:03
271050,5,KODEX WTI원유선물인버스(H),1863,2,5,0.27,1857.0,-8.247,2231478,4138,1342,2026-09-03 04:57:03
495330,1,1Q 코리아밸류업,31135,2,650,2.13,31158.0,-24.4201,3434,106,1339,2026-09-03 04:57:03
476450,6,KIWOOM 머니마켓액티브,52785,2,15,0.03,52790.0,0.7637,1426,75,1339,2026-09-03 04:57:03
498180,6,파워 종합채권(AA-이상)액티브,92970,3,0,0.0,93177.0,-1.3215,0,0,1336,2026-09-03 04:57:03
0184L0,6,PLUS 중기종합채권(A-이상)액티브,100640,2,120,0.12,100619.0,0.6861,11,1,1333,2026-09-03 04:57:03
304660,6,KODEX 미국30년국채울트라선물(H),7250,2,55,0.76,7262.0,-4.0027,16702,120,1327,2026-09-03 04:57:03
139220,2,TIGER 200 건설,7730,2,355,4.81,7738.0,-17.1349,561862,4280,1314,2026-09-03 04:57:03
476030,4,SOL 미국나스닥100,16640,2,15,0.09,16631.0,-13.917,84062,1396,1306,2026-09-03 04:57:03
463290,6,1Q 단기금융채액티브,109280,2,15,0.01,109281.0,0.7607,3009,328,1288,2026-09-03 04:57:03
192090,4,TIGER 차이나CSI300,12150,5,-60,-0.49,12217.0,-15.8802,20139,244,1282,2026-09-03 04:57:03
461500,6,HANARO 종합채권(AA-이상)액티브,104945,2,195,0.19,104875.0,-1.0907,39,4,1278,2026-09-03 04:57:03
0123G0,4,TIGER 미국AI전력SMR,6320,2,110,1.77,6291.0,-27.2834,20894,131,1270,2026-09-03 04:57:03
471760,2,TIGER AI반도체핵심공정,13800,5,-300,-2.13,13806.0,-26.3323,615311,8583,1263,2026-09-03 04:57:03
0092B0,2,SOL 한국원자력SMR,15490,2,685,4.63,15493.0,-18.3173,133407,2031,1262,2026-09-03 04:57:03
182480,7,TIGER 미국MSCI리츠(합성 H),13465,5,-100,-0.74,13640.0,4.7944,8161,109,1259,2026-09-03 04:57:03
0168K0,2,TIGER 기술이전바이오액티브,5925,5,-175,-2.87,5920.0,-24.3646,862625,5164,1257,2026-09-03 04:57:03
0074K0,2,KoAct K수출핵심기업TOP30액티브,16505,5,-95,-0.57,16524.0,-24.5798,24801,410,1246,2026-09-03 04:57:03
0008T0,2,SOL 화장품TOP3플러스,19055,5,-345,-1.78,19095.0,38.4725,1646573,32074,1239,2026-09-03 04:57:03
463680,4,KODEX 미국S&P500테크놀로지,21485,5,-160,-0.74,21589.0,-17.5286,11943,256,1235,2026-09-03 04:57:03
491230,6,PLUS 국공채머니마켓액티브,52512,2,7,0.01,52504.0,0.7483,253,13,1234,2026-09-03 04:57:03
0000Y0,6,HK 26-12 회사채(AA-이상)액티브,101890,2,35,0.03,101883.0,0.6721,160,16,1233,2026-09-03 04:57:03
447620,7,SOL 미국TOP5채권혼합50,15745,2,5,0.03,15730.0,-3.9659,21203,333,1228,2026-09-03 04:57:03
114820,6,TIGER 국채3년,105090,2,145,0.14,105066.0,0.6232,2184,229,1227,2026-09-03 04:57:03
469170,2,ACE 포스코그룹포커스,6020,2,225,3.88,6033.0,-20.5334,656277,3909,1219,2026-09-03 04:57:03
448100,1,WON 200,107850,2,1295,1.22,108018.0,-26.998,25295,2726,1213,2026-09-03 04:57:03
411420,4,KODEX 미국나스닥AI테크액티브,25530,2,140,0.55,25511.0,-18.7315,13889,353,1213,2026-09-03 04:57:03
0191W0,6,HANARO 중기종합채권(A-이상)액티브,100835,3,0,0.0,100915.0,0.8148,0,0,1210,2026-09-03 04:57:03
325010,2,KODEX 성장주,41420,2,355,0.86,41428.0,-26.0357,1767,73,1201,2026-09-03 04:57:03
438570,6,SOL 국고채10년,97955,2,330,0.34,97950.0,-1.2093,8,0,1191,2026-09-03 04:57:03
251340,3,KODEX 코스닥150선물인버스,2515,2,20,0.8,2527.0,14.7126,27577700,69061,1177,2026-09-03 04:57:03
377990,2,TIGER Fn신재생에너지,23360,2,225,0.97,23377.0,-26.276,82729,1911,1168,2026-09-03 04:57:03
319640,4,TIGER 골드선물(H),26075,2,645,2.54,26075.0,-5.8497,11220,291,1160,2026-09-03 04:57:03
328370,1,PLUS 코스피TR,37320,2,445,1.21,37398.0,-25.2938,298,11,1157,2026-09-03 04:57:03
399110,4,SOL 미국S&P500ESG,20625,2,20,0.1,20605.0,-7.9995,7114,146,1155,2026-09-03 04:57:03
367770,2,RISE 수소경제테마,22190,2,535,2.47,22237.0,-28.6256,27535,606,1154,2026-09-03 04:57:03
0181B0,4,HANARO 미국AI메모리반도체TOP4+,9230,2,85,0.93,9243.0,-22.3685,74795,687,1145,2026-09-03 04:57:03
0122W0,6,RISE 26-11 회사채(AA-이상)액티브,51000,2,15,0.03,51003.0,0.7111,41,2,1139,2026-09-03 04:57:03
309230,4,ACE 미국WideMoat동일가중,30755,5,-220,-0.71,30806.0,-2.5141,5787,177,1132,2026-09-03 04:57:03
0209D0,2,KODEX 전고체배터리ESS TOP2플러스,8110,2,100,1.25,8113.0,,779178,6337,1127,2026-09-03 04:57:03
488500,4,TIGER 미국S&P500동일가중,12510,3,0,0.0,12512.0,-5.692,22925,286,1126,2026-09-03 04:57:03
0000J0,2,PLUS 한화그룹주,28300,2,1075,3.95,28343.0,-18.427,56694,1559,1118,2026-09-03 04:57:03
332940,1,HANARO MSCI Korea TR,46550,2,285,0.62,46620.0,-26.9808,195,9,1117,2026-09-03 04:57:03
0085P0,6,ACE 미국10년국채액티브,9625,5,-35,-0.36,9623.0,-11.0166,140104,1348,1117,2026-09-03 04:57:03
0135Y0,6,IBK 중기종합채권(AA-이상)액티브,100320,3,0,0.0,100404.0,0.5411,0,0,1111,2026-09-03 04:57:03
0080Y0,2,SOL 조선TOP3플러스레버리지,8670,2,885,11.37,8709.0,-53.8804,770873,6431,1110,2026-09-03 04:57:03
372330,4,KODEX 차이나항셍테크,6660,5,-80,-1.19,6666.0,-20.6994,22823,153,1106,2026-09-03 04:57:03
455860,2,SOL 2차전지소부장Fn,4580,2,125,2.81,4588.0,-28.9474,529485,2413,1095,2026-09-03 04:57:03
203780,4,TIGER 미국나스닥바이오,36015,2,225,0.63,35934.0,10.9767,14657,527,1080,2026-09-03 04:57:03
326240,2,RISE IT플러스,41725,5,-75,-0.18,41764.0,-28.0551,8173,341,1077,2026-09-03 04:57:03
304940,4,KODEX 미국나스닥100선물(H),32120,2,265,0.83,32074.0,-5.3906,2092,67,1076,2026-09-03 04:57:03
464930,4,TIGER 글로벌혁신블루칩TOP10,20690,2,10,0.05,20746.0,-9.7535,1389,28,1076,2026-09-03 04:57:03
0221V0,6,IBK 초단기채권액티브,100460,2,15,0.01,100479.0,,122,12,1074,2026-09-03 04:57:03
0193M0,6,BNK 27-12 특수채(AAA이상)액티브,50390,3,0,0.0,50378.0,,0,0,1065,2026-09-03 04:57:03
0138Y0,7,PLUS 금채권혼합,9785,2,90,0.93,9757.0,-6.5993,91744,895,1062,2026-09-03 04:57:03
0091M0,6,HANARO 27-06 회사채(AA-이상)액티브,10165,3,0,0.0,10165.0,0.6934,2361,23,1060,2026-09-03 04:57:03
0132K0,7,PLUS 테슬라위클리커버드콜채권혼합,7995,5,-60,-0.74,7984.0,-5.3168,191919,1534,1059,2026-09-03 04:57:03
168580,4,ACE 중국본토CSI300,33650,2,10,0.03,33828.0,-15.7421,469,15,1050,2026-09-03 04:57:03
464310,4,TIGER 글로벌AI&로보틱스 INDXX,13365,2,55,0.41,13399.0,-23.3516,10106,134,1049,2026-09-03 04:57:03
0232A0,6,MIDAS 머니마켓액티브,100050,3,0,0.0,100120.0,,0,0,1041,2026-09-03 04:57:03
266370,2,KODEX IT,64965,5,-120,-0.18,64987.0,-28.5213,21242,1389,1039,2026-09-03 04:57:03
0036R0,4,RISE 미국휴머노이드로봇,18520,2,320,1.76,18487.0,-17.4582,11904,219,1037,2026-09-03 04:57:03
0174B0,7,KoAct 글로벌AI메모리반도체액티브,13610,2,80,0.59,13629.0,-23.8176,22289,303,1028,2026-09-03 04:57:03
496090,1,KIWOOM 코리아밸류업,31335,2,705,2.3,31349.0,-24.2127,98,3,1018,2026-09-03 04:57:03
465780,6,마이티 26-09 특수채(AAA)액티브,106395,3,0,0.0,106429.0,0.686,0,0,1014,2026-09-03 04:57:03
475280,6,ACE 8월만기자동연장회사채AA-이상액티브,10735,2,5,0.05,10743.0,0.7795,9,0,1011,2026-09-03 04:57:03
0137V0,4,KIWOOM 미국S&P500모멘텀,11105,2,10,0.09,11130.0,-14.244,69349,769,1011,2026-09-03 04:57:03
394660,4,TIGER 글로벌자율주행&전기차SOLACTIVE,15395,2,75,0.49,15445.0,-26.4699,7037,107,1010,2026-09-03 04:57:03
475050,2,ACE KPOP포커스,6805,2,100,1.49,6804.0,-16.2399,415638,2845,997,2026-09-03 04:57:03
261270,7,KODEX 미국달러선물인버스,8225,2,45,0.55,8225.0,10.9152,97130,800,994,2026-09-03 04:57:03
465610,4,ACE 미국빅테크TOP7 Plus레버리지(합성),41255,5,-80,-0.19,41248.0,-22.2296,3049,125,990,2026-09-03 04:57:03
476850,1,KoAct 배당성장액티브,20790,2,90,0.43,20829.0,-19.5134,28216,586,988,2026-09-03 04:57:03
114100,6,RISE 국고채3년,106575,2,120,0.11,106592.0,0.5788,8,0,965,2026-09-03 04:57:03
481430,6,RISE 국고채10년액티브,97915,2,380,0.39,97906.0,-1.3603,2645,258,961,2026-09-03 04:57:03
211900,2,KODEX 코리아배당성장,28845,2,660,2.34,28868.0,-11.0309,8875,254,952,2026-09-03 04:57:03
0007N0,1,아이엠에셋 200,105585,2,1505,1.45,105489.0,-26.9758,39,4,950,2026-09-03 04:57:03
195980,4,PLUS 신흥국MSCI(합성 H),15275,2,220,1.46,15337.0,-4.2608,9741,148,950,2026-09-03 04:57:03
473440,6,ACE 11월만기자동연장회사채AA-이상액티브,10845,5,-5,-0.05,10852.0,0.7895,86,0,944,2026-09-03 04:57:03
0176E0,4,RISE 미국AI전력인프라액티브,9055,2,80,0.89,9064.0,-30.3454,8633,78,942,2026-09-03 04:57:03
433970,7,KODEX TDF2030액티브 적격,13840,3,0,0.0,13820.0,-5.0561,8994,124,934,2026-09-03 04:57:03
0052T0,6,1Q 중단기회사채(A-이상)액티브,50725,2,10,0.02,50736.0,0.805,28,1,930,2026-09-03 04:57:03
308620,6,KODEX 미국10년국채선물,11310,5,-45,-0.4,11315.0,-11.0807,23937,270,927,2026-09-03 04:57:03
325020,2,KODEX 배당가치,29625,2,710,2.46,29669.0,-14.6089,2403,71,918,2026-09-03 04:57:03
0177X0,2,ACE K휴머노이드로봇산업TOP2+,8950,2,105,1.19,8957.0,-43.3013,149079,1333,917,2026-09-03 04:57:03
0142D0,4,TIGER 미국AI데이터센터TOP4Plus,9760,2,315,3.34,9734.0,-40.1458,89078,867,903,2026-09-03 04:57:03
0066W0,5,SOL 국제금,12765,2,260,2.08,12653.0,-13.9071,78264,992,900,2026-09-03 04:57:03
269540,4,PLUS 미국S&P500(H),29990,2,220,0.74,29976.0,-1.3259,3868,115,900,2026-09-03 04:57:03
0035T0,7,PLUS 글로벌휴머노이드로봇액티브,18535,2,180,0.98,18531.0,-29.9428,9361,172,899,2026-09-03 04:57:03
468380,6,KODEX iShares미국하이일드액티브,10740,5,-55,-0.51,10730.0,-9.3045,40497,434,896,2026-09-03 04:57:03
143850,4,TIGER 미국S&P500선물(H),77240,2,465,0.61,77239.0,-0.4926,1127,86,888,2026-09-03 04:57:03
453080,4,KIWOOM 미국나스닥100(H),22660,2,180,0.8,22631.0,-5.6723,1373,31,884,2026-09-03 04:57:03
454320,2,HANARO CAPEX설비투자iSelect,41060,2,1100,2.75,41027.0,-19.7752,640,25,883,2026-09-03 04:57:03
204480,4,TIGER 차이나CSI300레버리지(합성),23530,2,100,0.43,23666.0,-32.42,275,6,875,2026-09-03 04:57:03
444490,4,WON 미국S&P500,19825,5,-15,-0.08,19843.0,-9.2822,28052,555,872,2026-09-03 04:57:03
298770,4,KODEX 한국대만IT프리미어,79250,5,-260,-0.33,79695.0,-19.372,15986,1272,872,2026-09-03 04:57:03
329670,7,KODEX TRF7030,21710,5,-35,-0.16,21748.0,-6.1836,6732,146,868,2026-09-03 04:57:03
108450,2,ACE 삼성그룹섹터가중,39350,2,390,1.0,39458.0,-21.6334,10923,429,866,2026-09-03 04:57:03
460960,7,ACE 글로벌인컴TOP10,10840,5,-55,-0.5,10864.0,-8.9594,186437,2029,856,2026-09-03 04:57:03
486240,2,DAISHIN AI반도체&인프라액티브,27600,2,20,0.07,27568.0,-20.3696,179,4,856,2026-09-03 04:57:03
495040,1,PLUS 코리아밸류업,30895,2,350,1.15,31094.0,-24.0977,73,2,850,2026-09-03 04:57:03
130730,6,KIWOOM 단기자금,103045,2,20,0.02,103045.0,0.6742,65,6,835,2026-09-03 04:57:03
453330,4,RISE 미국S&P500(H),18140,2,115,0.64,18126.0,0.5052,8795,159,834,2026-09-03 04:57:03
329660,7,KODEX TRF5050,17680,5,-20,-0.11,17716.0,-4.06,3248,57,831,2026-09-03 04:57:03
461460,6,PLUS 국고채10년액티브,51205,2,205,0.4,51200.0,-1.4398,26,1,831,2026-09-03 04:57:03
438560,6,SOL 국고채3년,100390,2,175,0.17,100388.0,0.5871,4,0,822,2026-09-03 04:57:03
0018C0,2,PLUS 고배당주위클리고정커버드콜,11005,2,170,1.57,11027.0,-2.5763,46905,514,820,2026-09-03 04:57:03
0017Y0,6,1Q 종합채권(AA-이상)액티브,93820,2,145,0.15,93789.0,-1.3065,2003,187,819,2026-09-03 04:57:03
0162L0,4,KODEX 차이나AI반도체TOP10,12875,5,-225,-1.72,12908.0,-20.5919,542146,7024,818,2026-09-03 04:57:03
138530,2,TIGER LG그룹플러스,12470,2,215,1.75,12498.0,-28.3334,60570,754,816,2026-09-03 04:57:03
0197X0,2,SOL SK하이닉스선물단일종목인버스2X,7515,5,-125,-1.64,7514.0,-48.5869,4930529,36873,812,2026-09-03 04:57:03
0098N0,2,PLUS 자사주매입고배당주,13415,2,350,2.68,13444.0,3.28,56719,760,805,2026-09-03 04:57:03
479620,4,SOL 미국AI반도체칩메이커,23575,2,175,0.75,23581.0,-24.8193,5600,131,802,2026-09-03 04:57:03
485690,4,RISE 미국AI밸류체인TOP3Plus,21010,2,65,0.31,20968.0,-20.9929,4737,99,798,2026-09-03 04:57:03
359210,1,KODEX 코스피TR,34490,2,405,1.19,34514.0,-25.1866,750,25,793,2026-09-03 04:57:03
210780,2,TIGER 코스피고배당,23940,2,535,2.29,23960.0,-2.8957,13481,321,790,2026-09-03 04:57:03
449770,4,KIWOOM 미국S&P500,20725,2,20,0.1,20706.0,-9.2359,430119,8903,788,2026-09-03 04:57:03
492500,7,1Q 현대차그룹채권(A+이상)&국고통안,51365,2,55,0.11,51364.0,0.5881,978,50,782,2026-09-03 04:57:03
458030,6,WON 국공채머니마켓액티브,55050,5,-10,-0.02,55055.0,0.7133,213,11,781,2026-09-03 04:57:03
364960,2,TIGER BBIG,6525,2,60,0.93,6512.0,-17.8004,3710,24,780,2026-09-03 04:57:03
0057H0,7,PLUS 미국S&P500미국채혼합50액티브,11460,5,-45,-0.39,11469.0,-9.1484,105035,1204,779,2026-09-03 04:57:03
0049M0,4,ACE 미국배당퀄리티+커버드콜액티브,11025,5,-15,-0.14,11049.0,-8.2015,18242,201,777,2026-09-03 04:57:03
157490,2,TIGER 소프트웨어,8250,5,-65,-0.78,8250.0,-26.6755,53294,442,772,2026-09-03 04:57:03
337140,2,KODEX 코스피대형주,35075,2,275,0.79,35127.0,-25.9669,9305,326,772,2026-09-03 04:57:03
490480,2,SOL K방산,28005,2,1005,3.72,28041.0,-20.9718,16000,441,770,2026-09-03 04:57:03
495750,1,HANARO 코리아밸류업,31280,2,475,1.54,31301.0,-23.8052,62,1,766,2026-09-03 04:57:03
473640,4,HANARO 글로벌금채굴기업,35065,2,1200,3.54,34524.0,-1.8549,16800,583,754,2026-09-03 04:57:03
228810,2,TIGER 미디어컨텐츠,3065,2,5,0.16,3069.0,-17.0732,115124,355,744,2026-09-03 04:57:03
0080X0,7,SOL 미국S&P500미국채혼합50,10755,5,-45,-0.42,10780.0,-10.2138,111996,1207,742,2026-09-03 04:57:03
434960,1,DAISHIN K200,105935,2,1685,1.62,105701.0,-26.466,2282,239,742,2026-09-03 04:57:03
272910,6,ACE 중장기국공채액티브,105995,2,110,0.1,106006.0,0.3792,5,0,740,2026-09-03 04:57:03
469060,4,RISE 미국반도체NYSE,32815,2,265,0.81,32739.0,-21.9423,5686,185,738,2026-09-03 04:57:03
365040,1,TIGER AI코리아그로스액티브,35065,2,430,1.24,35068.0,-24.5179,5961,208,736,2026-09-03 04:57:03
211560,2,TIGER 배당성장,36145,2,675,1.9,36159.0,-9.5218,5106,183,727,2026-09-03 04:57:03
0233A0,7,ACE 삼성전자SK하이닉스플러스채권혼합50,10160,2,10,0.1,10186.0,,395740,4038,721,2026-09-03 04:57:03
0102A0,4,TIGER 미국AI소프트웨어TOP4Plus,8790,2,10,0.11,8603.0,-14.7159,119030,1044,721,2026-09-03 04:57:03
0022T0,4,SOL 국제금커버드콜액티브,13095,2,265,2.07,12966.0,-13.8346,50535,657,720,2026-09-03 04:57:03
441540,2,HANARO Fn조선해운,26675,2,1250,4.92,26665.0,-19.2217,10587,277,720,2026-09-03 04:57:03
298340,6,PLUS 국채선물3년,56490,2,55,0.1,56462.0,1.1289,11,0,707,2026-09-03 04:57:03
412770,4,TIGER 글로벌AI플랫폼액티브,11855,5,-45,-0.38,11948.0,-29.7106,34749,416,704,2026-09-03 04:57:03
228800,2,TIGER 여행레저,2705,3,0,0.0,2703.0,-6.0764,59723,161,700,2026-09-03 04:57:03
475310,2,SOL 반도체후공정,25745,5,-195,-0.75,25765.0,-18.3635,83073,2150,695,2026-09-03 04:57:03
475350,4,RISE 버크셔포트폴리오TOP10,14475,5,-10,-0.07,14416.0,-2.4164,70982,1024,695,2026-09-03 04:57:03
292190,1,KODEX KRX300,46275,2,410,0.89,46310.0,-26.8112,6777,313,694,2026-09-03 04:57:03
0113D0,4,TIME 글로벌탑픽액티브,11755,5,-20,-0.17,11800.0,-9.0383,13053,153,694,2026-09-03 04:57:03
440640,6,ACE 단기채권알파액티브,112720,2,35,0.03,112720.0,0.8276,145,16,680,2026-09-03 04:57:03
266420,2,KODEX 헬스케어,16875,5,-155,-0.91,16892.0,-10.791,5972,101,675,2026-09-03 04:57:03
465330,2,RISE 2차전지TOP10,11385,2,250,2.25,11403.0,-21.3075,132010,1505,675,2026-09-03 04:57:03
0098Z0,1,FOCUS 200,89910,2,1315,1.48,89712.0,-26.2551,65,5,674,2026-09-03 04:57:03
458750,4,TIGER 미국배당다우존스타겟커버드콜1호,13050,5,-20,-0.15,13066.0,-1.5954,10448,136,672,2026-09-03 04:57:03
0198A0,2,KIWOOM 코스닥150커버드콜액티브,8435,5,-70,-0.82,8430.0,,560451,4736,671,2026-09-03 04:57:03
278620,6,PLUS 단기채권액티브,119095,2,25,0.02,119086.0,0.8384,47,5,667,2026-09-03 04:57:03
0190Y0,4,TIGER 구글밸류체인,8220,5,-75,-0.9,8225.0,-25.939,33623,276,666,2026-09-03 04:57:03
0225V0,4,KODEX 미국CPU반도체TOP10,9435,2,55,0.59,9473.0,,15032,141,656,2026-09-03 04:57:03
433880,7,PLUS TDF2060액티브 적격,18265,2,40,0.22,18237.0,-10.1172,6704,122,656,2026-09-03 04:57:03
0210E0,2,PLUS 200커버드콜액티브,7110,2,65,0.92,7117.0,,233577,1657,647,2026-09-03 04:57:03
100910,1,KIWOOM KRX100,16530,2,230,1.41,16536.0,-27.4949,878,14,645,2026-09-03 04:57:03
491700,1,HK 200,105895,2,1525,1.46,105927.0,-26.5466,198,20,635,2026-09-03 04:57:03
277640,2,TIGER 코스피대형주,36270,2,400,1.12,36318.0,-26.7526,4246,154,635,2026-09-03 04:57:03
0123S0,2,HANARO 26-12 은행채(AA+이상)액티브,10185,5,-10,-0.1,10191.0,0.7909,109,1,631,2026-09-03 04:57:03
0115E0,2,KODEX 코리아소버린AI,14255,5,-20,-0.14,14251.0,-21.9598,35709,509,627,2026-09-03 04:57:03
419890,6,KIWOOM 단기채권ESG액티브,107585,2,45,0.04,107574.0,0.6975,2068,222,624,2026-09-03 04:57:03
292770,6,KODEX 국채선물3년인버스,57845,3,0,0.0,57799.0,0.1471,0,0,621,2026-09-03 04:57:03
455660,6,ACE 미국하이일드액티브(H),9410,3,0,0.0,9402.0,0.212,6549,61,621,2026-09-03 04:57:03
0000D0,7,TIGER 엔비디아미국채커버드콜밸런스(합성),8910,2,25,0.28,8934.0,-12.7486,28036,249,615,2026-09-03 04:57:03
453950,4,TIGER TSMC파운드리밸류체인,31425,5,-55,-0.17,31287.0,-13.8715,14635,457,613,2026-09-03 04:57:03
453640,4,KODEX 미국S&P500헬스케어,14200,2,40,0.28,14207.0,5.7171,20177,286,611,2026-09-03 04:57:03
261240,7,KODEX 미국달러선물,14045,5,-90,-0.64,14061.0,-9.0997,43480,610,600,2026-09-03 04:57:03
476750,6,ACE 미국30년국채엔화노출액티브(H),7375,2,100,1.37,7374.0,-13.8129,87779,644,597,2026-09-03 04:57:03
275980,4,TIGER 글로벌4차산업혁신기술(합성 H),23410,2,70,0.3,23463.0,-5.1413,229,5,595,2026-09-03 04:57:03
150460,2,TIGER 중국소비테마,7850,5,-50,-0.63,7861.0,9.1914,12308,97,593,2026-09-03 04:57:03
0040S0,4,HANARO 글로벌피지컬AI액티브,23130,5,-90,-0.39,23062.0,-23.6812,5116,118,590,2026-09-03 04:57:03
0172V0,5,1Q 은액티브,8480,2,215,2.6,8380.0,-24.1744,64821,545,589,2026-09-03 04:57:03
140700,2,KODEX 보험,22505,2,1135,5.31,22507.0,2.9068,662954,14749,585,2026-09-03 04:57:03
479730,4,TIGER 인도빌리언컨슈머,9840,2,50,0.51,9863.0,-2.694,1677,16,581,2026-09-03 04:57:03
306950,3,KODEX KRX300레버리지,71840,5,-460,-0.64,71751.0,-54.1724,1468,105,575,2026-09-03 04:57:03
495940,4,RISE 미국AI테크액티브,18745,2,155,0.83,18555.0,-24.0391,55913,1044,572,2026-09-03 04:57:03
252400,3,RISE 200선물레버리지,94385,2,2425,2.64,94253.0,-55.7033,11546,1082,566,2026-09-03 04:57:03
225040,4,TIGER 미국S&P500레버리지(합성 H),67392,2,812,1.22,67332.0,-0.5007,2892,194,566,2026-09-03 04:57:03
0166S0,2,PLUS K제조업핵심기업액티브,10560,2,75,0.72,10564.0,-30.9744,9534,100,565,2026-09-03 04:57:03
491220,1,PLUS 200TR,124525,2,1320,1.07,124685.0,-27.1085,4225,527,560,2026-09-03 04:57:03
401470,2,KODEX 메타버스액티브,9550,2,25,0.26,9541.0,-17.4611,8336,79,559,2026-09-03 04:57:03
0181L0,4,SOL 미국우주항공TOP10,6860,2,220,3.31,6798.0,-47.942,36162,246,556,2026-09-03 04:57:03
261070,2,TIGER 코스닥150바이오테크,12035,5,-305,-2.47,12035.0,-22.8991,107945,1310,554,2026-09-03 04:57:03
0111J0,2,HANARO 증권고배당TOP3플러스,12365,2,190,1.56,12375.0,-26.7097,16113,197,550,2026-09-03 04:57:03
455960,6,RISE 미국달러SOFR금리액티브(합성),11935,5,-95,-0.79,11937.0,-8.0978,1135,13,547,2026-09-03 04:57:03
385590,2,ACE ESG액티브,23400,2,475,2.07,23334.0,-21.0028,343,7,538,2026-09-03 04:57:03
0141S0,2,SOL 조선기자재,8345,2,210,2.58,8359.0,-22.7813,56117,465,534,2026-09-03 04:57:03
278240,3,RISE 코스닥150선물레버리지,7280,5,-80,-1.09,7276.0,-51.0313,29773,217,531,2026-09-03 04:57:03
0113P0,6,HK 머니마켓액티브,102445,2,25,0.02,102445.0,0.7376,10,1,531,2026-09-03 04:57:03
0226A0,7,PLUS SK하이닉스샌디스크채권혼합50,10575,2,45,0.43,10660.0,,35009,370,529,2026-09-03 04:57:03
0046Y0,4,ACE 미국배당퀄리티,12375,2,5,0.04,12403.0,-8.698,10107,125,526,2026-09-03 04:57:03
442560,7,RISE TDF2040액티브 적격,16145,5,-15,-0.09,16077.0,-8.8051,6401,103,525,2026-09-03 04:57:03
101280,4,KODEX 일본TOPIX100,30295,2,265,0.88,30346.0,-4.447,3541,106,521,2026-09-03 04:57:03
445150,2,KODEX 친환경조선해운액티브,28085,2,1055,3.9,28136.0,-20.531,4061,113,520,2026-09-03 04:57:03
304780,3,HANARO 200선물레버리지,115140,2,3105,2.77,114832.0,-55.5981,1999,228,518,2026-09-03 04:57:03
0139P0,2,ACE 고배당주,14000,2,390,2.87,14029.0,-0.9364,22204,309,518,2026-09-03 04:57:03
261220,5,KODEX WTI원유선물(H),25480,5,-75,-0.29,25526.0,3.1899,69686,1781,516,2026-09-03 04:57:03
440910,4,WON 미국우주항공방산,23295,5,-390,-1.65,23319.0,-17.6747,4413,102,512,2026-09-03 04:57:03
0000Z0,2,RISE 바이오TOP10액티브,8570,5,-235,-2.67,8573.0,-28.2981,141961,1226,510,2026-09-03 04:57:03
0118Z0,4,ACE 미국AI테크핵심산업액티브,8535,2,65,0.77,8462.0,-22.1508,5031,42,508,2026-09-03 04:57:03
114470,6,KIWOOM 국고채3년,107970,2,110,0.1,107954.0,0.627,11,1,507,2026-09-03 04:57:03
475260,6,ACE 2월만기자동연장회사채AA-이상액티브,10755,2,5,0.05,10751.0,0.6554,4,0,507,2026-09-03 04:57:03
218420,4,KODEX 미국S&P500에너지(합성),20520,5,-160,-0.77,20595.0,3.8152,12986,267,504,2026-09-03 04:57:03
0185L0,4,TIME 글로벌휴머노이드로봇산업액티브,7140,2,60,0.85,7150.0,-32.6677,24674,175,500,2026-09-03 04:57:03
360140,2,KODEX 200롱코스닥150숏선물,22615,2,425,1.92,22645.0,-7.5225,6690,150,498,2026-09-03 04:57:03
123310,3,TIGER 인버스,1167,5,-13,-1.1,1166.0,13.8996,1828909,2133,496,2026-09-03 04:57:03
0041D0,4,KODEX 미국AI소프트웨어TOP10,13170,2,145,1.11,12632.0,-15.4599,106327,1396,494,2026-09-03 04:57:03
480310,4,TIGER 글로벌온디바이스AI,18560,2,110,0.6,18614.0,-26.4091,4295,79,492,2026-09-03 04:57:03
275300,2,KODEX 우량주,28910,2,85,0.29,28922.0,-23.9431,664,19,491,2026-09-03 04:57:03
418670,4,TIGER 글로벌AI사이버보안,16895,5,-180,-1.05,16690.0,-4.3953,48740,819,487,2026-09-03 04:57:03
447430,2,ACE 주주환원가치주액티브,16450,2,150,0.92,16496.0,0.4073,8880,145,485,2026-09-03 04:57:03
253150,3,PLUS 200선물레버리지,189095,2,5605,3.05,188453.0,-55.3482,2887,542,473,2026-09-03 04:57:03
0194T0,2,ACE SK하이닉스단일종목레버리지,7910,2,120,1.54,7930.0,-69.917,42408,338,473,2026-09-03 04:57:03
336160,6,RISE 금융채액티브,100150,2,80,0.08,100124.0,0.5536,87,8,470,2026-09-03 04:57:03
0086B0,2,TIGER 리츠부동산인프라TOP10액티브,9560,2,70,0.74,9595.0,1.0776,11574,110,468,2026-09-03 04:57:03
0132H0,4,KODEX 미국원자력SMR,8000,3,0,0.0,7939.0,-26.5719,22790,182,464,2026-09-03 04:57:03
140950,1,파워 코스피100,82445,2,1080,1.33,82468.0,-27.0431,172,14,462,2026-09-03 04:57:03
0118S0,4,SOL 미국넥스트테크TOP10액티브,10025,2,85,0.86,9998.0,-36.1183,3819,38,461,2026-09-03 04:57:03
261120,7,TIGER 미국달러선물인버스2X,5485,2,95,1.76,5466.0,21.3963,11939,65,461,2026-09-03 04:57:03
0178H0,7,IBK 미국AI TOP10국채혼합50,9800,2,70,0.72,9821.0,-7.9813,6570,64,461,2026-09-03 04:57:03
152500,3,ACE 레버리지,41680,2,1150,2.84,41698.0,-55.8112,15330,637,458,2026-09-03 04:57:03
316670,1,KIWOOM 코스닥150,6770,5,-50,-0.73,6780.0,-23.9264,24544,166,458,2026-09-03 04:57:03
196030,4,ACE 일본TOPIX레버리지(H),91285,2,1885,2.11,90950.0,6.7845,135,12,456,2026-09-03 04:57:03
200030,4,KODEX 미국S&P500산업재(합성),40345,5,-180,-0.44,40511.0,-9.9645,1097,44,455,2026-09-03 04:57:03
371470,4,TIGER 차이나바이오테크SOLACTIVE,8415,2,70,0.84,8450.0,5.6329,61445,518,454,2026-09-03 04:57:03
256750,4,KODEX 차이나심천ChiNext(합성),14735,5,-95,-0.64,14786.0,-26.3472,1855,27,451,2026-09-03 04:57:03
442260,1,마이티 다이나믹퀀트액티브,36340,2,180,0.5,36444.0,-26.2568,81,2,451,2026-09-03 04:57:03
0197W0,2,SOL SK하이닉스단일종목레버리지,7745,2,95,1.24,7771.0,-70.5996,100240,778,449,2026-09-03 04:57:03
305050,1,ACE 코스피,69030,2,710,1.04,69082.0,-24.9231,1008,69,449,2026-09-03 04:57:03
287180,4,PLUS 미국나스닥테크,52720,5,-490,-0.92,52672.0,-15.8137,1536,80,448,2026-09-03 04:57:03
475270,6,ACE 5월만기자동연장회사채AA-이상액티브,10735,3,0,0.0,10736.0,0.7035,0,0,448,2026-09-03 04:57:03
461340,4,HANARO 글로벌생성형AI액티브,40600,2,310,0.77,40347.0,-19.0721,244,9,447,2026-09-03 04:57:03
429760,4,PLUS 미국S&P500,19275,2,20,0.1,19263.0,-9.077,1701,32,443,2026-09-03 04:57:03
0020H0,4,KoAct 글로벌양자컴퓨팅액티브,20370,2,140,0.69,20447.0,-35.0562,8969,182,438,2026-09-03 04:57:03
442090,2,에셋플러스 코리아대장장이액티브,29080,2,480,1.68,29035.0,-19.1863,27,0,436,2026-09-03 04:57:03
473490,4,KIWOOM 글로벌AI반도체,28980,2,125,0.43,28946.0,-19.3634,606,17,435,2026-09-03 04:57:03
276990,4,KODEX 글로벌로봇(합성),24520,5,-490,-1.96,24584.0,-19.4655,4371,107,434,2026-09-03 04:57:03
453650,4,KODEX 미국S&P500금융,19235,3,0,0.0,19192.0,1.8048,15078,289,433,2026-09-03 04:57:03
375770,2,KODEX 탄소효율그린뉴딜,24015,2,520,2.21,23972.0,-24.9375,75,1,432,2026-09-03 04:57:03
473590,4,ACE 미국주식베스트셀러,17980,2,60,0.33,17969.0,-28.1476,18766,336,432,2026-09-03 04:57:03
292560,7,TIGER 일본엔선물,7985,2,45,0.57,7977.0,-9.6187,126271,1005,431,2026-09-03 04:57:03
472830,6,RISE 미국30년국채커버드콜(합성),7765,3,0,0.0,7753.0,-13.5963,9301,72,431,2026-09-03 04:57:03
0141T0,6,SOL 중기종합채권(AA-이상)액티브,50285,2,50,0.1,50264.0,0.6915,2,0,428,2026-09-03 04:57:03
0186S0,7,1Q 코스닥150채권혼합50액티브,8220,5,-20,-0.24,8239.0,-11.8237,201745,1658,427,2026-09-03 04:57:03
0089C0,4,KODEX 미국S&P500변동성확대시커버드콜,11210,5,-10,-0.09,11239.0,-9.2853,2583,28,426,2026-09-03 04:57:03
401170,2,RISE 메타버스,10740,5,-35,-0.32,10738.0,-23.8516,862,9,425,2026-09-03 04:57:03
440650,6,ACE 미국달러단기채권액티브,11410,5,-65,-0.57,11416.0,-9.1449,27112,309,422,2026-09-03 04:57:03
238720,4,ACE 일본Nikkei225(H),46750,2,50,0.11,46863.0,-2.9913,704,32,421,2026-09-03 04:57:03
487130,2,KoAct AI인프라액티브,27090,2,90,0.33,27095.0,-25.9869,2375,64,420,2026-09-03 04:57:03
139280,2,TIGER 경기방어,12815,5,-40,-0.31,12834.0,-0.4198,3050,39,418,2026-09-03 04:57:03
0191M0,6,마이티 5월만기자동연장특수채(AAA)액티브,100725,3,0,0.0,100756.0,0.6796,0,0,417,2026-09-03 04:57:03
139320,5,TIGER 금은선물(H),18470,2,455,2.53,18191.0,-7.3303,9783,179,416,2026-09-03 04:57:03
0189B0,5,TIGER 은액티브,8125,2,245,3.11,8151.0,-24.8451,29274,236,414,2026-09-03 04:57:03
494840,4,TIGER 미국방산TOP10,12360,5,-195,-1.55,12310.0,-6.2497,14027,173,408,2026-09-03 04:57:03
0007G0,4,PLUS 글로벌원자력밸류체인,13530,2,65,0.48,13544.0,-17.771,8803,119,406,2026-09-03 04:57:03
476260,2,HANARO 반도체핵심공정주도주,12095,5,-105,-0.86,12100.0,-2.517,185060,2239,405,2026-09-03 04:57:03
0220B0,1,DS 코스닥액티브,9530,5,-35,-0.37,9529.0,,169674,1607,405,2026-09-03 04:57:03
322410,2,HANARO K고배당,23555,2,380,1.64,23575.0,-4.1051,5946,139,400,2026-09-03 04:57:03
183700,7,RISE 200채권혼합50,94945,2,575,0.61,94599.0,-13.2511,2318,219,399,2026-09-03 04:57:03
448570,1,FOCUS AI코리아액티브,29390,2,430,1.48,29443.0,-22.0143,12,0,397,2026-09-03 04:57:03
0112X0,1,마이티 200TR,39515,2,440,1.13,39465.0,-26.6817,280,11,395,2026-09-03 04:57:03
472840,1,IBK 200,104550,2,1380,1.34,104466.0,-26.7157,257,26,392,2026-09-03 04:57:03
428510,4,KODEX 차이나AI테크액티브,23010,5,-295,-1.27,23083.0,-23.4153,10612,245,391,2026-09-03 04:57:03
0085N0,6,ACE 미국10년국채액티브(H),9710,2,25,0.26,9700.0,-1.4247,20897,202,388,2026-09-03 04:57:03
0194M0,2,ACE 삼성전자단일종목레버리지,10140,2,180,1.81,10179.0,-65.6493,9782,99,388,2026-09-03 04:57:03
352540,7,KODEX 일본부동산리츠(H),11230,5,-45,-0.4,11245.0,2.9276,10076,113,382,2026-09-03 04:57:03
147970,2,TIGER 모멘텀,79320,2,1690,2.18,79271.0,-24.6604,418,32,381,2026-09-03 04:57:03
195930,4,TIGER 유로스탁스50(합성 H),23270,2,40,0.17,23407.0,3.8444,4133,96,372,2026-09-03 04:57:03
400970,2,TIGER Fn메타버스,7355,5,-25,-0.34,7349.0,-29.4456,3139,23,371,2026-09-03 04:57:03
276970,4,KODEX 미국S&P500배당귀족커버드콜(합성 H),7860,5,-75,-0.95,7969.0,11.3165,4323,34,369,2026-09-03 04:57:03
275280,2,KODEX 모멘텀주,40950,2,330,0.81,40852.0,-25.7666,2696,110,369,2026-09-03 04:57:03
0154F0,2,WON 초대형IB&금융지주,12605,2,395,3.24,12636.0,-5.3489,9087,113,366,2026-09-03 04:57:03
0192L0,2,RISE SK하이닉스단일종목레버리지,8030,2,105,1.32,8079.0,-69.7404,7449,59,365,2026-09-03 04:57:03
104530,2,KIWOOM 코리아고배당,17795,2,195,1.11,17830.0,-5.2851,7584,134,365,2026-09-03 04:57:03
452250,6,ACE 미국30년국채선물레버리지(합성 H),4700,2,55,1.18,4739.0,-9.2774,5047,23,364,2026-09-03 04:57:03
0207G0,2,SOL 우주항공밸류체인,6170,5,-35,-0.56,6172.0,,299908,1843,364,2026-09-03 04:57:03
0209Z0,2,ACE 코리아AI전력TOP10,6765,2,50,0.74,6767.0,,81267,546,362,2026-09-03 04:57:03
464470,6,PLUS 미국채30년액티브,47105,5,-15,-0.03,47156.0,-13.2161,1126,53,360,2026-09-03 04:57:03
491830,4,TIGER 미국AI반도체팹리스,20460,2,120,0.59,20499.0,-27.3429,2629,53,358,2026-09-03 04:57:03
365000,2,TIGER 인터넷TOP10,3505,3,0,0.0,3505.0,-32.9187,34986,123,356,2026-09-03 04:57:03
449690,4,TIGER 한중반도체(합성),46790,5,-125,-0.27,46439.0,-21.1182,104,4,351,2026-09-03 04:57:03
381560,2,HANARO Fn전기&수소차,17500,2,240,1.39,17486.0,-25.5616,2569,44,350,2026-09-03 04:57:03
352560,7,KODEX 미국부동산리츠(H),12100,5,-30,-0.25,12151.0,1.8032,9733,117,345,2026-09-03 04:57:03
241390,7,RISE V&S셀렉트밸류채권혼합,15670,2,20,0.13,15675.0,-8.3907,1716,26,345,2026-09-03 04:57:03
322400,2,HANARO e커머스,10275,2,90,0.88,10294.0,-11.9326,1533,15,344,2026-09-03 04:57:03
498860,2,RISE 코리아금융고배당,17200,2,450,2.69,17228.0,-8.8849,31811,543,344,2026-09-03 04:57:03
122260,6,KIWOOM 통안채1년,104180,2,15,0.01,104185.0,0.696,15613,1626,344,2026-09-03 04:57:03
450910,1,SOL 코스닥150,13290,5,-115,-0.86,13301.0,-23.9001,18950,251,343,2026-09-03 04:57:03
276650,4,RISE 글로벌테크놀로지(합성 H),45520,5,-110,-0.24,45719.0,-7.2184,16,0,341,2026-09-03 04:57:03
153270,1,KIWOOM 코스피100,80855,2,1270,1.6,80993.0,-27.2304,595,48,340,2026-09-03 04:57:03
415920,5,PLUS 글로벌희토류&전략자원생산기업,7140,2,80,1.13,7148.0,-30.2372,7664,54,336,2026-09-03 04:57:03
449780,4,KIWOOM 미국S&P500(H),18640,2,155,0.84,18627.0,-0.4256,3565,66,336,2026-09-03 04:57:03
385520,2,KODEX 자율주행액티브,15555,2,205,1.34,15536.0,-30.0843,1830,28,334,2026-09-03 04:57:03
474800,4,KIWOOM 미국원유에너지기업,16150,5,-75,-0.46,16126.0,2.743,34785,559,331,2026-09-03 04:57:03
407830,4,에셋플러스 글로벌플랫폼액티브,13785,5,-70,-0.51,13781.0,-18.9767,100,1,331,2026-09-03 04:57:03
138910,5,KODEX 구리선물(H),9990,2,140,1.42,9978.0,-3.5732,17055,170,330,2026-09-03 04:57:03
491090,4,KODEX 미국테크TOP3플러스,17750,2,140,0.8,17735.0,-11.2991,62330,1106,328,2026-09-03 04:57:03
0100K0,2,KODEX 방산TOP10레버리지,5845,2,245,4.38,5872.0,-45.3925,471416,2671,327,2026-09-03 04:57:03
105780,2,RISE 5대그룹주,16340,2,210,1.3,16369.0,-28.5335,1817,29,327,2026-09-03 04:57:03
139270,2,TIGER 200 금융,17725,2,715,4.2,17753.0,-1.7515,61690,1087,326,2026-09-03 04:57:03
475070,4,KoAct 글로벌친환경전력인프라액티브,28300,2,205,0.73,28364.0,-30.4752,5062,142,325,2026-09-03 04:57:03
465350,3,RISE 2차전지TOP10인버스(합성),16260,5,-195,-1.19,16358.0,9.8098,46312,754,325,2026-09-03 04:57:03
380340,2,ACE 코리아AI테크핵심산업,27095,5,-315,-1.15,27124.0,-31.7905,3264,89,325,2026-09-03 04:57:03
261140,2,TIGER 우선주,24215,2,215,0.9,24241.0,-21.9676,4424,107,324,2026-09-03 04:57:03
0184E0,7,1Q 200채권혼합50액티브,10815,2,100,0.93,10831.0,-12.9758,80857,874,324,2026-09-03 04:57:03
099140,4,KODEX 차이나H,20885,5,-265,-1.25,20949.0,-11.1542,2303,48,324,2026-09-03 04:57:03
0023B0,4,PLUS 미국양자컴퓨팅TOP10,15265,5,-40,-0.26,15212.0,-31.9173,3850,58,321,2026-09-03 04:57:03
256440,4,ACE MSCI인도네시아(합성),5235,2,10,0.19,5330.0,-10.6074,12816,66,319,2026-09-03 04:57:03
476690,4,TIGER 글로벌비만치료제TOP2Plus,10615,2,95,0.9,10619.0,-1.9747,6381,67,318,2026-09-03 04:57:03
227540,2,TIGER 200 헬스케어,19400,5,-45,-0.23,19419.0,0.8558,6392,125,318,2026-09-03 04:57:03
0089B0,7,PLUS 미국나스닥100미국채혼합50,10970,5,-35,-0.32,10978.0,-11.5553,107768,1183,318,2026-09-03 04:57:03
0138T0,4,RISE 미국S&P500데일리고정커버드콜,9355,5,-5,-0.05,9363.0,-9.254,14487,135,318,2026-09-03 04:57:03
174360,4,RISE 중국본토대형주CSI100,22695,5,-105,-0.46,22814.0,-16.4223,642,14,318,2026-09-03 04:57:03
469050,4,RISE 미국반도체NYSE(H),30255,2,390,1.31,30237.0,-13.9141,2863,86,318,2026-09-03 04:57:03
459560,4,KODEX 테슬라밸류체인FactSet,20955,5,-155,-0.73,20929.0,-20.9093,1725,36,314,2026-09-03 04:57:03
117680,2,KODEX 철강,12730,2,420,3.41,12745.0,-15.3107,92712,1168,312,2026-09-03 04:57:03
117460,2,KODEX 에너지화학,13905,2,305,2.24,13907.0,-13.9326,145124,2015,311,2026-09-03 04:57:03
266360,2,KODEX K콘텐츠,9730,3,0,0.0,9746.0,-20.115,3220,31,311,2026-09-03 04:57:03
395290,2,HANARO Fn K-POP&미디어,4890,2,50,1.03,4882.0,-18.0356,26659,130,308,2026-09-03 04:57:03
245350,4,TIGER 유로스탁스배당30,19230,5,-275,-1.41,19228.0,-1.2854,1612,31,308,2026-09-03 04:57:03
459750,4,RISE 글로벌주식분산액티브,17545,2,75,0.43,17625.0,-10.2654,2569,45,307,2026-09-03 04:57:03
426150,6,WON 대한민국국고채액티브,50990,2,105,0.21,50970.0,-2.5192,3053,155,307,2026-09-03 04:57:03
271060,5,KODEX 3대농산물선물(H),9295,2,75,0.81,9297.0,13.4769,21147,196,307,2026-09-03 04:57:03
192720,2,파워 고배당저변동성,60110,2,1220,2.07,60239.0,-1.444,3825,229,307,2026-09-03 04:57:03
494410,4,PLUS 미국S&P500성장주,13925,5,-15,-0.11,13958.0,-12.1232,1698,23,306,2026-09-03 04:57:03
248270,4,TIGER S&P글로벌헬스케어(합성),26390,5,-20,-0.08,26542.0,3.4469,3947,105,306,2026-09-03 04:57:03
496770,4,PLUS 글로벌방산,16845,5,-260,-1.52,16848.0,-4.4414,8347,140,303,2026-09-03 04:57:03
395170,2,KODEX Top10동일가중,15160,2,225,1.51,15182.0,-29.757,3617,54,303,2026-09-03 04:57:03
275290,2,KODEX 가치주,33440,2,650,1.98,33435.0,-21.0848,161,5,301,2026-09-03 04:57:03
0192T0,2,SOL 코스닥TOP10,6995,5,-45,-0.64,7003.0,-25.5027,173124,1209,301,2026-09-03 04:57:03
476070,4,KODEX 글로벌비만치료제TOP2 Plus,11100,2,85,0.77,11101.0,-0.9527,10773,119,300,2026-09-03 04:57:03
465660,4,TIGER 일본반도체FACTSET,22995,2,180,0.79,23292.0,-16.7274,4449,101,299,2026-09-03 04:57:03
156080,1,KODEX MSCI Korea,49800,2,600,1.22,49869.0,-27.297,1243,62,299,2026-09-03 04:57:03
468630,6,KODEX iShares미국투자등급회사채액티브,10625,5,-35,-0.33,10621.0,-11.9637,32859,348,299,2026-09-03 04:57:03
0204S0,1,TIGER 코스닥액티브,6550,5,-5,-0.08,6555.0,-26.1825,172646,1127,297,2026-09-03 04:57:03
0150K0,2,KoAct 수소전력ESS인프라액티브,10400,2,70,0.68,10406.0,-23.623,10053,104,296,2026-09-03 04:57:03
261250,7,KODEX 미국달러선물레버리지,15435,5,-175,-1.12,15459.0,-18.2509,156853,2419,296,2026-09-03 04:57:03
0083S0,4,1Q 미국메디컬AI,10420,2,40,0.39,10437.0,-1.8255,1617,16,292,2026-09-03 04:57:03
469790,2,KIWOOM 코리아테크TOP10,41510,2,165,0.4,41472.0,-29.0878,464,19,291,2026-09-03 04:57:03
252710,3,TIGER 200선물인버스2X,88,5,-2,-2.22,88.0,12.5,78642818,6920,290,2026-09-03 04:57:03
289480,3,TIGER 200커버드콜,12565,2,100,0.8,12641.0,6.6378,15335,192,289,2026-09-03 04:57:03
145850,2,TREX 펀더멘탈 200,115225,3,0,0.0,117668.0,-21.2832,0,0,288,2026-09-03 04:57:03
464920,4,PLUS 일본반도체소부장,22930,2,195,0.86,23168.0,-11.0002,13545,308,287,2026-09-03 04:57:03
0155M0,4,ACE 미국SMR원자력TOP10,6820,2,180,2.71,6811.0,-27.9045,35464,242,286,2026-09-03 04:57:03
0203S0,7,WON 삼성전자현대차채권혼합50,8540,2,40,0.47,8542.0,-19.9247,15154,129,286,2026-09-03 04:57:03
0107F0,4,KIWOOM 미국고배당&AI테크,11200,2,50,0.45,11259.0,-7.4578,1603,17,286,2026-09-03 04:57:03
446690,4,KODEX 아시아AI반도체exChina액티브,56890,5,-310,-0.54,56893.0,-26.3386,4707,268,284,2026-09-03 04:57:03
0218J0,7,RISE 미국우주&로봇TOP2미국채혼합50,8860,5,-45,-0.51,8864.0,,73650,650,284,2026-09-03 04:57:03
415340,4,KODEX 차이나과창판STAR50(합성),13695,5,-170,-1.23,13769.0,-13.0176,27562,378,283,2026-09-03 04:57:03
0155N0,2,HANARO K휴머노이드테마TOP10,7240,2,120,1.69,7241.0,-41.7349,25968,188,282,2026-09-03 04:57:03
450190,4,KODEX 한중반도체(합성),47040,5,-60,-0.13,46848.0,-20.7071,448,21,282,2026-09-03 04:57:03
223190,2,KODEX 200가치저변동,28015,2,550,2.0,28006.0,-20.9081,88,2,280,2026-09-03 04:57:03
0192M0,2,RISE 삼성전자단일종목레버리지,10280,2,110,1.08,10332.0,-65.0336,10388,108,278,2026-09-03 04:57:03
0013R0,7,RISE 테슬라미국채타겟커버드콜혼합(합성),7680,5,-25,-0.32,7666.0,-14.8831,5778,44,276,2026-09-03 04:57:03
387270,4,TIGER 글로벌이노베이션액티브,23585,2,65,0.28,23639.0,-24.3365,538,12,274,2026-09-03 04:57:03
489290,4,WON 미국빌리어네어,14645,2,90,0.62,14654.0,-13.2857,938,13,271,2026-09-03 04:57:03
0049K0,7,ACE 미국배당퀄리티채권혼합50,11015,2,5,0.05,11030.0,-4.8282,5202,57,270,2026-09-03 04:57:03
475380,7,RISE 글로벌리얼티인컴,10170,5,-115,-1.12,10181.0,-8.3563,7814,79,270,2026-09-03 04:57:03
253250,3,KIWOOM 200선물레버리지,92785,2,2475,2.74,92810.0,-55.531,13059,1209,269,2026-09-03 04:57:03
493420,4,SOL 미국배당다우존스2호,12780,5,-35,-0.27,12773.0,-1.1266,4669,59,268,2026-09-03 04:57:03
479850,2,HANARO K-뷰티,19120,5,-405,-2.07,19144.0,27.1572,57421,1117,268,2026-09-03 04:57:03
494340,4,ACE 글로벌AI맞춤형반도체,17730,5,-60,-0.34,17730.0,-35.3562,5286,93,266,2026-09-03 04:57:03
0137W0,4,KIWOOM 미국S&P500&GOLD,10215,2,25,0.25,10238.0,-9.3758,2027,20,266,2026-09-03 04:57:03
167860,6,KIWOOM 국고채10년레버리지,91395,2,400,0.44,91413.0,-2.9801,1,0,265,2026-09-03 04:57:03
459790,4,KIWOOM 미국성장기업30액티브,19555,2,155,0.8,19460.0,-22.3535,34964,682,264,2026-09-03 04:57:03
440340,7,TIGER 글로벌멀티에셋TIF액티브,11730,5,-70,-0.59,11791.0,-9.1975,8008,94,264,2026-09-03 04:57:03
437350,6,RISE 미국단기투자등급회사채액티브,11985,5,-55,-0.46,12002.0,-9.8803,8914,106,264,2026-09-03 04:57:03
0152E0,2,SOL 배당성향탑픽액티브,10975,2,250,2.33,10992.0,-4.5902,17458,190,263,2026-09-03 04:57:03
261060,2,TIGER 코스닥150IT,22570,5,-10,-0.04,22605.0,-18.4102,7587,173,262,2026-09-03 04:57:03
0166N0,1,PLUS 코스닥150액티브,7440,5,-80,-1.06,7445.0,-22.9114,21290,157,260,2026-09-03 04:57:03
0224X0,7,1Q 엔비디아알파벳미국채혼합50,9625,2,85,0.89,9602.0,,21407,205,260,2026-09-03 04:57:03
185680,4,KODEX 미국S&P바이오(합성),48000,2,505,1.06,48034.0,10.5048,1050,50,255,2026-09-03 04:57:03
0115C0,4,RISE 미국고배당다우존스TOP10,11100,5,-15,-0.13,11124.0,-4.1429,15239,169,255,2026-09-03 04:57:03
139250,2,TIGER 200 에너지화학,17720,2,250,1.43,17757.0,-11.8672,7441,130,255,2026-09-03 04:57:03
0097L0,7,KIWOOM 한국고배당&미국AI테크,12725,2,220,1.76,12764.0,-6.3727,4404,55,255,2026-09-03 04:57:03
0223R0,4,TIGER 미국테크NYSE100액티브,8835,2,35,0.4,8767.0,,22055,194,254,2026-09-03 04:57:03
0164G0,4,RISE 차이나AI반도체TOP4Plus,12105,5,-140,-1.14,12172.0,-23.5882,7703,93,254,2026-09-03 04:57:03
368190,2,HANARO Fn K-뉴딜디지털플러스,7920,2,65,0.83,8000.0,-14.2468,264,2,253,2026-09-03 04:57:03
245360,4,TIGER 차이나HSCEI,12055,5,-115,-0.94,12103.0,-11.5022,707,8,253,2026-09-03 04:57:03
0103T0,2,1Q K소버린AI,8580,5,-25,-0.29,8582.0,-27.1381,9114,78,253,2026-09-03 04:57:03
277540,4,ACE 아시아TOP50,31510,2,215,0.69,31381.0,-18.076,83,2,252,2026-09-03 04:57:03
0047R0,4,RISE 팔란티어고정테크100,14785,5,-200,-1.33,14825.0,-8.0594,10339,152,251,2026-09-03 04:57:03
419430,4,KODEX 차이나2차전지MSCI(합성),8955,2,65,0.73,8948.0,-28.1036,738,6,251,2026-09-03 04:57:03
225130,4,ACE 골드선물 레버리지(합성 H),49665,2,2710,5.77,49720.0,-12.65,5577,267,248,2026-09-03 04:57:03
483570,4,KCGI 미국S&P500 TOP10,15510,2,20,0.13,15543.0,-12.2877,576,8,248,2026-09-03 04:57:03
414270,4,ACE 글로벌자율주행액티브,11480,2,50,0.44,11498.0,-24.2294,1524,17,247,2026-09-03 04:57:03
496120,1,ACE 코리아밸류업,32615,2,745,2.34,32568.0,-22.0497,860,27,245,2026-09-03 04:57:03
295020,6,RISE 국채선물10년인버스,60840,5,-260,-0.43,60871.0,2.4222,31,1,241,2026-09-03 04:57:03
0206G0,7,1Q 현대차기아채권혼합50,8135,2,100,1.24,8137.0,,224952,1824,240,2026-09-03 04:57:03
195970,4,PLUS 선진국MSCI(합성 H),16390,2,125,0.77,16521.0,1.9749,13042,214,239,2026-09-03 04:57:03
0093D0,7,KoAct 팔란티어밸류체인액티브,17005,2,45,0.27,16635.0,-19.659,78441,1322,238,2026-09-03 04:57:03
388280,2,RISE K엔터&여행레저,7155,2,60,0.85,7157.0,-10.4732,9406,67,238,2026-09-03 04:57:03
456680,4,TIGER 차이나전기차레버리지(합성),5775,5,-25,-0.43,5850.0,-49.345,7595,44,236,2026-09-03 04:57:03
289250,2,TIGER MSCI KOREA ESG유니버설,34000,2,610,1.83,34024.0,-24.035,220,7,235,2026-09-03 04:57:03
159800,1,마이티 코스피100,83525,2,1325,1.61,83249.0,-27.063,9,0,234,2026-09-03 04:57:03
280930,4,KODEX 미국러셀2000(H),16705,2,230,1.4,16707.0,-0.1516,2196,36,234,2026-09-03 04:57:03
292500,1,SOL KRX300,46655,3,0,0.0,47387.0,-26.3426,0,0,233,2026-09-03 04:57:03
0153X0,4,PLUS 미국고배당주액티브,11350,5,-10,-0.09,11338.0,2.3462,52422,594,233,2026-09-03 04:57:03
442550,7,RISE TDF2030액티브 적격,14535,2,90,0.62,14479.0,-7.6806,5156,74,233,2026-09-03 04:57:03
481340,6,RISE 미국30년국채액티브,8455,2,10,0.12,8456.0,-13.6093,21246,179,233,2026-09-03 04:57:03
292160,1,TIGER KRX300,46485,2,330,0.71,46514.0,-25.8973,8792,407,232,2026-09-03 04:57:03
138230,7,KIWOOM 미국달러선물,15910,5,-90,-0.56,15948.0,-9.2971,2504,39,231,2026-09-03 04:57:03
367740,2,HANARO Fn5G산업,41890,5,-20,-0.05,41731.0,-21.5756,124,5,230,2026-09-03 04:57:03
465670,4,TIGER 미국캐시카우100,17065,2,30,0.18,16949.0,2.0395,5853,99,230,2026-09-03 04:57:03
300950,2,KODEX 게임산업,5445,5,-15,-0.27,5438.0,-18.2635,35423,193,229,2026-09-03 04:57:03
0198D0,2,1Q SK하이닉스선물단일종목레버리지,8190,2,140,1.74,8224.0,-72.4174,24258,201,228,2026-09-03 04:57:03
461450,1,KODEX 코스닥글로벌,15130,5,-195,-1.27,15125.0,-13.9045,5358,81,227,2026-09-03 04:57:03
364690,1,KODEX 혁신기술테마액티브,37580,2,440,1.18,37648.0,-27.4064,294,11,225,2026-09-03 04:57:03
471460,6,KIWOOM 국고채30년액티브,45090,2,170,0.38,45068.0,-7.5465,236,10,225,2026-09-03 04:57:03
204450,4,KODEX 차이나H레버리지(H),2320,2,10,0.43,2314.0,-8.3334,14939,35,225,2026-09-03 04:57:03
269420,4,KODEX S&P글로벌인프라(합성),21730,5,-100,-0.46,21643.0,-9.3251,1075,23,224,2026-09-03 04:57:03
477730,4,KODEX 인도타타그룹,7425,2,40,0.54,7447.0,-9.9713,3603,26,223,2026-09-03 04:57:03
461600,6,SOL 미국30년국채액티브(H),8320,2,45,0.54,8320.0,-4.058,5717,47,220,2026-09-03 04:57:03
0047P0,4,RISE 테슬라고정테크100,14210,5,-5,-0.04,14216.0,-14.0274,4654,66,220,2026-09-03 04:57:03
239660,6,PLUS 우량회사채50,121765,2,80,0.07,121755.0,0.7326,604,73,219,2026-09-03 04:57:03
411540,1,SOL 200 Top10,16710,2,360,2.2,16707.0,-25.291,269,4,217,2026-09-03 04:57:03
0065G0,4,KODEX 차이나테크TOP10,8405,5,-110,-1.29,8427.0,-19.0695,2689,22,214,2026-09-03 04:57:03
376410,2,TIGER 탄소효율그린뉴딜,23775,2,295,1.26,23744.0,-23.8171,532,12,214,2026-09-03 04:57:03
438320,4,TIGER 차이나항셍테크레버리지(합성 H),4950,5,-50,-1.0,4992.0,-26.4165,5065,25,214,2026-09-03 04:57:03
469160,4,ACE 일본반도체,23755,2,335,1.43,23860.0,-22.7063,1289,30,214,2026-09-03 04:57:03
0026E0,4,KODEX 미국S&P500버퍼3월액티브,11550,5,-30,-0.26,11608.0,-7.36,137,1,214,2026-09-03 04:57:03
0177A0,2,WON 두산그룹포커스,8540,2,175,2.09,8541.0,-38.4927,26585,225,214,2026-09-03 04:57:03
464600,2,SOL 자동차소부장Fn,22450,2,90,0.4,22423.0,-38.7482,1557,35,213,2026-09-03 04:57:03
447660,7,PLUS 애플채권혼합,13740,5,-5,-0.04,13745.0,-0.0052,24081,329,213,2026-09-03 04:57:03
375760,2,HANARO 탄소효율그린뉴딜,23600,2,190,0.81,23640.0,-24.7718,32,0,212,2026-09-03 04:57:03
0067V0,4,TIGER 차이나글로벌리더스TOP3+,9640,5,-30,-0.31,9676.0,-18.4998,31921,309,212,2026-09-03 04:57:03
433220,4,에셋플러스 글로벌대장장이액티브,28605,2,105,0.37,28609.0,-23.1392,34,0,212,2026-09-03 04:57:03
253290,7,RISE 헬스케어채권혼합,11670,5,-35,-0.3,11711.0,-2.4941,5745,67,210,2026-09-03 04:57:03
108590,1,TREX 200,104630,2,1455,1.41,104622.0,-26.9539,13,1,209,2026-09-03 04:57:03
300640,2,RISE 게임테마,6435,5,-40,-0.62,6435.0,-11.3621,2251,14,209,2026-09-03 04:57:03
371450,4,TIGER 글로벌클라우드컴퓨팅INDXX,13385,5,-110,-0.82,13250.0,-6.3498,20050,268,209,2026-09-03 04:57:03
463300,4,RISE 중국본토CSI300,13030,5,-5,-0.04,13050.0,-13.8638,340,4,208,2026-09-03 04:57:03
0127R0,4,RISE 미국AI클라우드인프라,15352,2,287,1.91,15259.0,-30.5033,3766,57,207,2026-09-03 04:57:03
217770,5,TIGER 원유선물인버스(H),1178,2,5,0.43,1174.0,-10.115,484630,568,207,2026-09-03 04:57:03
226980,1,KODEX 200 중소형,22970,2,340,1.5,23021.0,-12.6503,3989,91,207,2026-09-03 04:57:03
364990,2,TIGER 게임TOP10,4675,5,-45,-0.95,4681.0,-21.0042,44706,210,206,2026-09-03 04:57:03
152380,6,KODEX 국채선물10년,64640,2,185,0.29,64652.0,-1.2865,586,37,206,2026-09-03 04:57:03
417630,2,TIGER KEDI혁신기업ESG30,19565,2,140,0.72,19570.0,-13.3393,149,2,205,2026-09-03 04:57:03
0198B0,2,1Q 삼성전자선물단일종목레버리지,10525,2,105,1.01,10548.0,-65.6333,2321,24,204,2026-09-03 04:57:03
0186L0,4,KoAct 미국로봇피지컬AI액티브,8860,5,-40,-0.45,8780.0,-24.4803,8064,71,204,2026-09-03 04:57:03
091220,2,TIGER 은행,17775,2,710,4.16,17788.0,11.9831,165773,2937,203,2026-09-03 04:57:03
284980,2,RISE 200금융,23555,2,895,3.95,23607.0,-0.9977,14560,339,203,2026-09-03 04:57:03
497780,4,KoAct 미국천연가스인프라액티브,10592,5,-48,-0.45,10566.0,-5.3286,24819,262,201,2026-09-03 04:57:03
337120,2,KODEX 멀티팩터,33465,2,315,0.95,33419.0,-25.019,6,0,201,2026-09-03 04:57:03
437070,6,KODEX 아시아달러채권ESG플러스액티브,58000,5,-255,-0.44,58079.0,-10.7242,632,36,201,2026-09-03 04:57:03
169950,4,KODEX 차이나A50,25080,5,-150,-0.59,25197.0,-14.5036,172,4,201,2026-09-03 04:57:03
489000,6,PLUS 일본엔화초단기국채(합성),9120,2,40,0.44,9133.0,-9.4265,48980,444,201,2026-09-03 04:57:03
0231Z0,7,KODEX 코리아TDF2065액티브 적격,9900,2,60,0.61,9919.0,,8120,80,198,2026-09-03 04:57:03
416090,4,ACE 중국과창판STAR50,12305,5,-155,-1.24,12423.0,-15.8393,5438,67,197,2026-09-03 04:57:03
289040,2,KODEX MSCI KOREA ESG유니버설,32710,2,695,2.17,32635.0,-23.5222,2,0,196,2026-09-03 04:57:03
404120,2,TIME K신재생에너지액티브,24375,2,690,2.91,24341.0,-26.0653,1905,46,195,2026-09-03 04:57:03
0192S0,7,SOL 코스피200채권혼합50,9285,2,55,0.6,9296.0,-13.6264,125695,1166,195,2026-09-03 04:57:03
0234N0,2,KIWOOM 삼성SK그룹TOP4+,9710,2,35,0.36,9732.0,,261764,2551,194,2026-09-03 04:57:03
213630,4,PLUS 미국다우존스고배당주(합성 H),20990,2,125,0.6,21162.0,5.4054,1648,34,193,2026-09-03 04:57:03
0104P0,2,TIGER 코리아배당다우존스위클리커버드콜,11320,2,375,3.43,11350.0,-6.2961,29750,334,192,2026-09-03 04:57:03
304770,1,HANARO 코스닥150,13550,5,-90,-0.66,13595.0,-24.2012,8840,120,192,2026-09-03 04:57:03
0203R0,6,WON 중단기종합채권(A-이상)액티브,50450,3,0,0.0,50465.0,0.9908,0,0,192,2026-09-03 04:57:03
379790,4,RISE 유로스탁스50(H),17345,2,155,0.9,17282.0,5.0157,12807,221,191,2026-09-03 04:57:03
487950,4,KODEX 대만테크고배당다우존스,13085,5,-105,-0.8,12997.0,-14.6944,15081,197,190,2026-09-03 04:57:03
404260,2,KODEX 기후변화솔루션,23675,2,675,2.93,23715.0,-26.7699,78,1,189,2026-09-03 04:57:03
407310,1,HANARO 200 TOP10,16350,2,345,2.16,16356.0,-25.3147,223,3,188,2026-09-03 04:57:03
445910,2,TIGER MKF배당귀족,20880,2,230,1.11,20914.0,-7.0707,313,6,188,2026-09-03 04:57:03
0190M0,4,KIWOOM 미국AI테크하이베타,7630,2,105,1.4,7592.0,-35.1014,4695,35,187,2026-09-03 04:57:03
0144M0,4,KODEX 미국드론UAM TOP10,6735,2,50,0.75,6730.0,-32.7803,12521,84,185,2026-09-03 04:57:03
228820,1,TIGER KTOP30,18455,2,285,1.57,18441.0,-25.3884,2572,47,185,2026-09-03 04:57:03
276000,4,TIGER 글로벌자원생산기업(합성 H),21660,2,545,2.58,21641.0,3.6573,1163,25,184,2026-09-03 04:57:03
229720,1,KODEX KTOP30,36505,2,325,0.9,36542.0,-25.7881,2297,83,183,2026-09-03 04:57:03
304760,1,HANARO KRX300,45565,2,285,0.63,45616.0,-26.5232,73,3,182,2026-09-03 04:57:03
183710,7,RISE 주식혼합,90660,2,525,0.58,90627.0,-20.6209,24,2,181,2026-09-03 04:57:03
0105D0,2,SOL 한국AI소프트웨어,9490,5,-10,-0.11,9494.0,-30.1728,36777,350,180,2026-09-03 04:57:03
385600,2,ACE 2차전지&친환경차액티브,11915,2,235,2.01,11931.0,-30.7237,4423,52,179,2026-09-03 04:57:03
0018Z0,4,RISE 미국양자컴퓨팅,16945,5,-15,-0.09,16989.0,-29.0464,40592,685,178,2026-09-03 04:57:03
445690,2,BNK 주주가치액티브,29630,2,40,0.14,29849.0,-18.5858,9,0,178,2026-09-03 04:57:03
460660,4,RISE 미국S&P배당킹,11805,2,25,0.21,11799.0,0.3352,1613,19,177,2026-09-03 04:57:03
449580,7,RISE 테슬라애플아마존채권혼합,16080,3,0,0.0,16079.0,-5.0261,18185,292,177,2026-09-03 04:57:03
461910,4,PLUS 미국테크TOP10레버리지(합성),35305,2,355,1.02,35242.0,-27.6398,630,22,177,2026-09-03 04:57:03
461900,4,PLUS 미국테크TOP10,22060,2,95,0.43,21992.0,-13.4896,2226,48,176,2026-09-03 04:57:03
195920,4,TIGER 일본TOPIX(합성 H),35170,5,-110,-0.31,35537.0,5.2662,372,13,176,2026-09-03 04:57:03
468370,6,KODEX iShares미국인플레이션국채액티브,10455,5,-50,-0.48,10469.0,-11.0762,3573,37,175,2026-09-03 04:57:03
225060,4,TIGER 이머징마켓MSCI레버리지(합성 H),16470,2,285,1.76,16453.0,-10.0834,390,6,175,2026-09-03 04:57:03
227830,1,PLUS 코스피,68895,2,1360,2.01,68821.0,-25.6157,38,2,172,2026-09-03 04:57:03
0086C0,7,TIGER 리츠부동산인프라10채권혼합액티브,9835,2,15,0.15,9862.0,0.8085,5294,52,172,2026-09-03 04:57:03
415760,4,SOL 차이나육성산업액티브(합성),12620,5,-190,-1.48,12806.0,-12.4402,3370,42,172,2026-09-03 04:57:03
289260,2,TIGER MSCI KOREA ESG리더스,28320,2,610,2.2,28277.0,-20.3393,207,5,170,2026-09-03 04:57:03
457690,6,KODEX 33-06 국고채액티브,10450,2,15,0.14,10461.0,-0.4769,33721,352,169,2026-09-03 04:57:03
219390,4,RISE 미국S&P원유생산기업(합성 H),8420,3,0,0.0,8484.0,13.7837,25822,216,168,2026-09-03 04:57:03
474920,4,에셋플러스 차이나일등기업포커스10액티브,17840,5,-80,-0.45,17887.0,-9.5407,22,0,168,2026-09-03 04:57:03
250730,4,RISE 차이나HSCEI(H),9840,2,25,0.25,9976.0,-2.5323,843,8,167,2026-09-03 04:57:03
483330,4,ACE 마이크로소프트밸류체인액티브,14520,2,10,0.07,14346.0,-15.0966,7720,111,167,2026-09-03 04:57:03
292050,1,RISE KRX300,47535,2,710,1.52,47652.0,-26.8417,19,0,166,2026-09-03 04:57:03
236350,4,TIGER 인도니프티50레버리지(합성),26760,2,35,0.13,27002.0,-15.946,773,20,166,2026-09-03 04:57:03
477490,4,에셋플러스 글로벌일등기업포커스10액티브,18435,5,-20,-0.11,18461.0,-18.503,26,0,166,2026-09-03 04:57:03
131890,2,ACE 삼성그룹동일가중,40695,2,695,1.74,40681.0,-13.6722,565,22,163,2026-09-03 04:57:03
332620,6,PLUS 미국장기우량회사채,86810,5,-20,-0.02,86812.0,-13.6563,272,23,162,2026-09-03 04:57:03
391670,1,HK 베스트일레븐액티브,27040,2,140,0.52,27158.0,-29.3593,1,0,162,2026-09-03 04:57:03
494420,2,PLUS 미국배당증가성장주데일리커버드콜,8955,5,-65,-0.72,8939.0,-6.6953,11344,101,161,2026-09-03 04:57:03
438900,2,HANARO Fn K-푸드,11905,5,-80,-0.67,11912.0,8.4628,34487,413,161,2026-09-03 04:57:03
0223A0,2,RISE 코스닥커버드콜액티브,9985,5,-150,-1.48,9986.0,,200445,2000,160,2026-09-03 04:57:03
419650,4,PLUS 글로벌수소&차세대연료전지,4880,5,-95,-1.91,4825.0,-36.1361,2193,10,159,2026-09-03 04:57:03
0193K0,2,PLUS 삼성전자단일종목레버리지,11120,3,0,0.0,11215.0,-64.0537,182,2,158,2026-09-03 04:57:03
291130,4,ACE MSCI멕시코(합성),17550,5,-60,-0.34,17884.0,-11.7957,272,4,158,2026-09-03 04:57:03
265690,4,ACE 러시아MSCI(합성),8535,3,0,0.0,48.0,0.0,0,0,158,2026-09-03 04:57:03
491510,2,파워 K-주주가치액티브,18305,2,465,2.61,18354.0,-3.099,105,1,156,2026-09-03 04:57:03
432840,4,HANARO 미국S&P500,19385,5,-45,-0.23,19426.0,-8.858,1378,26,155,2026-09-03 04:57:03
453630,4,KODEX 미국S&P500필수소비재,12215,5,-55,-0.45,12285.0,-5.1861,2456,30,153,2026-09-03 04:57:03
337150,2,KODEX 200exTOP,25175,2,495,2.01,25303.0,-19.1206,5,0,151,2026-09-03 04:57:03
114460,6,ACE 국고채3년,100680,2,110,0.11,100691.0,0.5474,191,19,151,2026-09-03 04:57:03
104520,2,KIWOOM 블루칩,15000,2,365,2.49,15014.0,-16.3413,58,0,150,2026-09-03 04:57:03
130680,5,TIGER 원유선물Enhanced(H),7465,5,-25,-0.33,7480.0,4.3175,17634,132,149,2026-09-03 04:57:03
272570,6,RISE 중장기국공채액티브,107835,2,165,0.15,107816.0,0.2607,3,0,149,2026-09-03 04:57:03
0207Z0,4,KIWOOM 미국우주데이터센터인프라,6750,2,100,1.5,6727.0,,12179,82,149,2026-09-03 04:57:03
413930,2,WON AI ESG액티브,26955,2,450,1.7,26942.0,-26.0257,89,2,148,2026-09-03 04:57:03
453010,7,PLUS KOFR금리,109870,3,0,0.0,109872.0,0.6642,764,83,147,2026-09-03 04:57:03
453820,4,KODEX 인도Nifty50레버리지(합성),11270,2,105,0.94,11298.0,-14.8036,1680,18,147,2026-09-03 04:57:03
387280,2,TIGER 퓨처모빌리티액티브,11410,2,185,1.65,11384.0,-33.4421,445,5,145,2026-09-03 04:57:03
488290,4,MIDAS 일본테크액티브,41390,2,270,0.66,42026.0,-20.8546,2076,85,145,2026-09-03 04:57:03
0222F0,2,마이티 AI데이터센터밸류체인,12515,2,50,0.4,12529.0,,870,10,144,2026-09-03 04:57:03
266410,2,KODEX 필수소비재,10105,5,-40,-0.39,10106.0,9.752,51105,523,141,2026-09-03 04:57:03
0090B0,2,PLUS K방산소부장,6575,2,75,1.15,6582.0,-33.7073,35282,231,141,2026-09-03 04:57:03
404650,2,SOL KRX기후변화솔루션,23495,2,595,2.6,23511.0,-27.591,142,3,141,2026-09-03 04:57:03
0013P0,4,RISE 미국은행TOP10,12760,2,60,0.47,12700.0,1.7322,22258,283,140,2026-09-03 04:57:03
234310,2,RISE V&S셀렉트밸류,28055,2,490,1.78,28122.0,-19.1998,21,0,140,2026-09-03 04:57:03
137610,5,TIGER 농산물선물Enhanced(H),6065,2,55,0.92,6073.0,13.5033,6698,40,139,2026-09-03 04:57:03
0220A0,7,KIWOOM 현대차그룹TOP3채권혼합50,9225,2,100,1.1,9229.0,,11587,106,138,2026-09-03 04:57:03
0216Z0,2,ACE K방산TOP5+,8365,2,170,2.07,8375.0,,18405,151,138,2026-09-03 04:57:03
0153P0,2,ACE 리츠부동산인프라액티브,9510,2,60,0.63,9563.0,3.8064,1598,15,138,2026-09-03 04:57:03
0222D0,2,KoAct 고배당액티브,10600,2,170,1.63,10608.0,,69222,732,138,2026-09-03 04:57:03
244620,2,KODEX 모멘텀Plus,19520,5,-70,-0.36,19576.0,-17.3941,32,0,137,2026-09-03 04:57:03
373490,2,KODEX 코리아혁신성장액티브,24775,2,385,1.58,24723.0,-29.7119,49,1,136,2026-09-03 04:57:03
0104G0,2,PLUS K방산레버리지,5670,2,340,6.38,5692.0,-48.1266,27069,148,136,2026-09-03 04:57:03
266390,2,KODEX 경기소비재,15085,5,-50,-0.33,15122.0,-18.5951,3937,59,136,2026-09-03 04:57:03
484890,6,SOL 머니마켓액티브,52545,2,15,0.03,52544.0,0.6707,6700,352,136,2026-09-03 04:57:03
0088N0,2,WON K-글로벌수급상위,10805,3,0,0.0,10788.0,-14.4159,1344,14,135,2026-09-03 04:57:03
496130,1,TRUSTON 코리아밸류업액티브,25000,2,535,2.19,25049.0,-24.8388,13,0,135,2026-09-03 04:57:03
0051A0,4,KoAct 브로드컴밸류체인액티브,22490,2,125,0.56,22561.0,-21.7323,1058,23,135,2026-09-03 04:57:03
0004G0,4,1Q 미국배당TOP30,8985,3,0,0.0,8991.0,-3.4572,7617,68,135,2026-09-03 04:57:03
0028X0,4,KODEX 미국금융테크액티브,11705,2,155,1.34,11746.0,-1.4982,5135,60,135,2026-09-03 04:57:03
102960,2,KODEX 기계장비,13420,2,420,3.23,13392.0,-26.8842,7471,98,134,2026-09-03 04:57:03
290080,3,RISE 200고배당커버드콜ATM,7575,2,40,0.53,7699.0,28.5169,32360,244,133,2026-09-03 04:57:03
0127V0,4,KIWOOM 미국S&P500 TOP10&배당다우비중전환,10595,2,25,0.24,10613.0,-9.9816,1359,14,132,2026-09-03 04:57:03
252650,1,KODEX 200동일가중,18825,2,300,1.62,18836.0,-10.1338,1529,28,132,2026-09-03 04:57:03
485810,4,TIME 글로벌바이오액티브,11440,5,-10,-0.09,11470.0,9.2036,15263,174,132,2026-09-03 04:57:03
189400,4,PLUS 글로벌MSCI(합성 H),25790,2,175,0.68,25877.0,-0.447,75,1,132,2026-09-03 04:57:03
472720,1,TRUSTON 주주가치액티브,25275,2,370,1.49,25247.0,-19.881,85,2,131,2026-09-03 04:57:03
0127T0,4,KIWOOM 미국S&P500&배당다우존스비중전환,10920,5,-10,-0.09,10935.0,-7.3982,1651,18,131,2026-09-03 04:57:03
417450,4,RISE 글로벌수소경제,14980,5,-420,-2.73,15114.0,-30.1648,1766,26,127,2026-09-03 04:57:03
300610,2,TIGER K게임,5410,5,-45,-0.82,5408.0,-11.9452,4989,27,127,2026-09-03 04:57:03
360150,2,KODEX 코스닥150롱코스피200숏선물,3095,5,-55,-1.75,3082.0,-2.7778,24623,75,127,2026-09-03 04:57:03
448490,6,HANARO 32-10 국고채액티브,52710,2,160,0.3,52710.0,-1.3609,35780,1884,127,2026-09-03 04:57:03
428560,4,KODEX 미국ETF산업Top10 Indxx,15805,5,-355,-2.2,15878.0,-4.2013,523,8,126,2026-09-03 04:57:03
279540,2,KODEX 최소변동성,20980,2,255,1.23,20957.0,-18.0483,376,7,126,2026-09-03 04:57:03
0015F0,7,KIWOOM 팔란티어미국30년국채혼합액티브(H),10440,5,-105,-1.0,10428.0,1.9027,11026,115,125,2026-09-03 04:57:03
410870,2,TIME K컬처액티브,9630,5,-115,-1.18,9638.0,-9.0952,1654,16,125,2026-09-03 04:57:03
0084E0,7,KIWOOM 미국대형주500월간목표헤지액티브,10010,5,-75,-0.74,10032.0,-10.4944,9,0,125,2026-09-03 04:57:03
435040,4,ACE 글로벌브랜드TOP10,19180,5,-15,-0.08,19160.0,-7.5749,400,7,125,2026-09-03 04:57:03
363510,6,SOL KIS단기통안채,112195,2,25,0.02,112193.0,0.6054,7,0,125,2026-09-03 04:57:03
396510,4,TIGER 차이나클린에너지SOLACTIVE,6845,5,-85,-1.23,6918.0,-26.8988,3017,20,123,2026-09-03 04:57:03
251590,2,PLUS 고배당저변동50,17560,2,230,1.33,17602.0,0.5639,482,8,123,2026-09-03 04:57:03
453060,6,HANARO KOFR금리액티브(합성),111440,2,20,0.02,111429.0,0.6776,269,29,123,2026-09-03 04:57:03
435550,7,KIWOOM TDF2050액티브 적격,17505,5,-30,-0.17,17525.0,-10.8748,2298,40,123,2026-09-03 04:57:03
489860,4,KIWOOM 글로벌전력GRID인프라,14300,5,-160,-1.11,14338.0,-17.5662,835,11,122,2026-09-03 04:57:03
140580,2,RISE 우량업종대표주,24240,2,370,1.55,24279.0,-19.3582,23,0,121,2026-09-03 04:57:03
400570,4,KODEX 유럽탄소배출권선물ICE(H),11515,5,-5,-0.04,11591.0,6.4203,3054,35,121,2026-09-03 04:57:03
409810,4,KODEX 미국나스닥100선물인버스(H),5595,5,-40,-0.71,5598.0,4.9348,120495,674,120,2026-09-03 04:57:03
0208N0,1,IBK 코스피액티브,7290,2,85,1.18,7290.0,,67,0,120,2026-09-03 04:57:03
457700,6,KODEX 53-09 국고채액티브,9065,2,5,0.06,9073.0,-6.6942,124,1,120,2026-09-03 04:57:03
0000H0,2,KODEX 인도Nifty미드캡100,10355,2,70,0.68,10369.0,-6.9632,926,9,119,2026-09-03 04:57:03
332610,6,PLUS 미국단기회사채(AAA~A),123545,5,-780,-0.63,123717.0,-9.2248,645,79,119,2026-09-03 04:57:03
404540,2,TIGER KRX기후변화솔루션,23715,2,550,2.37,23720.0,-26.613,18944,441,119,2026-09-03 04:57:03
453660,4,KODEX 미국S&P500경기소비재,16770,5,-55,-0.33,16893.0,-12.4002,469,7,117,2026-09-03 04:57:03
0194R0,2,KIWOOM SK하이닉스선물단일종목레버리지,7690,2,115,1.52,7745.0,-70.7005,4709,36,117,2026-09-03 04:57:03
282000,3,RISE 국고채3년선물인버스,114815,5,-150,-0.13,114849.0,0.3447,2,0,117,2026-09-03 04:57:03
0113G0,4,KoAct 미국바이오헬스케어액티브,11695,2,65,0.56,11737.0,13.8521,9784,114,117,2026-09-03 04:57:03
166400,3,TIGER 200커버드콜OTM,23340,2,275,1.19,23379.0,-3.9327,196,4,117,2026-09-03 04:57:03
487750,2,BNK 온디바이스AI,29160,5,-290,-0.98,29177.0,-30.8036,124,3,117,2026-09-03 04:57:03
269370,4,TIGER S&P글로벌인프라(합성),16630,5,-425,-2.49,16658.0,-8.7906,472,7,116,2026-09-03 04:57:03
269530,4,PLUS S&P글로벌인프라,19385,5,-205,-1.05,19408.0,-9.3897,176,3,116,2026-09-03 04:57:03
451600,6,PLUS 국고채30년액티브,83515,2,250,0.3,83515.0,-7.3753,16,1,114,2026-09-03 04:57:03
354240,7,RISE 미국고정배당우선증권,10365,2,40,0.39,10344.0,-12.685,2291,23,114,2026-09-03 04:57:03
395760,2,PLUS ESG성장주액티브,20625,2,165,0.81,20616.0,-23.6283,51,1,113,2026-09-03 04:57:03
140710,2,KODEX 운송,6640,2,195,3.03,6637.0,1.8376,38947,256,113,2026-09-03 04:57:03
0193L0,2,PLUS 삼성전자선물단일종목인버스2X,9880,5,-140,-1.4,9887.0,-20.8844,237848,2331,113,2026-09-03 04:57:03
430500,7,KIWOOM 물가채KIS,112375,2,440,0.39,112248.0,-1.3572,11,1,112,2026-09-03 04:57:03
139240,2,TIGER 200 철강소재,11265,2,390,3.59,11272.0,-13.0696,12591,140,110,2026-09-03 04:57:03
0221Z0,2,ACE K바이오코스닥액티브,10005,5,-245,-2.39,9984.0,,3460,34,110,2026-09-03 04:57:03
464610,2,SOL 의료기기소부장Fn,7295,5,-115,-1.55,7294.0,-13.1811,4736,34,109,2026-09-03 04:57:03
446700,2,RISE 배터리 리사이클링,10520,2,150,1.45,10520.0,-18.1209,947,9,109,2026-09-03 04:57:03
0008E0,4,ACE 미국중심중소형제조업,11505,5,-25,-0.22,11565.0,-24.5419,911,10,109,2026-09-03 04:57:03
0002C0,4,에셋플러스 인도일등기업포커스20액티브,10105,2,145,1.46,10122.0,0.4032,374,3,109,2026-09-03 04:57:03
407820,2,에셋플러스 코리아플랫폼액티브,6000,5,-25,-0.41,5986.0,-21.0354,12345,74,108,2026-09-03 04:57:03
451150,4,에셋플러스 글로벌영에이지액티브,17415,2,155,0.9,17265.0,-9.134,2,0,108,2026-09-03 04:57:03
463640,4,KODEX 미국S&P500유틸리티,13490,5,-50,-0.37,13419.0,-9.6748,2459,33,108,2026-09-03 04:57:03
385710,2,TIME K이노베이션액티브,10715,5,-10,-0.09,10710.0,-26.7669,4425,47,107,2026-09-03 04:57:03
310080,4,RISE 중국MSCI China(H),9285,2,90,0.98,9275.0,-5.0104,561,5,107,2026-09-03 04:57:03
0093B0,4,RISE 엔비디아고정테크100,12490,2,90,0.73,12453.0,-12.637,659,8,106,2026-09-03 04:57:03
0203D0,7,PLUS 200위클리커버드콜채권혼합,8840,2,50,0.57,8857.0,-13.9116,9063,79,106,2026-09-03 04:57:03
0189Z0,2,DAISHIN 금융&지주고배당,10575,2,195,1.88,10663.0,,1011,10,106,2026-09-03 04:57:03
0068M0,4,KODEX 미국S&P500버퍼6월액티브,11615,5,-35,-0.3,11646.0,-5.9769,99,1,105,2026-09-03 04:57:03
419420,4,KODEX 미국클린에너지나스닥,8665,2,65,0.76,8679.0,-33.2189,1244,10,104,2026-09-03 04:57:03
371870,4,ACE 차이나항셍테크,6490,5,-95,-1.44,6540.0,-21.2321,4676,30,104,2026-09-03 04:57:03
280920,2,PLUS 주도업종,23040,2,470,2.08,23016.0,-28.7001,38,0,104,2026-09-03 04:57:03
237440,7,TIGER 경기방어채권혼합,10270,3,0,0.0,10321.0,0.391,5090,52,103,2026-09-03 04:57:03
0094L0,4,RISE 차이나테크TOP10위클리타겟커버드콜,7315,5,-35,-0.48,7291.0,-18.3597,2208,16,102,2026-09-03 04:57:03
140570,2,RISE 수출주,25590,2,475,1.89,25630.0,-21.0841,177,4,102,2026-09-03 04:57:03
0191S0,1,IBK 코스닥150,13765,5,-180,-1.29,13701.0,-22.6782,757,10,102,2026-09-03 04:57:03
181480,7,ACE 미국부동산리츠(합성 H),83945,2,10,0.01,83685.0,2.1902,324,27,101,2026-09-03 04:57:03
0001P0,2,마이티 바이오시밀러&CDMO액티브,8975,5,-135,-1.48,8970.0,-14.9394,495,4,101,2026-09-03 04:57:03
461580,1,TIGER 코스닥글로벌,15440,5,-230,-1.47,15446.0,-14.1606,593,9,100,2026-09-03 04:57:03
498050,2,HANARO 바이오코리아액티브,10550,5,-195,-1.81,10521.0,-18.1022,1209,12,100,2026-09-03 04:57:03
460270,6,KIWOOM 미국달러SOFR금리액티브(합성),12370,5,-80,-0.64,12391.0,-8.7578,519,6,100,2026-09-03 04:57:03
0120J0,2,BNK 카카오그룹포커스,8010,2,120,1.52,8004.0,-7.9347,12001,96,100,2026-09-03 04:57:03
0233N0,4,RISE 글로벌AI낸드메모리반도체,10010,2,110,1.11,10050.0,,15537,155,100,2026-09-03 04:57:03
0067Y0,4,TIGER 차이나AI소프트웨어,10535,3,0,0.0,10565.0,-24.8574,3251,34,100,2026-09-03 04:57:03
456250,4,KODEX 유럽명품TOP10 STOXX,8660,5,-60,-0.69,8677.0,-9.1559,1912,16,100,2026-09-03 04:57:03
174350,2,TIGER 로우볼,21615,2,370,1.74,21631.0,3.3941,1106,23,99,2026-09-03 04:57:03
487910,4,ACE 인도컨슈머파워액티브,8275,2,65,0.79,8285.0,-5.2511,118,0,99,2026-09-03 04:57:03
252000,1,TIGER 200동일가중,19725,2,440,2.28,19723.0,-10.8135,704,13,99,2026-09-03 04:57:03
281990,2,RISE 중소형고배당,17930,2,110,0.62,17980.0,-0.0635,1018,18,99,2026-09-03 04:57:03
354350,4,HANARO 글로벌럭셔리S&P(합성),18795,2,105,0.56,18861.0,-13.0294,158,2,98,2026-09-03 04:57:03
117690,4,TIGER 차이나항셍30,19370,2,30,0.16,19311.0,-12.8437,475,9,97,2026-09-03 04:57:03
227570,2,TIGER 우량가치,21505,2,195,0.92,21537.0,-4.951,3618,77,97,2026-09-03 04:57:03
463690,4,KODEX 미국S&P500커뮤니케이션,17590,2,210,1.21,17680.0,-13.6853,909,16,97,2026-09-03 04:57:03
230480,7,KIWOOM 미국달러선물인버스2X,4785,2,55,1.16,4780.0,22.3803,2895,13,96,2026-09-03 04:57:03
429010,4,TIGER 미국나스닥넥스트100,19220,5,-55,-0.29,19201.0,-11.5826,121,2,96,2026-09-03 04:57:03
0174R0,4,KIWOOM 미국성장다우존스,11185,2,75,0.68,11137.0,-10.5766,862,9,95,2026-09-03 04:57:03
0226G0,2,WON 피지컬AI TOP2플러스액티브,11815,2,110,0.94,11800.0,,5956,69,95,2026-09-03 04:57:03
266550,2,PLUS 중형주저변동50,18905,2,150,0.8,19005.0,1.3509,1,0,95,2026-09-03 04:57:03
482030,2,KoAct 반도체&2차전지핵심소재액티브,8815,5,-55,-0.62,8818.0,-23.2699,2090,18,93,2026-09-03 04:57:03
494180,4,TIME 글로벌소비트렌드액티브,13155,2,40,0.3,13151.0,-10.1713,142,1,92,2026-09-03 04:57:03
0133E0,4,TIGER 차이나증권,8750,2,110,1.27,8845.0,-3.0847,2014,17,92,2026-09-03 04:57:03
341850,7,TIGER 리츠부동산인프라채권,4575,2,20,0.44,4603.0,2.5709,5331,24,92,2026-09-03 04:57:03
497510,4,ACE 글로벌빅파마,13000,5,-5,-0.04,13045.0,2.3614,318,4,91,2026-09-03 04:57:03
105010,4,TIGER 라틴35,6450,2,135,2.14,6436.0,-9.4232,11157,71,90,2026-09-03 04:57:03
0224D0,4,KIWOOM 미국CPU반도체TOP4+,8965,2,75,0.84,8984.0,,2487,22,90,2026-09-03 04:57:03
449680,7,TIGER 한중전기차(합성),10500,2,75,0.72,10580.0,-30.1742,113,1,89,2026-09-03 04:57:03
399580,4,RISE 글로벌클린에너지,8895,5,-5,-0.06,8979.0,-32.892,1519,13,89,2026-09-03 04:57:03
215620,2,HK S&P코리아로우볼,16455,2,10,0.06,16536.0,3.4276,5,0,89,2026-09-03 04:57:03
301400,1,PLUS 코스닥150,13660,5,-115,-0.83,13720.0,-24.2924,288,3,89,2026-09-03 04:57:03
466810,2,BNK 2차전지양극재,5910,2,80,1.37,5913.0,-21.1097,18361,108,89,2026-09-03 04:57:03
0084D0,7,KIWOOM 미국테크100월간목표헤지액티브,11065,5,-125,-1.12,11080.0,-13.3391,14,0,89,2026-09-03 04:57:03
0227K0,4,RISE 미국우주위성통신,8805,2,90,1.03,8820.0,,1302,11,88,2026-09-03 04:57:03
0184N0,7,PLUS 은채권혼합,8795,2,120,1.38,8770.0,-11.8843,2299,20,88,2026-09-03 04:57:03
395150,2,KODEX 웹툰&드라마,1819,5,-13,-0.71,1821.0,-14.7907,87476,159,87,2026-09-03 04:57:03
0214M0,2,MIDAS 바이오헬스케어액티브,10200,5,-260,-2.49,10229.0,,192,1,87,2026-09-03 04:57:03
381570,2,HANARO Fn친환경에너지,10140,2,145,1.45,10166.0,-21.3612,2614,26,86,2026-09-03 04:57:03
217780,4,TIGER 차이나CSI300인버스(합성),5555,2,5,0.09,5602.0,16.5966,100,0,86,2026-09-03 04:57:03
375270,7,RISE 글로벌데이터센터리츠(합성),13175,3,0,0.0,13183.0,-22.3859,204,2,86,2026-09-03 04:57:03
0219Z0,4,HANARO 미국S&P500액티브,10035,5,-55,-0.55,10139.0,,2216,22,85,2026-09-03 04:57:03
435540,7,KIWOOM TDF2040액티브 적격,17010,5,-45,-0.26,17019.0,-10.3879,3974,67,85,2026-09-03 04:57:03
371150,4,RISE 차이나항셍테크,6520,5,-60,-0.91,6522.0,-20.8075,667,4,85,2026-09-03 04:57:03
0194N0,2,KIWOOM 삼성전자선물단일종목레버리지,10230,2,110,1.09,10259.0,-64.7584,6697,68,84,2026-09-03 04:57:03
277650,2,TIGER 코스피중형주,21075,2,430,2.08,21060.0,-11.2425,20,0,84,2026-09-03 04:57:03
0216K0,7,KIWOOM 미국우주테크TOP2채권혼합50,8410,2,90,1.08,8440.0,,33196,279,84,2026-09-03 04:57:03
497520,4,ACE 일라이릴리밸류체인,12905,5,-25,-0.19,12976.0,2.3752,273,3,84,2026-09-03 04:57:03
270800,2,RISE KQ고배당,15205,2,175,1.16,15219.0,-9.6877,19,0,84,2026-09-03 04:57:03
182490,6,TIGER 단기선진하이일드(합성 H),13900,2,65,0.47,13862.0,0.2173,143,1,83,2026-09-03 04:57:03
395280,2,HANARO Fn K-게임,3515,2,5,0.14,3514.0,-18.0864,108,0,83,2026-09-03 04:57:03
0219B0,2,KoAct 광통신&위성네트워크액티브,10185,5,-25,-0.24,10178.0,,6391,65,81,2026-09-03 04:57:03
429980,7,SOL 한국형글로벌전기차&2차전지액티브,16287,5,-133,-0.81,16457.0,-25.9861,146,2,81,2026-09-03 04:57:03
462340,4,에셋플러스 글로벌다이나믹시니어액티브,16280,2,15,0.09,16291.0,-0.9138,5,0,81,2026-09-03 04:57:03
490330,4,KoAct 미국치매&뇌질환치료제액티브,14790,2,25,0.17,14816.0,5.0889,564,8,81,2026-09-03 04:57:03
225050,4,TIGER 유로스탁스레버리지(합성 H),16150,5,-50,-0.31,16299.0,9.8677,510,8,81,2026-09-03 04:57:03
457930,2,BNK 미래전략기술액티브,26760,2,175,0.66,26787.0,-27.1445,3,0,80,2026-09-03 04:57:03
395750,2,PLUS ESG가치주액티브,20025,2,440,2.25,19964.0,-25.7723,154,3,80,2026-09-03 04:57:03
480460,7,WON 한국부동산TOP3플러스,9420,5,-10,-0.11,9455.0,6.442,1611,15,80,2026-09-03 04:57:03
0226D0,7,FOCUS 금융반도체지주채권혼합50액티브,9900,2,45,0.46,9913.0,,611,6,79,2026-09-03 04:57:03
227550,2,TIGER 200 산업재,11980,2,235,2.0,12015.0,-14.4886,57,0,79,2026-09-03 04:57:03
487920,4,ACE 인도시장대표BIG5그룹액티브,7850,2,65,0.83,7875.0,-9.3186,336,2,79,2026-09-03 04:57:03
261110,7,TIGER 미국달러선물레버리지,15475,5,-200,-1.28,15510.0,-17.7166,3492,54,77,2026-09-03 04:57:03
253280,2,RISE 헬스케어,12850,5,-130,-1.0,12860.0,-10.5753,312,4,77,2026-09-03 04:57:03
437370,4,RISE 글로벌농업경제,10975,2,20,0.18,11042.0,0.3569,4222,46,77,2026-09-03 04:57:03
435530,7,KIWOOM TDF2030액티브 적격,15120,5,-40,-0.26,15107.0,-9.865,485,7,76,2026-09-03 04:57:03
438740,2,MIDAS 중소형액티브,33145,2,270,0.82,33298.0,-15.6944,2,0,75,2026-09-03 04:57:03
315270,2,TIGER 200커뮤니케이션서비스,19600,5,-45,-0.23,19579.0,-18.5206,632,12,74,2026-09-03 04:57:03
0172Y0,2,ACE K수출핵심TOP10산업액티브,9300,2,95,1.03,9303.0,-21.392,1773,16,74,2026-09-03 04:57:03
304670,6,KODEX 미국30년국채울트라선물인버스(H),12395,5,-35,-0.28,12396.0,4.4099,4,0,74,2026-09-03 04:57:03
285690,2,FOCUS ESG리더스,21235,2,145,0.69,21580.0,-18.2083,2,0,74,2026-09-03 04:57:03
494210,4,SOL 미국500타겟데일리커버드콜액티브,10615,5,-20,-0.19,10631.0,-9.1059,8966,95,74,2026-09-03 04:57:03
139660,7,KIWOOM 미국달러선물인버스,8520,2,40,0.47,8527.0,10.5606,426,3,74,2026-09-03 04:57:03
225800,7,KIWOOM 미국달러선물레버리지,14530,5,-170,-1.16,14589.0,-18.2653,598,8,74,2026-09-03 04:57:03
0094X0,4,1Q 샤오미밸류체인액티브,8115,5,-115,-1.4,8152.0,-18.9632,918,7,73,2026-09-03 04:57:03
402460,2,HANARO Fn K-메타버스MZ,14550,2,15,0.1,14514.0,-24.3669,23,0,73,2026-09-03 04:57:03
326230,2,RISE 내수주플러스,11340,2,15,0.13,11359.0,-16.0801,10,0,73,2026-09-03 04:57:03
0218K0,2,BNK 스마트카,10360,2,145,1.42,10275.0,,54,0,73,2026-09-03 04:57:03
0005C0,6,RISE 미국S&P500엔화노출(합성 H),11125,2,115,1.04,11127.0,-9.7541,1021,11,72,2026-09-03 04:57:03
368680,2,KODEX K-뉴딜디지털플러스,8035,2,125,1.58,8061.0,-13.6315,6,0,72,2026-09-03 04:57:03
488480,4,RISE 일본섹터TOP4Plus,13070,2,60,0.46,13148.0,-6.5554,708,9,72,2026-09-03 04:57:03
0215T0,4,HANARO 미국AI광통신TOP10,7975,2,5,0.06,7964.0,,5367,42,72,2026-09-03 04:57:03
0082F0,4,HANARO 유럽방산,10205,5,-85,-0.83,10179.0,-5.03,2323,23,71,2026-09-03 04:57:03
256450,4,PLUS 심천차이넥스트(합성),14260,5,-70,-0.49,14424.0,-25.7706,119,1,71,2026-09-03 04:57:03
0229F0,2,마이티 신약포커스바이오액티브,8905,5,-300,-3.26,8897.0,,62641,562,71,2026-09-03 04:57:03
244670,2,KODEX 밸류Plus,11800,2,175,1.51,11827.0,-1.2675,164,1,71,2026-09-03 04:57:03
450180,7,KODEX 한중전기차(합성),10795,5,-270,-2.44,10868.0,-27.727,217,2,70,2026-09-03 04:57:03
400590,4,SOL 글로벌탄소배출권선물ICE(합성),14015,5,-25,-0.18,14047.0,-4.9425,34,0,70,2026-09-03 04:57:03
429740,7,PLUS K리츠,6090,2,10,0.16,6145.0,2.2632,15376,94,70,2026-09-03 04:57:03
139290,2,TIGER 200 경기소비재,24985,2,430,1.75,25008.0,-30.6258,449,11,70,2026-09-03 04:57:03
0036Z0,4,RISE 미국천연가스밸류체인,12510,5,-230,-1.81,12569.0,-3.0764,8606,108,69,2026-09-03 04:57:03
0166T0,4,PLUS 글로벌저작권핵심기업액티브,9735,2,140,1.46,9763.0,-8.4884,225,2,68,2026-09-03 04:57:03
0176P0,2,FOCUS AI반도체위클리고정커버드콜,12325,5,-65,-0.52,12332.0,-21.3574,1750,21,68,2026-09-03 04:57:03
0047N0,4,PLUS 차이나AI테크TOP10,9430,5,-105,-1.1,9464.0,-20.8714,177,1,66,2026-09-03 04:57:03
250780,3,TIGER 코스닥150선물인버스,2530,2,15,0.6,2532.0,14.5785,346100,872,66,2026-09-03 04:57:03
0138D0,2,RISE 동학개미,11935,2,95,0.8,11914.0,-29.9409,540,6,66,2026-09-03 04:57:03
176950,6,KODEX 국채선물10년인버스,60630,5,-140,-0.23,60673.0,2.1516,4,0,65,2026-09-03 04:57:03
138920,5,KODEX 콩선물(H),13000,2,140,1.09,12987.0,8.1854,440,5,65,2026-09-03 04:57:03
456200,6,PLUS 미국달러SOFR금리액티브(합성),59015,5,-315,-0.53,59016.0,-8.8773,2,0,65,2026-09-03 04:57:03
316300,7,ACE 싱가포르리츠,12635,5,-110,-0.86,12676.0,-10.3046,485,6,63,2026-09-03 04:57:03
474390,6,SOL 국고채30년액티브,40220,2,90,0.22,40236.0,-7.7472,32,1,62,2026-09-03 04:57:03
307510,2,TIGER 의료기기,12290,5,-10,-0.08,12261.0,-18.0864,4745,58,61,2026-09-03 04:57:03
291890,4,KODEX MSCI EM선물(H),12285,2,20,0.16,12373.0,-4.9962,6275,77,61,2026-09-03 04:57:03
469530,3,RISE 미국달러선물인버스,9545,2,45,0.47,9548.0,10.9165,905,8,61,2026-09-03 04:57:03
289670,6,PLUS 국채선물10년,51875,2,120,0.23,51848.0,-1.1555,1172,60,60,2026-09-03 04:57:03
0114X0,4,RISE 글로벌게임테크TOP3Plus,8595,2,95,1.12,8625.0,-5.7128,173,1,60,2026-09-03 04:57:03
314700,2,HANARO 농업융복합산업,10865,2,220,2.07,10899.0,-12.9696,5543,60,60,2026-09-03 04:57:03
451670,6,RISE 국채30년레버리지(합성),11925,2,90,0.76,11907.0,-17.3822,256,3,60,2026-09-03 04:57:03
400580,4,SOL 유럽탄소배출권선물S&P(H),11860,2,60,0.51,11902.0,6.0197,20,0,59,2026-09-03 04:57:03
0087F0,4,ACE 차이나AI빅테크TOP2+액티브,11800,5,-130,-1.09,11759.0,-15.3901,1118,13,59,2026-09-03 04:57:03
0184V0,2,UNICORN K바이오액티브,5535,5,-195,-3.4,5535.0,-32.3495,12088,68,58,2026-09-03 04:57:03
0053M0,2,더제이 중소형포커스액티브,12795,2,170,1.35,12792.0,-12.9011,85,1,58,2026-09-03 04:57:03
407300,2,HANARO Fn골프테마,10405,5,-50,-0.48,10436.0,-18.4596,2,0,57,2026-09-03 04:57:03
488200,2,KIWOOM K-2차전지북미공급망,12660,2,230,1.85,12673.0,-28.735,3848,48,57,2026-09-03 04:57:03
433250,1,UNICORN R&D 액티브,22780,2,175,0.77,22745.0,-28.7695,1,0,57,2026-09-03 04:57:03
0191B0,1,MIDAS 코스닥액티브,28410,2,190,0.67,28300.0,-20.1924,399,11,57,2026-09-03 04:57:03
401590,4,HANARO 글로벌탄소배출권선물ICE(합성),11100,2,15,0.14,11198.0,-6.2976,791,8,57,2026-09-03 04:57:03
219900,4,ACE 중국본토CSI300레버리지(합성),4025,5,-5,-0.12,4059.0,-30.156,124,0,56,2026-09-03 04:57:03
267450,6,RISE 미국장기국채선물인버스(H),11195,2,65,0.58,11140.0,3.151,50,0,56,2026-09-03 04:57:03
483020,2,KIWOOM 의료AI,9240,2,5,0.05,9238.0,-11.7113,4569,42,55,2026-09-03 04:57:03
432600,6,RISE 국채선물3년,55260,2,25,0.05,55271.0,0.8213,2,0,55,2026-09-03 04:57:03
390400,4,KODEX 미국스마트모빌리티S&P,6855,2,5,0.07,6913.0,-25.8465,483,3,55,2026-09-03 04:57:03
0102X0,4,ACE 유럽방산TOP10,9135,5,-65,-0.71,9154.0,-7.6791,892,8,55,2026-09-03 04:57:03
476310,4,RISE 글로벌비만산업TOP2+,9915,2,90,0.92,10002.0,-2.2711,141,1,55,2026-09-03 04:57:03
238670,7,PLUS 스마트베타Quality채권혼합,13620,2,75,0.55,13517.0,0.1849,8484,115,54,2026-09-03 04:57:03
220130,4,SOL 차이나강소기업CSI500(합성 H),6805,2,30,0.44,6831.0,-4.4429,1,0,54,2026-09-03 04:57:03
470310,2,UNICORN 생성형AI강소기업액티브,18085,2,5,0.03,18131.0,-1.1482,235,4,54,2026-09-03 04:57:03
483030,4,KIWOOM 미국블록버스터바이오테크의약품+,11970,2,25,0.21,12095.0,5.1196,676,8,54,2026-09-03 04:57:03
499150,4,SOL 미국S&P500엔화노출(H),10765,2,55,0.51,10734.0,-8.9898,1541,16,54,2026-09-03 04:57:03
321410,7,KODEX 멀티에셋하이인컴(H),10640,2,15,0.14,10643.0,0.7593,3,0,53,2026-09-03 04:57:03
0132D0,7,KoAct 글로벌K컬처밸류체인액티브,9660,5,-140,-1.43,9730.0,5.4897,177,1,53,2026-09-03 04:57:03
0015E0,7,KIWOOM 엔비디아미국30년국채혼합액티브(H),10530,2,90,0.86,10556.0,-3.9851,4472,47,53,2026-09-03 04:57:03
0174J0,7,DAISHIN 오피스리츠플러스,8740,2,60,0.69,8774.0,2.2223,33,0,52,2026-09-03 04:57:03
413220,4,SOL 차이나태양광CSI(합성),4320,5,-35,-0.8,4405.0,-31.3633,1627,7,52,2026-09-03 04:57:03
295000,6,RISE 국채선물10년,51180,2,170,0.33,51167.0,-1.2678,3,0,51,2026-09-03 04:57:03
411860,4,KIWOOM 독일DAX,16680,5,-90,-0.54,16688.0,-7.7162,482,8,50,2026-09-03 04:57:03
498610,4,RISE 인도디지털성장,8235,5,-20,-0.24,8259.0,-3.7861,21289,175,49,2026-09-03 04:57:03
0154H0,4,KoAct 차이나바이오헬스케어액티브,8850,2,65,0.74,8896.0,8.1896,1703,15,49,2026-09-03 04:57:03
267440,6,RISE 미국장기국채선물(H),8050,2,50,0.63,8069.0,-2.32,1900,15,48,2026-09-03 04:57:03
0073X0,5,FOCUS 알리바바미국채커버드콜혼합,8685,5,-115,-1.31,8766.0,-13.6854,702,6,48,2026-09-03 04:57:03
244660,2,KODEX 퀄리티Plus,9530,2,80,0.85,9540.0,-1.8439,5,0,48,2026-09-03 04:57:03
227560,2,TIGER 200 생활소비재,13210,2,70,0.53,13203.0,3.0288,1098,14,48,2026-09-03 04:57:03
0015K0,4,TIGER 미국소비트렌드액티브,6975,2,30,0.43,6964.0,-10.6178,33,0,47,2026-09-03 04:57:03
291630,3,KIWOOM 코스닥150선물레버리지,3270,5,-40,-1.21,3257.0,-50.4862,57893,188,47,2026-09-03 04:57:03
0128D0,4,PLUS 차이나항셍테크위클리타겟커버드콜,6685,5,-55,-0.82,6654.0,-19.0326,437,2,47,2026-09-03 04:57:03
0078V0,4,PLUS 미국로보택시,9357,2,107,1.16,9332.0,-22.5294,116,1,47,2026-09-03 04:57:03
391600,4,ACE 미국친환경그린테마,10155,2,20,0.2,10208.0,-25.478,10,0,46,2026-09-03 04:57:03
488210,2,KIWOOM K-반도체북미공급망,22440,2,460,2.09,22434.0,-16.7125,217,4,45,2026-09-03 04:57:03
243890,2,TIGER 200에너지화학레버리지,8420,2,330,4.08,8435.0,-33.4431,16863,140,44,2026-09-03 04:57:03
373790,4,KIWOOM 미국방어배당성장나스닥,15520,5,-80,-0.51,15477.0,-1.8117,66,1,43,2026-09-03 04:57:03
205720,4,ACE 일본TOPIX인버스(합성 H),1442,5,-18,-1.23,1446.0,-5.3792,597,0,43,2026-09-03 04:57:03
252420,3,RISE 200선물인버스2X,86,5,-2,-2.27,85.0,11.3924,997121,85,43,2026-09-03 04:57:03
0131A0,4,SOL 차이나소비트렌드,7660,5,-25,-0.33,7714.0,-21.8608,4005,30,42,2026-09-03 04:57:03
226380,2,ACE Fn성장소비주도주,6000,5,-15,-0.25,5992.0,-1.6354,631,3,42,2026-09-03 04:57:03
0050E0,4,PLUS 미국AI에이전트,8235,5,-230,-2.72,8287.0,-15.4768,3054,25,41,2026-09-03 04:57:03
334690,5,RISE 팔라듐선물(H),6105,2,220,3.74,6136.0,-8.4759,2874,17,40,2026-09-03 04:57:03
291680,4,RISE 차이나H선물인버스(H),7750,5,-55,-0.7,7813.0,3.1043,21,0,39,2026-09-03 04:57:03
225030,4,TIGER 미국S&P500선물인버스(H),2260,5,-15,-0.66,2259.0,0.4415,6316,14,37,2026-09-03 04:57:03
427120,2,RISE AI플랫폼,5200,3,0,0.0,5197.0,-17.0654,7090,36,35,2026-09-03 04:57:03
267490,6,RISE 미국장기국채선물레버리지(합성 H),5010,2,50,1.01,5012.0,-6.5914,1,0,35,2026-09-03 04:57:03
0079X0,4,ACE BYD밸류체인액티브,9845,5,-25,-0.25,9841.0,-20.0163,584,5,34,2026-09-03 04:57:03
454180,4,KIWOOM 차이나내수소비TOP CSI,7455,5,-75,-1.0,7496.0,-12.231,1124,8,30,2026-09-03 04:57:03
145670,3,ACE 인버스,1339,5,-11,-0.81,1335.0,16.179,63838,85,29,2026-09-03 04:57:03
306530,3,HANARO 코스닥150선물레버리지,6510,5,-90,-1.36,6492.0,-51.0568,5935,38,29,2026-09-03 04:57:03
252410,3,RISE 200선물인버스,1360,5,-9,-0.66,1358.0,16.2139,7074,9,27,2026-09-03 04:57:03
476000,2,UNICORN 포스트IPO액티브,4945,5,-60,-1.2,4949.0,-37.0045,265,1,27,2026-09-03 04:57:03
280940,5,KODEX 골드선물인버스(H),3365,5,-115,-3.3,3391.0,3.7257,3841,12,27,2026-09-03 04:57:03
491630,4,RISE 미국반도체인버스(합성 H),5630,5,-65,-1.14,5579.0,5.268,580,3,27,2026-09-03 04:57:03
291620,3,KIWOOM 코스닥150선물인버스,4445,5,-5,-0.11,4483.0,14.5431,10809,48,25,2026-09-03 04:57:03
253230,3,KIWOOM 200선물인버스2X,82,5,-2,-2.38,81.0,9.0909,377223,30,25,2026-09-03 04:57:03
275750,3,RISE 코스닥150선물인버스,2560,2,20,0.79,2564.0,14.4144,7433,19,24,2026-09-03 04:57:03
280320,4,ACE 미국IT인터넷(합성 H),21380,2,60,0.28,21576.0,-2.6262,36,0,21,2026-09-03 04:57:03
334700,5,RISE 팔라듐선물인버스(H),3190,5,-155,-4.63,3203.0,3.2407,663,2,21,2026-09-03 04:57:03
253240,3,KIWOOM 200선물인버스,1361,5,-13,-0.95,1359.0,16.7374,7687,10,17,2026-09-03 04:57:03
306520,3,HANARO 200선물인버스,2470,5,-40,-1.59,2470.0,15.9353,771,1,15,2026-09-03 04:57:03
253160,3,PLUS 200선물인버스2X,165,5,-5,-2.94,165.0,6.25,355500,58,14,2026-09-03 04:57:03
412560,2,TIGER BBIG레버리지,1740,5,-6,-0.34,1751.0,-35.572,11116,19,12,2026-09-03 04:57:03
261920,4,ACE MSCI필리핀(합성),11985,5,-140,-1.15,12045.0,-7.6543,111,1,12,2026-09-03 04:57:03
465620,4,ACE 미국빅테크TOP7 Plus인버스(합성),6575,5,-10,-0.15,6551.0,9.3853,156,1,7,2026-09-03 04:57:03
