itemcode,etfTabCode,itemname,nowVal,risefall,changeVal,changeRate,nav,threeMonthEarnRate,quant,amonut,marketSum,collected_at
069500,1,KODEX 200,105970,2,2360,2.28,105978.0,-26.6689,19050380,2010825,246168,2026-09-04 06:01:50
360750,4,TIGER 미국S&P500,25995,2,155,0.6,25970.0,-9.1754,33562916,874737,203827,2026-09-04 06:01:50
133690,4,TIGER 미국나스닥100,177065,2,1795,1.02,176429.0,-14.1049,2518264,446443,114295,2026-09-04 06:01:50
379800,4,KODEX 미국S&P500,23630,2,145,0.62,23606.0,-9.1879,24797421,587483,100865,2026-09-04 06:01:50
102110,1,TIGER 200,106205,2,2345,2.26,106158.0,-26.4913,9986682,1055968,100258,2026-09-04 06:01:50
396500,2,TIGER 반도체TOP10,34945,2,1550,4.64,34991.0,-35.8837,7875425,272721,93845,2026-09-04 06:01:50
379810,4,KODEX 미국나스닥100,26480,2,275,1.05,26378.0,-14.118,15137916,401112,91171,2026-09-04 06:01:50
488770,7,KODEX 머니마켓액티브,105430,2,20,0.02,105431.0,0.8515,403700,42562,80697,2026-09-04 06:01:50
278530,1,KODEX 200TR,38380,2,840,2.24,38381.0,-26.5434,575826,22042,75129,2026-09-04 06:01:50
459580,6,KODEX CD금리액티브(합성),1073940,2,90,0.01,1074200.0,0.7393,498020,534842,65640,2026-09-04 06:01:50
498400,2,KODEX 200타겟위클리커버드콜,20100,2,385,1.95,20077.0,-26.0153,5175597,103659,56521,2026-09-04 06:01:50
381180,4,TIGER 미국필라델피아반도체나스닥,40375,2,410,1.03,39917.0,-22.6952,1669985,67270,54910,2026-09-04 06:01:50
122630,3,KODEX 레버리지,103555,2,4455,4.5,103616.0,-55.8555,13303008,1366926,54884,2026-09-04 06:01:50
0167A0,2,SOL AI반도체TOP2플러스,17130,2,635,3.85,17158.0,-33.1239,10525120,178735,54876,2026-09-04 06:01:50
091160,2,KODEX 반도체,124085,2,4755,3.98,124235.0,-27.1824,1071184,132219,54349,2026-09-04 06:01:50
229200,1,KODEX 코스닥150,13765,2,470,3.54,13811.0,-25.9538,24477033,335423,46195,2026-09-04 06:01:50
148020,1,RISE 200,106750,2,2315,2.22,106715.0,-26.7999,604627,64333,43554,2026-09-04 06:01:50
458730,4,TIGER 미국배당다우존스,14970,5,-70,-0.47,14972.0,-1.6758,1569510,23579,43009,2026-09-04 06:01:50
310970,1,TIGER MSCI Korea TR,47260,2,1005,2.17,47297.0,-26.6958,11720,554,42818,2026-09-04 06:01:50
0162Z0,7,RISE 삼성전자SK하이닉스채권혼합50,13245,2,235,1.81,13253.0,-14.2563,5425979,71764,40728,2026-09-04 06:01:50
411060,5,ACE KRX금현물,27300,2,145,0.53,27237.0,-10.0083,655787,17968,40677,2026-09-04 06:01:50
360200,4,ACE 미국S&P500,26280,2,160,0.61,26254.0,-9.2128,601601,15856,39367,2026-09-04 06:01:50
395160,2,KODEX AI반도체TOP2플러스,38635,2,1500,4.04,38651.0,-28.5866,2983399,113930,39330,2026-09-04 06:01:50
381170,4,TIGER 미국테크TOP10 INDXX,30735,2,335,1.1,30642.0,-13.8078,783748,24126,37958,2026-09-04 06:01:50
357870,6,TIGER CD금리투자KIS(합성),58015,2,10,0.02,58012.0,0.7556,119532,6934,35528,2026-09-04 06:01:50
423160,6,KODEX KOFR금리액티브(합성),110705,2,25,0.02,110699.0,0.6839,66870,7402,35296,2026-09-04 06:01:50
395270,2,HANARO Fn K-반도체,54880,2,2250,4.28,54935.0,-28.0028,1174425,64019,34602,2026-09-04 06:01:50
273130,6,KODEX 종합채권(AA-이상)액티브,109870,2,55,0.05,109829.0,-0.795,27136,2981,34178,2026-09-04 06:01:50
367380,4,ACE 미국나스닥100,30440,2,310,1.03,30327.0,-14.1061,657425,20029,34154,2026-09-04 06:01:50
233740,3,KODEX 코스닥150레버리지,6665,2,445,7.15,6689.0,-53.3384,63962007,421446,33598,2026-09-04 06:01:50
102780,2,KODEX 삼성그룹,25995,2,290,1.13,26058.0,-23.7014,373304,9670,33586,2026-09-04 06:01:50
0043B0,6,TIGER 머니마켓액티브,103555,2,5,0.0,103570.0,0.9013,86870,8995,33036,2026-09-04 06:01:50
487240,2,KODEX AI전력핵심설비,34515,2,540,1.59,34523.0,-26.5746,2069377,71342,30132,2026-09-04 06:01:50
455890,6,RISE 머니마켓액티브,55490,2,5,0.01,55498.0,0.8085,124657,6917,27920,2026-09-04 06:01:50
139260,2,TIGER 200 IT,134005,2,4700,3.63,134204.0,-31.3821,278040,37001,26479,2026-09-04 06:01:50
481050,6,KODEX CD1년금리플러스액티브(합성),1022092,2,87,0.01,1022144.0,0.7937,31250,31940,25069,2026-09-04 06:01:50
472150,2,TIGER 배당커버드콜액티브,19820,2,370,1.9,19829.0,-24.2893,2251558,44421,25003,2026-09-04 06:01:50
426030,4,TIME 미국나스닥100액티브,44810,2,1205,2.76,44543.0,-25.468,587361,26280,24278,2026-09-04 06:01:50
161510,2,PLUS 고배당주,25380,5,-215,-0.84,25388.0,-3.1918,509206,12970,24258,2026-09-04 06:01:50
449170,6,TIGER KOFR금리액티브(합성),111790,2,15,0.01,111787.0,0.6755,45167,5049,24074,2026-09-04 06:01:50
486290,4,TIGER 미국나스닥100타겟데일리커버드콜,10305,2,105,1.03,10262.0,-14.2321,1600993,16503,23897,2026-09-04 06:01:50
278540,1,KODEX MSCI Korea TR,37615,2,735,1.99,37650.0,-26.7528,23167,874,23020,2026-09-04 06:01:50
0193T0,2,KODEX SK하이닉스단일종목레버리지,9595,2,675,7.57,9593.0,-70.7972,16344945,155383,22349,2026-09-04 06:01:50
456600,4,TIME 글로벌AI인공지능액티브,57290,2,1035,1.84,57066.0,-21.2832,105841,6062,20819,2026-09-04 06:01:50
385540,6,RISE 종합채권(A-이상)액티브,102905,2,80,0.08,102920.0,-0.8821,683,70,20176,2026-09-04 06:01:50
284430,6,KODEX 200미국채혼합50,20410,2,135,0.67,20460.0,-17.1923,381041,7783,19920,2026-09-04 06:01:50
292150,2,TIGER 코리아TOP10,37060,2,630,1.73,37104.0,-25.7635,521066,19299,19846,2026-09-04 06:01:50
214980,6,KODEX 단기채권PLUS,114665,2,40,0.03,114672.0,0.6876,13445,1541,18121,2026-09-04 06:01:50
294400,1,KIWOOM 200TR,139090,2,3005,2.21,139125.0,-26.5775,106220,14764,17804,2026-09-04 06:01:50
305720,2,KODEX 2차전지산업,14835,2,65,0.44,14833.0,-21.6446,2810267,41934,17283,2026-09-04 06:01:50
441640,4,KODEX 미국배당커버드콜액티브,12590,2,65,0.52,12577.0,-5.1036,590381,7452,16940,2026-09-04 06:01:50
105190,1,ACE 200,106185,2,2285,2.2,106211.0,-26.8476,112036,11856,16777,2026-09-04 06:01:50
442580,4,PLUS 글로벌HBM반도체,97315,2,2255,2.37,96617.0,-25.5454,356408,34598,16690,2026-09-04 06:01:50
477080,6,RISE CD금리액티브(합성),107510,2,15,0.01,107509.0,0.7356,2840,305,16678,2026-09-04 06:01:50
368590,4,RISE 미국나스닥100,29540,2,310,1.06,29423.0,-14.1137,186196,5503,15568,2026-09-04 06:01:50
329200,2,TIGER 리츠부동산인프라,4045,5,-10,-0.25,4049.0,4.9835,2484948,10059,15440,2026-09-04 06:01:50
0177N0,7,KODEX 삼성전자SK하이닉스채권혼합50,13990,2,210,1.52,13994.0,-13.9128,2948641,41131,15277,2026-09-04 06:01:50
446770,4,ACE 글로벌반도체TOP4 Plus,74940,2,760,1.02,74617.0,-20.8107,75392,5643,15063,2026-09-04 06:01:50
453850,6,ACE 미국30년국채액티브(H),7160,2,10,0.14,7146.0,-3.1113,696584,4982,15043,2026-09-04 06:01:50
379780,4,RISE 미국S&P500,22730,2,150,0.66,22701.0,-9.185,482384,10977,14979,2026-09-04 06:01:50
152100,1,PLUS 200,107500,2,2180,2.07,107497.0,-26.6306,243494,26094,14620,2026-09-04 06:01:50
466920,2,SOL 조선TOP3플러스,27545,2,35,0.13,27605.0,-24.3816,682280,18673,14585,2026-09-04 06:01:50
0193W0,2,KODEX 삼성전자단일종목레버리지,11430,2,495,4.53,11437.0,-65.0918,7210504,81664,14573,2026-09-04 06:01:50
487230,4,KODEX 미국AI전력핵심인프라,18950,2,625,3.41,18847.0,-27.6145,1843355,34902,14326,2026-09-04 06:01:50
226490,1,KODEX 코스피,68765,2,1390,2.06,68879.0,-25.452,274645,18840,14166,2026-09-04 06:01:50
0195S0,2,TIGER SK하이닉스단일종목레버리지,8150,2,600,7.95,8141.0,-70.9783,8426692,67985,13335,2026-09-04 06:01:50
232080,1,TIGER 코스닥150,14040,2,460,3.39,14086.0,-25.7112,8569927,119819,13318,2026-09-04 06:01:50
091230,2,TIGER 반도체,131105,2,4750,3.76,131203.0,-26.7787,117500,15301,13137,2026-09-04 06:01:50
157450,6,TIGER 단기통안채,112570,2,10,0.01,112574.0,0.6392,3309,372,12934,2026-09-04 06:01:50
475630,7,TIGER CD1년금리액티브(합성),1076400,2,130,0.01,1076395.0,0.7932,91210,98178,12829,2026-09-04 06:01:50
448330,1,KODEX 삼성전자채권혼합,17280,2,205,1.2,17290.0,-8.0848,263089,4540,12770,2026-09-04 06:01:50
436140,6,SOL 종합채권(AA-이상)액티브,106150,2,65,0.06,106174.0,-0.8459,20,2,12471,2026-09-04 06:01:50
438080,7,ACE 미국S&P500미국채혼합50액티브,13845,2,30,0.22,13822.0,-9.5582,380866,5276,12211,2026-09-04 06:01:50
390390,4,KODEX 미국반도체,51300,2,475,0.93,50798.0,-19.2704,539805,27674,12184,2026-09-04 06:01:50
0072R0,5,TIGER KRX금현물,13050,2,45,0.35,13017.0,-9.5305,543943,7120,12097,2026-09-04 06:01:50
469150,2,ACE AI반도체TOP3+,57080,2,2375,4.34,57148.0,-31.1887,359829,20358,11245,2026-09-04 06:01:50
0183J0,4,TIGER 미국우주테크,7485,2,150,2.04,7364.0,-53.5613,1219201,9102,10995,2026-09-04 06:01:50
0139F0,6,TIGER 12월자동연장금융채(AA-이상)액티브,102160,2,25,0.02,102159.0,0.7795,629,64,10806,2026-09-04 06:01:50
445290,2,KODEX 로봇액티브,30810,2,1635,5.6,30864.0,-40.186,466724,14273,10737,2026-09-04 06:01:50
465580,4,ACE 미국빅테크TOP7 Plus,24305,2,385,1.61,24218.0,-11.0285,355275,8649,10561,2026-09-04 06:01:50
356540,6,ACE 종합채권(AA-이상)액티브,101240,2,30,0.03,101225.0,-0.76,633,64,10498,2026-09-04 06:01:50
494890,1,KODEX 200액티브,30520,2,660,2.21,30526.0,-26.9937,70434,2144,10468,2026-09-04 06:01:50
446720,4,SOL 미국배당다우존스,13720,5,-75,-0.54,13724.0,-1.6138,259348,3571,10400,2026-09-04 06:01:50
449180,4,KODEX 미국S&P500(H),17300,2,190,1.11,17294.0,0.8303,519328,8982,10363,2026-09-04 06:01:50
497570,4,TIGER 미국필라델피아AI반도체나스닥,20640,2,155,0.76,20456.0,-19.5889,340476,7023,10361,2026-09-04 06:01:50
451540,6,TIGER 종합채권(AA-이상)액티브,52780,5,-15,-0.03,52800.0,-0.8917,1874,98,10356,2026-09-04 06:01:50
479520,6,RISE KOFR금리액티브(합성),106410,2,10,0.01,106408.0,0.6908,1104,117,10329,2026-09-04 06:01:50
455850,2,SOL AI반도체소부장,24160,2,965,4.16,24201.0,-17.0126,1043021,24944,10159,2026-09-04 06:01:50
494300,4,KODEX 미국나스닥100데일리커버드콜OTM,8825,2,65,0.74,8795.0,-17.2159,805630,7113,10052,2026-09-04 06:01:50
469830,6,SOL 초단기채권액티브,54397,2,2,0.0,54399.0,0.8622,145776,7930,10011,2026-09-04 06:01:50
449450,2,PLUS K방산,51180,2,85,0.17,51254.0,-19.5482,122625,6264,9903,2026-09-04 06:01:50
295040,1,SOL 200TR,39765,2,885,2.28,39746.0,-26.6416,41735,1649,9842,2026-09-04 06:01:50
402970,4,ACE 미국배당다우존스,15250,5,-45,-0.29,15243.0,-1.8036,143309,2192,9684,2026-09-04 06:01:50
479080,6,1Q 머니마켓액티브,53782,2,2,0.0,53784.0,0.8627,22211,1194,9653,2026-09-04 06:01:50
0117V0,2,TIGER 코리아AI전력기기TOP3플러스,17975,2,255,1.44,17976.0,-25.8327,1077512,19366,9626,2026-09-04 06:01:50
315930,2,KODEX Top5PlusTR,78915,2,410,0.52,78973.0,-26.238,22396,1768,9470,2026-09-04 06:01:50
237350,1,KODEX 코스피100,84475,2,2160,2.62,84574.0,-27.6562,140105,11817,9461,2026-09-04 06:01:50
305540,2,TIGER 2차전지테마,18890,5,-50,-0.26,18909.0,-18.3621,479683,9093,9426,2026-09-04 06:01:50
495050,1,RISE 코리아밸류업,31640,2,420,1.35,31663.0,-23.4689,59693,1883,9365,2026-09-04 06:01:50
494310,2,KODEX 반도체레버리지,73645,2,4615,6.69,74023.0,-59.3427,1935310,140784,9279,2026-09-04 06:01:50
0117L0,6,KODEX 26-12 금융채(AA-이상)액티브,10160,3,0,0.0,10159.0,0.6937,72346,735,9222,2026-09-04 06:01:50
438100,7,ACE 미국나스닥100미국채혼합50액티브,14900,2,40,0.27,14899.0,-12.019,158664,2369,9193,2026-09-04 06:01:50
0195R0,2,TIGER 삼성전자단일종목레버리지,10445,2,505,5.08,10417.0,-65.665,5181857,53714,8675,2026-09-04 06:01:50
498410,2,KODEX 금융고배당TOP10타겟위클리커버드콜,11875,5,-370,-3.02,11865.0,9.6975,2426951,29046,8467,2026-09-04 06:01:50
475720,3,RISE 200위클리커버드콜,12470,2,125,1.01,12479.0,-19.4928,303712,3783,8299,2026-09-04 06:01:50
487340,6,ACE 머니마켓액티브,105890,3,0,0.0,105894.0,0.8908,30533,3232,8199,2026-09-04 06:01:50
0048J0,6,KODEX 미국머니마켓액티브,13490,5,-70,-0.52,13485.0,-9.4677,580707,7849,8182,2026-09-04 06:01:50
466940,2,TIGER 은행고배당플러스TOP10,26780,5,-850,-3.08,26793.0,12.5802,1351416,36489,8181,2026-09-04 06:01:50
153130,6,KODEX 단기채권,113315,2,5,0.0,113322.0,0.6512,6119,693,7997,2026-09-04 06:01:50
144600,5,KODEX 은선물(H),10820,2,145,1.36,10825.0,-15.2442,329761,3575,7974,2026-09-04 06:01:50
441800,1,TIME Korea플러스배당액티브,28600,2,400,1.42,28627.0,-23.5306,146959,4193,7882,2026-09-04 06:01:50
0177R0,2,TIGER 반도체TOP10커버드콜액티브,10965,2,435,4.13,10967.0,-29.352,1235361,13399,7840,2026-09-04 06:01:50
476550,6,TIGER 미국30년국채커버드콜액티브(H),6790,2,25,0.37,6770.0,-3.4065,787363,5338,7812,2026-09-04 06:01:50
0025N0,7,TIGER TDF2045 적격,11895,2,55,0.46,11872.0,-7.4277,134553,1603,7756,2026-09-04 06:01:50
0219E0,2,KODEX 200커버드콜액티브,8195,2,145,1.8,8193.0,,2735856,22310,7736,2026-09-04 06:01:50
481060,6,KODEX 미국30년국채타겟커버드콜(합성 H),7450,2,5,0.07,7460.0,-2.3122,476472,3547,7655,2026-09-04 06:01:50
457480,4,ACE 테슬라밸류체인액티브,18440,2,225,1.24,18606.0,-25.6834,467897,8674,7625,2026-09-04 06:01:50
490590,4,RISE 미국AI밸류체인데일리고정커버드콜,13740,2,280,2.08,13655.0,-20.8534,495642,6809,7605,2026-09-04 06:01:50
462330,2,KODEX 2차전지산업레버리지,1058,2,7,0.67,1059.0,-47.2125,54360523,58147,7479,2026-09-04 06:01:50
069660,1,KIWOOM 200,106060,2,2425,2.34,105871.0,-26.5362,91863,9709,7477,2026-09-04 06:01:50
272580,6,TIGER 단기채권액티브,57112,2,2,0.0,57112.0,0.7586,9317,532,7467,2026-09-04 06:01:50
114800,3,KODEX 인버스,1038,5,-23,-2.17,1039.0,14.8268,507982610,529325,7321,2026-09-04 06:01:50
0061Z0,6,RISE 단기특수은행채액티브,51015,2,5,0.01,51010.0,0.7604,12654,645,7203,2026-09-04 06:01:50
364980,2,TIGER 2차전지TOP10,10415,5,-15,-0.14,10441.0,-15.8871,2328112,24385,7171,2026-09-04 06:01:50
252670,3,KODEX 200선물인버스2X,79,5,-4,-4.82,79.0,9.2105,4928150165,391464,7102,2026-09-04 06:01:50
371460,4,TIGER 차이나전기차SOLACTIVE,9775,5,-5,-0.05,9784.0,-29.1305,43956,433,7065,2026-09-04 06:01:50
458760,4,TIGER 미국배당다우존스타겟커버드콜2호,10935,5,-50,-0.46,10934.0,-1.3531,206572,2263,7031,2026-09-04 06:01:50
456610,6,TIGER 미국달러SOFR금리액티브(합성),58745,5,-310,-0.52,58741.0,-9.3971,20207,1190,6961,2026-09-04 06:01:50
102970,2,KODEX 증권,18135,2,320,1.8,18156.0,-28.4052,236484,4296,6873,2026-09-04 06:01:50
0127P0,4,ACE 미국대형성장주액티브,10320,2,75,0.73,10306.0,-13.8206,159910,1654,6718,2026-09-04 06:01:50
314250,4,KODEX 미국빅테크10(H),63585,2,1325,2.13,63450.0,-0.831,33480,2127,6708,2026-09-04 06:01:50
434730,2,HANARO 원자력iSelect,56625,2,335,0.6,56628.0,-20.7964,73534,4157,6682,2026-09-04 06:01:50
367760,2,RISE 네트워크인프라,56880,2,1750,3.17,56942.0,-34.1575,159053,9033,6655,2026-09-04 06:01:50
495850,1,KODEX 코리아밸류업,31375,2,580,1.88,31416.0,-23.6879,40906,1280,6620,2026-09-04 06:01:50
329750,6,TIGER 미국달러단기채권액티브,12785,5,-60,-0.47,12787.0,-9.733,150807,1933,6612,2026-09-04 06:01:50
0167B0,2,SOL 200타겟위클리커버드콜,11490,2,200,1.77,11505.0,-25.7564,584692,6697,6561,2026-09-04 06:01:50
138540,2,TIGER 현대차그룹플러스,50100,2,300,0.6,50123.0,-32.47,63246,3164,6543,2026-09-04 06:01:50
290130,2,RISE ESG사회책임투자,46015,2,1025,2.28,46076.0,-25.8509,54501,2511,6534,2026-09-04 06:01:50
482730,4,TIGER 미국S&P500타겟데일리커버드콜,11660,2,70,0.6,11638.0,-8.9805,423786,4951,6524,2026-09-04 06:01:50
418660,4,TIGER 미국나스닥100레버리지(합성),38615,2,785,2.08,38336.0,-28.1959,166448,6437,6410,2026-09-04 06:01:50
0148J0,2,TIGER 코리아휴머노이드로봇산업,9285,2,775,9.11,9297.0,-47.7113,8085997,74237,6337,2026-09-04 06:01:50
434060,7,KODEX TDF2050액티브 적격,16655,2,130,0.79,16579.0,-10.4484,46676,776,6279,2026-09-04 06:01:50
489250,4,KODEX 미국배당다우존스,12900,5,-60,-0.46,12902.0,-1.7117,411032,5318,6076,2026-09-04 06:01:50
491010,4,TIGER 글로벌AI전력인프라액티브,23935,2,810,3.5,23716.0,-32.9711,83479,1986,6032,2026-09-04 06:01:50
251600,7,PLUS 고배당주채권혼합,15495,5,-75,-0.48,15497.0,-0.25,258615,4017,5981,2026-09-04 06:01:50
484790,6,KODEX 미국30년국채액티브(H),8240,2,25,0.3,8224.0,-3.2309,636167,5233,5968,2026-09-04 06:01:50
0101N0,2,RISE AI전력인프라,18960,2,425,2.29,18978.0,-20.7229,168124,3176,5953,2026-09-04 06:01:50
277630,1,TIGER 코스피,69875,2,1455,2.13,69915.0,-25.2017,59382,4130,5835,2026-09-04 06:01:50
0015B0,4,KoAct 미국나스닥성장기업액티브,17975,2,465,2.66,17881.0,-29.1381,766144,13759,5824,2026-09-04 06:01:50
449190,4,KODEX 미국나스닥100(H),22270,2,345,1.57,22188.0,-4.661,276420,6141,5657,2026-09-04 06:01:50
0091P0,2,TIGER 코리아원자력,16390,2,35,0.21,16407.0,-16.6412,1342875,21963,5638,2026-09-04 06:01:50
0019K0,7,TIME 미국나스닥100채권혼합50액티브,13120,2,195,1.51,13043.0,-12.462,328948,4302,5602,2026-09-04 06:01:50
488080,3,TIGER 반도체TOP10레버리지,31820,2,2595,8.88,31972.0,-68.3524,3907169,121736,5600,2026-09-04 06:01:50
494670,2,TIGER 조선TOP10,21685,2,90,0.42,21733.0,-23.8943,290485,6260,5562,2026-09-04 06:01:50
477050,6,PLUS 머니마켓액티브,53540,2,10,0.02,53538.0,0.8667,11260,602,5551,2026-09-04 06:01:50
0007F0,6,KODEX 27-12 회사채(AA-이상)액티브,10190,3,0,0.0,10195.0,0.7912,228996,2331,5528,2026-09-04 06:01:50
371160,4,TIGER 차이나항셍테크,6745,2,70,1.05,6750.0,-21.8122,220737,1494,5514,2026-09-04 06:01:50
466950,4,TIGER 글로벌AI액티브,29370,2,535,1.86,29161.0,-32.5498,63571,1864,5510,2026-09-04 06:01:50
491620,4,RISE 미국테크100데일리고정커버드콜,10332,2,107,1.05,10300.0,-12.426,319507,3305,5502,2026-09-04 06:01:50
0105E0,2,SOL 코리아고배당,13045,5,-180,-1.36,13050.0,-2.7773,306787,4019,5407,2026-09-04 06:01:50
385560,6,RISE KIS국고채30년Enhanced,51310,2,75,0.15,51301.0,-10.0036,17197,882,5360,2026-09-04 06:01:50
438330,6,TIGER 우량회사채액티브,115675,2,40,0.03,115688.0,0.7975,1629,188,5320,2026-09-04 06:01:50
462010,2,TIGER 2차전지소재Fn,4850,5,-20,-0.41,4857.0,-28.3297,2057418,10061,5270,2026-09-04 06:01:50
455030,6,KODEX 미국달러SOFR금리액티브(합성),11605,5,-55,-0.47,11594.0,-9.4055,179807,2094,5269,2026-09-04 06:01:50
396520,4,TIGER 차이나반도체FACTSET,12755,5,-340,-2.6,12727.0,-15.2702,424671,5517,5265,2026-09-04 06:01:50
365780,6,ACE 국고채10년,82490,2,160,0.19,82439.0,-0.7953,3060,252,5199,2026-09-04 06:01:50
451000,6,PLUS 종합채권(AA-이상)액티브,107135,3,0,0.0,107218.0,-0.8515,0,0,5089,2026-09-04 06:01:50
423920,4,TIGER 미국필라델피아반도체레버리지(합성),74160,2,1250,1.71,72524.0,-47.2815,74110,5453,5073,2026-09-04 06:01:50
496080,1,TIGER 코리아밸류업,31485,2,440,1.42,31516.0,-22.9854,49289,1549,5069,2026-09-04 06:01:50
315960,2,RISE 대형고배당10TR,76315,2,825,1.09,76371.0,-26.7017,45918,3505,5037,2026-09-04 06:01:50
435420,7,TIGER 미국나스닥100채권혼합50,13925,2,90,0.65,13902.0,-7.1296,92198,1283,4992,2026-09-04 06:01:50
444200,2,SOL 코리아메가테크액티브,44425,2,920,2.11,44454.0,-28.9715,92418,4103,4953,2026-09-04 06:01:50
251350,4,KODEX MSCI선진국,38690,2,340,0.89,38667.0,-8.287,17409,674,4952,2026-09-04 06:01:50
114260,6,KODEX 국고채3년,61820,5,-15,-0.02,61825.0,0.8316,6431,397,4926,2026-09-04 06:01:50
0190C0,2,RISE 현대차고정피지컬AI,8140,2,165,2.07,8145.0,-44.9241,427975,3484,4925,2026-09-04 06:01:50
463250,2,TIGER K방산&우주,32600,3,0,0.0,32617.0,-18.5,80518,2622,4906,2026-09-04 06:01:50
476800,7,KODEX 한국부동산리츠인프라,4225,5,-10,-0.24,4254.0,0.6841,512956,2169,4863,2026-09-04 06:01:50
499660,7,TIGER CD금리플러스액티브(합성),1000880,2,90,0.01,1000870.0,0.7875,13580,13591,4826,2026-09-04 06:01:50
361580,1,RISE 200TR,60280,2,1355,2.3,60240.0,-26.7922,49159,2956,4792,2026-09-04 06:01:50
490490,7,SOL 미국배당미국채혼합50,10950,5,-45,-0.41,10954.0,-6.5805,175599,1928,4730,2026-09-04 06:01:50
496020,6,WON 전단채플러스액티브,52487,2,2,0.0,52488.0,0.9326,2346,123,4693,2026-09-04 06:01:50
448290,4,TIGER 미국S&P500(H),17940,2,195,1.1,17925.0,0.7148,85722,1536,4646,2026-09-04 06:01:50
471230,6,KODEX 국고채10년액티브,103870,2,180,0.17,103819.0,-0.8226,2383,247,4604,2026-09-04 06:01:50
483280,4,KODEX 미국AI테크TOP10타겟커버드콜,11545,2,130,1.14,11507.0,-14.4457,235688,2726,4583,2026-09-04 06:01:50
473290,6,KODEX 26-12 회사채(AA-이상)액티브,10880,3,0,0.0,10887.0,0.7407,50048,544,4504,2026-09-04 06:01:50
243880,2,TIGER 200IT레버리지,315130,2,23630,8.11,316008.0,-65.4212,102825,31819,4491,2026-09-04 06:01:50
0163Y0,1,KoAct 코스닥액티브,8810,2,335,3.95,8835.0,-27.0341,409188,3568,4484,2026-09-04 06:01:50
447770,7,TIGER 테슬라채권혼합Fn,13900,2,145,1.05,13944.0,-6.1304,184163,2562,4427,2026-09-04 06:01:50
0016X0,6,SOL 중단기회사채(A-이상)액티브,51515,2,15,0.03,51517.0,0.9309,196,10,4319,2026-09-04 06:01:50
451060,1,1Q 200액티브,33885,2,675,2.03,33883.0,-27.2224,48086,1624,4270,2026-09-04 06:01:50
148070,6,KIWOOM 국고채10년,104510,2,170,0.16,104491.0,-0.7987,22999,2401,4260,2026-09-04 06:01:50
0162M0,6,KODEX 금융채1~2년(AA-이상)PLUS액티브,10065,3,0,0.0,10074.0,0.7507,1586,15,4247,2026-09-04 06:01:50
474220,4,TIGER 미국테크TOP10타겟커버드콜,14945,2,145,0.98,14905.0,-10.8558,51314,768,4207,2026-09-04 06:01:50
293180,1,HANARO 200,106235,2,2335,2.25,106208.0,-26.6716,39402,4177,4196,2026-09-04 06:01:50
471990,2,KODEX AI반도체핵심장비,24220,2,1040,4.49,24256.0,-21.9288,702652,16843,3984,2026-09-04 06:01:50
480260,6,TIGER 27-04회사채(A+이상)액티브,53830,3,0,0.0,53840.0,0.7109,4683,252,3978,2026-09-04 06:01:50
0060H0,1,TIGER 토탈월드스탁액티브,12575,2,95,0.76,12574.0,-9.2755,63472,799,3936,2026-09-04 06:01:50
426020,4,TIME 미국S&P500액티브,31550,2,405,1.3,31485.0,-14.7764,100094,3159,3931,2026-09-04 06:01:50
0023A0,4,SOL 미국양자컴퓨팅TOP10,23020,2,480,2.13,22678.0,-40.5748,129528,2973,3925,2026-09-04 06:01:50
241180,4,TIGER 일본니케이225,33885,2,465,1.39,33940.0,-12.5818,21362,724,3863,2026-09-04 06:01:50
385720,1,TIME 코스피액티브,24905,2,455,1.86,24936.0,-27.2538,22091,546,3860,2026-09-04 06:01:50
091180,2,KODEX 자동차,27225,2,15,0.06,27262.0,-32.8881,97963,2675,3839,2026-09-04 06:01:50
484880,2,SOL 금융지주플러스고배당,22780,5,-665,-2.84,22790.0,12.8166,852943,19633,3838,2026-09-04 06:01:50
458250,6,TIGER 미국30년국채스트립액티브(합성 H),34570,2,20,0.06,34507.0,-5.8327,68494,2367,3829,2026-09-04 06:01:50
302450,1,RISE 코스피,69320,2,1240,1.82,69439.0,-25.4732,52546,3630,3813,2026-09-04 06:01:50
132030,5,KODEX 골드선물(H),25070,2,270,1.09,25086.0,-3.3139,82750,2075,3786,2026-09-04 06:01:50
469070,2,RISE AI&로봇,11060,2,545,5.18,11091.0,-40.0172,556664,6132,3705,2026-09-04 06:01:50
439860,6,KODEX ESG종합채권(A-이상)액티브,113670,2,10,0.01,113708.0,0.5306,29,3,3695,2026-09-04 06:01:50
385550,6,RISE 단기채권알파액티브,114180,2,15,0.01,114182.0,0.7634,1823,208,3693,2026-09-04 06:01:50
476760,6,ACE 미국30년국채액티브,8740,5,-40,-0.46,8718.0,-13.2024,647357,5667,3627,2026-09-04 06:01:50
462900,2,KoAct 바이오헬스케어액티브,13645,2,290,2.17,13676.0,-25.0562,463999,6301,3616,2026-09-04 06:01:50
0131V0,4,1Q 미국우주항공테크,11090,2,295,2.73,10991.0,-30.5342,95351,1058,3599,2026-09-04 06:01:50
0040Y0,7,SOL 팔란티어커버드콜OTM채권혼합,8035,2,130,1.64,8040.0,-2.8469,165055,1326,3584,2026-09-04 06:01:50
0173Y0,4,KODEX 미국AI광통신네트워크,10025,5,-235,-2.29,9850.0,-32.3087,820166,8154,3564,2026-09-04 06:01:50
0046A0,6,TIGER 미국초단기(3개월이하)국채,9345,5,-50,-0.53,9346.0,-9.638,483695,4532,3542,2026-09-04 06:01:50
310960,1,TIGER 200TR,61860,2,995,1.63,61887.0,-26.3002,153314,9457,3526,2026-09-04 06:01:50
279530,2,KODEX 고배당주,17840,5,-210,-1.16,17853.0,2.3162,157984,2827,3514,2026-09-04 06:01:50
0167Z0,4,KODEX 미국우주항공,7525,2,110,1.48,7399.0,-45.7982,339022,2544,3458,2026-09-04 06:01:50
448300,4,TIGER 미국나스닥100(H),22990,2,350,1.55,22909.0,-4.601,72482,1662,3437,2026-09-04 06:01:50
0052D0,2,TIGER 코리아배당다우존스,15610,5,-115,-0.73,15618.0,-4.0067,77611,1216,3419,2026-09-04 06:01:50
0144L0,4,KODEX 미국성장커버드콜액티브,9375,2,90,0.97,9342.0,-12.1841,119629,1122,3413,2026-09-04 06:01:50
439870,6,KODEX 국고채30년액티브,86585,2,25,0.03,86681.0,-7.7334,3636,315,3398,2026-09-04 06:01:50
442570,7,RISE TDF2050액티브 적격,17235,2,105,0.61,17129.0,-10.143,58079,1001,3395,2026-09-04 06:01:50
0043Y0,4,TIME 차이나AI테크액티브,19320,2,5,0.03,19322.0,-22.3518,45718,889,3391,2026-09-04 06:01:50
0026S0,4,1Q 미국S&P500,12720,2,75,0.59,12706.0,-9.2504,96787,1233,3384,2026-09-04 06:01:50
453810,4,KODEX 인도Nifty50,11515,5,-75,-0.65,11564.0,-6.5999,88123,1017,3380,2026-09-04 06:01:50
474590,2,WON 반도체밸류체인액티브,42715,2,1655,4.03,42652.0,-21.6637,39766,1688,3374,2026-09-04 06:01:50
472170,7,TIGER 미국테크TOP10채권혼합,13890,2,100,0.73,13866.0,-6.8873,63292,878,3368,2026-09-04 06:01:50
0080G0,2,KODEX 방산TOP10,9890,2,50,0.51,9894.0,-18.7645,1711532,16941,3353,2026-09-04 06:01:50
0182R0,2,1Q K반도체TOP2+,10220,2,405,4.13,10226.0,-35.5549,1549740,15686,3291,2026-09-04 06:01:50
456880,7,ACE 미국달러SOFR금리(합성),11890,5,-60,-0.5,11886.0,-9.504,70680,842,3279,2026-09-04 06:01:50
448630,7,RISE 삼성그룹Top3채권혼합,15245,2,130,0.86,15241.0,-4.7875,63269,964,3247,2026-09-04 06:01:50
190620,6,ACE 단기통안채,102035,2,10,0.01,102040.0,0.7107,1134,115,3226,2026-09-04 06:01:50
0228G0,2,ACE 반도체Plus전략산업,9860,2,165,1.7,9879.0,,752728,7390,3205,2026-09-04 06:01:50
0052S0,7,1Q 미국S&P500미국채혼합50액티브,11390,2,15,0.13,11377.0,-9.5179,67533,771,3201,2026-09-04 06:01:50
385510,2,KODEX 신재생에너지액티브,37730,2,630,1.7,37759.0,-21.5148,488849,18451,3169,2026-09-04 06:01:50
270810,1,RISE 코스닥150,13715,2,455,3.43,13748.0,-25.7351,94691,1291,3149,2026-09-04 06:01:50
489030,2,PLUS 고배당주위클리커버드콜,6620,5,-105,-1.56,6605.0,2.1093,457164,3038,3068,2026-09-04 06:01:50
485540,4,KODEX 미국AI테크TOP10,14990,2,200,1.35,14932.0,-15.2036,261257,3921,3035,2026-09-04 06:01:50
0210A0,2,ACE K반도체TOP2+,6940,2,225,3.35,6946.0,,1851437,12704,3002,2026-09-04 06:01:50
0111P0,7,1Q 미국나스닥100미국채혼합50액티브,10590,2,25,0.24,10570.0,-11.9769,167578,1777,2997,2026-09-04 06:01:50
0008S0,4,TIGER 미국배당다우존스타겟데일리커버드콜,9955,5,-50,-0.5,9951.0,-1.7432,485953,4853,2996,2026-09-04 06:01:50
433330,4,SOL 미국S&P500,21715,2,145,0.67,21687.0,-9.2655,50779,1105,2953,2026-09-04 06:01:50
454780,6,KIWOOM 종합채권(AA-이상)액티브,99520,2,40,0.04,99539.0,-0.8769,3008,299,2901,2026-09-04 06:01:50
136340,6,RISE 중기우량회사채,104175,2,40,0.04,104216.0,0.6353,18382,1915,2898,2026-09-04 06:01:50
475080,7,KODEX 테슬라커버드콜채권혼합액티브,7885,2,40,0.51,7893.0,-4.9871,76370,603,2878,2026-09-04 06:01:50
483320,4,ACE 엔비디아밸류체인액티브,23745,2,510,2.19,23545.0,-24.6229,49637,1174,2861,2026-09-04 06:01:50
091170,2,KODEX 은행,16390,5,-525,-3.1,16403.0,15.7491,1283362,21283,2852,2026-09-04 06:01:50
481190,4,SOL 미국테크TOP10,16690,2,190,1.15,16638.0,-13.7932,87938,1470,2837,2026-09-04 06:01:50
228790,2,TIGER 화장품,4530,5,-75,-1.63,4537.0,34.4525,6412032,29181,2827,2026-09-04 06:01:50
307520,2,TIGER 지주회사,22585,2,715,3.27,22577.0,-15.3453,198364,4441,2823,2026-09-04 06:01:50
453870,4,TIGER 인도니프티50,11305,5,-60,-0.53,11319.0,-7.1445,34886,395,2821,2026-09-04 06:01:50
461490,7,RISE 글로벌자산배분액티브,14600,2,35,0.24,14621.0,-4.4605,29341,429,2818,2026-09-04 06:01:50
0094K0,6,TIGER 28-04 회사채(A+이상)액티브,99740,2,40,0.04,99711.0,0.9262,9662,963,2805,2026-09-04 06:01:50
497880,6,SOL CD금리&머니마켓액티브,50047,2,2,0.0,50046.0,0.8926,100240,5016,2804,2026-09-04 06:01:50
273140,6,KODEX 단기변동금리부채권액티브,114730,3,0,0.0,114742.0,0.63,6647,762,2801,2026-09-04 06:01:50
441680,7,TIGER 미국나스닥100커버드콜(합성),10590,2,45,0.43,10575.0,-6.8059,50589,536,2785,2026-09-04 06:01:50
0038A0,4,KODEX 미국휴머노이드로봇,14720,2,205,1.41,14651.0,-22.7401,198997,2930,2782,2026-09-04 06:01:50
473330,6,SOL 미국30년국채커버드콜(합성),7810,5,-30,-0.38,7815.0,-12.8142,122310,957,2737,2026-09-04 06:01:50
475300,2,SOL 반도체전공정,21315,2,940,4.61,21311.0,-5.1002,966715,20403,2718,2026-09-04 06:01:50
0119H0,6,KODEX 28-12 회사채(AA-이상)액티브,9940,2,5,0.05,9936.0,0.8117,33050,328,2707,2026-09-04 06:01:50
0098F0,2,KODEX 원자력SMR,15455,2,5,0.03,15456.0,-17.0693,842739,12978,2697,2026-09-04 06:01:50
471780,2,TIGER 코리아테크액티브,34665,2,1180,3.52,34728.0,-27.0003,69221,2380,2687,2026-09-04 06:01:50
213610,2,KODEX 삼성그룹밸류,22140,2,125,0.57,22188.0,-20.7096,6468,143,2635,2026-09-04 06:01:50
196230,6,RISE 단기통안채,116960,2,35,0.03,116982.0,0.6066,2394,280,2634,2026-09-04 06:01:50
364970,2,TIGER 바이오TOP10,7200,2,55,0.77,7217.0,-3.1843,438252,3156,2624,2026-09-04 06:01:50
123320,3,TIGER 레버리지,104360,2,4495,4.5,104205.0,-55.0593,103285,10702,2609,2026-09-04 06:01:50
409820,4,KODEX 미국나스닥100레버리지(합성 H),20065,2,630,3.24,19937.0,-11.1949,59043,1179,2568,2026-09-04 06:01:50
472920,6,HK 종합채권(AA-이상)액티브,97885,3,0,0.0,98038.0,-0.8509,0,0,2540,2026-09-04 06:01:50
0053L0,4,TIGER 차이나휴머노이드로봇,9345,5,-20,-0.21,9344.0,-31.6079,1263413,11890,2537,2026-09-04 06:01:50
471040,4,KoAct 글로벌AI&로봇액티브,27720,2,820,3.05,27549.0,-30.5,71370,1967,2536,2026-09-04 06:01:50
0162Y0,1,TIME 코스닥액티브,7225,2,275,3.96,7242.0,-31.4596,236690,1696,2503,2026-09-04 06:01:50
139230,2,TIGER 200 중공업,12730,2,125,0.99,12756.0,-25.6444,37582,477,2493,2026-09-04 06:01:50
0183V0,7,KIWOOM 삼성전자&SK하이닉스채권혼합50,11615,2,165,1.44,11629.0,-13.2401,389202,4509,2486,2026-09-04 06:01:50
423170,4,SOL 글로벌AI반도체탑픽액티브,55330,2,830,1.52,55087.0,-23.8029,7675,423,2468,2026-09-04 06:01:50
283580,4,KODEX 차이나CSI300,14860,5,-45,-0.3,14863.0,-14.9334,28150,420,2459,2026-09-04 06:01:50
421320,2,PLUS 우주항공,25770,2,835,3.35,25795.0,-35.6517,26790,688,2409,2026-09-04 06:01:50
495230,1,KoAct 코리아밸류업액티브,30230,2,650,2.2,30237.0,-26.291,29218,879,2403,2026-09-04 06:01:50
245710,4,ACE 베트남VN30(합성),28360,5,-35,-0.12,28861.0,-10.4683,21364,607,2382,2026-09-04 06:01:50
493810,4,TIGER 미국AI빅테크10타겟데일리커버드콜,11355,2,95,0.84,11321.0,-12.3739,120944,1375,2373,2026-09-04 06:01:50
0094M0,2,RISE 코리아밸류업위클리고정커버드콜,17560,2,170,0.98,17535.0,-18.3892,474124,8303,2371,2026-09-04 06:01:50
452360,4,SOL 미국배당다우존스(H),13690,2,15,0.11,13684.0,9.2332,301004,4125,2368,2026-09-04 06:01:50
478150,4,TIME 글로벌우주테크&방산액티브,18560,2,40,0.22,18576.0,-22.6238,525400,9766,2357,2026-09-04 06:01:50
483340,4,ACE 구글밸류체인액티브,20830,2,285,1.39,20648.0,-29.3744,36190,752,2354,2026-09-04 06:01:50
448540,7,ACE 엔비디아채권혼합,26675,2,110,0.41,26610.0,-2.7458,24736,660,2347,2026-09-04 06:01:50
363580,2,KODEX 200IT TR,54330,2,2030,3.88,54365.0,-30.2155,95206,5136,2336,2026-09-04 06:01:50
363570,6,KODEX 장기종합채권(AA-이상)액티브,86235,2,20,0.02,86248.0,-2.9384,21,1,2329,2026-09-04 06:01:50
329650,7,KODEX TRF3070,14040,2,35,0.25,14067.0,-3.4048,17504,245,2317,2026-09-04 06:01:50
0182S0,7,1Q K반도체TOP2채권혼합50,12275,2,190,1.57,12278.0,-15.2822,118640,1452,2314,2026-09-04 06:01:50
472160,4,TIGER 미국테크TOP10 INDXX(H),19125,2,325,1.73,19066.0,-4.617,108663,2074,2305,2026-09-04 06:01:50
0092C0,6,SOL 27-12 회사채(AA-이상)액티브,50300,3,0,0.0,50302.0,0.8723,100,5,2281,2026-09-04 06:01:50
388420,2,RISE 비메모리반도체액티브,25915,2,770,3.06,25909.0,-33.6125,11670,301,2281,2026-09-04 06:01:50
437080,6,KODEX 미국종합채권ESG액티브(H),96630,2,70,0.07,96668.0,-1.3937,11348,1096,2276,2026-09-04 06:01:50
458260,6,TIGER 미국투자등급회사채액티브(H),46195,2,30,0.06,46138.0,-2.1925,5859,270,2264,2026-09-04 06:01:50
0089D0,2,KODEX 금융고배당TOP10,13470,5,-380,-2.74,13474.0,7.7426,245703,3334,2263,2026-09-04 06:01:50
157500,2,TIGER 증권,12340,2,200,1.65,12358.0,-27.7548,245138,3030,2246,2026-09-04 06:01:50
442320,4,RISE 글로벌원자력,35150,2,400,1.15,35122.0,-21.3544,5953,209,2204,2026-09-04 06:01:50
488980,6,SOL 26-12 회사채(AA-이상)액티브,52135,5,-5,-0.01,52144.0,0.773,99,5,2185,2026-09-04 06:01:50
422420,2,RISE 2차전지액티브,6720,2,55,0.83,6712.0,-27.8081,87816,591,2173,2026-09-04 06:01:50
244580,2,KODEX 바이오,8195,2,120,1.49,8210.0,-23.1319,211294,1726,2137,2026-09-04 06:01:50
0104N0,2,TIGER 200타겟위클리커버드콜,20475,2,375,1.87,20468.0,-26.6775,27389,558,2129,2026-09-04 06:01:50
305080,6,TIGER 미국채10년선물,11990,5,-50,-0.42,11989.0,-11.6979,43116,518,2122,2026-09-04 06:01:50
486450,4,SOL 미국AI전력인프라,19170,2,320,1.7,19106.0,-23.746,36951,709,2099,2026-09-04 06:01:50
490090,4,TIGER 미국AI빅테크10,15825,2,160,1.02,15780.0,-12.0191,73788,1169,2081,2026-09-04 06:01:50
498270,4,KIWOOM 미국양자컴퓨팅,13870,2,195,1.43,13716.0,-27.8409,26879,372,2074,2026-09-04 06:01:50
117700,2,KODEX 건설,6625,2,40,0.61,6629.0,-11.4143,1506971,9940,2067,2026-09-04 06:01:50
266160,2,RISE 고배당,32485,2,345,1.07,32464.0,-20.0736,28380,921,2063,2026-09-04 06:01:50
414780,4,TIGER 차이나과창판STAR50(합성),13130,5,-260,-1.94,13154.0,-13.8076,97877,1302,2042,2026-09-04 06:01:50
0233J0,7,TIGER 삼성전자SK하이닉스미국채혼합50,10200,2,135,1.34,10209.0,,172937,1761,2040,2026-09-04 06:01:50
0204D0,2,KODEX 현대차로보틱스밸류체인TOP3플러스,6115,2,15,0.25,6112.0,,407385,2493,2033,2026-09-04 06:01:50
463050,2,TIME K바이오액티브,12190,2,290,2.44,12220.0,-22.7022,196458,2378,2030,2026-09-04 06:01:50
332930,1,HANARO 200TR,139180,2,3220,2.37,139120.0,-26.7872,445,61,2018,2026-09-04 06:01:50
0151S0,4,KODEX 미국AI반도체TOP3플러스,14515,2,170,1.19,14381.0,-21.5141,43791,634,2010,2026-09-04 06:01:50
466930,2,SOL 자동차TOP3플러스,24785,2,160,0.65,24798.0,-38.9564,73802,1828,2008,2026-09-04 06:01:50
433500,2,ACE 원자력TOP10,54150,2,300,0.56,54133.0,-22.2383,18865,1018,2004,2026-09-04 06:01:50
0005A0,4,KODEX 미국S&P500데일리커버드콜OTM,9290,2,80,0.87,9280.0,-9.6299,158646,1474,1997,2026-09-04 06:01:50
261260,7,KODEX 미국달러선물인버스2X,5565,2,45,0.82,5577.0,23.7668,299649,1660,1997,2026-09-04 06:01:50
267770,3,TIGER 200선물레버리지,79500,2,3450,4.54,79336.0,-55.9003,34714,2730,1988,2026-09-04 06:01:50
0115D0,2,KODEX 조선TOP10,7615,2,10,0.13,7627.0,-22.9874,770178,5819,1957,2026-09-04 06:01:50
495060,1,TIME 코리아밸류업액티브,27735,2,335,1.22,27776.0,-30.3862,60062,1658,1941,2026-09-04 06:01:50
302190,6,TIGER 중장기국채,50090,2,70,0.14,50077.0,-0.04,12706,635,1933,2026-09-04 06:01:50
0192Z0,6,TIGER 중기종합채권(A-이상)액티브,100960,3,0,0.0,100992.0,0.8692,0,0,1928,2026-09-04 06:01:50
0047A0,4,TIGER 차이나테크TOP10,12650,2,200,1.61,12472.0,-23.6431,78678,989,1910,2026-09-04 06:01:50
0091C0,6,KODEX 미국10년국채액티브(H),9560,2,20,0.21,9544.0,-1.5413,24176,230,1903,2026-09-04 06:01:50
429000,4,TIGER 미국S&P500배당귀족,13260,5,-10,-0.08,13240.0,-2.2666,39064,518,1890,2026-09-04 06:01:50
433980,7,KODEX TDF2040액티브 적격,15745,2,75,0.48,15678.0,-7.0503,27367,431,1889,2026-09-04 06:01:50
0069M0,4,1Q 미국나스닥100,13250,2,135,1.03,13199.0,-14.1353,58642,777,1882,2026-09-04 06:01:50
486830,6,HANARO 머니마켓액티브,53310,2,10,0.02,53307.0,0.8133,1586,84,1871,2026-09-04 06:01:50
495550,1,SOL 코리아밸류업TR,32185,2,410,1.29,32166.0,-23.4338,19548,624,1867,2026-09-04 06:01:50
394670,4,TIGER 글로벌리튬&2차전지SOLACTIVE(합성),11080,5,-30,-0.27,11132.0,-22.0078,9769,108,1866,2026-09-04 06:01:50
0082V0,7,KODEX TDF2060액티브 적격,11145,2,65,0.59,11099.0,-10.3312,25576,285,1856,2026-09-04 06:01:50
480040,4,ACE 미국반도체데일리타겟커버드콜(합성),13970,2,130,0.94,13797.0,-27.5202,156707,2180,1844,2026-09-04 06:01:50
412570,2,TIGER 2차전지TOP10레버리지,1292,2,13,1.02,1291.0,-40.2337,4916123,6403,1840,2026-09-04 06:01:50
483290,4,KODEX 미국배당다우존스타겟커버드콜,10220,5,-75,-0.73,10229.0,-1.1358,193760,1988,1799,2026-09-04 06:01:50
494330,2,ACE 라이프자산주주가치액티브,32585,2,70,0.22,32578.0,-4.8026,36575,1190,1792,2026-09-04 06:01:50
122090,1,PLUS 코스피50,79540,2,1520,1.95,79569.0,-28.0326,36847,2930,1790,2026-09-04 06:01:50
0093A0,2,RISE AI반도체TOP10,32260,2,1860,6.12,32289.0,-22.0513,70221,2226,1774,2026-09-04 06:01:50
473460,4,KODEX 미국서학개미,23345,2,550,2.41,23304.0,-19.8769,15213,355,1774,2026-09-04 06:01:50
461950,2,KODEX 2차전지핵심소재10,5000,3,0,0.0,4996.0,-26.2653,724083,3632,1763,2026-09-04 06:01:50
0099L0,6,ACE 우량회사채(AA-이상)액티브,99740,2,75,0.08,99772.0,0.9419,7623,760,1739,2026-09-04 06:01:50
0005G0,2,IBK K-AI반도체코어테크,50115,2,2205,4.6,50273.0,-33.0922,15139,754,1729,2026-09-04 06:01:50
0040X0,7,SOL 팔란티어미국채커버드콜혼합,9330,2,160,1.74,9325.0,-6.4868,120050,1123,1717,2026-09-04 06:01:50
332500,1,ACE 200TR,71355,2,1555,2.23,71287.0,-26.7653,22538,1607,1713,2026-09-04 06:01:50
480020,4,ACE 미국빅테크7+데일리타겟커버드콜(합성),10395,2,125,1.22,10329.0,-19.0417,142891,1485,1705,2026-09-04 06:01:50
490600,4,RISE 미국배당100데일리고정커버드콜,9020,5,-60,-0.66,9018.0,-0.963,319639,2892,1687,2026-09-04 06:01:50
0190G0,2,KODEX 반도체타겟위클리커버드콜,8645,2,280,3.35,8636.0,-23.8054,198843,1705,1686,2026-09-04 06:01:50
200250,4,KIWOOM 인도Nifty50(합성),21140,5,-120,-0.56,21206.0,-6.7749,3466,73,1670,2026-09-04 06:01:50
472870,6,RISE 미국30년국채엔화노출(합성 H),6865,2,15,0.22,6882.0,-12.6499,160076,1104,1665,2026-09-04 06:01:50
403790,1,MIDAS 코스피액티브,56575,2,1340,2.43,56565.0,-24.1278,38937,2205,1655,2026-09-04 06:01:50
237370,7,KODEX 코리아배당성장채권혼합,15755,5,-5,-0.03,15777.0,-1.8549,17455,275,1639,2026-09-04 06:01:50
0064K0,5,KODEX 금액티브,12680,2,85,0.67,12677.0,-12.2606,144722,1842,1638,2026-09-04 06:01:50
160580,5,TIGER 구리실물,16035,2,15,0.09,16044.0,-7.8781,29126,469,1636,2026-09-04 06:01:50
0051G0,4,SOL 미국원자력SMR,13290,2,120,0.91,13123.0,-19.6217,8871,117,1635,2026-09-04 06:01:50
233160,3,TIGER 코스닥150 레버리지,7390,2,475,6.87,7386.0,-53.5907,1698979,12442,1629,2026-09-04 06:01:50
494220,2,UNICORN SK하이닉스밸류체인액티브,45990,2,1620,3.65,46061.0,-17.2511,69164,3156,1610,2026-09-04 06:01:50
337160,2,KODEX 200ESG,46645,2,650,1.41,46699.0,-25.285,3883,180,1586,2026-09-04 06:01:50
480030,4,ACE 미국500데일리타겟커버드콜(합성),9860,2,30,0.31,9812.0,-11.0308,76521,754,1578,2026-09-04 06:01:50
272560,6,RISE 단기국공채액티브,114900,2,5,0.0,114915.0,0.7188,1834,210,1575,2026-09-04 06:01:50
491610,6,1Q CD금리액티브(합성),104890,2,15,0.01,104873.0,0.7202,2044,214,1556,2026-09-04 06:01:50
0005D0,2,SOL 전고체배터리&실리콘음극재,14500,2,240,1.68,14511.0,-31.4259,533346,7776,1537,2026-09-04 06:01:50
464240,6,KIWOOM 26-09회사채(AA-이상)액티브,52420,2,5,0.01,52430.0,0.7199,11,0,1536,2026-09-04 06:01:50
354500,1,ACE 코스닥150,13930,2,475,3.53,13954.0,-25.5602,111176,1542,1504,2026-09-04 06:01:50
219480,4,KODEX 미국S&P500선물(H),33430,2,350,1.06,33443.0,0.7614,1781,59,1504,2026-09-04 06:01:50
152870,1,파워 200,107045,2,2395,2.29,106957.0,-26.6274,1075,114,1499,2026-09-04 06:01:50
143860,2,TIGER 헬스케어,37150,2,450,1.23,37223.0,-12.8887,13466,499,1493,2026-09-04 06:01:50
0153K0,2,KODEX 주주환원고배당주,12310,5,-210,-1.68,12327.0,0.521,137700,1706,1490,2026-09-04 06:01:50
458210,7,KIWOOM CD금리액티브(합성),110645,2,15,0.01,110605.0,0.7375,747,82,1486,2026-09-04 06:01:50
491820,2,HANARO 전력설비투자,41250,2,655,1.61,41280.0,-26.7371,63469,2612,1485,2026-09-04 06:01:50
138520,2,TIGER 삼성그룹,36345,2,285,0.79,36361.0,-22.1755,16838,607,1468,2026-09-04 06:01:50
488720,7,WON 종합채권(AA-이상)액티브,48620,2,20,0.04,48627.0,-0.7556,1,0,1466,2026-09-04 06:01:50
0127M0,4,ACE 미국대형가치주액티브,12200,2,5,0.04,12199.0,-2.8688,1714,20,1458,2026-09-04 06:01:50
0180V0,4,ACE 미국우주테크액티브,7680,2,140,1.86,7589.0,-44.2514,140542,1077,1452,2026-09-04 06:01:50
451530,6,TIGER 국고채30년스트립액티브,34475,3,0,0.0,34521.0,-15.0549,3088,106,1443,2026-09-04 06:01:50
0048K0,4,KODEX 차이나휴머노이드로봇,8090,5,-130,-1.58,8080.0,-26.4365,318102,2614,1440,2026-09-04 06:01:50
245340,4,TIGER 미국다우존스30,35340,2,190,0.54,35346.0,-6.0916,6180,219,1435,2026-09-04 06:01:50
481180,4,SOL 미국AI소프트웨어,16200,2,305,1.92,16221.0,-9.1715,140230,2280,1434,2026-09-04 06:01:50
0104H0,7,KoAct 미국나스닥채권혼합50액티브,11555,2,110,0.96,11508.0,-14.2697,35947,414,1415,2026-09-04 06:01:50
0151P0,2,RISE 코리아전략산업액티브,14210,2,400,2.9,14213.0,-30.9638,78256,1106,1407,2026-09-04 06:01:50
0041E0,4,KODEX 미국S&P500액티브,15845,2,190,1.21,15817.0,-16.0447,109738,1742,1394,2026-09-04 06:01:50
0199C0,2,ACE 고배당주Plus커버드콜액티브,9260,5,-155,-1.65,9265.0,-3.3395,760710,7072,1389,2026-09-04 06:01:50
457990,2,PLUS 태양광&ESS,36005,2,800,2.27,35956.0,-18.6952,248669,8973,1386,2026-09-04 06:01:50
0131W0,6,1Q 단기특수은행채액티브,102145,2,15,0.01,102148.0,0.7099,2039,208,1376,2026-09-04 06:01:50
271050,5,KODEX WTI원유선물인버스(H),1844,5,-31,-1.65,1840.0,-7.4075,4330978,7970,1363,2026-09-04 06:01:50
498180,6,파워 종합채권(AA-이상)액티브,93255,3,0,0.0,93280.0,-1.019,0,0,1360,2026-09-04 06:01:50
0193G0,1,KoAct 코스피액티브,8225,2,155,1.92,8231.0,-28.1709,130426,1067,1357,2026-09-04 06:01:50
495330,1,1Q 코리아밸류업,31230,2,260,0.84,31264.0,-23.2176,3035,94,1343,2026-09-04 06:01:50
476450,6,KIWOOM 머니마켓액티브,52795,2,5,0.01,52795.0,0.8019,43,2,1339,2026-09-04 06:01:50
0184L0,6,PLUS 중기종합채권(A-이상)액티브,100645,5,-25,-0.02,100658.0,0.8363,1,0,1334,2026-09-04 06:01:50
304660,6,KODEX 미국30년국채울트라선물(H),7265,2,5,0.07,7282.0,-3.1355,14235,103,1322,2026-09-04 06:01:50
476030,4,SOL 미국나스닥100,16785,2,175,1.05,16718.0,-13.9946,24704,414,1318,2026-09-04 06:01:50
471760,2,TIGER AI반도체핵심공정,14110,2,485,3.56,14127.0,-28.8141,328237,4571,1298,2026-09-04 06:01:50
463290,6,1Q 단기금융채액티브,109300,2,20,0.02,109296.0,0.7746,686,74,1293,2026-09-04 06:01:50
139220,2,TIGER 200 건설,7585,5,-25,-0.33,7600.0,-14.4944,175784,1324,1291,2026-09-04 06:01:50
0123G0,4,TIGER 미국AI전력SMR,6370,2,90,1.43,6326.0,-26.4638,31852,202,1280,2026-09-04 06:01:50
461500,6,HANARO 종합채권(AA-이상)액티브,104920,5,-25,-0.02,105001.0,-0.9065,6,0,1278,2026-09-04 06:01:50
192090,4,TIGER 차이나CSI300,12100,5,-10,-0.08,12117.0,-16.5691,36615,444,1277,2026-09-04 06:01:50
0168K0,2,TIGER 기술이전바이오액티브,6000,2,140,2.39,6009.0,-27.3404,1064422,6340,1273,2026-09-04 06:01:50
182480,7,TIGER 미국MSCI리츠(합성 H),13585,2,130,0.97,13728.0,3.9446,7292,99,1270,2026-09-04 06:01:50
463680,4,KODEX 미국S&P500테크놀로지,21865,2,370,1.72,21736.0,-18.1002,24625,537,1257,2026-09-04 06:01:50
0074K0,2,KoAct K수출핵심기업TOP30액티브,16565,2,220,1.35,16581.0,-25.7384,22386,369,1251,2026-09-04 06:01:50
447620,7,SOL 미국TOP5채권혼합50,15935,2,185,1.17,15816.0,-3.9049,18928,301,1243,2026-09-04 06:01:50
491230,6,PLUS 국공채머니마켓액티브,52520,2,5,0.01,52508.0,0.7617,525,27,1234,2026-09-04 06:01:50
0000Y0,6,HK 26-12 회사채(AA-이상)액티브,101890,3,0,0.0,101892.0,0.7066,0,0,1233,2026-09-04 06:01:50
0092B0,2,SOL 한국원자력SMR,15120,5,-60,-0.4,15118.0,-16.2483,122701,1851,1232,2026-09-04 06:01:50
448100,1,WON 200,109200,2,3055,2.88,108929.0,-27.2789,24392,2640,1229,2026-09-04 06:01:50
114820,6,TIGER 국채3년,105135,2,5,0.0,105163.0,0.8006,1062,111,1228,2026-09-04 06:01:50
411420,4,KODEX 미국나스닥AI테크액티브,25800,2,265,1.04,25673.0,-18.2674,10699,276,1226,2026-09-04 06:01:50
0008T0,2,SOL 화장품TOP3플러스,18485,5,-390,-2.07,18537.0,34.7251,1847014,34398,1220,2026-09-04 06:01:50
325010,2,KODEX 성장주,42000,2,1000,2.44,41948.0,-26.1528,1636,68,1218,2026-09-04 06:01:50
469170,2,ACE 포스코그룹포커스,5970,5,-45,-0.75,5979.0,-17.5165,831900,4989,1212,2026-09-04 06:01:50
0191W0,6,HANARO 중기종합채권(A-이상)액티브,100950,3,0,0.0,100963.0,0.9298,0,0,1211,2026-09-04 06:01:50
438570,6,SOL 국고채10년,98225,2,270,0.28,98193.0,-0.8754,292,28,1194,2026-09-04 06:01:50
319640,4,TIGER 골드선물(H),26310,2,290,1.11,26309.0,-3.6654,11374,299,1171,2026-09-04 06:01:50
328370,1,PLUS 코스피TR,37715,2,780,2.11,37711.0,-25.1723,182,6,1169,2026-09-04 06:01:50
377990,2,TIGER Fn신재생에너지,23490,2,480,2.09,23494.0,-26.6743,35337,826,1163,2026-09-04 06:01:50
399110,4,SOL 미국S&P500ESG,20710,2,55,0.27,20682.0,-7.7762,6903,143,1160,2026-09-04 06:01:50
0181B0,4,HANARO 미국AI메모리반도체TOP4+,9260,2,85,0.93,9123.0,-22.1138,270063,2490,1153,2026-09-04 06:01:50
0209D0,2,KODEX 전고체배터리ESS TOP2플러스,8100,2,45,0.56,8104.0,,929761,7557,1146,2026-09-04 06:01:50
367770,2,RISE 수소경제테마,22040,2,50,0.23,22064.0,-27.5215,36047,793,1146,2026-09-04 06:01:50
0122W0,6,RISE 26-11 회사채(AA-이상)액티브,51015,2,15,0.03,51007.0,0.7407,667,34,1140,2026-09-04 06:01:50
332940,1,HANARO MSCI Korea TR,47440,2,1625,3.55,47125.0,-27.691,15124,715,1139,2026-09-04 06:01:50
309230,4,ACE 미국WideMoat동일가중,30780,2,5,0.02,30808.0,-3.1436,3971,122,1133,2026-09-04 06:01:50
488500,4,TIGER 미국S&P500동일가중,12540,2,25,0.2,12522.0,-5.6543,25267,317,1129,2026-09-04 06:01:50
438560,6,SOL 국고채3년,100460,2,70,0.07,100469.0,0.7628,52,5,1124,2026-09-04 06:01:50
372330,4,KODEX 차이나항셍테크,6725,2,75,1.13,6731.0,-21.7583,115119,779,1116,2026-09-04 06:01:50
0135Y0,6,IBK 중기종합채권(AA-이상)액티브,100450,2,15,0.01,100476.0,0.6564,112,11,1112,2026-09-04 06:01:50
0000J0,2,PLUS 한화그룹주,28030,2,260,0.94,28057.0,-16.7941,36960,1033,1107,2026-09-04 06:01:50
0080Y0,2,SOL 조선TOP3플러스레버리지,8560,2,10,0.12,8521.0,-49.3484,321657,2725,1096,2026-09-04 06:01:50
304940,4,KODEX 미국나스닥100선물(H),32540,2,470,1.47,32441.0,-4.7521,3748,121,1090,2026-09-04 06:01:50
326240,2,RISE IT플러스,42780,2,1400,3.38,42675.0,-28.778,3927,165,1087,2026-09-04 06:01:50
464930,4,TIGER 글로벌혁신블루칩TOP10,20830,2,175,0.85,20818.0,-9.8626,6258,130,1083,2026-09-04 06:01:50
203780,4,TIGER 미국나스닥바이오,36085,2,240,0.67,35734.0,11.1472,19113,688,1083,2026-09-04 06:01:50
455860,2,SOL 2차전지소부장Fn,4535,5,-25,-0.55,4535.0,-27.2728,648967,2959,1079,2026-09-04 06:01:50
0138Y0,7,PLUS 금채권혼합,9810,2,20,0.2,9821.0,-5.6841,87469,859,1074,2026-09-04 06:01:50
0085P0,6,ACE 미국10년국채액티브,9590,5,-35,-0.36,9571.0,-11.339,102708,987,1074,2026-09-04 06:01:50
0221V0,6,IBK 초단기채권액티브,100460,3,0,0.0,100488.0,,0,0,1074,2026-09-04 06:01:50
0193M0,6,BNK 27-12 특수채(AAA이상)액티브,50400,2,10,0.02,50389.0,,10,0,1065,2026-09-04 06:01:50
464310,4,TIGER 글로벌AI&로보틱스 INDXX,13565,2,225,1.69,13523.0,-23.1789,13151,178,1065,2026-09-04 06:01:50
266370,2,KODEX IT,66415,2,2365,3.69,66396.0,-29.6579,106700,7057,1063,2026-09-04 06:01:50
0091M0,6,HANARO 27-06 회사채(AA-이상)액티브,10165,3,0,0.0,10166.0,0.6934,105,1,1060,2026-09-04 06:01:50
0036R0,4,RISE 미국휴머노이드로봇,18750,2,310,1.68,18670.0,-16.3698,17934,336,1050,2026-09-04 06:01:50
0174B0,7,KoAct 글로벌AI메모리반도체액티브,13865,2,345,2.55,13780.0,-23.8739,44048,607,1047,2026-09-04 06:01:50
0132K0,7,PLUS 테슬라위클리커버드콜채권혼합,8045,2,40,0.5,8048.0,-5.9045,103053,830,1046,2026-09-04 06:01:50
251340,3,KODEX 코스닥150선물인버스,2465,5,-90,-3.52,2478.0,17.4712,37716968,93512,1045,2026-09-04 06:01:50
168580,4,ACE 중국본토CSI300,33480,5,-80,-0.24,33629.0,-15.9424,1428,47,1045,2026-09-04 06:01:50
0232A0,6,MIDAS 머니마켓액티브,100115,3,0,0.0,100125.0,,0,0,1041,2026-09-04 06:01:50
496090,1,KIWOOM 코리아밸류업,31550,2,695,2.25,31488.0,-23.656,231,7,1041,2026-09-04 06:01:50
465610,4,ACE 미국빅테크TOP7 Plus레버리지(합성),42620,2,1290,3.12,42220.0,-22.239,3827,163,1023,2026-09-04 06:01:50
0137V0,4,KIWOOM 미국S&P500모멘텀,11180,2,85,0.77,11137.0,-14.244,162587,1813,1017,2026-09-04 06:01:50
465780,6,마이티 26-09 특수채(AAA)액티브,106420,3,0,0.0,106438.0,0.7097,0,0,1014,2026-09-04 06:01:50
475050,2,ACE KPOP포커스,6910,2,145,2.14,6910.0,-15.4904,733191,5043,1012,2026-09-04 06:01:50
475280,6,ACE 8월만기자동연장회사채AA-이상액티브,10735,3,0,0.0,10744.0,0.8265,2201,23,1011,2026-09-04 06:01:50
394660,4,TIGER 글로벌자율주행&전기차SOLACTIVE,15395,2,155,1.02,15508.0,-26.8539,6579,101,1010,2026-09-04 06:01:50
476850,1,KoAct 배당성장액티브,21070,2,570,2.78,21067.0,-20.291,40597,850,1001,2026-09-04 06:01:50
261270,7,KODEX 미국달러선물인버스,8270,2,40,0.49,8279.0,11.5932,47784,394,994,2026-09-04 06:01:50
0177X0,2,ACE K휴머노이드로봇산업TOP2+,9665,2,815,9.21,9659.0,-43.2693,911309,8722,991,2026-09-04 06:01:50
114100,6,RISE 국고채3년,106650,2,10,0.01,106689.0,0.7536,1609,171,971,2026-09-04 06:01:50
0176E0,4,RISE 미국AI전력인프라액티브,9270,2,250,2.77,9200.0,-29.9962,4282,39,964,2026-09-04 06:01:50
481430,6,RISE 국고채10년액티브,98220,2,335,0.34,98141.0,-1.0063,97,9,964,2026-09-04 06:01:50
0007N0,1,아이엠에셋 200,106665,2,2370,2.27,106473.0,-26.8249,52,5,960,2026-09-04 06:01:50
195980,4,PLUS 신흥국MSCI(합성 H),15395,2,180,1.18,15486.0,-3.2433,6187,95,958,2026-09-04 06:01:50
473440,6,ACE 11월만기자동연장회사채AA-이상액티브,10850,2,5,0.05,10853.0,0.7431,1881,20,944,2026-09-04 06:01:50
211900,2,KODEX 코리아배당성장,28445,5,-230,-0.8,28458.0,-9.4841,3477,99,939,2026-09-04 06:01:50
433970,7,KODEX TDF2030액티브 적격,13890,2,40,0.29,13856.0,-4.9875,19398,269,938,2026-09-04 06:01:50
0142D0,4,TIGER 미국AI데이터센터TOP4Plus,10130,2,450,4.65,10052.0,-38.6566,98627,998,932,2026-09-04 06:01:50
0052T0,6,1Q 중단기회사채(A-이상)액티브,50725,3,0,0.0,50761.0,0.8248,0,0,930,2026-09-04 06:01:50
308620,6,KODEX 미국10년국채선물,11270,5,-40,-0.35,11273.0,-11.4331,37601,424,924,2026-09-04 06:01:50
0035T0,7,PLUS 글로벌휴머노이드로봇액티브,19015,2,595,3.23,19028.0,-29.6947,14255,270,922,2026-09-04 06:01:50
325020,2,KODEX 배당가치,29350,5,-40,-0.14,29337.0,-13.2062,2923,85,910,2026-09-04 06:01:50
269540,4,PLUS 미국S&P500(H),30290,2,310,1.03,30269.0,-0.6298,7661,231,909,2026-09-04 06:01:50
143850,4,TIGER 미국S&P500선물(H),78095,2,865,1.12,78071.0,0.0972,1916,149,898,2026-09-04 06:01:50
453080,4,KIWOOM 미국나스닥100(H),22980,2,360,1.59,22890.0,-5.0849,4219,96,896,2026-09-04 06:01:50
0066W0,5,SOL 국제금,12795,2,65,0.51,12805.0,-12.3581,53553,688,896,2026-09-04 06:01:50
468380,6,KODEX iShares미국하이일드액티브,10690,5,-40,-0.37,10672.0,-9.8506,65192,698,892,2026-09-04 06:01:50
454320,2,HANARO CAPEX설비투자iSelect,41335,2,600,1.47,41351.0,-18.2193,352,14,889,2026-09-04 06:01:50
298770,4,KODEX 한국대만IT프리미어,80455,2,2295,2.94,80281.0,-20.741,60597,4816,885,2026-09-04 06:01:50
444490,4,WON 미국S&P500,19945,2,115,0.58,19925.0,-9.3279,7226,144,878,2026-09-04 06:01:50
329670,7,KODEX TRF7030,21840,2,185,0.85,21867.0,-6.5719,6395,139,874,2026-09-04 06:01:50
486240,2,DAISHIN AI반도체&인프라액티브,27955,2,910,3.36,27971.0,-21.9143,258,7,867,2026-09-04 06:01:50
108450,2,ACE 삼성그룹섹터가중,39315,2,320,0.82,39425.0,-21.563,8394,329,865,2026-09-04 06:01:50
460960,7,ACE 글로벌인컴TOP10,10855,2,25,0.23,10829.0,-9.5026,166743,1813,858,2026-09-04 06:01:50
204480,4,TIGER 차이나CSI300레버리지(합성),22970,5,-480,-2.05,23236.0,-32.3623,4411,101,854,2026-09-04 06:01:50
495040,1,PLUS 코리아밸류업,31245,2,705,2.31,31215.0,-24.1101,830,25,844,2026-09-04 06:01:50
453330,4,RISE 미국S&P500(H),18335,2,205,1.13,18317.0,1.0906,14443,264,843,2026-09-04 06:01:50
329660,7,KODEX TRF5050,17775,2,95,0.54,17790.0,-4.1684,39199,698,835,2026-09-04 06:01:50
461460,6,PLUS 국고채10년액티브,51300,2,40,0.08,51328.0,-0.9373,20,1,832,2026-09-04 06:01:50
0017Y0,6,1Q 종합채권(AA-이상)액티브,93995,2,175,0.19,93917.0,-1.1537,12017,1127,821,2026-09-04 06:01:50
479620,4,SOL 미국AI반도체칩메이커,23745,2,265,1.13,23508.0,-24.5623,4700,111,819,2026-09-04 06:01:50
138530,2,TIGER LG그룹플러스,12475,2,130,1.05,12503.0,-27.8071,41400,516,816,2026-09-04 06:01:50
485690,4,RISE 미국AI밸류체인TOP3Plus,21415,2,460,2.2,21275.0,-20.9552,3735,80,814,2026-09-04 06:01:50
0018C0,2,PLUS 고배당주위클리고정커버드콜,10855,5,-120,-1.09,10854.0,-1.3175,97989,1067,809,2026-09-04 06:01:50
0197X0,2,SOL SK하이닉스선물단일종목인버스2X,7215,5,-605,-7.74,7244.0,-47.3756,12784534,92901,806,2026-09-04 06:01:50
0162L0,4,KODEX 차이나AI반도체TOP10,12620,5,-295,-2.28,12601.0,-21.7133,144417,1849,801,2026-09-04 06:01:50
359210,1,KODEX 코스피TR,34745,2,575,1.68,34784.0,-25.0,2618,90,799,2026-09-04 06:01:50
0098N0,2,PLUS 자사주매입고배당주,13200,5,-175,-1.31,13201.0,5.7306,49306,653,792,2026-09-04 06:01:50
449770,4,KIWOOM 미국S&P500,20815,2,125,0.6,20793.0,-9.3016,2457,51,791,2026-09-04 06:01:50
157490,2,TIGER 소프트웨어,8430,2,185,2.24,8448.0,-27.2928,34531,289,789,2026-09-04 06:01:50
492500,7,1Q 현대차그룹채권(A+이상)&국고통안,51390,2,10,0.02,51383.0,0.7253,623,32,782,2026-09-04 06:01:50
0049M0,4,ACE 미국배당퀄리티+커버드콜액티브,11075,2,60,0.54,11052.0,-8.4093,19280,213,781,2026-09-04 06:01:50
458030,6,WON 국공채머니마켓액티브,55060,3,0,0.0,55056.0,0.7133,228,12,781,2026-09-04 06:01:50
337140,2,KODEX 코스피대형주,35470,2,645,1.85,35447.0,-25.9137,12221,432,780,2026-09-04 06:01:50
0057H0,7,PLUS 미국S&P500미국채혼합50액티브,11475,2,20,0.17,11459.0,-9.5433,29643,340,780,2026-09-04 06:01:50
210780,2,TIGER 코스피고배당,23620,5,-135,-0.57,23624.0,-1.4436,4090,96,779,2026-09-04 06:01:50
364960,2,TIGER BBIG,6490,2,15,0.23,6508.0,-17.6733,4310,27,776,2026-09-04 06:01:50
495750,1,HANARO 코리아밸류업,31535,2,710,2.3,31423.0,-23.7558,928,29,773,2026-09-04 06:01:50
473640,4,HANARO 글로벌금채굴기업,35585,2,565,1.61,35678.0,1.4925,21626,774,765,2026-09-04 06:01:50
490480,2,SOL K방산,27820,2,160,0.58,27850.0,-19.04,10391,288,751,2026-09-04 06:01:50
228810,2,TIGER 미디어컨텐츠,3095,2,50,1.64,3096.0,-17.4797,106390,328,750,2026-09-04 06:01:50
434960,1,DAISHIN K200,107075,2,2590,2.48,106681.0,-26.3002,1010,107,750,2026-09-04 06:01:50
0022T0,4,SOL 국제금커버드콜액티브,13100,2,50,0.38,13115.0,-12.3571,91330,1198,747,2026-09-04 06:01:50
0080X0,7,SOL 미국S&P500미국채혼합50,10775,2,15,0.14,10769.0,-10.5463,50783,548,743,2026-09-04 06:01:50
365040,1,TIGER AI코리아그로스액티브,35365,2,635,1.83,35365.0,-24.3108,5399,190,743,2026-09-04 06:01:50
469060,4,RISE 미국반도체NYSE,32970,2,290,0.89,32579.0,-21.6306,6342,208,742,2026-09-04 06:01:50
272910,6,ACE 중장기국공채액티브,106060,2,25,0.02,106132.0,0.5214,2,0,740,2026-09-04 06:01:50
0102A0,4,TIGER 미국AI소프트웨어TOP4Plus,8950,2,160,1.82,8960.0,-14.6188,58607,526,734,2026-09-04 06:01:50
0233A0,7,ACE 삼성전자SK하이닉스플러스채권혼합50,10270,2,145,1.43,10289.0,,432948,4417,729,2026-09-04 06:01:50
211560,2,TIGER 배당성장,35630,5,-155,-0.43,35645.0,-8.7183,2940,105,716,2026-09-04 06:01:50
441540,2,HANARO Fn조선해운,26495,2,85,0.32,26505.0,-16.0922,6262,165,715,2026-09-04 06:01:50
475310,2,SOL 반도체후공정,26485,2,1070,4.21,26523.0,-20.0158,154887,4083,715,2026-09-04 06:01:50
412770,4,TIGER 글로벌AI플랫폼액티브,11997,2,152,1.28,11813.0,-30.0355,24248,289,713,2026-09-04 06:01:50
228800,2,TIGER 여행레저,2740,2,50,1.86,2749.0,-6.5973,209125,574,710,2026-09-04 06:01:50
298340,6,PLUS 국채선물3년,56555,2,25,0.04,56526.0,1.2991,11400,644,708,2026-09-04 06:01:50
292190,1,KODEX KRX300,46810,2,950,2.07,46755.0,-26.8191,22026,1033,702,2026-09-04 06:01:50
0113D0,4,TIME 글로벌탑픽액티브,11865,2,95,0.81,11849.0,-9.0769,20745,246,700,2026-09-04 06:01:50
0198A0,2,KIWOOM 코스닥150커버드콜액티브,8540,2,240,2.89,8546.0,,431084,3657,696,2026-09-04 06:01:50
475350,4,RISE 버크셔포트폴리오TOP10,14435,5,-50,-0.35,14431.0,-2.4164,50775,736,693,2026-09-04 06:01:50
0098Z0,1,FOCUS 200,91255,2,2495,2.81,90557.0,-26.1177,2,0,684,2026-09-04 06:01:50
130730,6,KIWOOM 단기자금,103075,2,30,0.03,103053.0,0.6937,6902,711,680,2026-09-04 06:01:50
440640,6,ACE 단기채권알파액티브,112727,5,-3,0.0,112725.0,0.8679,1441,162,680,2026-09-04 06:01:50
465330,2,RISE 2차전지TOP10,11420,2,105,0.93,11415.0,-20.0354,110643,1268,677,2026-09-04 06:01:50
266420,2,KODEX 헬스케어,16900,2,160,0.96,16904.0,-12.3102,9840,165,676,2026-09-04 06:01:50
458750,4,TIGER 미국배당다우존스타겟커버드콜1호,12990,5,-55,-0.42,12993.0,-1.7836,18584,242,669,2026-09-04 06:01:50
0225V0,4,KODEX 미국CPU반도체TOP10,9605,2,180,1.91,9532.0,,166545,1594,668,2026-09-04 06:01:50
278620,6,PLUS 단기채권액티브,119125,2,30,0.03,119133.0,0.8595,28,3,667,2026-09-04 06:01:50
0190Y0,4,TIGER 구글밸류체인,8225,2,45,0.55,8193.0,-26.9657,235713,1938,666,2026-09-04 06:01:50
433880,7,PLUS TDF2060액티브 적격,18370,2,120,0.66,18314.0,-9.9939,3612,66,659,2026-09-04 06:01:50
0210E0,2,PLUS 200커버드콜액티브,7170,2,130,1.85,7172.0,,110223,788,652,2026-09-04 06:01:50
100910,1,KIWOOM KRX100,16705,2,415,2.55,16702.0,-27.5393,11554,193,651,2026-09-04 06:01:50
277640,2,TIGER 코스피대형주,36645,2,760,2.12,36647.0,-26.7219,9825,358,641,2026-09-04 06:01:50
0115E0,2,KODEX 코리아소버린AI,14560,2,440,3.12,14580.0,-22.8072,109966,1583,641,2026-09-04 06:01:50
0123S0,2,HANARO 26-12 은행채(AA+이상)액티브,10185,3,0,0.0,10192.0,0.692,236,2,631,2026-09-04 06:01:50
491700,1,HK 200,104835,3,0,0.0,106822.0,-26.2193,0,0,629,2026-09-04 06:01:50
419890,6,KIWOOM 단기채권ESG액티브,107600,2,15,0.01,107588.0,0.7397,24,2,624,2026-09-04 06:01:50
455660,6,ACE 미국하이일드액티브(H),9425,2,10,0.11,9409.0,0.2653,11104,104,622,2026-09-04 06:01:50
292770,6,KODEX 국채선물3년인버스,57785,3,0,0.0,57742.0,0.0432,0,0,621,2026-09-04 06:01:50
0000D0,7,TIGER 엔비디아미국채커버드콜밸런스(합성),8940,2,45,0.51,8934.0,-12.6504,9596,85,617,2026-09-04 06:01:50
453950,4,TIGER TSMC파운드리밸류체인,31445,2,225,0.72,31198.0,-14.5828,3772,118,613,2026-09-04 06:01:50
453640,4,KODEX 미국S&P500헬스케어,14165,5,-35,-0.25,14144.0,6.0157,41685,592,609,2026-09-04 06:01:50
275980,4,TIGER 글로벌4차산업혁신기술(합성 H),23630,2,280,1.2,23717.0,-5.1006,1045,24,600,2026-09-04 06:01:50
0040S0,4,HANARO 글로벌피지컬AI액티브,23485,2,405,1.75,23482.0,-24.1414,4904,115,599,2026-09-04 06:01:50
476750,6,ACE 미국30년국채엔화노출액티브(H),7385,5,-15,-0.2,7371.0,-12.332,68992,511,598,2026-09-04 06:01:50
140700,2,KODEX 보험,21285,5,-1110,-4.96,21301.0,7.8427,341130,7335,596,2026-09-04 06:01:50
261240,7,KODEX 미국달러선물,13970,5,-75,-0.53,13971.0,-9.6785,83896,1174,595,2026-09-04 06:01:50
0172V0,5,1Q 은액티브,8515,2,65,0.77,8547.0,-22.4771,53776,460,592,2026-09-04 06:01:50
150460,2,TIGER 중국소비테마,7765,5,-35,-0.45,7775.0,7.8092,51108,394,585,2026-09-04 06:01:50
306950,3,KODEX KRX300레버리지,72870,2,2950,4.22,73108.0,-55.681,2365,169,583,2026-09-04 06:01:50
479730,4,TIGER 인도빌리언컨슈머,9810,2,5,0.05,9805.0,-2.545,1337,13,579,2026-09-04 06:01:50
225040,4,TIGER 미국S&P500레버리지(합성 H),68865,2,1595,2.37,68759.0,0.5305,4766,327,578,2026-09-04 06:01:50
252400,3,RISE 200선물레버리지,96235,2,4145,4.5,96092.0,-55.6407,17070,1627,577,2026-09-04 06:01:50
495940,4,RISE 미국AI테크액티브,18930,2,370,1.99,18812.0,-24.1616,28213,533,577,2026-09-04 06:01:50
0166S0,2,PLUS K제조업핵심기업액티브,10745,2,320,3.07,10723.0,-31.3694,17043,181,575,2026-09-04 06:01:50
401470,2,KODEX 메타버스액티브,9720,2,265,2.8,9716.0,-18.0676,1484,14,569,2026-09-04 06:01:50
0181L0,4,SOL 미국우주항공TOP10,6965,2,165,2.43,6852.0,-46.6876,85687,596,568,2026-09-04 06:01:50
491220,1,PLUS 200TR,125930,2,2390,1.93,125822.0,-26.9103,8105,1020,567,2026-09-04 06:01:50
261070,2,TIGER 코스닥150바이오테크,12100,2,260,2.2,12123.0,-26.0232,72449,873,557,2026-09-04 06:01:50
0111J0,2,HANARO 증권고배당TOP3플러스,12405,2,170,1.39,12421.0,-26.3486,20545,255,552,2026-09-04 06:01:50
278240,3,RISE 코스닥150선물레버리지,7490,2,430,6.09,7514.0,-53.0273,24921,186,546,2026-09-04 06:01:50
455960,6,RISE 미국달러SOFR금리액티브(합성),11895,5,-45,-0.38,11863.0,-8.7854,3869,45,545,2026-09-04 06:01:50
385590,2,ACE ESG액티브,23345,2,235,1.02,23455.0,-20.3653,732,17,537,2026-09-04 06:01:50
0141S0,2,SOL 조선기자재,8370,2,85,1.03,8386.0,-21.3574,53185,443,536,2026-09-04 06:01:50
442560,7,RISE TDF2040액티브 적격,16225,2,90,0.56,16146.0,-8.9462,12888,208,535,2026-09-04 06:01:50
0046Y0,4,ACE 미국배당퀄리티,12440,2,50,0.4,12437.0,-8.5504,6228,77,535,2026-09-04 06:01:50
0226A0,7,PLUS SK하이닉스샌디스크채권혼합50,10670,2,140,1.33,10696.0,,46914,497,534,2026-09-04 06:01:50
0113P0,6,HK 머니마켓액티브,102440,3,0,0.0,102450.0,0.7573,0,0,531,2026-09-04 06:01:50
304780,3,HANARO 200선물레버리지,117515,2,5305,4.73,117068.0,-55.5287,1589,185,529,2026-09-04 06:01:50
101280,4,KODEX 일본TOPIX100,30490,2,190,0.63,30266.0,-3.5879,3319,101,524,2026-09-04 06:01:50
445150,2,KODEX 친환경조선해운액티브,28060,2,190,0.68,28084.0,-18.0613,2303,64,519,2026-09-04 06:01:50
440910,4,WON 미국우주항공방산,23520,2,215,0.92,23474.0,-18.9955,1616,38,517,2026-09-04 06:01:50
0000Z0,2,RISE 바이오TOP10액티브,8675,2,215,2.54,8696.0,-31.1075,96245,830,516,2026-09-04 06:01:50
261220,5,KODEX WTI원유선물(H),25745,2,435,1.72,25746.0,2.2006,77698,2006,515,2026-09-04 06:01:50
0118Z0,4,ACE 미국AI테크핵심산업액티브,8645,2,145,1.71,8635.0,-21.875,15707,136,514,2026-09-04 06:01:50
114470,6,KIWOOM 국고채3년,108000,5,-25,-0.02,108060.0,0.7809,2041,220,508,2026-09-04 06:01:50
475260,6,ACE 2월만기자동연장회사채AA-이상액티브,10750,5,-5,-0.05,10752.0,0.7022,1007,10,506,2026-09-04 06:01:50
0185L0,4,TIME 글로벌휴머노이드로봇산업액티브,7230,2,105,1.47,7213.0,-32.2397,13080,94,506,2026-09-04 06:01:50
480310,4,TIGER 글로벌온디바이스AI,18720,2,205,1.11,18667.0,-26.1499,29439,551,505,2026-09-04 06:01:50
0041D0,4,KODEX 미국AI소프트웨어TOP10,13355,2,240,1.83,13348.0,-14.8758,96748,1296,501,2026-09-04 06:01:50
0139P0,2,ACE 고배당주,13700,5,-160,-1.15,13710.0,0.8833,10844,149,500,2026-09-04 06:01:50
218420,4,KODEX 미국S&P500에너지(합성),20360,5,-110,-0.54,20334.0,2.761,12701,259,500,2026-09-04 06:01:50
275300,2,KODEX 우량주,29230,2,810,2.85,29267.0,-25.0117,6526,191,497,2026-09-04 06:01:50
360140,2,KODEX 200롱코스닥150숏선물,22455,5,-290,-1.28,22439.0,-5.2095,14726,330,494,2026-09-04 06:01:50
123310,3,TIGER 인버스,1154,5,-24,-2.04,1155.0,13.7065,2812340,3255,493,2026-09-04 06:01:50
418670,4,TIGER 글로벌AI사이버보안,17075,2,150,0.89,17067.0,-5.2352,30860,527,492,2026-09-04 06:01:50
0194T0,2,ACE SK하이닉스단일종목레버리지,8225,2,625,8.22,8186.0,-70.6508,58458,473,491,2026-09-04 06:01:50
447430,2,ACE 주주환원가치주액티브,16370,5,-75,-0.46,16394.0,1.3005,7408,121,483,2026-09-04 06:01:50
253150,3,PLUS 200선물레버리지,192770,2,8585,4.66,192102.0,-55.1791,3599,685,482,2026-09-04 06:01:50
0118S0,4,SOL 미국넥스트테크TOP10액티브,10355,2,365,3.65,10219.0,-35.797,83489,863,471,2026-09-04 06:01:50
336160,6,RISE 금융채액티브,100165,2,5,0.0,100197.0,0.644,88,8,470,2026-09-04 06:01:50
0132H0,4,KODEX 미국원자력SMR,8080,2,110,1.38,8027.0,-26.8472,11113,90,469,2026-09-04 06:01:50
152500,3,ACE 레버리지,42540,2,1795,4.41,42490.0,-55.5768,26463,1118,468,2026-09-04 06:01:50
316670,1,KIWOOM 코스닥150,6900,2,240,3.6,6902.0,-25.7111,36741,252,466,2026-09-04 06:01:50
140950,1,파워 코스피100,83290,2,1945,2.39,83261.0,-27.0611,497,41,466,2026-09-04 06:01:50
0197W0,2,SOL SK하이닉스단일종목레버리지,8040,2,630,8.5,8019.0,-71.522,108394,860,466,2026-09-04 06:01:50
0178H0,7,IBK 미국AI TOP10국채혼합50,9920,2,130,1.33,9912.0,-7.4138,8732,86,466,2026-09-04 06:01:50
0086B0,2,TIGER 리츠부동산인프라TOP10액티브,9485,5,-20,-0.21,9502.0,1.2373,5388,51,465,2026-09-04 06:01:50
442260,1,마이티 다이나믹퀀트액티브,37120,2,970,2.68,36803.0,-26.2772,604,22,460,2026-09-04 06:01:50
200030,4,KODEX 미국S&P500산업재(합성),40590,2,120,0.3,40673.0,-10.0867,2842,115,457,2026-09-04 06:01:50
371470,4,TIGER 차이나바이오테크SOLACTIVE,8440,5,-50,-0.59,8446.0,7.4683,26679,225,456,2026-09-04 06:01:50
261120,7,TIGER 미국달러선물인버스2X,5525,2,45,0.82,5539.0,23.4234,14504,79,453,2026-09-04 06:01:50
287180,4,PLUS 미국나스닥테크,53245,2,590,1.12,53066.0,-16.6918,782,41,453,2026-09-04 06:01:50
305050,1,ACE 코스피,69610,2,1205,1.76,69625.0,-24.8297,2217,153,452,2026-09-04 06:01:50
461340,4,HANARO 글로벌생성형AI액티브,40965,2,400,0.99,40836.0,-18.5197,2605,106,451,2026-09-04 06:01:50
196030,4,ACE 일본TOPIX레버리지(H),90000,5,-390,-0.43,90298.0,7.967,124,11,450,2026-09-04 06:01:50
292560,7,TIGER 일본엔선물,8015,2,5,0.06,7990.0,-8.8219,283136,2279,449,2026-09-04 06:01:50
475270,6,ACE 5월만기자동연장회사채AA-이상액티브,10735,3,0,0.0,10736.0,0.7035,3,0,448,2026-09-04 06:01:50
256750,4,KODEX 차이나심천ChiNext(합성),14595,5,-165,-1.12,14595.0,-26.6949,3569,52,446,2026-09-04 06:01:50
0020H0,4,KoAct 글로벌양자컴퓨팅액티브,20760,2,425,2.09,20668.0,-34.7192,8557,176,446,2026-09-04 06:01:50
429760,4,PLUS 미국S&P500,19370,2,120,0.62,19345.0,-9.1006,3590,69,446,2026-09-04 06:01:50
442090,2,에셋플러스 코리아대장장이액티브,29552,2,737,2.56,29470.0,-18.5787,37,1,443,2026-09-04 06:01:50
453650,4,KODEX 미국S&P500금융,19420,2,160,0.83,19368.0,1.9371,3611,70,437,2026-09-04 06:01:50
276990,4,KODEX 글로벌로봇(합성),24670,2,155,0.63,24692.0,-21.0595,2948,72,437,2026-09-04 06:01:50
473490,4,KIWOOM 글로벌AI반도체,29050,2,160,0.55,28874.0,-19.2656,1178,34,436,2026-09-04 06:01:50
375770,2,KODEX 탄소효율그린뉴딜,24080,2,280,1.18,24141.0,-23.963,78,1,433,2026-09-04 06:01:50
401170,2,RISE 메타버스,10915,2,260,2.44,10929.0,-24.6997,699,7,432,2026-09-04 06:01:50
0186S0,7,1Q 코스닥150채권혼합50액티브,8295,2,145,1.78,8314.0,-12.7868,202784,1676,431,2026-09-04 06:01:50
487130,2,KoAct AI인프라액티브,27770,2,1040,3.89,27765.0,-26.727,11230,309,430,2026-09-04 06:01:50
472830,6,RISE 미국30년국채커버드콜(합성),7740,5,-30,-0.39,7713.0,-13.5407,24212,187,430,2026-09-04 06:01:50
0141T0,6,SOL 중기종합채권(AA-이상)액티브,50295,2,10,0.02,50313.0,0.7917,7503,377,429,2026-09-04 06:01:50
0089C0,4,KODEX 미국S&P500변동성확대시커버드콜,11275,2,55,0.49,11285.0,-9.2853,521,5,428,2026-09-04 06:01:50
238720,4,ACE 일본Nikkei225(H),47535,2,955,2.05,47320.0,-3.2406,1609,75,428,2026-09-04 06:01:50
473590,4,ACE 미국주식베스트셀러,18475,2,510,2.84,18356.0,-27.9672,70957,1311,425,2026-09-04 06:01:50
440650,6,ACE 미국달러단기채권액티브,11350,5,-60,-0.53,11350.0,-9.6596,46686,531,420,2026-09-04 06:01:50
139320,5,TIGER 금은선물(H),18615,2,175,0.95,18739.0,-5.1441,8835,164,419,2026-09-04 06:01:50
0220B0,1,DS 코스닥액티브,9825,2,470,5.02,9824.0,,129478,1252,418,2026-09-04 06:01:50
0191M0,6,마이티 5월만기자동연장특수채(AAA)액티브,100750,3,0,0.0,100765.0,0.7046,0,0,417,2026-09-04 06:01:50
0189B0,5,TIGER 은액티브,8165,2,40,0.49,8148.0,-22.5084,67510,552,416,2026-09-04 06:01:50
139280,2,TIGER 경기방어,12740,2,5,0.04,12751.0,-1.3493,7985,101,415,2026-09-04 06:01:50
0007G0,4,PLUS 글로벌원자력밸류체인,13760,2,195,1.44,13746.0,-17.1604,4769,65,413,2026-09-04 06:01:50
476260,2,HANARO 반도체핵심공정주도주,12450,2,520,4.36,12468.0,-4.6744,86356,1063,411,2026-09-04 06:01:50
494840,4,TIGER 미국방산TOP10,12360,5,-30,-0.24,12298.0,-7.4818,6943,85,408,2026-09-04 06:01:50
448570,1,FOCUS AI코리아액티브,29740,2,720,2.48,29575.0,-21.8527,67,1,401,2026-09-04 06:01:50
0194M0,2,ACE 삼성전자단일종목레버리지,10460,2,445,4.44,10514.0,-65.4596,40949,423,400,2026-09-04 06:01:50
183700,7,RISE 200채권혼합50,95150,2,685,0.73,95036.0,-13.1637,1746,165,400,2026-09-04 06:01:50
0112X0,1,마이티 200TR,39940,2,820,2.1,39820.0,-26.5973,13161,520,399,2026-09-04 06:01:50
472840,1,IBK 200,105320,2,1845,1.78,105437.0,-26.4991,1404,148,395,2026-09-04 06:01:50
428510,4,KODEX 차이나AI테크액티브,22560,5,-290,-1.27,22473.0,-24.9105,7293,166,395,2026-09-04 06:01:50
322410,2,HANARO K고배당,23200,5,-90,-0.39,23240.0,-3.6293,9678,225,394,2026-09-04 06:01:50
147970,2,TIGER 모멘텀,79475,2,1315,1.68,79353.0,-24.146,2385,188,381,2026-09-04 06:01:50
352540,7,KODEX 일본부동산리츠(H),11220,5,-20,-0.18,11222.0,2.6081,9010,101,381,2026-09-04 06:01:50
0192L0,2,RISE SK하이닉스단일종목레버리지,8340,2,605,7.82,8343.0,-70.4659,110973,925,379,2026-09-04 06:01:50
0207G0,2,SOL 우주항공밸류체인,6430,2,340,5.58,6432.0,,508754,3248,379,2026-09-04 06:01:50
400970,2,TIGER Fn메타버스,7445,2,125,1.71,7466.0,-30.0192,4301,31,376,2026-09-04 06:01:50
195930,4,TIGER 유로스탁스50(합성 H),23375,2,80,0.34,23494.0,4.135,1641,38,374,2026-09-04 06:01:50
276970,4,KODEX 미국S&P500배당귀족커버드콜(합성 H),7935,2,75,0.95,7969.0,10.2644,12043,94,373,2026-09-04 06:01:50
275280,2,KODEX 모멘텀주,41340,2,895,2.21,41383.0,-26.0864,16552,686,372,2026-09-04 06:01:50
452250,6,ACE 미국30년국채선물레버리지(합성 H),4720,2,25,0.53,4759.0,-8.3008,1439,6,366,2026-09-04 06:01:50
0209Z0,2,ACE 코리아AI전력TOP10,6820,2,130,1.94,6822.0,,165136,1115,365,2026-09-04 06:01:50
104530,2,KIWOOM 코리아고배당,17720,2,95,0.54,17728.0,-5.1506,7821,138,363,2026-09-04 06:01:50
491830,4,TIGER 미국AI반도체팹리스,20680,2,240,1.17,20495.0,-26.9857,24927,515,362,2026-09-04 06:01:50
365000,2,TIGER 인터넷TOP10,3560,2,65,1.86,3567.0,-33.1101,64555,229,361,2026-09-04 06:01:50
464470,6,PLUS 미국채30년액티브,46960,5,-170,-0.36,46929.0,-13.1976,5041,237,359,2026-09-04 06:01:50
0154F0,2,WON 초대형IB&금융지주,12335,5,-200,-1.6,12357.0,-2.8295,24288,302,352,2026-09-04 06:01:50
381560,2,HANARO Fn전기&수소차,17535,2,150,0.86,17515.0,-25.0225,2814,49,351,2026-09-04 06:01:50
0085N0,6,ACE 미국10년국채액티브(H),9725,2,10,0.1,9710.0,-1.1499,14567,141,350,2026-09-04 06:01:50
450910,1,SOL 코스닥150,13520,2,450,3.44,13535.0,-25.8019,11368,152,349,2026-09-04 06:01:50
449690,4,TIGER 한중반도체(합성),46265,2,145,0.31,46436.0,-22.4549,12,0,347,2026-09-04 06:01:50
276650,4,RISE 글로벌테크놀로지(합성 H),46175,2,680,1.49,46340.0,-7.4929,10,0,346,2026-09-04 06:01:50
241390,7,RISE V&S셀렉트밸류채권혼합,15740,2,85,0.54,15700.0,-8.3614,1398,21,346,2026-09-04 06:01:50
122260,6,KIWOOM 통안채1년,104210,2,35,0.03,104221.0,0.7056,38,3,344,2026-09-04 06:01:50
153270,1,KIWOOM 코스피100,81875,2,1965,2.46,81769.0,-26.9332,3765,305,344,2026-09-04 06:01:50
322400,2,HANARO e커머스,10390,2,130,1.27,10417.0,-11.2841,5620,58,343,2026-09-04 06:01:50
099140,4,KODEX 차이나H,21210,2,290,1.39,21163.0,-12.1203,31361,665,339,2026-09-04 06:01:50
449780,4,KIWOOM 미국S&P500(H),18835,2,200,1.07,18815.0,0.3825,4388,82,339,2026-09-04 06:01:50
407830,4,에셋플러스 글로벌플랫폼액티브,14110,2,360,2.62,14123.0,-19.5907,122,1,339,2026-09-04 06:01:50
0184E0,7,1Q 200채권혼합50액티브,10870,2,120,1.12,10881.0,-12.6915,89713,972,337,2026-09-04 06:01:50
385520,2,KODEX 자율주행액티브,15670,2,345,2.25,15702.0,-30.1982,10998,172,337,2026-09-04 06:01:50
352560,7,KODEX 미국부동산리츠(H),12235,2,130,1.07,12284.0,1.5934,3059,37,336,2026-09-04 06:01:50
498860,2,RISE 코리아금융고배당,16805,5,-195,-1.15,16832.0,-7.525,19811,334,336,2026-09-04 06:01:50
474800,4,KIWOOM 미국원유에너지기업,15925,5,-200,-1.24,15908.0,2.1098,54338,867,334,2026-09-04 06:01:50
415920,5,PLUS 글로벌희토류&전략자원생산기업,7097,5,-28,-0.39,7088.0,-29.5949,16000,113,334,2026-09-04 06:01:50
380340,2,ACE 코리아AI테크핵심산업,27795,2,930,3.46,27837.0,-33.1467,3676,101,334,2026-09-04 06:01:50
491090,4,KODEX 미국테크TOP3플러스,17955,2,220,1.24,17895.0,-10.6695,14628,263,332,2026-09-04 06:01:50
475070,4,KoAct 글로벌친환경전력인프라액티브,28835,2,685,2.43,28831.0,-30.3391,2116,61,332,2026-09-04 06:01:50
105780,2,RISE 5대그룹주,16465,2,215,1.32,16511.0,-28.0018,2412,39,329,2026-09-04 06:01:50
261140,2,TIGER 우선주,24450,2,320,1.33,24446.0,-21.5449,6917,168,328,2026-09-04 06:01:50
0023B0,4,PLUS 미국양자컴퓨팅TOP10,15555,2,290,1.9,15385.0,-32.0952,5747,89,327,2026-09-04 06:01:50
0100K0,2,KODEX 방산TOP10레버리지,5790,2,40,0.7,5817.0,-43.9298,413269,2405,324,2026-09-04 06:01:50
465350,3,RISE 2차전지TOP10인버스(합성),16180,5,-155,-0.95,16327.0,9.009,42666,687,324,2026-09-04 06:01:50
256440,4,ACE MSCI인도네시아(합성),5285,2,55,1.05,5320.0,-10.5219,41596,219,322,2026-09-04 06:01:50
459560,4,KODEX 테슬라밸류체인FactSet,21470,2,580,2.78,21487.0,-21.7335,3559,76,322,2026-09-04 06:01:50
469050,4,RISE 미국반도체NYSE(H),30625,2,465,1.54,30275.0,-13.0638,10886,331,322,2026-09-04 06:01:50
476690,4,TIGER 글로벌비만치료제TOP2Plus,10680,2,110,1.04,10623.0,-1.5088,14371,152,320,2026-09-04 06:01:50
0138T0,4,RISE 미국S&P500데일리고정커버드콜,9415,2,75,0.8,9391.0,-9.4479,13661,128,320,2026-09-04 06:01:50
174360,4,RISE 중국본토대형주CSI100,22680,2,45,0.2,22685.0,-17.0272,1491,33,318,2026-09-04 06:01:50
227540,2,TIGER 200 헬스케어,19315,2,75,0.39,19352.0,-0.2075,15934,308,317,2026-09-04 06:01:50
266360,2,KODEX K콘텐츠,9895,2,170,1.75,9914.0,-20.156,19284,189,317,2026-09-04 06:01:50
395290,2,HANARO Fn K-POP&미디어,4945,2,110,2.28,4946.0,-18.1203,51692,254,316,2026-09-04 06:01:50
117460,2,KODEX 에너지화학,14110,2,275,1.99,14158.0,-12.4454,24736,349,316,2026-09-04 06:01:50
139270,2,TIGER 200 금융,17160,5,-525,-2.97,17160.0,2.1472,32257,558,316,2026-09-04 06:01:50
138910,5,KODEX 구리선물(H),10025,2,70,0.7,10040.0,-2.5453,18764,189,311,2026-09-04 06:01:50
459750,4,RISE 글로벌주식분산액티브,17710,2,70,0.4,17681.0,-9.3922,773,13,310,2026-09-04 06:01:50
117680,2,KODEX 철강,12630,5,-50,-0.39,12652.0,-12.7652,26005,329,309,2026-09-04 06:01:50
494410,4,PLUS 미국S&P500성장주,14045,2,110,0.79,14052.0,-12.1547,5916,83,309,2026-09-04 06:01:50
248270,4,TIGER S&P글로벌헬스케어(합성),26580,2,305,1.16,26465.0,2.9181,1944,51,308,2026-09-04 06:01:50
245350,4,TIGER 유로스탁스배당30,19250,5,-50,-0.26,19361.0,-2.3229,1475,28,308,2026-09-04 06:01:50
0089B0,7,PLUS 미국나스닥100미국채혼합50,10990,2,20,0.18,10971.0,-11.8366,10231,112,308,2026-09-04 06:01:50
426150,6,WON 대한민국국고채액티브,51050,2,35,0.07,51055.0,-2.2702,298,15,307,2026-09-04 06:01:50
0192T0,2,SOL 코스닥TOP10,7070,2,175,2.54,7084.0,-27.0371,250942,1771,304,2026-09-04 06:01:50
395170,2,KODEX Top10동일가중,15190,2,120,0.8,15175.0,-29.1221,1739,26,304,2026-09-04 06:01:50
465660,4,TIGER 일본반도체FACTSET,23360,2,420,1.83,23428.0,-16.2711,10729,250,304,2026-09-04 06:01:50
275290,2,KODEX 가치주,33695,2,810,2.46,33732.0,-20.8561,2993,101,303,2026-09-04 06:01:50
192720,2,파워 고배당저변동성,59350,5,-640,-1.07,59484.0,0.3969,2198,131,303,2026-09-04 06:01:50
156080,1,KODEX MSCI Korea,50435,2,1115,2.26,50409.0,-27.1197,18249,922,303,2026-09-04 06:01:50
0204S0,1,TIGER 코스닥액티브,6670,2,170,2.62,6691.0,-26.8019,178519,1180,302,2026-09-04 06:01:50
496770,4,PLUS 글로벌방산,16785,5,-50,-0.3,16777.0,-5.9498,3085,51,302,2026-09-04 06:01:50
0150K0,2,KoAct 수소전력ESS인프라액티브,10545,2,265,2.58,10538.0,-23.9927,21151,221,301,2026-09-04 06:01:50
271060,5,KODEX 3대농산물선물(H),9195,5,-90,-0.97,9241.0,14.2769,56162,515,298,2026-09-04 06:01:50
468630,6,KODEX iShares미국투자등급회사채액티브,10585,5,-45,-0.42,10567.0,-12.2115,27578,292,297,2026-09-04 06:01:50
0155N0,2,HANARO K휴머노이드테마TOP10,7615,2,455,6.35,7622.0,-41.4076,60332,457,297,2026-09-04 06:01:50
469790,2,KIWOOM 코리아테크TOP10,42370,2,1155,2.8,42392.0,-29.3108,1602,67,297,2026-09-04 06:01:50
0083S0,4,1Q 미국메디컬AI,10560,2,155,1.49,10544.0,-1.5891,5229,55,296,2026-09-04 06:01:50
0218J0,7,RISE 미국우주&로봇TOP2미국채혼합50,9065,2,220,2.49,9066.0,,90442,820,295,2026-09-04 06:01:50
476070,4,KODEX 글로벌비만치료제TOP2 Plus,11110,2,70,0.63,11114.0,-0.7279,8852,98,294,2026-09-04 06:01:50
261250,7,KODEX 미국달러선물레버리지,15270,5,-155,-1.0,15273.0,-19.2197,259745,3988,293,2026-09-04 06:01:50
145850,2,TREX 펀더멘탈 200,116715,5,-535,-0.46,117133.0,-19.8998,1,0,292,2026-09-04 06:01:50
289480,3,TIGER 200커버드콜,12680,2,205,1.64,12718.0,6.7233,68588,862,292,2026-09-04 06:01:50
446690,4,KODEX 아시아AI반도체exChina액티브,57920,2,1610,2.86,57944.0,-27.4847,1808,103,290,2026-09-04 06:01:50
0155M0,4,ACE 미국SMR원자력TOP10,6895,2,110,1.62,6851.0,-26.3301,16949,116,290,2026-09-04 06:01:50
464920,4,PLUS 일본반도체소부장,23130,2,115,0.5,23185.0,-9.9041,3593,83,289,2026-09-04 06:01:50
0192M0,2,RISE 삼성전자단일종목레버리지,10705,2,540,5.31,10650.0,-65.0508,19620,207,289,2026-09-04 06:01:50
0203S0,7,WON 삼성전자현대차채권혼합50,8560,5,-5,-0.06,8574.0,-19.3123,16659,142,287,2026-09-04 06:01:50
0107F0,4,KIWOOM 미국고배당&AI테크,11205,2,25,0.22,11263.0,-7.2088,6635,74,286,2026-09-04 06:01:50
252710,3,TIGER 200선물인버스2X,86,5,-4,-4.44,86.0,12.5,64050294,5556,283,2026-09-04 06:01:50
450190,4,KODEX 한중반도체(합성),46665,2,325,0.7,46851.0,-21.9866,149,6,280,2026-09-04 06:01:50
0013R0,7,RISE 테슬라미국채타겟커버드콜혼합(합성),7765,2,75,0.98,7733.0,-15.0488,7502,58,280,2026-09-04 06:01:50
415340,4,KODEX 차이나과창판STAR50(합성),13440,5,-255,-1.86,13445.0,-14.0841,7553,102,278,2026-09-04 06:01:50
223190,2,KODEX 200가치저변동,27805,5,-100,-0.36,27896.0,-19.641,487,13,278,2026-09-04 06:01:50
387270,4,TIGER 글로벌이노베이션액티브,23890,2,330,1.4,23825.0,-24.2079,229,5,277,2026-09-04 06:01:50
253250,3,KIWOOM 200선물레버리지,95025,2,4945,5.49,94639.0,-55.6442,17837,1676,276,2026-09-04 06:01:50
489290,4,WON 미국빌리어네어,14820,2,185,1.26,14819.0,-12.8091,1036,15,274,2026-09-04 06:01:50
0049K0,7,ACE 미국배당퀄리티채권혼합50,11075,2,60,0.54,11044.0,-4.785,8122,89,271,2026-09-04 06:01:50
475380,7,RISE 글로벌리얼티인컴,10210,2,40,0.39,10210.0,-9.381,7006,71,271,2026-09-04 06:01:50
261060,2,TIGER 코스닥150IT,23320,2,980,4.39,23313.0,-19.2774,17835,411,271,2026-09-04 06:01:50
494340,4,ACE 글로벌AI맞춤형반도체,17920,2,245,1.39,17718.0,-35.774,8157,145,269,2026-09-04 06:01:50
459790,4,KIWOOM 미국성장기업30액티브,19905,2,555,2.87,19761.0,-22.5536,72,1,269,2026-09-04 06:01:50
0137W0,4,KIWOOM 미국S&P500&GOLD,10290,2,105,1.03,10289.0,-9.4202,2754,28,268,2026-09-04 06:01:50
0224X0,7,1Q 엔비디아알파벳미국채혼합50,9710,2,140,1.46,9620.0,,139613,1359,267,2026-09-04 06:01:50
493420,4,SOL 미국배당다우존스2호,12715,5,-50,-0.39,12717.0,-1.5124,5890,75,267,2026-09-04 06:01:50
0166N0,1,PLUS 코스닥150액티브,7597,2,227,3.08,7612.0,-24.4491,20886,158,266,2026-09-04 06:01:50
167860,6,KIWOOM 국고채10년레버리지,91590,2,195,0.21,91997.0,-2.5536,10,0,266,2026-09-04 06:01:50
440340,7,TIGER 글로벌멀티에셋TIF액티브,11785,2,25,0.21,11751.0,-9.5053,9145,107,265,2026-09-04 06:01:50
479850,2,HANARO K-뷰티,18820,5,-40,-0.21,18829.0,22.8264,32465,612,263,2026-09-04 06:01:50
437350,6,RISE 미국단기투자등급회사채액티브,11945,5,-50,-0.42,11938.0,-10.2171,4739,56,263,2026-09-04 06:01:50
139250,2,TIGER 200 에너지화학,18210,2,545,3.09,18244.0,-10.8835,22049,400,262,2026-09-04 06:01:50
0115C0,4,RISE 미국고배당다우존스TOP10,11090,5,-5,-0.05,11093.0,-4.3154,3058,33,261,2026-09-04 06:01:50
0103T0,2,1Q K소버린AI,8820,2,305,3.58,8842.0,-27.9001,12184,106,260,2026-09-04 06:01:50
0152E0,2,SOL 배당성향탑픽액티브,10795,5,-105,-0.96,10810.0,-3.0334,3448,37,259,2026-09-04 06:01:50
0223R0,4,TIGER 미국테크NYSE100액티브,8935,2,135,1.53,8874.0,,63679,569,257,2026-09-04 06:01:50
245360,4,TIGER 차이나HSCEI,12200,2,175,1.46,12227.0,-12.5566,1448,17,256,2026-09-04 06:01:50
368190,2,HANARO Fn K-뉴딜디지털플러스,7965,5,-20,-0.25,7985.0,-12.8276,11710,93,255,2026-09-04 06:01:50
277540,4,ACE 아시아TOP50,31810,2,775,2.5,31582.0,-18.7566,992,31,254,2026-09-04 06:01:50
414270,4,ACE 글로벌자율주행액티브,11540,2,50,0.44,11520.0,-23.8317,6631,76,254,2026-09-04 06:01:50
185680,4,KODEX 미국S&P바이오(합성),47580,5,-455,-0.95,47478.0,11.7612,959,45,253,2026-09-04 06:01:50
225130,4,ACE 골드선물 레버리지(합성 H),50595,2,1045,2.11,50486.0,-7.8226,1294,65,253,2026-09-04 06:01:50
483570,4,KCGI 미국S&P500 TOP10,15755,2,230,1.48,15677.0,-12.0895,904,14,252,2026-09-04 06:01:50
0097L0,7,KIWOOM 한국고배당&미국AI테크,12600,5,-75,-0.59,12598.0,-5.0999,2543,32,252,2026-09-04 06:01:50
0047R0,4,RISE 팔란티어고정테크100,15135,2,330,2.23,15146.0,-9.1638,3337,50,250,2026-09-04 06:01:50
0164G0,4,RISE 차이나AI반도체TOP4Plus,11875,5,-275,-2.26,11893.0,-24.181,7380,88,249,2026-09-04 06:01:50
419430,4,KODEX 차이나2차전지MSCI(합성),8860,5,-65,-0.73,8844.0,-27.8205,3857,34,248,2026-09-04 06:01:50
496120,1,ACE 코리아밸류업,32715,2,660,2.06,32689.0,-21.5972,1345,43,245,2026-09-04 06:01:50
0093D0,7,KoAct 팔란티어밸류체인액티브,17377,2,432,2.55,17279.0,-19.73,2111,36,243,2026-09-04 06:01:50
195970,4,PLUS 선진국MSCI(합성 H),16530,2,115,0.7,16643.0,2.9153,12542,207,241,2026-09-04 06:01:50
295020,6,RISE 국채선물10년인버스,60755,5,-20,-0.03,60666.0,1.8774,15,0,241,2026-09-04 06:01:50
292500,1,SOL KRX300,48005,2,1115,2.38,47846.0,-25.9716,12032,577,240,2026-09-04 06:01:50
0206G0,7,1Q 현대차기아채권혼합50,8110,5,-10,-0.12,8116.0,,196541,1591,239,2026-09-04 06:01:50
159800,1,마이티 코스피100,84615,2,2345,2.85,84000.0,-27.0009,61,5,237,2026-09-04 06:01:50
367740,2,HANARO Fn5G산업,42950,2,1780,4.32,42910.0,-22.9604,1427,60,236,2026-09-04 06:01:50
289250,2,TIGER MSCI KOREA ESG유니버설,34190,2,505,1.5,34233.0,-23.3639,44,1,236,2026-09-04 06:01:50
292160,1,TIGER KRX300,47075,2,980,2.13,46940.0,-25.9936,329,15,235,2026-09-04 06:01:50
388280,2,RISE K엔터&여행레저,7220,2,135,1.91,7222.0,-10.5994,1954,14,235,2026-09-04 06:01:50
280930,4,KODEX 미국러셀2000(H),16790,2,70,0.42,16796.0,1.3333,3342,56,235,2026-09-04 06:01:50
442550,7,RISE TDF2030액티브 적격,14585,2,85,0.59,14527.0,-7.3291,3466,50,233,2026-09-04 06:01:50
0153X0,4,PLUS 미국고배당주액티브,11350,2,5,0.04,11357.0,2.211,120428,1367,233,2026-09-04 06:01:50
204450,4,KODEX 차이나H레버리지(H),2395,2,100,4.36,2391.0,-8.9286,25543,60,232,2026-09-04 06:01:50
481340,6,RISE 미국30년국채액티브,8430,5,-30,-0.35,8420.0,-13.4558,44937,379,232,2026-09-04 06:01:50
456680,4,TIGER 차이나전기차레버리지(합성),5680,5,-65,-1.13,5738.0,-49.8254,11436,65,232,2026-09-04 06:01:50
465670,4,TIGER 미국캐시카우100,17085,2,5,0.03,16963.0,2.309,7683,131,231,2026-09-04 06:01:50
300950,2,KODEX 게임산업,5485,2,65,1.2,5485.0,-18.8623,58281,319,230,2026-09-04 06:01:50
138230,7,KIWOOM 미국달러선물,15840,5,-90,-0.56,15851.0,-9.6939,1810,28,230,2026-09-04 06:01:50
461450,1,KODEX 코스닥글로벌,15255,2,440,2.97,15279.0,-16.7697,7356,112,229,2026-09-04 06:01:50
364690,1,KODEX 혁신기술테마액티브,38080,2,1065,2.88,38059.0,-27.6507,858,32,228,2026-09-04 06:01:50
0198D0,2,1Q SK하이닉스선물단일종목레버리지,8495,2,600,7.6,8486.0,-72.9485,28424,237,228,2026-09-04 06:01:50
471460,6,KIWOOM 국고채30년액티브,45130,5,-10,-0.02,45158.0,-7.0937,196,8,226,2026-09-04 06:01:50
0047P0,4,RISE 테슬라고정테크100,14460,2,195,1.37,14441.0,-13.725,3541,51,224,2026-09-04 06:01:50
269420,4,KODEX S&P글로벌인프라(합성),21665,5,-45,-0.21,21587.0,-9.8235,907,19,224,2026-09-04 06:01:50
477730,4,KODEX 인도타타그룹,7385,5,-40,-0.54,7405.0,-9.4837,1397,10,222,2026-09-04 06:01:50
461600,6,SOL 미국30년국채액티브(H),8335,2,5,0.06,8332.0,-3.4203,8273,68,221,2026-09-04 06:01:50
438320,4,TIGER 차이나항셍테크레버리지(합성 H),5095,2,130,2.62,5156.0,-26.9316,18710,96,220,2026-09-04 06:01:50
239660,6,PLUS 우량회사채50,121770,5,-5,0.0,121789.0,0.8071,509,61,219,2026-09-04 06:01:50
0065G0,4,KODEX 차이나테크TOP10,8505,2,120,1.43,8545.0,-20.3051,54947,464,217,2026-09-04 06:01:50
411540,1,SOL 200 Top10,16670,2,85,0.51,16669.0,-24.2172,2475,41,217,2026-09-04 06:01:50
469160,4,ACE 일본반도체,24060,2,315,1.33,24007.0,-21.6337,2050,49,217,2026-09-04 06:01:50
376410,2,TIGER 탄소효율그린뉴딜,23950,2,480,2.05,23909.0,-23.8496,478,11,216,2026-09-04 06:01:50
375760,2,HANARO 탄소효율그린뉴딜,23935,2,705,3.03,23809.0,-25.3502,89,2,215,2026-09-04 06:01:50
0177A0,2,WON 두산그룹포커스,8615,2,205,2.44,8643.0,-38.1618,16191,139,215,2026-09-04 06:01:50
464600,2,SOL 자동차소부장Fn,22645,2,440,1.98,22655.0,-39.1728,553,12,215,2026-09-04 06:01:50
0026E0,4,KODEX 미국S&P500버퍼3월액티브,11560,3,0,0.0,11584.0,-7.52,19,0,214,2026-09-04 06:01:50
447660,7,PLUS 애플채권혼합,13760,2,20,0.15,13769.0,-0.0416,13337,183,213,2026-09-04 06:01:50
371450,4,TIGER 글로벌클라우드컴퓨팅INDXX,13660,2,225,1.67,13629.0,-6.7662,17415,237,213,2026-09-04 06:01:50
433220,4,에셋플러스 글로벌대장장이액티브,28750,2,195,0.68,28614.0,-22.9909,86,2,213,2026-09-04 06:01:50
0067V0,4,TIGER 차이나글로벌리더스TOP3+,9665,2,45,0.47,9687.0,-18.9212,4355,41,213,2026-09-04 06:01:50
217770,5,TIGER 원유선물인버스(H),1167,5,-19,-1.6,1164.0,-9.1188,963322,1121,212,2026-09-04 06:01:50
0127R0,4,RISE 미국AI클라우드인프라,15685,2,430,2.82,15616.0,-29.6268,11837,184,212,2026-09-04 06:01:50
253290,7,RISE 헬스케어채권혼합,11760,2,135,1.16,11724.0,-3.1605,1544,18,212,2026-09-04 06:01:50
108590,1,TREX 200,105815,2,2505,2.42,105505.0,-26.8583,15,1,212,2026-09-04 06:01:50
300640,2,RISE 게임테마,6425,2,90,1.42,6444.0,-13.2786,3549,22,209,2026-09-04 06:01:50
364990,2,TIGER 게임TOP10,4710,2,55,1.18,4718.0,-22.0921,148684,697,207,2026-09-04 06:01:50
463300,4,RISE 중국본토CSI300,12935,5,-45,-0.35,12952.0,-14.2272,289,3,207,2026-09-04 06:01:50
0186L0,4,KoAct 미국로봇피지컬AI액티브,8995,2,135,1.52,8981.0,-24.8197,19728,177,207,2026-09-04 06:01:50
152380,6,KODEX 국채선물10년,64870,2,140,0.22,64879.0,-0.8654,300,19,206,2026-09-04 06:01:50
417630,2,TIGER KEDI혁신기업ESG30,19610,2,250,1.29,19608.0,-13.6293,1840,36,206,2026-09-04 06:01:50
226980,1,KODEX 200 중소형,22825,2,140,0.62,22846.0,-12.438,914,20,205,2026-09-04 06:01:50
489000,6,PLUS 일본엔화초단기국채(합성),9155,2,5,0.05,9154.0,-8.7282,93704,862,201,2026-09-04 06:01:50
437070,6,KODEX 아시아달러채권ESG플러스액티브,57910,5,-185,-0.32,57770.0,-10.9694,1851,107,200,2026-09-04 06:01:50
169950,4,KODEX 차이나A50,25025,2,15,0.06,25129.0,-15.2491,188,4,200,2026-09-04 06:01:50
0231Z0,7,KODEX 코리아TDF2065액티브 적격,10005,2,185,1.88,10004.0,,23889,237,200,2026-09-04 06:01:50
497780,4,KoAct 미국천연가스인프라액티브,10507,5,-103,-0.97,10433.0,-5.5955,8295,87,200,2026-09-04 06:01:50
337120,2,KODEX 멀티팩터,33205,3,0,0.0,33712.0,-24.8946,0,0,199,2026-09-04 06:01:50
091220,2,TIGER 은행,17085,5,-525,-2.98,17102.0,15.5594,120922,2090,198,2026-09-04 06:01:50
0234N0,2,KIWOOM 삼성SK그룹TOP4+,9890,2,290,3.02,9899.0,,428658,4189,198,2026-09-04 06:01:50
404120,2,TIME K신재생에너지액티브,24600,2,510,2.12,24615.0,-24.801,483,11,197,2026-09-04 06:01:50
304770,1,HANARO 코스닥150,13805,2,465,3.49,13837.0,-25.8683,1160,15,196,2026-09-04 06:01:50
289040,2,KODEX MSCI KOREA ESG유니버설,32670,2,370,1.15,32840.0,-22.8414,17,0,196,2026-09-04 06:01:50
284980,2,RISE 200금융,22785,5,-510,-2.19,22820.0,1.7766,9482,217,196,2026-09-04 06:01:50
0192S0,7,SOL 코스피200채권혼합50,9325,2,100,1.08,9345.0,-13.6732,132545,1232,196,2026-09-04 06:01:50
213630,4,PLUS 미국다우존스고배당주(합성 H),21170,2,100,0.47,21293.0,6.441,2180,46,195,2026-09-04 06:01:50
416090,4,ACE 중국과창판STAR50,12155,5,-245,-1.98,12129.0,-16.2446,9331,114,194,2026-09-04 06:01:50
404260,2,KODEX 기후변화솔루션,24010,2,490,2.08,23987.0,-25.1142,1018,24,192,2026-09-04 06:01:50
0203R0,6,WON 중단기종합채권(A-이상)액티브,50495,2,35,0.07,50498.0,1.0109,1,0,192,2026-09-04 06:01:50
379790,4,RISE 유로스탁스50(H),17360,2,45,0.26,17344.0,5.7793,10549,183,191,2026-09-04 06:01:50
0190M0,4,KIWOOM 미국AI테크하이베타,7780,2,185,2.44,7696.0,-34.4977,17081,132,191,2026-09-04 06:01:50
0104P0,2,TIGER 코리아배당다우존스위클리커버드콜,11115,5,-80,-0.71,11102.0,-4.1558,11606,128,189,2026-09-04 06:01:50
0144M0,4,KODEX 미국드론UAM TOP10,6860,2,125,1.86,6813.0,-32.2776,17280,118,189,2026-09-04 06:01:50
407310,1,HANARO 200 TOP10,16325,2,215,1.33,16319.0,-24.8248,254,4,188,2026-09-04 06:01:50
487950,4,KODEX 대만테크고배당다우존스,12945,3,0,0.0,13081.0,-16.2789,26562,343,188,2026-09-04 06:01:50
445910,2,TIGER MKF배당귀족,20775,2,115,0.56,20819.0,-7.0257,1545,32,187,2026-09-04 06:01:50
0105D0,2,SOL 한국AI소프트웨어,9795,2,410,4.37,9797.0,-31.0181,64061,622,186,2026-09-04 06:01:50
228820,1,TIGER KTOP30,18530,2,380,2.09,18550.0,-25.4706,6516,120,185,2026-09-04 06:01:50
229720,1,KODEX KTOP30,36825,2,865,2.41,36759.0,-26.2394,2909,106,184,2026-09-04 06:01:50
304760,1,HANARO KRX300,45980,2,1160,2.59,46034.0,-27.2697,174,7,184,2026-09-04 06:01:50
183710,7,RISE 주식혼합,91645,2,1375,1.52,91244.0,-20.502,79,7,183,2026-09-04 06:01:50
276000,4,TIGER 글로벌자원생산기업(합성 H),21515,5,-155,-0.72,21677.0,6.3819,727,15,183,2026-09-04 06:01:50
461910,4,PLUS 미국테크TOP10레버리지(합성),36230,2,1130,3.22,35849.0,-27.3292,201,7,181,2026-09-04 06:01:50
0018Z0,4,RISE 미국양자컴퓨팅,17175,2,310,1.84,17147.0,-29.4439,3130,53,180,2026-09-04 06:01:50
445690,2,BNK 주주가치액티브,29860,2,160,0.54,29872.0,-18.2832,24,0,179,2026-09-04 06:01:50
449580,7,RISE 테슬라애플아마존채권혼합,16225,2,150,0.93,16210.0,-5.0556,12374,200,178,2026-09-04 06:01:50
461900,4,PLUS 미국테크TOP10,22290,2,250,1.13,22181.0,-13.1942,3489,77,178,2026-09-04 06:01:50
385600,2,ACE 2차전지&친환경차액티브,11860,2,75,0.64,11883.0,-30.1009,2087,24,178,2026-09-04 06:01:50
225060,4,TIGER 이머징마켓MSCI레버리지(합성 H),16735,2,485,2.98,16832.0,-9.7223,77,1,177,2026-09-04 06:01:50
460660,4,RISE 미국S&P배당킹,11780,5,-30,-0.25,11703.0,0.5907,4082,48,177,2026-09-04 06:01:50
195920,4,TIGER 일본TOPIX(합성 H),35265,2,85,0.24,35391.0,4.9679,387,13,176,2026-09-04 06:01:50
468370,6,KODEX iShares미국인플레이션국채액티브,10435,5,-35,-0.33,10414.0,-11.3725,6973,72,174,2026-09-04 06:01:50
227830,1,PLUS 코스피,69550,2,655,0.95,69354.0,-24.1178,1035,71,174,2026-09-04 06:01:50
0086C0,7,TIGER 리츠부동산인프라10채권혼합액티브,9785,5,-75,-0.76,9815.0,1.2191,4526,44,171,2026-09-04 06:01:50
289260,2,TIGER MSCI KOREA ESG리더스,28435,2,550,1.97,28480.0,-19.8362,2221,63,171,2026-09-04 06:01:50
250730,4,RISE 차이나HSCEI(H),10035,2,215,2.19,10140.0,-2.4827,2468,24,171,2026-09-04 06:01:50
457690,6,KODEX 33-06 국고채액티브,10485,2,25,0.24,10487.0,-0.2385,3233,33,170,2026-09-04 06:01:50
483330,4,ACE 마이크로소프트밸류체인액티브,14760,2,285,1.97,14728.0,-15.3014,2552,37,170,2026-09-04 06:01:50
474920,4,에셋플러스 차이나일등기업포커스10액티브,17950,2,155,0.87,17886.0,-10.1717,2900,51,169,2026-09-04 06:01:50
0223A0,2,RISE 코스닥커버드콜액티브,10225,2,385,3.91,10227.0,,180551,1836,169,2026-09-04 06:01:50
477490,4,에셋플러스 글로벌일등기업포커스10액티브,18700,2,265,1.44,18649.0,-18.5914,21,0,168,2026-09-04 06:01:50
292050,1,RISE KRX300,48050,2,1020,2.17,48072.0,-26.5214,3121,149,168,2026-09-04 06:01:50
415760,4,SOL 차이나육성산업액티브(합성),12350,5,-270,-2.14,12506.0,-13.7389,8084,101,168,2026-09-04 06:01:50
0198B0,2,1Q 삼성전자선물단일종목레버리지,10850,2,505,4.88,10846.0,-65.8807,11204,120,167,2026-09-04 06:01:50
219390,4,RISE 미국S&P원유생산기업(합성 H),8340,5,-10,-0.12,8443.0,12.8378,24420,203,167,2026-09-04 06:01:50
236350,4,TIGER 인도니프티50레버리지(합성),26715,5,-75,-0.28,26632.0,-15.7415,193,5,166,2026-09-04 06:01:50
391670,1,HK 베스트일레븐액티브,27585,2,935,3.51,27624.0,-30.0158,7,0,166,2026-09-04 06:01:50
0193K0,2,PLUS 삼성전자단일종목레버리지,11610,2,715,6.56,11560.0,-64.781,6154,70,165,2026-09-04 06:01:50
419650,4,PLUS 글로벌수소&차세대연료전지,5005,2,130,2.67,4942.0,-37.4198,5887,29,163,2026-09-04 06:01:50
332620,6,PLUS 미국장기우량회사채,86440,5,-305,-0.35,86423.0,-13.7408,307,26,162,2026-09-04 06:01:50
291130,4,ACE MSCI멕시코(합성),17940,2,330,1.87,17999.0,-11.7957,152,2,161,2026-09-04 06:01:50
494420,2,PLUS 미국배당증가성장주데일리커버드콜,8965,2,10,0.11,8942.0,-7.3677,7513,67,161,2026-09-04 06:01:50
131890,2,ACE 삼성그룹동일가중,40205,2,75,0.19,40403.0,-13.3917,766,30,161,2026-09-04 06:01:50
438900,2,HANARO Fn K-푸드,11790,5,-80,-0.67,11799.0,7.4221,18968,223,159,2026-09-04 06:01:50
265690,4,ACE 러시아MSCI(합성),8535,3,0,0.0,48.0,0.0,0,0,158,2026-09-04 06:01:50
130680,5,TIGER 원유선물Enhanced(H),7515,2,105,1.42,7524.0,3.2033,30322,228,158,2026-09-04 06:01:50
432840,4,HANARO 미국S&P500,19580,2,140,0.72,19507.0,-8.8111,1043,20,157,2026-09-04 06:01:50
491510,2,파워 K-주주가치액티브,18055,5,-50,-0.28,18097.0,-1.6596,369,6,153,2026-09-04 06:01:50
0207Z0,4,KIWOOM 미국우주데이터센터인프라,6930,2,180,2.67,6850.0,,52398,361,152,2026-09-04 06:01:50
337150,2,KODEX 200exTOP,25185,2,10,0.04,25268.0,-17.4984,1945,48,151,2026-09-04 06:01:50
114460,6,ACE 국고채3년,100700,3,0,0.0,100784.0,0.6774,622,62,151,2026-09-04 06:01:50
413930,2,WON AI ESG액티브,27240,2,545,2.04,27133.0,-25.4954,20008,542,150,2026-09-04 06:01:50
104520,2,KIWOOM 블루칩,14970,2,50,0.34,14980.0,-14.7122,189,2,150,2026-09-04 06:01:50
272570,6,RISE 중장기국공채액티브,107915,2,35,0.03,107973.0,0.4562,8,0,149,2026-09-04 06:01:50
387280,2,TIGER 퓨처모빌리티액티브,11695,2,450,4.0,11649.0,-33.3235,5614,65,149,2026-09-04 06:01:50
488290,4,MIDAS 일본테크액티브,42305,2,1165,2.83,42461.0,-20.8161,1725,72,148,2026-09-04 06:01:50
453010,7,PLUS KOFR금리,109880,2,5,0.0,109882.0,0.6688,3825,420,147,2026-09-04 06:01:50
0222F0,2,마이티 AI데이터센터밸류체인,12710,2,235,1.88,12683.0,,2551,32,146,2026-09-04 06:01:50
453630,4,KODEX 미국S&P500필수소비재,12165,5,-85,-0.69,12176.0,-5.3407,2936,35,146,2026-09-04 06:01:50
453820,4,KODEX 인도Nifty50레버리지(합성),11120,5,-130,-1.16,11159.0,-14.155,289,3,145,2026-09-04 06:01:50
404650,2,SOL KRX기후변화솔루션,23845,2,595,2.56,23783.0,-26.4843,41,0,143,2026-09-04 06:01:50
0013P0,4,RISE 미국은행TOP10,12850,2,80,0.63,12827.0,2.2929,37179,479,141,2026-09-04 06:01:50
0090B0,2,PLUS K방산소부장,6570,2,30,0.46,6573.0,-33.2994,54838,358,141,2026-09-04 06:01:50
234310,2,RISE V&S셀렉트밸류,28185,2,360,1.29,28202.0,-18.4377,5,0,141,2026-09-04 06:01:50
244620,2,KODEX 모멘텀Plus,19950,2,430,2.2,19966.0,-17.6893,3863,76,140,2026-09-04 06:01:50
266410,2,KODEX 필수소비재,9930,5,-180,-1.78,9941.0,9.3734,11550,114,139,2026-09-04 06:01:50
0216Z0,2,ACE K방산TOP5+,8370,2,85,1.03,8371.0,,18775,156,138,2026-09-04 06:01:50
137610,5,TIGER 농산물선물Enhanced(H),6000,5,-30,-0.5,6021.0,13.881,20436,122,138,2026-09-04 06:01:50
0220A0,7,KIWOOM 현대차그룹TOP3채권혼합50,9195,5,-10,-0.11,9205.0,,5228,48,138,2026-09-04 06:01:50
0153P0,2,ACE 리츠부동산인프라액티브,9485,2,80,0.85,9491.0,3.3121,292,2,138,2026-09-04 06:01:50
266390,2,KODEX 경기소비재,15250,2,400,2.69,15261.0,-20.128,12288,186,137,2026-09-04 06:01:50
373490,2,KODEX 코리아혁신성장액티브,24920,2,610,2.51,24894.0,-29.9424,320,7,137,2026-09-04 06:01:50
0222D0,2,KoAct 고배당액티브,10500,5,-50,-0.47,10506.0,,209615,2202,137,2026-09-04 06:01:50
0051A0,4,KoAct 브로드컴밸류체인액티브,22680,2,310,1.39,22442.0,-21.7148,26444,598,136,2026-09-04 06:01:50
0028X0,4,KODEX 미국금융테크액티브,11810,2,105,0.9,11858.0,-0.1763,8090,95,136,2026-09-04 06:01:50
484890,6,SOL 머니마켓액티브,52550,2,5,0.01,52547.0,0.6995,5828,306,136,2026-09-04 06:01:50
496130,1,TRUSTON 코리아밸류업액티브,25100,2,215,0.86,25067.0,-23.5484,13,0,136,2026-09-04 06:01:50
0088N0,2,WON K-글로벌수급상위,10785,2,180,1.7,10814.0,-16.0,3376,36,135,2026-09-04 06:01:50
0004G0,4,1Q 미국배당TOP30,8975,5,-10,-0.11,8971.0,-3.4572,5526,49,135,2026-09-04 06:01:50
0127V0,4,KIWOOM 미국S&P500 TOP10&배당다우비중전환,10695,2,100,0.94,10665.0,-9.7687,1316,14,134,2026-09-04 06:01:50
102960,2,KODEX 기계장비,13345,2,35,0.26,13345.0,-25.1407,16768,223,133,2026-09-04 06:01:50
0104G0,2,PLUS K방산레버리지,5560,2,25,0.45,5607.0,-46.1314,44418,246,133,2026-09-04 06:01:50
290080,3,RISE 200고배당커버드콜ATM,7620,5,-15,-0.2,7592.0,30.2225,45066,342,133,2026-09-04 06:01:50
417450,4,RISE 글로벌수소경제,15500,2,550,3.68,15585.0,-32.2054,535,8,132,2026-09-04 06:01:50
485810,4,TIME 글로벌바이오액티브,11440,5,-45,-0.39,11410.0,9.5374,2288,26,132,2026-09-04 06:01:50
0127T0,4,KIWOOM 미국S&P500&배당다우존스비중전환,10950,2,40,0.37,10956.0,-7.5677,6933,76,131,2026-09-04 06:01:50
472720,1,TRUSTON 주주가치액티브,25230,2,365,1.47,25256.0,-20.0097,729,18,131,2026-09-04 06:01:50
252650,1,KODEX 200동일가중,18700,2,25,0.13,18744.0,-9.4061,1599,29,131,2026-09-04 06:01:50
0084E0,7,KIWOOM 미국대형주500월간목표헤지액티브,10030,2,10,0.1,10019.0,-11.0713,254,2,130,2026-09-04 06:01:50
428560,4,KODEX 미국ETF산업Top10 Indxx,16180,2,335,2.11,16217.0,-6.0687,1092,17,129,2026-09-04 06:01:50
300610,2,TIGER K게임,5440,2,65,1.21,5436.0,-13.2365,4862,26,128,2026-09-04 06:01:50
0193L0,2,PLUS 삼성전자선물단일종목인버스2X,9535,5,-555,-5.5,9602.0,-20.3317,391033,3760,128,2026-09-04 06:01:50
0015F0,7,KIWOOM 팔란티어미국30년국채혼합액티브(H),10590,2,150,1.44,10638.0,0.8881,1439,15,127,2026-09-04 06:01:50
360150,2,KODEX 코스닥150롱코스피200숏선물,3095,2,25,0.81,3110.0,-5.247,47587,147,127,2026-09-04 06:01:50
279540,2,KODEX 최소변동성,21145,2,490,2.37,21168.0,-18.3251,240,5,127,2026-09-04 06:01:50
448490,6,HANARO 32-10 국고채액티브,52850,2,140,0.27,52833.0,-1.0606,2,0,127,2026-09-04 06:01:50
410870,2,TIME K컬처액티브,9655,2,65,0.68,9668.0,-10.5411,7944,76,126,2026-09-04 06:01:50
363510,6,SOL KIS단기통안채,112190,5,-5,0.0,112201.0,0.6278,7,0,125,2026-09-04 06:01:50
396510,4,TIGER 차이나클린에너지SOLACTIVE,6845,2,5,0.07,6899.0,-27.8482,7076,48,123,2026-09-04 06:01:50
435550,7,KIWOOM TDF2050액티브 적격,17585,2,90,0.51,17539.0,-11.0781,1104,19,123,2026-09-04 06:01:50
0194R0,2,KIWOOM SK하이닉스선물단일종목레버리지,8040,2,635,8.58,7983.0,-71.3581,28199,223,123,2026-09-04 06:01:50
453060,6,HANARO KOFR금리액티브(합성),111445,5,-5,0.0,111438.0,0.7047,5,0,123,2026-09-04 06:01:50
489860,4,KIWOOM 글로벌전력GRID인프라,14385,2,35,0.24,14444.0,-18.1933,4647,67,122,2026-09-04 06:01:50
251590,2,PLUS 고배당저변동50,17440,5,-185,-1.05,17470.0,2.2757,1149,20,122,2026-09-04 06:01:50
140580,2,RISE 우량업종대표주,24380,2,340,1.41,24401.0,-18.7838,12,0,122,2026-09-04 06:01:50
0208N0,1,IBK 코스피액티브,7360,2,155,2.15,7359.0,,57529,423,121,2026-09-04 06:01:50
409810,4,KODEX 미국나스닥100선물인버스(H),5515,5,-95,-1.69,5534.0,4.4692,120312,664,121,2026-09-04 06:01:50
400570,4,KODEX 유럽탄소배출권선물ICE(H),11455,5,-60,-0.52,11518.0,6.3741,1413,16,120,2026-09-04 06:01:50
404540,2,TIGER KRX기후변화솔루션,23995,2,720,3.09,23992.0,-26.2645,349,8,120,2026-09-04 06:01:50
457700,6,KODEX 53-09 국고채액티브,9080,2,15,0.17,9081.0,-6.6427,1675,15,120,2026-09-04 06:01:50
0000H0,2,KODEX 인도Nifty미드캡100,10335,5,-30,-0.29,10347.0,-6.2395,749,7,119,2026-09-04 06:01:50
453660,4,KODEX 미국S&P500경기소비재,16970,2,165,0.98,17014.0,-12.5043,853,14,119,2026-09-04 06:01:50
487750,2,BNK 온디바이스AI,29580,2,705,2.44,29625.0,-32.1547,654,19,118,2026-09-04 06:01:50
332610,6,PLUS 미국단기회사채(AAA~A),123075,5,-490,-0.4,122980.0,-9.7797,317,39,118,2026-09-04 06:01:50
166400,3,TIGER 200커버드콜OTM,23590,2,460,1.99,23594.0,-3.662,1249,29,118,2026-09-04 06:01:50
0113G0,4,KoAct 미국바이오헬스케어액티브,11715,2,45,0.39,11686.0,14.2437,2990,34,117,2026-09-04 06:01:50
282000,3,RISE 국고채3년선물인버스,114840,2,105,0.09,114735.0,0.144,2,0,117,2026-09-04 06:01:50
269370,4,TIGER S&P글로벌인프라(합성),16600,5,-55,-0.33,16616.0,-10.9141,1188,19,116,2026-09-04 06:01:50
269530,4,PLUS S&P글로벌인프라,19320,5,-85,-0.44,19392.0,-10.2454,259,5,116,2026-09-04 06:01:50
435040,4,ACE 글로벌브랜드TOP10,19305,2,115,0.6,19250.0,-7.599,39,0,116,2026-09-04 06:01:50
395760,2,PLUS ESG성장주액티브,20840,2,420,2.06,20814.0,-23.7776,102,2,115,2026-09-04 06:01:50
451600,6,PLUS 국고채30년액티브,83555,5,-55,-0.07,83616.0,-6.9915,122,10,114,2026-09-04 06:01:50
140710,2,KODEX 운송,6720,2,130,1.97,6719.0,4.1287,195692,1319,114,2026-09-04 06:01:50
354240,7,RISE 미국고정배당우선증권,10275,5,-85,-0.82,10261.0,-12.3891,3028,31,113,2026-09-04 06:01:50
430500,7,KIWOOM 물가채KIS,112820,2,395,0.35,112714.0,-0.9254,406,45,113,2026-09-04 06:01:50
0221Z0,2,ACE K바이오코스닥액티브,10100,2,205,2.07,10134.0,,5835,58,111,2026-09-04 06:01:50
0008E0,4,ACE 미국중심중소형제조업,11620,2,115,1.0,11645.0,-24.7055,131,1,110,2026-09-04 06:01:50
139240,2,TIGER 200 철강소재,11185,5,-15,-0.13,11197.0,-10.4717,26141,293,110,2026-09-04 06:01:50
446700,2,RISE 배터리 리사이클링,10505,5,-10,-0.1,10515.0,-16.976,1322,13,109,2026-09-04 06:01:50
0002C0,4,에셋플러스 인도일등기업포커스20액티브,10100,5,-5,-0.05,10084.0,1.8649,92,0,109,2026-09-04 06:01:50
464610,2,SOL 의료기기소부장Fn,7250,2,45,0.62,7252.0,-15.5829,5829,42,109,2026-09-04 06:01:50
407820,2,에셋플러스 코리아플랫폼액티브,6040,2,135,2.29,6040.0,-22.6082,10160,61,109,2026-09-04 06:01:50
463640,4,KODEX 미국S&P500유틸리티,13545,2,85,0.63,13450.0,-10.2085,1556,21,108,2026-09-04 06:01:50
310080,4,RISE 중국MSCI China(H),9360,2,150,1.63,9392.0,-4.8554,902,8,108,2026-09-04 06:01:50
451150,4,에셋플러스 글로벌영에이지액티브,17310,2,125,0.73,17250.0,-9.5289,4,0,107,2026-09-04 06:01:50
385710,2,TIME K이노베이션액티브,10720,2,40,0.37,10730.0,-27.0741,747,7,107,2026-09-04 06:01:50
0093B0,4,RISE 엔비디아고정테크100,12605,2,135,1.08,12549.0,-12.1439,829,10,107,2026-09-04 06:01:50
0203D0,7,PLUS 200위클리커버드콜채권혼합,8865,2,75,0.85,8898.0,-13.9116,13961,123,106,2026-09-04 06:01:50
371870,4,ACE 차이나항셍테크,6600,2,85,1.3,6605.0,-22.0694,5826,38,106,2026-09-04 06:01:50
419420,4,KODEX 미국클린에너지나스닥,8800,2,90,1.03,8743.0,-32.3647,2069,18,106,2026-09-04 06:01:50
0068M0,4,KODEX 미국S&P500버퍼6월액티브,11680,2,65,0.56,11656.0,-6.2594,3,0,105,2026-09-04 06:01:50
140570,2,RISE 수출주,25990,2,600,2.36,25945.0,-20.22,106,2,104,2026-09-04 06:01:50
280920,2,PLUS 주도업종,23095,2,295,1.29,23082.0,-27.9735,39,0,104,2026-09-04 06:01:50
0191S0,1,IBK 코스닥150,13930,2,375,2.77,13945.0,-24.8406,648,9,103,2026-09-04 06:01:50
237440,7,TIGER 경기방어채권혼합,10300,5,-40,-0.39,10304.0,1.0752,18133,187,103,2026-09-04 06:01:50
0189Z0,2,DAISHIN 금융&지주고배당,10290,5,-210,-2.0,10352.0,,2661,27,103,2026-09-04 06:01:50
0094L0,4,RISE 차이나테크TOP10위클리타겟커버드콜,7340,2,45,0.62,7157.0,-18.9706,4555,33,103,2026-09-04 06:01:50
0233N0,4,RISE 글로벌AI낸드메모리반도체,10200,2,245,2.46,10132.0,,42302,426,102,2026-09-04 06:01:50
461580,1,TIGER 코스닥글로벌,15625,2,315,2.06,15602.0,-16.1326,4350,67,102,2026-09-04 06:01:50
0120J0,2,BNK 카카오그룹포커스,8115,2,235,2.98,8110.0,-8.0514,18357,149,101,2026-09-04 06:01:50
181480,7,ACE 미국부동산리츠(합성 H),84470,2,525,0.63,84657.0,2.2024,133,11,101,2026-09-04 06:01:50
0001P0,2,마이티 바이오시밀러&CDMO액티브,9025,2,105,1.18,9026.0,-16.7134,348,3,101,2026-09-04 06:01:50
498050,2,HANARO 바이오코리아액티브,10600,2,145,1.39,10622.0,-20.3125,3855,40,101,2026-09-04 06:01:50
460270,6,KIWOOM 미국달러SOFR금리액티브(합성),12345,5,-45,-0.36,12316.0,-9.1976,5207,64,100,2026-09-04 06:01:50
0067Y0,4,TIGER 차이나AI소프트웨어,10520,5,-10,-0.09,10606.0,-24.8931,48379,512,100,2026-09-04 06:01:50
487910,4,ACE 인도컨슈머파워액티브,8215,5,-75,-0.9,8221.0,-4.3278,380,3,99,2026-09-04 06:01:50
174350,2,TIGER 로우볼,21345,5,-75,-0.35,21341.0,4.2458,8495,183,98,2026-09-04 06:01:50
281990,2,RISE 중소형고배당,17800,5,-25,-0.14,17793.0,-0.0355,207,3,98,2026-09-04 06:01:50
252000,1,TIGER 200동일가중,19575,2,165,0.85,19626.0,-10.2354,1328,26,98,2026-09-04 06:01:50
456250,4,KODEX 유럽명품TOP10 STOXX,8480,5,-205,-2.36,8470.0,-9.5206,10519,89,98,2026-09-04 06:01:50
463690,4,KODEX 미국S&P500커뮤니케이션,17725,2,70,0.4,17724.0,-12.3196,129,2,97,2026-09-04 06:01:50
117690,4,TIGER 차이나항셍30,19480,2,390,2.04,19488.0,-13.9703,617,12,97,2026-09-04 06:01:50
230480,7,KIWOOM 미국달러선물인버스2X,4830,2,50,1.05,4840.0,23.6739,18040,86,97,2026-09-04 06:01:50
354350,4,HANARO 글로벌럭셔리S&P(합성),18650,5,-95,-0.51,18687.0,-12.7734,792,14,97,2026-09-04 06:01:50
429010,4,TIGER 미국나스닥넥스트100,19365,2,145,0.75,19267.0,-11.8349,92,1,97,2026-09-04 06:01:50
227570,2,TIGER 우량가치,21365,2,60,0.28,21357.0,-4.9733,619,13,96,2026-09-04 06:01:50
0226G0,2,WON 피지컬AI TOP2플러스액티브,12000,2,315,2.7,12000.0,,7613,90,96,2026-09-04 06:01:50
0174R0,4,KIWOOM 미국성장다우존스,11290,2,145,1.3,11228.0,-10.2949,11618,131,96,2026-09-04 06:01:50
0133E0,4,TIGER 차이나증권,8915,2,230,2.65,8924.0,-2.58,47025,421,94,2026-09-04 06:01:50
482030,2,KoAct 반도체&2차전지핵심소재액티브,8820,2,85,0.97,8837.0,-24.4378,16343,144,93,2026-09-04 06:01:50
494180,4,TIME 글로벌소비트렌드액티브,13205,2,85,0.65,13159.0,-10.137,69,0,92,2026-09-04 06:01:50
341850,7,TIGER 리츠부동산인프라채권,4575,3,0,0.0,4572.0,3.0212,1476,6,92,2026-09-04 06:01:50
497510,4,ACE 글로벌빅파마,13045,2,25,0.19,13041.0,2.4794,599,7,91,2026-09-04 06:01:50
399580,4,RISE 글로벌클린에너지,9095,2,115,1.28,9108.0,-32.2888,3495,31,91,2026-09-04 06:01:50
301400,1,PLUS 코스닥150,13970,2,555,4.14,13965.0,-26.271,1506,20,91,2026-09-04 06:01:50
0224D0,4,KIWOOM 미국CPU반도체TOP4+,9055,2,105,1.17,8996.0,,11482,103,91,2026-09-04 06:01:50
215620,2,HK S&P코리아로우볼,16545,2,90,0.55,16416.0,3.4905,1,0,89,2026-09-04 06:01:50
449680,7,TIGER 한중전기차(합성),10475,5,-25,-0.24,10518.0,-29.6719,2,0,89,2026-09-04 06:01:50
395150,2,KODEX 웹툰&드라마,1854,2,46,2.54,1854.0,-15.907,35212,64,89,2026-09-04 06:01:50
0084D0,7,KIWOOM 미국테크100월간목표헤지액티브,11115,2,25,0.23,11071.0,-14.1136,1326,14,89,2026-09-04 06:01:50
105010,4,TIGER 라틴35,6350,5,-100,-1.55,6384.0,-7.4869,18350,116,89,2026-09-04 06:01:50
466810,2,BNK 2차전지양극재,5915,2,35,0.6,5913.0,-20.4331,11631,68,89,2026-09-04 06:01:50
0184N0,7,PLUS 은채권혼합,8845,2,40,0.45,8852.0,-10.5638,10019,88,88,2026-09-04 06:01:50
0214M0,2,MIDAS 바이오헬스케어액티브,10350,2,265,2.63,10373.0,,1388,14,88,2026-09-04 06:01:50
0227K0,4,RISE 미국우주위성통신,8780,5,-20,-0.23,8721.0,,28063,243,88,2026-09-04 06:01:50
375270,7,RISE 글로벌데이터센터리츠(합성),13500,2,325,2.47,13452.0,-22.3859,156,2,88,2026-09-04 06:01:50
0194N0,2,KIWOOM 삼성전자선물단일종목레버리지,10605,2,535,5.31,10549.0,-64.9325,11385,119,87,2026-09-04 06:01:50
217780,4,TIGER 차이나CSI300인버스(합성),5600,2,40,0.72,5651.0,16.8067,2424,13,87,2026-09-04 06:01:50
381570,2,HANARO Fn친환경에너지,10200,2,150,1.49,10187.0,-20.9285,1975,20,87,2026-09-04 06:01:50
371150,4,RISE 차이나항셍테크,6635,2,110,1.69,6585.0,-21.4695,2774,18,86,2026-09-04 06:01:50
0219Z0,4,HANARO 미국S&P500액티브,10140,2,45,0.45,10192.0,,500,5,86,2026-09-04 06:01:50
0216K0,7,KIWOOM 미국우주테크TOP2채권혼합50,8605,2,220,2.62,8573.0,,10620,91,86,2026-09-04 06:01:50
435540,7,KIWOOM TDF2040액티브 적격,17040,2,25,0.15,17013.0,-10.5981,851,14,85,2026-09-04 06:01:50
497520,4,ACE 일라이릴리밸류체인,12980,2,55,0.43,12987.0,2.3357,429,5,84,2026-09-04 06:01:50
270800,2,RISE KQ고배당,15270,2,140,0.93,15252.0,-9.0868,382,5,84,2026-09-04 06:01:50
277650,2,TIGER 코스피중형주,20890,5,-10,-0.05,20901.0,-10.1462,237,4,84,2026-09-04 06:01:50
182490,6,TIGER 단기선진하이일드(합성 H),13925,2,25,0.18,13873.0,0.6881,384,5,84,2026-09-04 06:01:50
395280,2,HANARO Fn K-게임,3535,2,30,0.86,3556.0,-18.2031,405,1,83,2026-09-04 06:01:50
429980,7,SOL 한국형글로벌전기차&2차전지액티브,16575,2,185,1.13,16550.0,-26.1213,108,1,83,2026-09-04 06:01:50
462340,4,에셋플러스 글로벌다이나믹시니어액티브,16505,2,225,1.38,16413.0,-0.8225,103,1,83,2026-09-04 06:01:50
0219B0,2,KoAct 광통신&위성네트워크액티브,10250,2,255,2.55,10260.0,,8379,85,82,2026-09-04 06:01:50
457930,2,BNK 미래전략기술액티브,27030,2,425,1.6,27061.0,-27.0897,412,11,81,2026-09-04 06:01:50
395750,2,PLUS ESG가치주액티브,20115,2,350,1.77,20060.0,-25.0901,81,1,80,2026-09-04 06:01:50
0226D0,7,FOCUS 금융반도체지주채권혼합50액티브,9955,2,195,2.0,9982.0,,5673,56,80,2026-09-04 06:01:50
480460,7,WON 한국부동산TOP3플러스,9310,5,-115,-1.22,9288.0,6.3855,511,4,79,2026-09-04 06:01:50
227550,2,TIGER 200 산업재,11980,2,55,0.46,11980.0,-13.1781,306,3,79,2026-09-04 06:01:50
487920,4,ACE 인도시장대표BIG5그룹액티브,7815,5,-25,-0.32,7832.0,-8.678,1741,13,78,2026-09-04 06:01:50
189400,4,PLUS 글로벌MSCI(합성 H),26020,2,230,0.89,26141.0,0.2331,230,6,78,2026-09-04 06:01:50
253280,2,RISE 헬스케어,12905,2,210,1.65,12868.0,-12.5388,224,2,77,2026-09-04 06:01:50
437370,4,RISE 글로벌농업경제,10975,5,-20,-0.18,10892.0,0.7234,860,9,77,2026-09-04 06:01:50
261110,7,TIGER 미국달러선물레버리지,15310,5,-140,-0.91,15312.0,-18.8977,1973,30,77,2026-09-04 06:01:50
315270,2,TIGER 200커뮤니케이션서비스,19915,2,495,2.55,19926.0,-19.4538,925,18,76,2026-09-04 06:01:50
285690,2,FOCUS ESG리더스,21610,2,195,0.91,21579.0,-16.9479,1,0,76,2026-09-04 06:01:50
435530,7,KIWOOM TDF2030액티브 적격,15120,2,55,0.37,15082.0,-10.4298,102,1,76,2026-09-04 06:01:50
0172Y0,2,ACE K수출핵심TOP10산업액티브,9385,2,190,2.07,9371.0,-21.4774,392,3,75,2026-09-04 06:01:50
438740,2,MIDAS 중소형액티브,33345,2,250,0.76,33378.0,-15.1302,4,0,75,2026-09-04 06:01:50
494210,4,SOL 미국500타겟데일리커버드콜액티브,10690,2,70,0.66,10684.0,-9.2341,1892,20,75,2026-09-04 06:01:50
139660,7,KIWOOM 미국달러선물인버스,8560,2,40,0.47,8583.0,11.0821,1419,12,74,2026-09-04 06:01:50
304670,6,KODEX 미국30년국채울트라선물인버스(H),12345,5,-50,-0.4,12365.0,4.1159,23,0,74,2026-09-04 06:01:50
225800,7,KIWOOM 미국달러선물레버리지,14415,5,-145,-1.0,14408.0,-19.0437,1751,25,74,2026-09-04 06:01:50
225050,4,TIGER 유로스탁스레버리지(합성 H),16290,2,140,0.87,16408.0,9.5286,462,7,73,2026-09-04 06:01:50
402460,2,HANARO Fn K-메타버스MZ,14660,2,240,1.66,14696.0,-24.9653,82,1,73,2026-09-04 06:01:50
0005C0,6,RISE 미국S&P500엔화노출(합성 H),11260,2,130,1.17,11264.0,-8.7705,5387,61,73,2026-09-04 06:01:50
0218K0,2,BNK 스마트카,10440,2,205,2.0,10430.0,,9,0,73,2026-09-04 06:01:50
0229F0,2,마이티 신약포커스바이오액티브,9130,2,415,4.76,9116.0,,97310,879,73,2026-09-04 06:01:50
0094X0,4,1Q 샤오미밸류체인액티브,8085,5,-15,-0.19,8128.0,-20.2432,2664,21,73,2026-09-04 06:01:50
488480,4,RISE 일본섹터TOP4Plus,13170,5,-15,-0.11,13141.0,-5.2984,288,3,72,2026-09-04 06:01:50
326230,2,RISE 내수주플러스,11310,2,50,0.44,11316.0,-16.5617,1747,19,72,2026-09-04 06:01:50
368680,2,KODEX K-뉴딜디지털플러스,8030,2,30,0.38,8045.0,-12.6488,29,0,72,2026-09-04 06:01:50
0215T0,4,HANARO 미국AI광통신TOP10,7925,5,-25,-0.31,7773.0,,8105,63,71,2026-09-04 06:01:50
244670,2,KODEX 밸류Plus,11860,2,60,0.51,11837.0,0.2188,25,0,71,2026-09-04 06:01:50
0082F0,4,HANARO 유럽방산,10140,5,-75,-0.73,10093.0,-5.7222,593,6,71,2026-09-04 06:01:50
450180,7,KODEX 한중전기차(합성),10885,2,10,0.09,10809.0,-28.968,3,0,71,2026-09-04 06:01:50
256450,4,PLUS 심천차이넥스트(합성),14035,5,-70,-0.5,14258.0,-26.9361,2390,33,70,2026-09-04 06:01:50
139290,2,TIGER 200 경기소비재,25020,2,240,0.97,25015.0,-29.9902,599,14,70,2026-09-04 06:01:50
429740,7,PLUS K리츠,6065,5,-35,-0.57,6083.0,2.5996,4889,29,70,2026-09-04 06:01:50
400590,4,SOL 글로벌탄소배출권선물ICE(합성),13900,5,-115,-0.82,13913.0,-5.1118,229,3,70,2026-09-04 06:01:50
0176P0,2,FOCUS AI반도체위클리고정커버드콜,12595,2,365,2.98,12590.0,-22.373,1136,14,69,2026-09-04 06:01:50
0036Z0,4,RISE 미국천연가스밸류체인,12405,5,-105,-0.84,12431.0,-4.8262,3793,47,68,2026-09-04 06:01:50
0166T0,4,PLUS 글로벌저작권핵심기업액티브,9680,5,-55,-0.56,9707.0,-7.1531,10010,96,68,2026-09-04 06:01:50
0138D0,2,RISE 동학개미,12225,2,430,3.65,12225.0,-30.2072,3085,37,67,2026-09-04 06:01:50
0047N0,4,PLUS 차이나AI테크TOP10,9510,2,85,0.9,9474.0,-21.7843,352,3,67,2026-09-04 06:01:50
176950,6,KODEX 국채선물10년인버스,60455,5,-160,-0.26,60471.0,1.891,71,4,65,2026-09-04 06:01:50
138920,5,KODEX 콩선물(H),13000,2,80,0.62,13030.0,8.6901,2682,34,65,2026-09-04 06:01:50
456200,6,PLUS 미국달러SOFR금리액티브(합성),58695,5,-320,-0.54,58646.0,-9.3611,111,6,65,2026-09-04 06:01:50
250780,3,TIGER 코스닥150선물인버스,2480,5,-105,-4.06,2483.0,17.7676,1126500,2812,64,2026-09-04 06:01:50
291890,4,KODEX MSCI EM선물(H),12470,2,210,1.71,12496.0,-5.0349,184,2,62,2026-09-04 06:01:50
316300,7,ACE 싱가포르리츠,12450,5,-185,-1.46,12692.0,-11.0788,3385,42,62,2026-09-04 06:01:50
474390,6,SOL 국고채30년액티브,40220,3,0,0.0,40276.0,-7.5403,12,0,62,2026-09-04 06:01:50
0114X0,4,RISE 글로벌게임테크TOP3Plus,8800,2,265,3.1,8772.0,-5.3245,312,2,62,2026-09-04 06:01:50
469530,3,RISE 미국달러선물인버스,9595,2,50,0.52,9611.0,11.4419,102,0,61,2026-09-04 06:01:50
307510,2,TIGER 의료기기,12235,2,70,0.58,12250.0,-18.9855,4207,51,61,2026-09-04 06:01:50
289670,6,PLUS 국채선물10년,52005,2,65,0.13,52012.0,-0.8022,462,24,60,2026-09-04 06:01:50
483020,2,KIWOOM 의료AI,9200,2,55,0.6,9225.0,-12.5718,4163,38,60,2026-09-04 06:01:50
451670,6,RISE 국채30년레버리지(합성),11940,5,-15,-0.13,11951.0,-16.5446,232,2,60,2026-09-04 06:01:50
0087F0,4,ACE 차이나AI빅테크TOP2+액티브,11935,2,130,1.1,11879.0,-16.2766,636,7,60,2026-09-04 06:01:50
314700,2,HANARO 농업융복합산업,10835,5,-15,-0.14,10839.0,-11.2935,312,3,60,2026-09-04 06:01:50
0184V0,2,UNICORN K바이오액티브,5660,2,175,3.19,5648.0,-35.2421,12778,72,59,2026-09-04 06:01:50
400580,4,SOL 유럽탄소배출권선물S&P(H),11785,5,-75,-0.63,11809.0,6.5588,12,0,59,2026-09-04 06:01:50
0191B0,1,MIDAS 코스닥액티브,29230,2,820,2.89,29213.0,-19.655,578,16,58,2026-09-04 06:01:50
0053M0,2,더제이 중소형포커스액티브,12860,2,200,1.58,12862.0,-12.6596,371,4,58,2026-09-04 06:01:50
407300,2,HANARO Fn골프테마,10355,3,0,0.0,10330.0,-19.2395,1,0,57,2026-09-04 06:01:50
433250,1,UNICORN R&D 액티브,22780,2,175,0.77,22926.0,-28.7695,1,0,57,2026-09-04 06:01:50
488200,2,KIWOOM K-2차전지북미공급망,12625,2,145,1.16,12632.0,-28.4483,5408,68,57,2026-09-04 06:01:50
219900,4,ACE 중국본토CSI300레버리지(합성),4025,3,0,0.0,3999.0,-30.2427,1765,7,56,2026-09-04 06:01:50
401590,4,HANARO 글로벌탄소배출권선물ICE(합성),11050,3,0,0.0,11083.0,-6.5935,69,0,56,2026-09-04 06:01:50
470310,2,UNICORN 생성형AI강소기업액티브,18690,2,640,3.55,18689.0,-1.3122,322,5,56,2026-09-04 06:01:50
267450,6,RISE 미국장기국채선물인버스(H),11180,5,-10,-0.09,11115.0,3.7071,56,0,56,2026-09-04 06:01:50
390400,4,KODEX 미국스마트모빌리티S&P,6975,2,105,1.53,6942.0,-25.63,1671,11,56,2026-09-04 06:01:50
432600,6,RISE 국채선물3년,55310,2,10,0.02,55333.0,0.94,2,0,55,2026-09-04 06:01:50
499150,4,SOL 미국S&P500엔화노출(H),10980,2,125,1.15,10863.0,-7.7577,4433,48,55,2026-09-04 06:01:50
220130,4,SOL 차이나강소기업CSI500(합성 H),6840,2,45,0.66,6777.0,-4.1608,3,0,55,2026-09-04 06:01:50
476310,4,RISE 글로벌비만산업TOP2+,9940,2,25,0.25,10001.0,-1.3758,206,2,55,2026-09-04 06:01:50
483030,4,KIWOOM 미국블록버스터바이오테크의약품+,12095,2,110,0.92,12062.0,5.4716,4269,51,54,2026-09-04 06:01:50
238670,7,PLUS 스마트베타Quality채권혼합,13600,5,-5,-0.04,13517.0,0.6286,3908,53,54,2026-09-04 06:01:50
0102X0,4,ACE 유럽방산TOP10,9045,5,-95,-1.04,9031.0,-8.2812,1112,10,54,2026-09-04 06:01:50
0015E0,7,KIWOOM 엔비디아미국30년국채혼합액티브(H),10635,2,60,0.57,10618.0,-2.7435,1284,13,53,2026-09-04 06:01:50
321410,7,KODEX 멀티에셋하이인컴(H),10625,5,-15,-0.14,10691.0,0.9016,12,0,53,2026-09-04 06:01:50
0132D0,7,KoAct 글로벌K컬처밸류체인액티브,9615,2,5,0.05,9681.0,3.4445,98,0,53,2026-09-04 06:01:50
0174J0,7,DAISHIN 오피스리츠플러스,8680,2,70,0.81,8700.0,1.3979,5146,44,52,2026-09-04 06:01:50
413220,4,SOL 차이나태양광CSI(합성),4300,5,-45,-1.04,4362.0,-31.5209,135,0,52,2026-09-04 06:01:50
490330,4,KoAct 미국치매&뇌질환치료제액티브,14665,5,-125,-0.85,14663.0,5.2669,595,8,51,2026-09-04 06:01:50
295000,6,RISE 국채선물10년,51225,2,15,0.03,51342.0,-0.8807,7,0,51,2026-09-04 06:01:50
411860,4,KIWOOM 독일DAX,16765,2,30,0.18,16736.0,-7.9088,740,12,50,2026-09-04 06:01:50
498610,4,RISE 인도디지털성장,8205,5,-50,-0.61,8252.0,-3.7861,33,0,49,2026-09-04 06:01:50
291630,3,KIWOOM 코스닥150선물레버리지,3375,2,210,6.64,3371.0,-52.6552,45936,153,49,2026-09-04 06:01:50
0154H0,4,KoAct 차이나바이오헬스케어액티브,8850,3,0,0.0,8919.0,8.9901,479,4,49,2026-09-04 06:01:50
0073X0,5,FOCUS 알리바바미국채커버드콜혼합,8725,2,35,0.4,8718.0,-14.7643,634,5,48,2026-09-04 06:01:50
0015K0,4,TIGER 미국소비트렌드액티브,7030,2,110,1.59,7017.0,-10.9396,3,0,48,2026-09-04 06:01:50
267440,6,RISE 미국장기국채선물(H),7955,5,-95,-1.18,8091.0,-1.7095,979,7,48,2026-09-04 06:01:50
244660,2,KODEX 퀄리티Plus,9480,2,30,0.32,9533.0,-1.8439,12,0,47,2026-09-04 06:01:50
0078V0,4,PLUS 미국로보택시,9475,2,115,1.23,9401.0,-21.6081,308,2,47,2026-09-04 06:01:50
0128D0,4,PLUS 차이나항셍테크위클리타겟커버드콜,6735,2,50,0.75,6718.0,-19.6933,2135,14,47,2026-09-04 06:01:50
266550,2,PLUS 중형주저변동50,18740,5,-30,-0.16,18715.0,1.432,29,0,47,2026-09-04 06:01:50
227560,2,TIGER 200 생활소비재,12960,5,-130,-0.99,12962.0,2.6367,19859,259,47,2026-09-04 06:01:50
243890,2,TIGER 200에너지화학레버리지,8870,2,570,6.87,8896.0,-31.7154,10256,90,47,2026-09-04 06:01:50
391600,4,ACE 미국친환경그린테마,10260,2,105,1.03,10223.0,-25.3309,212,2,46,2026-09-04 06:01:50
488210,2,KIWOOM K-반도체북미공급망,23065,2,1010,4.58,23119.0,-16.4283,1101,25,46,2026-09-04 06:01:50
373790,4,KIWOOM 미국방어배당성장나스닥,15575,2,35,0.23,15505.0,-2.1894,161,2,44,2026-09-04 06:01:50
205720,4,ACE 일본TOPIX인버스(합성 H),1441,5,-9,-0.62,1452.0,-6.0273,1143,1,43,2026-09-04 06:01:50
0050E0,4,PLUS 미국AI에이전트,8420,2,145,1.75,8423.0,-17.374,608,5,42,2026-09-04 06:01:50
252420,3,RISE 200선물인버스2X,84,5,-4,-4.55,84.0,11.3924,987504,82,42,2026-09-04 06:01:50
0131A0,4,SOL 차이나소비트렌드,7650,5,-10,-0.13,7703.0,-22.1149,9480,72,42,2026-09-04 06:01:50
226380,2,ACE Fn성장소비주도주,5990,2,80,1.35,5992.0,-3.3525,191,1,42,2026-09-04 06:01:50
334690,5,RISE 팔라듐선물(H),6380,2,255,4.16,6379.0,-4.7434,4305,27,41,2026-09-04 06:01:50
291680,4,RISE 차이나H선물인버스(H),7660,5,-90,-1.16,7691.0,2.3778,60,0,38,2026-09-04 06:01:50
225030,4,TIGER 미국S&P500선물인버스(H),2240,5,-25,-1.1,2235.0,0.0,37217,83,37,2026-09-04 06:01:50
427120,2,RISE AI플랫폼,5320,2,185,3.6,5332.0,-18.1021,10550,56,36,2026-09-04 06:01:50
267490,6,RISE 미국장기국채선물레버리지(합성 H),5025,2,15,0.3,5040.0,-5.6498,11,0,35,2026-09-04 06:01:50
0079X0,4,ACE BYD밸류체인액티브,9735,5,-85,-0.87,9728.0,-20.4214,769,7,34,2026-09-04 06:01:50
454180,4,KIWOOM 차이나내수소비TOP CSI,7575,2,120,1.61,7579.0,-13.1052,204,1,30,2026-09-04 06:01:50
306530,3,HANARO 코스닥150선물레버리지,6720,2,430,6.84,6717.0,-53.3556,5816,38,30,2026-09-04 06:01:50
145670,3,ACE 인버스,1323,5,-21,-1.56,1322.0,15.6626,38368,50,29,2026-09-04 06:01:50
476000,2,UNICORN 포스트IPO액티브,5000,2,110,2.25,4985.0,-38.4519,10056,49,28,2026-09-04 06:01:50
280940,5,KODEX 골드선물인버스(H),3330,5,-65,-1.91,3356.0,1.1922,1356,4,27,2026-09-04 06:01:50
252410,3,RISE 200선물인버스,1331,5,-49,-3.55,1345.0,17.1477,21852,29,27,2026-09-04 06:01:50
491630,4,RISE 미국반도체인버스(합성 H),5500,5,-135,-2.4,5569.0,4.1589,14605,81,26,2026-09-04 06:01:50
291620,3,KIWOOM 코스닥150선물인버스,4360,5,-200,-4.39,4397.0,17.3745,38148,168,25,2026-09-04 06:01:50
253230,3,KIWOOM 200선물인버스2X,80,5,-3,-3.61,80.0,7.7922,1212267,97,24,2026-09-04 06:01:50
275750,3,RISE 코스닥150선물인버스,2505,5,-100,-3.84,2514.0,17.3423,7656,19,24,2026-09-04 06:01:50
280320,4,ACE 미국IT인터넷(합성 H),21810,2,430,2.01,22023.0,-2.3522,121,2,22,2026-09-04 06:01:50
334700,5,RISE 팔라듐선물인버스(H),3070,5,-120,-3.76,3081.0,-1.5433,1092,3,20,2026-09-04 06:01:50
253240,3,KIWOOM 200선물인버스,1341,5,-29,-2.12,1345.0,16.3976,47089,63,16,2026-09-04 06:01:50
306520,3,HANARO 200선물인버스,2430,5,-65,-2.61,2445.0,15.2424,543,1,15,2026-09-04 06:01:50
253160,3,PLUS 200선물인버스2X,161,5,-9,-5.29,162.0,6.25,754420,122,13,2026-09-04 06:01:50
412560,2,TIGER BBIG레버리지,1738,2,11,0.64,1748.0,-36.2731,510,0,12,2026-09-04 06:01:50
261920,4,ACE MSCI필리핀(합성),12075,5,-10,-0.08,12076.0,-7.9589,75,0,12,2026-09-04 06:01:50
465620,4,ACE 미국빅테크TOP7 Plus인버스(합성),6470,5,-115,-1.75,6468.0,9.3853,105,0,6,2026-09-04 06:01:50
