itemcode,etfTabCode,itemname,nowVal,risefall,changeVal,changeRate,nav,threeMonthEarnRate,quant,amonut,marketSum,collected_at
069500,1,KODEX 200,104395,2,895,0.86,104642.0,-26.7468,1903364,198840,242614,2026-09-03 00:34:31
360750,4,TIGER 미국S&P500,25885,2,25,0.1,25893.0,-9.1051,4426161,114574,202589,2026-09-03 00:34:31
133690,4,TIGER 미국나스닥100,175535,2,60,0.03,175728.0,-14.0045,386862,67910,113080,2026-09-03 00:34:31
379800,4,KODEX 미국S&P500,23530,2,30,0.13,23537.0,-9.1299,3261277,76722,100273,2026-09-03 00:34:31
102110,1,TIGER 200,104620,2,965,0.93,104876.0,-26.6364,1310807,137073,99023,2026-09-03 00:34:31
396500,2,TIGER 반도체TOP10,33905,2,140,0.41,33933.0,-35.1733,761605,25920,90984,2026-09-03 00:34:31
379810,4,KODEX 미국나스닥100,26245,2,10,0.04,26273.0,-14.0197,4036721,105934,90362,2026-09-03 00:34:31
488770,7,KODEX 머니마켓액티브,105407,2,7,0.01,105423.0,0.8419,110312,11627,80713,2026-09-03 00:34:31
278530,1,KODEX 200TR,37810,2,310,0.83,37875.0,-26.6217,157737,5959,74070,2026-09-03 00:34:31
459580,6,KODEX CD금리액티브(합성),1073845,2,275,0.03,1073859.0,0.713,173795,186629,65377,2026-09-03 00:34:31
498400,2,KODEX 200타겟위클리커버드콜,19855,2,175,0.89,19865.0,-26.1467,809521,16080,55773,2026-09-03 00:34:31
122630,3,KODEX 레버리지,100530,2,1630,1.65,100964.0,-55.9446,2046874,206235,55392,2026-09-03 00:34:31
381180,4,TIGER 미국필라델피아반도체나스닥,40020,2,175,0.44,40165.0,-22.9273,189002,7570,54367,2026-09-03 00:34:31
0167A0,2,SOL AI반도체TOP2플러스,16820,2,20,0.12,16847.0,-31.8873,1825099,30859,53883,2026-09-03 00:34:31
091160,2,KODEX 반도체,120835,5,-265,-0.22,121039.0,-26.1023,262018,31958,52986,2026-09-03 00:34:31
229200,1,KODEX 코스닥150,13545,5,-75,-0.55,13589.0,-24.1437,5498732,75055,46812,2026-09-03 00:34:31
458730,4,TIGER 미국배당다우존스,15065,2,10,0.07,15062.0,-1.5778,301479,4542,43237,2026-09-03 00:34:31
148020,1,RISE 200,105175,2,795,0.76,105435.0,-26.8384,259236,27258,43017,2026-09-03 00:34:31
310970,1,TIGER MSCI Korea TR,46615,2,370,0.8,46633.0,-26.7116,5285,245,42233,2026-09-03 00:34:31
0162Z0,7,RISE 삼성전자SK하이닉스채권혼합50,13110,2,50,0.38,13134.0,-13.9268,921497,12111,40326,2026-09-03 00:34:31
411060,5,ACE KRX금현물,26955,2,320,1.2,26910.0,-11.7316,103488,2790,40136,2026-09-03 00:34:31
360200,4,ACE 미국S&P500,26170,2,35,0.13,26177.0,-9.1606,123108,3220,39176,2026-09-03 00:34:31
395160,2,KODEX AI반도체TOP2플러스,37735,2,220,0.59,37783.0,-27.8558,489963,18587,38452,2026-09-03 00:34:31
381170,4,TIGER 미국테크TOP10 INDXX,30415,2,145,0.48,30416.0,-14.1764,164925,5017,37532,2026-09-03 00:34:31
357870,6,TIGER CD금리투자KIS(합성),58007,2,17,0.03,58006.0,0.7295,15447,896,35523,2026-09-03 00:34:31
423160,6,KODEX KOFR금리액티브(합성),110677,2,2,0.0,110662.0,0.6794,8769,970,35509,2026-09-03 00:34:31
395270,2,HANARO Fn K-반도체,53580,2,210,0.39,53678.0,-26.9905,132238,7109,33836,2026-09-03 00:34:31
367380,4,ACE 미국나스닥100,30175,2,25,0.08,30207.0,-14.0491,125230,3778,33826,2026-09-03 00:34:31
102780,2,KODEX 삼성그룹,26015,2,300,1.17,26061.0,-23.6718,46381,1204,33637,2026-09-03 00:34:31
273130,6,KODEX 종합채권(AA-이상)액티브,109765,2,180,0.16,109673.0,-1.0028,1195,131,33276,2026-09-03 00:34:31
0043B0,6,TIGER 머니마켓액티브,103555,2,35,0.03,103558.0,0.8721,17999,1863,33156,2026-09-03 00:34:31
233740,3,KODEX 코스닥150레버리지,6465,5,-75,-1.15,6489.0,-50.9378,18377604,120891,32170,2026-09-03 00:34:31
487240,2,KODEX AI전력핵심설비,34005,5,-365,-1.06,34063.0,-25.7209,656439,22476,29686,2026-09-03 00:34:31
455890,6,RISE 머니마켓액티브,55485,2,10,0.02,55493.0,0.7903,11008,610,27922,2026-09-03 00:34:31
139260,2,TIGER 200 IT,131325,2,855,0.66,131474.0,-30.7638,19566,2579,25950,2026-09-03 00:34:31
472150,2,TIGER 배당커버드콜액티브,19550,2,130,0.67,19564.0,-24.4061,410364,8023,25190,2026-09-03 00:34:31
481050,6,KODEX CD1년금리플러스액티브(합성),1022007,2,272,0.03,1021805.0,0.7671,24740,25284,25067,2026-09-03 00:34:31
161510,2,PLUS 고배당주,25610,2,480,1.91,25656.0,-4.9506,123450,3131,24478,2026-09-03 00:34:31
449170,6,TIGER KOFR금리액티브(합성),111770,2,20,0.02,111744.0,0.653,21799,2436,24070,2026-09-03 00:34:31
486290,4,TIGER 미국나스닥100타겟데일리커버드콜,10220,2,20,0.2,10230.0,-14.2321,431603,4410,24048,2026-09-03 00:34:31
426030,4,TIME 미국나스닥100액티브,43555,2,290,0.67,43442.0,-26.0491,260075,11342,23650,2026-09-03 00:34:31
278540,1,KODEX MSCI Korea TR,37100,2,300,0.82,37122.0,-26.9117,1259,46,22705,2026-09-03 00:34:31
0193T0,2,KODEX SK하이닉스단일종목레버리지,9235,2,120,1.32,9259.0,-70.1588,4013434,37546,21460,2026-09-03 00:34:31
456600,4,TIME 글로벌AI인공지능액티브,56300,2,510,0.91,55953.0,-21.9339,13524,762,20538,2026-09-03 00:34:31
284430,6,KODEX 200미국채혼합50,20365,2,20,0.1,20376.0,-16.9064,80812,1646,19876,2026-09-03 00:34:31
385540,6,RISE 종합채권(A-이상)액티브,102810,2,145,0.14,102763.0,-1.0363,18,1,19837,2026-09-03 00:34:31
292150,2,TIGER 코리아TOP10,36630,2,195,0.54,36687.0,-25.7533,75552,2766,19597,2026-09-03 00:34:31
214980,6,KODEX 단기채권PLUS,114630,2,25,0.02,114663.0,0.67,2295,263,18148,2026-09-03 00:34:31
294400,1,KIWOOM 200TR,137050,2,1130,0.83,137295.0,-26.6665,28789,3941,17474,2026-09-03 00:34:31
305720,2,KODEX 2차전지산업,14505,2,15,0.1,14506.0,-23.13,877597,12719,16942,2026-09-03 00:34:31
441640,4,KODEX 미국배당커버드콜액티브,12550,2,20,0.16,12548.0,-5.0657,182208,2284,16873,2026-09-03 00:34:31
477080,6,RISE CD금리액티브(합성),107495,2,30,0.03,107495.0,0.7075,1037,111,16676,2026-09-03 00:34:31
105190,1,ACE 200,104640,2,860,0.83,104877.0,-26.9321,56211,5875,16533,2026-09-03 00:34:31
442580,4,PLUS 글로벌HBM반도체,95645,2,685,0.72,95939.0,-25.6237,65598,6298,16346,2026-09-03 00:34:31
329200,2,TIGER 리츠부동산인프라,4105,2,50,1.23,4123.0,4.9835,498526,2037,15669,2026-09-03 00:34:31
368590,4,RISE 미국나스닥100,29275,2,10,0.03,29305.0,-14.0108,15415,451,15428,2026-09-03 00:34:31
0177N0,7,KODEX 삼성전자SK하이닉스채권혼합50,13850,2,80,0.58,13859.0,-13.9753,827707,11478,15097,2026-09-03 00:34:31
453850,6,ACE 미국30년국채액티브(H),7140,2,35,0.49,7139.0,-3.7211,135709,969,15065,2026-09-03 00:34:31
446770,4,ACE 글로벌반도체TOP4 Plus,74480,2,655,0.89,74667.0,-21.1897,7576,565,14970,2026-09-03 00:34:31
379780,4,RISE 미국S&P500,22630,2,20,0.09,22634.0,-9.0643,37285,843,14891,2026-09-03 00:34:31
152100,1,PLUS 200,105945,2,845,0.8,106206.0,-26.7838,73708,7809,14409,2026-09-03 00:34:31
0193W0,2,KODEX 삼성전자단일종목레버리지,11075,2,140,1.28,11105.0,-65.0918,1257062,14006,14134,2026-09-03 00:34:31
466920,2,SOL 조선TOP3플러스,26440,2,210,0.8,26487.0,-27.9,341054,8969,14000,2026-09-03 00:34:31
487230,4,KODEX 미국AI전력핵심인프라,18295,2,205,1.13,18347.0,-28.5427,135669,2480,13813,2026-09-03 00:34:31
226490,1,KODEX 코스피,67870,2,750,1.12,68000.0,-25.7341,16894,1148,13744,2026-09-03 00:34:31
232080,1,TIGER 코스닥150,13810,5,-95,-0.68,13859.0,-23.9333,822925,11479,12965,2026-09-03 00:34:31
157450,6,TIGER 단기통안채,112560,2,30,0.03,112564.0,0.6124,818,92,12933,2026-09-03 00:34:31
0195S0,2,TIGER SK하이닉스단일종목레버리지,7835,2,80,1.03,7854.0,-70.1903,2143500,17024,12830,2026-09-03 00:34:31
475630,7,TIGER CD1년금리액티브(합성),1076270,2,280,0.03,1076265.0,0.7669,9099,9792,12827,2026-09-03 00:34:31
091230,2,TIGER 반도체,127625,5,-115,-0.09,127833.0,-25.9761,19250,2473,12788,2026-09-03 00:34:31
448330,1,KODEX 삼성전자채권혼합,17185,2,55,0.32,17192.0,-7.7888,76528,1316,12700,2026-09-03 00:34:31
436140,6,SOL 종합채권(AA-이상)액티브,105905,3,0,0.0,106049.0,-1.0142,0,0,12452,2026-09-03 00:34:31
438080,7,ACE 미국S&P500미국채혼합50액티브,13845,5,-10,-0.07,13843.0,-9.2963,50974,705,12184,2026-09-03 00:34:31
390390,4,KODEX 미국반도체,50870,2,445,0.88,51018.0,-19.9058,94321,4799,12107,2026-09-03 00:34:31
0072R0,5,TIGER KRX금현물,12885,2,155,1.22,12860.0,-11.4435,97093,1250,11944,2026-09-03 00:34:31
469150,2,ACE AI반도체TOP3+,55085,5,-260,-0.47,55190.0,-30.3837,48817,2702,10824,2026-09-03 00:34:31
0139F0,6,TIGER 12월자동연장금융채(AA-이상)액티브,102135,3,0,0.0,102147.0,0.7795,99,10,10804,2026-09-03 00:34:31
0183J0,4,TIGER 미국우주테크,7330,2,115,1.59,7304.0,-54.321,121286,889,10782,2026-09-03 00:34:31
356540,6,ACE 종합채권(AA-이상)액티브,101170,2,160,0.16,101105.0,-0.9561,129,13,10507,2026-09-03 00:34:31
446720,4,SOL 미국배당다우존스,13820,2,45,0.33,13806.0,-1.7564,29489,407,10476,2026-09-03 00:34:31
465580,4,ACE 미국빅테크TOP7 Plus,23950,2,5,0.02,23964.0,-10.9355,368329,8817,10430,2026-09-03 00:34:31
451540,6,TIGER 종합채권(AA-이상)액티브,52745,2,75,0.14,52728.0,-1.1264,22,1,10339,2026-09-03 00:34:31
479520,6,RISE KOFR금리액티브(합성),106395,2,25,0.02,106365.0,0.6624,27,2,10328,2026-09-03 00:34:31
494890,1,KODEX 200액티브,30090,2,265,0.89,30158.0,-27.0793,29083,875,10321,2026-09-03 00:34:31
445290,2,KODEX 로봇액티브,29495,2,245,0.84,29552.0,-40.0322,28057,825,10279,2026-09-03 00:34:31
497570,4,TIGER 미국필라델피아AI반도체나스닥,20525,2,100,0.49,20600.0,-19.8244,34150,701,10273,2026-09-03 00:34:31
449180,4,KODEX 미국S&P500(H),17110,2,95,0.56,17114.0,0.2704,88747,1518,10232,2026-09-03 00:34:31
469830,6,SOL 초단기채권액티브,54392,2,17,0.03,54393.0,0.8251,55489,3018,10016,2026-09-03 00:34:31
494300,4,KODEX 미국나스닥100데일리커버드콜OTM,8770,3,0,0.0,8780.0,-17.1214,231899,2035,9936,2026-09-03 00:34:31
455850,2,SOL AI반도체소부장,23455,5,-310,-1.3,23463.0,-14.9732,182727,4331,9851,2026-09-03 00:34:31
402970,4,ACE 미국배당다우존스,15350,2,30,0.2,15335.0,-1.6431,67189,1031,9732,2026-09-03 00:34:31
295040,1,SOL 200TR,39130,2,305,0.79,39233.0,-26.7453,107504,4199,9685,2026-09-03 00:34:31
479080,6,1Q 머니마켓액티브,53777,2,17,0.03,53778.0,0.8252,17715,952,9652,2026-09-03 00:34:31
449450,2,PLUS K방산,49765,2,115,0.23,49877.0,-21.8234,33669,1672,9639,2026-09-03 00:34:31
0117V0,2,TIGER 코리아AI전력기기TOP3플러스,17740,5,-200,-1.11,17767.0,-24.9118,287547,5140,9491,2026-09-03 00:34:31
315930,2,KODEX Top5PlusTR,78675,2,1175,1.52,78715.0,-27.1822,984,77,9441,2026-09-03 00:34:31
237350,1,KODEX 코스피100,83305,2,1085,1.32,83437.0,-27.7397,19811,1651,9330,2026-09-03 00:34:31
495050,1,RISE 코리아밸류업,31335,2,320,1.03,31352.0,-23.9715,4121,128,9259,2026-09-03 00:34:31
0117L0,6,KODEX 26-12 금융채(AA-이상)액티브,10157,5,-3,-0.03,10158.0,0.6937,2484,25,9220,2026-09-03 00:34:31
438100,7,ACE 미국나스닥100미국채혼합50액티브,14895,5,-10,-0.07,14898.0,-11.7526,51683,769,9190,2026-09-03 00:34:31
305540,2,TIGER 2차전지테마,18440,2,15,0.08,18449.0,-20.5819,113676,2095,9174,2026-09-03 00:34:31
494310,2,KODEX 반도체레버리지,70060,5,-95,-0.14,70228.0,-58.6801,536649,38201,8828,2026-09-03 00:34:31
498410,2,KODEX 금융고배당TOP10타겟위클리커버드콜,12235,2,390,3.29,12274.0,6.1141,1069217,12966,8772,2026-09-03 00:34:31
466940,2,TIGER 은행고배당플러스TOP10,27850,2,1150,4.31,27846.0,8.7909,230653,6321,8439,2026-09-03 00:34:31
0195R0,2,TIGER 삼성전자단일종목레버리지,10115,2,130,1.3,10115.0,-65.5095,822744,8371,8363,2026-09-03 00:34:31
475720,3,RISE 200위클리커버드콜,12405,2,105,0.85,12420.0,-19.7863,95774,1187,8324,2026-09-03 00:34:31
487340,6,ACE 머니마켓액티브,105880,2,20,0.02,105887.0,0.8622,28967,3067,8299,2026-09-03 00:34:31
0048J0,6,KODEX 미국머니마켓액티브,13590,5,-60,-0.44,13584.0,-8.8668,116785,1585,8202,2026-09-03 00:34:31
153130,6,KODEX 단기채권,113300,2,30,0.03,113312.0,0.6157,906,102,7985,2026-09-03 00:34:31
441800,1,TIME Korea플러스배당액티브,28465,2,345,1.23,28521.0,-23.7475,16458,466,7896,2026-09-03 00:34:31
476550,6,TIGER 미국30년국채커버드콜액티브(H),6770,2,45,0.67,6760.0,-3.9776,160871,1089,7823,2026-09-03 00:34:31
144600,5,KODEX 은선물(H),10590,2,210,2.02,10586.0,-17.5864,71500,757,7805,2026-09-03 00:34:31
0025N0,7,TIGER TDF2045 적격,11855,2,20,0.17,11844.0,-7.4668,42536,504,7729,2026-09-03 00:34:31
481060,6,KODEX 미국30년국채타겟커버드콜(합성 H),7440,2,40,0.54,7448.0,-2.9026,44002,327,7645,2026-09-03 00:34:31
0219E0,2,KODEX 200커버드콜액티브,8080,2,35,0.44,8097.0,,715697,5796,7644,2026-09-03 00:34:31
0177R0,2,TIGER 반도체TOP10커버드콜액티브,10695,2,45,0.42,10702.0,-28.5469,180706,1942,7636,2026-09-03 00:34:31
490590,4,RISE 미국AI밸류체인데일리고정커버드콜,13490,2,35,0.26,13482.0,-20.8828,70040,945,7575,2026-09-03 00:34:31
457480,4,ACE 테슬라밸류체인액티브,18160,5,-30,-0.16,18173.0,-25.7854,75656,1374,7500,2026-09-03 00:34:31
272580,6,TIGER 단기채권액티브,57100,2,20,0.04,57103.0,0.7057,1496,85,7461,2026-09-03 00:34:31
114800,3,KODEX 인버스,1054,5,-9,-0.85,1053.0,15.0432,92601719,97556,7441,2026-09-03 00:34:31
069660,1,KIWOOM 200,104245,2,795,0.77,104598.0,-26.6674,33025,3446,7297,2026-09-03 00:34:31
252670,3,KODEX 200선물인버스2X,82,5,-1,-1.2,81.0,9.2105,887885154,72013,7215,2026-09-03 00:34:31
0061Z0,6,RISE 단기특수은행채액티브,51005,2,15,0.03,51004.0,0.7209,3,0,7200,2026-09-03 00:34:31
462330,2,KODEX 2차전지산업레버리지,1008,2,4,0.4,1012.0,-49.5731,16548814,16679,7166,2026-09-03 00:34:31
458760,4,TIGER 미국배당다우존스타겟커버드콜2호,11035,2,10,0.09,11024.0,-0.9939,30024,330,7123,2026-09-03 00:34:31
371460,4,TIGER 차이나전기차SOLACTIVE,9802,5,-3,-0.03,9857.0,-28.9493,6312,61,7085,2026-09-03 00:34:31
364980,2,TIGER 2차전지TOP10,10240,2,100,0.99,10242.0,-18.2259,793232,8104,7025,2026-09-03 00:34:31
456610,6,TIGER 미국달러SOFR금리액티브(합성),59170,5,-240,-0.4,59172.0,-8.8525,3077,181,7012,2026-09-03 00:34:31
102970,2,KODEX 증권,17740,3,0,0.0,17780.0,-28.7066,70798,1249,6723,2026-09-03 00:34:31
0127P0,4,ACE 미국대형성장주액티브,10250,5,-20,-0.19,10263.0,-13.6103,58,0,6698,2026-09-03 00:34:31
329750,6,TIGER 미국달러단기채권액티브,12875,5,-50,-0.39,12876.0,-9.1708,30966,398,6650,2026-09-03 00:34:31
0167B0,2,SOL 200타겟위클리커버드콜,11355,2,90,0.8,11376.0,-25.9208,73317,833,6575,2026-09-03 00:34:31
314250,4,KODEX 미국빅테크10(H),62205,2,205,0.33,62273.0,-1.2452,18399,1146,6569,2026-09-03 00:34:31
495850,1,KODEX 코리아밸류업,31060,2,485,1.59,31104.0,-24.233,22139,685,6554,2026-09-03 00:34:31
482730,4,TIGER 미국S&P500타겟데일리커버드콜,11615,2,15,0.13,11614.0,-8.902,56318,653,6551,2026-09-03 00:34:31
367760,2,RISE 네트워크인프라,56140,2,25,0.04,56285.0,-32.9811,41997,2360,6540,2026-09-03 00:34:31
434730,2,HANARO 원자력iSelect,55290,5,-380,-0.68,55466.0,-21.6688,39929,2207,6524,2026-09-03 00:34:31
290130,2,RISE ESG사회책임투자,45290,2,285,0.63,45437.0,-25.8262,13233,599,6409,2026-09-03 00:34:31
138540,2,TIGER 현대차그룹플러스,48720,2,410,0.85,48783.0,-34.4905,20107,973,6363,2026-09-03 00:34:31
418660,4,TIGER 미국나스닥100레버리지(합성),37925,5,-10,-0.03,38011.0,-27.9966,31219,1185,6296,2026-09-03 00:34:31
434060,7,KODEX TDF2050액티브 적격,16575,5,-5,-0.03,16509.0,-10.1504,7525,124,6240,2026-09-03 00:34:31
489250,4,KODEX 미국배당다우존스,12990,2,35,0.27,12977.0,-1.7497,51262,665,6105,2026-09-03 00:34:31
484790,6,KODEX 미국30년국채액티브(H),8215,2,40,0.49,8209.0,-3.7021,41334,339,6017,2026-09-03 00:34:31
251600,7,PLUS 고배당주채권혼합,15560,2,145,0.94,15569.0,-1.243,53810,832,6006,2026-09-03 00:34:31
0148J0,2,TIGER 코리아휴머노이드로봇산업,8685,2,120,1.4,8707.0,-47.3733,677399,5859,5919,2026-09-03 00:34:31
491010,4,TIGER 글로벌AI전력인프라액티브,23190,2,95,0.41,23210.0,-33.058,23917,554,5842,2026-09-03 00:34:31
0101N0,2,RISE AI전력인프라,18410,2,65,0.35,18429.0,-21.5356,45163,837,5781,2026-09-03 00:34:31
0015B0,4,KoAct 미국나스닥성장기업액티브,17500,5,-5,-0.03,17344.0,-29.1583,57964,1015,5661,2026-09-03 00:34:31
277630,1,TIGER 코스피,68930,2,505,0.74,69023.0,-25.1962,3893,268,5652,2026-09-03 00:34:31
449190,4,KODEX 미국나스닥100(H),21910,2,105,0.48,21935.0,-5.1829,42788,937,5576,2026-09-03 00:34:31
477050,6,PLUS 머니마켓액티브,53525,3,0,0.0,53534.0,0.8573,1022,54,5549,2026-09-03 00:34:31
0007F0,6,KODEX 27-12 회사채(AA-이상)액티브,10195,2,5,0.05,10191.0,0.7912,1649,16,5530,2026-09-03 00:34:31
371160,4,TIGER 차이나항셍테크,6770,2,30,0.45,6727.0,-21.0508,8068,54,5524,2026-09-03 00:34:31
0019K0,7,TIME 미국나스닥100채권혼합50액티브,12900,2,15,0.12,12910.0,-12.7329,40702,525,5515,2026-09-03 00:34:31
0105E0,2,SOL 코리아고배당,13245,2,290,2.24,13266.0,-4.7622,244563,3219,5503,2026-09-03 00:34:31
396520,4,TIGER 차이나반도체FACTSET,13195,5,-15,-0.11,13215.0,-14.5261,97040,1281,5457,2026-09-03 00:34:31
491620,4,RISE 미국테크100데일리고정커버드콜,10240,5,-5,-0.05,10246.0,-12.2547,139851,1434,5443,2026-09-03 00:34:31
385560,6,RISE KIS국고채30년Enhanced,51185,2,195,0.38,51062.0,-10.4339,1324,67,5436,2026-09-03 00:34:31
466950,4,TIGER 글로벌AI액티브,28860,2,55,0.19,28785.0,-32.6199,1531,44,5423,2026-09-03 00:34:31
0091P0,2,TIGER 코리아원자력,15835,5,-30,-0.19,15869.0,-19.1387,351698,5545,5400,2026-09-03 00:34:31
494670,2,TIGER 조선TOP10,20850,2,150,0.72,20882.0,-27.0485,143282,2971,5358,2026-09-03 00:34:31
488080,3,TIGER 반도체TOP10레버리지,30090,2,250,0.84,30148.0,-67.6864,652944,19812,5341,2026-09-03 00:34:31
438330,6,TIGER 우량회사채액티브,115590,2,140,0.12,115599.0,0.6363,29,3,5316,2026-09-03 00:34:31
455030,6,KODEX 미국달러SOFR금리액티브(합성),11690,5,-30,-0.26,11681.0,-8.9393,11243,131,5307,2026-09-03 00:34:31
365780,6,ACE 국고채10년,82210,2,280,0.34,82163.0,-1.2773,518,42,5204,2026-09-03 00:34:31
462010,2,TIGER 2차전지소재Fn,4755,5,-10,-0.21,4757.0,-29.875,549307,2621,5164,2026-09-03 00:34:31
315960,2,RISE 대형고배당10TR,76270,2,1340,1.79,76311.0,-27.2454,8611,653,5034,2026-09-03 00:34:31
423920,4,TIGER 미국필라델피아반도체레버리지(합성),73155,2,565,0.78,73624.0,-47.5129,3673,269,5011,2026-09-03 00:34:31
496080,1,TIGER 코리아밸류업,31170,2,420,1.37,31205.0,-23.7172,16648,518,5003,2026-09-03 00:34:31
476800,7,KODEX 한국부동산리츠인프라,4290,2,45,1.06,4333.0,0.9218,283015,1207,4938,2026-09-03 00:34:31
435420,7,TIGER 미국나스닥100채권혼합50,13850,2,15,0.11,13857.0,-7.1296,179500,2483,4938,2026-09-03 00:34:31
114260,6,KODEX 국고채3년,61780,2,90,0.15,61766.0,0.5951,587,36,4923,2026-09-03 00:34:31
251350,4,KODEX MSCI선진국,38380,2,25,0.07,38477.0,-8.2751,3630,139,4913,2026-09-03 00:34:31
444200,2,SOL 코리아메가테크액티브,43605,2,245,0.57,43681.0,-29.2082,10123,440,4862,2026-09-03 00:34:31
0190C0,2,RISE 현대차고정피지컬AI,7990,2,45,0.57,7995.0,-45.1313,54086,431,4818,2026-09-03 00:34:31
499660,7,TIGER CD금리플러스액티브(합성),1000785,2,260,0.03,1000774.0,0.7608,1275,1276,4816,2026-09-03 00:34:31
463250,2,TIGER K방산&우주,31750,5,-175,-0.55,31820.0,-20.1875,91131,2894,4778,2026-09-03 00:34:31
451000,6,PLUS 종합채권(AA-이상)액티브,107005,3,0,0.0,107082.0,-0.9718,0,0,4761,2026-09-03 00:34:31
490490,7,SOL 미국배당미국채혼합50,11045,2,10,0.09,11027.0,-6.2407,48880,539,4760,2026-09-03 00:34:31
361580,1,RISE 200TR,59315,2,395,0.67,59439.0,-26.7984,14039,833,4716,2026-09-03 00:34:31
496020,6,WON 전단채플러스액티브,52485,2,10,0.02,52482.0,0.9134,1549,81,4693,2026-09-03 00:34:31
471230,6,KODEX 국고채10년액티브,103535,2,355,0.34,103533.0,-1.3104,1376,142,4585,2026-09-03 00:34:31
448290,4,TIGER 미국S&P500(H),17735,2,100,0.57,17742.0,0.0905,19394,344,4584,2026-09-03 00:34:31
483280,4,KODEX 미국AI테크TOP10타겟커버드콜,11420,2,80,0.71,11420.0,-15.0078,76064,869,4522,2026-09-03 00:34:31
473290,6,KODEX 26-12 회사채(AA-이상)액티브,10885,5,-5,-0.05,10886.0,0.8055,1012,11,4506,2026-09-03 00:34:31
0163Y0,1,KoAct 코스닥액티브,8575,5,-80,-0.92,8585.0,-25.4843,51151,442,4373,2026-09-03 00:34:31
447770,7,TIGER 테슬라채권혼합Fn,13710,5,-20,-0.15,13730.0,-6.301,19204,263,4360,2026-09-03 00:34:31
243880,2,TIGER 200IT레버리지,303540,2,3845,1.28,303927.0,-64.449,20897,6387,4325,2026-09-03 00:34:31
0016X0,6,SOL 중단기회사채(A-이상)액티브,51490,2,30,0.06,51488.0,0.8525,4045,208,4318,2026-09-03 00:34:31
0162M0,6,KODEX 금융채1~2년(AA-이상)PLUS액티브,10070,2,10,0.1,10064.0,0.7007,1242,12,4250,2026-09-03 00:34:31
148070,6,KIWOOM 국고채10년,104205,2,335,0.32,104141.0,-1.2455,1393,145,4238,2026-09-03 00:34:31
451060,1,1Q 200액티브,33445,2,265,0.8,33495.0,-27.2881,7714,259,4214,2026-09-03 00:34:31
474220,4,TIGER 미국테크TOP10타겟커버드콜,14825,2,65,0.44,14825.0,-11.0967,14411,213,4166,2026-09-03 00:34:31
293180,1,HANARO 200,104650,2,750,0.72,104928.0,-26.6716,12335,1289,4134,2026-09-03 00:34:31
480260,6,TIGER 27-04회사채(A+이상)액티브,53815,5,-5,-0.01,53829.0,0.6922,104,5,3977,2026-09-03 00:34:31
484880,2,SOL 금융지주플러스고배당,23600,2,925,4.08,23623.0,9.1114,320184,7466,3977,2026-09-03 00:34:31
426020,4,TIME 미국S&P500액티브,31230,2,220,0.71,31173.0,-15.1458,5696,177,3910,2026-09-03 00:34:31
0060H0,1,TIGER 토탈월드스탁액티브,12490,2,25,0.2,12485.0,-9.3846,5599,69,3909,2026-09-03 00:34:31
471990,2,KODEX AI반도체핵심장비,23530,5,-290,-1.22,23570.0,-19.7732,224863,5334,3871,2026-09-03 00:34:31
385720,1,TIME 코스피액티브,24700,2,210,0.86,24748.0,-27.1348,3838,94,3829,2026-09-03 00:34:31
0023A0,4,SOL 미국양자컴퓨팅TOP10,22490,2,90,0.4,22453.0,-40.9439,7745,174,3823,2026-09-03 00:34:31
458250,6,TIGER 미국30년국채스트립액티브(합성 H),34450,2,255,0.75,34526.0,-6.8003,6899,237,3816,2026-09-03 00:34:31
091180,2,KODEX 자동차,27025,2,175,0.65,27043.0,-33.776,24903,668,3811,2026-09-03 00:34:31
241180,4,TIGER 일본니케이225,33230,2,65,0.2,33274.0,-13.2488,3952,131,3788,2026-09-03 00:34:31
302450,1,RISE 코스피,68440,2,200,0.29,68551.0,-25.2981,116,7,3696,2026-09-03 00:34:31
439860,6,KODEX ESG종합채권(A-이상)액티브,113660,2,150,0.13,113581.0,0.398,1,0,3695,2026-09-03 00:34:31
132030,5,KODEX 골드선물(H),24595,2,360,1.49,24580.0,-5.5166,22936,564,3689,2026-09-03 00:34:31
476760,6,ACE 미국30년국채액티브,8795,2,25,0.29,8773.0,-13.3013,75087,660,3641,2026-09-03 00:34:31
0173Y0,4,KODEX 미국AI광통신네트워크,10230,3,0,0.0,10241.0,-32.5066,78477,803,3637,2026-09-03 00:34:31
462900,2,KoAct 바이오헬스케어액티브,13685,5,-45,-0.33,13704.0,-22.9518,132788,1825,3627,2026-09-03 00:34:31
469070,2,RISE AI&로봇,10625,2,65,0.62,10634.0,-39.7605,32138,340,3559,2026-09-03 00:34:31
0040Y0,7,SOL 팔란티어커버드콜OTM채권혼합,7910,5,-125,-1.56,7887.0,-1.2492,131189,1038,3528,2026-09-03 00:34:31
279530,2,KODEX 고배당주,18020,2,345,1.95,18040.0,0.1905,37849,676,3514,2026-09-03 00:34:31
0131V0,4,1Q 미국우주항공테크,10755,5,-20,-0.19,10766.0,-30.6629,11706,125,3490,2026-09-03 00:34:31
310960,1,TIGER 200TR,60955,2,455,0.75,61081.0,-26.7422,11741,717,3474,2026-09-03 00:34:31
0052D0,2,TIGER 코리아배당다우존스,15835,2,430,2.79,15864.0,-5.9602,23549,369,3468,2026-09-03 00:34:31
385550,6,RISE 단기채권알파액티브,114180,2,35,0.03,114169.0,0.7458,980,111,3461,2026-09-03 00:34:31
439870,6,KODEX 국고채30년액티브,86600,2,215,0.25,86611.0,-7.9199,1144,99,3447,2026-09-03 00:34:31
0046A0,6,TIGER 미국초단기(3개월이하)국채,9415,5,-30,-0.32,9414.0,-9.1571,115998,1091,3446,2026-09-03 00:34:31
0043Y0,4,TIME 차이나AI테크액티브,19600,5,-10,-0.05,19576.0,-21.1659,6066,119,3440,2026-09-03 00:34:31
448300,4,TIGER 미국나스닥100(H),22625,2,110,0.49,22650.0,-5.1277,6469,146,3428,2026-09-03 00:34:31
0167Z0,4,KODEX 미국우주항공,7440,2,195,2.69,7387.0,-47.0408,33009,245,3419,2026-09-03 00:34:31
0144L0,4,KODEX 미국성장커버드콜액티브,9320,2,30,0.32,9314.0,-12.1368,20930,194,3406,2026-09-03 00:34:31
453810,4,KODEX 인도Nifty50,11580,2,55,0.48,11554.0,-7.1237,10114,116,3399,2026-09-03 00:34:31
442570,7,RISE TDF2050액티브 적격,17155,5,-25,-0.15,17042.0,-9.8807,43949,754,3362,2026-09-03 00:34:31
0026S0,4,1Q 미국S&P500,12665,2,15,0.12,12668.0,-9.2145,15449,195,3356,2026-09-03 00:34:31
472170,7,TIGER 미국테크TOP10채권혼합,13795,2,35,0.25,13798.0,-7.0899,9261,127,3345,2026-09-03 00:34:31
456880,7,ACE 미국달러SOFR금리(합성),11975,5,-55,-0.46,11975.0,-8.8982,4076,48,3303,2026-09-03 00:34:31
474590,2,WON 반도체밸류체인액티브,41375,5,-25,-0.06,41484.0,-21.015,1594,66,3269,2026-09-03 00:34:31
0182R0,2,1Q K반도체TOP2+,10000,2,20,0.2,10010.0,-34.4715,300665,3019,3250,2026-09-03 00:34:31
0080G0,2,KODEX 방산TOP10,9645,5,-10,-0.1,9653.0,-20.2918,546667,5279,3241,2026-09-03 00:34:31
448630,7,RISE 삼성그룹Top3채권혼합,15195,5,-10,-0.07,15204.0,-4.2205,33472,509,3237,2026-09-03 00:34:31
0119H0,6,KODEX 28-12 회사채(AA-이상)액티브,9930,5,-5,-0.05,9922.0,0.8117,604,5,3204,2026-09-03 00:34:31
190620,6,ACE 단기통안채,102015,2,10,0.01,102018.0,0.6909,124,12,3185,2026-09-03 00:34:31
0052S0,7,1Q 미국S&P500미국채혼합50액티브,11405,3,0,0.0,11403.0,-9.2793,52207,595,3171,2026-09-03 00:34:31
0228G0,2,ACE 반도체Plus전략산업,9635,2,45,0.47,9661.0,,232447,2236,3131,2026-09-03 00:34:31
489030,2,PLUS 고배당주위클리커버드콜,6725,2,120,1.82,6738.0,0.2872,102144,681,3124,2026-09-03 00:34:31
385510,2,KODEX 신재생에너지액티브,36785,5,-260,-0.7,36871.0,-21.6311,7841,289,3090,2026-09-03 00:34:31
270810,1,RISE 코스닥150,13460,5,-105,-0.77,13525.0,-24.0269,47834,655,3080,2026-09-03 00:34:31
0008S0,4,TIGER 미국배당다우존스타겟데일리커버드콜,10055,2,35,0.35,10017.0,-1.5959,25207,253,3022,2026-09-03 00:34:31
485540,4,KODEX 미국AI테크TOP10,14805,2,95,0.65,14808.0,-15.6623,48573,719,2983,2026-09-03 00:34:31
0111P0,7,1Q 미국나스닥100미국채혼합50액티브,10580,5,-10,-0.09,10589.0,-11.7686,60918,645,2973,2026-09-03 00:34:31
483320,4,ACE 엔비디아밸류체인액티브,23300,2,345,1.5,23345.0,-25.5313,214517,5011,2971,2026-09-03 00:34:31
091170,2,KODEX 은행,17060,2,595,3.61,17075.0,12.6698,771978,13014,2968,2026-09-03 00:34:31
433330,4,SOL 미국S&P500,21620,2,45,0.21,21624.0,-9.2445,8691,187,2940,2026-09-03 00:34:31
0210A0,2,ACE K반도체TOP2+,6810,3,0,0.0,6824.0,,545943,3730,2932,2026-09-03 00:34:31
136340,6,RISE 중기우량회사채,104085,2,20,0.02,104118.0,0.5677,2,0,2896,2026-09-03 00:34:31
454780,6,KIWOOM 종합채권(AA-이상)액티브,99305,3,0,0.0,99411.0,-1.0513,0,0,2895,2026-09-03 00:34:31
475080,7,KODEX 테슬라커버드콜채권혼합액티브,7830,3,0,0.0,7830.0,-5.1688,14990,117,2862,2026-09-03 00:34:31
453870,4,TIGER 인도니프티50,11400,2,75,0.66,11314.0,-7.4713,4193,47,2844,2026-09-03 00:34:31
228790,2,TIGER 화장품,4730,2,50,1.07,4731.0,36.6423,3517212,16669,2841,2026-09-03 00:34:31
461490,7,RISE 글로벌자산배분액티브,14570,2,40,0.28,14571.0,-4.6901,13789,200,2812,2026-09-03 00:34:31
481190,4,SOL 미국테크TOP10,16515,2,75,0.46,16517.0,-14.1066,12001,198,2808,2026-09-03 00:34:31
273140,6,KODEX 단기변동금리부채권액티브,114730,2,30,0.03,114736.0,0.6036,670,76,2801,2026-09-03 00:34:31
497880,6,SOL CD금리&머니마켓액티브,50045,2,10,0.02,50041.0,0.8724,10886,544,2794,2026-09-03 00:34:31
0094K0,6,TIGER 28-04 회사채(A+이상)액티브,99660,2,115,0.12,99622.0,0.7693,129,12,2787,2026-09-03 00:34:31
441680,7,TIGER 미국나스닥100커버드콜(합성),10580,5,-10,-0.09,10594.0,-6.4082,9489,100,2783,2026-09-03 00:34:31
473330,6,SOL 미국30년국채커버드콜(합성),7850,2,20,0.26,7863.0,-12.9254,74933,587,2751,2026-09-03 00:34:31
0038A0,4,KODEX 미국휴머노이드로봇,14550,2,140,0.97,14552.0,-23.299,2616,38,2750,2026-09-03 00:34:31
307520,2,TIGER 지주회사,21940,2,45,0.21,22011.0,-15.2485,59671,1301,2743,2026-09-03 00:34:31
364970,2,TIGER 바이오TOP10,7350,2,30,0.41,7354.0,-0.8131,184702,1358,2679,2026-09-03 00:34:31
0098F0,2,KODEX 원자력SMR,15060,2,70,0.47,15092.0,-19.5384,194933,2909,2643,2026-09-03 00:34:31
213610,2,KODEX 삼성그룹밸류,22130,2,230,1.05,22173.0,-21.1238,71,1,2633,2026-09-03 00:34:31
196230,6,RISE 단기통안채,116930,2,10,0.01,116970.0,0.6023,15027,1757,2633,2026-09-03 00:34:31
471780,2,TIGER 코리아테크액티브,33935,2,20,0.06,33975.0,-26.0628,2888,98,2630,2026-09-03 00:34:31
475300,2,SOL 반도체전공정,20565,5,-425,-2.02,20609.0,-2.2357,297523,6225,2612,2026-09-03 00:34:31
0053L0,4,TIGER 차이나휴머노이드로봇,9385,3,0,0.0,9397.0,-31.4619,69091,650,2557,2026-09-03 00:34:31
472920,6,HK 종합채권(AA-이상)액티브,97880,3,0,0.0,97929.0,-0.856,0,0,2540,2026-09-03 00:34:31
123320,3,TIGER 레버리지,101175,2,1470,1.47,101569.0,-55.1313,19167,1947,2529,2026-09-03 00:34:31
409820,4,KODEX 미국나스닥100레버리지(합성 H),19445,2,165,0.86,19485.0,-11.9032,8271,160,2489,2026-09-03 00:34:31
283580,4,KODEX 차이나CSI300,14925,5,-60,-0.4,14915.0,-14.4769,11550,172,2470,2026-09-03 00:34:31
0183V0,7,KIWOOM 삼성전자&SK하이닉스채권혼합50,11515,2,35,0.3,11527.0,-13.0128,113461,1309,2453,2026-09-03 00:34:31
471040,4,KoAct 글로벌AI&로봇액티브,27020,2,45,0.17,26586.0,-30.3062,13796,372,2445,2026-09-03 00:34:31
423170,4,SOL 글로벌AI반도체탑픽액티브,54690,2,275,0.51,54813.0,-23.9218,1570,85,2439,2026-09-03 00:34:31
0162Y0,1,TIME 코스닥액티브,7020,5,-95,-1.34,7040.0,-29.8324,50207,354,2432,2026-09-03 00:34:31
245710,4,ACE 베트남VN30(합성),28950,2,80,0.28,29158.0,-8.9706,579,16,2432,2026-09-03 00:34:31
139230,2,TIGER 200 중공업,12330,2,60,0.49,12341.0,-27.6206,13382,164,2414,2026-09-03 00:34:31
495230,1,KoAct 코리아밸류업액티브,29900,2,220,0.74,29914.0,-26.0418,5727,171,2377,2026-09-03 00:34:31
452360,4,SOL 미국배당다우존스(H),13705,2,95,0.7,13665.0,8.714,27281,373,2371,2026-09-03 00:34:31
478150,4,TIME 글로벌우주테크&방산액티브,18530,5,-265,-1.41,18468.0,-21.4749,6057,112,2353,2026-09-03 00:34:31
493810,4,TIGER 미국AI빅테크10타겟데일리커버드콜,11255,2,30,0.27,11259.0,-12.6463,8025,90,2341,2026-09-03 00:34:31
448540,7,ACE 엔비디아채권혼합,26535,2,260,0.99,26527.0,-3.8075,22099,586,2335,2026-09-03 00:34:31
0089D0,2,KODEX 금융고배당TOP10,13885,2,485,3.62,13890.0,4.242,65081,889,2333,2026-09-03 00:34:31
483340,4,ACE 구글밸류체인액티브,20605,5,-50,-0.24,20627.0,-28.9963,13259,273,2328,2026-09-03 00:34:31
363570,6,KODEX 장기종합채권(AA-이상)액티브,86030,2,290,0.34,86108.0,-3.4732,1,0,2324,2026-09-03 00:34:31
329650,7,KODEX TRF3070,14020,2,10,0.07,14028.0,-3.3703,10171,142,2313,2026-09-03 00:34:31
437080,6,KODEX 미국종합채권ESG액티브(H),96580,2,175,0.18,96564.0,-1.5519,440,42,2313,2026-09-03 00:34:31
0094M0,2,RISE 코리아밸류업위클리고정커버드콜,17440,2,160,0.93,17436.0,-18.9054,83432,1451,2311,2026-09-03 00:34:31
0182S0,7,1Q K반도체TOP2채권혼합50,12155,2,70,0.58,12169.0,-15.2822,17276,210,2309,2026-09-03 00:34:31
472160,4,TIGER 미국테크TOP10 INDXX(H),18795,2,180,0.97,18788.0,-5.5556,67289,1264,2293,2026-09-03 00:34:31
421320,2,PLUS 우주항공,24900,5,-395,-1.56,24909.0,-34.7226,3812,94,2291,2026-09-03 00:34:31
363580,2,KODEX 200IT TR,53195,2,390,0.74,53261.0,-29.5417,9443,503,2287,2026-09-03 00:34:31
0092C0,6,SOL 27-12 회사채(AA-이상)액티브,50300,2,30,0.06,50290.0,0.8121,183,9,2280,2026-09-03 00:34:31
458260,6,TIGER 미국투자등급회사채액티브(H),46155,2,160,0.35,46087.0,-2.5527,32,1,2262,2026-09-03 00:34:31
388420,2,RISE 비메모리반도체액티브,25455,5,-355,-1.38,25489.0,-31.8568,2283,58,2255,2026-09-03 00:34:31
488980,6,SOL 26-12 회사채(AA-이상)액티브,52145,2,30,0.06,52139.0,0.7247,23,1,2206,2026-09-03 00:34:31
157500,2,TIGER 증권,12070,5,-15,-0.12,12107.0,-28.0821,71354,858,2189,2026-09-03 00:34:31
442320,4,RISE 글로벌원자력,34600,2,85,0.25,34760.0,-21.8862,1506,52,2169,2026-09-03 00:34:31
244580,2,KODEX 바이오,8230,3,0,0.0,8233.0,-21.6564,52832,434,2140,2026-09-03 00:34:31
305080,6,TIGER 미국채10년선물,12060,5,-40,-0.33,12059.0,-11.2578,7163,86,2135,2026-09-03 00:34:31
422420,2,RISE 2차전지액티브,6560,5,-45,-0.68,6569.0,-28.458,34928,230,2122,2026-09-03 00:34:31
0104N0,2,TIGER 200타겟위클리커버드콜,20205,2,60,0.3,20218.0,-26.5133,5161,104,2101,2026-09-03 00:34:31
414780,4,TIGER 차이나과창판STAR50(합성),13405,5,-40,-0.3,13502.0,-13.4535,1868,25,2084,2026-09-03 00:34:31
486450,4,SOL 미국AI전력인프라,18965,2,305,1.63,18926.0,-24.5146,2686,50,2077,2026-09-03 00:34:31
490090,4,TIGER 미국AI빅테크10,15680,2,80,0.51,15676.0,-12.3842,46576,730,2062,2026-09-03 00:34:31
266160,2,RISE 고배당,32435,2,440,1.38,32442.0,-20.4342,402,12,2060,2026-09-03 00:34:31
463050,2,TIME K바이오액티브,12320,5,-20,-0.16,12324.0,-19.8442,24878,307,2057,2026-09-03 00:34:31
498270,4,KIWOOM 미국양자컴퓨팅,13675,5,-40,-0.29,13603.0,-27.6298,6280,85,2044,2026-09-03 00:34:31
0233J0,7,TIGER 삼성전자SK하이닉스미국채혼합50,10140,2,20,0.2,10151.0,,145714,1480,2028,2026-09-03 00:34:31
466930,2,SOL 자동차TOP3플러스,24525,2,115,0.47,24546.0,-39.4894,6839,167,2011,2026-09-03 00:34:31
0005A0,4,KODEX 미국S&P500데일리커버드콜OTM,9240,2,10,0.11,9251.0,-9.4337,48347,446,1996,2026-09-03 00:34:31
0204D0,2,KODEX 현대차로보틱스밸류체인TOP3플러스,6010,2,25,0.42,6015.0,,103028,616,1995,2026-09-03 00:34:31
0151S0,4,KODEX 미국AI반도체TOP3플러스,14350,2,140,0.99,14425.0,-22.2527,15394,221,1987,2026-09-03 00:34:31
332930,1,HANARO 200TR,136615,2,675,0.5,137295.0,-26.7979,418,57,1981,2026-09-03 00:34:31
495060,1,TIME 코리아밸류업액티브,27650,2,410,1.51,27686.0,-30.7927,9046,249,1977,2026-09-03 00:34:31
117700,2,KODEX 건설,6397,2,62,0.98,6414.0,-14.7774,495038,3140,1977,2026-09-03 00:34:31
261260,7,KODEX 미국달러선물인버스2X,5485,2,45,0.83,5496.0,21.973,66951,367,1969,2026-09-03 00:34:31
433500,2,ACE 원자력TOP10,52295,5,-105,-0.2,52513.0,-24.3322,6233,325,1935,2026-09-03 00:34:31
302190,6,TIGER 중장기국채,49980,2,90,0.18,49963.0,-0.2998,330,16,1929,2026-09-03 00:34:31
0192Z0,6,TIGER 중기종합채권(A-이상)액티브,100900,3,0,0.0,100931.0,0.8092,0,0,1927,2026-09-03 00:34:31
267770,3,TIGER 200선물레버리지,76910,2,1140,1.5,77252.0,-56.0627,10268,796,1923,2026-09-03 00:34:31
0047A0,4,TIGER 차이나테크TOP10,12640,2,40,0.32,12579.0,-22.7231,2805,35,1909,2026-09-03 00:34:31
0091C0,6,KODEX 미국10년국채액티브(H),9545,2,25,0.26,9535.0,-1.7477,6910,65,1900,2026-09-03 00:34:31
429000,4,TIGER 미국S&P500배당귀족,13330,2,15,0.11,13301.0,-1.9352,7710,102,1900,2026-09-03 00:34:31
0115D0,2,KODEX 조선TOP10,7320,2,80,1.1,7329.0,-26.6836,407801,2967,1881,2026-09-03 00:34:31
433980,7,KODEX TDF2040액티브 적격,15655,2,5,0.03,15635.0,-7.1689,4966,77,1879,2026-09-03 00:34:31
394670,4,TIGER 글로벌리튬&2차전지SOLACTIVE(합성),11115,5,-5,-0.04,11200.0,-21.9376,513,5,1872,2026-09-03 00:34:31
486830,6,HANARO 머니마켓액티브,53305,2,15,0.03,53302.0,0.7944,946,50,1871,2026-09-03 00:34:31
0082V0,7,KODEX TDF2060액티브 적격,11100,2,20,0.18,11053.0,-10.3312,12298,136,1848,2026-09-03 00:34:31
495550,1,SOL 코리아밸류업TR,31835,2,355,1.13,31851.0,-24.1446,2702,85,1846,2026-09-03 00:34:31
480040,4,ACE 미국반도체데일리타겟커버드콜(합성),13840,2,85,0.62,13904.0,-27.9653,12914,179,1827,2026-09-03 00:34:31
0069M0,4,1Q 미국나스닥100,13135,3,0,0.0,13148.0,-14.0043,5539,72,1826,2026-09-03 00:34:31
483290,4,KODEX 미국배당다우존스타겟커버드콜,10335,2,5,0.05,10322.0,-0.7997,20657,213,1819,2026-09-03 00:34:31
494330,2,ACE 라이프자산주주가치액티브,32565,2,335,1.04,32610.0,-5.637,2251,72,1791,2026-09-03 00:34:31
122090,1,PLUS 코스피50,78455,2,405,0.52,78509.0,-28.005,2186,171,1765,2026-09-03 00:34:31
412570,2,TIGER 2차전지TOP10레버리지,1242,2,12,0.98,1242.0,-42.5234,1495096,1854,1761,2026-09-03 00:34:31
473460,4,KODEX 미국서학개미,22840,2,85,0.37,22851.0,-20.0175,719,16,1747,2026-09-03 00:34:31
461950,2,KODEX 2차전지핵심소재10,4910,5,-15,-0.3,4912.0,-27.3713,152832,754,1738,2026-09-03 00:34:31
0099L0,6,ACE 우량회사채(AA-이상)액티브,99655,2,45,0.05,99668.0,0.8862,4,0,1738,2026-09-03 00:34:31
490600,4,RISE 미국배당100데일리고정커버드콜,9085,5,-30,-0.33,9084.0,-0.5812,48406,440,1694,2026-09-03 00:34:31
0040X0,7,SOL 팔란티어미국채커버드콜혼합,9180,5,-205,-2.18,9177.0,-4.2943,35500,326,1694,2026-09-03 00:34:31
0005G0,2,IBK K-AI반도체코어테크,49000,5,-455,-0.92,49124.0,-30.9346,4034,199,1691,2026-09-03 00:34:31
332500,1,ACE 200TR,70200,2,555,0.8,70350.0,-26.928,2509,176,1685,2026-09-03 00:34:31
480020,4,ACE 미국빅테크7+데일리타겟커버드콜(합성),10270,2,25,0.24,10248.0,-19.2388,16974,174,1684,2026-09-03 00:34:31
0093A0,2,RISE AI반도체TOP10,30620,2,5,0.02,30639.0,-21.5,4473,137,1684,2026-09-03 00:34:31
200250,4,KIWOOM 인도Nifty50(합성),21190,2,50,0.24,21186.0,-7.3011,246,5,1674,2026-09-03 00:34:31
0190G0,2,KODEX 반도체타겟위클리커버드콜,8440,5,-20,-0.24,8448.0,-22.9401,59637,506,1654,2026-09-03 00:34:31
472870,6,RISE 미국30년국채엔화노출(합성 H),6790,2,35,0.52,6811.0,-13.8614,4055,27,1647,2026-09-03 00:34:31
237370,7,KODEX 코리아배당성장채권혼합,15825,2,110,0.7,15822.0,-2.1352,3835,60,1646,2026-09-03 00:34:31
160580,5,TIGER 구리실물,16055,2,50,0.31,16160.0,-7.9644,5871,94,1638,2026-09-03 00:34:31
403790,1,MIDAS 코스피액티브,55770,2,770,1.4,55904.0,-24.4506,11,0,1631,2026-09-03 00:34:31
0051G0,4,SOL 미국원자력SMR,13225,2,130,0.99,13137.0,-20.0794,1834,24,1620,2026-09-03 00:34:31
0064K0,5,KODEX 금액티브,12515,2,125,1.01,12519.0,-13.6887,11810,147,1601,2026-09-03 00:34:31
272560,6,RISE 단기국공채액티브,114895,2,60,0.05,114894.0,0.6662,795,91,1575,2026-09-03 00:34:31
480030,4,ACE 미국500데일리타겟커버드콜(합성),9840,2,15,0.15,9799.0,-11.076,20175,198,1574,2026-09-03 00:34:31
233160,3,TIGER 코스닥150 레버리지,7165,5,-105,-1.44,7165.0,-51.2081,431634,3134,1573,2026-09-03 00:34:31
337160,2,KODEX 200ESG,46125,2,355,0.78,46179.0,-25.6505,210,9,1568,2026-09-03 00:34:31
494220,2,UNICORN SK하이닉스밸류체인액티브,44525,5,-115,-0.26,44678.0,-16.7475,3606,161,1558,2026-09-03 00:34:31
491610,6,1Q CD금리액티브(합성),104880,2,20,0.02,104863.0,0.7058,699,73,1555,2026-09-03 00:34:31
464240,6,KIWOOM 26-09회사채(AA-이상)액티브,52415,2,10,0.02,52426.0,0.7007,1,0,1536,2026-09-03 00:34:31
0153K0,2,KODEX 주주환원고배당주,12640,2,375,3.06,12660.0,-1.5264,93673,1176,1529,2026-09-03 00:34:31
143860,2,TIGER 헬스케어,37675,2,75,0.2,37672.0,-10.7525,5422,203,1515,2026-09-03 00:34:31
219480,4,KODEX 미국S&P500선물(H),33060,2,205,0.62,33060.0,0.0761,959,31,1488,2026-09-03 00:34:31
458210,7,KIWOOM CD금리액티브(합성),110635,2,35,0.03,110595.0,0.7102,4,0,1486,2026-09-03 00:34:31
491820,2,HANARO 전력설비투자,40675,5,-450,-1.09,40726.0,-25.7806,17205,703,1485,2026-09-03 00:34:31
152870,1,파워 200,105335,2,780,0.75,105615.0,-26.694,1311,138,1475,2026-09-03 00:34:31
0005D0,2,SOL 전고체배터리&실리콘음극재,14300,5,-75,-0.52,14310.0,-30.8729,171649,2463,1473,2026-09-03 00:34:31
138520,2,TIGER 삼성그룹,36400,2,315,0.87,36440.0,-22.1216,2465,89,1471,2026-09-03 00:34:31
488720,7,WON 종합채권(AA-이상)액티브,48575,2,50,0.1,48553.0,-0.9088,1,0,1465,2026-09-03 00:34:31
354500,1,ACE 코스닥150,13675,5,-100,-0.73,13732.0,-23.7898,38704,534,1463,2026-09-03 00:34:31
0127M0,4,ACE 미국대형가치주액티브,12210,2,120,0.99,12197.0,-3.7051,4310,52,1453,2026-09-03 00:34:31
0048K0,4,KODEX 차이나휴머노이드로봇,8150,2,5,0.06,8148.0,-27.1077,22053,179,1447,2026-09-03 00:34:31
451530,6,TIGER 국고채30년스트립액티브,34470,2,215,0.63,34329.0,-15.5969,1339,46,1443,2026-09-03 00:34:31
245340,4,TIGER 미국다우존스30,35195,2,55,0.16,35199.0,-6.1183,1415,49,1429,2026-09-03 00:34:31
0180V0,4,ACE 미국우주테크액티브,7550,2,65,0.87,7517.0,-44.6581,8746,66,1423,2026-09-03 00:34:31
0199C0,2,ACE 고배당주Plus커버드콜액티브,9415,2,165,1.78,9428.0,-5.0335,125029,1167,1412,2026-09-03 00:34:31
481180,4,SOL 미국AI소프트웨어,15905,5,-175,-1.09,15626.0,-8.1143,59403,942,1400,2026-09-03 00:34:31
0104H0,7,KoAct 미국나스닥채권혼합50액티브,11420,5,-40,-0.35,11412.0,-14.1574,5340,60,1399,2026-09-03 00:34:31
0151P0,2,RISE 코리아전략산업액티브,13870,5,-15,-0.11,13885.0,-30.5889,5218,72,1380,2026-09-03 00:34:31
0131W0,6,1Q 단기특수은행채액티브,102130,2,20,0.02,102139.0,0.6902,4001,408,1376,2026-09-03 00:34:31
0041E0,4,KODEX 미국S&P500액티브,15685,2,35,0.22,15651.0,-16.0715,23750,371,1349,2026-09-03 00:34:31
457990,2,PLUS 태양광&ESS,35005,5,-685,-1.92,35131.0,-17.5751,68380,2405,1348,2026-09-03 00:34:31
0193G0,1,KoAct 코스피액티브,8100,2,40,0.5,8108.0,-28.26,84214,679,1345,2026-09-03 00:34:31
271050,5,KODEX WTI원유선물인버스(H),1859,2,1,0.05,1854.0,-8.247,331579,616,1339,2026-09-03 00:34:31
476450,6,KIWOOM 머니마켓액티브,52785,2,15,0.03,52790.0,0.7637,1025,54,1339,2026-09-03 00:34:31
498180,6,파워 종합채권(AA-이상)액티브,92970,3,0,0.0,93139.0,-1.3215,0,0,1336,2026-09-03 00:34:31
0184L0,6,PLUS 중기종합채권(A-이상)액티브,100520,3,0,0.0,100594.0,0.6861,0,0,1332,2026-09-03 00:34:31
495330,1,1Q 코리아밸류업,30950,2,465,1.53,30963.0,-24.4201,382,11,1331,2026-09-03 00:34:31
304660,6,KODEX 미국30년국채울트라선물(H),7255,2,60,0.83,7258.0,-4.0027,1638,11,1328,2026-09-03 00:34:31
476030,4,SOL 미국나스닥100,16635,2,10,0.06,16652.0,-13.917,13747,228,1306,2026-09-03 00:34:31
463290,6,1Q 단기금융채액티브,109285,2,20,0.02,109281.0,0.7607,2784,304,1288,2026-09-03 00:34:31
192090,4,TIGER 차이나CSI300,12130,5,-80,-0.66,12167.0,-15.8802,7700,93,1280,2026-09-03 00:34:31
0168K0,2,TIGER 기술이전바이오액티브,6025,5,-75,-1.23,6031.0,-24.3646,386899,2335,1279,2026-09-03 00:34:31
471760,2,TIGER AI반도체핵심공정,13970,5,-130,-0.92,13996.0,-26.3323,134194,1880,1278,2026-09-03 00:34:31
461500,6,HANARO 종합채권(AA-이상)액티브,104915,2,165,0.16,104875.0,-1.0907,37,3,1278,2026-09-03 00:34:31
139220,2,TIGER 200 건설,7505,2,130,1.76,7524.0,-17.1349,139011,1035,1276,2026-09-03 00:34:31
0008T0,2,SOL 화장품TOP3플러스,19525,2,125,0.64,19539.0,38.4725,703605,13823,1269,2026-09-03 00:34:31
0123G0,4,TIGER 미국AI전력SMR,6305,2,95,1.53,6297.0,-27.2834,4112,25,1267,2026-09-03 00:34:31
182480,7,TIGER 미국MSCI리츠(합성 H),13505,5,-60,-0.44,13640.0,4.7944,1086,14,1263,2026-09-03 00:34:31
0074K0,2,KoAct K수출핵심기업TOP30액티브,16485,5,-115,-0.69,16502.0,-24.5798,4563,75,1245,2026-09-03 00:34:31
463680,4,KODEX 미국S&P500테크놀로지,21550,5,-95,-0.44,21616.0,-17.5286,4376,94,1239,2026-09-03 00:34:31
491230,6,PLUS 국공채머니마켓액티브,52505,3,0,0.0,52504.0,0.7483,0,0,1234,2026-09-03 00:34:31
0000Y0,6,HK 26-12 회사채(AA-이상)액티브,101855,3,0,0.0,101883.0,0.6721,0,0,1232,2026-09-03 00:34:31
447620,7,SOL 미국TOP5채권혼합50,15750,2,10,0.06,15739.0,-3.9659,4864,76,1229,2026-09-03 00:34:31
114820,6,TIGER 국채3년,105050,2,105,0.1,105042.0,0.6232,648,68,1227,2026-09-03 00:34:31
411420,4,KODEX 미국나스닥AI테크액티브,25500,2,110,0.43,25539.0,-18.7315,10793,274,1211,2026-09-03 00:34:31
0092B0,2,SOL 한국원자력SMR,14850,2,45,0.3,14887.0,-18.3173,14967,222,1210,2026-09-03 00:34:31
0191W0,6,HANARO 중기종합채권(A-이상)액티브,100835,3,0,0.0,100900.0,0.8148,0,0,1210,2026-09-03 00:34:31
448100,1,WON 200,106980,2,425,0.4,107598.0,-26.998,8354,897,1204,2026-09-03 00:34:31
325010,2,KODEX 성장주,41160,2,95,0.23,41235.0,-26.0357,1171,48,1194,2026-09-03 00:34:31
438570,6,SOL 국고채10년,97925,2,300,0.31,97921.0,-1.2093,6,0,1191,2026-09-03 00:34:31
469170,2,ACE 포스코그룹포커스,5875,2,80,1.38,5893.0,-20.5334,144260,844,1190,2026-09-03 00:34:31
251340,3,KODEX 코스닥150선물인버스,2510,2,15,0.6,2522.0,14.7126,11028678,27461,1175,2026-09-03 00:34:31
399110,4,SOL 미국S&P500ESG,20650,2,45,0.22,20631.0,-7.9995,657,13,1156,2026-09-03 00:34:31
328370,1,PLUS 코스피TR,37090,2,215,0.58,37208.0,-25.2938,6,0,1150,2026-09-03 00:34:31
319640,4,TIGER 골드선물(H),25790,2,360,1.42,25772.0,-5.8497,1581,40,1148,2026-09-03 00:34:31
377990,2,TIGER Fn신재생에너지,22875,5,-260,-1.12,22921.0,-26.276,31576,722,1144,2026-09-03 00:34:31
0181B0,4,HANARO 미국AI메모리반도체TOP4+,9195,2,50,0.55,9251.0,-22.3685,20924,192,1140,2026-09-03 00:34:31
0122W0,6,RISE 26-11 회사채(AA-이상)액티브,50985,3,0,0.0,51003.0,0.7111,0,0,1139,2026-09-03 00:34:31
309230,4,ACE 미국WideMoat동일가중,30745,5,-230,-0.74,30845.0,-2.5141,3608,110,1131,2026-09-03 00:34:31
488500,4,TIGER 미국S&P500동일가중,12530,2,20,0.16,12528.0,-5.692,2776,34,1128,2026-09-03 00:34:31
367770,2,RISE 수소경제테마,21635,5,-20,-0.09,21659.0,-28.6256,6853,147,1125,2026-09-03 00:34:31
372330,4,KODEX 차이나항셍테크,6760,2,20,0.3,6709.0,-20.6994,2848,19,1122,2026-09-03 00:34:31
0085P0,6,ACE 미국10년국채액티브,9645,5,-15,-0.16,9633.0,-11.0166,35388,341,1119,2026-09-03 00:34:31
0209D0,2,KODEX 전고체배터리ESS TOP2플러스,8000,5,-10,-0.12,7998.0,,194487,1562,1112,2026-09-03 00:34:31
332940,1,HANARO MSCI Korea TR,46305,2,40,0.09,46466.0,-26.9808,120,5,1111,2026-09-03 00:34:31
0135Y0,6,IBK 중기종합채권(AA-이상)액티브,100320,3,0,0.0,100396.0,0.5411,0,0,1111,2026-09-03 00:34:31
0000J0,2,PLUS 한화그룹주,27365,2,140,0.51,27401.0,-18.427,27779,753,1081,2026-09-03 00:34:31
203780,4,TIGER 미국나스닥바이오,36010,2,220,0.61,35979.0,10.9767,1973,71,1080,2026-09-03 00:34:31
464930,4,TIGER 글로벌혁신블루칩TOP10,20730,2,50,0.24,20746.0,-9.7535,149,3,1078,2026-09-03 00:34:31
326240,2,RISE IT플러스,41755,5,-45,-0.11,41828.0,-28.0551,612,25,1077,2026-09-03 00:34:31
0221V0,6,IBK 초단기채권액티브,100445,3,0,0.0,100479.0,,0,0,1074,2026-09-03 00:34:31
304940,4,KODEX 미국나스닥100선물(H),32050,2,195,0.61,32074.0,-5.3906,6,0,1074,2026-09-03 00:34:31
0193M0,6,BNK 27-12 특수채(AAA이상)액티브,50390,3,0,0.0,50378.0,,0,0,1065,2026-09-03 00:34:31
455860,2,SOL 2차전지소부장Fn,4450,5,-5,-0.11,4453.0,-28.9474,97654,434,1064,2026-09-03 00:34:31
0091M0,6,HANARO 27-06 회사채(AA-이상)액티브,10165,3,0,0.0,10164.0,0.6934,0,0,1060,2026-09-03 00:34:31
0132K0,7,PLUS 테슬라위클리커버드콜채권혼합,7985,5,-70,-0.87,7985.0,-5.3168,45904,367,1058,2026-09-03 00:34:31
0138Y0,7,PLUS 금채권혼합,9745,2,50,0.52,9761.0,-6.5993,19086,186,1057,2026-09-03 00:34:31
168580,4,ACE 중국본토CSI300,33710,2,70,0.21,33690.0,-15.7421,126,4,1052,2026-09-03 00:34:31
464310,4,TIGER 글로벌AI&로보틱스 INDXX,13300,5,-10,-0.08,13368.0,-23.3516,2906,38,1044,2026-09-03 00:34:31
0232A0,6,MIDAS 머니마켓액티브,100050,3,0,0.0,100120.0,,0,0,1041,2026-09-03 00:34:31
266370,2,KODEX IT,65015,5,-70,-0.11,65227.0,-28.5213,3174,207,1040,2026-09-03 00:34:31
0036R0,4,RISE 미국휴머노이드로봇,18525,2,325,1.79,18505.0,-17.4582,750,13,1037,2026-09-03 00:34:31
0174B0,7,KoAct 글로벌AI메모리반도체액티브,13565,2,35,0.26,13616.0,-23.8176,7882,107,1024,2026-09-03 00:34:31
465780,6,마이티 26-09 특수채(AAA)액티브,106395,3,0,0.0,106429.0,0.686,0,0,1014,2026-09-03 00:34:31
0080Y0,2,SOL 조선TOP3플러스레버리지,7915,2,130,1.67,7865.0,-53.8804,103623,812,1013,2026-09-03 00:34:31
0137V0,4,KIWOOM 미국S&P500모멘텀,11110,2,15,0.14,11141.0,-14.244,6568,73,1011,2026-09-03 00:34:31
475280,6,ACE 8월만기자동연장회사채AA-이상액티브,10730,3,0,0.0,10743.0,0.7795,0,0,1011,2026-09-03 00:34:31
496090,1,KIWOOM 코리아밸류업,31085,2,455,1.49,31161.0,-24.2127,9,0,1010,2026-09-03 00:34:31
394660,4,TIGER 글로벌자율주행&전기차SOLACTIVE,15390,2,70,0.46,15436.0,-26.4699,1141,17,1010,2026-09-03 00:34:31
475050,2,ACE KPOP포커스,6835,2,130,1.94,6843.0,-16.2399,174241,1192,1001,2026-09-03 00:34:31
465610,4,ACE 미국빅테크TOP7 Plus레버리지(합성),41340,2,5,0.01,41352.0,-22.2296,887,36,992,2026-09-03 00:34:31
261270,7,KODEX 미국달러선물인버스,8210,2,30,0.37,8217.0,10.9152,15640,128,992,2026-09-03 00:34:31
476850,1,KoAct 배당성장액티브,20720,2,20,0.1,20755.0,-19.5134,7272,150,984,2026-09-03 00:34:31
114100,6,RISE 국고채3년,106585,2,130,0.12,106568.0,0.5788,2,0,965,2026-09-03 00:34:31
481430,6,RISE 국고채10년액티브,97880,2,345,0.35,97892.0,-1.3603,1604,157,960,2026-09-03 00:34:31
195980,4,PLUS 신흥국MSCI(합성 H),15280,2,225,1.49,15273.0,-4.2608,2368,36,950,2026-09-03 00:34:31
211900,2,KODEX 코리아배당성장,28790,2,605,2.15,28792.0,-11.0309,2020,57,950,2026-09-03 00:34:31
0176E0,4,RISE 미국AI전력인프라액티브,9110,2,135,1.5,9074.0,-30.3454,944,8,947,2026-09-03 00:34:31
473440,6,ACE 11월만기자동연장회사채AA-이상액티브,10855,2,5,0.05,10852.0,0.7895,2,0,944,2026-09-03 00:34:31
0007N0,1,아이엠에셋 200,104865,2,785,0.75,105136.0,-26.9758,4,0,944,2026-09-03 00:34:31
433970,7,KODEX TDF2030액티브 적격,13835,5,-5,-0.04,13826.0,-5.0561,2119,29,934,2026-09-03 00:34:31
0052T0,6,1Q 중단기회사채(A-이상)액티브,50715,3,0,0.0,50735.0,0.805,0,0,930,2026-09-03 00:34:31
308620,6,KODEX 미국10년국채선물,11335,5,-20,-0.18,11332.0,-11.0807,4777,54,929,2026-09-03 00:34:31
0177X0,2,ACE K휴머노이드로봇산업TOP2+,8975,2,130,1.47,8992.0,-43.3013,53126,473,920,2026-09-03 00:34:31
325020,2,KODEX 배당가치,29415,2,500,1.73,29459.0,-14.6089,154,4,912,2026-09-03 00:34:31
0142D0,4,TIGER 미국AI데이터센터TOP4Plus,9720,2,275,2.91,9746.0,-40.1458,44838,436,899,2026-09-03 00:34:31
269540,4,PLUS 미국S&P500(H),29965,2,195,0.66,29976.0,-1.3259,537,16,899,2026-09-03 00:34:31
468380,6,KODEX iShares미국하이일드액티브,10755,5,-40,-0.37,10742.0,-9.3045,5535,59,897,2026-09-03 00:34:31
0035T0,7,PLUS 글로벌휴머노이드로봇액티브,18460,2,105,0.57,18495.0,-29.9428,2067,38,895,2026-09-03 00:34:31
0066W0,5,SOL 국제금,12650,2,145,1.16,12665.0,-13.9071,12048,152,892,2026-09-03 00:34:31
143850,4,TIGER 미국S&P500선물(H),77190,2,415,0.54,77167.0,-0.4926,154,11,888,2026-09-03 00:34:31
453080,4,KIWOOM 미국나스닥100(H),22605,2,125,0.56,22631.0,-5.6723,184,4,882,2026-09-03 00:34:31
298770,4,KODEX 한국대만IT프리미어,79920,2,410,0.52,79794.0,-19.372,4709,376,879,2026-09-03 00:34:31
444490,4,WON 미국S&P500,19850,2,10,0.05,19868.0,-9.2822,1338,26,873,2026-09-03 00:34:31
204480,4,TIGER 차이나CSI300레버리지(합성),23430,3,0,0.0,23471.0,-32.42,95,2,872,2026-09-03 00:34:31
329670,7,KODEX TRF7030,21750,2,5,0.02,21765.0,-6.1836,2423,52,870,2026-09-03 00:34:31
108450,2,ACE 삼성그룹섹터가중,39300,2,340,0.87,39316.0,-21.6334,2418,94,865,2026-09-03 00:34:31
460960,7,ACE 글로벌인컴TOP10,10870,5,-25,-0.23,10876.0,-8.9594,171492,1867,859,2026-09-03 00:34:31
454320,2,HANARO CAPEX설비투자iSelect,39885,5,-75,-0.19,40103.0,-19.7752,137,5,858,2026-09-03 00:34:31
486240,2,DAISHIN AI반도체&인프라액티브,27455,5,-125,-0.45,27553.0,-20.3696,123,3,851,2026-09-03 00:34:31
495040,1,PLUS 코리아밸류업,30835,2,290,0.95,30909.0,-24.0977,2,0,848,2026-09-03 00:34:31
130730,6,KIWOOM 단기자금,103050,2,25,0.02,103043.0,0.6742,16,1,835,2026-09-03 00:34:31
453330,4,RISE 미국S&P500(H),18120,2,95,0.53,18126.0,0.5052,4102,74,834,2026-09-03 00:34:31
329660,7,KODEX TRF5050,17680,5,-20,-0.11,17726.0,-4.06,649,11,831,2026-09-03 00:34:31
0162L0,4,KODEX 차이나AI반도체TOP10,13070,5,-30,-0.23,13033.0,-20.5919,15782,206,830,2026-09-03 00:34:31
461460,6,PLUS 국고채10년액티브,51000,3,0,0.0,51185.0,-1.4398,0,0,827,2026-09-03 00:34:31
438560,6,SOL 국고채3년,100370,2,155,0.15,100364.0,0.5871,3,0,822,2026-09-03 00:34:31
0017Y0,6,1Q 종합채권(AA-이상)액티브,93810,2,135,0.14,93762.0,-1.3065,2000,187,819,2026-09-03 00:34:31
0018C0,2,PLUS 고배당주위클리고정커버드콜,10975,2,140,1.29,10978.0,-2.5763,6642,72,818,2026-09-03 00:34:31
0197X0,2,SOL SK하이닉스선물단일종목인버스2X,7560,5,-80,-1.05,7543.0,-48.5869,2153181,16049,816,2026-09-03 00:34:31
138530,2,TIGER LG그룹플러스,12385,2,130,1.06,12390.0,-28.3334,19932,246,810,2026-09-03 00:34:31
0098N0,2,PLUS 자사주매입고배당주,13395,2,330,2.53,13415.0,3.28,8134,108,804,2026-09-03 00:34:31
479620,4,SOL 미국AI반도체칩메이커,23495,2,95,0.41,23610.0,-24.8193,192,4,799,2026-09-03 00:34:31
485690,4,RISE 미국AI밸류체인TOP3Plus,20995,2,50,0.24,20995.0,-20.9929,1284,26,798,2026-09-03 00:34:31
359210,1,KODEX 코스피TR,34325,2,240,0.7,34339.0,-25.1866,122,4,789,2026-09-03 00:34:31
449770,4,KIWOOM 미국S&P500,20725,2,20,0.1,20732.0,-9.2359,456,9,788,2026-09-03 00:34:31
210780,2,TIGER 코스피고배당,23785,2,380,1.62,23817.0,-2.8957,1895,44,785,2026-09-03 00:34:31
492500,7,1Q 현대차그룹채권(A+이상)&국고통안,51375,2,65,0.13,51352.0,0.5881,38,1,782,2026-09-03 00:34:31
458030,6,WON 국공채머니마켓액티브,55095,2,35,0.06,55055.0,0.7133,33,1,781,2026-09-03 00:34:31
0057H0,7,PLUS 미국S&P500미국채혼합50액티브,11480,5,-25,-0.22,11481.0,-9.1484,38235,438,781,2026-09-03 00:34:31
364960,2,TIGER BBIG,6530,2,65,1.01,6536.0,-17.8004,1335,8,780,2026-09-03 00:34:31
157490,2,TIGER 소프트웨어,8335,2,20,0.24,8339.0,-26.6755,9787,81,780,2026-09-03 00:34:31
0049M0,4,ACE 미국배당퀄리티+커버드콜액티브,11060,2,20,0.18,11061.0,-8.2015,3689,40,780,2026-09-03 00:34:31
337140,2,KODEX 코스피대형주,34905,2,105,0.3,34950.0,-25.9669,1556,54,768,2026-09-03 00:34:31
495750,1,HANARO 코리아밸류업,31070,2,265,0.86,31114.0,-23.8052,14,0,761,2026-09-03 00:34:31
228810,2,TIGER 미디어컨텐츠,3090,2,30,0.98,3094.0,-17.0732,9596,29,750,2026-09-03 00:34:31
490480,2,SOL K방산,27090,2,90,0.33,27091.0,-20.9718,5802,157,745,2026-09-03 00:34:31
0080X0,7,SOL 미국S&P500미국채혼합50,10780,5,-20,-0.19,10790.0,-10.2138,96378,1039,744,2026-09-03 00:34:31
473640,4,HANARO 글로벌금채굴기업,34570,2,705,2.08,34567.0,-1.8549,5731,197,743,2026-09-03 00:34:31
272910,6,ACE 중장기국공채액티브,105885,3,0,0.0,105988.0,0.3792,0,0,739,2026-09-03 00:34:31
469060,4,RISE 미국반도체NYSE,32665,2,115,0.35,32780.0,-21.9423,563,18,735,2026-09-03 00:34:31
434960,1,DAISHIN K200,104875,2,625,0.6,105347.0,-26.466,1328,139,734,2026-09-03 00:34:31
365040,1,TIGER AI코리아그로스액티브,34790,2,155,0.45,34849.0,-24.5179,324,11,731,2026-09-03 00:34:31
211560,2,TIGER 배당성장,36055,2,585,1.65,36064.0,-9.5218,188,6,725,2026-09-03 00:34:31
0233A0,7,ACE 삼성전자SK하이닉스플러스채권혼합50,10180,2,30,0.3,10209.0,,283496,2894,723,2026-09-03 00:34:31
0102A0,4,TIGER 미국AI소프트웨어TOP4Plus,8780,3,0,0.0,8611.0,-14.7159,66097,580,720,2026-09-03 00:34:31
0022T0,4,SOL 국제금커버드콜액티브,12970,2,140,1.09,12982.0,-13.8346,4762,61,713,2026-09-03 00:34:31
412770,4,TIGER 글로벌AI플랫폼액티브,11960,2,60,0.5,11969.0,-29.7106,10376,124,710,2026-09-03 00:34:31
298340,6,PLUS 국채선물3년,56435,3,0,0.0,56451.0,1.1289,0,0,707,2026-09-03 00:34:31
228800,2,TIGER 여행레저,2715,2,10,0.37,2717.0,-6.0764,19614,53,702,2026-09-03 00:34:31
0113D0,4,TIME 글로벌탑픽액티브,11800,2,25,0.21,11813.0,-9.0383,6274,73,696,2026-09-03 00:34:31
475310,2,SOL 반도체후공정,25755,5,-185,-0.71,25781.0,-18.3635,51944,1349,695,2026-09-03 00:34:31
441540,2,HANARO Fn조선해운,25725,2,300,1.18,25752.0,-19.2217,2388,60,695,2026-09-03 00:34:31
475350,4,RISE 버크셔포트폴리오TOP10,14450,5,-35,-0.24,14434.0,-2.4164,16793,242,694,2026-09-03 00:34:31
292190,1,KODEX KRX300,46075,2,210,0.46,46162.0,-26.8112,3175,146,691,2026-09-03 00:34:31
266420,2,KODEX 헬스케어,17100,2,70,0.41,17107.0,-10.791,1233,21,684,2026-09-03 00:34:31
440640,6,ACE 단기채권알파액티브,112715,2,30,0.03,112718.0,0.8276,39,4,680,2026-09-03 00:34:31
458750,4,TIGER 미국배당다우존스타겟커버드콜1호,13115,2,45,0.34,13082.0,-1.5954,1506,19,675,2026-09-03 00:34:31
0198A0,2,KIWOOM 코스닥150커버드콜액티브,8435,5,-70,-0.82,8440.0,,212219,1802,671,2026-09-03 00:34:31
278620,6,PLUS 단기채권액티브,119070,3,0,0.0,119085.0,0.8384,0,0,667,2026-09-03 00:34:31
0190Y0,4,TIGER 구글밸류체인,8215,5,-80,-0.96,8220.0,-25.939,21280,174,665,2026-09-03 00:34:31
0098Z0,1,FOCUS 200,88595,3,0,0.0,89412.0,-26.2551,0,0,664,2026-09-03 00:34:31
465330,2,RISE 2차전지TOP10,11145,2,10,0.09,11158.0,-21.3075,24111,269,660,2026-09-03 00:34:31
433880,7,PLUS TDF2060액티브 적격,18250,2,25,0.14,18250.0,-10.1172,490,8,655,2026-09-03 00:34:31
0225V0,4,KODEX 미국CPU반도체TOP10,9425,2,45,0.48,9485.0,,3560,33,655,2026-09-03 00:34:31
0210E0,2,PLUS 200커버드콜액티브,7085,2,40,0.57,7088.0,,76051,538,645,2026-09-03 00:34:31
100910,1,KIWOOM KRX100,16435,2,135,0.83,16473.0,-27.4949,46,0,641,2026-09-03 00:34:31
491700,1,HK 200,105650,2,1280,1.23,105543.0,-26.5466,99,10,634,2026-09-03 00:34:31
277640,2,TIGER 코스피대형주,36135,2,265,0.74,36135.0,-26.7526,1588,57,632,2026-09-03 00:34:31
0123S0,2,HANARO 26-12 은행채(AA+이상)액티브,10195,3,0,0.0,10191.0,0.7909,53,0,632,2026-09-03 00:34:31
0115E0,2,KODEX 코리아소버린AI,14255,5,-20,-0.14,14316.0,-21.9598,20434,291,627,2026-09-03 00:34:31
419890,6,KIWOOM 단기채권ESG액티브,107565,2,25,0.02,107560.0,0.6975,2060,221,624,2026-09-03 00:34:31
292770,6,KODEX 국채선물3년인버스,57845,3,0,0.0,57810.0,0.1471,0,0,621,2026-09-03 00:34:31
455660,6,ACE 미국하이일드액티브(H),9410,3,0,0.0,9402.0,0.212,1221,11,621,2026-09-03 00:34:31
0000D0,7,TIGER 엔비디아미국채커버드콜밸런스(합성),8932,2,47,0.53,8943.0,-12.7486,2179,19,616,2026-09-03 00:34:31
453640,4,KODEX 미국S&P500헬스케어,14220,2,60,0.42,14225.0,5.7171,2131,30,611,2026-09-03 00:34:31
453950,4,TIGER TSMC파운드리밸류체인,31255,5,-225,-0.71,31169.0,-13.8715,2446,76,609,2026-09-03 00:34:31
150460,2,TIGER 중국소비테마,7950,2,50,0.63,7948.0,9.1914,6375,50,601,2026-09-03 00:34:31
261240,7,KODEX 미국달러선물,14065,5,-70,-0.5,14074.0,-9.0997,12313,173,601,2026-09-03 00:34:31
476750,6,ACE 미국30년국채엔화노출액티브(H),7335,2,60,0.82,7328.0,-13.8129,56559,414,594,2026-09-03 00:34:31
275980,4,TIGER 글로벌4차산업혁신기술(합성 H),23330,5,-10,-0.04,23422.0,-5.1413,133,3,593,2026-09-03 00:34:31
0040S0,4,HANARO 글로벌피지컬AI액티브,23125,5,-95,-0.41,23087.0,-23.6812,3296,76,590,2026-09-03 00:34:31
0172V0,5,1Q 은액티브,8400,2,135,1.63,8390.0,-24.1744,20818,174,584,2026-09-03 00:34:31
479730,4,TIGER 인도빌리언컨슈머,9875,2,85,0.87,9848.0,-2.694,288,2,583,2026-09-03 00:34:31
140700,2,KODEX 보험,22225,2,855,4.0,22272.0,2.9068,112109,2451,578,2026-09-03 00:34:31
495940,4,RISE 미국AI테크액티브,18640,2,50,0.27,18575.0,-24.0391,619,11,569,2026-09-03 00:34:31
306950,3,KODEX KRX300레버리지,70740,5,-1560,-2.16,71135.0,-54.1724,1188,85,566,2026-09-03 00:34:31
225040,4,TIGER 미국S&P500레버리지(합성 H),67280,2,700,1.05,67332.0,-0.5007,899,60,565,2026-09-03 00:34:31
261070,2,TIGER 코스닥150바이오테크,12235,5,-105,-0.85,12254.0,-22.8991,32091,395,563,2026-09-03 00:34:31
0166S0,2,PLUS K제조업핵심기업액티브,10510,2,25,0.24,10527.0,-30.9744,813,8,562,2026-09-03 00:34:31
401470,2,KODEX 메타버스액티브,9600,2,75,0.79,9629.0,-17.4611,95,0,562,2026-09-03 00:34:31
252400,3,RISE 200선물레버리지,93410,2,1450,1.58,93539.0,-55.7033,6394,597,560,2026-09-03 00:34:31
491220,1,PLUS 200TR,124040,2,835,0.68,124198.0,-27.1085,28,3,558,2026-09-03 00:34:31
0181L0,4,SOL 미국우주항공TOP10,6825,2,185,2.79,6805.0,-47.942,19376,132,553,2026-09-03 00:34:31
455960,6,RISE 미국달러SOFR금리액티브(합성),11870,5,-160,-1.33,11951.0,-8.0978,51,0,544,2026-09-03 00:34:31
0111J0,2,HANARO 증권고배당TOP3플러스,12200,2,25,0.21,12220.0,-26.7097,4910,59,543,2026-09-03 00:34:31
385590,2,ACE ESG액티브,23290,2,365,1.59,23224.0,-21.0028,100,2,536,2026-09-03 00:34:31
0113P0,6,HK 머니마켓액티브,102420,3,0,0.0,102445.0,0.7376,0,0,531,2026-09-03 00:34:31
278240,3,RISE 코스닥150선물레버리지,7260,5,-100,-1.36,7303.0,-51.0313,7332,54,529,2026-09-03 00:34:31
0226A0,7,PLUS SK하이닉스샌디스크채권혼합50,10560,2,30,0.28,10654.0,,14270,151,528,2026-09-03 00:34:31
0046Y0,4,ACE 미국배당퀄리티,12400,2,30,0.24,12417.0,-8.698,1361,16,527,2026-09-03 00:34:31
442560,7,RISE TDF2040액티브 적격,16155,5,-5,-0.03,16073.0,-8.8051,874,14,525,2026-09-03 00:34:31
0141S0,2,SOL 조선기자재,8155,2,20,0.25,8169.0,-22.7813,12507,102,522,2026-09-03 00:34:31
0000Z0,2,RISE 바이오TOP10액티브,8735,5,-70,-0.8,8729.0,-28.2981,29005,254,520,2026-09-03 00:34:31
101280,4,KODEX 일본TOPIX100,30080,2,50,0.17,30082.0,-4.447,530,15,517,2026-09-03 00:34:31
261220,5,KODEX WTI원유선물(H),25520,5,-35,-0.14,25568.0,3.1899,30158,769,517,2026-09-03 00:34:31
0139P0,2,ACE 고배당주,13900,2,290,2.13,13912.0,-0.9364,2890,39,514,2026-09-03 00:34:31
440910,4,WON 미국우주항공방산,23350,5,-335,-1.41,23348.0,-17.6747,1435,33,514,2026-09-03 00:34:31
304780,3,HANARO 200선물레버리지,113080,2,1045,0.93,113960.0,-55.5981,569,64,509,2026-09-03 00:34:31
0118Z0,4,ACE 미국AI테크핵심산업액티브,8525,2,55,0.65,8470.0,-22.1508,218,1,507,2026-09-03 00:34:31
114470,6,KIWOOM 국고채3년,107860,3,0,0.0,107931.0,0.627,0,0,507,2026-09-03 00:34:31
475260,6,ACE 2월만기자동연장회사채AA-이상액티브,10755,2,5,0.05,10751.0,0.6554,3,0,507,2026-09-03 00:34:31
218420,4,KODEX 미국S&P500에너지(합성),20630,5,-50,-0.24,20620.0,3.8152,5833,119,506,2026-09-03 00:34:31
445150,2,KODEX 친환경조선해운액티브,27365,2,335,1.24,27404.0,-20.531,489,13,506,2026-09-03 00:34:31
123310,3,TIGER 인버스,1173,5,-7,-0.59,1171.0,13.8996,456531,534,499,2026-09-03 00:34:31
0185L0,4,TIME 글로벌휴머노이드로봇산업액티브,7120,2,40,0.56,7131.0,-32.6677,4288,30,498,2026-09-03 00:34:31
360140,2,KODEX 200롱코스닥150숏선물,22535,2,345,1.55,22519.0,-7.5225,3909,87,496,2026-09-03 00:34:31
0041D0,4,KODEX 미국AI소프트웨어TOP10,13145,2,120,0.92,12648.0,-15.4599,9967,130,493,2026-09-03 00:34:31
275300,2,KODEX 우량주,28870,2,45,0.16,28910.0,-23.9431,122,3,491,2026-09-03 00:34:31
480310,4,TIGER 글로벌온디바이스AI,18505,2,55,0.3,18555.0,-26.4091,269,4,490,2026-09-03 00:34:31
418670,4,TIGER 글로벌AI사이버보안,16845,5,-230,-1.35,16706.0,-4.3953,18985,318,485,2026-09-03 00:34:31
447430,2,ACE 주주환원가치주액티브,16360,2,60,0.37,16358.0,0.4073,449,7,483,2026-09-03 00:34:31
0086B0,2,TIGER 리츠부동산인프라TOP10액티브,9650,2,160,1.69,9662.0,1.0776,1168,11,473,2026-09-03 00:34:31
336160,6,RISE 금융채액티브,100155,2,85,0.08,100125.0,0.5536,6,0,470,2026-09-03 00:34:31
0194T0,2,ACE SK하이닉스단일종목레버리지,7830,2,40,0.51,7891.0,-69.917,24226,194,468,2026-09-03 00:34:31
253150,3,PLUS 200선물레버리지,185960,2,2470,1.35,187044.0,-55.3482,396,74,465,2026-09-03 00:34:31
0132H0,4,KODEX 미국원자력SMR,7995,5,-5,-0.06,7946.0,-26.5719,3372,26,464,2026-09-03 00:34:31
0118S0,4,SOL 미국넥스트테크TOP10액티브,10040,2,100,1.01,10008.0,-36.1183,916,9,462,2026-09-03 00:34:31
0178H0,7,IBK 미국AI TOP10국채혼합50,9820,2,90,0.92,9827.0,-7.9813,843,8,462,2026-09-03 00:34:31
140950,1,파워 코스피100,81900,2,535,0.66,82155.0,-27.0431,32,2,459,2026-09-03 00:34:31
261120,7,TIGER 미국달러선물인버스2X,5455,2,65,1.21,5456.0,21.3963,2040,11,458,2026-09-03 00:34:31
316670,1,KIWOOM 코스닥150,6765,5,-55,-0.81,6789.0,-23.9264,5653,38,457,2026-09-03 00:34:31
200030,4,KODEX 미국S&P500산업재(합성),40490,5,-35,-0.09,40562.0,-9.9645,737,29,456,2026-09-03 00:34:31
152500,3,ACE 레버리지,41300,2,770,1.9,41405.0,-55.8112,5589,231,454,2026-09-03 00:34:31
196030,4,ACE 일본TOPIX레버리지(H),90725,2,1325,1.48,90368.0,6.7845,102,9,454,2026-09-03 00:34:31
371470,4,TIGER 차이나바이오테크SOLACTIVE,8380,2,35,0.42,8455.0,5.6329,584,4,453,2026-09-03 00:34:31
256750,4,KODEX 차이나심천ChiNext(합성),14720,5,-110,-0.74,14737.0,-26.3472,712,10,450,2026-09-03 00:34:31
442260,1,마이티 다이나믹퀀트액티브,36295,2,135,0.37,36327.0,-26.2568,2,0,450,2026-09-03 00:34:31
461340,4,HANARO 글로벌생성형AI액티브,40720,2,430,1.07,40390.0,-19.0721,178,7,448,2026-09-03 00:34:31
475270,6,ACE 5월만기자동연장회사채AA-이상액티브,10735,3,0,0.0,10735.0,0.7035,0,0,448,2026-09-03 00:34:31
287180,4,PLUS 미국나스닥테크,52650,5,-560,-1.05,52738.0,-15.8137,616,32,448,2026-09-03 00:34:31
0197W0,2,SOL SK하이닉스단일종목레버리지,7705,2,55,0.72,7738.0,-70.5996,42843,333,447,2026-09-03 00:34:31
305050,1,ACE 코스피,68625,2,305,0.45,68731.0,-24.9231,47,3,446,2026-09-03 00:34:31
429760,4,PLUS 미국S&P500,19280,2,25,0.13,19287.0,-9.077,172,3,443,2026-09-03 00:34:31
0020H0,4,KoAct 글로벌양자컴퓨팅액티브,20375,2,145,0.72,20445.0,-35.0562,752,15,438,2026-09-03 00:34:31
276990,4,KODEX 글로벌로봇(합성),24595,5,-415,-1.66,24615.0,-19.4655,128,3,435,2026-09-03 00:34:31
473490,4,KIWOOM 글로벌AI반도체,28990,2,135,0.47,28980.0,-19.3634,69,1,435,2026-09-03 00:34:31
453650,4,KODEX 미국S&P500금융,19245,2,10,0.05,19216.0,1.8048,2391,46,433,2026-09-03 00:34:31
442090,2,에셋플러스 코리아대장장이액티브,28860,2,260,0.91,28830.0,-19.1863,7,0,433,2026-09-03 00:34:31
472830,6,RISE 미국30년국채커버드콜(합성),7780,2,15,0.19,7763.0,-13.5963,2053,15,432,2026-09-03 00:34:31
473590,4,ACE 미국주식베스트셀러,17970,2,50,0.28,17991.0,-28.1476,16335,293,431,2026-09-03 00:34:31
292560,7,TIGER 일본엔선물,7945,2,5,0.06,7923.0,-9.6187,25140,199,429,2026-09-03 00:34:31
401170,2,RISE 메타버스,10825,2,50,0.46,10862.0,-23.8516,172,1,429,2026-09-03 00:34:31
0186S0,7,1Q 코스닥150채권혼합50액티브,8235,5,-5,-0.06,8243.0,-11.8237,21303,175,428,2026-09-03 00:34:31
0141T0,6,SOL 중기종합채권(AA-이상)액티브,50235,3,0,0.0,50259.0,0.6915,0,0,428,2026-09-03 00:34:31
0089C0,4,KODEX 미국S&P500변동성확대시커버드콜,11245,2,25,0.22,11250.0,-9.2853,45,0,427,2026-09-03 00:34:31
440650,6,ACE 미국달러단기채권액티브,11435,5,-40,-0.35,11428.0,-9.1449,8213,93,423,2026-09-03 00:34:31
375770,2,KODEX 탄소효율그린뉴딜,23495,3,0,0.0,23831.0,-24.9375,0,0,423,2026-09-03 00:34:31
139280,2,TIGER 경기방어,12955,2,100,0.78,12944.0,-0.4198,1089,14,422,2026-09-03 00:34:31
238720,4,ACE 일본Nikkei225(H),46705,2,5,0.01,46728.0,-2.9913,112,5,420,2026-09-03 00:34:31
0191M0,6,마이티 5월만기자동연장특수채(AAA)액티브,100725,3,0,0.0,100756.0,0.6796,0,0,417,2026-09-03 00:34:31
487130,2,KoAct AI인프라액티브,26815,5,-185,-0.69,26883.0,-25.9869,982,26,416,2026-09-03 00:34:31
139320,5,TIGER 금은선물(H),18285,2,270,1.5,18191.0,-7.3303,2780,50,411,2026-09-03 00:34:31
0189B0,5,TIGER 은액티브,8050,2,170,2.16,8050.0,-24.8451,12385,99,411,2026-09-03 00:34:31
494840,4,TIGER 미국방산TOP10,12375,5,-180,-1.43,12325.0,-6.2497,888,10,408,2026-09-03 00:34:31
0007G0,4,PLUS 글로벌원자력밸류체인,13520,2,55,0.41,13557.0,-17.771,838,11,406,2026-09-03 00:34:31
476260,2,HANARO 반도체핵심공정주도주,12025,5,-175,-1.43,12040.0,-2.517,63230,769,403,2026-09-03 00:34:31
0220B0,1,DS 코스닥액티브,9445,5,-120,-1.25,9453.0,,99946,949,401,2026-09-03 00:34:31
322410,2,HANARO K고배당,23530,2,355,1.53,23539.0,-4.1051,1211,28,400,2026-09-03 00:34:31
183700,7,RISE 200채권혼합50,94670,2,300,0.32,94445.0,-13.2511,67,6,398,2026-09-03 00:34:31
428510,4,KODEX 차이나AI테크액티브,23305,3,0,0.0,23243.0,-23.4153,1596,37,396,2026-09-03 00:34:31
0112X0,1,마이티 200TR,39320,2,245,0.63,39297.0,-26.6817,29,1,393,2026-09-03 00:34:31
448570,1,FOCUS AI코리아액티브,29020,2,60,0.21,29263.0,-22.0143,1,0,392,2026-09-03 00:34:31
472840,1,IBK 200,103910,2,740,0.72,104118.0,-26.7157,13,1,390,2026-09-03 00:34:31
0085N0,6,ACE 미국10년국채액티브(H),9710,2,25,0.26,9700.0,-1.4247,1837,17,388,2026-09-03 00:34:31
0194M0,2,ACE 삼성전자단일종목레버리지,10095,2,135,1.36,10162.0,-65.6493,1037,10,386,2026-09-03 00:34:31
352540,7,KODEX 일본부동산리츠(H),11265,5,-10,-0.09,11275.0,2.9276,655,7,383,2026-09-03 00:34:31
147970,2,TIGER 모멘텀,78045,2,415,0.53,78333.0,-24.6604,155,12,375,2026-09-03 00:34:31
400970,2,TIGER Fn메타버스,7390,2,10,0.14,7407.0,-29.4456,1638,12,373,2026-09-03 00:34:31
276970,4,KODEX 미국S&P500배당귀족커버드콜(합성 H),7925,5,-10,-0.13,7969.0,11.3165,2362,18,372,2026-09-03 00:34:31
195930,4,TIGER 유로스탁스50(합성 H),23275,2,45,0.19,23407.0,3.8444,572,13,372,2026-09-03 00:34:31
275280,2,KODEX 모멘텀주,40730,2,110,0.27,40769.0,-25.7666,8,0,367,2026-09-03 00:34:31
0154F0,2,WON 초대형IB&금융지주,12555,2,345,2.83,12567.0,-5.3489,2275,28,364,2026-09-03 00:34:31
452250,6,ACE 미국30년국채선물레버리지(합성 H),4695,2,50,1.08,4734.0,-9.2774,41,0,364,2026-09-03 00:34:31
104530,2,KIWOOM 코리아고배당,17670,2,70,0.4,17696.0,-5.2851,1725,30,362,2026-09-03 00:34:31
0192L0,2,RISE SK하이닉스단일종목레버리지,7925,3,0,0.0,8040.0,-69.7404,4162,33,361,2026-09-03 00:34:31
464470,6,PLUS 미국채30년액티브,47175,2,55,0.12,47189.0,-13.2161,98,4,360,2026-09-03 00:34:31
0207G0,2,SOL 우주항공밸류체인,6100,5,-105,-1.69,6116.0,,222063,1366,360,2026-09-03 00:34:31
491830,4,TIGER 미국AI반도체팹리스,20435,2,95,0.47,20523.0,-27.3429,1723,35,358,2026-09-03 00:34:31
365000,2,TIGER 인터넷TOP10,3515,2,10,0.29,3518.0,-32.9187,3681,12,357,2026-09-03 00:34:31
0209Z0,2,ACE 코리아AI전력TOP10,6630,5,-85,-1.27,6638.0,,25642,171,355,2026-09-03 00:34:31
449690,4,TIGER 한중반도체(합성),46750,5,-165,-0.35,46456.0,-21.1182,100,4,351,2026-09-03 00:34:31
241390,7,RISE V&S셀렉트밸류채권혼합,15740,2,90,0.58,15644.0,-8.3907,435,6,346,2026-09-03 00:34:31
322400,2,HANARO e커머스,10310,2,125,1.23,10337.0,-11.9326,1222,12,345,2026-09-03 00:34:31
381560,2,HANARO Fn전기&수소차,17215,5,-45,-0.26,17234.0,-25.5616,238,4,344,2026-09-03 00:34:31
352560,7,KODEX 미국부동산리츠(H),12065,5,-65,-0.54,12151.0,1.8032,736,8,344,2026-09-03 00:34:31
122260,6,KIWOOM 통안채1년,104165,3,0,0.0,104183.0,0.696,0,0,344,2026-09-03 00:34:31
450910,1,SOL 코스닥150,13270,5,-135,-1.01,13317.0,-23.9001,770,10,342,2026-09-03 00:34:31
276650,4,RISE 글로벌테크놀로지(합성 H),45495,5,-135,-0.3,45677.0,-7.2184,1,0,341,2026-09-03 00:34:31
498860,2,RISE 코리아금융고배당,17030,2,280,1.67,17060.0,-8.8849,3301,56,341,2026-09-03 00:34:31
153270,1,KIWOOM 코스피100,80530,2,945,1.19,80661.0,-27.2304,76,6,338,2026-09-03 00:34:31
449780,4,KIWOOM 미국S&P500(H),18625,2,140,0.76,18627.0,-0.4256,2248,41,335,2026-09-03 00:34:31
415920,5,PLUS 글로벌희토류&전략자원생산기업,7105,2,45,0.64,7094.0,-30.2372,1345,9,334,2026-09-03 00:34:31
385520,2,KODEX 자율주행액티브,15460,2,110,0.72,15466.0,-30.0843,538,8,332,2026-09-03 00:34:31
407830,4,에셋플러스 글로벌플랫폼액티브,13840,5,-15,-0.11,13802.0,-18.9767,26,0,332,2026-09-03 00:34:31
465350,3,RISE 2차전지TOP10인버스(합성),16600,2,145,0.88,16726.0,9.8098,15942,261,332,2026-09-03 00:34:31
474800,4,KIWOOM 미국원유에너지기업,16180,5,-45,-0.28,16146.0,2.743,3843,62,332,2026-09-03 00:34:31
099140,4,KODEX 차이나H,21230,2,80,0.38,21035.0,-11.1542,1020,21,329,2026-09-03 00:34:31
138910,5,KODEX 구리선물(H),9960,2,110,1.12,9959.0,-3.5732,1535,15,329,2026-09-03 00:34:31
380340,2,ACE 코리아AI테크핵심산업,27390,5,-20,-0.07,27521.0,-31.7905,389,10,329,2026-09-03 00:34:31
491090,4,KODEX 미국테크TOP3플러스,17760,2,150,0.85,17756.0,-11.2991,215,3,329,2026-09-03 00:34:31
139270,2,TIGER 200 금융,17665,2,655,3.85,17667.0,-1.7515,8651,151,325,2026-09-03 00:34:31
105780,2,RISE 5대그룹주,16235,2,105,0.65,16245.0,-28.5335,728,11,325,2026-09-03 00:34:31
0184E0,7,1Q 200채권혼합50액티브,10800,2,85,0.79,10809.0,-12.9758,3170,34,324,2026-09-03 00:34:31
475070,4,KoAct 글로벌친환경전력인프라액티브,28170,2,75,0.27,28308.0,-30.4752,2723,76,324,2026-09-03 00:34:31
261140,2,TIGER 우선주,24105,2,105,0.44,24127.0,-21.9676,628,15,323,2026-09-03 00:34:31
227540,2,TIGER 200 헬스케어,19605,2,160,0.82,19603.0,0.8558,102,1,322,2026-09-03 00:34:31
0023B0,4,PLUS 미국양자컴퓨팅TOP10,15245,5,-60,-0.39,15231.0,-31.9173,512,7,320,2026-09-03 00:34:31
256440,4,ACE MSCI인도네시아(합성),5225,3,0,0.0,5265.0,-10.6074,6887,35,319,2026-09-03 00:34:31
0089B0,7,PLUS 미국나스닥100미국채혼합50,10990,5,-15,-0.14,10989.0,-11.5553,46850,515,319,2026-09-03 00:34:31
476690,4,TIGER 글로벌비만치료제TOP2Plus,10615,2,95,0.9,10630.0,-1.9747,1196,12,318,2026-09-03 00:34:31
0138T0,4,RISE 미국S&P500데일리고정커버드콜,9365,2,5,0.05,9372.0,-9.254,3325,31,318,2026-09-03 00:34:31
174360,4,RISE 중국본토대형주CSI100,22720,5,-80,-0.35,22733.0,-16.4223,127,2,318,2026-09-03 00:34:31
469050,4,RISE 미국반도체NYSE(H),30170,2,305,1.02,30237.0,-13.9141,393,11,317,2026-09-03 00:34:31
266360,2,KODEX K콘텐츠,9855,2,125,1.28,9863.0,-20.115,602,5,315,2026-09-03 00:34:31
459560,4,KODEX 테슬라밸류체인FactSet,20925,5,-185,-0.88,20955.0,-20.9093,494,10,314,2026-09-03 00:34:31
248270,4,TIGER S&P글로벌헬스케어(합성),26810,2,400,1.51,26567.0,3.4469,428,11,311,2026-09-03 00:34:31
395290,2,HANARO Fn K-POP&미디어,4915,2,75,1.55,4921.0,-18.0356,14887,72,310,2026-09-03 00:34:31
0100K0,2,KODEX 방산TOP10레버리지,5520,5,-80,-1.43,5527.0,-45.3925,131001,720,309,2026-09-03 00:34:31
245350,4,TIGER 유로스탁스배당30,19302,5,-203,-1.04,19232.0,-1.2854,129,2,309,2026-09-03 00:34:31
459750,4,RISE 글로벌주식분산액티브,17640,2,170,0.97,17642.0,-10.2654,1902,33,309,2026-09-03 00:34:31
494410,4,PLUS 미국S&P500성장주,13960,2,20,0.14,13974.0,-12.1232,51,0,307,2026-09-03 00:34:31
426150,6,WON 대한민국국고채액티브,50970,2,85,0.17,50979.0,-2.5192,3006,153,307,2026-09-03 00:34:31
192720,2,파워 고배당저변동성,60105,2,1215,2.06,60164.0,-1.444,514,30,307,2026-09-03 00:34:31
271060,5,KODEX 3대농산물선물(H),9275,2,55,0.6,9307.0,13.4769,3760,34,306,2026-09-03 00:34:31
117460,2,KODEX 에너지화학,13625,2,25,0.18,13637.0,-13.9326,9754,131,305,2026-09-03 00:34:31
117680,2,KODEX 철강,12395,2,85,0.69,12410.0,-15.3107,12259,151,304,2026-09-03 00:34:31
496770,4,PLUS 글로벌방산,16855,5,-250,-1.46,16868.0,-4.4414,832,14,303,2026-09-03 00:34:31
476070,4,KODEX 글로벌비만치료제TOP2 Plus,11140,2,125,1.13,11114.0,-0.9527,4995,55,301,2026-09-03 00:34:31
395170,2,KODEX Top10동일가중,15030,2,95,0.64,15057.0,-29.757,108,1,301,2026-09-03 00:34:31
0192T0,2,SOL 코스닥TOP10,6990,5,-50,-0.71,7002.0,-25.5027,12192,85,301,2026-09-03 00:34:31
468630,6,KODEX iShares미국투자등급회사채액티브,10645,5,-15,-0.14,10633.0,-11.9637,1599,17,299,2026-09-03 00:34:31
275290,2,KODEX 가치주,33160,2,370,1.13,33325.0,-21.0848,6,0,298,2026-09-03 00:34:31
156080,1,KODEX MSCI Korea,49660,2,460,0.93,49705.0,-27.297,4,0,298,2026-09-03 00:34:31
261250,7,KODEX 미국달러선물레버리지,15495,5,-115,-0.74,15499.0,-18.2509,71154,1099,298,2026-09-03 00:34:31
0204S0,1,TIGER 코스닥액티브,6530,5,-25,-0.38,6538.0,-26.1825,137687,898,296,2026-09-03 00:34:31
465660,4,TIGER 일본반도체FACTSET,22695,5,-120,-0.53,22930.0,-16.7274,2522,57,295,2026-09-03 00:34:31
252710,3,TIGER 200선물인버스2X,89,5,-1,-1.11,89.0,12.5,21474351,1905,293,2026-09-03 00:34:31
0083S0,4,1Q 미국메디컬AI,10430,2,50,0.48,10447.0,-1.8255,126,1,292,2026-09-03 00:34:31
0150K0,2,KoAct 수소전력ESS인프라액티브,10240,5,-90,-0.87,10254.0,-23.623,3529,36,292,2026-09-03 00:34:31
469790,2,KIWOOM 코리아테크TOP10,41600,2,255,0.62,41742.0,-29.0878,51,2,291,2026-09-03 00:34:31
289480,3,TIGER 200커버드콜,12540,2,75,0.6,12598.0,6.6378,1436,17,288,2026-09-03 00:34:31
0155M0,4,ACE 미국SMR원자력TOP10,6865,2,225,3.39,6819.0,-27.9045,23579,161,288,2026-09-03 00:34:31
145850,2,TREX 펀더멘탈 200,115225,3,0,0.0,116822.0,-21.2832,0,0,288,2026-09-03 00:34:31
0107F0,4,KIWOOM 미국고배당&AI테크,11255,2,105,0.94,11269.0,-7.4578,382,4,287,2026-09-03 00:34:31
0203S0,7,WON 삼성전자현대차채권혼합50,8510,2,10,0.12,8513.0,-19.9247,4900,41,285,2026-09-03 00:34:31
446690,4,KODEX 아시아AI반도체exChina액티브,56942,5,-258,-0.45,56949.0,-26.3386,1730,99,285,2026-09-03 00:34:31
415340,4,KODEX 차이나과창판STAR50(합성),13750,5,-115,-0.83,13788.0,-13.0176,3693,50,285,2026-09-03 00:34:31
464920,4,PLUS 일본반도체소부장,22735,3,0,0.0,22979.0,-11.0002,2436,55,284,2026-09-03 00:34:31
0218J0,7,RISE 미국우주&로봇TOP2미국채혼합50,8845,5,-60,-0.67,8872.0,,13605,120,283,2026-09-03 00:34:31
0155N0,2,HANARO K휴머노이드테마TOP10,7245,2,125,1.76,7256.0,-41.7349,2792,20,283,2026-09-03 00:34:31
450190,4,KODEX 한중반도체(합성),46750,5,-350,-0.74,46864.0,-20.7071,247,11,281,2026-09-03 00:34:31
0013R0,7,RISE 테슬라미국채타겟커버드콜혼합(합성),7700,5,-5,-0.06,7674.0,-14.8831,785,6,277,2026-09-03 00:34:31
223190,2,KODEX 200가치저변동,27625,2,160,0.58,27802.0,-20.9081,9,0,276,2026-09-03 00:34:31
0192M0,2,RISE 삼성전자단일종목레버리지,10200,2,30,0.29,10332.0,-65.0336,5638,58,275,2026-09-03 00:34:31
479850,2,HANARO K-뷰티,19545,2,20,0.1,19562.0,27.1572,15612,304,274,2026-09-03 00:34:31
387270,4,TIGER 글로벌이노베이션액티브,23580,2,60,0.26,23618.0,-24.3365,64,1,274,2026-09-03 00:34:31
489290,4,WON 미국빌리어네어,14665,2,110,0.76,14671.0,-13.2857,730,10,271,2026-09-03 00:34:31
475380,7,RISE 글로벌리얼티인컴,10215,5,-70,-0.68,10189.0,-8.3563,1336,13,271,2026-09-03 00:34:31
0049K0,7,ACE 미국배당퀄리티채권혼합50,11035,2,25,0.23,11036.0,-4.8282,1028,11,270,2026-09-03 00:34:31
493420,4,SOL 미국배당다우존스2호,12825,2,10,0.08,12788.0,-1.1266,221,2,269,2026-09-03 00:34:31
253250,3,KIWOOM 200선물레버리지,91905,2,1595,1.77,92118.0,-55.531,5154,477,267,2026-09-03 00:34:31
0137W0,4,KIWOOM 미국S&P500&GOLD,10240,2,50,0.49,10248.0,-9.3758,330,3,266,2026-09-03 00:34:31
494340,4,ACE 글로벌AI맞춤형반도체,17740,5,-50,-0.28,17746.0,-35.3562,44,0,266,2026-09-03 00:34:31
440340,7,TIGER 글로벌멀티에셋TIF액티브,11815,2,15,0.13,11803.0,-9.1975,1719,20,266,2026-09-03 00:34:31
167860,6,KIWOOM 국고채10년레버리지,91395,2,400,0.44,91342.0,-2.9801,1,0,265,2026-09-03 00:34:31
437350,6,RISE 미국단기투자등급회사채액티브,12015,5,-25,-0.21,12015.0,-9.8803,1654,19,264,2026-09-03 00:34:31
459790,4,KIWOOM 미국성장기업30액티브,19525,2,125,0.64,19481.0,-22.3535,22,0,264,2026-09-03 00:34:31
0152E0,2,SOL 배당성향탑픽액티브,10855,2,130,1.21,10862.0,-4.5902,1778,19,261,2026-09-03 00:34:31
261060,2,TIGER 코스닥150IT,22410,5,-170,-0.75,22447.0,-18.4102,5576,128,260,2026-09-03 00:34:31
0224X0,7,1Q 엔비디아알파벳미국채혼합50,9612,2,72,0.75,9614.0,,1527,14,260,2026-09-03 00:34:31
0166N0,1,PLUS 코스닥150액티브,7385,5,-135,-1.8,7386.0,-22.9114,3009,22,258,2026-09-03 00:34:31
0164G0,4,RISE 차이나AI반도체TOP4Plus,12275,2,30,0.24,12302.0,-23.5882,16,0,258,2026-09-03 00:34:31
0115C0,4,RISE 미국고배당다우존스TOP10,11145,2,30,0.27,11134.0,-4.1429,11689,130,256,2026-09-03 00:34:31
185680,4,KODEX 미국S&P바이오(합성),48015,2,520,1.09,48094.0,10.5048,107,5,255,2026-09-03 00:34:31
0103T0,2,1Q K소버린AI,8640,2,35,0.41,8650.0,-27.1381,5122,44,255,2026-09-03 00:34:31
245360,4,TIGER 차이나HSCEI,12085,5,-85,-0.7,12152.0,-11.5022,174,2,254,2026-09-03 00:34:31
368190,2,HANARO Fn K-뉴딜디지털플러스,7920,2,65,0.83,7958.0,-14.2468,264,2,253,2026-09-03 00:34:31
0223R0,4,TIGER 미국테크NYSE100액티브,8795,5,-5,-0.06,8776.0,,1621,14,253,2026-09-03 00:34:31
0097L0,7,KIWOOM 한국고배당&미국AI테크,12660,2,155,1.24,12662.0,-6.3727,1110,13,253,2026-09-03 00:34:31
0047R0,4,RISE 팔란티어고정테크100,14812,5,-173,-1.15,14844.0,-8.0594,4223,62,252,2026-09-03 00:34:31
277540,4,ACE 아시아TOP50,31410,2,115,0.37,31263.0,-18.076,45,1,251,2026-09-03 00:34:31
139250,2,TIGER 200 에너지화학,17425,5,-45,-0.26,17437.0,-11.8672,1695,29,251,2026-09-03 00:34:31
419430,4,KODEX 차이나2차전지MSCI(합성),8930,2,40,0.45,8871.0,-28.1036,96,0,250,2026-09-03 00:34:31
483570,4,KCGI 미국S&P500 TOP10,15595,2,105,0.68,15563.0,-12.2877,17,0,250,2026-09-03 00:34:31
414270,4,ACE 글로벌자율주행액티브,11500,2,70,0.61,11473.0,-24.2294,251,2,247,2026-09-03 00:34:31
225130,4,ACE 골드선물 레버리지(합성 H),48285,2,1330,2.83,48579.0,-12.65,4155,198,241,2026-09-03 00:34:31
295020,6,RISE 국채선물10년인버스,60865,5,-235,-0.38,60883.0,2.4222,1,0,241,2026-09-03 00:34:31
195970,4,PLUS 선진국MSCI(합성 H),16460,2,195,1.2,16463.0,1.9749,1194,19,240,2026-09-03 00:34:31
496120,1,ACE 코리아밸류업,31870,3,0,0.0,32375.0,-22.0497,0,0,239,2026-09-03 00:34:31
388280,2,RISE K엔터&여행레저,7175,2,80,1.13,7187.0,-10.4732,444,3,238,2026-09-03 00:34:31
0206G0,7,1Q 현대차기아채권혼합50,8050,2,15,0.19,8052.0,,22705,182,237,2026-09-03 00:34:31
456680,4,TIGER 차이나전기차레버리지(합성),5800,3,0,0.0,5832.0,-49.345,5,0,237,2026-09-03 00:34:31
0093D0,7,KoAct 팔란티어밸류체인액티브,16885,5,-75,-0.44,16641.0,-19.659,42967,722,236,2026-09-03 00:34:31
280930,4,KODEX 미국러셀2000(H),16715,2,240,1.46,16707.0,-0.1516,284,4,234,2026-09-03 00:34:31
289250,2,TIGER MSCI KOREA ESG유니버설,33865,2,475,1.42,33943.0,-24.035,21,0,234,2026-09-03 00:34:31
292500,1,SOL KRX300,46655,3,0,0.0,47233.0,-26.3426,0,0,233,2026-09-03 00:34:31
0153X0,4,PLUS 미국고배당주액티브,11370,2,10,0.09,11351.0,2.3462,1860,21,233,2026-09-03 00:34:31
481340,6,RISE 미국30년국채액티브,8465,2,20,0.24,8462.0,-13.6093,5730,48,233,2026-09-03 00:34:31
442550,7,RISE TDF2030액티브 적격,14525,2,80,0.55,14475.0,-7.6806,457,6,232,2026-09-03 00:34:31
159800,1,마이티 코스피100,82665,2,465,0.57,82883.0,-27.063,7,0,231,2026-09-03 00:34:31
292160,1,TIGER KRX300,46290,2,135,0.29,46366.0,-25.8973,5289,244,231,2026-09-03 00:34:31
138230,7,KIWOOM 미국달러선물,15940,5,-60,-0.37,15963.0,-9.2971,72,1,231,2026-09-03 00:34:31
367740,2,HANARO Fn5G산업,41970,2,60,0.14,41867.0,-21.5756,1,0,231,2026-09-03 00:34:31
465670,4,TIGER 미국캐시카우100,17090,2,55,0.32,16970.0,2.0395,4393,75,231,2026-09-03 00:34:31
300950,2,KODEX 게임산업,5490,2,30,0.55,5491.0,-18.2635,7263,39,231,2026-09-03 00:34:31
461450,1,KODEX 코스닥글로벌,15165,5,-160,-1.04,15169.0,-13.9045,431,6,227,2026-09-03 00:34:31
204450,4,KODEX 차이나H레버리지(H),2335,2,25,1.08,2329.0,-8.3334,9606,22,226,2026-09-03 00:34:31
0198D0,2,1Q SK하이닉스선물단일종목레버리지,8130,2,80,0.99,8184.0,-72.4174,16583,138,226,2026-09-03 00:34:31
364690,1,KODEX 혁신기술테마액티브,37615,2,475,1.28,37462.0,-27.4064,12,0,226,2026-09-03 00:34:31
471460,6,KIWOOM 국고채30년액티브,45115,2,195,0.43,44998.0,-7.5465,74,3,226,2026-09-03 00:34:31
269420,4,KODEX S&P글로벌인프라(합성),21730,5,-100,-0.46,21670.0,-9.3251,561,12,224,2026-09-03 00:34:31
477730,4,KODEX 인도타타그룹,7435,2,50,0.68,7423.0,-9.9713,205,1,223,2026-09-03 00:34:31
438320,4,TIGER 차이나항셍테크레버리지(합성 H),5115,2,115,2.3,5048.0,-26.4165,42,0,221,2026-09-03 00:34:31
461600,6,SOL 미국30년국채액티브(H),8325,2,50,0.6,8320.0,-4.058,394,3,221,2026-09-03 00:34:31
0047P0,4,RISE 테슬라고정테크100,14210,5,-5,-0.04,14230.0,-14.0274,52,0,220,2026-09-03 00:34:31
239660,6,PLUS 우량회사채50,121750,2,65,0.05,121745.0,0.7326,289,35,219,2026-09-03 00:34:31
0065G0,4,KODEX 차이나테크TOP10,8515,3,0,0.0,8514.0,-19.0695,935,7,217,2026-09-03 00:34:31
0026E0,4,KODEX 미국S&P500버퍼3월액티브,11580,3,0,0.0,11623.0,-7.36,9,0,214,2026-09-03 00:34:31
0067V0,4,TIGER 차이나글로벌리더스TOP3+,9705,2,35,0.36,9782.0,-18.4998,286,2,214,2026-09-03 00:34:31
447660,7,PLUS 애플채권혼합,13730,5,-15,-0.11,13749.0,-0.0052,2800,38,213,2026-09-03 00:34:31
411540,1,SOL 200 Top10,16365,2,15,0.09,16377.0,-25.291,49,0,213,2026-09-03 00:34:31
464600,2,SOL 자동차소부장Fn,22360,3,0,0.0,22407.0,-38.7482,107,2,212,2026-09-03 00:34:31
433220,4,에셋플러스 글로벌대장장이액티브,28695,2,195,0.68,28627.0,-23.1392,6,0,212,2026-09-03 00:34:31
376410,2,TIGER 탄소효율그린뉴딜,23560,2,80,0.34,23605.0,-23.8171,24,0,212,2026-09-03 00:34:31
469160,4,ACE 일본반도체,23450,2,30,0.13,23575.0,-22.7063,249,5,211,2026-09-03 00:34:31
375760,2,HANARO 탄소효율그린뉴딜,23410,3,0,0.0,23502.0,-24.7718,3,0,211,2026-09-03 00:34:31
300640,2,RISE 게임테마,6470,5,-5,-0.08,6467.0,-11.3621,1642,10,210,2026-09-03 00:34:31
253290,7,RISE 헬스케어채권혼합,11680,5,-25,-0.21,11746.0,-2.4941,36,0,210,2026-09-03 00:34:31
371450,4,TIGER 글로벌클라우드컴퓨팅INDXX,13455,5,-40,-0.3,13266.0,-6.3498,17507,234,210,2026-09-03 00:34:31
364990,2,TIGER 게임TOP10,4750,2,30,0.64,4754.0,-21.0042,10521,49,209,2026-09-03 00:34:31
0177A0,2,WON 두산그룹포커스,8340,5,-25,-0.3,8340.0,-38.4927,1931,16,209,2026-09-03 00:34:31
108590,1,TREX 200,103980,2,805,0.78,104246.0,-26.9539,1,0,208,2026-09-03 00:34:31
463300,4,RISE 중국본토CSI300,12920,5,-115,-0.88,12996.0,-13.8638,19,0,207,2026-09-03 00:34:31
217770,5,TIGER 원유선물인버스(H),1176,2,3,0.26,1173.0,-10.115,24040,28,206,2026-09-03 00:34:31
0127R0,4,RISE 미국AI클라우드인프라,15225,2,160,1.06,15273.0,-30.5033,1340,20,206,2026-09-03 00:34:31
417630,2,TIGER KEDI혁신기업ESG30,19575,2,150,0.77,19592.0,-13.3393,68,1,206,2026-09-03 00:34:31
152380,6,KODEX 국채선물10년,64605,2,150,0.23,64639.0,-1.2865,209,13,205,2026-09-03 00:34:31
226980,1,KODEX 200 중소형,22650,2,20,0.09,22895.0,-12.6503,754,17,204,2026-09-03 00:34:31
0198B0,2,1Q 삼성전자선물단일종목레버리지,10500,2,80,0.77,10543.0,-65.6333,760,8,204,2026-09-03 00:34:31
169950,4,KODEX 차이나A50,25430,2,200,0.79,25316.0,-14.5036,11,0,203,2026-09-03 00:34:31
0186L0,4,KoAct 미국로봇피지컬AI액티브,8840,5,-60,-0.67,8789.0,-24.4803,1244,11,203,2026-09-03 00:34:31
091220,2,TIGER 은행,17815,2,750,4.39,17801.0,11.9831,52977,936,203,2026-09-03 00:34:31
284980,2,RISE 200금융,23475,2,815,3.6,23492.0,-0.9977,6260,144,202,2026-09-03 00:34:31
497780,4,KoAct 미국천연가스인프라액티브,10590,5,-50,-0.47,10576.0,-5.3286,9459,100,201,2026-09-03 00:34:31
437070,6,KODEX 아시아달러채권ESG플러스액티브,58110,5,-145,-0.25,58141.0,-10.7242,203,11,201,2026-09-03 00:34:31
416090,4,ACE 중국과창판STAR50,12550,2,90,0.72,12439.0,-15.8393,614,7,201,2026-09-03 00:34:31
489000,6,PLUS 일본엔화초단기국채(합성),9080,3,0,0.0,9080.0,-9.4265,21797,197,200,2026-09-03 00:34:31
337120,2,KODEX 멀티팩터,33290,2,140,0.42,33278.0,-25.019,1,0,200,2026-09-03 00:34:31
0231Z0,7,KODEX 코리아TDF2065액티브 적격,9880,2,40,0.41,9891.0,,1407,13,198,2026-09-03 00:34:31
0234N0,2,KIWOOM 삼성SK그룹TOP4+,9735,2,60,0.62,9759.0,,23602,229,195,2026-09-03 00:34:31
0192S0,7,SOL 코스피200채권혼합50,9265,2,35,0.38,9279.0,-13.6264,108132,1003,195,2026-09-03 00:34:31
213630,4,PLUS 미국다우존스고배당주(합성 H),21080,2,215,1.03,21162.0,5.4054,429,9,194,2026-09-03 00:34:31
304770,1,HANARO 코스닥150,13575,5,-65,-0.48,13613.0,-24.2012,3548,48,193,2026-09-03 00:34:31
289040,2,KODEX MSCI KOREA ESG유니버설,32015,3,0,0.0,32560.0,-23.5222,0,0,192,2026-09-03 00:34:31
487950,4,KODEX 대만테크고배당다우존스,13240,2,50,0.38,13170.0,-14.6944,1519,19,192,2026-09-03 00:34:31
0203R0,6,WON 중단기종합채권(A-이상)액티브,50450,3,0,0.0,50465.0,0.9908,0,0,192,2026-09-03 00:34:31
0104P0,2,TIGER 코리아배당다우존스위클리커버드콜,11235,2,290,2.65,11281.0,-6.2961,14960,167,191,2026-09-03 00:34:31
379790,4,RISE 유로스탁스50(H),17330,2,140,0.81,17282.0,5.0157,9949,172,191,2026-09-03 00:34:31
404120,2,TIME K신재생에너지액티브,23740,2,55,0.23,23797.0,-26.0653,24,0,190,2026-09-03 00:34:31
445910,2,TIGER MKF배당귀족,20890,2,240,1.16,20902.0,-7.0707,96,1,188,2026-09-03 00:34:31
0190M0,4,KIWOOM 미국AI테크하이베타,7605,2,80,1.06,7602.0,-35.1014,1020,7,186,2026-09-03 00:34:31
0144M0,4,KODEX 미국드론UAM TOP10,6740,2,55,0.82,6738.0,-32.7803,1842,12,185,2026-09-03 00:34:31
404260,2,KODEX 기후변화솔루션,23015,2,15,0.07,23101.0,-26.7699,45,1,184,2026-09-03 00:34:31
276000,4,TIGER 글로벌자원생산기업(합성 H),21640,2,525,2.49,21619.0,3.6573,31,0,184,2026-09-03 00:34:31
407310,1,HANARO 200 TOP10,15990,5,-15,-0.09,16034.0,-25.3147,43,0,184,2026-09-03 00:34:31
228820,1,TIGER KTOP30,18325,2,155,0.85,18339.0,-25.3884,260,4,183,2026-09-03 00:34:31
0105D0,2,SOL 한국AI소프트웨어,9560,2,60,0.63,9578.0,-30.1728,10254,97,182,2026-09-03 00:34:31
229720,1,KODEX KTOP30,36310,2,130,0.36,36340.0,-25.7881,23,0,182,2026-09-03 00:34:31
304760,1,HANARO KRX300,45290,2,10,0.02,45470.0,-26.5232,37,1,181,2026-09-03 00:34:31
183710,7,RISE 주식혼합,90485,2,350,0.39,90380.0,-20.6209,3,0,181,2026-09-03 00:34:31
460660,4,RISE 미국S&P배당킹,11860,2,80,0.68,11813.0,0.3352,813,9,178,2026-09-03 00:34:31
445690,2,BNK 주주가치액티브,29630,2,40,0.14,29732.0,-18.5858,9,0,178,2026-09-03 00:34:31
0018Z0,4,RISE 미국양자컴퓨팅,16915,5,-45,-0.27,17005.0,-29.0464,15950,269,178,2026-09-03 00:34:31
449580,7,RISE 테슬라애플아마존채권혼합,16080,3,0,0.0,16087.0,-5.0261,6087,97,177,2026-09-03 00:34:31
461900,4,PLUS 미국테크TOP10,22085,2,120,0.55,22020.0,-13.4896,59,1,177,2026-09-03 00:34:31
195920,4,TIGER 일본TOPIX(합성 H),35335,2,55,0.16,35422.0,5.2662,5,0,177,2026-09-03 00:34:31
385600,2,ACE 2차전지&친환경차액티브,11730,2,50,0.43,11737.0,-30.7237,124,1,176,2026-09-03 00:34:31
461910,4,PLUS 미국테크TOP10레버리지(합성),35155,2,205,0.59,35331.0,-27.6398,39,1,176,2026-09-03 00:34:31
468370,6,KODEX iShares미국인플레이션국채액티브,10490,5,-15,-0.14,10480.0,-11.0762,1246,13,175,2026-09-03 00:34:31
415760,4,SOL 차이나육성산업액티브(합성),12730,5,-80,-0.62,12821.0,-12.4402,621,7,173,2026-09-03 00:34:31
0086C0,7,TIGER 리츠부동산인프라10채권혼합액티브,9880,2,60,0.61,9895.0,0.8085,2396,23,173,2026-09-03 00:34:31
225060,4,TIGER 이머징마켓MSCI레버리지(합성 H),16185,3,0,0.0,16318.0,-10.0834,0,0,172,2026-09-03 00:34:31
227830,1,PLUS 코스피,68380,2,845,1.25,68472.0,-25.6157,4,0,171,2026-09-03 00:34:31
457690,6,KODEX 33-06 국고채액티브,10455,2,20,0.19,10460.0,-0.4769,30330,316,169,2026-09-03 00:34:31
289260,2,TIGER MSCI KOREA ESG리더스,28050,2,340,1.23,28204.0,-20.3393,10,0,168,2026-09-03 00:34:31
474920,4,에셋플러스 차이나일등기업포커스10액티브,17905,5,-15,-0.08,17902.0,-9.5407,10,0,168,2026-09-03 00:34:31
219390,4,RISE 미국S&P원유생산기업(합성 H),8405,5,-15,-0.18,8484.0,13.7837,13560,114,168,2026-09-03 00:34:31
250730,4,RISE 차이나HSCEI(H),9845,2,30,0.31,10008.0,-2.5323,549,5,167,2026-09-03 00:34:31
483330,4,ACE 마이크로소프트밸류체인액티브,14505,5,-5,-0.03,14358.0,-15.0966,3308,47,167,2026-09-03 00:34:31
477490,4,에셋플러스 글로벌일등기업포커스10액티브,18485,2,30,0.16,18470.0,-18.503,7,0,166,2026-09-03 00:34:31
292050,1,RISE KRX300,47505,2,680,1.45,47485.0,-26.8417,11,0,166,2026-09-03 00:34:31
236350,4,TIGER 인도니프티50레버리지(합성),26720,5,-5,-0.02,26599.0,-15.946,7,0,166,2026-09-03 00:34:31
332620,6,PLUS 미국장기우량회사채,86805,5,-25,-0.03,86901.0,-13.6563,11,0,162,2026-09-03 00:34:31
391670,1,HK 베스트일레븐액티브,27040,2,140,0.52,27084.0,-29.3593,1,0,162,2026-09-03 00:34:31
494420,2,PLUS 미국배당증가성장주데일리커버드콜,8990,5,-30,-0.33,8949.0,-6.6953,1683,15,162,2026-09-03 00:34:31
131890,2,ACE 삼성그룹동일가중,40430,2,430,1.08,40446.0,-13.6722,80,3,162,2026-09-03 00:34:31
438900,2,HANARO Fn K-푸드,11955,5,-30,-0.25,11953.0,8.4628,7201,85,161,2026-09-03 00:34:31
0223A0,2,RISE 코스닥커버드콜액티브,9972,5,-163,-1.61,9989.0,,16629,167,160,2026-09-03 00:34:31
419650,4,PLUS 글로벌수소&차세대연료전지,4890,5,-85,-1.71,4829.0,-36.1361,630,3,159,2026-09-03 00:34:31
291130,4,ACE MSCI멕시코(합성),17610,3,0,0.0,17887.0,-11.7957,17,0,158,2026-09-03 00:34:31
0193K0,2,PLUS 삼성전자단일종목레버리지,11120,3,0,0.0,11208.0,-64.0537,11,0,158,2026-09-03 00:34:31
265690,4,ACE 러시아MSCI(합성),8535,3,0,0.0,48.0,0.0,0,0,158,2026-09-03 00:34:31
432840,4,HANARO 미국S&P500,19445,2,15,0.08,19450.0,-8.858,311,6,156,2026-09-03 00:34:31
491510,2,파워 K-주주가치액티브,18175,2,335,1.88,18258.0,-3.099,67,1,154,2026-09-03 00:34:31
453630,4,KODEX 미국S&P500필수소비재,12285,2,15,0.12,12300.0,-5.1861,967,11,154,2026-09-03 00:34:31
114460,6,ACE 국고채3년,100680,2,110,0.11,100668.0,0.5474,16,1,151,2026-09-03 00:34:31
130680,5,TIGER 원유선물Enhanced(H),7480,5,-10,-0.13,7493.0,4.3175,3865,28,150,2026-09-03 00:34:31
337150,2,KODEX 200exTOP,24880,2,200,0.81,25100.0,-19.1206,3,0,149,2026-09-03 00:34:31
272570,6,RISE 중장기국공채액티브,107810,2,140,0.13,107801.0,0.2607,1,0,149,2026-09-03 00:34:31
0207Z0,4,KIWOOM 미국우주데이터센터인프라,6735,2,85,1.28,6735.0,,1998,13,148,2026-09-03 00:34:31
104520,2,KIWOOM 블루칩,14770,2,135,0.92,14895.0,-16.3413,2,0,148,2026-09-03 00:34:31
453010,7,PLUS KOFR금리,109865,5,-5,0.0,109872.0,0.6642,116,12,147,2026-09-03 00:34:31
413930,2,WON AI ESG액티브,26685,2,180,0.68,26798.0,-26.0257,35,0,147,2026-09-03 00:34:31
453820,4,KODEX 인도Nifty50레버리지(합성),11165,3,0,0.0,11130.0,-14.8036,0,0,145,2026-09-03 00:34:31
266410,2,KODEX 필수소비재,10275,2,130,1.28,10266.0,9.752,4808,49,144,2026-09-03 00:34:31
488290,4,MIDAS 일본테크액티브,40980,5,-140,-0.34,41569.0,-20.8546,1361,55,143,2026-09-03 00:34:31
387280,2,TIGER 퓨처모빌리티액티브,11290,2,65,0.58,11334.0,-33.4421,207,2,143,2026-09-03 00:34:31
0222F0,2,마이티 AI데이터센터밸류체인,12420,5,-45,-0.36,12438.0,,10,0,143,2026-09-03 00:34:31
0153P0,2,ACE 리츠부동산인프라액티브,9660,2,210,2.22,9662.0,3.8064,22,0,140,2026-09-03 00:34:31
137610,5,TIGER 농산물선물Enhanced(H),6070,2,60,1.0,6078.0,13.5033,1877,11,140,2026-09-03 00:34:31
0013P0,4,RISE 미국은행TOP10,12690,5,-10,-0.08,12712.0,1.7322,1211,15,140,2026-09-03 00:34:31
234310,2,RISE V&S셀렉트밸류,27850,2,285,1.03,28010.0,-19.1998,16,0,139,2026-09-03 00:34:31
404650,2,SOL KRX기후변화솔루션,23090,2,190,0.83,22911.0,-27.591,54,1,139,2026-09-03 00:34:31
0090B0,2,PLUS K방산소부장,6425,5,-75,-1.15,6437.0,-33.7073,2872,18,138,2026-09-03 00:34:31
0222D0,2,KoAct 고배당액티브,10575,2,145,1.39,10577.0,,10892,114,137,2026-09-03 00:34:31
244620,2,KODEX 모멘텀Plus,19615,2,25,0.13,19615.0,-17.3941,3,0,137,2026-09-03 00:34:31
0220A0,7,KIWOOM 현대차그룹TOP3채권혼합50,9120,5,-5,-0.05,9143.0,,2577,23,137,2026-09-03 00:34:31
266390,2,KODEX 경기소비재,15175,2,40,0.26,15185.0,-18.5951,2036,30,137,2026-09-03 00:34:31
373490,2,KODEX 코리아혁신성장액티브,24770,2,380,1.56,24557.0,-29.7119,4,0,136,2026-09-03 00:34:31
484890,6,SOL 머니마켓액티브,52550,2,20,0.04,52544.0,0.6707,5231,274,136,2026-09-03 00:34:31
0004G0,4,1Q 미국배당TOP30,9010,2,25,0.28,8999.0,-3.4572,143,1,135,2026-09-03 00:34:31
0051A0,4,KoAct 브로드컴밸류체인액티브,22525,2,160,0.72,22585.0,-21.7323,482,10,135,2026-09-03 00:34:31
0028X0,4,KODEX 미국금융테크액티브,11735,2,185,1.6,11759.0,-1.4982,978,11,135,2026-09-03 00:34:31
0216Z0,2,ACE K방산TOP5+,8130,5,-65,-0.79,8150.0,,5827,47,134,2026-09-03 00:34:31
0088N0,2,WON K-글로벌수급상위,10720,5,-85,-0.79,10713.0,-14.4159,503,5,134,2026-09-03 00:34:31
290080,3,RISE 200고배당커버드콜ATM,7620,2,85,1.13,7692.0,28.5169,1839,13,133,2026-09-03 00:34:31
0127V0,4,KIWOOM 미국S&P500 TOP10&배당다우비중전환,10625,2,55,0.52,10623.0,-9.9816,81,0,133,2026-09-03 00:34:31
485810,4,TIME 글로벌바이오액티브,11500,2,50,0.44,11483.0,9.2036,617,7,132,2026-09-03 00:34:31
496130,1,TRUSTON 코리아밸류업액티브,24465,3,0,0.0,24942.0,-24.8388,0,0,132,2026-09-03 00:34:31
189400,4,PLUS 글로벌MSCI(합성 H),25895,2,280,1.09,25845.0,-0.447,4,0,132,2026-09-03 00:34:31
0127T0,4,KIWOOM 미국S&P500&배당다우존스비중전환,10955,2,25,0.23,10948.0,-7.3982,78,0,131,2026-09-03 00:34:31
252650,1,KODEX 200동일가중,18660,2,135,0.73,18714.0,-10.1338,1018,18,131,2026-09-03 00:34:31
472720,1,TRUSTON 주주가치액티브,24960,2,55,0.22,25026.0,-19.881,8,0,130,2026-09-03 00:34:31
102960,2,KODEX 기계장비,12945,5,-55,-0.42,12959.0,-26.8842,1625,21,129,2026-09-03 00:34:31
417450,4,RISE 글로벌수소경제,15200,5,-200,-1.3,15058.0,-30.1648,17,0,129,2026-09-03 00:34:31
300610,2,TIGER K게임,5430,5,-25,-0.46,5438.0,-11.9452,79,0,128,2026-09-03 00:34:31
410870,2,TIME K컬처액티브,9800,2,55,0.56,9803.0,-9.0952,250,2,127,2026-09-03 00:34:31
428560,4,KODEX 미국ETF산업Top10 Indxx,15925,5,-235,-1.45,15898.0,-4.2013,85,1,127,2026-09-03 00:34:31
360150,2,KODEX 코스닥150롱코스피200숏선물,3105,5,-45,-1.43,3100.0,-2.7778,860,2,127,2026-09-03 00:34:31
0104G0,2,PLUS K방산레버리지,5290,5,-40,-0.75,5311.0,-48.1266,5533,29,127,2026-09-03 00:34:31
448490,6,HANARO 32-10 국고채액티브,52710,2,160,0.3,52698.0,-1.3609,23745,1250,127,2026-09-03 00:34:31
0084E0,7,KIWOOM 미국대형주500월간목표헤지액티브,10085,3,0,0.0,10043.0,-10.4944,0,0,126,2026-09-03 00:34:31
279540,2,KODEX 최소변동성,20920,2,195,0.94,20989.0,-18.0483,113,2,126,2026-09-03 00:34:31
0015F0,7,KIWOOM 팔란티어미국30년국채혼합액티브(H),10437,5,-108,-1.02,10435.0,1.9027,4736,49,125,2026-09-03 00:34:31
435040,4,ACE 글로벌브랜드TOP10,19205,2,10,0.05,19184.0,-7.5749,327,6,125,2026-09-03 00:34:31
396510,4,TIGER 차이나클린에너지SOLACTIVE,6930,3,0,0.0,6961.0,-26.8988,6,0,125,2026-09-03 00:34:31
363510,6,SOL KIS단기통안채,112170,3,0,0.0,112191.0,0.6054,0,0,125,2026-09-03 00:34:31
251590,2,PLUS 고배당저변동50,17590,2,260,1.5,17590.0,0.5639,284,4,123,2026-09-03 00:34:31
435550,7,KIWOOM TDF2050액티브 적격,17517,5,-18,-0.1,17542.0,-10.8748,66,1,123,2026-09-03 00:34:31
453060,6,HANARO KOFR금리액티브(합성),111450,2,30,0.03,111419.0,0.6776,1,0,123,2026-09-03 00:34:31
489860,4,KIWOOM 글로벌전력GRID인프라,14355,5,-105,-0.73,14354.0,-17.5662,118,1,122,2026-09-03 00:34:31
0208N0,1,IBK 코스피액티브,7320,2,115,1.6,7280.0,,10,0,121,2026-09-03 00:34:31
400570,4,KODEX 유럽탄소배출권선물ICE(H),11500,5,-20,-0.17,11591.0,6.4203,666,7,121,2026-09-03 00:34:31
409810,4,KODEX 미국나스닥100선물인버스(H),5610,5,-25,-0.44,5598.0,4.9348,8600,48,121,2026-09-03 00:34:31
140580,2,RISE 우량업종대표주,24010,2,140,0.59,24081.0,-19.3582,3,0,120,2026-09-03 00:34:31
457700,6,KODEX 53-09 국고채액티브,9075,2,15,0.17,9076.0,-6.6942,62,0,120,2026-09-03 00:34:31
332610,6,PLUS 미국단기회사채(AAA~A),123740,5,-585,-0.47,123848.0,-9.2248,280,34,119,2026-09-03 00:34:31
0000H0,2,KODEX 인도Nifty미드캡100,10320,2,35,0.34,10312.0,-6.9632,311,3,119,2026-09-03 00:34:31
453660,4,KODEX 미국S&P500경기소비재,16860,2,35,0.21,16914.0,-12.4002,131,2,118,2026-09-03 00:34:31
0113G0,4,KoAct 미국바이오헬스케어액티브,11740,2,110,0.95,11750.0,13.8521,830,9,117,2026-09-03 00:34:31
282000,3,RISE 국고채3년선물인버스,114835,5,-130,-0.11,114871.0,0.3447,1,0,117,2026-09-03 00:34:31
487750,2,BNK 온디바이스AI,29200,5,-250,-0.85,29268.0,-30.8036,20,0,117,2026-09-03 00:34:31
269530,4,PLUS S&P글로벌인프라,19450,5,-140,-0.71,19432.0,-9.3897,113,2,117,2026-09-03 00:34:31
269370,4,TIGER S&P글로벌인프라(합성),16670,5,-385,-2.26,16679.0,-8.7906,1,0,117,2026-09-03 00:34:31
0194R0,2,KIWOOM SK하이닉스선물단일종목레버리지,7650,2,75,0.99,7707.0,-70.7005,4,0,117,2026-09-03 00:34:31
166400,3,TIGER 200커버드콜OTM,23170,2,105,0.46,23305.0,-3.9327,35,0,116,2026-09-03 00:34:31
354240,7,RISE 미국고정배당우선증권,10450,2,125,1.21,10357.0,-12.685,184,1,115,2026-09-03 00:34:31
404540,2,TIGER KRX기후변화솔루션,22945,5,-220,-0.95,23106.0,-26.613,4747,109,115,2026-09-03 00:34:31
451600,6,PLUS 국고채30년액티브,83265,3,0,0.0,83534.0,-7.3753,0,0,114,2026-09-03 00:34:31
395760,2,PLUS ESG성장주액티브,20550,2,90,0.44,20566.0,-23.6283,3,0,113,2026-09-03 00:34:31
0193L0,2,PLUS 삼성전자선물단일종목인버스2X,9880,5,-140,-1.4,9887.0,-20.8844,84364,823,113,2026-09-03 00:34:31
430500,7,KIWOOM 물가채KIS,111935,3,0,0.0,112210.0,-1.3572,0,0,112,2026-09-03 00:34:31
0221Z0,2,ACE K바이오코스닥액티브,10170,5,-80,-0.78,10167.0,,332,3,112,2026-09-03 00:34:31
140710,2,KODEX 운송,6560,2,115,1.78,6568.0,1.8376,6526,42,112,2026-09-03 00:34:31
464610,2,SOL 의료기기소부장Fn,7375,5,-35,-0.47,7379.0,-13.1811,656,4,111,2026-09-03 00:34:31
0008E0,4,ACE 미국중심중소형제조업,11580,2,50,0.43,11576.0,-24.5419,20,0,110,2026-09-03 00:34:31
407820,2,에셋플러스 코리아플랫폼액티브,6030,2,5,0.08,6015.0,-21.0354,2,0,109,2026-09-03 00:34:31
0002C0,4,에셋플러스 인도일등기업포커스20액티브,10035,2,75,0.75,10034.0,0.4032,5,0,108,2026-09-03 00:34:31
451150,4,에셋플러스 글로벌영에이지액티브,17415,2,155,0.9,17327.0,-9.134,2,0,108,2026-09-03 00:34:31
463640,4,KODEX 미국S&P500유틸리티,13485,5,-55,-0.41,13436.0,-9.6748,719,9,108,2026-09-03 00:34:31
446700,2,RISE 배터리 리사이클링,10315,5,-55,-0.53,10320.0,-18.1209,133,1,107,2026-09-03 00:34:31
139240,2,TIGER 200 철강소재,10940,2,65,0.6,10966.0,-13.0696,133,1,107,2026-09-03 00:34:31
385710,2,TIME K이노베이션액티브,10715,5,-10,-0.09,10729.0,-26.7669,3328,35,107,2026-09-03 00:34:31
310080,4,RISE 중국MSCI China(H),9300,2,105,1.14,9270.0,-5.0104,497,4,107,2026-09-03 00:34:31
0093B0,4,RISE 엔비디아고정테크100,12500,2,100,0.81,12465.0,-12.637,463,5,106,2026-09-03 00:34:31
371870,4,ACE 차이나항셍테크,6620,2,35,0.53,6583.0,-21.2321,366,2,106,2026-09-03 00:34:31
0203D0,7,PLUS 200위클리커버드콜채권혼합,8815,2,25,0.28,8837.0,-13.9116,1583,13,106,2026-09-03 00:34:31
0189Z0,2,DAISHIN 금융&지주고배당,10480,2,100,0.96,10623.0,,5,0,105,2026-09-03 00:34:31
419420,4,KODEX 미국클린에너지나스닥,8725,2,125,1.45,8690.0,-33.2189,253,2,105,2026-09-03 00:34:31
0068M0,4,KODEX 미국S&P500버퍼6월액티브,11630,5,-20,-0.17,11657.0,-5.9769,95,1,105,2026-09-03 00:34:31
0094L0,4,RISE 차이나테크TOP10위클리타겟커버드콜,7440,2,90,1.22,7297.0,-18.3597,584,4,104,2026-09-03 00:34:31
237440,7,TIGER 경기방어채권혼합,10355,2,85,0.83,10340.0,0.391,4345,44,104,2026-09-03 00:34:31
280920,2,PLUS 주도업종,22730,2,160,0.71,22814.0,-28.7001,2,0,102,2026-09-03 00:34:31
498050,2,HANARO 바이오코리아액티브,10680,5,-65,-0.6,10672.0,-18.1022,279,2,101,2026-09-03 00:34:31
0191S0,1,IBK 코스닥150,13685,5,-260,-1.86,13719.0,-22.6782,294,4,101,2026-09-03 00:34:31
0001P0,2,마이티 바이오시밀러&CDMO액티브,9040,5,-70,-0.77,9074.0,-14.9394,238,2,101,2026-09-03 00:34:31
140570,2,RISE 수출주,25210,2,95,0.38,25350.0,-21.0841,11,0,101,2026-09-03 00:34:31
181480,7,ACE 미국부동산리츠(합성 H),83935,3,0,0.0,83685.0,2.1902,3,0,101,2026-09-03 00:34:31
461580,1,TIGER 코스닥글로벌,15495,5,-175,-1.12,15489.0,-14.1606,161,2,101,2026-09-03 00:34:31
460270,6,KIWOOM 미국달러SOFR금리액티브(합성),12410,5,-40,-0.32,12405.0,-8.7578,11,0,101,2026-09-03 00:34:31
0067Y0,4,TIGER 차이나AI소프트웨어,10545,2,10,0.09,10526.0,-24.8574,2815,29,100,2026-09-03 00:34:31
0120J0,2,BNK 카카오그룹포커스,8010,2,120,1.52,8025.0,-7.9347,5802,46,100,2026-09-03 00:34:31
0233N0,4,RISE 글로벌AI낸드메모리반도체,9985,2,85,0.86,10033.0,,5879,58,100,2026-09-03 00:34:31
174350,2,TIGER 로우볼,21700,2,455,2.14,21705.0,3.3941,786,16,100,2026-09-03 00:34:31
456250,4,KODEX 유럽명품TOP10 STOXX,8680,5,-40,-0.46,8679.0,-9.1559,231,2,100,2026-09-03 00:34:31
487910,4,ACE 인도컨슈머파워액티브,8265,2,55,0.67,8250.0,-5.2511,56,0,99,2026-09-03 00:34:31
281990,2,RISE 중소형고배당,17920,2,100,0.56,17939.0,-0.0635,105,1,99,2026-09-03 00:34:31
354350,4,HANARO 글로벌럭셔리S&P(합성),18875,2,185,0.99,18885.0,-13.0294,45,0,98,2026-09-03 00:34:31
252000,1,TIGER 200동일가중,19500,2,215,1.11,19598.0,-10.8135,23,0,98,2026-09-03 00:34:31
463690,4,KODEX 미국S&P500커뮤니케이션,17585,2,205,1.18,17702.0,-13.6853,303,5,97,2026-09-03 00:34:31
117690,4,TIGER 차이나항셍30,19340,3,0,0.0,19414.0,-12.8437,119,2,97,2026-09-03 00:34:31
227570,2,TIGER 우량가치,21400,2,90,0.42,21440.0,-4.951,3213,68,96,2026-09-03 00:34:31
429010,4,TIGER 미국나스닥넥스트100,19260,5,-15,-0.08,19225.0,-11.5826,8,0,96,2026-09-03 00:34:31
230480,7,KIWOOM 미국달러선물인버스2X,4770,2,40,0.85,4771.0,22.3803,1368,6,96,2026-09-03 00:34:31
0174R0,4,KIWOOM 미국성장다우존스,11185,2,75,0.68,11151.0,-10.5766,116,1,95,2026-09-03 00:34:31
266550,2,PLUS 중형주저변동50,18905,2,150,0.8,18933.0,1.3509,1,0,95,2026-09-03 00:34:31
0226G0,2,WON 피지컬AI TOP2플러스액티브,11735,2,30,0.26,11759.0,,3223,37,94,2026-09-03 00:34:31
341850,7,TIGER 리츠부동산인프라채권,4630,2,75,1.65,4632.0,2.5709,3505,16,93,2026-09-03 00:34:31
494180,4,TIME 글로벌소비트렌드액티브,13200,2,85,0.65,13193.0,-10.1713,58,0,92,2026-09-03 00:34:31
482030,2,KoAct 반도체&2차전지핵심소재액티브,8765,5,-105,-1.18,8772.0,-23.2699,189,1,92,2026-09-03 00:34:31
497510,4,ACE 글로벌빅파마,13050,2,45,0.35,13060.0,2.3614,128,1,91,2026-09-03 00:34:31
0133E0,4,TIGER 차이나증권,8640,3,0,0.0,8685.0,-3.0847,6,0,91,2026-09-03 00:34:31
105010,4,TIGER 라틴35,6465,2,150,2.38,6442.0,-9.4232,5369,34,91,2026-09-03 00:34:31
399580,4,RISE 글로벌클린에너지,8980,2,80,0.9,8990.0,-32.892,73,0,90,2026-09-03 00:34:31
0224D0,4,KIWOOM 미국CPU반도체TOP4+,8955,2,65,0.73,8995.0,,40,0,90,2026-09-03 00:34:31
301400,1,PLUS 코스닥150,13695,5,-80,-0.58,13738.0,-24.2924,34,0,89,2026-09-03 00:34:31
0084D0,7,KIWOOM 미국테크100월간목표헤지액티브,11110,5,-80,-0.71,11092.0,-13.3391,3,0,89,2026-09-03 00:34:31
215620,2,HK S&P코리아로우볼,16455,2,10,0.06,16528.0,3.4276,5,0,89,2026-09-03 00:34:31
449680,7,TIGER 한중전기차(합성),10425,3,0,0.0,10417.0,-30.1742,2,0,89,2026-09-03 00:34:31
395150,2,KODEX 웹툰&드라마,1844,2,12,0.66,1846.0,-14.7907,25132,45,89,2026-09-03 00:34:31
0214M0,2,MIDAS 바이오헬스케어액티브,10355,5,-105,-1.0,10422.0,,151,1,88,2026-09-03 00:34:31
0227K0,4,RISE 미국우주위성통신,8775,2,60,0.69,8831.0,,50,0,88,2026-09-03 00:34:31
0184N0,7,PLUS 은채권혼합,8755,2,80,0.92,8773.0,-11.8843,326,2,88,2026-09-03 00:34:31
466810,2,BNK 2차전지양극재,5785,5,-45,-0.77,5785.0,-21.1097,2122,12,87,2026-09-03 00:34:31
217780,4,TIGER 차이나CSI300인버스(합성),5570,2,20,0.36,5625.0,16.5966,15,0,86,2026-09-03 00:34:31
0219Z0,4,HANARO 미국S&P500액티브,10105,2,15,0.15,10149.0,,41,0,86,2026-09-03 00:34:31
371150,4,RISE 차이나항셍테크,6590,2,10,0.15,6564.0,-20.8075,140,0,86,2026-09-03 00:34:31
375270,7,RISE 글로벌데이터센터리츠(합성),13135,5,-40,-0.3,13199.0,-22.3859,125,1,85,2026-09-03 00:34:31
435540,7,KIWOOM TDF2040액티브 적격,17055,3,0,0.0,17035.0,-10.3879,63,1,85,2026-09-03 00:34:31
497520,4,ACE 일라이릴리밸류체인,13005,2,75,0.58,13011.0,2.3752,13,0,85,2026-09-03 00:34:31
0194N0,2,KIWOOM 삼성전자선물단일종목레버리지,10225,2,105,1.04,10259.0,-64.7584,3184,32,84,2026-09-03 00:34:31
0216K0,7,KIWOOM 미국우주테크TOP2채권혼합50,8435,2,115,1.38,8444.0,,20417,171,84,2026-09-03 00:34:31
395280,2,HANARO Fn K-게임,3555,2,45,1.28,3557.0,-18.0864,57,0,84,2026-09-03 00:34:31
182490,6,TIGER 단기선진하이일드(합성 H),13905,2,70,0.51,13862.0,0.2173,140,1,83,2026-09-03 00:34:31
381570,2,HANARO Fn친환경에너지,9800,5,-195,-1.95,9899.0,-21.3612,440,4,83,2026-09-03 00:34:31
270800,2,RISE KQ고배당,15115,2,85,0.57,15111.0,-9.6877,4,0,83,2026-09-03 00:34:31
277650,2,TIGER 코스피중형주,20765,2,120,0.58,20950.0,-11.2425,3,0,83,2026-09-03 00:34:31
429980,7,SOL 한국형글로벌전기차&2차전지액티브,16395,5,-25,-0.15,16417.0,-25.9861,127,2,82,2026-09-03 00:34:31
462340,4,에셋플러스 글로벌다이나믹시니어액티브,16370,2,105,0.65,16325.0,-0.9138,2,0,82,2026-09-03 00:34:31
490330,4,KoAct 미국치매&뇌질환치료제액티브,14825,2,60,0.41,14832.0,5.0889,5,0,82,2026-09-03 00:34:31
225050,4,TIGER 유로스탁스레버리지(합성 H),16150,5,-50,-0.31,16299.0,9.8677,487,7,81,2026-09-03 00:34:31
480460,7,WON 한국부동산TOP3플러스,9485,2,55,0.58,9520.0,6.442,50,0,81,2026-09-03 00:34:31
0219B0,2,KoAct 광통신&위성네트워크액티브,10050,5,-160,-1.57,10086.0,,1544,15,80,2026-09-03 00:34:31
457930,2,BNK 미래전략기술액티브,26655,2,70,0.26,26569.0,-27.1445,1,0,80,2026-09-03 00:34:31
395750,2,PLUS ESG가치주액티브,19800,2,215,1.1,19868.0,-25.7723,1,0,79,2026-09-03 00:34:31
0226D0,7,FOCUS 금융반도체지주채권혼합50액티브,9890,2,35,0.36,9906.0,,22,0,79,2026-09-03 00:34:31
487920,4,ACE 인도시장대표BIG5그룹액티브,7845,2,60,0.77,7830.0,-9.3186,180,1,78,2026-09-03 00:34:31
253280,2,RISE 헬스케어,13005,2,25,0.19,13001.0,-10.5753,56,0,78,2026-09-03 00:34:31
437370,4,RISE 글로벌농업경제,11095,2,140,1.28,11049.0,0.3569,96,1,78,2026-09-03 00:34:31
261110,7,TIGER 미국달러선물레버리지,15525,5,-150,-0.96,15540.0,-17.7166,913,14,78,2026-09-03 00:34:31
227550,2,TIGER 200 산업재,11730,5,-15,-0.13,11738.0,-14.4886,13,0,77,2026-09-03 00:34:31
435530,7,KIWOOM TDF2030액티브 적격,15140,5,-20,-0.13,15119.0,-9.865,7,0,76,2026-09-03 00:34:31
315270,2,TIGER 200커뮤니케이션서비스,19690,2,45,0.23,19774.0,-18.5206,57,1,75,2026-09-03 00:34:31
438740,2,MIDAS 중소형액티브,33175,2,300,0.91,33146.0,-15.6944,1,0,75,2026-09-03 00:34:31
225800,7,KIWOOM 미국달러선물레버리지,14610,5,-90,-0.61,14620.0,-18.2653,379,5,75,2026-09-03 00:34:31
494210,4,SOL 미국500타겟데일리커버드콜액티브,10645,2,10,0.09,10643.0,-9.1059,170,1,75,2026-09-03 00:34:31
304670,6,KODEX 미국30년국채울트라선물인버스(H),12405,5,-25,-0.2,12403.0,4.4099,2,0,74,2026-09-03 00:34:31
285690,2,FOCUS ESG리더스,21235,2,145,0.69,21454.0,-18.2083,2,0,74,2026-09-03 00:34:31
139660,7,KIWOOM 미국달러선물인버스,8520,2,40,0.47,8519.0,10.5606,189,1,74,2026-09-03 00:34:31
0172Y0,2,ACE K수출핵심TOP10산업액티브,9200,5,-5,-0.05,9214.0,-21.392,58,0,74,2026-09-03 00:34:31
0094X0,4,1Q 샤오미밸류체인액티브,8175,5,-55,-0.67,8188.0,-18.9632,36,0,74,2026-09-03 00:34:31
326230,2,RISE 내수주플러스,11440,2,115,1.02,11445.0,-16.0801,2,0,73,2026-09-03 00:34:31
402460,2,HANARO Fn K-메타버스MZ,14595,2,60,0.41,14646.0,-24.3669,3,0,73,2026-09-03 00:34:31
0005C0,6,RISE 미국S&P500엔화노출(합성 H),11170,2,160,1.45,11063.0,-9.7541,119,1,73,2026-09-03 00:34:31
0229F0,2,마이티 신약포커스바이오액티브,9065,5,-140,-1.52,9058.0,,8398,76,73,2026-09-03 00:34:31
0215T0,4,HANARO 미국AI광통신TOP10,8005,2,35,0.44,7973.0,,168,1,72,2026-09-03 00:34:31
488480,4,RISE 일본섹터TOP4Plus,13080,2,70,0.54,13045.0,-6.5554,21,0,72,2026-09-03 00:34:31
0082F0,4,HANARO 유럽방산,10220,5,-70,-0.68,10180.0,-5.03,23,0,72,2026-09-03 00:34:31
0218K0,2,BNK 스마트카,10180,5,-35,-0.34,10242.0,,51,0,71,2026-09-03 00:34:31
256450,4,PLUS 심천차이넥스트(합성),14240,5,-90,-0.63,14376.0,-25.7706,15,0,71,2026-09-03 00:34:31
368680,2,KODEX K-뉴딜디지털플러스,7910,3,0,0.0,8017.0,-13.6315,0,0,71,2026-09-03 00:34:31
429740,7,PLUS K리츠,6180,2,100,1.64,6206.0,2.2632,9864,60,71,2026-09-03 00:34:31
244670,2,KODEX 밸류Plus,11705,2,80,0.69,11721.0,-1.2675,14,0,70,2026-09-03 00:34:31
400590,4,SOL 글로벌탄소배출권선물ICE(합성),14030,5,-10,-0.07,14065.0,-4.9425,8,0,70,2026-09-03 00:34:31
450180,7,KODEX 한중전기차(합성),10780,5,-285,-2.58,10699.0,-27.727,104,1,70,2026-09-03 00:34:31
0036Z0,4,RISE 미국천연가스밸류체인,12610,5,-130,-1.02,12581.0,-3.0764,1083,13,69,2026-09-03 00:34:31
139290,2,TIGER 200 경기소비재,24750,2,195,0.79,24760.0,-30.6258,136,3,69,2026-09-03 00:34:31
0166T0,4,PLUS 글로벌저작권핵심기업액티브,9700,2,105,1.09,9771.0,-8.4884,220,2,68,2026-09-03 00:34:31
0176P0,2,FOCUS AI반도체위클리고정커버드콜,12335,5,-55,-0.44,12349.0,-21.3574,497,6,68,2026-09-03 00:34:31
0047N0,4,PLUS 차이나AI테크TOP10,9535,3,0,0.0,9522.0,-20.8714,15,0,67,2026-09-03 00:34:31
250780,3,TIGER 코스닥150선물인버스,2530,2,15,0.6,2527.0,14.5785,109757,274,66,2026-09-03 00:34:31
176950,6,KODEX 국채선물10년인버스,60770,3,0,0.0,60684.0,2.1516,0,0,66,2026-09-03 00:34:31
456200,6,PLUS 미국달러SOFR금리액티브(합성),59330,3,0,0.0,59081.0,-8.8773,0,0,65,2026-09-03 00:34:31
0138D0,2,RISE 동학개미,11865,2,25,0.21,11887.0,-29.9409,47,0,65,2026-09-03 00:34:31
138920,5,KODEX 콩선물(H),12970,2,110,0.86,12978.0,8.1854,85,1,65,2026-09-03 00:34:31
316300,7,ACE 싱가포르리츠,12700,5,-45,-0.35,12722.0,-10.3046,96,1,64,2026-09-03 00:34:31
474390,6,SOL 국고채30년액티브,40215,2,85,0.21,40257.0,-7.7472,18,0,62,2026-09-03 00:34:31
307510,2,TIGER 의료기기,12305,2,5,0.04,12306.0,-18.0864,58,0,62,2026-09-03 00:34:31
291890,4,KODEX MSCI EM선물(H),12285,2,20,0.16,12337.0,-4.9962,6275,77,61,2026-09-03 00:34:31
469530,3,RISE 미국달러선물인버스,9520,2,20,0.21,9539.0,10.9165,1,0,61,2026-09-03 00:34:31
289670,6,PLUS 국채선물10년,51875,2,120,0.23,51839.0,-1.1555,212,10,60,2026-09-03 00:34:31
0087F0,4,ACE 차이나AI빅테크TOP2+액티브,11925,5,-5,-0.04,11902.0,-15.3901,41,0,60,2026-09-03 00:34:31
0114X0,4,RISE 글로벌게임테크TOP3Plus,8500,3,0,0.0,8609.0,-5.7128,82,0,60,2026-09-03 00:34:31
451670,6,RISE 국채30년레버리지(합성),11900,2,65,0.55,11917.0,-17.3822,42,0,60,2026-09-03 00:34:31
0184V0,2,UNICORN K바이오액티브,5650,5,-80,-1.4,5647.0,-32.3495,6599,37,59,2026-09-03 00:34:31
400580,4,SOL 유럽탄소배출권선물S&P(H),11860,2,60,0.51,11902.0,6.0197,11,0,59,2026-09-03 00:34:31
314700,2,HANARO 농업융복합산업,10645,3,0,0.0,10790.0,-12.9696,0,0,59,2026-09-03 00:34:31
0053M0,2,더제이 중소형포커스액티브,12740,2,115,0.91,12754.0,-12.9011,6,0,57,2026-09-03 00:34:31
407300,2,HANARO Fn골프테마,10425,5,-30,-0.29,10365.0,-18.4596,1,0,57,2026-09-03 00:34:31
433250,1,UNICORN R&D 액티브,22780,2,175,0.77,22629.0,-28.7695,1,0,57,2026-09-03 00:34:31
401590,4,HANARO 글로벌탄소배출권선물ICE(합성),11110,2,25,0.23,11212.0,-6.2976,447,4,57,2026-09-03 00:34:31
0191B0,1,MIDAS 코스닥액티브,28140,5,-80,-0.28,28189.0,-20.1924,113,3,56,2026-09-03 00:34:31
267450,6,RISE 미국장기국채선물인버스(H),11200,2,70,0.63,11144.0,3.151,5,0,56,2026-09-03 00:34:31
219900,4,ACE 중국본토CSI300레버리지(합성),3995,5,-35,-0.87,4026.0,-30.156,92,0,56,2026-09-03 00:34:31
483020,2,KIWOOM 의료AI,9280,2,45,0.49,9278.0,-11.7113,30,0,56,2026-09-03 00:34:31
488200,2,KIWOOM K-2차전지북미공급망,12365,5,-65,-0.52,12373.0,-28.735,706,8,56,2026-09-03 00:34:31
390400,4,KODEX 미국스마트모빌리티S&P,6930,2,80,1.17,6922.0,-25.8465,270,1,55,2026-09-03 00:34:31
432600,6,RISE 국채선물3년,55250,2,15,0.03,55261.0,0.8213,1,0,55,2026-09-03 00:34:31
470310,2,UNICORN 생성형AI강소기업액티브,18385,2,305,1.69,18245.0,-1.1482,1,0,55,2026-09-03 00:34:31
0102X0,4,ACE 유럽방산TOP10,9160,5,-40,-0.43,9155.0,-7.6791,352,3,55,2026-09-03 00:34:31
238670,7,PLUS 스마트베타Quality채권혼합,13605,2,60,0.44,13504.0,0.1849,8025,108,54,2026-09-03 00:34:31
220130,4,SOL 차이나강소기업CSI500(합성 H),6775,3,0,0.0,6802.0,-4.4429,0,0,54,2026-09-03 00:34:31
483030,4,KIWOOM 미국블록버스터바이오테크의약품+,12045,2,100,0.84,12110.0,5.1196,243,2,54,2026-09-03 00:34:31
476310,4,RISE 글로벌비만산업TOP2+,9825,3,0,0.0,10014.0,-2.2711,0,0,54,2026-09-03 00:34:31
0132D0,7,KoAct 글로벌K컬처밸류체인액티브,9805,2,5,0.05,9832.0,5.4897,69,0,54,2026-09-03 00:34:31
499150,4,SOL 미국S&P500엔화노출(H),10665,5,-45,-0.42,10672.0,-8.9898,361,3,53,2026-09-03 00:34:31
321410,7,KODEX 멀티에셋하이인컴(H),10640,2,15,0.14,10643.0,0.7593,3,0,53,2026-09-03 00:34:31
0174J0,7,DAISHIN 오피스리츠플러스,8840,2,160,1.84,8851.0,2.2223,2,0,53,2026-09-03 00:34:31
0015E0,7,KIWOOM 엔비디아미국30년국채혼합액티브(H),10530,2,90,0.86,10566.0,-3.9851,1275,13,53,2026-09-03 00:34:31
413220,4,SOL 차이나태양광CSI(합성),4315,5,-40,-0.92,4408.0,-31.3633,183,0,52,2026-09-03 00:34:31
295000,6,RISE 국채선물10년,51120,2,110,0.22,51157.0,-1.2678,1,0,51,2026-09-03 00:34:31
411860,4,KIWOOM 독일DAX,16710,5,-60,-0.36,16692.0,-7.7162,114,1,50,2026-09-03 00:34:31
498610,4,RISE 인도디지털성장,8250,5,-5,-0.06,8248.0,-3.7861,20254,167,50,2026-09-03 00:34:31
0154H0,4,KoAct 차이나바이오헬스케어액티브,8805,2,20,0.23,8845.0,8.1896,2,0,48,2026-09-03 00:34:31
227560,2,TIGER 200 생활소비재,13340,2,200,1.52,13324.0,3.0288,325,4,48,2026-09-03 00:34:31
0073X0,5,FOCUS 알리바바미국채커버드콜혼합,8715,5,-85,-0.97,8774.0,-13.6854,3,0,48,2026-09-03 00:34:31
267440,6,RISE 미국장기국채선물(H),7930,5,-70,-0.87,8066.0,-2.32,1883,14,48,2026-09-03 00:34:31
0015K0,4,TIGER 미국소비트렌드액티브,6990,2,45,0.65,6972.0,-10.6178,3,0,48,2026-09-03 00:34:31
0128D0,4,PLUS 차이나항셍테크위클리타겟커버드콜,6770,2,30,0.45,6698.0,-19.0326,139,0,47,2026-09-03 00:34:31
291630,3,KIWOOM 코스닥150선물레버리지,3260,5,-50,-1.51,3269.0,-50.4862,12644,41,47,2026-09-03 00:34:31
244660,2,KODEX 퀄리티Plus,9450,3,0,0.0,9571.0,-1.8439,0,0,47,2026-09-03 00:34:31
0078V0,4,PLUS 미국로보택시,9335,2,85,0.92,9344.0,-22.5294,20,0,47,2026-09-03 00:34:31
391600,4,ACE 미국친환경그린테마,10205,2,70,0.69,10221.0,-25.478,1,0,46,2026-09-03 00:34:31
488210,2,KIWOOM K-반도체북미공급망,22125,2,145,0.66,22157.0,-16.7125,12,0,44,2026-09-03 00:34:31
373790,4,KIWOOM 미국방어배당성장나스닥,15575,5,-25,-0.16,15496.0,-1.8117,25,0,44,2026-09-03 00:34:31
252420,3,RISE 200선물인버스2X,87,5,-1,-1.14,86.0,11.3924,206363,17,44,2026-09-03 00:34:31
205720,4,ACE 일본TOPIX인버스(합성 H),1451,5,-9,-0.62,1451.0,-5.3792,102,0,44,2026-09-03 00:34:31
243890,2,TIGER 200에너지화학레버리지,8120,2,30,0.37,8141.0,-33.4431,1248,9,43,2026-09-03 00:34:31
226380,2,ACE Fn성장소비주도주,6035,2,20,0.33,6040.0,-1.6354,75,0,42,2026-09-03 00:34:31
0131A0,4,SOL 차이나소비트렌드,7660,5,-25,-0.33,7695.0,-21.8608,3,0,42,2026-09-03 00:34:31
0050E0,4,PLUS 미국AI에이전트,8290,5,-175,-2.07,8295.0,-15.4768,8,0,41,2026-09-03 00:34:31
334690,5,RISE 팔라듐선물(H),6090,2,205,3.48,6087.0,-8.4759,1312,7,40,2026-09-03 00:34:31
291680,4,RISE 차이나H선물인버스(H),7805,3,0,0.0,7791.0,3.1043,0,0,39,2026-09-03 00:34:31
225030,4,TIGER 미국S&P500선물인버스(H),2265,5,-10,-0.44,2261.0,0.4415,22,0,37,2026-09-03 00:34:31
427120,2,RISE AI플랫폼,5220,2,20,0.38,5229.0,-17.0654,6957,36,35,2026-09-03 00:34:31
267490,6,RISE 미국장기국채선물레버리지(합성 H),4960,3,0,0.0,5009.0,-6.5914,0,0,35,2026-09-03 00:34:31
0079X0,4,ACE BYD밸류체인액티브,9830,5,-40,-0.41,9798.0,-20.0163,17,0,34,2026-09-03 00:34:31
454180,4,KIWOOM 차이나내수소비TOP CSI,7410,5,-120,-1.59,7536.0,-12.231,1071,7,30,2026-09-03 00:34:31
145670,3,ACE 인버스,1343,5,-7,-0.52,1340.0,16.179,11507,15,30,2026-09-03 00:34:31
306530,3,HANARO 코스닥150선물레버리지,6480,5,-120,-1.82,6516.0,-51.0568,1666,10,29,2026-09-03 00:34:31
280940,5,KODEX 골드선물인버스(H),3427,5,-53,-1.52,3432.0,3.7257,102,0,27,2026-09-03 00:34:31
476000,2,UNICORN 포스트IPO액티브,4965,5,-40,-0.8,4923.0,-37.0045,62,0,27,2026-09-03 00:34:31
252410,3,RISE 200선물인버스,1362,5,-7,-0.51,1364.0,16.2139,2188,2,27,2026-09-03 00:34:31
491630,4,RISE 미국반도체인버스(합성 H),5660,5,-35,-0.61,5579.0,5.268,183,1,27,2026-09-03 00:34:31
291620,3,KIWOOM 코스닥150선물인버스,4475,2,25,0.56,4475.0,14.5431,74,0,26,2026-09-03 00:34:31
253230,3,KIWOOM 200선물인버스2X,82,5,-2,-2.38,82.0,9.0909,212430,17,25,2026-09-03 00:34:31
275750,3,RISE 코스닥150선물인버스,2560,2,20,0.79,2559.0,14.4144,549,1,24,2026-09-03 00:34:31
280320,4,ACE 미국IT인터넷(합성 H),21565,2,245,1.15,21576.0,-2.6262,3,0,22,2026-09-03 00:34:31
334700,5,RISE 팔라듐선물인버스(H),3220,5,-125,-3.74,3229.0,3.2407,330,1,21,2026-09-03 00:34:31
253240,3,KIWOOM 200선물인버스,1367,5,-7,-0.51,1364.0,16.7374,645,0,17,2026-09-03 00:34:31
306520,3,HANARO 200선물인버스,2490,5,-20,-0.8,2480.0,15.9353,3,0,15,2026-09-03 00:34:31
253160,3,PLUS 200선물인버스2X,167,5,-3,-1.76,167.0,6.25,61901,10,14,2026-09-03 00:34:31
412560,2,TIGER BBIG레버리지,1755,2,9,0.52,1762.0,-35.572,10325,18,12,2026-09-03 00:34:31
261920,4,ACE MSCI필리핀(합성),12055,5,-70,-0.58,12049.0,-7.6543,37,0,12,2026-09-03 00:34:31
465620,4,ACE 미국빅테크TOP7 Plus인버스(합성),6580,5,-5,-0.08,6543.0,9.3853,1,0,7,2026-09-03 00:34:31
