itemcode,etfTabCode,itemname,nowVal,risefall,changeVal,changeRate,nav,threeMonthEarnRate,quant,amonut,marketSum,collected_at
069500,1,KODEX 200,98835,5,-8895,-8.26,98819.0,7.9491,5764518,575361,221983,2026-07-28 01:07:13
360750,4,TIGER 미국S&P500,27030,5,-415,-1.51,27053.0,4.7519,2392509,64726,199238,2026-07-28 01:07:13
133690,4,TIGER 미국나스닥100,181570,5,-4220,-2.27,182568.0,4.356,181107,32992,110013,2026-07-28 01:07:13
379800,4,KODEX 미국S&P500,24625,5,-255,-1.02,24664.0,4.4272,3166334,78045,99879,2026-07-28 01:07:13
102110,1,TIGER 200,98845,5,-8725,-8.11,98883.0,7.708,821550,82042,91679,2026-07-28 01:07:13
379810,4,KODEX 미국나스닥100,27195,5,-630,-2.26,27342.0,4.4095,1512086,41223,87296,2026-07-28 01:07:13
396500,2,TIGER 반도체TOP10,31370,5,-3730,-10.63,31370.0,-12.968,4086400,129549,81907,2026-07-28 01:07:13
488770,7,KODEX 머니마켓액티브,105052,2,12,0.01,105059.0,0.8206,226298,23772,77577,2026-07-28 01:07:13
278530,1,KODEX 200TR,35685,5,-3380,-8.65,35714.0,8.2282,536236,19364,69104,2026-07-28 01:07:13
459580,6,KODEX CD금리액티브(합성),1075762,2,82,0.01,1075812.0,0.7093,189607,203972,67406,2026-07-28 01:07:13
381180,4,TIGER 미국필라델피아반도체나스닥,43530,5,-2965,-6.38,44297.0,12.514,873152,38400,58439,2026-07-28 01:07:13
498400,2,KODEX 200타겟위클리커버드콜,19015,5,-1635,-7.92,18993.0,5.8734,4356687,83753,51055,2026-07-28 01:07:13
0167A0,2,SOL AI반도체TOP2플러스,15400,5,-2035,-11.67,15431.0,23.8281,7162562,111979,49172,2026-07-28 01:07:13
091160,2,KODEX 반도체,111270,5,-13200,-10.6,111414.0,-0.6191,518216,58453,48180,2026-07-28 01:07:13
122630,3,KODEX 레버리지,96880,5,-19555,-16.79,96981.0,0.9362,5574569,552604,46890,2026-07-28 01:07:13
458730,4,TIGER 미국배당다우존스,15570,2,60,0.39,15590.0,6.5964,696593,10852,42086,2026-07-28 01:07:13
360200,4,ACE 미국S&P500,27295,5,-285,-1.03,27345.0,4.4099,125245,3423,40151,2026-07-28 01:07:13
148020,1,RISE 200,99460,5,-8985,-8.29,99474.0,7.6407,315727,31716,40132,2026-07-28 01:07:13
310970,1,TIGER MSCI Korea TR,43810,5,-4170,-8.69,43918.0,9.4059,23735,1047,39779,2026-07-28 01:07:13
411060,5,ACE KRX금현물,26420,5,-410,-1.53,26657.0,-13.1716,151611,4018,38864,2026-07-28 01:07:13
0162Z0,7,RISE 삼성전자SK하이닉스채권혼합50,12630,5,-700,-5.25,12643.0,16.6739,4154751,52763,38812,2026-07-28 01:07:13
229200,1,KODEX 코스닥150,11997,5,-953,-7.36,12013.0,-37.2721,7670426,93303,38726,2026-07-28 01:07:13
381170,4,TIGER 미국테크TOP10 INDXX,30580,5,-710,-2.27,30738.0,-2.9015,97805,3000,37415,2026-07-28 01:07:13
273130,6,KODEX 종합채권(AA-이상)액티브,109530,5,-30,-0.03,109530.0,-2.8121,5419,593,36717,2026-07-28 01:07:13
357870,6,TIGER CD금리투자KIS(합성),57815,3,0,0.0,57818.0,0.7229,77573,4485,35814,2026-07-28 01:07:13
423160,6,KODEX KOFR금리액티브(합성),110865,3,0,0.0,110852.0,0.6568,48212,5345,35318,2026-07-28 01:07:13
395160,2,KODEX AI반도체TOP2플러스,34990,5,-4430,-11.24,35021.0,16.7831,2335014,82893,34430,2026-07-28 01:07:13
367380,4,ACE 미국나스닥100,31220,5,-715,-2.24,31386.0,4.346,130075,4072,34217,2026-07-28 01:07:13
395270,2,HANARO Fn K-반도체,49450,5,-6220,-11.17,49555.0,21.3892,705364,35395,31351,2026-07-28 01:07:13
102780,2,KODEX 삼성그룹,23090,5,-2100,-8.34,23122.0,11.3528,280283,6572,30271,2026-07-28 01:07:13
0043B0,6,TIGER 머니마켓액티브,103155,2,15,0.01,103153.0,0.8211,43709,4508,29810,2026-07-28 01:07:13
0193T0,2,KODEX SK하이닉스단일종목레버리지,10900,5,-2975,-21.44,10887.0,,72547337,808521,27757,2026-07-28 01:07:13
455890,6,RISE 머니마켓액티브,55295,2,5,0.01,55296.0,0.7746,75353,4166,27754,2026-07-28 01:07:13
487240,2,KODEX AI전력핵심설비,31635,5,-3295,-9.43,31597.0,-29.1835,1046693,33351,26826,2026-07-28 01:07:13
481050,6,KODEX CD1년금리플러스액티브(합성),1023895,2,85,0.01,1023884.0,0.7326,6820,6982,26596,2026-07-28 01:07:13
449170,6,TIGER KOFR금리액티브(합성),111450,2,10,0.01,111429.0,0.6321,43573,4856,24589,2026-07-28 01:07:13
233740,3,KODEX 코스닥150레버리지,5365,5,-895,-14.3,5357.0,-65.1739,38648781,214216,23998,2026-07-28 01:07:13
426030,4,TIME 미국나스닥100액티브,44990,5,-3155,-6.55,45857.0,3.1273,372021,16882,23431,2026-07-28 01:07:13
139260,2,TIGER 200 IT,119395,5,-14510,-10.84,119718.0,20.391,149957,18197,23401,2026-07-28 01:07:13
161510,2,PLUS 고배당주,24635,5,-765,-3.01,24650.0,-5.978,246039,6087,23081,2026-07-28 01:07:13
486290,4,TIGER 미국나스닥100타겟데일리커버드콜,10845,5,-250,-2.25,10904.0,4.0732,744490,8094,21777,2026-07-28 01:07:13
456600,4,TIME 글로벌AI인공지능액티브,56620,5,-3290,-5.49,57380.0,10.0073,130268,7477,21357,2026-07-28 01:07:13
278540,1,KODEX MSCI Korea TR,34915,5,-3380,-8.83,34963.0,9.9483,31453,1109,21263,2026-07-28 01:07:13
385540,6,RISE 종합채권(A-이상)액티브,102580,2,35,0.03,102602.0,-2.8424,1001,102,21060,2026-07-28 01:07:13
472150,2,TIGER 배당커버드콜액티브,19235,5,-1805,-8.58,19219.0,7.7035,2963636,57648,20358,2026-07-28 01:07:13
284430,6,KODEX 200미국채혼합50,20430,5,-870,-4.08,20438.0,1.2453,353925,7266,20087,2026-07-28 01:07:13
292150,2,TIGER 코리아TOP10,35015,5,-2950,-7.77,35097.0,9.4382,359989,12732,18838,2026-07-28 01:07:13
214980,6,KODEX 단기채권PLUS,114572,2,27,0.02,114580.0,0.5205,8435,966,18744,2026-07-28 01:07:13
0193W0,2,KODEX 삼성전자단일종목레버리지,10475,5,-2405,-18.67,10511.0,,18830384,202669,16899,2026-07-28 01:07:13
441640,4,KODEX 미국배당커버드콜액티브,13025,5,-50,-0.38,13062.0,3.7894,247496,3224,16711,2026-07-28 01:07:13
294400,1,KIWOOM 200TR,129195,5,-11905,-8.44,129431.0,7.8622,53614,7034,16537,2026-07-28 01:07:13
105190,1,ACE 200,98880,5,-8960,-8.31,98975.0,7.4984,62081,6221,16315,2026-07-28 01:07:13
442580,4,PLUS 글로벌HBM반도체,95930,5,-10690,-10.03,97467.0,40.6223,285377,27650,16203,2026-07-28 01:07:13
0195S0,2,TIGER SK하이닉스단일종목레버리지,9160,5,-2580,-21.98,9178.0,,27478898,257814,16158,2026-07-28 01:07:13
487230,4,KODEX 미국AI전력핵심인프라,21335,5,-990,-4.43,21613.0,-10.2877,228566,4895,16001,2026-07-28 01:07:13
446770,4,ACE 글로벌반도체TOP4 Plus,76560,5,-6555,-7.89,77195.0,17.736,77080,5936,15695,2026-07-28 01:07:13
477080,6,RISE CD금리액티브(합성),107155,2,10,0.01,107160.0,0.6907,920,98,15485,2026-07-28 01:07:13
453850,6,ACE 미국30년국채액티브(H),7300,5,-5,-0.07,7293.0,-2.1441,260745,1902,15447,2026-07-28 01:07:13
379780,4,RISE 미국S&P500,23540,5,-260,-1.09,23588.0,4.5267,52060,1228,15301,2026-07-28 01:07:13
329200,2,TIGER 리츠부동산인프라,4105,5,-25,-0.61,4092.0,-14.9132,1309406,5378,15164,2026-07-28 01:07:13
368590,4,RISE 미국나스닥100,30245,5,-685,-2.21,30399.0,4.4049,80200,2432,15092,2026-07-28 01:07:13
475630,7,TIGER CD1년금리액티브(합성),1072650,2,80,0.01,1072647.0,0.7363,12413,13314,15064,2026-07-28 01:07:13
466920,2,SOL 조선TOP3플러스,27385,5,-2050,-6.96,27394.0,-30.3718,446984,12438,14678,2026-07-28 01:07:13
305720,2,KODEX 2차전지산업,12495,5,-820,-6.16,12511.0,-36.11,1197528,15088,14019,2026-07-28 01:07:13
0177N0,7,KODEX 삼성전자SK하이닉스채권혼합50,13320,5,-755,-5.36,13335.0,16.3333,1841075,24666,13933,2026-07-28 01:07:13
436140,6,SOL 종합채권(AA-이상)액티브,105900,2,65,0.06,105840.0,-2.8012,98,10,13464,2026-07-28 01:07:13
152100,1,PLUS 200,100140,5,-8945,-8.2,100253.0,7.4342,28041,2840,13319,2026-07-28 01:07:13
315930,2,KODEX Top5PlusTR,75325,5,-5365,-6.65,75472.0,13.4242,16969,1289,13107,2026-07-28 01:07:13
157450,6,TIGER 단기통안채,112270,2,5,0.0,112268.0,0.6184,10202,1145,13026,2026-07-28 01:07:13
390390,4,KODEX 미국반도체,54125,5,-3370,-5.86,54888.0,11.0297,162960,8893,12882,2026-07-28 01:07:13
438080,7,ACE 미국S&P500미국채혼합50액티브,14655,5,-60,-0.41,14641.0,2.3296,163960,2404,12369,2026-07-28 01:07:13
448330,1,KODEX 삼성전자채권혼합,16505,5,-465,-2.74,16560.0,6.1449,302762,5014,12181,2026-07-28 01:07:13
091230,2,TIGER 반도체,117085,5,-13825,-10.56,117239.0,-0.0848,152831,18141,11919,2026-07-28 01:07:13
0072R0,5,TIGER KRX금현물,12620,5,-175,-1.37,12738.0,-13.3424,156835,1982,11680,2026-07-28 01:07:13
497570,4,TIGER 미국필라델피아AI반도체나스닥,21925,5,-1475,-6.3,22219.0,8.4369,151819,3349,11280,2026-07-28 01:07:13
232080,1,TIGER 코스닥150,12225,5,-975,-7.39,12251.0,-37.3204,1159700,14382,11091,2026-07-28 01:07:13
479080,6,1Q 머니마켓액티브,53577,2,7,0.01,53579.0,0.7902,20015,1072,11010,2026-07-28 01:07:13
451540,6,TIGER 종합채권(AA-이상)액티브,52660,2,50,0.1,52681.0,-3.0678,691,36,10862,2026-07-28 01:07:13
446720,4,SOL 미국배당다우존스,14280,2,50,0.35,14291.0,6.9138,141220,2017,10467,2026-07-28 01:07:13
356540,6,ACE 종합채권(AA-이상)액티브,100915,5,-10,-0.01,100935.0,-2.7604,285,28,10464,2026-07-28 01:07:13
0183J0,4,TIGER 미국우주테크,7020,5,-155,-2.16,7167.0,-30.0,846247,5975,10291,2026-07-28 01:07:13
469830,6,SOL 초단기채권액티브,54185,3,0,0.0,54191.0,0.7811,100893,5467,10201,2026-07-28 01:07:13
479520,6,RISE KOFR금리액티브(합성),106075,2,10,0.01,106066.0,0.6213,2834,300,10093,2026-07-28 01:07:13
494890,1,KODEX 200액티브,28485,5,-2420,-7.83,28451.0,7.2133,135322,3883,9998,2026-07-28 01:07:13
252670,3,KODEX 200선물인버스2X,116,2,16,16.0,118.0,-40.8285,3289636491,378017,9887,2026-07-28 01:07:13
465580,4,ACE 미국빅테크TOP7 Plus,23555,5,-395,-1.65,23641.0,-2.0851,108492,2561,9834,2026-07-28 01:07:13
0139F0,6,TIGER 12월자동연장금융채(AA-이상)액티브,101750,2,25,0.02,101756.0,0.5982,5,0,9766,2026-07-28 01:07:13
0117L0,6,KODEX 26-12 금융채(AA-이상)액티브,10125,5,-5,-0.05,10127.0,0.6458,4567,46,9755,2026-07-28 01:07:13
449450,2,PLUS K방산,48890,5,-2540,-4.94,48948.0,-35.0584,136157,6721,9656,2026-07-28 01:07:13
402970,4,ACE 미국배당다우존스,15820,2,90,0.57,15829.0,6.7417,139489,2206,9619,2026-07-28 01:07:13
114800,3,KODEX 인버스,1207,2,94,8.45,1209.0,-17.4333,265191718,316772,9616,2026-07-28 01:07:13
445290,2,KODEX 로봇액티브,27075,5,-2120,-7.26,27113.0,-18.1075,206065,5643,9490,2026-07-28 01:07:13
226490,1,KODEX 코스피,64105,5,-5680,-8.14,64174.0,3.0214,166831,10809,9455,2026-07-28 01:07:13
469150,2,ACE AI반도체TOP3+,50402,5,-5703,-10.16,50430.0,-5.3468,390475,19880,9425,2026-07-28 01:07:13
449180,4,KODEX 미국S&P500(H),16555,5,-185,-1.11,16585.0,4.1689,123372,2044,9412,2026-07-28 01:07:13
438100,7,ACE 미국나스닥100미국채혼합50액티브,15680,5,-185,-1.17,15703.0,2.2558,95754,1504,9267,2026-07-28 01:07:13
494300,4,KODEX 미국나스닥100데일리커버드콜OTM,9570,5,-210,-2.15,9605.0,0.0094,568304,5448,9245,2026-07-28 01:07:13
495050,1,RISE 코리아밸류업,30030,5,-2260,-7.0,30005.0,9.2845,122187,3706,8919,2026-07-28 01:07:13
0195R0,2,TIGER 삼성전자단일종목레버리지,9575,5,-2235,-18.92,9653.0,,10950646,107730,8914,2026-07-28 01:07:13
237350,1,KODEX 코스피100,78995,5,-7370,-8.53,79095.0,9.6861,218435,17433,8768,2026-07-28 01:07:13
0117V0,2,TIGER 코리아AI전력기기TOP3플러스,16500,5,-1735,-9.51,16520.0,-30.0538,610173,10196,8539,2026-07-28 01:07:13
153130,6,KODEX 단기채권,113260,2,10,0.01,113256.0,0.5756,8540,967,8508,2026-07-28 01:07:13
295040,1,SOL 200TR,36975,5,-3335,-8.27,36981.0,7.8095,41121,1531,8375,2026-07-28 01:07:13
455850,2,SOL AI반도체소부장,19455,5,-2495,-11.37,19529.0,-30.9532,743045,14675,8249,2026-07-28 01:07:13
385560,6,RISE KIS국고채30년Enhanced,51725,3,0,0.0,51842.0,-17.9099,8196,424,8167,2026-07-28 01:07:13
371460,4,TIGER 차이나전기차SOLACTIVE,11025,5,-25,-0.23,11149.0,-22.2105,38392,424,8123,2026-07-28 01:07:13
476550,6,TIGER 미국30년국채커버드콜액티브(H),7005,5,-10,-0.14,7003.0,-2.2949,369188,2585,8066,2026-07-28 01:07:13
0048J0,6,KODEX 미국머니마켓액티브,14725,2,10,0.07,14719.0,0.6584,145141,2136,7925,2026-07-28 01:07:13
466940,2,TIGER 은행고배당플러스TOP10,26400,5,-360,-1.35,26384.0,2.9126,231963,6125,7894,2026-07-28 01:07:13
498410,2,KODEX 금융고배당TOP10타겟위클리커버드콜,12040,5,-255,-2.07,12055.0,-3.3838,623116,7525,7862,2026-07-28 01:07:13
481060,6,KODEX 미국30년국채타겟커버드콜(합성 H),7535,5,-15,-0.2,7564.0,-2.3528,213430,1608,7825,2026-07-28 01:07:13
475720,3,RISE 200위클리커버드콜,12345,5,-885,-6.69,12330.0,-0.4753,593296,7387,7709,2026-07-28 01:07:13
305540,2,TIGER 2차전지테마,15800,5,-860,-5.16,15815.0,-35.1049,252424,4023,7663,2026-07-28 01:07:13
494310,2,KODEX 반도체레버리지,66265,5,-17020,-20.44,67010.0,-18.7504,666948,45482,7654,2026-07-28 01:07:13
0025N0,7,TIGER TDF2045 적격,12255,5,-110,-0.89,12291.0,3.2999,121053,1483,7598,2026-07-28 01:07:13
0061Z0,6,RISE 단기특수은행채액티브,50850,5,-5,-0.01,50853.0,0.7129,6862,348,7570,2026-07-28 01:07:13
441800,1,TIME Korea플러스배당액티브,27560,5,-2140,-7.21,27566.0,-1.8376,222467,6191,7447,2026-07-28 01:07:13
272580,6,TIGER 단기채권액티브,56925,3,0,0.0,56924.0,0.6008,8958,509,7299,2026-07-28 01:07:13
069660,1,KIWOOM 200,98610,5,-8900,-8.28,98723.0,7.8528,8696,867,7297,2026-07-28 01:07:13
490590,4,RISE 미국AI밸류체인데일리고정커버드콜,13930,5,-475,-3.3,14026.0,0.9256,226033,3159,7292,2026-07-28 01:07:13
456610,6,TIGER 미국달러SOFR금리액티브(합성),63500,2,50,0.08,63535.0,0.6184,13744,872,7207,2026-07-28 01:07:13
458760,4,TIGER 미국배당다우존스타겟커버드콜2호,11595,2,15,0.13,11613.0,6.624,166479,1932,7200,2026-07-28 01:07:13
457480,4,ACE 테슬라밸류체인액티브,17330,5,-570,-3.18,17475.0,-20.8665,199733,3468,7183,2026-07-28 01:07:13
144600,5,KODEX 은선물(H),9380,5,-325,-3.35,9384.0,-22.4531,143677,1360,7129,2026-07-28 01:07:13
102970,2,KODEX 증권,18650,5,-1355,-6.77,18700.0,-30.0971,229805,4334,6882,2026-07-28 01:07:13
455030,6,KODEX 미국달러SOFR금리액티브(합성),12655,2,40,0.32,12645.0,0.4166,25102,317,6764,2026-07-28 01:07:13
423920,4,TIGER 미국필라델피아반도체레버리지(합성),90220,5,-12580,-12.24,93223.0,15.9561,91653,8426,6739,2026-07-28 01:07:13
0127P0,4,ACE 미국대형성장주액티브,10685,5,-270,-2.46,10732.0,2.3353,461,4,6732,2026-07-28 01:07:13
396520,4,TIGER 차이나반도체FACTSET,16530,2,320,1.97,16375.0,33.9669,399176,6591,6705,2026-07-28 01:07:13
329750,6,TIGER 미국달러단기채권액티브,13840,5,-5,-0.04,13852.0,0.4352,54232,751,6667,2026-07-28 01:07:13
487340,6,ACE 머니마켓액티브,105495,2,5,0.0,105504.0,0.8556,6638,700,6611,2026-07-28 01:07:13
491010,4,TIGER 글로벌AI전력인프라액티브,26365,5,-1735,-6.17,26679.0,-5.1157,61002,1624,6610,2026-07-28 01:07:13
0177R0,2,TIGER 반도체TOP10커버드콜액티브,10060,5,-1215,-10.78,10050.0,2.2109,1176573,11991,6579,2026-07-28 01:07:13
495850,1,KODEX 코리아밸류업,29810,5,-2310,-7.19,29825.0,8.5219,84577,2548,6484,2026-07-28 01:07:13
371160,4,TIGER 차이나항셍테크,7600,2,15,0.2,7586.0,-4.7654,134013,1022,6392,2026-07-28 01:07:13
0015B0,4,KoAct 미국나스닥성장기업액티브,18910,5,-1325,-6.55,19290.0,0.1484,421704,8029,6335,2026-07-28 01:07:13
482730,4,TIGER 미국S&P500타겟데일리커버드콜,12300,5,-100,-0.81,12310.0,4.1264,97385,1198,6261,2026-07-28 01:07:13
0167B0,2,SOL 200타겟위클리커버드콜,11055,5,-995,-8.26,11037.0,6.407,1048354,11728,6202,2026-07-28 01:07:13
434060,7,KODEX TDF2050액티브 적격,17135,5,-215,-1.24,17070.0,-1.7556,36095,619,6194,2026-07-28 01:07:13
138540,2,TIGER 현대차그룹플러스,47560,5,-3035,-6.0,47639.0,-18.2855,85794,4117,6173,2026-07-28 01:07:13
314250,4,KODEX 미국빅테크10(H),56510,5,-820,-1.43,56810.0,3.9621,20916,1184,6092,2026-07-28 01:07:13
484790,6,KODEX 미국30년국채액티브(H),8390,5,-20,-0.24,8396.0,-2.6011,284562,2386,6044,2026-07-28 01:07:13
290130,2,RISE ESG사회책임투자,42755,5,-4315,-9.17,42864.0,14.9968,108413,4701,6028,2026-07-28 01:07:13
434730,2,HANARO 원자력iSelect,50810,5,-4555,-8.23,50939.0,-37.4211,81720,4196,6021,2026-07-28 01:07:13
367760,2,RISE 네트워크인프라,50440,5,-6300,-11.1,50512.0,18.4768,140089,7177,5952,2026-07-28 01:07:13
489250,4,KODEX 미국배당다우존스,13400,2,55,0.41,13412.0,6.8042,142924,1915,5950,2026-07-28 01:07:13
251600,7,PLUS 고배당주채권혼합,15285,5,-200,-1.29,15257.0,-2.7081,104448,1599,5900,2026-07-28 01:07:13
466950,4,TIGER 글로벌AI액티브,30610,5,-2325,-7.06,31053.0,3.8631,80557,2495,5752,2026-07-28 01:07:13
114260,6,KODEX 국고채3년,61575,2,10,0.02,61461.0,-0.0163,2259,139,5745,2026-07-28 01:07:13
364980,2,TIGER 2차전지TOP10,8635,5,-545,-5.94,8642.0,-30.9256,820879,7141,5699,2026-07-28 01:07:13
449190,4,KODEX 미국나스닥100(H),21020,5,-510,-2.37,21143.0,4.01,155805,3287,5602,2026-07-28 01:07:13
418660,4,TIGER 미국나스닥100레버리지(합성),40625,5,-1895,-4.46,41064.0,5.6791,108969,4452,5566,2026-07-28 01:07:13
494670,2,TIGER 조선TOP10,21515,5,-1555,-6.74,21504.0,-30.5294,233751,5109,5497,2026-07-28 01:07:13
438330,6,TIGER 우량회사채액티브,115060,2,30,0.03,115082.0,-0.0435,798,91,5373,2026-07-28 01:07:13
0019K0,7,TIME 미국나스닥100채권혼합50액티브,13160,5,-410,-3.02,13277.0,3.4693,343956,4536,5343,2026-07-28 01:07:13
365780,6,ACE 국고채10년,82070,3,0,0.0,82094.0,-2.9045,2139,175,5312,2026-07-28 01:07:13
0105E0,2,SOL 코리아고배당,12690,5,-315,-2.42,12702.0,-3.6925,159844,2034,5209,2026-07-28 01:07:13
491620,4,RISE 미국테크100데일리고정커버드콜,10855,5,-175,-1.59,10895.0,4.3578,230280,2505,5205,2026-07-28 01:07:13
0101N0,2,RISE AI전력인프라,16500,5,-1675,-9.22,16551.0,-21.0127,261065,4376,5156,2026-07-28 01:07:13
251350,4,KODEX MSCI선진국,40200,5,-505,-1.24,40326.0,4.6392,11685,470,5146,2026-07-28 01:07:13
0007F0,6,KODEX 27-12 회사채(AA-이상)액티브,10135,3,0,0.0,10140.0,0.3465,4749,48,5081,2026-07-28 01:07:13
462330,2,KODEX 2차전지산업레버리지,793,5,-102,-11.4,789.0,-64.2715,21863469,17696,5030,2026-07-28 01:07:13
473290,6,KODEX 26-12 회사채(AA-이상)액티브,10845,2,5,0.05,10846.0,0.5099,2523,27,4939,2026-07-28 01:07:13
471230,6,KODEX 국고채10년액티브,103380,2,50,0.05,103376.0,-2.8489,8525,880,4917,2026-07-28 01:07:13
476800,7,KODEX 한국부동산리츠인프라,4255,5,-15,-0.35,4291.0,-14.743,275730,1174,4870,2026-07-28 01:07:13
499660,7,TIGER CD금리플러스액티브(합성),1002445,2,85,0.01,1002446.0,0.7443,2140,2145,4848,2026-07-28 01:07:13
0148J0,2,TIGER 코리아휴머노이드로봇산업,7600,5,-630,-7.65,7634.0,-36.6924,1908437,14824,4826,2026-07-28 01:07:13
315960,2,RISE 대형고배당10TR,72485,5,-5840,-7.46,72575.0,14.4767,49401,3618,4784,2026-07-28 01:07:13
490490,7,SOL 미국배당미국채혼합50,11635,2,15,0.13,11633.0,2.4463,65798,765,4782,2026-07-28 01:07:13
496080,1,TIGER 코리아밸류업,29860,5,-2300,-7.15,29884.0,8.5335,94454,2841,4703,2026-07-28 01:07:13
444200,2,SOL 코리아메가테크액티브,41195,5,-3835,-8.52,41173.0,-10.876,93520,3886,4696,2026-07-28 01:07:13
463250,2,TIGER K방산&우주,31145,5,-1345,-4.14,31221.0,-35.3428,122071,3838,4687,2026-07-28 01:07:13
435420,7,TIGER 미국나스닥100채권혼합50,14085,5,-120,-0.84,14115.0,1.2474,58956,831,4655,2026-07-28 01:07:13
451000,6,PLUS 종합채권(AA-이상)액티브,106895,2,185,0.17,106849.0,-3.1011,1,0,4600,2026-07-28 01:07:13
0091P0,2,TIGER 코리아원자력,13580,5,-1015,-6.95,13612.0,-46.0946,316786,4361,4576,2026-07-28 01:07:13
483280,4,KODEX 미국AI테크TOP10타겟커버드콜,11612,5,-338,-2.83,11669.0,-5.3361,78592,915,4575,2026-07-28 01:07:13
293180,1,HANARO 200,99185,5,-8720,-8.08,99059.0,7.741,1914,190,4513,2026-07-28 01:07:13
0190C0,2,RISE 현대차고정피지컬AI,7620,5,-605,-7.36,7633.0,,720986,5555,4488,2026-07-28 01:07:13
462010,2,TIGER 2차전지소재Fn,4180,5,-280,-6.28,4184.0,-41.588,798031,3369,4448,2026-07-28 01:07:13
480260,6,TIGER 27-04회사채(A+이상)액티브,53617,2,17,0.03,53620.0,0.3651,1282,68,4385,2026-07-28 01:07:13
448290,4,TIGER 미국S&P500(H),17190,5,-190,-1.09,17221.0,4.2587,28748,494,4383,2026-07-28 01:07:13
447770,7,TIGER 테슬라채권혼합Fn,13415,5,-90,-0.67,13467.0,-5.1944,47717,640,4360,2026-07-28 01:07:13
361580,1,RISE 200TR,56045,5,-5390,-8.77,56064.0,8.2269,40889,2312,4315,2026-07-28 01:07:13
439870,6,KODEX 국고채30년액티브,87070,5,-85,-0.1,87075.0,-14.2766,1707,148,4286,2026-07-28 01:07:13
474220,4,TIGER 미국테크TOP10타겟커버드콜,14925,5,-275,-1.81,14981.0,-3.1249,20459,305,4209,2026-07-28 01:07:13
148070,6,KIWOOM 국고채10년,104045,2,80,0.08,104043.0,-2.9408,1367,142,4159,2026-07-28 01:07:13
458250,6,TIGER 미국30년국채스트립액티브(합성 H),35510,5,-165,-0.46,35552.0,-3.6853,44253,1571,4101,2026-07-28 01:07:13
0162M0,6,KODEX 금융채1~2년(AA-이상)PLUS액티브,10025,2,30,0.3,10016.0,0.1503,5005,50,4087,2026-07-28 01:07:13
477050,6,PLUS 머니마켓액티브,53330,2,5,0.01,53333.0,0.7748,1809,96,4069,2026-07-28 01:07:13
0016X0,6,SOL 중단기회사채(A-이상)액티브,51260,2,25,0.05,51255.0,0.5396,4453,228,4023,2026-07-28 01:07:13
0060H0,1,TIGER 토탈월드스탁액티브,13160,5,-20,-0.15,13058.0,3.7789,171608,2252,3974,2026-07-28 01:07:13
277630,1,TIGER 코스피,64960,5,-5490,-7.79,65044.0,2.5737,40446,2653,3963,2026-07-28 01:07:13
0023A0,4,SOL 미국양자컴퓨팅TOP10,24400,2,285,1.18,24553.0,-11.5048,97030,2375,3941,2026-07-28 01:07:13
426020,4,TIME 미국S&P500액티브,32665,5,-855,-2.55,32900.0,4.8155,50319,1648,3926,2026-07-28 01:07:13
451060,1,1Q 200액티브,31650,5,-2815,-8.17,31623.0,7.0982,47711,1526,3893,2026-07-28 01:07:13
241180,4,TIGER 일본니케이225,33715,5,-1455,-4.14,33759.0,4.1302,20933,710,3864,2026-07-28 01:07:13
091180,2,KODEX 자동차,26810,5,-1460,-5.16,26844.0,-12.3007,133807,3611,3847,2026-07-28 01:07:13
0163Y0,1,KoAct 코스닥액티브,7580,5,-770,-9.22,7591.0,-36.9336,690678,5312,3756,2026-07-28 01:07:13
243880,2,TIGER 200IT레버리지,282740,5,-77045,-21.41,283356.0,15.6474,50889,14832,3746,2026-07-28 01:07:13
453810,4,KODEX 인도Nifty50,12355,2,45,0.37,12472.0,-2.9564,36431,449,3707,2026-07-28 01:07:13
0173Y0,4,KODEX 미국AI광통신네트워크,10435,5,-1075,-9.34,10701.0,-12.5048,192118,2028,3704,2026-07-28 01:07:13
0043Y0,4,TIME 차이나AI테크액티브,20885,5,-315,-1.49,20747.0,10.4742,50232,1068,3697,2026-07-28 01:07:13
0131V0,4,1Q 미국우주항공테크,10900,3,0,0.0,11086.0,-9.993,74493,817,3662,2026-07-28 01:07:13
0040Y0,7,SOL 팔란티어커버드콜OTM채권혼합,8105,2,50,0.62,8126.0,-4.4966,155810,1262,3570,2026-07-28 01:07:13
0144L0,4,KODEX 미국성장커버드콜액티브,9870,5,-195,-1.94,9920.0,2.6231,131107,1297,3548,2026-07-28 01:07:13
456880,7,ACE 미국달러SOFR금리(합성),12865,2,10,0.08,12870.0,0.5868,8116,104,3548,2026-07-28 01:07:13
439860,6,KODEX ESG종합채권(A-이상)액티브,113150,2,25,0.02,113112.0,-0.4094,10,1,3533,2026-07-28 01:07:13
488080,3,TIGER 반도체TOP10레버리지,28940,5,-7505,-20.59,28915.0,-39.4602,531926,15748,3516,2026-07-28 01:07:13
0046A0,6,TIGER 미국초단기(3개월이하)국채,10172,2,2,0.02,10175.0,0.3784,151211,1538,3450,2026-07-28 01:07:13
496020,6,WON 전단채플러스액티브,52275,2,5,0.01,52282.0,0.8489,3328,173,3431,2026-07-28 01:07:13
484880,2,SOL 금융지주플러스고배당,22345,5,-410,-1.8,22330.0,2.6047,109762,2458,3419,2026-07-28 01:07:13
0052D0,2,TIGER 코리아배당다우존스,15340,5,-290,-1.86,15364.0,-4.1123,28631,440,3405,2026-07-28 01:07:13
385550,6,RISE 단기채권알파액티브,113735,2,15,0.01,113741.0,0.5882,129,14,3378,2026-07-28 01:07:13
0167Z0,4,KODEX 미국우주항공,7415,5,-105,-1.4,7531.0,-27.2376,135795,1011,3378,2026-07-28 01:07:13
462900,2,KoAct 바이오헬스케어액티브,12730,5,-570,-4.29,12775.0,-41.5514,208158,2691,3373,2026-07-28 01:07:13
448300,4,TIGER 미국나스닥100(H),21725,5,-525,-2.36,21852.0,4.1914,57466,1251,3357,2026-07-28 01:07:13
385720,1,TIME 코스피액티브,23370,5,-2130,-8.35,23390.0,-0.0784,77598,1844,3342,2026-07-28 01:07:13
091170,2,KODEX 은행,15955,5,-185,-1.15,15999.0,3.6529,432434,6927,3335,2026-07-28 01:07:13
0197X0,2,SOL SK하이닉스선물단일종목인버스2X,13665,2,2410,21.41,13650.0,,57410325,772921,3304,2026-07-28 01:07:13
472170,7,TIGER 미국테크TOP10채권혼합,13805,5,-105,-0.75,13846.0,-2.4203,49728,687,3292,2026-07-28 01:07:13
132030,5,KODEX 골드선물(H),22805,5,-255,-1.11,22821.0,-13.8106,25531,583,3261,2026-07-28 01:07:13
474590,2,WON 반도체밸류체인액티브,37895,5,-4315,-10.22,37871.0,12.7253,47878,1835,3259,2026-07-28 01:07:13
0026S0,4,1Q 미국S&P500,13185,5,-120,-0.9,13202.0,4.2958,32195,424,3244,2026-07-28 01:07:13
0052S0,7,1Q 미국S&P500미국채혼합50액티브,12120,5,-60,-0.49,12130.0,2.4386,38729,469,3236,2026-07-28 01:07:13
0080G0,2,KODEX 방산TOP10,9505,5,-390,-3.94,9516.0,-34.4051,1325441,12680,3203,2026-07-28 01:07:13
469070,2,RISE AI&로봇,9785,5,-520,-5.05,9779.0,-35.4528,143065,1415,3195,2026-07-28 01:07:13
310960,1,TIGER 200TR,57850,5,-5145,-8.17,57851.0,7.8773,12628,736,3182,2026-07-28 01:07:13
279530,2,KODEX 고배당주,17410,5,-335,-1.89,17415.0,-2.3578,81097,1413,3169,2026-07-28 01:07:13
454780,6,KIWOOM 종합채권(AA-이상)액티브,99210,3,0,0.0,99204.0,-3.0585,0,0,3156,2026-07-28 01:07:13
442570,7,RISE TDF2050액티브 적격,17585,5,-255,-1.43,17482.0,2.8242,46211,813,3113,2026-07-28 01:07:13
448630,7,RISE 삼성그룹Top3채권혼합,14490,5,-265,-1.8,14556.0,1.0613,59296,864,3101,2026-07-28 01:07:13
476760,6,ACE 미국30년국채액티브,9685,5,-20,-0.21,9673.0,-1.9891,73192,708,3090,2026-07-28 01:07:13
453870,4,TIGER 인도니프티50,12175,2,40,0.33,12283.0,-2.9587,37454,455,3086,2026-07-28 01:07:13
489030,2,PLUS 고배당주위클리커버드콜,6900,5,-20,-0.29,6828.0,-16.3982,255732,1756,3060,2026-07-28 01:07:13
473330,6,SOL 미국30년국채커버드콜(합성),8740,2,10,0.11,8730.0,-2.238,76402,666,3042,2026-07-28 01:07:13
441680,7,TIGER 미국나스닥100커버드콜(합성),11165,5,-55,-0.49,11168.0,1.2169,23638,264,3037,2026-07-28 01:07:13
471990,2,KODEX AI반도체핵심장비,18560,5,-2360,-11.28,18594.0,-33.9645,760986,14359,3025,2026-07-28 01:07:13
0111P0,7,1Q 미국나스닥100미국채혼합50액티브,11175,5,-125,-1.11,11206.0,2.448,34219,382,3017,2026-07-28 01:07:13
483320,4,ACE 엔비디아밸류체인액티브,23440,5,-1895,-7.48,23683.0,9.7228,273050,6454,2895,2026-07-28 01:07:13
485540,4,KODEX 미국AI테크TOP10,14640,5,-445,-2.95,14723.0,-5.2455,18513,271,2884,2026-07-28 01:07:13
190620,6,ACE 단기통안채,101735,2,20,0.02,101731.0,0.6083,3685,374,2879,2026-07-28 01:07:13
461490,7,RISE 글로벌자산배분액티브,14690,5,-70,-0.47,14686.0,-1.8942,31902,468,2872,2026-07-28 01:07:13
475080,7,KODEX 테슬라커버드콜채권혼합액티브,7845,5,-75,-0.95,7873.0,-3.3056,86516,679,2863,2026-07-28 01:07:13
433330,4,SOL 미국S&P500,22530,5,-220,-0.97,22569.0,4.323,14077,317,2861,2026-07-28 01:07:13
0038A0,4,KODEX 미국휴머노이드로봇,15040,5,-455,-2.94,15166.0,-9.808,28496,429,2858,2026-07-28 01:07:13
0094K0,6,TIGER 28-04 회사채(A+이상)액티브,99140,2,55,0.06,99116.0,0.1668,10160,1006,2841,2026-07-28 01:07:13
273140,6,KODEX 단기변동금리부채권액티브,114645,2,5,0.0,114641.0,0.5245,849,97,2782,2026-07-28 01:07:13
196230,6,RISE 단기통안채,116660,2,20,0.02,116665.0,0.569,205,23,2778,2026-07-28 01:07:13
245710,4,ACE 베트남VN30(합성),28332,5,-218,-0.76,28411.0,-8.9315,3114,88,2777,2026-07-28 01:07:13
481190,4,SOL 미국테크TOP10,16610,5,-375,-2.21,16680.0,-2.9158,27664,460,2774,2026-07-28 01:07:13
0053L0,4,TIGER 차이나휴머노이드로봇,10485,2,5,0.05,10586.0,-17.0541,26679,279,2758,2026-07-28 01:07:13
0008S0,4,TIGER 미국배당다우존스타겟데일리커버드콜,10415,2,15,0.14,10436.0,6.7171,92791,965,2755,2026-07-28 01:07:13
472920,6,HK 종합채권(AA-이상)액티브,97700,3,0,0.0,97770.0,-2.8972,0,0,2748,2026-07-28 01:07:13
283580,4,KODEX 차이나CSI300,16445,5,-10,-0.06,16601.0,-0.3928,27730,456,2738,2026-07-28 01:07:13
0182R0,2,1Q K반도체TOP2+,9265,5,-1130,-10.87,9272.0,-10.8873,1585180,14903,2715,2026-07-28 01:07:13
270810,1,RISE 코스닥150,11940,5,-945,-7.33,11950.0,-37.1153,67115,811,2701,2026-07-28 01:07:13
364970,2,TIGER 바이오TOP10,6755,5,-70,-1.03,6768.0,-17.5687,465852,3174,2695,2026-07-28 01:07:13
478150,4,TIME 글로벌우주테크&방산액티브,21710,2,30,0.14,21829.0,0.9545,14701,319,2670,2026-07-28 01:07:13
475300,2,SOL 반도체전공정,17585,5,-2235,-11.28,17597.0,-9.7457,882911,15779,2655,2026-07-28 01:07:13
385510,2,KODEX 신재생에너지액티브,31655,5,-3425,-9.76,31801.0,-37.2901,57156,1852,2643,2026-07-28 01:07:13
0210A0,2,ACE K반도체TOP2+,6235,5,-800,-11.37,6245.0,,2083674,13213,2597,2026-07-28 01:07:13
497880,6,SOL CD금리&머니마켓액티브,50150,5,-5,-0.01,50151.0,0.8423,47904,2402,2586,2026-07-28 01:07:13
0219E0,2,KODEX 200커버드콜액티브,7960,5,-740,-8.51,7963.0,,3686939,29775,2571,2026-07-28 01:07:13
302190,6,TIGER 중장기국채,49880,2,50,0.1,49872.0,-1.5607,301,15,2554,2026-07-28 01:07:13
471040,4,KoAct 글로벌AI&로봇액티브,27715,5,-1915,-6.46,28094.0,-1.3321,42983,1199,2550,2026-07-28 01:07:13
423170,4,SOL 글로벌AI반도체탑픽액티브,55245,5,-4735,-7.89,55645.0,19.2465,81404,4545,2530,2026-07-28 01:07:13
414780,4,TIGER 차이나과창판STAR50(합성),15985,2,190,1.2,16207.0,18.804,133399,2130,2510,2026-07-28 01:07:13
307520,2,TIGER 지주회사,19370,5,-1485,-7.12,19416.0,-12.9958,125318,2458,2508,2026-07-28 01:07:13
483340,4,ACE 구글밸류체인액티브,21870,5,-975,-4.27,22116.0,2.859,69381,1526,2482,2026-07-28 01:07:13
486450,4,SOL 미국AI전력인프라,20770,5,-790,-3.66,20968.0,-13.8266,7554,157,2461,2026-07-28 01:07:13
157500,2,TIGER 증권,13105,5,-915,-6.53,13126.0,-29.2098,121599,1617,2448,2026-07-28 01:07:13
139230,2,TIGER 200 중공업,12120,5,-865,-6.66,12137.0,-35.8766,44492,546,2441,2026-07-28 01:07:13
488980,6,SOL 26-12 회사채(AA-이상)액티브,51955,2,10,0.02,51958.0,0.6159,183,9,2421,2026-07-28 01:07:13
493810,4,TIGER 미국AI빅테크10타겟데일리커버드콜,11480,5,-225,-1.92,11513.0,-1.2763,52078,598,2417,2026-07-28 01:07:13
228790,2,TIGER 화장품,3795,5,-65,-1.68,3813.0,-6.6479,1232545,4699,2405,2026-07-28 01:07:13
363570,6,KODEX 장기종합채권(AA-이상)액티브,86170,3,0,0.0,86091.0,-6.9389,0,0,2394,2026-07-28 01:07:13
458260,6,TIGER 미국투자등급회사채액티브(H),46615,5,-75,-0.16,46557.0,-1.8391,289,13,2372,2026-07-28 01:07:13
495230,1,KoAct 코리아밸류업액티브,28595,5,-2540,-8.16,28570.0,3.8319,42282,1224,2359,2026-07-28 01:07:13
305080,6,TIGER 미국채10년선물,13100,5,-5,-0.04,13103.0,-1.688,15664,205,2345,2026-07-28 01:07:13
213610,2,KODEX 삼성그룹밸류,20750,5,-1375,-6.21,20754.0,10.1346,8788,183,2345,2026-07-28 01:07:13
329650,7,KODEX TRF3070,14190,5,-5,-0.04,14238.0,-1.2523,21729,308,2341,2026-07-28 01:07:13
437080,6,KODEX 미국종합채권ESG액티브(H),97440,5,-75,-0.08,97433.0,-1.2662,320,31,2334,2026-07-28 01:07:13
409820,4,KODEX 미국나스닥100레버리지(합성 H),17955,5,-885,-4.7,18168.0,6.5309,147132,2660,2325,2026-07-28 01:07:13
261260,7,KODEX 미국달러선물인버스2X,4720,5,-5,-0.11,4723.0,-0.2112,75775,357,2310,2026-07-28 01:07:13
448540,7,ACE 엔비디아채권혼합,26000,5,-505,-1.91,26034.0,0.6073,25883,673,2288,2026-07-28 01:07:13
0092C0,6,SOL 27-12 회사채(AA-이상)액티브,50065,3,0,0.0,50060.0,0.4615,0,0,2284,2026-07-28 01:07:13
0098F0,2,KODEX 원자력SMR,13030,5,-1030,-7.33,13058.0,-41.0859,180021,2380,2280,2026-07-28 01:07:13
0047A0,4,TIGER 차이나테크TOP10,14145,2,105,0.75,14231.0,4.542,19721,279,2263,2026-07-28 01:07:13
421320,2,PLUS 우주항공,24025,5,-1175,-4.66,24037.0,-48.0622,19480,472,2258,2026-07-28 01:07:13
442320,4,RISE 글로벌원자력,35380,5,-1120,-3.07,35569.0,-27.6942,2835,101,2247,2026-07-28 01:07:13
471780,2,TIGER 코리아테크액티브,30295,5,-3510,-10.38,30281.0,2.4701,76229,2329,2245,2026-07-28 01:07:13
123320,3,TIGER 레버리지,97060,5,-19480,-16.72,96977.0,1.3743,85293,8467,2232,2026-07-28 01:07:13
472160,4,TIGER 미국테크TOP10 INDXX(H),17575,5,-395,-2.2,17652.0,-3.1267,28399,500,2214,2026-07-28 01:07:13
0183V0,7,KIWOOM 삼성전자&SK하이닉스채권혼합50,11180,5,-615,-5.21,11191.0,16.753,487641,5478,2202,2026-07-28 01:07:13
0182S0,7,1Q K반도체TOP2채권혼합50,11730,5,-635,-5.14,11738.0,14.9163,135772,1601,2188,2026-07-28 01:07:13
388420,2,RISE 비메모리반도체액티브,23845,5,-3040,-11.31,23868.0,-3.8276,124560,3010,2170,2026-07-28 01:07:13
0162Y0,1,TIME 코스닥액티브,6210,5,-655,-9.54,6217.0,-38.1532,375288,2371,2142,2026-07-28 01:07:13
498270,4,KIWOOM 미국양자컴퓨팅,14360,5,-45,-0.31,14484.0,0.314,25410,366,2140,2026-07-28 01:07:13
452360,4,SOL 미국배당다우존스(H),13125,2,40,0.31,13133.0,6.7545,38481,504,2139,2026-07-28 01:07:13
0089D0,2,KODEX 금융고배당TOP10,13190,5,-330,-2.44,13194.0,1.0288,57812,764,2124,2026-07-28 01:07:13
476450,6,KIWOOM 머니마켓액티브,52595,2,5,0.01,52600.0,0.6988,3853,202,2080,2026-07-28 01:07:13
0151S0,4,KODEX 미국AI반도체TOP3플러스,14925,5,-1065,-6.66,15195.0,8.6295,150021,2260,2075,2026-07-28 01:07:13
490090,4,TIGER 미국AI빅테크10,15710,5,-325,-2.03,15762.0,-0.8043,26723,420,2074,2026-07-28 01:07:13
466930,2,SOL 자동차TOP3플러스,23690,5,-1690,-6.66,23673.0,5.8595,252162,6019,2073,2026-07-28 01:07:13
363580,2,KODEX 200IT TR,48080,5,-5725,-10.64,48128.0,21.2233,88711,4318,2067,2026-07-28 01:07:13
495060,1,TIME 코리아밸류업액티브,26970,5,-2380,-8.11,26918.0,5.8993,76085,2072,2063,2026-07-28 01:07:13
394670,4,TIGER 글로벌리튬&2차전지SOLACTIVE(합성),10960,5,-130,-1.17,11104.0,-18.6354,7352,80,2030,2026-07-28 01:07:13
0104N0,2,TIGER 200타겟위클리커버드콜,19155,5,-1680,-8.06,19169.0,6.8869,61897,1197,1973,2026-07-28 01:07:13
266160,2,RISE 고배당,31000,5,-2260,-6.79,31019.0,5.9151,12880,401,1969,2026-07-28 01:07:13
302450,1,RISE 코스피,64520,5,-5370,-7.68,64581.0,2.3203,2632,170,1968,2026-07-28 01:07:13
463050,2,TIME K바이오액티브,11830,5,-320,-2.63,11822.0,-35.9178,188718,2258,1964,2026-07-28 01:07:13
463290,6,1Q 단기금융채액티브,108925,2,25,0.02,108922.0,0.6888,12683,1381,1961,2026-07-28 01:07:13
0119H0,6,KODEX 28-12 회사채(AA-이상)액티브,9875,2,5,0.05,9872.0,0.0,433,4,1941,2026-07-28 01:07:13
244580,2,KODEX 바이오,7610,5,-340,-4.28,7629.0,-37.4509,129257,997,1930,2026-07-28 01:07:13
491610,6,1Q CD금리액티브(합성),104565,2,10,0.01,104587.0,0.7079,1582,165,1917,2026-07-28 01:07:13
429000,4,TIGER 미국S&P500배당귀족,14305,2,160,1.13,14298.0,5.4634,43988,628,1895,2026-07-28 01:07:13
0115D0,2,KODEX 조선TOP10,7625,5,-565,-6.9,7650.0,-30.5319,953153,7376,1887,2026-07-28 01:07:13
0091C0,6,KODEX 미국10년국채액티브(H),9640,5,-5,-0.05,9626.0,-1.5207,45702,440,1886,2026-07-28 01:07:13
0005A0,4,KODEX 미국S&P500데일리커버드콜OTM,9975,5,-100,-0.99,9947.0,4.48,65962,658,1885,2026-07-28 01:07:13
332930,1,HANARO 200TR,129705,5,-10955,-7.79,129495.0,7.374,755,98,1881,2026-07-28 01:07:13
480040,4,ACE 미국반도체데일리타겟커버드콜(합성),16040,5,-960,-5.65,16197.0,5.2236,66019,1064,1877,2026-07-28 01:07:13
433500,2,ACE 원자력TOP10,45510,5,-3610,-7.35,45564.0,-44.3198,46650,2149,1866,2026-07-28 01:07:13
0204D0,2,KODEX 현대차로보틱스밸류체인TOP3플러스,5970,5,-400,-6.28,5981.0,,639752,3865,1857,2026-07-28 01:07:13
267770,3,TIGER 200선물레버리지,74250,5,-15065,-16.87,74460.0,1.0865,38303,2943,1856,2026-07-28 01:07:13
0069M0,4,1Q 미국나스닥100,13570,5,-315,-2.27,13641.0,4.3066,38955,530,1846,2026-07-28 01:07:13
495550,1,SOL 코리아밸류업TR,30475,5,-2320,-7.07,30449.0,8.3773,7714,237,1829,2026-07-28 01:07:13
433980,7,KODEX TDF2040액티브 적격,16135,5,-140,-0.86,16114.0,2.1659,10474,169,1823,2026-07-28 01:07:13
251340,3,KODEX 코스닥150선물인버스,2970,2,205,7.41,2995.0,43.7857,10850884,31788,1803,2026-07-28 01:07:13
0082V0,7,KODEX TDF2060액티브 적격,11455,5,-145,-1.25,11436.0,-1.5699,45652,524,1793,2026-07-28 01:07:13
200250,4,KIWOOM 인도Nifty50(합성),22590,2,105,0.47,22745.0,-3.1863,2887,65,1785,2026-07-28 01:07:13
160580,5,TIGER 구리실물,16650,2,150,0.91,16783.0,3.0605,21952,366,1782,2026-07-28 01:07:13
458210,7,KIWOOM CD금리액티브(합성),110290,2,25,0.02,110271.0,0.7124,35,3,1779,2026-07-28 01:07:13
0040X0,7,SOL 팔란티어미국채커버드콜혼합,9390,2,155,1.68,9437.0,-5.4524,77391,727,1775,2026-07-28 01:07:13
483290,4,KODEX 미국배당다우존스타겟커버드콜,10965,2,5,0.05,10980.0,7.2088,99765,1094,1765,2026-07-28 01:07:13
472870,6,RISE 미국30년국채엔화노출(합성 H),7270,5,-15,-0.21,7299.0,-5.9481,26356,191,1763,2026-07-28 01:07:13
422420,2,RISE 2차전지액티브,5520,5,-425,-7.15,5521.0,-44.8516,50115,279,1744,2026-07-28 01:07:13
0122W0,6,RISE 26-11 회사채(AA-이상)액티브,50855,2,10,0.02,50843.0,0.6433,317,16,1726,2026-07-28 01:07:13
473460,4,KODEX 미국서학개미,22115,5,-865,-3.76,22346.0,-4.509,11559,256,1703,2026-07-28 01:07:13
122090,1,PLUS 코스피50,74550,5,-7200,-8.81,74621.0,12.5324,23669,1783,1700,2026-07-28 01:07:13
0051G0,4,SOL 미국원자력SMR,13590,5,-145,-1.06,13646.0,-20.8148,12576,171,1699,2026-07-28 01:07:13
117700,2,KODEX 건설,5805,5,-430,-6.9,5812.0,-34.0585,222192,1303,1683,2026-07-28 01:07:13
0099L0,6,ACE 우량회사채(AA-이상)액티브,99085,2,125,0.13,99101.0,0.096,20213,2002,1634,2026-07-28 01:07:13
237370,7,KODEX 코리아배당성장채권혼합,15620,5,-145,-0.92,15623.0,-1.6181,18373,287,1624,2026-07-28 01:07:13
0192Z0,6,TIGER 중기종합채권(A-이상)액티브,100560,3,0,0.0,100576.0,,0,0,1624,2026-07-28 01:07:13
490600,4,RISE 미국배당100데일리고정커버드콜,9505,2,40,0.42,9519.0,6.1767,54494,517,1616,2026-07-28 01:07:13
337160,2,KODEX 200ESG,43500,5,-4065,-8.55,43617.0,15.6543,7947,350,1610,2026-07-28 01:07:13
480030,4,ACE 미국500데일리타겟커버드콜(합성),10575,5,-70,-0.66,10574.0,3.2091,27570,291,1607,2026-07-28 01:07:13
0190G0,2,KODEX 반도체타겟위클리커버드콜,7890,5,-875,-9.98,7895.0,,481721,3845,1586,2026-07-28 01:07:13
464240,6,KIWOOM 26-09회사채(AA-이상)액티브,52245,3,0,0.0,52273.0,0.6714,0,0,1567,2026-07-28 01:07:13
272560,6,RISE 단기국공채액티브,114545,2,30,0.03,114539.0,0.5178,1249,143,1566,2026-07-28 01:07:13
0127M0,4,ACE 미국대형가치주액티브,12855,5,-145,-1.12,12867.0,12.3631,948,12,1543,2026-07-28 01:07:13
403790,1,MIDAS 코스피액티브,52700,5,-4275,-7.5,52759.0,4.4741,736,39,1541,2026-07-28 01:07:13
0094M0,2,RISE 코리아밸류업위클리고정커버드콜,16930,5,-1170,-6.46,16885.0,6.6418,163690,2798,1532,2026-07-28 01:07:13
0048K0,4,KODEX 차이나휴머노이드로봇,8770,2,5,0.06,8842.0,-13.6403,100862,883,1526,2026-07-28 01:07:13
332500,1,ACE 200TR,66320,5,-6015,-8.32,66320.0,7.7054,3616,241,1525,2026-07-28 01:07:13
480020,4,ACE 미국빅테크7+데일리타겟커버드콜(합성),10835,5,-195,-1.77,10889.0,-7.7947,25767,279,1517,2026-07-28 01:07:13
0064K0,5,KODEX 금액티브,12470,5,-95,-0.76,12483.0,-13.4642,27027,337,1515,2026-07-28 01:07:13
219480,4,KODEX 미국S&P500선물(H),31935,5,-355,-1.1,31941.0,3.9433,862,27,1501,2026-07-28 01:07:13
0153K0,2,KODEX 주주환원고배당주,12195,5,-165,-1.33,12214.0,4.207,68016,832,1500,2026-07-28 01:07:13
245340,4,TIGER 미국다우존스30,37310,5,-90,-0.24,37351.0,6.5917,7631,284,1500,2026-07-28 01:07:13
0104H0,7,KoAct 미국나스닥채권혼합50액티브,11920,5,-385,-3.13,12006.0,1.3591,62306,744,1496,2026-07-28 01:07:13
136340,6,RISE 중기우량회사채,104005,2,125,0.12,104013.0,-0.1775,21,2,1496,2026-07-28 01:07:13
451530,6,TIGER 국고채30년스트립액티브,35240,2,50,0.14,35355.0,-23.5416,10558,372,1496,2026-07-28 01:07:13
494330,2,ACE 라이프자산주주가치액티브,30442,5,-1378,-4.33,30444.0,22.4039,14195,435,1492,2026-07-28 01:07:13
0005G0,2,IBK K-AI반도체코어테크,42695,5,-5255,-10.96,42794.0,17.0604,21791,943,1473,2026-07-28 01:07:13
0093A0,2,RISE AI반도체TOP10,26940,5,-3270,-10.82,26962.0,-16.1185,110684,3021,1468,2026-07-28 01:07:13
494220,2,UNICORN SK하이닉스밸류체인액티브,40305,5,-5120,-11.27,40265.0,6.5064,65067,2664,1451,2026-07-28 01:07:13
192090,4,TIGER 차이나CSI300,13400,5,-10,-0.07,13527.0,-0.6299,21415,286,1434,2026-07-28 01:07:13
0180V0,4,ACE 미국우주테크액티브,7425,5,-90,-1.2,7546.0,-25.1867,75811,565,1433,2026-07-28 01:07:13
491820,2,HANARO 전력설비투자,37880,5,-3840,-9.2,37834.0,-29.3117,92816,3543,1421,2026-07-28 01:07:13
304660,6,KODEX 미국30년국채울트라선물(H),7355,5,-10,-0.14,7374.0,-2.321,2227,16,1405,2026-07-28 01:07:13
143860,2,TIGER 헬스케어,34960,5,-640,-1.8,34982.0,-27.4566,12192,430,1398,2026-07-28 01:07:13
461950,2,KODEX 2차전지핵심소재10,4165,5,-275,-6.19,4166.0,-43.0062,182685,769,1393,2026-07-28 01:07:13
271050,5,KODEX WTI원유선물인버스(H),2125,2,40,1.92,2130.0,0.4819,719497,1522,1379,2026-07-28 01:07:13
0041E0,4,KODEX 미국S&P500액티브,16590,5,-370,-2.18,16622.0,5.9667,20376,338,1377,2026-07-28 01:07:13
0151P0,2,RISE 코리아전략산업액티브,13110,5,-1560,-10.63,13148.0,-11.4933,158644,2105,1350,2026-07-28 01:07:13
152870,1,파워 200,99525,5,-9055,-8.34,99645.0,7.7305,75,7,1344,2026-07-28 01:07:13
182480,7,TIGER 미국MSCI리츠(합성 H),14595,5,-105,-0.71,14616.0,9.2382,7397,107,1343,2026-07-28 01:07:13
0176E0,4,RISE 미국AI전력인프라액티브,10475,5,-590,-5.33,10610.0,-8.3644,7473,78,1336,2026-07-28 01:07:13
138520,2,TIGER 삼성그룹,32360,5,-2735,-7.79,32377.0,12.6336,23550,775,1320,2026-07-28 01:07:13
372330,4,KODEX 차이나항셍테크,7615,2,40,0.53,7587.0,-4.895,30624,232,1317,2026-07-28 01:07:13
0181B0,4,HANARO 미국AI메모리반도체TOP4+,9700,5,-1280,-11.66,10035.0,,232122,2284,1285,2026-07-28 01:07:13
495330,1,1Q 코리아밸류업,29670,5,-2310,-7.22,29675.0,9.3648,6966,208,1276,2026-07-28 01:07:13
0131W0,6,1Q 단기특수은행채액티브,101835,2,5,0.0,101842.0,0.6473,69,7,1271,2026-07-28 01:07:13
412570,2,TIGER 2차전지TOP10레버리지,953,5,-102,-9.67,993.0,-57.6306,1262432,1222,1271,2026-07-28 01:07:13
0123G0,4,TIGER 미국AI전력SMR,6595,5,-165,-2.44,6686.0,-21.3497,37478,248,1270,2026-07-28 01:07:13
233160,3,TIGER 코스닥150 레버리지,5870,5,-970,-14.18,5869.0,-65.6455,857262,5208,1256,2026-07-28 01:07:13
481180,4,SOL 미국AI소프트웨어,14570,2,215,1.5,14616.0,17.519,18152,264,1253,2026-07-28 01:07:13
476030,4,SOL 미국나스닥100,17200,5,-395,-2.24,17286.0,4.4525,27987,482,1247,2026-07-28 01:07:13
411420,4,KODEX 미국나스닥AI테크액티브,26285,5,-830,-3.06,26487.0,-0.9316,5800,152,1235,2026-07-28 01:07:13
0000Y0,6,HK 26-12 회사채(AA-이상)액티브,101560,3,0,0.0,101560.0,0.6341,0,0,1229,2026-07-28 01:07:13
0199C0,2,ACE 고배당주Plus커버드콜액티브,9440,5,-325,-3.33,9435.0,,475438,4511,1227,2026-07-28 01:07:13
114820,6,TIGER 국채3년,104700,2,55,0.05,104711.0,-0.1575,796,83,1225,2026-07-28 01:07:13
354500,1,ACE 코스닥150,12115,5,-950,-7.27,12142.0,-37.1253,102792,1265,1224,2026-07-28 01:07:13
448100,1,WON 200,101535,5,-9265,-8.36,101631.0,7.7183,11390,1172,1193,2026-07-28 01:07:13
464930,4,TIGER 글로벌혁신블루칩TOP10,21130,5,-310,-1.45,21284.0,1.5873,4856,102,1183,2026-07-28 01:07:13
0074K0,2,KoAct K수출핵심기업TOP30액티브,14845,5,-1310,-8.11,14876.0,-14.7944,34977,523,1180,2026-07-28 01:07:13
463680,4,KODEX 미국S&P500테크놀로지,22150,5,-500,-2.21,22117.0,11.1377,13263,294,1174,2026-07-28 01:07:13
488500,4,TIGER 미국S&P500동일가중,13340,5,-30,-0.22,13358.0,6.789,29283,391,1174,2026-07-28 01:07:13
309230,4,ACE 미국WideMoat동일가중,31495,2,110,0.35,31574.0,4.4084,2605,82,1172,2026-07-28 01:07:13
399110,4,SOL 미국S&P500ESG,21205,5,-395,-1.83,21240.0,4.3482,3765,79,1166,2026-07-28 01:07:13
464310,4,TIGER 글로벌AI&로보틱스 INDXX,14000,5,-220,-1.55,14012.0,-9.8288,13842,194,1162,2026-07-28 01:07:13
168580,4,ACE 중국본토CSI300,37187,2,357,0.97,37282.0,-0.5938,195,7,1160,2026-07-28 01:07:13
325010,2,KODEX 성장주,38430,5,-3680,-8.74,38509.0,3.4387,11562,446,1153,2026-07-28 01:07:13
447620,7,SOL 미국TOP5채권혼합50,15505,5,-105,-0.67,15566.0,-1.5431,14034,218,1147,2026-07-28 01:07:13
0168K0,2,TIGER 기술이전바이오액티브,5665,5,-275,-4.63,5673.0,-41.7076,456221,2632,1147,2026-07-28 01:07:13
498180,6,파워 종합채권(AA-이상)액티브,93065,3,0,0.0,93083.0,-3.0523,0,0,1147,2026-07-28 01:07:13
491230,6,PLUS 국공채머니마켓액티브,52350,2,10,0.02,52347.0,0.7119,220,11,1146,2026-07-28 01:07:13
0135Y0,6,IBK 중기종합채권(AA-이상)액티브,100065,2,95,0.1,100042.0,-0.1349,190,19,1138,2026-07-28 01:07:13
0036R0,4,RISE 미국휴머노이드로봇,19405,5,-510,-2.56,19563.0,0.6825,5130,99,1135,2026-07-28 01:07:13
261270,7,KODEX 미국달러선물인버스,7600,5,-10,-0.13,7608.0,0.3957,13153,99,1128,2026-07-28 01:07:13
0005D0,2,SOL 전고체배터리&실리콘음극재,11860,5,-945,-7.38,11878.0,-48.0422,123538,1491,1127,2026-07-28 01:07:13
0080Y0,2,SOL 조선TOP3플러스레버리지,8780,5,-1385,-13.63,9473.0,-56.7263,305091,2778,1115,2026-07-28 01:07:13
139220,2,TIGER 200 건설,6550,5,-560,-7.88,6571.0,-29.6491,254062,1686,1110,2026-07-28 01:07:13
328370,1,PLUS 코스피TR,35165,5,-2970,-7.79,35040.0,3.0675,839,29,1108,2026-07-28 01:07:13
0174B0,7,KoAct 글로벌AI메모리반도체액티브,13275,5,-1580,-10.64,13464.0,27.5654,245994,3317,1095,2026-07-28 01:07:13
304940,4,KODEX 미국나스닥100선물(H),30715,5,-735,-2.34,30878.0,4.0013,9513,293,1090,2026-07-28 01:07:13
394660,4,TIGER 글로벌자율주행&전기차SOLACTIVE,16260,5,-395,-2.37,16362.0,-6.6686,1872,30,1080,2026-07-28 01:07:13
0052T0,6,1Q 중단기회사채(A-이상)액티브,50485,5,-15,-0.03,50520.0,0.5275,144,7,1077,2026-07-28 01:07:13
0191W0,6,HANARO 중기종합채권(A-이상)액티브,100530,3,0,0.0,100545.0,,0,0,1071,2026-07-28 01:07:13
204480,4,TIGER 차이나CSI300레버리지(합성),28760,5,-190,-0.66,29538.0,-5.082,2669,77,1070,2026-07-28 01:07:13
319640,4,TIGER 골드선물(H),23995,5,-220,-0.91,23989.0,-13.9482,1805,43,1068,2026-07-28 01:07:13
438570,6,SOL 국고채10년,97675,5,-95,-0.1,97767.0,-2.8663,3,0,1062,2026-07-28 01:07:13
0193M0,6,BNK 27-12 특수채(AAA이상)액티브,50175,3,0,0.0,50208.0,,0,0,1061,2026-07-28 01:07:13
332940,1,HANARO MSCI Korea TR,44005,5,-3950,-8.24,43767.0,10.178,2123,93,1056,2026-07-28 01:07:13
0132K0,7,PLUS 테슬라위클리커버드콜채권혼합,8030,5,-35,-0.43,8075.0,-3.5988,42168,338,1056,2026-07-28 01:07:13
0091M0,6,HANARO 27-06 회사채(AA-이상)액티브,10115,3,0,0.0,10127.0,0.397,2912,29,1053,2026-07-28 01:07:13
0085P0,6,ACE 미국10년국채액티브,10510,2,10,0.1,10498.0,-1.3784,24423,256,1051,2026-07-28 01:07:13
475050,2,ACE KPOP포커스,7390,5,-205,-2.7,7366.0,-20.3513,170839,1273,1046,2026-07-28 01:07:13
0184L0,6,PLUS 중기종합채권(A-이상)액티브,100275,2,5,0.0,100248.0,,1,0,1043,2026-07-28 01:07:13
449770,4,KIWOOM 미국S&P500,21625,5,-205,-0.94,21656.0,4.2248,757,16,1038,2026-07-28 01:07:13
475280,6,ACE 8월만기자동연장회사채AA-이상액티브,10705,3,0,0.0,10705.0,0.8478,0,0,1031,2026-07-28 01:07:13
0221V0,6,IBK 초단기채권액티브,100090,3,0,0.0,100102.0,,39,3,1030,2026-07-28 01:07:13
461500,6,HANARO 종합채권(AA-이상)액티브,104705,5,-110,-0.1,104721.0,-2.733,7,0,1028,2026-07-28 01:07:13
377990,2,TIGER Fn신재생에너지,20100,5,-2255,-10.09,20180.0,-36.9661,131994,2716,1025,2026-07-28 01:07:13
367770,2,RISE 수소경제테마,19695,5,-1405,-6.66,19752.0,-26.7694,65398,1302,1024,2026-07-28 01:07:13
465780,6,마이티 26-09 특수채(AAA)액티브,106105,3,0,0.0,106130.0,0.6354,0,0,1022,2026-07-28 01:07:13
0092B0,2,SOL 한국원자력SMR,12735,5,-990,-7.21,12766.0,-44.3437,42526,550,1019,2026-07-28 01:07:13
0162L0,4,KODEX 차이나AI반도체TOP10,15905,2,415,2.68,15817.0,27.3859,256697,4065,1018,2026-07-28 01:07:13
468380,6,KODEX iShares미국하이일드액티브,11635,5,-15,-0.13,11633.0,0.007,10405,121,1015,2026-07-28 01:07:13
457990,2,PLUS 태양광&ESS,30210,5,-2835,-8.58,30215.0,-34.5143,166274,5137,1012,2026-07-28 01:07:13
325020,2,KODEX 배당가치,28090,5,-1135,-3.88,28064.0,5.6594,2824,79,1011,2026-07-28 01:07:13
308620,6,KODEX 미국10년국채선물,12295,2,5,0.04,12291.0,-1.483,13204,162,1008,2026-07-28 01:07:13
469170,2,ACE 포스코그룹포커스,5090,5,-235,-4.41,5083.0,-35.5505,221884,1137,1008,2026-07-28 01:07:13
471760,2,TIGER AI반도체핵심공정,11555,5,-1595,-12.13,11546.0,-41.6722,394975,4633,988,2026-07-28 01:07:13
114100,6,RISE 국고채3년,106230,2,40,0.04,106228.0,-0.1159,547,58,988,2026-07-28 01:07:13
0138Y0,7,PLUS 금채권혼합,9720,5,-30,-0.31,9760.0,-6.8768,14990,145,987,2026-07-28 01:07:13
203780,4,TIGER 미국나스닥바이오,34620,5,-370,-1.06,34701.0,11.1499,4368,151,976,2026-07-28 01:07:13
326240,2,RISE IT플러스,38050,5,-3880,-9.25,38041.0,1.1305,2104,81,974,2026-07-28 01:07:13
481430,6,RISE 국고채10년액티브,97785,2,70,0.07,97780.0,-2.9113,2118,207,974,2026-07-28 01:07:13
496090,1,KIWOOM 코리아밸류업,29830,5,-2280,-7.1,29857.0,8.8091,223,6,969,2026-07-28 01:07:13
465610,4,ACE 미국빅테크TOP7 Plus레버리지(합성),40260,5,-1480,-3.55,40644.0,-6.5174,1806,73,966,2026-07-28 01:07:13
488720,7,WON 종합채권(AA-이상)액티브,48455,2,20,0.04,48470.0,-2.5649,2,0,946,2026-07-28 01:07:13
455860,2,SOL 2차전지소부장Fn,3900,5,-240,-5.8,3904.0,-42.2647,180784,710,944,2026-07-28 01:07:13
473440,6,ACE 11월만기자동연장회사채AA-이상액티브,10805,2,5,0.05,10817.0,0.5586,1265,13,940,2026-07-28 01:07:13
266370,2,KODEX IT,58685,5,-7085,-10.77,58849.0,11.36,61968,3679,939,2026-07-28 01:07:13
195980,4,PLUS 신흥국MSCI(합성 H),14255,5,-345,-2.36,14398.0,1.7067,2607,37,935,2026-07-28 01:07:13
143850,4,TIGER 미국S&P500선물(H),74800,5,-765,-1.01,74796.0,3.6272,3491,261,935,2026-07-28 01:07:13
0035T0,7,PLUS 글로벌휴머노이드로봇액티브,18930,5,-835,-4.22,18958.0,-9.2722,11410,217,928,2026-07-28 01:07:13
0000J0,2,PLUS 한화그룹주,23875,5,-1555,-6.11,23964.0,-39.9007,29652,717,919,2026-07-28 01:07:13
433970,7,KODEX TDF2030액티브 적격,14190,5,-65,-0.46,14124.0,1.5677,12521,177,915,2026-07-28 01:07:13
0137V0,4,KIWOOM 미국S&P500모멘텀,11785,5,-535,-4.34,11903.0,12.8203,40932,485,913,2026-07-28 01:07:13
269540,4,PLUS 미국S&P500(H),29280,5,-305,-1.03,29336.0,4.3197,2962,86,908,2026-07-28 01:07:13
479620,4,SOL 미국AI반도체칩메이커,25720,5,-2040,-7.35,26314.0,22.7827,25447,662,900,2026-07-28 01:07:13
329670,7,KODEX TRF7030,22435,5,-130,-0.58,22486.0,2.3425,5869,131,897,2026-07-28 01:07:13
476850,1,KoAct 배당성장액티브,19920,5,-1580,-7.35,19948.0,1.6214,52765,1064,896,2026-07-28 01:07:13
0007N0,1,아이엠에셋 200,99590,5,-8730,-8.06,99235.0,7.9353,59,5,896,2026-07-28 01:07:13
460960,7,ACE 글로벌인컴TOP10,11695,2,45,0.39,11690.0,-0.7546,9673,112,895,2026-07-28 01:07:13
444490,4,WON 미국S&P500,20670,5,-215,-1.03,20701.0,4.3728,10486,217,889,2026-07-28 01:07:13
211900,2,KODEX 코리아배당성장,27660,5,-930,-3.25,27671.0,-6.3328,2544,70,885,2026-07-28 01:07:13
485690,4,RISE 미국AI밸류체인TOP3Plus,20855,5,-845,-3.89,21067.0,3.2104,3447,72,876,2026-07-28 01:07:13
130730,6,KIWOOM 단기자금,102750,2,15,0.01,102768.0,0.612,4802,493,855,2026-07-28 01:07:13
329660,7,KODEX TRF5050,18055,5,-70,-0.39,18117.0,1.0756,2413,43,849,2026-07-28 01:07:13
486830,6,HANARO 머니마켓액티브,53105,2,5,0.01,53110.0,0.7398,296,15,843,2026-07-28 01:07:13
0209D0,2,KODEX 전고체배터리ESS TOP2플러스,6625,5,-525,-7.34,6632.0,,534971,3584,835,2026-07-28 01:07:13
0066W0,5,SOL 국제금,12600,5,-120,-0.94,12705.0,-13.322,5661,71,832,2026-07-28 01:07:13
495040,1,PLUS 코리아밸류업,29630,5,-2050,-6.47,29580.0,8.1525,291,8,830,2026-07-28 01:07:13
461460,6,PLUS 국고채10년액티브,51100,2,25,0.05,51112.0,-3.0007,73,3,829,2026-07-28 01:07:13
298770,4,KODEX 한국대만IT프리미어,75320,5,-4625,-5.79,75147.0,14.6981,5663,435,829,2026-07-28 01:07:13
0017Y0,6,1Q 종합채권(AA-이상)액티브,93675,2,30,0.03,93656.0,-3.0139,5,0,828,2026-07-28 01:07:13
453080,4,KIWOOM 미국나스닥100(H),21775,5,-480,-2.16,21875.0,3.8502,19462,424,827,2026-07-28 01:07:13
454320,2,HANARO CAPEX설비투자iSelect,37095,5,-2945,-7.36,37156.0,-33.126,1955,74,816,2026-07-28 01:07:13
0177X0,2,ACE K휴머노이드로봇산업TOP2+,8000,5,-595,-6.92,8011.0,-33.1909,326641,2658,816,2026-07-28 01:07:13
0142D0,4,TIGER 미국AI데이터센터TOP4Plus,9445,5,-605,-6.02,9589.0,-13.5112,83992,799,808,2026-07-28 01:07:13
453330,4,RISE 미국S&P500(H),17525,5,-190,-1.07,17554.0,4.6297,11603,203,806,2026-07-28 01:07:13
0057H0,7,PLUS 미국S&P500미국채혼합50액티브,12160,5,-55,-0.45,12171.0,2.4231,85626,1043,803,2026-07-28 01:07:13
486240,2,DAISHIN343 AI반도체&인프라액티브,25020,5,-2650,-9.58,25072.0,-3.9429,174,4,801,2026-07-28 01:07:13
0049M0,4,ACE 미국배당퀄리티+커버드콜액티브,11560,5,-105,-0.9,11643.0,0.5466,10625,122,798,2026-07-28 01:07:13
108450,2,ACE 삼성그룹섹터가중,35930,5,-2580,-6.7,35772.0,4.8487,888,31,790,2026-07-28 01:07:13
412770,4,TIGER 글로벌AI플랫폼액티브,12790,5,-465,-3.51,13006.0,2.8715,233821,2990,784,2026-07-28 01:07:13
438560,6,SOL 국고채3년,100035,2,70,0.07,100048.0,-0.1199,68,6,783,2026-07-28 01:07:13
295020,6,RISE 국채선물10년인버스,60650,5,-65,-0.11,60669.0,4.0263,2,0,781,2026-07-28 01:07:13
492500,7,1Q 현대차그룹채권(A+이상)&국고통안,51145,5,-5,-0.01,51137.0,0.2548,19,0,778,2026-07-28 01:07:13
228810,2,TIGER 미디어컨텐츠,3260,5,-100,-2.98,3260.0,-30.5795,28996,94,776,2026-07-28 01:07:13
458030,6,WON 국공채머니마켓액티브,54890,2,15,0.03,54885.0,0.6419,106,5,773,2026-07-28 01:07:13
469060,4,RISE 미국반도체NYSE,35850,5,-2350,-6.15,36413.0,16.0782,6725,243,771,2026-07-28 01:07:13
157490,2,TIGER 소프트웨어,8250,5,-330,-3.85,8279.0,-8.1464,60441,506,769,2026-07-28 01:07:13
0098N0,2,PLUS 자사주매입고배당주,12705,5,-265,-2.04,12719.0,-0.8768,22586,287,769,2026-07-28 01:07:13
0018C0,2,PLUS 고배당주위클리고정커버드콜,10810,5,-225,-2.04,10804.0,-12.702,27207,295,762,2026-07-28 01:07:13
0113D0,4,TIME 글로벌탑픽액티브,12270,5,-185,-1.49,12326.0,4.2695,14609,179,761,2026-07-28 01:07:13
138530,2,TIGER LG그룹플러스,10895,5,-505,-4.43,10898.0,-1.5839,48751,533,760,2026-07-28 01:07:13
272910,6,ACE 중장기국공채액티브,105600,3,0,0.0,105676.0,-0.6539,0,0,756,2026-07-28 01:07:13
490480,2,SOL K방산,26470,5,-1140,-4.13,26496.0,-33.2365,13503,359,754,2026-07-28 01:07:13
364960,2,TIGER BBIG,6160,5,-235,-3.67,6170.0,-19.0064,863,5,752,2026-07-28 01:07:13
210780,2,TIGER 코스피고배당,22730,5,-515,-2.22,22738.0,-10.138,2746,62,750,2026-07-28 01:07:13
495750,1,HANARO 코리아밸류업,29770,5,-2345,-7.3,29836.0,9.5646,258,7,729,2026-07-28 01:07:13
211560,2,TIGER 배당성장,34655,5,-1205,-3.36,34668.0,-5.6816,3109,108,728,2026-07-28 01:07:13
337140,2,KODEX 코스피대형주,32980,5,-2955,-8.22,33041.0,5.4542,14359,476,726,2026-07-28 01:07:13
0080X0,7,SOL 미국S&P500미국채혼합50,11465,5,-70,-0.61,11482.0,1.2542,27889,320,722,2026-07-28 01:07:13
441540,2,HANARO Fn조선해운,25955,5,-1590,-5.77,25966.0,-27.5347,2579,67,714,2026-07-28 01:07:13
0190Y0,4,TIGER 구글밸류체인,8940,5,-215,-2.35,8947.0,,25481,228,706,2026-07-28 01:07:13
475350,4,RISE 버크셔포트폴리오TOP10,15510,2,130,0.85,15521.0,9.1941,14056,217,698,2026-07-28 01:07:13
434960,1,DAISHIN343 K200,99595,5,-8820,-8.14,99412.0,7.6587,627,63,697,2026-07-28 01:07:13
458750,4,TIGER 미국배당다우존스타겟커버드콜1호,13615,2,40,0.29,13599.0,7.23,32111,436,694,2026-07-28 01:07:13
123310,3,TIGER 인버스,1356,2,104,8.31,1357.0,-17.3052,3193419,4275,690,2026-07-28 01:07:13
0008T0,2,SOL 화장품TOP3플러스,14670,5,-365,-2.43,14727.0,-11.9978,188727,2783,689,2026-07-28 01:07:13
440640,6,ACE 단기채권알파액티브,112325,2,35,0.03,112324.0,0.704,1301,146,689,2026-07-28 01:07:13
0098Z0,1,FOCUS 200,91770,3,0,0.0,84435.0,6.9015,0,0,688,2026-07-28 01:07:13
365040,1,TIGER AI코리아그로스액티브,32680,5,-2870,-8.07,32646.0,4.6511,4706,155,686,2026-07-28 01:07:13
0022T0,4,SOL 국제금커버드콜액티브,13095,5,-115,-0.87,13193.0,-12.6179,12914,169,681,2026-07-28 01:07:13
0036D0,4,TIME 미국배당다우존스액티브,13270,2,5,0.04,13285.0,14.3424,8119,107,664,2026-07-28 01:07:13
0000D0,7,TIGER 엔비디아미국채커버드콜밸런스(합성),9630,5,-105,-1.08,9565.0,-1.8058,9125,87,655,2026-07-28 01:07:13
228800,2,TIGER 여행레저,2505,5,-45,-1.76,2506.0,-25.5475,144035,361,655,2026-07-28 01:07:13
433880,7,PLUS TDF2060액티브 적격,18960,5,-120,-0.63,18901.0,1.4624,7832,148,654,2026-07-28 01:07:13
453950,4,TIGER TSMC파운드리밸류체인,33475,5,-1765,-5.01,33568.0,4.9768,26990,908,653,2026-07-28 01:07:13
0102A0,4,TIGER 미국AI소프트웨어TOP4Plus,7585,2,275,3.76,7629.0,-3.3069,39043,296,652,2026-07-28 01:07:13
292190,1,KODEX KRX300,43450,5,-3710,-7.87,43479.0,4.1841,2014,88,652,2026-07-28 01:07:13
359210,1,KODEX 코스피TR,32325,5,-2830,-8.05,32313.0,2.8074,4313,140,647,2026-07-28 01:07:13
0089C0,4,KODEX 미국S&P500변동성확대시커버드콜,11705,3,0,0.0,11757.0,3.3893,143,1,638,2026-07-28 01:07:13
0193L0,2,PLUS 삼성전자선물단일종목인버스2X,19800,2,3120,18.71,19775.0,,3384984,65524,638,2026-07-28 01:07:13
266420,2,KODEX 헬스케어,15885,5,-350,-2.16,15880.0,-26.8035,7865,126,635,2026-07-28 01:07:13
278620,6,PLUS 단기채권액티브,118495,3,0,0.0,118582.0,0.445,0,0,634,2026-07-28 01:07:13
261240,7,KODEX 미국달러선물,15150,2,20,0.13,15147.0,0.4981,40294,610,630,2026-07-28 01:07:13
0123S0,2,HANARO 26-12 은행채(AA+이상)액티브,10160,3,0,0.0,10162.0,0.594,1019,10,630,2026-07-28 01:07:13
479730,4,TIGER 인도빌리언컨슈머,10425,2,55,0.53,10542.0,2.0169,1111,11,626,2026-07-28 01:07:13
453640,4,KODEX 미국S&P500헬스케어,14535,5,-70,-0.48,14559.0,13.8373,14302,208,625,2026-07-28 01:07:13
455660,6,ACE 미국하이일드액티브(H),9455,5,-25,-0.26,9450.0,-0.3665,4261,40,624,2026-07-28 01:07:13
419890,6,KIWOOM 단기채권ESG액티브,107160,2,50,0.05,107158.0,0.3748,1,0,622,2026-07-28 01:07:13
476750,6,ACE 미국30년국채엔화노출액티브(H),7840,5,-20,-0.25,7835.0,-5.0272,46316,362,619,2026-07-28 01:07:13
0115E0,2,KODEX 코리아소버린AI,13020,5,-970,-6.93,13063.0,-10.0323,51421,682,618,2026-07-28 01:07:13
440910,4,WON 미국우주항공방산,27320,2,380,1.41,27377.0,6.3141,4710,128,615,2026-07-28 01:07:13
277640,2,TIGER 코스피대형주,34065,5,-3030,-8.17,34150.0,5.247,16233,558,613,2026-07-28 01:07:13
495940,4,RISE 미국AI테크액티브,19700,5,-905,-4.39,19842.0,1.9544,822,16,611,2026-07-28 01:07:13
0040S0,4,HANARO 글로벌피지컬AI액티브,23010,5,-1590,-6.46,23452.0,2.2869,5904,137,610,2026-07-28 01:07:13
0194T0,2,ACE SK하이닉스단일종목레버리지,9180,5,-2425,-20.9,9183.0,,811070,7654,606,2026-07-28 01:07:13
261220,5,KODEX WTI원유선물(H),22705,5,-590,-2.53,22726.0,-7.006,86482,1965,602,2026-07-28 01:07:13
428510,4,KODEX 차이나AI테크액티브,26035,2,340,1.32,25668.0,5.611,5566,145,599,2026-07-28 01:07:13
491700,1,HK 200,99665,5,-6825,-6.41,99575.0,5.5909,853,85,598,2026-07-28 01:07:13
475310,2,SOL 반도체후공정,21155,5,-2455,-10.4,21196.0,-33.6797,113400,2431,592,2026-07-28 01:07:13
455960,6,RISE 미국달러SOFR금리액티브(합성),12905,2,105,0.82,12839.0,0.4315,43,0,591,2026-07-28 01:07:13
0111J0,2,HANARO 증권고배당TOP3플러스,12765,5,-980,-7.13,12805.0,-27.1087,47317,614,587,2026-07-28 01:07:13
473640,4,HANARO 글로벌금채굴기업,28915,5,-385,-1.31,29166.0,-18.225,2073,59,578,2026-07-28 01:07:13
465330,2,RISE 2차전지TOP10,9595,5,-535,-5.28,9582.0,-34.7522,69356,670,576,2026-07-28 01:07:13
275980,4,TIGER 글로벌4차산업혁신기술(합성 H),22300,5,-345,-1.52,22363.0,1.3199,438,9,575,2026-07-28 01:07:13
298340,6,PLUS 국채선물3년,56230,3,0,0.0,56241.0,0.08,0,0,574,2026-07-28 01:07:13
401470,2,KODEX 메타버스액티브,9385,5,-330,-3.4,9398.0,1.7236,11138,105,563,2026-07-28 01:07:13
100910,1,KIWOOM KRX100,15575,5,-1460,-8.57,15551.0,9.2658,723,11,561,2026-07-28 01:07:13
225040,4,TIGER 미국S&P500레버리지(합성 H),63075,5,-1370,-2.13,63315.0,7.5158,3924,248,555,2026-07-28 01:07:13
487130,2,KoAct AI인프라액티브,24020,5,-2725,-10.19,24016.0,-11.5868,8045,196,552,2026-07-28 01:07:13
0181L0,4,SOL 미국우주항공TOP10,6760,5,-90,-1.31,6868.0,-25.8659,24552,166,551,2026-07-28 01:07:13
0141S0,2,SOL 조선기자재,8265,5,-625,-7.03,8265.0,-44.0516,95203,796,550,2026-07-28 01:07:13
306950,3,KODEX KRX300레버리지,68655,5,-12080,-14.96,67919.0,-4.9674,2594,184,549,2026-07-28 01:07:13
150460,2,TIGER 중국소비테마,7155,5,-115,-1.58,7158.0,-11.5494,1259,9,547,2026-07-28 01:07:13
480310,4,TIGER 글로벌온디바이스AI,19870,5,-545,-2.67,19898.0,12.6981,15110,300,546,2026-07-28 01:07:13
0046Y0,4,ACE 미국배당퀄리티,12905,5,-80,-0.62,12928.0,2.0739,1996,25,542,2026-07-28 01:07:13
0185L0,4,TIME 글로벌휴머노이드로봇산업액티브,7630,5,-220,-2.8,7674.0,,22779,174,542,2026-07-28 01:07:13
114470,6,KIWOOM 국고채3년,107575,2,45,0.04,107588.0,-0.1615,31,3,538,2026-07-28 01:07:13
360140,2,KODEX 200롱코스닥150숏선물,24400,5,-200,-0.81,24355.0,65.6008,15948,386,537,2026-07-28 01:07:13
252400,3,RISE 200선물레버리지,89415,5,-18035,-16.78,89623.0,0.8352,3580,327,536,2026-07-28 01:07:13
0118Z0,4,ACE 미국AI테크핵심산업액티브,8657,5,-118,-1.34,8726.0,-12.1182,4243,36,532,2026-07-28 01:07:13
0113P0,6,HK 머니마켓액티브,102110,2,15,0.01,102113.0,0.7052,16,1,529,2026-07-28 01:07:13
491220,1,PLUS 200TR,116870,5,-10985,-8.59,117048.0,7.378,714,84,526,2026-07-28 01:07:13
0172V0,5,1Q 은액티브,7950,5,-275,-3.34,8093.0,-21.8528,16243,130,525,2026-07-28 01:07:13
200030,4,KODEX 미국S&P500산업재(합성),46400,5,-150,-0.32,46489.0,6.2906,166,7,523,2026-07-28 01:07:13
256750,4,KODEX 차이나심천ChiNext(합성),16975,2,35,0.21,17175.0,-2.5597,929,15,519,2026-07-28 01:07:13
0166S0,2,PLUS K제조업핵심기업액티브,9680,5,-985,-9.24,9693.0,-10.6409,36442,356,518,2026-07-28 01:07:13
445150,2,KODEX 친환경조선해운액티브,27250,5,-1595,-5.53,27250.0,-32.9918,3763,103,518,2026-07-28 01:07:13
0192L0,2,RISE SK하이닉스단일종목레버리지,9305,5,-2440,-20.77,9317.0,,300766,2882,516,2026-07-28 01:07:13
282000,3,RISE 국고채3년선물인버스,114740,5,-20,-0.02,114719.0,0.9056,1,0,516,2026-07-28 01:07:13
0194M0,2,ACE 삼성전자단일종목레버리지,9690,5,-2070,-17.6,9712.0,,189454,1911,516,2026-07-28 01:07:13
0139P0,2,ACE 고배당주,13270,5,-350,-2.57,13317.0,-3.829,26046,346,504,2026-07-28 01:07:13
475260,6,ACE 2월만기자동연장회사채AA-이상액티브,10705,2,5,0.05,10710.0,0.3752,1000,10,504,2026-07-28 01:07:13
494840,4,TIGER 미국방산TOP10,14240,2,160,1.14,14280.0,6.8272,39451,576,498,2026-07-28 01:07:13
261070,2,TIGER 코스닥150바이오테크,10925,5,-545,-4.75,10960.0,-40.282,47939,534,498,2026-07-28 01:07:13
385590,2,ACE ESG액티브,21475,5,-1710,-7.38,21512.0,7.6609,30,0,494,2026-07-28 01:07:13
0086B0,2,TIGER 리츠부동산인프라TOP10액티브,9565,5,-20,-0.21,9612.0,-17.5683,23171,222,493,2026-07-28 01:07:13
218420,4,KODEX 미국S&P500에너지(합성),20045,2,140,0.7,20010.0,2.1031,6499,129,490,2026-07-28 01:07:13
304780,3,HANARO 200선물레버리지,108900,5,-21600,-16.55,108909.0,0.5431,3080,346,490,2026-07-28 01:07:13
0210E0,2,PLUS 200커버드콜액티브,6990,5,-630,-8.27,6993.0,,158177,1118,489,2026-07-28 01:07:13
442560,7,RISE TDF2040액티브 적격,16565,5,-240,-1.43,16443.0,3.0033,8323,138,489,2026-07-28 01:07:13
101280,4,KODEX 일본TOPIX100,30135,5,-840,-2.71,30165.0,5.893,3970,119,488,2026-07-28 01:07:13
0132H0,4,KODEX 미국원자력SMR,8545,5,-55,-0.64,8620.0,-25.5737,20935,179,487,2026-07-28 01:07:13
140700,2,KODEX 보험,18655,5,-615,-3.19,18649.0,21.6935,9809,182,485,2026-07-28 01:07:13
0118S0,4,SOL 미국넥스트테크TOP10액티브,10390,5,-400,-3.71,10614.0,-6.7821,12443,130,483,2026-07-28 01:07:13
176950,6,KODEX 국채선물10년인버스,60475,5,-50,-0.08,60467.0,3.9769,358,21,483,2026-07-28 01:07:13
472830,6,RISE 미국30년국채커버드콜(합성),8667,2,2,0.02,8661.0,-2.4086,1876,16,481,2026-07-28 01:07:13
0197W0,2,SOL SK하이닉스단일종목레버리지,9080,5,-2460,-21.32,9073.0,,1465617,13651,479,2026-07-28 01:07:13
336160,6,RISE 금융채액티브,100235,2,25,0.02,100259.0,-0.0696,24,2,475,2026-07-28 01:07:13
371470,4,TIGER 차이나바이오테크SOLACTIVE,8500,5,-10,-0.12,8569.0,1.0089,1614,13,473,2026-07-28 01:07:13
276990,4,KODEX 글로벌로봇(합성),26525,2,95,0.36,26602.0,-2.1112,1430,37,469,2026-07-28 01:07:13
447430,2,ACE 주주환원가치주액티브,15895,5,-265,-1.64,15902.0,-12.2453,2290,36,469,2026-07-28 01:07:13
287180,4,PLUS 미국나스닥테크,54895,5,-910,-1.63,55191.0,13.3124,936,51,467,2026-07-28 01:07:13
476260,2,HANARO 반도체핵심공정주도주,11060,5,-1440,-11.52,11088.0,-14.6758,145593,1638,465,2026-07-28 01:07:13
275300,2,KODEX 우량주,27275,5,-2515,-8.44,27294.0,11.6956,2388,65,464,2026-07-28 01:07:13
473490,4,KIWOOM 글로벌AI반도체,30845,5,-1855,-5.67,31263.0,10.5111,729,22,463,2026-07-28 01:07:13
453650,4,KODEX 미국S&P500금융,20465,2,65,0.32,20506.0,10.4764,9883,202,460,2026-07-28 01:07:13
0020H0,4,KoAct 글로벌양자컴퓨팅액티브,21800,5,-370,-1.67,21913.0,-1.6852,6651,146,458,2026-07-28 01:07:13
461340,4,HANARO 글로벌생성형AI액티브,41465,5,-2130,-4.89,42059.0,7.4701,3076,127,456,2026-07-28 01:07:13
0178H0,7,IBK 미국AI TOP10국채혼합50,9755,5,-115,-1.17,9687.0,,25120,245,454,2026-07-28 01:07:13
0000Z0,2,RISE 바이오TOP10액티브,8275,5,-370,-4.28,8289.0,-47.4469,37852,316,451,2026-07-28 01:07:13
253150,3,PLUS 200선물레버리지,180345,5,-33055,-15.49,178751.0,0.015,17780,3276,451,2026-07-28 01:07:13
0041D0,4,KODEX 미국AI소프트웨어TOP10,11990,2,270,2.3,12053.0,-3.3406,10272,123,450,2026-07-28 01:07:13
475270,6,ACE 5월만기자동연장회사채AA-이상액티브,10690,3,0,0.0,10696.0,0.5644,55,0,446,2026-07-28 01:07:13
401170,2,RISE 메타버스,11170,5,-560,-4.77,11182.0,23.338,2450,27,445,2026-07-28 01:07:13
418670,4,TIGER 글로벌AI사이버보안,16835,5,-225,-1.32,16924.0,43.8448,27463,462,444,2026-07-28 01:07:13
452250,6,ACE 미국30년국채선물레버리지(합성 H),4850,5,-10,-0.21,4910.0,-6.4486,19928,96,444,2026-07-28 01:07:13
456680,4,TIGER 차이나전기차레버리지(합성),7480,2,70,0.94,7562.0,-39.0375,3765,28,444,2026-07-28 01:07:13
440650,6,ACE 미국달러단기채권액티브,12285,2,5,0.04,12279.0,0.3677,10244,125,442,2026-07-28 01:07:13
442260,1,마이티 다이나믹퀀트액티브,34300,5,-3320,-8.83,34272.0,7.9773,29,1,439,2026-07-28 01:07:13
152500,3,ACE 레버리지,39620,5,-7865,-16.56,39631.0,0.6571,21651,880,436,2026-07-28 01:07:13
140950,1,파워 코스피100,77745,5,-7150,-8.42,77774.0,9.7717,504,39,435,2026-07-28 01:07:13
0007G0,4,PLUS 글로벌원자력밸류체인,14110,2,30,0.21,14167.0,-19.2665,659,9,430,2026-07-28 01:07:13
464470,6,PLUS 미국채30년액티브,51765,5,-40,-0.08,51723.0,-2.4504,1636,84,427,2026-07-28 01:07:13
429760,4,PLUS 미국S&P500,20100,5,-190,-0.94,20129.0,4.3987,469,9,422,2026-07-28 01:07:13
278240,3,RISE 코스닥150선물레버리지,6025,5,-985,-14.05,6027.0,-65.451,185266,1158,418,2026-07-28 01:07:13
0191M0,6,마이티 5월만기자동연장특수채(AAA)액티브,100410,3,0,0.0,100444.0,,0,0,416,2026-07-28 01:07:13
196030,4,ACE 일본TOPIX레버리지(H),82880,5,-5590,-6.32,83925.0,16.2931,72,6,414,2026-07-28 01:07:13
139280,2,TIGER 경기방어,12235,5,-300,-2.39,12253.0,-9.1999,1260,15,409,2026-07-28 01:07:13
252710,3,TIGER 200선물인버스2X,125,2,18,16.82,126.0,-40.2235,46967023,5763,407,2026-07-28 01:07:13
238720,4,ACE 일본Nikkei225(H),45215,5,-2100,-4.44,45269.0,8.2723,929,42,407,2026-07-28 01:07:13
375770,2,KODEX 탄소효율그린뉴딜,22525,5,-1680,-6.94,22389.0,3.3288,1804,40,405,2026-07-28 01:07:13
352540,7,KODEX 일본부동산리츠(H),11860,5,-30,-0.25,11883.0,0.287,5215,61,403,2026-07-28 01:07:13
322410,2,HANARO K고배당,22325,5,-450,-1.98,22333.0,-5.1998,3131,69,402,2026-07-28 01:07:13
465350,3,RISE 2차전지TOP10인버스(합성),20085,2,1085,5.71,20277.0,35.087,44085,880,402,2026-07-28 01:07:13
491830,4,TIGER 미국AI반도체팹리스,21660,5,-1290,-5.62,21917.0,12.7258,13888,302,401,2026-07-28 01:07:13
0141T0,6,SOL 중기종합채권(AA-이상)액티브,50070,3,0,0.0,50081.0,0.0299,0,0,401,2026-07-28 01:07:13
437070,6,KODEX 아시아달러채권ESG플러스액티브,63325,5,-5,-0.01,63327.0,-0.8417,7,0,400,2026-07-28 01:07:13
400970,2,TIGER Fn메타버스,7690,5,-265,-3.33,7687.0,-8.0953,4766,36,396,2026-07-28 01:07:13
442090,2,에셋플러스 코리아대장장이액티브,26375,5,-2210,-7.73,26304.0,-8.6158,668,17,396,2026-07-28 01:07:13
261120,7,TIGER 미국달러선물인버스2X,4685,5,-10,-0.21,4686.0,-0.2126,8104,37,394,2026-07-28 01:07:13
0189B0,5,TIGER 은액티브,7635,5,-295,-3.72,7646.0,,10556,81,389,2026-07-28 01:07:13
183700,7,RISE 200채권혼합50,92565,5,-3485,-3.63,91930.0,4.1354,888,82,389,2026-07-28 01:07:13
305050,1,ACE 코스피,64780,5,-5330,-7.6,64690.0,2.6533,3685,240,389,2026-07-28 01:07:13
473590,4,ACE 미국주식베스트셀러,17400,5,-835,-4.58,17788.0,-14.7101,18262,319,383,2026-07-28 01:07:13
139320,5,TIGER 금은선물(H),16940,5,-170,-0.99,17025.0,-15.2971,1064,18,381,2026-07-28 01:07:13
475070,4,KoAct 글로벌친환경전력인프라액티브,30450,5,-1165,-3.68,30620.0,-18.5286,5765,175,381,2026-07-28 01:07:13
449690,4,TIGER 한중반도체(합성),50525,5,-1475,-2.84,50481.0,19.0339,284,14,379,2026-07-28 01:07:13
448570,1,FOCUS AI코리아액티브,27685,5,-1910,-6.45,27730.0,4.896,27,0,374,2026-07-28 01:07:13
468630,6,KODEX iShares미국투자등급회사채액티브,11600,2,15,0.13,11587.0,-1.9269,3299,38,372,2026-07-28 01:07:13
352560,7,KODEX 미국부동산리츠(H),12800,5,-145,-1.12,12794.0,5.5769,31584,404,371,2026-07-28 01:07:13
195930,4,TIGER 유로스탁스50(합성 H),23070,5,-220,-0.94,23119.0,8.9845,728,16,369,2026-07-28 01:07:13
472840,1,IBK 200,98155,5,-8525,-7.99,98303.0,7.1172,1496,147,368,2026-07-28 01:07:13
0193G0,1,KoAct 코스피액티브,7665,5,-735,-8.75,7677.0,,85063,659,368,2026-07-28 01:07:13
476690,4,TIGER 글로벌비만치료제TOP2Plus,11475,2,45,0.39,11499.0,16.6554,11746,134,367,2026-07-28 01:07:13
365000,2,TIGER 인터넷TOP10,3665,5,-155,-4.06,3664.0,-21.1604,97573,361,367,2026-07-28 01:07:13
276970,4,KODEX 미국S&P500배당귀족커버드콜(합성 H),7780,3,0,0.0,7904.0,3.4241,1649,12,366,2026-07-28 01:07:13
498860,2,RISE 코리아금융고배당,16565,5,-710,-4.11,16530.0,-15.9778,5281,87,364,2026-07-28 01:07:13
465660,4,TIGER 일본반도체FACTSET,24250,5,-2505,-9.36,24479.0,9.7289,14141,350,364,2026-07-28 01:07:13
316670,1,KIWOOM 코스닥150,5975,5,-490,-7.58,5996.0,-37.2624,84502,511,363,2026-07-28 01:07:13
253250,3,KIWOOM 200선물레버리지,88415,5,-17085,-16.19,87675.0,0.9955,1853,166,363,2026-07-28 01:07:13
0154F0,2,WON 초대형IB&금융지주,12230,5,-430,-3.4,12245.0,-11.7198,7608,93,361,2026-07-28 01:07:13
474800,4,KIWOOM 미국원유에너지기업,15630,5,-130,-0.82,15713.0,1.9704,27110,424,359,2026-07-28 01:07:13
174360,4,RISE 중국본토대형주CSI100,25635,2,210,0.83,25734.0,-0.0394,627,16,359,2026-07-28 01:07:13
0192M0,2,RISE 삼성전자단일종목레버리지,9750,5,-2095,-17.69,9797.0,,77967,782,356,2026-07-28 01:07:13
147970,2,TIGER 모멘텀,74055,5,-5445,-6.85,74146.0,-8.6129,4156,315,355,2026-07-28 01:07:13
0220B0,1,DS 코스닥액티브,8660,5,-1140,-11.63,8689.0,,85806,756,355,2026-07-28 01:07:13
322400,2,HANARO e커머스,10440,5,-385,-3.56,10480.0,-10.2845,1501,15,355,2026-07-28 01:07:13
099140,4,KODEX 차이나H,22880,2,215,0.95,22732.0,-3.8999,1510,34,355,2026-07-28 01:07:13
104530,2,KIWOOM 코리아고배당,17280,5,-425,-2.4,17286.0,-14.5754,2392,41,354,2026-07-28 01:07:13
292560,7,TIGER 일본엔선물,8315,5,-5,-0.06,8303.0,-2.747,23400,194,349,2026-07-28 01:07:13
459560,4,KODEX 테슬라밸류체인FactSet,22295,5,-515,-2.26,22482.0,-0.1966,1517,33,346,2026-07-28 01:07:13
0085N0,6,ACE 미국10년국채액티브(H),9810,5,-5,-0.05,9804.0,-1.306,6247,61,343,2026-07-28 01:07:13
275280,2,KODEX 모멘텀주,38005,5,-3890,-9.29,38043.0,7.3123,1347,51,342,2026-07-28 01:07:13
138910,5,KODEX 구리선물(H),9722,5,-43,-0.44,9731.0,3.5524,10881,106,340,2026-07-28 01:07:13
415340,4,KODEX 차이나과창판STAR50(합성),16280,2,125,0.77,16499.0,19.3131,5931,96,337,2026-07-28 01:07:13
407830,4,에셋플러스 글로벌플랫폼액티브,13900,5,-165,-1.17,13954.0,-8.3714,247,3,334,2026-07-28 01:07:13
256440,4,ACE MSCI인도네시아(합성),5465,5,-30,-0.55,5499.0,-18.4719,4218,23,333,2026-07-28 01:07:13
241390,7,RISE V&S셀렉트밸류채권혼합,15150,5,-485,-3.1,15204.0,-2.4296,3687,56,333,2026-07-28 01:07:13
122260,6,KIWOOM 통안채1년,103890,2,10,0.01,103896.0,0.4885,100,10,332,2026-07-28 01:07:13
139270,2,TIGER 200 금융,16560,5,-530,-3.1,16584.0,2.1667,4864,80,331,2026-07-28 01:07:13
395290,2,HANARO Fn K-POP&미디어,5330,5,-170,-3.09,5337.0,-22.5898,12400,67,330,2026-07-28 01:07:13
266360,2,KODEX K콘텐츠,10295,5,-280,-2.65,10330.0,-13.3227,8786,92,329,2026-07-28 01:07:13
276650,4,RISE 글로벌테크놀로지(합성 H),43925,5,-910,-2.03,43588.0,6.509,1322,57,329,2026-07-28 01:07:13
496770,4,PLUS 글로벌방산,18820,2,60,0.32,18927.0,3.5234,1080,20,329,2026-07-28 01:07:13
271060,5,KODEX 3대농산물선물(H),8270,5,-155,-1.84,8323.0,0.6571,38765,319,327,2026-07-28 01:07:13
449780,4,KIWOOM 미국S&P500(H),18095,5,-190,-1.04,18119.0,4.158,4955,89,326,2026-07-28 01:07:13
245350,4,TIGER 유로스탁스배당30,20325,5,-10,-0.05,20318.0,5.2791,790,15,325,2026-07-28 01:07:13
476070,4,KODEX 글로벌비만치료제TOP2 Plus,11810,2,25,0.21,11857.0,14.0376,4622,54,325,2026-07-28 01:07:13
459750,4,RISE 글로벌주식분산액티브,18450,5,-105,-0.57,18445.0,3.1693,1375,25,323,2026-07-28 01:07:13
491090,4,KODEX 미국테크TOP3플러스,17905,5,-345,-1.89,17969.0,3.6045,2120,38,322,2026-07-28 01:07:13
415920,5,PLUS 글로벌희토류&전략자원생산기업,6855,5,-20,-0.29,6874.0,-30.1019,8642,59,322,2026-07-28 01:07:13
153270,1,KIWOOM 코스피100,76465,5,-6835,-8.21,76404.0,9.4018,1630,125,321,2026-07-28 01:07:13
0100K0,2,KODEX 방산TOP10레버리지,5700,5,-470,-7.62,5703.0,-61.8783,109260,632,319,2026-07-28 01:07:13
426150,6,WON 대한민국국고채액티브,50980,2,30,0.06,50995.0,-5.2974,58,2,317,2026-07-28 01:07:13
0186S0,7,1Q 코스닥150채권혼합50액티브,7730,5,-305,-3.8,7727.0,,147680,1149,317,2026-07-28 01:07:13
494340,4,ACE 글로벌AI맞춤형반도체,19800,5,-780,-3.79,20083.0,2.5155,4280,85,317,2026-07-28 01:07:13
0164G0,4,RISE 차이나AI반도체TOP4Plus,15065,2,475,3.26,15091.0,19.9835,25008,376,316,2026-07-28 01:07:13
0138T0,4,RISE 미국S&P500데일리고정커버드콜,9875,5,-100,-1.0,9895.0,4.2502,3847,38,316,2026-07-28 01:07:13
494410,4,PLUS 미국S&P500성장주,14360,5,-290,-1.98,14376.0,3.4239,421,6,316,2026-07-28 01:07:13
0112X0,1,마이티 200TR,37115,5,-3395,-8.38,37057.0,7.6105,1599,59,315,2026-07-28 01:07:13
0089B0,7,PLUS 미국나스닥100미국채혼합50,11590,5,-130,-1.11,11624.0,2.5248,6748,78,313,2026-07-28 01:07:13
248270,4,TIGER S&P글로벌헬스케어(합성),27440,2,440,1.63,27289.0,9.9348,680,18,313,2026-07-28 01:07:13
0023B0,4,PLUS 미국양자컴퓨팅TOP10,15460,2,390,2.59,15537.0,-9.0528,17094,265,309,2026-07-28 01:07:13
227540,2,TIGER 200 헬스케어,18175,5,-240,-1.3,18197.0,-13.6864,9052,165,309,2026-07-28 01:07:13
0107F0,4,KIWOOM 미국고배당&AI테크,12100,5,-100,-0.82,12144.0,6.7452,2924,35,309,2026-07-28 01:07:13
450190,4,KODEX 한중반도체(합성),50960,5,-1250,-2.39,50904.0,17.6695,409,21,306,2026-07-28 01:07:13
105780,2,RISE 5대그룹주,15120,5,-1490,-8.97,15145.0,7.601,1912,29,302,2026-07-28 01:07:13
475380,7,RISE 글로벌리얼티인컴,11170,5,-110,-0.98,11213.0,-2.2075,2984,33,302,2026-07-28 01:07:13
380340,2,ACE 코리아AI테크핵심산업,25085,5,-2580,-9.33,25249.0,16.2315,67168,1708,301,2026-07-28 01:07:13
385520,2,KODEX 자율주행액티브,14230,5,-1070,-6.99,14237.0,-13.0579,2778,39,299,2026-07-28 01:07:13
0155M0,4,ACE 미국SMR원자력TOP10,7175,5,-105,-1.44,7218.0,-25.5243,5338,38,298,2026-07-28 01:07:13
261140,2,TIGER 우선주,22135,5,-1340,-5.71,22116.0,-9.0369,5193,115,297,2026-07-28 01:07:13
192720,2,파워 고배당저변동성,57495,5,-1210,-2.06,57463.0,-2.3002,3221,185,293,2026-07-28 01:07:13
387270,4,TIGER 글로벌이노베이션액티브,24190,5,-1445,-5.64,24277.0,1.6253,3540,86,293,2026-07-28 01:07:13
145850,2,TREX 펀더멘탈 200,116845,3,0,0.0,109857.0,13.16,0,0,292,2026-07-28 01:07:13
469050,4,RISE 미국반도체NYSE(H),30660,5,-2005,-6.14,31142.0,15.6533,22412,691,291,2026-07-28 01:07:13
261250,7,KODEX 미국달러선물레버리지,17975,2,25,0.14,18003.0,0.0,27772,499,291,2026-07-28 01:07:13
450910,1,SOL 코스닥150,11740,5,-910,-7.19,11769.0,-37.5298,4667,55,291,2026-07-28 01:07:13
464920,4,PLUS 일본반도체소부장,23075,5,-1945,-7.77,23270.0,-0.0559,9143,212,288,2026-07-28 01:07:13
245360,4,TIGER 차이나HSCEI,13095,2,65,0.5,13037.0,-3.4799,1805,23,288,2026-07-28 01:07:13
0137W0,4,KIWOOM 미국S&P500&GOLD,10620,5,-80,-0.75,10645.0,2.8844,1170,12,287,2026-07-28 01:07:13
0198A0,2,KIWOOM 코스닥150커버드콜액티브,8070,5,-555,-6.43,8059.0,,327611,2675,286,2026-07-28 01:07:13
419430,4,KODEX 차이나2차전지MSCI(합성),10200,2,130,1.29,10216.0,-19.8249,57,0,286,2026-07-28 01:07:13
437350,6,RISE 미국단기투자등급회사채액티브,12935,2,15,0.12,12931.0,-0.3471,2383,30,285,2026-07-28 01:07:13
0083S0,4,1Q 미국메디컬AI,9475,5,-125,-1.3,9524.0,-5.6975,3830,36,284,2026-07-28 01:07:13
269420,4,KODEX S&P글로벌인프라(합성),23945,5,-655,-2.66,24190.0,1.1513,614,14,284,2026-07-28 01:07:13
0065G0,4,KODEX 차이나테크TOP10,9785,2,20,0.2,9826.0,-3.7448,11512,112,284,2026-07-28 01:07:13
275290,2,KODEX 가치주,31465,5,-2585,-7.59,31478.0,12.9316,1546,48,283,2026-07-28 01:07:13
395170,2,KODEX Top10동일가중,14115,5,-1330,-8.61,14126.0,-9.7886,6495,92,282,2026-07-28 01:07:13
156080,1,KODEX MSCI Korea,46990,5,-4375,-8.52,46910.0,10.3132,496,23,282,2026-07-28 01:07:13
0203S0,7,WON 삼성전자현대차채권혼합50,8170,5,-335,-3.94,8179.0,,20073,164,282,2026-07-28 01:07:13
0013R0,7,RISE 테슬라미국채타겟커버드콜혼합(합성),8270,2,60,0.73,8256.0,-7.7532,5471,45,281,2026-07-28 01:07:13
414270,4,ACE 글로벌자율주행액티브,12495,5,-45,-0.36,12502.0,-7.7263,908,11,281,2026-07-28 01:07:13
477730,4,KODEX 인도타타그룹,7915,2,10,0.13,7962.0,-5.7821,138,1,281,2026-07-28 01:07:13
493420,4,SOL 미국배당다우존스2호,13250,2,70,0.53,13199.0,7.372,3837,50,278,2026-07-28 01:07:13
0204S0,1,TIGER 코스닥액티브,5775,5,-570,-8.98,5778.0,,41928,243,277,2026-07-28 01:07:13
469790,2,KIWOOM 코리아테크TOP10,39425,5,-3665,-8.51,39230.0,22.6195,537,21,276,2026-07-28 01:07:13
0067V0,4,TIGER 차이나글로벌리더스TOP3+,10945,5,-70,-0.64,11093.0,-0.2717,441,4,274,2026-07-28 01:07:13
440340,7,TIGER 글로벌멀티에셋TIF액티브,12725,2,25,0.2,12708.0,1.529,1700,21,274,2026-07-28 01:07:13
489290,4,WON 미국빌리어네어,14770,5,-220,-1.47,14879.0,-5.664,2222,32,273,2026-07-28 01:07:13
0152E0,2,SOL 배당성향탑픽액티브,11095,5,-250,-2.2,11104.0,-6.631,5831,65,272,2026-07-28 01:07:13
0223R0,4,TIGER 미국테크NYSE100액티브,9220,5,-635,-6.44,9380.0,,70639,655,269,2026-07-28 01:07:13
461600,6,SOL 미국30년국채액티브(H),8450,5,-25,-0.29,8443.0,-2.1928,142,1,266,2026-07-28 01:07:13
446690,4,KODEX 아시아AI반도체exChina액티브,52885,5,-5950,-10.11,52997.0,4.6885,21623,1174,264,2026-07-28 01:07:13
167860,6,KIWOOM 국고채10년레버리지,91065,3,0,0.0,91414.0,-6.6431,0,0,264,2026-07-28 01:07:13
292770,6,KODEX 국채선물3년인버스,57750,3,0,0.0,57721.0,1.0145,0,0,263,2026-07-28 01:07:13
289480,3,TIGER 200커버드콜,11425,5,-705,-5.81,11459.0,7.6407,18791,217,263,2026-07-28 01:07:13
223190,2,KODEX 200가치저변동,25975,5,-1480,-5.39,25948.0,1.921,381,9,260,2026-07-28 01:07:13
0218J0,7,RISE 미국우주&로봇TOP2미국채혼합50,8565,5,-160,-1.83,8688.0,,26615,228,257,2026-07-28 01:07:13
0184E0,7,1Q 200채권혼합50액티브,10465,5,-545,-4.95,10415.0,6.8932,81820,862,256,2026-07-28 01:07:13
0097L0,7,KIWOOM 한국고배당&미국AI테크,12485,5,-320,-2.5,12491.0,-3.7691,3518,44,256,2026-07-28 01:07:13
0115C0,4,RISE 미국고배당다우존스TOP10,11485,2,70,0.61,11490.0,4.5766,284,3,253,2026-07-28 01:07:13
0047R0,4,RISE 팔란티어고정테크100,14420,2,110,0.77,14414.0,0.9876,1866,26,252,2026-07-28 01:07:13
185680,4,KODEX 미국S&P바이오(합성),47190,5,-585,-1.22,47290.0,13.8177,419,19,251,2026-07-28 01:07:13
388280,2,RISE K엔터&여행레저,7550,5,-250,-3.21,7554.0,-6.8742,1450,11,251,2026-07-28 01:07:13
483570,4,KCGI 미국S&P500 TOP10,15615,5,-270,-1.7,15666.0,-2.0654,210,3,250,2026-07-28 01:07:13
0049K0,7,ACE 미국배당퀄리티채권혼합50,11315,5,-20,-0.18,11299.0,1.1514,7334,82,249,2026-07-28 01:07:13
138230,7,KIWOOM 미국달러선물,17135,5,-5,-0.03,17170.0,0.5278,45,0,248,2026-07-28 01:07:13
117460,2,KODEX 에너지화학,12205,5,-715,-5.53,12242.0,-28.4231,13067,161,248,2026-07-28 01:07:13
479850,2,HANARO K-뷰티,16480,5,-260,-1.55,16458.0,-8.1982,14169,231,247,2026-07-28 01:07:13
0166N0,1,PLUS 코스닥150액티브,6485,5,-670,-9.36,6483.0,-38.9505,23247,153,246,2026-07-28 01:07:13
0155N0,2,HANARO K휴머노이드테마TOP10,6470,5,-470,-6.77,6485.0,-30.3213,71089,468,246,2026-07-28 01:07:13
300950,2,KODEX 게임산업,5570,5,-150,-2.62,5576.0,-17.9929,14689,82,245,2026-07-28 01:07:13
0103T0,2,1Q K소버린AI,8140,5,-375,-4.4,8140.0,-10.2329,36161,300,244,2026-07-28 01:07:13
0206G0,7,1Q 현대차기아채권혼합50,7970,5,-255,-3.1,7978.0,,48078,385,243,2026-07-28 01:07:13
280930,4,KODEX 미국러셀2000(H),16645,5,-165,-0.98,16685.0,5.7565,799,13,241,2026-07-28 01:07:13
0192T0,2,SOL 코스닥TOP10,6100,5,-440,-6.73,6108.0,,299794,1841,241,2026-07-28 01:07:13
438320,4,TIGER 차이나항셍테크레버리지(합성 H),5455,5,-35,-0.64,5534.0,-13.3386,8626,47,239,2026-07-28 01:07:13
204450,4,KODEX 차이나H레버리지(H),2295,2,15,0.66,2298.0,-12.1388,11274,25,239,2026-07-28 01:07:13
0150K0,2,KoAct 수소전력ESS인프라액티브,8510,5,-810,-8.69,8526.0,-42.4869,23673,204,238,2026-07-28 01:07:13
0198D0,2,1Q SK하이닉스선물단일종목레버리지,9615,5,-2550,-20.96,9543.0,,301672,2951,237,2026-07-28 01:07:13
277540,4,ACE 아시아TOP50,31500,5,-1100,-3.37,31377.0,5.8785,221,7,236,2026-07-28 01:07:13
411540,1,SOL 200 Top10,15730,5,-990,-5.92,15713.0,-8.2584,949,15,236,2026-07-28 01:07:13
368190,2,HANARO Fn K-뉴딜디지털플러스,7365,5,-220,-2.9,7337.0,-20.7833,1,0,236,2026-07-28 01:07:13
457690,6,KODEX 33-06 국고채액티브,10450,2,15,0.14,10442.0,-2.0648,6103,63,235,2026-07-28 01:07:13
0093D0,7,KoAct 팔란티어밸류체인액티브,16670,5,-710,-4.09,16891.0,5.0151,27313,458,233,2026-07-28 01:07:13
195970,4,PLUS 선진국MSCI(합성 H),15965,5,-280,-1.72,15985.0,4.4023,703,11,233,2026-07-28 01:07:13
0153X0,4,PLUS 미국고배당주액티브,11625,2,85,0.74,11625.0,4.9791,3001,34,233,2026-07-28 01:07:13
496120,1,ACE 코리아밸류업,30950,5,-2435,-7.29,31009.0,11.5614,499,15,232,2026-07-28 01:07:13
463300,4,RISE 중국본토CSI300,14370,2,245,1.73,14466.0,-1.568,292,4,230,2026-07-28 01:07:13
261060,2,TIGER 코스닥150IT,19065,5,-2065,-9.77,19074.0,-29.4488,48560,945,229,2026-07-28 01:07:13
471460,6,KIWOOM 국고채30년액티브,45600,2,30,0.07,45688.0,-13.7269,965,44,228,2026-07-28 01:07:13
0186L0,4,KoAct 미국로봇피지컬AI액티브,9695,5,-410,-4.06,9757.0,,7147,69,228,2026-07-28 01:07:13
0026E0,4,KODEX 미국S&P500버퍼3월액티브,12170,5,-60,-0.49,12203.0,3.3812,1485,17,225,2026-07-28 01:07:13
292500,1,SOL KRX300,44750,5,-3425,-7.11,44424.0,3.9822,30,1,224,2026-07-28 01:07:13
416090,4,ACE 중국과창판STAR50,14915,2,30,0.2,14921.0,20.1372,12959,192,224,2026-07-28 01:07:13
459790,4,KIWOOM 미국성장기업30액티브,20325,5,-275,-1.33,20328.0,-1.3883,58,1,224,2026-07-28 01:07:13
169950,4,KODEX 차이나A50,27890,2,325,1.18,27919.0,-0.8632,49,1,223,2026-07-28 01:07:13
300640,2,RISE 게임테마,6330,5,-80,-1.25,6313.0,-20.2284,2114,13,222,2026-07-28 01:07:13
289250,2,TIGER MSCI KOREA ESG유니버설,32095,5,-1605,-4.76,31837.0,11.7357,9502,307,221,2026-07-28 01:07:13
433220,4,에셋플러스 글로벌대장장이액티브,29870,5,-1285,-4.12,30062.0,-7.0139,75,2,221,2026-07-28 01:07:13
469160,4,ACE 일본반도체,24540,5,-2460,-9.11,24889.0,10.0468,22412,578,221,2026-07-28 01:07:13
0047P0,4,RISE 테슬라고정테크100,14245,5,-190,-1.32,14250.0,0.1338,864,12,221,2026-07-28 01:07:13
091220,2,TIGER 은행,16680,5,-180,-1.07,16699.0,3.7697,8021,134,220,2026-07-28 01:07:13
364990,2,TIGER 게임TOP10,4770,5,-120,-2.45,4778.0,-17.2018,34836,167,219,2026-07-28 01:07:13
159800,1,마이티 코스피100,78150,5,-7440,-8.69,78448.0,9.8229,35,2,219,2026-07-28 01:07:13
292160,1,TIGER KRX300,43665,5,-3700,-7.81,43634.0,3.9617,398,17,218,2026-07-28 01:07:13
239660,6,PLUS 우량회사채50,121280,2,10,0.01,121294.0,0.4306,242,29,218,2026-07-28 01:07:13
217770,5,TIGER 원유선물인버스(H),1356,2,26,1.95,1361.0,-0.7463,209678,284,216,2026-07-28 01:07:13
442550,7,RISE TDF2030액티브 적격,14835,5,-130,-0.87,14724.0,1.5953,912,13,215,2026-07-28 01:07:13
0144M0,4,KODEX 미국드론UAM TOP10,7680,2,10,0.13,7729.0,-5.5419,5490,42,215,2026-07-28 01:07:13
0198B0,2,1Q 삼성전자선물단일종목레버리지,9980,5,-2170,-17.86,10013.0,,91307,933,214,2026-07-28 01:07:13
447660,7,PLUS 애플채권혼합,14200,2,50,0.35,14169.0,7.0762,24238,344,213,2026-07-28 01:07:13
139250,2,TIGER 200 에너지화학,15855,5,-1275,-7.44,15900.0,-14.0285,7278,117,212,2026-07-28 01:07:13
497780,4,KoAct 미국천연가스인프라액티브,11180,5,-310,-2.7,11258.0,0.7196,4687,52,212,2026-07-28 01:07:13
117680,2,KODEX 철강,10435,5,-575,-5.22,10429.0,-35.8225,48601,510,212,2026-07-28 01:07:13
364690,1,KODEX 혁신기술테마액티브,35225,5,-3280,-8.52,35274.0,3.673,491,17,211,2026-07-28 01:07:13
225130,4,ACE 골드선물 레버리지(합성 H),42055,5,-715,-1.67,42262.0,-27.6495,821,34,210,2026-07-28 01:07:13
481340,6,RISE 미국30년국채액티브,9315,5,-15,-0.16,9307.0,-3.0835,18717,174,210,2026-07-28 01:07:13
489000,6,PLUS 일본엔화초단기국채(합성),9490,5,-5,-0.05,9496.0,-2.765,8589,81,209,2026-07-28 01:07:13
415760,4,SOL 차이나육성산업액티브(합성),15195,2,230,1.54,15356.0,19.2905,5115,77,207,2026-07-28 01:07:13
253290,7,RISE 헬스케어채권혼합,11440,5,-105,-0.91,11470.0,-10.0918,5076,58,206,2026-07-28 01:07:13
152380,6,KODEX 국채선물10년,64580,2,35,0.05,64590.0,-2.9545,510,32,205,2026-07-28 01:07:13
367740,2,HANARO Fn5G산업,36995,5,-3290,-8.17,36985.0,2.9467,2283,85,203,2026-07-28 01:07:13
445910,2,TIGER MKF배당귀족,20200,5,-350,-1.7,20166.0,-7.122,975,19,202,2026-07-28 01:07:13
461450,1,KODEX 코스닥글로벌,13395,5,-805,-5.67,13340.0,-29.1963,6125,82,201,2026-07-28 01:07:13
0190M0,4,KIWOOM 미국AI테크하이베타,8175,5,-465,-5.38,8331.0,,26005,214,200,2026-07-28 01:07:13
0104P0,2,TIGER 코리아배당다우존스위클리커버드콜,11115,5,-250,-2.2,11111.0,-4.4808,12593,139,200,2026-07-28 01:07:13
229720,1,KODEX KTOP30,33335,5,-2825,-7.81,33283.0,3.1149,2200,73,200,2026-07-28 01:07:13
376410,2,TIGER 탄소효율그린뉴딜,22210,5,-1700,-7.11,22174.0,2.9943,126,2,200,2026-07-28 01:07:13
375760,2,HANARO 탄소효율그린뉴딜,22095,5,-1895,-7.9,22081.0,4.461,107,2,199,2026-07-28 01:07:13
0209Z0,2,ACE 코리아AI전력TOP10,6020,5,-670,-10.01,6030.0,,162759,996,199,2026-07-28 01:07:13
108590,1,TREX 200,99270,5,-8120,-7.56,98402.0,7.7813,103,10,199,2026-07-28 01:07:13
289040,2,KODEX MSCI KOREA ESG유니버설,33010,3,0,0.0,30510.0,12.044,0,0,198,2026-07-28 01:07:13
468370,6,KODEX iShares미국인플레이션국채액티브,11455,5,-30,-0.26,11444.0,-1.1223,335,3,197,2026-07-28 01:07:13
213630,4,PLUS 미국다우존스고배당주(합성 H),21030,5,-295,-1.38,21148.0,8.2762,5228,110,193,2026-07-28 01:07:13
236350,4,TIGER 인도니프티50레버리지(합성),31190,2,730,2.4,31234.0,-8.4599,1178,36,193,2026-07-28 01:07:13
460660,4,RISE 미국S&P배당킹,12850,2,110,0.86,12807.0,10.2228,7394,94,193,2026-07-28 01:07:13
464600,2,SOL 자동차소부장Fn,20215,5,-1750,-7.97,20122.0,-0.6727,1784,36,192,2026-07-28 01:07:13
483330,4,ACE 마이크로소프트밸류체인액티브,13675,2,35,0.26,13705.0,-4.4149,8514,116,191,2026-07-28 01:07:13
337120,2,KODEX 멀티팩터,31845,5,-2220,-6.52,31603.0,3.9182,1,0,191,2026-07-28 01:07:13
371450,4,TIGER 글로벌클라우드컴퓨팅INDXX,12560,2,410,3.37,12601.0,16.4908,3907,49,191,2026-07-28 01:07:13
0203R0,6,WON 중단기종합채권(A-이상)액티브,50210,3,0,0.0,50254.0,,0,0,191,2026-07-28 01:07:13
487950,4,KODEX 대만테크고배당다우존스,13050,5,-125,-0.95,12904.0,9.9948,14618,189,189,2026-07-28 01:07:13
226980,1,KODEX 200 중소형,20865,5,-1180,-5.35,20915.0,-24.3763,18644,390,188,2026-07-28 01:07:13
0221Z0,2,ACE K바이오코스닥액티브,9340,5,-465,-4.74,9404.0,,245102,2329,187,2026-07-28 01:07:13
0177A0,2,WON 두산그룹포커스,7610,5,-640,-7.76,7628.0,-30.9624,38292,299,186,2026-07-28 01:07:13
284980,2,RISE 200금융,22040,5,-705,-3.1,22084.0,2.342,2569,57,185,2026-07-28 01:07:13
407310,1,HANARO 200 TOP10,15360,5,-1000,-6.11,15381.0,-7.7848,550,8,184,2026-07-28 01:07:13
219390,4,RISE 미국S&P원유생산기업(합성 H),7500,2,10,0.13,7531.0,0.5369,22411,167,184,2026-07-28 01:07:13
404260,2,KODEX 기후변화솔루션,20390,5,-1930,-8.65,20452.0,-12.9916,422,8,184,2026-07-28 01:07:13
417630,2,TIGER KEDI혁신기업ESG30,17400,5,-1030,-5.59,17448.0,-11.3737,546,9,183,2026-07-28 01:07:13
474920,4,에셋플러스 차이나일등기업포커스10액티브,19430,5,-70,-0.36,19585.0,13.471,70,1,183,2026-07-28 01:07:13
0220A0,7,KIWOOM 현대차그룹TOP3채권혼합50,9095,5,-265,-2.83,9090.0,,11936,108,182,2026-07-28 01:07:13
0127R0,4,RISE 미국AI클라우드인프라,15150,5,-1195,-7.31,15311.0,5.8613,2058,31,182,2026-07-28 01:07:13
461910,4,PLUS 미국테크TOP10레버리지(합성),36075,5,-1555,-4.13,36233.0,-7.781,39,1,180,2026-07-28 01:07:13
449580,7,RISE 테슬라애플아마존채권혼합,16380,2,35,0.21,16328.0,-1.4174,902,14,180,2026-07-28 01:07:13
0192S0,7,SOL 코스피200채권혼합50,8985,5,-395,-4.21,8999.0,,192274,1741,180,2026-07-28 01:07:13
453630,4,KODEX 미국S&P500필수소비재,13255,2,165,1.26,13303.0,1.636,7046,92,179,2026-07-28 01:07:13
332620,6,PLUS 미국장기우량회사채,95050,5,-140,-0.15,94995.0,-2.554,64,6,178,2026-07-28 01:07:13
461900,4,PLUS 미국테크TOP10,22070,5,-485,-2.15,22183.0,-3.3635,474,10,177,2026-07-28 01:07:13
228820,1,TIGER KTOP30,16780,5,-1505,-8.23,16807.0,3.5327,4280,72,176,2026-07-28 01:07:13
0018Z0,4,RISE 미국양자컴퓨팅,17560,2,10,0.06,17603.0,-2.9315,1015,17,176,2026-07-28 01:07:13
304770,1,HANARO 코스닥150,12020,5,-925,-7.15,12037.0,-37.3727,2600,31,175,2026-07-28 01:07:13
477490,4,에셋플러스 글로벌일등기업포커스10액티브,19435,5,-415,-2.09,19473.0,0.1513,9,0,175,2026-07-28 01:07:13
183710,7,RISE 주식혼합,86990,5,-4885,-5.32,86612.0,6.3938,103,9,174,2026-07-28 01:07:13
419650,4,PLUS 글로벌수소&차세대연료전지,5265,5,-135,-2.5,5228.0,-12.9014,7906,41,174,2026-07-28 01:07:13
0086C0,7,TIGER 리츠부동산인프라10채권혼합액티브,9875,5,-40,-0.4,9859.0,-7.3752,47,0,173,2026-07-28 01:07:13
304760,1,HANARO KRX300,42995,5,-3755,-8.03,42793.0,5.5245,20,0,172,2026-07-28 01:07:13
291130,4,ACE MSCI멕시코(합성),19050,2,155,0.82,19406.0,-5.0503,15,0,171,2026-07-28 01:07:13
381560,2,HANARO Fn전기&수소차,15530,5,-1090,-6.56,15540.0,-3.8345,4346,67,171,2026-07-28 01:07:13
195920,4,TIGER 일본TOPIX(합성 H),34075,5,-895,-2.56,34129.0,8.5182,403,13,170,2026-07-28 01:07:13
445690,2,BNK 주주가치액티브,28375,5,-1835,-6.07,28333.0,-2.138,93,2,170,2026-07-28 01:07:13
453010,7,PLUS KOFR금리,109560,5,-5,0.0,109570.0,0.6291,150,16,169,2026-07-28 01:07:13
250730,4,RISE 차이나HSCEI(H),9895,3,0,0.0,9909.0,-2.9427,309,3,168,2026-07-28 01:07:13
0051A0,4,KoAct 브로드컴밸류체인액티브,23905,5,-1210,-4.82,24218.0,4.1467,1335,31,167,2026-07-28 01:07:13
276000,4,TIGER 글로벌자원생산기업(합성 H),19675,5,-140,-0.71,19686.0,-3.6939,350,6,167,2026-07-28 01:07:13
494420,2,PLUS 미국배당증가성장주데일리커버드콜,9785,2,30,0.31,9745.0,4.0826,3703,36,166,2026-07-28 01:07:13
0105D0,2,SOL 한국AI소프트웨어,9050,5,-510,-5.33,9094.0,-5.7787,79243,727,163,2026-07-28 01:07:13
453820,4,KODEX 인도Nifty50레버리지(합성),12495,5,-135,-1.07,12797.0,-6.9956,2022,25,162,2026-07-28 01:07:13
432840,4,HANARO 미국S&P500,20295,5,-115,-0.56,20295.0,3.9402,2296,46,162,2026-07-28 01:07:13
227830,1,PLUS 코스피,64385,5,-5465,-7.82,64493.0,2.2301,38,2,161,2026-07-28 01:07:13
280320,4,ACE 미국IT인터넷(합성 H),19890,2,380,1.95,19886.0,-1.2902,1,0,159,2026-07-28 01:07:13
0000H0,2,KODEX 인도Nifty미드캡100,10930,2,5,0.05,10976.0,1.1104,78,0,158,2026-07-28 01:07:13
265690,4,ACE 러시아MSCI(합성),8535,3,0,0.0,48.0,0.0,0,0,158,2026-07-28 01:07:13
385600,2,ACE 2차전지&친환경차액티브,10510,5,-685,-6.12,10492.0,-10.6536,1895,20,158,2026-07-28 01:07:13
289260,2,TIGER MSCI KOREA ESG리더스,26200,5,-2045,-7.24,26220.0,12.3709,51,1,157,2026-07-28 01:07:13
292050,1,RISE KRX300,44855,5,-3750,-7.72,44619.0,5.0072,112,5,157,2026-07-28 01:07:13
391670,1,HK 베스트일레븐액티브,25975,5,-2070,-7.38,25754.0,13.1501,13,0,156,2026-07-28 01:07:13
491510,2,파워 K-주주가치액티브,17310,5,-450,-2.53,17370.0,-6.2055,12,0,156,2026-07-28 01:07:13
379790,4,RISE 유로스탁스50(H),17290,5,-205,-1.17,17293.0,9.4806,2442,42,156,2026-07-28 01:07:13
131890,2,ACE 삼성그룹동일가중,38440,5,-1730,-4.31,38383.0,5.7012,58,2,154,2026-07-28 01:07:13
0207Z0,4,KIWOOM 미국우주데이터센터인프라,6815,5,-130,-1.87,6896.0,,46049,314,153,2026-07-28 01:07:13
225060,4,TIGER 이머징마켓MSCI레버리지(합성 H),14465,5,-785,-5.15,14458.0,-1.5176,159,2,153,2026-07-28 01:07:13
0153P0,2,ACE 리츠부동산인프라액티브,9555,2,60,0.63,9553.0,-13.9929,5825,55,153,2026-07-28 01:07:13
396510,4,TIGER 차이나클린에너지SOLACTIVE,7880,2,70,0.9,7945.0,-12.6887,200,1,151,2026-07-28 01:07:13
0013P0,4,RISE 미국은행TOP10,13750,5,-130,-0.94,13731.0,16.9025,12953,177,151,2026-07-28 01:07:13
114460,6,ACE 국고채3년,100325,2,40,0.04,100359.0,-0.1927,142,14,150,2026-07-28 01:07:13
130680,5,TIGER 원유선물Enhanced(H),6635,5,-170,-2.5,6659.0,-5.5518,37616,249,149,2026-07-28 01:07:13
404120,2,TIME K신재생에너지액티브,21185,5,-2020,-8.71,21151.0,-14.9845,6697,147,148,2026-07-28 01:07:13
0216Z0,2,ACE K방산TOP5+,7915,5,-370,-4.47,7940.0,,154829,1229,146,2026-07-28 01:07:13
488290,4,MIDAS 일본테크액티브,41730,5,-2965,-6.63,41595.0,3.0551,15312,660,146,2026-07-28 01:07:13
438900,2,HANARO Fn K-푸드,10920,2,40,0.37,10922.0,-10.5986,11034,120,142,2026-07-28 01:07:13
104520,2,KIWOOM 블루칩,14070,5,-670,-4.55,14079.0,-4.5434,65,0,141,2026-07-28 01:07:13
337150,2,KODEX 200exTOP,23450,5,-1360,-5.48,23409.0,-11.0862,10,0,141,2026-07-28 01:07:13
0028X0,4,KODEX 미국금융테크액티브,12170,2,225,1.88,12185.0,4.7823,1795,21,140,2026-07-28 01:07:13
413930,2,WON AI ESG액티브,25350,5,-1760,-6.49,25389.0,2.2247,35,0,139,2026-07-28 01:07:13
484890,6,SOL 머니마켓액티브,52400,2,5,0.01,52394.0,0.6628,5658,296,138,2026-07-28 01:07:13
435040,4,ACE 글로벌브랜드TOP10,19640,5,-30,-0.15,19661.0,1.7587,94,1,137,2026-07-28 01:07:13
0127T0,4,KIWOOM 미국S&P500&배당다우존스비중전환,11415,5,-45,-0.39,11412.0,4.6867,490,5,137,2026-07-28 01:07:13
0004G0,4,1Q 미국배당TOP30,9745,2,75,0.78,9757.0,7.6657,5244,51,136,2026-07-28 01:07:13
0194R0,2,KIWOOM SK하이닉스선물단일종목레버리지,8920,5,-2395,-21.17,8926.0,,170295,1545,136,2026-07-28 01:07:13
0207G0,2,SOL 우주항공밸류체인,5395,5,-425,-7.3,5405.0,,222343,1215,135,2026-07-28 01:07:13
0127V0,4,KIWOOM 미국S&P500 TOP10&배당다우비중전환,10750,5,-165,-1.51,10776.0,0.4542,232,2,134,2026-07-28 01:07:13
489860,4,KIWOOM 글로벌전력GRID인프라,15740,5,-80,-0.51,15701.0,-5.2413,1564,24,134,2026-07-28 01:07:13
0193K0,2,PLUS 삼성전자단일종목레버리지,10670,5,-2315,-17.83,10599.0,,161279,1758,133,2026-07-28 01:07:13
269530,4,PLUS S&P글로벌인프라,22150,5,-160,-0.72,21999.0,1.0684,1184,26,133,2026-07-28 01:07:13
465670,4,TIGER 미국캐시카우100,16605,2,175,1.07,16621.0,10.3207,11244,186,133,2026-07-28 01:07:13
428560,4,KODEX 미국ETF산업Top10 Indxx,16590,2,415,2.57,16581.0,-1.2215,3931,65,133,2026-07-28 01:07:13
269370,4,TIGER S&P글로벌인프라(합성),18945,5,-135,-0.71,18875.0,0.9523,52,0,133,2026-07-28 01:07:13
417450,4,RISE 글로벌수소경제,15590,5,-660,-4.06,15611.0,-7.6967,525,8,133,2026-07-28 01:07:13
463640,4,KODEX 미국S&P500유틸리티,15555,5,-220,-1.39,15607.0,0.8624,690,10,132,2026-07-28 01:07:13
387280,2,TIGER 퓨처모빌리티액티브,9890,5,-900,-8.34,9902.0,-22.0101,5892,59,132,2026-07-28 01:07:13
234310,2,RISE V&S셀렉트밸류,26275,5,-1720,-6.14,26256.0,-5.4093,2,0,131,2026-07-28 01:07:13
0008E0,4,ACE 미국중심중소형제조업,13705,5,-190,-1.37,13717.0,-1.384,53,0,130,2026-07-28 01:07:13
435550,7,KIWOOM TDF2050액티브 적격,18575,5,-65,-0.35,18578.0,3.7861,3268,60,130,2026-07-28 01:07:13
266390,2,KODEX 경기소비재,14430,5,-340,-2.3,14416.0,23.4264,379,5,130,2026-07-28 01:07:13
102960,2,KODEX 기계장비,12230,5,-990,-7.49,12245.0,-35.6535,5322,66,130,2026-07-28 01:07:13
496130,1,TRUSTON 코리아밸류업액티브,24000,5,-1255,-4.97,23660.0,2.6626,106,2,130,2026-07-28 01:07:13
0015F0,7,KIWOOM 팔란티어미국30년국채혼합액티브(H),9965,2,130,1.32,10018.0,-3.659,4428,44,130,2026-07-28 01:07:13
400570,4,KODEX 유럽탄소배출권선물ICE(H),11250,5,-220,-1.92,11312.0,11.6301,364,4,129,2026-07-28 01:07:13
137610,5,TIGER 농산물선물Enhanced(H),5375,5,-85,-1.56,5398.0,1.5813,7736,41,129,2026-07-28 01:07:13
0088N0,2,WON K-글로벌수급상위,9525,5,-655,-6.43,9559.0,-32.9602,6083,58,129,2026-07-28 01:07:13
332610,6,PLUS 미국단기회사채(AAA~A),133825,2,160,0.12,133815.0,0.2491,26,3,128,2026-07-28 01:07:13
266410,2,KODEX 필수소비재,9145,5,-105,-1.14,9153.0,-11.3914,3081,28,128,2026-07-28 01:07:13
244620,2,KODEX 모멘텀Plus,17965,5,-1675,-8.53,17957.0,-15.8896,955,17,126,2026-07-28 01:07:13
472720,1,TRUSTON 주주가치액티브,24160,5,-1610,-6.25,24065.0,-6.9676,113,2,126,2026-07-28 01:07:13
354240,7,RISE 미국고정배당우선증권,11340,5,-20,-0.18,11316.0,-2.1534,1279,14,125,2026-07-28 01:07:13
0104G0,2,PLUS K방산레버리지,5535,5,-550,-9.04,5541.0,-63.097,56388,319,125,2026-07-28 01:07:13
300610,2,TIGER K게임,5290,5,-150,-2.76,5305.0,-20.1872,926,4,124,2026-07-28 01:07:13
363510,6,SOL KIS단기통안채,111875,3,0,0.0,111895.0,0.5708,0,0,124,2026-07-28 01:07:13
290080,3,RISE 200고배당커버드콜ATM,7080,5,-210,-2.88,7220.0,-10.7552,14726,105,124,2026-07-28 01:07:13
404650,2,SOL KRX기후변화솔루션,20510,5,-1495,-6.79,20433.0,-14.2336,64,1,123,2026-07-28 01:07:13
453660,4,KODEX 미국S&P500경기소비재,17575,2,70,0.4,17602.0,-6.8127,283,4,123,2026-07-28 01:07:13
485810,4,TIME 글로벌바이오액티브,11180,5,-70,-0.62,11215.0,13.0653,1742,19,123,2026-07-28 01:07:13
360150,2,KODEX 코스닥150롱코스피200숏선물,2995,5,-10,-0.33,3020.0,-44.145,30603,92,123,2026-07-28 01:07:13
453060,6,HANARO KOFR금리액티브(합성),111100,5,-5,0.0,111103.0,0.6522,3,0,122,2026-07-28 01:07:13
280920,2,PLUS 주도업종,22205,3,0,0.0,20576.0,-8.4234,0,0,122,2026-07-28 01:07:13
457700,6,KODEX 53-09 국고채액티브,9125,2,10,0.11,9121.0,-12.6916,955,8,120,2026-07-28 01:07:13
409810,4,KODEX 미국나스닥100선물인버스(H),5840,2,130,2.28,5812.0,-4.3552,52212,303,120,2026-07-28 01:07:13
371870,4,ACE 차이나항셍테크,7435,2,50,0.68,7388.0,-4.5866,610,4,119,2026-07-28 01:07:13
0084E0,7,KIWOOM 미국대형주500월간목표헤지액티브,10805,2,40,0.37,10777.0,1.9228,6,0,119,2026-07-28 01:07:13
448490,6,HANARO 32-10 국고채액티브,52635,5,-10,-0.02,52624.0,-3.0211,4,0,118,2026-07-28 01:07:13
251590,2,PLUS 고배당저변동50,16835,5,-265,-1.55,16848.0,-7.9542,3120,52,118,2026-07-28 01:07:13
0094L0,4,RISE 차이나테크TOP10위클리타겟커버드콜,8392,2,77,0.93,8414.0,-7.4604,1012,8,117,2026-07-28 01:07:13
279540,2,KODEX 최소변동성,19330,5,-1305,-6.32,19354.0,-6.7776,103,1,116,2026-07-28 01:07:13
494180,4,TIME 글로벌소비트렌드액티브,13610,2,35,0.26,13621.0,-1.5948,16,0,116,2026-07-28 01:07:13
410870,2,TIME K컬처액티브,9595,5,-290,-2.93,9600.0,-17.8305,6316,61,115,2026-07-28 01:07:13
451600,6,PLUS 국고채30년액티브,84005,5,-120,-0.14,84063.0,-13.8505,270,22,115,2026-07-28 01:07:13
419420,4,KODEX 미국클린에너지나스닥,9570,5,-90,-0.93,9621.0,-13.9803,507,4,115,2026-07-28 01:07:13
451150,4,에셋플러스 글로벌영에이지액티브,18490,2,45,0.24,18506.0,0.5725,3,0,115,2026-07-28 01:07:13
395760,2,PLUS ESG성장주액티브,19050,5,-1730,-8.33,19068.0,-2.579,110,2,114,2026-07-28 01:07:13
140580,2,RISE 우량업종대표주,22765,5,-1320,-5.48,22773.0,-8.4366,156,3,114,2026-07-28 01:07:13
0093B0,4,RISE 엔비디아고정테크100,12505,5,-280,-2.19,12569.0,4.1051,701,8,113,2026-07-28 01:07:13
430500,7,KIWOOM 물가채KIS,112385,5,-125,-0.11,112439.0,-1.0075,125,14,112,2026-07-28 01:07:13
464610,2,SOL 의료기기소부장Fn,7475,5,-245,-3.17,7469.0,-23.2977,1177,8,112,2026-07-28 01:07:13
0133E0,4,TIGER 차이나증권,9260,2,15,0.16,9334.0,4.2865,2799,25,111,2026-07-28 01:07:13
0090B0,2,PLUS K방산소부장,6345,5,-470,-6.9,6328.0,-53.6352,10412,66,111,2026-07-28 01:07:13
0068M0,4,KODEX 미국S&P500버퍼6월액티브,12195,5,-35,-0.29,12215.0,2.1006,48,0,110,2026-07-28 01:07:13
0208N0,1,IBK 코스피액티브,6835,5,-635,-8.5,6827.0,,14769,101,109,2026-07-28 01:07:13
456250,4,KODEX 유럽명품TOP10 STOXX,9495,2,90,0.96,9530.0,0.3736,2453,23,109,2026-07-28 01:07:13
0067Y0,4,TIGER 차이나AI소프트웨어,10880,2,10,0.09,10990.0,-14.6447,4654,50,109,2026-07-28 01:07:13
460270,6,KIWOOM 미국달러SOFR금리액티브(합성),13295,3,0,0.0,13302.0,0.796,0,0,108,2026-07-28 01:07:13
354350,4,HANARO 글로벌럭셔리S&P(합성),20650,2,90,0.44,20963.0,3.5768,190,3,107,2026-07-28 01:07:13
310080,4,RISE 중국MSCI China(H),9275,2,60,0.65,9291.0,-6.5416,536,4,107,2026-07-28 01:07:13
166400,3,TIGER 200커버드콜OTM,21310,5,-1490,-6.54,21401.0,2.1465,597,12,107,2026-07-28 01:07:13
487910,4,ACE 인도컨슈머파워액티브,8830,2,30,0.34,8868.0,0.5714,1577,13,106,2026-07-28 01:07:13
181480,7,ACE 미국부동산리츠(합성 H),88155,2,55,0.06,88081.0,4.5113,28,2,106,2026-07-28 01:07:13
407820,2,에셋플러스 코리아플랫폼액티브,5875,5,-405,-6.45,5887.0,-29.2793,28,0,106,2026-07-28 01:07:13
0002C0,4,에셋플러스 인도일등기업포커스20액티브,9755,5,-85,-0.86,9879.0,2.8213,93,0,105,2026-07-28 01:07:13
252650,1,KODEX 200동일가중,17380,5,-635,-3.52,17355.0,-15.2699,1332,23,104,2026-07-28 01:07:13
487750,2,BNK 온디바이스AI,26010,5,-3105,-10.66,25930.0,0.0343,1710,45,104,2026-07-28 01:07:13
117690,4,TIGER 차이나항셍30,20745,2,15,0.07,20799.0,-4.1831,137,2,104,2026-07-28 01:07:13
385710,2,TIME K이노베이션액티브,10265,5,-510,-4.73,10268.0,-27.9265,538,5,103,2026-07-28 01:07:13
429010,4,TIGER 미국나스닥넥스트100,20450,5,-170,-0.82,20312.0,9.6808,10,0,102,2026-07-28 01:07:13
237440,7,TIGER 경기방어채권혼합,10185,5,-35,-0.34,10163.0,-2.8056,510,5,102,2026-07-28 01:07:13
498050,2,HANARO 바이오코리아액티브,10130,5,-405,-3.84,10141.0,-35.0293,3428,35,101,2026-07-28 01:07:13
0189Z0,2,DAISHIN343 금융&지주고배당,10085,5,-200,-1.94,10097.0,,945,9,101,2026-07-28 01:07:13
373490,2,KODEX 코리아혁신성장액티브,22370,5,-1720,-7.14,22328.0,-19.3681,78,1,101,2026-07-28 01:07:13
0113G0,4,KoAct 미국바이오헬스케어액티브,11077,5,-173,-1.54,11167.0,12.1076,3931,43,100,2026-07-28 01:07:13
252000,1,TIGER 200동일가중,18100,5,-700,-3.72,18114.0,-15.3072,386,6,100,2026-07-28 01:07:13
140710,2,KODEX 운송,6135,5,-230,-3.61,6125.0,-7.1484,4885,29,98,2026-07-28 01:07:13
399580,4,RISE 글로벌클린에너지,9810,5,-190,-1.9,9853.0,-9.991,1160,11,98,2026-07-28 01:07:13
0120J0,2,BNK 카카오그룹포커스,7845,5,-235,-2.91,7862.0,-17.5511,2084,16,98,2026-07-28 01:07:13
0001P0,2,마이티 바이오시밀러&CDMO액티브,8675,5,-205,-2.31,8648.0,-33.5081,310,2,97,2026-07-28 01:07:13
375270,7,RISE 글로벌데이터센터리츠(합성),14830,5,-265,-1.76,14754.0,-5.0629,474,7,96,2026-07-28 01:07:13
497510,4,ACE 글로벌빅파마,13700,2,85,0.62,13717.0,13.4233,141,1,96,2026-07-28 01:07:13
0084D0,7,KIWOOM 미국테크100월간목표헤지액티브,11940,5,-60,-0.5,11933.0,4.6034,18,0,96,2026-07-28 01:07:13
446700,2,RISE 배터리 리사이클링,8840,5,-455,-4.9,8822.0,-37.7651,1179,10,95,2026-07-28 01:07:13
105010,4,TIGER 라틴35,6805,2,45,0.67,6804.0,-5.9133,119,0,95,2026-07-28 01:07:13
281990,2,RISE 중소형고배당,17300,5,-345,-1.96,17299.0,-13.4854,1294,22,95,2026-07-28 01:07:13
480460,7,WON 한국부동산TOP3플러스,9405,3,0,0.0,9370.0,-15.2103,56,0,94,2026-07-28 01:07:13
371150,4,RISE 차이나항셍테크,7470,2,20,0.27,7422.0,-4.426,124,0,93,2026-07-28 01:07:13
395150,2,KODEX 웹툰&드라마,1810,5,-46,-2.48,1809.0,-28.8889,7919,14,92,2026-07-28 01:07:13
140570,2,RISE 수출주,23000,5,-1595,-6.49,23019.0,-12.2467,69,1,92,2026-07-28 01:07:13
341850,7,TIGER 리츠부동산인프라채권,4590,5,-30,-0.65,4597.0,-11.4856,5397,24,92,2026-07-28 01:07:13
449680,7,TIGER 한중전기차(합성),10780,5,-210,-1.91,10739.0,-24.3634,1,0,92,2026-07-28 01:07:13
0174R0,4,KIWOOM 미국성장다우존스,11440,5,-120,-1.04,11450.0,2.1201,1777,20,92,2026-07-28 01:07:13
463690,4,KODEX 미국S&P500커뮤니케이션,18260,5,-105,-0.57,18351.0,-6.7764,548,10,91,2026-07-28 01:07:13
435540,7,KIWOOM TDF2040액티브 적격,18170,5,-125,-0.68,18179.0,4.5129,2988,54,91,2026-07-28 01:07:13
261110,7,TIGER 미국달러선물레버리지,18000,2,20,0.11,18046.0,0.3068,715,12,90,2026-07-28 01:07:13
0191S0,1,IBK 코스닥150,12105,5,-970,-7.42,12137.0,,13108,163,90,2026-07-28 01:07:13
0166T0,4,PLUS 글로벌저작권핵심기업액티브,9925,2,150,1.53,9997.0,-4.5876,15,0,89,2026-07-28 01:07:13
461580,1,TIGER 코스닥글로벌,13640,5,-855,-5.9,13633.0,-28.8252,25243,349,89,2026-07-28 01:07:13
0194N0,2,KIWOOM 삼성전자선물단일종목레버리지,9520,5,-2220,-18.91,9554.0,,48647,474,88,2026-07-28 01:07:13
0203D0,7,PLUS 200위클리커버드콜채권혼합,8700,5,-350,-3.87,8711.0,,30029,261,87,2026-07-28 01:07:13
497520,4,ACE 일라이릴리밸류체인,13365,2,25,0.19,13381.0,14.654,78,1,87,2026-07-28 01:07:13
225800,7,KIWOOM 미국달러선물레버리지,16975,2,40,0.24,16990.0,-0.1475,118,2,87,2026-07-28 01:07:13
0184N0,7,PLUS 은채권혼합,8475,5,-110,-1.28,8568.0,,6804,57,85,2026-07-28 01:07:13
215620,2,HK S&P코리아로우볼,15690,3,0,0.0,15651.0,-15.1663,0,0,85,2026-07-28 01:07:13
429980,7,SOL 한국형글로벌전기차&2차전지액티브,16930,5,-710,-4.02,17161.0,-6.7409,938,15,85,2026-07-28 01:07:13
301400,1,PLUS 코스닥150,12075,5,-945,-7.26,12135.0,-37.7471,8267,101,85,2026-07-28 01:07:13
487920,4,ACE 인도시장대표BIG5그룹액티브,8395,2,10,0.12,8425.0,-1.6999,162,1,84,2026-07-28 01:07:13
272570,6,RISE 중장기국공채액티브,107425,2,40,0.04,107478.0,-0.8541,1,0,84,2026-07-28 01:07:13
462340,4,에셋플러스 글로벌다이나믹시니어액티브,16705,5,-300,-1.76,16965.0,9.2164,4,0,84,2026-07-28 01:07:13
256450,4,PLUS 심천차이넥스트(합성),16610,2,295,1.81,16752.0,-1.3007,79,1,83,2026-07-28 01:07:13
395280,2,HANARO Fn K-게임,3515,5,-105,-2.9,3517.0,-16.6859,1018,3,83,2026-07-28 01:07:13
182490,6,TIGER 단기선진하이일드(합성 H),13750,5,-60,-0.43,13775.0,0.0,144,1,83,2026-07-28 01:07:13
404540,2,TIGER KRX기후변화솔루션,20575,5,-1590,-7.17,20597.0,-14.6412,379,7,82,2026-07-28 01:07:13
0216K0,7,KIWOOM 미국우주테크TOP2채권혼합50,8210,5,-90,-1.08,8340.0,,7365,60,82,2026-07-28 01:07:13
230480,7,KIWOOM 미국달러선물인버스2X,4075,5,-20,-0.49,4104.0,-0.6068,5081,20,82,2026-07-28 01:07:13
0219B0,2,KoAct 광통신&위성네트워크액티브,9030,5,-655,-6.76,9044.0,,3448,31,81,2026-07-28 01:07:13
435530,7,KIWOOM TDF2030액티브 적격,16255,5,-45,-0.28,16249.0,3.8216,3,0,81,2026-07-28 01:07:13
0215T0,4,HANARO 미국AI광통신TOP10,8100,5,-775,-8.73,8298.0,,13089,106,81,2026-07-28 01:07:13
270800,2,RISE KQ고배당,14565,5,-550,-3.64,14553.0,-14.702,51,0,80,2026-07-28 01:07:13
217780,4,TIGER 차이나CSI300인버스(합성),5095,5,-5,-0.1,5101.0,0.0,17,0,79,2026-07-28 01:07:13
494210,4,SOL 미국500타겟데일리커버드콜액티브,11260,5,-135,-1.18,11257.0,4.2932,244,2,79,2026-07-28 01:07:13
437370,4,RISE 글로벌농업경제,11220,5,-60,-0.53,11181.0,1.0752,977,10,79,2026-07-28 01:07:13
174350,2,TIGER 로우볼,20565,5,-265,-1.27,20607.0,0.1512,6592,136,78,2026-07-28 01:07:13
402460,2,HANARO Fn K-메타버스MZ,14055,5,-915,-6.11,14055.0,24.271,33,0,77,2026-07-28 01:07:13
0082F0,4,HANARO 유럽방산,10970,2,150,1.39,10935.0,3.5406,157,1,77,2026-07-28 01:07:13
482030,2,KoAct 반도체&2차전지핵심소재액티브,7660,5,-685,-8.21,7650.0,-42.8816,5704,44,77,2026-07-28 01:07:13
390400,4,KODEX 미국스마트모빌리티S&P,7635,2,75,0.99,7655.0,-3.5702,307,2,76,2026-07-28 01:07:13
0094X0,4,1Q 샤오미밸류체인액티브,8910,2,30,0.34,8929.0,-10.2578,1083,9,76,2026-07-28 01:07:13
189400,4,PLUS 글로벌MSCI(합성 H),25235,5,-70,-0.28,25055.0,3.2646,2,0,76,2026-07-28 01:07:13
250780,3,TIGER 코스닥150선물인버스,2965,2,205,7.43,2967.0,42.7832,180950,530,76,2026-07-28 01:07:13
395750,2,PLUS ESG가치주액티브,18735,5,-1485,-7.34,18721.0,1.8894,16,0,75,2026-07-28 01:07:13
0047N0,4,PLUS 차이나AI테크TOP10,10680,2,55,0.52,10681.0,-5.5471,41,0,75,2026-07-28 01:07:13
457930,2,BNK 미래전략기술액티브,24685,5,-1570,-5.98,24607.0,-15.9706,21,0,74,2026-07-28 01:07:13
0036Z0,4,RISE 미국천연가스밸류체인,13430,5,-285,-2.08,13367.0,6.2766,130,1,74,2026-07-28 01:07:13
450180,7,KODEX 한중전기차(합성),11305,3,0,0.0,11031.0,-23.6665,0,0,73,2026-07-28 01:07:13
0138D0,2,RISE 동학개미,10480,5,-1240,-10.58,10499.0,-24.4604,768,8,73,2026-07-28 01:07:13
400590,4,SOL 글로벌탄소배출권선물ICE(합성),14665,5,-185,-1.25,14697.0,10.8208,58,0,73,2026-07-28 01:07:13
304670,6,KODEX 미국30년국채울트라선물인버스(H),12155,3,0,0.0,12187.0,2.8776,0,0,73,2026-07-28 01:07:13
0005C0,6,RISE 미국S&P500엔화노출(합성 H),11215,5,-75,-0.66,11231.0,0.3555,30,0,73,2026-07-28 01:07:13
381570,2,HANARO Fn친환경에너지,8510,5,-770,-8.3,8538.0,-35.3789,1724,15,72,2026-07-28 01:07:13
225050,4,TIGER 유로스탁스레버리지(합성 H),16010,3,0,0.0,15996.0,13.3852,81,1,72,2026-07-28 01:07:13
466810,2,BNK 2차전지양극재,4910,5,-300,-5.76,4914.0,-40.4572,9186,45,71,2026-07-28 01:07:13
227570,2,TIGER 우량가치,19630,5,-525,-2.6,19621.0,-14.893,1861,36,71,2026-07-28 01:07:13
488480,4,RISE 일본섹터TOP4Plus,12805,5,-420,-3.18,12790.0,-1.3428,1180,15,70,2026-07-28 01:07:13
438740,2,MIDAS 중소형액티브,31240,5,-1330,-4.08,30817.0,-20.7832,1202,38,70,2026-07-28 01:07:13
0218K0,2,BNK 스마트카,9355,5,-675,-6.73,9281.0,,33,0,70,2026-07-28 01:07:13
285690,2,FOCUS ESG리더스,19820,5,-1100,-5.26,19799.0,-8.2658,1,0,69,2026-07-28 01:07:13
0172Y0,2,ACE K수출핵심TOP10산업액티브,8665,5,-645,-6.93,8652.0,-17.6107,2360,20,69,2026-07-28 01:07:13
456200,6,PLUS 미국달러SOFR금리액티브(합성),63005,5,-145,-0.23,63491.0,0.1744,7,0,69,2026-07-28 01:07:13
0087F0,4,ACE 차이나AI빅테크TOP2+액티브,13835,2,120,0.87,13706.0,14.6259,1231,16,69,2026-07-28 01:07:13
326230,2,RISE 내수주플러스,10800,5,-340,-3.05,10754.0,-9.9474,1173,12,69,2026-07-28 01:07:13
316300,7,ACE 싱가포르리츠,13820,5,-120,-0.86,13936.0,-2.3799,74,1,69,2026-07-28 01:07:13
139660,7,KIWOOM 미국달러선물인버스,7895,3,0,0.0,7890.0,0.1903,0,0,69,2026-07-28 01:07:13
429740,7,PLUS K리츠,6130,5,-20,-0.33,6139.0,-19.4328,2831,17,67,2026-07-28 01:07:13
219900,4,ACE 중국본토CSI300레버리지(합성),4780,5,-120,-2.45,4995.0,-4.8544,4045,19,67,2026-07-28 01:07:13
244670,2,KODEX 밸류Plus,11130,5,-250,-2.2,11136.0,-13.8205,20,0,67,2026-07-28 01:07:13
368680,2,KODEX K-뉴딜디지털플러스,7395,5,-190,-2.5,7397.0,-21.1225,265,1,67,2026-07-28 01:07:13
253280,2,RISE 헬스케어,12060,5,-220,-1.79,12053.0,-29.2807,374,4,66,2026-07-28 01:07:13
0102X0,4,ACE 유럽방산TOP10,9445,2,85,0.91,9463.0,-4.8786,319,3,66,2026-07-28 01:07:13
315270,2,TIGER 200커뮤니케이션서비스,20130,5,-980,-4.64,20193.0,-7.5575,3837,79,64,2026-07-28 01:07:13
139290,2,TIGER 200 경기소비재,24700,5,-1100,-4.26,24771.0,-6.0506,108,2,64,2026-07-28 01:07:13
0132D0,7,KoAct 글로벌K컬처밸류체인액티브,9365,5,-35,-0.37,9405.0,-6.8846,46,0,61,2026-07-28 01:07:13
451670,6,RISE 국채30년레버리지(합성),12175,2,35,0.29,12159.0,-29.2953,6,0,61,2026-07-28 01:07:13
252420,3,RISE 200선물인버스2X,121,2,17,16.35,122.0,-40.2299,1996576,237,60,2026-07-28 01:07:13
138920,5,KODEX 콩선물(H),12020,5,-280,-2.28,12047.0,3.1014,1777,21,60,2026-07-28 01:07:13
476310,4,RISE 글로벌비만산업TOP2+,10900,2,210,1.96,10966.0,17.0865,6083,65,60,2026-07-28 01:07:13
401590,4,HANARO 글로벌탄소배출권선물ICE(합성),11655,5,-5,-0.04,11744.0,8.3139,45,0,59,2026-07-28 01:07:13
407300,2,HANARO Fn골프테마,10705,5,-145,-1.34,10412.0,-16.3543,1,0,59,2026-07-28 01:07:13
400580,4,SOL 유럽탄소배출권선물S&P(H),11710,3,0,0.0,11677.0,10.0563,0,0,59,2026-07-28 01:07:13
0114X0,4,RISE 글로벌게임테크TOP3Plus,8340,5,-75,-0.89,8348.0,4.0173,31,0,58,2026-07-28 01:07:13
0184V0,2,UNICORN K바이오액티브,5305,5,-345,-6.11,5301.0,,1770,9,58,2026-07-28 01:07:13
289670,6,PLUS 국채선물10년,51805,2,65,0.13,51779.0,-2.936,28,1,58,2026-07-28 01:07:13
291890,4,KODEX MSCI EM선물(H),11600,5,-245,-2.07,11583.0,-0.504,24,0,58,2026-07-28 01:07:13
413220,4,SOL 차이나태양광CSI(합성),4820,2,50,1.05,4854.0,-22.6905,19,0,58,2026-07-28 01:07:13
139240,2,TIGER 200 철강소재,9275,5,-540,-5.5,9331.0,-35.7145,2010,18,58,2026-07-28 01:07:13
314700,2,HANARO 농업융복합산업,10300,5,-220,-2.09,10295.0,-21.4951,53,0,57,2026-07-28 01:07:13
0154H0,4,KoAct 차이나바이오헬스케어액티브,8685,2,20,0.23,8746.0,-8.1612,1042,8,56,2026-07-28 01:07:13
469530,3,RISE 미국달러선물인버스,8815,5,-35,-0.4,8829.0,0.5681,1,0,56,2026-07-28 01:07:13
0176P0,2,FOCUS AI반도체위클리고정커버드콜,11140,5,-1175,-9.54,11150.0,2.2163,32080,361,56,2026-07-28 01:07:13
483020,2,KIWOOM 의료AI,9270,5,-110,-1.17,9312.0,-31.0284,3116,29,56,2026-07-28 01:07:13
391600,4,ACE 미국친환경그린테마,11110,5,-140,-1.24,11305.0,-9.4203,14,0,56,2026-07-28 01:07:13
483030,4,KIWOOM 미국블록버스터바이오테크의약품+,12325,5,-10,-0.08,12393.0,11.3873,4605,57,55,2026-07-28 01:07:13
267450,6,RISE 미국장기국채선물인버스(H),11075,3,0,0.0,11022.0,2.2622,0,0,55,2026-07-28 01:07:13
432600,6,RISE 국채선물3년,55045,5,-30,-0.05,55080.0,0.1545,1,0,55,2026-07-28 01:07:13
0053M0,2,더제이 중소형포커스액티브,12220,5,-635,-4.94,12152.0,-18.5387,7,0,55,2026-07-28 01:07:13
261920,4,ACE MSCI필리핀(합성),13605,3,0,0.0,13647.0,5.1391,0,0,54,2026-07-28 01:07:13
0131A0,4,SOL 차이나소비트렌드,8340,5,-60,-0.71,8453.0,-16.1259,14001,116,54,2026-07-28 01:07:13
499150,4,SOL 미국S&P500엔화노출(H),10830,5,-105,-0.96,10864.0,0.6805,217,2,54,2026-07-28 01:07:13
474390,6,SOL 국고채30년액티브,40405,3,0,0.0,40402.0,-14.4687,1,0,54,2026-07-28 01:07:13
0073X0,5,FOCUS 알리바바미국채커버드콜혼합,9830,2,175,1.81,9801.0,-6.6347,17,0,54,2026-07-28 01:07:13
490330,4,KoAct 미국치매&뇌질환치료제액티브,15305,5,-5,-0.03,15398.0,22.8731,827,12,54,2026-07-28 01:07:13
411860,4,KIWOOM 독일DAX,17780,2,155,0.88,17715.0,0.3438,1414,25,53,2026-07-28 01:07:13
433250,1,UNICORN R&D 액티브,21315,5,-1570,-6.86,21214.0,-6.858,2,0,53,2026-07-28 01:07:13
321410,7,KODEX 멀티에셋하이인컴(H),10615,5,-85,-0.79,10698.0,1.2774,8,0,53,2026-07-28 01:07:13
0174J0,7,DAISHIN343 오피스리츠플러스,8840,2,15,0.17,8860.0,-20.0283,6172,54,53,2026-07-28 01:07:13
220130,4,SOL 차이나강소기업CSI500(합성 H),6630,2,55,0.84,6715.0,-6.7376,38,0,53,2026-07-28 01:07:13
0078V0,4,PLUS 미국로보택시,9635,3,0,0.0,9645.0,-14.0884,21,0,53,2026-07-28 01:07:13
0128D0,4,PLUS 차이나항셍테크위클리타겟커버드콜,7570,3,0,0.0,7617.0,-5.1306,552,4,53,2026-07-28 01:07:13
0015E0,7,KIWOOM 엔비디아미국30년국채혼합액티브(H),10445,5,-125,-1.18,10456.0,-1.4003,57,0,52,2026-07-28 01:07:13
295000,6,RISE 국채선물10년,51080,5,-15,-0.03,51129.0,-2.9351,1,0,51,2026-07-28 01:07:13
498610,4,RISE 인도디지털성장,8345,5,-55,-0.65,8436.0,1.5105,315,2,50,2026-07-28 01:07:13
307510,2,TIGER 의료기기,12500,5,-450,-3.47,12554.0,-31.2998,702,8,50,2026-07-28 01:07:13
0191B0,1,MIDAS 코스닥액티브,24725,5,-2295,-8.49,24598.0,,1547,38,49,2026-07-28 01:07:13
470310,2,UNICORN 생성형AI강소기업액티브,16120,5,-640,-3.82,16105.0,1.5449,2553,41,48,2026-07-28 01:07:13
0015K0,4,TIGER 미국소비트렌드액티브,7320,2,55,0.76,7358.0,-3.7749,267,1,48,2026-07-28 01:07:13
267440,6,RISE 미국장기국채선물(H),8030,2,15,0.19,8152.0,-4.4127,193,1,48,2026-07-28 01:07:13
488200,2,KIWOOM K-2차전지북미공급망,10525,5,-680,-6.07,10486.0,-34.3786,108,1,47,2026-07-28 01:07:13
373790,4,KIWOOM 미국방어배당성장나스닥,16840,2,45,0.27,16754.0,3.603,55,0,47,2026-07-28 01:07:13
244660,2,KODEX 퀄리티Plus,9220,5,-50,-0.54,9138.0,-11.0321,2,0,46,2026-07-28 01:07:13
266550,2,PLUS 중형주저변동50,18295,3,0,0.0,17801.0,-14.0606,0,0,46,2026-07-28 01:07:13
205720,4,ACE 일본TOPIX인버스(합성 H),1504,2,33,2.24,1514.0,-9.2536,453,0,45,2026-07-28 01:07:13
0050E0,4,PLUS 미국AI에이전트,7840,2,220,2.89,7872.0,-0.0657,18432,144,43,2026-07-28 01:07:13
334690,5,RISE 팔라듐선물(H),5800,2,10,0.17,5789.0,-16.9893,364,2,41,2026-07-28 01:07:13
225030,4,TIGER 미국S&P500선물인버스(H),2335,2,25,1.08,2333.0,-3.9502,11568,27,40,2026-07-28 01:07:13
226380,2,ACE Fn성장소비주도주,5615,5,-100,-1.75,5616.0,-17.1144,133,0,39,2026-07-28 01:07:13
291680,4,RISE 차이나H선물인버스(H),7850,2,60,0.77,7884.0,0.8414,3,0,39,2026-07-28 01:07:13
238670,7,PLUS 스마트베타Quality채권혼합,13040,5,-140,-1.06,13026.0,-1.7163,8,0,39,2026-07-28 01:07:13
277650,2,TIGER 코스피중형주,19100,5,-890,-4.45,19134.0,-23.1781,129,2,38,2026-07-28 01:07:13
488210,2,KIWOOM K-반도체북미공급망,18845,5,-2025,-9.7,18793.0,-17.1575,312,5,38,2026-07-28 01:07:13
253230,3,KIWOOM 200선물인버스2X,114,2,15,15.15,116.0,-41.4202,1272750,141,37,2026-07-28 01:07:13
0079X0,4,ACE BYD밸류체인액티브,10545,2,95,0.91,10485.0,-16.9977,466,4,37,2026-07-28 01:07:13
227550,2,TIGER 200 산업재,10790,5,-620,-5.43,10814.0,-28.3636,139,1,37,2026-07-28 01:07:13
243890,2,TIGER 200에너지화학레버리지,6980,5,-1275,-15.45,7001.0,-32.1135,22748,162,37,2026-07-28 01:07:13
267490,6,RISE 미국장기국채선물레버리지(합성 H),5040,5,-60,-1.18,5118.0,-5.9908,6,0,35,2026-07-28 01:07:13
145670,3,ACE 인버스,1499,2,104,7.46,1519.0,-18.0858,145021,215,34,2026-07-28 01:07:13
291630,3,KIWOOM 코스닥150선물레버리지,2700,5,-450,-14.29,2704.0,-65.1163,58518,163,33,2026-07-28 01:07:13
454180,4,KIWOOM 차이나내수소비TOP CSI,8100,2,80,1.0,8154.0,-6.5215,9,0,32,2026-07-28 01:07:13
252410,3,RISE 200선물인버스,1549,2,119,8.32,1550.0,-17.5318,57273,87,31,2026-07-28 01:07:13
291620,3,KIWOOM 코스닥150선물인버스,5320,2,360,7.26,5322.0,44.6064,7379,38,30,2026-07-28 01:07:13
489010,4,PLUS 글로벌AI인프라,20165,5,-950,-4.5,20276.0,2.7493,1146,23,30,2026-07-28 01:07:13
427120,2,RISE AI플랫폼,4865,5,-205,-4.04,4876.0,-28.5944,5485,26,30,2026-07-28 01:07:13
227560,2,TIGER 200 생활소비재,12485,5,-215,-1.69,12457.0,-11.0263,7794,97,30,2026-07-28 01:07:13
476000,2,UNICORN 포스트IPO액티브,5180,5,-165,-3.09,5133.0,-56.5801,318,1,28,2026-07-28 01:07:13
280940,5,KODEX 골드선물인버스(H),3685,5,-5,-0.14,3717.0,15.3125,546,2,28,2026-07-28 01:07:13
275750,3,RISE 코스닥150선물인버스,3010,2,210,7.5,3006.0,42.3487,8590,25,27,2026-07-28 01:07:13
491630,4,RISE 미국반도체인버스(합성 H),5635,2,260,4.84,5614.0,-24.9826,1284,7,27,2026-07-28 01:07:13
306530,3,HANARO 코스닥150선물레버리지,5355,5,-945,-15.0,5371.0,-65.4227,24634,134,25,2026-07-28 01:07:13
334700,5,RISE 팔라듐선물인버스(H),3470,5,-15,-0.43,3487.0,12.6009,5,0,23,2026-07-28 01:07:13
253160,3,PLUS 200선물인버스2X,232,2,29,14.29,236.0,-42.1653,258784,58,21,2026-07-28 01:07:13
253240,3,KIWOOM 200선물인버스,1540,2,118,8.3,1549.0,-18.2759,48650,74,19,2026-07-28 01:07:13
306520,3,HANARO 200선물인버스,2820,2,220,8.46,2826.0,-16.933,42019,117,17,2026-07-28 01:07:13
465620,4,ACE 미국빅테크TOP7 Plus인버스(합성),6735,2,120,1.81,6693.0,0.0756,1135,7,17,2026-07-28 01:07:13
397420,6,RISE 국채선물5년추종,50340,3,0,0.0,50377.0,-0.847,0,0,12,2026-07-28 01:07:13
412560,2,TIGER BBIG레버리지,1675,5,-44,-2.56,1674.0,-38.3871,792,1,11,2026-07-28 01:07:13
