itemcode,etfTabCode,itemname,nowVal,risefall,changeVal,changeRate,nav,threeMonthEarnRate,quant,amonut,marketSum,collected_at
069500,1,KODEX 200,108565,2,6805,6.69,108745.0,-10.8037,15664770,1682174,255291,2026-08-20 02:43:01
360750,4,TIGER 미국S&P500,26675,2,40,0.15,26627.0,-3.278,24068048,641383,204744,2026-08-20 02:43:01
133690,4,TIGER 미국나스닥100,182317,2,572,0.31,181506.0,-5.5688,2729578,497315,114331,2026-08-20 02:43:01
102110,1,TIGER 200,108775,2,6780,6.65,109033.0,-10.6825,10036896,1077525,104152,2026-08-20 02:43:01
379800,4,KODEX 미국S&P500,24245,2,30,0.12,24203.0,-3.2966,14879166,360300,100629,2026-08-20 02:43:01
396500,2,TIGER 반도체TOP10,35940,2,2800,8.45,35958.0,-23.9211,8323698,293340,96355,2026-08-20 02:43:01
379810,4,KODEX 미국나스닥100,27260,2,90,0.33,27136.0,-5.5714,6599313,179743,92766,2026-08-20 02:43:01
488770,7,KODEX 머니마켓액티브,105277,2,12,0.01,105297.0,0.8382,553553,58277,79263,2026-08-20 02:43:01
278530,1,KODEX 200TR,39275,2,2380,6.45,39358.0,-10.6659,614327,23796,77882,2026-08-20 02:43:01
459580,6,KODEX CD금리액티브(합성),1075370,2,255,0.02,1075351.0,0.7172,343190,369055,66463,2026-08-20 02:43:01
498400,2,KODEX 200타겟위클리커버드콜,20530,2,1285,6.68,20566.0,-11.023,5953145,120483,58901,2026-08-20 02:43:01
122630,3,KODEX 레버리지,109405,2,12665,13.09,109631.0,-34.7168,12652188,1344560,58641,2026-08-20 02:43:01
381180,4,TIGER 미국필라델피아반도체나스닥,43140,2,50,0.12,42558.0,-2.2378,2057598,88509,58088,2026-08-20 02:43:01
0167A0,2,SOL AI반도체TOP2플러스,17610,2,1030,6.21,17630.0,-4.8221,14648506,254561,56863,2026-08-20 02:43:01
091160,2,KODEX 반도체,126775,2,8655,7.33,126865.0,-15.854,1027770,128254,55654,2026-08-20 02:43:01
229200,1,KODEX 코스닥150,14615,2,385,2.71,14626.0,-21.5546,14491440,211635,52760,2026-08-20 02:43:01
148020,1,RISE 200,109320,2,6635,6.46,109597.0,-10.7143,591865,63835,46133,2026-08-20 02:43:01
310970,1,TIGER MSCI Korea TR,48595,2,3385,7.49,48624.0,-9.9762,14262,679,44076,2026-08-20 02:43:01
458730,4,TIGER 미국배당다우존스,15455,2,150,0.98,15474.0,0.6737,1242175,19176,43297,2026-08-20 02:43:01
411060,5,ACE KRX금현물,28085,2,785,2.88,28061.0,-9.901,519178,14611,41369,2026-08-20 02:43:01
0162Z0,7,RISE 삼성전자SK하이닉스채권혼합50,13455,2,675,5.28,13478.0,-2.2378,6073838,80794,41320,2026-08-20 02:43:01
395160,2,KODEX AI반도체TOP2플러스,39765,2,2865,7.76,39790.0,0.0,4588708,179254,40202,2026-08-20 02:43:01
360200,4,ACE 미국S&P500,26965,2,40,0.15,26918.0,-3.3137,234558,6311,39854,2026-08-20 02:43:01
381170,4,TIGER 미국테크TOP10 INDXX,30865,2,185,0.6,30731.0,-11.4191,408134,12565,38072,2026-08-20 02:43:01
233740,3,KODEX 코스닥150레버리지,7565,2,375,5.22,7595.0,-47.5948,59102583,446855,37878,2026-08-20 02:43:01
423160,6,KODEX KOFR금리액티브(합성),110817,2,7,0.01,110813.0,0.6703,17757,1967,35883,2026-08-20 02:43:01
395270,2,HANARO Fn K-반도체,56405,2,3955,7.54,56428.0,-1.871,970702,53760,35648,2026-08-20 02:43:01
357870,6,TIGER CD금리투자KIS(합성),57935,2,10,0.02,57937.0,0.7303,99762,5779,35506,2026-08-20 02:43:01
367380,4,ACE 미국나스닥100,31340,2,100,0.32,31200.0,-5.5797,310020,9699,34819,2026-08-20 02:43:01
102780,2,KODEX 삼성그룹,26285,2,1115,4.43,26316.0,-0.8665,373219,9668,33960,2026-08-20 02:43:01
273130,6,KODEX 종합채권(AA-이상)액티브,109635,2,105,0.1,109625.0,-0.7071,6398,701,33490,2026-08-20 02:43:01
487240,2,KODEX AI전력핵심설비,35450,5,-300,-0.84,35454.0,-29.488,1253889,44512,31125,2026-08-20 02:43:01
455890,6,RISE 머니마켓액티브,55420,2,15,0.03,55425.0,0.7821,107797,5974,29942,2026-08-20 02:43:01
0043B0,6,TIGER 머니마켓액티브,103420,2,35,0.03,103421.0,0.8634,62233,6435,29603,2026-08-20 02:43:01
139260,2,TIGER 200 IT,136820,2,8430,6.57,136930.0,-5.3809,292502,39384,27638,2026-08-20 02:43:01
481050,6,KODEX CD1년금리플러스액티브(합성),1023460,2,265,0.03,1023303.0,0.7582,32934,33706,25665,2026-08-20 02:43:01
426030,4,TIME 미국나스닥100액티브,46210,2,235,0.51,45572.0,-9.853,479714,22095,24750,2026-08-20 02:43:01
449170,6,TIGER KOFR금리액티브(합성),111645,2,10,0.01,111638.0,0.6536,26415,2949,24372,2026-08-20 02:43:01
0193T0,2,KODEX SK하이닉스단일종목레버리지,10035,2,1970,24.43,10067.0,,22471294,215784,23811,2026-08-20 02:43:01
161510,2,PLUS 고배당주,24925,5,-5,-0.02,24924.0,-4.0387,302551,7543,23651,2026-08-20 02:43:01
278540,1,KODEX MSCI Korea TR,38650,2,2560,7.09,38709.0,-10.2686,28940,1092,23615,2026-08-20 02:43:01
472150,2,TIGER 배당커버드콜액티브,20695,2,1265,6.51,20716.0,-9.5577,2342933,47644,23545,2026-08-20 02:43:01
486290,4,TIGER 미국나스닥100타겟데일리커버드콜,10740,2,30,0.28,10690.0,-5.9844,1232176,13216,23488,2026-08-20 02:43:01
456600,4,TIME 글로벌AI인공지능액티브,58140,2,570,0.99,57642.0,-5.5378,160878,9319,21442,2026-08-20 02:43:01
284430,6,KODEX 200미국채혼합50,21095,2,690,3.38,21102.0,-8.2286,426982,8932,20589,2026-08-20 02:43:01
292150,2,TIGER 코리아TOP10,38210,2,2235,6.21,38238.0,-9.9104,399314,15031,20557,2026-08-20 02:43:01
385540,6,RISE 종합채권(A-이상)액티브,102620,2,85,0.08,102627.0,-0.6829,83,8,19133,2026-08-20 02:43:01
105190,1,ACE 200,108710,2,6625,6.49,108981.0,-10.7988,168564,18143,18426,2026-08-20 02:43:01
294400,1,KIWOOM 200TR,142380,2,8820,6.6,142661.0,-10.6593,11935,1673,18367,2026-08-20 02:43:01
214980,6,KODEX 단기채권PLUS,114535,2,5,0.0,114568.0,0.6305,30277,3467,18235,2026-08-20 02:43:01
442580,4,PLUS 글로벌HBM반도체,101685,2,5245,5.44,100813.0,2.4921,776338,77897,17459,2026-08-20 02:43:01
441640,4,KODEX 미국배당커버드콜액티브,12915,2,35,0.27,12880.0,-0.0825,459389,5918,16970,2026-08-20 02:43:01
0193W0,2,KODEX 삼성전자단일종목레버리지,12970,2,1940,17.59,12980.0,,8308489,102301,16871,2026-08-20 02:43:01
305720,2,KODEX 2차전지산업,14500,2,305,2.15,14505.0,-23.0624,982363,14278,16849,2026-08-20 02:43:01
477080,6,RISE CD금리액티브(합성),107365,2,20,0.02,107371.0,0.7035,3708,398,16656,2026-08-20 02:43:01
446770,4,ACE 글로벌반도체TOP4 Plus,77785,2,1825,2.4,77210.0,-5.0363,65579,5060,15674,2026-08-20 02:43:01
152100,1,PLUS 200,110130,2,6760,6.54,110421.0,-10.7328,123890,13439,15528,2026-08-20 02:43:01
368590,4,RISE 미국나스닥100,30405,2,90,0.3,30267.0,-5.5205,138126,4195,15507,2026-08-20 02:43:01
329200,2,TIGER 리츠부동산인프라,4085,3,0,0.0,4078.0,-1.7442,1893853,7739,15374,2026-08-20 02:43:01
0177N0,7,KODEX 삼성전자SK하이닉스채권혼합50,14205,2,710,5.26,14222.0,-2.3257,3383980,47565,15270,2026-08-20 02:43:01
466920,2,SOL 조선TOP3플러스,28470,2,300,1.06,28486.0,-20.9375,362231,10313,15231,2026-08-20 02:43:01
453850,6,ACE 미국30년국채액티브(H),7215,2,105,1.48,7211.0,-1.1416,664831,4791,15123,2026-08-20 02:43:01
487230,4,KODEX 미국AI전력핵심인프라,20135,5,-130,-0.64,19919.0,-20.0617,329807,6609,15121,2026-08-20 02:43:01
379780,4,RISE 미국S&P500,23325,2,30,0.13,23275.0,-3.2232,53491,1245,14881,2026-08-20 02:43:01
475630,7,TIGER CD1년금리액티브(합성),1074990,2,300,0.03,1074989.0,0.7646,17072,18352,14483,2026-08-20 02:43:01
0195S0,2,TIGER SK하이닉스단일종목레버리지,8505,2,1630,23.71,8518.0,,13154570,107474,14242,2026-08-20 02:43:01
232080,1,TIGER 코스닥150,14895,2,390,2.69,14915.0,-21.7216,2591916,38539,13924,2026-08-20 02:43:01
091230,2,TIGER 반도체,134275,2,8585,6.83,134422.0,-14.7972,127683,16894,13615,2026-08-20 02:43:01
436140,6,SOL 종합채권(AA-이상)액티브,105915,2,95,0.09,105950.0,-0.6945,1859,196,13576,2026-08-20 02:43:01
157450,6,TIGER 단기통안채,112455,2,20,0.02,112460.0,0.6309,8759,985,12913,2026-08-20 02:43:01
390390,4,KODEX 미국반도체,53785,2,140,0.26,53142.0,-3.5422,531283,28443,12855,2026-08-20 02:43:01
448330,1,KODEX 삼성전자채권혼합,17525,2,420,2.46,17539.0,-0.0922,464549,8081,12793,2026-08-20 02:43:01
0072R0,5,TIGER KRX금현물,13415,2,375,2.88,13410.0,-10.1929,420439,5643,12416,2026-08-20 02:43:01
438080,7,ACE 미국S&P500미국채혼합50액티브,14225,3,0,0.0,14211.0,-4.8814,239766,3401,12390,2026-08-20 02:43:01
0183J0,4,TIGER 미국우주테크,8420,5,-115,-1.35,8385.0,-38.6413,928210,7782,12335,2026-08-20 02:43:01
226490,1,KODEX 코스피,70425,2,4100,6.18,70494.0,-11.3278,535904,37537,11620,2026-08-20 02:43:01
469150,2,ACE AI반도체TOP3+,58185,2,3355,6.12,58183.0,-16.6148,243494,13973,11259,2026-08-20 02:43:01
445290,2,KODEX 로봇액티브,32015,2,650,2.07,32017.0,-14.7246,197536,6293,11141,2026-08-20 02:43:01
449450,2,PLUS K방산,56550,2,765,1.37,56606.0,-18.9172,143887,8051,11056,2026-08-20 02:43:01
497570,4,TIGER 미국필라델피아AI반도체나스닥,21660,5,-60,-0.28,21405.0,-1.4012,705956,15245,10960,2026-08-20 02:43:01
494890,1,KODEX 200액티브,31305,2,1980,6.75,31387.0,-10.8423,112530,3487,10894,2026-08-20 02:43:01
0139F0,6,TIGER 12월자동연장금융채(AA-이상)액티브,102035,2,35,0.03,102039.0,0.7009,19,1,10793,2026-08-20 02:43:01
465580,4,ACE 미국빅테크TOP7 Plus,24440,2,120,0.49,24336.0,-6.2814,982349,23909,10668,2026-08-20 02:43:01
446720,4,SOL 미국배당다우존스,14160,2,125,0.89,14184.0,0.7363,220357,3117,10563,2026-08-20 02:43:01
479520,6,RISE KOFR금리액티브(합성),106280,2,25,0.02,106265.0,0.6488,2165,230,10317,2026-08-20 02:43:01
494310,2,KODEX 반도체레버리지,77170,2,9670,14.33,77353.0,-46.1293,2542516,190623,10302,2026-08-20 02:43:01
455850,2,SOL AI반도체소부장,24080,2,445,1.88,24104.0,-17.0411,886108,21334,10222,2026-08-20 02:43:01
449180,4,KODEX 미국S&P500(H),17230,2,80,0.47,17205.0,3.7184,234131,4034,10183,2026-08-20 02:43:01
356540,6,ACE 종합채권(AA-이상)액티브,100955,2,60,0.06,100958.0,-0.5128,19,1,10117,2026-08-20 02:43:01
469830,6,SOL 초단기채권액티브,54322,2,12,0.02,54324.0,0.8167,46303,2515,10085,2026-08-20 02:43:01
0195R0,2,TIGER 삼성전자단일종목레버리지,11800,2,1715,17.01,11805.0,,4184949,47675,10036,2026-08-20 02:43:01
295040,1,SOL 200TR,40690,2,2495,6.53,40753.0,-10.5818,64437,2568,10010,2026-08-20 02:43:01
451540,6,TIGER 종합채권(AA-이상)액티브,52670,2,75,0.14,52665.0,-0.811,2369,124,9904,2026-08-20 02:43:01
479080,6,1Q 머니마켓액티브,53705,2,5,0.01,53710.0,0.8545,62965,3381,9853,2026-08-20 02:43:01
237350,1,KODEX 코스피100,86735,2,5655,6.97,86799.0,-10.6851,210899,17990,9844,2026-08-20 02:43:01
315930,2,KODEX Top5PlusTR,80935,2,3940,5.12,81106.0,-8.8008,16614,1327,9793,2026-08-20 02:43:01
402970,4,ACE 미국배당다우존스,15717,2,182,1.17,15725.0,0.6999,216568,3399,9776,2026-08-20 02:43:01
0117V0,2,TIGER 코리아AI전력기기TOP3플러스,18375,5,-145,-0.78,18367.0,-27.2496,860229,15808,9776,2026-08-20 02:43:01
494300,4,KODEX 미국나스닥100데일리커버드콜OTM,9295,2,15,0.16,9228.0,-8.2455,907151,8412,9750,2026-08-20 02:43:01
495050,1,RISE 코리아밸류업,32365,2,1445,4.67,32374.0,-8.9941,77914,2486,9629,2026-08-20 02:43:01
438100,7,ACE 미국나스닥100미국채혼합50액티브,15390,2,35,0.23,15343.0,-6.0282,202750,3109,9403,2026-08-20 02:43:01
0117L0,6,KODEX 26-12 금융채(AA-이상)액티브,10145,5,-5,-0.05,10148.0,0.6445,3359,34,9215,2026-08-20 02:43:01
305540,2,TIGER 2차전지테마,18295,2,375,2.09,18287.0,-22.1209,264207,4844,9001,2026-08-20 02:43:01
487340,6,ACE 머니마켓액티브,105755,2,40,0.04,105753.0,0.8538,8859,936,8598,2026-08-20 02:43:01
0177R0,2,TIGER 반도체TOP10커버드콜액티브,11250,2,800,7.66,11273.0,-11.8457,1940622,21484,8258,2026-08-20 02:43:01
475720,3,RISE 200위클리커버드콜,12720,2,670,5.56,12743.0,-11.7604,354977,4453,8192,2026-08-20 02:43:01
144600,5,KODEX 은선물(H),10940,2,700,6.84,10912.0,-18.4064,738272,8055,8074,2026-08-20 02:43:01
153130,6,KODEX 단기채권,113225,2,20,0.02,113220.0,0.6157,4800,543,8027,2026-08-20 02:43:01
441800,1,TIME Korea플러스배당액티브,28710,2,1165,4.23,28724.0,-14.9569,122035,3462,7872,2026-08-20 02:43:01
498410,2,KODEX 금융고배당TOP10타겟위클리커버드콜,11440,5,-120,-1.04,11415.0,0.3858,1226056,14005,7871,2026-08-20 02:43:01
476550,6,TIGER 미국30년국채커버드콜액티브(H),6895,2,105,1.55,6885.0,-1.3136,818922,5637,7853,2026-08-20 02:43:01
0025N0,7,TIGER TDF2045 적격,12117,5,-3,-0.02,12086.0,-2.6115,170657,2064,7791,2026-08-20 02:43:01
0048J0,6,KODEX 미국머니마켓액티브,13950,5,-35,-0.25,13943.0,-6.3244,519400,7222,7771,2026-08-20 02:43:01
481060,6,KODEX 미국30년국채타겟커버드콜(합성 H),7435,2,80,1.09,7464.0,-1.0977,305892,2269,7699,2026-08-20 02:43:01
457480,4,ACE 테슬라밸류체인액티브,18695,2,555,3.06,18647.0,-23.1682,160703,3011,7693,2026-08-20 02:43:01
371460,4,TIGER 차이나전기차SOLACTIVE,10570,2,30,0.28,10588.0,-24.7143,161519,1707,7678,2026-08-20 02:43:01
490590,4,RISE 미국AI밸류체인데일리고정커버드콜,14310,2,230,1.63,14207.0,-6.6713,365709,5217,7670,2026-08-20 02:43:01
069660,1,KIWOOM 200,108500,2,6740,6.62,108763.0,-10.7517,63132,6733,7595,2026-08-20 02:43:01
466940,2,TIGER 은행고배당플러스TOP10,25380,5,-280,-1.09,25391.0,4.8496,330908,8420,7589,2026-08-20 02:43:01
114800,3,KODEX 인버스,1018,5,-71,-6.52,1018.0,-6.2823,945268316,979251,7558,2026-08-20 02:43:01
0061Z0,6,RISE 단기특수은행채액티브,50960,2,15,0.03,50956.0,0.7415,100,5,7277,2026-08-20 02:43:01
102970,2,KODEX 증권,18645,2,855,4.81,18689.0,-31.9108,499518,9227,7262,2026-08-20 02:43:01
272580,6,TIGER 단기채권액티브,57050,2,15,0.03,57047.0,0.6707,7784,444,7196,2026-08-20 02:43:01
462330,2,KODEX 2차전지산업레버리지,1024,2,43,4.38,1029.0,-49.6665,34309324,35367,7173,2026-08-20 02:43:01
458760,4,TIGER 미국배당다우존스타겟커버드콜2호,11360,2,110,0.98,11379.0,1.269,147966,1678,7162,2026-08-20 02:43:01
385560,6,RISE KIS국고채30년Enhanced,50500,2,300,0.6,50468.0,-9.8177,21514,1084,6972,2026-08-20 02:43:01
0127P0,4,ACE 미국대형성장주액티브,10700,5,-55,-0.51,10640.0,-4.7711,67356,719,6869,2026-08-20 02:43:01
138540,2,TIGER 현대차그룹플러스,52525,2,435,0.84,52573.0,-18.6539,77381,4046,6860,2026-08-20 02:43:01
456610,6,TIGER 미국달러SOFR금리액티브(합성),60410,5,-205,-0.34,60439.0,-6.2486,34065,2049,6857,2026-08-20 02:43:01
367760,2,RISE 네트워크인프라,57985,2,2305,4.14,58073.0,-4.1158,186402,10724,6813,2026-08-20 02:43:01
495850,1,KODEX 코리아밸류업,32085,2,1265,4.1,32147.0,-9.3901,68020,2161,6786,2026-08-20 02:43:01
252670,3,KODEX 200선물인버스2X,77,5,-11,-12.5,76.0,-28.4553,7310424324,576324,6784,2026-08-20 02:43:01
364980,2,TIGER 2차전지TOP10,10075,2,240,2.44,10080.0,-19.5502,815152,8216,6775,2026-08-20 02:43:01
0167B0,2,SOL 200타겟위클리커버드콜,11930,2,730,6.52,11947.0,-11.1283,936675,11005,6693,2026-08-20 02:43:01
290130,2,RISE ESG사회책임투자,47125,2,3225,7.35,47164.0,-10.0502,146019,6804,6692,2026-08-20 02:43:01
434730,2,HANARO 원자력iSelect,56680,2,130,0.23,56721.0,-24.8006,51507,2916,6688,2026-08-20 02:43:01
314250,4,KODEX 미국빅테크10(H),61845,2,815,1.34,61570.0,6.3362,40643,2509,6543,2026-08-20 02:43:01
418660,4,TIGER 미국나스닥100레버리지(합성),40995,2,235,0.58,40624.0,-13.2582,146804,5993,6498,2026-08-20 02:43:01
482730,4,TIGER 미국S&P500타겟데일리커버드콜,12090,2,45,0.37,12030.0,-3.059,195576,2354,6486,2026-08-20 02:43:01
0148J0,2,TIGER 코리아휴머노이드로봇산업,9580,2,115,1.22,9579.0,-21.9704,2257262,21642,6443,2026-08-20 02:43:01
491010,4,TIGER 글로벌AI전력인프라액티브,25395,5,-65,-0.26,25131.0,-17.6052,101735,2586,6374,2026-08-20 02:43:01
434060,7,KODEX TDF2050액티브 적격,17050,2,50,0.29,16944.0,-5.2742,59001,1003,6351,2026-08-20 02:43:01
329750,6,TIGER 미국달러단기채권액티브,13165,5,-45,-0.34,13166.0,-6.5441,171597,2254,6243,2026-08-20 02:43:01
0101N0,2,RISE AI전력인프라,19285,2,30,0.16,19309.0,-23.6065,164948,3181,6075,2026-08-20 02:43:01
0015B0,4,KoAct 미국나스닥성장기업액티브,18530,5,-110,-0.59,18333.0,-14.7496,629407,11630,6069,2026-08-20 02:43:01
489250,4,KODEX 미국배당다우존스,13295,2,135,1.03,13307.0,0.7913,198751,2640,6009,2026-08-20 02:43:01
484790,6,KODEX 미국30년국채액티브(H),8320,2,110,1.34,8320.0,-0.7015,297992,2477,5990,2026-08-20 02:43:01
251600,7,PLUS 고배당주채권혼합,15385,5,-10,-0.06,15368.0,-0.9994,109921,1690,5939,2026-08-20 02:43:01
423920,4,TIGER 미국필라델피아반도체레버리지(합성),85825,5,-220,-0.26,83581.0,-15.2274,151476,12799,5888,2026-08-20 02:43:01
371160,4,TIGER 차이나항셍테크,7210,2,60,0.84,7205.0,-10.5569,164610,1189,5887,2026-08-20 02:43:01
494670,2,TIGER 조선TOP10,22520,2,190,0.85,22530.0,-19.9642,125002,2818,5821,2026-08-20 02:43:01
0219E0,2,KODEX 200커버드콜액티브,8550,2,555,6.94,8552.0,,3986101,33555,5780,2026-08-20 02:43:01
396520,4,TIGER 차이나반도체FACTSET,13985,2,50,0.36,13959.0,-7.7153,494086,6965,5773,2026-08-20 02:43:01
466950,4,TIGER 글로벌AI액티브,30745,2,320,1.05,30441.0,-13.4178,102063,3119,5719,2026-08-20 02:43:01
449190,4,KODEX 미국나스닥100(H),22250,2,130,0.59,22148.0,1.4046,241282,5365,5674,2026-08-20 02:43:01
0019K0,7,TIME 미국나스닥100채권혼합50액티브,13320,2,60,0.45,13242.0,-3.3528,214219,2846,5594,2026-08-20 02:43:01
488080,3,TIGER 반도체TOP10레버리지,34205,2,4730,16.05,34321.0,-56.8701,5344666,177015,5593,2026-08-20 02:43:01
0007F0,6,KODEX 27-12 회사채(AA-이상)액티브,10185,2,5,0.05,10185.0,0.6426,19224,195,5548,2026-08-20 02:43:01
463250,2,TIGER K방산&우주,36550,2,275,0.76,36592.0,-17.7252,196964,7104,5537,2026-08-20 02:43:01
0091P0,2,TIGER 코리아원자력,16030,5,-50,-0.31,16059.0,-24.93,345412,5532,5458,2026-08-20 02:43:01
455030,6,KODEX 미국달러SOFR금리액티브(합성),11995,5,-10,-0.08,11979.0,-6.5701,105038,1254,5447,2026-08-20 02:43:01
491620,4,RISE 미국테크100데일리고정커버드콜,10795,2,75,0.7,10744.0,-4.724,302434,3259,5446,2026-08-20 02:43:01
438330,6,TIGER 우량회사채액티브,115585,2,35,0.03,115643.0,0.7674,6388,738,5374,2026-08-20 02:43:01
477050,6,PLUS 머니마켓액티브,53465,2,5,0.01,53473.0,0.8393,1986,106,5343,2026-08-20 02:43:01
0190C0,2,RISE 현대차고정피지컬AI,8815,2,140,1.61,8816.0,-19.7874,572442,5014,5324,2026-08-20 02:43:01
365780,6,ACE 국고채10년,82500,2,115,0.14,82433.0,0.2982,3053,251,5320,2026-08-20 02:43:01
0105E0,2,SOL 코리아고배당,12785,5,-45,-0.35,12794.0,-4.5389,183894,2351,5306,2026-08-20 02:43:01
444200,2,SOL 코리아메가테크액티브,46470,2,2175,4.91,46600.0,-16.3457,37922,1739,5274,2026-08-20 02:43:01
462010,2,TIGER 2차전지소재Fn,4800,2,120,2.56,4803.0,-30.8715,1376418,6638,5208,2026-08-20 02:43:01
496080,1,TIGER 코리아밸류업,32200,2,1385,4.49,32230.0,-9.4461,63770,2028,5200,2026-08-20 02:43:01
315960,2,RISE 대형고배당10TR,77700,2,4540,6.21,77733.0,-11.3911,45044,3457,5128,2026-08-20 02:43:01
114260,6,KODEX 국고채3년,61825,2,10,0.02,61759.0,0.9801,6389,394,5118,2026-08-20 02:43:01
251350,4,KODEX MSCI선진국,39690,2,70,0.18,39630.0,-2.2595,12835,508,5080,2026-08-20 02:43:01
435420,7,TIGER 미국나스닥100채권혼합50,14125,2,35,0.25,14088.0,-2.5142,213554,3012,4958,2026-08-20 02:43:01
361580,1,RISE 200TR,61715,2,3720,6.41,61826.0,-10.5361,11661,705,4906,2026-08-20 02:43:01
243880,2,TIGER 200IT레버리지,331595,2,39100,13.37,331552.0,-34.4182,148077,47461,4891,2026-08-20 02:43:01
476800,7,KODEX 한국부동산리츠인프라,4222,2,12,0.29,4221.0,-5.434,155978,658,4830,2026-08-20 02:43:01
490490,7,SOL 미국배당미국채혼합50,11330,2,55,0.49,11330.0,-2.9313,81362,920,4804,2026-08-20 02:43:01
499660,7,TIGER CD금리플러스액티브(합성),1001997,2,242,0.02,1001995.0,0.7639,4919,4928,4796,2026-08-20 02:43:01
277630,1,TIGER 코스피,71565,2,4305,6.4,71535.0,-11.5038,241601,17101,4759,2026-08-20 02:43:01
471230,6,KODEX 국고채10년액티브,103875,2,100,0.1,103841.0,0.2753,11048,1148,4688,2026-08-20 02:43:01
0163Y0,1,KoAct 코스닥액티브,9030,2,190,2.15,9038.0,-25.6519,187469,1698,4673,2026-08-20 02:43:01
0162M0,6,KODEX 금융채1~2년(AA-이상)PLUS액티브,10070,3,0,0.0,10071.0,0.9018,102,1,4654,2026-08-20 02:43:01
448290,4,TIGER 미국S&P500(H),17870,2,80,0.45,17843.0,3.6706,115715,2067,4610,2026-08-20 02:43:01
483280,4,KODEX 미국AI테크TOP10타겟커버드콜,11720,2,35,0.3,11657.0,-10.8939,82200,959,4606,2026-08-20 02:43:01
473290,6,KODEX 26-12 회사채(AA-이상)액티브,10875,2,5,0.05,10874.0,0.555,16962,184,4512,2026-08-20 02:43:01
451000,6,PLUS 종합채권(AA-이상)액티브,107015,2,225,0.21,106994.0,-0.7482,1,0,4506,2026-08-20 02:43:01
293180,1,HANARO 200,108720,2,6690,6.56,109039.0,-10.6774,42219,4522,4458,2026-08-20 02:43:01
447770,7,TIGER 테슬라채권혼합Fn,13740,2,200,1.48,13760.0,-6.422,51374,705,4397,2026-08-20 02:43:01
451060,1,1Q 200액티브,34800,2,2185,6.7,34866.0,-11.219,47388,1615,4385,2026-08-20 02:43:01
148070,6,KIWOOM 국고채10년,104490,2,110,0.11,104466.0,0.2448,5976,624,4232,2026-08-20 02:43:01
474220,4,TIGER 미국테크TOP10타겟커버드콜,14930,2,90,0.61,14893.0,-9.2011,62742,934,4218,2026-08-20 02:43:01
0023A0,4,SOL 미국양자컴퓨팅TOP10,25325,2,105,0.42,24971.0,-16.3378,65528,1653,4217,2026-08-20 02:43:01
091180,2,KODEX 자동차,29565,5,-25,-0.08,29603.0,-13.432,80781,2375,4183,2026-08-20 02:43:01
0016X0,6,SOL 중단기회사채(A-이상)액티브,51455,2,15,0.03,51453.0,0.8726,12197,627,4163,2026-08-20 02:43:01
480260,6,TIGER 27-04회사채(A+이상)액티브,53775,2,20,0.04,53776.0,0.58,483,25,4051,2026-08-20 02:43:01
0131V0,4,1Q 미국우주항공테크,12230,2,25,0.2,12228.0,-15.5948,22792,278,4005,2026-08-20 02:43:01
0173Y0,4,KODEX 미국AI광통신네트워크,11345,5,-40,-0.35,11102.0,-17.6059,464282,5230,3999,2026-08-20 02:43:01
0060H0,1,TIGER 토탈월드스탁액티브,12865,2,85,0.67,12847.0,-3.4595,30354,389,3988,2026-08-20 02:43:01
462900,2,KoAct 바이오헬스케어액티브,15015,2,635,4.42,15038.0,-20.089,1378005,20722,3964,2026-08-20 02:43:01
241180,4,TIGER 일본니케이225,34970,2,465,1.35,35047.0,0.0289,24074,839,3952,2026-08-20 02:43:01
385720,1,TIME 코스피액티브,25480,2,1450,6.03,25532.0,-12.2353,58994,1479,3949,2026-08-20 02:43:01
426020,4,TIME 미국S&P500액티브,32120,2,110,0.34,32002.0,-5.6588,32974,1056,3931,2026-08-20 02:43:01
471990,2,KODEX AI반도체핵심장비,23900,2,155,0.65,23932.0,-14.5139,1020316,24434,3920,2026-08-20 02:43:01
458250,6,TIGER 미국30년국채스트립액티브(합성 H),34755,2,945,2.8,34703.0,-3.5791,74310,2577,3893,2026-08-20 02:43:01
469070,2,RISE AI&로봇,11625,2,150,1.31,11632.0,-21.2693,155664,1809,3877,2026-08-20 02:43:01
0167Z0,4,KODEX 미국우주항공,8500,5,-140,-1.62,8462.0,-32.4788,365280,3099,3863,2026-08-20 02:43:01
439870,6,KODEX 국고채30년액티브,85715,2,425,0.5,85748.0,-7.4595,2456,210,3821,2026-08-20 02:43:01
496020,6,WON 전단채플러스액티브,52410,2,10,0.02,52412.0,0.9147,1423,74,3712,2026-08-20 02:43:01
0080G0,2,KODEX 방산TOP10,11065,2,100,0.91,11084.0,-16.3765,1530708,16733,3696,2026-08-20 02:43:01
484880,2,SOL 금융지주플러스고배당,21550,5,-415,-1.89,21554.0,6.0954,300257,6481,3620,2026-08-20 02:43:01
439860,6,KODEX ESG종합채권(A-이상)액티브,113605,5,-15,-0.01,113677.0,0.6421,72,8,3616,2026-08-20 02:43:01
0040Y0,7,SOL 팔란티어커버드콜OTM채권혼합,8210,2,85,1.05,8178.0,0.2429,153488,1257,3584,2026-08-20 02:43:01
132030,5,KODEX 골드선물(H),25235,2,835,3.42,25248.0,-5.2428,83059,2102,3583,2026-08-20 02:43:01
0043Y0,4,TIME 차이나AI테크액티브,20215,2,25,0.12,20141.0,-3.6507,55999,1136,3578,2026-08-20 02:43:01
310960,1,TIGER 200TR,63195,2,3505,5.87,63328.0,-10.4561,32285,2029,3539,2026-08-20 02:43:01
476760,6,ACE 미국30년국채액티브,9100,2,125,1.39,9067.0,-8.2487,399810,3626,3531,2026-08-20 02:43:01
448300,4,TIGER 미국나스닥100(H),22975,2,145,0.64,22872.0,1.3155,53151,1220,3515,2026-08-20 02:43:01
453810,4,KODEX 인도Nifty50,11830,3,0,0.0,11813.0,-4.8183,90441,1068,3502,2026-08-20 02:43:01
474590,2,WON 반도체밸류체인액티브,43930,2,2320,5.58,43943.0,-3.714,38358,1670,3492,2026-08-20 02:43:01
0144L0,4,KODEX 미국성장커버드콜액티브,9700,2,30,0.31,9668.0,-6.4189,124552,1206,3482,2026-08-20 02:43:01
385550,6,RISE 단기채권알파액티브,114040,2,30,0.03,114043.0,0.6533,208,23,3451,2026-08-20 02:43:01
0026S0,4,1Q 미국S&P500,13050,2,30,0.23,13026.0,-3.3776,72713,946,3432,2026-08-20 02:43:01
0046A0,6,TIGER 미국초단기(3개월이하)국채,9645,5,-30,-0.31,9647.0,-6.5632,440050,4235,3404,2026-08-20 02:43:01
279530,2,KODEX 고배당주,17390,5,-155,-0.88,17413.0,-0.8844,111732,1951,3391,2026-08-20 02:43:01
0182R0,2,1Q K반도체TOP2+,10510,2,730,7.46,10519.0,-23.5341,3111935,32085,3384,2026-08-20 02:43:01
0052D0,2,TIGER 코리아배당다우존스,15260,5,-130,-0.84,15270.0,-3.2774,59691,912,3380,2026-08-20 02:43:01
456880,7,ACE 미국달러SOFR금리(합성),12235,5,-25,-0.2,12236.0,-6.5193,36125,440,3374,2026-08-20 02:43:01
472170,7,TIGER 미국테크TOP10채권혼합,13905,2,30,0.22,13881.0,-5.2578,39092,543,3358,2026-08-20 02:43:01
442570,7,RISE TDF2050액티브 적격,17605,2,125,0.72,17461.0,-2.6303,91866,1611,3345,2026-08-20 02:43:01
270810,1,RISE 코스닥150,14540,2,395,2.79,14553.0,-21.3512,120311,1752,3341,2026-08-20 02:43:01
448630,7,RISE 삼성그룹Top3채권혼합,15385,2,325,2.16,15390.0,0.7694,258088,3921,3277,2026-08-20 02:43:01
385510,2,KODEX 신재생에너지액티브,38915,2,805,2.11,38954.0,-24.1064,53896,2105,3269,2026-08-20 02:43:01
0052S0,7,1Q 미국S&P500미국채혼합50액티브,11710,3,0,0.0,11693.0,-4.9345,106129,1237,3232,2026-08-20 02:43:01
0210A0,2,ACE K반도체TOP2+,7190,2,415,6.13,7199.0,,2410879,17087,3120,2026-08-20 02:43:01
0008S0,4,TIGER 미국배당다우존스타겟데일리커버드콜,10255,2,110,1.08,10267.0,0.446,197660,2022,3056,2026-08-20 02:43:01
0111P0,7,1Q 미국나스닥100미국채혼합50액티브,10920,2,35,0.32,10878.0,-6.1917,57899,630,3047,2026-08-20 02:43:01
485540,4,KODEX 미국AI테크TOP10,15020,2,50,0.33,14947.0,-11.2488,291162,4363,2974,2026-08-20 02:43:01
475300,2,SOL 반도체전공정,21290,2,430,2.06,21342.0,-7.0825,809482,17237,2970,2026-08-20 02:43:01
364970,2,TIGER 바이오TOP10,8000,2,390,5.12,8012.0,4.0328,2034538,16125,2964,2026-08-20 02:43:01
190620,6,ACE 단기통안채,101920,2,20,0.02,101925.0,0.6519,418,42,2951,2026-08-20 02:43:01
433330,4,SOL 미국S&P500,22295,2,50,0.22,22252.0,-3.3879,23029,512,2943,2026-08-20 02:43:01
483320,4,ACE 엔비디아밸류체인액티브,24595,2,300,1.23,24332.0,-3.7632,737466,18092,2939,2026-08-20 02:43:01
0038A0,4,KODEX 미국휴머노이드로봇,15340,2,95,0.62,15237.0,-14.4399,16143,246,2930,2026-08-20 02:43:01
489030,2,PLUS 고배당주위클리커버드콜,6420,5,-5,-0.08,6409.0,-9.3995,216421,1389,2921,2026-08-20 02:43:01
453870,4,TIGER 인도니프티50,11630,5,-15,-0.13,11593.0,-5.127,30978,360,2913,2026-08-20 02:43:01
454780,6,KIWOOM 종합채권(AA-이상)액티브,99270,2,255,0.26,99272.0,-0.9454,6,0,2888,2026-08-20 02:43:01
475080,7,KODEX 테슬라커버드콜채권혼합액티브,7925,2,85,1.08,7935.0,-5.6542,66002,522,2881,2026-08-20 02:43:01
481190,4,SOL 미국테크TOP10,16735,2,95,0.57,16680.0,-11.3243,89496,1496,2878,2026-08-20 02:43:01
441680,7,TIGER 미국나스닥100커버드콜(합성),10870,2,50,0.46,10848.0,-2.7742,28790,312,2859,2026-08-20 02:43:01
461490,7,RISE 글로벌자산배분액티브,14765,2,65,0.44,14775.0,-2.7778,22950,338,2857,2026-08-20 02:43:01
473330,6,SOL 미국30년국채커버드콜(합성),8165,2,90,1.11,8180.0,-8.0805,201549,1639,2850,2026-08-20 02:43:01
273140,6,KODEX 단기변동금리부채권액티브,114600,2,25,0.02,114582.0,0.5773,1681,192,2804,2026-08-20 02:43:01
0228G0,2,ACE 반도체Plus전략산업,10385,2,510,5.16,10418.0,,539464,5538,2804,2026-08-20 02:43:01
307520,2,TIGER 지주회사,21790,2,200,0.93,21825.0,-11.0955,199508,4346,2778,2026-08-20 02:43:01
136340,6,RISE 중기우량회사채,104300,2,35,0.03,104302.0,0.7222,36644,3822,2772,2026-08-20 02:43:01
0094K0,6,TIGER 28-04 회사채(A+이상)액티브,99665,2,55,0.06,99636.0,0.8708,3587,357,2771,2026-08-20 02:43:01
091170,2,KODEX 은행,15505,5,-330,-2.08,15510.0,7.914,595987,9277,2698,2026-08-20 02:43:01
0162Y0,1,TIME 코스닥액티브,7610,2,165,2.22,7626.0,-27.1527,212308,1616,2698,2026-08-20 02:43:01
421320,2,PLUS 우주항공,29000,2,105,0.36,29037.0,-37.2121,64068,1845,2683,2026-08-20 02:43:01
478150,4,TIME 글로벌우주테크&방산액티브,20870,5,-265,-1.25,20773.0,-8.7239,16830,349,2682,2026-08-20 02:43:01
471780,2,TIGER 코리아테크액티브,35000,2,1900,5.74,35014.0,-12.1201,79517,2751,2681,2026-08-20 02:43:01
213610,2,KODEX 삼성그룹밸류,22525,2,855,3.95,22575.0,-0.4823,9374,207,2680,2026-08-20 02:43:01
497880,6,SOL CD금리&머니마켓액티브,50135,2,10,0.02,50138.0,0.8323,62284,3122,2665,2026-08-20 02:43:01
0119H0,6,KODEX 28-12 회사채(AA-이상)액티브,9935,2,15,0.15,9932.0,0.6595,16565,164,2650,2026-08-20 02:43:01
123320,3,TIGER 레버리지,110285,2,12640,12.94,110296.0,-33.7417,217466,23210,2647,2026-08-20 02:43:01
196230,6,RISE 단기통안채,116810,5,-10,-0.01,116861.0,0.5941,1069,124,2643,2026-08-20 02:43:01
0098F0,2,KODEX 원자력SMR,15120,2,75,0.5,15149.0,-23.2007,198357,3000,2638,2026-08-20 02:43:01
409820,4,KODEX 미국나스닥100레버리지(합성 H),20080,2,200,1.01,19922.0,0.8113,70324,1412,2590,2026-08-20 02:43:01
471040,4,KoAct 글로벌AI&로봇액티브,28615,2,15,0.05,28476.0,-11.592,36437,1040,2590,2026-08-20 02:43:01
423170,4,SOL 글로벌AI반도체탑픽액티브,57280,2,2080,3.77,57113.0,-5.2361,30777,1747,2589,2026-08-20 02:43:01
0053L0,4,TIGER 차이나휴머노이드로봇,9875,5,-110,-1.1,9809.0,-26.7067,186229,1855,2563,2026-08-20 02:43:01
139230,2,TIGER 200 중공업,12985,2,35,0.27,13005.0,-23.9875,27593,358,2553,2026-08-20 02:43:01
283580,4,KODEX 차이나CSI300,15330,5,-30,-0.2,15384.0,-10.227,38245,589,2552,2026-08-20 02:43:01
472920,6,HK 종합채권(AA-이상)액티브,97760,2,140,0.14,97786.0,-0.7675,227,22,2521,2026-08-20 02:43:01
495230,1,KoAct 코리아밸류업액티브,31060,2,1520,5.15,31121.0,-13.9784,24902,764,2516,2026-08-20 02:43:01
483340,4,ACE 구글밸류체인액티브,22115,2,110,0.5,21911.0,-10.0368,56435,1241,2510,2026-08-20 02:43:01
0183V0,7,KIWOOM 삼성전자&SK하이닉스채권혼합50,11800,2,590,5.26,11812.0,-2.1693,715093,8330,2466,2026-08-20 02:43:01
302450,1,RISE 코스피,71105,2,3845,5.72,71079.0,-10.326,158904,11293,2453,2026-08-20 02:43:01
493810,4,TIGER 미국AI빅테크10타겟데일리커버드콜,11415,2,40,0.35,11376.0,-8.9546,69055,786,2431,2026-08-20 02:43:01
261260,7,KODEX 미국달러선물인버스2X,5242,2,32,0.61,5244.0,15.2654,311135,1641,2407,2026-08-20 02:43:01
388420,2,RISE 비메모리반도체액티브,26920,2,1235,4.81,26965.0,-18.3253,74383,1978,2401,2026-08-20 02:43:01
363580,2,KODEX 200IT TR,55285,2,3485,6.73,55316.0,-3.2951,78979,4289,2377,2026-08-20 02:43:01
228790,2,TIGER 화장품,4490,2,130,2.98,4493.0,18.4782,4622239,20612,2373,2026-08-20 02:43:01
245710,4,ACE 베트남VN30(합성),28240,2,400,1.44,28381.0,-13.9679,14779,414,2372,2026-08-20 02:43:01
448540,7,ACE 엔비디아채권혼합,26505,5,-20,-0.08,26442.0,-2.0857,15564,412,2359,2026-08-20 02:43:01
363570,6,KODEX 장기종합채권(AA-이상)액티브,85855,2,215,0.25,85878.0,-2.4713,666,57,2351,2026-08-20 02:43:01
0182S0,7,1Q K반도체TOP2채권혼합50,12440,2,590,4.98,12474.0,-3.893,258211,3181,2345,2026-08-20 02:43:01
157500,2,TIGER 증권,12670,2,580,4.8,12695.0,-31.5466,322652,4035,2344,2026-08-20 02:43:01
486450,4,SOL 미국AI전력인프라,20175,2,195,0.98,20101.0,-15.5716,83122,1675,2340,2026-08-20 02:43:01
329650,7,KODEX TRF3070,14125,3,0,0.0,14147.0,-1.326,14732,207,2331,2026-08-20 02:43:01
472160,4,TIGER 미국테크TOP10 INDXX(H),18630,2,175,0.95,18560.0,-5.1645,37352,695,2329,2026-08-20 02:43:01
488980,6,SOL 26-12 회사채(AA-이상)액티브,52060,3,0,0.0,52083.0,0.6768,0,0,2304,2026-08-20 02:43:01
437080,6,KODEX 미국종합채권ESG액티브(H),97510,2,345,0.36,97516.0,-0.1579,808,78,2296,2026-08-20 02:43:01
463050,2,TIME K바이오액티브,13565,2,515,3.95,13559.0,-15.8065,410262,5561,2286,2026-08-20 02:43:01
452360,4,SOL 미국배당다우존스(H),13730,2,180,1.33,13729.0,8.2905,192180,2638,2279,2026-08-20 02:43:01
458260,6,TIGER 미국투자등급회사채액티브(H),46625,2,250,0.54,46579.0,-0.6957,2690,125,2275,2026-08-20 02:43:01
0092C0,6,SOL 27-12 회사채(AA-이상)액티브,50235,3,0,0.0,50251.0,0.7319,0,0,2274,2026-08-20 02:43:01
442320,4,RISE 글로벌원자력,35950,2,90,0.25,35904.0,-17.3402,7353,264,2261,2026-08-20 02:43:01
244580,2,KODEX 바이오,8720,2,180,2.11,8724.0,-19.7746,793492,6944,2260,2026-08-20 02:43:01
498270,4,KIWOOM 미국양자컴퓨팅,15080,2,5,0.03,14993.0,-0.75,22482,338,2254,2026-08-20 02:43:01
466930,2,SOL 자동차TOP3플러스,27110,2,445,1.67,27114.0,-5.0899,136305,3659,2237,2026-08-20 02:43:01
414780,4,TIGER 차이나과창판STAR50(합성),14165,5,-95,-0.67,14241.0,-10.9029,161591,2304,2217,2026-08-20 02:43:01
305080,6,TIGER 미국채10년선물,12450,5,-20,-0.16,12458.0,-7.079,40564,503,2204,2026-08-20 02:43:01
0104N0,2,TIGER 200타겟위클리커버드콜,20985,2,1240,6.28,20986.0,-10.8444,44011,910,2203,2026-08-20 02:43:01
0094M0,2,RISE 코리아밸류업위클리고정커버드콜,17750,2,740,4.35,17773.0,-7.8822,239591,4203,2183,2026-08-20 02:43:01
0204D0,2,KODEX 현대차로보틱스밸류체인TOP3플러스,6705,2,35,0.52,6719.0,,689094,4594,2172,2026-08-20 02:43:01
0089D0,2,KODEX 금융고배당TOP10,12915,5,-120,-0.92,12914.0,2.7026,97478,1257,2131,2026-08-20 02:43:01
0151S0,4,KODEX 미국AI반도체TOP3플러스,15035,5,-45,-0.3,14859.0,-4.4597,121315,1814,2120,2026-08-20 02:43:01
490090,4,TIGER 미국AI빅테크10,15920,2,100,0.63,15849.0,-8.3961,64152,1019,2117,2026-08-20 02:43:01
422420,2,RISE 2차전지액티브,6570,2,70,1.08,6579.0,-30.1609,45015,297,2112,2026-08-20 02:43:01
267770,3,TIGER 200선물레버리지,83825,2,9675,13.05,83872.0,-34.3806,79153,6381,2096,2026-08-20 02:43:01
266160,2,RISE 고배당,32720,2,1365,4.35,32772.0,-8.289,17398,560,2094,2026-08-20 02:43:01
495060,1,TIME 코리아밸류업액티브,28540,2,1430,5.27,28600.0,-14.3038,103171,2893,2083,2026-08-20 02:43:01
433500,2,ACE 원자력TOP10,53385,2,215,0.4,53490.0,-28.2795,17159,915,2082,2026-08-20 02:43:01
332930,1,HANARO 200TR,142450,2,8725,6.52,142673.0,-10.7578,1039,146,2066,2026-08-20 02:43:01
394670,4,TIGER 글로벌리튬&2차전지SOLACTIVE(합성),11465,2,130,1.15,11572.0,-17.1721,13667,156,2032,2026-08-20 02:43:01
0047A0,4,TIGER 차이나테크TOP10,13340,2,25,0.19,13319.0,-8.9262,119803,1600,2021,2026-08-20 02:43:01
0115D0,2,KODEX 조선TOP10,7930,2,80,1.02,7936.0,-19.8571,478428,3799,2018,2026-08-20 02:43:01
0069M0,4,1Q 미국나스닥100,13640,2,40,0.29,13582.0,-5.6551,133473,1817,1937,2026-08-20 02:43:01
302190,6,TIGER 중장기국채,50085,2,35,0.07,50071.0,0.603,3682,184,1933,2026-08-20 02:43:01
0005A0,4,KODEX 미국S&P500데일리커버드콜OTM,9660,2,15,0.16,9622.0,-3.5186,94738,913,1932,2026-08-20 02:43:01
0192Z0,6,TIGER 중기종합채권(A-이상)액티브,100900,3,0,0.0,100927.0,0.8949,0,0,1927,2026-08-20 02:43:01
495550,1,SOL 코리아밸류업TR,32855,2,1455,4.63,32877.0,-9.8479,7985,258,1922,2026-08-20 02:43:01
429000,4,TIGER 미국S&P500배당귀족,13875,2,120,0.87,13837.0,1.8285,43122,596,1922,2026-08-20 02:43:01
0091C0,6,KODEX 미국10년국채액티브(H),9635,2,45,0.47,9624.0,-0.0028,27479,264,1918,2026-08-20 02:43:01
480040,4,ACE 미국반도체데일리타겟커버드콜(합성),14875,3,0,0.0,14621.0,-10.211,145067,2141,1904,2026-08-20 02:43:01
433980,7,KODEX TDF2040액티브 적격,16015,2,20,0.13,15943.0,-2.0629,24577,392,1890,2026-08-20 02:43:01
117700,2,KODEX 건설,6625,2,25,0.38,6635.0,-15.7874,795713,5264,1888,2026-08-20 02:43:01
122090,1,PLUS 코스피50,81700,2,5400,7.08,81799.0,-10.1999,39384,3172,1887,2026-08-20 02:43:01
233160,3,TIGER 코스닥150 레버리지,8370,2,390,4.89,8388.0,-47.6722,1548795,12983,1854,2026-08-20 02:43:01
0082V0,7,KODEX TDF2060액티브 적격,11370,3,0,0.0,11340.0,-5.2813,25057,284,1853,2026-08-20 02:43:01
473460,4,KODEX 미국서학개미,23510,2,385,1.66,23371.0,-12.9864,9086,213,1810,2026-08-20 02:43:01
0040X0,7,SOL 팔란티어미국채커버드콜혼합,9720,2,185,1.94,9675.0,1.8109,37683,364,1808,2026-08-20 02:43:01
463290,6,1Q 단기금융채액티브,109170,2,30,0.03,109169.0,0.7337,136,14,1805,2026-08-20 02:43:01
483290,4,KODEX 미국배당다우존스타겟커버드콜,10665,2,115,1.09,10671.0,0.9007,123230,1310,1770,2026-08-20 02:43:01
0093A0,2,RISE AI반도체TOP10,31835,2,1435,4.72,31832.0,-14.4747,90885,2833,1735,2026-08-20 02:43:01
0005G0,2,IBK K-AI반도체코어테크,50205,2,2475,5.19,50340.0,-3.2178,19481,965,1732,2026-08-20 02:43:01
0099L0,6,ACE 우량회사채(AA-이상)액티브,99665,2,20,0.02,99668.0,0.9779,36861,3674,1728,2026-08-20 02:43:01
0190G0,2,KODEX 반도체타겟위클리커버드콜,8810,2,615,7.5,8821.0,-16.958,264768,2296,1727,2026-08-20 02:43:01
494330,2,ACE 라이프자산주주가치액티브,32545,2,740,2.33,32585.0,9.9051,9736,316,1725,2026-08-20 02:43:01
490600,4,RISE 미국배당100데일리고정커버드콜,9310,2,45,0.49,9331.0,1.909,91413,850,1718,2026-08-20 02:43:01
200250,4,KIWOOM 인도Nifty50(합성),21692,2,52,0.24,21667.0,-5.1917,2425,52,1714,2026-08-20 02:43:01
412570,2,TIGER 2차전지TOP10레버리지,1210,2,65,5.68,1212.0,-45.6058,3272119,3949,1712,2026-08-20 02:43:01
480020,4,ACE 미국빅테크7+데일리타겟커버드콜(합성),10415,2,55,0.53,10389.0,-15.0276,317341,3300,1708,2026-08-20 02:43:01
472870,6,RISE 미국30년국채엔화노출(합성 H),7035,2,95,1.37,7075.0,-9.3418,340860,2391,1706,2026-08-20 02:43:01
461950,2,KODEX 2차전지핵심소재10,4870,2,120,2.53,4865.0,-30.0036,558380,2734,1697,2026-08-20 02:43:01
403790,1,MIDAS 코스피액티브,57720,2,3445,6.35,57683.0,-10.356,549,31,1688,2026-08-20 02:43:01
332500,1,ACE 200TR,72930,2,4445,6.49,73101.0,-10.792,19942,1428,1677,2026-08-20 02:43:01
337160,2,KODEX 200ESG,47825,2,2750,6.1,47810.0,-6.6141,17270,806,1674,2026-08-20 02:43:01
0051G0,4,SOL 미국원자력SMR,13650,2,360,2.71,13648.0,-12.9381,43857,597,1672,2026-08-20 02:43:01
160580,5,TIGER 구리실물,16390,2,90,0.55,16337.0,-1.3318,30085,493,1672,2026-08-20 02:43:01
494220,2,UNICORN SK하이닉스밸류체인액티브,46370,2,2080,4.7,46482.0,-6.1752,91240,4184,1646,2026-08-20 02:43:01
143860,2,TIGER 헬스케어,40320,2,1275,3.27,40351.0,-6.5462,13484,543,1629,2026-08-20 02:43:01
237370,7,KODEX 코리아배당성장채권혼합,15630,2,10,0.06,15662.0,-1.2613,27917,436,1626,2026-08-20 02:43:01
480030,4,ACE 미국500데일리타겟커버드콜(합성),10075,2,20,0.2,10061.0,-5.2378,104385,1049,1612,2026-08-20 02:43:01
0064K0,5,KODEX 금액티브,13110,2,410,3.23,13118.0,-11.4366,58339,765,1611,2026-08-20 02:43:01
0180V0,4,ACE 미국우주테크액티브,8570,5,-135,-1.55,8521.0,-34.2523,88822,756,1611,2026-08-20 02:43:01
272560,6,RISE 단기국공채액티브,114815,2,15,0.01,114815.0,0.6576,1141,131,1603,2026-08-20 02:43:01
354500,1,ACE 코스닥150,14755,2,395,2.75,14776.0,-21.3151,79802,1179,1579,2026-08-20 02:43:01
491820,2,HANARO 전력설비투자,42435,5,-220,-0.52,42417.0,-29.6413,38319,1626,1570,2026-08-20 02:43:01
491610,6,1Q CD금리액티브(합성),104760,2,25,0.02,104743.0,0.7115,1383,144,1554,2026-08-20 02:43:01
464240,6,KIWOOM 26-09회사채(AA-이상)액티브,52365,3,0,0.0,52375.0,0.7102,1291,67,1545,2026-08-20 02:43:01
152870,1,파워 200,109400,2,6570,6.39,109753.0,-10.4236,637,67,1532,2026-08-20 02:43:01
0151P0,2,RISE 코리아전략산업액티브,14815,2,795,5.67,14847.0,-20.0924,165640,2427,1504,2026-08-20 02:43:01
0127M0,4,ACE 미국대형가치주액티브,12565,5,-20,-0.16,12522.0,4.5091,55868,701,1502,2026-08-20 02:43:01
219480,4,KODEX 미국S&P500선물(H),33315,2,190,0.57,33315.0,3.4509,2085,69,1499,2026-08-20 02:43:01
457990,2,PLUS 태양광&ESS,39155,2,1125,2.96,39177.0,-12.7553,392807,15545,1488,2026-08-20 02:43:01
458210,7,KIWOOM CD금리액티브(합성),110500,2,15,0.01,110470.0,0.7247,547,60,1484,2026-08-20 02:43:01
0048K0,4,KODEX 차이나휴머노이드로봇,8550,5,-200,-2.29,8532.0,-26.8528,900717,7783,1475,2026-08-20 02:43:01
138520,2,TIGER 삼성그룹,36645,2,1880,5.41,36637.0,-0.8132,6888,248,1473,2026-08-20 02:43:01
486830,6,HANARO 머니마켓액티브,53240,2,15,0.03,53243.0,0.7858,3151,167,1469,2026-08-20 02:43:01
0153K0,2,KODEX 주주환원고배당주,11845,5,-130,-1.09,11847.0,3.4178,103056,1225,1469,2026-08-20 02:43:01
0104H0,7,KoAct 미국나스닥채권혼합50액티브,11750,5,-60,-0.51,11709.0,-6.898,50955,596,1457,2026-08-20 02:43:01
245340,4,TIGER 미국다우존스30,36310,5,-5,-0.01,36268.0,0.1395,5267,190,1452,2026-08-20 02:43:01
0041E0,4,KODEX 미국S&P500액티브,16365,5,-30,-0.18,16277.0,-5.4959,16180,264,1424,2026-08-20 02:43:01
0005D0,2,SOL 전고체배터리&실리콘음극재,14215,2,275,1.97,14237.0,-33.1736,308082,4419,1414,2026-08-20 02:43:01
0168K0,2,TIGER 기술이전바이오액티브,6760,2,230,3.52,6760.0,-18.2217,1396204,9425,1401,2026-08-20 02:43:01
481180,4,SOL 미국AI소프트웨어,16005,5,-35,-0.22,15990.0,13.6379,48338,772,1392,2026-08-20 02:43:01
451530,6,TIGER 국고채30년스트립액티브,33735,2,255,0.76,33723.0,-15.4653,22379,752,1388,2026-08-20 02:43:01
495330,1,1Q 코리아밸류업,31995,2,1375,4.49,32044.0,-9.587,4446,140,1376,2026-08-20 02:43:01
0074K0,2,KoAct K수출핵심기업TOP30액티브,17410,2,650,3.88,17413.0,-13.6083,12688,218,1349,2026-08-20 02:43:01
304660,6,KODEX 미국30년국채울트라선물(H),7325,2,115,1.6,7338.0,-0.9616,78907,576,1348,2026-08-20 02:43:01
0131W0,6,1Q 단기특수은행채액티브,102045,2,25,0.02,102044.0,0.6908,50,5,1344,2026-08-20 02:43:01
0184L0,6,PLUS 중기종합채권(A-이상)액티브,100580,3,0,0.0,100587.0,0.8017,0,0,1343,2026-08-20 02:43:01
476450,6,KIWOOM 머니마켓액티브,52730,2,25,0.05,52731.0,0.7262,10,0,1336,2026-08-20 02:43:01
476030,4,SOL 미국나스닥100,17280,2,50,0.29,17202.0,-5.4529,22912,394,1331,2026-08-20 02:43:01
192090,4,TIGER 차이나CSI300,12505,2,30,0.24,12577.0,-11.8375,23645,296,1326,2026-08-20 02:43:01
271050,5,KODEX WTI원유선물인버스(H),2000,2,3,0.15,1999.0,9.8459,515186,1029,1321,2026-08-20 02:43:01
139220,2,TIGER 200 건설,7590,2,155,2.08,7598.0,-15.6073,258296,1943,1301,2026-08-20 02:43:01
325010,2,KODEX 성장주,43055,2,2395,5.89,43187.0,-10.6865,1614,68,1292,2026-08-20 02:43:01
182480,7,TIGER 미국MSCI리츠(합성 H),13865,2,50,0.36,14039.0,2.6756,3344,46,1289,2026-08-20 02:43:01
0123G0,4,TIGER 미국AI전력SMR,6640,2,240,3.75,6594.0,-17.9488,88645,584,1282,2026-08-20 02:43:01
471760,2,TIGER AI반도체핵심공정,14160,2,50,0.35,14182.0,-25.8929,484750,6872,1281,2026-08-20 02:43:01
463680,4,KODEX 미국S&P500테크놀로지,22370,5,-110,-0.49,22104.0,-3.6566,16053,358,1275,2026-08-20 02:43:01
488720,7,WON 종합채권(AA-이상)액티브,48510,2,95,0.2,48495.0,-0.6567,74,3,1269,2026-08-20 02:43:01
0199C0,2,ACE 고배당주Plus커버드콜액티브,9195,2,150,1.66,9192.0,,413543,3771,1269,2026-08-20 02:43:01
0176E0,4,RISE 미국AI전력인프라액티브,10145,5,-30,-0.29,10026.0,-15.735,10675,108,1258,2026-08-20 02:43:01
114820,6,TIGER 국채3년,105120,5,-15,-0.01,105144.0,0.9457,1676,176,1256,2026-08-20 02:43:01
0193G0,1,KoAct 코스피액티브,8430,2,445,5.57,8438.0,-13.0648,300074,2514,1256,2026-08-20 02:43:01
411420,4,KODEX 미국나스닥AI테크액티브,26415,5,-55,-0.21,26232.0,-11.2907,30174,794,1255,2026-08-20 02:43:01
448100,1,WON 200,111460,2,6520,6.21,111781.0,-10.654,14426,1571,1254,2026-08-20 02:43:01
447620,7,SOL 미국TOP5채권혼합50,15845,2,40,0.25,15874.0,-3.6868,40724,643,1252,2026-08-20 02:43:01
377990,2,TIGER Fn신재생에너지,24820,2,175,0.71,24832.0,-23.4797,67950,1694,1241,2026-08-20 02:43:01
0000Y0,6,HK 26-12 회사채(AA-이상)액티브,101800,2,55,0.05,101787.0,0.6379,1,0,1232,2026-08-20 02:43:01
367770,2,RISE 수소경제테마,23345,2,195,0.84,23380.0,-19.0843,45682,1059,1226,2026-08-20 02:43:01
0181B0,4,HANARO 미국AI메모리반도체TOP4+,9990,5,-85,-0.84,9797.0,8.86,450918,4499,1224,2026-08-20 02:43:01
0191W0,6,HANARO 중기종합채권(A-이상)액티브,100900,3,0,0.0,100904.0,0.8798,0,0,1211,2026-08-20 02:43:01
0092B0,2,SOL 한국원자력SMR,14810,2,95,0.65,14814.0,-25.0955,58094,860,1207,2026-08-20 02:43:01
464930,4,TIGER 글로벌혁신블루칩TOP10,21685,2,385,1.81,21654.0,-3.5981,8970,193,1204,2026-08-20 02:43:01
328370,1,PLUS 코스피TR,38715,2,2515,6.95,38578.0,-11.6858,26,0,1200,2026-08-20 02:43:01
399110,4,SOL 미국S&P500ESG,21235,5,-360,-1.67,21244.0,-0.6124,10485,222,1189,2026-08-20 02:43:01
372330,4,KODEX 차이나항셍테크,7160,2,35,0.49,7189.0,-10.4099,64921,468,1181,2026-08-20 02:43:01
309230,4,ACE 미국WideMoat동일가중,31925,2,490,1.56,31998.0,3.7346,4002,127,1175,2026-08-20 02:43:01
488500,4,TIGER 미국S&P500동일가중,13045,2,115,0.89,13022.0,1.1998,57631,748,1174,2026-08-20 02:43:01
0080Y0,2,SOL 조선TOP3플러스레버리지,9230,2,180,1.99,9212.0,-45.3173,112185,1033,1172,2026-08-20 02:43:01
461500,6,HANARO 종합채권(AA-이상)액티브,104670,2,50,0.05,104738.0,-0.6694,18,1,1170,2026-08-20 02:43:01
464310,4,TIGER 글로벌AI&로보틱스 INDXX,14075,5,-25,-0.18,14098.0,-15.1625,8403,118,1168,2026-08-20 02:43:01
319640,4,TIGER 골드선물(H),26505,2,950,3.72,26492.0,-5.8922,7852,208,1166,2026-08-20 02:43:01
332940,1,HANARO MSCI Korea TR,48405,2,3065,6.76,48452.0,-9.3744,4433,213,1162,2026-08-20 02:43:01
0000J0,2,PLUS 한화그룹주,29585,2,625,2.16,29570.0,-19.4997,82307,2420,1154,2026-08-20 02:43:01
266370,2,KODEX IT,67215,2,4360,6.94,67343.0,-8.2342,40689,2699,1143,2026-08-20 02:43:01
498180,6,파워 종합채권(AA-이상)액티브,92985,2,155,0.17,93049.0,-0.8704,1,0,1140,2026-08-20 02:43:01
491230,6,PLUS 국공채머니마켓액티브,52455,2,10,0.02,52455.0,0.7588,2357,123,1138,2026-08-20 02:43:01
0122W0,6,RISE 26-11 회사채(AA-이상)액티브,50945,2,10,0.02,50955.0,0.6521,320,16,1138,2026-08-20 02:43:01
469170,2,ACE 포스코그룹포커스,5645,2,140,2.54,5647.0,-27.49,278197,1570,1135,2026-08-20 02:43:01
0135Y0,6,IBK 중기종합채권(AA-이상)액티브,100435,2,140,0.14,100416.0,0.5766,1,0,1132,2026-08-20 02:43:01
304940,4,KODEX 미국나스닥100선물(H),32555,2,190,0.59,32404.0,1.1406,2592,84,1123,2026-08-20 02:43:01
0174B0,7,KoAct 글로벌AI메모리반도체액티브,14445,2,365,2.59,14328.0,1.2221,90432,1291,1119,2026-08-20 02:43:01
326240,2,RISE IT플러스,43650,2,2230,5.38,43750.0,-9.2563,3388,146,1117,2026-08-20 02:43:01
0177X0,2,ACE K휴머노이드로봇산업TOP2+,10065,2,75,0.75,10067.0,-19.952,277976,2783,1107,2026-08-20 02:43:01
0036R0,4,RISE 미국휴머노이드로봇,19515,2,110,0.57,19392.0,-7.8422,10043,195,1093,2026-08-20 02:43:01
0132K0,7,PLUS 테슬라위클리커버드콜채권혼합,7995,2,45,0.57,8026.0,-5.2393,51440,411,1091,2026-08-20 02:43:01
168580,4,ACE 중국본토CSI300,34720,3,0,0.0,34729.0,-9.9118,228,7,1083,2026-08-20 02:43:01
0209D0,2,KODEX 전고체배터리ESS TOP2플러스,7955,2,110,1.4,7980.0,,398457,3182,1078,2026-08-20 02:43:01
438570,6,SOL 국고채10년,98280,2,210,0.21,98201.0,0.4352,14,1,1074,2026-08-20 02:43:01
0221V0,6,IBK 초단기채권액티브,100300,3,0,0.0,100338.0,,0,0,1072,2026-08-20 02:43:01
0193M0,6,BNK 27-12 특수채(AAA이상)액티브,50370,3,0,0.0,50367.0,,0,0,1065,2026-08-20 02:43:01
455860,2,SOL 2차전지소부장Fn,4470,2,90,2.05,4466.0,-30.6414,192018,859,1064,2026-08-20 02:43:01
251340,3,KODEX 코스닥150선물인버스,2335,5,-70,-2.91,2347.0,10.3211,47067183,110088,1062,2026-08-20 02:43:01
261270,7,KODEX 미국달러선물인버스,8017,2,27,0.34,8025.0,7.6819,23561,189,1062,2026-08-20 02:43:01
0091M0,6,HANARO 27-06 회사채(AA-이상)액티브,10155,3,0,0.0,10154.0,0.5943,4,0,1059,2026-08-20 02:43:01
0137V0,4,KIWOOM 미국S&P500모멘텀,11635,5,-35,-0.3,11555.0,-1.7616,70887,823,1059,2026-08-20 02:43:01
203780,4,TIGER 미국나스닥바이오,37275,2,2015,5.71,37404.0,13.3397,29040,1081,1059,2026-08-20 02:43:01
394660,4,TIGER 글로벌자율주행&전기차SOLACTIVE,16080,5,-5,-0.03,16160.0,-15.4089,2600,41,1055,2026-08-20 02:43:01
0138Y0,7,PLUS 금채권혼합,10005,2,165,1.68,10009.0,-5.2024,64832,648,1051,2026-08-20 02:43:01
496090,1,KIWOOM 코리아밸류업,32175,2,1270,4.11,32169.0,-9.2961,184,5,1046,2026-08-20 02:43:01
465610,4,ACE 미국빅테크TOP7 Plus레버리지(합성),43010,2,620,1.46,42741.0,-14.1295,2551,109,1032,2026-08-20 02:43:01
465780,6,마이티 26-09 특수채(AAA)액티브,106310,3,0,0.0,106331.0,0.6914,0,0,1024,2026-08-20 02:43:01
0085P0,6,ACE 미국10년국채액티브,9975,2,25,0.25,9960.0,-6.8386,97738,971,1017,2026-08-20 02:43:01
475280,6,ACE 8월만기자동연장회사채AA-이상액티브,10720,2,5,0.05,10726.0,0.6575,103,1,1010,2026-08-20 02:43:01
114100,6,RISE 국고채3년,106610,5,-75,-0.07,106672.0,0.9379,71,7,1004,2026-08-20 02:43:01
476850,1,KoAct 배당성장액티브,21290,2,990,4.88,21314.0,-8.9944,47418,1002,1001,2026-08-20 02:43:01
475050,2,ACE KPOP포커스,6810,2,145,2.18,6820.0,-26.2722,383867,2618,994,2026-08-20 02:43:01
0007N0,1,아이엠에셋 200,109390,2,6825,6.65,109245.0,-10.4662,33,3,985,2026-08-20 02:43:01
0052T0,6,1Q 중단기회사채(A-이상)액티브,50670,5,-20,-0.04,50697.0,0.8354,46,2,980,2026-08-20 02:43:01
0142D0,4,TIGER 미국AI데이터센터TOP4Plus,10750,2,25,0.23,10542.0,-12.7695,136864,1461,978,2026-08-20 02:43:01
0035T0,7,PLUS 글로벌휴머노이드로봇액티브,19875,2,40,0.2,19878.0,-12.8132,15342,303,974,2026-08-20 02:43:01
195980,4,PLUS 신흥국MSCI(합성 H),15265,2,445,3.0,15242.0,1.7857,6250,94,959,2026-08-20 02:43:01
481430,6,RISE 국고채10년액티브,98130,2,120,0.12,98134.0,0.2096,25,2,953,2026-08-20 02:43:01
308620,6,KODEX 미국10년국채선물,11705,5,-10,-0.09,11713.0,-6.802,15257,178,948,2026-08-20 02:43:01
473440,6,ACE 11월만기자동연장회사채AA-이상액티브,10840,5,-5,-0.05,10842.0,0.7431,1257,13,943,2026-08-20 02:43:01
204480,4,TIGER 차이나CSI300레버리지(합성),25230,2,380,1.53,25226.0,-24.3532,4337,108,939,2026-08-20 02:43:01
433970,7,KODEX TDF2030액티브 적격,14080,2,5,0.04,14026.0,-1.0453,20733,292,936,2026-08-20 02:43:01
485690,4,RISE 미국AI밸류체인TOP3Plus,21965,2,380,1.76,21791.0,-5.8683,29281,642,934,2026-08-20 02:43:01
486240,2,DAISHIN AI반도체&인프라액티브,28725,2,755,2.7,28839.0,-9.6868,162,4,919,2026-08-20 02:43:01
211900,2,KODEX 코리아배당성장,27765,2,65,0.23,27806.0,-7.344,4481,124,916,2026-08-20 02:43:01
143850,4,TIGER 미국S&P500선물(H),77820,2,330,0.43,77814.0,3.0657,786,61,914,2026-08-20 02:43:01
468380,6,KODEX iShares미국하이일드액티브,11085,5,-25,-0.23,11087.0,-5.6082,47523,525,908,2026-08-20 02:43:01
269540,4,PLUS 미국S&P500(H),30200,2,130,0.43,30153.0,2.4357,5435,164,906,2026-08-20 02:43:01
325020,2,KODEX 배당가치,29145,2,535,1.87,29143.0,-2.2506,1511,43,903,2026-08-20 02:43:01
449770,4,KIWOOM 미국S&P500,21325,2,40,0.19,21318.0,-3.4628,1793,38,896,2026-08-20 02:43:01
453080,4,KIWOOM 미국나스닥100(H),22925,2,120,0.53,22851.0,0.8245,3784,86,894,2026-08-20 02:43:01
298770,4,KODEX 한국대만IT프리미어,81180,2,2870,3.66,80584.0,0.2818,4850,392,893,2026-08-20 02:43:01
444490,4,WON 미국S&P500,20435,2,5,0.02,20427.0,-3.4728,9145,186,889,2026-08-20 02:43:01
329670,7,KODEX TRF7030,22210,5,-35,-0.16,22202.0,-1.7474,10508,232,888,2026-08-20 02:43:01
454320,2,HANARO CAPEX설비투자iSelect,41005,5,-670,-1.61,41057.0,-23.2081,1867,76,882,2026-08-20 02:43:01
479620,4,SOL 미국AI반도체칩메이커,24830,2,5,0.02,24512.0,-4.0766,28054,691,881,2026-08-20 02:43:01
495040,1,PLUS 코리아밸류업,31875,2,1355,4.44,31917.0,-9.4894,1041,32,877,2026-08-20 02:43:01
0066W0,5,SOL 국제금,13270,2,435,3.39,13321.0,-11.5133,59806,794,876,2026-08-20 02:43:01
0008T0,2,SOL 화장품TOP3플러스,17870,2,430,2.47,17901.0,17.2043,876806,15596,876,2026-08-20 02:43:01
108450,2,ACE 삼성그룹섹터가중,39665,2,1630,4.29,39738.0,-3.1942,5745,223,873,2026-08-20 02:43:01
0162L0,4,KODEX 차이나AI반도체TOP10,13400,5,-50,-0.37,13432.0,-9.7847,766932,10396,864,2026-08-20 02:43:01
460960,7,ACE 글로벌인컴TOP10,11290,2,40,0.36,11258.0,-4.3855,26971,303,864,2026-08-20 02:43:01
359210,1,KODEX 코스피TR,35510,2,2100,6.29,35596.0,-11.4967,4331,152,852,2026-08-20 02:43:01
490480,2,SOL K방산,30820,2,350,1.15,30858.0,-16.3142,19078,581,848,2026-08-20 02:43:01
329660,7,KODEX TRF5050,17960,5,-20,-0.11,17973.0,-0.8316,3643,65,844,2026-08-20 02:43:01
461460,6,PLUS 국고채10년액티브,51345,2,45,0.09,51336.0,0.2148,609,31,833,2026-08-20 02:43:01
138530,2,TIGER LG그룹플러스,12445,2,70,0.57,12449.0,-1.9414,58391,728,829,2026-08-20 02:43:01
453330,4,RISE 미국S&P500(H),18255,2,70,0.38,18238.0,4.0614,16617,303,821,2026-08-20 02:43:01
364960,2,TIGER BBIG,6760,2,255,3.92,6766.0,-12.3906,19246,128,818,2026-08-20 02:43:01
0017Y0,6,1Q 종합채권(AA-이상)액티브,93540,5,-10,-0.01,93622.0,-0.7954,3,0,817,2026-08-20 02:43:01
157490,2,TIGER 소프트웨어,8680,2,380,4.58,8667.0,-6.794,75337,649,814,2026-08-20 02:43:01
0057H0,7,PLUS 미국S&P500미국채혼합50액티브,11790,3,0,0.0,11785.0,-4.842,154347,1815,802,2026-08-20 02:43:01
337140,2,KODEX 코스피대형주,36315,2,2030,5.92,36365.0,-10.526,24259,870,799,2026-08-20 02:43:01
469060,4,RISE 미국반도체NYSE,35255,2,70,0.2,34753.0,-0.894,24068,843,793,2026-08-20 02:43:01
0049M0,4,ACE 미국배당퀄리티+커버드콜액티브,11430,2,20,0.18,11419.0,-4.5419,22226,252,789,2026-08-20 02:43:01
495750,1,HANARO 코리아밸류업,32100,2,1380,4.49,32106.0,-8.8163,51,1,786,2026-08-20 02:43:01
0018C0,2,PLUS 고배당주위클리고정커버드콜,10540,5,-5,-0.05,10547.0,-8.2065,52334,551,785,2026-08-20 02:43:01
492500,7,1Q 현대차그룹채권(A+이상)&국고통안,51315,2,10,0.02,51326.0,0.5586,161,8,781,2026-08-20 02:43:01
458030,6,WON 국공채머니마켓액티브,55010,2,20,0.04,55001.0,0.6774,688,37,780,2026-08-20 02:43:01
412770,4,TIGER 글로벌AI플랫폼액티브,12770,5,-110,-0.85,12671.0,-11.4168,2895,36,778,2026-08-20 02:43:01
0098N0,2,PLUS 자사주매입고배당주,12675,5,-125,-0.98,12676.0,2.4599,30266,384,767,2026-08-20 02:43:01
0080X0,7,SOL 미국S&P500미국채혼합50,11110,2,15,0.14,11112.0,-5.3731,78479,869,767,2026-08-20 02:43:01
438560,6,SOL 국고채3년,100435,3,0,0.0,100454.0,0.9549,17,1,763,2026-08-20 02:43:01
210780,2,TIGER 코스피고배당,23100,2,70,0.3,23103.0,-5.9375,5271,121,762,2026-08-20 02:43:01
434960,1,DAISHIN K200,108900,2,6265,6.1,109483.0,-10.6022,1112,121,762,2026-08-20 02:43:01
365040,1,TIGER AI코리아그로스액티브,36255,2,1980,5.78,36283.0,-8.1223,8981,319,761,2026-08-20 02:43:01
228810,2,TIGER 미디어컨텐츠,3130,2,70,2.29,3133.0,-26.2651,149326,467,752,2026-08-20 02:43:01
0113D0,4,TIME 글로벌탑픽액티브,12180,2,80,0.66,12142.0,-3.2,7739,93,737,2026-08-20 02:43:01
441540,2,HANARO Fn조선해운,27230,5,-45,-0.16,27258.0,-14.5922,5830,159,735,2026-08-20 02:43:01
266420,2,KODEX 헬스케어,18295,2,570,3.22,18313.0,-6.4891,42423,776,732,2026-08-20 02:43:01
272910,6,ACE 중장기국공채액티브,106100,2,220,0.21,106106.0,0.632,85,9,730,2026-08-20 02:43:01
475310,2,SOL 반도체후공정,26475,2,80,0.3,26505.0,-16.0732,123198,3266,728,2026-08-20 02:43:01
130730,6,KIWOOM 단기자금,102965,2,25,0.02,102962.0,0.6649,89,9,721,2026-08-20 02:43:01
292190,1,KODEX KRX300,48010,2,2845,6.3,48078.0,-11.2473,2349,111,720,2026-08-20 02:43:01
0102A0,4,TIGER 미국AI소프트웨어TOP4Plus,8560,2,285,3.44,8574.0,0.8531,88452,754,719,2026-08-20 02:43:01
211560,2,TIGER 배당성장,34715,2,305,0.89,34804.0,-7.492,2084,72,719,2026-08-20 02:43:01
0225V0,4,KODEX 미국CPU반도체TOP10,10155,2,50,0.49,10098.0,,95118,962,711,2026-08-20 02:43:01
0022T0,4,SOL 국제금커버드콜액티브,13610,2,370,2.79,13701.0,-11.0697,26264,358,708,2026-08-20 02:43:01
475350,4,RISE 버크셔포트폴리오TOP10,14725,5,-120,-0.81,14771.0,-1.1829,36397,537,699,2026-08-20 02:43:01
0098Z0,1,FOCUS 200,93010,2,6285,7.25,92946.0,-11.0945,2,0,698,2026-08-20 02:43:01
458750,4,TIGER 미국배당다우존스타겟커버드콜1호,13405,2,135,1.02,13417.0,0.7331,22158,295,690,2026-08-20 02:43:01
473640,4,HANARO 글로벌금채굴기업,35300,2,2200,6.65,35095.0,-3.2023,28503,1004,688,2026-08-20 02:43:01
0190Y0,4,TIGER 구글밸류체인,8620,5,-95,-1.09,8538.0,-12.2773,121461,1041,681,2026-08-20 02:43:01
440640,6,ACE 단기채권알파액티브,112600,2,30,0.03,112612.0,0.7924,316,35,680,2026-08-20 02:43:01
277640,2,TIGER 코스피대형주,37525,2,2055,5.79,37598.0,-9.7836,12096,445,675,2026-08-20 02:43:01
100910,1,KIWOOM KRX100,17160,2,1055,6.55,17202.0,-10.5075,2940,49,669,2026-08-20 02:43:01
228800,2,TIGER 여행레저,2580,2,40,1.57,2581.0,-18.9793,80618,208,669,2026-08-20 02:43:01
0115E0,2,KODEX 코리아소버린AI,14855,2,345,2.38,14849.0,-1.4888,31137,455,668,2026-08-20 02:43:01
278620,6,PLUS 단기채권액티브,119005,2,55,0.05,119014.0,0.7623,36,4,666,2026-08-20 02:43:01
433880,7,PLUS TDF2060액티브 적격,18755,2,90,0.48,18712.0,-3.9777,4493,84,662,2026-08-20 02:43:01
292770,6,KODEX 국채선물3년인버스,57635,5,-25,-0.04,57622.0,-0.0347,1,0,657,2026-08-20 02:43:01
0197X0,2,SOL SK하이닉스선물단일종목인버스2X,7205,5,-2215,-23.51,7207.0,,20404680,155860,650,2026-08-20 02:43:01
453950,4,TIGER TSMC파운드리밸류체인,33305,5,-285,-0.85,33044.0,2.7374,9370,310,649,2026-08-20 02:43:01
491220,1,PLUS 200TR,128990,2,8500,7.05,129190.0,-11.2184,11205,1417,645,2026-08-20 02:43:01
465330,2,RISE 2차전지TOP10,11110,2,245,2.25,11115.0,-21.439,102701,1144,644,2026-08-20 02:43:01
298340,6,PLUS 국채선물3년,56510,2,20,0.04,56518.0,1.164,2,0,637,2026-08-20 02:43:01
261070,2,TIGER 코스닥150바이오테크,13790,2,655,4.99,13794.0,-17.0247,420540,5770,637,2026-08-20 02:43:01
0123S0,2,HANARO 26-12 은행채(AA+이상)액티브,10185,2,10,0.1,10183.0,0.6927,1011,10,637,2026-08-20 02:43:01
453640,4,KODEX 미국S&P500헬스케어,14780,2,475,3.32,14782.0,8.7407,39399,580,636,2026-08-20 02:43:01
0181L0,4,SOL 미국우주항공TOP10,7800,5,-60,-0.76,7741.0,-34.9338,36927,287,632,2026-08-20 02:43:01
0000D0,7,TIGER 엔비디아미국채커버드콜밸런스(합성),9190,2,50,0.55,9198.0,-8.3227,34992,320,630,2026-08-20 02:43:01
455660,6,ACE 미국하이일드액티브(H),9490,2,30,0.32,9477.0,0.9501,7020,66,626,2026-08-20 02:43:01
0040S0,4,HANARO 글로벌피지컬AI액티브,23990,2,445,1.89,23842.0,-10.3731,12131,289,624,2026-08-20 02:43:01
419890,6,KIWOOM 단기채권ESG액티브,107540,2,35,0.03,107518.0,0.6931,207,22,624,2026-08-20 02:43:01
278240,3,RISE 코스닥150선물레버리지,8535,2,420,5.18,8541.0,-47.4588,100236,850,622,2026-08-20 02:43:01
306950,3,KODEX KRX300레버리지,77035,2,7630,10.99,77554.0,-34.4618,5861,428,616,2026-08-20 02:43:01
491700,1,HK 200,102200,3,0,0.0,109620.0,-11.1343,0,0,613,2026-08-20 02:43:01
252400,3,RISE 200선물레버리지,101635,2,11830,13.17,101564.0,-34.0228,14366,1409,610,2026-08-20 02:43:01
495940,4,RISE 미국AI테크액티브,19285,2,65,0.34,19185.0,-14.8072,14333,275,607,2026-08-20 02:43:01
476750,6,ACE 미국30년국채엔화노출액티브(H),7585,2,135,1.81,7579.0,-9.3677,51589,390,607,2026-08-20 02:43:01
275980,4,TIGER 글로벌4차산업혁신기술(합성 H),23810,2,240,1.02,24087.0,3.0607,10011,239,605,2026-08-20 02:43:01
479730,4,TIGER 인도빌리언컨슈머,10245,3,0,0.0,10206.0,1.9294,11149,113,604,2026-08-20 02:43:01
0210E0,2,PLUS 200커버드콜액티브,7505,2,470,6.68,7513.0,,137395,1014,600,2026-08-20 02:43:01
440910,4,WON 미국우주항공방산,27055,5,-530,-1.92,26978.0,2.8907,5781,156,595,2026-08-20 02:43:01
0194T0,2,ACE SK하이닉스단일종목레버리지,8555,2,1655,23.99,8547.0,,145686,1180,595,2026-08-20 02:43:01
261240,7,KODEX 미국달러선물,14385,5,-45,-0.31,14392.0,-6.5718,89102,1278,591,2026-08-20 02:43:01
0172V0,5,1Q 은액티브,8820,2,530,6.39,8692.0,-23.7,112905,991,591,2026-08-20 02:43:01
0166S0,2,PLUS K제조업핵심기업액티브,10995,2,640,6.18,11007.0,-18.9116,27899,303,588,2026-08-20 02:43:01
401470,2,KODEX 메타버스액티브,9855,2,230,2.39,9863.0,-1.8859,3812,37,586,2026-08-20 02:43:01
0000Z0,2,RISE 바이오TOP10액티브,9705,2,365,3.91,9707.0,-25.6962,250300,2424,577,2026-08-20 02:43:01
0198A0,2,KIWOOM 코스닥150커버드콜액티브,9280,2,245,2.71,9284.0,,213576,1979,575,2026-08-20 02:43:01
150460,2,TIGER 중국소비테마,7625,2,205,2.76,7625.0,-3.8861,128830,977,574,2026-08-20 02:43:01
0111J0,2,HANARO 증권고배당TOP3플러스,12745,2,525,4.3,12781.0,-28.8995,84759,1076,574,2026-08-20 02:43:01
0194M0,2,ACE 삼성전자단일종목레버리지,11905,2,1785,17.64,11881.0,,47815,536,568,2026-08-20 02:43:01
0197W0,2,SOL SK하이닉스단일종목레버리지,8345,2,1605,23.81,8380.0,,341207,2716,563,2026-08-20 02:43:01
225040,4,TIGER 미국S&P500레버리지(합성 H),68345,2,595,0.88,68213.0,6.6425,2482,169,560,2026-08-20 02:43:01
455960,6,RISE 미국달러SOFR금리액티브(합성),12200,5,-45,-0.37,12209.0,-5.7715,846,10,559,2026-08-20 02:43:01
0141S0,2,SOL 조선기자재,8520,2,60,0.71,8531.0,-26.8799,55705,478,558,2026-08-20 02:43:01
304780,3,HANARO 200선물레버리지,123000,2,13650,12.48,123759.0,-34.4425,3204,380,554,2026-08-20 02:43:01
0046Y0,4,ACE 미국배당퀄리티,12765,2,20,0.16,12752.0,-3.044,9730,123,543,2026-08-20 02:43:01
0226A0,7,PLUS SK하이닉스샌디스크채권혼합50,10835,2,360,3.44,10844.0,,124475,1339,542,2026-08-20 02:43:01
385590,2,ACE ESG액티브,23545,2,985,4.37,23659.0,-4.5686,325,7,542,2026-08-20 02:43:01
140700,2,KODEX 보험,20555,2,105,0.51,20574.0,12.8626,37212,760,534,2026-08-20 02:43:01
428510,4,KODEX 차이나AI테크액티브,24270,2,5,0.02,24161.0,-10.0848,9167,223,534,2026-08-20 02:43:01
0118Z0,4,ACE 미국AI테크핵심산업액티브,8890,2,115,1.31,8819.0,-12.9465,6518,57,533,2026-08-20 02:43:01
445150,2,KODEX 친환경조선해운액티브,28710,5,-140,-0.49,28709.0,-18.0701,1995,57,531,2026-08-20 02:43:01
0113P0,6,HK 머니마켓액티브,102330,2,20,0.02,102339.0,0.7434,109,11,530,2026-08-20 02:43:01
114470,6,KIWOOM 국고채3년,108030,2,55,0.05,108048.0,0.865,3721,402,529,2026-08-20 02:43:01
0185L0,4,TIME 글로벌휴머노이드로봇산업액티브,7610,5,-60,-0.78,7607.0,-22.0529,49065,376,525,2026-08-20 02:43:01
442560,7,RISE TDF2040액티브 적격,16515,2,30,0.18,16412.0,-2.299,5189,85,520,2026-08-20 02:43:01
261220,5,KODEX WTI원유선물(H),23780,5,-5,-0.02,23748.0,-15.386,84518,2013,517,2026-08-20 02:43:01
282000,3,RISE 국고채3년선물인버스,114450,5,-75,-0.07,114511.0,-0.0481,1,0,515,2026-08-20 02:43:01
101280,4,KODEX 일본TOPIX100,30295,2,145,0.48,30288.0,-1.4834,1284,38,515,2026-08-20 02:43:01
275300,2,KODEX 우량주,30060,2,1660,5.85,30111.0,-6.6873,3880,114,511,2026-08-20 02:43:01
480310,4,TIGER 글로벌온디바이스AI,18920,2,35,0.19,18748.0,-6.6144,3202,60,511,2026-08-20 02:43:01
0089C0,4,KODEX 미국S&P500변동성확대시커버드콜,11585,2,5,0.04,11585.0,-3.177,386,4,510,2026-08-20 02:43:01
253150,3,PLUS 200선물레버리지,203875,2,24495,13.66,203198.0,-34.2907,74863,14681,510,2026-08-20 02:43:01
336160,6,RISE 금융채액티브,100375,5,-5,0.0,100399.0,0.7694,44,4,508,2026-08-20 02:43:01
0118S0,4,SOL 미국넥스트테크TOP10액티브,11140,2,165,1.5,11058.0,-14.8895,3897,43,507,2026-08-20 02:43:01
371470,4,TIGER 차이나바이오테크SOLACTIVE,9245,2,565,6.51,9240.0,6.4377,147036,1322,507,2026-08-20 02:43:01
475260,6,ACE 2월만기자동연장회사채AA-이상액티브,10735,5,-10,-0.09,10739.0,0.7029,4,0,506,2026-08-20 02:43:01
218420,4,KODEX 미국S&P500에너지(합성),20530,5,-270,-1.3,20604.0,-1.7014,8752,179,504,2026-08-20 02:43:01
0132H0,4,KODEX 미국원자력SMR,8725,2,225,2.65,8649.0,-18.5824,6073,52,502,2026-08-20 02:43:01
0041D0,4,KODEX 미국AI소프트웨어TOP10,13090,2,150,1.16,13066.0,1.4174,9949,129,497,2026-08-20 02:43:01
152500,3,ACE 레버리지,45000,2,5255,13.22,44926.0,-33.962,38318,1668,495,2026-08-20 02:43:01
0139P0,2,ACE 고배당주,13375,2,5,0.04,13373.0,-2.9714,6323,84,495,2026-08-20 02:43:01
200030,4,KODEX 미국S&P500산업재(합성),43615,5,-565,-1.28,43737.0,-0.2033,522,22,492,2026-08-20 02:43:01
123310,3,TIGER 인버스,1132,5,-78,-6.45,1131.0,-7.2797,3157258,3634,488,2026-08-20 02:43:01
256750,4,KODEX 차이나심천ChiNext(합성),15855,5,-25,-0.16,15939.0,-16.7279,4570,72,485,2026-08-20 02:43:01
418670,4,TIGER 글로벌AI사이버보안,17470,5,-255,-1.44,17356.0,17.6177,45382,787,482,2026-08-20 02:43:01
360140,2,KODEX 200롱코스닥150숏선물,21860,2,885,4.22,21815.0,8.0628,24321,519,481,2026-08-20 02:43:01
0020H0,4,KoAct 글로벌양자컴퓨팅액티브,22280,2,60,0.27,22188.0,-6.8344,7080,157,479,2026-08-20 02:43:01
140950,1,파워 코스피100,85340,2,5285,6.6,85398.0,-10.3294,1285,107,478,2026-08-20 02:43:01
316670,1,KIWOOM 코스닥150,7300,2,180,2.53,7304.0,-21.3695,47750,349,476,2026-08-20 02:43:01
447430,2,ACE 주주환원가치주액티브,16000,5,-185,-1.14,16002.0,-5.2263,4700,75,472,2026-08-20 02:43:01
287180,4,PLUS 미국나스닥테크,55500,5,-345,-0.62,55305.0,1.564,1254,69,472,2026-08-20 02:43:01
476260,2,HANARO 반도체핵심공정주도주,12700,5,-5,-0.04,12714.0,-5.2573,238483,3045,470,2026-08-20 02:43:01
442260,1,마이티 다이나믹퀀트액티브,37725,2,2210,6.22,37834.0,-11.2236,35,1,468,2026-08-20 02:43:01
0086B0,2,TIGER 리츠부동산인프라TOP10액티브,9480,5,-30,-0.32,9506.0,-5.2203,6737,64,465,2026-08-20 02:43:01
461340,4,HANARO 글로벌생성형AI액티브,42220,2,205,0.49,41970.0,-7.5375,580,24,464,2026-08-20 02:43:01
0178H0,7,IBK 미국AI TOP10국채혼합50,9855,2,10,0.1,9834.0,-4.5029,1153,11,463,2026-08-20 02:43:01
276990,4,KODEX 글로벌로봇(합성),26010,5,-320,-1.22,25991.0,-9.3632,5880,152,460,2026-08-20 02:43:01
473590,4,ACE 미국주식베스트셀러,19005,2,525,2.84,18865.0,-23.399,84882,1609,456,2026-08-20 02:43:01
494840,4,TIGER 미국방산TOP10,13720,5,-320,-2.28,13736.0,4.1026,10208,140,453,2026-08-20 02:43:01
472830,6,RISE 미국30년국채커버드콜(합성),8090,2,75,0.94,8083.0,-8.1784,37120,298,449,2026-08-20 02:43:01
442090,2,에셋플러스 코리아대장장이액티브,29920,2,715,2.45,29815.0,-7.6814,36,1,449,2026-08-20 02:43:01
375770,2,KODEX 탄소효율그린뉴딜,24850,2,1480,6.33,24764.0,-9.6728,275,6,447,2026-08-20 02:43:01
475270,6,ACE 5월만기자동연장회사채AA-이상액티브,10710,3,0,0.0,10722.0,0.6106,0,0,447,2026-08-20 02:43:01
473490,4,KIWOOM 글로벌AI반도체,29605,5,-200,-0.67,29337.0,-5.458,21760,644,444,2026-08-20 02:43:01
401170,2,RISE 메타버스,11135,2,205,1.88,11138.0,5.8083,4131,45,441,2026-08-20 02:43:01
453650,4,KODEX 미국S&P500금융,19580,5,-175,-0.89,19598.0,4.1995,4971,97,441,2026-08-20 02:43:01
196030,4,ACE 일본TOPIX레버리지(H),88075,2,1600,1.85,87935.0,6.779,48,4,440,2026-08-20 02:43:01
261120,7,TIGER 미국달러선물인버스2X,5210,2,25,0.48,5205.0,15.3503,11652,60,438,2026-08-20 02:43:01
238720,4,ACE 일본Nikkei225(H),48020,2,560,1.18,48030.0,8.2696,1004,48,432,2026-08-20 02:43:01
487130,2,KoAct AI인프라액티브,27765,2,740,2.74,27774.0,-18.6974,5349,146,430,2026-08-20 02:43:01
0141T0,6,SOL 중기종합채권(AA-이상)액티브,50305,2,35,0.07,50307.0,0.7515,4,0,429,2026-08-20 02:43:01
305050,1,ACE 코스피,71295,2,3835,5.68,71253.0,-10.1732,2700,190,428,2026-08-20 02:43:01
0186S0,7,1Q 코스닥150채권혼합50액티브,8540,2,85,1.01,8552.0,-10.051,289518,2472,427,2026-08-20 02:43:01
0220B0,1,DS 코스닥액티브,9880,2,55,0.56,9895.0,,48279,478,425,2026-08-20 02:43:01
139280,2,TIGER 경기방어,12905,2,140,1.1,12933.0,0.874,1093,14,423,2026-08-20 02:43:01
139320,5,TIGER 금은선물(H),18800,2,710,3.92,18720.0,-7.2784,14390,270,423,2026-08-20 02:43:01
0007G0,4,PLUS 글로벌원자력밸류체인,14050,2,385,2.82,13988.0,-13.9213,4635,64,422,2026-08-20 02:43:01
0189B0,5,TIGER 은액티브,8430,2,435,5.44,8463.0,-23.125,54313,457,422,2026-08-20 02:43:01
440650,6,ACE 미국달러단기채권액티브,11695,5,-30,-0.26,11689.0,-6.3499,51264,598,421,2026-08-20 02:43:01
0191M0,6,마이티 5월만기자동연장특수채(AAA)액티브,100645,3,0,0.0,100670.0,,0,0,417,2026-08-20 02:43:01
429760,4,PLUS 미국S&P500,19835,2,5,0.03,19828.0,-3.2147,1167,23,417,2026-08-20 02:43:01
448570,1,FOCUS AI코리아액티브,30645,2,1420,4.86,30687.0,-5.817,138,4,414,2026-08-20 02:43:01
0100K0,2,KODEX 방산TOP10레버리지,7310,2,115,1.6,7371.0,-41.1452,192912,1379,409,2026-08-20 02:43:01
0112X0,1,마이티 200TR,40830,2,2490,6.49,40837.0,-10.5251,3984,162,408,2026-08-20 02:43:01
0207G0,2,SOL 우주항공밸류체인,6995,2,25,0.36,6995.0,,273227,1907,406,2026-08-20 02:43:01
472840,1,IBK 200,108140,2,7150,7.08,108188.0,-10.8332,738,78,406,2026-08-20 02:43:01
183700,7,RISE 200채권혼합50,95985,2,2705,2.9,96091.0,-4.711,1279,121,403,2026-08-20 02:43:01
0192L0,2,RISE SK하이닉스단일종목레버리지,8605,2,1605,22.93,8647.0,,77191,643,402,2026-08-20 02:43:01
464470,6,PLUS 미국채30년액티브,48800,2,510,1.06,48782.0,-8.0292,2436,118,402,2026-08-20 02:43:01
352540,7,KODEX 일본부동산리츠(H),11400,2,90,0.8,11427.0,-0.5293,3135,35,388,2026-08-20 02:43:01
365000,2,TIGER 인터넷TOP10,3815,2,155,4.23,3821.0,-21.9617,130287,492,387,2026-08-20 02:43:01
147970,2,TIGER 모멘텀,80365,2,975,1.23,80491.0,-11.6171,1102,88,386,2026-08-20 02:43:01
400970,2,TIGER Fn메타버스,7590,2,155,2.08,7575.0,-15.5114,5615,42,383,2026-08-20 02:43:01
322410,2,HANARO K고배당,22535,5,-40,-0.18,22534.0,-2.3308,1501,33,383,2026-08-20 02:43:01
275280,2,KODEX 모멘텀주,42225,2,2120,5.29,42368.0,-9.9667,2818,118,380,2026-08-20 02:43:01
491830,4,TIGER 미국AI반도체팹리스,21705,2,380,1.78,21455.0,-3.3486,52085,1127,380,2026-08-20 02:43:01
195930,4,TIGER 유로스탁스50(합성 H),23605,5,-215,-0.9,23726.0,11.2564,4091,96,378,2026-08-20 02:43:01
276970,4,KODEX 미국S&P500배당귀족커버드콜(합성 H),7950,2,40,0.51,8054.0,10.8892,7958,63,374,2026-08-20 02:43:01
452250,6,ACE 미국30년국채선물레버리지(합성 H),4800,2,125,2.67,4839.0,-3.9055,18365,87,372,2026-08-20 02:43:01
0209Z0,2,ACE 코리아AI전력TOP10,6975,5,-25,-0.36,6974.0,,129445,904,370,2026-08-20 02:43:01
498860,2,RISE 코리아금융고배당,16725,2,230,1.39,16726.0,-10.9932,6227,103,368,2026-08-20 02:43:01
292560,7,TIGER 일본엔선물,8165,2,30,0.37,8140.0,-6.9755,49832,405,367,2026-08-20 02:43:01
449690,4,TIGER 한중반도체(합성),48915,2,1415,2.98,48776.0,-9.0126,8,0,367,2026-08-20 02:43:01
450910,1,SOL 코스닥150,14305,2,365,2.62,14329.0,-21.6634,41239,592,366,2026-08-20 02:43:01
381560,2,HANARO Fn전기&수소차,17860,2,150,0.85,17855.0,-3.3404,4871,86,357,2026-08-20 02:43:01
104530,2,KIWOOM 코리아고배당,17345,5,-120,-0.69,17353.0,-9.5878,6676,116,356,2026-08-20 02:43:01
475070,4,KoAct 글로벌친환경전력인프라액티브,30760,5,-110,-0.36,30680.0,-21.7491,5602,171,354,2026-08-20 02:43:01
322400,2,HANARO e커머스,10555,2,350,3.43,10555.0,-6.4191,294,3,354,2026-08-20 02:43:01
153270,1,KIWOOM 코스피100,84165,2,5645,7.19,84065.0,-10.3227,5501,452,353,2026-08-20 02:43:01
352560,7,KODEX 미국부동산리츠(H),12580,2,100,0.8,12536.0,3.316,1513,19,352,2026-08-20 02:43:01
0192T0,2,SOL 코스닥TOP10,7740,2,340,4.59,7743.0,-18.8597,287552,2213,352,2026-08-20 02:43:01
385520,2,KODEX 자율주행액티브,16255,2,190,1.18,16247.0,-9.2117,3660,59,349,2026-08-20 02:43:01
469050,4,RISE 미국반도체NYSE(H),31700,2,215,0.68,31280.0,6.228,21265,672,349,2026-08-20 02:43:01
0154F0,2,WON 초대형IB&금융지주,11790,2,25,0.21,11801.0,-11.3748,4492,52,348,2026-08-20 02:43:01
241390,7,RISE V&S셀렉트밸류채권혼합,15680,2,275,1.79,15750.0,-4.8593,241,3,345,2026-08-20 02:43:01
276650,4,RISE 글로벌테크놀로지(합성 H),45800,2,40,0.09,45686.0,0.6156,19,0,344,2026-08-20 02:43:01
407830,4,에셋플러스 글로벌플랫폼액티브,14290,2,420,3.03,14258.0,-13.0953,339,4,343,2026-08-20 02:43:01
380340,2,ACE 코리아AI테크핵심산업,28420,2,785,2.84,28466.0,4.5987,66872,1890,341,2026-08-20 02:43:01
295020,6,RISE 국채선물10년인버스,60545,5,-70,-0.12,60547.0,0.6475,5,0,340,2026-08-20 02:43:01
105780,2,RISE 5대그룹주,16990,2,640,3.91,16993.0,-6.7048,1919,32,340,2026-08-20 02:43:01
0023B0,4,PLUS 미국양자컴퓨팅TOP10,16540,2,35,0.21,16451.0,-9.6854,7798,128,339,2026-08-20 02:43:01
465350,3,RISE 2차전지TOP10인버스(합성),16920,5,-500,-2.87,17024.0,12.6414,40054,673,338,2026-08-20 02:43:01
415920,5,PLUS 글로벌희토류&전략자원생산기업,7275,2,95,1.32,7249.0,-25.5187,47863,347,338,2026-08-20 02:43:01
449780,4,KIWOOM 미국S&P500(H),18770,2,90,0.48,18737.0,3.2612,7234,135,338,2026-08-20 02:43:01
099140,4,KODEX 차이나H,21785,2,80,0.37,21747.0,-7.5569,3914,84,338,2026-08-20 02:43:01
474800,4,KIWOOM 미국원유에너지기업,16050,5,-125,-0.77,16100.0,-2.9854,47491,759,337,2026-08-20 02:43:01
496770,4,PLUS 글로벌방산,19220,5,-365,-1.86,19125.0,10.6809,8262,158,336,2026-08-20 02:43:01
476690,4,TIGER 글로벌비만치료제TOP2Plus,11200,2,320,2.94,11231.0,4.0883,4872,54,336,2026-08-20 02:43:01
122260,6,KIWOOM 통안채1년,104120,2,25,0.02,104099.0,0.6526,3,0,333,2026-08-20 02:43:01
174360,4,RISE 중국본토대형주CSI100,23710,2,30,0.13,23747.0,-11.1445,1281,30,332,2026-08-20 02:43:01
0192M0,2,RISE 삼성전자단일종목레버리지,11945,2,1705,16.65,12017.0,,39068,442,331,2026-08-20 02:43:01
468630,6,KODEX iShares미국투자등급회사채액티브,11010,2,15,0.14,11008.0,-7.4903,26171,286,331,2026-08-20 02:43:01
459560,4,KODEX 테슬라밸류체인FactSet,22045,5,-20,-0.09,21923.0,-11.3991,774,17,331,2026-08-20 02:43:01
465660,4,TIGER 일본반도체FACTSET,24390,5,-15,-0.06,24371.0,-0.1694,3095,75,329,2026-08-20 02:43:01
138910,5,KODEX 구리선물(H),9930,2,30,0.3,9917.0,1.9042,12793,127,328,2026-08-20 02:43:01
0155N0,2,HANARO K휴머노이드테마TOP10,8055,2,145,1.83,8065.0,-17.7755,25719,205,326,2026-08-20 02:43:01
227540,2,TIGER 200 헬스케어,19855,2,565,2.93,19888.0,2.1716,28950,572,326,2026-08-20 02:43:01
261140,2,TIGER 우선주,24285,2,825,3.52,24361.0,-11.9742,6567,158,325,2026-08-20 02:43:01
266360,2,KODEX K콘텐츠,10125,2,280,2.84,10132.0,-12.9532,30059,301,324,2026-08-20 02:43:01
0085N0,6,ACE 미국10년국채액티브(H),9805,2,45,0.46,9801.0,0.143,24853,243,324,2026-08-20 02:43:01
491090,4,KODEX 미국테크TOP3플러스,17915,2,95,0.53,17870.0,-7.8292,3965,71,322,2026-08-20 02:43:01
256440,4,ACE MSCI인도네시아(합성),5285,2,30,0.57,5362.0,-13.7818,8728,45,322,2026-08-20 02:43:01
395170,2,KODEX Top10동일가중,15950,2,710,4.66,15953.0,-15.4186,4786,75,319,2026-08-20 02:43:01
476070,4,KODEX 글로벌비만치료제TOP2 Plus,11815,2,395,3.46,11832.0,5.6298,5634,66,319,2026-08-20 02:43:01
0138T0,4,RISE 미국S&P500데일리고정커버드콜,9635,2,10,0.1,9626.0,-3.4312,14136,135,318,2026-08-20 02:43:01
0089B0,7,PLUS 미국나스닥100미국채혼합50,11340,2,15,0.13,11300.0,-6.0147,12127,137,318,2026-08-20 02:43:01
0204S0,1,TIGER 코스닥액티브,6870,2,40,0.59,6866.0,,39974,275,317,2026-08-20 02:43:01
426150,6,WON 대한민국국고채액티브,50895,2,125,0.25,50899.0,-1.8274,191,9,317,2026-08-20 02:43:01
459750,4,RISE 글로벌주식분산액티브,18060,2,105,0.58,18083.0,-3.8168,1805,32,316,2026-08-20 02:43:01
494410,4,PLUS 미국S&P500성장주,14335,2,35,0.24,14343.0,-4.724,1556,22,315,2026-08-20 02:43:01
245350,4,TIGER 유로스탁스배당30,19650,5,-110,-0.56,19691.0,1.0767,2139,42,314,2026-08-20 02:43:01
0083S0,4,1Q 미국메디컬AI,10810,2,990,10.08,10850.0,2.6699,43179,465,313,2026-08-20 02:43:01
248270,4,TIGER S&P글로벌헬스케어(합성),27495,2,390,1.44,27619.0,7.5381,3262,89,313,2026-08-20 02:43:01
395290,2,HANARO Fn K-POP&미디어,4965,2,75,1.53,4966.0,-25.6274,23582,117,313,2026-08-20 02:43:01
156080,1,KODEX MSCI Korea,51840,2,3325,6.85,51825.0,-9.9132,1428,72,311,2026-08-20 02:43:01
271060,5,KODEX 3대농산물선물(H),8565,2,125,1.48,8602.0,-3.4325,56157,480,311,2026-08-20 02:43:01
456680,4,TIGER 차이나전기차레버리지(합성),6710,5,-55,-0.81,6735.0,-42.4256,16944,113,307,2026-08-20 02:43:01
0150K0,2,KoAct 수소전력ESS인프라액티브,10555,2,140,1.34,10560.0,-29.318,17004,180,306,2026-08-20 02:43:01
275290,2,KODEX 가치주,34000,2,1905,5.94,34040.0,-5.9709,1125,38,306,2026-08-20 02:43:01
464920,4,PLUS 일본반도체소부장,24400,5,-40,-0.16,24490.0,0.8666,3106,76,305,2026-08-20 02:43:01
469790,2,KIWOOM 코리아테크TOP10,43535,2,2435,5.92,43464.0,-2.5203,1907,80,305,2026-08-20 02:43:01
139270,2,TIGER 200 금융,16380,5,-10,-0.06,16378.0,-0.3139,19126,312,305,2026-08-20 02:43:01
117460,2,KODEX 에너지화학,13930,2,15,0.11,13921.0,-13.6819,13635,191,302,2026-08-20 02:43:01
387270,4,TIGER 글로벌이노베이션액티브,24900,2,285,1.16,24850.0,-10.9121,766,19,301,2026-08-20 02:43:01
446690,4,KODEX 아시아AI반도체exChina액티브,59910,2,760,1.28,60116.0,-4.4215,11860,708,300,2026-08-20 02:43:01
0155M0,4,ACE 미국SMR원자력TOP10,7200,2,295,4.27,7146.0,-17.2063,9200,66,299,2026-08-20 02:43:01
415340,4,KODEX 차이나과창판STAR50(합성),14410,5,-30,-0.21,14505.0,-11.628,14588,211,298,2026-08-20 02:43:01
450190,4,KODEX 한중반도체(합성),49710,2,2275,4.8,49184.0,-9.3715,162,8,298,2026-08-20 02:43:01
0203S0,7,WON 삼성전자현대차채권혼합50,8855,2,220,2.55,8864.0,,17997,157,297,2026-08-20 02:43:01
0107F0,4,KIWOOM 미국고배당&AI테크,11590,5,-40,-0.34,11638.0,-1.9535,5441,62,296,2026-08-20 02:43:01
192720,2,파워 고배당저변동성,57715,5,-360,-0.62,57761.0,-1.3007,431,24,294,2026-08-20 02:43:01
145850,2,TREX 펀더멘탈 200,116740,2,2045,1.78,117177.0,-2.7942,1,0,292,2026-08-20 02:43:01
414270,4,ACE 글로벌자율주행액티브,12090,2,130,1.09,12076.0,-16.0408,2141,25,290,2026-08-20 02:43:01
253250,3,KIWOOM 200선물레버리지,99885,2,11530,13.05,100056.0,-33.8364,32050,3081,290,2026-08-20 02:43:01
494340,4,ACE 글로벌AI맞춤형반도체,19310,2,325,1.71,19071.0,-4.1162,5216,100,290,2026-08-20 02:43:01
493420,4,SOL 미국배당다우존스2호,13115,2,120,0.92,13118.0,1.1148,1539,20,289,2026-08-20 02:43:01
289480,3,TIGER 200커버드콜,12420,2,370,3.07,12649.0,13.6724,15316,189,286,2026-08-20 02:43:01
0184E0,7,1Q 200채권혼합50액티브,10955,2,320,3.01,11016.0,-3.9851,88634,958,285,2026-08-20 02:43:01
0166N0,1,PLUS 코스닥150액티브,7650,2,205,2.75,7677.0,-28.9939,31686,242,283,2026-08-20 02:43:01
117680,2,KODEX 철강,12240,2,390,3.29,12261.0,-25.7992,21193,261,283,2026-08-20 02:43:01
252710,3,TIGER 200선물인버스2X,84,5,-11,-11.58,83.0,-26.3566,132295348,11429,281,2026-08-20 02:43:01
223190,2,KODEX 200가치저변동,28080,2,875,3.22,28133.0,-5.9531,743,20,281,2026-08-20 02:43:01
475380,7,RISE 글로벌리얼티인컴,10520,2,45,0.43,10512.0,-7.6679,1944,20,279,2026-08-20 02:43:01
459790,4,KIWOOM 미국성장기업30액티브,20545,2,215,1.06,20364.0,-10.104,4,0,277,2026-08-20 02:43:01
0223R0,4,TIGER 미국테크NYSE100액티브,9465,2,80,0.85,9347.0,,43595,411,275,2026-08-20 02:43:01
0137W0,4,KIWOOM 미국S&P500&GOLD,10575,2,55,0.52,10568.0,-3.659,1383,14,275,2026-08-20 02:43:01
0198D0,2,1Q SK하이닉스선물단일종목레버리지,8915,2,1775,24.86,8900.0,,60133,502,275,2026-08-20 02:43:01
0218J0,7,RISE 미국우주&로봇TOP2미국채혼합50,8985,2,105,1.18,9016.0,,48097,430,274,2026-08-20 02:43:01
261250,7,KODEX 미국달러선물레버리지,16200,5,-75,-0.46,16220.0,-13.5918,94161,1517,274,2026-08-20 02:43:01
261060,2,TIGER 코스닥150IT,23565,2,290,1.25,23612.0,-17.7417,14037,330,273,2026-08-20 02:43:01
419430,4,KODEX 차이나2차전지MSCI(합성),9760,2,70,0.72,9703.0,-20.4107,796,7,273,2026-08-20 02:43:01
0164G0,4,RISE 차이나AI반도체TOP4Plus,12945,5,-45,-0.35,12994.0,-8.5856,16131,209,272,2026-08-20 02:43:01
489290,4,WON 미국빌리어네어,15085,2,205,1.38,14992.0,-10.1178,404,6,272,2026-08-20 02:43:01
437350,6,RISE 미국단기투자등급회사채액티브,12340,5,-25,-0.2,12343.0,-6.4321,7913,97,271,2026-08-20 02:43:01
0013R0,7,RISE 테슬라미국채타겟커버드콜혼합(합성),7970,2,130,1.66,7958.0,-12.4085,33751,267,271,2026-08-20 02:43:01
0047R0,4,RISE 팔란티어고정테크100,15450,2,155,1.01,15405.0,2.0382,1125,17,270,2026-08-20 02:43:01
245360,4,TIGER 차이나HSCEI,12545,2,75,0.6,12561.0,-7.922,2315,28,270,2026-08-20 02:43:01
0115C0,4,RISE 미국고배당다우존스TOP10,11445,2,240,2.14,11458.0,1.0866,7081,80,269,2026-08-20 02:43:01
185680,4,KODEX 미국S&P바이오(합성),50455,2,3115,6.58,50472.0,16.1147,3695,186,268,2026-08-20 02:43:01
440340,7,TIGER 글로벌멀티에셋TIF액티브,12165,5,-40,-0.33,12204.0,-4.6524,3473,42,268,2026-08-20 02:43:01
167860,6,KIWOOM 국고채10년레버리지,92175,2,670,0.73,92084.0,-0.4732,35,3,267,2026-08-20 02:43:01
0198B0,2,1Q 삼성전자선물단일종목레버리지,12195,2,1715,16.36,12304.0,,30884,360,267,2026-08-20 02:43:01
0103T0,2,1Q K소버린AI,9035,2,380,4.39,9026.0,-1.8151,39627,357,267,2026-08-20 02:43:01
0152E0,2,SOL 배당성향탑픽액티브,10860,2,20,0.18,10868.0,-7.6482,1613,17,266,2026-08-20 02:43:01
461600,6,SOL 미국30년국채액티브(H),8405,2,105,1.27,8403.0,-1.1317,4919,41,265,2026-08-20 02:43:01
368190,2,HANARO Fn K-뉴딜디지털플러스,8225,2,385,4.91,8181.0,-10.4,6,0,263,2026-08-20 02:43:01
0049K0,7,ACE 미국배당퀄리티채권혼합50,11230,2,10,0.09,11201.0,-1.6221,10887,122,258,2026-08-20 02:43:01
225130,4,ACE 골드선물 레버리지(합성 H),51200,2,3150,6.56,51427.0,-12.1653,2096,107,256,2026-08-20 02:43:01
277540,4,ACE 아시아TOP50,31990,2,950,3.06,31991.0,-6.6467,534,16,256,2026-08-20 02:43:01
483570,4,KCGI 미국S&P500 TOP10,15830,2,160,1.02,15703.0,-9.7611,290,4,253,2026-08-20 02:43:01
0097L0,7,KIWOOM 한국고배당&미국AI테크,12595,3,0,0.0,12609.0,-4.4129,1888,23,252,2026-08-20 02:43:01
496120,1,ACE 코리아밸류업,33455,2,1575,4.94,33449.0,-7.3264,986,32,251,2026-08-20 02:43:01
479850,2,HANARO K-뷰티,18585,2,380,2.09,18643.0,12.0307,23137,429,251,2026-08-20 02:43:01
139250,2,TIGER 200 에너지화학,17825,2,90,0.51,17852.0,-6.3886,11131,199,250,2026-08-20 02:43:01
0093D0,7,KoAct 팔란티어밸류체인액티브,17775,2,175,0.99,17725.0,-1.1792,124,2,249,2026-08-20 02:43:01
411540,1,SOL 200 Top10,17620,2,620,3.65,17643.0,-10.6385,5516,95,247,2026-08-20 02:43:01
292500,1,SOL KRX300,49130,2,3165,6.89,49179.0,-11.8126,29,1,246,2026-08-20 02:43:01
195970,4,PLUS 선진국MSCI(합성 H),16620,2,155,0.94,16612.0,5.1069,1726,28,243,2026-08-20 02:43:01
461450,1,KODEX 코스닥글로벌,16120,2,715,4.64,16154.0,-14.701,6750,108,242,2026-08-20 02:43:01
159800,1,마이티 코스피100,86185,2,5580,6.92,86275.0,-11.0124,46,3,241,2026-08-20 02:43:01
481340,6,RISE 미국30년국채액티브,8775,2,110,1.27,8762.0,-8.2313,14888,130,241,2026-08-20 02:43:01
269420,4,KODEX S&P글로벌인프라(합성),22695,5,-15,-0.07,22613.0,-6.1765,993,22,241,2026-08-20 02:43:01
438320,4,TIGER 차이나항셍테크레버리지(합성 H),5495,2,60,1.1,5550.0,-10.535,15108,83,241,2026-08-20 02:43:01
280930,4,KODEX 미국러셀2000(H),17190,2,135,0.79,17167.0,8.1483,1037,17,241,2026-08-20 02:43:01
292160,1,TIGER KRX300,48050,2,2605,5.73,48283.0,-10.7565,10726,507,240,2026-08-20 02:43:01
289250,2,TIGER MSCI KOREA ESG유니버설,34750,2,2130,6.53,34643.0,-8.1524,6,0,240,2026-08-20 02:43:01
0206G0,7,1Q 현대차기아채권혼합50,8385,2,65,0.78,8387.0,,107482,900,239,2026-08-20 02:43:01
204450,4,KODEX 차이나H레버리지(H),2370,2,30,1.28,2389.0,-6.2125,13839,32,237,2026-08-20 02:43:01
138230,7,KIWOOM 미국달러선물,16295,5,-60,-0.37,16319.0,-6.6496,3585,58,236,2026-08-20 02:43:01
367740,2,HANARO Fn5G산업,42820,2,1395,3.37,42704.0,0.2056,278,11,236,2026-08-20 02:43:01
0065G0,4,KODEX 차이나테크TOP10,9180,2,85,0.93,9227.0,-12.69,22944,211,234,2026-08-20 02:43:01
364690,1,KODEX 혁신기술테마액티브,39015,2,2000,5.4,39194.0,-10.556,260,10,234,2026-08-20 02:43:01
388280,2,RISE K엔터&여행레저,6950,2,85,1.24,6954.0,-17.488,2267,15,231,2026-08-20 02:43:01
0127R0,4,RISE 미국AI클라우드인프라,17070,5,-45,-0.26,16809.0,2.5523,12845,218,230,2026-08-20 02:43:01
477730,4,KODEX 인도타타그룹,7640,2,15,0.2,7629.0,-5.269,456,3,229,2026-08-20 02:43:01
442550,7,RISE TDF2030액티브 적격,14780,2,70,0.48,14687.0,-2.3472,5296,78,229,2026-08-20 02:43:01
464600,2,SOL 자동차소부장Fn,24055,2,540,2.3,24042.0,-5.7327,5797,138,229,2026-08-20 02:43:01
0067V0,4,TIGER 차이나글로벌리더스TOP3+,10375,2,85,0.83,10415.0,-12.7967,16343,168,228,2026-08-20 02:43:01
447660,7,PLUS 애플채권혼합,13730,2,45,0.33,13742.0,0.6547,9422,129,227,2026-08-20 02:43:01
0153X0,4,PLUS 미국고배당주액티브,11615,2,70,0.61,11623.0,3.7435,4408,51,226,2026-08-20 02:43:01
0047P0,4,RISE 테슬라고정테크100,14610,2,210,1.46,14592.0,-9.1184,968,14,226,2026-08-20 02:43:01
300950,2,KODEX 게임산업,5500,2,50,0.92,5496.0,-15.5039,32416,178,226,2026-08-20 02:43:01
469160,4,ACE 일본반도체,24995,2,120,0.48,24981.0,-5.2562,2018,50,225,2026-08-20 02:43:01
471460,6,KIWOOM 국고채30년액티브,44760,2,205,0.46,44785.0,-6.9464,930,41,224,2026-08-20 02:43:01
0144M0,4,KODEX 미국드론UAM TOP10,8125,5,-45,-0.55,8153.0,-8.5619,2019,16,223,2026-08-20 02:43:01
433220,4,에셋플러스 글로벌대장장이액티브,29990,5,-15,-0.05,29789.0,-15.6215,38,1,222,2026-08-20 02:43:01
376410,2,TIGER 탄소효율그린뉴딜,24460,2,1160,4.98,24515.0,-9.0194,1064,25,220,2026-08-20 02:43:01
375760,2,HANARO 탄소효율그린뉴딜,24395,2,1200,5.17,24437.0,-8.2199,84,2,220,2026-08-20 02:43:01
239660,6,PLUS 우량회사채50,121680,2,40,0.03,121664.0,0.7412,927,112,219,2026-08-20 02:43:01
0026E0,4,KODEX 미국S&P500버퍼3월액티브,11730,5,-75,-0.64,11841.0,-3.554,76,0,217,2026-08-20 02:43:01
108590,1,TREX 200,108295,2,6765,6.66,108364.0,-10.7916,8,0,217,2026-08-20 02:43:01
253290,7,RISE 헬스케어채권혼합,11980,2,110,0.93,11958.0,-1.2833,26842,321,216,2026-08-20 02:43:01
0186L0,4,KoAct 미국로봇피지컬AI액티브,9370,5,-115,-1.21,9324.0,-7.3278,13175,123,216,2026-08-20 02:43:01
371450,4,TIGER 글로벌클라우드컴퓨팅INDXX,13805,5,-55,-0.4,13838.0,13.7931,10731,148,215,2026-08-20 02:43:01
463300,4,RISE 중국본토CSI300,13375,5,-40,-0.3,13402.0,-8.4108,201,2,214,2026-08-20 02:43:01
404260,2,KODEX 기후변화솔루션,23730,2,610,2.64,23759.0,-13.4338,58,1,214,2026-08-20 02:43:01
0177A0,2,WON 두산그룹포커스,8650,2,60,0.7,8652.0,-26.2345,27317,236,212,2026-08-20 02:43:01
416090,4,ACE 중국과창판STAR50,13150,2,40,0.31,13085.0,-11.8952,13849,183,210,2026-08-20 02:43:01
300640,2,RISE 게임테마,6445,2,80,1.26,6432.0,-12.2069,4720,30,209,2026-08-20 02:43:01
364990,2,TIGER 게임TOP10,4780,2,60,1.27,4787.0,-15.3364,20287,96,208,2026-08-20 02:43:01
437070,6,KODEX 아시아달러채권ESG플러스액티브,60075,5,-50,-0.08,60026.0,-6.8924,1517,90,208,2026-08-20 02:43:01
457690,6,KODEX 33-06 국고채액티브,10485,2,10,0.1,10477.0,0.4314,6501,68,208,2026-08-20 02:43:01
169950,4,KODEX 차이나A50,25895,2,295,1.15,25874.0,-10.0018,234,6,207,2026-08-20 02:43:01
304770,1,HANARO 코스닥150,14585,2,330,2.31,14648.0,-21.3735,8445,123,207,2026-08-20 02:43:01
0223A0,2,RISE 코스닥커버드콜액티브,10872,2,232,2.18,10884.0,,169592,1847,207,2026-08-20 02:43:01
152380,6,KODEX 국채선물10년,64850,2,65,0.1,64887.0,0.2553,591,38,206,2026-08-20 02:43:01
417630,2,TIGER KEDI혁신기업ESG30,19590,2,575,3.02,19616.0,-4.8299,367,7,206,2026-08-20 02:43:01
217770,5,TIGER 원유선물인버스(H),1269,2,6,0.48,1267.0,7.7645,28261,35,205,2026-08-20 02:43:01
489000,6,PLUS 일본엔화초단기국채(합성),9305,2,10,0.11,9320.0,-7.1429,33412,310,205,2026-08-20 02:43:01
226980,1,KODEX 200 중소형,22470,2,275,1.24,22472.0,-16.2421,903,20,202,2026-08-20 02:43:01
497780,4,KoAct 미국천연가스인프라액티브,10820,5,-165,-1.5,10789.0,-10.0441,17394,187,200,2026-08-20 02:43:01
091220,2,TIGER 은행,16115,5,-365,-2.21,16114.0,8.2498,24234,391,200,2026-08-20 02:43:01
289040,2,KODEX MSCI KOREA ESG유니버설,33090,2,1535,4.86,33269.0,-7.2506,1,0,199,2026-08-20 02:43:01
0192S0,7,SOL 코스피200채권혼합50,9450,2,275,3.0,9474.0,-4.6229,134917,1256,198,2026-08-20 02:43:01
407310,1,HANARO 200 TOP10,17230,2,590,3.55,17269.0,-10.1948,3868,65,198,2026-08-20 02:43:01
0190M0,4,KIWOOM 미국AI테크하이베타,8600,5,-55,-0.64,8459.0,-12.8399,41685,357,198,2026-08-20 02:43:01
213630,4,PLUS 미국다우존스고배당주(합성 H),21330,2,160,0.76,21381.0,7.7627,1972,42,196,2026-08-20 02:43:01
0018Z0,4,RISE 미국양자컴퓨팅,18480,2,160,0.87,18363.0,-4.2559,1490,27,194,2026-08-20 02:43:01
337120,2,KODEX 멀티팩터,32300,3,0,0.0,34428.0,-12.1257,0,0,194,2026-08-20 02:43:01
0105D0,2,SOL 한국AI소프트웨어,10135,2,470,4.86,10137.0,-1.2769,81544,819,193,2026-08-20 02:43:01
0203R0,6,WON 중단기종합채권(A-이상)액티브,50445,3,0,0.0,50486.0,,0,0,192,2026-08-20 02:43:01
228820,1,TIGER KTOP30,19125,2,1040,5.75,19199.0,-7.0766,3501,66,191,2026-08-20 02:43:01
487950,4,KODEX 대만테크고배당다우존스,13180,5,-40,-0.3,13101.0,4.2973,4646,61,191,2026-08-20 02:43:01
229720,1,KODEX KTOP30,37920,2,1715,4.74,38051.0,-7.0043,488,18,190,2026-08-20 02:43:01
304760,1,HANARO KRX300,47265,2,2665,5.98,47337.0,-10.2134,35,1,189,2026-08-20 02:43:01
0224X0,7,1Q 엔비디아알파벳미국채혼합50,9890,5,-5,-0.05,9825.0,,54980,543,188,2026-08-20 02:43:01
284980,2,RISE 200금융,21775,5,-30,-0.14,21775.0,-0.2236,2251,48,187,2026-08-20 02:43:01
0104P0,2,TIGER 코리아배당다우존스위클리커버드콜,10955,5,-140,-1.26,10956.0,-2.7258,9131,100,186,2026-08-20 02:43:01
483330,4,ACE 마이크로소프트밸류체인액티브,14795,2,80,0.54,14720.0,-1.2417,2921,43,185,2026-08-20 02:43:01
183710,7,RISE 주식혼합,92385,2,3740,4.22,92903.0,-6.9018,139,12,185,2026-08-20 02:43:01
379790,4,RISE 유로스탁스50(H),17580,2,65,0.37,17519.0,10.8477,21450,377,185,2026-08-20 02:43:01
445910,2,TIGER MKF배당귀족,20480,5,-20,-0.1,20511.0,-4.4831,838,17,184,2026-08-20 02:43:01
0193K0,2,PLUS 삼성전자단일종목레버리지,12910,2,1910,17.36,13025.0,,10823,135,184,2026-08-20 02:43:01
465670,4,TIGER 미국캐시카우100,17360,2,320,1.88,17202.0,10.629,28070,486,182,2026-08-20 02:43:01
461910,4,PLUS 미국테크TOP10레버리지(합성),36315,2,555,1.55,35965.0,-21.0771,357,12,182,2026-08-20 02:43:01
415760,4,SOL 차이나육성산업액티브(합성),13345,2,45,0.34,13496.0,-11.5104,16228,217,181,2026-08-20 02:43:01
468370,6,KODEX iShares미국인플레이션국채액티브,10855,2,5,0.05,10854.0,-7.4098,9463,102,181,2026-08-20 02:43:01
385600,2,ACE 2차전지&친환경차액티브,12000,2,165,1.39,12032.0,-9.7255,2005,24,180,2026-08-20 02:43:01
461900,4,PLUS 미국테크TOP10,22430,2,210,0.95,22182.0,-9.9494,226,5,179,2026-08-20 02:43:01
449580,7,RISE 테슬라애플아마존채권혼합,16245,2,155,0.96,16251.0,-4.4645,5360,86,179,2026-08-20 02:43:01
276000,4,TIGER 글로벌자원생산기업(합성 H),20950,2,615,3.02,21021.0,-1.8108,466,9,178,2026-08-20 02:43:01
445690,2,BNK 주주가치액티브,29655,2,410,1.4,30240.0,-11.2174,1,0,178,2026-08-20 02:43:01
474920,4,에셋플러스 차이나일등기업포커스10액티브,18910,2,50,0.27,18888.0,5.2749,871,16,178,2026-08-20 02:43:01
227830,1,PLUS 코스피,70920,2,4275,6.41,70982.0,-11.3888,155,10,177,2026-08-20 02:43:01
404120,2,TIME K신재생에너지액티브,25220,2,590,2.4,25286.0,-11.4189,979,24,177,2026-08-20 02:43:01
236350,4,TIGER 인도니프티50레버리지(합성),28185,5,-250,-0.88,28003.0,-12.3999,3153,88,175,2026-08-20 02:43:01
477490,4,에셋플러스 글로벌일등기업포커스10액티브,19370,2,195,1.02,19241.0,-10.2715,38,0,174,2026-08-20 02:43:01
391670,1,HK 베스트일레븐액티브,29025,2,1860,6.85,28966.0,-5.3815,130,3,174,2026-08-20 02:43:01
292050,1,RISE KRX300,49590,2,3335,7.21,49473.0,-11.5922,2482,120,174,2026-08-20 02:43:01
460660,4,RISE 미국S&P배당킹,12395,2,95,0.77,12331.0,6.029,1025,12,174,2026-08-20 02:43:01
195920,4,TIGER 일본TOPIX(합성 H),34640,3,0,0.0,34920.0,4.8426,562,19,173,2026-08-20 02:43:01
250730,4,RISE 차이나HSCEI(H),10120,2,250,2.53,10112.0,-2.4222,924,9,172,2026-08-20 02:43:01
280320,4,ACE 미국IT인터넷(합성 H),21495,2,430,2.04,21504.0,3.8452,2261,48,172,2026-08-20 02:43:01
0086C0,7,TIGER 리츠부동산인프라10채권혼합액티브,9815,3,0,0.0,9812.0,-2.3278,5013,49,172,2026-08-20 02:43:01
419650,4,PLUS 글로벌수소&차세대연료전지,5265,2,95,1.84,5212.0,-26.8742,3408,17,171,2026-08-20 02:43:01
289260,2,TIGER MSCI KOREA ESG리더스,28500,2,1445,5.34,28455.0,-3.1502,10089,287,171,2026-08-20 02:43:01
225060,4,TIGER 이머징마켓MSCI레버리지(합성 H),16120,2,450,2.87,16183.0,0.6745,229,3,171,2026-08-20 02:43:01
494420,2,PLUS 미국배당증가성장주데일리커버드콜,9370,5,-50,-0.53,9347.0,0.5063,6532,61,169,2026-08-20 02:43:01
332620,6,PLUS 미국장기우량회사채,89930,2,860,0.97,89840.0,-8.5547,438,39,168,2026-08-20 02:43:01
453630,4,KODEX 미국S&P500필수소비재,12720,2,120,0.95,12723.0,-7.0309,7917,99,165,2026-08-20 02:43:01
0216Z0,2,ACE K방산TOP5+,9380,2,30,0.32,9398.0,,34779,321,164,2026-08-20 02:43:01
0104G0,2,PLUS K방산레버리지,6825,2,55,0.81,6867.0,-44.5764,94271,628,164,2026-08-20 02:43:01
291130,4,ACE MSCI멕시코(합성),18100,2,50,0.28,18058.0,-9.7049,78,1,163,2026-08-20 02:43:01
131890,2,ACE 삼성그룹동일가중,40685,2,1590,4.07,40657.0,0.7603,1316,52,163,2026-08-20 02:43:01
219390,4,RISE 미국S&P원유생산기업(합성 H),8100,5,-5,-0.06,8229.0,3.117,15174,123,162,2026-08-20 02:43:01
432840,4,HANARO 미국S&P500,20035,2,15,0.07,20011.0,-3.4477,261,5,160,2026-08-20 02:43:01
387280,2,TIGER 퓨처모빌리티액티브,11785,2,330,2.88,11801.0,-16.6303,6060,70,159,2026-08-20 02:43:01
265690,4,ACE 러시아MSCI(합성),8535,3,0,0.0,48.0,0.0,0,0,158,2026-08-20 02:43:01
0207Z0,4,KIWOOM 미국우주데이터센터인프라,7285,5,-20,-0.27,7246.0,,8045,58,157,2026-08-20 02:43:01
266410,2,KODEX 필수소비재,9760,2,85,0.88,9765.0,-0.4723,8019,77,156,2026-08-20 02:43:01
0220A0,7,KIWOOM 현대차그룹TOP3채권혼합50,9655,2,95,0.99,9673.0,,14880,143,154,2026-08-20 02:43:01
337150,2,KODEX 200exTOP,25425,2,525,2.11,25461.0,-8.6934,18,0,153,2026-08-20 02:43:01
413930,2,WON AI ESG액티브,27690,2,1065,4.0,27820.0,-9.9747,56,1,152,2026-08-20 02:43:01
488290,4,MIDAS 일본테크액티브,43500,5,-305,-0.7,43992.0,-3.9365,336,14,152,2026-08-20 02:43:01
0090B0,2,PLUS K방산소부장,6880,5,-90,-1.29,6885.0,-42.3967,40029,277,151,2026-08-20 02:43:01
0193L0,2,PLUS 삼성전자선물단일종목인버스2X,9002,5,-1908,-17.49,9027.0,,1034425,9918,151,2026-08-20 02:43:01
114460,6,ACE 국고채3년,100715,5,-5,0.0,100774.0,0.8874,93,9,151,2026-08-20 02:43:01
453820,4,KODEX 인도Nifty50레버리지(합성),11620,5,-35,-0.3,11617.0,-11.8048,505,5,151,2026-08-20 02:43:01
104520,2,KIWOOM 블루칩,14965,2,200,1.35,15009.0,-4.6602,169,2,150,2026-08-20 02:43:01
491510,2,파워 K-주주가치액티브,17385,2,95,0.55,17448.0,-6.287,22,0,148,2026-08-20 02:43:01
453010,7,PLUS KOFR금리,109740,2,5,0.0,109754.0,0.6281,93,10,147,2026-08-20 02:43:01
130680,5,TIGER 원유선물Enhanced(H),6960,5,-15,-0.22,6977.0,-13.8889,12580,87,146,2026-08-20 02:43:01
438900,2,HANARO Fn K-푸드,11620,2,355,3.15,11631.0,-5.9606,110009,1274,145,2026-08-20 02:43:01
102960,2,KODEX 기계장비,13525,2,130,0.97,13526.0,-25.4591,1626,22,143,2026-08-20 02:43:01
0013P0,4,RISE 미국은행TOP10,13020,5,-320,-2.4,13057.0,11.678,14185,184,143,2026-08-20 02:43:01
0153P0,2,ACE 리츠부동산인프라액티브,9520,2,70,0.74,9523.0,-3.9068,321,3,143,2026-08-20 02:43:01
0051A0,4,KoAct 브로드컴밸류체인액티브,23775,5,-155,-0.65,23537.0,-5.0397,2617,61,143,2026-08-20 02:43:01
404650,2,SOL KRX기후변화솔루션,23750,2,730,3.17,23757.0,-13.349,638,15,143,2026-08-20 02:43:01
373490,2,KODEX 코리아혁신성장액티브,25855,2,990,3.98,25786.0,-18.702,137,3,142,2026-08-20 02:43:01
234310,2,RISE V&S셀렉트밸류,28330,2,975,3.56,28492.0,-11.2139,4,0,142,2026-08-20 02:43:01
0004G0,4,1Q 미국배당TOP30,9390,2,40,0.43,9413.0,4.6552,1289,12,141,2026-08-20 02:43:01
244620,2,KODEX 모멘텀Plus,20120,2,255,1.28,20112.0,-12.9873,540,10,141,2026-08-20 02:43:01
0028X0,4,KODEX 미국금융테크액티브,12100,5,-25,-0.21,12107.0,8.8261,292,3,139,2026-08-20 02:43:01
417450,4,RISE 글로벌수소경제,16370,2,195,1.21,16234.0,-21.8659,823,13,139,2026-08-20 02:43:01
496130,1,TRUSTON 코리아밸류업액티브,25565,2,1415,5.86,25580.0,-13.3011,239,6,138,2026-08-20 02:43:01
396510,4,TIGER 차이나클린에너지SOLACTIVE,7495,5,-60,-0.79,7516.0,-21.9928,435,3,138,2026-08-20 02:43:01
0127T0,4,KIWOOM 미국S&P500&배당다우존스비중전환,11300,2,55,0.49,11266.0,-2.0065,1254,14,136,2026-08-20 02:43:01
0127V0,4,KIWOOM 미국S&P500 TOP10&배당다우비중전환,10825,2,130,1.22,10772.0,-7.3904,2904,31,135,2026-08-20 02:43:01
0088N0,2,WON K-글로벌수급상위,10785,2,55,0.51,10793.0,-20.015,2230,24,135,2026-08-20 02:43:01
0222F0,2,마이티 AI데이터센터밸류체인,12830,2,270,2.15,12860.0,,7799,99,135,2026-08-20 02:43:01
484890,6,SOL 머니마켓액티브,52495,2,15,0.03,52489.0,0.6713,6604,346,133,2026-08-20 02:43:01
360150,2,KODEX 코스닥150롱코스피200숏선물,3245,5,-130,-3.85,3237.0,-16.6667,207824,694,133,2026-08-20 02:43:01
472720,1,TRUSTON 주주가치액티브,25510,2,735,2.97,25570.0,-12.9174,927,23,133,2026-08-20 02:43:01
485810,4,TIME 글로벌바이오액티브,12055,2,915,8.21,12025.0,10.9561,49237,592,133,2026-08-20 02:43:01
0194R0,2,KIWOOM SK하이닉스선물단일종목레버리지,8315,2,1595,23.74,8384.0,,17882,144,131,2026-08-20 02:43:01
266390,2,KODEX 경기소비재,14550,5,-25,-0.17,14558.0,9.1039,2167,31,131,2026-08-20 02:43:01
489860,4,KIWOOM 글로벌전력GRID인프라,15400,5,-195,-1.25,15352.0,-8.7098,2852,43,131,2026-08-20 02:43:01
428560,4,KODEX 미국ETF산업Top10 Indxx,16360,2,195,1.21,16312.0,-2.8802,998,16,131,2026-08-20 02:43:01
252650,1,KODEX 200동일가중,18490,2,270,1.48,18517.0,-8.5032,4477,82,129,2026-08-20 02:43:01
300610,2,TIGER K게임,5390,2,10,0.19,5384.0,-11.8756,3598,19,129,2026-08-20 02:43:01
137610,5,TIGER 농산물선물Enhanced(H),5620,2,70,1.26,5644.0,-1.1577,10425,58,129,2026-08-20 02:43:01
435040,4,ACE 글로벌브랜드TOP10,19725,2,225,1.15,19725.0,-3.6988,279,5,128,2026-08-20 02:43:01
272570,6,RISE 중장기국공채액티브,107935,2,15,0.01,107951.0,0.6998,111,11,127,2026-08-20 02:43:01
279540,2,KODEX 최소변동성,21155,2,635,3.09,21094.0,-11.0845,10,0,127,2026-08-20 02:43:01
0015F0,7,KIWOOM 팔란티어미국30년국채혼합액티브(H),10565,2,165,1.59,10621.0,5.8514,4570,48,127,2026-08-20 02:43:01
176950,6,KODEX 국채선물10년인버스,60360,5,-70,-0.12,60352.0,0.6914,107,6,127,2026-08-20 02:43:01
395760,2,PLUS ESG성장주액티브,21120,2,920,4.55,21412.0,-11.3258,69,1,127,2026-08-20 02:43:01
290080,3,RISE 200고배당커버드콜ATM,7205,5,-125,-1.71,7243.0,13.452,8676,62,126,2026-08-20 02:43:01
435550,7,KIWOOM TDF2050액티브 적격,18010,3,0,0.0,18027.0,-3.5583,2941,53,126,2026-08-20 02:43:01
453660,4,KODEX 미국S&P500경기소비재,17855,2,350,2.0,17845.0,-6.4536,102,1,125,2026-08-20 02:43:01
0208N0,1,IBK 코스피액티브,7560,2,475,6.7,7549.0,,9411,70,125,2026-08-20 02:43:01
363510,6,SOL KIS단기통안채,112040,3,0,0.0,112075.0,0.5699,0,0,124,2026-08-20 02:43:01
0221Z0,2,ACE K바이오코스닥액티브,11290,2,420,3.86,11331.0,,374759,4222,124,2026-08-20 02:43:01
400570,4,KODEX 유럽탄소배출권선물ICE(H),11210,5,-30,-0.27,11257.0,8.1289,977,10,123,2026-08-20 02:43:01
0008E0,4,ACE 미국중심중소형제조업,12905,5,-110,-0.85,12905.0,-10.1795,524,6,123,2026-08-20 02:43:01
140580,2,RISE 우량업종대표주,24495,2,270,1.11,24470.0,-10.078,7,0,122,2026-08-20 02:43:01
453060,6,HANARO KOFR금리액티브(합성),111290,3,0,0.0,111305.0,0.6648,0,0,122,2026-08-20 02:43:01
332610,6,PLUS 미국단기회사채(AAA~A),127105,5,-310,-0.24,127128.0,-6.4629,354,45,122,2026-08-20 02:43:01
269370,4,TIGER S&P글로벌인프라(합성),17405,5,-270,-1.53,17402.0,-5.7566,159,2,122,2026-08-20 02:43:01
0000H0,2,KODEX 인도Nifty미드캡100,10585,2,55,0.52,10554.0,-4.5313,244,2,122,2026-08-20 02:43:01
487750,2,BNK 온디바이스AI,30340,2,1250,4.3,30333.0,-13.0734,1241,37,121,2026-08-20 02:43:01
269530,4,PLUS S&P글로벌인프라,20150,5,-175,-0.86,20293.0,-6.5027,687,13,121,2026-08-20 02:43:01
251590,2,PLUS 고배당저변동50,17050,2,70,0.41,17044.0,-5.0391,1491,25,119,2026-08-20 02:43:01
280920,2,PLUS 주도업종,23740,2,735,3.19,23868.0,-11.5873,7,0,119,2026-08-20 02:43:01
457700,6,KODEX 53-09 국고채액티브,8990,2,40,0.45,8997.0,-6.1845,219,1,119,2026-08-20 02:43:01
448490,6,HANARO 32-10 국고채액티브,52900,2,255,0.48,52820.0,-0.057,13,0,118,2026-08-20 02:43:01
354240,7,RISE 미국고정배당우선증권,10700,2,75,0.71,10668.0,-9.1493,347,3,118,2026-08-20 02:43:01
166400,3,TIGER 200커버드콜OTM,23460,2,1155,5.18,23425.0,6.848,2981,69,117,2026-08-20 02:43:01
410870,2,TIME K컬처액티브,9705,2,200,2.1,9730.0,-14.0986,1261,12,116,2026-08-20 02:43:01
461580,1,TIGER 코스닥글로벌,16475,2,730,4.64,16490.0,-14.5455,10622,174,115,2026-08-20 02:43:01
0002C0,4,에셋플러스 인도일등기업포커스20액티브,9895,5,-30,-0.3,9904.0,3.7095,151,1,115,2026-08-20 02:43:01
498050,2,HANARO 바이오코리아액티브,11455,2,370,3.34,11481.0,-14.7964,7614,87,115,2026-08-20 02:43:01
463640,4,KODEX 미국S&P500유틸리티,14270,5,-25,-0.17,14182.0,-4.9219,2023,28,114,2026-08-20 02:43:01
0084E0,7,KIWOOM 미국대형주500월간목표헤지액티브,10350,5,-50,-0.48,10368.0,-6.0507,15,0,114,2026-08-20 02:43:01
0222D0,2,KoAct 고배당액티브,10320,5,-25,-0.24,10322.0,,24923,257,114,2026-08-20 02:43:01
451600,6,PLUS 국고채30년액티브,82580,2,225,0.27,82650.0,-6.9646,745,61,113,2026-08-20 02:43:01
464610,2,SOL 의료기기소부장Fn,7540,2,150,2.03,7542.0,-16.6385,21350,160,113,2026-08-20 02:43:01
409810,4,KODEX 미국나스닥100선물인버스(H),5515,5,-30,-0.54,5535.0,-2.0319,43448,239,113,2026-08-20 02:43:01
451150,4,에셋플러스 글로벌영에이지액티브,18190,2,260,1.45,18128.0,-2.8974,7,0,113,2026-08-20 02:43:01
371870,4,ACE 차이나항셍테크,7045,2,80,1.15,7044.0,-10.5906,1147,8,113,2026-08-20 02:43:01
430500,7,KIWOOM 물가채KIS,112575,2,290,0.26,112365.0,0.0044,54,6,113,2026-08-20 02:43:01
419420,4,KODEX 미국클린에너지나스닥,9375,2,45,0.48,9322.0,-17.9688,2307,21,113,2026-08-20 02:43:01
0094L0,4,RISE 차이나테크TOP10위클리타겟커버드콜,7995,2,80,1.01,7937.0,-12.4276,394,3,112,2026-08-20 02:43:01
407820,2,에셋플러스 코리아플랫폼액티브,6170,2,160,2.66,6188.0,-23.293,25085,153,111,2026-08-20 02:43:01
385710,2,TIME K이노베이션액티브,11080,2,305,2.83,11118.0,-25.0435,16684,184,111,2026-08-20 02:43:01
0113G0,4,KoAct 미국바이오헬스케어액티브,12225,2,850,7.47,12207.0,14.6673,33138,405,110,2026-08-20 02:43:01
0093B0,4,RISE 엔비디아고정테크100,12870,2,85,0.66,12767.0,-4.6576,56,0,109,2026-08-20 02:43:01
0191S0,1,IBK 코스닥150,14760,2,330,2.29,14756.0,-19.9446,9784,144,109,2026-08-20 02:43:01
310080,4,RISE 중국MSCI China(H),9435,2,45,0.48,9471.0,-2.9959,2620,24,109,2026-08-20 02:43:01
0001P0,2,마이티 바이오시밀러&CDMO액티브,9685,2,205,2.16,9699.0,-14.3245,1536,15,108,2026-08-20 02:43:01
0203D0,7,PLUS 200위클리커버드콜채권혼합,9020,2,280,3.2,9055.0,,11044,98,108,2026-08-20 02:43:01
446700,2,RISE 배터리 리사이클링,10385,2,380,3.8,10353.0,-23.8875,1147,11,108,2026-08-20 02:43:01
0068M0,4,KODEX 미국S&P500버퍼6월액티브,11915,5,-15,-0.13,11943.0,-2.8999,11,0,107,2026-08-20 02:43:01
140710,2,KODEX 운송,6305,5,-45,-0.71,6316.0,-3.3491,9058,57,107,2026-08-20 02:43:01
456250,4,KODEX 유럽명품TOP10 STOXX,9140,2,125,1.39,9135.0,-1.4479,4182,38,105,2026-08-20 02:43:01
181480,7,ACE 미국부동산리츠(합성 H),86625,2,1095,1.28,86308.0,3.3319,15,1,104,2026-08-20 02:43:01
354350,4,HANARO 글로벌럭셔리S&P(합성),19990,2,380,1.94,20082.0,-3.9432,677,13,104,2026-08-20 02:43:01
237440,7,TIGER 경기방어채권혼합,10365,2,80,0.78,10341.0,0.5376,6731,69,104,2026-08-20 02:43:01
140570,2,RISE 수출주,25905,2,290,1.13,25804.0,-7.7436,593,15,104,2026-08-20 02:43:01
460270,6,KIWOOM 미국달러SOFR금리액티브(합성),12680,5,-20,-0.16,12667.0,-6.0999,451,5,103,2026-08-20 02:43:01
487910,4,ACE 인도컨슈머파워액티브,8545,5,-10,-0.12,8534.0,-1.6667,88,0,103,2026-08-20 02:43:01
494180,4,TIME 글로벌소비트렌드액티브,13585,2,295,2.22,13501.0,-7.063,7,0,102,2026-08-20 02:43:01
429010,4,TIGER 미국나스닥넥스트100,20325,2,235,1.17,20197.0,3.717,26,0,102,2026-08-20 02:43:01
0226G0,2,WON 피지컬AI TOP2플러스액티브,12625,2,285,2.31,12628.0,,8003,100,101,2026-08-20 02:43:01
117690,4,TIGER 차이나항셍30,20200,2,165,0.82,20221.0,-8.7244,165,3,101,2026-08-20 02:43:01
0120J0,2,BNK 카카오그룹포커스,8060,2,295,3.8,8063.0,-11.4596,14562,117,101,2026-08-20 02:43:01
0189Z0,2,DAISHIN 금융&지주고배당,9970,5,-65,-0.65,9990.0,,192,1,100,2026-08-20 02:43:01
0214M0,2,MIDAS 바이오헬스케어액티브,11665,2,420,3.73,11652.0,,4971,57,99,2026-08-20 02:43:01
463690,4,KODEX 미국S&P500커뮤니케이션,18020,2,255,1.44,17941.0,-12.2082,434,7,99,2026-08-20 02:43:01
0194N0,2,KIWOOM 삼성전자선물단일종목레버리지,12000,2,1830,17.99,11979.0,,31652,355,99,2026-08-20 02:43:01
0067Y0,4,TIGER 차이나AI소프트웨어,10875,2,150,1.4,10860.0,-19.6329,84014,908,98,2026-08-20 02:43:01
0174R0,4,KIWOOM 미국성장다우존스,11500,2,115,1.01,11451.0,-4.644,854,9,98,2026-08-20 02:43:01
252000,1,TIGER 200동일가중,19400,2,310,1.62,19380.0,-8.5548,219,4,97,2026-08-20 02:43:01
497510,4,ACE 글로벌빅파마,13780,2,615,4.67,13683.0,5.8411,1562,21,96,2026-08-20 02:43:01
281990,2,RISE 중소형고배당,17520,5,-20,-0.11,17484.0,-6.2767,68,1,96,2026-08-20 02:43:01
301400,1,PLUS 코스닥150,14810,2,485,3.39,14786.0,-21.9134,3068,45,96,2026-08-20 02:43:01
482030,2,KoAct 반도체&2차전지핵심소재액티브,9095,2,135,1.51,9090.0,-29.0578,2286,20,95,2026-08-20 02:43:01
0227K0,4,RISE 미국우주위성통신,9425,5,-135,-1.41,9498.0,,20137,188,94,2026-08-20 02:43:01
449680,7,TIGER 한중전기차(합성),11070,2,160,1.47,11042.0,-23.4386,25,0,94,2026-08-20 02:43:01
399580,4,RISE 글로벌클린에너지,9400,2,75,0.8,9435.0,-23.1802,1169,10,94,2026-08-20 02:43:01
0224D0,4,KIWOOM 미국CPU반도체TOP4+,9327,2,12,0.13,9256.0,,21424,197,93,2026-08-20 02:43:01
139240,2,TIGER 200 철강소재,10990,2,440,4.17,10983.0,-23.8817,17250,188,92,2026-08-20 02:43:01
0084D0,7,KIWOOM 미국테크100월간목표헤지액티브,11510,5,-25,-0.22,11478.0,-5.9143,212,2,92,2026-08-20 02:43:01
341850,7,TIGER 리츠부동산인프라채권,4595,2,10,0.22,4595.0,-0.6341,1171,5,92,2026-08-20 02:43:01
371150,4,RISE 차이나항셍테크,7055,2,90,1.29,7030.0,-10.1633,8113,57,92,2026-08-20 02:43:01
375270,7,RISE 글로벌데이터센터리츠(합성),14110,5,-5,-0.04,14064.0,-13.0315,1172,16,92,2026-08-20 02:43:01
174350,2,TIGER 로우볼,20830,5,-15,-0.07,20887.0,2.1413,815,17,92,2026-08-20 02:43:01
230480,7,KIWOOM 미국달러선물인버스2X,4540,2,25,0.55,4555.0,14.7395,2220,10,91,2026-08-20 02:43:01
0133E0,4,TIGER 차이나증권,8550,2,20,0.23,8617.0,-4.5862,9428,80,90,2026-08-20 02:43:01
381570,2,HANARO Fn친환경에너지,10415,2,310,3.07,10409.0,-22.7742,2087,21,89,2026-08-20 02:43:01
395150,2,KODEX 웹툰&드라마,1844,2,51,2.84,1850.0,-16.6047,5882,10,89,2026-08-20 02:43:01
0216K0,7,KIWOOM 미국우주테크TOP2채권혼합50,8850,5,-65,-0.73,8881.0,,12633,111,89,2026-08-20 02:43:01
497520,4,ACE 일라이릴리밸류체인,13580,2,380,2.88,13697.0,11.2047,1305,17,88,2026-08-20 02:43:01
0219B0,2,KoAct 광통신&위성네트워크액티브,11020,2,120,1.1,11051.0,,10765,118,88,2026-08-20 02:43:01
435540,7,KIWOOM TDF2040액티브 적격,17535,2,70,0.4,17494.0,-3.6366,1595,27,88,2026-08-20 02:43:01
466810,2,BNK 2차전지양극재,5790,2,110,1.94,5770.0,-24.2162,4919,28,87,2026-08-20 02:43:01
215620,2,HK S&P코리아로우볼,16065,2,190,1.2,16044.0,-7.9711,1,0,87,2026-08-20 02:43:01
429980,7,SOL 한국형글로벌전기차&2차전지액티브,17320,2,220,1.29,17242.0,-15.7843,466,7,87,2026-08-20 02:43:01
105010,4,TIGER 라틴35,6155,2,55,0.9,6139.0,-13.6743,2681,16,86,2026-08-20 02:43:01
462340,4,에셋플러스 글로벌다이나믹시니어액티브,17195,2,455,2.72,17079.0,5.283,8,0,86,2026-08-20 02:43:01
0219Z0,4,HANARO 미국S&P500액티브,10655,2,55,0.52,10685.0,,137,1,85,2026-08-20 02:43:01
395280,2,HANARO Fn K-게임,3605,2,80,2.27,3588.0,-12.6395,837,3,85,2026-08-20 02:43:01
217780,4,TIGER 차이나CSI300인버스(합성),5430,2,5,0.09,5437.0,11.168,135,0,84,2026-08-20 02:43:01
457930,2,BNK 미래전략기술액티브,28045,2,860,3.16,28033.0,-15.3248,22,0,84,2026-08-20 02:43:01
270800,2,RISE KQ고배당,15290,2,230,1.53,15282.0,-16.374,31,0,84,2026-08-20 02:43:01
404540,2,TIGER KRX기후변화솔루션,23895,2,905,3.94,23892.0,-14.0594,2166,51,84,2026-08-20 02:43:01
182490,6,TIGER 단기선진하이일드(합성 H),13905,2,5,0.04,13881.0,1.2381,33,0,83,2026-08-20 02:43:01
253280,2,RISE 헬스케어,13830,2,545,4.1,13837.0,-9.5336,2175,29,83,2026-08-20 02:43:01
0215T0,4,HANARO 미국AI광통신TOP10,9180,2,55,0.6,8973.0,,42986,391,83,2026-08-20 02:43:01
0172Y0,2,ACE K수출핵심TOP10산업액티브,9700,2,370,3.97,9757.0,-14.7946,4396,42,82,2026-08-20 02:43:01
395750,2,PLUS ESG가치주액티브,20605,2,900,4.57,20633.0,-10.105,2,0,82,2026-08-20 02:43:01
261110,7,TIGER 미국달러선물레버리지,16220,5,-130,-0.8,16261.0,-13.2626,2152,34,81,2026-08-20 02:43:01
0218K0,2,BNK 스마트카,10805,3,0,0.0,10916.0,,0,0,81,2026-08-20 02:43:01
487920,4,ACE 인도시장대표BIG5그룹액티브,8065,5,-20,-0.25,8071.0,-4.7704,711,5,81,2026-08-20 02:43:01
0184N0,7,PLUS 은채권혼합,8960,2,260,2.99,8931.0,-11.4053,47290,423,81,2026-08-20 02:43:01
0138D0,2,RISE 동학개미,12360,2,395,3.3,12383.0,-27.2424,1578,19,80,2026-08-20 02:43:01
0226D0,7,FOCUS 금융반도체지주채권혼합50액티브,10035,2,185,1.88,10056.0,,1371,13,80,2026-08-20 02:43:01
0082F0,4,HANARO 유럽방산,11330,5,-245,-2.12,11377.0,14.2081,68,0,79,2026-08-20 02:43:01
0166T0,4,PLUS 글로벌저작권핵심기업액티브,9890,2,70,0.71,9959.0,-5.6677,211,2,79,2026-08-20 02:43:01
480460,7,WON 한국부동산TOP3플러스,9260,3,0,0.0,9282.0,-3.9317,786,7,79,2026-08-20 02:43:01
189400,4,PLUS 글로벌MSCI(합성 H),26080,2,265,1.03,26027.0,3.2187,55,1,78,2026-08-20 02:43:01
225800,7,KIWOOM 미국달러선물레버리지,15265,5,-125,-0.81,15303.0,-13.6364,206,3,78,2026-08-20 02:43:01
435530,7,KIWOOM TDF2030액티브 적격,15545,2,65,0.42,15500.0,-3.6481,518,8,78,2026-08-20 02:43:01
256450,4,PLUS 심천차이넥스트(합성),15490,2,415,2.75,15546.0,-17.578,1097,16,77,2026-08-20 02:43:01
494210,4,SOL 미국500타겟데일리커버드콜액티브,11055,2,15,0.14,11031.0,-3.525,1774,19,77,2026-08-20 02:43:01
0094X0,4,1Q 샤오미밸류체인액티브,8465,2,45,0.53,8476.0,-16.0662,757,6,76,2026-08-20 02:43:01
285690,2,FOCUS ESG리더스,21680,2,545,2.58,21612.0,-7.323,102,2,76,2026-08-20 02:43:01
225050,4,TIGER 유로스탁스레버리지(합성 H),16730,5,-120,-0.71,16774.0,21.8806,34,0,75,2026-08-20 02:43:01
438740,2,MIDAS 중소형액티브,33460,2,60,0.18,33585.0,-12.8734,18,0,75,2026-08-20 02:43:01
227570,2,TIGER 우량가치,20855,3,0,0.0,20833.0,-7.1874,313,6,75,2026-08-20 02:43:01
0005C0,6,RISE 미국S&P500엔화노출(합성 H),11430,2,50,0.44,11429.0,-4.0068,1071,12,74,2026-08-20 02:43:01
368680,2,KODEX K-뉴딜디지털플러스,8250,2,365,4.63,8241.0,-11.4404,136,1,74,2026-08-20 02:43:01
390400,4,KODEX 미국스마트모빌리티S&P,7410,2,20,0.27,7463.0,-8.7555,266,1,74,2026-08-20 02:43:01
402460,2,HANARO Fn K-메타버스MZ,14770,2,220,1.51,14809.0,9.2785,80,1,74,2026-08-20 02:43:01
450180,7,KODEX 한중전기차(합성),11320,2,20,0.18,11336.0,-22.9196,13,0,74,2026-08-20 02:43:01
304670,6,KODEX 미국30년국채울트라선물인버스(H),12255,5,-165,-1.33,12265.0,1.4705,315,3,74,2026-08-20 02:43:01
488480,4,RISE 일본섹터TOP4Plus,13250,2,220,1.69,13212.0,-6.445,1072,14,73,2026-08-20 02:43:01
437370,4,RISE 글로벌농업경제,10380,5,-20,-0.19,10451.0,-7.6284,5500,56,73,2026-08-20 02:43:01
326230,2,RISE 내수주플러스,11330,2,175,1.57,11349.0,-6.8865,8,0,73,2026-08-20 02:43:01
139660,7,KIWOOM 미국달러선물인버스,8320,2,30,0.36,8320.0,7.9427,384,3,72,2026-08-20 02:43:01
0184V0,2,UNICORN K바이오액티브,6515,2,160,2.52,6516.0,-26.2762,66188,430,72,2026-08-20 02:43:01
0036Z0,4,RISE 미국천연가스밸류체인,12835,5,-175,-1.35,12762.0,-7.5748,433,5,71,2026-08-20 02:43:01
400590,4,SOL 글로벌탄소배출권선물ICE(합성),14075,5,-165,-1.16,14206.0,1.8962,172,2,70,2026-08-20 02:43:01
0176P0,2,FOCUS AI반도체위클리고정커버드콜,12680,2,515,4.23,12743.0,-6.2593,9480,119,70,2026-08-20 02:43:01
244670,2,KODEX 밸류Plus,11445,2,55,0.48,11429.0,-6.9182,331,3,69,2026-08-20 02:43:01
139290,2,TIGER 200 경기소비재,26300,2,210,0.8,26322.0,-12.7279,324,8,68,2026-08-20 02:43:01
429740,7,PLUS K리츠,6180,2,30,0.49,6175.0,-4.88,180,1,68,2026-08-20 02:43:01
0047N0,4,PLUS 차이나AI테크TOP10,10365,2,175,1.72,10376.0,-11.1209,794,8,67,2026-08-20 02:43:01
456200,6,PLUS 미국달러SOFR금리액티브(합성),60255,5,-245,-0.4,60369.0,-6.4699,1,0,66,2026-08-20 02:43:01
316300,7,ACE 싱가포르리츠,13235,2,25,0.19,13288.0,-5.5898,363,4,66,2026-08-20 02:43:01
315270,2,TIGER 200커뮤니케이션서비스,20515,2,490,2.45,20440.0,-6.483,22811,467,66,2026-08-20 02:43:01
0102X0,4,ACE 유럽방산TOP10,10020,5,-130,-1.28,10081.0,8.5539,6606,66,65,2026-08-20 02:43:01
307510,2,TIGER 의료기기,12835,2,370,2.97,12859.0,-22.1791,4477,57,64,2026-08-20 02:43:01
0087F0,4,ACE 차이나AI빅테크TOP2+액티브,12745,2,160,1.27,12714.0,-4.6952,1627,20,64,2026-08-20 02:43:01
250780,3,TIGER 코스닥150선물인버스,2360,5,-55,-2.28,2354.0,9.7727,178999,422,64,2026-08-20 02:43:01
291890,4,KODEX MSCI EM선물(H),12250,2,230,1.91,12289.0,0.5016,68,0,61,2026-08-20 02:43:01
138920,5,KODEX 콩선물(H),12240,2,125,1.03,12252.0,-1.3035,431,5,61,2026-08-20 02:43:01
219900,4,ACE 중국본토CSI300레버리지(합성),4340,2,100,2.36,4307.0,-22.9091,538,2,61,2026-08-20 02:43:01
0191B0,1,MIDAS 코스닥액티브,30205,2,775,2.63,30059.0,-18.9145,1040,31,60,2026-08-20 02:43:01
289670,6,PLUS 국채선물10년,51985,2,45,0.09,52023.0,0.4156,219,11,60,2026-08-20 02:43:01
0114X0,4,RISE 글로벌게임테크TOP3Plus,8605,5,-25,-0.29,8611.0,0.4656,627,5,60,2026-08-20 02:43:01
469530,3,RISE 미국달러선물인버스,9300,2,5,0.05,9314.0,7.8306,83,0,60,2026-08-20 02:43:01
314700,2,HANARO 농업융복합산업,10765,2,230,2.18,10697.0,-19.0249,64,0,59,2026-08-20 02:43:01
433250,1,UNICORN R&D 액티브,23480,2,410,1.78,23949.0,-11.3886,1,0,59,2026-08-20 02:43:01
0053M0,2,더제이 중소형포커스액티브,13005,2,195,1.52,12998.0,-13.1526,34,0,59,2026-08-20 02:43:01
483020,2,KIWOOM 의료AI,9735,2,210,2.2,9775.0,-15.9312,1032,10,58,2026-08-20 02:43:01
451670,6,RISE 국채30년레버리지(합성),11650,2,100,0.87,11660.0,-16.6968,4317,50,58,2026-08-20 02:43:01
476310,4,RISE 글로벌비만산업TOP2+,10545,2,360,3.53,10618.0,4.3939,5952,62,58,2026-08-20 02:43:01
400580,4,SOL 유럽탄소배출권선물S&P(H),11500,5,-100,-0.86,11577.0,9.2793,178,2,58,2026-08-20 02:43:01
401590,4,HANARO 글로벌탄소배출권선물ICE(합성),11275,5,-135,-1.18,11335.0,1.4673,4,0,58,2026-08-20 02:43:01
470310,2,UNICORN 생성형AI강소기업액티브,19045,2,535,2.89,19034.0,14.5775,2488,47,57,2026-08-20 02:43:01
407300,2,HANARO Fn골프테마,10355,3,0,0.0,10609.0,-17.7006,0,0,57,2026-08-20 02:43:01
413220,4,SOL 차이나태양광CSI(합성),4740,2,55,1.17,4744.0,-29.0152,573,2,57,2026-08-20 02:43:01
483030,4,KIWOOM 미국블록버스터바이오테크의약품+,12585,2,540,4.48,12564.0,6.8431,7011,88,57,2026-08-20 02:43:01
267450,6,RISE 미국장기국채선물인버스(H),11125,3,0,0.0,11030.0,0.3155,0,0,56,2026-08-20 02:43:01
488200,2,KIWOOM K-2차전지북미공급망,12330,2,285,2.37,12331.0,-22.1653,4475,55,55,2026-08-20 02:43:01
432600,6,RISE 국채선물3년,55335,5,-20,-0.04,55335.0,1.1142,1,0,55,2026-08-20 02:43:01
291630,3,KIWOOM 코스닥150선물레버리지,3815,2,180,4.95,3834.0,-47.1273,29093,111,55,2026-08-20 02:43:01
499150,4,SOL 미국S&P500엔화노출(H),11035,2,115,1.05,11035.0,-4.4987,112,1,55,2026-08-20 02:43:01
220130,4,SOL 차이나강소기업CSI500(합성 H),6875,2,55,0.81,6858.0,-6.5754,5181,35,55,2026-08-20 02:43:01
490330,4,KoAct 미국치매&뇌질환치료제액티브,15705,2,400,2.61,15712.0,16.2552,1836,28,55,2026-08-20 02:43:01
321410,7,KODEX 멀티에셋하이인컴(H),10700,2,55,0.52,10689.0,1.811,3,0,54,2026-08-20 02:43:01
474390,6,SOL 국고채30년액티브,39690,2,210,0.53,39681.0,-7.4977,24,0,53,2026-08-20 02:43:01
0174J0,7,DAISHIN 오피스리츠플러스,8850,2,25,0.28,8846.0,-3.5857,7,0,53,2026-08-20 02:43:01
0015E0,7,KIWOOM 엔비디아미국30년국채혼합액티브(H),10605,2,100,0.95,10589.0,-0.8964,339,3,53,2026-08-20 02:43:01
0132D0,7,KoAct 글로벌K컬처밸류체인액티브,9500,2,140,1.5,9593.0,-3.7038,97,0,52,2026-08-20 02:43:01
411860,4,KIWOOM 독일DAX,17375,2,50,0.29,17386.0,-0.9808,30,0,52,2026-08-20 02:43:01
0154H0,4,KoAct 차이나바이오헬스케어액티브,9410,2,565,6.39,9472.0,1.8422,67588,607,52,2026-08-20 02:43:01
0073X0,5,FOCUS 알리바바미국채커버드콜혼합,9400,2,25,0.27,9432.0,-8.8442,233,2,52,2026-08-20 02:43:01
295000,6,RISE 국채선물10년,51360,2,60,0.12,51353.0,0.2932,3,0,51,2026-08-20 02:43:01
0128D0,4,PLUS 차이나항셍테크위클리타겟커버드콜,7175,2,90,1.27,7201.0,-9.8932,1082,7,50,2026-08-20 02:43:01
498610,4,RISE 인도디지털성장,8365,2,50,0.6,8315.0,-0.0185,25,0,50,2026-08-20 02:43:01
0015K0,4,TIGER 미국소비트렌드액티브,7315,2,165,2.31,7270.0,-5.1095,10079,73,50,2026-08-20 02:43:01
0078V0,4,PLUS 미국로보택시,9850,2,250,2.6,9825.0,-15.0067,38,0,49,2026-08-20 02:43:01
391600,4,ACE 미국친환경그린테마,10805,2,170,1.6,10783.0,-16.3258,1174,12,49,2026-08-20 02:43:01
267440,6,RISE 미국장기국채선물(H),8005,2,90,1.14,8154.0,-1.9815,490,3,48,2026-08-20 02:43:01
0131A0,4,SOL 차이나소비트렌드,7940,2,225,2.92,8053.0,-18.0128,2273,18,48,2026-08-20 02:43:01
266550,2,PLUS 중형주저변동50,18615,2,230,1.25,18462.0,-6.5091,1,0,47,2026-08-20 02:43:01
244660,2,KODEX 퀄리티Plus,9305,2,170,1.86,9316.0,-8.0514,1,0,47,2026-08-20 02:43:01
243890,2,TIGER 200에너지화학레버리지,8600,2,125,1.47,8620.0,-24.4653,2820,24,45,2026-08-20 02:43:01
373790,4,KIWOOM 미국방어배당성장나스닥,16020,5,-50,-0.31,16019.0,-1.2386,364,5,45,2026-08-20 02:43:01
488210,2,KIWOOM K-반도체북미공급망,22390,2,1110,5.22,22345.0,-15.6613,792,17,45,2026-08-20 02:43:01
205720,4,ACE 일본TOPIX인버스(합성 H),1470,5,-10,-0.68,1474.0,-5.189,3548,5,44,2026-08-20 02:43:01
252420,3,RISE 200선물인버스2X,81,5,-12,-12.9,81.0,-25.6,2870039,236,43,2026-08-20 02:43:01
227550,2,TIGER 200 산업재,12380,5,-30,-0.24,12412.0,-15.1743,130,1,42,2026-08-20 02:43:01
277650,2,TIGER 코스피중형주,20800,2,295,1.44,20831.0,-15.3036,14,0,42,2026-08-20 02:43:01
226380,2,ACE Fn성장소비주도주,5935,2,135,2.33,5935.0,-7.4222,31,0,42,2026-08-20 02:43:01
0050E0,4,PLUS 미국AI에이전트,8250,2,175,2.17,8200.0,-2.5348,393,3,41,2026-08-20 02:43:01
238670,7,PLUS 스마트베타Quality채권혼합,13560,2,15,0.11,13458.0,4.0322,6301,85,41,2026-08-20 02:43:01
334690,5,RISE 팔라듐선물(H),6065,2,250,4.3,6047.0,-11.4917,1812,11,39,2026-08-20 02:43:01
291680,4,RISE 차이나H선물인버스(H),7700,5,-60,-0.77,7721.0,-0.3852,3,0,39,2026-08-20 02:43:01
225030,4,TIGER 미국S&P500선물인버스(H),2237,5,-13,-0.58,2241.0,-3.4335,1480,3,38,2026-08-20 02:43:01
0079X0,4,ACE BYD밸류체인액티브,10300,2,185,1.83,10209.0,-18.1304,2079,21,36,2026-08-20 02:43:01
267490,6,RISE 미국장기국채선물레버리지(합성 H),5025,2,55,1.11,5121.0,-2.7398,2886,14,35,2026-08-20 02:43:01
427120,2,RISE AI플랫폼,5330,2,135,2.6,5336.0,-14.4856,1655,8,35,2026-08-20 02:43:01
306530,3,HANARO 코스닥150선물레버리지,7600,2,350,4.83,7632.0,-47.8418,11956,91,33,2026-08-20 02:43:01
454180,4,KIWOOM 차이나내수소비TOP CSI,7835,2,55,0.71,7854.0,-9.2114,2501,19,31,2026-08-20 02:43:01
489010,4,PLUS 글로벌AI인프라,20675,5,-275,-1.31,20528.0,-5.1393,124,2,31,2026-08-20 02:43:01
227560,2,TIGER 200 생활소비재,12760,2,200,1.59,12795.0,-4.4704,301,3,31,2026-08-20 02:43:01
476000,2,UNICORN 포스트IPO액티브,5485,2,110,2.05,5528.0,-40.8691,3533,19,30,2026-08-20 02:43:01
145670,3,ACE 인버스,1290,5,-93,-6.72,1294.0,-5.5328,257024,336,28,2026-08-20 02:43:01
280940,5,KODEX 골드선물인버스(H),3335,5,-115,-3.33,3350.0,3.6036,3142,10,27,2026-08-20 02:43:01
252410,3,RISE 200선물인버스,1315,5,-98,-6.94,1316.0,-4.1384,20141,26,26,2026-08-20 02:43:01
491630,4,RISE 미국반도체인버스(합성 H),5370,5,-65,-1.2,5431.0,-15.5401,1494,8,26,2026-08-20 02:43:01
291620,3,KIWOOM 코스닥150선물인버스,4160,5,-125,-2.92,4170.0,9.8717,21654,89,24,2026-08-20 02:43:01
275750,3,RISE 코스닥150선물인버스,2390,5,-65,-2.65,2385.0,9.8434,13207,31,23,2026-08-20 02:43:01
334700,5,RISE 팔라듐선물인버스(H),3305,5,-120,-3.5,3308.0,5.2227,428,1,21,2026-08-20 02:43:01
253230,3,KIWOOM 200선물인버스2X,78,5,-10,-11.36,77.0,-30.1588,2812301,229,21,2026-08-20 02:43:01
465620,4,ACE 미국빅테크TOP7 Plus인버스(합성),6465,5,-35,-0.54,6467.0,3.9168,519,3,16,2026-08-20 02:43:01
253240,3,KIWOOM 200선물인버스,1317,5,-99,-6.99,1320.0,-4.7748,47930,64,16,2026-08-20 02:43:01
306520,3,HANARO 200선물인버스,2400,5,-170,-6.61,2403.0,-4.6383,7126,17,14,2026-08-20 02:43:01
412560,2,TIGER BBIG레버리지,1905,2,109,6.07,1908.0,-26.6939,21687,41,13,2026-08-20 02:43:01
261920,4,ACE MSCI필리핀(합성),12610,5,-110,-0.86,12796.0,-3.1595,87,1,13,2026-08-20 02:43:01
253160,3,PLUS 200선물인버스2X,156,5,-23,-12.85,157.0,-28.4,775407,124,12,2026-08-20 02:43:01
