itemcode,etfTabCode,itemname,nowVal,risefall,changeVal,changeRate,nav,threeMonthEarnRate,quant,amonut,marketSum,collected_at
069500,1,KODEX 200,106150,5,-3830,-3.48,106325.0,-10.4491,9131506,983230,249824,2026-08-24 03:12:46
360750,4,TIGER 미국S&P500,26275,5,-20,-0.08,26268.0,-4.9945,21011841,552840,202725,2026-08-24 03:12:46
133690,4,TIGER 미국나스닥100,178665,5,-1050,-0.58,179118.0,-7.824,2702268,483961,112416,2026-08-24 03:12:46
102110,1,TIGER 200,106390,5,-3835,-3.48,106565.0,-10.3359,5848224,630547,102134,2026-08-24 03:12:46
379800,4,KODEX 미국S&P500,23880,5,-30,-0.13,23876.0,-4.9677,14839970,354689,99711,2026-08-24 03:12:46
396500,2,TIGER 반도체TOP10,34920,5,-1550,-4.25,34966.0,-24.641,6560030,233565,94371,2026-08-24 03:12:46
379810,4,KODEX 미국나스닥100,26710,5,-165,-0.61,26779.0,-7.779,18064932,483858,91722,2026-08-24 03:12:46
488770,7,KODEX 머니마켓액티브,105317,2,12,0.01,105320.0,0.862,396669,41775,82189,2026-08-24 03:12:46
278530,1,KODEX 200TR,38455,5,-1370,-3.44,38513.0,-10.4151,469218,18318,76141,2026-08-24 03:12:46
459580,6,KODEX CD금리액티브(합성),1075530,2,80,0.01,1075705.0,0.7097,378676,407278,66117,2026-08-24 03:12:46
122630,3,KODEX 레버리지,104400,5,-7840,-6.99,104602.0,-34.2319,9956452,1069258,57524,2026-08-24 03:12:46
498400,2,KODEX 200타겟위클리커버드콜,20120,5,-655,-3.15,20159.0,-10.7464,4045061,82503,57241,2026-08-24 03:12:46
381180,4,TIGER 미국필라델피아반도체나스닥,41880,5,-980,-2.29,42208.0,-8.1411,1406064,59254,56496,2026-08-24 03:12:46
0167A0,2,SOL AI반도체TOP2플러스,17070,5,-515,-2.93,17093.0,-9.936,7850164,136208,55537,2026-08-24 03:12:46
091160,2,KODEX 반도체,122855,5,-4210,-3.31,123007.0,-17.9194,916490,114673,54609,2026-08-24 03:12:46
229200,1,KODEX 코스닥150,14055,2,245,1.77,14114.0,-25.7328,17590449,247410,49003,2026-08-24 03:12:46
148020,1,RISE 200,106985,5,-3780,-3.41,107134.0,-10.4681,596585,64606,44506,2026-08-24 03:12:46
458730,4,TIGER 미국배당다우존스,15370,2,80,0.52,15344.0,0.4766,1503127,23113,43343,2026-08-24 03:12:46
310970,1,TIGER MSCI Korea TR,47555,5,-2075,-4.18,47585.0,-9.2605,7328,354,43132,2026-08-24 03:12:46
411060,5,ACE KRX금현물,28895,2,445,1.56,28816.0,-5.7011,1448865,41837,42591,2026-08-24 03:12:46
0162Z0,7,RISE 삼성전자SK하이닉스채권혼합50,13345,5,-370,-2.7,13345.0,0.0641,4657576,62864,41089,2026-08-24 03:12:46
360200,4,ACE 미국S&P500,26555,5,-30,-0.11,26555.0,-5.011,358878,9543,39434,2026-08-24 03:12:46
395160,2,KODEX AI반도체TOP2플러스,38517,5,-1768,-4.39,38561.0,-3.2309,2377589,93323,39403,2026-08-24 03:12:46
381170,4,TIGER 미국테크TOP10 INDXX,30290,5,-135,-0.44,30285.0,-12.0919,117669,3574,37348,2026-08-24 03:12:46
423160,6,KODEX KOFR금리액티브(합성),110855,2,5,0.0,110847.0,0.693,45429,5036,35834,2026-08-24 03:12:46
357870,6,TIGER CD금리투자KIS(합성),57950,2,5,0.01,57948.0,0.7301,93439,5414,35515,2026-08-24 03:12:46
395270,2,HANARO Fn K-반도체,54700,5,-2415,-4.23,54779.0,-5.2191,514785,28726,34680,2026-08-24 03:12:46
367380,4,ACE 미국나스닥100,30715,5,-175,-0.57,30789.0,-7.8062,654925,20152,34155,2026-08-24 03:12:46
233740,3,KODEX 코스닥150레버리지,6995,2,250,3.71,7027.0,-52.7662,61673875,430592,34017,2026-08-24 03:12:46
0043B0,6,TIGER 머니마켓액티브,103440,2,10,0.01,103443.0,0.8728,48926,5061,33869,2026-08-24 03:12:46
273130,6,KODEX 종합채권(AA-이상)액티브,109535,2,140,0.13,109499.0,-1.1655,5641,617,33447,2026-08-24 03:12:46
102780,2,KODEX 삼성그룹,25410,5,-1050,-3.97,25440.0,-4.3384,290366,7466,32855,2026-08-24 03:12:46
455890,6,RISE 머니마켓액티브,55432,2,2,0.0,55436.0,0.8001,43202,2394,30266,2026-08-24 03:12:46
487240,2,KODEX AI전력핵심설비,33390,2,40,0.12,33441.0,-38.5253,1375505,45966,29283,2026-08-24 03:12:46
139260,2,TIGER 200 IT,133135,5,-3565,-2.61,133424.0,-9.9474,119148,16140,26947,2026-08-24 03:12:46
481050,6,KODEX CD1년금리플러스액티브(합성),1023665,2,95,0.01,1023668.0,0.7552,29293,29986,25670,2026-08-24 03:12:46
449170,6,TIGER KOFR금리액티브(합성),111672,2,12,0.01,111672.0,0.658,24281,2711,24368,2026-08-24 03:12:46
426030,4,TIME 미국나스닥100액티브,44915,5,-905,-1.98,45486.0,-14.058,258620,11720,24164,2026-08-24 03:12:46
472150,2,TIGER 배당커버드콜액티브,20310,5,-810,-3.84,20307.0,-8.3412,3786739,77946,23765,2026-08-24 03:12:46
0193T0,2,KODEX SK하이닉스단일종목레버리지,10065,5,-565,-5.32,10086.0,,17993188,193298,23658,2026-08-24 03:12:46
161510,2,PLUS 고배당주,24695,5,-5,-0.02,24692.0,-7.1507,288367,7110,23478,2026-08-24 03:12:46
486290,4,TIGER 미국나스닥100타겟데일리커버드콜,10535,5,-75,-0.71,10555.0,-7.99,864723,9134,23245,2026-08-24 03:12:46
278540,1,KODEX MSCI Korea TR,37855,5,-1650,-4.18,37882.0,-8.7223,6497,250,23205,2026-08-24 03:12:46
456600,4,TIME 글로벌AI인공지능액티브,56795,5,-1400,-2.41,57406.0,-6.9848,56200,3230,20957,2026-08-24 03:12:46
284430,6,KODEX 200미국채혼합50,20715,5,-415,-1.96,20735.0,-8.1151,748879,15654,20234,2026-08-24 03:12:46
292150,2,TIGER 코리아TOP10,37440,5,-1175,-3.04,37456.0,-9.8825,238492,9086,20199,2026-08-24 03:12:46
385540,6,RISE 종합채권(A-이상)액티브,102565,2,55,0.05,102551.0,-0.9757,1050,107,19158,2026-08-24 03:12:46
214980,6,KODEX 단기채권PLUS,114565,2,10,0.01,114573.0,0.6437,11206,1283,18400,2026-08-24 03:12:46
105190,1,ACE 200,106400,5,-3785,-3.44,106572.0,-10.6646,109071,11766,17769,2026-08-24 03:12:46
294400,1,KIWOOM 200TR,139345,5,-4950,-3.43,139599.0,-10.4954,39535,5592,17766,2026-08-24 03:12:46
442580,4,PLUS 글로벌HBM반도체,99240,5,-4360,-4.21,100396.0,0.3924,251812,25461,16980,2026-08-24 03:12:46
305720,2,KODEX 2차전지산업,14530,2,825,6.02,14557.0,-27.5443,2326815,33645,16797,2026-08-24 03:12:46
441640,4,KODEX 미국배당커버드콜액티브,12735,5,-5,-0.04,12723.0,-1.6163,362164,4617,16791,2026-08-24 03:12:46
477080,6,RISE CD금리액티브(합성),107380,3,0,0.0,107387.0,0.7175,4568,490,16658,2026-08-24 03:12:46
329200,2,TIGER 리츠부동산인프라,4105,3,0,0.0,4092.0,0.3904,815425,3339,15451,2026-08-24 03:12:46
446770,4,ACE 글로벌반도체TOP4 Plus,76510,5,-1160,-1.49,76660.0,-7.9855,35248,2716,15417,2026-08-24 03:12:46
368590,4,RISE 미국나스닥100,29805,5,-175,-0.58,29872.0,-7.7133,87909,2629,15320,2026-08-24 03:12:46
0177N0,7,KODEX 삼성전자SK하이닉스채권혼합50,14095,5,-400,-2.76,14093.0,0.1827,3185668,45407,15307,2026-08-24 03:12:46
0193W0,2,KODEX 삼성전자단일종목레버리지,11765,5,-2330,-16.53,11786.0,,8758724,107612,15200,2026-08-24 03:12:46
453850,6,ACE 미국30년국채액티브(H),7150,3,0,0.0,7128.0,-0.9264,320428,2289,15022,2026-08-24 03:12:46
152100,1,PLUS 200,107800,5,-3845,-3.44,107971.0,-10.6077,191639,20902,14823,2026-08-24 03:12:46
379780,4,RISE 미국S&P500,22970,5,-30,-0.13,22963.0,-4.843,71128,1636,14724,2026-08-24 03:12:46
487230,4,KODEX 미국AI전력핵심인프라,19255,5,-310,-1.58,19357.0,-23.8436,442726,8570,14518,2026-08-24 03:12:46
475630,7,TIGER CD1년금리액티브(합성),1075180,2,75,0.01,1075182.0,0.7643,43792,47084,14491,2026-08-24 03:12:46
466920,2,SOL 조선TOP3플러스,27240,2,95,0.35,27243.0,-26.8625,389601,10629,14478,2026-08-24 03:12:46
0195S0,2,TIGER SK하이닉스단일종목레버리지,8520,5,-485,-5.39,8543.0,,8365450,76654,14471,2026-08-24 03:12:46
436140,6,SOL 종합채권(AA-이상)액티브,105800,5,-40,-0.04,105871.0,-0.9268,1322,139,13586,2026-08-24 03:12:46
232080,1,TIGER 코스닥150,14350,2,270,1.92,14393.0,-25.6011,3114643,44769,13394,2026-08-24 03:12:46
091230,2,TIGER 반도체,129800,5,-4200,-3.13,129964.0,-16.8504,58071,7664,13214,2026-08-24 03:12:46
157450,6,TIGER 단기통안채,112480,2,10,0.01,112478.0,0.6217,3688,414,12909,2026-08-24 03:12:46
0072R0,5,TIGER KRX금현물,13770,2,200,1.47,13771.0,-5.9273,1199521,16512,12744,2026-08-24 03:12:46
226490,1,KODEX 코스피,68980,5,-1910,-2.69,69012.0,-11.2543,97333,6795,12727,2026-08-24 03:12:46
448330,1,KODEX 삼성전자채권혼합,17340,5,-405,-2.28,17332.0,1.3513,549907,9583,12676,2026-08-24 03:12:46
390390,4,KODEX 미국반도체,52345,5,-985,-1.85,52635.0,-8.1742,207913,10948,12484,2026-08-24 03:12:46
438080,7,ACE 미국S&P500미국채혼합50액티브,14045,5,-40,-0.28,14042.0,-6.1,251127,3532,12261,2026-08-24 03:12:46
0183J0,4,TIGER 미국우주테크,8050,5,-45,-0.56,8134.0,-42.3228,1059281,8584,11781,2026-08-24 03:12:46
469150,2,ACE AI반도체TOP3+,55855,5,-1920,-3.32,55868.0,-21.1909,200006,11308,10864,2026-08-24 03:12:46
0139F0,6,TIGER 12월자동연장금융채(AA-이상)액티브,102050,3,0,0.0,102059.0,0.7055,0,0,10795,2026-08-24 03:12:46
445290,2,KODEX 로봇액티브,30890,5,-380,-1.22,30890.0,-23.2437,147657,4592,10765,2026-08-24 03:12:46
497570,4,TIGER 미국필라델피아AI반도체나스닥,21150,5,-365,-1.7,21274.0,-6.1619,315362,6710,10681,2026-08-24 03:12:46
494890,1,KODEX 200액티브,30630,5,-1055,-3.33,30667.0,-10.6738,98957,3079,10659,2026-08-24 03:12:46
446720,4,SOL 미국배당다우존스,14090,2,65,0.46,14064.0,0.557,219340,3089,10582,2026-08-24 03:12:46
465580,4,ACE 미국빅테크TOP7 Plus,23875,5,-105,-0.44,23893.0,-7.7515,244590,5857,10362,2026-08-24 03:12:46
479520,6,RISE KOFR금리액티브(합성),106290,2,5,0.0,106299.0,0.6725,1351,143,10318,2026-08-24 03:12:46
449450,2,PLUS K방산,52800,2,480,0.92,52852.0,-24.2069,125005,6608,10291,2026-08-24 03:12:46
356540,6,ACE 종합채권(AA-이상)액티브,100880,2,50,0.05,100886.0,-0.9286,46,4,10182,2026-08-24 03:12:46
449180,4,KODEX 미국S&P500(H),17125,2,50,0.29,17128.0,2.6763,293610,5031,10155,2026-08-24 03:12:46
469830,6,SOL 초단기채권액티브,54330,2,5,0.01,54334.0,0.8259,72974,3964,10086,2026-08-24 03:12:46
451540,6,TIGER 종합채권(AA-이상)액티브,52625,2,35,0.07,52623.0,-1.0909,3213,169,9977,2026-08-24 03:12:46
295040,1,SOL 200TR,39790,5,-1445,-3.5,39872.0,-10.4755,55680,2263,9788,2026-08-24 03:12:46
402970,4,ACE 미국배당다우존스,15600,2,50,0.32,15592.0,0.6353,170203,2658,9750,2026-08-24 03:12:46
494300,4,KODEX 미국나스닥100데일리커버드콜OTM,9105,5,-60,-0.65,9115.0,-11.0529,799704,7299,9724,2026-08-24 03:12:46
455850,2,SOL AI반도체소부장,22925,2,175,0.77,22954.0,-27.2815,810346,18672,9697,2026-08-24 03:12:46
315930,2,KODEX Top5PlusTR,79910,5,-2050,-2.5,79929.0,-10.1218,15525,1254,9669,2026-08-24 03:12:46
479080,6,1Q 머니마켓액티브,53720,3,0,0.0,53721.0,0.8352,18811,1010,9664,2026-08-24 03:12:46
494310,2,KODEX 반도체레버리지,72530,5,-4470,-5.81,72825.0,-49.133,1645476,123307,9646,2026-08-24 03:12:46
237350,1,KODEX 코스피100,84970,5,-2825,-3.22,85001.0,-10.4651,111661,9621,9644,2026-08-24 03:12:46
495050,1,RISE 코리아밸류업,31780,5,-645,-1.99,31804.0,-11.5646,52033,1671,9455,2026-08-24 03:12:46
0117V0,2,TIGER 코리아AI전력기기TOP3플러스,17445,2,45,0.26,17484.0,-36.4835,874214,15252,9272,2026-08-24 03:12:46
438100,7,ACE 미국나스닥100미국채혼합50액티브,15140,5,-80,-0.53,15139.0,-7.3364,227127,3445,9266,2026-08-24 03:12:46
0117L0,6,KODEX 26-12 금융채(AA-이상)액티브,10150,3,0,0.0,10149.0,0.6445,791,8,9219,2026-08-24 03:12:46
0195R0,2,TIGER 삼성전자단일종목레버리지,10705,5,-2140,-16.66,10728.0,,5718227,63746,9123,2026-08-24 03:12:46
305540,2,TIGER 2차전지테마,18365,2,1005,5.79,18399.0,-26.4407,308566,5630,9072,2026-08-24 03:12:46
487340,6,ACE 머니마켓액티브,105770,2,5,0.0,105773.0,0.8486,5693,602,8656,2026-08-24 03:12:46
144600,5,KODEX 은선물(H),11200,5,-20,-0.18,11202.0,-9.2234,548973,6170,8266,2026-08-24 03:12:46
475720,3,RISE 200위클리커버드콜,12670,5,-230,-1.78,12659.0,-10.4082,775172,9931,8197,2026-08-24 03:12:46
153130,6,KODEX 단기채권,113220,2,5,0.0,113234.0,0.6157,16797,1901,8129,2026-08-24 03:12:46
0177R0,2,TIGER 반도체TOP10커버드콜액티브,10925,5,-395,-3.49,10935.0,-14.4623,1126746,12541,7953,2026-08-24 03:12:46
498410,2,KODEX 금융고배당TOP10타겟위클리커버드콜,11430,5,-70,-0.61,11425.0,-0.7568,909016,10338,7898,2026-08-24 03:12:46
457480,4,ACE 테슬라밸류체인액티브,19130,2,590,3.18,19098.0,-23.8761,543780,10452,7882,2026-08-24 03:12:46
476550,6,TIGER 미국30년국채커버드콜액티브(H),6832,2,2,0.03,6812.0,-1.0813,662001,4519,7795,2026-08-24 03:12:46
0025N0,7,TIGER TDF2045 적격,12020,2,20,0.17,12020.0,-4.0,125000,1503,7771,2026-08-24 03:12:46
114800,3,KODEX 인버스,1039,2,36,3.59,1040.0,-6.0862,604198531,619238,7753,2026-08-24 03:12:46
441800,1,TIME Korea플러스배당액티브,28265,5,-800,-2.75,28265.0,-15.2258,104140,2975,7750,2026-08-24 03:12:46
0048J0,6,KODEX 미국머니마켓액티브,13810,5,-70,-0.5,13814.0,-6.966,345912,4779,7702,2026-08-24 03:12:46
481060,6,KODEX 미국30년국채타겟커버드콜(합성 H),7410,5,-5,-0.07,7420.0,-0.421,184750,1368,7658,2026-08-24 03:12:46
371460,4,TIGER 차이나전기차SOLACTIVE,10480,5,-80,-0.76,10534.0,-24.6791,53304,561,7617,2026-08-24 03:12:46
466940,2,TIGER 은행고배당플러스TOP10,25385,5,-160,-0.63,25409.0,2.9035,243156,6148,7616,2026-08-24 03:12:46
490590,4,RISE 미국AI밸류체인데일리고정커버드콜,14045,5,-220,-1.54,14115.0,-7.1573,273662,3862,7570,2026-08-24 03:12:46
272580,6,TIGER 단기채권액티브,57055,5,-5,-0.01,57056.0,0.6615,10206,582,7379,2026-08-24 03:12:46
069660,1,KIWOOM 200,106295,5,-3605,-3.28,106322.0,-10.5457,45161,4864,7334,2026-08-24 03:12:46
0061Z0,6,RISE 단기특수은행채액티브,50965,3,0,0.0,50960.0,0.7213,44,2,7280,2026-08-24 03:12:46
462330,2,KODEX 2차전지산업레버리지,1024,2,109,11.91,1030.0,-54.8149,63350810,64036,7173,2026-08-24 03:12:46
458760,4,TIGER 미국배당다우존스타겟커버드콜2호,11295,2,35,0.31,11276.0,1.0483,143445,1620,7161,2026-08-24 03:12:46
252670,3,KODEX 200선물인버스2X,79,2,5,6.76,79.0,-28.1554,4226910282,325566,7002,2026-08-24 03:12:46
102970,2,KODEX 증권,17925,5,-295,-1.62,17955.0,-33.0595,273241,4904,6964,2026-08-24 03:12:46
456610,6,TIGER 미국달러SOFR금리액티브(합성),59970,5,-185,-0.31,59893.0,-6.9529,42365,2543,6807,2026-08-24 03:12:46
0127P0,4,ACE 미국대형성장주액티브,10500,5,-40,-0.38,10495.0,-7.4116,54292,571,6762,2026-08-24 03:12:46
364980,2,TIGER 2차전지TOP10,10120,2,525,5.47,10138.0,-23.5459,1794947,18059,6730,2026-08-24 03:12:46
495850,1,KODEX 코리아밸류업,31540,5,-820,-2.53,31590.0,-10.8249,123367,3937,6702,2026-08-24 03:12:46
138540,2,TIGER 현대차그룹플러스,50940,2,100,0.2,50987.0,-28.0499,86688,4421,6653,2026-08-24 03:12:46
367760,2,RISE 네트워크인프라,56100,5,-1140,-1.99,56181.0,-11.8164,72925,4148,6592,2026-08-24 03:12:46
385560,6,RISE KIS국고채30년Enhanced,50500,2,95,0.19,50476.0,-10.6691,10945,552,6588,2026-08-24 03:12:46
0167B0,2,SOL 200타겟위클리커버드콜,11715,5,-375,-3.1,11708.0,-10.5863,810744,9608,6584,2026-08-24 03:12:46
290130,2,RISE ESG사회책임투자,46200,5,-1660,-3.47,46233.0,-9.3647,31374,1472,6514,2026-08-24 03:12:46
314250,4,KODEX 미국빅테크10(H),61460,5,-40,-0.07,61600.0,5.5932,32615,2008,6502,2026-08-24 03:12:46
0219E0,2,KODEX 200커버드콜액티브,8390,5,-320,-3.67,8382.0,,4331145,36884,6444,2026-08-24 03:12:46
482730,4,TIGER 미국S&P500타겟데일리커버드콜,11880,5,-10,-0.08,11875.0,-5.2367,284308,3381,6415,2026-08-24 03:12:46
434730,2,HANARO 원자력iSelect,53920,5,-65,-0.12,54001.0,-32.1754,80562,4356,6363,2026-08-24 03:12:46
434060,7,KODEX TDF2050액티브 적격,16840,5,-10,-0.06,16761.0,-7.3154,56377,950,6307,2026-08-24 03:12:46
418660,4,TIGER 미국나스닥100레버리지(합성),39405,5,-435,-1.09,39548.0,-17.2758,96256,3817,6246,2026-08-24 03:12:46
491010,4,TIGER 글로벌AI전력인프라액티브,24535,5,-530,-2.11,24715.0,-22.0131,40361,998,6193,2026-08-24 03:12:46
329750,6,TIGER 미국달러단기채권액티브,13055,5,-50,-0.38,13047.0,-7.1556,188276,2457,6183,2026-08-24 03:12:46
0148J0,2,TIGER 코리아휴머노이드로봇산업,9090,5,-50,-0.55,9106.0,-31.5869,1941140,17758,6145,2026-08-24 03:12:46
489250,4,KODEX 미국배당다우존스,13205,2,50,0.38,13195.0,0.5619,548899,7253,6048,2026-08-24 03:12:46
484790,6,KODEX 미국30년국채액티브(H),8245,5,-5,-0.06,8226.0,-0.5741,388618,3202,5974,2026-08-24 03:12:46
251600,7,PLUS 고배당주채권혼합,15300,2,25,0.16,15294.0,-2.7623,90514,1383,5906,2026-08-24 03:12:46
0015B0,4,KoAct 미국나스닥성장기업액티브,17915,5,-375,-2.05,18198.0,-19.9212,113885,2057,5894,2026-08-24 03:12:46
0101N0,2,RISE AI전력인프라,18390,2,245,1.35,18411.0,-31.8114,137781,2516,5793,2026-08-24 03:12:46
488080,3,TIGER 반도체TOP10레버리지,31820,5,-2995,-8.6,31942.0,-57.7745,3071505,101761,5728,2026-08-24 03:12:46
371160,4,TIGER 차이나항셍테크,6940,5,-270,-3.74,6921.0,-8.8402,225542,1588,5680,2026-08-24 03:12:46
466950,4,TIGER 글로벌AI액티브,29865,5,-760,-2.48,30166.0,-16.6327,38549,1160,5630,2026-08-24 03:12:46
449190,4,KODEX 미국나스닥100(H),22005,5,-35,-0.16,22057.0,-0.3759,102616,2264,5611,2026-08-24 03:12:46
477050,6,PLUS 머니마켓액티브,53480,3,0,0.0,53481.0,0.8675,5280,282,5582,2026-08-24 03:12:46
494670,2,TIGER 조선TOP10,21580,2,130,0.61,21595.0,-26.5411,180789,3903,5557,2026-08-24 03:12:46
0019K0,7,TIME 미국나스닥100채권혼합50액티브,13085,5,-150,-1.13,13183.0,-5.2952,198343,2608,5548,2026-08-24 03:12:46
423920,4,TIGER 미국필라델피아반도체레버리지(합성),80765,5,-3735,-4.42,81801.0,-25.1015,16843,1378,5532,2026-08-24 03:12:46
0007F0,6,KODEX 27-12 회사채(AA-이상)액티브,10180,5,-5,-0.05,10182.0,0.5429,59290,603,5525,2026-08-24 03:12:46
396520,4,TIGER 차이나반도체FACTSET,13185,5,-645,-4.66,13216.0,-12.772,409413,5543,5443,2026-08-24 03:12:46
491620,4,RISE 미국테크100데일리고정커버드콜,10580,5,-45,-0.42,10604.0,-6.9346,289674,3074,5406,2026-08-24 03:12:46
455030,6,KODEX 미국달러SOFR금리액티브(합성),11885,5,-15,-0.13,11871.0,-7.3516,82901,985,5397,2026-08-24 03:12:46
438330,6,TIGER 우량회사채액티브,115540,2,75,0.06,115565.0,0.6845,6036,697,5371,2026-08-24 03:12:46
277630,1,TIGER 코스피,70020,5,-1850,-2.57,70030.0,-11.2204,9751,690,5357,2026-08-24 03:12:46
365780,6,ACE 국고채10년,82400,2,230,0.28,82315.0,-0.4543,2841,233,5304,2026-08-24 03:12:46
0105E0,2,SOL 코리아고배당,12705,5,-45,-0.35,12711.0,-5.6535,188884,2394,5273,2026-08-24 03:12:46
462010,2,TIGER 2차전지소재Fn,4835,2,320,7.09,4836.0,-35.5,3878914,18589,5236,2026-08-24 03:12:46
0190C0,2,RISE 현대차고정피지컬AI,8540,2,15,0.18,8540.0,-29.8643,395048,3380,5141,2026-08-24 03:12:46
463250,2,TIGER K방산&우주,34045,2,425,1.26,34085.0,-23.4518,121116,4106,5141,2026-08-24 03:12:46
114260,6,KODEX 국고채3년,61790,2,15,0.02,61785.0,0.8324,3111,192,5115,2026-08-24 03:12:46
496080,1,TIGER 코리아밸류업,31640,5,-675,-2.09,31673.0,-11.5962,103686,3327,5094,2026-08-24 03:12:46
444200,2,SOL 코리아메가테크액티브,44835,5,-1370,-2.97,44860.0,-18.8604,29379,1332,5089,2026-08-24 03:12:46
0091P0,2,TIGER 코리아원자력,15015,5,-210,-1.38,15036.0,-31.202,357387,5384,5068,2026-08-24 03:12:46
315960,2,RISE 대형고배당10TR,76450,5,-3020,-3.8,76489.0,-11.528,46218,3585,5046,2026-08-24 03:12:46
251350,4,KODEX MSCI선진국,39230,5,-50,-0.13,39205.0,-4.0526,17056,669,5021,2026-08-24 03:12:46
435420,7,TIGER 미국나스닥100채권혼합50,13985,5,-40,-0.29,13994.0,-3.5627,153282,2143,4958,2026-08-24 03:12:46
361580,1,RISE 200TR,60390,5,-2145,-3.43,60474.0,-10.5621,21838,1337,4831,2026-08-24 03:12:46
476800,7,KODEX 한국부동산리츠인프라,4220,2,5,0.12,4240.0,-3.5112,233291,981,4828,2026-08-24 03:12:46
499660,7,TIGER CD금리플러스액티브(합성),1002162,2,72,0.01,1002162.0,0.7574,6700,6714,4796,2026-08-24 03:12:46
490490,7,SOL 미국배당미국채혼합50,11210,5,-10,-0.09,11199.0,-3.4873,87515,981,4764,2026-08-24 03:12:46
243880,2,TIGER 200IT레버리지,314040,5,-14050,-4.28,314128.0,-41.7589,82000,26637,4711,2026-08-24 03:12:46
471230,6,KODEX 국고채10년액티브,103770,2,295,0.29,103714.0,-0.4905,2673,277,4683,2026-08-24 03:12:46
448290,4,TIGER 미국S&P500(H),17755,2,45,0.25,17761.0,2.6078,66360,1179,4590,2026-08-24 03:12:46
483280,4,KODEX 미국AI테크TOP10타겟커버드콜,11550,5,-10,-0.09,11560.0,-12.0414,91450,1059,4562,2026-08-24 03:12:46
473290,6,KODEX 26-12 회사채(AA-이상)액티브,10875,2,10,0.09,10875.0,0.4158,25461,276,4512,2026-08-24 03:12:46
451000,6,PLUS 종합채권(AA-이상)액티브,106845,5,-60,-0.06,106893.0,-1.0368,9,0,4499,2026-08-24 03:12:46
0163Y0,1,KoAct 코스닥액티브,8685,2,120,1.4,8692.0,-30.5635,378251,3284,4473,2026-08-24 03:12:46
447770,7,TIGER 테슬라채권혼합Fn,13850,2,195,1.43,13850.0,-7.0653,128945,1787,4432,2026-08-24 03:12:46
293180,1,HANARO 200,106500,5,-3780,-3.43,106612.0,-10.3806,4891,530,4367,2026-08-24 03:12:46
451060,1,1Q 200액티브,34050,5,-1150,-3.27,34087.0,-11.1189,23573,813,4290,2026-08-24 03:12:46
0016X0,6,SOL 중단기회사채(A-이상)액티브,51455,2,10,0.02,51445.0,0.8428,94,4,4249,2026-08-24 03:12:46
148070,6,KIWOOM 국고채10년,104460,2,335,0.32,104331.0,-0.5112,3454,360,4231,2026-08-24 03:12:46
0023A0,4,SOL 미국양자컴퓨팅TOP10,25010,2,625,2.56,25232.0,-22.3779,77921,1962,4189,2026-08-24 03:12:46
474220,4,TIGER 미국테크TOP10타겟커버드콜,14720,5,-45,-0.3,14691.0,-9.8215,46608,686,4158,2026-08-24 03:12:46
091180,2,KODEX 자동차,28825,5,-60,-0.21,28863.0,-23.9451,76793,2215,4079,2026-08-24 03:12:46
480260,6,TIGER 27-04회사채(A+이상)액티브,53780,2,5,0.01,53781.0,0.5798,1072,57,4052,2026-08-24 03:12:46
0162M0,6,KODEX 금융채1~2년(AA-이상)PLUS액티브,10065,2,25,0.25,10061.0,0.6012,2401,24,3950,2026-08-24 03:12:46
0060H0,1,TIGER 토탈월드스탁액티브,12740,5,-40,-0.31,12744.0,-4.1447,47550,606,3949,2026-08-24 03:12:46
241180,4,TIGER 일본니케이225,34550,2,10,0.03,34580.0,-1.6095,12442,430,3925,2026-08-24 03:12:46
426020,4,TIME 미국S&P500액티브,31555,5,-165,-0.52,31667.0,-7.7639,41811,1324,3894,2026-08-24 03:12:46
385720,1,TIME 코스피액티브,25065,5,-560,-2.19,25083.0,-13.5751,39914,1012,3885,2026-08-24 03:12:46
462900,2,KoAct 바이오헬스케어액티브,14785,2,675,4.78,14743.0,-19.6698,787443,11451,3881,2026-08-24 03:12:46
0173Y0,4,KODEX 미국AI광통신네트워크,10835,5,-505,-4.45,11090.0,-21.0167,394874,4340,3830,2026-08-24 03:12:46
458250,6,TIGER 미국30년국채스트립액티브(합성 H),34255,2,10,0.03,34170.0,-2.6163,19937,681,3824,2026-08-24 03:12:46
0131V0,4,1Q 미국우주항공테크,11770,5,-20,-0.17,11830.0,-18.125,21559,254,3819,2026-08-24 03:12:46
469070,2,RISE AI&로봇,11200,5,-10,-0.09,11208.0,-27.2787,157506,1772,3752,2026-08-24 03:12:46
471990,2,KODEX AI반도체핵심장비,22735,2,200,0.89,22729.0,-27.0723,549635,12554,3740,2026-08-24 03:12:46
496020,6,WON 전단채플러스액티브,52415,5,-5,-0.01,52423.0,0.9144,4020,210,3712,2026-08-24 03:12:46
439870,6,KODEX 국고채30년액티브,85380,5,-55,-0.06,85522.0,-8.5132,4806,410,3707,2026-08-24 03:12:46
0167Z0,4,KODEX 미국우주항공,8175,5,-10,-0.12,8250.0,-36.1094,660795,5423,3703,2026-08-24 03:12:46
132030,5,KODEX 골드선물(H),26030,2,435,1.7,26036.0,-0.2534,225586,5863,3696,2026-08-24 03:12:46
439860,6,KODEX ESG종합채권(A-이상)액티브,113525,5,-40,-0.04,113530.0,0.4111,7,0,3633,2026-08-24 03:12:46
484880,2,SOL 금융지주플러스고배당,21485,5,-155,-0.72,21538.0,2.6866,185515,3971,3609,2026-08-24 03:12:46
0040Y0,7,SOL 팔란티어커버드콜OTM채권혼합,8210,2,30,0.37,8221.0,-0.2372,219096,1802,3584,2026-08-24 03:12:46
476760,6,ACE 미국30년국채액티브,8915,5,-35,-0.39,8881.0,-8.6431,247191,2204,3548,2026-08-24 03:12:46
310960,1,TIGER 200TR,62175,5,-2055,-3.2,62256.0,-10.4434,95064,5999,3482,2026-08-24 03:12:46
0043Y0,4,TIME 차이나AI테크액티브,19650,5,-530,-2.63,19694.0,-5.8769,45319,909,3478,2026-08-24 03:12:46
453810,4,KODEX 인도Nifty50,11785,5,-10,-0.08,11797.0,-4.9478,39613,467,3477,2026-08-24 03:12:46
0080G0,2,KODEX 방산TOP10,10340,2,140,1.37,10345.0,-22.5649,951423,9794,3464,2026-08-24 03:12:46
448300,4,TIGER 미국나스닥100(H),22730,5,-40,-0.18,22779.0,-0.3202,48971,1115,3455,2026-08-24 03:12:46
385550,6,RISE 단기채권알파액티브,114065,2,5,0.0,114057.0,0.6796,908,103,3444,2026-08-24 03:12:46
0046A0,6,TIGER 미국초단기(3개월이하)국채,9555,5,-45,-0.47,9561.0,-7.2875,337835,3232,3439,2026-08-24 03:12:46
0144L0,4,KODEX 미국성장커버드콜액티브,9530,5,-55,-0.57,9540.0,-8.2755,144198,1377,3421,2026-08-24 03:12:46
0026S0,4,1Q 미국S&P500,12850,5,-20,-0.16,12851.0,-5.018,38983,501,3380,2026-08-24 03:12:46
279530,2,KODEX 고배당주,17235,5,-65,-0.38,17256.0,-4.4788,108130,1862,3361,2026-08-24 03:12:46
0052D0,2,TIGER 코리아배당다우존스,15155,5,-80,-0.53,15159.0,-6.3191,37014,559,3349,2026-08-24 03:12:46
0182R0,2,1Q K반도체TOP2+,10200,5,-425,-4.0,10208.0,-24.5116,1419491,14771,3346,2026-08-24 03:12:46
456880,7,ACE 미국달러SOFR금리(합성),12125,5,-45,-0.37,12124.0,-7.1701,29217,354,3344,2026-08-24 03:12:46
474590,2,WON 반도체밸류체인액티브,42000,5,-780,-1.82,42010.0,-9.861,16192,689,3339,2026-08-24 03:12:46
442570,7,RISE TDF2050액티브 적격,17400,5,-100,-0.57,17266.0,-4.5851,96828,1687,3332,2026-08-24 03:12:46
472170,7,TIGER 미국테크TOP10채권혼합,13770,5,-50,-0.36,13774.0,-5.8263,55562,765,3325,2026-08-24 03:12:46
448630,7,RISE 삼성그룹Top3채권혼합,15310,5,-40,-0.26,15265.0,0.821,103894,1591,3261,2026-08-24 03:12:46
0052S0,7,1Q 미국S&P500미국채혼합50액티브,11560,5,-20,-0.17,11560.0,-6.2549,90991,1052,3225,2026-08-24 03:12:46
270810,1,RISE 코스닥150,14025,2,260,1.89,14046.0,-25.3323,69352,970,3198,2026-08-24 03:12:46
0119H0,6,KODEX 28-12 회사채(AA-이상)액티브,9930,3,0,0.0,9921.0,0.6079,3297,32,3194,2026-08-24 03:12:46
385510,2,KODEX 신재생에너지액티브,37110,2,975,2.7,37204.0,-29.835,44743,1656,3117,2026-08-24 03:12:46
302450,1,RISE 코스피,69675,5,-2140,-2.98,69577.0,-11.2184,15932,1124,3066,2026-08-24 03:12:46
0210A0,2,ACE K반도체TOP2+,6930,5,-215,-3.01,6936.0,,1602883,11277,3053,2026-08-24 03:12:46
0111P0,7,1Q 미국나스닥100미국채혼합50액티브,10745,5,-55,-0.51,10760.0,-7.5601,74378,801,3030,2026-08-24 03:12:46
0008S0,4,TIGER 미국배당다우존스타겟데일리커버드콜,10200,2,50,0.49,10180.0,0.3508,182177,1859,2968,2026-08-24 03:12:46
489030,2,PLUS 고배당주위클리커버드콜,6445,2,85,1.34,6457.0,-10.3764,172346,1106,2961,2026-08-24 03:12:46
485540,4,KODEX 미국AI테크TOP10,14820,5,-35,-0.24,14831.0,-12.1128,57796,859,2957,2026-08-24 03:12:46
190620,6,ACE 단기통안채,101940,2,10,0.01,101939.0,0.6517,3183,324,2951,2026-08-24 03:12:46
433330,4,SOL 미국S&P500,21955,5,-30,-0.14,21955.0,-4.9907,42664,938,2942,2026-08-24 03:12:46
0228G0,2,ACE 반도체Plus전략산업,10035,5,-275,-2.67,10061.0,,378275,3854,2910,2026-08-24 03:12:46
475080,7,KODEX 테슬라커버드콜채권혼합액티브,7975,2,65,0.82,7977.0,-6.014,90884,726,2907,2026-08-24 03:12:46
453870,4,TIGER 인도니프티50,11600,2,25,0.22,11568.0,-5.6973,22701,263,2906,2026-08-24 03:12:46
454780,6,KIWOOM 종합채권(AA-이상)액티브,99190,3,0,0.0,99168.0,-1.2003,3,0,2891,2026-08-24 03:12:46
136340,6,RISE 중기우량회사채,104225,3,0,0.0,104239.0,0.6353,64,6,2868,2026-08-24 03:12:46
364970,2,TIGER 바이오TOP10,7745,2,55,0.72,7756.0,4.7683,504811,3903,2854,2026-08-24 03:12:46
461490,7,RISE 글로벌자산배분액티브,14740,2,40,0.27,14759.0,-2.8421,46616,688,2837,2026-08-24 03:12:46
0038A0,4,KODEX 미국휴머노이드로봇,14930,5,-50,-0.33,14938.0,-17.3412,115815,1734,2837,2026-08-24 03:12:46
441680,7,TIGER 미국나스닥100커버드콜(합성),10785,5,-5,-0.05,10805.0,-4.1716,27672,298,2836,2026-08-24 03:12:46
475300,2,SOL 반도체전공정,20475,2,135,0.66,20538.0,-14.9488,744743,15304,2836,2026-08-24 03:12:46
483320,4,ACE 엔비디아밸류체인액티브,23860,5,-680,-2.77,23985.0,-7.0631,275707,6645,2815,2026-08-24 03:12:46
273140,6,KODEX 단기변동금리부채권액티브,114595,5,-5,0.0,114602.0,0.5817,2445,280,2804,2026-08-24 03:12:46
481190,4,SOL 미국테크TOP10,16445,5,-85,-0.51,16440.0,-11.793,30832,508,2804,2026-08-24 03:12:46
473330,6,SOL 미국30년국채커버드콜(합성),8005,5,-35,-0.44,8009.0,-8.7323,155146,1242,2794,2026-08-24 03:12:46
0094K0,6,TIGER 28-04 회사채(A+이상)액티브,99625,2,40,0.04,99579.0,0.8302,8509,847,2765,2026-08-24 03:12:46
091170,2,KODEX 은행,15530,5,-60,-0.38,15554.0,5.4629,295440,4566,2702,2026-08-24 03:12:46
307520,2,TIGER 지주회사,21200,5,-30,-0.14,21242.0,-16.1402,121321,2581,2682,2026-08-24 03:12:46
497880,6,SOL CD금리&머니마켓액티브,50147,2,2,0.0,50148.0,0.8624,43053,2159,2675,2026-08-24 03:12:46
196230,6,RISE 단기통안채,116865,2,40,0.03,116880.0,0.5811,748,87,2646,2026-08-24 03:12:46
123320,3,TIGER 레버리지,105205,5,-7985,-7.05,105201.0,-33.3863,92203,10026,2630,2026-08-24 03:12:46
213610,2,KODEX 삼성그룹밸류,21890,5,-795,-3.5,21887.0,-3.2417,6353,140,2605,2026-08-24 03:12:46
471780,2,TIGER 코리아테크액티브,33900,5,-450,-1.31,33914.0,-16.0147,38963,1338,2597,2026-08-24 03:12:46
0162Y0,1,TIME 코스닥액티브,7255,2,115,1.61,7254.0,-33.8889,306064,2209,2547,2026-08-24 03:12:46
423170,4,SOL 글로벌AI반도체탑픽액티브,56315,5,-1815,-3.12,56604.0,-6.2117,6615,377,2545,2026-08-24 03:12:46
471040,4,KoAct 글로벌AI&로봇액티브,27800,5,-455,-1.61,28044.0,-18.22,8522,238,2544,2026-08-24 03:12:46
409820,4,KODEX 미국나스닥100레버리지(합성 H),19660,5,-75,-0.38,19750.0,-2.7114,26186,516,2536,2026-08-24 03:12:46
0053L0,4,TIGER 차이나휴머노이드로봇,9565,5,-340,-3.43,9530.0,-27.7695,508414,4959,2525,2026-08-24 03:12:46
478150,4,TIME 글로벌우주테크&방산액티브,19870,5,-100,-0.5,19914.0,-14.4754,37717,750,2523,2026-08-24 03:12:46
472920,6,HK 종합채권(AA-이상)액티브,97705,5,-100,-0.1,97730.0,-0.8817,2,0,2520,2026-08-24 03:12:46
283580,4,KODEX 차이나CSI300,15125,5,-280,-1.82,15118.0,-9.4389,31779,483,2518,2026-08-24 03:12:46
0183V0,7,KIWOOM 삼성전자&SK하이닉스채권혼합50,11705,5,-300,-2.5,11708.0,-0.0622,546623,6473,2493,2026-08-24 03:12:46
0098F0,2,KODEX 원자력SMR,14260,5,-210,-1.45,14278.0,-29.0339,129153,1847,2488,2026-08-24 03:12:46
421320,2,PLUS 우주항공,26820,2,5,0.02,26855.0,-39.9239,20972,564,2481,2026-08-24 03:12:46
495230,1,KoAct 코리아밸류업액티브,30425,5,-715,-2.3,30465.0,-14.6547,19770,609,2449,2026-08-24 03:12:46
228790,2,TIGER 화장품,4715,2,170,3.74,4717.0,26.25,5575206,26117,2444,2026-08-24 03:12:46
483340,4,ACE 구글밸류체인액티브,21540,5,-435,-1.98,21702.0,-13.7898,133924,2908,2434,2026-08-24 03:12:46
139230,2,TIGER 200 중공업,12415,2,80,0.65,12443.0,-30.336,28410,352,2431,2026-08-24 03:12:46
261260,7,KODEX 미국달러선물인버스2X,5345,2,45,0.85,5343.0,16.9977,203143,1083,2416,2026-08-24 03:12:46
245710,4,ACE 베트남VN30(합성),28580,2,380,1.35,28939.0,-12.4088,14109,402,2401,2026-08-24 03:12:46
363580,2,KODEX 200IT TR,53845,5,-1260,-2.29,53904.0,-8.9475,51735,2835,2369,2026-08-24 03:12:46
363570,6,KODEX 장기종합채권(AA-이상)액티브,85665,2,115,0.13,85746.0,-3.4425,143,12,2366,2026-08-24 03:12:46
493810,4,TIGER 미국AI빅테크10타겟데일리커버드콜,11220,5,-40,-0.36,11206.0,-10.1176,66423,746,2345,2026-08-24 03:12:46
0182S0,7,1Q K반도체TOP2채권혼합50,12350,5,-340,-2.68,12363.0,-1.5134,183336,2292,2328,2026-08-24 03:12:46
329650,7,KODEX TRF3070,14070,2,40,0.29,14101.0,-2.4299,18188,255,2322,2026-08-24 03:12:46
448540,7,ACE 엔비디아채권혼합,26335,5,-75,-0.28,26264.0,-2.6719,11646,306,2317,2026-08-24 03:12:46
472160,4,TIGER 미국테크TOP10 INDXX(H),18465,3,0,0.0,18460.0,-5.2105,13926,257,2308,2026-08-24 03:12:46
388420,2,RISE 비메모리반도체액티브,25855,5,-400,-1.52,25879.0,-24.4879,23020,604,2306,2026-08-24 03:12:46
452360,4,SOL 미국배당다우존스(H),13750,2,115,0.84,13733.0,8.754,95368,1310,2296,2026-08-24 03:12:46
488980,6,SOL 26-12 회사채(AA-이상)액티브,52090,2,10,0.02,52090.0,0.6863,177,9,2295,2026-08-24 03:12:46
437080,6,KODEX 미국종합채권ESG액티브(H),97065,5,-85,-0.09,97110.0,-0.2392,3591,348,2286,2026-08-24 03:12:46
0092C0,6,SOL 27-12 회사채(AA-이상)액티브,50250,3,0,0.0,50243.0,0.7417,76,3,2278,2026-08-24 03:12:46
486450,4,SOL 미국AI전력인프라,19555,5,-105,-0.53,19568.0,-18.7268,21308,418,2268,2026-08-24 03:12:46
157500,2,TIGER 증권,12190,5,-210,-1.69,12205.0,-32.3747,118365,1444,2258,2026-08-24 03:12:46
244580,2,KODEX 바이오,8695,2,400,4.82,8669.0,-20.4698,502021,4296,2247,2026-08-24 03:12:46
458260,6,TIGER 미국투자등급회사채액티브(H),46380,2,5,0.01,46288.0,-0.7482,993,46,2245,2026-08-24 03:12:46
463050,2,TIME K바이오액티브,13260,2,530,4.16,13283.0,-17.0685,229565,3000,2234,2026-08-24 03:12:46
498270,4,KIWOOM 미국양자컴퓨팅,14925,2,265,1.81,15005.0,-7.2649,34588,518,2231,2026-08-24 03:12:46
442320,4,RISE 글로벌원자력,34900,2,335,0.97,34990.0,-23.2118,5840,204,2195,2026-08-24 03:12:46
0094M0,2,RISE 코리아밸류업위클리고정커버드콜,17555,5,-235,-1.32,17554.0,-9.2215,248710,4397,2177,2026-08-24 03:12:46
305080,6,TIGER 미국채10년선물,12280,5,-75,-0.61,12282.0,-7.936,44740,549,2174,2026-08-24 03:12:46
0104N0,2,TIGER 200타겟위클리커버드콜,20570,5,-630,-2.97,20553.0,-10.6377,33216,691,2160,2026-08-24 03:12:46
466930,2,SOL 자동차TOP3플러스,26225,5,-235,-0.89,26243.0,-19.5134,83924,2207,2150,2026-08-24 03:12:46
0089D0,2,KODEX 금융고배당TOP10,12840,5,-150,-1.15,12853.0,0.4744,73872,946,2144,2026-08-24 03:12:46
0204D0,2,KODEX 현대차로보틱스밸류체인TOP3플러스,6550,2,5,0.08,6547.0,,388151,2550,2132,2026-08-24 03:12:46
422420,2,RISE 2차전지액티브,6580,2,350,5.62,6588.0,-34.0858,129482,850,2116,2026-08-24 03:12:46
414780,4,TIGER 차이나과창판STAR50(합성),13430,5,-500,-3.59,13480.0,-14.4612,60595,828,2102,2026-08-24 03:12:46
394670,4,TIGER 글로벌리튬&2차전지SOLACTIVE(합성),11730,2,255,2.22,11848.0,-17.3271,31977,375,2079,2026-08-24 03:12:46
490090,4,TIGER 미국AI빅테크10,15632,5,-53,-0.34,15609.0,-9.5184,18172,284,2071,2026-08-24 03:12:46
266160,2,RISE 고배당,32325,5,-855,-2.58,32312.0,-8.5774,20163,658,2069,2026-08-24 03:12:46
495060,1,TIME 코리아밸류업액티브,28000,5,-565,-1.98,28035.0,-16.9985,46376,1319,2044,2026-08-24 03:12:46
332930,1,HANARO 200TR,140020,5,-4400,-3.05,139621.0,-10.39,773,110,2030,2026-08-24 03:12:46
267770,3,TIGER 200선물레버리지,79955,5,-6170,-7.16,79990.0,-34.0039,62365,5181,1999,2026-08-24 03:12:46
0151S0,4,KODEX 미국AI반도체TOP3플러스,14535,5,-355,-2.38,14640.0,-10.7222,121874,1782,1999,2026-08-24 03:12:46
0115D0,2,KODEX 조선TOP10,7590,2,10,0.13,7592.0,-26.0488,787818,5995,1954,2026-08-24 03:12:46
433500,2,ACE 원자력TOP10,50050,5,-535,-1.06,50084.0,-34.416,28413,1425,1952,2026-08-24 03:12:46
0005A0,4,KODEX 미국S&P500데일리커버드콜OTM,9520,5,-35,-0.37,9495.0,-5.2858,120252,1147,1952,2026-08-24 03:12:46
302190,6,TIGER 중장기국채,50030,2,50,0.1,50012.0,0.1402,631,31,1941,2026-08-24 03:12:46
0047A0,4,TIGER 차이나테크TOP10,12800,5,-575,-4.3,12716.0,-9.1681,76578,1010,1939,2026-08-24 03:12:46
0192Z0,6,TIGER 중기종합채권(A-이상)액티브,100870,5,-5,0.0,100889.0,0.875,172,17,1927,2026-08-24 03:12:46
429000,4,TIGER 미국S&P500배당귀족,13740,2,20,0.15,13704.0,1.4573,56664,778,1917,2026-08-24 03:12:46
0091C0,6,KODEX 미국10년국채액티브(H),9575,5,-10,-0.1,9567.0,-0.2096,62766,600,1906,2026-08-24 03:12:46
0069M0,4,1Q 미국나스닥100,13370,5,-80,-0.59,13403.0,-7.8449,31481,422,1899,2026-08-24 03:12:46
433980,7,KODEX TDF2040액티브 적격,15890,3,0,0.0,15824.0,-3.4402,22342,355,1891,2026-08-24 03:12:46
495550,1,SOL 코리아밸류업TR,32270,5,-675,-2.05,32305.0,-11.7939,9809,320,1888,2026-08-24 03:12:46
486830,6,HANARO 머니마켓액티브,53250,2,5,0.01,53253.0,0.8046,613,32,1869,2026-08-24 03:12:46
480040,4,ACE 미국반도체데일리타겟커버드콜(합성),14465,5,-235,-1.6,14529.0,-15.3484,116151,1690,1852,2026-08-24 03:12:46
122090,1,PLUS 코스피50,80100,5,-2710,-3.27,80173.0,-9.9961,13956,1139,1850,2026-08-24 03:12:46
0082V0,7,KODEX TDF2060액티브 적격,11240,5,-10,-0.09,11219.0,-7.3163,35106,394,1849,2026-08-24 03:12:46
483290,4,KODEX 미국배당다우존스타겟커버드콜,10590,2,10,0.09,10575.0,0.9537,128508,1359,1821,2026-08-24 03:12:46
463290,6,1Q 단기금융채액티브,109195,2,10,0.01,109191.0,0.7381,1415,154,1807,2026-08-24 03:12:46
473460,4,KODEX 미국서학개미,23245,2,25,0.11,23353.0,-14.4937,12150,284,1778,2026-08-24 03:12:46
117700,2,KODEX 건설,6175,5,-60,-0.96,6186.0,-23.8825,353775,2194,1760,2026-08-24 03:12:46
494330,2,ACE 라이프자산주주가치액티브,32760,5,-20,-0.06,32772.0,5.8052,7175,234,1753,2026-08-24 03:12:46
0040X0,7,SOL 팔란티어미국채커버드콜혼합,9600,2,25,0.26,9606.0,1.0528,174123,1672,1747,2026-08-24 03:12:46
0099L0,6,ACE 우량회사채(AA-이상)액티브,99600,2,40,0.04,99627.0,0.8406,19733,1965,1747,2026-08-24 03:12:46
233160,3,TIGER 코스닥150 레버리지,7760,2,270,3.6,7767.0,-52.7296,1845600,14299,1746,2026-08-24 03:12:46
461950,2,KODEX 2차전지핵심소재10,4945,2,365,7.97,4946.0,-34.4384,2088623,10251,1723,2026-08-24 03:12:46
412570,2,TIGER 2차전지TOP10레버리지,1212,2,130,12.01,1221.0,-51.2613,5987442,7165,1719,2026-08-24 03:12:46
200250,4,KIWOOM 인도Nifty50(합성),21580,5,-90,-0.42,21636.0,-5.2264,2003,43,1705,2026-08-24 03:12:46
490600,4,RISE 미국배당100데일리고정커버드콜,9270,2,15,0.16,9266.0,1.0516,81094,751,1692,2026-08-24 03:12:46
480020,4,ACE 미국빅테크7+데일리타겟커버드콜(합성),10230,5,-60,-0.58,10251.0,-15.9167,120349,1234,1678,2026-08-24 03:12:46
0051G0,4,SOL 미국원자력SMR,13690,2,420,3.17,13591.0,-15.7728,13511,184,1677,2026-08-24 03:12:46
0093A0,2,RISE AI반도체TOP10,30410,5,-620,-2.0,30441.0,-20.7104,63213,1938,1673,2026-08-24 03:12:46
472870,6,RISE 미국30년국채엔화노출(합성 H),6895,5,-30,-0.43,6924.0,-9.5377,88201,608,1672,2026-08-24 03:12:46
0190G0,2,KODEX 반도체타겟위클리커버드콜,8590,5,-225,-2.55,8594.0,-17.8718,300543,2628,1666,2026-08-24 03:12:46
0005G0,2,IBK K-AI반도체코어테크,48175,5,-1205,-2.44,48258.0,-10.544,8315,406,1662,2026-08-24 03:12:46
403790,1,MIDAS 코스피액티브,56630,5,-1630,-2.8,56576.0,-9.9676,772,43,1656,2026-08-24 03:12:46
0064K0,5,KODEX 금액티브,13410,2,175,1.32,13411.0,-7.318,171803,2302,1648,2026-08-24 03:12:46
160580,5,TIGER 구리실물,16115,5,-325,-1.98,16315.0,-2.3173,46237,746,1644,2026-08-24 03:12:46
332500,1,ACE 200TR,71450,5,-2440,-3.3,71549.0,-10.7178,18322,1331,1643,2026-08-24 03:12:46
237370,7,KODEX 코리아배당성장채권혼합,15585,5,-15,-0.1,15625.0,-2.6104,29260,456,1621,2026-08-24 03:12:46
143860,2,TIGER 헬스케어,39585,2,1050,2.72,39659.0,-8.2173,9170,358,1599,2026-08-24 03:12:46
337160,2,KODEX 200ESG,46890,5,-1725,-3.55,46801.0,-7.5212,2020,95,1594,2026-08-24 03:12:46
494220,2,UNICORN SK하이닉스밸류체인액티브,44775,5,-235,-0.52,44861.0,-14.0785,57100,2590,1590,2026-08-24 03:12:46
480030,4,ACE 미국500데일리타겟커버드콜(합성),9930,5,-30,-0.3,9931.0,-6.3824,91301,908,1589,2026-08-24 03:12:46
272560,6,RISE 단기국공채액티브,114825,2,5,0.0,114818.0,0.6486,2556,293,1574,2026-08-24 03:12:46
491610,6,1Q CD금리액티브(합성),104780,2,10,0.01,104775.0,0.7064,1465,153,1554,2026-08-24 03:12:46
0180V0,4,ACE 미국우주테크액티브,8240,2,10,0.12,8281.0,-38.8105,102022,845,1549,2026-08-24 03:12:46
464240,6,KIWOOM 26-09회사채(AA-이상)액티브,52385,2,20,0.04,52383.0,0.6718,3192,167,1545,2026-08-24 03:12:46
354500,1,ACE 코스닥150,14210,2,250,1.79,14260.0,-25.1676,100398,1428,1520,2026-08-24 03:12:46
152870,1,파워 200,107795,5,-3260,-2.94,107311.0,-10.4191,5259,571,1509,2026-08-24 03:12:46
219480,4,KODEX 미국S&P500선물(H),33105,2,95,0.29,33112.0,2.5155,2599,86,1490,2026-08-24 03:12:46
458210,7,KIWOOM CD금리액티브(합성),110505,5,-5,0.0,110488.0,0.7108,261,28,1484,2026-08-24 03:12:46
491820,2,HANARO 전력설비투자,39970,5,-55,-0.14,40033.0,-38.1567,41022,1642,1479,2026-08-24 03:12:46
0127M0,4,ACE 미국대형가치주액티브,12345,5,-15,-0.12,12400.0,1.5898,21986,271,1457,2026-08-24 03:12:46
0153K0,2,KODEX 주주환원고배당주,11805,5,-55,-0.46,11834.0,-1.0839,106287,1250,1452,2026-08-24 03:12:46
0151P0,2,RISE 코리아전략산업액티브,14285,5,-505,-3.41,14291.0,-20.771,98919,1437,1443,2026-08-24 03:12:46
0104H0,7,KoAct 미국나스닥채권혼합50액티브,11605,5,-80,-0.68,11662.0,-9.8032,30466,354,1439,2026-08-24 03:12:46
245340,4,TIGER 미국다우존스30,35880,2,230,0.65,35817.0,-2.2718,4538,162,1435,2026-08-24 03:12:46
138520,2,TIGER 삼성그룹,35575,5,-1640,-4.41,35572.0,-2.9343,41148,1474,1430,2026-08-24 03:12:46
0048K0,4,KODEX 차이나휴머노이드로봇,8265,5,-315,-3.67,8250.0,-28.9847,277878,2345,1426,2026-08-24 03:12:46
451530,6,TIGER 국고채30년스트립액티브,33610,5,-10,-0.03,33571.0,-16.4825,10815,364,1418,2026-08-24 03:12:46
0041E0,4,KODEX 미국S&P500액티브,16060,2,30,0.19,16065.0,-8.7554,56711,912,1413,2026-08-24 03:12:46
0005D0,2,SOL 전고체배터리&실리콘음극재,14230,2,965,7.27,14280.0,-37.4293,425958,6057,1409,2026-08-24 03:12:46
457990,2,PLUS 태양광&ESS,36900,2,800,2.22,36900.0,-19.1761,199717,7384,1402,2026-08-24 03:12:46
481180,4,SOL 미국AI소프트웨어,15905,2,205,1.31,15920.0,10.4467,44426,706,1384,2026-08-24 03:12:46
495330,1,1Q 코리아밸류업,31470,5,-635,-1.98,31468.0,-11.2389,1750,55,1353,2026-08-24 03:12:46
0168K0,2,TIGER 기술이전바이오액티브,6570,2,280,4.45,6552.0,-20.1777,820610,5327,1353,2026-08-24 03:12:46
0131W0,6,1Q 단기특수은행채액티브,102060,2,10,0.01,102056.0,0.6857,527,53,1344,2026-08-24 03:12:46
0184L0,6,PLUS 중기종합채권(A-이상)액티브,100545,2,25,0.02,100552.0,0.7113,1009,101,1342,2026-08-24 03:12:46
476450,6,KIWOOM 머니마켓액티브,52740,2,5,0.01,52737.0,0.7546,814,42,1337,2026-08-24 03:12:46
271050,5,KODEX WTI원유선물인버스(H),1972,2,12,0.61,1969.0,4.3663,783055,1545,1337,2026-08-24 03:12:46
304660,6,KODEX 미국30년국채울트라선물(H),7250,3,0,0.0,7259.0,-0.685,29676,214,1334,2026-08-24 03:12:46
192090,4,TIGER 차이나CSI300,12350,5,-170,-1.36,12352.0,-11.0796,44822,554,1309,2026-08-24 03:12:46
0074K0,2,KoAct K수출핵심기업TOP30액티브,16950,2,165,0.98,16950.0,-20.4503,13511,230,1297,2026-08-24 03:12:46
182480,7,TIGER 미국MSCI리츠(합성 H),13905,5,-5,-0.04,14046.0,2.2129,8672,120,1293,2026-08-24 03:12:46
448100,1,WON 200,109820,5,-3455,-3.05,109566.0,-10.556,2432,273,1290,2026-08-24 03:12:46
476030,4,SOL 미국나스닥100,16940,5,-95,-0.56,16977.0,-7.6369,64056,1088,1287,2026-08-24 03:12:46
0199C0,2,ACE 고배당주Plus커버드콜액티브,9125,5,-120,-1.3,9122.0,,487821,4464,1278,2026-08-24 03:12:46
488720,7,WON 종합채권(AA-이상)액티브,48465,2,5,0.01,48462.0,-0.9302,3,0,1268,2026-08-24 03:12:46
325010,2,KODEX 성장주,42080,5,-1015,-2.36,42079.0,-12.3195,1360,57,1262,2026-08-24 03:12:46
114820,6,TIGER 국채3년,105085,2,40,0.04,105078.0,0.7577,1581,166,1256,2026-08-24 03:12:46
0123G0,4,TIGER 미국AI전력SMR,6440,2,60,0.94,6424.0,-21.4286,26838,172,1253,2026-08-24 03:12:46
463680,4,KODEX 미국S&P500테크놀로지,21905,5,-255,-1.15,21867.0,-3.9588,13326,293,1249,2026-08-24 03:12:46
447620,7,SOL 미국TOP5채권혼합50,15650,5,-90,-0.57,15701.0,-4.1997,28485,446,1236,2026-08-24 03:12:46
0000Y0,6,HK 26-12 회사채(AA-이상)액티브,101815,2,40,0.04,101801.0,0.6676,24,2,1232,2026-08-24 03:12:46
471760,2,TIGER AI반도체핵심공정,13520,2,195,1.46,13535.0,-37.2646,262435,3563,1230,2026-08-24 03:12:46
0193G0,1,KoAct 코스피액티브,8240,5,-230,-2.72,8238.0,-15.2153,85611,714,1228,2026-08-24 03:12:46
411420,4,KODEX 미국나스닥AI테크액티브,25795,5,-205,-0.79,25882.0,-13.1855,12647,327,1225,2026-08-24 03:12:46
251340,3,KODEX 코스닥150선물인버스,2420,5,-50,-2.02,2431.0,16.5094,28133371,68199,1225,2026-08-24 03:12:46
498180,6,파워 종합채권(AA-이상)액티브,92885,3,0,0.0,92973.0,-1.1389,0,0,1215,2026-08-24 03:12:46
0191W0,6,HANARO 중기종합채권(A-이상)액티브,100845,3,0,0.0,100871.0,0.7593,0,0,1210,2026-08-24 03:12:46
139220,2,TIGER 200 건설,7110,5,-250,-3.4,7117.0,-20.8603,210437,1511,1210,2026-08-24 03:12:46
0176E0,4,RISE 미국AI전력인프라액티브,9670,5,-160,-1.63,9718.0,-21.4857,5087,49,1204,2026-08-24 03:12:46
319640,4,TIGER 골드선물(H),27305,2,450,1.68,27304.0,-0.7026,24407,665,1201,2026-08-24 03:12:46
0181B0,4,HANARO 미국AI메모리반도체TOP4+,9645,5,-305,-3.07,9827.0,0.7594,98872,967,1186,2026-08-24 03:12:46
461500,6,HANARO 종합채권(AA-이상)액티브,104755,2,175,0.17,104663.0,-0.966,37,3,1182,2026-08-24 03:12:46
399110,4,SOL 미국S&P500ESG,21055,2,10,0.05,20997.0,-3.7624,3179,66,1179,2026-08-24 03:12:46
367770,2,RISE 수소경제테마,22380,2,305,1.38,22409.0,-28.1413,54837,1222,1175,2026-08-24 03:12:46
464930,4,TIGER 글로벌혁신블루칩TOP10,21170,5,-135,-0.63,21286.0,-4.1395,1176,24,1175,2026-08-24 03:12:46
328370,1,PLUS 코스피TR,37740,5,-930,-2.4,37735.0,-11.7124,116,4,1170,2026-08-24 03:12:46
488500,4,TIGER 미국S&P500동일가중,12890,2,10,0.08,12880.0,0.3389,36786,474,1167,2026-08-24 03:12:46
309230,4,ACE 미국WideMoat동일가중,31680,2,45,0.14,31774.0,3.4417,4171,132,1166,2026-08-24 03:12:46
377990,2,TIGER Fn신재생에너지,23310,2,150,0.65,23368.0,-31.0368,54811,1276,1166,2026-08-24 03:12:46
332940,1,HANARO MSCI Korea TR,47755,5,-1790,-3.61,47419.0,-8.5127,230,11,1146,2026-08-24 03:12:46
372330,4,KODEX 차이나항셍테크,6910,5,-300,-4.16,6908.0,-8.2523,36690,257,1140,2026-08-24 03:12:46
0122W0,6,RISE 26-11 회사채(AA-이상)액티브,50970,2,20,0.04,50962.0,0.632,18,0,1139,2026-08-24 03:12:46
464310,4,TIGER 글로벌AI&로보틱스 INDXX,13800,5,-180,-1.29,13819.0,-17.0819,16831,233,1139,2026-08-24 03:12:46
469170,2,ACE 포스코그룹포커스,5660,2,275,5.11,5666.0,-29.3032,656457,3687,1135,2026-08-24 03:12:46
0092B0,2,SOL 한국원자력SMR,13945,5,-275,-1.93,13969.0,-30.2771,26829,375,1130,2026-08-24 03:12:46
491230,6,PLUS 국공채머니마켓액티브,52470,2,5,0.01,52464.0,0.7489,925,48,1118,2026-08-24 03:12:46
266370,2,KODEX IT,65500,5,-1490,-2.22,65523.0,-11.6052,28815,1917,1114,2026-08-24 03:12:46
304940,4,KODEX 미국나스닥100선물(H),32230,5,-15,-0.05,32280.0,-0.6012,2107,67,1112,2026-08-24 03:12:46
0135Y0,6,IBK 중기종합채권(AA-이상)액티브,100370,5,-5,0.0,100365.0,0.556,4,0,1111,2026-08-24 03:12:46
0132K0,7,PLUS 테슬라위클리커버드콜채권혼합,8025,2,55,0.69,8040.0,-6.264,67812,544,1095,2026-08-24 03:12:46
0000J0,2,PLUS 한화그룹주,27660,2,55,0.2,27711.0,-24.3181,49682,1382,1093,2026-08-24 03:12:46
326240,2,RISE IT플러스,42580,5,-695,-1.61,42521.0,-12.4343,1550,66,1090,2026-08-24 03:12:46
438570,6,SOL 국고채10년,98095,2,230,0.24,98083.0,-0.4324,52,5,1085,2026-08-24 03:12:46
0221V0,6,IBK 초단기채권액티브,100360,2,25,0.02,100360.0,,230,23,1073,2026-08-24 03:12:46
0174B0,7,KoAct 글로벌AI메모리반도체액티브,14010,5,-480,-3.31,14181.0,-3.4644,29799,423,1072,2026-08-24 03:12:46
0080Y0,2,SOL 조선TOP3플러스레버리지,8435,2,55,0.66,8435.0,-53.5348,206756,1752,1071,2026-08-24 03:12:46
0209D0,2,KODEX 전고체배터리ESS TOP2플러스,7930,2,410,5.45,7956.0,,598977,4743,1071,2026-08-24 03:12:46
168580,4,ACE 중국본토CSI300,34220,5,-410,-1.18,34184.0,-10.2734,521,18,1068,2026-08-24 03:12:46
455860,2,SOL 2차전지소부장Fn,4485,2,300,7.17,4493.0,-35.3668,402223,1779,1067,2026-08-24 03:12:46
0036R0,4,RISE 미국휴머노이드로봇,19060,5,-65,-0.34,19087.0,-12.7099,7326,140,1067,2026-08-24 03:12:46
0138Y0,7,PLUS 금채권혼합,10095,2,65,0.65,10073.0,-3.045,213308,2151,1065,2026-08-24 03:12:46
0193M0,6,BNK 27-12 특수채(AAA이상)액티브,50370,5,-10,-0.02,50353.0,,1,0,1065,2026-08-24 03:12:46
0091M0,6,HANARO 27-06 회사채(AA-이상)액티브,10155,3,0,0.0,10155.0,0.5943,6,0,1059,2026-08-24 03:12:46
203780,4,TIGER 미국나스닥바이오,36735,2,495,1.37,36448.0,13.0909,23942,877,1051,2026-08-24 03:12:46
394660,4,TIGER 글로벌자율주행&전기차SOLACTIVE,16015,2,85,0.53,16083.0,-17.929,6866,109,1051,2026-08-24 03:12:46
261270,7,KODEX 미국달러선물인버스,8100,2,35,0.43,8100.0,8.766,16252,131,1047,2026-08-24 03:12:46
0137V0,4,KIWOOM 미국S&P500모멘텀,11490,5,-100,-0.86,11482.0,-4.5613,74981,864,1046,2026-08-24 03:12:46
0177X0,2,ACE K휴머노이드로봇산업TOP2+,9525,5,-90,-0.94,9535.0,-31.1247,120428,1154,1043,2026-08-24 03:12:46
496090,1,KIWOOM 코리아밸류업,31610,5,-500,-1.56,31610.0,-11.9502,1604,50,1027,2026-08-24 03:12:46
465780,6,마이티 26-09 특수채(AAA)액티브,106325,3,0,0.0,106341.0,0.6531,0,0,1024,2026-08-24 03:12:46
0085P0,6,ACE 미국10년국채액티브,9835,5,-45,-0.46,9813.0,-7.5369,102203,1005,1023,2026-08-24 03:12:46
475280,6,ACE 8월만기자동연장회사채AA-이상액티브,10720,3,0,0.0,10729.0,0.7518,1,0,1010,2026-08-24 03:12:46
114100,6,RISE 국고채3년,106590,2,35,0.03,106603.0,0.7771,137,14,1004,2026-08-24 03:12:46
476850,1,KoAct 배당성장액티브,21100,5,-560,-2.59,21102.0,-7.7133,92595,1970,992,2026-08-24 03:12:46
465610,4,ACE 미국빅테크TOP7 Plus레버리지(합성),40940,5,-595,-1.43,41163.0,-16.9799,2871,118,983,2026-08-24 03:12:46
0052T0,6,1Q 중단기회사채(A-이상)액티브,50695,2,50,0.1,50689.0,0.7159,1,0,980,2026-08-24 03:12:46
0007N0,1,아이엠에셋 200,107085,5,-3705,-3.34,106820.0,-10.465,45,4,964,2026-08-24 03:12:46
475050,2,ACE KPOP포커스,6590,2,50,0.76,6594.0,-24.7411,162985,1076,952,2026-08-24 03:12:46
195980,4,PLUS 신흥국MSCI(합성 H),15285,5,-60,-0.39,15254.0,3.7876,9781,149,951,2026-08-24 03:12:46
473440,6,ACE 11월만기자동연장회사채AA-이상액티브,10845,2,10,0.09,10844.0,0.6502,52,0,944,2026-08-24 03:12:46
0008T0,2,SOL 화장품TOP3플러스,19045,2,715,3.9,19049.0,25.7201,1117739,21180,943,2026-08-24 03:12:46
0035T0,7,PLUS 글로벌휴머노이드로봇액티브,19375,5,-35,-0.18,19370.0,-19.644,8166,158,940,2026-08-24 03:12:46
308620,6,KODEX 미국10년국채선물,11550,5,-65,-0.56,11546.0,-7.5607,18238,210,936,2026-08-24 03:12:46
481430,6,RISE 국고채10년액티브,98060,2,185,0.19,98025.0,-0.4527,42,4,933,2026-08-24 03:12:46
433970,7,KODEX TDF2030액티브 적격,14010,2,10,0.07,13946.0,-2.2906,13633,191,932,2026-08-24 03:12:46
0142D0,4,TIGER 미국AI데이터센터TOP4Plus,10200,5,-335,-3.18,10353.0,-17.2428,150465,1548,928,2026-08-24 03:12:46
211900,2,KODEX 코리아배당성장,27600,5,-60,-0.22,27614.0,-10.4373,7880,216,911,2026-08-24 03:12:46
468380,6,KODEX iShares미국하이일드액티브,10970,5,-50,-0.45,10975.0,-6.6071,63091,692,909,2026-08-24 03:12:46
143850,4,TIGER 미국S&P500선물(H),77320,2,160,0.21,77312.0,2.0027,1035,80,909,2026-08-24 03:12:46
485690,4,RISE 미국AI밸류체인TOP3Plus,21535,5,-295,-1.35,21647.0,-6.8086,2908,62,904,2026-08-24 03:12:46
0066W0,5,SOL 국제금,13555,2,175,1.31,13501.0,-7.2766,101075,1369,901,2026-08-24 03:12:46
269540,4,PLUS 미국S&P500(H),30010,2,85,0.28,30016.0,1.269,4396,131,900,2026-08-24 03:12:46
486240,2,DAISHIN AI반도체&인프라액티브,27875,5,-355,-1.26,27863.0,-16.2315,772,21,892,2026-08-24 03:12:46
325020,2,KODEX 배당가치,28770,5,-335,-1.15,28753.0,-6.4238,2830,81,892,2026-08-24 03:12:46
204480,4,TIGER 차이나CSI300레버리지(합성),23950,5,-845,-3.41,24285.0,-24.4055,2197,53,891,2026-08-24 03:12:46
453080,4,KIWOOM 미국나스닥100(H),22725,5,-35,-0.15,22769.0,-0.7547,10982,249,886,2026-08-24 03:12:46
329670,7,KODEX TRF7030,22055,2,20,0.09,22072.0,-3.101,3455,76,882,2026-08-24 03:12:46
298770,4,KODEX 한국대만IT프리미어,80015,5,-1260,-1.55,79870.0,-2.835,757,60,880,2026-08-24 03:12:46
444490,4,WON 미국S&P500,20165,5,-10,-0.05,20154.0,-5.1927,8835,178,877,2026-08-24 03:12:46
495040,1,PLUS 코리아밸류업,31520,5,-395,-1.24,31353.0,-11.4747,1345,42,867,2026-08-24 03:12:46
292770,6,KODEX 국채선물3년인버스,57700,2,5,0.01,57677.0,0.1562,5,0,866,2026-08-24 03:12:46
460960,7,ACE 글로벌인컴TOP10,11160,3,0,0.0,11132.0,-5.8189,36832,411,859,2026-08-24 03:12:46
479620,4,SOL 미국AI반도체칩메이커,24135,5,-380,-1.55,24195.0,-10.887,8070,195,857,2026-08-24 03:12:46
108450,2,ACE 삼성그룹섹터가중,38585,5,-1130,-2.85,38620.0,-6.6847,539,20,849,2026-08-24 03:12:46
454320,2,HANARO CAPEX설비투자iSelect,39155,2,525,1.36,39203.0,-31.5193,1472,57,842,2026-08-24 03:12:46
329660,7,KODEX TRF5050,17860,2,15,0.08,17896.0,-2.1932,5182,92,839,2026-08-24 03:12:46
461460,6,PLUS 국고채10년액티브,51300,2,145,0.28,51275.0,-0.5541,81,4,832,2026-08-24 03:12:46
130730,6,KIWOOM 단기자금,102980,2,15,0.01,102975.0,0.6549,373,38,824,2026-08-24 03:12:46
138530,2,TIGER LG그룹플러스,12275,2,265,2.21,12276.0,-13.3791,53746,657,822,2026-08-24 03:12:46
449770,4,KIWOOM 미국S&P500,21020,5,-35,-0.17,21031.0,-5.0645,2539,53,820,2026-08-24 03:12:46
0017Y0,6,1Q 종합채권(AA-이상)액티브,93615,2,135,0.14,93538.0,-1.116,349,32,817,2026-08-24 03:12:46
453330,4,RISE 미국S&P500(H),18160,2,55,0.3,18159.0,3.0449,7654,139,817,2026-08-24 03:12:46
0162L0,4,KODEX 차이나AI반도체TOP10,12760,5,-795,-5.86,12785.0,-11.1346,434433,5738,817,2026-08-24 03:12:46
364960,2,TIGER BBIG,6645,2,130,2.0,6663.0,-12.1968,17021,113,804,2026-08-24 03:12:46
359210,1,KODEX 코스피TR,34855,5,-905,-2.53,34844.0,-11.5399,2233,78,802,2026-08-24 03:12:46
157490,2,TIGER 소프트웨어,8490,2,10,0.12,8510.0,-5.5154,49285,423,800,2026-08-24 03:12:46
490480,2,SOL K방산,28840,2,385,1.35,28859.0,-23.0114,12709,366,793,2026-08-24 03:12:46
0049M0,4,ACE 미국배당퀄리티+커버드콜액티브,11330,2,25,0.22,11297.0,-5.5368,19555,221,787,2026-08-24 03:12:46
337140,2,KODEX 코스피대형주,35550,5,-1365,-3.7,35576.0,-10.3302,11969,430,782,2026-08-24 03:12:46
492500,7,1Q 현대차그룹채권(A+이상)&국고통안,51325,2,35,0.07,51312.0,0.4799,167,8,781,2026-08-24 03:12:46
0018C0,2,PLUS 고배당주위클리고정커버드콜,10480,2,20,0.19,10493.0,-10.0035,33708,352,781,2026-08-24 03:12:46
0057H0,7,PLUS 미국S&P500미국채혼합50액티브,11650,5,-35,-0.3,11650.0,-6.1053,24100,281,781,2026-08-24 03:12:46
458030,6,WON 국공채머니마켓액티브,55015,3,0,0.0,55008.0,0.7047,458,25,780,2026-08-24 03:12:46
0080X0,7,SOL 미국S&P500미국채혼합50,10970,5,-45,-0.41,10959.0,-6.3337,34249,376,779,2026-08-24 03:12:46
0197X0,2,SOL SK하이닉스선물단일종목인버스2X,7095,2,385,5.74,7106.0,,10414235,69331,779,2026-08-24 03:12:46
495750,1,HANARO 코리아밸류업,31625,5,-665,-2.06,31554.0,-10.7087,419,13,775,2026-08-24 03:12:46
438560,6,SOL 국고채3년,100385,2,60,0.06,100408.0,0.7481,195,19,762,2026-08-24 03:12:46
210780,2,TIGER 코스피고배당,23040,2,95,0.41,23039.0,-7.3884,5395,124,760,2026-08-24 03:12:46
0098N0,2,PLUS 자사주매입고배당주,12620,2,25,0.2,12655.0,-0.3967,16294,205,757,2026-08-24 03:12:46
469060,4,RISE 미국반도체NYSE,34265,5,-725,-2.07,34448.0,-7.1754,15765,540,754,2026-08-24 03:12:46
434960,1,DAISHIN K200,107095,5,-3705,-3.34,107144.0,-10.627,3818,411,750,2026-08-24 03:12:46
365040,1,TIGER AI코리아그로스액티브,35495,5,-955,-2.62,35432.0,-9.2268,2177,78,745,2026-08-24 03:12:46
412770,4,TIGER 글로벌AI플랫폼액티브,12250,5,-165,-1.33,12498.0,-15.4868,22065,272,745,2026-08-24 03:12:46
228810,2,TIGER 미디어컨텐츠,3045,2,15,0.5,3042.0,-23.194,93226,284,740,2026-08-24 03:12:46
0102A0,4,TIGER 미국AI소프트웨어TOP4Plus,8715,2,180,2.11,8745.0,2.8933,37982,331,736,2026-08-24 03:12:46
473640,4,HANARO 글로벌금채굴기업,37510,2,910,2.49,37058.0,8.8799,100710,3782,731,2026-08-24 03:12:46
272910,6,ACE 중장기국공채액티브,106025,2,80,0.08,106024.0,0.5647,51,5,729,2026-08-24 03:12:46
0113D0,4,TIME 글로벌탑픽액티브,12025,2,5,0.04,12034.0,-4.3755,14452,173,728,2026-08-24 03:12:46
0022T0,4,SOL 국제금커버드콜액티브,13900,2,145,1.05,13846.0,-7.3023,112233,1558,723,2026-08-24 03:12:46
266420,2,KODEX 헬스케어,18045,2,500,2.85,18007.0,-7.1939,23197,413,722,2026-08-24 03:12:46
441540,2,HANARO Fn조선해운,26705,2,390,1.48,26725.0,-20.6783,11410,304,721,2026-08-24 03:12:46
211560,2,TIGER 배당성장,34565,5,-135,-0.39,34559.0,-10.171,4716,162,715,2026-08-24 03:12:46
292190,1,KODEX KRX300,47000,5,-1615,-3.32,46977.0,-10.7252,3887,184,705,2026-08-24 03:12:46
475310,2,SOL 반도체후공정,25305,2,205,0.82,25297.0,-28.4289,70045,1782,696,2026-08-24 03:12:46
475350,4,RISE 버크셔포트폴리오TOP10,14510,5,-15,-0.1,14519.0,-2.4085,40204,584,689,2026-08-24 03:12:46
0225V0,4,KODEX 미국CPU반도체TOP10,9802,5,-288,-2.85,9897.0,,92966,919,686,2026-08-24 03:12:46
0098Z0,1,FOCUS 200,91330,5,-2980,-3.16,90837.0,-10.0404,33,3,685,2026-08-24 03:12:46
440640,6,ACE 단기채권알파액티브,112625,3,0,0.0,112630.0,0.81,2192,246,681,2026-08-24 03:12:46
458750,4,TIGER 미국배당다우존스타겟커버드콜1호,13340,2,80,0.6,13295.0,0.5819,27314,364,680,2026-08-24 03:12:46
0190Y0,4,TIGER 구글밸류체인,8500,5,-80,-0.93,8489.0,-14.5787,16170,138,672,2026-08-24 03:12:46
228800,2,TIGER 여행레저,2580,2,15,0.58,2578.0,-16.9903,53185,137,667,2026-08-24 03:12:46
278620,6,PLUS 단기채권액티브,118985,5,-5,0.0,118992.0,0.7663,16,1,666,2026-08-24 03:12:46
277640,2,TIGER 코스피대형주,36775,5,-1155,-3.05,36785.0,-10.8188,8777,328,662,2026-08-24 03:12:46
433880,7,PLUS TDF2060액티브 적격,18585,5,-315,-1.67,18517.0,-4.316,7160,133,656,2026-08-24 03:12:46
0115E0,2,KODEX 코리아소버린AI,14555,5,-200,-1.36,14575.0,-4.6079,88891,1313,655,2026-08-24 03:12:46
100910,1,KIWOOM KRX100,16790,5,-535,-3.09,16793.0,-10.347,241,4,655,2026-08-24 03:12:46
298340,6,PLUS 국채선물3년,56520,2,35,0.06,56496.0,1.1007,1055,59,649,2026-08-24 03:12:46
465330,2,RISE 2차전지TOP10,11200,2,665,6.31,11218.0,-26.2255,103754,1157,647,2026-08-24 03:12:46
491700,1,HK 200,107580,5,-3375,-3.04,107271.0,-10.3286,2043,224,645,2026-08-24 03:12:46
453950,4,TIGER TSMC파운드리밸류체인,33020,5,-280,-0.84,33089.0,-1.4793,5343,176,644,2026-08-24 03:12:46
0123S0,2,HANARO 26-12 은행채(AA+이상)액티브,10170,5,-25,-0.25,10184.0,0.7411,12,0,631,2026-08-24 03:12:46
453640,4,KODEX 미국S&P500헬스케어,14560,2,115,0.8,14556.0,8.7345,19491,283,626,2026-08-24 03:12:46
419890,6,KIWOOM 단기채권ESG액티브,107505,5,-10,-0.01,107504.0,0.6553,1013,108,624,2026-08-24 03:12:46
0000D0,7,TIGER 엔비디아미국채커버드콜밸런스(합성),9050,5,-55,-0.6,9034.0,-8.6293,16226,146,620,2026-08-24 03:12:46
0040S0,4,HANARO 글로벌피지컬AI액티브,23740,2,20,0.08,23672.0,-14.3683,6418,152,617,2026-08-24 03:12:46
455660,6,ACE 미국하이일드액티브(H),9480,2,10,0.11,9467.0,0.7397,9782,92,616,2026-08-24 03:12:46
261070,2,TIGER 코스닥150바이오테크,13255,2,245,1.88,13288.0,-15.0229,149857,1982,615,2026-08-24 03:12:46
275980,4,TIGER 글로벌4차산업혁신기술(합성 H),23975,2,20,0.08,23995.0,3.8586,802,19,609,2026-08-24 03:12:46
0172V0,5,1Q 은액티브,8970,5,-30,-0.33,9050.0,-15.7698,298037,2683,605,2026-08-24 03:12:46
0181L0,4,SOL 미국우주항공TOP10,7460,5,-10,-0.13,7536.0,-38.5944,64875,488,604,2026-08-24 03:12:46
479730,4,TIGER 인도빌리언컨슈머,10200,3,0,0.0,10154.0,1.7846,2952,30,602,2026-08-24 03:12:46
0210E0,2,PLUS 200커버드콜액티브,7365,5,-255,-3.35,7357.0,,242105,1807,597,2026-08-24 03:12:46
306950,3,KODEX KRX300레버리지,74295,5,-4295,-5.47,74038.0,-34.9583,1298,98,594,2026-08-24 03:12:46
495940,4,RISE 미국AI테크액티브,18835,5,-250,-1.31,18916.0,-16.4596,1382,26,593,2026-08-24 03:12:46
476750,6,ACE 미국30년국채엔화노출액티브(H),7415,5,-15,-0.2,7392.0,-9.7201,42269,313,593,2026-08-24 03:12:46
261240,7,KODEX 미국달러선물,14250,5,-65,-0.45,14263.0,-7.1962,40876,583,590,2026-08-24 03:12:46
150460,2,TIGER 중국소비테마,7735,2,115,1.51,7742.0,-1.039,9479,72,582,2026-08-24 03:12:46
252400,3,RISE 200선물레버리지,96825,5,-7430,-7.13,96874.0,-33.8274,17850,1797,581,2026-08-24 03:12:46
278240,3,RISE 코스닥150선물레버리지,7890,2,245,3.2,7901.0,-52.6333,66758,523,575,2026-08-24 03:12:46
0166S0,2,PLUS K제조업핵심기업액티브,10710,5,-235,-2.15,10710.0,-20.1095,20815,225,573,2026-08-24 03:12:46
491220,1,PLUS 200TR,126605,5,-3700,-2.84,126395.0,-10.6276,5181,671,570,2026-08-24 03:12:46
440910,4,WON 미국우주항공방산,25765,2,135,0.53,25709.0,-4.898,5692,146,567,2026-08-24 03:12:46
401470,2,KODEX 메타버스액티브,9640,5,-100,-1.03,9646.0,-2.6,1836,17,564,2026-08-24 03:12:46
0198A0,2,KIWOOM 코스닥150커버드콜액티브,8940,2,130,1.48,8962.0,,384375,3435,563,2026-08-24 03:12:46
0194T0,2,ACE SK하이닉스단일종목레버리지,8575,5,-420,-4.67,8584.0,,105590,974,562,2026-08-24 03:12:46
0000Z0,2,RISE 바이오TOP10액티브,9525,2,475,5.25,9542.0,-27.9459,227576,2136,557,2026-08-24 03:12:46
455960,6,RISE 미국달러SOFR금리액티브(합성),12145,5,-5,-0.04,12098.0,-6.6103,412,5,556,2026-08-24 03:12:46
225040,4,TIGER 미국S&P500레버리지(합성 H),67515,2,375,0.56,67580.0,4.3599,3019,203,554,2026-08-24 03:12:46
0111J0,2,HANARO 증권고배당TOP3플러스,12285,5,-225,-1.8,12287.0,-29.7256,22011,270,553,2026-08-24 03:12:46
0141S0,2,SOL 조선기자재,8230,2,200,2.49,8245.0,-32.8315,75169,614,551,2026-08-24 03:12:46
0197W0,2,SOL SK하이닉스단일종목레버리지,8470,5,-420,-4.72,8417.0,,139900,1266,546,2026-08-24 03:12:46
0046Y0,4,ACE 미국배당퀄리티,12570,5,-30,-0.24,12613.0,-4.6534,8054,101,541,2026-08-24 03:12:46
261220,5,KODEX WTI원유선물(H),24100,5,-185,-0.76,24109.0,-10.0389,68515,1651,536,2026-08-24 03:12:46
385590,2,ACE ESG액티브,23295,5,-570,-2.39,23153.0,-7.0859,1021,23,536,2026-08-24 03:12:46
0226A0,7,PLUS SK하이닉스샌디스크채권혼합50,10695,5,-195,-1.79,10870.0,,103325,1122,535,2026-08-24 03:12:46
304780,3,HANARO 200선물레버리지,118000,5,-9080,-7.15,118127.0,-33.6259,3036,372,531,2026-08-24 03:12:46
0113P0,6,HK 머니마켓액티브,102340,3,0,0.0,102354.0,0.7382,0,0,530,2026-08-24 03:12:46
442560,7,RISE TDF2040액티브 적격,16380,5,-15,-0.09,16251.0,-4.2189,12942,212,524,2026-08-24 03:12:46
0118Z0,4,ACE 미국AI테크핵심산업액티브,8720,2,25,0.29,8731.0,-14.5035,10294,90,523,2026-08-24 03:12:46
445150,2,KODEX 친환경조선해운액티브,28165,2,485,1.75,28170.0,-24.1701,2410,67,521,2026-08-24 03:12:46
428510,4,KODEX 차이나AI테크액티브,23385,5,-840,-3.47,23279.0,-12.4197,12292,297,514,2026-08-24 03:12:46
101280,4,KODEX 일본TOPIX100,30180,2,25,0.08,30112.0,-1.5954,2283,68,513,2026-08-24 03:12:46
0185L0,4,TIME 글로벌휴머노이드로봇산업액티브,7405,5,-145,-1.92,7423.0,-27.1939,19285,145,511,2026-08-24 03:12:46
140700,2,KODEX 보험,20295,5,-875,-4.13,20346.0,13.7023,78691,1621,507,2026-08-24 03:12:46
114470,6,KIWOOM 국고채3년,107950,3,0,0.0,107970.0,0.7669,10,1,507,2026-08-24 03:12:46
0118S0,4,SOL 미국넥스트테크TOP10액티브,10880,5,-65,-0.59,10978.0,-18.1377,17685,193,506,2026-08-24 03:12:46
475260,6,ACE 2월만기자동연장회사채AA-이상액티브,10735,3,0,0.0,10742.0,0.5149,0,0,506,2026-08-24 03:12:46
0089C0,4,KODEX 미국S&P500변동성확대시커버드콜,11410,3,0,0.0,11426.0,-5.1917,215,2,502,2026-08-24 03:12:46
275300,2,KODEX 우량주,29505,5,-990,-3.25,29507.0,-8.4453,1148,34,502,2026-08-24 03:12:46
218420,4,KODEX 미국S&P500에너지(합성),20390,5,-135,-0.66,20453.0,-1.3459,4680,95,501,2026-08-24 03:12:46
480310,4,TIGER 글로벌온디바이스AI,18475,5,-255,-1.36,18511.0,-14.0451,7783,143,499,2026-08-24 03:12:46
0041D0,4,KODEX 미국AI소프트웨어TOP10,13075,2,215,1.67,13107.0,0.3973,14623,191,497,2026-08-24 03:12:46
0132H0,4,KODEX 미국원자력SMR,8535,2,190,2.28,8515.0,-20.1436,7777,66,491,2026-08-24 03:12:46
0139P0,2,ACE 고배당주,13260,5,-65,-0.49,13244.0,-4.8004,6537,86,491,2026-08-24 03:12:46
123310,3,TIGER 인버스,1155,2,42,3.77,1156.0,-7.4044,2899189,3302,489,2026-08-24 03:12:46
360140,2,KODEX 200롱코스닥150숏선물,22050,5,-1295,-5.55,22042.0,14.0449,41642,932,485,2026-08-24 03:12:46
253150,3,PLUS 200선물레버리지,193885,5,-13710,-6.6,193787.0,-34.0194,107217,21532,485,2026-08-24 03:12:46
200030,4,KODEX 미국S&P500산업재(합성),42915,5,-70,-0.16,42918.0,-2.7489,776,33,484,2026-08-24 03:12:46
336160,6,RISE 금융채액티브,100300,5,-40,-0.04,100330.0,0.5741,2,0,482,2026-08-24 03:12:46
418670,4,TIGER 글로벌AI사이버보안,16890,2,185,1.11,16963.0,9.2544,38446,650,480,2026-08-24 03:12:46
0020H0,4,KoAct 글로벌양자컴퓨팅액티브,22120,2,385,1.77,22265.0,-13.6815,8638,192,476,2026-08-24 03:12:46
447430,2,ACE 주주환원가치주액티브,16050,5,-55,-0.34,16063.0,-5.6119,10034,160,473,2026-08-24 03:12:46
152500,3,ACE 레버리지,42860,5,-3185,-6.92,42876.0,-33.7768,22791,1010,471,2026-08-24 03:12:46
256750,4,KODEX 차이나심천ChiNext(합성),15365,5,-730,-4.54,15411.0,-15.0212,7547,117,470,2026-08-24 03:12:46
140950,1,파워 코스피100,83485,5,-2975,-3.44,83642.0,-10.3249,804,67,468,2026-08-24 03:12:46
0086B0,2,TIGER 리츠부동산인프라TOP10액티브,9530,5,-25,-0.26,9554.0,-2.4748,12671,120,467,2026-08-24 03:12:46
0194M0,2,ACE 삼성전자단일종목레버리지,10775,5,-2035,-15.89,10814.0,,32771,371,466,2026-08-24 03:12:46
316670,1,KIWOOM 코스닥150,7050,2,100,1.44,7050.0,-24.9461,39066,274,465,2026-08-24 03:12:46
371470,4,TIGER 차이나바이오테크SOLACTIVE,8485,5,-360,-4.07,8571.0,6.8882,37107,325,465,2026-08-24 03:12:46
287180,4,PLUS 미국나스닥테크,54675,5,-550,-1.0,54909.0,-2.248,779,42,465,2026-08-24 03:12:46
0178H0,7,IBK 미국AI TOP10국채혼합50,9800,2,70,0.72,9794.0,-5.5268,3221,31,461,2026-08-24 03:12:46
442260,1,마이티 다이나믹퀀트액티브,37070,5,-1265,-3.3,36857.0,-10.7763,294,11,460,2026-08-24 03:12:46
461340,4,HANARO 글로벌생성형AI액티브,41415,5,-650,-1.55,41491.0,-8.5643,1094,45,456,2026-08-24 03:12:46
276990,4,KODEX 글로벌로봇(합성),25700,3,0,0.0,25793.0,-11.0881,2232,57,455,2026-08-24 03:12:46
473590,4,ACE 미국주식베스트셀러,18515,5,-470,-2.48,18773.0,-23.2309,19303,362,454,2026-08-24 03:12:46
475270,6,ACE 5월만기자동연장회사채AA-이상액티브,10715,5,-10,-0.09,10724.0,0.7042,9,0,447,2026-08-24 03:12:46
261120,7,TIGER 미국달러선물인버스2X,5315,2,45,0.85,5304.0,16.9811,5771,30,446,2026-08-24 03:12:46
196030,4,ACE 일본TOPIX레버리지(H),88665,2,280,0.32,89369.0,9.1172,16,1,443,2026-08-24 03:12:46
473490,4,KIWOOM 글로벌AI반도체,29450,2,50,0.17,29225.0,-9.9924,558,16,442,2026-08-24 03:12:46
442090,2,에셋플러스 코리아대장장이액티브,29425,2,145,0.5,29274.0,-13.283,45,1,441,2026-08-24 03:12:46
472830,6,RISE 미국30년국채커버드콜(합성),7930,5,-40,-0.5,7904.0,-8.7963,34717,275,440,2026-08-24 03:12:46
375770,2,KODEX 탄소효율그린뉴딜,24370,5,-410,-1.65,24181.0,-10.5046,124,3,439,2026-08-24 03:12:46
139320,5,TIGER 금은선물(H),19370,2,325,1.71,19333.0,-1.8805,19394,375,436,2026-08-24 03:12:46
453650,4,KODEX 미국S&P500금융,19350,2,120,0.62,19425.0,1.7783,7342,142,435,2026-08-24 03:12:46
238720,4,ACE 일본Nikkei225(H),47985,5,-180,-0.37,48036.0,7.8119,670,32,432,2026-08-24 03:12:46
494840,4,TIGER 미국방산TOP10,13065,5,-195,-1.47,13063.0,-0.8377,17540,229,431,2026-08-24 03:12:46
0189B0,5,TIGER 은액티브,8620,5,-55,-0.63,8599.0,-15.0343,72609,629,431,2026-08-24 03:12:46
401170,2,RISE 메타버스,10880,2,40,0.37,10870.0,-1.32,1618,17,431,2026-08-24 03:12:46
0141T0,6,SOL 중기종합채권(AA-이상)액티브,50270,2,15,0.03,50270.0,0.6509,1,0,429,2026-08-24 03:12:46
139280,2,TIGER 경기방어,13065,2,225,1.75,13100.0,0.0059,4380,56,429,2026-08-24 03:12:46
0007G0,4,PLUS 글로벌원자력밸류체인,14125,2,705,5.25,14030.0,-13.67,2523,35,424,2026-08-24 03:12:46
476260,2,HANARO 반도체핵심공정주도주,12015,2,30,0.25,12041.0,-19.4828,77557,933,421,2026-08-24 03:12:46
282000,3,RISE 국고채3년선물인버스,114665,5,-25,-0.02,114618.0,0.1091,11,1,419,2026-08-24 03:12:46
305050,1,ACE 코스피,69705,5,-1860,-2.6,69748.0,-11.5882,3944,277,418,2026-08-24 03:12:46
440650,6,ACE 미국달러단기채권액티브,11580,5,-40,-0.34,11584.0,-7.1515,38562,447,417,2026-08-24 03:12:46
0191M0,6,마이티 5월만기자동연장특수채(AAA)액티브,100660,3,0,0.0,100665.0,,0,0,417,2026-08-24 03:12:46
487130,2,KoAct AI인프라액티브,26660,2,50,0.19,26616.0,-25.7948,3630,96,413,2026-08-24 03:12:46
429760,4,PLUS 미국S&P500,19565,5,-10,-0.05,19562.0,-4.9685,1860,36,411,2026-08-24 03:12:46
0186S0,7,1Q 코스닥150채권혼합50액티브,8385,2,60,0.72,8404.0,-12.639,328872,2764,407,2026-08-24 03:12:46
448570,1,FOCUS AI코리아액티브,29930,5,-710,-2.32,29904.0,-8.8503,48,1,404,2026-08-24 03:12:46
0220B0,1,DS 코스닥액티브,9390,2,175,1.9,9391.0,,58613,551,404,2026-08-24 03:12:46
183700,7,RISE 200채권혼합50,95635,5,-880,-0.91,95107.0,-5.0508,916,87,402,2026-08-24 03:12:46
0192L0,2,RISE SK하이닉스단일종목레버리지,8705,5,-445,-4.86,8737.0,,40193,374,400,2026-08-24 03:12:46
0112X0,1,마이티 200TR,39780,5,-1720,-4.14,39950.0,-9.91,1467,59,398,2026-08-24 03:12:46
472840,1,IBK 200,105920,5,-3455,-3.16,105830.0,-10.6547,159,17,397,2026-08-24 03:12:46
464470,6,PLUS 미국채30년액티브,47865,5,-195,-0.41,47802.0,-8.6403,2921,139,394,2026-08-24 03:12:46
0207G0,2,SOL 우주항공밸류체인,6575,2,100,1.54,6573.0,,324699,2124,388,2026-08-24 03:12:46
352540,7,KODEX 일본부동산리츠(H),11375,2,45,0.4,11428.0,-0.0517,6507,73,387,2026-08-24 03:12:46
322410,2,HANARO K고배당,22485,2,120,0.54,22499.0,-5.1705,5949,133,382,2026-08-24 03:12:46
195930,4,TIGER 유로스탁스50(합성 H),23615,2,155,0.66,23786.0,6.7576,6443,152,378,2026-08-24 03:12:46
400970,2,TIGER Fn메타버스,7465,2,30,0.4,7467.0,-16.2726,6881,51,377,2026-08-24 03:12:46
147970,2,TIGER 모멘텀,78125,5,-80,-0.1,78122.0,-18.5365,568,44,375,2026-08-24 03:12:46
276970,4,KODEX 미국S&P500배당귀족커버드콜(합성 H),7945,2,35,0.44,8066.0,10.2799,3801,30,373,2026-08-24 03:12:46
365000,2,TIGER 인터넷TOP10,3695,2,35,0.96,3696.0,-22.293,116338,432,373,2026-08-24 03:12:46
275280,2,KODEX 모멘텀주,41365,5,-1420,-3.32,41313.0,-11.2729,870,36,372,2026-08-24 03:12:46
292560,7,TIGER 일본엔선물,8080,5,-15,-0.19,8041.0,-7.5386,37473,302,372,2026-08-24 03:12:46
491830,4,TIGER 미국AI반도체팹리스,21050,5,-585,-2.7,21185.0,-7.9079,29077,614,368,2026-08-24 03:12:46
452250,6,ACE 미국30년국채선물레버리지(합성 H),4695,5,-25,-0.53,4742.0,-3.2787,1171,5,364,2026-08-24 03:12:46
449690,4,TIGER 한중반도체(합성),47970,5,-710,-1.46,46531.0,-13.7033,108,5,360,2026-08-24 03:12:46
498860,2,RISE 코리아금융고배당,16325,5,-185,-1.12,16323.0,-13.7316,9141,149,359,2026-08-24 03:12:46
415920,5,PLUS 글로벌희토류&전략자원생산기업,7695,2,315,4.27,7669.0,-24.23,105732,809,358,2026-08-24 03:12:46
352560,7,KODEX 미국부동산리츠(H),12530,5,-95,-0.75,12525.0,2.7905,5080,63,357,2026-08-24 03:12:46
0100K0,2,KODEX 방산TOP10레버리지,6355,2,105,1.68,6392.0,-48.3898,270391,1714,356,2026-08-24 03:12:46
104530,2,KIWOOM 코리아고배당,17265,2,35,0.2,17249.0,-11.0089,1957,33,354,2026-08-24 03:12:46
450910,1,SOL 코스닥150,13800,2,260,1.92,13830.0,-25.5226,13458,185,353,2026-08-24 03:12:46
0209Z0,2,ACE 코리아AI전력TOP10,6660,2,80,1.22,6667.0,,90927,604,353,2026-08-24 03:12:46
322400,2,HANARO e커머스,10490,2,185,1.8,10461.0,-6.3182,396,4,351,2026-08-24 03:12:46
381560,2,HANARO Fn전기&수소차,17490,2,360,2.1,17525.0,-15.4409,2077,35,350,2026-08-24 03:12:46
407830,4,에셋플러스 글로벌플랫폼액티브,14400,2,135,0.95,14402.0,-12.2694,525,7,346,2026-08-24 03:12:46
153270,1,KIWOOM 코스피100,82000,5,-2685,-3.17,82122.0,-10.3544,2338,194,344,2026-08-24 03:12:46
469050,4,RISE 미국반도체NYSE(H),31270,5,-405,-1.28,31317.0,0.5667,58702,1831,344,2026-08-24 03:12:46
0154F0,2,WON 초대형IB&금융지주,11655,5,-5,-0.04,11652.0,-14.2963,12467,144,344,2026-08-24 03:12:46
0023B0,4,PLUS 미국양자컴퓨팅TOP10,16750,2,740,4.62,16883.0,-15.4476,12402,209,343,2026-08-24 03:12:46
241390,7,RISE V&S셀렉트밸류채권혼합,15590,5,-10,-0.06,15617.0,-6.0279,2050,31,343,2026-08-24 03:12:46
276650,4,RISE 글로벌테크놀로지(합성 H),45670,2,45,0.1,45557.0,-0.0767,55,2,343,2026-08-24 03:12:46
138910,5,KODEX 구리선물(H),10040,2,10,0.1,10044.0,3.1893,11272,113,341,2026-08-24 03:12:46
295020,6,RISE 국채선물10년인버스,60680,5,-115,-0.19,60643.0,1.3587,23,1,341,2026-08-24 03:12:46
385520,2,KODEX 자율주행액티브,15835,2,115,0.73,15837.0,-19.5497,3481,55,340,2026-08-24 03:12:46
475070,4,KoAct 글로벌친환경전력인프라액티브,29600,5,-190,-0.64,29676.0,-25.8679,1968,58,340,2026-08-24 03:12:46
449780,4,KIWOOM 미국S&P500(H),18650,2,60,0.32,18650.0,2.2561,7831,146,336,2026-08-24 03:12:46
465350,3,RISE 2차전지TOP10인버스(합성),16735,5,-1075,-6.04,16797.0,19.3699,138280,2321,335,2026-08-24 03:12:46
474800,4,KIWOOM 미국원유에너지기업,15900,5,-75,-0.47,16015.0,-2.1103,16990,271,334,2026-08-24 03:12:46
122260,6,KIWOOM 통안채1년,104090,5,-10,-0.01,104097.0,0.6283,15,1,333,2026-08-24 03:12:46
476690,4,TIGER 글로벌비만치료제TOP2Plus,11085,2,50,0.45,11073.0,3.6921,3264,36,333,2026-08-24 03:12:46
380340,2,ACE 코리아AI테크핵심산업,27700,5,-250,-0.89,27735.0,-5.2703,71815,2020,332,2026-08-24 03:12:46
465660,4,TIGER 일본반도체FACTSET,24610,2,190,0.78,24610.0,-4.7211,7008,171,332,2026-08-24 03:12:46
105780,2,RISE 5대그룹주,16585,5,-310,-1.83,16576.0,-12.5744,1713,28,332,2026-08-24 03:12:46
227540,2,TIGER 200 헬스케어,20205,2,910,4.72,20251.0,-0.9752,23214,463,331,2026-08-24 03:12:46
099140,4,KODEX 차이나H,21375,5,-475,-2.17,21304.0,-5.7699,3693,79,331,2026-08-24 03:12:46
0192T0,2,SOL 코스닥TOP10,7425,2,125,1.71,7445.0,-22.7514,154994,1150,327,2026-08-24 03:12:46
256440,4,ACE MSCI인도네시아(합성),5355,3,0,0.0,5380.0,-10.0,6748,36,327,2026-08-24 03:12:46
0083S0,4,1Q 미국메디컬AI,11255,2,345,3.16,11318.0,10.8269,16360,184,326,2026-08-24 03:12:46
174360,4,RISE 중국본토대형주CSI100,23300,5,-360,-1.52,23302.0,-10.8684,2886,67,326,2026-08-24 03:12:46
491090,4,KODEX 미국테크TOP3플러스,17565,5,-110,-0.62,17566.0,-8.9322,14610,257,325,2026-08-24 03:12:46
459560,4,KODEX 테슬라밸류체인FactSet,21640,2,95,0.44,21600.0,-15.6678,2442,53,325,2026-08-24 03:12:46
261140,2,TIGER 우선주,23970,5,-545,-2.22,23968.0,-9.3726,11536,277,321,2026-08-24 03:12:46
496770,4,PLUS 글로벌방산,18245,5,-395,-2.12,18298.0,3.4693,10892,199,319,2026-08-24 03:12:46
271060,5,KODEX 3대농산물선물(H),8780,2,225,2.63,8796.0,1.2426,73554,643,319,2026-08-24 03:12:46
266360,2,KODEX K콘텐츠,9930,5,-15,-0.15,9942.0,-9.9593,10198,102,318,2026-08-24 03:12:46
245350,4,TIGER 유로스탁스배당30,19745,2,165,0.84,19581.0,0.0812,1152,22,316,2026-08-24 03:12:46
426150,6,WON 대한민국국고채액티브,50785,5,-15,-0.03,50839.0,-2.3735,1376,69,316,2026-08-24 03:12:46
476070,4,KODEX 글로벌비만치료제TOP2 Plus,11615,2,145,1.26,11588.0,3.7912,3056,35,314,2026-08-24 03:12:46
248270,4,TIGER S&P글로벌헬스케어(합성),27475,2,215,0.79,27263.0,6.881,5853,161,313,2026-08-24 03:12:46
0138T0,4,RISE 미국S&P500데일리고정커버드콜,9490,5,-55,-0.58,9499.0,-4.9245,14609,138,313,2026-08-24 03:12:46
459750,4,RISE 글로벌주식분산액티브,17880,5,-50,-0.28,17939.0,-4.8133,4817,86,313,2026-08-24 03:12:46
0089B0,7,PLUS 미국나스닥100미국채혼합50,11165,5,-55,-0.49,11177.0,-7.4226,4478,50,313,2026-08-24 03:12:46
0085N0,6,ACE 미국10년국채액티브(H),9755,5,-15,-0.15,9744.0,0.113,11058,107,312,2026-08-24 03:12:46
494410,4,PLUS 미국S&P500성장주,14155,5,-25,-0.18,14161.0,-6.3957,1306,18,311,2026-08-24 03:12:46
395170,2,KODEX Top10동일가중,15500,5,-500,-3.12,15503.0,-18.2737,3713,58,310,2026-08-24 03:12:46
0155N0,2,HANARO K휴머노이드테마TOP10,7675,5,-45,-0.58,7679.0,-27.7154,9015,69,307,2026-08-24 03:12:46
468630,6,KODEX iShares미국투자등급회사채액티브,10865,5,-35,-0.32,10840.0,-8.3659,26719,289,305,2026-08-24 03:12:46
464920,4,PLUS 일본반도체소부장,24400,2,45,0.18,24561.0,-3.5828,5789,141,305,2026-08-24 03:12:46
156080,1,KODEX MSCI Korea,50760,5,-1930,-3.66,50719.0,-8.9371,5797,297,305,2026-08-24 03:12:46
395290,2,HANARO Fn K-POP&미디어,4820,2,35,0.73,4813.0,-24.705,5958,28,304,2026-08-24 03:12:46
456680,4,TIGER 차이나전기차레버리지(합성),6630,5,-90,-1.34,6690.0,-42.6622,30701,205,304,2026-08-24 03:12:46
0192M0,2,RISE 삼성전자단일종목레버리지,10940,5,-1970,-15.26,10989.0,,25768,292,304,2026-08-24 03:12:46
139270,2,TIGER 200 금융,16260,5,-300,-1.81,16269.0,-1.6922,4890,79,302,2026-08-24 03:12:46
275290,2,KODEX 가치주,33600,5,-960,-2.78,33591.0,-5.5627,2087,70,302,2026-08-24 03:12:46
0204S0,1,TIGER 코스닥액티브,6515,2,100,1.56,6509.0,,42951,280,300,2026-08-24 03:12:46
469790,2,KIWOOM 코리아테크TOP10,42305,5,-1035,-2.39,42121.0,-7.8699,274,11,296,2026-08-24 03:12:46
0150K0,2,KoAct 수소전력ESS인프라액티브,10195,2,390,3.98,10221.0,-35.2378,13824,140,296,2026-08-24 03:12:46
387270,4,TIGER 글로벌이노베이션액티브,24410,5,-250,-1.01,24433.0,-13.6253,1203,29,295,2026-08-24 03:12:46
0155M0,4,ACE 미국SMR원자력TOP10,7115,2,210,3.04,7098.0,-19.5691,8426,59,295,2026-08-24 03:12:46
117460,2,KODEX 에너지화학,13555,2,285,2.15,13541.0,-17.8861,5510,75,294,2026-08-24 03:12:46
192720,2,파워 고배당저변동성,57640,2,470,0.82,57735.0,-4.894,1361,78,294,2026-08-24 03:12:46
446690,4,KODEX 아시아AI반도체exChina액티브,58395,5,-820,-1.38,58403.0,-11.1095,1148,67,292,2026-08-24 03:12:46
0203S0,7,WON 삼성전자현대차채권혼합50,8715,5,-215,-2.41,8717.0,,48791,427,292,2026-08-24 03:12:46
0107F0,4,KIWOOM 미국고배당&AI테크,11440,5,-35,-0.31,11483.0,-3.8236,5529,63,292,2026-08-24 03:12:46
414270,4,ACE 글로벌자율주행액티브,12015,2,35,0.29,12001.0,-16.1359,1325,15,288,2026-08-24 03:12:46
145850,2,TREX 펀더멘탈 200,115005,5,-2630,-2.24,115441.0,-7.2601,2,0,288,2026-08-24 03:12:46
289480,3,TIGER 200커버드콜,12465,5,-150,-1.19,12488.0,12.9999,11619,145,287,2026-08-24 03:12:46
117680,2,KODEX 철강,12315,2,595,5.08,12337.0,-26.1541,102252,1252,284,2026-08-24 03:12:46
415340,4,KODEX 차이나과창판STAR50(합성),13740,5,-560,-3.92,13762.0,-13.9591,8467,119,284,2026-08-24 03:12:46
450190,4,KODEX 한중반도체(합성),47400,5,-1560,-3.19,46937.0,-13.9695,265,12,284,2026-08-24 03:12:46
0184E0,7,1Q 200채권혼합50액티브,10900,5,-175,-1.58,10893.0,-3.1087,91543,1007,283,2026-08-24 03:12:46
252710,3,TIGER 200선물인버스2X,86,2,6,7.5,87.0,-27.928,130852534,11005,283,2026-08-24 03:12:46
494340,4,ACE 글로벌AI맞춤형반도체,18680,5,-555,-2.89,18732.0,-12.6873,8289,155,280,2026-08-24 03:12:46
475380,7,RISE 글로벌리얼티인컴,10452,5,-23,-0.22,10453.0,-8.9409,2987,31,277,2026-08-24 03:12:46
253250,3,KIWOOM 200선물레버리지,95385,5,-7170,-6.99,95436.0,-33.7586,9774,969,277,2026-08-24 03:12:46
223190,2,KODEX 200가치저변동,27565,5,-480,-1.71,27553.0,-8.9597,23086,639,276,2026-08-24 03:12:46
261250,7,KODEX 미국달러선물레버리지,15900,5,-130,-0.81,15924.0,-14.6433,40697,647,275,2026-08-24 03:12:46
0166N0,1,PLUS 코스닥150액티브,7405,2,130,1.79,7400.0,-32.3256,26400,195,274,2026-08-24 03:12:46
419430,4,KODEX 차이나2차전지MSCI(합성),9785,2,10,0.1,9772.0,-19.5143,220,2,274,2026-08-24 03:12:46
493420,4,SOL 미국배당다우존스2호,12990,2,10,0.08,13005.0,0.648,3413,44,273,2026-08-24 03:12:46
225130,4,ACE 골드선물 레버리지(합성 H),54490,2,2090,3.99,54591.0,-3.8797,6412,349,272,2026-08-24 03:12:46
459790,4,KIWOOM 미국성장기업30액티브,20170,2,30,0.15,20079.0,-13.8396,174,3,272,2026-08-24 03:12:46
440340,7,TIGER 글로벌멀티에셋TIF액티브,12065,3,0,0.0,12060.0,-6.2897,3085,37,271,2026-08-24 03:12:46
0218J0,7,RISE 미국우주&로봇TOP2미국채혼합50,8900,2,60,0.68,8975.0,,69774,625,271,2026-08-24 03:12:46
0137W0,4,KIWOOM 미국S&P500&GOLD,10435,2,35,0.34,10450.0,-5.0619,5031,52,271,2026-08-24 03:12:46
0013R0,7,RISE 테슬라미국채타겟커버드콜혼합(합성),7955,2,70,0.89,7907.0,-13.3048,32836,260,270,2026-08-24 03:12:46
0198D0,2,1Q SK하이닉스선물단일종목레버리지,8905,5,-470,-5.01,8891.0,,54476,516,270,2026-08-24 03:12:46
437350,6,RISE 미국단기투자등급회사채액티브,12205,5,-60,-0.49,12212.0,-7.1537,17929,219,269,2026-08-24 03:12:46
0047R0,4,RISE 팔란티어고정테크100,15260,2,90,0.59,15318.0,0.2023,12850,196,267,2026-08-24 03:12:46
0115C0,4,RISE 미국고배당다우존스TOP10,11355,2,90,0.8,11331.0,0.816,2573,29,267,2026-08-24 03:12:46
0223R0,4,TIGER 미국테크NYSE100액티브,9170,5,-210,-2.24,9287.0,,19502,179,267,2026-08-24 03:12:46
167860,6,KIWOOM 국고채10년레버리지,91725,2,120,0.13,91817.0,-1.2452,1,0,266,2026-08-24 03:12:46
489290,4,WON 미국빌리어네어,14770,2,30,0.2,14762.0,-10.8288,2007,29,266,2026-08-24 03:12:46
245360,4,TIGER 차이나HSCEI,12300,5,-255,-2.03,12304.0,-6.3312,6656,83,264,2026-08-24 03:12:46
479850,2,HANARO K-뷰티,19530,2,755,4.02,19530.0,18.1189,57066,1108,264,2026-08-24 03:12:46
261060,2,TIGER 코스닥150IT,22605,2,410,1.85,22589.0,-27.1699,5989,134,262,2026-08-24 03:12:46
0103T0,2,1Q K소버린AI,8885,2,20,0.23,8873.0,-1.8816,78986,710,262,2026-08-24 03:12:46
461600,6,SOL 미국30년국채액티브(H),8320,2,10,0.12,8321.0,-1.3065,13475,112,262,2026-08-24 03:12:46
0152E0,2,SOL 배당성향탑픽액티브,10600,5,-60,-0.56,10615.0,-8.5283,11892,125,260,2026-08-24 03:12:46
185680,4,KODEX 미국S&P바이오(합성),48775,2,310,0.64,48870.0,14.3446,2232,109,259,2026-08-24 03:12:46
0164G0,4,RISE 차이나AI반도체TOP4Plus,12320,5,-680,-5.23,12313.0,-12.9853,14715,183,259,2026-08-24 03:12:46
368190,2,HANARO Fn K-뉴딜디지털플러스,8055,2,170,2.16,8067.0,-10.8032,116,0,258,2026-08-24 03:12:46
0049K0,7,ACE 미국배당퀄리티채권혼합50,11145,2,5,0.04,11140.0,-2.8742,11450,127,256,2026-08-24 03:12:46
277540,4,ACE 아시아TOP50,31740,5,-650,-2.01,31648.0,-5.4859,779,25,254,2026-08-24 03:12:46
0097L0,7,KIWOOM 한국고배당&미국AI테크,12460,5,-35,-0.28,12486.0,-6.0179,958,11,249,2026-08-24 03:12:46
483570,4,KCGI 미국S&P500 TOP10,15445,5,-110,-0.71,15458.0,-10.6035,1026,15,247,2026-08-24 03:12:46
496120,1,ACE 코리아밸류업,32895,5,-595,-1.78,32850.0,-9.0969,507,16,247,2026-08-24 03:12:46
0093D0,7,KoAct 팔란티어밸류체인액티브,17500,3,0,0.0,17575.0,-7.1126,720,12,245,2026-08-24 03:12:46
0198B0,2,1Q 삼성전자선물단일종목레버리지,11150,5,-2195,-16.45,11140.0,,30434,352,244,2026-08-24 03:12:46
139250,2,TIGER 200 에너지화학,17370,2,55,0.32,17330.0,-11.4245,15977,280,243,2026-08-24 03:12:46
195970,4,PLUS 선진국MSCI(합성 H),16510,5,-85,-0.51,16688.0,5.1647,3928,65,241,2026-08-24 03:12:46
292500,1,SOL KRX300,47980,5,-1540,-3.11,48047.0,-11.4577,28,1,240,2026-08-24 03:12:46
411540,1,SOL 200 Top10,17115,5,-150,-0.87,17114.0,-14.9804,1138,19,240,2026-08-24 03:12:46
280930,4,KODEX 미국러셀2000(H),17085,2,105,0.62,17073.0,6.1913,2355,40,239,2026-08-24 03:12:46
159800,1,마이티 코스피100,84770,5,-2445,-2.8,84450.0,-10.4753,7,0,237,2026-08-24 03:12:46
269420,4,KODEX S&P글로벌인프라(합성),22280,5,-180,-0.8,22215.0,-8.2704,1439,32,237,2026-08-24 03:12:46
481340,6,RISE 미국30년국채액티브,8595,5,-35,-0.41,8579.0,-8.936,18227,156,236,2026-08-24 03:12:46
0206G0,7,1Q 현대차기아채권혼합50,8290,5,-10,-0.12,8286.0,,35811,296,236,2026-08-24 03:12:46
292160,1,TIGER KRX300,47215,5,-1440,-2.96,47169.0,-11.6907,6145,290,236,2026-08-24 03:12:46
289250,2,TIGER MSCI KOREA ESG유니버설,34210,5,-610,-1.75,34046.0,-9.0942,286,9,236,2026-08-24 03:12:46
138230,7,KIWOOM 미국달러선물,16160,5,-40,-0.25,16173.0,-7.4022,443,7,234,2026-08-24 03:12:46
461450,1,KODEX 코스닥글로벌,15570,2,415,2.74,15589.0,-19.5381,4881,75,234,2026-08-24 03:12:46
204450,4,KODEX 차이나H레버리지(H),2335,5,-80,-3.31,2333.0,-0.2067,8592,20,231,2026-08-24 03:12:46
367740,2,HANARO Fn5G산업,41900,5,-5,-0.01,41773.0,-7.891,901,37,230,2026-08-24 03:12:46
300950,2,KODEX 게임산업,5455,5,-10,-0.18,5460.0,-12.9778,15479,85,229,2026-08-24 03:12:46
364690,1,KODEX 혁신기술테마액티브,38175,5,-735,-1.89,38129.0,-12.6461,192,7,229,2026-08-24 03:12:46
438320,4,TIGER 차이나항셍테크레버리지(합성 H),5210,5,-340,-6.13,5206.0,-6.4081,39206,209,229,2026-08-24 03:12:46
388280,2,RISE K엔터&여행레저,6885,2,80,1.18,6890.0,-18.6005,3186,21,229,2026-08-24 03:12:46
442550,7,RISE TDF2030액티브 적격,14680,3,0,0.0,14581.0,-3.5043,3585,52,228,2026-08-24 03:12:46
477730,4,KODEX 인도타타그룹,7535,5,-25,-0.33,7544.0,-5.5524,2200,16,226,2026-08-24 03:12:46
0153X0,4,PLUS 미국고배당주액티브,11570,2,75,0.65,11562.0,2.4751,9580,110,226,2026-08-24 03:12:46
469160,4,ACE 일본반도체,25050,2,160,0.64,25089.0,-9.5403,3721,92,225,2026-08-24 03:12:46
0047P0,4,RISE 테슬라고정테크100,14540,2,190,1.32,14529.0,-11.0882,4339,63,225,2026-08-24 03:12:46
447660,7,PLUS 애플채권혼합,13580,5,-60,-0.44,13605.0,-0.1163,6914,93,224,2026-08-24 03:12:46
471460,6,KIWOOM 국고채30년액티브,44740,2,30,0.07,44764.0,-7.6086,649,29,224,2026-08-24 03:12:46
0067V0,4,TIGER 차이나글로벌리더스TOP3+,10165,5,-345,-3.28,10159.0,-10.5532,1125,11,224,2026-08-24 03:12:46
0065G0,4,KODEX 차이나테크TOP10,8665,5,-405,-4.47,8693.0,-10.669,34658,311,221,2026-08-24 03:12:46
0127R0,4,RISE 미국AI클라우드인프라,16335,5,-615,-3.63,16587.0,-4.8749,7922,130,221,2026-08-24 03:12:46
464600,2,SOL 자동차소부장Fn,23140,2,125,0.54,23060.0,-18.4877,1411,32,220,2026-08-24 03:12:46
239660,6,PLUS 우량회사채50,121650,2,5,0.0,121660.0,0.6786,1601,194,219,2026-08-24 03:12:46
433220,4,에셋플러스 글로벌대장장이액티브,29455,5,-350,-1.17,29490.0,-16.7691,84,2,218,2026-08-24 03:12:46
0026E0,4,KODEX 미국S&P500버퍼3월액티브,11715,2,90,0.77,11732.0,-5.411,80,0,217,2026-08-24 03:12:46
376410,2,TIGER 탄소효율그린뉴딜,23960,5,-535,-2.18,23942.0,-10.439,259,6,216,2026-08-24 03:12:46
375760,2,HANARO 탄소효율그린뉴딜,23900,5,-715,-2.9,23862.0,-9.5186,73,1,215,2026-08-24 03:12:46
253290,7,RISE 헬스케어채권혼합,11910,2,145,1.23,11932.0,-2.116,3343,39,214,2026-08-24 03:12:46
371450,4,TIGER 글로벌클라우드컴퓨팅INDXX,13670,2,70,0.51,13766.0,10.2106,11059,152,213,2026-08-24 03:12:46
0144M0,4,KODEX 미국드론UAM TOP10,7730,2,15,0.19,7739.0,-13.3633,8526,65,213,2026-08-24 03:12:46
108590,1,TREX 200,106230,5,-3440,-3.14,105970.0,-10.5809,12,1,212,2026-08-24 03:12:46
0186L0,4,KoAct 미국로봇피지컬AI액티브,9195,3,0,0.0,9226.0,-13.3773,7138,65,211,2026-08-24 03:12:46
217770,5,TIGER 원유선물인버스(H),1247,2,7,0.56,1247.0,2.734,137390,171,210,2026-08-24 03:12:46
463300,4,RISE 중국본토CSI300,13125,5,-220,-1.65,13177.0,-9.3492,669,8,210,2026-08-24 03:12:46
404260,2,KODEX 기후변화솔루션,23115,2,40,0.17,23083.0,-19.2868,58,1,208,2026-08-24 03:12:46
364990,2,TIGER 게임TOP10,4750,5,-40,-0.84,4749.0,-11.0493,22174,106,207,2026-08-24 03:12:46
300640,2,RISE 게임테마,6355,5,-50,-0.78,6371.0,-9.2134,2145,13,207,2026-08-24 03:12:46
0192S0,7,SOL 코스피200채권혼합50,9370,5,-165,-1.73,9364.0,-4.592,116786,1104,206,2026-08-24 03:12:46
152380,6,KODEX 국채선물10년,64810,2,175,0.27,64822.0,-0.4314,287,18,206,2026-08-24 03:12:46
437070,6,KODEX 아시아달러채권ESG플러스액티브,59355,5,-220,-0.37,59425.0,-7.7371,1216,72,205,2026-08-24 03:12:46
417630,2,TIGER KEDI혁신기업ESG30,19545,2,410,2.14,19498.0,-8.5326,1286,24,205,2026-08-24 03:12:46
169950,4,KODEX 차이나A50,25570,5,-80,-0.31,25525.0,-9.9527,1238,31,205,2026-08-24 03:12:46
337120,2,KODEX 멀티팩터,33955,5,-665,-1.92,33721.0,-11.7403,11,0,204,2026-08-24 03:12:46
489000,6,PLUS 일본엔화초단기국채(합성),9195,5,-30,-0.33,9197.0,-7.7962,10536,97,202,2026-08-24 03:12:46
0177A0,2,WON 두산그룹포커스,8195,5,-25,-0.3,8195.0,-32.6506,16638,136,201,2026-08-24 03:12:46
304770,1,HANARO 코스닥150,14100,2,260,1.88,14138.0,-25.411,3455,48,200,2026-08-24 03:12:46
416090,4,ACE 중국과창판STAR50,12500,5,-430,-3.33,12416.0,-15.1018,4636,58,200,2026-08-24 03:12:46
091220,2,TIGER 은행,16115,5,-120,-0.74,16159.0,5.5415,5018,80,200,2026-08-24 03:12:46
465670,4,TIGER 미국캐시카우100,17275,2,75,0.44,17100.0,10.7363,19518,336,199,2026-08-24 03:12:46
226980,1,KODEX 200 중소형,22050,2,355,1.64,22116.0,-19.7107,756,16,198,2026-08-24 03:12:46
289040,2,KODEX MSCI KOREA ESG유니버설,33070,5,-320,-0.96,32654.0,-8.8041,1,0,198,2026-08-24 03:12:46
0190M0,4,KIWOOM 미국AI테크하이베타,8205,5,-215,-2.55,8318.0,-18.8434,10316,85,197,2026-08-24 03:12:46
497780,4,KoAct 미국천연가스인프라액티브,10615,5,-100,-0.93,10577.0,-10.5168,16298,172,196,2026-08-24 03:12:46
0224X0,7,1Q 엔비디아알파벳미국채혼합50,9770,2,40,0.41,9704.0,,52025,508,195,2026-08-24 03:12:46
213630,4,PLUS 미국다우존스고배당주(합성 H),21105,5,-35,-0.17,21200.0,7.0379,7998,168,194,2026-08-24 03:12:46
407310,1,HANARO 200 TOP10,16785,5,-125,-0.74,16753.0,-14.3247,1042,17,193,2026-08-24 03:12:46
379790,4,RISE 유로스탁스50(H),17460,2,35,0.2,17563.0,8.2147,18995,332,192,2026-08-24 03:12:46
0223A0,2,RISE 코스닥커버드콜액티브,10375,2,95,0.92,10387.0,,168197,1765,192,2026-08-24 03:12:46
0018Z0,4,RISE 미국양자컴퓨팅,18270,2,185,1.02,18422.0,-9.0637,1663,30,192,2026-08-24 03:12:46
0203R0,6,WON 중단기종합채권(A-이상)액티브,50450,3,0,0.0,50449.0,,0,0,192,2026-08-24 03:12:46
487950,4,KODEX 대만테크고배당다우존스,13050,5,-85,-0.65,13131.0,-0.3515,10855,142,189,2026-08-24 03:12:46
0105D0,2,SOL 한국AI소프트웨어,9900,5,-10,-0.1,9903.0,-3.7865,70278,703,188,2026-08-24 03:12:46
228820,1,TIGER KTOP30,18640,5,-575,-2.99,18687.0,-8.5404,2545,48,186,2026-08-24 03:12:46
284980,2,RISE 200금융,21640,5,-325,-1.48,21632.0,-1.5966,920,19,186,2026-08-24 03:12:46
229720,1,KODEX KTOP30,37095,5,-880,-2.32,37030.0,-8.7891,1397,52,185,2026-08-24 03:12:46
276000,4,TIGER 글로벌자원생산기업(합성 H),21795,2,810,3.86,21581.0,2.9433,5649,122,185,2026-08-24 03:12:46
0104P0,2,TIGER 코리아배당다우존스위클리커버드콜,10890,2,40,0.37,10884.0,-6.9349,4839,52,185,2026-08-24 03:12:46
183710,7,RISE 주식혼합,92370,5,-1675,-1.78,91467.0,-7.59,22,2,185,2026-08-24 03:12:46
304760,1,HANARO KRX300,46150,5,-1865,-3.88,46251.0,-10.2815,208,9,185,2026-08-24 03:12:46
445910,2,TIGER MKF배당귀족,20390,2,80,0.39,20342.0,-8.2296,3699,75,184,2026-08-24 03:12:46
445690,2,BNK 주주가치액티브,29840,5,-635,-2.08,29861.0,-11.1646,157,4,179,2026-08-24 03:12:46
468370,6,KODEX iShares미국인플레이션국채액티브,10720,5,-70,-0.65,10716.0,-7.5745,2159,23,179,2026-08-24 03:12:46
385600,2,ACE 2차전지&친환경차액티브,11845,2,405,3.54,11869.0,-20.028,5456,64,178,2026-08-24 03:12:46
449580,7,RISE 테슬라애플아마존채권혼합,16125,2,25,0.16,16128.0,-4.9912,6377,102,177,2026-08-24 03:12:46
461900,4,PLUS 미국테크TOP10,21840,5,-160,-0.73,21854.0,-11.1291,693,15,175,2026-08-24 03:12:46
474920,4,에셋플러스 차이나일등기업포커스10액티브,18570,5,-370,-1.95,18342.0,3.6672,9778,182,175,2026-08-24 03:12:46
483330,4,ACE 마이크로소프트밸류체인액티브,14530,5,-10,-0.07,14552.0,-2.71,42086,613,174,2026-08-24 03:12:46
461910,4,PLUS 미국테크TOP10레버리지(합성),34845,5,-405,-1.15,34871.0,-23.627,185,6,174,2026-08-24 03:12:46
195920,4,TIGER 일본TOPIX(합성 H),34810,5,-75,-0.21,35193.0,5.2655,73,2,174,2026-08-24 03:12:46
227830,1,PLUS 코스피,69490,5,-1610,-2.26,69474.0,-11.6378,3346,234,174,2026-08-24 03:12:46
477490,4,에셋플러스 글로벌일등기업포커스10액티브,19190,5,-80,-0.42,19191.0,-11.1163,377,7,173,2026-08-24 03:12:46
391670,1,HK 베스트일레븐액티브,28720,5,-660,-2.25,28479.0,-6.819,6272,181,172,2026-08-24 03:12:46
415760,4,SOL 차이나육성산업액티브(합성),12670,5,-520,-3.94,12800.0,-14.295,9436,123,172,2026-08-24 03:12:46
236350,4,TIGER 인도니프티50레버리지(합성),27765,5,-230,-0.82,27878.0,-12.978,155,4,172,2026-08-24 03:12:46
0086C0,7,TIGER 리츠부동산인프라10채권혼합액티브,9835,2,30,0.31,9837.0,-0.9103,3066,30,172,2026-08-24 03:12:46
225060,4,TIGER 이머징마켓MSCI레버리지(합성 H),16140,5,-480,-2.89,16295.0,3.5514,1361,22,171,2026-08-24 03:12:46
460660,4,RISE 미국S&P배당킹,12195,2,20,0.16,12168.0,4.5933,1647,20,171,2026-08-24 03:12:46
404120,2,TIME K신재생에너지액티브,24385,2,250,1.04,24420.0,-19.4964,1585,38,171,2026-08-24 03:12:46
250730,4,RISE 차이나HSCEI(H),10015,5,-40,-0.4,10004.0,-0.2975,358,3,170,2026-08-24 03:12:46
457690,6,KODEX 33-06 국고채액티브,10485,2,25,0.24,10479.0,-0.0478,14178,148,170,2026-08-24 03:12:46
292050,1,RISE KRX300,48440,5,-1415,-2.84,48324.0,-11.7689,310,15,170,2026-08-24 03:12:46
0193K0,2,PLUS 삼성전자단일종목레버리지,11890,5,-2260,-15.97,11875.0,,24953,316,169,2026-08-24 03:12:46
289260,2,TIGER MSCI KOREA ESG리더스,28160,5,-295,-1.04,28107.0,-6.6744,436,12,169,2026-08-24 03:12:46
494420,2,PLUS 미국배당증가성장주데일리커버드콜,9285,2,35,0.38,9263.0,-1.9644,7359,68,167,2026-08-24 03:12:46
332620,6,PLUS 미국장기우량회사채,88330,5,-290,-0.33,88370.0,-9.2794,983,86,165,2026-08-24 03:12:46
419650,4,PLUS 글로벌수소&차세대연료전지,5080,5,-35,-0.68,5022.0,-28.4115,5140,26,165,2026-08-24 03:12:46
219390,4,RISE 미국S&P원유생산기업(합성 H),8230,2,55,0.67,8355.0,5.6884,16084,131,165,2026-08-24 03:12:46
291130,4,ACE MSCI멕시코(합성),18105,2,30,0.17,18398.0,-10.7848,2144,39,163,2026-08-24 03:12:46
0193L0,2,PLUS 삼성전자선물단일종목인버스2X,9550,2,1350,16.46,9564.0,,864319,7944,160,2026-08-24 03:12:46
266410,2,KODEX 필수소비재,10010,2,230,2.35,10047.0,2.0698,26604,265,160,2026-08-24 03:12:46
131890,2,ACE 삼성그룹동일가중,39705,5,-620,-1.54,39571.0,-0.7874,252,10,159,2026-08-24 03:12:46
432840,4,HANARO 미국S&P500,19750,5,-10,-0.05,19743.0,-5.0902,2915,57,158,2026-08-24 03:12:46
265690,4,ACE 러시아MSCI(합성),8535,3,0,0.0,48.0,0.0,0,0,158,2026-08-24 03:12:46
387280,2,TIGER 퓨처모빌리티액티브,11615,2,305,2.7,11550.0,-25.0249,4497,52,157,2026-08-24 03:12:46
453630,4,KODEX 미국S&P500필수소비재,12520,2,115,0.93,12537.0,-7.3821,3060,38,157,2026-08-24 03:12:46
0207Z0,4,KIWOOM 미국우주데이터센터인프라,6995,5,-65,-0.92,7045.0,,7289,51,154,2026-08-24 03:12:46
0220A0,7,KIWOOM 현대차그룹TOP3채권혼합50,9535,5,-40,-0.42,9540.0,,12367,118,153,2026-08-24 03:12:46
488290,4,MIDAS 일본테크액티브,43395,2,85,0.2,43500.0,-9.3934,1289,55,152,2026-08-24 03:12:46
0051A0,4,KoAct 브로드컴밸류체인액티브,23355,5,-305,-1.29,23439.0,-9.9353,1221,28,152,2026-08-24 03:12:46
114460,6,ACE 국고채3년,100710,2,55,0.05,100705.0,0.7373,56,5,151,2026-08-24 03:12:46
453820,4,KODEX 인도Nifty50레버리지(합성),11515,5,-160,-1.37,11592.0,-11.4525,128,1,150,2026-08-24 03:12:46
413930,2,WON AI ESG액티브,27150,5,-730,-2.62,27129.0,-12.0921,58,1,149,2026-08-24 03:12:46
337150,2,KODEX 200exTOP,24880,5,-15,-0.06,24922.0,-13.7351,198,4,149,2026-08-24 03:12:46
104520,2,KIWOOM 블루칩,14895,2,205,1.4,14883.0,-9.1005,80,1,149,2026-08-24 03:12:46
130680,5,TIGER 원유선물Enhanced(H),7090,5,-20,-0.28,7080.0,-8.6119,11315,79,149,2026-08-24 03:12:46
0216Z0,2,ACE K방산TOP5+,8700,2,65,0.75,8711.0,,20322,176,148,2026-08-24 03:12:46
491510,2,파워 K-주주가치액티브,17345,2,45,0.26,17392.0,-9.1895,616,10,147,2026-08-24 03:12:46
453010,7,PLUS KOFR금리,109780,2,25,0.02,109786.0,0.6418,146,16,147,2026-08-24 03:12:46
438900,2,HANARO Fn K-푸드,11670,2,215,1.88,11693.0,-3.2039,18592,216,146,2026-08-24 03:12:46
0153P0,2,ACE 리츠부동산인프라액티브,9550,2,25,0.26,9553.0,-0.8617,7780,74,143,2026-08-24 03:12:46
0104G0,2,PLUS K방산레버리지,5950,2,60,1.02,5998.0,-51.8201,55877,332,143,2026-08-24 03:12:46
0013P0,4,RISE 미국은행TOP10,12830,2,80,0.63,12821.0,5.1175,5229,67,141,2026-08-24 03:12:46
404650,2,SOL KRX기후변화솔루션,23340,2,410,1.79,23080.0,-20.4342,66,1,140,2026-08-24 03:12:46
234310,2,RISE V&S셀렉트밸류,27875,5,-440,-1.55,27808.0,-12.5946,3,0,139,2026-08-24 03:12:46
0004G0,4,1Q 미국배당TOP30,9285,5,-10,-0.11,9277.0,3.1798,6986,64,139,2026-08-24 03:12:46
0090B0,2,PLUS K방산소부장,6470,2,25,0.39,6463.0,-45.3814,14717,95,139,2026-08-24 03:12:46
0028X0,4,KODEX 미국금융테크액티브,12080,2,120,1.0,12115.0,6.676,4817,58,139,2026-08-24 03:12:46
102960,2,KODEX 기계장비,13045,2,240,1.87,13054.0,-31.5241,3938,51,138,2026-08-24 03:12:46
373490,2,KODEX 코리아혁신성장액티브,25015,2,330,1.34,25011.0,-24.4067,223,5,138,2026-08-24 03:12:46
244620,2,KODEX 모멘텀Plus,19610,2,340,1.76,19522.0,-21.1216,151,2,137,2026-08-24 03:12:46
417450,4,RISE 글로벌수소경제,15965,2,240,1.53,15798.0,-24.5103,766,12,136,2026-08-24 03:12:46
396510,4,TIGER 차이나클린에너지SOLACTIVE,7340,5,-35,-0.47,7368.0,-23.7727,2981,22,135,2026-08-24 03:12:46
496130,1,TRUSTON 코리아밸류업액티브,24920,5,-830,-3.22,24998.0,-12.7119,396,9,135,2026-08-24 03:12:46
0127T0,4,KIWOOM 미국S&P500&배당다우존스비중전환,11145,3,0,0.0,11128.0,-3.7138,1027,11,134,2026-08-24 03:12:46
0127V0,4,KIWOOM 미국S&P500 TOP10&배당다우비중전환,10625,5,-50,-0.47,10626.0,-7.8024,2874,30,133,2026-08-24 03:12:46
0194R0,2,KIWOOM SK하이닉스선물단일종목레버리지,8400,5,-440,-4.98,8408.0,,21074,187,132,2026-08-24 03:12:46
137610,5,TIGER 농산물선물Enhanced(H),5725,2,100,1.78,5741.0,2.6459,6394,36,132,2026-08-24 03:12:46
0222F0,2,마이티 AI데이터센터밸류체인,12525,5,-50,-0.4,12548.0,,2092,26,132,2026-08-24 03:12:46
428560,4,KODEX 미국ETF산업Top10 Indxx,16370,2,120,0.74,16363.0,-0.8552,1164,19,131,2026-08-24 03:12:46
266390,2,KODEX 경기소비재,14550,2,190,1.32,14579.0,-4.4927,808,11,131,2026-08-24 03:12:46
0088N0,2,WON K-글로벌수급상위,10445,2,150,1.46,10444.0,-26.5954,488,5,131,2026-08-24 03:12:46
360150,2,KODEX 코스닥150롱코스피200숏선물,3175,2,155,5.13,3178.0,-22.165,74512,231,130,2026-08-24 03:12:46
472720,1,TRUSTON 주주가치액티브,24895,5,-475,-1.87,24956.0,-15.377,541,13,129,2026-08-24 03:12:46
485810,4,TIME 글로벌바이오액티브,11720,2,115,0.99,11721.0,13.7745,26819,314,129,2026-08-24 03:12:46
252650,1,KODEX 200동일가중,18395,2,320,1.77,18370.0,-11.4845,1957,35,129,2026-08-24 03:12:46
489860,4,KIWOOM 글로벌전력GRID인프라,15105,5,-110,-0.72,15060.0,-10.9862,1416,21,128,2026-08-24 03:12:46
300610,2,TIGER K게임,5330,5,-25,-0.47,5327.0,-11.1204,7432,39,128,2026-08-24 03:12:46
395760,2,PLUS ESG성장주액티브,21320,3,0,0.0,20912.0,-11.7002,0,0,128,2026-08-24 03:12:46
272570,6,RISE 중장기국공채액티브,107840,2,20,0.02,107843.0,0.5502,4,0,127,2026-08-24 03:12:46
176950,6,KODEX 국채선물10년인버스,60470,5,-80,-0.13,60445.0,1.2965,433,26,127,2026-08-24 03:12:46
0015F0,7,KIWOOM 팔란티어미국30년국채혼합액티브(H),10555,2,80,0.76,10603.0,5.8651,2903,30,127,2026-08-24 03:12:46
435040,4,ACE 글로벌브랜드TOP10,19470,2,70,0.36,19426.0,-5.267,321,6,127,2026-08-24 03:12:46
290080,3,RISE 200고배당커버드콜ATM,7155,2,45,0.63,7294.0,8.8214,11093,79,125,2026-08-24 03:12:46
484890,6,SOL 머니마켓액티브,52505,2,5,0.01,52500.0,0.6711,1099,57,125,2026-08-24 03:12:46
400570,4,KODEX 유럽탄소배출권선물ICE(H),11355,5,-95,-0.83,11385.0,10.3614,1078,12,125,2026-08-24 03:12:46
435550,7,KIWOOM TDF2050액티브 적격,17830,5,-15,-0.08,17860.0,-5.8644,640,11,125,2026-08-24 03:12:46
279540,2,KODEX 최소변동성,20780,2,30,0.14,20692.0,-12.8706,1,0,125,2026-08-24 03:12:46
363510,6,SOL KIS단기통안채,112095,3,0,0.0,112096.0,0.5651,0,0,124,2026-08-24 03:12:46
453060,6,HANARO KOFR금리액티브(합성),111330,2,10,0.01,111339.0,0.6555,5,0,122,2026-08-24 03:12:46
453660,4,KODEX 미국S&P500경기소비재,17490,3,0,0.0,17603.0,-8.4383,401,7,122,2026-08-24 03:12:46
0208N0,1,IBK 코스피액티브,7385,5,-265,-3.46,7382.0,,650,4,122,2026-08-24 03:12:46
269370,4,TIGER S&P글로벌인프라(합성),17300,5,-145,-0.83,17097.0,-7.7353,85,1,121,2026-08-24 03:12:46
332610,6,PLUS 미국단기회사채(AAA~A),125805,5,-630,-0.5,125911.0,-7.0945,120,15,121,2026-08-24 03:12:46
0000H0,2,KODEX 인도Nifty미드캡100,10500,5,-15,-0.14,10507.0,-4.7536,220,2,121,2026-08-24 03:12:46
140580,2,RISE 우량업종대표주,24150,2,355,1.49,24089.0,-16.1558,12,0,121,2026-08-24 03:12:46
0221Z0,2,ACE K바이오코스닥액티브,10905,2,380,3.61,10932.0,,187554,2025,120,2026-08-24 03:12:46
0008E0,4,ACE 미국중심중소형제조업,12620,2,5,0.04,12617.0,-13.0,94,1,120,2026-08-24 03:12:46
409810,4,KODEX 미국나스닥100선물인버스(H),5570,2,5,0.09,5558.0,-0.5362,22993,127,120,2026-08-24 03:12:46
251590,2,PLUS 고배당저변동50,17050,2,50,0.29,17114.0,-5.297,798,13,119,2026-08-24 03:12:46
269530,4,PLUS S&P글로벌인프라,19875,5,-180,-0.9,19944.0,-9.7343,633,12,119,2026-08-24 03:12:46
457700,6,KODEX 53-09 국고채액티브,8990,2,25,0.28,8993.0,-7.0985,362,3,119,2026-08-24 03:12:46
448490,6,HANARO 32-10 국고채액티브,52795,2,130,0.25,52783.0,-0.5758,24,1,118,2026-08-24 03:12:46
410870,2,TIME K컬처액티브,9740,2,245,2.58,9756.0,-12.6495,6800,66,117,2026-08-24 03:12:46
487750,2,BNK 온디바이스AI,29170,5,-655,-2.2,29163.0,-20.1473,1762,51,117,2026-08-24 03:12:46
166400,3,TIGER 200커버드콜OTM,23240,5,-360,-1.53,23210.0,6.2859,1134,26,116,2026-08-24 03:12:46
354240,7,RISE 미국고정배당우선증권,10515,5,-105,-0.99,10521.0,-9.3083,1926,20,116,2026-08-24 03:12:46
280920,2,PLUS 주도업종,23045,5,-360,-1.54,23008.0,-15.6425,3,0,115,2026-08-24 03:12:46
0084E0,7,KIWOOM 미국대형주500월간목표헤지액티브,10355,2,55,0.53,10232.0,-6.618,34,0,114,2026-08-24 03:12:46
0113G0,4,KoAct 미국바이오헬스케어액티브,11945,2,170,1.44,11902.0,16.2388,9559,113,113,2026-08-24 03:12:46
498050,2,HANARO 바이오코리아액티브,11340,2,535,4.95,11275.0,-18.0509,1073,12,113,2026-08-24 03:12:46
451600,6,PLUS 국고채30년액티브,82680,2,135,0.16,82694.0,-8.0484,15,1,113,2026-08-24 03:12:46
0222D0,2,KoAct 고배당액티브,10275,2,15,0.15,10274.0,,21511,220,113,2026-08-24 03:12:46
461580,1,TIGER 코스닥글로벌,16025,2,405,2.59,15916.0,-18.4548,2072,32,112,2026-08-24 03:12:46
430500,7,KIWOOM 물가채KIS,112125,3,0,0.0,112284.0,-0.55,0,0,112,2026-08-24 03:12:46
451150,4,에셋플러스 글로벌영에이지액티브,18040,2,200,1.12,17970.0,-3.0962,2,0,112,2026-08-24 03:12:46
464610,2,SOL 의료기기소부장Fn,7405,2,120,1.65,7416.0,-18.4211,5787,42,111,2026-08-24 03:12:46
419420,4,KODEX 미국클린에너지나스닥,9190,2,15,0.16,9166.0,-23.4994,1083,9,110,2026-08-24 03:12:46
385710,2,TIME K이노베이션액티브,11010,2,220,2.04,10960.0,-27.07,10504,115,110,2026-08-24 03:12:46
140710,2,KODEX 운송,6450,2,130,2.06,6462.0,-5.6447,67496,435,110,2026-08-24 03:12:46
0094L0,4,RISE 차이나테크TOP10위클리타겟커버드콜,7820,5,-190,-2.37,8030.0,-9.9729,2479,19,109,2026-08-24 03:12:46
407820,2,에셋플러스 코리아플랫폼액티브,6080,2,15,0.25,6066.0,-20.1974,5805,35,109,2026-08-24 03:12:46
463640,4,KODEX 미국S&P500유틸리티,13675,5,-360,-2.57,13652.0,-8.0794,2745,37,109,2026-08-24 03:12:46
371870,4,ACE 차이나항셍테크,6805,5,-210,-2.99,6768.0,-9.367,1118,7,109,2026-08-24 03:12:46
446700,2,RISE 배터리 리사이클링,10435,2,550,5.56,10466.0,-26.3688,3287,34,109,2026-08-24 03:12:46
310080,4,RISE 중국MSCI China(H),9395,5,-190,-1.98,9334.0,0.419,1389,13,108,2026-08-24 03:12:46
0002C0,4,에셋플러스 인도일등기업포커스20액티브,9995,5,-15,-0.15,10012.0,2.0387,224,2,108,2026-08-24 03:12:46
0203D0,7,PLUS 200위클리커버드콜채권혼합,8940,5,-160,-1.76,8955.0,,9748,87,107,2026-08-24 03:12:46
0093B0,4,RISE 엔비디아고정테크100,12600,5,-25,-0.2,12578.0,-6.8911,1689,21,107,2026-08-24 03:12:46
0001P0,2,마이티 바이오시밀러&CDMO액티브,9540,2,250,2.69,9545.0,-16.0416,337,3,107,2026-08-24 03:12:46
0068M0,4,KODEX 미국S&P500버퍼6월액티브,11765,3,0,0.0,11804.0,-4.7434,0,0,106,2026-08-24 03:12:46
0191S0,1,IBK 코스닥150,14280,2,270,1.93,14245.0,-24.7786,2364,33,106,2026-08-24 03:12:46
456250,4,KODEX 유럽명품TOP10 STOXX,9050,2,85,0.95,9038.0,-5.1327,1498,13,104,2026-08-24 03:12:46
181480,7,ACE 미국부동산리츠(합성 H),86425,5,-190,-0.22,86220.0,2.3081,1150,99,104,2026-08-24 03:12:46
237440,7,TIGER 경기방어채권혼합,10370,2,55,0.53,10372.0,1.3759,4799,49,104,2026-08-24 03:12:46
354350,4,HANARO 글로벌럭셔리S&P(합성),19670,5,-65,-0.33,19919.0,-4.2223,256,5,102,2026-08-24 03:12:46
487910,4,ACE 인도컨슈머파워액티브,8500,3,0,0.0,8481.0,-3.0234,157,1,102,2026-08-24 03:12:46
460270,6,KIWOOM 미국달러SOFR금리액티브(합성),12560,5,-45,-0.36,12554.0,-6.9399,343,4,102,2026-08-24 03:12:46
140570,2,RISE 수출주,25280,2,485,1.96,25273.0,-16.2332,70,1,101,2026-08-24 03:12:46
429010,4,TIGER 미국나스닥넥스트100,19990,2,25,0.13,19961.0,0.9863,681,13,100,2026-08-24 03:12:46
494180,4,TIME 글로벌소비트렌드액티브,13300,5,-75,-0.56,13324.0,-6.2391,204,2,100,2026-08-24 03:12:46
0189Z0,2,DAISHIN 금융&지주고배당,9920,5,-60,-0.6,9956.0,,140,1,99,2026-08-24 03:12:46
0067Y0,4,TIGER 차이나AI소프트웨어,10375,5,-365,-3.4,10374.0,-16.1266,19301,207,99,2026-08-24 03:12:46
0120J0,2,BNK 카카오그룹포커스,7870,2,95,1.22,7863.0,-10.5808,24335,190,98,2026-08-24 03:12:46
117690,4,TIGER 차이나항셍30,19600,5,-460,-2.29,19677.0,-6.6543,5335,106,98,2026-08-24 03:12:46
463690,4,KODEX 미국S&P500커뮤니케이션,17675,5,-70,-0.39,17790.0,-12.0686,383,6,97,2026-08-24 03:12:46
0226G0,2,WON 피지컬AI TOP2플러스액티브,12115,5,-170,-1.38,12136.0,,47105,571,97,2026-08-24 03:12:46
0214M0,2,MIDAS 바이오헬스케어액티브,11365,2,535,4.94,11347.0,,1576,17,97,2026-08-24 03:12:46
252000,1,TIGER 200동일가중,19262,2,417,2.21,19235.0,-11.9147,1044,20,96,2026-08-24 03:12:46
0174R0,4,KIWOOM 미국성장다우존스,11300,5,-25,-0.22,11298.0,-5.9337,2072,23,96,2026-08-24 03:12:46
281990,2,RISE 중소형고배당,17430,2,130,0.75,17457.0,-6.7885,242,4,96,2026-08-24 03:12:46
449680,7,TIGER 한중전기차(합성),11080,2,290,2.69,10986.0,-26.8723,108,1,94,2026-08-24 03:12:46
497510,4,ACE 글로벌빅파마,13440,2,110,0.83,13469.0,5.6638,2023,27,94,2026-08-24 03:12:46
482030,2,KoAct 반도체&2차전지핵심소재액티브,8935,2,280,3.24,8918.0,-31.9308,1852,16,94,2026-08-24 03:12:46
230480,7,KIWOOM 미국달러선물인버스2X,4635,2,45,0.98,4642.0,16.6454,2178,10,93,2026-08-24 03:12:46
139240,2,TIGER 200 철강소재,11080,2,565,5.37,11077.0,-23.6384,56053,618,93,2026-08-24 03:12:46
301400,1,PLUS 코스닥150,14200,2,260,1.87,14269.0,-25.8905,3561,50,92,2026-08-24 03:12:46
174350,2,TIGER 로우볼,20925,2,55,0.26,20944.0,2.3137,1453,30,92,2026-08-24 03:12:46
341850,7,TIGER 리츠부동산인프라채권,4600,5,-20,-0.43,4605.0,0.6627,1173,5,92,2026-08-24 03:12:46
399580,4,RISE 글로벌클린에너지,9170,5,-105,-1.13,9196.0,-24.7628,1377,12,92,2026-08-24 03:12:46
0227K0,4,RISE 미국우주위성통신,9140,5,-115,-1.24,9379.0,,3441,31,91,2026-08-24 03:12:46
0084D0,7,KIWOOM 미국테크100월간목표헤지액티브,11390,2,40,0.35,11340.0,-8.1334,336,3,91,2026-08-24 03:12:46
375270,7,RISE 글로벌데이터센터리츠(합성),13910,5,-180,-1.28,13877.0,-13.9017,337,4,90,2026-08-24 03:12:46
0224D0,4,KIWOOM 미국CPU반도체TOP4+,9030,5,-160,-1.74,9093.0,,2178,19,90,2026-08-24 03:12:46
0133E0,4,TIGER 차이나증권,8565,5,-65,-0.75,8613.0,-5.8888,2043,17,90,2026-08-24 03:12:46
0194N0,2,KIWOOM 삼성전자선물단일종목레버리지,10840,5,-2100,-16.23,10872.0,,13294,153,89,2026-08-24 03:12:46
395150,2,KODEX 웹툰&드라마,1830,2,32,1.78,1830.0,-12.9298,15724,28,88,2026-08-24 03:12:46
371150,4,RISE 차이나항셍테크,6755,5,-275,-3.91,6759.0,-8.6229,1985,13,88,2026-08-24 03:12:46
466810,2,BNK 2차전지양극재,5835,2,385,7.06,5843.0,-29.1748,6765,39,88,2026-08-24 03:12:46
497520,4,ACE 일라이릴리밸류체인,13450,2,25,0.19,13506.0,10.2216,619,8,87,2026-08-24 03:12:46
105010,4,TIGER 라틴35,6230,2,90,1.47,6229.0,-12.4938,2496,15,87,2026-08-24 03:12:46
435540,7,KIWOOM TDF2040액티브 적격,17355,5,-25,-0.14,17325.0,-5.3681,387,6,87,2026-08-24 03:12:46
215620,2,HK S&P코리아로우볼,15980,2,75,0.47,16162.0,-6.4687,3,0,86,2026-08-24 03:12:46
0216K0,7,KIWOOM 미국우주테크TOP2채권혼합50,8595,5,-90,-1.04,8707.0,,11929,103,86,2026-08-24 03:12:46
381570,2,HANARO Fn친환경에너지,10095,2,335,3.43,10096.0,-26.1166,2615,26,86,2026-08-24 03:12:46
217780,4,TIGER 차이나CSI300인버스(합성),5520,2,125,2.32,5547.0,10.7802,678,3,86,2026-08-24 03:12:46
462340,4,에셋플러스 글로벌다이나믹시니어액티브,17065,2,200,1.19,17116.0,5.0778,109,1,85,2026-08-24 03:12:46
429980,7,SOL 한국형글로벌전기차&2차전지액티브,17050,2,85,0.5,17086.0,-18.5159,1448,24,85,2026-08-24 03:12:46
0219B0,2,KoAct 광통신&위성네트워크액티브,10470,2,140,1.36,10475.0,,12703,133,84,2026-08-24 03:12:46
395280,2,HANARO Fn K-게임,3545,5,-50,-1.39,3544.0,-8.872,79,0,83,2026-08-24 03:12:46
182490,6,TIGER 단기선진하이일드(합성 H),13880,5,-25,-0.18,13863.0,1.3114,432,6,83,2026-08-24 03:12:46
0219Z0,4,HANARO 미국S&P500액티브,10362,5,-93,-0.89,10413.0,,1460,15,83,2026-08-24 03:12:46
270800,2,RISE KQ고배당,15065,2,125,0.84,15014.0,-17.4973,18,0,83,2026-08-24 03:12:46
253280,2,RISE 헬스케어,13770,2,555,4.2,13686.0,-10.0103,458,6,83,2026-08-24 03:12:46
457930,2,BNK 미래전략기술액티브,27495,5,-120,-0.43,27292.0,-19.0295,6,0,82,2026-08-24 03:12:46
395750,2,PLUS ESG가치주액티브,20590,3,0,0.0,20087.0,-11.593,0,0,82,2026-08-24 03:12:46
404540,2,TIGER KRX기후변화솔루션,23270,2,300,1.31,23206.0,-20.1666,472,10,81,2026-08-24 03:12:46
0184N0,7,PLUS 은채권혼합,9030,5,-55,-0.61,9089.0,-6.4849,96549,875,81,2026-08-24 03:12:46
487920,4,ACE 인도시장대표BIG5그룹액티브,8030,2,10,0.12,8027.0,-5.8133,206,1,80,2026-08-24 03:12:46
0172Y0,2,ACE K수출핵심TOP10산업액티브,9440,5,-205,-2.13,9442.0,-16.3124,1891,18,80,2026-08-24 03:12:46
261110,7,TIGER 미국달러선물레버리지,15965,5,-85,-0.53,15970.0,-14.9669,2326,37,80,2026-08-24 03:12:46
480460,7,WON 한국부동산TOP3플러스,9310,2,55,0.59,9358.0,-1.4171,137,1,79,2026-08-24 03:12:46
0226D0,7,FOCUS 금융반도체지주채권혼합50액티브,9865,5,-195,-1.94,9912.0,,4845,48,79,2026-08-24 03:12:46
0218K0,2,BNK 스마트카,10500,5,-15,-0.14,10546.0,,4,0,79,2026-08-24 03:12:46
189400,4,PLUS 글로벌MSCI(합성 H),26090,2,180,0.69,26000.0,4.2446,24,0,78,2026-08-24 03:12:46
0215T0,4,HANARO 미국AI광통신TOP10,8605,5,-605,-6.57,8923.0,,43310,379,77,2026-08-24 03:12:46
0082F0,4,HANARO 유럽방산,11025,5,-80,-0.72,11007.0,4.9621,39,0,77,2026-08-24 03:12:46
435530,7,KIWOOM TDF2030액티브 적격,15375,2,5,0.03,15357.0,-5.6908,53,0,77,2026-08-24 03:12:46
225800,7,KIWOOM 미국달러선물레버리지,14975,5,-170,-1.12,15026.0,-14.9874,260,3,76,2026-08-24 03:12:46
494210,4,SOL 미국500타겟데일리커버드콜액티브,10865,5,-40,-0.37,10876.0,-5.187,2004,21,76,2026-08-24 03:12:46
225050,4,TIGER 유로스탁스레버리지(합성 H),16860,2,185,1.11,16847.0,14.9207,968,16,76,2026-08-24 03:12:46
437370,4,RISE 글로벌농업경제,10745,2,185,1.75,10722.0,-5.3721,5035,54,75,2026-08-24 03:12:46
227570,2,TIGER 우량가치,20725,5,-20,-0.1,20732.0,-8.7731,572,11,75,2026-08-24 03:12:46
256450,4,PLUS 심천차이넥스트(합성),14885,5,-545,-3.53,15031.0,-15.7292,1787,27,74,2026-08-24 03:12:46
285690,2,FOCUS ESG리더스,21250,2,135,0.64,21161.0,-12.0026,15,0,74,2026-08-24 03:12:46
304670,6,KODEX 미국30년국채울트라선물인버스(H),12395,2,5,0.04,12394.0,1.3496,5,0,74,2026-08-24 03:12:46
450180,7,KODEX 한중전기차(합성),11380,2,340,3.08,11283.0,-26.9359,20,0,74,2026-08-24 03:12:46
390400,4,KODEX 미국스마트모빌리티S&P,7395,2,75,1.02,7410.0,-10.6663,719,5,74,2026-08-24 03:12:46
438740,2,MIDAS 중소형액티브,32770,2,450,1.39,32774.0,-17.8967,1,0,74,2026-08-24 03:12:46
0094X0,4,1Q 샤오미밸류체인액티브,8170,5,-385,-4.5,8171.0,-13.8246,4753,39,74,2026-08-24 03:12:46
139660,7,KIWOOM 미국달러선물인버스,8415,2,40,0.48,8398.0,8.6956,102,0,73,2026-08-24 03:12:46
0005C0,6,RISE 미국S&P500엔화노출(합성 H),11245,5,-5,-0.04,11228.0,-5.2632,4588,51,73,2026-08-24 03:12:46
326230,2,RISE 내수주플러스,11410,2,210,1.88,11498.0,-9.8955,2,0,73,2026-08-24 03:12:46
368680,2,KODEX K-뉴딜디지털플러스,8110,2,230,2.92,8126.0,-11.7936,195,1,73,2026-08-24 03:12:46
402460,2,HANARO Fn K-메타버스MZ,14595,2,130,0.9,14659.0,-0.0226,33,0,73,2026-08-24 03:12:46
139290,2,TIGER 200 경기소비재,25905,2,20,0.08,25872.0,-23.0758,37,0,73,2026-08-24 03:12:46
488480,4,RISE 일본섹터TOP4Plus,13050,5,-95,-0.72,13041.0,-6.3853,701,9,72,2026-08-24 03:12:46
400590,4,SOL 글로벌탄소배출권선물ICE(합성),14180,2,20,0.14,14207.0,1.9805,72,1,71,2026-08-24 03:12:46
0036Z0,4,RISE 미국천연가스밸류체인,12620,5,-155,-1.21,12562.0,-8.0265,345,4,69,2026-08-24 03:12:46
0166T0,4,PLUS 글로벌저작권핵심기업액티브,9855,2,25,0.25,9844.0,-3.9101,3144,30,69,2026-08-24 03:12:46
244670,2,KODEX 밸류Plus,11350,2,135,1.2,11382.0,-8.4955,23,0,68,2026-08-24 03:12:46
429740,7,PLUS K리츠,6140,2,20,0.33,6142.0,-2.5906,2219,13,68,2026-08-24 03:12:46
0176P0,2,FOCUS AI반도체위클리고정커버드콜,12275,5,-105,-0.85,12236.0,-14.0507,1772,21,68,2026-08-24 03:12:46
0184V0,2,UNICORN K바이오액티브,6120,2,240,4.08,6121.0,-29.4118,68098,414,67,2026-08-24 03:12:46
250780,3,TIGER 코스닥150선물인버스,2440,5,-45,-1.81,2437.0,16.3934,197411,481,67,2026-08-24 03:12:46
316300,7,ACE 싱가포르리츠,13310,2,75,0.57,13377.0,-7.466,448,5,67,2026-08-24 03:12:46
0138D0,2,RISE 동학개미,12060,2,60,0.5,12011.0,-30.7759,402,4,66,2026-08-24 03:12:46
456200,6,PLUS 미국달러SOFR금리액티브(합성),59740,5,-160,-0.27,59817.0,-7.2541,1044,62,66,2026-08-24 03:12:46
315270,2,TIGER 200커뮤니케이션서비스,20380,2,70,0.34,20382.0,-4.798,26175,537,65,2026-08-24 03:12:46
0047N0,4,PLUS 차이나AI테크TOP10,9945,5,-465,-4.47,9943.0,-8.1201,1084,10,65,2026-08-24 03:12:46
307510,2,TIGER 의료기기,12805,2,450,3.64,12788.0,-21.0414,1480,19,64,2026-08-24 03:12:46
0102X0,4,ACE 유럽방산TOP10,9780,5,-60,-0.61,9786.0,0.3698,423,4,64,2026-08-24 03:12:46
0087F0,4,ACE 차이나AI빅테크TOP2+액티브,12360,5,-415,-3.25,12282.0,-1.3514,601,7,62,2026-08-24 03:12:46
291890,4,KODEX MSCI EM선물(H),12330,5,-100,-0.8,12279.0,2.0944,764,9,62,2026-08-24 03:12:46
138920,5,KODEX 콩선물(H),12200,2,55,0.45,12239.0,0.872,429,5,61,2026-08-24 03:12:46
289670,6,PLUS 국채선물10년,52010,2,125,0.24,51970.0,-0.2116,297,15,60,2026-08-24 03:12:46
469530,3,RISE 미국달러선물인버스,9390,2,10,0.11,9402.0,8.7536,12,0,60,2026-08-24 03:12:46
0114X0,4,RISE 글로벌게임테크TOP3Plus,8490,2,25,0.3,8483.0,0.2368,90,0,59,2026-08-24 03:12:46
433250,1,UNICORN R&D 액티브,23745,2,30,0.13,23366.0,-14.7096,1,0,59,2026-08-24 03:12:46
314700,2,HANARO 농업융복합산업,10615,2,215,2.07,10596.0,-19.9396,1025,10,58,2026-08-24 03:12:46
400580,4,SOL 유럽탄소배출권선물S&P(H),11675,2,15,0.13,11716.0,9.5349,34,0,58,2026-08-24 03:12:46
451670,6,RISE 국채30년레버리지(합성),11670,2,15,0.13,11693.0,-17.6617,324,3,58,2026-08-24 03:12:46
401590,4,HANARO 글로벌탄소배출권선물ICE(합성),11270,5,-5,-0.04,11334.0,1.3938,70,0,57,2026-08-24 03:12:46
219900,4,ACE 중국본토CSI300레버리지(합성),4100,5,-160,-3.76,4154.0,-23.3124,3702,15,57,2026-08-24 03:12:46
0053M0,2,더제이 중소형포커스액티브,12740,2,235,1.88,12695.0,-19.4266,1,0,57,2026-08-24 03:12:46
483020,2,KIWOOM 의료AI,9545,2,115,1.22,9581.0,-17.0625,393,3,57,2026-08-24 03:12:46
476310,4,RISE 글로벌비만산업TOP2+,10355,2,120,1.17,10474.0,3.1274,2206,22,57,2026-08-24 03:12:46
407300,2,HANARO Fn골프테마,10300,2,15,0.15,10266.0,-24.3809,9,0,57,2026-08-24 03:12:46
0191B0,1,MIDAS 코스닥액티브,28300,2,480,1.73,28407.0,-26.1972,268,7,57,2026-08-24 03:12:46
267450,6,RISE 미국장기국채선물인버스(H),11100,3,0,0.0,11131.0,-0.1799,0,0,56,2026-08-24 03:12:46
470310,2,UNICORN 생성형AI강소기업액티브,18495,5,-20,-0.11,18511.0,5.5286,172,3,55,2026-08-24 03:12:46
483030,4,KIWOOM 미국블록버스터바이오테크의약품+,12325,2,235,1.94,12311.0,5.1961,1110,13,55,2026-08-24 03:12:46
432600,6,RISE 국채선물3년,55270,5,-20,-0.04,55311.0,0.9586,1,0,55,2026-08-24 03:12:46
413220,4,SOL 차이나태양광CSI(합성),4600,5,-105,-2.23,4624.0,-28.5498,943,4,55,2026-08-24 03:12:46
220130,4,SOL 차이나강소기업CSI500(합성 H),6890,2,20,0.29,6748.0,-5.2414,12,0,55,2026-08-24 03:12:46
488200,2,KIWOOM K-2차전지북미공급망,12135,2,470,4.03,12150.0,-28.8443,1596,19,55,2026-08-24 03:12:46
499150,4,SOL 미국S&P500엔화노출(H),10835,5,-10,-0.09,10843.0,-5.8526,12591,136,54,2026-08-24 03:12:46
321410,7,KODEX 멀티에셋하이인컴(H),10690,2,10,0.09,10684.0,1.6155,6,0,53,2026-08-24 03:12:46
490330,4,KoAct 미국치매&뇌질환치료제액티브,15260,2,140,0.93,15265.0,12.8358,349,5,53,2026-08-24 03:12:46
474390,6,SOL 국고채30년액티브,39620,2,5,0.01,39680.0,-8.2243,20,0,53,2026-08-24 03:12:46
0174J0,7,DAISHIN 오피스리츠플러스,8835,2,65,0.74,8826.0,-0.2825,114,1,53,2026-08-24 03:12:46
0132D0,7,KoAct 글로벌K컬처밸류체인액티브,9600,2,130,1.37,9638.0,-0.4207,45,0,53,2026-08-24 03:12:46
0015E0,7,KIWOOM 엔비디아미국30년국채혼합액티브(H),10510,5,-10,-0.1,10481.0,-1.4024,2201,23,53,2026-08-24 03:12:46
411860,4,KIWOOM 독일DAX,17265,5,-45,-0.26,17253.0,-2.1345,447,7,52,2026-08-24 03:12:46
295000,6,RISE 국채선물10년,51185,2,35,0.07,51297.0,-0.4768,1,0,51,2026-08-24 03:12:46
291630,3,KIWOOM 코스닥150선물레버리지,3495,2,90,2.64,3543.0,-52.5767,60139,211,51,2026-08-24 03:12:46
0073X0,5,FOCUS 알리바바미국채커버드콜혼합,9120,5,-185,-1.99,9106.0,-8.8362,686,6,50,2026-08-24 03:12:46
498610,4,RISE 인도디지털성장,8320,5,-15,-0.18,8320.0,-1.078,122,1,50,2026-08-24 03:12:46
0078V0,4,PLUS 미국로보택시,9910,2,205,2.11,9899.0,-15.0548,292,2,50,2026-08-24 03:12:46
0015K0,4,TIGER 미국소비트렌드액티브,7200,3,0,0.0,7183.0,-5.2632,280,2,49,2026-08-24 03:12:46
0128D0,4,PLUS 차이나항셍테크위클리타겟커버드콜,6970,5,-195,-2.72,6947.0,-8.6521,2341,16,49,2026-08-24 03:12:46
0154H0,4,KoAct 차이나바이오헬스케어액티브,8840,5,-175,-1.94,8880.0,2.9697,1860,16,49,2026-08-24 03:12:46
267440,6,RISE 미국장기국채선물(H),8080,5,-5,-0.06,8078.0,-0.4924,504,4,48,2026-08-24 03:12:46
0131A0,4,SOL 차이나소비트렌드,7990,2,60,0.76,8088.0,-13.0483,14621,116,48,2026-08-24 03:12:46
391600,4,ACE 미국친환경그린테마,10515,2,35,0.33,10536.0,-18.8855,222,2,47,2026-08-24 03:12:46
244660,2,KODEX 퀄리티Plus,9440,2,285,3.11,9402.0,-7.2484,10,0,47,2026-08-24 03:12:46
266550,2,PLUS 중형주저변동50,18215,3,0,0.0,18423.0,-7.8888,0,0,46,2026-08-24 03:12:46
252420,3,RISE 200선물인버스2X,84,2,5,6.33,84.0,-26.1683,1002289,81,45,2026-08-24 03:12:46
373790,4,KIWOOM 미국방어배당성장나스닥,15870,2,20,0.13,15827.0,-2.68,1442,22,44,2026-08-24 03:12:46
205720,4,ACE 일본TOPIX인버스(합성 H),1465,5,-2,-0.14,1463.0,-5.5985,684,1,44,2026-08-24 03:12:46
488210,2,KIWOOM K-반도체북미공급망,21585,2,40,0.19,21579.0,-20.6878,815,17,43,2026-08-24 03:12:46
243890,2,TIGER 200에너지화학레버리지,8120,5,-55,-0.67,8120.0,-29.8284,15192,126,43,2026-08-24 03:12:46
226380,2,ACE Fn성장소비주도주,5940,2,90,1.54,5931.0,-4.5677,124,0,42,2026-08-24 03:12:46
277650,2,TIGER 코스피중형주,20525,2,310,1.53,20502.0,-17.3549,4,0,41,2026-08-24 03:12:46
238670,7,PLUS 스마트베타Quality채권혼합,13610,2,120,0.89,13504.0,0.9352,11382,154,41,2026-08-24 03:12:46
227550,2,TIGER 200 산업재,11960,2,245,2.09,11982.0,-21.2437,405,4,41,2026-08-24 03:12:46
0050E0,4,PLUS 미국AI에이전트,8080,2,40,0.5,8107.0,-3.7702,164,1,40,2026-08-24 03:12:46
334690,5,RISE 팔라듐선물(H),6160,2,55,0.9,6150.0,-3.8583,1676,10,40,2026-08-24 03:12:46
291680,4,RISE 차이나H선물인버스(H),7785,2,130,1.7,7810.0,-3.285,73,0,39,2026-08-24 03:12:46
225030,4,TIGER 미국S&P500선물인버스(H),2250,5,-10,-0.44,2255.0,-2.7957,432,0,38,2026-08-24 03:12:46
427120,2,RISE AI플랫폼,5290,5,-30,-0.56,5298.0,-10.0592,10434,55,36,2026-08-24 03:12:46
0079X0,4,ACE BYD밸류체인액티브,10110,5,-245,-2.37,10094.0,-15.7446,3380,34,35,2026-08-24 03:12:46
267490,6,RISE 미국장기국채선물레버리지(합성 H),4940,5,-40,-0.8,5023.0,-1.7752,110,0,35,2026-08-24 03:12:46
227560,2,TIGER 200 생활소비재,13045,2,275,2.15,13054.0,-2.8732,2453,31,31,2026-08-24 03:12:46
306530,3,HANARO 코스닥150선물레버리지,7110,2,315,4.64,7058.0,-53.1218,25489,180,31,2026-08-24 03:12:46
454180,4,KIWOOM 차이나내수소비TOP CSI,7655,5,-75,-0.97,7666.0,-9.0533,417,3,31,2026-08-24 03:12:46
489010,4,PLUS 글로벌AI인프라,20205,5,-25,-0.12,20294.0,-9.6472,36,0,30,2026-08-24 03:12:46
145670,3,ACE 인버스,1316,2,46,3.62,1322.0,-6.2039,109110,142,29,2026-08-24 03:12:46
476000,2,UNICORN 포스트IPO액티브,5150,5,-55,-1.06,5142.0,-42.1667,41498,215,28,2026-08-24 03:12:46
252410,3,RISE 200선물인버스,1341,2,46,3.55,1345.0,-5.4055,8318,11,27,2026-08-24 03:12:46
280940,5,KODEX 골드선물인버스(H),3250,5,-80,-2.4,3245.0,0.4524,8666,28,26,2026-08-24 03:12:46
491630,4,RISE 미국반도체인버스(합성 H),5465,2,75,1.39,5419.0,-11.3487,1883,10,26,2026-08-24 03:12:46
291620,3,KIWOOM 코스닥150선물인버스,4260,5,-140,-3.18,4316.0,15.7894,6696,28,24,2026-08-24 03:12:46
253230,3,KIWOOM 200선물인버스2X,79,2,4,5.33,80.0,-26.4706,1523778,117,24,2026-08-24 03:12:46
275750,3,RISE 코스닥150선물인버스,2465,5,-45,-1.79,2468.0,15.4022,7476,18,23,2026-08-24 03:12:46
280320,4,ACE 미국IT인터넷(합성 H),21530,2,405,1.92,21549.0,4.5016,2,0,22,2026-08-24 03:12:46
334700,5,RISE 팔라듐선물인버스(H),3265,2,35,1.08,3251.0,-2.8572,7,0,21,2026-08-24 03:12:46
253240,3,KIWOOM 200선물인버스,1340,2,35,2.68,1348.0,-4.675,19125,25,16,2026-08-24 03:12:46
306520,3,HANARO 200선물인버스,2450,2,90,3.81,2455.0,-5.9761,4429,10,15,2026-08-24 03:12:46
253160,3,PLUS 200선물인버스2X,161,2,8,5.23,163.0,-29.8166,472194,75,13,2026-08-24 03:12:46
412560,2,TIGER BBIG레버리지,1847,2,102,5.85,1846.0,-28.6299,9272,17,13,2026-08-24 03:12:46
261920,4,ACE MSCI필리핀(합성),12695,3,0,0.0,12701.0,-4.1164,38,0,13,2026-08-24 03:12:46
465620,4,ACE 미국빅테크TOP7 Plus인버스(합성),6605,2,55,0.84,6567.0,5.3054,50,0,7,2026-08-24 03:12:46
