itemcode,etfTabCode,itemname,nowVal,risefall,changeVal,changeRate,nav,threeMonthEarnRate,quant,amonut,marketSum,collected_at
069500,1,KODEX 200,106910,2,3660,3.54,107114.0,-13.1337,15025754,1620473,251720,2026-08-13 05:55:27
360750,4,TIGER 미국S&P500,27210,2,75,0.28,27176.0,-0.2884,34061650,925604,207204,2026-08-13 05:55:27
133690,4,TIGER 미국나스닥100,186575,2,1135,0.61,186302.0,-3.3808,2401041,447308,116180,2026-08-13 05:55:27
102110,1,TIGER 200,107155,2,3695,3.57,107352.0,-13.0565,7812887,844499,103030,2026-08-13 05:55:27
379800,4,KODEX 미국S&P500,24730,2,45,0.18,24703.0,-0.1706,19207577,474457,101702,2026-08-13 05:55:27
396500,2,TIGER 반도체TOP10,35295,2,1655,4.92,35321.0,-29.3352,11674129,415487,93885,2026-08-13 05:55:27
379810,4,KODEX 미국나스닥100,27890,2,165,0.6,27854.0,-3.3243,9069846,252520,93334,2026-08-13 05:55:27
488770,7,KODEX 머니마켓액티브,105215,2,10,0.01,105239.0,0.8386,771552,81178,80391,2026-08-13 05:55:27
278530,1,KODEX 200TR,38715,2,1320,3.53,38791.0,-13.4075,1195444,46613,77294,2026-08-13 05:55:27
459580,6,KODEX CD금리액티브(합성),1074865,2,340,0.03,1074737.0,0.7163,429748,461922,66329,2026-08-13 05:55:27
381180,4,TIGER 미국필라델피아반도체나스닥,45985,2,965,2.14,45729.0,-2.5731,1785689,81894,61919,2026-08-13 05:55:27
122630,3,KODEX 레버리지,107370,2,7070,7.05,107617.0,-37.9524,20500892,2236782,60610,2026-08-13 05:55:27
498400,2,KODEX 200타겟위클리커버드콜,20200,2,580,2.96,20242.0,-14.1414,7232895,147301,58903,2026-08-13 05:55:27
0167A0,2,SOL AI반도체TOP2플러스,17595,2,1080,6.54,17602.0,-7.9688,20733227,366626,56814,2026-08-13 05:55:27
091160,2,KODEX 반도체,123525,2,4570,3.84,123743.0,-19.6223,1495277,185834,54969,2026-08-13 05:55:27
229200,1,KODEX 코스닥150,14800,2,95,0.65,14834.0,-24.7249,25389637,376414,53406,2026-08-13 05:55:27
148020,1,RISE 200,107695,2,3670,3.53,107903.0,-13.1141,700374,76034,45824,2026-08-13 05:55:27
310970,1,TIGER MSCI Korea TR,47890,2,1650,3.57,47840.0,-12.0913,8790,423,43436,2026-08-13 05:55:27
458730,4,TIGER 미국배당다우존스,15340,5,-5,-0.03,15351.0,3.7133,1423685,21820,42768,2026-08-13 05:55:27
411060,5,ACE KRX금현물,27990,5,-35,-0.12,27926.0,-9.6988,1053066,29622,41117,2026-08-13 05:55:27
233740,3,KODEX 코스닥150레버리지,7790,2,110,1.43,7817.0,-51.94,88501064,689941,40547,2026-08-13 05:55:27
0162Z0,7,RISE 삼성전자SK하이닉스채권혼합50,13180,2,330,2.57,13185.0,-3.7234,6590950,87245,40515,2026-08-13 05:55:27
360200,4,ACE 미국S&P500,27505,2,60,0.22,27473.0,-0.2131,410401,11272,40487,2026-08-13 05:55:27
395160,2,KODEX AI반도체TOP2플러스,39755,2,2600,7.0,39791.0,-3.8432,6702785,267825,40312,2026-08-13 05:55:27
381170,4,TIGER 미국테크TOP10 INDXX,31580,5,-60,-0.19,31529.0,-6.4459,322050,10151,38891,2026-08-13 05:55:27
423160,6,KODEX KOFR금리액티브(합성),110765,2,10,0.01,110755.0,0.6703,57960,6419,36391,2026-08-13 05:55:27
395270,2,HANARO Fn K-반도체,56225,2,3535,6.71,56262.0,-4.7886,1142115,64576,35731,2026-08-13 05:55:27
357870,6,TIGER CD금리투자KIS(합성),57910,2,20,0.03,57908.0,0.7308,122465,7091,35531,2026-08-13 05:55:27
367380,4,ACE 미국나스닥100,32080,2,195,0.61,32025.0,-3.3532,494158,15824,35384,2026-08-13 05:55:27
102780,2,KODEX 삼성그룹,26355,2,760,2.97,26403.0,-2.085,651664,17323,33919,2026-08-13 05:55:27
273130,6,KODEX 종합채권(AA-이상)액티브,109795,2,320,0.29,109706.0,-1.7589,16780,1839,33715,2026-08-13 05:55:27
487240,2,KODEX AI전력핵심설비,36935,2,125,0.34,36964.0,-38.7509,2471528,93342,32392,2026-08-13 05:55:27
455890,6,RISE 머니마켓액티브,55390,2,15,0.03,55393.0,0.7917,166428,9218,29828,2026-08-13 05:55:27
0043B0,6,TIGER 머니마켓액티브,103355,2,40,0.04,103354.0,0.8541,86338,8923,29385,2026-08-13 05:55:27
139260,2,TIGER 200 IT,136995,2,8195,6.36,137033.0,-9.9877,358030,49235,27591,2026-08-13 05:55:27
426030,4,TIME 미국나스닥100액티브,48370,2,1510,3.22,48157.0,-13.3747,600934,28984,25713,2026-08-13 05:55:27
481050,6,KODEX CD1년금리플러스액티브(합성),1022920,2,355,0.03,1022670.0,0.7523,17207,17601,25652,2026-08-13 05:55:27
449170,6,TIGER KOFR금리액티브(합성),111595,2,20,0.02,111581.0,0.6494,41806,4665,24361,2026-08-13 05:55:27
0193T0,2,KODEX SK하이닉스단일종목레버리지,9190,2,965,11.73,9214.0,,26727295,251503,23765,2026-08-13 05:55:27
486290,4,TIGER 미국나스닥100타겟데일리커버드콜,11000,2,65,0.59,10977.0,-3.7244,1234015,13543,23722,2026-08-13 05:55:27
161510,2,PLUS 고배당주,24960,2,15,0.06,25006.0,-7.7726,492933,12369,23707,2026-08-13 05:55:27
472150,2,TIGER 배당커버드콜액티브,20380,2,695,3.53,20377.0,-12.8646,2787854,57170,23376,2026-08-13 05:55:27
278540,1,KODEX MSCI Korea TR,38015,2,1185,3.22,38087.0,-12.3722,23013,883,23227,2026-08-13 05:55:27
456600,4,TIME 글로벌AI인공지능액티브,60090,2,1305,2.22,59911.0,-7.074,151809,9114,22245,2026-08-13 05:55:27
284430,6,KODEX 200미국채혼합50,21050,2,385,1.86,21070.0,-8.6958,597362,12629,20629,2026-08-13 05:55:27
292150,2,TIGER 코리아TOP10,37540,2,1275,3.52,37586.0,-14.1277,362840,13721,20272,2026-08-13 05:55:27
385540,6,RISE 종합채권(A-이상)액티브,102760,2,195,0.19,102804.0,-1.6258,549,56,19121,2026-08-13 05:55:27
105190,1,ACE 200,107120,2,3565,3.44,107381.0,-13.2779,189274,20470,18853,2026-08-13 05:55:27
214980,6,KODEX 단기채권PLUS,114487,2,27,0.02,114518.0,0.5908,21105,2416,18395,2026-08-13 05:55:27
294400,1,KIWOOM 200TR,140260,2,4720,3.48,140575.0,-12.9844,82338,11632,18094,2026-08-13 05:55:27
0193W0,2,KODEX 삼성전자단일종목레버리지,12710,2,880,7.44,12746.0,,13057964,168693,17791,2026-08-13 05:55:27
442580,4,PLUS 글로벌HBM반도체,100465,2,4685,4.89,99973.0,-4.9095,639388,64488,17612,2026-08-13 05:55:27
441640,4,KODEX 미국배당커버드콜액티브,13000,5,-20,-0.15,12997.0,3.1063,856459,11122,17069,2026-08-13 05:55:27
477080,6,RISE CD금리액티브(합성),107302,2,17,0.02,107320.0,0.7087,11361,1219,16717,2026-08-13 05:55:27
305720,2,KODEX 2차전지산업,14440,2,140,0.98,14462.0,-30.295,1284883,18591,16693,2026-08-13 05:55:27
487230,4,KODEX 미국AI전력핵심인프라,21615,2,615,2.93,21459.0,-23.8002,455327,9798,16168,2026-08-13 05:55:27
446770,4,ACE 글로벌반도체TOP4 Plus,79975,2,2030,2.6,79661.0,-5.2047,72497,5804,16155,2026-08-13 05:55:27
368590,4,RISE 미국나스닥100,31125,2,195,0.63,31069.0,-3.2726,116282,3611,15749,2026-08-13 05:55:27
466920,2,SOL 조선TOP3플러스,29245,5,-40,-0.14,29294.0,-27.8873,1190388,35076,15646,2026-08-13 05:55:27
379780,4,RISE 미국S&P500,23790,2,70,0.3,23756.0,-0.2591,81216,1928,15630,2026-08-13 05:55:27
329200,2,TIGER 리츠부동산인프라,4070,5,-50,-1.21,4079.0,-2.6208,5189295,21203,15252,2026-08-13 05:55:27
152100,1,PLUS 200,108530,2,3790,3.62,108733.0,-13.2733,205287,22458,15248,2026-08-13 05:55:27
0177N0,7,KODEX 삼성전자SK하이닉스채권혼합50,13935,2,350,2.58,13938.0,-3.6552,3778132,52869,14994,2026-08-13 05:55:27
453850,6,ACE 미국30년국채액티브(H),7150,5,-10,-0.14,7135.0,-2.5916,619765,4429,14994,2026-08-13 05:55:27
475630,7,TIGER CD1년금리액티브(합성),1074420,2,355,0.03,1074419.0,0.7617,24428,26245,14529,2026-08-13 05:55:27
232080,1,TIGER 코스닥150,15095,2,135,0.9,15122.0,-25.0314,2496749,37703,14087,2026-08-13 05:55:27
0195S0,2,TIGER SK하이닉스단일종목레버리지,7800,2,855,12.31,7815.0,,22678608,181154,13913,2026-08-13 05:55:27
091230,2,TIGER 반도체,131125,2,4890,3.87,131387.0,-19.6198,158623,20951,13453,2026-08-13 05:55:27
390390,4,KODEX 미국반도체,56610,2,1015,1.83,56317.0,-3.6194,788504,44546,13445,2026-08-13 05:55:27
0183J0,4,TIGER 미국우주테크,8945,2,300,3.47,8926.0,-28.8771,1573608,14033,13082,2026-08-13 05:55:27
436140,6,SOL 종합채권(AA-이상)액티브,106065,2,220,0.21,106038.0,-1.5854,3359,356,13049,2026-08-13 05:55:27
157450,6,TIGER 단기통안채,112425,2,50,0.04,112416.0,0.5952,2793,313,12947,2026-08-13 05:55:27
448330,1,KODEX 삼성전자채권혼합,17385,2,210,1.22,17433.0,0.4322,563227,9828,12743,2026-08-13 05:55:27
438080,7,ACE 미국S&P500미국채혼합50액티브,14460,2,15,0.1,14457.0,-2.1342,310111,4479,12493,2026-08-13 05:55:27
0072R0,5,TIGER KRX금현물,13340,5,-25,-0.19,13345.0,-10.0303,819378,10988,12346,2026-08-13 05:55:27
497570,4,TIGER 미국필라델피아AI반도체나스닥,23075,2,415,1.83,22961.0,0.7191,379812,8740,11861,2026-08-13 05:55:27
449450,2,PLUS K방산,58195,2,1015,1.78,58289.0,-21.1039,210568,12180,11400,2026-08-13 05:55:27
445290,2,KODEX 로봇액티브,32470,2,650,2.04,32533.0,-21.2657,413313,13462,11316,2026-08-13 05:55:27
469150,2,ACE AI반도체TOP3+,57215,2,2395,4.37,57239.0,-21.8198,510490,29302,11186,2026-08-13 05:55:27
465580,4,ACE 미국빅테크TOP7 Plus,25195,2,115,0.46,25164.0,-1.4926,417316,10486,11161,2026-08-13 05:55:27
226490,1,KODEX 코스피,69510,2,2020,2.99,69653.0,-14.062,473543,33170,10983,2026-08-13 05:55:27
0139F0,6,TIGER 12월자동연장금융채(AA-이상)액티브,102010,2,50,0.05,101988.0,0.7012,52,5,10791,2026-08-13 05:55:27
494890,1,KODEX 200액티브,30810,2,1050,3.53,30889.0,-13.6593,381724,11839,10784,2026-08-13 05:55:27
446720,4,SOL 미국배당다우존스,14080,3,0,0.0,14073.0,3.7197,196988,2770,10476,2026-08-13 05:55:27
0195R0,2,TIGER 삼성전자단일종목레버리지,11575,2,825,7.67,11594.0,,6848511,80371,10464,2026-08-13 05:55:27
479520,6,RISE KOFR금리액티브(합성),106240,2,45,0.04,106209.0,0.6492,3256,345,10313,2026-08-13 05:55:27
0117V0,2,TIGER 코리아AI전력기기TOP3플러스,19160,2,145,0.76,19166.0,-37.9077,1482548,28880,10145,2026-08-13 05:55:27
455850,2,SOL AI반도체소부장,23900,2,830,3.6,23904.0,-26.517,1514723,36177,10122,2026-08-13 05:55:27
449180,4,KODEX 미국S&P500(H),17310,2,45,0.26,17293.0,4.3824,385272,6664,10118,2026-08-13 05:55:27
494310,2,KODEX 반도체레버리지,73955,2,5340,7.78,74410.0,-52.2828,3897538,291334,10095,2026-08-13 05:55:27
469830,6,SOL 초단기채권액티브,54297,2,27,0.05,54293.0,0.8173,187343,10172,10054,2026-08-13 05:55:27
451540,6,TIGER 종합채권(AA-이상)액티브,52755,2,170,0.32,52759.0,-1.8388,2762,145,10026,2026-08-13 05:55:27
479080,6,1Q 머니마켓액티브,53680,2,20,0.04,53677.0,0.8267,9873,529,9967,2026-08-13 05:55:27
494300,4,KODEX 미국나스닥100데일리커버드콜OTM,9485,2,65,0.69,9469.0,-6.3336,854515,8088,9959,2026-08-13 05:55:27
356540,6,ACE 종합채권(AA-이상)액티브,100895,2,70,0.07,101092.0,-1.6246,44,4,9948,2026-08-13 05:55:27
295040,1,SOL 200TR,40075,2,1350,3.49,40164.0,-13.085,87767,3550,9858,2026-08-13 05:55:27
315930,2,KODEX Top5PlusTR,80190,2,2500,3.22,80193.0,-11.6457,24663,1993,9783,2026-08-13 05:55:27
237350,1,KODEX 코스피100,85400,2,3070,3.73,85419.0,-13.2386,265482,22841,9736,2026-08-13 05:55:27
402970,4,ACE 미국배당다우존스,15620,2,30,0.19,15600.0,3.6571,184533,2877,9700,2026-08-13 05:55:27
495050,1,RISE 코리아밸류업,32160,2,890,2.85,32197.0,-12.5042,167237,5412,9568,2026-08-13 05:55:27
438100,7,ACE 미국나스닥100미국채혼합50액티브,15650,2,25,0.16,15643.0,-3.5197,235021,3675,9468,2026-08-13 05:55:27
0117L0,6,KODEX 26-12 금융채(AA-이상)액티브,10140,5,-5,-0.05,10144.0,0.6448,29854,302,9412,2026-08-13 05:55:27
305540,2,TIGER 2차전지테마,18210,2,150,0.83,18237.0,-29.6593,219790,4005,8941,2026-08-13 05:55:27
0177R0,2,TIGER 반도체TOP10커버드콜액티브,11145,2,590,5.59,11157.0,-16.5612,3158791,35404,8693,2026-08-13 05:55:27
153130,6,KODEX 단기채권,113160,2,45,0.04,113171.0,0.5756,22397,2534,8105,2026-08-13 05:55:27
475720,3,RISE 200위클리커버드콜,12445,2,145,1.18,12440.0,-12.4468,496092,6186,8052,2026-08-13 05:55:27
371460,4,TIGER 차이나전기차SOLACTIVE,10960,5,-10,-0.09,11045.0,-23.8988,128570,1409,7979,2026-08-13 05:55:27
490590,4,RISE 미국AI밸류체인데일리고정커버드콜,14810,2,150,1.02,14764.0,-3.0692,576264,8524,7916,2026-08-13 05:55:27
498410,2,KODEX 금융고배당TOP10타겟위클리커버드콜,11595,5,-120,-1.02,11565.0,-1.3971,1620315,18809,7850,2026-08-13 05:55:27
144600,5,KODEX 은선물(H),10600,5,-55,-0.52,10612.0,-23.7568,524135,5603,7844,2026-08-13 05:55:27
0025N0,7,TIGER TDF2045 적격,12325,2,15,0.12,12299.0,-0.4449,257031,3166,7833,2026-08-13 05:55:27
476550,6,TIGER 미국30년국채커버드콜액티브(H),6840,2,10,0.15,6824.0,-2.7903,681320,4654,7818,2026-08-13 05:55:27
441800,1,TIME Korea플러스배당액티브,28255,2,585,2.11,28294.0,-19.4328,194808,5554,7798,2026-08-13 05:55:27
466940,2,TIGER 은행고배당플러스TOP10,25990,2,90,0.35,26024.0,2.6164,553138,14461,7771,2026-08-13 05:55:27
0048J0,6,KODEX 미국머니마켓액티브,14160,5,-5,-0.04,14153.0,-3.8442,409517,5792,7750,2026-08-13 05:55:27
481060,6,KODEX 미국30년국채타겟커버드콜(합성 H),7390,5,-15,-0.2,7410.0,-2.8959,580015,4282,7652,2026-08-13 05:55:27
487340,6,ACE 머니마켓액티브,105680,2,10,0.01,105694.0,0.8782,32208,3403,7651,2026-08-13 05:55:27
457480,4,ACE 테슬라밸류체인액티브,18385,5,-120,-0.65,18363.0,-27.117,351425,6465,7547,2026-08-13 05:55:27
102970,2,KODEX 증권,19310,5,-5,-0.03,19326.0,-33.6304,1137923,22523,7483,2026-08-13 05:55:27
069660,1,KIWOOM 200,106855,2,3720,3.61,107064.0,-13.1254,74054,7980,7480,2026-08-13 05:55:27
0061Z0,6,RISE 단기특수은행채액티브,50940,2,20,0.04,50933.0,0.7219,4049,206,7345,2026-08-13 05:55:27
272580,6,TIGER 단기채권액티브,57015,2,5,0.01,57020.0,0.6532,11538,657,7317,2026-08-13 05:55:27
385560,6,RISE KIS국고채30년Enhanced,50900,2,370,0.73,50992.0,-14.3632,43621,2194,7191,2026-08-13 05:55:27
458760,4,TIGER 미국배당다우존스타겟커버드콜2호,11260,5,-10,-0.09,11256.0,3.2177,240357,2701,7099,2026-08-13 05:55:27
462330,2,KODEX 2차전지산업레버리지,1024,2,14,1.39,1028.0,-57.8289,48008295,49326,7072,2026-08-13 05:55:27
434730,2,HANARO 원자력iSelect,59000,3,0,0.0,59063.0,-33.2768,115290,6903,6962,2026-08-13 05:55:27
456610,6,TIGER 미국달러SOFR금리액티브(합성),61325,5,-30,-0.05,61331.0,-3.9828,10160,622,6960,2026-08-13 05:55:27
0127P0,4,ACE 미국대형성장주액티브,10935,2,45,0.41,10929.0,-2.6722,5503,60,6960,2026-08-13 05:55:27
114800,3,KODEX 인버스,1042,5,-38,-3.52,1042.0,-3.6575,948850343,979685,6905,2026-08-13 05:55:27
367760,2,RISE 네트워크인프라,58725,2,2850,5.1,58755.0,-4.3155,220027,13002,6871,2026-08-13 05:55:27
138540,2,TIGER 현대차그룹플러스,52870,2,250,0.48,52976.0,-24.5159,122119,6535,6841,2026-08-13 05:55:27
491010,4,TIGER 글로벌AI전력인프라액티브,26980,2,840,3.21,26816.0,-21.8536,88100,2374,6767,2026-08-13 05:55:27
0167B0,2,SOL 200타겟위클리커버드콜,11760,2,370,3.25,11773.0,-13.1501,1275642,15112,6738,2026-08-13 05:55:27
0148J0,2,TIGER 코리아휴머노이드로봇산업,9990,2,240,2.46,10000.0,-30.2825,5190815,51872,6728,2026-08-13 05:55:27
495850,1,KODEX 코리아밸류업,31960,2,930,3.0,31987.0,-12.9101,118295,3807,6728,2026-08-13 05:55:27
423920,4,TIGER 미국필라델피아반도체레버리지(합성),97940,2,4060,4.32,96840.0,-16.2017,61036,5941,6719,2026-08-13 05:55:27
364980,2,TIGER 2차전지TOP10,9915,2,35,0.35,9934.0,-26.7063,1098419,10922,6653,2026-08-13 05:55:27
314250,4,KODEX 미국빅테크10(H),62135,5,-195,-0.31,61966.0,7.6273,30486,1891,6586,2026-08-13 05:55:27
290130,2,RISE ESG사회책임투자,46360,2,1795,4.03,46468.0,-12.942,88752,4138,6583,2026-08-13 05:55:27
418660,4,TIGER 미국나스닥100레버리지(합성),42980,2,470,1.11,42815.0,-9.2249,143420,6137,6554,2026-08-13 05:55:27
482730,4,TIGER 미국S&P500타겟데일리커버드콜,12290,2,25,0.2,12278.0,0.1667,247902,3041,6538,2026-08-13 05:55:27
455030,6,KODEX 미국달러SOFR금리액티브(합성),12170,2,5,0.04,12157.0,-4.105,80293,975,6500,2026-08-13 05:55:27
434060,7,KODEX TDF2050액티브 적격,17330,2,100,0.58,17255.0,-5.1734,120936,2099,6395,2026-08-13 05:55:27
0015B0,4,KoAct 미국나스닥성장기업액티브,19620,2,340,1.76,19590.0,-15.2342,614026,12027,6386,2026-08-13 05:55:27
329750,6,TIGER 미국달러단기채권액티브,13365,3,0,0.0,13373.0,-3.9871,301623,4031,6319,2026-08-13 05:55:27
252670,3,KODEX 200선물인버스2X,81,5,-6,-6.9,81.0,-24.3479,8177790728,647470,6278,2026-08-13 05:55:27
0101N0,2,RISE AI전력인프라,19845,2,215,1.1,19876.0,-36.1211,276165,5576,6231,2026-08-13 05:55:27
396520,4,TIGER 차이나반도체FACTSET,14800,2,190,1.3,14753.0,0.3434,701383,10466,6092,2026-08-13 05:55:27
371160,4,TIGER 차이나항셍테크,7440,2,55,0.74,7465.0,-10.0837,310159,2296,6090,2026-08-13 05:55:27
466950,4,TIGER 글로벌AI액티브,32215,2,870,2.78,32096.0,-15.6032,107749,3462,5957,2026-08-13 05:55:27
494670,2,TIGER 조선TOP10,23010,5,-70,-0.3,23052.0,-27.2957,488078,11335,5948,2026-08-13 05:55:27
489250,4,KODEX 미국배당다우존스,13210,5,-5,-0.04,13203.0,3.8966,196641,2593,5945,2026-08-13 05:55:27
251600,7,PLUS 고배당주채권혼합,15400,2,30,0.2,15400.0,-2.8013,136613,2108,5944,2026-08-13 05:55:27
484790,6,KODEX 미국30년국채액티브(H),8235,5,-15,-0.18,8233.0,-2.66,439881,3622,5907,2026-08-13 05:55:27
0019K0,7,TIME 미국나스닥100채권혼합50액티브,13635,2,215,1.6,13608.0,-4.6875,331555,4514,5713,2026-08-13 05:55:27
463250,2,TIGER K방산&우주,37920,2,920,2.49,37972.0,-19.9654,356611,13373,5688,2026-08-13 05:55:27
449190,4,KODEX 미국나스닥100(H),22425,2,140,0.63,22390.0,1.1424,185289,4150,5674,2026-08-13 05:55:27
0091P0,2,TIGER 코리아원자력,16440,2,90,0.55,16466.0,-33.8057,932984,15461,5590,2026-08-13 05:55:27
0219E0,2,KODEX 200커버드콜액티브,8405,2,285,3.51,8395.0,,4508071,38182,5547,2026-08-13 05:55:27
0007F0,6,KODEX 27-12 회사채(AA-이상)액티브,10185,3,0,0.0,10179.0,0.7916,27845,283,5543,2026-08-13 05:55:27
491620,4,RISE 미국테크100데일리고정커버드콜,10990,3,0,0.0,10974.0,-1.6228,500152,5489,5473,2026-08-13 05:55:27
438330,6,TIGER 우량회사채액티브,115650,2,145,0.13,115715.0,0.5965,5069,586,5401,2026-08-13 05:55:27
0105E0,2,SOL 코리아고배당,12940,5,-60,-0.46,12946.0,-5.9985,289592,3772,5370,2026-08-13 05:55:27
0190C0,2,RISE 현대차고정피지컬AI,8925,2,150,1.71,8937.0,-24.4512,1189775,10731,5346,2026-08-13 05:55:27
444200,2,SOL 코리아메가테크액티브,46605,2,1305,2.88,46645.0,-20.4147,49362,2310,5336,2026-08-13 05:55:27
365780,6,ACE 국고채10년,82690,2,135,0.16,82760.0,-0.6798,5912,488,5327,2026-08-13 05:55:27
462010,2,TIGER 2차전지소재Fn,4880,2,95,1.99,4882.0,-37.4919,2030663,9872,5292,2026-08-13 05:55:27
488080,3,TIGER 반도체TOP10레버리지,33410,2,2890,9.47,33498.0,-63.324,6187859,209722,5279,2026-08-13 05:55:27
496080,1,TIGER 코리아밸류업,32030,2,920,2.96,32067.0,-12.627,161504,5207,5205,2026-08-13 05:55:27
251350,4,KODEX MSCI선진국,40555,2,55,0.14,40469.0,0.8027,17009,688,5171,2026-08-13 05:55:27
114260,6,KODEX 국고채3년,61830,2,30,0.05,61873.0,0.7088,12054,745,5123,2026-08-13 05:55:27
315960,2,RISE 대형고배당10TR,76410,2,2225,3.0,76522.0,-14.3904,55257,4276,5043,2026-08-13 05:55:27
473290,6,KODEX 26-12 회사채(AA-이상)액티브,10867,2,2,0.02,10869.0,0.5552,19793,215,4961,2026-08-13 05:55:27
435420,7,TIGER 미국나스닥100채권혼합50,14290,2,45,0.32,14283.0,-1.5776,168287,2402,4944,2026-08-13 05:55:27
243880,2,TIGER 200IT레버리지,336800,2,37975,12.71,337149.0,-40.2912,301512,102406,4884,2026-08-13 05:55:27
361580,1,RISE 200TR,60770,2,2065,3.52,60895.0,-13.1904,74611,4575,4862,2026-08-13 05:55:27
476800,7,KODEX 한국부동산리츠인프라,4235,5,-55,-1.28,4234.0,-5.9115,803300,3422,4843,2026-08-13 05:55:27
490490,7,SOL 미국배당미국채혼합50,11360,5,-20,-0.18,11339.0,-0.4957,193934,2197,4817,2026-08-13 05:55:27
483280,4,KODEX 미국AI테크TOP10타겟커버드콜,12170,3,0,0.0,12155.0,-5.5966,126041,1531,4795,2026-08-13 05:55:27
499660,7,TIGER CD금리플러스액티브(합성),1001505,2,325,0.03,1001502.0,0.7609,6938,6948,4793,2026-08-13 05:55:27
0163Y0,1,KoAct 코스닥액티브,9210,2,65,0.71,9221.0,-29.5455,855992,7925,4785,2026-08-13 05:55:27
471230,6,KODEX 국고채10년액티브,104215,2,255,0.25,104131.0,-0.7495,5856,609,4643,2026-08-13 05:55:27
277630,1,TIGER 코스피,70570,2,2080,3.04,70691.0,-14.2421,28758,2048,4622,2026-08-13 05:55:27
448290,4,TIGER 미국S&P500(H),17960,2,50,0.28,17942.0,4.3395,70402,1263,4607,2026-08-13 05:55:27
0162M0,6,KODEX 금융채1~2년(AA-이상)PLUS액티브,10075,2,10,0.1,10066.0,0.65,1290,12,4575,2026-08-13 05:55:27
0023A0,4,SOL 미국양자컴퓨팅TOP10,27420,2,1205,4.6,27446.0,-21.6176,158517,4325,4565,2026-08-13 05:55:27
293180,1,HANARO 200,107145,2,3560,3.44,107395.0,-13.0353,61691,6667,4500,2026-08-13 05:55:27
0173Y0,4,KODEX 미국AI광통신네트워크,12750,2,725,6.03,12701.0,-18.1543,1539111,19475,4431,2026-08-13 05:55:27
480260,6,TIGER 27-04회사채(A+이상)액티브,53770,2,45,0.08,53752.0,0.505,788,42,4404,2026-08-13 05:55:27
447770,7,TIGER 테슬라채권혼합Fn,13550,5,-40,-0.29,13556.0,-8.2534,111185,1503,4336,2026-08-13 05:55:27
474220,4,TIGER 미국테크TOP10타겟커버드콜,15230,5,-50,-0.33,15202.0,-3.7322,68567,1042,4310,2026-08-13 05:55:27
451060,1,1Q 200액티브,34205,2,1205,3.65,34291.0,-13.9388,80878,2792,4310,2026-08-13 05:55:27
091180,2,KODEX 자동차,30045,2,380,1.28,30098.0,-18.2086,170283,5167,4266,2026-08-13 05:55:27
477050,6,PLUS 머니마켓액티브,53445,2,25,0.05,53446.0,0.8209,7205,385,4256,2026-08-13 05:55:27
0016X0,6,SOL 중단기회사채(A-이상)액티브,51440,2,30,0.06,51444.0,0.8039,3185,163,4201,2026-08-13 05:55:27
148070,6,KIWOOM 국고채10년,104825,2,240,0.23,104886.0,-0.7545,3498,366,4128,2026-08-13 05:55:27
0167Z0,4,KODEX 미국우주항공,9060,2,295,3.37,9051.0,-24.5165,520487,4700,4109,2026-08-13 05:55:27
0131V0,4,1Q 미국우주항공테크,12400,5,-130,-1.04,12414.0,-8.8728,97705,1208,4061,2026-08-13 05:55:27
462900,2,KoAct 바이오헬스케어액티브,15265,2,20,0.13,15307.0,-25.1412,971898,14821,4053,2026-08-13 05:55:27
469070,2,RISE AI&로봇,12120,2,130,1.08,12143.0,-26.5094,424708,5157,4036,2026-08-13 05:55:27
426020,4,TIME 미국S&P500액티브,33080,2,190,0.58,33031.0,-3.5767,77232,2550,4036,2026-08-13 05:55:27
241180,4,TIGER 일본니케이225,36670,2,600,1.66,36625.0,1.1213,346282,12739,4026,2026-08-13 05:55:27
451000,6,PLUS 종합채권(AA-이상)액티브,107035,2,200,0.19,107057.0,-1.8377,16,1,4004,2026-08-13 05:55:27
0060H0,1,TIGER 토탈월드스탁액티브,13165,2,65,0.5,13143.0,-0.5934,75699,993,4002,2026-08-13 05:55:27
439870,6,KODEX 국고채30년액티브,85950,2,530,0.62,86053.0,-11.4544,16282,1393,3998,2026-08-13 05:55:27
0043Y0,4,TIME 차이나AI테크액티브,21750,2,405,1.9,21672.0,-0.6054,98902,2144,3872,2026-08-13 05:55:27
0080G0,2,KODEX 방산TOP10,11495,2,250,2.22,11522.0,-18.4965,2220915,25201,3862,2026-08-13 05:55:27
385720,1,TIME 코스피액티브,25000,2,645,2.65,25068.0,-16.2771,65983,1670,3850,2026-08-13 05:55:27
458250,6,TIGER 미국30년국채스트립액티브(합성 H),34265,5,-155,-0.45,34294.0,-5.3616,60896,2085,3845,2026-08-13 05:55:27
471990,2,KODEX AI반도체핵심장비,23200,2,805,3.59,23213.0,-30.3423,923700,21568,3782,2026-08-13 05:55:27
484880,2,SOL 금융지주플러스고배당,22235,2,90,0.41,22254.0,2.9813,320621,7168,3713,2026-08-13 05:55:27
453810,4,KODEX 인도Nifty50,12120,5,-10,-0.08,12178.0,-1.4589,102186,1241,3588,2026-08-13 05:55:27
0040Y0,7,SOL 팔란티어커버드콜OTM채권혼합,8157,2,12,0.15,8176.0,0.9587,274572,2237,3569,2026-08-13 05:55:27
0144L0,4,KODEX 미국성장커버드콜액티브,9935,2,5,0.05,9939.0,-2.7609,164154,1627,3567,2026-08-13 05:55:27
448300,4,TIGER 미국나스닥100(H),23170,2,155,0.67,23129.0,1.2169,65534,1515,3545,2026-08-13 05:55:27
476760,6,ACE 미국30년국채액티브,9145,5,-20,-0.22,9110.0,-7.1996,302609,2765,3512,2026-08-13 05:55:27
439860,6,KODEX ESG종합채권(A-이상)액티브,113600,2,110,0.1,113645.0,0.2561,64,7,3506,2026-08-13 05:55:27
0026S0,4,1Q 미국S&P500,13305,2,20,0.15,13294.0,-0.2294,82354,1094,3499,2026-08-13 05:55:27
310960,1,TIGER 200TR,62370,2,2185,3.63,62497.0,-13.8368,34241,2147,3493,2026-08-13 05:55:27
474590,2,WON 반도체밸류체인액티브,43270,2,1095,2.6,43344.0,-6.0796,117935,5165,3483,2026-08-13 05:55:27
132030,5,KODEX 골드선물(H),24625,5,-55,-0.22,24634.0,-7.34,127452,3165,3472,2026-08-13 05:55:27
0052D0,2,TIGER 코리아배당다우존스,15595,2,65,0.42,15591.0,-4.2705,86216,1344,3454,2026-08-13 05:55:27
385550,6,RISE 단기채권알파액티브,113985,2,35,0.03,113982.0,0.6625,1094,124,3450,2026-08-13 05:55:27
456880,7,ACE 미국달러SOFR금리(합성),12417,5,-8,-0.06,12418.0,-3.9428,49447,613,3425,2026-08-13 05:55:27
0182R0,2,1Q K반도체TOP2+,10500,2,715,7.31,10511.0,-28.5245,2456383,25942,3418,2026-08-13 05:55:27
0046A0,6,TIGER 미국초단기(3개월이하)국채,9785,5,-10,-0.1,9790.0,-4.1638,297136,2905,3417,2026-08-13 05:55:27
496020,6,WON 전단채플러스액티브,52375,2,15,0.03,52383.0,0.8766,1043,54,3413,2026-08-13 05:55:27
472170,7,TIGER 미국테크TOP10채권혼합,14070,5,-20,-0.14,14073.0,-3.1283,100208,1408,3391,2026-08-13 05:55:27
270810,1,RISE 코스닥150,14735,2,110,0.75,14756.0,-24.4772,281674,4160,3377,2026-08-13 05:55:27
279530,2,KODEX 고배당주,17405,2,105,0.61,17424.0,-5.6866,180552,3146,3377,2026-08-13 05:55:27
385510,2,KODEX 신재생에너지액티브,39180,2,885,2.31,39255.0,-32.745,157226,6227,3291,2026-08-13 05:55:27
0052S0,7,1Q 미국S&P500미국채혼합50액티브,11910,2,5,0.04,11907.0,-1.9657,88019,1046,3287,2026-08-13 05:55:27
442570,7,RISE TDF2050액티브 적격,17910,2,125,0.7,17741.0,-1.7497,100508,1797,3286,2026-08-13 05:55:27
448630,7,RISE 삼성그룹Top3채권혼합,15165,2,75,0.5,15253.0,-0.9518,172601,2620,3230,2026-08-13 05:55:27
483320,4,ACE 엔비디아밸류체인액티브,26000,2,1090,4.38,25886.0,-5.6797,210081,5453,3159,2026-08-13 05:55:27
0210A0,2,ACE K반도체TOP2+,7165,2,425,6.31,7173.0,,3397299,24476,3142,2026-08-13 05:55:27
0111P0,7,1Q 미국나스닥100미국채혼합50액티브,11125,2,45,0.41,11105.0,-3.6412,237234,2632,3093,2026-08-13 05:55:27
485540,4,KODEX 미국AI테크TOP10,15600,5,-5,-0.03,15567.0,-6.0656,150433,2341,3081,2026-08-13 05:55:27
0008S0,4,TIGER 미국배당다우존스타겟데일리커버드콜,10195,5,-10,-0.1,10187.0,3.676,302992,3080,3033,2026-08-13 05:55:27
0038A0,4,KODEX 미국휴머노이드로봇,15865,2,125,0.79,15834.0,-13.4577,91123,1440,3030,2026-08-13 05:55:27
475300,2,SOL 반도체전공정,21540,2,580,2.77,21596.0,-8.1307,1669805,35851,3026,2026-08-13 05:55:27
453870,4,TIGER 인도니프티50,11945,2,20,0.17,11970.0,-1.6488,32973,394,2992,2026-08-13 05:55:27
441680,7,TIGER 미국나스닥100커버드콜(합성),10970,5,-30,-0.27,11006.0,-0.8975,48338,530,2984,2026-08-13 05:55:27
433330,4,SOL 미국S&P500,22745,2,85,0.38,22708.0,-0.3982,38924,884,2980,2026-08-13 05:55:27
364970,2,TIGER 바이오TOP10,7880,2,20,0.25,7892.0,2.2106,1099999,8670,2967,2026-08-13 05:55:27
190620,6,ACE 단기통안채,101880,2,10,0.01,101881.0,0.6521,582,59,2938,2026-08-13 05:55:27
481190,4,SOL 미국테크TOP10,17135,5,-25,-0.15,17108.0,-6.383,82830,1414,2896,2026-08-13 05:55:27
489030,2,PLUS 고배당주위클리커버드콜,6380,5,-195,-2.97,6361.0,-8.4556,1152378,7327,2890,2026-08-13 05:55:27
454780,6,KIWOOM 종합채권(AA-이상)액티브,99135,5,-60,-0.06,99424.0,-1.8843,3,0,2884,2026-08-13 05:55:27
461490,7,RISE 글로벌자산배분액티브,14850,2,35,0.24,14864.0,-2.3724,74894,1111,2873,2026-08-13 05:55:27
473330,6,SOL 미국30년국채커버드콜(합성),8210,2,20,0.24,8216.0,-7.3885,274435,2249,2865,2026-08-13 05:55:27
421320,2,PLUS 우주항공,30820,2,550,1.82,30808.0,-35.1682,65109,2000,2851,2026-08-13 05:55:27
475080,7,KODEX 테슬라커버드콜채권혼합액티브,7835,5,-20,-0.25,7830.0,-6.5602,115818,906,2848,2026-08-13 05:55:27
091170,2,KODEX 은행,15940,2,180,1.14,15962.0,4.1748,985401,15775,2829,2026-08-13 05:55:27
273140,6,KODEX 단기변동금리부채권액티브,114550,2,40,0.03,114542.0,0.564,3406,390,2803,2026-08-13 05:55:27
0162Y0,1,TIME 코스닥액티브,7775,2,105,1.37,7781.0,-30.9631,559962,4361,2776,2026-08-13 05:55:27
307520,2,TIGER 지주회사,21855,2,185,0.85,21905.0,-16.3453,284605,6294,2776,2026-08-13 05:55:27
136340,6,RISE 중기우량회사채,104325,2,85,0.08,104364.0,0.4714,2019,210,2768,2026-08-13 05:55:27
478150,4,TIME 글로벌우주테크&방산액티브,21620,2,70,0.32,21590.0,-5.813,20168,434,2767,2026-08-13 05:55:27
0094K0,6,TIGER 28-04 회사채(A+이상)액티브,99625,2,80,0.08,99653.0,0.703,49615,4941,2761,2026-08-13 05:55:27
0053L0,4,TIGER 차이나휴머노이드로봇,10595,2,45,0.43,10559.0,-21.6713,127670,1354,2755,2026-08-13 05:55:27
471040,4,KoAct 글로벌AI&로봇액티브,30115,2,645,2.19,30014.0,-15.5225,52454,1577,2725,2026-08-13 05:55:27
483340,4,ACE 구글밸류체인액티브,23690,2,565,2.44,23627.0,-7.0539,174299,4124,2713,2026-08-13 05:55:27
123320,3,TIGER 레버리지,108110,2,6930,6.85,108299.0,-37.4022,240472,26471,2703,2026-08-13 05:55:27
0098F0,2,KODEX 원자력SMR,15445,2,25,0.16,15476.0,-31.1146,324622,5055,2695,2026-08-13 05:55:27
213610,2,KODEX 삼성그룹밸류,22460,2,240,1.08,22471.0,-1.7901,42900,971,2673,2026-08-13 05:55:27
139230,2,TIGER 200 중공업,13575,2,95,0.7,13580.0,-31.2127,65266,893,2669,2026-08-13 05:55:27
471780,2,TIGER 코리아테크액티브,34930,2,1630,4.89,34873.0,-13.8645,94676,3326,2669,2026-08-13 05:55:27
283580,4,KODEX 차이나CSI300,15945,2,65,0.41,15954.0,-8.1466,54715,871,2655,2026-08-13 05:55:27
497880,6,SOL CD금리&머니마켓액티브,50102,2,17,0.03,50109.0,0.8424,81569,4086,2643,2026-08-13 05:55:27
409820,4,KODEX 미국나스닥100레버리지(합성 H),20445,2,250,1.24,20379.0,0.2482,90391,1842,2637,2026-08-13 05:55:27
196230,6,RISE 단기통안채,116770,2,10,0.01,116818.0,0.5728,15653,1828,2621,2026-08-13 05:55:27
423170,4,SOL 글로벌AI반도체탑픽액티브,58275,2,1890,3.35,58064.0,-7.2158,55724,3250,2611,2026-08-13 05:55:27
228790,2,TIGER 화장품,4450,5,-105,-2.31,4455.0,14.3036,8541728,38990,2591,2026-08-13 05:55:27
486450,4,SOL 미국AI전력인프라,21590,2,290,1.36,21293.0,-18.0297,21684,466,2537,2026-08-13 05:55:27
472920,6,HK 종합채권(AA-이상)액티브,97750,5,-30,-0.03,97887.0,-1.7435,69,6,2521,2026-08-13 05:55:27
0119H0,6,KODEX 28-12 회사채(AA-이상)액티브,9940,2,10,0.1,9926.0,0.7099,1153,11,2496,2026-08-13 05:55:27
493810,4,TIGER 미국AI빅테크10타겟데일리커버드콜,11740,5,-50,-0.42,11717.0,-3.7883,88430,1035,2495,2026-08-13 05:55:27
495230,1,KoAct 코리아밸류업액티브,30770,2,890,2.98,30819.0,-15.9912,39944,1239,2492,2026-08-13 05:55:27
363580,2,KODEX 200IT TR,55230,2,3090,5.93,55356.0,-7.7332,87516,4858,2485,2026-08-13 05:55:27
245710,4,ACE 베트남VN30(합성),29380,2,175,0.6,29731.0,-8.5057,22569,663,2468,2026-08-13 05:55:27
388420,2,RISE 비메모리반도체액티브,26960,2,850,3.26,26972.0,-20.6121,46130,1247,2426,2026-08-13 05:55:27
472160,4,TIGER 미국테크TOP10 INDXX(H),18775,5,-25,-0.13,18750.0,-2.3377,33241,623,2413,2026-08-13 05:55:27
448540,7,ACE 엔비디아채권혼합,26825,2,225,0.85,26809.0,-0.7093,25165,674,2387,2026-08-13 05:55:27
157500,2,TIGER 증권,13130,5,-10,-0.08,13141.0,-32.7238,782403,10492,2384,2026-08-13 05:55:27
0183V0,7,KIWOOM 삼성전자&SK하이닉스채권혼합50,11560,2,215,1.9,11567.0,-2.4525,649119,7533,2370,2026-08-13 05:55:27
442320,4,RISE 글로벌원자력,37635,2,530,1.43,37481.0,-25.269,12971,486,2367,2026-08-13 05:55:27
261260,7,KODEX 미국달러선물인버스2X,5085,2,5,0.1,5091.0,9.4827,255090,1298,2367,2026-08-13 05:55:27
244580,2,KODEX 바이오,9030,5,-10,-0.11,9048.0,-22.9983,680880,6149,2355,2026-08-13 05:55:27
463050,2,TIME K바이오액티브,13835,5,-40,-0.29,13865.0,-19.9135,454156,6262,2352,2026-08-13 05:55:27
414780,4,TIGER 차이나과창판STAR50(합성),15020,2,190,1.28,15204.0,-3.9197,151214,2278,2351,2026-08-13 05:55:27
498270,4,KIWOOM 미국양자컴퓨팅,15880,2,170,1.08,15863.0,-1.6179,65847,1041,2350,2026-08-13 05:55:27
329650,7,KODEX TRF3070,14210,2,10,0.07,14246.0,-1.3498,40787,579,2345,2026-08-13 05:55:27
0182S0,7,1Q K반도체TOP2채권혼합50,12200,2,310,2.61,12213.0,-4.88,258691,3169,2336,2026-08-13 05:55:27
363570,6,KODEX 장기종합채권(AA-이상)액티브,85950,2,200,0.23,86087.0,-4.6958,2773,237,2334,2026-08-13 05:55:27
437080,6,KODEX 미국종합채권ESG액티브(H),97230,2,140,0.14,97248.0,-0.9344,5789,562,2309,2026-08-13 05:55:27
488980,6,SOL 26-12 회사채(AA-이상)액티브,52050,2,5,0.01,52057.0,0.677,541,28,2304,2026-08-13 05:55:27
0092C0,6,SOL 27-12 회사채(AA-이상)액티브,50235,2,35,0.07,50222.0,0.6516,12,0,2270,2026-08-13 05:55:27
458260,6,TIGER 미국투자등급회사채액티브(H),46405,5,-15,-0.03,46388.0,-1.506,24396,1132,2265,2026-08-13 05:55:27
466930,2,SOL 자동차TOP3플러스,27350,2,690,2.59,27359.0,-8.8236,104068,2874,2256,2026-08-13 05:55:27
305080,6,TIGER 미국채10년선물,12630,2,25,0.2,12622.0,-5.8275,39694,500,2236,2026-08-13 05:55:27
0094M0,2,RISE 코리아밸류업위클리고정커버드콜,17610,5,-440,-2.44,17576.0,-5.9272,761646,13465,2219,2026-08-13 05:55:27
452360,4,SOL 미국배당다우존스(H),13435,2,30,0.22,13418.0,8.466,92128,1236,2217,2026-08-13 05:55:27
0151S0,4,KODEX 미국AI반도체TOP3플러스,15965,2,255,1.62,16064.0,-3.0463,613661,9799,2211,2026-08-13 05:55:27
0104N0,2,TIGER 200타겟위클리커버드콜,20700,2,800,4.02,20673.0,-14.2998,70325,1464,2174,2026-08-13 05:55:27
490090,4,TIGER 미국AI빅테크10,16330,5,-45,-0.27,16309.0,-3.4209,210158,3422,2156,2026-08-13 05:55:27
302450,1,RISE 코스피,70305,2,2150,3.15,70235.0,-13.9143,2441,172,2144,2026-08-13 05:55:27
495060,1,TIME 코리아밸류업액티브,28550,2,815,2.94,28593.0,-16.6742,50337,1450,2141,2026-08-13 05:55:27
433500,2,ACE 원자력TOP10,54640,2,410,0.76,54640.0,-36.5731,28327,1557,2131,2026-08-13 05:55:27
0089D0,2,KODEX 금융고배당TOP10,13130,2,20,0.15,13128.0,0.1846,161744,2137,2127,2026-08-13 05:55:27
0204D0,2,KODEX 현대차로보틱스밸류체인TOP3플러스,6740,2,90,1.35,6749.0,,1168985,7973,2126,2026-08-13 05:55:27
422420,2,RISE 2차전지액티브,6610,2,60,0.92,6615.0,-36.2791,134898,894,2115,2026-08-13 05:55:27
0047A0,4,TIGER 차이나테크TOP10,13650,2,375,2.82,13661.0,-11.3819,47705,644,2088,2026-08-13 05:55:27
394670,4,TIGER 글로벌리튬&2차전지SOLACTIVE(합성),11710,2,20,0.17,11795.0,-19.7392,18021,211,2075,2026-08-13 05:55:27
267770,3,TIGER 200선물레버리지,82890,2,5995,7.8,82316.0,-37.9003,45596,3811,2072,2026-08-13 05:55:27
266160,2,RISE 고배당,32300,2,695,2.2,32377.0,-10.3047,21738,708,2067,2026-08-13 05:55:27
0115D0,2,KODEX 조선TOP10,8155,5,-5,-0.06,8169.0,-27.2079,1459424,12009,2063,2026-08-13 05:55:27
0228G0,2,ACE 반도체Plus전략산업,10280,2,275,2.75,10291.0,,779881,8087,2056,2026-08-13 05:55:27
332930,1,HANARO 200TR,140230,2,4550,3.35,140631.0,-13.0062,3035,430,2033,2026-08-13 05:55:27
480040,4,ACE 미국반도체데일리타겟커버드콜(합성),15675,2,230,1.49,15594.0,-10.4522,181876,2837,2006,2026-08-13 05:55:27
0005A0,4,KODEX 미국S&P500데일리커버드콜OTM,9840,2,50,0.51,9815.0,-0.535,123491,1211,1958,2026-08-13 05:55:27
233160,3,TIGER 코스닥150 레버리지,8645,2,125,1.47,8641.0,-52.0,1922316,16617,1954,2026-08-13 05:55:27
0069M0,4,1Q 미국나스닥100,13965,2,80,0.58,13941.0,-3.3433,586244,8168,1941,2026-08-13 05:55:27
117700,2,KODEX 건설,6755,2,20,0.3,6762.0,-23.7641,2257911,15315,1932,2026-08-13 05:55:27
0192Z0,6,TIGER 중기종합채권(A-이상)액티브,100955,2,95,0.09,100951.0,,1,0,1928,2026-08-13 05:55:27
302190,6,TIGER 중장기국채,50200,2,105,0.21,50186.0,-0.0798,1101,55,1928,2026-08-13 05:55:27
429000,4,TIGER 미국S&P500배당귀족,13970,5,-40,-0.29,13938.0,5.465,73459,1025,1921,2026-08-13 05:55:27
495550,1,SOL 코리아밸류업TR,32640,2,790,2.48,32707.0,-12.4519,14881,490,1909,2026-08-13 05:55:27
0091C0,6,KODEX 미국10년국채액티브(H),9575,5,-15,-0.16,9590.0,-1.1258,246588,2364,1906,2026-08-13 05:55:27
433980,7,KODEX TDF2040액티브 적격,16250,2,75,0.46,16178.0,-1.051,54951,891,1893,2026-08-13 05:55:27
0082V0,7,KODEX TDF2060액티브 적격,11625,2,75,0.65,11551.0,-4.8448,93614,1087,1872,2026-08-13 05:55:27
122090,1,PLUS 코스피50,80090,2,3305,4.3,80224.0,-12.8259,59187,4782,1850,2026-08-13 05:55:27
473460,4,KODEX 미국서학개미,23650,2,160,0.68,23596.0,-13.1639,14931,352,1833,2026-08-13 05:55:27
463290,6,1Q 단기금융채액티브,109115,2,30,0.03,109112.0,0.7341,2602,283,1803,2026-08-13 05:55:27
0040X0,7,SOL 팔란티어미국채커버드콜혼합,9700,5,-35,-0.36,9695.0,4.5864,317085,3060,1795,2026-08-13 05:55:27
0093A0,2,RISE AI반도체TOP10,31860,2,1300,4.25,31804.0,-22.9256,100184,3177,1768,2026-08-13 05:55:27
483290,4,KODEX 미국배당다우존스타겟커버드콜,10555,5,-30,-0.28,10553.0,3.1473,100487,1059,1763,2026-08-13 05:55:27
200250,4,KIWOOM 인도Nifty50(합성),22260,2,30,0.13,22336.0,-1.811,4118,91,1759,2026-08-13 05:55:27
0180V0,4,ACE 미국우주테크액티브,9380,2,365,4.05,9315.0,-24.18,190161,1776,1754,2026-08-13 05:55:27
0051G0,4,SOL 미국원자력SMR,14245,2,5,0.04,14175.0,-17.8778,9985,141,1745,2026-08-13 05:55:27
0005G0,2,IBK K-AI반도체코어테크,50135,2,2910,6.16,50045.0,-6.3583,42088,2116,1730,2026-08-13 05:55:27
0099L0,6,ACE 우량회사채(AA-이상)액티브,99605,2,75,0.08,99682.0,0.7082,19879,1979,1712,2026-08-13 05:55:27
490600,4,RISE 미국배당100데일리고정커버드콜,9295,5,-45,-0.48,9291.0,4.66,244657,2271,1710,2026-08-13 05:55:27
472870,6,RISE 미국30년국채엔화노출(합성 H),7050,5,-15,-0.21,7081.0,-9.4125,88200,621,1710,2026-08-13 05:55:27
494330,2,ACE 라이프자산주주가치액티브,32400,2,560,1.76,32386.0,5.4681,23229,755,1701,2026-08-13 05:55:27
461950,2,KODEX 2차전지핵심소재10,4900,2,65,1.34,4905.0,-37.0842,780129,3811,1683,2026-08-13 05:55:27
0190G0,2,KODEX 반도체타겟위클리커버드콜,8540,2,220,2.64,8549.0,-19.9702,224801,1927,1682,2026-08-13 05:55:27
412570,2,TIGER 2차전지TOP10레버리지,1177,2,12,1.03,1182.0,-54.6693,5403683,6400,1678,2026-08-13 05:55:27
160580,5,TIGER 구리실물,16435,5,-385,-2.29,16826.0,-0.767,95409,1573,1676,2026-08-13 05:55:27
480020,4,ACE 미국빅테크7+데일리타겟커버드콜(합성),10710,5,-305,-2.77,10646.0,-8.2573,391768,4181,1671,2026-08-13 05:55:27
403790,1,MIDAS 코스피액티브,56935,2,1610,2.91,56982.0,-12.8466,6078,348,1665,2026-08-13 05:55:27
337160,2,KODEX 200ESG,47100,2,1505,3.3,47131.0,-9.4587,17262,817,1649,2026-08-13 05:55:27
480030,4,ACE 미국500데일리타겟커버드콜(합성),10290,2,10,0.1,10260.0,-1.9068,145675,1494,1646,2026-08-13 05:55:27
494220,2,UNICORN SK하이닉스밸류체인액티브,46285,2,1695,3.8,46395.0,-13.4595,130357,6075,1643,2026-08-13 05:55:27
237370,7,KODEX 코리아배당성장채권혼합,15730,5,-15,-0.1,15749.0,-1.919,51638,813,1636,2026-08-13 05:55:27
143860,2,TIGER 헬스케어,40630,5,-20,-0.05,40638.0,-9.9768,48588,1972,1633,2026-08-13 05:55:27
272560,6,RISE 단기국공채액티브,114790,2,50,0.04,114790.0,0.6314,2836,325,1604,2026-08-13 05:55:27
0048K0,4,KODEX 차이나휴머노이드로봇,9410,2,40,0.43,9413.0,-16.9603,343190,3234,1600,2026-08-13 05:55:27
476450,6,KIWOOM 머니마켓액티브,52700,2,20,0.04,52700.0,0.7458,6446,339,1594,2026-08-13 05:55:27
491820,2,HANARO 전력설비투자,44175,2,95,0.22,44229.0,-38.5217,90926,4116,1590,2026-08-13 05:55:27
354500,1,ACE 코스닥150,14955,2,105,0.71,14984.0,-24.6576,267969,4011,1585,2026-08-13 05:55:27
332500,1,ACE 200TR,72055,2,2550,3.67,72055.0,-13.1676,32517,2357,1585,2026-08-13 05:55:27
0064K0,5,KODEX 금액티브,13010,5,-20,-0.15,13004.0,-10.9973,283794,3719,1573,2026-08-13 05:55:27
491610,6,1Q CD금리액티브(합성),104700,2,20,0.02,104693.0,0.7071,2685,281,1553,2026-08-13 05:55:27
464240,6,KIWOOM 26-09회사채(AA-이상)액티브,52375,2,15,0.03,52353.0,0.7294,3,0,1545,2026-08-13 05:55:27
0104H0,7,KoAct 미국나스닥채권혼합50액티브,12050,2,85,0.71,12079.0,-7.4275,61669,742,1524,2026-08-13 05:55:27
0151P0,2,RISE 코리아전략산업액티브,14810,2,560,3.93,14821.0,-22.7139,78783,1176,1518,2026-08-13 05:55:27
0127M0,4,ACE 미국대형가치주액티브,12660,2,20,0.16,12708.0,5.1834,119285,1510,1513,2026-08-13 05:55:27
152870,1,파워 200,107900,2,3590,3.44,108101.0,-13.09,4886,529,1511,2026-08-13 05:55:27
219480,4,KODEX 미국S&P500선물(H),33450,2,115,0.34,33455.0,3.9931,3821,127,1505,2026-08-13 05:55:27
0153K0,2,KODEX 주주환원고배당주,12075,2,25,0.21,12090.0,1.549,121272,1469,1497,2026-08-13 05:55:27
458210,7,KIWOOM CD금리액티브(합성),110450,2,35,0.03,110409.0,0.7068,544,60,1483,2026-08-13 05:55:27
245340,4,TIGER 미국다우존스30,37080,5,-15,-0.04,37040.0,3.8026,12997,480,1483,2026-08-13 05:55:27
457990,2,PLUS 태양광&ESS,38515,2,915,2.43,38623.0,-23.5928,577056,22270,1483,2026-08-13 05:55:27
486830,6,HANARO 머니마켓액티브,53205,2,20,0.04,53213.0,0.7673,2327,123,1468,2026-08-13 05:55:27
138520,2,TIGER 삼성그룹,36300,2,425,1.18,36301.0,-1.7393,39089,1433,1459,2026-08-13 05:55:27
481180,4,SOL 미국AI소프트웨어,16480,5,-35,-0.21,16544.0,25.9245,146844,2418,1442,2026-08-13 05:55:27
0005D0,2,SOL 전고체배터리&실리콘음극재,14545,2,115,0.8,14563.0,-37.4648,430676,6259,1440,2026-08-13 05:55:27
0168K0,2,TIGER 기술이전바이오액티브,6855,2,25,0.37,6863.0,-26.242,1314567,8968,1427,2026-08-13 05:55:27
0041E0,4,KODEX 미국S&P500액티브,16790,2,110,0.66,16761.0,-5.9114,98746,1657,1427,2026-08-13 05:55:27
451530,6,TIGER 국고채30년스트립액티브,34350,2,465,1.37,34445.0,-20.2894,32821,1105,1406,2026-08-13 05:55:27
192090,4,TIGER 차이나CSI300,13045,2,60,0.46,13069.0,-8.9411,25180,327,1383,2026-08-13 05:55:27
495330,1,1Q 코리아밸류업,31820,2,930,3.01,31853.0,-12.8564,11756,377,1368,2026-08-13 05:55:27
0176E0,4,RISE 미국AI전력인프라액티브,11010,2,330,3.09,10908.0,-17.2735,18432,202,1365,2026-08-13 05:55:27
0074K0,2,KoAct K수출핵심기업TOP30액티브,17710,2,500,2.91,17723.0,-14.4207,58576,1046,1364,2026-08-13 05:55:27
0123G0,4,TIGER 미국AI전력SMR,7025,2,40,0.57,6970.0,-20.6701,57228,400,1352,2026-08-13 05:55:27
304660,6,KODEX 미국30년국채울트라선물(H),7250,5,-10,-0.14,7256.0,-2.5504,9138,66,1349,2026-08-13 05:55:27
476030,4,SOL 미국나스닥100,17695,2,125,0.71,17657.0,-3.269,101225,1788,1345,2026-08-13 05:55:27
0131W0,6,1Q 단기특수은행채액티브,102000,2,40,0.04,101999.0,0.6664,4118,419,1344,2026-08-13 05:55:27
0184L0,6,PLUS 중기종합채권(A-이상)액티브,100620,2,100,0.1,100624.0,0.676,16,1,1343,2026-08-13 05:55:27
271050,5,KODEX WTI원유선물인버스(H),2060,2,5,0.24,2056.0,4.6867,743607,1539,1319,2026-08-13 05:55:27
463680,4,KODEX 미국S&P500테크놀로지,23335,2,280,1.21,23081.0,1.2795,40011,930,1318,2026-08-13 05:55:27
139220,2,TIGER 200 건설,7610,2,20,0.26,7607.0,-24.1,423757,3260,1310,2026-08-13 05:55:27
488720,7,WON 종합채권(AA-이상)액티브,48410,3,0,0.0,48569.0,-1.7455,0,0,1295,2026-08-13 05:55:27
411420,4,KODEX 미국나스닥AI테크액티브,27555,2,190,0.69,27531.0,-7.3612,42061,1158,1295,2026-08-13 05:55:27
471760,2,TIGER AI반도체핵심공정,14295,2,795,5.89,14314.0,-37.874,892719,12818,1294,2026-08-13 05:55:27
182480,7,TIGER 미국MSCI리츠(합성 H),13725,5,-15,-0.11,13917.0,1.3333,46350,637,1290,2026-08-13 05:55:27
325010,2,KODEX 성장주,42790,2,1415,3.42,42895.0,-14.373,32623,1404,1284,2026-08-13 05:55:27
0181B0,4,HANARO 미국AI메모리반도체TOP4+,10095,2,370,3.8,10027.0,-4.983,312928,3155,1262,2026-08-13 05:55:27
114820,6,TIGER 국채3년,105160,2,70,0.07,105219.0,0.6416,5729,602,1251,2026-08-13 05:55:27
251340,3,KODEX 코스닥150선물인버스,2320,3,0,0.0,2323.0,14.2857,55610026,128006,1250,2026-08-13 05:55:27
377990,2,TIGER Fn신재생에너지,25200,2,485,1.96,25235.0,-33.1818,90280,2299,1247,2026-08-13 05:55:27
0193G0,1,KoAct 코스피액티브,8315,2,240,2.97,8336.0,,262693,2200,1247,2026-08-13 05:55:27
0080Y0,2,SOL 조선TOP3플러스레버리지,9820,2,5,0.05,9811.0,-54.3276,407969,4050,1247,2026-08-13 05:55:27
447620,7,SOL 미국TOP5채권혼합50,15975,5,-80,-0.5,16006.0,-0.4342,68982,1103,1246,2026-08-13 05:55:27
0199C0,2,ACE 고배당주Plus커버드콜액티브,9225,5,-30,-0.32,9226.0,,656173,6090,1245,2026-08-13 05:55:27
448100,1,WON 200,110390,2,4250,4.0,110218.0,-13.8433,3486,385,1242,2026-08-13 05:55:27
367770,2,RISE 수소경제테마,23625,2,370,1.59,23671.0,-25.9277,67604,1607,1240,2026-08-13 05:55:27
464310,4,TIGER 글로벌AI&로보틱스 INDXX,14910,2,25,0.17,14910.0,-13.1817,19378,288,1238,2026-08-13 05:55:27
0000Y0,6,HK 26-12 회사채(AA-이상)액티브,101745,2,25,0.02,101737.0,0.673,36,3,1231,2026-08-13 05:55:27
0092B0,2,SOL 한국원자력SMR,15160,5,-20,-0.13,15168.0,-32.353,84091,1281,1228,2026-08-13 05:55:27
372330,4,KODEX 차이나항셍테크,7420,2,60,0.82,7446.0,-9.9851,75056,554,1224,2026-08-13 05:55:27
399110,4,SOL 미국S&P500ESG,21815,2,115,0.53,21695.0,1.4314,8646,188,1222,2026-08-13 05:55:27
464930,4,TIGER 글로벌혁신블루칩TOP10,21895,2,5,0.02,21873.0,0.4589,2573,56,1215,2026-08-13 05:55:27
0191W0,6,HANARO 중기종합채권(A-이상)액티브,100840,3,0,0.0,100928.0,,0,0,1210,2026-08-13 05:55:27
488500,4,TIGER 미국S&P500동일가중,13170,2,20,0.15,13169.0,3.7308,36815,484,1185,2026-08-13 05:55:27
309230,4,ACE 미국WideMoat동일가중,32015,5,-125,-0.39,32138.0,7.3681,3336,106,1185,2026-08-13 05:55:27
328370,1,PLUS 코스피TR,38025,2,930,2.51,38127.0,-13.7968,5994,228,1179,2026-08-13 05:55:27
0000J0,2,PLUS 한화그룹주,29665,2,695,2.4,29701.0,-24.6946,89399,2656,1157,2026-08-13 05:55:27
0174B0,7,KoAct 글로벌AI메모리반도체액티브,14660,2,670,4.79,14602.0,-4.1453,85721,1260,1151,2026-08-13 05:55:27
304940,4,KODEX 미국나스닥100선물(H),32805,2,215,0.66,32734.0,0.9916,2425,79,1148,2026-08-13 05:55:27
332940,1,HANARO MSCI Korea TR,47730,2,1560,3.38,47672.0,-12.2911,449,21,1146,2026-08-13 05:55:27
0177X0,2,ACE K휴머노이드로봇산업TOP2+,10340,2,235,2.33,10337.0,-31.6769,544187,5630,1143,2026-08-13 05:55:27
319640,4,TIGER 골드선물(H),25875,5,-35,-0.14,25870.0,-7.6457,9774,254,1139,2026-08-13 05:55:27
469170,2,ACE 포스코그룹포커스,5690,2,10,0.18,5697.0,-32.471,712348,4056,1138,2026-08-13 05:55:27
0122W0,6,RISE 26-11 회사채(AA-이상)액티브,50925,2,15,0.03,50932.0,0.6225,201,10,1138,2026-08-13 05:55:27
0135Y0,6,IBK 중기종합채권(AA-이상)액티브,100450,2,100,0.1,100478.0,0.4454,92,9,1132,2026-08-13 05:55:27
266370,2,KODEX IT,66535,2,3615,5.75,66546.0,-12.0923,21955,1464,1131,2026-08-13 05:55:27
0036R0,4,RISE 미국휴머노이드로봇,20195,2,60,0.3,20190.0,-7.3402,30412,613,1131,2026-08-13 05:55:27
491230,6,PLUS 국공채머니마켓액티브,52445,2,30,0.06,52430.0,0.7399,6212,325,1129,2026-08-13 05:55:27
498180,6,파워 종합채권(AA-이상)액티브,93065,3,0,0.0,93207.0,-1.8406,0,0,1127,2026-08-13 05:55:27
326240,2,RISE IT플러스,43990,2,1945,4.63,43924.0,-11.8462,11663,512,1126,2026-08-13 05:55:27
168580,4,ACE 중국본토CSI300,36055,2,260,0.73,36112.0,-8.628,2003,71,1125,2026-08-13 05:55:27
394660,4,TIGER 글로벌자율주행&전기차SOLACTIVE,16780,2,120,0.72,16894.0,-16.1551,2866,48,1101,2026-08-13 05:55:27
465610,4,ACE 미국빅테크TOP7 Plus레버리지(합성),45700,2,365,0.81,45746.0,-4.3768,7837,356,1097,2026-08-13 05:55:27
0209D0,2,KODEX 전고체배터리ESS TOP2플러스,8010,2,80,1.01,8019.0,,631798,5088,1089,2026-08-13 05:55:27
0052T0,6,1Q 중단기회사채(A-이상)액티브,50660,2,10,0.02,50664.0,0.7358,41,2,1081,2026-08-13 05:55:27
455860,2,SOL 2차전지소부장Fn,4540,2,60,1.34,4539.0,-36.9459,314957,1427,1074,2026-08-13 05:55:27
0221V0,6,IBK 초단기채권액티브,100285,2,30,0.03,100286.0,,13,1,1072,2026-08-13 05:55:27
261270,7,KODEX 미국달러선물인버스,7895,2,10,0.13,7902.0,4.9234,43414,342,1071,2026-08-13 05:55:27
0132K0,7,PLUS 테슬라위클리커버드콜채권혼합,7957,5,-83,-1.03,7953.0,-5.0832,309113,2459,1070,2026-08-13 05:55:27
438570,6,SOL 국고채10년,98425,2,165,0.17,98498.0,-0.7325,59,5,1067,2026-08-13 05:55:27
449770,4,KIWOOM 미국S&P500,21745,2,10,0.05,21758.0,-0.4304,384272,8347,1066,2026-08-13 05:55:27
0193M0,6,BNK 27-12 특수채(AAA이상)액티브,50355,3,0,0.0,50351.0,,0,0,1065,2026-08-13 05:55:27
0085P0,6,ACE 미국10년국채액티브,10080,3,0,0.0,10061.0,-5.5337,80338,808,1058,2026-08-13 05:55:27
0091M0,6,HANARO 27-06 회사채(AA-이상)액티브,10145,2,10,0.1,10149.0,0.4957,30,0,1058,2026-08-13 05:55:27
0142D0,4,TIGER 미국AI데이터센터TOP4Plus,11835,2,940,8.63,11851.0,-16.0309,287673,3392,1053,2026-08-13 05:55:27
496090,1,KIWOOM 코리아밸류업,32080,2,1090,3.52,32001.0,-12.7405,1436,46,1043,2026-08-13 05:55:27
475280,6,ACE 8월만기자동연장회사채AA-이상액티브,10720,3,0,0.0,10721.0,0.8184,0,0,1032,2026-08-13 05:55:27
465780,6,마이티 26-09 특수채(AAA)액티브,106245,3,0,0.0,106287.0,0.6632,0,0,1023,2026-08-13 05:55:27
0138Y0,7,PLUS 금채권혼합,9945,3,0,0.0,9985.0,-5.2858,292164,2913,1009,2026-08-13 05:55:27
204480,4,TIGER 차이나CSI300레버리지(합성),27040,2,340,1.27,27273.0,-20.5358,1112,30,1006,2026-08-13 05:55:27
203780,4,TIGER 미국나스닥바이오,35410,2,115,0.33,35288.0,10.9208,30017,1057,1006,2026-08-13 05:55:27
114100,6,RISE 국고채3년,106680,2,60,0.06,106746.0,0.6357,5375,573,1004,2026-08-13 05:55:27
0035T0,7,PLUS 글로벌휴머노이드로봇액티브,20830,2,375,1.83,20791.0,-17.8679,17035,355,1000,2026-08-13 05:55:27
476850,1,KoAct 배당성장액티브,21195,2,345,1.65,21200.0,-10.6453,49252,1051,996,2026-08-13 05:55:27
475050,2,ACE KPOP포커스,6750,5,-435,-6.05,6761.0,-18.3059,1093381,7510,969,2026-08-13 05:55:27
0007N0,1,아이엠에셋 200,107600,2,3675,3.54,107601.0,-12.9654,107,11,968,2026-08-13 05:55:27
0137V0,4,KIWOOM 미국S&P500모멘텀,11990,2,185,1.57,11967.0,-3.0301,55334,662,965,2026-08-13 05:55:27
308620,6,KODEX 미국10년국채선물,11875,2,20,0.17,11859.0,-5.3871,17448,206,962,2026-08-13 05:55:27
461500,6,HANARO 종합채권(AA-이상)액티브,104605,5,-70,-0.07,104793.0,-1.8841,113,11,960,2026-08-13 05:55:27
468380,6,KODEX iShares미국하이일드액티브,11260,2,25,0.22,11244.0,-3.7819,33605,377,959,2026-08-13 05:55:27
195980,4,PLUS 신흥국MSCI(합성 H),15250,2,210,1.4,15262.0,-0.7589,12232,185,958,2026-08-13 05:55:27
485690,4,RISE 미국AI밸류체인TOP3Plus,22735,2,260,1.16,22633.0,-2.3273,5493,124,955,2026-08-13 05:55:27
479620,4,SOL 미국AI반도체칩메이커,26575,2,350,1.33,26411.0,-4.0608,60096,1592,943,2026-08-13 05:55:27
473440,6,ACE 11월만기자동연장회사채AA-이상액티브,10830,2,10,0.09,10836.0,0.6043,1348,14,942,2026-08-13 05:55:27
486240,2,DAISHIN343 AI반도체&인프라액티브,29390,2,685,2.39,29392.0,-12.6977,1925,56,940,2026-08-13 05:55:27
433970,7,KODEX TDF2030액티브 적격,14222,2,57,0.4,14181.0,-0.5865,22691,322,939,2026-08-13 05:55:27
0162L0,4,KODEX 차이나AI반도체TOP10,14270,2,195,1.39,14289.0,-4.0497,662458,9527,935,2026-08-13 05:55:27
211900,2,KODEX 코리아배당성장,28295,2,25,0.09,28304.0,-10.2456,4580,129,934,2026-08-13 05:55:27
454320,2,HANARO CAPEX설비투자iSelect,43260,2,270,0.63,43300.0,-29.7836,2187,95,930,2026-08-13 05:55:27
143850,4,TIGER 미국S&P500선물(H),78230,2,200,0.26,78223.0,3.7495,3175,248,919,2026-08-13 05:55:27
269540,4,PLUS 미국S&P500(H),30365,2,95,0.31,30343.0,3.6288,4615,140,911,2026-08-13 05:55:27
325020,2,KODEX 배당가치,29360,2,140,0.48,29423.0,-3.8253,14699,434,910,2026-08-13 05:55:27
0008T0,2,SOL 화장품TOP3플러스,17460,5,-620,-3.43,17487.0,9.9088,2242449,40516,908,2026-08-13 05:55:27
453080,4,KIWOOM 미국나스닥100(H),23165,2,175,0.76,23108.0,0.8852,4509,104,903,2026-08-13 05:55:27
298770,4,KODEX 한국대만IT프리미어,81995,2,2220,2.78,82107.0,-2.427,10072,827,902,2026-08-13 05:55:27
329670,7,KODEX TRF7030,22495,2,10,0.04,22549.0,-0.4686,13294,299,900,2026-08-13 05:55:27
444490,4,WON 미국S&P500,20875,2,50,0.24,20850.0,-0.5017,6529,136,898,2026-08-13 05:55:27
108450,2,ACE 삼성그룹섹터가중,39985,2,910,2.33,39978.0,-5.1578,6843,274,880,2026-08-13 05:55:27
359210,1,KODEX 코스피TR,35095,2,970,2.84,35174.0,-14.1618,69759,2469,877,2026-08-13 05:55:27
460960,7,ACE 글로벌인컴TOP10,11425,5,-15,-0.13,11420.0,-2.73,34909,398,874,2026-08-13 05:55:27
490480,2,SOL K방산,31745,2,625,2.01,31755.0,-19.8455,30692,968,873,2026-08-13 05:55:27
495040,1,PLUS 코리아밸류업,31735,2,1000,3.25,31742.0,-13.0673,13599,434,873,2026-08-13 05:55:27
0066W0,5,SOL 국제금,13140,5,-30,-0.23,13234.0,-10.9534,86931,1150,861,2026-08-13 05:55:27
469060,4,RISE 미국반도체NYSE,37405,2,805,2.2,37146.0,-2.3219,53162,1984,860,2026-08-13 05:55:27
329660,7,KODEX TRF5050,18120,2,10,0.06,18169.0,-0.2787,7132,129,852,2026-08-13 05:55:27
138530,2,TIGER LG그룹플러스,12505,2,15,0.12,12511.0,-3.028,135337,1698,840,2026-08-13 05:55:27
461460,6,PLUS 국고채10년액티브,51530,2,140,0.27,51488.0,-0.782,1469,75,836,2026-08-13 05:55:27
157490,2,TIGER 소프트웨어,8895,2,145,1.66,8923.0,-4.1096,210423,1864,834,2026-08-13 05:55:27
0017Y0,6,1Q 종합채권(AA-이상)액티브,93625,2,5,0.01,93786.0,-1.9224,46,4,828,2026-08-13 05:55:27
453330,4,RISE 미국S&P500(H),18360,2,70,0.38,18334.0,4.6623,18255,334,826,2026-08-13 05:55:27
481430,6,RISE 국고채10년액티브,98400,2,130,0.13,98457.0,-0.7374,58,5,821,2026-08-13 05:55:27
364960,2,TIGER BBIG,6745,5,-15,-0.22,6768.0,-11.2279,43782,296,816,2026-08-13 05:55:27
0057H0,7,PLUS 미국S&P500미국채혼합50액티브,12000,2,10,0.08,11994.0,-2.2042,40920,490,816,2026-08-13 05:55:27
412770,4,TIGER 글로벌AI플랫폼액티브,13180,2,235,1.82,12962.0,-9.0622,43545,573,803,2026-08-13 05:55:27
0049M0,4,ACE 미국배당퀄리티+커버드콜액티브,11610,5,-10,-0.09,11636.0,0.0948,21578,250,801,2026-08-13 05:55:27
0018C0,2,PLUS 고배당주위클리고정커버드콜,10550,5,-70,-0.66,10549.0,-10.2282,123765,1307,797,2026-08-13 05:55:27
337140,2,KODEX 코스피대형주,35895,2,1360,3.94,35863.0,-14.1552,23715,856,790,2026-08-13 05:55:27
495750,1,HANARO 코리아밸류업,31960,2,845,2.72,31944.0,-12.0796,170,5,783,2026-08-13 05:55:27
492500,7,1Q 현대차그룹채권(A+이상)&국고통안,51295,2,10,0.02,51317.0,0.5489,238,12,781,2026-08-13 05:55:27
0080X0,7,SOL 미국S&P500미국채혼합50,11305,2,20,0.18,11292.0,-2.846,44764,504,780,2026-08-13 05:55:27
458030,6,WON 국공채머니마켓액티브,54970,2,20,0.04,54976.0,0.6686,2181,119,779,2026-08-13 05:55:27
0098N0,2,PLUS 자사주매입고배당주,12735,5,-10,-0.08,12757.0,-1.2446,50429,643,777,2026-08-13 05:55:27
210780,2,TIGER 코스피고배당,23130,3,0,0.0,23111.0,-8.4149,22652,527,763,2026-08-13 05:55:27
0225V0,4,KODEX 미국CPU반도체TOP10,10890,2,185,1.73,10822.0,,131439,1425,762,2026-08-13 05:55:27
0113D0,4,TIME 글로벌탑픽액티브,12395,2,25,0.2,12403.0,-0.2822,22347,276,762,2026-08-13 05:55:27
434960,1,DAISHIN343 K200,108880,2,4930,4.74,107885.0,-13.339,848,92,762,2026-08-13 05:55:27
228810,2,TIGER 미디어컨텐츠,3215,5,-145,-4.32,3214.0,-21.6784,617346,2002,761,2026-08-13 05:55:27
438560,6,SOL 국고채3년,100510,2,90,0.09,100532.0,0.6514,20,2,758,2026-08-13 05:55:27
365040,1,TIGER AI코리아그로스액티브,35780,2,935,2.68,35855.0,-11.5722,3791,136,751,2026-08-13 05:55:27
441540,2,HANARO Fn조선해운,27520,5,-205,-0.74,27583.0,-21.8795,14953,416,743,2026-08-13 05:55:27
211560,2,TIGER 배당성장,35340,5,-35,-0.1,35429.0,-8.8827,35370,1269,742,2026-08-13 05:55:27
266420,2,KODEX 헬스케어,18420,5,-30,-0.16,18451.0,-10.3281,83366,1535,737,2026-08-13 05:55:27
272910,6,ACE 중장기국공채액티브,106205,2,90,0.08,106238.0,0.3404,59,6,731,2026-08-13 05:55:27
0190Y0,4,TIGER 구글밸류체인,9300,2,155,1.69,9281.0,-9.5815,156694,1453,725,2026-08-13 05:55:27
130730,6,KIWOOM 단기자금,102930,2,35,0.03,102925.0,0.6455,850,87,722,2026-08-13 05:55:27
0102A0,4,TIGER 미국AI소프트웨어TOP4Plus,8520,5,-95,-1.1,8529.0,6.4894,33734,286,720,2026-08-13 05:55:27
292190,1,KODEX KRX300,47460,2,1555,3.39,47406.0,-13.9034,8194,391,712,2026-08-13 05:55:27
475310,2,SOL 반도체후공정,25825,2,640,2.54,25847.0,-27.5877,174920,4559,710,2026-08-13 05:55:27
0022T0,4,SOL 국제금커버드콜액티브,13545,5,-15,-0.11,13623.0,-10.673,70912,968,704,2026-08-13 05:55:27
475350,4,RISE 버크셔포트폴리오TOP10,14910,5,-20,-0.13,14884.0,3.7084,37726,561,701,2026-08-13 05:55:27
458750,4,TIGER 미국배당다우존스타겟커버드콜1호,13305,5,-15,-0.11,13297.0,3.513,21982,292,692,2026-08-13 05:55:27
453950,4,TIGER TSMC파운드리밸류체인,35470,2,755,2.17,35484.0,1.6842,6202,219,692,2026-08-13 05:55:27
0098Z0,1,FOCUS 200,91810,2,4100,4.67,91489.0,-13.5405,48,4,689,2026-08-13 05:55:27
0181L0,4,SOL 미국우주항공TOP10,8420,2,310,3.82,8405.0,-25.219,82073,688,686,2026-08-13 05:55:27
0115E0,2,KODEX 코리아소버린AI,14880,2,435,3.01,14897.0,-9.4172,157853,2341,684,2026-08-13 05:55:27
440640,6,ACE 단기채권알파액티브,112530,2,20,0.02,112535.0,0.7792,3880,436,680,2026-08-13 05:55:27
433880,7,PLUS TDF2060액티브 적격,19130,2,95,0.5,19047.0,-1.9736,12629,241,670,2026-08-13 05:55:27
0197X0,2,SOL SK하이닉스선물단일종목인버스2X,8635,5,-1175,-11.98,8647.0,,16790715,141084,669,2026-08-13 05:55:27
277640,2,TIGER 코스피대형주,37135,2,1170,3.25,37077.0,-13.5309,20120,751,668,2026-08-13 05:55:27
228800,2,TIGER 여행레저,2575,5,-60,-2.28,2574.0,-16.877,198972,516,665,2026-08-13 05:55:27
100910,1,KIWOOM KRX100,16895,2,585,3.59,16933.0,-13.1296,8488,144,659,2026-08-13 05:55:27
278240,3,RISE 코스닥150선물레버리지,8775,2,120,1.39,8795.0,-52.0765,56818,499,657,2026-08-13 05:55:27
473640,4,HANARO 글로벌금채굴기업,33555,5,-85,-0.25,33602.0,-9.8366,23519,789,654,2026-08-13 05:55:27
278620,6,PLUS 단기채권액티브,118935,2,65,0.05,118942.0,0.6605,19,2,652,2026-08-13 05:55:27
0040S0,4,HANARO 글로벌피지컬AI액티브,25035,2,300,1.21,24982.0,-10.7362,6965,174,651,2026-08-13 05:55:27
491700,1,HK 200,108235,2,4175,4.01,107995.0,-13.2364,451,48,649,2026-08-13 05:55:27
0036D0,4,TIME 미국배당다우존스액티브,12980,5,-100,-0.76,13115.0,2.2414,225091,2916,649,2026-08-13 05:55:27
261070,2,TIGER 코스닥150바이오테크,13905,2,35,0.25,13911.0,-20.9912,428593,5904,645,2026-08-13 05:55:27
0000D0,7,TIGER 엔비디아미국채커버드콜밸런스(합성),9375,2,65,0.7,9380.0,-6.0228,26735,249,642,2026-08-13 05:55:27
495940,4,RISE 미국AI테크액티브,20200,2,285,1.43,20150.0,-9.9324,46753,942,636,2026-08-13 05:55:27
0123S0,2,HANARO 26-12 은행채(AA+이상)액티브,10160,5,-35,-0.34,10178.0,0.7909,14,0,635,2026-08-13 05:55:27
465330,2,RISE 2차전지TOP10,11020,2,70,0.64,11036.0,-29.1263,116966,1290,628,2026-08-13 05:55:27
455660,6,ACE 미국하이일드액티브(H),9470,3,0,0.0,9473.0,0.6344,111778,1057,625,2026-08-13 05:55:27
419890,6,KIWOOM 단기채권ESG액티브,107490,2,20,0.02,107500.0,0.6414,25,2,623,2026-08-13 05:55:27
440910,4,WON 미국우주항공방산,28245,2,35,0.12,28226.0,4.5201,6432,181,621,2026-08-13 05:55:27
453640,4,KODEX 미국S&P500헬스케어,14415,2,20,0.14,14397.0,12.9754,26899,387,620,2026-08-13 05:55:27
479730,4,TIGER 인도빌리언컨슈머,10445,5,-15,-0.14,10487.0,4.2235,3098,32,616,2026-08-13 05:55:27
476750,6,ACE 미국30년국채엔화노출액티브(H),7595,5,-5,-0.07,7575.0,-9.3494,16770,127,615,2026-08-13 05:55:27
282000,3,RISE 국고채3년선물인버스,114335,5,-135,-0.12,114359.0,0.1312,2,0,615,2026-08-13 05:55:27
306950,3,KODEX KRX300레버리지,76250,2,4950,6.94,76300.0,-40.0841,2756,212,610,2026-08-13 05:55:27
0111J0,2,HANARO 증권고배당TOP3플러스,13285,5,-90,-0.67,13289.0,-29.389,101964,1391,604,2026-08-13 05:55:27
0000Z0,2,RISE 바이오TOP10액티브,9905,2,10,0.1,9912.0,-32.6413,323512,3198,599,2026-08-13 05:55:27
252400,3,RISE 200선물레버리지,99750,2,6620,7.11,99713.0,-37.6118,7125,722,599,2026-08-13 05:55:27
275980,4,TIGER 글로벌4차산업혁신기술(합성 H),23520,2,65,0.28,23931.0,0.9468,15338,361,597,2026-08-13 05:55:27
261240,7,KODEX 미국달러선물,14605,5,-5,-0.03,14606.0,-4.071,32327,471,593,2026-08-13 05:55:27
0089C0,4,KODEX 미국S&P500변동성확대시커버드콜,11755,5,-25,-0.21,11824.0,-0.2564,113328,1333,588,2026-08-13 05:55:27
401470,2,KODEX 메타버스액티브,9850,5,-10,-0.1,9858.0,0.715,9451,93,586,2026-08-13 05:55:27
0194M0,2,ACE 삼성전자단일종목레버리지,11745,2,935,8.65,11689.0,,78634,930,584,2026-08-13 05:55:27
0210E0,2,PLUS 200커버드콜액티브,7390,2,215,3.0,7393.0,,119686,890,584,2026-08-13 05:55:27
0166S0,2,PLUS K제조업핵심기업액티브,10850,2,315,2.99,10850.0,-23.1022,46731,512,580,2026-08-13 05:55:27
150460,2,TIGER 중국소비테마,7595,5,-45,-0.59,7597.0,-3.657,44588,342,579,2026-08-13 05:55:27
0141S0,2,SOL 조선기자재,8785,2,70,0.8,8797.0,-35.108,260727,2291,575,2026-08-13 05:55:27
0172V0,5,1Q 은액티브,8695,5,-45,-0.51,8738.0,-26.7701,111479,975,574,2026-08-13 05:55:27
298340,6,PLUS 국채선물3년,56560,2,75,0.13,56538.0,0.884,19724,1115,572,2026-08-13 05:55:27
491220,1,PLUS 200TR,127075,2,4485,3.66,127254.0,-13.5625,15506,1988,572,2026-08-13 05:55:27
428510,4,KODEX 차이나AI테크액티브,25930,2,515,2.03,25836.0,-6.635,16183,418,570,2026-08-13 05:55:27
455960,6,RISE 미국달러SOFR금리액티브(합성),12390,5,-5,-0.04,12390.0,-3.4282,1393,17,567,2026-08-13 05:55:27
225040,4,TIGER 미국S&P500레버리지(합성 H),69150,2,305,0.44,68977.0,8.043,2271,156,567,2026-08-13 05:55:27
0118Z0,4,ACE 미국AI테크핵심산업액티브,9347,5,-33,-0.35,9307.0,-10.2822,24381,227,565,2026-08-13 05:55:27
0194T0,2,ACE SK하이닉스단일종목레버리지,7840,2,840,12.0,7855.0,,140807,1129,563,2026-08-13 05:55:27
0198A0,2,KIWOOM 코스닥150커버드콜액티브,9360,2,80,0.86,9349.0,,293281,2732,562,2026-08-13 05:55:27
0185L0,4,TIME 글로벌휴머노이드로봇산업액티브,8185,2,100,1.24,8173.0,,31801,259,561,2026-08-13 05:55:27
0046Y0,4,ACE 미국배당퀄리티,13020,5,-10,-0.08,13019.0,1.158,4790,62,553,2026-08-13 05:55:27
304780,3,HANARO 200선물레버리지,122000,2,8505,7.49,121557.0,-37.4442,313,38,549,2026-08-13 05:55:27
385590,2,ACE ESG액티브,23740,2,935,4.1,23600.0,-10.1635,568,13,546,2026-08-13 05:55:27
480310,4,TIGER 글로벌온디바이스AI,20080,2,200,1.01,20003.0,-9.163,47798,953,542,2026-08-13 05:55:27
101280,4,KODEX 일본TOPIX100,31730,2,205,0.65,31637.0,3.3128,8891,282,539,2026-08-13 05:55:27
445150,2,KODEX 친환경조선해운액티브,29100,5,-45,-0.15,29141.0,-25.8627,10978,321,538,2026-08-13 05:55:27
0118S0,4,SOL 미국넥스트테크TOP10액티브,11675,2,310,2.73,11610.0,-15.5647,22903,265,537,2026-08-13 05:55:27
0197W0,2,SOL SK하이닉스단일종목레버리지,7660,2,770,11.18,7700.0,,464511,3619,532,2026-08-13 05:55:27
114470,6,KIWOOM 국고채3년,108130,2,130,0.12,108114.0,0.6411,768,83,530,2026-08-13 05:55:27
0113P0,6,HK 머니마켓액티브,102250,3,0,0.0,102289.0,0.7389,0,0,530,2026-08-13 05:55:27
0132H0,4,KODEX 미국원자력SMR,9105,5,-20,-0.22,9060.0,-22.3735,21800,197,524,2026-08-13 05:55:27
442560,7,RISE TDF2040액티브 적격,16765,2,100,0.6,16648.0,-1.7835,25703,430,520,2026-08-13 05:55:27
256750,4,KODEX 차이나심천ChiNext(합성),16820,2,225,1.36,16809.0,-12.91,8730,146,515,2026-08-13 05:55:27
261220,5,KODEX WTI원유선물(H),23100,5,-230,-0.99,23125.0,-10.321,145370,3328,514,2026-08-13 05:55:27
0226A0,7,PLUS SK하이닉스샌디스크채권혼합50,10260,2,305,3.06,10267.0,,91019,936,513,2026-08-13 05:55:27
200030,4,KODEX 미국S&P500산업재(합성),45415,2,135,0.3,45409.0,1.1843,4518,204,512,2026-08-13 05:55:27
336160,6,RISE 금융채액티브,100475,2,95,0.09,100450.0,0.5642,263,26,508,2026-08-13 05:55:27
275300,2,KODEX 우량주,29875,2,1200,4.18,29859.0,-10.778,5580,167,508,2026-08-13 05:55:27
475260,6,ACE 2월만기자동연장회사채AA-이상액티브,10735,3,0,0.0,10734.0,0.562,0,0,506,2026-08-13 05:55:27
123310,3,TIGER 인버스,1158,5,-42,-3.5,1158.0,-4.3825,4099355,4706,505,2026-08-13 05:55:27
0041D0,4,KODEX 미국AI소프트웨어TOP10,13395,5,-35,-0.26,13390.0,8.2676,60727,812,502,2026-08-13 05:55:27
0020H0,4,KoAct 글로벌양자컴퓨팅액티브,23835,2,745,3.23,23761.0,-10.2604,14563,346,501,2026-08-13 05:55:27
418670,4,TIGER 글로벌AI사이버보안,18335,5,-100,-0.54,18263.0,34.4638,60508,1105,499,2026-08-13 05:55:27
253150,3,PLUS 200선물레버리지,199265,2,12895,6.92,199358.0,-37.6043,19619,3962,498,2026-08-13 05:55:27
371470,4,TIGER 차이나바이오테크SOLACTIVE,9090,2,145,1.62,9110.0,3.0529,38797,348,498,2026-08-13 05:55:27
0139P0,2,ACE 고배당주,13445,5,-40,-0.3,13466.0,-5.7538,20212,272,497,2026-08-13 05:55:27
218420,4,KODEX 미국S&P500에너지(합성),20120,2,60,0.3,20135.0,1.9567,19450,391,494,2026-08-13 05:55:27
287180,4,PLUS 미국나스닥테크,57325,2,495,0.87,57338.0,2.1295,2703,154,487,2026-08-13 05:55:27
316670,1,KIWOOM 코스닥150,7400,2,60,0.82,7405.0,-24.8336,76442,564,485,2026-08-13 05:55:27
494840,4,TIGER 미국방산TOP10,14240,2,80,0.56,14219.0,5.8928,58746,835,484,2026-08-13 05:55:27
152500,3,ACE 레버리지,44000,2,2875,6.99,44075.0,-37.6658,50053,2240,484,2026-08-13 05:55:27
276990,4,KODEX 글로벌로봇(합성),27305,2,15,0.05,27398.0,-7.1453,1324,36,483,2026-08-13 05:55:27
140700,2,KODEX 보험,19285,2,25,0.13,19353.0,16.931,204217,4007,482,2026-08-13 05:55:27
476260,2,HANARO 반도체핵심공정주도주,13015,2,225,1.76,13025.0,-12.0963,257044,3333,482,2026-08-13 05:55:27
461340,4,HANARO 글로벌생성형AI액티브,43630,2,600,1.39,43454.0,-4.7061,2947,128,480,2026-08-13 05:55:27
447430,2,ACE 주주환원가치주액티브,16130,5,-160,-0.98,16161.0,-7.2679,21310,344,476,2026-08-13 05:55:27
0178H0,7,IBK 미국AI TOP10국채혼합50,10080,3,0,0.0,10034.0,-0.976,26958,270,474,2026-08-13 05:55:27
196030,4,ACE 일본TOPIX레버리지(H),94365,2,2760,3.01,94106.0,12.696,102,9,472,2026-08-13 05:55:27
140950,1,파워 코스피100,84135,2,3090,3.81,84074.0,-12.9232,648,54,471,2026-08-13 05:55:27
0220B0,1,DS 코스닥액티브,10405,5,-40,-0.38,10433.0,,221560,2323,468,2026-08-13 05:55:27
360140,2,KODEX 200롱코스닥150숏선물,21235,2,560,2.71,21226.0,9.9149,43803,938,467,2026-08-13 05:55:27
473490,4,KIWOOM 글로벌AI반도체,31140,2,390,1.27,31059.0,-5.3531,1745,54,467,2026-08-13 05:55:27
0086B0,2,TIGER 리츠부동산인프라TOP10액티브,9505,5,-145,-1.5,9524.0,-6.9205,139132,1339,466,2026-08-13 05:55:27
442260,1,마이티 다이나믹퀀트액티브,37280,2,1220,3.38,37254.0,-14.3977,628,23,462,2026-08-13 05:55:27
401170,2,RISE 메타버스,11470,5,-30,-0.26,11500.0,14.4278,20108,232,454,2026-08-13 05:55:27
472830,6,RISE 미국30년국채커버드콜(합성),8150,5,-15,-0.18,8129.0,-7.2919,15651,127,452,2026-08-13 05:55:27
453650,4,KODEX 미국S&P500금융,20050,3,0,0.0,20050.0,8.6996,16639,333,451,2026-08-13 05:55:27
442090,2,에셋플러스 코리아대장장이액티브,29880,2,490,1.67,29874.0,-12.3341,571,17,448,2026-08-13 05:55:27
238720,4,ACE 일본Nikkei225(H),49650,2,490,1.0,49768.0,8.6648,2197,109,447,2026-08-13 05:55:27
475270,6,ACE 5월만기자동연장회사채AA-이상액티브,10705,3,0,0.0,10719.0,0.5636,0,0,446,2026-08-13 05:55:27
375770,2,KODEX 탄소효율그린뉴딜,24605,2,845,3.56,24573.0,-12.2597,182,4,443,2026-08-13 05:55:27
0100K0,2,KODEX 방산TOP10레버리지,7890,2,300,3.95,7973.0,-43.6735,209413,1612,442,2026-08-13 05:55:27
487130,2,KoAct AI인프라액티브,28060,2,765,2.8,28076.0,-22.0366,4036,114,435,2026-08-13 05:55:27
0207G0,2,SOL 우주항공밸류체인,7490,2,10,0.13,7485.0,,583599,4422,434,2026-08-13 05:55:27
0007G0,4,PLUS 글로벌원자력밸류체인,14370,5,-40,-0.28,14241.0,-16.0746,4304,61,431,2026-08-13 05:55:27
440650,6,ACE 미국달러단기채권액티브,11865,5,-10,-0.08,11861.0,-4.0017,40706,482,427,2026-08-13 05:55:27
473590,4,ACE 미국주식베스트셀러,19395,2,705,3.77,19157.0,-25.3595,86160,1666,427,2026-08-13 05:55:27
429760,4,PLUS 미국S&P500,20260,2,50,0.25,20237.0,-0.1932,2916,58,425,2026-08-13 05:55:27
0186S0,7,1Q 코스닥150채권혼합50액티브,8580,2,45,0.53,8612.0,-12.2265,439070,3756,425,2026-08-13 05:55:27
261120,7,TIGER 미국달러선물인버스2X,5045,5,-5,-0.1,5051.0,9.7826,23786,120,424,2026-08-13 05:55:27
139280,2,TIGER 경기방어,12880,5,-65,-0.5,12900.0,-2.4042,8939,115,422,2026-08-13 05:55:27
305050,1,ACE 코스피,70350,2,1830,2.67,70407.0,-13.768,3931,278,422,2026-08-13 05:55:27
0189B0,5,TIGER 은액티브,8420,2,55,0.66,8325.0,-26.4292,35270,297,417,2026-08-13 05:55:27
0191M0,6,마이티 5월만기자동연장특수채(AAA)액티브,100590,3,0,0.0,100636.0,,0,0,416,2026-08-13 05:55:27
448570,1,FOCUS AI코리아액티브,30750,2,1060,3.57,30462.0,-7.5942,398,12,415,2026-08-13 05:55:27
0141T0,6,SOL 중기종합채권(AA-이상)액티브,50315,2,45,0.09,50310.0,0.5902,2,0,415,2026-08-13 05:55:27
464470,6,PLUS 미국채30년액티브,49080,5,-55,-0.11,48996.0,-7.3497,1949,95,404,2026-08-13 05:55:27
365000,2,TIGER 인터넷TOP10,3925,2,65,1.68,3934.0,-19.8339,88806,348,404,2026-08-13 05:55:27
139320,5,TIGER 금은선물(H),18360,5,-45,-0.24,18443.0,-9.8237,16897,312,404,2026-08-13 05:55:27
183700,7,RISE 200채권혼합50,95495,2,1435,1.53,95511.0,-5.9209,2977,284,401,2026-08-13 05:55:27
472840,1,IBK 200,106465,2,3670,3.57,106579.0,-13.1347,643,69,399,2026-08-13 05:55:27
400970,2,TIGER Fn메타버스,7720,5,-135,-1.72,7731.0,-8.3431,47988,374,394,2026-08-13 05:55:27
147970,2,TIGER 모멘텀,81730,2,1190,1.48,81954.0,-15.7972,12615,1040,392,2026-08-13 05:55:27
475070,4,KoAct 글로벌친환경전력인프라액티브,32510,2,765,2.41,32573.0,-24.2001,2729,88,390,2026-08-13 05:55:27
0192L0,2,RISE SK하이닉스단일종목레버리지,7950,2,835,11.74,7986.0,,55663,453,390,2026-08-13 05:55:27
322410,2,HANARO K고배당,22810,2,65,0.29,22850.0,-5.4463,3800,87,388,2026-08-13 05:55:27
491830,4,TIGER 미국AI반도체팹리스,22765,2,300,1.34,22691.0,-1.3755,3207,72,387,2026-08-13 05:55:27
0209Z0,2,ACE 코리아AI전력TOP10,7230,2,110,1.54,7234.0,,134564,991,387,2026-08-13 05:55:27
352540,7,KODEX 일본부동산리츠(H),11370,2,45,0.4,11429.0,-1.0375,3835,43,387,2026-08-13 05:55:27
437070,6,KODEX 아시아달러채권ESG플러스액티브,60850,2,25,0.04,60877.0,-5.0598,536,32,385,2026-08-13 05:55:27
195930,4,TIGER 유로스탁스50(합성 H),24025,5,-120,-0.5,24048.0,12.748,2984,71,384,2026-08-13 05:55:27
456680,4,TIGER 차이나전기차레버리지(합성),7260,5,-45,-0.62,7348.0,-40.9697,1829,13,380,2026-08-13 05:55:27
275280,2,KODEX 모멘텀주,42110,2,1820,4.52,42118.0,-14.2987,4210,178,379,2026-08-13 05:55:27
449690,4,TIGER 한중반도체(합성),50265,2,1080,2.2,50187.0,-6.8113,8048,406,377,2026-08-13 05:55:27
450910,1,SOL 코스닥150,14500,2,110,0.76,14534.0,-24.8957,53048,767,371,2026-08-13 05:55:27
498860,2,RISE 코리아금융고배당,16815,5,-45,-0.27,16816.0,-15.5796,33007,561,370,2026-08-13 05:55:27
292560,7,TIGER 일본엔선물,8220,5,-45,-0.54,8181.0,-5.1636,71681,590,370,2026-08-13 05:55:27
276970,4,KODEX 미국S&P500배당귀족커버드콜(합성 H),7835,5,-10,-0.13,7942.0,8.9994,3725,29,368,2026-08-13 05:55:27
452250,6,ACE 미국30년국채선물레버리지(합성 H),4720,5,-15,-0.32,4741.0,-6.9745,5402,25,366,2026-08-13 05:55:27
469050,4,RISE 미국반도체NYSE(H),33155,2,705,2.17,32923.0,2.5396,6871,227,365,2026-08-13 05:55:27
0192M0,2,RISE 삼성전자단일종목레버리지,11740,2,825,7.56,11771.0,,58853,702,364,2026-08-13 05:55:27
292770,6,KODEX 국채선물3년인버스,57555,5,-35,-0.06,57546.0,0.1913,1,0,363,2026-08-13 05:55:27
0112X0,1,마이티 200TR,40185,2,1185,3.04,40252.0,-13.8122,911,36,362,2026-08-13 05:55:27
0085N0,6,ACE 미국10년국채액티브(H),9765,2,5,0.05,9750.0,-0.9154,10871,106,361,2026-08-13 05:55:27
104530,2,KIWOOM 코리아고배당,17590,5,-70,-0.4,17591.0,-12.7653,7692,135,361,2026-08-13 05:55:27
465660,4,TIGER 일본반도체FACTSET,26700,2,870,3.37,26740.0,-3.7043,11163,298,360,2026-08-13 05:55:27
381560,2,HANARO Fn전기&수소차,18000,2,315,1.78,18000.0,-9.7216,3709,67,360,2026-08-13 05:55:27
0154F0,2,WON 초대형IB&금융지주,12195,2,55,0.45,12222.0,-14.6273,16318,201,360,2026-08-13 05:55:27
322400,2,HANARO e커머스,10620,2,15,0.14,10658.0,-7.5817,2894,30,356,2026-08-13 05:55:27
385520,2,KODEX 자율주행액티브,16535,2,340,2.1,16561.0,-14.8304,7231,119,356,2026-08-13 05:55:27
0023B0,4,PLUS 미국양자컴퓨팅TOP10,17215,2,165,0.97,17291.0,-13.8237,24076,413,353,2026-08-13 05:55:27
352560,7,KODEX 미국부동산리츠(H),12380,2,110,0.9,12383.0,-0.3406,34772,430,353,2026-08-13 05:55:27
474800,4,KIWOOM 미국원유에너지기업,15670,2,10,0.06,15772.0,1.109,21710,340,353,2026-08-13 05:55:27
380340,2,ACE 코리아AI테크핵심산업,29200,2,1365,4.9,29182.0,3.5913,60548,1750,350,2026-08-13 05:55:27
276650,4,RISE 글로벌테크놀로지(합성 H),46530,2,340,0.74,46695.0,1.6058,77,3,349,2026-08-13 05:55:27
153270,1,KIWOOM 코스피100,82935,2,3045,3.81,82737.0,-12.7043,5312,443,348,2026-08-13 05:55:27
227540,2,TIGER 200 헬스케어,19810,5,-10,-0.05,19855.0,-1.4911,33251,660,345,2026-08-13 05:55:27
241390,7,RISE V&S셀렉트밸류채권혼합,15665,2,65,0.42,15796.0,-5.4668,8169,128,345,2026-08-13 05:55:27
174360,4,RISE 중국본토대형주CSI100,24570,2,35,0.14,24635.0,-9.4316,1645,40,344,2026-08-13 05:55:27
476690,4,TIGER 글로벌비만치료제TOP2Plus,10900,5,-70,-0.64,10902.0,6.1644,4942,53,343,2026-08-13 05:55:27
496770,4,PLUS 글로벌방산,19600,2,285,1.48,19591.0,8.359,13422,262,343,2026-08-13 05:55:27
465350,3,RISE 2차전지TOP10인버스(합성),17085,5,-145,-0.84,17226.0,23.4682,19447,332,342,2026-08-13 05:55:27
407830,4,에셋플러스 글로벌플랫폼액티브,14225,5,-15,-0.11,14212.0,-14.1652,4226,60,341,2026-08-13 05:55:27
446690,4,KODEX 아시아AI반도체exChina액티브,61915,2,1865,3.11,62115.0,-7.558,27159,1683,341,2026-08-13 05:55:27
415920,5,PLUS 글로벌희토류&전략자원생산기업,7402,5,-63,-0.84,7403.0,-31.6392,43425,322,340,2026-08-13 05:55:27
0192T0,2,SOL 코스닥TOP10,7735,2,70,0.91,7751.0,,654148,5055,340,2026-08-13 05:55:27
449780,4,KIWOOM 미국S&P500(H),18860,2,65,0.35,18836.0,4.0691,7061,133,339,2026-08-13 05:55:27
105780,2,RISE 5대그룹주,16970,2,460,2.79,16965.0,-11.4271,5471,93,339,2026-08-13 05:55:27
295020,6,RISE 국채선물10년인버스,60320,5,-125,-0.21,60329.0,1.6565,8,0,339,2026-08-13 05:55:27
099140,4,KODEX 차이나H,21870,3,0,0.0,21819.0,-8.0915,1688,36,339,2026-08-13 05:55:27
459560,4,KODEX 테슬라밸류체인FactSet,22570,2,345,1.55,22488.0,-13.9643,2051,46,339,2026-08-13 05:55:27
468630,6,KODEX iShares미국투자등급회사채액티브,11145,2,10,0.09,11131.0,-6.1168,38861,432,335,2026-08-13 05:55:27
459750,4,RISE 글로벌주식분산액티브,18605,2,265,1.44,18463.0,-1.7282,48878,906,335,2026-08-13 05:55:27
0155N0,2,HANARO K휴머노이드테마TOP10,8265,2,165,2.04,8284.0,-25.8921,84706,701,335,2026-08-13 05:55:27
122260,6,KIWOOM 통안채1년,104100,2,40,0.04,104084.0,0.6139,4598,478,333,2026-08-13 05:55:27
266360,2,KODEX K콘텐츠,10360,2,10,0.1,10389.0,-9.1707,58092,602,332,2026-08-13 05:55:27
138910,5,KODEX 구리선물(H),10025,5,-140,-1.38,10025.0,1.5484,28409,286,331,2026-08-13 05:55:27
464920,4,PLUS 일본반도체소부장,26355,2,750,2.93,26420.0,-3.5594,8321,219,329,2026-08-13 05:55:27
261140,2,TIGER 우선주,24455,2,160,0.66,24432.0,-13.4881,12160,299,328,2026-08-13 05:55:27
494410,4,PLUS 미국S&P500성장주,14800,2,45,0.3,14791.0,-1.0669,2326,34,326,2026-08-13 05:55:27
0089B0,7,PLUS 미국나스닥100미국채혼합50,11560,2,45,0.39,11533.0,-3.6,118691,1368,324,2026-08-13 05:55:27
256440,4,ACE MSCI인도네시아(합성),5305,2,30,0.57,5366.0,-17.0598,60962,325,324,2026-08-13 05:55:27
0138T0,4,RISE 미국S&P500데일리고정커버드콜,9800,5,-40,-0.41,9822.0,-0.2688,33831,331,323,2026-08-13 05:55:27
0204S0,1,TIGER 코스닥액티브,7215,2,50,0.7,7203.0,,95781,695,322,2026-08-13 05:55:27
415340,4,KODEX 차이나과창판STAR50(합성),15460,2,290,1.91,15489.0,-3.3143,45901,705,320,2026-08-13 05:55:27
395170,2,KODEX Top10동일가중,15910,2,445,2.88,15904.0,-21.2076,10028,161,318,2026-08-13 05:55:27
245350,4,TIGER 유로스탁스배당30,19815,5,-30,-0.15,19831.0,3.2874,3793,75,317,2026-08-13 05:55:27
476070,4,KODEX 글로벌비만치료제TOP2 Plus,11580,5,-5,-0.04,11630.0,5.4992,7036,81,313,2026-08-13 05:55:27
0155M0,4,ACE 미국SMR원자력TOP10,7530,5,-50,-0.66,7458.0,-22.0566,12581,94,312,2026-08-13 05:55:27
494340,4,ACE 글로벌AI맞춤형반도체,20815,2,330,1.61,20632.0,1.8647,15577,322,312,2026-08-13 05:55:27
387270,4,TIGER 글로벌이노베이션액티브,25745,2,625,2.49,25628.0,-10.2216,1930,49,312,2026-08-13 05:55:27
491090,4,KODEX 미국테크TOP3플러스,18270,2,60,0.33,18262.0,-3.5184,124715,2278,311,2026-08-13 05:55:27
395290,2,HANARO Fn K-POP&미디어,4990,5,-285,-5.4,4989.0,-18.7837,236755,1203,309,2026-08-13 05:55:27
139270,2,TIGER 200 금융,16580,2,40,0.24,16610.0,-1.8109,45629,764,308,2026-08-13 05:55:27
426150,6,WON 대한민국국고채액티브,50965,2,95,0.19,51002.0,-3.564,22,1,307,2026-08-13 05:55:27
248270,4,TIGER S&P글로벌헬스케어(합성),26895,2,100,0.37,26928.0,8.8563,4418,119,307,2026-08-13 05:55:27
450190,4,KODEX 한중반도체(합성),51100,2,1450,2.92,50633.0,-6.6554,7538,383,307,2026-08-13 05:55:27
156080,1,KODEX MSCI Korea,51055,2,1805,3.66,50991.0,-12.3809,1525,78,306,2026-08-13 05:55:27
0150K0,2,KoAct 수소전력ESS인프라액티브,10720,2,275,2.63,10737.0,-34.9222,41147,445,306,2026-08-13 05:55:27
469790,2,KIWOOM 코리아테크TOP10,43640,2,2235,5.4,43562.0,-6.4933,1396,60,305,2026-08-13 05:55:27
117460,2,KODEX 에너지화학,13990,5,-10,-0.07,13981.0,-20.029,19438,272,304,2026-08-13 05:55:27
414270,4,ACE 글로벌자율주행액티브,12340,5,-95,-0.76,12329.0,-16.1215,5317,65,302,2026-08-13 05:55:27
0083S0,4,1Q 미국메디컬AI,10400,5,-80,-0.76,10399.0,6.5128,10404,108,302,2026-08-13 05:55:27
0107F0,4,KIWOOM 미국고배당&AI테크,11810,3,0,0.0,11857.0,0.659,18100,213,301,2026-08-13 05:55:27
275290,2,KODEX 가치주,33420,2,1265,3.93,33397.0,-9.7242,1344,45,301,2026-08-13 05:55:27
271060,5,KODEX 3대농산물선물(H),8250,2,155,1.91,8230.0,-5.8721,26091,215,299,2026-08-13 05:55:27
192720,2,파워 고배당저변동성,58010,5,-10,-0.02,58147.0,-4.3606,1039,60,296,2026-08-13 05:55:27
0166N0,1,PLUS 코스닥150액티브,7760,2,10,0.13,7771.0,-33.6473,99801,780,295,2026-08-13 05:55:27
0203S0,7,WON 삼성전자현대차채권혼합50,8770,2,105,1.21,8776.0,,103495,914,294,2026-08-13 05:55:27
145850,2,TREX 펀더멘탈 200,116930,2,575,0.49,117108.0,-3.7576,10,1,292,2026-08-13 05:55:27
0137W0,4,KIWOOM 미국S&P500&GOLD,10730,2,50,0.47,10748.0,-1.4271,2161,23,290,2026-08-13 05:55:27
0164G0,4,RISE 차이나AI반도체TOP4Plus,13785,2,150,1.1,13886.0,-4.1814,35366,487,289,2026-08-13 05:55:27
475380,7,RISE 글로벌리얼티인컴,10610,2,50,0.47,10605.0,-7.7649,5426,57,286,2026-08-13 05:55:27
289480,3,TIGER 200커버드콜,12410,2,470,3.94,12440.0,6.5796,58052,722,285,2026-08-13 05:55:27
253250,3,KIWOOM 200선물레버리지,98195,2,6425,7.0,98217.0,-37.4566,14222,1421,285,2026-08-13 05:55:27
459790,4,KIWOOM 미국성장기업30액티브,20945,5,-55,-0.26,20998.0,-8.5565,8227,172,283,2026-08-13 05:55:27
223190,2,KODEX 200가치저변동,28180,2,380,1.37,28205.0,-7.0031,814,23,282,2026-08-13 05:55:27
0223R0,4,TIGER 미국테크NYSE100액티브,9815,2,170,1.76,9774.0,,38866,380,282,2026-08-13 05:55:27
419430,4,KODEX 차이나2차전지MSCI(합성),10015,5,-85,-0.84,10025.0,-21.2169,696,7,280,2026-08-13 05:55:27
489290,4,WON 미국빌리어네어,15445,5,-95,-0.61,15467.0,-4.1037,1212,18,278,2026-08-13 05:55:27
0103T0,2,1Q K소버린AI,9200,2,180,2.0,9230.0,-2.6969,71164,653,276,2026-08-13 05:55:27
261060,2,TIGER 코스닥150IT,23790,2,285,1.21,23840.0,-21.1242,49873,1190,276,2026-08-13 05:55:27
261250,7,KODEX 미국달러선물레버리지,16695,5,-15,-0.09,16719.0,-9.0118,95812,1599,275,2026-08-13 05:55:27
437350,6,RISE 미국단기투자등급회사채액티브,12515,2,5,0.04,12519.0,-4.4309,6969,87,275,2026-08-13 05:55:27
117680,2,KODEX 철강,12240,2,15,0.12,12249.0,-27.8047,79308,973,274,2026-08-13 05:55:27
0184E0,7,1Q 200채권혼합50액티브,10960,2,205,1.91,10925.0,-5.2887,89421,984,274,2026-08-13 05:55:27
440340,7,TIGER 글로벌멀티에셋TIF액티브,12440,2,55,0.44,12375.0,-1.8418,8010,99,274,2026-08-13 05:55:27
0047R0,4,RISE 팔란티어고정테크100,15630,5,-70,-0.45,15628.0,5.5493,5404,84,274,2026-08-13 05:55:27
493420,4,SOL 미국배당다우존스2호,13020,5,-30,-0.23,13010.0,3.7887,3906,50,273,2026-08-13 05:55:27
0218J0,7,RISE 미국우주&로봇TOP2미국채혼합50,9110,2,190,2.13,9121.0,,112531,1023,273,2026-08-13 05:55:27
245360,4,TIGER 차이나HSCEI,12580,5,-10,-0.08,12601.0,-8.2822,6407,80,270,2026-08-13 05:55:27
0115C0,4,RISE 미국고배당다우존스TOP10,11240,5,-50,-0.44,11246.0,3.9898,6243,70,270,2026-08-13 05:55:27
0013R0,7,RISE 테슬라미국채타겟커버드콜혼합(합성),7925,5,-40,-0.5,7892.0,-12.6564,21417,169,269,2026-08-13 05:55:27
167860,6,KIWOOM 국고채10년레버리지,92460,2,215,0.23,92762.0,-2.1326,2,0,268,2026-08-13 05:55:27
0152E0,2,SOL 배당성향탑픽액티브,11060,5,-55,-0.49,11053.0,-7.33,16500,181,265,2026-08-13 05:55:27
0198B0,2,1Q 삼성전자선물단일종목레버리지,12095,2,855,7.61,12050.0,,28591,349,265,2026-08-13 05:55:27
461600,6,SOL 미국30년국채액티브(H),8330,5,-15,-0.18,8317.0,-2.6255,1371,11,262,2026-08-13 05:55:27
0097L0,7,KIWOOM 한국고배당&미국AI테크,12795,2,15,0.12,12789.0,-3.8742,4503,57,262,2026-08-13 05:55:27
479850,2,HANARO K-뷰티,18720,5,-420,-2.19,18741.0,11.7011,103527,1972,262,2026-08-13 05:55:27
368190,2,HANARO Fn K-뉴딜디지털플러스,8155,3,0,0.0,8174.0,-12.7808,5234,42,261,2026-08-13 05:55:27
277540,4,ACE 아시아TOP50,32355,2,390,1.22,32428.0,-5.5687,800,25,259,2026-08-13 05:55:27
0198D0,2,1Q SK하이닉스선물단일종목레버리지,8190,2,960,13.28,8160.0,,49270,408,259,2026-08-13 05:55:27
483570,4,KCGI 미국S&P500 TOP10,16175,5,-55,-0.34,16113.0,-4.5014,657,10,259,2026-08-13 05:55:27
185680,4,KODEX 미국S&P바이오(합성),48075,2,320,0.67,48201.0,12.2194,1280,61,256,2026-08-13 05:55:27
0049K0,7,ACE 미국배당퀄리티채권혼합50,11330,2,10,0.09,11321.0,1.1066,31126,352,255,2026-08-13 05:55:27
0206G0,7,1Q 현대차기아채권혼합50,8385,2,50,0.6,8401.0,,223389,1883,252,2026-08-13 05:55:27
438320,4,TIGER 차이나항셍테크레버리지(합성 H),5720,2,90,1.6,5796.0,-15.5289,34400,196,251,2026-08-13 05:55:27
0093D0,7,KoAct 팔란티어밸류체인액티브,18540,2,310,1.7,18500.0,-3.9516,23948,441,250,2026-08-13 05:55:27
496120,1,ACE 코리아밸류업,33270,2,885,2.73,33254.0,-10.3469,1965,65,250,2026-08-13 05:55:27
225130,4,ACE 골드선물 레버리지(합성 H),49250,2,250,0.51,49038.0,-16.0096,2660,131,246,2026-08-13 05:55:27
411540,1,SOL 200 Top10,17580,2,315,1.82,17644.0,-15.0222,17974,319,246,2026-08-13 05:55:27
252710,3,TIGER 200선물인버스2X,88,5,-6,-6.38,88.0,-22.3141,76102927,6594,245,2026-08-13 05:55:27
269420,4,KODEX S&P글로벌인프라(합성),23000,2,200,0.88,23058.0,-5.9988,1589,36,244,2026-08-13 05:55:27
195970,4,PLUS 선진국MSCI(합성 H),16715,2,15,0.09,16718.0,6.4372,3779,63,244,2026-08-13 05:55:27
139250,2,TIGER 200 에너지화학,17580,2,40,0.23,17618.0,-14.3351,21372,378,243,2026-08-13 05:55:27
461450,1,KODEX 코스닥글로벌,16165,2,55,0.34,16205.0,-16.7872,12591,203,242,2026-08-13 05:55:27
481340,6,RISE 미국30년국채액티브,8810,5,-10,-0.11,8790.0,-7.9407,24163,212,242,2026-08-13 05:55:27
292500,1,SOL KRX300,48450,2,1555,3.32,48494.0,-13.8903,69,3,242,2026-08-13 05:55:27
469160,4,ACE 일본반도체,26915,2,860,3.3,26914.0,-6.4621,25783,695,242,2026-08-13 05:55:27
280930,4,KODEX 미국러셀2000(H),17240,2,100,0.58,17230.0,5.1211,5828,100,241,2026-08-13 05:55:27
0144M0,4,KODEX 미국드론UAM TOP10,8445,5,-250,-2.88,8415.0,-5.643,13857,116,241,2026-08-13 05:55:27
138230,7,KIWOOM 미국달러선물,16535,5,-5,-0.03,16562.0,-3.9768,452,7,240,2026-08-13 05:55:27
0065G0,4,KODEX 차이나테크TOP10,9355,5,-50,-0.53,9377.0,-10.8214,28268,264,239,2026-08-13 05:55:27
292160,1,TIGER KRX300,47665,2,1770,3.86,47606.0,-14.0763,813,39,238,2026-08-13 05:55:27
159800,1,마이티 코스피100,84890,2,2960,3.61,84870.0,-13.8396,85,7,238,2026-08-13 05:55:27
289250,2,TIGER MSCI KOREA ESG유니버설,34380,2,1315,3.98,34354.0,-10.5852,9644,335,237,2026-08-13 05:55:27
457690,6,KODEX 33-06 국고채액티브,10515,2,15,0.14,10519.0,-0.1427,923,9,237,2026-08-13 05:55:27
464600,2,SOL 자동차소부장Fn,24895,2,670,2.77,24884.0,-4.8508,5887,146,237,2026-08-13 05:55:27
477730,4,KODEX 인도타타그룹,7865,2,80,1.03,7859.0,-3.2215,1718,13,236,2026-08-13 05:55:27
388280,2,RISE K엔터&여행레저,7105,5,-140,-1.93,7100.0,-11.4845,9462,67,236,2026-08-13 05:55:27
364690,1,KODEX 혁신기술테마액티브,39060,2,1305,3.46,39067.0,-12.6148,817,32,234,2026-08-13 05:55:27
0127R0,4,RISE 미국AI클라우드인프라,18720,2,975,5.49,18846.0,3.2354,61793,1161,234,2026-08-13 05:55:27
204450,4,KODEX 차이나H레버리지(H),2340,2,25,1.08,2337.0,-11.6413,15236,35,234,2026-08-13 05:55:27
367740,2,HANARO Fn5G산업,42520,2,1360,3.3,42605.0,-4.5123,5305,226,234,2026-08-13 05:55:27
433220,4,에셋플러스 글로벌대장장이액티브,31500,2,555,1.79,31436.0,-11.8377,714,22,233,2026-08-13 05:55:27
300950,2,KODEX 게임산업,5675,5,-90,-1.56,5677.0,-10.9653,65070,370,233,2026-08-13 05:55:27
0221Z0,2,ACE K바이오코스닥액티브,11620,2,110,0.96,11664.0,,435079,5038,232,2026-08-13 05:55:27
442550,7,RISE TDF2030액티브 적격,14915,2,105,0.71,14850.0,-1.8781,4779,70,231,2026-08-13 05:55:27
0067V0,4,TIGER 차이나글로벌리더스TOP3+,10490,2,60,0.58,10530.0,-11.0827,1651,17,231,2026-08-13 05:55:27
0186L0,4,KoAct 미국로봇피지컬AI액티브,9880,2,145,1.49,9836.0,-10.6471,26159,257,227,2026-08-13 05:55:27
0047P0,4,RISE 테슬라고정테크100,14605,5,-75,-0.51,14638.0,-8.6192,6913,100,226,2026-08-13 05:55:27
471460,6,KIWOOM 국고채30년액티브,45200,2,390,0.87,45129.0,-10.3875,3775,168,226,2026-08-13 05:55:27
0153X0,4,PLUS 미국고배당주액티브,11555,2,10,0.09,11573.0,5.9548,31786,367,225,2026-08-13 05:55:27
300640,2,RISE 게임테마,6615,5,-125,-1.85,6640.0,-7.7976,3451,22,225,2026-08-13 05:55:27
447660,7,PLUS 애플채권혼합,13590,5,-60,-0.44,13616.0,1.1399,50007,678,224,2026-08-13 05:55:27
0177A0,2,WON 두산그룹포커스,9135,2,105,1.16,9137.0,-28.9536,33127,306,224,2026-08-13 05:55:27
364990,2,TIGER 게임TOP10,4950,5,-75,-1.49,4960.0,-8.303,59621,296,223,2026-08-13 05:55:27
0190M0,4,KIWOOM 미국AI테크하이베타,9445,2,405,4.48,9395.0,-14.3534,32401,304,222,2026-08-13 05:55:27
0026E0,4,KODEX 미국S&P500버퍼3월액티브,11960,5,-10,-0.08,12023.0,-1.0744,49,0,221,2026-08-13 05:55:27
463300,4,RISE 중국본토CSI300,13785,2,95,0.69,13901.0,-7.9976,466,6,221,2026-08-13 05:55:27
239660,6,PLUS 우량회사채50,121650,2,65,0.05,121644.0,0.6623,2404,292,219,2026-08-13 05:55:27
376410,2,TIGER 탄소효율그린뉴딜,24320,2,670,2.83,24330.0,-11.9882,2139,52,219,2026-08-13 05:55:27
371450,4,TIGER 글로벌클라우드컴퓨팅INDXX,14015,5,-135,-0.95,14015.0,20.2719,23184,324,219,2026-08-13 05:55:27
375760,2,HANARO 탄소효율그린뉴딜,24200,2,605,2.56,24227.0,-11.5307,388,9,218,2026-08-13 05:55:27
304770,1,HANARO 코스닥150,14810,2,115,0.78,14857.0,-24.7953,54495,799,216,2026-08-13 05:55:27
091220,2,TIGER 은행,16525,2,100,0.61,16578.0,4.3239,50678,847,215,2026-08-13 05:55:27
253290,7,RISE 헬스케어채권혼합,11915,5,-50,-0.42,11999.0,-3.4517,52928,631,214,2026-08-13 05:55:27
108590,1,TREX 200,106795,2,3910,3.8,106751.0,-13.2188,119,12,214,2026-08-13 05:55:27
404260,2,KODEX 기후변화솔루션,23685,2,680,2.96,23740.0,-18.809,1188,28,213,2026-08-13 05:55:27
416090,4,ACE 중국과창판STAR50,14200,2,290,2.08,13981.0,-4.2671,10828,152,213,2026-08-13 05:55:27
169950,4,KODEX 차이나A50,26455,5,-165,-0.62,26806.0,-7.457,2540,66,212,2026-08-13 05:55:27
0223A0,2,RISE 코스닥커버드콜액티브,11025,2,90,0.82,11037.0,,320362,3557,209,2026-08-13 05:55:27
152380,6,KODEX 국채선물10년,65080,2,140,0.22,65074.0,-0.711,305,19,207,2026-08-13 05:55:27
489000,6,PLUS 일본엔화초단기국채(합성),9395,5,-10,-0.11,9396.0,-5.903,29266,274,207,2026-08-13 05:55:27
483330,4,ACE 마이크로소프트밸류체인액티브,15290,5,-80,-0.52,15284.0,6.0,42525,649,206,2026-08-13 05:55:27
417630,2,TIGER KEDI혁신기업ESG30,19625,2,280,1.45,19689.0,-8.2959,39631,781,206,2026-08-13 05:55:27
217770,5,TIGER 원유선물인버스(H),1308,2,5,0.38,1305.0,3.0039,188255,247,206,2026-08-13 05:55:27
226980,1,KODEX 200 중소형,22780,2,110,0.49,22837.0,-19.6221,9126,209,205,2026-08-13 05:55:27
337120,2,KODEX 멀티팩터,34000,2,950,2.87,34059.0,-13.4546,14,0,204,2026-08-13 05:55:27
0104P0,2,TIGER 코리아배당다우존스위클리커버드콜,11170,5,-30,-0.27,11180.0,-2.9624,51991,581,201,2026-08-13 05:55:27
497780,4,KoAct 미국천연가스인프라액티브,10840,2,50,0.46,10901.0,-6.0519,7228,78,201,2026-08-13 05:55:27
228820,1,TIGER KTOP30,19005,2,580,3.15,19030.0,-8.7233,7352,140,200,2026-08-13 05:55:27
407310,1,HANARO 200 TOP10,17250,2,445,2.65,17270.0,-14.8997,366,6,198,2026-08-13 05:55:27
0192S0,7,SOL 코스피200채권혼합50,9400,2,160,1.73,9409.0,,159851,1506,197,2026-08-13 05:55:27
289040,2,KODEX MSCI KOREA ESG유니버설,32900,2,955,2.99,33010.0,-10.6548,76,2,197,2026-08-13 05:55:27
445910,2,TIGER MKF배당귀족,20770,5,-85,-0.41,20794.0,-8.6525,2559,53,197,2026-08-13 05:55:27
0105D0,2,SOL 한국AI소프트웨어,10265,2,235,2.34,10259.0,-4.2483,76750,783,195,2026-08-13 05:55:27
415760,4,SOL 차이나육성산업액티브(합성),14290,2,190,1.35,14415.0,-3.0595,47412,674,194,2026-08-13 05:55:27
487950,4,KODEX 대만테크고배당다우존스,13400,2,235,1.79,13520.0,0.1374,49716,663,194,2026-08-13 05:55:27
449580,7,RISE 테슬라애플아마존채권혼합,16135,5,-40,-0.25,16129.0,-4.1288,2993,48,194,2026-08-13 05:55:27
213630,4,PLUS 미국다우존스고배당주(합성 H),20950,2,50,0.24,21092.0,6.7688,4415,92,193,2026-08-13 05:55:27
0018Z0,4,RISE 미국양자컴퓨팅,19270,2,90,0.47,19264.0,-3.9672,8809,168,193,2026-08-13 05:55:27
0193K0,2,PLUS 삼성전자단일종목레버리지,12830,2,1055,8.96,12792.0,,31612,409,192,2026-08-13 05:55:27
0203R0,6,WON 중단기종합채권(A-이상)액티브,50432,2,2,0.0,50459.0,,3,0,192,2026-08-13 05:55:27
284980,2,RISE 200금융,22180,2,235,1.07,22085.0,-1.9919,3336,74,191,2026-08-13 05:55:27
461910,4,PLUS 미국테크TOP10레버리지(합성),38000,5,-495,-1.29,37963.0,-11.8402,533,20,190,2026-08-13 05:55:27
229720,1,KODEX KTOP30,37745,2,1155,3.16,37716.0,-8.891,1693,64,189,2026-08-13 05:55:27
468370,6,KODEX iShares미국인플레이션국채액티브,10970,3,0,0.0,10961.0,-5.9144,6802,74,189,2026-08-13 05:55:27
0216Z0,2,ACE K방산TOP5+,9810,2,190,1.98,9816.0,,100845,982,186,2026-08-13 05:55:27
236350,4,TIGER 인도니프티50레버리지(합성),30050,2,90,0.3,29901.0,-5.5039,1137,34,186,2026-08-13 05:55:27
304760,1,HANARO KRX300,46565,2,1280,2.83,46695.0,-13.6508,140,6,186,2026-08-13 05:55:27
0224X0,7,1Q 엔비디아알파벳미국채혼합50,10060,5,-70,-0.69,10046.0,,94968,951,186,2026-08-13 05:55:27
379790,4,RISE 유로스탁스50(H),17715,5,-10,-0.06,17760.0,11.9668,72513,1289,186,2026-08-13 05:55:27
183710,7,RISE 주식혼합,92140,2,2035,2.26,92027.0,-8.9902,198,18,184,2026-08-13 05:55:27
385600,2,ACE 2차전지&친환경차액티브,12140,2,150,1.25,12165.0,-12.9267,12629,154,182,2026-08-13 05:55:27
461900,4,PLUS 미국테크TOP10,22760,5,-110,-0.48,22767.0,-5.4959,544,12,182,2026-08-13 05:55:27
445690,2,BNK 주주가치액티브,30280,2,430,1.44,30159.0,-12.3091,70,2,182,2026-08-13 05:55:27
474920,4,에셋플러스 차이나일등기업포커스10액티브,19295,2,225,1.18,19226.0,5.9738,392,7,181,2026-08-13 05:55:27
419650,4,PLUS 글로벌수소&차세대연료전지,5550,2,200,3.74,5534.0,-26.7124,15793,87,180,2026-08-13 05:55:27
195920,4,TIGER 일본TOPIX(합성 H),35790,2,205,0.58,36024.0,7.2645,898,32,179,2026-08-13 05:55:27
0104G0,2,PLUS K방산레버리지,7300,2,250,3.55,7336.0,-48.0472,69412,499,179,2026-08-13 05:55:27
477490,4,에셋플러스 글로벌일등기업포커스10액티브,19850,2,200,1.02,19844.0,-9.7589,235,4,179,2026-08-13 05:55:27
404120,2,TIME K신재생에너지액티브,25160,2,500,2.03,25222.0,-17.8,2769,70,176,2026-08-13 05:55:27
227830,1,PLUS 코스피,70045,2,1750,2.56,70158.0,-13.5463,165,11,175,2026-08-13 05:55:27
460660,4,RISE 미국S&P배당킹,12465,2,65,0.52,12437.0,8.4227,3574,44,175,2026-08-13 05:55:27
276000,4,TIGER 글로벌자원생산기업(합성 H),20525,5,-130,-0.63,20437.0,-1.3846,754,15,174,2026-08-13 05:55:27
494420,2,PLUS 미국배당증가성장주데일리커버드콜,9690,2,25,0.26,9643.0,4.1344,17254,166,174,2026-08-13 05:55:27
280320,4,ACE 미국IT인터넷(합성 H),21685,5,-15,-0.07,21888.0,9.5959,171,3,173,2026-08-13 05:55:27
0086C0,7,TIGER 리츠부동산인프라10채권혼합액티브,9795,5,-145,-1.46,9820.0,-2.0492,9471,93,171,2026-08-13 05:55:27
289260,2,TIGER MSCI KOREA ESG리더스,28550,2,1150,4.2,28481.0,-8.0846,21406,614,171,2026-08-13 05:55:27
225060,4,TIGER 이머징마켓MSCI레버리지(합성 H),16150,2,315,1.99,16277.0,-5.6318,122,1,171,2026-08-13 05:55:27
292050,1,RISE KRX300,48815,2,1665,3.53,48765.0,-14.3429,2821,138,171,2026-08-13 05:55:27
332620,6,PLUS 미국장기우량회사채,90690,2,95,0.1,90668.0,-7.3796,518,46,170,2026-08-13 05:55:27
488290,4,MIDAS 일본테크액티브,48145,2,1600,3.44,48121.0,-5.9887,599,29,169,2026-08-13 05:55:27
391670,1,HK 베스트일레븐액티브,27955,2,800,2.95,28042.0,-9.0894,1107,31,168,2026-08-13 05:55:27
250730,4,RISE 차이나HSCEI(H),9805,5,-60,-0.61,10000.0,-5.1899,15130,148,167,2026-08-13 05:55:27
291130,4,ACE MSCI멕시코(합성),18495,5,-35,-0.19,18711.0,-8.3581,133,2,166,2026-08-13 05:55:27
0207Z0,4,KIWOOM 미국우주데이터센터인프라,7715,2,220,2.94,7726.0,,12282,94,166,2026-08-13 05:55:27
453630,4,KODEX 미국S&P500필수소비재,12640,5,-30,-0.24,12700.0,-1.8689,37634,475,164,2026-08-13 05:55:27
432840,4,HANARO 미국S&P500,20465,2,40,0.2,20423.0,-0.1481,546,11,164,2026-08-13 05:55:27
131890,2,ACE 삼성그룹동일가중,40815,2,245,0.6,40838.0,1.463,901,37,163,2026-08-13 05:55:27
0090B0,2,PLUS K방산소부장,7415,2,40,0.54,7423.0,-43.7238,74188,550,163,2026-08-13 05:55:27
465670,4,TIGER 미국캐시카우100,17100,5,-120,-0.7,16935.0,12.7092,32173,548,162,2026-08-13 05:55:27
453820,4,KODEX 인도Nifty50레버리지(합성),12285,2,10,0.08,12309.0,-5.0291,3128,38,160,2026-08-13 05:55:27
387280,2,TIGER 퓨처모빌리티액티브,11810,2,290,2.52,11832.0,-24.1107,21935,260,159,2026-08-13 05:55:27
265690,4,ACE 러시아MSCI(합성),8535,3,0,0.0,48.0,0.0,0,0,158,2026-08-13 05:55:27
266410,2,KODEX 필수소비재,9700,5,-135,-1.37,9700.0,-1.2015,146845,1450,155,2026-08-13 05:55:27
219390,4,RISE 미국S&P원유생산기업(합성 H),7755,5,-5,-0.06,7916.0,2.5099,24196,187,155,2026-08-13 05:55:27
337150,2,KODEX 200exTOP,25800,2,405,1.59,25811.0,-13.043,1338,34,155,2026-08-13 05:55:27
0051A0,4,KoAct 브로드컴밸류체인액티브,25700,2,390,1.54,25622.0,-2.579,3792,97,154,2026-08-13 05:55:27
0220A0,7,KIWOOM 현대차그룹TOP3채권혼합50,9620,2,55,0.58,9645.0,,38300,371,154,2026-08-13 05:55:27
0153P0,2,ACE 리츠부동산인프라액티브,9500,5,-120,-1.25,9513.0,-4.051,48322,466,152,2026-08-13 05:55:27
413930,2,WON AI ESG액티브,27600,2,965,3.62,27577.0,-13.9975,374,10,152,2026-08-13 05:55:27
114460,6,ACE 국고채3년,100825,2,115,0.11,100845.0,0.6525,550,55,151,2026-08-13 05:55:27
491510,2,파워 K-주주가치액티브,17685,2,55,0.31,17723.0,-6.9522,80,1,150,2026-08-13 05:55:27
104520,2,KIWOOM 블루칩,14975,2,40,0.27,14955.0,-8.3489,163,2,150,2026-08-13 05:55:27
0013P0,4,RISE 미국은행TOP10,13570,2,140,1.04,13550.0,13.9996,9315,125,149,2026-08-13 05:55:27
102960,2,KODEX 기계장비,13975,2,30,0.22,14000.0,-32.4861,6099,86,148,2026-08-13 05:55:27
453010,7,PLUS KOFR금리,109690,2,5,0.0,109698.0,0.633,327,35,147,2026-08-13 05:55:27
0193L0,2,PLUS 삼성전자선물단일종목인버스2X,9730,5,-870,-8.21,9777.0,,751599,7201,146,2026-08-13 05:55:27
130680,5,TIGER 원유선물Enhanced(H),6775,5,-100,-1.45,6799.0,-9.3008,16980,114,146,2026-08-13 05:55:27
396510,4,TIGER 차이나클린에너지SOLACTIVE,7870,2,60,0.77,7940.0,-17.255,4264,33,145,2026-08-13 05:55:27
244620,2,KODEX 모멘텀Plus,20630,2,555,2.76,20577.0,-16.7531,468,9,144,2026-08-13 05:55:27
417450,4,RISE 글로벌수소경제,16862,2,412,2.5,16803.0,-23.5973,4522,75,143,2026-08-13 05:55:27
234310,2,RISE V&S셀렉트밸류,28640,2,395,1.4,28574.0,-9.1655,23,0,143,2026-08-13 05:55:27
373490,2,KODEX 코리아혁신성장액티브,25945,2,780,3.1,25828.0,-24.588,10406,272,143,2026-08-13 05:55:27
404650,2,SOL KRX기후변화솔루션,23725,2,685,2.97,23739.0,-18.8143,368,8,142,2026-08-13 05:55:27
0004G0,4,1Q 미국배당TOP30,9460,5,-50,-0.53,9479.0,6.7426,6456,61,142,2026-08-13 05:55:27
0028X0,4,KODEX 미국금융테크액티브,12095,5,-45,-0.37,12149.0,9.5497,6759,81,139,2026-08-13 05:55:27
438900,2,HANARO Fn K-푸드,11020,5,-125,-1.12,11031.0,-4.5339,20376,225,138,2026-08-13 05:55:27
496130,1,TRUSTON 코리아밸류업액티브,25505,2,595,2.39,25310.0,-14.1331,972,24,138,2026-08-13 05:55:27
489860,4,KIWOOM 글로벌전력GRID인프라,16185,2,170,1.06,16186.0,-9.473,3669,59,138,2026-08-13 05:55:27
0127V0,4,KIWOOM 미국S&P500 TOP10&배당다우비중전환,10995,5,-10,-0.09,10959.0,-2.5604,1726,18,137,2026-08-13 05:55:27
0088N0,2,WON K-글로벌수급상위,10960,2,60,0.55,10972.0,-25.5973,3285,36,137,2026-08-13 05:55:27
0127T0,4,KIWOOM 미국S&P500&배당다우존스비중전환,11410,5,-5,-0.04,11417.0,0.7873,922,10,137,2026-08-13 05:55:27
360150,2,KODEX 코스닥150롱코스피200숏선물,3335,5,-105,-3.05,3348.0,-19.154,632772,2088,137,2026-08-13 05:55:27
0015F0,7,KIWOOM 팔란티어미국30년국채혼합액티브(H),10460,5,-55,-0.52,10493.0,4.9515,14267,149,136,2026-08-13 05:55:27
300610,2,TIGER K게임,5580,5,-105,-1.85,5590.0,-7.7111,26056,146,134,2026-08-13 05:55:27
472720,1,TRUSTON 주주가치액티브,25665,2,165,0.65,25650.0,-16.2974,9882,256,133,2026-08-13 05:55:27
266390,2,KODEX 경기소비재,14825,5,-5,-0.03,14853.0,12.1791,3848,57,133,2026-08-13 05:55:27
280920,2,PLUS 주도업종,24100,2,755,3.23,24003.0,-13.8243,1635,39,133,2026-08-13 05:55:27
484890,6,SOL 머니마켓액티브,52480,2,25,0.05,52465.0,0.6717,5274,276,131,2026-08-13 05:55:27
252650,1,KODEX 200동일가중,18650,2,60,0.32,18707.0,-11.9621,16677,313,131,2026-08-13 05:55:27
395760,2,PLUS ESG성장주액티브,21465,2,670,3.22,21336.0,-13.6779,86,1,129,2026-08-13 05:55:27
0222F0,2,마이티 AI데이터센터밸류체인,12865,2,250,1.98,12871.0,,47249,612,129,2026-08-13 05:55:27
435550,7,KIWOOM TDF2050액티브 적격,18350,2,30,0.16,18350.0,-2.39,2915,53,128,2026-08-13 05:55:27
0008E0,4,ACE 미국중심중소형제조업,13520,2,40,0.3,13567.0,-9.863,815,11,128,2026-08-13 05:55:27
428560,4,KODEX 미국ETF산업Top10 Indxx,16045,2,45,0.28,16162.0,-1.3605,6287,100,128,2026-08-13 05:55:27
435040,4,ACE 글로벌브랜드TOP10,19670,5,-90,-0.46,19658.0,-0.701,262,5,128,2026-08-13 05:55:27
290080,3,RISE 200고배당커버드콜ATM,7265,2,25,0.35,7284.0,7.075,22622,163,127,2026-08-13 05:55:27
279540,2,KODEX 최소변동성,21120,2,320,1.54,21120.0,-10.566,100,2,127,2026-08-13 05:55:27
176950,6,KODEX 국채선물10년인버스,60205,3,0,0.0,60136.0,1.5175,1,0,126,2026-08-13 05:55:27
453660,4,KODEX 미국S&P500경기소비재,17935,5,-260,-1.43,18009.0,-3.9445,3974,71,126,2026-08-13 05:55:27
0194R0,2,KIWOOM SK하이닉스선물단일종목레버리지,7700,2,905,13.32,7696.0,,30346,237,125,2026-08-13 05:55:27
0000H0,2,KODEX 인도Nifty미드캡100,10850,2,50,0.46,10843.0,-0.1395,133,1,125,2026-08-13 05:55:27
137610,5,TIGER 농산물선물Enhanced(H),5410,2,45,0.84,5421.0,-3.0714,8638,46,124,2026-08-13 05:55:27
363510,6,SOL KIS단기통안채,112060,2,60,0.05,112040.0,0.5747,1,0,124,2026-08-13 05:55:27
332610,6,PLUS 미국단기회사채(AAA~A),129010,2,40,0.03,128990.0,-4.1567,246,31,124,2026-08-13 05:55:27
400570,4,KODEX 유럽탄소배출권선물ICE(H),11235,5,-125,-1.1,11292.0,7.1698,636,7,124,2026-08-13 05:55:27
140580,2,RISE 우량업종대표주,24690,2,370,1.52,24678.0,-12.2022,20,0,123,2026-08-13 05:55:27
269530,4,PLUS S&P글로벌인프라,20570,2,185,0.91,20710.0,-7.6329,616,12,123,2026-08-13 05:55:27
269370,4,TIGER S&P글로벌인프라(합성),17600,5,-140,-0.79,17745.0,-5.1606,257,4,123,2026-08-13 05:55:27
0208N0,1,IBK 코스피액티브,7445,2,270,3.76,7432.0,,4178,31,123,2026-08-13 05:55:27
453060,6,HANARO KOFR금리액티브(합성),111265,2,30,0.03,111246.0,0.6651,36,4,122,2026-08-13 05:55:27
485810,4,TIME 글로벌바이오액티브,11110,2,60,0.54,11130.0,9.0819,13726,151,122,2026-08-13 05:55:27
0084E0,7,KIWOOM 미국대형주500월간목표헤지액티브,10600,2,45,0.43,10567.0,-2.9033,6,0,122,2026-08-13 05:55:27
487750,2,BNK 온디바이스AI,30300,2,1345,4.65,30340.0,-14.5997,2662,80,121,2026-08-13 05:55:27
457700,6,KODEX 53-09 국고채액티브,9050,2,75,0.84,9038.0,-9.9348,7993,72,119,2026-08-13 05:55:27
354240,7,RISE 미국고정배당우선증권,10855,5,-5,-0.05,10852.0,-7.9662,642,6,119,2026-08-13 05:55:27
464610,2,SOL 의료기기소부장Fn,7960,5,-210,-2.57,7967.0,-12.9926,13095,104,119,2026-08-13 05:55:27
251590,2,PLUS 고배당저변동50,17010,5,-225,-1.31,17062.0,-3.6668,917,15,119,2026-08-13 05:55:27
419420,4,KODEX 미국클린에너지나스닥,9920,2,65,0.66,9892.0,-17.0694,1691,16,119,2026-08-13 05:55:27
448490,6,HANARO 32-10 국고채액티브,52935,2,120,0.23,52933.0,-1.0585,3,0,119,2026-08-13 05:55:27
0093B0,4,RISE 엔비디아고정테크100,13050,2,55,0.42,13105.0,-1.7374,931,12,117,2026-08-13 05:55:27
410870,2,TIME K컬처액티브,9770,5,-250,-2.5,9784.0,-11.8734,14203,140,117,2026-08-13 05:55:27
272570,6,RISE 중장기국공채액티브,108160,2,165,0.15,108143.0,0.1715,66,7,117,2026-08-13 05:55:27
371870,4,ACE 차이나항셍테크,7300,2,70,0.97,7299.0,-10.2421,5187,36,117,2026-08-13 05:55:27
498050,2,HANARO 바이오코리아액티브,11645,5,-20,-0.17,11661.0,-19.5518,24698,286,116,2026-08-13 05:55:27
461580,1,TIGER 코스닥글로벌,16570,2,145,0.88,16540.0,-16.9406,43548,719,116,2026-08-13 05:55:27
166400,3,TIGER 200커버드콜OTM,23170,2,870,3.9,23186.0,-2.9791,695,16,116,2026-08-13 05:55:27
0094L0,4,RISE 차이나테크TOP10위클리타겟커버드콜,8270,5,-5,-0.06,8212.0,-7.8999,8428,68,116,2026-08-13 05:55:27
407820,2,에셋플러스 코리아플랫폼액티브,6385,5,-40,-0.62,6398.0,-24.0544,18258,118,115,2026-08-13 05:55:27
463640,4,KODEX 미국S&P500유틸리티,14335,2,10,0.07,14354.0,-6.5148,8622,123,115,2026-08-13 05:55:27
409810,4,KODEX 미국나스닥100선물인버스(H),5460,5,-40,-0.73,5475.0,-2.0481,21080,115,115,2026-08-13 05:55:27
0222D0,2,KoAct 고배당액티브,10395,2,45,0.43,10419.0,,32614,339,114,2026-08-13 05:55:27
451600,6,PLUS 국고채30년액티브,83015,2,300,0.36,83157.0,-11.4875,691,57,114,2026-08-13 05:55:27
451150,4,에셋플러스 글로벌영에이지액티브,18335,5,-15,-0.08,18307.0,-0.3801,3,0,114,2026-08-13 05:55:27
430500,7,KIWOOM 물가채KIS,112780,2,280,0.25,112778.0,-0.535,68,7,113,2026-08-13 05:55:27
446700,2,RISE 배터리 리사이클링,10385,2,15,0.14,10370.0,-27.8358,250270,2605,112,2026-08-13 05:55:27
385710,2,TIME K이노베이션액티브,11135,2,70,0.63,11138.0,-27.2758,2396,26,111,2026-08-13 05:55:27
0001P0,2,마이티 바이오시밀러&CDMO액티브,9935,5,-70,-0.7,9962.0,-20.056,626,6,111,2026-08-13 05:55:27
0191S0,1,IBK 코스닥150,14940,2,110,0.74,14961.0,,26670,396,111,2026-08-13 05:55:27
0002C0,4,에셋플러스 인도일등기업포커스20액티브,10150,2,110,1.1,10159.0,4.966,85387,866,110,2026-08-13 05:55:27
494180,4,TIME 글로벌소비트렌드액티브,13610,5,-85,-0.62,13617.0,-2.6307,408,5,109,2026-08-13 05:55:27
310080,4,RISE 중국MSCI China(H),9460,2,10,0.11,9434.0,-5.4528,3577,33,109,2026-08-13 05:55:27
0068M0,4,KODEX 미국S&P500버퍼6월액티브,12045,5,-55,-0.45,12159.0,-0.2257,85,1,108,2026-08-13 05:55:27
456250,4,KODEX 유럽명품TOP10 STOXX,9315,5,-250,-2.61,9308.0,5.0775,2533,23,107,2026-08-13 05:55:27
140710,2,KODEX 운송,6300,5,-70,-1.1,6307.0,-8.075,16314,103,107,2026-08-13 05:55:27
354350,4,HANARO 글로벌럭셔리S&P(합성),20522,5,-303,-1.45,20556.0,1.1658,149,3,107,2026-08-13 05:55:27
0227K0,4,RISE 미국우주위성통신,10470,2,710,7.27,10441.0,,52583,548,105,2026-08-13 05:55:27
487910,4,ACE 인도컨슈머파워액티브,8720,2,5,0.06,8719.0,-0.6838,2071,18,105,2026-08-13 05:55:27
0067Y0,4,TIGER 차이나AI소프트웨어,11595,2,35,0.3,11678.0,-9.9689,6825,79,104,2026-08-13 05:55:27
301400,1,PLUS 코스닥150,14895,2,125,0.85,14997.0,-25.3287,22302,332,104,2026-08-13 05:55:27
460270,6,KIWOOM 미국달러SOFR금리액티브(합성),12860,3,0,0.0,12850.0,-3.7426,1112,14,104,2026-08-13 05:55:27
0194N0,2,KIWOOM 삼성전자선물단일종목레버리지,11875,2,925,8.45,11775.0,,10048,120,104,2026-08-13 05:55:27
237440,7,TIGER 경기방어채권혼합,10380,5,-15,-0.14,10350.0,0.6292,15080,155,104,2026-08-13 05:55:27
429010,4,TIGER 미국나스닥넥스트100,20745,2,95,0.46,20713.0,5.6265,818,16,104,2026-08-13 05:55:27
140570,2,RISE 수출주,25920,2,235,0.91,25973.0,-13.7074,433,11,104,2026-08-13 05:55:27
181480,7,ACE 미국부동산리츠(합성 H),84735,2,90,0.11,85280.0,0.0925,19,1,102,2026-08-13 05:55:27
0226G0,2,WON 피지컬AI TOP2플러스액티브,12705,2,355,2.87,12726.0,,6813,87,102,2026-08-13 05:55:27
0189Z0,2,DAISHIN343 금융&지주고배당,10130,2,40,0.4,10160.0,,2568,26,101,2026-08-13 05:55:27
0120J0,2,BNK 카카오그룹포커스,8085,2,20,0.25,8101.0,-12.7165,3480,28,101,2026-08-13 05:55:27
117690,4,TIGER 차이나항셍30,20130,5,-120,-0.59,20109.0,-7.6397,436,8,101,2026-08-13 05:55:27
0214M0,2,MIDAS 바이오헬스케어액티브,11825,2,45,0.38,11857.0,,1221,14,101,2026-08-13 05:55:27
0174R0,4,KIWOOM 미국성장다우존스,11700,5,-55,-0.47,11681.0,0.2161,36442,425,99,2026-08-13 05:55:27
463690,4,KODEX 미국S&P500커뮤니케이션,18010,5,-190,-1.04,18058.0,-7.9948,3418,61,99,2026-08-13 05:55:27
0224D0,4,KIWOOM 미국CPU반도체TOP4+,9880,2,180,1.86,9828.0,,37182,366,99,2026-08-13 05:55:27
0203D0,7,PLUS 200위클리커버드콜채권혼합,8965,2,150,1.7,8963.0,,52973,475,99,2026-08-13 05:55:27
399580,4,RISE 글로벌클린에너지,9845,2,75,0.77,9893.0,-19.5801,5088,49,98,2026-08-13 05:55:27
252000,1,TIGER 200동일가중,19640,2,140,0.72,19584.0,-11.0489,380,7,98,2026-08-13 05:55:27
482030,2,KoAct 반도체&2차전지핵심소재액티브,9315,2,120,1.31,9337.0,-32.7114,13116,122,98,2026-08-13 05:55:27
281990,2,RISE 중소형고배당,17765,5,-145,-0.81,17757.0,-8.7061,867,15,98,2026-08-13 05:55:27
0113G0,4,KoAct 미국바이오헬스케어액티브,11335,2,35,0.31,11369.0,12.8307,8101,91,96,2026-08-13 05:55:27
449680,7,TIGER 한중전기차(합성),11280,2,10,0.09,11256.0,-25.5123,102,1,96,2026-08-13 05:55:27
404540,2,TIGER KRX기후변화솔루션,23880,2,580,2.49,23871.0,-17.8829,488,11,96,2026-08-13 05:55:27
371150,4,RISE 차이나항셍테크,7295,2,100,1.39,7280.0,-10.3533,705,5,95,2026-08-13 05:55:27
375270,7,RISE 글로벌데이터센터리츠(합성),14520,2,310,2.18,14422.0,-13.931,1915,27,94,2026-08-13 05:55:27
0084D0,7,KIWOOM 미국테크100월간목표헤지액티브,11785,2,120,1.03,11758.0,-4.2306,158,1,94,2026-08-13 05:55:27
0219B0,2,KoAct 광통신&위성네트워크액티브,11785,2,120,1.03,11784.0,,65945,780,94,2026-08-13 05:55:27
0133E0,4,TIGER 차이나증권,8955,2,90,1.02,9049.0,-5.44,5730,51,94,2026-08-13 05:55:27
480460,7,WON 한국부동산TOP3플러스,9320,5,-55,-0.59,9309.0,-5.1593,44124,420,93,2026-08-13 05:55:27
395150,2,KODEX 웹툰&드라마,1918,5,-17,-0.88,1920.0,-16.7742,17587,33,92,2026-08-13 05:55:27
341850,7,TIGER 리츠부동산인프라채권,4595,5,-15,-0.33,4599.0,-2.0821,15816,72,92,2026-08-13 05:55:27
0216K0,7,KIWOOM 미국우주테크TOP2채권혼합50,9180,2,240,2.68,9201.0,,80384,735,92,2026-08-13 05:55:27
497510,4,ACE 글로벌빅파마,13100,5,-30,-0.23,13131.0,8.3937,1444,18,92,2026-08-13 05:55:27
0215T0,4,HANARO 미국AI광통신TOP10,9995,2,380,3.95,10012.0,,33733,336,90,2026-08-13 05:55:27
429980,7,SOL 한국형글로벌전기차&2차전지액티브,17835,2,165,0.93,17780.0,-15.9972,802,14,89,2026-08-13 05:55:27
435540,7,KIWOOM TDF2040액티브 적격,17825,2,45,0.25,17788.0,-2.3506,1529,27,89,2026-08-13 05:55:27
230480,7,KIWOOM 미국달러선물인버스2X,4415,2,15,0.34,4421.0,8.7762,1428,6,89,2026-08-13 05:55:27
0219Z0,4,HANARO 미국S&P500액티브,11050,2,335,3.13,11079.0,,6913,76,88,2026-08-13 05:55:27
215620,2,HK S&P코리아로우볼,16340,3,0,0.0,16107.0,-4.1924,0,0,88,2026-08-13 05:55:27
139240,2,TIGER 200 철강소재,10960,2,80,0.74,10949.0,-26.6847,42036,460,88,2026-08-13 05:55:27
174350,2,TIGER 로우볼,20770,2,115,0.56,20774.0,2.2089,30994,646,87,2026-08-13 05:55:27
497520,4,ACE 일라이릴리밸류체인,13415,5,-15,-0.11,13421.0,11.6839,3112,41,87,2026-08-13 05:55:27
270800,2,RISE KQ고배당,15840,5,-190,-1.19,15839.0,-8.348,202,3,87,2026-08-13 05:55:27
381570,2,HANARO Fn친환경에너지,10245,2,90,0.89,10279.0,-29.4547,5817,59,87,2026-08-13 05:55:27
395280,2,HANARO Fn K-게임,3700,5,-20,-0.54,3679.0,-8.2615,3314,12,87,2026-08-13 05:55:27
105010,4,TIGER 라틴35,6175,5,-45,-0.72,6212.0,-13.1953,3581,22,86,2026-08-13 05:55:27
462340,4,에셋플러스 글로벌다이나믹시니어액티브,17115,2,25,0.15,17060.0,6.7124,3,0,86,2026-08-13 05:55:27
457930,2,BNK 미래전략기술액티브,28370,2,655,2.36,28260.0,-19.6434,169,4,85,2026-08-13 05:55:27
261110,7,TIGER 미국달러선물레버리지,16755,3,0,0.0,16757.0,-8.717,77,1,84,2026-08-13 05:55:27
0218K0,2,BNK 스마트카,11155,2,370,3.43,11207.0,,7447,83,84,2026-08-13 05:55:27
182490,6,TIGER 단기선진하이일드(합성 H),13915,2,30,0.22,13870.0,0.5795,505,7,83,2026-08-13 05:55:27
466810,2,BNK 2차전지양극재,5740,2,35,0.61,5751.0,-31.8806,67843,392,83,2026-08-13 05:55:27
487920,4,ACE 인도시장대표BIG5그룹액티브,8295,2,5,0.06,8299.0,-1.6024,330,2,83,2026-08-13 05:55:27
0172Y0,2,ACE K수출핵심TOP10산업액티브,9745,2,295,3.12,9731.0,-19.9153,6891,67,83,2026-08-13 05:55:27
0138D0,2,RISE 동학개미,12600,2,360,2.94,12602.0,-30.1968,3781,47,82,2026-08-13 05:55:27
395750,2,PLUS ESG가치주액티브,20430,2,570,2.87,20406.0,-11.8509,5,0,82,2026-08-13 05:55:27
0082F0,4,HANARO 유럽방산,11660,2,135,1.17,11700.0,11.1915,729,8,82,2026-08-13 05:55:27
256450,4,PLUS 심천차이넥스트(합성),16240,2,290,1.82,16411.0,-12.7223,898,14,81,2026-08-13 05:55:27
217780,4,TIGER 차이나CSI300인버스(합성),5230,5,-25,-0.48,5261.0,7.3544,323,1,81,2026-08-13 05:55:27
0184V0,2,UNICORN K바이오액티브,6695,2,25,0.37,6713.0,-32.796,142388,948,80,2026-08-13 05:55:27
0226D0,7,FOCUS 금융반도체지주채권혼합50액티브,10025,2,125,1.26,10084.0,,5616,56,80,2026-08-13 05:55:27
225800,7,KIWOOM 미국달러선물레버리지,15725,5,-70,-0.44,15773.0,-8.8049,302,4,80,2026-08-13 05:55:27
0184N0,7,PLUS 은채권혼합,8905,5,-50,-0.56,8931.0,-12.9738,35007,312,80,2026-08-13 05:55:27
0094X0,4,1Q 샤오미밸류체인액티브,8820,2,175,2.02,8837.0,-14.5845,8874,76,79,2026-08-13 05:55:27
494210,4,SOL 미국500타겟데일리커버드콜액티브,11290,2,20,0.18,11275.0,-0.0319,1186,13,79,2026-08-13 05:55:27
435530,7,KIWOOM TDF2030액티브 적격,15760,2,30,0.19,15724.0,-2.4805,3582,56,79,2026-08-13 05:55:27
0166T0,4,PLUS 글로벌저작권핵심기업액티브,9810,5,-65,-0.66,9874.0,-1.839,14,0,78,2026-08-13 05:55:27
189400,4,PLUS 글로벌MSCI(합성 H),26065,2,60,0.23,26184.0,4.02,7,0,78,2026-08-13 05:55:27
438740,2,MIDAS 중소형액티브,34475,2,615,1.82,34284.0,-16.3848,15,0,78,2026-08-13 05:55:27
390400,4,KODEX 미국스마트모빌리티S&P,7750,2,25,0.32,7765.0,-6.181,426,3,78,2026-08-13 05:55:27
225050,4,TIGER 유로스탁스레버리지(합성 H),17110,5,-90,-0.52,17266.0,22.1157,660,11,77,2026-08-13 05:55:27
253280,2,RISE 헬스케어,13925,5,-70,-0.5,13956.0,-12.3944,4906,67,77,2026-08-13 05:55:27
488480,4,RISE 일본섹터TOP4Plus,13760,2,215,1.59,13742.0,-4.4136,509,7,76,2026-08-13 05:55:27
0005C0,6,RISE 미국S&P500엔화노출(합성 H),11575,3,0,0.0,11592.0,-1.9068,431,4,75,2026-08-13 05:55:27
227570,2,TIGER 우량가치,20820,2,50,0.24,20804.0,-9.0631,1324,27,75,2026-08-13 05:55:27
285690,2,FOCUS ESG리더스,21405,3,0,0.0,21687.0,-10.8125,0,0,75,2026-08-13 05:55:27
402460,2,HANARO Fn K-메타버스MZ,14980,2,375,2.57,14963.0,10.688,433,6,75,2026-08-13 05:55:27
450180,7,KODEX 한중전기차(합성),11520,2,105,0.92,11558.0,-26.3311,114,1,75,2026-08-13 05:55:27
368680,2,KODEX K-뉴딜디지털플러스,8255,2,45,0.55,8234.0,-12.5038,216,1,74,2026-08-13 05:55:27
304670,6,KODEX 미국30년국채울트라선물인버스(H),12380,3,0,0.0,12395.0,3.5117,8,0,74,2026-08-13 05:55:27
437370,4,RISE 글로벌농업경제,10455,5,-85,-0.81,10472.0,-5.4671,1042,10,73,2026-08-13 05:55:27
326230,2,RISE 내수주플러스,11380,5,-65,-0.57,11386.0,-8.2933,38,0,73,2026-08-13 05:55:27
139660,7,KIWOOM 미국달러선물인버스,8200,3,0,0.0,8194.0,4.5918,58,0,71,2026-08-13 05:55:27
400590,4,SOL 글로벌탄소배출권선물ICE(합성),14207,5,-93,-0.65,14270.0,2.5824,135,1,71,2026-08-13 05:55:27
0036Z0,4,RISE 미국천연가스밸류체인,12710,2,110,0.87,12704.0,-4.1415,425,5,70,2026-08-13 05:55:27
244670,2,KODEX 밸류Plus,11605,5,-30,-0.26,11611.0,-6.8259,2037,23,70,2026-08-13 05:55:27
139290,2,TIGER 200 경기소비재,26700,2,315,1.19,26748.0,-15.7433,15129,407,69,2026-08-13 05:55:27
0047N0,4,PLUS 차이나AI테크TOP10,10630,2,80,0.76,10605.0,-8.8947,1502,15,69,2026-08-13 05:55:27
307510,2,TIGER 의료기기,13605,5,-250,-1.8,13606.0,-18.6629,4250,57,68,2026-08-13 05:55:27
429740,7,PLUS K리츠,6180,5,-95,-1.51,6188.0,-6.1722,8907,55,68,2026-08-13 05:55:27
456200,6,PLUS 미국달러SOFR금리액티브(합성),61235,3,0,0.0,61268.0,-3.6201,2,0,67,2026-08-13 05:55:27
316300,7,ACE 싱가포르리츠,13375,5,-85,-0.63,13438.0,-3.8708,825,11,67,2026-08-13 05:55:27
0102X0,4,ACE 유럽방산TOP10,10220,2,195,1.95,10288.0,5.1983,2696,27,66,2026-08-13 05:55:27
315270,2,TIGER 200커뮤니케이션서비스,20535,2,205,1.01,20652.0,-7.3412,44521,911,66,2026-08-13 05:55:27
219900,4,ACE 중국본토CSI300레버리지(합성),4630,2,45,0.98,4648.0,-17.8316,1153,5,65,2026-08-13 05:55:27
0087F0,4,ACE 차이나AI빅테크TOP2+액티브,12810,2,35,0.27,12865.0,-2.9993,1204,15,64,2026-08-13 05:55:27
0176P0,2,FOCUS AI반도체위클리고정커버드콜,12620,2,405,3.32,12598.0,-11.165,11385,144,63,2026-08-13 05:55:27
0114X0,4,RISE 글로벌게임테크TOP3Plus,8800,2,50,0.57,8812.0,5.2315,545,4,62,2026-08-13 05:55:27
291890,4,KODEX MSCI EM선물(H),12245,2,105,0.86,12255.0,-1.7402,729,8,61,2026-08-13 05:55:27
0191B0,1,MIDAS 코스닥액티브,30250,2,180,0.6,30300.0,,845,25,61,2026-08-13 05:55:27
0053M0,2,더제이 중소형포커스액티브,13350,5,-15,-0.11,13352.0,-14.1895,177,2,60,2026-08-13 05:55:27
483020,2,KIWOOM 의료AI,10005,5,-70,-0.69,10032.0,-18.2556,7247,72,60,2026-08-13 05:55:27
433250,1,UNICORN R&D 액티브,23905,2,820,3.55,23755.0,-14.0864,502,12,60,2026-08-13 05:55:27
314700,2,HANARO 농업융복합산업,10850,5,-45,-0.41,10872.0,-18.2345,280,3,60,2026-08-13 05:55:27
407300,2,HANARO Fn골프테마,10850,2,75,0.7,10853.0,-20.4863,142,1,60,2026-08-13 05:55:27
413220,4,SOL 차이나태양광CSI(합성),4950,2,15,0.3,4954.0,-25.0,1378,6,59,2026-08-13 05:55:27
451670,6,RISE 국채30년레버리지(합성),11865,2,190,1.63,11834.0,-23.5179,608,7,59,2026-08-13 05:55:27
138920,5,KODEX 콩선물(H),11725,2,95,0.82,11731.0,-4.9837,1073,12,59,2026-08-13 05:55:27
469530,3,RISE 미국달러선물인버스,9150,5,-20,-0.22,9171.0,4.9799,155,1,59,2026-08-13 05:55:27
289670,6,PLUS 국채선물10년,52205,2,130,0.25,52165.0,-0.8096,141,7,58,2026-08-13 05:55:27
401590,4,HANARO 글로벌탄소배출권선물ICE(합성),11370,5,-100,-0.87,11402.0,1.865,1788,20,58,2026-08-13 05:55:27
470310,2,UNICORN 생성형AI강소기업액티브,19325,2,365,1.93,19357.0,8.9655,774,14,58,2026-08-13 05:55:27
400580,4,SOL 유럽탄소배출권선물S&P(H),11560,5,-40,-0.34,11625.0,6.6176,165,1,58,2026-08-13 05:55:27
291630,3,KIWOOM 코스닥150선물레버리지,3935,2,55,1.42,3943.0,-51.6812,94173,369,57,2026-08-13 05:55:27
488200,2,KIWOOM K-2차전지북미공급망,12575,2,110,0.88,12552.0,-28.1229,1890,23,57,2026-08-13 05:55:27
220130,4,SOL 차이나강소기업CSI500(합성 H),7065,2,60,0.86,7062.0,-6.0992,390,2,57,2026-08-13 05:55:27
476310,4,RISE 글로벌비만산업TOP2+,10265,5,-20,-0.19,10346.0,7.1586,361,3,56,2026-08-13 05:55:27
267450,6,RISE 미국장기국채선물인버스(H),11205,3,0,0.0,11146.0,3.4626,0,0,56,2026-08-13 05:55:27
499150,4,SOL 미국S&P500엔화노출(H),11125,2,20,0.18,11193.0,-2.2841,616,6,56,2026-08-13 05:55:27
0154H0,4,KoAct 차이나바이오헬스케어액티브,9240,2,270,3.01,9200.0,-3.2363,448,4,55,2026-08-13 05:55:27
432600,6,RISE 국채선물3년,55345,2,20,0.04,55360.0,0.958,17,0,55,2026-08-13 05:55:27
490330,4,KoAct 미국치매&뇌질환치료제액티브,15485,2,110,0.72,15485.0,16.1692,441,6,54,2026-08-13 05:55:27
483030,4,KIWOOM 미국블록버스터바이오테크의약품+,11840,3,0,0.0,11931.0,6.151,7869,93,53,2026-08-13 05:55:27
321410,7,KODEX 멀티에셋하이인컴(H),10625,5,-35,-0.33,10700.0,0.7123,5,0,53,2026-08-13 05:55:27
0174J0,7,DAISHIN343 오피스리츠플러스,8850,5,-35,-0.39,8876.0,-7.2669,190,1,53,2026-08-13 05:55:27
474390,6,SOL 국고채30년액티브,39560,5,-165,-0.42,39925.0,-11.1894,36,1,53,2026-08-13 05:55:27
411860,4,KIWOOM 독일DAX,17650,3,0,0.0,17584.0,2.0762,390,6,53,2026-08-13 05:55:27
0015E0,7,KIWOOM 엔비디아미국30년국채혼합액티브(H),10555,2,70,0.67,10599.0,-1.8219,855,9,53,2026-08-13 05:55:27
261920,4,ACE MSCI필리핀(합성),13145,5,-90,-0.68,13234.0,0.4935,38,0,53,2026-08-13 05:55:27
0132D0,7,KoAct 글로벌K컬처밸류체인액티브,9445,5,-75,-0.79,9510.0,-3.055,94,0,52,2026-08-13 05:55:27
0073X0,5,FOCUS 알리바바미국채커버드콜혼합,9440,5,-5,-0.05,9446.0,-8.2503,7222,67,52,2026-08-13 05:55:27
0128D0,4,PLUS 차이나항셍테크위클리타겟커버드콜,7385,2,35,0.48,7447.0,-8.811,3261,24,52,2026-08-13 05:55:27
295000,6,RISE 국채선물10년,51430,5,-5,-0.01,51498.0,-0.5991,104,5,51,2026-08-13 05:55:27
498610,4,RISE 인도디지털성장,8565,2,80,0.94,8579.0,4.5232,23,0,51,2026-08-13 05:55:27
250780,3,TIGER 코스닥150선물인버스,2330,5,-10,-0.43,2330.0,14.7058,448991,1042,51,2026-08-13 05:55:27
0078V0,4,PLUS 미국로보택시,9990,5,-380,-3.66,9959.0,-10.3717,2447,24,50,2026-08-13 05:55:27
391600,4,ACE 미국친환경그린테마,11070,5,-85,-0.76,11108.0,-11.0092,78,0,50,2026-08-13 05:55:27
0015K0,4,TIGER 미국소비트렌드액티브,7275,5,-15,-0.21,7274.0,-2.3443,518,3,49,2026-08-13 05:55:27
267440,6,RISE 미국장기국채선물(H),8030,5,-5,-0.06,8072.0,-2.3694,71,0,48,2026-08-13 05:55:27
0131A0,4,SOL 차이나소비트렌드,7915,2,20,0.25,7933.0,-18.7758,4292,33,47,2026-08-13 05:55:27
244660,2,KODEX 퀄리티Plus,9410,5,-115,-1.21,9411.0,-3.934,4,0,47,2026-08-13 05:55:27
266550,2,PLUS 중형주저변동50,18645,5,-185,-0.98,18614.0,-6.7591,7167,133,47,2026-08-13 05:55:27
373790,4,KIWOOM 미국방어배당성장나스닥,16195,5,-5,-0.03,16144.0,2.8004,516,8,45,2026-08-13 05:55:27
243890,2,TIGER 200에너지화학레버리지,8385,2,35,0.42,8419.0,-35.9172,9209,78,44,2026-08-13 05:55:27
488210,2,KIWOOM K-반도체북미공급망,21635,2,770,3.69,21577.0,-25.2529,1027,22,43,2026-08-13 05:55:27
205720,4,ACE 일본TOPIX인버스(합성 H),1427,5,-19,-1.31,1432.0,-7.4857,4550,6,43,2026-08-13 05:55:27
227550,2,TIGER 200 산업재,12585,2,225,1.82,12602.0,-21.8958,20825,263,43,2026-08-13 05:55:27
252420,3,RISE 200선물인버스2X,85,5,-7,-7.61,86.0,-21.3676,2257543,189,42,2026-08-13 05:55:27
277650,2,TIGER 코스피중형주,21080,2,70,0.33,21075.0,-17.7369,210,4,42,2026-08-13 05:55:27
226380,2,ACE Fn성장소비주도주,5970,5,-90,-1.49,5956.0,-5.9737,1023,6,42,2026-08-13 05:55:27
0050E0,4,PLUS 미국AI에이전트,8250,5,-105,-1.26,8239.0,6.0279,6639,54,41,2026-08-13 05:55:27
238670,7,PLUS 스마트베타Quality채권혼합,13675,2,125,0.92,13557.0,1.5742,10118,138,41,2026-08-13 05:55:27
334690,5,RISE 팔라듐선물(H),6185,5,-40,-0.64,6187.0,-10.8167,3838,23,40,2026-08-13 05:55:27
291680,4,RISE 차이나H선물인버스(H),7710,2,10,0.13,7805.0,1.3824,41,0,39,2026-08-13 05:55:27
225030,4,TIGER 미국S&P500선물인버스(H),2230,5,-10,-0.45,2231.0,-3.8627,1193,2,38,2026-08-13 05:55:27
0079X0,4,ACE BYD밸류체인액티브,10595,5,-55,-0.52,10578.0,-15.777,25481,271,37,2026-08-13 05:55:27
427120,2,RISE AI플랫폼,5445,5,-15,-0.27,5457.0,-15.2832,41157,223,36,2026-08-13 05:55:27
267490,6,RISE 미국장기국채선물레버리지(합성 H),4955,5,-50,-1.0,5017.0,-5.7439,7,0,35,2026-08-13 05:55:27
306530,3,HANARO 코스닥150선물레버리지,7870,2,135,1.75,7849.0,-52.2531,19954,156,35,2026-08-13 05:55:27
489010,4,PLUS 글로벌AI인프라,22000,2,555,2.59,22181.0,-3.8772,805,17,33,2026-08-13 05:55:27
454180,4,KIWOOM 차이나내수소비TOP CSI,7950,2,55,0.7,7986.0,-8.8252,113,0,32,2026-08-13 05:55:27
476000,2,UNICORN 포스트IPO액티브,5770,2,45,0.79,5751.0,-45.9141,115272,671,32,2026-08-13 05:55:27
227560,2,TIGER 200 생활소비재,12830,5,-285,-2.17,12844.0,-4.2101,4117,53,31,2026-08-13 05:55:27
145670,3,ACE 인버스,1319,5,-51,-3.72,1325.0,-2.9058,178342,233,30,2026-08-13 05:55:27
280940,5,KODEX 골드선물인버스(H),3420,5,-10,-0.29,3439.0,8.0314,991,3,27,2026-08-13 05:55:27
252410,3,RISE 200선물인버스,1357,5,-44,-3.14,1348.0,-2.5053,14826,19,27,2026-08-13 05:55:27
491630,4,RISE 미국반도체인버스(합성 H),5260,5,-40,-0.75,5181.0,-14.1005,613,3,25,2026-08-13 05:55:27
291620,3,KIWOOM 코스닥150선물인버스,4110,5,-25,-0.6,4129.0,14.0689,34366,141,23,2026-08-13 05:55:27
253230,3,KIWOOM 200선물인버스2X,82,5,-6,-6.82,82.0,-24.138,2278927,182,23,2026-08-13 05:55:27
275750,3,RISE 코스닥150선물인버스,2355,5,-25,-1.05,2360.0,14.9758,14217,33,21,2026-08-13 05:55:27
334700,5,RISE 팔라듐선물인버스(H),3235,3,0,0.0,3249.0,4.6925,183,0,21,2026-08-13 05:55:27
253240,3,KIWOOM 200선물인버스,1345,5,-53,-3.79,1351.0,-3.3864,31370,41,16,2026-08-13 05:55:27
465620,4,ACE 미국빅테크TOP7 Plus인버스(합성),6270,5,-15,-0.24,6266.0,-0.3962,189,1,16,2026-08-13 05:55:27
306520,3,HANARO 200선물인버스,2455,5,-85,-3.35,2464.0,-2.682,2444,5,15,2026-08-13 05:55:27
412560,2,TIGER BBIG레버리지,1912,2,5,0.26,1913.0,-28.9758,10356,19,13,2026-08-13 05:55:27
253160,3,PLUS 200선물인버스2X,165,5,-15,-8.33,165.0,-23.077,936429,152,11,2026-08-13 05:55:27
397420,6,RISE 국채선물5년추종,50580,3,0,0.0,50648.0,0.367,0,0,3,2026-08-13 05:55:27
