itemcode,etfTabCode,itemname,nowVal,risefall,changeVal,changeRate,nav,threeMonthEarnRate,quant,amonut,marketSum,collected_at
069500,1,KODEX 200,108780,5,-1280,-1.16,108916.0,-11.6723,11093613,1241463,256884,2026-08-18 03:26:26
360750,4,TIGER 미국S&P500,26985,5,-425,-1.55,27053.0,-0.4276,25596364,692779,206422,2026-08-18 03:26:26
133690,4,TIGER 미국나스닥100,185705,5,-2870,-1.52,187113.0,-3.1159,1811494,338373,115973,2026-08-18 03:26:26
102110,1,TIGER 200,109005,5,-1370,-1.24,109174.0,-11.4085,6329207,708472,104972,2026-08-18 03:26:26
379800,4,KODEX 미국S&P500,24530,5,-380,-1.53,24592.0,-0.4618,15003483,369166,101370,2026-08-18 03:26:26
396500,2,TIGER 반도체TOP10,36290,2,50,0.14,36312.0,-27.6142,9910935,373182,97039,2026-08-18 03:26:26
379810,4,KODEX 미국나스닥100,27760,5,-425,-1.51,27971.0,-3.118,10610265,296124,93981,2026-08-18 03:26:26
488770,7,KODEX 머니마켓액티브,105257,2,2,0.0,105263.0,0.8721,600938,63252,80394,2026-08-18 03:26:26
278530,1,KODEX 200TR,39385,5,-480,-1.2,39438.0,-11.6859,1094850,44264,78691,2026-08-18 03:26:26
459580,6,KODEX CD금리액티브(합성),1075025,2,75,0.01,1075170.0,0.7256,370719,398533,66339,2026-08-18 03:26:26
381180,4,TIGER 미국필라델피아반도체나스닥,45515,5,-320,-0.7,46314.0,-2.7436,1074240,49457,61240,2026-08-18 03:26:26
122630,3,KODEX 레버리지,110870,5,-2655,-2.34,111072.0,-35.8978,11667826,1371388,61145,2026-08-18 03:26:26
498400,2,KODEX 200타겟위클리커버드콜,20530,5,-220,-1.06,20539.0,-11.6175,6605160,139910,59865,2026-08-18 03:26:26
0167A0,2,SOL AI반도체TOP2플러스,17925,5,-120,-0.67,17932.0,-5.0014,18448336,343228,57727,2026-08-18 03:26:26
091160,2,KODEX 반도체,126485,2,235,0.19,126584.0,-19.6883,1665539,217487,56223,2026-08-18 03:26:26
229200,1,KODEX 코스닥150,14530,5,-300,-2.02,14576.0,-25.5149,21330732,315301,53223,2026-08-18 03:26:26
148020,1,RISE 200,109505,5,-1380,-1.24,109733.0,-11.7741,952497,107082,46540,2026-08-18 03:26:26
310970,1,TIGER MSCI Korea TR,48645,5,-640,-1.3,48682.0,-11.1582,22721,1133,44121,2026-08-18 03:26:26
458730,4,TIGER 미국배당다우존스,15335,5,-120,-0.78,15289.0,3.6915,1644995,25236,42854,2026-08-18 03:26:26
411060,5,ACE KRX금현물,27860,2,235,0.85,27892.0,-11.002,752898,21135,41010,2026-08-18 03:26:26
0162Z0,7,RISE 삼성전자SK하이닉스채권혼합50,13355,5,-35,-0.26,13363.0,-1.9143,6175294,84116,41000,2026-08-18 03:26:26
395160,2,KODEX AI반도체TOP2플러스,40450,5,-550,-1.34,40470.0,0.5641,5214940,219779,40814,2026-08-18 03:26:26
360200,4,ACE 미국S&P500,27275,5,-425,-1.53,27349.0,-0.4594,787607,21547,40231,2026-08-18 03:26:26
233740,3,KODEX 코스닥150레버리지,7485,5,-330,-4.22,7523.0,-52.808,85506992,664460,38570,2026-08-18 03:26:26
381170,4,TIGER 미국테크TOP10 INDXX,31155,5,-720,-2.26,31371.0,-8.313,641669,20092,38352,2026-08-18 03:26:26
395270,2,HANARO Fn K-반도체,57305,5,-665,-1.15,57319.0,-1.3529,1774327,105982,36217,2026-08-18 03:26:26
423160,6,KODEX KOFR금리액티브(합성),110810,2,10,0.01,110797.0,0.6976,87488,9694,36109,2026-08-18 03:26:26
357870,6,TIGER CD금리투자KIS(합성),57917,2,2,0.0,57918.0,0.7392,131623,7623,35495,2026-08-18 03:26:26
367380,4,ACE 미국나스닥100,31925,5,-485,-1.5,32165.0,-3.1397,393514,12643,35245,2026-08-18 03:26:26
102780,2,KODEX 삼성그룹,26500,5,-650,-2.39,26504.0,-0.0185,520956,14119,34212,2026-08-18 03:26:26
273130,6,KODEX 종합채권(AA-이상)액티브,109305,5,-320,-0.29,109504.0,-1.6331,4706,514,33443,2026-08-18 03:26:26
487240,2,KODEX AI전력핵심설비,36670,5,-70,-0.19,36713.0,-35.1965,2527588,94639,32233,2026-08-18 03:26:26
455890,6,RISE 머니마켓액티브,55402,2,2,0.0,55405.0,0.8005,222147,12307,30050,2026-08-18 03:26:26
0043B0,6,TIGER 머니마켓액티브,103375,2,15,0.01,103374.0,0.8685,90162,9320,29308,2026-08-18 03:26:26
139260,2,TIGER 200 IT,139460,5,-2205,-1.56,139524.0,-5.4229,329411,47781,28227,2026-08-18 03:26:26
426030,4,TIME 미국나스닥100액티브,48805,2,185,0.38,49784.0,-11.6161,599130,29696,26042,2026-08-18 03:26:26
481050,6,KODEX CD1년금리플러스액티브(합성),1023110,2,100,0.01,1023127.0,0.7636,21266,21757,25657,2026-08-18 03:26:26
449170,6,TIGER KOFR금리액티브(합성),111620,2,5,0.0,111623.0,0.6628,59158,6603,24367,2026-08-18 03:26:26
0193T0,2,KODEX SK하이닉스단일종목레버리지,9890,2,110,1.12,9934.0,,28918173,312662,24329,2026-08-18 03:26:26
161510,2,PLUS 고배당주,25355,5,-220,-0.86,25367.0,-7.803,509883,13016,24090,2026-08-18 03:26:26
486290,4,TIGER 미국나스닥100타겟데일리커버드콜,10940,5,-140,-1.26,11019.0,-3.7131,1238022,13629,23789,2026-08-18 03:26:26
278540,1,KODEX MSCI Korea TR,38760,5,-435,-1.11,38757.0,-10.2884,37467,1493,23682,2026-08-18 03:26:26
472150,2,TIGER 배당커버드콜액티브,20750,5,-225,-1.07,20733.0,-10.2866,3582820,76466,23510,2026-08-18 03:26:26
456600,4,TIME 글로벌AI인공지능액티브,60790,5,-200,-0.33,61518.0,-5.2804,150581,9329,22456,2026-08-18 03:26:26
284430,6,KODEX 200미국채혼합50,21175,5,-265,-1.24,21210.0,-6.8074,668278,14396,20752,2026-08-18 03:26:26
292150,2,TIGER 코리아TOP10,38145,5,-385,-1.0,38143.0,-12.0061,656411,25662,20560,2026-08-18 03:26:26
385540,6,RISE 종합채권(A-이상)액티브,102295,5,-335,-0.33,102244.0,-1.5162,763,78,19005,2026-08-18 03:26:26
105190,1,ACE 200,108970,5,-1335,-1.21,109158.0,-11.971,254885,28543,18743,2026-08-18 03:26:26
294400,1,KIWOOM 200TR,142810,5,-1760,-1.22,142926.0,-11.551,85368,12424,18422,2026-08-18 03:26:26
214980,6,KODEX 단기채권PLUS,114530,2,10,0.01,114542.0,0.6393,13295,1522,18402,2026-08-18 03:26:26
442580,4,PLUS 글로벌HBM반도체,104090,2,1125,1.09,105768.0,-2.1757,542567,58391,18080,2026-08-18 03:26:26
0193W0,2,KODEX 삼성전자단일종목레버리지,13020,5,-510,-3.77,13074.0,,9986331,140743,17714,2026-08-18 03:26:26
441640,4,KODEX 미국배당커버드콜액티브,12970,5,-85,-0.65,12971.0,2.2444,785360,10209,17030,2026-08-18 03:26:26
305720,2,KODEX 2차전지산업,14365,5,-485,-3.27,14397.0,-27.9302,1923866,28072,16678,2026-08-18 03:26:26
477080,6,RISE CD금리액티브(합성),107330,3,0,0.0,107337.0,0.7131,4285,459,16650,2026-08-18 03:26:26
487230,4,KODEX 미국AI전력핵심인프라,21865,2,375,1.74,22127.0,-22.6393,766682,16939,16366,2026-08-18 03:26:26
446770,4,ACE 글로벌반도체TOP4 Plus,80035,5,-710,-0.88,81024.0,-6.0863,64077,5234,16127,2026-08-18 03:26:26
152100,1,PLUS 200,110350,5,-1400,-1.25,110567.0,-11.2895,370364,41871,15725,2026-08-18 03:26:26
368590,4,RISE 미국나스닥100,30975,5,-480,-1.53,31203.0,-3.0387,136742,4264,15704,2026-08-18 03:26:26
466920,2,SOL 조선TOP3플러스,29070,5,-1080,-3.58,29136.0,-22.6924,883481,26128,15567,2026-08-18 03:26:26
379780,4,RISE 미국S&P500,23575,5,-385,-1.61,23649.0,-0.3779,159478,3774,15512,2026-08-18 03:26:26
329200,2,TIGER 리츠부동산인프라,4095,5,-40,-0.97,4087.0,-2.604,2164535,8883,15403,2026-08-18 03:26:26
0177N0,7,KODEX 삼성전자SK하이닉스채권혼합50,14105,5,-40,-0.28,14108.0,-2.1353,4388147,63086,15177,2026-08-18 03:26:26
453850,6,ACE 미국30년국채액티브(H),7075,5,-90,-1.26,7070.0,-2.062,966781,6834,14829,2026-08-18 03:26:26
475630,7,TIGER CD1년금리액티브(합성),1074582,2,2,0.0,1074584.0,0.776,20246,21755,14532,2026-08-18 03:26:26
0195S0,2,TIGER SK하이닉스단일종목레버리지,8395,2,75,0.9,8425.0,,15486856,141789,14488,2026-08-18 03:26:26
232080,1,TIGER 코스닥150,14815,5,-315,-2.08,14861.0,-25.4497,2968458,44810,13852,2026-08-18 03:26:26
091230,2,TIGER 반도체,134225,2,435,0.33,134204.0,-18.9783,140657,19481,13637,2026-08-18 03:26:26
390390,4,KODEX 미국반도체,56090,5,-560,-0.99,56973.0,-3.2647,455809,25842,13406,2026-08-18 03:26:26
436140,6,SOL 종합채권(AA-이상)액티브,105595,5,-400,-0.38,105677.0,-1.4505,33,3,13368,2026-08-18 03:26:26
0183J0,4,TIGER 미국우주테크,8900,2,55,0.62,9120.0,-32.8908,1347299,12184,13043,2026-08-18 03:26:26
157450,6,TIGER 단기통안채,112420,5,-5,0.0,112425.0,0.6355,23486,2640,12944,2026-08-18 03:26:26
448330,1,KODEX 삼성전자채권혼합,17480,5,-100,-0.57,17481.0,0.6088,715975,12680,12813,2026-08-18 03:26:26
438080,7,ACE 미국S&P500미국채혼합50액티브,14390,5,-130,-0.9,14382.0,-2.3866,408524,5892,12476,2026-08-18 03:26:26
0072R0,5,TIGER KRX금현물,13320,2,145,1.1,13329.0,-11.1299,551445,7394,12328,2026-08-18 03:26:26
497570,4,TIGER 미국필라델피아AI반도체나스닥,22635,5,-400,-1.74,23017.0,0.4238,307252,7038,11533,2026-08-18 03:26:26
445290,2,KODEX 로봇액티브,32960,5,-990,-2.92,32948.0,-19.5188,629643,21447,11487,2026-08-18 03:26:26
469150,2,ACE AI반도체TOP3+,58485,2,55,0.09,58463.0,-21.7386,534142,32309,11346,2026-08-18 03:26:26
449450,2,PLUS K방산,57085,5,-1435,-2.45,57206.0,-19.5049,304630,17666,11206,2026-08-18 03:26:26
226490,1,KODEX 코스피,70710,5,-850,-1.19,70716.0,-12.0788,1046683,75624,11172,2026-08-18 03:26:26
494890,1,KODEX 200액티브,31350,5,-375,-1.18,31408.0,-11.9363,330687,10675,10973,2026-08-18 03:26:26
465580,4,ACE 미국빅테크TOP7 Plus,24670,5,-600,-2.37,24826.0,-3.0129,348449,8651,10929,2026-08-18 03:26:26
0139F0,6,TIGER 12월자동연장금융채(AA-이상)액티브,101995,3,0,0.0,101993.0,0.6662,436,44,10789,2026-08-18 03:26:26
494310,2,KODEX 반도체레버리지,77625,2,605,0.79,77828.0,-51.407,3777594,310981,10635,2026-08-18 03:26:26
446720,4,SOL 미국배당다우존스,14060,5,-105,-0.74,14014.0,3.5883,376827,5298,10489,2026-08-18 03:26:26
455850,2,SOL AI반도체소부장,24355,2,400,1.67,24397.0,-27.9116,2558106,63466,10339,2026-08-18 03:26:26
0195R0,2,TIGER 삼성전자단일종목레버리지,11875,5,-415,-3.38,11891.0,,5293026,67787,10325,2026-08-18 03:26:26
479520,6,RISE KOFR금리액티브(합성),106230,5,-15,-0.01,106253.0,0.6727,2757,292,10312,2026-08-18 03:26:26
0117V0,2,TIGER 코리아AI전력기기TOP3플러스,19010,5,-90,-0.47,19048.0,-33.4981,1364547,26468,10123,2026-08-18 03:26:26
449180,4,KODEX 미국S&P500(H),17225,5,-190,-1.09,17285.0,4.2207,416421,7196,10120,2026-08-18 03:26:26
469830,6,SOL 초단기채권액티브,54302,5,-3,-0.01,54303.0,0.8543,131418,7136,10053,2026-08-18 03:26:26
295040,1,SOL 200TR,40745,5,-535,-1.3,40835.0,-11.6722,173445,7253,10023,2026-08-18 03:26:26
315930,2,KODEX Top5PlusTR,81740,5,-1110,-1.34,81717.0,-10.6305,47870,4001,9972,2026-08-18 03:26:26
479080,6,1Q 머니마켓액티브,53685,2,5,0.01,53688.0,0.8453,18747,1006,9968,2026-08-18 03:26:26
356540,6,ACE 종합채권(AA-이상)액티브,100565,5,-455,-0.45,100524.0,-1.314,5169,519,9937,2026-08-18 03:26:26
494300,4,KODEX 미국나스닥100데일리커버드콜OTM,9465,5,-110,-1.15,9519.0,-6.2094,1339239,12748,9891,2026-08-18 03:26:26
237350,1,KODEX 코스피100,86950,5,-850,-0.97,86930.0,-11.2505,248936,22352,9869,2026-08-18 03:26:26
451540,6,TIGER 종합채권(AA-이상)액티브,52435,5,-245,-0.47,52474.0,-1.5879,69599,3647,9784,2026-08-18 03:26:26
495050,1,RISE 코리아밸류업,32710,5,-300,-0.91,32721.0,-11.6257,124614,4170,9731,2026-08-18 03:26:26
402970,4,ACE 미국배당다우존스,15585,5,-145,-0.92,15536.0,3.8349,238840,3725,9678,2026-08-18 03:26:26
438100,7,ACE 미국나스닥100미국채혼합50액티브,15595,5,-140,-0.89,15604.0,-3.6141,238953,3738,9482,2026-08-18 03:26:26
0117L0,6,KODEX 26-12 금융채(AA-이상)액티브,10150,3,0,0.0,10145.0,0.6944,2705,27,9421,2026-08-18 03:26:26
305540,2,TIGER 2차전지테마,18195,5,-600,-3.19,18227.0,-26.9104,250480,4619,8952,2026-08-18 03:26:26
0177R0,2,TIGER 반도체TOP10커버드콜액티브,11375,5,-85,-0.74,11370.0,-13.7777,3050945,35982,8873,2026-08-18 03:26:26
475720,3,RISE 200위클리커버드콜,12630,5,-20,-0.16,12626.0,-13.6758,551231,7029,8134,2026-08-18 03:26:26
153130,6,KODEX 단기채권,113195,2,10,0.01,113193.0,0.6335,16873,1909,8107,2026-08-18 03:26:26
441800,1,TIME Korea플러스배당액티브,28985,5,-110,-0.38,28985.0,-17.7359,193314,5710,8000,2026-08-18 03:26:26
498410,2,KODEX 금융고배당TOP10타겟위클리커버드콜,11645,5,-35,-0.3,11589.0,-2.4026,1182916,13694,7895,2026-08-18 03:26:26
371460,4,TIGER 차이나전기차SOLACTIVE,10855,5,-80,-0.73,10930.0,-24.4821,109873,1204,7885,2026-08-18 03:26:26
144600,5,KODEX 은선물(H),10620,2,140,1.34,10627.0,-27.045,344650,3706,7859,2026-08-18 03:26:26
0025N0,7,TIGER TDF2045 적격,12255,5,-135,-1.09,12311.0,-0.6017,282867,3472,7843,2026-08-18 03:26:26
466940,2,TIGER 은행고배당플러스TOP10,26120,5,-245,-0.93,26129.0,3.7877,445018,11614,7823,2026-08-18 03:26:26
490590,4,RISE 미국AI밸류체인데일리고정커버드콜,14600,5,-305,-2.05,14795.0,-4.6312,519107,7670,7811,2026-08-18 03:26:26
487340,6,ACE 머니마켓액티브,105710,2,5,0.0,105714.0,0.8731,5518,583,7804,2026-08-18 03:26:26
0048J0,6,KODEX 미국머니마켓액티브,14100,5,-65,-0.46,14093.0,-4.0376,598999,8454,7752,2026-08-18 03:26:26
476550,6,TIGER 미국30년국채커버드콜액티브(H),6765,5,-85,-1.24,6759.0,-2.0997,1572373,10633,7722,2026-08-18 03:26:26
457480,4,ACE 테슬라밸류체인액티브,18655,5,-240,-1.27,18823.0,-25.9601,368720,6942,7667,2026-08-18 03:26:26
069660,1,KIWOOM 200,108800,5,-1320,-1.2,108871.0,-11.6838,93241,10410,7616,2026-08-18 03:26:26
481060,6,KODEX 미국30년국채타겟커버드콜(합성 H),7330,5,-60,-0.81,7357.0,-2.3492,486143,3563,7590,2026-08-18 03:26:26
102970,2,KODEX 증권,18900,5,-690,-3.52,18931.0,-32.177,1017485,19544,7362,2026-08-18 03:26:26
0061Z0,6,RISE 단기특수은행채액티브,50935,5,-5,-0.01,50939.0,0.7515,1221,62,7243,2026-08-18 03:26:26
272580,6,TIGER 단기채권액티브,57025,2,5,0.01,57026.0,0.6531,14233,811,7239,2026-08-18 03:26:26
114800,3,KODEX 인버스,1024,2,13,1.29,1024.0,-5.2484,901556131,897898,7212,2026-08-18 03:26:26
458760,4,TIGER 미국배당다우존스타겟커버드콜2호,11265,5,-75,-0.66,11236.0,3.7661,189875,2139,7114,2026-08-18 03:26:26
462330,2,KODEX 2차전지산업레버리지,1008,5,-71,-6.58,1015.0,-55.4133,47390703,49299,7066,2026-08-18 03:26:26
0127P0,4,ACE 미국대형성장주액티브,10970,5,-95,-0.86,11024.0,-3.0549,78521,864,7021,2026-08-18 03:26:26
367760,2,RISE 네트워크인프라,59130,5,-1330,-2.2,59122.0,-2.3027,239173,14639,6948,2026-08-18 03:26:26
138540,2,TIGER 현대차그룹플러스,53910,5,-1685,-3.03,53872.0,-26.0066,168061,9274,6944,2026-08-18 03:26:26
456610,6,TIGER 미국달러SOFR금리액티브(합성),61100,5,-335,-0.55,61106.0,-3.9854,31854,1947,6935,2026-08-18 03:26:26
491010,4,TIGER 글로벌AI전력인프라액티브,27565,2,515,1.9,27877.0,-20.006,110061,3082,6916,2026-08-18 03:26:26
434730,2,HANARO 원자력iSelect,58165,5,-1270,-2.14,58269.0,-30.461,125969,7484,6863,2026-08-18 03:26:26
495850,1,KODEX 코리아밸류업,32490,5,-350,-1.07,32503.0,-11.5684,224798,7487,6839,2026-08-18 03:26:26
385560,6,RISE KIS국고채30년Enhanced,49735,5,-950,-1.87,49663.0,-13.5143,49174,2445,6821,2026-08-18 03:26:26
0167B0,2,SOL 200타겟위클리커버드콜,11965,5,-105,-0.87,11966.0,-11.919,1405321,17306,6796,2026-08-18 03:26:26
290130,2,RISE ESG사회책임투자,47325,5,-415,-0.87,47321.0,-10.9993,190808,9306,6720,2026-08-18 03:26:26
0148J0,2,TIGER 코리아휴머노이드로봇산업,10020,5,-370,-3.56,10025.0,-27.19,5526046,57582,6713,2026-08-18 03:26:26
364980,2,TIGER 2차전지TOP10,9925,5,-355,-3.45,9950.0,-24.3284,1380091,13903,6665,2026-08-18 03:26:26
423920,4,TIGER 미국필라델피아반도체레버리지(합성),95985,5,-1380,-1.42,99491.0,-16.1175,75932,7462,6585,2026-08-18 03:26:26
418660,4,TIGER 미국나스닥100레버리지(합성),42485,5,-1390,-3.17,43157.0,-8.7744,197489,8510,6543,2026-08-18 03:26:26
482730,4,TIGER 미국S&P500타겟데일리커버드콜,12200,5,-185,-1.49,12223.0,-0.1266,346924,4244,6527,2026-08-18 03:26:26
314250,4,KODEX 미국빅테크10(H),61210,5,-1940,-3.07,61665.0,7.1038,30034,1849,6494,2026-08-18 03:26:26
434060,7,KODEX TDF2050액티브 적격,17300,5,-135,-0.77,17228.0,-4.6445,163086,2836,6410,2026-08-18 03:26:26
0015B0,4,KoAct 미국나스닥성장기업액티브,19480,5,-320,-1.62,19812.0,-14.2115,399303,7869,6370,2026-08-18 03:26:26
329750,6,TIGER 미국달러단기채권액티브,13320,5,-60,-0.45,13320.0,-4.2234,183668,2448,6368,2026-08-18 03:26:26
252670,3,KODEX 200선물인버스2X,78,2,2,2.63,78.0,-26.9231,5558972664,408245,6341,2026-08-18 03:26:26
396520,4,TIGER 차이나반도체FACTSET,15075,2,535,3.68,15110.0,-2.4489,673886,10261,6229,2026-08-18 03:26:26
0101N0,2,RISE AI전력인프라,19520,5,-335,-1.69,19542.0,-29.9895,360156,7153,6149,2026-08-18 03:26:26
466950,4,TIGER 글로벌AI액티브,32500,5,-120,-0.37,33016.0,-13.1639,170514,5618,6026,2026-08-18 03:26:26
251600,7,PLUS 고배당주채권혼합,15500,5,-55,-0.35,15496.0,-3.2082,153219,2382,5983,2026-08-18 03:26:26
494670,2,TIGER 조선TOP10,22980,5,-760,-3.2,23013.0,-22.5828,481632,11221,5952,2026-08-18 03:26:26
489250,4,KODEX 미국배당다우존스,13190,5,-105,-0.79,13149.0,3.7577,222584,2937,5936,2026-08-18 03:26:26
371160,4,TIGER 차이나항셍테크,7240,5,-60,-0.82,7238.0,-12.237,337315,2478,5919,2026-08-18 03:26:26
484790,6,KODEX 미국30년국채액티브(H),8160,5,-105,-1.27,8161.0,-1.7962,1043660,8521,5856,2026-08-18 03:26:26
488080,3,TIGER 반도체TOP10레버리지,35220,2,150,0.43,35281.0,-61.0269,6841388,258805,5723,2026-08-18 03:26:26
0019K0,7,TIME 미국나스닥100채권혼합50액티브,13675,5,-20,-0.15,13793.0,-3.2156,316209,4356,5723,2026-08-18 03:26:26
449190,4,KODEX 미국나스닥100(H),22395,5,-225,-0.99,22577.0,1.3764,217081,4887,5700,2026-08-18 03:26:26
463250,2,TIGER K방산&우주,37015,5,-790,-2.09,37064.0,-19.0298,419743,15740,5608,2026-08-18 03:26:26
0219E0,2,KODEX 200커버드콜액티브,8560,5,-90,-1.04,8544.0,,5274614,46542,5555,2026-08-18 03:26:26
0007F0,6,KODEX 27-12 회사채(AA-이상)액티브,10180,2,10,0.1,10181.0,0.5437,10232,104,5542,2026-08-18 03:26:26
455030,6,KODEX 미국달러SOFR금리액티브(합성),12140,5,-25,-0.21,12125.0,-4.2545,86029,1044,5513,2026-08-18 03:26:26
0190C0,2,RISE 현대차고정피지컬AI,9115,5,-365,-3.85,9116.0,-25.2072,1775130,16680,5460,2026-08-18 03:26:26
0091P0,2,TIGER 코리아원자력,16030,5,-640,-3.84,16043.0,-31.6804,826343,13538,5458,2026-08-18 03:26:26
491620,4,RISE 미국테크100데일리고정커버드콜,10880,5,-240,-2.16,10948.0,-2.2757,751480,8226,5451,2026-08-18 03:26:26
0105E0,2,SOL 코리아고배당,13015,5,-220,-1.66,13012.0,-6.8254,348847,4565,5401,2026-08-18 03:26:26
438330,6,TIGER 우량회사채액티브,115360,5,-215,-0.19,115450.0,0.6137,5889,679,5364,2026-08-18 03:26:26
444200,2,SOL 코리아메가테크액티브,46830,5,-1050,-2.19,46827.0,-18.9162,59018,2833,5339,2026-08-18 03:26:26
365780,6,ACE 국고채10년,81975,5,-575,-0.7,81946.0,-0.5063,6224,509,5284,2026-08-18 03:26:26
496080,1,TIGER 코리아밸류업,32560,5,-380,-1.15,32586.0,-11.2073,119633,3965,5258,2026-08-18 03:26:26
462010,2,TIGER 2차전지소재Fn,4780,5,-190,-3.82,4790.0,-35.0752,2609663,12696,5186,2026-08-18 03:26:26
315960,2,RISE 대형고배당10TR,78475,5,-390,-0.49,78479.0,-14.5929,67842,5439,5179,2026-08-18 03:26:26
114260,6,KODEX 국고채3년,61735,5,-80,-0.13,61718.0,0.6595,7795,480,5113,2026-08-18 03:26:26
251350,4,KODEX MSCI선진국,40090,5,-570,-1.4,40265.0,0.3431,17280,697,5111,2026-08-18 03:26:26
243880,2,TIGER 200IT레버리지,345895,5,-16185,-4.47,348392.0,-34.5363,232235,87213,5015,2026-08-18 03:26:26
361580,1,RISE 200TR,61850,5,-730,-1.17,61902.0,-11.7722,31054,1987,5010,2026-08-18 03:26:26
435420,7,TIGER 미국나스닥100채권혼합50,14250,5,-115,-0.8,14272.0,-1.2925,258667,3700,4945,2026-08-18 03:26:26
476800,7,KODEX 한국부동산리츠인프라,4240,5,-50,-1.17,4236.0,-5.3092,498233,2117,4848,2026-08-18 03:26:26
477050,6,PLUS 머니마켓액티브,53452,2,2,0.0,53452.0,0.8395,7716,412,4838,2026-08-18 03:26:26
490490,7,SOL 미국배당미국채혼합50,11330,5,-100,-0.87,11287.0,-0.3609,193056,2188,4804,2026-08-18 03:26:26
499660,7,TIGER CD금리플러스액티브(합성),1001660,2,65,0.01,1001665.0,0.771,7605,7617,4794,2026-08-18 03:26:26
0163Y0,1,KoAct 코스닥액티브,9090,5,-100,-1.09,9114.0,-29.8206,609751,5645,4731,2026-08-18 03:26:26
483280,4,KODEX 미국AI테크TOP10타겟커버드콜,11955,5,-310,-2.53,12047.0,-6.6086,292513,3517,4698,2026-08-18 03:26:26
0162M0,6,KODEX 금융채1~2년(AA-이상)PLUS액티브,10060,2,5,0.05,10065.0,0.4997,8333,83,4650,2026-08-18 03:26:26
448290,4,TIGER 미국S&P500(H),17880,5,-190,-1.05,17930.0,4.2416,74978,1343,4604,2026-08-18 03:26:26
471230,6,KODEX 국고채10년액티브,103270,5,-745,-0.72,103197.0,-0.5498,15428,1591,4604,2026-08-18 03:26:26
293180,1,HANARO 200,109085,5,-1345,-1.22,109198.0,-11.6488,16796,1892,4582,2026-08-18 03:26:26
277630,1,TIGER 코스피,71765,5,-820,-1.13,71745.0,-12.5337,336095,24654,4557,2026-08-18 03:26:26
473290,6,KODEX 26-12 회사채(AA-이상)액티브,10875,2,10,0.09,10871.0,0.6018,11013,119,4515,2026-08-18 03:26:26
0173Y0,4,KODEX 미국AI광통신네트워크,12630,2,325,2.64,13047.0,-21.508,2231943,28811,4433,2026-08-18 03:26:26
0023A0,4,SOL 미국양자컴퓨팅TOP10,26625,5,-525,-1.93,27202.0,-16.9471,117016,3165,4433,2026-08-18 03:26:26
451060,1,1Q 200액티브,34870,5,-350,-0.99,34874.0,-12.3834,54808,1972,4394,2026-08-18 03:26:26
447770,7,TIGER 테슬라채권혼합Fn,13580,5,-90,-0.66,13625.0,-8.3291,95348,1297,4346,2026-08-18 03:26:26
091180,2,KODEX 자동차,30640,5,-1060,-3.34,30647.0,-19.7979,354105,11124,4336,2026-08-18 03:26:26
451000,6,PLUS 종합채권(AA-이상)액티브,106730,5,-345,-0.32,106722.0,-1.4905,34,3,4281,2026-08-18 03:26:26
474220,4,TIGER 미국테크TOP10타겟커버드콜,15005,5,-325,-2.12,15090.0,-5.8378,71178,1073,4239,2026-08-18 03:26:26
0016X0,6,SOL 중단기회사채(A-이상)액티브,51420,5,-15,-0.03,51408.0,0.7837,5033,258,4202,2026-08-18 03:26:26
148070,6,KIWOOM 국고채10년,103925,5,-790,-0.75,103862.0,-0.4658,6811,707,4165,2026-08-18 03:26:26
0167Z0,4,KODEX 미국우주항공,9030,2,20,0.22,9218.0,-27.5213,404214,3707,4113,2026-08-18 03:26:26
480260,6,TIGER 27-04회사채(A+이상)액티브,53740,5,-15,-0.03,53746.0,0.5518,4305,231,4049,2026-08-18 03:26:26
0060H0,1,TIGER 토탈월드스탁액티브,13070,5,-165,-1.25,13093.0,-0.2476,45882,602,4039,2026-08-18 03:26:26
0131V0,4,1Q 미국우주항공테크,12295,5,-450,-3.53,12467.0,-12.3453,94124,1167,4027,2026-08-18 03:26:26
469070,2,RISE AI&로봇,12015,5,-515,-4.11,12017.0,-24.79,514790,6362,4019,2026-08-18 03:26:26
426020,4,TIME 미국S&P500액티브,32775,5,-530,-1.59,32986.0,-4.0479,72423,2391,3992,2026-08-18 03:26:26
241180,4,TIGER 일본니케이225,36210,5,-740,-2.0,36271.0,3.6901,24293,892,3976,2026-08-18 03:26:26
471990,2,KODEX AI반도체핵심장비,24190,2,630,2.67,24198.0,-29.4816,1609201,39537,3967,2026-08-18 03:26:26
385720,1,TIME 코스피액티브,25495,5,-165,-0.64,25492.0,-14.3668,56210,1471,3926,2026-08-18 03:26:26
462900,2,KoAct 바이오헬스케어액티브,14675,5,-520,-3.42,14686.0,-24.025,1054153,15725,3889,2026-08-18 03:26:26
439870,6,KODEX 국고채30년액티브,84820,5,-1050,-1.22,84849.0,-10.3701,12123,1030,3837,2026-08-18 03:26:26
0043Y0,4,TIME 차이나AI테크액티브,21460,5,-135,-0.63,21421.0,-3.8941,78104,1707,3820,2026-08-18 03:26:26
0080G0,2,KODEX 방산TOP10,11210,5,-265,-2.31,11208.0,-17.7529,2022432,22950,3767,2026-08-18 03:26:26
458250,6,TIGER 미국30년국채스트립액티브(합성 H),33580,5,-755,-2.2,33711.0,-4.7969,110114,3697,3762,2026-08-18 03:26:26
484880,2,SOL 금융지주플러스고배당,22275,5,-235,-1.04,22297.0,3.2077,345668,7700,3720,2026-08-18 03:26:26
496020,6,WON 전단채플러스액티브,52387,5,-3,-0.01,52392.0,0.9246,2105,110,3712,2026-08-18 03:26:26
474590,2,WON 반도체밸류체인액티브,44430,2,65,0.15,44474.0,-5.7668,72259,3302,3577,2026-08-18 03:26:26
310960,1,TIGER 200TR,63620,5,-615,-0.96,63663.0,-11.8136,112956,7405,3563,2026-08-18 03:26:26
0040Y0,7,SOL 팔란티어커버드콜OTM채권혼합,8165,5,-35,-0.43,8170.0,2.3571,179340,1463,3560,2026-08-18 03:26:26
453810,4,KODEX 인도Nifty50,12005,5,-110,-0.91,12075.0,-1.8976,71858,865,3553,2026-08-18 03:26:26
0144L0,4,KODEX 미국성장커버드콜액티브,9877,5,-123,-1.23,9949.0,-3.8575,234640,2332,3546,2026-08-18 03:26:26
448300,4,TIGER 미국나스닥100(H),23125,5,-245,-1.05,23317.0,1.4636,52946,1231,3538,2026-08-18 03:26:26
132030,5,KODEX 골드선물(H),24705,2,370,1.52,24707.0,-8.4807,58505,1452,3533,2026-08-18 03:26:26
439860,6,KODEX ESG종합채권(A-이상)액티브,113455,5,-125,-0.11,113596.0,0.2515,14,1,3501,2026-08-18 03:26:26
0052D0,2,TIGER 코리아배당다우존스,15705,5,-205,-1.29,15715.0,-4.1507,135569,2155,3479,2026-08-18 03:26:26
0026S0,4,1Q 미국S&P500,13195,5,-200,-1.49,13234.0,-0.6682,181205,2395,3470,2026-08-18 03:26:26
476760,6,ACE 미국30년국채액티브,9000,5,-165,-1.8,8986.0,-6.8256,635407,5723,3456,2026-08-18 03:26:26
0182R0,2,1Q K반도체TOP2+,10695,5,-135,-1.25,10692.0,-25.1555,3277468,36511,3454,2026-08-18 03:26:26
385550,6,RISE 단기채권알파액티브,113975,5,-20,-0.02,113991.0,0.6667,540,61,3449,2026-08-18 03:26:26
279530,2,KODEX 고배당주,17655,5,-125,-0.7,17675.0,-6.4669,131757,2340,3443,2026-08-18 03:26:26
0046A0,6,TIGER 미국초단기(3개월이하)국채,9745,5,-60,-0.61,9755.0,-4.2056,481559,4701,3432,2026-08-18 03:26:26
456880,7,ACE 미국달러SOFR금리(합성),12370,5,-70,-0.56,12373.0,-4.0124,45661,565,3412,2026-08-18 03:26:26
472170,7,TIGER 미국테크TOP10채권혼합,13995,5,-145,-1.03,13997.0,-3.9729,80179,1125,3380,2026-08-18 03:26:26
270810,1,RISE 코스닥150,14455,5,-295,-2.0,14503.0,-25.4486,231409,3395,3322,2026-08-18 03:26:26
442570,7,RISE TDF2050액티브 적격,17810,5,-200,-1.11,17665.0,-1.7777,164797,2951,3313,2026-08-18 03:26:26
0052S0,7,1Q 미국S&P500미국채혼합50액티브,11840,5,-120,-1.0,11855.0,-2.3131,254473,3019,3268,2026-08-18 03:26:26
448630,7,RISE 삼성그룹Top3채권혼합,15290,5,-105,-0.68,15286.0,-0.2915,115949,1789,3257,2026-08-18 03:26:26
385510,2,KODEX 신재생에너지액티브,38530,5,-970,-2.46,38588.0,-31.4296,73882,2909,3237,2026-08-18 03:26:26
0210A0,2,ACE K반도체TOP2+,7325,5,-65,-0.88,7339.0,,3800637,28796,3197,2026-08-18 03:26:26
475300,2,SOL 반도체전공정,21600,2,380,1.79,21643.0,-13.317,2293078,50535,3121,2026-08-18 03:26:26
483320,4,ACE 엔비디아밸류체인액티브,25890,5,-250,-0.96,26258.0,-3.4891,544865,14264,3094,2026-08-18 03:26:26
0111P0,7,1Q 미국나스닥100미국채혼합50액티브,11070,5,-100,-0.9,11110.0,-3.7355,114840,1276,3089,2026-08-18 03:26:26
0008S0,4,TIGER 미국배당다우존스타겟데일리커버드콜,10175,5,-75,-0.73,10151.0,3.3236,226440,2304,3027,2026-08-18 03:26:26
485540,4,KODEX 미국AI테크TOP10,15320,5,-420,-2.67,15448.0,-7.5598,114920,1773,3026,2026-08-18 03:26:26
0038A0,4,KODEX 미국휴머노이드로봇,15810,5,-155,-0.97,15964.0,-13.9927,70859,1128,3020,2026-08-18 03:26:26
453870,4,TIGER 인도니프티50,11835,5,-100,-0.84,11870.0,-1.9288,39210,465,2965,2026-08-18 03:26:26
433330,4,SOL 미국S&P500,22540,5,-350,-1.53,22606.0,-0.5651,74654,1688,2953,2026-08-18 03:26:26
190620,6,ACE 단기통안채,101885,3,0,0.0,101893.0,0.637,2675,272,2938,2026-08-18 03:26:26
489030,2,PLUS 고배당주위클리커버드콜,6430,2,15,0.23,6434.0,-13.5571,837607,5274,2910,2026-08-18 03:26:26
454780,6,KIWOOM 종합채권(AA-이상)액티브,98940,5,-370,-0.37,98905.0,-1.6344,8,0,2878,2026-08-18 03:26:26
441680,7,TIGER 미국나스닥100커버드콜(합성),10935,5,-90,-0.82,10988.0,-1.7459,111807,1227,2876,2026-08-18 03:26:26
475080,7,KODEX 테슬라커버드콜채권혼합액티브,7890,5,-15,-0.19,7888.0,-6.7692,122058,962,2868,2026-08-18 03:26:26
481190,4,SOL 미국테크TOP10,16915,5,-370,-2.14,17022.0,-8.205,126118,2145,2867,2026-08-18 03:26:26
461490,7,RISE 글로벌자산배분액티브,14800,5,-65,-0.44,14786.0,-2.3325,55693,825,2864,2026-08-18 03:26:26
364970,2,TIGER 바이오TOP10,7670,5,-210,-2.66,7683.0,-0.8182,981390,7591,2853,2026-08-18 03:26:26
307520,2,TIGER 지주회사,22305,5,-195,-0.87,22306.0,-14.4902,243852,5507,2844,2026-08-18 03:26:26
091170,2,KODEX 은행,15995,5,-175,-1.08,16018.0,6.1567,605978,9677,2831,2026-08-18 03:26:26
473330,6,SOL 미국30년국채커버드콜(합성),8095,5,-145,-1.76,8108.0,-6.6687,340534,2758,2825,2026-08-18 03:26:26
273140,6,KODEX 단기변동금리부채권액티브,114560,2,20,0.02,114565.0,0.5553,4218,483,2803,2026-08-18 03:26:26
123320,3,TIGER 레버리지,111700,5,-2835,-2.48,111827.0,-35.5659,221817,26139,2793,2026-08-18 03:26:26
0094K0,6,TIGER 28-04 회사채(A+이상)액티브,99540,5,-50,-0.05,99499.0,0.6417,15059,1499,2775,2026-08-18 03:26:26
136340,6,RISE 중기우량회사채,104235,5,-65,-0.06,104140.0,0.5051,237,24,2768,2026-08-18 03:26:26
0053L0,4,TIGER 차이나휴머노이드로봇,10660,2,145,1.38,10591.0,-22.2189,212344,2280,2766,2026-08-18 03:26:26
421320,2,PLUS 우주항공,29740,5,-1195,-3.86,29741.0,-32.7793,60917,1839,2751,2026-08-18 03:26:26
478150,4,TIME 글로벌우주테크&방산액티브,21370,5,-110,-0.51,21491.0,-7.5135,27250,585,2746,2026-08-18 03:26:26
0162Y0,1,TIME 코스닥액티브,7660,5,-85,-1.1,7684.0,-31.4905,623508,4885,2738,2026-08-18 03:26:26
471040,4,KoAct 글로벌AI&로봇액티브,30100,5,-570,-1.86,30374.0,-13.2514,121578,3687,2724,2026-08-18 03:26:26
471780,2,TIGER 코리아테크액티브,35500,5,-250,-0.7,35532.0,-12.27,110650,4063,2712,2026-08-18 03:26:26
213610,2,KODEX 삼성그룹밸류,22595,5,-400,-1.74,22596.0,-1.7938,16840,388,2689,2026-08-18 03:26:26
497880,6,SOL CD금리&머니마켓액티브,50117,2,7,0.01,50119.0,0.8524,70002,3508,2664,2026-08-18 03:26:26
483340,4,ACE 구글밸류체인액티브,23252,5,-548,-2.3,23612.0,-7.1582,239766,5632,2662,2026-08-18 03:26:26
423170,4,SOL 글로벌AI반도체탑픽액티브,58900,5,-330,-0.56,59341.0,-5.0117,32220,1954,2662,2026-08-18 03:26:26
139230,2,TIGER 200 중공업,13450,5,-370,-2.68,13458.0,-26.6553,84234,1153,2644,2026-08-18 03:26:26
196230,6,RISE 단기통안채,116820,5,-15,-0.01,116826.0,0.6244,1106,129,2642,2026-08-18 03:26:26
0098F0,2,KODEX 원자력SMR,15130,5,-585,-3.72,15146.0,-28.8915,399578,6161,2640,2026-08-18 03:26:26
283580,4,KODEX 차이나CSI300,15840,5,-5,-0.03,15882.0,-8.846,30181,482,2637,2026-08-18 03:26:26
409820,4,KODEX 미국나스닥100레버리지(합성 H),20390,5,-420,-2.02,20725.0,0.7504,115962,2390,2630,2026-08-18 03:26:26
0119H0,6,KODEX 28-12 회사채(AA-이상)액티브,9935,3,0,0.0,9924.0,0.5058,16526,164,2595,2026-08-18 03:26:26
495230,1,KoAct 코리아밸류업액티브,31385,5,-315,-0.99,31383.0,-15.3902,28648,919,2542,2026-08-18 03:26:26
472920,6,HK 종합채권(AA-이상)액티브,97500,5,-395,-0.4,97513.0,-1.3752,318,31,2515,2026-08-18 03:26:26
493810,4,TIGER 미국AI빅테크10타겟데일리커버드콜,11540,5,-260,-2.2,11602.0,-6.0597,95795,1111,2452,2026-08-18 03:26:26
486450,4,SOL 미국AI전력인프라,21025,5,-435,-2.03,21361.0,-15.975,125990,2677,2439,2026-08-18 03:26:26
388420,2,RISE 비메모리반도체액티브,27270,5,-200,-0.73,27287.0,-21.9782,121386,3391,2432,2026-08-18 03:26:26
363580,2,KODEX 200IT TR,56295,5,-1305,-2.27,56339.0,-4.032,155016,9048,2421,2026-08-18 03:26:26
0183V0,7,KIWOOM 삼성전자&SK하이닉스채권혼합50,11715,5,-25,-0.21,11726.0,-1.6372,848772,10151,2402,2026-08-18 03:26:26
0228G0,2,ACE 반도체Plus전략산업,10405,5,-245,-2.3,10425.0,,857774,9211,2393,2026-08-18 03:26:26
245710,4,ACE 베트남VN30(합성),28370,5,-225,-0.79,28703.0,-11.8799,20662,585,2383,2026-08-18 03:26:26
448540,7,ACE 엔비디아채권혼합,26705,5,-165,-0.61,26811.0,-1.7191,13309,356,2377,2026-08-18 03:26:26
414780,4,TIGER 차이나과창판STAR50(합성),15180,2,435,2.95,15309.0,-7.2934,149101,2267,2376,2026-08-18 03:26:26
157500,2,TIGER 증권,12880,5,-460,-3.45,12887.0,-31.3441,599015,7839,2375,2026-08-18 03:26:26
0182S0,7,1Q K반도체TOP2채권혼합50,12370,5,-40,-0.32,12378.0,-3.3866,277187,3497,2369,2026-08-18 03:26:26
261260,7,KODEX 미국달러선물인버스2X,5120,2,50,0.99,5126.0,9.8591,263182,1345,2365,2026-08-18 03:26:26
472160,4,TIGER 미국테크TOP10 INDXX(H),18610,5,-320,-1.69,18729.0,-4.1034,217198,4056,2363,2026-08-18 03:26:26
498270,4,KIWOOM 미국양자컴퓨팅,15685,5,-285,-1.78,15933.0,0.1984,64876,1030,2345,2026-08-18 03:26:26
329650,7,KODEX TRF3070,14170,5,-60,-0.42,14196.0,-1.2097,15589,220,2338,2026-08-18 03:26:26
442320,4,RISE 글로벌원자력,37125,5,-505,-1.34,37481.0,-20.5654,6038,227,2335,2026-08-18 03:26:26
228790,2,TIGER 화장품,4290,5,-135,-3.05,4301.0,8.9901,4218150,18183,2315,2026-08-18 03:26:26
363570,6,KODEX 장기종합채권(AA-이상)액티브,85070,5,-875,-1.02,85346.0,-4.2183,170,14,2314,2026-08-18 03:26:26
466930,2,SOL 자동차TOP3플러스,27960,5,-1025,-3.54,27950.0,-10.0125,304646,8801,2307,2026-08-18 03:26:26
488980,6,SOL 26-12 회사채(AA-이상)액티브,52055,5,-5,-0.01,52065.0,0.6963,330,17,2304,2026-08-18 03:26:26
244580,2,KODEX 바이오,8680,5,-360,-3.98,8698.0,-22.1361,708570,6244,2298,2026-08-18 03:26:26
437080,6,KODEX 미국종합채권ESG액티브(H),96940,5,-485,-0.5,96931.0,-0.462,1711,165,2283,2026-08-18 03:26:26
0092C0,6,SOL 27-12 회사채(AA-이상)액티브,50220,3,0,0.0,50233.0,0.6311,50,2,2272,2026-08-18 03:26:26
463050,2,TIME K바이오액티브,13285,5,-470,-3.42,13324.0,-19.5615,308160,4155,2258,2026-08-18 03:26:26
458260,6,TIGER 미국투자등급회사채액티브(H),46250,5,-310,-0.67,46222.0,-1.0845,1233,57,2257,2026-08-18 03:26:26
0094M0,2,RISE 코리아밸류업위클리고정커버드콜,17870,5,-95,-0.53,17844.0,-9.9976,609223,11047,2252,2026-08-18 03:26:26
452360,4,SOL 미국배당다우존스(H),13430,5,-75,-0.56,13416.0,8.8814,108018,1453,2229,2026-08-18 03:26:26
305080,6,TIGER 미국채10년선물,12550,5,-105,-0.83,12544.0,-5.5598,51761,649,2221,2026-08-18 03:26:26
0151S0,4,KODEX 미국AI반도체TOP3플러스,15925,5,-315,-1.94,16229.0,-2.3059,258867,4175,2214,2026-08-18 03:26:26
302450,1,RISE 코스피,71320,5,-825,-1.14,71283.0,-12.3956,296885,21619,2211,2026-08-18 03:26:26
0104N0,2,TIGER 200타겟위클리커버드콜,20985,5,-255,-1.2,21017.0,-11.8743,103767,2246,2203,2026-08-18 03:26:26
0204D0,2,KODEX 현대차로보틱스밸류체인TOP3플러스,6915,5,-250,-3.49,6909.0,,1254680,8909,2196,2026-08-18 03:26:26
495060,1,TIME 코리아밸류업액티브,28940,5,-265,-0.91,28940.0,-16.1499,61918,1839,2171,2026-08-18 03:26:26
0089D0,2,KODEX 금융고배당TOP10,13260,5,-70,-0.53,13260.0,-0.1333,87736,1164,2148,2026-08-18 03:26:26
267770,3,TIGER 200선물레버리지,84900,5,-2005,-2.31,84936.0,-36.0993,62354,5525,2123,2026-08-18 03:26:26
490090,4,TIGER 미국AI빅테크10,16055,5,-410,-2.49,16155.0,-5.4551,96015,1548,2111,2026-08-18 03:26:26
266160,2,RISE 고배당,32960,5,-390,-1.17,32985.0,-9.5382,19832,671,2109,2026-08-18 03:26:26
422420,2,RISE 2차전지액티브,6575,5,-195,-2.88,6583.0,-34.2982,202211,1352,2109,2026-08-18 03:26:26
433500,2,ACE 원자력TOP10,53800,5,-1875,-3.37,53821.0,-32.343,22481,1234,2098,2026-08-18 03:26:26
0047A0,4,TIGER 차이나테크TOP10,13735,2,245,1.82,13799.0,-11.9165,58188,804,2088,2026-08-18 03:26:26
332930,1,HANARO 200TR,143345,5,-1240,-0.86,142951.0,-11.6877,1945,279,2079,2026-08-18 03:26:26
0115D0,2,KODEX 조선TOP10,8105,5,-305,-3.63,8118.0,-22.1657,1374145,11310,2075,2026-08-18 03:26:26
394670,4,TIGER 글로벌리튬&2차전지SOLACTIVE(합성),11605,5,-60,-0.51,11692.0,-19.7731,9170,107,2056,2026-08-18 03:26:26
480040,4,ACE 미국반도체데일리타겟커버드콜(합성),15665,2,20,0.13,15861.0,-10.9364,214431,3392,2005,2026-08-18 03:26:26
0005A0,4,KODEX 미국S&P500데일리커버드콜OTM,9795,5,-125,-1.26,9772.0,-0.7677,195934,1924,1959,2026-08-18 03:26:26
495550,1,SOL 코리아밸류업TR,33280,5,-400,-1.19,33237.0,-12.1659,24502,832,1947,2026-08-18 03:26:26
0069M0,4,1Q 미국나스닥100,13900,5,-210,-1.49,14001.0,-3.1903,102775,1437,1932,2026-08-18 03:26:26
0192Z0,6,TIGER 중기종합채권(A-이상)액티브,100800,5,-150,-0.15,100820.0,,18,1,1925,2026-08-18 03:26:26
302190,6,TIGER 중장기국채,49910,5,-200,-0.4,49882.0,0.0599,22621,1128,1917,2026-08-18 03:26:26
429000,4,TIGER 미국S&P500배당귀족,13830,5,-200,-1.43,13793.0,5.4969,74328,1029,1909,2026-08-18 03:26:26
0091C0,6,KODEX 미국10년국채액티브(H),9580,5,-40,-0.42,9573.0,-0.5631,37507,359,1907,2026-08-18 03:26:26
433980,7,KODEX TDF2040액티브 적격,16190,5,-130,-0.8,16150.0,-0.887,75557,1227,1894,2026-08-18 03:26:26
122090,1,PLUS 코스피50,81735,5,-630,-0.76,81791.0,-11.2218,39706,3348,1888,2026-08-18 03:26:26
117700,2,KODEX 건설,6565,5,-265,-3.88,6570.0,-24.4371,1362822,9147,1884,2026-08-18 03:26:26
0082V0,7,KODEX TDF2060액티브 적격,11590,5,-75,-0.64,11530.0,-4.4836,123443,1435,1878,2026-08-18 03:26:26
233160,3,TIGER 코스닥150 레버리지,8290,5,-385,-4.44,8313.0,-52.7506,2216526,19141,1861,2026-08-18 03:26:26
473460,4,KODEX 미국서학개미,23715,5,-370,-1.54,24047.0,-13.0835,28373,681,1826,2026-08-18 03:26:26
463290,6,1Q 단기금융채액티브,109130,3,0,0.0,109135.0,0.757,253,27,1802,2026-08-18 03:26:26
0093A0,2,RISE AI반도체TOP10,32310,2,215,0.67,32306.0,-21.1232,76798,2535,1777,2026-08-18 03:26:26
0040X0,7,SOL 팔란티어미국채커버드콜혼합,9615,5,-225,-2.29,9636.0,6.0409,187121,1797,1774,2026-08-18 03:26:26
483290,4,KODEX 미국배당다우존스타겟커버드콜,10545,5,-75,-0.71,10537.0,3.6842,154525,1632,1750,2026-08-18 03:26:26
0005G0,2,IBK K-AI반도체코어테크,50650,5,-570,-1.11,50771.0,-4.281,23096,1212,1747,2026-08-18 03:26:26
200250,4,KIWOOM 인도Nifty50(합성),22090,5,-155,-0.7,22142.0,-2.0907,2527,55,1745,2026-08-18 03:26:26
494330,2,ACE 라이프자산주주가치액티브,33145,5,-240,-0.72,33168.0,7.172,22356,756,1740,2026-08-18 03:26:26
160580,5,TIGER 구리실물,16965,2,340,2.05,17309.0,-3.985,90609,1549,1730,2026-08-18 03:26:26
0190G0,2,KODEX 반도체타겟위클리커버드콜,8750,2,55,0.63,8743.0,-20.3315,508677,4556,1724,2026-08-18 03:26:26
0051G0,4,SOL 미국원자력SMR,14035,5,-280,-1.96,14038.0,-13.5307,18437,259,1719,2026-08-18 03:26:26
0099L0,6,ACE 우량회사채(AA-이상)액티브,99550,5,-45,-0.05,99515.0,0.6925,17965,1788,1706,2026-08-18 03:26:26
490600,4,RISE 미국배당100데일리고정커버드콜,9265,5,-80,-0.86,9248.0,4.2204,158442,1469,1705,2026-08-18 03:26:26
403790,1,MIDAS 코스피액티브,58030,5,-855,-1.45,57873.0,-10.3388,10175,608,1697,2026-08-18 03:26:26
494220,2,UNICORN SK하이닉스밸류체인액티브,47550,2,135,0.28,47547.0,-11.1913,145111,7117,1688,2026-08-18 03:26:26
0180V0,4,ACE 미국우주테크액티브,9010,5,-80,-0.88,9184.0,-28.2558,233657,2138,1685,2026-08-18 03:26:26
472870,6,RISE 미국30년국채엔화노출(합성 H),6945,5,-140,-1.98,6977.0,-8.5155,399784,2781,1684,2026-08-18 03:26:26
461950,2,KODEX 2차전지핵심소재10,4835,5,-170,-3.4,4843.0,-34.9144,628152,3085,1683,2026-08-18 03:26:26
337160,2,KODEX 200ESG,48040,5,-780,-1.6,47978.0,-8.512,33008,1622,1681,2026-08-18 03:26:26
332500,1,ACE 200TR,73070,5,-1020,-1.38,73259.0,-11.6715,28272,2137,1681,2026-08-18 03:26:26
412570,2,TIGER 2차전지TOP10레버리지,1179,5,-81,-6.43,1182.0,-51.5385,6985203,8473,1679,2026-08-18 03:26:26
237370,7,KODEX 코리아배당성장채권혼합,15735,5,-100,-0.63,15727.0,-2.5629,29184,459,1636,2026-08-18 03:26:26
480030,4,ACE 미국500데일리타겟커버드콜(합성),10200,5,-145,-1.4,10207.0,-2.2444,105540,1079,1632,2026-08-18 03:26:26
480020,4,ACE 미국빅테크7+데일리타겟커버드콜(합성),10445,5,-285,-2.66,10525.0,-11.8938,235578,2474,1629,2026-08-18 03:26:26
491820,2,HANARO 전력설비투자,43830,5,-175,-0.4,43916.0,-34.9904,88348,3947,1622,2026-08-18 03:26:26
0048K0,4,KODEX 차이나휴머노이드로봇,9495,2,200,2.15,9511.0,-17.9875,562045,5325,1619,2026-08-18 03:26:26
272560,6,RISE 단기국공채액티브,114790,3,0,0.0,114759.0,0.6444,6426,737,1602,2026-08-18 03:26:26
0064K0,5,KODEX 금액티브,12975,2,125,0.97,12981.0,-12.2568,76790,1001,1595,2026-08-18 03:26:26
143860,2,TIGER 헬스케어,39465,5,-1075,-2.65,39501.0,-11.2717,51688,2057,1594,2026-08-18 03:26:26
354500,1,ACE 코스닥150,14665,5,-315,-2.1,14728.0,-25.1375,182381,2723,1554,2026-08-18 03:26:26
491610,6,1Q CD금리액티브(합성),104725,2,10,0.01,104714.0,0.731,2363,247,1553,2026-08-18 03:26:26
464240,6,KIWOOM 26-09회사채(AA-이상)액티브,52360,5,-5,-0.01,52360.0,0.7486,61,3,1545,2026-08-18 03:26:26
152870,1,파워 200,109905,5,-1260,-1.13,109920.0,-11.7596,646,72,1539,2026-08-18 03:26:26
0151P0,2,RISE 코리아전략산업액티브,15035,5,-80,-0.53,15022.0,-21.362,196304,3029,1526,2026-08-18 03:26:26
0127M0,4,ACE 미국대형가치주액티브,12750,2,15,0.12,12786.0,4.7149,4749,60,1524,2026-08-18 03:26:26
0104H0,7,KoAct 미국나스닥채권혼합50액티브,12020,5,-110,-0.91,12130.0,-7.121,62516,757,1521,2026-08-18 03:26:26
0153K0,2,KODEX 주주환원고배당주,12110,5,-130,-1.06,12124.0,0.346,193274,2345,1502,2026-08-18 03:26:26
219480,4,KODEX 미국S&P500선물(H),33330,5,-315,-0.94,33332.0,3.9388,2423,80,1500,2026-08-18 03:26:26
458210,7,KIWOOM CD금리액티브(합성),110450,5,-15,-0.01,110427.0,0.7249,492,54,1483,2026-08-18 03:26:26
138520,2,TIGER 삼성그룹,36565,5,-835,-2.23,36636.0,-1.579,31792,1188,1470,2026-08-18 03:26:26
486830,6,HANARO 머니마켓액티브,53220,2,10,0.02,53221.0,0.7956,1844,98,1469,2026-08-18 03:26:26
245340,4,TIGER 미국다우존스30,36670,5,-455,-1.23,36672.0,3.1243,6657,244,1467,2026-08-18 03:26:26
457990,2,PLUS 태양광&ESS,37910,5,-905,-2.33,37937.0,-24.1969,396337,15283,1460,2026-08-18 03:26:26
0041E0,4,KODEX 미국S&P500액티브,16765,5,-165,-0.97,16844.0,-5.3808,127036,2136,1442,2026-08-18 03:26:26
481180,4,SOL 미국AI소프트웨어,16115,5,-840,-4.95,16247.0,29.1809,120347,1954,1418,2026-08-18 03:26:26
0005D0,2,SOL 전고체배터리&실리콘음극재,14165,5,-730,-4.9,14192.0,-36.1004,592639,8565,1409,2026-08-18 03:26:26
495330,1,1Q 코리아밸류업,32380,5,-450,-1.37,32365.0,-11.1451,8000,264,1392,2026-08-18 03:26:26
0168K0,2,TIGER 기술이전바이오액티브,6620,5,-230,-3.36,6630.0,-23.2063,862459,5781,1383,2026-08-18 03:26:26
192090,4,TIGER 차이나CSI300,12965,2,10,0.08,13015.0,-9.8783,12756,166,1374,2026-08-18 03:26:26
0176E0,4,RISE 미국AI전력인프라액티브,10995,2,145,1.34,11096.0,-16.5706,19817,220,1363,2026-08-18 03:26:26
451530,6,TIGER 국고채30년스트립액티브,33225,5,-770,-2.27,33280.0,-19.2518,25738,854,1360,2026-08-18 03:26:26
0074K0,2,KoAct K수출핵심기업TOP30액티브,17525,5,-415,-2.31,17537.0,-14.3471,49098,883,1349,2026-08-18 03:26:26
0181B0,4,HANARO 미국AI메모리반도체TOP4+,10915,2,315,2.97,11268.0,3.4651,420389,4709,1348,2026-08-18 03:26:26
0131W0,6,1Q 단기특수은행채액티브,102015,2,10,0.01,102012.0,0.681,14,1,1345,2026-08-18 03:26:26
0184L0,6,PLUS 중기종합채권(A-이상)액티브,100470,5,-120,-0.12,100479.0,0.6906,35,3,1341,2026-08-18 03:26:26
476450,6,KIWOOM 머니마켓액티브,52710,3,0,0.0,52708.0,0.755,1150,60,1336,2026-08-18 03:26:26
304660,6,KODEX 미국30년국채울트라선물(H),7170,5,-95,-1.31,7179.0,-1.8907,16218,116,1334,2026-08-18 03:26:26
476030,4,SOL 미국나스닥100,17600,5,-270,-1.51,17734.0,-2.9782,61353,1086,1329,2026-08-18 03:26:26
271050,5,KODEX WTI원유선물인버스(H),2010,5,-65,-3.13,1999.0,6.6289,969957,1955,1324,2026-08-18 03:26:26
0123G0,4,TIGER 미국AI전력SMR,6845,5,-275,-3.86,6873.0,-16.432,131114,901,1321,2026-08-18 03:26:26
182480,7,TIGER 미국MSCI리츠(합성 H),14005,2,5,0.04,14017.0,3.2886,9285,130,1316,2026-08-18 03:26:26
471760,2,TIGER AI반도체핵심공정,14605,5,-50,-0.34,14624.0,-35.4121,1813036,27220,1314,2026-08-18 03:26:26
325010,2,KODEX 성장주,43580,5,-200,-0.46,43259.0,-13.6404,4354,192,1307,2026-08-18 03:26:26
463680,4,KODEX 미국S&P500테크놀로지,23115,5,-380,-1.62,23152.0,2.2699,22792,531,1306,2026-08-18 03:26:26
139220,2,TIGER 200 건설,7495,5,-205,-2.66,7500.0,-24.3615,345898,2650,1297,2026-08-18 03:26:26
0193G0,1,KoAct 코스피액티브,8465,5,-130,-1.51,8475.0,,228525,1984,1282,2026-08-18 03:26:26
411420,4,KODEX 미국나스닥AI테크액티브,27270,5,-490,-1.77,27478.0,-7.5861,95313,2615,1282,2026-08-18 03:26:26
251340,3,KODEX 코스닥150선물인버스,2365,2,60,2.6,2369.0,15.6547,51468853,119620,1277,2026-08-18 03:26:26
0199C0,2,ACE 고배당주Plus커버드콜액티브,9280,5,-100,-1.07,9229.0,,808855,7563,1271,2026-08-18 03:26:26
488720,7,WON 종합채권(AA-이상)액티브,48345,5,-150,-0.31,48337.0,-1.443,668,32,1265,2026-08-18 03:26:26
448100,1,WON 200,112110,5,-1145,-1.01,112162.0,-11.8778,4248,488,1261,2026-08-18 03:26:26
447620,7,SOL 미국TOP5채권혼합50,15880,5,-150,-0.94,15914.0,-2.3157,91034,1454,1255,2026-08-18 03:26:26
114820,6,TIGER 국채3년,104980,5,-130,-0.12,104962.0,0.6029,1959,205,1249,2026-08-18 03:26:26
367770,2,RISE 수소경제테마,23555,5,-645,-2.67,23579.0,-25.6072,40987,979,1237,2026-08-18 03:26:26
377990,2,TIGER Fn신재생에너지,24720,5,-410,-1.63,24751.0,-32.0962,114460,2886,1236,2026-08-18 03:26:26
0000Y0,6,HK 26-12 회사채(AA-이상)액티브,101735,2,5,0.0,101754.0,0.6231,51,5,1231,2026-08-18 03:26:26
464310,4,TIGER 글로벌AI&로보틱스 INDXX,14720,5,-185,-1.24,14781.0,-15.3847,12548,187,1222,2026-08-18 03:26:26
0080Y0,2,SOL 조선TOP3플러스레버리지,9670,5,-735,-7.06,9697.0,-47.975,486452,4830,1218,2026-08-18 03:26:26
0191W0,6,HANARO 중기종합채권(A-이상)액티브,100880,3,0,0.0,100787.0,,0,0,1211,2026-08-18 03:26:26
399110,4,SOL 미국S&P500ESG,21610,5,-270,-1.23,21630.0,0.8382,8032,174,1210,2026-08-18 03:26:26
0092B0,2,SOL 한국원자력SMR,14855,5,-625,-4.04,14853.0,-30.8775,107912,1642,1203,2026-08-18 03:26:26
328370,1,PLUS 코스피TR,38740,5,-350,-0.9,38666.0,-12.5797,97,3,1201,2026-08-18 03:26:26
464930,4,TIGER 글로벌혁신블루칩TOP10,21495,5,-370,-1.69,21641.0,-2.0386,2991,64,1193,2026-08-18 03:26:26
372330,4,KODEX 차이나항셍테크,7215,5,-55,-0.76,7219.0,-12.4685,17650,129,1190,2026-08-18 03:26:26
488500,4,TIGER 미국S&P500동일가중,13075,5,-205,-1.54,13090.0,4.674,71905,941,1177,2026-08-18 03:26:26
332940,1,HANARO MSCI Korea TR,48980,5,-375,-0.76,48511.0,-11.1282,438,21,1176,2026-08-18 03:26:26
0174B0,7,KoAct 글로벌AI메모리반도체액티브,15125,2,105,0.7,15337.0,-1.0215,112330,1755,1172,2026-08-18 03:26:26
461500,6,HANARO 종합채권(AA-이상)액티브,104335,5,-435,-0.42,104481.0,-1.4486,6,0,1166,2026-08-18 03:26:26
309230,4,ACE 미국WideMoat동일가중,31620,5,-835,-2.57,31711.0,8.2762,13841,439,1164,2026-08-18 03:26:26
0177X0,2,ACE K휴머노이드로봇산업TOP2+,10570,5,-375,-3.43,10558.0,-27.6125,617792,6777,1163,2026-08-18 03:26:26
0000J0,2,PLUS 한화그룹주,29475,5,-575,-1.91,29479.0,-23.6923,100526,2996,1150,2026-08-18 03:26:26
266370,2,KODEX IT,67525,5,-1410,-2.05,67525.0,-8.8343,46100,3219,1148,2026-08-18 03:26:26
319640,4,TIGER 골드선물(H),25950,2,385,1.51,25934.0,-8.6802,9073,236,1142,2026-08-18 03:26:26
0122W0,6,RISE 26-11 회사채(AA-이상)액티브,50940,2,15,0.03,50939.0,0.6224,54,2,1138,2026-08-18 03:26:26
326240,2,RISE IT플러스,44360,5,-630,-1.4,44151.0,-9.7493,2820,127,1136,2026-08-18 03:26:26
469170,2,ACE 포스코그룹포커스,5630,5,-175,-3.01,5636.0,-31.1892,538985,3061,1134,2026-08-18 03:26:26
304940,4,KODEX 미국나스닥100선물(H),32800,5,-295,-0.89,33032.0,1.0997,1890,62,1132,2026-08-18 03:26:26
0135Y0,6,IBK 중기종합채권(AA-이상)액티브,100265,5,-135,-0.13,100270.0,0.5206,2,0,1130,2026-08-18 03:26:26
491230,6,PLUS 국공채머니마켓액티브,52450,3,0,0.0,52442.0,0.8556,2635,138,1128,2026-08-18 03:26:26
0036R0,4,RISE 미국휴머노이드로봇,20130,5,-200,-0.98,20382.0,-7.7564,17427,354,1127,2026-08-18 03:26:26
498180,6,파워 종합채권(AA-이상)액티브,92720,5,-535,-0.57,92717.0,-1.3697,16,1,1123,2026-08-18 03:26:26
168580,4,ACE 중국본토CSI300,35790,2,175,0.49,35958.0,-9.7555,2431,87,1117,2026-08-18 03:26:26
394660,4,TIGER 글로벌자율주행&전기차SOLACTIVE,16780,3,0,0.0,16873.0,-16.1,3937,66,1101,2026-08-18 03:26:26
0137V0,4,KIWOOM 미국S&P500모멘텀,12060,5,-20,-0.17,12212.0,-2.215,135048,1640,1097,2026-08-18 03:26:26
0209D0,2,KODEX 전고체배터리ESS TOP2플러스,7930,5,-260,-3.17,7940.0,,679338,5485,1082,2026-08-18 03:26:26
0052T0,6,1Q 중단기회사채(A-이상)액티브,50625,5,-50,-0.1,50669.0,0.7355,1031,52,1080,2026-08-18 03:26:26
0221V0,6,IBK 초단기채권액티브,100300,2,15,0.01,100302.0,,43,4,1072,2026-08-18 03:26:26
0132K0,7,PLUS 테슬라위클리커버드콜채권혼합,7935,5,-35,-0.44,7981.0,-6.4713,179806,1429,1067,2026-08-18 03:26:26
261270,7,KODEX 미국달러선물인버스,7925,2,55,0.7,7935.0,5.0734,36759,291,1064,2026-08-18 03:26:26
0193M0,6,BNK 27-12 특수채(AAA이상)액티브,50325,2,10,0.02,50361.0,,8,0,1064,2026-08-18 03:26:26
438570,6,SOL 국고채10년,97575,5,-775,-0.79,97617.0,-0.5361,268,26,1063,2026-08-18 03:26:26
455860,2,SOL 2차전지소부장Fn,4460,5,-175,-3.78,4470.0,-35.1749,567776,2582,1061,2026-08-18 03:26:26
496090,1,KIWOOM 코리아밸류업,32600,5,-140,-0.43,32529.0,-11.7326,835,27,1060,2026-08-18 03:26:26
0091M0,6,HANARO 27-06 회사채(AA-이상)액티브,10155,2,5,0.05,10149.0,0.5448,22,0,1059,2026-08-18 03:26:26
465610,4,ACE 미국빅테크TOP7 Plus레버리지(합성),43785,5,-2145,-4.67,44471.0,-7.567,9661,428,1051,2026-08-18 03:26:26
0138Y0,7,PLUS 금채권혼합,9945,2,55,0.56,9958.0,-5.7198,227733,2271,1044,2026-08-18 03:26:26
0142D0,4,TIGER 미국AI데이터센터TOP4Plus,11625,5,-285,-2.39,11940.0,-10.7866,202107,2395,1040,2026-08-18 03:26:26
475280,6,ACE 8월만기자동연장회사채AA-이상액티브,10725,2,5,0.05,10724.0,0.7518,210,2,1033,2026-08-18 03:26:26
465780,6,마이티 26-09 특수채(AAA)액티브,106310,2,25,0.02,106301.0,0.6725,1,0,1024,2026-08-18 03:26:26
0035T0,7,PLUS 글로벌휴머노이드로봇액티브,20950,5,-250,-1.18,20905.0,-16.1061,16706,357,1016,2026-08-18 03:26:26
0085P0,6,ACE 미국10년국채액티브,10020,5,-90,-0.89,9999.0,-5.1644,129029,1293,1012,2026-08-18 03:26:26
476850,1,KoAct 배당성장액티브,21440,5,-330,-1.52,21441.0,-9.3698,71079,1550,1008,2026-08-18 03:26:26
114100,6,RISE 국고채3년,106460,5,-210,-0.2,106481.0,0.6499,392,41,1003,2026-08-18 03:26:26
204480,4,TIGER 차이나CSI300레버리지(합성),26940,2,245,0.92,26996.0,-21.3118,3598,97,1002,2026-08-18 03:26:26
481430,6,RISE 국고채10년액티브,97420,5,-925,-0.94,97551.0,-0.521,106,10,995,2026-08-18 03:26:26
203780,4,TIGER 미국나스닥바이오,34990,5,-5,-0.01,35227.0,6.8549,15774,556,994,2026-08-18 03:26:26
0007N0,1,아이엠에셋 200,109925,5,-780,-0.7,109413.0,-11.5047,73,8,989,2026-08-18 03:26:26
449770,4,KIWOOM 미국S&P500,21590,5,-280,-1.28,21659.0,-0.8544,3318,71,972,2026-08-18 03:26:26
475050,2,ACE KPOP포커스,6620,5,-245,-3.57,6628.0,-24.7259,784662,5244,957,2026-08-18 03:26:26
195980,4,PLUS 신흥국MSCI(합성 H),15205,2,20,0.13,15252.0,-0.1316,12699,194,955,2026-08-18 03:26:26
308620,6,KODEX 미국10년국채선물,11785,5,-105,-0.88,11783.0,-5.259,31076,366,955,2026-08-18 03:26:26
473440,6,ACE 11월만기자동연장회사채AA-이상액티브,10835,2,10,0.09,10839.0,0.604,1403,15,943,2026-08-18 03:26:26
486240,2,DAISHIN343 AI반도체&인프라액티브,29420,5,-25,-0.08,29455.0,-13.7775,8946,271,941,2026-08-18 03:26:26
485690,4,RISE 미국AI밸류체인TOP3Plus,22370,5,-520,-2.27,22702.0,-4.0021,41607,943,940,2026-08-18 03:26:26
433970,7,KODEX TDF2030액티브 적격,14220,5,-80,-0.56,14156.0,-0.5078,13485,191,939,2026-08-18 03:26:26
0162L0,4,KODEX 차이나AI반도체TOP10,14590,2,430,3.04,14644.0,-5.8738,566349,8404,934,2026-08-18 03:26:26
479620,4,SOL 미국AI반도체칩메이커,25935,5,-790,-2.96,26474.0,-3.7111,31245,821,934,2026-08-18 03:26:26
211900,2,KODEX 코리아배당성장,28280,5,-480,-1.67,28299.0,-11.0019,5449,155,933,2026-08-18 03:26:26
468380,6,KODEX iShares미국하이일드액티브,11200,5,-90,-0.8,11201.0,-3.5952,41888,469,932,2026-08-18 03:26:26
454320,2,HANARO CAPEX설비투자iSelect,43040,5,-660,-1.51,43038.0,-26.0638,3501,152,925,2026-08-18 03:26:26
325020,2,KODEX 배당가치,29585,5,-455,-1.51,29600.0,-5.5609,6902,207,917,2026-08-18 03:26:26
143850,4,TIGER 미국S&P500선물(H),77890,5,-790,-1.0,77861.0,3.6217,11824,922,915,2026-08-18 03:26:26
298770,4,KODEX 한국대만IT프리미어,82470,5,-675,-0.81,82294.0,-0.3317,33342,2839,907,2026-08-18 03:26:26
269540,4,PLUS 미국S&P500(H),30220,5,-345,-1.13,30331.0,3.2078,4686,141,907,2026-08-18 03:26:26
453080,4,KIWOOM 미국나스닥100(H),23150,5,-195,-0.84,23317.0,0.9828,11796,274,903,2026-08-18 03:26:26
444490,4,WON 미국S&P500,20700,5,-335,-1.59,20758.0,-0.5203,16265,338,900,2026-08-18 03:26:26
329670,7,KODEX TRF7030,22465,5,-155,-0.69,22471.0,-0.2008,13362,300,899,2026-08-18 03:26:26
359210,1,KODEX 코스피TR,35670,5,-475,-1.31,35699.0,-12.3546,12746,466,892,2026-08-18 03:26:26
495040,1,PLUS 코리아밸류업,32380,5,-150,-0.46,32256.0,-11.8045,2683,89,890,2026-08-18 03:26:26
108450,2,ACE 삼성그룹섹터가중,39975,5,-1030,-2.51,39930.0,-3.3015,6983,287,879,2026-08-18 03:26:26
460960,7,ACE 글로벌인컴TOP10,11380,5,-140,-1.22,11365.0,-1.8037,12351,140,871,2026-08-18 03:26:26
0066W0,5,SOL 국제금,13125,2,125,0.96,13204.0,-12.0434,112639,1486,866,2026-08-18 03:26:26
490480,2,SOL K방산,30970,5,-920,-2.88,30998.0,-17.5863,38773,1215,852,2026-08-18 03:26:26
329660,7,KODEX TRF5050,18065,5,-125,-0.69,18102.0,-0.3023,7942,143,849,2026-08-18 03:26:26
0008T0,2,SOL 화장품TOP3플러스,17135,5,-600,-3.38,17154.0,9.8142,1165882,19981,840,2026-08-18 03:26:26
138530,2,TIGER LG그룹플러스,12590,5,-310,-2.4,12592.0,-6.9936,185300,2377,838,2026-08-18 03:26:26
461460,6,PLUS 국고채10년액티브,51005,5,-405,-0.79,51024.0,-0.5706,119,6,827,2026-08-18 03:26:26
453330,4,RISE 미국S&P500(H),18275,5,-190,-1.03,18326.0,4.5892,16966,310,822,2026-08-18 03:26:26
469060,4,RISE 미국반도체NYSE,37140,5,-135,-0.36,37827.0,-1.816,24296,915,817,2026-08-18 03:26:26
0017Y0,6,1Q 종합채권(AA-이상)액티브,93325,5,-465,-0.5,93283.0,-1.4242,36,3,815,2026-08-18 03:26:26
0057H0,7,PLUS 미국S&P500미국채혼합50액티브,11920,5,-125,-1.04,11939.0,-2.3515,113384,1356,811,2026-08-18 03:26:26
157490,2,TIGER 소프트웨어,8640,5,-375,-4.16,8633.0,-6.5804,163357,1432,810,2026-08-18 03:26:26
412770,4,TIGER 글로벌AI플랫폼액티브,13265,5,-100,-0.75,13262.0,-8.5529,4486,59,808,2026-08-18 03:26:26
364960,2,TIGER BBIG,6630,5,-235,-3.42,6642.0,-13.2112,27977,186,806,2026-08-18 03:26:26
0018C0,2,PLUS 고배당주위클리고정커버드콜,10660,5,-120,-1.11,10696.0,-11.5061,59650,638,805,2026-08-18 03:26:26
337140,2,KODEX 코스피대형주,36480,5,-300,-0.82,36458.0,-12.3578,17280,648,803,2026-08-18 03:26:26
0049M0,4,ACE 미국배당퀄리티+커버드콜액티브,11600,5,-70,-0.6,11618.0,-0.4018,34199,397,800,2026-08-18 03:26:26
495750,1,HANARO 코리아밸류업,32515,5,-290,-0.88,32462.0,-12.7135,210,7,797,2026-08-18 03:26:26
0098N0,2,PLUS 자사주매입고배당주,12900,5,-70,-0.54,12917.0,-1.4557,44419,573,787,2026-08-18 03:26:26
492500,7,1Q 현대차그룹채권(A+이상)&국고통안,51265,5,-25,-0.05,51284.0,0.4406,10514,538,780,2026-08-18 03:26:26
458030,6,WON 국공채머니마켓액티브,54990,2,15,0.03,54981.0,0.6868,220,12,780,2026-08-18 03:26:26
0080X0,7,SOL 미국S&P500미국채혼합50,11250,5,-120,-1.06,11248.0,-2.9865,235616,2656,776,2026-08-18 03:26:26
434960,1,DAISHIN343 K200,110375,5,-565,-0.51,109701.0,-11.8386,559,61,773,2026-08-18 03:26:26
210780,2,TIGER 코스피고배당,23360,5,-205,-0.87,23368.0,-8.8346,7574,177,771,2026-08-18 03:26:26
292190,1,KODEX KRX300,48150,5,-415,-0.85,48132.0,-12.2004,2315,113,770,2026-08-18 03:26:26
365040,1,TIGER AI코리아그로스액티브,36335,5,-410,-1.12,36338.0,-10.049,2722,102,763,2026-08-18 03:26:26
438560,6,SOL 국고채3년,100270,5,-165,-0.16,100295.0,0.7119,138,13,756,2026-08-18 03:26:26
0225V0,4,KODEX 미국CPU반도체TOP10,10760,5,-270,-2.45,11060.0,,321263,3556,753,2026-08-18 03:26:26
441540,2,HANARO Fn조선해운,27865,5,-350,-1.24,27889.0,-18.1581,12633,356,752,2026-08-18 03:26:26
0113D0,4,TIME 글로벌탑픽액티브,12260,5,-170,-1.37,12369.0,-1.2709,81211,998,742,2026-08-18 03:26:26
475310,2,SOL 반도체후공정,26940,2,625,2.38,27008.0,-28.7629,250344,6876,741,2026-08-18 03:26:26
228810,2,TIGER 미디어컨텐츠,3095,5,-130,-4.03,3096.0,-27.6906,312464,976,734,2026-08-18 03:26:26
211560,2,TIGER 배당성장,35435,5,-775,-2.14,35422.0,-10.4055,2657,95,734,2026-08-18 03:26:26
272910,6,ACE 중장기국공채액티브,105915,5,-235,-0.22,105841.0,0.4352,26,2,729,2026-08-18 03:26:26
0190Y0,4,TIGER 구글밸류체인,9140,5,-185,-1.98,9199.0,-9.5834,137123,1262,722,2026-08-18 03:26:26
130730,6,KIWOOM 단기자금,102945,2,5,0.0,102928.0,0.6698,1250,128,721,2026-08-18 03:26:26
266420,2,KODEX 헬스케어,17925,5,-455,-2.48,17935.0,-11.0143,44781,808,717,2026-08-18 03:26:26
0022T0,4,SOL 국제금커버드콜액티브,13540,2,165,1.23,13597.0,-12.0065,66798,910,704,2026-08-18 03:26:26
0098Z0,1,FOCUS 200,93815,2,55,0.06,93054.0,-11.9652,47,4,704,2026-08-18 03:26:26
0102A0,4,TIGER 미국AI소프트웨어TOP4Plus,8355,5,-485,-5.49,8461.0,13.406,77748,655,702,2026-08-18 03:26:26
0197X0,2,SOL SK하이닉스선물단일종목인버스2X,7980,5,-95,-1.18,7992.0,,30038829,215066,698,2026-08-18 03:26:26
475350,4,RISE 버크셔포트폴리오TOP10,14750,5,-210,-1.4,14717.0,2.1872,29053,428,693,2026-08-18 03:26:26
0115E0,2,KODEX 코리아소버린AI,14905,5,-430,-2.8,14923.0,-5.7818,196633,3019,693,2026-08-18 03:26:26
458750,4,TIGER 미국배당다우존스타겟커버드콜1호,13295,5,-85,-0.64,13260.0,3.6235,23789,316,685,2026-08-18 03:26:26
453950,4,TIGER TSMC파운드리밸류체인,35085,5,-585,-1.64,35356.0,1.9288,14114,498,684,2026-08-18 03:26:26
440640,6,ACE 단기채권알파액티브,112565,2,25,0.02,112565.0,0.7835,742,83,680,2026-08-18 03:26:26
277640,2,TIGER 코스피대형주,37720,5,-330,-0.87,37693.0,-11.8404,12856,501,679,2026-08-18 03:26:26
0181L0,4,SOL 미국우주항공TOP10,8205,5,-60,-0.73,8375.0,-28.1929,152078,1263,673,2026-08-18 03:26:26
433880,7,PLUS TDF2060액티브 적격,19055,5,-180,-0.94,18974.0,-2.1753,19260,367,673,2026-08-18 03:26:26
100910,1,KIWOOM KRX100,17205,5,-160,-0.92,17193.0,-11.2865,4089,72,671,2026-08-18 03:26:26
228800,2,TIGER 여행레저,2590,5,-5,-0.19,2593.0,-23.1112,286845,749,670,2026-08-18 03:26:26
491700,1,HK 200,109505,5,-435,-0.4,109801.0,-12.0727,395,44,657,2026-08-18 03:26:26
473640,4,HANARO 글로벌금채굴기업,33600,2,905,2.77,33844.0,-12.5803,20534,695,655,2026-08-18 03:26:26
0036D0,4,TIME 미국배당다우존스액티브,13040,3,0,0.0,13068.0,1.2595,0,0,652,2026-08-18 03:26:26
278620,6,PLUS 단기채권액티브,118965,2,20,0.02,118961.0,0.6856,133,15,652,2026-08-18 03:26:26
0040S0,4,HANARO 글로벌피지컬AI액티브,24840,5,-560,-2.2,25098.0,-9.5764,8118,205,646,2026-08-18 03:26:26
491220,1,PLUS 200TR,129155,5,-1435,-1.1,129373.0,-11.6083,12596,1662,646,2026-08-18 03:26:26
0000D0,7,TIGER 엔비디아미국채커버드콜밸런스(합성),9325,5,-120,-1.27,9297.0,-6.4477,28460,265,639,2026-08-18 03:26:26
0123S0,2,HANARO 26-12 은행채(AA+이상)액티브,10190,2,10,0.1,10179.0,0.6426,416,4,637,2026-08-18 03:26:26
465330,2,RISE 2차전지TOP10,11040,5,-355,-3.12,11055.0,-26.0785,143045,1598,635,2026-08-18 03:26:26
306950,3,KODEX KRX300레버리지,78435,5,-1950,-2.43,78486.0,-36.4998,3388,280,627,2026-08-18 03:26:26
455660,6,ACE 미국하이일드액티브(H),9480,5,-5,-0.05,9470.0,0.8465,16149,152,626,2026-08-18 03:26:26
419890,6,KIWOOM 단기채권ESG액티브,107430,5,-75,-0.07,107446.0,0.6365,1314,141,623,2026-08-18 03:26:26
261070,2,TIGER 코스닥150바이오테크,13400,5,-355,-2.58,13423.0,-21.1296,123296,1673,622,2026-08-18 03:26:26
440910,4,WON 미국우주항공방산,28205,2,50,0.18,28287.0,3.511,8649,244,621,2026-08-18 03:26:26
252400,3,RISE 200선물레버리지,102860,5,-2970,-2.81,102901.0,-35.3947,14110,1522,617,2026-08-18 03:26:26
495940,4,RISE 미국AI테크액티브,19900,5,-360,-1.78,20188.0,-10.1576,22314,451,617,2026-08-18 03:26:26
278240,3,RISE 코스닥150선물레버리지,8440,5,-360,-4.09,8457.0,-53.1167,70261,612,615,2026-08-18 03:26:26
479730,4,TIGER 인도빌리언컨슈머,10405,5,-80,-0.76,10403.0,4.785,3366,35,614,2026-08-18 03:26:26
453640,4,KODEX 미국S&P500헬스케어,14150,5,-250,-1.74,14214.0,9.3386,22289,317,608,2026-08-18 03:26:26
0210E0,2,PLUS 200커버드콜액티브,7505,5,-110,-1.44,7514.0,,179534,1386,608,2026-08-18 03:26:26
275980,4,TIGER 글로벌4차산업혁신기술(합성 H),23930,2,110,0.46,23968.0,0.804,9085,217,608,2026-08-18 03:26:26
476750,6,ACE 미국30년국채엔화노출액티브(H),7460,5,-135,-1.78,7446.0,-8.8151,92488,690,597,2026-08-18 03:26:26
0194T0,2,ACE SK하이닉스단일종목레버리지,8410,2,70,0.84,8464.0,,277449,2568,595,2026-08-18 03:26:26
0111J0,2,HANARO 증권고배당TOP3플러스,13050,5,-510,-3.76,13053.0,-29.209,42422,563,594,2026-08-18 03:26:26
261240,7,KODEX 미국달러선물,14550,5,-60,-0.41,14553.0,-4.2282,44747,651,592,2026-08-18 03:26:26
0194M0,2,ACE 삼성전자단일종목레버리지,11890,5,-490,-3.96,11964.0,,196386,2512,589,2026-08-18 03:26:26
0166S0,2,PLUS K제조업핵심기업액티브,11000,5,-180,-1.61,11022.0,-21.101,46887,529,589,2026-08-18 03:26:26
298340,6,PLUS 국채선물3년,56445,5,-70,-0.12,56424.0,0.8476,33,1,587,2026-08-18 03:26:26
401470,2,KODEX 메타버스액티브,9800,5,-285,-2.83,9793.0,-1.2727,49732,498,583,2026-08-18 03:26:26
0172V0,5,1Q 은액티브,8665,2,65,0.76,8778.0,-29.9104,104051,915,581,2026-08-18 03:26:26
0197W0,2,SOL SK하이닉스단일종목레버리지,8275,2,75,0.91,8304.0,,368705,3309,575,2026-08-18 03:26:26
150460,2,TIGER 중국소비테마,7525,5,-200,-2.59,7502.0,-5.5624,6864,52,573,2026-08-18 03:26:26
428510,4,KODEX 차이나AI테크액티브,26010,2,125,0.48,26020.0,-8.8525,8873,236,572,2026-08-18 03:26:26
0141S0,2,SOL 조선기자재,8690,5,-215,-2.41,8694.0,-29.6048,254033,2240,569,2026-08-18 03:26:26
0185L0,4,TIME 글로벌휴머노이드로봇산업액티브,8195,2,10,0.12,8241.0,,39156,323,565,2026-08-18 03:26:26
455960,6,RISE 미국달러SOFR금리액티브(합성),12345,5,-60,-0.48,12345.0,-3.9861,1179,14,565,2026-08-18 03:26:26
304780,3,HANARO 200선물레버리지,125555,5,-3065,-2.38,125450.0,-35.1126,3938,537,565,2026-08-18 03:26:26
0000Z0,2,RISE 바이오TOP10액티브,9480,5,-350,-3.56,9500.0,-30.2095,158845,1528,564,2026-08-18 03:26:26
225040,4,TIGER 미국S&P500레버리지(합성 H),68515,5,-1455,-2.08,68905.0,7.6958,7182,494,562,2026-08-18 03:26:26
0198A0,2,KIWOOM 코스닥150커버드콜액티브,9195,5,-190,-2.02,9208.0,,459929,4295,556,2026-08-18 03:26:26
0118Z0,4,ACE 미국AI테크핵심산업액티브,9155,5,-330,-3.48,9225.0,-9.3213,17319,160,554,2026-08-18 03:26:26
385590,2,ACE ESG액티브,24080,5,-115,-0.48,23946.0,-6.0571,1825,44,554,2026-08-18 03:26:26
0226A0,7,PLUS SK하이닉스샌디스크채권혼합50,10985,2,255,2.38,11181.0,,327313,3683,549,2026-08-18 03:26:26
0046Y0,4,ACE 미국배당퀄리티,12875,5,-185,-1.42,12896.0,-0.3831,17141,221,547,2026-08-18 03:26:26
445150,2,KODEX 친환경조선해운액티브,29345,5,-570,-1.91,29405.0,-21.8162,3494,103,543,2026-08-18 03:26:26
480310,4,TIGER 글로벌온디바이스AI,19685,5,-525,-2.6,19909.0,-4.8996,23267,462,541,2026-08-18 03:26:26
261220,5,KODEX WTI원유선물(H),23730,2,850,3.72,23739.0,-13.0039,43096,1019,540,2026-08-18 03:26:26
0118S0,4,SOL 미국넥스트테크TOP10액티브,11715,5,-125,-1.06,11929.0,-13.482,40877,488,539,2026-08-18 03:26:26
101280,4,KODEX 일본TOPIX100,31550,5,-90,-0.28,31298.0,2.7318,4945,156,536,2026-08-18 03:26:26
0113P0,6,HK 머니마켓액티브,102295,3,0,0.0,102303.0,0.7435,10,1,530,2026-08-18 03:26:26
114470,6,KIWOOM 국고채3년,107915,5,-145,-0.13,107866.0,0.6645,506,54,529,2026-08-18 03:26:26
442560,7,RISE TDF2040액티브 적격,16700,5,-170,-1.01,16575.0,-1.7015,29432,494,526,2026-08-18 03:26:26
256750,4,KODEX 차이나심천ChiNext(합성),16955,2,175,1.04,16963.0,-13.8825,6244,107,519,2026-08-18 03:26:26
282000,3,RISE 국고채3년선물인버스,114675,2,160,0.14,114674.0,0.2451,2,0,516,2026-08-18 03:26:26
140700,2,KODEX 보험,20630,2,290,1.43,20653.0,14.0793,159631,3307,516,2026-08-18 03:26:26
275300,2,KODEX 우량주,30290,5,-410,-1.34,30282.0,-8.4205,4477,140,515,2026-08-18 03:26:26
0089C0,4,KODEX 미국S&P500변동성확대시커버드콜,11700,5,-130,-1.1,11772.0,-1.0041,727,8,515,2026-08-18 03:26:26
253150,3,PLUS 200선물레버리지,205800,5,-5295,-2.51,205755.0,-35.2212,59258,12903,515,2026-08-18 03:26:26
0132H0,4,KODEX 미국원자력SMR,8855,5,-370,-4.01,8913.0,-18.9011,32303,288,509,2026-08-18 03:26:26
200030,4,KODEX 미국S&P500산업재(합성),45105,5,-200,-0.44,45281.0,1.4215,1454,65,509,2026-08-18 03:26:26
336160,6,RISE 금융채액티브,100220,5,-170,-0.17,100245.0,0.5244,8,0,507,2026-08-18 03:26:26
0041D0,4,KODEX 미국AI소프트웨어TOP10,13150,5,-705,-5.09,13252.0,13.0598,76651,1011,506,2026-08-18 03:26:26
475260,6,ACE 2월만기자동연장회사채AA-이상액티브,10740,3,0,0.0,10736.0,0.6088,0,0,506,2026-08-18 03:26:26
218420,4,KODEX 미국S&P500에너지(합성),20580,2,375,1.86,20522.0,1.891,35767,737,505,2026-08-18 03:26:26
0020H0,4,KoAct 글로벌양자컴퓨팅액티브,23475,5,-465,-1.94,23948.0,-7.6033,29972,717,505,2026-08-18 03:26:26
0139P0,2,ACE 고배당주,13600,5,-280,-2.02,13587.0,-5.6018,12230,167,503,2026-08-18 03:26:26
152500,3,ACE 레버리지,45435,5,-1045,-2.25,45501.0,-35.7079,30357,1464,500,2026-08-18 03:26:26
418670,4,TIGER 글로벌AI사이버보안,17885,5,-1195,-6.26,17862.0,38.0607,74892,1345,494,2026-08-18 03:26:26
123310,3,TIGER 인버스,1138,2,13,1.16,1138.0,-6.0935,4406433,4864,493,2026-08-18 03:26:26
476260,2,HANARO 반도체핵심공정주도주,13125,2,140,1.08,13153.0,-12.6766,244483,3274,492,2026-08-18 03:26:26
287180,4,PLUS 미국나스닥테크,57830,5,-830,-1.41,58177.0,5.513,2195,127,492,2026-08-18 03:26:26
371470,4,TIGER 차이나바이오테크SOLACTIVE,8845,2,65,0.74,8958.0,4.2755,22086,194,485,2026-08-18 03:26:26
360140,2,KODEX 200롱코스닥150숏선물,21995,2,145,0.66,22020.0,13.3886,41401,927,484,2026-08-18 03:26:26
276990,4,KODEX 글로벌로봇(합성),27335,5,-100,-0.36,27459.0,-8.3821,4282,117,484,2026-08-18 03:26:26
461340,4,HANARO 글로벌생성형AI액티브,43790,5,-380,-0.86,44427.0,-6.3799,4411,195,482,2026-08-18 03:26:26
316670,1,KIWOOM 코스닥150,7250,5,-155,-2.09,7278.0,-25.428,92767,686,479,2026-08-18 03:26:26
447430,2,ACE 주주환원가치주액티브,16200,5,-135,-0.83,16186.0,-7.9792,62026,1011,478,2026-08-18 03:26:26
140950,1,파워 코스피100,85260,5,-1185,-1.37,85564.0,-11.4959,678,59,477,2026-08-18 03:26:26
494840,4,TIGER 미국방산TOP10,14000,5,-120,-0.85,13945.0,4.3102,8807,123,476,2026-08-18 03:26:26
442260,1,마이티 다이나믹퀀트액티브,37890,5,-645,-1.67,37946.0,-11.789,1435,55,470,2026-08-18 03:26:26
0178H0,7,IBK 미국AI TOP10국채혼합50,9975,5,-95,-0.94,9980.0,-1.988,9137,91,469,2026-08-18 03:26:26
196030,4,ACE 일본TOPIX레버리지(H),93300,5,-930,-0.99,93302.0,14.8866,21,1,467,2026-08-18 03:26:26
473490,4,KIWOOM 글로벌AI반도체,31040,5,-35,-0.11,31532.0,-4.6896,3100,97,466,2026-08-18 03:26:26
0086B0,2,TIGER 리츠부동산인프라TOP10액티브,9495,5,-165,-1.71,9517.0,-5.8504,12606,120,465,2026-08-18 03:26:26
0220B0,1,DS 코스닥액티브,10300,5,-60,-0.58,10320.0,,173991,1840,464,2026-08-18 03:26:26
442090,2,에셋플러스 코리아대장장이액티브,30340,3,0,0.0,30171.0,-13.041,1494,45,455,2026-08-18 03:26:26
375770,2,KODEX 탄소효율그린뉴딜,24890,5,-145,-0.58,24842.0,-11.3409,761,19,448,2026-08-18 03:26:26
475270,6,ACE 5월만기자동연장회사채AA-이상액티브,10710,3,0,0.0,10717.0,0.6106,20,0,447,2026-08-18 03:26:26
472830,6,RISE 미국30년국채커버드콜(합성),8035,5,-135,-1.65,8024.0,-7.0285,76005,610,446,2026-08-18 03:26:26
473590,4,ACE 미국주식베스트셀러,19385,5,-180,-0.92,19803.0,-23.1993,66726,1296,446,2026-08-18 03:26:26
453650,4,KODEX 미국S&P500금융,19790,5,-355,-1.76,19846.0,8.4816,18213,360,445,2026-08-18 03:26:26
401170,2,RISE 메타버스,11215,5,-535,-4.55,11218.0,9.3023,14502,166,444,2026-08-18 03:26:26
238720,4,ACE 일본Nikkei225(H),49230,5,-880,-1.76,49528.0,10.3866,1140,57,443,2026-08-18 03:26:26
487130,2,KoAct AI인프라액티브,28125,5,-335,-1.18,28161.0,-22.2617,10778,310,436,2026-08-18 03:26:26
305050,1,ACE 코스피,71510,5,-880,-1.22,71458.0,-12.1907,1955,143,429,2026-08-18 03:26:26
261120,7,TIGER 미국달러선물인버스2X,5100,2,55,1.09,5091.0,10.5147,6649,33,428,2026-08-18 03:26:26
0007G0,4,PLUS 글로벌원자력밸류체인,14235,2,10,0.07,14299.0,-14.9732,5739,81,427,2026-08-18 03:26:26
0186S0,7,1Q 코스닥150채권혼합50액티브,8445,5,-125,-1.46,8533.0,-12.7614,459199,3927,426,2026-08-18 03:26:26
440650,6,ACE 미국달러단기채권액티브,11820,5,-70,-0.59,11820.0,-4.0356,25853,305,426,2026-08-18 03:26:26
429760,4,PLUS 미국S&P500,20095,5,-300,-1.47,20147.0,-0.4571,2174,43,422,2026-08-18 03:26:26
139280,2,TIGER 경기방어,12845,5,-200,-1.53,12861.0,-3.5039,15166,195,421,2026-08-18 03:26:26
0100K0,2,KODEX 방산TOP10레버리지,7490,5,-285,-3.67,7548.0,-42.8309,198205,1523,419,2026-08-18 03:26:26
448570,1,FOCUS AI코리아액티브,31055,5,-190,-0.61,30896.0,-7.4223,81,2,419,2026-08-18 03:26:26
0207G0,2,SOL 우주항공밸류체인,7165,5,-330,-4.4,7165.0,,478903,3509,419,2026-08-18 03:26:26
0191M0,6,마이티 5월만기자동연장특수채(AAA)액티브,100635,3,0,0.0,100647.0,,0,0,417,2026-08-18 03:26:26
0141T0,6,SOL 중기종합채권(AA-이상)액티브,50215,5,-95,-0.19,50261.0,0.63,431,21,414,2026-08-18 03:26:26
0189B0,5,TIGER 은액티브,8350,2,70,0.85,8317.0,-29.2913,43953,370,413,2026-08-18 03:26:26
472840,1,IBK 200,108230,5,-1095,-1.0,108388.0,-12.0552,1023,114,406,2026-08-18 03:26:26
139320,5,TIGER 금은선물(H),18395,2,280,1.55,18483.0,-11.288,15210,281,405,2026-08-18 03:26:26
183700,7,RISE 200채권혼합50,96000,5,-125,-0.13,96134.0,-6.134,1437,140,403,2026-08-18 03:26:26
0192L0,2,RISE SK하이닉스단일종목레버리지,8530,2,45,0.53,8612.0,,86689,824,401,2026-08-18 03:26:26
464470,6,PLUS 미국채30년액티브,48415,5,-800,-1.63,48470.0,-6.797,8553,414,399,2026-08-18 03:26:26
147970,2,TIGER 모멘텀,82245,5,-755,-0.91,81812.0,-15.7104,10944,907,395,2026-08-18 03:26:26
491830,4,TIGER 미국AI반도체팹리스,22400,5,-505,-2.2,22791.0,-0.123,37950,858,392,2026-08-18 03:26:26
322410,2,HANARO K고배당,23050,5,-300,-1.28,23067.0,-3.9208,1841,42,392,2026-08-18 03:26:26
475070,4,KoAct 글로벌친환경전력인프라액티브,32490,2,145,0.45,32736.0,-22.9515,3556,116,390,2026-08-18 03:26:26
400970,2,TIGER Fn메타버스,7590,5,-270,-3.44,7591.0,-14.3791,3921,30,387,2026-08-18 03:26:26
275280,2,KODEX 모멘텀주,42800,5,-520,-1.2,42807.0,-11.2028,2210,96,385,2026-08-18 03:26:26
365000,2,TIGER 인터넷TOP10,3795,5,-140,-3.56,3804.0,-19.1992,55786,214,385,2026-08-18 03:26:26
195930,4,TIGER 유로스탁스50(합성 H),24045,5,-150,-0.62,24042.0,12.2217,4004,96,385,2026-08-18 03:26:26
352540,7,KODEX 일본부동산리츠(H),11275,5,-75,-0.66,11332.0,-0.1344,6244,70,383,2026-08-18 03:26:26
449690,4,TIGER 한중반도체(합성),50945,2,700,1.39,51121.0,-8.4874,929,48,382,2026-08-18 03:26:26
0209Z0,2,ACE 코리아AI전력TOP10,7120,5,-120,-1.66,7131.0,,128904,935,377,2026-08-18 03:26:26
456680,4,TIGER 차이나전기차레버리지(합성),7195,2,25,0.35,7209.0,-41.7074,5102,37,376,2026-08-18 03:26:26
498860,2,RISE 코리아금융고배당,16945,5,-295,-1.71,16956.0,-14.318,8055,137,373,2026-08-18 03:26:26
276970,4,KODEX 미국S&P500배당귀족커버드콜(합성 H),7910,2,5,0.06,7907.0,11.4348,7933,62,372,2026-08-18 03:26:26
0112X0,1,마이티 200TR,41005,5,-620,-1.49,40907.0,-10.934,1265,53,369,2026-08-18 03:26:26
292560,7,TIGER 일본엔선물,8195,5,-60,-0.73,8173.0,-5.4952,99513,817,369,2026-08-18 03:26:26
450910,1,SOL 코스닥150,14195,5,-325,-2.24,14280.0,-25.5576,40812,590,363,2026-08-18 03:26:26
381560,2,HANARO Fn전기&수소차,18150,5,-530,-2.84,18158.0,-8.5777,970,17,363,2026-08-18 03:26:26
469050,4,RISE 미국반도체NYSE(H),32990,5,-5,-0.02,33627.0,2.834,13694,456,363,2026-08-18 03:26:26
292770,6,KODEX 국채선물3년인버스,57600,3,0,0.0,57705.0,0.2872,0,0,363,2026-08-18 03:26:26
104530,2,KIWOOM 코리아고배당,17580,5,-395,-2.2,17588.0,-11.7265,8390,148,360,2026-08-18 03:26:26
0154F0,2,WON 초대형IB&금융지주,12190,5,-170,-1.38,12177.0,-13.0496,9336,114,360,2026-08-18 03:26:26
452250,6,ACE 미국30년국채선물레버리지(합성 H),4620,5,-130,-2.74,4639.0,-5.5667,13182,60,358,2026-08-18 03:26:26
385520,2,KODEX 자율주행액티브,16610,5,-540,-3.15,16617.0,-13.2305,15923,271,357,2026-08-18 03:26:26
465660,4,TIGER 일본반도체FACTSET,26380,5,-460,-1.71,26404.0,0.6231,7421,199,356,2026-08-18 03:26:26
352560,7,KODEX 미국부동산리츠(H),12450,5,-150,-1.19,12474.0,2.794,18237,227,355,2026-08-18 03:26:26
153270,1,KIWOOM 코스피100,83995,5,-850,-1.0,84046.0,-11.7838,1996,173,353,2026-08-18 03:26:26
0023B0,4,PLUS 미국양자컴퓨팅TOP10,17190,5,-160,-0.92,17470.0,-10.2896,10152,176,352,2026-08-18 03:26:26
276650,4,RISE 글로벌테크놀로지(합성 H),46680,5,-535,-1.13,46748.0,2.8089,2331,108,350,2026-08-18 03:26:26
322400,2,HANARO e커머스,10450,5,-285,-2.65,10439.0,-10.3175,2030,21,350,2026-08-18 03:26:26
0192M0,2,RISE 삼성전자단일종목레버리지,11960,5,-475,-3.82,12057.0,,26261,341,350,2026-08-18 03:26:26
241390,7,RISE V&S셀렉트밸류채권혼합,15870,5,-75,-0.47,15824.0,-4.4881,1543,24,349,2026-08-18 03:26:26
415920,5,PLUS 글로벌희토류&전략자원생산기업,7555,2,130,1.75,7557.0,-29.0493,63276,480,348,2026-08-18 03:26:26
380340,2,ACE 코리아AI테크핵심산업,28950,5,-895,-3.0,28967.0,5.125,56339,1707,347,2026-08-18 03:26:26
105780,2,RISE 5대그룹주,17300,5,-410,-2.32,17295.0,-9.9645,17569,309,346,2026-08-18 03:26:26
474800,4,KIWOOM 미국원유에너지기업,16085,2,330,2.09,16061.0,1.2344,31328,502,346,2026-08-18 03:26:26
0192T0,2,SOL 코스닥TOP10,7560,5,-210,-2.7,7574.0,,250163,1925,344,2026-08-18 03:26:26
295020,6,RISE 국채선물10년인버스,60945,2,440,0.73,60885.0,1.5866,22,1,343,2026-08-18 03:26:26
174360,4,RISE 중국본토대형주CSI100,24410,2,85,0.35,24536.0,-10.6356,4569,112,342,2026-08-18 03:26:26
407830,4,에셋플러스 글로벌플랫폼액티브,14225,5,-245,-1.69,14298.0,-12.8314,1026,14,341,2026-08-18 03:26:26
496770,4,PLUS 글로벌방산,19500,2,50,0.26,19559.0,10.637,13712,268,341,2026-08-18 03:26:26
465350,3,RISE 2차전지TOP10인버스(합성),17040,2,450,2.71,17133.0,18.9247,54348,912,341,2026-08-18 03:26:26
0155N0,2,HANARO K휴머노이드테마TOP10,8370,5,-305,-3.52,8364.0,-23.3319,113091,982,339,2026-08-18 03:26:26
449780,4,KIWOOM 미국S&P500(H),18805,5,-175,-0.92,18846.0,3.9165,8041,151,338,2026-08-18 03:26:26
459560,4,KODEX 테슬라밸류체인FactSet,22535,5,-175,-0.77,22786.0,-12.4421,3433,78,338,2026-08-18 03:26:26
476690,4,TIGER 글로벌비만치료제TOP2Plus,10710,5,-175,-1.61,10692.0,2.2826,12821,137,337,2026-08-18 03:26:26
099140,4,KODEX 차이나H,21635,5,-10,-0.05,21590.0,-9.2818,1293,28,335,2026-08-18 03:26:26
122260,6,KIWOOM 통안채1년,104095,5,-5,0.0,104065.0,0.6283,5955,619,333,2026-08-18 03:26:26
261140,2,TIGER 우선주,24825,5,-605,-2.38,24803.0,-10.8713,13281,334,333,2026-08-18 03:26:26
468630,6,KODEX iShares미국투자등급회사채액티브,11050,5,-135,-1.21,11037.0,-5.7739,14597,161,333,2026-08-18 03:26:26
138910,5,KODEX 구리선물(H),10060,5,-25,-0.25,10054.0,-0.8358,20907,211,332,2026-08-18 03:26:26
227540,2,TIGER 200 헬스케어,19465,5,-465,-2.33,19475.0,-1.9435,8551,167,331,2026-08-18 03:26:26
256440,4,ACE MSCI인도네시아(합성),5360,2,5,0.09,5446.0,-14.9325,23353,125,327,2026-08-18 03:26:26
395170,2,KODEX Top10동일가중,16210,5,-280,-1.7,16195.0,-17.8472,7787,130,324,2026-08-18 03:26:26
0204S0,1,TIGER 코스닥액티브,6965,5,-120,-1.69,6982.0,,116289,823,323,2026-08-18 03:26:26
266360,2,KODEX K콘텐츠,10090,5,-470,-4.45,10089.0,-11.0363,24203,247,323,2026-08-18 03:26:26
494410,4,PLUS 미국S&P500성장주,14670,5,-180,-1.21,14725.0,-1.9729,1996,29,323,2026-08-18 03:26:26
464920,4,PLUS 일본반도체소부장,25765,5,-765,-2.88,25833.0,0.5305,15249,398,322,2026-08-18 03:26:26
415340,4,KODEX 차이나과창판STAR50(합성),15555,2,365,2.4,15593.0,-5.9443,24055,374,322,2026-08-18 03:26:26
0089B0,7,PLUS 미국나스닥100미국채혼합50,11490,5,-125,-1.08,11539.0,-3.5681,16320,188,322,2026-08-18 03:26:26
0138T0,4,RISE 미국S&P500데일리고정커버드콜,9745,5,-120,-1.22,9779.0,-1.0712,21904,214,322,2026-08-18 03:26:26
459750,4,RISE 글로벌주식분산액티브,18375,5,-275,-1.47,18395.0,-0.6234,3504,65,322,2026-08-18 03:26:26
0085N0,6,ACE 미국10년국채액티브(H),9735,5,-50,-0.51,9732.0,-0.4612,25474,248,321,2026-08-18 03:26:26
245350,4,TIGER 유로스탁스배당30,19990,2,175,0.88,19886.0,2.0702,2423,48,320,2026-08-18 03:26:26
446690,4,KODEX 아시아AI반도체exChina액티브,63515,2,605,0.96,63495.0,-6.0628,24200,1589,318,2026-08-18 03:26:26
450190,4,KODEX 한중반도체(합성),52400,2,1600,3.15,51560.0,-7.5524,1671,87,314,2026-08-18 03:26:26
156080,1,KODEX MSCI Korea,52150,5,-290,-0.55,51885.0,-10.5038,1878,99,313,2026-08-18 03:26:26
139270,2,TIGER 200 금융,16790,5,-85,-0.5,16797.0,-1.7967,20884,351,312,2026-08-18 03:26:26
387270,4,TIGER 글로벌이노베이션액티브,25785,5,-160,-0.62,25975.0,-9.2357,1997,52,312,2026-08-18 03:26:26
275290,2,KODEX 가치주,34275,5,-305,-0.88,34265.0,-8.0263,2462,87,308,2026-08-18 03:26:26
491090,4,KODEX 미국테크TOP3플러스,18135,5,-280,-1.52,18203.0,-5.4359,2777,50,308,2026-08-18 03:26:26
0150K0,2,KoAct 수소전력ESS인프라액티브,10625,5,-325,-2.97,10631.0,-30.9802,34787,377,308,2026-08-18 03:26:26
476070,4,KODEX 글로벌비만치료제TOP2 Plus,11365,5,-220,-1.9,11361.0,3.3375,9535,108,307,2026-08-18 03:26:26
414270,4,ACE 글로벌자율주행액티브,12270,5,-45,-0.37,12292.0,-17.1544,257659,3174,307,2026-08-18 03:26:26
271060,5,KODEX 3대농산물선물(H),8450,2,205,2.49,8480.0,-6.678,39872,336,307,2026-08-18 03:26:26
117460,2,KODEX 에너지화학,14120,5,-175,-1.22,14124.0,-19.377,22292,318,306,2026-08-18 03:26:26
248270,4,TIGER S&P글로벌헬스케어(합성),26870,2,170,0.64,26649.0,6.0575,2760,74,306,2026-08-18 03:26:26
469790,2,KIWOOM 코리아테크TOP10,43685,5,-955,-2.14,43726.0,-4.7118,670,30,306,2026-08-18 03:26:26
426150,6,WON 대한민국국고채액티브,50610,5,-455,-0.89,50688.0,-2.9736,16,0,305,2026-08-18 03:26:26
494340,4,ACE 글로벌AI맞춤형반도체,20300,5,-705,-3.36,20675.0,1.2533,11112,229,305,2026-08-18 03:26:26
0155M0,4,ACE 미국SMR원자력TOP10,7300,5,-310,-4.07,7328.0,-17.863,40524,297,303,2026-08-18 03:26:26
395290,2,HANARO Fn K-POP&미디어,4860,5,-200,-3.95,4864.0,-24.7024,51953,255,301,2026-08-18 03:26:26
0107F0,4,KIWOOM 미국고배당&AI테크,11780,5,-170,-1.42,11834.0,1.0826,7588,89,300,2026-08-18 03:26:26
192720,2,파워 고배당저변동성,58565,5,-895,-1.51,58701.0,-5.8709,2842,168,299,2026-08-18 03:26:26
0203S0,7,WON 삼성전자현대차채권혼합50,8915,5,-130,-1.44,8913.0,,154346,1399,299,2026-08-18 03:26:26
145850,2,TREX 펀더멘탈 200,118750,5,-2280,-1.88,118716.0,-5.6898,26,3,297,2026-08-18 03:26:26
0164G0,4,RISE 차이나AI반도체TOP4Plus,14080,2,410,3.0,14232.0,-7.0701,8030,114,296,2026-08-18 03:26:26
0166N0,1,PLUS 코스닥150액티브,7735,2,15,0.19,7722.0,-34.1297,62498,488,294,2026-08-18 03:26:26
253250,3,KIWOOM 200선물레버리지,101280,5,-2475,-2.39,101381.0,-35.5239,29557,3179,294,2026-08-18 03:26:26
0083S0,4,1Q 미국메디컬AI,9975,5,-370,-3.58,10055.0,5.0874,15860,159,289,2026-08-18 03:26:26
0184E0,7,1Q 200채권혼합50액티브,11035,3,0,0.0,11015.0,-4.5411,94890,1068,287,2026-08-18 03:26:26
289480,3,TIGER 200커버드콜,12460,5,-130,-1.03,12444.0,11.8439,25192,316,287,2026-08-18 03:26:26
223190,2,KODEX 200가치저변동,28545,5,-455,-1.57,28442.0,-7.3872,1004,29,285,2026-08-18 03:26:26
0223R0,4,TIGER 미국테크NYSE100액티브,9900,5,-45,-0.45,10095.0,,60372,606,285,2026-08-18 03:26:26
475380,7,RISE 글로벌리얼티인컴,10645,5,-55,-0.51,10607.0,-6.1357,3946,42,282,2026-08-18 03:26:26
459790,4,KIWOOM 미국성장기업30액티브,20890,5,-290,-1.37,21157.0,-9.9682,354,7,282,2026-08-18 03:26:26
117680,2,KODEX 철강,12150,5,-215,-1.74,12163.0,-29.2392,27353,336,281,2026-08-18 03:26:26
261060,2,TIGER 코스닥150IT,24095,2,195,0.82,23977.0,-22.2132,27481,672,280,2026-08-18 03:26:26
419430,4,KODEX 차이나2차전지MSCI(합성),9980,2,35,0.35,9998.0,-22.0612,1354,13,279,2026-08-18 03:26:26
0137W0,4,KIWOOM 미국S&P500&GOLD,10660,5,-120,-1.11,10701.0,-1.3682,8175,87,277,2026-08-18 03:26:26
261250,7,KODEX 미국달러선물레버리지,16535,5,-200,-1.2,16594.0,-9.2709,52206,866,276,2026-08-18 03:26:26
0218J0,7,RISE 미국우주&로봇TOP2미국채혼합50,9000,5,-145,-1.59,9146.0,,93535,850,275,2026-08-18 03:26:26
437350,6,RISE 미국단기투자등급회사채액티브,12455,5,-80,-0.64,12467.0,-4.386,6167,76,274,2026-08-18 03:26:26
493420,4,SOL 미국배당다우존스2호,13020,5,-90,-0.69,12963.0,3.6931,3950,51,273,2026-08-18 03:26:26
489290,4,WON 미국빌리어네어,15105,5,-555,-3.54,15217.0,-5.0622,5076,77,272,2026-08-18 03:26:26
0198D0,2,1Q SK하이닉스선물단일종목레버리지,8750,2,90,1.04,8792.0,,107224,1040,272,2026-08-18 03:26:26
440340,7,TIGER 글로벌멀티에셋TIF액티브,12325,5,-130,-1.04,12308.0,-2.3974,8176,101,271,2026-08-18 03:26:26
0047R0,4,RISE 팔란티어고정테크100,15480,5,-460,-2.89,15625.0,6.5187,9910,154,271,2026-08-18 03:26:26
0198B0,2,1Q 삼성전자선물단일종목레버리지,12305,5,-495,-3.87,12380.0,,46644,634,269,2026-08-18 03:26:26
245360,4,TIGER 차이나HSCEI,12530,2,90,0.72,12469.0,-9.5061,825,10,269,2026-08-18 03:26:26
0013R0,7,RISE 테슬라미국채타겟커버드콜혼합(합성),7915,5,-105,-1.31,7881.0,-12.0068,10109,80,269,2026-08-18 03:26:26
0103T0,2,1Q K소버린AI,8950,5,-435,-4.64,8956.0,-3.3471,52204,478,269,2026-08-18 03:26:26
0152E0,2,SOL 배당성향탑픽액티브,11040,5,-200,-1.78,11044.0,-8.0646,3090,34,265,2026-08-18 03:26:26
0115C0,4,RISE 미국고배당다우존스TOP10,11210,5,-135,-1.19,11185.0,3.5074,19107,214,263,2026-08-18 03:26:26
167860,6,KIWOOM 국고채10년레버리지,90755,5,-1570,-1.7,90999.0,-1.4675,13,1,263,2026-08-18 03:26:26
252710,3,TIGER 200선물인버스2X,85,2,2,2.41,85.0,-25.8929,115661254,9352,263,2026-08-18 03:26:26
0049K0,7,ACE 미국배당퀄리티채권혼합50,11275,5,-95,-0.84,11266.0,-0.3069,14269,161,259,2026-08-18 03:26:26
461600,6,SOL 미국30년국채액티브(H),8230,5,-110,-1.32,8228.0,-2.2848,2993,24,259,2026-08-18 03:26:26
277540,4,ACE 아시아TOP50,32285,5,-275,-0.84,32302.0,-6.865,1758,57,258,2026-08-18 03:26:26
0097L0,7,KIWOOM 한국고배당&미국AI테크,12860,5,-110,-0.85,12868.0,-4.7468,2150,27,257,2026-08-18 03:26:26
368190,2,HANARO Fn K-뉴딜디지털플러스,8010,5,-325,-3.9,8016.0,-12.5394,1672,13,256,2026-08-18 03:26:26
0206G0,7,1Q 현대차기아채권혼합50,8530,5,-145,-1.67,8531.0,,233529,2003,256,2026-08-18 03:26:26
483570,4,KCGI 미국S&P500 TOP10,15890,5,-410,-2.52,15991.0,-6.5099,3052,48,254,2026-08-18 03:26:26
139250,2,TIGER 200 에너지화학,18130,5,-100,-0.55,18145.0,-11.6318,31632,583,254,2026-08-18 03:26:26
185680,4,KODEX 미국S&P바이오(합성),47665,2,310,0.65,48035.0,8.7121,520,24,254,2026-08-18 03:26:26
496120,1,ACE 코리아밸류업,33780,5,-300,-0.88,33790.0,-9.2297,726,25,253,2026-08-18 03:26:26
411540,1,SOL 200 Top10,17715,5,-300,-1.67,17658.0,-13.7679,13041,236,248,2026-08-18 03:26:26
0093D0,7,KoAct 팔란티어밸류체인액티브,18365,5,-400,-2.13,18587.0,-1.3407,2952,54,248,2026-08-18 03:26:26
225130,4,ACE 골드선물 레버리지(합성 H),49250,2,1230,2.56,49238.0,-17.9917,2112,104,246,2026-08-18 03:26:26
292500,1,SOL KRX300,49210,5,-500,-1.01,49247.0,-11.897,93,4,246,2026-08-18 03:26:26
479850,2,HANARO K-뷰티,18075,5,-575,-3.08,18097.0,5.3672,60849,1101,244,2026-08-18 03:26:26
195970,4,PLUS 선진국MSCI(합성 H),16675,5,-110,-0.66,16697.0,6.2341,3523,58,243,2026-08-18 03:26:26
292160,1,TIGER KRX300,48635,5,-125,-0.26,48334.0,-11.6442,28972,1433,243,2026-08-18 03:26:26
159800,1,마이티 코스피100,86675,5,-510,-0.58,86347.0,-11.4604,22,1,243,2026-08-18 03:26:26
469160,4,ACE 일본반도체,26900,5,-450,-1.65,26894.0,-3.0486,9718,268,242,2026-08-18 03:26:26
280930,4,KODEX 미국러셀2000(H),17275,2,20,0.12,17301.0,6.4466,3368,58,242,2026-08-18 03:26:26
269420,4,KODEX S&P글로벌인프라(합성),22725,5,-195,-0.85,22763.0,-5.776,14480,329,242,2026-08-18 03:26:26
289250,2,TIGER MSCI KOREA ESG유니버설,34885,5,-355,-1.01,34861.0,-9.0301,9985,359,241,2026-08-18 03:26:26
0127R0,4,RISE 미국AI클라우드인프라,18470,5,-270,-1.44,18933.0,2.6372,48580,917,240,2026-08-18 03:26:26
138230,7,KIWOOM 미국달러선물,16480,5,-60,-0.36,16499.0,-4.6412,1395,23,239,2026-08-18 03:26:26
438320,4,TIGER 차이나항셍테크레버리지(합성 H),5430,5,-60,-1.09,5483.0,-19.3833,29396,163,238,2026-08-18 03:26:26
481340,6,RISE 미국30년국채액티브,8665,5,-170,-1.92,8679.0,-7.3053,62940,545,238,2026-08-18 03:26:26
367740,2,HANARO Fn5G산업,43315,5,-585,-1.33,43208.0,-3.0156,2090,92,238,2026-08-18 03:26:26
364690,1,KODEX 혁신기술테마액티브,39460,5,-540,-1.35,39525.0,-10.9277,1424,58,237,2026-08-18 03:26:26
461450,1,KODEX 코스닥글로벌,15760,5,-245,-1.53,15715.0,-20.3534,5974,95,236,2026-08-18 03:26:26
464600,2,SOL 자동차소부장Fn,24800,5,-1150,-4.43,24797.0,-4.9973,10587,271,236,2026-08-18 03:26:26
457690,6,KODEX 33-06 국고채액티브,10440,5,-70,-0.67,10446.0,0.0475,52239,545,235,2026-08-18 03:26:26
388280,2,RISE K엔터&여행레저,7035,5,-195,-2.7,7037.0,-19.5774,3885,27,234,2026-08-18 03:26:26
477730,4,KODEX 인도타타그룹,7755,5,-135,-1.71,7770.0,-0.5667,10249,79,233,2026-08-18 03:26:26
0065G0,4,KODEX 차이나테크TOP10,9120,5,-45,-0.49,9165.0,-14.5878,6945,63,233,2026-08-18 03:26:26
433220,4,에셋플러스 글로벌대장장이액티브,31395,2,75,0.24,31594.0,-12.0843,453,14,232,2026-08-18 03:26:26
442550,7,RISE TDF2030액티브 적격,14885,5,-100,-0.67,14781.0,-1.5317,9462,141,231,2026-08-18 03:26:26
204450,4,KODEX 차이나H레버리지(H),2305,2,20,0.88,2306.0,-14.5795,15110,34,231,2026-08-18 03:26:26
0067V0,4,TIGER 차이나글로벌리더스TOP3+,10420,2,85,0.82,10434.0,-14.6926,1038,10,229,2026-08-18 03:26:26
0144M0,4,KODEX 미국드론UAM TOP10,8300,5,-255,-2.98,8402.0,-8.7467,16498,137,228,2026-08-18 03:26:26
0047P0,4,RISE 테슬라고정테크100,14640,5,-310,-2.07,14723.0,-8.2231,21692,318,227,2026-08-18 03:26:26
300950,2,KODEX 게임산업,5530,5,-210,-3.66,5526.0,-15.4017,74095,412,227,2026-08-18 03:26:26
0186L0,4,KoAct 미국로봇피지컬AI액티브,9795,5,-135,-1.36,9873.0,-9.4392,20531,202,225,2026-08-18 03:26:26
447660,7,PLUS 애플채권혼합,13600,5,-65,-0.48,13624.0,0.0302,31225,424,224,2026-08-18 03:26:26
0190M0,4,KIWOOM 미국AI테크하이베타,9475,2,10,0.11,9713.0,-11.8716,59153,567,223,2026-08-18 03:26:26
376410,2,TIGER 탄소효율그린뉴딜,24700,5,-150,-0.6,24593.0,-10.7679,335,8,222,2026-08-18 03:26:26
375760,2,HANARO 탄소효율그린뉴딜,24645,5,-300,-1.2,24508.0,-10.0714,87,2,222,2026-08-18 03:26:26
471460,6,KIWOOM 국고채30년액티브,44275,5,-725,-1.61,44194.0,-9.5229,2457,108,221,2026-08-18 03:26:26
0026E0,4,KODEX 미국S&P500버퍼3월액티브,11955,5,-55,-0.46,11973.0,-1.9192,38,0,221,2026-08-18 03:26:26
463300,4,RISE 중국본토CSI300,13820,2,170,1.25,13844.0,-9.3542,333,4,221,2026-08-18 03:26:26
0177A0,2,WON 두산그룹포커스,8995,5,-240,-2.6,8993.0,-28.3554,37564,341,220,2026-08-18 03:26:26
0153X0,4,PLUS 미국고배당주액티브,11570,5,-90,-0.77,11545.0,6.7198,27192,314,220,2026-08-18 03:26:26
108590,1,TREX 200,109595,5,-170,-0.15,108468.0,-11.6973,95,10,219,2026-08-18 03:26:26
239660,6,PLUS 우량회사채50,121560,5,-50,-0.04,121570.0,0.6455,1141,138,219,2026-08-18 03:26:26
371450,4,TIGER 글로벌클라우드컴퓨팅INDXX,13995,5,-705,-4.8,14025.0,25.6947,28508,402,218,2026-08-18 03:26:26
253290,7,RISE 헬스케어채권혼합,11905,5,-20,-0.17,11877.0,-3.8131,6301,74,214,2026-08-18 03:26:26
364990,2,TIGER 게임TOP10,4855,5,-230,-4.52,4852.0,-12.3276,65599,321,214,2026-08-18 03:26:26
169950,4,KODEX 차이나A50,26625,2,135,0.51,26652.0,-8.5291,482,12,213,2026-08-18 03:26:26
404260,2,KODEX 기후변화솔루션,23645,5,-525,-2.17,23634.0,-18.239,469,11,213,2026-08-18 03:26:26
416090,4,ACE 중국과창판STAR50,14120,2,360,2.62,14070.0,-6.8382,8366,119,212,2026-08-18 03:26:26
304770,1,HANARO 코스닥150,14495,5,-355,-2.39,14597.0,-25.189,5451,80,212,2026-08-18 03:26:26
300640,2,RISE 게임테마,6455,5,-240,-3.58,6442.0,-10.9708,6706,43,210,2026-08-18 03:26:26
437070,6,KODEX 아시아달러채권ESG플러스액티브,60595,5,-230,-0.38,60583.0,-5.4174,55,3,210,2026-08-18 03:26:26
217770,5,TIGER 원유선물인버스(H),1276,5,-44,-3.33,1266.0,5.3471,310022,397,209,2026-08-18 03:26:26
337120,2,KODEX 멀티팩터,34780,5,-355,-1.01,34585.0,-11.8945,10,0,209,2026-08-18 03:26:26
0223A0,2,RISE 코스닥커버드콜액티브,10905,5,-130,-1.18,10900.0,,348867,3905,207,2026-08-18 03:26:26
091220,2,TIGER 은행,16647,5,-173,-1.03,16641.0,6.665,19065,316,206,2026-08-18 03:26:26
489000,6,PLUS 일본엔화초단기국채(합성),9355,5,-50,-0.53,9360.0,-5.7616,27364,256,206,2026-08-18 03:26:26
417630,2,TIGER KEDI혁신기업ESG30,19585,5,-515,-2.56,19560.0,-6.7502,6222,123,206,2026-08-18 03:26:26
152380,6,KODEX 국채선물10년,64500,5,-430,-0.66,64520.0,-0.5743,854,55,205,2026-08-18 03:26:26
226980,1,KODEX 200 중소형,22700,5,-405,-1.75,22714.0,-20.0803,18188,418,204,2026-08-18 03:26:26
0104P0,2,TIGER 코리아배당다우존스위클리커버드콜,11280,5,-145,-1.27,11267.0,-3.8458,22759,259,203,2026-08-18 03:26:26
497780,4,KoAct 미국천연가스인프라액티브,10940,2,125,1.16,10954.0,-6.7173,10466,114,202,2026-08-18 03:26:26
228820,1,TIGER KTOP30,19200,5,-370,-1.89,19164.0,-7.0494,42893,837,202,2026-08-18 03:26:26
289040,2,KODEX MSCI KOREA ESG유니버설,33545,5,-205,-0.61,33476.0,-9.1101,42,1,201,2026-08-18 03:26:26
0018Z0,4,RISE 미국양자컴퓨팅,19020,5,-295,-1.53,19292.0,-3.9628,3855,74,200,2026-08-18 03:26:26
0192S0,7,SOL 코스피200채권혼합50,9480,5,-45,-0.47,9479.0,,185107,1782,199,2026-08-18 03:26:26
407310,1,HANARO 200 TOP10,17280,5,-400,-2.26,17284.0,-14.3246,3577,62,199,2026-08-18 03:26:26
445910,2,TIGER MKF배당귀족,20850,5,-345,-1.63,20821.0,-9.7108,7920,167,198,2026-08-18 03:26:26
415760,4,SOL 차이나육성산업액티브(합성),14360,2,455,3.27,14507.0,-6.9278,7241,104,195,2026-08-18 03:26:26
213630,4,PLUS 미국다우존스고배당주(합성 H),21000,5,-195,-0.92,21230.0,7.7255,7452,157,193,2026-08-18 03:26:26
449580,7,RISE 테슬라애플아마존채권혼합,16095,5,-105,-0.65,16114.0,-4.9009,4953,79,193,2026-08-18 03:26:26
284980,2,RISE 200금융,22340,5,-55,-0.25,22335.0,-1.2543,1348,30,192,2026-08-18 03:26:26
0203R0,6,WON 중단기종합채권(A-이상)액티브,50435,3,0,0.0,50464.0,,0,0,192,2026-08-18 03:26:26
487950,4,KODEX 대만테크고배당다우존스,13195,5,-395,-2.91,13149.0,3.4087,14403,192,191,2026-08-18 03:26:26
183710,7,RISE 주식혼합,95510,2,1360,1.44,93112.0,-8.2722,284,27,191,2026-08-18 03:26:26
0105D0,2,SOL 한국AI소프트웨어,10035,5,-505,-4.79,10061.0,-4.1383,69914,719,191,2026-08-18 03:26:26
229720,1,KODEX KTOP30,38010,5,-585,-1.52,37983.0,-8.5615,631,24,190,2026-08-18 03:26:26
0224X0,7,1Q 엔비디아알파벳미국채혼합50,9990,5,-125,-1.24,10019.0,,91135,914,190,2026-08-18 03:26:26
304760,1,HANARO KRX300,47310,5,-900,-1.87,47396.0,-12.6706,112,5,189,2026-08-18 03:26:26
483330,4,ACE 마이크로소프트밸류체인액티브,14980,5,-635,-4.07,15058.0,7.1355,31099,468,187,2026-08-18 03:26:26
0193K0,2,PLUS 삼성전자단일종목레버리지,13095,5,-415,-3.07,13107.0,,9832,141,187,2026-08-18 03:26:26
379790,4,RISE 유로스탁스50(H),17760,5,-180,-1.0,17763.0,12.3782,36950,662,186,2026-08-18 03:26:26
468370,6,KODEX iShares미국인플레이션국채액티브,10905,5,-90,-0.82,10900.0,-5.779,34639,378,185,2026-08-18 03:26:26
461910,4,PLUS 미국테크TOP10레버리지(합성),36745,5,-1615,-4.21,37518.0,-17.3187,225,8,184,2026-08-18 03:26:26
236350,4,TIGER 인도니프티50레버리지(합성),29530,5,-565,-1.88,29379.0,-6.3774,2271,67,183,2026-08-18 03:26:26
445690,2,BNK 주주가치액티브,30465,5,-600,-1.93,30380.0,-12.6898,334,10,183,2026-08-18 03:26:26
385600,2,ACE 2차전지&친환경차액티브,12150,5,-410,-3.26,12166.0,-13.3794,10576,131,182,2026-08-18 03:26:26
474920,4,에셋플러스 차이나일등기업포커스10액티브,19320,2,280,1.47,19233.0,4.1006,269,5,182,2026-08-18 03:26:26
227830,1,PLUS 코스피,72480,2,475,0.66,71197.0,-12.2718,1678,123,181,2026-08-18 03:26:26
0216Z0,2,ACE K방산TOP5+,9525,5,-235,-2.41,9535.0,,116288,1126,181,2026-08-18 03:26:26
461900,4,PLUS 미국테크TOP10,22475,5,-480,-2.09,22649.0,-7.2151,4177,94,180,2026-08-18 03:26:26
195920,4,TIGER 일본TOPIX(합성 H),35865,5,-365,-1.01,35927.0,7.3163,1376,49,179,2026-08-18 03:26:26
477490,4,에셋플러스 글로벌일등기업포커스10액티브,19720,5,-165,-0.83,19826.0,-10.104,548,10,177,2026-08-18 03:26:26
419650,4,PLUS 글로벌수소&차세대연료전지,5420,5,-110,-1.99,5369.0,-28.3215,10724,58,176,2026-08-18 03:26:26
276000,4,TIGER 글로벌자원생산기업(합성 H),20705,2,495,2.45,20508.0,-5.0506,283,5,176,2026-08-18 03:26:26
404120,2,TIME K신재생에너지액티브,25080,5,-540,-2.11,25093.0,-17.7,970,24,176,2026-08-18 03:26:26
391670,1,HK 베스트일레븐액티브,29205,2,5,0.02,29120.0,-7.0804,35,1,175,2026-08-18 03:26:26
292050,1,RISE KRX300,49780,5,-330,-0.66,49516.0,-12.0878,1191,61,174,2026-08-18 03:26:26
289260,2,TIGER MSCI KOREA ESG리더스,28880,5,-380,-1.3,28869.0,-4.7682,48111,1423,173,2026-08-18 03:26:26
225060,4,TIGER 이머징마켓MSCI레버리지(합성 H),16330,3,0,0.0,16307.0,-1.21,654,10,173,2026-08-18 03:26:26
460660,4,RISE 미국S&P배당킹,12340,5,-145,-1.16,12313.0,7.9009,17387,215,173,2026-08-18 03:26:26
494420,2,PLUS 미국배당증가성장주데일리커버드콜,9550,5,-145,-1.5,9515.0,3.9225,6284,60,172,2026-08-18 03:26:26
0086C0,7,TIGER 리츠부동산인프라10채권혼합액티브,9820,5,-80,-0.81,9816.0,-1.966,4279,42,172,2026-08-18 03:26:26
280320,4,ACE 미국IT인터넷(합성 H),21480,5,-615,-2.78,21544.0,11.3659,2,0,172,2026-08-18 03:26:26
0104G0,2,PLUS K방산레버리지,7005,5,-355,-4.82,7052.0,-46.7632,155049,1108,172,2026-08-18 03:26:26
465670,4,TIGER 미국캐시카우100,17035,5,-425,-2.43,16880.0,15.1817,52525,896,170,2026-08-18 03:26:26
250730,4,RISE 차이나HSCEI(H),9910,2,170,1.75,9935.0,-7.2381,2821,27,168,2026-08-18 03:26:26
332620,6,PLUS 미국장기우량회사채,89410,5,-1375,-1.51,89366.0,-7.1007,547,48,167,2026-08-18 03:26:26
0207Z0,4,KIWOOM 미국우주데이터센터인프라,7565,5,-80,-1.05,7699.0,,9950,76,166,2026-08-18 03:26:26
488290,4,MIDAS 일본테크액티브,47285,5,-575,-1.2,47536.0,-1.8861,1141,55,165,2026-08-18 03:26:26
131890,2,ACE 삼성그룹동일가중,41015,5,-805,-1.92,40901.0,0.3118,249,10,164,2026-08-18 03:26:26
291130,4,ACE MSCI멕시코(합성),18180,5,-265,-1.44,18205.0,-10.396,360,6,164,2026-08-18 03:26:26
453630,4,KODEX 미국S&P500필수소비재,12545,5,-245,-1.92,12591.0,-3.2138,9256,116,163,2026-08-18 03:26:26
387280,2,TIGER 퓨처모빌리티액티브,12015,5,-345,-2.79,11966.0,-21.2739,2572,31,162,2026-08-18 03:26:26
432840,4,HANARO 미국S&P500,20270,5,-285,-1.39,20330.0,-0.7002,2237,45,162,2026-08-18 03:26:26
219390,4,RISE 미국S&P원유생산기업(합성 H),8090,2,280,3.59,8120.0,5.3981,13848,111,162,2026-08-18 03:26:26
265690,4,ACE 러시아MSCI(합성),8535,3,0,0.0,48.0,0.0,0,0,158,2026-08-18 03:26:26
0220A0,7,KIWOOM 현대차그룹TOP3채권혼합50,9835,5,-160,-1.6,9818.0,,54991,545,157,2026-08-18 03:26:26
453820,4,KODEX 인도Nifty50레버리지(합성),12050,5,-300,-2.43,12097.0,-5.1824,627,7,157,2026-08-18 03:26:26
0090B0,2,PLUS K방산소부장,7090,5,-325,-4.38,7085.0,-41.6372,69875,507,156,2026-08-18 03:26:26
337150,2,KODEX 200exTOP,25980,5,-465,-1.76,25925.0,-12.1166,1190,31,156,2026-08-18 03:26:26
266410,2,KODEX 필수소비재,9660,5,-190,-1.93,9684.0,-4.5779,61790,598,155,2026-08-18 03:26:26
413930,2,WON AI ESG액티브,27950,5,-190,-0.68,27941.0,-12.1449,157,4,154,2026-08-18 03:26:26
0153P0,2,ACE 리츠부동산인프라액티브,9535,5,-100,-1.04,9533.0,-3.0927,998,9,153,2026-08-18 03:26:26
0051A0,4,KoAct 브로드컴밸류체인액티브,25315,5,-355,-1.38,25636.0,-3.8757,5885,149,152,2026-08-18 03:26:26
104520,2,KIWOOM 블루칩,15125,5,-125,-0.82,15093.0,-9.3057,83,1,151,2026-08-18 03:26:26
491510,2,파워 K-주주가치액티브,17780,5,-275,-1.52,17799.0,-9.0577,55,0,151,2026-08-18 03:26:26
114460,6,ACE 국고채3년,100600,5,-130,-0.13,100596.0,0.5678,804,80,151,2026-08-18 03:26:26
130680,5,TIGER 원유선물Enhanced(H),6965,2,210,3.11,6982.0,-11.1769,13304,92,150,2026-08-18 03:26:26
0013P0,4,RISE 미국은행TOP10,13450,5,-55,-0.41,13455.0,14.25,5882,79,148,2026-08-18 03:26:26
453010,7,PLUS KOFR금리,109730,2,15,0.01,109738.0,0.6467,1989,218,147,2026-08-18 03:26:26
102960,2,KODEX 기계장비,13810,5,-390,-2.75,13831.0,-28.3372,3718,52,146,2026-08-18 03:26:26
404650,2,SOL KRX기후변화솔루션,24155,5,-195,-0.8,23631.0,-18.0079,167,4,145,2026-08-18 03:26:26
234310,2,RISE V&S셀렉트밸류,28820,5,-410,-1.4,28766.0,-10.4199,6,0,144,2026-08-18 03:26:26
244620,2,KODEX 모멘텀Plus,20585,5,-90,-0.44,20581.0,-16.7674,1174,24,144,2026-08-18 03:26:26
396510,4,TIGER 차이나클린에너지SOLACTIVE,7775,2,70,0.91,7871.0,-20.3618,36024,280,143,2026-08-18 03:26:26
438900,2,HANARO Fn K-푸드,11440,5,-130,-1.12,11433.0,-6.3815,42243,487,143,2026-08-18 03:26:26
373490,2,KODEX 코리아혁신성장액티브,25890,5,-515,-1.95,25928.0,-23.4416,10236,274,142,2026-08-18 03:26:26
0193L0,2,PLUS 삼성전자선물단일종목인버스2X,9470,2,310,3.38,9469.0,,683429,5968,142,2026-08-18 03:26:26
0004G0,4,1Q 미국배당TOP30,9385,5,-185,-1.93,9370.0,7.476,5523,51,141,2026-08-18 03:26:26
0028X0,4,KODEX 미국금융테크액티브,12170,5,-245,-1.97,12253.0,13.1526,12141,147,140,2026-08-18 03:26:26
417450,4,RISE 글로벌수소경제,16405,5,-305,-1.83,16500.0,-21.8672,1469,24,139,2026-08-18 03:26:26
496130,1,TRUSTON 코리아밸류업액티브,25780,5,-390,-1.49,25747.0,-12.8684,67,1,139,2026-08-18 03:26:26
489860,4,KIWOOM 글로벌전력GRID인프라,16170,2,95,0.59,16139.0,-9.6682,2283,36,137,2026-08-18 03:26:26
0088N0,2,WON K-글로벌수급상위,10980,5,-90,-0.81,10968.0,-25.5799,2697,30,137,2026-08-18 03:26:26
0127T0,4,KIWOOM 미국S&P500&배당다우존스비중전환,11355,5,-140,-1.22,11366.0,0.0852,2295,26,136,2026-08-18 03:26:26
0015F0,7,KIWOOM 팔란티어미국30년국채혼합액티브(H),10410,5,-200,-1.89,10449.0,7.2295,11287,117,135,2026-08-18 03:26:26
0127V0,4,KIWOOM 미국S&P500 TOP10&배당다우비중전환,10825,5,-190,-1.72,10885.0,-4.537,1964,21,135,2026-08-18 03:26:26
472720,1,TRUSTON 주주가치액티브,25970,5,-300,-1.14,25889.0,-14.7632,486,12,135,2026-08-18 03:26:26
280920,2,PLUS 주도업종,24370,5,-85,-0.35,24206.0,-13.2494,636,15,134,2026-08-18 03:26:26
266390,2,KODEX 경기소비재,14890,5,-260,-1.72,14875.0,3.4931,3293,49,134,2026-08-18 03:26:26
0194R0,2,KIWOOM SK하이닉스선물단일종목레버리지,8245,2,110,1.35,8283.0,,58626,534,134,2026-08-18 03:26:26
484890,6,SOL 머니마켓액티브,52480,2,5,0.01,52476.0,0.6907,4429,232,133,2026-08-18 03:26:26
360150,2,KODEX 코스닥150롱코스피200숏선물,3220,5,-25,-0.77,3226.0,-20.6602,170752,536,132,2026-08-18 03:26:26
252650,1,KODEX 200동일가중,18785,5,-305,-1.6,18701.0,-11.1829,8780,165,131,2026-08-18 03:26:26
395760,2,PLUS ESG성장주액티브,21690,5,-60,-0.28,21502.0,-12.4749,124,2,130,2026-08-18 03:26:26
300610,2,TIGER K게임,5405,5,-195,-3.48,5404.0,-11.8111,15827,86,130,2026-08-18 03:26:26
0008E0,4,ACE 미국중심중소형제조업,13645,2,220,1.64,13651.0,-8.7666,3053,41,130,2026-08-18 03:26:26
0222F0,2,마이티 AI데이터센터밸류체인,12950,5,-265,-2.01,12941.0,,10893,144,130,2026-08-18 03:26:26
428560,4,KODEX 미국ETF산업Top10 Indxx,16130,5,-320,-1.95,16150.0,1.695,1680,27,129,2026-08-18 03:26:26
279540,2,KODEX 최소변동성,21450,5,-25,-0.12,21239.0,-13.1849,62,1,129,2026-08-18 03:26:26
435550,7,KIWOOM TDF2050액티브 적격,18295,5,-145,-0.79,18327.0,-3.0043,2507,45,128,2026-08-18 03:26:26
137610,5,TIGER 농산물선물Enhanced(H),5555,2,140,2.59,5569.0,-4.5815,11905,65,128,2026-08-18 03:26:26
176950,6,KODEX 국채선물10년인버스,60715,2,445,0.74,60690.0,1.4902,601,36,128,2026-08-18 03:26:26
290080,3,RISE 200고배당커버드콜ATM,7285,5,-45,-0.61,7256.0,8.4838,16490,118,127,2026-08-18 03:26:26
272570,6,RISE 중장기국공채액티브,107675,5,-315,-0.29,107677.0,0.3204,104,11,127,2026-08-18 03:26:26
435040,4,ACE 글로벌브랜드TOP10,19430,5,-420,-2.12,19475.0,-1.8735,163,3,126,2026-08-18 03:26:26
0208N0,1,IBK 코스피액티브,7620,5,-25,-0.33,7587.0,,4296,33,126,2026-08-18 03:26:26
140580,2,RISE 우량업종대표주,25005,5,-220,-0.87,24916.0,-13.8197,856,21,125,2026-08-18 03:26:26
363510,6,SOL KIS단기통안채,112035,2,5,0.0,112041.0,0.579,13,1,124,2026-08-18 03:26:26
269530,4,PLUS S&P글로벌인프라,20670,2,80,0.39,20834.0,-6.0522,1318,27,124,2026-08-18 03:26:26
453660,4,KODEX 미국S&P500경기소비재,17695,5,-375,-2.08,17755.0,-4.955,397,7,124,2026-08-18 03:26:26
0000H0,2,KODEX 인도Nifty미드캡100,10750,5,-50,-0.46,10765.0,-0.0934,3067,33,124,2026-08-18 03:26:26
269370,4,TIGER S&P글로벌인프라(합성),17630,2,85,0.48,17518.0,-5.8804,226,4,123,2026-08-18 03:26:26
332610,6,PLUS 미국단기회사채(AAA~A),128370,5,-625,-0.48,128512.0,-4.2932,87,11,123,2026-08-18 03:26:26
400570,4,KODEX 유럽탄소배출권선물ICE(H),11155,5,-160,-1.41,11235.0,9.801,388,4,123,2026-08-18 03:26:26
487750,2,BNK 온디바이스AI,30670,5,-70,-0.23,30712.0,-15.2,1251,39,123,2026-08-18 03:26:26
453060,6,HANARO KOFR금리액티브(합성),111280,2,10,0.01,111288.0,0.6695,10,1,122,2026-08-18 03:26:26
0221Z0,2,ACE K바이오코스닥액티브,11050,5,-460,-4.0,11078.0,,350109,3890,122,2026-08-18 03:26:26
485810,4,TIME 글로벌바이오액티브,11030,5,-75,-0.68,11067.0,6.9845,6170,68,121,2026-08-18 03:26:26
251590,2,PLUS 고배당저변동50,17175,5,-255,-1.46,17160.0,-4.8055,1461,25,120,2026-08-18 03:26:26
354240,7,RISE 미국고정배당우선증권,10780,5,-120,-1.1,10745.0,-7.313,1827,19,119,2026-08-18 03:26:26
419420,4,KODEX 미국클린에너지나스닥,9830,5,-90,-0.91,9864.0,-20.5962,1771,17,118,2026-08-18 03:26:26
457700,6,KODEX 53-09 국고채액티브,8900,5,-115,-1.28,8917.0,-8.8013,725,6,117,2026-08-18 03:26:26
448490,6,HANARO 32-10 국고채액티브,52435,5,-580,-1.09,52561.0,-0.3759,34,1,117,2026-08-18 03:26:26
0093B0,4,RISE 엔비디아고정테크100,13030,5,-270,-2.03,13076.0,-2.6658,2732,35,117,2026-08-18 03:26:26
166400,3,TIGER 200커버드콜OTM,23360,5,-165,-0.7,23391.0,2.8146,5357,127,117,2026-08-18 03:26:26
0084E0,7,KIWOOM 미국대형주500월간목표헤지액티브,10530,5,-130,-1.22,10528.0,-3.5283,17,0,116,2026-08-18 03:26:26
0222D0,2,KoAct 고배당액티브,10530,5,-95,-0.89,10532.0,,39672,420,116,2026-08-18 03:26:26
463640,4,KODEX 미국S&P500유틸리티,14415,5,-50,-0.35,14374.0,-6.0279,3034,43,115,2026-08-18 03:26:26
409810,4,KODEX 미국나스닥100선물인버스(H),5475,2,65,1.2,5431.0,-2.2584,64926,354,115,2026-08-18 03:26:26
410870,2,TIME K컬처액티브,9540,5,-305,-3.1,9549.0,-17.7528,4469,43,114,2026-08-18 03:26:26
407820,2,에셋플러스 코리아플랫폼액티브,6340,5,-110,-1.71,6251.0,-24.3402,352,2,114,2026-08-18 03:26:26
464610,2,SOL 의료기기소부장Fn,7605,5,-305,-3.86,7600.0,-17.69,19498,150,114,2026-08-18 03:26:26
371870,4,ACE 차이나항셍테크,7105,5,-75,-1.04,7077.0,-11.7937,10953,79,114,2026-08-18 03:26:26
451150,4,에셋플러스 글로벌영에이지액티브,18230,5,-175,-0.95,18120.0,-1.6039,2,0,113,2026-08-18 03:26:26
446700,2,RISE 배터리 리사이클링,10420,5,-375,-3.47,10413.0,-26.4646,3165,33,113,2026-08-18 03:26:26
461580,1,TIGER 코스닥글로벌,16030,5,-480,-2.91,16043.0,-19.5027,32962,537,112,2026-08-18 03:26:26
451600,6,PLUS 국고채30년액티브,81765,5,-1075,-1.3,81767.0,-10.3173,292,23,112,2026-08-18 03:26:26
430500,7,KIWOOM 물가채KIS,111835,5,-800,-0.71,111748.0,-0.2127,640,71,112,2026-08-18 03:26:26
498050,2,HANARO 바이오코리아액티브,11175,5,-350,-3.04,11189.0,-20.104,14299,162,112,2026-08-18 03:26:26
0094L0,4,RISE 차이나테크TOP10위클리타겟커버드콜,7905,5,-135,-1.68,8029.0,-12.8256,5092,40,111,2026-08-18 03:26:26
385710,2,TIME K이노베이션액티브,10965,5,-330,-2.92,10961.0,-27.2933,907,10,110,2026-08-18 03:26:26
140710,2,KODEX 운송,6405,5,-70,-1.08,6411.0,-9.8283,3321,21,109,2026-08-18 03:26:26
0068M0,4,KODEX 미국S&P500버퍼6월액티브,12070,5,-120,-0.98,12107.0,-0.9039,61,0,109,2026-08-18 03:26:26
0002C0,4,에셋플러스 인도일등기업포커스20액티브,10055,5,-55,-0.54,10050.0,5.8638,53,0,109,2026-08-18 03:26:26
0191S0,1,IBK 코스닥150,14665,5,-320,-2.14,14700.0,,33362,497,109,2026-08-18 03:26:26
0001P0,2,마이티 바이오시밀러&CDMO액티브,9630,5,-440,-4.37,9633.0,-17.5604,683,6,108,2026-08-18 03:26:26
310080,4,RISE 중국MSCI China(H),9325,2,75,0.81,9368.0,-7.6386,1299,12,107,2026-08-18 03:26:26
494180,4,TIME 글로벌소비트렌드액티브,13355,5,-360,-2.62,13440.0,-3.9566,50210,670,107,2026-08-18 03:26:26
0226G0,2,WON 피지컬AI TOP2플러스액티브,13170,5,-175,-1.31,13158.0,,12450,168,105,2026-08-18 03:26:26
140570,2,RISE 수출주,26320,5,-320,-1.2,26231.0,-12.8558,77,2,105,2026-08-18 03:26:26
0194N0,2,KIWOOM 삼성전자선물단일종목레버리지,12010,5,-465,-3.73,12066.0,,21319,284,105,2026-08-18 03:26:26
456250,4,KODEX 유럽명품TOP10 STOXX,9055,5,-270,-2.9,9039.0,1.8306,7891,71,104,2026-08-18 03:26:26
487910,4,ACE 인도컨슈머파워액티브,8670,5,-115,-1.31,8686.0,1.1514,83,0,104,2026-08-18 03:26:26
354350,4,HANARO 글로벌럭셔리S&P(합성),19990,5,-455,-2.23,20067.0,-0.0978,460,9,104,2026-08-18 03:26:26
460270,6,KIWOOM 미국달러SOFR금리액티브(합성),12790,5,-75,-0.58,12799.0,-3.9926,2663,34,104,2026-08-18 03:26:26
181480,7,ACE 미국부동산리츠(합성 H),85980,2,195,0.23,85803.0,1.221,9,0,103,2026-08-18 03:26:26
237440,7,TIGER 경기방어채권혼합,10280,5,-115,-1.11,10333.0,-0.4311,6318,65,103,2026-08-18 03:26:26
429010,4,TIGER 미국나스닥넥스트100,20550,5,-145,-0.7,20602.0,5.2377,166,3,103,2026-08-18 03:26:26
0189Z0,2,DAISHIN343 금융&지주고배당,10195,5,-155,-1.5,10216.0,,639,6,102,2026-08-18 03:26:26
0227K0,4,RISE 미국우주위성통신,10160,5,-40,-0.39,10497.0,,79550,822,102,2026-08-18 03:26:26
0113G0,4,KoAct 미국바이오헬스케어액티브,11280,2,20,0.18,11365.0,9.7465,15515,175,102,2026-08-18 03:26:26
117690,4,TIGER 차이나항셍30,20165,2,195,0.98,20067.0,-9.9234,184,3,101,2026-08-18 03:26:26
0067Y0,4,TIGER 차이나AI소프트웨어,11090,5,-425,-3.69,11003.0,-15.949,39625,440,100,2026-08-18 03:26:26
0120J0,2,BNK 카카오그룹포커스,7960,5,-240,-2.93,7958.0,-13.0435,5355,43,100,2026-08-18 03:26:26
0203D0,7,PLUS 200위클리커버드콜채권혼합,9030,5,-60,-0.66,9029.0,,19523,179,99,2026-08-18 03:26:26
252000,1,TIGER 200동일가중,19850,5,-95,-0.48,19576.0,-11.7469,1250,24,99,2026-08-18 03:26:26
463690,4,KODEX 미국S&P500커뮤니케이션,17895,5,-550,-2.98,18066.0,-8.4188,6197,111,98,2026-08-18 03:26:26
0174R0,4,KIWOOM 미국성장다우존스,11560,5,-215,-1.83,11579.0,-1.7065,1771,20,98,2026-08-18 03:26:26
281990,2,RISE 중소형고배당,17835,5,-320,-1.76,17833.0,-9.506,240,4,98,2026-08-18 03:26:26
0224D0,4,KIWOOM 미국CPU반도체TOP4+,9750,5,-220,-2.21,9939.0,,35834,354,98,2026-08-18 03:26:26
0214M0,2,MIDAS 바이오헬스케어액티브,11400,5,-390,-3.31,11395.0,,4501,52,97,2026-08-18 03:26:26
399580,4,RISE 글로벌클린에너지,9680,5,-175,-1.78,9733.0,-21.8848,1783,17,97,2026-08-18 03:26:26
482030,2,KoAct 반도체&2차전지핵심소재액티브,9195,5,-150,-1.61,9178.0,-32.794,8619,80,97,2026-08-18 03:26:26
449680,7,TIGER 한중전기차(합성),11335,5,-45,-0.4,11277.0,-25.426,203,2,96,2026-08-18 03:26:26
301400,1,PLUS 코스닥150,14660,5,-290,-1.94,14733.0,-25.8065,7658,114,95,2026-08-18 03:26:26
375270,7,RISE 글로벌데이터센터리츠(합성),14625,2,80,0.55,14532.0,-12.3268,400,5,95,2026-08-18 03:26:26
0084D0,7,KIWOOM 미국테크100월간목표헤지액티브,11770,5,-115,-0.97,11796.0,-3.4914,281,3,94,2026-08-18 03:26:26
480460,7,WON 한국부동산TOP3플러스,9355,5,-85,-0.9,9342.0,-4.2635,25,0,94,2026-08-18 03:26:26
371150,4,RISE 차이나항셍테크,7080,5,-40,-0.56,7059.0,-12.2107,6915,49,92,2026-08-18 03:26:26
341850,7,TIGER 리츠부동산인프라채권,4595,5,-50,-1.08,4599.0,-0.6094,4599,21,92,2026-08-18 03:26:26
139240,2,TIGER 200 철강소재,10905,5,-145,-1.31,10885.0,-27.3744,5075,56,92,2026-08-18 03:26:26
0133E0,4,TIGER 차이나증권,8715,5,-50,-0.57,8773.0,-4.4166,415,3,92,2026-08-18 03:26:26
497510,4,ACE 글로벌빅파마,13025,5,-85,-0.65,13020.0,4.829,1562,20,91,2026-08-18 03:26:26
0215T0,4,HANARO 미국AI광통신TOP10,10120,2,420,4.33,10530.0,,61806,646,91,2026-08-18 03:26:26
0216K0,7,KIWOOM 미국우주테크TOP2채권혼합50,9050,5,-20,-0.22,9210.0,,61447,563,91,2026-08-18 03:26:26
0219B0,2,KoAct 광통신&위성네트워크액티브,11310,5,-235,-2.04,11330.0,,32783,377,90,2026-08-18 03:26:26
429980,7,SOL 한국형글로벌전기차&2차전지액티브,17945,2,70,0.39,17909.0,-16.1586,203,3,90,2026-08-18 03:26:26
230480,7,KIWOOM 미국달러선물인버스2X,4450,2,25,0.56,4455.0,10.3491,4382,19,89,2026-08-18 03:26:26
0219Z0,4,HANARO 미국S&P500액티브,11110,2,95,0.86,11354.0,,4977,56,89,2026-08-18 03:26:26
435540,7,KIWOOM TDF2040액티브 적격,17730,5,-130,-0.73,17747.0,-3.0411,3323,59,89,2026-08-18 03:26:26
395150,2,KODEX 웹툰&드라마,1845,5,-80,-4.16,1845.0,-18.9474,53110,99,89,2026-08-18 03:26:26
174350,2,TIGER 로우볼,21040,5,-265,-1.24,21037.0,1.6879,3047,64,88,2026-08-18 03:26:26
215620,2,HK S&P코리아로우볼,16355,3,0,0.0,16056.0,-6.5963,0,0,88,2026-08-18 03:26:26
381570,2,HANARO Fn친환경에너지,10180,5,-155,-1.5,10155.0,-30.1218,2688,27,87,2026-08-18 03:26:26
105010,4,TIGER 라틴35,6155,5,-5,-0.08,6195.0,-11.7092,3709,22,86,2026-08-18 03:26:26
497520,4,ACE 일라이릴리밸류체인,13180,5,-160,-1.2,13189.0,10.1568,11220,147,86,2026-08-18 03:26:26
457930,2,BNK 미래전략기술액티브,28490,5,-455,-1.57,28173.0,-19.1368,15,0,85,2026-08-18 03:26:26
270800,2,RISE KQ고배당,15510,5,-415,-2.61,15445.0,-14.1849,74,1,85,2026-08-18 03:26:26
395280,2,HANARO Fn K-게임,3610,5,-140,-3.73,3607.0,-11.1375,24275,88,85,2026-08-18 03:26:26
0218K0,2,BNK 스마트카,11305,5,-460,-3.91,11259.0,,69,0,85,2026-08-18 03:26:26
395750,2,PLUS ESG가치주액티브,20980,3,0,0.0,20723.0,-10.4567,4,0,84,2026-08-18 03:26:26
462340,4,에셋플러스 글로벌다이나믹시니어액티브,16730,5,-385,-2.25,16775.0,5.1289,41,0,84,2026-08-18 03:26:26
466810,2,BNK 2차전지양극재,5765,5,-185,-3.11,5758.0,-28.2268,35772,210,84,2026-08-18 03:26:26
404540,2,TIGER KRX기후변화솔루션,23880,5,-580,-2.37,23765.0,-17.3479,14493,354,84,2026-08-18 03:26:26
182490,6,TIGER 단기선진하이일드(합성 H),13900,2,45,0.32,13868.0,0.3985,355,4,83,2026-08-18 03:26:26
0172Y0,2,ACE K수출핵심TOP10산업액티브,9790,5,-155,-1.56,9788.0,-17.3317,4307,43,83,2026-08-18 03:26:26
261110,7,TIGER 미국달러선물레버리지,16590,5,-215,-1.28,16633.0,-9.0639,1701,28,83,2026-08-18 03:26:26
0138D0,2,RISE 동학개미,12750,5,-85,-0.66,12713.0,-29.5748,1309,17,83,2026-08-18 03:26:26
0082F0,4,HANARO 유럽방산,11780,2,170,1.46,11756.0,13.5452,365,4,82,2026-08-18 03:26:26
487920,4,ACE 인도시장대표BIG5그룹액티브,8215,5,-100,-1.2,8235.0,-1.6559,531,4,82,2026-08-18 03:26:26
256450,4,PLUS 심천차이넥스트(합성),16365,2,355,2.22,16536.0,-14.8857,102,1,82,2026-08-18 03:26:26
0226D0,7,FOCUS 금융반도체지주채권혼합50액티브,10180,2,5,0.05,10131.0,,12092,124,81,2026-08-18 03:26:26
253280,2,RISE 헬스케어,13550,5,-350,-2.52,13554.0,-13.6378,574,7,81,2026-08-18 03:26:26
217780,4,TIGER 차이나CSI300인버스(합성),5235,5,-35,-0.66,5281.0,8.6597,29,0,81,2026-08-18 03:26:26
0184N0,7,PLUS 은채권혼합,8895,2,65,0.74,8940.0,-15.462,17026,151,80,2026-08-18 03:26:26
225800,7,KIWOOM 미국달러선물레버리지,15635,5,-195,-1.23,15652.0,-9.3097,52,0,80,2026-08-18 03:26:26
189400,4,PLUS 글로벌MSCI(합성 H),26190,5,-60,-0.23,26146.0,3.5707,2445,64,79,2026-08-18 03:26:26
0166T0,4,PLUS 글로벌저작권핵심기업액티브,9820,5,-125,-1.26,9920.0,-4.1446,38,0,79,2026-08-18 03:26:26
285690,2,FOCUS ESG리더스,22400,2,145,0.65,21877.0,-10.0627,8,0,78,2026-08-18 03:26:26
494210,4,SOL 미국500타겟데일리커버드콜액티브,11200,5,-180,-1.58,11224.0,-0.5116,12157,136,78,2026-08-18 03:26:26
435530,7,KIWOOM TDF2030액티브 적격,15650,5,-115,-0.73,15672.0,-3.4421,2485,39,78,2026-08-18 03:26:26
438740,2,MIDAS 중소형액티브,34615,2,220,0.64,33957.0,-16.0381,112,3,78,2026-08-18 03:26:26
0094X0,4,1Q 샤오미밸류체인액티브,8640,2,30,0.35,8677.0,-16.4472,4665,41,78,2026-08-18 03:26:26
225050,4,TIGER 유로스탁스레버리지(합성 H),17080,5,-90,-0.52,17238.0,22.2499,664,11,77,2026-08-18 03:26:26
390400,4,KODEX 미국스마트모빌리티S&P,7640,5,-135,-1.74,7759.0,-8.9954,1780,13,76,2026-08-18 03:26:26
488480,4,RISE 일본섹터TOP4Plus,13770,5,-35,-0.25,13729.0,-2.952,4338,59,76,2026-08-18 03:26:26
227570,2,TIGER 우량가치,20970,5,-295,-1.39,20962.0,-10.8573,4854,102,75,2026-08-18 03:26:26
450180,7,KODEX 한중전기차(합성),11590,5,-215,-1.82,11578.0,-25.3557,178,2,75,2026-08-18 03:26:26
402460,2,HANARO Fn K-메타버스MZ,15055,5,-335,-2.18,15056.0,9.4693,1099,16,75,2026-08-18 03:26:26
304670,6,KODEX 미국30년국채울트라선물인버스(H),12530,2,150,1.21,12535.0,2.8666,40,0,75,2026-08-18 03:26:26
0005C0,6,RISE 미국S&P500엔화노출(합성 H),11505,5,-165,-1.41,11523.0,-0.8918,575,6,75,2026-08-18 03:26:26
0184V0,2,UNICORN K바이오액티브,6465,5,-270,-4.01,6459.0,-29.9168,33127,217,74,2026-08-18 03:26:26
0047N0,4,PLUS 차이나AI테크TOP10,10575,2,70,0.67,10586.0,-11.3128,959,10,74,2026-08-18 03:26:26
326230,2,RISE 내수주플러스,11437,5,-103,-0.89,11399.0,-10.4038,611,7,73,2026-08-18 03:26:26
437370,4,RISE 글로벌농업경제,10445,5,-15,-0.14,10442.0,-6.6009,3039,31,73,2026-08-18 03:26:26
368680,2,KODEX K-뉴딜디지털플러스,8100,5,-185,-2.23,8075.0,-13.8156,168,1,73,2026-08-18 03:26:26
139660,7,KIWOOM 미국달러선물인버스,8220,2,20,0.24,8228.0,4.9264,299,2,72,2026-08-18 03:26:26
400590,4,SOL 글로벌탄소배출권선물ICE(합성),14235,5,-70,-0.49,14261.0,3.2851,518,7,71,2026-08-18 03:26:26
139290,2,TIGER 200 경기소비재,27235,5,-735,-2.63,27096.0,-18.6801,2663,74,71,2026-08-18 03:26:26
0176P0,2,FOCUS AI반도체위클리고정커버드콜,12870,2,40,0.31,12827.0,-11.1619,7973,105,71,2026-08-18 03:26:26
0036Z0,4,RISE 미국천연가스밸류체인,12835,2,125,0.98,12770.0,-3.5566,279,3,71,2026-08-18 03:26:26
244670,2,KODEX 밸류Plus,11560,5,-220,-1.87,11513.0,-10.2259,55,0,69,2026-08-18 03:26:26
429740,7,PLUS K리츠,6195,5,-150,-2.36,6200.0,-3.8473,931,5,68,2026-08-18 03:26:26
250780,3,TIGER 코스닥150선물인버스,2380,2,55,2.37,2376.0,15.6716,345760,809,68,2026-08-18 03:26:26
456200,6,PLUS 미국달러SOFR금리액티브(합성),61150,5,-220,-0.36,61027.0,-4.1319,14,0,67,2026-08-18 03:26:26
0102X0,4,ACE 유럽방산TOP10,10330,2,165,1.62,10391.0,8.9466,1666,17,67,2026-08-18 03:26:26
316300,7,ACE 싱가포르리츠,13210,5,-165,-1.23,13326.0,-3.7319,605,8,66,2026-08-18 03:26:26
315270,2,TIGER 200커뮤니케이션서비스,20555,5,-475,-2.26,20531.0,-7.9104,4115,85,66,2026-08-18 03:26:26
307510,2,TIGER 의료기기,12940,5,-560,-4.15,12928.0,-23.1513,6083,79,65,2026-08-18 03:26:26
219900,4,ACE 중국본토CSI300레버리지(합성),4585,2,60,1.33,4600.0,-21.1673,1036,4,64,2026-08-18 03:26:26
0087F0,4,ACE 차이나AI빅테크TOP2+액티브,12770,2,195,1.55,12732.0,-8.5122,1017,13,64,2026-08-18 03:26:26
291890,4,KODEX MSCI EM선물(H),12405,2,110,0.89,12265.0,-1.0065,76,0,62,2026-08-18 03:26:26
0114X0,4,RISE 글로벌게임테크TOP3Plus,8845,5,-150,-1.67,8852.0,7.5956,461,4,62,2026-08-18 03:26:26
0191B0,1,MIDAS 코스닥액티브,30470,2,400,1.33,30432.0,,405,12,61,2026-08-18 03:26:26
138920,5,KODEX 콩선물(H),12100,2,300,2.54,12142.0,-4.5694,777,9,61,2026-08-18 03:26:26
433250,1,UNICORN R&D 액티브,24005,5,-505,-2.06,23946.0,-12.8844,124,3,60,2026-08-18 03:26:26
407300,2,HANARO Fn골프테마,10850,5,-65,-0.6,10677.0,-21.7883,3,0,60,2026-08-18 03:26:26
0053M0,2,더제이 중소형포커스액티브,13255,5,-240,-1.78,13227.0,-17.056,3853,51,60,2026-08-18 03:26:26
413220,4,SOL 차이나태양광CSI(합성),4935,2,95,1.96,4962.0,-28.7188,1300,6,59,2026-08-18 03:26:26
314700,2,HANARO 농업융복합산업,10735,5,-170,-1.56,10770.0,-20.0467,4703,50,59,2026-08-18 03:26:26
469530,3,RISE 미국달러선물인버스,9195,2,25,0.27,9210.0,5.5843,6,0,59,2026-08-18 03:26:26
483020,2,KIWOOM 의료AI,9680,5,-305,-3.05,9682.0,-19.0843,3938,38,58,2026-08-18 03:26:26
401590,4,HANARO 글로벌탄소배출권선물ICE(합성),11355,5,-135,-1.17,11382.0,3.0955,403,4,58,2026-08-18 03:26:26
289670,6,PLUS 국채선물10년,51695,5,-395,-0.76,51732.0,-0.4397,332,17,58,2026-08-18 03:26:26
470310,2,UNICORN 생성형AI강소기업액티브,19210,5,-790,-3.95,19212.0,10.2232,26466,524,58,2026-08-18 03:26:26
400580,4,SOL 유럽탄소배출권선물S&P(H),11460,5,-170,-1.46,11560.0,9.5103,29,0,57,2026-08-18 03:26:26
451670,6,RISE 국채30년레버리지(합성),11325,5,-510,-4.31,11427.0,-21.4405,451,5,57,2026-08-18 03:26:26
220130,4,SOL 차이나강소기업CSI500(합성 H),7060,2,110,1.58,7092.0,-7.4568,1133,7,56,2026-08-18 03:26:26
488200,2,KIWOOM K-2차전지북미공급망,12550,5,-390,-3.01,12552.0,-25.2763,8865,113,56,2026-08-18 03:26:26
267450,6,RISE 미국장기국채선물인버스(H),11190,2,10,0.09,11235.0,2.6629,2,0,56,2026-08-18 03:26:26
499150,4,SOL 미국S&P500엔화노출(H),11110,5,-140,-1.24,11139.0,-2.5897,448,5,56,2026-08-18 03:26:26
476310,4,RISE 글로벌비만산업TOP2+,10060,5,-195,-1.9,10127.0,3.1745,210,2,55,2026-08-18 03:26:26
432600,6,RISE 국채선물3년,55220,5,-95,-0.17,55244.0,0.8569,2,0,55,2026-08-18 03:26:26
291630,3,KIWOOM 코스닥150선물레버리지,3780,5,-140,-3.57,3786.0,-52.6284,54809,213,55,2026-08-18 03:26:26
0174J0,7,DAISHIN343 오피스리츠플러스,8925,5,-95,-1.05,8890.0,-3.1408,11,0,54,2026-08-18 03:26:26
483030,4,KIWOOM 미국블록버스터바이오테크의약품+,11890,5,-25,-0.21,11914.0,4.6262,1813,21,54,2026-08-18 03:26:26
490330,4,KoAct 미국치매&뇌질환치료제액티브,15285,2,5,0.03,15294.0,11.0061,1565,23,53,2026-08-18 03:26:26
321410,7,KODEX 멀티에셋하이인컴(H),10690,2,35,0.33,10695.0,0.665,2,0,53,2026-08-18 03:26:26
411860,4,KIWOOM 독일DAX,17575,5,-80,-0.45,17588.0,1.8744,286,5,53,2026-08-18 03:26:26
0015E0,7,KIWOOM 엔비디아미국30년국채혼합액티브(H),10520,5,-85,-0.8,10547.0,-1.6597,1767,18,53,2026-08-18 03:26:26
474390,6,SOL 국고채30년액티브,39020,5,-940,-2.35,39255.0,-10.2326,24,0,52,2026-08-18 03:26:26
261920,4,ACE MSCI필리핀(합성),12985,5,-140,-1.07,12953.0,-0.7937,504,6,52,2026-08-18 03:26:26
0132D0,7,KoAct 글로벌K컬처밸류체인액티브,9435,5,-80,-0.84,9479.0,-6.5325,9342,88,52,2026-08-18 03:26:26
0073X0,5,FOCUS 알리바바미국채커버드콜혼합,9360,5,-75,-0.79,9337.0,-9.2464,136,1,51,2026-08-18 03:26:26
295000,6,RISE 국채선물10년,51005,5,-380,-0.74,51060.0,-0.5516,13,0,51,2026-08-18 03:26:26
498610,4,RISE 인도디지털성장,8465,5,-180,-2.08,8479.0,8.8933,82,0,51,2026-08-18 03:26:26
0128D0,4,PLUS 차이나항셍테크위클리타겟커버드콜,7215,5,-100,-1.37,7227.0,-11.3102,2944,21,51,2026-08-18 03:26:26
0078V0,4,PLUS 미국로보택시,10005,5,-50,-0.5,10023.0,-15.646,402,4,50,2026-08-18 03:26:26
391600,4,ACE 미국친환경그린테마,10965,5,-105,-0.95,11020.0,-12.869,344,3,49,2026-08-18 03:26:26
0154H0,4,KoAct 차이나바이오헬스케어액티브,8955,2,80,0.9,9023.0,-1.3889,2234,19,49,2026-08-18 03:26:26
0015K0,4,TIGER 미국소비트렌드액티브,7210,5,-160,-2.17,7237.0,-2.0599,9940,71,49,2026-08-18 03:26:26
267440,6,RISE 미국장기국채선물(H),8005,5,-100,-1.23,8009.0,-0.9774,337,2,48,2026-08-18 03:26:26
266550,2,PLUS 중형주저변동50,18935,3,0,0.0,18597.0,-9.2065,1,0,47,2026-08-18 03:26:26
243890,2,TIGER 200에너지화학레버리지,8945,5,-125,-1.38,8921.0,-30.869,21115,193,47,2026-08-18 03:26:26
244660,2,KODEX 퀄리티Plus,9330,5,-245,-2.56,9311.0,-7.5441,923,8,47,2026-08-18 03:26:26
0131A0,4,SOL 차이나소비트렌드,7700,5,-140,-1.79,7729.0,-18.6722,937,7,46,2026-08-18 03:26:26
373790,4,KIWOOM 미국방어배당성장나스닥,15970,5,-310,-1.9,16040.0,2.2101,94,1,45,2026-08-18 03:26:26
488210,2,KIWOOM K-반도체북미공급망,22335,2,170,0.77,22291.0,-23.4981,858,19,45,2026-08-18 03:26:26
252420,3,RISE 200선물인버스2X,83,2,3,3.75,82.0,-25.2337,2166762,167,44,2026-08-18 03:26:26
205720,4,ACE 일본TOPIX인버스(합성 H),1433,2,10,0.7,1435.0,-7.8368,5624,8,43,2026-08-18 03:26:26
227550,2,TIGER 200 산업재,12485,5,-95,-0.76,12424.0,-20.0763,8765,109,42,2026-08-18 03:26:26
277650,2,TIGER 코스피중형주,21025,5,-345,-1.61,20972.0,-18.7453,313,6,42,2026-08-18 03:26:26
226380,2,ACE Fn성장소비주도주,5945,5,-95,-1.57,5880.0,-8.4849,416,2,42,2026-08-18 03:26:26
238670,7,PLUS 스마트베타Quality채권혼합,13630,5,-50,-0.37,13509.0,2.2803,9326,127,41,2026-08-18 03:26:26
0050E0,4,PLUS 미국AI에이전트,8060,5,-345,-4.1,8111.0,9.5827,299,2,40,2026-08-18 03:26:26
291680,4,RISE 차이나H선물인버스(H),7810,5,-75,-0.95,7870.0,4.0924,29,0,39,2026-08-18 03:26:26
334690,5,RISE 팔라듐선물(H),6005,2,70,1.18,5997.0,-15.9349,1251,7,39,2026-08-18 03:26:26
225030,4,TIGER 미국S&P500선물인버스(H),2235,2,20,0.9,2240.0,-3.9046,13124,29,38,2026-08-18 03:26:26
0079X0,4,ACE BYD밸류체인액티브,10500,2,55,0.53,10487.0,-16.7066,2532,26,37,2026-08-18 03:26:26
427120,2,RISE AI플랫폼,5330,5,-220,-3.96,5340.0,-12.9412,71496,391,35,2026-08-18 03:26:26
267490,6,RISE 미국장기국채선물레버리지(합성 H),4905,5,-135,-2.68,4933.0,-4.8159,2012,9,34,2026-08-18 03:26:26
306530,3,HANARO 코스닥150선물레버리지,7530,5,-350,-4.44,7536.0,-53.1232,27981,219,33,2026-08-18 03:26:26
489010,4,PLUS 글로벌AI인프라,21860,5,-360,-1.62,21910.0,-2.3941,1179,25,33,2026-08-18 03:26:26
454180,4,KIWOOM 차이나내수소비TOP CSI,7780,5,-65,-0.83,7801.0,-10.537,341,2,31,2026-08-18 03:26:26
227560,2,TIGER 200 생활소비재,12795,5,-270,-2.07,12780.0,-6.4497,1156,14,31,2026-08-18 03:26:26
476000,2,UNICORN 포스트IPO액티브,5545,5,-230,-3.98,5514.0,-44.149,11398,64,30,2026-08-18 03:26:26
145670,3,ACE 인버스,1300,2,15,1.17,1301.0,-4.6029,110064,138,30,2026-08-18 03:26:26
280940,5,KODEX 골드선물인버스(H),3445,5,-50,-1.43,3433.0,9.9056,1563,5,28,2026-08-18 03:26:26
252410,3,RISE 200선물인버스,1322,2,9,0.69,1324.0,-4.0205,36536,46,26,2026-08-18 03:26:26
491630,4,RISE 미국반도체인버스(합성 H),5115,2,5,0.1,5070.0,-14.6912,372,1,24,2026-08-18 03:26:26
291620,3,KIWOOM 코스닥150선물인버스,4200,2,100,2.44,4211.0,14.6853,69972,290,24,2026-08-18 03:26:26
275750,3,RISE 코스닥150선물인버스,2405,2,60,2.56,2407.0,14.6699,46016,107,22,2026-08-18 03:26:26
334700,5,RISE 팔라듐선물인버스(H),3285,5,-95,-2.81,3341.0,10.4575,197,0,21,2026-08-18 03:26:26
253230,3,KIWOOM 200선물인버스2X,79,2,3,3.95,79.0,-27.6191,2365420,176,21,2026-08-18 03:26:26
253240,3,KIWOOM 200선물인버스,1327,2,18,1.38,1327.0,-5.3507,68160,87,16,2026-08-18 03:26:26
465620,4,ACE 미국빅테크TOP7 Plus인버스(합성),6415,2,185,2.97,6351.0,0.4029,156,0,16,2026-08-18 03:26:26
306520,3,HANARO 200선물인버스,2420,2,20,0.83,2425.0,-3.6145,42383,99,15,2026-08-18 03:26:26
412560,2,TIGER BBIG레버리지,1850,5,-123,-6.23,1843.0,-29.7865,12916,24,13,2026-08-18 03:26:26
253160,3,PLUS 200선물인버스2X,159,3,0,0.0,159.0,-26.7282,1318536,197,11,2026-08-18 03:26:26
397420,6,RISE 국채선물5년추종,50580,3,0,0.0,50417.0,0.3471,0,0,3,2026-08-18 03:26:26
