itemcode,etfTabCode,itemname,nowVal,risefall,changeVal,changeRate,nav,threeMonthEarnRate,quant,amonut,marketSum,collected_at
069500,1,KODEX 200,109590,5,-2510,-2.24,109827.0,-13.682,8879793,982084,254249,2026-09-10 01:31:27
360750,4,TIGER 미국S&P500,25370,5,-90,-0.35,25354.0,-8.424,8889555,225685,200537,2026-09-10 01:31:27
133690,4,TIGER 미국나스닥100,173975,5,-1010,-0.58,174389.0,-11.646,2081797,362796,113797,2026-09-10 01:31:27
102110,1,TIGER 200,109885,5,-2515,-2.24,110090.0,-13.5423,5689281,630248,102138,2026-09-10 01:31:27
379800,4,KODEX 미국S&P500,23060,5,-80,-0.35,23046.0,-8.4443,5991539,138264,99319,2026-09-10 01:31:27
396500,2,TIGER 반도체TOP10,37250,5,-880,-2.31,37322.0,-22.8294,4596404,172791,99234,2026-09-10 01:31:27
379810,4,KODEX 미국나스닥100,26015,5,-150,-0.57,26073.0,-11.6213,14375761,374562,89596,2026-09-10 01:31:27
488770,7,KODEX 머니마켓액티브,105477,2,12,0.01,105491.0,0.851,163439,17239,80122,2026-09-10 01:31:27
278530,1,KODEX 200TR,39685,5,-915,-2.25,39764.0,-13.6171,142127,5715,77445,2026-09-10 01:31:27
459580,6,KODEX CD금리액티브(합성),1074485,2,275,0.03,1074504.0,0.7257,308685,331678,65464,2026-09-10 01:31:27
498400,2,KODEX 200타겟위클리커버드콜,20745,5,-435,-2.05,20764.0,-13.3387,3051652,63959,59953,2026-09-10 01:31:27
091160,2,KODEX 반도체,133135,5,-2465,-1.82,133409.0,-14.5019,567060,76041,57448,2026-09-10 01:31:27
381180,4,TIGER 미국필라델피아반도체나스닥,41195,5,-295,-0.71,41561.0,-20.2309,314898,13052,55840,2026-09-10 01:31:27
0167A0,2,SOL AI반도체TOP2플러스,17730,5,-465,-2.56,17754.0,-23.3088,4427710,79295,55814,2026-09-10 01:31:27
122630,3,KODEX 레버리지,110375,5,-5205,-4.5,110687.0,-37.8218,6951501,783544,55684,2026-09-10 01:31:27
229200,1,KODEX 코스닥150,13805,5,-315,-2.23,13859.0,-15.7518,9668383,134037,47662,2026-09-10 01:31:27
310970,1,TIGER MSCI Korea TR,49060,5,-930,-1.86,49087.0,-13.7435,2455,122,45528,2026-09-10 01:31:27
148020,1,RISE 200,110415,5,-2550,-2.26,110665.0,-13.5933,172492,19292,44608,2026-09-10 01:31:27
458730,4,TIGER 미국배당다우존스,14430,5,-60,-0.41,14411.0,-5.9128,582333,8399,41818,2026-09-10 01:31:27
0162Z0,7,RISE 삼성전자SK하이닉스채권혼합50,13665,5,-150,-1.09,13687.0,-4.9175,2395868,32954,41569,2026-09-10 01:31:27
395160,2,KODEX AI반도체TOP2플러스,40270,5,-1105,-2.67,40339.0,-19.59,1529685,62597,40471,2026-09-10 01:31:27
411060,5,ACE KRX금현물,26640,2,50,0.19,26587.0,-9.0007,186841,4966,39747,2026-09-10 01:31:27
360200,4,ACE 미국S&P500,25645,5,-100,-0.39,25631.0,-8.3553,348290,8945,38570,2026-09-10 01:31:27
0043B0,6,TIGER 머니마켓액티브,103622,2,27,0.03,103627.0,0.9009,27617,2861,38391,2026-09-10 01:31:27
381170,4,TIGER 미국테크TOP10 INDXX,29895,5,-195,-0.65,29952.0,-9.8157,573615,17178,36890,2026-09-10 01:31:27
395270,2,HANARO Fn K-반도체,57370,5,-1720,-2.91,57472.0,-18.3728,587819,34248,36000,2026-09-10 01:31:27
423160,6,KODEX KOFR금리액티브(합성),110740,3,0,0.0,110726.0,0.693,37525,4155,35639,2026-09-10 01:31:27
357870,6,TIGER CD금리투자KIS(합성),58045,2,20,0.03,58041.0,0.7465,38000,2205,35544,2026-09-10 01:31:27
273130,6,KODEX 종합채권(AA-이상)액티브,109660,5,-155,-0.14,109704.0,-0.3042,1840,201,34256,2026-09-10 01:31:27
367380,4,ACE 미국나스닥100,29910,5,-170,-0.57,29977.0,-11.6456,395258,11844,33738,2026-09-10 01:31:27
102780,2,KODEX 삼성그룹,25935,5,-665,-2.5,25991.0,-14.9889,109082,2855,33223,2026-09-10 01:31:27
233740,3,KODEX 코스닥150레버리지,6672,5,-293,-4.21,6705.0,-38.4446,26240395,176698,33086,2026-09-10 01:31:27
487240,2,KODEX AI전력핵심설비,35725,5,-1775,-4.73,35731.0,-12.4692,1630147,59127,31224,2026-09-10 01:31:27
455890,6,RISE 머니마켓액티브,55520,2,10,0.02,55526.0,0.8264,38185,2120,29470,2026-09-10 01:31:27
139260,2,TIGER 200 IT,138345,5,-3710,-2.61,138643.0,-18.8556,95457,13363,27171,2026-09-10 01:31:27
0193T0,2,KODEX SK하이닉스단일종목레버리지,11425,5,-575,-4.79,11447.0,-53.4252,10984534,130401,26323,2026-09-10 01:31:27
472150,2,TIGER 배당커버드콜액티브,20545,5,-385,-1.84,20569.0,-12.2242,1180681,24506,25277,2026-09-10 01:31:27
481050,6,KODEX CD1년금리플러스액티브(합성),1022650,2,280,0.03,1022466.0,0.7829,27702,28329,25141,2026-09-10 01:31:27
426030,4,TIME 미국나스닥100액티브,45240,5,-725,-1.58,45744.0,-18.1171,196584,8940,24629,2026-09-10 01:31:27
449170,6,TIGER KOFR금리액티브(합성),111835,2,20,0.02,111808.0,0.6707,13160,1471,24042,2026-09-10 01:31:27
161510,2,PLUS 고배당주,25055,5,-235,-0.93,25066.0,-2.0575,200449,5056,23985,2026-09-10 01:31:27
486290,4,TIGER 미국나스닥100타겟데일리커버드콜,10135,5,-50,-0.49,10156.0,-11.897,574456,5833,23964,2026-09-10 01:31:27
278540,1,KODEX MSCI Korea TR,38995,5,-940,-2.35,39077.0,-13.3732,25086,991,23865,2026-09-10 01:31:27
385540,6,RISE 종합채권(A-이상)액티브,102715,5,-250,-0.24,102725.0,-0.1504,218,22,21014,2026-09-10 01:31:27
292150,2,TIGER 코리아TOP10,38750,5,-685,-1.74,38784.0,-13.5618,137952,5394,20615,2026-09-10 01:31:27
456600,4,TIME 글로벌AI인공지능액티브,56940,5,-650,-1.13,57341.0,-14.8518,33863,1938,20590,2026-09-10 01:31:27
284430,6,KODEX 200미국채혼합50,20665,5,-225,-1.08,20666.0,-11.7007,174557,3631,20020,2026-09-10 01:31:27
294400,1,KIWOOM 200TR,143865,5,-3340,-2.27,144167.0,-13.4089,28344,4087,18415,2026-09-10 01:31:27
214980,6,KODEX 단기채권PLUS,114685,2,15,0.01,114720.0,0.7227,7033,806,17906,2026-09-10 01:31:27
305720,2,KODEX 2차전지산업,15105,5,-370,-2.39,15140.0,-7.7497,2909224,44727,17628,2026-09-10 01:31:27
442580,4,PLUS 글로벌HBM반도체,102590,5,-1295,-1.25,103162.0,-14.4804,206770,21437,17492,2026-09-10 01:31:27
105190,1,ACE 200,109650,5,-2710,-2.41,110090.0,-13.7067,123664,13735,17051,2026-09-10 01:31:27
477080,6,RISE CD금리액티브(합성),107555,2,30,0.03,107558.0,0.7212,847,91,16686,2026-09-10 01:31:27
441640,4,KODEX 미국배당커버드콜액티브,12250,5,-30,-0.24,12241.0,-6.4749,238023,2917,16617,2026-09-10 01:31:27
0195S0,2,TIGER SK하이닉스단일종목레버리지,9705,5,-470,-4.62,9723.0,-53.8863,4914366,49242,15700,2026-09-10 01:31:27
446770,4,ACE 글로벌반도체TOP4 Plus,76975,5,-1255,-1.6,77545.0,-14.2484,22217,1720,15549,2026-09-10 01:31:27
0177N0,7,KODEX 삼성전자SK하이닉스채권혼합50,14425,5,-155,-1.06,14432.0,-4.9535,1789294,25977,15464,2026-09-10 01:31:27
329200,2,TIGER 리츠부동산인프라,4035,5,-5,-0.12,4028.0,7.4514,676087,2727,15424,2026-09-10 01:31:27
368590,4,RISE 미국나스닥100,29025,5,-155,-0.53,29092.0,-11.6424,111061,3227,15325,2026-09-10 01:31:27
152100,1,PLUS 200,111340,5,-2455,-2.16,111528.0,-13.5705,164111,18442,15142,2026-09-10 01:31:27
0193W0,2,KODEX 삼성전자단일종목레버리지,12055,5,-595,-4.7,12097.0,-47.5431,4694125,57521,14999,2026-09-10 01:31:27
453850,6,ACE 미국30년국채액티브(H),7105,5,-40,-0.56,7116.0,-2.3935,154852,1100,14814,2026-09-10 01:31:27
379780,4,RISE 미국S&P500,22185,5,-80,-0.36,22167.0,-8.3753,56399,1252,14775,2026-09-10 01:31:27
466920,2,SOL 조선TOP3플러스,27770,5,-580,-2.05,27824.0,-14.8265,316901,8907,14704,2026-09-10 01:31:27
226490,1,KODEX 코스피,70970,5,-1445,-2.0,71048.0,-12.8545,35446,2545,14620,2026-09-10 01:31:27
487230,4,KODEX 미국AI전력핵심인프라,19120,5,-910,-4.54,19296.0,-19.9314,256889,4942,14483,2026-09-10 01:31:27
091230,2,TIGER 반도체,140725,5,-2560,-1.79,140889.0,-14.0544,86649,12250,13988,2026-09-10 01:31:27
232080,1,TIGER 코스닥150,14075,5,-305,-2.12,14133.0,-15.7093,4378534,61820,13422,2026-09-10 01:31:27
475630,7,TIGER CD1년금리액티브(합성),1076925,2,285,0.03,1076926.0,0.7802,71915,77447,12996,2026-09-10 01:31:27
157450,6,TIGER 단기통안채,112625,2,35,0.03,112626.0,0.6436,1654,186,12930,2026-09-10 01:31:27
448330,1,KODEX 삼성전자채권혼합,17400,5,-100,-0.57,17435.0,-2.4569,177903,3103,12859,2026-09-10 01:31:27
436140,6,SOL 종합채권(AA-이상)액티브,105980,5,-165,-0.16,105977.0,0.0471,17,1,12553,2026-09-10 01:31:27
390390,4,KODEX 미국반도체,51825,5,-405,-0.78,52257.0,-16.5888,206485,10739,12386,2026-09-10 01:31:27
438080,7,ACE 미국S&P500미국채혼합50액티브,13595,5,-15,-0.11,13591.0,-9.6582,108686,1479,12045,2026-09-10 01:31:27
0072R0,5,TIGER KRX금현물,12715,5,-20,-0.16,12706.0,-8.3484,203513,2584,11806,2026-09-10 01:31:27
469150,2,ACE AI반도체TOP3+,60605,5,-1430,-2.31,60646.0,-18.935,140709,8609,11757,2026-09-10 01:31:27
494890,1,KODEX 200액티브,31610,5,-720,-2.23,31675.0,-13.5962,41175,1314,10874,2026-09-10 01:31:27
0139F0,6,TIGER 12월자동연장금융채(AA-이상)액티브,102205,2,25,0.02,102203.0,0.804,1,0,10811,2026-09-10 01:31:27
445290,2,KODEX 로봇액티브,30965,5,-255,-0.82,30998.0,-21.5078,208300,6546,10776,2026-09-10 01:31:27
0183J0,4,TIGER 미국우주테크,7265,5,-430,-5.59,7306.0,-45.0946,707631,5163,10745,2026-09-10 01:31:27
356540,6,ACE 종합채권(AA-이상)액티브,101030,5,-140,-0.14,101026.0,-0.0889,2003,202,10716,2026-09-10 01:31:27
455850,2,SOL AI반도체소부장,25580,5,-435,-1.67,25621.0,-9.0862,680894,17310,10654,2026-09-10 01:31:27
497570,4,TIGER 미국필라델피아AI반도체나스닥,20955,5,-270,-1.27,21123.0,-14.6251,109125,2301,10509,2026-09-10 01:31:27
479520,6,RISE KOFR금리액티브(합성),106460,2,35,0.03,106425.0,0.6763,316,33,10334,2026-09-10 01:31:27
494310,2,KODEX 반도체레버리지,84235,5,-3265,-3.73,84628.0,-42.8105,1219778,104161,10319,2026-09-10 01:31:27
451540,6,TIGER 종합채권(AA-이상)액티브,52700,5,-80,-0.15,52714.0,-0.208,157,8,10308,2026-09-10 01:31:27
449180,4,KODEX 미국S&P500(H),17055,5,-95,-0.55,17047.0,3.1892,133986,2286,10276,2026-09-10 01:31:27
465580,4,ACE 미국빅테크TOP7 Plus,23430,5,-315,-1.33,23466.0,-6.1092,381065,8939,10192,2026-09-10 01:31:27
295040,1,SOL 200TR,41125,5,-935,-2.22,41172.0,-13.7231,81682,3423,10178,2026-09-10 01:31:27
469830,6,SOL 초단기채권액티브,54425,2,10,0.02,54430.0,0.8712,20606,1121,10158,2026-09-10 01:31:27
446720,4,SOL 미국배당다우존스,13230,5,-70,-0.53,13212.0,-5.612,95688,1266,10055,2026-09-10 01:31:27
0117V0,2,TIGER 코리아AI전력기기TOP3플러스,18610,5,-850,-4.37,18612.0,-12.4707,843686,15907,9975,2026-09-10 01:31:27
494300,4,KODEX 미국나스닥100데일리커버드콜OTM,8670,5,-50,-0.57,8693.0,-15.5868,354333,3077,9910,2026-09-10 01:31:27
449450,2,PLUS K방산,50945,5,-910,-1.75,51014.0,-11.1235,78369,4016,9868,2026-09-10 01:31:27
237350,1,KODEX 코스피100,87695,5,-1800,-2.01,87793.0,-14.1209,45152,4000,9734,2026-09-10 01:31:27
315930,2,KODEX Top5PlusTR,80905,5,-1145,-1.4,81025.0,-17.0836,4801,392,9709,2026-09-10 01:31:27
479080,6,1Q 머니마켓액티브,53812,2,17,0.03,53814.0,0.8435,7416,399,9653,2026-09-10 01:31:27
305540,2,TIGER 2차전지테마,19335,5,-400,-2.03,19352.0,-5.1886,414545,8172,9648,2026-09-10 01:31:27
495050,1,RISE 코리아밸류업,32425,5,-575,-1.74,32477.0,-12.8379,28750,940,9582,2026-09-10 01:31:27
402970,4,ACE 미국배당다우존스,14705,5,-55,-0.37,14676.0,-5.9279,95654,1406,9382,2026-09-10 01:31:27
0117L0,6,KODEX 26-12 금융채(AA-이상)액티브,10162,5,-3,-0.03,10164.0,0.7433,2298,23,9211,2026-09-10 01:31:27
438100,7,ACE 미국나스닥100미국채혼합50액티브,14700,5,-40,-0.27,14717.0,-11.2049,72226,1063,9099,2026-09-10 01:31:27
0195R0,2,TIGER 삼성전자단일종목레버리지,10955,5,-570,-4.95,10998.0,-48.0505,2993786,33506,8945,2026-09-10 01:31:27
475720,3,RISE 200위클리커버드콜,12705,5,-130,-1.01,12728.0,-8.8002,181550,2323,8449,2026-09-10 01:31:27
466940,2,TIGER 은행고배당플러스TOP10,26700,5,-185,-0.69,26718.0,7.8931,180130,4836,8397,2026-09-10 01:31:27
0177R0,2,TIGER 반도체TOP10커버드콜액티브,11565,5,-205,-1.74,11516.0,-18.3655,613239,7158,8292,2026-09-10 01:31:27
0048J0,6,KODEX 미국머니마켓액티브,13365,2,35,0.26,13360.0,-10.8563,116130,1552,8233,2026-09-10 01:31:27
498410,2,KODEX 금융고배당TOP10타겟위클리커버드콜,11665,5,-30,-0.26,11676.0,3.1249,498343,5835,8200,2026-09-10 01:31:27
069660,1,KIWOOM 200,109515,5,-2630,-2.35,109796.0,-13.4825,57441,6369,8104,2026-09-10 01:31:27
153130,6,KODEX 단기채권,113370,2,15,0.01,113370.0,0.6867,4683,530,8069,2026-09-10 01:31:27
144600,5,KODEX 은선물(H),10930,2,115,1.06,10925.0,-3.6097,118433,1294,8034,2026-09-10 01:31:27
441800,1,TIME Korea플러스배당액티브,28850,5,-460,-1.57,28877.0,-13.4885,84756,2468,7911,2026-09-10 01:31:27
0219E0,2,KODEX 200커버드콜액티브,8450,5,-170,-1.97,8461.0,,1513727,12926,7732,2026-09-10 01:31:27
487340,6,ACE 머니마켓액티브,105950,2,25,0.02,105954.0,0.8761,1895,200,7728,2026-09-10 01:31:27
462330,2,KODEX 2차전지산업레버리지,1092,5,-50,-4.38,1094.0,-27.0288,42322054,47650,7723,2026-09-10 01:31:27
476550,6,TIGER 미국30년국채커버드콜액티브(H),6740,5,-40,-0.59,6746.0,-2.5162,281318,1896,7700,2026-09-10 01:31:27
0025N0,7,TIGER TDF2045 적격,11695,5,-25,-0.21,11694.0,-6.7622,98775,1154,7654,2026-09-10 01:31:27
490590,4,RISE 미국AI밸류체인데일리고정커버드콜,13660,5,-90,-0.65,13735.0,-15.0394,101022,1385,7609,2026-09-10 01:31:27
272580,6,TIGER 단기채권액티브,57140,2,15,0.03,57140.0,0.7762,11204,640,7605,2026-09-10 01:31:27
481060,6,KODEX 미국30년국채타겟커버드콜(합성 H),7415,5,-40,-0.54,7444.0,-1.1095,341235,2529,7600,2026-09-10 01:31:27
457480,4,ACE 테슬라밸류체인액티브,18180,5,-160,-0.87,18251.0,-21.0844,38424,703,7554,2026-09-10 01:31:27
0061Z0,6,RISE 단기특수은행채액티브,51035,2,15,0.03,51036.0,0.7205,10,0,7211,2026-09-10 01:31:27
364980,2,TIGER 2차전지TOP10,10560,5,-265,-2.45,10587.0,-1.9475,1509290,16182,7197,2026-09-10 01:31:27
114800,3,KODEX 인버스,1001,2,23,2.35,1000.0,0.0,391485844,387899,7135,2026-09-10 01:31:27
434730,2,HANARO 원자력iSelect,60185,5,-2485,-3.97,60225.0,-6.1194,89071,5425,7072,2026-09-10 01:31:27
252670,3,KODEX 200선물인버스2X,73,2,3,4.29,73.0,-17.6471,3734125454,268215,7030,2026-09-10 01:31:27
456610,6,TIGER 미국달러SOFR금리액티브(합성),58230,2,135,0.23,58217.0,-10.6575,30438,1769,6900,2026-09-10 01:31:27
290130,2,RISE ESG사회책임투자,47870,5,-1175,-2.4,48014.0,-13.4551,28211,1369,6798,2026-09-10 01:31:27
458760,4,TIGER 미국배당다우존스타겟커버드콜2호,10555,5,-55,-0.52,10549.0,-5.9168,116259,1226,6787,2026-09-10 01:31:27
367760,2,RISE 네트워크인프라,58150,5,-1295,-2.18,58194.0,-26.4341,34789,2038,6745,2026-09-10 01:31:27
371460,4,TIGER 차이나전기차SOLACTIVE,9355,5,-85,-0.9,9368.0,-27.3288,53424,502,6739,2026-09-10 01:31:27
495850,1,KODEX 코리아밸류업,32195,5,-580,-1.77,32221.0,-12.9654,22333,724,6729,2026-09-10 01:31:27
102970,2,KODEX 증권,17850,5,-455,-2.49,17865.0,-22.7901,263594,4753,6721,2026-09-10 01:31:27
0167B0,2,SOL 200타겟위클리커버드콜,11870,5,-235,-1.94,11892.0,-13.5636,315630,3789,6707,2026-09-10 01:31:27
329750,6,TIGER 미국달러단기채권액티브,12665,2,25,0.2,12664.0,-11.0486,54369,689,6639,2026-09-10 01:31:27
0127P0,4,ACE 미국대형성장주액티브,10095,5,-90,-0.88,10135.0,-11.2695,9986,100,6582,2026-09-10 01:31:27
314250,4,KODEX 미국빅테크10(H),62135,5,-265,-0.42,62259.0,6.0473,14803,921,6555,2026-09-10 01:31:27
138540,2,TIGER 현대차그룹플러스,50030,5,-775,-1.53,50103.0,-22.6831,33910,1708,6534,2026-09-10 01:31:27
418660,4,TIGER 미국나스닥100레버리지(합성),37335,5,-370,-0.98,37494.0,-23.4028,75393,2825,6422,2026-09-10 01:31:27
482730,4,TIGER 미국S&P500타겟데일리커버드콜,11375,5,-40,-0.35,11371.0,-8.5689,115749,1317,6387,2026-09-10 01:31:27
0091P0,2,TIGER 코리아원자력,18290,5,-765,-4.01,18326.0,3.8136,1252604,23096,6383,2026-09-10 01:31:27
0148J0,2,TIGER 코리아휴머노이드로봇산업,9425,5,-20,-0.21,9435.0,-25.1882,4412797,42550,6334,2026-09-10 01:31:27
0101N0,2,RISE AI전력인프라,19955,5,-895,-4.29,19957.0,-3.2259,151504,3072,6266,2026-09-10 01:31:27
434060,7,KODEX TDF2050액티브 적격,16430,5,-105,-0.64,16406.0,-8.4479,14876,244,6202,2026-09-10 01:31:27
491010,4,TIGER 글로벌AI전력인프라액티브,24475,5,-775,-3.07,24615.0,-25.1298,51072,1255,6202,2026-09-10 01:31:27
488080,3,TIGER 반도체TOP10레버리지,35955,5,-1660,-4.41,36082.0,-55.4853,2171279,79516,6094,2026-09-10 01:31:27
277630,1,TIGER 코스피,72065,5,-1385,-1.89,72098.0,-12.9531,4528,329,6053,2026-09-10 01:31:27
251600,7,PLUS 고배당주채권혼합,15400,5,-60,-0.39,15384.0,0.0932,81457,1258,5960,2026-09-10 01:31:27
484790,6,KODEX 미국30년국채액티브(H),8185,5,-45,-0.55,8190.0,-2.2008,67012,548,5955,2026-09-10 01:31:27
0015B0,4,KoAct 미국나스닥성장기업액티브,18005,5,-215,-1.18,18176.0,-23.2196,68877,1243,5906,2026-09-10 01:31:27
489250,4,KODEX 미국배당다우존스,12440,5,-50,-0.4,12423.0,-5.9136,149615,1860,5859,2026-09-10 01:31:27
449190,4,KODEX 미국나스닥100(H),22090,5,-160,-0.72,22142.0,-0.4822,55335,1225,5644,2026-09-10 01:31:27
494670,2,TIGER 조선TOP10,21915,5,-435,-1.95,21915.0,-14.1706,166882,3687,5621,2026-09-10 01:31:27
0019K0,7,TIME 미국나스닥100채권혼합50액티브,13090,5,-105,-0.8,13143.0,-8.6536,71613,939,5609,2026-09-10 01:31:27
0007F0,6,KODEX 27-12 회사채(AA-이상)액티브,10190,5,-10,-0.1,10200.0,1.1904,1387,14,5572,2026-09-10 01:31:27
466950,4,TIGER 글로벌AI액티브,29415,5,-280,-0.94,29636.0,-26.7785,12977,383,5509,2026-09-10 01:31:27
491620,4,RISE 미국테크100데일리고정커버드콜,10045,5,-60,-0.59,10068.0,-10.1768,212307,2136,5449,2026-09-10 01:31:27
423920,4,TIGER 미국필라델피아반도체레버리지(합성),76985,5,-1185,-1.52,78302.0,-42.7406,15585,1217,5420,2026-09-10 01:31:27
462010,2,TIGER 2차전지소재Fn,4930,5,-140,-2.76,4936.0,-15.5,2121572,10684,5359,2026-09-10 01:31:27
0105E0,2,SOL 코리아고배당,12915,5,-30,-0.23,12916.0,-4.1056,109432,1419,5327,2026-09-10 01:31:27
451000,6,PLUS 종합채권(AA-이상)액티브,106970,5,-175,-0.16,107015.0,-0.2096,5,0,5295,2026-09-10 01:31:27
438330,6,TIGER 우량회사채액티브,115515,5,-20,-0.02,115585.0,0.948,1429,165,5287,2026-09-10 01:31:27
477050,6,PLUS 머니마켓액티브,53560,2,15,0.03,53566.0,0.876,3016,161,5246,2026-09-10 01:31:27
455030,6,KODEX 미국달러SOFR금리액티브(합성),11500,2,40,0.35,11488.0,-11.0279,15222,175,5221,2026-09-10 01:31:27
371160,4,TIGER 차이나항셍테크,6350,5,-85,-1.32,6353.0,-19.199,121655,776,5210,2026-09-10 01:31:27
496080,1,TIGER 코리아밸류업,32290,5,-585,-1.78,32318.0,-12.7214,140113,4575,5183,2026-09-10 01:31:27
315960,2,RISE 대형고배당10TR,78870,5,-950,-1.19,78900.0,-15.4897,18326,1456,5166,2026-09-10 01:31:27
365780,6,ACE 국고채10년,81835,5,-345,-0.42,81965.0,0.1706,1412,115,5143,2026-09-10 01:31:27
396520,4,TIGER 차이나반도체FACTSET,12480,5,-145,-1.15,12516.0,-18.2584,98700,1237,5132,2026-09-10 01:31:27
385560,6,RISE KIS국고채30년Enhanced,49780,5,-295,-0.59,49757.0,-7.0029,7429,369,5082,2026-09-10 01:31:27
444200,2,SOL 코리아메가테크액티브,45465,5,-1030,-2.22,45538.0,-16.5261,14251,651,5024,2026-09-10 01:31:27
361580,1,RISE 200TR,62380,5,-1330,-2.09,62449.0,-13.7072,6520,409,5022,2026-09-10 01:31:27
435420,7,TIGER 미국나스닥100채권혼합50,13800,5,-40,-0.29,13797.0,-5.3216,135797,1878,4961,2026-09-10 01:31:27
463250,2,TIGER K방산&우주,32745,5,-290,-0.88,32734.0,-10.5833,92023,3021,4928,2026-09-10 01:31:27
114260,6,KODEX 국고채3년,61720,5,-45,-0.07,61723.0,0.8325,3140,193,4918,2026-09-10 01:31:27
476800,7,KODEX 한국부동산리츠인프라,4225,5,-5,-0.12,4234.0,2.4808,109807,463,4874,2026-09-10 01:31:27
496020,6,WON 전단채플러스액티브,52515,2,15,0.03,52517.0,0.913,1438,75,4860,2026-09-10 01:31:27
0190C0,2,RISE 현대차고정피지컬AI,8035,5,-70,-0.86,8038.0,-33.62,349308,2833,4845,2026-09-10 01:31:27
251350,4,KODEX MSCI선진국,37740,5,-260,-0.68,37751.0,-7.5278,4749,179,4831,2026-09-10 01:31:27
499660,7,TIGER CD금리플러스액티브(합성),1001395,2,260,0.03,1001397.0,0.7729,7608,7618,4829,2026-09-10 01:31:27
490490,7,SOL 미국배당미국채혼합50,10665,5,-55,-0.51,10674.0,-8.7244,62326,665,4607,2026-09-10 01:31:27
243880,2,TIGER 200IT레버리지,334345,5,-16265,-4.64,335394.0,-49.6811,51999,18013,4597,2026-09-10 01:31:27
448290,4,TIGER 미국S&P500(H),17670,5,-95,-0.53,17656.0,2.9562,27791,491,4594,2026-09-10 01:31:27
471230,6,KODEX 국고채10년액티브,103045,5,-480,-0.46,103071.0,0.2517,4462,460,4565,2026-09-10 01:31:27
0163Y0,1,KoAct 코스닥액티브,8995,5,-125,-1.37,9010.0,-21.5822,215180,1933,4520,2026-09-10 01:31:27
473290,6,KODEX 26-12 회사채(AA-이상)액티브,10892,2,2,0.02,10892.0,0.8333,8486,92,4513,2026-09-10 01:31:27
483280,4,KODEX 미국AI테크TOP10타겟커버드콜,11350,5,-55,-0.48,11395.0,-9.7863,139214,1582,4506,2026-09-10 01:31:27
451060,1,1Q 200액티브,35210,5,-740,-2.06,35249.0,-13.9771,16344,581,4436,2026-09-10 01:31:27
447770,7,TIGER 테슬라채권혼합Fn,13770,5,-20,-0.15,13783.0,-5.1183,76651,1055,4379,2026-09-10 01:31:27
293180,1,HANARO 200,109985,5,-2365,-2.11,110128.0,-13.6696,11662,1289,4344,2026-09-10 01:31:27
0016X0,6,SOL 중단기회사채(A-이상)액티브,51525,5,-5,-0.01,51530.0,1.0887,10235,527,4325,2026-09-10 01:31:27
0162M0,6,KODEX 금융채1~2년(AA-이상)PLUS액티브,10080,2,5,0.05,10078.0,1.1038,3,0,4254,2026-09-10 01:31:27
148070,6,KIWOOM 국고채10년,103720,5,-475,-0.46,103862.0,0.2598,1009,104,4248,2026-09-10 01:31:27
471990,2,KODEX AI반도체핵심장비,25700,5,-375,-1.44,25717.0,-7.5069,346559,8842,4176,2026-09-10 01:31:27
474220,4,TIGER 미국테크TOP10타겟커버드콜,14460,5,-105,-0.72,14486.0,-7.8875,29929,433,4063,2026-09-10 01:31:27
302450,1,RISE 코스피,71700,5,-1425,-1.95,71628.0,-13.1547,4155,299,4051,2026-09-10 01:31:27
480260,6,TIGER 27-04회사채(A+이상)액티브,53850,2,10,0.02,53858.0,0.7579,1624,87,3980,2026-09-10 01:31:27
385720,1,TIME 코스피액티브,25540,5,-530,-2.03,25552.0,-15.3709,17180,443,3933,2026-09-10 01:31:27
426020,4,TIME 미국S&P500액티브,31010,5,-200,-0.64,31053.0,-12.0598,27906,869,3907,2026-09-10 01:31:27
0023A0,4,SOL 미국양자컴퓨팅TOP10,22605,5,-665,-2.86,22706.0,-34.5614,69344,1571,3899,2026-09-10 01:31:27
0060H0,1,TIGER 토탈월드스탁액티브,12320,5,-115,-0.92,12303.0,-6.9062,6197,76,3856,2026-09-10 01:31:27
241180,4,TIGER 일본니케이225,33770,5,-400,-1.17,33774.0,-7.91,14550,493,3850,2026-09-10 01:31:27
0173Y0,4,KODEX 미국AI광통신네트워크,10735,5,-140,-1.29,10928.0,-28.7911,355433,3839,3843,2026-09-10 01:31:27
484880,2,SOL 금융지주플러스고배당,22700,5,-95,-0.42,22718.0,7.7919,214637,4897,3814,2026-09-10 01:31:27
091180,2,KODEX 자동차,26830,5,-260,-0.96,26842.0,-25.5328,45294,1222,3810,2026-09-10 01:31:27
458250,6,TIGER 미국30년국채스트립액티브(합성 H),34200,5,-415,-1.2,34331.0,-4.3917,20198,691,3779,2026-09-10 01:31:27
132030,5,KODEX 골드선물(H),24715,2,75,0.3,24700.0,0.4689,12610,310,3757,2026-09-10 01:31:27
385550,6,RISE 단기채권알파액티브,114245,2,30,0.03,114244.0,0.8031,798,91,3729,2026-09-10 01:31:27
469070,2,RISE AI&로봇,11085,5,-15,-0.14,11113.0,-22.8899,292790,3296,3719,2026-09-10 01:31:27
439860,6,KODEX ESG종합채권(A-이상)액티브,113625,5,-75,-0.07,113719.0,0.8112,18,2,3694,2026-09-10 01:31:27
310960,1,TIGER 200TR,63960,5,-1530,-2.34,64160.0,-13.5674,13167,850,3646,2026-09-10 01:31:27
476760,6,ACE 미국30년국채액티브,8600,5,-45,-0.52,8602.0,-13.6917,282845,2433,3638,2026-09-10 01:31:27
0046A0,6,TIGER 미국초단기(3개월이하)국채,9260,2,15,0.16,9260.0,-10.8253,134748,1248,3588,2026-09-10 01:31:27
0040Y0,7,SOL 팔란티어커버드콜OTM채권혼합,7820,5,-35,-0.45,7848.0,-1.5808,61417,480,3523,2026-09-10 01:31:27
474590,2,WON 반도체밸류체인액티브,44545,5,-930,-2.05,44681.0,-13.0165,19690,878,3519,2026-09-10 01:31:27
279530,2,KODEX 고배당주,17570,5,-180,-1.01,17589.0,0.5594,42106,744,3479,2026-09-10 01:31:27
0080G0,2,KODEX 방산TOP10,9925,5,-100,-1.0,9930.0,-9.7133,1125889,11201,3434,2026-09-10 01:31:27
448300,4,TIGER 미국나스닥100(H),22785,5,-185,-0.81,22842.0,-0.5533,16790,383,3418,2026-09-10 01:31:27
0131V0,4,1Q 미국우주항공테크,10470,5,-420,-3.86,10479.0,-23.1204,42726,448,3408,2026-09-10 01:31:27
0167Z0,4,KODEX 미국우주항공,7270,5,-410,-5.34,7290.0,-37.2875,268930,1962,3399,2026-09-10 01:31:27
0210A0,2,ACE K반도체TOP2+,7215,5,-190,-2.57,7231.0,,684408,4999,3395,2026-09-10 01:31:27
442570,7,RISE TDF2050액티브 적격,17070,5,-65,-0.38,16965.0,-7.9263,21776,371,3380,2026-09-10 01:31:27
462900,2,KoAct 바이오헬스케어액티브,12820,5,-605,-4.51,12842.0,-16.3812,252787,3285,3378,2026-09-10 01:31:27
0182R0,2,1Q K반도체TOP2+,10665,5,-285,-2.6,10680.0,-23.4534,717383,7748,3375,2026-09-10 01:31:27
0052D0,2,TIGER 코리아배당다우존스,15420,5,-165,-1.06,15443.0,-2.8071,20443,316,3369,2026-09-10 01:31:27
0144L0,4,KODEX 미국성장커버드콜액티브,9175,5,-40,-0.43,9194.0,-10.7154,87930,808,3349,2026-09-10 01:31:27
0043Y0,4,TIME 차이나AI테크액티브,19020,5,-215,-1.12,19069.0,-18.2533,94229,1790,3348,2026-09-10 01:31:27
385510,2,KODEX 신재생에너지액티브,38380,5,-1530,-3.83,38520.0,-6.6215,32226,1255,3339,2026-09-10 01:31:27
472170,7,TIGER 미국테크TOP10채권혼합,13675,5,-55,-0.4,13679.0,-4.4538,63877,873,3309,2026-09-10 01:31:27
0026S0,4,1Q 미국S&P500,12420,5,-35,-0.28,12405.0,-8.4514,29538,366,3304,2026-09-10 01:31:27
448630,7,RISE 삼성그룹Top3채권혼합,15320,5,-80,-0.52,15322.0,0.9174,56084,862,3263,2026-09-10 01:31:27
456880,7,ACE 미국달러SOFR금리(합성),11780,2,35,0.3,11778.0,-10.9216,12069,142,3249,2026-09-10 01:31:27
190620,6,ACE 단기통안채,102080,2,20,0.02,102078.0,0.7303,1283,130,3243,2026-09-10 01:31:27
0228G0,2,ACE 반도체Plus전략산업,10230,5,-225,-2.15,10268.0,,380664,3954,3228,2026-09-10 01:31:27
453810,4,KODEX 인도Nifty50,11055,5,-25,-0.23,11108.0,-9.7703,26199,288,3223,2026-09-10 01:31:27
270810,1,RISE 코스닥150,13745,5,-295,-2.1,13795.0,-15.8274,160342,2210,3142,2026-09-10 01:31:27
0052S0,7,1Q 미국S&P500미국채혼합50액티브,11190,5,-20,-0.18,11188.0,-9.8673,59749,668,3133,2026-09-10 01:31:27
0094K0,6,TIGER 28-04 회사채(A+이상)액티브,99690,5,-15,-0.02,99700.0,1.1514,13651,1361,3038,2026-09-10 01:31:27
0008S0,4,TIGER 미국배당다우존스타겟데일리커버드콜,9595,5,-60,-0.62,9582.0,-5.6305,186435,1789,2998,2026-09-10 01:31:27
485540,4,KODEX 미국AI테크TOP10,14722,5,-83,-0.56,14788.0,-9.9881,95030,1402,2996,2026-09-10 01:31:27
439870,6,KODEX 국고채30년액티브,86440,5,-325,-0.37,86221.0,-4.8734,2483,214,2987,2026-09-10 01:31:27
0111P0,7,1Q 미국나스닥100미국채혼합50액티브,10455,5,-10,-0.1,10461.0,-11.336,14643,153,2980,2026-09-10 01:31:27
489030,2,PLUS 고배당주위클리커버드콜,6385,2,20,0.31,6385.0,-0.0193,123578,790,2975,2026-09-10 01:31:27
0098F0,2,KODEX 원자력SMR,17000,5,-735,-4.14,17031.0,2.396,755147,12953,2958,2026-09-10 01:31:27
483320,4,ACE 엔비디아밸류체인액티브,24265,5,-435,-1.76,24443.0,-16.2428,65705,1606,2924,2026-09-10 01:31:27
136340,6,RISE 중기우량회사채,104055,5,-110,-0.11,104108.0,0.926,410,42,2923,2026-09-10 01:31:27
475300,2,SOL 반도체전공정,22750,5,-115,-0.5,22780.0,-4.3906,423171,9484,2912,2026-09-10 01:31:27
091170,2,KODEX 은행,16350,5,-60,-0.37,16371.0,9.1906,369803,6087,2910,2026-09-10 01:31:27
433330,4,SOL 미국S&P500,21185,5,-80,-0.38,21170.0,-8.4343,18413,390,2902,2026-09-10 01:31:27
454780,6,KIWOOM 종합채권(AA-이상)액티브,99535,3,0,0.0,99391.0,-0.2556,0,0,2901,2026-09-10 01:31:27
497880,6,SOL CD금리&머니마켓액티브,50072,2,7,0.01,50075.0,0.8724,27023,1353,2860,2026-09-10 01:31:27
475080,7,KODEX 테슬라커버드콜채권혼합액티브,7820,3,0,0.0,7849.0,-5.1234,12982,101,2850,2026-09-10 01:31:27
273140,6,KODEX 단기변동금리부채권액티브,114790,3,0,0.0,114808.0,0.6343,1460,167,2802,2026-09-10 01:31:27
461490,7,RISE 글로벌자산배분액티브,14450,5,-30,-0.21,14453.0,-3.7235,21272,307,2789,2026-09-10 01:31:27
307520,2,TIGER 지주회사,22395,5,-675,-2.93,22444.0,-1.6508,217350,4961,2788,2026-09-10 01:31:27
471780,2,TIGER 코리아테크액티브,36257,5,-693,-1.88,36330.0,-16.5538,25572,928,2774,2026-09-10 01:31:27
0038A0,4,KODEX 미국휴머노이드로봇,14565,5,-85,-0.58,14623.0,-19.1621,12018,175,2760,2026-09-10 01:31:27
0094M0,2,RISE 코리아밸류업위클리고정커버드콜,17835,5,-275,-1.52,17840.0,-8.851,510468,9173,2756,2026-09-10 01:31:27
481190,4,SOL 미국테크TOP10,16235,5,-105,-0.64,16269.0,-9.6489,160680,2611,2752,2026-09-10 01:31:27
441680,7,TIGER 미국나스닥100커버드콜(합성),10410,2,10,0.1,10471.0,-8.2841,11185,116,2738,2026-09-10 01:31:27
0119H0,6,KODEX 28-12 회사채(AA-이상)액티브,9932,5,-3,-0.03,9939.0,1.0681,258,2,2702,2026-09-10 01:31:27
453870,4,TIGER 인도니프티50,10815,5,-55,-0.51,10856.0,-10.3499,15262,165,2698,2026-09-10 01:31:27
473330,6,SOL 미국30년국채커버드콜(합성),7685,5,-40,-0.52,7712.0,-13.4352,67599,519,2694,2026-09-10 01:31:27
123320,3,TIGER 레버리지,111100,5,-5480,-4.7,111423.0,-37.1537,56163,6402,2666,2026-09-10 01:31:27
245710,4,ACE 베트남VN30(합성),28245,2,25,0.09,28625.0,-9.1875,19994,567,2655,2026-09-10 01:31:27
196230,6,RISE 단기통안채,117005,2,45,0.04,117032.0,0.6194,292,34,2645,2026-09-10 01:31:27
213610,2,KODEX 삼성그룹밸류,22195,5,-495,-2.18,22228.0,-11.6777,5213,116,2641,2026-09-10 01:31:27
0183V0,7,KIWOOM 삼성전자&SK하이닉스채권혼합50,11995,5,-125,-1.03,12004.0,-4.6124,326976,3949,2591,2026-09-10 01:31:27
139230,2,TIGER 200 중공업,13180,5,-400,-2.95,13183.0,-13.1305,49044,649,2575,2026-09-10 01:31:27
228790,2,TIGER 화장품,4160,5,-150,-3.48,4168.0,27.1386,3306954,13927,2575,2026-09-10 01:31:27
423170,4,SOL 글로벌AI반도체탑픽액티브,57610,5,-725,-1.24,57944.0,-13.8459,6473,377,2569,2026-09-10 01:31:27
0162Y0,1,TIME 코스닥액티브,7455,5,-150,-1.97,7475.0,-20.946,304583,2276,2561,2026-09-10 01:31:27
471040,4,KoAct 글로벌AI&로봇액티브,27940,5,-290,-1.03,28175.0,-23.1837,4155,116,2543,2026-09-10 01:31:27
472920,6,HK 종합채권(AA-이상)액티브,97885,5,-140,-0.14,97831.0,0.1788,100,9,2540,2026-09-10 01:31:27
409820,4,KODEX 미국나스닥100레버리지(합성 H),19735,5,-320,-1.6,19847.0,-2.6457,12067,239,2526,2026-09-10 01:31:27
364970,2,TIGER 바이오TOP10,6870,5,-180,-2.55,6868.0,2.1739,326049,2258,2521,2026-09-10 01:31:27
495230,1,KoAct 코리아밸류업액티브,31075,5,-680,-2.14,31123.0,-16.4533,7237,227,2470,2026-09-10 01:31:27
421320,2,PLUS 우주항공,26040,5,-565,-2.12,26049.0,-25.1302,18046,470,2435,2026-09-10 01:31:27
283580,4,KODEX 차이나CSI300,14655,5,-70,-0.48,14680.0,-13.9134,19300,283,2425,2026-09-10 01:31:27
448540,7,ACE 엔비디아채권혼합,26355,5,-60,-0.23,26358.0,-1.0675,8287,218,2425,2026-09-10 01:31:27
0053L0,4,TIGER 차이나휴머노이드로봇,9055,5,-110,-1.2,9042.0,-31.0874,46107,420,2413,2026-09-10 01:31:27
483340,4,ACE 구글밸류체인액티브,21210,5,-320,-1.49,21364.0,-20.7874,26511,565,2407,2026-09-10 01:31:27
0182S0,7,1Q K반도체TOP2채권혼합50,12670,5,-130,-1.02,12678.0,-6.1584,71443,907,2376,2026-09-10 01:31:27
388420,2,RISE 비메모리반도체액티브,27115,5,-395,-1.44,27176.0,-24.7016,12972,351,2375,2026-09-10 01:31:27
363580,2,KODEX 200IT TR,56115,5,-1410,-2.45,56172.0,-16.9315,16476,933,2357,2026-09-10 01:31:27
363570,6,KODEX 장기종합채권(AA-이상)액티브,85895,5,-315,-0.37,85816.0,-1.5812,63,5,2330,2026-09-10 01:31:27
493810,4,TIGER 미국AI빅테크10타겟데일리커버드콜,11005,5,-110,-0.99,11034.0,-8.8581,64952,716,2328,2026-09-10 01:31:27
452360,4,SOL 미국배당다우존스(H),13310,5,-105,-0.78,13306.0,6.2711,80954,1076,2303,2026-09-10 01:31:27
329650,7,KODEX TRF3070,13900,5,-35,-0.25,13950.0,-3.2243,8420,116,2294,2026-09-10 01:31:27
442320,4,RISE 글로벌원자력,36540,5,-705,-1.89,36333.0,-9.9988,1969,72,2291,2026-09-10 01:31:27
0092C0,6,SOL 27-12 회사채(AA-이상)액티브,50325,3,0,0.0,50330.0,0.9832,0,0,2284,2026-09-10 01:31:27
478150,4,TIME 글로벌우주테크&방산액티브,17950,5,-325,-1.78,17884.0,-19.0477,12041,216,2262,2026-09-10 01:31:27
0089D0,2,KODEX 금융고배당TOP10,13345,5,-75,-0.56,13351.0,2.6261,56577,760,2255,2026-09-10 01:31:27
437080,6,KODEX 미국종합채권ESG액티브(H),96405,5,-125,-0.13,96407.0,-1.0799,401,38,2251,2026-09-10 01:31:27
117700,2,KODEX 건설,7075,5,-230,-3.15,7099.0,4.9592,672973,4810,2243,2026-09-10 01:31:27
472160,4,TIGER 미국테크TOP10 INDXX(H),18765,5,-155,-0.82,18803.0,1.3661,10606,199,2233,2026-09-10 01:31:27
422420,2,RISE 2차전지액티브,6870,5,-255,-3.58,6882.0,-11.5003,109694,767,2231,2026-09-10 01:31:27
433500,2,ACE 원자력TOP10,60225,5,-2555,-4.07,60312.0,-2.6667,33363,2028,2228,2026-09-10 01:31:27
458260,6,TIGER 미국투자등급회사채액티브(H),46015,5,-95,-0.21,45999.0,-1.6289,393,18,2209,2026-09-10 01:31:27
157500,2,TIGER 증권,12155,5,-275,-2.21,12171.0,-22.3315,112003,1379,2198,2026-09-10 01:31:27
0104N0,2,TIGER 200타겟위클리커버드콜,21145,5,-480,-2.22,21194.0,-13.7407,15589,333,2178,2026-09-10 01:31:27
488980,6,SOL 26-12 회사채(AA-이상)액티브,52165,2,10,0.02,52171.0,0.7826,27,1,2119,2026-09-10 01:31:27
266160,2,RISE 고배당,33315,5,-535,-1.58,33340.0,-10.7412,8407,283,2116,2026-09-10 01:31:27
305080,6,TIGER 미국채10년선물,11800,3,0,0.0,11800.0,-12.8187,17754,209,2112,2026-09-10 01:31:27
486450,4,SOL 미국AI전력인프라,19330,5,-655,-3.28,19463.0,-16.625,19507,377,2107,2026-09-10 01:31:27
267770,3,TIGER 200선물레버리지,84265,5,-4440,-5.01,84643.0,-37.1823,18592,1615,2107,2026-09-10 01:31:27
0233J0,7,TIGER 삼성전자SK하이닉스미국채혼합50,10455,5,-100,-0.95,10492.0,,28284,296,2091,2026-09-10 01:31:27
332930,1,HANARO 200TR,143770,5,-3240,-2.2,144142.0,-13.6176,15,2,2085,2026-09-10 01:31:27
498270,4,KIWOOM 미국양자컴퓨팅,13800,5,-180,-1.29,13836.0,-23.3414,28060,388,2077,2026-09-10 01:31:27
486830,6,HANARO 머니마켓액티브,53335,2,20,0.04,53332.0,0.813,5688,303,2072,2026-09-10 01:31:27
244580,2,KODEX 바이오,7835,5,-300,-3.69,7833.0,-16.3927,216109,1711,2043,2026-09-10 01:31:27
490090,4,TIGER 미국AI빅테크10,15345,5,-145,-0.94,15374.0,-8.3432,62966,967,2041,2026-09-10 01:31:27
0151S0,4,KODEX 미국AI반도체TOP3플러스,14905,5,-110,-0.73,15054.0,-13.8937,80769,1210,2027,2026-09-10 01:31:27
0204D0,2,KODEX 현대차로보틱스밸류체인TOP3플러스,6010,5,-90,-1.48,6021.0,-28.2353,191509,1156,2022,2026-09-10 01:31:27
466930,2,SOL 자동차TOP3플러스,24510,5,-310,-1.25,24506.0,-31.1894,82326,2028,1985,2026-09-10 01:31:27
0115D0,2,KODEX 조선TOP10,7680,5,-185,-2.35,7682.0,-13.1899,257421,1997,1981,2026-09-10 01:31:27
261260,7,KODEX 미국달러선물인버스2X,5680,5,-25,-0.44,5687.0,27.6286,111588,632,1980,2026-09-10 01:31:27
495060,1,TIME 코리아밸류업액티브,28285,5,-480,-1.67,28330.0,-21.0296,47699,1357,1980,2026-09-10 01:31:27
0005A0,4,KODEX 미국S&P500데일리커버드콜OTM,9080,5,-20,-0.22,9066.0,-9.5985,35421,321,1952,2026-09-10 01:31:27
0192Z0,6,TIGER 중기종합채권(A-이상)액티브,100995,3,0,0.0,100926.0,1.0354,0,0,1929,2026-09-10 01:31:27
302190,6,TIGER 중장기국채,49860,5,-125,-0.25,49909.0,0.5329,11320,564,1925,2026-09-10 01:31:27
480040,4,ACE 미국반도체데일리타겟커버드콜(합성),14455,2,15,0.1,14430.0,-25.165,39693,574,1923,2026-09-10 01:31:27
463050,2,TIME K바이오액티브,11505,5,-490,-4.09,11513.0,-13.7051,128400,1494,1916,2026-09-10 01:31:27
495550,1,SOL 코리아밸류업TR,32960,5,-575,-1.71,32989.0,-13.3127,4273,141,1912,2026-09-10 01:31:27
0091C0,6,KODEX 미국10년국채액티브(H),9505,5,-25,-0.26,9500.0,-0.9864,14809,140,1892,2026-09-10 01:31:27
433980,7,KODEX TDF2040액티브 적격,15565,5,-65,-0.42,15506.0,-5.7035,6730,104,1876,2026-09-10 01:31:27
412570,2,TIGER 2차전지TOP10레버리지,1291,5,-48,-3.58,1294.0,-19.2401,5618951,7462,1875,2026-09-10 01:31:27
122090,1,PLUS 코스피50,82795,5,-1705,-2.02,82938.0,-13.9764,8061,673,1863,2026-09-10 01:31:27
0069M0,4,1Q 미국나스닥100,13020,5,-75,-0.57,13048.0,-11.6673,19724,257,1836,2026-09-10 01:31:27
0082V0,7,KODEX TDF2060액티브 적격,11025,5,-60,-0.54,10979.0,-8.2251,9765,107,1836,2026-09-10 01:31:27
0047A0,4,TIGER 차이나테크TOP10,12110,5,-170,-1.38,12008.0,-20.3632,40175,491,1829,2026-09-10 01:31:27
0093A0,2,RISE AI반도체TOP10,33835,5,-715,-2.07,33873.0,-11.8286,57812,1963,1827,2026-09-10 01:31:27
429000,4,TIGER 미국S&P500배당귀족,12775,5,-55,-0.43,12753.0,-6.839,29220,373,1827,2026-09-10 01:31:27
461950,2,KODEX 2차전지핵심소재10,5045,5,-155,-2.98,5047.0,-12.7831,471432,2428,1811,2026-09-10 01:31:27
494330,2,ACE 라이프자산주주가치액티브,32560,5,-475,-1.44,32563.0,4.1985,10003,327,1807,2026-09-10 01:31:27
0005G0,2,IBK K-AI반도체코어테크,51880,5,-1215,-2.29,52006.0,-22.2983,10862,567,1790,2026-09-10 01:31:27
483290,4,KODEX 미국배당다우존스타겟커버드콜,9900,5,-40,-0.4,9885.0,-5.8165,58852,582,1772,2026-09-10 01:31:27
332500,1,ACE 200TR,73615,5,-1795,-2.38,73873.0,-13.6148,3258,244,1767,2026-09-10 01:31:27
0190G0,2,KODEX 반도체타겟위클리커버드콜,9195,5,-145,-1.55,9221.0,-12.0285,120619,1117,1765,2026-09-10 01:31:27
0099L0,6,ACE 우량회사채(AA-이상)액티브,99685,5,-60,-0.06,99717.0,1.3359,3292,328,1748,2026-09-10 01:31:27
414780,4,TIGER 차이나과창판STAR50(합성),12755,5,-65,-0.51,12843.0,-15.1836,20024,256,1747,2026-09-10 01:31:27
480020,4,ACE 미국빅테크7+데일리타겟커버드콜(합성),10035,5,-95,-0.94,10039.0,-15.5213,175771,1766,1726,2026-09-10 01:31:27
473460,4,KODEX 미국서학개미,22850,5,-285,-1.23,22967.0,-14.2387,3684,84,1725,2026-09-10 01:31:27
494220,2,UNICORN SK하이닉스밸류체인액티브,48150,5,-800,-1.63,48211.0,-10.8947,24882,1205,1709,2026-09-10 01:31:27
403790,1,MIDAS 코스피액티브,58050,5,-1195,-2.02,58280.0,-11.9296,21,1,1698,2026-09-10 01:31:27
0040X0,7,SOL 팔란티어미국채커버드콜혼합,9005,5,-45,-0.5,9019.0,-4.451,48375,435,1670,2026-09-10 01:31:27
490600,4,RISE 미국배당100데일리고정커버드콜,8760,5,-10,-0.11,8733.0,-5.434,30363,266,1664,2026-09-10 01:31:27
472870,6,RISE 미국30년국채엔화노출(합성 H),6860,5,-60,-0.87,6881.0,-10.3377,46584,319,1664,2026-09-10 01:31:27
160580,5,TIGER 구리실물,16270,2,215,1.34,16148.0,-5.4755,25708,417,1660,2026-09-10 01:31:27
233160,3,TIGER 코스닥150 레버리지,7395,5,-315,-4.09,7403.0,-38.3694,961582,7185,1649,2026-09-10 01:31:27
337160,2,KODEX 200ESG,48100,5,-1135,-2.31,48249.0,-12.6746,909,44,1635,2026-09-10 01:31:27
237370,7,KODEX 코리아배당성장채권혼합,15685,3,0,0.0,15696.0,-0.8815,14882,233,1631,2026-09-10 01:31:27
0051G0,4,SOL 미국원자력SMR,13200,5,-300,-2.22,13183.0,-12.3946,76009,1000,1617,2026-09-10 01:31:27
0064K0,5,KODEX 금액티브,12410,2,100,0.81,12368.0,-10.375,29451,365,1607,2026-09-10 01:31:27
200250,4,KIWOOM 인도Nifty50(합성),20270,5,-60,-0.3,20377.0,-9.8448,2837,57,1601,2026-09-10 01:31:27
394670,4,TIGER 글로벌리튬&2차전지SOLACTIVE(합성),10825,5,-90,-0.82,10921.0,-17.1538,9169,99,1580,2026-09-10 01:31:27
0193G0,1,KoAct 코스피액티브,8475,5,-215,-2.47,8496.0,-15.6311,20202,173,1576,2026-09-10 01:31:27
272560,6,RISE 단기국공채액티브,114930,2,15,0.01,114951.0,0.754,809,92,1575,2026-09-10 01:31:27
0005D0,2,SOL 전고체배터리&실리콘음극재,14935,5,-545,-3.52,14953.0,-13.6643,354729,5402,1568,2026-09-10 01:31:27
271050,5,KODEX WTI원유선물인버스(H),1745,5,-55,-3.06,1741.0,-11.7648,4149415,7253,1565,2026-09-10 01:31:27
480030,4,ACE 미국500데일리타겟커버드콜(합성),9595,5,-35,-0.36,9581.0,-11.0591,66931,643,1564,2026-09-10 01:31:27
152870,1,파워 200,110650,5,-2465,-2.18,110839.0,-13.58,227,25,1549,2026-09-10 01:31:27
491820,2,HANARO 전력설비투자,42655,5,-2085,-4.66,42699.0,-12.9064,49805,2157,1536,2026-09-10 01:31:27
464240,6,KIWOOM 26-09회사채(AA-이상)액티브,52005,3,0,0.0,52019.0,0.7396,117,6,1524,2026-09-10 01:31:27
354500,1,ACE 코스닥150,13920,5,-300,-2.11,14006.0,-15.7833,52483,733,1517,2026-09-10 01:31:27
458210,7,KIWOOM CD금리액티브(합성),110705,2,40,0.04,110660.0,0.7281,77,8,1487,2026-09-10 01:31:27
219480,4,KODEX 미국S&P500선물(H),32940,5,-180,-0.54,32936.0,3.0491,3859,127,1482,2026-09-10 01:31:27
138520,2,TIGER 삼성그룹,36360,5,-840,-2.26,36408.0,-13.5186,10200,375,1469,2026-09-10 01:31:27
488720,7,WON 종합채권(AA-이상)액티브,48615,3,0,0.0,48545.0,-0.0823,0,0,1466,2026-09-10 01:31:27
0153K0,2,KODEX 주주환원고배당주,12185,5,-95,-0.77,12198.0,2.6308,41093,501,1462,2026-09-10 01:31:27
0151P0,2,RISE 코리아전략산업액티브,14825,5,-315,-2.08,14830.0,-18.657,16894,251,1460,2026-09-10 01:31:27
491610,6,1Q CD금리액티브(합성),104945,2,20,0.02,104924.0,0.7296,295,30,1451,2026-09-10 01:31:27
0127M0,4,ACE 미국대형가치주액티브,12015,5,-20,-0.17,12009.0,-5.4933,14514,173,1442,2026-09-10 01:31:27
143860,2,TIGER 헬스케어,35490,5,-1020,-2.79,35493.0,-6.2284,3725,133,1420,2026-09-10 01:31:27
0180V0,4,ACE 미국우주테크액티브,7490,5,-400,-5.07,7503.0,-35.7492,64409,483,1416,2026-09-10 01:31:27
0104H0,7,KoAct 미국나스닥채권혼합50액티브,11570,5,-55,-0.47,11625.0,-11.1918,14279,165,1412,2026-09-10 01:31:27
457990,2,PLUS 태양광&ESS,35675,5,-1375,-3.71,35817.0,-2.1395,136848,4980,1409,2026-09-10 01:31:27
451530,6,TIGER 국고채30년스트립액티브,34200,5,-245,-0.71,34188.0,-11.2586,6701,227,1409,2026-09-10 01:31:27
0048K0,4,KODEX 차이나휴머노이드로봇,7875,5,-100,-1.25,7877.0,-31.8538,205689,1629,1406,2026-09-10 01:31:27
245340,4,TIGER 미국다우존스30,34230,5,-100,-0.29,34165.0,-7.6922,6190,211,1397,2026-09-10 01:31:27
498180,6,파워 종합채권(AA-이상)액티브,93310,3,0,0.0,93092.0,-0.0804,0,0,1392,2026-09-10 01:31:27
481180,4,SOL 미국AI소프트웨어,15620,5,-55,-0.35,15629.0,1.0964,28417,443,1390,2026-09-10 01:31:27
0131W0,6,1Q 단기특수은행채액티브,102200,2,25,0.02,102202.0,0.7245,1501,153,1379,2026-09-10 01:31:27
139220,2,TIGER 200 건설,8040,5,-270,-3.25,8049.0,1.2797,171150,1397,1378,2026-09-10 01:31:27
495330,1,1Q 코리아밸류업,32040,5,-460,-1.42,32092.0,-13.2378,2647,85,1378,2026-09-10 01:31:27
0199C0,2,ACE 고배당주Plus커버드콜액티브,9175,5,-65,-0.7,9184.0,-3.4949,177513,1630,1367,2026-09-10 01:31:27
0092B0,2,SOL 한국원자력SMR,16590,5,-680,-3.94,16650.0,2.7976,101929,1708,1360,2026-09-10 01:31:27
0041E0,4,KODEX 미국S&P500액티브,15580,5,-40,-0.26,15566.0,-13.2349,10909,170,1355,2026-09-10 01:31:27
476450,6,KIWOOM 머니마켓액티브,52820,2,10,0.02,52826.0,0.8055,9,0,1340,2026-09-10 01:31:27
0123G0,4,TIGER 미국AI전력SMR,6530,5,-235,-3.47,6586.0,-14.3671,22249,146,1319,2026-09-10 01:31:27
0184L0,6,PLUS 중기종합채권(A-이상)액티브,100610,5,-20,-0.02,100643.0,1.0037,5,0,1313,2026-09-10 01:31:27
304660,6,KODEX 미국30년국채울트라선물(H),7210,5,-50,-0.69,7219.0,-2.1564,3617,26,1305,2026-09-10 01:31:27
471760,2,TIGER AI반도체핵심공정,14175,5,-280,-1.94,14182.0,-23.861,117290,1665,1304,2026-09-10 01:31:27
448100,1,WON 200,112745,5,-2340,-2.03,112987.0,-13.9929,1784,202,1297,2026-09-10 01:31:27
463290,6,1Q 단기금융채액티브,109340,2,20,0.02,109348.0,0.7836,142,15,1296,2026-09-10 01:31:27
476030,4,SOL 미국나스닥100,16490,5,-90,-0.54,16530.0,-11.6592,13608,224,1294,2026-09-10 01:31:27
461500,6,HANARO 종합채권(AA-이상)액티브,104685,5,-265,-0.25,104766.0,-0.0619,6036,632,1275,2026-09-10 01:31:27
325010,2,KODEX 성장주,43445,5,-990,-2.23,43422.0,-14.1685,175,7,1260,2026-09-10 01:31:27
463680,4,KODEX 미국S&P500테크놀로지,21805,5,-65,-0.3,21757.0,-9.4688,4363,95,1254,2026-09-10 01:31:27
0074K0,2,KoAct K수출핵심기업TOP30액티브,16685,5,-430,-2.51,16720.0,-16.4307,5350,90,1243,2026-09-10 01:31:27
114820,6,TIGER 국채3년,104955,5,-95,-0.09,104993.0,0.8157,309,32,1236,2026-09-10 01:31:27
469170,2,ACE 포스코그룹포커스,6060,5,-95,-1.54,6080.0,-4.1767,359025,2214,1236,2026-09-10 01:31:27
491230,6,PLUS 국공채머니마켓액티브,52535,2,25,0.05,52533.0,0.7386,346,18,1235,2026-09-10 01:31:27
0000Y0,6,HK 26-12 회사채(AA-이상)액티브,101920,3,0,0.0,101947.0,0.7313,0,0,1233,2026-09-10 01:31:27
192090,4,TIGER 차이나CSI300,11905,5,-15,-0.13,11939.0,-15.7002,6112,72,1232,2026-09-10 01:31:27
182480,7,TIGER 미국MSCI리츠(합성 H),13440,5,-65,-0.48,13498.0,1.34,1715,23,1230,2026-09-10 01:31:27
411420,4,KODEX 미국나스닥AI테크액티브,25800,5,-135,-0.52,25893.0,-12.7918,4963,128,1226,2026-09-10 01:31:27
438560,6,SOL 국고채3년,100300,5,-105,-0.1,100326.0,0.8841,18,1,1213,2026-09-10 01:31:27
0191W0,6,HANARO 중기종합채권(A-이상)액티브,100975,3,0,0.0,100921.0,1.0103,0,0,1212,2026-09-10 01:31:27
0181B0,4,HANARO 미국AI메모리반도체TOP4+,9805,5,-150,-1.51,9913.0,-14.255,125507,1235,1206,2026-09-10 01:31:27
447620,7,SOL 미국TOP5채권혼합50,15455,5,-115,-0.74,15500.0,-2.5047,10620,164,1205,2026-09-10 01:31:27
328370,1,PLUS 코스피TR,38885,5,-690,-1.74,38862.0,-12.9263,799,31,1205,2026-09-10 01:31:27
0168K0,2,TIGER 기술이전바이오액티브,5635,5,-255,-4.33,5642.0,-18.5902,488299,2795,1201,2026-09-10 01:31:27
0209D0,2,KODEX 전고체배터리ESS TOP2플러스,8270,5,-285,-3.33,8294.0,,515342,4329,1199,2026-09-10 01:31:27
377990,2,TIGER Fn신재생에너지,24220,5,-1025,-4.06,24229.0,-11.6661,21268,521,1199,2026-09-10 01:31:27
438570,6,SOL 국고채10년,97505,5,-470,-0.48,97472.0,0.6885,48,4,1186,2026-09-10 01:31:27
332940,1,HANARO MSCI Korea TR,48840,5,-750,-1.51,48911.0,-14.5222,11,0,1172,2026-09-10 01:31:27
367770,2,RISE 수소경제테마,22540,5,-525,-2.28,22545.0,-14.4156,11478,259,1172,2026-09-10 01:31:27
319640,4,TIGER 골드선물(H),25900,2,55,0.21,25880.0,-0.0967,11904,308,1166,2026-09-10 01:31:27
399110,4,SOL 미국S&P500ESG,20130,5,-95,-0.47,20143.0,-7.5333,4436,89,1147,2026-09-10 01:31:27
0232A0,6,MIDAS 머니마켓액티브,100170,3,0,0.0,100196.0,,0,0,1142,2026-09-10 01:31:27
0122W0,6,RISE 26-11 회사채(AA-이상)액티브,51015,3,0,0.0,51032.0,0.7166,0,0,1140,2026-09-10 01:31:27
251340,3,KODEX 코스닥150선물인버스,2460,2,55,2.29,2467.0,5.2516,20410251,49992,1137,2026-09-10 01:31:27
0000J0,2,PLUS 한화그룹주,27850,5,-645,-2.26,27857.0,-7.9471,23203,651,1114,2026-09-10 01:31:27
304940,4,KODEX 미국나스닥100선물(H),32275,5,-260,-0.8,32348.0,-0.6869,4482,145,1113,2026-09-10 01:31:27
0135Y0,6,IBK 중기종합채권(AA-이상)액티브,100450,3,0,0.0,100390.0,0.8787,0,0,1112,2026-09-10 01:31:27
0080Y0,2,SOL 조선TOP3플러스레버리지,8665,5,-340,-3.78,8688.0,-36.5622,137342,1214,1109,2026-09-10 01:31:27
455860,2,SOL 2차전지소부장Fn,4590,5,-125,-2.65,4594.0,-15.1979,359769,1676,1108,2026-09-10 01:31:27
266370,2,KODEX IT,69005,5,-1695,-2.4,69098.0,-17.5847,6771,470,1104,2026-09-10 01:31:27
0091M0,6,HANARO 27-06 회사채(AA-이상)액티브,10170,3,0,0.0,10170.0,0.7928,0,0,1101,2026-09-10 01:31:27
488500,4,TIGER 미국S&P500동일가중,12110,5,-95,-0.78,12093.0,-7.5747,10906,132,1096,2026-09-10 01:31:27
326240,2,RISE IT플러스,43685,5,-915,-2.05,43755.0,-17.1774,2180,95,1092,2026-09-10 01:31:27
0138Y0,7,PLUS 금채권혼합,9700,2,20,0.21,9684.0,-4.6775,27387,265,1086,2026-09-10 01:31:27
309230,4,ACE 미국WideMoat동일가중,29360,5,-65,-0.22,29370.0,-4.9161,1984,58,1080,2026-09-10 01:31:27
0174B0,7,KoAct 글로벌AI메모리반도체액티브,14480,5,-205,-1.4,14561.0,-15.3847,31175,452,1079,2026-09-10 01:31:27
0221V0,6,IBK 초단기채권액티브,100545,2,25,0.02,100550.0,,2428,244,1075,2026-09-10 01:31:27
0085P0,6,ACE 미국10년국채액티브,9455,5,-5,-0.05,9454.0,-12.0963,85412,807,1068,2026-09-10 01:31:27
0193M0,6,BNK 27-12 특수채(AAA이상)액티브,50410,3,0,0.0,50409.0,,0,0,1066,2026-09-10 01:31:27
372330,4,KODEX 차이나항셍테크,6340,5,-100,-1.55,6336.0,-18.8711,56497,361,1065,2026-09-10 01:31:27
0132K0,7,PLUS 테슬라위클리커버드콜채권혼합,8015,5,-10,-0.12,8019.0,-5.4075,26906,215,1062,2026-09-10 01:31:27
496090,1,KIWOOM 코리아밸류업,32165,5,-630,-1.92,32275.0,-13.0698,102,3,1061,2026-09-10 01:31:27
0036R0,4,RISE 미국휴머노이드로봇,18760,2,60,0.32,18837.0,-14.3179,2871,53,1051,2026-09-10 01:31:27
464930,4,TIGER 글로벌혁신블루칩TOP10,19970,5,-40,-0.2,19860.0,-9.946,843,16,1038,2026-09-10 01:31:27
168580,4,ACE 중국본토CSI300,33135,5,-110,-0.33,33185.0,-14.0068,257,8,1034,2026-09-10 01:31:27
0008T0,2,SOL 화장품TOP3플러스,16845,5,-635,-3.63,16891.0,27.081,848013,14536,1028,2026-09-10 01:31:27
476850,1,KoAct 배당성장액티브,21630,5,-370,-1.68,21663.0,-9.3055,39621,864,1027,2026-09-10 01:31:27
464310,4,TIGER 글로벌AI&로보틱스 INDXX,13130,5,-180,-1.35,13157.0,-18.4437,8676,114,1024,2026-09-10 01:31:27
475050,2,ACE KPOP포커스,6805,5,-125,-1.8,6813.0,-9.4118,209576,1427,1021,2026-09-10 01:31:27
203780,4,TIGER 미국나스닥바이오,34000,5,-320,-0.93,34058.0,8.2479,12902,438,1020,2026-09-10 01:31:27
475280,6,ACE 8월만기자동연장회사채AA-이상액티브,10740,3,0,0.0,10749.0,0.7504,0,0,1012,2026-09-10 01:31:27
394660,4,TIGER 글로벌자율주행&전기차SOLACTIVE,15230,5,-170,-1.1,15348.0,-22.5937,495,7,999,2026-09-10 01:31:27
0137V0,4,KIWOOM 미국S&P500모멘텀,11225,5,-75,-0.66,11242.0,-10.7653,12262,137,999,2026-09-10 01:31:27
0177X0,2,ACE K휴머노이드로봇산업TOP2+,9770,2,80,0.83,9815.0,-22.3869,452259,4514,997,2026-09-10 01:31:27
114100,6,RISE 국고채3년,105905,5,-80,-0.08,105927.0,0.8419,60,6,996,2026-09-10 01:31:27
0142D0,4,TIGER 미국AI데이터센터TOP4Plus,10665,5,-525,-4.69,10871.0,-18.7659,138983,1495,992,2026-09-10 01:31:27
261270,7,KODEX 미국달러선물인버스,8350,5,-20,-0.24,8361.0,13.4146,32842,274,990,2026-09-10 01:31:27
0176E0,4,RISE 미국AI전력인프라액티브,9500,5,-305,-3.11,9543.0,-22.2443,10624,101,983,2026-09-10 01:31:27
298770,4,KODEX 한국대만IT프리미어,81390,5,-915,-1.11,81724.0,-12.1058,1255,102,977,2026-09-10 01:31:27
0197X0,2,SOL SK하이닉스선물단일종목인버스2X,5870,2,275,4.92,5861.0,-56.8787,10336585,58725,955,2026-09-10 01:31:27
465610,4,ACE 미국빅테크TOP7 Plus레버리지(합성),39500,5,-1085,-2.67,39586.0,-13.557,2200,87,948,2026-09-10 01:31:27
195980,4,PLUS 신흥국MSCI(합성 H),15440,5,-130,-0.83,15538.0,2.6029,1808,28,945,2026-09-10 01:31:27
473440,6,ACE 11월만기자동연장회사채AA-이상액티브,10860,2,10,0.09,10858.0,0.7895,321,3,945,2026-09-10 01:31:27
0007N0,1,아이엠에셋 200,110220,5,-2475,-2.2,110335.0,-13.8138,22,2,937,2026-09-10 01:31:27
433970,7,KODEX TDF2030액티브 적격,13720,5,-100,-0.72,13737.0,-4.0467,2669,36,933,2026-09-10 01:31:27
0052T0,6,1Q 중단기회사채(A-이상)액티브,50710,5,-55,-0.11,50787.0,0.9846,5,0,930,2026-09-10 01:31:27
454320,2,HANARO CAPEX설비투자iSelect,42800,5,-1760,-3.95,42918.0,-4.4085,932,40,920,2026-09-10 01:31:27
0035T0,7,PLUS 글로벌휴머노이드로봇액티브,18895,5,-110,-0.58,18914.0,-19.2308,3910,74,916,2026-09-10 01:31:27
211900,2,KODEX 코리아배당성장,28065,5,-165,-0.58,28076.0,-5.1691,810,22,912,2026-09-10 01:31:27
308620,6,KODEX 미국10년국채선물,11090,3,0,0.0,11097.0,-12.2627,8449,93,909,2026-09-10 01:31:27
325020,2,KODEX 배당가치,29305,5,-305,-1.03,29317.0,-5.435,911,26,908,2026-09-10 01:31:27
449770,4,KIWOOM 미국S&P500,20315,5,-45,-0.22,20297.0,-8.507,1093,22,894,2026-09-10 01:31:27
0066W0,5,SOL 국제금,12500,2,65,0.52,12477.0,-10.3784,11690,145,894,2026-09-10 01:31:27
269540,4,PLUS 미국S&P500(H),29790,5,-180,-0.6,29769.0,1.0451,2478,73,894,2026-09-10 01:31:27
486240,2,DAISHIN AI반도체&인프라액티브,28760,5,-715,-2.43,28726.0,-15.0332,361,10,892,2026-09-10 01:31:27
453080,4,KIWOOM 미국나스닥100(H),22765,5,-180,-0.78,22801.0,-0.9828,1432,32,888,2026-09-10 01:31:27
143850,4,TIGER 미국S&P500선물(H),76890,5,-370,-0.48,76886.0,2.3514,1005,77,884,2026-09-10 01:31:27
468380,6,KODEX iShares미국하이일드액티브,10560,3,0,0.0,10551.0,-10.6884,4049,42,884,2026-09-10 01:31:27
108450,2,ACE 삼성그룹섹터가중,39420,5,-770,-1.92,39464.0,-13.3837,1361,53,867,2026-09-10 01:31:27
495040,1,PLUS 코리아밸류업,32000,5,-585,-1.8,32016.0,-12.5884,584,18,864,2026-09-10 01:31:27
329670,7,KODEX TRF7030,21485,5,-85,-0.39,21516.0,-5.3531,3560,76,859,2026-09-10 01:31:27
444490,4,WON 미국S&P500,19450,5,-85,-0.44,19454.0,-8.5869,6208,121,856,2026-09-10 01:31:27
479620,4,SOL 미국AI반도체칩메이커,24500,5,-90,-0.37,24744.0,-18.1834,4008,98,845,2026-09-10 01:31:27
460960,7,ACE 글로벌인컴TOP10,10640,5,-25,-0.23,10637.0,-9.8076,150593,1605,835,2026-09-10 01:31:27
0017Y0,6,1Q 종합채권(AA-이상)액티브,93665,5,-190,-0.2,93714.0,-0.3081,12,1,833,2026-09-10 01:31:27
204480,4,TIGER 차이나CSI300레버리지(합성),22370,5,-170,-0.75,22609.0,-31.0598,186,4,832,2026-09-10 01:31:27
453330,4,RISE 미국S&P500(H),18075,5,-90,-0.5,18059.0,3.3845,4742,85,831,2026-09-10 01:31:27
461460,6,PLUS 국고채10년액티브,50935,5,-235,-0.46,50960.0,0.186,1200,61,826,2026-09-10 01:31:27
359210,1,KODEX 코스피TR,35890,5,-645,-1.77,35876.0,-12.929,232,8,825,2026-09-10 01:31:27
329660,7,KODEX TRF5050,17505,5,-70,-0.4,17580.0,-3.6993,1926,33,823,2026-09-10 01:31:27
138530,2,TIGER LG그룹플러스,12430,5,-135,-1.07,12444.0,-8.9823,29672,373,813,2026-09-10 01:31:27
337140,2,KODEX 코스피대형주,36660,5,-670,-1.79,36655.0,-13.7148,1956,72,807,2026-09-10 01:31:27
0018C0,2,PLUS 고배당주위클리고정커버드콜,10665,5,-60,-0.56,10666.0,-0.6822,38925,416,805,2026-09-10 01:31:27
481430,6,RISE 국고채10년액티브,97335,5,-470,-0.48,97415.0,0.0869,145,14,804,2026-09-10 01:31:27
485690,4,RISE 미국AI밸류체인TOP3Plus,21280,5,-165,-0.77,21402.0,-14.942,1942,41,798,2026-09-10 01:31:27
0162L0,4,KODEX 차이나AI반도체TOP10,12830,5,-170,-1.31,12849.0,-19.7154,140567,1815,789,2026-09-10 01:31:27
495750,1,HANARO 코리아밸류업,32180,5,-460,-1.41,32222.0,-13.2905,16,0,788,2026-09-10 01:31:27
0098N0,2,PLUS 자사주매입고배당주,13005,5,-105,-0.8,13006.0,4.2845,9796,127,787,2026-09-10 01:31:27
458030,6,WON 국공채머니마켓액티브,55085,2,20,0.04,55079.0,0.6948,76,4,786,2026-09-10 01:31:27
0049M0,4,ACE 미국배당퀄리티+커버드콜액티브,10855,5,-55,-0.5,10850.0,-8.648,5994,65,771,2026-09-10 01:31:27
210780,2,TIGER 코스피고배당,23340,5,-215,-0.91,23407.0,0.0671,1819,42,770,2026-09-10 01:31:27
365040,1,TIGER AI코리아그로스액티브,36585,5,-855,-2.28,36543.0,-11.6148,636,23,768,2026-09-10 01:31:27
0057H0,7,PLUS 미국S&P500미국채혼합50액티브,11275,2,5,0.04,11271.0,-9.7242,36620,413,767,2026-09-10 01:31:27
475310,2,SOL 반도체후공정,27350,5,-700,-2.5,27459.0,-10.9524,120801,3314,766,2026-09-10 01:31:27
469060,4,RISE 미국반도체NYSE,33880,5,-150,-0.44,34177.0,-19.378,2052,69,762,2026-09-10 01:31:27
364960,2,TIGER BBIG,6345,5,-130,-2.01,6341.0,-8.7386,5582,35,758,2026-09-10 01:31:27
490480,2,SOL K방산,28030,5,-310,-1.09,28024.0,-9.8027,17125,480,757,2026-09-10 01:31:27
157490,2,TIGER 소프트웨어,8080,5,-105,-1.28,8079.0,-17.5315,23850,193,751,2026-09-10 01:31:27
272910,6,ACE 중장기국공채액티브,106030,5,-45,-0.04,105878.0,0.779,1,0,740,2026-09-10 01:31:27
0198A0,2,KIWOOM 코스닥150커버드콜액티브,8555,5,-155,-1.78,8564.0,,293196,2514,736,2026-09-10 01:31:27
228810,2,TIGER 미디어컨텐츠,3020,5,-45,-1.47,3021.0,-12.1777,56680,171,733,2026-09-10 01:31:27
0022T0,4,SOL 국제금커버드콜액티브,12810,2,80,0.63,12787.0,-10.7671,14608,186,730,2026-09-10 01:31:27
0080X0,7,SOL 미국S&P500미국채혼합50,10575,5,-20,-0.19,10564.0,-10.3981,75817,802,730,2026-09-10 01:31:27
473640,4,HANARO 글로벌금채굴기업,34652,5,-263,-0.75,34778.0,11.336,5352,185,728,2026-09-10 01:31:27
292190,1,KODEX KRX300,48320,5,-1130,-2.29,48406.0,-14.1169,229,11,725,2026-09-10 01:31:27
298340,6,PLUS 국채선물3년,56385,5,-75,-0.13,56405.0,1.1012,5,0,719,2026-09-10 01:31:27
441540,2,HANARO Fn조선해운,26550,5,-420,-1.56,26679.0,-8.4522,2208,59,717,2026-09-10 01:31:27
465780,6,마이티 26-09 특수채(AAA)액티브,106445,3,0,0.0,106471.0,0.6905,0,0,716,2026-09-10 01:31:27
0098Z0,1,FOCUS 200,94910,5,-690,-0.72,93891.0,-13.8195,360,34,712,2026-09-10 01:31:27
0225V0,4,KODEX 미국CPU반도체TOP10,10370,2,15,0.14,10511.0,,17075,178,710,2026-09-10 01:31:27
465330,2,RISE 2차전지TOP10,11720,5,-300,-2.5,11744.0,-4.1468,111946,1337,709,2026-09-10 01:31:27
211560,2,TIGER 배당성장,35170,5,-460,-1.29,35170.0,-4.019,504,17,707,2026-09-10 01:31:27
0210E0,2,PLUS 200커버드콜액티브,7390,5,-170,-2.25,7396.0,,46705,348,702,2026-09-10 01:31:27
475350,4,RISE 버크셔포트폴리오TOP10,14070,5,-70,-0.5,14041.0,-6.3408,9921,139,696,2026-09-10 01:31:27
412770,4,TIGER 글로벌AI플랫폼액티브,11890,5,-95,-0.79,11916.0,-25.4665,159,1,696,2026-09-10 01:31:27
440640,6,ACE 단기채권알파액티브,112775,2,25,0.02,112781.0,0.8226,660,74,686,2026-09-10 01:31:27
228800,2,TIGER 여행레저,2650,5,-45,-1.67,2651.0,-8.0205,55112,146,684,2026-09-10 01:31:27
0113D0,4,TIME 글로벌탑픽액티브,11580,5,-95,-0.81,11602.0,-8.3595,24047,278,683,2026-09-10 01:31:27
0233A0,7,ACE 삼성전자SK하이닉스플러스채권혼합50,10490,5,-175,-1.64,10523.0,,388408,4120,682,2026-09-10 01:31:27
0102A0,4,TIGER 미국AI소프트웨어TOP4Plus,8415,5,-130,-1.52,8417.0,-6.9173,39316,331,682,2026-09-10 01:31:27
130730,6,KIWOOM 단기자금,103105,2,35,0.03,103102.0,0.6985,159,16,680,2026-09-10 01:31:27
492500,7,1Q 현대차그룹채권(A+이상)&국고통안,51370,5,-25,-0.05,51393.0,0.814,55,2,679,2026-09-10 01:31:27
491700,1,HK 200,113115,3,0,0.0,110793.0,-13.0287,0,0,679,2026-09-10 01:31:27
434960,1,DAISHIN K200,113070,3,0,0.0,110677.0,-13.4928,0,0,678,2026-09-10 01:31:27
100910,1,KIWOOM KRX100,17345,5,-275,-1.56,17286.0,-14.2087,592,10,676,2026-09-10 01:31:27
0190Y0,4,TIGER 구글밸류체인,8250,5,-100,-1.2,8271.0,-20.4589,15287,126,668,2026-09-10 01:31:27
278620,6,PLUS 단기채권액티브,119175,2,25,0.02,119184.0,1.0088,4942,588,667,2026-09-10 01:31:27
458750,4,TIGER 미국배당다우존스타겟커버드콜1호,12560,5,-30,-0.24,12511.0,-6.0809,2616,32,653,2026-09-10 01:31:27
433880,7,PLUS TDF2060액티브 적격,18055,5,-85,-0.47,18034.0,-8.001,1167,21,652,2026-09-10 01:31:27
266420,2,KODEX 헬스케어,16130,5,-435,-2.63,16122.0,-6.5445,8180,132,645,2026-09-10 01:31:27
140700,2,KODEX 보험,20810,2,80,0.39,20830.0,4.4732,112464,2360,645,2026-09-10 01:31:27
277640,2,TIGER 코스피대형주,37905,5,-795,-2.05,37897.0,-13.5346,1323,50,644,2026-09-10 01:31:27
0123S0,2,HANARO 26-12 은행채(AA+이상)액티브,10200,2,15,0.15,10197.0,0.692,24,0,632,2026-09-10 01:31:27
419890,6,KIWOOM 단기채권ESG액티브,107620,2,20,0.02,107613.0,0.8718,1193,128,624,2026-09-10 01:31:27
306950,3,KODEX KRX300레버리지,77730,5,-3145,-3.89,77885.0,-37.4081,288,22,622,2026-09-10 01:31:27
292770,6,KODEX 국채선물3년인버스,57890,2,90,0.16,57920.0,0.0259,2,0,622,2026-09-10 01:31:27
453950,4,TIGER TSMC파운드리밸류체인,31850,5,-345,-1.07,31931.0,-13.2445,1316,42,621,2026-09-10 01:31:27
455660,6,ACE 미국하이일드액티브(H),9395,5,-15,-0.16,9385.0,0.5278,4983,46,620,2026-09-10 01:31:27
0115E0,2,KODEX 코리아소버린AI,14200,5,-285,-1.97,14218.0,-10.977,3003,42,618,2026-09-10 01:31:27
252400,3,RISE 200선물레버리지,102385,5,-5070,-4.72,102494.0,-37.0006,38719,4047,614,2026-09-10 01:31:27
261240,7,KODEX 미국달러선물,13845,2,40,0.29,13841.0,-10.993,31889,441,604,2026-09-10 01:31:27
0000D0,7,TIGER 엔비디아미국채커버드콜밸런스(합성),8725,5,-85,-0.96,8766.0,-10.4105,25025,218,602,2026-09-10 01:31:27
0172V0,5,1Q 은액티브,8505,2,90,1.07,8487.0,-13.515,25149,213,600,2026-09-10 01:31:27
476750,6,ACE 미국30년국채엔화노출액티브(H),7385,5,-65,-0.87,7398.0,-10.7957,8407,62,598,2026-09-10 01:31:27
275980,4,TIGER 글로벌4차산업혁신기술(합성 H),23540,3,0,0.0,23433.0,-2.0392,17,0,598,2026-09-10 01:31:27
495940,4,RISE 미국AI테크액티브,18670,5,-220,-1.16,18744.0,-18.5943,4145,77,597,2026-09-10 01:31:27
261220,5,KODEX WTI원유선물(H),27170,2,645,2.43,27170.0,8.2653,189954,5155,591,2026-09-10 01:31:27
0166S0,2,PLUS K제조업핵심기업액티브,11185,5,-230,-2.01,11193.0,-16.9214,13079,147,587,2026-09-10 01:31:27
491220,1,PLUS 200TR,130225,5,-2705,-2.03,130476.0,-13.3329,79,10,586,2026-09-10 01:31:27
0194T0,2,ACE SK하이닉스단일종목레버리지,9700,5,-480,-4.72,9762.0,-53.4948,38224,386,580,2026-09-10 01:31:27
453640,4,KODEX 미국S&P500헬스케어,13450,5,-10,-0.07,13457.0,-2.7985,6823,91,578,2026-09-10 01:31:27
0040S0,4,HANARO 글로벌피지컬AI액티브,22650,5,-145,-0.64,22696.0,-22.5714,1760,40,578,2026-09-10 01:31:27
225040,4,TIGER 미국S&P500레버리지(합성 H),66895,5,-670,-0.99,66752.0,5.5373,1180,79,562,2026-09-10 01:31:27
304780,3,HANARO 200선물레버리지,124655,5,-6345,-4.84,124875.0,-36.8812,693,86,561,2026-09-10 01:31:27
0226A0,7,PLUS SK하이닉스샌디스크채권혼합50,11185,5,-70,-0.62,11267.0,,53502,604,559,2026-09-10 01:31:27
385590,2,ACE ESG액티브,24315,5,-300,-1.22,24158.0,-8.9346,101,2,559,2026-09-10 01:31:27
479730,4,TIGER 인도빌리언컨슈머,9475,2,5,0.05,9499.0,-5.6408,1927,18,559,2026-09-10 01:31:27
0181L0,4,SOL 미국우주항공TOP10,6735,5,-440,-6.13,6772.0,-36.7842,68199,461,552,2026-09-10 01:31:27
150460,2,TIGER 중국소비테마,7395,5,-150,-1.99,7415.0,4.1407,7506,56,550,2026-09-10 01:31:27
278240,3,RISE 코스닥150선물레버리지,7510,5,-325,-4.15,7540.0,-38.4767,15953,120,547,2026-09-10 01:31:27
401470,2,KODEX 메타버스액티브,9350,5,-140,-1.48,9370.0,-11.3913,2796,26,547,2026-09-10 01:31:27
0111J0,2,HANARO 증권고배당TOP3플러스,12245,5,-290,-2.31,12240.0,-21.8153,23837,292,545,2026-09-10 01:31:27
0197W0,2,SOL SK하이닉스단일종목레버리지,9560,5,-455,-4.54,9567.0,-53.7947,118493,1189,540,2026-09-10 01:31:27
455960,6,RISE 미국달러SOFR금리액티브(합성),11785,2,20,0.17,11755.0,-9.9847,41,0,540,2026-09-10 01:31:27
0141S0,2,SOL 조선기자재,8405,5,-295,-3.39,8407.0,-11.1339,57223,483,534,2026-09-10 01:31:27
442560,7,RISE TDF2040액티브 적격,16090,5,-85,-0.53,16008.0,-6.9137,2132,34,531,2026-09-10 01:31:27
0113P0,6,HK 머니마켓액티브,102475,3,0,0.0,102499.0,0.7719,0,0,531,2026-09-10 01:31:27
0046Y0,4,ACE 미국배당퀄리티,12150,5,-50,-0.41,12135.0,-8.6414,2857,34,522,2026-09-10 01:31:27
445150,2,KODEX 친환경조선해운액티브,28100,5,-570,-1.99,28125.0,-8.9805,2059,58,520,2026-09-10 01:31:27
261070,2,TIGER 코스닥150바이오테크,11330,5,-440,-3.74,11336.0,-18.6031,51028,586,519,2026-09-10 01:31:27
101280,4,KODEX 일본TOPIX100,29995,5,-225,-0.74,29885.0,-2.9017,558,16,516,2026-09-10 01:31:27
114470,6,KIWOOM 국고채3년,107330,5,-100,-0.09,107340.0,0.9153,5330,572,515,2026-09-10 01:31:27
480310,4,TIGER 글로벌온디바이스AI,19410,2,5,0.03,19538.0,-19.0363,3772,73,514,2026-09-10 01:31:27
275300,2,KODEX 우량주,30255,5,-595,-1.93,30172.0,-13.0158,664,20,514,2026-09-10 01:31:27
253150,3,PLUS 200선물레버리지,204885,5,-10010,-4.66,204926.0,-37.0769,22119,4670,512,2026-09-10 01:31:27
360140,2,KODEX 200롱코스닥150숏선물,23125,5,-15,-0.06,23120.0,-2.1772,7571,176,509,2026-09-10 01:31:27
440910,4,WON 미국우주항공방산,22560,5,-580,-2.51,22546.0,-16.8374,3889,87,508,2026-09-10 01:31:27
475260,6,ACE 2월만기자동연장회사채AA-이상액티브,10755,2,5,0.05,10757.0,0.7497,11,0,507,2026-09-10 01:31:27
0118Z0,4,ACE 미국AI테크핵심산업액티브,8430,5,-200,-2.32,8443.0,-14.7655,9799,82,502,2026-09-10 01:31:27
218420,4,KODEX 미국S&P500에너지(합성),20410,2,275,1.37,20340.0,-0.568,6570,133,501,2026-09-10 01:31:27
0139P0,2,ACE 고배당주,13475,5,-90,-0.66,13488.0,-0.5124,1762,23,499,2026-09-10 01:31:27
152500,3,ACE 레버리지,45275,5,-2210,-4.65,45383.0,-37.1767,12258,568,498,2026-09-10 01:31:27
0041D0,4,KODEX 미국AI소프트웨어TOP10,12880,2,80,0.63,12888.0,-8.2315,35515,457,496,2026-09-10 01:31:27
0238P0,7,TIGER 미국S&P500미국채혼합50,9885,5,-40,-0.4,9901.0,,31580,312,494,2026-09-10 01:31:27
0185L0,4,TIME 글로벌휴머노이드로봇산업액티브,7100,5,-50,-0.7,7112.0,-28.2489,3284,23,493,2026-09-10 01:31:27
123310,3,TIGER 인버스,1112,2,24,2.21,1112.0,-1.091,997407,1098,489,2026-09-10 01:31:27
292560,7,TIGER 일본엔선물,8065,5,-10,-0.12,8056.0,-7.8723,42212,341,484,2026-09-10 01:31:27
140950,1,파워 코스피100,86195,5,-1925,-2.18,86399.0,-13.9275,53,4,483,2026-09-10 01:31:27
0118S0,4,SOL 미국넥스트테크TOP10액티브,10285,5,-275,-2.6,10390.0,-25.9468,100520,1036,478,2026-09-10 01:31:27
418670,4,TIGER 글로벌AI사이버보안,16570,2,40,0.24,16562.0,4.0604,11622,192,477,2026-09-10 01:31:27
0000Z0,2,RISE 바이오TOP10액티브,8155,5,-405,-4.73,8166.0,-21.1424,45467,375,477,2026-09-10 01:31:27
442260,1,마이티 다이나믹퀀트액티브,38200,5,-995,-2.54,38246.0,-13.5913,267,10,474,2026-09-10 01:31:27
287180,4,PLUS 미국나스닥테크,52510,5,-350,-0.66,52682.0,-12.1344,294,15,473,2026-09-10 01:31:27
336160,6,RISE 금융채액티브,100145,2,5,0.0,100079.0,0.7846,3,0,470,2026-09-10 01:31:27
305050,1,ACE 코스피,71940,5,-1180,-1.61,71816.0,-12.363,305,22,468,2026-09-10 01:31:27
316670,1,KIWOOM 코스닥150,6900,5,-155,-2.2,6926.0,-15.5596,88541,612,466,2026-09-10 01:31:27
447430,2,ACE 주주환원가치주액티브,16315,5,-185,-1.12,16337.0,1.6706,10465,171,465,2026-09-10 01:31:27
0132H0,4,KODEX 미국원자력SMR,8000,5,-315,-3.79,8023.0,-18.8385,17770,142,464,2026-09-10 01:31:27
0178H0,7,IBK 미국AI TOP10국채혼합50,9855,2,90,0.92,9863.0,-4.0705,2982,29,463,2026-09-10 01:31:27
0086B0,2,TIGER 리츠부동산인프라TOP10액티브,9435,5,-45,-0.47,9435.0,3.6339,6369,60,462,2026-09-10 01:31:27
0020H0,4,KoAct 글로벌양자컴퓨팅액티브,21190,5,-455,-2.1,21207.0,-26.8874,10742,227,456,2026-09-10 01:31:27
461340,4,HANARO 글로벌생성형AI액티브,41250,5,-250,-0.6,41356.0,-12.8792,2372,98,454,2026-09-10 01:31:27
442090,2,에셋플러스 코리아대장장이액티브,30170,5,-360,-1.18,30182.0,-10.7702,15,0,453,2026-09-10 01:31:27
473590,4,ACE 미국주식베스트셀러,18470,5,-210,-1.12,18618.0,-20.7468,5560,102,453,2026-09-10 01:31:27
0220B0,1,DS 코스닥액티브,10170,5,-90,-0.88,10204.0,,49337,500,447,2026-09-10 01:31:27
453650,4,KODEX 미국S&P500금융,18625,5,-135,-0.72,18696.0,-2.1295,3578,66,447,2026-09-10 01:31:27
375770,2,KODEX 탄소효율그린뉴딜,24815,5,-405,-1.61,24859.0,-12.8115,38,0,447,2026-09-10 01:31:27
475270,6,ACE 5월만기자동연장회사채AA-이상액티브,10730,3,0,0.0,10742.0,0.6566,0,0,446,2026-09-10 01:31:27
200030,4,KODEX 미국S&P500산업재(합성),39560,5,-640,-1.59,39626.0,-11.1505,978,38,446,2026-09-10 01:31:27
473490,4,KIWOOM 글로벌AI반도체,29600,2,80,0.27,29694.0,-14.9909,753,22,444,2026-09-10 01:31:27
256750,4,KODEX 차이나심천ChiNext(합성),14460,5,-215,-1.47,14498.0,-24.7629,20333,296,442,2026-09-10 01:31:27
0192L0,2,RISE SK하이닉스단일종목레버리지,9855,5,-510,-4.92,9939.0,-52.7468,29665,302,439,2026-09-10 01:31:27
429760,4,PLUS 미국S&P500,18910,5,-40,-0.21,18889.0,-8.4242,512,9,435,2026-09-10 01:31:27
196030,4,ACE 일본TOPIX레버리지(H),86850,5,-1055,-1.2,86752.0,6.7067,4,0,434,2026-09-10 01:31:27
276990,4,KODEX 글로벌로봇(합성),24450,5,-115,-0.47,24457.0,-15.9165,588,14,433,2026-09-10 01:31:27
0186S0,7,1Q 코스닥150채권혼합50액티브,8285,5,-100,-1.19,8330.0,-7.5081,120845,1003,431,2026-09-10 01:31:27
0141T0,6,SOL 중기종합채권(AA-이상)액티브,50320,3,0,0.0,50285.0,0.9428,0,0,429,2026-09-10 01:31:27
371470,4,TIGER 차이나바이오테크SOLACTIVE,8110,5,-65,-0.8,8170.0,11.376,4119,33,428,2026-09-10 01:31:27
440650,6,ACE 미국달러단기채권액티브,11250,2,30,0.27,11240.0,-10.9171,24539,276,428,2026-09-10 01:31:27
139320,5,TIGER 금은선물(H),18410,2,85,0.46,18426.0,-0.7314,3311,60,423,2026-09-10 01:31:27
487130,2,KoAct AI인프라액티브,29105,5,-760,-2.54,29125.0,-15.3007,4825,140,422,2026-09-10 01:31:27
472830,6,RISE 미국30년국채커버드콜(합성),7600,5,-35,-0.46,7602.0,-14.1535,4135,31,422,2026-09-10 01:31:27
238720,4,ACE 일본Nikkei225(H),46540,5,-890,-1.88,46714.0,-0.0422,930,43,419,2026-09-10 01:31:27
0089C0,4,KODEX 미국S&P500변동성확대시커버드콜,11010,5,-45,-0.41,11016.0,-7.984,342,3,418,2026-09-10 01:31:27
0189B0,5,TIGER 은액티브,8190,2,105,1.3,8170.0,-13.4369,6160,50,418,2026-09-10 01:31:27
0191M0,6,마이티 5월만기자동연장특수채(AAA)액티브,100790,3,0,0.0,100806.0,0.7698,0,0,417,2026-09-10 01:31:27
0112X0,1,마이티 200TR,41220,5,-940,-2.23,41260.0,-13.7392,124,5,412,2026-09-10 01:31:27
401170,2,RISE 메타버스,10515,5,-145,-1.36,10539.0,-22.0761,329,3,412,2026-09-10 01:31:27
0194M0,2,ACE 삼성전자단일종목레버리지,11035,5,-580,-4.99,11079.0,-47.9032,31547,353,411,2026-09-10 01:31:27
448570,1,FOCUS AI코리아액티브,30300,5,-425,-1.38,30176.0,-6.7527,18,0,409,2026-09-10 01:31:27
476260,2,HANARO 반도체핵심공정주도주,12580,5,-140,-1.1,12624.0,-13.5283,73374,920,409,2026-09-10 01:31:27
472840,1,IBK 200,108875,5,-2445,-2.2,109286.0,-13.7088,535,59,408,2026-09-10 01:31:27
183700,7,RISE 200채권혼합50,96740,5,-835,-0.86,96435.0,-6.5061,212,20,406,2026-09-10 01:31:27
0007G0,4,PLUS 글로벌원자력밸류체인,13525,5,-475,-3.39,13611.0,-10.9698,2164,29,406,2026-09-10 01:31:27
322410,2,HANARO K고배당,23000,5,-125,-0.54,23014.0,-0.4568,4413,102,403,2026-09-10 01:31:27
0209Z0,2,ACE 코리아AI전력TOP10,7205,5,-340,-4.51,7211.0,,86413,631,400,2026-09-10 01:31:27
494840,4,TIGER 미국방산TOP10,11925,5,-150,-1.24,11885.0,-10.0015,9279,110,394,2026-09-10 01:31:27
139280,2,TIGER 경기방어,12295,5,-225,-1.8,12291.0,0.5254,383,4,393,2026-09-10 01:31:27
0207G0,2,SOL 우주항공밸류체인,6490,5,-245,-3.64,6495.0,,331408,2175,389,2026-09-10 01:31:27
275280,2,KODEX 모멘텀주,42900,5,-1250,-2.83,43015.0,-13.4705,227,9,386,2026-09-10 01:31:27
428510,4,KODEX 차이나AI테크액티브,22660,5,-280,-1.22,22734.0,-21.5123,3622,82,385,2026-09-10 01:31:27
352540,7,KODEX 일본부동산리츠(H),11090,2,20,0.18,11115.0,1.1016,1156,12,377,2026-09-10 01:31:27
261120,7,TIGER 미국달러선물인버스2X,5650,5,-15,-0.26,5648.0,27.7339,3777,21,373,2026-09-10 01:31:27
195930,4,TIGER 유로스탁스50(합성 H),23150,5,-280,-1.2,23216.0,5.0201,1406,32,370,2026-09-10 01:31:27
147970,2,TIGER 모멘텀,79325,5,-2730,-3.33,79577.0,-14.8719,570,45,365,2026-09-10 01:31:27
276970,4,KODEX 미국S&P500배당귀족커버드콜(합성 H),7730,5,-90,-1.15,7789.0,8.1339,4062,31,363,2026-09-10 01:31:27
452250,6,ACE 미국30년국채선물레버리지(합성 H),4650,5,-65,-1.38,4676.0,-5.7943,6909,32,360,2026-09-10 01:31:27
400970,2,TIGER Fn메타버스,7205,5,-145,-1.97,7232.0,-21.7669,1726,12,360,2026-09-10 01:31:27
104530,2,KIWOOM 코리아고배당,17530,5,-130,-0.74,17535.0,-2.7154,6762,119,359,2026-09-10 01:31:27
491830,4,TIGER 미국AI반도체팹리스,21135,5,-10,-0.05,21302.0,-19.8466,1679,35,359,2026-09-10 01:31:27
449690,4,TIGER 한중반도체(합성),47700,5,-675,-1.4,47475.0,-15.4432,204,9,358,2026-09-10 01:31:27
365000,2,TIGER 인터넷TOP10,3505,5,-50,-1.41,3504.0,-27.9636,47537,166,356,2026-09-10 01:31:27
381560,2,HANARO Fn전기&수소차,17645,5,-315,-1.75,17701.0,-17.1399,5725,101,353,2026-09-10 01:31:27
464470,6,PLUS 미국채30년액티브,46135,5,-190,-0.41,46126.0,-13.6684,6620,305,352,2026-09-10 01:31:27
276650,4,RISE 글로벌테크놀로지(합성 H),46660,3,0,0.0,46390.0,0.452,0,0,350,2026-09-10 01:31:27
241390,7,RISE V&S셀렉트밸류채권혼합,15880,2,70,0.44,15721.0,-3.6857,118,1,349,2026-09-10 01:31:27
450910,1,SOL 코스닥150,13540,5,-280,-2.03,13581.0,-16.0134,434,5,349,2026-09-10 01:31:27
469050,4,RISE 미국반도체NYSE(H),31725,5,-145,-0.45,31992.0,-9.771,2335,74,349,2026-09-10 01:31:27
0085N0,6,ACE 미국10년국채액티브(H),9675,5,-30,-0.31,9677.0,-0.7708,8132,78,348,2026-09-10 01:31:27
0154F0,2,WON 초대형IB&금융지주,12210,5,-105,-0.85,12206.0,-3.184,2612,32,348,2026-09-10 01:31:27
0184E0,7,1Q 200채권혼합50액티브,11085,5,-95,-0.85,11089.0,-6.0025,52304,582,344,2026-09-10 01:31:27
117460,2,KODEX 에너지화학,14410,5,-450,-3.03,14463.0,1.779,134968,2011,343,2026-09-10 01:31:27
475070,4,KoAct 글로벌친환경전력인프라액티브,29530,5,-845,-2.78,29632.0,-20.7954,1905,56,340,2026-09-10 01:31:27
385520,2,KODEX 자율주행액티브,15750,5,-160,-1.01,15771.0,-20.0503,297,4,339,2026-09-10 01:31:27
0100K0,2,KODEX 방산TOP10레버리지,5835,5,-175,-2.91,5850.0,-29.5015,311786,1833,338,2026-09-10 01:31:27
105780,2,RISE 5대그룹주,16730,5,-420,-2.45,16754.0,-16.8284,427,7,335,2026-09-10 01:31:27
474800,4,KIWOOM 미국원유에너지기업,15900,2,240,1.53,15895.0,-1.022,25140,400,334,2026-09-10 01:31:27
449780,4,KIWOOM 미국S&P500(H),18525,5,-115,-0.62,18503.0,2.4749,6685,123,333,2026-09-10 01:31:27
407830,4,에셋플러스 글로벌플랫폼액티브,13815,5,-145,-1.04,13847.0,-15.9543,727,10,332,2026-09-10 01:31:27
322400,2,HANARO e커머스,10045,5,-165,-1.62,10056.0,-10.0045,174,1,331,2026-09-10 01:31:27
498860,2,RISE 코리아금융고배당,16545,5,-215,-1.28,16576.0,-7.329,3126,52,331,2026-09-10 01:31:27
491090,4,KODEX 미국테크TOP3플러스,17335,5,-155,-0.89,17352.0,-8.304,14112,245,329,2026-09-10 01:31:27
380340,2,ACE 코리아AI테크핵심산업,27280,5,-520,-1.87,27314.0,-26.9479,377,10,327,2026-09-10 01:31:27
099140,4,KODEX 차이나H,20380,5,-70,-0.34,20215.0,-10.6852,2060,41,326,2026-09-10 01:31:27
352560,7,KODEX 미국부동산리츠(H),12030,5,-75,-0.62,12042.0,-0.3962,478,5,325,2026-09-10 01:31:27
415920,5,PLUS 글로벌희토류&전략자원생산기업,6900,5,-95,-1.36,6864.0,-22.8777,5789,39,324,2026-09-10 01:31:27
122260,6,KIWOOM 통안채1년,104250,2,25,0.02,104263.0,0.7783,2011,209,323,2026-09-10 01:31:27
0023B0,4,PLUS 미국양자컴퓨팅TOP10,15350,5,-405,-2.57,15417.0,-24.6173,6792,104,322,2026-09-10 01:31:27
138910,5,KODEX 구리선물(H),10325,2,80,0.78,10316.0,4.1687,17303,178,320,2026-09-10 01:31:27
459560,4,KODEX 테슬라밸류체인FactSet,21330,2,215,1.02,21408.0,-18.4503,1354,28,320,2026-09-10 01:31:27
156080,1,KODEX MSCI Korea,52850,5,-220,-0.41,52316.0,-13.9297,83,4,317,2026-09-10 01:31:27
139270,2,TIGER 200 금융,17015,5,-100,-0.58,17020.0,1.2433,14249,244,316,2026-09-10 01:31:27
256440,4,ACE MSCI인도네시아(합성),5165,5,-20,-0.39,5233.0,2.2682,14124,72,315,2026-09-10 01:31:27
275290,2,KODEX 가치주,34960,5,-475,-1.34,34962.0,-8.1514,92,3,315,2026-09-10 01:31:27
465660,4,TIGER 일본반도체FACTSET,23300,5,-360,-1.52,23493.0,-13.6904,5816,137,315,2026-09-10 01:31:27
0089B0,7,PLUS 미국나스닥100미국채혼합50,10845,5,-20,-0.18,10859.0,-11.2577,2150,23,315,2026-09-10 01:31:27
465350,3,RISE 2차전지TOP10인버스(합성),15680,2,320,2.08,15770.0,-7.7201,89375,1377,314,2026-09-10 01:31:27
261140,2,TIGER 우선주,24390,5,-430,-1.73,24408.0,-10.5059,2352,57,312,2026-09-10 01:31:27
174360,4,RISE 중국본토대형주CSI100,22250,5,-120,-0.54,22368.0,-14.7485,674,15,312,2026-09-10 01:31:27
227540,2,TIGER 200 헬스케어,18755,5,-470,-2.44,18739.0,6.3035,3223,60,311,2026-09-10 01:31:27
0138T0,4,RISE 미국S&P500데일리고정커버드콜,9150,5,-60,-0.65,9175.0,-8.7003,5510,50,311,2026-09-10 01:31:27
395290,2,HANARO Fn K-POP&미디어,4850,5,-95,-1.92,4854.0,-11.5385,22868,110,310,2026-09-10 01:31:27
395170,2,KODEX Top10동일가중,15490,5,-305,-1.93,15501.0,-18.6563,2664,41,310,2026-09-10 01:31:27
0204S0,1,TIGER 코스닥액티브,6790,5,-35,-0.51,6802.0,-22.7067,113988,777,307,2026-09-10 01:31:27
117680,2,KODEX 철강,12515,5,-320,-2.49,12559.0,-3.1301,15518,196,307,2026-09-10 01:31:27
426150,6,WON 대한민국국고채액티브,50810,5,-220,-0.43,50878.0,-1.0376,10,0,306,2026-09-10 01:31:27
153270,1,KIWOOM 코스피100,84735,5,-1510,-1.75,84684.0,-14.0013,241,20,305,2026-09-10 01:31:27
0192T0,2,SOL 코스닥TOP10,7000,5,-250,-3.45,7015.0,-14.3533,33327,235,305,2026-09-10 01:31:27
494410,4,PLUS 미국S&P500성장주,13805,5,-25,-0.18,13773.0,-8.8263,1249,17,304,2026-09-10 01:31:27
245350,4,TIGER 유로스탁스배당30,18970,5,-150,-0.78,18903.0,-1.9527,397,7,304,2026-09-10 01:31:27
266360,2,KODEX K콘텐츠,9485,5,-155,-1.61,9519.0,-14.3492,2832,26,304,2026-09-10 01:31:27
459750,4,RISE 글로벌주식분산액티브,17300,5,-160,-0.92,17338.0,-7.6742,2418,41,303,2026-09-10 01:31:27
0155M0,4,ACE 미국SMR원자력TOP10,7115,5,-290,-3.92,7139.0,-12.2111,17170,122,302,2026-09-10 01:31:27
0150K0,2,KoAct 수소전력ESS인프라액티브,10775,5,-345,-3.1,10786.0,-9.3725,15183,166,302,2026-09-10 01:31:27
469790,2,KIWOOM 코리아테크TOP10,43025,5,-780,-1.78,43212.0,-19.3634,210,9,301,2026-09-10 01:31:27
145850,2,TREX 펀더멘탈 200,120255,3,0,0.0,118106.0,-8.5246,0,0,301,2026-09-10 01:31:27
289480,3,TIGER 200커버드콜,13030,5,-30,-0.23,13092.0,12.0566,4975,64,300,2026-09-10 01:31:27
446690,4,KODEX 아시아AI반도체exChina액티브,59800,5,-790,-1.3,59625.0,-19.5035,550,32,299,2026-09-10 01:31:27
192720,2,파워 고배당저변동성,58495,5,-490,-0.83,58542.0,1.1805,531,31,298,2026-09-10 01:31:27
261250,7,KODEX 미국달러선물레버리지,14965,2,70,0.47,14978.0,-21.6259,34545,518,298,2026-09-10 01:31:27
476690,4,TIGER 글로벌비만치료제TOP2Plus,9910,5,-80,-0.8,9917.0,-7.4719,2553,25,297,2026-09-10 01:31:27
0192M0,2,RISE 삼성전자단일종목레버리지,11100,5,-585,-5.01,11244.0,-47.4832,20576,232,297,2026-09-10 01:31:27
0155N0,2,HANARO K휴머노이드테마TOP10,7685,2,25,0.33,7704.0,-22.7823,92381,719,296,2026-09-10 01:31:27
450190,4,KODEX 한중반도체(합성),49270,2,500,1.03,47891.0,-15.3299,100,4,296,2026-09-10 01:31:27
468630,6,KODEX iShares미국투자등급회사채액티브,10460,2,10,0.1,10453.0,-12.9151,2107,22,294,2026-09-10 01:31:27
0203S0,7,WON 삼성전자현대차채권혼합50,8615,5,-70,-0.81,8633.0,-13.4098,17568,152,293,2026-09-10 01:31:27
253250,3,KIWOOM 200선물레버리지,100815,5,-5000,-4.73,100973.0,-36.9737,45986,4750,292,2026-09-10 01:31:27
0218J0,7,RISE 미국우주&로봇TOP2미국채혼합50,8830,5,-150,-1.67,8894.0,,21383,190,291,2026-09-10 01:31:27
248270,4,TIGER S&P글로벌헬스케어(합성),25100,5,-30,-0.12,25126.0,-3.9006,1853,46,291,2026-09-10 01:31:27
459790,4,KIWOOM 미국성장기업30액티브,19820,5,-65,-0.33,19859.0,-15.473,334,6,287,2026-09-10 01:31:27
271060,5,KODEX 3대농산물선물(H),9025,5,-125,-1.37,9053.0,18.5233,10546,94,287,2026-09-10 01:31:27
496770,4,PLUS 글로벌방산,15920,5,-270,-1.67,15946.0,-9.8553,1369,21,287,2026-09-10 01:31:27
387270,4,TIGER 글로벌이노베이션액티브,24575,5,-270,-1.09,24650.0,-17.5681,1262,31,285,2026-09-10 01:31:27
464920,4,PLUS 일본반도체소부장,22780,5,-360,-1.56,22869.0,-12.0988,2291,52,285,2026-09-10 01:31:27
261060,2,TIGER 코스닥150IT,24520,5,-250,-1.01,24651.0,-12.4271,6958,170,284,2026-09-10 01:31:27
0083S0,4,1Q 미국메디컬AI,9995,5,-265,-2.58,10002.0,-0.1314,1495,14,280,2026-09-10 01:31:27
223190,2,KODEX 200가치저변동,27910,5,-530,-1.86,27949.0,-9.8923,225,6,279,2026-09-10 01:31:27
0107F0,4,KIWOOM 미국고배당&AI테크,10900,5,-110,-1.0,10984.0,-8.1659,2259,24,278,2026-09-10 01:31:27
494340,4,ACE 글로벌AI맞춤형반도체,18515,5,-30,-0.16,18701.0,-30.8281,3693,68,278,2026-09-10 01:31:27
476070,4,KODEX 글로벌비만치료제TOP2 Plus,10470,5,-35,-0.33,10472.0,-4.5529,3024,31,277,2026-09-10 01:31:27
252710,3,TIGER 200선물인버스2X,80,2,3,3.9,80.0,-14.4445,16411431,1275,276,2026-09-10 01:31:27
0166N0,1,PLUS 코스닥150액티브,7820,5,-125,-1.57,7840.0,-16.8499,28555,223,274,2026-09-10 01:31:27
0013R0,7,RISE 테슬라미국채타겟커버드콜혼합(합성),7600,5,-15,-0.2,7609.0,-15.4727,2276,17,274,2026-09-10 01:31:27
489290,4,WON 미국빌리어네어,14370,5,-105,-0.73,14437.0,-10.2882,532,7,273,2026-09-10 01:31:27
415340,4,KODEX 차이나과창판STAR50(합성),13090,5,-85,-0.65,13146.0,-15.2734,13772,181,271,2026-09-10 01:31:27
0049K0,7,ACE 미국배당퀄리티채권혼합50,10930,5,-10,-0.09,10906.0,-4.6545,2429,26,268,2026-09-10 01:31:27
0224X0,7,1Q 엔비디아알파벳미국채혼합50,9350,5,-185,-1.94,9401.0,,18077,169,266,2026-09-10 01:31:27
139250,2,TIGER 200 에너지화학,18480,5,-600,-3.14,18541.0,4.4754,47530,911,266,2026-09-10 01:31:27
0198D0,2,1Q SK하이닉스선물단일종목레버리지,10255,5,-335,-3.16,10141.0,-54.7436,11206,116,265,2026-09-10 01:31:27
475380,7,RISE 글로벌리얼티인컴,9930,5,-155,-1.54,9972.0,-10.8472,5954,59,263,2026-09-10 01:31:27
167860,6,KIWOOM 국고채10년레버리지,90560,5,-1290,-1.4,90610.0,0.3331,21,1,263,2026-09-10 01:31:27
0223R0,4,TIGER 미국테크NYSE100액티브,8980,5,-45,-0.5,9060.0,,2532,22,262,2026-09-10 01:31:27
0137W0,4,KIWOOM 미국S&P500&GOLD,10050,5,-30,-0.3,10043.0,-8.1088,2478,24,261,2026-09-10 01:31:27
437350,6,RISE 미국단기투자등급회사채액티브,11795,2,10,0.08,11799.0,-11.3244,1752,20,259,2026-09-10 01:31:27
440340,7,TIGER 글로벌멀티에셋TIF액티브,11515,5,-80,-0.69,11575.0,-10.5023,5982,69,259,2026-09-10 01:31:27
493420,4,SOL 미국배당다우존스2호,12280,5,-40,-0.32,12239.0,-5.4531,794,9,258,2026-09-10 01:31:27
277540,4,ACE 아시아TOP50,31930,5,-335,-1.04,31771.0,-10.375,24,0,255,2026-09-10 01:31:27
368190,2,HANARO Fn K-뉴딜디지털플러스,7890,5,-110,-1.37,7832.0,-4.0768,250,1,252,2026-09-10 01:31:27
0115C0,4,RISE 미국고배당다우존스TOP10,10700,5,-15,-0.14,10688.0,-7.553,6310,67,251,2026-09-10 01:31:27
496120,1,ACE 코리아밸류업,33520,5,-575,-1.69,33538.0,-9.8133,586,19,251,2026-09-10 01:31:27
0152E0,2,SOL 배당성향탑픽액티브,10690,5,-100,-0.93,10701.0,-3.5466,1925,20,251,2026-09-10 01:31:27
0103T0,2,1Q K소버린AI,8445,5,-70,-0.82,8452.0,-17.1693,4818,40,249,2026-09-10 01:31:27
0097L0,7,KIWOOM 한국고배당&미국AI테크,12420,5,-70,-0.56,12413.0,-5.5422,1190,14,248,2026-09-10 01:31:27
292500,1,SOL KRX300,49545,5,-890,-1.76,49520.0,-14.1389,21,1,248,2026-09-10 01:31:27
245360,4,TIGER 차이나HSCEI,11785,5,-15,-0.13,11680.0,-11.372,1399,16,247,2026-09-10 01:31:27
159800,1,마이티 코스피100,88320,5,-680,-0.76,87215.0,-13.7681,4,0,247,2026-09-10 01:31:27
0164G0,4,RISE 차이나AI반도체TOP4Plus,11760,5,-105,-0.88,11766.0,-23.9424,2177,25,247,2026-09-10 01:31:27
483570,4,KCGI 미국S&P500 TOP10,15260,5,-75,-0.49,15264.0,-8.9641,334,5,244,2026-09-10 01:31:27
225130,4,ACE 골드선물 레버리지(합성 H),48555,2,75,0.15,49005.0,-2.0607,1884,91,243,2026-09-10 01:31:27
289250,2,TIGER MSCI KOREA ESG유니버설,35165,5,-570,-1.6,35265.0,-12.5142,4,0,243,2026-09-10 01:31:27
292160,1,TIGER KRX300,48525,5,-1080,-2.18,48606.0,-13.6667,402,19,243,2026-09-10 01:31:27
295020,6,RISE 국채선물10년인버스,61225,2,335,0.55,61216.0,0.8864,3,0,242,2026-09-10 01:31:27
217770,5,TIGER 원유선물인버스(H),1106,5,-26,-2.3,1101.0,-13.8509,685708,759,242,2026-09-10 01:31:27
419430,4,KODEX 차이나2차전지MSCI(합성),8630,2,10,0.12,8608.0,-24.2531,161,1,242,2026-09-10 01:31:27
414270,4,ACE 글로벌자율주행액티브,11220,5,-130,-1.15,11208.0,-19.5891,655,7,241,2026-09-10 01:31:27
185680,4,KODEX 미국S&P바이오(합성),45275,5,-805,-1.75,45555.0,10.3977,736,33,241,2026-09-10 01:31:27
0047R0,4,RISE 팔란티어고정테크100,14555,5,-90,-0.61,14590.0,-4.3389,233,3,240,2026-09-10 01:31:27
0206G0,7,1Q 현대차기아채권혼합50,8085,5,-50,-0.61,8089.0,-15.6995,27475,222,239,2026-09-10 01:31:27
195970,4,PLUS 선진국MSCI(합성 H),16245,5,-200,-1.22,16413.0,4.5454,2401,39,237,2026-09-10 01:31:27
367740,2,HANARO Fn5G산업,42965,5,-1050,-2.39,43030.0,-14.3844,106,4,236,2026-09-10 01:31:27
481340,6,RISE 미국30년국채액티브,8270,5,-50,-0.6,8273.0,-13.7526,13746,113,236,2026-09-10 01:31:27
479850,2,HANARO K-뷰티,17395,5,-605,-3.36,17435.0,17.8781,46134,814,235,2026-09-10 01:31:27
364690,1,KODEX 혁신기술테마액티브,38950,5,-800,-2.01,39078.0,-15.8344,22,0,234,2026-09-10 01:31:27
0177A0,2,WON 두산그룹포커스,9280,5,-330,-3.43,9293.0,-14.4638,37066,348,232,2026-09-10 01:31:27
442550,7,RISE TDF2030액티브 적격,14485,5,-60,-0.41,14432.0,-5.4144,3258,47,232,2026-09-10 01:31:27
280930,4,KODEX 미국러셀2000(H),16500,5,-240,-1.43,16506.0,2.6364,327,5,231,2026-09-10 01:31:27
461450,1,KODEX 코스닥글로벌,15315,5,-350,-2.23,15316.0,-7.4993,1022,15,230,2026-09-10 01:31:27
388280,2,RISE K엔터&여행레저,7045,5,-160,-2.22,7040.0,-12.4545,328,2,230,2026-09-10 01:31:27
138230,7,KIWOOM 미국달러선물,15685,2,25,0.16,15696.0,-10.8962,296,4,227,2026-09-10 01:31:27
411540,1,SOL 200 Top10,17170,5,-320,-1.83,17204.0,-13.5323,3075,53,223,2026-09-10 01:31:27
0093D0,7,KoAct 팔란티어밸류체인액티브,17160,5,-65,-0.38,17172.0,-13.6376,318,5,223,2026-09-10 01:31:27
0127R0,4,RISE 미국AI클라우드인프라,16470,5,-775,-4.49,16704.0,-15.6629,4548,75,222,2026-09-10 01:31:27
300950,2,KODEX 게임산업,5270,5,-90,-1.68,5304.0,-11.6241,12956,68,221,2026-09-10 01:31:27
376410,2,TIGER 탄소효율그린뉴딜,24560,5,-505,-2.01,24611.0,-12.2428,543,13,221,2026-09-10 01:31:27
269420,4,KODEX S&P글로벌인프라(합성),21400,5,-115,-0.53,21360.0,-11.1685,538,11,221,2026-09-10 01:31:27
375760,2,HANARO 탄소효율그린뉴딜,24515,5,-375,-1.51,24539.0,-13.131,21,0,221,2026-09-10 01:31:27
239660,6,PLUS 우량회사채50,121775,5,-30,-0.02,121785.0,0.8361,242,29,219,2026-09-10 01:31:27
461600,6,SOL 미국30년국채액티브(H),8270,5,-55,-0.66,8274.0,-2.6885,1023,8,219,2026-09-10 01:31:27
108590,1,TREX 200,109400,5,-2350,-2.1,109433.0,-13.6396,4,0,219,2026-09-10 01:31:27
0047P0,4,RISE 테슬라고정테크100,14060,2,15,0.11,14062.0,-12.1347,302,4,218,2026-09-10 01:31:27
465670,4,TIGER 미국캐시카우100,15955,5,-65,-0.41,16002.0,-0.8742,14097,225,215,2026-09-10 01:31:27
204450,4,KODEX 차이나H레버리지(H),2220,5,-40,-1.77,2219.0,-3.0043,7738,17,215,2026-09-10 01:31:27
433220,4,에셋플러스 글로벌대장장이액티브,28995,5,-275,-0.94,29084.0,-18.1488,117,3,215,2026-09-10 01:31:27
456680,4,TIGER 차이나전기차레버리지(합성),5250,5,-70,-1.32,5240.0,-47.3007,3669,19,214,2026-09-10 01:31:27
469160,4,ACE 일본반도체,23705,5,-435,-1.8,23638.0,-17.7233,551,13,213,2026-09-10 01:31:27
0026E0,4,KODEX 미국S&P500버퍼3월액티브,11390,5,-35,-0.31,11416.0,-8.1223,28,0,211,2026-09-10 01:31:27
477730,4,KODEX 인도타타그룹,7130,5,-15,-0.21,7165.0,-9.7863,84,0,210,2026-09-10 01:31:27
447660,7,PLUS 애플채권혼합,13525,3,0,0.0,13541.0,-1.4984,1589,21,210,2026-09-10 01:31:27
0234N0,2,KIWOOM 삼성SK그룹TOP4+,10225,5,-305,-2.9,10257.0,,55132,573,210,2026-09-10 01:31:27
337120,2,KODEX 멀티팩터,34820,5,-580,-1.64,34814.0,-13.6064,4,0,209,2026-09-10 01:31:27
0153X0,4,PLUS 미국고배당주액티브,10905,5,-115,-1.04,10880.0,-0.7612,4086,44,207,2026-09-10 01:31:27
253290,7,RISE 헬스케어채권혼합,11510,5,-185,-1.58,11548.0,-0.3409,2021,23,207,2026-09-10 01:31:27
289040,2,KODEX MSCI KOREA ESG유니버설,34520,3,0,0.0,33915.0,-11.4769,0,0,207,2026-09-10 01:31:27
471460,6,KIWOOM 국고채30년액티브,44885,5,-275,-0.61,44845.0,-4.7081,162,7,206,2026-09-10 01:31:27
0065G0,4,KODEX 차이나테크TOP10,8085,5,-60,-0.74,8052.0,-17.5163,3071,25,206,2026-09-10 01:31:27
226980,1,KODEX 200 중소형,22875,5,-560,-2.39,22945.0,-4.2513,312,7,206,2026-09-10 01:31:27
0231Z0,7,KODEX 코리아TDF2065액티브 적격,10250,5,-205,-1.96,10276.0,,19145,196,205,2026-09-10 01:31:27
0186L0,4,KoAct 미국로봇피지컬AI액티브,8905,5,-25,-0.28,8932.0,-21.3909,14549,130,205,2026-09-10 01:31:27
091220,2,TIGER 은행,17050,5,-70,-0.41,17066.0,9.2194,7278,125,205,2026-09-10 01:31:27
152380,6,KODEX 국채선물10년,64340,5,-335,-0.52,64343.0,0.1626,416,26,205,2026-09-10 01:31:27
300640,2,RISE 게임테마,6295,2,10,0.16,6295.0,-8.4487,892,5,205,2026-09-10 01:31:27
463300,4,RISE 중국본토CSI300,12725,2,60,0.47,12790.0,-14.0552,568,7,204,2026-09-10 01:31:27
489000,6,PLUS 일본엔화초단기국채(합성),9225,5,-15,-0.16,9220.0,-7.4149,20826,192,203,2026-09-10 01:31:27
0067V0,4,TIGER 차이나글로벌리더스TOP3+,9220,2,35,0.38,9219.0,-18.9678,117,1,203,2026-09-10 01:31:27
417630,2,TIGER KEDI혁신기업ESG30,19310,5,-400,-2.03,19344.0,-6.2099,260,5,203,2026-09-10 01:31:27
464600,2,SOL 자동차소부장Fn,22485,5,-260,-1.14,22517.0,-29.7778,875,19,202,2026-09-10 01:31:27
371450,4,TIGER 글로벌클라우드컴퓨팅INDXX,12930,2,35,0.27,12925.0,-1.0361,2914,37,202,2026-09-10 01:31:27
438320,4,TIGER 차이나항셍테크레버리지(합성 H),4640,5,-160,-3.33,4649.0,-18.9874,7598,35,200,2026-09-10 01:31:27
404120,2,TIME K신재생에너지액티브,25050,5,-750,-2.91,25144.0,-11.0652,122,3,200,2026-09-10 01:31:27
0192S0,7,SOL 코스피200채권혼합50,9495,5,-115,-1.2,9504.0,-6.0842,106388,1020,199,2026-09-10 01:31:27
0190M0,4,KIWOOM 미국AI테크하이베타,8100,5,-255,-3.05,8184.0,-25.568,9387,76,198,2026-09-10 01:31:27
497780,4,KoAct 미국천연가스인프라액티브,10420,2,15,0.14,10394.0,-9.3333,1080,11,198,2026-09-10 01:31:27
437070,6,KODEX 아시아달러채권ESG플러스액티브,57085,2,45,0.08,57123.0,-12.0266,209,11,198,2026-09-10 01:31:27
364990,2,TIGER 게임TOP10,4475,5,-65,-1.43,4469.0,-13.852,27154,121,197,2026-09-10 01:31:27
169950,4,KODEX 차이나A50,24550,5,-105,-0.43,24769.0,-13.6579,143,3,196,2026-09-10 01:31:27
304770,1,HANARO 코스닥150,13790,5,-340,-2.41,13882.0,-15.8177,1162,16,196,2026-09-10 01:31:27
404260,2,KODEX 기후변화솔루션,24440,5,-580,-2.32,24479.0,-11.7441,157,3,196,2026-09-10 01:31:27
284980,2,RISE 200금융,22570,5,-190,-0.83,22634.0,0.642,1868,42,194,2026-09-10 01:31:27
0203R0,6,WON 중단기종합채권(A-이상)액티브,50495,3,0,0.0,50513.0,1.1214,0,0,192,2026-09-10 01:31:27
213630,4,PLUS 미국다우존스고배당주(합성 H),20770,5,-235,-1.12,20878.0,5.5527,1161,24,191,2026-09-10 01:31:27
304760,1,HANARO KRX300,47585,5,-725,-1.5,47662.0,-14.7409,10,0,190,2026-09-10 01:31:27
379790,4,RISE 유로스탁스50(H),17165,5,-275,-1.58,17158.0,6.543,4214,72,189,2026-09-10 01:31:27
416090,4,ACE 중국과창판STAR50,11755,2,25,0.21,11857.0,-16.7495,1874,22,188,2026-09-10 01:31:27
228820,1,TIGER KTOP30,18780,5,-380,-1.98,18816.0,-14.0298,101,1,188,2026-09-10 01:31:27
183710,7,RISE 주식혼합,93695,5,-1040,-1.1,93500.0,-10.0504,3,0,187,2026-09-10 01:31:27
229720,1,KODEX KTOP30,37400,5,-400,-1.06,37286.0,-14.7432,23,0,187,2026-09-10 01:31:27
0104P0,2,TIGER 코리아배당다우존스위클리커버드콜,10975,5,-65,-0.59,10972.0,-1.5957,2399,26,187,2026-09-10 01:31:27
276000,4,TIGER 글로벌자원생산기업(합성 H),21910,2,135,0.62,21775.0,9.8914,685,14,186,2026-09-10 01:31:27
487950,4,KODEX 대만테크고배당다우존스,12805,5,-55,-0.43,12703.0,-13.1597,1830,23,186,2026-09-10 01:31:27
445690,2,BNK 주주가치액티브,30940,3,0,0.0,30359.0,-9.5058,0,0,186,2026-09-10 01:31:27
407310,1,HANARO 200 TOP10,16815,5,-290,-1.7,16840.0,-13.6207,15,0,185,2026-09-10 01:31:27
445910,2,TIGER MKF배당귀족,20505,5,-345,-1.65,20509.0,-2.8071,668,13,185,2026-09-10 01:31:27
130680,5,TIGER 원유선물Enhanced(H),7925,2,155,1.99,7934.0,7.9166,7378,58,182,2026-09-10 01:31:27
0222D0,2,KoAct 고배당액티브,10315,5,-145,-1.39,10318.0,,329307,3425,181,2026-09-10 01:31:27
227830,1,PLUS 코스피,71905,5,-540,-0.75,71513.0,-13.4008,2,0,180,2026-09-10 01:31:27
385600,2,ACE 2차전지&친환경차액티브,11910,5,-140,-1.16,11919.0,-19.5595,1193,14,179,2026-09-10 01:31:27
225060,4,TIGER 이머징마켓MSCI레버리지(합성 H),16830,5,-530,-3.05,17015.0,5.3078,1070,18,178,2026-09-10 01:31:27
391670,1,HK 베스트일레븐액티브,29690,3,0,0.0,29041.0,-13.8672,0,0,178,2026-09-10 01:31:27
0144M0,4,KODEX 미국드론UAM TOP10,6445,5,-280,-4.16,6400.0,-25.7727,25579,164,177,2026-09-10 01:31:27
0105D0,2,SOL 한국AI소프트웨어,9310,5,-165,-1.74,9345.0,-18.809,6914,64,177,2026-09-10 01:31:27
0198B0,2,1Q 삼성전자선물단일종목레버리지,11445,5,-535,-4.47,11470.0,-48.3064,5004,58,176,2026-09-10 01:31:27
289260,2,TIGER MSCI KOREA ESG리더스,29375,5,-685,-2.28,29327.0,-8.2278,38,1,176,2026-09-10 01:31:27
292050,1,RISE KRX300,50300,5,-435,-0.86,49799.0,-13.8991,126,6,176,2026-09-10 01:31:27
449580,7,RISE 테슬라애플아마존채권혼합,15955,5,-50,-0.31,15942.0,-4.2944,1095,17,176,2026-09-10 01:31:27
0193K0,2,PLUS 삼성전자단일종목레버리지,12230,5,-480,-3.78,12198.0,-46.8535,4490,54,174,2026-09-10 01:31:27
461900,4,PLUS 미국테크TOP10,21760,5,-80,-0.37,21720.0,-8.9431,194,4,174,2026-09-10 01:31:27
195920,4,TIGER 일본TOPIX(합성 H),34520,5,-335,-0.96,34678.0,4.2314,19,0,173,2026-09-10 01:31:27
468370,6,KODEX iShares미국인플레이션국채액티브,10295,5,-5,-0.05,10295.0,-11.9014,3876,39,172,2026-09-10 01:31:27
461910,4,PLUS 미국테크TOP10레버리지(합성),34375,5,-235,-0.68,34342.0,-19.7077,111,3,172,2026-09-10 01:31:27
0086C0,7,TIGER 리츠부동산인프라10채권혼합액티브,9780,5,-45,-0.46,9783.0,1.2208,239,2,171,2026-09-10 01:31:27
0018Z0,4,RISE 미국양자컴퓨팅,17065,5,-275,-1.59,17094.0,-22.2657,789,13,171,2026-09-10 01:31:27
460660,4,RISE 미국S&P배당킹,11325,5,-125,-1.09,11265.0,-4.1382,2551,28,170,2026-09-10 01:31:27
219390,4,RISE 미국S&P원유생산기업(합성 H),8490,2,50,0.59,8532.0,15.4582,9096,76,170,2026-09-10 01:31:27
457690,6,KODEX 33-06 국고채액티브,10430,5,-25,-0.24,10421.0,0.6256,2446,25,169,2026-09-10 01:31:27
250730,4,RISE 차이나HSCEI(H),9905,2,155,1.59,9782.0,-0.7634,29,0,168,2026-09-10 01:31:27
419650,4,PLUS 글로벌수소&차세대연료전지,5155,2,65,1.28,5151.0,-24.6485,4438,23,168,2026-09-10 01:31:27
474920,4,에셋플러스 차이나일등기업포커스10액티브,17605,2,35,0.2,17369.0,-9.058,42,0,165,2026-09-10 01:31:27
477490,4,에셋플러스 글로벌일등기업포커스10액티브,18350,5,-130,-0.7,18338.0,-14.5039,8,0,165,2026-09-10 01:31:27
415760,4,SOL 차이나육성산업액티브(합성),12100,5,-95,-0.78,12220.0,-14.571,17525,212,165,2026-09-10 01:31:27
0223A0,2,RISE 코스닥커버드콜액티브,10550,5,-140,-1.31,10575.0,,32924,347,164,2026-09-10 01:31:27
131890,2,ACE 삼성그룹동일가중,39980,5,-790,-1.94,39979.0,-5.995,15,0,160,2026-09-10 01:31:27
332620,6,PLUS 미국장기우량회사채,85040,5,-170,-0.2,85135.0,-14.062,112,9,159,2026-09-10 01:31:27
483330,4,ACE 마이크로소프트밸류체인액티브,14390,5,-45,-0.31,14386.0,-7.7047,2606,37,158,2026-09-10 01:31:27
291130,4,ACE MSCI멕시코(합성),17575,2,50,0.29,17677.0,-9.0084,28,0,158,2026-09-10 01:31:27
265690,4,ACE 러시아MSCI(합성),8535,3,0,0.0,48.0,0.0,0,0,158,2026-09-10 01:31:27
494420,2,PLUS 미국배당증가성장주데일리커버드콜,8735,5,-15,-0.17,8701.0,-9.1249,1170,10,157,2026-09-10 01:31:27
413930,2,WON AI ESG액티브,27950,5,-650,-2.27,27988.0,-13.7386,77,2,154,2026-09-10 01:31:27
432840,4,HANARO 미국S&P500,19045,5,-75,-0.39,19043.0,-8.381,6390,121,152,2026-09-10 01:31:27
438900,2,HANARO Fn K-푸드,11250,5,-40,-0.35,11271.0,4.2949,19397,219,152,2026-09-10 01:31:27
236350,4,TIGER 인도니프티50레버리지(합성),24480,5,-155,-0.63,24425.0,-20.4425,111,2,152,2026-09-10 01:31:27
337150,2,KODEX 200exTOP,25270,5,-510,-1.98,25274.0,-9.3903,16,0,152,2026-09-10 01:31:27
491510,2,파워 K-주주가치액티브,17810,5,-140,-0.78,17864.0,-0.0146,372,6,151,2026-09-10 01:31:27
0051A0,4,KoAct 브로드컴밸류체인액티브,23235,5,-150,-0.64,23303.0,-15.2718,550,12,151,2026-09-10 01:31:27
114460,6,ACE 국고채3년,100090,5,-55,-0.05,100064.0,0.8562,19,1,150,2026-09-10 01:31:27
0222F0,2,마이티 AI데이터센터밸류체인,13025,5,-415,-3.09,13040.0,,827,10,150,2026-09-10 01:31:27
387280,2,TIGER 퓨처모빌리티액티브,11725,5,-135,-1.14,11753.0,-18.5999,374,4,149,2026-09-10 01:31:27
272570,6,RISE 중장기국공채액티브,107750,5,-95,-0.09,107692.0,0.8792,2,0,149,2026-09-10 01:31:27
488290,4,MIDAS 일본테크액티브,42425,5,-230,-0.54,42481.0,-17.3834,47,2,148,2026-09-10 01:31:27
104520,2,KIWOOM 블루칩,14780,5,-215,-1.43,14785.0,-4.711,130,1,148,2026-09-10 01:31:27
453010,7,PLUS KOFR금리,109925,5,-5,0.0,109933.0,0.6731,3,0,147,2026-09-10 01:31:27
484890,6,SOL 머니마켓액티브,52580,2,10,0.02,52573.0,0.6895,5020,263,146,2026-09-10 01:31:27
404650,2,SOL KRX기후변화솔루션,24265,5,-395,-1.6,24271.0,-13.3043,222,5,146,2026-09-10 01:31:27
102960,2,KODEX 기계장비,13730,5,-515,-3.62,13744.0,-12.1222,914,12,146,2026-09-10 01:31:27
0207Z0,4,KIWOOM 미국우주데이터센터인프라,6750,5,-275,-3.91,6790.0,,1252,8,145,2026-09-10 01:31:27
234310,2,RISE V&S셀렉트밸류,28550,5,-220,-0.76,28283.0,-8.3904,75,2,143,2026-09-10 01:31:27
409810,4,KODEX 미국나스닥100선물인버스(H),5565,2,50,0.91,5549.0,0.0907,62861,348,142,2026-09-10 01:31:27
0194R0,2,KIWOOM SK하이닉스선물단일종목레버리지,9575,5,-385,-3.87,9523.0,-53.7331,4061,39,141,2026-09-10 01:31:27
453630,4,KODEX 미국S&P500필수소비재,11755,5,-55,-0.47,11752.0,-10.2921,2099,24,141,2026-09-10 01:31:27
0090B0,2,PLUS K방산소부장,6705,5,-195,-2.83,6704.0,-23.3334,24595,166,141,2026-09-10 01:31:27
244620,2,KODEX 모멘텀Plus,20100,5,-445,-2.17,20139.0,-13.5312,131,2,141,2026-09-10 01:31:27
417450,4,RISE 글로벌수소경제,16380,5,-150,-0.91,16374.0,-15.8529,351,5,139,2026-09-10 01:31:27
0013P0,4,RISE 미국은행TOP10,12625,2,50,0.4,12562.0,-1.5085,4748,59,139,2026-09-10 01:31:27
496130,1,TRUSTON 코리아밸류업액티브,25690,5,-230,-0.89,25613.0,-13.6288,6,0,139,2026-09-10 01:31:27
0084E0,7,KIWOOM 미국대형주500월간목표헤지액티브,9885,3,0,0.0,9848.0,-11.7626,202,1,138,2026-09-10 01:31:27
373490,2,KODEX 코리아혁신성장액티브,25010,5,-460,-1.81,25020.0,-20.0189,8,0,138,2026-09-10 01:31:27
0220A0,7,KIWOOM 현대차그룹TOP3채권혼합50,9155,5,-60,-0.65,9163.0,,13266,121,137,2026-09-10 01:31:27
0153P0,2,ACE 리츠부동산인프라액티브,9425,2,20,0.21,9427.0,4.2703,1771,16,137,2026-09-10 01:31:27
0088N0,2,WON K-글로벌수급상위,10895,5,-185,-1.67,10858.0,-13.4037,348,3,136,2026-09-10 01:31:27
137610,5,TIGER 농산물선물Enhanced(H),5920,5,-40,-0.67,5921.0,16.9774,5417,31,136,2026-09-10 01:31:27
472720,1,TRUSTON 주주가치액티브,25805,5,-440,-1.68,25668.0,-10.0275,196,5,134,2026-09-10 01:31:27
266390,2,KODEX 경기소비재,14790,5,-250,-1.66,14795.0,-10.0325,1455,21,133,2026-09-10 01:31:27
0104G0,2,PLUS K방산레버리지,5535,5,-200,-3.49,5546.0,-33.776,20035,112,133,2026-09-10 01:31:27
453820,4,KODEX 인도Nifty50레버리지(합성),10195,5,-150,-1.45,10345.0,-19.2743,597,6,133,2026-09-10 01:31:27
266410,2,KODEX 필수소비재,9405,5,-185,-1.93,9407.0,5.0475,3598,34,132,2026-09-10 01:31:27
485810,4,TIME 글로벌바이오액티브,10885,5,-35,-0.32,10853.0,3.0188,6946,75,131,2026-09-10 01:31:27
252650,1,KODEX 200동일가중,18605,5,-370,-1.95,18617.0,-2.9189,712,13,130,2026-09-10 01:31:27
0004G0,4,1Q 미국배당TOP30,8630,5,-65,-0.75,8603.0,-6.623,2435,21,129,2026-09-10 01:31:27
0127V0,4,KIWOOM 미국S&P500 TOP10&배당다우비중전환,10355,5,-65,-0.62,10355.0,-8.0577,644,6,129,2026-09-10 01:31:27
0028X0,4,KODEX 미국금융테크액티브,11180,5,-195,-1.71,11170.0,2.6927,1452,16,129,2026-09-10 01:31:27
0127T0,4,KIWOOM 미국S&P500&배당다우존스비중전환,10685,5,-30,-0.28,10657.0,-7.7405,673,7,128,2026-09-10 01:31:27
0193L0,2,PLUS 삼성전자선물단일종목인버스2X,8890,2,350,4.1,8907.0,-41.7264,241453,2114,128,2026-09-10 01:31:27
279540,2,KODEX 최소변동성,21120,5,-380,-1.77,21193.0,-11.643,120,2,127,2026-09-10 01:31:27
290080,3,RISE 200고배당커버드콜ATM,7420,2,180,2.49,7455.0,17.5542,8090,59,126,2026-09-10 01:31:27
0208N0,1,IBK 코스피액티브,7605,5,-150,-1.93,7611.0,,3772,28,125,2026-09-10 01:31:27
140710,2,KODEX 운송,6595,5,-60,-0.9,6600.0,10.6676,136078,892,125,2026-09-10 01:31:27
363510,6,SOL KIS단기통안채,112240,2,20,0.02,112251.0,0.6141,12,1,125,2026-09-10 01:31:27
300610,2,TIGER K게임,5300,5,-40,-0.75,5322.0,-7.9311,530,2,125,2026-09-10 01:31:27
0015F0,7,KIWOOM 팔란티어미국30년국채혼합액티브(H),10370,5,-45,-0.43,10416.0,4.0447,7407,76,124,2026-09-10 01:31:27
400570,4,KODEX 유럽탄소배출권선물ICE(H),11740,2,5,0.04,11777.0,10.0328,616,7,124,2026-09-10 01:31:27
489860,4,KIWOOM 글로벌전력GRID인프라,14595,5,-215,-1.45,14568.0,-13.5069,259,3,124,2026-09-10 01:31:27
360150,2,KODEX 코스닥150롱코스피200숏선물,3020,2,10,0.33,3017.0,-8.0917,3204,9,124,2026-09-10 01:31:27
140580,2,RISE 우량업종대표주,24725,5,-270,-1.08,24618.0,-11.8964,5,0,124,2026-09-10 01:31:27
487750,2,BNK 온디바이스AI,30835,5,-385,-1.23,30888.0,-23.5179,27,0,123,2026-09-10 01:31:27
404540,2,TIGER KRX기후변화솔루션,24590,5,-300,-1.21,24478.0,-13.2082,5074,125,123,2026-09-10 01:31:27
453060,6,HANARO KOFR금리액티브(합성),111505,2,30,0.03,111484.0,0.6864,9,1,123,2026-09-10 01:31:27
166400,3,TIGER 200커버드콜OTM,24405,5,-340,-1.37,24463.0,4.6363,1297,31,122,2026-09-10 01:31:27
435550,7,KIWOOM TDF2050액티브 적격,17270,5,-60,-0.35,17247.0,-9.7362,225,3,121,2026-09-10 01:31:27
251590,2,PLUS 고배당저변동50,17225,5,-110,-0.63,17232.0,2.7636,118,2,121,2026-09-10 01:31:27
396510,4,TIGER 차이나클린에너지SOLACTIVE,6695,2,20,0.3,6734.0,-24.2339,741,4,121,2026-09-10 01:31:27
457700,6,KODEX 53-09 국고채액티브,9060,5,-20,-0.22,9021.0,-4.4714,48,0,120,2026-09-10 01:31:27
395760,2,PLUS ESG성장주액티브,21675,5,-200,-0.91,21403.0,-12.3774,2,0,119,2026-09-10 01:31:27
410870,2,TIME K컬처액티브,9030,5,-220,-2.38,9046.0,-11.7367,12046,110,117,2026-09-10 01:31:27
282000,3,RISE 국고채3년선물인버스,115065,2,180,0.16,115084.0,0.0391,2,0,117,2026-09-10 01:31:27
332610,6,PLUS 미국단기회사채(AAA~A),121730,2,290,0.24,121735.0,-11.0351,21,2,117,2026-09-10 01:31:27
448490,6,HANARO 32-10 국고채액티브,52480,5,-235,-0.45,52485.0,0.171,11,0,115,2026-09-10 01:31:27
269370,4,TIGER S&P글로벌인프라(합성),16475,2,5,0.03,16444.0,-11.6706,238,3,115,2026-09-10 01:31:27
0000H0,2,KODEX 인도Nifty미드캡100,10010,5,-5,-0.05,10041.0,-9.1182,20,0,115,2026-09-10 01:31:27
269530,4,PLUS S&P글로벌인프라,19180,2,20,0.1,19177.0,-12.0816,78,1,115,2026-09-10 01:31:27
428560,4,KODEX 미국ETF산업Top10 Indxx,15260,5,-165,-1.07,15219.0,-5.2257,477,7,114,2026-09-10 01:31:27
453660,4,KODEX 미국S&P500경기소비재,16275,5,-195,-1.18,16289.0,-12.1252,68,1,114,2026-09-10 01:31:27
451600,6,PLUS 국고채30년액티브,82950,5,-600,-0.72,82979.0,-5.0353,5,0,114,2026-09-10 01:31:27
0216Z0,2,ACE K방산TOP5+,8415,5,-85,-1.0,8410.0,,1640,13,114,2026-09-10 01:31:27
430500,7,KIWOOM 물가채KIS,112335,5,-380,-0.34,112377.0,0.0355,45,5,112,2026-09-10 01:31:27
354240,7,RISE 미국고정배당우선증권,10130,5,-20,-0.2,10092.0,-13.5803,199,2,111,2026-09-10 01:31:27
446700,2,RISE 배터리 리사이클링,10675,5,-195,-1.79,10697.0,-4.8994,514,5,111,2026-09-10 01:31:27
435040,4,ACE 글로벌브랜드TOP10,18455,5,-170,-0.91,18446.0,-9.5367,138,2,111,2026-09-10 01:31:27
0002C0,4,에셋플러스 인도일등기업포커스20액티브,10060,3,0,0.0,10063.0,0.0497,61,0,109,2026-09-10 01:31:27
0203D0,7,PLUS 200위클리커버드콜채권혼합,9030,5,-80,-0.88,9030.0,-4.8477,5656,51,108,2026-09-10 01:31:27
0008E0,4,ACE 미국중심중소형제조업,11385,5,-255,-2.19,11421.0,-24.2435,310,3,108,2026-09-10 01:31:27
407820,2,에셋플러스 코리아플랫폼액티브,6000,5,-145,-2.36,5991.0,-14.9481,10,0,108,2026-09-10 01:31:27
464610,2,SOL 의료기기소부장Fn,6965,5,-240,-3.33,6967.0,-13.1928,4765,33,108,2026-09-10 01:31:27
0233N0,4,RISE 글로벌AI낸드메모리반도체,10770,5,-195,-1.78,10885.0,,67118,729,108,2026-09-10 01:31:27
280920,2,PLUS 주도업종,23780,3,0,0.0,23238.0,-18.1694,0,0,107,2026-09-10 01:31:27
463640,4,KODEX 미국S&P500유틸리티,13375,5,-85,-0.63,13294.0,-10.9173,203,2,107,2026-09-10 01:31:27
140570,2,RISE 수출주,26480,5,-225,-0.84,26122.0,-8.104,16,0,106,2026-09-10 01:31:27
310080,4,RISE 중국MSCI China(H),9160,5,-135,-1.45,9107.0,0.0538,736,6,105,2026-09-10 01:31:27
385710,2,TIME K이노베이션액티브,10455,5,-205,-1.92,10489.0,-21.2413,1547,16,105,2026-09-10 01:31:27
419420,4,KODEX 미국클린에너지나스닥,8680,5,-190,-2.14,8689.0,-27.7583,86,0,104,2026-09-10 01:31:27
0093B0,4,RISE 엔비디아고정테크100,12215,5,-140,-1.13,12228.0,-8.7142,104,1,104,2026-09-10 01:31:27
0189Z0,2,DAISHIN 금융&지주고배당,10330,2,15,0.15,10331.0,3.1024,1563,16,103,2026-09-10 01:31:27
0191S0,1,IBK 코스닥150,13950,5,-270,-1.9,13989.0,-15.3572,442,6,103,2026-09-10 01:31:27
451150,4,에셋플러스 글로벌영에이지액티브,16605,5,-160,-0.95,16470.0,-11.7632,12,0,103,2026-09-10 01:31:27
0221Z0,2,ACE K바이오코스닥액티브,9355,5,-520,-5.27,9399.0,,54355,518,103,2026-09-10 01:31:27
237440,7,TIGER 경기방어채권혼합,10220,5,-30,-0.29,10191.0,1.7369,3403,34,102,2026-09-10 01:31:27
0068M0,4,KODEX 미국S&P500버퍼6월액티브,11325,5,-20,-0.18,11435.0,-10.343,98,1,102,2026-09-10 01:31:27
461580,1,TIGER 코스닥글로벌,15625,5,-470,-2.92,15641.0,-7.2602,9872,154,102,2026-09-10 01:31:27
181480,7,ACE 미국부동산리츠(합성 H),83410,5,-485,-0.58,83071.0,0.0223,5,0,100,2026-09-10 01:31:27
139240,2,TIGER 200 철강소재,11115,5,-260,-2.29,11121.0,-0.4812,944,10,100,2026-09-10 01:31:27
371870,4,ACE 차이나항셍테크,6235,5,-95,-1.5,6218.0,-18.1113,689,4,100,2026-09-10 01:31:27
0120J0,2,BNK 카카오그룹포커스,7935,5,-125,-1.55,7933.0,-3.5886,3689,29,99,2026-09-10 01:31:27
230480,7,KIWOOM 미국달러선물인버스2X,4930,5,-10,-0.2,4935.0,27.4838,1720,8,99,2026-09-10 01:31:27
0113G0,4,KoAct 미국바이오헬스케어액티브,11005,5,-160,-1.43,11060.0,10.2171,573,6,99,2026-09-10 01:31:27
460270,6,KIWOOM 미국달러SOFR금리액티브(합성),12205,2,25,0.21,12210.0,-10.7366,4,0,99,2026-09-10 01:31:27
252000,1,TIGER 200동일가중,19675,5,-130,-0.66,19492.0,-3.0945,38,0,98,2026-09-10 01:31:27
0226G0,2,WON 피지컬AI TOP2플러스액티브,12145,5,-230,-1.86,12161.0,,491,6,97,2026-09-10 01:31:27
281990,2,RISE 중소형고배당,17630,5,-145,-0.82,17702.0,1.7632,520,9,97,2026-09-10 01:31:27
0094L0,4,RISE 차이나테크TOP10위클리타겟커버드콜,6920,5,-150,-2.12,7037.0,-18.571,2552,17,97,2026-09-10 01:31:27
487910,4,ACE 인도컨슈머파워액티브,8015,5,-5,-0.06,8046.0,-8.238,79,0,96,2026-09-10 01:31:27
0001P0,2,마이티 바이오시밀러&CDMO액티브,8550,5,-300,-3.39,8550.0,-10.1979,70,0,96,2026-09-10 01:31:27
0224D0,4,KIWOOM 미국CPU반도체TOP4+,9570,5,-5,-0.05,9660.0,,1745,16,96,2026-09-10 01:31:27
498050,2,HANARO 바이오코리아액티브,10060,5,-375,-3.59,10067.0,-13.3666,666,6,96,2026-09-10 01:31:27
354350,4,HANARO 글로벌럭셔리S&P(합성),18040,5,-295,-1.61,18031.0,-13.5754,153,2,94,2026-09-10 01:31:27
463690,4,KODEX 미국S&P500커뮤니케이션,17050,5,-135,-0.79,17153.0,-11.6103,167,2,94,2026-09-10 01:31:27
0067Y0,4,TIGER 차이나AI소프트웨어,9860,5,-170,-1.69,9838.0,-20.6488,6196,61,94,2026-09-10 01:31:27
117690,4,TIGER 차이나항셍30,18690,5,-205,-1.08,18617.0,-10.9567,4046,75,93,2026-09-10 01:31:27
399580,4,RISE 글로벌클린에너지,9345,2,10,0.11,9370.0,-23.0978,904,8,93,2026-09-10 01:31:27
482030,2,KoAct 반도체&2차전지핵심소재액티브,8900,5,-200,-2.2,8923.0,-16.2449,2230,20,93,2026-09-10 01:31:27
429010,4,TIGER 미국나스닥넥스트100,18525,5,-445,-2.35,18601.0,-10.2437,212,3,93,2026-09-10 01:31:27
456250,4,KODEX 유럽명품TOP10 STOXX,8045,5,-230,-2.78,8032.0,-13.8364,2464,20,93,2026-09-10 01:31:27
0174R0,4,KIWOOM 미국성장다우존스,10840,5,-130,-1.19,10862.0,-8.1583,15771,170,92,2026-09-10 01:31:27
0194N0,2,KIWOOM 삼성전자선물단일종목레버리지,11145,5,-540,-4.62,11142.0,-46.9656,8716,97,92,2026-09-10 01:31:27
341850,7,TIGER 리츠부동산인프라채권,4550,2,10,0.22,4550.0,5.034,2438,11,91,2026-09-10 01:31:27
466810,2,BNK 2차전지양극재,6050,5,-135,-2.18,6064.0,-6.2169,24544,152,91,2026-09-10 01:31:27
301400,1,PLUS 코스닥150,13930,5,-350,-2.45,14011.0,-15.8019,11461,160,91,2026-09-10 01:31:27
0227K0,4,RISE 미국우주위성통신,8890,5,-320,-3.47,8974.0,,41039,366,89,2026-09-10 01:31:27
105010,4,TIGER 라틴35,6345,2,40,0.63,6328.0,-4.8248,75,0,89,2026-09-10 01:31:27
0184N0,7,PLUS 은채권혼합,8840,2,80,0.91,8819.0,-5.9582,4974,43,88,2026-09-10 01:31:27
449680,7,TIGER 한중전기차(합성),10400,2,90,0.87,10316.0,-23.1458,103,1,88,2026-09-10 01:31:27
0133E0,4,TIGER 차이나증권,8415,2,55,0.66,8427.0,-4.7836,643,5,88,2026-09-10 01:31:27
215620,2,HK S&P코리아로우볼,16275,3,0,0.0,16171.0,5.1017,0,0,88,2026-09-10 01:31:27
217780,4,TIGER 차이나CSI300인버스(합성),5670,5,-15,-0.26,5721.0,15.4314,29,0,88,2026-09-10 01:31:27
494180,4,TIME 글로벌소비트렌드액티브,12555,5,-130,-1.02,12500.0,-10.0674,61,0,88,2026-09-10 01:31:27
395150,2,KODEX 웹툰&드라마,1828,5,-22,-1.19,1829.0,-7.9602,618,1,88,2026-09-10 01:31:27
174350,2,TIGER 로우볼,20860,5,-175,-0.83,20921.0,4.6053,1117,23,88,2026-09-10 01:31:27
0084D0,7,KIWOOM 미국테크100월간목표헤지액티브,10950,2,20,0.18,10952.0,-13.7197,3,0,88,2026-09-10 01:31:27
381570,2,HANARO Fn친환경에너지,10275,5,-395,-3.7,10316.0,-7.2981,2127,21,87,2026-09-10 01:31:27
375270,7,RISE 글로벌데이터센터리츠(합성),13405,5,-100,-0.74,13364.0,-18.9619,358,4,87,2026-09-10 01:31:27
0219B0,2,KoAct 광통신&위성네트워크액티브,10880,5,-395,-3.5,10928.0,,39112,430,87,2026-09-10 01:31:27
497510,4,ACE 글로벌빅파마,12230,5,-40,-0.33,12260.0,-5.7478,874,10,86,2026-09-10 01:31:27
0216K0,7,KIWOOM 미국우주테크TOP2채권혼합50,8420,5,-300,-3.44,8478.0,,31311,263,84,2026-09-10 01:31:27
457930,2,BNK 미래전략기술액티브,28005,3,0,0.0,27644.0,-13.9103,0,0,84,2026-09-10 01:31:27
435540,7,KIWOOM TDF2040액티브 적격,16790,5,-45,-0.27,16751.0,-9.0927,353,5,84,2026-09-10 01:31:27
270800,2,RISE KQ고배당,15260,5,-30,-0.2,15195.0,-6.2143,9,0,84,2026-09-10 01:31:27
395750,2,PLUS ESG가치주액티브,20945,3,0,0.0,20555.0,-14.7191,0,0,84,2026-09-10 01:31:27
0214M0,2,MIDAS 바이오헬스케어액티브,9840,5,-190,-1.89,9737.0,,132,1,84,2026-09-10 01:31:27
182490,6,TIGER 단기선진하이일드(합성 H),13880,5,-25,-0.18,13835.0,1.4593,12,0,83,2026-09-10 01:31:27
429980,7,SOL 한국형글로벌전기차&2차전지액티브,16650,5,-110,-0.66,16666.0,-21.2036,114,1,83,2026-09-10 01:31:27
0219Z0,4,HANARO 미국S&P500액티브,10170,5,-20,-0.2,10177.0,,36,0,81,2026-09-10 01:31:27
0226D0,7,FOCUS 금융반도체지주채권혼합50액티브,10170,5,-50,-0.49,10164.0,,129,1,81,2026-09-10 01:31:27
497520,4,ACE 일라이릴리밸류체인,12455,5,-20,-0.16,12466.0,-2.501,2364,29,81,2026-09-10 01:31:27
371150,4,RISE 차이나항셍테크,6200,5,-65,-1.04,6195.0,-18.8284,441,2,81,2026-09-10 01:31:27
395280,2,HANARO Fn K-게임,3365,5,-30,-0.88,3382.0,-11.2419,4322,14,79,2026-09-10 01:31:27
462340,4,에셋플러스 글로벌다이나믹시니어액티브,15790,5,-100,-0.63,15760.0,-2.2455,3,0,79,2026-09-10 01:31:27
0215T0,4,HANARO 미국AI광통신TOP10,8630,5,-120,-1.37,8754.0,,20031,174,78,2026-09-10 01:31:27
189400,4,PLUS 글로벌MSCI(합성 H),25860,5,-125,-0.48,25806.0,3.6911,5,0,78,2026-09-10 01:31:27
227550,2,TIGER 200 산업재,12095,5,-190,-1.55,12101.0,-2.8854,743,9,77,2026-09-10 01:31:27
480460,7,WON 한국부동산TOP3플러스,9105,2,40,0.44,9146.0,5.304,179,1,77,2026-09-10 01:31:27
285690,2,FOCUS ESG리더스,22020,3,0,0.0,21601.0,-7.4402,0,0,77,2026-09-10 01:31:27
487920,4,ACE 인도시장대표BIG5그룹액티브,7610,5,-10,-0.13,7631.0,-9.8759,79,0,76,2026-09-10 01:31:27
227570,2,TIGER 우량가치,21130,5,-170,-0.8,21193.0,0.9957,640,13,76,2026-09-10 01:31:27
438740,2,MIDAS 중소형액티브,33570,5,-425,-1.25,33318.0,-11.8044,1,0,76,2026-09-10 01:31:27
437370,4,RISE 글로벌농업경제,10770,2,50,0.47,10717.0,-0.6655,210,2,75,2026-09-10 01:31:27
139660,7,KIWOOM 미국달러선물인버스,8655,5,-20,-0.23,8668.0,13.2506,9,0,75,2026-09-10 01:31:27
261110,7,TIGER 미국달러선물레버리지,15035,2,70,0.47,15017.0,-21.4436,216,3,75,2026-09-10 01:31:27
435530,7,KIWOOM TDF2030액티브 적격,14910,5,-50,-0.33,14883.0,-8.7851,106,1,75,2026-09-10 01:31:27
304670,6,KODEX 미국30년국채울트라선물인버스(H),12365,3,0,0.0,12456.0,2.5715,0,0,74,2026-09-10 01:31:27
0218K0,2,BNK 스마트카,10510,5,-30,-0.28,10371.0,,4,0,74,2026-09-10 01:31:27
253280,2,RISE 헬스케어,12250,5,-340,-2.7,12254.0,-6.2198,248,3,74,2026-09-10 01:31:27
494210,4,SOL 미국500타겟데일리커버드콜액티브,10460,5,-15,-0.14,10456.0,-8.2276,2536,26,73,2026-09-10 01:31:27
0005C0,6,RISE 미국S&P500엔화노출(합성 H),11255,5,-105,-0.92,11184.0,-4.1755,75,0,73,2026-09-10 01:31:27
315270,2,TIGER 200커뮤니케이션서비스,19200,5,-200,-1.03,19210.0,-12.6693,143,2,73,2026-09-10 01:31:27
0172Y0,2,ACE K수출핵심TOP10산업액티브,9700,5,-240,-2.41,9719.0,-8.7236,1952,19,73,2026-09-10 01:31:27
225050,4,TIGER 유로스탁스레버리지(합성 H),16025,5,-480,-2.91,16026.0,10.7346,146,2,72,2026-09-10 01:31:27
368680,2,KODEX K-뉴딜디지털플러스,8010,3,0,0.0,7891.0,-3.599,0,0,72,2026-09-10 01:31:27
225800,7,KIWOOM 미국달러선물레버리지,14125,2,40,0.28,14129.0,-21.4446,801,11,72,2026-09-10 01:31:27
402460,2,HANARO Fn K-메타버스MZ,14385,5,-140,-0.96,14431.0,-17.1644,14,0,72,2026-09-10 01:31:27
0176P0,2,FOCUS AI반도체위클리고정커버드콜,12995,5,-265,-2.0,12994.0,-12.9186,1257,16,71,2026-09-10 01:31:27
0094X0,4,1Q 샤오미밸류체인액티브,7905,5,-110,-1.37,7924.0,-16.3777,473,3,71,2026-09-10 01:31:27
488480,4,RISE 일본섹터TOP4Plus,12925,5,-115,-0.88,12861.0,-4.9531,268,3,71,2026-09-10 01:31:27
256450,4,PLUS 심천차이넥스트(합성),14205,2,75,0.53,14159.0,-24.3171,111,1,71,2026-09-10 01:31:27
326230,2,RISE 내수주플러스,11035,5,-90,-0.81,10939.0,-7.6381,14,0,71,2026-09-10 01:31:27
250780,3,TIGER 코스닥150선물인버스,2475,2,50,2.06,2470.0,5.4347,126414,310,71,2026-09-10 01:31:27
244670,2,KODEX 밸류Plus,11745,5,-20,-0.17,11670.0,2.1401,1030,12,70,2026-09-10 01:31:27
0138D0,2,RISE 동학개미,12750,5,-180,-1.39,12745.0,-15.8204,186,2,70,2026-09-10 01:31:27
400590,4,SOL 글로벌탄소배출권선물ICE(합성),14005,2,120,0.86,14053.0,-3.6768,572,7,70,2026-09-10 01:31:27
429740,7,PLUS K리츠,6060,2,25,0.41,6066.0,5.1753,5027,30,70,2026-09-10 01:31:27
450180,7,KODEX 한중전기차(합성),10635,5,-45,-0.42,10604.0,-23.3585,201,2,69,2026-09-10 01:31:27
139290,2,TIGER 200 경기소비재,24445,5,-335,-1.35,24439.0,-23.0435,33,0,68,2026-09-10 01:31:27
0082F0,4,HANARO 유럽방산,9775,5,-255,-2.54,9738.0,-5.5556,191,1,68,2026-09-10 01:31:27
0036Z0,4,RISE 미국천연가스밸류체인,12400,2,65,0.53,12349.0,-7.8763,1526,18,68,2026-09-10 01:31:27
289670,6,PLUS 국채선물10년,51620,5,-305,-0.59,51643.0,0.1736,237,12,66,2026-09-10 01:31:27
176950,6,KODEX 국채선물10년인버스,60610,3,0,0.0,61018.0,0.7228,0,0,65,2026-09-10 01:31:27
138920,5,KODEX 콩선물(H),12935,5,-25,-0.19,12918.0,15.3538,37,0,65,2026-09-10 01:31:27
0166T0,4,PLUS 글로벌저작권핵심기업액티브,9195,5,-85,-0.92,9174.0,-8.8409,14,0,64,2026-09-10 01:31:27
0047N0,4,PLUS 차이나AI테크TOP10,9155,5,-60,-0.65,9092.0,-16.7194,1785,16,64,2026-09-10 01:31:27
456200,6,PLUS 미국달러SOFR금리액티브(합성),57990,3,0,0.0,58107.0,-10.7847,0,0,64,2026-09-10 01:31:27
291890,4,KODEX MSCI EM선물(H),12640,5,-120,-0.94,12526.0,2.8617,2,0,63,2026-09-10 01:31:27
469530,3,RISE 미국달러선물인버스,9690,5,-35,-0.36,9706.0,13.3449,37,0,62,2026-09-10 01:31:27
474390,6,SOL 국고채30년액티브,40240,3,0,0.0,39974.0,-4.78,0,0,62,2026-09-10 01:31:27
316300,7,ACE 싱가포르리츠,12275,5,-55,-0.45,12347.0,-12.0956,145,1,61,2026-09-10 01:31:27
400580,4,SOL 유럽탄소배출권선물S&P(H),12040,5,-5,-0.04,12075.0,11.1675,28,0,60,2026-09-10 01:31:27
0191B0,1,MIDAS 코스닥액티브,29810,5,-190,-0.63,29861.0,-16.1074,558,16,60,2026-09-10 01:31:27
451670,6,RISE 국채30년레버리지(합성),11900,3,0,0.0,11737.0,-12.4034,0,0,60,2026-09-10 01:31:27
433250,1,UNICORN R&D 액티브,23795,5,-80,-0.34,23375.0,-16.0219,1,0,59,2026-09-10 01:31:27
314700,2,HANARO 농업융복합산업,10795,5,-20,-0.18,10762.0,-8.4405,13,0,59,2026-09-10 01:31:27
0229F0,2,마이티 신약포커스바이오액티브,8470,5,-450,-5.04,8477.0,,1705,14,59,2026-09-10 01:31:27
307510,2,TIGER 의료기기,11800,5,-435,-3.56,11799.0,-14.2946,515,6,59,2026-09-10 01:31:27
407300,2,HANARO Fn골프테마,10620,5,-40,-0.38,10465.0,-14.5985,1,0,58,2026-09-10 01:31:27
488200,2,KIWOOM K-2차전지북미공급망,12975,5,-315,-2.37,13026.0,-7.8159,542,7,58,2026-09-10 01:31:27
483020,2,KIWOOM 의료AI,8910,5,-190,-2.09,8903.0,-6.8101,337,3,58,2026-09-10 01:31:27
0087F0,4,ACE 차이나AI빅테크TOP2+액티브,11490,3,0,0.0,11273.0,-15.8242,69,0,57,2026-09-10 01:31:27
0053M0,2,더제이 중소형포커스액티브,12750,5,-175,-1.35,12652.0,-10.9849,4,0,57,2026-09-10 01:31:27
401590,4,HANARO 글로벌탄소배출권선물ICE(합성),11135,2,60,0.54,11199.0,-4.1956,256,2,57,2026-09-10 01:31:27
267450,6,RISE 미국장기국채선물인버스(H),11245,2,50,0.45,11187.0,1.8653,5,0,56,2026-09-10 01:31:27
0114X0,4,RISE 글로벌게임테크TOP3Plus,8545,5,-5,-0.06,8515.0,1.5439,11914,102,56,2026-09-10 01:31:27
0184V0,2,UNICORN K바이오액티브,5285,5,-280,-5.03,5292.0,-25.9482,4954,26,55,2026-09-10 01:31:27
432600,6,RISE 국채선물3년,55250,5,-25,-0.05,55212.0,1.0696,1,0,55,2026-09-10 01:31:27
220130,4,SOL 차이나강소기업CSI500(합성 H),6850,2,25,0.37,6812.0,-1.8692,1,0,55,2026-09-10 01:31:27
499150,4,SOL 미국S&P500엔화노출(H),10870,5,-85,-0.78,10785.0,-4.0204,1519,16,54,2026-09-10 01:31:27
219900,4,ACE 중국본토CSI300레버리지(합성),3870,2,10,0.26,3896.0,-28.6507,727,2,54,2026-09-10 01:31:27
238670,7,PLUS 스마트베타Quality채권혼합,13545,5,-105,-0.77,13444.0,2.5544,2758,37,54,2026-09-10 01:31:27
470310,2,UNICORN 생성형AI강소기업액티브,17940,5,-145,-0.8,17879.0,2.639,54,0,54,2026-09-10 01:31:27
390400,4,KODEX 미국스마트모빌리티S&P,6700,5,-220,-3.18,6745.0,-21.258,506,3,54,2026-09-10 01:31:27
321410,7,KODEX 멀티에셋하이인컴(H),10610,3,0,0.0,10621.0,1.332,0,0,53,2026-09-10 01:31:27
0015E0,7,KIWOOM 엔비디아미국30년국채혼합액티브(H),10510,5,-75,-0.71,10532.0,-0.5135,150,1,53,2026-09-10 01:31:27
0102X0,4,ACE 유럽방산TOP10,8670,5,-70,-0.8,8678.0,-10.4407,4363,37,52,2026-09-10 01:31:27
0174J0,7,DAISHIN 오피스리츠플러스,8660,2,30,0.35,8669.0,5.9017,4,0,52,2026-09-10 01:31:27
413220,4,SOL 차이나태양광CSI(합성),4280,5,-25,-0.58,4328.0,-28.5478,244,1,51,2026-09-10 01:31:27
295000,6,RISE 국채선물10년,50990,5,-170,-0.33,50923.0,0.1272,1,0,51,2026-09-10 01:31:27
483030,4,KIWOOM 미국블록버스터바이오테크의약품+,11330,5,-50,-0.44,11322.0,-1.4518,673,7,51,2026-09-10 01:31:27
476310,4,RISE 글로벌비만산업TOP2+,9200,5,-75,-0.81,9287.0,-8.0588,142,1,51,2026-09-10 01:31:27
0132D0,7,KoAct 글로벌K컬처밸류체인액티브,9040,5,-195,-2.11,9077.0,-0.699,300,2,50,2026-09-10 01:31:27
490330,4,KoAct 미국치매&뇌질환치료제액티브,14055,5,-95,-0.67,14043.0,2.0187,299,4,49,2026-09-10 01:31:27
411860,4,KIWOOM 독일DAX,16345,5,-95,-0.58,16309.0,-6.5098,357,5,49,2026-09-10 01:31:27
291630,3,KIWOOM 코스닥150선물레버리지,3360,5,-155,-4.41,3372.0,-37.7877,30744,104,49,2026-09-10 01:31:27
488210,2,KIWOOM K-반도체북미공급망,24205,5,-255,-1.04,24251.0,-6.8745,1473,35,48,2026-09-10 01:31:27
267440,6,RISE 미국장기국채선물(H),8045,2,115,1.45,8033.0,-3.4105,3,0,48,2026-09-10 01:31:27
243890,2,TIGER 200에너지화학레버리지,9050,5,-620,-6.41,9121.0,-4.1151,22419,217,48,2026-09-10 01:31:27
0015K0,4,TIGER 미국소비트렌드액티브,6730,5,-60,-0.88,6743.0,-9.947,15,0,47,2026-09-10 01:31:27
0154H0,4,KoAct 차이나바이오헬스케어액티브,8535,5,-40,-0.47,8532.0,14.3333,4127,35,47,2026-09-10 01:31:27
498610,4,RISE 인도디지털성장,7815,2,50,0.64,7853.0,-5.3884,81,0,47,2026-09-10 01:31:27
0073X0,5,FOCUS 알리바바미국채커버드콜혼합,8520,5,-60,-0.7,8575.0,-14.457,931,7,47,2026-09-10 01:31:27
266550,2,PLUS 중형주저변동50,18655,5,-10,-0.05,18512.0,0.7829,2,0,47,2026-09-10 01:31:27
244660,2,KODEX 퀄리티Plus,9310,5,-105,-1.12,9323.0,1.9394,22,0,47,2026-09-10 01:31:27
391600,4,ACE 미국친환경그린테마,10060,5,-250,-2.42,10111.0,-20.1395,11136,114,45,2026-09-10 01:31:27
227560,2,TIGER 200 생활소비재,12410,5,-195,-1.55,12404.0,-0.4262,766,9,45,2026-09-10 01:31:27
0128D0,4,PLUS 차이나항셍테크위클리타겟커버드콜,6345,5,-90,-1.4,6345.0,-18.3547,120,0,44,2026-09-10 01:31:27
205720,4,ACE 일본TOPIX인버스(합성 H),1480,2,15,1.02,1481.0,-5.0551,202,0,44,2026-09-10 01:31:27
0078V0,4,PLUS 미국로보택시,8870,5,-335,-3.64,8846.0,-16.3182,307,2,44,2026-09-10 01:31:27
373790,4,KIWOOM 미국방어배당성장나스닥,15030,5,-115,-0.76,14989.0,-6.7205,74,1,42,2026-09-10 01:31:27
277650,2,TIGER 코스피중형주,20950,5,-490,-2.29,20968.0,-4.2858,5,0,42,2026-09-10 01:31:27
0131A0,4,SOL 차이나소비트렌드,7510,2,55,0.74,7471.0,-19.3182,11,0,41,2026-09-10 01:31:27
226380,2,ACE Fn성장소비주도주,5735,5,-35,-0.61,5746.0,-1.9542,205,1,40,2026-09-10 01:31:27
334690,5,RISE 팔라듐선물(H),6120,5,-5,-0.08,6107.0,9.5706,404,2,40,2026-09-10 01:31:27
291680,4,RISE 차이나H선물인버스(H),7855,2,35,0.45,7964.0,-2.0664,1002,7,39,2026-09-10 01:31:27
0050E0,4,PLUS 미국AI에이전트,7830,5,-70,-0.89,7841.0,-11.6332,40,0,39,2026-09-10 01:31:27
252420,3,RISE 200선물인버스2X,77,2,2,2.67,77.0,-14.7728,536623,40,39,2026-09-10 01:31:27
225030,4,TIGER 미국S&P500선물인버스(H),2265,2,10,0.44,2268.0,-3.0108,1781,4,37,2026-09-10 01:31:27
267490,6,RISE 미국장기국채선물레버리지(합성 H),4965,5,-35,-0.7,4958.0,-3.475,5,0,35,2026-09-10 01:31:27
427120,2,RISE AI플랫폼,5030,5,-50,-0.98,5053.0,-9.8492,115,0,34,2026-09-10 01:31:27
0079X0,4,ACE BYD밸류체인액티브,9365,5,-115,-1.21,9361.0,-19.0782,1392,13,33,2026-09-10 01:31:27
306530,3,HANARO 코스닥150선물레버리지,6670,5,-325,-4.65,6711.0,-38.7747,9492,64,29,2026-09-10 01:31:27
454180,4,KIWOOM 차이나내수소비TOP CSI,7320,2,110,1.53,7271.0,-11.9127,11,0,29,2026-09-10 01:31:27
145670,3,ACE 인버스,1273,2,30,2.41,1274.0,0.485,40601,50,28,2026-09-10 01:31:27
491630,4,RISE 미국반도체인버스(합성 H),5285,3,0,0.0,5262.0,0.7626,220,1,28,2026-09-10 01:31:27
476000,2,UNICORN 포스트IPO액티브,4990,5,-115,-2.25,4976.0,-28.5515,3098,15,27,2026-09-10 01:31:27
280940,5,KODEX 골드선물인버스(H),3397,2,7,0.21,3408.0,-2.4461,8,0,27,2026-09-10 01:31:27
252410,3,RISE 200선물인버스,1293,2,23,1.81,1296.0,1.1952,8824,11,26,2026-09-10 01:31:27
291620,3,KIWOOM 코스닥150선물인버스,4380,2,95,2.22,4379.0,4.8959,9638,41,25,2026-09-10 01:31:27
275750,3,RISE 코스닥150선물인버스,2500,2,60,2.46,2498.0,4.721,8211,20,24,2026-09-10 01:31:27
253230,3,KIWOOM 200선물인버스2X,74,2,3,4.23,74.0,-16.4706,1293226,94,22,2026-09-10 01:31:27
280320,4,ACE 미국IT인터넷(합성 H),21400,2,40,0.19,21603.0,4.9889,200,4,21,2026-09-10 01:31:27
334700,5,RISE 팔라듐선물인버스(H),3190,5,-15,-0.47,3204.0,-13.3784,2,0,21,2026-09-10 01:31:27
253240,3,KIWOOM 200선물인버스,1297,2,29,2.29,1296.0,-0.5491,11827,15,16,2026-09-10 01:31:27
306520,3,HANARO 200선물인버스,2350,2,60,2.62,2346.0,0.881,2139,4,14,2026-09-10 01:31:27
253160,3,PLUS 200선물인버스2X,152,2,7,4.83,149.0,-16.6667,322454,48,13,2026-09-10 01:31:27
261920,4,ACE MSCI필리핀(합성),11905,5,-110,-0.92,11997.0,-9.2523,33,0,12,2026-09-10 01:31:27
412560,2,TIGER BBIG레버리지,1630,5,-70,-4.12,1638.0,-22.5513,16628,27,11,2026-09-10 01:31:27
465620,4,ACE 미국빅테크TOP7 Plus인버스(합성),6685,2,80,1.21,6664.0,3.6891,98,0,7,2026-09-10 01:31:27
