itemcode,etfTabCode,itemname,nowVal,risefall,changeVal,changeRate,nav,threeMonthEarnRate,quant,amonut,marketSum,collected_at
069500,1,KODEX 200,110140,2,4420,4.18,110274.0,-23.6411,11029772,1207216,255249,2026-09-07 04:24:15
360750,4,TIGER 미국S&P500,25760,5,-220,-0.85,25793.0,-8.9388,27801127,714371,202319,2026-09-07 04:24:15
133690,4,TIGER 미국나스닥100,176357,5,-633,-0.36,176261.0,-14.059,3060642,537632,114191,2026-09-07 04:24:15
102110,1,TIGER 200,110380,2,4500,4.25,110474.0,-23.5845,6630325,727136,104033,2026-09-07 04:24:15
379800,4,KODEX 미국S&P500,23420,5,-200,-0.85,23446.0,-8.8936,21794478,509027,100179,2026-09-07 04:24:15
396500,2,TIGER 반도체TOP10,36825,2,1885,5.39,36885.0,-34.032,7044651,258311,98304,2026-09-07 04:24:15
379810,4,KODEX 미국나스닥100,26370,5,-100,-0.38,26352.0,-14.0082,16105098,422694,90858,2026-09-07 04:24:15
488770,7,KODEX 머니마켓액티브,105447,2,12,0.01,105448.0,0.8657,434889,45857,80086,2026-09-07 04:24:15
278530,1,KODEX 200TR,39900,2,1635,4.27,39932.0,-23.7142,493629,19556,78164,2026-09-07 04:24:15
459580,6,KODEX CD금리액티브(합성),1074025,2,85,0.01,1074230.0,0.7238,607879,652878,65734,2026-09-07 04:24:15
122630,3,KODEX 레버리지,111660,2,8605,8.35,111957.0,-52.1476,9062784,999819,62027,2026-09-07 04:24:15
498400,2,KODEX 200타겟위클리커버드콜,20775,2,700,3.49,20770.0,-23.2437,4163775,85977,59375,2026-09-07 04:24:15
091160,2,KODEX 반도체,130365,2,6615,5.35,130655.0,-26.4706,1418668,184293,57165,2026-09-07 04:24:15
0167A0,2,SOL AI반도체TOP2플러스,17885,2,785,4.59,17915.0,-29.0457,8534993,152095,57134,2026-09-07 04:24:15
381180,4,TIGER 미국필라델피아반도체나스닥,41295,2,965,2.39,41170.0,-26.3172,627092,25746,56017,2026-09-07 04:24:15
229200,1,KODEX 코스닥150,13980,2,160,1.16,13999.0,-25.5789,29704981,417487,47322,2026-09-07 04:24:15
148020,1,RISE 200,110965,2,4545,4.27,111040.0,-23.7377,609819,67157,45274,2026-09-07 04:24:15
310970,1,TIGER MSCI Korea TR,49175,2,2115,4.49,49276.0,-23.8512,19012,929,44553,2026-09-07 04:24:15
458730,4,TIGER 미국배당다우존스,14735,5,-230,-1.54,14808.0,-3.6977,2523194,37146,42437,2026-09-07 04:24:15
0162Z0,7,RISE 삼성전자SK하이닉스채권혼합50,13610,2,380,2.87,13631.0,-11.408,4186937,56683,41864,2026-09-07 04:24:15
395160,2,KODEX AI반도체TOP2플러스,40615,2,2075,5.38,40702.0,-23.834,2723929,109798,41427,2026-09-07 04:24:15
411060,5,ACE KRX금현물,26810,5,-470,-1.72,26753.0,-9.414,676667,18102,39974,2026-09-07 04:24:15
360200,4,ACE 미국S&P500,26045,5,-215,-0.82,26075.0,-8.9629,782421,20297,39094,2026-09-07 04:24:15
381170,4,TIGER 미국테크TOP10 INDXX,30400,5,-300,-0.98,30371.0,-11.4892,396627,11997,37559,2026-09-07 04:24:15
395270,2,HANARO Fn K-반도체,57705,2,2940,5.37,57814.0,-24.5817,1634066,93604,36412,2026-09-07 04:24:15
423160,6,KODEX KOFR금리액티브(합성),110722,2,17,0.02,110710.0,0.693,49419,5471,35767,2026-09-07 04:24:15
357870,6,TIGER CD금리투자KIS(합성),58020,2,5,0.01,58016.0,0.7642,171154,9929,35531,2026-09-07 04:24:15
233740,3,KODEX 코스닥150레버리지,6840,2,115,1.71,6872.0,-52.7905,42998750,297130,34781,2026-09-07 04:24:15
102780,2,KODEX 삼성그룹,26635,2,640,2.46,26678.0,-21.9604,204278,5413,34306,2026-09-07 04:24:15
273130,6,KODEX 종합채권(AA-이상)액티브,109915,2,40,0.04,109867.0,-0.4891,3129,343,34215,2026-09-07 04:24:15
367380,4,ACE 미국나스닥100,30315,5,-110,-0.36,30298.0,-14.0602,645063,19464,34044,2026-09-07 04:24:15
0043B0,6,TIGER 머니마켓액티브,103570,2,15,0.01,103580.0,0.8865,80933,8382,33041,2026-09-07 04:24:15
487240,2,KODEX AI전력핵심설비,36300,2,1680,4.85,36385.0,-24.1979,2065484,74062,31726,2026-09-07 04:24:15
455890,6,RISE 머니마켓액티브,55497,2,2,0.0,55503.0,0.8175,85665,4754,28924,2026-09-07 04:24:15
139260,2,TIGER 200 IT,140200,2,6535,4.89,140540.0,-27.4496,208720,29116,27704,2026-09-07 04:24:15
472150,2,TIGER 배당커버드콜액티브,20570,2,795,4.02,20610.0,-21.8531,3656621,74745,25906,2026-09-07 04:24:15
0193T0,2,KODEX SK하이닉스단일종목레버리지,10860,2,1360,14.32,10897.0,-67.3034,15137028,160684,25575,2026-09-07 04:24:15
481050,6,KODEX CD1년금리플러스액티브(합성),1022180,2,85,0.01,1022196.0,0.7794,31928,32636,25071,2026-09-07 04:24:15
426030,4,TIME 미국나스닥100액티브,45325,2,555,1.24,45302.0,-24.0994,358636,16178,24548,2026-09-07 04:24:15
161510,2,PLUS 고배당주,25425,5,-25,-0.1,25426.0,-4.2235,396880,10098,24309,2026-09-07 04:24:15
449170,6,TIGER KOFR금리액티브(합성),111797,2,7,0.01,111797.0,0.6799,52929,5917,24075,2026-09-07 04:24:15
278540,1,KODEX MSCI Korea TR,39155,2,1800,4.82,39240.0,-24.4744,5634,219,23963,2026-09-07 04:24:15
486290,4,TIGER 미국나스닥100타겟데일리커버드콜,10275,5,-50,-0.48,10258.0,-13.982,1417526,14495,23848,2026-09-07 04:24:15
456600,4,TIME 글로벌AI인공지능액티브,57885,2,690,1.21,57909.0,-19.1648,58968,3394,21024,2026-09-07 04:24:15
292150,2,TIGER 코리아TOP10,38665,2,1740,4.71,38698.0,-23.6138,425363,16307,20744,2026-09-07 04:24:15
385540,6,RISE 종합채권(A-이상)액티브,102935,2,65,0.06,102948.0,-0.3922,630,64,20300,2026-09-07 04:24:15
284430,6,KODEX 200미국채혼합50,20790,2,410,2.01,20808.0,-16.4918,308829,6386,20274,2026-09-07 04:24:15
294400,1,KIWOOM 200TR,144640,2,5905,4.26,144709.0,-23.6357,114262,16397,18514,2026-09-07 04:24:15
214980,6,KODEX 단기채권PLUS,114655,5,-5,0.0,114684.0,0.7315,15139,1735,18085,2026-09-07 04:24:15
442580,4,PLUS 글로벌HBM반도체,102215,2,5230,5.39,102124.0,-24.9197,348364,35394,17448,2026-09-07 04:24:15
105190,1,ACE 200,110380,2,4465,4.22,110512.0,-23.8773,128101,14046,17440,2026-09-07 04:24:15
305720,2,KODEX 2차전지산업,14820,5,-40,-0.27,14853.0,-21.0834,1673723,24824,17295,2026-09-07 04:24:15
441640,4,KODEX 미국배당커버드콜액티브,12462,5,-123,-0.98,12474.0,-5.2456,918189,11417,16817,2026-09-07 04:24:15
477080,6,RISE CD금리액티브(합성),107505,3,0,0.0,107514.0,0.745,13101,1408,16678,2026-09-07 04:24:15
0193W0,2,KODEX 삼성전자단일종목레버리지,12445,2,1120,9.89,12520.0,-61.5646,6213584,76266,15874,2026-09-07 04:24:15
0177N0,7,KODEX 삼성전자SK하이닉스채권혼합50,14370,2,415,2.97,14393.0,-11.3583,2499763,35753,15692,2026-09-07 04:24:15
368590,4,RISE 미국나스닥100,29415,5,-100,-0.34,29399.0,-14.0329,267485,7827,15531,2026-09-07 04:24:15
446770,4,ACE 글로벌반도체TOP4 Plus,77140,2,2300,3.07,77108.0,-20.5885,74560,5718,15505,2026-09-07 04:24:15
329200,2,TIGER 리츠부동산인프라,4045,5,-10,-0.25,4028.0,7.7103,2468215,9971,15442,2026-09-07 04:24:15
0195S0,2,TIGER SK하이닉스단일종목레버리지,9205,2,1145,14.21,9251.0,-67.4541,9851434,88793,15216,2026-09-07 04:24:15
152100,1,PLUS 200,111760,2,4585,4.28,111872.0,-23.8123,290519,32248,15199,2026-09-07 04:24:15
226490,1,KODEX 코스피,71240,2,2545,3.7,71371.0,-22.8159,258925,18340,14889,2026-09-07 04:24:15
453850,6,ACE 미국30년국채액티브(H),7150,5,-10,-0.14,7158.0,-2.5181,477223,3415,14879,2026-09-07 04:24:15
379780,4,RISE 미국S&P500,22525,5,-190,-0.84,22549.0,-8.8614,200945,4509,14844,2026-09-07 04:24:15
487230,4,KODEX 미국AI전력핵심인프라,19410,2,475,2.51,19343.0,-28.0587,657240,12705,14800,2026-09-07 04:24:15
466920,2,SOL 조선TOP3플러스,27490,5,-90,-0.33,27508.0,-23.7279,498886,13721,14487,2026-09-07 04:24:15
091230,2,TIGER 반도체,137730,2,7435,5.71,137965.0,-25.6737,245942,33753,13801,2026-09-07 04:24:15
232080,1,TIGER 코스닥150,14245,2,135,0.96,14279.0,-25.5998,7666189,109754,13536,2026-09-07 04:24:15
157450,6,TIGER 단기통안채,112580,2,5,0.0,112582.0,0.6346,3849,433,12977,2026-09-07 04:24:15
448330,1,KODEX 삼성전자채권혼합,17485,2,275,1.6,17532.0,-6.4067,374064,6532,12921,2026-09-07 04:24:15
475630,7,TIGER CD1년금리액티브(합성),1076475,2,75,0.01,1076477.0,0.7832,86516,93132,12829,2026-09-07 04:24:15
436140,6,SOL 종합채권(AA-이상)액티브,106230,2,80,0.08,106199.0,-0.3568,208,22,12466,2026-09-07 04:24:15
390390,4,KODEX 미국반도체,52110,2,845,1.65,51971.0,-21.9819,371229,19257,12402,2026-09-07 04:24:15
438080,7,ACE 미국S&P500미국채혼합50액티브,13745,5,-110,-0.79,13746.0,-9.7395,352792,4838,12123,2026-09-07 04:24:15
0072R0,5,TIGER KRX금현물,12825,5,-195,-1.5,12786.0,-9.5834,664032,8497,11889,2026-09-07 04:24:15
469150,2,ACE AI반도체TOP3+,59855,2,2855,5.01,60011.0,-29.4773,272186,16279,11732,2026-09-07 04:24:15
445290,2,KODEX 로봇액티브,31390,2,680,2.21,31458.0,-32.9876,379709,12044,10939,2026-09-07 04:24:15
494890,1,KODEX 200액티브,31745,2,1310,4.3,31795.0,-23.8695,296558,9351,10889,2026-09-07 04:24:15
0139F0,6,TIGER 12월자동연장금융채(AA-이상)액티브,102165,2,5,0.0,102161.0,0.7892,66,6,10807,2026-09-07 04:24:15
0183J0,4,TIGER 미국우주테크,7355,5,-115,-1.54,7365.0,-49.7309,996774,7298,10793,2026-09-07 04:24:15
356540,6,ACE 종합채권(AA-이상)액티브,101235,2,30,0.03,101241.0,-0.2465,4380,443,10686,2026-09-07 04:24:15
497570,4,TIGER 미국필라델피아AI반도체나스닥,20970,2,335,1.62,20923.0,-20.7559,108160,2257,10506,2026-09-07 04:24:15
455850,2,SOL AI반도체소부장,25005,2,880,3.65,25049.0,-22.3903,1086192,27345,10440,2026-09-07 04:24:15
465580,4,ACE 미국빅테크TOP7 Plus,23950,5,-325,-1.34,23931.0,-7.9272,327387,7799,10430,2026-09-07 04:24:15
451540,6,TIGER 종합채권(AA-이상)액티브,52830,2,60,0.11,52820.0,-0.434,881,46,10366,2026-09-07 04:24:15
479520,6,RISE KOFR금리액티브(합성),106405,5,-5,0.0,106419.0,0.6907,3199,340,10329,2026-09-07 04:24:15
449180,4,KODEX 미국S&P500(H),17200,5,-110,-0.64,17227.0,2.7336,524883,9037,10329,2026-09-07 04:24:15
446720,4,SOL 미국배당다우존스,13525,5,-190,-1.39,13574.0,-3.7521,225241,3040,10265,2026-09-07 04:24:15
295040,1,SOL 200TR,41315,2,1680,4.24,41339.0,-23.6394,59470,2439,10225,2026-09-07 04:24:15
0117V0,2,TIGER 코리아AI전력기기TOP3플러스,18970,2,975,5.42,19012.0,-23.4399,1114593,20835,10149,2026-09-07 04:24:15
494310,2,KODEX 반도체레버리지,80735,2,7195,9.78,81448.0,-58.8438,1870239,150006,10092,2026-09-07 04:24:15
469830,6,SOL 초단기채권액티브,54400,3,0,0.0,54403.0,0.8527,357406,19444,10073,2026-09-07 04:24:15
494300,4,KODEX 미국나스닥100데일리커버드콜OTM,8785,5,-35,-0.4,8783.0,-17.5368,1234238,10791,9980,2026-09-07 04:24:15
449450,2,PLUS K방산,51275,2,75,0.15,51252.0,-18.224,167258,8615,9922,2026-09-07 04:24:15
237350,1,KODEX 코스피100,87900,2,3630,4.31,88062.0,-24.4467,231309,20203,9845,2026-09-07 04:24:15
315930,2,KODEX Top5PlusTR,81560,2,2925,3.72,81680.0,-24.2474,20999,1703,9787,2026-09-07 04:24:15
495050,1,RISE 코리아밸류업,32630,2,1050,3.32,32662.0,-21.6006,100228,3255,9658,2026-09-07 04:24:15
479080,6,1Q 머니마켓액티브,53785,3,0,0.0,53790.0,0.8531,15583,838,9610,2026-09-07 04:24:15
402970,4,ACE 미국배당다우존스,15020,5,-215,-1.41,15077.0,-3.8736,226014,3389,9568,2026-09-07 04:24:15
305540,2,TIGER 2차전지테마,18865,5,-60,-0.32,18900.0,-18.8639,168167,3173,9404,2026-09-07 04:24:15
0195R0,2,TIGER 삼성전자단일종목레버리지,11365,2,1030,9.97,11389.0,-62.0874,4047436,45479,9402,2026-09-07 04:24:15
0117L0,6,KODEX 26-12 금융채(AA-이상)액티브,10160,5,-5,-0.05,10159.0,0.7433,3277,33,9222,2026-09-07 04:24:15
438100,7,ACE 미국나스닥100미국채혼합50액티브,14855,5,-25,-0.17,14856.0,-12.6505,180276,2667,9166,2026-09-07 04:24:15
498410,2,KODEX 금융고배당TOP10타겟위클리커버드콜,11880,5,-20,-0.17,11850.0,2.1997,660099,7849,8435,2026-09-07 04:24:15
475720,3,RISE 200위클리커버드콜,12680,2,215,1.72,12690.0,-18.434,397897,5031,8432,2026-09-07 04:24:15
466940,2,TIGER 은행고배당플러스TOP10,27150,2,280,1.04,27188.0,5.4892,285378,7749,8335,2026-09-07 04:24:15
0177R0,2,TIGER 반도체TOP10커버드콜액티브,11480,2,550,5.03,11506.0,-27.0423,1499767,17133,8254,2026-09-07 04:24:15
0219E0,2,KODEX 200커버드콜액티브,8470,2,270,3.29,8487.0,,4306185,36240,8199,2026-09-07 04:24:15
0048J0,6,KODEX 미국머니마켓액티브,13435,5,-45,-0.33,13440.0,-10.8251,597078,7992,8195,2026-09-07 04:24:15
487340,6,ACE 머니마켓액티브,105900,2,10,0.01,105901.0,0.8572,10137,1073,8184,2026-09-07 04:24:15
153130,6,KODEX 단기채권,113340,2,20,0.02,113341.0,0.6468,5870,665,8055,2026-09-07 04:24:15
441800,1,TIME Korea플러스배당액티브,29255,2,745,2.61,29320.0,-21.6599,176102,5133,8045,2026-09-07 04:24:15
069660,1,KIWOOM 200,110105,2,4525,4.29,110153.0,-23.6331,129863,14191,7928,2026-09-07 04:24:15
144600,5,KODEX 은선물(H),10670,5,-140,-1.3,10734.0,-10.1414,233541,2502,7842,2026-09-07 04:24:15
476550,6,TIGER 미국30년국채커버드콜액티브(H),6770,5,-15,-0.22,6780.0,-2.7838,771735,5228,7741,2026-09-07 04:24:15
0025N0,7,TIGER TDF2045 적격,11810,5,-65,-0.55,11824.0,-7.299,192508,2267,7706,2026-09-07 04:24:15
490590,4,RISE 미국AI밸류체인데일리고정커버드콜,13845,2,110,0.8,13837.0,-19.3708,451531,6234,7656,2026-09-07 04:24:15
481060,6,KODEX 미국30년국채타겟커버드콜(합성 H),7445,3,0,0.0,7474.0,-1.9999,493373,3671,7650,2026-09-07 04:24:15
272580,6,TIGER 단기채권액티브,57115,3,0,0.0,57113.0,0.7319,14932,852,7593,2026-09-07 04:24:15
462330,2,KODEX 2차전지산업레버리지,1057,5,-5,-0.47,1060.0,-46.3908,32698061,34592,7468,2026-09-07 04:24:15
457480,4,ACE 테슬라밸류체인액티브,18000,5,-400,-2.17,17990.0,-25.1577,240615,4311,7443,2026-09-07 04:24:15
364980,2,TIGER 2차전지TOP10,10395,5,-35,-0.34,10408.0,-15.3753,1706226,17751,7204,2026-09-07 04:24:15
0061Z0,6,RISE 단기특수은행채액티브,51015,3,0,0.0,51014.0,0.7405,1043,53,7203,2026-09-07 04:24:15
434730,2,HANARO 원자력iSelect,60000,2,3450,6.1,60064.0,-20.5759,119567,7051,7080,2026-09-07 04:24:15
371460,4,TIGER 차이나전기차SOLACTIVE,9690,5,-60,-0.62,9690.0,-27.0756,82828,800,7004,2026-09-07 04:24:15
456610,6,TIGER 미국달러SOFR금리액티브(합성),58560,5,-135,-0.23,58567.0,-10.7301,23493,1370,6939,2026-09-07 04:24:15
458760,4,TIGER 미국배당다우존스타겟커버드콜2호,10775,5,-145,-1.33,10825.0,-3.7512,339526,3646,6928,2026-09-07 04:24:15
367760,2,RISE 네트워크인프라,58980,2,2275,4.01,59108.0,-30.4532,96868,5693,6901,2026-09-07 04:24:15
102970,2,KODEX 증권,18210,2,130,0.72,18220.0,-29.9367,247530,4502,6883,2026-09-07 04:24:15
114800,3,KODEX 인버스,998,5,-42,-4.04,997.0,10.5207,388926151,390412,6872,2026-09-07 04:24:15
495850,1,KODEX 코리아밸류업,32390,2,1185,3.8,32405.0,-21.4986,66304,2136,6834,2026-09-07 04:24:15
290130,2,RISE ESG사회책임투자,48020,2,2060,4.48,48118.0,-23.3873,50492,2406,6819,2026-09-07 04:24:15
0167B0,2,SOL 200타겟위클리커버드콜,11895,2,420,3.66,11939.0,-23.6014,1183959,14005,6792,2026-09-07 04:24:15
0127P0,4,ACE 미국대형성장주액티브,10280,5,-35,-0.34,10279.0,-13.2682,3090,31,6692,2026-09-07 04:24:15
314250,4,KODEX 미국빅테크10(H),62820,5,-735,-1.16,62794.0,3.9096,26442,1662,6628,2026-09-07 04:24:15
138540,2,TIGER 현대차그룹플러스,50705,2,695,1.39,50693.0,-30.9255,53009,2685,6622,2026-09-07 04:24:15
329750,6,TIGER 미국달러단기채권액티브,12745,5,-25,-0.2,12747.0,-11.1344,234324,2973,6601,2026-09-07 04:24:15
418660,4,TIGER 미국나스닥100레버리지(합성),38315,5,-270,-0.7,38288.0,-27.9392,194673,7385,6533,2026-09-07 04:24:15
482730,4,TIGER 미국S&P500타겟데일리커버드콜,11560,5,-90,-0.77,11564.0,-8.7888,410222,4724,6468,2026-09-07 04:24:15
0148J0,2,TIGER 코리아휴머노이드로봇산업,9430,2,160,1.73,9447.0,-38.0762,4290285,41088,6441,2026-09-07 04:24:15
252670,3,KODEX 200선물인버스2X,73,5,-6,-7.59,73.0,0.0,4341573866,319716,6291,2026-09-07 04:24:15
434060,7,KODEX TDF2050액티브 적격,16610,5,-10,-0.06,16593.0,-10.2476,65102,1080,6270,2026-09-07 04:24:15
0101N0,2,RISE AI전력인프라,19935,2,955,5.03,19955.0,-16.6813,204640,4058,6260,2026-09-07 04:24:15
488080,3,TIGER 반도체TOP10레버리지,35200,2,3400,10.69,35375.0,-66.4611,3591075,125391,6230,2026-09-07 04:24:15
491010,4,TIGER 글로벌AI전력인프라액티브,24615,2,735,3.08,24486.0,-33.9785,220197,5389,6201,2026-09-07 04:24:15
277630,1,TIGER 코스피,72270,2,2600,3.73,72413.0,-22.8792,69708,5009,6143,2026-09-07 04:24:15
0091P0,2,TIGER 코리아원자력,17450,2,1030,6.27,17467.0,-17.3213,2915800,49937,6003,2026-09-07 04:24:15
251600,7,PLUS 고배당주채권혼합,15505,2,5,0.03,15514.0,-0.9499,153578,2381,5985,2026-09-07 04:24:15
484790,6,KODEX 미국30년국채액티브(H),8220,5,-25,-0.3,8235.0,-2.4234,193413,1590,5980,2026-09-07 04:24:15
489250,4,KODEX 미국배당다우존스,12715,5,-175,-1.36,12760.0,-3.7639,463188,5870,5976,2026-09-07 04:24:15
0015B0,4,KoAct 미국나스닥성장기업액티브,18100,2,135,0.75,18104.0,-28.3978,113243,2042,5846,2026-09-07 04:24:15
449190,4,KODEX 미국나스닥100(H),22235,5,-30,-0.13,22233.0,-3.1195,182955,4067,5648,2026-09-07 04:24:15
0019K0,7,TIME 미국나스닥100채권혼합50액티브,13110,5,-5,-0.04,13117.0,-11.4151,322761,4203,5611,2026-09-07 04:24:15
466950,4,TIGER 글로벌AI액티브,29710,2,385,1.31,29729.0,-32.2279,48930,1443,5585,2026-09-07 04:24:15
494670,2,TIGER 조선TOP10,21645,5,-50,-0.23,21675.0,-23.0811,182761,3962,5552,2026-09-07 04:24:15
477050,6,PLUS 머니마켓액티브,53542,2,2,0.0,53542.0,0.8761,14982,802,5551,2026-09-07 04:24:15
0007F0,6,KODEX 27-12 회사채(AA-이상)액티브,10192,2,2,0.02,10196.0,0.891,40239,410,5529,2026-09-07 04:24:15
371160,4,TIGER 차이나항셍테크,6670,5,-75,-1.11,6671.0,-18.6657,146957,980,5473,2026-09-07 04:24:15
491620,4,RISE 미국테크100데일리고정커버드콜,10235,5,-100,-0.97,10204.0,-11.232,721693,7353,5465,2026-09-07 04:24:15
0105E0,2,SOL 코리아고배당,13105,2,25,0.19,13104.0,-5.2179,170405,2233,5432,2026-09-07 04:24:15
438330,6,TIGER 우량회사채액티브,115640,5,-40,-0.03,115713.0,1.1409,12116,1401,5318,2026-09-07 04:24:15
451000,6,PLUS 종합채권(AA-이상)액티브,107140,3,0,0.0,107252.0,-0.6492,0,0,5303,2026-09-07 04:24:15
396520,4,TIGER 차이나반도체FACTSET,12865,2,175,1.38,12905.0,-22.8572,321307,4108,5300,2026-09-07 04:24:15
462010,2,TIGER 2차전지소재Fn,4870,2,20,0.41,4867.0,-28.9898,973091,4733,5286,2026-09-07 04:24:15
423920,4,TIGER 미국필라델피아반도체레버리지(합성),77035,2,3050,4.12,76765.0,-52.0528,45027,3430,5269,2026-09-07 04:24:15
455030,6,KODEX 미국달러SOFR금리액티브(합성),11555,5,-5,-0.04,11561.0,-11.0721,84609,973,5246,2026-09-07 04:24:15
385560,6,RISE KIS국고채30년Enhanced,51360,2,105,0.2,51365.0,-8.4078,20523,1052,5243,2026-09-07 04:24:15
315960,2,RISE 대형고배당10TR,79195,2,3240,4.27,79231.0,-24.3401,50399,3966,5227,2026-09-07 04:24:15
496080,1,TIGER 코리아밸류업,32445,2,980,3.11,32504.0,-20.8762,66471,2152,5224,2026-09-07 04:24:15
365780,6,ACE 국고채10년,82410,5,-40,-0.05,82407.0,0.2066,4333,357,5178,2026-09-07 04:24:15
444200,2,SOL 코리아메가테크액티브,46040,2,1625,3.66,46050.0,-25.8143,24180,1104,5133,2026-09-07 04:24:15
0190C0,2,RISE 현대차고정피지컬AI,8250,2,140,1.73,8258.0,-41.4441,355912,2950,4991,2026-09-07 04:24:15
435420,7,TIGER 미국나스닥100채권혼합50,13890,5,-30,-0.22,13896.0,-6.8085,142836,1979,4980,2026-09-07 04:24:15
361580,1,RISE 200TR,62635,2,2565,4.27,62662.0,-23.6916,64867,4038,4979,2026-09-07 04:24:15
463250,2,TIGER K방산&우주,32690,2,40,0.12,32705.0,-16.9529,124494,4090,4953,2026-09-07 04:24:15
114260,6,KODEX 국고채3년,61860,2,30,0.05,61877.0,1.0624,3365,208,4929,2026-09-07 04:24:15
251350,4,KODEX MSCI선진국,38400,5,-285,-0.74,38411.0,-8.1963,14330,549,4915,2026-09-07 04:24:15
476800,7,KODEX 한국부동산리츠인프라,4215,5,-10,-0.24,4232.0,1.754,446002,1879,4873,2026-09-07 04:24:15
499660,7,TIGER CD금리플러스액티브(합성),1000952,2,67,0.01,1000954.0,0.7729,13905,13918,4827,2026-09-07 04:24:15
243880,2,TIGER 200IT레버리지,344290,2,30300,9.65,345494.0,-60.4701,84926,28934,4734,2026-09-07 04:24:15
496020,6,WON 전단채플러스액티브,52490,3,0,0.0,52492.0,0.9171,1533,80,4694,2026-09-07 04:24:15
490490,7,SOL 미국배당미국채혼합50,10825,5,-125,-1.14,10872.0,-7.9344,224386,2420,4676,2026-09-07 04:24:15
448290,4,TIGER 미국S&P500(H),17827,5,-118,-0.66,17852.0,2.4883,107805,1923,4617,2026-09-07 04:24:15
471230,6,KODEX 국고채10년액티브,103810,5,-10,-0.01,103904.0,0.2026,2381,247,4599,2026-09-07 04:24:15
0163Y0,1,KoAct 코스닥액티브,9000,2,200,2.27,9020.0,-28.3096,367354,3337,4563,2026-09-07 04:24:15
483280,4,KODEX 미국AI테크TOP10타겟커버드콜,11475,5,-60,-0.52,11468.0,-11.9854,156977,1793,4556,2026-09-07 04:24:15
473290,6,KODEX 26-12 회사채(AA-이상)액티브,10890,3,0,0.0,10888.0,0.8333,7583,82,4508,2026-09-07 04:24:15
451060,1,1Q 200액티브,35270,2,1470,4.35,35309.0,-24.2038,71082,2488,4444,2026-09-07 04:24:15
293180,1,HANARO 200,110420,2,4460,4.21,110509.0,-23.554,65945,7237,4417,2026-09-07 04:24:15
447770,7,TIGER 테슬라채권혼합Fn,13685,5,-235,-1.69,13689.0,-4.7132,95741,1310,4359,2026-09-07 04:24:15
0016X0,6,SOL 중단기회사채(A-이상)액티브,51535,2,10,0.02,51532.0,1.0393,404,20,4326,2026-09-07 04:24:15
148070,6,KIWOOM 국고채10년,104455,5,-20,-0.02,104447.0,0.1821,2455,256,4258,2026-09-07 04:24:15
0162M0,6,KODEX 금융채1~2년(AA-이상)PLUS액티브,10080,2,5,0.05,10075.0,1.0025,941,9,4254,2026-09-07 04:24:15
474220,4,TIGER 미국테크TOP10타겟커버드콜,14745,5,-165,-1.11,14728.0,-8.7728,84376,1239,4151,2026-09-07 04:24:15
471990,2,KODEX AI반도체핵심장비,24960,2,710,2.93,25012.0,-21.2292,651928,16445,4106,2026-09-07 04:24:15
302450,1,RISE 코스피,71790,2,2500,3.61,71934.0,-22.8407,51567,3679,4056,2026-09-07 04:24:15
480260,6,TIGER 27-04회사채(A+이상)액티브,53845,2,15,0.03,53845.0,0.7203,3941,212,3979,2026-09-07 04:24:15
385720,1,TIME 코스피액티브,25665,2,750,3.01,25743.0,-24.351,45065,1149,3978,2026-09-07 04:24:15
241180,4,TIGER 일본니케이225,34420,2,620,1.83,34533.0,-13.2889,28232,969,3924,2026-09-07 04:24:15
0060H0,1,TIGER 토탈월드스탁액티브,12530,5,-45,-0.36,12528.0,-9.0132,31721,396,3922,2026-09-07 04:24:15
484880,2,SOL 금융지주플러스고배당,23185,2,365,1.6,23172.0,5.5181,363897,8409,3918,2026-09-07 04:24:15
426020,4,TIME 미국S&P500액티브,31320,5,-200,-0.63,31376.0,-14.3595,66970,2090,3915,2026-09-07 04:24:15
0023A0,4,SOL 미국양자컴퓨팅TOP10,22785,5,-220,-0.96,22779.0,-37.4355,152622,3463,3885,2026-09-07 04:24:15
091180,2,KODEX 자동차,27500,2,330,1.21,27493.0,-31.7653,93964,2590,3878,2026-09-07 04:24:15
458250,6,TIGER 미국30년국채스트립액티브(합성 H),34540,5,-45,-0.13,34598.0,-5.4151,37735,1304,3826,2026-09-07 04:24:15
469070,2,RISE AI&로봇,11230,2,120,1.08,11244.0,-33.2132,322587,3658,3762,2026-09-07 04:24:15
132030,5,KODEX 골드선물(H),24680,5,-380,-1.52,24837.0,-0.7329,62413,1544,3727,2026-09-07 04:24:15
439860,6,KODEX ESG종합채권(A-이상)액티브,113730,2,60,0.05,113748.0,0.7668,6,0,3697,2026-09-07 04:24:15
385550,6,RISE 단기채권알파액티브,114185,3,0,0.0,114194.0,0.7588,769,87,3693,2026-09-07 04:24:15
0173Y0,4,KODEX 미국AI광통신네트워크,10265,2,260,2.6,10255.0,-38.7377,371731,3791,3654,2026-09-07 04:24:15
476760,6,ACE 미국30년국채액티브,8705,5,-35,-0.4,8708.0,-14.0189,502909,4362,3621,2026-09-07 04:24:15
462900,2,KoAct 바이오헬스케어액티브,13540,5,-160,-1.17,13538.0,-22.7517,354657,4824,3581,2026-09-07 04:24:15
0040Y0,7,SOL 팔란티어커버드콜OTM채권혼합,7930,5,-90,-1.12,7924.0,-0.3954,333159,2643,3545,2026-09-07 04:24:15
310960,1,TIGER 200TR,64340,2,2620,4.24,64376.0,-23.7225,82206,5256,3539,2026-09-07 04:24:15
0046A0,6,TIGER 미국초단기(3개월이하)국채,9325,5,-15,-0.16,9321.0,-11.0165,967838,8984,3534,2026-09-07 04:24:15
0131V0,4,1Q 미국우주항공테크,10860,5,-240,-2.16,10881.0,-25.7526,40916,442,3524,2026-09-07 04:24:15
279530,2,KODEX 고배당주,17825,5,-55,-0.31,17835.0,-0.0726,105642,1886,3512,2026-09-07 04:24:15
474590,2,WON 반도체밸류체인액티브,44220,2,1875,4.43,44307.0,-21.4379,79565,3546,3493,2026-09-07 04:24:15
0043Y0,4,TIME 차이나AI테크액티브,19720,2,515,2.68,19777.0,-23.5926,47486,927,3461,2026-09-07 04:24:15
0182R0,2,1Q K반도체TOP2+,10740,2,495,4.83,10761.0,-33.4308,1374489,14640,3458,2026-09-07 04:24:15
448300,4,TIGER 미국나스닥100(H),22955,5,-40,-0.17,22951.0,-3.0643,92199,2115,3432,2026-09-07 04:24:15
0052D0,2,TIGER 코리아배당다우존스,15610,5,-5,-0.03,15625.0,-6.2631,51298,802,3419,2026-09-07 04:24:15
0167Z0,4,KODEX 미국우주항공,7385,5,-145,-1.93,7398.0,-42.0138,227006,1670,3404,2026-09-07 04:24:15
0080G0,2,KODEX 방산TOP10,9915,2,20,0.2,9919.0,-16.9747,967500,9660,3401,2026-09-07 04:24:15
442570,7,RISE TDF2050액티브 적격,17235,3,0,0.0,17149.0,-10.0859,65187,1120,3395,2026-09-07 04:24:15
0144L0,4,KODEX 미국성장커버드콜액티브,9305,5,-70,-0.75,9312.0,-11.3735,200053,1857,3387,2026-09-07 04:24:15
0026S0,4,1Q 미국S&P500,12605,5,-100,-0.79,12620.0,-8.9502,137663,1728,3353,2026-09-07 04:24:15
453810,4,KODEX 인도Nifty50,11410,5,-130,-1.13,11453.0,-7.8516,54145,617,3349,2026-09-07 04:24:15
472170,7,TIGER 미국테크TOP10채권혼합,13805,5,-60,-0.43,13802.0,-5.6803,41775,576,3334,2026-09-07 04:24:15
0228G0,2,ACE 반도체Plus전략산업,10225,2,385,3.91,10257.0,,806938,8183,3323,2026-09-07 04:24:15
439870,6,KODEX 국고채30년액티브,86900,2,335,0.39,86826.0,-6.5476,4588,397,3318,2026-09-07 04:24:15
448630,7,RISE 삼성그룹Top3채권혼합,15340,2,145,0.95,15355.0,-3.7378,59398,910,3267,2026-09-07 04:24:15
456880,7,ACE 미국달러SOFR금리(합성),11845,5,-35,-0.29,11851.0,-10.7439,153524,1812,3267,2026-09-07 04:24:15
190620,6,ACE 단기통안채,102050,2,15,0.01,102052.0,0.6977,1119,114,3242,2026-09-07 04:24:15
385510,2,KODEX 신재생에너지액티브,38505,2,755,2.0,38529.0,-20.5347,29752,1141,3234,2026-09-07 04:24:15
0052S0,7,1Q 미국S&P500미국채혼합50액티브,11310,5,-60,-0.53,11321.0,-9.9496,79689,898,3178,2026-09-07 04:24:15
270810,1,RISE 코스닥150,13900,2,120,0.87,13938.0,-25.3926,112939,1578,3175,2026-09-07 04:24:15
0210A0,2,ACE K반도체TOP2+,7255,2,295,4.24,7272.0,,1210081,8735,3156,2026-09-07 04:24:15
485540,4,KODEX 미국AI테크TOP10,14895,5,-80,-0.53,14883.0,-12.4378,138770,2055,3016,2026-09-07 04:24:15
0094K0,6,TIGER 28-04 회사채(A+이상)액티브,99760,2,20,0.02,99750.0,1.1408,7883,786,3015,2026-09-07 04:24:15
489030,2,PLUS 고배당주위클리커버드콜,6460,5,-180,-2.71,6421.0,-1.3295,683053,4436,2988,2026-09-07 04:24:15
0111P0,7,1Q 미국나스닥100미국채혼합50액티브,10555,5,-30,-0.28,10553.0,-12.5734,98684,1036,2987,2026-09-07 04:24:15
483320,4,ACE 엔비디아밸류체인액티브,24310,2,600,2.53,24309.0,-22.8442,93256,2253,2978,2026-09-07 04:24:15
0008S0,4,TIGER 미국배당다우존스타겟데일리커버드콜,9815,5,-130,-1.31,9849.0,-4.0259,425667,4165,2974,2026-09-07 04:24:15
433330,4,SOL 미국S&P500,21510,5,-175,-0.81,21537.0,-8.9156,73768,1580,2947,2026-09-07 04:24:15
136340,6,RISE 중기우량회사채,104220,2,20,0.02,104254.0,0.7756,332,34,2931,2026-09-07 04:24:15
091170,2,KODEX 은행,16695,2,310,1.89,16699.0,7.9237,527581,8789,2913,2026-09-07 04:24:15
454780,6,KIWOOM 종합채권(AA-이상)액티브,99540,2,20,0.02,99584.0,-0.5447,18,1,2902,2026-09-07 04:24:15
307520,2,TIGER 지주회사,22920,2,340,1.51,22949.0,-13.7779,98839,2259,2854,2026-09-07 04:24:15
0098F0,2,KODEX 원자력SMR,16330,2,850,5.49,16356.0,-18.9529,1014245,16257,2850,2026-09-07 04:24:15
475080,7,KODEX 테슬라커버드콜채권혼합액티브,7800,5,-70,-0.89,7798.0,-5.4588,82581,644,2843,2026-09-07 04:24:15
475300,2,SOL 반도체전공정,22075,2,705,3.3,22116.0,-19.2671,877777,19519,2826,2026-09-07 04:24:15
481190,4,SOL 미국테크TOP10,16510,5,-165,-0.99,16491.0,-11.3032,100986,1659,2823,2026-09-07 04:24:15
123320,3,TIGER 레버리지,112615,2,8735,8.41,112641.0,-51.8071,106622,11870,2815,2026-09-07 04:24:15
497880,6,SOL CD금리&머니마켓액티브,50052,2,2,0.0,50051.0,0.8825,72791,3643,2809,2026-09-07 04:24:15
461490,7,RISE 글로벌자산배분액티브,14540,5,-70,-0.48,14552.0,-3.9764,67309,977,2806,2026-09-07 04:24:15
471780,2,TIGER 코리아테크액티브,36180,2,1715,4.98,36261.0,-25.8339,102286,3682,2804,2026-09-07 04:24:15
273140,6,KODEX 단기변동금리부채권액티브,114735,2,5,0.0,114755.0,0.608,1865,213,2801,2026-09-07 04:24:15
453870,4,TIGER 인도니프티50,11170,5,-130,-1.15,11202.0,-8.6051,46391,518,2787,2026-09-07 04:24:15
228790,2,TIGER 화장품,4460,5,-60,-1.33,4459.0,29.885,3945942,17665,2778,2026-09-07 04:24:15
441680,7,TIGER 미국나스닥100커버드콜(합성),10520,5,-70,-0.66,10562.0,-7.2041,86710,909,2767,2026-09-07 04:24:15
0038A0,4,KODEX 미국휴머노이드로봇,14585,5,-135,-0.92,14602.0,-22.1664,35735,519,2757,2026-09-07 04:24:15
473330,6,SOL 미국30년국채커버드콜(합성),7760,5,-55,-0.7,7805.0,-13.4213,209767,1623,2720,2026-09-07 04:24:15
0119H0,6,KODEX 28-12 회사채(AA-이상)액티브,9935,5,-5,-0.05,9937.0,1.0162,16171,160,2707,2026-09-07 04:24:15
213610,2,KODEX 삼성그룹밸류,22585,2,445,2.01,22628.0,-19.0494,10973,247,2688,2026-09-07 04:24:15
196230,6,RISE 단기통안채,116960,5,-15,-0.01,116991.0,0.6453,494,57,2653,2026-09-07 04:24:15
364970,2,TIGER 바이오TOP10,7155,5,-80,-1.11,7155.0,-0.6864,498143,3582,2619,2026-09-07 04:24:15
139230,2,TIGER 200 중공업,13185,2,515,4.06,13198.0,-23.8117,62382,812,2582,2026-09-07 04:24:15
423170,4,SOL 글로벌AI반도체탑픽액티브,57465,2,2245,4.07,57388.0,-22.9417,11644,663,2563,2026-09-07 04:24:15
409820,4,KODEX 미국나스닥100레버리지(합성 H),20020,5,-25,-0.12,20022.0,-8.4076,36991,739,2563,2026-09-07 04:24:15
0094M0,2,RISE 코리아밸류업위클리고정커버드콜,17900,2,330,1.88,17895.0,-17.2407,615163,10992,2560,2026-09-07 04:24:15
0183V0,7,KIWOOM 삼성전자&SK하이닉스채권혼합50,11940,2,330,2.84,11957.0,-11.3157,400879,4763,2555,2026-09-07 04:24:15
472920,6,HK 종합채권(AA-이상)액티브,98075,2,90,0.09,98062.0,-0.5431,2,0,2545,2026-09-07 04:24:15
0162Y0,1,TIME 코스닥액티브,7360,2,115,1.59,7380.0,-31.1312,161200,1199,2543,2026-09-07 04:24:15
471040,4,KoAct 글로벌AI&로봇액티브,27850,2,140,0.51,27867.0,-29.2571,14729,411,2534,2026-09-07 04:24:15
0053L0,4,TIGER 차이나휴머노이드로봇,9370,2,45,0.48,9368.0,-31.7261,215495,2005,2525,2026-09-07 04:24:15
495230,1,KoAct 코리아밸류업액티브,31275,2,1080,3.58,31298.0,-24.9073,20195,628,2486,2026-09-07 04:24:15
283580,4,KODEX 차이나CSI300,14780,5,-45,-0.3,14800.0,-15.9138,38347,565,2446,2026-09-07 04:24:15
363580,2,KODEX 200IT TR,56880,2,2755,5.09,56941.0,-25.6985,76133,4301,2446,2026-09-07 04:24:15
421320,2,PLUS 우주항공,25730,5,-120,-0.46,25769.0,-32.9877,18305,475,2406,2026-09-07 04:24:15
0182S0,7,1Q K반도체TOP2채권혼합50,12595,2,365,2.98,12626.0,-13.0466,147022,1843,2387,2026-09-07 04:24:15
245710,4,ACE 베트남VN30(합성),28355,5,-70,-0.25,28853.0,-10.7536,65239,1858,2382,2026-09-07 04:24:15
483340,4,ACE 구글밸류체인액티브,21045,2,245,1.18,21046.0,-28.387,43802,917,2378,2026-09-07 04:24:15
388420,2,RISE 비메모리반도체액티브,26880,2,1020,3.94,26964.0,-32.4012,23848,643,2376,2026-09-07 04:24:15
493810,4,TIGER 미국AI빅테크10타겟데일리커버드콜,11225,5,-110,-0.97,11208.0,-10.6859,130664,1461,2346,2026-09-07 04:24:15
448540,7,ACE 엔비디아채권혼합,26650,5,-20,-0.07,26655.0,-1.1857,26349,700,2345,2026-09-07 04:24:15
478150,4,TIME 글로벌우주테크&방산액티브,18445,5,-90,-0.49,18444.0,-20.2625,65475,1202,2343,2026-09-07 04:24:15
363570,6,KODEX 장기종합채권(AA-이상)액티브,86315,2,80,0.09,86278.0,-2.1225,7,0,2339,2026-09-07 04:24:15
452360,4,SOL 미국배당다우존스(H),13515,5,-170,-1.24,13576.0,8.4954,289753,3918,2338,2026-09-07 04:24:15
329650,7,KODEX TRF3070,14040,5,-10,-0.07,14045.0,-2.9281,27933,391,2317,2026-09-07 04:24:15
0092C0,6,SOL 27-12 회사채(AA-이상)액티브,50320,2,20,0.04,50308.0,0.9027,116,5,2282,2026-09-07 04:24:15
0089D0,2,KODEX 금융고배당TOP10,13570,2,60,0.44,13589.0,0.6575,99004,1344,2280,2026-09-07 04:24:15
472160,4,TIGER 미국테크TOP10 INDXX(H),18945,5,-160,-0.84,18945.0,-0.443,113780,2156,2273,2026-09-07 04:24:15
437080,6,KODEX 미국종합채권ESG액티브(H),96520,5,-140,-0.14,96578.0,-1.1219,5604,541,2273,2026-09-07 04:24:15
442320,4,RISE 글로벌원자력,36155,2,975,2.77,36296.0,-20.8458,12465,446,2267,2026-09-07 04:24:15
157500,2,TIGER 증권,12382,2,67,0.54,12405.0,-29.1907,118543,1471,2251,2026-09-07 04:24:15
458260,6,TIGER 미국투자등급회사채액티브(H),46090,5,-85,-0.18,46120.0,-1.8526,5583,257,2231,2026-09-07 04:24:15
0104N0,2,TIGER 200타겟위클리커버드콜,21245,2,825,4.04,21269.0,-24.1509,64572,1364,2209,2026-09-07 04:24:15
422420,2,RISE 2차전지액티브,6760,2,35,0.52,6763.0,-27.0795,96095,647,2190,2026-09-07 04:24:15
488980,6,SOL 26-12 회사채(AA-이상)액티브,52145,2,10,0.02,52147.0,0.7439,544,28,2166,2026-09-07 04:24:15
433500,2,ACE 원자력TOP10,58020,2,3590,6.6,58035.0,-21.8802,41410,2352,2147,2026-09-07 04:24:15
117700,2,KODEX 건설,6875,2,230,3.46,6878.0,-11.2027,1787169,12092,2145,2026-09-07 04:24:15
267770,3,TIGER 200선물레버리지,85780,2,6860,8.69,85735.0,-52.2854,20380,1725,2145,2026-09-07 04:24:15
244580,2,KODEX 바이오,8170,5,-75,-0.91,8180.0,-22.1068,215736,1769,2131,2026-09-07 04:24:15
486450,4,SOL 미국AI전력인프라,19450,2,295,1.54,19489.0,-23.6701,9226,179,2130,2026-09-07 04:24:15
266160,2,RISE 고배당,33465,2,1065,3.29,33484.0,-18.5279,23168,771,2125,2026-09-07 04:24:15
305080,6,TIGER 미국채10년선물,11920,5,-65,-0.54,11924.0,-12.7094,59225,703,2122,2026-09-07 04:24:15
332930,1,HANARO 200TR,144315,2,5555,4.0,144693.0,-23.5272,1542,221,2093,2026-09-07 04:24:15
0233J0,7,TIGER 삼성전자SK하이닉스미국채혼합50,10435,2,275,2.71,10479.0,,181432,1883,2087,2026-09-07 04:24:15
490090,4,TIGER 미국AI빅테크10,15645,5,-165,-1.04,15624.0,-9.8889,99945,1553,2073,2026-09-07 04:24:15
498270,4,KIWOOM 미국양자컴퓨팅,13815,5,-60,-0.43,13786.0,-26.2019,29407,404,2072,2026-09-07 04:24:15
0204D0,2,KODEX 현대차로보틱스밸류체인TOP3플러스,6175,2,75,1.23,6174.0,,332038,2055,2066,2026-09-07 04:24:15
466930,2,SOL 자동차TOP3플러스,25230,2,480,1.94,25236.0,-35.4797,42789,1080,2044,2026-09-07 04:24:15
0151S0,4,KODEX 미국AI반도체TOP3플러스,14860,2,370,2.55,14818.0,-20.241,34978,517,2043,2026-09-07 04:24:15
414780,4,TIGER 차이나과창판STAR50(합성),13105,2,35,0.27,13231.0,-18.3125,81021,1054,2038,2026-09-07 04:24:15
463050,2,TIME K바이오액티브,12125,5,-130,-1.06,12130.0,-19.189,82061,998,2013,2026-09-07 04:24:15
495060,1,TIME 코리아밸류업액티브,28550,2,825,2.98,28598.0,-27.8183,28808,818,1999,2026-09-07 04:24:15
261260,7,KODEX 미국달러선물인버스2X,5605,2,30,0.54,5613.0,27.1379,325697,1844,1985,2026-09-07 04:24:15
0005A0,4,KODEX 미국S&P500데일리커버드콜OTM,9190,5,-95,-1.02,9217.0,-9.0659,180541,1656,1976,2026-09-07 04:24:15
0115D0,2,KODEX 조선TOP10,7590,5,-20,-0.26,7599.0,-22.4261,678979,5160,1951,2026-09-07 04:24:15
302190,6,TIGER 중장기국채,50090,2,20,0.04,50084.0,0.5825,3345,167,1933,2026-09-07 04:24:15
0192Z0,6,TIGER 중기종합채권(A-이상)액티브,100980,2,5,0.0,100998.0,0.98,4000,403,1929,2026-09-07 04:24:15
495550,1,SOL 코리아밸류업TR,33165,2,1020,3.17,33176.0,-21.6454,33193,1093,1924,2026-09-07 04:24:15
0091C0,6,KODEX 미국10년국채액티브(H),9525,5,-30,-0.31,9536.0,-1.0323,26302,250,1896,2026-09-07 04:24:15
433980,7,KODEX TDF2040액티브 적격,15710,5,-25,-0.16,15668.0,-6.8843,38754,606,1885,2026-09-07 04:24:15
0047A0,4,TIGER 차이나테크TOP10,12475,5,-105,-0.83,12537.0,-23.7345,62778,777,1884,2026-09-07 04:24:15
480040,4,ACE 미국반도체데일리타겟커버드콜(합성),14260,2,305,2.19,14248.0,-30.7887,116786,1664,1882,2026-09-07 04:24:15
0069M0,4,1Q 미국나스닥100,13200,5,-45,-0.34,13188.0,-14.015,80076,1051,1874,2026-09-07 04:24:15
486830,6,HANARO 머니마켓액티브,53310,3,0,0.0,53312.0,0.8131,2274,121,1871,2026-09-07 04:24:15
122090,1,PLUS 코스피50,82960,2,3810,4.81,83038.0,-25.2974,27118,2232,1867,2026-09-07 04:24:15
429000,4,TIGER 미국S&P500배당귀족,13065,5,-190,-1.43,13105.0,-3.6834,53178,693,1862,2026-09-07 04:24:15
0093A0,2,RISE AI반도체TOP10,33735,2,1520,4.72,33808.0,-22.0731,159947,5427,1855,2026-09-07 04:24:15
0082V0,7,KODEX TDF2060액티브 적격,11105,5,-35,-0.31,11106.0,-10.7425,32090,355,1849,2026-09-07 04:24:15
394670,4,TIGER 글로벌리튬&2차전지SOLACTIVE(합성),10960,5,-120,-1.08,11066.0,-21.2789,20295,221,1846,2026-09-07 04:24:15
412570,2,TIGER 2차전지TOP10레버리지,1260,5,-30,-2.33,1262.0,-39.7197,6328455,7995,1830,2026-09-07 04:24:15
494330,2,ACE 라이프자산주주가치액티브,32730,2,180,0.55,32749.0,-5.1291,12605,412,1800,2026-09-07 04:24:15
0005G0,2,IBK K-AI반도체코어테크,52060,2,2160,4.33,52224.0,-27.7405,19961,1036,1796,2026-09-07 04:24:15
332500,1,ACE 200TR,74110,2,3020,4.25,74142.0,-23.8213,17054,1253,1779,2026-09-07 04:24:15
483290,4,KODEX 미국배당다우존스타겟커버드콜,10090,5,-120,-1.18,10131.0,-3.7006,394683,3968,1776,2026-09-07 04:24:15
461950,2,KODEX 2차전지핵심소재10,5000,5,-15,-0.3,5002.0,-26.4234,712568,3562,1765,2026-09-07 04:24:15
0190G0,2,KODEX 반도체타겟위클리커버드콜,8985,2,355,4.11,9026.0,-23.7654,254885,2287,1752,2026-09-07 04:24:15
473460,4,KODEX 미국서학개미,23130,5,-145,-0.62,23079.0,-16.7868,9065,209,1746,2026-09-07 04:24:15
0099L0,6,ACE 우량회사채(AA-이상)액티브,99785,2,55,0.06,99816.0,1.1255,220,21,1740,2026-09-07 04:24:15
480020,4,ACE 미국빅테크7+데일리타겟커버드콜(합성),10265,5,-130,-1.25,10185.0,-17.6113,286735,2934,1714,2026-09-07 04:24:15
403790,1,MIDAS 코스피액티브,58395,2,1930,3.42,58560.0,-21.1879,3772,218,1708,2026-09-07 04:24:15
0040X0,7,SOL 팔란티어미국채커버드콜혼합,9160,5,-165,-1.77,9180.0,-3.1119,124594,1137,1695,2026-09-07 04:24:15
494220,2,UNICORN SK하이닉스밸류체인액티브,48080,2,2195,4.78,48156.0,-18.1429,59615,2867,1683,2026-09-07 04:24:15
233160,3,TIGER 코스닥150 레버리지,7585,2,135,1.81,7590.0,-52.6534,1799911,13809,1672,2026-09-07 04:24:15
472870,6,RISE 미국30년국채엔화노출(합성 H),6830,5,-35,-0.51,6868.0,-12.4032,145918,994,1656,2026-09-07 04:24:15
490600,4,RISE 미국배당100데일리고정커버드콜,8897,5,-118,-1.31,8937.0,-3.5415,258642,2297,1655,2026-09-07 04:24:15
200250,4,KIWOOM 인도Nifty50(합성),20940,5,-220,-1.04,21001.0,-7.8799,3846,80,1654,2026-09-07 04:24:15
337160,2,KODEX 200ESG,48450,2,1785,3.83,48519.0,-22.3655,5612,270,1647,2026-09-07 04:24:15
237370,7,KODEX 코리아배당성장채권혼합,15760,2,40,0.25,15796.0,-1.9828,19698,310,1639,2026-09-07 04:24:15
0051G0,4,SOL 미국원자력SMR,13225,5,-30,-0.23,13286.0,-19.2507,17521,232,1633,2026-09-07 04:24:15
160580,5,TIGER 구리실물,15760,5,-255,-1.59,15923.0,-6.4818,33320,525,1608,2026-09-07 04:24:15
0064K0,5,KODEX 금액티브,12425,5,-250,-1.97,12431.0,-11.4256,125159,1551,1605,2026-09-07 04:24:15
272560,6,RISE 단기국공채액티브,114910,2,5,0.0,114919.0,0.7231,1509,173,1575,2026-09-07 04:24:15
491820,2,HANARO 전력설비투자,43415,2,2060,4.98,43492.0,-24.2999,44456,1904,1563,2026-09-07 04:24:15
480030,4,ACE 미국500데일리타겟커버드콜(합성),9752,5,-88,-0.89,9744.0,-11.0161,161959,1575,1560,2026-09-07 04:24:15
152870,1,파워 200,111310,2,4600,4.31,111285.0,-23.6864,1190,131,1558,2026-09-07 04:24:15
491610,6,1Q CD금리액티브(합성),104905,2,15,0.01,104895.0,0.7153,12735,1335,1556,2026-09-07 04:24:15
464240,6,KIWOOM 26-09회사채(AA-이상)액티브,52440,2,20,0.04,52438.0,0.7104,473,24,1536,2026-09-07 04:24:15
0005D0,2,SOL 전고체배터리&실리콘음극재,14640,2,90,0.62,14669.0,-29.7272,358323,5246,1530,2026-09-07 04:24:15
354500,1,ACE 코스닥150,14100,2,110,0.79,14147.0,-25.3469,97671,1386,1523,2026-09-07 04:24:15
0153K0,2,KODEX 주주환원고배당주,12400,2,30,0.24,12393.0,-0.8016,67403,835,1500,2026-09-07 04:24:15
138520,2,TIGER 삼성그룹,37095,2,795,2.19,37173.0,-21.3435,12305,454,1499,2026-09-07 04:24:15
219480,4,KODEX 미국S&P500선물(H),33240,5,-195,-0.58,33266.0,2.5613,4397,146,1496,2026-09-07 04:24:15
458210,7,KIWOOM CD금리액티브(합성),110635,5,-5,0.0,110614.0,0.7283,269,29,1486,2026-09-07 04:24:15
143860,2,TIGER 헬스케어,36950,5,-295,-0.79,36953.0,-11.2369,7048,261,1485,2026-09-07 04:24:15
0151P0,2,RISE 코리아전략산업액티브,14865,2,660,4.65,14898.0,-28.5976,66007,974,1479,2026-09-07 04:24:15
271050,5,KODEX WTI원유선물인버스(H),1829,5,-18,-0.97,1843.0,-4.7939,3364792,6174,1478,2026-09-07 04:24:15
488720,7,WON 종합채권(AA-이상)액티브,48650,2,30,0.06,48645.0,-0.2769,4003,194,1467,2026-09-07 04:24:15
0048K0,4,KODEX 차이나휴머노이드로봇,8195,2,130,1.61,8199.0,-28.7775,161250,1302,1455,2026-09-07 04:24:15
451530,6,TIGER 국고채30년스트립액티브,34610,2,205,0.6,34556.0,-13.2392,8149,280,1444,2026-09-07 04:24:15
0127M0,4,ACE 미국대형가치주액티브,12180,5,-50,-0.41,12168.0,-5.2227,65108,791,1437,2026-09-07 04:24:15
0180V0,4,ACE 미국우주테크액티브,7580,5,-105,-1.37,7582.0,-40.078,253356,1911,1436,2026-09-07 04:24:15
245340,4,TIGER 미국다우존스30,34915,5,-410,-1.16,35065.0,-5.8247,9379,326,1418,2026-09-07 04:24:15
0104H0,7,KoAct 미국나스닥채권혼합50액티브,11565,2,10,0.09,11584.0,-14.1531,24862,286,1417,2026-09-07 04:24:15
481180,4,SOL 미국AI소프트웨어,15895,5,-340,-2.09,15913.0,0.9639,114761,1819,1407,2026-09-07 04:24:15
0193G0,1,KoAct 코스피액티브,8535,2,290,3.52,8547.0,-25.1815,668796,5673,1404,2026-09-07 04:24:15
457990,2,PLUS 태양광&ESS,35760,5,-200,-0.56,35799.0,-16.6049,123538,4427,1395,2026-09-07 04:24:15
0041E0,4,KODEX 미국S&P500액티브,15730,5,-105,-0.66,15760.0,-16.5104,25722,404,1384,2026-09-07 04:24:15
495330,1,1Q 코리아밸류업,32185,2,1000,3.21,32251.0,-22.0099,9316,299,1384,2026-09-07 04:24:15
0199C0,2,ACE 고배당주Plus커버드콜액티브,9260,2,5,0.05,9292.0,-7.761,453818,4212,1380,2026-09-07 04:24:15
0131W0,6,1Q 단기특수은행채액티브,102160,2,15,0.01,102160.0,0.7049,56,5,1376,2026-09-07 04:24:15
498180,6,파워 종합채권(AA-이상)액티브,93260,3,0,0.0,93312.0,-0.4112,0,0,1365,2026-09-07 04:24:15
139220,2,TIGER 200 건설,7905,2,275,3.6,7913.0,-17.0202,290700,2259,1347,2026-09-07 04:24:15
476450,6,KIWOOM 머니마켓액티브,52795,5,-5,-0.01,52799.0,0.8114,7189,379,1339,2026-09-07 04:24:15
471760,2,TIGER AI반도체핵심공정,14490,2,390,2.77,14505.0,-31.1188,274287,4000,1333,2026-09-07 04:24:15
304660,6,KODEX 미국30년국채울트라선물(H),7260,5,-15,-0.21,7276.0,-2.4145,7867,57,1321,2026-09-07 04:24:15
0184L0,6,PLUS 중기종합채권(A-이상)액티브,100675,2,30,0.03,100684.0,1.0137,49,4,1314,2026-09-07 04:24:15
476030,4,SOL 미국나스닥100,16710,5,-60,-0.36,16703.0,-13.9452,34521,574,1312,2026-09-07 04:24:15
0092B0,2,SOL 한국원자력SMR,16075,2,950,6.28,16110.0,-18.8138,203446,3215,1310,2026-09-07 04:24:15
463290,6,1Q 단기금융채액티브,109310,2,10,0.01,109308.0,0.7837,131,14,1293,2026-09-07 04:24:15
0123G0,4,TIGER 미국AI전력SMR,6420,2,75,1.18,6443.0,-24.9113,39846,254,1290,2026-09-07 04:24:15
461500,6,HANARO 종합채권(AA-이상)액티브,104990,2,70,0.07,105021.0,-0.3609,21,2,1279,2026-09-07 04:24:15
448100,1,WON 200,113275,2,4685,4.31,113364.0,-23.9898,8533,958,1274,2026-09-07 04:24:15
0074K0,2,KoAct K수출핵심기업TOP30액티브,16905,2,390,2.36,16933.0,-23.9291,17496,296,1268,2026-09-07 04:24:15
0168K0,2,TIGER 기술이전바이오액티브,5975,5,-50,-0.83,5979.0,-24.8754,688418,4128,1263,2026-09-07 04:24:15
325010,2,KODEX 성장주,43500,2,1750,4.19,43548.0,-23.6746,775,33,1262,2026-09-07 04:24:15
463680,4,KODEX 미국S&P500테크놀로지,21795,5,-100,-0.46,21827.0,-15.2862,11898,257,1253,2026-09-07 04:24:15
192090,4,TIGER 차이나CSI300,12020,2,10,0.08,12047.0,-18.0205,10840,129,1244,2026-09-07 04:24:15
114820,6,TIGER 국채3년,105190,2,35,0.03,105176.0,1.0765,2464,259,1239,2026-09-07 04:24:15
182480,7,TIGER 미국MSCI리츠(합성 H),13490,5,-95,-0.7,13635.0,2.6281,6913,93,1234,2026-09-07 04:24:15
491230,6,PLUS 국공채머니마켓액티브,52520,3,0,0.0,52516.0,0.7867,746,39,1234,2026-09-07 04:24:15
0000Y0,6,HK 26-12 회사채(AA-이상)액티브,101900,2,10,0.01,101904.0,0.7066,81,8,1233,2026-09-07 04:24:15
411420,4,KODEX 미국나스닥AI테크액티브,25835,2,65,0.25,25767.0,-16.6493,6814,175,1227,2026-09-07 04:24:15
447620,7,SOL 미국TOP5채권혼합50,15695,5,-170,-1.07,15709.0,-1.6734,25694,403,1224,2026-09-07 04:24:15
438560,6,SOL 국고채3년,100515,2,55,0.05,100486.0,1.0765,12,1,1215,2026-09-07 04:24:15
0191W0,6,HANARO 중기종합채권(A-이상)액티브,100955,3,0,0.0,100984.0,0.96,0,0,1211,2026-09-07 04:24:15
377990,2,TIGER Fn신재생에너지,24430,2,915,3.89,24478.0,-24.4333,31293,757,1209,2026-09-07 04:24:15
328370,1,PLUS 코스피TR,38890,2,1230,3.27,39034.0,-22.7725,4266,165,1206,2026-09-07 04:24:15
0181B0,4,HANARO 미국AI메모리반도체TOP4+,9750,2,510,5.52,9719.0,-25.574,149538,1449,1204,2026-09-07 04:24:15
469170,2,ACE 포스코그룹포커스,5960,5,-40,-0.67,5964.0,-16.4053,372186,2222,1198,2026-09-07 04:24:15
438570,6,SOL 국고채10년,98220,2,75,0.08,98237.0,0.1428,77,7,1194,2026-09-07 04:24:15
0008T0,2,SOL 화장품TOP3플러스,18165,5,-380,-2.05,18184.0,29.776,1155275,21095,1190,2026-09-07 04:24:15
367770,2,RISE 수소경제테마,22670,2,530,2.39,22688.0,-25.9904,37515,844,1179,2026-09-07 04:24:15
332940,1,HANARO MSCI Korea TR,49005,2,1825,3.87,49095.0,-23.1033,105,5,1176,2026-09-07 04:24:15
399110,4,SOL 미국S&P500ESG,20625,5,-40,-0.19,20592.0,-8.0797,7044,144,1176,2026-09-07 04:24:15
0209D0,2,KODEX 전고체배터리ESS TOP2플러스,8230,2,100,1.23,8242.0,,626361,5141,1173,2026-09-07 04:24:15
319640,4,TIGER 골드선물(H),25880,5,-415,-1.58,26035.0,-1.258,6511,168,1152,2026-09-07 04:24:15
0122W0,6,RISE 26-11 회사채(AA-이상)액티브,51020,2,5,0.01,51011.0,0.7206,421,21,1140,2026-09-07 04:24:15
251340,3,KODEX 코스닥150선물인버스,2435,5,-15,-0.61,2443.0,17.2248,21625541,52338,1127,2026-09-07 04:24:15
488500,4,TIGER 미국S&P500동일가중,12400,5,-135,-1.08,12419.0,-6.2781,29771,367,1122,2026-09-07 04:24:15
326240,2,RISE IT플러스,44145,2,1555,3.65,44181.0,-25.8014,4540,199,1121,2026-09-07 04:24:15
372330,4,KODEX 차이나항셍테크,6645,5,-80,-1.19,6651.0,-18.5921,76517,509,1116,2026-09-07 04:24:15
0000J0,2,PLUS 한화그룹주,27890,5,-95,-0.34,27946.0,-17.6912,41312,1158,1116,2026-09-07 04:24:15
309230,4,ACE 미국WideMoat동일가중,30240,5,-575,-1.87,30290.0,-2.1736,6919,208,1113,2026-09-07 04:24:15
0135Y0,6,IBK 중기종합채권(AA-이상)액티브,100525,2,75,0.07,100494.0,0.8483,3,0,1113,2026-09-07 04:24:15
266370,2,KODEX IT,69170,2,3045,4.6,69242.0,-25.6689,48837,3353,1107,2026-09-07 04:24:15
0080Y0,2,SOL 조선TOP3플러스레버리지,8510,5,-55,-0.64,8557.0,-48.9571,164543,1404,1098,2026-09-07 04:24:15
0174B0,7,KoAct 글로벌AI메모리반도체액티브,14535,2,710,5.14,14548.0,-24.0176,60687,880,1090,2026-09-07 04:24:15
304940,4,KODEX 미국나스닥100선물(H),32525,5,-55,-0.17,32505.0,-3.0358,3727,121,1090,2026-09-07 04:24:15
455860,2,SOL 2차전지소부장Fn,4545,5,-15,-0.33,4544.0,-27.5616,193319,877,1084,2026-09-07 04:24:15
0221V0,6,IBK 초단기채권액티브,100465,3,0,0.0,100492.0,,0,0,1074,2026-09-07 04:24:15
496090,1,KIWOOM 코리아밸류업,32395,2,1135,3.63,32467.0,-21.461,197,6,1069,2026-09-07 04:24:15
0085P0,6,ACE 미국10년국채액티브,9535,5,-55,-0.57,9545.0,-12.3022,173451,1648,1068,2026-09-07 04:24:15
464930,4,TIGER 글로벌혁신블루칩TOP10,20525,5,-285,-1.37,20602.0,-7.6958,6505,133,1067,2026-09-07 04:24:15
0193M0,6,BNK 27-12 특수채(AAA이상)액티브,50400,3,0,0.0,50394.0,,0,0,1065,2026-09-07 04:24:15
0138Y0,7,PLUS 금채권혼합,9715,5,-95,-0.97,9762.0,-5.0799,104194,1011,1064,2026-09-07 04:24:15
464310,4,TIGER 글로벌AI&로보틱스 INDXX,13500,5,-50,-0.37,13525.0,-21.6311,17924,241,1060,2026-09-07 04:24:15
0091M0,6,HANARO 27-06 회사채(AA-이상)액티브,10160,5,-5,-0.05,10167.0,0.6934,492,4,1060,2026-09-07 04:24:15
203780,4,TIGER 미국나스닥바이오,35215,5,-810,-2.25,35341.0,12.5605,21113,743,1056,2026-09-07 04:24:15
0036R0,4,RISE 미국휴머노이드로봇,18755,2,10,0.05,18719.0,-17.67,6046,112,1050,2026-09-07 04:24:15
0232A0,6,MIDAS 머니마켓액티브,100110,5,-5,0.0,100134.0,,44,4,1041,2026-09-07 04:24:15
475050,2,ACE KPOP포커스,7075,2,130,1.87,7087.0,-13.2959,512244,3599,1040,2026-09-07 04:24:15
0132K0,7,PLUS 테슬라위클리커버드콜채권혼합,7995,5,-55,-0.68,7959.0,-5.9484,93604,746,1039,2026-09-07 04:24:15
168580,4,ACE 중국본토CSI300,33212,5,-253,-0.76,33393.0,-16.6397,1151,38,1036,2026-09-07 04:24:15
476850,1,KoAct 배당성장액티브,21680,2,735,3.51,21713.0,-18.0173,47344,1022,1030,2026-09-07 04:24:15
0137V0,4,KIWOOM 미국S&P500모멘텀,11310,2,135,1.21,11280.0,-15.8029,45611,513,1018,2026-09-07 04:24:15
465780,6,마이티 26-09 특수채(AAA)액티브,106440,2,10,0.01,106447.0,0.7001,10,1,1014,2026-09-07 04:24:15
394660,4,TIGER 글로벌자율주행&전기차SOLACTIVE,15430,2,55,0.36,15571.0,-27.986,3753,57,1012,2026-09-07 04:24:15
475280,6,ACE 8월만기자동연장회사채AA-이상액티브,10745,3,0,0.0,10746.0,0.7973,0,0,1012,2026-09-07 04:24:15
114100,6,RISE 국고채3년,106690,5,-10,-0.01,106702.0,1.08,111,11,1003,2026-09-07 04:24:15
0177X0,2,ACE K휴머노이드로봇산업TOP2+,9745,2,120,1.25,9747.0,-33.4371,437044,4321,999,2026-09-07 04:24:15
261270,7,KODEX 미국달러선물인버스,8305,2,30,0.36,8306.0,13.2785,81765,681,994,2026-09-07 04:24:15
0176E0,4,RISE 미국AI전력인프라액티브,9505,2,255,2.76,9421.0,-30.3988,74040,700,989,2026-09-07 04:24:15
465610,4,ACE 미국빅테크TOP7 Plus레버리지(합성),41180,5,-1320,-3.11,41206.0,-17.3956,5313,217,988,2026-09-07 04:24:15
195980,4,PLUS 신흥국MSCI(합성 H),15520,2,135,0.88,15680.0,-0.065,10695,166,965,2026-09-07 04:24:15
0142D0,4,TIGER 미국AI데이터센터TOP4Plus,10530,2,395,3.9,10545.0,-30.937,89971,946,963,2026-09-07 04:24:15
481430,6,RISE 국고채10년액티브,98115,5,-50,-0.05,98148.0,0.2297,53,5,962,2026-09-07 04:24:15
473440,6,ACE 11월만기자동연장회사채AA-이상액티브,10855,2,5,0.05,10855.0,0.7428,758,8,944,2026-09-07 04:24:15
433970,7,KODEX TDF2030액티브 적격,13820,5,-65,-0.47,13850.0,-4.9745,12102,167,940,2026-09-07 04:24:15
0007N0,1,아이엠에셋 200,110470,2,4115,3.87,110779.0,-23.7861,115,12,939,2026-09-07 04:24:15
0052T0,6,1Q 중단기회사채(A-이상)액티브,50770,2,45,0.09,50767.0,0.8148,144,7,931,2026-09-07 04:24:15
0035T0,7,PLUS 글로벌휴머노이드로봇액티브,19195,2,215,1.13,19197.0,-25.8305,10557,202,931,2026-09-07 04:24:15
211900,2,KODEX 코리아배당성장,28540,2,150,0.53,28570.0,-9.4425,5100,145,928,2026-09-07 04:24:15
454320,2,HANARO CAPEX설비투자iSelect,42945,2,1480,3.57,42985.0,-17.3181,2554,108,923,2026-09-07 04:24:15
325020,2,KODEX 배당가치,29745,2,470,1.61,29750.0,-12.4404,9246,274,922,2026-09-07 04:24:15
308620,6,KODEX 미국10년국채선물,11195,5,-60,-0.53,11209.0,-12.3443,32645,364,918,2026-09-07 04:24:15
298770,4,KODEX 한국대만IT프리미어,82445,2,2510,3.14,82616.0,-17.7586,4329,354,907,2026-09-07 04:24:15
269540,4,PLUS 미국S&P500(H),30100,5,-190,-0.63,30125.0,1.1014,10876,327,903,2026-09-07 04:24:15
486240,2,DAISHIN AI반도체&인프라액티브,28980,2,1105,3.96,29056.0,-22.4294,629,18,898,2026-09-07 04:24:15
453080,4,KIWOOM 미국나스닥100(H),22945,5,-20,-0.09,22933.0,-3.4349,5085,116,895,2026-09-07 04:24:15
143850,4,TIGER 미국S&P500선물(H),77600,5,-475,-0.61,77663.0,1.9056,17444,1353,892,2026-09-07 04:24:15
468380,6,KODEX iShares미국하이일드액티브,10635,5,-45,-0.42,10636.0,-10.6767,28066,297,887,2026-09-07 04:24:15
108450,2,ACE 삼성그룹섹터가중,40065,2,945,2.42,40088.0,-21.0893,4918,196,881,2026-09-07 04:24:15
0066W0,5,SOL 국제금,12540,5,-240,-1.88,12658.0,-11.5877,32924,413,878,2026-09-07 04:24:15
329670,7,KODEX TRF7030,21740,5,-100,-0.46,21766.0,-6.2369,13144,284,870,2026-09-07 04:24:15
495040,1,PLUS 코리아밸류업,32175,2,1025,3.29,32198.0,-21.6336,788,25,869,2026-09-07 04:24:15
444490,4,WON 미국S&P500,19740,5,-175,-0.88,19789.0,-9.2091,13126,258,869,2026-09-07 04:24:15
204480,4,TIGER 차이나CSI300레버리지(합성),22680,5,-195,-0.85,23017.0,-34.7361,2426,54,844,2026-09-07 04:24:15
460960,7,ACE 글로벌인컴TOP10,10785,5,-55,-0.51,10808.0,-9.6786,178052,1923,841,2026-09-07 04:24:15
453330,4,RISE 미국S&P500(H),18220,5,-120,-0.65,18247.0,2.9487,14992,273,838,2026-09-07 04:24:15
461460,6,PLUS 국고채10년액티브,51315,2,15,0.03,51356.0,0.0585,465,23,832,2026-09-07 04:24:15
138530,2,TIGER LG그룹플러스,12725,2,305,2.46,12731.0,-21.3925,108568,1383,832,2026-09-07 04:24:15
329660,7,KODEX TRF5050,17680,5,-105,-0.59,17734.0,-4.039,16066,283,831,2026-09-07 04:24:15
479620,4,SOL 미국AI반도체칩메이커,24082,2,347,1.46,24040.0,-25.432,11042,264,831,2026-09-07 04:24:15
359210,1,KODEX 코스피TR,36000,2,1390,4.02,36040.0,-22.5901,7343,262,828,2026-09-07 04:24:15
0162L0,4,KODEX 차이나AI반도체TOP10,13020,2,520,4.16,13033.0,-28.0621,547614,6993,827,2026-09-07 04:24:15
0017Y0,6,1Q 종합채권(AA-이상)액티브,93990,5,-5,-0.01,93919.0,-0.3446,5,0,821,2026-09-07 04:24:15
0018C0,2,PLUS 고배당주위클리고정커버드콜,10805,5,-85,-0.78,10792.0,-4.036,84433,913,810,2026-09-07 04:24:15
485690,4,RISE 미국AI밸류체인TOP3Plus,21580,2,185,0.86,21559.0,-19.1584,12283,263,809,2026-09-07 04:24:15
337140,2,KODEX 코스피대형주,36765,2,1395,3.94,36816.0,-23.3963,13202,482,809,2026-09-07 04:24:15
0057H0,7,PLUS 미국S&P500미국채혼합50액티브,11390,5,-75,-0.65,11397.0,-9.8548,48851,554,797,2026-09-07 04:24:15
157490,2,TIGER 소프트웨어,8475,2,55,0.65,8499.0,-21.198,37261,315,793,2026-09-07 04:24:15
0098N0,2,PLUS 자사주매입고배당주,13220,5,-25,-0.19,13240.0,4.0154,38774,513,793,2026-09-07 04:24:15
495750,1,HANARO 코리아밸류업,32310,2,820,2.6,32409.0,-20.5136,75,2,792,2026-09-07 04:24:15
458030,6,WON 국공채머니마켓액티브,55055,5,-5,-0.01,55059.0,0.7041,183,10,786,2026-09-07 04:24:15
449770,4,KIWOOM 미국S&P500,20630,5,-160,-0.77,20648.0,-8.923,13570,279,784,2026-09-07 04:24:15
210780,2,TIGER 코스피고배당,23665,2,15,0.06,23694.0,-2.4994,9788,232,781,2026-09-07 04:24:15
434960,1,DAISHIN K200,110990,2,4585,4.31,111042.0,-23.6908,2571,282,777,2026-09-07 04:24:15
364960,2,TIGER BBIG,6500,5,-5,-0.08,6511.0,-14.6326,12499,81,777,2026-09-07 04:24:15
0049M0,4,ACE 미국배당퀄리티+커버드콜액티브,10942,5,-128,-1.16,11001.0,-8.7719,26803,293,771,2026-09-07 04:24:15
365040,1,TIGER AI코리아그로스액티브,36640,2,1235,3.49,36662.0,-21.2348,3564,129,769,2026-09-07 04:24:15
228810,2,TIGER 미디어컨텐츠,3145,2,45,1.45,3150.0,-15.5314,190049,593,762,2026-09-07 04:24:15
469060,4,RISE 미국반도체NYSE,33695,2,760,2.31,33618.0,-25.8666,2157,72,758,2026-09-07 04:24:15
490480,2,SOL K방산,27780,5,-20,-0.07,27807.0,-17.2127,10915,304,750,2026-09-07 04:24:15
0233A0,7,ACE 삼성전자SK하이닉스플러스채권혼합50,10525,2,270,2.63,10555.0,,415609,4359,747,2026-09-07 04:24:15
473640,4,HANARO 글로벌금채굴기업,34520,5,-1100,-3.09,35074.0,4.8263,31936,1108,742,2026-09-07 04:24:15
272910,6,ACE 중장기국공채액티브,106155,2,95,0.09,106120.0,0.7695,153,16,741,2026-09-07 04:24:15
0080X0,7,SOL 미국S&P500미국채혼합50,10710,5,-55,-0.51,10710.0,-10.7632,58383,622,739,2026-09-07 04:24:15
475310,2,SOL 반도체후공정,27285,2,700,2.63,27344.0,-22.4589,176233,4879,737,2026-09-07 04:24:15
0022T0,4,SOL 국제금커버드콜액티브,12870,5,-215,-1.64,12971.0,-11.8876,81677,1050,734,2026-09-07 04:24:15
292190,1,KODEX KRX300,48570,2,1915,4.1,48597.0,-24.162,1606,77,729,2026-09-07 04:24:15
211560,2,TIGER 배당성장,35795,2,305,0.86,35788.0,-9.4478,2368,84,719,2026-09-07 04:24:15
441540,2,HANARO Fn조선해운,26500,5,-80,-0.3,26503.0,-15.6191,7057,187,716,2026-09-07 04:24:15
0198A0,2,KIWOOM 코스닥150커버드콜액티브,8645,2,65,0.76,8666.0,,420703,3655,713,2026-09-07 04:24:15
0102A0,4,TIGER 미국AI소프트웨어TOP4Plus,8750,5,-190,-2.13,8760.0,-4.9947,32556,283,713,2026-09-07 04:24:15
298340,6,PLUS 국채선물3년,56575,2,15,0.03,56550.0,1.3983,89,5,708,2026-09-07 04:24:15
412770,4,TIGER 글로벌AI플랫폼액티브,12090,2,155,1.3,11931.0,-30.8116,14433,172,706,2026-09-07 04:24:15
228800,2,TIGER 여행레저,2720,5,-20,-0.73,2725.0,-6.8028,125037,340,703,2026-09-07 04:24:15
0098Z0,1,FOCUS 200,93120,2,2620,2.9,94222.0,-23.6574,1,0,698,2026-09-07 04:24:15
475350,4,RISE 버크셔포트폴리오TOP10,14250,5,-225,-1.55,14216.0,-3.2937,40127,570,698,2026-09-07 04:24:15
0113D0,4,TIME 글로벌탑픽액티브,11770,5,-95,-0.8,11806.0,-8.6254,24141,283,694,2026-09-07 04:24:15
465330,2,RISE 2차전지TOP10,11430,2,5,0.04,11435.0,-19.5423,82568,940,686,2026-09-07 04:24:15
277640,2,TIGER 코스피대형주,38020,2,1670,4.59,38048.0,-23.9268,16593,626,684,2026-09-07 04:24:15
0225V0,4,KODEX 미국CPU반도체TOP10,9835,2,220,2.29,9885.0,,21067,206,684,2026-09-07 04:24:15
0210E0,2,PLUS 200커버드콜액티브,7415,2,260,3.63,7421.0,,179509,1320,682,2026-09-07 04:24:15
130730,6,KIWOOM 단기자금,103060,5,-10,-0.01,103060.0,0.7034,2343,241,680,2026-09-07 04:24:15
440640,6,ACE 단기채권알파액티브,112737,2,12,0.01,112738.0,0.8499,79,8,680,2026-09-07 04:24:15
492500,7,1Q 현대차그룹채권(A+이상)&국고통안,51380,5,-5,-0.01,51395.0,0.9131,97,4,679,2026-09-07 04:24:15
100910,1,KIWOOM KRX100,17355,2,705,4.23,17376.0,-24.2207,2841,48,677,2026-09-07 04:24:15
266420,2,KODEX 헬스케어,16750,5,-170,-1.0,16781.0,-11.668,10679,179,670,2026-09-07 04:24:15
0190Y0,4,TIGER 구글밸류체인,8250,2,35,0.43,8265.0,-26.9457,25624,210,668,2026-09-07 04:24:15
278620,6,PLUS 단기채권액티브,119140,3,0,0.0,119150.0,0.872,134,15,667,2026-09-07 04:24:15
491700,1,HK 200,110565,2,4005,3.76,111182.0,-23.6047,109,12,663,2026-09-07 04:24:15
458750,4,TIGER 미국배당다우존스타겟커버드콜1호,12810,5,-150,-1.16,12855.0,-4.2713,25689,328,660,2026-09-07 04:24:15
433880,7,PLUS TDF2060액티브 적격,18295,5,-60,-0.33,18266.0,-9.5206,9267,169,657,2026-09-07 04:24:15
0115E0,2,KODEX 코리아소버린AI,14880,2,295,2.02,14917.0,-16.4833,35503,527,655,2026-09-07 04:24:15
0197X0,2,SOL SK하이닉스선물단일종목인버스2X,6265,5,-1035,-14.18,6231.0,-53.115,13201689,84962,650,2026-09-07 04:24:15
453950,4,TIGER TSMC파운드리밸류체인,32255,2,860,2.74,32020.0,-19.3967,5957,190,645,2026-09-07 04:24:15
0123S0,2,HANARO 26-12 은행채(AA+이상)액티브,10190,2,5,0.05,10193.0,0.6422,44,0,632,2026-09-07 04:24:15
306950,3,KODEX KRX300레버리지,78240,2,6040,8.37,78980.0,-52.7611,4809,372,626,2026-09-07 04:24:15
419890,6,KIWOOM 단기채권ESG액티브,107600,3,0,0.0,107602.0,0.8151,109,11,624,2026-09-07 04:24:15
252400,3,RISE 200선물레버리지,103795,2,8115,8.48,103833.0,-52.0173,15964,1638,623,2026-09-07 04:24:15
455660,6,ACE 미국하이일드액티브(H),9420,5,-5,-0.05,9406.0,0.6881,16037,151,622,2026-09-07 04:24:15
292770,6,KODEX 국채선물3년인버스,57750,3,0,0.0,57744.0,-0.0952,0,0,620,2026-09-07 04:24:15
0000D0,7,TIGER 엔비디아미국채커버드콜밸런스(합성),8900,5,-10,-0.11,8940.0,-11.9575,52284,463,614,2026-09-07 04:24:15
275980,4,TIGER 글로벌4차산업혁신기술(합성 H),23640,2,15,0.06,23755.0,-4.6995,3514,83,600,2026-09-07 04:24:15
453640,4,KODEX 미국S&P500헬스케어,13940,5,-220,-1.55,13953.0,4.7047,16043,222,599,2026-09-07 04:24:15
0166S0,2,PLUS K제조업핵심기업액티브,11145,2,400,3.72,11163.0,-27.9343,28624,317,596,2026-09-07 04:24:15
476750,6,ACE 미국30년국채엔화노출액티브(H),7360,5,-25,-0.34,7368.0,-12.7661,67373,495,596,2026-09-07 04:24:15
140700,2,KODEX 보험,21230,5,-35,-0.16,21265.0,3.5719,191941,4093,594,2026-09-07 04:24:15
261240,7,KODEX 미국달러선물,13920,5,-25,-0.18,13930.0,-11.0935,129618,1797,594,2026-09-07 04:24:15
491220,1,PLUS 200TR,130810,2,5335,4.25,130920.0,-24.1614,1466,190,589,2026-09-07 04:24:15
0040S0,4,HANARO 글로벌피지컬AI액티브,23080,5,-400,-1.7,23228.0,-23.9391,8231,190,589,2026-09-07 04:24:15
0172V0,5,1Q 은액티브,8370,5,-115,-1.36,8401.0,-19.8773,52982,442,582,2026-09-07 04:24:15
495940,4,RISE 미국AI테크액티브,18870,2,25,0.13,18850.0,-21.8328,4987,93,576,2026-09-07 04:24:15
150460,2,TIGER 중국소비테마,7640,5,-120,-1.55,7641.0,4.5822,10836,82,575,2026-09-07 04:24:15
401470,2,KODEX 메타버스액티브,9805,2,100,1.03,9828.0,-12.2911,8360,81,574,2026-09-07 04:24:15
225040,4,TIGER 미국S&P500레버리지(합성 H),68035,5,-840,-1.22,68227.0,4.3956,4605,313,571,2026-09-07 04:24:15
479730,4,TIGER 인도빌리언컨슈머,9670,5,-145,-1.48,9693.0,-4.0152,6322,61,571,2026-09-07 04:24:15
304780,3,HANARO 200선물레버리지,126520,2,10000,8.58,126480.0,-51.8364,1940,242,569,2026-09-07 04:24:15
278240,3,RISE 코스닥150선물레버리지,7710,2,150,1.98,7726.0,-52.9705,64915,505,562,2026-09-07 04:24:15
385590,2,ACE ESG액티브,24350,2,990,4.24,24418.0,-19.2534,317,7,560,2026-09-07 04:24:15
0181L0,4,SOL 미국우주항공TOP10,6865,5,-125,-1.79,6865.0,-42.5637,50509,345,559,2026-09-07 04:24:15
0226A0,7,PLUS SK하이닉스샌디스크채권혼합50,11130,2,485,4.56,11183.0,,103332,1146,557,2026-09-07 04:24:15
0111J0,2,HANARO 증권고배당TOP3플러스,12440,2,30,0.24,12468.0,-27.73,48326,601,554,2026-09-07 04:24:15
261070,2,TIGER 코스닥150바이오테크,12025,5,-115,-0.95,12057.0,-24.125,78209,948,553,2026-09-07 04:24:15
0194T0,2,ACE SK하이닉스단일종목레버리지,9250,2,1190,14.76,9290.0,-67.6954,156234,1408,553,2026-09-07 04:24:15
455960,6,RISE 미국달러SOFR금리액티브(합성),11835,5,-60,-0.5,11827.0,-10.2603,2415,28,542,2026-09-07 04:24:15
0141S0,2,SOL 조선기자재,8400,5,-30,-0.36,8397.0,-19.9811,46627,391,538,2026-09-07 04:24:15
442560,7,RISE TDF2040액티브 적격,16225,2,10,0.06,16164.0,-9.0575,11744,189,535,2026-09-07 04:24:15
0113P0,6,HK 머니마켓액티브,102455,2,10,0.01,102458.0,0.7424,10,1,531,2026-09-07 04:24:15
0046Y0,4,ACE 미국배당퀄리티,12335,5,-110,-0.88,12355.0,-8.9819,9741,119,530,2026-09-07 04:24:15
101280,4,KODEX 일본TOPIX100,30465,2,20,0.07,30323.0,-4.1466,4146,126,524,2026-09-07 04:24:15
0197W0,2,SOL SK하이닉스단일종목레버리지,9065,2,1125,14.17,9109.0,-67.9904,162262,1439,521,2026-09-07 04:24:15
445150,2,KODEX 친환경조선해운액티브,28065,2,60,0.21,28077.0,-17.8335,3937,110,519,2026-09-07 04:24:15
253150,3,PLUS 200선물레버리지,207630,2,16390,8.57,207624.0,-52.0588,6757,1388,519,2026-09-07 04:24:15
114470,6,KIWOOM 국고채3년,108110,2,15,0.01,108077.0,1.0661,7,0,519,2026-09-07 04:24:15
275300,2,KODEX 우량주,30400,2,1270,4.36,30426.0,-21.9656,4235,127,517,2026-09-07 04:24:15
440910,4,WON 미국우주항공방산,23335,5,-140,-0.6,23365.0,-16.6963,2827,65,513,2026-09-07 04:24:15
261220,5,KODEX WTI원유선물(H),25970,2,275,1.07,25748.0,-0.5034,99055,2567,513,2026-09-07 04:24:15
0118Z0,4,ACE 미국AI테크핵심산업액티브,8575,5,-65,-0.75,8551.0,-19.0633,10572,90,510,2026-09-07 04:24:15
475260,6,ACE 2월만기자동연장회사채AA-이상액티브,10760,2,10,0.09,10754.0,0.6554,832,8,507,2026-09-07 04:24:15
360140,2,KODEX 200롱코스닥150숏선물,23010,2,740,3.32,23019.0,-1.9159,27677,628,506,2026-09-07 04:24:15
0185L0,4,TIME 글로벌휴머노이드로봇산업액티브,7270,2,80,1.11,7275.0,-31.2948,26200,187,505,2026-09-07 04:24:15
0000Z0,2,RISE 바이오TOP10액티브,8630,5,-65,-0.75,8634.0,-29.309,80432,696,505,2026-09-07 04:24:15
152500,3,ACE 레버리지,45895,2,3570,8.43,45921.0,-51.8789,55567,2516,505,2026-09-07 04:24:15
0139P0,2,ACE 고배당주,13630,5,-75,-0.55,13652.0,-2.8654,37274,508,504,2026-09-07 04:24:15
480310,4,TIGER 글로벌온디바이스AI,19030,2,310,1.66,19060.0,-26.8617,43717,823,504,2026-09-07 04:24:15
0041D0,4,KODEX 미국AI소프트웨어TOP10,13030,5,-320,-2.4,13000.0,-6.7921,31750,411,502,2026-09-07 04:24:15
218420,4,KODEX 미국S&P500에너지(합성),19940,5,-315,-1.56,20091.0,-2.1498,22641,453,490,2026-09-07 04:24:15
418670,4,TIGER 글로벌AI사이버보안,16880,5,-170,-1.0,16841.0,2.4024,47151,792,486,2026-09-07 04:24:15
140950,1,파워 코스피100,86560,2,3565,4.3,86667.0,-24.2413,561,48,485,2026-09-07 04:24:15
447430,2,ACE 주주환원가치주액티브,16420,2,25,0.15,16425.0,-0.5969,3366,55,484,2026-09-07 04:24:15
287180,4,PLUS 미국나스닥테크,53370,2,130,0.24,53272.0,-17.0846,1316,69,480,2026-09-07 04:24:15
0118S0,4,SOL 미국넥스트테크TOP10액티브,10415,2,125,1.21,10432.0,-33.095,9571,99,479,2026-09-07 04:24:15
442260,1,마이티 다이나믹퀀트액티브,38150,2,1300,3.53,38367.0,-23.6032,916,34,473,2026-09-07 04:24:15
316670,1,KIWOOM 코스닥150,6980,2,60,0.87,6997.0,-25.5914,77965,547,472,2026-09-07 04:24:15
336160,6,RISE 금융채액티브,100200,3,0,0.0,100223.0,0.8349,26,2,470,2026-09-07 04:24:15
305050,1,ACE 코스피,72035,2,2570,3.7,72126.0,-22.4202,3768,270,468,2026-09-07 04:24:15
123310,3,TIGER 인버스,1109,5,-45,-3.9,1108.0,9.8001,2100975,2343,467,2026-09-07 04:24:15
0132H0,4,KODEX 미국원자력SMR,8040,5,-60,-0.74,8013.0,-26.3302,25247,201,466,2026-09-07 04:24:15
0086B0,2,TIGER 리츠부동산인프라TOP10액티브,9445,5,-40,-0.42,9439.0,2.041,24783,233,463,2026-09-07 04:24:15
0178H0,7,IBK 미국AI TOP10국채혼합50,9840,5,-80,-0.81,9890.0,-4.6073,5848,57,462,2026-09-07 04:24:15
453650,4,KODEX 미국S&P500금융,19110,5,-265,-1.37,19162.0,2.9532,22024,419,459,2026-09-07 04:24:15
200030,4,KODEX 미국S&P500산업재(합성),40495,5,-65,-0.16,40710.0,-10.9844,1505,60,456,2026-09-07 04:24:15
292560,7,TIGER 일본엔선물,8000,5,-10,-0.12,7983.0,-8.9773,142762,1138,456,2026-09-07 04:24:15
256750,4,KODEX 차이나심천ChiNext(합성),14825,2,295,2.03,14853.0,-28.6872,120540,1737,453,2026-09-07 04:24:15
196030,4,ACE 일본TOPIX레버리지(H),90570,2,570,0.63,90978.0,5.0113,148,13,453,2026-09-07 04:24:15
461340,4,HANARO 글로벌생성형AI액티브,41135,2,45,0.11,41072.0,-18.9866,880,35,452,2026-09-07 04:24:15
0020H0,4,KoAct 글로벌양자컴퓨팅액티브,20970,2,170,0.82,21122.0,-33.2264,9712,204,451,2026-09-07 04:24:15
442090,2,에셋플러스 코리아대장장이액티브,30005,2,400,1.35,30056.0,-17.6496,732,21,450,2026-09-07 04:24:15
375770,2,KODEX 탄소효율그린뉴딜,24900,2,820,3.41,24977.0,-22.2881,113,2,448,2026-09-07 04:24:15
475270,6,ACE 5월만기자동연장회사채AA-이상액티브,10735,3,0,0.0,10737.0,0.7035,495,5,448,2026-09-07 04:24:15
371470,4,TIGER 차이나바이오테크SOLACTIVE,8285,5,-150,-1.78,8331.0,11.7958,7649,63,447,2026-09-07 04:24:15
429760,4,PLUS 미국S&P500,19180,5,-175,-0.9,19214.0,-8.8196,15012,286,441,2026-09-07 04:24:15
276990,4,KODEX 글로벌로봇(합성),24790,2,155,0.63,24863.0,-21.6818,2396,59,439,2026-09-07 04:24:15
473490,4,KIWOOM 글로벌AI반도체,29190,2,140,0.48,29097.0,-20.5042,1765,51,438,2026-09-07 04:24:15
473590,4,ACE 미국주식베스트셀러,18555,2,140,0.76,18534.0,-24.3582,12665,234,436,2026-09-07 04:24:15
0194M0,2,ACE 삼성전자단일종목레버리지,11380,2,965,9.27,11469.0,-61.9196,52198,587,435,2026-09-07 04:24:15
0186S0,7,1Q 코스닥150채권혼합50액티브,8370,2,70,0.84,8376.0,-12.9924,114675,961,435,2026-09-07 04:24:15
487130,2,KoAct AI인프라액티브,29000,2,1150,4.13,29029.0,-26.1078,8904,257,435,2026-09-07 04:24:15
261120,7,TIGER 미국달러선물인버스2X,5570,2,25,0.45,5576.0,27.1788,22424,125,434,2026-09-07 04:24:15
401170,2,RISE 메타버스,10965,2,35,0.32,11021.0,-19.514,2592,28,434,2026-09-07 04:24:15
238720,4,ACE 일본Nikkei225(H),48235,2,800,1.69,48173.0,-2.7972,1320,63,434,2026-09-07 04:24:15
440650,6,ACE 미국달러단기채권액티브,11315,5,-25,-0.22,11316.0,-11.0589,42239,476,430,2026-09-07 04:24:15
0141T0,6,SOL 중기종합채권(AA-이상)액티브,50335,2,40,0.08,50322.0,0.923,1,0,429,2026-09-07 04:24:15
472830,6,RISE 미국30년국채커버드콜(합성),7695,5,-25,-0.32,7698.0,-14.5166,31692,242,427,2026-09-07 04:24:15
0220B0,1,DS 코스닥액티브,10045,2,200,2.03,10061.0,,352696,3567,427,2026-09-07 04:24:15
0089C0,4,KODEX 미국S&P500변동성확대시커버드콜,11180,5,-90,-0.8,11207.0,-8.512,2128,23,425,2026-09-07 04:24:15
0192L0,2,RISE SK하이닉스단일종목레버리지,9415,2,1195,14.54,9480.0,-67.0871,77410,713,419,2026-09-07 04:24:15
0191M0,6,마이티 5월만기자동연장특수채(AAA)액티브,100755,3,0,0.0,100771.0,0.6744,0,0,417,2026-09-07 04:24:15
476260,2,HANARO 반도체핵심공정주도주,12760,2,285,2.28,12780.0,-15.4238,244805,3185,415,2026-09-07 04:24:15
0112X0,1,마이티 200TR,41290,2,1475,3.7,41419.0,-23.359,406,16,413,2026-09-07 04:24:15
139320,5,TIGER 금은선물(H),18335,5,-265,-1.42,18450.0,-2.5668,7167,131,413,2026-09-07 04:24:15
0189B0,5,TIGER 은액티브,8075,5,-105,-1.28,8060.0,-19.17,33739,272,412,2026-09-07 04:24:15
472840,1,IBK 200,109435,2,4430,4.22,109702.0,-23.8234,2061,224,410,2026-09-07 04:24:15
448570,1,FOCUS AI코리아액티브,30395,2,830,2.81,30474.0,-18.7664,45,1,410,2026-09-07 04:24:15
0007G0,4,PLUS 글로벌원자력밸류체인,13625,5,-210,-1.52,13618.0,-17.2301,3278,44,409,2026-09-07 04:24:15
183700,7,RISE 200채권혼합50,96885,2,1740,1.83,96702.0,-11.7177,1656,159,407,2026-09-07 04:24:15
428510,4,KODEX 차이나AI테크액티브,23130,2,830,3.72,23183.0,-28.7854,15276,344,405,2026-09-07 04:24:15
139280,2,TIGER 경기방어,12635,5,-75,-0.59,12630.0,0.1231,4945,62,404,2026-09-07 04:24:15
494840,4,TIGER 미국방산TOP10,12092,5,-258,-2.09,12108.0,-7.8148,11534,139,399,2026-09-07 04:24:15
322410,2,HANARO K고배당,23420,2,190,0.82,23440.0,-1.9077,2779,65,398,2026-09-07 04:24:15
0209Z0,2,ACE 코리아AI전력TOP10,7300,2,450,6.57,7306.0,,307070,2212,398,2026-09-07 04:24:15
275280,2,KODEX 모멘텀주,43130,2,2045,4.98,43222.0,-23.9378,14807,633,388,2026-09-07 04:24:15
147970,2,TIGER 모멘텀,80155,2,635,0.8,80582.0,-22.2223,2832,228,385,2026-09-07 04:24:15
0207G0,2,SOL 우주항공밸류체인,6445,5,-25,-0.39,6446.0,,518750,3368,380,2026-09-07 04:24:15
352540,7,KODEX 일본부동산리츠(H),11125,5,-110,-0.98,11144.0,3.072,6766,75,378,2026-09-07 04:24:15
400970,2,TIGER Fn메타버스,7505,2,65,0.87,7506.0,-25.2262,3987,29,375,2026-09-07 04:24:15
195930,4,TIGER 유로스탁스50(합성 H),23445,2,80,0.34,23531.0,6.0839,3643,85,375,2026-09-07 04:24:15
276970,4,KODEX 미국S&P500배당귀족커버드콜(합성 H),7915,2,85,1.09,7934.0,9.39,10072,78,372,2026-09-07 04:24:15
365000,2,TIGER 인터넷TOP10,3630,2,75,2.11,3640.0,-31.0379,139797,507,368,2026-09-07 04:24:15
491830,4,TIGER 미국AI반도체팹리스,21025,2,335,1.62,20961.0,-27.6044,7327,153,368,2026-09-07 04:24:15
452250,6,ACE 미국30년국채선물레버리지(합성 H),4710,5,-5,-0.11,4753.0,-7.1851,3333,15,365,2026-09-07 04:24:15
104530,2,KIWOOM 코리아고배당,17705,2,5,0.03,17698.0,-5.3999,10882,192,363,2026-09-07 04:24:15
153270,1,KIWOOM 코스피100,84920,2,3285,4.02,85081.0,-24.0667,5675,478,357,2026-09-07 04:24:15
464470,6,PLUS 미국채30년액티브,46682,5,-238,-0.51,46765.0,-14.0096,3435,159,357,2026-09-07 04:24:15
449690,4,TIGER 한중반도체(합성),47450,2,1185,2.56,47660.0,-24.3295,864,40,356,2026-09-07 04:24:15
381560,2,HANARO Fn전기&수소차,17780,2,210,1.2,17804.0,-21.7667,4578,81,356,2026-09-07 04:24:15
0154F0,2,WON 초대형IB&금융지주,12470,2,125,1.01,12467.0,-6.8654,8818,109,355,2026-09-07 04:24:15
450910,1,SOL 코스닥150,13705,2,150,1.11,13719.0,-25.358,10732,147,354,2026-09-07 04:24:15
0085N0,6,ACE 미국10년국채액티브(H),9700,5,-25,-0.26,9710.0,-0.8175,16612,161,349,2026-09-07 04:24:15
241390,7,RISE V&S셀렉트밸류채권혼합,15850,2,185,1.18,15853.0,-7.7977,5060,80,349,2026-09-07 04:24:15
276650,4,RISE 글로벌테크놀로지(합성 H),46330,5,-5,-0.01,46595.0,-5.8136,29,1,347,2026-09-07 04:24:15
322400,2,HANARO e커머스,10425,2,60,0.58,10441.0,-11.1826,1656,17,344,2026-09-07 04:24:15
122260,6,KIWOOM 통안채1년,104240,2,15,0.01,104233.0,0.7588,40,4,344,2026-09-07 04:24:15
0184E0,7,1Q 200채권혼합50액티브,11075,2,235,2.17,11104.0,-11.4587,102362,1129,343,2026-09-07 04:24:15
385520,2,KODEX 자율주행액티브,15960,2,345,2.21,15960.0,-26.5177,3694,58,343,2026-09-07 04:24:15
380340,2,ACE 코리아AI테크핵심산업,28535,2,740,2.66,28561.0,-27.162,4458,126,342,2026-09-07 04:24:15
105780,2,RISE 5대그룹주,17005,2,525,3.19,17006.0,-25.3793,2101,35,340,2026-09-07 04:24:15
498860,2,RISE 코리아금융고배당,16930,2,100,0.59,16925.0,-10.6927,3214,54,339,2026-09-07 04:24:15
449780,4,KIWOOM 미국S&P500(H),18725,5,-110,-0.58,18734.0,2.3122,10822,202,337,2026-09-07 04:24:15
475070,4,KoAct 글로벌친환경전력인프라액티브,29245,2,430,1.49,29281.0,-30.8579,4773,138,336,2026-09-07 04:24:15
491090,4,KODEX 미국테크TOP3플러스,17700,5,-250,-1.39,17718.0,-8.6672,5738,101,336,2026-09-07 04:24:15
407830,4,에셋플러스 글로벌플랫폼액티브,13920,5,-185,-1.31,13949.0,-17.9227,1679,23,334,2026-09-07 04:24:15
099140,4,KODEX 차이나H,20800,5,-405,-1.91,20782.0,-9.6485,7548,157,333,2026-09-07 04:24:15
261140,2,TIGER 우선주,24815,2,360,1.47,24838.0,-17.9877,13143,326,333,2026-09-07 04:24:15
415920,5,PLUS 글로벌희토류&전략자원생산기업,7050,5,-50,-0.7,7024.0,-28.929,20493,143,331,2026-09-07 04:24:15
474800,4,KIWOOM 미국원유에너지기업,15745,5,-130,-0.82,15723.0,-2.4553,33928,532,331,2026-09-07 04:24:15
469050,4,RISE 미국반도체NYSE(H),31400,2,760,2.48,31334.0,-16.0194,9526,299,330,2026-09-07 04:24:15
0100K0,2,KODEX 방산TOP10레버리지,5850,2,30,0.52,5844.0,-41.0633,303161,1784,328,2026-09-07 04:24:15
352560,7,KODEX 미국부동산리츠(H),12080,5,-145,-1.19,12186.0,2.43,8872,107,326,2026-09-07 04:24:15
0023B0,4,PLUS 미국양자컴퓨팅TOP10,15435,5,-145,-0.93,15382.0,-27.8203,4636,71,324,2026-09-07 04:24:15
465350,3,RISE 2차전지TOP10인버스(합성),16135,5,-25,-0.15,16309.0,8.8948,16395,265,323,2026-09-07 04:24:15
395290,2,HANARO Fn K-POP&미디어,5040,2,75,1.51,5042.0,-15.2731,44683,224,323,2026-09-07 04:24:15
139270,2,TIGER 200 금융,17395,2,250,1.46,17390.0,-3.036,29313,508,320,2026-09-07 04:24:15
266360,2,KODEX K콘텐츠,9965,2,60,0.61,9965.0,-16.1304,3555,35,319,2026-09-07 04:24:15
227540,2,TIGER 200 헬스케어,19155,5,-200,-1.03,19178.0,1.1497,7188,137,318,2026-09-07 04:24:15
0138T0,4,RISE 미국S&P500데일리고정커버드콜,9330,5,-85,-0.9,9334.0,-8.8488,46750,434,317,2026-09-07 04:24:15
117460,2,KODEX 에너지화학,14150,5,-40,-0.28,14178.0,-11.9488,24834,352,317,2026-09-07 04:24:15
256440,4,ACE MSCI인도네시아(합성),5190,5,-50,-0.95,5224.0,-3.5879,25865,135,317,2026-09-07 04:24:15
174360,4,RISE 중국본토대형주CSI100,22590,2,15,0.07,22614.0,-17.8942,1981,44,316,2026-09-07 04:24:15
459560,4,KODEX 테슬라밸류체인FactSet,21070,5,-400,-1.86,21081.0,-22.8641,2277,47,316,2026-09-07 04:24:15
465660,4,TIGER 일본반도체FACTSET,24300,2,845,3.6,24482.0,-21.9075,25703,620,316,2026-09-07 04:24:15
156080,1,KODEX MSCI Korea,52475,2,2205,4.39,52531.0,-23.5568,991,51,315,2026-09-07 04:24:15
275290,2,KODEX 가치주,34975,2,1285,3.81,35083.0,-17.3723,8142,283,315,2026-09-07 04:24:15
395170,2,KODEX Top10동일가중,15675,2,545,3.6,15693.0,-26.6856,3069,47,314,2026-09-07 04:24:15
0192M0,2,RISE 삼성전자단일종목레버리지,11550,2,970,9.17,11636.0,-61.3446,25056,286,312,2026-09-07 04:24:15
476690,4,TIGER 글로벌비만치료제TOP2Plus,10365,5,-295,-2.77,10426.0,-0.2066,16933,175,311,2026-09-07 04:24:15
138910,5,KODEX 구리선물(H),10020,5,-25,-0.25,10083.0,1.0563,12212,122,311,2026-09-07 04:24:15
117680,2,KODEX 철강,12605,5,-90,-0.71,12629.0,-12.3327,34386,433,309,2026-09-07 04:24:15
245350,4,TIGER 유로스탁스배당30,19275,5,-130,-0.67,19389.0,-2.3692,2794,53,308,2026-09-07 04:24:15
0204S0,1,TIGER 코스닥액티브,6770,2,115,1.73,6792.0,-29.7996,139402,951,308,2026-09-07 04:24:15
469790,2,KIWOOM 코리아테크TOP10,44000,2,1930,4.59,44081.0,-26.2459,724,31,308,2026-09-07 04:24:15
0192T0,2,SOL 코스닥TOP10,7075,5,-25,-0.35,7087.0,-25.8099,209495,1493,308,2026-09-07 04:24:15
459750,4,RISE 글로벌주식분산액티브,17570,5,-130,-0.73,17635.0,-9.1537,9458,165,307,2026-09-07 04:24:15
426150,6,WON 대한민국국고채액티브,51010,5,-40,-0.08,51078.0,-1.5999,68,3,307,2026-09-07 04:24:15
494410,4,PLUS 미국S&P500성장주,13950,5,-90,-0.64,13994.0,-10.6772,3355,46,307,2026-09-07 04:24:15
0150K0,2,KoAct 수소전력ESS인프라액티브,10765,2,275,2.62,10778.0,-22.2387,25976,279,307,2026-09-07 04:24:15
0089B0,7,PLUS 미국나스닥100미국채혼합50,10950,5,-40,-0.36,10952.0,-12.4479,29362,319,307,2026-09-07 04:24:15
192720,2,파워 고배당저변동성,59400,5,-160,-0.27,59521.0,-1.2703,1663,99,303,2026-09-07 04:24:15
464920,4,PLUS 일본반도체소부장,24170,2,990,4.27,23800.0,-15.8621,19911,470,302,2026-09-07 04:24:15
446690,4,KODEX 아시아AI반도체exChina액티브,60330,2,2505,4.33,60382.0,-26.264,36022,2155,302,2026-09-07 04:24:15
248270,4,TIGER S&P글로벌헬스케어(합성),25975,5,-535,-2.02,26088.0,3.7573,5589,145,301,2026-09-07 04:24:15
0155N0,2,HANARO K휴머노이드테마TOP10,7720,2,130,1.71,7730.0,-34.2288,26337,206,301,2026-09-07 04:24:15
289480,3,TIGER 200커버드콜,12920,2,270,2.13,13035.0,8.0846,21884,281,297,2026-09-07 04:24:15
145850,2,TREX 펀더멘탈 200,118850,2,1360,1.16,119432.0,-17.5957,8,0,297,2026-09-07 04:24:15
253250,3,KIWOOM 200선물레버리지,102385,2,8185,8.69,102253.0,-51.7047,17835,1803,297,2026-09-07 04:24:15
496770,4,PLUS 글로벌방산,16455,5,-270,-1.61,16503.0,-6.1712,3996,65,296,2026-09-07 04:24:15
468630,6,KODEX iShares미국투자등급회사채액티브,10515,5,-75,-0.71,10533.0,-13.0393,18343,192,295,2026-09-07 04:24:15
0203S0,7,WON 삼성전자현대차채권혼합50,8680,2,110,1.28,8703.0,-18.0297,16365,141,295,2026-09-07 04:24:15
0083S0,4,1Q 미국메디컬AI,10520,5,-35,-0.33,10548.0,3.9013,7584,79,295,2026-09-07 04:24:15
271060,5,KODEX 3대농산물선물(H),9050,5,-135,-1.47,9147.0,16.6349,40835,370,293,2026-09-07 04:24:15
261250,7,KODEX 미국달러선물레버리지,15155,5,-90,-0.59,15169.0,-21.5187,186234,2800,292,2026-09-07 04:24:15
0155M0,4,ACE 미국SMR원자력TOP10,6905,2,20,0.29,6931.0,-24.0067,12983,89,290,2026-09-07 04:24:15
476070,4,KODEX 글로벌비만치료제TOP2 Plus,10900,5,-210,-1.89,10946.0,1.0817,6730,73,289,2026-09-07 04:24:15
0218J0,7,RISE 미국우주&로봇TOP2미국채혼합50,8870,5,-140,-1.55,8876.0,,170036,1520,288,2026-09-07 04:24:15
450190,4,KODEX 한중반도체(합성),47885,2,1220,2.61,48089.0,-24.3005,1163,55,287,2026-09-07 04:24:15
0107F0,4,KIWOOM 미국고배당&AI테크,11145,5,-50,-0.45,11229.0,-7.6926,12197,135,284,2026-09-07 04:24:15
223190,2,KODEX 200가치저변동,28335,2,360,1.29,28391.0,-17.6074,1052,29,283,2026-09-07 04:24:15
387270,4,TIGER 글로벌이노베이션액티브,24310,2,445,1.86,24337.0,-23.0038,1463,35,282,2026-09-07 04:24:15
261060,2,TIGER 코스닥150IT,23970,2,760,3.27,24025.0,-23.689,16066,388,278,2026-09-07 04:24:15
415340,4,KODEX 차이나과창판STAR50(합성),13405,2,45,0.34,13530.0,-18.7348,23143,307,277,2026-09-07 04:24:15
0013R0,7,RISE 테슬라미국채타겟커버드콜혼합(합성),7620,5,-130,-1.68,7603.0,-16.0384,14540,110,274,2026-09-07 04:24:15
494340,4,ACE 글로벌AI맞춤형반도체,18185,2,285,1.59,18130.0,-37.609,6357,115,273,2026-09-07 04:24:15
0166N0,1,PLUS 코스닥150액티브,7775,2,205,2.71,7806.0,-26.0382,22361,175,272,2026-09-07 04:24:15
489290,4,WON 미국빌리어네어,14590,5,-225,-1.52,14632.0,-10.8605,1483,21,270,2026-09-07 04:24:15
0049K0,7,ACE 미국배당퀄리티채권혼합50,11000,5,-70,-0.63,11006.0,-4.7192,6121,67,270,2026-09-07 04:24:15
475380,7,RISE 글로벌리얼티인컴,10090,5,-70,-0.69,10133.0,-10.0265,6574,66,267,2026-09-07 04:24:15
167860,6,KIWOOM 국고채10년레버리지,91975,2,385,0.42,91958.0,-0.5538,3,0,267,2026-09-07 04:24:15
459790,4,KIWOOM 미국성장기업30액티브,19750,5,-145,-0.73,19835.0,-20.7687,294,5,267,2026-09-07 04:24:15
139250,2,TIGER 200 에너지화학,18500,2,290,1.59,18487.0,-9.7895,18152,335,266,2026-09-07 04:24:15
0224X0,7,1Q 엔비디아알파벳미국채혼합50,9650,5,-60,-0.62,9583.0,,63802,612,265,2026-09-07 04:24:15
0137W0,4,KIWOOM 미국S&P500&GOLD,10160,5,-80,-0.78,10211.0,-9.0119,4296,43,264,2026-09-07 04:24:15
493420,4,SOL 미국배당다우존스2호,12530,5,-200,-1.57,12578.0,-3.7379,2081,26,263,2026-09-07 04:24:15
440340,7,TIGER 글로벌멀티에셋TIF액티브,11655,5,-120,-1.02,11694.0,-10.1427,5474,63,262,2026-09-07 04:24:15
0103T0,2,1Q K소버린AI,8870,2,25,0.28,8897.0,-20.8147,12613,111,262,2026-09-07 04:24:15
437350,6,RISE 미국단기투자등급회사채액티브,11875,5,-60,-0.5,11892.0,-11.3628,8342,98,261,2026-09-07 04:24:15
0152E0,2,SOL 배당성향탑픽액티브,10820,3,0,0.0,10835.0,-6.2532,4626,50,260,2026-09-07 04:24:15
479850,2,HANARO K-뷰티,18530,5,-285,-1.51,18548.0,21.2697,50520,939,259,2026-09-07 04:24:15
277540,4,ACE 아시아TOP50,32180,2,440,1.39,32164.0,-15.5178,250,7,257,2026-09-07 04:24:15
0198D0,2,1Q SK하이닉스선물단일종목레버리지,9605,2,1200,14.28,9662.0,-69.668,69215,650,257,2026-09-07 04:24:15
0115C0,4,RISE 미국고배당다우존스TOP10,10945,5,-110,-1.0,10979.0,-4.8638,4113,44,257,2026-09-07 04:24:15
0223R0,4,TIGER 미국테크NYSE100액티브,9005,2,75,0.84,8991.0,,5924,53,256,2026-09-07 04:24:15
0164G0,4,RISE 차이나AI반도체TOP4Plus,12150,2,350,2.97,12193.0,-30.1569,31791,376,255,2026-09-07 04:24:15
368190,2,HANARO Fn K-뉴딜디지털플러스,7935,5,-25,-0.31,7957.0,-11.7028,137,1,254,2026-09-07 04:24:15
496120,1,ACE 코리아밸류업,33695,2,1100,3.37,33713.0,-19.1911,964,32,253,2026-09-07 04:24:15
245360,4,TIGER 차이나HSCEI,12000,5,-215,-1.76,12008.0,-9.6057,1602,19,252,2026-09-07 04:24:15
0097L0,7,KIWOOM 한국고배당&미국AI테크,12580,5,-25,-0.2,12548.0,-7.0331,3423,43,252,2026-09-07 04:24:15
185680,4,KODEX 미국S&P바이오(합성),47130,5,-370,-0.78,47154.0,12.5592,2545,119,251,2026-09-07 04:24:15
414270,4,ACE 글로벌자율주행액티브,11390,5,-120,-1.04,11390.0,-22.256,1047,11,251,2026-09-07 04:24:15
483570,4,KCGI 미국S&P500 TOP10,15560,5,-180,-1.14,15518.0,-9.7736,1766,27,249,2026-09-07 04:24:15
252710,3,TIGER 200선물인버스2X,80,5,-7,-8.05,79.0,3.5714,63097785,5087,248,2026-09-07 04:24:15
292500,1,SOL KRX300,49300,2,1465,3.06,49731.0,-23.958,24,1,247,2026-09-07 04:24:15
225130,4,ACE 골드선물 레버리지(합성 H),49015,5,-1555,-3.07,49566.0,-3.4464,2475,121,245,2026-09-07 04:24:15
0047R0,4,RISE 팔란티어고정테크100,14835,5,-300,-1.98,14873.0,-5.2807,8725,128,245,2026-09-07 04:24:15
292160,1,TIGER KRX300,48750,2,1865,3.98,48786.0,-24.1048,4536,219,244,2026-09-07 04:24:15
289250,2,TIGER MSCI KOREA ESG유니버설,35305,2,1360,4.01,35524.0,-21.3782,2520,88,244,2026-09-07 04:24:15
419430,4,KODEX 차이나2차전지MSCI(합성),8680,5,-120,-1.36,8737.0,-26.1126,1733,15,243,2026-09-07 04:24:15
159800,1,마이티 코스피100,86765,2,2990,3.57,87446.0,-24.11,19,1,243,2026-09-07 04:24:15
195970,4,PLUS 선진국MSCI(합성 H),16495,5,-45,-0.27,16638.0,4.3533,8635,142,241,2026-09-07 04:24:15
0093D0,7,KoAct 팔란티어밸류체인액티브,17190,5,-190,-1.09,17224.0,-18.7471,31123,538,241,2026-09-07 04:24:15
367740,2,HANARO Fn5G산업,43750,2,905,2.11,43822.0,-17.6612,639,27,241,2026-09-07 04:24:15
295020,6,RISE 국채선물10년인버스,60645,5,-65,-0.11,60685.0,0.8974,134,8,240,2026-09-07 04:24:15
0206G0,7,1Q 현대차기아채권혼합50,8135,2,35,0.43,8146.0,,92902,755,240,2026-09-07 04:24:15
481340,6,RISE 미국30년국채액티브,8380,5,-45,-0.53,8396.0,-14.1616,29904,249,239,2026-09-07 04:24:15
388280,2,RISE K엔터&여행레저,7245,2,15,0.21,7247.0,-12.7339,33597,243,236,2026-09-07 04:24:15
280930,4,KODEX 미국러셀2000(H),16790,5,-5,-0.03,16812.0,2.2215,3639,61,235,2026-09-07 04:24:15
364690,1,KODEX 혁신기술테마액티브,39170,2,1270,3.35,39476.0,-24.3262,652,25,235,2026-09-07 04:24:15
442550,7,RISE TDF2030액티브 적격,14505,5,-65,-0.45,14543.0,-7.0594,122467,1771,232,2026-09-07 04:24:15
461450,1,KODEX 코스닥글로벌,15455,2,120,0.78,15446.0,-17.6645,1928,29,232,2026-09-07 04:24:15
0177A0,2,WON 두산그룹포커스,9180,2,610,7.12,9204.0,-35.0266,94454,861,230,2026-09-07 04:24:15
138230,7,KIWOOM 미국달러선물,15790,5,-55,-0.35,15805.0,-10.7576,2380,37,229,2026-09-07 04:24:15
300950,2,KODEX 게임산업,5440,5,-10,-0.18,5433.0,-15.1751,41067,223,228,2026-09-07 04:24:15
217770,5,TIGER 원유선물인버스(H),1153,5,-16,-1.37,1165.0,-6.704,645567,747,228,2026-09-07 04:24:15
456680,4,TIGER 차이나전기차레버리지(합성),5595,5,-60,-1.06,5622.0,-46.9264,11095,61,228,2026-09-07 04:24:15
471460,6,KIWOOM 국고채30년액티브,45245,2,130,0.29,45206.0,-5.8963,742,33,226,2026-09-07 04:24:15
204450,4,KODEX 차이나H레버리지(H),2325,5,-55,-2.31,2318.0,-0.2097,59199,139,226,2026-09-07 04:24:15
465670,4,TIGER 미국캐시카우100,16605,5,-485,-2.84,16656.0,3.0766,45572,755,224,2026-09-07 04:24:15
0153X0,4,PLUS 미국고배당주액티브,11160,5,-190,-1.67,11211.0,1.4431,13052,145,223,2026-09-07 04:24:15
269420,4,KODEX S&P글로벌인프라(합성),21600,5,-55,-0.25,21563.0,-11.7204,2691,57,223,2026-09-07 04:24:15
411540,1,SOL 200 Top10,17105,2,460,2.76,17138.0,-22.475,4125,70,222,2026-09-07 04:24:15
376410,2,TIGER 탄소효율그린뉴딜,24705,2,830,3.48,24725.0,-21.661,351,8,222,2026-09-07 04:24:15
469160,4,ACE 일본반도체,24680,2,645,2.68,24724.0,-24.8084,12682,311,222,2026-09-07 04:24:15
0127R0,4,RISE 미국AI클라우드인프라,16400,2,775,4.96,16342.0,-26.7203,5850,95,221,2026-09-07 04:24:15
464600,2,SOL 자동차소부장Fn,23280,2,660,2.92,23252.0,-34.3206,6772,157,221,2026-09-07 04:24:15
375760,2,HANARO 탄소효율그린뉴딜,24570,2,720,3.02,24642.0,-21.3516,78,1,221,2026-09-07 04:24:15
461600,6,SOL 미국30년국채액티브(H),8315,5,-15,-0.18,8323.0,-2.8572,1135,9,220,2026-09-07 04:24:15
477730,4,KODEX 인도타타그룹,7330,5,-50,-0.68,7332.0,-9.9233,3848,28,220,2026-09-07 04:24:15
239660,6,PLUS 우량회사채50,121820,2,50,0.04,121809.0,0.8488,526,64,219,2026-09-07 04:24:15
108590,1,TREX 200,109240,2,3945,3.75,109844.0,-23.8123,76,8,218,2026-09-07 04:24:15
0047P0,4,RISE 테슬라고정테크100,14085,5,-420,-2.9,14126.0,-12.5378,2104,29,218,2026-09-07 04:24:15
438320,4,TIGER 차이나항셍테크레버리지(합성 H),5020,5,-75,-1.47,5062.0,-19.5738,19359,98,217,2026-09-07 04:24:15
433220,4,에셋플러스 글로벌대장장이액티브,28965,2,270,0.94,29007.0,-22.3411,280,8,214,2026-09-07 04:24:15
0065G0,4,KODEX 차이나테크TOP10,8365,5,-105,-1.24,8432.0,-17.7869,5049,42,213,2026-09-07 04:24:15
447660,7,PLUS 애플채권혼합,13670,5,-30,-0.22,13652.0,-0.8367,34093,465,212,2026-09-07 04:24:15
0026E0,4,KODEX 미국S&P500버퍼3월액티브,11440,5,-125,-1.08,11542.0,-8.1779,42,0,212,2026-09-07 04:24:15
253290,7,RISE 헬스케어채권혼합,11740,5,-20,-0.17,11691.0,-2.0765,8666,101,211,2026-09-07 04:24:15
0067V0,4,TIGER 차이나글로벌리더스TOP3+,9510,5,-140,-1.45,9538.0,-18.0815,892,8,209,2026-09-07 04:24:15
337120,2,KODEX 멀티팩터,34810,2,1360,4.07,34956.0,-23.7124,7,0,209,2026-09-07 04:24:15
0234N0,2,KIWOOM 삼성SK그룹TOP4+,10390,2,545,5.54,10405.0,,326461,3362,208,2026-09-07 04:24:15
226980,1,KODEX 200 중소형,23085,2,295,1.29,23104.0,-13.1823,1024,23,208,2026-09-07 04:24:15
417630,2,TIGER KEDI혁신기업ESG30,19755,2,255,1.31,19756.0,-11.0605,360,7,207,2026-09-07 04:24:15
300640,2,RISE 게임테마,6380,5,-50,-0.78,6397.0,-9.6276,11282,72,207,2026-09-07 04:24:15
371450,4,TIGER 글로벌클라우드컴퓨팅INDXX,13260,5,-400,-2.93,13252.0,0.7003,6256,82,207,2026-09-07 04:24:15
152380,6,KODEX 국채선물10년,64885,2,45,0.07,64884.0,0.1235,178,11,206,2026-09-07 04:24:15
0231Z0,7,KODEX 코리아TDF2065액티브 적격,10285,2,345,3.47,10309.0,,25428,260,206,2026-09-07 04:24:15
364990,2,TIGER 게임TOP10,4675,5,-15,-0.32,4686.0,-16.5481,40921,192,206,2026-09-07 04:24:15
0186L0,4,KoAct 미국로봇피지컬AI액티브,8920,5,-70,-0.78,8936.0,-25.6718,11416,101,205,2026-09-07 04:24:15
463300,4,RISE 중국본토CSI300,12760,5,-175,-1.35,12898.0,-14.5246,922,11,204,2026-09-07 04:24:15
289040,2,KODEX MSCI KOREA ESG유니버설,33885,2,1215,3.72,34120.0,-20.6224,6,0,203,2026-09-07 04:24:15
091220,2,TIGER 은행,17395,2,315,1.84,17409.0,7.7047,30197,524,202,2026-09-07 04:24:15
404120,2,TIME K신재생에너지액티브,25125,2,700,2.87,25138.0,-22.9009,2016,50,201,2026-09-07 04:24:15
489000,6,PLUS 일본엔화초단기국채(합성),9125,5,-35,-0.38,9144.0,-9.4415,70089,638,201,2026-09-07 04:24:15
0192S0,7,SOL 코스피200채권혼합50,9515,2,190,2.04,9533.0,-12.2462,109601,1040,200,2026-09-07 04:24:15
437070,6,KODEX 아시아달러채권ESG플러스액티브,57510,5,-400,-0.69,57603.0,-12.0454,1035,59,199,2026-09-07 04:24:15
284980,2,RISE 200금융,23100,2,220,0.96,23129.0,-2.2457,2105,48,199,2026-09-07 04:24:15
304770,1,HANARO 코스닥150,13960,2,70,0.5,14025.0,-25.3026,6524,91,198,2026-09-07 04:24:15
169950,4,KODEX 차이나A50,24710,5,-345,-1.38,25002.0,-16.1059,606,14,198,2026-09-07 04:24:15
0190M0,4,KIWOOM 미국AI테크하이베타,8040,2,250,3.21,8059.0,-33.7304,48561,389,197,2026-09-07 04:24:15
497780,4,KoAct 미국천연가스인프라액티브,10365,5,-105,-1.0,10384.0,-9.3137,31590,325,197,2026-09-07 04:24:15
404260,2,KODEX 기후변화솔루션,24440,2,615,2.58,24511.0,-23.2285,125,3,196,2026-09-07 04:24:15
213630,4,PLUS 미국다우존스고배당주(합성 H),21105,5,-135,-0.64,21189.0,8.0091,2904,61,194,2026-09-07 04:24:15
416090,4,ACE 중국과창판STAR50,12095,5,-80,-0.66,12204.0,-19.5839,10684,129,194,2026-09-07 04:24:15
407310,1,HANARO 200 TOP10,16720,2,355,2.17,16778.0,-21.7385,402,6,192,2026-09-07 04:24:15
0203R0,6,WON 중단기종합채권(A-이상)액티브,50495,3,0,0.0,50502.0,1.0809,0,0,192,2026-09-07 04:24:15
379790,4,RISE 유로스탁스50(H),17370,2,35,0.2,17364.0,5.6783,15315,266,191,2026-09-07 04:24:15
304760,1,HANARO KRX300,47700,2,1580,3.43,47842.0,-23.0468,381,18,191,2026-09-07 04:24:15
228820,1,TIGER KTOP30,19035,2,550,2.98,19043.0,-22.3445,4066,77,190,2026-09-07 04:24:15
0104P0,2,TIGER 코리아배당다우존스위클리커버드콜,11100,5,-20,-0.18,11099.0,-5.427,18706,207,189,2026-09-07 04:24:15
229720,1,KODEX KTOP30,37725,2,1235,3.38,37753.0,-23.3378,10276,386,189,2026-09-07 04:24:15
0144M0,4,KODEX 미국드론UAM TOP10,6845,5,-10,-0.15,6837.0,-29.4754,8673,58,188,2026-09-07 04:24:15
487950,4,KODEX 대만테크고배당다우존스,12960,2,5,0.04,12949.0,-15.7324,23557,304,188,2026-09-07 04:24:15
183710,7,RISE 주식혼합,93650,2,2280,2.5,93812.0,-18.6161,79,7,187,2026-09-07 04:24:15
445910,2,TIGER MKF배당귀족,20790,2,15,0.07,20812.0,-7.2378,1598,33,187,2026-09-07 04:24:15
0105D0,2,SOL 한국AI소프트웨어,9845,2,55,0.56,9874.0,-23.9317,30906,304,187,2026-09-07 04:24:15
445690,2,BNK 주주가치액티브,30505,2,555,1.85,30531.0,-16.7015,406,12,183,2026-09-07 04:24:15
0198B0,2,1Q 삼성전자선물단일종목레버리지,11850,2,1060,9.82,11879.0,-62.3386,37532,438,182,2026-09-07 04:24:15
276000,4,TIGER 글로벌자원생산기업(합성 H),21375,5,-140,-0.65,21531.0,5.2592,606,13,182,2026-09-07 04:24:15
225060,4,TIGER 이머징마켓MSCI레버리지(합성 H),17080,2,380,2.28,17277.0,-6.3114,487,8,181,2026-09-07 04:24:15
385600,2,ACE 2차전지&친환경차액티브,12005,2,200,1.69,12011.0,-26.4486,6718,80,180,2026-09-07 04:24:15
0018Z0,4,RISE 미국양자컴퓨팅,17105,5,-130,-0.75,17174.0,-26.3906,5373,91,180,2026-09-07 04:24:15
227830,1,PLUS 코스피,71500,2,2225,3.21,71830.0,-22.4537,875,62,179,2026-09-07 04:24:15
195920,4,TIGER 일본TOPIX(합성 H),35555,2,365,1.04,35507.0,4.4523,43,1,178,2026-09-07 04:24:15
0193K0,2,PLUS 삼성전자단일종목레버리지,12470,2,940,8.15,12602.0,-60.6015,13802,169,178,2026-09-07 04:24:15
461910,4,PLUS 미국테크TOP10레버리지(합성),35410,5,-815,-2.25,35246.0,-22.4305,483,16,177,2026-09-07 04:24:15
289260,2,TIGER MSCI KOREA ESG리더스,29475,2,1215,4.3,29604.0,-17.7652,1218,35,177,2026-09-07 04:24:15
449580,7,RISE 테슬라애플아마존채권혼합,16005,5,-205,-1.26,16008.0,-4.3142,9073,144,176,2026-09-07 04:24:15
461900,4,PLUS 미국테크TOP10,21960,5,-335,-1.5,21993.0,-10.7486,627,13,176,2026-09-07 04:24:15
292050,1,RISE KRX300,49835,2,1885,3.93,49973.0,-23.8224,330,16,174,2026-09-07 04:24:15
391670,1,HK 베스트일레븐액티브,28940,2,1230,4.44,29061.0,-25.4908,275,7,174,2026-09-07 04:24:15
460660,4,RISE 미국S&P배당킹,11555,5,-215,-1.83,11602.0,-0.5076,2644,30,173,2026-09-07 04:24:15
468370,6,KODEX iShares미국인플레이션국채액티브,10370,5,-55,-0.53,10380.0,-12.1888,7592,78,173,2026-09-07 04:24:15
0223A0,2,RISE 코스닥커버드콜액티브,10460,2,230,2.25,10449.0,,173636,1827,173,2026-09-07 04:24:15
0086C0,7,TIGER 리츠부동산인프라10채권혼합액티브,9760,5,-105,-1.06,9783.0,1.2704,3895,38,171,2026-09-07 04:24:15
457690,6,KODEX 33-06 국고채액티브,10485,5,-5,-0.05,10482.0,0.6717,109,1,170,2026-09-07 04:24:15
415760,4,SOL 차이나육성산업액티브(합성),12400,2,55,0.45,12579.0,-18.4341,33429,409,169,2026-09-07 04:24:15
474920,4,에셋플러스 차이나일등기업포커스10액티브,17855,5,-45,-0.25,17844.0,-11.3642,198,3,168,2026-09-07 04:24:15
477490,4,에셋플러스 글로벌일등기업포커스10액티브,18570,5,-90,-0.48,18558.0,-16.1537,47,0,167,2026-09-07 04:24:15
250730,4,RISE 차이나HSCEI(H),9820,5,-210,-2.09,9991.0,2.1384,2124,21,167,2026-09-07 04:24:15
219390,4,RISE 미국S&P원유생산기업(합성 H),8330,5,-5,-0.06,8361.0,10.1784,16382,136,167,2026-09-07 04:24:15
419650,4,PLUS 글로벌수소&차세대연료전지,5030,2,25,0.5,4997.0,-35.6684,14320,72,163,2026-09-07 04:24:15
131890,2,ACE 삼성그룹동일가중,40815,2,535,1.33,40832.0,-13.3671,163,6,163,2026-09-07 04:24:15
130680,5,TIGER 원유선물Enhanced(H),7590,2,70,0.93,7544.0,0.5347,12388,93,163,2026-09-07 04:24:15
236350,4,TIGER 인도니프티50레버리지(합성),26010,5,-610,-2.29,26095.0,-17.7126,1476,38,161,2026-09-07 04:24:15
332620,6,PLUS 미국장기우량회사채,85855,5,-500,-0.58,86056.0,-14.4696,1198,102,161,2026-09-07 04:24:15
483330,4,ACE 마이크로소프트밸류체인액티브,14585,5,-160,-1.09,14566.0,-9.5399,19594,284,160,2026-09-07 04:24:15
494420,2,PLUS 미국배당증가성장주데일리커버드콜,8875,5,-85,-0.95,8903.0,-8.7299,4259,37,160,2026-09-07 04:24:15
291130,4,ACE MSCI멕시코(합성),17615,5,-250,-1.4,17786.0,-11.274,268,4,159,2026-09-07 04:24:15
265690,4,ACE 러시아MSCI(합성),8535,3,0,0.0,48.0,0.0,0,0,158,2026-09-07 04:24:15
438900,2,HANARO Fn K-푸드,11470,5,-335,-2.84,11480.0,6.9305,94211,1080,155,2026-09-07 04:24:15
432840,4,HANARO 미국S&P500,19340,5,-160,-0.82,19373.0,-8.6793,6266,120,155,2026-09-07 04:24:15
491510,2,파워 K-주주가치액티브,18150,2,120,0.67,18169.0,-3.1549,80,1,154,2026-09-07 04:24:15
337150,2,KODEX 200exTOP,25665,2,480,1.91,25718.0,-17.1409,320,8,154,2026-09-07 04:24:15
413930,2,WON AI ESG액티브,27955,2,715,2.62,28075.0,-23.2568,18912,526,154,2026-09-07 04:24:15
0222F0,2,마이티 AI데이터센터밸류체인,13155,2,440,3.46,13142.0,,1093,14,151,2026-09-07 04:24:15
114460,6,ACE 국고채3년,100760,2,60,0.06,100796.0,0.9326,190,19,151,2026-09-07 04:24:15
0207Z0,4,KIWOOM 미국우주데이터센터인프라,6865,5,-60,-0.87,6854.0,,25722,175,151,2026-09-07 04:24:15
104520,2,KIWOOM 블루칩,15015,2,105,0.7,15028.0,-13.1836,102,1,150,2026-09-07 04:24:15
387280,2,TIGER 퓨처모빌리티액티브,11810,2,210,1.81,11815.0,-28.5715,5383,63,150,2026-09-07 04:24:15
488290,4,MIDAS 일본테크액티브,42710,2,850,2.03,43986.0,-23.4035,1219,52,149,2026-09-07 04:24:15
272570,6,RISE 중장기국공채액티브,107995,2,15,0.01,107987.0,0.9819,31,3,149,2026-09-07 04:24:15
453010,7,PLUS KOFR금리,109905,2,20,0.02,109907.0,0.6641,3295,362,147,2026-09-07 04:24:15
0222D0,2,KoAct 고배당액티브,10510,2,5,0.05,10510.0,,161241,1695,147,2026-09-07 04:24:15
404650,2,SOL KRX기후변화솔루션,24270,2,425,1.78,24304.0,-23.6382,154,3,146,2026-09-07 04:24:15
453630,4,KODEX 미국S&P500필수소비재,12000,5,-185,-1.52,12039.0,-6.8454,3533,42,144,2026-09-07 04:24:15
234310,2,RISE V&S셀렉트밸류,28735,2,550,1.95,28825.0,-16.7971,7,0,144,2026-09-07 04:24:15
244620,2,KODEX 모멘텀Plus,20450,2,595,3.0,20458.0,-20.7069,651,13,143,2026-09-07 04:24:15
0090B0,2,PLUS K방산소부장,6650,2,115,1.76,6669.0,-33.4183,23287,155,143,2026-09-07 04:24:15
453820,4,KODEX 인도Nifty50레버리지(합성),10930,5,-225,-2.02,10956.0,-16.5982,1498,16,142,2026-09-07 04:24:15
484890,6,SOL 머니마켓액티브,52555,3,0,0.0,52554.0,0.68,9937,522,141,2026-09-07 04:24:15
0013P0,4,RISE 미국은행TOP10,12745,5,-55,-0.43,12756.0,0.7647,7883,99,140,2026-09-07 04:24:15
373490,2,KODEX 코리아혁신성장액티브,25210,2,510,2.06,25354.0,-27.385,162,4,139,2026-09-07 04:24:15
0220A0,7,KIWOOM 현대차그룹TOP3채권혼합50,9240,2,40,0.43,9258.0,,1981,18,139,2026-09-07 04:24:15
496130,1,TRUSTON 코리아밸류업액티브,25650,2,800,3.22,25836.0,-22.7542,3,0,139,2026-09-07 04:24:15
0216Z0,2,ACE K방산TOP5+,8380,5,-15,-0.18,8377.0,,25103,212,138,2026-09-07 04:24:15
0194R0,2,KIWOOM SK하이닉스선물단일종목레버리지,9050,2,1150,14.56,9072.0,-68.0626,46483,408,138,2026-09-07 04:24:15
266390,2,KODEX 경기소비재,15315,2,145,0.96,15294.0,-16.3078,3432,52,138,2026-09-07 04:24:15
0088N0,2,WON K-글로벌수급상위,11015,2,175,1.61,11022.0,-19.1045,6632,73,138,2026-09-07 04:24:15
102960,2,KODEX 기계장비,13735,2,335,2.5,13753.0,-23.7771,7529,102,137,2026-09-07 04:24:15
0051A0,4,KoAct 브로드컴밸류체인액티브,22855,2,295,1.31,22953.0,-21.8431,1298,29,137,2026-09-07 04:24:15
0153P0,2,ACE 리츠부동산인프라액티브,9445,5,-45,-0.47,9442.0,5.4427,385,3,137,2026-09-07 04:24:15
417450,4,RISE 글로벌수소경제,16110,2,650,4.2,16057.0,-31.072,3024,48,137,2026-09-07 04:24:15
137610,5,TIGER 농산물선물Enhanced(H),5935,5,-75,-1.25,5961.0,16.0231,12835,76,137,2026-09-07 04:24:15
266410,2,KODEX 필수소비재,9742,5,-213,-2.14,9746.0,7.9288,33966,331,136,2026-09-07 04:24:15
409810,4,KODEX 미국나스닥100선물인버스(H),5520,2,10,0.18,5524.0,2.5116,63044,348,135,2026-09-07 04:24:15
0028X0,4,KODEX 미국금융테크액티브,11710,5,-125,-1.06,11724.0,5.9384,1051,12,135,2026-09-07 04:24:15
485810,4,TIME 글로벌바이오액티브,11220,5,-215,-1.88,11273.0,8.6977,6027,67,135,2026-09-07 04:24:15
472720,1,TRUSTON 주주가치액티브,25885,2,810,3.23,25897.0,-18.4155,666,17,135,2026-09-07 04:24:15
0104G0,2,PLUS K방산레버리지,5605,2,5,0.09,5615.0,-43.6903,50408,286,135,2026-09-07 04:24:15
0004G0,4,1Q 미국배당TOP30,8845,5,-125,-1.39,8888.0,-3.8235,8025,70,133,2026-09-07 04:24:15
448490,6,HANARO 32-10 국고채액티브,52915,2,65,0.12,52825.0,0.199,24,1,132,2026-09-07 04:24:15
0127V0,4,KIWOOM 미국S&P500 TOP10&배당다우비중전환,10565,5,-135,-1.26,10555.0,-8.2903,1533,16,132,2026-09-07 04:24:15
252650,1,KODEX 200동일가중,18830,2,10,0.05,18837.0,-8.9661,2118,39,132,2026-09-07 04:24:15
290080,3,RISE 200고배당커버드콜ATM,7510,5,-115,-1.51,7517.0,31.7961,45529,343,131,2026-09-07 04:24:15
0127T0,4,KIWOOM 미국S&P500&배당다우존스비중전환,10860,5,-65,-0.59,10869.0,-7.752,1397,15,130,2026-09-07 04:24:15
279540,2,KODEX 최소변동성,21500,2,475,2.26,21520.0,-17.1882,208,4,129,2026-09-07 04:24:15
0084E0,7,KIWOOM 미국대형주500월간목표헤지액티브,9890,5,-130,-1.3,9963.0,-11.5793,995,9,129,2026-09-07 04:24:15
300610,2,TIGER K게임,5375,5,-90,-1.65,5385.0,-9.2193,25452,137,126,2026-09-07 04:24:15
0208N0,1,IBK 코스피액티브,7650,2,320,4.37,7659.0,,2568,19,126,2026-09-07 04:24:15
0015F0,7,KIWOOM 팔란티어미국30년국채혼합액티브(H),10465,5,-125,-1.18,10516.0,4.0874,24030,252,126,2026-09-07 04:24:15
363510,6,SOL KIS단기통안채,112205,2,15,0.01,112212.0,0.6007,30,3,125,2026-09-07 04:24:15
410870,2,TIME K컬처액티브,9550,5,-80,-0.83,9568.0,-11.6919,4830,46,124,2026-09-07 04:24:15
489860,4,KIWOOM 글로벌전력GRID인프라,14565,2,210,1.46,14551.0,-20.5571,1881,27,124,2026-09-07 04:24:15
360150,2,KODEX 코스닥150롱코스피200숏선물,3015,5,-110,-3.52,3030.0,-7.681,142693,435,124,2026-09-07 04:24:15
140580,2,RISE 우량업종대표주,24660,2,240,0.98,24765.0,-18.3141,20,0,123,2026-09-07 04:24:15
453060,6,HANARO KOFR금리액티브(합성),111455,2,10,0.01,111465.0,0.7002,10,1,123,2026-09-07 04:24:15
435550,7,KIWOOM TDF2050액티브 적격,17510,5,-55,-0.31,17508.0,-10.9687,1247,21,123,2026-09-07 04:24:15
487750,2,BNK 온디바이스AI,30615,2,905,3.05,30693.0,-29.8383,1728,52,122,2026-09-07 04:24:15
400570,4,KODEX 유럽탄소배출권선물ICE(H),11550,2,90,0.79,11607.0,5.8171,2539,29,122,2026-09-07 04:24:15
396510,4,TIGER 차이나클린에너지SOLACTIVE,6795,5,-50,-0.73,6831.0,-27.1034,1391,9,122,2026-09-07 04:24:15
404540,2,TIGER KRX기후변화솔루션,24460,2,650,2.73,24515.0,-23.8247,256,6,122,2026-09-07 04:24:15
251590,2,PLUS 고배당저변동50,17430,5,-75,-0.43,17460.0,2.5887,1800,31,122,2026-09-07 04:24:15
166400,3,TIGER 200커버드콜OTM,24250,2,725,3.08,24383.0,-1.7742,641,15,121,2026-09-07 04:24:15
457700,6,KODEX 53-09 국고채액티브,9095,2,15,0.17,9082.0,-5.3181,1574,14,120,2026-09-07 04:24:15
428560,4,KODEX 미국ETF산업Top10 Indxx,15835,5,-330,-2.04,15958.0,-1.5235,1312,20,119,2026-09-07 04:24:15
395760,2,PLUS ESG성장주액티브,21500,2,660,3.17,21567.0,-21.5214,4,0,118,2026-09-07 04:24:15
0000H0,2,KODEX 인도Nifty미드캡100,10240,5,-100,-0.97,10256.0,-7.8803,272,2,118,2026-09-07 04:24:15
332610,6,PLUS 미국단기회사채(AAA~A),122550,5,-275,-0.22,122548.0,-11.0793,632,76,118,2026-09-07 04:24:15
453660,4,KODEX 미국S&P500경기소비재,16720,5,-185,-1.09,16742.0,-11.0593,531,8,117,2026-09-07 04:24:15
282000,3,RISE 국고채3년선물인버스,114690,5,-70,-0.06,114737.0,-0.1523,2,0,117,2026-09-07 04:24:15
0193L0,2,PLUS 삼성전자선물단일종목인버스2X,8685,5,-920,-9.58,8663.0,-28.0525,391044,3444,116,2026-09-07 04:24:15
269370,4,TIGER S&P글로벌인프라(합성),16547,5,-93,-0.56,16600.0,-11.9239,3176,52,116,2026-09-07 04:24:15
269530,4,PLUS S&P글로벌인프라,19245,5,-25,-0.13,19371.0,-12.8801,637,12,115,2026-09-07 04:24:15
451600,6,PLUS 국고채30년액티브,83775,2,220,0.26,83704.0,-5.9966,76,6,115,2026-09-07 04:24:15
140710,2,KODEX 운송,6725,5,-5,-0.07,6733.0,7.8516,75879,517,114,2026-09-07 04:24:15
435040,4,ACE 글로벌브랜드TOP10,18865,5,-415,-2.15,18848.0,-6.4687,382,7,113,2026-09-07 04:24:15
430500,7,KIWOOM 물가채KIS,112840,2,35,0.03,112650.0,0.062,89,10,113,2026-09-07 04:24:15
354240,7,RISE 미국고정배당우선증권,10230,5,-65,-0.63,10218.0,-13.0123,3508,35,113,2026-09-07 04:24:15
0008E0,4,ACE 미국중심중소형제조업,11630,2,15,0.13,11728.0,-26.8116,760,8,110,2026-09-07 04:24:15
0221Z0,2,ACE K바이오코스닥액티브,10040,5,-75,-0.74,10045.0,,10156,103,110,2026-09-07 04:24:15
407820,2,에셋플러스 코리아플랫폼액티브,6120,2,55,0.91,6126.0,-22.1438,10109,61,110,2026-09-07 04:24:15
446700,2,RISE 배터리 리사이클링,10560,2,105,1.0,10553.0,-17.0568,2271,23,110,2026-09-07 04:24:15
0113G0,4,KoAct 미국바이오헬스케어액티브,11520,5,-200,-1.71,11551.0,15.1842,5347,61,109,2026-09-07 04:24:15
139240,2,TIGER 200 철강소재,11130,5,-95,-0.85,11156.0,-9.9479,6172,68,109,2026-09-07 04:24:15
0002C0,4,에셋플러스 인도일등기업포커스20액티브,10080,2,5,0.05,10138.0,-1.4188,402,4,109,2026-09-07 04:24:15
464610,2,SOL 의료기기소부장Fn,7230,5,-40,-0.55,7237.0,-17.3864,3218,23,108,2026-09-07 04:24:15
0203D0,7,PLUS 200위클리커버드콜채권혼합,9030,2,155,1.75,9059.0,-12.4496,8314,74,108,2026-09-07 04:24:15
0233N0,4,RISE 글로벌AI낸드메모리반도체,10785,2,655,6.47,10770.0,,221929,2372,108,2026-09-07 04:24:15
385710,2,TIME K이노베이션액티브,10730,2,90,0.85,10741.0,-26.4432,1736,18,107,2026-09-07 04:24:15
310080,4,RISE 중국MSCI China(H),9305,5,-45,-0.48,9299.0,-1.579,231,2,107,2026-09-07 04:24:15
280920,2,PLUS 주도업종,23750,2,715,3.1,23768.0,-25.8849,119,2,107,2026-09-07 04:24:15
463640,4,KODEX 미국S&P500유틸리티,13355,5,-180,-1.33,13414.0,-10.8316,2249,30,107,2026-09-07 04:24:15
0093B0,4,RISE 엔비디아고정테크100,12525,5,-80,-0.63,12466.0,-9.8928,1348,16,106,2026-09-07 04:24:15
140570,2,RISE 수출주,26360,2,560,2.17,26363.0,-17.268,276,7,105,2026-09-07 04:24:15
451150,4,에셋플러스 글로벌영에이지액티브,16975,5,-280,-1.62,17034.0,-10.0131,342,5,105,2026-09-07 04:24:15
419420,4,KODEX 미국클린에너지나스닥,8755,2,45,0.52,8764.0,-36.5734,1337,11,105,2026-09-07 04:24:15
371870,4,ACE 차이나항셍테크,6545,5,-40,-0.61,6528.0,-18.7038,1241,8,105,2026-09-07 04:24:15
0189Z0,2,DAISHIN 금융&지주고배당,10435,2,175,1.71,10473.0,,1333,13,104,2026-09-07 04:24:15
0191S0,1,IBK 코스닥150,14100,2,60,0.43,14135.0,-24.9198,857,12,104,2026-09-07 04:24:15
0068M0,4,KODEX 미국S&P500버퍼6월액티브,11510,5,-130,-1.12,11595.0,-7.284,27,0,104,2026-09-07 04:24:15
461580,1,TIGER 코스닥글로벌,15755,2,80,0.51,15771.0,-18.3594,732,11,102,2026-09-07 04:24:15
237440,7,TIGER 경기방어채권혼합,10215,5,-35,-0.34,10280.0,0.9852,7590,77,102,2026-09-07 04:24:15
0120J0,2,BNK 카카오그룹포커스,8140,2,15,0.18,8152.0,-4.5802,6596,53,102,2026-09-07 04:24:15
0094L0,4,RISE 차이나테크TOP10위클리타겟커버드콜,7240,5,-95,-1.3,7319.0,-19.5247,2019,14,101,2026-09-07 04:24:15
181480,7,ACE 미국부동산리츠(합성 H),84120,5,-350,-0.41,83976.0,2.7237,74,6,101,2026-09-07 04:24:15
0001P0,2,마이티 바이오시밀러&CDMO액티브,8950,5,-125,-1.38,8929.0,-13.9403,363,3,100,2026-09-07 04:24:15
498050,2,HANARO 바이오코리아액티브,10530,5,-65,-0.61,10537.0,-18.6565,1646,17,100,2026-09-07 04:24:15
0067Y0,4,TIGER 차이나AI소프트웨어,10500,2,25,0.24,10503.0,-22.5222,8850,93,100,2026-09-07 04:24:15
460270,6,KIWOOM 미국달러SOFR금리액티브(합성),12285,5,-40,-0.32,12280.0,-10.4288,1946,23,100,2026-09-07 04:24:15
252000,1,TIGER 200동일가중,19720,2,145,0.74,19727.0,-9.3261,5628,111,99,2026-09-07 04:24:15
0226G0,2,WON 피지컬AI TOP2플러스액티브,12310,2,355,2.97,12318.0,,11877,146,98,2026-09-07 04:24:15
230480,7,KIWOOM 미국달러선물인버스2X,4880,2,45,0.93,4872.0,26.9028,26325,129,98,2026-09-07 04:24:15
487910,4,ACE 인도컨슈머파워액티브,8170,5,-50,-0.61,8176.0,-6.591,2153,17,98,2026-09-07 04:24:15
281990,2,RISE 중소형고배당,17765,5,-50,-0.28,17802.0,-0.1195,58,1,98,2026-09-07 04:24:15
354350,4,HANARO 글로벌럭셔리S&P(합성),18570,5,-5,-0.03,18597.0,-13.1604,79,1,97,2026-09-07 04:24:15
456250,4,KODEX 유럽명품TOP10 STOXX,8395,5,-90,-1.06,8372.0,-11.2372,3508,29,97,2026-09-07 04:24:15
429010,4,TIGER 미국나스닥넥스트100,19285,5,-105,-0.54,19163.0,-10.5834,179,3,96,2026-09-07 04:24:15
117690,4,TIGER 차이나항셍30,19270,5,-95,-0.49,19173.0,-11.5754,204,3,96,2026-09-07 04:24:15
463690,4,KODEX 미국S&P500커뮤니케이션,17465,5,-310,-1.74,17460.0,-9.8706,567,9,96,2026-09-07 04:24:15
0194N0,2,KIWOOM 삼성전자선물단일종목레버리지,11525,2,1040,9.92,11561.0,-61.3899,23973,271,95,2026-09-07 04:24:15
0174R0,4,KIWOOM 미국성장다우존스,11070,5,-200,-1.77,11095.0,-8.0314,9974,109,94,2026-09-07 04:24:15
482030,2,KoAct 반도체&2차전지핵심소재액티브,8960,2,140,1.59,8986.0,-25.7264,2369,21,94,2026-09-07 04:24:15
399580,4,RISE 글로벌클린에너지,9235,2,165,1.82,9211.0,-33.3586,628,5,92,2026-09-07 04:24:15
301400,1,PLUS 코스닥150,14170,2,240,1.72,14158.0,-25.7859,814,11,92,2026-09-07 04:24:15
0224D0,4,KIWOOM 미국CPU반도체TOP4+,9185,2,140,1.55,9210.0,,2171,19,92,2026-09-07 04:24:15
0133E0,4,TIGER 차이나증권,8660,5,-260,-2.91,8674.0,-0.112,1065,9,91,2026-09-07 04:24:15
341850,7,TIGER 리츠부동산인프라채권,4540,5,-25,-0.55,4554.0,5.013,3819,17,91,2026-09-07 04:24:15
494180,4,TIME 글로벌소비트렌드액티브,12965,5,-240,-1.82,12954.0,-7.3659,525,6,91,2026-09-07 04:24:15
395150,2,KODEX 웹툰&드라마,1869,2,10,0.54,1868.0,-12.3114,4181,7,90,2026-09-07 04:24:15
497510,4,ACE 글로벌빅파마,12795,5,-230,-1.77,12842.0,1.9204,2009,25,90,2026-09-07 04:24:15
174350,2,TIGER 로우볼,21265,5,-155,-0.72,21276.0,4.5248,1619,34,89,2026-09-07 04:24:15
449680,7,TIGER 한중전기차(합성),10455,5,-20,-0.19,10453.0,-27.9574,4,0,89,2026-09-07 04:24:15
215620,2,HK S&P코리아로우볼,16445,3,0,0.0,16317.0,2.8455,0,0,89,2026-09-07 04:24:15
466810,2,BNK 2차전지양극재,5920,5,-25,-0.42,5919.0,-20.0941,5842,34,89,2026-09-07 04:24:15
105010,4,TIGER 라틴35,6340,2,5,0.08,6321.0,-8.485,3843,24,89,2026-09-07 04:24:15
0084D0,7,KIWOOM 미국테크100월간목표헤지액티브,11045,5,-35,-0.32,11051.0,-14.9466,749,8,88,2026-09-07 04:24:15
217780,4,TIGER 차이나CSI300인버스(합성),5675,2,70,1.25,5675.0,17.3821,123,0,88,2026-09-07 04:24:15
0184N0,7,PLUS 은채권혼합,8765,5,-70,-0.79,8791.0,-8.3507,3829,33,88,2026-09-07 04:24:15
375270,7,RISE 글로벌데이터센터리츠(합성),13485,5,-15,-0.11,13431.0,-20.4713,851,11,88,2026-09-07 04:24:15
0214M0,2,MIDAS 바이오헬스케어액티브,10300,5,-50,-0.48,10331.0,,288,2,88,2026-09-07 04:24:15
0227K0,4,RISE 미국우주위성통신,8750,5,-15,-0.17,8781.0,,8953,78,88,2026-09-07 04:24:15
381570,2,HANARO Fn친환경에너지,10280,2,55,0.54,10306.0,-19.9922,4590,47,87,2026-09-07 04:24:15
0216K0,7,KIWOOM 미국우주테크TOP2채권혼합50,8530,5,-75,-0.87,8548.0,,15170,129,85,2026-09-07 04:24:15
270800,2,RISE KQ고배당,15415,2,145,0.95,15407.0,-10.7074,18,0,85,2026-09-07 04:24:15
435540,7,KIWOOM TDF2040액티브 적격,16930,5,-100,-0.59,16979.0,-10.7738,481,8,85,2026-09-07 04:24:15
371150,4,RISE 차이나항셍테크,6490,5,-105,-1.59,6503.0,-18.3341,702,4,84,2026-09-07 04:24:15
182490,6,TIGER 단기선진하이일드(합성 H),13915,5,-10,-0.07,13862.0,0.8692,40,0,83,2026-09-07 04:24:15
457930,2,BNK 미래전략기술액티브,27685,2,560,2.06,27756.0,-23.419,423,11,83,2026-09-07 04:24:15
429980,7,SOL 한국형글로벌전기차&2차전지액티브,16570,3,0,0.0,16600.0,-27.3405,374,6,83,2026-09-07 04:24:15
395280,2,HANARO Fn K-게임,3520,5,-20,-0.56,3528.0,-12.7004,8195,28,83,2026-09-07 04:24:15
395750,2,PLUS ESG가치주액티브,20645,2,530,2.63,20756.0,-22.7683,27,0,83,2026-09-07 04:24:15
497520,4,ACE 일라이릴리밸류체인,12700,5,-280,-2.16,12743.0,2.6898,1198,15,83,2026-09-07 04:24:15
0219B0,2,KoAct 광통신&위성네트워크액티브,10285,2,60,0.59,10282.0,,4693,48,82,2026-09-07 04:24:15
462340,4,에셋플러스 글로벌다이나믹시니어액티브,16255,5,-185,-1.13,16244.0,1.4188,240,3,81,2026-09-07 04:24:15
0226D0,7,FOCUS 금융반도체지주채권혼합50액티브,10140,2,185,1.86,10200.0,,3131,31,81,2026-09-07 04:24:15
0219Z0,4,HANARO 미국S&P500액티브,10125,5,-5,-0.05,10219.0,,1761,17,81,2026-09-07 04:24:15
227550,2,TIGER 200 산업재,12115,2,215,1.81,12102.0,-12.3712,10434,126,80,2026-09-07 04:24:15
189400,4,PLUS 글로벌MSCI(합성 H),26070,5,-35,-0.13,26088.0,1.6351,151,3,78,2026-09-07 04:24:15
0172Y0,2,ACE K수출핵심TOP10산업액티브,9730,2,430,4.62,9750.0,-20.7499,3626,35,78,2026-09-07 04:24:15
480460,7,WON 한국부동산TOP3플러스,9145,5,-255,-2.71,9150.0,6.458,5131,47,78,2026-09-07 04:24:15
487920,4,ACE 인도시장대표BIG5그룹액티브,7770,5,-55,-0.7,7769.0,-9.7463,374,2,78,2026-09-07 04:24:15
285690,2,FOCUS ESG리더스,21905,2,295,1.37,21945.0,-14.8039,4,0,77,2026-09-07 04:24:15
227570,2,TIGER 우량가치,21275,5,-150,-0.7,21308.0,-3.0982,279,5,77,2026-09-07 04:24:15
253280,2,RISE 헬스케어,12710,5,-170,-1.32,12735.0,-11.2337,689,8,76,2026-09-07 04:24:15
261110,7,TIGER 미국달러선물레버리지,15200,5,-85,-0.56,15216.0,-21.333,5559,83,76,2026-09-07 04:24:15
315270,2,TIGER 200커뮤니케이션서비스,19985,2,120,0.6,20034.0,-13.6329,156,3,76,2026-09-07 04:24:15
438740,2,MIDAS 중소형액티브,33700,2,355,1.06,33850.0,-16.5437,3,0,76,2026-09-07 04:24:15
437370,4,RISE 글로벌농업경제,10745,5,-155,-1.42,10779.0,-2.672,5614,60,75,2026-09-07 04:24:15
435530,7,KIWOOM TDF2030액티브 적격,15030,5,-75,-0.5,15049.0,-10.4802,577,8,75,2026-09-07 04:24:15
139660,7,KIWOOM 미국달러선물인버스,8605,2,25,0.29,8611.0,12.8947,4507,38,75,2026-09-07 04:24:15
494210,4,SOL 미국500타겟데일리커버드콜액티브,10630,5,-20,-0.19,10616.0,-9.1284,6961,73,74,2026-09-07 04:24:15
402460,2,HANARO Fn K-메타버스MZ,14875,2,290,1.99,14914.0,-18.6299,369,5,74,2026-09-07 04:24:15
304670,6,KODEX 미국30년국채울트라선물인버스(H),12385,2,40,0.32,12378.0,3.1759,1,0,74,2026-09-07 04:24:15
0218K0,2,BNK 스마트카,10590,2,135,1.29,10601.0,,48,0,74,2026-09-07 04:24:15
488480,4,RISE 일본섹터TOP4Plus,13430,2,340,2.6,13157.0,-8.4567,343,4,74,2026-09-07 04:24:15
0094X0,4,1Q 샤오미밸류체인액티브,8200,2,100,1.23,8215.0,-19.6539,716,5,74,2026-09-07 04:24:15
0215T0,4,HANARO 미국AI광통신TOP10,8195,2,290,3.67,8196.0,,19135,155,74,2026-09-07 04:24:15
225050,4,TIGER 유로스탁스레버리지(합성 H),16325,2,35,0.21,16457.0,9.8819,23,0,73,2026-09-07 04:24:15
225800,7,KIWOOM 미국달러선물레버리지,14300,5,-95,-0.66,14316.0,-21.5104,1672,23,73,2026-09-07 04:24:15
0005C0,6,RISE 미국S&P500엔화노출(합성 H),11195,5,-65,-0.58,11209.0,-7.705,5468,61,73,2026-09-07 04:24:15
326230,2,RISE 내수주플러스,11290,5,-30,-0.27,11282.0,-12.2821,16,0,72,2026-09-07 04:24:15
368680,2,KODEX K-뉴딜디지털플러스,8000,5,-30,-0.37,8016.0,-10.9611,445,3,72,2026-09-07 04:24:15
0176P0,2,FOCUS AI반도체위클리고정커버드콜,13025,2,405,3.21,13052.0,-19.5577,3066,39,72,2026-09-07 04:24:15
256450,4,PLUS 심천차이넥스트(합성),14260,2,300,2.15,14507.0,-28.8844,82,1,71,2026-09-07 04:24:15
244670,2,KODEX 밸류Plus,11850,2,25,0.21,11831.0,0.5992,47,0,71,2026-09-07 04:24:15
0082F0,4,HANARO 유럽방산,10050,5,-80,-0.79,10015.0,-5.2829,939,9,70,2026-09-07 04:24:15
139290,2,TIGER 200 경기소비재,25030,2,10,0.04,25066.0,-28.6774,137,3,70,2026-09-07 04:24:15
0138D0,2,RISE 동학개미,12680,2,525,4.32,12704.0,-28.7097,2655,33,70,2026-09-07 04:24:15
429740,7,PLUS K리츠,6065,5,-15,-0.25,6065.0,4.0786,1207,7,70,2026-09-07 04:24:15
450180,7,KODEX 한중전기차(합성),10720,5,-165,-1.52,10741.0,-26.8973,10,0,70,2026-09-07 04:24:15
400590,4,SOL 글로벌탄소배출권선물ICE(합성),13790,5,-125,-0.9,13901.0,-6.5794,391,5,69,2026-09-07 04:24:15
0036Z0,4,RISE 미국천연가스밸류체인,12335,5,-60,-0.48,12287.0,-9.354,1060,13,68,2026-09-07 04:24:15
289670,6,PLUS 국채선물10년,52035,2,40,0.08,52018.0,0.0577,379,19,67,2026-09-07 04:24:15
0166T0,4,PLUS 글로벌저작권핵심기업액티브,9475,5,-205,-2.12,9534.0,-4.4894,11013,104,66,2026-09-07 04:24:15
0047N0,4,PLUS 차이나AI테크TOP10,9470,2,20,0.21,9517.0,-19.8134,949,9,66,2026-09-07 04:24:15
250780,3,TIGER 코스닥150선물인버스,2445,5,-25,-1.01,2448.0,17.3396,227007,552,66,2026-09-07 04:24:15
176950,6,KODEX 국채선물10년인버스,60490,3,0,0.0,60489.0,0.8502,0,0,65,2026-09-07 04:24:15
138920,5,KODEX 콩선물(H),12850,5,-170,-1.31,12947.0,12.2413,1999,25,64,2026-09-07 04:24:15
456200,6,PLUS 미국달러SOFR금리액티브(합성),58240,5,-425,-0.72,58462.0,-10.8841,5,0,64,2026-09-07 04:24:15
291890,4,KODEX MSCI EM선물(H),12585,2,65,0.52,12636.0,-1.8809,257,3,63,2026-09-07 04:24:15
316300,7,ACE 싱가포르리츠,12450,2,20,0.16,12728.0,-12.3388,1264,15,62,2026-09-07 04:24:15
474390,6,SOL 국고채30년액티브,40355,2,125,0.31,40268.0,-6.0047,13,0,62,2026-09-07 04:24:15
469530,3,RISE 미국달러선물인버스,9655,2,35,0.36,9642.0,13.1764,98,0,62,2026-09-07 04:24:15
307510,2,TIGER 의료기기,12270,2,35,0.29,12278.0,-19.4196,355,4,61,2026-09-07 04:24:15
0114X0,4,RISE 글로벌게임테크TOP3Plus,8700,5,-80,-0.91,8707.0,-0.1706,432,3,61,2026-09-07 04:24:15
451670,6,RISE 국채30년레버리지(합성),11990,2,50,0.42,11965.0,-14.0699,17,0,60,2026-09-07 04:24:15
0184V0,2,UNICORN K바이오액티브,5700,2,50,0.88,5687.0,-33.3727,695,3,60,2026-09-07 04:24:15
314700,2,HANARO 농업융복합산업,10830,2,50,0.46,10838.0,-11.177,10,0,60,2026-09-07 04:24:15
0191B0,1,MIDAS 코스닥액티브,29755,2,735,2.53,29787.0,-23.531,669,20,60,2026-09-07 04:24:15
483020,2,KIWOOM 의료AI,9145,5,-90,-0.97,9147.0,-12.0477,2309,21,59,2026-09-07 04:24:15
400580,4,SOL 유럽탄소배출권선물S&P(H),11860,2,75,0.64,11907.0,6.3148,2257,26,59,2026-09-07 04:24:15
0229F0,2,마이티 신약포커스바이오액티브,9110,5,-70,-0.76,9125.0,,8078,73,59,2026-09-07 04:24:15
433250,1,UNICORN R&D 액티브,23475,2,695,3.05,23561.0,-25.8464,14,0,59,2026-09-07 04:24:15
0087F0,4,ACE 차이나AI빅테크TOP2+액티브,11735,5,-145,-1.22,11712.0,-18.6302,1226,14,59,2026-09-07 04:24:15
488200,2,KIWOOM K-2차전지북미공급망,13025,2,335,2.64,13053.0,-23.958,2689,34,59,2026-09-07 04:24:15
0053M0,2,더제이 중소형포커스액티브,13005,2,235,1.84,13054.0,-15.6539,673,8,59,2026-09-07 04:24:15
407300,2,HANARO Fn골프테마,10355,3,0,0.0,10538.0,-23.2462,0,0,57,2026-09-07 04:24:15
470310,2,UNICORN 생성형AI강소기업액티브,18910,2,295,1.58,18884.0,0.2693,148,2,57,2026-09-07 04:24:15
401590,4,HANARO 글로벌탄소배출권선물ICE(합성),10995,5,-55,-0.5,11079.0,-7.3764,75,0,56,2026-09-07 04:24:15
267450,6,RISE 미국장기국채선물인버스(H),11180,3,0,0.0,11124.0,2.9465,1,0,56,2026-09-07 04:24:15
390400,4,KODEX 미국스마트모빌리티S&P,6955,2,30,0.43,6984.0,-26.0341,383,2,56,2026-09-07 04:24:15
432600,6,RISE 국채선물3년,55350,3,0,0.0,55355.0,1.2345,2,0,55,2026-09-07 04:24:15
219900,4,ACE 중국본토CSI300레버리지(합성),3920,5,-55,-1.38,3958.0,-33.0809,1569,6,55,2026-09-07 04:24:15
220130,4,SOL 차이나강소기업CSI500(합성 H),6805,5,-35,-0.51,6819.0,-3.8651,13,0,54,2026-09-07 04:24:15
238670,7,PLUS 스마트베타Quality채권혼합,13520,2,25,0.19,13532.0,1.0104,890,12,54,2026-09-07 04:24:15
499150,4,SOL 미국S&P500엔화노출(H),10807,5,-173,-1.58,10813.0,-7.0107,974,10,54,2026-09-07 04:24:15
483030,4,KIWOOM 미국블록버스터바이오테크의약품+,11870,5,-135,-1.12,11868.0,4.4565,1890,22,53,2026-09-07 04:24:15
0102X0,4,ACE 유럽방산TOP10,8900,5,-130,-1.44,8934.0,-7.5634,1816,16,53,2026-09-07 04:24:15
0015E0,7,KIWOOM 엔비디아미국30년국채혼합액티브(H),10625,5,-10,-0.09,10634.0,-0.7854,582,6,53,2026-09-07 04:24:15
476310,4,RISE 글로벌비만산업TOP2+,9640,5,-235,-2.38,9787.0,-1.1899,324,3,53,2026-09-07 04:24:15
321410,7,KODEX 멀티에셋하이인컴(H),10600,5,-25,-0.24,10685.0,0.8068,1,0,53,2026-09-07 04:24:15
0174J0,7,DAISHIN 오피스리츠플러스,8650,5,-5,-0.06,8650.0,3.9312,10,0,52,2026-09-07 04:24:15
413220,4,SOL 차이나태양광CSI(합성),4325,2,35,0.82,4386.0,-33.694,533,2,52,2026-09-07 04:24:15
0132D0,7,KoAct 글로벌K컬처밸류체인액티브,9420,5,-195,-2.03,9494.0,3.2206,253,2,52,2026-09-07 04:24:15
295000,6,RISE 국채선물10년,51360,2,50,0.1,51346.0,0.078,6,0,51,2026-09-07 04:24:15
490330,4,KoAct 미국치매&뇌질환치료제액티브,14425,5,-210,-1.43,14439.0,4.461,1406,20,50,2026-09-07 04:24:15
291630,3,KIWOOM 코스닥150선물레버리지,3470,2,50,1.46,3462.0,-52.3677,34884,122,50,2026-09-07 04:24:15
411860,4,KIWOOM 독일DAX,16700,5,-65,-0.39,16683.0,-5.9188,194,3,50,2026-09-07 04:24:15
498610,4,RISE 인도디지털성장,8135,5,-70,-0.85,8134.0,-3.9797,70,0,49,2026-09-07 04:24:15
488210,2,KIWOOM K-반도체북미공급망,24245,2,1135,4.91,24335.0,-16.0231,2099,50,48,2026-09-07 04:24:15
267440,6,RISE 미국장기국채선물(H),8060,2,105,1.32,8080.0,-2.2728,320,2,48,2026-09-07 04:24:15
0073X0,5,FOCUS 알리바바미국채커버드콜혼합,8700,5,-25,-0.29,8732.0,-15.5878,55,0,48,2026-09-07 04:24:15
243890,2,TIGER 200에너지화학레버리지,9100,2,180,2.02,9094.0,-28.9244,10781,97,48,2026-09-07 04:24:15
0154H0,4,KoAct 차이나바이오헬스케어액티브,8680,5,-170,-1.92,8752.0,11.6015,681,5,48,2026-09-07 04:24:15
244660,2,KODEX 퀄리티Plus,9480,3,0,0.0,9478.0,-0.4041,47,0,47,2026-09-07 04:24:15
0015K0,4,TIGER 미국소비트렌드액티브,6965,5,-65,-0.92,6937.0,-8.404,171,1,47,2026-09-07 04:24:15
0078V0,4,PLUS 미국로보택시,9390,5,-80,-0.84,9365.0,-19.6096,187,1,47,2026-09-07 04:24:15
266550,2,PLUS 중형주저변동50,18655,5,-65,-0.35,18664.0,-1.2138,1,0,47,2026-09-07 04:24:15
0128D0,4,PLUS 차이나항셍테크위클리타겟커버드콜,6590,5,-105,-1.57,6647.0,-18.0575,4218,27,46,2026-09-07 04:24:15
391600,4,ACE 미국친환경그린테마,10210,5,-20,-0.2,10269.0,-25.7081,84,0,46,2026-09-07 04:24:15
227560,2,TIGER 200 생활소비재,12745,5,-175,-1.35,12758.0,1.5819,5214,66,46,2026-09-07 04:24:15
205720,4,ACE 일본TOPIX인버스(합성 H),1431,5,-22,-1.51,1447.0,-4.5962,211,0,43,2026-09-07 04:24:15
373790,4,KIWOOM 미국방어배당성장나스닥,15270,5,-280,-1.8,15330.0,-3.3074,130,1,43,2026-09-07 04:24:15
277650,2,TIGER 코스피중형주,21055,2,145,0.69,21089.0,-10.7936,10,0,42,2026-09-07 04:24:15
0131A0,4,SOL 차이나소비트렌드,7575,5,-75,-0.98,7620.0,-20.354,4404,33,42,2026-09-07 04:24:15
226380,2,ACE Fn성장소비주도주,5945,5,-45,-0.75,5937.0,-1.3992,9287,55,42,2026-09-07 04:24:15
334690,5,RISE 팔라듐선물(H),6300,5,-70,-1.1,6278.0,5.6384,2465,15,41,2026-09-07 04:24:15
0050E0,4,PLUS 미국AI에이전트,8150,5,-280,-3.32,8203.0,-8.9142,826,6,41,2026-09-07 04:24:15
252420,3,RISE 200선물인버스2X,77,5,-8,-9.41,77.0,3.6585,1527316,118,39,2026-09-07 04:24:15
291680,4,RISE 차이나H선물인버스(H),7685,2,130,1.72,7811.0,-3.8193,72,0,38,2026-09-07 04:24:15
225030,4,TIGER 미국S&P500선물인버스(H),2245,2,10,0.45,2247.0,-2.4018,7814,17,37,2026-09-07 04:24:15
427120,2,RISE AI플랫폼,5335,3,0,0.0,5327.0,-11.891,891,4,36,2026-09-07 04:24:15
267490,6,RISE 미국장기국채선물레버리지(합성 H),5010,5,-10,-0.2,5023.0,-4.7439,3,0,35,2026-09-07 04:24:15
0079X0,4,ACE BYD밸류체인액티브,9680,5,-25,-0.26,9686.0,-20.7756,533,5,34,2026-09-07 04:24:15
306530,3,HANARO 코스닥150선물레버리지,6895,2,125,1.85,6899.0,-53.1812,4680,32,30,2026-09-07 04:24:15
454180,4,KIWOOM 차이나내수소비TOP CSI,7450,5,-125,-1.65,7483.0,-10.2445,1084,7,30,2026-09-07 04:24:15
145670,3,ACE 인버스,1271,5,-51,-3.86,1270.0,11.3732,85433,109,28,2026-09-07 04:24:15
491630,4,RISE 미국반도체인버스(합성 H),5315,5,-220,-3.97,5371.0,7.0599,1184,6,28,2026-09-07 04:24:15
476000,2,UNICORN 포스트IPO액티브,5050,2,100,2.02,5038.0,-36.9025,6136,30,28,2026-09-07 04:24:15
280940,5,KODEX 골드선물인버스(H),3385,2,45,1.35,3391.0,-1.475,10747,36,27,2026-09-07 04:24:15
252410,3,RISE 200선물인버스,1294,5,-47,-3.5,1291.0,11.75,10657,13,26,2026-09-07 04:24:15
291620,3,KIWOOM 코스닥150선물인버스,4320,5,-35,-0.8,4334.0,16.2883,14719,63,25,2026-09-07 04:24:15
275750,3,RISE 코스닥150선물인버스,2480,5,-25,-1.0,2478.0,16.7832,2328,5,24,2026-09-07 04:24:15
253230,3,KIWOOM 200선물인버스2X,74,5,-7,-8.64,73.0,1.25,2807325,209,22,2026-09-07 04:24:15
280320,4,ACE 미국IT인터넷(합성 H),21600,5,-170,-0.78,21795.0,3.0532,64,1,22,2026-09-07 04:24:15
334700,5,RISE 팔라듐선물인버스(H),3120,2,35,1.13,3130.0,-10.7092,30,0,20,2026-09-07 04:24:15
253240,3,KIWOOM 200선물인버스,1290,5,-54,-4.02,1291.0,11.3504,23066,30,16,2026-09-07 04:24:15
306520,3,HANARO 200선물인버스,2345,5,-110,-4.48,2338.0,11.8451,11486,27,14,2026-09-07 04:24:15
253160,3,PLUS 200선물인버스2X,150,5,-12,-7.41,149.0,0.6211,496948,75,12,2026-09-07 04:24:15
261920,4,ACE MSCI필리핀(합성),11915,5,-160,-1.33,11905.0,-9.8545,489,5,12,2026-09-07 04:24:15
412560,2,TIGER BBIG레버리지,1739,5,-10,-0.57,1740.0,-34.4944,6114,10,11,2026-09-07 04:24:15
465620,4,ACE 미국빅테크TOP7 Plus인버스(합성),6540,2,110,1.71,6556.0,5.1512,221,1,7,2026-09-07 04:24:15
