itemcode,etfTabCode,itemname,nowVal,risefall,changeVal,changeRate,nav,threeMonthEarnRate,quant,amonut,marketSum,collected_at
069500,1,KODEX 200,109525,2,3245,3.05,109548.0,-25.0334,15026779,1638664,253715,2026-09-18 05:08:56
360750,4,TIGER 미국S&P500,26320,2,265,1.02,26257.0,-7.5935,18547290,486328,209468,2026-09-18 05:08:56
133690,4,TIGER 미국나스닥100,181122,2,2862,1.61,180690.0,-11.6998,2810519,506650,118508,2026-09-18 05:08:56
379800,4,KODEX 미국S&P500,23925,2,235,0.99,23868.0,-7.5776,18975018,452427,103978,2026-09-18 05:08:56
102110,1,TIGER 200,109792,2,3272,3.07,109808.0,-24.8132,11093827,1212698,101338,2026-09-18 05:08:56
396500,2,TIGER 반도체TOP10,36890,2,1325,3.73,36929.0,-33.0479,5496737,201418,97980,2026-09-18 05:08:56
379810,4,KODEX 미국나스닥100,27085,2,430,1.61,27017.0,-11.691,17429174,469697,94283,2026-09-18 05:08:56
488770,7,KODEX 머니마켓액티브,105575,2,30,0.03,105564.0,0.8552,413976,43704,90038,2026-09-18 05:08:56
278530,1,KODEX 200TR,39660,2,1145,2.97,39672.0,-24.9294,436785,17281,77099,2026-09-18 05:08:56
459580,6,KODEX CD금리액티브(합성),1075230,2,90,0.01,1075501.0,0.7491,712800,766425,68487,2026-09-18 05:08:56
122630,3,KODEX 레버리지,109690,2,6200,5.99,109853.0,-52.8273,11650514,1266073,60549,2026-09-18 05:08:56
498400,2,KODEX 200타겟위클리커버드콜,20385,2,535,2.7,20389.0,-24.3384,4501682,91377,60217,2026-09-18 05:08:56
381180,4,TIGER 미국필라델피아반도체나스닥,42020,2,1270,3.12,41844.0,-24.2715,1416125,59021,57084,2026-09-18 05:08:56
091160,2,KODEX 반도체,130695,2,3040,2.38,130853.0,-27.4503,888260,115862,56918,2026-09-18 05:08:56
0167A0,2,SOL AI반도체TOP2플러스,17655,2,605,3.55,17677.0,-34.9734,6888056,121009,55251,2026-09-18 05:08:56
229200,1,KODEX 코스닥150,13845,2,45,0.33,13865.0,-24.2383,13906650,192767,46305,2026-09-18 05:08:56
310970,1,TIGER MSCI Korea TR,48850,2,1445,3.05,48958.0,-25.3994,2902,141,45382,2026-09-18 05:08:56
148020,1,RISE 200,110345,2,3160,2.95,110377.0,-25.0167,745648,81779,44745,2026-09-18 05:08:56
458730,4,TIGER 미국배당다우존스,14855,2,20,0.13,14829.0,-4.0438,1503796,22290,43488,2026-09-18 05:08:56
0162Z0,7,RISE 삼성전자SK하이닉스채권혼합50,13685,2,295,2.2,13711.0,-12.5855,3364448,45894,41534,2026-09-18 05:08:56
411060,5,ACE KRX금현물,27215,2,390,1.45,27187.0,-7.9602,423287,11481,40714,2026-09-18 05:08:56
395160,2,KODEX AI반도체TOP2플러스,40275,2,1790,4.65,40308.0,-31.3871,2666117,106530,40396,2026-09-18 05:08:56
360200,4,ACE 미국S&P500,26605,2,255,0.97,26545.0,-7.564,814712,21607,40120,2026-09-18 05:08:56
381170,4,TIGER 미국테크TOP10 INDXX,31655,2,670,2.16,31511.0,-6.4604,844668,26583,39094,2026-09-18 05:08:56
423160,6,KODEX KOFR금리액티브(합성),110840,2,30,0.03,110828.0,0.7021,56138,6222,36342,2026-09-18 05:08:56
395270,2,HANARO Fn K-반도체,57385,2,2400,4.36,57427.0,-30.4472,768821,43811,36009,2026-09-18 05:08:56
367380,4,ACE 미국나스닥100,31135,2,495,1.62,31061.0,-11.7352,270597,8380,35245,2026-09-18 05:08:56
273130,6,KODEX 종합채권(AA-이상)액티브,109620,5,-20,-0.02,109602.0,-1.1228,9079,995,35096,2026-09-18 05:08:56
357870,6,TIGER CD금리투자KIS(합성),58080,3,0,0.0,58082.0,0.7895,120603,7004,33794,2026-09-18 05:08:56
233740,3,KODEX 코스닥150레버리지,6695,2,35,0.53,6713.0,-49.7738,31820991,214308,33462,2026-09-18 05:08:56
102780,2,KODEX 삼성그룹,25825,2,515,2.03,25836.0,-24.4816,203905,5267,33056,2026-09-18 05:08:56
487240,2,KODEX AI전력핵심설비,37455,2,1755,4.92,37556.0,-25.3936,3158870,117732,32848,2026-09-18 05:08:56
455890,6,RISE 머니마켓액티브,55560,2,5,0.01,55564.0,0.844,242352,13465,31241,2026-09-18 05:08:56
0043B0,6,TIGER 머니마켓액티브,103700,2,10,0.01,103706.0,0.9344,75971,7878,30315,2026-09-18 05:08:56
139260,2,TIGER 200 IT,137790,2,5695,4.31,137956.0,-30.9769,155260,21242,26814,2026-09-18 05:08:56
472150,2,TIGER 배당커버드콜액티브,20550,2,565,2.83,20562.0,-24.3496,2537670,51904,25764,2026-09-18 05:08:56
426030,4,TIME 미국나스닥100액티브,46975,2,1370,3.0,46587.0,-23.0166,611378,28458,25761,2026-09-18 05:08:56
481050,6,KODEX CD1년금리플러스액티브(합성),1023390,2,85,0.01,1023455.0,0.8099,29231,29914,25357,2026-09-18 05:08:56
486290,4,TIGER 미국나스닥100타겟데일리커버드콜,10550,2,170,1.64,10524.0,-11.6816,1011929,10626,25341,2026-09-18 05:08:56
0193T0,2,KODEX SK하이닉스단일종목레버리지,11695,2,1185,11.27,11711.0,-67.82,12643987,145089,24440,2026-09-18 05:08:56
278540,1,KODEX MSCI Korea TR,38905,2,1205,3.2,38975.0,-25.5236,10035,390,23965,2026-09-18 05:08:56
161510,2,PLUS 고배당주,25005,5,-125,-0.5,25016.0,-4.8617,520443,13032,23870,2026-09-18 05:08:56
449170,6,TIGER KOFR금리액티브(합성),111920,2,15,0.01,111917.0,0.6928,52668,5894,23865,2026-09-18 05:08:56
385540,6,RISE 종합채권(A-이상)액티브,102675,5,-65,-0.06,102681.0,-1.0355,621,63,21776,2026-09-18 05:08:56
456600,4,TIME 글로벌AI인공지능액티브,58800,2,1845,3.24,58381.0,-21.3112,98481,5726,21144,2026-09-18 05:08:56
284430,6,KODEX 200미국채혼합50,20885,2,325,1.58,20906.0,-16.5303,326128,6794,20250,2026-09-18 05:08:56
292150,2,TIGER 코리아TOP10,38530,2,1050,2.8,38577.0,-24.1709,388951,14972,19284,2026-09-18 05:08:56
214980,6,KODEX 단기채권PLUS,114420,2,5,0.0,114442.0,0.6744,13235,1514,18279,2026-09-18 05:08:56
294400,1,KIWOOM 200TR,143780,2,4195,3.01,143819.0,-24.8574,44055,6329,18188,2026-09-18 05:08:56
305720,2,KODEX 2차전지산업,14680,2,55,0.38,14685.0,-18.0673,1670507,24582,17322,2026-09-18 05:08:56
441640,4,KODEX 미국배당커버드콜액티브,12490,2,75,0.6,12477.0,-6.0492,928050,11559,17267,2026-09-18 05:08:56
442580,4,PLUS 글로벌HBM반도체,101060,2,4005,4.13,100805.0,-28.1527,760608,76360,17089,2026-09-18 05:08:56
105190,1,ACE 200,109785,2,3200,3.0,109801.0,-25.1046,344158,37706,16907,2026-09-18 05:08:56
475630,7,TIGER CD1년금리액티브(합성),1077720,2,95,0.01,1077720.0,0.8054,78514,84616,16799,2026-09-18 05:08:56
368590,4,RISE 미국나스닥100,30210,2,485,1.63,30134.0,-11.7531,92320,2774,15981,2026-09-18 05:08:56
0195S0,2,TIGER SK하이닉스단일종목레버리지,9930,2,1035,11.64,9943.0,-67.9344,8149825,79438,15928,2026-09-18 05:08:56
446770,4,ACE 글로벌반도체TOP4 Plus,78200,2,2545,3.36,77879.0,-21.7906,73587,5724,15796,2026-09-18 05:08:56
329200,2,TIGER 리츠부동산인프라,4065,5,-5,-0.12,4060.0,-1.8352,2290834,9309,15597,2026-09-18 05:08:56
0177N0,7,KODEX 삼성전자SK하이닉스채권혼합50,14400,2,315,2.24,14416.0,-12.8428,2323286,33347,15538,2026-09-18 05:08:56
477080,6,RISE CD금리액티브(합성),107635,2,15,0.01,107636.0,0.7489,7051,758,15462,2026-09-18 05:08:56
379780,4,RISE 미국S&P500,22995,2,215,0.94,22952.0,-7.621,104474,2394,15039,2026-09-18 05:08:56
152100,1,PLUS 200,111190,2,3290,3.05,111229.0,-25.034,135862,15038,14955,2026-09-18 05:08:56
487230,4,KODEX 미국AI전력핵심인프라,19795,2,165,0.84,19646.0,-24.1071,443037,8701,14866,2026-09-18 05:08:56
453850,6,ACE 미국30년국채액티브(H),7140,2,50,0.71,7149.0,-4.7548,882519,6304,14816,2026-09-18 05:08:56
466920,2,SOL 조선TOP3플러스,27550,5,-480,-1.71,27540.0,-28.876,518937,14448,14574,2026-09-18 05:08:56
226490,1,KODEX 코스피,70705,2,1705,2.47,70853.0,-24.0229,109839,7745,14424,2026-09-18 05:08:56
0193W0,2,KODEX 삼성전자단일종목레버리지,11720,2,660,5.97,11745.0,-59.6203,4950890,57498,14079,2026-09-18 05:08:56
232080,1,TIGER 코스닥150,14080,2,30,0.21,14139.0,-24.2384,9368427,132049,13739,2026-09-18 05:08:56
091230,2,TIGER 반도체,138350,2,3350,2.48,138457.0,-26.9027,92619,12777,13669,2026-09-18 05:08:56
157450,6,TIGER 단기통안채,112665,3,0,0.0,112668.0,0.6251,10470,1179,12999,2026-09-18 05:08:56
448330,1,KODEX 삼성전자채권혼합,17275,2,175,1.02,17313.0,-7.2256,328834,5675,12766,2026-09-18 05:08:56
390390,4,KODEX 미국반도체,53030,2,1405,2.72,52816.0,-20.3381,958838,50437,12727,2026-09-18 05:08:56
438080,7,ACE 미국S&P500미국채혼합50액티브,14065,2,75,0.54,14068.0,-7.8393,279929,3929,12504,2026-09-18 05:08:56
436140,6,SOL 종합채권(AA-이상)액티브,105970,2,210,0.2,105963.0,-1.2973,75,7,12475,2026-09-18 05:08:56
0072R0,5,TIGER KRX금현물,13000,2,200,1.56,12993.0,-7.8142,565577,7321,12136,2026-09-18 05:08:56
0183J0,4,TIGER 미국우주테크,7920,2,335,4.42,7891.0,-35.3368,993152,7809,11694,2026-09-18 05:08:56
356540,6,ACE 종합채권(AA-이상)액티브,101070,2,90,0.09,100987.0,-0.9564,175,17,11366,2026-09-18 05:08:56
469150,2,ACE AI반도체TOP3+,59870,2,1865,3.22,59954.0,-28.8545,96512,5752,11046,2026-09-18 05:08:56
465580,4,ACE 미국빅테크TOP7 Plus,24750,2,470,1.94,24656.0,-3.344,423574,10427,11026,2026-09-18 05:08:56
0139F0,6,TIGER 12월자동연장금융채(AA-이상)액티브,102250,2,5,0.0,102254.0,0.8482,40,4,10816,2026-09-18 05:08:56
497570,4,TIGER 미국필라델피아AI반도체나스닥,21375,2,600,2.89,21290.0,-19.3519,358036,7601,10666,2026-09-18 05:08:56
494890,1,KODEX 200액티브,31555,2,930,3.04,31587.0,-25.2874,110532,3479,10634,2026-09-18 05:08:56
445290,2,KODEX 로봇액티브,30610,2,340,1.12,30663.0,-25.8257,180672,5523,10622,2026-09-18 05:08:56
494310,2,KODEX 반도체레버리지,80965,2,3845,4.99,81317.0,-58.6167,1770002,142654,10566,2026-09-18 05:08:56
0117V0,2,TIGER 코리아AI전력기기TOP3플러스,19555,2,880,4.71,19604.0,-25.091,1562916,30403,10472,2026-09-18 05:08:56
494300,4,KODEX 미국나스닥100데일리커버드콜OTM,9075,2,165,1.85,9054.0,-13.8662,857895,7747,10436,2026-09-18 05:08:56
455850,2,SOL AI반도체소부장,24985,2,105,0.42,25014.0,-23.1506,922811,23156,10431,2026-09-18 05:08:56
469830,6,SOL 초단기채권액티브,54470,2,5,0.01,54469.0,0.8984,100022,5448,10430,2026-09-18 05:08:56
446720,4,SOL 미국배당다우존스,13615,2,20,0.15,13593.0,-4.1265,219521,2983,10375,2026-09-18 05:08:56
449180,4,KODEX 미국S&P500(H),17090,2,125,0.74,17061.0,0.7756,399003,6805,10365,2026-09-18 05:08:56
479520,6,RISE KOFR금리액티브(합성),106535,2,15,0.01,106531.0,0.7071,1791,190,10341,2026-09-18 05:08:56
451540,6,TIGER 종합채권(AA-이상)액티브,52695,5,-105,-0.2,52703.0,-0.9381,3294,173,10296,2026-09-18 05:08:56
449450,2,PLUS K방산,53070,2,640,1.22,53181.0,-27.0133,197492,10436,10280,2026-09-18 05:08:56
295040,1,SOL 200TR,41050,2,1170,2.93,41082.0,-25.1923,27446,1123,10221,2026-09-18 05:08:56
0195R0,2,TIGER 삼성전자단일종목레버리지,10655,2,605,6.02,10675.0,-60.0557,3360198,35485,9883,2026-09-18 05:08:56
402970,4,ACE 미국배당다우존스,15100,2,50,0.33,15064.0,-4.3359,130063,1957,9709,2026-09-18 05:08:56
315930,2,KODEX Top5PlusTR,80295,2,1695,2.16,80339.0,-23.7782,11133,893,9635,2026-09-18 05:08:56
495050,1,RISE 코리아밸류업,32460,2,705,2.22,32484.0,-22.7517,41476,1342,9592,2026-09-18 05:08:56
237350,1,KODEX 코스피100,87505,2,2650,3.12,87605.0,-25.3322,123064,10728,9494,2026-09-18 05:08:56
487340,6,ACE 머니마켓액티브,106037,2,7,0.01,106042.0,0.9232,10162,1077,9471,2026-09-18 05:08:56
438100,7,ACE 미국나스닥100미국채혼합50액티브,15255,2,145,0.96,15250.0,-9.9524,163712,2489,9458,2026-09-18 05:08:56
305540,2,TIGER 2차전지테마,18670,2,45,0.24,18691.0,-16.2922,161005,3010,9316,2026-09-18 05:08:56
479080,6,1Q 머니마켓액티브,53850,3,0,0.0,53855.0,0.8899,17366,935,8842,2026-09-18 05:08:56
0048J0,6,KODEX 미국머니마켓액티브,13840,2,30,0.22,13841.0,-7.7682,706371,9757,8768,2026-09-18 05:08:56
0117L0,6,KODEX 26-12 금융채(AA-이상)액티브,10170,3,0,0.0,10170.0,0.7429,8337,84,8710,2026-09-18 05:08:56
252670,3,KODEX 200선물인버스2X,73,5,-4,-5.19,73.0,13.2352,1971462768,144569,8682,2026-09-18 05:08:56
475720,3,RISE 200위클리커버드콜,12715,2,215,1.72,12703.0,-16.5814,721393,9156,8468,2026-09-18 05:08:56
0177R0,2,TIGER 반도체TOP10커버드콜액티브,11350,2,435,3.99,11369.0,-30.2517,1303678,14690,8467,2026-09-18 05:08:56
466940,2,TIGER 은행고배당플러스TOP10,27090,5,-340,-1.24,27143.0,4.1116,627912,17078,8466,2026-09-18 05:08:56
114800,3,KODEX 인버스,1000,5,-30,-2.91,1000.0,15.4708,406004134,407800,8419,2026-09-18 05:08:56
498410,2,KODEX 금융고배당TOP10타겟위클리커버드콜,11880,5,-195,-1.61,11849.0,2.8945,1681597,20054,8280,2026-09-18 05:08:56
153130,6,KODEX 단기채권,113135,5,-10,-0.01,113142.0,0.6289,5082,574,8069,2026-09-18 05:08:56
0219E0,2,KODEX 200커버드콜액티브,8435,2,235,2.87,8440.0,,3459579,29085,8064,2026-09-18 05:08:56
490590,4,RISE 미국AI밸류체인데일리고정커버드콜,14380,2,405,2.9,14285.0,-12.8088,585307,8347,7988,2026-09-18 05:08:56
441800,1,TIME Korea플러스배당액티브,28810,2,465,1.64,28829.0,-21.4579,75386,2166,7900,2026-09-18 05:08:56
272580,6,TIGER 단기채권액티브,57170,2,15,0.03,57168.0,0.7491,98153,5611,7881,2026-09-18 05:08:56
0025N0,7,TIGER TDF2045 적격,12000,2,85,0.71,11960.0,-6.4757,129563,1550,7866,2026-09-18 05:08:56
144600,5,KODEX 은선물(H),10740,2,405,3.92,10734.0,-10.0523,502234,5358,7862,2026-09-18 05:08:56
457480,4,ACE 테슬라밸류체인액티브,18640,2,475,2.61,18587.0,-24.6422,209639,3885,7717,2026-09-18 05:08:56
476550,6,TIGER 미국30년국채커버드콜액티브(H),6755,2,45,0.67,6754.0,-4.9825,616321,4163,7643,2026-09-18 05:08:56
069660,1,KIWOOM 200,109475,2,3180,2.99,109517.0,-24.8925,134070,14636,7554,2026-09-18 05:08:56
481060,6,KODEX 미국30년국채타겟커버드콜(합성 H),7320,2,35,0.48,7352.0,-3.8682,259026,1896,7470,2026-09-18 05:08:56
462330,2,KODEX 2차전지산업레버리지,1026,2,2,0.2,1027.0,-41.4858,34863252,36013,7397,2026-09-18 05:08:56
456610,6,TIGER 미국달러SOFR금리액티브(합성),60245,2,125,0.21,60271.0,-7.7207,38679,2325,7309,2026-09-18 05:08:56
0061Z0,6,RISE 단기특수은행채액티브,51065,3,0,0.0,51062.0,0.7596,3520,179,7233,2026-09-18 05:08:56
418660,4,TIGER 미국나스닥100레버리지(합성),40210,2,1150,2.94,40022.0,-23.6886,176923,7046,7117,2026-09-18 05:08:56
434730,2,HANARO 원자력iSelect,60020,2,715,1.21,60110.0,-21.9363,121720,7313,7052,2026-09-18 05:08:56
329750,6,TIGER 미국달러단기채권액티브,13105,2,40,0.31,13112.0,-8.0578,168956,2211,7050,2026-09-18 05:08:56
364980,2,TIGER 2차전지TOP10,10285,2,10,0.1,10288.0,-12.292,1236081,12734,6989,2026-09-18 05:08:56
458760,4,TIGER 미국배당다우존스타겟커버드콜2호,10930,2,30,0.28,10897.0,-3.8033,192951,2102,6984,2026-09-18 05:08:56
0127P0,4,ACE 미국대형성장주액티브,10450,2,90,0.87,10460.0,-11.7787,179,1,6965,2026-09-18 05:08:56
367760,2,RISE 네트워크인프라,58825,2,2320,4.11,58903.0,-34.2086,99064,5806,6824,2026-09-18 05:08:56
290130,2,RISE ESG사회책임투자,47870,2,1540,3.32,47969.0,-25.5863,20072,958,6798,2026-09-18 05:08:56
371460,4,TIGER 차이나전기차SOLACTIVE,9455,2,90,0.96,9464.0,-28.017,106124,1001,6789,2026-09-18 05:08:56
0101N0,2,RISE AI전력인프라,21530,2,1250,6.16,21575.0,-15.4648,590597,12647,6771,2026-09-18 05:08:56
482730,4,TIGER 미국S&P500타겟데일리커버드콜,11685,2,115,0.99,11656.0,-7.5809,343382,3997,6719,2026-09-18 05:08:56
495850,1,KODEX 코리아밸류업,32230,2,700,2.22,32263.0,-22.8574,49307,1580,6688,2026-09-18 05:08:56
314250,4,KODEX 미국빅테크10(H),63110,2,835,1.34,62890.0,5.8798,23490,1477,6595,2026-09-18 05:08:56
0167B0,2,SOL 200타겟위클리커버드콜,11855,2,305,2.64,11858.0,-24.4748,454284,5364,6532,2026-09-18 05:08:56
0148J0,2,TIGER 코리아휴머노이드로봇산업,9655,2,215,2.28,9668.0,-24.3893,1982647,19028,6522,2026-09-18 05:08:56
0091P0,2,TIGER 코리아원자력,18265,2,115,0.63,18281.0,-12.7404,1470757,26940,6511,2026-09-18 05:08:56
102970,2,KODEX 증권,17405,5,-60,-0.34,17408.0,-28.2974,229467,4019,6509,2026-09-18 05:08:56
0007F0,6,KODEX 27-12 회사채(AA-이상)액티브,10185,2,5,0.05,10190.0,0.6426,10540,107,6503,2026-09-18 05:08:56
138540,2,TIGER 현대차그룹플러스,49035,2,475,0.98,49121.0,-27.7811,39740,1952,6375,2026-09-18 05:08:56
434060,7,KODEX TDF2050액티브 적격,16830,2,215,1.29,16785.0,-9.9607,65853,1106,6362,2026-09-18 05:08:56
488080,3,TIGER 반도체TOP10레버리지,35025,2,2695,8.34,35153.0,-64.5505,3007384,103959,6287,2026-09-18 05:08:56
491010,4,TIGER 글로벌AI전력인프라액티브,24830,2,540,2.22,24700.0,-32.3399,38421,947,6275,2026-09-18 05:08:56
0015B0,4,KoAct 미국나스닥성장기업액티브,19070,2,580,3.14,18948.0,-26.408,403479,7612,6131,2026-09-18 05:08:56
489250,4,KODEX 미국배당다우존스,12785,2,25,0.2,12762.0,-4.1198,255818,3260,6073,2026-09-18 05:08:56
251600,7,PLUS 고배당주채권혼합,15337,5,-18,-0.12,15356.0,-2.4015,113512,1743,5951,2026-09-18 05:08:56
277630,1,TIGER 코스피,71765,2,1845,2.64,71913.0,-24.0883,117243,8384,5921,2026-09-18 05:08:56
484790,6,KODEX 미국30년국채액티브(H),8195,2,60,0.74,8198.0,-4.8925,149939,1228,5909,2026-09-18 05:08:56
491620,4,RISE 미국테크100데일리고정커버드콜,10535,2,155,1.49,10509.0,-8.6166,487842,5116,5773,2026-09-18 05:08:56
466950,4,TIGER 글로벌AI액티브,30635,2,975,3.29,30426.0,-32.6445,61039,1850,5726,2026-09-18 05:08:56
0019K0,7,TIME 미국나스닥100채권혼합50액티브,13330,2,155,1.18,13305.0,-10.7385,174212,2314,5705,2026-09-18 05:08:56
396520,4,TIGER 차이나반도체FACTSET,13775,2,590,4.47,13749.0,-23.4987,311426,4207,5653,2026-09-18 05:08:56
449190,4,KODEX 미국나스닥100(H),22210,2,295,1.35,22169.0,-3.7432,96771,2141,5586,2026-09-18 05:08:56
494670,2,TIGER 조선TOP10,21860,5,-390,-1.75,21881.0,-27.1567,331596,7328,5574,2026-09-18 05:08:56
451000,6,PLUS 종합채권(AA-이상)액티브,107070,2,150,0.14,107017.0,-1.1374,23,2,5571,2026-09-18 05:08:56
477050,6,PLUS 머니마켓액티브,53590,3,0,0.0,53590.0,0.8942,3529,189,5515,2026-09-18 05:08:56
423920,4,TIGER 미국필라델피아반도체레버리지(합성),80110,2,4840,6.43,79386.0,-48.0692,37093,2929,5431,2026-09-18 05:08:56
371160,4,TIGER 차이나항셍테크,6640,2,155,2.39,6645.0,-15.4495,378290,2500,5422,2026-09-18 05:08:56
455030,6,KODEX 미국달러SOFR금리액티브(합성),11905,2,20,0.17,11900.0,-7.7283,131252,1556,5405,2026-09-18 05:08:56
0105E0,2,SOL 코리아고배당,12875,5,-90,-0.69,12877.0,-6.5076,205125,2641,5317,2026-09-18 05:08:56
462010,2,TIGER 2차전지소재Fn,4780,2,10,0.21,4788.0,-26.5024,1034499,4964,5222,2026-09-18 05:08:56
463250,2,TIGER K방산&우주,34745,2,665,1.95,34846.0,-23.9286,195665,6745,5212,2026-09-18 05:08:56
315960,2,RISE 대형고배당10TR,78385,2,1690,2.2,78522.0,-24.4385,24250,1896,5173,2026-09-18 05:08:56
365780,6,ACE 국고채10년,81780,2,145,0.18,81779.0,-2.0106,3379,277,5149,2026-09-18 05:08:56
435420,7,TIGER 미국나스닥100채권혼합50,14055,2,75,0.54,14025.0,-5.7779,221117,3098,5074,2026-09-18 05:08:56
496020,6,WON 전단채플러스액티브,52550,3,0,0.0,52553.0,0.9412,2443,128,5061,2026-09-18 05:08:56
496080,1,TIGER 코리아밸류업,32300,2,665,2.1,32362.0,-22.604,108527,3499,5055,2026-09-18 05:08:56
444200,2,SOL 코리아메가테크액티브,45250,2,950,2.14,45341.0,-27.6676,18208,822,5023,2026-09-18 05:08:56
361580,1,RISE 200TR,62280,2,1825,3.02,62289.0,-24.9799,193798,12041,5014,2026-09-18 05:08:56
438330,6,TIGER 우량회사채액티브,115290,5,-20,-0.02,115327.0,0.3131,10534,1215,4998,2026-09-18 05:08:56
251350,4,KODEX MSCI선진국,38985,2,325,0.84,38952.0,-7.3471,35017,1361,4990,2026-09-18 05:08:56
114260,6,KODEX 국고채3년,61605,2,55,0.09,61605.0,-0.0488,8499,523,4953,2026-09-18 05:08:56
476800,7,KODEX 한국부동산리츠인프라,4200,2,15,0.36,4195.0,-3.2688,324270,1360,4857,2026-09-18 05:08:56
448290,4,TIGER 미국S&P500(H),17720,2,135,0.77,17678.0,0.5182,68855,1216,4855,2026-09-18 05:08:56
490490,7,SOL 미국배당미국채혼합50,10975,2,65,0.6,10944.0,-7.6698,167568,1832,4741,2026-09-18 05:08:56
483280,4,KODEX 미국AI테크TOP10타겟커버드콜,11960,2,250,2.13,11913.0,-6.8758,251736,2993,4700,2026-09-18 05:08:56
0190C0,2,RISE 현대차고정피지컬AI,7775,2,115,1.5,7780.0,-38.4492,328182,2550,4688,2026-09-18 05:08:56
0163Y0,1,KoAct 코스닥액티브,9365,2,170,1.85,9384.0,-23.7879,378892,3546,4687,2026-09-18 05:08:56
499660,7,TIGER CD금리플러스액티브(합성),1002127,2,92,0.01,1002126.0,0.7965,13459,13487,4505,2026-09-18 05:08:56
471230,6,KODEX 국고채10년액티브,102895,2,240,0.23,102931.0,-2.1309,30266,3119,4492,2026-09-18 05:08:56
385560,6,RISE KIS국고채30년Enhanced,50115,5,-100,-0.2,50165.0,-8.8447,13993,706,4480,2026-09-18 05:08:56
451060,1,1Q 200액티브,35040,2,1000,2.94,35090.0,-25.4117,28030,978,4415,2026-09-18 05:08:56
447770,7,TIGER 테슬라채권혼합Fn,13870,2,110,0.8,13880.0,-5.5833,133250,1847,4390,2026-09-18 05:08:56
293180,1,HANARO 200,109785,2,3220,3.02,109844.0,-24.952,6210,678,4337,2026-09-18 05:08:56
0023A0,4,SOL 미국양자컴퓨팅TOP10,24710,2,1280,5.46,24416.0,-31.6113,158416,3857,4300,2026-09-18 05:08:56
474220,4,TIGER 미국테크TOP10타겟커버드콜,15235,2,300,2.01,15170.0,-4.1826,62095,940,4296,2026-09-18 05:08:56
0016X0,6,SOL 중단기회사채(A-이상)액티브,51480,2,15,0.03,51493.0,0.7438,4546,234,4279,2026-09-18 05:08:56
243880,2,TIGER 200IT레버리지,327995,2,25120,8.29,329068.0,-63.6361,68570,22201,4264,2026-09-18 05:08:56
0162M0,6,KODEX 금융채1~2년(AA-이상)PLUS액티브,10040,2,5,0.05,10049.0,0.6015,1786,17,4239,2026-09-18 05:08:56
448300,4,TIGER 미국나스닥100(H),22925,2,300,1.33,22878.0,-3.7938,41021,937,4149,2026-09-18 05:08:56
148070,6,KIWOOM 국고채10년,103645,2,390,0.38,103645.0,-2.2022,20898,2170,4141,2026-09-18 05:08:56
471990,2,KODEX AI반도체핵심장비,24740,5,-180,-0.72,24750.0,-19.5492,599149,14970,4094,2026-09-18 05:08:56
426020,4,TIME 미국S&P500액티브,32175,2,400,1.26,32107.0,-12.5379,64707,2076,4093,2026-09-18 05:08:56
302450,1,RISE 코스피,71275,2,1865,2.69,71439.0,-24.241,4041,287,3991,2026-09-18 05:08:56
0060H0,1,TIGER 토탈월드스탁액티브,12680,2,90,0.71,12656.0,-8.509,82324,1039,3982,2026-09-18 05:08:56
0173Y0,4,KODEX 미국AI광통신네트워크,10950,2,220,2.05,10794.0,-26.6691,604546,6519,3975,2026-09-18 05:08:56
480260,6,TIGER 27-04회사채(A+이상)액티브,53860,2,5,0.01,53865.0,0.6635,1596,85,3972,2026-09-18 05:08:56
241180,4,TIGER 일본니케이225,34685,2,455,1.33,34729.0,-14.946,36224,1248,3968,2026-09-18 05:08:56
385720,1,TIME 코스피액티브,25600,2,800,3.23,25653.0,-25.7597,25238,642,3942,2026-09-18 05:08:56
473290,6,KODEX 26-12 회사채(AA-이상)액티브,10895,2,5,0.05,10895.0,0.74,14791,161,3928,2026-09-18 05:08:56
0210A0,2,ACE K반도체TOP2+,7260,2,320,4.61,7268.0,,1511426,10889,3910,2026-09-18 05:08:56
476760,6,ACE 미국30년국채액티브,8940,2,85,0.96,8939.0,-12.8876,469807,4194,3871,2026-09-18 05:08:56
484880,2,SOL 금융지주플러스고배당,23095,5,-295,-1.26,23128.0,5.5253,1069360,24764,3857,2026-09-18 05:08:56
458250,6,TIGER 미국30년국채스트립액티브(합성 H),34510,2,375,1.1,34563.0,-8.0787,58644,2026,3815,2026-09-18 05:08:56
245710,4,ACE 베트남VN30(합성),29350,2,305,1.05,29900.0,-6.5777,32876,960,3786,2026-09-18 05:08:56
0046A0,6,TIGER 미국초단기(3개월이하)국채,9595,2,20,0.21,9590.0,-7.8187,670478,6422,3757,2026-09-18 05:08:56
385550,6,RISE 단기채권알파액티브,114270,2,5,0.0,114279.0,0.7627,6271,716,3733,2026-09-18 05:08:56
439860,6,KODEX ESG종합채권(A-이상)액티브,113500,2,120,0.11,113454.0,0.1634,9,1,3705,2026-09-18 05:08:56
132030,5,KODEX 골드선물(H),24475,2,320,1.32,24459.0,-1.0447,71910,1752,3696,2026-09-18 05:08:56
091180,2,KODEX 자동차,26160,2,310,1.2,26192.0,-30.5918,83760,2190,3689,2026-09-18 05:08:56
469070,2,RISE AI&로봇,10975,2,165,1.53,10992.0,-24.8,118821,1305,3682,2026-09-18 05:08:56
0080G0,2,KODEX 방산TOP10,10485,2,190,1.85,10518.0,-23.6963,1364973,14223,3659,2026-09-18 05:08:56
0040Y0,7,SOL 팔란티어커버드콜OTM채권혼합,8035,2,25,0.31,8004.0,0.9572,282311,2268,3632,2026-09-18 05:08:56
0131V0,4,1Q 미국우주항공테크,11090,2,260,2.4,11064.0,-20.0443,40459,446,3610,2026-09-18 05:08:56
474590,2,WON 반도체밸류체인액티브,45665,2,990,2.22,45731.0,-22.0332,16559,754,3562,2026-09-18 05:08:56
0167Z0,4,KODEX 미국우주항공,7790,2,320,4.28,7762.0,-38.2974,260839,2019,3521,2026-09-18 05:08:56
310960,1,TIGER 200TR,63950,2,1845,2.97,63991.0,-24.7942,19636,1251,3517,2026-09-18 05:08:56
0144L0,4,KODEX 미국성장커버드콜액티브,9575,2,135,1.43,9577.0,-9.1335,104800,999,3495,2026-09-18 05:08:56
0094M0,2,RISE 코리아밸류업위클리고정커버드콜,17295,2,255,1.5,17318.0,-17.0367,441178,7620,3476,2026-09-18 05:08:56
0026S0,4,1Q 미국S&P500,12840,2,125,0.98,12818.0,-7.6434,76975,985,3467,2026-09-18 05:08:56
279530,2,KODEX 고배당주,17480,5,-90,-0.51,17495.0,-1.8863,84492,1480,3461,2026-09-18 05:08:56
442570,7,RISE TDF2050액티브 적격,17380,2,160,0.93,17351.0,-9.7181,44470,772,3459,2026-09-18 05:08:56
0043Y0,4,TIME 차이나AI테크액티브,19750,2,625,3.27,19762.0,-23.8806,74011,1439,3437,2026-09-18 05:08:56
385510,2,KODEX 신재생에너지액티브,38910,2,900,2.37,39015.0,-21.0674,29217,1134,3385,2026-09-18 05:08:56
472170,7,TIGER 미국테크TOP10채권혼합,14050,2,190,1.37,14024.0,-3.7166,158352,2217,3372,2026-09-18 05:08:56
456880,7,ACE 미국달러SOFR금리(합성),12200,2,35,0.29,12201.0,-7.841,56059,682,3365,2026-09-18 05:08:56
190620,6,ACE 단기통안채,102085,2,15,0.01,102092.0,0.626,544,55,3365,2026-09-18 05:08:56
0182R0,2,1Q K반도체TOP2+,10675,2,505,4.97,10684.0,-36.358,1130819,11976,3363,2026-09-18 05:08:56
0052D0,2,TIGER 코리아배당다우존스,15415,5,-50,-0.32,15416.0,-5.358,57709,890,3360,2026-09-18 05:08:56
462900,2,KoAct 바이오헬스케어액티브,12720,5,-225,-1.74,12745.0,-27.2549,460607,5911,3326,2026-09-18 05:08:56
453810,4,KODEX 인도Nifty50,11330,2,55,0.49,11360.0,-12.1976,38522,435,3297,2026-09-18 05:08:56
448630,7,RISE 삼성그룹Top3채권혼합,15200,2,100,0.66,15204.0,-3.6683,166437,2525,3268,2026-09-18 05:08:56
0052S0,7,1Q 미국S&P500미국채혼합50액티브,11600,2,75,0.65,11588.0,-8.578,71549,828,3260,2026-09-18 05:08:56
270810,1,RISE 코스닥150,13750,2,15,0.11,13801.0,-24.1998,117835,1624,3209,2026-09-18 05:08:56
485540,4,KODEX 미국AI테크TOP10,15465,2,355,2.35,15381.0,-7.8539,152924,2349,3155,2026-09-18 05:08:56
0008S0,4,TIGER 미국배당다우존스타겟데일리커버드콜,9795,2,30,0.31,9762.0,-4.2385,192889,1883,3154,2026-09-18 05:08:56
0111P0,7,1Q 미국나스닥100미국채혼합50액티브,10855,2,100,0.93,10837.0,-9.9071,91351,989,3105,2026-09-18 05:08:56
454780,6,KIWOOM 종합채권(AA-이상)액티브,99385,5,-20,-0.02,99331.0,-0.9467,39785,3956,3045,2026-09-18 05:08:56
489030,2,PLUS 고배당주위클리커버드콜,6385,5,-125,-1.92,6366.0,2.6437,928751,5955,2991,2026-09-18 05:08:56
433330,4,SOL 미국S&P500,21970,2,205,0.94,21926.0,-7.5918,96353,2110,2988,2026-09-18 05:08:56
136340,6,RISE 중기우량회사채,103935,2,75,0.07,103948.0,0.0716,267,27,2987,2026-09-18 05:08:56
0098F0,2,KODEX 원자력SMR,16815,2,15,0.09,16838.0,-13.8904,998145,16871,2976,2026-09-18 05:08:56
481190,4,SOL 미국테크TOP10,17185,2,350,2.08,17108.0,-6.1856,412724,7047,2956,2026-09-18 05:08:56
091170,2,KODEX 은행,16650,5,-195,-1.16,16668.0,7.4885,674838,11306,2939,2026-09-18 05:08:56
475300,2,SOL 반도체전공정,22535,2,170,0.76,22571.0,-19.7669,596772,13486,2930,2026-09-18 05:08:56
483320,4,ACE 엔비디아밸류체인액티브,24860,2,825,3.43,24725.0,-20.9765,155996,3842,2921,2026-09-18 05:08:56
497880,6,SOL CD금리&머니마켓액티브,50115,2,5,0.01,50112.0,0.9127,74617,3739,2902,2026-09-18 05:08:56
475080,7,KODEX 테슬라커버드콜채권혼합액티브,7965,2,45,0.57,7942.0,-3.9101,54046,430,2895,2026-09-18 05:08:56
0038A0,4,KODEX 미국휴머노이드로봇,15240,2,295,1.97,15144.0,-18.2778,26802,405,2888,2026-09-18 05:08:56
439870,6,KODEX 국고채30년액티브,86760,5,-455,-0.52,86738.0,-6.2255,3631,317,2873,2026-09-18 05:08:56
441680,7,TIGER 미국나스닥100커버드콜(합성),10885,2,115,1.07,10953.0,-5.7871,44356,481,2863,2026-09-18 05:08:56
471780,2,TIGER 코리아테크액티브,36685,2,940,2.63,36746.0,-25.6938,107705,3941,2825,2026-09-18 05:08:56
461490,7,RISE 글로벌자산배분액티브,14630,2,45,0.31,14648.0,-3.8246,90448,1321,2809,2026-09-18 05:08:56
273140,6,KODEX 단기변동금리부채권액티브,114600,3,0,0.0,114604.0,0.6914,5403,619,2797,2026-09-18 05:08:56
473330,6,SOL 미국30년국채커버드콜(합성),7975,2,80,1.01,7985.0,-12.535,137907,1097,2795,2026-09-18 05:08:56
0094K0,6,TIGER 28-04 회사채(A+이상)액티브,99485,5,-15,-0.02,99485.0,0.571,7236,720,2786,2026-09-18 05:08:56
453870,4,TIGER 인도니프티50,11105,2,25,0.23,11134.0,-12.9439,25646,284,2782,2026-09-18 05:08:56
421320,2,PLUS 우주항공,29200,2,590,2.06,29262.0,-24.77,124503,3590,2730,2026-09-18 05:08:56
307520,2,TIGER 지주회사,22165,5,-20,-0.09,22206.0,-12.7116,201888,4482,2726,2026-09-18 05:08:56
471040,4,KoAct 글로벌AI&로봇액티브,29460,2,905,3.17,29256.0,-27.6173,18814,549,2681,2026-09-18 05:08:56
0183V0,7,KIWOOM 삼성전자&SK하이닉스채권혼합50,11860,2,210,1.8,11874.0,-11.871,429855,5078,2669,2026-09-18 05:08:56
123320,3,TIGER 레버리지,110650,2,6320,6.06,110566.0,-52.5773,78668,8627,2656,2026-09-18 05:08:56
486830,6,HANARO 머니마켓액티브,53365,2,5,0.01,53370.0,0.86,1900,101,2626,2026-09-18 05:08:56
213610,2,KODEX 삼성그룹밸류,22040,2,240,1.1,22039.0,-19.9119,2997,66,2623,2026-09-18 05:08:56
423170,4,SOL 글로벌AI반도체탑픽액티브,58385,2,2300,4.1,58242.0,-23.1292,8725,505,2604,2026-09-18 05:08:56
196230,6,RISE 단기통안채,117012,2,12,0.01,117063.0,0.5673,582,68,2582,2026-09-18 05:08:56
0228G0,2,ACE 반도체Plus전략산업,10300,2,255,2.54,10333.0,,375442,3853,2575,2026-09-18 05:08:56
139230,2,TIGER 200 중공업,13185,5,-75,-0.57,13194.0,-25.5085,61389,812,2574,2026-09-18 05:08:56
0162Y0,1,TIME 코스닥액티브,7515,2,55,0.74,7538.0,-25.4746,162547,1223,2563,2026-09-18 05:08:56
472920,6,HK 종합채권(AA-이상)액티브,97930,2,155,0.16,97853.0,-1.1376,245,23,2537,2026-09-18 05:08:56
228790,2,TIGER 화장품,4350,2,55,1.28,4360.0,22.8898,4936690,21366,2533,2026-09-18 05:08:56
409820,4,KODEX 미국나스닥100레버리지(합성 H),19900,2,510,2.63,19829.0,-9.1378,60761,1200,2517,2026-09-18 05:08:56
483340,4,ACE 구글밸류체인액티브,22175,2,660,3.07,21965.0,-22.2584,31863,699,2506,2026-09-18 05:08:56
493810,4,TIGER 미국AI빅테크10타겟데일리커버드콜,11480,2,205,1.82,11436.0,-5.7535,136592,1557,2503,2026-09-18 05:08:56
283580,4,KODEX 차이나CSI300,15110,2,225,1.51,15136.0,-15.2874,36608,548,2493,2026-09-18 05:08:56
364970,2,TIGER 바이오TOP10,6690,5,-30,-0.45,6689.0,-9.1892,594118,3989,2492,2026-09-18 05:08:56
0053L0,4,TIGER 차이나휴머노이드로봇,9240,2,180,1.99,9249.0,-27.8204,207504,1910,2490,2026-09-18 05:08:56
495230,1,KoAct 코리아밸류업액티브,31275,2,625,2.04,31304.0,-26.0515,32051,1000,2471,2026-09-18 05:08:56
448540,7,ACE 엔비디아채권혼합,26490,2,220,0.84,26488.0,-1.4999,19658,520,2464,2026-09-18 05:08:56
0182S0,7,1Q K반도체TOP2채권혼합50,12695,2,255,2.05,12703.0,-13.5511,192523,2435,2387,2026-09-18 05:08:56
388420,2,RISE 비메모리반도체액티브,26965,2,690,2.63,27005.0,-33.2989,11133,300,2384,2026-09-18 05:08:56
363580,2,KODEX 200IT TR,55865,2,2205,4.11,55894.0,-29.9341,56034,3114,2346,2026-09-18 05:08:56
363570,6,KODEX 장기종합채권(AA-이상)액티브,85955,2,45,0.05,85914.0,-3.1564,132,11,2332,2026-09-18 05:08:56
329650,7,KODEX TRF3070,14025,2,65,0.47,14052.0,-3.3434,16617,233,2314,2026-09-18 05:08:56
472160,4,TIGER 미국테크TOP10 INDXX(H),19225,2,355,1.88,19123.0,1.9448,64555,1235,2307,2026-09-18 05:08:56
0092C0,6,SOL 27-12 회사채(AA-이상)액티브,50300,2,5,0.01,50298.0,0.731,3603,181,2297,2026-09-18 05:08:56
117700,2,KODEX 건설,7325,2,135,1.88,7320.0,-8.6081,4263256,31399,2271,2026-09-18 05:08:56
452360,4,SOL 미국배당다우존스(H),13255,2,15,0.11,13231.0,4.2695,69298,917,2267,2026-09-18 05:08:56
0089D0,2,KODEX 금융고배당TOP10,13490,5,-190,-1.39,13502.0,0.3783,157976,2139,2253,2026-09-18 05:08:56
478150,4,TIME 글로벌우주테크&방산액티브,18500,2,110,0.6,18487.0,-21.8279,138650,2572,2248,2026-09-18 05:08:56
0119H0,6,KODEX 28-12 회사채(AA-이상)액티브,9910,3,0,0.0,9909.0,0.3544,28719,284,2242,2026-09-18 05:08:56
433500,2,ACE 원자력TOP10,60190,2,300,0.5,60289.0,-13.316,32488,1963,2227,2026-09-18 05:08:56
437080,6,KODEX 미국종합채권ESG액티브(H),96190,2,300,0.31,96191.0,-2.3096,5846,562,2227,2026-09-18 05:08:56
422420,2,RISE 2차전지액티브,6735,2,40,0.6,6734.0,-22.9924,85101,571,2206,2026-09-18 05:08:56
458260,6,TIGER 미국투자등급회사채액티브(H),45960,2,220,0.48,45986.0,-3.2349,3418,157,2206,2026-09-18 05:08:56
442320,4,RISE 글로벌원자력,35235,2,150,0.43,35293.0,-19.8544,7767,273,2206,2026-09-18 05:08:56
498270,4,KIWOOM 미국양자컴퓨팅,14615,2,475,3.36,14600.0,-21.5397,32123,467,2200,2026-09-18 05:08:56
488980,6,SOL 26-12 회사채(AA-이상)액티브,52205,2,10,0.02,52198.0,0.782,143,7,2186,2026-09-18 05:08:56
305080,6,TIGER 미국채10년선물,12135,2,60,0.5,12133.0,-11.3762,51359,622,2172,2026-09-18 05:08:56
0104N0,2,TIGER 200타겟위클리커버드콜,20990,2,585,2.87,21014.0,-25.1117,60040,1256,2162,2026-09-18 05:08:56
490090,4,TIGER 미국AI빅테크10,16180,2,300,1.89,16118.0,-5.5044,383729,6166,2136,2026-09-18 05:08:56
0233J0,7,TIGER 삼성전자SK하이닉스미국채혼합50,10625,2,250,2.41,10676.0,,185130,1957,2125,2026-09-18 05:08:56
266160,2,RISE 고배당,33280,2,460,1.4,33356.0,-19.2338,9279,308,2113,2026-09-18 05:08:56
0151S0,4,KODEX 미국AI반도체TOP3플러스,15520,2,690,4.65,15386.0,-16.7672,472726,7278,2111,2026-09-18 05:08:56
157500,2,TIGER 증권,11835,5,-45,-0.38,11845.0,-27.7056,181178,2165,2109,2026-09-18 05:08:56
0232A0,6,MIDAS 머니마켓액티브,100255,2,15,0.01,100264.0,,20000,2004,2089,2026-09-18 05:08:56
486450,4,SOL 미국AI전력인프라,19125,2,375,2.0,19103.0,-23.3913,11565,220,2085,2026-09-18 05:08:56
332930,1,HANARO 200TR,143605,2,4145,2.97,143816.0,-25.086,537,77,2082,2026-09-18 05:08:56
271050,5,KODEX WTI원유선물인버스(H),1685,3,0,0.0,1682.0,-28.2979,3711768,6250,2050,2026-09-18 05:08:56
244580,2,KODEX 바이오,7825,5,-105,-1.32,7828.0,-23.2705,285467,2251,2041,2026-09-18 05:08:56
0005A0,4,KODEX 미국S&P500데일리커버드콜OTM,9420,2,85,0.91,9390.0,-8.2299,138994,1303,2025,2026-09-18 05:08:56
267770,3,TIGER 200선물레버리지,84005,2,4670,5.89,84069.0,-52.7431,14491,1207,2016,2026-09-18 05:08:56
0069M0,4,1Q 미국나스닥100,13535,2,215,1.61,13504.0,-11.8079,38762,521,1976,2026-09-18 05:08:56
0115D0,2,KODEX 조선TOP10,7600,5,-175,-2.25,7608.0,-27.7417,643292,4931,1965,2026-09-18 05:08:56
0204D0,2,KODEX 현대차로보틱스밸류체인TOP3플러스,5785,2,30,0.52,5790.0,-34.1534,430142,2490,1952,2026-09-18 05:08:56
0192Z0,6,TIGER 중기종합채권(A-이상)액티브,100845,2,95,0.09,100791.0,0.4286,23083,2327,1936,2026-09-18 05:08:56
495060,1,TIME 코리아밸류업액티브,28265,2,615,2.22,28337.0,-30.7018,23633,665,1936,2026-09-18 05:08:56
0047A0,4,TIGER 차이나테크TOP10,12805,2,295,2.36,12845.0,-16.3491,21396,270,1934,2026-09-18 05:08:56
414780,4,TIGER 차이나과창판STAR50(합성),14070,2,455,3.34,14209.0,-17.7093,85155,1175,1928,2026-09-18 05:08:56
433980,7,KODEX TDF2040액티브 적격,15855,2,150,0.96,15808.0,-6.7603,18668,295,1926,2026-09-18 05:08:56
302190,6,TIGER 중장기국채,49810,2,145,0.29,49807.0,-1.1446,768,38,1923,2026-09-18 05:08:56
480040,4,ACE 미국반도체데일리타겟커버드콜(합성),14015,2,350,2.56,14015.0,-27.0003,117553,1645,1906,2026-09-18 05:08:56
495550,1,SOL 코리아밸류업TR,32995,2,750,2.33,33033.0,-23.2354,6053,199,1897,2026-09-18 05:08:56
463050,2,TIME K바이오액티브,11240,5,-430,-3.68,11307.0,-22.7153,372155,4239,1888,2026-09-18 05:08:56
0082V0,7,KODEX TDF2060액티브 적격,11240,2,105,0.94,11235.0,-9.6683,32405,364,1883,2026-09-18 05:08:56
429000,4,TIGER 미국S&P500배당귀족,13120,2,30,0.23,13097.0,-7.8486,25031,328,1876,2026-09-18 05:08:56
0091C0,6,KODEX 미국10년국채액티브(H),9405,2,25,0.27,9405.0,-3.134,44695,420,1873,2026-09-18 05:08:56
466930,2,SOL 자동차TOP3플러스,23630,2,330,1.42,23652.0,-35.2419,32939,779,1867,2026-09-18 05:08:56
0093A0,2,RISE AI반도체TOP10,33530,2,690,2.1,33582.0,-23.7255,47552,1591,1844,2026-09-18 05:08:56
122090,1,PLUS 코스피50,82520,2,2420,3.02,82707.0,-26.2939,18485,1523,1832,2026-09-18 05:08:56
480020,4,ACE 미국빅테크7+데일리타겟커버드콜(합성),10185,2,120,1.19,10165.0,-9.9102,182327,1849,1823,2026-09-18 05:08:56
494330,2,ACE 라이프자산주주가치액티브,32550,5,-20,-0.06,32569.0,-7.4105,21736,709,1823,2026-09-18 05:08:56
473460,4,KODEX 미국서학개미,23980,2,700,3.01,23836.0,-13.6212,44248,1052,1822,2026-09-18 05:08:56
261260,7,KODEX 미국달러선물인버스2X,5300,5,-20,-0.38,5306.0,18.8826,128883,686,1803,2026-09-18 05:08:56
483290,4,KODEX 미국배당다우존스타겟커버드콜,10270,2,55,0.54,10241.0,-3.6974,143229,1466,1787,2026-09-18 05:08:56
0005G0,2,IBK K-AI반도체코어테크,51480,2,1185,2.36,51617.0,-26.4498,10425,537,1776,2026-09-18 05:08:56
332500,1,ACE 200TR,73670,2,2140,2.99,73701.0,-25.0092,34484,2537,1768,2026-09-18 05:08:56
412570,2,TIGER 2차전지TOP10레버리지,1219,5,-1,-0.08,1218.0,-33.1141,3703259,4533,1768,2026-09-18 05:08:56
461950,2,KODEX 2차전지핵심소재10,4890,2,30,0.62,4895.0,-24.8432,454374,2226,1746,2026-09-18 05:08:56
0040X0,7,SOL 팔란티어미국채커버드콜혼합,9410,2,85,0.91,9435.0,-1.5973,37250,349,1746,2026-09-18 05:08:56
0099L0,6,ACE 우량회사채(AA-이상)액티브,99500,2,110,0.11,99528.0,0.4446,22,2,1735,2026-09-18 05:08:56
0190G0,2,KODEX 반도체타겟위클리커버드콜,9060,2,160,1.8,9067.0,-23.5569,163956,1488,1730,2026-09-18 05:08:56
494220,2,UNICORN SK하이닉스밸류체인액티브,48870,2,1770,3.76,48937.0,-25.1371,59504,2888,1710,2026-09-18 05:08:56
490600,4,RISE 미국배당100데일리고정커버드콜,8865,2,10,0.11,8852.0,-4.3201,162413,1435,1698,2026-09-18 05:08:56
403790,1,MIDAS 코스피액티브,57990,2,1565,2.77,58063.0,-22.732,2270,131,1696,2026-09-18 05:08:56
472870,6,RISE 미국30년국채엔화노출(합성 H),6945,3,0,0.0,6969.0,-11.4946,163569,1139,1684,2026-09-18 05:08:56
0064K0,5,KODEX 금액티브,12695,2,220,1.76,12684.0,-8.8085,53473,676,1649,2026-09-18 05:08:56
200250,4,KIWOOM 인도Nifty50(합성),20795,2,180,0.87,20820.0,-12.9986,4300,89,1643,2026-09-18 05:08:56
491820,2,HANARO 전력설비투자,44850,2,1960,4.57,44941.0,-25.0699,70545,3149,1637,2026-09-18 05:08:56
480030,4,ACE 미국500데일리타겟커버드콜(합성),9735,2,75,0.78,9722.0,-8.9611,100810,977,1635,2026-09-18 05:08:56
337160,2,KODEX 200ESG,48000,2,1185,2.53,48067.0,-24.0577,4927,235,1632,2026-09-18 05:08:56
237370,7,KODEX 코리아배당성장채권혼합,15610,3,0,0.0,15607.0,-2.3021,35026,546,1623,2026-09-18 05:08:56
233160,3,TIGER 코스닥150 레버리지,7395,2,40,0.54,7409.0,-49.6406,894803,6659,1608,2026-09-18 05:08:56
488720,7,WON 종합채권(AA-이상)액티브,48600,2,180,0.37,48530.0,-1.2039,668,32,1592,2026-09-18 05:08:56
0193G0,1,KoAct 코스피액티브,8465,2,205,2.48,8475.0,-27.4484,66206,559,1583,2026-09-18 05:08:56
160580,5,TIGER 구리실물,16405,2,205,1.27,16398.0,-5.3739,58964,966,1579,2026-09-18 05:08:56
272560,6,RISE 단기국공채액티브,114900,5,-20,-0.02,114902.0,0.6789,12430,1428,1574,2026-09-18 05:08:56
394670,4,TIGER 글로벌리튬&2차전지SOLACTIVE(합성),10735,2,170,1.61,10861.0,-24.3466,11409,122,1567,2026-09-18 05:08:56
0005D0,2,SOL 전고체배터리&실리콘음극재,14775,2,235,1.62,14790.0,-24.7023,246125,3629,1559,2026-09-18 05:08:56
0180V0,4,ACE 미국우주테크액티브,8185,2,320,4.07,8156.0,-33.6287,118732,965,1555,2026-09-18 05:08:56
152870,1,파워 200,110435,2,3120,2.91,110559.0,-24.9088,751,83,1546,2026-09-18 05:08:56
0051G0,4,SOL 미국원자력SMR,12465,2,270,2.21,12430.0,-22.5961,16882,210,1539,2026-09-18 05:08:56
458210,7,KIWOOM CD금리액티브(합성),110780,2,25,0.02,110735.0,0.7458,2308,255,1488,2026-09-18 05:08:56
219480,4,KODEX 미국S&P500선물(H),32975,2,205,0.63,32984.0,0.5831,1823,59,1484,2026-09-18 05:08:56
0127M0,4,ACE 미국대형가치주액티브,12335,2,140,1.15,12284.0,-6.0742,17750,218,1480,2026-09-18 05:08:56
354500,1,ACE 코스닥150,13960,2,35,0.25,14013.0,-24.2384,43846,614,1480,2026-09-18 05:08:56
0153K0,2,KODEX 주주환원고배당주,12190,5,-150,-1.22,12205.0,1.4398,76845,939,1463,2026-09-18 05:08:56
464240,6,KIWOOM 26-09회사채(AA-이상)액티브,52055,2,30,0.06,52052.0,0.6913,4,0,1458,2026-09-18 05:08:56
0048K0,4,KODEX 차이나휴머노이드로봇,8090,2,130,1.63,8107.0,-27.7309,411426,3321,1456,2026-09-18 05:08:56
491610,6,1Q CD금리액티브(합성),105020,2,20,0.02,104997.0,0.729,10978,1152,1452,2026-09-18 05:08:56
138520,2,TIGER 삼성그룹,35940,2,240,0.67,35998.0,-21.279,8906,320,1452,2026-09-18 05:08:56
0151P0,2,RISE 코리아전략산업액티브,14645,2,445,3.13,14665.0,-31.1429,67776,990,1450,2026-09-18 05:08:56
481180,4,SOL 미국AI소프트웨어,16780,2,90,0.54,16778.0,12.2394,115780,1934,1443,2026-09-18 05:08:56
0104H0,7,KoAct 미국나스닥채권혼합50액티브,11800,2,110,0.94,11801.0,-13.4395,19274,226,1440,2026-09-18 05:08:56
245340,4,TIGER 미국다우존스30,35005,2,125,0.36,34968.0,-8.6978,6530,228,1421,2026-09-18 05:08:56
438560,6,SOL 국고채3년,100160,2,155,0.15,100141.0,-0.025,36,3,1401,2026-09-18 05:08:56
498180,6,파워 종합채권(AA-이상)액티브,92795,3,0,0.0,93067.0,-1.3921,0,0,1398,2026-09-18 05:08:56
0041E0,4,KODEX 미국S&P500액티브,16235,2,260,1.63,16184.0,-13.4009,34034,550,1396,2026-09-18 05:08:56
143860,2,TIGER 헬스케어,34900,5,-230,-0.65,34924.0,-15.8866,11193,393,1396,2026-09-18 05:08:56
0199C0,2,ACE 고배당주Plus커버드콜액티브,9240,5,-35,-0.38,9233.0,-6.5032,494044,4571,1391,2026-09-18 05:08:56
495330,1,1Q 코리아밸류업,32090,2,735,2.34,32128.0,-22.9109,5660,180,1380,2026-09-18 05:08:56
0131W0,6,1Q 단기특수은행채액티브,102250,2,5,0.0,102256.0,0.7339,181,18,1379,2026-09-18 05:08:56
0092B0,2,SOL 한국원자력SMR,16515,5,-15,-0.09,16547.0,-13.0,162468,2690,1371,2026-09-18 05:08:56
451530,6,TIGER 국고채30년스트립액티브,34660,5,-110,-0.32,34623.0,-12.7916,21537,752,1369,2026-09-18 05:08:56
139220,2,TIGER 200 건설,8120,2,35,0.43,8133.0,-13.5295,384548,3162,1369,2026-09-18 05:08:56
476030,4,SOL 미국나스닥100,17165,2,280,1.66,17122.0,-11.7489,19467,332,1339,2026-09-18 05:08:56
457990,2,PLUS 태양광&ESS,34685,2,700,2.06,34753.0,-23.5949,100842,3496,1335,2026-09-18 05:08:56
0184L0,6,PLUS 중기종합채권(A-이상)액티브,100495,2,65,0.06,100501.0,0.45,17253,1734,1311,2026-09-18 05:08:56
0091M0,6,HANARO 27-06 회사채(AA-이상)액티브,10170,2,10,0.1,10169.0,0.5442,147,1,1305,2026-09-18 05:08:56
304660,6,KODEX 미국30년국채울트라선물(H),7225,2,60,0.84,7229.0,-4.9105,18986,137,1301,2026-09-18 05:08:56
471760,2,TIGER AI반도체핵심공정,14040,2,170,1.23,14050.0,-32.2424,159708,2256,1299,2026-09-18 05:08:56
463680,4,KODEX 미국S&P500테크놀로지,22570,2,370,1.67,22511.0,-9.1176,23870,536,1298,2026-09-18 05:08:56
0123G0,4,TIGER 미국AI전력SMR,6285,2,265,4.4,6285.0,-23.4097,188282,1176,1295,2026-09-18 05:08:56
461500,6,HANARO 종합채권(AA-이상)액티브,104860,2,65,0.06,104769.0,-0.9687,22047,2313,1288,2026-09-18 05:08:56
411420,4,KODEX 미국나스닥AI테크액티브,26975,2,555,2.1,26886.0,-10.8016,40034,1075,1281,2026-09-18 05:08:56
192090,4,TIGER 차이나CSI300,12300,2,205,1.69,12352.0,-16.7871,16667,203,1273,2026-09-18 05:08:56
0074K0,2,KoAct K수출핵심기업TOP30액티브,17035,2,395,2.37,17063.0,-26.4368,22974,390,1269,2026-09-18 05:08:56
463290,6,1Q 단기금융채액티브,109405,2,10,0.01,109402.0,0.7784,982,107,1261,2026-09-18 05:08:56
325010,2,KODEX 성장주,43475,2,1190,2.81,43574.0,-25.8158,8895,386,1261,2026-09-18 05:08:56
438570,6,SOL 국고채10년,97495,2,400,0.41,97397.0,-2.1418,87,8,1252,2026-09-18 05:08:56
447620,7,SOL 미국TOP5채권혼합50,16000,2,110,0.69,15926.0,-0.0944,20026,319,1248,2026-09-18 05:08:56
448100,1,WON 200,112725,2,3415,3.12,112653.0,-25.2511,16908,1895,1240,2026-09-18 05:08:56
0000Y0,6,HK 26-12 회사채(AA-이상)액티브,102000,2,5,0.0,102004.0,0.7507,1,0,1234,2026-09-18 05:08:56
114820,6,TIGER 국채3년,104760,2,65,0.06,104782.0,-0.0335,2122,222,1224,2026-09-18 05:08:56
469170,2,ACE 포스코그룹포커스,5970,5,-35,-0.58,5972.0,-12.4358,336689,2012,1218,2026-09-18 05:08:56
491230,6,PLUS 국공채머니마켓액티브,52570,2,5,0.01,52563.0,0.7861,1574,82,1214,2026-09-18 05:08:56
0191W0,6,HANARO 중기종합채권(A-이상)액티브,100785,3,0,0.0,100784.0,0.4334,0,0,1209,2026-09-18 05:08:56
377990,2,TIGER Fn신재생에너지,24265,2,430,1.8,24316.0,-26.9378,18703,454,1201,2026-09-18 05:08:56
476450,6,KIWOOM 머니마켓액티브,52855,3,0,0.0,52855.0,0.849,523,27,1198,2026-09-18 05:08:56
328370,1,PLUS 코스피TR,38500,2,855,2.27,38762.0,-24.3545,17,0,1194,2026-09-18 05:08:56
0209D0,2,KODEX 전고체배터리ESS TOP2플러스,8180,2,120,1.49,8192.0,,398092,3246,1186,2026-09-18 05:08:56
399110,4,SOL 미국S&P500ESG,20740,2,160,0.78,20717.0,-7.6586,6014,124,1182,2026-09-18 05:08:56
319640,4,TIGER 골드선물(H),25665,2,365,1.44,25624.0,-1.6904,9851,252,1181,2026-09-18 05:08:56
332940,1,HANARO MSCI Korea TR,48700,2,1645,3.5,48782.0,-26.0723,252,12,1169,2026-09-18 05:08:56
0168K0,2,TIGER 기술이전바이오액티브,5550,5,-200,-3.48,5570.0,-27.399,1270367,7106,1164,2026-09-18 05:08:56
251340,3,KODEX 코스닥150선물인버스,2442,5,-3,-0.12,2454.0,17.2661,13239915,32227,1162,2026-09-18 05:08:56
182480,7,TIGER 미국MSCI리츠(합성 H),13200,2,150,1.15,13314.0,-5.1123,13185,173,1162,2026-09-18 05:08:56
367770,2,RISE 수소경제테마,22525,2,115,0.51,22570.0,-23.3847,9580,216,1160,2026-09-18 05:08:56
0000J0,2,PLUS 한화그룹주,28800,2,150,0.52,28871.0,-22.9425,54463,1575,1152,2026-09-18 05:08:56
0181B0,4,HANARO 미국AI메모리반도체TOP4+,9460,2,340,3.73,9379.0,-32.4695,349246,3270,1149,2026-09-18 05:08:56
0085P0,6,ACE 미국10년국채액티브,9735,2,50,0.52,9739.0,-10.8271,167984,1633,1129,2026-09-18 05:08:56
488500,4,TIGER 미국S&P500동일가중,12470,2,65,0.52,12440.0,-8.3091,22580,280,1129,2026-09-18 05:08:56
0162L0,4,KODEX 차이나AI반도체TOP10,13825,2,410,3.06,13865.0,-26.6744,385387,5255,1113,2026-09-18 05:08:56
309230,4,ACE 미국WideMoat동일가중,30160,5,-70,-0.23,30210.0,-3.9699,6016,180,1110,2026-09-18 05:08:56
0135Y0,6,IBK 중기종합채권(AA-이상)액티브,100190,2,20,0.02,100190.0,0.195,29,2,1109,2026-09-18 05:08:56
372330,4,KODEX 차이나항셍테크,6610,2,130,2.01,6627.0,-15.1826,296757,1954,1104,2026-09-18 05:08:56
304940,4,KODEX 미국나스닥100선물(H),32430,2,415,1.3,32379.0,-3.9166,2760,89,1103,2026-09-18 05:08:56
0132K0,7,PLUS 테슬라위클리커버드콜채권혼합,7950,2,75,0.95,7973.0,-5.0432,115288,915,1101,2026-09-18 05:08:56
266370,2,KODEX IT,68690,2,2235,3.36,68713.0,-28.6006,15671,1072,1099,2026-09-18 05:08:56
0036R0,4,RISE 미국휴머노이드로봇,19620,2,330,1.71,19587.0,-14.128,7683,149,1099,2026-09-18 05:08:56
0080Y0,2,SOL 조선TOP3플러스레버리지,8490,5,-270,-3.08,8474.0,-54.6584,173027,1495,1087,2026-09-18 05:08:56
0138Y0,7,PLUS 금채권혼합,9785,2,65,0.67,9778.0,-4.3778,108138,1056,1086,2026-09-18 05:08:56
326240,2,RISE IT플러스,43400,2,1335,3.17,43467.0,-27.5803,1162,50,1085,2026-09-18 05:08:56
0221V0,6,IBK 초단기채권액티브,100620,2,10,0.01,100627.0,,1228,123,1076,2026-09-18 05:08:56
203780,4,TIGER 미국나스닥바이오,35845,2,1265,3.66,35475.0,6.155,30146,1073,1075,2026-09-18 05:08:56
464930,4,TIGER 글로벌혁신블루칩TOP10,20505,2,255,1.26,20578.0,-7.9127,5466,112,1066,2026-09-18 05:08:56
0193M0,6,BNK 27-12 특수채(AAA이상)액티브,50380,3,0,0.0,50366.0,0.6995,0,0,1065,2026-09-18 05:08:56
496090,1,KIWOOM 코리아밸류업,32250,2,760,2.41,32319.0,-23.054,136,4,1064,2026-09-18 05:08:56
455860,2,SOL 2차전지소부장Fn,4445,5,-10,-0.22,4453.0,-25.75,178233,798,1062,2026-09-18 05:08:56
168580,4,ACE 중국본토CSI300,33880,2,400,1.19,34178.0,-15.6569,363,12,1057,2026-09-18 05:08:56
464310,4,TIGER 글로벌AI&로보틱스 INDXX,13540,2,200,1.5,13516.0,-17.933,12324,166,1056,2026-09-18 05:08:56
0174B0,7,KoAct 글로벌AI메모리반도체액티브,14340,2,545,3.95,14291.0,-29.6353,87923,1253,1054,2026-09-18 05:08:56
465610,4,ACE 미국빅테크TOP7 Plus레버리지(합성),43730,2,1555,3.69,43596.0,-8.9192,5493,238,1050,2026-09-18 05:08:56
476850,1,KoAct 배당성장액티브,21800,2,505,2.37,21833.0,-19.3832,33524,729,1046,2026-09-18 05:08:56
458030,6,WON 국공채머니마켓액티브,55110,3,0,0.0,55114.0,0.7403,1536,84,1039,2026-09-18 05:08:56
0176E0,4,RISE 미국AI전력인프라액티브,9765,2,50,0.51,9660.0,-25.3554,8956,86,1030,2026-09-18 05:08:56
475050,2,ACE KPOP포커스,6915,5,-25,-0.36,6921.0,-19.1143,245060,1700,1023,2026-09-18 05:08:56
0122W0,6,RISE 26-11 회사채(AA-이상)액티브,51070,2,20,0.04,51061.0,0.7499,42,2,1018,2026-09-18 05:08:56
0137V0,4,KIWOOM 미국S&P500모멘텀,11410,2,230,2.06,11355.0,-15.7652,44351,503,1015,2026-09-18 05:08:56
394660,4,TIGER 글로벌자율주행&전기차SOLACTIVE,15470,2,335,2.21,15555.0,-24.344,6298,97,1015,2026-09-18 05:08:56
475280,6,ACE 8월만기자동연장회사채AA-이상액티브,10750,3,0,0.0,10745.0,0.7969,222,2,1013,2026-09-18 05:08:56
0177X0,2,ACE K휴머노이드로봇산업TOP2+,9850,2,110,1.13,9869.0,-22.9431,210867,2077,1010,2026-09-18 05:08:56
114100,6,RISE 국고채3년,105745,2,90,0.09,105719.0,0.0075,1728,182,994,2026-09-18 05:08:56
0142D0,4,TIGER 미국AI데이터센터TOP4Plus,10440,5,-60,-0.57,10358.0,-28.5472,143038,1475,976,2026-09-18 05:08:56
0008T0,2,SOL 화장품TOP3플러스,17770,2,130,0.74,17790.0,24.0506,1277330,22680,968,2026-09-18 05:08:56
433970,7,KODEX TDF2030액티브 적격,13935,2,115,0.83,13938.0,-5.1933,7067,98,948,2026-09-18 05:08:56
308620,6,KODEX 미국10년국채선물,11410,2,60,0.53,11404.0,-11.1199,20492,233,947,2026-09-18 05:08:56
473440,6,ACE 11월만기자동연장회사채AA-이상액티브,10855,2,5,0.05,10864.0,0.7428,300,3,944,2026-09-18 05:08:56
195980,4,PLUS 신흥국MSCI(합성 H),15285,2,205,1.36,15350.0,-4.436,8262,125,938,2026-09-18 05:08:56
0035T0,7,PLUS 글로벌휴머노이드로봇액티브,19270,2,260,1.37,19304.0,-23.7312,13561,260,935,2026-09-18 05:08:56
454320,2,HANARO CAPEX설비투자iSelect,43415,2,505,1.18,43463.0,-18.4376,643,27,933,2026-09-18 05:08:56
0066W0,5,SOL 국제금,12815,2,215,1.71,12752.0,-9.0253,48419,618,923,2026-09-18 05:08:56
261270,7,KODEX 미국달러선물인버스,8070,5,-20,-0.25,8077.0,9.5463,17672,142,915,2026-09-18 05:08:56
298770,4,KODEX 한국대만IT프리미어,83045,2,3065,3.83,83165.0,-18.0281,11461,944,913,2026-09-18 05:08:56
211900,2,KODEX 코리아배당성장,27970,3,0,0.0,27968.0,-8.2265,2500,70,909,2026-09-18 05:08:56
486240,2,DAISHIN AI반도체&인프라액티브,29300,2,910,3.21,29396.0,-25.0331,428,12,908,2026-09-18 05:08:56
0052T0,6,1Q 중단기회사채(A-이상)액티브,50700,3,0,0.0,50757.0,0.6451,0,0,908,2026-09-18 05:08:56
325020,2,KODEX 배당가치,29230,5,-65,-0.22,29239.0,-10.6266,8151,239,906,2026-09-18 05:08:56
143850,4,TIGER 미국S&P500선물(H),76995,2,495,0.65,77042.0,-0.0066,684,52,905,2026-09-18 05:08:56
468380,6,KODEX iShares미국하이일드액티브,10885,2,45,0.42,10882.0,-8.8134,17518,190,902,2026-09-18 05:08:56
269540,4,PLUS 미국S&P500(H),29965,2,240,0.81,29908.0,-0.8672,5051,150,899,2026-09-18 05:08:56
444490,4,WON 미국S&P500,20180,2,185,0.93,20148.0,-7.687,1978,39,898,2026-09-18 05:08:56
453080,4,KIWOOM 미국나스닥100(H),22930,2,300,1.33,22888.0,-3.9156,1537,35,894,2026-09-18 05:08:56
479620,4,SOL 미국AI반도체칩메이커,25800,2,1120,4.54,25622.0,-20.3871,16356,418,890,2026-09-18 05:08:56
0007N0,1,아이엠에셋 200,110025,2,3045,2.85,110054.0,-25.2761,141,15,880,2026-09-18 05:08:56
204480,4,TIGER 차이나CSI300레버리지(합성),23510,2,560,2.44,23998.0,-33.0904,5444,125,875,2026-09-18 05:08:56
329670,7,KODEX TRF7030,21855,2,95,0.44,21920.0,-6.1915,5802,126,874,2026-09-18 05:08:56
495040,1,PLUS 코리아밸류업,31960,2,730,2.34,32014.0,-22.7229,75,2,863,2026-09-18 05:08:56
460960,7,ACE 글로벌인컴TOP10,10955,2,105,0.97,10949.0,-9.2237,177507,1940,854,2026-09-18 05:08:56
329660,7,KODEX TRF5050,17735,2,70,0.4,17792.0,-4.4995,8600,152,834,2026-09-18 05:08:56
453330,4,RISE 미국S&P500(H),18100,2,120,0.67,18060.0,0.8714,18044,325,833,2026-09-18 05:08:56
485690,4,RISE 미국AI밸류체인TOP3Plus,22375,2,605,2.78,22248.0,-12.1924,6974,154,828,2026-09-18 05:08:56
461460,6,PLUS 국고채10년액티브,50900,2,270,0.53,50886.0,-2.4283,157,8,826,2026-09-18 05:08:56
359210,1,KODEX 코스피TR,35710,2,890,2.56,35784.0,-24.007,2219,79,821,2026-09-18 05:08:56
0017Y0,6,1Q 종합채권(AA-이상)액티브,93800,2,295,0.32,93724.0,-1.2932,256,24,815,2026-09-18 05:08:56
337140,2,KODEX 코스피대형주,36410,2,1110,3.14,36515.0,-25.2761,5973,216,801,2026-09-18 05:08:56
449770,4,KIWOOM 미국S&P500,21065,2,215,1.03,21019.0,-7.6917,26242,551,800,2026-09-18 05:08:56
0018C0,2,PLUS 고배당주위클리고정커버드콜,10515,5,-100,-0.94,10513.0,-0.628,95004,1001,799,2026-09-18 05:08:56
0057H0,7,PLUS 미국S&P500미국채혼합50액티브,11695,2,90,0.78,11671.0,-7.7044,24695,288,795,2026-09-18 05:08:56
0049M0,4,ACE 미국배당퀄리티+커버드콜액티브,11200,2,85,0.76,11192.0,-8.2896,14894,166,790,2026-09-18 05:08:56
495750,1,HANARO 코리아밸류업,32210,2,710,2.25,32267.0,-23.0726,50,1,789,2026-09-18 05:08:56
475310,2,SOL 반도체후공정,26735,2,5,0.02,26759.0,-23.2338,168552,4538,789,2026-09-18 05:08:56
490480,2,SOL K방산,29140,2,155,0.53,29197.0,-24.0137,15131,439,787,2026-09-18 05:08:56
138530,2,TIGER LG그룹플러스,12120,2,35,0.29,12131.0,-13.4932,41800,508,785,2026-09-18 05:08:56
108450,2,ACE 삼성그룹섹터가중,39250,2,450,1.16,39331.0,-21.0661,4174,164,785,2026-09-18 05:08:56
0098N0,2,PLUS 자사주매입고배당주,12940,5,-110,-0.84,12950.0,1.1307,39863,517,783,2026-09-18 05:08:56
469060,4,RISE 미국반도체NYSE,34680,2,1115,3.32,34555.0,-23.6243,25204,865,780,2026-09-18 05:08:56
0197X0,2,SOL SK하이닉스선물단일종목인버스2X,5530,5,-680,-10.95,5523.0,-34.9398,17825292,100256,774,2026-09-18 05:08:56
210780,2,TIGER 코스피고배당,23395,5,-125,-0.53,23406.0,-2.6981,14879,352,772,2026-09-18 05:08:56
0198A0,2,KIWOOM 코스닥150커버드콜액티브,8570,2,45,0.53,8570.0,,523915,4499,763,2026-09-18 05:08:56
0080X0,7,SOL 미국S&P500미국채혼합50,10890,2,90,0.83,10877.0,-9.5573,141322,1532,762,2026-09-18 05:08:56
365040,1,TIGER AI코리아그로스액티브,36300,2,685,1.92,36365.0,-23.2353,2769,100,762,2026-09-18 05:08:56
0225V0,4,KODEX 미국CPU반도체TOP10,11210,2,755,7.22,11117.0,,292937,3250,762,2026-09-18 05:08:56
272910,6,ACE 중장기국공채액티브,105735,2,160,0.15,105726.0,-0.2457,8,0,749,2026-09-18 05:08:56
0022T0,4,SOL 국제금커버드콜액티브,13090,2,180,1.39,13089.0,-9.0318,19701,256,746,2026-09-18 05:08:56
228810,2,TIGER 미디어컨텐츠,3050,5,-30,-0.97,3050.0,-21.0257,141873,434,746,2026-09-18 05:08:56
475350,4,RISE 버크셔포트폴리오TOP10,14685,5,-65,-0.44,14649.0,-3.6961,23145,338,742,2026-09-18 05:08:56
364960,2,TIGER BBIG,6210,2,20,0.32,6215.0,-15.2055,9499,58,739,2026-09-18 05:08:56
157490,2,TIGER 소프트웨어,7900,2,35,0.45,7903.0,-18.3282,70346,556,736,2026-09-18 05:08:56
412770,4,TIGER 글로벌AI플랫폼액티브,12530,2,370,3.04,12326.0,-26.3254,6740,83,728,2026-09-18 05:08:56
473640,4,HANARO 글로벌금채굴기업,34640,2,955,2.84,34504.0,-1.3906,10535,363,727,2026-09-18 05:08:56
0102A0,4,TIGER 미국AI소프트웨어TOP4Plus,9020,2,90,1.01,9018.0,4.2615,31782,285,726,2026-09-18 05:08:56
298340,6,PLUS 국채선물3년,56345,2,40,0.07,56323.0,0.2403,24,1,726,2026-09-18 05:08:56
441540,2,HANARO Fn조선해운,26845,5,-380,-1.4,26839.0,-21.4626,4274,115,725,2026-09-18 05:08:56
292190,1,KODEX KRX300,48220,2,1340,2.86,48284.0,-25.5766,667,32,723,2026-09-18 05:08:56
0238F0,4,KODEX 미국AI메모리TOP2플러스,10190,2,470,4.84,10128.0,,195965,1973,718,2026-09-18 05:08:56
0210E0,2,PLUS 200커버드콜액티브,7375,2,175,2.43,7379.0,,104626,769,715,2026-09-18 05:08:56
211560,2,TIGER 배당성장,35045,5,-255,-0.72,35035.0,-7.88,5630,199,704,2026-09-18 05:08:56
0098Z0,1,FOCUS 200,93540,2,2885,3.18,93615.0,-24.9458,10,0,702,2026-09-18 05:08:56
0190Y0,4,TIGER 구글밸류체인,8595,2,215,2.57,8531.0,-20.3998,91383,775,696,2026-09-18 05:08:56
465330,2,RISE 2차전지TOP10,11255,5,-30,-0.27,11282.0,-15.4048,85598,968,689,2026-09-18 05:08:56
0113D0,4,TIME 글로벌탑픽액티브,11965,2,120,1.01,11965.0,-8.6739,9064,108,688,2026-09-18 05:08:56
130730,6,KIWOOM 단기자금,103115,5,-5,0.0,103116.0,0.6785,999,103,681,2026-09-18 05:08:56
492500,7,1Q 현대차그룹채권(A+이상)&국고통안,51315,5,-15,-0.03,51314.0,0.5484,110,5,678,2026-09-18 05:08:56
0233A0,7,ACE 삼성전자SK하이닉스플러스채권혼합50,10555,2,225,2.18,10570.0,,375831,3947,676,2026-09-18 05:08:56
228800,2,TIGER 여행레저,2615,5,-30,-1.13,2622.0,-15.4953,116740,307,670,2026-09-18 05:08:56
433880,7,PLUS TDF2060액티브 적격,18550,2,320,1.76,18532.0,-9.4463,12473,230,670,2026-09-18 05:08:56
458750,4,TIGER 미국배당다우존스타겟커버드콜1호,12860,2,50,0.39,12835.0,-4.3999,37002,474,669,2026-09-18 05:08:56
278620,6,PLUS 단기채권액티브,119115,5,-5,0.0,119104.0,0.7485,64,7,667,2026-09-18 05:08:56
491700,1,HK 200,110290,2,3010,2.81,110465.0,-24.8319,25,2,662,2026-09-18 05:08:56
418670,4,TIGER 글로벌AI사이버보안,19035,2,125,0.66,18971.0,21.3346,131051,2488,647,2026-09-18 05:08:56
453950,4,TIGER TSMC파운드리밸류체인,31515,2,415,1.33,31603.0,-23.8212,4165,129,646,2026-09-18 05:08:56
261240,7,KODEX 미국달러선물,14320,2,30,0.21,14334.0,-8.0438,82759,1183,643,2026-09-18 05:08:56
277640,2,TIGER 코스피대형주,37685,2,1255,3.44,37749.0,-25.3656,11603,436,641,2026-09-18 05:08:56
481430,6,RISE 국고채10년액티브,97310,2,295,0.3,97248.0,-2.2766,200,19,638,2026-09-18 05:08:56
266420,2,KODEX 헬스케어,15840,5,-250,-1.55,15864.0,-15.2712,21236,337,634,2026-09-18 05:08:56
0123S0,2,HANARO 26-12 은행채(AA+이상)액티브,10195,3,0,0.0,10202.0,0.5424,1046,10,632,2026-09-18 05:08:56
140700,2,KODEX 보험,20910,5,-285,-1.34,20934.0,-1.2145,66030,1379,627,2026-09-18 05:08:56
292770,6,KODEX 국채선물3년인버스,58120,3,0,0.0,58081.0,1.1574,0,0,624,2026-09-18 05:08:56
419890,6,KIWOOM 단기채권ESG액티브,107505,2,30,0.03,107495.0,0.5896,100,10,624,2026-09-18 05:08:56
0000D0,7,TIGER 엔비디아미국채커버드콜밸런스(합성),9015,2,120,1.35,9033.0,-11.2115,33517,301,622,2026-09-18 05:08:56
455660,6,ACE 미국하이일드액티브(H),9367,2,22,0.24,9353.0,-0.6882,7346,68,618,2026-09-18 05:08:56
0172V0,5,1Q 은액티브,8650,2,340,4.09,8539.0,-16.65,82313,704,614,2026-09-18 05:08:56
495940,4,RISE 미국AI테크액티브,19465,2,330,1.72,19395.0,-17.6094,2686,52,613,2026-09-18 05:08:56
306950,3,KODEX KRX300레버리지,76425,2,3415,4.68,77317.0,-53.1071,1324,100,611,2026-09-18 05:08:56
252400,3,RISE 200선물레버리지,101860,2,5820,6.06,101808.0,-52.5518,771,77,611,2026-09-18 05:08:56
0181L0,4,SOL 미국우주항공TOP10,7310,2,330,4.73,7281.0,-34.0265,83525,606,610,2026-09-18 05:08:56
0115E0,2,KODEX 코리아소버린AI,13995,2,160,1.16,14018.0,-16.7586,22216,310,609,2026-09-18 05:08:56
453640,4,KODEX 미국S&P500헬스케어,14150,2,105,0.75,14119.0,0.8096,12558,176,608,2026-09-18 05:08:56
476750,6,ACE 미국30년국채엔화노출액티브(H),7510,2,15,0.2,7513.0,-11.4149,168435,1269,608,2026-09-18 05:08:56
0040S0,4,HANARO 글로벌피지컬AI액티브,23755,2,285,1.21,23724.0,-20.8966,8147,192,606,2026-09-18 05:08:56
440640,6,ACE 단기채권알파액티브,112800,3,0,0.0,112803.0,0.8087,2705,305,597,2026-09-18 05:08:56
0166S0,2,PLUS K제조업핵심기업액티브,11245,2,300,2.74,11258.0,-28.4641,12960,145,590,2026-09-18 05:08:56
491220,1,PLUS 200TR,130030,2,3920,3.11,130156.0,-25.1573,2807,364,585,2026-09-18 05:08:56
275980,4,TIGER 글로벌4차산업혁신기술(합성 H),23320,2,275,1.19,23534.0,-5.0474,1103,25,583,2026-09-18 05:08:56
479730,4,TIGER 인도빌리언컨슈머,9695,2,45,0.47,9715.0,-7.9185,10272,99,572,2026-09-18 05:08:56
225040,4,TIGER 미국S&P500레버리지(합성 H),66910,2,825,1.25,66680.0,0.5171,2018,134,562,2026-09-18 05:08:56
304780,3,HANARO 200선물레버리지,124170,2,7275,6.22,124026.0,-52.4305,636,78,559,2026-09-18 05:08:56
0194T0,2,ACE SK하이닉스단일종목레버리지,9965,2,1060,11.9,9999.0,-67.677,100897,987,558,2026-09-18 05:08:56
0141S0,2,SOL 조선기자재,8842,5,-98,-1.1,8850.0,-23.1629,126269,1118,557,2026-09-18 05:08:56
0226A0,7,PLUS SK하이닉스샌디스크채권혼합50,11135,2,340,3.15,11169.0,,90783,1004,557,2026-09-18 05:08:56
455960,6,RISE 미국달러SOFR금리액티브(합성),12130,5,-15,-0.12,12175.0,-7.2193,287,3,556,2026-09-18 05:08:56
480310,4,TIGER 글로벌온디바이스AI,20825,2,905,4.54,20725.0,-20.0041,14092,289,552,2026-09-18 05:08:56
434960,1,DAISHIN K200,110190,2,3040,2.84,110376.0,-25.012,1368,150,551,2026-09-18 05:08:56
442560,7,RISE TDF2040액티브 적격,16410,2,175,1.08,16325.0,-8.7157,12250,200,550,2026-09-18 05:08:56
150460,2,TIGER 중국소비테마,7440,3,0,0.0,7442.0,-0.4683,22506,168,549,2026-09-18 05:08:56
401470,2,KODEX 메타버스액티브,9375,2,95,1.02,9389.0,-16.9947,3123,29,548,2026-09-18 05:08:56
385590,2,ACE ESG액티브,23835,2,185,0.78,23979.0,-20.5577,100,2,548,2026-09-18 05:08:56
0041D0,4,KODEX 미국AI소프트웨어TOP10,14090,2,20,0.14,14092.0,6.9652,67784,953,542,2026-09-18 05:08:56
261220,5,KODEX WTI원유선물(H),28155,2,65,0.23,28152.0,34.1131,51216,1440,542,2026-09-18 05:08:56
0046Y0,4,ACE 미국배당퀄리티,12510,2,130,1.05,12480.0,-7.3972,3028,37,538,2026-09-18 05:08:56
278240,3,RISE 코스닥150선물레버리지,7585,2,55,0.73,7545.0,-49.7162,18087,137,538,2026-09-18 05:08:56
101280,4,KODEX 일본TOPIX100,30900,5,-50,-0.16,30838.0,-3.557,4041,124,531,2026-09-18 05:08:56
0113P0,6,HK 머니마켓액티브,102555,3,0,0.0,102561.0,0.8208,0,0,531,2026-09-18 05:08:56
0238P0,7,TIGER 미국S&P500미국채혼합50,10315,2,115,1.13,10246.0,,238867,2457,529,2026-09-18 05:08:56
440910,4,WON 미국우주항공방산,22900,5,-10,-0.04,22895.0,-20.548,5752,131,527,2026-09-18 05:08:56
0118Z0,4,ACE 미국AI테크핵심산업액티브,8770,2,165,1.92,8721.0,-13.8639,10185,88,522,2026-09-18 05:08:56
445150,2,KODEX 친환경조선해운액티브,28070,5,-170,-0.6,28079.0,-23.2456,1430,40,519,2026-09-18 05:08:56
0111J0,2,HANARO 증권고배당TOP3플러스,11920,5,-40,-0.33,11939.0,-27.4851,45438,548,519,2026-09-18 05:08:56
275300,2,KODEX 우량주,30150,2,1180,4.07,30217.0,-25.8952,7780,234,513,2026-09-18 05:08:56
261070,2,TIGER 코스닥150바이오테크,11070,5,-185,-1.64,11070.0,-28.5397,93934,1051,511,2026-09-18 05:08:56
0118S0,4,SOL 미국넥스트테크TOP10액티브,10985,2,400,3.78,10911.0,-25.0089,21754,237,511,2026-09-18 05:08:56
218420,4,KODEX 미국S&P500에너지(합성),20775,2,135,0.65,20776.0,7.1651,13826,287,510,2026-09-18 05:08:56
253150,3,PLUS 200선물레버리지,203680,2,13080,6.86,203472.0,-52.9313,959,192,509,2026-09-18 05:08:56
475260,6,ACE 2월만기자동연장회사채AA-이상액티브,10765,3,0,0.0,10761.0,0.8903,216,2,507,2026-09-18 05:08:56
360140,2,KODEX 200롱코스닥150숏선물,23010,2,625,2.79,22978.0,-5.3088,4566,104,506,2026-09-18 05:08:56
0185L0,4,TIME 글로벌휴머노이드로봇산업액티브,7280,2,130,1.82,7273.0,-28.9618,60576,437,506,2026-09-18 05:08:56
0139P0,2,ACE 고배당주,13455,5,-45,-0.33,13468.0,-6.1268,6391,86,498,2026-09-18 05:08:56
292560,7,TIGER 일본엔선물,8140,5,-70,-0.85,8150.0,-5.7406,98011,800,497,2026-09-18 05:08:56
152500,3,ACE 레버리지,45005,2,2525,5.94,45054.0,-52.539,18814,839,495,2026-09-18 05:08:56
287180,4,PLUS 미국나스닥테크,54270,2,890,1.67,54248.0,-14.5305,549,29,488,2026-09-18 05:08:56
140950,1,파워 코스피100,86130,2,2530,3.03,86225.0,-25.1296,1706,146,482,2026-09-18 05:08:56
114470,6,KIWOOM 국고채3년,107130,2,150,0.14,107120.0,-0.0677,322,34,482,2026-09-18 05:08:56
461340,4,HANARO 글로벌생성형AI액티브,43215,2,975,2.31,43017.0,-14.0591,2298,98,475,2026-09-18 05:08:56
0000Z0,2,RISE 바이오TOP10액티브,8125,5,-175,-2.11,8140.0,-30.2522,109091,893,475,2026-09-18 05:08:56
123310,3,TIGER 인버스,1112,5,-33,-2.88,1112.0,14.2714,1811079,2020,474,2026-09-18 05:08:56
442260,1,마이티 다이나믹퀀트액티브,38145,2,965,2.6,38244.0,-25.6326,1071,40,473,2026-09-18 05:08:56
0178H0,7,IBK 미국AI TOP10국채혼합50,10060,2,110,1.11,10135.0,-2.4445,6154,61,473,2026-09-18 05:08:56
453650,4,KODEX 미국S&P500금융,18900,5,-60,-0.32,18938.0,-4.8239,10945,206,473,2026-09-18 05:08:56
0020H0,4,KoAct 글로벌양자컴퓨팅액티브,21820,2,900,4.3,21801.0,-30.7171,10455,226,469,2026-09-18 05:08:56
336160,6,RISE 금융채액티브,99945,2,110,0.11,99918.0,0.0284,7,0,469,2026-09-18 05:08:56
256750,4,KODEX 차이나심천ChiNext(합성),15250,2,325,2.18,15360.0,-26.9636,27686,416,466,2026-09-18 05:08:56
447430,2,ACE 주주환원가치주액티브,16355,2,15,0.09,16373.0,-3.158,5277,86,466,2026-09-18 05:08:56
305050,1,ACE 코스피,71580,2,1620,2.32,71633.0,-23.6953,973,69,465,2026-09-18 05:08:56
473490,4,KIWOOM 글로벌AI반도체,30890,2,1090,3.66,30752.0,-15.616,13805,423,463,2026-09-18 05:08:56
0220B0,1,DS 코스닥액티브,10625,2,140,1.34,10647.0,,129920,1379,462,2026-09-18 05:08:56
316670,1,KIWOOM 코스닥150,6905,5,-10,-0.14,6928.0,-23.6755,71743,498,460,2026-09-18 05:08:56
0086B0,2,TIGER 리츠부동산인프라TOP10액티브,9385,2,45,0.48,9399.0,-5.7301,6992,65,460,2026-09-18 05:08:56
473590,4,ACE 미국주식베스트셀러,19435,2,585,3.1,19297.0,-19.5991,9229,177,457,2026-09-18 05:08:56
200030,4,KODEX 미국S&P500산업재(합성),40425,2,170,0.42,40347.0,-14.0585,1010,40,456,2026-09-18 05:08:56
442090,2,에셋플러스 코리아대장장이액티브,30220,2,435,1.46,30276.0,-19.4565,90,2,453,2026-09-18 05:08:56
429760,4,PLUS 미국S&P500,19600,2,195,1.0,19554.0,-7.5408,757728,14812,451,2026-09-18 05:08:56
0132H0,4,KODEX 미국원자력SMR,7695,2,250,3.36,7662.0,-29.6647,36633,279,450,2026-09-18 05:08:56
371470,4,TIGER 차이나바이오테크SOLACTIVE,8515,2,105,1.25,8556.0,15.8402,13723,116,450,2026-09-18 05:08:56
196030,4,ACE 일본TOPIX레버리지(H),89430,5,-150,-0.17,90179.0,2.7411,113,10,447,2026-09-18 05:08:56
475270,6,ACE 5월만기자동연장회사채AA-이상액티브,10745,3,0,0.0,10740.0,0.7029,2,0,447,2026-09-18 05:08:56
375770,2,KODEX 탄소효율그린뉴딜,24810,2,600,2.48,24816.0,-23.3253,538,13,447,2026-09-18 05:08:56
0207G0,2,SOL 우주항공밸류체인,7500,2,140,1.9,7517.0,-25.7316,464477,3463,446,2026-09-18 05:08:56
0197W0,2,SOL SK하이닉스단일종목레버리지,9790,2,1010,11.5,9790.0,-67.9328,132369,1266,445,2026-09-18 05:08:56
276990,4,KODEX 글로벌로봇(합성),25060,2,400,1.62,24919.0,-16.208,1259,31,444,2026-09-18 05:08:56
440650,6,ACE 미국달러단기채권액티브,11625,2,35,0.3,11631.0,-7.8697,40264,467,442,2026-09-18 05:08:56
0141T0,6,SOL 중기종합채권(AA-이상)액티브,50165,3,0,0.0,50199.0,0.2197,0,0,441,2026-09-18 05:08:56
472830,6,RISE 미국30년국채커버드콜(합성),7895,2,85,1.09,7894.0,-13.379,21631,170,438,2026-09-18 05:08:56
0089C0,4,KODEX 미국S&P500변동성확대시커버드콜,11400,2,105,0.93,11417.0,-7.5603,158,1,433,2026-09-18 05:08:56
0186S0,7,1Q 코스닥150채권혼합50액티브,8330,2,55,0.66,8337.0,-11.2123,157678,1312,433,2026-09-18 05:08:56
238720,4,ACE 일본Nikkei225(H),47520,2,955,2.05,47477.0,-8.7409,798,37,428,2026-09-18 05:08:56
0189B0,5,TIGER 은액티브,8280,2,285,3.56,8287.0,-16.5885,85192,693,426,2026-09-18 05:08:56
487130,2,KoAct AI인프라액티브,29300,2,585,2.04,29362.0,-25.2603,4866,142,425,2026-09-18 05:08:56
0191M0,6,마이티 5월만기자동연장특수채(AAA)액티브,100815,3,0,0.0,100806.0,0.6589,0,0,417,2026-09-18 05:08:56
100910,1,KIWOOM KRX100,17190,2,400,2.38,17236.0,-25.1323,243,4,413,2026-09-18 05:08:56
0112X0,1,마이티 200TR,41200,2,1165,2.91,41170.0,-25.0983,3279,134,412,2026-09-18 05:08:56
494840,4,TIGER 미국방산TOP10,12290,5,-130,-1.05,12316.0,-10.8746,17539,215,412,2026-09-18 05:08:56
139320,5,TIGER 금은선물(H),18195,2,275,1.53,18135.0,-2.9253,8359,150,409,2026-09-18 05:08:56
401170,2,RISE 메타버스,10470,2,195,1.9,10462.0,-27.3852,6079,63,408,2026-09-18 05:08:56
428510,4,KODEX 차이나AI테크액티브,23990,2,1005,4.37,23992.0,-27.4535,11796,276,408,2026-09-18 05:08:56
472840,1,IBK 200,108750,2,3135,2.97,108991.0,-25.3444,234,25,408,2026-09-18 05:08:56
0192L0,2,RISE SK하이닉스단일종목레버리지,10165,2,1115,12.32,10160.0,-67.1686,71863,712,407,2026-09-18 05:08:56
448570,1,FOCUS AI코리아액티브,30085,2,560,1.9,30115.0,-18.168,12,0,406,2026-09-18 05:08:56
183700,7,RISE 200채권혼합50,96390,2,1120,1.18,96257.0,-12.9557,2955,284,405,2026-09-18 05:08:56
322410,2,HANARO K고배당,22890,5,-105,-0.46,22927.0,-3.9246,1144,26,401,2026-09-18 05:08:56
0007G0,4,PLUS 글로벌원자력밸류체인,13060,2,200,1.56,13112.0,-19.3731,3294,43,398,2026-09-18 05:08:56
476260,2,HANARO 반도체핵심공정주도주,12675,2,180,1.44,12697.0,-24.1348,141514,1788,393,2026-09-18 05:08:56
139280,2,TIGER 경기방어,12270,2,50,0.41,12287.0,-3.3183,641,7,393,2026-09-18 05:08:56
0194M0,2,ACE 삼성전자단일종목레버리지,10725,2,670,6.66,10769.0,-59.8844,27789,297,389,2026-09-18 05:08:56
491830,4,TIGER 미국AI반도체팹리스,22202,2,897,4.21,22066.0,-21.5433,51067,1124,389,2026-09-18 05:08:56
275280,2,KODEX 모멘텀주,42935,2,1415,3.41,43030.0,-26.6721,5267,226,386,2026-09-18 05:08:56
0100K0,2,KODEX 방산TOP10레버리지,6455,2,245,3.95,6502.0,-50.1205,304173,1937,381,2026-09-18 05:08:56
352540,7,KODEX 일본부동산리츠(H),10980,5,-50,-0.45,11046.0,0.0167,30046,330,373,2026-09-18 05:08:56
449690,4,TIGER 한중반도체(합성),49675,2,1495,3.1,49982.0,-24.0902,258,12,373,2026-09-18 05:08:56
195930,4,TIGER 유로스탁스50(합성 H),23055,2,40,0.17,23269.0,0.3706,4257,98,369,2026-09-18 05:08:56
147970,2,TIGER 모멘텀,79840,2,705,0.89,80009.0,-25.6879,684,54,367,2026-09-18 05:08:56
464470,6,PLUS 미국채30년액티브,47745,2,460,0.97,47725.0,-13.1825,6675,318,365,2026-09-18 05:08:56
0222D0,2,KoAct 고배당액티브,10350,5,-95,-0.91,10357.0,,217908,2259,362,2026-09-18 05:08:56
452250,6,ACE 미국30년국채선물레버리지(합성 H),4665,2,90,1.97,4682.0,-11.2513,4117,19,362,2026-09-18 05:08:56
365000,2,TIGER 인터넷TOP10,3560,2,85,2.45,3571.0,-27.3773,44313,157,360,2026-09-18 05:08:56
276970,4,KODEX 미국S&P500배당귀족커버드콜(합성 H),7630,2,40,0.53,7733.0,1.7647,5373,40,359,2026-09-18 05:08:56
400970,2,TIGER Fn메타버스,7140,2,15,0.21,7146.0,-25.2361,1195,8,357,2026-09-18 05:08:56
474800,4,KIWOOM 미국원유에너지기업,16180,2,75,0.47,16202.0,6.8314,34358,557,356,2026-09-18 05:08:56
450910,1,SOL 코스닥150,13535,2,25,0.19,13587.0,-24.0585,1977,26,355,2026-09-18 05:08:56
104530,2,KIWOOM 코리아고배당,17250,5,-15,-0.09,17253.0,-6.428,6902,119,354,2026-09-18 05:08:56
276650,4,RISE 글로벌테크놀로지(합성 H),46750,2,755,1.64,46654.0,-3.046,29,1,351,2026-09-18 05:08:56
0154F0,2,WON 초대형IB&금융지주,12240,5,-85,-0.69,12258.0,-6.6288,12583,154,349,2026-09-18 05:08:56
407830,4,에셋플러스 글로벌플랫폼액티브,14490,2,360,2.55,14493.0,-16.1176,433,6,348,2026-09-18 05:08:56
0023B0,4,PLUS 미국양자컴퓨팅TOP10,16550,2,820,5.21,16413.0,-23.0243,21082,345,348,2026-09-18 05:08:56
0085N0,6,ACE 미국10년국채액티브(H),9640,2,30,0.31,9640.0,-2.5321,24330,234,347,2026-09-18 05:08:56
0234N0,2,KIWOOM 삼성SK그룹TOP4+,10160,2,350,3.57,10186.0,,306593,3096,345,2026-09-18 05:08:56
469050,4,RISE 미국반도체NYSE(H),31400,2,980,3.22,31256.0,-17.4472,26191,815,345,2026-09-18 05:08:56
241390,7,RISE V&S셀렉트밸류채권혼합,15670,2,175,1.13,15629.0,-8.3408,1623,25,345,2026-09-18 05:08:56
0184E0,7,1Q 200채권혼합50액티브,11085,2,205,1.88,11085.0,-12.0275,111798,1235,344,2026-09-18 05:08:56
491090,4,KODEX 미국테크TOP3플러스,18475,2,415,2.3,18382.0,-5.2163,67302,1237,342,2026-09-18 05:08:56
0089B0,7,PLUS 미국나스닥100미국채혼합50,11250,2,90,0.81,11244.0,-9.7307,4563,51,338,2026-09-18 05:08:56
261250,7,KODEX 미국달러선물레버리지,16040,2,80,0.5,16048.0,-16.0,86067,1375,337,2026-09-18 05:08:56
385520,2,KODEX 자율주행액티브,15600,2,305,1.99,15630.0,-27.2014,1061,16,335,2026-09-18 05:08:56
449780,4,KIWOOM 미국S&P500(H),18610,2,140,0.76,18568.0,0.3295,2494,46,335,2026-09-18 05:08:56
099140,4,KODEX 차이나H,20820,2,195,0.95,20868.0,-7.874,8861,184,333,2026-09-18 05:08:56
0083S0,4,1Q 미국메디컬AI,11895,2,870,7.89,11932.0,5.7225,111026,1312,333,2026-09-18 05:08:56
138910,5,KODEX 구리선물(H),10020,2,160,1.62,10017.0,-2.3279,17289,173,331,2026-09-18 05:08:56
475070,4,KoAct 글로벌친환경전력인프라액티브,29980,2,700,2.39,29870.0,-26.8732,1665,49,330,2026-09-18 05:08:56
0138T0,4,RISE 미국S&P500데일리고정커버드콜,9410,2,50,0.53,9427.0,-7.536,15826,148,329,2026-09-18 05:08:56
498860,2,RISE 코리아금융고배당,16450,5,-110,-0.66,16440.0,-13.2153,8622,141,329,2026-09-18 05:08:56
105780,2,RISE 5대그룹주,16400,2,300,1.86,16438.0,-27.8351,1734,28,328,2026-09-18 05:08:56
459560,4,KODEX 테슬라밸류체인FactSet,21860,2,300,1.39,21843.0,-20.164,555,12,328,2026-09-18 05:08:56
380340,2,ACE 코리아AI테크핵심산업,27210,2,825,3.13,27296.0,-32.2854,2566,69,327,2026-09-18 05:08:56
117460,2,KODEX 에너지화학,13650,5,-120,-0.87,13677.0,-14.3695,33588,461,325,2026-09-18 05:08:56
465350,3,RISE 2차전지TOP10인버스(합성),16230,2,15,0.09,16375.0,4.9514,24294,393,325,2026-09-18 05:08:56
122260,6,KIWOOM 통안채1년,104220,3,0,0.0,104208.0,0.5693,1177,122,323,2026-09-18 05:08:56
174360,4,RISE 중국본토대형주CSI100,22870,2,310,1.37,23002.0,-16.1339,411,9,320,2026-09-18 05:08:56
322400,2,HANARO e커머스,9665,5,-70,-0.72,9678.0,-17.7788,4233,40,319,2026-09-18 05:08:56
0204S0,1,TIGER 코스닥액티브,7080,2,40,0.57,7104.0,-24.6253,152862,1088,317,2026-09-18 05:08:56
117680,2,KODEX 철강,12850,2,145,1.14,12873.0,-7.7408,26901,345,315,2026-09-18 05:08:56
245350,4,TIGER 유로스탁스배당30,19650,2,135,0.69,19699.0,-3.0749,459,9,314,2026-09-18 05:08:56
139270,2,TIGER 200 금융,17065,5,-245,-1.42,17096.0,-3.3014,21116,363,314,2026-09-18 05:08:56
352560,7,KODEX 미국부동산리츠(H),11845,5,-15,-0.13,11906.0,-4.592,25211,298,314,2026-09-18 05:08:56
275290,2,KODEX 가치주,34860,2,960,2.83,34939.0,-20.9641,2913,101,314,2026-09-18 05:08:56
0218J0,7,RISE 미국우주&로봇TOP2미국채혼합50,9360,2,125,1.35,9311.0,,74260,694,314,2026-09-18 05:08:56
256440,4,ACE MSCI인도네시아(합성),5140,5,-55,-1.06,5153.0,-12.0982,31315,161,314,2026-09-18 05:08:56
395290,2,HANARO Fn K-POP&미디어,4925,5,-35,-0.71,4921.0,-19.4806,52388,258,313,2026-09-18 05:08:56
0150K0,2,KoAct 수소전력ESS인프라액티브,11160,2,255,2.34,11195.0,-15.9214,35150,392,312,2026-09-18 05:08:56
156080,1,KODEX MSCI Korea,52080,2,1525,3.02,52179.0,-25.6238,6111,318,312,2026-09-18 05:08:56
465660,4,TIGER 일본반도체FACTSET,24025,2,1010,4.39,24137.0,-26.6181,4032,95,312,2026-09-18 05:08:56
476690,4,TIGER 글로벌비만치료제TOP2Plus,10400,2,220,2.16,10394.0,-6.3606,1685,17,312,2026-09-18 05:08:56
459750,4,RISE 글로벌주식분산액티브,17760,2,210,1.2,17845.0,-9.0644,1891,33,311,2026-09-18 05:08:56
261140,2,TIGER 우선주,24065,2,190,0.8,24129.0,-16.9024,3348,80,308,2026-09-18 05:08:56
415920,5,PLUS 글로벌희토류&전략자원생산기업,6550,2,110,1.71,6555.0,-35.3739,37144,242,308,2026-09-18 05:08:56
426150,6,WON 대한민국국고채액티브,51035,2,230,0.45,50919.0,-2.8307,38,1,307,2026-09-18 05:08:56
395170,2,KODEX Top10동일가중,15280,2,360,2.41,15316.0,-31.6903,40902,625,306,2026-09-18 05:08:56
227540,2,TIGER 200 헬스케어,18400,5,-220,-1.18,18421.0,-1.4815,21448,396,305,2026-09-18 05:08:56
248270,4,TIGER S&P글로벌헬스케어(합성),26220,2,170,0.65,26309.0,-0.743,1794,47,304,2026-09-18 05:08:56
153270,1,KIWOOM 코스피100,84405,2,2265,2.76,84608.0,-25.3981,2091,175,304,2026-09-18 05:08:56
468630,6,KODEX iShares미국투자등급회사채액티브,10810,2,80,0.75,10801.0,-11.3494,15090,162,304,2026-09-18 05:08:56
494410,4,PLUS 미국S&P500성장주,14370,2,205,1.45,14278.0,-7.7719,138493,1982,302,2026-09-18 05:08:56
496770,4,PLUS 글로벌방산,16725,5,-25,-0.15,16722.0,-8.5699,6251,104,301,2026-09-18 05:08:56
469790,2,KIWOOM 코리아테크TOP10,42950,2,1520,3.67,43018.0,-27.8104,1680,71,301,2026-09-18 05:08:56
450190,4,KODEX 한중반도체(합성),50045,2,1375,2.83,50413.0,-24.3668,1221,60,300,2026-09-18 05:08:56
0155N0,2,HANARO K휴머노이드테마TOP10,7695,2,60,0.79,7719.0,-26.4806,37609,290,300,2026-09-18 05:08:56
446690,4,KODEX 아시아AI반도체exChina액티브,59880,2,2455,4.28,59954.0,-29.7834,1344,79,299,2026-09-18 05:08:56
266360,2,KODEX K콘텐츠,9330,5,-10,-0.11,9347.0,-18.142,10848,101,299,2026-09-18 05:08:56
415340,4,KODEX 차이나과창판STAR50(합성),14400,2,475,3.41,14515.0,-17.6767,54563,762,298,2026-09-18 05:08:56
217770,5,TIGER 원유선물인버스(H),1062,3,0,0.0,1060.0,-29.762,527338,560,298,2026-09-18 05:08:56
0155M0,4,ACE 미국SMR원자력TOP10,6585,2,320,5.11,6586.0,-25.4611,89666,588,296,2026-09-18 05:08:56
459790,4,KIWOOM 미국성장기업30액티브,20390,2,330,1.65,20349.0,-16.347,147,2,296,2026-09-18 05:08:56
192720,2,파워 고배당저변동성,57940,5,-490,-0.84,57970.0,-3.8113,869,50,295,2026-09-18 05:08:56
387270,4,TIGER 글로벌이노베이션액티브,25435,2,615,2.48,25431.0,-20.3083,993,25,295,2026-09-18 05:08:56
494340,4,ACE 글로벌AI맞춤형반도체,19520,2,995,5.37,19346.0,-32.7709,9393,181,293,2026-09-18 05:08:56
145850,2,TREX 펀더멘탈 200,116815,2,35,0.03,117061.0,-16.6953,3,0,292,2026-09-18 05:08:56
253250,3,KIWOOM 200선물레버리지,100100,2,5985,6.36,100254.0,-51.6976,625,62,290,2026-09-18 05:08:56
0203S0,7,WON 삼성전자현대차채권혼합50,8515,2,80,0.95,8523.0,-16.5678,25191,214,290,2026-09-18 05:08:56
0192T0,2,SOL 코스닥TOP10,6800,2,5,0.07,6811.0,-27.5973,265688,1805,289,2026-09-18 05:08:56
0107F0,4,KIWOOM 미국고배당&AI테크,11235,2,125,1.13,11303.0,-9.0632,2773,31,286,2026-09-18 05:08:56
0166N0,1,PLUS 코스닥150액티브,8160,2,215,2.71,8166.0,-22.7141,15368,124,286,2026-09-18 05:08:56
489290,4,WON 미국빌리어네어,15005,2,100,0.67,15010.0,-7.8801,13251,198,285,2026-09-18 05:08:56
0013R0,7,RISE 테슬라미국채타겟커버드콜혼합(합성),7890,2,135,1.74,7880.0,-14.6033,10500,82,284,2026-09-18 05:08:56
476070,4,KODEX 글로벌비만치료제TOP2 Plus,10700,2,185,1.76,10720.0,-6.2486,6269,66,284,2026-09-18 05:08:56
261060,2,TIGER 코스닥150IT,24850,2,230,0.93,24904.0,-20.039,11755,292,283,2026-09-18 05:08:56
0192M0,2,RISE 삼성전자단일종목레버리지,10845,2,675,6.64,10919.0,-59.4255,30422,327,279,2026-09-18 05:08:56
271060,5,KODEX 3대농산물선물(H),9030,5,-95,-1.04,9071.0,18.0465,21370,193,279,2026-09-18 05:08:56
464920,4,PLUS 일본반도체소부장,23155,2,875,3.93,23226.0,-26.9509,8651,199,278,2026-09-18 05:08:56
0224X0,7,1Q 엔비디아알파벳미국채혼합50,9885,2,135,1.38,9814.0,,81700,804,277,2026-09-18 05:08:56
223190,2,KODEX 200가치저변동,27650,2,250,0.91,27670.0,-17.2492,553,15,277,2026-09-18 05:08:56
0223R0,4,TIGER 미국테크NYSE100액티브,9430,2,265,2.89,9371.0,,12505,116,274,2026-09-18 05:08:56
139250,2,TIGER 200 에너지화학,17500,5,-15,-0.09,17532.0,-14.0388,16491,290,273,2026-09-18 05:08:56
289480,3,TIGER 200커버드콜,12990,2,245,1.92,13073.0,1.7444,19104,247,273,2026-09-18 05:08:56
0164G0,4,RISE 차이나AI반도체TOP4Plus,12985,2,480,3.84,13133.0,-25.2094,53368,675,273,2026-09-18 05:08:56
0049K0,7,ACE 미국배당퀄리티채권혼합50,11070,2,45,0.41,11067.0,-3.872,7844,86,271,2026-09-18 05:08:56
0137W0,4,KIWOOM 미국S&P500&GOLD,10355,2,100,0.98,10387.0,-7.6905,4436,45,269,2026-09-18 05:08:56
475380,7,RISE 글로벌리얼티인컴,10130,2,75,0.75,10117.0,-12.6437,4991,50,268,2026-09-18 05:08:56
437350,6,RISE 미국단기투자등급회사채액티브,12165,2,55,0.45,12154.0,-9.2545,45357,551,268,2026-09-18 05:08:56
440340,7,TIGER 글로벌멀티에셋TIF액티브,11860,2,45,0.38,11908.0,-9.6327,5746,68,267,2026-09-18 05:08:56
493420,4,SOL 미국배당다우존스2호,12565,2,20,0.16,12544.0,-4.3212,1325,16,264,2026-09-18 05:08:56
167860,6,KIWOOM 국고채10년레버리지,90370,2,655,0.73,90331.0,-4.9831,3,0,262,2026-09-18 05:08:56
0198D0,2,1Q SK하이닉스선물단일종목레버리지,10335,2,1045,11.25,10370.0,-68.114,102040,1034,261,2026-09-18 05:08:56
252710,3,TIGER 200선물인버스2X,80,5,-5,-5.88,79.0,16.4383,44881582,3615,259,2026-09-18 05:08:56
277540,4,ACE 아시아TOP50,32300,2,410,1.29,32509.0,-14.1011,416,13,258,2026-09-18 05:08:56
0209Z0,2,ACE 코리아AI전력TOP10,7350,2,170,2.37,7367.0,,107453,789,257,2026-09-18 05:08:56
0115C0,4,RISE 미국고배당다우존스TOP10,10920,2,20,0.18,10901.0,-6.449,5896,64,257,2026-09-18 05:08:56
483570,4,KCGI 미국S&P500 TOP10,16030,2,240,1.52,16004.0,-6.012,1080,17,256,2026-09-18 05:08:56
0047R0,4,RISE 팔란티어고정테크100,15440,2,360,2.39,15347.0,-1.3043,6902,105,255,2026-09-18 05:08:56
261120,7,TIGER 미국달러선물인버스2X,5260,5,-20,-0.38,5267.0,18.6516,326,1,252,2026-09-18 05:08:56
481340,6,RISE 미국30년국채액티브,8555,2,95,1.12,8548.0,-13.805,42745,365,252,2026-09-18 05:08:56
245360,4,TIGER 차이나HSCEI,12015,2,45,0.38,12054.0,-8.4885,4511,54,252,2026-09-18 05:08:56
496120,1,ACE 코리아밸류업,33535,2,760,2.32,33577.0,-21.0318,368,12,252,2026-09-18 05:08:56
0152E0,2,SOL 배당성향탑픽액티브,10690,5,-25,-0.23,10709.0,-10.1564,4494,48,251,2026-09-18 05:08:56
414270,4,ACE 글로벌자율주행액티브,11655,2,315,2.78,11645.0,-18.9711,2089,24,251,2026-09-18 05:08:56
185680,4,KODEX 미국S&P바이오(합성),46665,2,1410,3.12,46824.0,3.6769,4821,224,248,2026-09-18 05:08:56
292500,1,SOL KRX300,49295,2,860,1.78,49393.0,-24.7139,17,0,246,2026-09-18 05:08:56
368190,2,HANARO Fn K-뉴딜디지털플러스,7640,3,0,0.0,7670.0,-11.7783,289,2,244,2026-09-18 05:08:56
479850,2,HANARO K-뷰티,18030,2,70,0.39,18046.0,14.9807,25568,460,243,2026-09-18 05:08:56
0097L0,7,KIWOOM 한국고배당&미국AI테크,12475,2,45,0.36,12493.0,-9.3798,2874,35,243,2026-09-18 05:08:56
159800,1,마이티 코스피100,86745,2,2265,2.68,87020.0,-25.4073,384,33,243,2026-09-18 05:08:56
289250,2,TIGER MSCI KOREA ESG유니버설,35180,2,810,2.36,35234.0,-22.693,9689,340,243,2026-09-18 05:08:56
295020,6,RISE 국채선물10년인버스,61290,5,-105,-0.17,61309.0,3.2629,11,0,243,2026-09-18 05:08:56
292160,1,TIGER KRX300,48410,2,1005,2.12,48485.0,-24.3512,8229,397,242,2026-09-18 05:08:56
0103T0,2,1Q K소버린AI,8200,2,40,0.49,8212.0,-17.1153,20322,166,242,2026-09-18 05:08:56
0177A0,2,WON 두산그룹포커스,9540,2,90,0.95,9555.0,-21.1186,52830,505,239,2026-09-18 05:08:56
225130,4,ACE 골드선물 레버리지(합성 H),47580,2,1290,2.79,48015.0,-5.3181,669,31,238,2026-09-18 05:08:56
195970,4,PLUS 선진국MSCI(합성 H),16250,5,-20,-0.12,16322.0,0.432,2683,43,237,2026-09-18 05:08:56
419430,4,KODEX 차이나2차전지MSCI(합성),8470,2,90,1.07,8522.0,-30.1085,1763,14,237,2026-09-18 05:08:56
0093D0,7,KoAct 팔란티어밸류체인액티브,18110,2,410,2.32,18077.0,-15.9145,17323,313,235,2026-09-18 05:08:56
138230,7,KIWOOM 미국달러선물,16235,2,20,0.12,16265.0,-7.8432,4337,70,235,2026-09-18 05:08:56
367740,2,HANARO Fn5G산업,42600,2,670,1.6,42685.0,-22.1862,189,8,234,2026-09-18 05:08:56
0206G0,7,1Q 현대차기아채권혼합50,7930,2,40,0.51,7947.0,-17.7268,174444,1384,234,2026-09-18 05:08:56
364690,1,KODEX 혁신기술테마액티브,38825,2,1035,2.74,38988.0,-27.3619,440,17,233,2026-09-18 05:08:56
388280,2,RISE K엔터&여행레저,7045,3,0,0.0,7056.0,-21.5479,8436,59,230,2026-09-18 05:08:56
0047P0,4,RISE 테슬라고정테크100,14725,2,285,1.97,14648.0,-10.1691,6694,98,228,2026-09-18 05:08:56
280930,4,KODEX 미국러셀2000(H),16250,5,-10,-0.06,16243.0,-2.8964,4413,71,228,2026-09-18 05:08:56
442550,7,RISE TDF2030액티브 적격,14660,2,140,0.96,14636.0,-7.2899,15466,225,227,2026-09-18 05:08:56
461450,1,KODEX 코스닥글로벌,15045,5,-30,-0.2,15032.0,-21.4844,3632,54,226,2026-09-18 05:08:56
465670,4,TIGER 미국캐시카우100,16620,5,-75,-0.45,16703.0,3.5579,5205,86,224,2026-09-18 05:08:56
300950,2,KODEX 게임산업,5340,2,35,0.66,5343.0,-13.8799,24385,130,224,2026-09-18 05:08:56
269420,4,KODEX S&P글로벌인프라(합성),21670,2,100,0.46,21671.0,-13.4604,3122,67,224,2026-09-18 05:08:56
411540,1,SOL 200 Top10,17050,2,215,1.28,17039.0,-23.5285,791,13,222,2026-09-18 05:08:56
376410,2,TIGER 탄소효율그린뉴딜,24565,2,615,2.57,24571.0,-23.2238,145,3,221,2026-09-18 05:08:56
375760,2,HANARO 탄소효율그린뉴딜,24505,2,735,3.09,24490.0,-23.6517,57,1,221,2026-09-18 05:08:56
0127R0,4,RISE 미국AI클라우드인프라,16330,2,10,0.06,16232.0,-24.6095,11922,192,220,2026-09-18 05:08:56
461600,6,SOL 미국30년국채액티브(H),8295,2,60,0.73,8284.0,-5.236,3965,32,220,2026-09-18 05:08:56
239660,6,PLUS 우량회사채50,121745,2,60,0.05,121734.0,0.5785,739,89,219,2026-09-18 05:08:56
108590,1,TREX 200,109305,2,3315,3.13,109161.0,-25.096,20,2,219,2026-09-18 05:08:56
371450,4,TIGER 글로벌클라우드컴퓨팅INDXX,13965,2,185,1.34,13947.0,10.9054,2360,32,218,2026-09-18 05:08:56
0026E0,4,KODEX 미국S&P500버퍼3월액티브,11755,2,60,0.51,11814.0,-5.951,10,0,217,2026-09-18 05:08:56
456680,4,TIGER 차이나전기차레버리지(합성),5320,2,125,2.41,5334.0,-48.3855,14890,78,217,2026-09-18 05:08:56
447660,7,PLUS 애플채권혼합,13940,2,60,0.43,13952.0,0.867,17301,241,216,2026-09-18 05:08:56
0186L0,4,KoAct 미국로봇피지컬AI액티브,9385,2,185,2.01,9331.0,-24.2175,23081,215,216,2026-09-18 05:08:56
0065G0,4,KODEX 차이나테크TOP10,8440,2,180,2.18,8458.0,-13.9679,7053,58,215,2026-09-18 05:08:56
433220,4,에셋플러스 글로벌대장장이액티브,28890,2,205,0.71,29004.0,-20.5512,26,0,214,2026-09-18 05:08:56
477730,4,KODEX 인도타타그룹,7230,2,40,0.56,7233.0,-13.0846,1824,13,213,2026-09-18 05:08:56
0153X0,4,PLUS 미국고배당주액티브,11200,2,10,0.09,11195.0,-1.4238,6439,72,213,2026-09-18 05:08:56
204450,4,KODEX 차이나H레버리지(H),2200,2,55,2.56,2191.0,-3.5956,11820,25,211,2026-09-18 05:08:56
463300,4,RISE 중국본토CSI300,13030,2,140,1.09,13187.0,-14.4856,431,5,208,2026-09-18 05:08:56
0192S0,7,SOL 코스피200채권혼합50,9465,2,130,1.39,9486.0,-13.2909,182776,1726,208,2026-09-18 05:08:56
091220,2,TIGER 은행,17352,5,-218,-1.24,17380.0,7.3082,41975,736,208,2026-09-18 05:08:56
337120,2,KODEX 멀티팩터,34670,2,1000,2.97,34716.0,-25.1761,12,0,208,2026-09-18 05:08:56
416090,4,ACE 중국과창판STAR50,13000,2,400,3.17,13090.0,-18.9711,20979,270,208,2026-09-18 05:08:56
226980,1,KODEX 200 중소형,23100,2,155,0.68,23092.0,-14.3439,1686,38,208,2026-09-18 05:08:56
471460,6,KIWOOM 국고채30년액티브,45060,5,-135,-0.3,45138.0,-6.6374,846,38,207,2026-09-18 05:08:56
469160,4,ACE 일본반도체,24340,2,665,2.81,24331.0,-28.1269,25521,610,207,2026-09-18 05:08:56
0239Z0,2,PLUS AI반도체소부장액티브,10310,5,-55,-0.53,10338.0,,329309,3416,206,2026-09-18 05:08:56
300640,2,RISE 게임테마,6320,2,5,0.08,6334.0,-9.3975,755,4,205,2026-09-18 05:08:56
438320,4,TIGER 차이나항셍테크레버리지(합성 H),4750,2,190,4.17,4743.0,-17.0155,29195,136,205,2026-09-18 05:08:56
489000,6,PLUS 일본엔화초단기국채(합성),9325,5,-65,-0.69,9336.0,-5.6282,169830,1587,205,2026-09-18 05:08:56
253290,7,RISE 헬스케어채권혼합,11390,5,-25,-0.22,11456.0,-5.2698,8410,96,205,2026-09-18 05:08:56
0231Z0,7,KODEX 코리아TDF2065액티브 적격,10245,2,230,2.3,10260.0,,24214,247,205,2026-09-18 05:08:56
0067V0,4,TIGER 차이나글로벌리더스TOP3+,9305,2,85,0.92,9368.0,-17.4575,855,7,205,2026-09-18 05:08:56
152380,6,KODEX 국채선물10년,64310,2,120,0.19,64265.0,-2.1569,452,29,205,2026-09-18 05:08:56
464600,2,SOL 자동차소부장Fn,22660,2,530,2.39,22671.0,-33.0004,816,18,204,2026-09-18 05:08:56
417630,2,TIGER KEDI혁신기업ESG30,19420,2,190,0.99,19443.0,-14.8173,3100,60,204,2026-09-18 05:08:56
437070,6,KODEX 아시아달러채권ESG플러스액티브,58810,2,305,0.52,58709.0,-10.4766,1213,71,203,2026-09-18 05:08:56
289040,2,KODEX MSCI KOREA ESG유니버설,33595,2,615,1.86,33891.0,-22.1182,1,0,202,2026-09-18 05:08:56
169950,4,KODEX 차이나A50,25160,2,440,1.78,25499.0,-14.5819,322,8,201,2026-09-18 05:08:56
0190M0,4,KIWOOM 미국AI테크하이베타,8360,2,315,3.92,8296.0,-31.21,11843,98,201,2026-09-18 05:08:56
404120,2,TIME K신재생에너지액티브,24820,2,260,1.06,24884.0,-23.3937,755,18,199,2026-09-18 05:08:56
364990,2,TIGER 게임TOP10,4495,2,60,1.35,4496.0,-16.3208,33574,150,198,2026-09-18 05:08:56
379790,4,RISE 유로스탁스50(H),17135,2,75,0.44,17185.0,0.3458,2483,42,197,2026-09-18 05:08:56
304770,1,HANARO 코스닥150,13815,2,15,0.11,13888.0,-23.9879,3183,44,196,2026-09-18 05:08:56
284980,2,RISE 200금융,22700,5,-330,-1.43,22737.0,-3.5518,3355,76,195,2026-09-18 05:08:56
0239Y0,2,PLUS 코리아HBM반도체,9730,2,200,2.1,9753.0,,503295,4876,195,2026-09-18 05:08:56
497780,4,KoAct 미국천연가스인프라액티브,10500,2,100,0.96,10436.0,-8.7481,5075,53,194,2026-09-18 05:08:56
404260,2,KODEX 기후변화솔루션,24100,2,275,1.15,24155.0,-23.1296,333,8,193,2026-09-18 05:08:56
487950,4,KODEX 대만테크고배당다우존스,13280,2,215,1.65,13264.0,-9.0297,9140,120,193,2026-09-18 05:08:56
213630,4,PLUS 미국다우존스고배당주(합성 H),20815,2,110,0.53,20743.0,1.7194,1438,29,191,2026-09-18 05:08:56
276000,4,TIGER 글로벌자원생산기업(합성 H),21180,2,90,0.43,21242.0,6.6498,3787,80,191,2026-09-18 05:08:56
461910,4,PLUS 미국테크TOP10레버리지(합성),37985,2,1645,4.53,37766.0,-13.3938,469,17,190,2026-09-18 05:08:56
304760,1,HANARO KRX300,47450,2,1240,2.68,47540.0,-25.4069,165,7,190,2026-09-18 05:08:56
0104P0,2,TIGER 코리아배당다우존스위클리커버드콜,11005,5,-40,-0.36,10996.0,-4.9261,3549,39,187,2026-09-18 05:08:56
228820,1,TIGER KTOP30,18645,2,340,1.86,18687.0,-23.0362,3931,73,186,2026-09-18 05:08:56
183710,7,RISE 주식혼합,93105,2,1705,1.87,93226.0,-19.3826,345,32,186,2026-09-18 05:08:56
229720,1,KODEX KTOP30,36965,2,540,1.48,37028.0,-23.5626,1500,55,185,2026-09-18 05:08:56
0144M0,4,KODEX 미국드론UAM TOP10,6715,2,145,2.21,6683.0,-26.8782,54377,364,185,2026-09-18 05:08:56
445910,2,TIGER MKF배당귀족,20500,2,10,0.05,20542.0,-7.2488,251,5,185,2026-09-18 05:08:56
407310,1,HANARO 200 TOP10,16680,2,280,1.71,16687.0,-23.6316,3077,51,183,2026-09-18 05:08:56
445690,2,BNK 주주가치액티브,30480,2,290,0.96,30531.0,-16.5677,8,0,183,2026-09-18 05:08:56
461900,4,PLUS 미국테크TOP10,22785,2,465,2.08,22802.0,-5.6237,1281,29,182,2026-09-18 05:08:56
0018Z0,4,RISE 미국양자컴퓨팅,18195,2,625,3.56,18143.0,-19.6902,4479,81,182,2026-09-18 05:08:56
381560,2,HANARO Fn전기&수소차,17320,2,210,1.23,17350.0,-25.4545,2490,43,182,2026-09-18 05:08:56
272570,6,RISE 중장기국공채액티브,107460,2,165,0.15,107428.0,-0.4547,132,14,181,2026-09-18 05:08:56
415760,4,SOL 차이나육성산업액티브(합성),13260,2,390,3.03,13474.0,-18.0516,145519,1884,180,2026-09-18 05:08:56
449580,7,RISE 테슬라애플아마존채권혼합,16255,2,90,0.56,16272.0,-3.309,4148,67,179,2026-09-18 05:08:56
227830,1,PLUS 코스피,71120,2,1700,2.45,71352.0,-23.9911,148,10,178,2026-09-18 05:08:56
468370,6,KODEX iShares미국인플레이션국채액티브,10545,2,40,0.38,10546.0,-10.633,8613,90,176,2026-09-18 05:08:56
195920,4,TIGER 일본TOPIX(합성 H),35205,5,-90,-0.25,35371.0,1.7293,170,5,176,2026-09-18 05:08:56
289260,2,TIGER MSCI KOREA ESG리더스,29225,2,955,3.38,29234.0,-21.3193,462,13,175,2026-09-18 05:08:56
385600,2,ACE 2차전지&친환경차액티브,11625,5,-15,-0.13,11645.0,-22.9905,2157,25,174,2026-09-18 05:08:56
460660,4,RISE 미국S&P배당킹,11622,2,42,0.36,11597.0,-6.1331,1175,13,174,2026-09-18 05:08:56
225060,4,TIGER 이머징마켓MSCI레버리지(합성 H),16400,2,465,2.92,16431.0,-10.7283,27,0,174,2026-09-18 05:08:56
0223A0,2,RISE 코스닥커버드콜액티브,10850,2,165,1.54,10852.0,,166206,1800,174,2026-09-18 05:08:56
292050,1,RISE KRX300,49580,2,1445,3.0,49671.0,-25.3721,227,11,174,2026-09-18 05:08:56
130680,5,TIGER 원유선물Enhanced(H),8215,2,30,0.37,8226.0,33.0894,12932,106,173,2026-09-18 05:08:56
391670,1,HK 베스트일레븐액티브,28750,2,985,3.55,28757.0,-28.4408,3,0,173,2026-09-18 05:08:56
0203R0,6,WON 중단기종합채권(A-이상)액티브,50415,3,0,0.0,50433.0,0.5785,0,0,171,2026-09-18 05:08:56
0105D0,2,SOL 한국AI소프트웨어,9015,2,55,0.61,9027.0,-20.8131,13775,123,171,2026-09-18 05:08:56
0086C0,7,TIGER 리츠부동산인프라10채권혼합액티브,9760,2,5,0.05,9766.0,-2.8694,1698,16,171,2026-09-18 05:08:56
0193K0,2,PLUS 삼성전자단일종목레버리지,11870,2,715,6.41,11868.0,-58.5625,11669,136,169,2026-09-18 05:08:56
457690,6,KODEX 33-06 국고채액티브,10420,2,25,0.24,10425.0,-1.2821,163,1,169,2026-09-18 05:08:56
474920,4,에셋플러스 차이나일등기업포커스10액티브,17910,2,320,1.82,17917.0,-10.8013,228,4,168,2026-09-18 05:08:56
477490,4,에셋플러스 글로벌일등기업포커스10액티브,18690,2,225,1.22,18648.0,-15.2204,250,4,168,2026-09-18 05:08:56
483330,4,ACE 마이크로소프트밸류체인액티브,15195,2,130,0.86,15156.0,-0.7249,3289,49,167,2026-09-18 05:08:56
219390,4,RISE 미국S&P원유생산기업(합성 H),8335,2,15,0.18,8462.0,20.7547,25996,216,167,2026-09-18 05:08:56
419650,4,PLUS 글로벌수소&차세대연료전지,5045,2,90,1.82,5048.0,-25.7122,34200,171,166,2026-09-18 05:08:56
332620,6,PLUS 미국장기우량회사채,88255,2,860,0.98,88339.0,-12.8199,69,6,165,2026-09-18 05:08:56
0198B0,2,1Q 삼성전자선물단일종목레버리지,11075,2,695,6.7,11143.0,-60.5399,10974,120,165,2026-09-18 05:08:56
250730,4,RISE 차이나HSCEI(H),9630,2,75,0.78,9762.0,1.5948,481,4,164,2026-09-18 05:08:56
131890,2,ACE 삼성그룹동일가중,39600,2,200,0.51,39648.0,-15.2233,168,6,158,2026-09-18 05:08:56
432840,4,HANARO 미국S&P500,19770,2,220,1.13,19720.0,-7.6244,753,14,158,2026-09-18 05:08:56
494420,2,PLUS 미국배당증가성장주데일리커버드콜,8780,2,65,0.75,8748.0,-10.9607,9932,86,158,2026-09-18 05:08:56
265690,4,ACE 러시아MSCI(합성),8535,3,0,0.0,48.0,0.0,0,0,158,2026-09-18 05:08:56
236350,4,TIGER 인도니프티50레버리지(합성),25405,2,200,0.79,25530.0,-26.4088,1356,34,158,2026-09-18 05:08:56
0207Z0,4,KIWOOM 미국우주데이터센터인프라,7230,2,235,3.36,7207.0,-30.1548,8428,60,155,2026-09-18 05:08:56
0233N0,4,RISE 글로벌AI낸드메모리반도체,10595,2,465,4.59,10640.0,,108892,1144,154,2026-09-18 05:08:56
413930,2,WON AI ESG액티브,27820,2,610,2.24,27875.0,-25.9794,4461,124,153,2026-09-18 05:08:56
491510,2,파워 K-주주가치액티브,17880,5,-5,-0.03,17896.0,-5.8755,45,0,152,2026-09-18 05:08:56
488290,4,MIDAS 일본테크액티브,43115,2,875,2.07,43289.0,-26.141,16196,689,151,2026-09-18 05:08:56
337150,2,KODEX 200exTOP,25085,2,195,0.78,25106.0,-18.9222,116,2,151,2026-09-18 05:08:56
114460,6,ACE 국고채3년,99840,2,165,0.17,99865.0,-0.1571,410,40,150,2026-09-18 05:08:56
0222F0,2,마이티 AI데이터센터밸류체인,12995,2,210,1.64,13031.0,,2370,30,149,2026-09-18 05:08:56
453010,7,PLUS KOFR금리,110010,2,20,0.02,110006.0,0.6635,603,66,147,2026-09-18 05:08:56
0084E0,7,KIWOOM 미국대형주500월간목표헤지액티브,10135,2,20,0.2,10159.0,-9.7897,17,0,147,2026-09-18 05:08:56
387280,2,TIGER 퓨처모빌리티액티브,11570,2,170,1.49,11594.0,-25.3194,737,8,147,2026-09-18 05:08:56
104520,2,KIWOOM 블루칩,14590,2,15,0.1,14590.0,-13.1653,39,0,146,2026-09-18 05:08:56
453630,4,KODEX 미국S&P500필수소비재,12155,5,-30,-0.25,12212.0,-9.7951,4641,56,146,2026-09-18 05:08:56
404650,2,SOL KRX기후변화솔루션,23875,2,300,1.27,23950.0,-24.6595,130,3,143,2026-09-18 05:08:56
244620,2,KODEX 모멘텀Plus,20450,2,430,2.15,20462.0,-24.6094,334,6,143,2026-09-18 05:08:56
484890,6,SOL 머니마켓액티브,52615,2,5,0.01,52608.0,0.7275,11342,596,143,2026-09-18 05:08:56
438900,2,HANARO Fn K-푸드,10970,5,-25,-0.23,10970.0,-0.2712,11311,123,143,2026-09-18 05:08:56
0090B0,2,PLUS K방산소부장,7115,2,100,1.43,7129.0,-31.6943,26063,182,142,2026-09-18 05:08:56
0051A0,4,KoAct 브로드컴밸류체인액티브,23610,2,725,3.17,23462.0,-19.8424,1060,24,142,2026-09-18 05:08:56
485810,4,TIME 글로벌바이오액티브,11730,2,280,2.45,11726.0,7.5622,4010,46,141,2026-09-18 05:08:56
234310,2,RISE V&S셀렉트밸류,27990,2,465,1.69,28039.0,-17.6269,5,0,140,2026-09-18 05:08:56
102960,2,KODEX 기계장비,13705,2,150,1.11,13707.0,-25.8074,1372,18,140,2026-09-18 05:08:56
453820,4,KODEX 인도Nifty50레버리지(합성),10730,2,85,0.8,10785.0,-24.2888,3451,37,139,2026-09-18 05:08:56
0104G0,2,PLUS K방산레버리지,5935,2,140,2.42,5971.0,-54.6912,27837,164,139,2026-09-18 05:08:56
417450,4,RISE 글로벌수소경제,16290,2,265,1.65,16245.0,-19.0577,1792,29,138,2026-09-18 05:08:56
409810,4,KODEX 미국나스닥100선물인버스(H),5530,5,-80,-1.43,5548.0,3.5055,173892,964,138,2026-09-18 05:08:56
373490,2,KODEX 코리아혁신성장액티브,25020,2,510,2.08,25054.0,-27.8906,24,0,138,2026-09-18 05:08:56
0153P0,2,ACE 리츠부동산인프라액티브,9470,2,55,0.58,9467.0,-2.5315,4471,42,137,2026-09-18 05:08:56
496130,1,TRUSTON 코리아밸류업액티브,25375,2,620,2.5,25392.0,-24.9963,5,0,137,2026-09-18 05:08:56
0088N0,2,WON K-글로벌수급상위,10960,2,145,1.34,10973.0,-21.7722,11680,128,137,2026-09-18 05:08:56
0013P0,4,RISE 미국은행TOP10,12415,5,-15,-0.12,12442.0,-8.5305,13268,164,137,2026-09-18 05:08:56
0127V0,4,KIWOOM 미국S&P500 TOP10&배당다우비중전환,10820,2,130,1.22,10810.0,-5.6753,3451,37,135,2026-09-18 05:08:56
137610,5,TIGER 농산물선물Enhanced(H),5870,5,-95,-1.59,5884.0,16.9607,5779,34,135,2026-09-18 05:08:56
0220A0,7,KIWOOM 현대차그룹TOP3채권혼합50,8955,2,30,0.34,8968.0,,10579,94,134,2026-09-18 05:08:56
472720,1,TRUSTON 주주가치액티브,25705,2,505,2.0,25734.0,-19.5146,1019,26,134,2026-09-18 05:08:56
0194R0,2,KIWOOM SK하이닉스선물단일종목레버리지,9695,2,980,11.24,9729.0,-67.5931,25434,239,133,2026-09-18 05:08:56
451600,6,PLUS 국고채30년액티브,83820,2,665,0.8,83720.0,-6.8031,440,37,133,2026-09-18 05:08:56
0004G0,4,1Q 미국배당TOP30,8815,5,-15,-0.17,8810.0,-6.8612,4128,36,132,2026-09-18 05:08:56
0127T0,4,KIWOOM 미국S&P500&배당다우존스비중전환,11010,2,60,0.55,11019.0,-6.8751,1031,11,132,2026-09-18 05:08:56
0028X0,4,KODEX 미국금융테크액티브,11325,5,-35,-0.31,11331.0,-1.992,1699,19,130,2026-09-18 05:08:56
252650,1,KODEX 200동일가중,18585,2,85,0.46,18602.0,-11.5347,1550,28,130,2026-09-18 05:08:56
487750,2,BNK 온디바이스AI,31720,2,1130,3.69,31777.0,-29.042,1701,53,127,2026-09-18 05:08:56
279540,2,KODEX 최소변동성,21015,2,230,1.11,21068.0,-19.3516,75,1,126,2026-09-18 05:08:56
300610,2,TIGER K게임,5360,5,-15,-0.28,5361.0,-9.0525,17222,93,126,2026-09-18 05:08:56
0015F0,7,KIWOOM 팔란티어미국30년국채혼합액티브(H),10480,2,95,0.91,10517.0,2.7249,2120,22,126,2026-09-18 05:08:56
0208N0,1,IBK 코스피액티브,7615,2,225,3.04,7626.0,,6020,45,126,2026-09-18 05:08:56
290080,3,RISE 200고배당커버드콜ATM,7380,5,-80,-1.07,7396.0,19.9925,7425,54,125,2026-09-18 05:08:56
396510,4,TIGER 차이나클린에너지SOLACTIVE,6950,2,80,1.16,7041.0,-23.4541,1174,8,125,2026-09-18 05:08:56
489860,4,KIWOOM 글로벌전력GRID인프라,14700,2,135,0.93,14704.0,-16.7785,2736,40,125,2026-09-18 05:08:56
363510,6,SOL KIS단기통안채,112280,2,5,0.0,112272.0,0.5958,1,0,125,2026-09-18 05:08:56
400570,4,KODEX 유럽탄소배출권선물ICE(H),11755,2,140,1.21,11813.0,5.4471,495,5,125,2026-09-18 05:08:56
435550,7,KIWOOM TDF2050액티브 적격,17750,2,125,0.71,17711.0,-9.4374,1346,23,124,2026-09-18 05:08:56
140710,2,KODEX 운송,6535,5,-35,-0.53,6545.0,-1.7678,12095,79,124,2026-09-18 05:08:56
360150,2,KODEX 코스닥150롱코스피200숏선물,3025,5,-70,-2.26,3021.0,-4.7693,19788,59,124,2026-09-18 05:08:56
166400,3,TIGER 200커버드콜OTM,24655,2,560,2.32,24773.0,-2.0609,2244,55,123,2026-09-18 05:08:56
453060,6,HANARO KOFR금리액티브(합성),111585,2,5,0.0,111568.0,0.7221,46,5,123,2026-09-18 05:08:56
332610,6,PLUS 미국단기회사채(AAA~A),125885,2,430,0.34,125830.0,-8.1771,72,9,121,2026-09-18 05:08:56
404540,2,TIGER KRX기후변화솔루션,24095,2,295,1.24,24156.0,-24.4344,61,1,120,2026-09-18 05:08:56
457700,6,KODEX 53-09 국고채액티브,9105,2,5,0.05,9092.0,-5.7972,733,6,120,2026-09-18 05:08:56
140580,2,RISE 우량업종대표주,24020,2,85,0.36,24032.0,-20.2831,252,6,120,2026-09-18 05:08:56
251590,2,PLUS 고배당저변동50,17110,5,-100,-0.58,17159.0,-1.4161,721,12,120,2026-09-18 05:08:56
410870,2,TIME K컬처액티브,9180,5,-70,-0.76,9202.0,-18.0691,5520,50,119,2026-09-18 05:08:56
282000,3,RISE 국고채3년선물인버스,115400,2,5,0.0,115384.0,1.0685,2,0,118,2026-09-18 05:08:56
0000H0,2,KODEX 인도Nifty미드캡100,10205,2,120,1.19,10198.0,-11.452,820,8,117,2026-09-18 05:08:56
0193L0,2,PLUS 삼성전자선물단일종목인버스2X,9025,5,-620,-6.43,9010.0,-20.9427,453236,4124,117,2026-09-18 05:08:56
269370,4,TIGER S&P글로벌인프라(합성),16690,2,85,0.51,16671.0,-13.753,72,1,117,2026-09-18 05:08:56
395760,2,PLUS ESG성장주액티브,21230,2,240,1.14,21378.0,-22.7457,7,0,117,2026-09-18 05:08:56
0203D0,7,PLUS 200위클리커버드콜채권혼합,8980,2,95,1.07,9003.0,-12.7302,13267,118,117,2026-09-18 05:08:56
269530,4,PLUS S&P글로벌인프라,19430,2,115,0.6,19415.0,-13.9829,581,11,117,2026-09-18 05:08:56
453660,4,KODEX 미국S&P500경기소비재,16620,2,220,1.34,16677.0,-14.8783,97,1,116,2026-09-18 05:08:56
354240,7,RISE 미국고정배당우선증권,10515,2,55,0.53,10465.0,-11.8044,3567,37,116,2026-09-18 05:08:56
266410,2,KODEX 필수소비재,9620,2,70,0.73,9638.0,2.5977,7258,69,115,2026-09-18 05:08:56
428560,4,KODEX 미국ETF산업Top10 Indxx,15380,2,15,0.1,15513.0,-6.906,981,15,115,2026-09-18 05:08:56
435040,4,ACE 글로벌브랜드TOP10,19220,2,185,0.97,19213.0,-7.6796,14694,282,115,2026-09-18 05:08:56
0216Z0,2,ACE K방산TOP5+,9105,2,180,2.02,9129.0,,91906,829,114,2026-09-18 05:08:56
430500,7,KIWOOM 물가채KIS,112905,2,605,0.54,112534.0,-1.8014,5,0,113,2026-09-18 05:08:56
448490,6,HANARO 32-10 국고채액티브,52475,2,290,0.56,52450.0,-2.1746,101,5,110,2026-09-18 05:08:56
0008E0,4,ACE 미국중심중소형제조업,11595,2,30,0.26,11680.0,-24.8783,15447,178,110,2026-09-18 05:08:56
0002C0,4,에셋플러스 인도일등기업포커스20액티브,10110,2,115,1.15,10184.0,-3.7091,2042,20,109,2026-09-18 05:08:56
407820,2,에셋플러스 코리아플랫폼액티브,6005,2,40,0.67,6018.0,-22.8332,14999,89,108,2026-09-18 05:08:56
446700,2,RISE 배터리 리사이클링,10370,2,40,0.39,10388.0,-13.6288,1384,14,108,2026-09-18 05:08:56
0093B0,4,RISE 엔비디아고정테크100,12680,2,220,1.77,12706.0,-8.3106,543,6,108,2026-09-18 05:08:56
463640,4,KODEX 미국S&P500유틸리티,13380,2,95,0.72,13353.0,-14.5764,1056,14,107,2026-09-18 05:08:56
0227L0,4,HANARO 미국에이전틱AI TOP2+,10660,2,180,1.72,10618.0,,63852,676,107,2026-09-18 05:08:56
464610,2,SOL 의료기기소부장Fn,6845,5,-70,-1.01,6851.0,-19.7331,15893,109,106,2026-09-18 05:08:56
451150,4,에셋플러스 글로벌영에이지액티브,17105,2,105,0.62,17156.0,-12.4389,11,0,106,2026-09-18 05:08:56
0068M0,4,KODEX 미국S&P500버퍼6월액티브,11765,2,135,1.16,11823.0,-6.7736,4,0,106,2026-09-18 05:08:56
291130,4,ACE MSCI멕시코(합성),17630,2,265,1.53,17780.0,-14.0134,147,2,106,2026-09-18 05:08:56
419420,4,KODEX 미국클린에너지나스닥,8750,2,220,2.58,8783.0,-30.865,791,6,105,2026-09-18 05:08:56
310080,4,RISE 중국MSCI China(H),9065,2,115,1.28,9047.0,-3.3478,622,5,104,2026-09-18 05:08:56
0113G0,4,KoAct 미국바이오헬스케어액티브,11565,2,285,2.53,11572.0,8.2014,13509,155,104,2026-09-18 05:08:56
371870,4,ACE 차이나항셍테크,6495,2,155,2.44,6503.0,-15.2973,13987,90,104,2026-09-18 05:08:56
0191S0,1,IBK 코스닥150,14005,2,110,0.79,14000.0,-24.5453,3409,47,104,2026-09-18 05:08:56
0189Z0,2,DAISHIN 금융&지주고배당,10350,5,-40,-0.38,10379.0,-1.5442,1034,10,104,2026-09-18 05:08:56
0224D0,4,KIWOOM 미국CPU반도체TOP4+,10340,2,520,5.3,10302.0,,46952,481,103,2026-09-18 05:08:56
280920,2,PLUS 주도업종,22905,2,420,1.87,23015.0,-26.8067,28,0,103,2026-09-18 05:08:56
140570,2,RISE 수출주,25715,2,335,1.32,25729.0,-19.1334,154,3,103,2026-09-18 05:08:56
385710,2,TIME K이노베이션액티브,10270,2,45,0.44,10297.0,-28.1953,13639,140,103,2026-09-18 05:08:56
460270,6,KIWOOM 미국달러SOFR금리액티브(합성),12615,5,-5,-0.04,12634.0,-7.2059,267,3,102,2026-09-18 05:08:56
237440,7,TIGER 경기방어채권혼합,10150,2,50,0.5,10158.0,-1.1742,9909,100,102,2026-09-18 05:08:56
0219B0,2,KoAct 광통신&위성네트워크액티브,12535,2,680,5.74,12543.0,,405355,5056,100,2026-09-18 05:08:56
0094L0,4,RISE 차이나테크TOP10위클리타겟커버드콜,7160,2,160,2.29,7059.0,-16.6261,1908,13,100,2026-09-18 05:08:56
139240,2,TIGER 200 철강소재,11385,2,155,1.38,11418.0,-6.5724,5389,61,100,2026-09-18 05:08:56
463690,4,KODEX 미국S&P500커뮤니케이션,17955,5,-145,-0.8,17997.0,-7.4974,503,8,99,2026-09-18 05:08:56
181480,7,ACE 미국부동산리츠(합성 H),82050,5,-635,-0.77,81984.0,-3.4407,39,3,98,2026-09-18 05:08:56
487910,4,ACE 인도컨슈머파워액티브,8185,2,50,0.61,8194.0,-10.5061,1444,11,98,2026-09-18 05:08:56
0227K0,4,RISE 미국우주위성통신,9300,2,100,1.09,9293.0,,6706,61,98,2026-09-18 05:08:56
252000,1,TIGER 200동일가중,19490,2,45,0.23,19475.0,-11.1989,19,0,97,2026-09-18 05:08:56
281990,2,RISE 중소형고배당,17635,5,-35,-0.2,17669.0,-3.7337,93,1,97,2026-09-18 05:08:56
0174R0,4,KIWOOM 미국성장다우존스,11400,2,105,0.93,11368.0,-5.4769,4098,46,97,2026-09-18 05:08:56
429010,4,TIGER 미국나스닥넥스트100,19360,2,125,0.65,19443.0,-9.3758,81,1,97,2026-09-18 05:08:56
117690,4,TIGER 차이나항셍30,19195,2,140,0.73,19199.0,-7.275,139,2,96,2026-09-18 05:08:56
0120J0,2,BNK 카카오그룹포커스,7675,5,-80,-1.03,7681.0,-10.5021,10826,83,96,2026-09-18 05:08:56
354350,4,HANARO 글로벌럭셔리S&P(합성),18350,2,45,0.25,18358.0,-18.3724,110,2,95,2026-09-18 05:08:56
482030,2,KoAct 반도체&2차전지핵심소재액티브,9050,2,160,1.8,9060.0,-26.4073,3624,32,95,2026-09-18 05:08:56
399580,4,RISE 글로벌클린에너지,9500,2,160,1.71,9545.0,-21.5466,6585,62,95,2026-09-18 05:08:56
0001P0,2,마이티 바이오시밀러&CDMO액티브,8450,5,-15,-0.18,8478.0,-19.8011,1764,15,95,2026-09-18 05:08:56
456250,4,KODEX 유럽명품TOP10 STOXX,8200,2,50,0.61,8176.0,-20.4393,1724,14,94,2026-09-18 05:08:56
498050,2,HANARO 바이오코리아액티브,9920,5,-80,-0.8,9923.0,-23.635,3141,31,94,2026-09-18 05:08:56
230480,7,KIWOOM 미국달러선물인버스2X,4600,5,-25,-0.54,4600.0,19.201,2025,9,92,2026-09-18 05:08:56
494180,4,TIME 글로벌소비트렌드액티브,13150,2,165,1.27,13039.0,-8.2008,343,4,92,2026-09-18 05:08:56
461580,1,TIGER 코스닥글로벌,15320,2,80,0.52,15350.0,-22.066,14778,227,92,2026-09-18 05:08:56
341850,7,TIGER 리츠부동산인프라채권,4565,2,5,0.11,4575.0,-0.7357,3174,14,91,2026-09-18 05:08:56
105010,4,TIGER 라틴35,6505,2,55,0.85,6483.0,-7.2227,1520,9,91,2026-09-18 05:08:56
301400,1,PLUS 코스닥150,13925,3,0,0.0,14019.0,-24.1765,564,7,91,2026-09-18 05:08:56
497510,4,ACE 글로벌빅파마,12910,2,205,1.61,12912.0,-2.5924,589,7,90,2026-09-18 05:08:56
0084D0,7,KIWOOM 미국테크100월간목표헤지액티브,11290,2,75,0.67,11307.0,-11.9553,424,4,90,2026-09-18 05:08:56
0067Y0,4,TIGER 차이나AI소프트웨어,10000,2,390,4.06,10039.0,-25.3593,4077,40,90,2026-09-18 05:08:56
266390,2,KODEX 경기소비재,14930,5,-50,-0.33,14936.0,-14.5981,2686,40,90,2026-09-18 05:08:56
0133E0,4,TIGER 차이나증권,8515,2,240,2.9,8557.0,-11.8744,9885,82,89,2026-09-18 05:08:56
0216K0,7,KIWOOM 미국우주테크TOP2채권혼합50,8940,2,170,1.94,8890.0,,28939,256,89,2026-09-18 05:08:56
0184N0,7,PLUS 은채권혼합,8845,2,105,1.2,8827.0,-7.4153,8141,72,88,2026-09-18 05:08:56
395150,2,KODEX 웹툰&드라마,1840,5,-16,-0.86,1840.0,-10.1211,81099,149,88,2026-09-18 05:08:56
375270,7,RISE 글로벌데이터센터리츠(합성),13540,2,30,0.22,13550.0,-20.6927,154,2,88,2026-09-18 05:08:56
466810,2,BNK 2차전지양극재,5835,2,35,0.6,5854.0,-18.2523,51859,303,88,2026-09-18 05:08:56
215620,2,HK S&P코리아로우볼,16135,3,0,0.0,16067.0,-2.772,0,0,87,2026-09-18 05:08:56
0221Z0,2,ACE K바이오코스닥액티브,9165,5,-245,-2.6,9167.0,,19592,181,87,2026-09-18 05:08:56
435540,7,KIWOOM TDF2040액티브 적격,17250,2,90,0.52,17205.0,-9.1294,1653,28,86,2026-09-18 05:08:56
381570,2,HANARO Fn친환경에너지,10140,3,0,0.0,10170.0,-20.8431,545,5,86,2026-09-18 05:08:56
270800,2,RISE KQ고배당,15610,2,130,0.84,15625.0,-10.1085,34,0,86,2026-09-18 05:08:56
449680,7,TIGER 한중전기차(합성),10095,2,105,1.05,10095.0,-27.8701,18,0,86,2026-09-18 05:08:56
217780,4,TIGER 차이나CSI300인버스(합성),5500,5,-85,-1.52,5545.0,17.0859,1071,5,85,2026-09-18 05:08:56
0226G0,2,WON 피지컬AI TOP2플러스액티브,12110,2,285,2.41,12131.0,,573,6,85,2026-09-18 05:08:56
497520,4,ACE 일라이릴리밸류체인,12985,2,110,0.85,13033.0,1.4178,1848,24,84,2026-09-18 05:08:56
371150,4,RISE 차이나항셍테크,6445,2,105,1.66,6479.0,-15.5206,24112,155,84,2026-09-18 05:08:56
0194N0,2,KIWOOM 삼성전자선물단일종목레버리지,10800,2,620,6.09,10839.0,-59.1304,7390,79,84,2026-09-18 05:08:56
0219Z0,4,HANARO 미국S&P500액티브,10460,2,85,0.82,10444.0,,54752,570,84,2026-09-18 05:08:56
457930,2,BNK 미래전략기술액티브,27700,2,260,0.95,27792.0,-21.24,8,0,83,2026-09-18 05:08:56
429980,7,SOL 한국형글로벌전기차&2차전지액티브,16575,2,120,0.73,16739.0,-23.3046,386,6,83,2026-09-18 05:08:56
182490,6,TIGER 단기선진하이일드(합성 H),13770,5,-55,-0.4,13805.0,0.0723,359,4,83,2026-09-18 05:08:56
462340,4,에셋플러스 글로벌다이나믹시니어액티브,16490,2,265,1.63,16476.0,-2.9025,2,0,82,2026-09-18 05:08:56
395750,2,PLUS ESG가치주액티브,20470,2,425,2.12,20594.0,-24.501,15,0,82,2026-09-18 05:08:56
0226D0,7,FOCUS 금융반도체지주채권혼합50액티브,10175,2,170,1.7,10201.0,,2174,22,81,2026-09-18 05:08:56
0214M0,2,MIDAS 바이오헬스케어액티브,9560,5,-225,-2.3,9586.0,,117,1,81,2026-09-18 05:08:56
261110,7,TIGER 미국달러선물레버리지,16100,2,90,0.56,16096.0,-16.0021,1952,31,81,2026-09-18 05:08:56
395280,2,HANARO Fn K-게임,3410,2,60,1.79,3401.0,-13.6598,8649,29,80,2026-09-18 05:08:56
227550,2,TIGER 200 산업재,12460,2,190,1.55,12474.0,-14.8804,38136,473,80,2026-09-18 05:08:56
174350,2,TIGER 로우볼,20680,5,-200,-0.96,20733.0,0.3038,8916,188,79,2026-09-18 05:08:56
0215T0,4,HANARO 미국AI광통신TOP10,8670,2,135,1.58,8622.0,,12381,106,78,2026-09-18 05:08:56
480460,7,WON 한국부동산TOP3플러스,9120,2,20,0.22,9106.0,-3.7495,104,0,78,2026-09-18 05:08:56
225800,7,KIWOOM 미국달러선물레버리지,15140,2,80,0.53,15142.0,-15.8895,526,7,77,2026-09-18 05:08:56
189400,4,PLUS 글로벌MSCI(합성 H),25707,2,62,0.24,25758.0,0.2149,34,0,77,2026-09-18 05:08:56
487920,4,ACE 인도시장대표BIG5그룹액티브,7690,2,40,0.52,7717.0,-12.7709,496,3,77,2026-09-18 05:08:56
435530,7,KIWOOM TDF2030액티브 적격,15310,2,60,0.39,15272.0,-8.6616,647,9,77,2026-09-18 05:08:56
437370,4,RISE 글로벌농업경제,10920,2,115,1.06,10858.0,0.1221,1289,14,76,2026-09-18 05:08:56
438740,2,MIDAS 중소형액티브,33815,2,275,0.82,33767.0,-19.6455,1200,40,76,2026-09-18 05:08:56
494210,4,SOL 미국500타겟데일리커버드콜액티브,10840,2,90,0.84,10839.0,-7.3545,403,4,76,2026-09-18 05:08:56
227570,2,TIGER 우량가치,20995,2,5,0.02,21028.0,-3.4943,712,14,76,2026-09-18 05:08:56
0172Y0,2,ACE K수출핵심TOP10산업액티브,9430,2,65,0.69,9440.0,-22.7311,2884,27,75,2026-09-18 05:08:56
285690,2,FOCUS ESG리더스,21460,2,145,0.68,21511.0,-16.9815,1,0,75,2026-09-18 05:08:56
304670,6,KODEX 미국30년국채울트라선물인버스(H),12455,5,-75,-0.6,12464.0,5.5602,33,0,75,2026-09-18 05:08:56
0094X0,4,1Q 샤오미밸류체인액티브,8300,2,245,3.04,8321.0,-12.3262,643,5,75,2026-09-18 05:08:56
0005C0,6,RISE 미국S&P500엔화노출(합성 H),11365,2,15,0.13,11304.0,-5.6134,332,3,74,2026-09-18 05:08:56
256450,4,PLUS 심천차이넥스트(합성),14670,2,320,2.23,14987.0,-27.0092,1087,15,73,2026-09-18 05:08:56
0218K0,2,BNK 스마트카,10460,5,-60,-0.57,10477.0,,18,0,73,2026-09-18 05:08:56
139660,7,KIWOOM 미국달러선물인버스,8355,5,-25,-0.3,8374.0,9.4709,1268,10,73,2026-09-18 05:08:56
0176P0,2,FOCUS AI반도체위클리고정커버드콜,13080,2,225,1.75,13116.0,-23.0061,1992,26,72,2026-09-18 05:08:56
488480,4,RISE 일본섹터TOP4Plus,13080,2,50,0.38,13121.0,-6.7436,331,4,72,2026-09-18 05:08:56
225050,4,TIGER 유로스탁스레버리지(합성 H),15940,2,245,1.56,16066.0,-0.8842,134,2,72,2026-09-18 05:08:56
0082F0,4,HANARO 유럽방산,10245,2,95,0.94,10227.0,-6.4948,592,6,72,2026-09-18 05:08:56
253280,2,RISE 헬스케어,11945,5,-120,-0.99,11948.0,-16.563,828,9,72,2026-09-18 05:08:56
315270,2,TIGER 200커뮤니케이션서비스,18795,2,95,0.51,18832.0,-15.6314,187,3,71,2026-09-18 05:08:56
402460,2,HANARO Fn K-메타버스MZ,14210,2,70,0.5,14204.0,-21.3099,312,4,71,2026-09-18 05:08:56
400590,4,SOL 글로벌탄소배출권선물ICE(합성),14190,2,80,0.57,14271.0,-6.4944,1206,17,71,2026-09-18 05:08:56
244670,2,KODEX 밸류Plus,11640,3,0,0.0,11639.0,-5.4452,54,0,70,2026-09-18 05:08:56
326230,2,RISE 내수주플러스,10910,5,-110,-1.0,10934.0,-11.1649,50,0,70,2026-09-18 05:08:56
0138D0,2,RISE 동학개미,12685,2,355,2.88,12703.0,-28.6252,462,5,70,2026-09-18 05:08:56
368680,2,KODEX K-뉴딜디지털플러스,7715,2,10,0.13,7728.0,-11.6272,41,0,69,2026-09-18 05:08:56
0036Z0,4,RISE 미국천연가스밸류체인,12500,2,45,0.36,12496.0,-4.7113,430,5,69,2026-09-18 05:08:56
250780,3,TIGER 코스닥150선물인버스,2460,5,-10,-0.4,2458.0,17.619,162574,397,68,2026-09-18 05:08:56
139290,2,TIGER 200 경기소비재,23995,2,145,0.61,23965.0,-27.9892,6560,158,67,2026-09-18 05:08:56
450180,7,KODEX 한중전기차(합성),10265,5,-45,-0.44,10381.0,-27.1121,6,0,67,2026-09-18 05:08:56
289670,6,PLUS 국채선물10년,51675,2,185,0.36,51623.0,-2.0545,102,5,66,2026-09-18 05:08:56
456200,6,PLUS 미국달러SOFR금리액티브(합성),60070,5,-20,-0.03,60193.0,-7.6604,18,1,66,2026-09-18 05:08:56
176950,6,KODEX 국채선물10년인버스,61065,5,-155,-0.25,61129.0,3.2813,3610,220,66,2026-09-18 05:08:56
0047N0,4,PLUS 차이나AI테크TOP10,9390,2,270,2.96,9383.0,-15.3204,5540,51,66,2026-09-18 05:08:56
138920,5,KODEX 콩선물(H),12905,5,-225,-1.71,12953.0,14.8229,522,6,65,2026-09-18 05:08:56
316300,7,ACE 싱가포르리츠,12435,5,-30,-0.24,12487.0,-13.6253,641,8,62,2026-09-18 05:08:56
0166T0,4,PLUS 글로벌저작권핵심기업액티브,9455,5,-105,-1.1,9507.0,-4.8757,57,0,61,2026-09-18 05:08:56
429740,7,PLUS K리츠,6130,2,80,1.32,6131.0,-5.6106,332,2,61,2026-09-18 05:08:56
400580,4,SOL 유럽탄소배출권선물S&P(H),12110,2,205,1.72,12150.0,5.3539,1607,19,61,2026-09-18 05:08:56
469530,3,RISE 미국달러선물인버스,9385,2,5,0.05,9377.0,9.324,64,0,60,2026-09-18 05:08:56
0191B0,1,MIDAS 코스닥액티브,29970,2,315,1.06,30077.0,-22.2266,1309,39,60,2026-09-18 05:08:56
451670,6,RISE 국채30년레버리지(합성),11950,2,155,1.31,11929.0,-15.8702,290,3,60,2026-09-18 05:08:56
307510,2,TIGER 의료기기,11895,2,180,1.54,11908.0,-22.1869,2562,30,59,2026-09-18 05:08:56
0114X0,4,RISE 글로벌게임테크TOP3Plus,9060,2,110,1.23,9123.0,5.5424,2388,21,59,2026-09-18 05:08:56
314700,2,HANARO 농업융복합산업,10655,2,15,0.14,10683.0,-14.0281,1520,16,59,2026-09-18 05:08:56
433250,1,UNICORN R&D 액티브,23350,2,495,2.17,23335.0,-25.7232,1,0,58,2026-09-18 05:08:56
0229F0,2,마이티 신약포커스바이오액티브,8295,5,-365,-4.21,8281.0,,940,7,58,2026-09-18 05:08:56
0053M0,2,더제이 중소형포커스액티브,12875,2,95,0.74,12863.0,-17.228,25,0,58,2026-09-18 05:08:56
483020,2,KIWOOM 의료AI,8900,2,20,0.23,8922.0,-13.3659,1587,14,58,2026-09-18 05:08:56
401590,4,HANARO 글로벌탄소배출권선물ICE(합성),11340,2,85,0.76,11372.0,-6.8295,11,0,58,2026-09-18 05:08:56
0087F0,4,ACE 차이나AI빅테크TOP2+액티브,11530,2,135,1.18,11764.0,-14.0,2020,23,58,2026-09-18 05:08:56
219900,4,ACE 중국본토CSI300레버리지(합성),4095,2,100,2.5,4124.0,-29.7892,1239,4,57,2026-09-18 05:08:56
407300,2,HANARO Fn골프테마,10400,3,0,0.0,10330.0,-23.8152,1,0,57,2026-09-18 05:08:56
267450,6,RISE 미국장기국채선물인버스(H),11260,3,0,0.0,11225.0,5.2336,0,0,56,2026-09-18 05:08:56
291890,4,KODEX MSCI EM선물(H),12400,2,275,2.27,12371.0,-6.1896,708,8,56,2026-09-18 05:08:56
220130,4,SOL 차이나강소기업CSI500(합성 H),6895,2,140,2.07,6915.0,-8.8395,8038,54,55,2026-09-18 05:08:56
432600,6,RISE 국채선물3년,55140,2,65,0.12,55119.0,0.0545,2,0,55,2026-09-18 05:08:56
390400,4,KODEX 미국스마트모빌리티S&P,6875,2,125,1.85,6909.0,-21.3605,4007,27,55,2026-09-18 05:08:56
0184V0,2,UNICORN K바이오액티브,5220,5,-240,-4.4,5231.0,-34.0978,32761,172,55,2026-09-18 05:08:56
0102X0,4,ACE 유럽방산TOP10,9130,2,135,1.5,9220.0,-7.2116,754,6,55,2026-09-18 05:08:56
499150,4,SOL 미국S&P500엔화노출(H),10952,2,22,0.2,10910.0,-5.9245,1016,11,55,2026-09-18 05:08:56
238670,7,PLUS 스마트베타Quality채권혼합,13410,5,-140,-1.03,13440.0,-0.6963,7123,95,54,2026-09-18 05:08:56
470310,2,UNICORN 생성형AI강소기업액티브,17865,2,380,2.17,17855.0,-7.901,93,1,54,2026-09-18 05:08:56
483030,4,KIWOOM 미국블록버스터바이오테크의약품+,11740,2,160,1.38,11830.0,-1.5887,2064,24,53,2026-09-18 05:08:56
413220,4,SOL 차이나태양광CSI(합성),4400,2,60,1.38,4496.0,-29.4309,4647,20,53,2026-09-18 05:08:56
476310,4,RISE 글로벌비만산업TOP2+,9545,2,260,2.8,9612.0,-8.9868,64,0,52,2026-09-18 05:08:56
0015E0,7,KIWOOM 엔비디아미국30년국채혼합액티브(H),10465,2,90,0.87,10506.0,-3.2558,1860,19,52,2026-09-18 05:08:56
0174J0,7,DAISHIN 오피스리츠플러스,8705,2,75,0.87,8724.0,-6.3024,3451,30,52,2026-09-18 05:08:56
295000,6,RISE 국채선물10년,50905,2,130,0.26,50877.0,-2.1677,17,0,51,2026-09-18 05:08:56
0132D0,7,KoAct 글로벌K컬처밸류체인액티브,9250,2,65,0.71,9299.0,-5.7949,88,0,51,2026-09-18 05:08:56
411860,4,KIWOOM 독일DAX,16675,2,25,0.15,16753.0,-6.8202,130,2,50,2026-09-18 05:08:56
291630,3,KIWOOM 코스닥150선물레버리지,3395,2,25,0.74,3386.0,-49.3614,29019,98,49,2026-09-18 05:08:56
490330,4,KoAct 미국치매&뇌질환치료제액티브,14030,5,-195,-1.37,14336.0,-1.1467,864,12,49,2026-09-18 05:08:56
0154H0,4,KoAct 차이나바이오헬스케어액티브,8910,2,180,2.06,8940.0,15.4761,979,8,49,2026-09-18 05:08:56
0015K0,4,TIGER 미국소비트렌드액티브,6975,2,10,0.14,6974.0,-9.1325,14,0,49,2026-09-18 05:08:56
0073X0,5,FOCUS 알리바바미국채커버드콜혼합,8875,2,85,0.97,8860.0,-12.4057,453,4,49,2026-09-18 05:08:56
267440,6,RISE 미국장기국채선물(H),8010,2,80,1.01,8007.0,-3.2337,127,1,48,2026-09-18 05:08:56
498610,4,RISE 인도디지털성장,7985,2,25,0.31,7994.0,-6.901,218,1,48,2026-09-18 05:08:56
0128D0,4,PLUS 차이나항셍테크위클리타겟커버드콜,6640,2,205,3.19,6643.0,-16.0484,1524,10,46,2026-09-18 05:08:56
391600,4,ACE 미국친환경그린테마,10305,2,150,1.48,10368.0,-20.757,437,4,46,2026-09-18 05:08:56
266550,2,PLUS 중형주저변동50,18525,3,0,0.0,18452.0,-7.7211,2,0,46,2026-09-18 05:08:56
474390,6,SOL 국고채30년액티브,40375,2,305,0.76,40308.0,-6.9978,29,1,46,2026-09-18 05:08:56
0078V0,4,PLUS 미국로보택시,9125,2,90,1.0,9134.0,-16.8048,143,1,46,2026-09-18 05:08:56
227560,2,TIGER 200 생활소비재,12545,2,15,0.12,12550.0,-3.4533,38812,488,45,2026-09-18 05:08:56
488200,2,KIWOOM K-2차전지북미공급망,12675,2,120,0.96,12705.0,-19.6216,963,12,44,2026-09-18 05:08:56
205720,4,ACE 일본TOPIX인버스(합성 H),1441,5,-15,-1.03,1451.0,-2.2163,1672,2,43,2026-09-18 05:08:56
373790,4,KIWOOM 미국방어배당성장나스닥,15405,2,45,0.29,15341.0,-7.5773,157,2,43,2026-09-18 05:08:56
277650,2,TIGER 코스피중형주,21200,2,55,0.26,21241.0,-12.8042,71,1,42,2026-09-18 05:08:56
0050E0,4,PLUS 미국AI에이전트,8355,5,-40,-0.48,8400.0,0.1789,4190,34,42,2026-09-18 05:08:56
0131A0,4,SOL 차이나소비트렌드,7405,2,80,1.09,7435.0,-17.9272,86,0,41,2026-09-18 05:08:56
226380,2,ACE Fn성장소비주도주,5715,2,5,0.09,5718.0,-5.5418,180,1,40,2026-09-18 05:08:56
291680,4,RISE 차이나H선물인버스(H),7930,5,-90,-1.12,7989.0,-0.3727,24,0,40,2026-09-18 05:08:56
252420,3,RISE 200선물인버스2X,78,5,-3,-3.7,77.0,14.0845,1025939,79,39,2026-09-18 05:08:56
334690,5,RISE 팔라듐선물(H),5885,2,10,0.17,5890.0,-4.7812,2787,16,38,2026-09-18 05:08:56
225030,4,TIGER 미국S&P500선물인버스(H),2265,5,-15,-0.66,2267.0,-0.4367,1269,2,37,2026-09-18 05:08:56
244660,2,KODEX 퀄리티Plus,9235,5,-50,-0.54,9235.0,-2.6555,37,0,37,2026-09-18 05:08:56
243890,2,TIGER 200에너지화학레버리지,8060,5,-80,-0.98,8116.0,-34.009,4819,38,36,2026-09-18 05:08:56
267490,6,RISE 미국장기국채선물레버리지(합성 H),4925,2,60,1.23,4925.0,-8.6385,6,0,34,2026-09-18 05:08:56
427120,2,RISE AI플랫폼,5065,2,45,0.9,5061.0,-10.3572,3344,16,34,2026-09-18 05:08:56
0079X0,4,ACE BYD밸류체인액티브,9580,2,110,1.16,9585.0,-19.4043,1146,10,34,2026-09-18 05:08:56
321410,7,KODEX 멀티에셋하이인컴(H),10500,5,-25,-0.24,10589.0,-0.6097,4019,42,32,2026-09-18 05:08:56
491630,4,RISE 미국반도체인버스(합성 H),5295,5,-215,-3.9,5341.0,10.8651,35094,184,30,2026-09-18 05:08:56
306530,3,HANARO 코스닥150선물레버리지,6755,2,50,0.75,6741.0,-49.8692,10260,69,30,2026-09-18 05:08:56
454180,4,KIWOOM 차이나내수소비TOP CSI,7330,3,0,0.0,7426.0,-7.6885,299,2,29,2026-09-18 05:08:56
145670,3,ACE 인버스,1269,5,-36,-2.76,1273.0,16.4139,53805,68,28,2026-09-18 05:08:56
280940,5,KODEX 골드선물인버스(H),3445,5,-30,-0.86,3453.0,-0.287,2738,9,28,2026-09-18 05:08:56
476000,2,UNICORN 포스트IPO액티브,5010,5,-5,-0.1,5012.0,-35.9106,145,0,28,2026-09-18 05:08:56
252410,3,RISE 200선물인버스,1294,5,-48,-3.58,1296.0,17.3076,54948,71,26,2026-09-18 05:08:56
488210,2,KIWOOM K-반도체북미공급망,25145,2,495,2.01,25156.0,-14.5529,3744,94,25,2026-09-18 05:08:56
291620,3,KIWOOM 코스닥150선물인버스,4355,2,15,0.35,4357.0,16.51,7391,32,25,2026-09-18 05:08:56
253230,3,KIWOOM 200선물인버스2X,74,5,-4,-5.13,73.0,14.7058,905489,67,24,2026-09-18 05:08:56
275750,3,RISE 코스닥150선물인버스,2480,5,-10,-0.4,2484.0,17.7304,752,1,24,2026-09-18 05:08:56
280320,4,ACE 미국IT인터넷(합성 H),21650,2,95,0.44,21854.0,5.5582,712,15,22,2026-09-18 05:08:56
334700,5,RISE 팔라듐선물인버스(H),3300,5,-25,-0.75,3301.0,-0.7463,10,0,21,2026-09-18 05:08:56
253240,3,KIWOOM 200선물인버스,1290,5,-48,-3.59,1295.0,14.8497,37635,48,16,2026-09-18 05:08:56
306520,3,HANARO 200선물인버스,2340,5,-70,-2.9,2345.0,16.4251,5020,11,14,2026-09-18 05:08:56
253160,3,PLUS 200선물인버스2X,150,5,-10,-6.25,148.0,11.1111,1599967,240,14,2026-09-18 05:08:56
261920,4,ACE MSCI필리핀(합성),11910,2,10,0.08,11904.0,-15.1818,413,4,12,2026-09-18 05:08:56
412560,2,TIGER BBIG레버리지,1593,2,20,1.27,1588.0,-30.5519,1407,2,10,2026-09-18 05:08:56
465620,4,ACE 미국빅테크TOP7 Plus인버스(합성),6350,5,-115,-1.78,6351.0,1.3322,27,0,6,2026-09-18 05:08:56
