itemcode,etfTabCode,itemname,nowVal,risefall,changeVal,changeRate,nav,threeMonthEarnRate,quant,amonut,marketSum,collected_at
069500,1,KODEX 200,108195,5,-1865,-1.69,108307.0,-11.6723,17449012,1935945,255502,2026-08-18 05:45:32
360750,4,TIGER 미국S&P500,26970,5,-440,-1.61,27061.0,-0.4276,32938938,891150,206307,2026-08-18 05:45:32
133690,4,TIGER 미국나스닥100,185700,5,-2875,-1.52,187166.0,-3.1159,2560745,477733,115970,2026-08-18 05:45:32
102110,1,TIGER 200,108465,5,-1910,-1.73,108560.0,-11.4085,9982714,1108523,104452,2026-08-18 05:45:32
379800,4,KODEX 미국S&P500,24515,5,-395,-1.59,24599.0,-0.4618,19286517,474338,101308,2026-08-18 05:45:32
396500,2,TIGER 반도체TOP10,35955,5,-285,-0.79,35989.0,-27.6142,13429857,501648,96144,2026-08-18 05:45:32
379810,4,KODEX 미국나스닥100,27765,5,-420,-1.49,27979.0,-3.118,15985671,445683,93998,2026-08-18 05:45:32
488770,7,KODEX 머니마켓액티브,105260,2,5,0.0,105263.0,0.8721,745139,78430,80397,2026-08-18 05:45:32
278530,1,KODEX 200TR,39175,5,-690,-1.73,39218.0,-11.6859,1428465,57463,78272,2026-08-18 05:45:32
459580,6,KODEX CD금리액티브(합성),1075030,2,80,0.01,1075170.0,0.7256,436735,469502,66339,2026-08-18 05:45:32
381180,4,TIGER 미국필라델피아반도체나스닥,45580,5,-255,-0.56,46327.0,-2.7436,1636879,75161,61328,2026-08-18 05:45:32
122630,3,KODEX 레버리지,109895,5,-3630,-3.2,109898.0,-35.8978,16547001,1916975,60607,2026-08-18 05:45:32
498400,2,KODEX 200타겟위클리커버드콜,20420,5,-330,-1.59,20428.0,-11.6175,8048722,169656,59545,2026-08-18 05:45:32
0167A0,2,SOL AI반도체TOP2플러스,17750,5,-295,-1.63,17753.0,-5.0014,23846930,440411,57164,2026-08-18 05:45:32
091160,2,KODEX 반도체,125712,5,-538,-0.43,125827.0,-19.6883,2081152,270414,55879,2026-08-18 05:45:32
229200,1,KODEX 코스닥150,14355,5,-475,-3.2,14412.0,-25.5149,29713634,436868,52582,2026-08-18 05:45:32
148020,1,RISE 200,109045,5,-1840,-1.66,109121.0,-11.7741,1259298,140771,46344,2026-08-18 05:45:32
310970,1,TIGER MSCI Korea TR,48370,5,-915,-1.86,48385.0,-11.1582,29676,1472,43872,2026-08-18 05:45:32
458730,4,TIGER 미국배당다우존스,15320,5,-135,-0.87,15293.0,3.6915,2209761,33901,42812,2026-08-18 05:45:32
411060,5,ACE KRX금현물,27865,2,240,0.87,27860.0,-11.002,958040,26859,41017,2026-08-18 05:45:32
0162Z0,7,RISE 삼성전자SK하이닉스채권혼합50,13325,5,-65,-0.49,13334.0,-1.9143,8340904,113131,40908,2026-08-18 05:45:32
395160,2,KODEX AI반도체TOP2플러스,40035,5,-965,-2.35,40031.0,0.5641,7047302,294285,40395,2026-08-18 05:45:32
360200,4,ACE 미국S&P500,27255,5,-445,-1.61,27356.0,-0.4594,1004874,27477,40201,2026-08-18 05:45:32
381170,4,TIGER 미국테크TOP10 INDXX,31175,5,-700,-2.2,31380.0,-8.313,822416,25736,38376,2026-08-18 05:45:32
233740,3,KODEX 코스닥150레버리지,7310,5,-505,-6.46,7346.0,-52.808,112868752,868672,37668,2026-08-18 05:45:32
423160,6,KODEX KOFR금리액티브(합성),110810,2,10,0.01,110797.0,0.6976,99567,11033,36109,2026-08-18 05:45:32
395270,2,HANARO Fn K-반도체,56655,5,-1315,-2.27,56715.0,-1.3529,2206808,130852,35806,2026-08-18 05:45:32
357870,6,TIGER CD금리투자KIS(합성),57920,2,5,0.01,57918.0,0.7392,172588,9995,35497,2026-08-18 05:45:32
367380,4,ACE 미국나스닥100,31920,5,-490,-1.51,32174.0,-3.1397,506350,16252,35240,2026-08-18 05:45:32
102780,2,KODEX 삼성그룹,26280,5,-870,-3.2,26293.0,-0.0185,686072,18504,33927,2026-08-18 05:45:32
273130,6,KODEX 종합채권(AA-이상)액티브,109345,5,-280,-0.26,109510.0,-1.6331,5585,610,33455,2026-08-18 05:45:32
487240,2,KODEX AI전력핵심설비,36725,5,-15,-0.04,36748.0,-35.1965,3166751,118236,32281,2026-08-18 05:45:32
455890,6,RISE 머니마켓액티브,55405,2,5,0.01,55405.0,0.8005,266993,14791,30052,2026-08-18 05:45:32
0043B0,6,TIGER 머니마켓액티브,103370,2,10,0.01,103375.0,0.8685,146247,15117,29306,2026-08-18 05:45:32
139260,2,TIGER 200 IT,137885,5,-3780,-2.67,137936.0,-5.4229,437795,62968,27908,2026-08-18 05:45:32
426030,4,TIME 미국나스닥100액티브,48945,2,325,0.67,49798.0,-11.6161,787274,38935,26117,2026-08-18 05:45:32
481050,6,KODEX CD1년금리플러스액티브(합성),1023110,2,100,0.01,1023127.0,0.7636,28792,29457,25657,2026-08-18 05:45:32
449170,6,TIGER KOFR금리액티브(합성),111625,2,10,0.01,111623.0,0.6628,76204,8506,24368,2026-08-18 05:45:32
0193T0,2,KODEX SK하이닉스단일종목레버리지,9870,2,90,0.92,9903.0,,38204137,406623,24280,2026-08-18 05:45:32
161510,2,PLUS 고배당주,25300,5,-275,-1.08,25343.0,-7.803,654220,16678,24038,2026-08-18 05:45:32
486290,4,TIGER 미국나스닥100타겟데일리커버드콜,10940,5,-140,-1.26,11022.0,-3.7131,1649347,18137,23789,2026-08-18 05:45:32
278540,1,KODEX MSCI Korea TR,38495,5,-700,-1.79,38521.0,-10.2884,47416,1880,23520,2026-08-18 05:45:32
472150,2,TIGER 배당커버드콜액티브,20645,5,-330,-1.57,20624.0,-10.2866,4985088,105658,23391,2026-08-18 05:45:32
456600,4,TIME 글로벌AI인공지능액티브,60845,5,-145,-0.24,61520.0,-5.2804,215278,13276,22476,2026-08-18 05:45:32
284430,6,KODEX 200미국채혼합50,21125,5,-315,-1.47,21144.0,-6.8074,811388,17434,20703,2026-08-18 05:45:32
292150,2,TIGER 코리아TOP10,38000,5,-530,-1.38,37986.0,-12.0061,853168,33193,20482,2026-08-18 05:45:32
385540,6,RISE 종합채권(A-이상)액티브,102285,5,-345,-0.34,102304.0,-1.5162,913,93,19004,2026-08-18 05:45:32
105190,1,ACE 200,108415,5,-1890,-1.71,108549.0,-11.971,331957,36978,18647,2026-08-18 05:45:32
214980,6,KODEX 단기채권PLUS,114527,2,7,0.01,114542.0,0.6393,19177,2196,18401,2026-08-18 05:45:32
294400,1,KIWOOM 200TR,142000,5,-2570,-1.78,142128.0,-11.551,136206,19706,18318,2026-08-18 05:45:32
442580,4,PLUS 글로벌HBM반도체,103905,2,940,0.91,105550.0,-2.1757,697173,74556,18048,2026-08-18 05:45:32
0193W0,2,KODEX 삼성전자단일종목레버리지,12865,5,-665,-4.92,12890.0,,12407137,172580,17503,2026-08-18 05:45:32
441640,4,KODEX 미국배당커버드콜액티브,12980,5,-75,-0.57,12975.0,2.2444,990225,12869,17043,2026-08-18 05:45:32
477080,6,RISE CD금리액티브(합성),107332,2,2,0.0,107337.0,0.7131,5767,618,16650,2026-08-18 05:45:32
305720,2,KODEX 2차전지산업,14260,5,-590,-3.97,14263.0,-27.9302,2417465,35160,16556,2026-08-18 05:45:32
487230,4,KODEX 미국AI전력핵심인프라,21850,2,360,1.68,22133.0,-22.6393,1031668,22739,16355,2026-08-18 05:45:32
446770,4,ACE 글로벌반도체TOP4 Plus,80010,5,-735,-0.91,81014.0,-6.0863,83641,6806,16122,2026-08-18 05:45:32
368590,4,RISE 미국나스닥100,30970,5,-485,-1.54,31212.0,-3.0387,471745,14664,15702,2026-08-18 05:45:32
152100,1,PLUS 200,109805,5,-1945,-1.74,109949.0,-11.2895,478852,53896,15647,2026-08-18 05:45:32
379780,4,RISE 미국S&P500,23570,5,-390,-1.63,23655.0,-0.3779,295709,6992,15509,2026-08-18 05:45:32
466920,2,SOL 조선TOP3플러스,28920,5,-1230,-4.08,28936.0,-22.6924,1136642,33492,15487,2026-08-18 05:45:32
329200,2,TIGER 리츠부동산인프라,4095,5,-40,-0.97,4097.0,-2.604,2898143,11886,15403,2026-08-18 05:45:32
0177N0,7,KODEX 삼성전자SK하이닉스채권혼합50,14065,5,-80,-0.57,14075.0,-2.1353,5744273,82277,15134,2026-08-18 05:45:32
453850,6,ACE 미국30년국채액티브(H),7060,5,-105,-1.47,7070.0,-2.062,1303928,9215,14798,2026-08-18 05:45:32
475630,7,TIGER CD1년금리액티브(합성),1074582,2,2,0.0,1074584.0,0.776,27065,29083,14532,2026-08-18 05:45:32
0195S0,2,TIGER SK하이닉스단일종목레버리지,8375,2,55,0.66,8399.0,,19536658,176564,14453,2026-08-18 05:45:32
232080,1,TIGER 코스닥150,14635,5,-495,-3.27,14694.0,-25.4497,3837269,57660,13684,2026-08-18 05:45:32
091230,2,TIGER 반도체,133315,5,-475,-0.36,133342.0,-18.9783,191765,26367,13545,2026-08-18 05:45:32
390390,4,KODEX 미국반도체,56165,5,-485,-0.86,56989.0,-3.2647,860968,48645,13423,2026-08-18 05:45:32
436140,6,SOL 종합채권(AA-이상)액티브,105550,5,-445,-0.42,105694.0,-1.4505,36,3,13363,2026-08-18 05:45:32
0183J0,4,TIGER 미국우주테크,8920,2,75,0.85,9123.0,-32.8908,1884632,16991,13072,2026-08-18 05:45:32
157450,6,TIGER 단기통안채,112435,2,10,0.01,112430.0,0.6355,26198,2945,12946,2026-08-18 05:45:32
448330,1,KODEX 삼성전자채권혼합,17460,5,-120,-0.68,17439.0,0.6088,872565,15421,12798,2026-08-18 05:45:32
438080,7,ACE 미국S&P500미국채혼합50액티브,14385,5,-135,-0.93,14382.0,-2.3866,535892,7726,12472,2026-08-18 05:45:32
0072R0,5,TIGER KRX금현물,13310,2,135,1.02,13314.0,-11.1299,830887,11119,12318,2026-08-18 05:45:32
497570,4,TIGER 미국필라델피아AI반도체나스닥,22680,5,-355,-1.54,23024.0,0.4238,566894,12935,11555,2026-08-18 05:45:32
445290,2,KODEX 로봇액티브,32540,5,-1410,-4.15,32559.0,-19.5188,751556,25463,11340,2026-08-18 05:45:32
469150,2,ACE AI반도체TOP3+,58190,5,-240,-0.41,58247.0,-21.7386,651612,39216,11289,2026-08-18 05:45:32
449450,2,PLUS K방산,56865,5,-1655,-2.83,56916.0,-19.5049,343590,19891,11163,2026-08-18 05:45:32
226490,1,KODEX 코스피,70330,5,-1230,-1.72,70341.0,-12.0788,1682983,120811,11112,2026-08-18 05:45:32
465580,4,ACE 미국빅테크TOP7 Plus,24675,5,-595,-2.35,24833.0,-3.0129,435656,10806,10931,2026-08-18 05:45:32
494890,1,KODEX 200액티브,31190,5,-535,-1.69,31229.0,-11.9363,372891,12005,10917,2026-08-18 05:45:32
0139F0,6,TIGER 12월자동연장금융채(AA-이상)액티브,101985,5,-10,-0.01,101998.0,0.6662,456,46,10788,2026-08-18 05:45:32
494310,2,KODEX 반도체레버리지,76595,5,-425,-0.55,76955.0,-51.407,5223038,424561,10494,2026-08-18 05:45:32
446720,4,SOL 미국배당다우존스,14050,5,-115,-0.81,14018.0,3.5883,503434,7079,10481,2026-08-18 05:45:32
479520,6,RISE KOFR금리액티브(합성),106230,5,-15,-0.01,106253.0,0.6727,4774,507,10312,2026-08-18 05:45:32
455850,2,SOL AI반도체소부장,24180,2,225,0.94,24225.0,-27.9116,3269520,80892,10264,2026-08-18 05:45:32
0195R0,2,TIGER 삼성전자단일종목레버리지,11695,5,-595,-4.84,11729.0,,6527775,82603,10169,2026-08-18 05:45:32
0117V0,2,TIGER 코리아AI전력기기TOP3플러스,19015,5,-85,-0.45,19042.0,-33.4981,1743701,33733,10125,2026-08-18 05:45:32
449180,4,KODEX 미국S&P500(H),17215,5,-200,-1.15,17285.0,4.2207,593432,10245,10114,2026-08-18 05:45:32
469830,6,SOL 초단기채권액티브,54302,5,-3,-0.01,54303.0,0.8543,182177,9892,10053,2026-08-18 05:45:32
479080,6,1Q 머니마켓액티브,53685,2,5,0.01,53688.0,0.8453,27973,1501,9968,2026-08-18 05:45:32
295040,1,SOL 200TR,40515,5,-765,-1.85,40608.0,-11.6722,292772,12140,9967,2026-08-18 05:45:32
356540,6,ACE 종합채권(AA-이상)액티브,100605,5,-415,-0.41,100587.0,-1.314,5987,601,9941,2026-08-18 05:45:32
315930,2,KODEX Top5PlusTR,81200,5,-1650,-1.99,81256.0,-10.6305,60485,5035,9906,2026-08-18 05:45:32
494300,4,KODEX 미국나스닥100데일리커버드콜OTM,9460,5,-115,-1.2,9522.0,-6.2094,1671197,15893,9886,2026-08-18 05:45:32
237350,1,KODEX 코스피100,86355,5,-1445,-1.65,86442.0,-11.2505,311104,27777,9801,2026-08-18 05:45:32
451540,6,TIGER 종합채권(AA-이상)액티브,52435,5,-245,-0.47,52508.0,-1.5879,162275,8503,9784,2026-08-18 05:45:32
495050,1,RISE 코리아밸류업,32505,5,-505,-1.53,32554.0,-11.6257,165177,5500,9670,2026-08-18 05:45:32
402970,4,ACE 미국배당다우존스,15565,5,-165,-1.05,15540.0,3.8349,310973,4849,9666,2026-08-18 05:45:32
438100,7,ACE 미국나스닥100미국채혼합50액티브,15595,5,-140,-0.89,15608.0,-3.6141,304386,4759,9482,2026-08-18 05:45:32
0117L0,6,KODEX 26-12 금융채(AA-이상)액티브,10145,5,-5,-0.05,10145.0,0.6944,3822,38,9417,2026-08-18 05:45:32
305540,2,TIGER 2차전지테마,18040,5,-755,-4.02,18064.0,-26.9104,359021,6584,8876,2026-08-18 05:45:32
0177R0,2,TIGER 반도체TOP10커버드콜액티브,11265,5,-195,-1.7,11273.0,-13.7777,4049378,47390,8787,2026-08-18 05:45:32
475720,3,RISE 200위클리커버드콜,12615,5,-35,-0.28,12624.0,-13.6758,695682,8855,8124,2026-08-18 05:45:32
153130,6,KODEX 단기채권,113185,3,0,0.0,113187.0,0.6335,19082,2159,8106,2026-08-18 05:45:32
441800,1,TIME Korea플러스배당액티브,28840,5,-255,-0.88,28834.0,-17.7359,277731,8159,7960,2026-08-18 05:45:32
371460,4,TIGER 차이나전기차SOLACTIVE,10875,5,-60,-0.55,10953.0,-24.4821,139141,1522,7900,2026-08-18 05:45:32
498410,2,KODEX 금융고배당TOP10타겟위클리커버드콜,11615,5,-65,-0.56,11561.0,-2.4026,1423810,16495,7875,2026-08-18 05:45:32
144600,5,KODEX 은선물(H),10600,2,120,1.15,10607.0,-27.045,424976,4558,7844,2026-08-18 05:45:32
0025N0,7,TIGER TDF2045 적격,12250,5,-140,-1.13,12312.0,-0.6017,368165,4518,7840,2026-08-18 05:45:32
490590,4,RISE 미국AI밸류체인데일리고정커버드콜,14620,5,-285,-1.91,14799.0,-4.6312,627237,9253,7822,2026-08-18 05:45:32
466940,2,TIGER 은행고배당플러스TOP10,26095,5,-270,-1.02,26103.0,3.7877,501861,13098,7815,2026-08-18 05:45:32
487340,6,ACE 머니마켓액티브,105710,2,5,0.0,105714.0,0.8731,7138,754,7804,2026-08-18 05:45:32
0048J0,6,KODEX 미국머니마켓액티브,14100,5,-65,-0.46,14097.0,-4.0376,776670,10962,7752,2026-08-18 05:45:32
476550,6,TIGER 미국30년국채커버드콜액티브(H),6757,5,-93,-1.36,6759.0,-2.0997,2001903,13536,7713,2026-08-18 05:45:32
457480,4,ACE 테슬라밸류체인액티브,18675,5,-220,-1.16,18823.0,-25.9601,619312,11629,7675,2026-08-18 05:45:32
481060,6,KODEX 미국30년국채타겟커버드콜(합성 H),7320,5,-70,-0.95,7357.0,-2.3492,811147,5943,7580,2026-08-18 05:45:32
069660,1,KIWOOM 200,108175,5,-1945,-1.77,108264.0,-11.6838,111248,12377,7572,2026-08-18 05:45:32
102970,2,KODEX 증권,18670,5,-920,-4.7,18708.0,-32.177,1552270,29634,7272,2026-08-18 05:45:32
114800,3,KODEX 인버스,1029,2,18,1.78,1029.0,-5.2484,1240708683,1243644,7247,2026-08-18 05:45:32
0061Z0,6,RISE 단기특수은행채액티브,50945,2,5,0.01,50939.0,0.7515,1260,64,7244,2026-08-18 05:45:32
272580,6,TIGER 단기채권액티브,57030,2,10,0.02,57029.0,0.6531,77812,4437,7239,2026-08-18 05:45:32
458760,4,TIGER 미국배당다우존스타겟커버드콜2호,11255,5,-85,-0.75,11239.0,3.7661,257607,2902,7108,2026-08-18 05:45:32
0127P0,4,ACE 미국대형성장주액티브,10970,5,-95,-0.86,11027.0,-3.0549,164514,1809,7021,2026-08-18 05:45:32
462330,2,KODEX 2차전지산업레버리지,994,5,-85,-7.88,997.0,-55.4133,61481594,63512,6968,2026-08-18 05:45:32
456610,6,TIGER 미국달러SOFR금리액티브(합성),61130,5,-305,-0.5,61123.0,-3.9854,37797,2311,6938,2026-08-18 05:45:32
491010,4,TIGER 글로벌AI전력인프라액티브,27580,2,530,1.96,27860.0,-20.006,139242,3888,6920,2026-08-18 05:45:32
367760,2,RISE 네트워크인프라,58715,5,-1745,-2.89,58781.0,-2.3027,360861,21869,6899,2026-08-18 05:45:32
138540,2,TIGER 현대차그룹플러스,53505,5,-2090,-3.76,53502.0,-26.0066,200566,11022,6891,2026-08-18 05:45:32
385560,6,RISE KIS국고채30년Enhanced,49880,5,-805,-1.59,49828.0,-13.5143,61216,3043,6841,2026-08-18 05:45:32
434730,2,HANARO 원자력iSelect,57835,5,-1600,-2.69,57915.0,-30.461,151394,8966,6825,2026-08-18 05:45:32
495850,1,KODEX 코리아밸류업,32305,5,-535,-1.63,32337.0,-11.5684,264809,8788,6800,2026-08-18 05:45:32
0167B0,2,SOL 200타겟위클리커버드콜,11915,5,-155,-1.28,11907.0,-11.919,1776968,21772,6768,2026-08-18 05:45:32
290130,2,RISE ESG사회책임투자,47070,5,-670,-1.4,47034.0,-10.9993,219014,10644,6684,2026-08-18 05:45:32
364980,2,TIGER 2차전지TOP10,9865,5,-415,-4.04,9869.0,-24.3284,1758444,17656,6624,2026-08-18 05:45:32
423920,4,TIGER 미국필라델피아반도체레버리지(합성),96415,5,-950,-0.98,99548.0,-16.1175,109781,10744,6614,2026-08-18 05:45:32
0148J0,2,TIGER 코리아휴머노이드로봇산업,9870,5,-520,-5.0,9874.0,-27.19,7006972,72405,6613,2026-08-18 05:45:32
418660,4,TIGER 미국나스닥100레버리지(합성),42515,5,-1360,-3.1,43182.0,-8.7744,244779,10527,6547,2026-08-18 05:45:32
482730,4,TIGER 미국S&P500타겟데일리커버드콜,12200,5,-185,-1.49,12226.0,-0.1266,413316,5055,6527,2026-08-18 05:45:32
314250,4,KODEX 미국빅테크10(H),61195,5,-1955,-3.1,61665.0,7.1038,37410,2301,6493,2026-08-18 05:45:32
434060,7,KODEX TDF2050액티브 적격,17290,5,-145,-0.83,17227.0,-4.6445,199935,3473,6406,2026-08-18 05:45:32
0015B0,4,KoAct 미국나스닥성장기업액티브,19515,5,-285,-1.44,19818.0,-14.2115,480409,9455,6381,2026-08-18 05:45:32
329750,6,TIGER 미국달러단기채권액티브,13320,5,-60,-0.45,13324.0,-4.2234,269753,3596,6368,2026-08-18 05:45:32
252670,3,KODEX 200선물인버스2X,78,2,2,2.63,79.0,-26.9231,7485703227,557136,6341,2026-08-18 05:45:32
396520,4,TIGER 차이나반도체FACTSET,15005,2,465,3.2,15090.0,-2.4489,938498,14237,6200,2026-08-18 05:45:32
0101N0,2,RISE AI전력인프라,19345,5,-510,-2.57,19363.0,-29.9895,451914,8948,6094,2026-08-18 05:45:32
466950,4,TIGER 글로벌AI액티브,32515,5,-105,-0.32,32990.0,-13.1639,191218,6293,6028,2026-08-18 05:45:32
251600,7,PLUS 고배당주채권혼합,15465,5,-90,-0.58,15488.0,-3.2082,194383,3019,5969,2026-08-18 05:45:32
371160,4,TIGER 차이나항셍테크,7260,5,-40,-0.55,7270.0,-12.237,432248,3166,5935,2026-08-18 05:45:32
489250,4,KODEX 미국배당다우존스,13180,5,-115,-0.86,13152.0,3.7577,298883,3943,5931,2026-08-18 05:45:32
494670,2,TIGER 조선TOP10,22845,5,-895,-3.77,22874.0,-22.5828,608915,14143,5917,2026-08-18 05:45:32
484790,6,KODEX 미국30년국채액티브(H),8145,5,-120,-1.45,8160.0,-1.7962,1269335,10361,5846,2026-08-18 05:45:32
0019K0,7,TIME 미국나스닥100채권혼합50액티브,13680,5,-15,-0.11,13795.0,-3.2156,404302,5562,5725,2026-08-18 05:45:32
449190,4,KODEX 미국나스닥100(H),22390,5,-230,-1.02,22577.0,1.3764,263070,5918,5698,2026-08-18 05:45:32
488080,3,TIGER 반도체TOP10레버리지,34490,5,-580,-1.65,34583.0,-61.0269,9442518,351415,5605,2026-08-18 05:45:32
463250,2,TIGER K방산&우주,36820,5,-985,-2.61,36866.0,-19.0298,497753,18628,5578,2026-08-18 05:45:32
0007F0,6,KODEX 27-12 회사채(AA-이상)액티브,10185,2,15,0.15,10181.0,0.5437,12583,128,5545,2026-08-18 05:45:32
0219E0,2,KODEX 200커버드콜액티브,8510,5,-140,-1.62,8501.0,,6911557,60597,5523,2026-08-18 05:45:32
455030,6,KODEX 미국달러SOFR금리액티브(합성),12145,5,-20,-0.16,12128.0,-4.2545,126845,1540,5515,2026-08-18 05:45:32
491620,4,RISE 미국테크100데일리고정커버드콜,10880,5,-240,-2.16,10951.0,-2.2757,1017302,11124,5451,2026-08-18 05:45:32
0091P0,2,TIGER 코리아원자력,15865,5,-805,-4.83,15889.0,-31.6804,1044645,17037,5402,2026-08-18 05:45:32
0190C0,2,RISE 현대차고정피지컬AI,9015,5,-465,-4.91,9013.0,-25.2072,2174657,20315,5400,2026-08-18 05:45:32
0105E0,2,SOL 코리아고배당,13005,5,-230,-1.74,13009.0,-6.8254,423064,5531,5397,2026-08-18 05:45:32
438330,6,TIGER 우량회사채액티브,115365,5,-210,-0.18,115476.0,0.6137,7084,817,5364,2026-08-18 05:45:32
444200,2,SOL 코리아메가테크액티브,46445,5,-1435,-3.0,46509.0,-18.9162,81306,3879,5295,2026-08-18 05:45:32
365780,6,ACE 국고채10년,82000,5,-550,-0.67,82029.0,-0.5063,6969,570,5286,2026-08-18 05:45:32
496080,1,TIGER 코리아밸류업,32400,5,-540,-1.64,32421.0,-11.2073,165194,5453,5233,2026-08-18 05:45:32
315960,2,RISE 대형고배당10TR,78045,5,-820,-1.04,78111.0,-14.5929,90277,7204,5151,2026-08-18 05:45:32
462010,2,TIGER 2차전지소재Fn,4725,5,-245,-4.93,4727.0,-35.0752,3273379,15861,5127,2026-08-18 05:45:32
114260,6,KODEX 국고채3년,61740,5,-75,-0.12,61727.0,0.6595,13454,830,5113,2026-08-18 05:45:32
251350,4,KODEX MSCI선진국,40015,5,-645,-1.59,40260.0,0.3431,27826,1120,5102,2026-08-18 05:45:32
361580,1,RISE 200TR,61495,5,-1085,-1.73,61556.0,-11.7722,74866,4715,4981,2026-08-18 05:45:32
435420,7,TIGER 미국나스닥100채권혼합50,14255,5,-110,-0.77,14278.0,-1.2925,337976,4831,4946,2026-08-18 05:45:32
243880,2,TIGER 200IT레버리지,338800,5,-23280,-6.43,340319.0,-34.5363,300789,111189,4913,2026-08-18 05:45:32
476800,7,KODEX 한국부동산리츠인프라,4240,5,-50,-1.17,4246.0,-5.3092,626144,2659,4848,2026-08-18 05:45:32
477050,6,PLUS 머니마켓액티브,53455,2,5,0.01,53452.0,0.8395,11481,613,4839,2026-08-18 05:45:32
490490,7,SOL 미국배당미국채혼합50,11310,5,-120,-1.05,11290.0,-0.3609,266591,3021,4795,2026-08-18 05:45:32
499660,7,TIGER CD금리플러스액티브(합성),1001665,2,70,0.01,1001665.0,0.771,11152,11170,4794,2026-08-18 05:45:32
483280,4,KODEX 미국AI테크TOP10타겟커버드콜,11965,5,-300,-2.45,12051.0,-6.6086,329653,3962,4702,2026-08-18 05:45:32
0163Y0,1,KoAct 코스닥액티브,9010,5,-180,-1.96,9032.0,-29.8206,816740,7530,4690,2026-08-18 05:45:32
0162M0,6,KODEX 금융채1~2년(AA-이상)PLUS액티브,10060,2,5,0.05,10065.0,0.4997,8940,89,4650,2026-08-18 05:45:32
471230,6,KODEX 국고채10년액티브,103275,5,-740,-0.71,103246.0,-0.5498,30145,3110,4604,2026-08-18 05:45:32
448290,4,TIGER 미국S&P500(H),17860,5,-210,-1.16,17930.0,4.2416,102933,1843,4599,2026-08-18 05:45:32
293180,1,HANARO 200,108340,5,-2090,-1.89,108606.0,-11.6488,24264,2712,4550,2026-08-18 05:45:32
277630,1,TIGER 코스피,71400,5,-1185,-1.63,71367.0,-12.5337,539083,39286,4534,2026-08-18 05:45:32
473290,6,KODEX 26-12 회사채(AA-이상)액티브,10872,2,7,0.06,10871.0,0.6018,12569,136,4514,2026-08-18 05:45:32
0023A0,4,SOL 미국양자컴퓨팅TOP10,26680,5,-470,-1.73,27210.0,-16.9471,164846,4444,4442,2026-08-18 05:45:32
0173Y0,4,KODEX 미국AI광통신네트워크,12625,2,320,2.6,13050.0,-21.508,2510938,32350,4431,2026-08-18 05:45:32
451060,1,1Q 200액티브,34675,5,-545,-1.55,34695.0,-12.3834,79685,2842,4369,2026-08-18 05:45:32
447770,7,TIGER 테슬라채권혼합Fn,13590,5,-80,-0.59,13632.0,-8.3291,167091,2270,4349,2026-08-18 05:45:32
091180,2,KODEX 자동차,30400,5,-1300,-4.1,30408.0,-19.7979,384232,12045,4302,2026-08-18 05:45:32
451000,6,PLUS 종합채권(AA-이상)액티브,106760,5,-315,-0.29,106744.0,-1.4905,43,4,4282,2026-08-18 05:45:32
474220,4,TIGER 미국테크TOP10타겟커버드콜,15005,5,-325,-2.12,15094.0,-5.8378,97717,1472,4239,2026-08-18 05:45:32
0016X0,6,SOL 중단기회사채(A-이상)액티브,51420,5,-15,-0.03,51415.0,0.7837,5075,260,4202,2026-08-18 05:45:32
148070,6,KIWOOM 국고채10년,103990,5,-725,-0.69,103968.0,-0.4658,8459,878,4168,2026-08-18 05:45:32
0167Z0,4,KODEX 미국우주항공,9045,2,35,0.39,9221.0,-27.5213,475654,4354,4120,2026-08-18 05:45:32
480260,6,TIGER 27-04회사채(A+이상)액티브,53745,5,-10,-0.02,53750.0,0.5518,4416,237,4049,2026-08-18 05:45:32
0060H0,1,TIGER 토탈월드스탁액티브,13060,5,-175,-1.32,13088.0,-0.2476,57502,754,4036,2026-08-18 05:45:32
0131V0,4,1Q 미국우주항공테크,12285,5,-460,-3.61,12470.0,-12.3453,133763,1655,4023,2026-08-18 05:45:32
426020,4,TIME 미국S&P500액티브,32780,5,-525,-1.58,32995.0,-4.0479,95974,3165,3993,2026-08-18 05:45:32
471990,2,KODEX AI반도체핵심장비,24140,2,580,2.46,24160.0,-29.4816,2246154,55037,3959,2026-08-18 05:45:32
469070,2,RISE AI&로봇,11835,5,-695,-5.55,11851.0,-24.79,670780,8235,3959,2026-08-18 05:45:32
241180,4,TIGER 일본니케이225,35955,5,-995,-2.69,36044.0,3.6901,34933,1277,3948,2026-08-18 05:45:32
385720,1,TIME 코스피액티브,25370,5,-290,-1.13,25389.0,-14.3668,76827,1998,3907,2026-08-18 05:45:32
439870,6,KODEX 국고채30년액티브,84970,5,-900,-1.05,84920.0,-10.3701,15786,1341,3844,2026-08-18 05:45:32
462900,2,KoAct 바이오헬스케어액티브,14490,5,-705,-4.64,14526.0,-24.025,1385490,20554,3840,2026-08-18 05:45:32
0043Y0,4,TIME 차이나AI테크액티브,21405,5,-190,-0.88,21384.0,-3.8941,96603,2103,3810,2026-08-18 05:45:32
458250,6,TIGER 미국30년국채스트립액티브(합성 H),33505,5,-830,-2.42,33662.0,-4.7969,154319,5179,3753,2026-08-18 05:45:32
0080G0,2,KODEX 방산TOP10,11145,5,-330,-2.88,11153.0,-17.7529,2257657,25583,3745,2026-08-18 05:45:32
496020,6,WON 전단채플러스액티브,52390,3,0,0.0,52392.0,0.9246,3221,168,3712,2026-08-18 05:45:32
484880,2,SOL 금융지주플러스고배당,22220,5,-290,-1.29,22233.0,3.2077,418901,9330,3711,2026-08-18 05:45:32
0040Y0,7,SOL 팔란티어커버드콜OTM채권혼합,8160,5,-40,-0.49,8171.0,2.3571,249573,2037,3558,2026-08-18 05:45:32
474590,2,WON 반도체밸류체인액티브,44100,5,-265,-0.6,44204.0,-5.7668,119217,5417,3550,2026-08-18 05:45:32
0144L0,4,KODEX 미국성장커버드콜액티브,9880,5,-120,-1.2,9952.0,-3.8575,343247,3406,3547,2026-08-18 05:45:32
310960,1,TIGER 200TR,63295,5,-940,-1.46,63324.0,-11.8136,124223,8124,3545,2026-08-18 05:45:32
453810,4,KODEX 인도Nifty50,11970,5,-145,-1.2,12033.0,-1.8976,133725,1607,3543,2026-08-18 05:45:32
448300,4,TIGER 미국나스닥100(H),23120,5,-250,-1.07,23317.0,1.4636,74719,1735,3537,2026-08-18 05:45:32
132030,5,KODEX 골드선물(H),24670,2,335,1.38,24695.0,-8.4807,72705,1803,3528,2026-08-18 05:45:32
439860,6,KODEX ESG종합채권(A-이상)액티브,113425,5,-155,-0.14,113592.0,0.2515,37,4,3500,2026-08-18 05:45:32
0052D0,2,TIGER 코리아배당다우존스,15680,5,-230,-1.45,15681.0,-4.1507,159149,2525,3473,2026-08-18 05:45:32
0026S0,4,1Q 미국S&P500,13195,5,-200,-1.49,13238.0,-0.6682,231869,3064,3470,2026-08-18 05:45:32
476760,6,ACE 미국30년국채액티브,8990,5,-175,-1.91,8989.0,-6.8256,822855,7410,3452,2026-08-18 05:45:32
279530,2,KODEX 고배당주,17690,5,-90,-0.51,17708.0,-6.4669,217759,3863,3450,2026-08-18 05:45:32
385550,6,RISE 단기채권알파액티브,113985,5,-10,-0.01,114000.0,0.6667,693,78,3449,2026-08-18 05:45:32
0046A0,6,TIGER 미국초단기(3개월이하)국채,9750,5,-55,-0.56,9758.0,-4.2056,599938,5856,3434,2026-08-18 05:45:32
0182R0,2,1Q K반도체TOP2+,10590,5,-240,-2.22,10587.0,-25.1555,4390672,48460,3421,2026-08-18 05:45:32
456880,7,ACE 미국달러SOFR금리(합성),12375,5,-65,-0.52,12376.0,-4.0124,60701,751,3413,2026-08-18 05:45:32
472170,7,TIGER 미국테크TOP10채권혼합,13990,5,-150,-1.06,14004.0,-3.9729,108285,1519,3379,2026-08-18 05:45:32
442570,7,RISE TDF2050액티브 적격,17810,5,-200,-1.11,17663.0,-1.7777,211390,3782,3313,2026-08-18 05:45:32
270810,1,RISE 코스닥150,14275,5,-475,-3.22,14339.0,-25.4486,419033,6104,3280,2026-08-18 05:45:32
0052S0,7,1Q 미국S&P500미국채혼합50액티브,11835,5,-125,-1.05,11859.0,-2.3131,329502,3908,3266,2026-08-18 05:45:32
448630,7,RISE 삼성그룹Top3채권혼합,15270,5,-125,-0.81,15246.0,-0.2915,125887,1941,3253,2026-08-18 05:45:32
385510,2,KODEX 신재생에너지액티브,38325,5,-1175,-2.97,38376.0,-31.4296,87728,3445,3219,2026-08-18 05:45:32
0210A0,2,ACE K반도체TOP2+,7260,5,-130,-1.76,7270.0,,5786787,43429,3169,2026-08-18 05:45:32
483320,4,ACE 엔비디아밸류체인액티브,25860,5,-280,-1.07,26239.0,-3.4891,870003,22720,3090,2026-08-18 05:45:32
0111P0,7,1Q 미국나스닥100미국채혼합50액티브,11070,5,-100,-0.9,11113.0,-3.7355,152944,1698,3089,2026-08-18 05:45:32
475300,2,SOL 반도체전공정,21205,5,-15,-0.07,21257.0,-13.317,2804522,61583,3064,2026-08-18 05:45:32
485540,4,KODEX 미국AI테크TOP10,15335,5,-405,-2.57,15452.0,-7.5598,208579,3212,3029,2026-08-18 05:45:32
0008S0,4,TIGER 미국배당다우존스타겟데일리커버드콜,10162,5,-88,-0.86,10154.0,3.3236,338026,3439,3023,2026-08-18 05:45:32
0038A0,4,KODEX 미국휴머노이드로봇,15797,5,-168,-1.05,15969.0,-13.9927,80989,1289,3017,2026-08-18 05:45:32
433330,4,SOL 미국S&P500,22535,5,-355,-1.55,22612.0,-0.5651,98576,2228,2952,2026-08-18 05:45:32
453870,4,TIGER 인도니프티50,11775,5,-160,-1.34,11829.0,-1.9288,67217,796,2950,2026-08-18 05:45:32
190620,6,ACE 단기통안채,101900,2,15,0.01,101898.0,0.637,41023,4180,2939,2026-08-18 05:45:32
489030,2,PLUS 고배당주위클리커버드콜,6450,2,35,0.55,6469.0,-13.5571,1061112,6707,2919,2026-08-18 05:45:32
454780,6,KIWOOM 종합채권(AA-이상)액티브,98940,5,-370,-0.37,98966.0,-1.6344,9,0,2878,2026-08-18 05:45:32
475080,7,KODEX 테슬라커버드콜채권혼합액티브,7905,3,0,0.0,7889.0,-6.7692,139635,1101,2873,2026-08-18 05:45:32
441680,7,TIGER 미국나스닥100커버드콜(합성),10910,5,-115,-1.04,10991.0,-1.7459,134815,1477,2869,2026-08-18 05:45:32
481190,4,SOL 미국테크TOP10,16920,5,-365,-2.11,17026.0,-8.205,224044,3805,2868,2026-08-18 05:45:32
461490,7,RISE 글로벌자산배분액티브,14805,5,-60,-0.4,14783.0,-2.3325,70069,1038,2865,2026-08-18 05:45:32
307520,2,TIGER 지주회사,22305,5,-195,-0.87,22330.0,-14.4902,289043,6517,2844,2026-08-18 05:45:32
364970,2,TIGER 바이오TOP10,7610,5,-270,-3.43,7616.0,-0.8182,1227554,9475,2831,2026-08-18 05:45:32
091170,2,KODEX 은행,15985,5,-185,-1.14,15998.0,6.1567,675210,10784,2829,2026-08-18 05:45:32
473330,6,SOL 미국30년국채커버드콜(합성),8090,5,-150,-1.82,8111.0,-6.6687,389765,3157,2823,2026-08-18 05:45:32
273140,6,KODEX 단기변동금리부채권액티브,114560,2,20,0.02,114565.0,0.5553,4228,484,2803,2026-08-18 05:45:32
0094K0,6,TIGER 28-04 회사채(A+이상)액티브,99550,5,-40,-0.04,99514.0,0.6417,17151,1707,2775,2026-08-18 05:45:32
136340,6,RISE 중기우량회사채,104225,5,-75,-0.07,104155.0,0.5051,358,37,2768,2026-08-18 05:45:32
123320,3,TIGER 레버리지,110670,5,-3865,-3.37,110643.0,-35.5659,297895,34726,2767,2026-08-18 05:45:32
0053L0,4,TIGER 차이나휴머노이드로봇,10640,2,125,1.19,10632.0,-22.2189,285828,3064,2761,2026-08-18 05:45:32
478150,4,TIME 글로벌우주테크&방산액티브,21350,5,-130,-0.61,21494.0,-7.5135,73891,1582,2743,2026-08-18 05:45:32
421320,2,PLUS 우주항공,29625,5,-1310,-4.23,29638.0,-32.7793,73350,2209,2740,2026-08-18 05:45:32
471040,4,KoAct 글로벌AI&로봇액티브,30090,5,-580,-1.89,30302.0,-13.2514,130630,3960,2723,2026-08-18 05:45:32
0162Y0,1,TIME 코스닥액티브,7580,5,-165,-2.13,7596.0,-31.4905,730587,5707,2710,2026-08-18 05:45:32
471780,2,TIGER 코리아테크액티브,35180,5,-570,-1.59,35210.0,-12.27,152401,5552,2688,2026-08-18 05:45:32
483340,4,ACE 구글밸류체인액티브,23290,5,-510,-2.14,23612.0,-7.1582,357336,8381,2667,2026-08-18 05:45:32
213610,2,KODEX 삼성그룹밸류,22400,5,-595,-2.59,22435.0,-1.7938,23266,533,2666,2026-08-18 05:45:32
497880,6,SOL CD금리&머니마켓액티브,50120,2,10,0.02,50119.0,0.8524,92573,4639,2664,2026-08-18 05:45:32
423170,4,SOL 글로벌AI반도체탑픽액티브,58775,5,-455,-0.77,59216.0,-5.0117,36359,2199,2657,2026-08-18 05:45:32
196230,6,RISE 단기통안채,116805,5,-30,-0.03,116833.0,0.6244,2091,244,2642,2026-08-18 05:45:32
283580,4,KODEX 차이나CSI300,15860,2,15,0.09,15906.0,-8.846,46560,742,2641,2026-08-18 05:45:32
409820,4,KODEX 미국나스닥100레버리지(합성 H),20395,5,-415,-1.99,20725.0,0.7504,139805,2877,2631,2026-08-18 05:45:32
139230,2,TIGER 200 중공업,13370,5,-450,-3.26,13367.0,-26.6553,97960,1338,2629,2026-08-18 05:45:32
0098F0,2,KODEX 원자력SMR,14980,5,-735,-4.68,15003.0,-28.8915,528757,8111,2614,2026-08-18 05:45:32
0119H0,6,KODEX 28-12 회사채(AA-이상)액티브,9930,5,-5,-0.05,9924.0,0.5058,16919,168,2594,2026-08-18 05:45:32
495230,1,KoAct 코리아밸류업액티브,31180,5,-520,-1.64,31200.0,-15.3902,37103,1185,2526,2026-08-18 05:45:32
472920,6,HK 종합채권(AA-이상)액티브,97500,5,-395,-0.4,97536.0,-1.3752,328,32,2515,2026-08-18 05:45:32
493810,4,TIGER 미국AI빅테크10타겟데일리커버드콜,11530,5,-270,-2.29,11605.0,-6.0597,116878,1355,2450,2026-08-18 05:45:32
486450,4,SOL 미국AI전력인프라,21090,5,-370,-1.72,21367.0,-15.975,174962,3710,2446,2026-08-18 05:45:32
388420,2,RISE 비메모리반도체액티브,26955,5,-515,-1.87,27044.0,-21.9782,145762,4056,2404,2026-08-18 05:45:32
0183V0,7,KIWOOM 삼성전자&SK하이닉스채권혼합50,11695,5,-45,-0.38,11697.0,-1.6372,1053064,12552,2397,2026-08-18 05:45:32
363580,2,KODEX 200IT TR,55670,5,-1930,-3.35,55708.0,-4.032,208329,12064,2394,2026-08-18 05:45:32
0228G0,2,ACE 반도체Plus전략산업,10350,5,-300,-2.82,10369.0,,1124625,12004,2381,2026-08-18 05:45:32
448540,7,ACE 엔비디아채권혼합,26720,5,-150,-0.56,26813.0,-1.7191,16742,448,2378,2026-08-18 05:45:32
245710,4,ACE 베트남VN30(합성),28180,5,-415,-1.45,28521.0,-11.8799,26570,751,2367,2026-08-18 05:45:32
414780,4,TIGER 차이나과창판STAR50(합성),15115,2,370,2.51,15306.0,-7.2934,167256,2542,2365,2026-08-18 05:45:32
0182S0,7,1Q K반도체TOP2채권혼합50,12350,5,-60,-0.48,12351.0,-3.3866,352598,4433,2365,2026-08-18 05:45:32
261260,7,KODEX 미국달러선물인버스2X,5120,2,50,0.99,5123.0,9.8591,317206,1621,2365,2026-08-18 05:45:32
472160,4,TIGER 미국테크TOP10 INDXX(H),18605,5,-325,-1.72,18729.0,-4.1034,289780,5406,2363,2026-08-18 05:45:32
228790,2,TIGER 화장품,4355,5,-70,-1.58,4362.0,8.9901,5354084,23106,2350,2026-08-18 05:45:32
498270,4,KIWOOM 미국양자컴퓨팅,15670,5,-300,-1.88,15938.0,0.1984,124074,1960,2343,2026-08-18 05:45:32
157500,2,TIGER 증권,12700,5,-640,-4.8,12719.0,-31.3441,769425,10028,2342,2026-08-18 05:45:32
329650,7,KODEX TRF3070,14155,5,-75,-0.53,14199.0,-1.2097,25461,360,2336,2026-08-18 05:45:32
442320,4,RISE 글로벌원자력,37030,5,-600,-1.59,37414.0,-20.5654,8666,324,2329,2026-08-18 05:45:32
363570,6,KODEX 장기종합채권(AA-이상)액티브,85160,5,-785,-0.91,85379.0,-4.2183,173,14,2316,2026-08-18 05:45:32
488980,6,SOL 26-12 회사채(AA-이상)액티브,52055,5,-5,-0.01,52065.0,0.6963,453,23,2304,2026-08-18 05:45:32
437080,6,KODEX 미국종합채권ESG액티브(H),96855,5,-570,-0.59,96886.0,-0.462,4082,395,2281,2026-08-18 05:45:32
466930,2,SOL 자동차TOP3플러스,27640,5,-1345,-4.64,27670.0,-10.0125,396342,11358,2280,2026-08-18 05:45:32
244580,2,KODEX 바이오,8602,5,-438,-4.85,8611.0,-22.1361,853799,7501,2278,2026-08-18 05:45:32
0092C0,6,SOL 27-12 회사채(AA-이상)액티브,50220,3,0,0.0,50233.0,0.6311,132,6,2272,2026-08-18 05:45:32
458260,6,TIGER 미국투자등급회사채액티브(H),46180,5,-380,-0.82,46222.0,-1.0845,24015,1108,2254,2026-08-18 05:45:32
0094M0,2,RISE 코리아밸류업위클리고정커버드콜,17800,5,-165,-0.92,17790.0,-9.9976,705347,12768,2243,2026-08-18 05:45:32
463050,2,TIME K바이오액티브,13145,5,-610,-4.43,13186.0,-19.5615,381717,5129,2235,2026-08-18 05:45:32
452360,4,SOL 미국배당다우존스(H),13420,5,-85,-0.63,13416.0,8.8814,159956,2150,2228,2026-08-18 05:45:32
0151S0,4,KODEX 미국AI반도체TOP3플러스,15975,5,-265,-1.63,16234.0,-2.3059,280847,4527,2221,2026-08-18 05:45:32
305080,6,TIGER 미국채10년선물,12530,5,-125,-0.99,12537.0,-5.5598,73090,917,2218,2026-08-18 05:45:32
302450,1,RISE 코스피,70945,5,-1200,-1.66,70904.0,-12.3956,494001,35738,2199,2026-08-18 05:45:32
0104N0,2,TIGER 200타겟위클리커버드콜,20915,5,-325,-1.53,20903.0,-11.8743,129032,2778,2196,2026-08-18 05:45:32
0204D0,2,KODEX 현대차로보틱스밸류체인TOP3플러스,6840,5,-325,-4.54,6852.0,,1572428,11102,2172,2026-08-18 05:45:32
495060,1,TIME 코리아밸류업액티브,28765,5,-440,-1.51,28804.0,-16.1499,82187,2427,2157,2026-08-18 05:45:32
0089D0,2,KODEX 금융고배당TOP10,13215,5,-115,-0.86,13215.0,-0.1333,116152,1540,2141,2026-08-18 05:45:32
490090,4,TIGER 미국AI빅테크10,16060,5,-405,-2.46,16160.0,-5.4551,249499,4014,2112,2026-08-18 05:45:32
266160,2,RISE 고배당,32860,5,-490,-1.47,32874.0,-9.5382,51754,1725,2103,2026-08-18 05:45:32
267770,3,TIGER 200선물레버리지,83800,5,-3105,-3.57,84086.0,-36.0993,80256,7059,2095,2026-08-18 05:45:32
422420,2,RISE 2차전지액티브,6525,5,-245,-3.62,6542.0,-34.2982,226765,1514,2093,2026-08-18 05:45:32
0047A0,4,TIGER 차이나테크TOP10,13740,2,250,1.85,13830.0,-11.9165,66623,920,2088,2026-08-18 05:45:32
433500,2,ACE 원자력TOP10,53205,5,-2470,-4.44,53327.0,-32.343,34920,1903,2075,2026-08-18 05:45:32
0115D0,2,KODEX 조선TOP10,8070,5,-340,-4.04,8070.0,-22.1657,1670230,13712,2066,2026-08-18 05:45:32
332930,1,HANARO 200TR,142150,5,-2435,-1.68,142155.0,-11.6877,2020,290,2061,2026-08-18 05:45:32
394670,4,TIGER 글로벌리튬&2차전지SOLACTIVE(합성),11580,5,-85,-0.73,11674.0,-19.7731,13847,161,2052,2026-08-18 05:45:32
480040,4,ACE 미국반도체데일리타겟커버드콜(합성),15645,3,0,0.0,15865.0,-10.9364,242380,3830,2003,2026-08-18 05:45:32
0005A0,4,KODEX 미국S&P500데일리커버드콜OTM,9760,5,-160,-1.61,9775.0,-0.7677,296253,2906,1952,2026-08-18 05:45:32
495550,1,SOL 코리아밸류업TR,33040,5,-640,-1.9,33068.0,-12.1659,30892,1045,1933,2026-08-18 05:45:32
0069M0,4,1Q 미국나스닥100,13895,5,-215,-1.52,14005.0,-3.1903,123071,1720,1931,2026-08-18 05:45:32
0192Z0,6,TIGER 중기종합채권(A-이상)액티브,100800,5,-150,-0.15,100828.0,,18,1,1925,2026-08-18 05:45:32
302190,6,TIGER 중장기국채,49920,5,-190,-0.38,49911.0,0.0599,22880,1141,1917,2026-08-18 05:45:32
429000,4,TIGER 미국S&P500배당귀족,13820,5,-210,-1.5,13797.0,5.4969,88676,1228,1907,2026-08-18 05:45:32
0091C0,6,KODEX 미국10년국채액티브(H),9575,5,-45,-0.47,9571.0,-0.5631,92911,889,1906,2026-08-18 05:45:32
433980,7,KODEX TDF2040액티브 적격,16180,5,-140,-0.86,16151.0,-0.887,90936,1477,1893,2026-08-18 05:45:32
122090,1,PLUS 코스피50,81335,5,-1030,-1.25,81333.0,-11.2218,46831,3931,1879,2026-08-18 05:45:32
0082V0,7,KODEX TDF2060액티브 적격,11585,5,-80,-0.69,11530.0,-4.4836,145749,1694,1877,2026-08-18 05:45:32
117700,2,KODEX 건설,6515,5,-315,-4.61,6518.0,-24.4371,1609383,10762,1870,2026-08-18 05:45:32
473460,4,KODEX 미국서학개미,23742,5,-343,-1.42,24054.0,-13.0835,46435,1111,1828,2026-08-18 05:45:32
233160,3,TIGER 코스닥150 레버리지,8115,5,-560,-6.46,8117.0,-52.7506,2862003,24476,1822,2026-08-18 05:45:32
463290,6,1Q 단기금융채액티브,109135,2,5,0.0,109139.0,0.757,763,83,1802,2026-08-18 05:45:32
0040X0,7,SOL 팔란티어미국채커버드콜혼합,9630,5,-210,-2.13,9639.0,6.0409,208663,2004,1777,2026-08-18 05:45:32
0093A0,2,RISE AI반도체TOP10,31950,5,-145,-0.45,32003.0,-21.1232,114962,3773,1757,2026-08-18 05:45:32
483290,4,KODEX 미국배당다우존스타겟커버드콜,10550,5,-70,-0.66,10540.0,3.6842,204039,2155,1751,2026-08-18 05:45:32
0005G0,2,IBK K-AI반도체코어테크,50480,5,-740,-1.44,50539.0,-4.281,28730,1500,1742,2026-08-18 05:45:32
494330,2,ACE 라이프자산주주가치액티브,33130,5,-255,-0.76,33112.0,7.172,31723,1068,1739,2026-08-18 05:45:32
200250,4,KIWOOM 인도Nifty50(합성),21995,5,-250,-1.12,22064.0,-2.0907,4089,90,1738,2026-08-18 05:45:32
160580,5,TIGER 구리실물,17005,2,380,2.29,17314.0,-3.985,103377,1766,1735,2026-08-18 05:45:32
0190G0,2,KODEX 반도체타겟위클리커버드콜,8710,2,15,0.17,8708.0,-20.3315,647333,5771,1716,2026-08-18 05:45:32
0051G0,4,SOL 미국원자력SMR,13985,5,-330,-2.31,14042.0,-13.5307,28689,403,1713,2026-08-18 05:45:32
0099L0,6,ACE 우량회사채(AA-이상)액티브,99555,5,-40,-0.04,99526.0,0.6925,19534,1944,1706,2026-08-18 05:45:32
490600,4,RISE 미국배당100데일리고정커버드콜,9265,5,-80,-0.86,9250.0,4.2204,251207,2330,1705,2026-08-18 05:45:32
403790,1,MIDAS 코스피액티브,58245,5,-640,-1.09,57593.0,-10.3388,10181,608,1704,2026-08-18 05:45:32
0180V0,4,ACE 미국우주테크액티브,9010,5,-80,-0.88,9187.0,-28.2558,278345,2543,1685,2026-08-18 05:45:32
472870,6,RISE 미국30년국채엔화노출(합성 H),6920,5,-165,-2.33,6950.0,-8.5155,525447,3653,1678,2026-08-18 05:45:32
332500,1,ACE 200TR,72760,5,-1330,-1.8,72850.0,-11.6715,38914,2921,1673,2026-08-18 05:45:32
337160,2,KODEX 200ESG,47675,5,-1145,-2.35,47689.0,-8.512,37916,1857,1669,2026-08-18 05:45:32
461950,2,KODEX 2차전지핵심소재10,4785,5,-220,-4.4,4787.0,-34.9144,795472,3892,1665,2026-08-18 05:45:32
494220,2,UNICORN SK하이닉스밸류체인액티브,46800,5,-615,-1.3,46929.0,-11.1913,184172,8977,1661,2026-08-18 05:45:32
412570,2,TIGER 2차전지TOP10레버리지,1160,5,-100,-7.94,1164.0,-51.5385,9280788,11172,1652,2026-08-18 05:45:32
237370,7,KODEX 코리아배당성장채권혼합,15705,5,-130,-0.82,15711.0,-2.5629,34202,538,1633,2026-08-18 05:45:32
480030,4,ACE 미국500데일리타겟커버드콜(합성),10195,5,-150,-1.45,10210.0,-2.2444,148326,1515,1631,2026-08-18 05:45:32
480020,4,ACE 미국빅테크7+데일리타겟커버드콜(합성),10455,5,-275,-2.56,10528.0,-11.8938,461725,4841,1631,2026-08-18 05:45:32
0048K0,4,KODEX 차이나휴머노이드로봇,9525,2,230,2.47,9556.0,-17.9875,685599,6499,1624,2026-08-18 05:45:32
491820,2,HANARO 전력설비투자,43820,5,-185,-0.42,43954.0,-34.9904,100241,4472,1621,2026-08-18 05:45:32
272560,6,RISE 단기국공채액티브,114790,3,0,0.0,114772.0,0.6444,6601,757,1602,2026-08-18 05:45:32
0064K0,5,KODEX 금액티브,12980,2,130,1.01,12978.0,-12.2568,95805,1248,1595,2026-08-18 05:45:32
143860,2,TIGER 헬스케어,39100,5,-1440,-3.55,39171.0,-11.2717,94520,3741,1580,2026-08-18 05:45:32
491610,6,1Q CD금리액티브(합성),104730,2,15,0.01,104717.0,0.731,2904,304,1553,2026-08-18 05:45:32
464240,6,KIWOOM 26-09회사채(AA-이상)액티브,52350,5,-15,-0.03,52360.0,0.7486,516,27,1544,2026-08-18 05:45:32
354500,1,ACE 코스닥150,14495,5,-485,-3.24,14563.0,-25.1375,219665,3269,1536,2026-08-18 05:45:32
152870,1,파워 200,109075,5,-2090,-1.88,109306.0,-11.7596,1007,112,1527,2026-08-18 05:45:32
0127M0,4,ACE 미국대형가치주액티브,12740,2,5,0.04,12789.0,4.7149,8411,107,1522,2026-08-18 05:45:32
0104H0,7,KoAct 미국나스닥채권혼합50액티브,12035,5,-95,-0.78,12132.0,-7.121,117400,1420,1522,2026-08-18 05:45:32
0151P0,2,RISE 코리아전략산업액티브,14895,5,-220,-1.46,14904.0,-21.362,263648,4045,1512,2026-08-18 05:45:32
0153K0,2,KODEX 주주환원고배당주,12130,5,-110,-0.9,12147.0,0.346,217557,2639,1504,2026-08-18 05:45:32
219480,4,KODEX 미국S&P500선물(H),33290,5,-355,-1.06,33304.0,3.9388,2894,96,1498,2026-08-18 05:45:32
458210,7,KIWOOM CD금리액티브(합성),110440,5,-25,-0.02,110427.0,0.7249,650,71,1483,2026-08-18 05:45:32
486830,6,HANARO 머니마켓액티브,53220,2,10,0.02,53222.0,0.7956,1852,98,1469,2026-08-18 05:45:32
245340,4,TIGER 미국다우존스30,36650,5,-475,-1.28,36683.0,3.1243,13658,501,1466,2026-08-18 05:45:32
138520,2,TIGER 삼성그룹,36295,5,-1105,-2.95,36369.0,-1.579,36774,1371,1459,2026-08-18 05:45:32
457990,2,PLUS 태양광&ESS,37675,5,-1140,-2.94,37718.0,-24.1969,500745,19244,1450,2026-08-18 05:45:32
0041E0,4,KODEX 미국S&P500액티브,16755,5,-175,-1.03,16849.0,-5.3808,250461,4197,1441,2026-08-18 05:45:32
481180,4,SOL 미국AI소프트웨어,16167,5,-788,-4.65,16251.0,29.1809,151461,2457,1423,2026-08-18 05:45:32
0005D0,2,SOL 전고체배터리&실리콘음극재,14055,5,-840,-5.64,14072.0,-36.1004,693141,9990,1398,2026-08-18 05:45:32
495330,1,1Q 코리아밸류업,32155,5,-675,-2.06,32205.0,-11.1451,11763,386,1383,2026-08-18 05:45:32
192090,4,TIGER 차이나CSI300,12945,5,-10,-0.08,13035.0,-9.8783,28177,365,1372,2026-08-18 05:45:32
0168K0,2,TIGER 기술이전바이오액티브,6540,5,-310,-4.53,6548.0,-23.2063,1030827,6891,1366,2026-08-18 05:45:32
0176E0,4,RISE 미국AI전력인프라액티브,11015,2,165,1.52,11099.0,-16.5706,36132,400,1366,2026-08-18 05:45:32
451530,6,TIGER 국고채30년스트립액티브,33300,5,-695,-2.04,33313.0,-19.2518,33598,1115,1363,2026-08-18 05:45:32
0181B0,4,HANARO 미국AI메모리반도체TOP4+,10930,2,330,3.11,11272.0,3.4651,532265,5936,1350,2026-08-18 05:45:32
0131W0,6,1Q 단기특수은행채액티브,102015,2,10,0.01,102014.0,0.681,14,1,1345,2026-08-18 05:45:32
0074K0,2,KoAct K수출핵심기업TOP30액티브,17455,5,-485,-2.7,17485.0,-14.3471,72202,1288,1344,2026-08-18 05:45:32
0184L0,6,PLUS 중기종합채권(A-이상)액티브,100475,5,-115,-0.11,100497.0,0.6906,44,4,1341,2026-08-18 05:45:32
476450,6,KIWOOM 머니마켓액티브,52710,3,0,0.0,52710.0,0.755,1150,60,1336,2026-08-18 05:45:32
304660,6,KODEX 미국30년국채울트라선물(H),7155,5,-110,-1.51,7163.0,-1.8907,33831,242,1331,2026-08-18 05:45:32
476030,4,SOL 미국나스닥100,17600,5,-270,-1.51,17739.0,-2.9782,67162,1189,1329,2026-08-18 05:45:32
271050,5,KODEX WTI원유선물인버스(H),2005,5,-70,-3.37,1998.0,6.6289,1562958,3145,1320,2026-08-18 05:45:32
0123G0,4,TIGER 미국AI전력SMR,6835,5,-285,-4.0,6875.0,-16.432,148781,1022,1319,2026-08-18 05:45:32
182480,7,TIGER 미국MSCI리츠(합성 H),13975,5,-25,-0.18,14017.0,3.2886,13340,186,1314,2026-08-18 05:45:32
471760,2,TIGER AI반도체핵심공정,14510,5,-145,-0.99,14526.0,-35.4121,2219478,33186,1306,2026-08-18 05:45:32
463680,4,KODEX 미국S&P500테크놀로지,23090,5,-405,-1.72,23159.0,2.2699,30051,699,1305,2026-08-18 05:45:32
251340,3,KODEX 코스닥150선물인버스,2385,2,80,3.47,2396.0,15.6547,88840450,207849,1288,2026-08-18 05:45:32
325010,2,KODEX 성장주,42915,5,-865,-1.98,42983.0,-13.6404,5358,235,1287,2026-08-18 05:45:32
139220,2,TIGER 200 건설,7435,5,-265,-3.44,7448.0,-24.3615,406109,3102,1286,2026-08-18 05:45:32
411420,4,KODEX 미국나스닥AI테크액티브,27265,5,-495,-1.78,27486.0,-7.5861,99152,2720,1281,2026-08-18 05:45:32
0193G0,1,KoAct 코스피액티브,8420,5,-175,-2.04,8434.0,,264796,2292,1276,2026-08-18 05:45:32
0199C0,2,ACE 고배당주Plus커버드콜액티브,9290,5,-90,-0.96,9225.0,,886395,8283,1273,2026-08-18 05:45:32
488720,7,WON 종합채권(AA-이상)액티브,48370,5,-125,-0.26,48364.0,-1.443,1114,53,1265,2026-08-18 05:45:32
448100,1,WON 200,111800,5,-1455,-1.28,111541.0,-11.8778,5174,593,1258,2026-08-18 05:45:32
447620,7,SOL 미국TOP5채권혼합50,15865,5,-165,-1.03,15916.0,-2.3157,109248,1743,1253,2026-08-18 05:45:32
114820,6,TIGER 국채3년,104990,5,-120,-0.11,104969.0,0.6029,3755,394,1249,2026-08-18 05:45:32
0000Y0,6,HK 26-12 회사채(AA-이상)액티브,101735,2,5,0.0,101754.0,0.6231,51,5,1231,2026-08-18 05:45:32
367770,2,RISE 수소경제테마,23435,5,-765,-3.16,23453.0,-25.6072,49156,1172,1230,2026-08-18 05:45:32
377990,2,TIGER Fn신재생에너지,24540,5,-590,-2.35,24576.0,-32.0962,150172,3773,1227,2026-08-18 05:45:32
464310,4,TIGER 글로벌AI&로보틱스 INDXX,14730,5,-175,-1.17,14768.0,-15.3847,17164,255,1223,2026-08-18 05:45:32
0191W0,6,HANARO 중기종합채권(A-이상)액티브,100880,3,0,0.0,100804.0,,0,0,1211,2026-08-18 05:45:32
399110,4,SOL 미국S&P500ESG,21580,5,-300,-1.37,21636.0,0.8382,10691,231,1208,2026-08-18 05:45:32
0080Y0,2,SOL 조선TOP3플러스레버리지,9570,5,-835,-8.02,9625.0,-47.975,621453,6135,1206,2026-08-18 05:45:32
328370,1,PLUS 코스피TR,38730,5,-360,-0.92,38460.0,-12.5797,108,4,1201,2026-08-18 05:45:32
464930,4,TIGER 글로벌혁신블루칩TOP10,21555,5,-310,-1.42,21655.0,-2.0386,7047,151,1196,2026-08-18 05:45:32
372330,4,KODEX 차이나항셍테크,7240,5,-30,-0.41,7250.0,-12.4685,23135,168,1195,2026-08-18 05:45:32
0092B0,2,SOL 한국원자력SMR,14710,5,-770,-4.97,14725.0,-30.8775,183863,2769,1192,2026-08-18 05:45:32
488500,4,TIGER 미국S&P500동일가중,13075,5,-205,-1.54,13094.0,4.674,104575,1369,1177,2026-08-18 05:45:32
0174B0,7,KoAct 글로벌AI메모리반도체액티브,15095,2,75,0.5,15267.0,-1.0215,157692,2444,1170,2026-08-18 05:45:32
461500,6,HANARO 종합채권(AA-이상)액티브,104335,5,-435,-0.42,104497.0,-1.4486,6,0,1166,2026-08-18 05:45:32
309230,4,ACE 미국WideMoat동일가중,31600,5,-855,-2.63,31720.0,8.2762,14602,463,1163,2026-08-18 05:45:32
332940,1,HANARO MSCI Korea TR,48250,5,-1105,-2.24,48216.0,-11.1282,516,25,1158,2026-08-18 05:45:32
0000J0,2,PLUS 한화그룹주,29335,5,-715,-2.38,29395.0,-23.6923,135186,4018,1144,2026-08-18 05:45:32
0177X0,2,ACE K휴머노이드로봇산업TOP2+,10395,5,-550,-5.03,10399.0,-27.6125,727557,7934,1143,2026-08-18 05:45:32
319640,4,TIGER 골드선물(H),25880,2,315,1.23,25922.0,-8.6802,11115,289,1139,2026-08-18 05:45:32
0122W0,6,RISE 26-11 회사채(AA-이상)액티브,50940,2,15,0.03,50939.0,0.6224,54,2,1138,2026-08-18 05:45:32
266370,2,KODEX IT,66900,5,-2035,-2.95,67040.0,-8.8343,58906,4086,1137,2026-08-18 05:45:32
304940,4,KODEX 미국나스닥100선물(H),32765,5,-330,-1.0,33032.0,1.0997,9658,317,1130,2026-08-18 05:45:32
0135Y0,6,IBK 중기종합채권(AA-이상)액티브,100265,5,-135,-0.13,100289.0,0.5206,2,0,1130,2026-08-18 05:45:32
0036R0,4,RISE 미국휴머노이드로봇,20160,5,-170,-0.84,20388.0,-7.7564,20047,407,1129,2026-08-18 05:45:32
491230,6,PLUS 국공채머니마켓액티브,52450,3,0,0.0,52442.0,0.8556,2725,142,1128,2026-08-18 05:45:32
498180,6,파워 종합채권(AA-이상)액티브,92720,5,-535,-0.57,92771.0,-1.3697,16,1,1123,2026-08-18 05:45:32
326240,2,RISE IT플러스,43670,5,-1320,-2.93,43708.0,-9.7493,4495,201,1118,2026-08-18 05:45:32
469170,2,ACE 포스코그룹포커스,5545,5,-260,-4.48,5558.0,-31.1892,691937,3918,1117,2026-08-18 05:45:32
168580,4,ACE 중국본토CSI300,35750,2,135,0.38,36011.0,-9.7555,2495,89,1115,2026-08-18 05:45:32
0137V0,4,KIWOOM 미국S&P500모멘텀,12065,5,-15,-0.12,12215.0,-2.215,167008,2026,1098,2026-08-18 05:45:32
394660,4,TIGER 글로벌자율주행&전기차SOLACTIVE,16720,5,-60,-0.36,16876.0,-16.1,5228,88,1097,2026-08-18 05:45:32
0052T0,6,1Q 중단기회사채(A-이상)액티브,50625,5,-50,-0.1,50669.0,0.7355,1062,53,1080,2026-08-18 05:45:32
0209D0,2,KODEX 전고체배터리ESS TOP2플러스,7870,5,-320,-3.91,7888.0,,867001,6973,1074,2026-08-18 05:45:32
0221V0,6,IBK 초단기채권액티브,100290,2,5,0.0,100302.0,,49,4,1072,2026-08-18 05:45:32
0132K0,7,PLUS 테슬라위클리커버드콜채권혼합,7952,5,-18,-0.23,7982.0,-6.4713,208519,1657,1070,2026-08-18 05:45:32
0193M0,6,BNK 27-12 특수채(AAA이상)액티브,50325,2,10,0.02,50358.0,,8,0,1064,2026-08-18 05:45:32
261270,7,KODEX 미국달러선물인버스,7920,2,50,0.64,7933.0,5.0734,47506,376,1064,2026-08-18 05:45:32
438570,6,SOL 국고채10년,97585,5,-765,-0.78,97648.0,-0.5361,319,31,1063,2026-08-18 05:45:32
0091M0,6,HANARO 27-06 회사채(AA-이상)액티브,10155,2,5,0.05,10151.0,0.5448,24,0,1059,2026-08-18 05:45:32
496090,1,KIWOOM 코리아밸류업,32395,5,-345,-1.05,32364.0,-11.7326,951,31,1053,2026-08-18 05:45:32
465610,4,ACE 미국빅테크TOP7 Plus레버리지(합성),43865,5,-2065,-4.5,44496.0,-7.567,10676,473,1053,2026-08-18 05:45:32
455860,2,SOL 2차전지소부장Fn,4420,5,-215,-4.64,4420.0,-35.1749,617124,2802,1052,2026-08-18 05:45:32
0142D0,4,TIGER 미국AI데이터센터TOP4Plus,11720,5,-190,-1.6,11943.0,-10.7866,251061,2969,1049,2026-08-18 05:45:32
0138Y0,7,PLUS 금채권혼합,9930,2,40,0.4,9960.0,-5.7198,276026,2751,1043,2026-08-18 05:45:32
475280,6,ACE 8월만기자동연장회사채AA-이상액티브,10715,5,-5,-0.05,10724.0,0.7518,235,2,1032,2026-08-18 05:45:32
465780,6,마이티 26-09 특수채(AAA)액티브,106310,2,25,0.02,106301.0,0.6725,1,0,1024,2026-08-18 05:45:32
0085P0,6,ACE 미국10년국채액티브,10005,5,-105,-1.04,10002.0,-5.1644,177477,1778,1011,2026-08-18 05:45:32
0035T0,7,PLUS 글로벌휴머노이드로봇액티브,20795,5,-405,-1.91,20777.0,-16.1061,20284,432,1009,2026-08-18 05:45:32
114100,6,RISE 국고채3년,106500,5,-170,-0.16,106488.0,0.6499,1943,206,1003,2026-08-18 05:45:32
476850,1,KoAct 배당성장액티브,21300,5,-470,-2.16,21340.0,-9.3698,95219,2069,1001,2026-08-18 05:45:32
203780,4,TIGER 미국나스닥바이오,35125,2,130,0.37,35237.0,6.8549,21371,752,998,2026-08-18 05:45:32
481430,6,RISE 국고채10년액티브,97595,5,-750,-0.76,97595.0,-0.521,338,32,996,2026-08-18 05:45:32
204480,4,TIGER 차이나CSI300레버리지(합성),26700,2,5,0.02,27077.0,-21.3118,5667,152,993,2026-08-18 05:45:32
0007N0,1,아이엠에셋 200,108940,5,-1765,-1.59,108803.0,-11.5047,168,18,980,2026-08-18 05:45:32
449770,4,KIWOOM 미국S&P500,21560,5,-310,-1.42,21665.0,-0.8544,5589,120,970,2026-08-18 05:45:32
308620,6,KODEX 미국10년국채선물,11770,5,-120,-1.01,11775.0,-5.259,52970,625,953,2026-08-18 05:45:32
195980,4,PLUS 신흥국MSCI(합성 H),15090,5,-95,-0.63,15224.0,-0.1316,20906,318,948,2026-08-18 05:45:32
475050,2,ACE KPOP포커스,6555,5,-310,-4.52,6561.0,-24.7259,1039509,6923,947,2026-08-18 05:45:32
473440,6,ACE 11월만기자동연장회사채AA-이상액티브,10835,2,10,0.09,10839.0,0.604,4659,50,943,2026-08-18 05:45:32
485690,4,RISE 미국AI밸류체인TOP3Plus,22400,5,-490,-2.14,22708.0,-4.0021,49475,1120,941,2026-08-18 05:45:32
433970,7,KODEX TDF2030액티브 적격,14200,5,-100,-0.7,14157.0,-0.5078,16712,237,937,2026-08-18 05:45:32
479620,4,SOL 미국AI반도체칩메이커,26020,5,-705,-2.64,26481.0,-3.7111,40844,1071,937,2026-08-18 05:45:32
468380,6,KODEX iShares미국하이일드액티브,11210,5,-80,-0.71,11204.0,-3.5952,50933,571,933,2026-08-18 05:45:32
0162L0,4,KODEX 차이나AI반도체TOP10,14565,2,405,2.86,14605.0,-5.8738,636928,9433,932,2026-08-18 05:45:32
486240,2,DAISHIN343 AI반도체&인프라액티브,29075,5,-370,-1.26,29202.0,-13.7775,10172,307,930,2026-08-18 05:45:32
211900,2,KODEX 코리아배당성장,28170,5,-590,-2.05,28205.0,-11.0019,7469,212,930,2026-08-18 05:45:32
454320,2,HANARO CAPEX설비투자iSelect,42800,5,-900,-2.06,42881.0,-26.0638,4100,178,920,2026-08-18 05:45:32
143850,4,TIGER 미국S&P500선물(H),77765,5,-915,-1.16,77795.0,3.6217,12106,944,914,2026-08-18 05:45:32
325020,2,KODEX 배당가치,29465,5,-575,-1.91,29501.0,-5.5609,8147,244,913,2026-08-18 05:45:32
269540,4,PLUS 미국S&P500(H),30220,5,-345,-1.13,30331.0,3.2078,6726,203,907,2026-08-18 05:45:32
298770,4,KODEX 한국대만IT프리미어,82225,5,-920,-1.11,81837.0,-0.3317,33655,2865,904,2026-08-18 05:45:32
453080,4,KIWOOM 미국나스닥100(H),23125,5,-220,-0.94,23317.0,0.9828,12276,286,902,2026-08-18 05:45:32
444490,4,WON 미국S&P500,20695,5,-340,-1.62,20764.0,-0.5203,17295,359,900,2026-08-18 05:45:32
329670,7,KODEX TRF7030,22410,5,-210,-0.93,22477.0,-0.2008,22097,496,896,2026-08-18 05:45:32
359210,1,KODEX 코스피TR,35540,5,-605,-1.67,35510.0,-12.3546,13463,492,889,2026-08-18 05:45:32
495040,1,PLUS 코리아밸류업,32225,5,-305,-0.94,32092.0,-11.8045,3116,103,886,2026-08-18 05:45:32
108450,2,ACE 삼성그룹섹터가중,39690,5,-1315,-3.21,39634.0,-3.3015,8812,360,873,2026-08-18 05:45:32
460960,7,ACE 글로벌인컴TOP10,11400,5,-120,-1.04,11368.0,-1.8037,106794,1219,872,2026-08-18 05:45:32
0066W0,5,SOL 국제금,13110,2,110,0.85,13208.0,-12.0434,123494,1628,865,2026-08-18 05:45:32
0008T0,2,SOL 화장품TOP3플러스,17420,5,-315,-1.78,17461.0,9.8142,1593179,27409,854,2026-08-18 05:45:32
329660,7,KODEX TRF5050,18040,5,-150,-0.82,18106.0,-0.3023,9955,180,848,2026-08-18 05:45:32
490480,2,SOL K방산,30810,5,-1080,-3.39,30881.0,-17.5863,42560,1333,847,2026-08-18 05:45:32
138530,2,TIGER LG그룹플러스,12535,5,-365,-2.83,12547.0,-6.9936,233740,2987,835,2026-08-18 05:45:32
461460,6,PLUS 국고채10년액티브,51040,5,-370,-0.72,51040.0,-0.5706,128,6,828,2026-08-18 05:45:32
453330,4,RISE 미국S&P500(H),18250,5,-215,-1.16,18326.0,4.5892,20636,377,821,2026-08-18 05:45:32
469060,4,RISE 미국반도체NYSE,37215,5,-60,-0.16,37838.0,-1.816,28641,1077,819,2026-08-18 05:45:32
0017Y0,6,1Q 종합채권(AA-이상)액티브,93325,5,-465,-0.5,93339.0,-1.4242,36,3,815,2026-08-18 05:45:32
0057H0,7,PLUS 미국S&P500미국채혼합50액티브,11920,5,-125,-1.04,11940.0,-2.3515,121365,1451,811,2026-08-18 05:45:32
412770,4,TIGER 글로벌AI플랫폼액티브,13245,5,-120,-0.9,13269.0,-8.5529,5292,70,807,2026-08-18 05:45:32
0018C0,2,PLUS 고배당주위클리고정커버드콜,10675,5,-105,-0.97,10693.0,-11.5061,69420,742,806,2026-08-18 05:45:32
0049M0,4,ACE 미국배당퀄리티+커버드콜액티브,11615,5,-55,-0.47,11621.0,-0.4018,45400,527,801,2026-08-18 05:45:32
157490,2,TIGER 소프트웨어,8535,5,-480,-5.32,8546.0,-6.5804,242285,2111,801,2026-08-18 05:45:32
364960,2,TIGER BBIG,6575,5,-290,-4.22,6581.0,-13.2112,28771,192,799,2026-08-18 05:45:32
337140,2,KODEX 코스피대형주,36195,5,-585,-1.59,36254.0,-12.3578,20206,755,796,2026-08-18 05:45:32
495750,1,HANARO 코리아밸류업,32345,5,-460,-1.4,32298.0,-12.7135,281,9,792,2026-08-18 05:45:32
0098N0,2,PLUS 자사주매입고배당주,12930,5,-40,-0.31,12938.0,-1.4557,50684,654,789,2026-08-18 05:45:32
492500,7,1Q 현대차그룹채권(A+이상)&국고통안,51260,5,-30,-0.06,51291.0,0.4406,10649,545,780,2026-08-18 05:45:32
458030,6,WON 국공채머니마켓액티브,54985,2,10,0.02,54981.0,0.6868,226,12,780,2026-08-18 05:45:32
0080X0,7,SOL 미국S&P500미국채혼합50,11250,5,-120,-1.06,11251.0,-2.9865,253620,2859,776,2026-08-18 05:45:32
434960,1,DAISHIN343 K200,110555,5,-385,-0.35,109105.0,-11.8386,717,79,774,2026-08-18 05:45:32
210780,2,TIGER 코스피고배당,23365,5,-200,-0.85,23369.0,-8.8346,11097,260,771,2026-08-18 05:45:32
292190,1,KODEX KRX300,47855,5,-710,-1.46,47852.0,-12.2004,3541,172,766,2026-08-18 05:45:32
365040,1,TIGER AI코리아그로스액티브,36155,5,-590,-1.61,36121.0,-10.049,4718,175,759,2026-08-18 05:45:32
0225V0,4,KODEX 미국CPU반도체TOP10,10830,5,-200,-1.81,11063.0,,333974,3693,758,2026-08-18 05:45:32
438560,6,SOL 국고채3년,100270,5,-165,-0.16,100305.0,0.7119,138,13,756,2026-08-18 05:45:32
441540,2,HANARO Fn조선해운,27760,5,-455,-1.61,27828.0,-18.1581,14295,403,750,2026-08-18 05:45:32
0113D0,4,TIME 글로벌탑픽액티브,12270,5,-160,-1.29,12373.0,-1.2709,96473,1186,742,2026-08-18 05:45:32
475310,2,SOL 반도체후공정,26970,2,655,2.49,26999.0,-28.7629,316640,8677,742,2026-08-18 05:45:32
211560,2,TIGER 배당성장,35310,5,-900,-2.49,35303.0,-10.4055,4810,171,731,2026-08-18 05:45:32
272910,6,ACE 중장기국공채액티브,105880,5,-270,-0.25,105876.0,0.4352,59,6,728,2026-08-18 05:45:32
228810,2,TIGER 미디어컨텐츠,3070,5,-155,-4.81,3067.0,-27.6906,502547,1562,728,2026-08-18 05:45:32
0190Y0,4,TIGER 구글밸류체인,9130,5,-195,-2.09,9198.0,-9.5834,146179,1344,721,2026-08-18 05:45:32
130730,6,KIWOOM 단기자금,102945,2,5,0.0,102935.0,0.6698,1734,178,721,2026-08-18 05:45:32
266420,2,KODEX 헬스케어,17770,5,-610,-3.32,17785.0,-11.0143,54602,983,711,2026-08-18 05:45:32
0022T0,4,SOL 국제금커버드콜액티브,13535,2,160,1.2,13601.0,-12.0065,78359,1067,704,2026-08-18 05:45:32
0102A0,4,TIGER 미국AI소프트웨어TOP4Plus,8375,5,-465,-5.26,8463.0,13.406,87249,735,704,2026-08-18 05:45:32
0098Z0,1,FOCUS 200,93350,5,-410,-0.44,92535.0,-11.9652,57,5,700,2026-08-18 05:45:32
0197X0,2,SOL SK하이닉스선물단일종목인버스2X,7990,5,-85,-1.05,8022.0,,34370649,248909,699,2026-08-18 05:45:32
475350,4,RISE 버크셔포트폴리오TOP10,14730,5,-230,-1.54,14721.0,2.1872,33831,499,692,2026-08-18 05:45:32
0115E0,2,KODEX 코리아소버린AI,14780,5,-555,-3.62,14787.0,-5.7818,237010,3622,687,2026-08-18 05:45:32
453950,4,TIGER TSMC파운드리밸류체인,35075,5,-595,-1.67,35314.0,1.9288,17808,627,684,2026-08-18 05:45:32
458750,4,TIGER 미국배당다우존스타겟커버드콜1호,13280,5,-100,-0.75,13263.0,3.6235,27985,372,684,2026-08-18 05:45:32
440640,6,ACE 단기채권알파액티브,112565,2,25,0.02,112572.0,0.7835,998,112,680,2026-08-18 05:45:32
277640,2,TIGER 코스피대형주,37385,5,-665,-1.75,37482.0,-11.8404,15592,605,673,2026-08-18 05:45:32
0181L0,4,SOL 미국우주항공TOP10,8205,5,-60,-0.73,8378.0,-28.1929,159842,1327,673,2026-08-18 05:45:32
433880,7,PLUS TDF2060액티브 적격,19025,5,-210,-1.09,18969.0,-2.1753,29736,566,672,2026-08-18 05:45:32
100910,1,KIWOOM KRX100,17070,5,-295,-1.7,17094.0,-11.2865,4805,84,666,2026-08-18 05:45:32
228800,2,TIGER 여행레저,2555,5,-40,-1.54,2561.0,-23.1112,322922,842,661,2026-08-18 05:45:32
491700,1,HK 200,109110,5,-830,-0.75,109248.0,-12.0727,540,60,655,2026-08-18 05:45:32
0036D0,4,TIME 미국배당다우존스액티브,13040,3,0,0.0,13071.0,1.2595,0,0,652,2026-08-18 05:45:32
278620,6,PLUS 단기채권액티브,118965,2,20,0.02,118961.0,0.6856,199,23,652,2026-08-18 05:45:32
473640,4,HANARO 글로벌금채굴기업,33360,2,665,2.03,33854.0,-12.5803,28396,959,651,2026-08-18 05:45:32
0040S0,4,HANARO 글로벌피지컬AI액티브,24840,5,-560,-2.2,25086.0,-9.5764,12598,316,646,2026-08-18 05:45:32
491220,1,PLUS 200TR,128365,5,-2225,-1.7,128652.0,-11.6083,13852,1825,642,2026-08-18 05:45:32
0000D0,7,TIGER 엔비디아미국채커버드콜밸런스(합성),9325,5,-120,-1.27,9300.0,-6.4477,36178,336,639,2026-08-18 05:45:32
0123S0,2,HANARO 26-12 은행채(AA+이상)액티브,10170,5,-10,-0.1,10180.0,0.6426,466,4,636,2026-08-18 05:45:32
465330,2,RISE 2차전지TOP10,10950,5,-445,-3.91,10964.0,-26.0785,166972,1862,630,2026-08-18 05:45:32
455660,6,ACE 미국하이일드액티브(H),9475,5,-10,-0.11,9470.0,0.8465,19463,184,625,2026-08-18 05:45:32
419890,6,KIWOOM 단기채권ESG액티브,107430,5,-75,-0.07,107459.0,0.6365,1314,141,623,2026-08-18 05:45:32
306950,3,KODEX KRX300레버리지,77500,5,-2885,-3.59,77594.0,-36.4998,4194,343,620,2026-08-18 05:45:32
440910,4,WON 미국우주항공방산,28150,5,-5,-0.02,28295.0,3.511,9550,269,619,2026-08-18 05:45:32
495940,4,RISE 미국AI테크액티브,19910,5,-350,-1.73,20193.0,-10.1576,25373,512,617,2026-08-18 05:45:32
261070,2,TIGER 코스닥150바이오테크,13225,5,-530,-3.85,13251.0,-21.1296,155991,2110,614,2026-08-18 05:45:32
479730,4,TIGER 인도빌리언컨슈머,10385,5,-100,-0.95,10384.0,4.785,3808,39,613,2026-08-18 05:45:32
252400,3,RISE 200선물레버리지,101860,5,-3970,-3.75,101855.0,-35.3947,17340,1858,611,2026-08-18 05:45:32
453640,4,KODEX 미국S&P500헬스케어,14160,5,-240,-1.67,14218.0,9.3386,29966,425,609,2026-08-18 05:45:32
0210E0,2,PLUS 200커버드콜액티브,7475,5,-140,-1.84,7472.0,,217424,1671,605,2026-08-18 05:45:32
275980,4,TIGER 글로벌4차산업혁신기술(합성 H),23815,5,-5,-0.02,23947.0,0.804,20066,478,605,2026-08-18 05:45:32
278240,3,RISE 코스닥150선물레버리지,8235,5,-565,-6.42,8254.0,-53.1167,84557,732,600,2026-08-18 05:45:32
476750,6,ACE 미국30년국채엔화노출액티브(H),7430,5,-165,-2.17,7437.0,-8.8151,129890,968,594,2026-08-18 05:45:32
0194T0,2,ACE SK하이닉스단일종목레버리지,8380,2,40,0.48,8445.0,,364171,3313,593,2026-08-18 05:45:32
261240,7,KODEX 미국달러선물,14545,5,-65,-0.44,14557.0,-4.2282,68091,991,592,2026-08-18 05:45:32
298340,6,PLUS 국채선물3년,56445,5,-70,-0.12,56424.0,0.8476,11601,654,587,2026-08-18 05:45:32
0111J0,2,HANARO 증권고배당TOP3플러스,12885,5,-675,-4.98,12896.0,-29.209,63789,841,586,2026-08-18 05:45:32
0166S0,2,PLUS K제조업핵심기업액티브,10940,5,-240,-2.15,10965.0,-21.101,58757,661,585,2026-08-18 05:45:32
0194M0,2,ACE 삼성전자단일종목레버리지,11745,5,-635,-5.13,11808.0,,311195,3890,581,2026-08-18 05:45:32
0172V0,5,1Q 은액티브,8625,2,25,0.29,8780.0,-29.9104,121378,1065,578,2026-08-18 05:45:32
401470,2,KODEX 메타버스액티브,9685,5,-400,-3.97,9709.0,-1.2727,53092,531,576,2026-08-18 05:45:32
0197W0,2,SOL SK하이닉스단일종목레버리지,8215,2,15,0.18,8279.0,,468953,4156,571,2026-08-18 05:45:32
428510,4,KODEX 차이나AI테크액티브,25945,2,60,0.23,25948.0,-8.8525,10944,290,571,2026-08-18 05:45:32
150460,2,TIGER 중국소비테마,7485,5,-240,-3.11,7499.0,-5.5624,9236,69,570,2026-08-18 05:45:32
455960,6,RISE 미국달러SOFR금리액티브(합성),12345,5,-60,-0.48,12348.0,-3.9861,2707,33,565,2026-08-18 05:45:32
0141S0,2,SOL 조선기자재,8610,5,-295,-3.31,8622.0,-29.6048,379583,3330,564,2026-08-18 05:45:32
0185L0,4,TIME 글로벌휴머노이드로봇산업액티브,8160,5,-25,-0.31,8233.0,,47318,390,563,2026-08-18 05:45:32
225040,4,TIGER 미국S&P500레버리지(합성 H),68425,5,-1545,-2.21,68905.0,7.6958,9161,629,561,2026-08-18 05:45:32
0000Z0,2,RISE 바이오TOP10액티브,9395,5,-435,-4.43,9398.0,-30.2095,223479,2140,559,2026-08-18 05:45:32
304780,3,HANARO 200선물레버리지,124190,5,-4430,-3.44,124084.0,-35.1126,4006,545,559,2026-08-18 05:45:32
0118Z0,4,ACE 미국AI테크핵심산업액티브,9165,5,-320,-3.37,9228.0,-9.3213,27688,255,554,2026-08-18 05:45:32
0226A0,7,PLUS SK하이닉스샌디스크채권혼합50,10975,2,245,2.28,11179.0,,475057,5315,549,2026-08-18 05:45:32
0198A0,2,KIWOOM 코스닥150커버드콜액티브,9070,5,-315,-3.36,9102.0,,548859,5111,549,2026-08-18 05:45:32
385590,2,ACE ESG액티브,23815,5,-380,-1.57,23783.0,-6.0571,2243,54,548,2026-08-18 05:45:32
0046Y0,4,ACE 미국배당퀄리티,12875,5,-185,-1.42,12899.0,-0.3831,25066,323,547,2026-08-18 05:45:32
445150,2,KODEX 친환경조선해운액티브,29290,5,-625,-2.09,29335.0,-21.8162,4834,143,542,2026-08-18 05:45:32
480310,4,TIGER 글로벌온디바이스AI,19660,5,-550,-2.72,19890.0,-4.8996,36709,727,541,2026-08-18 05:45:32
261220,5,KODEX WTI원유선물(H),23735,2,855,3.74,23750.0,-13.0039,73476,1741,540,2026-08-18 05:45:32
0118S0,4,SOL 미국넥스트테크TOP10액티브,11650,5,-190,-1.6,11932.0,-13.482,44695,533,536,2026-08-18 05:45:32
101280,4,KODEX 일본TOPIX100,31440,5,-200,-0.63,31147.0,2.7318,7673,241,534,2026-08-18 05:45:32
0113P0,6,HK 머니마켓액티브,102295,3,0,0.0,102303.0,0.7435,10,1,530,2026-08-18 05:45:32
114470,6,KIWOOM 국고채3년,107895,5,-165,-0.15,107872.0,0.6645,918,99,529,2026-08-18 05:45:32
442560,7,RISE TDF2040액티브 적격,16690,5,-180,-1.07,16574.0,-1.7015,32664,548,526,2026-08-18 05:45:32
140700,2,KODEX 보험,20730,2,390,1.92,20729.0,14.0793,222079,4600,518,2026-08-18 05:45:32
256750,4,KODEX 차이나심천ChiNext(합성),16880,2,100,0.6,16955.0,-13.8825,6691,114,516,2026-08-18 05:45:32
282000,3,RISE 국고채3년선물인버스,114675,2,160,0.14,114674.0,0.2451,2,0,516,2026-08-18 05:45:32
0089C0,4,KODEX 미국S&P500변동성확대시커버드콜,11705,5,-125,-1.06,11775.0,-1.0041,77909,912,515,2026-08-18 05:45:32
0132H0,4,KODEX 미국원자력SMR,8880,5,-345,-3.74,8916.0,-18.9011,62269,554,511,2026-08-18 05:45:32
275300,2,KODEX 우량주,30000,5,-700,-2.28,30096.0,-8.4205,5068,158,510,2026-08-18 05:45:32
253150,3,PLUS 200선물레버리지,203880,5,-7215,-3.42,203706.0,-35.2212,70884,15310,510,2026-08-18 05:45:32
200030,4,KODEX 미국S&P500산업재(합성),45070,5,-235,-0.52,45293.0,1.4215,2308,104,508,2026-08-18 05:45:32
336160,6,RISE 금융채액티브,100250,5,-140,-0.14,100259.0,0.5244,9,0,507,2026-08-18 05:45:32
218420,4,KODEX 미국S&P500에너지(합성),20650,2,445,2.2,20528.0,1.891,46746,964,507,2026-08-18 05:45:32
0041D0,4,KODEX 미국AI소프트웨어TOP10,13155,5,-700,-5.05,13256.0,13.0598,86873,1145,506,2026-08-18 05:45:32
0020H0,4,KoAct 글로벌양자컴퓨팅액티브,23540,5,-400,-1.67,23898.0,-7.6033,34799,830,506,2026-08-18 05:45:32
475260,6,ACE 2월만기자동연장회사채AA-이상액티브,10740,3,0,0.0,10736.0,0.6088,1,0,506,2026-08-18 05:45:32
0139P0,2,ACE 고배당주,13550,5,-330,-2.38,13553.0,-5.6018,16606,227,501,2026-08-18 05:45:32
152500,3,ACE 레버리지,45015,5,-1465,-3.15,45027.0,-35.7079,45130,2144,495,2026-08-18 05:45:32
123310,3,TIGER 인버스,1143,2,18,1.6,1144.0,-6.0935,5986753,6654,495,2026-08-18 05:45:32
418670,4,TIGER 글로벌AI사이버보안,17930,5,-1150,-6.03,17864.0,38.0607,92647,1663,495,2026-08-18 05:45:32
287180,4,PLUS 미국나스닥테크,57825,5,-835,-1.42,58193.0,5.513,2292,133,492,2026-08-18 05:45:32
360140,2,KODEX 200롱코스닥150숏선물,22195,2,345,1.58,22155.0,13.3886,47601,1064,488,2026-08-18 05:45:32
476260,2,HANARO 반도체핵심공정주도주,12955,5,-30,-0.23,12968.0,-12.6766,461555,6126,486,2026-08-18 05:45:32
371470,4,TIGER 차이나바이오테크SOLACTIVE,8845,2,65,0.74,8945.0,4.2755,28226,248,485,2026-08-18 05:45:32
276990,4,KODEX 글로벌로봇(합성),27345,5,-90,-0.33,27466.0,-8.3821,4762,130,484,2026-08-18 05:45:32
461340,4,HANARO 글로벌생성형AI액티브,43860,5,-310,-0.7,44439.0,-6.3799,6621,293,482,2026-08-18 05:45:32
447430,2,ACE 주주환원가치주액티브,16215,5,-120,-0.73,16230.0,-7.9792,64232,1046,478,2026-08-18 05:45:32
140950,1,파워 코스피100,84915,5,-1530,-1.77,85085.0,-11.4959,829,72,476,2026-08-18 05:45:32
494840,4,TIGER 미국방산TOP10,13985,5,-135,-0.96,13949.0,4.3102,9815,137,475,2026-08-18 05:45:32
316670,1,KIWOOM 코스닥150,7180,5,-225,-3.04,7196.0,-25.428,105917,781,474,2026-08-18 05:45:32
0178H0,7,IBK 미국AI TOP10국채혼합50,9985,5,-85,-0.84,9982.0,-1.988,9923,99,469,2026-08-18 05:45:32
0086B0,2,TIGER 리츠부동산인프라TOP10액티브,9530,5,-130,-1.35,9542.0,-5.8504,14200,135,467,2026-08-18 05:45:32
442260,1,마이티 다이나믹퀀트액티브,37645,5,-890,-2.31,37714.0,-11.789,2245,86,467,2026-08-18 05:45:32
473490,4,KIWOOM 글로벌AI반도체,31105,2,30,0.1,31540.0,-4.6896,5033,158,467,2026-08-18 05:45:32
196030,4,ACE 일본TOPIX레버리지(H),92195,5,-2035,-2.16,92474.0,14.8866,151,14,461,2026-08-18 05:45:32
0220B0,1,DS 코스닥액티브,10155,5,-205,-1.98,10172.0,,209514,2206,457,2026-08-18 05:45:32
442090,2,에셋플러스 코리아대장장이액티브,29920,5,-420,-1.38,30033.0,-13.041,1500,45,449,2026-08-18 05:45:32
473590,4,ACE 미국주식베스트셀러,19440,5,-125,-0.64,19809.0,-23.1993,153899,2996,447,2026-08-18 05:45:32
475270,6,ACE 5월만기자동연장회사채AA-이상액티브,10710,3,0,0.0,10719.0,0.6106,20,0,447,2026-08-18 05:45:32
453650,4,KODEX 미국S&P500금융,19790,5,-355,-1.76,19852.0,8.4816,25529,505,445,2026-08-18 05:45:32
472830,6,RISE 미국30년국채커버드콜(합성),8020,5,-150,-1.84,8027.0,-7.0285,81847,657,445,2026-08-18 05:45:32
375770,2,KODEX 탄소효율그린뉴딜,24700,5,-335,-1.34,24695.0,-11.3409,863,21,445,2026-08-18 05:45:32
238720,4,ACE 일본Nikkei225(H),49130,5,-980,-1.96,49217.0,10.3866,2030,100,442,2026-08-18 05:45:32
401170,2,RISE 메타버스,11100,5,-650,-5.53,11114.0,9.3023,18442,210,440,2026-08-18 05:45:32
487130,2,KoAct AI인프라액티브,27880,5,-580,-2.04,27921.0,-22.2617,11515,331,432,2026-08-18 05:45:32
261120,7,TIGER 미국달러선물인버스2X,5075,2,30,0.59,5088.0,10.5147,8865,45,426,2026-08-18 05:45:32
305050,1,ACE 코스피,70980,5,-1410,-1.95,71079.0,-12.1907,2733,199,426,2026-08-18 05:45:32
440650,6,ACE 미국달러단기채권액티브,11830,5,-60,-0.5,11823.0,-4.0356,41432,490,426,2026-08-18 05:45:32
0007G0,4,PLUS 글로벌원자력밸류체인,14170,5,-55,-0.39,14303.0,-14.9732,6909,98,425,2026-08-18 05:45:32
0186S0,7,1Q 코스닥150채권혼합50액티브,8410,5,-160,-1.87,8483.0,-12.7614,541938,4626,425,2026-08-18 05:45:32
429760,4,PLUS 미국S&P500,20070,5,-325,-1.59,20153.0,-0.4571,2903,58,421,2026-08-18 05:45:32
139280,2,TIGER 경기방어,12835,5,-210,-1.61,12850.0,-3.5039,17634,227,421,2026-08-18 05:45:32
448570,1,FOCUS AI코리아액티브,31050,5,-195,-0.62,30741.0,-7.4223,98,3,419,2026-08-18 05:45:32
0191M0,6,마이티 5월만기자동연장특수채(AAA)액티브,100635,3,0,0.0,100647.0,,0,0,417,2026-08-18 05:45:32
0207G0,2,SOL 우주항공밸류체인,7105,5,-390,-5.2,7134.0,,622374,4539,416,2026-08-18 05:45:32
0100K0,2,KODEX 방산TOP10레버리지,7405,5,-370,-4.76,7472.0,-42.8309,231530,1772,415,2026-08-18 05:45:32
0141T0,6,SOL 중기종합채권(AA-이상)액티브,50215,5,-95,-0.19,50262.0,0.63,431,21,414,2026-08-18 05:45:32
0189B0,5,TIGER 은액티브,8330,2,50,0.6,8296.0,-29.2913,58142,488,412,2026-08-18 05:45:32
139320,5,TIGER 금은선물(H),18370,2,255,1.41,18483.0,-11.288,17766,328,404,2026-08-18 05:45:32
472840,1,IBK 200,107480,5,-1845,-1.69,107785.0,-12.0552,2807,307,403,2026-08-18 05:45:32
183700,7,RISE 200채권혼합50,95870,5,-255,-0.27,95900.0,-6.134,2135,207,403,2026-08-18 05:45:32
0192L0,2,RISE SK하이닉스단일종목레버리지,8540,2,55,0.65,8585.0,,152146,1398,401,2026-08-18 05:45:32
464470,6,PLUS 미국채30년액티브,48300,5,-915,-1.86,48466.0,-6.797,10568,511,398,2026-08-18 05:45:32
491830,4,TIGER 미국AI반도체팹리스,22455,5,-450,-1.96,22798.0,-0.123,39348,890,393,2026-08-18 05:45:32
322410,2,HANARO K고배당,22985,5,-365,-1.56,22981.0,-3.9208,2067,48,391,2026-08-18 05:45:32
147970,2,TIGER 모멘텀,81200,5,-1800,-2.17,81434.0,-15.7104,21104,1739,390,2026-08-18 05:45:32
475070,4,KoAct 글로벌친환경전력인프라액티브,32475,2,130,0.4,32725.0,-22.9515,3899,127,390,2026-08-18 05:45:32
352540,7,KODEX 일본부동산리츠(H),11320,5,-30,-0.26,11349.0,-0.1344,9915,112,385,2026-08-18 05:45:32
400970,2,TIGER Fn메타버스,7525,5,-335,-4.26,7537.0,-14.3791,5722,43,384,2026-08-18 05:45:32
449690,4,TIGER 한중반도체(합성),51145,2,900,1.79,50999.0,-8.4874,975,51,384,2026-08-18 05:45:32
195930,4,TIGER 유로스탁스50(합성 H),23940,5,-255,-1.05,24042.0,12.2217,5111,122,383,2026-08-18 05:45:32
275280,2,KODEX 모멘텀주,42450,5,-870,-2.01,42503.0,-11.2028,2587,112,382,2026-08-18 05:45:32
365000,2,TIGER 인터넷TOP10,3740,5,-195,-4.96,3752.0,-19.1992,119352,455,380,2026-08-18 05:45:32
0209Z0,2,ACE 코리아AI전력TOP10,7085,5,-155,-2.14,7093.0,,162908,1178,376,2026-08-18 05:45:32
456680,4,TIGER 차이나전기차레버리지(합성),7170,3,0,0.0,7240.0,-41.7074,7182,51,375,2026-08-18 05:45:32
498860,2,RISE 코리아금융고배당,16870,5,-370,-2.15,16901.0,-14.318,9703,165,371,2026-08-18 05:45:32
276970,4,KODEX 미국S&P500배당귀족커버드콜(합성 H),7885,5,-20,-0.25,7907.0,11.4348,10431,82,371,2026-08-18 05:45:32
292560,7,TIGER 일본엔선물,8205,5,-50,-0.61,8175.0,-5.4952,117995,968,369,2026-08-18 05:45:32
0112X0,1,마이티 200TR,40670,5,-955,-2.29,40693.0,-10.934,2072,86,366,2026-08-18 05:45:32
292770,6,KODEX 국채선물3년인버스,57735,2,135,0.23,57705.0,0.2872,2,0,364,2026-08-18 05:45:32
469050,4,RISE 미국반도체NYSE(H),33065,2,70,0.21,33627.0,2.834,19084,634,364,2026-08-18 05:45:32
381560,2,HANARO Fn전기&수소차,18040,5,-640,-3.43,18007.0,-8.5777,1243,22,361,2026-08-18 05:45:32
104530,2,KIWOOM 코리아고배당,17545,5,-430,-2.39,17560.0,-11.7265,10703,189,360,2026-08-18 05:45:32
450910,1,SOL 코스닥150,13995,5,-525,-3.62,14119.0,-25.5576,43080,622,358,2026-08-18 05:45:32
452250,6,ACE 미국30년국채선물레버리지(합성 H),4615,5,-135,-2.84,4618.0,-5.5667,22068,101,358,2026-08-18 05:45:32
0154F0,2,WON 초대형IB&금융지주,12090,5,-270,-2.18,12109.0,-13.0496,11931,145,357,2026-08-18 05:45:32
352560,7,KODEX 미국부동산리츠(H),12495,5,-105,-0.83,12474.0,2.794,18952,236,356,2026-08-18 05:45:32
385520,2,KODEX 자율주행액티브,16435,5,-715,-4.17,16454.0,-13.2305,17414,296,353,2026-08-18 05:45:32
465660,4,TIGER 일본반도체FACTSET,26105,5,-735,-2.74,26184.0,0.6231,9614,257,352,2026-08-18 05:45:32
0023B0,4,PLUS 미국양자컴퓨팅TOP10,17190,5,-160,-0.92,17475.0,-10.2896,14861,257,352,2026-08-18 05:45:32
153270,1,KIWOOM 코스피100,83500,5,-1345,-1.59,83574.0,-11.7838,3114,267,351,2026-08-18 05:45:32
322400,2,HANARO e커머스,10425,5,-310,-2.89,10423.0,-10.3175,2088,21,349,2026-08-18 05:45:32
276650,4,RISE 글로벌테크놀로지(합성 H),46545,5,-670,-1.42,46725.0,2.8089,4660,217,349,2026-08-18 05:45:32
415920,5,PLUS 글로벌희토류&전략자원생산기업,7560,2,135,1.82,7551.0,-29.0493,84237,638,348,2026-08-18 05:45:32
0192M0,2,RISE 삼성전자단일종목레버리지,11880,5,-555,-4.46,11897.0,,29631,382,347,2026-08-18 05:45:32
474800,4,KIWOOM 미국원유에너지기업,16130,2,375,2.38,16066.0,1.2344,81858,1317,347,2026-08-18 05:45:32
241390,7,RISE V&S셀렉트밸류채권혼합,15660,5,-285,-1.79,15785.0,-4.4881,3217,50,345,2026-08-18 05:45:32
465350,3,RISE 2차전지TOP10인버스(합성),17170,2,580,3.5,17276.0,18.9247,73765,1242,343,2026-08-18 05:45:32
380340,2,ACE 코리아AI테크핵심산업,28600,5,-1245,-4.17,28652.0,5.125,58300,1764,343,2026-08-18 05:45:32
105780,2,RISE 5대그룹주,17125,5,-585,-3.3,17156.0,-9.9645,19043,334,343,2026-08-18 05:45:32
295020,6,RISE 국채선물10년인버스,60880,2,375,0.62,60857.0,1.5866,24,1,342,2026-08-18 05:45:32
174360,4,RISE 중국본토대형주CSI100,24435,2,110,0.45,24573.0,-10.6356,5368,131,342,2026-08-18 05:45:32
496770,4,PLUS 글로벌방산,19490,2,40,0.21,19565.0,10.637,20975,410,341,2026-08-18 05:45:32
0192T0,2,SOL 코스닥TOP10,7470,5,-300,-3.86,7478.0,,488887,3732,340,2026-08-18 05:45:32
407830,4,에셋플러스 글로벌플랫폼액티브,14145,5,-325,-2.25,14292.0,-12.8314,2361,33,339,2026-08-18 05:45:32
459560,4,KODEX 테슬라밸류체인FactSet,22590,5,-120,-0.53,22793.0,-12.4421,4600,104,339,2026-08-18 05:45:32
449780,4,KIWOOM 미국S&P500(H),18785,5,-195,-1.03,18846.0,3.9165,9412,177,338,2026-08-18 05:45:32
476690,4,TIGER 글로벌비만치료제TOP2Plus,10700,5,-185,-1.7,10693.0,2.2826,16927,181,337,2026-08-18 05:45:32
099140,4,KODEX 차이나H,21625,5,-20,-0.09,21681.0,-9.2818,2040,44,335,2026-08-18 05:45:32
0155N0,2,HANARO K휴머노이드테마TOP10,8242,5,-433,-4.99,8250.0,-23.3319,126645,1095,334,2026-08-18 05:45:32
122260,6,KIWOOM 통안채1년,104095,5,-5,0.0,104079.0,0.6283,6312,656,333,2026-08-18 05:45:32
468630,6,KODEX iShares미국투자등급회사채액티브,11035,5,-150,-1.34,11041.0,-5.7739,21723,240,332,2026-08-18 05:45:32
138910,5,KODEX 구리선물(H),10060,5,-25,-0.25,10070.0,-0.8358,28251,285,332,2026-08-18 05:45:32
261140,2,TIGER 우선주,24560,5,-870,-3.42,24629.0,-10.8713,18216,456,329,2026-08-18 05:45:32
227540,2,TIGER 200 헬스케어,19340,5,-590,-2.96,19377.0,-1.9435,17182,334,329,2026-08-18 05:45:32
256440,4,ACE MSCI인도네시아(합성),5345,5,-10,-0.19,5441.0,-14.9325,26733,143,326,2026-08-18 05:45:32
494410,4,PLUS 미국S&P500성장주,14675,5,-175,-1.18,14729.0,-1.9729,2724,40,323,2026-08-18 05:45:32
459750,4,RISE 글로벌주식분산액티브,18400,5,-250,-1.34,18398.0,-0.6234,4719,87,322,2026-08-18 05:45:32
0138T0,4,RISE 미국S&P500데일리고정커버드콜,9757,5,-108,-1.09,9781.0,-1.0712,27348,267,322,2026-08-18 05:45:32
0089B0,7,PLUS 미국나스닥100미국채혼합50,11495,5,-120,-1.03,11542.0,-3.5681,27955,322,322,2026-08-18 05:45:32
395170,2,KODEX Top10동일가중,16065,5,-425,-2.58,16057.0,-17.8472,11631,192,321,2026-08-18 05:45:32
0085N0,6,ACE 미국10년국채액티브(H),9730,5,-55,-0.56,9732.0,-0.4612,38196,371,321,2026-08-18 05:45:32
0204S0,1,TIGER 코스닥액티브,6920,5,-165,-2.33,6945.0,,134770,952,321,2026-08-18 05:45:32
464920,4,PLUS 일본반도체소부장,25600,5,-930,-3.51,25694.0,0.5305,18464,481,320,2026-08-18 05:45:32
266360,2,KODEX K콘텐츠,9990,5,-570,-5.4,10005.0,-11.0363,34572,351,320,2026-08-18 05:45:32
415340,4,KODEX 차이나과창판STAR50(합성),15420,2,230,1.51,15590.0,-5.9443,45054,700,319,2026-08-18 05:45:32
245350,4,TIGER 유로스탁스배당30,19790,5,-25,-0.13,19889.0,2.0702,4353,86,317,2026-08-18 05:45:32
446690,4,KODEX 아시아AI반도체exChina액티브,62845,5,-65,-0.1,62962.0,-6.0628,26029,1706,314,2026-08-18 05:45:32
139270,2,TIGER 200 금융,16740,5,-135,-0.8,16765.0,-1.7967,22769,382,311,2026-08-18 05:45:32
387270,4,TIGER 글로벌이노베이션액티브,25715,5,-230,-0.89,25961.0,-9.2357,2461,64,311,2026-08-18 05:45:32
156080,1,KODEX MSCI Korea,51740,5,-700,-1.33,51569.0,-10.5038,2249,119,310,2026-08-18 05:45:32
450190,4,KODEX 한중반도체(합성),51470,2,670,1.32,51437.0,-7.5524,1714,90,309,2026-08-18 05:45:32
491090,4,KODEX 미국테크TOP3플러스,18090,5,-325,-1.76,18208.0,-5.4359,6939,125,308,2026-08-18 05:45:32
414270,4,ACE 글로벌자율주행액티브,12295,5,-20,-0.16,12307.0,-17.1544,259458,3197,307,2026-08-18 05:45:32
476070,4,KODEX 글로벌비만치료제TOP2 Plus,11365,5,-220,-1.9,11363.0,3.3375,10624,120,307,2026-08-18 05:45:32
275290,2,KODEX 가치주,34030,5,-550,-1.59,34082.0,-8.0263,2639,93,306,2026-08-18 05:45:32
271060,5,KODEX 3대농산물선물(H),8435,2,190,2.3,8471.0,-6.678,47409,400,306,2026-08-18 05:45:32
248270,4,TIGER S&P글로벌헬스케어(합성),26825,2,125,0.47,26649.0,6.0575,3912,105,306,2026-08-18 05:45:32
117460,2,KODEX 에너지화학,14090,5,-205,-1.43,14107.0,-19.377,26378,376,306,2026-08-18 05:45:32
426150,6,WON 대한민국국고채액티브,50670,5,-395,-0.77,50704.0,-2.9736,23,1,305,2026-08-18 05:45:32
0150K0,2,KoAct 수소전력ESS인프라액티브,10515,5,-435,-3.97,10541.0,-30.9802,42989,464,305,2026-08-18 05:45:32
494340,4,ACE 글로벌AI맞춤형반도체,20325,5,-680,-3.24,20671.0,1.2533,15143,311,305,2026-08-18 05:45:32
469790,2,KIWOOM 코리아테크TOP10,43385,5,-1255,-2.81,43416.0,-4.7118,1126,50,304,2026-08-18 05:45:32
0155M0,4,ACE 미국SMR원자력TOP10,7300,5,-310,-4.07,7330.0,-17.863,47115,345,303,2026-08-18 05:45:32
0107F0,4,KIWOOM 미국고배당&AI테크,11760,5,-190,-1.59,11837.0,1.0826,10652,125,300,2026-08-18 05:45:32
192720,2,파워 고배당저변동성,58605,5,-855,-1.44,58658.0,-5.8709,2925,173,299,2026-08-18 05:45:32
395290,2,HANARO Fn K-POP&미디어,4810,5,-250,-4.94,4815.0,-24.7024,69799,341,298,2026-08-18 05:45:32
0203S0,7,WON 삼성전자현대차채권혼합50,8885,5,-160,-1.77,8884.0,,228518,2062,298,2026-08-18 05:45:32
145850,2,TREX 펀더멘탈 200,118750,5,-2280,-1.88,118258.0,-5.6898,26,3,297,2026-08-18 05:45:32
0164G0,4,RISE 차이나AI반도체TOP4Plus,14040,2,370,2.71,14198.0,-7.0701,12902,183,295,2026-08-18 05:45:32
253250,3,KIWOOM 200선물레버리지,100060,5,-3695,-3.56,100347.0,-35.5239,32517,3482,290,2026-08-18 05:45:32
0083S0,4,1Q 미국메디컬AI,9980,5,-365,-3.53,10058.0,5.0874,19315,194,289,2026-08-18 05:45:32
0166N0,1,PLUS 코스닥150액티브,7615,5,-105,-1.36,7629.0,-34.1297,74182,578,289,2026-08-18 05:45:32
0184E0,7,1Q 200채권혼합50액티브,11000,5,-35,-0.32,10985.0,-4.5411,99615,1120,286,2026-08-18 05:45:32
0223R0,4,TIGER 미국테크NYSE100액티브,9900,5,-45,-0.45,10097.0,,76623,767,285,2026-08-18 05:45:32
289480,3,TIGER 200커버드콜,12390,5,-200,-1.59,12485.0,11.8439,45257,567,285,2026-08-18 05:45:32
223190,2,KODEX 200가치저변동,28280,5,-720,-2.48,28298.0,-7.3872,1105,32,283,2026-08-18 05:45:32
459790,4,KIWOOM 미국성장기업30액티브,20920,5,-260,-1.23,21163.0,-9.9682,385,8,282,2026-08-18 05:45:32
475380,7,RISE 글로벌리얼티인컴,10605,5,-95,-0.89,10610.0,-6.1357,7859,83,281,2026-08-18 05:45:32
117680,2,KODEX 철강,12080,5,-285,-2.3,12102.0,-29.2392,47312,577,279,2026-08-18 05:45:32
419430,4,KODEX 차이나2차전지MSCI(합성),9935,5,-10,-0.1,9998.0,-22.0612,1997,19,278,2026-08-18 05:45:32
0137W0,4,KIWOOM 미국S&P500&GOLD,10655,5,-125,-1.16,10704.0,-1.3682,9180,98,277,2026-08-18 05:45:32
261250,7,KODEX 미국달러선물레버리지,16580,5,-155,-0.93,16601.0,-9.2709,66299,1100,277,2026-08-18 05:45:32
437350,6,RISE 미국단기투자등급회사채액티브,12465,5,-70,-0.56,12467.0,-4.386,6783,84,274,2026-08-18 05:45:32
0218J0,7,RISE 미국우주&로봇TOP2미국채혼합50,8990,5,-155,-1.69,9149.0,,122717,1113,274,2026-08-18 05:45:32
261060,2,TIGER 코스닥150IT,23630,5,-270,-1.13,23699.0,-22.2132,53123,1286,274,2026-08-18 05:45:32
493420,4,SOL 미국배당다우존스2호,12985,5,-125,-0.95,12967.0,3.6931,5353,69,273,2026-08-18 05:45:32
489290,4,WON 미국빌리어네어,15110,5,-550,-3.51,15222.0,-5.0622,6646,100,272,2026-08-18 05:45:32
0047R0,4,RISE 팔란티어고정테크100,15500,5,-440,-2.76,15629.0,6.5187,10426,162,271,2026-08-18 05:45:32
440340,7,TIGER 글로벌멀티에셋TIF액티브,12325,5,-130,-1.04,12311.0,-2.3974,11239,138,271,2026-08-18 05:45:32
0198D0,2,1Q SK하이닉스선물단일종목레버리지,8685,2,25,0.29,8763.0,,134910,1290,270,2026-08-18 05:45:32
0013R0,7,RISE 테슬라미국채타겟커버드콜혼합(합성),7915,5,-105,-1.31,7884.0,-12.0068,11596,91,269,2026-08-18 05:45:32
245360,4,TIGER 차이나HSCEI,12470,2,30,0.24,12522.0,-9.5061,916,11,268,2026-08-18 05:45:32
0198B0,2,1Q 삼성전자선물단일종목레버리지,12160,5,-640,-5.0,12229.0,,54826,736,266,2026-08-18 05:45:32
252710,3,TIGER 200선물인버스2X,86,2,3,3.61,86.0,-25.8929,184140728,15111,266,2026-08-18 05:45:32
0103T0,2,1Q K소버린AI,8835,5,-550,-5.86,8849.0,-3.3471,80367,729,265,2026-08-18 05:45:32
167860,6,KIWOOM 국고채10년레버리지,91010,5,-1315,-1.42,91143.0,-1.4675,14,1,264,2026-08-18 05:45:32
0115C0,4,RISE 미국고배당다우존스TOP10,11220,5,-125,-1.1,11188.0,3.5074,22186,248,264,2026-08-18 05:45:32
0152E0,2,SOL 배당성향탑픽액티브,10985,5,-255,-2.27,10993.0,-8.0646,5891,65,264,2026-08-18 05:45:32
0049K0,7,ACE 미국배당퀄리티채권혼합50,11275,5,-95,-0.84,11268.0,-0.3069,17758,200,259,2026-08-18 05:45:32
461600,6,SOL 미국30년국채액티브(H),8210,5,-130,-1.56,8221.0,-2.2848,3997,32,259,2026-08-18 05:45:32
277540,4,ACE 아시아TOP50,32240,5,-320,-0.98,32283.0,-6.865,1974,64,258,2026-08-18 05:45:32
0097L0,7,KIWOOM 한국고배당&미국AI테크,12855,5,-115,-0.89,12881.0,-4.7468,3221,41,257,2026-08-18 05:45:32
368190,2,HANARO Fn K-뉴딜디지털플러스,8015,5,-320,-3.84,7953.0,-12.5394,1697,13,256,2026-08-18 05:45:32
0206G0,7,1Q 현대차기아채권혼합50,8500,5,-175,-2.02,8502.0,,249722,2141,255,2026-08-18 05:45:32
496120,1,ACE 코리아밸류업,33905,5,-175,-0.51,33618.0,-9.2297,919,31,254,2026-08-18 05:45:32
483570,4,KCGI 미국S&P500 TOP10,15860,5,-440,-2.7,15996.0,-6.5099,3466,55,254,2026-08-18 05:45:32
139250,2,TIGER 200 에너지화학,18090,5,-140,-0.77,18123.0,-11.6318,48093,884,253,2026-08-18 05:45:32
185680,4,KODEX 미국S&P바이오(합성),47455,2,100,0.21,48048.0,8.7121,880,42,252,2026-08-18 05:45:32
0093D0,7,KoAct 팔란티어밸류체인액티브,18380,5,-385,-2.05,18575.0,-1.3407,4108,75,248,2026-08-18 05:45:32
479850,2,HANARO K-뷰티,18255,5,-395,-2.12,18305.0,5.3672,76016,1376,246,2026-08-18 05:45:32
292500,1,SOL KRX300,49110,5,-600,-1.21,48960.0,-11.897,138,6,246,2026-08-18 05:45:32
411540,1,SOL 200 Top10,17510,5,-505,-2.8,17543.0,-13.7679,15852,285,245,2026-08-18 05:45:32
195970,4,PLUS 선진국MSCI(합성 H),16650,5,-135,-0.8,16671.0,6.2341,5117,85,243,2026-08-18 05:45:32
225130,4,ACE 골드선물 레버리지(합성 H),48530,2,510,1.06,49192.0,-17.9917,2404,118,243,2026-08-18 05:45:32
269420,4,KODEX S&P글로벌인프라(합성),22775,5,-145,-0.63,22769.0,-5.776,14620,332,242,2026-08-18 05:45:32
0127R0,4,RISE 미국AI클라우드인프라,18595,5,-145,-0.77,18938.0,2.6372,58405,1100,242,2026-08-18 05:45:32
159800,1,마이티 코스피100,86325,5,-860,-0.99,85892.0,-11.4604,31,2,242,2026-08-18 05:45:32
280930,4,KODEX 미국러셀2000(H),17245,5,-10,-0.06,17301.0,6.4466,5712,98,241,2026-08-18 05:45:32
289250,2,TIGER MSCI KOREA ESG유니버설,34880,5,-360,-1.02,34658.0,-9.0301,10020,361,241,2026-08-18 05:45:32
292160,1,TIGER KRX300,48040,5,-720,-1.48,48060.0,-11.6442,34181,1684,240,2026-08-18 05:45:32
438320,4,TIGER 차이나항셍테크레버리지(합성 H),5470,5,-20,-0.36,5527.0,-19.3833,44784,246,240,2026-08-18 05:45:32
469160,4,ACE 일본반도체,26665,5,-685,-2.5,26641.0,-3.0486,10318,284,240,2026-08-18 05:45:32
138230,7,KIWOOM 미국달러선물,16480,5,-60,-0.36,16504.0,-4.6412,1804,29,239,2026-08-18 05:45:32
481340,6,RISE 미국30년국채액티브,8650,5,-185,-2.09,8678.0,-7.3053,74414,645,238,2026-08-18 05:45:32
367740,2,HANARO Fn5G산업,43060,5,-840,-1.91,42997.0,-3.0156,3095,136,237,2026-08-18 05:45:32
457690,6,KODEX 33-06 국고채액티브,10445,5,-65,-0.62,10449.0,0.0475,53014,553,235,2026-08-18 05:45:32
364690,1,KODEX 혁신기술테마액티브,39100,5,-900,-2.25,39279.0,-10.9277,1606,65,235,2026-08-18 05:45:32
433220,4,에셋플러스 글로벌대장장이액티브,31455,2,135,0.43,31580.0,-12.0843,465,14,233,2026-08-18 05:45:32
461450,1,KODEX 코스닥글로벌,15515,5,-490,-3.06,15551.0,-20.3534,8264,131,233,2026-08-18 05:45:32
0065G0,4,KODEX 차이나테크TOP10,9120,5,-45,-0.49,9212.0,-14.5878,12845,117,233,2026-08-18 05:45:32
388280,2,RISE K엔터&여행레저,7000,5,-230,-3.18,7001.0,-19.5774,5525,39,232,2026-08-18 05:45:32
464600,2,SOL 자동차소부장Fn,24450,5,-1500,-5.78,24497.0,-4.9973,16125,408,232,2026-08-18 05:45:32
477730,4,KODEX 인도타타그룹,7720,5,-170,-2.15,7724.0,-0.5667,10824,84,232,2026-08-18 05:45:32
204450,4,KODEX 차이나H레버리지(H),2310,2,25,1.09,2324.0,-14.5795,40111,92,231,2026-08-18 05:45:32
442550,7,RISE TDF2030액티브 적격,14890,5,-95,-0.63,14783.0,-1.5317,10972,163,231,2026-08-18 05:45:32
0067V0,4,TIGER 차이나글로벌리더스TOP3+,10415,2,80,0.77,10469.0,-14.6926,1614,16,229,2026-08-18 05:45:32
0144M0,4,KODEX 미국드론UAM TOP10,8330,5,-225,-2.63,8404.0,-8.7467,18336,153,229,2026-08-18 05:45:32
0047P0,4,RISE 테슬라고정테크100,14615,5,-335,-2.24,14727.0,-8.2231,22928,336,227,2026-08-18 05:45:32
0186L0,4,KoAct 미국로봇피지컬AI액티브,9810,5,-120,-1.21,9876.0,-9.4392,24888,245,226,2026-08-18 05:45:32
300950,2,KODEX 게임산업,5495,5,-245,-4.27,5502.0,-15.4017,112791,625,225,2026-08-18 05:45:32
447660,7,PLUS 애플채권혼합,13600,5,-65,-0.48,13627.0,0.0302,36779,500,224,2026-08-18 05:45:32
0190M0,4,KIWOOM 미국AI테크하이베타,9490,2,25,0.26,9716.0,-11.8716,61196,587,223,2026-08-18 05:45:32
471460,6,KIWOOM 국고채30년액티브,44325,5,-675,-1.5,44312.0,-9.5229,3560,157,222,2026-08-18 05:45:32
463300,4,RISE 중국본토CSI300,13825,2,175,1.28,13864.0,-9.3542,358,4,221,2026-08-18 05:45:32
0026E0,4,KODEX 미국S&P500버퍼3월액티브,11955,5,-55,-0.46,11976.0,-1.9192,38,0,221,2026-08-18 05:45:32
376410,2,TIGER 탄소효율그린뉴딜,24485,5,-365,-1.47,24448.0,-10.7679,362,9,220,2026-08-18 05:45:32
0153X0,4,PLUS 미국고배당주액티브,11570,5,-90,-0.77,11549.0,6.7198,38718,447,220,2026-08-18 05:45:32
375760,2,HANARO 탄소효율그린뉴딜,24350,5,-595,-2.39,24363.0,-10.0714,115,2,219,2026-08-18 05:45:32
239660,6,PLUS 우량회사채50,121595,5,-15,-0.01,121582.0,0.6455,1386,168,219,2026-08-18 05:45:32
371450,4,TIGER 글로벌클라우드컴퓨팅INDXX,14010,5,-690,-4.69,14028.0,25.6947,32333,456,219,2026-08-18 05:45:32
0177A0,2,WON 두산그룹포커스,8870,5,-365,-3.95,8874.0,-28.3554,44043,400,217,2026-08-18 05:45:32
108590,1,TREX 200,108620,5,-1145,-1.04,107918.0,-11.6973,124,13,217,2026-08-18 05:45:32
169950,4,KODEX 차이나A50,26690,2,200,0.76,26702.0,-8.5291,540,14,214,2026-08-18 05:45:32
253290,7,RISE 헬스케어채권혼합,11815,5,-110,-0.92,11856.0,-3.8131,12246,145,213,2026-08-18 05:45:32
416090,4,ACE 중국과창판STAR50,14120,2,360,2.62,14067.0,-6.8382,9779,139,212,2026-08-18 05:45:32
364990,2,TIGER 게임TOP10,4810,5,-275,-5.41,4814.0,-12.3276,94336,460,212,2026-08-18 05:45:32
404260,2,KODEX 기후변화솔루션,23445,5,-725,-3.0,23494.0,-18.239,601,14,211,2026-08-18 05:45:32
437070,6,KODEX 아시아달러채권ESG플러스액티브,60580,5,-245,-0.4,60578.0,-5.4174,98,5,210,2026-08-18 05:45:32
337120,2,KODEX 멀티팩터,34930,5,-205,-0.58,34406.0,-11.8945,12,0,210,2026-08-18 05:45:32
304770,1,HANARO 코스닥150,14320,5,-530,-3.57,14432.0,-25.189,5995,88,209,2026-08-18 05:45:32
217770,5,TIGER 원유선물인버스(H),1273,5,-47,-3.56,1266.0,5.3471,445108,569,209,2026-08-18 05:45:32
300640,2,RISE 게임테마,6410,5,-285,-4.26,6421.0,-10.9708,8912,57,208,2026-08-18 05:45:32
091220,2,TIGER 은행,16610,5,-210,-1.25,16620.0,6.665,22389,371,206,2026-08-18 05:45:32
489000,6,PLUS 일본엔화초단기국채(합성),9345,5,-60,-0.64,9349.0,-5.7616,51628,483,206,2026-08-18 05:45:32
152380,6,KODEX 국채선물10년,64545,5,-385,-0.59,64551.0,-0.5743,944,60,205,2026-08-18 05:45:32
0223A0,2,RISE 코스닥커버드콜액티브,10760,5,-275,-2.49,10781.0,,397380,4435,204,2026-08-18 05:45:32
226980,1,KODEX 200 중소형,22690,5,-415,-1.8,22694.0,-20.0803,22512,516,204,2026-08-18 05:45:32
417630,2,TIGER KEDI혁신기업ESG30,19440,5,-660,-3.28,19471.0,-6.7502,6552,129,204,2026-08-18 05:45:32
497780,4,KoAct 미국천연가스인프라액티브,10950,2,135,1.25,10957.0,-6.7173,10992,120,203,2026-08-18 05:45:32
0104P0,2,TIGER 코리아배당다우존스위클리커버드콜,11240,5,-185,-1.62,11247.0,-3.8458,26539,301,202,2026-08-18 05:45:32
289040,2,KODEX MSCI KOREA ESG유니버설,33690,5,-60,-0.18,33275.0,-9.1101,43,1,202,2026-08-18 05:45:32
228820,1,TIGER KTOP30,19060,5,-510,-2.61,19060.0,-7.0494,54547,1061,200,2026-08-18 05:45:32
0018Z0,4,RISE 미국양자컴퓨팅,19030,5,-285,-1.48,19298.0,-3.9628,8917,170,200,2026-08-18 05:45:32
0192S0,7,SOL 코스피200채권혼합50,9440,5,-85,-0.89,9453.0,,206489,1985,198,2026-08-18 05:45:32
407310,1,HANARO 200 TOP10,17165,5,-515,-2.91,17172.0,-14.3246,3658,64,197,2026-08-18 05:45:32
445910,2,TIGER MKF배당귀족,20765,5,-430,-2.03,20775.0,-9.7108,8360,176,197,2026-08-18 05:45:32
415760,4,SOL 차이나육성산업액티브(합성),14295,2,390,2.8,14502.0,-6.9278,8133,117,194,2026-08-18 05:45:32
213630,4,PLUS 미국다우존스고배당주(합성 H),20990,5,-205,-0.97,21230.0,7.7255,8852,186,193,2026-08-18 05:45:32
449580,7,RISE 테슬라애플아마존채권혼합,16050,5,-150,-0.93,16118.0,-4.9009,7545,121,193,2026-08-18 05:45:32
0203R0,6,WON 중단기종합채권(A-이상)액티브,50435,3,0,0.0,50464.0,,0,0,192,2026-08-18 05:45:32
284980,2,RISE 200금융,22245,5,-150,-0.67,22291.0,-1.2543,3629,80,191,2026-08-18 05:45:32
487950,4,KODEX 대만테크고배당다우존스,13160,5,-430,-3.16,13159.0,3.4087,17532,233,191,2026-08-18 05:45:32
0224X0,7,1Q 엔비디아알파벳미국채혼합50,10020,5,-95,-0.94,10021.0,,118105,1184,190,2026-08-18 05:45:32
0105D0,2,SOL 한국AI소프트웨어,9940,5,-600,-5.69,9931.0,-4.1383,102505,1044,189,2026-08-18 05:45:32
229720,1,KODEX KTOP30,37710,5,-885,-2.29,37776.0,-8.5615,727,28,189,2026-08-18 05:45:32
304760,1,HANARO KRX300,47095,5,-1115,-2.31,47128.0,-12.6706,189,9,188,2026-08-18 05:45:32
483330,4,ACE 마이크로소프트밸류체인액티브,14975,5,-640,-4.1,15059.0,7.1355,34821,524,187,2026-08-18 05:45:32
379790,4,RISE 유로스탁스50(H),17735,5,-205,-1.14,17763.0,12.3782,48348,864,186,2026-08-18 05:45:32
183710,7,RISE 주식혼합,92970,5,-1180,-1.25,92740.0,-8.2722,491,46,186,2026-08-18 05:45:32
468370,6,KODEX iShares미국인플레이션국채액티브,10905,5,-90,-0.82,10903.0,-5.779,46380,506,185,2026-08-18 05:45:32
0193K0,2,PLUS 삼성전자단일종목레버리지,12935,5,-575,-4.26,12935.0,,10346,148,184,2026-08-18 05:45:32
461910,4,PLUS 미국테크TOP10레버리지(합성),36685,5,-1675,-4.37,37540.0,-17.3187,682,25,183,2026-08-18 05:45:32
236350,4,TIGER 인도니프티50레버리지(합성),29420,5,-675,-2.24,29172.0,-6.3774,2522,74,182,2026-08-18 05:45:32
445690,2,BNK 주주가치액티브,30300,5,-765,-2.46,30330.0,-12.6898,345,10,182,2026-08-18 05:45:32
474920,4,에셋플러스 차이나일등기업포커스10액티브,19305,2,265,1.39,19287.0,4.1006,281,5,181,2026-08-18 05:45:32
0216Z0,2,ACE K방산TOP5+,9490,5,-270,-2.77,9495.0,,120411,1165,180,2026-08-18 05:45:32
385600,2,ACE 2차전지&친환경차액티브,12015,5,-545,-4.34,12047.0,-13.3794,12824,159,180,2026-08-18 05:45:32
461900,4,PLUS 미국테크TOP10,22490,5,-465,-2.03,22655.0,-7.2151,5864,132,180,2026-08-18 05:45:32
227830,1,PLUS 코스피,71690,5,-315,-0.44,70818.0,-12.2718,1682,123,179,2026-08-18 05:45:32
195920,4,TIGER 일본TOPIX(합성 H),35750,5,-480,-1.32,35768.0,7.3163,1851,66,179,2026-08-18 05:45:32
477490,4,에셋플러스 글로벌일등기업포커스10액티브,19705,5,-180,-0.91,19828.0,-10.104,568,11,177,2026-08-18 05:45:32
404120,2,TIME K신재생에너지액티브,24990,5,-630,-2.46,24965.0,-17.7,1344,34,175,2026-08-18 05:45:32
276000,4,TIGER 글로벌자원생산기업(합성 H),20535,2,325,1.61,20509.0,-5.0506,288,5,175,2026-08-18 05:45:32
419650,4,PLUS 글로벌수소&차세대연료전지,5365,5,-165,-2.98,5360.0,-28.3215,33434,181,174,2026-08-18 05:45:32
391670,1,HK 베스트일레븐액티브,29000,5,-200,-0.68,29033.0,-7.0804,115,3,174,2026-08-18 05:45:32
292050,1,RISE KRX300,49550,5,-560,-1.12,49234.0,-12.0878,1784,90,173,2026-08-18 05:45:32
225060,4,TIGER 이머징마켓MSCI레버리지(합성 H),16290,5,-40,-0.24,16247.0,-1.21,753,12,173,2026-08-18 05:45:32
460660,4,RISE 미국S&P배당킹,12330,5,-155,-1.24,12317.0,7.9009,17703,219,173,2026-08-18 05:45:32
289260,2,TIGER MSCI KOREA ESG리더스,28765,5,-495,-1.69,28654.0,-4.7682,48140,1424,173,2026-08-18 05:45:32
0086C0,7,TIGER 리츠부동산인프라10채권혼합액티브,9835,5,-65,-0.66,9830.0,-1.966,7325,72,172,2026-08-18 05:45:32
494420,2,PLUS 미국배당증가성장주데일리커버드콜,9550,5,-145,-1.5,9518.0,3.9225,9697,92,172,2026-08-18 05:45:32
280320,4,ACE 미국IT인터넷(합성 H),21445,5,-650,-2.94,21544.0,11.3659,3,0,172,2026-08-18 05:45:32
465670,4,TIGER 미국캐시카우100,17025,5,-435,-2.49,16885.0,15.1817,71257,1215,170,2026-08-18 05:45:32
0104G0,2,PLUS K방산레버리지,6915,5,-445,-6.05,6979.0,-46.7632,182279,1298,169,2026-08-18 05:45:32
332620,6,PLUS 미국장기우량회사채,89275,5,-1510,-1.66,89321.0,-7.1007,595,53,167,2026-08-18 05:45:32
0207Z0,4,KIWOOM 미국우주데이터센터인프라,7580,5,-65,-0.85,7701.0,,26539,202,167,2026-08-18 05:45:32
250730,4,RISE 차이나HSCEI(H),9785,2,45,0.46,9972.0,-7.2381,2829,27,166,2026-08-18 05:45:32
488290,4,MIDAS 일본테크액티브,46870,5,-990,-2.07,47157.0,-1.8861,1344,65,164,2026-08-18 05:45:32
291130,4,ACE MSCI멕시코(합성),18200,5,-245,-1.33,18208.0,-10.396,447,8,164,2026-08-18 05:45:32
453630,4,KODEX 미국S&P500필수소비재,12545,5,-245,-1.92,12594.0,-3.2138,10845,136,163,2026-08-18 05:45:32
131890,2,ACE 삼성그룹동일가중,40600,5,-1220,-2.92,40594.0,0.3118,1329,54,162,2026-08-18 05:45:32
432840,4,HANARO 미국S&P500,20260,5,-295,-1.44,20336.0,-0.7002,2354,47,162,2026-08-18 05:45:32
219390,4,RISE 미국S&P원유생산기업(합성 H),8100,2,290,3.71,8120.0,5.3981,29042,234,162,2026-08-18 05:45:32
387280,2,TIGER 퓨처모빌리티액티브,11835,5,-525,-4.25,11847.0,-21.2739,3520,42,160,2026-08-18 05:45:32
265690,4,ACE 러시아MSCI(합성),8535,3,0,0.0,48.0,0.0,0,0,158,2026-08-18 05:45:32
0220A0,7,KIWOOM 현대차그룹TOP3채권혼합50,9760,5,-235,-2.35,9777.0,,66247,655,156,2026-08-18 05:45:32
337150,2,KODEX 200exTOP,25980,5,-465,-1.76,25770.0,-12.1166,1190,31,156,2026-08-18 05:45:32
453820,4,KODEX 인도Nifty50레버리지(합성),11990,5,-360,-2.91,12011.0,-5.1824,1615,19,156,2026-08-18 05:45:32
266410,2,KODEX 필수소비재,9700,5,-150,-1.52,9727.0,-4.5779,110631,1071,155,2026-08-18 05:45:32
0090B0,2,PLUS K방산소부장,7050,5,-365,-4.92,7054.0,-41.6372,87720,634,155,2026-08-18 05:45:32
413930,2,WON AI ESG액티브,27800,5,-340,-1.21,27820.0,-12.1449,175,5,153,2026-08-18 05:45:32
0153P0,2,ACE 리츠부동산인프라액티브,9550,5,-85,-0.88,9553.0,-3.0927,1120,10,153,2026-08-18 05:45:32
0051A0,4,KoAct 브로드컴밸류체인액티브,25325,5,-345,-1.34,25643.0,-3.8757,31131,790,152,2026-08-18 05:45:32
114460,6,ACE 국고채3년,100610,5,-120,-0.12,100603.0,0.5678,822,82,151,2026-08-18 05:45:32
491510,2,파워 K-주주가치액티브,17725,5,-330,-1.83,17786.0,-9.0577,93,1,151,2026-08-18 05:45:32
104520,2,KIWOOM 블루칩,15065,5,-185,-1.21,15053.0,-9.3057,117,1,151,2026-08-18 05:45:32
130680,5,TIGER 원유선물Enhanced(H),6980,2,225,3.33,6985.0,-11.1769,38033,265,150,2026-08-18 05:45:32
0013P0,4,RISE 미국은행TOP10,13445,5,-60,-0.44,13459.0,14.25,7209,96,148,2026-08-18 05:45:32
453010,7,PLUS KOFR금리,109730,2,15,0.01,109738.0,0.6467,2150,235,147,2026-08-18 05:45:32
102960,2,KODEX 기계장비,13720,5,-480,-3.38,13740.0,-28.3372,4485,62,145,2026-08-18 05:45:32
234310,2,RISE V&S셀렉트밸류,28720,5,-510,-1.74,28569.0,-10.4199,7,0,144,2026-08-18 05:45:32
244620,2,KODEX 모멘텀Plus,20515,5,-160,-0.77,20467.0,-16.7674,1249,26,144,2026-08-18 05:45:32
0193L0,2,PLUS 삼성전자선물단일종목인버스2X,9565,2,405,4.42,9565.0,,818242,7232,143,2026-08-18 05:45:32
396510,4,TIGER 차이나클린에너지SOLACTIVE,7795,2,90,1.17,7890.0,-20.3618,47772,371,143,2026-08-18 05:45:32
373490,2,KODEX 코리아혁신성장액티브,25735,5,-670,-2.54,25721.0,-23.4416,10258,274,142,2026-08-18 05:45:32
417450,4,RISE 글로벌수소경제,16645,5,-65,-0.39,16497.0,-21.8672,2276,37,141,2026-08-18 05:45:32
438900,2,HANARO Fn K-푸드,11305,5,-265,-2.29,11334.0,-6.3815,51177,588,141,2026-08-18 05:45:32
0004G0,4,1Q 미국배당TOP30,9390,5,-180,-1.88,9372.0,7.476,8366,78,141,2026-08-18 05:45:32
404650,2,SOL KRX기후변화솔루션,23425,5,-925,-3.8,23491.0,-18.0079,169,4,141,2026-08-18 05:45:32
0028X0,4,KODEX 미국금융테크액티브,12195,5,-220,-1.77,12256.0,13.1526,22242,271,140,2026-08-18 05:45:32
496130,1,TRUSTON 코리아밸류업액티브,25570,5,-600,-2.29,25646.0,-12.8684,130,3,138,2026-08-18 05:45:32
489860,4,KIWOOM 글로벌전력GRID인프라,16195,2,120,0.75,16144.0,-9.6682,4408,71,138,2026-08-18 05:45:32
0127T0,4,KIWOOM 미국S&P500&배당다우존스비중전환,11345,5,-150,-1.3,11370.0,0.0852,2743,31,136,2026-08-18 05:45:32
0088N0,2,WON K-글로벌수급상위,10860,5,-210,-1.9,10903.0,-25.5799,4075,45,136,2026-08-18 05:45:32
0127V0,4,KIWOOM 미국S&P500 TOP10&배당다우비중전환,10830,5,-185,-1.68,10889.0,-4.537,2234,24,135,2026-08-18 05:45:32
0015F0,7,KIWOOM 팔란티어미국30년국채혼합액티브(H),10375,5,-235,-2.21,10450.0,7.2295,11902,123,135,2026-08-18 05:45:32
0194R0,2,KIWOOM SK하이닉스선물단일종목레버리지,8265,2,130,1.6,8255.0,,63043,572,134,2026-08-18 05:45:32
472720,1,TRUSTON 주주가치액티브,25725,5,-545,-2.07,25809.0,-14.7632,566,14,134,2026-08-18 05:45:32
266390,2,KODEX 경기소비재,14855,5,-295,-1.95,14863.0,3.4931,3747,56,134,2026-08-18 05:45:32
280920,2,PLUS 주도업종,24240,5,-215,-0.88,24045.0,-13.2494,642,15,133,2026-08-18 05:45:32
484890,6,SOL 머니마켓액티브,52480,2,5,0.01,52476.0,0.6907,6046,317,133,2026-08-18 05:45:32
360150,2,KODEX 코스닥150롱코스피200숏선물,3195,5,-50,-1.54,3204.0,-20.6602,225523,711,131,2026-08-18 05:45:32
252650,1,KODEX 200동일가중,18630,5,-460,-2.41,18647.0,-11.1829,9278,174,130,2026-08-18 05:45:32
300610,2,TIGER K게임,5375,5,-225,-4.02,5381.0,-11.8111,19790,107,129,2026-08-18 05:45:32
428560,4,KODEX 미국ETF산업Top10 Indxx,16125,5,-325,-1.98,16155.0,1.695,2094,33,129,2026-08-18 05:45:32
0008E0,4,ACE 미국중심중소형제조업,13560,2,135,1.01,13655.0,-8.7666,4895,66,129,2026-08-18 05:45:32
395760,2,PLUS ESG성장주액티브,21460,5,-290,-1.33,21357.0,-12.4749,137,3,129,2026-08-18 05:45:32
0222F0,2,마이티 AI데이터센터밸류체인,12870,5,-345,-2.61,12896.0,,12037,159,129,2026-08-18 05:45:32
435550,7,KIWOOM TDF2050액티브 적격,18290,5,-150,-0.81,18331.0,-3.0043,8702,159,128,2026-08-18 05:45:32
176950,6,KODEX 국채선물10년인버스,60715,2,445,0.74,60661.0,1.4902,601,36,128,2026-08-18 05:45:32
137610,5,TIGER 농산물선물Enhanced(H),5540,2,125,2.31,5564.0,-4.5815,14185,78,127,2026-08-18 05:45:32
290080,3,RISE 200고배당커버드콜ATM,7280,5,-50,-0.68,7301.0,8.4838,18225,131,127,2026-08-18 05:45:32
279540,2,KODEX 최소변동성,21225,5,-250,-1.16,21102.0,-13.1849,86,1,127,2026-08-18 05:45:32
272570,6,RISE 중장기국공채액티브,107675,5,-315,-0.29,107713.0,0.3204,104,11,127,2026-08-18 05:45:32
435040,4,ACE 글로벌브랜드TOP10,19430,5,-420,-2.12,19480.0,-1.8735,191,3,126,2026-08-18 05:45:32
0208N0,1,IBK 코스피액티브,7600,5,-45,-0.59,7547.0,,4693,36,125,2026-08-18 05:45:32
140580,2,RISE 우량업종대표주,24930,5,-295,-1.17,24820.0,-13.8197,857,21,125,2026-08-18 05:45:32
269370,4,TIGER S&P글로벌인프라(합성),17770,2,225,1.28,17523.0,-5.8804,532,9,124,2026-08-18 05:45:32
363510,6,SOL KIS단기통안채,112035,2,5,0.0,112050.0,0.579,13,1,124,2026-08-18 05:45:32
269530,4,PLUS S&P글로벌인프라,20640,2,50,0.24,20840.0,-6.0522,1637,33,124,2026-08-18 05:45:32
453660,4,KODEX 미국S&P500경기소비재,17690,5,-380,-2.1,17760.0,-4.955,510,9,124,2026-08-18 05:45:32
332610,6,PLUS 미국단기회사채(AAA~A),128490,5,-505,-0.39,128536.0,-4.2932,101,12,123,2026-08-18 05:45:32
0000H0,2,KODEX 인도Nifty미드캡100,10690,5,-110,-1.02,10727.0,-0.0934,3109,33,123,2026-08-18 05:45:32
400570,4,KODEX 유럽탄소배출권선물ICE(H),11155,5,-160,-1.41,11235.0,9.801,395,4,123,2026-08-18 05:45:32
453060,6,HANARO KOFR금리액티브(합성),111280,2,10,0.01,111288.0,0.6695,100,11,122,2026-08-18 05:45:32
487750,2,BNK 온디바이스AI,30340,5,-400,-1.3,30502.0,-15.2,1974,61,121,2026-08-18 05:45:32
485810,4,TIME 글로벌바이오액티브,11010,5,-95,-0.86,11070.0,6.9845,6549,72,121,2026-08-18 05:45:32
251590,2,PLUS 고배당저변동50,17175,5,-255,-1.46,17172.0,-4.8055,1663,28,120,2026-08-18 05:45:32
0221Z0,2,ACE K바이오코스닥액티브,10925,5,-585,-5.08,10959.0,,396115,4399,120,2026-08-18 05:45:32
354240,7,RISE 미국고정배당우선증권,10775,5,-125,-1.15,10748.0,-7.313,2770,29,119,2026-08-18 05:45:32
419420,4,KODEX 미국클린에너지나스닥,9830,5,-90,-0.91,9867.0,-20.5962,1799,17,118,2026-08-18 05:45:32
457700,6,KODEX 53-09 국고채액티브,8915,5,-100,-1.11,8924.0,-8.8013,1034,9,118,2026-08-18 05:45:32
448490,6,HANARO 32-10 국고채액티브,52435,5,-580,-1.09,52578.0,-0.3759,34,1,117,2026-08-18 05:45:32
0093B0,4,RISE 엔비디아고정테크100,13040,5,-260,-1.95,13080.0,-2.6658,3731,48,117,2026-08-18 05:45:32
166400,3,TIGER 200커버드콜OTM,23225,5,-300,-1.28,23304.0,2.8146,6753,159,116,2026-08-18 05:45:32
0084E0,7,KIWOOM 미국대형주500월간목표헤지액티브,10530,5,-130,-1.22,10531.0,-3.5283,17,0,116,2026-08-18 05:45:32
0222D0,2,KoAct 고배당액티브,10520,5,-105,-0.99,10525.0,,44062,466,116,2026-08-18 05:45:32
463640,4,KODEX 미국S&P500유틸리티,14405,5,-60,-0.41,14379.0,-6.0279,7299,105,115,2026-08-18 05:45:32
409810,4,KODEX 미국나스닥100선물인버스(H),5475,2,65,1.2,5431.0,-2.2584,90075,491,115,2026-08-18 05:45:32
410870,2,TIME K컬처액티브,9510,5,-335,-3.4,9533.0,-17.7528,5490,52,114,2026-08-18 05:45:32
371870,4,ACE 차이나항셍테크,7100,5,-80,-1.11,7108.0,-11.7937,11090,80,114,2026-08-18 05:45:32
464610,2,SOL 의료기기소부장Fn,7570,5,-340,-4.3,7584.0,-17.69,38957,298,114,2026-08-18 05:45:32
451150,4,에셋플러스 글로벌영에이지액티브,18080,5,-325,-1.77,18134.0,-1.6039,4,0,112,2026-08-18 05:45:32
451600,6,PLUS 국고채30년액티브,81795,5,-1045,-1.26,81839.0,-10.3173,363,29,112,2026-08-18 05:45:32
407820,2,에셋플러스 코리아플랫폼액티브,6215,5,-235,-3.64,6224.0,-24.3402,375,2,112,2026-08-18 05:45:32
430500,7,KIWOOM 물가채KIS,111805,5,-830,-0.74,111861.0,-0.2127,641,71,112,2026-08-18 05:45:32
461580,1,TIGER 코스닥글로벌,15910,5,-600,-3.63,15877.0,-19.5027,44739,726,111,2026-08-18 05:45:32
446700,2,RISE 배터리 리사이클링,10305,5,-490,-4.54,10319.0,-26.4646,3624,38,111,2026-08-18 05:45:32
0094L0,4,RISE 차이나테크TOP10위클리타겟커버드콜,7915,5,-125,-1.55,8033.0,-12.8256,6346,50,111,2026-08-18 05:45:32
498050,2,HANARO 바이오코리아액티브,11045,5,-480,-4.16,11084.0,-20.104,19321,218,110,2026-08-18 05:45:32
140710,2,KODEX 운송,6425,5,-50,-0.77,6433.0,-9.8283,4927,31,109,2026-08-18 05:45:32
0068M0,4,KODEX 미국S&P500버퍼6월액티브,12070,5,-120,-0.98,12110.0,-0.9039,61,0,109,2026-08-18 05:45:32
0002C0,4,에셋플러스 인도일등기업포커스20액티브,10055,5,-55,-0.54,10068.0,5.8638,161,1,109,2026-08-18 05:45:32
385710,2,TIME K이노베이션액티브,10825,5,-470,-4.16,10868.0,-27.2933,1819,19,108,2026-08-18 05:45:32
494180,4,TIME 글로벌소비트렌드액티브,13465,5,-250,-1.82,13465.0,-3.9566,50971,680,108,2026-08-18 05:45:32
310080,4,RISE 중국MSCI China(H),9360,2,110,1.19,9405.0,-7.6386,1793,16,108,2026-08-18 05:45:32
0191S0,1,IBK 코스닥150,14490,5,-495,-3.3,14534.0,,34453,513,107,2026-08-18 05:45:32
0001P0,2,마이티 바이오시밀러&CDMO액티브,9560,5,-510,-5.06,9567.0,-17.5604,1269,12,107,2026-08-18 05:45:32
140570,2,RISE 수출주,26085,5,-555,-2.08,26123.0,-12.8558,112,2,104,2026-08-18 05:45:32
487910,4,ACE 인도컨슈머파워액티브,8690,5,-95,-1.08,8693.0,1.1514,1174,10,104,2026-08-18 05:45:32
456250,4,KODEX 유럽명품TOP10 STOXX,9055,5,-270,-2.9,9041.0,1.8306,8664,78,104,2026-08-18 05:45:32
0226G0,2,WON 피지컬AI TOP2플러스액티브,13015,5,-330,-2.47,13062.0,,13503,182,104,2026-08-18 05:45:32
460270,6,KIWOOM 미국달러SOFR금리액티브(합성),12805,5,-60,-0.47,12803.0,-3.9926,3484,44,104,2026-08-18 05:45:32
0194N0,2,KIWOOM 삼성전자선물단일종목레버리지,11850,5,-625,-5.01,11922.0,,24229,320,104,2026-08-18 05:45:32
237440,7,TIGER 경기방어채권혼합,10310,5,-85,-0.82,10331.0,-0.4311,8634,88,103,2026-08-18 05:45:32
354350,4,HANARO 글로벌럭셔리S&P(합성),19810,5,-635,-3.11,20073.0,-0.0978,1009,20,103,2026-08-18 05:45:32
181480,7,ACE 미국부동산리츠(합성 H),85735,5,-50,-0.06,85803.0,1.221,19,1,103,2026-08-18 05:45:32
429010,4,TIGER 미국나스닥넥스트100,20550,5,-145,-0.7,20608.0,5.2377,181,3,103,2026-08-18 05:45:32
0189Z0,2,DAISHIN343 금융&지주고배당,10195,5,-155,-1.5,10234.0,,656,6,102,2026-08-18 05:45:32
0227K0,4,RISE 미국우주위성통신,10190,5,-10,-0.1,10500.0,,172384,1770,102,2026-08-18 05:45:32
0113G0,4,KoAct 미국바이오헬스케어액티브,11280,2,20,0.18,11369.0,9.7465,17993,203,102,2026-08-18 05:45:32
117690,4,TIGER 차이나항셍30,20045,2,75,0.38,20176.0,-9.9234,370,7,100,2026-08-18 05:45:32
0067Y0,4,TIGER 차이나AI소프트웨어,11105,5,-410,-3.56,11095.0,-15.949,43879,487,100,2026-08-18 05:45:32
0203D0,7,PLUS 200위클리커버드콜채권혼합,9015,5,-75,-0.83,9004.0,,23123,211,99,2026-08-18 05:45:32
0120J0,2,BNK 카카오그룹포커스,7920,5,-280,-3.41,7926.0,-13.0435,8083,64,99,2026-08-18 05:45:32
463690,4,KODEX 미국S&P500커뮤니케이션,17990,5,-455,-2.47,18071.0,-8.4188,6582,118,99,2026-08-18 05:45:32
281990,2,RISE 중소형고배당,17860,5,-295,-1.62,17857.0,-9.506,247,4,98,2026-08-18 05:45:32
0174R0,4,KIWOOM 미국성장다우존스,11555,5,-220,-1.87,11582.0,-1.7065,2516,29,98,2026-08-18 05:45:32
0224D0,4,KIWOOM 미국CPU반도체TOP4+,9780,5,-190,-1.91,9942.0,,39165,386,98,2026-08-18 05:45:32
252000,1,TIGER 200동일가중,19535,5,-410,-2.06,19520.0,-11.7469,1373,27,98,2026-08-18 05:45:32
399580,4,RISE 글로벌클린에너지,9680,5,-175,-1.78,9736.0,-21.8848,2276,22,97,2026-08-18 05:45:32
0214M0,2,MIDAS 바이오헬스케어액티브,11330,5,-460,-3.9,11270.0,,4552,53,96,2026-08-18 05:45:32
449680,7,TIGER 한중전기차(합성),11250,5,-130,-1.14,11264.0,-25.426,303,3,96,2026-08-18 05:45:32
482030,2,KoAct 반도체&2차전지핵심소재액티브,9075,5,-270,-2.89,9095.0,-32.794,17931,165,95,2026-08-18 05:45:32
375270,7,RISE 글로벌데이터센터리츠(합성),14580,2,35,0.24,14536.0,-12.3268,411,6,95,2026-08-18 05:45:32
0084D0,7,KIWOOM 미국테크100월간목표헤지액티브,11705,5,-180,-1.51,11799.0,-3.4914,349,4,94,2026-08-18 05:45:32
301400,1,PLUS 코스닥150,14405,5,-545,-3.65,14567.0,-25.8065,8657,129,94,2026-08-18 05:45:32
480460,7,WON 한국부동산TOP3플러스,9355,5,-85,-0.9,9362.0,-4.2635,25,0,94,2026-08-18 05:45:32
371150,4,RISE 차이나항셍테크,7085,5,-35,-0.49,7090.0,-12.2107,7493,53,92,2026-08-18 05:45:32
0133E0,4,TIGER 차이나증권,8765,3,0,0.0,8830.0,-4.4166,669,5,92,2026-08-18 05:45:32
341850,7,TIGER 리츠부동산인프라채권,4590,5,-55,-1.18,4608.0,-0.6094,6738,31,92,2026-08-18 05:45:32
0215T0,4,HANARO 미국AI광통신TOP10,10185,2,485,5.0,10533.0,,89623,930,92,2026-08-18 05:45:32
497510,4,ACE 글로벌빅파마,13025,5,-85,-0.65,13024.0,4.829,1574,20,91,2026-08-18 05:45:32
139240,2,TIGER 200 철강소재,10800,5,-250,-2.26,10835.0,-27.3744,17851,194,91,2026-08-18 05:45:32
0216K0,7,KIWOOM 미국우주테크TOP2채권혼합50,9060,5,-10,-0.11,9212.0,,74116,678,91,2026-08-18 05:45:32
0219B0,2,KoAct 광통신&위성네트워크액티브,11210,5,-335,-2.9,11250.0,,39120,448,90,2026-08-18 05:45:32
230480,7,KIWOOM 미국달러선물인버스2X,4440,2,15,0.34,4452.0,10.3491,7412,32,89,2026-08-18 05:45:32
0219Z0,4,HANARO 미국S&P500액티브,11135,2,120,1.09,11357.0,,8987,100,89,2026-08-18 05:45:32
435540,7,KIWOOM TDF2040액티브 적격,17720,5,-140,-0.78,17752.0,-3.0411,4085,72,89,2026-08-18 05:45:32
215620,2,HK S&P코리아로우볼,16355,3,0,0.0,16077.0,-6.5963,0,0,88,2026-08-18 05:45:32
174350,2,TIGER 로우볼,20990,5,-315,-1.48,21066.0,1.6879,3299,69,88,2026-08-18 05:45:32
429980,7,SOL 한국형글로벌전기차&2차전지액티브,17630,5,-245,-1.37,17886.0,-16.1586,272,4,88,2026-08-18 05:45:32
395150,2,KODEX 웹툰&드라마,1830,5,-95,-4.94,1830.0,-18.9474,78459,145,88,2026-08-18 05:45:32
105010,4,TIGER 라틴35,6180,2,20,0.32,6197.0,-11.7092,3778,23,87,2026-08-18 05:45:32
381570,2,HANARO Fn친환경에너지,10050,5,-285,-2.76,10070.0,-30.1218,4185,42,85,2026-08-18 05:45:32
497520,4,ACE 일라이릴리밸류체인,13125,5,-215,-1.61,13182.0,10.1568,11454,150,85,2026-08-18 05:45:32
270800,2,RISE KQ고배당,15350,5,-575,-3.61,15350.0,-14.1849,741,11,84,2026-08-18 05:45:32
395280,2,HANARO Fn K-게임,3585,5,-165,-4.4,3582.0,-11.1375,24328,89,84,2026-08-18 05:45:32
457930,2,BNK 미래전략기술액티브,27990,5,-955,-3.3,27972.0,-19.1368,54,1,84,2026-08-18 05:45:32
462340,4,에셋플러스 글로벌다이나믹시니어액티브,16720,5,-395,-2.31,16789.0,5.1289,43,0,84,2026-08-18 05:45:32
182490,6,TIGER 단기선진하이일드(합성 H),13880,2,25,0.18,13868.0,0.3985,380,5,83,2026-08-18 05:45:32
261110,7,TIGER 미국달러선물레버리지,16630,5,-175,-1.04,16642.0,-9.0639,1986,33,83,2026-08-18 05:45:32
0218K0,2,BNK 스마트카,11085,5,-680,-5.78,11139.0,,328,3,83,2026-08-18 05:45:32
404540,2,TIGER KRX기후변화솔루션,23640,5,-820,-3.35,23624.0,-17.3479,14600,356,83,2026-08-18 05:45:32
0172Y0,2,ACE K수출핵심TOP10산업액티브,9720,5,-225,-2.26,9727.0,-17.3317,4647,46,83,2026-08-18 05:45:32
466810,2,BNK 2차전지양극재,5685,5,-265,-4.45,5708.0,-28.2268,46329,271,82,2026-08-18 05:45:32
395750,2,PLUS ESG가치주액티브,20570,5,-410,-1.95,20624.0,-10.4567,6,0,82,2026-08-18 05:45:32
0082F0,4,HANARO 유럽방산,11730,2,120,1.03,11758.0,13.5452,406,4,82,2026-08-18 05:45:32
487920,4,ACE 인도시장대표BIG5그룹액티브,8205,5,-110,-1.32,8210.0,-1.6559,571,4,82,2026-08-18 05:45:32
0138D0,2,RISE 동학개미,12620,5,-215,-1.68,12607.0,-29.5748,1674,21,82,2026-08-18 05:45:32
256450,4,PLUS 심천차이넥스트(합성),16245,2,235,1.47,16528.0,-14.8857,387,6,81,2026-08-18 05:45:32
217780,4,TIGER 차이나CSI300인버스(합성),5235,5,-35,-0.66,5274.0,8.6597,32,0,81,2026-08-18 05:45:32
0226D0,7,FOCUS 금융반도체지주채권혼합50액티브,10100,5,-75,-0.74,10102.0,,14008,144,81,2026-08-18 05:45:32
253280,2,RISE 헬스케어,13450,5,-450,-3.24,13472.0,-13.6378,814,11,81,2026-08-18 05:45:32
0184N0,7,PLUS 은채권혼합,8885,2,55,0.62,8942.0,-15.462,24252,216,80,2026-08-18 05:45:32
225800,7,KIWOOM 미국달러선물레버리지,15675,5,-155,-0.98,15660.0,-9.3097,253,3,80,2026-08-18 05:45:32
0166T0,4,PLUS 글로벌저작권핵심기업액티브,9842,5,-103,-1.04,9920.0,-4.1446,88,0,79,2026-08-18 05:45:32
189400,4,PLUS 글로벌MSCI(합성 H),26150,5,-100,-0.38,26132.0,3.5707,2451,64,78,2026-08-18 05:45:32
285690,2,FOCUS ESG리더스,22400,2,145,0.65,21757.0,-10.0627,8,0,78,2026-08-18 05:45:32
494210,4,SOL 미국500타겟데일리커버드콜액티브,11190,5,-190,-1.67,11227.0,-0.5116,19579,219,78,2026-08-18 05:45:32
0094X0,4,1Q 샤오미밸류체인액티브,8680,2,70,0.81,8698.0,-16.4472,4875,42,78,2026-08-18 05:45:32
435530,7,KIWOOM TDF2030액티브 적격,15605,5,-160,-1.01,15676.0,-3.4421,5824,91,78,2026-08-18 05:45:32
438740,2,MIDAS 중소형액티브,34615,2,220,0.64,33804.0,-16.0381,112,3,78,2026-08-18 05:45:32
225050,4,TIGER 유로스탁스레버리지(합성 H),17080,5,-90,-0.52,17238.0,22.2499,740,12,77,2026-08-18 05:45:32
390400,4,KODEX 미국스마트모빌리티S&P,7645,5,-130,-1.67,7762.0,-8.9954,1939,14,76,2026-08-18 05:45:32
488480,4,RISE 일본섹터TOP4Plus,13770,5,-35,-0.25,13681.0,-2.952,4384,60,76,2026-08-18 05:45:32
227570,2,TIGER 우량가치,21020,5,-245,-1.15,21013.0,-10.8573,5530,116,76,2026-08-18 05:45:32
304670,6,KODEX 미국30년국채울트라선물인버스(H),12520,2,140,1.13,12564.0,2.8666,2201,27,75,2026-08-18 05:45:32
402460,2,HANARO Fn K-메타버스MZ,15010,5,-380,-2.47,14969.0,9.4693,1199,18,75,2026-08-18 05:45:32
450180,7,KODEX 한중전기차(합성),11500,5,-305,-2.58,11564.0,-25.3557,195,2,75,2026-08-18 05:45:32
0005C0,6,RISE 미국S&P500엔화노출(합성 H),11480,5,-190,-1.63,11523.0,-0.8918,930,10,75,2026-08-18 05:45:32
0047N0,4,PLUS 차이나AI테크TOP10,10555,2,50,0.48,10610.0,-11.3128,1305,13,74,2026-08-18 05:45:32
0184V0,2,UNICORN K바이오액티브,6355,5,-380,-5.64,6350.0,-29.9168,39983,261,73,2026-08-18 05:45:32
437370,4,RISE 글로벌농업경제,10435,5,-25,-0.24,10442.0,-6.6009,3483,36,73,2026-08-18 05:45:32
326230,2,RISE 내수주플러스,11365,5,-175,-1.52,11385.0,-10.4038,612,7,73,2026-08-18 05:45:32
368680,2,KODEX K-뉴딜디지털플러스,8005,5,-280,-3.38,8012.0,-13.8156,205,1,72,2026-08-18 05:45:32
139660,7,KIWOOM 미국달러선물인버스,8220,2,20,0.24,8225.0,4.9264,299,2,72,2026-08-18 05:45:32
400590,4,SOL 글로벌탄소배출권선물ICE(합성),14220,5,-85,-0.59,14252.0,3.2851,527,7,71,2026-08-18 05:45:32
0176P0,2,FOCUS AI반도체위클리고정커버드콜,12745,5,-85,-0.66,12770.0,-11.1619,9393,124,70,2026-08-18 05:45:32
139290,2,TIGER 200 경기소비재,26940,5,-1030,-3.68,26941.0,-18.6801,3799,104,70,2026-08-18 05:45:32
0036Z0,4,RISE 미국천연가스밸류체인,12715,2,5,0.04,12774.0,-3.5566,867,11,70,2026-08-18 05:45:32
244670,2,KODEX 밸류Plus,11505,5,-275,-2.33,11505.0,-10.2259,100,1,69,2026-08-18 05:45:32
250780,3,TIGER 코스닥150선물인버스,2405,2,80,3.44,2403.0,15.6716,514848,1211,69,2026-08-18 05:45:32
429740,7,PLUS K리츠,6205,5,-140,-2.21,6219.0,-3.8473,1622,10,68,2026-08-18 05:45:32
456200,6,PLUS 미국달러SOFR금리액티브(합성),61150,5,-220,-0.36,61045.0,-4.1319,14,0,67,2026-08-18 05:45:32
0102X0,4,ACE 유럽방산TOP10,10340,2,175,1.72,10393.0,8.9466,7640,78,67,2026-08-18 05:45:32
316300,7,ACE 싱가포르리츠,13200,5,-175,-1.31,13309.0,-3.7319,737,9,66,2026-08-18 05:45:32
315270,2,TIGER 200커뮤니케이션서비스,20510,5,-520,-2.47,20436.0,-7.9104,6237,129,66,2026-08-18 05:45:32
307510,2,TIGER 의료기기,12865,5,-635,-4.7,12874.0,-23.1513,7654,100,64,2026-08-18 05:45:32
0087F0,4,ACE 차이나AI빅테크TOP2+액티브,12800,2,225,1.79,12799.0,-8.5122,1536,19,64,2026-08-18 05:45:32
219900,4,ACE 중국본토CSI300레버리지(합성),4545,2,20,0.44,4613.0,-21.1673,1280,5,64,2026-08-18 05:45:32
291890,4,KODEX MSCI EM선물(H),12320,2,25,0.2,12242.0,-1.0065,85,1,62,2026-08-18 05:45:32
0114X0,4,RISE 글로벌게임테크TOP3Plus,8750,5,-245,-2.72,8855.0,7.5956,1182,10,61,2026-08-18 05:45:32
138920,5,KODEX 콩선물(H),12110,2,310,2.63,12149.0,-4.5694,862,10,61,2026-08-18 05:45:32
0191B0,1,MIDAS 코스닥액티브,30200,2,130,0.43,30139.0,,544,16,60,2026-08-18 05:45:32
433250,1,UNICORN R&D 액티브,24015,5,-495,-2.02,23815.0,-12.8844,137,3,60,2026-08-18 05:45:32
0053M0,2,더제이 중소형포커스액티브,13265,5,-230,-1.7,13192.0,-17.056,3854,51,60,2026-08-18 05:45:32
407300,2,HANARO Fn골프테마,10850,5,-65,-0.6,10660.0,-21.7883,3,0,60,2026-08-18 05:45:32
413220,4,SOL 차이나태양광CSI(합성),4955,2,115,2.38,4969.0,-28.7188,1549,7,59,2026-08-18 05:45:32
314700,2,HANARO 농업융복합산업,10765,5,-140,-1.28,10776.0,-20.0467,4761,51,59,2026-08-18 05:45:32
469530,3,RISE 미국달러선물인버스,9195,2,25,0.27,9208.0,5.5843,10,0,59,2026-08-18 05:45:32
289670,6,PLUS 국채선물10년,51720,5,-370,-0.71,51756.0,-0.4397,431,22,58,2026-08-18 05:45:32
483020,2,KIWOOM 의료AI,9620,5,-365,-3.66,9619.0,-19.0843,4480,43,58,2026-08-18 05:45:32
401590,4,HANARO 글로벌탄소배출권선물ICE(합성),11315,5,-175,-1.52,11385.0,3.0955,405,4,58,2026-08-18 05:45:32
400580,4,SOL 유럽탄소배출권선물S&P(H),11490,5,-140,-1.2,11560.0,9.5103,32,0,57,2026-08-18 05:45:32
451670,6,RISE 국채30년레버리지(합성),11435,5,-400,-3.38,11453.0,-21.4405,513,5,57,2026-08-18 05:45:32
470310,2,UNICORN 생성형AI강소기업액티브,18995,5,-1005,-5.02,18972.0,10.2232,46835,916,57,2026-08-18 05:45:32
220130,4,SOL 차이나강소기업CSI500(합성 H),7075,2,125,1.8,7096.0,-7.4568,1156,8,57,2026-08-18 05:45:32
267450,6,RISE 미국장기국채선물인버스(H),11200,2,20,0.18,11258.0,2.6629,3,0,56,2026-08-18 05:45:32
488200,2,KIWOOM K-2차전지북미공급망,12385,5,-555,-4.29,12407.0,-25.2763,9563,122,56,2026-08-18 05:45:32
432600,6,RISE 국채선물3년,55220,5,-95,-0.17,55244.0,0.8569,2,0,55,2026-08-18 05:45:32
499150,4,SOL 미국S&P500엔화노출(H),11040,5,-210,-1.87,11127.0,-2.5897,548,6,55,2026-08-18 05:45:32
476310,4,RISE 글로벌비만산업TOP2+,10020,5,-235,-2.29,10130.0,3.1745,560,5,55,2026-08-18 05:45:32
483030,4,KIWOOM 미국블록버스터바이오테크의약품+,11885,5,-30,-0.25,11917.0,4.6262,1927,22,53,2026-08-18 05:45:32
490330,4,KoAct 미국치매&뇌질환치료제액티브,15270,5,-10,-0.07,15299.0,11.0061,1574,24,53,2026-08-18 05:45:32
0174J0,7,DAISHIN343 오피스리츠플러스,8890,5,-130,-1.44,8925.0,-3.1408,19,0,53,2026-08-18 05:45:32
321410,7,KODEX 멀티에셋하이인컴(H),10655,3,0,0.0,10695.0,0.665,3,0,53,2026-08-18 05:45:32
291630,3,KIWOOM 코스닥150선물레버리지,3670,5,-250,-6.38,3695.0,-52.6284,71026,274,53,2026-08-18 05:45:32
411860,4,KIWOOM 독일DAX,17570,5,-85,-0.48,17591.0,1.8744,354,6,53,2026-08-18 05:45:32
474390,6,SOL 국고채30년액티브,39250,5,-710,-1.78,39296.0,-10.2326,92,3,53,2026-08-18 05:45:32
0015E0,7,KIWOOM 엔비디아미국30년국채혼합액티브(H),10515,5,-90,-0.85,10548.0,-1.6597,1826,19,53,2026-08-18 05:45:32
261920,4,ACE MSCI필리핀(합성),12960,5,-165,-1.26,12943.0,-0.7937,513,6,52,2026-08-18 05:45:32
0132D0,7,KoAct 글로벌K컬처밸류체인액티브,9375,5,-140,-1.47,9457.0,-6.5325,9353,89,52,2026-08-18 05:45:32
0073X0,5,FOCUS 알리바바미국채커버드콜혼합,9360,5,-75,-0.79,9340.0,-9.2464,153,1,51,2026-08-18 05:45:32
295000,6,RISE 국채선물10년,51005,5,-380,-0.74,51084.0,-0.5516,13,0,51,2026-08-18 05:45:32
498610,4,RISE 인도디지털성장,8415,5,-230,-2.66,8411.0,8.8933,332,2,50,2026-08-18 05:45:32
0128D0,4,PLUS 차이나항셍테크위클리타겟커버드콜,7210,5,-105,-1.44,7268.0,-11.3102,4513,32,50,2026-08-18 05:45:32
0078V0,4,PLUS 미국로보택시,10000,5,-55,-0.55,10026.0,-15.646,415,4,50,2026-08-18 05:45:32
391600,4,ACE 미국친환경그린테마,10950,5,-120,-1.08,11023.0,-12.869,353,3,49,2026-08-18 05:45:32
0154H0,4,KoAct 차이나바이오헬스케어액티브,8945,2,70,0.79,9003.0,-1.3889,2564,22,49,2026-08-18 05:45:32
0015K0,4,TIGER 미국소비트렌드액티브,7210,5,-160,-2.17,7239.0,-2.0599,9940,71,49,2026-08-18 05:45:32
267440,6,RISE 미국장기국채선물(H),7950,5,-155,-1.91,7993.0,-0.9774,388,3,48,2026-08-18 05:45:32
266550,2,PLUS 중형주저변동50,18935,3,0,0.0,18606.0,-9.2065,1,0,47,2026-08-18 05:45:32
243890,2,TIGER 200에너지화학레버리지,8880,5,-190,-2.09,8899.0,-30.869,23138,212,47,2026-08-18 05:45:32
244660,2,KODEX 퀄리티Plus,9280,5,-295,-3.08,9279.0,-7.5441,925,8,46,2026-08-18 05:45:32
0131A0,4,SOL 차이나소비트렌드,7710,5,-130,-1.66,7756.0,-18.6722,945,7,46,2026-08-18 05:45:32
373790,4,KIWOOM 미국방어배당성장나스닥,16050,5,-230,-1.41,16045.0,2.2101,125,2,45,2026-08-18 05:45:32
488210,2,KIWOOM K-반도체북미공급망,22120,5,-45,-0.2,22109.0,-23.4981,3762,84,44,2026-08-18 05:45:32
252420,3,RISE 200선물인버스2X,83,2,3,3.75,83.0,-25.2337,2721931,213,44,2026-08-18 05:45:32
205720,4,ACE 일본TOPIX인버스(합성 H),1436,2,13,0.91,1441.0,-7.8368,6057,8,43,2026-08-18 05:45:32
227550,2,TIGER 200 산업재,12395,5,-185,-1.47,12401.0,-20.0763,8766,109,42,2026-08-18 05:45:32
277650,2,TIGER 코스피중형주,20960,5,-410,-1.92,20929.0,-18.7453,329,7,42,2026-08-18 05:45:32
226380,2,ACE Fn성장소비주도주,5880,5,-160,-2.65,5845.0,-8.4849,424,2,41,2026-08-18 05:45:32
238670,7,PLUS 스마트베타Quality채권혼합,13620,5,-60,-0.44,13512.0,2.2803,12996,177,41,2026-08-18 05:45:32
0050E0,4,PLUS 미국AI에이전트,8055,5,-350,-4.16,8113.0,9.5827,705,5,40,2026-08-18 05:45:32
291680,4,RISE 차이나H선물인버스(H),7860,5,-25,-0.32,7839.0,4.0924,64,0,39,2026-08-18 05:45:32
334690,5,RISE 팔라듐선물(H),6000,2,65,1.1,5984.0,-15.9349,1477,8,39,2026-08-18 05:45:32
225030,4,TIGER 미국S&P500선물인버스(H),2230,2,15,0.68,2242.0,-3.9046,19308,43,38,2026-08-18 05:45:32
0079X0,4,ACE BYD밸류체인액티브,10485,2,40,0.38,10507.0,-16.7066,2574,27,37,2026-08-18 05:45:32
427120,2,RISE AI플랫폼,5290,5,-260,-4.68,5284.0,-12.9412,92074,500,35,2026-08-18 05:45:32
267490,6,RISE 미국장기국채선물레버리지(합성 H),4920,5,-120,-2.38,4913.0,-4.8159,2013,9,34,2026-08-18 05:45:32
489010,4,PLUS 글로벌AI인프라,21750,5,-470,-2.12,21909.0,-2.3941,1365,29,33,2026-08-18 05:45:32
306530,3,HANARO 코스닥150선물레버리지,7350,5,-530,-6.73,7351.0,-53.1232,34298,267,32,2026-08-18 05:45:32
454180,4,KIWOOM 차이나내수소비TOP CSI,7780,5,-65,-0.83,7856.0,-10.537,341,2,31,2026-08-18 05:45:32
227560,2,TIGER 200 생활소비재,12795,5,-270,-2.07,12805.0,-6.4497,2730,34,31,2026-08-18 05:45:32
476000,2,UNICORN 포스트IPO액티브,5510,5,-265,-4.59,5458.0,-44.149,11415,65,30,2026-08-18 05:45:32
145670,3,ACE 인버스,1304,2,19,1.48,1308.0,-4.6029,195616,249,30,2026-08-18 05:45:32
280940,5,KODEX 골드선물인버스(H),3405,5,-90,-2.58,3435.0,9.9056,3190,10,27,2026-08-18 05:45:32
252410,3,RISE 200선물인버스,1328,2,15,1.14,1330.0,-4.0205,38413,49,27,2026-08-18 05:45:32
491630,4,RISE 미국반도체인버스(합성 H),5115,2,5,0.1,5070.0,-14.6912,1247,6,24,2026-08-18 05:45:32
291620,3,KIWOOM 코스닥150선물인버스,4245,2,145,3.54,4259.0,14.6853,90879,378,24,2026-08-18 05:45:32
275750,3,RISE 코스닥150선물인버스,2435,2,90,3.84,2435.0,14.6699,53454,125,22,2026-08-18 05:45:32
334700,5,RISE 팔라듐선물인버스(H),3320,5,-60,-1.78,3348.0,10.4575,199,0,22,2026-08-18 05:45:32
253230,3,KIWOOM 200선물인버스2X,79,2,3,3.95,79.0,-27.6191,4956646,379,21,2026-08-18 05:45:32
253240,3,KIWOOM 200선물인버스,1332,2,23,1.76,1334.0,-5.3507,94963,122,16,2026-08-18 05:45:32
465620,4,ACE 미국빅테크TOP7 Plus인버스(합성),6415,2,185,2.97,6349.0,0.4029,156,0,16,2026-08-18 05:45:32
306520,3,HANARO 200선물인버스,2430,2,30,1.25,2437.0,-3.6145,49367,116,15,2026-08-18 05:45:32
412560,2,TIGER BBIG레버리지,1808,5,-165,-8.36,1809.0,-29.7865,23585,43,13,2026-08-18 05:45:32
253160,3,PLUS 200선물인버스2X,162,2,3,1.89,161.0,-26.7282,1639047,248,11,2026-08-18 05:45:32
397420,6,RISE 국채선물5년추종,50580,3,0,0.0,50426.0,0.3471,0,0,3,2026-08-18 05:45:32
