itemcode,etfTabCode,itemname,nowVal,risefall,changeVal,changeRate,nav,threeMonthEarnRate,quant,amonut,marketSum,collected_at
069500,1,KODEX 200,110050,2,1860,1.72,110306.0,-4.3517,18734085,2042965,258012,2026-08-21 03:37:38
360750,4,TIGER 미국S&P500,26235,5,-435,-1.63,26199.0,-2.8518,28366613,744050,201957,2026-08-21 03:37:38
133690,4,TIGER 미국나스닥100,179212,5,-2973,-1.63,178836.0,-5.431,1221004,218788,112581,2026-08-21 03:37:38
102110,1,TIGER 200,110255,2,1820,1.68,110572.0,-4.053,10866633,1187920,105569,2026-08-21 03:37:38
379800,4,KODEX 미국S&P500,23845,5,-405,-1.67,23814.0,-2.79,15461962,368640,99422,2026-08-21 03:37:38
396500,2,TIGER 반도체TOP10,36385,2,185,0.51,36437.0,-17.1625,8956309,324026,97894,2026-08-21 03:37:38
379810,4,KODEX 미국나스닥100,26790,5,-445,-1.63,26737.0,-5.3947,6117992,163883,91207,2026-08-21 03:37:38
488770,7,KODEX 머니마켓액티브,105307,2,27,0.03,105306.0,0.8477,501958,52859,79305,2026-08-21 03:37:38
278530,1,KODEX 200TR,39830,2,655,1.67,39936.0,-4.1591,753494,29786,78744,2026-08-21 03:37:38
459580,6,KODEX CD금리액티브(합성),1075447,2,82,0.01,1075668.0,0.7327,358906,385984,66164,2026-08-21 03:37:38
498400,2,KODEX 200타겟위클리커버드콜,20800,2,315,1.54,20857.0,-4.4651,4483078,92179,59322,2026-08-21 03:37:38
122630,3,KODEX 레버리지,112260,2,3550,3.27,112742.0,-25.0767,14011513,1545519,58712,2026-08-21 03:37:38
381180,4,TIGER 미국필라델피아반도체나스닥,42695,5,-450,-1.04,42489.0,-3.7598,1017682,43418,57617,2026-08-21 03:37:38
0167A0,2,SOL AI반도체TOP2플러스,17610,5,-160,-0.9,17633.0,0.6798,11108196,194760,56916,2026-08-21 03:37:38
091160,2,KODEX 반도체,126745,5,-325,-0.26,127001.0,-9.8763,1062822,134532,55831,2026-08-21 03:37:38
229200,1,KODEX 코스닥150,13770,5,-845,-5.78,13815.0,-16.9131,17519496,242691,48780,2026-08-21 03:37:38
148020,1,RISE 200,110810,2,1750,1.6,111128.0,-4.16,780742,85747,46706,2026-08-21 03:37:38
310970,1,TIGER MSCI Korea TR,49490,2,890,1.83,49597.0,-3.4949,10910,534,44887,2026-08-21 03:37:38
458730,4,TIGER 미국배당다우존스,15270,5,-195,-1.26,15251.0,1.2633,1438255,21995,42947,2026-08-21 03:37:38
0162Z0,7,RISE 삼성전자SK하이닉스채권혼합50,13705,2,195,1.44,13725.0,3.2282,6179877,84194,42061,2026-08-21 03:37:38
411060,5,ACE KRX금현물,28220,2,70,0.25,28162.0,-5.8056,567680,16004,41568,2026-08-21 03:37:38
395160,2,KODEX AI반도체TOP2플러스,40180,5,-30,-0.07,40226.0,6.6154,4033562,161041,40702,2026-08-21 03:37:38
360200,4,ACE 미국S&P500,26515,5,-450,-1.67,26485.0,-2.787,669667,17778,39295,2026-08-21 03:37:38
381170,4,TIGER 미국테크TOP10 INDXX,30345,5,-505,-1.64,30275.0,-10.2676,170257,5169,37446,2026-08-21 03:37:38
395270,2,HANARO Fn K-반도체,56925,2,20,0.04,57020.0,4.4607,831406,46990,36005,2026-08-21 03:37:38
423160,6,KODEX KOFR금리액티브(합성),110845,2,25,0.02,110836.0,0.6703,42868,4751,35793,2026-08-21 03:37:38
357870,6,TIGER CD금리투자KIS(합성),57945,2,10,0.02,57943.0,0.7477,88205,5110,35512,2026-08-21 03:37:38
367380,4,ACE 미국나스닥100,30810,5,-515,-1.64,30741.0,-5.4512,587748,18114,34230,2026-08-21 03:37:38
102780,2,KODEX 삼성그룹,26290,2,40,0.15,26323.0,3.1839,320790,8314,33993,2026-08-21 03:37:38
273130,6,KODEX 종합채권(AA-이상)액티브,109405,5,-275,-0.25,109565.0,-0.7376,34934,3823,33432,2026-08-21 03:37:38
233740,3,KODEX 코스닥150레버리지,6700,5,-880,-11.61,6721.0,-41.2176,73494070,499913,32991,2026-08-21 03:37:38
455890,6,RISE 머니마켓액티브,55427,2,7,0.01,55431.0,0.8002,108525,6015,30087,2026-08-21 03:37:38
0043B0,6,TIGER 머니마켓액티브,103430,2,15,0.01,103433.0,0.8828,61552,6366,29793,2026-08-21 03:37:38
487240,2,KODEX AI전력핵심설비,33430,5,-1940,-5.48,33482.0,-27.972,1877144,63111,29352,2026-08-21 03:37:38
139260,2,TIGER 200 IT,137355,5,-145,-0.11,137488.0,1.3963,210474,28692,27801,2026-08-21 03:37:38
481050,6,KODEX CD1년금리플러스액티브(합성),1023575,2,110,0.01,1023624.0,0.7769,3908,4000,25668,2026-08-21 03:37:38
0193T0,2,KODEX SK하이닉스단일종목레버리지,10895,2,815,8.09,10934.0,,23780459,253842,25108,2026-08-21 03:37:38
426030,4,TIME 미국나스닥100액티브,45625,5,-625,-1.35,45414.0,-10.6453,436854,19915,24473,2026-08-21 03:37:38
449170,6,TIGER KOFR금리액티브(합성),111665,2,20,0.02,111661.0,0.6581,33923,3787,24376,2026-08-21 03:37:38
472150,2,TIGER 배당커버드콜액티브,21065,2,335,1.62,21104.0,-2.7414,2679447,55917,24176,2026-08-21 03:37:38
278540,1,KODEX MSCI Korea TR,39460,2,800,2.07,39483.0,-2.9497,31479,1232,24110,2026-08-21 03:37:38
161510,2,PLUS 고배당주,24690,2,25,0.1,24694.0,-3.3292,362664,8893,23436,2026-08-21 03:37:38
486290,4,TIGER 미국나스닥100타겟데일리커버드콜,10565,5,-175,-1.63,10538.0,-5.8801,1375031,14526,23195,2026-08-21 03:37:38
456600,4,TIME 글로벌AI인공지능액티브,58005,5,-270,-0.46,57907.0,-4.8572,59896,3467,21381,2026-08-21 03:37:38
292150,2,TIGER 코리아TOP10,38750,2,865,2.28,38790.0,-4.3028,408963,15674,20867,2026-08-21 03:37:38
284430,6,KODEX 200미국채혼합50,21120,2,50,0.24,21141.0,-4.7688,1088634,22879,20630,2026-08-21 03:37:38
385540,6,RISE 종합채권(A-이상)액티브,102520,5,-190,-0.18,102558.0,-0.6529,282,28,19126,2026-08-21 03:37:38
105190,1,ACE 200,110210,2,1810,1.67,110542.0,-4.5354,228754,25074,18570,2026-08-21 03:37:38
294400,1,KIWOOM 200TR,144465,2,2525,1.78,144719.0,-4.2014,67297,9638,18564,2026-08-21 03:37:38
214980,6,KODEX 단기채권PLUS,114555,2,15,0.01,114571.0,0.6524,10275,1176,18409,2026-08-21 03:37:38
442580,4,PLUS 글로벌HBM반도체,103750,2,1785,1.75,103553.0,6.6467,411049,42373,17793,2026-08-21 03:37:38
0193W0,2,KODEX 삼성전자단일종목레버리지,13795,2,810,6.24,13813.0,,8785494,117599,17730,2026-08-21 03:37:38
441640,4,KODEX 미국배당커버드콜액티브,12700,5,-180,-1.4,12661.0,-0.0446,758882,9633,16688,2026-08-21 03:37:38
477080,6,RISE CD금리액티브(합성),107375,2,5,0.0,107383.0,0.7223,5365,576,16657,2026-08-21 03:37:38
305720,2,KODEX 2차전지산업,13780,5,-530,-3.7,13772.0,-19.4937,1341926,18496,15930,2026-08-21 03:37:38
446770,4,ACE 글로벌반도체TOP4 Plus,77650,5,-165,-0.21,77493.0,-2.8748,55465,4289,15646,2026-08-21 03:37:38
152100,1,PLUS 200,111650,2,1835,1.67,111978.0,-4.3174,318998,35359,15631,2026-08-21 03:37:38
0177N0,7,KODEX 삼성전자SK하이닉스채권혼합50,14475,2,185,1.29,14488.0,3.4283,3838829,55222,15590,2026-08-21 03:37:38
368590,4,RISE 미국나스닥100,29890,5,-495,-1.63,29824.0,-5.3759,156137,4665,15363,2026-08-21 03:37:38
329200,2,TIGER 리츠부동산인프라,4075,5,-5,-0.12,4063.0,-0.221,1262209,5141,15336,2026-08-21 03:37:38
0195S0,2,TIGER SK하이닉스단일종목레버리지,9225,2,690,8.08,9250.0,,11303363,102335,15267,2026-08-21 03:37:38
453850,6,ACE 미국30년국채액티브(H),7145,5,-60,-0.83,7151.0,0.5947,454610,3247,15005,2026-08-21 03:37:38
487230,4,KODEX 미국AI전력핵심인프라,19535,5,-625,-3.1,19489.0,-19.6365,604422,11800,14720,2026-08-21 03:37:38
379780,4,RISE 미국S&P500,22940,5,-385,-1.65,22902.0,-2.7156,148009,3399,14705,2026-08-21 03:37:38
466920,2,SOL 조선TOP3플러스,27265,5,-1030,-3.64,27290.0,-21.1619,528136,14401,14519,2026-08-21 03:37:38
475630,7,TIGER CD1년금리액티브(합성),1075110,2,125,0.01,1075109.0,0.7847,21337,22939,14490,2026-08-21 03:37:38
091230,2,TIGER 반도체,134200,5,-500,-0.37,134324.0,-8.1768,86338,11537,13662,2026-08-21 03:37:38
436140,6,SOL 종합채권(AA-이상)액티브,105845,5,-195,-0.18,105852.0,-0.6046,2684,284,13566,2026-08-21 03:37:38
232080,1,TIGER 코스닥150,14035,5,-865,-5.81,14073.0,-17.0148,2775848,39189,13044,2026-08-21 03:37:38
157450,6,TIGER 단기통안채,112465,5,-5,0.0,112473.0,0.6442,3132,352,13029,2026-08-21 03:37:38
448330,1,KODEX 삼성전자채권혼합,17715,2,170,0.97,17704.0,2.5671,556313,9791,12932,2026-08-21 03:37:38
390390,4,KODEX 미국반도체,53195,5,-615,-1.14,52946.0,-4.3706,263612,14005,12687,2026-08-21 03:37:38
226490,1,KODEX 코스피,71085,2,600,0.85,71099.0,-4.9294,929565,65776,12475,2026-08-21 03:37:38
0072R0,5,TIGER KRX금현물,13465,2,35,0.26,13458.0,-6.0182,396867,5336,12462,2026-08-21 03:37:38
438080,7,ACE 미국S&P500미국채혼합50액티브,14045,5,-175,-1.23,14040.0,-4.7237,336309,4733,12261,2026-08-21 03:37:38
0183J0,4,TIGER 미국우주테크,8045,5,-390,-4.62,8016.0,-37.978,1188234,9541,11782,2026-08-21 03:37:38
469150,2,ACE AI반도체TOP3+,57800,5,-700,-1.2,57916.0,-11.3637,300637,17306,11213,2026-08-21 03:37:38
494890,1,KODEX 200액티브,31705,2,485,1.55,31793.0,-4.4283,274142,8587,10970,2026-08-21 03:37:38
445290,2,KODEX 로봇액티브,31225,5,-675,-2.12,31278.0,-11.0707,215472,6664,10866,2026-08-21 03:37:38
497570,4,TIGER 미국필라델피아AI반도체나스닥,21435,5,-215,-0.99,21331.0,-1.9857,440869,9437,10857,2026-08-21 03:37:38
0139F0,6,TIGER 12월자동연장금융채(AA-이상)액티브,102060,2,15,0.01,102055.0,0.7503,4,0,10796,2026-08-21 03:37:38
0195R0,2,TIGER 삼성전자단일종목레버리지,12545,2,740,6.27,12556.0,,6267484,76327,10622,2026-08-21 03:37:38
446720,4,SOL 미국배당다우존스,13992,5,-188,-1.33,13979.0,1.3437,373428,5230,10494,2026-08-21 03:37:38
465580,4,ACE 미국빅테크TOP7 Plus,23920,5,-505,-2.07,23859.0,-5.2744,227527,5443,10417,2026-08-21 03:37:38
479520,6,RISE KOFR금리액티브(합성),106280,3,0,0.0,106290.0,0.6725,5476,582,10317,2026-08-21 03:37:38
494310,2,KODEX 반도체레버리지,77090,5,-585,-0.75,77544.0,-38.6551,2149587,165273,10214,2026-08-21 03:37:38
449450,2,PLUS K방산,52340,5,-3610,-6.45,52356.0,-16.9759,257160,13567,10201,2026-08-21 03:37:38
295040,1,SOL 200TR,41305,2,735,1.81,41348.0,-4.2596,51496,2097,10161,2026-08-21 03:37:38
449180,4,KODEX 미국S&P500(H),17075,5,-160,-0.93,17054.0,4.5478,373306,6373,10108,2026-08-21 03:37:38
469830,6,SOL 초단기채권액티브,54325,3,0,0.0,54330.0,0.8446,114255,6207,10086,2026-08-21 03:37:38
356540,6,ACE 종합채권(AA-이상)액티브,100880,5,-210,-0.21,100870.0,-0.502,15,1,10085,2026-08-21 03:37:38
237350,1,KODEX 코스피100,87965,2,1315,1.52,88100.0,-3.9739,143899,12532,9984,2026-08-21 03:37:38
315930,2,KODEX Top5PlusTR,82415,2,1915,2.38,82404.0,-4.0525,43489,3539,9972,2026-08-21 03:37:38
451540,6,TIGER 종합채권(AA-이상)액티브,52610,5,-100,-0.19,52634.0,-0.6597,1496,78,9819,2026-08-21 03:37:38
402970,4,ACE 미국배당다우존스,15525,5,-190,-1.21,15498.0,1.3775,217249,3373,9719,2026-08-21 03:37:38
495050,1,RISE 코리아밸류업,32540,2,180,0.56,32568.0,-4.4898,67000,2162,9681,2026-08-21 03:37:38
494300,4,KODEX 미국나스닥100데일리커버드콜OTM,9130,5,-160,-1.72,9099.0,-8.6186,1191339,10871,9678,2026-08-21 03:37:38
479080,6,1Q 머니마켓액티브,53720,2,10,0.02,53715.0,0.8638,24707,1327,9630,2026-08-21 03:37:38
455850,2,SOL AI반도체소부장,22650,5,-1475,-6.11,22703.0,-14.873,991733,22796,9581,2026-08-21 03:37:38
438100,7,ACE 미국나스닥100미국채혼합50액티브,15180,5,-185,-1.2,15161.0,-5.9094,173065,2628,9290,2026-08-21 03:37:38
0117V0,2,TIGER 코리아AI전력기기TOP3플러스,17440,5,-895,-4.88,17456.0,-25.849,1180951,20653,9287,2026-08-21 03:37:38
0117L0,6,KODEX 26-12 금융채(AA-이상)액티브,10145,5,-5,-0.05,10149.0,0.6445,5787,58,9215,2026-08-21 03:37:38
487340,6,ACE 머니마켓액티브,105765,2,20,0.02,105763.0,0.8776,3088,326,8658,2026-08-21 03:37:38
305540,2,TIGER 2차전지테마,17390,5,-700,-3.87,17392.0,-18.6418,208525,3630,8556,2026-08-21 03:37:38
475720,3,RISE 200위클리커버드콜,12885,2,135,1.06,12880.0,-6.4075,344379,4405,8298,2026-08-21 03:37:38
144600,5,KODEX 은선물(H),11200,2,275,2.52,11221.0,-11.1428,694190,7722,8266,2026-08-21 03:37:38
0177R0,2,TIGER 반도체TOP10커버드콜액티브,11330,5,-20,-0.18,11351.0,-5.0185,1098075,12393,8248,2026-08-21 03:37:38
153130,6,KODEX 단기채권,113225,2,5,0.0,113222.0,0.6379,4844,548,8027,2026-08-21 03:37:38
441800,1,TIME Korea플러스배당액티브,29020,2,345,1.2,29053.0,-9.9288,131818,3787,7957,2026-08-21 03:37:38
498410,2,KODEX 금융고배당TOP10타겟위클리커버드콜,11450,2,90,0.79,11463.0,-0.8126,1328848,15079,7878,2026-08-21 03:37:38
476550,6,TIGER 미국30년국채커버드콜액티브(H),6835,5,-50,-0.73,6838.0,0.4215,961523,6570,7799,2026-08-21 03:37:38
0025N0,7,TIGER TDF2045 적격,11985,5,-140,-1.15,11968.0,-2.6105,234301,2807,7742,2026-08-21 03:37:38
0048J0,6,KODEX 미국머니마켓액티브,13845,5,-95,-0.68,13841.0,-6.6876,464420,6436,7713,2026-08-21 03:37:38
069660,1,KIWOOM 200,110160,2,1925,1.78,110270.0,-4.1706,44010,4777,7711,2026-08-21 03:37:38
371460,4,TIGER 차이나전기차SOLACTIVE,10555,2,15,0.14,10620.0,-24.4716,66980,701,7667,2026-08-21 03:37:38
481060,6,KODEX 미국30년국채타겟커버드콜(합성 H),7405,5,-35,-0.47,7441.0,0.5708,253001,1873,7653,2026-08-21 03:37:38
490590,4,RISE 미국AI밸류체인데일리고정커버드콜,14230,5,-105,-0.73,14184.0,-4.862,293534,4171,7642,2026-08-21 03:37:38
114800,3,KODEX 인버스,1004,5,-17,-1.67,1003.0,-12.8096,866336033,878714,7631,2026-08-21 03:37:38
466940,2,TIGER 은행고배당플러스TOP10,25480,2,335,1.33,25523.0,3.5403,568235,14324,7619,2026-08-21 03:37:38
457480,4,ACE 테슬라밸류체인액티브,18485,5,-140,-0.75,18382.0,-20.6096,466321,8539,7616,2026-08-21 03:37:38
0061Z0,6,RISE 단기특수은행채액티브,50965,2,5,0.01,50959.0,0.7512,294,14,7280,2026-08-21 03:37:38
272580,6,TIGER 단기채권액티브,57055,2,5,0.01,57055.0,0.6616,15046,858,7197,2026-08-21 03:37:38
458760,4,TIGER 미국배당다우존스타겟커버드콜2호,11290,5,-85,-0.75,11296.0,1.7683,272468,3076,7147,2026-08-21 03:37:38
102970,2,KODEX 증권,18205,5,-440,-2.36,18238.0,-25.9256,582348,10603,7100,2026-08-21 03:37:38
495850,1,KODEX 코리아밸류업,32320,2,280,0.87,32352.0,-5.0515,58341,1867,6852,2026-08-21 03:37:38
456610,6,TIGER 미국달러SOFR금리액티브(합성),59975,5,-435,-0.72,59992.0,-6.6018,17358,1042,6807,2026-08-21 03:37:38
385560,6,RISE KIS국고채30년Enhanced,50455,5,-270,-0.53,50473.0,-9.565,16799,845,6791,2026-08-21 03:37:38
0167B0,2,SOL 200타겟위클리커버드콜,12105,2,185,1.55,12113.0,-4.5084,811123,9730,6791,2026-08-21 03:37:38
0127P0,4,ACE 미국대형성장주액티브,10520,5,-140,-1.31,10493.0,-5.4032,27241,286,6775,2026-08-21 03:37:38
290130,2,RISE ESG사회책임투자,47965,2,690,1.46,47917.0,-2.5961,53993,2560,6763,2026-08-21 03:37:38
252670,3,KODEX 200선물인버스2X,74,5,-2,-2.63,74.0,-39.2,7228422741,549399,6755,2026-08-21 03:37:38
367760,2,RISE 네트워크인프라,57420,5,-560,-0.97,57435.0,-1.8038,114021,6509,6747,2026-08-21 03:37:38
138540,2,TIGER 현대차그룹플러스,51315,5,-565,-1.09,51305.0,-17.5134,82271,4183,6702,2026-08-21 03:37:38
314250,4,KODEX 미국빅테크10(H),61470,5,-380,-0.61,61331.0,7.2702,27070,1661,6504,2026-08-21 03:37:38
462330,2,KODEX 2차전지산업레버리지,927,5,-75,-7.49,926.0,-44.2094,40601983,37699,6494,2026-08-21 03:37:38
364980,2,TIGER 2차전지TOP10,9610,5,-325,-3.27,9614.0,-15.4828,921867,8849,6444,2026-08-21 03:37:38
434730,2,HANARO 원자력iSelect,54185,5,-2320,-4.11,54187.0,-22.7124,78520,4273,6394,2026-08-21 03:37:38
482730,4,TIGER 미국S&P500타겟데일리커버드콜,11860,5,-210,-1.74,11844.0,-2.896,385517,4578,6387,2026-08-21 03:37:38
434060,7,KODEX TDF2050액티브 적격,16865,5,-185,-1.09,16759.0,-4.3338,83096,1401,6308,2026-08-21 03:37:38
491010,4,TIGER 글로벌AI전력인프라액티브,25015,5,-415,-1.63,24935.0,-17.609,57150,1430,6301,2026-08-21 03:37:38
418660,4,TIGER 미국나스닥100레버리지(합성),39610,5,-1345,-3.28,39433.0,-12.8339,237444,9410,6278,2026-08-21 03:37:38
329750,6,TIGER 미국달러단기채권액티브,13070,5,-90,-0.68,13069.0,-6.8978,158954,2079,6190,2026-08-21 03:37:38
0148J0,2,TIGER 코리아휴머노이드로봇산업,9140,5,-445,-4.64,9157.0,-17.5484,2494910,22593,6133,2026-08-21 03:37:38
0219E0,2,KODEX 200커버드콜액티브,8675,2,105,1.23,8690.0,,3580854,30743,6125,2026-08-21 03:37:38
0015B0,4,KoAct 미국나스닥성장기업액티브,18260,5,-305,-1.64,18209.0,-16.0715,227989,4158,5980,2026-08-21 03:37:38
484790,6,KODEX 미국30년국채액티브(H),8245,5,-65,-0.78,8256.0,0.93,380853,3142,5972,2026-08-21 03:37:38
489250,4,KODEX 미국배당다우존스,13142,5,-153,-1.15,13116.0,1.2481,711311,9344,5966,2026-08-21 03:37:38
251600,7,PLUS 고배당주채권혼합,15275,5,-30,-0.2,15297.0,-0.5324,113986,1736,5896,2026-08-21 03:37:38
488080,3,TIGER 반도체TOP10레버리지,34760,5,-240,-0.69,34903.0,-48.6992,5051395,173857,5892,2026-08-21 03:37:38
371160,4,TIGER 차이나항셍테크,7135,5,-90,-1.25,7135.0,-9.675,134008,955,5826,2026-08-21 03:37:38
423920,4,TIGER 미국필라델피아반도체레버리지(합성),83965,5,-2095,-2.43,83020.0,-17.8736,43477,3634,5752,2026-08-21 03:37:38
0101N0,2,RISE AI전력인프라,18190,5,-1000,-5.21,18203.0,-20.1249,180613,3302,5730,2026-08-21 03:37:38
466950,4,TIGER 글로벌AI액티브,30550,5,-280,-0.91,30452.0,-12.9342,32430,988,5725,2026-08-21 03:37:38
396520,4,TIGER 차이나반도체FACTSET,13835,2,95,0.69,13847.0,-14.2858,232326,3212,5711,2026-08-21 03:37:38
449190,4,KODEX 미국나스닥100(H),22035,5,-215,-0.97,21986.0,1.8142,140059,3084,5619,2026-08-21 03:37:38
0019K0,7,TIME 미국나스닥100채권혼합50액티브,13220,5,-105,-0.79,13194.0,-3.3721,263466,3477,5585,2026-08-21 03:37:38
494670,2,TIGER 조선TOP10,21605,5,-700,-3.14,21604.0,-20.8201,306533,6608,5574,2026-08-21 03:37:38
477050,6,PLUS 머니마켓액티브,53475,3,0,0.0,53478.0,0.8581,4278,228,5555,2026-08-21 03:37:38
0007F0,6,KODEX 27-12 회사채(AA-이상)액티브,10185,2,10,0.1,10184.0,0.6429,27965,284,5547,2026-08-21 03:37:38
491620,4,RISE 미국테크100데일리고정커버드콜,10590,5,-195,-1.81,10568.0,-3.9852,536701,5687,5417,2026-08-21 03:37:38
455030,6,KODEX 미국달러SOFR금리액티브(합성),11905,5,-80,-0.67,11889.0,-6.5457,79119,942,5406,2026-08-21 03:37:38
438330,6,TIGER 우량회사채액티브,115480,5,-125,-0.11,115627.0,0.8461,1830,211,5369,2026-08-21 03:37:38
365780,6,ACE 국고채10년,82165,5,-295,-0.36,82219.0,0.2248,5173,425,5299,2026-08-21 03:37:38
0105E0,2,SOL 코리아고배당,12760,3,0,0.0,12756.0,-2.7398,367634,4653,5295,2026-08-21 03:37:38
315960,2,RISE 대형고배당10TR,79480,2,2220,2.87,79499.0,-6.4649,52824,4133,5246,2026-08-21 03:37:38
444200,2,SOL 코리아메가테크액티브,45970,5,-580,-1.25,46016.0,-10.7982,23767,1084,5218,2026-08-21 03:37:38
496080,1,TIGER 코리아밸류업,32405,2,255,0.79,32432.0,-4.7832,74142,2375,5217,2026-08-21 03:37:38
0190C0,2,RISE 현대차고정피지컬AI,8600,5,-160,-1.83,8602.0,-17.553,682213,5795,5194,2026-08-21 03:37:38
0091P0,2,TIGER 코리아원자력,15220,5,-645,-4.07,15222.0,-23.579,518378,7952,5160,2026-08-21 03:37:38
277630,1,TIGER 코스피,72135,2,540,0.75,72125.0,-4.5836,315991,22708,5158,2026-08-21 03:37:38
114260,6,KODEX 국고채3년,61780,5,-45,-0.07,61785.0,0.9717,15012,927,5114,2026-08-21 03:37:38
463250,2,TIGER K방산&우주,33675,5,-2475,-6.85,33696.0,-15.7343,316892,10799,5085,2026-08-21 03:37:38
243880,2,TIGER 200IT레버리지,331860,5,-4620,-1.37,333107.0,-25.5576,135496,44378,5061,2026-08-21 03:37:38
251350,4,KODEX MSCI선진국,39190,5,-530,-1.33,39107.0,-1.9767,14672,575,5016,2026-08-21 03:37:38
361580,1,RISE 200TR,62615,2,1075,1.75,62677.0,-4.3073,10997,677,4978,2026-08-21 03:37:38
435420,7,TIGER 미국나스닥100채권혼합50,14000,5,-120,-0.85,13978.0,-2.1716,109776,1537,4935,2026-08-21 03:37:38
462010,2,TIGER 2차전지소재Fn,4510,5,-245,-5.15,4509.0,-27.238,1321062,5983,4889,2026-08-21 03:37:38
476800,7,KODEX 한국부동산리츠인프라,4200,5,-20,-0.47,4204.0,-3.7216,244733,1028,4805,2026-08-21 03:37:38
499660,7,TIGER CD금리플러스액티브(합성),1002085,2,85,0.01,1002087.0,0.7805,9157,9176,4796,2026-08-21 03:37:38
490490,7,SOL 미국배당미국채혼합50,11185,5,-140,-1.24,11183.0,-2.5425,154215,1728,4754,2026-08-21 03:37:38
471230,6,KODEX 국고채10년액티브,103500,5,-405,-0.39,103486.0,0.2363,9234,955,4671,2026-08-21 03:37:38
0162M0,6,KODEX 금융채1~2년(AA-이상)PLUS액티브,10070,3,0,0.0,10067.0,0.9018,12074,121,4654,2026-08-21 03:37:38
448290,4,TIGER 미국S&P500(H),17705,5,-165,-0.92,17685.0,4.3795,57980,1026,4577,2026-08-21 03:37:38
483280,4,KODEX 미국AI테크TOP10타겟커버드콜,11525,5,-195,-1.66,11526.0,-9.8972,79934,923,4552,2026-08-21 03:37:38
293180,1,HANARO 200,110370,2,1940,1.79,110583.0,-4.2209,50200,5483,4525,2026-08-21 03:37:38
473290,6,KODEX 26-12 회사채(AA-이상)액티브,10870,3,0,0.0,10875.0,0.6015,30536,331,4510,2026-08-21 03:37:38
451000,6,PLUS 종합채권(AA-이상)액티브,107055,3,0,0.0,106884.0,-0.5481,0,0,4508,2026-08-21 03:37:38
451060,1,1Q 200액티브,35235,2,575,1.66,35332.0,-4.9155,26701,931,4440,2026-08-21 03:37:38
0163Y0,1,KoAct 코스닥액티브,8535,5,-505,-5.59,8542.0,-23.0639,645180,5534,4391,2026-08-21 03:37:38
447770,7,TIGER 테슬라채권혼합Fn,13655,5,-80,-0.58,13646.0,-5.0743,47449,648,4370,2026-08-21 03:37:38
0016X0,6,SOL 중단기회사채(A-이상)액티브,51445,5,-10,-0.02,51446.0,0.9119,465,23,4269,2026-08-21 03:37:38
148070,6,KIWOOM 국고채10년,104155,5,-385,-0.37,104209.0,0.2204,13823,1440,4218,2026-08-21 03:37:38
474220,4,TIGER 미국테크TOP10타겟커버드콜,14720,5,-215,-1.44,14692.0,-8.209,44879,661,4158,2026-08-21 03:37:38
091180,2,KODEX 자동차,29010,5,-325,-1.11,29025.0,-12.6278,115356,3311,4119,2026-08-21 03:37:38
0023A0,4,SOL 미국양자컴퓨팅TOP10,24280,5,-985,-3.9,24240.0,-15.6569,142959,3474,4055,2026-08-21 03:37:38
480260,6,TIGER 27-04회사채(A+이상)액티브,53770,5,-10,-0.02,53777.0,0.6456,1606,86,4051,2026-08-21 03:37:38
385720,1,TIME 코스피액티브,25785,2,465,1.84,25778.0,-6.7747,50514,1284,3997,2026-08-21 03:37:38
0173Y0,4,KODEX 미국AI광통신네트워크,11230,5,-150,-1.32,11212.0,-19.2484,516898,5788,3964,2026-08-21 03:37:38
0060H0,1,TIGER 토탈월드스탁액티브,12750,5,-85,-0.66,12742.0,-2.383,56637,721,3953,2026-08-21 03:37:38
241180,4,TIGER 일본니케이225,34520,5,-520,-1.48,34680.0,3.592,12682,437,3921,2026-08-21 03:37:38
426020,4,TIME 미국S&P500액티브,31565,5,-640,-1.99,31549.0,-5.0281,95262,3008,3889,2026-08-21 03:37:38
0131V0,4,1Q 미국우주항공테크,11770,5,-440,-3.6,11745.0,-14.3158,45422,533,3855,2026-08-21 03:37:38
458250,6,TIGER 미국30년국채스트립액티브(합성 H),34220,5,-400,-1.16,34374.0,-0.3598,39858,1365,3820,2026-08-21 03:37:38
469070,2,RISE AI&로봇,11230,5,-390,-3.36,11237.0,-16.4029,261888,2926,3751,2026-08-21 03:37:38
439870,6,KODEX 국고채30년액티브,85510,5,-560,-0.65,85502.0,-7.2622,3355,286,3713,2026-08-21 03:37:38
496020,6,WON 전단채플러스액티브,52410,5,-5,-0.01,52417.0,0.9242,620,32,3712,2026-08-21 03:37:38
471990,2,KODEX AI반도체핵심장비,22460,5,-1515,-6.32,22498.0,-13.9645,807410,18510,3706,2026-08-21 03:37:38
462900,2,KoAct 바이오헬스케어액티브,14075,5,-1025,-6.79,14077.0,-12.5145,648496,9166,3702,2026-08-21 03:37:38
0167Z0,4,KODEX 미국우주항공,8160,5,-365,-4.28,8108.0,-32.2667,211921,1726,3696,2026-08-21 03:37:38
484880,2,SOL 금융지주플러스고배당,21635,2,355,1.67,21659.0,3.1809,306091,6541,3635,2026-08-21 03:37:38
132030,5,KODEX 골드선물(H),25455,2,195,0.77,25457.0,-0.237,58598,1489,3615,2026-08-21 03:37:38
439860,6,KODEX ESG종합채권(A-이상)액티브,113565,5,-40,-0.04,113640.0,0.611,6,0,3614,2026-08-21 03:37:38
310960,1,TIGER 200TR,64260,2,1220,1.94,64378.0,-4.651,24071,1519,3599,2026-08-21 03:37:38
0040Y0,7,SOL 팔란티어커버드콜OTM채권혼합,8175,5,-35,-0.43,8142.0,0.7068,218907,1785,3564,2026-08-21 03:37:38
0043Y0,4,TIME 차이나AI테크액티브,20045,5,-95,-0.47,20138.0,-4.8205,69950,1402,3548,2026-08-21 03:37:38
476760,6,ACE 미국30년국채액티브,8920,5,-150,-1.65,8925.0,-6.9002,504800,4512,3523,2026-08-21 03:37:38
453810,4,KODEX 인도Nifty50,11765,5,-105,-0.88,11813.0,-3.8041,46762,551,3471,2026-08-21 03:37:38
448300,4,TIGER 미국나스닥100(H),22750,5,-225,-0.98,22704.0,1.8011,55673,1266,3458,2026-08-21 03:37:38
385550,6,RISE 단기채권알파액티브,114060,2,15,0.01,114056.0,0.6975,599,68,3443,2026-08-21 03:37:38
0144L0,4,KODEX 미국성장커버드콜액티브,9570,5,-145,-1.49,9513.0,-6.2037,190868,1821,3436,2026-08-21 03:37:38
0182R0,2,1Q K반도체TOP2+,10620,2,5,0.05,10629.0,-16.9081,2448992,25825,3436,2026-08-21 03:37:38
0046A0,6,TIGER 미국초단기(3개월이하)국채,9570,5,-70,-0.73,9576.0,-6.9904,521257,4996,3416,2026-08-21 03:37:38
0080G0,2,KODEX 방산TOP10,10220,5,-735,-6.71,10228.0,-14.6973,1384401,14269,3413,2026-08-21 03:37:38
474590,2,WON 반도체밸류체인액티브,42795,5,-1015,-2.32,42885.0,0.3665,42126,1803,3381,2026-08-21 03:37:38
0026S0,4,1Q 미국S&P500,12830,5,-215,-1.65,12817.0,-2.9766,101414,1303,3361,2026-08-21 03:37:38
279530,2,KODEX 고배당주,17225,5,-15,-0.09,17216.0,-0.6125,135987,2332,3359,2026-08-21 03:37:38
456880,7,ACE 미국달러SOFR금리(합성),12140,5,-90,-0.74,12145.0,-6.6769,49673,603,3348,2026-08-21 03:37:38
0052D0,2,TIGER 코리아배당다우존스,15110,5,-20,-0.13,15119.0,-3.0428,63527,953,3347,2026-08-21 03:37:38
442570,7,RISE TDF2050액티브 적격,17445,5,-175,-0.99,17307.0,-1.905,96996,1689,3341,2026-08-21 03:37:38
472170,7,TIGER 미국테크TOP10채권혼합,13800,5,-110,-0.79,13769.0,-4.7913,48815,673,3333,2026-08-21 03:37:38
448630,7,RISE 삼성그룹Top3채권혼합,15350,5,-65,-0.42,15368.0,3.1448,123444,1889,3270,2026-08-21 03:37:38
0052S0,7,1Q 미국S&P500미국채혼합50액티브,11565,5,-135,-1.15,11555.0,-4.9005,153394,1777,3227,2026-08-21 03:37:38
0210A0,2,ACE K반도체TOP2+,7175,5,-95,-1.31,7186.0,,1807392,12931,3135,2026-08-21 03:37:38
270810,1,RISE 코스닥150,13715,5,-835,-5.74,13733.0,-16.7859,114422,1577,3124,2026-08-21 03:37:38
385510,2,KODEX 신재생에너지액티브,36400,5,-2455,-6.32,36424.0,-19.6962,75867,2766,3058,2026-08-21 03:37:38
0111P0,7,1Q 미국나스닥100미국채혼합50액티브,10760,5,-155,-1.42,10760.0,-5.9331,185801,2002,3013,2026-08-21 03:37:38
0228G0,2,ACE 반도체Plus전략산업,10360,5,-15,-0.14,10383.0,,575321,5919,3004,2026-08-21 03:37:38
0008S0,4,TIGER 미국배당다우존스타겟데일리커버드콜,10150,5,-110,-1.07,10117.0,1.0502,224955,2283,2954,2026-08-21 03:37:38
190620,6,ACE 단기통안채,101925,2,5,0.0,101935.0,0.6716,7225,736,2951,2026-08-21 03:37:38
485540,4,KODEX 미국AI테크TOP10,14825,5,-210,-1.4,14777.0,-10.0914,71434,1059,2943,2026-08-21 03:37:38
489030,2,PLUS 고배당주위클리커버드콜,6345,5,-30,-0.47,6323.0,-9.0016,239044,1515,2916,2026-08-21 03:37:38
453870,4,TIGER 인도니프티50,11595,5,-50,-0.43,11590.0,-4.39,23125,268,2905,2026-08-21 03:37:38
433330,4,SOL 미국S&P500,21915,5,-360,-1.62,21895.0,-2.9632,35208,773,2893,2026-08-21 03:37:38
454780,6,KIWOOM 종합채권(AA-이상)액티브,99215,5,-135,-0.14,99212.0,-0.8533,6,0,2892,2026-08-21 03:37:38
483320,4,ACE 엔비디아밸류체인액티브,24470,5,-130,-0.53,24415.0,-3.0351,244819,5988,2887,2026-08-21 03:37:38
475080,7,KODEX 테슬라커버드콜채권혼합액티브,7905,5,-20,-0.25,7883.0,-4.6868,50631,399,2873,2026-08-21 03:37:38
136340,6,RISE 중기우량회사채,104235,5,-85,-0.08,104275.0,0.727,30,3,2869,2026-08-21 03:37:38
302450,1,RISE 코스피,71650,2,900,1.27,71668.0,-5.5282,314164,22432,2866,2026-08-21 03:37:38
0038A0,4,KODEX 미국휴머노이드로봇,14950,5,-355,-2.32,14877.0,-13.7646,67303,1004,2848,2026-08-21 03:37:38
441680,7,TIGER 미국나스닥100커버드콜(합성),10760,5,-115,-1.06,10781.0,-2.4925,50525,544,2830,2026-08-21 03:37:38
461490,7,RISE 글로벌자산배분액티브,14690,5,-90,-0.61,14698.0,-1.9569,26918,395,2828,2026-08-21 03:37:38
364970,2,TIGER 바이오TOP10,7625,5,-295,-3.72,7637.0,10.2296,647548,4943,2821,2026-08-21 03:37:38
481190,4,SOL 미국테크TOP10,16470,5,-275,-1.64,16434.0,-10.1181,40108,661,2816,2026-08-21 03:37:38
273140,6,KODEX 단기변동금리부채권액티브,114590,3,0,0.0,114594.0,0.4765,2620,300,2804,2026-08-21 03:37:38
473330,6,SOL 미국30년국채커버드콜(합성),8025,5,-120,-1.47,8052.0,-7.0773,242319,1946,2801,2026-08-21 03:37:38
475300,2,SOL 반도체전공정,20095,5,-1210,-5.68,20147.0,-4.4619,1100021,22484,2783,2026-08-21 03:37:38
0094K0,6,TIGER 28-04 회사채(A+이상)액티브,99595,5,-75,-0.08,99586.0,0.9367,11044,1099,2769,2026-08-21 03:37:38
123320,3,TIGER 레버리지,113215,2,3660,3.34,113444.0,-24.4579,149557,16623,2717,2026-08-21 03:37:38
091170,2,KODEX 은행,15575,2,270,1.76,15614.0,5.8349,800703,12338,2710,2026-08-21 03:37:38
307520,2,TIGER 지주회사,21250,5,-415,-1.92,21247.0,-8.2447,152693,3232,2709,2026-08-21 03:37:38
0119H0,6,KODEX 28-12 회사채(AA-이상)액티브,9930,2,5,0.05,9925.0,0.7102,10093,100,2699,2026-08-21 03:37:38
213610,2,KODEX 삼성그룹밸류,22550,2,120,0.53,22566.0,3.531,8538,190,2683,2026-08-21 03:37:38
497880,6,SOL CD금리&머니마켓액티브,50140,2,5,0.01,50143.0,0.8524,57760,2896,2674,2026-08-21 03:37:38
196230,6,RISE 단기통안채,116825,2,10,0.01,116875.0,0.5855,526,61,2645,2026-08-21 03:37:38
471780,2,TIGER 코리아테크액티브,34445,5,-650,-1.85,34493.0,-7.5475,47867,1647,2638,2026-08-21 03:37:38
423170,4,SOL 글로벌AI반도체탑픽액티브,58180,2,560,0.97,58051.0,-1.0136,16039,926,2630,2026-08-21 03:37:38
471040,4,KoAct 글로벌AI&로봇액티브,28190,5,-540,-1.88,28144.0,-12.9394,12985,364,2579,2026-08-21 03:37:38
0053L0,4,TIGER 차이나휴머노이드로봇,9825,2,5,0.05,9825.0,-26.6843,411487,4002,2569,2026-08-21 03:37:38
283580,4,KODEX 차이나CSI300,15325,2,10,0.07,15352.0,-10.49,30254,462,2552,2026-08-21 03:37:38
409820,4,KODEX 미국나스닥100레버리지(합성 H),19690,5,-375,-1.87,19630.0,1.3639,64781,1272,2540,2026-08-21 03:37:38
478150,4,TIME 글로벌우주테크&방산액티브,19990,5,-835,-4.01,19948.0,-9.2593,26101,524,2539,2026-08-21 03:37:38
0098F0,2,KODEX 원자력SMR,14485,5,-545,-3.63,14501.0,-20.8948,199612,2903,2528,2026-08-21 03:37:38
0183V0,7,KIWOOM 삼성전자&SK하이닉스채권혼합50,12025,2,180,1.52,12037.0,3.329,757905,9045,2525,2026-08-21 03:37:38
472920,6,HK 종합채권(AA-이상)액티브,97805,5,-20,-0.02,97695.0,-0.5339,10,0,2522,2026-08-21 03:37:38
495230,1,KoAct 코리아밸류업액티브,31250,2,140,0.45,31277.0,-8.8126,15960,494,2516,2026-08-21 03:37:38
0162Y0,1,TIME 코스닥액티브,7100,5,-520,-6.82,7106.0,-24.2545,377484,2704,2499,2026-08-21 03:37:38
483340,4,ACE 구글밸류체인액티브,21895,5,-235,-1.06,21812.0,-10.1138,337914,7386,2474,2026-08-21 03:37:38
421320,2,PLUS 우주항공,26685,5,-1985,-6.92,26709.0,-32.5412,108345,2926,2468,2026-08-21 03:37:38
139230,2,TIGER 200 중공업,12425,5,-455,-3.53,12432.0,-22.9854,48518,603,2443,2026-08-21 03:37:38
261260,7,KODEX 미국달러선물인버스2X,5325,2,80,1.53,5325.0,16.1683,343823,1825,2431,2026-08-21 03:37:38
0182S0,7,1Q K반도체TOP2채권혼합50,12690,2,195,1.56,12712.0,1.4616,262053,3301,2392,2026-08-21 03:37:38
363580,2,KODEX 200IT TR,55415,5,-235,-0.42,55416.0,2.9126,64530,3548,2383,2026-08-21 03:37:38
388420,2,RISE 비메모리반도체액티브,26365,5,-725,-2.68,26375.0,-14.83,41421,1093,2352,2026-08-21 03:37:38
363570,6,KODEX 장기종합채권(AA-이상)액티브,85630,5,-400,-0.46,85687.0,-2.3718,28,2,2349,2026-08-21 03:37:38
245710,4,ACE 베트남VN30(합성),27950,5,-230,-0.82,28149.0,-11.5645,2949,82,2348,2026-08-21 03:37:38
493810,4,TIGER 미국AI빅테크10타겟데일리커버드콜,11230,5,-185,-1.62,11201.0,-8.0677,57085,641,2347,2026-08-21 03:37:38
228790,2,TIGER 화장품,4525,5,-35,-0.77,4531.0,27.5524,3552812,16041,2324,2026-08-21 03:37:38
448540,7,ACE 엔비디아채권혼합,26390,5,-110,-0.42,26356.0,-2.3942,7258,191,2322,2026-08-21 03:37:38
472160,4,TIGER 미국테크TOP10 INDXX(H),18475,5,-155,-0.83,18420.0,-3.6712,25350,467,2319,2026-08-21 03:37:38
329650,7,KODEX TRF3070,14025,5,-115,-0.81,14086.0,-1.3923,47195,662,2314,2026-08-21 03:37:38
488980,6,SOL 26-12 회사채(AA-이상)액티브,52080,2,5,0.01,52087.0,0.6863,346,18,2305,2026-08-21 03:37:38
157500,2,TIGER 증권,12385,5,-270,-2.13,12400.0,-25.5441,399039,4941,2296,2026-08-21 03:37:38
437080,6,KODEX 미국종합채권ESG액티브(H),97125,5,-375,-0.38,97147.0,0.4619,2434,236,2287,2026-08-21 03:37:38
486450,4,SOL 미국AI전력인프라,19630,5,-555,-2.75,19616.0,-13.0707,64637,1269,2277,2026-08-21 03:37:38
0092C0,6,SOL 27-12 회사채(AA-이상)액티브,50235,3,0,0.0,50249.0,0.7723,0,0,2276,2026-08-21 03:37:38
452360,4,SOL 미국배당다우존스(H),13650,5,-80,-0.58,13626.0,9.3818,131527,1795,2266,2026-08-21 03:37:38
458260,6,TIGER 미국투자등급회사채액티브(H),46385,5,-225,-0.48,46348.0,0.1998,522,24,2264,2026-08-21 03:37:38
0104N0,2,TIGER 200타겟위클리커버드콜,21275,2,415,1.99,21285.0,-4.796,61316,1291,2234,2026-08-21 03:37:38
498270,4,KIWOOM 미국양자컴퓨팅,14665,5,-450,-2.98,14622.0,-0.5848,33392,489,2192,2026-08-21 03:37:38
466930,2,SOL 자동차TOP3플러스,26600,5,-250,-0.93,26648.0,-5.3078,157355,4146,2181,2026-08-21 03:37:38
305080,6,TIGER 미국채10년선물,12305,5,-125,-1.01,12317.0,-7.2735,59114,728,2178,2026-08-21 03:37:38
414780,4,TIGER 차이나과창판STAR50(합성),13900,5,-15,-0.11,14028.0,-16.0736,49801,696,2175,2026-08-21 03:37:38
442320,4,RISE 글로벌원자력,34565,5,-1415,-3.93,34714.0,-15.3609,10639,368,2174,2026-08-21 03:37:38
0094M0,2,RISE 코리아밸류업위클리고정커버드콜,17830,2,70,0.39,17838.0,-3.2663,243067,4295,2166,2026-08-21 03:37:38
267770,3,TIGER 200선물레버리지,86325,2,2930,3.51,86209.0,-25.0281,144693,11967,2158,2026-08-21 03:37:38
0204D0,2,KODEX 현대차로보틱스밸류체인TOP3플러스,6627,5,-43,-0.64,6620.0,,477638,3123,2157,2026-08-21 03:37:38
0089D0,2,KODEX 금융고배당TOP10,12970,2,175,1.37,12989.0,1.4026,153636,1974,2153,2026-08-21 03:37:38
244580,2,KODEX 바이오,8275,5,-450,-5.16,8295.0,-14.2507,313806,2605,2138,2026-08-21 03:37:38
266160,2,RISE 고배당,33295,2,715,2.19,33340.0,-3.3814,35095,1153,2131,2026-08-21 03:37:38
463050,2,TIME K바이오액티브,12685,5,-835,-6.18,12711.0,-9.8968,190582,2424,2125,2026-08-21 03:37:38
495060,1,TIME 코리아밸류업액티브,28780,2,370,1.3,28812.0,-10.095,82020,2338,2101,2026-08-21 03:37:38
332930,1,HANARO 200TR,144540,2,2635,1.86,144747.0,-4.3445,799,113,2096,2026-08-21 03:37:38
490090,4,TIGER 미국AI빅테크10,15650,5,-255,-1.6,15598.0,-7.3406,37569,588,2074,2026-08-21 03:37:38
0151S0,4,KODEX 미국AI반도체TOP3플러스,14860,5,-195,-1.3,14796.0,-6.425,110849,1643,2066,2026-08-21 03:37:38
394670,4,TIGER 글로벌리튬&2차전지SOLACTIVE(합성),11445,2,10,0.09,11571.0,-15.8573,8440,95,2028,2026-08-21 03:37:38
0047A0,4,TIGER 차이나테크TOP10,13310,2,30,0.23,13328.0,-11.3781,96587,1278,2016,2026-08-21 03:37:38
422420,2,RISE 2차전지액티브,6230,5,-310,-4.74,6233.0,-26.3381,149141,929,2002,2026-08-21 03:37:38
433500,2,ACE 원자력TOP10,50730,5,-2480,-4.66,50716.0,-25.4136,15520,793,1978,2026-08-21 03:37:38
0005A0,4,KODEX 미국S&P500데일리커버드콜OTM,9505,5,-155,-1.6,9472.0,-3.182,236387,2249,1949,2026-08-21 03:37:38
0115D0,2,KODEX 조선TOP10,7590,5,-290,-3.68,7594.0,-20.4041,983322,7455,1935,2026-08-21 03:37:38
495550,1,SOL 코리아밸류업TR,33070,2,215,0.65,33085.0,-4.8096,8875,290,1935,2026-08-21 03:37:38
302190,6,TIGER 중장기국채,49990,5,-105,-0.21,49995.0,0.6125,4641,231,1930,2026-08-21 03:37:38
0192Z0,6,TIGER 중기종합채권(A-이상)액티브,100875,5,-65,-0.06,100884.0,0.9753,26,2,1927,2026-08-21 03:37:38
122090,1,PLUS 코스피50,83310,2,1420,1.73,83262.0,-3.3767,22128,1822,1924,2026-08-21 03:37:38
429000,4,TIGER 미국S&P500배당귀족,13685,5,-165,-1.19,13651.0,2.3432,39524,542,1909,2026-08-21 03:37:38
0091C0,6,KODEX 미국10년국채액티브(H),9585,5,-40,-0.42,9584.0,0.7263,24718,236,1908,2026-08-21 03:37:38
0069M0,4,1Q 미국나스닥100,13415,5,-215,-1.58,13382.0,-5.4798,351223,4713,1892,2026-08-21 03:37:38
433980,7,KODEX TDF2040액티브 적격,15855,5,-155,-0.97,15805.0,-1.5517,18475,293,1879,2026-08-21 03:37:38
480040,4,ACE 미국반도체데일리타겟커버드콜(합성),14655,5,-175,-1.18,14629.0,-11.4342,185373,2715,1876,2026-08-21 03:37:38
0082V0,7,KODEX TDF2060액티브 적격,11265,5,-110,-0.97,11216.0,-4.6479,55889,630,1847,2026-08-21 03:37:38
483290,4,KODEX 미국배당다우존스타겟커버드콜,10570,5,-100,-0.94,10592.0,1.2042,291672,3083,1807,2026-08-21 03:37:38
463290,6,1Q 단기금융채액티브,109180,2,15,0.01,109184.0,0.7521,296,32,1807,2026-08-21 03:37:38
473460,4,KODEX 미국서학개미,23140,5,-425,-1.8,23061.0,-11.3808,25105,581,1793,2026-08-21 03:37:38
0040X0,7,SOL 팔란티어미국채커버드콜혼합,9560,5,-120,-1.24,9544.0,3.4119,63959,610,1778,2026-08-21 03:37:38
117700,2,KODEX 건설,6205,5,-370,-5.63,6213.0,-14.2518,681805,4265,1768,2026-08-21 03:37:38
0099L0,6,ACE 우량회사채(AA-이상)액티브,99585,5,-100,-0.1,99636.0,0.9979,17707,1763,1747,2026-08-21 03:37:38
494330,2,ACE 라이프자산주주가치액티브,32635,2,80,0.25,32636.0,13.2573,9833,318,1730,2026-08-21 03:37:38
0190G0,2,KODEX 반도체타겟위클리커버드콜,8825,5,-50,-0.56,8815.0,-10.1563,211604,1863,1712,2026-08-21 03:37:38
403790,1,MIDAS 코스피액티브,58400,2,925,1.61,58388.0,-4.4393,904,52,1708,2026-08-21 03:37:38
200250,4,KIWOOM 인도Nifty50(합성),21615,5,-80,-0.37,21669.0,-4.3009,4361,94,1708,2026-08-21 03:37:38
0005G0,2,IBK K-AI반도체코어테크,49465,5,-715,-1.42,49506.0,-0.1128,12993,643,1707,2026-08-21 03:37:38
332500,1,ACE 200TR,74105,2,1355,1.86,74178.0,-4.3267,25620,1863,1704,2026-08-21 03:37:38
490600,4,RISE 미국배당100데일리고정커버드콜,9245,5,-90,-0.96,9226.0,1.9786,115007,1063,1696,2026-08-21 03:37:38
0093A0,2,RISE AI반도체TOP10,30950,5,-1050,-3.28,30994.0,-10.2259,110195,3431,1687,2026-08-21 03:37:38
480020,4,ACE 미국빅테크7+데일리타겟커버드콜(합성),10250,5,-190,-1.82,10221.0,-13.9199,158685,1630,1681,2026-08-21 03:37:38
472870,6,RISE 미국30년국채엔화노출(합성 H),6910,5,-110,-1.57,6936.0,-7.9385,166902,1153,1676,2026-08-21 03:37:38
160580,5,TIGER 구리실물,16355,2,20,0.12,16208.0,-1.03,38295,625,1668,2026-08-21 03:37:38
337160,2,KODEX 200ESG,48390,2,450,0.94,48472.0,-0.3385,16135,771,1645,2026-08-21 03:37:38
233160,3,TIGER 코스닥150 레버리지,7440,5,-950,-11.32,7423.0,-41.3287,2299939,17303,1644,2026-08-21 03:37:38
237370,7,KODEX 코리아배당성장채권혼합,15565,5,-60,-0.38,15620.0,-0.5429,28868,448,1619,2026-08-21 03:37:38
0051G0,4,SOL 미국원자력SMR,13190,5,-590,-4.28,13127.0,-7.7644,41388,546,1616,2026-08-21 03:37:38
0064K0,5,KODEX 금액티브,13110,5,-10,-0.08,13129.0,-6.9834,76020,996,1611,2026-08-21 03:37:38
494220,2,UNICORN SK하이닉스밸류체인액티브,45295,5,-1385,-2.97,45341.0,-1.9328,102924,4676,1608,2026-08-21 03:37:38
461950,2,KODEX 2차전지핵심소재10,4585,5,-230,-4.78,4585.0,-26.1097,496776,2281,1596,2026-08-21 03:37:38
480030,4,ACE 미국500데일리타겟커버드콜(합성),9915,5,-185,-1.83,9899.0,-4.6444,107486,1067,1586,2026-08-21 03:37:38
272560,6,RISE 단기국공채액티브,114815,5,-10,-0.01,114824.0,0.7104,3666,420,1574,2026-08-21 03:37:38
412570,2,TIGER 2차전지TOP10레버리지,1105,5,-80,-6.75,1102.0,-38.9805,3011989,3319,1569,2026-08-21 03:37:38
152870,1,파워 200,111225,2,2085,1.91,111317.0,-4.3525,80067,8816,1557,2026-08-21 03:37:38
491610,6,1Q CD금리액티브(합성),104775,2,15,0.01,104756.0,0.721,2074,217,1554,2026-08-21 03:37:38
143860,2,TIGER 헬스케어,38320,5,-1895,-4.71,38415.0,-1.4339,27959,1072,1548,2026-08-21 03:37:38
464240,6,KIWOOM 26-09회사채(AA-이상)액티브,52370,5,-15,-0.03,52379.0,0.7391,864,45,1545,2026-08-21 03:37:38
0180V0,4,ACE 미국우주테크액티브,8190,5,-390,-4.55,8161.0,-34.3535,70702,579,1544,2026-08-21 03:37:38
0151P0,2,RISE 코리아전략산업액티브,14750,5,-130,-0.87,14777.0,-14.7547,139193,2042,1490,2026-08-21 03:37:38
354500,1,ACE 코스닥150,13900,5,-870,-5.89,13961.0,-16.6479,126820,1772,1487,2026-08-21 03:37:38
219480,4,KODEX 미국S&P500선물(H),32995,5,-305,-0.92,33008.0,4.2253,921,30,1485,2026-08-21 03:37:38
458210,7,KIWOOM CD금리액티브(합성),110510,3,0,0.0,110479.0,0.7337,259,28,1484,2026-08-21 03:37:38
138520,2,TIGER 삼성그룹,36900,2,500,1.37,36904.0,3.2624,53460,1956,1483,2026-08-21 03:37:38
491820,2,HANARO 전력설비투자,40010,5,-2190,-5.19,40070.0,-27.888,48159,1941,1480,2026-08-21 03:37:38
0048K0,4,KODEX 차이나휴머노이드로봇,8520,2,45,0.53,8529.0,-27.6738,425047,3581,1470,2026-08-21 03:37:38
486830,6,HANARO 머니마켓액티브,53242,5,-3,-0.01,53245.0,0.8141,1882,100,1469,2026-08-21 03:37:38
0127M0,4,ACE 미국대형가치주액티브,12340,5,-210,-1.67,12376.0,4.1323,42958,529,1462,2026-08-21 03:37:38
0153K0,2,KODEX 주주환원고배당주,11790,2,35,0.3,11805.0,3.2385,125298,1468,1450,2026-08-21 03:37:38
0104H0,7,KoAct 미국나스닥채권혼합50액티브,11640,5,-95,-0.81,11662.0,-7.9247,44566,518,1443,2026-08-21 03:37:38
245340,4,TIGER 미국다우존스30,35510,5,-790,-2.18,35527.0,0.6654,21750,774,1420,2026-08-21 03:37:38
0041E0,4,KODEX 미국S&P500액티브,16020,5,-340,-2.08,16003.0,-5.5072,87481,1402,1410,2026-08-21 03:37:38
451530,6,TIGER 국고채30년스트립액티브,33660,5,-210,-0.62,33533.0,-15.3568,20900,702,1385,2026-08-21 03:37:38
495330,1,1Q 코리아밸류업,32190,2,345,1.08,32210.0,-4.906,1487,47,1384,2026-08-21 03:37:38
481180,4,SOL 미국AI소프트웨어,15685,5,-295,-1.85,15679.0,13.7366,71731,1131,1365,2026-08-21 03:37:38
457990,2,PLUS 태양광&ESS,36265,5,-2920,-7.45,36265.0,-6.5244,284259,10423,1360,2026-08-21 03:37:38
0131W0,6,1Q 단기특수은행채액티브,102050,2,15,0.01,102051.0,0.6907,66,6,1344,2026-08-21 03:37:38
0184L0,6,PLUS 중기종합채권(A-이상)액티브,100590,3,0,0.0,100556.0,0.8319,0,0,1343,2026-08-21 03:37:38
476450,6,KIWOOM 머니마켓액티브,52740,2,5,0.01,52736.0,0.7931,148,7,1336,2026-08-21 03:37:38
304660,6,KODEX 미국30년국채울트라선물(H),7245,5,-55,-0.75,7255.0,0.4817,3457,25,1333,2026-08-21 03:37:38
0005D0,2,SOL 전고체배터리&실리콘음극재,13400,5,-710,-5.03,13413.0,-29.3264,217321,2923,1327,2026-08-21 03:37:38
192090,4,TIGER 차이나CSI300,12475,2,5,0.04,12548.0,-11.8417,8541,106,1322,2026-08-21 03:37:38
0074K0,2,KoAct K수출핵심기업TOP30액티브,16940,5,-405,-2.33,16956.0,-9.9663,21917,369,1313,2026-08-21 03:37:38
271050,5,KODEX WTI원유선물인버스(H),1961,5,-39,-1.95,1948.0,10.1928,1218937,2390,1311,2026-08-21 03:37:38
476030,4,SOL 미국나스닥100,16990,5,-280,-1.62,16950.0,-5.3113,223047,3786,1300,2026-08-21 03:37:38
325010,2,KODEX 성장주,43100,2,70,0.16,43129.0,-4.8009,4357,186,1293,2026-08-21 03:37:38
0168K0,2,TIGER 기술이전바이오액티브,6285,5,-475,-7.03,6290.0,-11.5184,740526,4691,1293,2026-08-21 03:37:38
182480,7,TIGER 미국MSCI리츠(합성 H),13885,2,35,0.25,14070.0,3.0878,9146,127,1291,2026-08-21 03:37:38
0199C0,2,ACE 고배당주Plus커버드콜액티브,9210,2,25,0.27,9207.0,,549553,5016,1276,2026-08-21 03:37:38
448100,1,WON 200,113360,2,2160,1.94,113595.0,-4.5085,11964,1342,1275,2026-08-21 03:37:38
0193G0,1,KoAct 코스피액티브,8490,2,95,1.13,8506.0,-8.0504,110738,934,1274,2026-08-21 03:37:38
488720,7,WON 종합채권(AA-이상)액티브,48460,5,-70,-0.14,48470.0,-0.6348,3,0,1268,2026-08-21 03:37:38
139220,2,TIGER 200 건설,7365,5,-190,-2.51,7371.0,-11.9977,159636,1173,1265,2026-08-21 03:37:38
463680,4,KODEX 미국S&P500테크놀로지,22120,5,-240,-1.07,21871.0,-1.057,13223,292,1261,2026-08-21 03:37:38
114820,6,TIGER 국채3년,105050,5,-60,-0.06,105069.0,0.8539,1047,109,1255,2026-08-21 03:37:38
251340,3,KODEX 코스닥150선물인버스,2475,2,140,6.0,2487.0,4.0089,36932800,90542,1245,2026-08-21 03:37:38
0123G0,4,TIGER 미국AI전력SMR,6365,5,-270,-4.07,6352.0,-13.943,106031,674,1235,2026-08-21 03:37:38
447620,7,SOL 미국TOP5채권혼합50,15630,5,-250,-1.57,15721.0,-2.8747,42838,672,1235,2026-08-21 03:37:38
0000Y0,6,HK 26-12 회사채(AA-이상)액티브,101775,5,-25,-0.02,101794.0,0.6874,21,2,1231,2026-08-21 03:37:38
411420,4,KODEX 미국나스닥AI테크액티브,25895,5,-515,-1.95,25868.0,-11.12,9291,241,1230,2026-08-21 03:37:38
471760,2,TIGER AI반도체핵심공정,13315,5,-910,-6.4,13332.0,-25.5626,540639,7284,1218,2026-08-21 03:37:38
0176E0,4,RISE 미국AI전력인프라액티브,9785,5,-380,-3.74,9791.0,-16.3719,23831,234,1218,2026-08-21 03:37:38
0181B0,4,HANARO 미국AI메모리반도체TOP4+,9950,5,-85,-0.85,9886.0,5.4096,323126,3195,1214,2026-08-21 03:37:38
0191W0,6,HANARO 중기종합채권(A-이상)액티브,100900,3,0,0.0,100870.0,0.8697,0,0,1211,2026-08-21 03:37:38
328370,1,PLUS 코스피TR,38885,2,525,1.37,38861.0,-4.9201,99,3,1205,2026-08-21 03:37:38
498180,6,파워 종합채권(AA-이상)액티브,92985,3,0,0.0,92973.0,-0.7684,0,0,1186,2026-08-21 03:37:38
332940,1,HANARO MSCI Korea TR,49435,2,1260,2.62,49421.0,-3.9574,193,9,1186,2026-08-21 03:37:38
464930,4,TIGER 글로벌혁신블루칩TOP10,21270,5,-430,-1.98,21303.0,-1.5874,23049,491,1180,2026-08-21 03:37:38
372330,4,KODEX 차이나항셍테크,7125,5,-75,-1.04,7121.0,-9.861,23032,163,1176,2026-08-21 03:37:38
319640,4,TIGER 골드선물(H),26700,2,210,0.79,26709.0,-0.768,18800,501,1175,2026-08-21 03:37:38
399110,4,SOL 미국S&P500ESG,20960,5,-350,-1.64,20926.0,-1.9916,6787,142,1174,2026-08-21 03:37:38
461500,6,HANARO 종합채권(AA-이상)액티브,104580,5,-55,-0.05,104646.0,-0.6599,34,3,1169,2026-08-21 03:37:38
367770,2,RISE 수소경제테마,22220,5,-850,-3.68,22232.0,-17.4303,74803,1659,1167,2026-08-21 03:37:38
0092B0,2,SOL 한국원자력SMR,14180,5,-570,-3.86,14180.0,-22.896,52607,749,1163,2026-08-21 03:37:38
488500,4,TIGER 미국S&P500동일가중,12840,5,-210,-1.61,12820.0,2.4186,169102,2177,1162,2026-08-21 03:37:38
309230,4,ACE 미국WideMoat동일가중,31505,5,-525,-1.64,31520.0,5.8548,2096,66,1159,2026-08-21 03:37:38
377990,2,TIGER Fn신재생에너지,23170,5,-1600,-6.46,23189.0,-20.5393,89436,2092,1159,2026-08-21 03:37:38
464310,4,TIGER 글로벌AI&로보틱스 INDXX,13895,5,-255,-1.8,13868.0,-13.6669,14787,205,1146,2026-08-21 03:37:38
266370,2,KODEX IT,67100,5,-440,-0.65,67207.0,-1.81,16055,1072,1141,2026-08-21 03:37:38
491230,6,PLUS 국공채머니마켓액티브,52460,2,35,0.07,52458.0,0.7107,2283,119,1138,2026-08-21 03:37:38
0122W0,6,RISE 26-11 회사채(AA-이상)액티브,50950,5,-10,-0.02,50958.0,0.6716,421,21,1138,2026-08-21 03:37:38
0135Y0,6,IBK 중기종합채권(AA-이상)액티브,100375,5,-60,-0.06,100376.0,0.7018,19,1,1131,2026-08-21 03:37:38
0174B0,7,KoAct 글로벌AI메모리반도체액티브,14500,2,25,0.17,14479.0,2.6959,36625,528,1117,2026-08-21 03:37:38
304940,4,KODEX 미국나스닥100선물(H),32240,5,-325,-1.0,32162.0,1.591,5422,174,1112,2026-08-21 03:37:38
326240,2,RISE IT플러스,43385,5,-365,-0.83,43289.0,-3.899,142,6,1111,2026-08-21 03:37:38
0132K0,7,PLUS 테슬라위클리커버드콜채권혼합,7965,5,-30,-0.38,7980.0,-4.4884,46608,371,1087,2026-08-21 03:37:38
0080Y0,2,SOL 조선TOP3플러스레버리지,8460,5,-665,-7.29,8437.0,-45.1623,331106,2806,1083,2026-08-21 03:37:38
0000J0,2,PLUS 한화그룹주,27720,5,-1655,-5.63,27725.0,-16.7848,83124,2325,1081,2026-08-21 03:37:38
469170,2,ACE 포스코그룹포커스,5370,5,-245,-4.36,5371.0,-23.107,385339,2067,1077,2026-08-21 03:37:38
168580,4,ACE 중국본토CSI300,34465,5,-110,-0.32,34708.0,-10.6705,162,5,1075,2026-08-21 03:37:38
438570,6,SOL 국고채10년,97855,5,-425,-0.43,97863.0,0.3369,136,13,1074,2026-08-21 03:37:38
0221V0,6,IBK 초단기채권액티브,100340,2,15,0.01,100352.0,,300,30,1073,2026-08-21 03:37:38
0036R0,4,RISE 미국휴머노이드로봇,19115,5,-385,-1.97,18989.0,-8.0232,6634,126,1070,2026-08-21 03:37:38
0193M0,6,BNK 27-12 특수채(AAA이상)액티브,50385,3,0,0.0,50361.0,,0,0,1065,2026-08-21 03:37:38
0138Y0,7,PLUS 금채권혼합,9975,5,-25,-0.25,9987.0,-2.8183,98099,979,1062,2026-08-21 03:37:38
0177X0,2,ACE K휴머노이드로봇산업TOP2+,9650,5,-370,-3.69,9666.0,-16.9155,215666,2057,1062,2026-08-21 03:37:38
0091M0,6,HANARO 27-06 회사채(AA-이상)액티브,10155,3,0,0.0,10155.0,0.6941,0,0,1059,2026-08-21 03:37:38
261270,7,KODEX 미국달러선물인버스,8085,2,65,0.81,8086.0,8.0134,37302,300,1056,2026-08-21 03:37:38
0137V0,4,KIWOOM 미국S&P500모멘텀,11570,5,-45,-0.39,11462.0,-2.6746,48710,562,1053,2026-08-21 03:37:38
496090,1,KIWOOM 코리아밸류업,32385,2,485,1.52,32368.0,-5.6294,1055,33,1053,2026-08-21 03:37:38
394660,4,TIGER 글로벌자율주행&전기차SOLACTIVE,15935,5,-195,-1.21,15944.0,-14.6787,2804,44,1045,2026-08-21 03:37:38
0209D0,2,KODEX 전고체배터리ESS TOP2플러스,7585,5,-280,-3.56,7593.0,,428200,3243,1028,2026-08-21 03:37:38
203780,4,TIGER 미국나스닥바이오,36110,5,-1215,-3.26,36027.0,19.059,12538,454,1026,2026-08-21 03:37:38
465780,6,마이티 26-09 특수채(AAA)액티브,106325,3,0,0.0,106334.0,0.7056,0,0,1024,2026-08-21 03:37:38
476850,1,KoAct 배당성장액티브,21680,2,485,2.29,21710.0,-4.2925,132890,2861,1019,2026-08-21 03:37:38
475280,6,ACE 8월만기자동연장회사채AA-이상액티브,10720,3,0,0.0,10727.0,0.7045,100,1,1010,2026-08-21 03:37:38
0085P0,6,ACE 미국10년국채액티브,9855,5,-105,-1.05,9847.0,-6.4409,108409,1069,1005,2026-08-21 03:37:38
114100,6,RISE 국고채3년,106555,5,-95,-0.09,106588.0,0.9331,152,16,1004,2026-08-21 03:37:38
455860,2,SOL 2차전지소부장Fn,4210,5,-200,-4.54,4209.0,-27.4672,153225,645,1002,2026-08-21 03:37:38
0007N0,1,아이엠에셋 200,110995,2,2160,1.98,110806.0,-4.2586,28,3,999,2026-08-21 03:37:38
465610,4,ACE 미국빅테크TOP7 Plus레버리지(합성),41165,5,-1910,-4.43,41078.0,-12.047,4337,179,988,2026-08-21 03:37:38
0052T0,6,1Q 중단기회사채(A-이상)액티브,50650,5,-30,-0.06,50692.0,0.8155,57,2,980,2026-08-21 03:37:38
0142D0,4,TIGER 미국AI데이터센터TOP4Plus,10505,5,-235,-2.19,10438.0,-11.9673,120681,1261,951,2026-08-21 03:37:38
195980,4,PLUS 신흥국MSCI(합성 H),15280,5,-20,-0.13,15409.0,6.0658,21093,322,950,2026-08-21 03:37:38
0035T0,7,PLUS 글로벌휴머노이드로봇액티브,19390,5,-455,-2.29,19413.0,-10.102,12638,243,950,2026-08-21 03:37:38
481430,6,RISE 국고채10년액티브,97840,5,-460,-0.47,97828.0,0.3829,68,6,950,2026-08-21 03:37:38
473440,6,ACE 11월만기자동연장회사채AA-이상액티브,10835,2,5,0.05,10843.0,0.6505,335,3,943,2026-08-21 03:37:38
475050,2,ACE KPOP포커스,6500,5,-290,-4.27,6517.0,-21.321,308399,2009,939,2026-08-21 03:37:38
308620,6,KODEX 미국10년국채선물,11585,5,-110,-0.94,11581.0,-6.7013,43735,507,938,2026-08-21 03:37:38
433970,7,KODEX TDF2030액티브 적격,13985,5,-110,-0.78,13933.0,-0.7658,16219,227,930,2026-08-21 03:37:38
485690,4,RISE 미국AI밸류체인TOP3Plus,21795,5,-160,-0.73,21736.0,-4.0668,17570,382,926,2026-08-21 03:37:38
204480,4,TIGER 차이나CSI300레버리지(합성),24590,5,-345,-1.38,25088.0,-24.77,8012,197,915,2026-08-21 03:37:38
211900,2,KODEX 코리아배당성장,27590,5,-25,-0.09,27575.0,-4.4882,2097,57,910,2026-08-21 03:37:38
143850,4,TIGER 미국S&P500선물(H),77150,5,-705,-0.91,77115.0,3.7859,595,45,907,2026-08-21 03:37:38
325020,2,KODEX 배당가치,29080,2,245,0.85,29101.0,-0.8758,2307,66,901,2026-08-21 03:37:38
468380,6,KODEX iShares미국하이일드액티브,10980,5,-110,-0.99,10984.0,-5.6598,39979,439,899,2026-08-21 03:37:38
269540,4,PLUS 미국S&P500(H),29910,5,-290,-0.96,29884.0,2.9838,8577,256,897,2026-08-21 03:37:38
486240,2,DAISHIN AI반도체&인프라액티브,28010,5,-605,-2.11,28161.0,-7.9312,628,17,896,2026-08-21 03:37:38
298770,4,KODEX 한국대만IT프리미어,81190,2,440,0.54,81035.0,3.4659,16246,1318,893,2026-08-21 03:37:38
453080,4,KIWOOM 미국나스닥100(H),22745,5,-220,-0.96,22693.0,1.42,3250,73,887,2026-08-21 03:37:38
0066W0,5,SOL 국제금,13275,2,10,0.08,13269.0,-6.847,61927,821,883,2026-08-21 03:37:38
0008T0,2,SOL 화장품TOP3플러스,18170,5,-95,-0.52,18210.0,26.0089,1132551,20510,881,2026-08-21 03:37:38
495040,1,PLUS 코리아밸류업,32035,2,315,0.99,32109.0,-5.1032,194,6,881,2026-08-21 03:37:38
329670,7,KODEX TRF7030,21960,5,-250,-1.13,22015.0,-1.8588,9101,200,878,2026-08-21 03:37:38
444490,4,WON 미국S&P500,20100,5,-350,-1.71,20099.0,-3.0576,4025,81,874,2026-08-21 03:37:38
108450,2,ACE 삼성그룹섹터가중,39575,5,-85,-0.21,39608.0,1.4451,3669,144,871,2026-08-21 03:37:38
479620,4,SOL 미국AI반도체칩메이커,24420,5,-460,-1.85,24409.0,-6.0601,38637,947,867,2026-08-21 03:37:38
292770,6,KODEX 국채선물3년인버스,57670,2,40,0.07,57687.0,-0.1041,1,0,865,2026-08-21 03:37:38
0197X0,2,SOL SK하이닉스선물단일종목인버스2X,6540,5,-620,-8.66,6542.0,,14614037,98641,863,2026-08-21 03:37:38
0162L0,4,KODEX 차이나AI반도체TOP10,13480,2,305,2.31,13514.0,-14.8526,412878,5537,863,2026-08-21 03:37:38
460960,7,ACE 글로벌인컴TOP10,11175,5,-115,-1.02,11136.0,-3.7642,22138,247,860,2026-08-21 03:37:38
359210,1,KODEX 코스피TR,35830,2,285,0.8,35892.0,-5.1755,16086,572,860,2026-08-21 03:37:38
329660,7,KODEX TRF5050,17820,5,-155,-0.86,17855.0,-1.0492,3575,63,838,2026-08-21 03:37:38
454320,2,HANARO CAPEX설비투자iSelect,38830,5,-2030,-4.97,38859.0,-21.9708,1856,72,835,2026-08-21 03:37:38
461460,6,PLUS 국고채10년액티브,51175,5,-200,-0.39,51161.0,0.2536,58,2,830,2026-08-21 03:37:38
130730,6,KIWOOM 단기자금,102965,3,0,0.0,102973.0,0.6943,1642,169,824,2026-08-21 03:37:38
0017Y0,6,1Q 종합채권(AA-이상)액티브,93480,5,-165,-0.18,93550.0,-0.7262,4,0,816,2026-08-21 03:37:38
453330,4,RISE 미국S&P500(H),18105,5,-170,-0.93,18079.0,4.8758,27478,496,815,2026-08-21 03:37:38
337140,2,KODEX 코스피대형주,36760,2,510,1.41,36780.0,-4.7654,36317,1323,809,2026-08-21 03:37:38
138530,2,TIGER LG그룹플러스,12010,5,-315,-2.56,12019.0,1.3569,51183,613,805,2026-08-21 03:37:38
449770,4,KIWOOM 미국S&P500,20970,5,-365,-1.71,20975.0,-2.9725,4665,97,797,2026-08-21 03:37:38
0057H0,7,PLUS 미국S&P500미국채혼합50액티브,11655,5,-140,-1.19,11647.0,-4.8017,227909,2657,793,2026-08-21 03:37:38
495750,1,HANARO 코리아밸류업,32340,2,435,1.36,32313.0,-5.0602,97,3,792,2026-08-21 03:37:38
490480,2,SOL K방산,28555,5,-1940,-6.36,28551.0,-14.9017,30522,878,785,2026-08-21 03:37:38
157490,2,TIGER 소프트웨어,8360,5,-285,-3.3,8357.0,0.6988,88274,738,784,2026-08-21 03:37:38
364960,2,TIGER BBIG,6480,5,-240,-3.57,6473.0,-7.054,19470,125,784,2026-08-21 03:37:38
492500,7,1Q 현대차그룹채권(A+이상)&국고통안,51295,5,-40,-0.08,51317.0,0.6272,86,4,781,2026-08-21 03:37:38
458030,6,WON 국공채머니마켓액티브,55015,2,5,0.01,55005.0,0.7416,1032,56,780,2026-08-21 03:37:38
0049M0,4,ACE 미국배당퀄리티+커버드콜액티브,11300,5,-100,-0.88,11280.0,-4.7039,24709,279,780,2026-08-21 03:37:38
0080X0,7,SOL 미국S&P500미국채혼합50,10980,5,-155,-1.39,10969.0,-4.8299,130141,1434,780,2026-08-21 03:37:38
0018C0,2,PLUS 고배당주위클리고정커버드콜,10435,5,-70,-0.67,10442.0,-7.0735,56070,583,777,2026-08-21 03:37:38
434960,1,DAISHIN K200,110790,2,1865,1.71,111094.0,-4.3412,2108,231,776,2026-08-21 03:37:38
469060,4,RISE 미국반도체NYSE,34885,5,-365,-1.04,34681.0,-2.44,1795,62,767,2026-08-21 03:37:38
365040,1,TIGER AI코리아그로스액티브,36460,2,140,0.39,36459.0,-2.4705,5163,186,766,2026-08-21 03:37:38
438560,6,SOL 국고채3년,100335,5,-100,-0.1,100365.0,0.9092,258,25,763,2026-08-21 03:37:38
0098N0,2,PLUS 자사주매입고배당주,12600,2,45,0.36,12602.0,2.5168,13760,172,756,2026-08-21 03:37:38
210780,2,TIGER 코스피고배당,22865,5,-125,-0.54,22908.0,-3.5889,5333,121,755,2026-08-21 03:37:38
412770,4,TIGER 글로벌AI플랫폼액티브,12390,5,-170,-1.35,12433.0,-13.1097,1246,15,753,2026-08-21 03:37:38
272910,6,ACE 중장기국공채액티브,106020,5,-160,-0.15,105997.0,0.8357,12,1,729,2026-08-21 03:37:38
292190,1,KODEX KRX300,48550,2,525,1.09,48591.0,-4.0565,3067,148,728,2026-08-21 03:37:38
228810,2,TIGER 미디어컨텐츠,3000,5,-120,-3.85,3011.0,-21.1126,180071,541,725,2026-08-21 03:37:38
0113D0,4,TIME 글로벌탑픽액티브,11965,5,-210,-1.72,11992.0,-2.4049,10095,120,724,2026-08-21 03:37:38
0102A0,4,TIGER 미국AI소프트웨어TOP4Plus,8510,5,-60,-0.7,8524.0,4.5121,17638,150,715,2026-08-21 03:37:38
211560,2,TIGER 배당성장,34455,5,-90,-0.26,34515.0,-4.8309,5827,199,713,2026-08-21 03:37:38
473640,4,HANARO 글로벌금채굴기업,36470,2,1105,3.12,36047.0,7.4924,32082,1165,711,2026-08-21 03:37:38
441540,2,HANARO Fn조선해운,26300,5,-785,-2.9,26348.0,-15.6756,6897,180,710,2026-08-21 03:37:38
0022T0,4,SOL 국제금커버드콜액티브,13640,5,-10,-0.07,13634.0,-6.7655,42637,581,709,2026-08-21 03:37:38
0225V0,4,KODEX 미국CPU반도체TOP10,10085,5,-110,-1.08,10077.0,,25673,258,706,2026-08-21 03:37:38
0098Z0,1,FOCUS 200,93845,2,1165,1.26,94195.0,-4.151,38,3,704,2026-08-21 03:37:38
266420,2,KODEX 헬스케어,17400,5,-745,-4.11,17441.0,-1.8128,28063,487,696,2026-08-21 03:37:38
475350,4,RISE 버크셔포트폴리오TOP10,14505,5,-320,-2.16,14527.0,-0.9883,23614,342,689,2026-08-21 03:37:38
475310,2,SOL 반도체후공정,25020,5,-1530,-5.76,25061.0,-15.4728,159622,4039,688,2026-08-21 03:37:38
277640,2,TIGER 코스피대형주,38015,2,545,1.45,38020.0,-4.6846,8004,301,684,2026-08-21 03:37:38
440640,6,ACE 단기채권알파액티브,112610,2,10,0.01,112625.0,0.8192,95,10,681,2026-08-21 03:37:38
100910,1,KIWOOM KRX100,17400,2,295,1.72,17432.0,-4.0989,1919,32,679,2026-08-21 03:37:38
458750,4,TIGER 미국배당다우존스타겟커버드콜1호,13290,5,-100,-0.75,13315.0,0.9638,66423,883,678,2026-08-21 03:37:38
0190Y0,4,TIGER 구글밸류체인,8550,5,-70,-0.81,8520.0,-12.4875,26050,222,675,2026-08-21 03:37:38
278620,6,PLUS 단기채권액티브,118990,5,-25,-0.02,118999.0,0.8131,11,1,666,2026-08-21 03:37:38
0115E0,2,KODEX 코리아소버린AI,14550,5,-245,-1.66,14571.0,1.966,24407,352,662,2026-08-21 03:37:38
228800,2,TIGER 여행레저,2545,5,-20,-0.78,2546.0,-15.486,80852,205,658,2026-08-21 03:37:38
491220,1,PLUS 200TR,131210,2,2610,2.03,131003.0,-4.649,836,107,656,2026-08-21 03:37:38
433880,7,PLUS TDF2060액티브 적격,18565,5,-230,-1.22,18502.0,-3.3089,9212,171,655,2026-08-21 03:37:38
491700,1,HK 200,109125,2,230,0.21,111234.0,-4.5158,468,50,655,2026-08-21 03:37:38
298340,6,PLUS 국채선물3년,56490,5,-45,-0.08,56463.0,1.3081,6478,365,649,2026-08-21 03:37:38
453950,4,TIGER TSMC파운드리밸류체인,33210,5,-270,-0.81,33106.0,2.3383,4254,140,648,2026-08-21 03:37:38
0123S0,2,HANARO 26-12 은행채(AA+이상)액티브,10195,2,15,0.15,10183.0,0.6923,6,0,632,2026-08-21 03:37:38
306950,3,KODEX KRX300레버리지,78735,2,1785,2.32,79261.0,-25.6199,1938,150,630,2026-08-21 03:37:38
252400,3,RISE 200선물레버리지,104325,2,3345,3.31,104429.0,-24.6728,20700,2130,626,2026-08-21 03:37:38
419890,6,KIWOOM 단기채권ESG액티브,107515,5,-25,-0.02,107517.0,0.7211,109,11,624,2026-08-21 03:37:38
0000D0,7,TIGER 엔비디아미국채커버드콜밸런스(합성),9080,5,-130,-1.41,9092.0,-7.3952,30234,274,622,2026-08-21 03:37:38
0194T0,2,ACE SK하이닉스단일종목레버리지,9255,2,750,8.82,9297.0,,149207,1346,620,2026-08-21 03:37:38
453640,4,KODEX 미국S&P500헬스케어,14330,5,-435,-2.95,14394.0,10.6454,27943,402,616,2026-08-21 03:37:38
455660,6,ACE 미국하이일드액티브(H),9470,5,-15,-0.16,9460.0,1.4297,8757,82,616,2026-08-21 03:37:38
465330,2,RISE 2차전지TOP10,10610,5,-330,-3.02,10600.0,-18.1445,143433,1520,615,2026-08-21 03:37:38
0040S0,4,HANARO 글로벌피지컬AI액티브,23535,5,-520,-2.16,23579.0,-10.4264,20000,471,612,2026-08-21 03:37:38
0210E0,2,PLUS 200커버드콜액티브,7610,2,90,1.2,7613.0,,101263,762,609,2026-08-21 03:37:38
0197W0,2,SOL SK하이닉스단일종목레버리지,9080,2,655,7.77,9115.0,,254587,2246,606,2026-08-21 03:37:38
275980,4,TIGER 글로벌4차산업혁신기술(합성 H),23730,5,-220,-0.92,23854.0,5.113,1051,24,603,2026-08-21 03:37:38
479730,4,TIGER 인도빌리언컨슈머,10215,5,-80,-0.78,10234.0,2.5795,16115,164,603,2026-08-21 03:37:38
0181L0,4,SOL 미국우주항공TOP10,7460,5,-360,-4.6,7396.0,-34.3134,55090,409,601,2026-08-21 03:37:38
0172V0,5,1Q 은액티브,8955,2,165,1.88,8918.0,-17.2317,141478,1261,600,2026-08-21 03:37:38
495940,4,RISE 미국AI테크액티브,19000,5,-290,-1.5,18983.0,-14.2882,6706,127,599,2026-08-21 03:37:38
261070,2,TIGER 코스닥150바이오테크,12905,5,-915,-6.62,12945.0,-9.6733,179298,2335,596,2026-08-21 03:37:38
476750,6,ACE 미국30년국채엔화노출액티브(H),7400,5,-165,-2.18,7410.0,-7.7459,86455,641,592,2026-08-21 03:37:38
0166S0,2,PLUS K제조업핵심기업액티브,11020,2,20,0.18,11018.0,-13.3518,28515,312,590,2026-08-21 03:37:38
261240,7,KODEX 미국달러선물,14265,5,-115,-0.8,14284.0,-6.7143,75634,1080,588,2026-08-21 03:37:38
304780,3,HANARO 200선물레버리지,127375,2,4310,3.5,127284.0,-24.319,3597,452,573,2026-08-21 03:37:38
0194M0,2,ACE 삼성전자단일종목레버리지,12595,2,830,7.05,12650.0,,36954,450,570,2026-08-21 03:37:38
150460,2,TIGER 중국소비테마,7560,5,-120,-1.56,7576.0,1.992,995,7,569,2026-08-21 03:37:38
401470,2,KODEX 메타버스액티브,9635,5,-155,-1.58,9652.0,1.6614,3507,33,564,2026-08-21 03:37:38
440910,4,WON 미국우주항공방산,25560,5,-1435,-5.32,25618.0,1.8679,7568,193,562,2026-08-21 03:37:38
0111J0,2,HANARO 증권고배당TOP3플러스,12460,5,-305,-2.39,12455.0,-23.3632,59520,739,561,2026-08-21 03:37:38
0198A0,2,KIWOOM 코스닥150커버드콜액티브,8760,5,-510,-5.5,8761.0,,609231,5368,556,2026-08-21 03:37:38
455960,6,RISE 미국달러SOFR금리액티브(합성),12110,5,-90,-0.74,12119.0,-6.2981,1453,17,555,2026-08-21 03:37:38
278240,3,RISE 코스닥150선물레버리지,7570,5,-955,-11.2,7567.0,-41.3485,97482,752,552,2026-08-21 03:37:38
225040,4,TIGER 미국S&P500레버리지(합성 H),67165,5,-1225,-1.79,67026.0,8.1264,3606,242,551,2026-08-21 03:37:38
385590,2,ACE ESG액티브,23850,2,260,1.1,23903.0,-0.1059,3781,88,549,2026-08-21 03:37:38
0226A0,7,PLUS SK하이닉스샌디스크채권혼합50,10925,2,55,0.51,10993.0,,142867,1552,546,2026-08-21 03:37:38
0141S0,2,SOL 조선기자재,8160,5,-270,-3.2,8164.0,-27.013,59575,483,543,2026-08-21 03:37:38
261220,5,KODEX WTI원유선물(H),24315,2,490,2.06,24345.0,-14.8347,41775,1015,535,2026-08-21 03:37:38
428510,4,KODEX 차이나AI테크액티브,24220,2,20,0.08,24054.0,-12.3361,8225,198,533,2026-08-21 03:37:38
0046Y0,4,ACE 미국배당퀄리티,12500,5,-250,-1.96,12549.0,-3.6638,7148,89,531,2026-08-21 03:37:38
0113P0,6,HK 머니마켓액티브,102340,3,0,0.0,102348.0,0.768,0,0,530,2026-08-21 03:37:38
0000Z0,2,RISE 바이오TOP10액티브,9035,5,-765,-7.81,9062.0,-19.9674,217929,1987,529,2026-08-21 03:37:38
442560,7,RISE TDF2040액티브 적격,16390,5,-135,-0.82,16285.0,-1.6843,11470,187,524,2026-08-21 03:37:38
140700,2,KODEX 보험,20935,2,405,1.97,20944.0,16.5488,107351,2229,523,2026-08-21 03:37:38
253150,3,PLUS 200선물레버리지,208650,2,6650,3.29,208937.0,-24.5354,96189,19610,522,2026-08-21 03:37:38
0118Z0,4,ACE 미국AI테크핵심산업액티브,8670,5,-220,-2.47,8628.0,-10.743,10171,88,520,2026-08-21 03:37:38
0185L0,4,TIME 글로벌휴머노이드로봇산업액티브,7520,5,-80,-1.05,7556.0,-23.038,22573,169,519,2026-08-21 03:37:38
275300,2,KODEX 우량주,30400,2,420,1.4,30419.0,-1.6896,1895,57,517,2026-08-21 03:37:38
360140,2,KODEX 200롱코스닥150숏선물,23435,2,1655,7.6,23414.0,9.889,108449,2497,516,2026-08-21 03:37:38
101280,4,KODEX 일본TOPIX100,30170,5,-180,-0.59,30024.0,0.6643,1674,50,513,2026-08-21 03:37:38
445150,2,KODEX 친환경조선해운액티브,27650,5,-905,-3.17,27721.0,-18.6538,3231,89,512,2026-08-21 03:37:38
152500,3,ACE 레버리지,46200,2,1530,3.43,46207.0,-24.6458,23852,1076,508,2026-08-21 03:37:38
114470,6,KIWOOM 국고채3년,107960,5,-80,-0.07,107966.0,0.893,2768,298,507,2026-08-21 03:37:38
0118S0,4,SOL 미국넥스트테크TOP10액티브,10900,5,-260,-2.33,10842.0,-13.4213,51439,557,507,2026-08-21 03:37:38
475260,6,ACE 2월만기자동연장회사채AA-이상액티브,10735,3,0,0.0,10740.0,0.6091,12,0,506,2026-08-21 03:37:38
218420,4,KODEX 미국S&P500에너지(합성),20475,5,-80,-0.39,20530.0,-3.5204,17009,350,503,2026-08-21 03:37:38
480310,4,TIGER 글로벌온디바이스AI,18615,5,-295,-1.56,18608.0,-7.1784,9183,171,503,2026-08-21 03:37:38
0089C0,4,KODEX 미국S&P500변동성확대시커버드콜,11370,5,-205,-1.77,11400.0,-3.0571,30889,353,500,2026-08-21 03:37:38
0139P0,2,ACE 고배당주,13260,5,-80,-0.6,13257.0,-0.1077,9253,122,491,2026-08-21 03:37:38
0041D0,4,KODEX 미국AI소프트웨어TOP10,12830,5,-275,-2.1,12818.0,3.3989,21262,273,488,2026-08-21 03:37:38
256750,4,KODEX 차이나심천ChiNext(합성),15930,2,140,0.89,16001.0,-17.6103,4306,68,487,2026-08-21 03:37:38
371470,4,TIGER 차이나바이오테크SOLACTIVE,8860,5,-190,-2.1,8897.0,11.5218,62538,553,486,2026-08-21 03:37:38
140950,1,파워 코스피100,86590,2,1770,2.09,86712.0,-4.2528,1371,117,485,2026-08-21 03:37:38
200030,4,KODEX 미국S&P500산업재(합성),42800,5,-940,-2.15,42875.0,-0.3418,1637,70,483,2026-08-21 03:37:38
336160,6,RISE 금융채액티브,100350,5,-55,-0.05,100372.0,0.7945,58,5,483,2026-08-21 03:37:38
473590,4,ACE 미국주식베스트셀러,18910,5,-135,-0.71,18880.0,-21.6739,4670,88,482,2026-08-21 03:37:38
123310,3,TIGER 인버스,1115,5,-18,-1.59,1115.0,-13.7091,3826969,4312,478,2026-08-21 03:37:38
0132H0,4,KODEX 미국원자력SMR,8300,5,-425,-4.87,8242.0,-13.7846,26690,221,477,2026-08-21 03:37:38
442260,1,마이티 다이나믹퀀트액티브,38270,2,325,0.86,38278.0,-4.3243,407,15,475,2026-08-21 03:37:38
447430,2,ACE 주주환원가치주액티브,15925,5,-200,-1.24,15934.0,-3.3745,6381,101,470,2026-08-21 03:37:38
418670,4,TIGER 글로벌AI사이버보안,16745,5,-695,-3.99,16751.0,16.3054,50808,852,469,2026-08-21 03:37:38
0020H0,4,KoAct 글로벌양자컴퓨팅액티브,21740,5,-570,-2.55,21820.0,-5.9444,8127,176,467,2026-08-21 03:37:38
287180,4,PLUS 미국나스닥테크,54780,5,-800,-1.44,54913.0,0.7522,1598,88,466,2026-08-21 03:37:38
0086B0,2,TIGER 리츠부동산인프라TOP10액티브,9435,5,-75,-0.79,9446.0,-3.5641,16633,157,462,2026-08-21 03:37:38
0178H0,7,IBK 미국AI TOP10국채혼합50,9760,5,-35,-0.36,9770.0,-3.6812,4969,48,459,2026-08-21 03:37:38
316670,1,KIWOOM 코스닥150,6890,5,-420,-5.75,6900.0,-16.8374,71759,497,457,2026-08-21 03:37:38
461340,4,HANARO 글로벌생성형AI액티브,41590,5,-770,-1.82,41671.0,-6.5211,1141,47,457,2026-08-21 03:37:38
276990,4,KODEX 글로벌로봇(합성),25680,5,-325,-1.25,25715.0,-9.4219,2831,73,455,2026-08-21 03:37:38
375770,2,KODEX 탄소효율그린뉴딜,24875,2,300,1.22,24848.0,-3.8473,948,23,448,2026-08-21 03:37:38
475270,6,ACE 5월만기자동연장회사채AA-이상액티브,10725,3,0,0.0,10724.0,0.7042,0,0,447,2026-08-21 03:37:38
261120,7,TIGER 미국달러선물인버스2X,5290,2,85,1.63,5285.0,15.4101,3995,21,444,2026-08-21 03:37:38
472830,6,RISE 미국30년국채커버드콜(합성),7950,5,-115,-1.43,7956.0,-7.2937,18424,146,441,2026-08-21 03:37:38
442090,2,에셋플러스 코리아대장장이액티브,29410,5,-140,-0.47,29298.0,-6.8265,1097,32,441,2026-08-21 03:37:38
196030,4,ACE 일본TOPIX레버리지(H),87805,5,-270,-0.31,88529.0,12.989,23,2,439,2026-08-21 03:37:38
473490,4,KIWOOM 글로벌AI반도체,29260,5,-440,-1.48,29175.0,-5.6566,1531,44,439,2026-08-21 03:37:38
494840,4,TIGER 미국방산TOP10,13280,5,-495,-3.59,13235.0,2.7837,20410,271,438,2026-08-21 03:37:38
0189B0,5,TIGER 은액티브,8620,2,130,1.53,8606.0,-16.4371,54161,464,435,2026-08-21 03:37:38
238720,4,ACE 일본Nikkei225(H),48105,5,-165,-0.34,48101.0,11.7619,1089,52,433,2026-08-21 03:37:38
305050,1,ACE 코스피,71880,2,870,1.23,71841.0,-5.339,1496,106,431,2026-08-21 03:37:38
453650,4,KODEX 미국S&P500금융,19140,5,-475,-2.42,19264.0,4.8395,29736,569,431,2026-08-21 03:37:38
0192L0,2,RISE SK하이닉스단일종목레버리지,9390,2,745,8.62,9427.0,,68966,630,430,2026-08-21 03:37:38
0141T0,6,SOL 중기종합채권(AA-이상)액티브,50275,5,-30,-0.06,50276.0,0.8217,1,0,429,2026-08-21 03:37:38
139320,5,TIGER 금은선물(H),18955,2,160,0.85,18897.0,-2.0329,15547,294,426,2026-08-21 03:37:38
401170,2,RISE 메타버스,10660,5,-445,-4.01,10682.0,8.0778,8053,86,422,2026-08-21 03:37:38
282000,3,RISE 국고채3년선물인버스,114655,2,160,0.14,114640.0,-0.0524,2,0,418,2026-08-21 03:37:38
440650,6,ACE 미국달러단기채권액티브,11600,5,-85,-0.73,11603.0,-6.6694,28750,334,418,2026-08-21 03:37:38
476260,2,HANARO 반도체핵심공정주도주,11920,5,-780,-6.14,11931.0,-5.1531,174458,2114,417,2026-08-21 03:37:38
0191M0,6,마이티 5월만기자동연장특수채(AAA)액티브,100665,3,0,0.0,100669.0,,0,0,417,2026-08-21 03:37:38
139280,2,TIGER 경기방어,12685,5,-155,-1.21,12738.0,3.2189,1257,15,416,2026-08-21 03:37:38
0112X0,1,마이티 200TR,41545,2,515,1.26,41427.0,-3.561,6615,267,415,2026-08-21 03:37:38
448570,1,FOCUS AI코리아액티브,30770,2,465,1.53,30755.0,-0.8345,17,0,415,2026-08-21 03:37:38
487130,2,KoAct AI인프라액티브,26650,5,-985,-3.56,26696.0,-16.5106,7181,191,413,2026-08-21 03:37:38
472840,1,IBK 200,109570,2,1700,1.58,109744.0,-4.1245,1968,213,411,2026-08-21 03:37:38
429760,4,PLUS 미국S&P500,19520,5,-325,-1.64,19511.0,-2.905,2157,42,410,2026-08-21 03:37:38
0186S0,7,1Q 코스닥150채권혼합50액티브,8340,5,-220,-2.57,8318.0,-7.1609,310772,2591,409,2026-08-21 03:37:38
183700,7,RISE 200채권혼합50,96455,2,880,0.92,96677.0,-1.9273,2091,199,405,2026-08-21 03:37:38
0007G0,4,PLUS 글로벌원자력밸류체인,13485,5,-525,-3.75,13459.0,-9.026,3099,41,405,2026-08-21 03:37:38
0220B0,1,DS 코스닥액티브,9210,5,-615,-6.26,9212.0,,132386,1230,396,2026-08-21 03:37:38
464470,6,PLUS 미국채30년액티브,47910,5,-775,-1.59,48096.0,-6.8979,3532,169,395,2026-08-21 03:37:38
352540,7,KODEX 일본부동산리츠(H),11330,5,-70,-0.61,11345.0,1.1345,7243,82,385,2026-08-21 03:37:38
275280,2,KODEX 모멘텀주,42685,2,500,1.19,42710.0,-4.5696,1434,60,384,2026-08-21 03:37:38
0207G0,2,SOL 우주항공밸류체인,6475,5,-530,-7.57,6492.0,,389114,2559,379,2026-08-21 03:37:38
322410,2,HANARO K고배당,22255,5,-70,-0.31,22347.0,-1.6842,1057,23,378,2026-08-21 03:37:38
491830,4,TIGER 미국AI반도체팹리스,21580,5,-120,-0.55,21514.0,-2.6411,8253,177,378,2026-08-21 03:37:38
195930,4,TIGER 유로스탁스50(합성 H),23570,5,-170,-0.72,23639.0,11.1423,1826,43,377,2026-08-21 03:37:38
147970,2,TIGER 모멘텀,78265,5,-1225,-1.54,78411.0,-10.2721,733,57,376,2026-08-21 03:37:38
276970,4,KODEX 미국S&P500배당귀족커버드콜(합성 H),7910,5,-20,-0.25,8022.0,11.4004,9620,76,372,2026-08-21 03:37:38
400970,2,TIGER Fn메타버스,7360,5,-160,-2.13,7369.0,-11.8406,1483,10,372,2026-08-21 03:37:38
449690,4,TIGER 한중반도체(합성),49065,5,-135,-0.27,48416.0,-7.4231,16,0,368,2026-08-21 03:37:38
452250,6,ACE 미국30년국채선물레버리지(합성 H),4705,5,-70,-1.47,4733.0,-0.4172,6648,31,365,2026-08-21 03:37:38
365000,2,TIGER 인터넷TOP10,3585,5,-210,-5.53,3594.0,-16.2252,235119,855,364,2026-08-21 03:37:38
292560,7,TIGER 일본엔선물,8085,5,-80,-0.98,8045.0,-6.8986,82978,671,364,2026-08-21 03:37:38
498860,2,RISE 코리아금융고배당,16515,5,-90,-0.54,16524.0,-8.4875,37181,612,363,2026-08-21 03:37:38
352560,7,KODEX 미국부동산리츠(H),12620,2,25,0.2,12537.0,3.5471,8247,104,360,2026-08-21 03:37:38
153270,1,KIWOOM 코스피100,84960,2,1240,1.48,85104.0,-3.8577,2569,216,357,2026-08-21 03:37:38
465350,3,RISE 2차전지TOP10인버스(합성),17705,2,505,2.94,17864.0,7.9385,124137,2206,354,2026-08-21 03:37:38
0192M0,2,RISE 삼성전자단일종목레버리지,12715,2,725,6.05,12738.0,,58367,712,353,2026-08-21 03:37:38
104530,2,KIWOOM 코리아고배당,17130,5,-225,-1.3,17122.0,-6.9986,1926,32,351,2026-08-21 03:37:38
0100K0,2,KODEX 방산TOP10레버리지,6240,5,-835,-11.8,6247.0,-39.1398,516039,3268,349,2026-08-21 03:37:38
0209Z0,2,ACE 코리아AI전력TOP10,6585,5,-385,-5.52,6588.0,,132150,875,349,2026-08-21 03:37:38
469050,4,RISE 미국반도체NYSE(H),31625,5,-125,-0.39,31486.0,5.2427,2042,64,348,2026-08-21 03:37:38
0154F0,2,WON 초대형IB&금융지주,11730,2,35,0.3,11712.0,-9.8652,6235,72,346,2026-08-21 03:37:38
450910,1,SOL 코스닥150,13480,5,-840,-5.87,13537.0,-17.2016,115411,1554,345,2026-08-21 03:37:38
241390,7,RISE V&S셀렉트밸류채권혼합,15670,2,45,0.29,15731.0,-2.8504,3714,57,345,2026-08-21 03:37:38
475070,4,KoAct 글로벌친환경전력인프라액티브,29865,5,-850,-2.77,29805.0,-20.6844,4021,119,343,2026-08-21 03:37:38
381560,2,HANARO Fn전기&수소차,17135,5,-610,-3.44,17164.0,-2.8053,2406,41,343,2026-08-21 03:37:38
276650,4,RISE 글로벌테크놀로지(합성 H),45620,2,85,0.19,45655.0,1.3916,73,3,342,2026-08-21 03:37:38
407830,4,에셋플러스 글로벌플랫폼액티브,14250,5,-50,-0.35,14234.0,-9.978,526,7,342,2026-08-21 03:37:38
295020,6,RISE 국채선물10년인버스,60765,2,235,0.39,60769.0,0.7154,24,1,341,2026-08-21 03:37:38
415920,5,PLUS 글로벌희토류&전략자원생산기업,7330,2,120,1.66,7333.0,-24.3045,25024,180,341,2026-08-21 03:37:38
138910,5,KODEX 구리선물(H),9985,2,55,0.55,9999.0,3.4375,17484,174,339,2026-08-21 03:37:38
322400,2,HANARO e커머스,10125,5,-415,-3.94,10165.0,-0.2839,270,2,339,2026-08-21 03:37:38
105780,2,RISE 5대그룹주,16935,5,-25,-0.15,16961.0,-2.2479,891,14,339,2026-08-21 03:37:38
385520,2,KODEX 자율주행액티브,15730,5,-480,-2.96,15730.0,-8.5215,6446,101,338,2026-08-21 03:37:38
474800,4,KIWOOM 미국원유에너지기업,16050,5,-10,-0.06,16056.0,-3.9904,24272,390,337,2026-08-21 03:37:38
099140,4,KODEX 차이나H,21705,5,-145,-0.66,21664.0,-6.7039,223,4,336,2026-08-21 03:37:38
449780,4,KIWOOM 미국S&P500(H),18585,5,-190,-1.01,18569.0,4.1022,6264,116,335,2026-08-21 03:37:38
122260,6,KIWOOM 통안채1년,104110,5,-10,-0.01,104107.0,0.6573,13,1,333,2026-08-21 03:37:38
380340,2,ACE 코리아AI테크핵심산업,27720,5,-795,-2.79,27791.0,6.4787,58286,1602,333,2026-08-21 03:37:38
174360,4,RISE 중국본토대형주CSI100,23630,2,40,0.17,23700.0,-11.8461,3431,80,331,2026-08-21 03:37:38
465660,4,TIGER 일본반도체FACTSET,24350,5,-170,-0.69,24429.0,0.8988,6091,146,329,2026-08-21 03:37:38
0023B0,4,PLUS 미국양자컴퓨팅TOP10,16035,5,-485,-2.94,15994.0,-9.5538,5160,82,329,2026-08-21 03:37:38
261140,2,TIGER 우선주,24490,2,60,0.25,24548.0,-5.01,6242,151,328,2026-08-21 03:37:38
476690,4,TIGER 글로벌비만치료제TOP2Plus,10925,5,-305,-2.72,10972.0,5.9712,18924,208,328,2026-08-21 03:37:38
496770,4,PLUS 글로벌방산,18655,5,-565,-2.94,18580.0,8.0685,8492,158,326,2026-08-21 03:37:38
256440,4,ACE MSCI인도네시아(합성),5330,2,45,0.85,5437.0,-12.7168,26628,141,325,2026-08-21 03:37:38
0192T0,2,SOL 코스닥TOP10,7270,5,-450,-5.83,7277.0,-13.1609,202425,1474,324,2026-08-21 03:37:38
459560,4,KODEX 테슬라밸류체인FactSet,21500,5,-555,-2.52,21430.0,-10.9035,1772,38,323,2026-08-21 03:37:38
0085N0,6,ACE 미국10년국채액티브(H),9765,5,-35,-0.36,9764.0,0.8098,12575,122,322,2026-08-21 03:37:38
395170,2,KODEX Top10동일가중,16040,2,85,0.53,16040.0,-10.4568,4311,68,321,2026-08-21 03:37:38
491090,4,KODEX 미국테크TOP3플러스,17650,5,-280,-1.56,17592.0,-6.8994,14636,258,318,2026-08-21 03:37:38
156080,1,KODEX MSCI Korea,52800,2,1265,2.45,52856.0,-3.8152,8118,428,317,2026-08-21 03:37:38
426150,6,WON 대한민국국고채액티브,50800,5,-170,-0.33,50819.0,-1.8203,35,1,316,2026-08-21 03:37:38
227540,2,TIGER 200 헬스케어,19195,5,-545,-2.76,19220.0,6.2432,9442,180,315,2026-08-21 03:37:38
0083S0,4,1Q 미국메디컬AI,10830,5,-20,-0.18,10873.0,11.6899,28353,308,314,2026-08-21 03:37:38
0138T0,4,RISE 미국S&P500데일리고정커버드콜,9515,5,-145,-1.5,9473.0,-3.0331,29739,283,314,2026-08-21 03:37:38
0155N0,2,HANARO K휴머노이드테마TOP10,7750,5,-275,-3.43,7776.0,-13.8949,15529,119,314,2026-08-21 03:37:38
459750,4,RISE 글로벌주식분산액티브,17935,5,-225,-1.24,17870.0,-2.3804,2063,36,314,2026-08-21 03:37:38
245350,4,TIGER 유로스탁스배당30,19605,5,-50,-0.25,19558.0,0.8664,938,18,314,2026-08-21 03:37:38
0089B0,7,PLUS 미국나스닥100미국채혼합50,11185,5,-160,-1.41,11175.0,-5.8488,43160,483,313,2026-08-21 03:37:38
266360,2,KODEX K콘텐츠,9745,5,-280,-2.79,9766.0,-8.238,15323,149,312,2026-08-21 03:37:38
271060,5,KODEX 3대농산물선물(H),8575,5,-5,-0.06,8606.0,-0.4641,43099,368,311,2026-08-21 03:37:38
275290,2,KODEX 가치주,34535,2,660,1.95,34635.0,-0.0113,2426,82,311,2026-08-21 03:37:38
494410,4,PLUS 미국S&P500성장주,14125,5,-225,-1.57,14131.0,-4.2315,935,13,311,2026-08-21 03:37:38
476070,4,KODEX 글로벌비만치료제TOP2 Plus,11500,5,-310,-2.62,11496.0,8.3364,6742,77,311,2026-08-21 03:37:38
248270,4,TIGER S&P글로벌헬스케어(합성),27200,5,-485,-1.75,27015.0,8.5686,3460,94,310,2026-08-21 03:37:38
456680,4,TIGER 차이나전기차레버리지(합성),6760,2,75,1.12,6799.0,-42.2712,1668,11,310,2026-08-21 03:37:38
139270,2,TIGER 200 금융,16520,2,315,1.94,16529.0,0.2309,7763,126,307,2026-08-21 03:37:38
464920,4,PLUS 일본반도체소부장,24440,5,-215,-0.87,24432.0,2.4516,7742,186,306,2026-08-21 03:37:38
468630,6,KODEX iShares미국투자등급회사채액티브,10870,5,-135,-1.23,10874.0,-7.0578,6743,73,305,2026-08-21 03:37:38
469790,2,KIWOOM 코리아테크TOP10,43275,5,-325,-0.75,43309.0,3.2868,1346,57,303,2026-08-21 03:37:38
0203S0,7,WON 삼성전자현대차채권혼합50,8920,2,70,0.79,8919.0,,33251,294,299,2026-08-21 03:37:38
395290,2,HANARO Fn K-POP&미디어,4740,5,-210,-4.24,4749.0,-21.1156,13056,62,299,2026-08-21 03:37:38
253250,3,KIWOOM 200선물레버리지,102795,2,3455,3.48,102892.0,-24.5825,16771,1684,298,2026-08-21 03:37:38
387270,4,TIGER 글로벌이노베이션액티브,24630,5,-260,-1.04,24613.0,-10.1445,1233,30,298,2026-08-21 03:37:38
446690,4,KODEX 아시아AI반도체exChina액티브,59315,5,-1090,-1.8,59332.0,-2.8639,2009,119,297,2026-08-21 03:37:38
450190,4,KODEX 한중반도체(합성),49400,2,340,0.69,48846.0,-8.7596,27,1,296,2026-08-21 03:37:38
0204S0,1,TIGER 코스닥액티브,6365,5,-500,-7.28,6363.0,,78235,502,293,2026-08-21 03:37:38
415340,4,KODEX 차이나과창판STAR50(합성),14170,5,-120,-0.84,14314.0,-15.3938,10062,143,293,2026-08-21 03:37:38
0107F0,4,KIWOOM 미국고배당&AI테크,11460,5,-135,-1.16,11501.0,-2.2077,3694,42,292,2026-08-21 03:37:38
192720,2,파워 고배당저변동성,57035,2,15,0.03,57072.0,-1.3634,1190,67,291,2026-08-21 03:37:38
145850,2,TREX 펀더멘탈 200,116235,5,-685,-0.59,117299.0,-0.0061,1,0,291,2026-08-21 03:37:38
0198D0,2,1Q SK하이닉스선물단일종목레버리지,9585,2,655,7.33,9646.0,,40919,388,290,2026-08-21 03:37:38
117460,2,KODEX 에너지화학,13375,5,-450,-3.25,13392.0,-10.6772,18795,250,290,2026-08-21 03:37:38
0184E0,7,1Q 200채권혼합50액티브,11135,2,90,0.81,11099.0,0.0315,84691,929,290,2026-08-21 03:37:38
289480,3,TIGER 200커버드콜,12565,2,85,0.68,12671.0,18.6605,17063,214,289,2026-08-21 03:37:38
494340,4,ACE 글로벌AI맞춤형반도체,19180,5,-180,-0.93,19096.0,-5.2606,2245,43,288,2026-08-21 03:37:38
0198B0,2,1Q 삼성전자선물단일종목레버리지,13095,2,850,6.94,13082.0,,27822,347,287,2026-08-21 03:37:38
414270,4,ACE 글로벌자율주행액티브,11945,5,-165,-1.36,11930.0,-13.961,9132,108,287,2026-08-21 03:37:38
0155M0,4,ACE 미국SMR원자력TOP10,6890,5,-290,-4.04,6900.0,-12.4391,21748,150,286,2026-08-21 03:37:38
493420,4,SOL 미국배당다우존스2호,12950,5,-160,-1.22,12924.0,1.3437,6088,78,285,2026-08-21 03:37:38
0150K0,2,KoAct 수소전력ESS인프라액티브,9820,5,-600,-5.76,9827.0,-26.9541,19650,193,285,2026-08-21 03:37:38
252710,3,TIGER 200선물인버스2X,81,5,-2,-2.41,81.0,-36.6413,154288814,12742,284,2026-08-21 03:37:38
223190,2,KODEX 200가치저변동,28005,2,30,0.11,27999.0,-2.3156,1949,54,280,2026-08-21 03:37:38
475380,7,RISE 글로벌리얼티인컴,10475,5,-40,-0.38,10462.0,-7.8388,8003,83,278,2026-08-21 03:37:38
261250,7,KODEX 미국달러선물레버리지,15955,5,-230,-1.42,15980.0,-14.024,97102,1550,274,2026-08-21 03:37:38
0223R0,4,TIGER 미국테크NYSE100액티브,9360,5,-90,-0.95,9318.0,,36532,341,272,2026-08-21 03:37:38
419430,4,KODEX 차이나2차전지MSCI(합성),9705,2,55,0.57,9806.0,-21.0957,1019,9,272,2026-08-21 03:37:38
459790,4,KIWOOM 미국성장기업30액티브,20120,5,-230,-1.13,20021.0,-10.0155,17,0,272,2026-08-21 03:37:38
117680,2,KODEX 철강,11745,5,-325,-2.69,11735.0,-19.4114,26301,310,271,2026-08-21 03:37:38
0164G0,4,RISE 차이나AI반도체TOP4Plus,12915,2,165,1.29,13025.0,-15.3106,15884,204,271,2026-08-21 03:37:38
440340,7,TIGER 글로벌멀티에셋TIF액티브,12050,5,-115,-0.95,12035.0,-5.3674,14984,180,271,2026-08-21 03:37:38
0137W0,4,KIWOOM 미국S&P500&GOLD,10390,5,-185,-1.75,10402.0,-2.7996,5600,58,270,2026-08-21 03:37:38
0218J0,7,RISE 미국우주&로봇TOP2미국채혼합50,8830,5,-175,-1.94,8825.0,,35585,312,269,2026-08-21 03:37:38
437350,6,RISE 미국단기투자등급회사채액티브,12230,5,-105,-0.85,12237.0,-6.5177,12985,158,269,2026-08-21 03:37:38
245360,4,TIGER 차이나HSCEI,12500,5,-70,-0.56,12513.0,-6.9786,1084,13,269,2026-08-21 03:37:38
0013R0,7,RISE 테슬라미국채타겟커버드콜혼합(합성),7865,5,-120,-1.5,7834.0,-10.2575,5986,47,267,2026-08-21 03:37:38
167860,6,KIWOOM 국고채10년레버리지,91605,5,-640,-0.69,91523.0,0.0542,1,0,266,2026-08-21 03:37:38
0166N0,1,PLUS 코스닥150액티브,7170,5,-425,-5.6,7184.0,-26.5829,18478,134,265,2026-08-21 03:37:38
0047R0,4,RISE 팔란티어고정테크100,15130,5,-310,-2.01,15161.0,2.7316,1323,20,265,2026-08-21 03:37:38
489290,4,WON 미국빌리어네어,14680,5,-390,-2.59,14648.0,-8.3613,2073,30,264,2026-08-21 03:37:38
0115C0,4,RISE 미국고배당다우존스TOP10,11240,5,-220,-1.92,11238.0,2.3793,4357,49,264,2026-08-21 03:37:38
461600,6,SOL 미국30년국채액티브(H),8300,5,-85,-1.01,8317.0,0.359,5935,49,261,2026-08-21 03:37:38
0152E0,2,SOL 배당성향탑픽액티브,10650,5,-185,-1.71,10668.0,-5.3035,24369,259,261,2026-08-21 03:37:38
225130,4,ACE 골드선물 레버리지(합성 H),52100,2,910,1.78,52243.0,-2.9758,2607,134,261,2026-08-21 03:37:38
277540,4,ACE 아시아TOP50,32395,2,110,0.34,32356.0,-1.5702,2129,67,259,2026-08-21 03:37:38
261060,2,TIGER 코스닥150IT,22210,5,-1350,-5.73,22258.0,-16.3353,19427,437,258,2026-08-21 03:37:38
0103T0,2,1Q K소버린AI,8730,5,-290,-3.22,8728.0,5.5588,31312,274,258,2026-08-21 03:37:38
185680,4,KODEX 미국S&P바이오(합성),48255,5,-2375,-4.69,48262.0,24.7812,2369,114,257,2026-08-21 03:37:38
0049K0,7,ACE 미국배당퀄리티채권혼합50,11135,5,-95,-0.85,11112.0,-1.8768,3521,39,256,2026-08-21 03:37:38
479850,2,HANARO K-뷰티,18680,5,-135,-0.72,18719.0,19.0069,21349,397,252,2026-08-21 03:37:38
496120,1,ACE 코리아밸류업,33505,2,260,0.78,33634.0,-2.5809,1880,62,251,2026-08-21 03:37:38
0097L0,7,KIWOOM 한국고배당&미국AI테크,12480,5,-75,-0.6,12507.0,-2.7466,1148,14,250,2026-08-21 03:37:38
368190,2,HANARO Fn K-뉴딜디지털플러스,7780,5,-340,-4.19,7809.0,-4.9181,999,7,249,2026-08-21 03:37:38
483570,4,KCGI 미국S&P500 TOP10,15490,5,-340,-2.15,15466.0,-8.2851,3274,51,248,2026-08-21 03:37:38
0093D0,7,KoAct 팔란티어밸류체인액티브,17545,5,-210,-1.18,17525.0,-1.0864,2065,36,246,2026-08-21 03:37:38
159800,1,마이티 코스피100,87665,2,1435,1.66,87519.0,-4.0664,18,1,245,2026-08-21 03:37:38
292500,1,SOL KRX300,48885,3,0,0.0,49716.0,-4.8887,0,0,244,2026-08-21 03:37:38
292160,1,TIGER KRX300,48815,2,870,1.81,48792.0,-5.3366,10044,484,244,2026-08-21 03:37:38
139250,2,TIGER 200 에너지화학,17370,5,-290,-1.64,17374.0,-4.5759,14296,247,243,2026-08-21 03:37:38
411540,1,SOL 200 Top10,17335,5,-175,-1.0,17316.0,-7.0057,1927,33,243,2026-08-21 03:37:38
289250,2,TIGER MSCI KOREA ESG유니버설,35147,2,762,2.22,35082.0,-2.4277,4,0,243,2026-08-21 03:37:38
195970,4,PLUS 선진국MSCI(합성 H),16580,5,-40,-0.24,16619.0,7.295,2720,45,242,2026-08-21 03:37:38
438320,4,TIGER 차이나항셍테크레버리지(합성 H),5475,5,-75,-1.35,5516.0,-8.867,11331,62,240,2026-08-21 03:37:38
204450,4,KODEX 차이나H레버리지(H),2415,2,5,0.21,2406.0,-2.6263,28752,69,239,2026-08-21 03:37:38
269420,4,KODEX S&P글로벌인프라(합성),22455,5,-245,-1.08,22426.0,-7.1955,2945,66,239,2026-08-21 03:37:38
0206G0,7,1Q 현대차기아채권혼합50,8345,2,25,0.3,8346.0,,66483,551,238,2026-08-21 03:37:38
280930,4,KODEX 미국러셀2000(H),16980,5,-220,-1.28,16926.0,9.9041,2374,40,238,2026-08-21 03:37:38
481340,6,RISE 미국30년국채액티브,8600,5,-155,-1.77,8632.0,-6.8386,39837,343,237,2026-08-21 03:37:38
364690,1,KODEX 혁신기술테마액티브,39085,5,-175,-0.45,39157.0,-4.4628,472,18,235,2026-08-21 03:37:38
138230,7,KIWOOM 미국달러선물,16170,5,-135,-0.83,16202.0,-6.9881,612,9,234,2026-08-21 03:37:38
0065G0,4,KODEX 차이나테크TOP10,9000,5,-180,-1.96,9031.0,-11.5785,6746,60,230,2026-08-21 03:37:38
0067V0,4,TIGER 차이나글로벌리더스TOP3+,10410,2,60,0.58,10396.0,-12.8422,124804,1294,229,2026-08-21 03:37:38
367740,2,HANARO Fn5G산업,41605,5,-710,-1.68,41601.0,1.56,1032,42,229,2026-08-21 03:37:38
442550,7,RISE TDF2030액티브 적격,14685,5,-105,-0.71,14600.0,-1.4574,6571,96,228,2026-08-21 03:37:38
477730,4,KODEX 인도타타그룹,7575,5,-100,-1.3,7578.0,-3.3367,704,5,227,2026-08-21 03:37:38
461450,1,KODEX 코스닥글로벌,15105,5,-995,-6.18,15165.0,-9.3724,10512,160,227,2026-08-21 03:37:38
0127R0,4,RISE 미국AI클라우드인프라,16760,5,-335,-1.96,16751.0,0.4175,17874,299,226,2026-08-21 03:37:38
447660,7,PLUS 애플채권혼합,13625,5,-90,-0.66,13641.0,0.6906,7970,108,225,2026-08-21 03:37:38
388280,2,RISE K엔터&여행레저,6770,5,-125,-1.81,6789.0,-13.7047,2229,15,225,2026-08-21 03:37:38
471460,6,KIWOOM 국고채30년액티브,44760,5,-250,-0.56,44753.0,-6.3937,301,13,224,2026-08-21 03:37:38
0153X0,4,PLUS 미국고배당주액티브,11460,5,-150,-1.29,11462.0,3.2728,25588,293,223,2026-08-21 03:37:38
469160,4,ACE 일본반도체,24810,5,-290,-1.16,24877.0,-3.1636,1937,47,223,2026-08-21 03:37:38
0047P0,4,RISE 테슬라고정테크100,14300,5,-310,-2.12,14316.0,-8.5715,2717,38,222,2026-08-21 03:37:38
375760,2,HANARO 탄소효율그린뉴딜,24560,2,320,1.32,24543.0,-4.2174,65,1,221,2026-08-21 03:37:38
376410,2,TIGER 탄소효율그린뉴딜,24535,2,220,0.9,24596.0,-3.3435,131,3,221,2026-08-21 03:37:38
300950,2,KODEX 게임산업,5385,5,-85,-1.55,5399.0,-12.9674,39750,213,221,2026-08-21 03:37:38
433220,4,에셋플러스 글로벌대장장이액티브,29785,5,-85,-0.28,29787.0,-15.5738,151,4,220,2026-08-21 03:37:38
464600,2,SOL 자동차소부장Fn,23110,5,-955,-3.97,23127.0,-3.198,7772,179,220,2026-08-21 03:37:38
108590,1,TREX 200,109735,2,1870,1.73,109918.0,-4.3057,123,13,219,2026-08-21 03:37:38
239660,6,PLUS 우량회사채50,121670,5,-25,-0.02,121653.0,0.7993,582,70,219,2026-08-21 03:37:38
0026E0,4,KODEX 미국S&P500버퍼3월액티브,11685,5,-50,-0.43,11716.0,-4.2041,417,4,216,2026-08-21 03:37:38
463300,4,RISE 중국본토CSI300,13330,5,-5,-0.04,13380.0,-9.6303,379,5,213,2026-08-21 03:37:38
253290,7,RISE 헬스케어채권혼합,11845,5,-115,-0.96,11788.0,0.4216,5370,63,213,2026-08-21 03:37:38
371450,4,TIGER 글로벌클라우드컴퓨팅INDXX,13550,5,-310,-2.24,13616.0,13.4206,12107,164,211,2026-08-21 03:37:38
0144M0,4,KODEX 미국드론UAM TOP10,7680,5,-470,-5.77,7724.0,-7.439,17960,138,211,2026-08-21 03:37:38
0186L0,4,KoAct 미국로봇피지컬AI액티브,9175,5,-195,-2.08,9165.0,-8.63,8204,75,211,2026-08-21 03:37:38
337120,2,KODEX 멀티팩터,34750,2,455,1.33,34805.0,-3.9356,89,3,209,2026-08-21 03:37:38
404260,2,KODEX 기후변화솔루션,23010,5,-535,-2.27,23080.0,-9.6829,77,1,207,2026-08-21 03:37:38
437070,6,KODEX 아시아달러채권ESG플러스액티브,59430,5,-685,-1.14,59524.0,-6.8223,37,2,206,2026-08-21 03:37:38
152380,6,KODEX 국채선물10년,64655,5,-235,-0.36,64665.0,0.3091,8330,539,206,2026-08-21 03:37:38
416090,4,ACE 중국과창판STAR50,12850,5,-125,-0.96,12915.0,-16.6132,8684,112,206,2026-08-21 03:37:38
169950,4,KODEX 차이나A50,25670,5,-25,-0.1,25875.0,-10.2202,291,7,205,2026-08-21 03:37:38
300640,2,RISE 게임테마,6315,5,-160,-2.47,6324.0,-8.2862,1931,12,205,2026-08-21 03:37:38
217770,5,TIGER 원유선물인버스(H),1241,5,-26,-2.05,1234.0,8.2905,357963,444,205,2026-08-21 03:37:38
364990,2,TIGER 게임TOP10,4700,5,-50,-1.05,4697.0,-12.8441,61680,288,204,2026-08-21 03:37:38
489000,6,PLUS 일본엔화초단기국채(합성),9205,5,-95,-1.02,9207.0,-7.1857,38582,355,203,2026-08-21 03:37:38
417630,2,TIGER KEDI혁신기업ESG30,19170,5,-370,-1.89,19184.0,-1.3132,469,8,201,2026-08-21 03:37:38
0177A0,2,WON 두산그룹포커스,8210,5,-400,-4.65,8205.0,-23.8727,21988,181,201,2026-08-21 03:37:38
091220,2,TIGER 은행,16205,2,310,1.95,16218.0,5.16,17250,276,201,2026-08-21 03:37:38
289040,2,KODEX MSCI KOREA ESG유니버설,33390,5,-15,-0.04,33635.0,-1.1746,21,0,200,2026-08-21 03:37:38
0192S0,7,SOL 코스피200채권혼합50,9510,2,55,0.58,9542.0,-1.2512,127805,1206,200,2026-08-21 03:37:38
497780,4,KoAct 미국천연가스인프라액티브,10745,5,-80,-0.74,10693.0,-10.7038,14896,159,199,2026-08-21 03:37:38
0193K0,2,PLUS 삼성전자단일종목레버리지,13825,2,860,6.63,13856.0,,17875,235,197,2026-08-21 03:37:38
0190M0,4,KIWOOM 미국AI테크하이베타,8375,5,-230,-2.67,8318.0,-14.0789,32494,271,197,2026-08-21 03:37:38
304770,1,HANARO 코스닥150,13765,5,-890,-6.07,13838.0,-16.662,9323,128,195,2026-08-21 03:37:38
226980,1,KODEX 200 중소형,21690,5,-535,-2.41,21731.0,-13.0962,10802,234,195,2026-08-21 03:37:38
407310,1,HANARO 200 TOP10,16960,5,-140,-0.82,16950.0,-7.2373,1206,20,195,2026-08-21 03:37:38
213630,4,PLUS 미국다우존스고배당주(합성 H),21150,5,-90,-0.42,21233.0,7.626,3626,76,195,2026-08-21 03:37:38
228820,1,TIGER KTOP30,19250,2,220,1.16,19232.0,-2.196,22714,430,193,2026-08-21 03:37:38
0203R0,6,WON 중단기종합채권(A-이상)액티브,50450,3,0,0.0,50466.0,,0,0,192,2026-08-21 03:37:38
379790,4,RISE 유로스탁스50(H),17405,5,-205,-1.16,17455.0,11.6234,43730,764,191,2026-08-21 03:37:38
304760,1,HANARO KRX300,47735,2,700,1.49,47851.0,-5.3684,96,4,191,2026-08-21 03:37:38
229720,1,KODEX KTOP30,38185,2,140,0.37,38121.0,-1.7233,2394,90,191,2026-08-21 03:37:38
0224X0,7,1Q 엔비디아알파벳미국채혼합50,9730,5,-180,-1.82,9716.0,,49701,484,190,2026-08-21 03:37:38
487950,4,KODEX 대만테크고배당다우존스,13070,5,-105,-0.8,13054.0,2.3945,7680,100,190,2026-08-21 03:37:38
0223A0,2,RISE 코스닥커버드콜액티브,10215,5,-685,-6.28,10223.0,,219032,2243,189,2026-08-21 03:37:38
0018Z0,4,RISE 미국양자컴퓨팅,17990,5,-450,-2.44,17984.0,-4.3271,1665,29,189,2026-08-21 03:37:38
284980,2,RISE 200금융,21950,2,405,1.88,21978.0,-0.3015,930,19,189,2026-08-21 03:37:38
465670,4,TIGER 미국캐시카우100,17125,5,-210,-1.21,16983.0,12.8362,22056,379,188,2026-08-21 03:37:38
183710,7,RISE 주식혼합,93640,2,990,1.07,93861.0,-1.8953,484,45,187,2026-08-21 03:37:38
0105D0,2,SOL 한국AI소프트웨어,9745,5,-400,-3.94,9743.0,6.1747,93457,910,185,2026-08-21 03:37:38
0104P0,2,TIGER 코리아배당다우존스위클리커버드콜,10865,2,5,0.05,10846.0,-2.7568,3960,42,185,2026-08-21 03:37:38
276000,4,TIGER 글로벌자원생산기업(합성 H),21500,2,290,1.37,21297.0,3.9196,754,16,183,2026-08-21 03:37:38
445910,2,TIGER MKF배당귀족,20155,5,-200,-0.98,20162.0,-3.7251,954,19,181,2026-08-21 03:37:38
445690,2,BNK 주주가치액티브,30160,5,-60,-0.2,30327.0,-6.7572,41,1,181,2026-08-21 03:37:38
468370,6,KODEX iShares미국인플레이션국채액티브,10765,5,-80,-0.74,10774.0,-7.1423,30106,324,180,2026-08-21 03:37:38
415760,4,SOL 차이나육성산업액티브(합성),13170,2,90,0.69,13318.0,-16.4218,11195,148,179,2026-08-21 03:37:38
227830,1,PLUS 코스피,71390,2,920,1.31,71547.0,-5.7271,523,37,178,2026-08-21 03:37:38
474920,4,에셋플러스 차이나일등기업포커스10액티브,18940,2,105,0.56,18805.0,3.0361,26,0,178,2026-08-21 03:37:38
391670,1,HK 베스트일레븐액티브,29480,2,760,2.65,29521.0,-0.3124,1416,41,177,2026-08-21 03:37:38
449580,7,RISE 테슬라애플아마존채권혼합,16055,5,-195,-1.2,16067.0,-3.1731,3342,53,177,2026-08-21 03:37:38
461900,4,PLUS 미국테크TOP10,22000,5,-300,-1.35,21859.0,-9.165,672,14,176,2026-08-21 03:37:38
225060,4,TIGER 이머징마켓MSCI레버리지(합성 H),16600,2,475,2.95,16624.0,5.2545,1231,20,176,2026-08-21 03:37:38
461910,4,PLUS 미국테크TOP10레버리지(합성),35055,5,-1265,-3.48,34933.0,-19.7171,398,14,175,2026-08-21 03:37:38
292050,1,RISE KRX300,50040,2,925,1.88,49984.0,-5.2017,462,22,175,2026-08-21 03:37:38
195920,4,TIGER 일본TOPIX(합성 H),34740,2,255,0.74,35033.0,7.6478,104,3,174,2026-08-21 03:37:38
483330,4,ACE 마이크로소프트밸류체인액티브,14475,5,-315,-2.13,14470.0,0.7493,7239,104,174,2026-08-21 03:37:38
236350,4,TIGER 인도니프티50레버리지(합성),28005,5,-505,-1.77,27983.0,-9.8641,342,9,174,2026-08-21 03:37:38
385600,2,ACE 2차전지&친환경차액티브,11570,5,-300,-2.53,11570.0,-7.4103,4607,53,174,2026-08-21 03:37:38
477490,4,에셋플러스 글로벌일등기업포커스10액티브,19190,5,-30,-0.16,19212.0,-9.9977,30,0,173,2026-08-21 03:37:38
250730,4,RISE 차이나HSCEI(H),10150,2,20,0.2,10149.0,0.3964,945,9,173,2026-08-21 03:37:38
0086C0,7,TIGER 리츠부동산인프라10채권혼합액티브,9785,5,-30,-0.31,9782.0,-1.5009,1291,12,171,2026-08-21 03:37:38
460660,4,RISE 미국S&P배당킹,12205,5,-185,-1.49,12152.0,6.5312,2078,25,171,2026-08-21 03:37:38
280320,4,ACE 미국IT인터넷(합성 H),21310,2,10,0.05,21323.0,5.4455,3,0,170,2026-08-21 03:37:38
404120,2,TIME K신재생에너지액티브,24310,5,-650,-2.6,24349.0,-10.2643,1136,27,170,2026-08-21 03:37:38
289260,2,TIGER MSCI KOREA ESG리더스,28340,2,100,0.35,28519.0,2.1153,34,0,170,2026-08-21 03:37:38
457690,6,KODEX 33-06 국고채액티브,10460,5,-30,-0.29,10453.0,0.5752,12456,130,169,2026-08-21 03:37:38
419650,4,PLUS 글로벌수소&차세대연료전지,5085,5,-175,-3.33,5058.0,-22.5902,5246,26,165,2026-08-21 03:37:38
332620,6,PLUS 미국장기우량회사채,88325,5,-1480,-1.65,88504.0,-7.471,601,53,165,2026-08-21 03:37:38
219390,4,RISE 미국S&P원유생산기업(합성 H),8215,2,105,1.29,8276.0,2.7883,27470,224,164,2026-08-21 03:37:38
291130,4,ACE MSCI멕시코(합성),18075,5,-60,-0.33,18020.0,-9.8435,49,0,163,2026-08-21 03:37:38
453630,4,KODEX 미국S&P500필수소비재,12440,5,-215,-1.7,12461.0,-6.4878,3486,43,162,2026-08-21 03:37:38
131890,2,ACE 삼성그룹동일가중,40175,5,-15,-0.04,40155.0,5.8746,696,27,161,2026-08-21 03:37:38
265690,4,ACE 러시아MSCI(합성),8535,3,0,0.0,48.0,0.0,0,0,158,2026-08-21 03:37:38
432840,4,HANARO 미국S&P500,19690,5,-345,-1.72,19690.0,-2.6487,2346,46,158,2026-08-21 03:37:38
494420,2,PLUS 미국배당증가성장주데일리커버드콜,9205,5,-165,-1.76,9201.0,0.283,14858,137,156,2026-08-21 03:37:38
266410,2,KODEX 필수소비재,9750,5,-70,-0.71,9777.0,3.9984,8555,83,156,2026-08-21 03:37:38
0051A0,4,KoAct 브로드컴밸류체인액티브,23740,5,-10,-0.04,23533.0,-5.8847,1158,27,154,2026-08-21 03:37:38
387280,2,TIGER 퓨처모빌리티액티브,11425,5,-255,-2.18,11457.0,-13.6734,3446,39,154,2026-08-21 03:37:38
0220A0,7,KIWOOM 현대차그룹TOP3채권혼합50,9620,2,15,0.16,9620.0,,29573,282,154,2026-08-21 03:37:38
488290,4,MIDAS 일본테크액티브,43730,5,-60,-0.14,43906.0,-2.7214,338,14,153,2026-08-21 03:37:38
413930,2,WON AI ESG액티브,27670,5,-10,-0.04,27973.0,-5.5129,13,0,152,2026-08-21 03:37:38
0207Z0,4,KIWOOM 미국우주데이터센터인프라,7050,5,-220,-3.03,7023.0,,4228,29,152,2026-08-21 03:37:38
0216Z0,2,ACE K방산TOP5+,8630,5,-680,-7.3,8633.0,,68362,594,151,2026-08-21 03:37:38
114460,6,ACE 국고채3년,100685,5,-70,-0.07,100696.0,0.8924,42,4,151,2026-08-21 03:37:38
453820,4,KODEX 인도Nifty50레버리지(합성),11585,5,-215,-1.82,11627.0,-8.598,691,8,151,2026-08-21 03:37:38
130680,5,TIGER 원유선물Enhanced(H),7115,2,145,2.08,7152.0,-13.8443,11201,79,149,2026-08-21 03:37:38
337150,2,KODEX 200exTOP,24865,5,-265,-1.05,24930.0,-6.1874,100,2,149,2026-08-21 03:37:38
491510,2,파워 K-주주가치액티브,17325,2,55,0.32,17354.0,-4.2749,31,0,147,2026-08-21 03:37:38
453010,7,PLUS KOFR금리,109755,2,10,0.01,109763.0,0.6327,382,41,147,2026-08-21 03:37:38
104520,2,KIWOOM 블루칩,14705,5,-65,-0.44,14721.0,-2.7788,93,1,147,2026-08-21 03:37:38
438900,2,HANARO Fn K-푸드,11525,5,-100,-0.86,11545.0,-0.8888,10882,125,144,2026-08-21 03:37:38
0194R0,2,KIWOOM SK하이닉스선물단일종목레버리지,9095,2,785,9.45,9115.0,,26013,230,143,2026-08-21 03:37:38
0153P0,2,ACE 리츠부동산인프라액티브,9500,5,-25,-0.26,9492.0,-1.2159,458,4,143,2026-08-21 03:37:38
234310,2,RISE V&S셀렉트밸류,28350,2,50,0.18,28323.0,-6.1049,4,0,142,2026-08-21 03:37:38
0104G0,2,PLUS K방산레버리지,5900,5,-805,-12.01,5908.0,-42.6188,112346,673,142,2026-08-21 03:37:38
0193L0,2,PLUS 삼성전자선물단일종목인버스2X,8425,5,-595,-6.6,8465.0,,799295,7006,142,2026-08-21 03:37:38
484890,6,SOL 머니마켓액티브,52505,2,15,0.03,52495.0,0.6712,1732,90,141,2026-08-21 03:37:38
0013P0,4,RISE 미국은행TOP10,12665,5,-325,-2.5,12694.0,9.2489,7462,94,139,2026-08-21 03:37:38
0004G0,4,1Q 미국배당TOP30,9260,5,-130,-1.38,9244.0,4.3493,3830,35,139,2026-08-21 03:37:38
0090B0,2,PLUS K방산소부장,6440,5,-445,-6.46,6447.0,-39.9477,67708,441,138,2026-08-21 03:37:38
404650,2,SOL KRX기후변화솔루션,22885,5,-705,-2.99,23076.0,-9.8647,13,0,137,2026-08-21 03:37:38
496130,1,TRUSTON 코리아밸류업액티브,25385,2,20,0.08,25903.0,-7.7469,34,0,137,2026-08-21 03:37:38
0028X0,4,KODEX 미국금융테크액티브,11895,5,-215,-1.78,11915.0,9.5256,1698,20,137,2026-08-21 03:37:38
102960,2,KODEX 기계장비,12900,5,-510,-3.8,12893.0,-23.3715,7160,92,137,2026-08-21 03:37:38
373490,2,KODEX 코리아혁신성장액티브,24855,5,-595,-2.34,24978.0,-15.9373,1667,41,137,2026-08-21 03:37:38
396510,4,TIGER 차이나클린에너지SOLACTIVE,7365,5,-55,-0.74,7457.0,-24.5552,2702,19,136,2026-08-21 03:37:38
244620,2,KODEX 모멘텀Plus,19290,5,-705,-3.53,19347.0,-11.232,237,4,135,2026-08-21 03:37:38
417450,4,RISE 글로벌수소경제,15770,5,-630,-3.84,15721.0,-18.4921,1369,21,134,2026-08-21 03:37:38
0127T0,4,KIWOOM 미국S&P500&배당다우존스비중전환,11100,5,-200,-1.77,11089.0,-1.783,1303,14,133,2026-08-21 03:37:38
0127V0,4,KIWOOM 미국S&P500 TOP10&배당다우비중전환,10640,5,-190,-1.75,10612.0,-6.0592,1395,14,133,2026-08-21 03:37:38
472720,1,TRUSTON 주주가치액티브,25330,2,10,0.04,25334.0,-10.0054,920,23,132,2026-08-21 03:37:38
0222F0,2,마이티 AI데이터센터밸류체인,12505,5,-345,-2.68,12540.0,,2640,32,131,2026-08-21 03:37:38
428560,4,KODEX 미국ETF산업Top10 Indxx,16245,5,-80,-0.49,16319.0,-0.579,711,11,130,2026-08-21 03:37:38
137610,5,TIGER 농산물선물Enhanced(H),5625,3,0,0.0,5646.0,0.8968,8747,49,129,2026-08-21 03:37:38
489860,4,KIWOOM 글로벌전력GRID인프라,15160,5,-210,-1.37,15154.0,-8.6952,702,10,129,2026-08-21 03:37:38
266390,2,KODEX 경기소비재,14275,5,-65,-0.45,14299.0,10.6312,812,11,128,2026-08-21 03:37:38
395760,2,PLUS ESG성장주액티브,21320,5,-40,-0.19,21422.0,-2.9973,274,5,128,2026-08-21 03:37:38
0088N0,2,WON K-글로벌수급상위,10205,5,-515,-4.8,10230.0,-18.572,3307,33,128,2026-08-21 03:37:38
485810,4,TIME 글로벌바이오액티브,11580,5,-480,-3.98,11575.0,18.9935,40259,466,127,2026-08-21 03:37:38
272570,6,RISE 중장기국공채액티브,107840,5,-160,-0.15,107837.0,0.845,9,0,127,2026-08-21 03:37:38
176950,6,KODEX 국채선물10년인버스,60580,2,220,0.36,60572.0,0.6923,201,12,127,2026-08-21 03:37:38
300610,2,TIGER K게임,5290,5,-110,-2.04,5295.0,-9.396,7235,38,127,2026-08-21 03:37:38
0208N0,1,IBK 코스피액티브,7670,2,130,1.72,7669.0,,696,5,127,2026-08-21 03:37:38
0015F0,7,KIWOOM 팔란티어미국30년국채혼합액티브(H),10520,5,-50,-0.47,10531.0,7.5273,2562,26,126,2026-08-21 03:37:38
252650,1,KODEX 200동일가중,18020,5,-400,-2.17,18056.0,-4.839,2419,43,126,2026-08-21 03:37:38
435040,4,ACE 글로벌브랜드TOP10,19320,5,-405,-2.05,19317.0,-2.9942,769,14,126,2026-08-21 03:37:38
435550,7,KIWOOM TDF2050액티브 적격,17825,5,-235,-1.3,17818.0,-2.9819,2631,46,125,2026-08-21 03:37:38
279540,2,KODEX 최소변동성,20750,5,-120,-0.57,20721.0,-7.2871,3,0,125,2026-08-21 03:37:38
363510,6,SOL KIS단기통안채,112070,3,0,0.0,112090.0,0.5743,0,0,124,2026-08-21 03:37:38
400570,4,KODEX 유럽탄소배출권선물ICE(H),11250,2,35,0.31,11373.0,9.0422,3593,40,124,2026-08-21 03:37:38
290080,3,RISE 200고배당커버드콜ATM,7050,5,-135,-1.88,7096.0,13.1617,11116,78,123,2026-08-21 03:37:38
360150,2,KODEX 코스닥150롱코스피200숏선물,2995,5,-250,-7.7,3000.0,-19.2787,183668,558,123,2026-08-21 03:37:38
453060,6,HANARO KOFR금리액티브(합성),111320,3,0,0.0,111314.0,0.6874,0,0,122,2026-08-21 03:37:38
269370,4,TIGER S&P글로벌인프라(합성),17445,2,105,0.61,17258.0,-8.2906,275,4,122,2026-08-21 03:37:38
453660,4,KODEX 미국S&P500경기소비재,17415,5,-370,-2.08,17426.0,-4.1393,113,1,122,2026-08-21 03:37:38
332610,6,PLUS 미국단기회사채(AAA~A),125965,5,-1120,-0.88,126160.0,-6.6168,109,13,121,2026-08-21 03:37:38
0000H0,2,KODEX 인도Nifty미드캡100,10510,5,-120,-1.13,10523.0,-2.7441,325,3,121,2026-08-21 03:37:38
269530,4,PLUS S&P글로벌인프라,20080,2,5,0.02,20141.0,-8.3401,1262,25,120,2026-08-21 03:37:38
487750,2,BNK 온디바이스AI,29900,5,-375,-1.24,29847.0,-10.1366,1303,38,120,2026-08-21 03:37:38
140580,2,RISE 우량업종대표주,23910,5,-215,-0.89,23902.0,-8.8591,52,1,120,2026-08-21 03:37:38
0008E0,4,ACE 미국중심중소형제조업,12540,5,-345,-2.68,12579.0,-8.94,338,4,119,2026-08-21 03:37:38
457700,6,KODEX 53-09 국고채액티브,8980,5,-55,-0.61,8981.0,-6.3246,589,5,119,2026-08-21 03:37:38
251590,2,PLUS 고배당저변동50,16880,5,-230,-1.34,16916.0,-2.9041,1895,31,118,2026-08-21 03:37:38
166400,3,TIGER 200커버드콜OTM,23605,2,260,1.11,23664.0,12.4151,818,19,118,2026-08-21 03:37:38
448490,6,HANARO 32-10 국고채액티브,52665,5,-190,-0.36,52665.0,0.199,56,2,118,2026-08-21 03:37:38
409810,4,KODEX 미국나스닥100선물인버스(H),5560,2,55,1.0,5576.0,-2.4801,452746,2521,117,2026-08-21 03:37:38
354240,7,RISE 미국고정배당우선증권,10610,5,-50,-0.47,10586.0,-9.5461,3872,41,117,2026-08-21 03:37:38
280920,2,PLUS 주도업종,23315,5,-255,-1.08,23539.0,-7.9657,85,1,117,2026-08-21 03:37:38
0221Z0,2,ACE K바이오코스닥액티브,10485,5,-830,-7.34,10525.0,,434102,4587,115,2026-08-21 03:37:38
0084E0,7,KIWOOM 미국대형주500월간목표헤지액티브,10300,5,-60,-0.58,10213.0,-6.2855,3,0,113,2026-08-21 03:37:38
410870,2,TIME K컬처액티브,9440,5,-250,-2.58,9504.0,-9.9443,1591,15,113,2026-08-21 03:37:38
451600,6,PLUS 국고채30년액티브,82465,5,-310,-0.37,82497.0,-7.3536,149,12,113,2026-08-21 03:37:38
463640,4,KODEX 미국S&P500유틸리티,14030,5,-240,-1.68,13997.0,-7.474,2573,36,112,2026-08-21 03:37:38
430500,7,KIWOOM 물가채KIS,112100,5,-435,-0.39,112089.0,-0.0045,385,43,112,2026-08-21 03:37:38
371870,4,ACE 차이나항셍테크,7000,5,-85,-1.2,6973.0,-9.3411,224,1,112,2026-08-21 03:37:38
0222D0,2,KoAct 고배당액티브,10180,5,-60,-0.59,10174.0,,13334,135,112,2026-08-21 03:37:38
0094L0,4,RISE 차이나테크TOP10위클리타겟커버드콜,7975,5,-80,-0.99,7947.0,-10.8787,14773,117,112,2026-08-21 03:37:38
451150,4,에셋플러스 글로벌영에이지액티브,17975,5,-115,-0.64,17778.0,-1.7649,2,0,111,2026-08-21 03:37:38
310080,4,RISE 중국MSCI China(H),9565,2,100,1.06,9531.0,-1.8663,1755,16,110,2026-08-21 03:37:38
419420,4,KODEX 미국클린에너지나스닥,9165,5,-195,-2.08,9069.0,-17.049,760,6,110,2026-08-21 03:37:38
407820,2,에셋플러스 코리아플랫폼액티브,6070,5,-75,-1.22,6083.0,-20.0911,24733,149,109,2026-08-21 03:37:38
0203D0,7,PLUS 200위클리커버드콜채권혼합,9100,2,70,0.78,9110.0,,8194,74,109,2026-08-21 03:37:38
464610,2,SOL 의료기기소부장Fn,7230,5,-330,-4.37,7240.0,-13.3028,15284,110,108,2026-08-21 03:37:38
461580,1,TIGER 코스닥글로벌,15425,5,-1025,-6.23,15485.0,-9.6403,25046,397,108,2026-08-21 03:37:38
498050,2,HANARO 바이오코리아액티브,10735,5,-675,-5.92,10791.0,-9.0837,4064,44,107,2026-08-21 03:37:38
0093B0,4,RISE 엔비디아고정테크100,12625,5,-145,-1.14,12569.0,-4.6629,114,1,107,2026-08-21 03:37:38
385710,2,TIME K이노베이션액티브,10685,5,-250,-2.29,10732.0,-21.0755,279,2,107,2026-08-21 03:37:38
0002C0,4,에셋플러스 인도일등기업포커스20액티브,9890,5,-65,-0.65,9907.0,4.0229,884,8,107,2026-08-21 03:37:38
140710,2,KODEX 운송,6275,5,-25,-0.4,6281.0,-1.3746,4931,30,107,2026-08-21 03:37:38
0113G0,4,KoAct 미국바이오헬스케어액티브,11740,5,-535,-4.36,11714.0,23.7399,12751,149,106,2026-08-21 03:37:38
0194N0,2,KIWOOM 삼성전자선물단일종목레버리지,12745,2,830,6.97,12731.0,,4174,51,105,2026-08-21 03:37:38
0068M0,4,KODEX 미국S&P500버퍼6월액티브,11645,5,-200,-1.69,11784.0,-3.9412,813,9,105,2026-08-21 03:37:38
181480,7,ACE 미국부동산리츠(합성 H),86590,5,-30,-0.03,86302.0,3.3244,100,8,104,2026-08-21 03:37:38
237440,7,TIGER 경기방어채권혼합,10320,5,-35,-0.34,10302.0,2.2716,3083,31,103,2026-08-21 03:37:38
0191S0,1,IBK 코스닥150,13900,5,-790,-5.38,13938.0,-16.7706,5786,81,103,2026-08-21 03:37:38
0001P0,2,마이티 바이오시밀러&CDMO액티브,9175,5,-450,-4.68,9197.0,-10.8797,1491,13,103,2026-08-21 03:37:38
456250,4,KODEX 유럽명품TOP10 STOXX,8930,5,-225,-2.46,8933.0,-0.7784,3162,28,103,2026-08-21 03:37:38
446700,2,RISE 배터리 리사이클링,9870,5,-360,-3.52,9873.0,-18.9061,991,9,103,2026-08-21 03:37:38
354350,4,HANARO 글로벌럭셔리S&P(합성),19660,5,-330,-1.65,19695.0,-2.2255,425,8,102,2026-08-21 03:37:38
487910,4,ACE 인도컨슈머파워액티브,8500,5,-80,-0.93,8517.0,-0.5218,257,2,102,2026-08-21 03:37:38
460270,6,KIWOOM 미국달러SOFR금리액티브(합성),12560,5,-110,-0.87,12574.0,-6.4945,39,0,102,2026-08-21 03:37:38
0067Y0,4,TIGER 차이나AI소프트웨어,10605,5,-295,-2.71,10693.0,-17.518,6754,72,101,2026-08-21 03:37:38
117690,4,TIGER 차이나항셍30,20010,5,-275,-1.36,20116.0,-7.5433,145,2,100,2026-08-21 03:37:38
140570,2,RISE 수출주,24990,5,-420,-1.65,24996.0,-6.6153,58,1,100,2026-08-21 03:37:38
494180,4,TIME 글로벌소비트렌드액티브,13305,5,-280,-2.06,13291.0,-4.767,35,0,100,2026-08-21 03:37:38
0189Z0,2,DAISHIN 금융&지주고배당,9945,2,30,0.3,9959.0,,187,1,99,2026-08-21 03:37:38
429010,4,TIGER 미국나스닥넥스트100,19885,5,-455,-2.24,19812.0,4.8994,60,1,99,2026-08-21 03:37:38
0226G0,2,WON 피지컬AI TOP2플러스액티브,12325,5,-215,-1.71,12378.0,,5433,66,99,2026-08-21 03:37:38
463690,4,KODEX 미국S&P500커뮤니케이션,17630,5,-400,-2.22,17703.0,-10.7226,140,2,97,2026-08-21 03:37:38
0174R0,4,KIWOOM 미국성장다우존스,11250,5,-225,-1.96,11244.0,-3.3645,1686,19,96,2026-08-21 03:37:38
0120J0,2,BNK 카카오그룹포커스,7640,5,-395,-4.92,7649.0,-4.7422,101219,778,96,2026-08-21 03:37:38
281990,2,RISE 중소형고배당,17260,5,-110,-0.63,17253.0,-3.7722,99,1,95,2026-08-21 03:37:38
252000,1,TIGER 200동일가중,18720,5,-600,-3.11,18900.0,-4.6541,29,0,94,2026-08-21 03:37:38
399580,4,RISE 글로벌클린에너지,9340,5,-65,-0.69,9269.0,-21.0995,595,5,93,2026-08-21 03:37:38
497510,4,ACE 글로벌빅파마,13290,5,-480,-3.49,13329.0,8.8085,555,7,93,2026-08-21 03:37:38
230480,7,KIWOOM 미국달러선물인버스2X,4625,2,80,1.76,4624.0,15.2091,3308,15,93,2026-08-21 03:37:38
0227K0,4,RISE 미국우주위성통신,9195,5,-285,-3.01,9317.0,,40202,370,92,2026-08-21 03:37:38
375270,7,RISE 글로벌데이터센터리츠(합성),14110,3,0,0.0,14046.0,-13.2227,171,2,92,2026-08-21 03:37:38
449680,7,TIGER 한중전기차(합성),10790,5,-110,-1.01,10882.0,-22.4476,6,0,92,2026-08-21 03:37:38
341850,7,TIGER 리츠부동산인프라채권,4585,5,-5,-0.11,4581.0,-0.0984,1224,5,92,2026-08-21 03:37:38
0224D0,4,KIWOOM 미국CPU반도체TOP4+,9155,5,-140,-1.51,9178.0,,1551,14,92,2026-08-21 03:37:38
174350,2,TIGER 로우볼,20780,5,-75,-0.36,20827.0,4.6702,518,10,91,2026-08-21 03:37:38
0214M0,2,MIDAS 바이오헬스케어액티브,10715,5,-985,-8.42,10834.0,,889,9,91,2026-08-21 03:37:38
371150,4,RISE 차이나항셍테크,6970,5,-95,-1.34,6966.0,-9.5682,252,1,91,2026-08-21 03:37:38
482030,2,KoAct 반도체&2차전지핵심소재액티브,8625,5,-440,-4.85,8639.0,-24.3954,6201,53,91,2026-08-21 03:37:38
0084D0,7,KIWOOM 미국테크100월간목표헤지액티브,11300,5,-230,-1.99,11321.0,-5.4551,124,1,90,2026-08-21 03:37:38
301400,1,PLUS 코스닥150,13885,5,-795,-5.42,13965.0,-17.7131,5037,70,90,2026-08-21 03:37:38
0133E0,4,TIGER 차이나증권,8580,2,10,0.12,8675.0,-3.7416,431,3,90,2026-08-21 03:37:38
139240,2,TIGER 200 철강소재,10535,5,-260,-2.41,10546.0,-17.2163,13103,137,88,2026-08-21 03:37:38
497520,4,ACE 일라이릴리밸류체인,13410,5,-150,-1.11,13491.0,12.7182,1610,21,87,2026-08-21 03:37:38
215620,2,HK S&P코리아로우볼,15980,5,-85,-0.53,15943.0,-3.9175,1,0,86,2026-08-21 03:37:38
435540,7,KIWOOM TDF2040액티브 적격,17255,5,-275,-1.57,17303.0,-3.0139,1277,22,86,2026-08-21 03:37:38
0216K0,7,KIWOOM 미국우주테크TOP2채권혼합50,8610,5,-280,-3.15,8675.0,,23879,206,86,2026-08-21 03:37:38
105010,4,TIGER 라틴35,6115,5,-20,-0.33,6103.0,-11.4376,6914,42,86,2026-08-21 03:37:38
395150,2,KODEX 웹툰&드라마,1775,5,-66,-3.59,1779.0,-10.4137,24428,43,85,2026-08-21 03:37:38
429980,7,SOL 한국형글로벌전기차&2차전지액티브,17035,5,-100,-0.58,17065.0,-14.836,174,2,85,2026-08-21 03:37:38
462340,4,에셋플러스 글로벌다이나믹시니어액티브,16810,5,-380,-2.21,16819.0,7.5383,12,0,84,2026-08-21 03:37:38
182490,6,TIGER 단기선진하이일드(합성 H),13905,3,0,0.0,13858.0,1.2377,559,7,83,2026-08-21 03:37:38
0219Z0,4,HANARO 미국S&P500액티브,10410,5,-260,-2.44,10410.0,,1493,15,83,2026-08-21 03:37:38
381570,2,HANARO Fn친환경에너지,9790,5,-495,-4.81,9810.0,-18.3731,2817,27,83,2026-08-21 03:37:38
0219B0,2,KoAct 광통신&위성네트워크액티브,10395,5,-605,-5.5,10403.0,,15777,165,83,2026-08-21 03:37:38
395280,2,HANARO Fn K-게임,3515,5,-65,-1.82,3519.0,-9.1371,128,0,83,2026-08-21 03:37:38
395750,2,PLUS ESG가치주액티브,20610,2,155,0.76,20662.0,-3.2632,152,3,82,2026-08-21 03:37:38
217780,4,TIGER 차이나CSI300인버스(합성),5315,5,-135,-2.48,5462.0,12.9533,228,1,82,2026-08-21 03:37:38
0172Y0,2,ACE K수출핵심TOP10산업액티브,9670,5,-30,-0.31,9673.0,-9.9351,3773,36,82,2026-08-21 03:37:38
466810,2,BNK 2차전지양극재,5475,5,-265,-4.62,5483.0,-20.3332,1872,10,82,2026-08-21 03:37:38
0215T0,4,HANARO 미국AI광통신TOP10,9105,5,-90,-0.98,9107.0,,46227,419,82,2026-08-21 03:37:38
457930,2,BNK 미래전략기술액티브,27290,5,-445,-1.6,27519.0,-10.8487,114,3,82,2026-08-21 03:37:38
0184N0,7,PLUS 은채권혼합,9070,2,110,1.23,9018.0,-7.7715,56383,510,82,2026-08-21 03:37:38
270800,2,RISE KQ고배당,14830,5,-430,-2.82,14835.0,-13.0974,389,5,82,2026-08-21 03:37:38
404540,2,TIGER KRX기후변화솔루션,23010,5,-655,-2.77,23208.0,-10.1651,173,3,81,2026-08-21 03:37:38
487920,4,ACE 인도시장대표BIG5그룹액티브,8045,5,-55,-0.68,8044.0,-3.8005,307,2,80,2026-08-21 03:37:38
0226D0,7,FOCUS 금융반도체지주채권혼합50액티브,10025,5,-40,-0.4,10051.0,,1243,12,80,2026-08-21 03:37:38
261110,7,TIGER 미국달러선물레버리지,15935,5,-300,-1.85,16021.0,-13.9184,3398,54,80,2026-08-21 03:37:38
0218K0,2,BNK 스마트카,10530,5,-370,-3.39,10576.0,,1715,17,79,2026-08-21 03:37:38
253280,2,RISE 헬스케어,13145,5,-660,-4.78,13186.0,-2.6103,2398,31,79,2026-08-21 03:37:38
480460,7,WON 한국부동산TOP3플러스,9245,5,-15,-0.16,9254.0,-3.0408,60,0,79,2026-08-21 03:37:38
0138D0,2,RISE 동학개미,12020,5,-310,-2.51,12060.0,-23.0338,471,5,78,2026-08-21 03:37:38
0082F0,4,HANARO 유럽방산,11160,5,-210,-1.85,11130.0,10.9268,109,1,78,2026-08-21 03:37:38
189400,4,PLUS 글로벌MSCI(합성 H),26040,2,20,0.08,25922.0,5.2376,529,13,78,2026-08-21 03:37:38
225800,7,KIWOOM 미국달러선물레버리지,15030,5,-250,-1.64,15075.0,-14.1091,200,3,77,2026-08-21 03:37:38
435530,7,KIWOOM TDF2030액티브 적격,15325,5,-215,-1.38,15357.0,-3.0668,925,14,77,2026-08-21 03:37:38
256450,4,PLUS 심천차이넥스트(합성),15255,2,25,0.16,15624.0,-17.6757,2625,39,76,2026-08-21 03:37:38
0094X0,4,1Q 샤오미밸류체인액티브,8465,2,30,0.36,8501.0,-15.9167,3395,28,76,2026-08-21 03:37:38
494210,4,SOL 미국500타겟데일리커버드콜액티브,10865,5,-200,-1.81,10852.0,-2.8949,7928,86,76,2026-08-21 03:37:38
225050,4,TIGER 유로스탁스레버리지(합성 H),16675,2,55,0.33,16657.0,21.3581,133,2,75,2026-08-21 03:37:38
304670,6,KODEX 미국30년국채울트라선물인버스(H),12390,2,130,1.06,12400.0,-0.6081,333,4,74,2026-08-21 03:37:38
437370,4,RISE 글로벌농업경제,10562,2,112,1.07,10560.0,-6.6073,1224,12,74,2026-08-21 03:37:38
227570,2,TIGER 우량가치,20480,5,-220,-1.06,20532.0,-4.6962,586,11,74,2026-08-21 03:37:38
285690,2,FOCUS ESG리더스,20960,5,-580,-2.69,21219.0,-3.3214,100,2,73,2026-08-21 03:37:38
438740,2,MIDAS 중소형액티브,32540,5,-855,-2.56,32417.0,-11.5716,5,0,73,2026-08-21 03:37:38
390400,4,KODEX 미국스마트모빌리티S&P,7315,5,-160,-2.14,7299.0,-7.4778,2532,18,73,2026-08-21 03:37:38
139660,7,KIWOOM 미국달러선물인버스,8385,2,70,0.84,8383.0,8.0571,1375,11,73,2026-08-21 03:37:38
0005C0,6,RISE 미국S&P500엔화노출(합성 H),11210,5,-200,-1.75,11203.0,-3.6318,556,6,73,2026-08-21 03:37:38
488480,4,RISE 일본섹터TOP4Plus,13145,5,-50,-0.38,13114.0,-4.513,476,6,72,2026-08-21 03:37:38
402460,2,HANARO Fn K-메타버스MZ,14380,5,-260,-1.78,14429.0,10.8694,27,0,72,2026-08-21 03:37:38
450180,7,KODEX 한중전기차(합성),11040,5,-130,-1.16,11177.0,-22.1332,101,1,72,2026-08-21 03:37:38
326230,2,RISE 내수주플러스,11155,5,-155,-1.37,11164.0,-3.1679,40,0,71,2026-08-21 03:37:38
400590,4,SOL 글로벌탄소배출권선물ICE(합성),14095,2,120,0.86,14214.0,0.8297,30,0,70,2026-08-21 03:37:38
368680,2,KODEX K-뉴딜디지털플러스,7815,5,-285,-3.52,7866.0,-5.3059,223,1,70,2026-08-21 03:37:38
0036Z0,4,RISE 미국천연가스밸류체인,12770,5,-10,-0.08,12715.0,-10.426,382,4,70,2026-08-21 03:37:38
0176P0,2,FOCUS AI반도체위클리고정커버드콜,12410,5,-310,-2.44,12430.0,-2.7691,1505,18,68,2026-08-21 03:37:38
0166T0,4,PLUS 글로벌저작권핵심기업액티브,9710,5,-180,-1.82,9821.0,-3.3236,134,1,68,2026-08-21 03:37:38
244670,2,KODEX 밸류Plus,11215,5,-110,-0.97,11208.0,-4.7701,26,0,67,2026-08-21 03:37:38
139290,2,TIGER 200 경기소비재,25865,5,-30,-0.12,25894.0,-11.9368,252,6,67,2026-08-21 03:37:38
250780,3,TIGER 코스닥150선물인버스,2490,2,140,5.96,2493.0,3.7527,487913,1205,67,2026-08-21 03:37:38
0047N0,4,PLUS 차이나AI테크TOP10,10340,5,-40,-0.39,10335.0,-9.8176,270,2,67,2026-08-21 03:37:38
429740,7,PLUS K리츠,6095,5,-30,-0.49,6109.0,-3.7968,303,1,67,2026-08-21 03:37:38
456200,6,PLUS 미국달러SOFR금리액티브(합성),59900,5,-420,-0.7,59921.0,-6.8921,5,0,66,2026-08-21 03:37:38
316300,7,ACE 싱가포르리츠,13105,5,-155,-1.17,13154.0,-6.1258,1275,16,66,2026-08-21 03:37:38
0184V0,2,UNICORN K바이오액티브,5895,5,-645,-9.86,5904.0,-20.6311,83498,494,65,2026-08-21 03:37:38
0102X0,4,ACE 유럽방산TOP10,9880,5,-120,-1.2,9892.0,4.9908,822,8,64,2026-08-21 03:37:38
0087F0,4,ACE 차이나AI빅테크TOP2+액티브,12745,3,0,0.0,12709.0,-4.209,362,4,64,2026-08-21 03:37:38
315270,2,TIGER 200커뮤니케이션서비스,19870,5,-275,-1.37,19961.0,-3.6154,990,19,64,2026-08-21 03:37:38
291890,4,KODEX MSCI EM선물(H),12475,2,155,1.26,12412.0,3.8348,148,1,62,2026-08-21 03:37:38
307510,2,TIGER 의료기기,12340,5,-490,-3.82,12379.0,-17.2227,1947,24,62,2026-08-21 03:37:38
138920,5,KODEX 콩선물(H),12135,5,-115,-0.94,12173.0,0.451,702,8,61,2026-08-21 03:37:38
469530,3,RISE 미국달러선물인버스,9405,2,110,1.18,9386.0,8.0813,38,0,60,2026-08-21 03:37:38
289670,6,PLUS 국채선물10년,51870,5,-215,-0.41,51846.0,0.5404,282,14,60,2026-08-21 03:37:38
0114X0,4,RISE 글로벌게임테크TOP3Plus,8465,5,-150,-1.74,8456.0,0.1744,129,1,59,2026-08-21 03:37:38
219900,4,ACE 중국본토CSI300레버리지(합성),4210,5,-55,-1.29,4287.0,-22.7356,1501,6,59,2026-08-21 03:37:38
433250,1,UNICORN R&D 액티브,23405,5,-580,-2.42,23681.0,-5.6823,3,0,59,2026-08-21 03:37:38
451670,6,RISE 국채30년레버리지(합성),11700,5,-45,-0.38,11624.0,-17.0551,6,0,59,2026-08-21 03:37:38
400580,4,SOL 유럽탄소배출권선물S&P(H),11580,3,0,0.0,11693.0,9.659,14,0,58,2026-08-21 03:37:38
407300,2,HANARO Fn골프테마,10495,3,0,0.0,10215.0,-11.3439,1,0,58,2026-08-21 03:37:38
401590,4,HANARO 글로벌탄소배출권선물ICE(합성),11275,3,0,0.0,11340.0,1.8058,181,2,58,2026-08-21 03:37:38
314700,2,HANARO 농업융복합산업,10335,5,-340,-3.19,10379.0,-15.1486,11,0,57,2026-08-21 03:37:38
476310,4,RISE 글로벌비만산업TOP2+,10235,5,-305,-2.89,10344.0,6.3066,411,4,56,2026-08-21 03:37:38
413220,4,SOL 차이나태양광CSI(합성),4690,2,25,0.54,4710.0,-30.477,195,0,56,2026-08-21 03:37:38
483020,2,KIWOOM 의료AI,9380,5,-345,-3.55,9402.0,-12.1103,1473,13,56,2026-08-21 03:37:38
0053M0,2,더제이 중소형포커스액티브,12485,5,-375,-2.92,12526.0,-11.1265,313,3,56,2026-08-21 03:37:38
0191B0,1,MIDAS 코스닥액티브,27765,5,-2255,-7.51,27794.0,-15.3174,3281,91,56,2026-08-21 03:37:38
267450,6,RISE 미국장기국채선물인버스(H),11100,3,0,0.0,11124.0,-0.4038,0,0,56,2026-08-21 03:37:38
432600,6,RISE 국채선물3년,55300,5,-15,-0.03,55280.0,1.0965,2,0,55,2026-08-21 03:37:38
220130,4,SOL 차이나강소기업CSI500(합성 H),6870,2,80,1.18,6876.0,-7.7446,5366,36,55,2026-08-21 03:37:38
470310,2,UNICORN 생성형AI강소기업액티브,18225,5,-590,-3.14,18395.0,15.7134,381,6,55,2026-08-21 03:37:38
483030,4,KIWOOM 미국블록버스터바이오테크의약품+,12105,5,-475,-3.78,12150.0,10.0322,3271,39,54,2026-08-21 03:37:38
499150,4,SOL 미국S&P500엔화노출(H),10780,5,-185,-1.69,10805.0,-4.1051,203,2,54,2026-08-21 03:37:38
321410,7,KODEX 멀티에셋하이인컴(H),10680,5,-15,-0.14,10667.0,2.5812,3729,39,53,2026-08-21 03:37:38
474390,6,SOL 국고채30년액티브,39670,5,-190,-0.48,39626.0,-7.3993,484,19,53,2026-08-21 03:37:38
490330,4,KoAct 미국치매&뇌질환치료제액티브,15125,5,-580,-3.69,15152.0,18.6626,2277,34,53,2026-08-21 03:37:38
488200,2,KIWOOM K-2차전지북미공급망,11760,5,-465,-3.8,11767.0,-18.721,1780,20,53,2026-08-21 03:37:38
0015E0,7,KIWOOM 엔비디아미국30년국채혼합액티브(H),10530,5,-75,-0.71,10512.0,-0.4201,443,4,53,2026-08-21 03:37:38
0174J0,7,DAISHIN 오피스리츠플러스,8770,5,-35,-0.4,8765.0,-1.7746,3694,32,53,2026-08-21 03:37:38
411860,4,KIWOOM 독일DAX,17240,5,-195,-1.12,17206.0,0.0397,141,2,52,2026-08-21 03:37:38
0132D0,7,KoAct 글로벌K컬처밸류체인액티브,9335,5,-260,-2.71,9447.0,0.5765,63,0,51,2026-08-21 03:37:38
295000,6,RISE 국채선물10년,51180,5,-155,-0.3,51174.0,0.2636,4,0,51,2026-08-21 03:37:38
0073X0,5,FOCUS 알리바바미국채커버드콜혼합,9270,5,-180,-1.9,9352.0,-8.0716,2332,21,51,2026-08-21 03:37:38
0128D0,4,PLUS 차이나항셍테크위클리타겟커버드콜,7130,5,-65,-0.9,7161.0,-8.7733,1499,10,50,2026-08-21 03:37:38
0154H0,4,KoAct 차이나바이오헬스케어액티브,9070,5,-335,-3.56,9179.0,9.424,1476,13,50,2026-08-21 03:37:38
291630,3,KIWOOM 코스닥150선물레버리지,3380,5,-440,-11.52,3381.0,-40.8669,95558,328,49,2026-08-21 03:37:38
498610,4,RISE 인도디지털성장,8155,5,-230,-2.74,8328.0,-0.1904,256,2,49,2026-08-21 03:37:38
0015K0,4,TIGER 미국소비트렌드액티브,7175,5,-155,-2.11,7132.0,-2.1362,108,0,49,2026-08-21 03:37:38
0078V0,4,PLUS 미국로보택시,9735,5,-85,-0.87,9675.0,-12.7112,83,0,49,2026-08-21 03:37:38
267440,6,RISE 미국장기국채선물(H),8032,5,-18,-0.22,8083.0,0.1243,68,0,48,2026-08-21 03:37:38
391600,4,ACE 미국친환경그린테마,10480,5,-325,-3.01,10485.0,-15.1551,27,0,47,2026-08-21 03:37:38
0131A0,4,SOL 차이나소비트렌드,7825,5,-165,-2.07,7933.0,-14.0399,1223,9,47,2026-08-21 03:37:38
244660,2,KODEX 퀄리티Plus,9145,5,-160,-1.72,9173.0,-3.5982,25,0,46,2026-08-21 03:37:38
266550,2,PLUS 중형주저변동50,18215,5,-190,-1.03,18193.0,-3.7396,1,0,46,2026-08-21 03:37:38
373790,4,KIWOOM 미국방어배당성장나스닥,15850,5,-170,-1.06,15831.0,-2.1745,126,2,44,2026-08-21 03:37:38
205720,4,ACE 일본TOPIX인버스(합성 H),1468,5,-1,-0.07,1470.0,-8.0151,2101,3,44,2026-08-21 03:37:38
488210,2,KIWOOM K-반도체북미공급망,21555,5,-520,-2.36,21607.0,-11.441,253,5,43,2026-08-21 03:37:38
243890,2,TIGER 200에너지화학레버리지,8150,5,-295,-3.49,8163.0,-20.5551,28865,232,43,2026-08-21 03:37:38
252420,3,RISE 200선물인버스2X,79,5,-3,-3.66,78.0,-35.4331,1451120,116,42,2026-08-21 03:37:38
226380,2,ACE Fn성장소비주도주,5785,5,-110,-1.87,5840.0,-3.0428,3,0,40,2026-08-21 03:37:38
238670,7,PLUS 스마트베타Quality채권혼합,13480,2,20,0.15,13374.0,3.858,12265,164,40,2026-08-21 03:37:38
277650,2,TIGER 코스피중형주,20095,5,-550,-2.66,20210.0,-11.1279,100,2,40,2026-08-21 03:37:38
0050E0,4,PLUS 미국AI에이전트,8030,5,-215,-2.61,8069.0,0.733,1349,10,40,2026-08-21 03:37:38
334690,5,RISE 팔라듐선물(H),6135,2,75,1.24,6139.0,-4.567,2437,14,40,2026-08-21 03:37:38
227550,2,TIGER 200 산업재,11705,5,-595,-4.84,11695.0,-13.8052,501,5,40,2026-08-21 03:37:38
225030,4,TIGER 미국S&P500선물인버스(H),2260,2,20,0.89,2262.0,-4.4777,5369,12,38,2026-08-21 03:37:38
291680,4,RISE 차이나H선물인버스(H),7670,2,120,1.59,7690.0,-3.2672,6,0,38,2026-08-21 03:37:38
0079X0,4,ACE BYD밸류체인액티브,10285,2,85,0.83,10256.0,-16.5303,62160,629,36,2026-08-21 03:37:38
267490,6,RISE 미국장기국채선물레버리지(합성 H),4945,5,-90,-1.79,5023.0,-0.0993,1817,8,35,2026-08-21 03:37:38
427120,2,RISE AI플랫폼,5215,5,-85,-1.6,5244.0,-8.6207,14904,79,34,2026-08-21 03:37:38
454180,4,KIWOOM 차이나내수소비TOP CSI,7730,5,-80,-1.02,7770.0,-8.3811,1303,10,31,2026-08-21 03:37:38
489010,4,PLUS 글로벌AI인프라,20310,5,-305,-1.48,20242.0,-5.0657,441,8,30,2026-08-21 03:37:38
227560,2,TIGER 200 생활소비재,12670,5,-145,-1.13,12734.0,-0.8381,700,8,30,2026-08-21 03:37:38
306530,3,HANARO 코스닥150선물레버리지,6745,5,-885,-11.6,6733.0,-41.7113,37466,254,30,2026-08-21 03:37:38
476000,2,UNICORN 포스트IPO액티브,5215,5,-275,-5.01,5234.0,-36.9691,96846,505,29,2026-08-21 03:37:38
145670,3,ACE 인버스,1272,5,-20,-1.55,1276.0,-12.4068,155275,201,28,2026-08-21 03:37:38
280940,5,KODEX 골드선물인버스(H),3335,3,0,0.0,3319.0,-0.299,1166,3,27,2026-08-21 03:37:38
252410,3,RISE 200선물인버스,1303,5,-16,-1.21,1298.0,-11.4171,5545,7,26,2026-08-21 03:37:38
491630,4,RISE 미국반도체인버스(합성 H),5380,5,-30,-0.55,5394.0,-15.2038,1407,7,26,2026-08-21 03:37:38
291620,3,KIWOOM 코스닥150선물인버스,4410,2,245,5.88,4417.0,3.995,38951,170,25,2026-08-21 03:37:38
275750,3,RISE 코스닥150선물인버스,2535,2,155,6.51,2525.0,3.2537,183891,464,24,2026-08-21 03:37:38
253230,3,KIWOOM 200선물인버스2X,75,5,-3,-3.85,75.0,-37.0968,2269399,171,23,2026-08-21 03:37:38
334700,5,RISE 팔라듐선물인버스(H),3250,5,-30,-0.91,3259.0,-0.7565,528,1,21,2026-08-21 03:37:38
253240,3,KIWOOM 200선물인버스,1298,5,-23,-1.74,1301.0,-11.7569,23254,30,16,2026-08-21 03:37:38
306520,3,HANARO 200선물인버스,2370,5,-45,-1.86,2371.0,-11.7002,1290,3,14,2026-08-21 03:37:38
261920,4,ACE MSCI필리핀(합성),12770,5,-65,-0.51,12775.0,-2.5807,6,0,13,2026-08-21 03:37:38
253160,3,PLUS 200선물인버스2X,152,5,-5,-3.18,152.0,-39.6154,356871,54,13,2026-08-21 03:37:38
412560,2,TIGER BBIG레버리지,1726,5,-153,-8.14,1737.0,-21.8712,8195,14,12,2026-08-21 03:37:38
465620,4,ACE 미국빅테크TOP7 Plus인버스(합성),6565,2,100,1.55,6591.0,2.9458,139,0,7,2026-08-21 03:37:38
