itemcode,etfTabCode,itemname,nowVal,risefall,changeVal,changeRate,nav,threeMonthEarnRate,quant,amonut,marketSum,collected_at
069500,1,KODEX 200,108000,2,385,0.36,108071.0,-20.0152,21643338,2325397,250884,2026-09-01 06:21:25
360750,4,TIGER 미국S&P500,26130,3,0,0.0,26118.0,-7.4421,26505371,692454,203945,2026-09-01 06:21:25
133690,4,TIGER 미국나스닥100,178880,2,340,0.19,178725.0,-11.4625,3226710,576335,114930,2026-09-01 06:21:25
102110,1,TIGER 200,108250,2,375,0.35,108333.0,-19.9526,11579732,1246997,102729,2026-09-01 06:21:25
379800,4,KODEX 미국S&P500,23750,5,-5,-0.02,23741.0,-7.4318,19664949,466995,100771,2026-09-01 06:21:25
396500,2,TIGER 반도체TOP10,35215,2,210,0.6,35259.0,-30.6145,6649632,232480,94887,2026-09-01 06:21:25
379810,4,KODEX 미국나스닥100,26750,2,55,0.21,26721.0,-11.4854,19084685,509432,92983,2026-09-01 06:21:25
488770,7,KODEX 머니마켓액티브,105390,2,10,0.01,105391.0,0.8517,485735,51190,82447,2026-09-01 06:21:25
278530,1,KODEX 200TR,39120,2,180,0.46,39140.0,-19.7362,662677,25811,76695,2026-09-01 06:21:25
459580,6,KODEX CD금리액티브(합성),1073477,2,87,0.01,1073679.0,0.72,428990,460511,65215,2026-09-01 06:21:25
122630,3,KODEX 레버리지,107930,2,850,0.79,108020.0,-47.6126,14569938,1555381,58498,2026-09-01 06:21:25
498400,2,KODEX 200타겟위클리커버드콜,20495,2,105,0.51,20499.0,-19.7926,4286917,87439,57529,2026-09-01 06:21:25
381180,4,TIGER 미국필라델피아반도체나스닥,41280,2,135,0.33,41157.0,-18.9564,1465824,60267,56079,2026-09-01 06:21:25
0167A0,2,SOL AI반도체TOP2플러스,17455,2,25,0.14,17477.0,-30.8334,10148197,176047,56004,2026-09-01 06:21:25
091160,2,KODEX 반도체,124835,2,155,0.12,125003.0,-22.5494,1213346,150707,54927,2026-09-01 06:21:25
229200,1,KODEX 코스닥150,13995,5,-375,-2.61,14040.0,-23.2782,31888170,446758,48836,2026-09-01 06:21:25
148020,1,RISE 200,108800,2,440,0.41,108891.0,-20.405,1270983,137508,44390,2026-09-01 06:21:25
310970,1,TIGER MSCI Korea TR,48150,2,40,0.08,48213.0,-19.79,10083,484,43672,2026-09-01 06:21:25
458730,4,TIGER 미국배당다우존스,15105,2,10,0.07,15107.0,-2.1736,1658822,25094,43004,2026-09-01 06:21:25
0162Z0,7,RISE 삼성전자SK하이닉스채권혼합50,13360,2,65,0.49,13383.0,-8.8407,4301666,57336,41162,2026-09-01 06:21:25
411060,5,ACE KRX금현물,27435,2,10,0.04,27390.0,-8.5986,774657,21283,40796,2026-09-01 06:21:25
395160,2,KODEX AI반도체TOP2플러스,39305,2,280,0.72,39344.0,-27.4224,2998665,117034,40170,2026-09-01 06:21:25
360200,4,ACE 미국S&P500,26415,2,5,0.02,26404.0,-7.483,1137142,30018,39517,2026-09-01 06:21:25
381170,4,TIGER 미국테크TOP10 INDXX,30570,5,-80,-0.26,30569.0,-12.591,277266,8463,37754,2026-09-01 06:21:25
423160,6,KODEX KOFR금리액티브(합성),110660,3,0,0.0,110656.0,0.6885,48302,5345,35614,2026-09-01 06:21:25
357870,6,TIGER CD금리투자KIS(합성),57990,2,10,0.02,57986.0,0.7384,152778,8859,35536,2026-09-01 06:21:25
395270,2,HANARO Fn K-반도체,55725,2,325,0.59,55807.0,-26.739,974418,53979,35218,2026-09-01 06:21:25
102780,2,KODEX 삼성그룹,26695,2,25,0.09,26754.0,-18.5649,488822,13014,34490,2026-09-01 06:21:25
367380,4,ACE 미국나스닥100,30750,2,70,0.23,30722.0,-11.5054,434549,13339,34440,2026-09-01 06:21:25
233740,3,KODEX 코스닥150레버리지,6900,5,-360,-4.96,6928.0,-49.8446,64412829,446803,33631,2026-09-01 06:21:25
273130,6,KODEX 종합채권(AA-이상)액티브,109750,5,-365,-0.33,109760.0,-0.9936,7022,770,33352,2026-09-01 06:21:25
0043B0,6,TIGER 머니마켓액티브,103515,2,10,0.01,103519.0,0.882,88846,9196,32960,2026-09-01 06:21:25
487240,2,KODEX AI전력핵심설비,36305,5,-495,-1.35,36304.0,-22.0525,2402539,86257,31694,2026-09-01 06:21:25
455890,6,RISE 머니마켓액티브,55470,2,5,0.01,55473.0,0.8087,196550,10902,31167,2026-09-01 06:21:25
139260,2,TIGER 200 IT,136805,2,225,0.16,137002.0,-27.2322,199858,27204,27279,2026-09-01 06:21:25
472150,2,TIGER 배당커버드콜액티브,20190,2,125,0.62,20231.0,-18.375,2320352,46603,26520,2026-09-01 06:21:25
481050,6,KODEX CD1년금리플러스액티브(합성),1021640,2,85,0.01,1021629.0,0.7725,27623,28220,25211,2026-09-01 06:21:25
161510,2,PLUS 고배당주,25595,2,265,1.05,25634.0,-3.2357,484538,12358,24610,2026-09-01 06:21:25
426030,4,TIME 미국나스닥100액티브,44800,2,350,0.79,44661.0,-22.6957,588715,26266,24398,2026-09-01 06:21:25
486290,4,TIGER 미국나스닥100타겟데일리커버드콜,10410,2,20,0.19,10402.0,-11.5965,1632271,16955,24359,2026-09-01 06:21:25
449170,6,TIGER KOFR금리액티브(합성),111740,2,5,0.0,111745.0,0.6621,39927,4461,24063,2026-09-01 06:21:25
278540,1,KODEX MSCI Korea TR,38355,5,-20,-0.05,38380.0,-19.7428,12195,464,23512,2026-09-01 06:21:25
0193T0,2,KODEX SK하이닉스단일종목레버리지,10125,2,315,3.21,10137.0,-67.1852,18385583,183360,23374,2026-09-01 06:21:25
456600,4,TIME 글로벌AI인공지능액티브,57500,2,450,0.79,57426.0,-17.5995,97821,5605,21068,2026-09-01 06:21:25
284430,6,KODEX 200미국채혼합50,20770,3,0,0.0,20782.0,-13.4103,443932,9196,20272,2026-09-01 06:21:25
292150,2,TIGER 코리아TOP10,37775,2,265,0.71,37817.0,-20.5514,226351,8522,20247,2026-09-01 06:21:25
385540,6,RISE 종합채권(A-이상)액티브,102770,5,-435,-0.42,102857.0,-0.9217,290,29,19513,2026-09-01 06:21:25
214980,6,KODEX 단기채권PLUS,114625,2,5,0.0,114634.0,0.6788,30415,3486,18245,2026-09-01 06:21:25
294400,1,KIWOOM 200TR,141710,2,385,0.27,141875.0,-19.8997,148176,20901,18068,2026-09-01 06:21:25
305720,2,KODEX 2차전지산업,15290,5,-215,-1.39,15318.0,-23.5643,4615628,72069,17843,2026-09-01 06:21:25
442580,4,PLUS 글로벌HBM반도체,99060,2,1610,1.65,99228.0,-18.2981,312011,30735,17108,2026-09-01 06:21:25
105190,1,ACE 200,108270,2,410,0.38,108319.0,-20.4034,165103,17801,17107,2026-09-01 06:21:25
441640,4,KODEX 미국배당커버드콜액티브,12635,2,35,0.28,12630.0,-3.787,928047,11719,16887,2026-09-01 06:21:25
477080,6,RISE CD금리액티브(합성),107455,2,5,0.0,107457.0,0.7217,5827,626,16240,2026-09-01 06:21:25
329200,2,TIGER 리츠부동산인프라,4070,5,-25,-0.61,4074.0,2.0159,1734563,7055,15509,2026-09-01 06:21:25
368590,4,RISE 미국나스닥100,29840,2,65,0.22,29813.0,-11.4077,170138,5067,15487,2026-09-01 06:21:25
446770,4,ACE 글로벌반도체TOP4 Plus,76020,2,460,0.61,75783.0,-18.2132,47140,3570,15318,2026-09-01 06:21:25
0177N0,7,KODEX 삼성전자SK하이닉스채권혼합50,14105,2,55,0.39,14128.0,-8.7049,3164108,44487,15276,2026-09-01 06:21:25
0193W0,2,KODEX 삼성전자단일종목레버리지,11840,2,95,0.81,11857.0,-51.6965,4310730,50303,15206,2026-09-01 06:21:25
453850,6,ACE 미국30년국채액티브(H),7120,5,-65,-0.9,7153.0,-2.4407,661169,4712,15023,2026-09-01 06:21:25
152100,1,PLUS 200,109600,2,315,0.29,109693.0,-20.1038,501327,54649,14906,2026-09-01 06:21:25
379780,4,RISE 미국S&P500,22840,5,-10,-0.04,22834.0,-7.4307,251736,5750,14800,2026-09-01 06:21:25
466920,2,SOL 조선TOP3플러스,27825,5,-70,-0.25,27907.0,-26.008,752623,20772,14761,2026-09-01 06:21:25
475630,7,TIGER CD1년금리액티브(합성),1075895,2,85,0.01,1075894.0,0.7718,29430,31663,14243,2026-09-01 06:21:25
226490,1,KODEX 코스피,70165,2,240,0.34,70251.0,-19.3134,589754,41315,14173,2026-09-01 06:21:25
0195S0,2,TIGER SK하이닉스단일종목레버리지,8600,2,260,3.12,8597.0,-67.1266,9161295,77766,14162,2026-09-01 06:21:25
487230,4,KODEX 미국AI전력핵심인프라,18460,5,-75,-0.4,18375.0,-28.3544,662201,12167,13965,2026-09-01 06:21:25
436140,6,SOL 종합채권(AA-이상)액티브,106045,5,-440,-0.41,106081.0,-0.9811,1772,187,13523,2026-09-01 06:21:25
091230,2,TIGER 반도체,132010,2,515,0.39,132036.0,-22.4018,81179,10651,13386,2026-09-01 06:21:25
232080,1,TIGER 코스닥150,14280,5,-370,-2.53,14318.0,-23.1173,9181113,131184,13329,2026-09-01 06:21:25
448330,1,KODEX 삼성전자채권혼합,17375,2,75,0.43,17363.0,-3.0345,363624,6303,12840,2026-09-01 06:21:25
157450,6,TIGER 단기통안채,112530,2,15,0.01,112531.0,0.6215,13910,1565,12791,2026-09-01 06:21:25
390390,4,KODEX 미국반도체,52055,2,160,0.31,51893.0,-16.3026,606055,31418,12389,2026-09-01 06:21:25
438080,7,ACE 미국S&P500미국채혼합50액티브,13970,2,20,0.14,13951.0,-7.8904,283484,3960,12280,2026-09-01 06:21:25
0072R0,5,TIGER KRX금현물,13110,2,10,0.08,13090.0,-8.3276,790350,10371,12133,2026-09-01 06:21:25
469150,2,ACE AI반도체TOP3+,56755,5,-335,-0.59,56838.0,-27.0556,562676,31817,11266,2026-09-01 06:21:25
0183J0,4,TIGER 미국우주테크,7475,2,45,0.61,7463.0,-58.7681,809027,6023,10977,2026-09-01 06:21:25
0139F0,6,TIGER 12월자동연장금융채(AA-이상)액티브,102100,3,0,0.0,102114.0,0.7449,1344,137,10800,2026-09-01 06:21:25
494890,1,KODEX 200액티브,31145,2,140,0.45,31158.0,-20.3457,121544,3766,10683,2026-09-01 06:21:25
445290,2,KODEX 로봇액티브,30440,5,-540,-1.74,30487.0,-30.628,218371,6684,10608,2026-09-01 06:21:25
497570,4,TIGER 미국필라델피아AI반도체나스닥,21035,2,50,0.24,20947.0,-14.3863,426839,8934,10602,2026-09-01 06:21:25
465580,4,ACE 미국빅테크TOP7 Plus,24220,5,-50,-0.21,24209.0,-8.622,269894,6530,10584,2026-09-01 06:21:25
356540,6,ACE 종합채권(AA-이상)액티브,101120,5,-260,-0.26,101144.0,-0.8364,425,42,10493,2026-09-01 06:21:25
446720,4,SOL 미국배당다우존스,13850,2,5,0.04,13849.0,-2.158,244276,3388,10457,2026-09-01 06:21:25
451540,6,TIGER 종합채권(AA-이상)액티브,52760,5,-185,-0.35,52779.0,-1.0282,1485,78,10342,2026-09-01 06:21:25
479520,6,RISE KOFR금리액티브(합성),106365,2,25,0.02,106365.0,0.6435,6500,691,10325,2026-09-01 06:21:25
449180,4,KODEX 미국S&P500(H),17165,5,-10,-0.06,17156.0,1.3026,439241,7540,10282,2026-09-01 06:21:25
0117V0,2,TIGER 코리아AI전력기기TOP3플러스,18970,5,-275,-1.43,18970.0,-20.6054,1200596,22518,10168,2026-09-01 06:21:25
449450,2,PLUS K방산,52205,5,-1235,-2.31,52245.0,-21.5618,243451,12760,10164,2026-09-01 06:21:25
479080,6,1Q 머니마켓액티브,53760,2,10,0.02,53758.0,0.8442,20804,1118,10150,2026-09-01 06:21:25
455850,2,SOL AI반도체소부장,23995,5,-470,-1.92,24016.0,-15.3461,785962,18791,10126,2026-09-01 06:21:25
494300,4,KODEX 미국나스닥100데일리커버드콜OTM,8930,2,15,0.17,8929.0,-14.4851,1317898,11746,10046,2026-09-01 06:21:25
295040,1,SOL 200TR,40485,2,120,0.3,40530.0,-20.1958,85540,3447,9959,2026-09-01 06:21:25
469830,6,SOL 초단기채권액티브,54370,3,0,0.0,54371.0,0.8439,132247,7190,9912,2026-09-01 06:21:25
402970,4,ACE 미국배당다우존스,15385,2,20,0.13,15382.0,-2.2266,176637,2718,9693,2026-09-01 06:21:25
305540,2,TIGER 2차전지테마,19430,5,-225,-1.14,19461.0,-21.4272,891232,17676,9676,2026-09-01 06:21:25
315930,2,KODEX Top5PlusTR,80520,2,395,0.49,80593.0,-20.1466,7319,588,9662,2026-09-01 06:21:25
237350,1,KODEX 코스피100,86095,2,575,0.67,86274.0,-20.6414,129170,11093,9643,2026-09-01 06:21:25
495050,1,RISE 코리아밸류업,32210,2,145,0.45,32231.0,-18.1603,38025,1218,9582,2026-09-01 06:21:25
494310,2,KODEX 반도체레버리지,74675,2,95,0.13,74990.0,-54.653,2460642,182142,9409,2026-09-01 06:21:25
438100,7,ACE 미국나스닥100미국채혼합50액티브,15075,2,15,0.1,15082.0,-9.8474,208743,3144,9286,2026-09-01 06:21:25
0117L0,6,KODEX 26-12 금융채(AA-이상)액티브,10155,3,0,0.0,10154.0,0.5943,183697,1865,9225,2026-09-01 06:21:25
0195R0,2,TIGER 삼성전자단일종목레버리지,10825,2,90,0.84,10822.0,-52.2889,2986713,31821,8960,2026-09-01 06:21:25
487340,6,ACE 머니마켓액티브,105840,2,5,0.0,105843.0,0.8624,3393,359,8807,2026-09-01 06:21:25
498410,2,KODEX 금융고배당TOP10타겟위클리커버드콜,11940,2,105,0.89,11988.0,8.0276,1148787,13689,8680,2026-09-01 06:21:25
475720,3,RISE 200위클리커버드콜,12655,2,95,0.76,12690.0,-16.5491,603396,7603,8561,2026-09-01 06:21:25
0219E0,2,KODEX 200커버드콜액티브,8355,2,55,0.66,8360.0,,3537024,29394,8372,2026-09-01 06:21:25
466940,2,TIGER 은행고배당플러스TOP10,27000,2,310,1.16,27036.0,11.1912,602523,16207,8303,2026-09-01 06:21:25
441800,1,TIME Korea플러스배당액티브,28985,2,375,1.31,29013.0,-20.6482,137448,3953,8214,2026-09-01 06:21:25
0048J0,6,KODEX 미국머니마켓액티브,13670,2,30,0.22,13667.0,-8.2987,509103,6956,8136,2026-09-01 06:21:25
462330,2,KODEX 2차전지산업레버리지,1127,5,-32,-2.76,1131.0,-49.6087,86014334,100688,8046,2026-09-01 06:21:25
153130,6,KODEX 단기채권,113295,2,5,0.0,113288.0,0.6468,15857,1796,7985,2026-09-01 06:21:25
144600,5,KODEX 은선물(H),10825,2,10,0.09,10821.0,-12.8526,366786,3968,7967,2026-09-01 06:21:25
0177R0,2,TIGER 반도체TOP10커버드콜액티브,11080,2,60,0.54,11091.0,-24.7632,1057588,11637,7878,2026-09-01 06:21:25
457480,4,ACE 테슬라밸류체인액티브,18900,2,385,2.08,18886.0,-26.411,222444,4215,7806,2026-09-01 06:21:25
476550,6,TIGER 미국30년국채커버드콜액티브(H),6755,5,-55,-0.81,6783.0,-2.5612,1337423,9038,7805,2026-09-01 06:21:25
0025N0,7,TIGER TDF2045 적격,11940,5,-10,-0.08,11906.0,-5.8685,212417,2535,7761,2026-09-01 06:21:25
490590,4,RISE 미국AI밸류체인데일리고정커버드콜,13815,5,-20,-0.14,13784.0,-13.6568,519930,7157,7674,2026-09-01 06:21:25
481060,6,KODEX 미국30년국채타겟커버드콜(합성 H),7410,5,-60,-0.8,7468.0,-1.3554,349903,2592,7621,2026-09-01 06:21:25
272580,6,TIGER 단기채권액티브,57085,2,5,0.01,57086.0,0.6968,6538,373,7459,2026-09-01 06:21:25
069660,1,KIWOOM 200,107945,2,270,0.25,108032.0,-20.3105,75569,8116,7448,2026-09-01 06:21:25
252670,3,KODEX 200선물인버스2X,77,3,0,0.0,77.0,-8.3334,5461167738,422393,7289,2026-09-01 06:21:25
371460,4,TIGER 차이나전기차SOLACTIVE,10060,5,-30,-0.3,10116.0,-26.3504,167377,1689,7279,2026-09-01 06:21:25
364980,2,TIGER 2차전지TOP10,10725,5,-165,-1.52,10744.0,-18.6099,3685999,40435,7239,2026-09-01 06:21:25
0061Z0,6,RISE 단기특수은행채액티브,50990,2,10,0.02,50987.0,0.7111,85,4,7216,2026-09-01 06:21:25
458760,4,TIGER 미국배당다우존스타겟커버드콜2호,11040,2,10,0.09,11048.0,-1.8952,160607,1776,7115,2026-09-01 06:21:25
102970,2,KODEX 증권,18405,2,30,0.16,18433.0,-27.8369,383509,6978,7058,2026-09-01 06:21:25
456610,6,TIGER 미국달러SOFR금리액티브(합성),59460,2,55,0.09,59521.0,-8.2265,26352,1567,7046,2026-09-01 06:21:25
114800,3,KODEX 인버스,1021,5,-4,-0.39,1021.0,5.5612,665102737,682821,6998,2026-09-01 06:21:25
434730,2,HANARO 원자력iSelect,58760,5,-960,-1.61,58832.0,-19.7851,182303,10641,6963,2026-09-01 06:21:25
495850,1,KODEX 코리아밸류업,31920,2,90,0.28,31973.0,-18.1088,49061,1558,6863,2026-09-01 06:21:25
0167B0,2,SOL 200타겟위클리커버드콜,11725,2,90,0.77,11739.0,-19.7467,1409743,16456,6836,2026-09-01 06:21:25
0127P0,4,ACE 미국대형성장주액티브,10445,5,-5,-0.05,10425.0,-10.9366,85110,889,6826,2026-09-01 06:21:25
367760,2,RISE 네트워크인프라,58135,5,-1175,-1.98,58237.0,-32.6138,291766,16965,6744,2026-09-01 06:21:25
138540,2,TIGER 현대차그룹플러스,51150,5,-325,-0.63,51219.0,-31.5493,56818,2903,6680,2026-09-01 06:21:25
290130,2,RISE ESG사회책임투자,46940,2,265,0.57,47049.0,-20.5262,33594,1571,6642,2026-09-01 06:21:25
314250,4,KODEX 미국빅테크10(H),62810,5,-145,-0.23,62808.0,3.3336,30166,1894,6633,2026-09-01 06:21:25
482730,4,TIGER 미국S&P500타겟데일리커버드콜,11710,3,0,0.0,11713.0,-7.5067,231003,2704,6604,2026-09-01 06:21:25
418660,4,TIGER 미국나스닥100레버리지(합성),39440,2,160,0.41,39359.0,-23.5724,181165,7115,6527,2026-09-01 06:21:25
329750,6,TIGER 미국달러단기채권액티브,12945,3,0,0.0,12954.0,-8.354,234147,3032,6488,2026-09-01 06:21:25
434060,7,KODEX TDF2050액티브 적격,16725,2,20,0.12,16666.0,-9.3266,80057,1339,6289,2026-09-01 06:21:25
0101N0,2,RISE AI전력인프라,19570,5,-340,-1.71,19579.0,-17.0417,195192,3813,6145,2026-09-01 06:21:25
489250,4,KODEX 미국배당다우존스,13005,3,0,0.0,13016.0,-2.2169,514303,6698,6138,2026-09-01 06:21:25
0148J0,2,TIGER 코리아휴머노이드로봇산업,8955,5,-220,-2.4,8953.0,-33.7306,2418578,21887,6107,2026-09-01 06:21:25
251600,7,PLUS 고배당주채권혼합,15535,2,40,0.26,15567.0,-0.2876,254501,3949,6012,2026-09-01 06:21:25
484790,6,KODEX 미국30년국채액티브(H),8205,5,-70,-0.85,8228.0,-2.2398,640880,5251,6007,2026-09-01 06:21:25
491010,4,TIGER 글로벌AI전력인프라액티브,23675,5,-125,-0.53,23662.0,-30.1849,49729,1173,5959,2026-09-01 06:21:25
0015B0,4,KoAct 미국나스닥성장기업액티브,18270,2,275,1.53,18251.0,-26.1744,364403,6635,5919,2026-09-01 06:21:25
277630,1,TIGER 코스피,71225,2,285,0.4,71295.0,-19.3874,203549,14483,5876,2026-09-01 06:21:25
0091P0,2,TIGER 코리아원자력,16600,5,-550,-3.21,16616.0,-18.4886,1391681,23178,5694,2026-09-01 06:21:25
488080,3,TIGER 반도체TOP10레버리지,32310,2,75,0.23,32495.0,-62.9909,3356138,106955,5687,2026-09-01 06:21:25
449190,4,KODEX 미국나스닥100(H),22195,2,20,0.09,22173.0,-2.9842,240659,5332,5682,2026-09-01 06:21:25
466950,4,TIGER 글로벌AI액티브,30020,2,140,0.47,29943.0,-27.5725,46769,1398,5665,2026-09-01 06:21:25
494670,2,TIGER 조선TOP10,21955,2,40,0.18,21993.0,-26.4104,213036,4640,5653,2026-09-01 06:21:25
371160,4,TIGER 차이나항셍테크,6855,5,-45,-0.65,6848.0,-14.5895,728948,5004,5604,2026-09-01 06:21:25
0019K0,7,TIME 미국나스닥100채권혼합50액티브,13075,2,25,0.19,13065.0,-10.0,226108,2949,5583,2026-09-01 06:21:25
396520,4,TIGER 차이나반도체FACTSET,13465,5,-360,-2.6,13485.0,-12.6935,295041,4005,5553,2026-09-01 06:21:25
477050,6,PLUS 머니마켓액티브,53505,3,0,0.0,53514.0,0.8481,13352,714,5546,2026-09-01 06:21:25
462010,2,TIGER 2차전지소재Fn,5082,5,-163,-3.11,5087.0,-28.0522,2919302,15075,5542,2026-09-01 06:21:25
491620,4,RISE 미국테크100데일리고정커버드콜,10420,5,-30,-0.29,10413.0,-9.7674,468047,4869,5512,2026-09-01 06:21:25
0007F0,6,KODEX 27-12 회사채(AA-이상)액티브,10180,5,-15,-0.15,10190.0,0.7909,58439,595,5508,2026-09-01 06:21:25
0105E0,2,SOL 코리아고배당,13185,2,95,0.73,13205.0,-2.6044,403512,5308,5485,2026-09-01 06:21:25
385560,6,RISE KIS국고채30년Enhanced,51305,5,-1015,-1.94,51357.0,-10.3035,29858,1534,5464,2026-09-01 06:21:25
423920,4,TIGER 미국필라델피아반도체레버리지(합성),77710,2,150,0.19,77265.0,-42.052,33509,2586,5378,2026-09-01 06:21:25
455030,6,KODEX 미국달러SOFR금리액티브(합성),11760,2,15,0.13,11751.0,-8.2508,71411,839,5339,2026-09-01 06:21:25
438330,6,TIGER 우량회사채액티브,115540,5,-155,-0.13,115639.0,0.7664,4626,534,5314,2026-09-01 06:21:25
496080,1,TIGER 코리아밸류업,32015,2,60,0.19,32072.0,-17.9247,46876,1493,5266,2026-09-01 06:21:25
365780,6,ACE 국고채10년,82220,5,-405,-0.49,82234.0,-0.7329,8711,715,5192,2026-09-01 06:21:25
444200,2,SOL 코리아메가테크액티브,45535,5,-310,-0.68,45541.0,-24.2607,88417,4007,5168,2026-09-01 06:21:25
315960,2,RISE 대형고배당10TR,77950,2,650,0.84,78033.0,-20.1694,32971,2559,5145,2026-09-01 06:21:25
463250,2,TIGER K방산&우주,33315,5,-1105,-3.21,33343.0,-20.2964,271624,9124,5047,2026-09-01 06:21:25
0190C0,2,RISE 현대차고정피지컬AI,8330,5,-200,-2.34,8346.0,-41.5754,552212,4613,5044,2026-09-01 06:21:25
435420,7,TIGER 미국나스닥100채권혼합50,13985,5,-5,-0.04,13977.0,-5.4563,253952,3547,4972,2026-09-01 06:21:25
251350,4,KODEX MSCI선진국,38820,2,15,0.04,38896.0,-7.0329,20871,811,4969,2026-09-01 06:21:25
499660,7,TIGER CD금리플러스액티브(합성),1000435,2,85,0.01,1000432.0,0.7684,11007,11011,4944,2026-09-01 06:21:25
114260,6,KODEX 국고채3년,61800,5,-45,-0.07,61796.0,0.7411,16664,1029,4914,2026-09-01 06:21:25
361580,1,RISE 200TR,61360,2,215,0.35,61427.0,-20.145,42417,2592,4878,2026-09-01 06:21:25
476800,7,KODEX 한국부동산리츠인프라,4247,5,-23,-0.54,4286.0,-1.1401,277338,1177,4867,2026-09-01 06:21:25
490490,7,SOL 미국배당미국채혼합50,11075,5,-20,-0.18,11077.0,-5.8898,172393,1912,4773,2026-09-01 06:21:25
243880,2,TIGER 200IT레버리지,329485,2,1190,0.36,331214.0,-61.1945,93359,30549,4695,2026-09-01 06:21:25
451000,6,PLUS 종합채권(AA-이상)액티브,107185,5,-320,-0.3,107155.0,-0.9262,28,3,4597,2026-09-01 06:21:25
448290,4,TIGER 미국S&P500(H),17785,5,-25,-0.14,17783.0,1.227,87356,1554,4589,2026-09-01 06:21:25
496020,6,WON 전단채플러스액티브,52455,3,0,0.0,52460.0,0.9041,5056,265,4582,2026-09-01 06:21:25
471230,6,KODEX 국고채10년액티브,103550,5,-525,-0.5,103524.0,-0.7155,11108,1149,4581,2026-09-01 06:21:25
483280,4,KODEX 미국AI테크TOP10타겟커버드콜,11520,2,15,0.13,11510.0,-12.9838,317149,3646,4550,2026-09-01 06:21:25
473290,6,KODEX 26-12 회사채(AA-이상)액티브,10875,5,-5,-0.05,10882.0,0.6475,10847,117,4502,2026-09-01 06:21:25
0163Y0,1,KoAct 코스닥액티브,8770,5,-145,-1.63,8793.0,-25.8011,336517,2948,4495,2026-09-01 06:21:25
447770,7,TIGER 테슬라채권혼합Fn,13860,2,180,1.32,13885.0,-8.1701,148940,2064,4407,2026-09-01 06:21:25
451060,1,1Q 200액티브,34560,2,80,0.23,34606.0,-20.5978,44999,1550,4355,2026-09-01 06:21:25
0016X0,6,SOL 중단기회사채(A-이상)액티브,51485,5,-25,-0.05,51481.0,0.9307,523,26,4300,2026-09-01 06:21:25
293180,1,HANARO 200,108240,2,295,0.27,108357.0,-20.3292,54825,5903,4275,2026-09-01 06:21:25
148070,6,KIWOOM 국고채10년,104225,5,-500,-0.48,104232.0,-0.6782,8192,853,4218,2026-09-01 06:21:25
474220,4,TIGER 미국테크TOP10타겟커버드콜,14885,5,-10,-0.07,14852.0,-9.6733,115155,1709,4183,2026-09-01 06:21:25
0162M0,6,KODEX 금융채1~2년(AA-이상)PLUS액티브,10060,5,-10,-0.1,10068.0,0.7,2337,23,4120,2026-09-01 06:21:25
091180,2,KODEX 자동차,28185,5,-150,-0.53,28242.0,-30.6912,111662,3149,4002,2026-09-01 06:21:25
480260,6,TIGER 27-04회사채(A+이상)액티브,53810,2,10,0.02,53813.0,0.6548,11252,605,3998,2026-09-01 06:21:25
0060H0,1,TIGER 토탈월드스탁액티브,12645,5,-10,-0.08,12648.0,-7.1969,99401,1256,3958,2026-09-01 06:21:25
385720,1,TIME 코스피액티브,25465,2,30,0.12,25550.0,-23.4117,32467,826,3947,2026-09-01 06:21:25
0023A0,4,SOL 미국양자컴퓨팅TOP10,23295,2,90,0.39,23182.0,-40.4084,69862,1620,3937,2026-09-01 06:21:25
426020,4,TIME 미국S&P500액티브,31425,2,10,0.03,31434.0,-12.1505,36620,1150,3934,2026-09-01 06:21:25
484880,2,SOL 금융지주플러스고배당,22910,2,130,0.57,22949.0,12.3143,355218,8108,3929,2026-09-01 06:21:25
471990,2,KODEX AI반도체핵심장비,23865,5,-615,-2.51,23893.0,-20.3139,736820,17608,3926,2026-09-01 06:21:25
241180,4,TIGER 일본니케이225,34310,2,140,0.41,34323.0,-9.9842,22884,781,3911,2026-09-01 06:21:25
0173Y0,4,KODEX 미국AI광통신네트워크,10830,2,90,0.84,10770.0,-26.9253,708237,7611,3883,2026-09-01 06:21:25
302450,1,RISE 코스피,70775,2,290,0.41,70820.0,-19.3106,192494,13608,3822,2026-09-01 06:21:25
458250,6,TIGER 미국30년국채스트립액티브(합성 H),34295,5,-620,-1.78,34515.0,-4.682,64165,2202,3807,2026-09-01 06:21:25
462900,2,KoAct 바이오헬스케어액티브,14130,5,-205,-1.43,14154.0,-24.6122,419702,5907,3759,2026-09-01 06:21:25
132030,5,KODEX 골드선물(H),24880,5,-10,-0.04,24872.0,-2.526,169615,4226,3732,2026-09-01 06:21:25
439860,6,KODEX ESG종합채권(A-이상)액티브,113555,5,-210,-0.18,113662.0,0.5124,19,2,3709,2026-09-01 06:21:25
469070,2,RISE AI&로봇,11035,5,-240,-2.13,11041.0,-30.7007,182378,2021,3702,2026-09-01 06:21:25
476760,6,ACE 미국30년국채액티브,8815,5,-70,-0.79,8848.0,-11.3394,366092,3224,3632,2026-09-01 06:21:25
0131V0,4,1Q 미국우주항공테크,11120,2,75,0.68,11103.0,-33.6438,120311,1333,3608,2026-09-01 06:21:25
310960,1,TIGER 200TR,63040,2,245,0.39,63121.0,-19.7149,23415,1471,3593,2026-09-01 06:21:25
0040Y0,7,SOL 팔란티어커버드콜OTM채권혼합,8085,2,10,0.12,8105.0,-0.4694,214595,1734,3590,2026-09-01 06:21:25
0043Y0,4,TIME 차이나AI테크액티브,20100,2,70,0.35,20201.0,-21.8494,48471,976,3558,2026-09-01 06:21:25
279530,2,KODEX 고배당주,17875,2,205,1.16,17905.0,0.4149,348816,6223,3486,2026-09-01 06:21:25
0046A0,6,TIGER 미국초단기(3개월이하)국채,9470,2,5,0.05,9473.0,-8.4403,543733,5146,3485,2026-09-01 06:21:25
385550,6,RISE 단기채권알파액티브,114132,2,7,0.01,114132.0,0.737,961,109,3479,2026-09-01 06:21:25
448300,4,TIGER 미국나스닥100(H),22915,2,30,0.13,22891.0,-3.0177,101963,2332,3472,2026-09-01 06:21:25
0052D0,2,TIGER 코리아배당다우존스,15750,2,130,0.83,15768.0,-3.8054,77232,1212,3465,2026-09-01 06:21:25
0167Z0,4,KODEX 미국우주항공,7535,2,90,1.21,7504.0,-50.4308,189110,1420,3459,2026-09-01 06:21:25
0144L0,4,KODEX 미국성장커버드콜액티브,9420,2,20,0.21,9414.0,-10.6865,145362,1365,3443,2026-09-01 06:21:25
439870,6,KODEX 국고채30년액티브,86610,5,-1385,-1.57,86515.0,-7.8876,10445,907,3438,2026-09-01 06:21:25
453810,4,KODEX 인도Nifty50,11700,2,80,0.69,11742.0,-7.3965,133574,1555,3434,2026-09-01 06:21:25
0080G0,2,KODEX 방산TOP10,10100,5,-305,-2.93,10112.0,-20.0379,2413051,24548,3414,2026-09-01 06:21:25
442570,7,RISE TDF2050액티브 적격,17410,5,-10,-0.06,17234.0,-7.6805,123781,2148,3412,2026-09-01 06:21:25
0026S0,4,1Q 미국S&P500,12785,5,-5,-0.04,12778.0,-7.4813,167810,2144,3375,2026-09-01 06:21:25
474590,2,WON 반도체밸류체인액티브,42545,5,-550,-1.28,42594.0,-17.2682,22969,973,3361,2026-09-01 06:21:25
472170,7,TIGER 미국테크TOP10채권혼합,13845,5,-40,-0.29,13837.0,-6.0237,97949,1355,3357,2026-09-01 06:21:25
0182R0,2,1Q K반도체TOP2+,10410,2,5,0.05,10418.0,-29.2418,2095589,21678,3352,2026-09-01 06:21:25
456880,7,ACE 미국달러SOFR금리(합성),12040,2,10,0.08,12048.0,-8.308,47604,573,3321,2026-09-01 06:21:25
448630,7,RISE 삼성그룹Top3채권혼합,15415,5,-60,-0.39,15398.0,-0.7695,124617,1916,3283,2026-09-01 06:21:25
0228G0,2,ACE 반도체Plus전략산업,10080,2,5,0.05,10099.0,,851477,8530,3276,2026-09-01 06:21:25
385510,2,KODEX 신재생에너지액티브,38935,5,-1305,-3.24,39023.0,-20.8965,45492,1780,3271,2026-09-01 06:21:25
0119H0,6,KODEX 28-12 회사채(AA-이상)액티브,9935,5,-5,-0.05,9930.0,0.8113,8177,81,3203,2026-09-01 06:21:25
270810,1,RISE 코스닥150,13935,5,-365,-2.55,13972.0,-23.1596,413856,5788,3197,2026-09-01 06:21:25
0052S0,7,1Q 미국S&P500미국채혼합50액티브,11480,5,-20,-0.17,11487.0,-7.7202,118127,1356,3191,2026-09-01 06:21:25
190620,6,ACE 단기통안채,102000,2,15,0.01,101996.0,0.6762,71402,7282,3103,2026-09-01 06:21:25
489030,2,PLUS 고배당주위클리커버드콜,6630,2,60,0.91,6647.0,-1.9518,486788,3226,3080,2026-09-01 06:21:25
0210A0,2,ACE K반도체TOP2+,7125,2,10,0.14,7136.0,,2432382,17230,3057,2026-09-01 06:21:25
485540,4,KODEX 미국AI테크TOP10,14955,2,5,0.03,14941.0,-13.4936,382039,5707,3043,2026-09-01 06:21:25
483320,4,ACE 엔비디아밸류체인액티브,23855,2,100,0.42,23756.0,-18.7169,571997,13563,3042,2026-09-01 06:21:25
0111P0,7,1Q 미국나스닥100미국채혼합50액티브,10710,2,5,0.05,10713.0,-9.9874,125890,1346,3010,2026-09-01 06:21:25
0008S0,4,TIGER 미국배당다우존스타겟데일리커버드콜,10050,2,5,0.05,10048.0,-2.2362,222130,2235,2955,2026-09-01 06:21:25
136340,6,RISE 중기우량회사채,104175,5,-135,-0.13,104154.0,0.7319,1533,159,2950,2026-09-01 06:21:25
091170,2,KODEX 은행,16525,2,160,0.98,16554.0,14.03,871903,14377,2950,2026-09-01 06:21:25
433330,4,SOL 미국S&P500,21815,5,-5,-0.02,21809.0,-7.4563,181748,3965,2945,2026-09-01 06:21:25
454780,6,KIWOOM 종합채권(AA-이상)액티브,99365,5,-360,-0.36,99492.0,-1.145,253,25,2896,2026-09-01 06:21:25
475080,7,KODEX 테슬라커버드콜채권혼합액티브,7875,2,100,1.29,7892.0,-7.2995,244345,1924,2878,2026-09-01 06:21:25
307520,2,TIGER 지주회사,22630,5,-50,-0.22,22659.0,-13.4948,229363,5145,2874,2026-09-01 06:21:25
453870,4,TIGER 인도니프티50,11490,2,75,0.66,11498.0,-8.0453,56955,653,2867,2026-09-01 06:21:25
481190,4,SOL 미국테크TOP10,16600,5,-40,-0.24,16595.0,-12.375,106317,1762,2847,2026-09-01 06:21:25
461490,7,RISE 글로벌자산배분액티브,14640,5,-20,-0.14,14645.0,-3.7427,45158,661,2826,2026-09-01 06:21:25
0038A0,4,KODEX 미국휴머노이드로봇,14770,2,130,0.89,14765.0,-23.0368,39967,588,2806,2026-09-01 06:21:25
441680,7,TIGER 미국나스닥100커버드콜(합성),10645,5,-35,-0.33,10705.0,-5.0837,113887,1213,2800,2026-09-01 06:21:25
273140,6,KODEX 단기변동금리부채권액티브,114690,2,5,0.0,114704.0,0.6124,5504,631,2800,2026-09-01 06:21:25
0094K0,6,TIGER 28-04 회사채(A+이상)액티브,99650,5,-75,-0.08,99645.0,0.8443,6487,646,2784,2026-09-01 06:21:25
228790,2,TIGER 화장품,4815,5,-210,-4.18,4824.0,43.9828,11444144,55914,2781,2026-09-01 06:21:25
473330,6,SOL 미국30년국채커버드콜(합성),7880,5,-75,-0.94,7936.0,-9.6218,307859,2424,2762,2026-09-01 06:21:25
0098F0,2,KODEX 원자력SMR,15690,5,-350,-2.18,15694.0,-18.0169,987345,15481,2754,2026-09-01 06:21:25
475300,2,SOL 반도체전공정,21070,5,-380,-1.77,21114.0,-6.1475,488971,10246,2750,2026-09-01 06:21:25
497880,6,SOL CD금리&머니마켓액티브,50030,2,5,0.01,50021.0,0.8825,95105,4757,2729,2026-09-01 06:21:25
364970,2,TIGER 바이오TOP10,7410,5,-120,-1.59,7419.0,0.0,367822,2731,2708,2026-09-01 06:21:25
213610,2,KODEX 삼성그룹밸류,22735,2,85,0.38,22743.0,-14.7856,10477,236,2705,2026-09-01 06:21:25
471780,2,TIGER 코리아테크액티브,34955,5,-345,-0.98,34959.0,-24.6532,94973,3310,2688,2026-09-01 06:21:25
123320,3,TIGER 레버리지,108735,2,885,0.82,108686.0,-47.263,163600,17567,2610,2026-09-01 06:21:25
196230,6,RISE 단기통안채,116910,2,5,0.0,116937.0,0.611,3966,463,2595,2026-09-01 06:21:25
139230,2,TIGER 200 중공업,13095,5,-140,-1.06,13119.0,-25.1902,63704,828,2564,2026-09-01 06:21:25
0053L0,4,TIGER 차이나휴머노이드로봇,9545,5,-140,-1.45,9566.0,-26.1257,567445,5447,2563,2026-09-01 06:21:25
409820,4,KODEX 미국나스닥100레버리지(합성 H),19955,2,30,0.15,19924.0,-7.9677,67429,1341,2554,2026-09-01 06:21:25
472920,6,HK 종합채권(AA-이상)액티브,98065,5,-280,-0.28,97977.0,-0.7268,15,1,2545,2026-09-01 06:21:25
471040,4,KoAct 글로벌AI&로봇액티브,28190,2,145,0.52,28087.0,-25.3726,92822,2608,2537,2026-09-01 06:21:25
283580,4,KODEX 차이나CSI300,15210,2,20,0.13,15220.0,-12.4892,62277,948,2525,2026-09-01 06:21:25
0162Y0,1,TIME 코스닥액티브,7285,5,-185,-2.48,7279.0,-29.3283,131195,954,2524,2026-09-01 06:21:25
423170,4,SOL 글로벌AI반도체탑픽액티브,56360,2,540,0.97,56352.0,-18.2484,10424,585,2514,2026-09-01 06:21:25
495230,1,KoAct 코리아밸류업액티브,30880,2,90,0.29,30906.0,-20.7436,29977,920,2486,2026-09-01 06:21:25
0183V0,7,KIWOOM 삼성전자&SK하이닉스채권혼합50,11725,2,45,0.39,11743.0,-8.3186,369562,4316,2474,2026-09-01 06:21:25
245710,4,ACE 베트남VN30(합성),29130,2,15,0.05,29346.0,-9.0299,8334,242,2447,2026-09-01 06:21:25
478150,4,TIME 글로벌우주테크&방산액티브,19080,5,-300,-1.55,19058.0,-23.6257,18745,357,2433,2026-09-01 06:21:25
421320,2,PLUS 우주항공,26120,5,-710,-2.65,26100.0,-37.1369,31755,832,2416,2026-09-01 06:21:25
483340,4,ACE 구글밸류체인액티브,21340,5,-20,-0.09,21292.0,-23.6052,48743,1037,2411,2026-09-01 06:21:25
472160,4,TIGER 미국테크TOP10 INDXX(H),18775,5,-55,-0.29,18763.0,-4.2948,72932,1368,2394,2026-09-01 06:21:25
363580,2,KODEX 200IT TR,55370,2,170,0.31,55501.0,-26.7565,52845,2913,2381,2026-09-01 06:21:25
452360,4,SOL 미국배당다우존스(H),13625,5,-10,-0.07,13622.0,7.2126,109213,1491,2357,2026-09-01 06:21:25
493810,4,TIGER 미국AI빅테크10타겟데일리커버드콜,11315,5,-45,-0.4,11305.0,-10.6922,146277,1653,2354,2026-09-01 06:21:25
388420,2,RISE 비메모리반도체액티브,26410,5,-270,-1.01,26394.0,-30.2032,93038,2439,2340,2026-09-01 06:21:25
363570,6,KODEX 장기종합채권(AA-이상)액티브,86060,5,-660,-0.76,86083.0,-3.1657,179,15,2325,2026-09-01 06:21:25
448540,7,ACE 엔비디아채권혼합,26415,2,65,0.25,26436.0,-1.9535,17189,453,2325,2026-09-01 06:21:25
0182S0,7,1Q K반도체TOP2채권혼합50,12395,2,100,0.81,12400.0,-10.419,142068,1755,2324,2026-09-01 06:21:25
329650,7,KODEX TRF3070,14065,5,-45,-0.32,14075.0,-2.6472,21258,299,2321,2026-09-01 06:21:25
437080,6,KODEX 미국종합채권ESG액티브(H),96540,5,-375,-0.39,96536.0,-1.0361,4293,414,2312,2026-09-01 06:21:25
0089D0,2,KODEX 금융고배당TOP10,13605,2,140,1.04,13624.0,7.5954,132687,1799,2299,2026-09-01 06:21:25
0092C0,6,SOL 27-12 회사채(AA-이상)액티브,50265,5,-15,-0.03,50268.0,0.7817,922,46,2299,2026-09-01 06:21:25
157500,2,TIGER 증권,12535,2,65,0.52,12540.0,-27.2513,218697,2705,2296,2026-09-01 06:21:25
422420,2,RISE 2차전지액티브,7005,5,-160,-2.23,7009.0,-27.5923,257160,1826,2265,2026-09-01 06:21:25
458260,6,TIGER 미국투자등급회사채액티브(H),46170,5,-215,-0.46,46232.0,-1.6955,6106,281,2262,2026-09-01 06:21:25
442320,4,RISE 글로벌원자력,35150,5,-490,-1.37,35154.0,-21.3464,10111,354,2207,2026-09-01 06:21:25
488980,6,SOL 26-12 회사채(AA-이상)액티브,52110,5,-10,-0.02,52119.0,0.7441,2,0,2204,2026-09-01 06:21:25
244580,2,KODEX 바이오,8460,5,-120,-1.4,8473.0,-22.1416,244838,2067,2200,2026-09-01 06:21:25
0094M0,2,RISE 코리아밸류업위클리고정커버드콜,17830,2,30,0.17,17825.0,-14.2434,502804,8916,2193,2026-09-01 06:21:25
0104N0,2,TIGER 200타겟위클리커버드콜,20865,5,-60,-0.29,20880.0,-19.4225,37112,771,2170,2026-09-01 06:21:25
305080,6,TIGER 미국채10년선물,12125,5,-50,-0.41,12131.0,-10.0813,70325,852,2146,2026-09-01 06:21:25
463050,2,TIME K바이오액티브,12660,5,-275,-2.13,12694.0,-18.9029,162519,2056,2140,2026-09-01 06:21:25
498270,4,KIWOOM 미국양자컴퓨팅,14270,2,70,0.49,14235.0,-23.6002,30374,433,2133,2026-09-01 06:21:25
414780,4,TIGER 차이나과창판STAR50(합성),13695,5,-215,-1.55,13848.0,-12.7353,64628,898,2130,2026-09-01 06:21:25
261260,7,KODEX 미국달러선물인버스2X,5420,5,-10,-0.18,5428.0,20.0,175833,954,2117,2026-09-01 06:21:25
486450,4,SOL 미국AI전력인프라,19040,2,45,0.24,18942.0,-24.3228,52549,994,2113,2026-09-01 06:21:25
466930,2,SOL 자동차TOP3플러스,25700,5,-450,-1.72,25703.0,-36.9348,156304,4009,2107,2026-09-01 06:21:25
433500,2,ACE 원자력TOP10,55325,5,-1550,-2.73,55338.0,-22.1477,40457,2240,2102,2026-09-01 06:21:25
0204D0,2,KODEX 현대차로보틱스밸류체인TOP3플러스,6305,5,-85,-1.33,6333.0,,387937,2453,2096,2026-09-01 06:21:25
266160,2,RISE 고배당,32980,2,130,0.4,33041.0,-14.5132,7915,260,2094,2026-09-01 06:21:25
490090,4,TIGER 미국AI빅테크10,15765,5,-45,-0.28,15746.0,-10.196,190047,2989,2081,2026-09-01 06:21:25
0233J0,7,TIGER 삼성전자SK하이닉스미국채혼합50,10350,2,25,0.24,10378.0,,183932,1897,2070,2026-09-01 06:21:25
267770,3,TIGER 200선물레버리지,82740,2,640,0.78,82689.0,-47.5819,53775,4379,2069,2026-09-01 06:21:25
332930,1,HANARO 200TR,141525,2,225,0.16,141855.0,-20.2259,2589,365,2052,2026-09-01 06:21:25
0151S0,4,KODEX 미국AI반도체TOP3플러스,14560,2,135,0.94,14523.0,-19.0175,209055,3042,2038,2026-09-01 06:21:25
495060,1,TIME 코리아밸류업액티브,28440,5,-75,-0.26,28507.0,-26.3464,54398,1542,2033,2026-09-01 06:21:25
117700,2,KODEX 건설,6655,5,-240,-3.48,6657.0,-13.6709,1852734,12383,2023,2026-09-01 06:21:25
0005A0,4,KODEX 미국S&P500데일리커버드콜OTM,9320,5,-10,-0.11,9334.0,-7.9741,209952,1957,2013,2026-09-01 06:21:25
0115D0,2,KODEX 조선TOP10,7730,2,25,0.32,7749.0,-25.3754,694537,5329,1990,2026-09-01 06:21:25
0047A0,4,TIGER 차이나테크TOP10,12805,2,20,0.16,12820.0,-19.2357,100975,1295,1940,2026-09-01 06:21:25
302190,6,TIGER 중장기국채,50010,5,-160,-0.32,50005.0,0.0698,8870,443,1930,2026-09-01 06:21:25
394670,4,TIGER 글로벌리튬&2차전지SOLACTIVE(합성),11460,5,-95,-0.82,11554.0,-19.8127,6842,78,1930,2026-09-01 06:21:25
0192Z0,6,TIGER 중기종합채권(A-이상)액티브,100975,3,0,0.0,100932.0,0.8237,0,0,1929,2026-09-01 06:21:25
412570,2,TIGER 2차전지TOP10레버리지,1367,5,-37,-2.64,1368.0,-43.6145,10855974,15446,1919,2026-09-01 06:21:25
429000,4,TIGER 미국S&P500배당귀족,13380,5,-85,-0.63,13377.0,-1.4087,44107,590,1907,2026-09-01 06:21:25
0091C0,6,KODEX 미국10년국채액티브(H),9550,5,-30,-0.31,9548.0,-1.179,81178,774,1901,2026-09-01 06:21:25
495550,1,SOL 코리아밸류업TR,32685,2,85,0.26,32738.0,-18.3776,7528,244,1896,2026-09-01 06:21:25
433980,7,KODEX TDF2040액티브 적격,15785,5,-25,-0.16,15742.0,-5.5798,43393,683,1894,2026-09-01 06:21:25
0069M0,4,1Q 미국나스닥100,13380,2,20,0.15,13373.0,-11.431,150484,2010,1887,2026-09-01 06:21:25
480040,4,ACE 미국반도체데일리타겟커버드콜(합성),14195,2,55,0.39,14148.0,-24.6158,120958,1710,1874,2026-09-01 06:21:25
486830,6,HANARO 머니마켓액티브,53285,2,10,0.02,53284.0,0.7946,1189,63,1870,2026-09-01 06:21:25
461950,2,KODEX 2차전지핵심소재10,5225,5,-155,-2.88,5230.0,-26.8059,1392857,7449,1868,2026-09-01 06:21:25
0082V0,7,KODEX TDF2060액티브 적격,11190,5,-10,-0.09,11158.0,-9.2507,109777,1226,1858,2026-09-01 06:21:25
122090,1,PLUS 코스피50,81095,2,735,0.91,81229.0,-21.2456,17815,1439,1825,2026-09-01 06:21:25
483290,4,KODEX 미국배당다우존스타겟커버드콜,10340,2,25,0.24,10340.0,-1.948,153078,1583,1799,2026-09-01 06:21:25
494330,2,ACE 라이프자산주주가치액티브,32785,5,-45,-0.14,32868.0,0.5955,12449,407,1787,2026-09-01 06:21:25
473460,4,KODEX 미국서학개미,23285,2,295,1.28,23288.0,-19.0921,13261,308,1770,2026-09-01 06:21:25
0040X0,7,SOL 팔란티어미국채커버드콜혼합,9535,5,-15,-0.16,9527.0,-0.5272,74319,706,1759,2026-09-01 06:21:25
0099L0,6,ACE 우량회사채(AA-이상)액티브,99645,5,-120,-0.12,99671.0,0.9511,3710,369,1758,2026-09-01 06:21:25
332500,1,ACE 200TR,72620,2,195,0.27,72703.0,-20.5039,22871,1652,1743,2026-09-01 06:21:25
0005G0,2,IBK K-AI반도체코어테크,50390,5,-620,-1.22,50326.0,-32.1766,13524,679,1738,2026-09-01 06:21:25
0093A0,2,RISE AI반도체TOP10,31260,5,-390,-1.23,31239.0,-18.0795,55234,1724,1719,2026-09-01 06:21:25
480020,4,ACE 미국빅테크7+데일리타겟커버드콜(합성),10365,5,-10,-0.1,10341.0,-17.2002,227250,2351,1700,2026-09-01 06:21:25
200250,4,KIWOOM 인도Nifty50(합성),21475,2,195,0.92,21531.0,-7.9386,8903,190,1697,2026-09-01 06:21:25
233160,3,TIGER 코스닥150 레버리지,7650,5,-405,-5.03,7651.0,-49.7818,2207939,16945,1694,2026-09-01 06:21:25
403790,1,MIDAS 코스피액티브,57575,2,465,0.81,57627.0,-18.0397,706,40,1684,2026-09-01 06:21:25
490600,4,RISE 미국배당100데일리고정커버드콜,9125,3,0,0.0,9127.0,-1.657,143938,1314,1684,2026-09-01 06:21:25
160580,5,TIGER 구리실물,16435,2,105,0.64,16465.0,-3.3728,50277,825,1676,2026-09-01 06:21:25
0190G0,2,KODEX 반도체타겟위클리커버드콜,8670,2,5,0.06,8679.0,-20.7201,294972,2548,1665,2026-09-01 06:21:25
0051G0,4,SOL 미국원자력SMR,13305,2,40,0.3,13178.0,-20.3304,71086,939,1650,2026-09-01 06:21:25
237370,7,KODEX 코리아배당성장채권혼합,15810,2,75,0.48,15808.0,-2.0106,63889,1007,1644,2026-09-01 06:21:25
472870,6,RISE 미국30년국채엔화노출(합성 H),6765,5,-60,-0.88,6781.0,-12.0215,290410,1965,1641,2026-09-01 06:21:25
0064K0,5,KODEX 금액티브,12740,2,10,0.08,12742.0,-10.3837,98571,1258,1621,2026-09-01 06:21:25
337160,2,KODEX 200ESG,47575,2,90,0.19,47665.0,-18.6581,19138,907,1618,2026-09-01 06:21:25
494220,2,UNICORN SK하이닉스밸류체인액티브,45815,5,-15,-0.03,45946.0,-15.1218,58110,2646,1604,2026-09-01 06:21:25
491820,2,HANARO 전력설비투자,43320,5,-590,-1.34,43404.0,-22.297,54126,2323,1603,2026-09-01 06:21:25
272560,6,RISE 단기국공채액티브,114850,5,-15,-0.01,114856.0,0.6881,8768,1007,1598,2026-09-01 06:21:25
480030,4,ACE 미국500데일리타겟커버드콜(합성),9910,2,15,0.15,9880.0,-9.3215,73642,729,1586,2026-09-01 06:21:25
0005D0,2,SOL 전고체배터리&실리콘음극재,15505,5,-220,-1.4,15553.0,-30.6811,1740466,27592,1566,2026-09-01 06:21:25
491610,6,1Q CD금리액티브(합성),104855,2,10,0.01,104841.0,0.7253,3609,378,1555,2026-09-01 06:21:25
143860,2,TIGER 헬스케어,38230,5,-550,-1.42,38307.0,-11.1468,10331,395,1537,2026-09-01 06:21:25
464240,6,KIWOOM 26-09회사채(AA-이상)액티브,52400,3,0,0.0,52415.0,0.7103,26945,1412,1535,2026-09-01 06:21:25
152870,1,파워 200,109085,2,550,0.51,109068.0,-20.5013,375,40,1527,2026-09-01 06:21:25
0153K0,2,KODEX 주주환원고배당주,12400,2,135,1.1,12418.0,3.2742,167723,2073,1525,2026-09-01 06:21:25
354500,1,ACE 코스닥150,14145,5,-355,-2.45,14187.0,-23.1178,165430,2348,1514,2026-09-01 06:21:25
138520,2,TIGER 삼성그룹,37365,2,120,0.32,37456.0,-16.7338,9100,338,1510,2026-09-01 06:21:25
219480,4,KODEX 미국S&P500선물(H),33165,5,-40,-0.12,33167.0,1.2193,7429,246,1492,2026-09-01 06:21:25
458210,7,KIWOOM CD금리액티브(합성),110590,2,15,0.01,110577.0,0.7104,1012,111,1485,2026-09-01 06:21:25
0180V0,4,ACE 미국우주테크액티브,7765,2,75,0.98,7726.0,-48.5447,195607,1512,1468,2026-09-01 06:21:25
481180,4,SOL 미국AI소프트웨어,16850,2,260,1.57,16848.0,7.5875,170234,2880,1466,2026-09-01 06:21:25
488720,7,WON 종합채권(AA-이상)액티브,48605,5,-135,-0.28,48614.0,-0.8443,9002,438,1466,2026-09-01 06:21:25
0048K0,4,KODEX 차이나휴머노이드로봇,8265,5,-120,-1.43,8268.0,-22.9652,439307,3665,1463,2026-09-01 06:21:25
457990,2,PLUS 태양광&ESS,38200,5,-1400,-3.54,38217.0,-13.6973,187237,7260,1452,2026-09-01 06:21:25
0127M0,4,ACE 미국대형가치주액티브,12175,2,5,0.04,12218.0,-2.6817,42343,518,1449,2026-09-01 06:21:25
245340,4,TIGER 미국다우존스30,35470,5,-160,-0.45,35476.0,-3.5893,14827,526,1440,2026-09-01 06:21:25
451530,6,TIGER 국고채30년스트립액티브,34385,5,-870,-2.47,34458.0,-15.4658,31559,1086,1439,2026-09-01 06:21:25
0151P0,2,RISE 코리아전략산업액티브,14430,5,-90,-0.62,14453.0,-26.069,180690,2596,1429,2026-09-01 06:21:25
0104H0,7,KoAct 미국나스닥채권혼합50액티브,11655,2,50,0.43,11657.0,-12.7444,47434,552,1428,2026-09-01 06:21:25
0193G0,1,KoAct 코스피액티브,8395,5,-25,-0.3,8412.0,-22.3606,205294,1717,1394,2026-09-01 06:21:25
0199C0,2,ACE 고배당주Plus커버드콜액티브,9350,2,120,1.3,9361.0,,542194,5051,1393,2026-09-01 06:21:25
0041E0,4,KODEX 미국S&P500액티브,15920,5,-20,-0.13,15915.0,-13.073,45154,718,1385,2026-09-01 06:21:25
0131W0,6,1Q 단기특수은행채액티브,102110,2,10,0.01,102108.0,0.7002,307,31,1375,2026-09-01 06:21:25
271050,5,KODEX WTI원유선물인버스(H),1952,5,-26,-1.31,1944.0,-6.256,2136470,4161,1368,2026-09-01 06:21:25
495330,1,1Q 코리아밸류업,31815,2,180,0.57,31836.0,-18.5597,3112,98,1368,2026-09-01 06:21:25
476450,6,KIWOOM 머니마켓액티브,52770,2,5,0.01,52768.0,0.7831,1401,73,1338,2026-09-01 06:21:25
0184L0,6,PLUS 중기종합채권(A-이상)액티브,100545,5,-55,-0.05,100598.0,0.7511,10034,1008,1332,2026-09-01 06:21:25
476030,4,SOL 미국나스닥100,16940,2,25,0.15,16934.0,-11.3607,164842,2790,1330,2026-09-01 06:21:25
304660,6,KODEX 미국30년국채울트라선물(H),7230,5,-65,-0.89,7238.0,-2.2118,26766,193,1323,2026-09-01 06:21:25
498180,6,파워 종합채권(AA-이상)액티브,93515,3,0,0.0,93222.0,-0.9061,0,0,1320,2026-09-01 06:21:25
139220,2,TIGER 200 건설,7720,5,-130,-1.66,7743.0,-15.4095,197205,1515,1317,2026-09-01 06:21:25
0074K0,2,KoAct K수출핵심기업TOP30액티브,17305,5,-335,-1.9,17315.0,-20.1449,42054,729,1315,2026-09-01 06:21:25
0168K0,2,TIGER 기술이전바이오액티브,6250,5,-120,-1.88,6260.0,-25.3662,690999,4309,1313,2026-09-01 06:21:25
192090,4,TIGER 차이나CSI300,12405,2,55,0.45,12417.0,-14.2362,43644,541,1309,2026-09-01 06:21:25
471760,2,TIGER AI반도체핵심공정,14330,5,-440,-2.98,14339.0,-24.6429,622827,8925,1297,2026-09-01 06:21:25
182480,7,TIGER 미국MSCI리츠(합성 H),13530,5,-150,-1.1,13710.0,0.7773,22812,308,1292,2026-09-01 06:21:25
463290,6,1Q 단기금융채액티브,109250,2,15,0.01,109252.0,0.7609,392,42,1287,2026-09-01 06:21:25
461500,6,HANARO 종합채권(AA-이상)액티브,104975,5,-335,-0.32,104955.0,-0.74,39,4,1279,2026-09-01 06:21:25
463680,4,KODEX 미국S&P500테크놀로지,22235,2,140,0.63,22086.0,-9.1946,14215,314,1279,2026-09-01 06:21:25
0123G0,4,TIGER 미국AI전력SMR,6280,3,0,0.0,6229.0,-27.6498,37745,235,1262,2026-09-01 06:21:25
0092B0,2,SOL 한국원자력SMR,15400,5,-285,-1.82,15400.0,-18.7517,141226,2157,1255,2026-09-01 06:21:25
325010,2,KODEX 성장주,42760,3,0,0.0,42795.0,-21.3103,2437,104,1240,2026-09-01 06:21:25
377990,2,TIGER Fn신재생에너지,24800,5,-630,-2.48,24814.0,-23.1332,59218,1472,1240,2026-09-01 06:21:25
469170,2,ACE 포스코그룹포커스,6085,5,-10,-0.16,6090.0,-19.4538,772815,4749,1238,2026-09-01 06:21:25
114820,6,TIGER 국채3년,105095,5,-95,-0.09,105080.0,0.7422,6490,682,1238,2026-09-01 06:21:25
447620,7,SOL 미국TOP5채권혼합50,15820,5,-85,-0.53,15799.0,-3.0183,28841,456,1234,2026-09-01 06:21:25
0000Y0,6,HK 26-12 회사채(AA-이상)액티브,101840,2,15,0.01,101851.0,0.6822,16,1,1232,2026-09-01 06:21:25
448100,1,WON 200,111062,2,472,0.43,111173.0,-20.324,5645,622,1222,2026-09-01 06:21:25
411420,4,KODEX 미국나스닥AI테크액티브,25845,5,-15,-0.06,25789.0,-16.3852,6597,170,1215,2026-09-01 06:21:25
491230,6,PLUS 국공채머니마켓액티브,52505,2,5,0.01,52489.0,0.787,16086,844,1213,2026-09-01 06:21:25
0191W0,6,HANARO 중기종합채권(A-이상)액티브,100975,3,0,0.0,100914.0,0.8086,0,0,1212,2026-09-01 06:21:25
0209D0,2,KODEX 전고체배터리ESS TOP2플러스,8525,5,-175,-2.01,8539.0,,1273268,11095,1194,2026-09-01 06:21:25
328370,1,PLUS 코스피TR,38435,2,355,0.93,38435.0,-19.6879,261,9,1191,2026-09-01 06:21:25
367770,2,RISE 수소경제테마,22745,5,-505,-2.17,22786.0,-26.1905,22212,507,1183,2026-09-01 06:21:25
438570,6,SOL 국고채10년,97810,5,-620,-0.63,97920.0,-0.6109,446,43,1181,2026-09-01 06:21:25
0008T0,2,SOL 화장품TOP3플러스,19825,5,-965,-4.64,19843.0,46.6149,2114567,42532,1180,2026-09-01 06:21:25
0181B0,4,HANARO 미국AI메모리반도체TOP4+,9475,2,100,1.07,9450.0,-17.6187,323062,3042,1175,2026-09-01 06:21:25
399110,4,SOL 미국S&P500ESG,20825,5,-35,-0.17,20821.0,-5.5778,12735,265,1166,2026-09-01 06:21:25
0000J0,2,PLUS 한화그룹주,28670,5,-585,-2.0,28666.0,-17.9153,87128,2491,1161,2026-09-01 06:21:25
319640,4,TIGER 골드선물(H),26090,5,-5,-0.02,26073.0,-3.0467,15687,409,1161,2026-09-01 06:21:25
309230,4,ACE 미국WideMoat동일가중,31490,5,-100,-0.32,31527.0,1.4102,4904,154,1159,2026-09-01 06:21:25
332940,1,HANARO MSCI Korea TR,47915,5,-115,-0.24,48038.0,-20.1497,2663,127,1150,2026-09-01 06:21:25
266370,2,KODEX IT,67475,5,-160,-0.24,67593.0,-26.6989,41961,2829,1147,2026-09-01 06:21:25
0122W0,6,RISE 26-11 회사채(AA-이상)액티브,50995,2,20,0.04,50986.0,0.6714,126,6,1139,2026-09-01 06:21:25
488500,4,TIGER 미국S&P500동일가중,12640,5,-65,-0.51,12648.0,-3.2406,19979,252,1138,2026-09-01 06:21:25
372330,4,KODEX 차이나항셍테크,6825,5,-75,-1.09,6843.0,-14.0976,46392,318,1136,2026-09-01 06:21:25
455860,2,SOL 2차전지소부장Fn,4720,5,-115,-2.38,4725.0,-27.6198,697411,3351,1135,2026-09-01 06:21:25
464310,4,TIGER 글로벌AI&로보틱스 INDXX,13725,2,25,0.18,13711.0,-20.2097,27625,378,1132,2026-09-01 06:21:25
0080Y0,2,SOL 조선TOP3플러스레버리지,8785,2,35,0.4,8791.0,-52.238,304432,2628,1124,2026-09-01 06:21:25
326240,2,RISE IT플러스,43425,5,-285,-0.65,43476.0,-23.8767,2450,106,1120,2026-09-01 06:21:25
0135Y0,6,IBK 중기종합채권(AA-이상)액티브,100385,5,-110,-0.11,100411.0,0.5955,203,20,1111,2026-09-01 06:21:25
0085P0,6,ACE 미국10년국채액티브,9710,5,-20,-0.21,9719.0,-9.6706,190415,1847,1107,2026-09-01 06:21:25
251340,3,KODEX 코스닥150선물인버스,2435,2,65,2.74,2445.0,13.9423,24947185,60561,1098,2026-09-01 06:21:25
464930,4,TIGER 글로벌혁신블루칩TOP10,20870,5,-190,-0.9,20913.0,-7.6114,3483,72,1096,2026-09-01 06:21:25
304940,4,KODEX 미국나스닥100선물(H),32435,3,0,0.0,32413.0,-3.1358,1999,64,1087,2026-09-01 06:21:25
0221V0,6,IBK 초단기채권액티브,100415,2,10,0.01,100435.0,,10,1,1073,2026-09-01 06:21:25
0174B0,7,KoAct 글로벌AI메모리반도체액티브,14010,2,85,0.61,14012.0,-19.1583,31716,442,1072,2026-09-01 06:21:25
168580,4,ACE 중국본토CSI300,34340,2,10,0.03,34390.0,-12.8681,440,15,1071,2026-09-01 06:21:25
0132K0,7,PLUS 테슬라위클리커버드콜채권혼합,8075,2,130,1.64,8051.0,-7.4299,72203,581,1066,2026-09-01 06:21:25
0193M0,6,BNK 27-12 특수채(AAA이상)액티브,50405,3,0,0.0,50374.0,,0,0,1066,2026-09-01 06:21:25
0138Y0,7,PLUS 금채권혼합,9845,3,0,0.0,9861.0,-4.7873,140617,1387,1063,2026-09-01 06:21:25
0091M0,6,HANARO 27-06 회사채(AA-이상)액티브,10165,2,10,0.1,10162.0,0.6442,1167,11,1060,2026-09-01 06:21:25
0176E0,4,RISE 미국AI전력인프라액티브,9290,5,-15,-0.16,9227.0,-28.2299,17898,165,1059,2026-09-01 06:21:25
203780,4,TIGER 미국나스닥바이오,35415,5,-180,-0.51,35400.0,8.77,21923,777,1055,2026-09-01 06:21:25
0036R0,4,RISE 미국휴머노이드로봇,18730,2,170,0.92,18702.0,-18.0333,10951,204,1049,2026-09-01 06:21:25
496090,1,KIWOOM 코리아밸류업,31950,5,-145,-0.45,32029.0,-17.9117,4730,150,1038,2026-09-01 06:21:25
394660,4,TIGER 글로벌자율주행&전기차SOLACTIVE,15800,3,0,0.0,15838.0,-24.6363,1296,20,1036,2026-09-01 06:21:25
0137V0,4,KIWOOM 미국S&P500모멘텀,11210,2,50,0.45,11266.0,-12.2514,47804,536,1020,2026-09-01 06:21:25
465610,4,ACE 미국빅테크TOP7 Plus레버리지(합성),42445,5,-345,-0.81,42206.0,-17.6799,8399,354,1019,2026-09-01 06:21:25
476850,1,KoAct 배당성장액티브,21355,2,45,0.21,21365.0,-14.4519,88846,1883,1014,2026-09-01 06:21:25
465780,6,마이티 26-09 특수채(AAA)액티브,106385,2,5,0.0,106393.0,0.6861,2,0,1014,2026-09-01 06:21:25
475280,6,ACE 8월만기자동연장회사채AA-이상액티브,10745,2,15,0.14,10740.0,0.7984,10,0,1012,2026-09-01 06:21:25
261270,7,KODEX 미국달러선물인버스,8155,5,-5,-0.06,8165.0,9.973,25734,210,997,2026-09-01 06:21:25
475050,2,ACE KPOP포커스,6815,5,-15,-0.22,6818.0,-17.2122,317839,2173,992,2026-09-01 06:21:25
114100,6,RISE 국고채3년,106615,5,-110,-0.1,106600.0,0.7584,5076,541,985,2026-09-01 06:21:25
0007N0,1,아이엠에셋 200,108605,2,735,0.68,108571.0,-20.5666,52,5,977,2026-09-01 06:21:25
0177X0,2,ACE K휴머노이드로봇산업TOP2+,9280,5,-200,-2.11,9279.0,-34.6207,220900,2071,951,2026-09-01 06:21:25
195980,4,PLUS 신흥국MSCI(합성 H),15275,2,15,0.1,15480.0,-1.4212,49437,754,950,2026-09-01 06:21:25
211900,2,KODEX 코리아배당성장,28665,2,375,1.33,28711.0,-9.4879,8721,249,946,2026-09-01 06:21:25
473440,6,ACE 11월만기자동연장회사채AA-이상액티브,10842,2,2,0.02,10849.0,0.7903,1796,19,943,2026-09-01 06:21:25
308620,6,KODEX 미국10년국채선물,11400,5,-45,-0.39,11409.0,-9.7042,35694,407,935,2026-09-01 06:21:25
433970,7,KODEX TDF2030액티브 적격,13940,3,0,0.0,13896.0,-4.1738,13190,184,934,2026-09-01 06:21:25
481430,6,RISE 국고채10년액티브,97905,5,-495,-0.5,97887.0,-0.5458,70,6,931,2026-09-01 06:21:25
0052T0,6,1Q 중단기회사채(A-이상)액티브,50725,3,0,0.0,50734.0,0.8048,30,1,930,2026-09-01 06:21:25
0035T0,7,PLUS 글로벌휴머노이드로봇액티브,19050,5,-65,-0.34,19055.0,-27.9224,12568,239,924,2026-09-01 06:21:25
325020,2,KODEX 배당가치,29630,2,165,0.56,29697.0,-9.2547,22025,650,919,2026-09-01 06:21:25
298770,4,KODEX 한국대만IT프리미어,82300,2,1795,2.23,82399.0,-15.2213,8189,665,905,2026-09-01 06:21:25
468380,6,KODEX iShares미국하이일드액티브,10855,2,15,0.14,10855.0,-8.1675,36913,400,905,2026-09-01 06:21:25
204480,4,TIGER 차이나CSI300레버리지(합성),24335,2,340,1.42,24467.0,-29.1975,1086,26,905,2026-09-01 06:21:25
0142D0,4,TIGER 미국AI데이터센터TOP4Plus,9990,2,135,1.37,9947.0,-30.1064,98303,975,904,2026-09-01 06:21:25
454320,2,HANARO CAPEX설비투자iSelect,42045,5,-600,-1.41,42017.0,-17.6817,1203,50,904,2026-09-01 06:21:25
269540,4,PLUS 미국S&P500(H),30030,5,-30,-0.1,30014.0,-0.1495,7787,233,901,2026-09-01 06:21:25
0066W0,5,SOL 국제금,12850,5,-10,-0.08,12909.0,-10.6945,88020,1134,900,2026-09-01 06:21:25
453080,4,KIWOOM 미국나스닥100(H),22880,2,35,0.15,22851.0,-3.453,2851,65,892,2026-09-01 06:21:25
143850,4,TIGER 미국S&P500선물(H),77435,5,-100,-0.13,77412.0,0.7471,1616,125,891,2026-09-01 06:21:25
486240,2,DAISHIN AI반도체&인프라액티브,28625,5,-450,-1.55,28670.0,-15.492,6357,181,887,2026-09-01 06:21:25
108450,2,ACE 삼성그룹섹터가중,40295,2,90,0.22,40343.0,-17.3417,1212,48,886,2026-09-01 06:21:25
444490,4,WON 미국S&P500,20030,5,-20,-0.1,20038.0,-7.6676,6135,122,881,2026-09-01 06:21:25
329670,7,KODEX TRF7030,21900,5,-65,-0.3,21915.0,-4.7846,10461,229,876,2026-09-01 06:21:25
495040,1,PLUS 코리아밸류업,31705,2,135,0.43,31773.0,-18.335,4640,146,872,2026-09-01 06:21:25
460960,7,ACE 글로벌인컴TOP10,10985,5,-15,-0.14,10987.0,-7.2059,188451,2069,868,2026-09-01 06:21:25
0162L0,4,KODEX 차이나AI반도체TOP10,13310,5,-335,-2.46,13354.0,-17.3883,707859,9515,839,2026-09-01 06:21:25
138530,2,TIGER LG그룹플러스,12680,5,-230,-1.78,12695.0,-24.0589,49579,631,837,2026-09-01 06:21:25
453330,4,RISE 미국S&P500(H),18175,5,-45,-0.25,18171.0,1.7339,18806,342,836,2026-09-01 06:21:25
329660,7,KODEX TRF5050,17780,5,-55,-0.31,17799.0,-3.3022,6782,120,836,2026-09-01 06:21:25
461460,6,PLUS 국고채10년액티브,51200,5,-255,-0.5,51181.0,-0.6469,1602,81,830,2026-09-01 06:21:25
479620,4,SOL 미국AI반도체칩메이커,24015,2,65,0.27,23943.0,-20.4584,36870,883,829,2026-09-01 06:21:25
130730,6,KIWOOM 단기자금,103015,3,0,0.0,103022.0,0.6841,1644,169,824,2026-09-01 06:21:25
438560,6,SOL 국고채3년,100365,5,-155,-0.15,100404.0,0.8022,404,40,822,2026-09-01 06:21:25
0017Y0,6,1Q 종합채권(AA-이상)액티브,93950,5,-160,-0.17,93859.0,-0.916,352,33,820,2026-09-01 06:21:25
0018C0,2,PLUS 고배당주위클리고정커버드콜,10935,2,115,1.06,10937.0,-4.1236,56153,612,815,2026-09-01 06:21:25
359210,1,KODEX 코스피TR,35385,2,260,0.74,35475.0,-19.6592,5573,196,814,2026-09-01 06:21:25
485690,4,RISE 미국AI밸류체인TOP3Plus,21505,5,-40,-0.19,21470.0,-13.8115,4799,102,806,2026-09-01 06:21:25
364960,2,TIGER BBIG,6715,5,-35,-0.52,6716.0,-12.7907,8193,55,802,2026-09-01 06:21:25
157490,2,TIGER 소프트웨어,8570,5,-40,-0.46,8577.0,-19.155,102220,874,802,2026-09-01 06:21:25
449770,4,KIWOOM 미국S&P500,20915,5,-10,-0.05,20911.0,-7.4414,3532,73,795,2026-09-01 06:21:25
337140,2,KODEX 코스피대형주,36050,2,140,0.39,36146.0,-20.2973,7596,273,793,2026-09-01 06:21:25
0098N0,2,PLUS 자사주매입고배당주,13195,2,150,1.15,13204.0,4.38,35685,469,792,2026-09-01 06:21:25
210780,2,TIGER 코스피고배당,23870,2,210,0.89,23875.0,-1.046,7957,189,788,2026-09-01 06:21:25
0049M0,4,ACE 미국배당퀄리티+커버드콜액티브,11155,5,-20,-0.18,11167.0,-7.0789,30251,337,786,2026-09-01 06:21:25
0057H0,7,PLUS 미국S&P500미국채혼합50액티브,11560,5,-10,-0.09,11565.0,-7.7633,26707,308,786,2026-09-01 06:21:25
495750,1,HANARO 코리아밸류업,31910,5,-45,-0.14,31979.0,-17.7144,3871,123,782,2026-09-01 06:21:25
492500,7,1Q 현대차그룹채권(A+이상)&국고통안,51325,5,-20,-0.04,51352.0,0.5384,624,32,781,2026-09-01 06:21:25
458030,6,WON 국공채머니마켓액티브,55035,5,-5,-0.01,55035.0,0.7044,14,0,780,2026-09-01 06:21:25
490480,2,SOL K방산,28315,5,-690,-2.38,28386.0,-20.6972,52505,1491,779,2026-09-01 06:21:25
0197X0,2,SOL SK하이닉스선물단일종목인버스2X,6950,5,-140,-1.97,6965.0,-52.2559,11572198,81631,768,2026-09-01 06:21:25
228810,2,TIGER 미디어컨텐츠,3155,2,15,0.48,3153.0,-16.2667,215877,680,767,2026-09-01 06:21:25
434960,1,DAISHIN K200,108655,2,330,0.3,108824.0,-20.5615,8155,882,761,2026-09-01 06:21:25
365040,1,TIGER AI코리아그로스액티브,36050,5,-185,-0.51,36123.0,-17.016,11347,408,757,2026-09-01 06:21:25
473640,4,HANARO 글로벌금채굴기업,35040,5,-540,-1.52,35260.0,4.6778,26799,941,753,2026-09-01 06:21:25
0080X0,7,SOL 미국S&P500미국채혼합50,10895,5,-15,-0.14,10880.0,-8.5806,85926,935,752,2026-09-01 06:21:25
0102A0,4,TIGER 미국AI소프트웨어TOP4Plus,9057,2,12,0.13,9067.0,-3.8278,105941,957,747,2026-09-01 06:21:25
469060,4,RISE 미국반도체NYSE,33725,2,45,0.13,33617.0,-18.7557,15999,538,742,2026-09-01 06:21:25
412770,4,TIGER 글로벌AI플랫폼액티브,12385,2,40,0.32,12331.0,-21.9906,2710,33,742,2026-09-01 06:21:25
0233A0,7,ACE 삼성전자SK하이닉스플러스채권혼합50,10375,2,5,0.05,10391.0,,400484,4130,737,2026-09-01 06:21:25
0022T0,4,SOL 국제금커버드콜액티브,13200,2,30,0.23,13249.0,-10.6898,37056,490,726,2026-09-01 06:21:25
211560,2,TIGER 배당성장,35970,2,455,1.28,35964.0,-9.0249,6170,220,723,2026-09-01 06:21:25
292770,6,KODEX 국채선물3년인버스,57720,2,40,0.07,57756.0,0.1736,3,0,720,2026-09-01 06:21:25
272910,6,ACE 중장기국공채액티브,106060,5,-145,-0.14,106022.0,0.5538,108,11,720,2026-09-01 06:21:25
441540,2,HANARO Fn조선해운,26665,5,-90,-0.34,26745.0,-18.8628,8098,215,720,2026-09-01 06:21:25
475310,2,SOL 반도체후공정,26080,5,-450,-1.7,26071.0,-20.3304,54902,1429,717,2026-09-01 06:21:25
292190,1,KODEX KRX300,47695,2,15,0.03,47681.0,-19.8574,16984,808,715,2026-09-01 06:21:25
465330,2,RISE 2차전지TOP10,11790,5,-195,-1.63,11806.0,-20.8911,257446,3090,710,2026-09-01 06:21:25
228800,2,TIGER 여행레저,2740,2,30,1.11,2738.0,-9.9668,154352,418,708,2026-09-01 06:21:25
0113D0,4,TIME 글로벌탑픽액티브,11895,5,-45,-0.38,11921.0,-7.3701,14819,176,702,2026-09-01 06:21:25
298340,6,PLUS 국채선물3년,56505,5,-75,-0.13,56486.0,1.1531,25864,1461,696,2026-09-01 06:21:25
266420,2,KODEX 헬스케어,17400,5,-220,-1.25,17397.0,-11.279,12784,221,696,2026-09-01 06:21:25
0098Z0,1,FOCUS 200,92575,2,1125,1.23,92368.0,-20.2255,12,1,694,2026-09-01 06:21:25
475350,4,RISE 버크셔포트폴리오TOP10,14460,5,-95,-0.65,14437.0,-2.4025,17407,251,694,2026-09-01 06:21:25
440640,6,ACE 단기채권알파액티브,112680,3,0,0.0,112690.0,0.8457,198,22,679,2026-09-01 06:21:25
0225V0,4,KODEX 미국CPU반도체TOP10,9695,5,-30,-0.31,9721.0,,83176,806,679,2026-09-01 06:21:25
0198A0,2,KIWOOM 코스닥150커버드콜액티브,8720,5,-195,-2.19,8726.0,,631202,5498,676,2026-09-01 06:21:25
458750,4,TIGER 미국배당다우존스타겟커버드콜1호,13115,2,15,0.11,13116.0,-2.2044,23424,307,675,2026-09-01 06:21:25
0190Y0,4,TIGER 구글밸류체인,8460,5,-5,-0.06,8445.0,-19.1332,159238,1343,668,2026-09-01 06:21:25
278620,6,PLUS 단기채권액티브,119075,5,-30,-0.03,119072.0,0.8381,45,5,667,2026-09-01 06:21:25
100910,1,KIWOOM KRX100,17020,5,-30,-0.18,17027.0,-19.774,2112,35,664,2026-09-01 06:21:25
433880,7,PLUS TDF2060액티브 적격,18480,5,-20,-0.11,18427.0,-8.3776,16289,300,663,2026-09-01 06:21:25
0115E0,2,KODEX 코리아소버린AI,14785,5,-215,-1.43,14807.0,-12.4561,16244,240,658,2026-09-01 06:21:25
491700,1,HK 200,108890,2,1410,1.31,109000.0,-20.6234,302,32,653,2026-09-01 06:21:25
277640,2,TIGER 코스피대형주,37305,2,5,0.01,37371.0,-19.7591,6733,250,653,2026-09-01 06:21:25
0210E0,2,PLUS 200커버드콜액티브,7305,2,45,0.62,7313.0,,164727,1197,643,2026-09-01 06:21:25
0123S0,2,HANARO 26-12 은행채(AA+이상)액티브,10190,3,0,0.0,10188.0,0.6916,581,5,632,2026-09-01 06:21:25
453950,4,TIGER TSMC파운드리밸류체인,32300,2,90,0.28,32348.0,-9.9525,5574,180,630,2026-09-01 06:21:25
419890,6,KIWOOM 단기채권ESG액티브,107550,5,-40,-0.04,107567.0,0.7161,2055,221,624,2026-09-01 06:21:25
455660,6,ACE 미국하이일드액티브(H),9445,2,20,0.21,9437.0,0.3192,24223,228,623,2026-09-01 06:21:25
0040S0,4,HANARO 글로벌피지컬AI액티브,23750,3,0,0.0,23801.0,-21.8107,4164,98,618,2026-09-01 06:21:25
0000D0,7,TIGER 엔비디아미국채커버드콜밸런스(합성),8930,5,-40,-0.45,8973.0,-9.2315,32401,289,616,2026-09-01 06:21:25
150460,2,TIGER 중국소비테마,8075,5,-75,-0.92,8073.0,10.6585,38218,309,610,2026-09-01 06:21:25
275980,4,TIGER 글로벌4차산업혁신기술(합성 H),23885,5,-50,-0.21,23838.0,-1.9058,571,13,607,2026-09-01 06:21:25
453640,4,KODEX 미국S&P500헬스케어,14105,5,-25,-0.18,14108.0,3.6809,24723,348,607,2026-09-01 06:21:25
306950,3,KODEX KRX300레버리지,75800,2,645,0.86,76129.0,-47.9897,545,41,606,2026-09-01 06:21:25
252400,3,RISE 200선물레버리지,100135,2,750,0.75,100115.0,-47.5859,26642,2628,601,2026-09-01 06:21:25
0172V0,5,1Q 은액티브,8620,2,5,0.06,8629.0,-19.5987,72843,627,595,2026-09-01 06:21:25
261240,7,KODEX 미국달러선물,14155,2,10,0.07,14163.0,-8.5059,106740,1509,593,2026-09-01 06:21:25
479730,4,TIGER 인도빌리언컨슈머,10035,2,20,0.2,10087.0,-2.6762,5931,59,592,2026-09-01 06:21:25
476750,6,ACE 미국30년국채엔화노출액티브(H),7280,5,-65,-0.88,7312.0,-12.5208,225801,1644,590,2026-09-01 06:21:25
0166S0,2,PLUS K제조업핵심기업액티브,10960,2,25,0.23,10968.0,-27.2456,33234,363,586,2026-09-01 06:21:25
261070,2,TIGER 코스닥150바이오테크,12630,5,-320,-2.47,12661.0,-22.6866,69714,888,586,2026-09-01 06:21:25
495940,4,RISE 미국AI테크액티브,18985,5,-20,-0.11,18950.0,-19.8071,4005,75,579,2026-09-01 06:21:25
491220,1,PLUS 200TR,128255,2,535,0.42,128365.0,-20.1775,7851,1005,577,2026-09-01 06:21:25
0111J0,2,HANARO 증권고배당TOP3플러스,12620,2,85,0.68,12634.0,-24.8786,43659,545,574,2026-09-01 06:21:25
401470,2,KODEX 메타버스액티브,9785,5,-40,-0.41,9809.0,-14.4164,5023,49,572,2026-09-01 06:21:25
278240,3,RISE 코스닥150선물레버리지,7835,5,-385,-4.68,7793.0,-49.7094,16562,129,571,2026-09-01 06:21:25
0141S0,2,SOL 조선기자재,8565,5,-90,-1.04,8590.0,-20.9228,128468,1109,570,2026-09-01 06:21:25
225040,4,TIGER 미국S&P500레버리지(합성 H),67770,5,-155,-0.23,67704.0,1.7679,3326,225,569,2026-09-01 06:21:25
140700,2,KODEX 보험,21805,2,665,3.15,21797.0,14.866,364552,7902,567,2026-09-01 06:21:25
0181L0,4,SOL 미국우주항공TOP10,6910,2,80,1.17,6876.0,-51.8676,96086,659,560,2026-09-01 06:21:25
455960,6,RISE 미국달러SOFR금리액티브(합성),11995,5,-85,-0.7,12023.0,-7.362,1046,12,549,2026-09-01 06:21:25
304780,3,HANARO 200선물레버리지,122050,2,810,0.67,121970.0,-46.934,3929,471,549,2026-09-01 06:21:25
385590,2,ACE ESG액티브,23790,5,-10,-0.04,23899.0,-14.7718,23,0,547,2026-09-01 06:21:25
0000Z0,2,RISE 바이오TOP10액티브,9065,5,-125,-1.36,9098.0,-29.9009,146156,1319,535,2026-09-01 06:21:25
0226A0,7,PLUS SK하이닉스샌디스크채권혼합50,10695,2,195,1.86,10818.0,,88830,948,535,2026-09-01 06:21:25
442560,7,RISE TDF2040액티브 적격,16340,5,-25,-0.15,16230.0,-6.9151,9323,152,531,2026-09-01 06:21:25
418670,4,TIGER 글로벌AI사이버보안,18170,2,450,2.54,18117.0,15.5149,61483,1120,531,2026-09-01 06:21:25
0113P0,6,HK 머니마켓액티브,102395,3,0,0.0,102410.0,0.7378,0,0,530,2026-09-01 06:21:25
440910,4,WON 미국우주항공방산,24100,5,-350,-1.43,24098.0,-15.9216,3868,93,530,2026-09-01 06:21:25
0046Y0,4,ACE 미국배당퀄리티,12470,2,5,0.04,12474.0,-6.8656,8557,106,530,2026-09-01 06:21:25
445150,2,KODEX 친환경조선해운액티브,28260,5,-215,-0.76,28385.0,-19.705,4856,137,523,2026-09-01 06:21:25
0118Z0,4,ACE 미국AI테크핵심산업액티브,8710,2,70,0.81,8679.0,-18.6824,6676,58,523,2026-09-01 06:21:25
101280,4,KODEX 일본TOPIX100,30725,2,145,0.47,30611.0,-3.189,13531,414,522,2026-09-01 06:21:25
0194T0,2,ACE SK하이닉스단일종목레버리지,8565,2,265,3.19,8636.0,-67.451,53941,460,520,2026-09-01 06:21:25
0041D0,4,KODEX 미국AI소프트웨어TOP10,13680,2,165,1.22,13686.0,-4.305,21374,292,520,2026-09-01 06:21:25
336160,6,RISE 금융채액티브,100140,5,-160,-0.16,100162.0,0.7194,12,1,520,2026-09-01 06:21:25
480310,4,TIGER 글로벌온디바이스AI,19025,2,320,1.71,18992.0,-23.7054,202337,3815,514,2026-09-01 06:21:25
0185L0,4,TIME 글로벌휴머노이드로봇산업액티브,7315,5,-45,-0.61,7324.0,-29.8045,47610,349,512,2026-09-01 06:21:25
0139P0,2,ACE 고배당주,13825,2,95,0.69,13856.0,0.7708,23898,330,512,2026-09-01 06:21:25
261220,5,KODEX WTI원유선물(H),24320,2,275,1.14,24344.0,1.4342,78917,1922,511,2026-09-01 06:21:25
275300,2,KODEX 우량주,29910,2,235,0.79,29928.0,-18.9657,11164,333,508,2026-09-01 06:21:25
114470,6,KIWOOM 국고채3년,108010,5,-85,-0.08,107986.0,0.7297,520,56,508,2026-09-01 06:21:25
475260,6,ACE 2월만기자동연장회사채AA-이상액티브,10745,5,-5,-0.05,10748.0,0.7969,986,10,506,2026-09-01 06:21:25
218420,4,KODEX 미국S&P500에너지(합성),20455,2,290,1.44,20394.0,2.7515,26603,544,502,2026-09-01 06:21:25
0197W0,2,SOL SK하이닉스단일종목레버리지,8435,2,185,2.24,8472.0,-67.43,156793,1307,502,2026-09-01 06:21:25
253150,3,PLUS 200선물레버리지,200035,2,1475,0.74,200208.0,-47.3986,9660,1905,500,2026-09-01 06:21:25
360140,2,KODEX 200롱코스닥150숏선물,22500,2,610,2.79,22533.0,-0.883,18814,421,495,2026-09-01 06:21:25
152500,3,ACE 레버리지,44310,2,395,0.9,44296.0,-47.3094,40472,1768,487,2026-09-01 06:21:25
447430,2,ACE 주주환원가치주액티브,16430,5,-45,-0.27,16486.0,-0.5933,7562,124,485,2026-09-01 06:21:25
123310,3,TIGER 인버스,1134,5,-6,-0.53,1135.0,4.2047,1832146,2090,484,2026-09-01 06:21:25
140950,1,파워 코스피100,84805,2,225,0.27,84918.0,-20.5708,788,66,475,2026-09-01 06:21:25
0118S0,4,SOL 미국넥스트테크TOP10액티브,10310,2,65,0.63,10342.0,-35.9288,17210,177,474,2026-09-01 06:21:25
316670,1,KIWOOM 코스닥150,7000,5,-190,-2.64,7012.0,-23.1428,62681,439,473,2026-09-01 06:21:25
0132H0,4,KODEX 미국원자력SMR,8150,2,10,0.12,8125.0,-26.3349,17600,142,473,2026-09-01 06:21:25
196030,4,ACE 일본TOPIX레버리지(H),93910,2,1320,1.43,94187.0,8.9806,197,18,470,2026-09-01 06:21:25
0086B0,2,TIGER 리츠부동산인프라TOP10액티브,9545,5,-30,-0.31,9582.0,-1.9751,4630,44,468,2026-09-01 06:21:25
287180,4,PLUS 미국나스닥테크,55000,2,395,0.72,54929.0,-8.7636,2657,145,468,2026-09-01 06:21:25
200030,4,KODEX 미국S&P500산업재(합성),41265,5,-365,-0.88,41372.0,-7.7963,1368,56,465,2026-09-01 06:21:25
442260,1,마이티 다이나믹퀀트액티브,37475,5,-155,-0.41,37559.0,-20.2924,5119,191,465,2026-09-01 06:21:25
256750,4,KODEX 차이나심천ChiNext(합성),15187,5,-138,-0.9,15197.0,-22.8349,1798,27,465,2026-09-01 06:21:25
0178H0,7,IBK 미국AI TOP10국채혼합50,9830,3,0,0.0,9871.0,-4.8788,1446,14,462,2026-09-01 06:21:25
305050,1,ACE 코스피,70830,2,230,0.33,71007.0,-19.4708,1786,126,460,2026-09-01 06:21:25
371470,4,TIGER 차이나바이오테크SOLACTIVE,8400,5,-85,-1.0,8478.0,4.8177,33725,283,457,2026-09-01 06:21:25
461340,4,HANARO 글로벌생성형AI액티브,41225,5,-5,-0.01,41285.0,-16.02,1510,62,453,2026-09-01 06:21:25
261120,7,TIGER 미국달러선물인버스2X,5375,5,-25,-0.46,5386.0,20.2672,1505183,8081,452,2026-09-01 06:21:25
0020H0,4,KoAct 글로벌양자컴퓨팅액티브,20970,3,0,0.0,21057.0,-33.344,5982,125,451,2026-09-01 06:21:25
276990,4,KODEX 글로벌로봇(합성),25450,5,-80,-0.31,25465.0,-16.7048,1565,39,450,2026-09-01 06:21:25
473490,4,KIWOOM 글로벌AI반도체,29985,2,180,0.6,29747.0,-16.2412,1471,43,450,2026-09-01 06:21:25
475270,6,ACE 5월만기자동연장회사채AA-이상액티브,10735,3,0,0.0,10732.0,0.7508,9595,103,448,2026-09-01 06:21:25
429760,4,PLUS 미국S&P500,19450,5,-5,-0.03,19452.0,-7.4126,2700,52,447,2026-09-01 06:21:25
442090,2,에셋플러스 코리아대장장이액티브,29550,5,-165,-0.56,29646.0,-21.1386,15,0,443,2026-09-01 06:21:25
375770,2,KODEX 탄소효율그린뉴딜,24565,2,50,0.2,24606.0,-17.979,104,2,442,2026-09-01 06:21:25
401170,2,RISE 메타버스,11045,5,-65,-0.59,11066.0,-27.0998,36466,402,437,2026-09-01 06:21:25
238720,4,ACE 일본Nikkei225(H),48380,2,300,0.62,48248.0,-0.28,1419,67,435,2026-09-01 06:21:25
0186S0,7,1Q 코스닥150채권혼합50액티브,8345,5,-175,-2.05,8379.0,-10.6861,209439,1758,434,2026-09-01 06:21:25
472830,6,RISE 미국30년국채커버드콜(합성),7810,5,-50,-0.64,7835.0,-11.4774,11616,90,433,2026-09-01 06:21:25
453650,4,KODEX 미국S&P500금융,19260,5,-150,-0.77,19352.0,3.4956,13100,253,433,2026-09-01 06:21:25
473590,4,ACE 미국주식베스트셀러,18435,2,205,1.12,18425.0,-27.2256,3780,69,433,2026-09-01 06:21:25
487130,2,KoAct AI인프라액티브,27865,5,-385,-1.36,27912.0,-25.9211,13941,386,432,2026-09-01 06:21:25
0089C0,4,KODEX 미국S&P500변동성확대시커버드콜,11315,5,-40,-0.35,11349.0,-7.4095,800,9,430,2026-09-01 06:21:25
139280,2,TIGER 경기방어,13045,5,-100,-0.76,13052.0,2.3018,6328,82,428,2026-09-01 06:21:25
0141T0,6,SOL 중기종합채권(AA-이상)액티브,50335,3,0,0.0,50279.0,0.7002,0,0,427,2026-09-01 06:21:25
440650,6,ACE 미국달러단기채권액티브,11510,2,25,0.22,11497.0,-8.34,17681,203,426,2026-09-01 06:21:25
0194M0,2,ACE 삼성전자단일종목레버리지,10800,5,-45,-0.41,10863.0,-51.8749,44241,474,424,2026-09-01 06:21:25
0189B0,5,TIGER 은액티브,8265,5,-25,-0.3,8291.0,-19.5537,60682,501,422,2026-09-01 06:21:25
494840,4,TIGER 미국방산TOP10,12735,5,-95,-0.74,12724.0,-6.8998,16989,216,420,2026-09-01 06:21:25
282000,3,RISE 국고채3년선물인버스,114750,2,110,0.1,114766.0,0.1572,16,1,419,2026-09-01 06:21:25
0191M0,6,마이티 5월만기자동연장특수채(AAA)액티브,100715,3,0,0.0,100729.0,,0,0,417,2026-09-01 06:21:25
139320,5,TIGER 금은선물(H),18495,2,20,0.11,18468.0,-4.522,10588,196,416,2026-09-01 06:21:25
0007G0,4,PLUS 글로벌원자력밸류체인,13610,5,-130,-0.95,13677.0,-16.1173,10211,138,408,2026-09-01 06:21:25
0112X0,1,마이티 200TR,40680,2,275,0.68,40610.0,-20.2586,854,34,407,2026-09-01 06:21:25
428510,4,KODEX 차이나AI테크액티브,23870,5,-320,-1.32,23901.0,-23.044,8521,203,406,2026-09-01 06:21:25
448570,1,FOCUS AI코리아액티브,29995,5,-50,-0.17,30038.0,-15.5684,45,1,405,2026-09-01 06:21:25
476260,2,HANARO 반도체핵심공정주도주,12065,5,-345,-2.78,12062.0,-5.9493,124395,1499,404,2026-09-01 06:21:25
0220B0,1,DS 코스닥액티브,9505,5,-210,-2.16,9504.0,,134686,1274,404,2026-09-01 06:21:25
183700,7,RISE 200채권혼합50,96025,2,420,0.44,95839.0,-9.5894,3450,331,403,2026-09-01 06:21:25
472840,1,IBK 200,107275,2,760,0.71,107526.0,-20.4661,426,45,402,2026-09-01 06:21:25
0192L0,2,RISE SK하이닉스단일종목레버리지,8725,2,220,2.59,8768.0,-66.9453,34180,293,401,2026-09-01 06:21:25
322410,2,HANARO K고배당,23385,2,215,0.93,23423.0,-1.0436,3185,74,398,2026-09-01 06:21:25
292560,7,TIGER 일본엔선물,7940,5,-10,-0.13,7920.0,-8.8303,229866,1828,397,2026-09-01 06:21:25
0207G0,2,SOL 우주항공밸류체인,6420,5,-170,-2.58,6417.0,,294509,1903,395,2026-09-01 06:21:25
147970,2,TIGER 모멘텀,81425,3,0,0.0,81597.0,-22.493,570,46,391,2026-09-01 06:21:25
0085N0,6,ACE 미국10년국채액티브(H),9695,5,-55,-0.56,9721.0,-0.8132,33315,323,388,2026-09-01 06:21:25
0209Z0,2,ACE 코리아AI전력TOP10,7170,5,-130,-1.78,7168.0,,108919,772,384,2026-09-01 06:21:25
400970,2,TIGER Fn메타버스,7575,5,-15,-0.2,7595.0,-28.4638,10968,82,383,2026-09-01 06:21:25
352540,7,KODEX 일본부동산리츠(H),11200,2,20,0.18,11323.0,-0.6631,9525,106,381,2026-09-01 06:21:25
275280,2,KODEX 모멘텀주,42175,2,205,0.49,42253.0,-21.3245,2248,94,380,2026-09-01 06:21:25
195930,4,TIGER 유로스탁스50(합성 H),23620,5,-235,-0.99,23625.0,7.8192,8093,190,378,2026-09-01 06:21:25
491830,4,TIGER 미국AI반도체팹리스,20960,2,105,0.5,20920.0,-21.9949,6960,145,377,2026-09-01 06:21:25
276970,4,KODEX 미국S&P500배당귀족커버드콜(합성 H),7955,5,-60,-0.75,7958.0,10.9816,6672,53,374,2026-09-01 06:21:25
365000,2,TIGER 인터넷TOP10,3650,5,-60,-1.62,3649.0,-25.5021,104073,381,370,2026-09-01 06:21:25
104530,2,KIWOOM 코리아고배당,17855,2,50,0.28,17855.0,-3.7475,6665,118,366,2026-09-01 06:21:25
0184E0,7,1Q 200채권혼합50액티브,10975,2,60,0.55,10982.0,-9.6319,83688,916,362,2026-09-01 06:21:25
452250,6,ACE 미국30년국채선물레버리지(합성 H),4670,5,-120,-2.51,4711.0,-5.9863,14220,66,362,2026-09-01 06:21:25
381560,2,HANARO Fn전기&수소차,18075,5,-145,-0.8,18067.0,-27.3901,2635,47,362,2026-09-01 06:21:25
464470,6,PLUS 미국채30년액티브,47300,5,-420,-0.88,47436.0,-11.3971,5705,269,361,2026-09-01 06:21:25
449690,4,TIGER 한중반도체(합성),48130,2,825,1.74,47679.0,-19.1368,9,0,361,2026-09-01 06:21:25
0154F0,2,WON 초대형IB&금융지주,12380,2,150,1.23,12378.0,-5.1571,9703,119,359,2026-09-01 06:21:25
322400,2,HANARO e커머스,10525,5,-150,-1.41,10557.0,-2.2884,12400,130,353,2026-09-01 06:21:25
450910,1,SOL 코스닥150,13715,5,-370,-2.63,13756.0,-23.1588,52468,720,351,2026-09-01 06:21:25
153270,1,KIWOOM 코스피100,83380,2,620,0.75,83354.0,-20.4345,1597,132,350,2026-09-01 06:21:25
498860,2,RISE 코리아금융고배당,17035,2,235,1.4,17039.0,-6.929,5450,92,349,2026-09-01 06:21:25
241390,7,RISE V&S셀렉트밸류채권혼합,15830,3,0,0.0,15799.0,-5.6226,3327,52,348,2026-09-01 06:21:25
352560,7,KODEX 미국부동산리츠(H),12175,5,-45,-0.37,12242.0,-0.3444,19792,240,347,2026-09-01 06:21:25
385520,2,KODEX 자율주행액티브,16100,5,-130,-0.8,16145.0,-30.552,2098,33,346,2026-09-01 06:21:25
491090,4,KODEX 미국테크TOP3플러스,17740,5,-85,-0.48,17753.0,-9.4643,38946,690,346,2026-09-01 06:21:25
415920,5,PLUS 글로벌희토류&전략자원생산기업,7335,5,-35,-0.47,7297.0,-27.7451,33775,247,345,2026-09-01 06:21:25
276650,4,RISE 글로벌테크놀로지(합성 H),45890,5,-195,-0.42,46090.0,-2.979,35,1,344,2026-09-01 06:21:25
138910,5,KODEX 구리선물(H),10100,2,55,0.55,10132.0,1.6186,47636,482,343,2026-09-01 06:21:25
295020,6,RISE 국채선물10년인버스,60835,2,265,0.44,60836.0,1.8239,7,0,342,2026-09-01 06:21:25
380340,2,ACE 코리아AI테크핵심산업,28455,5,-320,-1.11,28520.0,-29.6799,8290,235,341,2026-09-01 06:21:25
469050,4,RISE 미국반도체NYSE(H),30940,2,80,0.26,30802.0,-11.0461,5632,173,340,2026-09-01 06:21:25
0100K0,2,KODEX 방산TOP10레버리지,6060,5,-415,-6.41,6082.0,-45.5883,864282,5290,339,2026-09-01 06:21:25
407830,4,에셋플러스 글로벌플랫폼액티브,14135,2,115,0.82,14144.0,-17.7472,1892,26,339,2026-09-01 06:21:25
105780,2,RISE 5대그룹주,16940,2,75,0.44,16944.0,-23.4801,11048,186,339,2026-09-01 06:21:25
449780,4,KIWOOM 미국S&P500(H),18660,5,-25,-0.13,18647.0,0.8958,9097,169,336,2026-09-01 06:21:25
122260,6,KIWOOM 통안채1년,104160,5,-5,0.0,104166.0,0.6911,4648,484,333,2026-09-01 06:21:25
261140,2,TIGER 우선주,24755,2,265,1.08,24813.0,-15.0275,8503,209,332,2026-09-01 06:21:25
475070,4,KoAct 글로벌친환경전력인프라액티브,28775,5,-350,-1.2,28861.0,-29.8785,3316,95,331,2026-09-01 06:21:25
0023B0,4,PLUS 미국양자컴퓨팅TOP10,15750,2,70,0.45,15718.0,-31.1677,6819,107,331,2026-09-01 06:21:25
099140,4,KODEX 차이나H,21260,5,-60,-0.28,21224.0,-7.365,31006,659,330,2026-09-01 06:21:25
474800,4,KIWOOM 미국원유에너지기업,16000,2,105,0.66,15947.0,3.1233,50615,811,328,2026-09-01 06:21:25
271060,5,KODEX 3대농산물선물(H),9240,2,60,0.65,9247.0,10.6024,86004,790,327,2026-09-01 06:21:25
174360,4,RISE 중국본토대형주CSI100,23315,2,85,0.37,23246.0,-14.2013,5580,129,326,2026-09-01 06:21:25
459560,4,KODEX 테슬라밸류체인FactSet,21560,2,310,1.46,21582.0,-22.4585,2364,50,323,2026-09-01 06:21:25
227540,2,TIGER 200 헬스케어,19690,5,-190,-0.96,19732.0,-0.6,12116,238,323,2026-09-01 06:21:25
0089B0,7,PLUS 미국나스닥100미국채혼합50,11105,3,0,0.0,11117.0,-9.8848,11557,128,322,2026-09-01 06:21:25
139270,2,TIGER 200 금융,17300,2,220,1.29,17304.0,3.6316,13884,238,322,2026-09-01 06:21:25
0138T0,4,RISE 미국S&P500데일리고정커버드콜,9450,5,-5,-0.05,9452.0,-7.3357,21378,201,321,2026-09-01 06:21:25
266360,2,KODEX K콘텐츠,10040,2,30,0.3,10043.0,-12.8808,34745,349,321,2026-09-01 06:21:25
256440,4,ACE MSCI인도네시아(합성),5245,5,-100,-1.87,5251.0,-9.0987,128015,670,320,2026-09-01 06:21:25
117460,2,KODEX 에너지화학,14235,2,105,0.74,14231.0,-13.1272,195803,2813,319,2026-09-01 06:21:25
496770,4,PLUS 글로벌방산,17500,5,-210,-1.19,17372.0,-5.5467,10361,180,315,2026-09-01 06:21:25
476690,4,TIGER 글로벌비만치료제TOP2Plus,10470,5,-65,-0.62,10490.0,-4.7117,12132,127,314,2026-09-01 06:21:25
465350,3,RISE 2차전지TOP10인버스(합성),15700,2,145,0.93,15828.0,10.3191,125267,1944,314,2026-09-01 06:21:25
395170,2,KODEX Top10동일가중,15685,5,-35,-0.22,15680.0,-24.3943,1423,22,314,2026-09-01 06:21:25
245350,4,TIGER 유로스탁스배당30,19565,5,-85,-0.43,19519.0,0.5391,3540,69,313,2026-09-01 06:21:25
395290,2,HANARO Fn K-POP&미디어,4935,5,-50,-1.0,4934.0,-17.5352,71250,352,311,2026-09-01 06:21:25
494410,4,PLUS 미국S&P500성장주,14120,5,-5,-0.04,14136.0,-9.0088,1763,24,311,2026-09-01 06:21:25
0192T0,2,SOL 코스닥TOP10,7220,5,-185,-2.5,7227.0,-23.304,271576,1966,310,2026-09-01 06:21:25
459750,4,RISE 글로벌주식분산액티브,17690,5,-190,-1.06,17786.0,-7.0429,1596,28,310,2026-09-01 06:21:25
0150K0,2,KoAct 수소전력ESS인프라액티브,10825,5,-220,-1.99,10822.0,-25.2201,14588,158,309,2026-09-01 06:21:25
275290,2,KODEX 가치주,34275,2,465,1.38,34355.0,-15.0101,4020,137,308,2026-09-01 06:21:25
156080,1,KODEX MSCI Korea,51250,2,375,0.74,51383.0,-20.1711,4645,237,308,2026-09-01 06:21:25
465660,4,TIGER 일본반도체FACTSET,23630,5,-175,-0.74,23617.0,-13.9609,4360,101,307,2026-09-01 06:21:25
426150,6,WON 대한민국국고채액티브,50985,5,-255,-0.5,51004.0,-2.3815,101,5,307,2026-09-01 06:21:25
192720,2,파워 고배당저변동성,59905,2,205,0.34,59992.0,1.3322,2493,148,306,2026-09-01 06:21:25
248270,4,TIGER S&P글로벌헬스케어(합성),26160,5,-310,-1.17,26397.0,1.9645,12889,341,303,2026-09-01 06:21:25
117680,2,KODEX 철강,12730,5,-10,-0.08,12715.0,-16.759,59827,762,303,2026-09-01 06:21:25
468630,6,KODEX iShares미국투자등급회사채액티브,10720,5,-45,-0.42,10747.0,-10.4746,9898,106,301,2026-09-01 06:21:25
469790,2,KIWOOM 코리아테크TOP10,43015,5,-485,-1.11,43125.0,-22.352,10928,469,301,2026-09-01 06:21:25
0204S0,1,TIGER 코스닥액티브,6625,5,-220,-3.21,6636.0,,204261,1358,300,2026-09-01 06:21:25
0155N0,2,HANARO K휴머노이드테마TOP10,7490,5,-195,-2.54,7492.0,-32.2311,29990,228,300,2026-09-01 06:21:25
261250,7,KODEX 미국달러선물레버리지,15655,2,15,0.1,15688.0,-16.9632,53578,839,297,2026-09-01 06:21:25
145850,2,TREX 펀더멘탈 200,118935,2,195,0.16,118841.0,-13.4979,8,0,297,2026-09-01 06:21:25
476070,4,KODEX 글로벌비만치료제TOP2 Plus,10955,5,-25,-0.23,10992.0,-4.3595,7412,81,296,2026-09-01 06:21:25
464920,4,PLUS 일본반도체소부장,23660,5,-55,-0.23,23664.0,-10.0,5398,125,296,2026-09-01 06:21:25
0192M0,2,RISE 삼성전자단일종목레버리지,10950,2,35,0.32,11036.0,-51.8527,5963,64,296,2026-09-01 06:21:25
0083S0,4,1Q 미국메디컬AI,10550,5,-25,-0.24,10546.0,1.9441,14974,157,295,2026-09-01 06:21:25
446690,4,KODEX 아시아AI반도체exChina액티브,58645,5,-115,-0.2,58661.0,-23.9825,2494,144,293,2026-09-01 06:21:25
252710,3,TIGER 200선물인버스2X,84,3,0,0.0,83.0,-5.618,63688874,5383,292,2026-09-01 06:21:25
289480,3,TIGER 200커버드콜,12665,2,145,1.16,12764.0,7.9677,48093,605,291,2026-09-01 06:21:25
0203S0,7,WON 삼성전자현대차채권혼합50,8680,3,0,0.0,8693.0,,32813,285,291,2026-09-01 06:21:25
415340,4,KODEX 차이나과창판STAR50(합성),14030,5,-305,-2.13,14137.0,-10.9628,9637,137,290,2026-09-01 06:21:25
0218J0,7,RISE 미국우주&로봇TOP2미국채혼합50,9055,2,225,2.55,9047.0,,71224,643,290,2026-09-01 06:21:25
450190,4,KODEX 한중반도체(합성),48190,5,-365,-0.75,48098.0,-17.9399,16,0,289,2026-09-01 06:21:25
0107F0,4,KIWOOM 미국고배당&AI테크,11280,5,-50,-0.44,11293.0,-6.0026,4408,49,288,2026-09-01 06:21:25
253250,3,KIWOOM 200선물레버리지,98535,2,655,0.67,98597.0,-47.3325,35423,3438,286,2026-09-01 06:21:25
0155M0,4,ACE 미국SMR원자력TOP10,6780,5,-70,-1.02,6807.0,-25.1367,29772,201,285,2026-09-01 06:21:25
223190,2,KODEX 200가치저변동,28275,5,-90,-0.32,28335.0,-13.5413,17994,508,283,2026-09-01 06:21:25
387270,4,TIGER 글로벌이노베이션액티브,24130,2,150,0.63,24099.0,-21.3126,469,11,280,2026-09-01 06:21:25
494340,4,ACE 글로벌AI맞춤형반도체,18585,5,-20,-0.11,18487.0,-25.1308,4145,76,279,2026-09-01 06:21:25
479850,2,HANARO K-뷰티,19910,5,-760,-3.68,19937.0,32.6275,76463,1556,279,2026-09-01 06:21:25
0166N0,1,PLUS 코스닥150액티브,7635,5,-120,-1.55,7647.0,-26.2833,36879,281,275,2026-09-01 06:21:25
475380,7,RISE 글로벌리얼티인컴,10355,5,-5,-0.05,10320.0,-9.0934,5528,57,274,2026-09-01 06:21:25
0049K0,7,ACE 미국배당퀄리티채권혼합50,11060,5,-15,-0.14,11059.0,-3.3941,7321,81,271,2026-09-01 06:21:25
493420,4,SOL 미국배당다우존스2호,12825,2,20,0.16,12824.0,-2.2157,2421,31,269,2026-09-01 06:21:25
0137W0,4,KIWOOM 미국S&P500&GOLD,10320,5,-35,-0.34,10351.0,-7.0828,6756,69,268,2026-09-01 06:21:25
0152E0,2,SOL 배당성향탑픽액티브,10940,2,85,0.78,10945.0,-2.6222,16878,184,268,2026-09-01 06:21:25
440340,7,TIGER 글로벌멀티에셋TIF액티브,11890,2,15,0.13,11888.0,-8.8287,6657,79,268,2026-09-01 06:21:25
489290,4,WON 미국빌리어네어,14805,5,-10,-0.07,14850.0,-11.2609,1592,23,266,2026-09-01 06:21:25
261060,2,TIGER 코스닥150IT,22960,5,-565,-2.4,22951.0,-17.7448,10545,241,266,2026-09-01 06:21:25
437350,6,RISE 미국단기투자등급회사채액티브,12080,5,-15,-0.12,12093.0,-8.7859,16886,204,266,2026-09-01 06:21:25
0013R0,7,RISE 테슬라미국채타겟커버드콜혼합(합성),7815,2,80,1.03,7800.0,-15.4066,10412,81,266,2026-09-01 06:21:25
0223R0,4,TIGER 미국테크NYSE100액티브,9160,2,35,0.38,9148.0,,4979,45,266,2026-09-01 06:21:25
167860,6,KIWOOM 국고채10년레버리지,91420,5,-955,-1.03,91473.0,-1.8436,78,7,265,2026-09-01 06:21:25
459790,4,KIWOOM 미국성장기업30액티브,19605,5,-100,-0.51,19654.0,-20.4803,4070,79,265,2026-09-01 06:21:25
0103T0,2,1Q K소버린AI,8960,3,0,0.0,8952.0,-21.7468,10000,89,264,2026-09-01 06:21:25
245360,4,TIGER 차이나HSCEI,12290,2,55,0.45,12259.0,-7.8294,3177,38,264,2026-09-01 06:21:25
139250,2,TIGER 200 에너지화학,18330,2,380,2.12,18330.0,-11.8392,48184,882,264,2026-09-01 06:21:25
0164G0,4,RISE 차이나AI반도체TOP4Plus,12545,5,-155,-1.22,12522.0,-20.7489,4037,50,263,2026-09-01 06:21:25
0047R0,4,RISE 팔란티어고정테크100,15380,3,0,0.0,15399.0,-2.7131,1909,29,261,2026-09-01 06:21:25
0224X0,7,1Q 엔비디아알파벳미국채혼합50,9680,5,-90,-0.92,9652.0,,141606,1372,261,2026-09-01 06:21:25
368190,2,HANARO Fn K-뉴딜디지털플러스,8155,5,-105,-1.27,8166.0,-10.3636,1101,9,261,2026-09-01 06:21:25
419430,4,KODEX 차이나2차전지MSCI(합성),9200,5,-100,-1.08,9232.0,-23.6767,1037,9,258,2026-09-01 06:21:25
0093D0,7,KoAct 팔란티어밸류체인액티브,17740,2,125,0.71,17683.0,-15.088,16225,287,257,2026-09-01 06:21:25
277540,4,ACE 아시아TOP50,31975,2,455,1.44,31998.0,-13.4304,1289,41,256,2026-09-01 06:21:25
0115C0,4,RISE 미국고배당다우존스TOP10,11115,2,10,0.09,11099.0,-3.6522,40737,452,256,2026-09-01 06:21:25
0097L0,7,KIWOOM 한국고배당&미국AI테크,12690,2,95,0.75,12725.0,-4.0314,2421,30,254,2026-09-01 06:21:25
185680,4,KODEX 미국S&P바이오(합성),47570,2,140,0.3,47589.0,8.9343,746,35,253,2026-09-01 06:21:25
414270,4,ACE 글로벌자율주행액티브,11740,2,70,0.6,11698.0,-22.3295,59308,694,252,2026-09-01 06:21:25
456680,4,TIGER 차이나전기차레버리지(합성),6150,5,-70,-1.13,6164.0,-44.0899,1944,11,251,2026-09-01 06:21:25
483570,4,KCGI 미국S&P500 TOP10,15660,5,-5,-0.03,15619.0,-10.9438,1237,19,251,2026-09-01 06:21:25
496120,1,ACE 코리아밸류업,33220,2,205,0.62,33281.0,-16.3907,4021,133,249,2026-09-01 06:21:25
0198D0,2,1Q SK하이닉스선물단일종목레버리지,8925,2,250,2.88,8958.0,-69.705,99246,883,248,2026-09-01 06:21:25
225130,4,ACE 골드선물 레버리지(합성 H),49445,5,-420,-0.84,49784.0,-7.2452,4642,230,247,2026-09-01 06:21:25
292500,1,SOL KRX300,48760,2,345,0.71,48789.0,-20.4657,193,9,244,2026-09-01 06:21:25
0206G0,7,1Q 현대차기아채권혼합50,8240,5,-70,-0.84,8263.0,,210062,1733,243,2026-09-01 06:21:25
388280,2,RISE K엔터&여행레저,7310,2,175,2.45,7311.0,-9.8548,34756,250,243,2026-09-01 06:21:25
195970,4,PLUS 선진국MSCI(합성 H),16560,2,100,0.61,16601.0,2.9071,15521,255,242,2026-09-01 06:21:25
289250,2,TIGER MSCI KOREA ESG유니버설,34815,2,250,0.72,34901.0,-18.9953,782,27,240,2026-09-01 06:21:25
159800,1,마이티 코스피100,85745,2,295,0.35,85707.0,-20.5302,8,0,240,2026-09-01 06:21:25
292160,1,TIGER KRX300,47865,2,320,0.67,47887.0,-20.4388,13325,633,239,2026-09-01 06:21:25
411540,1,SOL 200 Top10,17090,5,-170,-0.98,17124.0,-20.0198,34518,589,239,2026-09-01 06:21:25
367740,2,HANARO Fn5G산업,43045,5,-800,-1.82,43147.0,-21.467,1058,45,237,2026-09-01 06:21:25
300950,2,KODEX 게임산업,5625,2,75,1.35,5632.0,-12.7359,140038,784,236,2026-09-01 06:21:25
461450,1,KODEX 코스닥글로벌,15680,5,-200,-1.26,15693.0,-15.2615,14694,231,235,2026-09-01 06:21:25
442550,7,RISE TDF2030액티브 적격,14675,5,-15,-0.1,14577.0,-5.2393,8393,122,235,2026-09-01 06:21:25
280930,4,KODEX 미국러셀2000(H),16705,5,-110,-0.65,16717.0,0.8093,12794,213,234,2026-09-01 06:21:25
269420,4,KODEX S&P글로벌인프라(합성),21995,2,10,0.05,21981.0,-9.6755,1518,33,234,2026-09-01 06:21:25
0153X0,4,PLUS 미국고배당주액티브,11400,5,-10,-0.09,11398.0,2.3864,28473,324,234,2026-09-01 06:21:25
481340,6,RISE 미국30년국채액티브,8470,5,-100,-1.17,8505.0,-11.6596,72302,612,233,2026-09-01 06:21:25
138230,7,KIWOOM 미국달러선물,16035,5,-10,-0.06,16059.0,-8.3143,692,11,233,2026-09-01 06:21:25
364690,1,KODEX 혁신기술테마액티브,38705,5,-405,-1.04,38859.0,-23.2187,3656,141,232,2026-09-01 06:21:25
465670,4,TIGER 미국캐시카우100,17125,5,-40,-0.23,16996.0,6.3418,7272,124,231,2026-09-01 06:21:25
204450,4,KODEX 차이나H레버리지(H),2340,5,-5,-0.21,2342.0,-1.4706,30508,71,229,2026-09-01 06:21:25
471460,6,KIWOOM 국고채30년액티브,45080,5,-745,-1.63,45188.0,-7.4969,1266,57,225,2026-09-01 06:21:25
0047P0,4,RISE 테슬라고정테크100,14530,2,140,0.97,14540.0,-14.1367,3113,45,225,2026-09-01 06:21:25
477730,4,KODEX 인도타타그룹,7505,2,30,0.4,7509.0,-8.9843,4947,37,225,2026-09-01 06:21:25
438320,4,TIGER 차이나항셍테크레버리지(합성 H),5155,5,-50,-0.96,5173.0,-14.6022,3603,18,223,2026-09-01 06:21:25
464600,2,SOL 자동차소부장Fn,23310,5,-565,-2.37,23321.0,-37.4099,3796,88,221,2026-09-01 06:21:25
0177A0,2,WON 두산그룹포커스,8835,5,-240,-2.64,8833.0,-28.2326,19511,171,221,2026-09-01 06:21:25
461600,6,SOL 미국30년국채액티브(H),8295,5,-70,-0.84,8282.0,-2.902,8686,72,220,2026-09-01 06:21:25
376410,2,TIGER 탄소효율그린뉴딜,24415,5,-45,-0.18,24369.0,-17.5563,108,2,220,2026-09-01 06:21:25
469160,4,ACE 일본반도체,24415,5,-55,-0.22,24438.0,-19.8231,3338,80,220,2026-09-01 06:21:25
239660,6,PLUS 우량회사채50,121695,5,-25,-0.02,121715.0,0.7282,3048,371,219,2026-09-01 06:21:25
371450,4,TIGER 글로벌클라우드컴퓨팅INDXX,14025,2,95,0.68,14002.0,11.1731,13757,192,219,2026-09-01 06:21:25
0065G0,4,KODEX 차이나테크TOP10,8575,5,-130,-1.49,8590.0,-13.3726,19825,169,219,2026-09-01 06:21:25
0198B0,2,1Q 삼성전자선물단일종목레버리지,11255,2,85,0.76,11249.0,-52.6294,16313,181,218,2026-09-01 06:21:25
375760,2,HANARO 탄소효율그린뉴딜,24205,5,-150,-0.62,24266.0,-18.2461,68,1,218,2026-09-01 06:21:25
0067V0,4,TIGER 차이나글로벌리더스TOP3+,9865,5,-10,-0.1,9885.0,-14.5762,1950,19,217,2026-09-01 06:21:25
300640,2,RISE 게임테마,6665,2,120,1.83,6657.0,-7.752,3901,25,217,2026-09-01 06:21:25
0127R0,4,RISE 미국AI클라우드인프라,15935,2,175,1.11,15808.0,-20.3757,8802,139,215,2026-09-01 06:21:25
433220,4,에셋플러스 글로벌대장장이액티브,29070,2,15,0.05,29105.0,-20.5388,144,4,215,2026-09-01 06:21:25
108590,1,TREX 200,107530,2,415,0.39,107659.0,-20.5517,22,2,215,2026-09-01 06:21:25
0026E0,4,KODEX 미국S&P500버퍼3월액티브,11590,2,20,0.17,11689.0,-6.3916,487,5,214,2026-09-01 06:21:25
364990,2,TIGER 게임TOP10,4860,2,50,1.04,4870.0,-13.7993,101457,491,214,2026-09-01 06:21:25
091220,2,TIGER 은행,17245,2,175,1.03,17263.0,13.3797,33793,580,214,2026-09-01 06:21:25
217770,5,TIGER 원유선물인버스(H),1233,5,-15,-1.2,1231.0,-7.9647,803572,989,213,2026-09-01 06:21:25
0186L0,4,KoAct 미국로봇피지컬AI액티브,9230,2,20,0.22,9215.0,-20.3288,5350,49,212,2026-09-01 06:21:25
447660,7,PLUS 애플채권혼합,13655,5,-45,-0.33,13674.0,-1.1581,8212,112,212,2026-09-01 06:21:25
253290,7,RISE 헬스케어채권혼합,11755,5,-50,-0.42,11804.0,-2.3898,3306,38,212,2026-09-01 06:21:25
463300,4,RISE 중국본토CSI300,13205,5,-15,-0.11,13265.0,-12.5553,1702,22,211,2026-09-01 06:21:25
226980,1,KODEX 200 중소형,23320,5,-355,-1.5,23375.0,-11.4873,37789,881,210,2026-09-01 06:21:25
417630,2,TIGER KEDI혁신기업ESG30,19975,5,-260,-1.28,20027.0,-12.0409,10072,200,210,2026-09-01 06:21:25
0192S0,7,SOL 코스피200채권혼합50,9415,2,15,0.16,9433.0,-10.1497,101294,949,207,2026-09-01 06:21:25
337120,2,KODEX 멀티팩터,34345,5,-30,-0.09,34365.0,-19.0245,35,1,206,2026-09-01 06:21:25
152380,6,KODEX 국채선물10년,64650,5,-350,-0.54,64681.0,-0.6952,440,28,206,2026-09-01 06:21:25
416090,4,ACE 중국과창판STAR50,12805,5,-215,-1.65,12754.0,-12.3233,5078,65,205,2026-09-01 06:21:25
169950,4,KODEX 차이나A50,25575,2,325,1.29,25660.0,-12.4936,318,8,205,2026-09-01 06:21:25
0231Z0,7,KODEX 코리아TDF2065액티브 적격,10145,2,45,0.45,10152.0,,35487,358,203,2026-09-01 06:21:25
437070,6,KODEX 아시아달러채권ESG플러스액티브,58475,5,-165,-0.28,58572.0,-9.4485,639,37,202,2026-09-01 06:21:25
0190M0,4,KIWOOM 미국AI테크하이베타,7885,2,65,0.83,7858.0,-32.6733,36794,289,201,2026-09-01 06:21:25
289040,2,KODEX MSCI KOREA ESG유니버설,33485,2,240,0.72,33498.0,-17.4833,9,0,201,2026-09-01 06:21:25
404120,2,TIME K신재생에너지액티브,25110,5,-360,-1.41,25191.0,-22.9,2835,71,201,2026-09-01 06:21:25
489000,6,PLUS 일본엔화초단기국채(합성),9075,2,10,0.11,9072.0,-9.2593,51142,464,200,2026-09-01 06:21:25
304770,1,HANARO 코스닥150,14005,5,-375,-2.61,14063.0,-23.1633,6314,89,199,2026-09-01 06:21:25
284980,2,RISE 200금융,22995,2,160,0.7,23007.0,4.1813,9645,220,198,2026-09-01 06:21:25
404260,2,KODEX 기후변화솔루션,24355,5,-300,-1.22,24349.0,-22.0822,6669,162,195,2026-09-01 06:21:25
379790,4,RISE 유로스탁스50(H),17540,2,5,0.03,17448.0,6.1623,18178,318,193,2026-09-01 06:21:25
407310,1,HANARO 200 TOP10,16730,5,-70,-0.42,16762.0,-20.4747,248,4,192,2026-09-01 06:21:25
213630,4,PLUS 미국다우존스고배당주(합성 H),20895,5,-215,-1.02,20983.0,5.8145,2580,53,192,2026-09-01 06:21:25
0203R0,6,WON 중단기종합채권(A-이상)액티브,50475,3,0,0.0,50490.0,,0,0,192,2026-09-01 06:21:25
487950,4,KODEX 대만테크고배당다우존스,13210,5,-15,-0.11,13330.0,-5.2254,16328,215,192,2026-09-01 06:21:25
497780,4,KoAct 미국천연가스인프라액티브,10590,2,100,0.95,10596.0,-7.7985,16575,175,191,2026-09-01 06:21:25
0144M0,4,KODEX 미국드론UAM TOP10,6930,5,-50,-0.72,6856.0,-33.2058,59859,413,191,2026-09-01 06:21:25
0104P0,2,TIGER 코리아배당다우존스위클리커버드콜,11200,2,125,1.13,11208.0,-3.4979,29196,325,190,2026-09-01 06:21:25
0223A0,2,RISE 코스닥커버드콜액티브,10285,5,-280,-2.65,10284.0,,258634,2647,190,2026-09-01 06:21:25
445910,2,TIGER MKF배당귀족,21085,2,145,0.69,21109.0,-5.1904,1636,34,190,2026-09-01 06:21:25
228820,1,TIGER KTOP30,18910,2,55,0.29,18909.0,-19.0073,23227,438,189,2026-09-01 06:21:25
0105D0,2,SOL 한국AI소프트웨어,9915,5,-85,-0.85,9902.0,-23.9255,82582,813,188,2026-09-01 06:21:25
304760,1,HANARO KRX300,46830,5,-230,-0.49,46960.0,-20.411,57,2,187,2026-09-01 06:21:25
229720,1,KODEX KTOP30,37380,5,-90,-0.24,37473.0,-19.7633,743,27,187,2026-09-01 06:21:25
183710,7,RISE 주식혼합,92805,2,710,0.77,92536.0,-15.3576,54,4,186,2026-09-01 06:21:25
276000,4,TIGER 글로벌자원생산기업(합성 H),21810,2,410,1.92,21390.0,5.2631,4241,92,185,2026-09-01 06:21:25
0018Z0,4,RISE 미국양자컴퓨팅,17590,2,25,0.14,17641.0,-23.4149,2351,41,185,2026-09-01 06:21:25
385600,2,ACE 2차전지&친환경차액티브,12265,5,-160,-1.29,12260.0,-27.9919,9742,119,184,2026-09-01 06:21:25
445690,2,BNK 주주가치액티브,30340,2,220,0.73,30407.0,-15.2743,17,0,182,2026-09-01 06:21:25
195920,4,TIGER 일본TOPIX(합성 H),35935,2,160,0.45,36123.0,4.8044,287,10,180,2026-09-01 06:21:25
461910,4,PLUS 미국테크TOP10레버리지(합성),35837,5,-78,-0.22,35671.0,-23.9412,166,5,179,2026-09-01 06:21:25
460660,4,RISE 미국S&P배당킹,11895,5,-95,-0.79,11842.0,0.7599,2142,25,178,2026-09-01 06:21:25
449580,7,RISE 테슬라애플아마존채권혼합,16150,2,5,0.03,16171.0,-5.5803,7376,119,178,2026-09-01 06:21:25
461900,4,PLUS 미국테크TOP10,22200,5,-25,-0.11,22117.0,-11.3836,1111,24,178,2026-09-01 06:21:25
225060,4,TIGER 이머징마켓MSCI레버리지(합성 H),16730,2,200,1.21,16799.0,-6.0262,370,6,177,2026-09-01 06:21:25
415760,4,SOL 차이나육성산업액티브(합성),13000,5,-295,-2.22,13149.0,-11.2187,4083,53,177,2026-09-01 06:21:25
227830,1,PLUS 코스피,70550,2,230,0.33,70733.0,-19.3405,12792,901,176,2026-09-01 06:21:25
468370,6,KODEX iShares미국인플레이션국채액티브,10525,5,-30,-0.28,10541.0,-10.0957,28694,301,176,2026-09-01 06:21:25
289260,2,TIGER MSCI KOREA ESG리더스,29045,2,265,0.92,29066.0,-16.7005,811,23,174,2026-09-01 06:21:25
483330,4,ACE 마이크로소프트밸류체인액티브,15060,2,50,0.33,15020.0,-5.5975,4170,62,173,2026-09-01 06:21:25
0086C0,7,TIGER 리츠부동산인프라10채권혼합액티브,9845,5,-45,-0.46,9854.0,-0.3512,1294,12,172,2026-09-01 06:21:25
292050,1,RISE KRX300,48915,2,125,0.26,49050.0,-20.3039,8024,392,171,2026-09-01 06:21:25
474920,4,에셋플러스 차이나일등기업포커스10액티브,18127,5,-223,-1.22,18127.0,-7.6962,627,11,170,2026-09-01 06:21:25
250730,4,RISE 차이나HSCEI(H),9990,2,100,1.01,10032.0,0.3551,179,1,170,2026-09-01 06:21:25
477490,4,에셋플러스 글로벌일등기업포커스10액티브,18860,2,70,0.37,18841.0,-16.6001,332,6,170,2026-09-01 06:21:25
457690,6,KODEX 33-06 국고채액티브,10465,5,-35,-0.33,10468.0,0.0476,26043,272,170,2026-09-01 06:21:25
236350,4,TIGER 인도니프티50레버리지(합성),27205,2,50,0.18,27509.0,-17.1599,367,10,169,2026-09-01 06:21:25
0193K0,2,PLUS 삼성전자단일종목레버리지,11830,5,-130,-1.09,11976.0,-51.1339,7308,86,169,2026-09-01 06:21:25
391670,1,HK 베스트일레븐액티브,27975,2,255,0.92,28179.0,-26.7055,584,16,168,2026-09-01 06:21:25
131890,2,ACE 삼성그룹동일가중,41380,2,20,0.05,41482.0,-9.7535,431,17,166,2026-09-01 06:21:25
266410,2,KODEX 필수소비재,10320,5,-310,-2.92,10337.0,13.2325,106681,1109,165,2026-09-01 06:21:25
219390,4,RISE 미국S&P원유생산기업(합성 H),8240,2,20,0.24,8314.0,13.6143,92544,763,165,2026-09-01 06:21:25
494420,2,PLUS 미국배당증가성장주데일리커버드콜,9100,5,-45,-0.49,9096.0,-4.6878,17188,156,164,2026-09-01 06:21:25
332620,6,PLUS 미국장기우량회사채,87470,5,-515,-0.59,87344.0,-11.7784,485,42,164,2026-09-01 06:21:25
419650,4,PLUS 글로벌수소&차세대연료전지,5020,5,-35,-0.69,5005.0,-38.9124,4247,21,163,2026-09-01 06:21:25
438900,2,HANARO Fn K-푸드,12030,5,-130,-1.07,12059.0,8.7681,92966,1119,162,2026-09-01 06:21:25
291130,4,ACE MSCI멕시코(합성),17850,5,-100,-0.56,18146.0,-11.0065,1427,25,161,2026-09-01 06:21:25
265690,4,ACE 러시아MSCI(합성),8535,3,0,0.0,48.0,0.0,0,0,158,2026-09-01 06:21:25
432840,4,HANARO 미국S&P500,19645,2,5,0.03,19617.0,-7.2648,1675,32,157,2026-09-01 06:21:25
491510,2,파워 K-주주가치액티브,18190,2,235,1.31,18226.0,-2.4744,667,12,155,2026-09-01 06:21:25
337150,2,KODEX 200exTOP,25595,5,-175,-0.68,25763.0,-16.1645,2969,76,154,2026-09-01 06:21:25
453630,4,KODEX 미국S&P500필수소비재,12250,5,-80,-0.65,12303.0,-6.9748,5565,68,153,2026-09-01 06:21:25
413930,2,WON AI ESG액티브,27630,2,275,1.01,27639.0,-21.6414,124,3,152,2026-09-01 06:21:25
104520,2,KIWOOM 블루칩,15180,5,-35,-0.23,15178.0,-9.8884,638,9,152,2026-09-01 06:21:25
114460,6,ACE 국고채3년,100675,5,-130,-0.13,100705.0,0.7125,401,40,151,2026-09-01 06:21:25
0207Z0,4,KIWOOM 미국우주데이터센터인프라,6855,2,40,0.59,6840.0,,41453,282,151,2026-09-01 06:21:25
387280,2,TIGER 퓨처모빌리티액티브,11835,5,-110,-0.92,11833.0,-32.2078,12720,152,150,2026-09-01 06:21:25
0220A0,7,KIWOOM 현대차그룹TOP3채권혼합50,9375,5,-45,-0.48,9382.0,,13190,123,150,2026-09-01 06:21:25
0222F0,2,마이티 AI데이터센터밸류체인,13030,5,-240,-1.81,13034.0,,1064,13,150,2026-09-01 06:21:25
453820,4,KODEX 인도Nifty50레버리지(합성),11505,2,210,1.86,11495.0,-16.8263,2238,25,150,2026-09-01 06:21:25
488290,4,MIDAS 일본테크액티브,42725,5,-125,-0.29,43214.0,-18.194,1432,60,150,2026-09-01 06:21:25
272570,6,RISE 중장기국공채액티브,107845,5,-290,-0.27,107880.0,0.6,4,0,149,2026-09-01 06:21:25
0194R0,2,KIWOOM SK하이닉스선물단일종목레버리지,8365,2,230,2.83,8428.0,-67.9593,7426,60,148,2026-09-01 06:21:25
453010,7,PLUS KOFR금리,109860,2,10,0.01,109854.0,0.6643,591,64,147,2026-09-01 06:21:25
130680,5,TIGER 원유선물Enhanced(H),7145,2,70,0.99,7147.0,2.3878,145793,1042,146,2026-09-01 06:21:25
102960,2,KODEX 기계장비,13745,5,-150,-1.08,13748.0,-24.3192,19062,260,146,2026-09-01 06:21:25
404650,2,SOL KRX기후변화솔루션,24150,5,-410,-1.67,24142.0,-22.9505,519,12,145,2026-09-01 06:21:25
0090B0,2,PLUS K방산소부장,6735,5,-115,-1.68,6740.0,-36.7206,22246,149,145,2026-09-01 06:21:25
0216Z0,2,ACE K방산TOP5+,8500,5,-230,-2.63,8515.0,,33206,282,145,2026-09-01 06:21:25
234310,2,RISE V&S셀렉트밸류,28602,2,107,0.38,28635.0,-13.4286,6,0,143,2026-09-01 06:21:25
244620,2,KODEX 모멘텀Plus,20100,5,-415,-2.02,20073.0,-15.1221,405,8,141,2026-09-01 06:21:25
373490,2,KODEX 코리아혁신성장액티브,25490,5,-215,-0.84,25624.0,-27.8153,268,6,140,2026-09-01 06:21:25
0104G0,2,PLUS K방산레버리지,5830,5,-325,-5.28,5829.0,-47.8832,101175,586,140,2026-09-01 06:21:25
0013P0,4,RISE 미국은행TOP10,12690,5,-110,-0.86,12733.0,5.6952,5648,71,140,2026-09-01 06:21:25
137610,5,TIGER 농산물선물Enhanced(H),6010,2,20,0.33,6004.0,11.0287,42315,253,138,2026-09-01 06:21:25
0051A0,4,KoAct 브로드컴밸류체인액티브,22960,2,75,0.33,22945.0,-17.591,1192,27,138,2026-09-01 06:21:25
300610,2,TIGER K게임,5620,2,170,3.12,5616.0,-9.2423,45624,253,138,2026-09-01 06:21:25
266390,2,KODEX 경기소비재,15285,5,-70,-0.46,15298.0,-2.9653,26783,405,138,2026-09-01 06:21:25
0153P0,2,ACE 리츠부동산인프라액티브,9480,5,-60,-0.63,9498.0,1.0797,9232,87,137,2026-09-01 06:21:25
496130,1,TRUSTON 코리아밸류업액티브,25350,2,110,0.44,25615.0,-18.2511,1,0,137,2026-09-01 06:21:25
0028X0,4,KODEX 미국금융테크액티브,11890,5,-100,-0.83,11918.0,4.8888,7813,92,137,2026-09-01 06:21:25
0004G0,4,1Q 미국배당TOP30,9060,5,-45,-0.49,9055.0,-1.5904,23533,213,136,2026-09-01 06:21:25
484890,6,SOL 머니마켓액티브,52535,2,5,0.01,52529.0,0.6804,1935,101,136,2026-09-01 06:21:25
417450,4,RISE 글로벌수소경제,15740,5,-230,-1.44,15754.0,-31.5553,723,11,134,2026-09-01 06:21:25
0127V0,4,KIWOOM 미국S&P500 TOP10&배당다우비중전환,10685,5,-25,-0.23,10662.0,-8.4004,2997,31,134,2026-09-01 06:21:25
472720,1,TRUSTON 주주가치액티브,25685,2,50,0.2,25723.0,-16.7154,185,4,134,2026-09-01 06:21:25
0088N0,2,WON K-글로벌수급상위,10675,5,-240,-2.2,10696.0,-16.0385,1130,12,133,2026-09-01 06:21:25
252650,1,KODEX 200동일가중,19055,5,-65,-0.34,19062.0,-8.2428,10694,203,133,2026-09-01 06:21:25
0127T0,4,KIWOOM 미국S&P500&배당다우존스비중전환,11035,3,0,0.0,11027.0,-6.1125,12232,134,132,2026-09-01 06:21:25
189400,4,PLUS 글로벌MSCI(합성 H),25965,5,-75,-0.29,25983.0,1.0477,110,2,132,2026-09-01 06:21:25
290080,3,RISE 200고배당커버드콜ATM,7550,2,90,1.21,7570.0,25.269,12990,97,132,2026-09-01 06:21:25
428560,4,KODEX 미국ETF산업Top10 Indxx,16385,5,-35,-0.21,16432.0,-0.6639,972,15,131,2026-09-01 06:21:25
485810,4,TIME 글로벌바이오액티브,11295,5,-35,-0.31,11293.0,5.8878,6592,74,130,2026-09-01 06:21:25
410870,2,TIME K컬처액티브,9970,5,-250,-2.45,9996.0,-3.4483,3533,35,130,2026-09-01 06:21:25
279540,2,KODEX 최소변동성,21440,2,95,0.45,21445.0,-15.5468,175,3,129,2026-09-01 06:21:25
0015F0,7,KIWOOM 팔란티어미국30년국채혼합액티브(H),10695,5,-75,-0.7,10696.0,6.3762,5792,62,128,2026-09-01 06:21:25
395760,2,PLUS ESG성장주액티브,21215,5,-55,-0.26,21259.0,-18.7548,115,2,127,2026-09-01 06:21:25
0193L0,2,PLUS 삼성전자선물단일종목인버스2X,9350,5,-75,-0.8,9321.0,-44.8831,387191,3678,127,2026-09-01 06:21:25
360150,2,KODEX 코스닥150롱코스피200숏선물,3095,5,-110,-3.43,3102.0,-10.2241,111731,347,127,2026-09-01 06:21:25
396510,4,TIGER 차이나클린에너지SOLACTIVE,6995,5,-10,-0.14,7060.0,-27.0693,13786,96,126,2026-09-01 06:21:25
435040,4,ACE 글로벌브랜드TOP10,19335,3,0,0.0,19317.0,-6.9456,5422,104,126,2026-09-01 06:21:25
489860,4,KIWOOM 글로벌전력GRID인프라,14700,5,-170,-1.14,14714.0,-15.2289,2894,42,125,2026-09-01 06:21:25
140580,2,RISE 우량업종대표주,24920,5,-20,-0.08,24976.0,-13.3577,12,0,125,2026-09-01 06:21:25
363510,6,SOL KIS단기통안채,112140,3,0,0.0,112160.0,0.583,0,0,124,2026-09-01 06:21:25
0208N0,1,IBK 코스피액티브,7525,2,85,1.14,7531.0,,32027,240,124,2026-09-01 06:21:25
435550,7,KIWOOM TDF2050액티브 적격,17692,5,-23,-0.13,17684.0,-8.8822,3347,59,124,2026-09-01 06:21:25
251590,2,PLUS 고배당저변동50,17595,5,-65,-0.37,17651.0,2.7166,6262,109,123,2026-09-01 06:21:25
453060,6,HANARO KOFR금리액티브(합성),111400,2,10,0.01,111410.0,0.6687,158,17,123,2026-09-01 06:21:25
404540,2,TIGER KRX기후변화솔루션,24360,5,-350,-1.42,24352.0,-22.3188,12602,306,122,2026-09-01 06:21:25
0084E0,7,KIWOOM 미국대형주500월간목표헤지액티브,10115,5,-55,-0.54,10154.0,-9.7401,11,0,121,2026-09-01 06:21:25
487750,2,BNK 온디바이스AI,30270,5,-505,-1.64,30342.0,-29.0409,16817,508,121,2026-09-01 06:21:25
0000H0,2,KODEX 인도Nifty미드캡100,10500,2,60,0.57,10493.0,-7.6467,443,4,121,2026-09-01 06:21:25
453660,4,KODEX 미국S&P500경기소비재,17240,5,-80,-0.46,17273.0,-12.0173,694,11,121,2026-09-01 06:21:25
269370,4,TIGER S&P글로벌인프라(합성),17160,5,-80,-0.46,16918.0,-8.1485,295,5,120,2026-09-01 06:21:25
332610,6,PLUS 미국단기회사채(AAA~A),124800,2,350,0.28,124574.0,-8.4912,231,28,120,2026-09-01 06:21:25
166400,3,TIGER 200커버드콜OTM,23870,2,300,1.27,23861.0,0.0859,2142,50,119,2026-09-01 06:21:25
457700,6,KODEX 53-09 국고채액티브,9040,5,-165,-1.79,9079.0,-6.6431,702,6,119,2026-09-01 06:21:25
400570,4,KODEX 유럽탄소배출권선물ICE(H),11350,2,25,0.22,11466.0,3.0482,2370,26,119,2026-09-01 06:21:25
280920,2,PLUS 주도업종,23665,5,-115,-0.48,23763.0,-21.1016,84,1,118,2026-09-01 06:21:25
269530,4,PLUS S&P글로벌인프라,19675,2,295,1.52,19705.0,-12.1867,805,15,118,2026-09-01 06:21:25
0222D0,2,KoAct 고배당액티브,10592,2,52,0.49,10599.0,,42526,448,117,2026-09-01 06:21:25
0221Z0,2,ACE K바이오코스닥액티브,10525,5,-255,-2.37,10577.0,,7464,78,116,2026-09-01 06:21:25
354240,7,RISE 미국고정배당우선증권,10445,5,-5,-0.05,10450.0,-11.8144,4799,50,115,2026-09-01 06:21:25
451600,6,PLUS 국고채30년액티브,83650,5,-1105,-1.3,83610.0,-7.4576,446,37,115,2026-09-01 06:21:25
464610,2,SOL 의료기기소부장Fn,7585,5,-30,-0.39,7593.0,-14.1972,7371,55,114,2026-09-01 06:21:25
409810,4,KODEX 미국나스닥100선물인버스(H),5525,5,-10,-0.18,5535.0,2.5,88716,492,113,2026-09-01 06:21:25
446700,2,RISE 배터리 리사이클링,10875,5,-260,-2.33,10888.0,-18.4847,1157,12,113,2026-09-01 06:21:25
0008E0,4,ACE 미국중심중소형제조업,11850,5,-85,-0.71,11887.0,-22.3993,2509,29,113,2026-09-01 06:21:25
140710,2,KODEX 운송,6620,2,40,0.61,6620.0,-1.4005,38493,253,113,2026-09-01 06:21:25
430500,7,KIWOOM 물가채KIS,112270,5,-530,-0.47,112213.0,-0.3974,190,21,112,2026-09-01 06:21:25
385710,2,TIME K이노베이션액티브,11070,5,-175,-1.56,11083.0,-25.8979,469,5,111,2026-09-01 06:21:25
139240,2,TIGER 200 철강소재,11270,5,-60,-0.53,11282.0,-13.8404,62362,703,110,2026-09-01 06:21:25
407820,2,에셋플러스 코리아플랫폼액티브,6135,5,-45,-0.73,6190.0,-20.4122,11429,69,110,2026-09-01 06:21:25
0113G0,4,KoAct 미국바이오헬스케어액티브,11560,2,10,0.09,11553.0,10.8977,9414,108,110,2026-09-01 06:21:25
0002C0,4,에셋플러스 인도일등기업포커스20액티브,10160,2,85,0.84,10192.0,-0.543,244,2,110,2026-09-01 06:21:25
448490,6,HANARO 32-10 국고채액티브,52610,5,-355,-0.67,52730.0,-0.8425,21150,1115,109,2026-09-01 06:21:25
498050,2,HANARO 바이오코리아액티브,10920,5,-85,-0.77,10947.0,-19.4364,9014,98,109,2026-09-01 06:21:25
451150,4,에셋플러스 글로벌영에이지액티브,17475,5,-365,-2.05,17470.0,-7.4449,12,0,108,2026-09-01 06:21:25
463640,4,KODEX 미국S&P500유틸리티,13465,5,-100,-0.74,13381.0,-11.5033,2406,32,108,2026-09-01 06:21:25
0203D0,7,PLUS 200위클리커버드콜채권혼합,8955,2,45,0.51,8976.0,,21282,190,107,2026-09-01 06:21:25
0093B0,4,RISE 엔비디아고정테크100,12635,2,30,0.24,12622.0,-9.0158,421,5,107,2026-09-01 06:21:25
310080,4,RISE 중국MSCI China(H),9330,5,-30,-0.32,9351.0,-0.2133,1999,18,107,2026-09-01 06:21:25
371870,4,ACE 차이나항셍테크,6705,5,-80,-1.18,6703.0,-13.8413,840,5,107,2026-09-01 06:21:25
419420,4,KODEX 미국클린에너지나스닥,8805,5,-15,-0.17,8813.0,-32.9672,1112,9,106,2026-09-01 06:21:25
0068M0,4,KODEX 미국S&P500버퍼6월액티브,11710,5,-45,-0.38,11741.0,-3.7406,13,0,105,2026-09-01 06:21:25
140570,2,RISE 수출주,26265,5,-35,-0.13,26324.0,-19.2137,216,5,105,2026-09-01 06:21:25
0191S0,1,IBK 코스닥150,14175,5,-290,-2.0,14165.0,-22.9971,2869,40,105,2026-09-01 06:21:25
0094L0,4,RISE 차이나테크TOP10위클리타겟커버드콜,7480,5,-135,-1.77,7543.0,-12.4898,4056,30,105,2026-09-01 06:21:25
0001P0,2,마이티 바이오시밀러&CDMO액티브,9345,5,-65,-0.69,9306.0,-14.8802,922,8,105,2026-09-01 06:21:25
0189Z0,2,DAISHIN 금융&지주고배당,10445,2,175,1.7,10494.0,,3821,39,104,2026-09-01 06:21:25
0067Y0,4,TIGER 차이나AI소프트웨어,10957,2,102,0.94,10985.0,-26.1062,10430,114,104,2026-09-01 06:21:25
461580,1,TIGER 코스닥글로벌,15995,5,-225,-1.39,16020.0,-14.9227,4496,72,104,2026-09-01 06:21:25
237440,7,TIGER 경기방어채권혼합,10395,2,25,0.24,10383.0,1.8163,16520,171,104,2026-09-01 06:21:25
456250,4,KODEX 유럽명품TOP10 STOXX,8960,5,-35,-0.39,8948.0,-6.2426,4481,40,103,2026-09-01 06:21:25
395750,2,PLUS ESG가치주액티브,20440,2,85,0.42,20495.0,-20.2859,6,0,102,2026-09-01 06:21:25
487910,4,ACE 인도컨슈머파워액티브,8500,2,60,0.71,8492.0,-4.7942,2473,21,102,2026-09-01 06:21:25
181480,7,ACE 미국부동산리츠(합성 H),84495,5,-10,-0.01,84307.0,0.3817,560,47,101,2026-09-01 06:21:25
460270,6,KIWOOM 미국달러SOFR금리액티브(합성),12490,2,30,0.24,12477.0,-7.8744,662,8,101,2026-09-01 06:21:25
0120J0,2,BNK 카카오그룹포커스,8075,2,45,0.56,8089.0,-5.6405,25952,209,101,2026-09-01 06:21:25
354350,4,HANARO 글로벌럭셔리S&P(합성),19315,5,-250,-1.28,19386.0,-9.2322,89,1,100,2026-09-01 06:21:25
252000,1,TIGER 200동일가중,19900,5,-100,-0.5,19963.0,-8.3934,1889,37,100,2026-09-01 06:21:25
174350,2,TIGER 로우볼,21545,2,110,0.51,21618.0,6.3572,812,17,99,2026-09-01 06:21:25
281990,2,RISE 중소형고배당,17960,2,140,0.79,18007.0,-0.9231,284,5,99,2026-09-01 06:21:25
429010,4,TIGER 미국나스닥넥스트100,19645,2,70,0.36,19552.0,-7.4906,105,2,98,2026-09-01 06:21:25
117690,4,TIGER 차이나항셍30,19470,5,-125,-0.64,19596.0,-7.1987,1067,20,97,2026-09-01 06:21:25
463690,4,KODEX 미국S&P500커뮤니케이션,17690,5,-195,-1.09,17668.0,-11.6587,1023,18,97,2026-09-01 06:21:25
0226G0,2,WON 피지컬AI TOP2플러스액티브,12160,5,-245,-1.98,12245.0,,2134,26,97,2026-09-01 06:21:25
227570,2,TIGER 우량가치,21505,2,200,0.94,21559.0,-4.0532,583,12,97,2026-09-01 06:21:25
482030,2,KoAct 반도체&2차전지핵심소재액티브,9215,5,-175,-1.86,9214.0,-24.5784,7606,70,97,2026-09-01 06:21:25
0174R0,4,KIWOOM 미국성장다우존스,11295,5,-75,-0.66,11326.0,-7.3664,1897,21,96,2026-09-01 06:21:25
266550,2,PLUS 중형주저변동50,19020,2,25,0.13,19082.0,1.0641,2,0,95,2026-09-01 06:21:25
230480,7,KIWOOM 미국달러선물인버스2X,4705,2,5,0.11,4711.0,19.5928,2396,11,95,2026-09-01 06:21:25
0133E0,4,TIGER 차이나증권,8995,2,145,1.64,9006.0,-1.3378,781,6,94,2026-09-01 06:21:25
449680,7,TIGER 한중전기차(합성),10985,2,10,0.09,10901.0,-27.962,1,0,93,2026-09-01 06:21:25
494180,4,TIME 글로벌소비트렌드액티브,13315,5,-175,-1.3,13275.0,-5.5653,162,2,93,2026-09-01 06:21:25
466810,2,BNK 2차전지양극재,6135,5,-165,-2.62,6148.0,-21.2992,53320,333,92,2026-09-01 06:21:25
341850,7,TIGER 리츠부동산인프라채권,4585,5,-10,-0.22,4591.0,1.0026,4489,20,92,2026-09-01 06:21:25
301400,1,PLUS 코스닥150,14085,5,-350,-2.42,14192.0,-23.6042,6441,91,92,2026-09-01 06:21:25
0224D0,4,KIWOOM 미국CPU반도체TOP4+,9120,2,45,0.5,9118.0,,5154,46,91,2026-09-01 06:21:25
395150,2,KODEX 웹툰&드라마,1895,2,13,0.69,1896.0,-9.5193,37648,71,91,2026-09-01 06:21:25
176950,6,KODEX 국채선물10년인버스,60635,2,270,0.45,60636.0,1.7702,696,42,91,2026-09-01 06:21:25
0214M0,2,MIDAS 바이오헬스케어액티브,10650,5,-260,-2.38,10709.0,,481,5,91,2026-09-01 06:21:25
0194N0,2,KIWOOM 삼성전자선물단일종목레버리지,10960,2,95,0.87,10982.0,-51.4019,2173,23,90,2026-09-01 06:21:25
0227K0,4,RISE 미국우주위성통신,9030,2,40,0.44,9128.0,,1180,10,90,2026-09-01 06:21:25
0084D0,7,KIWOOM 미국테크100월간목표헤지액티브,11265,5,-40,-0.35,11283.0,-11.0746,1202,13,90,2026-09-01 06:21:25
497510,4,ACE 글로벌빅파마,12870,5,-40,-0.31,12889.0,-1.2841,1462,18,90,2026-09-01 06:21:25
399580,4,RISE 글로벌클린에너지,8995,5,-185,-2.02,9051.0,-31.778,2060,18,90,2026-09-01 06:21:25
381570,2,HANARO Fn친환경에너지,10550,5,-160,-1.49,10517.0,-21.8819,4822,50,90,2026-09-01 06:21:25
215620,2,HK S&P코리아로우볼,16470,3,0,0.0,16570.0,-0.2423,0,0,89,2026-09-01 06:21:25
375270,7,RISE 글로벌데이터센터리츠(합성),13450,5,-100,-0.74,13492.0,-20.2942,746,10,87,2026-09-01 06:21:25
105010,4,TIGER 라틴35,6200,2,20,0.32,6231.0,-11.1698,8604,53,87,2026-09-01 06:21:25
371150,4,RISE 차이나항셍테크,6675,5,-40,-0.6,6695.0,-14.5369,2106,14,87,2026-09-01 06:21:25
435540,7,KIWOOM TDF2040액티브 적격,17210,2,25,0.15,17170.0,-8.519,297,5,86,2026-09-01 06:21:25
395280,2,HANARO Fn K-게임,3640,2,5,0.14,3641.0,-10.247,3633,13,86,2026-09-01 06:21:25
277650,2,TIGER 코스피중형주,21360,5,-80,-0.37,21419.0,-9.8023,489,10,85,2026-09-01 06:21:25
270800,2,RISE KQ고배당,15480,2,30,0.19,15480.0,-11.2848,291,4,85,2026-09-01 06:21:25
0216K0,7,KIWOOM 미국우주테크TOP2채권혼합50,8505,2,20,0.24,8540.0,,26711,227,85,2026-09-01 06:21:25
217780,4,TIGER 차이나CSI300인버스(합성),5455,5,-20,-0.37,5516.0,14.9003,36,0,85,2026-09-01 06:21:25
497520,4,ACE 일라이릴리밸류체인,12985,5,-100,-0.76,12992.0,1.4341,944,12,84,2026-09-01 06:21:25
429980,7,SOL 한국형글로벌전기차&2차전지액티브,16860,5,-30,-0.18,16995.0,-24.2941,97,1,84,2026-09-01 06:21:25
0184N0,7,PLUS 은채권혼합,8860,2,10,0.11,8874.0,-9.5093,22632,200,84,2026-09-01 06:21:25
0219B0,2,KoAct 광통신&위성네트워크액티브,10470,5,-230,-2.15,10478.0,,23197,242,84,2026-09-01 06:21:25
182490,6,TIGER 단기선진하이일드(합성 H),13930,2,75,0.54,13876.0,0.2169,689,9,84,2026-09-01 06:21:25
225050,4,TIGER 유로스탁스레버리지(합성 H),16570,5,-410,-2.41,16617.0,14.1129,222,3,83,2026-09-01 06:21:25
0219Z0,4,HANARO 미국S&P500액티브,10320,5,-60,-0.58,10305.0,,38493,396,83,2026-09-01 06:21:25
457930,2,BNK 미래전략기술액티브,27390,5,-255,-0.92,27482.0,-23.0481,7,0,82,2026-09-01 06:21:25
462340,4,에셋플러스 글로벌다이나믹시니어액티브,16420,5,-185,-1.11,16382.0,-0.5093,12,0,82,2026-09-01 06:21:25
0172Y0,2,ACE K수출핵심TOP10산업액티브,9605,5,-95,-0.98,9625.0,-16.4874,2403,22,82,2026-09-01 06:21:25
490330,4,KoAct 미국치매&뇌질환치료제액티브,14805,2,5,0.03,14833.0,4.8158,940,13,81,2026-09-01 06:21:25
227550,2,TIGER 200 산업재,12180,5,-315,-2.52,12210.0,-14.6225,5049,62,80,2026-09-01 06:21:25
0226D0,7,FOCUS 금융반도체지주채권혼합50액티브,10030,5,-60,-0.59,10061.0,,1932,19,80,2026-09-01 06:21:25
480460,7,WON 한국부동산TOP3플러스,9390,3,0,0.0,9435.0,1.2136,348,3,80,2026-09-01 06:21:25
487920,4,ACE 인도시장대표BIG5그룹액티브,7925,2,25,0.32,7919.0,-10.0228,2868,22,79,2026-09-01 06:21:25
253280,2,RISE 헬스케어,13205,5,-175,-1.31,13223.0,-10.2014,392,5,79,2026-09-01 06:21:25
261110,7,TIGER 미국달러선물레버리지,15700,3,0,0.0,15729.0,-16.6888,1317,20,79,2026-09-01 06:21:25
285690,2,FOCUS ESG리더스,22055,2,125,0.57,22032.0,-14.3694,1,0,77,2026-09-01 06:21:25
438740,2,MIDAS 중소형액티브,33995,5,-215,-0.63,33972.0,-15.2484,19,0,76,2026-09-01 06:21:25
435530,7,KIWOOM TDF2030액티브 적격,15250,2,5,0.03,15233.0,-8.2588,171,2,76,2026-09-01 06:21:25
437370,4,RISE 글로벌농업경제,10780,2,100,0.94,10735.0,-2.9135,3529,38,75,2026-09-01 06:21:25
225800,7,KIWOOM 미국달러선물레버리지,14780,3,0,0.0,14802.0,-16.8496,889,13,75,2026-09-01 06:21:25
494210,4,SOL 미국500타겟데일리커버드콜액티브,10730,5,-15,-0.14,10733.0,-7.4363,6046,64,75,2026-09-01 06:21:25
0215T0,4,HANARO 미국AI광통신TOP10,8345,2,70,0.85,8349.0,,26288,217,75,2026-09-01 06:21:25
402460,2,HANARO Fn K-메타버스MZ,14970,5,-285,-1.87,14981.0,-21.0308,39,0,75,2026-09-01 06:21:25
0094X0,4,1Q 샤오미밸류체인액티브,8285,5,-15,-0.18,8304.0,-16.2256,2288,19,75,2026-09-01 06:21:25
304670,6,KODEX 미국30년국채울트라선물인버스(H),12425,2,135,1.1,12423.0,3.1472,49,0,75,2026-09-01 06:21:25
0218K0,2,BNK 스마트카,10635,5,-185,-1.71,10646.0,,55,0,74,2026-09-01 06:21:25
326230,2,RISE 내수주플러스,11595,5,-120,-1.02,11617.0,-6.7649,29,0,74,2026-09-01 06:21:25
0082F0,4,HANARO 유럽방산,10580,5,-105,-0.98,10532.0,-4.7683,608,6,74,2026-09-01 06:21:25
368680,2,KODEX K-뉴딜디지털플러스,8220,5,-15,-0.18,8228.0,-11.673,675,5,74,2026-09-01 06:21:25
139660,7,KIWOOM 미국달러선물인버스,8470,2,15,0.18,8464.0,10.1628,1158,9,74,2026-09-01 06:21:25
450180,7,KODEX 한중전기차(합성),11285,5,-5,-0.04,11195.0,-27.1848,9,0,73,2026-09-01 06:21:25
256450,4,PLUS 심천차이넥스트(합성),14645,5,-25,-0.17,14832.0,-23.7923,524,7,73,2026-09-01 06:21:25
488480,4,RISE 일본섹터TOP4Plus,13290,2,160,1.22,13262.0,-6.7553,489,6,73,2026-09-01 06:21:25
0005C0,6,RISE 미국S&P500엔화노출(합성 H),11195,5,-40,-0.36,11081.0,-7.072,3043,34,73,2026-09-01 06:21:25
139290,2,TIGER 200 경기소비재,25555,5,-130,-0.51,25614.0,-27.382,5135,130,72,2026-09-01 06:21:25
244670,2,KODEX 밸류Plus,11840,5,-20,-0.17,11939.0,0.4766,62,0,71,2026-09-01 06:21:25
400590,4,SOL 글로벌탄소배출권선물ICE(합성),14045,5,-40,-0.28,14096.0,-5.5649,19,0,70,2026-09-01 06:21:25
0036Z0,4,RISE 미국천연가스밸류체인,12535,2,135,1.09,12562.0,-6.1185,2082,26,69,2026-09-01 06:21:25
0176P0,2,FOCUS AI반도체위클리고정커버드콜,12450,5,-30,-0.24,12477.0,-21.7075,572,7,68,2026-09-01 06:21:25
0047N0,4,PLUS 차이나AI테크TOP10,9755,5,-110,-1.12,9763.0,-14.1428,1996,19,68,2026-09-01 06:21:25
315270,2,TIGER 200커뮤니케이션서비스,20080,5,-165,-0.82,20187.0,-7.287,144,2,68,2026-09-01 06:21:25
0166T0,4,PLUS 글로벌저작권핵심기업액티브,9750,5,-140,-1.42,9806.0,-4.9039,150,1,68,2026-09-01 06:21:25
238670,7,PLUS 스마트베타Quality채권혼합,13565,5,-110,-0.8,13557.0,1.7863,4907,66,68,2026-09-01 06:21:25
0138D0,2,RISE 동학개미,12330,5,-100,-0.8,12344.0,-28.8291,168,2,68,2026-09-01 06:21:25
429740,7,PLUS K리츠,6125,5,-35,-0.57,6159.0,-0.996,2487,15,67,2026-09-01 06:21:25
456200,6,PLUS 미국달러SOFR금리액티브(합성),59375,5,-115,-0.19,59427.0,-7.8247,66,3,65,2026-09-01 06:21:25
250780,3,TIGER 코스닥150선물인버스,2445,2,60,2.52,2449.0,13.3016,137764,336,65,2026-09-01 06:21:25
316300,7,ACE 싱가포르리츠,12865,2,20,0.16,12855.0,-10.1626,638,8,64,2026-09-01 06:21:25
138920,5,KODEX 콩선물(H),12825,2,165,1.3,12864.0,4.6713,519,6,64,2026-09-01 06:21:25
307510,2,TIGER 의료기기,12710,5,-10,-0.08,12703.0,-17.8015,1757,22,64,2026-09-01 06:21:25
291890,4,KODEX MSCI EM선물(H),12445,2,65,0.53,12489.0,-2.9401,2383,29,62,2026-09-01 06:21:25
474390,6,SOL 국고채30년액티브,40190,5,-585,-1.43,40266.0,-7.9987,123,4,62,2026-09-01 06:21:25
0184V0,2,UNICORN K바이오액티브,5870,5,-150,-2.49,5875.0,-33.5541,3060,17,62,2026-09-01 06:21:25
0102X0,4,ACE 유럽방산TOP10,9425,5,-125,-1.31,9485.0,-7.9689,452,4,61,2026-09-01 06:21:25
0087F0,4,ACE 차이나AI빅테크TOP2+액티브,12125,5,-75,-0.61,12104.0,-15.2778,3136,38,61,2026-09-01 06:21:25
0114X0,4,RISE 글로벌게임테크TOP3Plus,8660,2,60,0.7,8645.0,-0.7502,221,1,61,2026-09-01 06:21:25
469530,3,RISE 미국달러선물인버스,9460,5,-30,-0.32,9477.0,10.1567,109,1,61,2026-09-01 06:21:25
289670,6,PLUS 국채선물10년,51835,5,-265,-0.51,51865.0,-0.6105,311,16,60,2026-09-01 06:21:25
314700,2,HANARO 농업융복합산업,10920,2,5,0.05,10941.0,-12.93,6343,69,60,2026-09-01 06:21:25
451670,6,RISE 국채30년레버리지(합성),11965,5,-335,-2.72,11970.0,-17.2832,67,0,60,2026-09-01 06:21:25
0053M0,2,더제이 중소형포커스액티브,13235,5,-65,-0.49,13245.0,-10.1048,1,0,60,2026-09-01 06:21:25
488200,2,KIWOOM K-2차전지북미공급망,13115,5,-360,-2.67,13116.0,-22.6772,1681,22,59,2026-09-01 06:21:25
433250,1,UNICORN R&D 액티브,23350,5,-360,-1.52,23416.0,-24.3942,3,0,58,2026-09-01 06:21:25
400580,4,SOL 유럽탄소배출권선물S&P(H),11660,2,15,0.13,11764.0,3.9732,149,1,58,2026-09-01 06:21:25
407300,2,HANARO Fn골프테마,10575,2,60,0.57,10698.0,-20.7397,19,0,58,2026-09-01 06:21:25
219900,4,ACE 중국본토CSI300레버리지(합성),4145,2,10,0.24,4197.0,-27.5832,203,0,58,2026-09-01 06:21:25
0191B0,1,MIDAS 코스닥액티브,28645,5,-680,-2.32,28788.0,-20.8289,136,3,57,2026-09-01 06:21:25
401590,4,HANARO 글로벌탄소배출권선물ICE(합성),11185,5,-15,-0.13,11249.0,-7.208,2986,33,57,2026-09-01 06:21:25
483020,2,KIWOOM 의료AI,9480,2,10,0.11,9497.0,-16.4166,2843,26,57,2026-09-01 06:21:25
470310,2,UNICORN 생성형AI강소기업액티브,18760,5,-375,-1.96,18778.0,2.3262,902,16,56,2026-09-01 06:21:25
390400,4,KODEX 미국스마트모빌리티S&P,6995,5,-60,-0.85,7010.0,-23.9561,2003,14,56,2026-09-01 06:21:25
432600,6,RISE 국채선물3년,55275,5,-100,-0.18,55296.0,1.0308,3,0,55,2026-09-01 06:21:25
267450,6,RISE 미국장기국채선물인버스(H),11020,3,0,0.0,11165.0,1.2867,0,0,55,2026-09-01 06:21:25
220130,4,SOL 차이나강소기업CSI500(합성 H),6870,5,-65,-0.94,6909.0,-3.2776,5485,38,55,2026-09-01 06:21:25
0132D0,7,KoAct 글로벌K컬처밸류체인액티브,9895,5,-155,-1.54,9973.0,8.4727,290,2,54,2026-09-01 06:21:25
499150,4,SOL 미국S&P500엔화노출(H),10800,5,-20,-0.18,10688.0,-7.2692,1523,16,54,2026-09-01 06:21:25
483030,4,KIWOOM 미국블록버스터바이오테크의약품+,11915,5,-50,-0.42,11880.0,2.5957,9974,119,54,2026-09-01 06:21:25
476310,4,RISE 글로벌비만산업TOP2+,9730,5,-155,-1.57,9868.0,-4.4042,424,4,54,2026-09-01 06:21:25
413220,4,SOL 차이나태양광CSI(합성),4445,5,-50,-1.11,4510.0,-29.8205,4572,20,53,2026-09-01 06:21:25
321410,7,KODEX 멀티에셋하이인컴(H),10660,2,105,0.99,10665.0,-0.5128,328,3,53,2026-09-01 06:21:25
0015E0,7,KIWOOM 엔비디아미국30년국채혼합액티브(H),10520,5,-50,-0.47,10550.0,-1.5288,458,4,53,2026-09-01 06:21:25
0174J0,7,DAISHIN 오피스리츠플러스,8745,5,-55,-0.62,8783.0,0.2395,60,0,52,2026-09-01 06:21:25
295000,6,RISE 국채선물10년,51150,5,-230,-0.45,51185.0,-0.8013,106,5,51,2026-09-01 06:21:25
411860,4,KIWOOM 독일DAX,17050,5,-135,-0.79,17099.0,-4.7396,1706,29,51,2026-09-01 06:21:25
291630,3,KIWOOM 코스닥150선물레버리지,3490,5,-185,-5.03,3488.0,-49.2404,43495,151,51,2026-09-01 06:21:25
498610,4,RISE 인도디지털성장,8340,2,60,0.72,8378.0,-2.7628,252,2,50,2026-09-01 06:21:25
0073X0,5,FOCUS 알리바바미국채커버드콜혼합,8880,5,-85,-0.95,8891.0,-11.306,6728,59,49,2026-09-01 06:21:25
0154H0,4,KoAct 차이나바이오헬스케어액티브,8790,3,0,0.0,8804.0,3.778,9565,83,48,2026-09-01 06:21:25
227560,2,TIGER 200 생활소비재,13410,5,-220,-1.61,13422.0,6.4959,17461,236,48,2026-09-01 06:21:25
244660,2,KODEX 퀄리티Plus,9640,2,55,0.57,9679.0,0.0736,253,2,48,2026-09-01 06:21:25
0015K0,4,TIGER 미국소비트렌드액티브,7045,5,-75,-1.05,7035.0,-9.0677,19,0,48,2026-09-01 06:21:25
267440,6,RISE 미국장기국채선물(H),7955,5,-100,-1.24,8051.0,-1.5883,1988,16,48,2026-09-01 06:21:25
0128D0,4,PLUS 차이나항셍테크위클리타겟커버드콜,6800,5,-5,-0.07,6805.0,-14.0277,5384,36,48,2026-09-01 06:21:25
243890,2,TIGER 200에너지화학레버리지,9015,2,255,2.91,9039.0,-31.0779,47338,428,47,2026-09-01 06:21:25
0078V0,4,PLUS 미국로보택시,9450,5,-225,-2.33,9414.0,-17.3431,1589,14,47,2026-09-01 06:21:25
391600,4,ACE 미국친환경그린테마,10165,5,-25,-0.25,10214.0,-25.6476,1217,12,46,2026-09-01 06:21:25
488210,2,KIWOOM K-반도체북미공급망,22210,5,-215,-0.96,22188.0,-16.7595,1097,24,44,2026-09-01 06:21:25
0050E0,4,PLUS 미국AI에이전트,8745,2,85,0.98,8775.0,-0.8019,5484,47,44,2026-09-01 06:21:25
373790,4,KIWOOM 미국방어배당성장나스닥,15615,5,-145,-0.92,15616.0,-2.2738,2113,32,44,2026-09-01 06:21:25
205720,4,ACE 일본TOPIX인버스(합성 H),1438,2,2,0.14,1424.0,-5.7743,1880,2,43,2026-09-01 06:21:25
226380,2,ACE Fn성장소비주도주,6130,5,-35,-0.57,6134.0,0.7352,698,4,43,2026-09-01 06:21:25
0131A0,4,SOL 차이나소비트렌드,7765,5,-45,-0.58,7834.0,-17.6595,632,4,43,2026-09-01 06:21:25
252420,3,RISE 200선물인버스2X,81,5,-1,-1.22,81.0,-5.7472,1085032,88,41,2026-09-01 06:21:25
334690,5,RISE 팔라듐선물(H),6125,5,-190,-3.01,6148.0,-0.7076,2471,15,40,2026-09-01 06:21:25
291680,4,RISE 차이나H선물인버스(H),7660,5,-55,-0.71,7786.0,-3.1995,23,0,38,2026-09-01 06:21:25
225030,4,TIGER 미국S&P500선물인버스(H),2255,3,0,0.0,2251.0,-0.793,10114,22,37,2026-09-01 06:21:25
427120,2,RISE AI플랫폼,5410,5,-55,-1.01,5416.0,-12.839,652,3,37,2026-09-01 06:21:25
0079X0,4,ACE BYD밸류체인액티브,10180,2,25,0.25,10172.0,-15.7961,62627,637,36,2026-09-01 06:21:25
267490,6,RISE 미국장기국채선물레버리지(합성 H),4935,5,-65,-1.3,4982.0,-5.0333,3512,17,35,2026-09-01 06:21:25
306530,3,HANARO 코스닥150선물레버리지,6945,5,-385,-5.25,6950.0,-49.9488,10611,73,31,2026-09-01 06:21:25
454180,4,KIWOOM 차이나내수소비TOP CSI,7605,2,65,0.86,7611.0,-9.644,700,5,30,2026-09-01 06:21:25
145670,3,ACE 인버스,1299,5,-4,-0.31,1300.0,7.1546,63254,82,29,2026-09-01 06:21:25
476000,2,UNICORN 포스트IPO액티브,5070,5,-60,-1.17,5095.0,-39.3259,28140,143,28,2026-09-01 06:21:25
280940,5,KODEX 골드선물인버스(H),3375,5,-10,-0.3,3392.0,0.5943,1622,5,27,2026-09-01 06:21:25
252410,3,RISE 200선물인버스,1322,5,-9,-0.68,1321.0,7.1658,13870,18,26,2026-09-01 06:21:25
491630,4,RISE 미국반도체인버스(합성 H),5505,5,-65,-1.17,5484.0,3.1481,1241,6,26,2026-09-01 06:21:25
291620,3,KIWOOM 코스닥150선물인버스,4345,2,130,3.08,4338.0,12.4,9792,42,25,2026-09-01 06:21:25
275750,3,RISE 코스닥150선물인버스,2475,2,55,2.27,2480.0,13.3489,20913,51,24,2026-09-01 06:21:25
253230,3,KIWOOM 200선물인버스2X,76,5,-2,-2.56,77.0,-9.3024,828913,64,23,2026-09-01 06:21:25
280320,4,ACE 미국IT인터넷(합성 H),21710,5,-340,-1.54,21909.0,5.1251,51,1,22,2026-09-01 06:21:25
334700,5,RISE 팔라듐선물인버스(H),3215,2,100,3.21,3225.0,-5.8913,463,1,21,2026-09-01 06:21:25
253240,3,KIWOOM 200선물인버스,1318,5,-13,-0.98,1323.0,7.3387,3579,4,16,2026-09-01 06:21:25
306520,3,HANARO 200선물인버스,2415,3,0,0.0,2412.0,6.3876,3210,7,14,2026-09-01 06:21:25
412560,2,TIGER BBIG레버리지,1853,5,-38,-2.01,1862.0,-28.9098,13516,25,13,2026-09-01 06:21:25
253160,3,PLUS 200선물인버스2X,156,5,-5,-3.11,157.0,-8.0,615707,96,13,2026-09-01 06:21:25
261920,4,ACE MSCI필리핀(합성),12195,2,275,2.31,12216.0,-6.9114,1802,21,12,2026-09-01 06:21:25
465620,4,ACE 미국빅테크TOP7 Plus인버스(합성),6475,3,0,0.0,6489.0,7.1133,171,1,6,2026-09-01 06:21:25
