itemcode,etfTabCode,itemname,nowVal,risefall,changeVal,changeRate,nav,threeMonthEarnRate,quant,amonut,marketSum,collected_at
069500,1,KODEX 200,108455,2,1660,1.55,108508.0,-13.2469,15006017,1615723,251344,2026-08-26 05:00:12
360750,4,TIGER 미국S&P500,26370,2,15,0.06,26387.0,-5.9807,33073246,870728,204117,2026-08-26 05:00:12
133690,4,TIGER 미국나스닥100,178945,5,-85,-0.05,179263.0,-9.4461,4510130,805424,113290,2026-08-26 05:00:12
102110,1,TIGER 200,108745,2,1805,1.69,108795.0,-13.2407,8087785,872480,101731,2026-08-26 05:00:12
379800,4,KODEX 미국S&P500,23970,2,15,0.06,23985.0,-5.9782,14749706,352905,100662,2026-08-26 05:00:12
396500,2,TIGER 반도체TOP10,35480,2,375,1.07,35511.0,-26.8646,6104591,214952,95814,2026-08-26 05:00:12
379810,4,KODEX 미국나스닥100,26750,5,-15,-0.06,26801.0,-9.4422,26754733,713495,92568,2026-08-26 05:00:12
488770,7,KODEX 머니마켓액티브,105335,2,5,0.0,105340.0,0.8618,336072,35400,81656,2026-08-26 05:00:12
278530,1,KODEX 200TR,39295,2,640,1.66,39307.0,-13.2713,413898,16182,77274,2026-08-26 05:00:12
459580,6,KODEX CD금리액티브(합성),1075700,2,80,0.01,1075884.0,0.7177,401762,432174,65726,2026-08-26 05:00:12
498400,2,KODEX 200타겟위클리커버드콜,20535,2,305,1.51,20562.0,-12.9625,3904825,79626,57888,2026-08-26 05:00:12
122630,3,KODEX 레버리지,108930,2,3380,3.2,109089.0,-38.419,13915069,1492798,57733,2026-08-26 05:00:12
381180,4,TIGER 미국필라델피아반도체나스닥,41825,5,-55,-0.13,41814.0,-12.2332,875548,36461,56506,2026-08-26 05:00:12
0167A0,2,SOL AI반도체TOP2플러스,17380,2,110,0.64,17402.0,-13.5636,10517825,181338,55998,2026-08-26 05:00:12
091160,2,KODEX 반도체,125575,2,660,0.53,125763.0,-19.6689,958132,119747,55190,2026-08-26 05:00:12
229200,1,KODEX 코스닥150,14215,5,-85,-0.59,14245.0,-27.7048,18567267,263383,50200,2026-08-26 05:00:12
148020,1,RISE 200,109310,2,1790,1.66,109358.0,-13.3986,613488,66390,44708,2026-08-26 05:00:12
310970,1,TIGER MSCI Korea TR,48555,2,790,1.65,48539.0,-12.4302,3151,151,44039,2026-08-26 05:00:12
458730,4,TIGER 미국배당다우존스,15410,5,-20,-0.13,15404.0,-0.1664,1522993,23441,43695,2026-08-26 05:00:12
411060,5,ACE KRX금현물,29082,5,-43,-0.15,29012.0,-3.9572,975281,28376,43012,2026-08-26 05:00:12
0162Z0,7,RISE 삼성전자SK하이닉스채권혼합50,13455,2,140,1.05,13460.0,-2.2851,4758528,63711,41401,2026-08-26 05:00:12
395160,2,KODEX AI반도체TOP2플러스,39155,2,295,0.76,39188.0,-9.4173,2786118,108089,39860,2026-08-26 05:00:12
360200,4,ACE 미국S&P500,26655,2,20,0.08,26676.0,-6.0215,415077,11040,39689,2026-08-26 05:00:12
381170,4,TIGER 미국테크TOP10 INDXX,30420,2,110,0.36,30423.0,-13.3505,255385,7744,37538,2026-08-26 05:00:12
233740,3,KODEX 코스닥150레버리지,7125,5,-95,-1.32,7152.0,-55.2526,56346385,399880,36131,2026-08-26 05:00:12
423160,6,KODEX KOFR금리액티브(합성),110870,2,5,0.0,110864.0,0.6794,33778,3744,35758,2026-08-26 05:00:12
357870,6,TIGER CD금리투자KIS(합성),57957,2,2,0.0,57957.0,0.7387,105042,6087,35520,2026-08-26 05:00:12
395270,2,HANARO Fn K-반도체,55525,2,285,0.52,55640.0,-10.8386,530134,29231,35009,2026-08-26 05:00:12
367380,4,ACE 미국나스닥100,30770,5,-10,-0.03,30814.0,-9.47,801432,24581,34309,2026-08-26 05:00:12
102780,2,KODEX 삼성그룹,26285,2,635,2.48,26312.0,-9.348,318499,8268,34013,2026-08-26 05:00:12
273130,6,KODEX 종합채권(AA-이상)액티브,110040,2,240,0.22,109932.0,-0.8713,13413,1476,33610,2026-08-26 05:00:12
0043B0,6,TIGER 머니마켓액티브,103465,2,15,0.01,103463.0,0.8776,68615,7099,32743,2026-08-26 05:00:12
487240,2,KODEX AI전력핵심설비,34700,2,610,1.79,34745.0,-38.108,2177709,74804,30467,2026-08-26 05:00:12
455890,6,RISE 머니마켓액티브,55440,2,5,0.01,55446.0,0.8092,76826,4259,30341,2026-08-26 05:00:12
139260,2,TIGER 200 IT,135200,2,910,0.68,135301.0,-13.0509,196932,26366,27094,2026-08-26 05:00:12
481050,6,KODEX CD1년금리플러스액티브(합성),1023860,2,95,0.01,1023861.0,0.767,7699,7882,25675,2026-08-26 05:00:12
426030,4,TIME 미국나스닥100액티브,45085,2,90,0.2,45126.0,-18.6348,749067,33618,24373,2026-08-26 05:00:12
449170,6,TIGER KOFR금리액티브(합성),111690,2,10,0.01,111687.0,0.6579,30284,3382,24352,2026-08-26 05:00:12
472150,2,TIGER 배당커버드콜액티브,20770,2,320,1.56,20760.0,-11.6629,3670051,75551,24342,2026-08-26 05:00:12
161510,2,PLUS 고배당주,25330,2,165,0.66,25345.0,-6.5492,388102,9816,24195,2026-08-26 05:00:12
0193T0,2,KODEX SK하이닉스단일종목레버리지,10390,2,305,3.02,10410.0,,21917217,224867,23894,2026-08-26 05:00:12
278540,1,KODEX MSCI Korea TR,38585,2,585,1.54,38640.0,-12.6939,6386,246,23653,2026-08-26 05:00:12
486290,4,TIGER 미국나스닥100타겟데일리커버드콜,10550,5,-10,-0.09,10569.0,-9.7426,1280242,13470,23516,2026-08-26 05:00:12
456600,4,TIME 글로벌AI인공지능액티브,56815,2,15,0.03,56913.0,-12.5482,201405,11382,20885,2026-08-26 05:00:12
292150,2,TIGER 코리아TOP10,38255,2,635,1.69,38280.0,-12.0921,213478,8103,20658,2026-08-26 05:00:12
284430,6,KODEX 200미국채혼합50,21035,2,210,1.01,21041.0,-9.676,645754,13495,20547,2026-08-26 05:00:12
385540,6,RISE 종합채권(A-이상)액티브,103035,2,195,0.19,103091.0,-0.7528,328,33,19006,2026-08-26 05:00:12
214980,6,KODEX 단기채권PLUS,114577,2,22,0.02,114590.0,0.6261,12181,1395,18340,2026-08-26 05:00:12
294400,1,KIWOOM 200TR,142460,2,2345,1.67,142495.0,-13.2738,139838,19762,18164,2026-08-26 05:00:12
105190,1,ACE 200,108755,2,1800,1.68,108755.0,-13.5319,65913,7091,17510,2026-08-26 05:00:12
442580,4,PLUS 글로벌HBM반도체,99760,2,580,0.58,99766.0,-4.6484,497827,49272,17049,2026-08-26 05:00:12
441640,4,KODEX 미국배당커버드콜액티브,12820,2,30,0.23,12823.0,-2.5544,471135,6028,17025,2026-08-26 05:00:12
477080,6,RISE CD금리액티브(합성),107400,3,0,0.0,107405.0,0.7079,2795,300,16661,2026-08-26 05:00:12
305720,2,KODEX 2차전지산업,14290,5,-175,-1.21,14308.0,-26.4804,2685870,37885,16519,2026-08-26 05:00:12
0193W0,2,KODEX 삼성전자단일종목레버리지,12170,2,520,4.46,12211.0,,9222819,109710,15532,2026-08-26 05:00:12
329200,2,TIGER 리츠부동산인프라,4105,5,-15,-0.36,4100.0,-1.4818,2103206,8632,15507,2026-08-26 05:00:12
446770,4,ACE 글로벌반도체TOP4 Plus,76500,2,570,0.75,76421.0,-11.0358,64753,4926,15453,2026-08-26 05:00:12
368590,4,RISE 미국나스닥100,29845,5,-20,-0.07,29893.0,-9.3901,262126,7804,15400,2026-08-26 05:00:12
0177N0,7,KODEX 삼성전자SK하이닉스채권혼합50,14205,2,140,1.0,14223.0,-2.2172,3282854,46438,15285,2026-08-26 05:00:12
453850,6,ACE 미국30년국채액티브(H),7230,2,50,0.7,7254.0,-1.0536,607017,4393,15183,2026-08-26 05:00:12
152100,1,PLUS 200,110175,2,1775,1.64,110189.0,-13.4378,147476,16079,15039,2026-08-26 05:00:12
379780,4,RISE 미국S&P500,23050,2,15,0.07,23064.0,-5.9593,120762,2778,14844,2026-08-26 05:00:12
466920,2,SOL 조선TOP3플러스,27950,2,95,0.34,28006.0,-27.593,423934,11808,14841,2026-08-26 05:00:12
0195S0,2,TIGER SK하이닉스단일종목레버리지,8795,2,310,3.65,8822.0,,9921736,85882,14540,2026-08-26 05:00:12
475630,7,TIGER CD1년금리액티브(합성),1075355,2,85,0.01,1075354.0,0.767,27701,29788,14494,2026-08-26 05:00:12
487230,4,KODEX 미국AI전력핵심인프라,19140,5,-270,-1.39,19116.0,-26.7959,634361,12070,14451,2026-08-26 05:00:12
226490,1,KODEX 코스피,70425,2,1095,1.58,70471.0,-13.66,145948,10211,14226,2026-08-26 05:00:12
232080,1,TIGER 코스닥150,14495,5,-100,-0.69,14526.0,-27.676,6334197,91589,13504,2026-08-26 05:00:12
436140,6,SOL 종합채권(AA-이상)액티브,106385,2,320,0.3,106317.0,-0.7533,23,2,13477,2026-08-26 05:00:12
091230,2,TIGER 반도체,132870,2,665,0.5,132930.0,-18.8341,105728,13969,13446,2026-08-26 05:00:12
0072R0,5,TIGER KRX금현물,13905,2,20,0.14,13865.0,-4.2744,715401,9941,12883,2026-08-26 05:00:12
448330,1,KODEX 삼성전자채권혼합,17470,2,155,0.9,17444.0,-0.7667,430484,7489,12788,2026-08-26 05:00:12
157450,6,TIGER 단기통안채,112495,2,10,0.01,112493.0,0.6262,3506,394,12626,2026-08-26 05:00:12
390390,4,KODEX 미국반도체,52475,2,165,0.32,52420.0,-11.3485,261298,13649,12568,2026-08-26 05:00:12
438080,7,ACE 미국S&P500미국채혼합50액티브,14115,2,15,0.11,14104.0,-6.9614,258069,3637,12365,2026-08-26 05:00:12
0183J0,4,TIGER 미국우주테크,7795,5,-75,-0.95,7777.0,-46.2982,888403,6894,11420,2026-08-26 05:00:12
469150,2,ACE AI반도체TOP3+,57365,2,570,1.0,57433.0,-22.5646,259050,14733,11100,2026-08-26 05:00:12
445290,2,KODEX 로봇액티브,31205,2,35,0.11,31200.0,-23.2915,328845,10183,10875,2026-08-26 05:00:12
494890,1,KODEX 200액티브,31315,2,545,1.77,31313.0,-13.4239,267880,8338,10804,2026-08-26 05:00:12
0139F0,6,TIGER 12월자동연장금융채(AA-이상)액티브,102080,2,5,0.0,102074.0,0.7203,36,3,10798,2026-08-26 05:00:12
497570,4,TIGER 미국필라델피아AI반도체나스닥,21235,2,125,0.59,21212.0,-10.2169,296726,6272,10777,2026-08-26 05:00:12
446720,4,SOL 미국배당다우존스,14130,5,-20,-0.14,14119.0,-0.0058,186845,2636,10668,2026-08-26 05:00:12
465580,4,ACE 미국빅테크TOP7 Plus,24010,2,45,0.19,24032.0,-8.7743,327126,7837,10612,2026-08-26 05:00:12
449450,2,PLUS K방산,53190,5,-450,-0.84,53270.0,-25.4845,129553,6840,10399,2026-08-26 05:00:12
479520,6,RISE KOFR금리액티브(합성),106312,2,7,0.01,106312.0,0.6628,2147,228,10320,2026-08-26 05:00:12
356540,6,ACE 종합채권(AA-이상)액티브,101415,2,265,0.26,101415.0,-0.6776,154,15,10311,2026-08-26 05:00:12
449180,4,KODEX 미국S&P500(H),17125,2,5,0.03,17136.0,2.4552,239379,4097,10189,2026-08-26 05:00:12
451540,6,TIGER 종합채권(AA-이상)액티브,52870,2,110,0.21,52896.0,-0.8364,2256,119,10181,2026-08-26 05:00:12
469830,6,SOL 초단기채권액티브,54342,2,2,0.0,54345.0,0.835,333052,18098,10095,2026-08-26 05:00:12
455850,2,SOL AI반도체소부장,23750,5,-330,-1.37,23796.0,-24.7618,792247,18843,10023,2026-08-26 05:00:12
295040,1,SOL 200TR,40695,2,675,1.69,40692.0,-13.3954,111365,4476,10011,2026-08-26 05:00:12
494300,4,KODEX 미국나스닥100데일리커버드콜OTM,9120,2,5,0.05,9131.0,-12.8633,1018616,9259,9923,2026-08-26 05:00:12
237350,1,KODEX 코스피100,86590,2,1475,1.73,86670.0,-13.1097,126467,10874,9871,2026-08-26 05:00:12
402970,4,ACE 미국배당다우존스,15645,5,-45,-0.29,15653.0,0.0627,269414,4212,9856,2026-08-26 05:00:12
315930,2,KODEX Top5PlusTR,81300,2,1015,1.26,81398.0,-11.5464,10579,854,9837,2026-08-26 05:00:12
494310,2,KODEX 반도체레버리지,75850,2,960,1.28,76157.0,-51.1545,2365568,177415,9823,2026-08-26 05:00:12
479080,6,1Q 머니마켓액티브,53735,2,5,0.01,53731.0,0.854,12507,672,9698,2026-08-26 05:00:12
0117V0,2,TIGER 코리아AI전력기기TOP3플러스,18090,2,320,1.8,18127.0,-36.5033,1404997,25200,9660,2026-08-26 05:00:12
495050,1,RISE 코리아밸류업,32365,2,325,1.01,32404.0,-12.5553,30787,991,9629,2026-08-26 05:00:12
438100,7,ACE 미국나스닥100미국채혼합50액티브,15195,2,15,0.1,15186.0,-8.5543,157558,2389,9330,2026-08-26 05:00:12
0195R0,2,TIGER 삼성전자단일종목레버리지,11095,2,495,4.67,11119.0,,6351108,68774,9259,2026-08-26 05:00:12
0117L0,6,KODEX 26-12 금융채(AA-이상)액티브,10152,5,-3,-0.03,10151.0,0.6442,2296,23,9221,2026-08-26 05:00:12
305540,2,TIGER 2차전지테마,18005,5,-275,-1.5,18033.0,-25.2811,458431,8140,8966,2026-08-26 05:00:12
498410,2,KODEX 금융고배당TOP10타겟위클리커버드콜,11760,2,95,0.81,11761.0,-1.937,862255,10148,8350,2026-08-26 05:00:12
475720,3,RISE 200위클리커버드콜,12850,2,175,1.38,12842.0,-12.3165,446734,5707,8314,2026-08-26 05:00:12
487340,6,ACE 머니마켓액티브,105790,2,10,0.01,105794.0,0.8533,3686,389,8285,2026-08-26 05:00:12
144600,5,KODEX 은선물(H),11210,2,65,0.58,11224.0,-11.266,541230,6072,8239,2026-08-26 05:00:12
0048J0,6,KODEX 미국머니마켓액티브,13880,2,15,0.11,13879.0,-7.7092,440262,6101,8178,2026-08-26 05:00:12
153130,6,KODEX 단기채권,113240,5,-5,0.0,113250.0,0.6335,8710,986,8026,2026-08-26 05:00:12
0177R0,2,TIGER 반도체TOP10커버드콜액티브,11075,2,85,0.77,11088.0,-17.5508,998025,10987,7963,2026-08-26 05:00:12
441800,1,TIME Korea플러스배당액티브,28950,2,445,1.56,29000.0,-17.6475,99963,2879,7932,2026-08-26 05:00:12
466940,2,TIGER 은행고배당플러스TOP10,26105,2,240,0.93,26101.0,1.8194,379904,9918,7858,2026-08-26 05:00:12
476550,6,TIGER 미국30년국채커버드콜액티브(H),6895,2,35,0.51,6907.0,-1.2717,556424,3839,7857,2026-08-26 05:00:12
0025N0,7,TIGER TDF2045 적격,12070,2,25,0.21,12056.0,-4.8203,148043,1783,7827,2026-08-26 05:00:12
481060,6,KODEX 미국30년국채타겟커버드콜(합성 H),7465,2,15,0.2,7503.0,-0.4057,176965,1320,7700,2026-08-26 05:00:12
457480,4,ACE 테슬라밸류체인액티브,18665,2,140,0.76,18655.0,-24.6186,136621,2525,7699,2026-08-26 05:00:12
490590,4,RISE 미국AI밸류체인데일리고정커버드콜,14165,2,90,0.64,14171.0,-10.0504,609436,8607,7692,2026-08-26 05:00:12
371460,4,TIGER 차이나전기차SOLACTIVE,10540,2,140,1.35,10569.0,-26.0576,70378,739,7635,2026-08-26 05:00:12
069660,1,KIWOOM 200,108635,2,2035,1.91,108511.0,-13.3691,56458,6061,7550,2026-08-26 05:00:12
114800,3,KODEX 인버스,1017,5,-15,-1.45,1016.0,-3.2803,725247271,743899,7535,2026-08-26 05:00:12
252670,3,KODEX 200선물인버스2X,76,5,-2,-2.56,76.0,-23.5295,6218375089,480596,7524,2026-08-26 05:00:12
272580,6,TIGER 단기채권액티브,57060,3,0,0.0,57064.0,0.6526,16703,953,7455,2026-08-26 05:00:12
458760,4,TIGER 미국배당다우존스타겟커버드콜2호,11355,5,-5,-0.04,11335.0,0.7541,116483,1321,7239,2026-08-26 05:00:12
0061Z0,6,RISE 단기특수은행채액티브,50970,2,5,0.01,50970.0,0.7213,211,10,7188,2026-08-26 05:00:12
102970,2,KODEX 증권,18540,2,65,0.35,18574.0,-33.325,303631,5615,7138,2026-08-26 05:00:12
434730,2,HANARO 원자력iSelect,59970,2,2610,4.55,60047.0,-29.4292,258197,15259,7076,2026-08-26 05:00:12
462330,2,KODEX 2차전지산업레버리지,991,5,-18,-1.78,992.0,-53.927,50588440,48814,6986,2026-08-26 05:00:12
138540,2,TIGER 현대차그룹플러스,52980,2,175,0.33,53067.0,-24.961,72111,3814,6919,2026-08-26 05:00:12
495850,1,KODEX 코리아밸류업,32150,2,330,1.04,32186.0,-12.697,37969,1214,6832,2026-08-26 05:00:12
456610,6,TIGER 미국달러SOFR금리액티브(합성),60150,2,40,0.07,60162.0,-7.7148,16486,990,6827,2026-08-26 05:00:12
0127P0,4,ACE 미국대형성장주액티브,10515,3,0,0.0,10504.0,-9.302,3123,32,6814,2026-08-26 05:00:12
367760,2,RISE 네트워크인프라,57760,2,460,0.8,57723.0,-15.1866,107609,6136,6758,2026-08-26 05:00:12
0167B0,2,SOL 200타겟위클리커버드콜,11940,2,160,1.36,11943.0,-13.1556,655655,7775,6722,2026-08-26 05:00:12
0219E0,2,KODEX 200커버드콜액티브,8540,2,90,1.07,8544.0,,3866194,32785,6670,2026-08-26 05:00:12
364980,2,TIGER 2차전지TOP10,10015,5,-110,-1.09,10009.0,-21.6938,1456993,14414,6655,2026-08-26 05:00:12
290130,2,RISE ESG사회책임투자,47025,2,620,1.34,47109.0,-12.4434,35615,1667,6631,2026-08-26 05:00:12
314250,4,KODEX 미국빅테크10(H),61425,2,150,0.24,61512.0,4.5257,11986,735,6517,2026-08-26 05:00:12
482730,4,TIGER 미국S&P500타겟데일리커버드콜,11915,5,-10,-0.08,11936.0,-6.0896,231165,2751,6506,2026-08-26 05:00:12
385560,6,RISE KIS국고채30년Enhanced,51685,2,500,0.98,51797.0,-9.4472,9639,499,6375,2026-08-26 05:00:12
434060,7,KODEX TDF2050액티브 적격,16892,2,122,0.73,16835.0,-8.8263,53285,898,6343,2026-08-26 05:00:12
418660,4,TIGER 미국나스닥100레버리지(합성),39465,5,-65,-0.16,39580.0,-20.093,147093,5773,6314,2026-08-26 05:00:12
329750,6,TIGER 미국달러단기채권액티브,13100,2,10,0.08,13105.0,-7.8494,140294,1835,6266,2026-08-26 05:00:12
0148J0,2,TIGER 코리아휴머노이드로봇산업,9190,5,-35,-0.38,9208.0,-30.7433,2739937,25011,6240,2026-08-26 05:00:12
491010,4,TIGER 글로벌AI전력인프라액티브,24575,2,60,0.24,24498.0,-26.9409,71711,1750,6200,2026-08-26 05:00:12
489250,4,KODEX 미국배당다우존스,13240,5,-30,-0.23,13248.0,0.0369,544266,7204,6157,2026-08-26 05:00:12
0101N0,2,RISE AI전력인프라,19320,2,435,2.3,19367.0,-30.4292,290338,5531,6086,2026-08-26 05:00:12
0091P0,2,TIGER 코리아원자력,17965,2,1165,6.93,17992.0,-25.6638,5940302,105035,6054,2026-08-26 05:00:12
484790,6,KODEX 미국30년국채액티브(H),8340,2,55,0.66,8357.0,-0.7431,350367,2924,6047,2026-08-26 05:00:12
251600,7,PLUS 고배당주채권혼합,15520,2,95,0.62,15512.0,-2.545,150331,2330,5991,2026-08-26 05:00:12
277630,1,TIGER 코스피,71400,2,1050,1.49,71502.0,-13.6521,18962,1346,5891,2026-08-26 05:00:12
0015B0,4,KoAct 미국나스닥성장기업액티브,17840,5,-70,-0.39,17902.0,-23.9168,572773,10188,5825,2026-08-26 05:00:12
488080,3,TIGER 반도체TOP10레버리지,32975,2,670,2.07,33051.0,-60.1911,5179657,168130,5804,2026-08-26 05:00:12
371160,4,TIGER 차이나항셍테크,7065,2,95,1.36,7069.0,-13.7763,157276,1107,5765,2026-08-26 05:00:12
494670,2,TIGER 조선TOP10,22155,2,95,0.43,22212.0,-26.8932,226332,4999,5727,2026-08-26 05:00:12
423920,4,TIGER 미국필라델피아반도체레버리지(합성),80255,5,-155,-0.19,80179.0,-32.0768,61671,4905,5634,2026-08-26 05:00:12
0019K0,7,TIME 미국나스닥100채권혼합50액티브,13150,2,15,0.11,13159.0,-8.1148,145822,1916,5608,2026-08-26 05:00:12
466950,4,TIGER 글로벌AI액티브,29960,2,25,0.08,29972.0,-21.6157,123400,3684,5606,2026-08-26 05:00:12
396520,4,TIGER 차이나반도체FACTSET,13590,2,185,1.38,13623.0,-17.7608,258103,3472,5605,2026-08-26 05:00:12
449190,4,KODEX 미국나스닥100(H),21950,5,-10,-0.05,21987.0,-1.4271,105939,2322,5597,2026-08-26 05:00:12
477050,6,PLUS 머니마켓액티브,53485,3,0,0.0,53491.0,0.8389,3261,174,5593,2026-08-26 05:00:12
491620,4,RISE 미국테크100데일리고정커버드콜,10605,2,10,0.09,10623.0,-8.3342,325206,3439,5477,2026-08-26 05:00:12
0007F0,6,KODEX 27-12 회사채(AA-이상)액티브,10185,2,10,0.1,10186.0,0.4442,14645,149,5469,2026-08-26 05:00:12
0105E0,2,SOL 코리아고배당,13040,2,95,0.73,13064.0,-5.7245,235561,3066,5425,2026-08-26 05:00:12
455030,6,KODEX 미국달러SOFR금리액티브(합성),11935,3,0,0.0,11923.0,-7.755,44873,534,5420,2026-08-26 05:00:12
438330,6,TIGER 우량회사채액티브,115725,2,95,0.08,115753.0,0.8196,1698,196,5380,2026-08-26 05:00:12
365780,6,ACE 국고채10년,82780,2,220,0.27,82960.0,-0.1814,3646,302,5270,2026-08-26 05:00:12
0190C0,2,RISE 현대차고정피지컬AI,8695,5,-35,-0.4,8708.0,-28.089,655974,5671,5226,2026-08-26 05:00:12
444200,2,SOL 코리아메가테크액티브,45990,2,540,1.19,45966.0,-20.7153,25715,1169,5197,2026-08-26 05:00:12
496080,1,TIGER 코리아밸류업,32235,2,285,0.89,32270.0,-12.3435,108243,3476,5190,2026-08-26 05:00:12
462010,2,TIGER 2차전지소재Fn,4780,3,0,0.0,4794.0,-35.5361,1657200,7840,5177,2026-08-26 05:00:12
463250,2,TIGER K방산&우주,34150,5,-240,-0.7,34226.0,-24.9946,137918,4683,5174,2026-08-26 05:00:12
315960,2,RISE 대형고배당10TR,78370,2,1440,1.87,78380.0,-14.0207,34317,2664,5172,2026-08-26 05:00:12
114260,6,KODEX 국고채3년,61900,2,55,0.09,61907.0,0.8808,8024,496,5128,2026-08-26 05:00:12
251350,4,KODEX MSCI선진국,39425,2,35,0.09,39400.0,-4.9512,29260,1150,5046,2026-08-26 05:00:12
435420,7,TIGER 미국나스닥100채권혼합50,14030,2,30,0.21,14033.0,-4.3901,99906,1400,4974,2026-08-26 05:00:12
361580,1,RISE 200TR,61700,2,1040,1.71,61725.0,-13.4665,30000,1830,4936,2026-08-26 05:00:12
490490,7,SOL 미국배당미국채혼합50,11320,2,20,0.18,11291.0,-3.8673,112609,1273,4856,2026-08-26 05:00:12
476800,7,KODEX 한국부동산리츠인프라,4230,5,-15,-0.35,4257.0,-4.6478,340926,1442,4848,2026-08-26 05:00:12
499660,7,TIGER CD금리플러스액티브(합성),1002330,2,85,0.01,1002325.0,0.7654,8387,8406,4797,2026-08-26 05:00:12
471230,6,KODEX 국고채10년액티브,104255,2,300,0.29,104348.0,-0.2495,5319,555,4705,2026-08-26 05:00:12
448290,4,TIGER 미국S&P500(H),17750,3,0,0.0,17770.0,2.2485,62981,1117,4597,2026-08-26 05:00:12
483280,4,KODEX 미국AI테크TOP10타겟커버드콜,11615,2,50,0.43,11610.0,-12.8994,164172,1898,4588,2026-08-26 05:00:12
243880,2,TIGER 200IT레버리지,321000,2,5505,1.74,322622.0,-45.075,84386,26660,4574,2026-08-26 05:00:12
0163Y0,1,KoAct 코스닥액티브,8895,5,-25,-0.28,8901.0,-32.501,319484,2833,4568,2026-08-26 05:00:12
451000,6,PLUS 종합채권(AA-이상)액티브,107395,2,230,0.21,107321.0,-0.787,19,2,4507,2026-08-26 05:00:12
473290,6,KODEX 26-12 회사채(AA-이상)액티브,10875,3,0,0.0,10877.0,0.62,8886,96,4500,2026-08-26 05:00:12
293180,1,HANARO 200,108940,2,1885,1.76,108826.0,-13.2477,2843,305,4412,2026-08-26 05:00:12
447770,7,TIGER 테슬라채권혼합Fn,13775,2,20,0.15,13775.0,-6.3213,41788,574,4394,2026-08-26 05:00:12
451060,1,1Q 200액티브,34735,2,545,1.59,34780.0,-13.8105,24311,837,4377,2026-08-26 05:00:12
148070,6,KIWOOM 국고채10년,104900,2,295,0.28,105144.0,-0.1766,3671,385,4248,2026-08-26 05:00:12
0016X0,6,SOL 중단기회사채(A-이상)액티브,51475,2,5,0.01,51478.0,0.8721,3755,193,4227,2026-08-26 05:00:12
091180,2,KODEX 자동차,29350,2,15,0.05,29436.0,-22.4863,135674,3974,4168,2026-08-26 05:00:12
474220,4,TIGER 미국테크TOP10타겟커버드콜,14770,2,40,0.27,14772.0,-10.8058,90754,1336,4150,2026-08-26 05:00:12
0023A0,4,SOL 미국양자컴퓨팅TOP10,24522,2,252,1.04,24515.0,-33.434,54958,1340,4120,2026-08-26 05:00:12
480260,6,TIGER 27-04회사채(A+이상)액티브,53800,2,20,0.04,53797.0,0.6268,2103,113,4053,2026-08-26 05:00:12
0060H0,1,TIGER 토탈월드스탁액티브,12770,5,-15,-0.12,12812.0,-5.6925,67023,855,3971,2026-08-26 05:00:12
241180,4,TIGER 일본니케이225,34770,2,120,0.35,34916.0,-4.8077,10306,355,3964,2026-08-26 05:00:12
385720,1,TIME 코스피액티브,25560,2,415,1.65,25596.0,-15.8327,41914,1063,3962,2026-08-26 05:00:12
426020,4,TIME 미국S&P500액티브,31765,2,15,0.05,31808.0,-9.441,43336,1374,3939,2026-08-26 05:00:12
0173Y0,4,KODEX 미국AI광통신네트워크,11025,2,175,1.61,11064.0,-29.2558,599500,6574,3903,2026-08-26 05:00:12
471990,2,KODEX AI반도체핵심장비,23685,5,-240,-1.0,23691.0,-22.4234,655129,15514,3896,2026-08-26 05:00:12
462900,2,KoAct 바이오헬스케어액티브,14750,2,250,1.72,14785.0,-23.9644,1560711,23150,3894,2026-08-26 05:00:12
458250,6,TIGER 미국30년국채스트립액티브(합성 H),34880,2,400,1.16,35068.0,-3.0372,48155,1681,3879,2026-08-26 05:00:12
302450,1,RISE 코스피,71015,2,1230,1.76,71037.0,-14.3574,9388,661,3835,2026-08-26 05:00:12
469070,2,RISE AI&로봇,11320,5,-5,-0.04,11327.0,-27.6589,295664,3328,3787,2026-08-26 05:00:12
484880,2,SOL 금융지주플러스고배당,22095,2,60,0.27,22134.0,1.8842,274040,6082,3734,2026-08-26 05:00:12
0162M0,6,KODEX 금융채1~2년(AA-이상)PLUS액티브,10065,2,10,0.1,10067.0,0.55,1176,11,3730,2026-08-26 05:00:12
132030,5,KODEX 골드선물(H),26055,5,-40,-0.15,26058.0,1.9335,134056,3498,3726,2026-08-26 05:00:12
496020,6,WON 전단채플러스액티브,52435,2,15,0.03,52433.0,0.895,2853,149,3714,2026-08-26 05:00:12
439860,6,KODEX ESG종합채권(A-이상)액티브,113810,2,165,0.15,113707.0,0.5263,7,0,3690,2026-08-26 05:00:12
0131V0,4,1Q 미국우주항공테크,11360,5,-250,-2.15,11386.0,-22.8316,55604,630,3686,2026-08-26 05:00:12
476760,6,ACE 미국30년국채액티브,9060,2,80,0.89,9079.0,-9.4363,285433,2585,3633,2026-08-26 05:00:12
439870,6,KODEX 국고채30년액티브,87125,2,725,0.84,87049.0,-7.5837,6228,543,3630,2026-08-26 05:00:12
0040Y0,7,SOL 팔란티어커버드콜OTM채권혼합,8270,2,40,0.49,8185.0,-0.3141,442206,3631,3626,2026-08-26 05:00:12
310960,1,TIGER 200TR,63300,2,985,1.58,63368.0,-13.4514,21863,1365,3608,2026-08-26 05:00:12
0167Z0,4,KODEX 미국우주항공,7845,5,-90,-1.13,7821.0,-40.1838,607540,4750,3566,2026-08-26 05:00:12
0043Y0,4,TIME 차이나AI테크액티브,20135,2,325,1.64,20188.0,-14.2239,53685,1067,3564,2026-08-26 05:00:12
0080G0,2,KODEX 방산TOP10,10375,5,-75,-0.72,10375.0,-24.0661,1547995,15952,3507,2026-08-26 05:00:12
453810,4,KODEX 인도Nifty50,11870,2,130,1.11,11902.0,-7.0659,61165,726,3502,2026-08-26 05:00:12
0046A0,6,TIGER 미국초단기(3개월이하)국채,9600,2,5,0.05,9603.0,-8.0412,309785,2968,3485,2026-08-26 05:00:12
0144L0,4,KODEX 미국성장커버드콜액티브,9560,5,-10,-0.1,9564.0,-9.5947,140016,1335,3461,2026-08-26 05:00:12
385550,6,RISE 단기채권알파액티브,114065,5,-15,-0.01,114078.0,0.6973,4074,464,3454,2026-08-26 05:00:12
448300,4,TIGER 미국나스닥100(H),22660,5,-20,-0.09,22707.0,-1.4038,40894,925,3444,2026-08-26 05:00:12
279530,2,KODEX 고배당주,17660,2,115,0.66,17666.0,-3.8595,63872,1127,3444,2026-08-26 05:00:12
0052D0,2,TIGER 코리아배당다우존스,15580,2,165,1.07,15577.0,-6.9387,60393,938,3443,2026-08-26 05:00:12
442570,7,RISE TDF2050액티브 적격,17525,2,35,0.2,17363.0,-5.538,87192,1523,3409,2026-08-26 05:00:12
474590,2,WON 반도체밸류체인액티브,42735,2,80,0.19,42669.0,-12.1603,11423,486,3376,2026-08-26 05:00:12
0182R0,2,1Q K반도체TOP2+,10370,2,95,0.92,10374.0,-26.5285,1682531,17305,3370,2026-08-26 05:00:12
0228G0,2,ACE 반도체Plus전략산업,10360,2,175,1.72,10379.0,,721342,7404,3367,2026-08-26 05:00:12
0026S0,4,1Q 미국S&P500,12900,2,20,0.16,12909.0,-6.119,62321,802,3367,2026-08-26 05:00:12
456880,7,ACE 미국달러SOFR금리(합성),12175,2,5,0.04,12179.0,-7.8031,36821,447,3358,2026-08-26 05:00:12
472170,7,TIGER 미국테크TOP10채권혼합,13825,2,35,0.25,13840.0,-6.3498,132979,1836,3339,2026-08-26 05:00:12
448630,7,RISE 삼성그룹Top3채권혼합,15400,2,145,0.95,15348.0,-0.3918,94096,1444,3280,2026-08-26 05:00:12
385510,2,KODEX 신재생에너지액티브,38620,2,280,0.73,38695.0,-29.3988,27434,1044,3244,2026-08-26 05:00:12
0052S0,7,1Q 미국S&P500미국채혼합50액티브,11615,2,25,0.22,11611.0,-7.1092,90639,1050,3241,2026-08-26 05:00:12
270810,1,RISE 코스닥150,14150,5,-70,-0.49,14174.0,-27.6704,216341,3062,3235,2026-08-26 05:00:12
0119H0,6,KODEX 28-12 회사채(AA-이상)액티브,9940,2,10,0.1,9930.0,0.6079,2261,22,3220,2026-08-26 05:00:12
0210A0,2,ACE K반도체TOP2+,7045,2,40,0.57,7056.0,,2599755,18199,3050,2026-08-26 05:00:12
0111P0,7,1Q 미국나스닥100미국채혼합50액티브,10780,2,10,0.09,10786.0,-8.7519,68369,735,3040,2026-08-26 05:00:12
489030,2,PLUS 고배당주위클리커버드콜,6560,2,30,0.46,6559.0,-9.2029,358375,2355,3034,2026-08-26 05:00:12
0008S0,4,TIGER 미국배당다우존스타겟데일리커버드콜,10230,5,-15,-0.15,10221.0,-0.1008,194935,1992,2982,2026-08-26 05:00:12
485540,4,KODEX 미국AI테크TOP10,14895,2,85,0.57,14897.0,-13.1998,161237,2389,2972,2026-08-26 05:00:12
190620,6,ACE 단기통안채,101955,2,10,0.01,101953.0,0.6516,19328,1970,2960,2026-08-26 05:00:12
136340,6,RISE 중기우량회사채,104355,2,40,0.04,104418.0,0.7077,386,40,2955,2026-08-26 05:00:12
433330,4,SOL 미국S&P500,22035,2,5,0.02,22054.0,-5.9724,31404,690,2953,2026-08-26 05:00:12
0098F0,2,KODEX 원자력SMR,16840,2,1110,7.06,16841.0,-24.1014,1907661,31689,2930,2026-08-26 05:00:12
453870,4,TIGER 인도니프티50,11725,2,195,1.69,11671.0,-7.453,15309,179,2925,2026-08-26 05:00:12
454780,6,KIWOOM 종합채권(AA-이상)액티브,99660,2,230,0.23,99704.0,-0.9908,40,3,2905,2026-08-26 05:00:12
483320,4,ACE 엔비디아밸류체인액티브,23970,2,220,0.93,24014.0,-13.131,340641,8113,2900,2026-08-26 05:00:12
475080,7,KODEX 테슬라커버드콜채권혼합액티브,7950,2,10,0.13,7931.0,-5.6575,80070,634,2898,2026-08-26 05:00:12
461490,7,RISE 글로벌자산배분액티브,14820,2,15,0.1,14823.0,-2.5987,73905,1095,2860,2026-08-26 05:00:12
441680,7,TIGER 미국나스닥100커버드콜(합성),10800,2,85,0.79,10856.0,-4.8787,44456,479,2840,2026-08-26 05:00:12
473330,6,SOL 미국30년국채커버드콜(합성),8135,2,60,0.74,8163.0,-9.4877,138168,1122,2839,2026-08-26 05:00:12
307520,2,TIGER 지주회사,22000,2,360,1.66,22054.0,-16.7015,204579,4458,2816,2026-08-26 05:00:12
091170,2,KODEX 은행,15935,2,100,0.63,15936.0,4.2619,677971,10835,2813,2026-08-26 05:00:12
0038A0,4,KODEX 미국휴머노이드로봇,14760,5,-15,-0.1,14772.0,-19.9511,53486,786,2804,2026-08-26 05:00:12
273140,6,KODEX 단기변동금리부채권액티브,114615,2,5,0.0,114616.0,0.6229,4479,513,2803,2026-08-26 05:00:12
364970,2,TIGER 바이오TOP10,7710,2,105,1.38,7730.0,-0.8475,866576,6677,2799,2026-08-26 05:00:12
481190,4,SOL 미국테크TOP10,16510,2,55,0.33,16517.0,-13.1434,133741,2200,2790,2026-08-26 05:00:12
0094K0,6,TIGER 28-04 회사채(A+이상)액티브,99700,2,30,0.03,99689.0,0.8703,6780,676,2785,2026-08-26 05:00:12
475300,2,SOL 반도체전공정,20935,5,-495,-2.31,20943.0,-16.1253,694137,14554,2763,2026-08-26 05:00:12
213610,2,KODEX 삼성그룹밸류,22645,2,685,3.12,22622.0,-8.4237,9445,212,2695,2026-08-26 05:00:12
497880,6,SOL CD금리&머니마켓액티브,50157,2,2,0.0,50157.0,0.8524,44133,2213,2675,2026-08-26 05:00:12
471780,2,TIGER 코리아테크액티브,34730,2,145,0.42,34740.0,-17.9089,67898,2346,2671,2026-08-26 05:00:12
123320,3,TIGER 레버리지,109725,2,3520,3.31,109799.0,-37.9463,113382,12220,2633,2026-08-26 05:00:12
0053L0,4,TIGER 차이나휴머노이드로봇,9760,2,95,0.98,9760.0,-31.6554,489378,4751,2616,2026-08-26 05:00:12
0162Y0,1,TIME 코스닥액티브,7385,5,-35,-0.47,7396.0,-35.7576,154206,1137,2581,2026-08-26 05:00:12
139230,2,TIGER 200 중공업,13160,2,305,2.37,13170.0,-29.3395,97206,1269,2577,2026-08-26 05:00:12
196230,6,RISE 단기통안채,116875,2,10,0.01,116895.0,0.5982,996,116,2576,2026-08-26 05:00:12
423170,4,SOL 글로벌AI반도체탑픽액티브,56840,2,725,1.29,56760.0,-9.754,21635,1207,2569,2026-08-26 05:00:12
283580,4,KODEX 차이나CSI300,15292,2,127,0.84,15343.0,-12.0045,50969,775,2546,2026-08-26 05:00:12
228790,2,TIGER 화장품,4855,5,-5,-0.1,4855.0,31.3513,8911774,43692,2543,2026-08-26 05:00:12
472920,6,HK 종합채권(AA-이상)액티브,97955,3,0,0.0,98138.0,-0.7297,0,0,2526,2026-08-26 05:00:12
409820,4,KODEX 미국나스닥100레버리지(합성 H),19525,5,-55,-0.28,19599.0,-4.7202,43364,844,2519,2026-08-26 05:00:12
478150,4,TIME 글로벌우주테크&방산액티브,19750,2,15,0.08,19685.0,-17.1495,20270,398,2518,2026-08-26 05:00:12
471040,4,KoAct 글로벌AI&로봇액티브,27705,5,-195,-0.7,27734.0,-22.078,39487,1084,2507,2026-08-26 05:00:12
421320,2,PLUS 우주항공,27050,5,-250,-0.92,27071.0,-41.4854,55681,1502,2502,2026-08-26 05:00:12
495230,1,KoAct 코리아밸류업액티브,31060,2,210,0.68,31044.0,-16.0555,20335,628,2500,2026-08-26 05:00:12
0183V0,7,KIWOOM 삼성전자&SK하이닉스채권혼합50,11795,2,105,0.9,11808.0,-1.977,359501,4215,2477,2026-08-26 05:00:12
483340,4,ACE 구글밸류체인액티브,21745,2,135,0.62,21727.0,-17.8327,64186,1389,2457,2026-08-26 05:00:12
245710,4,ACE 베트남VN30(합성),28820,5,-40,-0.14,29032.0,-10.0655,4987,143,2421,2026-08-26 05:00:12
261260,7,KODEX 미국달러선물인버스2X,5295,5,-10,-0.19,5304.0,18.68,515343,2733,2373,2026-08-26 05:00:12
363570,6,KODEX 장기종합채권(AA-이상)액티브,86585,2,510,0.59,86499.0,-2.7951,98,8,2372,2026-08-26 05:00:12
388420,2,RISE 비메모리반도체액티브,26520,2,170,0.65,26524.0,-25.1168,50311,1323,2366,2026-08-26 05:00:12
493810,4,TIGER 미국AI빅테크10타겟데일리커버드콜,11260,2,35,0.31,11264.0,-11.4519,104364,1172,2359,2026-08-26 05:00:12
363580,2,KODEX 200IT TR,54680,2,500,0.92,54679.0,-11.5934,28835,1563,2351,2026-08-26 05:00:12
0182S0,7,1Q K반도체TOP2채권혼합50,12465,2,150,1.22,12468.0,-3.7515,146006,1810,2343,2026-08-26 05:00:12
329650,7,KODEX TRF3070,14135,2,35,0.25,14161.0,-2.3816,16151,228,2332,2026-08-26 05:00:12
452360,4,SOL 미국배당다우존스(H),13750,5,-60,-0.43,13728.0,9.4132,160810,2211,2324,2026-08-26 05:00:12
157500,2,TIGER 증권,12625,2,65,0.52,12627.0,-32.7915,204893,2575,2323,2026-08-26 05:00:12
448540,7,ACE 엔비디아채권혼합,26275,2,105,0.4,26244.0,-3.5563,22902,601,2312,2026-08-26 05:00:12
437080,6,KODEX 미국종합채권ESG액티브(H),97460,2,215,0.22,97504.0,-0.3641,12894,1256,2295,2026-08-26 05:00:12
442320,4,RISE 글로벌원자력,36480,2,600,1.67,36606.0,-22.3968,38048,1375,2295,2026-08-26 05:00:12
0092C0,6,SOL 27-12 회사채(AA-이상)액티브,50250,5,-5,-0.01,50261.0,0.7518,4,0,2286,2026-08-26 05:00:12
433500,2,ACE 원자력TOP10,59340,2,3935,7.1,59397.0,-30.0177,205511,11912,2255,2026-08-26 05:00:12
458260,6,TIGER 미국투자등급회사채액티브(H),46655,2,250,0.54,46689.0,-0.971,899,41,2249,2026-08-26 05:00:12
463050,2,TIME K바이오액티브,13265,2,150,1.14,13290.0,-19.7369,359875,4794,2248,2026-08-26 05:00:12
244580,2,KODEX 바이오,8655,2,100,1.17,8661.0,-23.8202,632604,5480,2243,2026-08-26 05:00:12
0089D0,2,KODEX 금융고배당TOP10,13255,2,130,0.99,13269.0,-0.7895,129883,1721,2240,2026-08-26 05:00:12
486450,4,SOL 미국AI전력인프라,19895,2,310,1.58,19792.0,-22.2509,26884,531,2238,2026-08-26 05:00:12
488980,6,SOL 26-12 회사채(AA-이상)액티브,52095,2,5,0.01,52099.0,0.6959,446,23,2235,2026-08-26 05:00:12
472160,4,TIGER 미국테크TOP10 INDXX(H),18465,2,65,0.35,18472.0,-5.7619,58101,1071,2234,2026-08-26 05:00:12
466930,2,SOL 자동차TOP3플러스,26690,5,-80,-0.3,26728.0,-18.9525,117634,3115,2189,2026-08-26 05:00:12
0094M0,2,RISE 코리아밸류업위클리고정커버드콜,17830,2,170,0.96,17838.0,-9.9694,179481,3185,2184,2026-08-26 05:00:12
498270,4,KIWOOM 미국양자컴퓨팅,14625,2,30,0.21,14677.0,-16.6582,24874,362,2179,2026-08-26 05:00:12
0104N0,2,TIGER 200타겟위클리커버드콜,20945,2,490,2.4,20966.0,-13.9918,33160,688,2178,2026-08-26 05:00:12
305080,6,TIGER 미국채10년선물,12375,2,50,0.41,12380.0,-9.0406,49016,606,2178,2026-08-26 05:00:12
0204D0,2,KODEX 현대차로보틱스밸류체인TOP3플러스,6655,5,-45,-0.67,6673.0,,586123,3889,2170,2026-08-26 05:00:12
414780,4,TIGER 차이나과창판STAR50(합성),13860,2,255,1.87,13918.0,-17.0427,25043,343,2155,2026-08-26 05:00:12
0233J0,7,TIGER 삼성전자SK하이닉스미국채혼합50,10485,2,115,1.11,10497.0,,404201,4211,2097,2026-08-26 05:00:12
266160,2,RISE 고배당,33020,2,440,1.35,33018.0,-9.8467,13175,431,2097,2026-08-26 05:00:12
422420,2,RISE 2차전지액티브,6480,5,-75,-1.14,6487.0,-34.2536,88181,566,2094,2026-08-26 05:00:12
267770,3,TIGER 200선물레버리지,83630,2,2825,3.5,83585.0,-38.425,83479,6800,2091,2026-08-26 05:00:12
495060,1,TIME 코리아밸류업액티브,28510,2,150,0.53,28555.0,-18.4472,34454,977,2081,2026-08-26 05:00:12
332930,1,HANARO 200TR,142755,2,2665,1.9,142493.0,-13.2973,1997,278,2070,2026-08-26 05:00:12
490090,4,TIGER 미국AI빅테크10,15675,2,45,0.29,15682.0,-10.864,72097,1127,2069,2026-08-26 05:00:12
117700,2,KODEX 건설,7125,2,420,6.26,7120.0,-20.2796,3727465,26094,2024,2026-08-26 05:00:12
0047A0,4,TIGER 차이나테크TOP10,13245,2,225,1.73,13280.0,-13.5459,45669,600,2007,2026-08-26 05:00:12
0115D0,2,KODEX 조선TOP10,7770,5,-5,-0.06,7790.0,-26.408,912884,7085,2005,2026-08-26 05:00:12
0005A0,4,KODEX 미국S&P500데일리커버드콜OTM,9550,2,10,0.1,9542.0,-6.7256,175785,1676,1967,2026-08-26 05:00:12
394670,4,TIGER 글로벌리튬&2차전지SOLACTIVE(합성),11670,2,70,0.6,11790.0,-18.137,9683,112,1965,2026-08-26 05:00:12
0151S0,4,KODEX 미국AI반도체TOP3플러스,14410,3,0,0.0,14385.0,-15.9177,217547,3123,1960,2026-08-26 05:00:12
302190,6,TIGER 중장기국채,50200,2,80,0.16,50256.0,0.3102,1735,87,1938,2026-08-26 05:00:12
429000,4,TIGER 미국S&P500배당귀족,13755,5,-125,-0.9,13733.0,1.4456,37829,519,1933,2026-08-26 05:00:12
0192Z0,6,TIGER 중기종합채권(A-이상)액티브,101020,2,90,0.09,100988.0,0.8442,1,0,1929,2026-08-26 05:00:12
0069M0,4,1Q 미국나스닥100,13395,3,0,0.0,13413.0,-9.5218,238630,3192,1929,2026-08-26 05:00:12
495550,1,SOL 코리아밸류업TR,32900,2,265,0.81,32907.0,-12.5068,15525,507,1925,2026-08-26 05:00:12
0091C0,6,KODEX 미국10년국채액티브(H),9630,2,50,0.52,9632.0,-0.3644,27463,264,1917,2026-08-26 05:00:12
433980,7,KODEX TDF2040액티브 적격,15950,2,80,0.5,15887.0,-4.2842,25830,411,1906,2026-08-26 05:00:12
480040,4,ACE 미국반도체데일리타겟커버드콜(합성),14425,2,70,0.49,14405.0,-18.7025,89075,1279,1904,2026-08-26 05:00:12
0082V0,7,KODEX TDF2060액티브 적격,11315,2,65,0.58,11269.0,-8.4772,35177,397,1873,2026-08-26 05:00:12
486830,6,HANARO 머니마켓액티브,53265,2,5,0.01,53263.0,0.833,6578,350,1870,2026-08-26 05:00:12
483290,4,KODEX 미국배당다우존스타겟커버드콜,10640,5,-20,-0.19,10633.0,0.2798,239567,2545,1841,2026-08-26 05:00:12
122090,1,PLUS 코스피50,81435,2,1245,1.55,81617.0,-12.7585,11247,909,1832,2026-08-26 05:00:12
463290,6,1Q 단기금융채액티브,109205,2,5,0.0,109204.0,0.7705,1776,193,1806,2026-08-26 05:00:12
233160,3,TIGER 코스닥150 레버리지,7900,5,-95,-1.19,7902.0,-55.4224,1513030,11891,1789,2026-08-26 05:00:12
494330,2,ACE 라이프자산주주가치액티브,33070,2,365,1.12,33049.0,4.2553,28194,932,1786,2026-08-26 05:00:12
473460,4,KODEX 미국서학개미,23080,2,40,0.17,23074.0,-16.4479,12742,293,1766,2026-08-26 05:00:12
0040X0,7,SOL 팔란티어미국채커버드콜혼합,9635,2,40,0.42,9608.0,0.2532,218953,2098,1754,2026-08-26 05:00:12
0099L0,6,ACE 우량회사채(AA-이상)액티브,99720,2,75,0.08,99745.0,0.9267,18249,1820,1749,2026-08-26 05:00:12
461950,2,KODEX 2차전지핵심소재10,4885,5,-35,-0.71,4891.0,-33.2003,582564,2811,1732,2026-08-26 05:00:12
0051G0,4,SOL 미국원자력SMR,14060,2,465,3.42,13971.0,-16.8248,70365,985,1729,2026-08-26 05:00:12
0093A0,2,RISE AI반도체TOP10,31335,5,-105,-0.33,31399.0,-19.7448,49122,1534,1723,2026-08-26 05:00:12
200250,4,KIWOOM 인도Nifty50(합성),21790,2,280,1.3,21828.0,-7.2845,5600,121,1721,2026-08-26 05:00:12
0005G0,2,IBK K-AI반도체코어테크,49875,2,120,0.24,49984.0,-12.9926,13044,646,1721,2026-08-26 05:00:12
412570,2,TIGER 2차전지TOP10레버리지,1196,5,-15,-1.24,1193.0,-47.8018,4115015,4806,1697,2026-08-26 05:00:12
472870,6,RISE 미국30년국채엔화노출(합성 H),6990,2,55,0.79,7031.0,-10.4524,157911,1103,1695,2026-08-26 05:00:12
480020,4,ACE 미국빅테크7+데일리타겟커버드콜(합성),10320,2,65,0.63,10285.0,-17.1613,239578,2458,1692,2026-08-26 05:00:12
403790,1,MIDAS 코스피액티브,57845,2,1235,2.18,57753.0,-12.6457,460,26,1692,2026-08-26 05:00:12
0190G0,2,KODEX 반도체타겟위클리커버드콜,8765,2,35,0.4,8767.0,-19.3611,208747,1822,1692,2026-08-26 05:00:12
490600,4,RISE 미국배당100데일리고정커버드콜,9265,5,-65,-0.7,9263.0,1.0229,189132,1751,1691,2026-08-26 05:00:12
160580,5,TIGER 구리실물,16500,2,155,0.95,16537.0,-4.3313,47212,782,1683,2026-08-26 05:00:12
332500,1,ACE 200TR,73000,2,1190,1.66,72997.0,-13.4298,9659,700,1679,2026-08-26 05:00:12
0064K0,5,KODEX 금액티브,13490,5,-30,-0.22,13491.0,-5.784,121074,1633,1658,2026-08-26 05:00:12
237370,7,KODEX 코리아배당성장채권혼합,15755,2,55,0.35,15759.0,-2.56,25837,406,1639,2026-08-26 05:00:12
337160,2,KODEX 200ESG,47850,2,765,1.62,47701.0,-10.321,4177,198,1627,2026-08-26 05:00:12
143860,2,TIGER 헬스케어,39650,2,545,1.39,39651.0,-11.8165,25566,1011,1610,2026-08-26 05:00:12
494220,2,UNICORN SK하이닉스밸류체인액티브,45650,5,-165,-0.36,45691.0,-15.8432,33569,1523,1598,2026-08-26 05:00:12
480030,4,ACE 미국500데일리타겟커버드콜(합성),9985,2,25,0.25,9977.0,-7.7705,47770,475,1598,2026-08-26 05:00:12
272560,6,RISE 단기국공채액티브,114840,2,15,0.01,114847.0,0.6486,9204,1057,1574,2026-08-26 05:00:12
491610,6,1Q CD금리액티브(합성),104800,2,15,0.01,104790.0,0.7112,4369,457,1554,2026-08-26 05:00:12
464240,6,KIWOOM 26-09회사채(AA-이상)액티브,52380,3,0,0.0,52391.0,0.6239,703,36,1545,2026-08-26 05:00:12
491820,2,HANARO 전력설비투자,41475,2,790,1.94,41569.0,-38.2532,107811,4436,1535,2026-08-26 05:00:12
354500,1,ACE 코스닥150,14335,5,-95,-0.66,14394.0,-27.5966,107524,1542,1534,2026-08-26 05:00:12
0180V0,4,ACE 미국우주테크액티브,8010,5,-70,-0.87,7986.0,-39.8586,443949,3538,1498,2026-08-26 05:00:12
138520,2,TIGER 삼성그룹,36890,2,875,2.43,36923.0,-8.1719,29647,1088,1490,2026-08-26 05:00:12
219480,4,KODEX 미국S&P500선물(H),33072,5,-33,-0.1,33079.0,2.2864,3775,124,1488,2026-08-26 05:00:12
458210,7,KIWOOM CD금리액티브(합성),110535,2,15,0.01,110522.0,0.7061,828,91,1484,2026-08-26 05:00:12
0153K0,2,KODEX 주주환원고배당주,12065,5,-5,-0.04,12075.0,-1.5271,62130,750,1484,2026-08-26 05:00:12
152870,1,파워 200,109715,2,1945,1.8,109516.0,-13.0899,54,5,1481,2026-08-26 05:00:12
0127M0,4,ACE 미국대형가치주액티브,12440,5,-5,-0.04,12421.0,1.6226,23689,294,1480,2026-08-26 05:00:12
0048K0,4,KODEX 차이나휴머노이드로봇,8410,2,15,0.18,8424.0,-31.6726,197393,1655,1463,2026-08-26 05:00:12
0151P0,2,RISE 코리아전략산업액티브,14550,2,145,1.01,14562.0,-24.0709,104454,1509,1455,2026-08-26 05:00:12
245340,4,TIGER 미국다우존스30,36185,2,50,0.14,36178.0,-2.3696,6494,234,1455,2026-08-26 05:00:12
451530,6,TIGER 국고채30년스트립액티브,34615,2,400,1.17,34670.0,-15.1835,13749,477,1452,2026-08-26 05:00:12
271050,5,KODEX WTI원유선물인버스(H),2080,2,75,3.74,2088.0,5.4153,1581680,3281,1440,2026-08-26 05:00:12
0104H0,7,KoAct 미국나스닥채권혼합50액티브,11600,2,60,0.52,11592.0,-12.2434,39648,459,1438,2026-08-26 05:00:12
457990,2,PLUS 태양광&ESS,37755,2,170,0.45,37862.0,-20.3961,163525,6088,1435,2026-08-26 05:00:12
0005D0,2,SOL 전고체배터리&실리콘음극재,14155,5,-95,-0.67,14154.0,-37.9761,491526,6875,1401,2026-08-26 05:00:12
0041E0,4,KODEX 미국S&P500액티브,16070,2,70,0.44,16069.0,-10.8769,89904,1438,1398,2026-08-26 05:00:12
495330,1,1Q 코리아밸류업,32060,2,380,1.2,32049.0,-12.6427,2530,80,1379,2026-08-26 05:00:12
139220,2,TIGER 200 건설,8070,2,450,5.91,8086.0,-19.8739,1160921,9157,1377,2026-08-26 05:00:12
0131W0,6,1Q 단기특수은행채액티브,102065,2,5,0.0,102070.0,0.6906,537,54,1375,2026-08-26 05:00:12
0168K0,2,TIGER 기술이전바이오액티브,6565,2,85,1.31,6569.0,-23.8991,982391,6458,1358,2026-08-26 05:00:12
481180,4,SOL 미국AI소프트웨어,15585,5,-215,-1.36,15659.0,9.0783,38757,602,1356,2026-08-26 05:00:12
0199C0,2,ACE 고배당주Plus커버드콜액티브,9390,2,120,1.29,9377.0,,556136,5191,1347,2026-08-26 05:00:12
304660,6,KODEX 미국30년국채울트라선물(H),7335,2,60,0.82,7341.0,-0.818,29747,218,1342,2026-08-26 05:00:12
476030,4,SOL 미국나스닥100,16960,5,-10,-0.06,16995.0,-9.2673,33328,563,1340,2026-08-26 05:00:12
476450,6,KIWOOM 머니마켓액티브,52740,3,0,0.0,52748.0,0.7642,228,12,1337,2026-08-26 05:00:12
0184L0,6,PLUS 중기종합채권(A-이상)액티브,100670,2,60,0.06,100663.0,0.7611,6020,606,1334,2026-08-26 05:00:12
0092B0,2,SOL 한국원자력SMR,16410,2,945,6.11,16443.0,-25.434,549671,8923,1329,2026-08-26 05:00:12
0074K0,2,KoAct K수출핵심기업TOP30액티브,17250,2,95,0.55,17264.0,-20.1351,18743,322,1320,2026-08-26 05:00:12
192090,4,TIGER 차이나CSI300,12495,2,150,1.22,12534.0,-13.3076,19675,244,1318,2026-08-26 05:00:12
448100,1,WON 200,111935,2,2165,1.97,111693.0,-13.4941,12527,1377,1315,2026-08-26 05:00:12
0193G0,1,KoAct 코스피액티브,8445,2,145,1.75,8447.0,-17.1244,818975,6880,1309,2026-08-26 05:00:12
182480,7,TIGER 미국MSCI리츠(합성 H),14000,2,75,0.54,14144.0,1.8033,3693,51,1302,2026-08-26 05:00:12
461500,6,HANARO 종합채권(AA-이상)액티브,105160,2,245,0.23,105121.0,-0.6299,142,14,1302,2026-08-26 05:00:12
325010,2,KODEX 성장주,43050,2,915,2.17,42968.0,-15.0505,893,37,1292,2026-08-26 05:00:12
0123G0,4,TIGER 미국AI전력SMR,6605,2,245,3.85,6606.0,-26.0466,118991,783,1288,2026-08-26 05:00:12
471760,2,TIGER AI반도체핵심공정,13975,5,-160,-1.13,13983.0,-33.5449,497005,6907,1279,2026-08-26 05:00:12
488720,7,WON 종합채권(AA-이상)액티브,48680,2,70,0.14,48714.0,-0.6439,2291,111,1273,2026-08-26 05:00:12
498180,6,파워 종합채권(AA-이상)액티브,93100,3,0,0.0,93462.0,-0.8626,0,0,1269,2026-08-26 05:00:12
463680,4,KODEX 미국S&P500테크놀로지,21855,2,230,1.06,21776.0,-7.8535,31143,675,1257,2026-08-26 05:00:12
447620,7,SOL 미국TOP5채권혼합50,15760,2,20,0.13,15781.0,-4.2871,20141,317,1245,2026-08-26 05:00:12
377990,2,TIGER Fn신재생에너지,24750,2,515,2.13,24754.0,-31.7488,73626,1790,1238,2026-08-26 05:00:12
0000Y0,6,HK 26-12 회사채(AA-이상)액티브,101800,2,10,0.01,101818.0,0.6476,151,15,1232,2026-08-26 05:00:12
114820,6,TIGER 국채3년,105250,2,75,0.07,105216.0,0.8195,662,69,1231,2026-08-26 05:00:12
411420,4,KODEX 미국나스닥AI테크액티브,25985,2,60,0.23,25979.0,-14.5753,34688,897,1221,2026-08-26 05:00:12
367770,2,RISE 수소경제테마,23210,2,245,1.07,23224.0,-25.3657,34805,797,1219,2026-08-26 05:00:12
0191W0,6,HANARO 중기종합채권(A-이상)액티브,100930,3,0,0.0,100995.0,0.8442,0,0,1211,2026-08-26 05:00:12
319640,4,TIGER 골드선물(H),27325,5,-20,-0.07,27333.0,1.3153,11719,320,1202,2026-08-26 05:00:12
0181B0,4,HANARO 미국AI메모리반도체TOP4+,9545,5,-25,-0.26,9559.0,-7.5363,161131,1529,1198,2026-08-26 05:00:12
328370,1,PLUS 코스피TR,38630,2,945,2.51,38561.0,-14.2061,228,8,1198,2026-08-26 05:00:12
0000J0,2,PLUS 한화그룹주,28430,5,-25,-0.09,28472.0,-24.6525,46983,1332,1194,2026-08-26 05:00:12
464930,4,TIGER 글로벌혁신블루칩TOP10,21345,2,10,0.05,21435.0,-4.9666,27150,577,1185,2026-08-26 05:00:12
399110,4,SOL 미국S&P500ESG,21135,2,30,0.14,21098.0,-4.5551,7386,155,1184,2026-08-26 05:00:12
488500,4,TIGER 미국S&P500동일가중,12950,5,-20,-0.15,12940.0,-0.6569,18488,238,1172,2026-08-26 05:00:12
309230,4,ACE 미국WideMoat동일가중,31750,5,-250,-0.78,31788.0,3.305,4170,132,1168,2026-08-26 05:00:12
372330,4,KODEX 차이나항셍테크,7025,2,70,1.01,7055.0,-13.4664,55505,388,1163,2026-08-26 05:00:12
332940,1,HANARO MSCI Korea TR,48365,2,715,1.5,48367.0,-11.9875,54,2,1161,2026-08-26 05:00:12
469170,2,ACE 포스코그룹포커스,5685,5,-65,-1.13,5683.0,-27.323,397597,2250,1151,2026-08-26 05:00:12
438570,6,SOL 국고채10년,98675,2,470,0.48,98662.0,-0.3097,59,5,1144,2026-08-26 05:00:12
464310,4,TIGER 글로벌AI&로보틱스 INDXX,13845,2,55,0.4,13889.0,-20.6788,14903,205,1142,2026-08-26 05:00:12
491230,6,PLUS 국공채머니마켓액티브,52480,5,-5,-0.01,52473.0,0.7776,1131,59,1139,2026-08-26 05:00:12
0122W0,6,RISE 26-11 회사채(AA-이상)액티브,50960,3,0,0.0,50969.0,0.6716,292,14,1138,2026-08-26 05:00:12
266370,2,KODEX IT,66745,2,475,0.72,66793.0,-13.7503,20064,1326,1135,2026-08-26 05:00:12
0080Y0,2,SOL 조선TOP3플러스레버리지,8845,2,95,1.09,8881.0,-54.5809,216487,1894,1132,2026-08-26 05:00:12
0135Y0,6,IBK 중기종합채권(AA-이상)액티브,100575,2,140,0.14,100530.0,0.6614,4,0,1113,2026-08-26 05:00:12
326240,2,RISE IT플러스,43110,2,270,0.63,43082.0,-15.1264,2014,85,1112,2026-08-26 05:00:12
0209D0,2,KODEX 전고체배터리ESS TOP2플러스,7940,5,-5,-0.06,7940.0,,441107,3457,1108,2026-08-26 05:00:12
0176E0,4,RISE 미국AI전력인프라액티브,9650,5,-85,-0.87,9631.0,-25.173,8847,85,1095,2026-08-26 05:00:12
304940,4,KODEX 미국나스닥100선물(H),32075,5,-85,-0.26,32159.0,-1.3649,1844,59,1091,2026-08-26 05:00:12
203780,4,TIGER 미국나스닥바이오,37410,2,975,2.68,37093.0,12.1939,32941,1222,1085,2026-08-26 05:00:12
0174B0,7,KoAct 글로벌AI메모리반도체액티브,14115,2,15,0.11,14127.0,-9.3248,82054,1140,1080,2026-08-26 05:00:12
0221V0,6,IBK 초단기채권액티브,100370,3,0,0.0,100380.0,,0,0,1073,2026-08-26 05:00:12
168580,4,ACE 중국본토CSI300,34255,2,40,0.12,34676.0,-12.2468,1245,42,1069,2026-08-26 05:00:12
455860,2,SOL 2차전지소부장Fn,4470,5,-5,-0.11,4470.0,-34.4803,562771,2479,1068,2026-08-26 05:00:12
0193M0,6,BNK 27-12 특수채(AAA이상)액티브,50330,5,-45,-0.09,50361.0,,1,0,1064,2026-08-26 05:00:12
0132K0,7,PLUS 테슬라위클리커버드콜채권혼합,7940,5,-15,-0.19,7976.0,-6.3367,61280,486,1064,2026-08-26 05:00:12
0177X0,2,ACE K휴머노이드로봇산업TOP2+,9610,5,-35,-0.36,9633.0,-31.2545,151721,1448,1062,2026-08-26 05:00:12
0091M0,6,HANARO 27-06 회사채(AA-이상)액티브,10155,3,0,0.0,10156.0,0.6941,1,0,1059,2026-08-26 05:00:12
0138Y0,7,PLUS 금채권혼합,10125,3,0,0.0,10159.0,-2.5037,139171,1410,1058,2026-08-26 05:00:12
0036R0,4,RISE 미국휴머노이드로봇,18795,5,-40,-0.21,18787.0,-14.6942,26188,489,1053,2026-08-26 05:00:12
496090,1,KIWOOM 코리아밸류업,32245,2,450,1.42,32207.0,-12.8736,199,6,1048,2026-08-26 05:00:12
0085P0,6,ACE 미국10년국채액티브,9930,2,50,0.51,9929.0,-8.3871,110409,1094,1043,2026-08-26 05:00:12
0137V0,4,KIWOOM 미국S&P500모멘텀,11420,5,-35,-0.31,11422.0,-7.5732,49352,562,1039,2026-08-26 05:00:12
394660,4,TIGER 글로벌자율주행&전기차SOLACTIVE,15840,2,85,0.54,15943.0,-21.4019,2016,31,1039,2026-08-26 05:00:12
0233A0,7,ACE 삼성전자SK하이닉스플러스채권혼합50,10367,2,82,0.8,10384.0,,325521,3348,1037,2026-08-26 05:00:12
476850,1,KoAct 배당성장액티브,21600,2,135,0.63,21637.0,-9.6874,28117,603,1026,2026-08-26 05:00:12
465780,6,마이티 26-09 특수채(AAA)액티브,106340,3,0,0.0,106357.0,0.6673,0,0,1024,2026-08-26 05:00:12
261270,7,KODEX 미국달러선물인버스,8055,5,-10,-0.12,8070.0,9.3559,20689,166,1019,2026-08-26 05:00:12
475280,6,ACE 8월만기자동연장회사채AA-이상액티브,10725,5,-10,-0.09,10731.0,0.7981,10,0,1010,2026-08-26 05:00:12
465610,4,ACE 미국빅테크TOP7 Plus레버리지(합성),41695,2,205,0.49,41642.0,-18.5433,5659,232,1001,2026-08-26 05:00:12
0008T0,2,SOL 화장품TOP3플러스,19735,5,-95,-0.48,19729.0,33.9864,1708898,34153,997,2026-08-26 05:00:12
251340,3,KODEX 코스닥150선물인버스,2395,2,20,0.84,2409.0,19.9494,36249263,87168,994,2026-08-26 05:00:12
475050,2,ACE KPOP포커스,6840,2,220,3.32,6846.0,-26.0336,676198,4572,988,2026-08-26 05:00:12
0007N0,1,아이엠에셋 200,109610,2,2160,2.01,109012.0,-13.3216,38,4,986,2026-08-26 05:00:12
114100,6,RISE 국고채3년,106750,2,30,0.03,106742.0,0.848,184,19,986,2026-08-26 05:00:12
0052T0,6,1Q 중단기회사채(A-이상)액티브,50700,3,0,0.0,50710.0,0.8654,0,0,981,2026-08-26 05:00:12
308620,6,KODEX 미국10년국채선물,11650,2,55,0.47,11654.0,-8.5568,29433,342,955,2026-08-26 05:00:12
0142D0,4,TIGER 미국AI데이터센터TOP4Plus,10440,2,175,1.7,10458.0,-25.508,141566,1471,955,2026-08-26 05:00:12
195980,4,PLUS 신흥국MSCI(합성 H),15240,2,155,1.03,15454.0,0.9367,12719,193,948,2026-08-26 05:00:12
0035T0,7,PLUS 글로벌휴머노이드로봇액티브,19450,2,105,0.54,19448.0,-21.7436,10668,206,943,2026-08-26 05:00:12
473440,6,ACE 11월만기자동연장회사채AA-이상액티브,10840,3,0,0.0,10846.0,0.7903,1089,11,943,2026-08-26 05:00:12
481430,6,RISE 국고채10년액티브,98760,2,625,0.64,98663.0,-0.3352,43,4,939,2026-08-26 05:00:12
433970,7,KODEX TDF2030액티브 적격,14065,2,120,0.86,13995.0,-3.2457,8768,122,935,2026-08-26 05:00:12
211900,2,KODEX 코리아배당성장,28310,2,310,1.11,28334.0,-10.7636,3433,97,934,2026-08-26 05:00:12
468380,6,KODEX iShares미국하이일드액티브,11060,2,35,0.32,11052.0,-7.4141,22510,248,922,2026-08-26 05:00:12
204480,4,TIGER 차이나CSI300레버리지(합성),24720,2,480,1.98,24976.0,-27.7604,2580,63,920,2026-08-26 05:00:12
0066W0,5,SOL 국제금,13620,5,-20,-0.15,13695.0,-5.9959,131469,1792,913,2026-08-26 05:00:12
325020,2,KODEX 배당가치,29430,2,300,1.03,29425.0,-6.9236,6322,185,912,2026-08-26 05:00:12
485690,4,RISE 미국AI밸류체인TOP3Plus,21700,2,115,0.53,21700.0,-9.6265,73293,1584,911,2026-08-26 05:00:12
454320,2,HANARO CAPEX설비투자iSelect,42235,2,1130,2.75,42239.0,-28.9456,1781,74,908,2026-08-26 05:00:12
269540,4,PLUS 미국S&P500(H),30010,2,30,0.1,30024.0,0.8748,4960,148,900,2026-08-26 05:00:12
298770,4,KODEX 한국대만IT프리미어,81050,2,1335,1.67,81449.0,-6.6991,5109,411,892,2026-08-26 05:00:12
486240,2,DAISHIN AI반도체&인프라액티브,28755,2,460,1.63,28646.0,-17.4712,2003,57,891,2026-08-26 05:00:12
143850,4,TIGER 미국S&P500선물(H),77240,5,-30,-0.04,77267.0,1.671,673,51,888,2026-08-26 05:00:12
329670,7,KODEX TRF7030,22110,5,-5,-0.02,22170.0,-3.677,7079,156,884,2026-08-26 05:00:12
453080,4,KIWOOM 미국나스닥100(H),22645,5,-30,-0.13,22691.0,-1.7244,1073,24,883,2026-08-26 05:00:12
495040,1,PLUS 코리아밸류업,31995,2,540,1.72,31945.0,-13.0511,232,7,880,2026-08-26 05:00:12
444490,4,WON 미국S&P500,20220,2,5,0.02,20242.0,-6.1078,11007,222,880,2026-08-26 05:00:12
108450,2,ACE 삼성그룹섹터가중,39710,2,735,1.89,39748.0,-10.2269,2053,80,874,2026-08-26 05:00:12
460960,7,ACE 글로벌인컴TOP10,11210,2,30,0.27,11204.0,-6.1172,14780,165,869,2026-08-26 05:00:12
292770,6,KODEX 국채선물3년인버스,57545,5,-140,-0.24,57618.0,0.1041,2,0,863,2026-08-26 05:00:12
479620,4,SOL 미국AI반도체칩메이커,24065,2,65,0.27,24030.0,-13.9014,8327,200,854,2026-08-26 05:00:12
329660,7,KODEX TRF5050,17915,5,-10,-0.06,17963.0,-2.2344,12577,225,842,2026-08-26 05:00:12
461460,6,PLUS 국고채10년액티브,51590,2,185,0.36,51592.0,-0.2233,108,5,837,2026-08-26 05:00:12
138530,2,TIGER LG그룹플러스,12500,2,100,0.81,12516.0,-10.437,44760,554,833,2026-08-26 05:00:12
0197X0,2,SOL SK하이닉스선물단일종목인버스2X,6840,5,-205,-2.91,6851.0,,12140041,84560,829,2026-08-26 05:00:12
130730,6,KIWOOM 단기자금,102985,3,0,0.0,102988.0,0.645,1539,158,824,2026-08-26 05:00:12
0017Y0,6,1Q 종합채권(AA-이상)액티브,94155,2,355,0.38,94057.0,-0.851,16635,1563,822,2026-08-26 05:00:12
359210,1,KODEX 코스피TR,35670,2,725,2.07,35580.0,-13.7268,11723,414,820,2026-08-26 05:00:12
453330,4,RISE 미국S&P500(H),18185,2,35,0.19,18166.0,2.6889,13899,252,818,2026-08-26 05:00:12
0162L0,4,KODEX 차이나AI반도체TOP10,13180,2,210,1.62,13227.0,-17.5612,291519,3790,817,2026-08-26 05:00:12
0057H0,7,PLUS 미국S&P500미국채혼합50액티브,11705,2,25,0.21,11698.0,-7.1503,45296,529,808,2026-08-26 05:00:12
157490,2,TIGER 소프트웨어,8560,2,55,0.65,8579.0,-7.6548,36497,311,803,2026-08-26 05:00:12
449770,4,KIWOOM 미국S&P500,21105,2,15,0.07,21126.0,-6.0481,3910,82,802,2026-08-26 05:00:12
364960,2,TIGER BBIG,6645,2,20,0.3,6651.0,-12.8863,32327,213,801,2026-08-26 05:00:12
0018C0,2,PLUS 고배당주위클리고정커버드콜,10735,2,70,0.66,10742.0,-9.0691,37287,400,800,2026-08-26 05:00:12
337140,2,KODEX 코스피대형주,36285,2,825,2.33,36290.0,-14.1247,7492,270,798,2026-08-26 05:00:12
490480,2,SOL K방산,28880,5,-200,-0.69,28928.0,-24.4087,9435,270,794,2026-08-26 05:00:12
495750,1,HANARO 코리아밸류업,32160,2,285,0.89,32149.0,-11.9777,47,1,788,2026-08-26 05:00:12
0049M0,4,ACE 미국배당퀄리티+커버드콜액티브,11335,2,70,0.62,11355.0,-6.7136,25228,285,788,2026-08-26 05:00:12
492500,7,1Q 현대차그룹채권(A+이상)&국고통안,51345,2,25,0.05,51346.0,0.5682,550,28,781,2026-08-26 05:00:12
458030,6,WON 국공채머니마켓액티브,55025,2,15,0.03,55016.0,0.6955,747,41,780,2026-08-26 05:00:12
0098N0,2,PLUS 자사주매입고배당주,12865,5,-45,-0.35,12886.0,0.8006,13346,172,778,2026-08-26 05:00:12
210780,2,TIGER 코스피고배당,23550,2,175,0.75,23557.0,-6.8978,7069,166,777,2026-08-26 05:00:12
469060,4,RISE 미국반도체NYSE,34220,5,-15,-0.04,34209.0,-10.9249,5449,185,770,2026-08-26 05:00:12
434960,1,DAISHIN K200,109335,2,1930,1.8,109308.0,-13.355,2273,245,765,2026-08-26 05:00:12
438560,6,SOL 국고채3년,100590,2,135,0.13,100553.0,0.823,135,13,763,2026-08-26 05:00:12
365040,1,TIGER AI코리아그로스액티브,36320,2,520,1.45,36303.0,-11.3752,13057,469,763,2026-08-26 05:00:12
0080X0,7,SOL 미국S&P500미국채혼합50,11045,2,35,0.32,11046.0,-7.3563,35062,386,762,2026-08-26 05:00:12
473640,4,HANARO 글로벌금채굴기업,37910,2,560,1.5,38073.0,10.0957,50103,1905,758,2026-08-26 05:00:12
228810,2,TIGER 미디어컨텐츠,3115,2,60,1.96,3112.0,-25.1226,256158,793,756,2026-08-26 05:00:12
412770,4,TIGER 글로벌AI플랫폼액티브,12255,5,-5,-0.04,12273.0,-19.3156,11408,138,738,2026-08-26 05:00:12
272910,6,ACE 중장기국공채액티브,106390,2,265,0.25,106336.0,0.6783,25,2,732,2026-08-26 05:00:12
441540,2,HANARO Fn조선해운,26975,5,-305,-1.12,26982.0,-20.6631,10905,293,728,2026-08-26 05:00:12
0022T0,4,SOL 국제금커버드콜액티브,13995,5,-40,-0.29,14052.0,-6.0112,46001,645,728,2026-08-26 05:00:12
266420,2,KODEX 헬스케어,17995,2,220,1.24,18006.0,-11.4791,16854,303,720,2026-08-26 05:00:12
0113D0,4,TIME 글로벌탑픽액티브,12075,2,15,0.12,12100.0,-5.7076,17885,215,718,2026-08-26 05:00:12
475310,2,SOL 반도체후공정,26090,5,-255,-0.97,26142.0,-24.7823,64752,1689,717,2026-08-26 05:00:12
292190,1,KODEX KRX300,47830,2,795,1.69,47908.0,-14.2238,1914,91,717,2026-08-26 05:00:12
211560,2,TIGER 배당성장,35450,2,510,1.46,35463.0,-10.817,2442,86,713,2026-08-26 05:00:12
0102A0,4,TIGER 미국AI소프트웨어TOP4Plus,8495,5,-65,-0.76,8545.0,1.4819,14459,122,705,2026-08-26 05:00:12
475350,4,RISE 버크셔포트폴리오TOP10,14640,5,-25,-0.17,14643.0,-3.3409,17337,253,703,2026-08-26 05:00:12
0098Z0,1,FOCUS 200,92835,2,1910,2.1,92747.0,-13.1494,32,2,696,2026-08-26 05:00:12
0225V0,4,KODEX 미국CPU반도체TOP10,9870,2,80,0.82,9888.0,,41685,409,691,2026-08-26 05:00:12
228800,2,TIGER 여행레저,2670,2,60,2.3,2672.0,-17.2742,171404,454,689,2026-08-26 05:00:12
458750,4,TIGER 미국배당다우존스타겟커버드콜1호,13375,3,0,0.0,13352.0,-0.1515,29691,396,682,2026-08-26 05:00:12
440640,6,ACE 단기채권알파액티브,112655,2,20,0.02,112652.0,0.828,2241,252,682,2026-08-26 05:00:12
277640,2,TIGER 코스피대형주,37500,2,695,1.89,37521.0,-13.6564,5186,192,675,2026-08-26 05:00:12
0190Y0,4,TIGER 구글밸류체인,8520,2,55,0.65,8513.0,-18.9016,107463,910,673,2026-08-26 05:00:12
298340,6,PLUS 국채선물3년,56615,2,55,0.1,56568.0,1.1173,19,1,668,2026-08-26 05:00:12
278620,6,PLUS 단기채권액티브,119070,2,40,0.03,119039.0,0.8002,415,49,667,2026-08-26 05:00:12
100910,1,KIWOOM KRX100,17085,2,215,1.27,17123.0,-12.8367,465,7,666,2026-08-26 05:00:12
433880,7,PLUS TDF2060액티브 적격,18705,2,85,0.46,18634.0,-6.583,8537,159,664,2026-08-26 05:00:12
0115E0,2,KODEX 코리아소버린AI,14735,2,135,0.92,14755.0,-7.8397,19723,289,663,2026-08-26 05:00:12
491700,1,HK 200,109615,2,2135,1.99,109455.0,-13.7019,27,2,658,2026-08-26 05:00:12
465330,2,RISE 2차전지TOP10,10920,5,-175,-1.58,10919.0,-26.181,200093,2155,647,2026-08-26 05:00:12
453950,4,TIGER TSMC파운드리밸류체인,33165,2,270,0.82,33230.0,-6.1752,2744,89,647,2026-08-26 05:00:12
0123S0,2,HANARO 26-12 은행채(AA+이상)액티브,10190,2,15,0.15,10185.0,0.5434,8,0,632,2026-08-26 05:00:12
453640,4,KODEX 미국S&P500헬스케어,14650,2,5,0.03,14670.0,8.4507,28559,417,630,2026-08-26 05:00:12
0000D0,7,TIGER 엔비디아미국채커버드콜밸런스(합성),9170,2,90,0.99,9133.0,-9.5411,15667,143,628,2026-08-26 05:00:12
419890,6,KIWOOM 단기채권ESG액티브,107545,2,30,0.03,107542.0,0.6694,1014,109,624,2026-08-26 05:00:12
455660,6,ACE 미국하이일드액티브(H),9500,2,20,0.21,9495.0,0.5306,7653,72,618,2026-08-26 05:00:12
0210E0,2,PLUS 200커버드콜액티브,7505,2,115,1.56,7501.0,,118911,886,615,2026-08-26 05:00:12
306950,3,KODEX KRX300레버리지,76840,2,2755,3.72,77003.0,-39.0548,1695,127,615,2026-08-26 05:00:12
261070,2,TIGER 코스닥150바이오테크,13155,2,100,0.77,13159.0,-21.5681,162806,2137,613,2026-08-26 05:00:12
0172V0,5,1Q 은액티브,9050,2,105,1.17,9009.0,-18.3106,87813,790,611,2026-08-26 05:00:12
275980,4,TIGER 글로벌4차산업혁신기술(합성 H),23925,2,275,1.16,23970.0,1.8957,1897,45,608,2026-08-26 05:00:12
252400,3,RISE 200선물레버리지,101220,2,3365,3.44,101232.0,-38.1839,19885,1973,607,2026-08-26 05:00:12
479730,4,TIGER 인도빌리언컨슈머,10280,2,130,1.28,10266.0,-0.5451,2618,26,607,2026-08-26 05:00:12
0040S0,4,HANARO 글로벌피지컬AI액티브,23270,5,-135,-0.58,23352.0,-18.2073,15639,360,605,2026-08-26 05:00:12
150460,2,TIGER 중국소비테마,8000,2,120,1.52,8000.0,0.6385,34459,275,605,2026-08-26 05:00:12
476750,6,ACE 미국30년국채엔화노출액티브(H),7515,2,65,0.87,7539.0,-10.6625,75505,567,601,2026-08-26 05:00:12
0198A0,2,KIWOOM 코스닥150커버드콜액티브,9040,5,-5,-0.06,9043.0,,400284,3607,597,2026-08-26 05:00:12
261240,7,KODEX 미국달러선물,14320,2,15,0.1,14319.0,-7.9473,36790,525,596,2026-08-26 05:00:12
495940,4,RISE 미국AI테크액티브,18915,2,15,0.08,18957.0,-18.8654,6012,113,586,2026-08-26 05:00:12
278240,3,RISE 코스닥150선물레버리지,8030,5,-85,-1.05,8049.0,-55.5708,47967,381,585,2026-08-26 05:00:12
0166S0,2,PLUS K제조업핵심기업액티브,10930,2,135,1.25,10930.0,-22.0015,15620,168,585,2026-08-26 05:00:12
0181L0,4,SOL 미국우주항공TOP10,7215,5,-60,-0.82,7184.0,-41.6132,75134,536,584,2026-08-26 05:00:12
0141S0,2,SOL 조선기자재,8740,2,270,3.19,8737.0,-32.6174,164147,1429,581,2026-08-26 05:00:12
491220,1,PLUS 200TR,128605,2,2835,2.25,128954.0,-13.8297,2032,257,579,2026-08-26 05:00:12
0111J0,2,HANARO 증권고배당TOP3플러스,12695,2,65,0.51,12712.0,-30.7485,25832,327,571,2026-08-26 05:00:12
401470,2,KODEX 메타버스액티브,9750,2,140,1.46,9757.0,-6.7443,7318,70,570,2026-08-26 05:00:12
0194T0,2,ACE SK하이닉스단일종목레버리지,8860,2,340,3.99,8853.0,,51531,450,565,2026-08-26 05:00:12
304780,3,HANARO 200선물레버리지,124245,2,4970,4.17,123407.0,-38.0551,6797,816,559,2026-08-26 05:00:12
140700,2,KODEX 보험,21490,2,820,3.97,21487.0,9.5186,159392,3388,559,2026-08-26 05:00:12
455960,6,RISE 미국달러SOFR금리액티브(합성),12100,5,-25,-0.21,12153.0,-7.8648,1099,13,554,2026-08-26 05:00:12
225040,4,TIGER 미국S&P500레버리지(합성 H),67530,2,70,0.1,67604.0,3.7526,1616,109,554,2026-08-26 05:00:12
0000Z0,2,RISE 바이오TOP10액티브,9545,2,175,1.87,9563.0,-30.1529,228535,2191,554,2026-08-26 05:00:12
440910,4,WON 미국우주항공방산,25140,2,15,0.06,25080.0,-8.0345,1902,47,553,2026-08-26 05:00:12
385590,2,ACE ESG액티브,23765,2,445,1.91,23710.0,-10.0136,2985,70,547,2026-08-26 05:00:12
0046Y0,4,ACE 미국배당퀄리티,12640,2,5,0.04,12682.0,-5.5646,17673,223,544,2026-08-26 05:00:12
442560,7,RISE TDF2040액티브 적격,16460,2,110,0.67,16342.0,-5.2817,7459,122,535,2026-08-26 05:00:12
0197W0,2,SOL SK하이닉스단일종목레버리지,8615,2,255,3.05,8688.0,,126392,1074,534,2026-08-26 05:00:12
0226A0,7,PLUS SK하이닉스샌디스크채권혼합50,10635,5,-40,-0.37,10738.0,,133613,1413,532,2026-08-26 05:00:12
0113P0,6,HK 머니마켓액티브,102375,2,10,0.01,102373.0,0.7529,10,1,530,2026-08-26 05:00:12
445150,2,KODEX 친환경조선해운액티브,28430,5,-250,-0.87,28415.0,-24.1821,9470,268,526,2026-08-26 05:00:12
0118Z0,4,ACE 미국AI테크핵심산업액티브,8705,2,90,1.04,8672.0,-16.7231,8936,77,522,2026-08-26 05:00:12
101280,4,KODEX 일본TOPIX100,30675,2,440,1.46,30515.0,-2.9002,5849,178,521,2026-08-26 05:00:12
0185L0,4,TIME 글로벌휴머노이드로봇산업액티브,7465,2,20,0.27,7473.0,-29.8635,32714,242,519,2026-08-26 05:00:12
275300,2,KODEX 우량주,30085,2,600,2.03,30123.0,-11.4909,1417,42,511,2026-08-26 05:00:12
114470,6,KIWOOM 국고채3년,108165,2,95,0.09,108117.0,0.8089,156,16,508,2026-08-26 05:00:12
0139P0,2,ACE 고배당주,13735,2,235,1.74,13752.0,-5.8117,11843,162,508,2026-08-26 05:00:12
253150,3,PLUS 200선물레버리지,202625,2,6910,3.53,202371.0,-38.2545,12939,2549,507,2026-08-26 05:00:12
475260,6,ACE 2월만기자동연장회사채AA-이상액티브,10750,3,0,0.0,10744.0,0.7025,4,0,506,2026-08-26 05:00:12
480310,4,TIGER 글로벌온디바이스AI,18700,2,250,1.36,18744.0,-19.3936,21493,400,505,2026-08-26 05:00:12
0089C0,4,KODEX 미국S&P500변동성확대시커버드콜,11460,2,30,0.26,11478.0,-6.4605,499,5,504,2026-08-26 05:00:12
0132H0,4,KODEX 미국원자력SMR,8740,2,330,3.92,8699.0,-22.0575,23811,207,503,2026-08-26 05:00:12
261220,5,KODEX WTI원유선물(H),22665,5,-1025,-4.33,22682.0,-10.9232,103429,2345,499,2026-08-26 05:00:12
152500,3,ACE 레버리지,44750,2,1520,3.52,44723.0,-38.1988,61578,2709,492,2026-08-26 05:00:12
123310,3,TIGER 인버스,1129,5,-19,-1.66,1129.0,-4.0936,2615323,2984,492,2026-08-26 05:00:12
360140,2,KODEX 200롱코스닥150숏선물,22330,2,515,2.36,22303.0,14.0057,25421,560,491,2026-08-26 05:00:12
218420,4,KODEX 미국S&P500에너지(합성),19930,5,-350,-1.73,20035.0,-1.8156,59092,1179,489,2026-08-26 05:00:12
0118S0,4,SOL 미국넥스트테크TOP10액티브,10605,5,-95,-0.89,10613.0,-25.3315,32416,340,488,2026-08-26 05:00:12
336160,6,RISE 금융채액티브,100490,2,60,0.06,100502.0,0.6993,5,0,483,2026-08-26 05:00:12
0041D0,4,KODEX 미국AI소프트웨어TOP10,12700,5,-140,-1.09,12729.0,-1.3744,14730,186,483,2026-08-26 05:00:12
447430,2,ACE 주주환원가치주액티브,16340,2,180,1.11,16339.0,-7.1903,3957,64,482,2026-08-26 05:00:12
371470,4,TIGER 차이나바이오테크SOLACTIVE,8780,2,105,1.21,8860.0,5.407,38687,338,481,2026-08-26 05:00:12
200030,4,KODEX 미국S&P500산업재(합성),42500,5,-375,-0.87,42669.0,-4.0291,1234,52,479,2026-08-26 05:00:12
140950,1,파워 코스피100,85400,2,1460,1.74,85281.0,-13.3605,169,14,478,2026-08-26 05:00:12
256750,4,KODEX 차이나심천ChiNext(합성),15600,2,210,1.36,15606.0,-20.8944,2403,37,477,2026-08-26 05:00:12
316670,1,KIWOOM 코스닥150,7095,5,-55,-0.77,7115.0,-27.4848,61608,435,475,2026-08-26 05:00:12
442260,1,마이티 다이나믹퀀트액티브,37875,2,695,1.87,37726.0,-14.0049,7362,273,470,2026-08-26 05:00:12
0194M0,2,ACE 삼성전자단일종목레버리지,11235,2,565,5.3,11191.0,,45567,497,469,2026-08-26 05:00:12
0086B0,2,TIGER 리츠부동산인프라TOP10액티브,9570,3,0,0.0,9591.0,-4.5286,10835,103,469,2026-08-26 05:00:12
418670,4,TIGER 글로벌AI사이버보안,16445,5,-355,-2.11,16476.0,9.1263,33763,552,467,2026-08-26 05:00:12
0020H0,4,KoAct 글로벌양자컴퓨팅액티브,21690,2,205,0.95,21873.0,-26.1557,35183,757,466,2026-08-26 05:00:12
287180,4,PLUS 미국나스닥테크,54695,5,-10,-0.02,54749.0,-5.3056,1042,56,465,2026-08-26 05:00:12
0178H0,7,IBK 미국AI TOP10국채혼합50,9865,2,70,0.71,9855.0,-4.8957,6082,59,464,2026-08-26 05:00:12
196030,4,ACE 일본TOPIX레버리지(H),91110,2,1405,1.57,90860.0,9.1833,100,9,456,2026-08-26 05:00:12
461340,4,HANARO 글로벌생성형AI액티브,41330,5,-155,-0.37,41456.0,-12.3958,428,17,455,2026-08-26 05:00:12
276990,4,KODEX 글로벌로봇(합성),25680,2,135,0.53,25741.0,-13.5387,3141,80,455,2026-08-26 05:00:12
429760,4,PLUS 미국S&P500,19620,2,10,0.05,19649.0,-6.0278,1367,26,451,2026-08-26 05:00:12
473590,4,ACE 미국주식베스트셀러,18685,2,95,0.51,18675.0,-26.8111,3781,70,448,2026-08-26 05:00:12
475270,6,ACE 5월만기자동연장회사채AA-이상액티브,10715,3,0,0.0,10725.0,0.6103,0,0,447,2026-08-26 05:00:12
375770,2,KODEX 탄소효율그린뉴딜,24810,2,595,2.46,24728.0,-12.8592,229,5,447,2026-08-26 05:00:12
473490,4,KIWOOM 글로벌AI반도체,29725,2,590,2.03,29729.0,-12.8157,11946,353,446,2026-08-26 05:00:12
472830,6,RISE 미국30년국채커버드콜(합성),8030,2,50,0.63,8041.0,-9.8934,11904,95,446,2026-08-26 05:00:12
442090,2,에셋플러스 코리아대장장이액티브,29700,3,0,0.0,29791.0,-15.469,124,3,446,2026-08-26 05:00:12
453650,4,KODEX 미국S&P500금융,19750,2,15,0.08,19780.0,3.1986,3094,60,444,2026-08-26 05:00:12
0189B0,5,TIGER 은액티브,8680,2,40,0.46,8658.0,-17.6359,37052,319,443,2026-08-26 05:00:12
261120,7,TIGER 미국달러선물인버스2X,5270,5,-5,-0.09,5265.0,18.8063,9683,51,443,2026-08-26 05:00:12
139280,2,TIGER 경기방어,13345,2,225,1.71,13352.0,-0.5981,6044,80,438,2026-08-26 05:00:12
401170,2,RISE 메타버스,11015,2,10,0.09,11040.0,-5.2519,4690,51,436,2026-08-26 05:00:12
139320,5,TIGER 금은선물(H),19372,5,-28,-0.14,19355.0,-0.1545,7208,139,436,2026-08-26 05:00:12
238720,4,ACE 일본Nikkei225(H),48315,2,280,0.58,48241.0,4.583,715,34,435,2026-08-26 05:00:12
487130,2,KoAct AI인프라액티브,27615,2,255,0.93,27619.0,-26.4912,5037,137,428,2026-08-26 05:00:12
305050,1,ACE 코스피,71235,2,1190,1.7,71199.0,-13.6686,2350,165,427,2026-08-26 05:00:12
494840,4,TIGER 미국방산TOP10,12945,5,-85,-0.65,12947.0,-3.6001,19707,254,427,2026-08-26 05:00:12
0007G0,4,PLUS 글로벌원자력밸류체인,14165,2,290,2.09,14234.0,-13.8199,13307,188,425,2026-08-26 05:00:12
476260,2,HANARO 반도체핵심공정주도주,12315,5,-255,-2.03,12338.0,-17.8968,95530,1178,425,2026-08-26 05:00:12
0141T0,6,SOL 중기종합채권(AA-이상)액티브,50300,3,0,0.0,50340.0,0.7309,0,0,421,2026-08-26 05:00:12
440650,6,ACE 미국달러단기채권액티브,11630,3,0,0.0,11634.0,-7.7717,20695,240,419,2026-08-26 05:00:12
282000,3,RISE 국고채3년선물인버스,114420,5,-155,-0.14,114499.0,0.0742,11,1,418,2026-08-26 05:00:12
0191M0,6,마이티 5월만기자동연장특수채(AAA)액티브,100665,3,0,0.0,100680.0,,0,0,417,2026-08-26 05:00:12
0192L0,2,RISE SK하이닉스단일종목레버리지,8995,2,310,3.57,9039.0,,25068,218,414,2026-08-26 05:00:12
0186S0,7,1Q 코스닥150채권혼합50액티브,8405,2,10,0.12,8441.0,-14.6727,208233,1752,412,2026-08-26 05:00:12
448570,1,FOCUS AI코리아액티브,30310,2,515,1.73,30296.0,-10.6195,102,3,409,2026-08-26 05:00:12
0112X0,1,마이티 200TR,40900,2,710,1.77,40777.0,-13.1121,717,29,409,2026-08-26 05:00:12
428510,4,KODEX 차이나AI테크액티브,24015,2,500,2.13,24005.0,-20.0094,5162,122,408,2026-08-26 05:00:12
472840,1,IBK 200,108215,2,2410,2.28,107962.0,-13.6167,2006,214,406,2026-08-26 05:00:12
0220B0,1,DS 코스닥액티브,9540,5,-160,-1.65,9548.0,,55559,530,405,2026-08-26 05:00:12
183700,7,RISE 200채권혼합50,96210,2,905,0.95,96064.0,-6.5755,3754,360,404,2026-08-26 05:00:12
464470,6,PLUS 미국채30년액티브,48625,2,410,0.85,48710.0,-9.5002,6597,320,401,2026-08-26 05:00:12
0207G0,2,SOL 우주항공밸류체인,6655,5,-55,-0.82,6672.0,,265540,1774,393,2026-08-26 05:00:12
147970,2,TIGER 모멘텀,81630,2,1365,1.7,81698.0,-17.9672,1009,81,392,2026-08-26 05:00:12
352540,7,KODEX 일본부동산리츠(H),11465,2,25,0.22,11480.0,1.4452,3531,40,390,2026-08-26 05:00:12
322410,2,HANARO K고배당,22925,2,195,0.86,22945.0,-5.1571,2308,52,390,2026-08-26 05:00:12
400970,2,TIGER Fn메타버스,7595,2,95,1.27,7583.0,-18.4783,13467,101,384,2026-08-26 05:00:12
275280,2,KODEX 모멘텀주,42425,2,605,1.45,42332.0,-13.6141,1525,64,382,2026-08-26 05:00:12
491830,4,TIGER 미국AI반도체팹리스,21190,2,200,0.95,21197.0,-14.7855,35108,740,381,2026-08-26 05:00:12
292560,7,TIGER 일본엔선물,8087,2,32,0.4,8060.0,-8.2575,52683,424,380,2026-08-26 05:00:12
195930,4,TIGER 유로스탁스50(합성 H),23740,5,-75,-0.31,23764.0,9.018,1816,43,380,2026-08-26 05:00:12
0209Z0,2,ACE 코리아AI전력TOP10,7110,2,250,3.64,7117.0,,217021,1525,377,2026-08-26 05:00:12
452250,6,ACE 미국30년국채선물레버리지(합성 H),4815,2,85,1.8,4845.0,-3.9594,7221,34,373,2026-08-26 05:00:12
365000,2,TIGER 인터넷TOP10,3685,5,-15,-0.41,3684.0,-22.9167,81797,300,372,2026-08-26 05:00:12
276970,4,KODEX 미국S&P500배당귀족커버드콜(합성 H),7915,5,-70,-0.88,8053.0,11.0205,6954,55,372,2026-08-26 05:00:12
104530,2,KIWOOM 코리아고배당,17635,2,155,0.89,17625.0,-11.4104,2051,36,362,2026-08-26 05:00:12
498860,2,RISE 코리아금융고배당,16765,2,165,0.99,16776.0,-14.8733,5898,98,360,2026-08-26 05:00:12
449690,4,TIGER 한중반도체(합성),47730,2,545,1.16,47781.0,-16.9279,12,0,358,2026-08-26 05:00:12
0100K0,2,KODEX 방산TOP10레버리지,6390,5,-130,-1.99,6430.0,-50.4936,435111,2747,358,2026-08-26 05:00:12
352560,7,KODEX 미국부동산리츠(H),12555,5,-30,-0.24,12610.0,1.9312,7285,91,358,2026-08-26 05:00:12
450910,1,SOL 코스닥150,13920,5,-110,-0.78,13958.0,-27.5871,26414,367,356,2026-08-26 05:00:12
322400,2,HANARO e커머스,10610,2,95,0.9,10602.0,-4.7555,6837,71,355,2026-08-26 05:00:12
381560,2,HANARO Fn전기&수소차,17630,5,-150,-0.84,17640.0,-15.9781,4901,85,353,2026-08-26 05:00:12
153270,1,KIWOOM 코스피100,83815,2,1865,2.28,83771.0,-13.5101,895,74,352,2026-08-26 05:00:12
138910,5,KODEX 구리선물(H),10335,2,215,2.12,10335.0,2.4291,40258,414,351,2026-08-26 05:00:12
415920,5,PLUS 글로벌희토류&전략자원생산기업,7500,5,-25,-0.33,7501.0,-23.9899,25915,193,349,2026-08-26 05:00:12
0154F0,2,WON 초대형IB&금융지주,11990,5,-15,-0.12,12011.0,-13.3839,14624,176,348,2026-08-26 05:00:12
241390,7,RISE V&S셀렉트밸류채권혼합,15695,5,-35,-0.22,15785.0,-6.0808,5316,83,345,2026-08-26 05:00:12
385520,2,KODEX 자율주행액티브,16055,5,-70,-0.43,16051.0,-19.8957,2014,32,345,2026-08-26 05:00:12
407830,4,에셋플러스 글로벌플랫폼액티브,14315,2,135,0.95,14359.0,-14.1647,159,2,344,2026-08-26 05:00:12
465350,3,RISE 2차전지TOP10인버스(합성),17085,2,275,1.64,17227.0,18.5054,20988,363,342,2026-08-26 05:00:12
469050,4,RISE 미국반도체NYSE(H),31005,5,-45,-0.14,30986.0,-2.5608,24710,763,341,2026-08-26 05:00:12
276650,4,RISE 글로벌테크놀로지(합성 H),45305,2,185,0.41,45530.0,-2.2107,167,7,340,2026-08-26 05:00:12
475070,4,KoAct 글로벌친환경전력인프라액티브,29530,2,195,0.66,29669.0,-30.1964,1469,43,340,2026-08-26 05:00:12
295020,6,RISE 국채선물10년인버스,60255,5,-290,-0.48,60347.0,1.3135,26,1,339,2026-08-26 05:00:12
105780,2,RISE 5대그룹주,16900,2,275,1.65,16870.0,-15.2435,1120,18,338,2026-08-26 05:00:12
380340,2,ACE 코리아AI테크핵심산업,28145,5,-120,-0.42,28137.0,-7.6459,53782,1495,338,2026-08-26 05:00:12
0023B0,4,PLUS 미국양자컴퓨팅TOP10,16435,2,165,1.01,16480.0,-24.8499,18608,303,337,2026-08-26 05:00:12
099140,4,KODEX 차이나H,21695,2,230,1.07,21644.0,-8.6752,3288,70,336,2026-08-26 05:00:12
476690,4,TIGER 글로벌비만치료제TOP2Plus,11200,2,140,1.27,11240.0,2.4397,23255,260,336,2026-08-26 05:00:12
227540,2,TIGER 200 헬스케어,20470,2,555,2.79,20505.0,-1.5085,31611,649,336,2026-08-26 05:00:12
449780,4,KIWOOM 미국S&P500(H),18635,5,-15,-0.08,18651.0,2.0261,7288,135,335,2026-08-26 05:00:12
261140,2,TIGER 우선주,24940,2,240,0.97,24928.0,-10.5525,11313,279,334,2026-08-26 05:00:12
122260,6,KIWOOM 통안채1년,104130,2,10,0.01,104116.0,0.6427,136,14,333,2026-08-26 05:00:12
496770,4,PLUS 글로벌방산,17935,5,-200,-1.1,18020.0,0.3874,9003,161,332,2026-08-26 05:00:12
174360,4,RISE 중국본토대형주CSI100,23585,2,355,1.53,23623.0,-13.4824,2195,51,330,2026-08-26 05:00:12
465660,4,TIGER 일본반도체FACTSET,24405,2,35,0.14,24449.0,-7.9996,11709,281,329,2026-08-26 05:00:12
474800,4,KIWOOM 미국원유에너지기업,15655,5,-270,-1.7,15692.0,-1.9081,48660,759,329,2026-08-26 05:00:12
491090,4,KODEX 미국테크TOP3플러스,17635,2,125,0.71,17663.0,-10.7245,6820,119,326,2026-08-26 05:00:12
0083S0,4,1Q 미국메디컬AI,11245,2,350,3.21,11294.0,8.4742,15702,176,326,2026-08-26 05:00:12
256440,4,ACE MSCI인도네시아(합성),5335,5,-45,-0.84,5407.0,-8.1128,14804,79,325,2026-08-26 05:00:12
0138T0,4,RISE 미국S&P500데일리고정커버드콜,9500,3,0,0.0,9545.0,-6.274,15312,145,323,2026-08-26 05:00:12
266360,2,KODEX K콘텐츠,10060,2,130,1.31,10063.0,-12.1239,6847,68,322,2026-08-26 05:00:12
459560,4,KODEX 테슬라밸류체인FactSet,21400,5,-200,-0.93,21388.0,-16.3676,4484,95,321,2026-08-26 05:00:12
426150,6,WON 대한민국국고채액티브,51240,2,195,0.38,51173.0,-1.978,182,9,319,2026-08-26 05:00:12
476070,4,KODEX 글로벌비만치료제TOP2 Plus,11760,2,185,1.6,11769.0,2.8817,41224,483,318,2026-08-26 05:00:12
395170,2,KODEX Top10동일가중,15850,2,380,2.46,15837.0,-20.6772,4183,65,317,2026-08-26 05:00:12
0192T0,2,SOL 코스닥TOP10,7345,2,15,0.2,7349.0,-27.605,345387,2527,316,2026-08-26 05:00:12
245350,4,TIGER 유로스탁스배당30,19675,2,20,0.1,19732.0,-0.0828,879,17,315,2026-08-26 05:00:12
248270,4,TIGER S&P글로벌헬스케어(합성),27555,2,365,1.34,27480.0,4.9199,5949,164,314,2026-08-26 05:00:12
0085N0,6,ACE 미국10년국채액티브(H),9810,2,30,0.31,9818.0,0.0937,10188,99,314,2026-08-26 05:00:12
459750,4,RISE 글로벌주식분산액티브,17925,2,120,0.67,18047.0,-6.7332,13796,247,314,2026-08-26 05:00:12
494410,4,PLUS 미국S&P500성장주,14250,2,50,0.35,14217.0,-7.4838,3269,46,314,2026-08-26 05:00:12
0089B0,7,PLUS 미국나스닥100미국채혼합50,11195,2,10,0.09,11204.0,-8.6884,4431,49,313,2026-08-26 05:00:12
139270,2,TIGER 200 금융,16850,2,250,1.51,16846.0,-3.6763,5735,96,313,2026-08-26 05:00:12
271060,5,KODEX 3대농산물선물(H),8805,2,135,1.56,8852.0,2.3612,50310,441,312,2026-08-26 05:00:12
0155N0,2,HANARO K휴머노이드테마TOP10,7790,3,0,0.0,7755.0,-27.2982,83275,641,312,2026-08-26 05:00:12
395290,2,HANARO Fn K-POP&미디어,4945,2,105,2.17,4949.0,-25.4812,34958,171,312,2026-08-26 05:00:12
156080,1,KODEX MSCI Korea,51810,2,1320,2.61,51731.0,-12.8745,810,41,311,2026-08-26 05:00:12
0204S0,1,TIGER 코스닥액티브,6710,5,-75,-1.11,6709.0,,26965,180,309,2026-08-26 05:00:12
0192M0,2,RISE 삼성전자단일종목레버리지,11320,2,505,4.67,11352.0,,21597,237,308,2026-08-26 05:00:12
468630,6,KODEX iShares미국투자등급회사채액티브,10970,2,65,0.6,10980.0,-9.1556,15915,174,308,2026-08-26 05:00:12
0150K0,2,KoAct 수소전력ESS인프라액티브,10625,2,205,1.97,10623.0,-34.8547,19798,208,308,2026-08-26 05:00:12
275290,2,KODEX 가치주,34200,2,495,1.47,34275.0,-8.0493,1415,48,308,2026-08-26 05:00:12
0155M0,4,ACE 미국SMR원자력TOP10,7380,2,400,5.73,7362.0,-22.4445,58948,432,306,2026-08-26 05:00:12
464920,4,PLUS 일본반도체소부장,24480,2,180,0.74,24537.0,-5.1893,11455,276,306,2026-08-26 05:00:12
261250,7,KODEX 미국달러선물레버리지,16030,2,15,0.09,16046.0,-15.998,40434,646,301,2026-08-26 05:00:12
469790,2,KIWOOM 코리아테크TOP10,43000,2,450,1.06,42938.0,-10.6683,326,13,301,2026-08-26 05:00:12
192720,2,파워 고배당저변동성,58875,2,295,0.5,58958.0,-3.6434,1496,87,300,2026-08-26 05:00:12
446690,4,KODEX 아시아AI반도체exChina액티브,59530,2,640,1.09,59671.0,-15.693,2243,131,298,2026-08-26 05:00:12
252710,3,TIGER 200선물인버스2X,83,5,-2,-2.35,83.0,-22.7273,84500672,7133,297,2026-08-26 05:00:12
0203S0,7,WON 삼성전자현대차채권혼합50,8860,2,85,0.97,8845.0,,49575,435,297,2026-08-26 05:00:12
387270,4,TIGER 글로벌이노베이션액티브,24425,2,320,1.33,24460.0,-16.635,22070,534,296,2026-08-26 05:00:12
415340,4,KODEX 차이나과창판STAR50(합성),14220,2,305,2.19,14222.0,-16.2252,16312,227,294,2026-08-26 05:00:12
145850,2,TREX 펀더멘탈 200,117300,3,0,0.0,117974.0,-7.4407,0,0,293,2026-08-26 05:00:12
0107F0,4,KIWOOM 미국고배당&AI테크,11460,3,0,0.0,11517.0,-5.0552,2509,28,292,2026-08-26 05:00:12
117680,2,KODEX 철강,12650,5,-350,-2.69,12669.0,-20.8375,85006,1081,292,2026-08-26 05:00:12
289480,3,TIGER 200커버드콜,12635,2,120,0.96,12665.0,12.0059,27381,344,291,2026-08-26 05:00:12
117460,2,KODEX 에너지화학,13355,5,-245,-1.8,13353.0,-18.3378,32895,431,290,2026-08-26 05:00:12
253250,3,KIWOOM 200선물레버리지,99710,2,3400,3.53,99726.0,-37.8886,13209,1282,289,2026-08-26 05:00:12
450190,4,KODEX 한중반도체(합성),48075,2,325,0.68,48212.0,-15.9923,803,38,288,2026-08-26 05:00:12
0184E0,7,1Q 200채권혼합50액티브,11055,2,190,1.75,11007.0,-5.7271,73620,806,287,2026-08-26 05:00:12
223190,2,KODEX 200가치저변동,28150,2,200,0.72,28181.0,-9.2535,1516,42,282,2026-08-26 05:00:12
494340,4,ACE 글로벌AI맞춤형반도체,18730,2,45,0.24,18701.0,-20.4386,2409,44,281,2026-08-26 05:00:12
475380,7,RISE 글로벌리얼티인컴,10560,2,35,0.33,10606.0,-9.4427,6254,66,280,2026-08-26 05:00:12
0218J0,7,RISE 미국우주&로봇TOP2미국채혼합50,8955,2,10,0.11,8944.0,,37132,331,278,2026-08-26 05:00:12
0166N0,1,PLUS 코스닥150액티브,7500,5,-30,-0.4,7503.0,-34.3219,19669,146,278,2026-08-26 05:00:12
419430,4,KODEX 차이나2차전지MSCI(합성),9845,2,235,2.45,9852.0,-21.7746,332,3,276,2026-08-26 05:00:12
225130,4,ACE 골드선물 레버리지(합성 H),54840,2,135,0.25,54721.0,1.5971,2003,109,274,2026-08-26 05:00:12
493420,4,SOL 미국배당다우존스2호,13050,5,-10,-0.08,13054.0,0.2259,1372,17,274,2026-08-26 05:00:12
440340,7,TIGER 글로벌멀티에셋TIF액티브,12135,2,60,0.5,12139.0,-7.3166,4962,60,273,2026-08-26 05:00:12
456680,4,TIGER 차이나전기차레버리지(합성),6690,2,110,1.67,6763.0,-44.1427,3789,25,273,2026-08-26 05:00:12
0137W0,4,KIWOOM 미국S&P500&GOLD,10480,3,0,0.0,10509.0,-5.7076,4211,43,272,2026-08-26 05:00:12
479850,2,HANARO K-뷰티,20100,2,5,0.02,20127.0,23.8139,58358,1184,271,2026-08-26 05:00:12
0198D0,2,1Q SK하이닉스선물단일종목레버리지,9225,2,450,5.13,9183.0,,33190,295,271,2026-08-26 05:00:12
459790,4,KIWOOM 미국성장기업30액티브,20025,5,-5,-0.02,20083.0,-16.5243,78,1,270,2026-08-26 05:00:12
0013R0,7,RISE 테슬라미국채타겟커버드콜혼합(합성),7945,2,15,0.19,7947.0,-13.6783,5388,42,270,2026-08-26 05:00:12
437350,6,RISE 미국단기투자등급회사채액티브,12270,2,25,0.2,12276.0,-8.0016,18854,231,270,2026-08-26 05:00:12
167860,6,KIWOOM 국고채10년레버리지,93000,2,985,1.07,93046.0,-1.2715,40,3,270,2026-08-26 05:00:12
245360,4,TIGER 차이나HSCEI,12535,2,115,0.93,12501.0,-8.6268,843,10,270,2026-08-26 05:00:12
261060,2,TIGER 코스닥150IT,23155,5,-270,-1.15,23133.0,-26.6824,7419,171,269,2026-08-26 05:00:12
0152E0,2,SOL 배당성향탑픽액티브,10875,2,50,0.46,10893.0,-9.1502,2374,25,266,2026-08-26 05:00:12
0223R0,4,TIGER 미국테크NYSE100액티브,9155,5,-25,-0.27,9171.0,,14777,134,266,2026-08-26 05:00:12
185680,4,KODEX 미국S&P바이오(합성),50005,2,1380,2.84,50088.0,12.7274,2701,134,266,2026-08-26 05:00:12
461600,6,SOL 미국30년국채액티브(H),8405,2,60,0.72,8406.0,-1.4177,4144,34,265,2026-08-26 05:00:12
0164G0,4,RISE 차이나AI반도체TOP4Plus,12580,2,300,2.44,12644.0,-19.4755,4651,57,264,2026-08-26 05:00:12
0103T0,2,1Q K소버린AI,8940,2,5,0.06,8932.0,-4.0795,11354,101,264,2026-08-26 05:00:12
0049K0,7,ACE 미국배당퀄리티채권혼합50,11185,2,50,0.45,11170.0,-3.337,8984,100,263,2026-08-26 05:00:12
0115C0,4,RISE 미국고배당다우존스TOP10,11400,5,-5,-0.04,11421.0,-0.7076,4326,49,262,2026-08-26 05:00:12
489290,4,WON 미국빌리어네어,14870,5,-50,-0.34,14854.0,-10.1476,2355,34,260,2026-08-26 05:00:12
277540,4,ACE 아시아TOP50,32270,2,475,1.49,32171.0,-7.5324,469,15,258,2026-08-26 05:00:12
368190,2,HANARO Fn K-뉴딜디지털플러스,8065,2,100,1.26,8061.0,-12.9509,4352,34,258,2026-08-26 05:00:12
0047R0,4,RISE 팔란티어고정테크100,15145,5,-50,-0.33,15200.0,-1.4539,3603,54,257,2026-08-26 05:00:12
414270,4,ACE 글로벌자율주행액티브,11940,2,50,0.42,11935.0,-18.2256,1452,17,257,2026-08-26 05:00:12
0097L0,7,KIWOOM 한국고배당&미국AI테크,12700,2,155,1.24,12734.0,-6.7168,2375,30,254,2026-08-26 05:00:12
496120,1,ACE 코리아밸류업,33430,2,495,1.5,33453.0,-10.9293,171,5,251,2026-08-26 05:00:12
483570,4,KCGI 미국S&P500 TOP10,15505,5,-20,-0.13,15525.0,-11.5889,885,13,248,2026-08-26 05:00:12
292500,1,SOL KRX300,49125,2,1165,2.43,49012.0,-14.2777,7,0,246,2026-08-26 05:00:12
411540,1,SOL 200 Top10,17495,2,135,0.78,17479.0,-14.3652,3026,52,245,2026-08-26 05:00:12
139250,2,TIGER 200 에너지화학,17180,5,-320,-1.83,17190.0,-14.1334,15388,261,244,2026-08-26 05:00:12
0198B0,2,1Q 삼성전자선물단일종목레버리지,11610,2,630,5.74,11602.0,,31302,353,244,2026-08-26 05:00:12
195970,4,PLUS 선진국MSCI(합성 H),16620,2,90,0.54,16739.0,3.4741,3189,53,243,2026-08-26 05:00:12
204450,4,KODEX 차이나H레버리지(H),2390,2,45,1.92,2384.0,-4.8682,33347,79,241,2026-08-26 05:00:12
292160,1,TIGER KRX300,48270,2,830,1.75,48121.0,-14.0595,4208,199,241,2026-08-26 05:00:12
481340,6,RISE 미국30년국채액티브,8755,2,85,0.98,8763.0,-9.7394,68380,598,241,2026-08-26 05:00:12
0206G0,7,1Q 현대차기아채권혼합50,8425,2,40,0.48,8425.0,,165874,1393,240,2026-08-26 05:00:12
269420,4,KODEX S&P글로벌인프라(합성),22435,2,105,0.47,22440.0,-10.1228,1090,24,238,2026-08-26 05:00:12
280930,4,KODEX 미국러셀2000(H),17000,3,0,0.0,17024.0,4.7765,2331,39,238,2026-08-26 05:00:12
289250,2,TIGER MSCI KOREA ESG유니버설,34460,2,410,1.2,34758.0,-11.2087,19,0,238,2026-08-26 05:00:12
388280,2,RISE K엔터&여행레저,7160,2,230,3.32,7158.0,-17.0557,5443,38,238,2026-08-26 05:00:12
159800,1,마이티 코스피100,84490,5,-30,-0.04,86095.0,-13.206,30,2,237,2026-08-26 05:00:12
442550,7,RISE TDF2030액티브 적격,14765,2,65,0.44,14661.0,-3.9393,3511,51,236,2026-08-26 05:00:12
461450,1,KODEX 코스닥글로벌,15695,5,-15,-0.1,15699.0,-22.0348,4091,64,235,2026-08-26 05:00:12
138230,7,KIWOOM 미국달러선물,16215,5,-20,-0.12,16234.0,-7.8604,592,9,235,2026-08-26 05:00:12
367740,2,HANARO Fn5G산업,42665,2,440,1.04,42543.0,-9.4953,768,32,235,2026-08-26 05:00:12
0093D0,7,KoAct 팔란티어밸류체인액티브,17320,5,-10,-0.06,17331.0,-11.5365,17933,310,234,2026-08-26 05:00:12
300950,2,KODEX 게임산업,5555,2,25,0.45,5562.0,-15.5081,31439,174,233,2026-08-26 05:00:12
364690,1,KODEX 혁신기술테마액티브,38830,2,500,1.3,38861.0,-14.6275,98,3,233,2026-08-26 05:00:12
438320,4,TIGER 차이나항셍테크레버리지(합성 H),5305,2,70,1.34,5384.0,-13.9688,14724,77,233,2026-08-26 05:00:12
0067V0,4,TIGER 차이나글로벌리더스TOP3+,10375,2,165,1.62,10406.0,-14.8813,55238,564,228,2026-08-26 05:00:12
217770,5,TIGER 원유선물인버스(H),1319,2,49,3.86,1323.0,3.5044,545895,717,228,2026-08-26 05:00:12
477730,4,KODEX 인도타타그룹,7605,2,85,1.13,7601.0,-7.2596,519,3,228,2026-08-26 05:00:12
471460,6,KIWOOM 국고채30년액티브,45555,2,265,0.59,45667.0,-6.697,709,32,228,2026-08-26 05:00:12
0065G0,4,KODEX 차이나테크TOP10,8845,2,155,1.78,8888.0,-16.4982,8243,72,226,2026-08-26 05:00:12
469160,4,ACE 일본반도체,24935,5,-120,-0.48,25017.0,-12.9884,2419,59,224,2026-08-26 05:00:12
464600,2,SOL 자동차소부장Fn,23560,5,-150,-0.63,23495.0,-19.6408,3052,71,224,2026-08-26 05:00:12
0047P0,4,RISE 테슬라고정테크100,14400,5,-20,-0.14,14429.0,-10.8753,9983,143,223,2026-08-26 05:00:12
0127R0,4,RISE 미국AI클라우드인프라,16525,2,130,0.79,16551.0,-15.3068,5075,83,223,2026-08-26 05:00:12
0153X0,4,PLUS 미국고배당주액티브,11650,2,25,0.22,11647.0,2.1934,6500,75,221,2026-08-26 05:00:12
0177A0,2,WON 두산그룹포커스,9015,2,405,4.7,9015.0,-30.7043,74444,659,221,2026-08-26 05:00:12
376410,2,TIGER 탄소효율그린뉴딜,24540,2,485,2.02,24485.0,-12.9838,412,9,221,2026-08-26 05:00:12
433220,4,에셋플러스 글로벌대장장이액티브,29710,2,295,1.0,29620.0,-18.967,20159,593,220,2026-08-26 05:00:12
375760,2,HANARO 탄소효율그린뉴딜,24395,2,290,1.2,24396.0,-11.6527,254,6,220,2026-08-26 05:00:12
239660,6,PLUS 우량회사채50,121760,2,80,0.07,121729.0,0.7159,703,85,219,2026-08-26 05:00:12
404260,2,KODEX 기후변화솔루션,24160,2,220,0.92,24181.0,-17.9508,143,3,217,2026-08-26 05:00:12
447660,7,PLUS 애플채권혼합,13585,5,-20,-0.15,13647.0,-0.9878,7189,97,217,2026-08-26 05:00:12
0026E0,4,KODEX 미국S&P500버퍼3월액티브,11730,2,10,0.09,11785.0,-6.0898,46,0,217,2026-08-26 05:00:12
108590,1,TREX 200,108360,2,2040,1.92,108144.0,-13.5798,21,2,217,2026-08-26 05:00:12
465670,4,TIGER 미국캐시카우100,17245,5,-130,-0.75,17095.0,10.2013,21690,373,216,2026-08-26 05:00:12
253290,7,RISE 헬스케어채권혼합,11970,2,140,1.18,11943.0,-3.5333,24633,295,215,2026-08-26 05:00:12
0186L0,4,KoAct 미국로봇피지컬AI액티브,9090,5,-15,-0.16,9096.0,-16.6591,4258,38,214,2026-08-26 05:00:12
300640,2,RISE 게임테마,6500,2,75,1.17,6490.0,-13.4098,1680,10,211,2026-08-26 05:00:12
463300,4,RISE 중국본토CSI300,13155,2,10,0.08,13372.0,-11.3944,747,9,210,2026-08-26 05:00:12
371450,4,TIGER 글로벌클라우드컴퓨팅INDXX,13470,5,-150,-1.1,13550.0,9.7502,7561,102,210,2026-08-26 05:00:12
417630,2,TIGER KEDI혁신기업ESG30,19975,2,115,0.58,19932.0,-7.3478,541,10,210,2026-08-26 05:00:12
364990,2,TIGER 게임TOP10,4795,2,15,0.31,4797.0,-15.2483,67538,324,209,2026-08-26 05:00:12
0192S0,7,SOL 코스피200채권혼합50,9460,2,65,0.69,9472.0,-6.0866,111342,1045,208,2026-08-26 05:00:12
226980,1,KODEX 200 중소형,23055,2,400,1.77,23087.0,-17.7321,3132,71,207,2026-08-26 05:00:12
152380,6,KODEX 국채선물10년,65145,2,210,0.32,65150.0,-0.2995,3008,196,207,2026-08-26 05:00:12
437070,6,KODEX 아시아달러채권ESG플러스액티브,59755,2,205,0.34,59705.0,-8.6015,952,56,207,2026-08-26 05:00:12
416090,4,ACE 중국과창판STAR50,12855,2,355,2.84,12833.0,-18.3007,5247,66,206,2026-08-26 05:00:12
0224X0,7,1Q 엔비디아알파벳미국채혼합50,9790,5,-5,-0.05,9744.0,,60827,596,206,2026-08-26 05:00:12
091220,2,TIGER 은행,16545,5,-25,-0.15,16553.0,5.1126,12172,201,205,2026-08-26 05:00:12
169950,4,KODEX 차이나A50,25625,2,125,0.49,25833.0,-10.808,364,9,205,2026-08-26 05:00:12
0231Z0,7,KODEX 코리아TDF2065액티브 적격,10155,2,80,0.79,10167.0,,57092,576,203,2026-08-26 05:00:12
489000,6,PLUS 일본엔화초단기국채(합성),9230,2,30,0.33,9235.0,-8.6849,13082,120,203,2026-08-26 05:00:12
337120,2,KODEX 멀티팩터,33800,2,145,0.43,34453.0,-14.5156,2,0,203,2026-08-26 05:00:12
0144M0,4,KODEX 미국드론UAM TOP10,7370,5,-130,-1.73,7367.0,-18.6551,59719,440,203,2026-08-26 05:00:12
304770,1,HANARO 코스닥150,14215,5,-90,-0.63,14266.0,-27.6795,12610,178,202,2026-08-26 05:00:12
0190M0,4,KIWOOM 미국AI테크하이베타,8210,2,70,0.86,8188.0,-26.7986,69319,566,201,2026-08-26 05:00:12
407310,1,HANARO 200 TOP10,17130,2,155,0.91,17116.0,-13.9953,217,3,197,2026-08-26 05:00:12
0223A0,2,RISE 코스닥커버드콜액티브,10640,2,25,0.24,10642.0,,224850,2379,197,2026-08-26 05:00:12
289040,2,KODEX MSCI KOREA ESG유니버설,32770,2,140,0.43,33335.0,-11.3634,2,0,197,2026-08-26 05:00:12
497780,4,KoAct 미국천연가스인프라액티브,10580,5,-70,-0.66,10515.0,-11.5343,7607,80,196,2026-08-26 05:00:12
379790,4,RISE 유로스탁스50(H),17630,2,95,0.54,17544.0,6.9942,14531,255,194,2026-08-26 05:00:12
213630,4,PLUS 미국다우존스고배당주(합성 H),20990,5,-180,-0.85,21192.0,6.3551,7981,167,193,2026-08-26 05:00:12
487950,4,KODEX 대만테크고배당다우존스,13290,2,235,1.8,13357.0,-3.6866,2804,37,193,2026-08-26 05:00:12
284980,2,RISE 200금융,22370,2,300,1.36,22399.0,-4.1172,5726,128,192,2026-08-26 05:00:12
0203R0,6,WON 중단기종합채권(A-이상)액티브,50450,3,0,0.0,50476.0,,0,0,192,2026-08-26 05:00:12
228820,1,TIGER KTOP30,19025,2,365,1.96,18979.0,-11.4135,6285,117,190,2026-08-26 05:00:12
0104P0,2,TIGER 코리아배당다우존스위클리커버드콜,11180,2,105,0.95,11179.0,-7.0196,12771,142,190,2026-08-26 05:00:12
0018Z0,4,RISE 미국양자컴퓨팅,18050,2,35,0.19,18158.0,-16.0874,1775,32,190,2026-08-26 05:00:12
0105D0,2,SOL 한국AI소프트웨어,9975,3,0,0.0,9958.0,-4.7278,35666,353,190,2026-08-26 05:00:12
304760,1,HANARO KRX300,47180,2,605,1.3,47184.0,-13.3038,142,6,189,2026-08-26 05:00:12
229720,1,KODEX KTOP30,37615,2,460,1.24,37613.0,-11.7014,1137,42,188,2026-08-26 05:00:12
445910,2,TIGER MKF배당귀족,20810,2,180,0.87,20836.0,-8.7196,760,15,187,2026-08-26 05:00:12
183710,7,RISE 주식혼합,92875,2,1645,1.8,92834.0,-10.518,258,23,186,2026-08-26 05:00:12
276000,4,TIGER 글로벌자원생산기업(합성 H),21760,2,550,2.59,21554.0,3.8179,2653,57,185,2026-08-26 05:00:12
445690,2,BNK 주주가치액티브,30235,2,10,0.03,30462.0,-12.4167,6,0,181,2026-08-26 05:00:12
468370,6,KODEX iShares미국인플레이션국채액티브,10790,2,30,0.28,10810.0,-8.7494,2594,27,180,2026-08-26 05:00:12
385600,2,ACE 2차전지&친환경차액티브,11930,5,-25,-0.21,11927.0,-19.1957,4812,56,179,2026-08-26 05:00:12
415760,4,SOL 차이나육성산업액티브(합성),13115,2,265,2.06,13229.0,-16.6126,4870,62,178,2026-08-26 05:00:12
227830,1,PLUS 코스피,71060,2,1610,2.32,70941.0,-14.5686,45,3,178,2026-08-26 05:00:12
449580,7,RISE 테슬라애플아마존채권혼합,16120,2,5,0.03,16132.0,-5.4548,20244,326,177,2026-08-26 05:00:12
404120,2,TIME K신재생에너지액티브,25220,2,460,1.86,25222.0,-19.5582,792,19,177,2026-08-26 05:00:12
195920,4,TIGER 일본TOPIX(합성 H),35300,2,370,1.06,35486.0,5.4013,222,7,177,2026-08-26 05:00:12
461900,4,PLUS 미국테크TOP10,22015,2,65,0.3,21948.0,-12.0241,1636,35,176,2026-08-26 05:00:12
461910,4,PLUS 미국테크TOP10레버리지(합성),35200,2,190,0.54,35174.0,-25.5265,72,2,176,2026-08-26 05:00:12
474920,4,에셋플러스 차이나일등기업포커스10액티브,18700,2,380,2.07,18674.0,-0.6239,225,4,176,2026-08-26 05:00:12
225060,4,TIGER 이머징마켓MSCI레버리지(합성 H),16580,2,485,3.01,16688.0,-2.0986,551,9,176,2026-08-26 05:00:12
236350,4,TIGER 인도니프티50레버리지(합성),28300,2,465,1.67,28357.0,-15.3437,221,6,175,2026-08-26 05:00:12
0193K0,2,PLUS 삼성전자단일종목레버리지,12265,2,485,4.12,12305.0,,13210,156,175,2026-08-26 05:00:12
483330,4,ACE 마이크로소프트밸류체인액티브,14540,5,-40,-0.27,14596.0,-4.6436,4312,62,174,2026-08-26 05:00:12
292050,1,RISE KRX300,49435,2,1260,2.62,49297.0,-14.4696,2491,121,173,2026-08-26 05:00:12
477490,4,에셋플러스 글로벌일등기업포커스10액티브,19175,2,145,0.76,19156.0,-13.4804,37,0,173,2026-08-26 05:00:12
0086C0,7,TIGER 리츠부동산인프라10채권혼합액티브,9835,5,-35,-0.35,9857.0,-1.8774,1688,16,172,2026-08-26 05:00:12
250730,4,RISE 차이나HSCEI(H),10115,2,145,1.45,10112.0,-0.2502,3050,30,172,2026-08-26 05:00:12
289260,2,TIGER MSCI KOREA ESG리더스,28600,2,410,1.45,28638.0,-8.6668,78,2,172,2026-08-26 05:00:12
460660,4,RISE 미국S&P배당킹,12240,5,-90,-0.73,12249.0,4.1039,4501,54,171,2026-08-26 05:00:12
457690,6,KODEX 33-06 국고채액티브,10515,2,15,0.14,10521.0,0.2865,54937,578,170,2026-08-26 05:00:12
391670,1,HK 베스트일레븐액티브,28325,2,125,0.44,28327.0,-11.2371,2,0,170,2026-08-26 05:00:12
419650,4,PLUS 글로벌수소&차세대연료전지,5180,2,130,2.57,5167.0,-37.345,4797,24,168,2026-08-26 05:00:12
494420,2,PLUS 미국배당증가성장주데일리커버드콜,9350,3,0,0.0,9319.0,-1.4596,4959,46,168,2026-08-26 05:00:12
332620,6,PLUS 미국장기우량회사채,89590,2,785,0.88,89592.0,-10.2,406,36,168,2026-08-26 05:00:12
291130,4,ACE MSCI멕시코(합성),18395,2,60,0.33,18624.0,-9.4792,39,0,166,2026-08-26 05:00:12
266410,2,KODEX 필수소비재,10335,2,35,0.34,10347.0,6.0114,62298,648,165,2026-08-26 05:00:12
131890,2,ACE 삼성그룹동일가중,40845,2,1065,2.68,40857.0,-4.9917,238,9,163,2026-08-26 05:00:12
432840,4,HANARO 미국S&P500,19835,2,80,0.4,19832.0,-6.0603,573,11,159,2026-08-26 05:00:12
453630,4,KODEX 미국S&P500필수소비재,12645,5,-155,-1.21,12663.0,-4.6454,10882,137,158,2026-08-26 05:00:12
265690,4,ACE 러시아MSCI(합성),8535,3,0,0.0,48.0,0.0,0,0,158,2026-08-26 05:00:12
219390,4,RISE 미국S&P원유생산기업(합성 H),7890,5,-140,-1.74,8060.0,4.4892,32112,253,158,2026-08-26 05:00:12
438900,2,HANARO Fn K-푸드,12060,2,160,1.34,12079.0,0.0917,132850,1610,157,2026-08-26 05:00:12
0193L0,2,PLUS 삼성전자선물단일종목인버스2X,9125,5,-430,-4.5,9115.0,,628218,5880,155,2026-08-26 05:00:12
0220A0,7,KIWOOM 현대차그룹TOP3채권혼합50,9650,2,15,0.16,9670.0,,28400,273,154,2026-08-26 05:00:12
453820,4,KODEX 인도Nifty50레버리지(합성),11835,2,260,2.25,11799.0,-14.733,89,1,154,2026-08-26 05:00:12
337150,2,KODEX 200exTOP,25605,2,355,1.41,25582.0,-14.4012,98,2,154,2026-08-26 05:00:12
488290,4,MIDAS 일본테크액티브,43755,2,1030,2.41,43908.0,-14.6695,519,22,153,2026-08-26 05:00:12
413930,2,WON AI ESG액티브,27815,2,510,1.87,27731.0,-14.8183,41,1,153,2026-08-26 05:00:12
0207Z0,4,KIWOOM 미국우주데이터센터인프라,6915,5,-30,-0.43,6905.0,,32766,225,152,2026-08-26 05:00:12
491510,2,파워 K-주주가치액티브,17860,2,175,0.99,17912.0,-7.6222,46,0,152,2026-08-26 05:00:12
0051A0,4,KoAct 브로드컴밸류체인액티브,23315,2,85,0.37,23241.0,-13.4179,4439,102,152,2026-08-26 05:00:12
104520,2,KIWOOM 블루칩,15135,2,185,1.24,15115.0,-9.4498,379,5,151,2026-08-26 05:00:12
114460,6,ACE 국고채3년,100895,2,145,0.14,100837.0,0.7573,85,8,151,2026-08-26 05:00:12
387280,2,TIGER 퓨처모빌리티액티브,11715,5,-55,-0.47,11703.0,-24.0155,1590,18,149,2026-08-26 05:00:12
0216Z0,2,ACE K방산TOP5+,8735,5,-45,-0.51,8749.0,,27773,241,148,2026-08-26 05:00:12
453010,7,PLUS KOFR금리,109795,3,0,0.0,109802.0,0.66,333,36,147,2026-08-26 05:00:12
0104G0,2,PLUS K방산레버리지,6050,5,-95,-1.55,6095.0,-53.9701,64329,383,145,2026-08-26 05:00:12
102960,2,KODEX 기계장비,13655,2,210,1.56,13661.0,-30.2465,39241,529,145,2026-08-26 05:00:12
0153P0,2,ACE 리츠부동산인프라액티브,9560,2,20,0.21,9554.0,-3.1854,12913,123,143,2026-08-26 05:00:12
0013P0,4,RISE 미국은행TOP10,12970,5,-40,-0.31,13036.0,5.6136,6418,83,143,2026-08-26 05:00:12
234310,2,RISE V&S셀렉트밸류,28490,2,320,1.14,28486.0,-13.0422,105,2,142,2026-08-26 05:00:12
0090B0,2,PLUS K방산소부장,6625,5,-25,-0.38,6629.0,-46.8,11016,72,142,2026-08-26 05:00:12
0028X0,4,KODEX 미국금융테크액티브,12355,2,115,0.94,12417.0,7.5454,3224,39,142,2026-08-26 05:00:12
404650,2,SOL KRX기후변화솔루션,23615,5,-160,-0.67,23974.0,-18.5746,88,2,142,2026-08-26 05:00:12
130680,5,TIGER 원유선물Enhanced(H),6680,5,-250,-3.61,6663.0,-10.3493,22662,151,140,2026-08-26 05:00:12
244620,2,KODEX 모멘텀Plus,20035,5,-80,-0.4,20097.0,-19.5722,41,0,140,2026-08-26 05:00:12
373490,2,KODEX 코리아혁신성장액티브,25490,2,295,1.17,25578.0,-26.2766,62,1,140,2026-08-26 05:00:12
0004G0,4,1Q 미국배당TOP30,9345,5,-20,-0.21,9359.0,2.3219,2983,27,140,2026-08-26 05:00:12
417450,4,RISE 글로벌수소경제,16330,2,330,2.06,16312.0,-30.6894,778,12,139,2026-08-26 05:00:12
272570,6,RISE 중장기국공채액티브,108200,2,155,0.14,108253.0,0.699,11,1,138,2026-08-26 05:00:12
0194R0,2,KIWOOM SK하이닉스선물단일종목레버리지,8710,2,315,3.75,8690.0,,16961,147,137,2026-08-26 05:00:12
485810,4,TIME 글로벌바이오액티브,11910,2,165,1.4,11922.0,12.7159,18882,224,137,2026-08-26 05:00:12
496130,1,TRUSTON 코리아밸류업액티브,25330,2,360,1.44,25609.0,-16.0955,508,12,137,2026-08-26 05:00:12
266390,2,KODEX 경기소비재,15000,2,330,2.25,14997.0,-0.2591,2987,44,135,2026-08-26 05:00:12
0222F0,2,마이티 AI데이터센터밸류체인,12830,2,120,0.94,12822.0,,67310,857,135,2026-08-26 05:00:12
396510,4,TIGER 차이나클린에너지SOLACTIVE,7480,2,135,1.84,7516.0,-24.0042,745,5,135,2026-08-26 05:00:12
0088N0,2,WON K-글로벌수급상위,10735,2,15,0.14,10749.0,-24.2671,1653,17,134,2026-08-26 05:00:12
0127T0,4,KIWOOM 미국S&P500&배당다우존스비중전환,11160,5,-25,-0.22,11176.0,-4.478,1320,14,134,2026-08-26 05:00:12
472720,1,TRUSTON 주주가치액티브,25615,2,390,1.55,25635.0,-16.3766,194,4,133,2026-08-26 05:00:12
300610,2,TIGER K게임,5430,2,60,1.12,5436.0,-14.4905,8823,48,133,2026-08-26 05:00:12
0127V0,4,KIWOOM 미국S&P500 TOP10&배당다우비중전환,10640,3,0,0.0,10671.0,-9.2383,1298,13,133,2026-08-26 05:00:12
137610,5,TIGER 농산물선물Enhanced(H),5745,2,70,1.23,5774.0,3.4639,10415,59,132,2026-08-26 05:00:12
252650,1,KODEX 200동일가중,18870,2,230,1.23,18884.0,-10.8229,3903,73,132,2026-08-26 05:00:12
428560,4,KODEX 미국ETF산업Top10 Indxx,16435,5,-100,-0.6,16517.0,-0.0887,730,12,131,2026-08-26 05:00:12
290080,3,RISE 200고배당커버드콜ATM,7410,2,15,0.2,7395.0,13.1834,10154,75,130,2026-08-26 05:00:12
360150,2,KODEX 코스닥150롱코스피200숏선물,3135,5,-80,-2.49,3135.0,-22.4367,93909,295,129,2026-08-26 05:00:12
409810,4,KODEX 미국나스닥100선물인버스(H),5585,2,5,0.09,5577.0,0.45,44206,247,128,2026-08-26 05:00:12
489860,4,KIWOOM 글로벌전력GRID인프라,15015,2,150,1.01,14981.0,-15.016,3331,49,128,2026-08-26 05:00:12
0015F0,7,KIWOOM 팔란티어미국30년국채혼합액티브(H),10630,2,100,0.95,10614.0,5.7306,3808,40,128,2026-08-26 05:00:12
395760,2,PLUS ESG성장주액티브,21225,2,160,0.76,21498.0,-14.1606,63,1,127,2026-08-26 05:00:12
400570,4,KODEX 유럽탄소배출권선물ICE(H),11560,2,10,0.09,11622.0,12.0271,1024,11,127,2026-08-26 05:00:12
435040,4,ACE 글로벌브랜드TOP10,19505,2,10,0.05,19533.0,-6.2206,1184,23,127,2026-08-26 05:00:12
176950,6,KODEX 국채선물10년인버스,60120,5,-260,-0.43,60149.0,1.3002,540,32,126,2026-08-26 05:00:12
435550,7,KIWOOM TDF2050액티브 적격,17960,2,110,0.62,17957.0,-6.8356,1555,27,126,2026-08-26 05:00:12
279540,2,KODEX 최소변동성,20930,2,100,0.48,21122.0,-14.2736,74,1,126,2026-08-26 05:00:12
484890,6,SOL 머니마켓액티브,52510,3,0,0.0,52507.0,0.671,4250,223,125,2026-08-26 05:00:12
363510,6,SOL KIS단기통안채,112095,3,0,0.0,112110.0,0.5651,0,0,124,2026-08-26 05:00:12
0208N0,1,IBK 코스피액티브,7525,2,145,1.96,7522.0,,8518,63,124,2026-08-26 05:00:12
140580,2,RISE 우량업종대표주,24630,2,335,1.38,24595.0,-15.0822,30,0,123,2026-08-26 05:00:12
453660,4,KODEX 미국S&P500경기소비재,17580,5,-125,-0.71,17665.0,-8.3896,392,6,123,2026-08-26 05:00:12
0000H0,2,KODEX 인도Nifty미드캡100,10680,2,155,1.47,10685.0,-5.56,222,2,123,2026-08-26 05:00:12
453060,6,HANARO KOFR금리액티브(합성),111345,2,5,0.0,111356.0,0.6645,6,0,122,2026-08-26 05:00:12
251590,2,PLUS 고배당저변동50,17390,5,-30,-0.17,17386.0,-4.6003,1464,25,122,2026-08-26 05:00:12
332610,6,PLUS 미국단기회사채(AAA~A),126555,2,515,0.41,126483.0,-8.0544,229,28,121,2026-08-26 05:00:12
0221Z0,2,ACE K바이오코스닥액티브,11010,2,255,2.37,11032.0,,161822,1784,121,2026-08-26 05:00:12
404540,2,TIGER KRX기후변화솔루션,24135,2,365,1.54,24152.0,-19.2174,467,11,121,2026-08-26 05:00:12
410870,2,TIME K컬처액티브,10055,2,175,1.77,10062.0,-10.8706,8594,86,121,2026-08-26 05:00:12
457700,6,KODEX 53-09 국고채액티브,9140,2,75,0.83,9141.0,-6.1109,1929,17,121,2026-08-26 05:00:12
487750,2,BNK 온디바이스AI,30130,2,80,0.27,30206.0,-20.8273,1318,39,121,2026-08-26 05:00:12
269530,4,PLUS S&P글로벌인프라,20060,2,80,0.4,20131.0,-9.8915,461,9,120,2026-08-26 05:00:12
269370,4,TIGER S&P글로벌인프라(합성),17080,5,-15,-0.09,17270.0,-10.2885,1163,19,120,2026-08-26 05:00:12
448490,6,HANARO 32-10 국고채액티브,53040,2,210,0.4,53015.0,-0.546,11203,594,119,2026-08-26 05:00:12
166400,3,TIGER 200커버드콜OTM,23580,2,295,1.27,23670.0,3.8279,651,15,118,2026-08-26 05:00:12
354240,7,RISE 미국고정배당우선증권,10640,2,65,0.61,10668.0,-10.6842,2515,26,117,2026-08-26 05:00:12
0008E0,4,ACE 미국중심중소형제조업,12240,5,-145,-1.17,12284.0,-15.2873,176,2,116,2026-08-26 05:00:12
280920,2,PLUS 주도업종,23225,3,0,0.0,23763.0,-17.2015,0,0,116,2026-08-26 05:00:12
0222D0,2,KoAct 고배당액티브,10535,2,100,0.96,10546.0,,16569,174,116,2026-08-26 05:00:12
451600,6,PLUS 국고채30년액티브,84155,2,680,0.81,83959.0,-6.8412,35,2,115,2026-08-26 05:00:12
0113G0,4,KoAct 미국바이오헬스케어액티브,12090,2,180,1.51,12118.0,15.6872,6816,82,115,2026-08-26 05:00:12
498050,2,HANARO 바이오코리아액티브,11350,2,200,1.79,11359.0,-20.2147,3722,42,114,2026-08-26 05:00:12
464610,2,SOL 의료기기소부장Fn,7565,2,155,2.09,7560.0,-21.6288,11682,87,113,2026-08-26 05:00:12
430500,7,KIWOOM 물가채KIS,112930,2,385,0.34,113032.0,-0.2968,533,60,113,2026-08-26 05:00:12
451150,4,에셋플러스 글로벌영에이지액티브,18155,2,15,0.08,18157.0,-3.5876,10005,180,113,2026-08-26 05:00:12
0084E0,7,KIWOOM 미국대형주500월간목표헤지액티브,10205,3,0,0.0,10278.0,-8.3072,9,0,112,2026-08-26 05:00:12
461580,1,TIGER 코스닥글로벌,16035,2,150,0.94,16028.0,-22.0942,24543,391,112,2026-08-26 05:00:12
407820,2,에셋플러스 코리아플랫폼액티브,6195,2,65,1.06,6186.0,-22.3068,11461,70,112,2026-08-26 05:00:12
463640,4,KODEX 미국S&P500유틸리티,13925,5,-15,-0.11,13882.0,-10.5933,906,12,111,2026-08-26 05:00:12
140710,2,KODEX 운송,6535,5,-125,-1.88,6539.0,-2.9241,30504,199,111,2026-08-26 05:00:12
371870,4,ACE 차이나항셍테크,6940,2,90,1.31,6914.0,-13.2363,1142,7,111,2026-08-26 05:00:12
0094L0,4,RISE 차이나테크TOP10위클리타겟커버드콜,7910,2,95,1.22,7759.0,-12.8311,2548,20,111,2026-08-26 05:00:12
0002C0,4,에셋플러스 인도일등기업포커스20액티브,10135,2,80,0.8,10117.0,1.2588,310,3,109,2026-08-26 05:00:12
385710,2,TIME K이노베이션액티브,10945,2,5,0.05,10944.0,-29.8043,23664,257,109,2026-08-26 05:00:12
419420,4,KODEX 미국클린에너지나스닥,9105,2,95,1.05,9106.0,-28.566,1252,11,109,2026-08-26 05:00:12
310080,4,RISE 중국MSCI China(H),9460,2,150,1.61,9496.0,-2.3598,1658,15,109,2026-08-26 05:00:12
0203D0,7,PLUS 200위클리커버드콜채권혼합,9040,2,75,0.84,9054.0,,3249,29,108,2026-08-26 05:00:12
446700,2,RISE 배터리 리사이클링,10350,5,-205,-1.94,10430.0,-25.1153,570,5,108,2026-08-26 05:00:12
0001P0,2,마이티 바이오시밀러&CDMO액티브,9595,2,235,2.51,9567.0,-19.6912,451,4,107,2026-08-26 05:00:12
0093B0,4,RISE 엔비디아고정테크100,12590,2,90,0.72,12588.0,-8.8205,2610,32,107,2026-08-26 05:00:12
0191S0,1,IBK 코스닥150,14345,2,5,0.03,14373.0,-27.8673,3893,55,106,2026-08-26 05:00:12
0068M0,4,KODEX 미국S&P500버퍼6월액티브,11775,5,-5,-0.04,11856.0,-4.3527,117,1,106,2026-08-26 05:00:12
237440,7,TIGER 경기방어채권혼합,10470,2,135,1.31,10446.0,0.0,8144,85,105,2026-08-26 05:00:12
181480,7,ACE 미국부동산리츠(합성 H),86555,5,-580,-0.67,86785.0,2.5261,50,4,104,2026-08-26 05:00:12
456250,4,KODEX 유럽명품TOP10 STOXX,8980,5,-85,-0.94,8974.0,-3.8221,2848,25,103,2026-08-26 05:00:12
487910,4,ACE 인도컨슈머파워액티브,8595,2,90,1.06,8606.0,-3.8984,630,5,103,2026-08-26 05:00:12
354350,4,HANARO 글로벌럭셔리S&P(합성),19812,5,-28,-0.14,19887.0,-4.7528,494,9,103,2026-08-26 05:00:12
140570,2,RISE 수출주,25725,2,150,0.59,25788.0,-15.9271,82,2,103,2026-08-26 05:00:12
174350,2,TIGER 로우볼,21335,2,270,1.28,21379.0,1.4354,1886,40,102,2026-08-26 05:00:12
494180,4,TIME 글로벌소비트렌드액티브,13620,5,-5,-0.04,13615.0,-4.9198,47,0,102,2026-08-26 05:00:12
460270,6,KIWOOM 미국달러SOFR금리액티브(합성),12600,3,0,0.0,12611.0,-7.4551,1739,21,102,2026-08-26 05:00:12
0189Z0,2,DAISHIN 금융&지주고배당,10150,2,50,0.5,10189.0,,395,4,102,2026-08-26 05:00:12
0120J0,2,BNK 카카오그룹포커스,7995,2,45,0.57,7978.0,-10.9244,8946,71,100,2026-08-26 05:00:12
429010,4,TIGER 미국나스닥넥스트100,19975,5,-45,-0.22,19967.0,-1.7183,103,2,100,2026-08-26 05:00:12
0067Y0,4,TIGER 차이나AI소프트웨어,10465,2,30,0.29,10499.0,-23.1308,21876,228,99,2026-08-26 05:00:12
0226G0,2,WON 피지컬AI TOP2플러스액티브,12405,2,125,1.02,12418.0,,24111,293,99,2026-08-26 05:00:12
463690,4,KODEX 미국S&P500커뮤니케이션,18015,5,-30,-0.17,18150.0,-11.1748,195,3,99,2026-08-26 05:00:12
252000,1,TIGER 200동일가중,19790,2,270,1.38,19777.0,-11.1395,916,18,99,2026-08-26 05:00:12
117690,4,TIGER 차이나항셍30,19760,2,190,0.97,19994.0,-9.8157,575,11,99,2026-08-26 05:00:12
281990,2,RISE 중소형고배당,17750,2,80,0.45,17777.0,-7.0689,46,0,98,2026-08-26 05:00:12
0174R0,4,KIWOOM 미국성장다우존스,11295,5,-15,-0.13,11349.0,-6.9845,3177,35,96,2026-08-26 05:00:12
227570,2,TIGER 우량가치,21215,2,195,0.93,21237.0,-9.3575,62,1,95,2026-08-26 05:00:12
0214M0,2,MIDAS 바이오헬스케어액티브,11225,2,130,1.17,11329.0,,1744,19,95,2026-08-26 05:00:12
139240,2,TIGER 200 철강소재,11340,5,-305,-2.62,11364.0,-17.4114,15742,179,95,2026-08-26 05:00:12
497510,4,ACE 글로벌빅파마,13560,2,95,0.71,13603.0,4.5094,177,2,95,2026-08-26 05:00:12
482030,2,KoAct 반도체&2차전지핵심소재액티브,8950,5,-110,-1.21,8967.0,-32.5893,2818,25,94,2026-08-26 05:00:12
301400,1,PLUS 코스닥150,14400,2,35,0.24,14400.0,-28.3363,1133,16,94,2026-08-26 05:00:12
0133E0,4,TIGER 차이나증권,8910,2,400,4.7,9033.0,-6.2776,7304,64,94,2026-08-26 05:00:12
0194N0,2,KIWOOM 삼성전자선물단일종목레버리지,11320,2,635,5.94,11303.0,,20143,221,93,2026-08-26 05:00:12
399580,4,RISE 글로벌클린에너지,9295,2,125,1.36,9291.0,-28.3867,1190,11,93,2026-08-26 05:00:12
230480,7,KIWOOM 미국달러선물인버스2X,4605,5,-10,-0.22,4606.0,18.7902,3080,14,93,2026-08-26 05:00:12
449680,7,TIGER 한중전기차(합성),10860,5,-250,-2.25,11049.0,-25.3361,4,0,92,2026-08-26 05:00:12
341850,7,TIGER 리츠부동산인프라채권,4610,5,-10,-0.22,4616.0,-0.4082,4585,21,92,2026-08-26 05:00:12
375270,7,RISE 글로벌데이터센터리츠(합성),14085,2,210,1.51,14140.0,-18.0207,946,13,92,2026-08-26 05:00:12
0084D0,7,KIWOOM 미국테크100월간목표헤지액티브,11390,2,100,0.89,11351.0,-9.7486,540,6,91,2026-08-26 05:00:12
0227K0,4,RISE 미국우주위성통신,9110,2,105,1.17,9238.0,,99785,908,91,2026-08-26 05:00:12
0224D0,4,KIWOOM 미국CPU반도체TOP4+,9075,2,95,1.06,9086.0,,4064,36,91,2026-08-26 05:00:12
371150,4,RISE 차이나항셍테크,6945,2,160,2.36,6906.0,-13.2624,575,3,90,2026-08-26 05:00:12
395150,2,KODEX 웹툰&드라마,1851,2,13,0.71,1841.0,-13.709,33832,62,89,2026-08-26 05:00:12
215620,2,HK S&P코리아로우볼,16330,3,0,0.0,16412.0,-4.4471,0,0,88,2026-08-26 05:00:12
105010,4,TIGER 라틴35,6290,5,-5,-0.08,6276.0,-11.3505,1023,6,88,2026-08-26 05:00:12
435540,7,KIWOOM TDF2040액티브 적격,17450,2,80,0.46,17428.0,-6.3534,866,15,87,2026-08-26 05:00:12
497520,4,ACE 일라이릴리밸류체인,13395,5,-50,-0.37,13512.0,8.6025,17859,240,87,2026-08-26 05:00:12
381570,2,HANARO Fn친환경에너지,10225,5,-10,-0.1,10234.0,-27.1012,779,7,87,2026-08-26 05:00:12
0216K0,7,KIWOOM 미국우주테크TOP2채권혼합50,8585,2,15,0.18,8583.0,,67861,573,86,2026-08-26 05:00:12
462340,4,에셋플러스 글로벌다이나믹시니어액티브,17135,2,120,0.71,17202.0,4.0672,11,0,86,2026-08-26 05:00:12
0219B0,2,KoAct 광통신&위성네트워크액티브,10675,2,50,0.47,10682.0,,39527,419,85,2026-08-26 05:00:12
466810,2,BNK 2차전지양극재,5685,5,-115,-1.98,5699.0,-28.1734,11166,62,85,2026-08-26 05:00:12
277650,2,TIGER 코스피중형주,21240,2,410,1.97,21236.0,-17.1111,75,1,85,2026-08-26 05:00:12
270800,2,RISE KQ고배당,15425,2,165,1.08,15410.0,-19.9833,195,2,85,2026-08-26 05:00:12
395280,2,HANARO Fn K-게임,3600,2,50,1.41,3593.0,-12.9902,1005,3,85,2026-08-26 05:00:12
429980,7,SOL 한국형글로벌전기차&2차전지액티브,16905,2,100,0.6,17028.0,-20.4309,9045,151,85,2026-08-26 05:00:12
225050,4,TIGER 유로스탁스레버리지(합성 H),16800,2,175,1.05,16821.0,15.0519,157,2,84,2026-08-26 05:00:12
182490,6,TIGER 단기선진하이일드(합성 H),13930,2,105,0.76,13893.0,0.2901,574,7,84,2026-08-26 05:00:12
0172Y0,2,ACE K수출핵심TOP10산업액티브,9805,2,225,2.35,9783.0,-17.0563,1561,15,83,2026-08-26 05:00:12
457930,2,BNK 미래전략기술액티브,27735,2,235,0.85,27858.0,-20.5891,25,0,83,2026-08-26 05:00:12
217780,4,TIGER 차이나CSI300인버스(합성),5365,5,-140,-2.54,5468.0,13.1551,1243,6,83,2026-08-26 05:00:12
0219Z0,4,HANARO 미국S&P500액티브,10390,2,30,0.29,10445.0,,3933,40,83,2026-08-26 05:00:12
395750,2,PLUS ESG가치주액티브,20565,2,395,1.96,20559.0,-14.7146,56,1,82,2026-08-26 05:00:12
253280,2,RISE 헬스케어,13705,2,285,2.12,13686.0,-13.2795,413,5,82,2026-08-26 05:00:12
0184N0,7,PLUS 은채권혼합,9100,2,55,0.61,9084.0,-7.9858,39092,354,82,2026-08-26 05:00:12
487920,4,ACE 인도시장대표BIG5그룹액티브,8105,2,90,1.12,8099.0,-7.2875,582,4,81,2026-08-26 05:00:12
261110,7,TIGER 미국달러선물레버리지,16085,2,40,0.25,16088.0,-16.0388,917,14,80,2026-08-26 05:00:12
0226D0,7,FOCUS 금융반도체지주채권혼합50액티브,9990,2,95,0.96,10022.0,,6244,62,80,2026-08-26 05:00:12
0218K0,2,BNK 스마트카,10655,5,-30,-0.28,10681.0,,116,1,80,2026-08-26 05:00:12
480460,7,WON 한국부동산TOP3플러스,9385,2,40,0.43,9388.0,-3.5912,110,1,80,2026-08-26 05:00:12
227550,2,TIGER 200 산업재,12070,2,60,0.5,12081.0,-21.6314,519,6,80,2026-08-26 05:00:12
0215T0,4,HANARO 미국AI광통신TOP10,8740,2,70,0.81,8767.0,,7317,63,79,2026-08-26 05:00:12
189400,4,PLUS 글로벌MSCI(합성 H),26060,2,85,0.33,26055.0,3.1163,20,0,78,2026-08-26 05:00:12
435530,7,KIWOOM TDF2030액티브 적격,15450,2,35,0.23,15461.0,-6.3761,870,13,77,2026-08-26 05:00:12
225800,7,KIWOOM 미국달러선물레버리지,15120,2,15,0.1,15139.0,-16.3622,194,2,77,2026-08-26 05:00:12
0094X0,4,1Q 샤오미밸류체인액티브,8525,2,190,2.28,8562.0,-17.3228,4709,40,77,2026-08-26 05:00:12
0082F0,4,HANARO 유럽방산,10915,2,40,0.37,10942.0,3.4236,68,0,76,2026-08-26 05:00:12
438740,2,MIDAS 중소형액티브,33945,2,650,1.95,33888.0,-18.2544,18,0,76,2026-08-26 05:00:12
494210,4,SOL 미국500타겟데일리커버드콜액티브,10910,2,25,0.23,10927.0,-6.3483,3714,40,76,2026-08-26 05:00:12
437370,4,RISE 글로벌농업경제,10775,5,-55,-0.51,10730.0,-3.039,3284,35,75,2026-08-26 05:00:12
326230,2,RISE 내수주플러스,11775,2,170,1.46,11764.0,-7.3823,16,0,75,2026-08-26 05:00:12
256450,4,PLUS 심천차이넥스트(합성),15025,2,160,1.08,15228.0,-20.8467,1683,25,75,2026-08-26 05:00:12
285690,2,FOCUS ESG리더스,21390,5,-40,-0.19,21737.0,-12.4234,1,0,75,2026-08-26 05:00:12
402460,2,HANARO Fn K-메타버스MZ,14900,2,180,1.22,14863.0,-2.8862,554,8,75,2026-08-26 05:00:12
139290,2,TIGER 200 경기소비재,26510,2,320,1.22,26424.0,-20.4677,2634,69,74,2026-08-26 05:00:12
304670,6,KODEX 미국30년국채울트라선물인버스(H),12215,5,-135,-1.09,12255.0,1.6042,237,2,73,2026-08-26 05:00:12
0005C0,6,RISE 미국S&P500엔화노출(합성 H),11275,2,75,0.67,11274.0,-6.822,803,9,73,2026-08-26 05:00:12
368680,2,KODEX K-뉴딜디지털플러스,8130,2,125,1.56,8120.0,-12.5942,159,1,73,2026-08-26 05:00:12
450180,7,KODEX 한중전기차(합성),11220,2,40,0.36,11347.0,-26.4958,12,0,73,2026-08-26 05:00:12
139660,7,KIWOOM 미국달러선물인버스,8370,5,-5,-0.06,8367.0,9.295,64,0,73,2026-08-26 05:00:12
488480,4,RISE 일본섹터TOP4Plus,13185,2,250,1.93,13196.0,-9.068,405,5,73,2026-08-26 05:00:12
400590,4,SOL 글로벌탄소배출권선물ICE(합성),14475,2,130,0.91,14531.0,2.5375,365,5,72,2026-08-26 05:00:12
390400,4,KODEX 미국스마트모빌리티S&P,7200,3,0,0.0,7240.0,-15.4291,269,1,72,2026-08-26 05:00:12
244670,2,KODEX 밸류Plus,11705,2,130,1.12,11746.0,-6.7555,308,3,70,2026-08-26 05:00:12
0166T0,4,PLUS 글로벌저작권핵심기업액티브,10025,2,60,0.6,10111.0,-4.7324,8572,85,70,2026-08-26 05:00:12
0176P0,2,FOCUS AI반도체위클리고정커버드콜,12660,2,185,1.48,12653.0,-14.3276,1318,16,70,2026-08-26 05:00:12
0036Z0,4,RISE 미국천연가스밸류체인,12455,5,-145,-1.15,12406.0,-9.4144,3218,39,69,2026-08-26 05:00:12
0138D0,2,RISE 동학개미,12385,2,110,0.9,12346.0,-31.1554,550,6,68,2026-08-26 05:00:12
429740,7,PLUS K리츠,6175,2,75,1.23,6172.0,-5.3641,437,2,68,2026-08-26 05:00:12
0047N0,4,PLUS 차이나AI테크TOP10,10285,2,145,1.43,10287.0,-12.1698,246,2,67,2026-08-26 05:00:12
316300,7,ACE 싱가포르리츠,13325,2,10,0.08,13308.0,-6.0971,258,3,67,2026-08-26 05:00:12
456200,6,PLUS 미국달러SOFR금리액티브(합성),60120,2,215,0.36,60090.0,-7.7747,18,1,66,2026-08-26 05:00:12
315270,2,TIGER 200커뮤니케이션서비스,20415,2,300,1.49,20386.0,-7.0776,831,16,65,2026-08-26 05:00:12
307510,2,TIGER 의료기기,12910,2,170,1.33,12898.0,-22.7469,729,9,65,2026-08-26 05:00:12
0184V0,2,UNICORN K바이오액티브,6140,2,40,0.66,6150.0,-33.6236,15552,95,64,2026-08-26 05:00:12
250780,3,TIGER 코스닥150선물인버스,2410,2,10,0.42,2414.0,20.1802,185431,449,64,2026-08-26 05:00:12
0102X0,4,ACE 유럽방산TOP10,9700,2,130,1.36,9740.0,-2.6318,248,2,63,2026-08-26 05:00:12
0087F0,4,ACE 차이나AI빅테크TOP2+액티브,12575,2,370,3.03,12565.0,-10.1583,938,11,63,2026-08-26 05:00:12
291890,4,KODEX MSCI EM선물(H),12450,2,225,1.84,12443.0,-0.4074,2865,35,62,2026-08-26 05:00:12
138920,5,KODEX 콩선물(H),12210,2,100,0.83,12256.0,0.4979,772,9,61,2026-08-26 05:00:12
289670,6,PLUS 국채선물10년,52310,2,255,0.49,52227.0,-0.2014,237,12,61,2026-08-26 05:00:12
451670,6,RISE 국채30년레버리지(합성),12120,2,190,1.59,12063.0,-15.9268,801,9,61,2026-08-26 05:00:12
0114X0,4,RISE 글로벌게임테크TOP3Plus,8575,2,70,0.82,8638.0,-1.4485,1694,14,60,2026-08-26 05:00:12
469530,3,RISE 미국달러선물인버스,9345,5,-35,-0.37,9368.0,9.836,48,0,60,2026-08-26 05:00:12
400580,4,SOL 유럽탄소배출권선물S&P(H),11920,2,50,0.42,11953.0,12.1928,37,0,60,2026-08-26 05:00:12
0053M0,2,더제이 중소형포커스액티브,13110,2,165,1.27,13115.0,-17.8617,26,0,59,2026-08-26 05:00:12
314700,2,HANARO 농업융복합산업,10695,2,30,0.28,10691.0,-19.6898,587,6,59,2026-08-26 05:00:12
401590,4,HANARO 글로벌탄소배출권선물ICE(합성),11520,2,120,1.05,11593.0,-0.567,489,5,59,2026-08-26 05:00:12
483020,2,KIWOOM 의료AI,9770,2,295,3.11,9782.0,-20.9759,17136,165,59,2026-08-26 05:00:12
433250,1,UNICORN R&D 액티브,23435,2,130,0.56,23684.0,-16.9755,1,0,59,2026-08-26 05:00:12
219900,4,ACE 중국본토CSI300레버리지(합성),4170,2,50,1.21,4274.0,-26.3629,5471,22,58,2026-08-26 05:00:12
0191B0,1,MIDAS 코스닥액티브,28960,5,-35,-0.12,28992.0,-28.6716,289,8,58,2026-08-26 05:00:12
407300,2,HANARO Fn골프테마,10455,3,0,0.0,10618.0,-22.8477,0,0,58,2026-08-26 05:00:12
476310,4,RISE 글로벌비만산업TOP2+,10405,2,85,0.82,10545.0,1.7509,1226,12,57,2026-08-26 05:00:12
413220,4,SOL 차이나태양광CSI(합성),4720,2,95,2.05,4735.0,-30.867,1085,5,57,2026-08-26 05:00:12
488200,2,KIWOOM K-2차전지북미공급망,12555,2,240,1.95,12559.0,-27.5913,2501,31,56,2026-08-26 05:00:12
483030,4,KIWOOM 미국블록버스터바이오테크의약품+,12490,2,260,2.13,12507.0,5.4086,1359,16,56,2026-08-26 05:00:12
470310,2,UNICORN 생성형AI강소기업액티브,18500,5,-50,-0.27,18499.0,1.477,346,6,56,2026-08-26 05:00:12
267450,6,RISE 미국장기국채선물인버스(H),11080,5,-90,-0.81,11038.0,1.0859,1,0,55,2026-08-26 05:00:12
432600,6,RISE 국채선물3년,55395,2,35,0.06,55381.0,1.1049,2,0,55,2026-08-26 05:00:12
0132D0,7,KoAct 글로벌K컬처밸류체인액티브,9990,2,230,2.36,10047.0,1.1398,1857,18,55,2026-08-26 05:00:12
220130,4,SOL 차이나강소기업CSI500(합성 H),6840,2,90,1.33,6876.0,-8.1633,102,0,55,2026-08-26 05:00:12
499150,4,SOL 미국S&P500엔화노출(H),10935,2,115,1.06,10887.0,-6.9158,4509,49,55,2026-08-26 05:00:12
490330,4,KoAct 미국치매&뇌질환치료제액티브,15515,2,215,1.41,15536.0,12.3348,1283,19,54,2026-08-26 05:00:12
474390,6,SOL 국고채30년액티브,40410,2,330,0.82,40324.0,-7.3831,2517,101,54,2026-08-26 05:00:12
321410,7,KODEX 멀티에셋하이인컴(H),10715,2,15,0.14,10734.0,1.0428,159,1,54,2026-08-26 05:00:12
0174J0,7,DAISHIN 오피스리츠플러스,8825,2,70,0.8,8854.0,-4.3505,10023,88,53,2026-08-26 05:00:12
0015E0,7,KIWOOM 엔비디아미국30년국채혼합액티브(H),10580,2,145,1.39,10570.0,-1.9248,3979,42,53,2026-08-26 05:00:12
291630,3,KIWOOM 코스닥150선물레버리지,3600,5,-30,-0.83,3604.0,-55.2405,47439,169,52,2026-08-26 05:00:12
411860,4,KIWOOM 독일DAX,17345,2,45,0.26,17386.0,-3.6839,364,6,52,2026-08-26 05:00:12
295000,6,RISE 국채선물10년,51610,2,220,0.43,51556.0,-0.204,105,5,52,2026-08-26 05:00:12
0154H0,4,KoAct 차이나바이오헬스케어액티브,9235,2,190,2.1,9272.0,2.6091,4480,41,51,2026-08-26 05:00:12
498610,4,RISE 인도디지털성장,8435,2,100,1.2,8445.0,-0.4913,55,0,51,2026-08-26 05:00:12
0073X0,5,FOCUS 알리바바미국채커버드콜혼합,9200,2,15,0.16,9224.0,-10.6495,1117,10,51,2026-08-26 05:00:12
0015K0,4,TIGER 미국소비트렌드액티브,7300,5,-5,-0.07,7278.0,-5.1915,543,3,50,2026-08-26 05:00:12
0128D0,4,PLUS 차이나항셍테크위클리타겟커버드콜,7090,2,100,1.43,7100.0,-12.9656,325,2,50,2026-08-26 05:00:12
227560,2,TIGER 200 생활소비재,13645,2,205,1.53,13623.0,1.0725,13787,187,49,2026-08-26 05:00:12
0078V0,4,PLUS 미국로보택시,9775,2,15,0.15,9733.0,-15.2778,576,5,49,2026-08-26 05:00:12
267440,6,RISE 미국장기국채선물(H),8100,2,100,1.25,8147.0,-2.0808,121,0,49,2026-08-26 05:00:12
244660,2,KODEX 퀄리티Plus,9610,2,190,2.02,9601.0,-6.3971,93,0,48,2026-08-26 05:00:12
0131A0,4,SOL 차이나소비트렌드,8005,2,40,0.5,8120.0,-14.3549,61,0,48,2026-08-26 05:00:12
266550,2,PLUS 중형주저변동50,18875,2,205,1.1,18842.0,-6.6967,28,0,47,2026-08-26 05:00:12
391600,4,ACE 미국친환경그린테마,10475,2,35,0.34,10489.0,-21.4743,4160,43,47,2026-08-26 05:00:12
373790,4,KIWOOM 미국방어배당성장나스닥,16050,5,-80,-0.5,16015.0,-1.9796,99,1,45,2026-08-26 05:00:12
488210,2,KIWOOM K-반도체북미공급망,22335,5,-65,-0.29,22306.0,-18.5144,482,10,45,2026-08-26 05:00:12
205720,4,ACE 일본TOPIX인버스(합성 H),1439,5,-19,-1.3,1450.0,-6.238,5119,7,43,2026-08-26 05:00:12
252420,3,RISE 200선물인버스2X,80,5,-4,-4.76,80.0,-20.7548,1339411,109,42,2026-08-26 05:00:12
226380,2,ACE Fn성장소비주도주,6060,2,100,1.68,6056.0,-5.6216,11971,72,42,2026-08-26 05:00:12
243890,2,TIGER 200에너지화학레버리지,7955,5,-335,-4.04,7958.0,-35.4864,20358,156,42,2026-08-26 05:00:12
238670,7,PLUS 스마트베타Quality채권혼합,13655,2,15,0.11,13542.0,2.4793,6353,86,41,2026-08-26 05:00:12
0050E0,4,PLUS 미국AI에이전트,8050,5,-40,-0.49,8122.0,-5.3802,56,0,40,2026-08-26 05:00:12
334690,5,RISE 팔라듐선물(H),6090,5,-30,-0.49,6092.0,-5.1898,1794,10,40,2026-08-26 05:00:12
291680,4,RISE 차이나H선물인버스(H),7670,5,-130,-1.67,7704.0,-0.4468,15,0,38,2026-08-26 05:00:12
225030,4,TIGER 미국S&P500선물인버스(H),2260,3,0,0.0,2257.0,-1.7392,4199,9,37,2026-08-26 05:00:12
0079X0,4,ACE BYD밸류체인액티브,10310,2,105,1.03,10313.0,-17.8011,591,6,36,2026-08-26 05:00:12
427120,2,RISE AI플랫폼,5275,3,0,0.0,5271.0,-14.9194,5722,30,36,2026-08-26 05:00:12
267490,6,RISE 미국장기국채선물레버리지(합성 H),5030,2,30,0.6,5103.0,-2.5342,278,1,35,2026-08-26 05:00:12
306530,3,HANARO 코스닥150선물레버리지,7175,5,-80,-1.1,7182.0,-55.6134,11077,79,32,2026-08-26 05:00:12
454180,4,KIWOOM 차이나내수소비TOP CSI,7755,2,110,1.44,7777.0,-10.6306,9,0,31,2026-08-26 05:00:12
489010,4,PLUS 글로벌AI인프라,19925,3,0,0.0,20245.0,-11.68,0,0,30,2026-08-26 05:00:12
476000,2,UNICORN 포스트IPO액티브,5160,2,25,0.49,5168.0,-46.1176,88014,452,28,2026-08-26 05:00:12
145670,3,ACE 인버스,1289,5,-23,-1.75,1293.0,-2.381,39845,51,28,2026-08-26 05:00:12
491630,4,RISE 미국반도체인버스(합성 H),5535,5,-100,-1.77,5464.0,-7.5472,15956,88,26,2026-08-26 05:00:12
252410,3,RISE 200선물인버스,1311,5,-31,-2.31,1314.0,-1.251,19820,26,26,2026-08-26 05:00:12
280940,5,KODEX 골드선물인버스(H),3250,2,5,0.15,3242.0,-2.2591,1533,4,26,2026-08-26 05:00:12
291620,3,KIWOOM 코스닥150선물인버스,4265,2,10,0.24,4276.0,20.1977,2697,11,24,2026-08-26 05:00:12
253230,3,KIWOOM 200선물인버스2X,77,5,-2,-2.53,76.0,-23.301,760819,58,23,2026-08-26 05:00:12
275750,3,RISE 코스닥150선물인버스,2430,3,0,0.0,2445.0,20.297,6551,16,23,2026-08-26 05:00:12
280320,4,ACE 미국IT인터넷(합성 H),21440,2,125,0.59,21592.0,4.3574,155,3,21,2026-08-26 05:00:12
334700,5,RISE 팔라듐선물인버스(H),3275,2,10,0.31,3279.0,-0.3054,11,0,21,2026-08-26 05:00:12
253240,3,KIWOOM 200선물인버스,1313,5,-25,-1.87,1316.0,-1.9781,16437,21,16,2026-08-26 05:00:12
306520,3,HANARO 200선물인버스,2405,5,-35,-1.43,2399.0,-2.2045,6787,16,14,2026-08-26 05:00:12
412560,2,TIGER BBIG레버리지,1851,2,39,2.15,1841.0,-29.2188,17132,31,13,2026-08-26 05:00:12
253160,3,PLUS 200선물인버스2X,156,5,-5,-3.11,155.0,-25.1163,335190,53,13,2026-08-26 05:00:12
261920,4,ACE MSCI필리핀(합성),12535,5,-75,-0.59,12634.0,-5.4014,283,3,13,2026-08-26 05:00:12
465620,4,ACE 미국빅테크TOP7 Plus인버스(합성),6570,2,10,0.15,6526.0,7.1895,61,0,7,2026-08-26 05:00:12
