itemcode,etfTabCode,itemname,nowVal,risefall,changeVal,changeRate,nav,threeMonthEarnRate,quant,amonut,marketSum,collected_at
069500,1,KODEX 200,103210,2,3945,3.97,103317.0,-18.341,11249446,1158843,241099,2026-08-12 05:16:51
360750,4,TIGER 미국S&P500,27110,5,-105,-0.39,27091.0,1.1176,16492017,446995,205887,2026-08-12 05:16:51
133690,4,TIGER 미국나스닥100,185105,5,-720,-0.39,184853.0,-2.3828,1523798,282116,115098,2026-08-12 05:16:51
379800,4,KODEX 미국S&P500,24645,5,-95,-0.38,24626.0,1.1093,13634998,336029,101094,2026-08-12 05:16:51
102110,1,TIGER 200,103385,2,3990,4.01,103514.0,-18.2359,7461799,770933,99560,2026-08-12 05:16:51
379810,4,KODEX 미국나스닥100,27670,5,-120,-0.43,27637.0,-2.3166,10204266,282491,92459,2026-08-12 05:16:51
396500,2,TIGER 반도체TOP10,33380,2,1580,4.97,33467.0,-35.6276,9705441,323584,88824,2026-08-12 05:16:51
488770,7,KODEX 머니마켓액티브,105202,2,7,0.01,105208.0,0.8387,394991,41553,80848,2026-08-12 05:16:51
278530,1,KODEX 200TR,37360,2,1460,4.07,37419.0,-18.4925,919574,34310,74589,2026-08-12 05:16:51
459580,6,KODEX CD금리액티브(합성),1074525,2,80,0.01,1074654.0,0.7167,371842,399552,66319,2026-08-12 05:16:51
381180,4,TIGER 미국필라델피아반도체나스닥,44860,2,285,0.64,44592.0,-2.1185,960554,43031,60180,2026-08-12 05:16:51
122630,3,KODEX 레버리지,100085,2,7505,8.11,100454.0,-45.7757,17112050,1704408,58550,2026-08-12 05:16:51
498400,2,KODEX 200타겟위클리커버드콜,19835,2,730,3.82,19834.0,-18.4733,6717192,132806,55955,2026-08-12 05:16:51
0167A0,2,SOL AI반도체TOP2플러스,16445,2,730,4.65,16489.0,-13.1768,18464204,302641,53274,2026-08-12 05:16:51
229200,1,KODEX 코스닥150,14720,5,-60,-0.41,14710.0,-26.3211,22013820,321473,52911,2026-08-12 05:16:51
091160,2,KODEX 반도체,118345,2,4185,3.67,118577.0,-25.4271,1424367,167411,52664,2026-08-12 05:16:51
148020,1,RISE 200,103905,2,3970,3.97,104080.0,-18.4917,704661,72873,44315,2026-08-12 05:16:51
458730,4,TIGER 미국배당다우존스,15335,2,25,0.16,15349.0,4.5996,1632392,25033,42670,2026-08-12 05:16:51
310970,1,TIGER MSCI Korea TR,46000,2,1705,3.85,46111.0,-18.0482,11358,523,41722,2026-08-12 05:16:51
411060,5,ACE KRX금현물,28085,2,150,0.54,28024.0,-8.7539,912178,25542,41229,2026-08-12 05:16:51
233740,3,KODEX 코스닥150레버리지,7700,5,-50,-0.65,7709.0,-54.1692,90208121,681525,41010,2026-08-12 05:16:51
360200,4,ACE 미국S&P500,27410,5,-95,-0.35,27387.0,1.0681,329844,9036,40375,2026-08-12 05:16:51
0162Z0,7,RISE 삼성전자SK하이닉스채권혼합50,12815,2,325,2.6,12841.0,-6.8039,6602727,84600,39393,2026-08-12 05:16:51
381170,4,TIGER 미국테크TOP10 INDXX,31580,5,-390,-1.22,31546.0,-4.9078,165547,5227,38970,2026-08-12 05:16:51
395160,2,KODEX AI반도체TOP2플러스,36905,2,1835,5.23,37034.0,-12.0171,5085615,186907,37532,2026-08-12 05:16:51
423160,6,KODEX KOFR금리액티브(합성),110750,2,5,0.0,110746.0,0.6658,50704,5615,36404,2026-08-12 05:16:51
357870,6,TIGER CD금리투자KIS(합성),57890,2,5,0.01,57890.0,0.7221,149269,8640,35519,2026-08-12 05:16:51
367380,4,ACE 미국나스닥100,31830,5,-115,-0.36,31776.0,-2.3586,193953,6170,35172,2026-08-12 05:16:51
273130,6,KODEX 종합채권(AA-이상)액티브,109475,5,-15,-0.01,109596.0,-2.2629,17732,1941,33850,2026-08-12 05:16:51
395270,2,HANARO Fn K-반도체,52380,2,2620,5.27,52539.0,-11.325,1228880,64134,33314,2026-08-12 05:16:51
102780,2,KODEX 삼성그룹,25505,2,830,3.36,25541.0,-7.3066,526834,13404,32825,2026-08-12 05:16:51
487240,2,KODEX AI전력핵심설비,36715,2,1220,3.44,36728.0,-43.5587,2383581,87213,32126,2026-08-12 05:16:51
0043B0,6,TIGER 머니마켓액티브,103310,2,10,0.01,103315.0,0.8493,102179,10556,30578,2026-08-12 05:16:51
455890,6,RISE 머니마켓액티브,55370,3,0,0.0,55376.0,0.7918,69270,3835,29760,2026-08-12 05:16:51
481050,6,KODEX CD1년금리플러스액티브(합성),1022560,2,90,0.01,1022585.0,0.7498,16410,16780,25847,2026-08-12 05:16:51
139260,2,TIGER 200 IT,128020,2,6820,5.63,128388.0,-15.573,470463,60233,25783,2026-08-12 05:16:51
426030,4,TIME 미국나스닥100액티브,46720,2,385,0.83,46336.0,-11.4308,535195,24959,24715,2026-08-12 05:16:51
449170,6,TIGER KOFR금리액티브(합성),111575,2,10,0.01,111572.0,0.645,42547,4747,24357,2026-08-12 05:16:51
161510,2,PLUS 고배당주,24960,5,-60,-0.24,24941.0,-8.7958,394872,9917,23707,2026-08-12 05:16:51
486290,4,TIGER 미국나스닥100타겟데일리커버드콜,10915,5,-50,-0.46,10893.0,-2.5931,873723,9530,23511,2026-08-12 05:16:51
472150,2,TIGER 배당커버드콜액티브,19650,2,690,3.64,19705.0,-17.4632,3078070,60245,22568,2026-08-12 05:16:51
278540,1,KODEX MSCI Korea TR,36585,2,1365,3.88,36710.0,-18.1407,13678,502,22353,2026-08-12 05:16:51
456600,4,TIME 글로벌AI인공지능액티브,58785,2,625,1.07,58564.0,-6.2692,150899,8851,21774,2026-08-12 05:16:51
0193T0,2,KODEX SK하이닉스단일종목레버리지,8165,2,730,9.82,8209.0,,31015278,250976,21205,2026-08-12 05:16:51
284430,6,KODEX 200미국채혼합50,20685,2,425,2.1,20698.0,-10.8675,493217,10159,20189,2026-08-12 05:16:51
292150,2,TIGER 코리아TOP10,36170,2,1290,3.7,36282.0,-18.0363,381867,13840,19532,2026-08-12 05:16:51
385540,6,RISE 종합채권(A-이상)액티브,102560,2,65,0.06,102548.0,-2.2834,366,37,19126,2026-08-12 05:16:51
214980,6,KODEX 단기채권PLUS,114735,5,-15,-0.01,114765.0,0.5996,30997,3556,18501,2026-08-12 05:16:51
105190,1,ACE 200,103370,2,3945,3.97,103526.0,-18.5913,201113,20716,18245,2026-08-12 05:16:51
294400,1,KIWOOM 200TR,135340,2,5155,3.96,135630.0,-18.3922,94881,12831,17459,2026-08-12 05:16:51
441640,4,KODEX 미국배당커버드콜액티브,13095,2,5,0.04,13062.0,3.5468,828078,10825,16938,2026-08-12 05:16:51
477080,6,RISE CD금리액티브(합성),107285,2,10,0.01,107285.0,0.704,2031,217,16714,2026-08-12 05:16:51
442580,4,PLUS 글로벌HBM반도체,95350,2,2970,3.21,94878.0,-9.6396,419805,39954,16639,2026-08-12 05:16:51
0193W0,2,KODEX 삼성전자단일종목레버리지,11705,2,1305,12.55,11785.0,,10249218,118360,16469,2026-08-12 05:16:51
305720,2,KODEX 2차전지산업,14310,2,130,0.92,14310.0,-35.4281,2209170,31634,16457,2026-08-12 05:16:51
446770,4,ACE 글로벌반도체TOP4 Plus,77700,2,1290,1.69,77461.0,-7.5541,56121,4363,15695,2026-08-12 05:16:51
487230,4,KODEX 미국AI전력핵심인프라,20925,2,355,1.73,20802.0,-21.7873,228172,4769,15641,2026-08-12 05:16:51
466920,2,SOL 조선TOP3플러스,29365,5,-35,-0.12,29368.0,-29.327,1376219,40264,15637,2026-08-12 05:16:51
368590,4,RISE 미국나스닥100,30880,5,-110,-0.35,30826.0,-2.3071,88414,2729,15625,2026-08-12 05:16:51
379780,4,RISE 미국S&P500,23680,5,-110,-0.46,23680.0,1.181,702698,16650,15581,2026-08-12 05:16:51
329200,2,TIGER 리츠부동산인프라,4130,5,-10,-0.24,4125.0,-4.5751,3238324,13450,15454,2026-08-12 05:16:51
453850,6,ACE 미국30년국채액티브(H),7155,2,30,0.42,7152.0,-3.4579,549217,3928,15011,2026-08-12 05:16:51
152100,1,PLUS 200,104700,2,4010,3.98,104869.0,-18.3348,242661,25361,14553,2026-08-12 05:16:51
475630,7,TIGER CD1년금리액티브(합성),1074062,2,102,0.01,1074061.0,0.7571,17042,18304,14525,2026-08-12 05:16:51
0177N0,7,KODEX 삼성전자SK하이닉스채권혼합50,13585,2,390,2.96,13597.0,-7.0504,3411479,46274,14522,2026-08-12 05:16:51
232080,1,TIGER 코스닥150,15000,5,-65,-0.43,15000.0,-26.3686,1980450,29457,13986,2026-08-12 05:16:51
390390,4,KODEX 미국반도체,55415,2,175,0.32,55189.0,-3.2209,544420,30138,13272,2026-08-12 05:16:51
436140,6,SOL 종합채권(AA-이상)액티브,105845,5,-100,-0.09,105887.0,-2.0434,3600,381,12955,2026-08-12 05:16:51
091230,2,TIGER 반도체,125725,2,4715,3.9,125997.0,-24.673,157140,19583,12899,2026-08-12 05:16:51
448330,1,KODEX 삼성전자채권혼합,17210,2,305,1.8,17242.0,-2.0016,538098,9249,12563,2026-08-12 05:16:51
157450,6,TIGER 단기통안채,112375,5,-5,0.0,112385.0,0.6403,4083,458,12555,2026-08-12 05:16:51
0183J0,4,TIGER 미국우주테크,8630,2,295,3.54,8601.0,-27.8355,1891179,16252,12539,2026-08-12 05:16:51
438080,7,ACE 미국S&P500미국채혼합50액티브,14430,5,-40,-0.28,14427.0,-1.026,257990,3722,12439,2026-08-12 05:16:51
0072R0,5,TIGER KRX금현물,13395,2,60,0.45,13392.0,-8.8829,471835,6302,12397,2026-08-12 05:16:51
0195S0,2,TIGER SK하이닉스단일종목레버리지,6930,2,625,9.91,6965.0,,22492194,154679,12138,2026-08-12 05:16:51
497570,4,TIGER 미국필라델피아AI반도체나스닥,22580,2,90,0.4,22507.0,0.4094,464286,10478,11606,2026-08-12 05:16:51
449450,2,PLUS K방산,57380,2,2280,4.14,57429.0,-25.7913,261933,14655,11241,2026-08-12 05:16:51
445290,2,KODEX 로봇액티브,31680,2,680,2.19,31720.0,-24.009,327610,10342,11167,2026-08-12 05:16:51
465580,4,ACE 미국빅테크TOP7 Plus,25045,5,-435,-1.71,25041.0,0.4929,837886,20986,10932,2026-08-12 05:16:51
479080,6,1Q 머니마켓액티브,53660,2,5,0.01,53659.0,0.8363,13422,720,10795,2026-08-12 05:16:51
0139F0,6,TIGER 12월자동연장금융채(AA-이상)액티브,101960,2,30,0.03,101944.0,0.6716,4,0,10785,2026-08-12 05:16:51
469150,2,ACE AI반도체TOP3+,54565,2,1990,3.79,54680.0,-27.3274,345521,18814,10695,2026-08-12 05:16:51
226490,1,KODEX 코스피,67405,2,2560,3.95,67512.0,-19.0393,163355,10993,10650,2026-08-12 05:16:51
446720,4,SOL 미국배당다우존스,14065,2,30,0.21,14071.0,4.6509,271287,3815,10450,2026-08-12 05:16:51
494890,1,KODEX 200액티브,29705,2,1115,3.9,29775.0,-18.6438,127789,3789,10397,2026-08-12 05:16:51
479520,6,RISE KOFR금리액티브(합성),106200,2,20,0.02,106201.0,0.6397,1084,115,10309,2026-08-12 05:16:51
469830,6,SOL 초단기채권액티브,54270,3,0,0.0,54272.0,0.8361,130457,7080,10079,2026-08-12 05:16:51
449180,4,KODEX 미국S&P500(H),17265,5,-50,-0.29,17250.0,4.7163,252892,4364,10031,2026-08-12 05:16:51
0117V0,2,TIGER 코리아AI전력기기TOP3플러스,18925,2,555,3.02,18945.0,-42.7359,1225250,23173,10002,2026-08-12 05:16:51
451540,6,TIGER 종합채권(AA-이상)액티브,52535,5,-100,-0.19,52628.0,-2.2835,148133,7789,9984,2026-08-12 05:16:51
356540,6,ACE 종합채권(AA-이상)액티브,100820,2,65,0.06,100834.0,-2.1797,1820,183,9941,2026-08-12 05:16:51
494300,4,KODEX 미국나스닥100데일리커버드콜OTM,9405,5,-30,-0.32,9386.0,-5.1545,986586,9269,9894,2026-08-12 05:16:51
455850,2,SOL AI반도체소부장,23045,2,380,1.68,23078.0,-32.2422,1540783,35280,9748,2026-08-12 05:16:51
402970,4,ACE 미국배당다우존스,15625,2,40,0.26,15624.0,4.665,172337,2690,9656,2026-08-12 05:16:51
0117L0,6,KODEX 26-12 금융채(AA-이상)액티브,10145,2,5,0.05,10140.0,0.5952,31158,315,9518,2026-08-12 05:16:51
295040,1,SOL 200TR,38660,2,1465,3.94,38744.0,-18.4052,137190,5262,9510,2026-08-12 05:16:51
315930,2,KODEX Top5PlusTR,77465,2,1875,2.48,77688.0,-15.5891,35790,2783,9451,2026-08-12 05:16:51
438100,7,ACE 미국나스닥100미국채혼합50액티브,15605,5,-35,-0.22,15575.0,-2.6456,210581,3282,9394,2026-08-12 05:16:51
0195R0,2,TIGER 삼성전자단일종목레버리지,10645,2,1180,12.47,10735.0,,5661947,60132,9352,2026-08-12 05:16:51
237350,1,KODEX 코스피100,82150,2,2865,3.61,82306.0,-17.9493,235450,19318,9324,2026-08-12 05:16:51
494310,2,KODEX 반도체레버리지,68280,2,4580,7.19,68660.0,-57.9982,4580007,308530,9320,2026-08-12 05:16:51
495050,1,RISE 코리아밸류업,31290,2,850,2.79,31335.0,-16.7073,81430,2549,9277,2026-08-12 05:16:51
305540,2,TIGER 2차전지테마,18055,2,165,0.92,18058.0,-34.8033,380854,6869,8865,2026-08-12 05:16:51
153130,6,KODEX 단기채권,113350,5,-40,-0.04,113386.0,0.6067,57316,6497,8182,2026-08-12 05:16:51
371460,4,TIGER 차이나전기차SOLACTIVE,10975,5,-30,-0.27,10994.0,-24.9318,50180,550,7990,2026-08-12 05:16:51
475720,3,RISE 200위클리커버드콜,12280,2,210,1.74,12276.0,-15.5065,590447,7227,7945,2026-08-12 05:16:51
498410,2,KODEX 금융고배당TOP10타겟위클리커버드콜,11710,5,-210,-1.76,11695.0,-1.8173,1448722,17103,7928,2026-08-12 05:16:51
144600,5,KODEX 은선물(H),10640,2,115,1.09,10651.0,-20.5961,284387,3018,7874,2026-08-12 05:16:51
476550,6,TIGER 미국30년국채커버드콜액티브(H),6830,2,35,0.52,6827.0,-3.6878,1086309,7412,7807,2026-08-12 05:16:51
0025N0,7,TIGER TDF2045 적격,12280,5,-30,-0.24,12274.0,0.4487,216809,2660,7804,2026-08-12 05:16:51
490590,4,RISE 미국AI밸류체인데일리고정커버드콜,14635,5,-25,-0.17,14573.0,-2.5831,490917,7167,7786,2026-08-12 05:16:51
466940,2,TIGER 은행고배당플러스TOP10,25940,5,-190,-0.73,25938.0,1.3436,396685,10386,7756,2026-08-12 05:16:51
481060,6,KODEX 미국30년국채타겟커버드콜(합성 H),7475,2,30,0.4,7490.0,-3.4075,424215,3167,7740,2026-08-12 05:16:51
0048J0,6,KODEX 미국머니마켓액티브,14140,5,-15,-0.11,14139.0,-2.9343,233975,3308,7716,2026-08-12 05:16:51
441800,1,TIME Korea플러스배당액티브,27650,2,370,1.36,27715.0,-22.7821,148719,4129,7631,2026-08-12 05:16:51
457480,4,ACE 테슬라밸류체인액티브,18465,2,60,0.33,18450.0,-26.9208,211165,3900,7580,2026-08-12 05:16:51
0177R0,2,TIGER 반도체TOP10커버드콜액티브,10610,2,505,5.0,10644.0,-23.5469,2652406,28057,7565,2026-08-12 05:16:51
102970,2,KODEX 증권,19345,2,265,1.39,19359.0,-38.424,702912,13644,7496,2026-08-12 05:16:51
0061Z0,6,RISE 단기특수은행채액티브,50925,2,10,0.02,50918.0,0.722,2996,152,7342,2026-08-12 05:16:51
114800,3,KODEX 인버스,1082,5,-44,-3.91,1080.0,2.831,744747798,808259,7322,2026-08-12 05:16:51
069660,1,KIWOOM 200,103085,2,3940,3.97,103251.0,-18.418,47659,4920,7216,2026-08-12 05:16:51
487340,6,ACE 머니마켓액티브,105660,2,10,0.01,105655.0,0.8688,6181,653,7216,2026-08-12 05:16:51
272580,6,TIGER 단기채권액티브,57000,2,10,0.02,57003.0,0.6268,13939,794,7215,2026-08-12 05:16:51
385560,6,RISE KIS국고채30년Enhanced,50570,5,-130,-0.26,50504.0,-16.1984,26684,1346,7183,2026-08-12 05:16:51
458760,4,TIGER 미국배당다우존스타겟커버드콜2호,11265,2,55,0.49,11272.0,3.8286,132093,1486,7114,2026-08-12 05:16:51
462330,2,KODEX 2차전지산업레버리지,1008,2,20,2.02,1007.0,-64.138,47510280,48130,6961,2026-08-12 05:16:51
456610,6,TIGER 미국달러SOFR금리액티브(합성),61300,5,-35,-0.06,61295.0,-2.928,10460,641,6958,2026-08-12 05:16:51
434730,2,HANARO 원자력iSelect,58800,2,1360,2.37,58857.0,-37.2241,158593,9289,6938,2026-08-12 05:16:51
0127P0,4,ACE 미국대형성장주액티브,10895,2,15,0.14,10825.0,-1.9742,179493,1952,6929,2026-08-12 05:16:51
138540,2,TIGER 현대차그룹플러스,52475,2,280,0.54,52528.0,-26.1897,97744,5137,6790,2026-08-12 05:16:51
252670,3,KODEX 200선물인버스2X,87,5,-7,-7.45,87.0,-14.5455,6105317233,534169,6729,2026-08-12 05:16:51
364980,2,TIGER 2차전지TOP10,9865,2,170,1.75,9871.0,-32.8136,1649232,16282,6624,2026-08-12 05:16:51
314250,4,KODEX 미국빅테크10(H),62335,5,-655,-1.04,62308.0,8.0403,46288,2886,6608,2026-08-12 05:16:51
495850,1,KODEX 코리아밸류업,31050,2,860,2.85,31104.0,-16.6445,65430,2028,6567,2026-08-12 05:16:51
0148J0,2,TIGER 코리아휴머노이드로봇산업,9745,2,85,0.88,9750.0,-32.0676,4092483,39522,6539,2026-08-12 05:16:51
491010,4,TIGER 글로벌AI전력인프라액티브,26035,2,535,2.1,25880.0,-19.9624,81441,2113,6535,2026-08-12 05:16:51
482730,4,TIGER 미국S&P500타겟데일리커버드콜,12255,5,-40,-0.33,12238.0,1.5445,247774,3034,6520,2026-08-12 05:16:51
455030,6,KODEX 미국달러SOFR금리액티브(합성),12165,2,5,0.04,12150.0,-3.0465,54775,665,6497,2026-08-12 05:16:51
0167B0,2,SOL 200타겟위클리커버드콜,11330,2,360,3.28,11378.0,-18.3782,1087185,12327,6492,2026-08-12 05:16:51
367760,2,RISE 네트워크인프라,55365,2,2230,4.2,55507.0,-8.9063,205439,11296,6478,2026-08-12 05:16:51
418660,4,TIGER 미국나스닥100레버리지(합성),42355,5,-335,-0.78,42174.0,-7.3065,128935,5455,6459,2026-08-12 05:16:51
423920,4,TIGER 미국필라델피아반도체레버리지(합성),93380,2,1420,1.54,92153.0,-15.2229,47041,4384,6406,2026-08-12 05:16:51
434060,7,KODEX TDF2050액티브 적격,17210,5,-15,-0.09,17140.0,-5.0452,107101,1845,6350,2026-08-12 05:16:51
329750,6,TIGER 미국달러단기채권액티브,13360,5,-15,-0.11,13361.0,-3.0798,249975,3339,6317,2026-08-12 05:16:51
290130,2,RISE ESG사회책임투자,44365,2,1460,3.4,44568.0,-18.2607,82662,3704,6300,2026-08-12 05:16:51
0015B0,4,KoAct 미국나스닥성장기업액티브,19260,2,85,0.44,19114.0,-14.5119,235049,4520,6288,2026-08-12 05:16:51
0101N0,2,RISE AI전력인프라,19505,2,530,2.79,19512.0,-40.8326,322049,6281,6125,2026-08-12 05:16:51
371160,4,TIGER 차이나항셍테크,7370,5,-125,-1.67,7368.0,-8.7444,388290,2871,6032,2026-08-12 05:16:51
494670,2,TIGER 조선TOP10,23135,5,-70,-0.3,23124.0,-28.83,461518,10606,5980,2026-08-12 05:16:51
396520,4,TIGER 차이나반도체FACTSET,14635,2,245,1.7,14606.0,-0.0695,378558,5499,5965,2026-08-12 05:16:51
484790,6,KODEX 미국30년국채액티브(H),8245,2,40,0.49,8237.0,-3.5282,215161,1772,5954,2026-08-12 05:16:51
251600,7,PLUS 고배당주채권혼합,15400,5,-15,-0.1,15376.0,-3.3644,171031,2639,5944,2026-08-12 05:16:51
466950,4,TIGER 글로벌AI액티브,31280,2,280,0.9,31137.0,-15.4623,85974,2686,5912,2026-08-12 05:16:51
489250,4,KODEX 미국배당다우존스,13240,2,40,0.3,13238.0,4.6043,160414,2122,5905,2026-08-12 05:16:51
449190,4,KODEX 미국나스닥100(H),22255,5,-75,-0.34,22229.0,1.0718,142027,3160,5686,2026-08-12 05:16:51
0019K0,7,TIME 미국나스닥100채권혼합50액티브,13425,2,50,0.37,13369.0,-3.8116,292309,3920,5578,2026-08-12 05:16:51
463250,2,TIGER K방산&우주,37120,2,1480,4.15,37176.0,-24.6512,344445,12441,5568,2026-08-12 05:16:51
0091P0,2,TIGER 코리아원자력,16315,2,235,1.46,16342.0,-37.0893,967194,15680,5555,2026-08-12 05:16:51
0007F0,6,KODEX 27-12 회사채(AA-이상)액티브,10180,2,10,0.1,10173.0,0.5934,17211,175,5535,2026-08-12 05:16:51
491620,4,RISE 미국테크100데일리고정커버드콜,10975,5,-95,-0.86,10959.0,0.0657,395581,4340,5498,2026-08-12 05:16:51
0105E0,2,SOL 코리아고배당,13040,5,-85,-0.65,13038.0,-7.2111,264456,3470,5405,2026-08-12 05:16:51
438330,6,TIGER 우량회사채액티브,115495,2,15,0.01,115560.0,0.4435,7941,917,5359,2026-08-12 05:16:51
365780,6,ACE 국고채10년,82485,2,20,0.02,82514.0,-1.505,4239,349,5314,2026-08-12 05:16:51
0190C0,2,RISE 현대차고정피지컬AI,8755,2,140,1.63,8765.0,,779410,6816,5240,2026-08-12 05:16:51
462010,2,TIGER 2차전지소재Fn,4775,2,25,0.53,4776.0,-41.8249,1996803,9508,5169,2026-08-12 05:16:51
251350,4,KODEX MSCI선진국,40485,2,75,0.19,40334.0,1.6238,39142,1584,5162,2026-08-12 05:16:51
444200,2,SOL 코리아메가테크액티브,45030,2,1445,3.32,45183.0,-25.1953,36354,1643,5156,2026-08-12 05:16:51
114260,6,KODEX 국고채3년,61805,2,45,0.07,61821.0,0.4472,5296,327,5091,2026-08-12 05:16:51
496080,1,TIGER 코리아밸류업,31105,2,785,2.59,31186.0,-16.4266,153640,4783,5055,2026-08-12 05:16:51
0219E0,2,KODEX 200커버드콜액티브,8095,2,280,3.58,8111.0,,2625446,21158,5011,2026-08-12 05:16:51
473290,6,KODEX 26-12 회사채(AA-이상)액티브,10865,3,0,0.0,10865.0,0.6206,56384,612,4960,2026-08-12 05:16:51
476800,7,KODEX 한국부동산리츠인프라,4330,5,-10,-0.23,4334.0,-6.5668,362472,1575,4951,2026-08-12 05:16:51
315960,2,RISE 대형고배당10TR,74300,2,2480,3.45,74504.0,-18.7833,55944,4157,4904,2026-08-12 05:16:51
435420,7,TIGER 미국나스닥100채권혼합50,14230,5,-45,-0.32,14218.0,-0.9266,158954,2261,4902,2026-08-12 05:16:51
490490,7,SOL 미국배당미국채혼합50,11385,2,20,0.18,11360.0,-0.0208,115482,1314,4804,2026-08-12 05:16:51
488080,3,TIGER 반도체TOP10레버리지,30020,2,2950,10.9,30207.0,-69.3519,6781178,203258,4803,2026-08-12 05:16:51
483280,4,KODEX 미국AI테크TOP10타겟커버드콜,12165,5,-120,-0.98,12151.0,-4.1661,118512,1440,4793,2026-08-12 05:16:51
499660,7,TIGER CD금리플러스액티브(합성),1001175,2,70,0.01,1001177.0,0.7614,7985,7994,4792,2026-08-12 05:16:51
0163Y0,1,KoAct 코스닥액티브,9095,5,-60,-0.66,9099.0,-31.0098,770687,6963,4702,2026-08-12 05:16:51
361580,1,RISE 200TR,58600,2,2200,3.9,58728.0,-18.5325,131607,7679,4688,2026-08-12 05:16:51
471230,6,KODEX 국고채10년액티브,103955,2,90,0.09,103939.0,-1.6291,5597,581,4626,2026-08-12 05:16:51
0162M0,6,KODEX 금융채1~2년(AA-이상)PLUS액티브,10065,2,25,0.25,10057.0,0.4,22,0,4611,2026-08-12 05:16:51
448290,4,TIGER 미국S&P500(H),17910,5,-50,-0.28,17895.0,4.6612,84395,1510,4585,2026-08-12 05:16:51
277630,1,TIGER 코스피,68335,2,1985,2.99,68534.0,-18.3615,218179,14933,4476,2026-08-12 05:16:51
480260,6,TIGER 27-04회사채(A+이상)액티브,53720,2,5,0.01,53730.0,0.4863,1178,63,4400,2026-08-12 05:16:51
293180,1,HANARO 200,103380,2,3920,3.94,103586.0,-18.3791,72376,7487,4394,2026-08-12 05:16:51
447770,7,TIGER 테슬라채권혼합Fn,13600,2,40,0.29,13603.0,-7.618,66493,903,4352,2026-08-12 05:16:51
474220,4,TIGER 미국테크TOP10타겟커버드콜,15410,5,-175,-1.12,15371.0,-2.5499,50212,773,4338,2026-08-12 05:16:51
0023A0,4,SOL 미국양자컴퓨팅TOP10,26175,2,55,0.21,26039.0,-16.1073,108610,2838,4332,2026-08-12 05:16:51
243880,2,TIGER 200IT레버리지,295945,2,28935,10.84,297781.0,-47.439,233640,68679,4291,2026-08-12 05:16:51
477050,6,PLUS 머니마켓액티브,53425,2,5,0.01,53424.0,0.84,18516,989,4247,2026-08-12 05:16:51
091180,2,KODEX 자동차,29630,2,435,1.49,29650.0,-21.1684,163510,4830,4207,2026-08-12 05:16:51
0016X0,6,SOL 중단기회사채(A-이상)액티브,51405,3,0,0.0,51408.0,0.7644,2042,104,4198,2026-08-12 05:16:51
451060,1,1Q 200액티브,32930,2,1245,3.93,33038.0,-19.2098,45126,1477,4149,2026-08-12 05:16:51
0173Y0,4,KODEX 미국AI광통신네트워크,11940,2,310,2.67,11649.0,-14.66,1164529,13856,4143,2026-08-12 05:16:51
0131V0,4,1Q 미국우주항공테크,12500,2,140,1.13,12504.0,-8.0015,58651,731,4088,2026-08-12 05:16:51
148070,6,KIWOOM 국고채10년,104615,2,40,0.04,104588.0,-1.5024,2922,305,4077,2026-08-12 05:16:51
462900,2,KoAct 바이오헬스케어액티브,15285,5,-495,-3.14,15299.0,-20.9023,891050,13622,4058,2026-08-12 05:16:51
439870,6,KODEX 국고채30년액티브,85470,5,-190,-0.22,85723.0,-13.2733,8886,759,4019,2026-08-12 05:16:51
451000,6,PLUS 종합채권(AA-이상)액티브,106855,2,35,0.03,106885.0,-2.3762,14,1,3997,2026-08-12 05:16:51
426020,4,TIME 미국S&P500액티브,32855,5,-45,-0.14,32698.0,-2.5763,48341,1582,3995,2026-08-12 05:16:51
469070,2,RISE AI&로봇,11965,2,95,0.8,11976.0,-28.9647,260345,3102,3984,2026-08-12 05:16:51
0060H0,1,TIGER 토탈월드스탁액티브,13100,5,-45,-0.34,13075.0,0.6995,41841,548,3982,2026-08-12 05:16:51
0167Z0,4,KODEX 미국우주항공,8745,2,270,3.19,8710.0,-25.1788,416077,3623,3975,2026-08-12 05:16:51
241180,4,TIGER 일본니케이225,36015,2,70,0.19,36081.0,1.8271,15745,565,3962,2026-08-12 05:16:51
458250,6,TIGER 미국30년국채스트립액티브(합성 H),34385,2,270,0.79,34434.0,-6.9168,57508,1974,3858,2026-08-12 05:16:51
0080G0,2,KODEX 방산TOP10,11265,2,480,4.45,11273.0,-24.005,1931407,21145,3808,2026-08-12 05:16:51
0043Y0,4,TIME 차이나AI테크액티브,21410,2,380,1.81,21411.0,-1.2677,55087,1171,3800,2026-08-12 05:16:51
385720,1,TIME 코스피액티브,24255,2,790,3.37,24338.0,-21.3508,54803,1323,3735,2026-08-12 05:16:51
484880,2,SOL 금융지주플러스고배당,22115,5,-135,-0.61,22137.0,0.6019,336286,7513,3693,2026-08-12 05:16:51
471990,2,KODEX AI반도체핵심장비,22310,2,260,1.18,22345.0,-33.9122,609403,13571,3637,2026-08-12 05:16:51
453810,4,KODEX 인도Nifty50,12155,5,-40,-0.33,12183.0,-1.8815,145601,1774,3598,2026-08-12 05:16:51
0040Y0,7,SOL 팔란티어커버드콜OTM채권혼합,8140,3,0,0.0,8183.0,0.8967,190694,1552,3569,2026-08-12 05:16:51
0144L0,4,KODEX 미국성장커버드콜액티브,9910,5,-45,-0.45,9893.0,-2.6549,155109,1536,3558,2026-08-12 05:16:51
448300,4,TIGER 미국나스닥100(H),22990,5,-75,-0.33,22962.0,1.2367,55706,1280,3540,2026-08-12 05:16:51
439860,6,KODEX ESG종합채권(A-이상)액티브,113460,3,0,0.0,113514.0,0.0617,0,0,3521,2026-08-12 05:16:51
476760,6,ACE 미국30년국채액티브,9150,2,45,0.49,9125.0,-7.1549,386309,3530,3514,2026-08-12 05:16:51
0026S0,4,1Q 미국S&P500,13265,5,-40,-0.3,13252.0,0.9034,51570,683,3502,2026-08-12 05:16:51
132030,5,KODEX 골드선물(H),24735,2,185,0.75,24744.0,-7.236,46659,1152,3488,2026-08-12 05:16:51
496020,6,WON 전단채플러스액티브,52370,2,10,0.02,52362.0,0.896,498,26,3467,2026-08-12 05:16:51
0052D0,2,TIGER 코리아배당다우존스,15640,5,-60,-0.38,15654.0,-4.8955,121799,1919,3464,2026-08-12 05:16:51
385550,6,RISE 단기채권알파액티브,113930,5,-5,0.0,113942.0,0.6492,840,95,3449,2026-08-12 05:16:51
456880,7,ACE 미국달러SOFR금리(합성),12405,5,-5,-0.04,12410.0,-3.0469,27293,338,3421,2026-08-12 05:16:51
0046A0,6,TIGER 미국초단기(3개월이하)국채,9790,5,-5,-0.05,9783.0,-3.1288,440218,4307,3419,2026-08-12 05:16:51
472170,7,TIGER 미국테크TOP10채권혼합,14075,5,-100,-0.71,14067.0,-2.4433,49797,701,3392,2026-08-12 05:16:51
474590,2,WON 반도체밸류체인액티브,41910,2,1205,2.96,42014.0,-11.2117,44792,1885,3374,2026-08-12 05:16:51
279530,2,KODEX 고배당주,17355,5,-105,-0.6,17353.0,-5.8278,143902,2512,3367,2026-08-12 05:16:51
310960,1,TIGER 200TR,60100,2,2100,3.62,60251.0,-18.3961,70404,4234,3366,2026-08-12 05:16:51
270810,1,RISE 코스닥150,14640,5,-55,-0.37,14636.0,-26.2485,257791,3748,3347,2026-08-12 05:16:51
442570,7,RISE TDF2050액티브 적격,17765,2,5,0.03,17600.0,-2.0765,117166,2077,3251,2026-08-12 05:16:51
0052S0,7,1Q 미국S&P500미국채혼합50액티브,11885,5,-25,-0.21,11880.0,-1.0325,83726,994,3233,2026-08-12 05:16:51
448630,7,RISE 삼성그룹Top3채권혼합,15105,2,190,1.27,15134.0,-3.2122,72103,1086,3217,2026-08-12 05:16:51
385510,2,KODEX 신재생에너지액티브,38230,2,315,0.83,38228.0,-35.1881,66469,2532,3211,2026-08-12 05:16:51
0182R0,2,1Q K반도체TOP2+,9765,2,490,5.28,9788.0,-34.591,2745174,26676,3169,2026-08-12 05:16:51
364970,2,TIGER 바이오TOP10,7920,5,-220,-2.7,7912.0,7.7432,1228626,9778,3105,2026-08-12 05:16:51
485540,4,KODEX 미국AI테크TOP10,15580,5,-150,-0.95,15557.0,-4.9703,55916,870,3100,2026-08-12 05:16:51
0111P0,7,1Q 미국나스닥100미국채혼합50액티브,11065,5,-25,-0.23,11056.0,-2.71,110085,1218,3076,2026-08-12 05:16:51
483320,4,ACE 엔비디아밸류체인액티브,24815,2,520,2.14,24612.0,-4.8561,95406,2355,3040,2026-08-12 05:16:51
0210A0,2,ACE K반도체TOP2+,6685,2,265,4.13,6712.0,,2924920,19443,3025,2026-08-12 05:16:51
453870,4,TIGER 인도니프티50,11960,5,-70,-0.58,11975.0,-1.9108,40949,491,2996,2026-08-12 05:16:51
441680,7,TIGER 미국나스닥100커버드콜(합성),10995,5,-5,-0.05,10980.0,-0.4625,47364,520,2991,2026-08-12 05:16:51
0038A0,4,KODEX 미국휴머노이드로봇,15720,2,15,0.1,15702.0,-12.4475,34572,543,2987,2026-08-12 05:16:51
433330,4,SOL 미국S&P500,22645,5,-95,-0.42,22637.0,1.0394,29067,658,2966,2026-08-12 05:16:51
489030,2,PLUS 고배당주위클리커버드콜,6570,5,-160,-2.38,6517.0,-7.8898,733977,4836,2953,2026-08-12 05:16:51
190620,6,ACE 단기통안채,101865,2,15,0.01,101855.0,0.6422,2475,252,2938,2026-08-12 05:16:51
481190,4,SOL 미국테크TOP10,17130,5,-230,-1.32,17117.0,-4.7985,53913,924,2912,2026-08-12 05:16:51
0008S0,4,TIGER 미국배당다우존스타겟데일리커버드콜,10290,2,30,0.29,10288.0,4.4995,207196,2129,2907,2026-08-12 05:16:51
454780,6,KIWOOM 종합채권(AA-이상)액티브,99215,2,55,0.06,99181.0,-2.3728,16,1,2885,2026-08-12 05:16:51
461490,7,RISE 글로벌자산배분액티브,14820,5,-40,-0.27,14830.0,-1.7196,48327,716,2882,2026-08-12 05:16:51
473330,6,SOL 미국30년국채커버드콜(합성),8190,2,30,0.37,8218.0,-7.216,141199,1155,2858,2026-08-12 05:16:51
475080,7,KODEX 테슬라커버드콜채권혼합액티브,7845,2,5,0.06,7859.0,-5.6542,90085,707,2852,2026-08-12 05:16:51
475300,2,SOL 반도체전공정,20925,2,590,2.9,20967.0,-15.1471,2125204,43970,2835,2026-08-12 05:16:51
091170,2,KODEX 은행,15835,5,-115,-0.72,15846.0,3.5034,680268,10876,2803,2026-08-12 05:16:51
421320,2,PLUS 우주항공,30250,2,890,3.03,30289.0,-40.404,106705,3121,2798,2026-08-12 05:16:51
273140,6,KODEX 단기변동금리부채권액티브,114785,2,15,0.01,114781.0,0.5596,2849,327,2786,2026-08-12 05:16:51
0053L0,4,TIGER 차이나휴머노이드로봇,10595,5,-35,-0.33,10522.0,-21.1357,135236,1434,2765,2026-08-12 05:16:51
136340,6,RISE 중기우량회사채,104240,2,30,0.03,104256.0,0.3223,4547,473,2763,2026-08-12 05:16:51
307520,2,TIGER 지주회사,21640,2,370,1.74,21648.0,-19.5608,270886,5865,2759,2026-08-12 05:16:51
0094K0,6,TIGER 28-04 회사채(A+이상)액티브,99555,2,35,0.04,99546.0,0.576,16411,1633,2754,2026-08-12 05:16:51
228790,2,TIGER 화장품,4590,2,310,7.24,4600.0,6.7331,21331855,97119,2702,2026-08-12 05:16:51
471040,4,KoAct 글로벌AI&로봇액티브,29430,2,370,1.27,29218.0,-14.2647,35746,1048,2693,2026-08-12 05:16:51
0162Y0,1,TIME 코스닥액티브,7630,5,-55,-0.72,7641.0,-33.1158,643407,4865,2686,2026-08-12 05:16:51
0098F0,2,KODEX 원자력SMR,15415,2,205,1.35,15435.0,-34.5807,465289,7134,2682,2026-08-12 05:16:51
139230,2,TIGER 200 중공업,13510,2,250,1.89,13516.0,-34.1686,70636,950,2656,2026-08-12 05:16:51
497880,6,SOL CD금리&머니마켓액티브,50085,3,0,0.0,50090.0,0.8323,54429,2726,2642,2026-08-12 05:16:51
283580,4,KODEX 차이나CSI300,15870,2,35,0.22,15876.0,-7.558,46075,728,2642,2026-08-12 05:16:51
213610,2,KODEX 삼성그룹밸류,22200,2,605,2.8,22232.0,-6.027,10929,243,2642,2026-08-12 05:16:51
483340,4,ACE 구글밸류체인액티브,23065,2,60,0.26,22782.0,-7.1069,104482,2409,2629,2026-08-12 05:16:51
123320,3,TIGER 레버리지,100900,2,7495,8.02,101098.0,-44.8597,285018,28635,2623,2026-08-12 05:16:51
409820,4,KODEX 미국나스닥100레버리지(합성 H),20165,5,-125,-0.62,20089.0,0.148,77150,1553,2601,2026-08-12 05:16:51
478150,4,TIME 글로벌우주테크&방산액티브,21510,2,180,0.84,21467.0,-4.5211,69041,1481,2560,2026-08-12 05:16:51
471780,2,TIGER 코리아테크액티브,33180,2,960,2.98,33302.0,-18.78,40244,1336,2535,2026-08-12 05:16:51
196230,6,RISE 단기통안채,116760,5,-20,-0.02,116787.0,0.5943,672,78,2528,2026-08-12 05:16:51
472920,6,HK 종합채권(AA-이상)액티브,97780,5,-35,-0.04,97731.0,-2.0773,2,0,2522,2026-08-12 05:16:51
423170,4,SOL 글로벌AI반도체탑픽액티브,56045,2,1145,2.09,56116.0,-9.704,12420,692,2511,2026-08-12 05:16:51
486450,4,SOL 미국AI전력인프라,21245,2,565,2.73,21117.0,-18.0504,14009,296,2496,2026-08-12 05:16:51
493810,4,TIGER 미국AI빅테크10타겟데일리커버드콜,11917,5,-123,-1.02,11884.0,-2.4906,147986,1762,2491,2026-08-12 05:16:51
245710,4,ACE 베트남VN30(합성),29285,2,190,0.65,29596.0,-9.6148,16684,486,2460,2026-08-12 05:16:51
472160,4,TIGER 미국테크TOP10 INDXX(H),18790,5,-215,-1.13,18768.0,-1.6559,27616,518,2415,2026-08-12 05:16:51
495230,1,KoAct 코리아밸류업액티브,29750,2,855,2.96,29796.0,-20.732,28482,847,2410,2026-08-12 05:16:51
157500,2,TIGER 증권,13175,2,115,0.88,13183.0,-37.3242,814536,10779,2390,2026-08-12 05:16:51
261260,7,KODEX 미국달러선물인버스2X,5090,2,15,0.3,5096.0,7.4074,188637,960,2374,2026-08-12 05:16:51
448540,7,ACE 엔비디아채권혼합,26585,5,-45,-0.17,26549.0,0.2635,21792,579,2366,2026-08-12 05:16:51
244580,2,KODEX 바이오,9045,5,-270,-2.9,9056.0,-20.043,630916,5709,2359,2026-08-12 05:16:51
329650,7,KODEX TRF3070,14225,5,-40,-0.28,14247.0,-1.0731,20163,287,2347,2026-08-12 05:16:51
0183V0,7,KIWOOM 삼성전자&SK하이닉스채권혼합50,11430,2,325,2.93,11409.0,-6.7077,733917,8337,2343,2026-08-12 05:16:51
463050,2,TIME K바이오액티브,13885,5,-405,-2.83,13908.0,-15.6933,487264,6802,2340,2026-08-12 05:16:51
388420,2,RISE 비메모리반도체액티브,25950,2,580,2.29,26005.0,-25.0001,31264,807,2336,2026-08-12 05:16:51
414780,4,TIGER 차이나과창판STAR50(합성),14910,2,130,0.88,15026.0,-3.5249,100945,1500,2333,2026-08-12 05:16:51
442320,4,RISE 글로벌원자력,37080,2,440,1.2,37089.0,-25.9825,5556,206,2332,2026-08-12 05:16:51
363570,6,KODEX 장기종합채권(AA-이상)액티브,85690,2,10,0.01,85812.0,-5.9082,2810,240,2331,2026-08-12 05:16:51
363580,2,KODEX 200IT TR,51785,2,2655,5.4,51958.0,-14.1835,107535,5579,2330,2026-08-12 05:16:51
498270,4,KIWOOM 미국양자컴퓨팅,15710,2,80,0.51,15672.0,1.5675,46883,735,2325,2026-08-12 05:16:51
437080,6,KODEX 미국종합채권ESG액티브(H),97090,2,165,0.17,97069.0,-1.1476,1812,175,2316,2026-08-12 05:16:51
488980,6,SOL 26-12 회사채(AA-이상)액티브,52045,2,20,0.04,52038.0,0.6578,1042,54,2302,2026-08-12 05:16:51
0119H0,6,KODEX 28-12 회사채(AA-이상)액티브,9935,2,10,0.1,9918.0,0.6082,13361,132,2294,2026-08-12 05:16:51
458260,6,TIGER 미국투자등급회사채액티브(H),46405,2,95,0.21,46368.0,-1.8732,4490,208,2283,2026-08-12 05:16:51
0182S0,7,1Q K반도체TOP2채권혼합50,11865,2,275,2.37,11895.0,-8.0159,338253,4012,2272,2026-08-12 05:16:51
0092C0,6,SOL 27-12 회사채(AA-이상)액티브,50200,3,0,0.0,50193.0,0.6415,5,0,2259,2026-08-12 05:16:51
305080,6,TIGER 미국채10년선물,12595,2,15,0.12,12599.0,-5.2711,30054,378,2255,2026-08-12 05:16:51
452360,4,SOL 미국배당다우존스(H),13405,2,25,0.19,13425.0,8.4379,70281,942,2212,2026-08-12 05:16:51
466930,2,SOL 자동차TOP3플러스,26615,2,565,2.17,26655.0,-10.0794,128399,3417,2196,2026-08-12 05:16:51
0151S0,4,KODEX 미국AI반도체TOP3플러스,15665,5,-5,-0.03,15597.0,-3.084,159634,2501,2162,2026-08-12 05:16:51
490090,4,TIGER 미국AI빅테크10,16340,5,-185,-1.12,16329.0,-2.0451,48997,800,2157,2026-08-12 05:16:51
0089D0,2,KODEX 금융고배당TOP10,13195,5,-105,-0.79,13198.0,-2.0582,204521,2722,2138,2026-08-12 05:16:51
433500,2,ACE 원자력TOP10,54290,2,1115,2.1,54319.0,-40.1183,39983,2152,2117,2026-08-12 05:16:51
0204D0,2,KODEX 현대차로보틱스밸류체인TOP3플러스,6655,2,50,0.76,6659.0,,795247,5303,2096,2026-08-12 05:16:51
422420,2,RISE 2차전지액티브,6550,2,110,1.71,6546.0,-41.011,95248,617,2096,2026-08-12 05:16:51
0104N0,2,TIGER 200타겟위클리커버드콜,20000,2,760,3.95,20058.0,-18.7768,61013,1215,2080,2026-08-12 05:16:51
302450,1,RISE 코스피,67835,2,2075,3.16,68065.0,-18.6537,37060,2519,2069,2026-08-12 05:16:51
394670,4,TIGER 글로벌리튬&2차전지SOLACTIVE(합성),11670,2,60,0.52,11752.0,-19.654,13982,162,2068,2026-08-12 05:16:51
495060,1,TIME 코리아밸류업액티브,27740,2,840,3.12,27825.0,-21.2299,48234,1339,2067,2026-08-12 05:16:51
0115D0,2,KODEX 조선TOP10,8185,5,-30,-0.37,8185.0,-28.5653,1057114,8596,2063,2026-08-12 05:16:51
0047A0,4,TIGER 차이나테크TOP10,13250,5,-35,-0.26,13283.0,-9.5028,51843,685,2041,2026-08-12 05:16:51
266160,2,RISE 고배당,31420,2,685,2.23,31520.0,-13.9068,17666,556,2011,2026-08-12 05:16:51
0228G0,2,ACE 반도체Plus전략산업,9990,2,350,3.63,10015.0,,978536,9721,1998,2026-08-12 05:16:51
480040,4,ACE 미국반도체데일리타겟커버드콜(합성),15830,2,70,0.44,15660.0,-10.1459,254968,4031,1979,2026-08-12 05:16:51
332930,1,HANARO 200TR,135230,2,5115,3.93,135646.0,-18.436,12840,1722,1961,2026-08-12 05:16:51
0005A0,4,KODEX 미국S&P500데일리커버드콜OTM,9790,5,-70,-0.71,9782.0,1.5172,128721,1259,1948,2026-08-12 05:16:51
233160,3,TIGER 코스닥150 레버리지,8525,5,-70,-0.81,8515.0,-54.0129,2739477,22895,1948,2026-08-12 05:16:51
0192Z0,6,TIGER 중기종합채권(A-이상)액티브,100850,3,0,0.0,100872.0,,0,0,1926,2026-08-12 05:16:51
0069M0,4,1Q 미국나스닥100,13855,5,-50,-0.36,13831.0,-2.4582,37547,519,1926,2026-08-12 05:16:51
429000,4,TIGER 미국S&P500배당귀족,14000,2,10,0.07,13971.0,5.9096,35013,489,1925,2026-08-12 05:16:51
463290,6,1Q 단기금융채액티브,109100,2,20,0.02,109085.0,0.7388,178,19,1922,2026-08-12 05:16:51
491610,6,1Q CD금리액티브(합성),104680,2,5,0.0,104677.0,0.7168,9670,1012,1919,2026-08-12 05:16:51
0091C0,6,KODEX 미국10년국채액티브(H),9620,2,30,0.31,9615.0,-1.5845,74928,720,1915,2026-08-12 05:16:51
267770,3,TIGER 200선물레버리지,76600,2,5535,7.79,76927.0,-45.149,51699,3913,1915,2026-08-12 05:16:51
302190,6,TIGER 중장기국채,50105,2,10,0.02,50092.0,-0.4867,953,47,1914,2026-08-12 05:16:51
117700,2,KODEX 건설,6715,2,10,0.15,6731.0,-27.7721,1121555,7536,1900,2026-08-12 05:16:51
433980,7,KODEX TDF2040액티브 적격,16165,2,10,0.06,16103.0,-0.5385,40546,654,1883,2026-08-12 05:16:51
0094M0,2,RISE 코리아밸류업위클리고정커버드콜,18000,2,415,2.36,17814.0,-12.7452,1358318,24250,1863,2026-08-12 05:16:51
0082V0,7,KODEX TDF2060액티브 적격,11540,2,15,0.13,11477.0,-5.0896,40434,466,1858,2026-08-12 05:16:51
495550,1,SOL 코리아밸류업TR,31700,2,780,2.52,31803.0,-16.8594,10940,347,1854,2026-08-12 05:16:51
473460,4,KODEX 미국서학개미,23455,5,-40,-0.17,23358.0,-11.2438,13442,314,1829,2026-08-12 05:16:51
0040X0,7,SOL 팔란티어미국채커버드콜혼합,9725,2,15,0.15,9758.0,5.2902,159590,1551,1804,2026-08-12 05:16:51
122090,1,PLUS 코스피50,76835,2,2965,4.01,77105.0,-18.3704,28558,2198,1775,2026-08-12 05:16:51
483290,4,KODEX 미국배당다우존스타겟커버드콜,10570,2,55,0.52,10572.0,3.7883,88142,930,1765,2026-08-12 05:16:51
200250,4,KIWOOM 인도Nifty50(합성),22315,5,-90,-0.4,22344.0,-2.0547,4181,93,1763,2026-08-12 05:16:51
480020,4,ACE 미국빅테크7+데일리타겟커버드콜(합성),11190,5,-40,-0.36,11015.0,-9.5671,563844,6267,1746,2026-08-12 05:16:51
0051G0,4,SOL 미국원자력SMR,14235,2,190,1.35,14184.0,-16.6964,23152,329,1744,2026-08-12 05:16:51
160580,5,TIGER 구리실물,16855,2,145,0.87,16878.0,2.6412,58548,984,1719,2026-08-12 05:16:51
472870,6,RISE 미국30년국채엔화노출(합성 H),7060,2,20,0.28,7077.0,-9.618,194498,1371,1712,2026-08-12 05:16:51
0093A0,2,RISE AI반도체TOP10,30495,2,765,2.57,30582.0,-27.4702,73465,2232,1692,2026-08-12 05:16:51
490600,4,RISE 미국배당100데일리고정커버드콜,9460,2,45,0.48,9412.0,5.0519,235114,2215,1670,2026-08-12 05:16:51
0180V0,4,ACE 미국우주테크액티브,8975,2,220,2.51,8949.0,-24.0348,134568,1203,1665,2026-08-12 05:16:51
0099L0,6,ACE 우량회사채(AA-이상)액티브,99545,2,40,0.04,99579.0,0.5913,20675,2058,1661,2026-08-12 05:16:51
412570,2,TIGER 2차전지TOP10레버리지,1167,2,37,3.27,1170.0,-61.695,5473222,6416,1654,2026-08-12 05:16:51
494330,2,ACE 라이프자산주주가치액티브,31725,2,270,0.86,31765.0,1.2354,5358,170,1650,2026-08-12 05:16:51
480030,4,ACE 미국500데일리타겟커버드콜(합성),10460,5,-30,-0.29,10426.0,-1.1581,277803,2905,1642,2026-08-12 05:16:51
237370,7,KODEX 코리아배당성장채권혼합,15777,5,-33,-0.21,15793.0,-2.6649,42029,663,1641,2026-08-12 05:16:51
494220,2,UNICORN SK하이닉스밸류체인액티브,44295,2,1230,2.86,44498.0,-19.9238,111773,4942,1639,2026-08-12 05:16:51
143860,2,TIGER 헬스케어,40725,5,-1205,-2.87,40768.0,-6.2179,28017,1143,1637,2026-08-12 05:16:51
461950,2,KODEX 2차전지핵심소재10,4810,2,15,0.31,4809.0,-41.6253,732490,3520,1626,2026-08-12 05:16:51
0190G0,2,KODEX 반도체타겟위클리커버드콜,8245,2,190,2.36,8274.0,,291200,2384,1624,2026-08-12 05:16:51
0005G0,2,IBK K-AI반도체코어테크,46930,2,1175,2.57,47115.0,-9.6047,21261,998,1619,2026-08-12 05:16:51
403790,1,MIDAS 코스피액티브,55190,2,1615,3.01,55296.0,-17.0474,3678,203,1614,2026-08-12 05:16:51
272560,6,RISE 단기국공채액티브,114745,2,25,0.02,114738.0,0.6006,1798,206,1603,2026-08-12 05:16:51
476450,6,KIWOOM 머니마켓액티브,52680,3,0,0.0,52681.0,0.7554,114,6,1593,2026-08-12 05:16:51
0048K0,4,KODEX 차이나휴머노이드로봇,9340,5,-100,-1.06,9346.0,-16.0058,305539,2863,1588,2026-08-12 05:16:51
337160,2,KODEX 200ESG,45280,2,1560,3.57,45449.0,-15.0178,7957,362,1585,2026-08-12 05:16:51
354500,1,ACE 코스닥150,14840,5,-65,-0.44,14860.0,-26.1947,209672,3081,1573,2026-08-12 05:16:51
0064K0,5,KODEX 금액티브,13040,2,100,0.77,13042.0,-10.2324,109485,1423,1571,2026-08-12 05:16:51
491820,2,HANARO 전력설비투자,43895,2,1475,3.48,43939.0,-43.6579,81309,3556,1558,2026-08-12 05:16:51
464240,6,KIWOOM 26-09회사채(AA-이상)액티브,52325,2,15,0.03,52336.0,0.6524,25,1,1544,2026-08-12 05:16:51
332500,1,ACE 200TR,69365,2,2380,3.55,69474.0,-18.2512,62861,4329,1526,2026-08-12 05:16:51
0127M0,4,ACE 미국대형가치주액티브,12635,2,50,0.4,12602.0,6.8974,4776,60,1516,2026-08-12 05:16:51
0104H0,7,KoAct 미국나스닥채권혼합50액티브,11920,2,45,0.38,11919.0,-7.8028,199657,2381,1508,2026-08-12 05:16:51
219480,4,KODEX 미국S&P500선물(H),33330,5,-130,-0.39,33352.0,4.4971,3160,105,1500,2026-08-12 05:16:51
458210,7,KIWOOM CD금리액티브(합성),110410,5,-5,0.0,110401.0,0.7252,625,69,1483,2026-08-12 05:16:51
245340,4,TIGER 미국다우존스30,37050,5,-120,-0.32,37034.0,5.4538,10109,374,1482,2026-08-12 05:16:51
0153K0,2,KODEX 주주환원고배당주,12100,5,-125,-1.02,12109.0,0.7149,110591,1349,1476,2026-08-12 05:16:51
486830,6,HANARO 머니마켓액티브,53185,5,-5,-0.01,53196.0,0.7863,894,47,1468,2026-08-12 05:16:51
0151P0,2,RISE 코리아전략산업액티브,14240,2,470,3.41,14259.0,-26.3728,100158,1424,1460,2026-08-12 05:16:51
152870,1,파워 200,104000,2,3960,3.96,104274.0,-18.4997,327,33,1456,2026-08-12 05:16:51
457990,2,PLUS 태양광&ESS,37480,5,-300,-0.79,37495.0,-24.6661,397043,14846,1443,2026-08-12 05:16:51
138520,2,TIGER 삼성그룹,35740,2,1060,3.06,35766.0,-6.9618,29982,1071,1437,2026-08-12 05:16:51
481180,4,SOL 미국AI소프트웨어,16515,5,-110,-0.66,16514.0,26.8115,84209,1391,1429,2026-08-12 05:16:51
0168K0,2,TIGER 기술이전바이오액티브,6855,5,-245,-3.45,6857.0,-20.8473,1748827,11991,1427,2026-08-12 05:16:51
0041E0,4,KODEX 미국S&P500액티브,16655,5,-65,-0.39,16614.0,-3.1766,166509,2768,1416,2026-08-12 05:16:51
0005D0,2,SOL 전고체배터리&실리콘음극재,14355,2,295,2.1,14375.0,-42.318,489509,6964,1414,2026-08-12 05:16:51
451530,6,TIGER 국고채30년스트립액티브,33930,5,-135,-0.4,34002.0,-22.3236,19168,649,1389,2026-08-12 05:16:51
192090,4,TIGER 차이나CSI300,12945,2,20,0.15,12997.0,-8.4308,14753,190,1372,2026-08-12 05:16:51
0131W0,6,1Q 단기특수은행채액티브,101960,2,5,0.0,101968.0,0.6664,427,43,1364,2026-08-12 05:16:51
304660,6,KODEX 미국30년국채울트라선물(H),7265,2,45,0.62,7264.0,-3.5405,27721,200,1351,2026-08-12 05:16:51
0123G0,4,TIGER 미국AI전력SMR,6975,2,145,2.12,6948.0,-18.6905,63300,440,1343,2026-08-12 05:16:51
0184L0,6,PLUS 중기종합채권(A-이상)액티브,100525,2,30,0.03,100546.0,,14,1,1342,2026-08-12 05:16:51
0193G0,1,KoAct 코스피액티브,8025,2,295,3.82,8051.0,,285687,2302,1340,2026-08-12 05:16:51
476030,4,SOL 미국나스닥100,17540,5,-75,-0.43,17520.0,-2.1873,35616,624,1333,2026-08-12 05:16:51
495330,1,1Q 코리아밸류업,30870,2,755,2.51,30951.0,-16.901,15748,487,1327,2026-08-12 05:16:51
0074K0,2,KoAct K수출핵심기업TOP30액티브,17165,2,380,2.26,17182.0,-18.2018,28997,495,1322,2026-08-12 05:16:51
0176E0,4,RISE 미국AI전력인프라액티브,10660,2,275,2.65,10521.0,-16.0809,9474,100,1317,2026-08-12 05:16:51
271050,5,KODEX WTI원유선물인버스(H),2050,5,-25,-1.2,2042.0,5.5442,1530843,3143,1313,2026-08-12 05:16:51
139220,2,TIGER 200 건설,7560,2,110,1.48,7566.0,-29.1826,355314,2679,1302,2026-08-12 05:16:51
488720,7,WON 종합채권(AA-이상)액티브,48410,5,-65,-0.13,48464.0,-2.0114,27,1,1297,2026-08-12 05:16:51
463680,4,KODEX 미국S&P500테크놀로지,22960,5,-125,-0.54,22742.0,3.4545,12648,290,1297,2026-08-12 05:16:51
411420,4,KODEX 미국나스닥AI테크액티브,27310,5,-140,-0.51,27246.0,-6.9003,4686,127,1297,2026-08-12 05:16:51
182480,7,TIGER 미국MSCI리츠(합성 H),13685,5,-105,-0.76,13760.0,2.1507,3974,54,1286,2026-08-12 05:16:51
447620,7,SOL 미국TOP5채권혼합50,16040,5,-215,-1.32,16042.0,0.6813,121038,1944,1251,2026-08-12 05:16:51
0080Y0,2,SOL 조선TOP3플러스레버리지,9820,5,-100,-1.01,9855.0,-56.4435,439161,4264,1247,2026-08-12 05:16:51
0199C0,2,ACE 고배당주Plus커버드콜액티브,9235,2,5,0.05,9221.0,,546203,5064,1247,2026-08-12 05:16:51
325010,2,KODEX 성장주,41210,2,1525,3.84,41355.0,-19.6498,1488,61,1236,2026-08-12 05:16:51
464310,4,TIGER 글로벌AI&로보틱스 INDXX,14875,2,20,0.13,14887.0,-12.4632,10455,155,1235,2026-08-12 05:16:51
0000Y0,6,HK 26-12 회사채(AA-이상)액티브,101720,2,40,0.04,101705.0,0.6085,35,3,1231,2026-08-12 05:16:51
114820,6,TIGER 국채3년,105110,2,80,0.08,105092.0,0.4062,8391,881,1230,2026-08-12 05:16:51
367770,2,RISE 수소경제테마,23415,2,570,2.5,23402.0,-29.2725,32172,744,1229,2026-08-12 05:16:51
0181B0,4,HANARO 미국AI메모리반도체TOP4+,9685,2,250,2.65,9565.0,,255846,2469,1225,2026-08-12 05:16:51
377990,2,TIGER Fn신재생에너지,24605,2,30,0.12,24600.0,-35.3848,76274,1875,1218,2026-08-12 05:16:51
0092B0,2,SOL 한국원자력SMR,15105,2,250,1.68,15120.0,-36.4492,60581,910,1216,2026-08-12 05:16:51
471760,2,TIGER AI반도체핵심공정,13415,2,495,3.83,13452.0,-43.6301,361391,4806,1214,2026-08-12 05:16:51
464930,4,TIGER 글로벌혁신블루칩TOP10,21850,5,-210,-0.95,21846.0,1.4719,13264,288,1213,2026-08-12 05:16:51
372330,4,KODEX 차이나항셍테크,7345,5,-125,-1.67,7350.0,-8.6398,69120,509,1212,2026-08-12 05:16:51
0191W0,6,HANARO 중기종합채권(A-이상)액티브,100830,3,0,0.0,100854.0,,0,0,1210,2026-08-12 05:16:51
399110,4,SOL 미국S&P500ESG,21565,5,-150,-0.69,21536.0,2.7717,5418,117,1208,2026-08-12 05:16:51
448100,1,WON 200,106105,2,4090,4.01,106177.0,-18.5612,16983,1782,1194,2026-08-12 05:16:51
309230,4,ACE 미국WideMoat동일가중,32145,2,35,0.11,32193.0,6.5934,5954,191,1189,2026-08-12 05:16:51
488500,4,TIGER 미국S&P500동일가중,13160,2,20,0.15,13141.0,4.3492,21432,281,1178,2026-08-12 05:16:51
328370,1,PLUS 코스피TR,37145,2,1565,4.4,36947.0,-18.7857,561,20,1151,2026-08-12 05:16:51
319640,4,TIGER 골드선물(H),25990,2,205,0.8,25996.0,-7.4314,9388,243,1144,2026-08-12 05:16:51
304940,4,KODEX 미국나스닥100선물(H),32570,5,-105,-0.32,32506.0,0.8176,22911,745,1140,2026-08-12 05:16:51
0000J0,2,PLUS 한화그룹주,29185,2,745,2.62,29229.0,-27.8173,125641,3596,1138,2026-08-12 05:16:51
0122W0,6,RISE 26-11 회사채(AA-이상)액티브,50920,2,5,0.01,50916.0,0.6623,1606,81,1138,2026-08-12 05:16:51
469170,2,ACE 포스코그룹포커스,5660,5,-10,-0.18,5666.0,-35.4274,426627,2417,1132,2026-08-12 05:16:51
498180,6,파워 종합채권(AA-이상)액티브,93065,3,0,0.0,92980.0,-2.1142,0,0,1132,2026-08-12 05:16:51
0135Y0,6,IBK 중기종합채권(AA-이상)액티브,100350,2,20,0.02,100384.0,0.3049,24,2,1131,2026-08-12 05:16:51
491230,6,PLUS 국공채머니마켓액티브,52415,2,15,0.03,52418.0,0.7208,1886,98,1128,2026-08-12 05:16:51
0036R0,4,RISE 미국휴머노이드로봇,20105,2,165,0.83,20030.0,-8.0475,19693,394,1126,2026-08-12 05:16:51
168580,4,ACE 중국본토CSI300,35795,5,-5,-0.01,35882.0,-7.5891,1051,37,1117,2026-08-12 05:16:51
0177X0,2,ACE K휴머노이드로봇산업TOP2+,10105,2,65,0.65,10096.0,-33.4218,357061,3570,1117,2026-08-12 05:16:51
332940,1,HANARO MSCI Korea TR,45765,2,1935,4.41,45948.0,-17.9905,546,25,1098,2026-08-12 05:16:51
0174B0,7,KoAct 글로벌AI메모리반도체액티브,13940,2,355,2.61,13898.0,-7.1112,64840,900,1094,2026-08-12 05:16:51
394660,4,TIGER 글로벌자율주행&전기차SOLACTIVE,16660,2,5,0.03,16733.0,-14.7428,2888,48,1093,2026-08-12 05:16:51
465610,4,ACE 미국빅테크TOP7 Plus레버리지(합성),45360,5,-1520,-3.24,45299.0,-1.7191,7763,353,1089,2026-08-12 05:16:51
0052T0,6,1Q 중단기회사채(A-이상)액티브,50650,2,20,0.04,50639.0,0.6961,69,3,1081,2026-08-12 05:16:51
261270,7,KODEX 미국달러선물인버스,7890,5,-5,-0.06,7908.0,4.087,25087,198,1075,2026-08-12 05:16:51
0221V0,6,IBK 초단기채권액티브,100255,2,25,0.02,100249.0,,127,12,1072,2026-08-12 05:16:51
326240,2,RISE IT플러스,41830,2,1380,3.41,41977.0,-16.6753,8055,337,1071,2026-08-12 05:16:51
438570,6,SOL 국고채10년,98260,2,35,0.04,98296.0,-1.5042,24,2,1068,2026-08-12 05:16:51
0132K0,7,PLUS 테슬라위클리커버드콜채권혼합,8165,2,45,0.55,8126.0,-5.9067,232853,1892,1066,2026-08-12 05:16:51
266370,2,KODEX IT,62635,2,2570,4.28,62826.0,-17.4705,33837,2120,1065,2026-08-12 05:16:51
0193M0,6,BNK 27-12 특수채(AAA이상)액티브,50365,3,0,0.0,50329.0,,0,0,1065,2026-08-12 05:16:51
449770,4,KIWOOM 미국S&P500,21705,5,-30,-0.14,21691.0,0.6974,5775,125,1064,2026-08-12 05:16:51
0091M0,6,HANARO 27-06 회사채(AA-이상)액티브,10135,3,0,0.0,10145.0,0.3962,1908,19,1057,2026-08-12 05:16:51
0085P0,6,ACE 미국10년국채액티브,10060,2,15,0.15,10052.0,-5.1121,87667,882,1056,2026-08-12 05:16:51
455860,2,SOL 2차전지소부장Fn,4465,2,5,0.11,4468.0,-40.9663,432701,1933,1056,2026-08-12 05:16:51
251340,3,KODEX 코스닥150선물인버스,2315,2,10,0.43,2338.0,16.4141,47081514,110061,1051,2026-08-12 05:16:51
475280,6,ACE 8월만기자동연장회사채AA-이상액티브,10717,5,-3,-0.03,10718.0,0.8466,5,0,1032,2026-08-12 05:16:51
475050,2,ACE KPOP포커스,7175,5,-65,-0.9,7182.0,-19.734,367104,2628,1030,2026-08-12 05:16:51
465780,6,마이티 26-09 특수채(AAA)액티브,106245,5,-5,0.0,106255.0,0.6727,1,0,1023,2026-08-12 05:16:51
0209D0,2,KODEX 전고체배터리ESS TOP2플러스,7920,2,180,2.33,7931.0,,811349,6428,1014,2026-08-12 05:16:51
0138Y0,7,PLUS 금채권혼합,9960,2,35,0.35,9927.0,-4.7505,223331,2222,1011,2026-08-12 05:16:51
496090,1,KIWOOM 코리아밸류업,31020,2,770,2.55,31129.0,-16.306,371,11,1008,2026-08-12 05:16:51
114100,6,RISE 국고채3년,106625,2,35,0.03,106616.0,0.4383,254,27,1003,2026-08-12 05:16:51
203780,4,TIGER 미국나스닥바이오,35220,5,-120,-0.34,35122.0,11.8531,26735,939,1000,2026-08-12 05:16:51
204480,4,TIGER 차이나CSI300레버리지(합성),26700,5,-225,-0.84,27013.0,-18.7048,1283,34,993,2026-08-12 05:16:51
0035T0,7,PLUS 글로벌휴머노이드로봇액티브,20445,2,285,1.41,20410.0,-19.4567,13136,266,981,2026-08-12 05:16:51
476850,1,KoAct 배당성장액티브,20745,2,425,2.09,20779.0,-15.2,66085,1372,975,2026-08-12 05:16:51
308620,6,KODEX 미국10년국채선물,11840,2,35,0.3,11839.0,-4.9517,11030,130,959,2026-08-12 05:16:51
468380,6,KODEX iShares미국하이일드액티브,11225,5,-5,-0.04,11220.0,-2.966,30333,340,956,2026-08-12 05:16:51
0142D0,4,TIGER 미국AI데이터센터TOP4Plus,10860,2,670,6.58,10319.0,-20.7929,161845,1757,956,2026-08-12 05:16:51
461500,6,HANARO 종합채권(AA-이상)액티브,104675,5,-25,-0.02,104684.0,-2.058,31,3,950,2026-08-12 05:16:51
0137V0,4,KIWOOM 미국S&P500모멘텀,11790,5,-25,-0.21,11749.0,-1.0815,41702,491,949,2026-08-12 05:16:51
195980,4,PLUS 신흥국MSCI(합성 H),15010,2,65,0.43,15085.0,-2.5433,7482,112,943,2026-08-12 05:16:51
485690,4,RISE 미국AI밸류체인TOP3Plus,22425,5,-70,-0.31,22337.0,-1.8571,7355,164,942,2026-08-12 05:16:51
473440,6,ACE 11월만기자동연장회사채AA-이상액티브,10820,3,0,0.0,10834.0,0.6043,1582,17,941,2026-08-12 05:16:51
211900,2,KODEX 코리아배당성장,28365,5,-130,-0.46,28355.0,-10.8586,4347,123,936,2026-08-12 05:16:51
0007N0,1,아이엠에셋 200,103720,2,3870,3.88,103792.0,-18.3076,74,7,933,2026-08-12 05:16:51
0008T0,2,SOL 화장품TOP3플러스,18100,2,1760,10.77,18145.0,-0.8796,5713548,102693,932,2026-08-12 05:16:51
433970,7,KODEX TDF2030액티브 적격,14165,5,-25,-0.18,14127.0,-0.3762,13242,187,928,2026-08-12 05:16:51
479620,4,SOL 미국AI반도체칩메이커,26115,5,-65,-0.25,26001.0,-4.0675,48696,1271,927,2026-08-12 05:16:51
454320,2,HANARO CAPEX설비투자iSelect,43005,2,580,1.37,42902.0,-32.962,2079,88,925,2026-08-12 05:16:51
143850,4,TIGER 미국S&P500선물(H),78030,5,-160,-0.2,77988.0,4.0452,683,53,917,2026-08-12 05:16:51
486240,2,DAISHIN343 AI반도체&인프라액티브,28505,2,905,3.28,28561.0,-17.8572,998,28,912,2026-08-12 05:16:51
269540,4,PLUS 미국S&P500(H),30265,5,-135,-0.44,30255.0,4.0739,3041,92,908,2026-08-12 05:16:51
325020,2,KODEX 배당가치,29150,2,30,0.1,29210.0,-5.8187,8731,255,904,2026-08-12 05:16:51
329670,7,KODEX TRF7030,22510,5,-75,-0.33,22510.0,0.6828,11877,267,900,2026-08-12 05:16:51
453080,4,KIWOOM 미국나스닥100(H),22975,5,-105,-0.45,22933.0,0.8603,4422,101,896,2026-08-12 05:16:51
444490,4,WON 미국S&P500,20810,5,-65,-0.31,20788.0,0.9673,6712,139,895,2026-08-12 05:16:51
0162L0,4,KODEX 차이나AI반도체TOP10,14020,2,250,1.82,14092.0,-3.0933,560915,7827,883,2026-08-12 05:16:51
298770,4,KODEX 한국대만IT프리미어,79500,2,1790,2.3,79607.0,-5.8894,4336,345,875,2026-08-12 05:16:51
460960,7,ACE 글로벌인컴TOP10,11430,5,-5,-0.04,11403.0,-2.3237,10233,116,874,2026-08-12 05:16:51
481430,6,RISE 국고채10년액티브,98260,2,75,0.08,98244.0,-1.5394,668,65,865,2026-08-12 05:16:51
0066W0,5,SOL 국제금,13190,2,95,0.73,13094.0,-10.0927,38379,505,864,2026-08-12 05:16:51
108450,2,ACE 삼성그룹섹터가중,38860,2,1040,2.75,38983.0,-10.6122,4995,194,855,2026-08-12 05:16:51
329660,7,KODEX TRF5050,18130,5,-25,-0.14,18153.0,0.3524,18120,328,852,2026-08-12 05:16:51
359210,1,KODEX 코스피TR,34045,2,1000,3.03,34095.0,-18.7585,93554,3167,851,2026-08-12 05:16:51
495040,1,PLUS 코리아밸류업,30840,2,955,3.2,30909.0,-17.0556,1879,57,848,2026-08-12 05:16:51
490480,2,SOL K방산,31270,2,1230,4.09,31287.0,-24.0648,42817,1311,844,2026-08-12 05:16:51
461460,6,PLUS 국고채10년액티브,51400,2,45,0.09,51388.0,-1.5056,2531,130,834,2026-08-12 05:16:51
138530,2,TIGER LG그룹플러스,12395,2,200,1.64,12408.0,-3.2527,226244,2828,833,2026-08-12 05:16:51
0017Y0,6,1Q 종합채권(AA-이상)액티브,93595,5,-95,-0.1,93559.0,-2.0543,161,15,827,2026-08-12 05:16:51
157490,2,TIGER 소프트웨어,8820,5,-110,-1.23,8828.0,-4.4409,83406,740,827,2026-08-12 05:16:51
0197X0,2,SOL SK하이닉스선물단일종목인버스2X,9855,5,-1125,-10.25,9847.0,,14285481,141196,825,2026-08-12 05:16:51
453330,4,RISE 미국S&P500(H),18290,5,-70,-0.38,18286.0,5.213,23029,421,823,2026-08-12 05:16:51
364960,2,TIGER BBIG,6795,5,-65,-0.95,6787.0,-12.2763,23758,162,822,2026-08-12 05:16:51
469060,4,RISE 미국반도체NYSE,36490,2,245,0.68,36281.0,-1.8699,10438,380,821,2026-08-12 05:16:51
0057H0,7,PLUS 미국S&P500미국채혼합50액티브,11985,5,-10,-0.08,11970.0,-1.1581,13567,162,815,2026-08-12 05:16:51
0049M0,4,ACE 미국배당퀄리티+커버드콜액티브,11610,5,-40,-0.34,11588.0,1.1235,23987,277,801,2026-08-12 05:16:51
228810,2,TIGER 미디어컨텐츠,3350,5,-50,-1.47,3345.0,-22.6394,182504,613,793,2026-08-12 05:16:51
412770,4,TIGER 글로벌AI플랫폼액티브,12950,2,85,0.66,12997.0,-9.3057,17206,223,789,2026-08-12 05:16:51
492500,7,1Q 현대차그룹채권(A+이상)&국고통안,51285,2,40,0.08,51283.0,0.4213,35,1,781,2026-08-12 05:16:51
458030,6,WON 국공채머니마켓액티브,54950,2,5,0.01,54958.0,0.6871,76,4,779,2026-08-12 05:16:51
0018C0,2,PLUS 고배당주위클리고정커버드콜,10745,5,-125,-1.15,10724.0,-10.7051,149179,1615,779,2026-08-12 05:16:51
0098N0,2,PLUS 자사주매입고배당주,12810,5,-140,-1.08,12812.0,-2.1334,37338,481,775,2026-08-12 05:16:51
210780,2,TIGER 코스피고배당,23170,5,-140,-0.6,23183.0,-9.7693,6692,156,765,2026-08-12 05:16:51
337140,2,KODEX 코스피대형주,34540,2,1225,3.68,34675.0,-18.7103,40530,1398,760,2026-08-12 05:16:51
0113D0,4,TIME 글로벌탑픽액티브,12355,5,-15,-0.12,12344.0,0.4058,12515,154,760,2026-08-12 05:16:51
495750,1,HANARO 코리아밸류업,31010,2,970,3.23,31066.0,-16.2612,104,3,760,2026-08-12 05:16:51
438560,6,SOL 국고채3년,100420,2,65,0.06,100409.0,0.4655,62,6,757,2026-08-12 05:16:51
0225V0,4,KODEX 미국CPU반도체TOP10,10670,2,75,0.71,10613.0,,176102,1874,747,2026-08-12 05:16:51
441540,2,HANARO Fn조선해운,27650,5,-235,-0.84,27700.0,-23.7907,9442,261,747,2026-08-12 05:16:51
211560,2,TIGER 배당성장,35525,5,-215,-0.6,35490.0,-10.3621,5653,201,746,2026-08-12 05:16:51
266420,2,KODEX 헬스케어,18480,5,-565,-2.97,18505.0,-5.9739,41935,778,739,2026-08-12 05:16:51
434960,1,DAISHIN343 K200,105555,2,5750,5.76,103955.0,-18.6007,570,59,739,2026-08-12 05:16:51
0080X0,7,SOL 미국S&P500미국채혼합50,11285,5,-25,-0.22,11292.0,-2.174,39781,448,734,2026-08-12 05:16:51
272910,6,ACE 중장기국공채액티브,106115,2,75,0.07,106089.0,0.0802,181,19,730,2026-08-12 05:16:51
0102A0,4,TIGER 미국AI소프트웨어TOP4Plus,8620,5,-75,-0.86,8640.0,8.8235,58813,506,728,2026-08-12 05:16:51
365040,1,TIGER AI코리아그로스액티브,34570,2,1035,3.09,34693.0,-16.4862,22746,789,726,2026-08-12 05:16:51
130730,6,KIWOOM 단기자금,102902,2,2,0.0,102894.0,0.6504,101,10,721,2026-08-12 05:16:51
0190Y0,4,TIGER 구글밸류체인,9125,5,-10,-0.11,9063.0,,134179,1221,712,2026-08-12 05:16:51
0022T0,4,SOL 국제금커버드콜액티브,13575,2,100,0.74,13481.0,-9.7015,38224,517,706,2026-08-12 05:16:51
475350,4,RISE 버크셔포트폴리오TOP10,14915,5,-155,-1.03,14919.0,5.1896,32343,482,694,2026-08-12 05:16:51
475310,2,SOL 반도체후공정,24990,2,275,1.11,25016.0,-32.3155,99462,2481,687,2026-08-12 05:16:51
292190,1,KODEX KRX300,45605,2,1495,3.39,45771.0,-19.1683,4216,193,684,2026-08-12 05:16:51
458750,4,TIGER 미국배당다우존스타겟커버드콜1호,13355,2,50,0.38,13365.0,4.2448,15899,212,681,2026-08-12 05:16:51
228800,2,TIGER 여행레저,2630,5,-5,-0.19,2636.0,-18.9231,117542,310,679,2026-08-12 05:16:51
440640,6,ACE 단기채권알파액티브,112510,2,25,0.02,112505.0,0.7568,1289,145,678,2026-08-12 05:16:51
453950,4,TIGER TSMC파운드리밸류체인,34550,2,345,1.01,34552.0,0.1903,4270,147,674,2026-08-12 05:16:51
433880,7,PLUS TDF2060액티브 적격,19035,2,15,0.08,18949.0,-1.7985,7882,149,666,2026-08-12 05:16:51
0181L0,4,SOL 미국우주항공TOP10,8105,2,285,3.64,8073.0,-25.2391,101020,813,665,2026-08-12 05:16:51
0098Z0,1,FOCUS 200,88550,2,3445,4.05,88305.0,-18.2368,8,0,664,2026-08-12 05:16:51
0115E0,2,KODEX 코리아소버린AI,14435,2,275,1.94,14436.0,-11.4538,145559,2099,664,2026-08-12 05:16:51
473640,4,HANARO 글로벌금채굴기업,33590,2,250,0.75,33314.0,-5.899,23679,794,655,2026-08-12 05:16:51
0036D0,4,TIME 미국배당다우존스액티브,13050,5,-30,-0.23,13114.0,5.7853,47703,621,653,2026-08-12 05:16:51
278620,6,PLUS 단기채권액티브,118870,5,-15,-0.01,118880.0,0.6476,364,43,651,2026-08-12 05:16:51
278240,3,RISE 코스닥150선물레버리지,8665,5,-45,-0.52,8687.0,-54.2783,64967,551,649,2026-08-12 05:16:51
0040S0,4,HANARO 글로벌피지컬AI액티브,24740,2,235,0.96,24591.0,-8.9372,11581,286,643,2026-08-12 05:16:51
277640,2,TIGER 코스피대형주,35735,2,1250,3.62,35850.0,-18.7088,19216,685,643,2026-08-12 05:16:51
261070,2,TIGER 코스닥150바이오테크,13915,5,-350,-2.45,13907.0,-17.2564,190155,2622,643,2026-08-12 05:16:51
0000D0,7,TIGER 엔비디아미국채커버드콜밸런스(합성),9305,5,-45,-0.48,9295.0,-4.685,30237,280,637,2026-08-12 05:16:51
0123S0,2,HANARO 26-12 은행채(AA+이상)액티브,10195,2,15,0.15,10175.0,0.6426,107,1,637,2026-08-12 05:16:51
100910,1,KIWOOM KRX100,16275,2,610,3.89,16326.0,-18.3249,2427,39,635,2026-08-12 05:16:51
495940,4,RISE 미국AI테크액티브,19885,5,-205,-1.02,19825.0,-9.0383,4422,88,626,2026-08-12 05:16:51
455660,6,ACE 미국하이일드액티브(H),9470,2,5,0.05,9459.0,0.4763,9277,87,625,2026-08-12 05:16:51
491700,1,HK 200,104060,2,3550,3.53,104158.0,-17.884,464,47,624,2026-08-12 05:16:51
419890,6,KIWOOM 단기채권ESG액티브,107470,2,30,0.03,107451.0,0.5992,232,24,623,2026-08-12 05:16:51
440910,4,WON 미국우주항공방산,28180,2,280,1.0,28198.0,5.8221,5735,161,620,2026-08-12 05:16:51
465330,2,RISE 2차전지TOP10,10920,2,130,1.2,10917.0,-34.2475,182230,1979,620,2026-08-12 05:16:51
453640,4,KODEX 미국S&P500헬스케어,14380,5,-25,-0.17,14358.0,13.2753,16027,229,618,2026-08-12 05:16:51
479730,4,TIGER 인도빌리언컨슈머,10475,3,0,0.0,10478.0,2.8907,10942,114,618,2026-08-12 05:16:51
282000,3,RISE 국고채3년선물인버스,114470,5,-5,0.0,114452.0,0.3462,2,0,616,2026-08-12 05:16:51
476750,6,ACE 미국30년국채엔화노출액티브(H),7595,2,15,0.2,7575.0,-9.2656,23213,176,615,2026-08-12 05:16:51
0111J0,2,HANARO 증권고배당TOP3플러스,13355,2,130,0.98,13364.0,-34.6131,52621,706,608,2026-08-12 05:16:51
0141S0,2,SOL 조선기자재,8715,3,0,0.0,8720.0,-36.8936,120413,1040,597,2026-08-12 05:16:51
0000Z0,2,RISE 바이오TOP10액티브,9910,5,-350,-3.41,9916.0,-28.2518,316233,3128,595,2026-08-12 05:16:51
261240,7,KODEX 미국달러선물,14585,5,-20,-0.14,14596.0,-3.1499,18697,272,594,2026-08-12 05:16:51
275980,4,TIGER 글로벌4차산업혁신기술(합성 H),23335,5,-245,-1.04,23691.0,1.3757,8813,207,593,2026-08-12 05:16:51
401470,2,KODEX 메타버스액티브,9920,2,30,0.3,9926.0,0.3042,4749,47,590,2026-08-12 05:16:51
0089C0,4,KODEX 미국S&P500변동성확대시커버드콜,11775,2,5,0.04,11787.0,0.3371,63701,750,589,2026-08-12 05:16:51
150460,2,TIGER 중국소비테마,7670,2,40,0.52,7674.0,-5.5109,29694,227,584,2026-08-12 05:16:51
0172V0,5,1Q 은액티브,8730,2,110,1.28,8653.0,-22.6906,77143,673,576,2026-08-12 05:16:51
298340,6,PLUS 국채선물3년,56485,3,0,0.0,56485.0,0.6593,1,0,572,2026-08-12 05:16:51
306950,3,KODEX KRX300레버리지,71450,2,5400,8.18,71217.0,-46.0597,5205,364,572,2026-08-12 05:16:51
455960,6,RISE 미국달러SOFR금리액티브(합성),12385,2,10,0.08,12382.0,-2.5975,257,3,567,2026-08-12 05:16:51
0118Z0,4,ACE 미국AI테크핵심산업액티브,9365,2,175,1.9,9303.0,-10.1662,19610,183,567,2026-08-12 05:16:51
225040,4,TIGER 미국S&P500레버리지(합성 H),68815,5,-395,-0.57,68639.0,8.6499,4640,318,564,2026-08-12 05:16:51
0210E0,2,PLUS 200커버드콜액티브,7130,2,230,3.33,7152.0,,211680,1506,563,2026-08-12 05:16:51
428510,4,KODEX 차이나AI테크액티브,25560,2,380,1.51,25443.0,-6.556,6557,166,562,2026-08-12 05:16:51
0166S0,2,PLUS K제조업핵심기업액티브,10470,2,355,3.51,10507.0,-28.1606,23497,246,560,2026-08-12 05:16:51
252400,3,RISE 200선물레버리지,92880,2,6980,8.13,93053.0,-45.1469,8760,807,557,2026-08-12 05:16:51
0046Y0,4,ACE 미국배당퀄리티,13015,5,-35,-0.27,12993.0,2.1438,13811,179,553,2026-08-12 05:16:51
491220,1,PLUS 200TR,122495,2,4390,3.72,122700.0,-18.1816,6965,852,551,2026-08-12 05:16:51
0198A0,2,KIWOOM 코스닥150커버드콜액티브,9245,5,-55,-0.59,9262.0,,320549,2929,550,2026-08-12 05:16:51
0185L0,4,TIME 글로벌휴머노이드로봇산업액티브,8075,3,0,0.0,8075.0,,24068,193,549,2026-08-12 05:16:51
445150,2,KODEX 친환경조선해운액티브,29130,5,-145,-0.5,29201.0,-28.057,3314,96,539,2026-08-12 05:16:51
123310,3,TIGER 인버스,1202,5,-46,-3.69,1201.0,1.2165,3804753,4566,536,2026-08-12 05:16:51
480310,4,TIGER 글로벌온디바이스AI,19835,5,-60,-0.3,19723.0,-8.1726,5100,101,536,2026-08-12 05:16:51
101280,4,KODEX 일본TOPIX100,31405,2,125,0.4,31256.0,3.7489,7510,234,534,2026-08-12 05:16:51
0194M0,2,ACE 삼성전자단일종목레버리지,10670,2,1145,12.02,10804.0,,120506,1286,534,2026-08-12 05:16:51
0113P0,6,HK 머니마켓액티브,102240,3,0,0.0,102256.0,0.729,0,0,530,2026-08-12 05:16:51
114470,6,KIWOOM 국고채3년,108025,2,55,0.05,107986.0,0.4089,33,3,529,2026-08-12 05:16:51
0132H0,4,KODEX 미국원자력SMR,9120,2,205,2.3,9091.0,-21.6609,67775,615,524,2026-08-12 05:16:51
261220,5,KODEX WTI원유선물(H),23290,2,215,0.93,23262.0,-11.6747,71483,1664,524,2026-08-12 05:16:51
0118S0,4,SOL 미국넥스트테크TOP10액티브,11355,2,245,2.21,11260.0,-14.0758,19916,224,522,2026-08-12 05:16:51
385590,2,ACE ESG액티브,22685,2,710,3.23,22748.0,-14.411,728,16,522,2026-08-12 05:16:51
442560,7,RISE TDF2040액티브 적격,16655,2,25,0.15,16529.0,-1.9897,24021,399,516,2026-08-12 05:16:51
304780,3,HANARO 200선물레버리지,114525,2,9665,9.22,113471.0,-44.9886,2670,303,515,2026-08-12 05:16:51
200030,4,KODEX 미국S&P500산업재(합성),45220,2,235,0.52,45352.0,2.3433,4733,213,510,2026-08-12 05:16:51
336160,6,RISE 금융채액티브,100330,2,35,0.03,100365.0,0.3446,45,4,508,2026-08-12 05:16:51
256750,4,KODEX 차이나심천ChiNext(합성),16580,2,150,0.91,16599.0,-12.8151,6331,104,507,2026-08-12 05:16:51
475260,6,ACE 2월만기자동연장회사채AA-이상액티브,10730,3,0,0.0,10731.0,0.6094,0,0,505,2026-08-12 05:16:51
0041D0,4,KODEX 미국AI소프트웨어TOP10,13420,5,-180,-1.32,13430.0,8.6318,69184,929,503,2026-08-12 05:16:51
0139P0,2,ACE 고배당주,13515,5,-60,-0.44,13518.0,-7.614,8160,111,500,2026-08-12 05:16:51
0226A0,7,PLUS SK하이닉스샌디스크채권혼합50,9945,2,190,1.95,9964.0,,60120,596,497,2026-08-12 05:16:51
418670,4,TIGER 글로벌AI사이버보안,18455,5,-40,-0.22,18356.0,33.8277,40370,745,495,2026-08-12 05:16:51
218420,4,KODEX 미국S&P500에너지(합성),20070,2,290,1.47,20087.0,3.6144,16548,332,493,2026-08-12 05:16:51
476260,2,HANARO 반도체핵심공정주도주,12755,2,95,0.75,12780.0,-15.5437,428106,5423,491,2026-08-12 05:16:51
0194T0,2,ACE SK하이닉스단일종목레버리지,6890,2,520,8.16,6998.0,,166399,1153,491,2026-08-12 05:16:51
275300,2,KODEX 우량주,28670,2,815,2.93,28747.0,-15.2785,2388,68,487,2026-08-12 05:16:51
371470,4,TIGER 차이나바이오테크SOLACTIVE,8875,5,-200,-2.2,8955.0,6.0783,11042,98,486,2026-08-12 05:16:51
0020H0,4,KoAct 글로벌양자컴퓨팅액티브,23040,2,410,1.81,22970.0,-9.2259,10066,231,484,2026-08-12 05:16:51
140700,2,KODEX 보험,19300,5,-215,-1.1,19321.0,18.0853,46406,903,483,2026-08-12 05:16:51
287180,4,PLUS 미국나스닥테크,56700,5,-95,-0.17,56514.0,3.4046,785,44,482,2026-08-12 05:16:51
276990,4,KODEX 글로벌로봇(합성),27205,2,35,0.13,27261.0,-6.2134,2108,57,482,2026-08-12 05:16:51
316670,1,KIWOOM 코스닥150,7340,5,-20,-0.27,7345.0,-26.4,141023,1023,482,2026-08-12 05:16:51
494840,4,TIGER 미국방산TOP10,14140,5,-130,-0.91,14164.0,8.2082,18239,258,481,2026-08-12 05:16:51
447430,2,ACE 주주환원가치주액티브,16280,5,-250,-1.51,16282.0,-8.3498,17851,292,480,2026-08-12 05:16:51
0086B0,2,TIGER 리츠부동산인프라TOP10액티브,9775,5,-25,-0.26,9773.0,-7.2755,10152,99,479,2026-08-12 05:16:51
0197W0,2,SOL SK하이닉스단일종목레버리지,6840,2,630,10.14,6866.0,,440135,3014,475,2026-08-12 05:16:51
461340,4,HANARO 글로벌생성형AI액티브,42950,5,-65,-0.15,42738.0,-2.9226,1681,72,472,2026-08-12 05:16:51
0178H0,7,IBK 미국AI TOP10국채혼합50,10050,5,-70,-0.69,10027.0,-1.0685,12212,122,472,2026-08-12 05:16:51
0220B0,1,DS 코스닥액티브,10420,2,70,0.68,10431.0,,306039,3140,469,2026-08-12 05:16:51
253150,3,PLUS 200선물레버리지,185655,2,13720,7.98,186255.0,-45.1686,15047,2729,464,2026-08-12 05:16:51
473490,4,KIWOOM 글로벌AI반도체,30700,2,45,0.15,30571.0,-5.0326,1421,43,461,2026-08-12 05:16:51
196030,4,ACE 일본TOPIX레버리지(H),91605,2,1170,1.29,92219.0,13.0154,27,2,458,2026-08-12 05:16:51
401170,2,RISE 메타버스,11520,5,-105,-0.9,11522.0,16.8341,15159,174,456,2026-08-12 05:16:51
360140,2,KODEX 200롱코스닥150숏선물,20600,2,875,4.44,20616.0,5.3967,76834,1584,453,2026-08-12 05:16:51
140950,1,파워 코스피100,80810,2,2955,3.8,81020.0,-17.9707,555,45,453,2026-08-12 05:16:51
472830,6,RISE 미국30년국채커버드콜(합성),8150,2,30,0.37,8135.0,-7.2357,29156,237,452,2026-08-12 05:16:51
152500,3,ACE 레버리지,41065,2,3045,8.01,41142.0,-45.1015,40502,1642,452,2026-08-12 05:16:51
453650,4,KODEX 미국S&P500금융,20015,2,10,0.05,20006.0,9.1043,21583,432,450,2026-08-12 05:16:51
475270,6,ACE 5월만기자동연장회사채AA-이상액티브,10705,5,-10,-0.09,10715.0,0.6575,10,0,446,2026-08-12 05:16:51
442090,2,에셋플러스 코리아대장장이액티브,29740,2,845,2.92,29565.0,-16.21,277,8,446,2026-08-12 05:16:51
442260,1,마이티 다이나믹퀀트액티브,35690,2,1115,3.22,35863.0,-18.8571,1254,44,443,2026-08-12 05:16:51
238720,4,ACE 일본Nikkei225(H),49130,2,415,0.85,49100.0,8.0394,1634,79,442,2026-08-12 05:16:51
295020,6,RISE 국채선물10년인버스,60445,2,20,0.03,60422.0,2.4673,20,1,441,2026-08-12 05:16:51
375770,2,KODEX 탄소효율그린뉴딜,24040,2,910,3.93,23866.0,-16.2071,271,6,433,2026-08-12 05:16:51
0007G0,4,PLUS 글로벌원자력밸류체인,14365,2,215,1.52,14327.0,-15.7989,1832,26,431,2026-08-12 05:16:51
0207G0,2,SOL 우주항공밸류체인,7440,2,110,1.5,7440.0,,836735,6130,428,2026-08-12 05:16:51
139280,2,TIGER 경기방어,13015,5,-115,-0.88,13007.0,-1.0467,10892,143,427,2026-08-12 05:16:51
440650,6,ACE 미국달러단기채권액티브,11855,5,-10,-0.08,11852.0,-3.1034,56010,664,427,2026-08-12 05:16:51
0100K0,2,KODEX 방산TOP10레버리지,7610,2,580,8.25,7657.0,-50.3181,539365,3904,426,2026-08-12 05:16:51
429760,4,PLUS 미국S&P500,20185,5,-85,-0.42,20173.0,1.2004,1408,28,424,2026-08-12 05:16:51
261120,7,TIGER 미국달러선물인버스2X,5045,5,-15,-0.3,5057.0,7.5451,2725,13,424,2026-08-12 05:16:51
487130,2,KoAct AI인프라액티브,27090,2,820,3.12,27149.0,-27.4109,4986,134,420,2026-08-12 05:16:51
473590,4,ACE 미국주식베스트셀러,18660,2,30,0.16,18499.0,-23.9903,7495,139,420,2026-08-12 05:16:51
0191M0,6,마이티 5월만기자동연장특수채(AAA)액티브,100600,3,0,0.0,100603.0,,0,0,416,2026-08-12 05:16:51
0189B0,5,TIGER 은액티브,8387,2,82,0.99,8340.0,-22.528,41288,344,415,2026-08-12 05:16:51
0141T0,6,SOL 중기종합채권(AA-이상)액티브,50270,2,15,0.03,50262.0,0.4597,1,0,414,2026-08-12 05:16:51
305050,1,ACE 코스피,68140,2,2155,3.27,68251.0,-18.4364,4149,283,409,2026-08-12 05:16:51
365000,2,TIGER 인터넷TOP10,3880,5,-50,-1.27,3880.0,-18.9691,106260,415,405,2026-08-12 05:16:51
139320,5,TIGER 금은선물(H),18410,2,130,0.71,18340.0,-9.1452,7965,146,405,2026-08-12 05:16:51
464470,6,PLUS 미국채30년액티브,49080,2,260,0.53,49013.0,-7.4841,3785,185,404,2026-08-12 05:16:51
448570,1,FOCUS AI코리아액티브,29705,2,1110,3.88,29649.0,-11.5801,116,3,401,2026-08-12 05:16:51
400970,2,TIGER Fn메타버스,7860,5,-75,-0.95,7856.0,-8.7932,2469,19,401,2026-08-12 05:16:51
183700,7,RISE 200채권혼합50,94215,2,1640,1.77,94025.0,-8.4737,2171,204,396,2026-08-12 05:16:51
0186S0,7,1Q 코스닥150채권혼합50액티브,8540,5,-90,-1.04,8579.0,-12.3286,540850,4592,393,2026-08-12 05:16:51
322410,2,HANARO K고배당,22800,5,-115,-0.5,22798.0,-5.6145,2931,67,388,2026-08-12 05:16:51
147970,2,TIGER 모멘텀,80375,2,305,0.38,80544.0,-18.3043,1041,83,386,2026-08-12 05:16:51
195930,4,TIGER 유로스탁스50(합성 H),24080,2,25,0.1,24114.0,11.4689,1722,41,385,2026-08-12 05:16:51
352540,7,KODEX 일본부동산리츠(H),11325,5,-30,-0.26,11441.0,-1.6184,5340,60,385,2026-08-12 05:16:51
437070,6,KODEX 아시아달러채권ESG플러스액티브,60775,2,55,0.09,60685.0,-4.7238,517,31,384,2026-08-12 05:16:51
472840,1,IBK 200,102415,2,3820,3.87,102798.0,-18.53,1040,105,384,2026-08-12 05:16:51
475070,4,KoAct 글로벌친환경전력인프라액티브,31750,2,550,1.76,31692.0,-23.4074,7188,228,381,2026-08-12 05:16:51
491830,4,TIGER 미국AI반도체팹리스,22375,3,0,0.0,22292.0,-0.1721,3512,78,380,2026-08-12 05:16:51
456680,4,TIGER 차이나전기차레버리지(합성),7265,5,-30,-0.41,7305.0,-42.5591,4004,29,380,2026-08-12 05:16:51
498860,2,RISE 코리아금융고배당,16910,2,75,0.45,16906.0,-19.3641,14028,237,372,2026-08-12 05:16:51
0209Z0,2,ACE 코리아AI전력TOP10,7085,2,155,2.24,7089.0,,201813,1423,372,2026-08-12 05:16:51
292560,7,TIGER 일본엔선물,8265,2,30,0.36,8220.0,-4.8527,155950,1288,372,2026-08-12 05:16:51
449690,4,TIGER 한중반도체(합성),49530,2,1620,3.38,49032.0,-11.3271,786,38,371,2026-08-12 05:16:51
276970,4,KODEX 미국S&P500배당귀족커버드콜(합성 H),7845,2,35,0.45,7967.0,8.2907,6770,53,369,2026-08-12 05:16:51
450910,1,SOL 코스닥150,14400,5,-70,-0.48,14410.0,-26.3614,17314,246,369,2026-08-12 05:16:51
452250,6,ACE 미국30년국채선물레버리지(합성 H),4705,3,0,0.0,4754.0,-8.374,4206,19,365,2026-08-12 05:16:51
292770,6,KODEX 국채선물3년인버스,57590,3,0,0.0,57592.0,0.4622,0,0,363,2026-08-12 05:16:51
275280,2,KODEX 모멘텀주,40250,2,1700,4.41,40408.0,-19.8811,3437,138,362,2026-08-12 05:16:51
104530,2,KIWOOM 코리아고배당,17650,5,-255,-1.42,17677.0,-14.7274,9329,165,362,2026-08-12 05:16:51
0085N0,6,ACE 미국10년국채액티브(H),9750,2,20,0.21,9748.0,-1.4679,24546,239,361,2026-08-12 05:16:51
0154F0,2,WON 초대형IB&금융지주,12215,5,-35,-0.29,12214.0,-17.5085,7128,87,360,2026-08-12 05:16:51
322400,2,HANARO e커머스,10725,2,80,0.75,10725.0,-9.9789,4781,51,359,2026-08-12 05:16:51
469050,4,RISE 미국반도체NYSE(H),32395,2,300,0.93,32185.0,1.8356,16148,522,356,2026-08-12 05:16:51
381560,2,HANARO Fn전기&수소차,17620,2,355,2.06,17641.0,-12.952,5173,91,352,2026-08-12 05:16:51
352560,7,KODEX 미국부동산리츠(H),12260,5,-55,-0.45,12269.0,0.1053,2736,33,349,2026-08-12 05:16:51
0112X0,1,마이티 200TR,38800,2,1395,3.73,38803.0,-18.3297,43398,1684,349,2026-08-12 05:16:51
465660,4,TIGER 일본반도체FACTSET,25830,2,415,1.63,25939.0,-4.2171,17725,454,349,2026-08-12 05:16:51
0192L0,2,RISE SK하이닉스단일종목레버리지,7070,2,595,9.19,7147.0,,66071,470,348,2026-08-12 05:16:51
227540,2,TIGER 200 헬스케어,19935,5,-620,-3.02,19926.0,3.7869,26385,528,347,2026-08-12 05:16:51
276650,4,RISE 글로벌테크놀로지(합성 H),46200,5,-100,-0.22,46257.0,1.3239,69,3,347,2026-08-12 05:16:51
385520,2,KODEX 자율주행액티브,16115,2,430,2.74,16141.0,-18.9197,2856,46,346,2026-08-12 05:16:51
241390,7,RISE V&S셀렉트밸류채권혼합,15725,2,305,1.98,15702.0,-7.769,3967,61,346,2026-08-12 05:16:51
465350,3,RISE 2차전지TOP10인버스(합성),17240,5,-260,-1.49,17398.0,33.0798,45091,777,345,2026-08-12 05:16:51
415920,5,PLUS 글로벌희토류&전략자원생산기업,7492,5,-43,-0.57,7478.0,-29.8418,44906,333,345,2026-08-12 05:16:51
476690,4,TIGER 글로벌비만치료제TOP2Plus,10935,5,-60,-0.55,10944.0,7.916,7693,84,344,2026-08-12 05:16:51
474800,4,KIWOOM 미국원유에너지기업,15650,2,120,0.77,15731.0,2.1071,37693,590,344,2026-08-12 05:16:51
174360,4,RISE 중국본토대형주CSI100,24535,2,100,0.41,24543.0,-9.0453,1247,30,343,2026-08-12 05:16:51
407830,4,에셋플러스 글로벌플랫폼액티브,14240,5,-55,-0.38,14237.0,-12.2468,81,1,342,2026-08-12 05:16:51
0023B0,4,PLUS 미국양자컴퓨팅TOP10,17020,2,95,0.56,17001.0,-10.8037,10244,174,340,2026-08-12 05:16:51
0192M0,2,RISE 삼성전자단일종목레버리지,10875,2,1340,14.05,10911.0,,18178,196,340,2026-08-12 05:16:51
496770,4,PLUS 글로벌방산,19340,5,-80,-0.41,19369.0,8.9175,10792,208,338,2026-08-12 05:16:51
449780,4,KIWOOM 미국S&P500(H),18800,5,-75,-0.4,18782.0,4.4832,4688,88,338,2026-08-12 05:16:51
099140,4,KODEX 차이나H,21770,5,-355,-1.6,21730.0,-6.3395,27698,606,337,2026-08-12 05:16:51
138910,5,KODEX 구리선물(H),10180,2,20,0.2,10186.0,3.8854,19406,197,336,2026-08-12 05:16:51
468630,6,KODEX iShares미국투자등급회사채액티브,11125,2,10,0.09,11112.0,-5.4966,58721,652,335,2026-08-12 05:16:51
153270,1,KIWOOM 코스피100,79695,2,2980,3.88,79769.0,-18.0508,2698,213,335,2026-08-12 05:16:51
459560,4,KODEX 테슬라밸류체인FactSet,22200,5,-205,-0.91,22116.0,-12.0954,1146,25,333,2026-08-12 05:16:51
122260,6,KIWOOM 통안채1년,104060,2,5,0.0,104045.0,0.6042,2901,301,333,2026-08-12 05:16:51
266360,2,KODEX K콘텐츠,10390,5,-150,-1.42,10401.0,-10.1067,12120,126,332,2026-08-12 05:16:51
380340,2,ACE 코리아AI테크핵심산업,27570,2,650,2.41,27665.0,0.2607,70942,1949,331,2026-08-12 05:16:51
459750,4,RISE 글로벌주식분산액티브,18340,5,-25,-0.14,18359.0,-0.8275,8700,159,330,2026-08-12 05:16:51
0192T0,2,SOL 코스닥TOP10,7635,5,-15,-0.2,7642.0,,533766,4050,328,2026-08-12 05:16:51
0155N0,2,HANARO K휴머노이드테마TOP10,8105,2,130,1.63,8103.0,-29.6117,53561,433,328,2026-08-12 05:16:51
105780,2,RISE 5대그룹주,16375,2,450,2.83,16427.0,-16.1401,3232,53,328,2026-08-12 05:16:51
491090,4,KODEX 미국테크TOP3플러스,18180,5,-240,-1.3,18158.0,-2.2505,25267,459,327,2026-08-12 05:16:51
395290,2,HANARO Fn K-POP&미디어,5260,5,-90,-1.68,5270.0,-19.6697,76827,405,326,2026-08-12 05:16:51
494410,4,PLUS 미국S&P500성장주,14705,5,-55,-0.37,14723.0,-0.3325,629,9,324,2026-08-12 05:16:51
261140,2,TIGER 우선주,24120,2,340,1.43,24152.0,-17.9595,4066,98,323,2026-08-12 05:16:51
0089B0,7,PLUS 미국나스닥100미국채혼합50,11500,5,-20,-0.17,11484.0,-2.6641,6314,72,322,2026-08-12 05:16:51
464920,4,PLUS 일본반도체소부장,25650,2,295,1.16,25769.0,-4.465,10349,264,321,2026-08-12 05:16:51
256440,4,ACE MSCI인도네시아(합성),5250,5,-115,-2.14,5371.0,-17.5884,302832,1599,320,2026-08-12 05:16:51
0138T0,4,RISE 미국S&P500데일리고정커버드콜,9935,5,-10,-0.1,9908.0,0.5513,52231,517,318,2026-08-12 05:16:51
0204S0,1,TIGER 코스닥액티브,7160,3,0,0.0,7175.0,,90029,641,318,2026-08-12 05:16:51
245350,4,TIGER 유로스탁스배당30,19785,5,-45,-0.23,19792.0,4.3738,2519,49,317,2026-08-12 05:16:51
415340,4,KODEX 차이나과창판STAR50(합성),15260,2,100,0.66,15302.0,-2.1936,16174,244,316,2026-08-12 05:16:51
0155M0,4,ACE 미국SMR원자력TOP10,7585,2,255,3.48,7568.0,-23.8837,14733,111,315,2026-08-12 05:16:51
476070,4,KODEX 글로벌비만치료제TOP2 Plus,11600,5,-185,-1.57,11643.0,8.8049,3583,41,313,2026-08-12 05:16:51
139270,2,TIGER 200 금융,16630,5,-35,-0.21,16633.0,-3.2432,5221,87,309,2026-08-12 05:16:51
395170,2,KODEX Top10동일가중,15370,2,455,3.05,15408.0,-25.3966,5307,81,307,2026-08-12 05:16:51
494340,4,ACE 글로벌AI맞춤형반도체,20440,2,50,0.25,20280.0,2.6428,7809,159,307,2026-08-12 05:16:51
426150,6,WON 대한민국국고채액티브,50870,5,-110,-0.22,50882.0,-4.2719,7,0,306,2026-08-12 05:16:51
248270,4,TIGER S&P글로벌헬스케어(합성),26780,5,-370,-1.36,26944.0,11.0202,5360,144,305,2026-08-12 05:16:51
387270,4,TIGER 글로벌이노베이션액티브,25105,2,385,1.56,24997.0,-10.9671,10402,259,304,2026-08-12 05:16:51
414270,4,ACE 글로벌자율주행액티브,12395,5,-10,-0.08,12385.0,-14.625,48577,602,304,2026-08-12 05:16:51
117460,2,KODEX 에너지화학,13955,5,-60,-0.43,13946.0,-23.0334,18019,252,303,2026-08-12 05:16:51
0083S0,4,1Q 미국메디컬AI,10430,3,0,0.0,10460.0,5.204,13085,136,302,2026-08-12 05:16:51
0150K0,2,KoAct 수소전력ESS인프라액티브,10430,2,70,0.68,10440.0,-37.927,22085,230,302,2026-08-12 05:16:51
0107F0,4,KIWOOM 미국고배당&AI테크,11820,2,10,0.08,11840.0,0.7869,6458,76,301,2026-08-12 05:16:51
450190,4,KODEX 한중반도체(합성),49980,2,1620,3.35,49469.0,-11.1765,160,7,300,2026-08-12 05:16:51
446690,4,KODEX 아시아AI반도체exChina액티브,59945,2,1405,2.4,60002.0,-8.4581,3803,227,300,2026-08-12 05:16:51
192720,2,파워 고배당저변동성,58085,5,-315,-0.54,58074.0,-4.1832,2093,123,296,2026-08-12 05:16:51
156080,1,KODEX MSCI Korea,49070,2,1935,4.11,49154.0,-17.9217,2395,116,294,2026-08-12 05:16:51
0166N0,1,PLUS 코스닥150액티브,7740,2,85,1.11,7726.0,-35.1272,41574,319,294,2026-08-12 05:16:51
271060,5,KODEX 3대농산물선물(H),8085,5,-10,-0.12,8039.0,-4.9883,15798,127,293,2026-08-12 05:16:51
469790,2,KIWOOM 코리아테크TOP10,41385,2,1715,4.32,41465.0,-11.5291,1119,45,290,2026-08-12 05:16:51
275290,2,KODEX 가치주,32170,2,930,2.98,32283.0,-14.0612,1405,45,290,2026-08-12 05:16:51
0137W0,4,KIWOOM 미국S&P500&GOLD,10690,5,-55,-0.51,10706.0,0.7049,15861,169,289,2026-08-12 05:16:51
145850,2,TREX 펀더멘탈 200,114810,2,460,0.4,115334.0,-7.8915,3,0,287,2026-08-12 05:16:51
475380,7,RISE 글로벌리얼티인컴,10570,5,-25,-0.24,10547.0,-6.6917,5113,54,285,2026-08-12 05:16:51
0203S0,7,WON 삼성전자현대차채권혼합50,8625,2,135,1.59,8635.0,,58679,505,285,2026-08-12 05:16:51
0164G0,4,RISE 차이나AI반도체TOP4Plus,13535,2,250,1.88,13670.0,-4.4932,13186,177,284,2026-08-12 05:16:51
459790,4,KIWOOM 미국성장기업30액티브,21000,2,145,0.7,20817.0,-7.7621,3,0,284,2026-08-12 05:16:51
419430,4,KODEX 차이나2차전지MSCI(합성),10050,2,15,0.15,10047.0,-22.0583,2404,24,281,2026-08-12 05:16:51
489290,4,WON 미국빌리어네어,15575,5,-95,-0.61,15530.0,-3.6878,279,4,280,2026-08-12 05:16:51
261250,7,KODEX 미국달러선물레버리지,16670,5,-45,-0.27,16692.0,-6.958,46054,766,278,2026-08-12 05:16:51
223190,2,KODEX 200가치저변동,27805,2,470,1.72,27813.0,-10.5267,2647,73,278,2026-08-12 05:16:51
0223R0,4,TIGER 미국테크NYSE100액티브,9610,2,45,0.47,9566.0,,26093,250,276,2026-08-12 05:16:51
0103T0,2,1Q K소버린AI,9040,5,-30,-0.33,9055.0,-3.9704,39094,354,276,2026-08-12 05:16:51
437350,6,RISE 미국단기투자등급회사채액티브,12500,2,5,0.04,12494.0,-3.588,7478,93,275,2026-08-12 05:16:51
289480,3,TIGER 200커버드콜,11950,2,375,3.24,12041.0,2.8271,17230,205,275,2026-08-12 05:16:51
493420,4,SOL 미국배당다우존스2호,13070,2,30,0.23,13030.0,4.9996,2838,37,274,2026-08-12 05:16:51
0047R0,4,RISE 팔란티어고정테크100,15675,5,-100,-0.63,15713.0,7.0968,4627,72,274,2026-08-12 05:16:51
117680,2,KODEX 철강,12240,5,-70,-0.57,12236.0,-29.3934,51683,629,274,2026-08-12 05:16:51
440340,7,TIGER 글로벌멀티에셋TIF액티브,12370,5,-10,-0.08,12314.0,-0.8309,6482,80,272,2026-08-12 05:16:51
0218J0,7,RISE 미국우주&로봇TOP2미국채혼합50,8905,5,-70,-0.78,8902.0,,103824,920,272,2026-08-12 05:16:51
0115C0,4,RISE 미국고배당다우존스TOP10,11310,5,-45,-0.4,11308.0,4.5972,4064,45,271,2026-08-12 05:16:51
261060,2,TIGER 코스닥150IT,23335,2,255,1.1,23342.0,-26.0849,25433,588,271,2026-08-12 05:16:51
245360,4,TIGER 차이나HSCEI,12560,5,-145,-1.14,12549.0,-6.9725,9184,115,270,2026-08-12 05:16:51
0013R0,7,RISE 테슬라미국채타겟커버드콜혼합(합성),7940,2,30,0.38,7923.0,-11.9107,13227,104,270,2026-08-12 05:16:51
479850,2,HANARO K-뷰티,19170,2,680,3.68,19203.0,4.9673,200121,3835,268,2026-08-12 05:16:51
0184E0,7,1Q 200채권혼합50액티브,10720,2,225,2.14,10721.0,-8.3428,91687,976,268,2026-08-12 05:16:51
252710,3,TIGER 200선물인버스2X,94,5,-9,-8.74,95.0,-11.2069,113139666,10855,268,2026-08-12 05:16:51
167860,6,KIWOOM 국고채10년레버리지,92245,5,-380,-0.41,92324.0,-3.289,4,0,268,2026-08-12 05:16:51
0152E0,2,SOL 배당성향탑픽액티브,11100,5,-150,-1.33,11104.0,-8.9742,9728,108,266,2026-08-12 05:16:51
253250,3,KIWOOM 200선물레버리지,91395,2,6795,8.03,91760.0,-44.9828,7290,666,265,2026-08-12 05:16:51
461600,6,SOL 미국30년국채액티브(H),8350,2,75,0.91,8332.0,-3.9467,4536,37,263,2026-08-12 05:16:51
0097L0,7,KIWOOM 한국고배당&미국AI테크,12795,5,-5,-0.04,12778.0,-5.0997,2819,36,262,2026-08-12 05:16:51
368190,2,HANARO Fn K-뉴딜디지털플러스,8145,5,-75,-0.91,8142.0,-15.2141,408,3,261,2026-08-12 05:16:51
483570,4,KCGI 미국S&P500 TOP10,16150,5,-230,-1.4,16131.0,-3.4768,1957,31,258,2026-08-12 05:16:51
277540,4,ACE 아시아TOP50,31890,2,275,0.87,31808.0,-7.1377,1377,43,255,2026-08-12 05:16:51
0049K0,7,ACE 미국배당퀄리티채권혼합50,11335,5,-25,-0.22,11308.0,1.9621,14453,163,255,2026-08-12 05:16:51
185680,4,KODEX 미국S&P바이오(합성),47750,5,-40,-0.08,47787.0,12.7521,1287,61,254,2026-08-12 05:16:51
0067V0,4,TIGER 차이나글로벌리더스TOP3+,10490,5,-5,-0.05,10470.0,-10.5286,2376,24,252,2026-08-12 05:16:51
0206G0,7,1Q 현대차기아채권혼합50,8330,2,45,0.54,8338.0,,270334,2258,250,2026-08-12 05:16:51
0144M0,4,KODEX 미국드론UAM TOP10,8710,2,105,1.22,8698.0,-5.5952,18290,158,248,2026-08-12 05:16:51
225130,4,ACE 골드선물 레버리지(합성 H),49200,2,705,1.45,49428.0,-15.6683,2534,124,246,2026-08-12 05:16:51
438320,4,TIGER 차이나항셍테크레버리지(합성 H),5600,5,-200,-3.45,5660.0,-13.9466,9880,55,246,2026-08-12 05:16:51
0093D0,7,KoAct 팔란티어밸류체인액티브,18195,2,80,0.44,18244.0,-2.424,10014,182,246,2026-08-12 05:16:51
0198B0,2,1Q 삼성전자선물단일종목레버리지,11140,2,1270,12.87,11178.0,,24603,267,244,2026-08-12 05:16:51
195970,4,PLUS 선진국MSCI(합성 H),16675,5,-25,-0.15,16691.0,5.6293,1749,29,243,2026-08-12 05:16:51
269420,4,KODEX S&P글로벌인프라(합성),22890,5,-75,-0.33,22995.0,-3.7511,1229,28,243,2026-08-12 05:16:51
481340,6,RISE 미국30년국채액티브,8810,2,50,0.57,8796.0,-8.2351,17936,157,242,2026-08-12 05:16:51
496120,1,ACE 코리아밸류업,32280,2,1020,3.26,32329.0,-14.734,1039,33,242,2026-08-12 05:16:51
411540,1,SOL 200 Top10,17280,2,445,2.64,17272.0,-18.402,2251,38,242,2026-08-12 05:16:51
461450,1,KODEX 코스닥글로벌,16125,5,-80,-0.49,16120.0,-18.3833,11887,190,242,2026-08-12 05:16:51
388280,2,RISE K엔터&여행레저,7230,5,-145,-1.97,7233.0,-11.7823,11098,80,240,2026-08-12 05:16:51
280930,4,KODEX 미국러셀2000(H),17140,2,45,0.26,17120.0,5.1029,3982,68,240,2026-08-12 05:16:51
138230,7,KIWOOM 미국달러선물,16540,5,-10,-0.06,16543.0,-3.2164,340,5,240,2026-08-12 05:16:51
0065G0,4,KODEX 차이나테크TOP10,9375,5,-155,-1.63,9383.0,-9.2079,46606,441,239,2026-08-12 05:16:51
300950,2,KODEX 게임산업,5800,5,-230,-3.81,5796.0,-8.4283,103370,600,238,2026-08-12 05:16:51
477730,4,KODEX 인도타타그룹,7900,5,-25,-0.32,7903.0,-1.9649,623,4,237,2026-08-12 05:16:51
139250,2,TIGER 200 에너지화학,17405,2,55,0.32,17427.0,-18.6866,69481,1216,237,2026-08-12 05:16:51
457690,6,KODEX 33-06 국고채액티브,10505,2,10,0.1,10488.0,-0.6156,2414,25,236,2026-08-12 05:16:51
469160,4,ACE 일본반도체,26200,2,490,1.91,26216.0,-6.9322,22947,599,236,2026-08-12 05:16:51
292500,1,SOL KRX300,46730,2,1550,3.43,46829.0,-18.8117,106,4,234,2026-08-12 05:16:51
300640,2,RISE 게임테마,6765,5,-150,-2.17,6764.0,-7.5535,11539,77,233,2026-08-12 05:16:51
204450,4,KODEX 차이나H레버리지(H),2325,5,-45,-1.9,2322.0,-10.057,19586,45,233,2026-08-12 05:16:51
0221Z0,2,ACE K바이오코스닥액티브,11590,5,-315,-2.65,11603.0,,414204,4762,232,2026-08-12 05:16:51
364990,2,TIGER 게임TOP10,5070,5,-140,-2.69,5065.0,-7.1302,127792,644,231,2026-08-12 05:16:51
442550,7,RISE TDF2030액티브 적격,14870,2,40,0.27,14763.0,-2.3583,3741,55,230,2026-08-12 05:16:51
292160,1,TIGER KRX300,45900,2,1700,3.85,45974.0,-19.006,9973,456,230,2026-08-12 05:16:51
464600,2,SOL 자동차소부장Fn,24100,2,585,2.49,24143.0,-6.4452,7591,182,229,2026-08-12 05:16:51
433220,4,에셋플러스 글로벌대장장이액티브,30865,2,165,0.54,30776.0,-11.5911,140,4,228,2026-08-12 05:16:51
289250,2,TIGER MSCI KOREA ESG유니버설,33050,2,935,2.91,33177.0,-15.0256,515,17,228,2026-08-12 05:16:51
159800,1,마이티 코스피100,81345,2,2755,3.51,81734.0,-18.0928,848,69,228,2026-08-12 05:16:51
0198D0,2,1Q SK하이닉스선물단일종목레버리지,7205,2,680,10.42,7264.0,,125056,911,228,2026-08-12 05:16:51
0047P0,4,RISE 테슬라고정테크100,14660,5,-85,-0.58,14677.0,-6.3503,3695,54,227,2026-08-12 05:16:51
367740,2,HANARO Fn5G산업,41185,2,1025,2.55,41266.0,-8.4569,1109,45,227,2026-08-12 05:16:51
447660,7,PLUS 애플채권혼합,13640,5,-50,-0.37,13643.0,1.6242,27996,381,225,2026-08-12 05:16:51
0153X0,4,PLUS 미국고배당주액티브,11525,2,55,0.48,11536.0,5.9391,21957,252,225,2026-08-12 05:16:51
364690,1,KODEX 혁신기술테마액티브,37410,2,1340,3.71,37587.0,-17.853,472,17,224,2026-08-12 05:16:51
0186L0,4,KoAct 미국로봇피지컬AI액티브,9745,5,-20,-0.2,9731.0,-9.9586,16548,161,224,2026-08-12 05:16:51
471460,6,KIWOOM 국고채30년액티브,44810,5,-100,-0.22,44810.0,-12.1229,1968,88,224,2026-08-12 05:16:51
0026E0,4,KODEX 미국S&P500버퍼3월액티브,11990,2,90,0.76,11990.0,-1.0807,5670,67,222,2026-08-12 05:16:51
0127R0,4,RISE 미국AI클라우드인프라,17705,2,1265,7.69,16574.0,0.1575,72903,1286,221,2026-08-12 05:16:51
463300,4,RISE 중국본토CSI300,13815,2,15,0.11,13834.0,-6.8547,351,4,221,2026-08-12 05:16:51
0177A0,2,WON 두산그룹포커스,8990,2,270,3.1,9004.0,-32.8715,26312,235,220,2026-08-12 05:16:51
239660,6,PLUS 우량회사채50,121585,2,40,0.03,121574.0,0.6,1760,213,219,2026-08-12 05:16:51
0190M0,4,KIWOOM 미국AI테크하이베타,9000,2,250,2.86,8836.0,,24738,221,216,2026-08-12 05:16:51
253290,7,RISE 헬스케어채권혼합,11960,5,-65,-0.54,12005.0,-2.8113,10340,123,215,2026-08-12 05:16:51
371450,4,TIGER 글로벌클라우드컴퓨팅INDXX,14135,5,-80,-0.56,14103.0,18.7056,11622,165,215,2026-08-12 05:16:51
304770,1,HANARO 코스닥150,14700,5,-65,-0.44,14732.0,-26.3592,29778,434,215,2026-08-12 05:16:51
091220,2,TIGER 은행,16460,5,-110,-0.66,16460.0,3.8721,44767,742,214,2026-08-12 05:16:51
169950,4,KODEX 차이나A50,26620,2,285,1.08,26622.0,-7.3853,176,4,213,2026-08-12 05:16:51
376410,2,TIGER 탄소효율그린뉴딜,23615,2,860,3.78,23638.0,-16.5576,734,17,213,2026-08-12 05:16:51
375760,2,HANARO 탄소효율그린뉴딜,23540,2,940,4.16,23512.0,-16.3884,69,1,212,2026-08-12 05:16:51
404260,2,KODEX 기후변화솔루션,23125,2,495,2.19,23115.0,-21.9467,199,4,208,2026-08-12 05:16:51
416090,4,ACE 중국과창판STAR50,13820,2,50,0.36,13811.0,-3.5377,6063,83,207,2026-08-12 05:16:51
483330,4,ACE 마이크로소프트밸류체인액티브,15345,5,-65,-0.42,15283.0,6.166,5948,91,207,2026-08-12 05:16:51
0223A0,2,RISE 코스닥커버드콜액티브,10900,2,65,0.6,10914.0,,199805,2159,207,2026-08-12 05:16:51
108590,1,TREX 200,103415,2,4545,4.6,102910.0,-18.5173,17,1,207,2026-08-12 05:16:51
152380,6,KODEX 국채선물10년,64980,2,30,0.05,64968.0,-1.5014,376,24,207,2026-08-12 05:16:51
489000,6,PLUS 일본엔화초단기국채(합성),9390,5,-25,-0.27,9386.0,-5.0429,53400,501,207,2026-08-12 05:16:51
217770,5,TIGER 원유선물인버스(H),1303,5,-12,-0.91,1294.0,4.0348,523147,681,205,2026-08-12 05:16:51
226980,1,KODEX 200 중소형,22640,2,105,0.47,22635.0,-22.6109,3921,88,204,2026-08-12 05:16:51
417630,2,TIGER KEDI혁신기업ESG30,19290,2,450,2.39,19304.0,-12.4739,1303,24,203,2026-08-12 05:16:51
0104P0,2,TIGER 코리아배당다우존스위클리커버드콜,11200,5,-110,-0.97,11190.0,-3.9101,17193,194,202,2026-08-12 05:16:51
497780,4,KoAct 미국천연가스인프라액티브,10800,2,50,0.47,10821.0,-3.8347,2250,24,200,2026-08-12 05:16:51
445910,2,TIGER MKF배당귀족,20850,2,20,0.1,20836.0,-8.8617,2380,49,198,2026-08-12 05:16:51
337120,2,KODEX 멀티팩터,32920,2,960,3.0,33008.0,-18.4906,43,1,198,2026-08-12 05:16:51
407310,1,HANARO 200 TOP10,16905,2,515,3.14,16906.0,-18.7877,1102,18,194,2026-08-12 05:16:51
0192S0,7,SOL 코스피200채권혼합50,9230,2,170,1.88,9233.0,,129368,1181,194,2026-08-12 05:16:51
228820,1,TIGER KTOP30,18375,2,640,3.61,18413.0,-13.5731,5051,92,193,2026-08-12 05:16:51
461910,4,PLUS 미국테크TOP10레버리지(합성),38480,5,-30,-0.08,38029.0,-11.3694,225,8,192,2026-08-12 05:16:51
213630,4,PLUS 미국다우존스고배당주(합성 H),20905,5,-20,-0.1,21036.0,6.3262,2544,53,192,2026-08-12 05:16:51
415760,4,SOL 차이나육성산업액티브(합성),14110,2,95,0.68,14238.0,-3.111,4410,61,192,2026-08-12 05:16:51
289040,2,KODEX MSCI KOREA ESG유니버설,31945,2,1250,4.07,31895.0,-16.0732,11,0,192,2026-08-12 05:16:51
0018Z0,4,RISE 미국양자컴퓨팅,19165,2,185,0.97,19023.0,-2.2338,4288,81,192,2026-08-12 05:16:51
0203R0,6,WON 중단기종합채권(A-이상)액티브,50430,2,5,0.01,50427.0,,3,0,192,2026-08-12 05:16:51
0105D0,2,SOL 한국AI소프트웨어,10035,5,-55,-0.55,10054.0,-4.9459,53903,542,191,2026-08-12 05:16:51
487950,4,KODEX 대만테크고배당다우존스,13130,2,115,0.88,13200.0,-1.9924,4622,60,190,2026-08-12 05:16:51
284980,2,RISE 200금융,22080,2,10,0.05,22118.0,-3.5125,3855,86,190,2026-08-12 05:16:51
468370,6,KODEX iShares미국인플레이션국채액티브,10960,2,5,0.05,10952.0,-5.0871,2900,31,189,2026-08-12 05:16:51
236350,4,TIGER 인도니프티50레버리지(합성),30140,5,-250,-0.82,29950.0,-5.6358,1305,39,187,2026-08-12 05:16:51
461900,4,PLUS 미국테크TOP10,22850,5,-215,-0.93,22786.0,-3.9759,1727,39,183,2026-08-12 05:16:51
0216Z0,2,ACE K방산TOP5+,9615,2,395,4.28,9625.0,,142451,1338,183,2026-08-12 05:16:51
229720,1,KODEX KTOP30,36415,2,1215,3.45,36489.0,-13.2904,3092,112,182,2026-08-12 05:16:51
183710,7,RISE 주식혼합,89955,2,2425,2.77,89718.0,-13.2061,266,23,180,2026-08-12 05:16:51
304760,1,HANARO KRX300,44905,2,1730,4.01,45085.0,-18.8712,78,3,180,2026-08-12 05:16:51
474920,4,에셋플러스 차이나일등기업포커스10액티브,19070,5,-375,-1.93,19160.0,7.4606,269,5,179,2026-08-12 05:16:51
385600,2,ACE 2차전지&친환경차액티브,11930,2,230,1.97,11930.0,-16.3091,7535,89,179,2026-08-12 05:16:51
0104G0,2,PLUS K방산레버리지,7115,2,555,8.46,7130.0,-53.7377,126491,857,178,2026-08-12 05:16:51
449580,7,RISE 테슬라애플아마존채권혼합,16165,5,-110,-0.68,16208.0,-3.2524,13648,220,178,2026-08-12 05:16:51
0193K0,2,PLUS 삼성전자단일종목레버리지,11815,2,1395,13.39,11843.0,,22092,264,177,2026-08-12 05:16:51
379790,4,RISE 유로스탁스50(H),17705,5,-105,-0.59,17798.0,11.8407,38796,689,177,2026-08-12 05:16:51
195920,4,TIGER 일본TOPIX(합성 H),35385,5,-45,-0.13,35653.0,8.7977,226,7,177,2026-08-12 05:16:51
445690,2,BNK 주주가치액티브,29430,2,90,0.31,29720.0,-15.8107,100,2,177,2026-08-12 05:16:51
477490,4,에셋플러스 글로벌일등기업포커스10액티브,19620,5,-20,-0.1,19550.0,-8.8632,155,3,177,2026-08-12 05:16:51
276000,4,TIGER 글로벌자원생산기업(합성 H),20655,3,0,0.0,20472.0,0.2183,904,18,176,2026-08-12 05:16:51
0086C0,7,TIGER 리츠부동산인프라10채권혼합액티브,9950,3,0,0.0,9945.0,-2.907,17341,172,174,2026-08-12 05:16:51
419650,4,PLUS 글로벌수소&차세대연료전지,5350,5,-25,-0.47,5341.0,-23.7589,20261,108,174,2026-08-12 05:16:51
460660,4,RISE 미국S&P배당킹,12400,2,40,0.32,12441.0,7.7921,1256,15,174,2026-08-12 05:16:51
280320,4,ACE 미국IT인터넷(합성 H),21620,5,-220,-1.01,21818.0,8.4409,30,0,173,2026-08-12 05:16:51
404120,2,TIME K신재생에너지액티브,24575,2,240,0.99,24543.0,-20.5777,1223,30,172,2026-08-12 05:16:51
227830,1,PLUS 코스피,68365,2,2625,3.99,68018.0,-18.738,660,45,171,2026-08-12 05:16:51
332620,6,PLUS 미국장기우량회사채,90570,2,180,0.2,90444.0,-6.8967,192,17,169,2026-08-12 05:16:51
250730,4,RISE 차이나HSCEI(H),9960,5,-105,-1.04,9963.0,-3.4996,807,8,169,2026-08-12 05:16:51
225060,4,TIGER 이머징마켓MSCI레버리지(합성 H),15835,2,40,0.25,15882.0,-8.7259,6,0,168,2026-08-12 05:16:51
291130,4,ACE MSCI멕시코(합성),18530,5,-270,-1.44,18646.0,-5.3374,165,3,167,2026-08-12 05:16:51
0224X0,7,1Q 엔비디아알파벳미국채혼합50,10060,5,-95,-0.94,9969.0,,125415,1251,166,2026-08-12 05:16:51
494420,2,PLUS 미국배당증가성장주데일리커버드콜,9755,5,-15,-0.15,9734.0,5.0011,4260,41,166,2026-08-12 05:16:51
0051A0,4,KoAct 브로드컴밸류체인액티브,25320,2,150,0.6,25040.0,-2.1765,1273,32,165,2026-08-12 05:16:51
289260,2,TIGER MSCI KOREA ESG리더스,27400,2,900,3.4,27354.0,-12.9864,11550,318,164,2026-08-12 05:16:51
453630,4,KODEX 미국S&P500필수소비재,12625,5,-60,-0.47,12647.0,-2.0546,2753,34,164,2026-08-12 05:16:51
292050,1,RISE KRX300,46880,2,1625,3.59,47082.0,-19.3747,1148,54,164,2026-08-12 05:16:51
391670,1,HK 베스트일레븐액티브,27285,2,1000,3.8,27053.0,-16.6746,2,0,164,2026-08-12 05:16:51
432840,4,HANARO 미국S&P500,20385,5,-60,-0.29,20359.0,0.8606,1773,36,163,2026-08-12 05:16:51
488290,4,MIDAS 일본테크액티브,46390,2,775,1.7,46831.0,-3.6134,953,43,162,2026-08-12 05:16:51
131890,2,ACE 삼성그룹동일가중,40565,2,420,1.05,40601.0,-2.0018,705,28,162,2026-08-12 05:16:51
0090B0,2,PLUS K방산소부장,7335,2,110,1.52,7347.0,-46.6987,80077,579,161,2026-08-12 05:16:51
0193L0,2,PLUS 삼성전자선물단일종목인버스2X,10690,5,-1540,-12.59,10650.0,,1091472,11923,160,2026-08-12 05:16:51
453820,4,KODEX 인도Nifty50레버리지(합성),12320,5,-135,-1.08,12312.0,-5.0686,3155,39,160,2026-08-12 05:16:51
265690,4,ACE 러시아MSCI(합성),8535,3,0,0.0,48.0,0.0,0,0,158,2026-08-12 05:16:51
0207Z0,4,KIWOOM 미국우주데이터센터인프라,7505,2,130,1.76,7479.0,,31273,233,158,2026-08-12 05:16:51
266410,2,KODEX 필수소비재,9805,2,60,0.62,9806.0,-3.313,35052,346,157,2026-08-12 05:16:51
219390,4,RISE 미국S&P원유생산기업(합성 H),7795,2,100,1.3,7918.0,2.1234,28133,219,156,2026-08-12 05:16:51
387280,2,TIGER 퓨처모빌리티액티브,11470,2,220,1.96,11476.0,-27.7921,1696,19,155,2026-08-12 05:16:51
0153P0,2,ACE 리츠부동산인프라액티브,9635,2,50,0.52,9635.0,-5.6507,3461,33,154,2026-08-12 05:16:51
0220A0,7,KIWOOM 현대차그룹TOP3채권혼합50,9570,2,65,0.68,9573.0,,5175,49,153,2026-08-12 05:16:51
337150,2,KODEX 200exTOP,25400,2,405,1.62,25364.0,-16.4372,188,4,152,2026-08-12 05:16:51
114460,6,ACE 국고채3년,100705,2,35,0.03,100721.0,0.3836,380,38,151,2026-08-12 05:16:51
491510,2,파워 K-주주가치액티브,17745,2,5,0.03,17781.0,-8.7663,125,2,151,2026-08-12 05:16:51
104520,2,KIWOOM 블루칩,14955,2,70,0.47,14945.0,-10.1695,63,0,150,2026-08-12 05:16:51
0013P0,4,RISE 미국은행TOP10,13440,2,45,0.34,13394.0,14.0883,3587,48,148,2026-08-12 05:16:51
102960,2,KODEX 기계장비,13870,2,175,1.28,13889.0,-36.1688,3445,47,147,2026-08-12 05:16:51
453010,7,PLUS KOFR금리,109695,2,20,0.02,109690.0,0.6377,428,46,147,2026-08-12 05:16:51
413930,2,WON AI ESG액티브,26680,2,705,2.71,26735.0,-17.7747,116,3,147,2026-08-12 05:16:51
130680,5,TIGER 원유선물Enhanced(H),6820,2,40,0.59,6833.0,-10.3175,18254,124,147,2026-08-12 05:16:51
465670,4,TIGER 미국캐시카우100,17105,5,-35,-0.2,17029.0,12.5158,33622,576,145,2026-08-12 05:16:51
396510,4,TIGER 차이나클린에너지SOLACTIVE,7805,2,10,0.13,7855.0,-16.0022,4663,36,144,2026-08-12 05:16:51
0004G0,4,1Q 미국배당TOP30,9500,5,-20,-0.21,9492.0,7.2132,6363,60,143,2026-08-12 05:16:51
244620,2,KODEX 모멘텀Plus,20205,2,385,1.94,20168.0,-21.5205,683,13,141,2026-08-12 05:16:51
234310,2,RISE V&S셀렉트밸류,28250,2,765,2.78,28216.0,-15.5218,12,0,141,2026-08-12 05:16:51
360150,2,KODEX 코스닥150롱코스피200숏선물,3445,5,-145,-4.04,3448.0,-15.2303,290335,997,141,2026-08-12 05:16:51
0028X0,4,KODEX 미국금융테크액티브,12140,3,0,0.0,12146.0,10.4954,4375,52,140,2026-08-12 05:16:51
417450,4,RISE 글로벌수소경제,16350,2,200,1.24,16349.0,-20.3048,2346,38,139,2026-08-12 05:16:51
404650,2,SOL KRX기후변화솔루션,23145,2,395,1.74,23113.0,-21.8176,273,6,139,2026-08-12 05:16:51
438900,2,HANARO Fn K-푸드,11100,5,-270,-2.37,11117.0,-4.6866,30547,341,139,2026-08-12 05:16:51
373490,2,KODEX 코리아혁신성장액티브,25180,2,580,2.36,25132.0,-27.8804,288,7,138,2026-08-12 05:16:51
0127V0,4,KIWOOM 미국S&P500 TOP10&배당다우비중전환,11005,5,-90,-0.81,10967.0,-1.5026,1593,17,138,2026-08-12 05:16:51
0127T0,4,KIWOOM 미국S&P500&배당다우존스비중전환,11415,5,-25,-0.22,11390.0,1.9495,758,8,137,2026-08-12 05:16:51
0015F0,7,KIWOOM 팔란티어미국30년국채혼합액티브(H),10500,5,-10,-0.1,10558.0,4.9016,20750,218,137,2026-08-12 05:16:51
489860,4,KIWOOM 글로벌전력GRID인프라,16015,2,130,0.82,16011.0,-8.2699,705,11,136,2026-08-12 05:16:51
300610,2,TIGER K게임,5670,5,-220,-3.74,5682.0,-6.7301,31440,180,136,2026-08-12 05:16:51
0088N0,2,WON K-글로벌수급상위,10860,2,195,1.83,10860.0,-29.4643,1066,11,136,2026-08-12 05:16:51
496130,1,TRUSTON 코리아밸류업액티브,24935,2,695,2.87,24821.0,-19.2404,849,21,135,2026-08-12 05:16:51
266390,2,KODEX 경기소비재,14885,2,285,1.95,14860.0,16.5165,3534,52,134,2026-08-12 05:16:51
472720,1,TRUSTON 주주가치액티브,25385,2,185,0.73,25400.0,-19.1401,1059,27,132,2026-08-12 05:16:51
484890,6,SOL 머니마켓액티브,52455,3,0,0.0,52454.0,0.6813,3114,163,131,2026-08-12 05:16:51
435040,4,ACE 글로벌브랜드TOP10,19765,5,-130,-0.65,19730.0,0.8375,73,1,128,2026-08-12 05:16:51
0008E0,4,ACE 미국중심중소형제조업,13505,2,75,0.56,13529.0,-8.8256,132,1,128,2026-08-12 05:16:51
280920,2,PLUS 주도업종,23320,2,990,4.43,23333.0,-19.9212,67,1,128,2026-08-12 05:16:51
435550,7,KIWOOM TDF2050액티브 적격,18305,2,5,0.03,18265.0,-2.0833,4670,85,128,2026-08-12 05:16:51
428560,4,KODEX 미국ETF산업Top10 Indxx,15985,5,-45,-0.28,16092.0,-0.7179,1277,20,128,2026-08-12 05:16:51
290080,3,RISE 200고배당커버드콜ATM,7290,2,10,0.14,7274.0,5.6952,9002,65,128,2026-08-12 05:16:51
453660,4,KODEX 미국S&P500경기소비재,18195,5,-50,-0.27,18212.0,-3.6552,433,7,127,2026-08-12 05:16:51
176950,6,KODEX 국채선물10년인버스,60230,3,0,0.0,60229.0,2.4668,3,0,126,2026-08-12 05:16:51
0222F0,2,마이티 AI데이터센터밸류체인,12540,2,410,3.38,12546.0,,35034,437,125,2026-08-12 05:16:51
395760,2,PLUS ESG성장주액티브,20800,2,765,3.82,20721.0,-18.0908,19,0,125,2026-08-12 05:16:51
279540,2,KODEX 최소변동성,20735,2,330,1.62,20722.0,-14.8003,5,0,124,2026-08-12 05:16:51
363510,6,SOL KIS단기통안채,112000,5,-5,0.0,112013.0,0.5837,2,0,124,2026-08-12 05:16:51
269370,4,TIGER S&P글로벌인프라(합성),17740,5,-25,-0.14,17697.0,-3.5517,621,10,124,2026-08-12 05:16:51
0000H0,2,KODEX 인도Nifty미드캡100,10795,2,20,0.19,10823.0,-1.1466,47,0,124,2026-08-12 05:16:51
332610,6,PLUS 미국단기회사채(AAA~A),128845,2,70,0.05,128816.0,-3.3656,302,38,124,2026-08-12 05:16:51
400570,4,KODEX 유럽탄소배출권선물ICE(H),11235,5,-35,-0.31,11356.0,9.5238,2799,31,124,2026-08-12 05:16:51
137610,5,TIGER 농산물선물Enhanced(H),5335,5,-20,-0.37,5335.0,-2.9012,14202,75,123,2026-08-12 05:16:51
269530,4,PLUS S&P글로벌인프라,20400,5,-410,-1.97,20651.0,-2.6795,558,11,122,2026-08-12 05:16:51
453060,6,HANARO KOFR금리액티브(합성),111220,3,0,0.0,111238.0,0.6606,0,0,122,2026-08-12 05:16:51
140580,2,RISE 우량업종대표주,24317,2,302,1.26,24299.0,-15.0062,25,0,122,2026-08-12 05:16:51
485810,4,TIME 글로벌바이오액티브,11050,5,-95,-0.85,11065.0,10.5654,2482,27,122,2026-08-12 05:16:51
0084E0,7,KIWOOM 미국대형주500월간목표헤지액티브,10555,3,0,0.0,10542.0,-1.9602,1,0,121,2026-08-12 05:16:51
410870,2,TIME K컬처액티브,10050,5,-200,-1.95,10104.0,-11.217,3912,39,121,2026-08-12 05:16:51
251590,2,PLUS 고배당저변동50,17200,5,-205,-1.18,17213.0,-4.159,2247,39,120,2026-08-12 05:16:51
354240,7,RISE 미국고정배당우선증권,10835,5,-35,-0.32,10831.0,-6.6553,4182,45,119,2026-08-12 05:16:51
464610,2,SOL 의료기기소부장Fn,8205,5,-230,-2.73,8209.0,-11.5829,9881,81,119,2026-08-12 05:16:51
457700,6,KODEX 53-09 국고채액티브,8995,2,10,0.11,9011.0,-11.565,4480,40,119,2026-08-12 05:16:51
448490,6,HANARO 32-10 국고채액티브,52800,5,-15,-0.03,52845.0,-1.7944,28,1,118,2026-08-12 05:16:51
419420,4,KODEX 미국클린에너지나스닥,9855,2,120,1.23,9822.0,-15.2273,1199,11,118,2026-08-12 05:16:51
0208N0,1,IBK 코스피액티브,7135,2,255,3.71,7148.0,,4614,32,118,2026-08-12 05:16:51
0093B0,4,RISE 엔비디아고정테크100,12995,5,-175,-1.33,13024.0,0.8426,1840,24,117,2026-08-12 05:16:51
498050,2,HANARO 바이오코리아액티브,11670,5,-305,-2.55,11693.0,-15.9355,39433,460,117,2026-08-12 05:16:51
371870,4,ACE 차이나항셍테크,7250,5,-90,-1.23,7205.0,-8.4789,7606,55,116,2026-08-12 05:16:51
487750,2,BNK 온디바이스AI,28910,2,910,3.25,29012.0,-18.8289,1067,30,116,2026-08-12 05:16:51
0094L0,4,RISE 차이나테크TOP10위클리타겟커버드콜,8255,5,-115,-1.37,8341.0,-6.8929,2512,20,116,2026-08-12 05:16:51
409810,4,KODEX 미국나스닥100선물인버스(H),5500,2,15,0.27,5513.0,-2.0536,33266,183,116,2026-08-12 05:16:51
407820,2,에셋플러스 코리아플랫폼액티브,6415,2,170,2.72,6403.0,-27.7618,30651,196,115,2026-08-12 05:16:51
463640,4,KODEX 미국S&P500유틸리티,14325,2,125,0.88,14270.0,-5.896,1330,19,115,2026-08-12 05:16:51
451150,4,에셋플러스 글로벌영에이지액티브,18350,5,-155,-0.84,18328.0,0.2709,53,0,114,2026-08-12 05:16:51
0222D0,2,KoAct 고배당액티브,10325,5,-85,-0.82,10340.0,,18230,189,114,2026-08-12 05:16:51
451600,6,PLUS 국고채30년액티브,82825,2,135,0.16,82805.0,-12.3861,106,8,113,2026-08-12 05:16:51
430500,7,KIWOOM 물가채KIS,112470,2,180,0.16,112449.0,-0.9614,66,7,112,2026-08-12 05:16:51
166400,3,TIGER 200커버드콜OTM,22480,2,885,4.1,22428.0,-5.498,1010,22,112,2026-08-12 05:16:51
446700,2,RISE 배터리 리사이클링,10335,2,40,0.39,10351.0,-31.1832,2221,22,112,2026-08-12 05:16:51
252650,1,KODEX 200동일가중,18590,5,-110,-0.59,18641.0,-13.2181,6104,113,112,2026-08-12 05:16:51
0001P0,2,마이티 바이오시밀러&CDMO액티브,9955,5,-195,-1.92,9983.0,-17.4126,779,7,111,2026-08-12 05:16:51
0194R0,2,KIWOOM SK하이닉스선물단일종목레버리지,6795,2,585,9.42,6867.0,,81538,565,110,2026-08-12 05:16:51
456250,4,KODEX 유럽명품TOP10 STOXX,9585,5,-15,-0.16,9578.0,3.2673,1136,10,110,2026-08-12 05:16:51
385710,2,TIME K이노베이션액티브,11010,5,-95,-0.86,11039.0,-30.0693,64,0,110,2026-08-12 05:16:51
0191S0,1,IBK 코스닥150,14840,5,-80,-0.54,14836.0,,14367,211,110,2026-08-12 05:16:51
494180,4,TIME 글로벌소비트렌드액티브,13710,5,-140,-1.01,13696.0,-1.9122,67,0,110,2026-08-12 05:16:51
310080,4,RISE 중국MSCI China(H),9500,5,-70,-0.73,9472.0,-4.3,1058,10,109,2026-08-12 05:16:51
0068M0,4,KODEX 미국S&P500버퍼6월액티브,12105,2,5,0.04,12122.0,0.5982,3,0,109,2026-08-12 05:16:51
0002C0,4,에셋플러스 인도일등기업포커스20액티브,10050,2,70,0.7,10056.0,3.7961,65,0,109,2026-08-12 05:16:51
354350,4,HANARO 글로벌럭셔리S&P(합성),20830,5,-25,-0.12,20828.0,0.0959,71,1,108,2026-08-12 05:16:51
140710,2,KODEX 운송,6365,5,-60,-0.93,6372.0,-6.7511,3865,24,108,2026-08-12 05:16:51
461580,1,TIGER 코스닥글로벌,16445,5,-45,-0.27,16453.0,-18.9283,5006,82,107,2026-08-12 05:16:51
0067Y0,4,TIGER 차이나AI소프트웨어,11640,5,-15,-0.13,11692.0,-11.5035,3877,45,105,2026-08-12 05:16:51
487910,4,ACE 인도컨슈머파워액티브,8690,5,-100,-1.14,8721.0,-0.3402,369,3,104,2026-08-12 05:16:51
301400,1,PLUS 코스닥150,14895,2,10,0.07,14871.0,-26.711,9814,143,104,2026-08-12 05:16:51
460270,6,KIWOOM 미국달러SOFR금리액티브(합성),12850,2,5,0.04,12842.0,-2.8734,159,2,104,2026-08-12 05:16:51
237440,7,TIGER 경기방어채권혼합,10400,3,0,0.0,10374.0,0.0,15872,164,104,2026-08-12 05:16:51
429010,4,TIGER 미국나스닥넥스트100,20695,5,-120,-0.58,20566.0,6.7709,142,2,103,2026-08-12 05:16:51
140570,2,RISE 수출주,25610,2,360,1.43,25671.0,-17.3314,629,16,102,2026-08-12 05:16:51
0120J0,2,BNK 카카오그룹포커스,8155,5,-85,-1.03,8160.0,-12.7119,14163,115,102,2026-08-12 05:16:51
181480,7,ACE 미국부동산리츠(합성 H),84635,2,75,0.09,84450.0,-0.5734,6,0,102,2026-08-12 05:16:51
0189Z0,2,DAISHIN343 금융&지주고배당,10110,2,30,0.3,10159.0,,1230,12,101,2026-08-12 05:16:51
0214M0,2,MIDAS 바이오헬스케어액티브,11770,5,-400,-3.29,11814.0,,976,11,100,2026-08-12 05:16:51
117690,4,TIGER 차이나항셍30,20005,5,-640,-3.1,20148.0,-5.0805,3020,61,100,2026-08-12 05:16:51
0174R0,4,KIWOOM 미국성장다우존스,11755,5,-55,-0.47,11689.0,0.943,2226,26,100,2026-08-12 05:16:51
463690,4,KODEX 미국S&P500커뮤니케이션,18165,5,-215,-1.17,18204.0,-7.551,513,9,100,2026-08-12 05:16:51
281990,2,RISE 중소형고배당,17850,5,-230,-1.27,17867.0,-9.7452,178,3,98,2026-08-12 05:16:51
0226G0,2,WON 피지컬AI TOP2플러스액티브,12270,2,245,2.04,12298.0,,4753,57,98,2026-08-12 05:16:51
399580,4,RISE 글로벌클린에너지,9795,2,35,0.36,9797.0,-16.6263,1330,12,98,2026-08-12 05:16:51
252000,1,TIGER 200동일가중,19545,2,15,0.08,19515.0,-13.2964,9840,192,98,2026-08-12 05:16:51
0227K0,4,RISE 미국우주위성통신,9715,2,130,1.36,9680.0,,47229,457,97,2026-08-12 05:16:51
0203D0,7,PLUS 200위클리커버드콜채권혼합,8815,2,145,1.67,8824.0,,31634,277,97,2026-08-12 05:16:51
0224D0,4,KIWOOM 미국CPU반도체TOP4+,9695,2,5,0.05,9665.0,,2544,24,97,2026-08-12 05:16:51
482030,2,KoAct 반도체&2차전지핵심소재액티브,9225,2,65,0.71,9227.0,-35.1734,4541,41,97,2026-08-12 05:16:51
0113G0,4,KoAct 미국바이오헬스케어액티브,11325,5,-10,-0.09,11308.0,13.9195,6167,69,96,2026-08-12 05:16:51
449680,7,TIGER 한중전기차(합성),11270,2,90,0.81,11192.0,-28.4251,27,0,96,2026-08-12 05:16:51
0194N0,2,KIWOOM 삼성전자선물단일종목레버리지,10855,2,1170,12.08,10920.0,,14367,150,95,2026-08-12 05:16:51
480460,7,WON 한국부동산TOP3플러스,9480,5,-20,-0.21,9489.0,-5.9545,24171,230,95,2026-08-12 05:16:51
371150,4,RISE 차이나항셍테크,7190,5,-110,-1.51,7188.0,-8.536,12276,88,93,2026-08-12 05:16:51
0084D0,7,KIWOOM 미국테크100월간목표헤지액티브,11660,5,-70,-0.6,11679.0,-2.9818,340,3,93,2026-08-12 05:16:51
395150,2,KODEX 웹툰&드라마,1940,5,-38,-1.92,1940.0,-16.3637,17199,33,93,2026-08-12 05:16:51
404540,2,TIGER KRX기후변화솔루션,23265,2,375,1.64,23242.0,-21.8112,804,18,93,2026-08-12 05:16:51
0219B0,2,KoAct 광통신&위성네트워크액티브,11625,2,235,2.06,11642.0,,108246,1231,93,2026-08-12 05:16:51
0133E0,4,TIGER 차이나증권,8845,5,-65,-0.73,8902.0,-3.9043,7486,65,93,2026-08-12 05:16:51
341850,7,TIGER 리츠부동산인프라채권,4630,2,35,0.76,4634.0,-4.6983,12127,56,93,2026-08-12 05:16:51
375270,7,RISE 글로벌데이터센터리츠(합성),14180,3,0,0.0,14120.0,-13.7994,650,9,92,2026-08-12 05:16:51
497510,4,ACE 글로벌빅파마,13120,5,-120,-0.91,13131.0,10.6647,2036,26,92,2026-08-12 05:16:51
215620,2,HK S&P코리아로우볼,16530,3,0,0.0,16314.0,-5.5159,0,0,89,2026-08-12 05:16:51
0216K0,7,KIWOOM 미국우주테크TOP2채권혼합50,8900,2,60,0.68,8952.0,,53658,478,89,2026-08-12 05:16:51
435540,7,KIWOOM TDF2040액티브 적격,17770,3,0,0.0,17722.0,-1.7933,1428,25,89,2026-08-12 05:16:51
429980,7,SOL 한국형글로벌전기차&2차전지액티브,17690,2,240,1.38,17591.0,-16.4273,119,2,88,2026-08-12 05:16:51
230480,7,KIWOOM 미국달러선물인버스2X,4400,3,0,0.0,4427.0,7.1863,758,3,88,2026-08-12 05:16:51
395280,2,HANARO Fn K-게임,3745,5,-150,-3.85,3741.0,-5.6901,6923,25,88,2026-08-12 05:16:51
270800,2,RISE KQ고배당,15990,5,-85,-0.53,16045.0,-10.1656,726,11,88,2026-08-12 05:16:51
174350,2,TIGER 로우볼,20800,5,-255,-1.21,20825.0,2.4695,4643,98,87,2026-08-12 05:16:51
497520,4,ACE 일라이릴리밸류체인,13440,5,-145,-1.07,13452.0,13.5869,584,7,87,2026-08-12 05:16:51
139240,2,TIGER 200 철강소재,10900,5,-115,-1.04,10906.0,-28.4741,20602,223,87,2026-08-12 05:16:51
105010,4,TIGER 라틴35,6210,5,-150,-2.36,6234.0,-10.1841,4970,30,87,2026-08-12 05:16:51
0215T0,4,HANARO 미국AI광통신TOP10,9565,2,340,3.69,9330.0,,59594,568,86,2026-08-12 05:16:51
381570,2,HANARO Fn친환경에너지,10110,5,-40,-0.39,10111.0,-31.419,6074,61,86,2026-08-12 05:16:51
462340,4,에셋플러스 글로벌다이나믹시니어액티브,17090,5,-185,-1.07,17065.0,9.0249,7153,122,85,2026-08-12 05:16:51
0219Z0,4,HANARO 미국S&P500액티브,10670,2,70,0.66,10661.0,,4907,52,85,2026-08-12 05:16:51
261110,7,TIGER 미국달러선물레버리지,16730,5,-40,-0.24,16736.0,-6.9626,640,10,84,2026-08-12 05:16:51
182490,6,TIGER 단기선진하이일드(합성 H),13870,5,-10,-0.07,13858.0,0.5432,31,0,83,2026-08-12 05:16:51
487920,4,ACE 인도시장대표BIG5그룹액티브,8315,5,-70,-0.83,8336.0,-1.5846,789,6,83,2026-08-12 05:16:51
457930,2,BNK 미래전략기술액티브,27620,2,535,1.98,27598.0,-23.2829,106,2,83,2026-08-12 05:16:51
466810,2,BNK 2차전지양극재,5710,2,70,1.24,5681.0,-36.7714,6911,39,83,2026-08-12 05:16:51
217780,4,TIGER 차이나CSI300인버스(합성),5255,2,20,0.38,5282.0,5.9716,7,0,81,2026-08-12 05:16:51
0082F0,4,HANARO 유럽방산,11520,5,-20,-0.17,11559.0,9.9047,1297,14,81,2026-08-12 05:16:51
225800,7,KIWOOM 미국달러선물레버리지,15800,2,25,0.16,15752.0,-7.0693,51,0,81,2026-08-12 05:16:51
0218K0,2,BNK 스마트카,10730,2,230,2.19,10738.0,,811,8,80,2026-08-12 05:16:51
256450,4,PLUS 심천차이넥스트(합성),16065,2,200,1.26,16206.0,-12.3239,1058,16,80,2026-08-12 05:16:51
0184N0,7,PLUS 은채권혼합,8905,2,35,0.39,8886.0,,28489,252,80,2026-08-12 05:16:51
0172Y0,2,ACE K수출핵심TOP10산업액티브,9410,2,275,3.01,9426.0,-25.6108,2964,27,80,2026-08-12 05:16:51
0184V0,2,UNICORN K바이오액티브,6665,5,-155,-2.27,6677.0,,146912,971,80,2026-08-12 05:16:51
395750,2,PLUS ESG가치주액티브,19910,2,710,3.7,19812.0,-17.4372,20,0,80,2026-08-12 05:16:51
0166T0,4,PLUS 글로벌저작권핵심기업액티브,9925,5,-175,-1.73,9994.0,-0.099,44588,446,79,2026-08-12 05:16:51
0138D0,2,RISE 동학개미,12195,2,640,5.54,12178.0,-36.8752,9820,119,79,2026-08-12 05:16:51
0226D0,7,FOCUS 금융반도체지주채권혼합50액티브,9905,2,125,1.28,9940.0,,5621,55,79,2026-08-12 05:16:51
494210,4,SOL 미국500타겟데일리커버드콜액티브,11280,5,-30,-0.27,11237.0,1.0622,1815,20,79,2026-08-12 05:16:51
435530,7,KIWOOM TDF2030액티브 적격,15735,2,15,0.1,15686.0,-2.2442,1835,28,79,2026-08-12 05:16:51
225050,4,TIGER 유로스탁스레버리지(합성 H),17355,2,80,0.46,17358.0,20.7197,789,13,78,2026-08-12 05:16:51
189400,4,PLUS 글로벌MSCI(합성 H),26005,5,-130,-0.5,26085.0,4.1152,15,0,78,2026-08-12 05:16:51
0094X0,4,1Q 샤오미밸류체인액티브,8635,2,55,0.64,8614.0,-15.5582,488,4,78,2026-08-12 05:16:51
390400,4,KODEX 미국스마트모빌리티S&P,7730,2,30,0.39,7770.0,-3.9209,632,4,77,2026-08-12 05:16:51
253280,2,RISE 헬스케어,13980,5,-340,-2.37,14010.0,-8.8769,2959,41,77,2026-08-12 05:16:51
438740,2,MIDAS 중소형액티브,33810,2,100,0.3,33944.0,-18.358,1,0,76,2026-08-12 05:16:51
0005C0,6,RISE 미국S&P500엔화노출(합성 H),11575,5,-60,-0.52,11551.0,-0.8099,62,0,75,2026-08-12 05:16:51
227570,2,TIGER 우량가치,20880,5,-85,-0.41,20916.0,-10.0794,3580,75,75,2026-08-12 05:16:51
285690,2,FOCUS ESG리더스,21405,2,290,1.37,21340.0,-13.8867,5,0,75,2026-08-12 05:16:51
304670,6,KODEX 미국30년국채울트라선물인버스(H),12390,5,-45,-0.36,12381.0,4.3204,11,0,74,2026-08-12 05:16:51
488480,4,RISE 일본섹터TOP4Plus,13500,2,20,0.15,13536.0,-2.6251,364,4,74,2026-08-12 05:16:51
450180,7,KODEX 한중전기차(합성),11415,5,-30,-0.26,11490.0,-28.6249,17,0,74,2026-08-12 05:16:51
368680,2,KODEX K-뉴딜디지털플러스,8195,5,-75,-0.91,8201.0,-14.8128,417,3,74,2026-08-12 05:16:51
437370,4,RISE 글로벌농업경제,10535,2,35,0.33,10501.0,-4.9363,329,3,74,2026-08-12 05:16:51
402460,2,HANARO Fn K-메타버스MZ,14660,2,245,1.7,14676.0,12.8797,574,8,73,2026-08-12 05:16:51
326230,2,RISE 내수주플러스,11450,2,135,1.19,11451.0,-6.9873,10,0,73,2026-08-12 05:16:51
400590,4,SOL 글로벌탄소배출권선물ICE(합성),14300,5,-40,-0.28,14359.0,6.975,41,0,72,2026-08-12 05:16:51
139660,7,KIWOOM 미국달러선물인버스,8200,2,30,0.37,8200.0,3.8779,3,0,71,2026-08-12 05:16:51
0036Z0,4,RISE 미국천연가스밸류체인,12715,2,140,1.11,12651.0,-0.392,1112,14,70,2026-08-12 05:16:51
244670,2,KODEX 밸류Plus,11635,5,-140,-1.19,11669.0,-7.4186,434,5,70,2026-08-12 05:16:51
307510,2,TIGER 의료기기,13835,5,-325,-2.3,13871.0,-18.7322,9508,131,69,2026-08-12 05:16:51
429740,7,PLUS K리츠,6285,2,25,0.4,6279.0,-8.6894,1913,12,69,2026-08-12 05:16:51
139290,2,TIGER 200 경기소비재,26500,2,165,0.63,26476.0,-17.5486,197,5,69,2026-08-12 05:16:51
0047N0,4,PLUS 차이나AI테크TOP10,10570,5,-155,-1.45,10576.0,-6.6174,1570,16,69,2026-08-12 05:16:51
456200,6,PLUS 미국달러SOFR금리액티브(합성),61235,3,0,0.0,61232.0,-3.1246,0,0,67,2026-08-12 05:16:51
316300,7,ACE 싱가포르리츠,13450,2,90,0.67,13493.0,-4.4841,676,9,67,2026-08-12 05:16:51
0102X0,4,ACE 유럽방산TOP10,10090,2,130,1.31,10087.0,3.8643,110424,1114,66,2026-08-12 05:16:51
315270,2,TIGER 200커뮤니케이션서비스,20350,5,-5,-0.02,20360.0,-7.6253,24017,489,65,2026-08-12 05:16:51
219900,4,ACE 중국본토CSI300레버리지(합성),4585,5,-15,-0.33,4602.0,-16.0584,1001,4,64,2026-08-12 05:16:51
0087F0,4,ACE 차이나AI빅테크TOP2+액티브,12760,5,-230,-1.77,12821.0,0.0,634,8,64,2026-08-12 05:16:51
272570,6,RISE 중장기국공채액티브,107990,2,140,0.13,107985.0,-0.1158,720,77,63,2026-08-12 05:16:51
0114X0,4,RISE 글로벌게임테크TOP3Plus,8750,5,-80,-0.91,8727.0,6.7069,190,1,61,2026-08-12 05:16:51
0176P0,2,FOCUS AI반도체위클리고정커버드콜,12165,2,400,3.4,12150.0,-16.2396,7853,96,61,2026-08-12 05:16:51
291890,4,KODEX MSCI EM선물(H),12160,2,145,1.21,12129.0,-4.2248,119,1,61,2026-08-12 05:16:51
483020,2,KIWOOM 의료AI,10115,5,-280,-2.69,10114.0,-16.439,11304,115,61,2026-08-12 05:16:51
0053M0,2,더제이 중소형포커스액티브,13435,2,200,1.51,13461.0,-19.2496,1313,17,60,2026-08-12 05:16:51
0191B0,1,MIDAS 코스닥액티브,30200,2,270,0.9,30215.0,,2860,86,60,2026-08-12 05:16:51
314700,2,HANARO 농업융복합산업,10955,5,-45,-0.41,10969.0,-20.2839,79,0,60,2026-08-12 05:16:51
407300,2,HANARO Fn골프테마,10775,2,75,0.7,10746.0,-23.4658,2,0,59,2026-08-12 05:16:51
413220,4,SOL 차이나태양광CSI(합성),4915,2,35,0.72,4930.0,-25.723,547,2,59,2026-08-12 05:16:51
469530,3,RISE 미국달러선물인버스,9170,2,20,0.22,9178.0,3.8592,653,5,59,2026-08-12 05:16:51
451670,6,RISE 국채30년레버리지(합성),11700,5,-50,-0.43,11743.0,-26.1703,120,1,59,2026-08-12 05:16:51
401590,4,HANARO 글로벌탄소배출권선물ICE(합성),11470,2,5,0.04,11462.0,6.8001,211,2,58,2026-08-12 05:16:51
289670,6,PLUS 국채선물10년,52100,3,0,0.0,52078.0,-1.4005,273,14,58,2026-08-12 05:16:51
138920,5,KODEX 콩선물(H),11605,5,-105,-0.9,11641.0,-4.6417,441,5,58,2026-08-12 05:16:51
400580,4,SOL 유럽탄소배출권선물S&P(H),11600,2,50,0.43,11686.0,8.9622,51,0,58,2026-08-12 05:16:51
470310,2,UNICORN 생성형AI강소기업액티브,19085,2,175,0.93,19083.0,3.7301,1226,23,57,2026-08-12 05:16:51
433250,1,UNICORN R&D 액티브,22780,2,450,2.02,23022.0,-19.0209,15,0,57,2026-08-12 05:16:51
476310,4,RISE 글로벌비만산업TOP2+,10250,5,-160,-1.54,10380.0,9.8777,1082,11,56,2026-08-12 05:16:51
291630,3,KIWOOM 코스닥150선물레버리지,3885,5,-25,-0.64,3889.0,-53.8916,123996,473,56,2026-08-12 05:16:51
267450,6,RISE 미국장기국채선물인버스(H),11240,3,0,0.0,11147.0,3.8817,0,0,56,2026-08-12 05:16:51
220130,4,SOL 차이나강소기업CSI500(합성 H),7005,2,15,0.21,7023.0,-7.4785,3034,21,56,2026-08-12 05:16:51
499150,4,SOL 미국S&P500엔화노출(H),11170,2,5,0.04,11154.0,-1.6699,7,0,56,2026-08-12 05:16:51
488200,2,KIWOOM K-2차전지북미공급망,12395,2,510,4.29,12386.0,-34.2313,12899,159,56,2026-08-12 05:16:51
432600,6,RISE 국채선물3년,55325,2,60,0.11,55309.0,0.5458,2,0,55,2026-08-12 05:16:51
0174J0,7,DAISHIN343 오피스리츠플러스,9000,5,-30,-0.33,9035.0,-6.1921,4570,41,54,2026-08-12 05:16:51
490330,4,KoAct 미국치매&뇌질환치료제액티브,15360,5,-130,-0.84,15362.0,18.064,437,6,54,2026-08-12 05:16:51
321410,7,KODEX 멀티에셋하이인컴(H),10660,5,-5,-0.05,10668.0,1.4249,1,0,53,2026-08-12 05:16:51
483030,4,KIWOOM 미국블록버스터바이오테크의약품+,11835,5,-185,-1.54,11916.0,9.7259,3354,39,53,2026-08-12 05:16:51
474390,6,SOL 국고채30년액티브,39725,2,50,0.13,39777.0,-13.2787,243,9,53,2026-08-12 05:16:51
261920,4,ACE MSCI필리핀(합성),13220,2,5,0.04,13295.0,-0.0757,17,0,53,2026-08-12 05:16:51
411860,4,KIWOOM 독일DAX,17600,5,-70,-0.4,17629.0,2.6861,370,6,53,2026-08-12 05:16:51
0015E0,7,KIWOOM 엔비디아미국30년국채혼합액티브(H),10485,5,-65,-0.62,10531.0,-1.0289,545,5,52,2026-08-12 05:16:51
0132D0,7,KoAct 글로벌K컬처밸류체인액티브,9525,5,-55,-0.57,9553.0,-2.8398,776,7,52,2026-08-12 05:16:51
0073X0,5,FOCUS 알리바바미국채커버드콜혼합,9510,5,-10,-0.11,9496.0,-7.826,3535,33,52,2026-08-12 05:16:51
0078V0,4,PLUS 미국로보택시,10330,5,-25,-0.24,10275.0,-9.7997,282,2,52,2026-08-12 05:16:51
250780,3,TIGER 코스닥150선물인버스,2345,2,5,0.21,2345.0,17.4109,439397,1038,52,2026-08-12 05:16:51
295000,6,RISE 국채선물10년,51425,2,55,0.11,51414.0,-1.6089,3,0,51,2026-08-12 05:16:51
0128D0,4,PLUS 차이나항셍테크위클리타겟커버드콜,7335,5,-180,-2.4,7342.0,-6.4287,4358,32,51,2026-08-12 05:16:51
498610,4,RISE 인도디지털성장,8555,2,10,0.12,8541.0,3.3646,915,7,51,2026-08-12 05:16:51
391600,4,ACE 미국친환경그린테마,11160,2,110,1.0,11123.0,-10.1992,273,3,50,2026-08-12 05:16:51
0154H0,4,KoAct 차이나바이오헬스케어액티브,9060,5,-80,-0.88,9024.0,-1.4024,539,4,50,2026-08-12 05:16:51
0015K0,4,TIGER 미국소비트렌드액티브,7315,5,-20,-0.27,7281.0,-2.5897,33,0,50,2026-08-12 05:16:51
267440,6,RISE 미국장기국채선물(H),8035,2,130,1.64,8072.0,-4.0656,31,0,48,2026-08-12 05:16:51
244660,2,KODEX 퀄리티Plus,9520,5,-140,-1.45,9548.0,-3.6325,150,1,48,2026-08-12 05:16:51
0131A0,4,SOL 차이나소비트렌드,7895,5,-160,-1.99,7924.0,-17.4693,3270,25,47,2026-08-12 05:16:51
266550,2,PLUS 중형주저변동50,18830,2,30,0.16,18731.0,-9.572,1,0,47,2026-08-12 05:16:51
252420,3,RISE 200선물인버스2X,92,5,-7,-7.07,92.0,-11.6072,2268540,207,46,2026-08-12 05:16:51
373790,4,KIWOOM 미국방어배당성장나스닥,16170,2,30,0.19,16134.0,2.6792,113,1,45,2026-08-12 05:16:51
205720,4,ACE 일본TOPIX인버스(합성 H),1450,5,-2,-0.14,1447.0,-7.457,1979,2,44,2026-08-12 05:16:51
243890,2,TIGER 200에너지화학레버리지,8235,2,20,0.24,8247.0,-41.4052,31150,259,43,2026-08-12 05:16:51
226380,2,ACE Fn성장소비주도주,6055,2,30,0.5,6071.0,-7.3077,72,0,42,2026-08-12 05:16:51
227550,2,TIGER 200 산업재,12435,2,280,2.3,12473.0,-25.292,509,6,42,2026-08-12 05:16:51
277650,2,TIGER 코스피중형주,20970,2,80,0.38,20969.0,-20.7362,535,11,42,2026-08-12 05:16:51
488210,2,KIWOOM K-반도체북미공급망,20950,2,795,3.94,20978.0,-29.4626,568,11,42,2026-08-12 05:16:51
0050E0,4,PLUS 미국AI에이전트,8350,5,-75,-0.89,8392.0,6.6455,458,3,42,2026-08-12 05:16:51
238670,7,PLUS 스마트베타Quality채권혼합,13550,5,-5,-0.04,13524.0,0.1847,4805,65,41,2026-08-12 05:16:51
334690,5,RISE 팔라듐선물(H),6250,5,-20,-0.32,6244.0,-9.3931,1356,8,41,2026-08-12 05:16:51
291680,4,RISE 차이나H선물인버스(H),7720,2,70,0.92,7830.0,0.8569,146,1,39,2026-08-12 05:16:51
225030,4,TIGER 미국S&P500선물인버스(H),2235,3,0,0.0,2237.0,-3.6638,11464,25,38,2026-08-12 05:16:51
0079X0,4,ACE BYD밸류체인액티브,10585,5,-30,-0.28,10573.0,-16.4831,355,3,37,2026-08-12 05:16:51
427120,2,RISE AI플랫폼,5445,5,-55,-1.0,5455.0,-16.0306,24215,132,36,2026-08-12 05:16:51
306530,3,HANARO 코스닥150선물레버리지,7745,5,-55,-0.71,7747.0,-54.3326,52272,389,36,2026-08-12 05:16:51
267490,6,RISE 미국장기국채선물레버리지(합성 H),5005,2,35,0.7,5016.0,-7.1896,4,0,35,2026-08-12 05:16:51
489010,4,PLUS 글로벌AI인프라,21420,2,175,0.82,21242.0,-2.434,413,8,32,2026-08-12 05:16:51
476000,2,UNICORN 포스트IPO액티브,5770,5,-85,-1.45,5776.0,-46.1857,56362,319,32,2026-08-12 05:16:51
145670,3,ACE 인버스,1375,5,-53,-3.71,1373.0,3.3285,122636,168,32,2026-08-12 05:16:51
454180,4,KIWOOM 차이나내수소비TOP CSI,7895,5,-125,-1.56,7938.0,-6.574,608,4,32,2026-08-12 05:16:51
227560,2,TIGER 200 생활소비재,13140,2,105,0.81,13146.0,-6.2292,10095,133,32,2026-08-12 05:16:51
252410,3,RISE 200선물인버스,1395,5,-65,-4.45,1398.0,3.9886,11529,16,28,2026-08-12 05:16:51
280940,5,KODEX 골드선물인버스(H),3420,3,0,0.0,3422.0,7.0422,314,1,27,2026-08-12 05:16:51
491630,4,RISE 미국반도체인버스(합성 H),5255,5,-140,-2.59,5304.0,-12.8433,5627,29,25,2026-08-12 05:16:51
253230,3,KIWOOM 200선물인버스2X,87,5,-8,-8.42,88.0,-13.6364,1708187,150,25,2026-08-12 05:16:51
291620,3,KIWOOM 코스닥150선물인버스,4135,3,0,0.0,4155.0,16.8079,27851,116,24,2026-08-12 05:16:51
275750,3,RISE 코스닥150선물인버스,2365,5,-5,-0.21,2376.0,16.7487,12896,30,21,2026-08-12 05:16:51
334700,5,RISE 팔라듐선물인버스(H),3225,3,0,0.0,3223.0,3.6977,627,2,21,2026-08-12 05:16:51
253240,3,KIWOOM 200선물인버스,1400,5,-62,-4.24,1401.0,3.3946,56536,79,17,2026-08-12 05:16:51
465620,4,ACE 미국빅테크TOP7 Plus인버스(합성),6300,2,100,1.61,6301.0,-1.8988,182,1,16,2026-08-12 05:16:51
306520,3,HANARO 200선물인버스,2560,5,-90,-3.4,2554.0,4.3307,2961,7,15,2026-08-12 05:16:51
412560,2,TIGER BBIG레버리지,1924,5,-41,-2.09,1929.0,-28.9331,21572,41,13,2026-08-12 05:16:51
253160,3,PLUS 200선물인버스2X,179,5,-13,-6.77,178.0,-16.1573,791522,142,12,2026-08-12 05:16:51
397420,6,RISE 국채선물5년추종,50580,3,0,0.0,50588.0,-0.0988,0,0,3,2026-08-12 05:16:51
