itemcode,etfTabCode,itemname,nowVal,risefall,changeVal,changeRate,nav,threeMonthEarnRate,quant,amonut,marketSum,collected_at
069500,1,KODEX 200,110000,2,1810,1.67,110282.0,-4.3517,11699138,1269601,257895,2026-08-21 01:49:31
360750,4,TIGER 미국S&P500,26185,5,-485,-1.82,26147.0,-2.8518,14459104,379625,201572,2026-08-21 01:49:31
133690,4,TIGER 미국나스닥100,178885,5,-3300,-1.81,178487.0,-5.431,540992,97039,112376,2026-08-21 01:49:31
102110,1,TIGER 200,110220,2,1785,1.65,110548.0,-4.053,7119237,775241,105536,2026-08-21 01:49:31
379800,4,KODEX 미국S&P500,23800,5,-450,-1.86,23767.0,-2.79,8967008,213958,99234,2026-08-21 01:49:31
396500,2,TIGER 반도체TOP10,36490,2,290,0.8,36549.0,-17.1625,6494322,234371,98176,2026-08-21 01:49:31
379810,4,KODEX 미국나스닥100,26745,5,-490,-1.8,26685.0,-5.3947,3762853,100837,91053,2026-08-21 01:49:31
488770,7,KODEX 머니마켓액티브,105307,2,27,0.03,105306.0,0.8477,281458,29639,79305,2026-08-21 01:49:31
278530,1,KODEX 200TR,39830,2,655,1.67,39913.0,-4.1591,386907,15197,78744,2026-08-21 01:49:31
459580,6,KODEX CD금리액티브(합성),1075447,2,82,0.01,1075668.0,0.7327,261754,281502,66164,2026-08-21 01:49:31
498400,2,KODEX 200타겟위클리커버드콜,20780,2,295,1.44,20851.0,-4.4651,3244477,66446,59265,2026-08-21 01:49:31
122630,3,KODEX 레버리지,112255,2,3545,3.26,112664.0,-25.0767,9377375,1025925,58709,2026-08-21 01:49:31
381180,4,TIGER 미국필라델피아반도체나스닥,42590,5,-555,-1.29,42406.0,-3.7598,619176,26415,57475,2026-08-21 01:49:31
0167A0,2,SOL AI반도체TOP2플러스,17660,5,-110,-0.62,17701.0,0.6798,8003878,140085,57077,2026-08-21 01:49:31
091160,2,KODEX 반도체,127110,2,40,0.03,127351.0,-9.8763,676607,85495,55992,2026-08-21 01:49:31
229200,1,KODEX 코스닥150,13685,5,-930,-6.36,13723.0,-16.9131,13159744,182892,48479,2026-08-21 01:49:31
148020,1,RISE 200,110725,2,1665,1.53,111103.0,-4.16,491231,53693,46671,2026-08-21 01:49:31
310970,1,TIGER MSCI Korea TR,49420,2,820,1.69,49579.0,-3.4949,8988,439,44824,2026-08-21 01:49:31
458730,4,TIGER 미국배당다우존스,15255,5,-210,-1.36,15221.0,1.2633,949177,14529,42905,2026-08-21 01:49:31
0162Z0,7,RISE 삼성전자SK하이닉스채권혼합50,13715,2,205,1.52,13742.0,3.2282,4374821,59450,42091,2026-08-21 01:49:31
411060,5,ACE KRX금현물,28175,2,25,0.09,28130.0,-5.8056,374891,10572,41502,2026-08-21 01:49:31
395160,2,KODEX AI반도체TOP2플러스,40320,2,110,0.27,40385.0,6.6154,2729658,108637,40844,2026-08-21 01:49:31
360200,4,ACE 미국S&P500,26465,5,-500,-1.85,26433.0,-2.787,419196,11140,39221,2026-08-21 01:49:31
381170,4,TIGER 미국테크TOP10 INDXX,30295,5,-555,-1.8,30216.0,-10.2676,113041,3434,37384,2026-08-21 01:49:31
395270,2,HANARO Fn K-반도체,57115,2,210,0.37,57232.0,4.4607,602116,33935,36125,2026-08-21 01:49:31
423160,6,KODEX KOFR금리액티브(합성),110847,2,27,0.02,110815.0,0.6703,27086,3002,35794,2026-08-21 01:49:31
357870,6,TIGER CD금리투자KIS(합성),57942,2,7,0.01,57943.0,0.7477,48172,2791,35510,2026-08-21 01:49:31
367380,4,ACE 미국나스닥100,30755,5,-570,-1.82,30681.0,-5.4512,394645,12168,34169,2026-08-21 01:49:31
102780,2,KODEX 삼성그룹,26135,5,-115,-0.44,26182.0,3.1839,251155,6488,33793,2026-08-21 01:49:31
273130,6,KODEX 종합채권(AA-이상)액티브,109400,5,-280,-0.26,109560.0,-0.7376,29667,3247,33430,2026-08-21 01:49:31
233740,3,KODEX 코스닥150레버리지,6625,5,-955,-12.6,6631.0,-41.2176,56346233,385853,32622,2026-08-21 01:49:31
455890,6,RISE 머니마켓액티브,55427,2,7,0.01,55431.0,0.8002,48982,2714,30087,2026-08-21 01:49:31
0043B0,6,TIGER 머니마켓액티브,103425,2,10,0.01,103433.0,0.8828,46523,4811,29792,2026-08-21 01:49:31
487240,2,KODEX AI전력핵심설비,33410,5,-1960,-5.54,33458.0,-27.972,1441169,48534,29334,2026-08-21 01:49:31
139260,2,TIGER 200 IT,137625,2,125,0.09,137873.0,1.3963,148719,20219,27855,2026-08-21 01:49:31
481050,6,KODEX CD1년금리플러스액티브(합성),1023570,2,105,0.01,1023624.0,0.7769,3347,3425,25668,2026-08-21 01:49:31
0193T0,2,KODEX SK하이닉스단일종목레버리지,10890,2,810,8.04,10939.0,,17646282,187251,25096,2026-08-21 01:49:31
426030,4,TIME 미국나스닥100액티브,45545,5,-705,-1.52,45327.0,-10.6453,339118,15456,24430,2026-08-21 01:49:31
449170,6,TIGER KOFR금리액티브(합성),111660,2,15,0.01,111627.0,0.6581,19616,2190,24375,2026-08-21 01:49:31
472150,2,TIGER 배당커버드콜액티브,21060,2,330,1.59,21093.0,-2.7414,1839158,38226,24171,2026-08-21 01:49:31
278540,1,KODEX MSCI Korea TR,39400,2,740,1.91,39469.0,-2.9497,16536,644,24073,2026-08-21 01:49:31
161510,2,PLUS 고배당주,24590,5,-75,-0.3,24594.0,-3.3292,287709,7048,23341,2026-08-21 01:49:31
486290,4,TIGER 미국나스닥100타겟데일리커버드콜,10545,5,-195,-1.82,10517.0,-5.8801,1059925,11202,23152,2026-08-21 01:49:31
456600,4,TIME 글로벌AI인공지능액티브,57875,5,-400,-0.69,57836.0,-4.8572,36338,2101,21333,2026-08-21 01:49:31
292150,2,TIGER 코리아TOP10,38680,2,795,2.1,38735.0,-4.3028,292476,11169,20829,2026-08-21 01:49:31
284430,6,KODEX 200미국채혼합50,21105,2,35,0.17,21116.0,-4.7688,946012,19869,20615,2026-08-21 01:49:31
385540,6,RISE 종합채권(A-이상)액티브,102545,5,-165,-0.16,102583.0,-0.6529,162,16,19131,2026-08-21 01:49:31
105190,1,ACE 200,110210,2,1810,1.67,110516.0,-4.5354,101511,11058,18570,2026-08-21 01:49:31
294400,1,KIWOOM 200TR,144395,2,2455,1.73,144633.0,-4.2014,39027,5558,18555,2026-08-21 01:49:31
214980,6,KODEX 단기채권PLUS,114557,2,17,0.01,114571.0,0.6524,7135,817,18409,2026-08-21 01:49:31
0193W0,2,KODEX 삼성전자단일종목레버리지,13895,2,910,7.01,13959.0,,6218651,82080,17859,2026-08-21 01:49:31
442580,4,PLUS 글로벌HBM반도체,103745,2,1780,1.75,103614.0,6.6467,268066,27520,17792,2026-08-21 01:49:31
477080,6,RISE CD금리액티브(합성),107375,2,5,0.0,107383.0,0.7223,4676,502,16657,2026-08-21 01:49:31
441640,4,KODEX 미국배당커버드콜액티브,12665,5,-215,-1.67,12638.0,-0.0446,523491,6649,16642,2026-08-21 01:49:31
305720,2,KODEX 2차전지산업,13715,5,-595,-4.16,13703.0,-19.4937,1040365,14357,15855,2026-08-21 01:49:31
152100,1,PLUS 200,111615,2,1800,1.64,111953.0,-4.3174,203153,22432,15626,2026-08-21 01:49:31
0177N0,7,KODEX 삼성전자SK하이닉스채권혼합50,14490,2,200,1.4,14507.0,3.4283,2702659,38778,15606,2026-08-21 01:49:31
446770,4,ACE 글로벌반도체TOP4 Plus,77415,5,-400,-0.51,77403.0,-2.8748,40127,3100,15599,2026-08-21 01:49:31
368590,4,RISE 미국나스닥100,29835,5,-550,-1.81,29766.0,-5.3759,115639,3456,15335,2026-08-21 01:49:31
329200,2,TIGER 리츠부동산인프라,4072,5,-8,-0.2,4062.0,-0.221,777187,3166,15325,2026-08-21 01:49:31
0195S0,2,TIGER SK하이닉스단일종목레버리지,9220,2,685,8.03,9257.0,,7827758,70316,15259,2026-08-21 01:49:31
453850,6,ACE 미국30년국채액티브(H),7145,5,-60,-0.83,7151.0,0.5947,260835,1863,15005,2026-08-21 01:49:31
487230,4,KODEX 미국AI전력핵심인프라,19480,5,-680,-3.37,19451.0,-19.6365,416118,8129,14678,2026-08-21 01:49:31
379780,4,RISE 미국S&P500,22895,5,-430,-1.84,22857.0,-2.7156,113755,2614,14676,2026-08-21 01:49:31
475630,7,TIGER CD1년금리액티브(합성),1075110,2,125,0.01,1075109.0,0.7847,15467,16628,14490,2026-08-21 01:49:31
466920,2,SOL 조선TOP3플러스,27155,5,-1140,-4.03,27129.0,-21.1619,411242,11219,14460,2026-08-21 01:49:31
091230,2,TIGER 반도체,134375,5,-325,-0.24,134757.0,-8.1768,67451,9000,13679,2026-08-21 01:49:31
436140,6,SOL 종합채권(AA-이상)액티브,105845,5,-195,-0.18,105839.0,-0.6046,2682,283,13566,2026-08-21 01:49:31
157450,6,TIGER 단기통안채,112465,5,-5,0.0,112473.0,0.6442,2676,300,13029,2026-08-21 01:49:31
232080,1,TIGER 코스닥150,13955,5,-945,-6.34,13979.0,-17.0148,2139153,30282,12970,2026-08-21 01:49:31
448330,1,KODEX 삼성전자채권혼합,17710,2,165,0.94,17725.0,2.5671,390056,6847,12928,2026-08-21 01:49:31
390390,4,KODEX 미국반도체,53050,5,-760,-1.41,52843.0,-4.3706,180285,9576,12652,2026-08-21 01:49:31
226490,1,KODEX 코스피,70955,2,470,0.67,71001.0,-4.9294,311443,21904,12453,2026-08-21 01:49:31
0072R0,5,TIGER KRX금현물,13440,2,10,0.07,13443.0,-6.0182,259649,3492,12439,2026-08-21 01:49:31
438080,7,ACE 미국S&P500미국채혼합50액티브,14030,5,-190,-1.34,14012.0,-4.7237,240744,3392,12248,2026-08-21 01:49:31
0183J0,4,TIGER 미국우주테크,8025,5,-410,-4.86,8001.0,-37.978,894602,7181,11753,2026-08-21 01:49:31
469150,2,ACE AI반도체TOP3+,57910,5,-590,-1.01,58059.0,-11.3637,251645,14471,11235,2026-08-21 01:49:31
494890,1,KODEX 200액티브,31700,2,480,1.54,31786.0,-4.4283,174572,5435,10968,2026-08-21 01:49:31
497570,4,TIGER 미국필라델피아AI반도체나스닥,21365,5,-285,-1.32,21289.0,-1.9857,222717,4766,10821,2026-08-21 01:49:31
0139F0,6,TIGER 12월자동연장금융채(AA-이상)액티브,102060,2,15,0.01,102055.0,0.7503,4,0,10796,2026-08-21 01:49:31
445290,2,KODEX 로봇액티브,30910,5,-990,-3.1,30928.0,-11.0707,156048,4821,10757,2026-08-21 01:49:31
0195R0,2,TIGER 삼성전자단일종목레버리지,12625,2,820,6.95,12695.0,,4208088,50402,10690,2026-08-21 01:49:31
446720,4,SOL 미국배당다우존스,13970,5,-210,-1.48,13952.0,1.3437,262897,3685,10478,2026-08-21 01:49:31
465580,4,ACE 미국빅테크TOP7 Plus,23865,5,-560,-2.29,23813.0,-5.2744,132322,3168,10393,2026-08-21 01:49:31
479520,6,RISE KOFR금리액티브(합성),106285,2,5,0.0,106258.0,0.6725,4941,525,10317,2026-08-21 01:49:31
494310,2,KODEX 반도체레버리지,77500,5,-175,-0.23,77921.0,-38.6551,1606728,123308,10269,2026-08-21 01:49:31
449450,2,PLUS K방산,52080,5,-3870,-6.92,52118.0,-16.9759,204376,10798,10150,2026-08-21 01:49:31
295040,1,SOL 200TR,41225,2,655,1.61,41324.0,-4.2596,36391,1475,10141,2026-08-21 01:49:31
449180,4,KODEX 미국S&P500(H),17070,5,-165,-0.96,17054.0,4.5478,224165,3827,10105,2026-08-21 01:49:31
356540,6,ACE 종합채권(AA-이상)액티브,100895,5,-195,-0.19,100893.0,-0.502,11,1,10086,2026-08-21 01:49:31
469830,6,SOL 초단기채권액티브,54325,3,0,0.0,54330.0,0.8446,65706,3569,10086,2026-08-21 01:49:31
237350,1,KODEX 코스피100,87830,2,1180,1.36,88036.0,-3.9739,95934,8313,9969,2026-08-21 01:49:31
315930,2,KODEX Top5PlusTR,81920,2,1420,1.76,82049.0,-4.0525,24263,1966,9912,2026-08-21 01:49:31
451540,6,TIGER 종합채권(AA-이상)액티브,52615,5,-95,-0.18,52649.0,-0.6597,1453,76,9820,2026-08-21 01:49:31
402970,4,ACE 미국배당다우존스,15495,5,-220,-1.4,15468.0,1.3775,171182,2658,9700,2026-08-21 01:49:31
494300,4,KODEX 미국나스닥100데일리커버드콜OTM,9105,5,-185,-1.99,9081.0,-8.6186,875249,7991,9651,2026-08-21 01:49:31
495050,1,RISE 코리아밸류업,32435,2,75,0.23,32472.0,-4.4898,42905,1379,9649,2026-08-21 01:49:31
455850,2,SOL AI반도체소부장,22775,5,-1350,-5.6,22812.0,-14.873,757329,17471,9634,2026-08-21 01:49:31
479080,6,1Q 머니마켓액티브,53715,2,5,0.01,53715.0,0.8638,20923,1123,9629,2026-08-21 01:49:31
438100,7,ACE 미국나스닥100미국채혼합50액티브,15160,5,-205,-1.33,15131.0,-5.9094,118449,1800,9278,2026-08-21 01:49:31
0117V0,2,TIGER 코리아AI전력기기TOP3플러스,17400,5,-935,-5.1,17419.0,-25.849,817042,14315,9266,2026-08-21 01:49:31
0117L0,6,KODEX 26-12 금융채(AA-이상)액티브,10150,3,0,0.0,10149.0,0.6445,3165,32,9219,2026-08-21 01:49:31
487340,6,ACE 머니마켓액티브,105760,2,15,0.01,105763.0,0.8776,2003,211,8658,2026-08-21 01:49:31
305540,2,TIGER 2차전지테마,17315,5,-775,-4.28,17303.0,-18.6418,179926,3135,8519,2026-08-21 01:49:31
475720,3,RISE 200위클리커버드콜,12880,2,130,1.02,12901.0,-6.4075,270475,3453,8295,2026-08-21 01:49:31
0177R0,2,TIGER 반도체TOP10커버드콜액티브,11370,2,20,0.18,11394.0,-5.0185,649657,7306,8277,2026-08-21 01:49:31
144600,5,KODEX 은선물(H),11135,2,210,1.92,11147.0,-11.1428,454345,5041,8218,2026-08-21 01:49:31
153130,6,KODEX 단기채권,113220,3,0,0.0,113223.0,0.6379,3271,370,8026,2026-08-21 01:49:31
441800,1,TIME Korea플러스배당액티브,28930,2,255,0.89,28981.0,-9.9288,91169,2609,7933,2026-08-21 01:49:31
498410,2,KODEX 금융고배당TOP10타겟위클리커버드콜,11385,2,25,0.22,11377.0,-0.8126,1021960,11577,7833,2026-08-21 01:49:31
476550,6,TIGER 미국30년국채커버드콜액티브(H),6830,5,-55,-0.8,6838.0,0.4215,618375,4225,7793,2026-08-21 01:49:31
0025N0,7,TIGER TDF2045 적격,11965,5,-160,-1.32,11950.0,-2.6105,168019,2014,7729,2026-08-21 01:49:31
0048J0,6,KODEX 미국머니마켓액티브,13817,5,-123,-0.88,13814.0,-6.6876,322883,4479,7697,2026-08-21 01:49:31
069660,1,KIWOOM 200,109925,2,1690,1.56,110247.0,-4.1706,32960,3563,7695,2026-08-21 01:49:31
481060,6,KODEX 미국30년국채타겟커버드콜(합성 H),7402,5,-38,-0.51,7441.0,0.5708,141170,1045,7650,2026-08-21 01:49:31
114800,3,KODEX 인버스,1005,5,-16,-1.57,1004.0,-12.8096,594383377,605418,7639,2026-08-21 01:49:31
490590,4,RISE 미국AI밸류체인데일리고정커버드콜,14185,5,-150,-1.05,14156.0,-4.862,215944,3068,7617,2026-08-21 01:49:31
371460,4,TIGER 차이나전기차SOLACTIVE,10470,5,-70,-0.66,10516.0,-24.4716,37397,390,7605,2026-08-21 01:49:31
466940,2,TIGER 은행고배당플러스TOP10,25300,2,155,0.62,25363.0,3.5403,284959,7159,7565,2026-08-21 01:49:31
457480,4,ACE 테슬라밸류체인액티브,18310,5,-315,-1.69,18236.0,-20.6096,358908,6559,7544,2026-08-21 01:49:31
0061Z0,6,RISE 단기특수은행채액티브,50960,3,0,0.0,50959.0,0.7512,78,3,7279,2026-08-21 01:49:31
272580,6,TIGER 단기채권액티브,57060,2,10,0.02,57055.0,0.6616,4095,233,7198,2026-08-21 01:49:31
458760,4,TIGER 미국배당다우존스타겟커버드콜2호,11270,5,-105,-0.92,11274.0,1.7683,226956,2563,7134,2026-08-21 01:49:31
102970,2,KODEX 증권,18185,5,-460,-2.47,18197.0,-25.9256,451409,8226,7092,2026-08-21 01:49:31
495850,1,KODEX 코리아밸류업,32170,2,130,0.41,32259.0,-5.0515,33687,1074,6820,2026-08-21 01:49:31
456610,6,TIGER 미국달러SOFR금리액티브(합성),59905,5,-505,-0.84,59875.0,-6.6018,12827,770,6799,2026-08-21 01:49:31
385560,6,RISE KIS국고채30년Enhanced,50490,5,-235,-0.46,50529.0,-9.565,13592,683,6796,2026-08-21 01:49:31
0167B0,2,SOL 200타겟위클리커버드콜,12090,2,170,1.43,12109.0,-4.5084,494501,5905,6782,2026-08-21 01:49:31
0127P0,4,ACE 미국대형성장주액티브,10505,5,-155,-1.45,10473.0,-5.4032,10962,115,6765,2026-08-21 01:49:31
252670,3,KODEX 200선물인버스2X,74,5,-2,-2.63,74.0,-39.2,5623671732,429801,6755,2026-08-21 01:49:31
367760,2,RISE 네트워크인프라,57440,5,-540,-0.93,57588.0,-1.8038,87167,4972,6749,2026-08-21 01:49:31
290130,2,RISE ESG사회책임투자,47835,2,560,1.18,47900.0,-2.5961,37942,1794,6745,2026-08-21 01:49:31
138540,2,TIGER 현대차그룹플러스,50735,5,-1145,-2.21,50739.0,-17.5134,62914,3197,6626,2026-08-21 01:49:31
314250,4,KODEX 미국빅테크10(H),61450,5,-400,-0.65,61331.0,7.2702,22261,1366,6501,2026-08-21 01:49:31
462330,2,KODEX 2차전지산업레버리지,918,5,-84,-8.38,916.0,-44.2094,33642890,31297,6431,2026-08-21 01:49:31
364980,2,TIGER 2차전지TOP10,9560,5,-375,-3.77,9558.0,-15.4828,787565,7563,6410,2026-08-21 01:49:31
482730,4,TIGER 미국S&P500타겟데일리커버드콜,11840,5,-230,-1.91,11821.0,-2.896,301186,3579,6376,2026-08-21 01:49:31
434730,2,HANARO 원자력iSelect,53995,5,-2510,-4.44,54059.0,-22.7124,65073,3546,6371,2026-08-21 01:49:31
434060,7,KODEX TDF2050액티브 적격,16840,5,-210,-1.23,16736.0,-4.3338,57218,965,6298,2026-08-21 01:49:31
491010,4,TIGER 글로벌AI전력인프라액티브,25000,5,-430,-1.69,24886.0,-17.609,41814,1047,6298,2026-08-21 01:49:31
418660,4,TIGER 미국나스닥100레버리지(합성),39470,5,-1485,-3.63,39278.0,-12.8339,166673,6613,6256,2026-08-21 01:49:31
329750,6,TIGER 미국달러단기채권액티브,13050,5,-110,-0.84,13042.0,-6.8978,107747,1410,6180,2026-08-21 01:49:31
0219E0,2,KODEX 200커버드콜액티브,8655,2,85,0.99,8687.0,,2598139,22229,6110,2026-08-21 01:49:31
0148J0,2,TIGER 코리아휴머노이드로봇산업,8990,5,-595,-6.21,8996.0,-17.5484,1912814,17323,6032,2026-08-21 01:49:31
484790,6,KODEX 미국30년국채액티브(H),8255,5,-55,-0.66,8256.0,0.93,285941,2359,5979,2026-08-21 01:49:31
0015B0,4,KoAct 미국나스닥성장기업액티브,18215,5,-350,-1.89,18174.0,-16.0715,152990,2790,5965,2026-08-21 01:49:31
489250,4,KODEX 미국배당다우존스,13105,5,-190,-1.43,13091.0,1.2481,622894,8184,5950,2026-08-21 01:49:31
488080,3,TIGER 반도체TOP10레버리지,34960,5,-40,-0.11,35134.0,-48.6992,3811206,130664,5926,2026-08-21 01:49:31
251600,7,PLUS 고배당주채권혼합,15245,5,-60,-0.39,15264.0,-0.5324,78150,1190,5885,2026-08-21 01:49:31
371160,4,TIGER 차이나항셍테크,7130,5,-95,-1.31,7146.0,-9.675,92855,662,5822,2026-08-21 01:49:31
396520,4,TIGER 차이나반도체FACTSET,13880,2,140,1.02,13860.0,-14.2858,154622,2129,5730,2026-08-21 01:49:31
0101N0,2,RISE AI전력인프라,18140,5,-1050,-5.47,18168.0,-20.1249,138765,2542,5714,2026-08-21 01:49:31
423920,4,TIGER 미국필라델피아반도체레버리지(합성),83325,5,-2735,-3.18,82693.0,-17.8736,39973,3341,5708,2026-08-21 01:49:31
466950,4,TIGER 글로벌AI액티브,30455,5,-375,-1.22,30405.0,-12.9342,19391,590,5707,2026-08-21 01:49:31
449190,4,KODEX 미국나스닥100(H),22030,5,-220,-0.99,21986.0,1.8142,70789,1557,5618,2026-08-21 01:49:31
0019K0,7,TIME 미국나스닥100채권혼합50액티브,13195,5,-130,-0.98,13182.0,-3.3721,141829,1871,5575,2026-08-21 01:49:31
477050,6,PLUS 머니마켓액티브,53477,2,2,0.0,53478.0,0.8581,3597,192,5555,2026-08-21 01:49:31
494670,2,TIGER 조선TOP10,21490,5,-815,-3.65,21473.0,-20.8201,247544,5337,5544,2026-08-21 01:49:31
0007F0,6,KODEX 27-12 회사채(AA-이상)액티브,10180,2,5,0.05,10184.0,0.6429,27026,275,5544,2026-08-21 01:49:31
491620,4,RISE 미국테크100데일리고정커버드콜,10575,5,-210,-1.95,10548.0,-3.9852,345008,3660,5409,2026-08-21 01:49:31
455030,6,KODEX 미국달러SOFR금리액티브(합성),11880,5,-105,-0.88,11866.0,-6.5457,57902,689,5395,2026-08-21 01:49:31
438330,6,TIGER 우량회사채액티브,115480,5,-125,-0.11,115632.0,0.8461,1051,121,5369,2026-08-21 01:49:31
365780,6,ACE 국고채10년,82195,5,-265,-0.32,82214.0,0.2248,4042,332,5301,2026-08-21 01:49:31
0105E0,2,SOL 코리아고배당,12685,5,-75,-0.59,12681.0,-2.7398,294268,3722,5264,2026-08-21 01:49:31
315960,2,RISE 대형고배당10TR,78950,2,1690,2.19,79080.0,-6.4649,38286,2981,5211,2026-08-21 01:49:31
444200,2,SOL 코리아메가테크액티브,45875,5,-675,-1.45,45932.0,-10.7982,21453,978,5207,2026-08-21 01:49:31
496080,1,TIGER 코리아밸류업,32300,2,150,0.47,32337.0,-4.7832,59561,1905,5200,2026-08-21 01:49:31
0091P0,2,TIGER 코리아원자력,15230,5,-635,-4.0,15232.0,-23.579,449317,6901,5163,2026-08-21 01:49:31
277630,1,TIGER 코스피,71960,2,365,0.51,72039.0,-4.5836,96356,6885,5145,2026-08-21 01:49:31
114260,6,KODEX 국고채3년,61765,5,-60,-0.1,61779.0,0.9717,5760,355,5113,2026-08-21 01:49:31
0190C0,2,RISE 현대차고정피지컬AI,8465,5,-295,-3.37,8464.0,-17.553,446119,3787,5113,2026-08-21 01:49:31
243880,2,TIGER 200IT레버리지,333000,5,-3480,-1.03,334897.0,-25.5576,91266,29720,5078,2026-08-21 01:49:31
463250,2,TIGER K방산&우주,33535,5,-2615,-7.23,33557.0,-15.7343,262895,8973,5064,2026-08-21 01:49:31
251350,4,KODEX MSCI선진국,39110,5,-610,-1.54,39026.0,-1.9767,11288,442,5006,2026-08-21 01:49:31
361580,1,RISE 200TR,62545,2,1005,1.63,62640.0,-4.3073,8283,507,4972,2026-08-21 01:49:31
435420,7,TIGER 미국나스닥100채권혼합50,13995,5,-125,-0.89,13963.0,-2.1716,83835,1174,4933,2026-08-21 01:49:31
462010,2,TIGER 2차전지소재Fn,4495,5,-260,-5.47,4493.0,-27.238,1056918,4796,4873,2026-08-21 01:49:31
476800,7,KODEX 한국부동산리츠인프라,4205,5,-15,-0.36,4204.0,-3.7216,111574,469,4811,2026-08-21 01:49:31
499660,7,TIGER CD금리플러스액티브(합성),1002085,2,85,0.01,1002087.0,0.7805,5147,5157,4796,2026-08-21 01:49:31
490490,7,SOL 미국배당미국채혼합50,11180,5,-145,-1.28,11161.0,-2.5425,112787,1265,4752,2026-08-21 01:49:31
471230,6,KODEX 국고채10년액티브,103490,5,-415,-0.4,103503.0,0.2363,8367,866,4671,2026-08-21 01:49:31
0162M0,6,KODEX 금융채1~2년(AA-이상)PLUS액티브,10070,3,0,0.0,10067.0,0.9018,11975,120,4654,2026-08-21 01:49:31
448290,4,TIGER 미국S&P500(H),17705,5,-165,-0.92,17685.0,4.3795,29862,528,4577,2026-08-21 01:49:31
483280,4,KODEX 미국AI테크TOP10타겟커버드콜,11525,5,-195,-1.66,11503.0,-9.8972,62811,726,4552,2026-08-21 01:49:31
293180,1,HANARO 200,110200,2,1770,1.63,110559.0,-4.2209,30007,3258,4518,2026-08-21 01:49:31
473290,6,KODEX 26-12 회사채(AA-이상)액티브,10875,2,5,0.05,10875.0,0.6015,29418,319,4512,2026-08-21 01:49:31
451000,6,PLUS 종합채권(AA-이상)액티브,107055,3,0,0.0,106877.0,-0.5481,0,0,4508,2026-08-21 01:49:31
451060,1,1Q 200액티브,35220,2,560,1.62,35324.0,-4.9155,16986,589,4438,2026-08-21 01:49:31
0163Y0,1,KoAct 코스닥액티브,8515,5,-525,-5.81,8532.0,-23.0639,483597,4158,4381,2026-08-21 01:49:31
447770,7,TIGER 테슬라채권혼합Fn,13655,5,-80,-0.58,13638.0,-5.0743,32027,437,4370,2026-08-21 01:49:31
0016X0,6,SOL 중단기회사채(A-이상)액티브,51435,5,-20,-0.04,51448.0,0.9119,236,12,4268,2026-08-21 01:49:31
148070,6,KIWOOM 국고채10년,104145,5,-395,-0.38,104201.0,0.2204,10626,1107,4218,2026-08-21 01:49:31
474220,4,TIGER 미국테크TOP10타겟커버드콜,14690,5,-245,-1.64,14663.0,-8.209,32554,479,4150,2026-08-21 01:49:31
091180,2,KODEX 자동차,28605,5,-730,-2.49,28628.0,-12.6278,97715,2803,4062,2026-08-21 01:49:31
480260,6,TIGER 27-04회사채(A+이상)액티브,53770,5,-10,-0.02,53777.0,0.6456,633,34,4051,2026-08-21 01:49:31
0023A0,4,SOL 미국양자컴퓨팅TOP10,24210,5,-1055,-4.18,24193.0,-15.6569,109269,2657,4043,2026-08-21 01:49:31
385720,1,TIME 코스피액티브,25665,2,345,1.36,25761.0,-6.7747,41157,1044,3978,2026-08-21 01:49:31
0173Y0,4,KODEX 미국AI광통신네트워크,11175,5,-205,-1.8,11190.0,-19.2484,430707,4820,3945,2026-08-21 01:49:31
0060H0,1,TIGER 토탈월드스탁액티브,12705,5,-130,-1.01,12717.0,-2.383,38875,495,3939,2026-08-21 01:49:31
241180,4,TIGER 일본니케이225,34435,5,-605,-1.73,34498.0,3.592,8966,309,3912,2026-08-21 01:49:31
426020,4,TIME 미국S&P500액티브,31530,5,-675,-2.1,31488.0,-5.0281,58418,1845,3884,2026-08-21 01:49:31
0131V0,4,1Q 미국우주항공테크,11735,5,-475,-3.89,11722.0,-14.3158,30582,359,3843,2026-08-21 01:49:31
458250,6,TIGER 미국30년국채스트립액티브(합성 H),34265,5,-355,-1.03,34374.0,-0.3598,22143,758,3825,2026-08-21 01:49:31
471990,2,KODEX AI반도체핵심장비,22615,5,-1360,-5.67,22643.0,-13.9645,651239,14993,3731,2026-08-21 01:49:31
439870,6,KODEX 국고채30년액티브,85615,5,-455,-0.53,85414.0,-7.2622,1557,132,3717,2026-08-21 01:49:31
496020,6,WON 전단채플러스액티브,52410,5,-5,-0.01,52417.0,0.9242,471,24,3712,2026-08-21 01:49:31
469070,2,RISE AI&로봇,11110,5,-510,-4.39,11110.0,-16.4029,209853,2346,3711,2026-08-21 01:49:31
0167Z0,4,KODEX 미국우주항공,8140,5,-385,-4.52,8092.0,-32.2667,170362,1387,3687,2026-08-21 01:49:31
462900,2,KoAct 바이오헬스케어액티브,13885,5,-1215,-8.05,13897.0,-12.5145,443213,6303,3652,2026-08-21 01:49:31
132030,5,KODEX 골드선물(H),25460,2,200,0.79,25459.0,-0.237,34515,876,3615,2026-08-21 01:49:31
439860,6,KODEX ESG종합채권(A-이상)액티브,113570,5,-35,-0.03,113635.0,0.611,4,0,3614,2026-08-21 01:49:31
484880,2,SOL 금융지주플러스고배당,21510,2,230,1.08,21539.0,3.1809,218932,4664,3614,2026-08-21 01:49:31
310960,1,TIGER 200TR,64120,2,1080,1.71,64342.0,-4.651,22520,1420,3591,2026-08-21 01:49:31
0043Y0,4,TIME 차이나AI테크액티브,20115,5,-25,-0.12,20159.0,-4.8205,43041,860,3560,2026-08-21 01:49:31
0040Y0,7,SOL 팔란티어커버드콜OTM채권혼합,8155,5,-55,-0.67,8136.0,0.7068,131121,1069,3556,2026-08-21 01:49:31
476760,6,ACE 미국30년국채액티브,8910,5,-160,-1.76,8907.0,-6.9002,403005,3605,3519,2026-08-21 01:49:31
453810,4,KODEX 인도Nifty50,11785,5,-85,-0.72,11781.0,-3.8041,28301,334,3477,2026-08-21 01:49:31
448300,4,TIGER 미국나스닥100(H),22755,5,-220,-0.96,22704.0,1.8011,26256,596,3459,2026-08-21 01:49:31
0182R0,2,1Q K반도체TOP2+,10660,2,45,0.42,10673.0,-16.9081,1535756,16143,3449,2026-08-21 01:49:31
385550,6,RISE 단기채권알파액티브,114040,5,-5,0.0,114056.0,0.6975,387,44,3443,2026-08-21 01:49:31
0144L0,4,KODEX 미국성장커버드콜액티브,9530,5,-185,-1.9,9494.0,-6.2037,141698,1352,3421,2026-08-21 01:49:31
0046A0,6,TIGER 미국초단기(3개월이하)국채,9555,5,-85,-0.88,9557.0,-6.9904,373563,3583,3410,2026-08-21 01:49:31
0080G0,2,KODEX 방산TOP10,10195,5,-760,-6.94,10185.0,-14.6973,1124148,11597,3405,2026-08-21 01:49:31
474590,2,WON 반도체밸류체인액티브,42980,5,-830,-1.89,43109.0,0.3665,35575,1522,3395,2026-08-21 01:49:31
0026S0,4,1Q 미국S&P500,12810,5,-235,-1.8,12792.0,-2.9766,76618,985,3356,2026-08-21 01:49:31
279530,2,KODEX 고배당주,17185,5,-55,-0.32,17193.0,-0.6125,108095,1853,3351,2026-08-21 01:49:31
456880,7,ACE 미국달러SOFR금리(합성),12125,5,-105,-0.86,12121.0,-6.6769,29612,359,3344,2026-08-21 01:49:31
442570,7,RISE TDF2050액티브 적격,17405,5,-215,-1.22,17285.0,-1.905,70350,1225,3333,2026-08-21 01:49:31
472170,7,TIGER 미국테크TOP10채권혼합,13800,5,-110,-0.79,13755.0,-4.7913,39659,547,3333,2026-08-21 01:49:31
0052D0,2,TIGER 코리아배당다우존스,15040,5,-90,-0.59,15040.0,-3.0428,50244,752,3331,2026-08-21 01:49:31
448630,7,RISE 삼성그룹Top3채권혼합,15385,5,-30,-0.19,15364.0,3.1448,87634,1340,3277,2026-08-21 01:49:31
0052S0,7,1Q 미국S&P500미국채혼합50액티브,11545,5,-155,-1.32,11533.0,-4.9005,131947,1530,3221,2026-08-21 01:49:31
0210A0,2,ACE K반도체TOP2+,7215,5,-55,-0.76,7227.0,,1433542,10244,3153,2026-08-21 01:49:31
270810,1,RISE 코스닥150,13620,5,-930,-6.39,13641.0,-16.7859,77263,1069,3103,2026-08-21 01:49:31
385510,2,KODEX 신재생에너지액티브,36175,5,-2680,-6.9,36195.0,-19.6962,55960,2046,3039,2026-08-21 01:49:31
0111P0,7,1Q 미국나스닥100미국채혼합50액티브,10750,5,-165,-1.51,10739.0,-5.9331,158589,1710,3010,2026-08-21 01:49:31
0228G0,2,ACE 반도체Plus전략산업,10315,5,-60,-0.58,10355.0,,331464,3395,2991,2026-08-21 01:49:31
190620,6,ACE 단기통안채,101925,2,5,0.0,101935.0,0.6716,1741,177,2951,2026-08-21 01:49:31
0008S0,4,TIGER 미국배당다우존스타겟데일리커버드콜,10120,5,-140,-1.36,10097.0,1.0502,138274,1404,2945,2026-08-21 01:49:31
485540,4,KODEX 미국AI테크TOP10,14795,5,-240,-1.6,14748.0,-10.0914,63310,939,2937,2026-08-21 01:49:31
453870,4,TIGER 인도니프티50,11620,5,-25,-0.21,11557.0,-4.39,13207,153,2911,2026-08-21 01:49:31
489030,2,PLUS 고배당주위클리커버드콜,6330,5,-45,-0.71,6313.0,-9.0016,157576,1000,2909,2026-08-21 01:49:31
454780,6,KIWOOM 종합채권(AA-이상)액티브,99215,5,-135,-0.14,99240.0,-0.8533,6,0,2892,2026-08-21 01:49:31
483320,4,ACE 엔비디아밸류체인액티브,24470,5,-130,-0.53,24392.0,-3.0351,123543,3016,2887,2026-08-21 01:49:31
433330,4,SOL 미국S&P500,21870,5,-405,-1.82,21852.0,-2.9632,26249,576,2887,2026-08-21 01:49:31
475080,7,KODEX 테슬라커버드콜채권혼합액티브,7895,5,-30,-0.38,7878.0,-4.6868,38232,301,2870,2026-08-21 01:49:31
136340,6,RISE 중기우량회사채,104215,5,-105,-0.1,104278.0,0.727,22,2,2868,2026-08-21 01:49:31
302450,1,RISE 코스피,71500,2,750,1.06,71570.0,-5.5282,92939,6599,2860,2026-08-21 01:49:31
441680,7,TIGER 미국나스닥100커버드콜(합성),10790,5,-85,-0.78,10760.0,-2.4925,25164,271,2838,2026-08-21 01:49:31
0038A0,4,KODEX 미국휴머노이드로봇,14895,5,-410,-2.68,14847.0,-13.7646,59928,894,2837,2026-08-21 01:49:31
461490,7,RISE 글로벌자산배분액티브,14685,5,-95,-0.64,14686.0,-1.9569,19832,291,2827,2026-08-21 01:49:31
481190,4,SOL 미국테크TOP10,16450,5,-295,-1.76,16402.0,-10.1181,31861,525,2813,2026-08-21 01:49:31
273140,6,KODEX 단기변동금리부채권액티브,114600,2,10,0.01,114594.0,0.4765,2435,279,2804,2026-08-21 01:49:31
473330,6,SOL 미국30년국채커버드콜(합성),8015,5,-130,-1.6,8036.0,-7.0773,149241,1200,2797,2026-08-21 01:49:31
364970,2,TIGER 바이오TOP10,7550,5,-370,-4.67,7562.0,10.2296,500895,3832,2794,2026-08-21 01:49:31
475300,2,SOL 반도체전공정,20145,5,-1160,-5.44,20202.0,-4.4619,870714,17865,2790,2026-08-21 01:49:31
0094K0,6,TIGER 28-04 회사채(A+이상)액티브,99585,5,-85,-0.09,99599.0,0.9367,5148,512,2768,2026-08-21 01:49:31
123320,3,TIGER 레버리지,113100,2,3545,3.24,113361.0,-24.4579,93846,10321,2714,2026-08-21 01:49:31
0119H0,6,KODEX 28-12 회사채(AA-이상)액티브,9930,2,5,0.05,9925.0,0.7102,1679,16,2699,2026-08-21 01:49:31
307520,2,TIGER 지주회사,21150,5,-515,-2.38,21140.0,-8.2447,127518,2699,2697,2026-08-21 01:49:31
091170,2,KODEX 은행,15495,2,190,1.24,15519.0,5.8349,577459,8872,2696,2026-08-21 01:49:31
497880,6,SOL CD금리&머니마켓액티브,50145,2,10,0.02,50143.0,0.8524,32638,1636,2675,2026-08-21 01:49:31
213610,2,KODEX 삼성그룹밸류,22385,5,-45,-0.2,22444.0,3.531,4160,92,2664,2026-08-21 01:49:31
471780,2,TIGER 코리아테크액티브,34570,5,-525,-1.5,34623.0,-7.5475,15712,539,2648,2026-08-21 01:49:31
196230,6,RISE 단기통안채,116830,2,15,0.01,116875.0,0.5855,218,25,2645,2026-08-21 01:49:31
423170,4,SOL 글로벌AI반도체탑픽액티브,58000,2,380,0.66,58010.0,-1.0136,9786,563,2622,2026-08-21 01:49:31
471040,4,KoAct 글로벌AI&로봇액티브,28095,5,-635,-2.21,28062.0,-12.9394,10467,293,2571,2026-08-21 01:49:31
0053L0,4,TIGER 차이나휴머노이드로봇,9770,5,-50,-0.51,9753.0,-26.6843,330169,3203,2555,2026-08-21 01:49:31
409820,4,KODEX 미국나스닥100레버리지(합성 H),19700,5,-365,-1.82,19630.0,1.3639,49125,964,2541,2026-08-21 01:49:31
283580,4,KODEX 차이나CSI300,15250,5,-65,-0.42,15289.0,-10.49,16672,254,2539,2026-08-21 01:49:31
478150,4,TIME 글로벌우주테크&방산액티브,19990,5,-835,-4.01,19905.0,-9.2593,16423,329,2539,2026-08-21 01:49:31
0183V0,7,KIWOOM 삼성전자&SK하이닉스채권혼합50,12025,2,180,1.52,12053.0,3.329,571373,6803,2525,2026-08-21 01:49:31
0098F0,2,KODEX 원자력SMR,14470,5,-560,-3.73,14473.0,-20.8948,178156,2593,2525,2026-08-21 01:49:31
472920,6,HK 종합채권(AA-이상)액티브,97805,5,-20,-0.02,97677.0,-0.5339,10,0,2522,2026-08-21 01:49:31
495230,1,KoAct 코리아밸류업액티브,31145,2,35,0.11,31238.0,-8.8126,12781,395,2507,2026-08-21 01:49:31
0162Y0,1,TIME 코스닥액티브,7100,5,-520,-6.82,7099.0,-24.2545,264470,1901,2499,2026-08-21 01:49:31
483340,4,ACE 구글밸류체인액티브,21845,5,-285,-1.29,21776.0,-10.1138,315203,6889,2468,2026-08-21 01:49:31
421320,2,PLUS 우주항공,26660,5,-2010,-7.01,26685.0,-32.5412,85814,2323,2466,2026-08-21 01:49:31
261260,7,KODEX 미국달러선물인버스2X,5335,2,90,1.72,5342.0,16.1683,249954,1324,2436,2026-08-21 01:49:31
139230,2,TIGER 200 중공업,12365,5,-515,-4.0,12373.0,-22.9854,39153,487,2431,2026-08-21 01:49:31
0182S0,7,1Q K반도체TOP2채권혼합50,12685,2,190,1.52,12729.0,1.4616,186704,2345,2391,2026-08-21 01:49:31
363580,2,KODEX 200IT TR,55435,5,-215,-0.39,55553.0,2.9126,46162,2531,2384,2026-08-21 01:49:31
245710,4,ACE 베트남VN30(합성),28070,5,-110,-0.39,28101.0,-11.5645,2061,57,2358,2026-08-21 01:49:31
388420,2,RISE 비메모리반도체액티브,26375,5,-715,-2.64,26504.0,-14.83,35790,945,2353,2026-08-21 01:49:31
363570,6,KODEX 장기종합채권(AA-이상)액티브,85730,5,-300,-0.35,85676.0,-2.3718,18,1,2352,2026-08-21 01:49:31
493810,4,TIGER 미국AI빅테크10타겟데일리커버드콜,11210,5,-205,-1.8,11179.0,-8.0677,46069,517,2343,2026-08-21 01:49:31
448540,7,ACE 엔비디아채권혼합,26390,5,-110,-0.42,26340.0,-2.3942,4687,123,2322,2026-08-21 01:49:31
228790,2,TIGER 화장품,4510,5,-50,-1.1,4516.0,27.5524,2716467,12273,2316,2026-08-21 01:49:31
472160,4,TIGER 미국테크TOP10 INDXX(H),18455,5,-175,-0.94,18420.0,-3.6712,19523,360,2316,2026-08-21 01:49:31
329650,7,KODEX TRF3070,14025,5,-115,-0.81,14077.0,-1.3923,25825,362,2314,2026-08-21 01:49:31
488980,6,SOL 26-12 회사채(AA-이상)액티브,52080,2,5,0.01,52087.0,0.6863,346,18,2305,2026-08-21 01:49:31
157500,2,TIGER 증권,12360,5,-295,-2.33,12374.0,-25.5441,349349,4328,2292,2026-08-21 01:49:31
437080,6,KODEX 미국종합채권ESG액티브(H),97160,5,-340,-0.35,97147.0,0.4619,739,71,2288,2026-08-21 01:49:31
486450,4,SOL 미국AI전력인프라,19685,5,-500,-2.48,19577.0,-13.0707,36912,726,2283,2026-08-21 01:49:31
0092C0,6,SOL 27-12 회사채(AA-이상)액티브,50235,3,0,0.0,50249.0,0.7723,0,0,2276,2026-08-21 01:49:31
452360,4,SOL 미국배당다우존스(H),13650,5,-80,-0.58,13626.0,9.3818,91168,1244,2266,2026-08-21 01:49:31
458260,6,TIGER 미국투자등급회사채액티브(H),46385,5,-225,-0.48,46348.0,0.1998,133,6,2264,2026-08-21 01:49:31
0104N0,2,TIGER 200타겟위클리커버드콜,21205,2,345,1.65,21278.0,-4.796,37731,791,2227,2026-08-21 01:49:31
414780,4,TIGER 차이나과창판STAR50(합성),14025,2,110,0.79,14039.0,-16.0736,31516,440,2195,2026-08-21 01:49:31
498270,4,KIWOOM 미국양자컴퓨팅,14635,5,-480,-3.18,14593.0,-0.5848,27999,410,2188,2026-08-21 01:49:31
442320,4,RISE 글로벌원자력,34645,5,-1335,-3.71,34633.0,-15.3609,9212,319,2179,2026-08-21 01:49:31
305080,6,TIGER 미국채10년선물,12295,5,-135,-1.09,12291.0,-7.2735,43818,540,2176,2026-08-21 01:49:31
466930,2,SOL 자동차TOP3플러스,26330,5,-520,-1.94,26339.0,-5.3078,129743,3416,2159,2026-08-21 01:49:31
0094M0,2,RISE 코리아밸류업위클리고정커버드콜,17765,2,5,0.03,17801.0,-3.2663,155694,2742,2158,2026-08-21 01:49:31
267770,3,TIGER 200선물레버리지,86005,2,2610,3.13,86127.0,-25.0281,130811,10776,2150,2026-08-21 01:49:31
0089D0,2,KODEX 금융고배당TOP10,12875,2,80,0.63,12878.0,1.4026,79986,1022,2137,2026-08-21 01:49:31
266160,2,RISE 고배당,33165,2,585,1.8,33273.0,-3.3814,27050,886,2123,2026-08-21 01:49:31
0204D0,2,KODEX 현대차로보틱스밸류체인TOP3플러스,6520,5,-150,-2.25,6521.0,,341274,2229,2122,2026-08-21 01:49:31
244580,2,KODEX 바이오,8190,5,-535,-6.13,8188.0,-14.2507,228802,1907,2116,2026-08-21 01:49:31
463050,2,TIME K바이오액티브,12550,5,-970,-7.17,12566.0,-9.8968,130394,1664,2102,2026-08-21 01:49:31
495060,1,TIME 코리아밸류업액티브,28715,2,305,1.07,28794.0,-10.095,49329,1399,2096,2026-08-21 01:49:31
332930,1,HANARO 200TR,144170,2,2265,1.6,144662.0,-4.3445,788,111,2090,2026-08-21 01:49:31
490090,4,TIGER 미국AI빅테크10,15610,5,-295,-1.85,15568.0,-7.3406,32918,515,2068,2026-08-21 01:49:31
0151S0,4,KODEX 미국AI반도체TOP3플러스,14825,5,-230,-1.53,14767.0,-6.425,100378,1487,2061,2026-08-21 01:49:31
394670,4,TIGER 글로벌리튬&2차전지SOLACTIVE(합성),11340,5,-95,-0.83,11480.0,-15.8573,3058,34,2009,2026-08-21 01:49:31
0047A0,4,TIGER 차이나테크TOP10,13260,5,-20,-0.15,13303.0,-11.3781,85107,1125,2009,2026-08-21 01:49:31
422420,2,RISE 2차전지액티브,6200,5,-340,-5.2,6202.0,-26.3381,112486,701,1993,2026-08-21 01:49:31
433500,2,ACE 원자력TOP10,50645,5,-2565,-4.82,50631.0,-25.4136,13591,696,1975,2026-08-21 01:49:31
0005A0,4,KODEX 미국S&P500데일리커버드콜OTM,9495,5,-165,-1.71,9453.0,-3.182,187964,1789,1946,2026-08-21 01:49:31
302190,6,TIGER 중장기국채,49990,5,-105,-0.21,49992.0,0.6125,430,21,1930,2026-08-21 01:49:31
0192Z0,6,TIGER 중기종합채권(A-이상)액티브,100940,3,0,0.0,100883.0,0.9753,0,0,1928,2026-08-21 01:49:31
0115D0,2,KODEX 조선TOP10,7560,5,-320,-4.06,7557.0,-20.4041,816027,6187,1928,2026-08-21 01:49:31
495550,1,SOL 코리아밸류업TR,32930,2,75,0.23,32988.0,-4.8096,7281,237,1926,2026-08-21 01:49:31
122090,1,PLUS 코스피50,83085,2,1195,1.46,83226.0,-3.3767,15511,1272,1919,2026-08-21 01:49:31
0091C0,6,KODEX 미국10년국채액티브(H),9585,5,-40,-0.42,9584.0,0.7263,15706,150,1908,2026-08-21 01:49:31
429000,4,TIGER 미국S&P500배당귀족,13670,5,-180,-1.3,13624.0,2.3432,27250,374,1907,2026-08-21 01:49:31
0069M0,4,1Q 미국나스닥100,13385,5,-245,-1.8,13356.0,-5.4798,318832,4279,1887,2026-08-21 01:49:31
433980,7,KODEX TDF2040액티브 적격,15855,5,-155,-0.97,15786.0,-1.5517,13538,214,1879,2026-08-21 01:49:31
480040,4,ACE 미국반도체데일리타겟커버드콜(합성),14620,5,-210,-1.42,14601.0,-11.4342,116730,1710,1871,2026-08-21 01:49:31
0082V0,7,KODEX TDF2060액티브 적격,11255,5,-120,-1.05,11201.0,-4.6479,44173,498,1846,2026-08-21 01:49:31
463290,6,1Q 단기금융채액티브,109180,2,15,0.01,109184.0,0.7521,174,18,1807,2026-08-21 01:49:31
483290,4,KODEX 미국배당다우존스타겟커버드콜,10545,5,-125,-1.17,10572.0,1.2042,208201,2202,1803,2026-08-21 01:49:31
473460,4,KODEX 미국서학개미,23115,5,-450,-1.91,23016.0,-11.3808,22298,516,1791,2026-08-21 01:49:31
117700,2,KODEX 건설,6230,5,-345,-5.25,6230.0,-14.2518,532910,3340,1776,2026-08-21 01:49:31
0040X0,7,SOL 팔란티어미국채커버드콜혼합,9535,5,-145,-1.5,9525.0,3.4119,49575,473,1774,2026-08-21 01:49:31
0099L0,6,ACE 우량회사채(AA-이상)액티브,99585,5,-100,-0.1,99646.0,0.9979,17687,1761,1747,2026-08-21 01:49:31
494330,2,ACE 라이프자산주주가치액티브,32430,5,-125,-0.38,32481.0,13.2573,5428,174,1719,2026-08-21 01:49:31
0190G0,2,KODEX 반도체타겟위클리커버드콜,8835,5,-40,-0.45,8848.0,-10.1563,145309,1278,1714,2026-08-21 01:49:31
0005G0,2,IBK K-AI반도체코어테크,49605,5,-575,-1.15,49768.0,-0.1128,11070,548,1711,2026-08-21 01:49:31
200250,4,KIWOOM 인도Nifty50(합성),21620,5,-75,-0.35,21609.0,-4.3009,2954,64,1708,2026-08-21 01:49:31
403790,1,MIDAS 코스피액티브,58225,2,750,1.3,58318.0,-4.4393,60,3,1703,2026-08-21 01:49:31
332500,1,ACE 200TR,73965,2,1215,1.67,74134.0,-4.3267,17483,1265,1701,2026-08-21 01:49:31
0093A0,2,RISE AI반도체TOP10,31145,5,-855,-2.67,31198.0,-10.2259,85564,2666,1697,2026-08-21 01:49:31
490600,4,RISE 미국배당100데일리고정커버드콜,9235,5,-100,-1.07,9208.0,1.9786,88330,817,1695,2026-08-21 01:49:31
480020,4,ACE 미국빅테크7+데일리타겟커버드콜(합성),10260,5,-180,-1.72,10200.0,-13.9199,126848,1303,1683,2026-08-21 01:49:31
472870,6,RISE 미국30년국채엔화노출(합성 H),6900,5,-120,-1.71,6919.0,-7.9385,102422,708,1673,2026-08-21 01:49:31
160580,5,TIGER 구리실물,16345,2,10,0.06,16176.0,-1.03,18230,297,1667,2026-08-21 01:49:31
337160,2,KODEX 200ESG,48295,2,355,0.74,48412.0,-0.3385,6912,326,1642,2026-08-21 01:49:31
233160,3,TIGER 코스닥150 레버리지,7325,5,-1065,-12.69,7324.0,-41.3287,1794331,13575,1619,2026-08-21 01:49:31
0051G0,4,SOL 미국원자력SMR,13200,5,-580,-4.21,13101.0,-7.7644,25481,336,1617,2026-08-21 01:49:31
237370,7,KODEX 코리아배당성장채권혼합,15545,5,-80,-0.51,15585.0,-0.5429,19652,305,1617,2026-08-21 01:49:31
494220,2,UNICORN SK하이닉스밸류체인액티브,45355,5,-1325,-2.84,45443.0,-1.9328,84158,3826,1610,2026-08-21 01:49:31
0064K0,5,KODEX 금액티브,13100,5,-20,-0.15,13106.0,-6.9834,59344,778,1610,2026-08-21 01:49:31
461950,2,KODEX 2차전지핵심소재10,4570,5,-245,-5.09,4564.0,-26.1097,334053,1536,1590,2026-08-21 01:49:31
480030,4,ACE 미국500데일리타겟커버드콜(합성),9915,5,-185,-1.83,9879.0,-4.6444,78485,779,1586,2026-08-21 01:49:31
272560,6,RISE 단기국공채액티브,114820,5,-5,0.0,114824.0,0.7104,3403,390,1574,2026-08-21 01:49:31
491610,6,1Q CD금리액티브(합성),104770,2,10,0.01,104756.0,0.721,1622,169,1554,2026-08-21 01:49:31
152870,1,파워 200,110815,2,1675,1.53,111292.0,-4.3525,55955,6148,1551,2026-08-21 01:49:31
412570,2,TIGER 2차전지TOP10레버리지,1092,5,-93,-7.85,1096.0,-38.9805,2274942,2511,1550,2026-08-21 01:49:31
464240,6,KIWOOM 26-09회사채(AA-이상)액티브,52370,5,-15,-0.03,52379.0,0.7391,834,43,1545,2026-08-21 01:49:31
0180V0,4,ACE 미국우주테크액티브,8175,5,-405,-4.72,8145.0,-34.3535,54918,450,1541,2026-08-21 01:49:31
143860,2,TIGER 헬스케어,37975,5,-2240,-5.57,37989.0,-1.4339,20303,780,1534,2026-08-21 01:49:31
0151P0,2,RISE 코리아전략산업액티브,14770,5,-110,-0.74,14792.0,-14.7547,93483,1368,1492,2026-08-21 01:49:31
219480,4,KODEX 미국S&P500선물(H),33005,5,-295,-0.89,33005.0,4.2253,372,12,1485,2026-08-21 01:49:31
458210,7,KIWOOM CD금리액티브(합성),110520,2,10,0.01,110479.0,0.7337,95,10,1484,2026-08-21 01:49:31
491820,2,HANARO 전력설비투자,39950,5,-2250,-5.33,40037.0,-27.888,37902,1530,1478,2026-08-21 01:49:31
354500,1,ACE 코스닥150,13805,5,-965,-6.53,13869.0,-16.6479,87628,1229,1477,2026-08-21 01:49:31
486830,6,HANARO 머니마켓액티브,53240,5,-5,-0.01,53245.0,0.8141,1317,70,1469,2026-08-21 01:49:31
138520,2,TIGER 삼성그룹,36510,2,110,0.3,36607.0,3.2624,18336,664,1468,2026-08-21 01:49:31
0127M0,4,ACE 미국대형가치주액티브,12310,5,-240,-1.91,12353.0,4.1323,17900,220,1459,2026-08-21 01:49:31
0048K0,4,KODEX 차이나휴머노이드로봇,8450,5,-25,-0.29,8454.0,-27.6738,325475,2734,1458,2026-08-21 01:49:31
0153K0,2,KODEX 주주환원고배당주,11755,3,0,0.0,11751.0,3.2385,92906,1087,1446,2026-08-21 01:49:31
0104H0,7,KoAct 미국나스닥채권혼합50액티브,11635,5,-100,-0.85,11651.0,-7.9247,24884,289,1443,2026-08-21 01:49:31
245340,4,TIGER 미국다우존스30,35495,5,-805,-2.22,35458.0,0.6654,19111,681,1420,2026-08-21 01:49:31
0041E0,4,KODEX 미국S&P500액티브,15990,5,-370,-2.26,15972.0,-5.5072,53219,854,1407,2026-08-21 01:49:31
451530,6,TIGER 국고채30년스트립액티브,33730,5,-140,-0.41,33630.0,-15.3568,18409,618,1388,2026-08-21 01:49:31
495330,1,1Q 코리아밸류업,32085,2,240,0.75,32122.0,-4.906,1000,31,1380,2026-08-21 01:49:31
481180,4,SOL 미국AI소프트웨어,15645,5,-335,-2.1,15648.0,13.7366,54859,867,1361,2026-08-21 01:49:31
457990,2,PLUS 태양광&ESS,35845,5,-3340,-8.52,35920.0,-6.5244,219676,8083,1344,2026-08-21 01:49:31
0131W0,6,1Q 단기특수은행채액티브,102050,2,15,0.01,102051.0,0.6907,9,0,1344,2026-08-21 01:49:31
0184L0,6,PLUS 중기종합채권(A-이상)액티브,100590,3,0,0.0,100560.0,0.8319,0,0,1343,2026-08-21 01:49:31
476450,6,KIWOOM 머니마켓액티브,52735,3,0,0.0,52736.0,0.7931,25,1,1336,2026-08-21 01:49:31
304660,6,KODEX 미국30년국채울트라선물(H),7250,5,-50,-0.68,7255.0,0.4817,2457,17,1334,2026-08-21 01:49:31
192090,4,TIGER 차이나CSI300,12460,5,-10,-0.08,12497.0,-11.8417,6509,80,1321,2026-08-21 01:49:31
0005D0,2,SOL 전고체배터리&실리콘음극재,13325,5,-785,-5.56,13332.0,-29.3264,156580,2113,1319,2026-08-21 01:49:31
0074K0,2,KoAct K수출핵심기업TOP30액티브,16902,5,-443,-2.55,16923.0,-9.9663,16322,275,1310,2026-08-21 01:49:31
271050,5,KODEX WTI원유선물인버스(H),1953,5,-47,-2.35,1941.0,10.1928,994073,1950,1306,2026-08-21 01:49:31
182480,7,TIGER 미국MSCI리츠(합성 H),13985,2,135,0.97,14070.0,3.0878,3495,48,1301,2026-08-21 01:49:31
476030,4,SOL 미국나스닥100,16960,5,-310,-1.8,16917.0,-5.3113,16950,288,1297,2026-08-21 01:49:31
325010,2,KODEX 성장주,43065,2,35,0.08,43115.0,-4.8009,3196,136,1292,2026-08-21 01:49:31
0168K0,2,TIGER 기술이전바이오액티브,6220,5,-540,-7.99,6219.0,-11.5184,572419,3642,1279,2026-08-21 01:49:31
448100,1,WON 200,113210,2,2010,1.81,113575.0,-4.5085,9426,1055,1274,2026-08-21 01:49:31
0193G0,1,KoAct 코스피액티브,8480,2,85,1.01,8499.0,-8.0504,53378,447,1272,2026-08-21 01:49:31
0199C0,2,ACE 고배당주Plus커버드콜액티브,9155,5,-30,-0.33,9171.0,,422706,3851,1268,2026-08-21 01:49:31
488720,7,WON 종합채권(AA-이상)액티브,48460,5,-70,-0.14,48482.0,-0.6348,3,0,1268,2026-08-21 01:49:31
139220,2,TIGER 200 건설,7355,5,-200,-2.65,7355.0,-11.9977,125355,920,1264,2026-08-21 01:49:31
463680,4,KODEX 미국S&P500테크놀로지,22060,5,-300,-1.34,21829.0,-1.057,6311,139,1257,2026-08-21 01:49:31
114820,6,TIGER 국채3년,105035,5,-75,-0.07,105044.0,0.8539,750,78,1255,2026-08-21 01:49:31
251340,3,KODEX 코스닥150선물인버스,2487,2,152,6.51,2501.0,4.0089,30878234,75520,1251,2026-08-21 01:49:31
447620,7,SOL 미국TOP5채권혼합50,15625,5,-255,-1.61,15706.0,-2.8747,32464,510,1234,2026-08-21 01:49:31
0123G0,4,TIGER 미국AI전력SMR,6355,5,-280,-4.22,6339.0,-13.943,89559,569,1233,2026-08-21 01:49:31
0000Y0,6,HK 26-12 회사채(AA-이상)액티브,101775,5,-25,-0.02,101794.0,0.6874,21,2,1231,2026-08-21 01:49:31
411420,4,KODEX 미국나스닥AI테크액티브,25880,5,-530,-2.01,25819.0,-11.12,7863,204,1229,2026-08-21 01:49:31
471760,2,TIGER AI반도체핵심공정,13375,5,-850,-5.98,13396.0,-25.5626,420644,5685,1224,2026-08-21 01:49:31
0176E0,4,RISE 미국AI전력인프라액티브,9812,5,-353,-3.47,9773.0,-16.3719,14422,142,1222,2026-08-21 01:49:31
0191W0,6,HANARO 중기종합채권(A-이상)액티브,100900,3,0,0.0,100874.0,0.8697,0,0,1211,2026-08-21 01:49:31
0181B0,4,HANARO 미국AI메모리반도체TOP4+,9910,5,-125,-1.25,9867.0,5.4096,285444,2821,1209,2026-08-21 01:49:31
328370,1,PLUS 코스피TR,38395,2,35,0.09,38805.0,-4.9201,70,2,1190,2026-08-21 01:49:31
498180,6,파워 종합채권(AA-이상)액티브,92985,3,0,0.0,92991.0,-0.7684,0,0,1186,2026-08-21 01:49:31
332940,1,HANARO MSCI Korea TR,49265,2,1090,2.26,49402.0,-3.9574,153,7,1182,2026-08-21 01:49:31
464930,4,TIGER 글로벌혁신블루칩TOP10,21190,5,-510,-2.35,21243.0,-1.5874,20305,432,1176,2026-08-21 01:49:31
319640,4,TIGER 골드선물(H),26685,2,195,0.74,26712.0,-0.768,10209,271,1174,2026-08-21 01:49:31
372330,4,KODEX 차이나항셍테크,7115,5,-85,-1.18,7132.0,-9.861,18502,131,1174,2026-08-21 01:49:31
399110,4,SOL 미국S&P500ESG,20940,5,-370,-1.74,20885.0,-1.9916,3359,70,1173,2026-08-21 01:49:31
461500,6,HANARO 종합채권(AA-이상)액티브,104580,5,-55,-0.05,104632.0,-0.6599,34,3,1169,2026-08-21 01:49:31
488500,4,TIGER 미국S&P500동일가중,12825,5,-225,-1.72,12795.0,2.4186,164697,2120,1161,2026-08-21 01:49:31
309230,4,ACE 미국WideMoat동일가중,31470,5,-560,-1.75,31458.0,5.8548,1608,50,1158,2026-08-21 01:49:31
0092B0,2,SOL 한국원자력SMR,14115,5,-635,-4.31,14126.0,-22.896,43774,624,1157,2026-08-21 01:49:31
367770,2,RISE 수소경제테마,22040,5,-1030,-4.46,22063.0,-17.4303,72334,1604,1157,2026-08-21 01:49:31
377990,2,TIGER Fn신재생에너지,23030,5,-1740,-7.02,23042.0,-20.5393,69997,1643,1152,2026-08-21 01:49:31
464310,4,TIGER 글로벌AI&로보틱스 INDXX,13880,5,-270,-1.91,13810.0,-13.6669,12782,177,1145,2026-08-21 01:49:31
266370,2,KODEX IT,67130,5,-410,-0.61,67361.0,-1.81,12630,842,1141,2026-08-21 01:49:31
0122W0,6,RISE 26-11 회사채(AA-이상)액티브,50965,2,5,0.01,50958.0,0.6716,223,11,1139,2026-08-21 01:49:31
491230,6,PLUS 국공채머니마켓액티브,52465,2,40,0.08,52458.0,0.7107,2234,117,1138,2026-08-21 01:49:31
0135Y0,6,IBK 중기종합채권(AA-이상)액티브,100375,5,-60,-0.06,100380.0,0.7018,19,1,1131,2026-08-21 01:49:31
0174B0,7,KoAct 글로벌AI메모리반도체액티브,14505,2,30,0.21,14477.0,2.6959,24278,349,1117,2026-08-21 01:49:31
304940,4,KODEX 미국나스닥100선물(H),32220,5,-345,-1.06,32162.0,1.591,3688,118,1112,2026-08-21 01:49:31
326240,2,RISE IT플러스,43005,5,-745,-1.7,43338.0,-3.899,124,5,1101,2026-08-21 01:49:31
0132K0,7,PLUS 테슬라위클리커버드콜채권혼합,7975,5,-20,-0.25,7975.0,-4.4884,31727,252,1089,2026-08-21 01:49:31
168580,4,ACE 중국본토CSI300,34590,2,15,0.04,34566.0,-10.6705,103,3,1079,2026-08-21 01:49:31
0000J0,2,PLUS 한화그룹주,27615,5,-1760,-5.99,27628.0,-16.7848,74296,2079,1077,2026-08-21 01:49:31
438570,6,SOL 국고채10년,97855,5,-425,-0.43,97874.0,0.3369,22,2,1074,2026-08-21 01:49:31
469170,2,ACE 포스코그룹포커스,5355,5,-260,-4.63,5349.0,-23.107,279571,1502,1074,2026-08-21 01:49:31
0221V0,6,IBK 초단기채권액티브,100335,2,10,0.01,100352.0,,295,29,1073,2026-08-21 01:49:31
0080Y0,2,SOL 조선TOP3플러스레버리지,8370,5,-755,-8.27,8383.0,-45.1623,240549,2043,1071,2026-08-21 01:49:31
0036R0,4,RISE 미국휴머노이드로봇,19060,5,-440,-2.26,18952.0,-8.0232,4475,85,1067,2026-08-21 01:49:31
0193M0,6,BNK 27-12 특수채(AAA이상)액티브,50385,3,0,0.0,50361.0,,0,0,1065,2026-08-21 01:49:31
0138Y0,7,PLUS 금채권혼합,9977,5,-23,-0.23,9978.0,-2.8183,60538,604,1063,2026-08-21 01:49:31
0091M0,6,HANARO 27-06 회사채(AA-이상)액티브,10155,3,0,0.0,10155.0,0.6941,0,0,1059,2026-08-21 01:49:31
261270,7,KODEX 미국달러선물인버스,8090,2,70,0.87,8101.0,8.0134,28173,227,1057,2026-08-21 01:49:31
0137V0,4,KIWOOM 미국S&P500모멘텀,11545,5,-70,-0.6,11440.0,-2.6746,26091,301,1051,2026-08-21 01:49:31
496090,1,KIWOOM 코리아밸류업,32110,2,210,0.66,32274.0,-5.6294,1028,32,1044,2026-08-21 01:49:31
0177X0,2,ACE K휴머노이드로봇산업TOP2+,9480,5,-540,-5.39,9478.0,-16.9155,170173,1623,1043,2026-08-21 01:49:31
394660,4,TIGER 글로벌자율주행&전기차SOLACTIVE,15800,5,-330,-2.05,15885.0,-14.6787,1747,27,1036,2026-08-21 01:49:31
465780,6,마이티 26-09 특수채(AAA)액티브,106325,3,0,0.0,106334.0,0.7056,0,0,1024,2026-08-21 01:49:31
0209D0,2,KODEX 전고체배터리ESS TOP2플러스,7535,5,-330,-4.2,7550.0,,305613,2317,1021,2026-08-21 01:49:31
203780,4,TIGER 미국나스닥바이오,35870,5,-1455,-3.9,35957.0,19.059,11078,401,1019,2026-08-21 01:49:31
476850,1,KoAct 배당성장액티브,21635,2,440,2.08,21660.0,-4.2925,94988,2039,1017,2026-08-21 01:49:31
475280,6,ACE 8월만기자동연장회사채AA-이상액티브,10720,3,0,0.0,10727.0,0.7045,100,1,1010,2026-08-21 01:49:31
114100,6,RISE 국고채3년,106560,5,-90,-0.08,106564.0,0.9331,105,11,1004,2026-08-21 01:49:31
0085P0,6,ACE 미국10년국채액티브,9840,5,-120,-1.2,9826.0,-6.4409,73519,725,1004,2026-08-21 01:49:31
455860,2,SOL 2차전지소부장Fn,4195,5,-215,-4.88,4191.0,-27.4672,120912,510,998,2026-08-21 01:49:31
0007N0,1,아이엠에셋 200,110320,2,1485,1.36,110781.0,-4.2586,13,1,993,2026-08-21 01:49:31
465610,4,ACE 미국빅테크TOP7 Plus레버리지(합성),41150,5,-1925,-4.47,40916.0,-12.047,3910,161,988,2026-08-21 01:49:31
0052T0,6,1Q 중단기회사채(A-이상)액티브,50650,5,-30,-0.06,50692.0,0.8155,22,1,980,2026-08-21 01:49:31
481430,6,RISE 국고채10년액티브,97870,5,-430,-0.44,97842.0,0.3829,58,5,950,2026-08-21 01:49:31
195980,4,PLUS 신흥국MSCI(합성 H),15260,5,-40,-0.26,15408.0,6.0658,18905,288,949,2026-08-21 01:49:31
0035T0,7,PLUS 글로벌휴머노이드로봇액티브,19305,5,-540,-2.72,19258.0,-10.102,9019,173,946,2026-08-21 01:49:31
0142D0,4,TIGER 미국AI데이터센터TOP4Plus,10450,5,-290,-2.7,10418.0,-11.9673,95949,1002,946,2026-08-21 01:49:31
473440,6,ACE 11월만기자동연장회사채AA-이상액티브,10835,2,5,0.05,10843.0,0.6505,258,2,943,2026-08-21 01:49:31
308620,6,KODEX 미국10년국채선물,11565,5,-130,-1.11,11560.0,-6.7013,32414,376,937,2026-08-21 01:49:31
475050,2,ACE KPOP포커스,6455,5,-335,-4.93,6455.0,-21.321,221954,1451,933,2026-08-21 01:49:31
433970,7,KODEX TDF2030액티브 적격,13995,5,-100,-0.71,13921.0,-0.7658,8825,123,931,2026-08-21 01:49:31
485690,4,RISE 미국AI밸류체인TOP3Plus,21750,5,-205,-0.93,21693.0,-4.0668,16943,369,924,2026-08-21 01:49:31
204480,4,TIGER 차이나CSI300레버리지(합성),24585,5,-350,-1.4,24882.0,-24.77,7265,179,915,2026-08-21 01:49:31
143850,4,TIGER 미국S&P500선물(H),77120,5,-735,-0.94,77105.0,3.7859,281,21,906,2026-08-21 01:49:31
211900,2,KODEX 코리아배당성장,27400,5,-215,-0.78,27387.0,-4.4882,1762,48,904,2026-08-21 01:49:31
486240,2,DAISHIN AI반도체&인프라액티브,28135,5,-480,-1.68,28212.0,-7.9312,622,17,900,2026-08-21 01:49:31
468380,6,KODEX iShares미국하이일드액티브,10975,5,-115,-1.04,10963.0,-5.6598,26289,289,899,2026-08-21 01:49:31
269540,4,PLUS 미국S&P500(H),29910,5,-290,-0.96,29884.0,2.9838,7326,219,897,2026-08-21 01:49:31
325020,2,KODEX 배당가치,28940,2,105,0.36,28978.0,-0.8758,1475,42,897,2026-08-21 01:49:31
298770,4,KODEX 한국대만IT프리미어,80865,2,115,0.14,81104.0,3.4659,14992,1216,890,2026-08-21 01:49:31
453080,4,KIWOOM 미국나스닥100(H),22730,5,-235,-1.02,22693.0,1.42,2636,59,886,2026-08-21 01:49:31
0066W0,5,SOL 국제금,13250,5,-15,-0.11,13243.0,-6.847,40136,532,881,2026-08-21 01:49:31
0008T0,2,SOL 화장품TOP3플러스,18115,5,-150,-0.82,18169.0,26.0089,953057,17259,879,2026-08-21 01:49:31
329670,7,KODEX TRF7030,21960,5,-250,-1.13,21984.0,-1.8588,5268,116,878,2026-08-21 01:49:31
495040,1,PLUS 코리아밸류업,31915,2,195,0.61,32016.0,-5.1032,96,3,878,2026-08-21 01:49:31
444490,4,WON 미국S&P500,20090,5,-360,-1.76,20060.0,-3.0576,3369,67,874,2026-08-21 01:49:31
479620,4,SOL 미국AI반도체칩메이커,24430,5,-450,-1.81,24360.0,-6.0601,34892,855,867,2026-08-21 01:49:31
108450,2,ACE 삼성그룹섹터가중,39385,5,-275,-0.69,39479.0,1.4451,3532,138,866,2026-08-21 01:49:31
292770,6,KODEX 국채선물3년인버스,57670,2,40,0.07,57693.0,-0.1041,1,0,865,2026-08-21 01:49:31
0197X0,2,SOL SK하이닉스선물단일종목인버스2X,6550,5,-610,-8.52,6551.0,,11866969,80555,865,2026-08-21 01:49:31
0162L0,4,KODEX 차이나AI반도체TOP10,13460,2,285,2.16,13455.0,-14.8526,230896,3076,861,2026-08-21 01:49:31
460960,7,ACE 글로벌인컴TOP10,11155,5,-135,-1.2,11114.0,-3.7642,17896,200,859,2026-08-21 01:49:31
359210,1,KODEX 코스피TR,35750,2,205,0.58,35843.0,-5.1755,8902,315,858,2026-08-21 01:49:31
329660,7,KODEX TRF5050,17820,5,-155,-0.86,17836.0,-1.0492,3111,55,838,2026-08-21 01:49:31
461460,6,PLUS 국고채10년액티브,51230,5,-145,-0.28,51169.0,0.2536,17,0,831,2026-08-21 01:49:31
454320,2,HANARO CAPEX설비투자iSelect,38600,5,-2260,-5.53,38715.0,-21.9708,1694,65,830,2026-08-21 01:49:31
130730,6,KIWOOM 단기자금,102965,3,0,0.0,102973.0,0.6943,1029,105,824,2026-08-21 01:49:31
0017Y0,6,1Q 종합채권(AA-이상)액티브,93520,5,-125,-0.13,93571.0,-0.7262,3,0,816,2026-08-21 01:49:31
453330,4,RISE 미국S&P500(H),18095,5,-180,-0.98,18079.0,4.8758,22043,398,814,2026-08-21 01:49:31
337140,2,KODEX 코스피대형주,36670,2,420,1.16,36735.0,-4.7654,19638,711,807,2026-08-21 01:49:31
138530,2,TIGER LG그룹플러스,11985,5,-340,-2.76,12007.0,1.3569,32340,387,803,2026-08-21 01:49:31
449770,4,KIWOOM 미국S&P500,20960,5,-375,-1.76,20935.0,-2.9725,2237,47,796,2026-08-21 01:49:31
0057H0,7,PLUS 미국S&P500미국채혼합50액티브,11640,5,-155,-1.31,11626.0,-4.8017,195588,2281,792,2026-08-21 01:49:31
495750,1,HANARO 코리아밸류업,32085,2,180,0.56,32219.0,-5.0602,83,2,786,2026-08-21 01:49:31
490480,2,SOL K방산,28445,5,-2050,-6.72,28454.0,-14.9017,22244,641,782,2026-08-21 01:49:31
492500,7,1Q 현대차그룹채권(A+이상)&국고통안,51300,5,-35,-0.07,51320.0,0.6272,52,2,781,2026-08-21 01:49:31
458030,6,WON 국공채머니마켓액티브,55015,2,5,0.01,55005.0,0.7416,1032,56,780,2026-08-21 01:49:31
0049M0,4,ACE 미국배당퀄리티+커버드콜액티브,11295,5,-105,-0.92,11258.0,-4.7039,13137,148,779,2026-08-21 01:49:31
0080X0,7,SOL 미국S&P500미국채혼합50,10970,5,-165,-1.48,10947.0,-4.8299,124674,1374,779,2026-08-21 01:49:31
157490,2,TIGER 소프트웨어,8300,5,-345,-3.99,8299.0,0.6988,56497,474,779,2026-08-21 01:49:31
364960,2,TIGER BBIG,6425,5,-295,-4.39,6433.0,-7.054,8979,58,777,2026-08-21 01:49:31
0018C0,2,PLUS 고배당주위클리고정커버드콜,10395,5,-110,-1.05,10406.0,-7.0735,20235,210,774,2026-08-21 01:49:31
434960,1,DAISHIN K200,110615,2,1690,1.55,111071.0,-4.3412,1558,170,774,2026-08-21 01:49:31
469060,4,RISE 미국반도체NYSE,34775,5,-475,-1.35,34613.0,-2.44,1131,39,765,2026-08-21 01:49:31
438560,6,SOL 국고채3년,100325,5,-110,-0.11,100382.0,0.9092,46,4,762,2026-08-21 01:49:31
365040,1,TIGER AI코리아그로스액티브,36285,5,-35,-0.1,36416.0,-2.4705,4024,145,762,2026-08-21 01:49:31
412770,4,TIGER 글로벌AI플랫폼액티브,12490,5,-70,-0.56,12392.0,-13.1097,955,11,759,2026-08-21 01:49:31
0098N0,2,PLUS 자사주매입고배당주,12560,2,5,0.04,12560.0,2.5168,8743,109,754,2026-08-21 01:49:31
210780,2,TIGER 코스피고배당,22815,5,-175,-0.76,22833.0,-3.5889,3742,85,753,2026-08-21 01:49:31
272910,6,ACE 중장기국공채액티브,106035,5,-145,-0.14,105997.0,0.8357,10,1,730,2026-08-21 01:49:31
292190,1,KODEX KRX300,48460,2,435,0.91,48567.0,-4.0565,702,33,727,2026-08-21 01:49:31
0113D0,4,TIME 글로벌탑픽액티브,11990,5,-185,-1.52,11969.0,-2.4049,5302,63,725,2026-08-21 01:49:31
228810,2,TIGER 미디어컨텐츠,2985,5,-135,-4.33,2990.0,-21.1126,124042,373,722,2026-08-21 01:49:31
0102A0,4,TIGER 미국AI소프트웨어TOP4Plus,8515,5,-55,-0.64,8507.0,4.5121,10897,92,715,2026-08-21 01:49:31
473640,4,HANARO 글로벌금채굴기업,36370,2,1005,2.84,35977.0,7.4924,22710,823,709,2026-08-21 01:49:31
211560,2,TIGER 배당성장,34250,5,-295,-0.85,34280.0,-4.8309,5299,181,709,2026-08-21 01:49:31
0022T0,4,SOL 국제금커버드콜액티브,13620,5,-30,-0.22,13607.0,-6.7655,30422,414,708,2026-08-21 01:49:31
441540,2,HANARO Fn조선해운,26140,5,-945,-3.49,26172.0,-15.6756,5925,155,706,2026-08-21 01:49:31
0225V0,4,KODEX 미국CPU반도체TOP10,10060,5,-135,-1.32,10058.0,,15051,151,704,2026-08-21 01:49:31
0098Z0,1,FOCUS 200,93405,2,725,0.78,94174.0,-4.151,6,0,701,2026-08-21 01:49:31
475350,4,RISE 버크셔포트폴리오TOP10,14515,5,-310,-2.09,14499.0,-0.9883,15144,220,689,2026-08-21 01:49:31
266420,2,KODEX 헬스케어,17235,5,-910,-5.02,17248.0,-1.8128,19529,340,689,2026-08-21 01:49:31
475310,2,SOL 반도체후공정,25045,5,-1505,-5.67,25086.0,-15.4728,117572,2986,689,2026-08-21 01:49:31
277640,2,TIGER 코스피대형주,37900,2,430,1.15,37981.0,-4.6846,4483,168,682,2026-08-21 01:49:31
440640,6,ACE 단기채권알파액티브,112625,2,25,0.02,112625.0,0.8192,60,6,681,2026-08-21 01:49:31
100910,1,KIWOOM KRX100,17360,2,255,1.49,17425.0,-4.0989,1257,21,677,2026-08-21 01:49:31
458750,4,TIGER 미국배당다우존스타겟커버드콜1호,13260,5,-130,-0.97,13289.0,0.9638,52886,703,676,2026-08-21 01:49:31
0190Y0,4,TIGER 구글밸류체인,8520,5,-100,-1.16,8509.0,-12.4875,15251,130,673,2026-08-21 01:49:31
278620,6,PLUS 단기채권액티브,118990,5,-25,-0.02,118999.0,0.8131,11,1,666,2026-08-21 01:49:31
0115E0,2,KODEX 코리아소버린AI,14470,5,-325,-2.2,14495.0,1.966,19232,277,658,2026-08-21 01:49:31
228800,2,TIGER 여행레저,2545,5,-20,-0.78,2546.0,-15.486,52051,132,658,2026-08-21 01:49:31
433880,7,PLUS TDF2060액티브 적격,18560,5,-235,-1.25,18474.0,-3.3089,6514,120,655,2026-08-21 01:49:31
491700,1,HK 200,109125,2,230,0.21,111210.0,-4.5158,468,50,655,2026-08-21 01:49:31
298340,6,PLUS 국채선물3년,56475,5,-60,-0.11,56457.0,1.3081,2683,151,648,2026-08-21 01:49:31
491220,1,PLUS 200TR,129500,2,900,0.7,130926.0,-4.649,471,60,648,2026-08-21 01:49:31
453950,4,TIGER TSMC파운드리밸류체인,33035,5,-445,-1.33,32992.0,2.3383,1785,59,644,2026-08-21 01:49:31
0123S0,2,HANARO 26-12 은행채(AA+이상)액티브,10195,2,15,0.15,10183.0,0.6923,4,0,632,2026-08-21 01:49:31
306950,3,KODEX KRX300레버리지,78725,2,1775,2.31,79216.0,-25.6199,834,64,630,2026-08-21 01:49:31
419890,6,KIWOOM 단기채권ESG액티브,107515,5,-25,-0.02,107521.0,0.7211,109,11,624,2026-08-21 01:49:31
252400,3,RISE 200선물레버리지,103920,2,2940,2.91,104326.0,-24.6728,10516,1070,624,2026-08-21 01:49:31
0000D0,7,TIGER 엔비디아미국채커버드콜밸런스(합성),9080,5,-130,-1.41,9074.0,-7.3952,18379,167,622,2026-08-21 01:49:31
0194T0,2,ACE SK하이닉스단일종목레버리지,9270,2,765,8.99,9295.0,,123010,1104,621,2026-08-21 01:49:31
453640,4,KODEX 미국S&P500헬스케어,14380,5,-385,-2.61,14366.0,10.6454,18607,268,618,2026-08-21 01:49:31
455660,6,ACE 미국하이일드액티브(H),9470,5,-15,-0.16,9460.0,1.4297,6851,64,616,2026-08-21 01:49:31
0040S0,4,HANARO 글로벌피지컬AI액티브,23595,5,-460,-1.91,23542.0,-10.4264,12106,285,613,2026-08-21 01:49:31
465330,2,RISE 2차전지TOP10,10550,5,-390,-3.56,10539.0,-18.1445,110194,1169,612,2026-08-21 01:49:31
0210E0,2,PLUS 200커버드콜액티브,7580,2,60,0.8,7611.0,,70056,525,606,2026-08-21 01:49:31
0197W0,2,SOL SK하이닉스단일종목레버리지,9070,2,645,7.66,9121.0,,222284,1953,605,2026-08-21 01:49:31
479730,4,TIGER 인도빌리언컨슈머,10215,5,-80,-0.78,10213.0,2.5795,15987,163,603,2026-08-21 01:49:31
275980,4,TIGER 글로벌4차산업혁신기술(합성 H),23675,5,-275,-1.15,23813.0,5.113,602,14,601,2026-08-21 01:49:31
0181L0,4,SOL 미국우주항공TOP10,7445,5,-375,-4.8,7382.0,-34.3134,45576,338,599,2026-08-21 01:49:31
495940,4,RISE 미국AI테크액티브,18995,5,-295,-1.53,18946.0,-14.2882,2430,46,598,2026-08-21 01:49:31
0172V0,5,1Q 은액티브,8910,2,120,1.37,8901.0,-17.2317,100519,895,597,2026-08-21 01:49:31
476750,6,ACE 미국30년국채엔화노출액티브(H),7405,5,-160,-2.12,7400.0,-7.7459,68499,508,592,2026-08-21 01:49:31
261070,2,TIGER 코스닥150바이오테크,12745,5,-1075,-7.78,12765.0,-9.6733,154681,2020,589,2026-08-21 01:49:31
0166S0,2,PLUS K제조업핵심기업액티브,11005,2,5,0.05,11026.0,-13.3518,19845,216,589,2026-08-21 01:49:31
261240,7,KODEX 미국달러선물,14255,5,-125,-0.87,14257.0,-6.7143,57687,824,587,2026-08-21 01:49:31
0194M0,2,ACE 삼성전자단일종목레버리지,12690,2,925,7.86,12769.0,,27771,334,574,2026-08-21 01:49:31
304780,3,HANARO 200선물레버리지,126625,2,3560,2.89,127109.0,-24.319,1962,244,570,2026-08-21 01:49:31
150460,2,TIGER 중국소비테마,7550,5,-130,-1.69,7547.0,1.992,216,1,569,2026-08-21 01:49:31
440910,4,WON 미국우주항공방산,25655,5,-1340,-4.96,25568.0,1.8679,2362,60,564,2026-08-21 01:49:31
401470,2,KODEX 메타버스액티브,9570,5,-220,-2.25,9579.0,1.6614,1728,16,560,2026-08-21 01:49:31
0111J0,2,HANARO 증권고배당TOP3플러스,12430,5,-335,-2.62,12427.0,-23.3632,25574,317,559,2026-08-21 01:49:31
455960,6,RISE 미국달러SOFR금리액티브(합성),12100,5,-100,-0.82,12095.0,-6.2981,869,10,554,2026-08-21 01:49:31
0198A0,2,KIWOOM 코스닥150커버드콜액티브,8705,5,-565,-6.09,8700.0,,443427,3920,553,2026-08-21 01:49:31
225040,4,TIGER 미국S&P500레버리지(합성 H),67140,5,-1250,-1.83,67026.0,8.1264,2541,170,551,2026-08-21 01:49:31
385590,2,ACE ESG액티브,23780,2,190,0.81,23879.0,-0.1059,3777,88,547,2026-08-21 01:49:31
0226A0,7,PLUS SK하이닉스샌디스크채권혼합50,10910,2,40,0.37,10992.0,,94842,1028,546,2026-08-21 01:49:31
278240,3,RISE 코스닥150선물레버리지,7450,5,-1075,-12.61,7473.0,-41.3485,79390,616,543,2026-08-21 01:49:31
0141S0,2,SOL 조선기자재,8080,5,-350,-4.15,8074.0,-27.013,43610,353,537,2026-08-21 01:49:31
261220,5,KODEX WTI원유선물(H),24415,2,590,2.48,24438.0,-14.8347,23822,578,537,2026-08-21 01:49:31
0046Y0,4,ACE 미국배당퀄리티,12535,5,-215,-1.69,12524.0,-3.6638,3672,46,533,2026-08-21 01:49:31
428510,4,KODEX 차이나AI테크액티브,24215,2,15,0.06,24053.0,-12.3361,6510,157,533,2026-08-21 01:49:31
0113P0,6,HK 머니마켓액티브,102340,3,0,0.0,102348.0,0.768,0,0,530,2026-08-21 01:49:31
0000Z0,2,RISE 바이오TOP10액티브,8940,5,-860,-8.78,8937.0,-19.9674,181973,1664,523,2026-08-21 01:49:31
442560,7,RISE TDF2040액티브 적격,16330,5,-195,-1.18,16267.0,-1.6843,5007,81,523,2026-08-21 01:49:31
253150,3,PLUS 200선물레버리지,208555,2,6555,3.25,208555.0,-24.5354,75011,15209,521,2026-08-21 01:49:31
0118Z0,4,ACE 미국AI테크핵심산업액티브,8640,5,-250,-2.81,8611.0,-10.743,7322,63,518,2026-08-21 01:49:31
360140,2,KODEX 200롱코스닥150숏선물,23510,2,1730,7.94,23524.0,9.889,93213,2140,517,2026-08-21 01:49:31
0185L0,4,TIME 글로벌휴머노이드로봇산업액티브,7495,5,-105,-1.38,7492.0,-23.038,14054,105,517,2026-08-21 01:49:31
275300,2,KODEX 우량주,30355,2,375,1.25,30386.0,-1.6896,822,24,516,2026-08-21 01:49:31
140700,2,KODEX 보험,20540,2,10,0.05,20564.0,16.5488,25399,517,514,2026-08-21 01:49:31
101280,4,KODEX 일본TOPIX100,30170,5,-180,-0.59,29904.0,0.6643,1123,33,513,2026-08-21 01:49:31
445150,2,KODEX 친환경조선해운액티브,27505,5,-1050,-3.68,27521.0,-18.6538,2459,67,509,2026-08-21 01:49:31
114470,6,KIWOOM 국고채3년,107930,5,-110,-0.1,107942.0,0.893,2456,265,507,2026-08-21 01:49:31
152500,3,ACE 레버리지,46050,2,1380,3.09,46181.0,-24.6458,15130,675,507,2026-08-21 01:49:31
475260,6,ACE 2월만기자동연장회사채AA-이상액티브,10735,3,0,0.0,10740.0,0.6091,0,0,506,2026-08-21 01:49:31
0118S0,4,SOL 미국넥스트테크TOP10액티브,10855,5,-305,-2.73,10822.0,-13.4213,44660,484,505,2026-08-21 01:49:31
218420,4,KODEX 미국S&P500에너지(합성),20550,5,-5,-0.02,20490.0,-3.5204,14797,305,505,2026-08-21 01:49:31
480310,4,TIGER 글로벌온디바이스AI,18655,5,-255,-1.35,18590.0,-7.1784,5106,95,504,2026-08-21 01:49:31
0089C0,4,KODEX 미국S&P500변동성확대시커버드콜,11390,5,-185,-1.6,11378.0,-3.0571,30401,347,501,2026-08-21 01:49:31
0139P0,2,ACE 고배당주,13180,5,-160,-1.2,13185.0,-0.1077,1999,26,488,2026-08-21 01:49:31
0041D0,4,KODEX 미국AI소프트웨어TOP10,12800,5,-305,-2.33,12793.0,3.3989,18459,237,486,2026-08-21 01:49:31
256750,4,KODEX 차이나심천ChiNext(합성),15830,2,40,0.25,15925.0,-17.6103,2688,42,484,2026-08-21 01:49:31
473590,4,ACE 미국주식베스트셀러,18930,5,-115,-0.6,18843.0,-21.6739,4546,86,483,2026-08-21 01:49:31
336160,6,RISE 금융채액티브,100350,5,-55,-0.05,100375.0,0.7945,56,5,483,2026-08-21 01:49:31
200030,4,KODEX 미국S&P500산업재(합성),42770,5,-970,-2.22,42791.0,-0.3418,390,16,482,2026-08-21 01:49:31
123310,3,TIGER 인버스,1118,5,-15,-1.32,1116.0,-13.7091,2725780,3082,480,2026-08-21 01:49:31
371470,4,TIGER 차이나바이오테크SOLACTIVE,8730,5,-320,-3.54,8815.0,11.5218,47460,419,478,2026-08-21 01:49:31
140950,1,파워 코스피100,85405,2,585,0.69,86679.0,-4.2528,1336,114,478,2026-08-21 01:49:31
0132H0,4,KODEX 미국원자력SMR,8295,5,-430,-4.93,8226.0,-13.7846,19801,164,477,2026-08-21 01:49:31
442260,1,마이티 다이나믹퀀트액티브,38035,2,90,0.24,38258.0,-4.3243,119,4,472,2026-08-21 01:49:31
418670,4,TIGER 글로벌AI사이버보안,16727,5,-713,-4.09,16715.0,16.3054,34011,571,468,2026-08-21 01:49:31
447430,2,ACE 주주환원가치주액티브,15875,5,-250,-1.55,15870.0,-3.3745,6196,98,468,2026-08-21 01:49:31
0020H0,4,KoAct 글로벌양자컴퓨팅액티브,21765,5,-545,-2.44,21798.0,-5.9444,7415,161,468,2026-08-21 01:49:31
287180,4,PLUS 미국나스닥테크,54720,5,-860,-1.55,54805.0,0.7522,1522,83,465,2026-08-21 01:49:31
0086B0,2,TIGER 리츠부동산인프라TOP10액티브,9435,5,-75,-0.79,9449.0,-3.5641,11501,108,462,2026-08-21 01:49:31
461340,4,HANARO 글로벌생성형AI액티브,41985,5,-375,-0.89,41592.0,-6.5211,176,7,462,2026-08-21 01:49:31
0178H0,7,IBK 미국AI TOP10국채혼합50,9775,5,-20,-0.2,9761.0,-3.6812,4725,45,459,2026-08-21 01:49:31
276990,4,KODEX 글로벌로봇(합성),25685,5,-320,-1.23,25665.0,-9.4219,2450,63,455,2026-08-21 01:49:31
316670,1,KIWOOM 코스닥150,6845,5,-465,-6.36,6853.0,-16.8374,56919,395,455,2026-08-21 01:49:31
475270,6,ACE 5월만기자동연장회사채AA-이상액티브,10725,3,0,0.0,10724.0,0.7042,0,0,447,2026-08-21 01:49:31
261120,7,TIGER 미국달러선물인버스2X,5305,2,100,1.92,5304.0,15.4101,3303,17,446,2026-08-21 01:49:31
375770,2,KODEX 탄소효율그린뉴딜,24570,5,-5,-0.02,24812.0,-3.8473,126,3,442,2026-08-21 01:49:31
472830,6,RISE 미국30년국채커버드콜(합성),7940,5,-125,-1.55,7940.0,-7.2937,14694,117,441,2026-08-21 01:49:31
196030,4,ACE 일본TOPIX레버리지(H),88055,5,-20,-0.02,88229.0,12.989,21,1,440,2026-08-21 01:49:31
473490,4,KIWOOM 글로벌AI반도체,29250,5,-450,-1.52,29119.0,-5.6566,757,22,439,2026-08-21 01:49:31
494840,4,TIGER 미국방산TOP10,13265,5,-510,-3.7,13210.0,2.7837,18611,247,438,2026-08-21 01:49:31
442090,2,에셋플러스 코리아대장장이액티브,29160,5,-390,-1.32,29213.0,-6.8265,923,26,437,2026-08-21 01:49:31
0189B0,5,TIGER 은액티브,8585,2,95,1.12,8536.0,-16.4371,36340,311,434,2026-08-21 01:49:31
453650,4,KODEX 미국S&P500금융,19180,5,-435,-2.22,19227.0,4.8395,11339,217,432,2026-08-21 01:49:31
238720,4,ACE 일본Nikkei225(H),47740,5,-530,-1.1,47945.0,11.7619,913,43,430,2026-08-21 01:49:31
0141T0,6,SOL 중기종합채권(AA-이상)액티브,50305,3,0,0.0,50279.0,0.8217,0,0,430,2026-08-21 01:49:31
305050,1,ACE 코스피,71520,2,510,0.72,71743.0,-5.339,808,57,429,2026-08-21 01:49:31
401170,2,RISE 메타버스,10800,5,-305,-2.75,10627.0,8.0778,7394,79,428,2026-08-21 01:49:31
0192L0,2,RISE SK하이닉스단일종목레버리지,9340,2,695,8.04,9431.0,,44610,403,427,2026-08-21 01:49:31
139320,5,TIGER 금은선물(H),18950,2,155,0.82,18897.0,-2.0329,13080,247,426,2026-08-21 01:49:31
282000,3,RISE 국고채3년선물인버스,114665,2,170,0.15,114651.0,-0.0524,1,0,419,2026-08-21 01:49:31
476260,2,HANARO 반도체핵심공정주도주,11945,5,-755,-5.94,11977.0,-5.1531,135694,1652,418,2026-08-21 01:49:31
440650,6,ACE 미국달러단기채권액티브,11585,5,-100,-0.86,11580.0,-6.6694,24344,283,417,2026-08-21 01:49:31
0191M0,6,마이티 5월만기자동연장특수채(AAA)액티브,100665,3,0,0.0,100669.0,,0,0,417,2026-08-21 01:49:31
139280,2,TIGER 경기방어,12655,5,-185,-1.44,12673.0,3.2189,1242,15,415,2026-08-21 01:49:31
487130,2,KoAct AI인프라액티브,26690,5,-945,-3.42,26743.0,-16.5106,5462,146,414,2026-08-21 01:49:31
0112X0,1,마이티 200TR,41340,2,310,0.76,41410.0,-3.561,6552,265,413,2026-08-21 01:49:31
448570,1,FOCUS AI코리아액티브,30620,2,315,1.04,30650.0,-0.8345,13,0,413,2026-08-21 01:49:31
429760,4,PLUS 미국S&P500,19500,5,-345,-1.74,19473.0,-2.905,1676,32,410,2026-08-21 01:49:31
472840,1,IBK 200,108975,2,1105,1.02,109718.0,-4.1245,697,74,409,2026-08-21 01:49:31
0186S0,7,1Q 코스닥150채권혼합50액티브,8295,5,-265,-3.1,8291.0,-7.1609,250359,2089,406,2026-08-21 01:49:31
0007G0,4,PLUS 글로벌원자력밸류체인,13490,5,-520,-3.71,13433.0,-9.026,3008,40,405,2026-08-21 01:49:31
183700,7,RISE 200채권혼합50,96260,2,685,0.72,96667.0,-1.9273,1824,174,404,2026-08-21 01:49:31
0220B0,1,DS 코스닥액티브,9235,5,-590,-6.01,9244.0,,104552,973,397,2026-08-21 01:49:31
464470,6,PLUS 미국채30년액티브,47860,5,-825,-1.69,48036.0,-6.8979,2835,136,394,2026-08-21 01:49:31
352540,7,KODEX 일본부동산리츠(H),11350,5,-50,-0.44,11363.0,1.1345,2517,28,386,2026-08-21 01:49:31
275280,2,KODEX 모멘텀주,42585,2,400,0.95,42691.0,-4.5696,1280,53,383,2026-08-21 01:49:31
0207G0,2,SOL 우주항공밸류체인,6470,5,-535,-7.64,6484.0,,319140,2104,378,2026-08-21 01:49:31
322410,2,HANARO K고배당,22255,5,-70,-0.31,22270.0,-1.6842,1005,22,378,2026-08-21 01:49:31
195930,4,TIGER 유로스탁스50(합성 H),23605,5,-135,-0.57,23639.0,11.1423,1596,37,378,2026-08-21 01:49:31
491830,4,TIGER 미국AI반도체팹리스,21540,5,-160,-0.74,21472.0,-2.6411,7107,153,377,2026-08-21 01:49:31
147970,2,TIGER 모멘텀,77770,5,-1720,-2.16,78102.0,-10.2721,565,44,373,2026-08-21 01:49:31
276970,4,KODEX 미국S&P500배당귀족커버드콜(합성 H),7920,5,-10,-0.13,8022.0,11.4004,8956,70,372,2026-08-21 01:49:31
400970,2,TIGER Fn메타버스,7345,5,-175,-2.33,7324.0,-11.8406,639,4,371,2026-08-21 01:49:31
449690,4,TIGER 한중반도체(합성),48745,5,-455,-0.92,48641.0,-7.4231,3,0,366,2026-08-21 01:49:31
452250,6,ACE 미국30년국채선물레버리지(합성 H),4705,5,-70,-1.47,4733.0,-0.4172,3062,14,365,2026-08-21 01:49:31
292560,7,TIGER 일본엔선물,8090,5,-75,-0.92,8040.0,-6.8986,53917,436,364,2026-08-21 01:49:31
365000,2,TIGER 인터넷TOP10,3585,5,-210,-5.53,3577.0,-16.2252,182066,665,364,2026-08-21 01:49:31
498860,2,RISE 코리아금융고배당,16445,5,-160,-0.96,16451.0,-8.4875,27180,447,362,2026-08-21 01:49:31
352560,7,KODEX 미국부동산리츠(H),12600,2,5,0.04,12537.0,3.5471,3778,47,359,2026-08-21 01:49:31
153270,1,KIWOOM 코스피100,84960,2,1240,1.48,85060.0,-3.8577,1778,149,357,2026-08-21 01:49:31
465350,3,RISE 2차전지TOP10인버스(합성),17825,2,625,3.63,17958.0,7.9385,104307,1854,357,2026-08-21 01:49:31
0192M0,2,RISE 삼성전자단일종목레버리지,12720,2,730,6.09,12882.0,,42353,508,353,2026-08-21 01:49:31
104530,2,KIWOOM 코리아고배당,17120,5,-235,-1.35,17111.0,-6.9986,1036,17,351,2026-08-21 01:49:31
469050,4,RISE 미국반도체NYSE(H),31565,5,-185,-0.58,31486.0,5.2427,1932,60,347,2026-08-21 01:49:31
0209Z0,2,ACE 코리아AI전력TOP10,6550,5,-420,-6.03,6563.0,,106838,709,347,2026-08-21 01:49:31
0100K0,2,KODEX 방산TOP10레버리지,6185,5,-890,-12.58,6196.0,-39.1398,420956,2672,346,2026-08-21 01:49:31
241390,7,RISE V&S셀렉트밸류채권혼합,15665,2,40,0.26,15709.0,-2.8504,3631,56,345,2026-08-21 01:49:31
0154F0,2,WON 초대형IB&금융지주,11660,5,-35,-0.3,11670.0,-9.8652,3101,36,344,2026-08-21 01:49:31
450910,1,SOL 코스닥150,13370,5,-950,-6.63,13448.0,-17.2016,61311,829,342,2026-08-21 01:49:31
322400,2,HANARO e커머스,10200,5,-340,-3.23,10117.0,-0.2839,249,2,342,2026-08-21 01:49:31
475070,4,KoAct 글로벌친환경전력인프라액티브,29712,5,-1003,-3.27,29711.0,-20.6844,1040,31,342,2026-08-21 01:49:31
295020,6,RISE 국채선물10년인버스,60700,2,170,0.28,60769.0,0.7154,23,1,341,2026-08-21 01:49:31
276650,4,RISE 글로벌테크놀로지(합성 H),45445,5,-90,-0.2,45652.0,1.3916,72,3,341,2026-08-21 01:49:31
381560,2,HANARO Fn전기&수소차,17035,5,-710,-4.0,17047.0,-2.8053,2270,38,341,2026-08-21 01:49:31
407830,4,에셋플러스 글로벌플랫폼액티브,14170,5,-130,-0.91,14213.0,-9.978,480,6,340,2026-08-21 01:49:31
138910,5,KODEX 구리선물(H),9985,2,55,0.55,9983.0,3.4375,9591,95,339,2026-08-21 01:49:31
474800,4,KIWOOM 미국원유에너지기업,16065,2,5,0.03,16024.0,-3.9904,12033,194,337,2026-08-21 01:49:31
105780,2,RISE 5대그룹주,16845,5,-115,-0.68,16863.0,-2.2479,761,12,337,2026-08-21 01:49:31
099140,4,KODEX 차이나H,21665,5,-185,-0.85,21646.0,-6.7039,85,1,336,2026-08-21 01:49:31
385520,2,KODEX 자율주행액티브,15605,5,-605,-3.73,15655.0,-8.5215,6083,95,336,2026-08-21 01:49:31
415920,5,PLUS 글로벌희토류&전략자원생산기업,7200,5,-10,-0.14,7231.0,-24.3045,22296,160,335,2026-08-21 01:49:31
449780,4,KIWOOM 미국S&P500(H),18585,5,-190,-1.01,18569.0,4.1022,5993,111,335,2026-08-21 01:49:31
122260,6,KIWOOM 통안채1년,104110,5,-10,-0.01,104107.0,0.6573,13,1,333,2026-08-21 01:49:31
380340,2,ACE 코리아AI테크핵심산업,27675,5,-840,-2.95,27763.0,6.4787,55527,1526,332,2026-08-21 01:49:31
174360,4,RISE 중국본토대형주CSI100,23525,5,-65,-0.28,23596.0,-11.8461,2370,55,329,2026-08-21 01:49:31
0023B0,4,PLUS 미국양자컴퓨팅TOP10,16035,5,-485,-2.94,15963.0,-9.5538,4456,71,329,2026-08-21 01:49:31
261140,2,TIGER 우선주,24470,2,40,0.16,24480.0,-5.01,5782,140,328,2026-08-21 01:49:31
476690,4,TIGER 글로벌비만치료제TOP2Plus,10910,5,-320,-2.85,10950.0,5.9712,18436,203,327,2026-08-21 01:49:31
465660,4,TIGER 일본반도체FACTSET,24215,5,-305,-1.24,24252.0,0.8988,4491,108,327,2026-08-21 01:49:31
496770,4,PLUS 글로벌방산,18635,5,-585,-3.04,18544.0,8.0685,7462,139,326,2026-08-21 01:49:31
256440,4,ACE MSCI인도네시아(합성),5315,2,30,0.57,5352.0,-12.7168,18072,95,324,2026-08-21 01:49:31
459560,4,KODEX 테슬라밸류체인FactSet,21527,5,-528,-2.39,21388.0,-10.9035,1508,32,323,2026-08-21 01:49:31
0085N0,6,ACE 미국10년국채액티브(H),9770,5,-30,-0.31,9764.0,0.8098,4421,43,322,2026-08-21 01:49:31
0192T0,2,SOL 코스닥TOP10,7210,5,-510,-6.61,7211.0,-13.1609,124214,906,321,2026-08-21 01:49:31
395170,2,KODEX Top10동일가중,15875,5,-80,-0.5,15900.0,-10.4568,3628,57,318,2026-08-21 01:49:31
491090,4,KODEX 미국테크TOP3플러스,17620,5,-310,-1.73,17557.0,-6.8994,12962,228,317,2026-08-21 01:49:31
426150,6,WON 대한민국국고채액티브,50800,5,-170,-0.33,50813.0,-1.8203,35,1,316,2026-08-21 01:49:31
156080,1,KODEX MSCI Korea,52620,2,1085,2.11,52837.0,-3.8152,936,48,316,2026-08-21 01:49:31
0138T0,4,RISE 미국S&P500데일리고정커버드콜,9545,5,-115,-1.19,9455.0,-3.0331,20293,193,315,2026-08-21 01:49:31
245350,4,TIGER 유로스탁스배당30,19635,5,-20,-0.1,19513.0,0.8664,661,12,314,2026-08-21 01:49:31
0083S0,4,1Q 미국메디컬AI,10830,5,-20,-0.18,10852.0,11.6899,22821,248,314,2026-08-21 01:49:31
459750,4,RISE 글로벌주식분산액티브,17935,5,-225,-1.24,17835.0,-2.3804,782,13,314,2026-08-21 01:49:31
0089B0,7,PLUS 미국나스닥100미국채혼합50,11160,5,-185,-1.63,11154.0,-5.8488,39704,444,312,2026-08-21 01:49:31
271060,5,KODEX 3대농산물선물(H),8565,5,-15,-0.17,8585.0,-0.4641,30909,264,311,2026-08-21 01:49:31
266360,2,KODEX K콘텐츠,9710,5,-315,-3.14,9705.0,-8.238,8998,88,311,2026-08-21 01:49:31
227540,2,TIGER 200 헬스케어,18945,5,-795,-4.03,19017.0,6.2432,6734,128,311,2026-08-21 01:49:31
248270,4,TIGER S&P글로벌헬스케어(합성),27245,5,-440,-1.59,26962.0,8.5686,3314,90,311,2026-08-21 01:49:31
494410,4,PLUS 미국S&P500성장주,14115,5,-235,-1.64,14103.0,-4.2315,767,11,311,2026-08-21 01:49:31
275290,2,KODEX 가치주,34485,2,610,1.8,34611.0,-0.0113,2041,69,310,2026-08-21 01:49:31
476070,4,KODEX 글로벌비만치료제TOP2 Plus,11495,5,-315,-2.67,11474.0,8.3364,6100,69,310,2026-08-21 01:49:31
0155N0,2,HANARO K휴머노이드테마TOP10,7640,5,-385,-4.8,7638.0,-13.8949,11770,90,309,2026-08-21 01:49:31
468630,6,KODEX iShares미국투자등급회사채액티브,10860,5,-145,-1.32,10853.0,-7.0578,4849,52,305,2026-08-21 01:49:31
139270,2,TIGER 200 금융,16345,2,140,0.86,16366.0,0.2309,4413,71,304,2026-08-21 01:49:31
469790,2,KIWOOM 코리아테크TOP10,43380,5,-220,-0.5,43375.0,3.2868,1099,47,304,2026-08-21 01:49:31
464920,4,PLUS 일본반도체소부장,24285,5,-370,-1.5,24246.0,2.4516,6217,149,304,2026-08-21 01:49:31
456680,4,TIGER 차이나전기차레버리지(합성),6610,5,-75,-1.12,6667.0,-42.2712,804,5,303,2026-08-21 01:49:31
253250,3,KIWOOM 200선물레버리지,102550,2,3210,3.23,102768.0,-24.5825,10818,1075,297,2026-08-21 01:49:31
395290,2,HANARO Fn K-POP&미디어,4715,5,-235,-4.75,4712.0,-21.1156,10541,50,297,2026-08-21 01:49:31
387270,4,TIGER 글로벌이노베이션액티브,24545,5,-345,-1.39,24590.0,-10.1445,1218,29,297,2026-08-21 01:49:31
0203S0,7,WON 삼성전자현대차채권혼합50,8865,2,15,0.17,8887.0,,16891,148,297,2026-08-21 01:49:31
446690,4,KODEX 아시아AI반도체exChina액티브,59325,5,-1080,-1.79,59352.0,-2.8639,1253,74,297,2026-08-21 01:49:31
415340,4,KODEX 차이나과창판STAR50(합성),14285,5,-5,-0.03,14326.0,-15.3938,8994,128,296,2026-08-21 01:49:31
450190,4,KODEX 한중반도체(합성),49110,2,50,0.1,49073.0,-8.7596,7,0,295,2026-08-21 01:49:31
0204S0,1,TIGER 코스닥액티브,6390,5,-475,-6.92,6391.0,,42123,272,295,2026-08-21 01:49:31
0107F0,4,KIWOOM 미국고배당&AI테크,11480,5,-115,-0.99,11479.0,-2.2077,2483,28,293,2026-08-21 01:49:31
145850,2,TREX 펀더멘탈 200,116235,5,-685,-0.59,116856.0,-0.0061,1,0,291,2026-08-21 01:49:31
0198D0,2,1Q SK하이닉스선물단일종목레버리지,9580,2,650,7.28,9648.0,,26256,247,290,2026-08-21 01:49:31
192720,2,파워 고배당저변동성,56735,5,-285,-0.5,56897.0,-1.3634,959,54,289,2026-08-21 01:49:31
289480,3,TIGER 200커버드콜,12560,2,80,0.64,12688.0,18.6605,9913,124,289,2026-08-21 01:49:31
117460,2,KODEX 에너지화학,13290,5,-535,-3.87,13308.0,-10.6772,14515,193,288,2026-08-21 01:49:31
0155M0,4,ACE 미국SMR원자력TOP10,6935,5,-245,-3.41,6886.0,-12.4391,15927,110,288,2026-08-21 01:49:31
0184E0,7,1Q 200채권혼합50액티브,11055,2,10,0.09,11097.0,0.0315,78599,861,287,2026-08-21 01:49:31
494340,4,ACE 글로벌AI맞춤형반도체,19140,5,-220,-1.14,19071.0,-5.2606,1454,27,287,2026-08-21 01:49:31
0198B0,2,1Q 삼성전자선물단일종목레버리지,13100,2,855,6.98,13243.0,,21352,262,287,2026-08-21 01:49:31
414270,4,ACE 글로벌자율주행액티브,11935,5,-175,-1.45,11910.0,-13.961,8877,105,286,2026-08-21 01:49:31
493420,4,SOL 미국배당다우존스2호,12930,5,-180,-1.37,12899.0,1.3437,2998,39,284,2026-08-21 01:49:31
252710,3,TIGER 200선물인버스2X,81,5,-2,-2.41,81.0,-36.6413,108007474,8983,284,2026-08-21 01:49:31
0150K0,2,KoAct 수소전력ESS인프라액티브,9780,5,-640,-6.14,9789.0,-26.9541,16808,165,284,2026-08-21 01:49:31
223190,2,KODEX 200가치저변동,27855,5,-120,-0.43,27879.0,-2.3156,766,21,279,2026-08-21 01:49:31
475380,7,RISE 글로벌리얼티인컴,10490,5,-25,-0.24,10443.0,-7.8388,6882,71,278,2026-08-21 01:49:31
261250,7,KODEX 미국달러선물레버리지,15910,5,-275,-1.7,15924.0,-14.024,62330,997,274,2026-08-21 01:49:31
419430,4,KODEX 차이나2차전지MSCI(합성),9705,2,55,0.57,9693.0,-21.0957,230,2,272,2026-08-21 01:49:31
459790,4,KIWOOM 미국성장기업30액티브,20125,5,-225,-1.11,19982.0,-10.0155,15,0,272,2026-08-21 01:49:31
0223R0,4,TIGER 미국테크NYSE100액티브,9330,5,-120,-1.27,9300.0,,21349,199,272,2026-08-21 01:49:31
440340,7,TIGER 글로벌멀티에셋TIF액티브,12045,5,-120,-0.99,12013.0,-5.3674,8574,103,271,2026-08-21 01:49:31
0164G0,4,RISE 차이나AI반도체TOP4Plus,12900,2,150,1.18,12997.0,-15.3106,5933,75,271,2026-08-21 01:49:31
0137W0,4,KIWOOM 미국S&P500&GOLD,10390,5,-185,-1.75,10382.0,-2.7996,3471,36,270,2026-08-21 01:49:31
117680,2,KODEX 철강,11675,5,-395,-3.27,11705.0,-19.4114,24155,284,270,2026-08-21 01:49:31
245360,4,TIGER 차이나HSCEI,12520,5,-50,-0.4,12503.0,-6.9786,1004,12,269,2026-08-21 01:49:31
0218J0,7,RISE 미국우주&로봇TOP2미국채혼합50,8815,5,-190,-2.11,8808.0,,28285,248,269,2026-08-21 01:49:31
437350,6,RISE 미국단기투자등급회사채액티브,12210,5,-125,-1.01,12214.0,-6.5177,7425,90,269,2026-08-21 01:49:31
0013R0,7,RISE 테슬라미국채타겟커버드콜혼합(합성),7855,5,-130,-1.63,7819.0,-10.2575,3324,26,267,2026-08-21 01:49:31
167860,6,KIWOOM 국고채10년레버리지,91605,5,-640,-0.69,91508.0,0.0542,1,0,266,2026-08-21 01:49:31
0166N0,1,PLUS 코스닥150액티브,7175,5,-420,-5.53,7187.0,-26.5829,15168,110,265,2026-08-21 01:49:31
0047R0,4,RISE 팔란티어고정테크100,15160,5,-280,-1.81,15132.0,2.7316,815,12,265,2026-08-21 01:49:31
0115C0,4,RISE 미국고배당다우존스TOP10,11240,5,-220,-1.92,11216.0,2.3793,3153,35,264,2026-08-21 01:49:31
489290,4,WON 미국빌리어네어,14670,5,-400,-2.65,14620.0,-8.3613,1991,29,264,2026-08-21 01:49:31
461600,6,SOL 미국30년국채액티브(H),8310,5,-75,-0.89,8317.0,0.359,5186,43,262,2026-08-21 01:49:31
0152E0,2,SOL 배당성향탑픽액티브,10660,5,-175,-1.62,10665.0,-5.3035,13895,147,261,2026-08-21 01:49:31
225130,4,ACE 골드선물 레버리지(합성 H),52000,2,810,1.58,52254.0,-2.9758,2369,121,260,2026-08-21 01:49:31
277540,4,ACE 아시아TOP50,32330,2,45,0.14,32303.0,-1.5702,1993,63,259,2026-08-21 01:49:31
261060,2,TIGER 코스닥150IT,22250,5,-1310,-5.56,22273.0,-16.3353,16035,362,258,2026-08-21 01:49:31
185680,4,KODEX 미국S&P바이오(합성),48265,5,-2365,-4.67,48168.0,24.7812,2060,99,257,2026-08-21 01:49:31
0049K0,7,ACE 미국배당퀄리티채권혼합50,11135,5,-95,-0.85,11101.0,-1.8768,2820,31,256,2026-08-21 01:49:31
0103T0,2,1Q K소버린AI,8645,5,-375,-4.16,8646.0,5.5588,22738,199,255,2026-08-21 01:49:31
479850,2,HANARO K-뷰티,18600,5,-215,-1.14,18622.0,19.0069,14560,271,251,2026-08-21 01:49:31
0097L0,7,KIWOOM 한국고배당&미국AI테크,12465,5,-90,-0.72,12463.0,-2.7466,903,11,249,2026-08-21 01:49:31
368190,2,HANARO Fn K-뉴딜디지털플러스,7790,5,-330,-4.06,7759.0,-4.9181,997,7,249,2026-08-21 01:49:31
496120,1,ACE 코리아밸류업,33210,5,-35,-0.11,33536.0,-2.5809,1855,61,249,2026-08-21 01:49:31
483570,4,KCGI 미국S&P500 TOP10,15485,5,-345,-2.18,15436.0,-8.2851,2711,42,248,2026-08-21 01:49:31
0093D0,7,KoAct 팔란티어밸류체인액티브,17575,5,-180,-1.01,17494.0,-1.0864,1826,31,246,2026-08-21 01:49:31
292500,1,SOL KRX300,48885,3,0,0.0,49691.0,-4.8887,0,0,244,2026-08-21 01:49:31
292160,1,TIGER KRX300,48505,2,560,1.17,48767.0,-5.3366,9949,480,243,2026-08-21 01:49:31
195970,4,PLUS 선진국MSCI(합성 H),16600,5,-20,-0.12,16610.0,7.295,1338,22,242,2026-08-21 01:49:31
159800,1,마이티 코스피100,86430,2,200,0.23,87474.0,-4.0664,15,1,242,2026-08-21 01:49:31
139250,2,TIGER 200 에너지화학,17245,5,-415,-2.35,17277.0,-4.5759,12601,217,241,2026-08-21 01:49:31
411540,1,SOL 200 Top10,17205,5,-305,-1.74,17237.0,-7.0057,773,13,241,2026-08-21 01:49:31
438320,4,TIGER 차이나항셍테크레버리지(합성 H),5470,5,-80,-1.44,5555.0,-8.867,3678,20,240,2026-08-21 01:49:31
269420,4,KODEX S&P글로벌인프라(합성),22550,5,-150,-0.66,22382.0,-7.1955,2248,50,240,2026-08-21 01:49:31
204450,4,KODEX 차이나H레버리지(H),2415,2,5,0.21,2412.0,-2.6263,16467,39,239,2026-08-21 01:49:31
280930,4,KODEX 미국러셀2000(H),16960,5,-240,-1.4,16926.0,9.9041,1949,33,237,2026-08-21 01:49:31
289250,2,TIGER MSCI KOREA ESG유니버설,34305,5,-80,-0.23,35043.0,-2.4277,1,0,237,2026-08-21 01:49:31
481340,6,RISE 미국30년국채액티브,8590,5,-165,-1.88,8620.0,-6.8386,32420,279,236,2026-08-21 01:49:31
0206G0,7,1Q 현대차기아채권혼합50,8275,5,-45,-0.54,8280.0,,28226,233,236,2026-08-21 01:49:31
138230,7,KIWOOM 미국달러선물,16175,5,-130,-0.8,16170.0,-6.9881,496,8,235,2026-08-21 01:49:31
364690,1,KODEX 혁신기술테마액티브,39070,5,-190,-0.48,39149.0,-4.4628,187,7,234,2026-08-21 01:49:31
0065G0,4,KODEX 차이나테크TOP10,9020,5,-160,-1.74,9056.0,-11.5785,4968,44,230,2026-08-21 01:49:31
367740,2,HANARO Fn5G산업,41450,5,-865,-2.04,41621.0,1.56,960,39,228,2026-08-21 01:49:31
0067V0,4,TIGER 차이나글로벌리더스TOP3+,10350,3,0,0.0,10318.0,-12.8422,72607,749,228,2026-08-21 01:49:31
442550,7,RISE TDF2030액티브 적격,14685,5,-105,-0.71,14590.0,-1.4574,4917,71,228,2026-08-21 01:49:31
477730,4,KODEX 인도타타그룹,7575,5,-100,-1.3,7563.0,-3.3367,506,3,227,2026-08-21 01:49:31
461450,1,KODEX 코스닥글로벌,15110,5,-990,-6.15,15112.0,-9.3724,6087,93,227,2026-08-21 01:49:31
0127R0,4,RISE 미국AI클라우드인프라,16770,5,-325,-1.9,16719.0,0.4175,6832,114,226,2026-08-21 01:49:31
447660,7,PLUS 애플채권혼합,13650,5,-65,-0.47,13633.0,0.6906,7347,100,225,2026-08-21 01:49:31
388280,2,RISE K엔터&여행레저,6765,5,-130,-1.89,6760.0,-13.7047,1865,12,225,2026-08-21 01:49:31
471460,6,KIWOOM 국고채30년액티브,44810,5,-200,-0.44,44789.0,-6.3937,135,6,224,2026-08-21 01:49:31
0153X0,4,PLUS 미국고배당주액티브,11455,5,-155,-1.34,11440.0,3.2728,17820,204,223,2026-08-21 01:49:31
469160,4,ACE 일본반도체,24720,5,-380,-1.51,24745.0,-3.1636,1654,40,222,2026-08-21 01:49:31
0047P0,4,RISE 테슬라고정테크100,14320,5,-290,-1.98,14288.0,-8.5715,1706,24,222,2026-08-21 01:49:31
300950,2,KODEX 게임산업,5385,5,-85,-1.55,5375.0,-12.9674,35889,193,221,2026-08-21 01:49:31
375760,2,HANARO 탄소효율그린뉴딜,24475,2,235,0.97,24511.0,-4.2174,54,1,220,2026-08-21 01:49:31
433220,4,에셋플러스 글로벌대장장이액티브,29730,5,-140,-0.47,29739.0,-15.5738,146,4,220,2026-08-21 01:49:31
376410,2,TIGER 탄소효율그린뉴딜,24345,2,30,0.12,24560.0,-3.3435,102,2,219,2026-08-21 01:49:31
239660,6,PLUS 우량회사채50,121645,5,-50,-0.04,121653.0,0.7993,410,49,219,2026-08-21 01:49:31
108590,1,TREX 200,109430,2,1565,1.45,109894.0,-4.3057,103,11,219,2026-08-21 01:49:31
464600,2,SOL 자동차소부장Fn,22960,5,-1105,-4.59,22990.0,-3.198,6742,155,218,2026-08-21 01:49:31
0026E0,4,KODEX 미국S&P500버퍼3월액티브,11685,5,-50,-0.43,11693.0,-4.2041,417,4,216,2026-08-21 01:49:31
463300,4,RISE 중국본토CSI300,13360,2,25,0.19,13325.0,-9.6303,275,3,214,2026-08-21 01:49:31
0144M0,4,KODEX 미국드론UAM TOP10,7735,5,-415,-5.09,7708.0,-7.439,16008,123,213,2026-08-21 01:49:31
371450,4,TIGER 글로벌클라우드컴퓨팅INDXX,13600,5,-260,-1.88,13589.0,13.4206,10730,146,212,2026-08-21 01:49:31
253290,7,RISE 헬스케어채권혼합,11780,5,-180,-1.51,11758.0,0.4216,3942,46,212,2026-08-21 01:49:31
0186L0,4,KoAct 미국로봇피지컬AI액티브,9175,5,-195,-2.08,9147.0,-8.63,5530,50,211,2026-08-21 01:49:31
416090,4,ACE 중국과창판STAR50,12995,2,20,0.15,12925.0,-16.6132,4651,60,208,2026-08-21 01:49:31
337120,2,KODEX 멀티팩터,34445,2,150,0.44,34776.0,-3.9356,65,2,207,2026-08-21 01:49:31
152380,6,KODEX 국채선물10년,64655,5,-235,-0.36,64665.0,0.3091,8294,536,206,2026-08-21 01:49:31
437070,6,KODEX 아시아달러채권ESG플러스액티브,59415,5,-700,-1.16,59414.0,-6.8223,30,1,206,2026-08-21 01:49:31
169950,4,KODEX 차이나A50,25670,5,-25,-0.1,25764.0,-10.2202,219,5,205,2026-08-21 01:49:31
404260,2,KODEX 기후변화솔루션,22770,5,-775,-3.29,22912.0,-9.6829,63,1,205,2026-08-21 01:49:31
300640,2,RISE 게임테마,6300,5,-175,-2.7,6298.0,-8.2862,1027,6,205,2026-08-21 01:49:31
217770,5,TIGER 원유선물인버스(H),1235,5,-32,-2.53,1230.0,8.2905,316065,393,204,2026-08-21 01:49:31
364990,2,TIGER 게임TOP10,4665,5,-85,-1.79,4671.0,-12.8441,39913,186,203,2026-08-21 01:49:31
489000,6,PLUS 일본엔화초단기국채(합성),9200,5,-100,-1.08,9207.0,-7.1857,32769,302,202,2026-08-21 01:49:31
417630,2,TIGER KEDI혁신기업ESG30,19085,5,-455,-2.33,19117.0,-1.3132,168,3,200,2026-08-21 01:49:31
0177A0,2,WON 두산그룹포커스,8165,5,-445,-5.17,8162.0,-23.8727,20296,167,200,2026-08-21 01:49:31
0192S0,7,SOL 코스피200채권혼합50,9525,2,70,0.74,9539.0,-1.2512,112308,1059,200,2026-08-21 01:49:31
091220,2,TIGER 은행,16095,2,200,1.26,16124.0,5.16,12241,195,200,2026-08-21 01:49:31
289040,2,KODEX MSCI KOREA ESG유니버설,33250,5,-155,-0.46,33585.0,-1.1746,19,0,200,2026-08-21 01:49:31
497780,4,KoAct 미국천연가스인프라액티브,10730,5,-95,-0.88,10672.0,-10.7038,14699,156,199,2026-08-21 01:49:31
0193K0,2,PLUS 삼성전자단일종목레버리지,13780,2,815,6.29,13994.0,,12574,162,196,2026-08-21 01:49:31
0190M0,4,KIWOOM 미국AI테크하이베타,8350,5,-255,-2.96,8301.0,-14.0789,30757,257,196,2026-08-21 01:49:31
226980,1,KODEX 200 중소형,21645,5,-580,-2.61,21651.0,-13.0962,10522,228,195,2026-08-21 01:49:31
213630,4,PLUS 미국다우존스고배당주(합성 H),21170,5,-70,-0.33,21233.0,7.626,3195,67,195,2026-08-21 01:49:31
304770,1,HANARO 코스닥150,13675,5,-980,-6.69,13746.0,-16.662,4575,63,194,2026-08-21 01:49:31
407310,1,HANARO 200 TOP10,16835,5,-265,-1.55,16872.0,-7.2373,885,14,194,2026-08-21 01:49:31
379790,4,RISE 유로스탁스50(H),17490,5,-120,-0.68,17455.0,11.6234,28433,497,192,2026-08-21 01:49:31
228820,1,TIGER KTOP30,19180,2,150,0.79,19194.0,-2.196,16844,318,192,2026-08-21 01:49:31
0203R0,6,WON 중단기종합채권(A-이상)액티브,50450,3,0,0.0,50466.0,,0,0,192,2026-08-21 01:49:31
304760,1,HANARO KRX300,47660,2,625,1.33,47827.0,-5.3684,33,1,191,2026-08-21 01:49:31
487950,4,KODEX 대만테크고배당다우존스,13090,5,-85,-0.65,13095.0,2.3945,1064,13,190,2026-08-21 01:49:31
0224X0,7,1Q 엔비디아알파벳미국채혼합50,9720,5,-190,-1.92,9697.0,,33474,326,190,2026-08-21 01:49:31
229720,1,KODEX KTOP30,37780,5,-265,-0.7,38042.0,-1.7233,1621,60,189,2026-08-21 01:49:31
0018Z0,4,RISE 미국양자컴퓨팅,17980,5,-460,-2.49,17949.0,-4.3271,1269,22,189,2026-08-21 01:49:31
0223A0,2,RISE 코스닥커버드콜액티브,10185,5,-715,-6.56,10192.0,,138303,1420,188,2026-08-21 01:49:31
465670,4,TIGER 미국캐시카우100,17115,5,-220,-1.27,16950.0,12.8362,19090,329,188,2026-08-21 01:49:31
183710,7,RISE 주식혼합,93450,2,800,0.86,93841.0,-1.8953,187,17,187,2026-08-21 01:49:31
284980,2,RISE 200금융,21720,2,175,0.81,21761.0,-0.3015,863,18,187,2026-08-21 01:49:31
0105D0,2,SOL 한국AI소프트웨어,9670,5,-475,-4.68,9656.0,6.1747,59609,583,184,2026-08-21 01:49:31
0104P0,2,TIGER 코리아배당다우존스위클리커버드콜,10760,5,-100,-0.92,10791.0,-2.7568,3433,36,183,2026-08-21 01:49:31
276000,4,TIGER 글로벌자원생산기업(합성 H),21490,2,280,1.32,21294.0,3.9196,428,9,183,2026-08-21 01:49:31
445690,2,BNK 주주가치액티브,30160,5,-60,-0.2,30275.0,-6.7572,41,1,181,2026-08-21 01:49:31
445910,2,TIGER MKF배당귀족,20080,5,-275,-1.35,20090.0,-3.7251,804,16,181,2026-08-21 01:49:31
468370,6,KODEX iShares미국인플레이션국채액티브,10750,5,-95,-0.88,10753.0,-7.1423,27075,292,180,2026-08-21 01:49:31
474920,4,에셋플러스 차이나일등기업포커스10액티브,18940,2,105,0.56,18781.0,3.0361,26,0,178,2026-08-21 01:49:31
415760,4,SOL 차이나육성산업액티브(합성),13085,2,5,0.04,13328.0,-16.4218,11072,146,178,2026-08-21 01:49:31
227830,1,PLUS 코스피,71035,2,565,0.8,71459.0,-5.7271,206,14,178,2026-08-21 01:49:31
449580,7,RISE 테슬라애플아마존채권혼합,16070,5,-180,-1.11,16054.0,-3.1731,2648,42,177,2026-08-21 01:49:31
461900,4,PLUS 미국테크TOP10,22020,5,-280,-1.26,21817.0,-9.165,275,6,176,2026-08-21 01:49:31
391670,1,HK 베스트일레븐액티브,29350,2,630,2.19,29509.0,-0.3124,2,0,176,2026-08-21 01:49:31
461910,4,PLUS 미국테크TOP10레버리지(합성),35000,5,-1320,-3.63,34796.0,-19.7171,323,11,175,2026-08-21 01:49:31
195920,4,TIGER 일본TOPIX(합성 H),34885,2,400,1.16,34974.0,7.6478,88,3,174,2026-08-21 01:49:31
225060,4,TIGER 이머징마켓MSCI레버리지(합성 H),16425,2,300,1.86,16621.0,5.2545,93,1,174,2026-08-21 01:49:31
236350,4,TIGER 인도니프티50레버리지(합성),28005,5,-505,-1.77,27827.0,-9.8641,121,3,174,2026-08-21 01:49:31
483330,4,ACE 마이크로소프트밸류체인액티브,14465,5,-325,-2.2,14441.0,0.7493,6484,94,174,2026-08-21 01:49:31
292050,1,RISE KRX300,49540,2,425,0.87,49959.0,-5.2017,460,22,173,2026-08-21 01:49:31
250730,4,RISE 차이나HSCEI(H),10145,2,15,0.15,10161.0,0.3964,868,8,172,2026-08-21 01:49:31
477490,4,에셋플러스 글로벌일등기업포커스10액티브,19155,5,-65,-0.34,19167.0,-9.9977,24,0,172,2026-08-21 01:49:31
385600,2,ACE 2차전지&친환경차액티브,11450,5,-420,-3.54,11503.0,-7.4103,3879,44,172,2026-08-21 01:49:31
0086C0,7,TIGER 리츠부동산인프라10채권혼합액티브,9790,5,-25,-0.25,9784.0,-1.5009,711,6,171,2026-08-21 01:49:31
460660,4,RISE 미국S&P배당킹,12205,5,-185,-1.49,12128.0,6.5312,1752,21,171,2026-08-21 01:49:31
280320,4,ACE 미국IT인터넷(합성 H),21310,2,10,0.05,21323.0,5.4455,3,0,170,2026-08-21 01:49:31
457690,6,KODEX 33-06 국고채액티브,10465,5,-25,-0.24,10451.0,0.5752,6522,68,170,2026-08-21 01:49:31
289260,2,TIGER MSCI KOREA ESG리더스,28115,5,-125,-0.44,28464.0,2.1153,29,0,169,2026-08-21 01:49:31
404120,2,TIME K신재생에너지액티브,24095,5,-865,-3.47,24186.0,-10.2643,1024,24,169,2026-08-21 01:49:31
419650,4,PLUS 글로벌수소&차세대연료전지,5090,5,-170,-3.23,5033.0,-22.5902,4110,20,165,2026-08-21 01:49:31
332620,6,PLUS 미국장기우량회사채,88325,5,-1480,-1.65,88335.0,-7.471,303,26,165,2026-08-21 01:49:31
219390,4,RISE 미국S&P원유생산기업(합성 H),8175,2,65,0.8,8276.0,2.7883,19500,159,164,2026-08-21 01:49:31
291130,4,ACE MSCI멕시코(합성),18075,5,-60,-0.33,17983.0,-9.8435,40,0,163,2026-08-21 01:49:31
453630,4,KODEX 미국S&P500필수소비재,12450,5,-205,-1.62,12437.0,-6.4878,3205,39,162,2026-08-21 01:49:31
131890,2,ACE 삼성그룹동일가중,39745,5,-445,-1.11,39924.0,5.8746,656,26,159,2026-08-21 01:49:31
265690,4,ACE 러시아MSCI(합성),8535,3,0,0.0,48.0,0.0,0,0,158,2026-08-21 01:49:31
432840,4,HANARO 미국S&P500,19685,5,-350,-1.75,19651.0,-2.6487,1737,34,157,2026-08-21 01:49:31
494420,2,PLUS 미국배당증가성장주데일리커버드콜,9215,5,-155,-1.65,9183.0,0.283,10195,94,157,2026-08-21 01:49:31
266410,2,KODEX 필수소비재,9735,5,-85,-0.87,9735.0,3.9984,7612,73,156,2026-08-21 01:49:31
387280,2,TIGER 퓨처모빌리티액티브,11360,5,-320,-2.74,11374.0,-13.6734,3151,35,153,2026-08-21 01:49:31
0051A0,4,KoAct 브로드컴밸류체인액티브,23460,5,-290,-1.22,23488.0,-5.8847,899,21,152,2026-08-21 01:49:31
0220A0,7,KIWOOM 현대차그룹TOP3채권혼합50,9525,5,-80,-0.83,9537.0,,17038,162,152,2026-08-21 01:49:31
413930,2,WON AI ESG액티브,27670,5,-10,-0.04,27965.0,-5.5129,13,0,152,2026-08-21 01:49:31
488290,4,MIDAS 일본테크액티브,43340,5,-450,-1.03,43727.0,-2.7214,321,13,152,2026-08-21 01:49:31
0207Z0,4,KIWOOM 미국우주데이터센터인프라,7040,5,-230,-3.16,7009.0,,3141,22,151,2026-08-21 01:49:31
114460,6,ACE 국고채3년,100685,5,-70,-0.07,100673.0,0.8924,32,3,151,2026-08-21 01:49:31
453820,4,KODEX 인도Nifty50레버리지(합성),11580,5,-220,-1.86,11562.0,-8.598,667,7,151,2026-08-21 01:49:31
0216Z0,2,ACE K방산TOP5+,8600,5,-710,-7.63,8603.0,,49053,427,151,2026-08-21 01:49:31
130680,5,TIGER 원유선물Enhanced(H),7135,2,165,2.37,7179.0,-13.8443,5452,38,150,2026-08-21 01:49:31
337150,2,KODEX 200exTOP,24735,5,-395,-1.57,24790.0,-6.1874,51,1,148,2026-08-21 01:49:31
453010,7,PLUS KOFR금리,109755,2,10,0.01,109763.0,0.6327,330,36,147,2026-08-21 01:49:31
104520,2,KIWOOM 블루칩,14650,5,-120,-0.81,14626.0,-2.7788,36,0,147,2026-08-21 01:49:31
491510,2,파워 K-주주가치액티브,17165,5,-105,-0.61,17260.0,-4.2749,17,0,146,2026-08-21 01:49:31
0194R0,2,KIWOOM SK하이닉스선물단일종목레버리지,9120,2,810,9.75,9111.0,,20870,183,144,2026-08-21 01:49:31
438900,2,HANARO Fn K-푸드,11475,5,-150,-1.29,11495.0,-0.8888,5854,67,143,2026-08-21 01:49:31
0153P0,2,ACE 리츠부동산인프라액티브,9515,5,-10,-0.1,9500.0,-1.2159,260,2,143,2026-08-21 01:49:31
0193L0,2,PLUS 삼성전자선물단일종목인버스2X,8390,5,-630,-6.98,8334.0,,619507,5491,141,2026-08-21 01:49:31
484890,6,SOL 머니마켓액티브,52505,2,15,0.03,52495.0,0.6712,541,28,141,2026-08-21 01:49:31
234310,2,RISE V&S셀렉트밸류,28060,5,-240,-0.85,28257.0,-6.1049,3,0,140,2026-08-21 01:49:31
0013P0,4,RISE 미국은행TOP10,12700,5,-290,-2.23,12669.0,9.2489,4975,63,140,2026-08-21 01:49:31
0104G0,2,PLUS K방산레버리지,5820,5,-885,-13.2,5856.0,-42.6188,90383,543,140,2026-08-21 01:49:31
0004G0,4,1Q 미국배당TOP30,9250,5,-140,-1.49,9226.0,4.3493,2799,26,139,2026-08-21 01:49:31
0090B0,2,PLUS K방산소부장,6420,5,-465,-6.75,6432.0,-39.9477,66650,434,138,2026-08-21 01:49:31
404650,2,SOL KRX기후변화솔루션,22970,5,-620,-2.63,22908.0,-9.8647,12,0,138,2026-08-21 01:49:31
496130,1,TRUSTON 코리아밸류업액티브,25385,2,20,0.08,25844.0,-7.7469,34,0,137,2026-08-21 01:49:31
0028X0,4,KODEX 미국금융테크액티브,11890,5,-220,-1.82,11892.0,9.5256,1649,19,137,2026-08-21 01:49:31
373490,2,KODEX 코리아혁신성장액티브,24815,5,-635,-2.5,24830.0,-15.9373,1608,40,136,2026-08-21 01:49:31
102960,2,KODEX 기계장비,12825,5,-585,-4.36,12827.0,-23.3715,6353,81,136,2026-08-21 01:49:31
396510,4,TIGER 차이나클린에너지SOLACTIVE,7382,5,-38,-0.51,7440.0,-24.5552,1441,10,136,2026-08-21 01:49:31
244620,2,KODEX 모멘텀Plus,19285,5,-710,-3.55,19339.0,-11.232,211,4,135,2026-08-21 01:49:31
417450,4,RISE 글로벌수소경제,15835,5,-565,-3.45,15674.0,-18.4921,1239,19,135,2026-08-21 01:49:31
0127T0,4,KIWOOM 미국S&P500&배당다우존스비중전환,11100,5,-200,-1.77,11067.0,-1.783,779,8,133,2026-08-21 01:49:31
0127V0,4,KIWOOM 미국S&P500 TOP10&배당다우비중전환,10635,5,-195,-1.8,10591.0,-6.0592,494,5,133,2026-08-21 01:49:31
472720,1,TRUSTON 주주가치액티브,25210,5,-110,-0.43,25268.0,-10.0054,722,18,131,2026-08-21 01:49:31
0222F0,2,마이티 AI데이터센터밸류체인,12470,5,-380,-2.96,12528.0,,842,10,131,2026-08-21 01:49:31
428560,4,KODEX 미국ETF산업Top10 Indxx,16245,5,-80,-0.49,16287.0,-0.579,659,10,130,2026-08-21 01:49:31
489860,4,KIWOOM 글로벌전력GRID인프라,15175,5,-195,-1.27,15125.0,-8.6952,488,7,129,2026-08-21 01:49:31
137610,5,TIGER 농산물선물Enhanced(H),5605,5,-20,-0.36,5633.0,0.8968,8177,45,129,2026-08-21 01:49:31
266390,2,KODEX 경기소비재,14245,5,-95,-0.66,14278.0,10.6312,291,4,128,2026-08-21 01:49:31
395760,2,PLUS ESG성장주액티브,21320,5,-40,-0.19,21388.0,-2.9973,274,5,128,2026-08-21 01:49:31
485810,4,TIME 글로벌바이오액티브,11580,5,-480,-3.98,11553.0,18.9935,34249,397,127,2026-08-21 01:49:31
0088N0,2,WON K-글로벌수급상위,10185,5,-535,-4.99,10198.0,-18.572,2858,29,127,2026-08-21 01:49:31
272570,6,RISE 중장기국공채액티브,107855,5,-145,-0.13,107837.0,0.845,8,0,127,2026-08-21 01:49:31
176950,6,KODEX 국채선물10년인버스,60515,2,155,0.26,60572.0,0.6923,1,0,127,2026-08-21 01:49:31
300610,2,TIGER K게임,5275,5,-125,-2.31,5271.0,-9.396,1927,10,127,2026-08-21 01:49:31
0015F0,7,KIWOOM 팔란티어미국30년국채혼합액티브(H),10545,5,-25,-0.24,10550.0,7.5273,2485,26,127,2026-08-21 01:49:31
0208N0,1,IBK 코스피액티브,7625,2,85,1.13,7662.0,,484,3,126,2026-08-21 01:49:31
435040,4,ACE 글로벌브랜드TOP10,19320,5,-405,-2.05,19279.0,-2.9942,485,9,126,2026-08-21 01:49:31
252650,1,KODEX 200동일가중,17930,5,-490,-2.66,17960.0,-4.839,1192,21,126,2026-08-21 01:49:31
435550,7,KIWOOM TDF2050액티브 적격,17825,5,-235,-1.3,17786.0,-2.9819,1083,19,125,2026-08-21 01:49:31
279540,2,KODEX 최소변동성,20750,5,-120,-0.57,20694.0,-7.2871,3,0,125,2026-08-21 01:49:31
363510,6,SOL KIS단기통안채,112070,3,0,0.0,112090.0,0.5743,0,0,124,2026-08-21 01:49:31
290080,3,RISE 200고배당커버드콜ATM,7095,5,-90,-1.25,7086.0,13.1617,7033,50,124,2026-08-21 01:49:31
400570,4,KODEX 유럽탄소배출권선물ICE(H),11255,2,40,0.36,11373.0,9.0422,1448,16,124,2026-08-21 01:49:31
360150,2,KODEX 코스닥150롱코스피200숏선물,2995,5,-250,-7.7,2983.0,-19.2787,122358,375,123,2026-08-21 01:49:31
453060,6,HANARO KOFR금리액티브(합성),111320,3,0,0.0,111305.0,0.6874,0,0,122,2026-08-21 01:49:31
453660,4,KODEX 미국S&P500경기소비재,17405,5,-380,-2.14,17392.0,-4.1393,103,1,122,2026-08-21 01:49:31
269370,4,TIGER S&P글로벌인프라(합성),17290,5,-50,-0.29,17225.0,-8.2906,88,1,121,2026-08-21 01:49:31
332610,6,PLUS 미국단기회사채(AAA~A),125990,5,-1095,-0.86,125919.0,-6.6168,61,7,121,2026-08-21 01:49:31
0000H0,2,KODEX 인도Nifty미드캡100,10510,5,-120,-1.13,10494.0,-2.7441,321,3,121,2026-08-21 01:49:31
269530,4,PLUS S&P글로벌인프라,20085,2,10,0.05,20101.0,-8.3401,1137,22,121,2026-08-21 01:49:31
487750,2,BNK 온디바이스AI,29945,5,-330,-1.09,29978.0,-10.1366,1084,32,120,2026-08-21 01:49:31
0008E0,4,ACE 미국중심중소형제조업,12570,5,-315,-2.44,12555.0,-8.94,296,3,119,2026-08-21 01:49:31
457700,6,KODEX 53-09 국고채액티브,9000,5,-35,-0.39,8978.0,-6.3246,82,0,119,2026-08-21 01:49:31
140580,2,RISE 우량업종대표주,23725,5,-400,-1.66,23825.0,-8.8591,20,0,119,2026-08-21 01:49:31
251590,2,PLUS 고배당저변동50,16890,5,-220,-1.29,16885.0,-2.9041,1888,31,118,2026-08-21 01:49:31
166400,3,TIGER 200커버드콜OTM,23610,2,265,1.14,23734.0,12.4151,704,16,118,2026-08-21 01:49:31
448490,6,HANARO 32-10 국고채액티브,52685,5,-170,-0.32,52659.0,0.199,7,0,118,2026-08-21 01:49:31
409810,4,KODEX 미국나스닥100선물인버스(H),5565,2,60,1.09,5576.0,-2.4801,315483,1757,117,2026-08-21 01:49:31
354240,7,RISE 미국고정배당우선증권,10600,5,-60,-0.56,10566.0,-9.5461,3285,35,117,2026-08-21 01:49:31
280920,2,PLUS 주도업종,23315,5,-255,-1.08,23410.0,-7.9657,85,1,117,2026-08-21 01:49:31
0221Z0,2,ACE K바이오코스닥액티브,10405,5,-910,-8.04,10406.0,,219309,2345,114,2026-08-21 01:49:31
410870,2,TIME K컬처액티브,9450,5,-240,-2.48,9451.0,-9.9443,1449,13,113,2026-08-21 01:49:31
0084E0,7,KIWOOM 미국대형주500월간목표헤지액티브,10300,5,-60,-0.58,10193.0,-6.2855,3,0,113,2026-08-21 01:49:31
451600,6,PLUS 국고채30년액티브,82375,5,-400,-0.48,82370.0,-7.3536,13,1,113,2026-08-21 01:49:31
463640,4,KODEX 미국S&P500유틸리티,14060,5,-210,-1.47,13970.0,-7.474,2395,33,112,2026-08-21 01:49:31
430500,7,KIWOOM 물가채KIS,112145,5,-390,-0.35,112089.0,-0.0045,373,41,112,2026-08-21 01:49:31
371870,4,ACE 차이나항셍테크,6995,5,-90,-1.27,6983.0,-9.3411,189,1,112,2026-08-21 01:49:31
0222D0,2,KoAct 고배당액티브,10150,5,-90,-0.88,10156.0,,10532,106,112,2026-08-21 01:49:31
0094L0,4,RISE 차이나테크TOP10위클리타겟커버드콜,7965,5,-90,-1.12,7930.0,-10.8787,601,4,112,2026-08-21 01:49:31
451150,4,에셋플러스 글로벌영에이지액티브,17975,5,-115,-0.64,17739.0,-1.7649,2,0,111,2026-08-21 01:49:31
419420,4,KODEX 미국클린에너지나스닥,9140,5,-220,-2.35,9052.0,-17.049,284,2,110,2026-08-21 01:49:31
310080,4,RISE 중국MSCI China(H),9535,2,70,0.74,9534.0,-1.8663,1192,11,110,2026-08-21 01:49:31
0203D0,7,PLUS 200위클리커버드콜채권혼합,9095,2,65,0.72,9107.0,,3216,29,109,2026-08-21 01:49:31
407820,2,에셋플러스 코리아플랫폼액티브,6055,5,-90,-1.46,6063.0,-20.0911,16724,100,109,2026-08-21 01:49:31
461580,1,TIGER 코스닥글로벌,15405,5,-1045,-6.35,15432.0,-9.6403,24194,383,108,2026-08-21 01:49:31
464610,2,SOL 의료기기소부장Fn,7180,5,-380,-5.03,7182.0,-13.3028,12871,93,108,2026-08-21 01:49:31
0093B0,4,RISE 엔비디아고정테크100,12625,5,-145,-1.14,12545.0,-4.6629,95,1,107,2026-08-21 01:49:31
0002C0,4,에셋플러스 인도일등기업포커스20액티브,9890,5,-65,-0.65,9887.0,4.0229,857,8,107,2026-08-21 01:49:31
498050,2,HANARO 바이오코리아액티브,10665,5,-745,-6.53,10685.0,-9.0837,3123,34,107,2026-08-21 01:49:31
385710,2,TIME K이노베이션액티브,10650,5,-285,-2.61,10675.0,-21.0755,275,2,107,2026-08-21 01:49:31
140710,2,KODEX 운송,6225,5,-75,-1.19,6234.0,-1.3746,3265,20,106,2026-08-21 01:49:31
0113G0,4,KoAct 미국바이오헬스케어액티브,11725,5,-550,-4.48,11692.0,23.7399,8166,95,106,2026-08-21 01:49:31
0194N0,2,KIWOOM 삼성전자선물단일종목레버리지,12760,2,845,7.09,12897.0,,3303,39,105,2026-08-21 01:49:31
0068M0,4,KODEX 미국S&P500버퍼6월액티브,11645,5,-200,-1.69,11761.0,-3.9412,813,9,105,2026-08-21 01:49:31
181480,7,ACE 미국부동산리츠(합성 H),86535,5,-85,-0.1,86302.0,3.3244,7,0,104,2026-08-21 01:49:31
237440,7,TIGER 경기방어채권혼합,10290,5,-65,-0.63,10289.0,2.2716,3079,31,103,2026-08-21 01:49:31
0191S0,1,IBK 코스닥150,13865,5,-825,-5.62,13845.0,-16.7706,3709,52,103,2026-08-21 01:49:31
456250,4,KODEX 유럽명품TOP10 STOXX,8920,5,-235,-2.57,8912.0,-0.7784,2708,24,103,2026-08-21 01:49:31
0067Y0,4,TIGER 차이나AI소프트웨어,10770,5,-130,-1.19,10747.0,-17.518,5207,55,102,2026-08-21 01:49:31
446700,2,RISE 배터리 리사이클링,9835,5,-395,-3.86,9818.0,-18.9061,643,6,102,2026-08-21 01:49:31
487910,4,ACE 인도컨슈머파워액티브,8505,5,-75,-0.87,8497.0,-0.5218,184,1,102,2026-08-21 01:49:31
0001P0,2,마이티 바이오시밀러&CDMO액티브,9110,5,-515,-5.35,9090.0,-10.8797,837,7,102,2026-08-21 01:49:31
354350,4,HANARO 글로벌럭셔리S&P(합성),19610,5,-380,-1.9,19657.0,-2.2255,220,4,102,2026-08-21 01:49:31
460270,6,KIWOOM 미국달러SOFR금리액티브(합성),12560,5,-110,-0.87,12549.0,-6.4945,39,0,102,2026-08-21 01:49:31
117690,4,TIGER 차이나항셍30,20230,5,-55,-0.27,20138.0,-7.5433,66,1,101,2026-08-21 01:49:31
494180,4,TIME 글로벌소비트렌드액티브,13325,5,-260,-1.91,13283.0,-4.767,34,0,100,2026-08-21 01:49:31
429010,4,TIGER 미국나스닥넥스트100,19865,5,-475,-2.34,19773.0,4.8994,53,1,99,2026-08-21 01:49:31
140570,2,RISE 수출주,24775,5,-635,-2.5,24889.0,-6.6153,52,1,99,2026-08-21 01:49:31
0189Z0,2,DAISHIN 금융&지주고배당,9850,5,-65,-0.66,9912.0,,151,1,99,2026-08-21 01:49:31
0226G0,2,WON 피지컬AI TOP2플러스액티브,12285,5,-255,-2.03,12305.0,,2891,35,98,2026-08-21 01:49:31
463690,4,KODEX 미국S&P500커뮤니케이션,17700,5,-330,-1.83,17668.0,-10.7226,116,2,97,2026-08-21 01:49:31
0174R0,4,KIWOOM 미국성장다우존스,11280,5,-195,-1.7,11222.0,-3.3645,995,11,96,2026-08-21 01:49:31
0120J0,2,BNK 카카오그룹포커스,7605,5,-430,-5.35,7598.0,-4.7422,65110,504,95,2026-08-21 01:49:31
281990,2,RISE 중소형고배당,17215,5,-155,-0.89,17219.0,-3.7722,92,1,95,2026-08-21 01:49:31
252000,1,TIGER 200동일가중,18720,5,-600,-3.11,18799.0,-4.6541,29,0,94,2026-08-21 01:49:31
399580,4,RISE 글로벌클린에너지,9340,5,-65,-0.69,9250.0,-21.0995,566,5,93,2026-08-21 01:49:31
497510,4,ACE 글로벌빅파마,13305,5,-465,-3.38,13303.0,8.8085,543,7,93,2026-08-21 01:49:31
230480,7,KIWOOM 미국달러선물인버스2X,4625,2,80,1.76,4640.0,15.2091,1823,8,93,2026-08-21 01:49:31
0227K0,4,RISE 미국우주위성통신,9215,5,-265,-2.8,9299.0,,38790,357,92,2026-08-21 01:49:31
0224D0,4,KIWOOM 미국CPU반도체TOP4+,9175,5,-120,-1.29,9160.0,,880,8,92,2026-08-21 01:49:31
375270,7,RISE 글로벌데이터센터리츠(합성),14105,5,-5,-0.04,14018.0,-13.2227,116,1,92,2026-08-21 01:49:31
449680,7,TIGER 한중전기차(합성),10785,5,-115,-1.06,10804.0,-22.4476,1,0,92,2026-08-21 01:49:31
341850,7,TIGER 리츠부동산인프라채권,4580,5,-10,-0.22,4579.0,-0.0984,756,3,92,2026-08-21 01:49:31
0214M0,2,MIDAS 바이오헬스케어액티브,10700,5,-1000,-8.55,10722.0,,853,9,91,2026-08-21 01:49:31
174350,2,TIGER 로우볼,20650,5,-205,-0.98,20714.0,4.6702,321,6,91,2026-08-21 01:49:31
0084D0,7,KIWOOM 미국테크100월간목표헤지액티브,11345,5,-185,-1.6,11299.0,-5.4551,113,1,91,2026-08-21 01:49:31
371150,4,RISE 차이나항셍테크,6975,5,-90,-1.27,6976.0,-9.5682,108,0,91,2026-08-21 01:49:31
482030,2,KoAct 반도체&2차전지핵심소재액티브,8585,5,-480,-5.3,8613.0,-24.3954,5457,47,90,2026-08-21 01:49:31
0133E0,4,TIGER 차이나증권,8555,5,-15,-0.18,8601.0,-3.7416,429,3,90,2026-08-21 01:49:31
301400,1,PLUS 코스닥150,13785,5,-895,-6.1,13872.0,-17.7131,4791,67,90,2026-08-21 01:49:31
139240,2,TIGER 200 철강소재,10500,5,-295,-2.73,10514.0,-17.2163,7722,81,88,2026-08-21 01:49:31
497520,4,ACE 일라이릴리밸류체인,13445,5,-115,-0.85,13449.0,12.7182,1112,14,87,2026-08-21 01:49:31
215620,2,HK S&P코리아로우볼,16065,3,0,0.0,15908.0,-3.9175,0,0,87,2026-08-21 01:49:31
435540,7,KIWOOM TDF2040액티브 적격,17300,5,-230,-1.31,17271.0,-3.0139,640,11,87,2026-08-21 01:49:31
0216K0,7,KIWOOM 미국우주테크TOP2채권혼합50,8610,5,-280,-3.15,8667.0,,18514,159,86,2026-08-21 01:49:31
105010,4,TIGER 라틴35,6110,5,-25,-0.41,6091.0,-11.4376,2888,17,86,2026-08-21 01:49:31
395150,2,KODEX 웹툰&드라마,1775,5,-66,-3.59,1770.0,-10.4137,14088,25,85,2026-08-21 01:49:31
429980,7,SOL 한국형글로벌전기차&2차전지액티브,17035,5,-100,-0.58,17023.0,-14.836,155,2,85,2026-08-21 01:49:31
217780,4,TIGER 차이나CSI300인버스(합성),5415,5,-35,-0.64,5484.0,12.9533,130,0,84,2026-08-21 01:49:31
462340,4,에셋플러스 글로벌다이나믹시니어액티브,16780,5,-410,-2.39,16780.0,7.5383,6,0,84,2026-08-21 01:49:31
182490,6,TIGER 단기선진하이일드(합성 H),13905,3,0,0.0,13858.0,1.2377,519,7,83,2026-08-21 01:49:31
0219Z0,4,HANARO 미국S&P500액티브,10405,5,-265,-2.48,10390.0,,523,5,83,2026-08-21 01:49:31
0219B0,2,KoAct 광통신&위성네트워크액티브,10370,5,-630,-5.73,10369.0,,11378,119,83,2026-08-21 01:49:31
381570,2,HANARO Fn친환경에너지,9730,5,-555,-5.4,9729.0,-18.3731,2737,27,83,2026-08-21 01:49:31
395280,2,HANARO Fn K-게임,3505,5,-75,-2.09,3496.0,-9.1371,69,0,82,2026-08-21 01:49:31
395750,2,PLUS ESG가치주액티브,20555,2,100,0.49,20620.0,-3.2632,45,0,82,2026-08-21 01:49:31
0172Y0,2,ACE K수출핵심TOP10산업액티브,9640,5,-60,-0.62,9661.0,-9.9351,2636,25,82,2026-08-21 01:49:31
270800,2,RISE KQ고배당,14895,5,-365,-2.39,14769.0,-13.0974,351,5,82,2026-08-21 01:49:31
457930,2,BNK 미래전략기술액티브,27290,5,-445,-1.6,27389.0,-10.8487,114,3,82,2026-08-21 01:49:31
466810,2,BNK 2차전지양극재,5455,5,-285,-4.97,5453.0,-20.3332,1800,9,82,2026-08-21 01:49:31
0215T0,4,HANARO 미국AI광통신TOP10,9085,5,-110,-1.2,9089.0,,34301,311,82,2026-08-21 01:49:31
0184N0,7,PLUS 은채권혼합,9030,2,70,0.78,9009.0,-7.7715,24887,224,81,2026-08-21 01:49:31
487920,4,ACE 인도시장대표BIG5그룹액티브,8035,5,-65,-0.8,8026.0,-3.8005,282,2,80,2026-08-21 01:49:31
404540,2,TIGER KRX기후변화솔루션,22895,5,-770,-3.25,23039.0,-10.1651,162,3,80,2026-08-21 01:49:31
0226D0,7,FOCUS 금융반도체지주채권혼합50액티브,10015,5,-50,-0.5,10056.0,,1239,12,80,2026-08-21 01:49:31
261110,7,TIGER 미국달러선물레버리지,15960,5,-275,-1.69,15961.0,-13.9184,1742,27,80,2026-08-21 01:49:31
0218K0,2,BNK 스마트카,10540,5,-360,-3.3,10498.0,,9,0,79,2026-08-21 01:49:31
480460,7,WON 한국부동산TOP3플러스,9260,3,0,0.0,9244.0,-3.0408,16,0,79,2026-08-21 01:49:31
253280,2,RISE 헬스케어,13060,5,-745,-5.4,13053.0,-2.6103,2282,30,78,2026-08-21 01:49:31
0082F0,4,HANARO 유럽방산,11160,5,-210,-1.85,11105.0,10.9268,37,0,78,2026-08-21 01:49:31
189400,4,PLUS 글로벌MSCI(합성 H),26040,2,20,0.08,25919.0,5.2376,82,2,78,2026-08-21 01:49:31
0138D0,2,RISE 동학개미,12015,5,-315,-2.55,12042.0,-23.0338,426,5,78,2026-08-21 01:49:31
435530,7,KIWOOM TDF2030액티브 적격,15360,5,-180,-1.16,15330.0,-3.0668,115,1,77,2026-08-21 01:49:31
225800,7,KIWOOM 미국달러선물레버리지,15025,5,-255,-1.67,15023.0,-14.1091,52,0,77,2026-08-21 01:49:31
0094X0,4,1Q 샤오미밸류체인액티브,8485,2,50,0.59,8491.0,-15.9167,2617,22,76,2026-08-21 01:49:31
256450,4,PLUS 심천차이넥스트(합성),15235,2,5,0.03,15550.0,-17.6757,2183,33,76,2026-08-21 01:49:31
494210,4,SOL 미국500타겟데일리커버드콜액티브,10855,5,-210,-1.9,10830.0,-2.8949,7655,83,76,2026-08-21 01:49:31
225050,4,TIGER 유로스탁스레버리지(합성 H),16670,2,50,0.3,16657.0,21.3581,74,1,75,2026-08-21 01:49:31
304670,6,KODEX 미국30년국채울트라선물인버스(H),12385,2,125,1.02,12400.0,-0.6081,31,0,74,2026-08-21 01:49:31
437370,4,RISE 글로벌농업경제,10570,2,120,1.15,10541.0,-6.6073,1051,11,74,2026-08-21 01:49:31
227570,2,TIGER 우량가치,20400,5,-300,-1.45,20470.0,-4.6962,249,5,73,2026-08-21 01:49:31
285690,2,FOCUS ESG리더스,20960,5,-580,-2.69,21127.0,-3.3214,100,2,73,2026-08-21 01:49:31
438740,2,MIDAS 중소형액티브,32540,5,-855,-2.56,32326.0,-11.5716,5,0,73,2026-08-21 01:49:31
139660,7,KIWOOM 미국달러선물인버스,8380,2,65,0.78,8399.0,8.0571,631,5,73,2026-08-21 01:49:31
0005C0,6,RISE 미국S&P500엔화노출(합성 H),11190,5,-220,-1.93,11177.0,-3.6318,551,6,73,2026-08-21 01:49:31
390400,4,KODEX 미국스마트모빌리티S&P,7240,5,-235,-3.14,7285.0,-7.4778,1033,7,72,2026-08-21 01:49:31
488480,4,RISE 일본섹터TOP4Plus,13115,5,-80,-0.61,13078.0,-4.513,469,6,72,2026-08-21 01:49:31
402460,2,HANARO Fn K-메타버스MZ,14350,5,-290,-1.98,14414.0,10.8694,26,0,72,2026-08-21 01:49:31
450180,7,KODEX 한중전기차(합성),11030,5,-140,-1.25,11097.0,-22.1332,6,0,72,2026-08-21 01:49:31
400590,4,SOL 글로벌탄소배출권선물ICE(합성),14250,2,275,1.97,14186.0,0.8297,27,0,71,2026-08-21 01:49:31
326230,2,RISE 내수주플러스,11100,5,-210,-1.86,11117.0,-3.1679,16,0,71,2026-08-21 01:49:31
368680,2,KODEX K-뉴딜디지털플러스,7830,5,-270,-3.33,7815.0,-5.3059,172,1,70,2026-08-21 01:49:31
0036Z0,4,RISE 미국천연가스밸류체인,12685,5,-95,-0.74,12690.0,-10.426,83,1,70,2026-08-21 01:49:31
0176P0,2,FOCUS AI반도체위클리고정커버드콜,12490,5,-230,-1.81,12481.0,-2.7691,1083,13,69,2026-08-21 01:49:31
0166T0,4,PLUS 글로벌저작권핵심기업액티브,9795,5,-95,-0.96,9803.0,-3.3236,4,0,69,2026-08-21 01:49:31
250780,3,TIGER 코스닥150선물인버스,2500,2,150,6.38,2506.0,3.7527,439603,1084,68,2026-08-21 01:49:31
429740,7,PLUS K리츠,6125,3,0,0.0,6113.0,-3.7968,93,0,67,2026-08-21 01:49:31
0047N0,4,PLUS 차이나AI테크TOP10,10325,5,-55,-0.53,10328.0,-9.8176,194,1,67,2026-08-21 01:49:31
244670,2,KODEX 밸류Plus,11175,5,-150,-1.32,11163.0,-4.7701,19,0,67,2026-08-21 01:49:31
139290,2,TIGER 200 경기소비재,25605,5,-290,-1.12,25599.0,-11.9368,171,4,67,2026-08-21 01:49:31
456200,6,PLUS 미국달러SOFR금리액티브(합성),59900,5,-420,-0.7,59805.0,-6.8921,4,0,66,2026-08-21 01:49:31
316300,7,ACE 싱가포르리츠,13105,5,-155,-1.17,13146.0,-6.1258,1115,14,66,2026-08-21 01:49:31
0102X0,4,ACE 유럽방산TOP10,9880,5,-120,-1.2,9870.0,4.9908,814,8,64,2026-08-21 01:49:31
0184V0,2,UNICORN K바이오액티브,5810,5,-730,-11.16,5824.0,-20.6311,70434,417,64,2026-08-21 01:49:31
315270,2,TIGER 200커뮤니케이션서비스,19900,5,-245,-1.22,19888.0,-3.6154,380,7,64,2026-08-21 01:49:31
0087F0,4,ACE 차이나AI빅테크TOP2+액티브,12685,5,-60,-0.47,12650.0,-4.209,134,1,63,2026-08-21 01:49:31
291890,4,KODEX MSCI EM선물(H),12400,2,80,0.65,12410.0,3.8348,143,1,62,2026-08-21 01:49:31
307510,2,TIGER 의료기기,12290,5,-540,-4.21,12275.0,-17.2227,1127,14,61,2026-08-21 01:49:31
138920,5,KODEX 콩선물(H),12130,5,-120,-0.98,12175.0,0.451,523,6,61,2026-08-21 01:49:31
469530,3,RISE 미국달러선물인버스,9400,2,105,1.13,9403.0,8.0813,36,0,60,2026-08-21 01:49:31
289670,6,PLUS 국채선물10년,51825,5,-260,-0.5,51846.0,0.5404,143,7,60,2026-08-21 01:49:31
0114X0,4,RISE 글로벌게임테크TOP3Plus,8445,5,-170,-1.97,8443.0,0.1744,128,1,59,2026-08-21 01:49:31
219900,4,ACE 중국본토CSI300레버리지(합성),4195,5,-70,-1.64,4252.0,-22.7356,1000,4,59,2026-08-21 01:49:31
433250,1,UNICORN R&D 액티브,23405,5,-580,-2.42,23619.0,-5.6823,3,0,59,2026-08-21 01:49:31
451670,6,RISE 국채30년레버리지(합성),11675,5,-70,-0.6,11595.0,-17.0551,2,0,58,2026-08-21 01:49:31
400580,4,SOL 유럽탄소배출권선물S&P(H),11585,2,5,0.04,11693.0,9.659,4,0,58,2026-08-21 01:49:31
407300,2,HANARO Fn골프테마,10495,3,0,0.0,10175.0,-11.3439,1,0,58,2026-08-21 01:49:31
401590,4,HANARO 글로벌탄소배출권선물ICE(합성),11275,3,0,0.0,11318.0,1.8058,90,1,58,2026-08-21 01:49:31
314700,2,HANARO 농업융복합산업,10360,5,-315,-2.95,10325.0,-15.1486,8,0,57,2026-08-21 01:49:31
476310,4,RISE 글로벌비만산업TOP2+,10255,5,-285,-2.7,10323.0,6.3066,341,3,56,2026-08-21 01:49:31
0053M0,2,더제이 중소형포커스액티브,12455,5,-405,-3.15,12488.0,-11.1265,284,3,56,2026-08-21 01:49:31
483020,2,KIWOOM 의료AI,9335,5,-390,-4.01,9323.0,-12.1103,1112,10,56,2026-08-21 01:49:31
413220,4,SOL 차이나태양광CSI(합성),4655,5,-10,-0.21,4691.0,-30.477,152,0,56,2026-08-21 01:49:31
0191B0,1,MIDAS 코스닥액티브,27785,5,-2235,-7.45,27815.0,-15.3174,3030,84,56,2026-08-21 01:49:31
267450,6,RISE 미국장기국채선물인버스(H),11100,3,0,0.0,11124.0,-0.4038,0,0,56,2026-08-21 01:49:31
432600,6,RISE 국채선물3년,55295,5,-20,-0.04,55275.0,1.0965,1,0,55,2026-08-21 01:49:31
470310,2,UNICORN 생성형AI강소기업액티브,18285,5,-530,-2.82,18239.0,15.7134,359,6,55,2026-08-21 01:49:31
220130,4,SOL 차이나강소기업CSI500(합성 H),6820,2,30,0.44,6879.0,-7.7446,5266,35,55,2026-08-21 01:49:31
483030,4,KIWOOM 미국블록버스터바이오테크의약품+,12095,5,-485,-3.86,12126.0,10.0322,3161,38,54,2026-08-21 01:49:31
499150,4,SOL 미국S&P500엔화노출(H),10800,5,-165,-1.5,10805.0,-4.1051,131,1,54,2026-08-21 01:49:31
321410,7,KODEX 멀티에셋하이인컴(H),10675,5,-20,-0.19,10667.0,2.5812,3532,37,53,2026-08-21 01:49:31
490330,4,KoAct 미국치매&뇌질환치료제액티브,15165,5,-540,-3.44,15123.0,18.6626,1990,30,53,2026-08-21 01:49:31
474390,6,SOL 국고채30년액티브,39530,5,-330,-0.83,39622.0,-7.3993,1,0,53,2026-08-21 01:49:31
0015E0,7,KIWOOM 엔비디아미국30년국채혼합액티브(H),10550,5,-55,-0.52,10537.0,-0.4201,417,4,53,2026-08-21 01:49:31
488200,2,KIWOOM K-2차전지북미공급망,11705,5,-520,-4.25,11715.0,-18.721,900,10,53,2026-08-21 01:49:31
0174J0,7,DAISHIN 오피스리츠플러스,8770,5,-35,-0.4,8768.0,-1.7746,3643,32,53,2026-08-21 01:49:31
0132D0,7,KoAct 글로벌K컬처밸류체인액티브,9415,5,-180,-1.88,9414.0,0.5765,20,0,52,2026-08-21 01:49:31
411860,4,KIWOOM 독일DAX,17220,5,-215,-1.23,17167.0,0.0397,87,1,52,2026-08-21 01:49:31
0073X0,5,FOCUS 알리바바미국채커버드콜혼합,9360,5,-90,-0.95,9334.0,-8.0716,2277,21,51,2026-08-21 01:49:31
295000,6,RISE 국채선물10년,51235,5,-100,-0.19,51174.0,0.2636,3,0,51,2026-08-21 01:49:31
498610,4,RISE 인도디지털성장,8345,5,-40,-0.48,8317.0,-0.1904,12,0,50,2026-08-21 01:49:31
0128D0,4,PLUS 차이나항셍테크위클리타겟커버드콜,7125,5,-70,-0.97,7169.0,-8.7733,234,1,50,2026-08-21 01:49:31
0154H0,4,KoAct 차이나바이오헬스케어액티브,9065,5,-340,-3.62,9037.0,9.424,799,7,50,2026-08-21 01:49:31
0015K0,4,TIGER 미국소비트렌드액티브,7180,5,-150,-2.05,7118.0,-2.1362,88,0,49,2026-08-21 01:49:31
0078V0,4,PLUS 미국로보택시,9730,5,-90,-0.92,9657.0,-12.7112,48,0,49,2026-08-21 01:49:31
267440,6,RISE 미국장기국채선물(H),8085,2,35,0.43,8083.0,0.1243,67,0,49,2026-08-21 01:49:31
291630,3,KIWOOM 코스닥150선물레버리지,3330,5,-490,-12.83,3337.0,-40.8669,78870,272,48,2026-08-21 01:49:31
391600,4,ACE 미국친환경그린테마,10480,5,-325,-3.01,10464.0,-15.1551,25,0,47,2026-08-21 01:49:31
0131A0,4,SOL 차이나소비트렌드,7800,5,-190,-2.38,7968.0,-14.0399,1212,9,47,2026-08-21 01:49:31
244660,2,KODEX 퀄리티Plus,9160,5,-145,-1.56,9138.0,-3.5982,9,0,46,2026-08-21 01:49:31
266550,2,PLUS 중형주저변동50,18215,5,-190,-1.03,18113.0,-3.7396,1,0,46,2026-08-21 01:49:31
373790,4,KIWOOM 미국방어배당성장나스닥,15885,5,-135,-0.84,15800.0,-2.1745,79,1,44,2026-08-21 01:49:31
205720,4,ACE 일본TOPIX인버스(합성 H),1477,2,8,0.54,1472.0,-8.0151,2062,3,44,2026-08-21 01:49:31
488210,2,KIWOOM K-반도체북미공급망,21645,5,-430,-1.95,21721.0,-11.441,194,4,43,2026-08-21 01:49:31
243890,2,TIGER 200에너지화학레버리지,8055,5,-390,-4.62,8070.0,-20.5551,20905,167,42,2026-08-21 01:49:31
252420,3,RISE 200선물인버스2X,79,5,-3,-3.66,78.0,-35.4331,858176,69,42,2026-08-21 01:49:31
226380,2,ACE Fn성장소비주도주,5785,5,-110,-1.87,5812.0,-3.0428,3,0,40,2026-08-21 01:49:31
238670,7,PLUS 스마트베타Quality채권혼합,13445,5,-15,-0.11,13348.0,3.858,5019,67,40,2026-08-21 01:49:31
0050E0,4,PLUS 미국AI에이전트,8040,5,-205,-2.49,8053.0,0.733,1105,8,40,2026-08-21 01:49:31
277650,2,TIGER 코스피중형주,20055,5,-590,-2.86,20136.0,-11.1279,90,1,40,2026-08-21 01:49:31
334690,5,RISE 팔라듐선물(H),6150,2,90,1.49,6130.0,-4.567,1560,9,40,2026-08-21 01:49:31
227550,2,TIGER 200 산업재,11605,5,-695,-5.65,11655.0,-13.8052,357,4,39,2026-08-21 01:49:31
225030,4,TIGER 미국S&P500선물인버스(H),2265,2,25,1.12,2262.0,-4.4777,4484,10,39,2026-08-21 01:49:31
291680,4,RISE 차이나H선물인버스(H),7670,2,120,1.59,7678.0,-3.2672,6,0,38,2026-08-21 01:49:31
0079X0,4,ACE BYD밸류체인액티브,10230,2,30,0.29,10245.0,-16.5303,61122,619,36,2026-08-21 01:49:31
267490,6,RISE 미국장기국채선물레버리지(합성 H),4945,5,-90,-1.79,5023.0,-0.0993,1812,8,35,2026-08-21 01:49:31
427120,2,RISE AI플랫폼,5185,5,-115,-2.17,5170.0,-8.6207,9181,49,34,2026-08-21 01:49:31
454180,4,KIWOOM 차이나내수소비TOP CSI,7705,5,-105,-1.34,7794.0,-8.3811,1002,7,31,2026-08-21 01:49:31
227560,2,TIGER 200 생활소비재,12675,5,-140,-1.09,12687.0,-0.8381,582,7,30,2026-08-21 01:49:31
489010,4,PLUS 글로벌AI인프라,20145,5,-470,-2.28,20205.0,-5.0657,439,8,30,2026-08-21 01:49:31
306530,3,HANARO 코스닥150선물레버리지,6655,5,-975,-12.78,6645.0,-41.7113,29701,202,29,2026-08-21 01:49:31
476000,2,UNICORN 포스트IPO액티브,5195,5,-295,-5.37,5180.0,-36.9691,96820,505,29,2026-08-21 01:49:31
145670,3,ACE 인버스,1279,5,-13,-1.01,1276.0,-12.4068,118815,154,28,2026-08-21 01:49:31
280940,5,KODEX 골드선물인버스(H),3345,2,10,0.3,3319.0,-0.299,948,3,27,2026-08-21 01:49:31
252410,3,RISE 200선물인버스,1301,5,-18,-1.36,1298.0,-11.4171,4884,6,26,2026-08-21 01:49:31
491630,4,RISE 미국반도체인버스(합성 H),5400,5,-10,-0.18,5394.0,-15.2038,1286,6,26,2026-08-21 01:49:31
291620,3,KIWOOM 코스닥150선물인버스,4435,2,270,6.48,4440.0,3.995,32349,141,25,2026-08-21 01:49:31
275750,3,RISE 코스닥150선물인버스,2530,2,150,6.3,2539.0,3.2537,73246,184,24,2026-08-21 01:49:31
253230,3,KIWOOM 200선물인버스2X,75,5,-3,-3.85,75.0,-37.0968,1844806,140,23,2026-08-21 01:49:31
334700,5,RISE 팔라듐선물인버스(H),3240,5,-40,-1.22,3264.0,-0.7565,391,1,21,2026-08-21 01:49:31
253240,3,KIWOOM 200선물인버스,1303,5,-18,-1.36,1301.0,-11.7569,17018,22,16,2026-08-21 01:49:31
306520,3,HANARO 200선물인버스,2375,5,-40,-1.66,2372.0,-11.7002,1144,2,14,2026-08-21 01:49:31
261920,4,ACE MSCI필리핀(합성),12820,5,-15,-0.12,12758.0,-2.5807,5,0,13,2026-08-21 01:49:31
253160,3,PLUS 200선물인버스2X,150,5,-7,-4.46,152.0,-39.6154,187029,29,12,2026-08-21 01:49:31
412560,2,TIGER BBIG레버리지,1729,5,-150,-7.98,1727.0,-21.8712,7683,13,12,2026-08-21 01:49:31
465620,4,ACE 미국빅테크TOP7 Plus인버스(합성),6565,2,100,1.55,6603.0,2.9458,116,0,7,2026-08-21 01:49:31
