itemcode,etfTabCode,itemname,nowVal,risefall,changeVal,changeRate,nav,threeMonthEarnRate,quant,amonut,marketSum,collected_at
069500,1,KODEX 200,110940,5,-2205,-1.95,111062.0,-14.6419,4741202,530226,253997,2026-09-28 01:08:47
360750,4,TIGER 미국S&P500,26030,5,-170,-0.65,26084.0,-7.0135,5894250,153520,208214,2026-09-28 01:08:47
133690,4,TIGER 미국나스닥100,183625,5,-1360,-0.74,184034.0,-8.6487,1324721,243608,120697,2026-09-28 01:08:47
379800,4,KODEX 미국S&P500,23665,5,-145,-0.61,23712.0,-7.0192,6060476,143487,103570,2026-09-28 01:08:47
102110,1,TIGER 200,111245,5,-2115,-1.87,111316.0,-14.8861,3574731,400515,101455,2026-09-28 01:08:47
396500,2,TIGER 반도체TOP10,38190,5,-1205,-3.06,38208.0,-20.0264,3018890,116462,101261,2026-09-28 01:08:47
379810,4,KODEX 미국나스닥100,27460,5,-205,-0.74,27516.0,-8.6466,7742724,212908,97977,2026-09-28 01:08:47
488770,7,KODEX 머니마켓액티브,105650,2,5,0.0,105654.0,0.9025,194409,20539,97681,2026-09-28 01:08:47
278530,1,KODEX 200TR,40175,5,-775,-1.89,40216.0,-14.9091,101699,4124,78040,2026-09-28 01:08:47
459580,6,KODEX CD금리액티브(합성),1075890,2,95,0.01,1076204.0,0.7631,264289,284345,69981,2026-09-28 01:08:47
381180,4,TIGER 미국필라델피아반도체나스닥,44535,5,-260,-0.58,44767.0,-20.552,728644,32624,60835,2026-09-28 01:08:47
498400,2,KODEX 200타겟위클리커버드콜,20625,5,-375,-1.79,20653.0,-14.6435,1673298,34794,60411,2026-09-28 01:08:47
091160,2,KODEX 반도체,138385,5,-2015,-1.44,138389.0,-15.8173,433270,60197,58883,2026-09-28 01:08:47
0167A0,2,SOL AI반도체TOP2플러스,18690,5,-455,-2.38,18698.0,-26.2378,3881561,73438,57883,2026-09-28 01:08:47
122630,3,KODEX 레버리지,112390,5,-4585,-3.92,112626.0,-38.1052,3787649,432540,57768,2026-09-28 01:08:47
229200,1,KODEX 코스닥150,14410,2,260,1.84,14424.0,-11.1739,6573798,94085,48245,2026-09-28 01:08:47
310970,1,TIGER MSCI Korea TR,49700,5,-1260,-2.47,49791.0,-14.8111,4171,210,46171,2026-09-28 01:08:47
148020,1,RISE 200,111780,5,-2165,-1.9,111890.0,-14.9328,426064,47869,45103,2026-09-28 01:08:47
458730,4,TIGER 미국배당다우존스,14375,5,-130,-0.9,14351.0,-5.6633,641029,9218,42600,2026-09-28 01:08:47
395160,2,KODEX AI반도체TOP2플러스,41875,5,-1160,-2.7,41900.0,-24.1006,1405742,59712,41708,2026-09-28 01:08:47
0162Z0,7,RISE 삼성전자SK하이닉스채권혼합50,13805,5,-225,-1.6,13814.0,-7.837,1485812,20659,41650,2026-09-28 01:08:47
360200,4,ACE 미국S&P500,26315,5,-170,-0.64,26370.0,-7.0253,342364,9014,39815,2026-09-28 01:08:47
381170,4,TIGER 미국테크TOP10 INDXX,31635,5,-325,-1.02,31732.0,-1.1598,524054,16615,39006,2026-09-28 01:08:47
411060,5,ACE KRX금현물,25965,5,-585,-2.2,25864.0,-4.2035,330555,8618,38844,2026-09-28 01:08:47
395270,2,HANARO Fn K-반도체,59615,5,-1675,-2.73,59650.0,-22.8669,582211,35131,37170,2026-09-28 01:08:47
423160,6,KODEX KOFR금리액티브(합성),110925,2,15,0.01,110870.0,0.7475,40206,4459,35985,2026-09-28 01:08:47
367380,4,ACE 미국나스닥100,31565,5,-235,-0.74,31632.0,-8.6301,267194,8445,35795,2026-09-28 01:08:47
273130,6,KODEX 종합채권(AA-이상)액티브,109295,5,-630,-0.57,109517.0,-0.2948,2481,271,35489,2026-09-28 01:08:47
233740,3,KODEX 코스닥150레버리지,7235,2,255,3.65,7268.0,-31.4005,29734052,212521,35292,2026-09-28 01:08:47
102780,2,KODEX 삼성그룹,26680,5,-120,-0.45,26673.0,-13.5345,132581,3573,34070,2026-09-28 01:08:47
357870,6,TIGER CD금리투자KIS(합성),58125,3,0,0.0,58123.0,0.8239,48312,2807,33811,2026-09-28 01:08:47
487240,2,KODEX AI전력핵심설비,37065,5,-135,-0.36,37123.0,-11.391,652562,24280,32543,2026-09-28 01:08:47
0043B0,6,TIGER 머니마켓액티브,103785,2,10,0.01,103786.0,0.968,230026,23873,31737,2026-09-28 01:08:47
455890,6,RISE 머니마켓액티브,55600,3,0,0.0,55603.0,0.8891,46402,2579,30905,2026-09-28 01:08:47
139260,2,TIGER 200 IT,142710,5,-2420,-1.67,142809.0,-23.5152,81515,11779,27343,2026-09-28 01:08:47
472150,2,TIGER 배당커버드콜액티브,20835,5,-455,-2.14,20822.0,-15.7098,3546984,74483,26654,2026-09-28 01:08:47
426030,4,TIME 미국나스닥100액티브,48180,5,-655,-1.34,48428.0,-18.3566,218184,10567,26451,2026-09-28 01:08:47
486290,4,TIGER 미국나스닥100타겟데일리커버드콜,10655,5,-65,-0.61,10678.0,-9.0867,802920,8566,26259,2026-09-28 01:08:47
481050,6,KODEX CD1년금리플러스액티브(합성),1024160,2,100,0.01,1024206.0,0.835,33424,34231,26029,2026-09-28 01:08:47
278540,1,KODEX MSCI Korea TR,39625,5,-745,-1.85,39637.0,-15.198,3369,134,24409,2026-09-28 01:08:47
161510,2,PLUS 고배당주,25065,2,265,1.07,25075.0,4.8966,222435,5538,24055,2026-09-28 01:08:47
449170,6,TIGER KOFR금리액티브(합성),111995,2,15,0.01,111936.0,0.7286,15686,1756,23881,2026-09-28 01:08:47
0193T0,2,KODEX SK하이닉스단일종목레버리지,10985,5,-880,-7.42,11012.0,-63.8152,5487792,61902,22236,2026-09-28 01:08:47
385540,6,RISE 종합채권(A-이상)액티브,102380,5,-595,-0.58,102432.0,-0.2471,94,9,21868,2026-09-28 01:08:47
456600,4,TIME 글로벌AI인공지능액티브,59295,5,-1005,-1.67,59495.0,-15.1482,76921,4583,21228,2026-09-28 01:08:47
284430,6,KODEX 200미국채혼합50,20795,5,-210,-1.0,20814.0,-13.2319,167529,3505,20030,2026-09-28 01:08:47
292150,2,TIGER 코리아TOP10,38840,5,-350,-0.89,38874.0,-16.6585,193992,7585,19265,2026-09-28 01:08:47
294400,1,KIWOOM 200TR,145660,5,-2920,-1.97,145799.0,-14.7709,18768,2748,18426,2026-09-28 01:08:47
214980,6,KODEX 단기채권PLUS,114450,3,0,0.0,114484.0,0.692,4827,552,18187,2026-09-28 01:08:47
305720,2,KODEX 2차전지산업,14875,2,550,3.84,14897.0,-5.1325,2622391,38672,17939,2026-09-28 01:08:47
442580,4,PLUS 글로벌HBM반도체,106200,5,-2670,-2.45,106795.0,-20.1365,189373,20277,17852,2026-09-28 01:08:47
441640,4,KODEX 미국배당커버드콜액티브,12245,5,-95,-0.77,12272.0,-5.8858,381600,4675,16941,2026-09-28 01:08:47
475630,7,TIGER CD1년금리액티브(합성),1078500,2,75,0.01,1078498.0,0.8321,72371,78051,16898,2026-09-28 01:08:47
105190,1,ACE 200,111245,5,-2130,-1.88,111333.0,-15.2059,53633,6000,16742,2026-09-28 01:08:47
368590,4,RISE 미국나스닥100,30625,5,-240,-0.78,30687.0,-8.6125,184477,5655,16354,2026-09-28 01:08:47
446770,4,ACE 글로벌반도체TOP4 Plus,79915,5,-1130,-1.39,80115.0,-18.42,36149,2906,16023,2026-09-28 01:08:47
329200,2,TIGER 리츠부동산인프라,4075,5,-5,-0.12,4065.0,4.703,935698,3815,15719,2026-09-28 01:08:47
0193W0,2,KODEX 삼성전자단일종목레버리지,12995,5,-955,-6.85,13026.0,-34.5378,3924284,52912,15665,2026-09-28 01:08:47
477080,6,RISE CD금리액티브(합성),107700,5,-10,-0.01,107707.0,0.7954,3123,336,15471,2026-09-28 01:08:47
0177N0,7,KODEX 삼성전자SK하이닉스채권혼합50,14510,5,-280,-1.89,14513.0,-6.8153,1459707,21340,15468,2026-09-28 01:08:47
152100,1,PLUS 200,112610,5,-2170,-1.89,112739.0,-15.0354,150859,17090,15146,2026-09-28 01:08:47
379780,4,RISE 미국S&P500,22755,5,-135,-0.59,22799.0,-7.0997,58891,1340,14996,2026-09-28 01:08:47
487230,4,KODEX 미국AI전력핵심인프라,19775,2,20,0.1,19861.0,-28.0176,174282,3454,14900,2026-09-28 01:08:47
226490,1,KODEX 코스피,71705,5,-865,-1.19,71734.0,-14.4446,31166,2249,14664,2026-09-28 01:08:47
0195S0,2,TIGER SK하이닉스단일종목레버리지,9340,5,-755,-7.48,9358.0,-64.0556,3856031,36965,14566,2026-09-28 01:08:47
232080,1,TIGER 코스닥150,14680,2,290,2.02,14710.0,-11.5551,3519205,51445,14466,2026-09-28 01:08:47
091230,2,TIGER 반도체,146390,5,-1615,-1.09,146381.0,-15.2622,53842,7919,14375,2026-09-28 01:08:47
466920,2,SOL 조선TOP3플러스,27000,2,310,1.16,27016.0,-17.877,321454,8628,14324,2026-09-28 01:08:47
453850,6,ACE 미국30년국채액티브(H),6915,5,-245,-3.42,6935.0,-4.0059,1205932,8344,14314,2026-09-28 01:08:47
390390,4,KODEX 미국반도체,55690,5,-310,-0.55,55993.0,-16.966,148805,8318,13449,2026-09-28 01:08:47
448330,1,KODEX 삼성전자채권혼합,17610,5,-140,-0.79,17600.0,-0.3681,325186,5758,13014,2026-09-28 01:08:47
157450,6,TIGER 단기통안채,112705,3,0,0.0,112709.0,0.6339,6904,778,12891,2026-09-28 01:08:47
436140,6,SOL 종합채권(AA-이상)액티브,105660,5,-650,-0.61,105754.0,-0.0189,61,6,12649,2026-09-28 01:08:47
438080,7,ACE 미국S&P500미국채혼합50액티브,13870,5,-25,-0.18,13860.0,-9.2424,124026,1720,12386,2026-09-28 01:08:47
469150,2,ACE AI반도체TOP3+,62550,5,-1215,-1.91,62593.0,-14.352,54140,3414,12385,2026-09-28 01:08:47
487340,6,ACE 머니마켓액티브,106117,5,-3,0.0,106123.0,0.9608,11682,1239,11851,2026-09-28 01:08:47
356540,6,ACE 종합채권(AA-이상)액티브,100770,5,-460,-0.45,100788.0,-0.1628,1530,154,11716,2026-09-28 01:08:47
494310,2,KODEX 반도체레버리지,90515,5,-2925,-3.13,90575.0,-42.7855,847483,77310,11676,2026-09-28 01:08:47
0072R0,5,TIGER KRX금현물,12385,5,-280,-2.21,12361.0,-4.6311,336910,4188,11561,2026-09-28 01:08:47
455850,2,SOL AI반도체소부장,27430,5,-65,-0.24,27434.0,-2.0834,858214,23573,11534,2026-09-28 01:08:47
0183J0,4,TIGER 미국우주테크,7730,5,-235,-2.95,7751.0,-17.7595,506713,3931,11398,2026-09-28 01:08:47
497570,4,TIGER 미국필라델피아AI반도체나스닥,22370,5,-200,-0.89,22471.0,-14.3112,142172,3194,11174,2026-09-28 01:08:47
465580,4,ACE 미국빅테크TOP7 Plus,24420,5,-280,-1.13,24445.0,0.8163,258611,6319,10855,2026-09-28 01:08:47
445290,2,KODEX 로봇액티브,31125,2,125,0.4,31139.0,-9.5334,66231,2059,10832,2026-09-28 01:08:47
0139F0,6,TIGER 12월자동연장금융채(AA-이상)액티브,102310,5,-10,-0.01,102303.0,0.9023,8,0,10822,2026-09-28 01:08:47
494890,1,KODEX 200액티브,32015,5,-610,-1.87,32044.0,-15.4685,17137,553,10725,2026-09-28 01:08:47
469830,6,SOL 초단기채권액티브,54510,3,0,0.0,54508.0,0.9257,47888,2610,10637,2026-09-28 01:08:47
494300,4,KODEX 미국나스닥100데일리커버드콜OTM,9025,5,-40,-0.44,9032.0,-12.3678,460573,4166,10442,2026-09-28 01:08:47
449180,4,KODEX 미국S&P500(H),17250,5,-105,-0.61,17284.0,5.085,178329,3076,10428,2026-09-28 01:08:47
451540,6,TIGER 종합채권(AA-이상)액티브,52545,5,-300,-0.57,52575.0,-0.2078,4181,219,10358,2026-09-28 01:08:47
479520,6,RISE KOFR금리액티브(합성),106572,5,-23,-0.02,106556.0,0.7371,148,15,10345,2026-09-28 01:08:47
0117V0,2,TIGER 코리아AI전력기기TOP3플러스,19330,5,-120,-0.62,19353.0,-11.826,267298,5186,10342,2026-09-28 01:08:47
295040,1,SOL 200TR,41605,5,-815,-1.92,41654.0,-15.1091,5448,228,10297,2026-09-28 01:08:47
446720,4,SOL 미국배당다우존스,13170,5,-130,-0.98,13155.0,-5.6785,121040,1593,10101,2026-09-28 01:08:47
449450,2,PLUS K방산,51100,2,1095,2.19,51171.0,-18.4325,217790,11013,9878,2026-09-28 01:08:47
315930,2,KODEX Top5PlusTR,80355,5,-655,-0.81,80382.0,-14.0159,3990,322,9643,2026-09-28 01:08:47
495050,1,RISE 코리아밸류업,32565,5,-355,-1.08,32593.0,-14.9577,33967,1112,9623,2026-09-28 01:08:47
0195R0,2,TIGER 삼성전자단일종목레버리지,11830,5,-850,-6.7,11841.0,-35.7975,2014485,24630,9600,2026-09-28 01:08:47
237350,1,KODEX 코스피100,88605,5,-1420,-1.58,88613.0,-16.6925,36717,3278,9525,2026-09-28 01:08:47
438100,7,ACE 미국나스닥100미국채혼합50액티브,15235,5,-55,-0.36,15215.0,-9.7936,115184,1756,9476,2026-09-28 01:08:47
305540,2,TIGER 2차전지테마,19020,2,760,4.16,19046.0,-1.7752,179522,3385,9462,2026-09-28 01:08:47
402970,4,ACE 미국배당다우존스,14555,5,-155,-1.05,14581.0,-5.8733,124875,1818,9344,2026-09-28 01:08:47
0048J0,6,KODEX 미국머니마켓액티브,13575,3,0,0.0,13572.0,-11.0682,314440,4269,9230,2026-09-28 01:08:47
479080,6,1Q 머니마켓액티브,53890,3,0,0.0,53894.0,0.9081,4921,265,8849,2026-09-28 01:08:47
0117L0,6,KODEX 26-12 금융채(AA-이상)액티브,10175,5,-5,-0.05,10176.0,0.792,3378,34,8714,2026-09-28 01:08:47
0219E0,2,KODEX 200커버드콜액티브,8572,5,-153,-1.75,8548.0,,4157742,35917,8658,2026-09-28 01:08:47
475720,3,RISE 200위클리커버드콜,12870,5,-115,-0.89,12835.0,-8.8354,440418,5689,8649,2026-09-28 01:08:47
466940,2,TIGER 은행고배당플러스TOP10,27175,2,295,1.1,27220.0,10.9772,192917,5200,8479,2026-09-28 01:08:47
498410,2,KODEX 금융고배당TOP10타겟위클리커버드콜,11835,2,80,0.68,11826.0,9.3146,700840,8244,8462,2026-09-28 01:08:47
0177R0,2,TIGER 반도체TOP10커버드콜액티브,11735,5,-305,-2.53,11745.0,-21.8234,604682,7182,8449,2026-09-28 01:08:47
069660,1,KIWOOM 200,110950,5,-2170,-1.92,111011.0,-14.5182,53264,5930,8377,2026-09-28 01:08:47
490590,4,RISE 미국AI밸류체인데일리고정커버드콜,14535,5,-180,-1.22,14583.0,-7.2344,279583,4080,8365,2026-09-28 01:08:47
441800,1,TIME Korea플러스배당액티브,29115,5,-275,-0.94,29134.0,-13.5647,49723,1453,7983,2026-09-28 01:08:47
272580,6,TIGER 단기채권액티브,57200,5,-5,-0.01,57193.0,0.8195,6228,356,7911,2026-09-28 01:08:47
114800,3,KODEX 인버스,987,2,21,2.17,986.0,2.3305,166141307,162354,7816,2026-09-28 01:08:47
0025N0,7,TIGER TDF2045 적격,11905,5,-30,-0.25,11931.0,-6.3555,73486,875,7816,2026-09-28 01:08:47
462330,2,KODEX 2차전지산업레버리지,1044,2,64,6.53,1052.0,-19.8037,40725662,41711,7798,2026-09-28 01:08:47
153130,6,KODEX 단기채권,113205,2,5,0.0,113195.0,0.6556,4179,473,7752,2026-09-28 01:08:47
252670,3,KODEX 200선물인버스2X,71,2,4,5.97,70.0,-11.8422,848876559,58918,7641,2026-09-28 01:08:47
457480,4,ACE 테슬라밸류체인액티브,18340,5,-525,-2.78,18367.0,-18.2095,271765,5001,7584,2026-09-28 01:08:47
476550,6,TIGER 미국30년국채커버드콜액티브(H),6565,5,-200,-2.96,6569.0,-4.2036,767005,5030,7523,2026-09-28 01:08:47
144600,5,KODEX 은선물(H),10190,5,-540,-5.03,10183.0,5.2993,311426,3195,7439,2026-09-28 01:08:47
456610,6,TIGER 미국달러SOFR금리액티브(합성),59120,3,0,0.0,59116.0,-10.8229,15210,899,7409,2026-09-28 01:08:47
418660,4,TIGER 미국나스닥100레버리지(합성),41370,5,-640,-1.52,41558.0,-17.8128,205655,8538,7364,2026-09-28 01:08:47
481060,6,KODEX 미국30년국채타겟커버드콜(합성 H),7120,5,-230,-3.13,7165.0,-2.5105,577536,4115,7248,2026-09-28 01:08:47
367760,2,RISE 네트워크인프라,61785,5,-170,-0.27,61828.0,-22.3865,46170,2891,7136,2026-09-28 01:08:47
364980,2,TIGER 2차전지TOP10,10310,2,340,3.41,10335.0,0.8088,1029449,10520,7031,2026-09-28 01:08:47
0061Z0,6,RISE 단기특수은행채액티브,51090,5,-10,-0.02,51092.0,0.7889,30,1,7024,2026-09-28 01:08:47
329750,6,TIGER 미국달러단기채권액티브,12855,2,15,0.12,12849.0,-11.2341,78913,1014,7007,2026-09-28 01:08:47
434730,2,HANARO 원자력iSelect,58850,2,430,0.74,58876.0,-12.1372,53478,3133,6974,2026-09-28 01:08:47
0127P0,4,ACE 미국대형성장주액티브,10545,5,-55,-0.52,10591.0,-9.2721,458,4,6970,2026-09-28 01:08:47
290130,2,RISE ESG사회책임투자,48485,5,-965,-1.95,48577.0,-17.0511,25840,1265,6885,2026-09-28 01:08:47
0101N0,2,RISE AI전력인프라,21615,2,150,0.7,21635.0,3.6956,123981,2680,6809,2026-09-28 01:08:47
458760,4,TIGER 미국배당다우존스타겟커버드콜2호,10495,5,-105,-0.99,10503.0,-6.1274,87760,921,6743,2026-09-28 01:08:47
495850,1,KODEX 코리아밸류업,32350,5,-400,-1.22,32371.0,-14.8464,26623,865,6729,2026-09-28 01:08:47
314250,4,KODEX 미국빅테크10(H),64500,5,-635,-0.97,64750.0,15.0603,13186,852,6727,2026-09-28 01:08:47
482730,4,TIGER 미국S&P500타겟데일리커버드콜,11560,5,-55,-0.47,11562.0,-7.1857,128094,1480,6670,2026-09-28 01:08:47
0167B0,2,SOL 200타겟위클리커버드콜,12015,5,-230,-1.88,12014.0,-15.203,720093,8718,6632,2026-09-28 01:08:47
0148J0,2,TIGER 코리아휴머노이드로봇산업,9680,5,-15,-0.15,9684.0,-3.724,657507,6350,6582,2026-09-28 01:08:47
102970,2,KODEX 증권,17580,5,-275,-1.54,17585.0,-14.6787,200771,3532,6549,2026-09-28 01:08:47
488080,3,TIGER 반도체TOP10레버리지,37455,5,-2545,-6.36,37416.0,-48.6752,1491964,57051,6536,2026-09-28 01:08:47
371460,4,TIGER 차이나전기차SOLACTIVE,9090,5,-195,-2.1,9099.0,-27.2051,38984,354,6519,2026-09-28 01:08:47
0007F0,6,KODEX 27-12 회사채(AA-이상)액티브,10195,2,10,0.1,10191.0,0.7418,2384,24,6518,2026-09-28 01:08:47
0091P0,2,TIGER 코리아원자력,17805,2,455,2.62,17821.0,1.7893,984109,17324,6374,2026-09-28 01:08:47
491010,4,TIGER 글로벌AI전력인프라액티브,25170,5,-60,-0.24,25206.0,-32.5942,14463,365,6358,2026-09-28 01:08:47
434060,7,KODEX TDF2050액티브 적격,16790,5,-75,-0.44,16730.0,-8.0118,31866,535,6347,2026-09-28 01:08:47
0015B0,4,KoAct 미국나스닥성장기업액티브,19555,5,-220,-1.11,19648.0,-20.5983,67315,1323,6326,2026-09-28 01:08:47
138540,2,TIGER 현대차그룹플러스,47165,2,525,1.13,47257.0,-16.0019,58307,2734,6131,2026-09-28 01:08:47
423920,4,TIGER 미국필라델피아반도체레버리지(합성),89825,5,-925,-1.02,90814.0,-42.5299,55401,5020,6090,2026-09-28 01:08:47
491620,4,RISE 미국테크100데일리고정커버드콜,10575,5,-60,-0.56,10590.0,-5.8223,391898,4149,6022,2026-09-28 01:08:47
251600,7,PLUS 고배당주채권혼합,15345,2,45,0.29,15366.0,2.9523,77270,1183,5954,2026-09-28 01:08:47
489250,4,KODEX 미국배당다우존스,12335,5,-135,-1.08,12351.0,-5.7363,105678,1303,5908,2026-09-28 01:08:47
466950,4,TIGER 글로벌AI액티브,31680,5,-320,-1.0,31801.0,-28.0738,11440,364,5870,2026-09-28 01:08:47
277630,1,TIGER 코스피,72720,5,-990,-1.34,72796.0,-13.307,10677,782,5854,2026-09-28 01:08:47
0019K0,7,TIME 미국나스닥100채권혼합50액티브,13500,5,-85,-0.63,13535.0,-8.6109,100314,1357,5825,2026-09-28 01:08:47
449190,4,KODEX 미국나스닥100(H),22960,5,-175,-0.76,23016.0,3.1536,106640,2451,5763,2026-09-28 01:08:47
484790,6,KODEX 미국30년국채액티브(H),7945,5,-260,-3.17,7962.0,-4.1295,776166,6171,5735,2026-09-28 01:08:47
451000,6,PLUS 종합채권(AA-이상)액티브,106760,5,-650,-0.61,106792.0,-0.1627,8,0,5649,2026-09-28 01:08:47
477050,6,PLUS 머니마켓액티브,53615,5,-5,-0.01,53623.0,0.9222,432,23,5545,2026-09-28 01:08:47
494670,2,TIGER 조선TOP10,21460,2,260,1.23,21463.0,-15.5883,144699,3088,5472,2026-09-28 01:08:47
455030,6,KODEX 미국달러SOFR금리액티브(합성),11680,5,-5,-0.04,11672.0,-11.0256,15293,178,5361,2026-09-28 01:08:47
396520,4,TIGER 차이나반도체FACTSET,13005,5,-435,-3.24,13065.0,-26.9962,111381,1455,5348,2026-09-28 01:08:47
0105E0,2,SOL 코리아고배당,12855,2,95,0.74,12871.0,2.2703,96526,1232,5322,2026-09-28 01:08:47
462010,2,TIGER 2차전지소재Fn,4835,2,150,3.2,4841.0,-12.5117,1173916,5600,5297,2026-09-28 01:08:47
371160,4,TIGER 차이나항셍테크,6455,5,-25,-0.39,6400.0,-12.4425,29472,189,5245,2026-09-28 01:08:47
315960,2,RISE 대형고배당10TR,78770,5,-990,-1.24,78784.0,-15.8206,18772,1485,5199,2026-09-28 01:08:47
496020,6,WON 전단채플러스액티브,52585,2,5,0.01,52592.0,0.9697,304,15,5126,2026-09-28 01:08:47
365780,6,ACE 국고채10년,81430,5,-1030,-1.25,81524.0,-0.4888,2266,184,5124,2026-09-28 01:08:47
435420,7,TIGER 미국나스닥100채권혼합50,14150,5,-65,-0.46,14137.0,-4.1296,163391,2315,5108,2026-09-28 01:08:47
361580,1,RISE 200TR,63095,5,-1210,-1.88,63146.0,-14.9574,19327,1228,5079,2026-09-28 01:08:47
444200,2,SOL 코리아메가테크액티브,45570,5,-255,-0.56,45645.0,-17.8101,8774,403,5058,2026-09-28 01:08:47
438330,6,TIGER 우량회사채액티브,115080,5,-390,-0.34,115214.0,0.6669,943,108,4991,2026-09-28 01:08:47
496080,1,TIGER 코리아밸류업,32450,5,-340,-1.04,32471.0,-14.7534,37878,1234,4981,2026-09-28 01:08:47
463250,2,TIGER K방산&우주,33375,2,645,1.97,33421.0,-14.9318,120066,3969,4973,2026-09-28 01:08:47
114260,6,KODEX 국고채3년,61560,5,-130,-0.21,61555.0,0.2844,1584,97,4965,2026-09-28 01:08:47
0163Y0,1,KoAct 코스닥액티브,10015,2,85,0.86,10016.0,-5.7428,207690,2079,4962,2026-09-28 01:08:47
251350,4,KODEX MSCI선진국,38425,5,-290,-0.75,38451.0,-7.0379,6349,244,4918,2026-09-28 01:08:47
448290,4,TIGER 미국S&P500(H),17865,5,-110,-0.61,17905.0,4.8401,42972,767,4904,2026-09-28 01:08:47
476800,7,KODEX 한국부동산리츠인프라,4200,5,-15,-0.36,4198.0,3.7327,248016,1042,4857,2026-09-28 01:08:47
471990,2,KODEX AI반도체핵심장비,27310,5,-40,-0.15,27298.0,1.8367,277951,7617,4779,2026-09-28 01:08:47
0190C0,2,RISE 현대차고정피지컬AI,7765,2,165,2.17,7773.0,-24.9012,296751,2296,4682,2026-09-28 01:08:47
483280,4,KODEX 미국AI테크TOP10타겟커버드콜,11920,5,-80,-0.67,11964.0,-2.6632,84406,1008,4661,2026-09-28 01:08:47
499660,7,TIGER CD금리플러스액티브(합성),1002850,2,70,0.01,1002850.0,0.8211,7959,7981,4638,2026-09-28 01:08:47
490490,7,SOL 미국배당미국채혼합50,10580,5,-125,-1.17,10568.0,-9.5568,67092,710,4571,2026-09-28 01:08:47
243880,2,TIGER 200IT레버리지,347075,5,-16925,-4.65,350677.0,-54.4682,35673,12849,4512,2026-09-28 01:08:47
451060,1,1Q 200액티브,35595,5,-640,-1.77,35620.0,-15.2302,19341,694,4485,2026-09-28 01:08:47
471230,6,KODEX 국고채10년액티브,102470,5,-1250,-1.21,102550.0,-0.5895,2835,290,4477,2026-09-28 01:08:47
293180,1,HANARO 200,111230,5,-2145,-1.89,111347.0,-14.8539,7363,827,4394,2026-09-28 01:08:47
447770,7,TIGER 테슬라채권혼합Fn,13840,5,-110,-0.79,13838.0,-3.522,127095,1759,4380,2026-09-28 01:08:47
474220,4,TIGER 미국테크TOP10타겟커버드콜,15045,5,-125,-0.82,15082.0,-0.8128,22391,337,4243,2026-09-28 01:08:47
448300,4,TIGER 미국나스닥100(H),23685,5,-185,-0.78,23746.0,2.9648,43830,1039,4240,2026-09-28 01:08:47
0023A0,4,SOL 미국양자컴퓨팅TOP10,24125,5,-1085,-4.3,24320.0,-27.4324,118116,2865,4222,2026-09-28 01:08:47
0016X0,6,SOL 중단기회사채(A-이상)액티브,51485,5,-30,-0.06,51469.0,0.8614,46,2,4216,2026-09-28 01:08:47
0162M0,6,KODEX 금융채1~2년(AA-이상)PLUS액티브,10035,5,-20,-0.2,10048.0,0.9031,306,3,4197,2026-09-28 01:08:47
0210A0,2,ACE K반도체TOP2+,7660,5,-175,-2.23,7668.0,-22.4258,1034265,8030,4090,2026-09-28 01:08:47
385560,6,RISE KIS국고채30년Enhanced,49565,5,-1265,-2.49,49544.0,-4.5173,13637,675,4090,2026-09-28 01:08:47
426020,4,TIME 미국S&P500액티브,32035,5,-245,-0.76,32060.0,-11.5132,17337,557,4068,2026-09-28 01:08:47
0173Y0,4,KODEX 미국AI광통신네트워크,10900,5,-405,-3.58,10989.0,-22.315,193130,2119,4049,2026-09-28 01:08:47
302450,1,RISE 코스피,72235,5,-895,-1.22,72326.0,-13.4005,643,46,4045,2026-09-28 01:08:47
148070,6,KIWOOM 국고채10년,103210,5,-1185,-1.14,103326.0,-0.6046,6999,722,3979,2026-09-28 01:08:47
480260,6,TIGER 27-04회사채(A+이상)액티브,53865,5,-5,-0.01,53878.0,0.7292,879,47,3957,2026-09-28 01:08:47
385720,1,TIME 코스피액티브,25830,5,-285,-1.09,25841.0,-17.9806,14189,368,3952,2026-09-28 01:08:47
0060H0,1,TIGER 토탈월드스탁액티브,12490,5,-85,-0.68,12518.0,-8.0857,19377,242,3922,2026-09-28 01:08:47
0046A0,6,TIGER 미국초단기(3개월이하)국채,9410,3,0,0.0,9412.0,-10.9809,157108,1478,3868,2026-09-28 01:08:47
241180,4,TIGER 일본니케이225,34500,2,550,1.62,34537.0,-15.3578,8793,304,3843,2026-09-28 01:08:47
474590,2,WON 반도체밸류체인액티브,48630,5,-670,-1.36,48734.0,-10.7208,30540,1497,3793,2026-09-28 01:08:47
476760,6,ACE 미국30년국채액티브,8505,5,-275,-3.13,8500.0,-15.3982,565844,4805,3759,2026-09-28 01:08:47
0040Y0,7,SOL 팔란티어커버드콜OTM채권혼합,8085,5,-15,-0.19,8052.0,6.5194,106573,861,3723,2026-09-28 01:08:47
469070,2,RISE AI&로봇,11050,2,125,1.14,11050.0,-5.5748,42676,469,3707,2026-09-28 01:08:47
439860,6,KODEX ESG종합채권(A-이상)액티브,113215,5,-355,-0.31,113554.0,0.5489,6,0,3695,2026-09-28 01:08:47
245710,4,ACE 베트남VN30(합성),28295,5,-400,-1.39,28501.0,-12.2478,4583,129,3650,2026-09-28 01:08:47
0131V0,4,1Q 미국우주항공테크,11110,5,-40,-0.36,11135.0,-10.9425,28499,317,3633,2026-09-28 01:08:47
310960,1,TIGER 200TR,64795,5,-1240,-1.88,64872.0,-15.9272,9090,592,3629,2026-09-28 01:08:47
091180,2,KODEX 자동차,25505,2,440,1.76,25548.0,-18.2795,52141,1320,3609,2026-09-28 01:08:47
458250,6,TIGER 미국30년국채스트립액티브(합성 H),32695,5,-1925,-5.56,32939.0,-7.3589,117086,3836,3605,2026-09-28 01:08:47
132030,5,KODEX 골드선물(H),23680,5,-575,-2.37,23685.0,4.4123,44401,1054,3576,2026-09-28 01:08:47
484880,2,SOL 금융지주플러스고배당,23087,2,237,1.04,23111.0,12.0588,209414,4804,3555,2026-09-28 01:08:47
0167Z0,4,KODEX 미국우주항공,7700,5,-140,-1.79,7718.0,-24.707,65910,510,3542,2026-09-28 01:08:47
442570,7,RISE TDF2050액티브 적격,17380,5,-185,-1.05,17344.0,-7.4012,32326,563,3519,2026-09-28 01:08:47
0144L0,4,KODEX 미국성장커버드콜액티브,9615,5,-65,-0.67,9647.0,-5.8115,75521,727,3509,2026-09-28 01:08:47
0080G0,2,KODEX 방산TOP10,10105,2,235,2.38,10117.0,-15.0107,1160544,11590,3506,2026-09-28 01:08:47
279530,2,KODEX 고배당주,17570,2,225,1.3,17561.0,6.2211,112883,1969,3479,2026-09-28 01:08:47
385510,2,KODEX 신재생에너지액티브,39765,2,1415,3.69,39834.0,-2.3304,32201,1268,3460,2026-09-28 01:08:47
0094M0,2,RISE 코리아밸류업위클리고정커버드콜,17352,5,-143,-0.82,17353.0,-10.1612,352295,6135,3444,2026-09-28 01:08:47
0182R0,2,1Q K반도체TOP2+,11080,5,-265,-2.34,11080.0,-22.9542,827805,9299,3435,2026-09-28 01:08:47
0026S0,4,1Q 미국S&P500,12710,5,-70,-0.55,12733.0,-7.1713,29830,379,3432,2026-09-28 01:08:47
472170,7,TIGER 미국테크TOP10채권혼합,14085,5,-50,-0.35,14053.0,-0.4928,38768,546,3423,2026-09-28 01:08:47
0052D0,2,TIGER 코리아배당다우존스,15420,2,200,1.31,15421.0,3.7149,22039,337,3362,2026-09-28 01:08:47
462900,2,KoAct 바이오헬스케어액티브,12820,2,290,2.31,12824.0,-18.3714,254208,3236,3359,2026-09-28 01:08:47
270810,1,RISE 코스닥150,14345,2,270,1.92,14359.0,-10.7483,18120,257,3357,2026-09-28 01:08:47
0043Y0,4,TIME 차이나AI테크액티브,19270,5,-340,-1.73,19364.0,-26.8148,28275,543,3305,2026-09-28 01:08:47
456880,7,ACE 미국달러SOFR금리(합성),11960,5,-5,-0.04,11965.0,-11.14,17650,211,3299,2026-09-28 01:08:47
448630,7,RISE 삼성그룹Top3채권혼합,15315,5,-35,-0.23,15340.0,1.8242,55166,848,3293,2026-09-28 01:08:47
473290,6,KODEX 26-12 회사채(AA-이상)액티브,10900,2,5,0.05,10899.0,0.7863,5142,56,3246,2026-09-28 01:08:47
0052S0,7,1Q 미국S&P500미국채혼합50액티브,11420,5,-35,-0.31,11437.0,-9.0255,37362,426,3220,2026-09-28 01:08:47
475300,2,SOL 반도체전공정,24460,5,-185,-0.75,24459.0,-1.6953,471415,11489,3204,2026-09-28 01:08:47
453810,4,KODEX 인도Nifty50,11025,5,-100,-0.9,11035.0,-14.4254,27760,306,3192,2026-09-28 01:08:47
485540,4,KODEX 미국AI테크TOP10,15540,5,-165,-1.05,15596.0,-1.7105,32211,501,3124,2026-09-28 01:08:47
0094K0,6,TIGER 28-04 회사채(A+이상)액티브,99375,5,-195,-0.2,99382.0,0.7385,1454,144,3104,2026-09-28 01:08:47
0111P0,7,1Q 미국나스닥100미국채혼합50액티브,10815,5,-45,-0.41,10834.0,-9.8563,30262,327,3082,2026-09-28 01:08:47
489030,2,PLUS 고배당주위클리커버드콜,6360,2,100,1.6,6351.0,9.4214,224271,1417,3081,2026-09-28 01:08:47
385550,6,RISE 단기채권알파액티브,114300,5,-10,-0.01,114320.0,0.7935,567,64,3023,2026-09-28 01:08:47
454780,6,KIWOOM 종합채권(AA-이상)액티브,99040,5,-645,-0.65,99057.0,0.0,1,0,3002,2026-09-28 01:08:47
433330,4,SOL 미국S&P500,21730,5,-140,-0.64,21776.0,-7.0475,37225,809,2999,2026-09-28 01:08:47
471780,2,TIGER 코리아테크액티브,38735,5,-510,-1.3,38743.0,-13.1172,41209,1610,2983,2026-09-28 01:08:47
483320,4,ACE 엔비디아밸류체인액티브,25640,5,-465,-1.78,25705.0,-17.1139,29138,753,2974,2026-09-28 01:08:47
091170,2,KODEX 은행,16605,2,220,1.34,16635.0,13.7774,210773,3480,2972,2026-09-28 01:08:47
497880,6,SOL CD금리&머니마켓액티브,50145,5,-5,-0.01,50147.0,0.963,29576,1483,2972,2026-09-28 01:08:47
190620,6,ACE 단기통안채,102105,5,-25,-0.02,102115.0,0.6603,1115,113,2968,2026-09-28 01:08:47
0038A0,4,KODEX 미국휴머노이드로봇,15530,5,-50,-0.32,15565.0,-14.5721,26107,405,2951,2026-09-28 01:08:47
0008S0,4,TIGER 미국배당다우존스타겟데일리커버드콜,9425,5,-115,-1.21,9438.0,-5.9524,87263,822,2950,2026-09-28 01:08:47
481190,4,SOL 미국테크TOP10,17185,5,-155,-0.89,17229.0,-0.7442,83589,1439,2939,2026-09-28 01:08:47
0098F0,2,KODEX 원자력SMR,16380,2,240,1.49,16412.0,-0.1238,679839,11071,2924,2026-09-28 01:08:47
475080,7,KODEX 테슬라커버드콜채권혼합액티브,7955,5,-25,-0.31,7924.0,-2.726,29375,233,2888,2026-09-28 01:08:47
136340,6,RISE 중기우량회사채,103825,5,-200,-0.19,103850.0,0.4133,88,9,2851,2026-09-28 01:08:47
441680,7,TIGER 미국나스닥100커버드콜(합성),10800,2,25,0.23,10843.0,-7.6637,23439,253,2840,2026-09-28 01:08:47
273140,6,KODEX 단기변동금리부채권액티브,114620,5,-5,0.0,114626.0,0.6739,749,85,2798,2026-09-28 01:08:47
461490,7,RISE 글로벌자산배분액티브,14500,5,-110,-0.75,14490.0,-2.8268,17297,250,2784,2026-09-28 01:08:47
307520,2,TIGER 지주회사,22505,2,195,0.87,22529.0,-0.7363,342557,7710,2757,2026-09-28 01:08:47
421320,2,PLUS 우주항공,28620,2,310,1.1,28633.0,-5.9469,14640,417,2748,2026-09-28 01:08:47
473330,6,SOL 미국30년국채커버드콜(합성),7605,5,-200,-2.56,7647.0,-15.0933,230961,1757,2742,2026-09-28 01:08:47
0228G0,2,ACE 반도체Plus전략산업,10230,5,-95,-0.92,10260.0,,218804,2251,2737,2026-09-28 01:08:47
471040,4,KoAct 글로벌AI&로봇액티브,30005,5,-230,-0.76,30128.0,-21.8431,7885,237,2730,2026-09-28 01:08:47
453870,4,TIGER 인도니프티50,10840,5,-100,-0.91,10802.0,-15.3684,16549,179,2715,2026-09-28 01:08:47
0162Y0,1,TIME 코스닥액티브,7995,2,100,1.27,7997.0,-12.666,146053,1161,2714,2026-09-28 01:08:47
409820,4,KODEX 미국나스닥100레버리지(합성 H),21290,5,-365,-1.69,21438.0,4.8668,38181,815,2693,2026-09-28 01:08:47
423170,4,SOL 글로벌AI반도체탑픽액티브,59955,5,-1280,-2.09,60227.0,-16.3057,8086,491,2686,2026-09-28 01:08:47
213610,2,KODEX 삼성그룹밸류,22495,5,-165,-0.73,22498.0,-8.2777,2247,50,2677,2026-09-28 01:08:47
0183V0,7,KIWOOM 삼성전자&SK하이닉스채권혼합50,11955,5,-205,-1.69,11966.0,-5.8881,307838,3708,2666,2026-09-28 01:08:47
439870,6,KODEX 국고채30년액티브,85920,5,-2020,-2.3,85270.0,-3.1818,3860,331,2658,2026-09-28 01:08:47
123320,3,TIGER 레버리지,113400,5,-4525,-3.84,113422.0,-37.4072,33027,3806,2608,2026-09-28 01:08:47
0232A0,6,MIDAS 머니마켓액티브,100315,3,0,0.0,100326.0,,0,0,2592,2026-09-28 01:08:47
196230,6,RISE 단기통안채,117055,5,-20,-0.02,117091.0,0.5971,1069,125,2587,2026-09-28 01:08:47
388420,2,RISE 비메모리반도체액티브,29210,5,-350,-1.18,29253.0,-18.3549,13563,398,2570,2026-09-28 01:08:47
364970,2,TIGER 바이오TOP10,6805,2,230,3.5,6798.0,-1.4243,544854,3691,2552,2026-09-28 01:08:47
486830,6,HANARO 머니마켓액티브,53405,5,-5,-0.01,53407.0,0.9068,486,25,2545,2026-09-28 01:08:47
483340,4,ACE 구글밸류체인액티브,22530,5,-465,-2.02,22598.0,-15.5527,40269,910,2535,2026-09-28 01:08:47
472920,6,HK 종합채권(AA-이상)액티브,97640,5,-455,-0.46,97609.0,-0.1426,2,0,2525,2026-09-28 01:08:47
139230,2,TIGER 200 중공업,12890,2,105,0.82,12892.0,-16.5475,19957,256,2516,2026-09-28 01:08:47
117700,2,KODEX 건설,7120,2,160,2.3,7127.0,9.8372,1546078,10858,2499,2026-09-28 01:08:47
495230,1,KoAct 코리아밸류업액티브,31665,5,-305,-0.95,31670.0,-17.1551,7630,242,2486,2026-09-28 01:08:47
228790,2,TIGER 화장품,4295,2,50,1.18,4296.0,31.6279,1398178,6009,2465,2026-09-28 01:08:47
493810,4,TIGER 미국AI빅테크10타겟데일리커버드콜,11370,5,-90,-0.79,11403.0,-2.6393,34966,398,2422,2026-09-28 01:08:47
363580,2,KODEX 200IT TR,57835,5,-965,-1.64,57865.0,-21.6053,34738,2038,2400,2026-09-28 01:08:47
0053L0,4,TIGER 차이나휴머노이드로봇,8900,5,-135,-1.49,8917.0,-26.651,127708,1138,2390,2026-09-28 01:08:47
283580,4,KODEX 차이나CSI300,14525,5,-285,-1.92,14546.0,-16.818,25750,375,2389,2026-09-28 01:08:47
0182S0,7,1Q K반도체TOP2채권혼합50,12790,5,-230,-1.77,12801.0,-8.0834,72466,933,2379,2026-09-28 01:08:47
472160,4,TIGER 미국테크TOP10 INDXX(H),19580,5,-175,-0.89,19628.0,11.2644,50777,996,2320,2026-09-28 01:08:47
363570,6,KODEX 장기종합채권(AA-이상)액티브,85425,5,-910,-1.05,85352.0,-1.4216,77,6,2318,2026-09-28 01:08:47
329650,7,KODEX TRF3070,13930,5,-70,-0.5,13981.0,-2.8325,6367,88,2298,2026-09-28 01:08:47
0092C0,6,SOL 27-12 회사채(AA-이상)액티브,50280,5,-20,-0.04,50300.0,0.8016,10,0,2296,2026-09-28 01:08:47
0151S0,4,KODEX 미국AI반도체TOP3플러스,16120,5,-360,-2.18,16205.0,-10.784,102052,1655,2281,2026-09-28 01:08:47
0089D0,2,KODEX 금융고배당TOP10,13500,2,120,0.9,13497.0,7.4309,48118,646,2268,2026-09-28 01:08:47
422420,2,RISE 2차전지액티브,6915,2,275,4.14,6921.0,-8.076,37818,258,2264,2026-09-28 01:08:47
498270,4,KIWOOM 미국양자컴퓨팅,14965,5,-200,-1.32,15034.0,-15.2175,27830,417,2252,2026-09-28 01:08:47
433500,2,ACE 원자력TOP10,58950,2,670,1.15,59126.0,-0.7494,21984,1287,2240,2026-09-28 01:08:47
452360,4,SOL 미국배당다우존스(H),13060,5,-110,-0.84,13061.0,6.3809,36859,480,2220,2026-09-28 01:08:47
478150,4,TIME 글로벌우주테크&방산액티브,17950,5,-100,-0.55,18029.0,-19.9912,11051,198,2217,2026-09-28 01:08:47
271050,5,KODEX WTI원유선물인버스(H),1734,5,-65,-3.61,1730.0,-25.8145,2415675,4181,2197,2026-09-28 01:08:47
0104N0,2,TIGER 200타겟위클리커버드콜,21285,5,-405,-1.87,21296.0,-14.475,31829,685,2192,2026-09-28 01:08:47
488980,6,SOL 26-12 회사채(AA-이상)액티브,52235,2,5,0.01,52228.0,0.8203,12,0,2189,2026-09-28 01:08:47
437080,6,KODEX 미국종합채권ESG액티브(H),94745,5,-1385,-1.44,94817.0,-1.8278,922,87,2178,2026-09-28 01:08:47
442320,4,RISE 글로벌원자력,34420,5,-245,-0.71,34473.0,-17.9537,3525,120,2165,2026-09-28 01:08:47
458260,6,TIGER 미국투자등급회사채액티브(H),45075,5,-930,-2.02,45142.0,-2.3679,2513,113,2164,2026-09-28 01:08:47
0119H0,6,KODEX 28-12 회사채(AA-이상)액티브,9900,5,-10,-0.1,9918.0,0.4052,20363,201,2130,2026-09-28 01:08:47
157500,2,TIGER 증권,11960,5,-155,-1.28,11959.0,-14.1099,103041,1232,2129,2026-09-28 01:08:47
266160,2,RISE 고배당,33520,5,-360,-1.06,33517.0,-11.0247,5062,170,2129,2026-09-28 01:08:47
244580,2,KODEX 바이오,8120,2,300,3.84,8132.0,-10.4752,343027,2765,2124,2026-09-28 01:08:47
0233J0,7,TIGER 삼성전자SK하이닉스미국채혼합50,10590,5,-225,-2.08,10673.0,,103349,1102,2118,2026-09-28 01:08:47
332930,1,HANARO 200TR,145805,5,-2470,-1.67,145774.0,-14.6079,187,27,2114,2026-09-28 01:08:47
305080,6,TIGER 미국채10년선물,11725,5,-160,-1.35,11725.0,-13.9704,29283,343,2111,2026-09-28 01:08:47
490090,4,TIGER 미국AI빅테크10,16100,5,-140,-0.86,16143.0,-1.695,22274,359,2109,2026-09-28 01:08:47
448540,7,ACE 엔비디아채권혼합,26560,5,-150,-0.56,26533.0,0.5647,12696,336,2072,2026-09-28 01:08:47
267770,3,TIGER 200선물레버리지,86115,5,-3525,-3.93,86170.0,-37.4503,41455,3646,2067,2026-09-28 01:08:47
486450,4,SOL 미국AI전력인프라,18795,5,-305,-1.6,18817.0,-24.8328,7683,144,2058,2026-09-28 01:08:47
463050,2,TIME K바이오액티브,11325,2,325,2.95,11299.0,-16.5403,114950,1287,2044,2026-09-28 01:08:47
0005A0,4,KODEX 미국S&P500데일리커버드콜OTM,9285,5,-65,-0.7,9276.0,-7.5572,81873,761,2024,2026-09-28 01:08:47
0069M0,4,1Q 미국나스닥100,13720,5,-95,-0.69,13753.0,-8.7719,26184,359,2003,2026-09-28 01:08:47
480040,4,ACE 미국반도체데일리타겟커버드콜(합성),14695,2,5,0.03,14756.0,-23.5564,44596,656,1999,2026-09-28 01:08:47
0093A0,2,RISE AI반도체TOP10,36060,5,-605,-1.65,36062.0,-8.4863,58555,2130,1983,2026-09-28 01:08:47
495060,1,TIME 코리아밸류업액티브,28465,5,-575,-1.98,28550.0,-24.2172,11891,340,1936,2026-09-28 01:08:47
0204D0,2,KODEX 현대차로보틱스밸류체인TOP3플러스,5670,2,90,1.61,5674.0,-22.3923,179852,1015,1931,2026-09-28 01:08:47
302190,6,TIGER 중장기국채,49665,5,-360,-0.72,49710.0,-0.07,3484,173,1927,2026-09-28 01:08:47
0115D0,2,KODEX 조선TOP10,7435,2,75,1.02,7435.0,-17.7194,240728,1780,1922,2026-09-28 01:08:47
433980,7,KODEX TDF2040액티브 적격,15745,5,-60,-0.38,15725.0,-6.3875,10756,169,1921,2026-09-28 01:08:47
495550,1,SOL 코리아밸류업TR,33145,5,-340,-1.02,33144.0,-14.7856,3728,124,1906,2026-09-28 01:08:47
494330,2,ACE 라이프자산주주가치액티브,33095,5,-125,-0.38,33087.0,0.4865,3047,100,1886,2026-09-28 01:08:47
0082V0,7,KODEX TDF2060액티브 적격,11245,5,-35,-0.31,11198.0,-7.6361,15015,168,1884,2026-09-28 01:08:47
0005G0,2,IBK K-AI반도체코어테크,54580,5,-915,-1.65,54550.0,-13.035,4821,264,1883,2026-09-28 01:08:47
466930,2,SOL 자동차TOP3플러스,23635,2,400,1.72,23650.0,-22.9226,37022,875,1867,2026-09-28 01:08:47
261260,7,KODEX 미국달러선물인버스2X,5520,3,0,0.0,5521.0,28.2229,114509,631,1857,2026-09-28 01:08:47
0091C0,6,KODEX 미국10년국채액티브(H),9260,5,-155,-1.65,9268.0,-2.373,50340,466,1853,2026-09-28 01:08:47
0047A0,4,TIGER 차이나테크TOP10,12245,5,-270,-2.16,12274.0,-17.8267,5110,62,1849,2026-09-28 01:08:47
414780,4,TIGER 차이나과창판STAR50(합성),13455,5,-405,-2.92,13508.0,-20.6867,40657,544,1843,2026-09-28 01:08:47
473460,4,KODEX 미국서학개미,24235,5,-420,-1.7,24302.0,-7.4382,8062,195,1830,2026-09-28 01:08:47
429000,4,TIGER 미국S&P500배당귀족,12635,5,-145,-1.13,12649.0,-9.6192,28707,362,1819,2026-09-28 01:08:47
412570,2,TIGER 2차전지TOP10레버리지,1219,2,68,5.91,1221.0,-14.8039,3707710,4444,1816,2026-09-28 01:08:47
494220,2,UNICORN SK하이닉스밸류체인액티브,51495,5,-830,-1.59,51563.0,-16.1324,18674,967,1802,2026-09-28 01:08:47
0190G0,2,KODEX 반도체타겟위클리커버드콜,9570,5,-125,-1.29,9573.0,-11.2962,116829,1122,1799,2026-09-28 01:08:47
332500,1,ACE 200TR,74655,5,-1440,-1.89,74727.0,-14.9302,7066,530,1792,2026-09-28 01:08:47
480020,4,ACE 미국빅테크7+데일리타겟커버드콜(합성),9965,5,-105,-1.04,9989.0,-6.6586,80975,808,1784,2026-09-28 01:08:47
233160,3,TIGER 코스닥150 레버리지,8025,2,330,4.29,8026.0,-31.6608,1092478,8646,1782,2026-09-28 01:08:47
122090,1,PLUS 코스피50,83495,5,-1490,-1.75,83514.0,-17.6161,5943,499,1778,2026-09-28 01:08:47
0040X0,7,SOL 팔란티어미국채커버드콜혼합,9315,5,-75,-0.8,9318.0,1.3372,24939,232,1747,2026-09-28 01:08:47
0099L0,6,ACE 우량회사채(AA-이상)액티브,99350,5,-220,-0.22,99440.0,0.7844,66,6,1743,2026-09-28 01:08:47
461950,2,KODEX 2차전지핵심소재10,4950,2,190,3.99,4949.0,-10.6603,538734,2629,1742,2026-09-28 01:08:47
483290,4,KODEX 미국배당다우존스타겟커버드콜,9835,5,-110,-1.11,9852.0,-6.1142,66786,657,1741,2026-09-28 01:08:47
0192Z0,6,TIGER 중기종합채권(A-이상)액티브,100725,5,-195,-0.19,100740.0,0.6532,13,1,1734,2026-09-28 01:08:47
403790,1,MIDAS 코스피액티브,58805,5,-605,-1.02,58782.0,-13.1306,12,0,1720,2026-09-28 01:08:47
476450,6,KIWOOM 머니마켓액티브,52880,3,0,0.0,52882.0,0.8679,10,0,1706,2026-09-28 01:08:47
337160,2,KODEX 200ESG,48775,5,-880,-1.77,48784.0,-14.8827,6969,343,1658,2026-09-28 01:08:47
490600,4,RISE 미국배당100데일리고정커버드콜,8515,5,-105,-1.22,8529.0,-7.101,66371,565,1631,2026-09-28 01:08:47
0153K0,2,KODEX 주주환원고배당주,12245,2,195,1.62,12248.0,7.4452,82027,997,1629,2026-09-28 01:08:47
237370,7,KODEX 코리아배당성장채권혼합,15570,2,45,0.29,15597.0,0.7971,12913,200,1619,2026-09-28 01:08:47
491820,2,HANARO 전력설비투자,44345,5,-270,-0.61,44415.0,-10.9837,20623,916,1619,2026-09-28 01:08:47
480030,4,ACE 미국500데일리타겟커버드콜(합성),9582,5,-63,-0.65,9593.0,-9.1024,26542,255,1610,2026-09-28 01:08:47
0193G0,1,KoAct 코스피액티브,8560,5,-125,-1.44,8577.0,-18.5655,22864,198,1609,2026-09-28 01:08:47
200250,4,KIWOOM 인도Nifty50(합성),20220,5,-275,-1.34,20226.0,-14.0851,2810,56,1597,2026-09-28 01:08:47
488720,7,WON 종합채권(AA-이상)액티브,48670,3,0,0.0,48464.0,-0.0822,0,0,1594,2026-09-28 01:08:47
0005D0,2,SOL 전고체배터리&실리콘음극재,15060,2,685,4.77,15060.0,-10.2404,357592,5294,1589,2026-09-28 01:08:47
272560,6,RISE 단기국공채액티브,114880,5,-60,-0.05,114862.0,0.692,30036,3450,1585,2026-09-28 01:08:47
472870,6,RISE 미국30년국채엔화노출(합성 H),6535,5,-245,-3.61,6559.0,-14.3024,171052,1119,1585,2026-09-28 01:08:47
152870,1,파워 200,111960,5,-2165,-1.9,112080.0,-14.4922,3561,400,1567,2026-09-28 01:08:47
160580,5,TIGER 구리실물,16105,5,-265,-1.62,16442.0,-2.0348,19655,319,1562,2026-09-28 01:08:47
0064K0,5,KODEX 금액티브,12010,5,-285,-2.32,12006.0,-7.2076,53297,642,1549,2026-09-28 01:08:47
354500,1,ACE 코스닥150,14575,2,300,2.1,14577.0,-11.2252,34751,501,1545,2026-09-28 01:08:47
394670,4,TIGER 글로벌리튬&2차전지SOLACTIVE(합성),10465,5,-50,-0.48,10436.0,-21.7343,1092,11,1528,2026-09-28 01:08:47
0180V0,4,ACE 미국우주테크액티브,8015,5,-120,-1.48,8014.0,-20.0885,51817,416,1523,2026-09-28 01:08:47
458210,7,KIWOOM CD금리액티브(합성),110805,5,-40,-0.04,110793.0,0.7865,878,97,1488,2026-09-28 01:08:47
0151P0,2,RISE 코리아전략산업액티브,15080,5,-270,-1.76,15088.0,-19.4497,30489,464,1485,2026-09-28 01:08:47
219480,4,KODEX 미국S&P500선물(H),33295,5,-190,-0.57,33292.0,4.7715,885,29,1482,2026-09-28 01:08:47
138520,2,TIGER 삼성그룹,36550,5,-350,-0.95,36590.0,-10.6538,3488,128,1477,2026-09-28 01:08:47
438560,6,SOL 국고채3년,100060,5,-290,-0.29,100050.0,0.3801,7,0,1463,2026-09-28 01:08:47
0104H0,7,KoAct 미국나스닥채권혼합50액티브,11947,5,-23,-0.19,12006.0,-11.0699,21094,252,1458,2026-09-28 01:08:47
0051G0,4,SOL 미국원자력SMR,11800,5,-535,-4.34,11778.0,-22.397,56607,668,1457,2026-09-28 01:08:47
491610,6,1Q CD금리액티브(합성),105095,2,15,0.01,105074.0,0.7671,571,60,1453,2026-09-28 01:08:47
471760,2,TIGER AI반도체핵심공정,15640,2,235,1.53,15642.0,-13.8905,397176,6254,1447,2026-09-28 01:08:47
0127M0,4,ACE 미국대형가치주액티브,11960,5,-80,-0.66,12035.0,-9.5924,13223,158,1435,2026-09-28 01:08:47
481180,4,SOL 미국AI소프트웨어,16570,5,-20,-0.12,16601.0,17.5761,19709,327,1417,2026-09-28 01:08:47
457990,2,PLUS 태양광&ESS,36770,2,2595,7.59,36789.0,-5.0959,245504,8901,1416,2026-09-28 01:08:47
0041E0,4,KODEX 미국S&P500액티브,16250,5,-95,-0.58,16298.0,-13.3882,21861,355,1414,2026-09-28 01:08:47
143860,2,TIGER 헬스케어,35435,2,995,2.89,35395.0,-7.0697,7562,266,1410,2026-09-28 01:08:47
498180,6,파워 종합채권(AA-이상)액티브,93395,3,0,0.0,92855.0,-0.4,0,0,1407,2026-09-28 01:08:47
0048K0,4,KODEX 차이나휴머노이드로봇,7850,5,-100,-1.26,7885.0,-26.7939,83687,657,1405,2026-09-28 01:08:47
0199C0,2,ACE 고배당주Plus커버드콜액티브,9205,2,15,0.16,9208.0,1.132,225098,2065,1395,2026-09-28 01:08:47
495330,1,1Q 코리아밸류업,32205,5,-465,-1.42,32233.0,-14.6244,382,12,1385,2026-09-28 01:08:47
245340,4,TIGER 미국다우존스30,34170,5,-190,-0.55,34291.0,-10.4679,6630,226,1380,2026-09-28 01:08:47
0131W0,6,1Q 단기특수은행채액티브,102310,2,10,0.01,102311.0,0.7435,5,0,1380,2026-09-28 01:08:47
476030,4,SOL 미국나스닥100,17400,5,-135,-0.77,17437.0,-8.5188,64429,1123,1357,2026-09-28 01:08:47
139220,2,TIGER 200 건설,7995,2,75,0.95,7997.0,0.5076,161128,1273,1356,2026-09-28 01:08:47
451530,6,TIGER 국고채30년스트립액티브,34290,5,-1010,-2.86,34167.0,-7.1298,19975,684,1354,2026-09-28 01:08:47
0092B0,2,SOL 한국원자력SMR,16165,2,280,1.76,16162.0,0.7611,50203,799,1342,2026-09-28 01:08:47
463680,4,KODEX 미국S&P500테크놀로지,23040,5,-60,-0.26,23054.0,-7.1236,11325,261,1325,2026-09-28 01:08:47
0091M0,6,HANARO 27-06 회사채(AA-이상)액티브,10165,2,5,0.05,10167.0,0.594,71,0,1304,2026-09-28 01:08:47
411420,4,KODEX 미국나스닥AI테크액티브,27295,5,-300,-1.09,27416.0,-5.5286,4080,111,1297,2026-09-28 01:08:47
0181B0,4,HANARO 미국AI메모리반도체TOP4+,10105,5,-250,-2.41,10196.0,-25.3694,69082,701,1283,2026-09-28 01:08:47
325010,2,KODEX 성장주,44190,5,-525,-1.17,44190.0,-16.3972,634,28,1282,2026-09-28 01:08:47
0074K0,2,KoAct K수출핵심기업TOP30액티브,17130,2,60,0.35,17147.0,-17.0957,16049,275,1268,2026-09-28 01:08:47
461500,6,HANARO 종합채권(AA-이상)액티브,104275,5,-845,-0.8,104508.0,-0.1568,21,2,1265,2026-09-28 01:08:47
463290,6,1Q 단기금융채액티브,109465,2,15,0.01,109461.0,0.7966,84,9,1263,2026-09-28 01:08:47
448100,1,WON 200,114000,5,-2050,-1.77,114254.0,-15.3493,5088,584,1254,2026-09-28 01:08:47
304660,6,KODEX 미국30년국채울트라선물(H),6980,5,-260,-3.59,6976.0,-3.9151,20525,143,1242,2026-09-28 01:08:47
447620,7,SOL 미국TOP5채권혼합50,15835,5,-60,-0.38,15855.0,1.3065,24215,385,1235,2026-09-28 01:08:47
0000Y0,6,HK 26-12 회사채(AA-이상)액티브,102055,3,0,0.0,102066.0,0.7801,0,0,1235,2026-09-28 01:08:47
0123G0,4,TIGER 미국AI전력SMR,5985,5,-195,-3.16,5980.0,-24.8176,77396,464,1233,2026-09-28 01:08:47
192090,4,TIGER 차이나CSI300,11855,5,-195,-1.62,11884.0,-18.5536,19296,228,1227,2026-09-28 01:08:47
377990,2,TIGER Fn신재생에너지,24775,2,995,4.18,24799.0,-12.9003,39832,982,1226,2026-09-28 01:08:47
0197X0,2,SOL SK하이닉스선물단일종목인버스2X,5830,2,390,7.17,5835.0,-37.0735,5526028,31546,1217,2026-09-28 01:08:47
328370,1,PLUS 코스피TR,39150,5,-455,-1.15,39189.0,-14.8005,6,0,1214,2026-09-28 01:08:47
438570,6,SOL 국고채10년,96935,5,-1185,-1.21,97098.0,-0.4869,29,2,1210,2026-09-28 01:08:47
469170,2,ACE 포스코그룹포커스,5930,2,150,2.6,5925.0,2.1368,153744,894,1204,2026-09-28 01:08:47
114820,6,TIGER 국채3년,104700,5,-275,-0.26,104708.0,0.3393,641,67,1202,2026-09-28 01:08:47
0168K0,2,TIGER 기술이전바이오액티브,5610,2,140,2.56,5616.0,-19.7948,733024,4076,1196,2026-09-28 01:08:47
491230,6,PLUS 국공채머니마켓액티브,52610,2,5,0.01,52602.0,0.8628,99,5,1194,2026-09-28 01:08:47
332940,1,HANARO MSCI Korea TR,49705,5,-750,-1.49,49609.0,-15.3298,61,3,1193,2026-09-28 01:08:47
0209D0,2,KODEX 전고체배터리ESS TOP2플러스,8250,2,365,4.63,8254.0,-8.1003,634623,5182,1192,2026-09-28 01:08:47
0184L0,6,PLUS 중기종합채권(A-이상)액티브,100365,5,-270,-0.27,100423.0,0.7256,12,1,1191,2026-09-28 01:08:47
399110,4,SOL 미국S&P500ESG,20530,5,-160,-0.77,20572.0,-7.8663,6522,134,1170,2026-09-28 01:08:47
0085P0,6,ACE 미국10년국채액티브,9400,5,-145,-1.52,9411.0,-13.5368,196697,1848,1166,2026-09-28 01:08:47
251340,3,KODEX 코스닥150선물인버스,2350,5,-35,-1.47,2354.0,1.2738,16278475,38502,1163,2026-09-28 01:08:47
0135Y0,6,IBK 중기종합채권(AA-이상)액티브,100070,5,-225,-0.22,100104.0,0.4959,14,1,1158,2026-09-28 01:08:47
326240,2,RISE IT플러스,45330,5,-330,-0.72,45329.0,-15.5774,2645,121,1151,2026-09-28 01:08:47
182480,7,TIGER 미국MSCI리츠(합성 H),12985,5,-255,-1.93,13083.0,-2.7839,4483,58,1143,2026-09-28 01:08:47
319640,4,TIGER 골드선물(H),24795,5,-625,-2.46,24813.0,3.7762,5622,139,1141,2026-09-28 01:08:47
304940,4,KODEX 미국나스닥100선물(H),33535,5,-235,-0.7,33620.0,2.8945,293,9,1140,2026-09-28 01:08:47
367770,2,RISE 수소경제테마,22050,2,355,1.64,22085.0,-13.4624,6222,136,1136,2026-09-28 01:08:47
0000J0,2,PLUS 한화그룹주,28385,2,880,3.2,28412.0,-9.8197,40225,1132,1135,2026-09-28 01:08:47
0036R0,4,RISE 미국휴머노이드로봇,20070,5,-145,-0.72,20150.0,-12.423,3552,71,1124,2026-09-28 01:08:47
0191W0,6,HANARO 중기종합채권(A-이상)액티브,100890,3,0,0.0,100704.0,0.6584,0,0,1122,2026-09-28 01:08:47
0174B0,7,KoAct 글로벌AI메모리반도체액티브,15075,5,-110,-0.72,15145.0,-21.9481,25071,382,1108,2026-09-28 01:08:47
266370,2,KODEX IT,71400,5,-570,-0.79,71592.0,-18.3088,13454,972,1107,2026-09-28 01:08:47
488500,4,TIGER 미국S&P500동일가중,12075,5,-140,-1.15,12104.0,-9.2455,12634,152,1093,2026-09-28 01:08:47
476850,1,KoAct 배당성장액티브,22185,5,-315,-1.4,22149.0,-8.6747,35238,784,1087,2026-09-28 01:08:47
455860,2,SOL 2차전지소부장Fn,4490,2,135,3.1,4491.0,-12.1976,263855,1174,1084,2026-09-28 01:08:47
0162L0,4,KODEX 차이나AI반도체TOP10,13140,5,-450,-3.31,13167.0,-27.8261,164866,2173,1084,2026-09-28 01:08:47
309230,4,ACE 미국WideMoat동일가중,29335,5,-430,-1.44,29440.0,-3.5844,3058,89,1080,2026-09-28 01:08:47
0221V0,6,IBK 초단기채권액티브,100685,2,5,0.0,100694.0,,118,11,1076,2026-09-28 01:08:47
372330,4,KODEX 차이나항셍테크,6415,5,-20,-0.31,6382.0,-12.5889,7934,50,1071,2026-09-28 01:08:47
496090,1,KIWOOM 코리아밸류업,32395,5,-380,-1.16,32436.0,-14.8906,23,0,1069,2026-09-28 01:08:47
0193M0,6,BNK 27-12 특수채(AAA이상)액티브,50375,3,0,0.0,50365.0,0.75,20,1,1065,2026-09-28 01:08:47
0132K0,7,PLUS 테슬라위클리커버드콜채권혼합,7947,5,-33,-0.41,7963.0,-3.2828,14694,116,1061,2026-09-28 01:08:47
464930,4,TIGER 글로벌혁신블루칩TOP10,20580,5,-40,-0.19,20628.0,-4.515,1290,26,1060,2026-09-28 01:08:47
0137V0,4,KIWOOM 미국S&P500모멘텀,11670,2,5,0.04,11612.0,-14.7724,30323,353,1056,2026-09-28 01:08:47
0138Y0,7,PLUS 금채권혼합,9555,5,-115,-1.19,9618.0,-3.2517,66133,632,1051,2026-09-28 01:08:47
203780,4,TIGER 미국나스닥바이오,34880,5,-385,-1.09,34872.0,6.0123,11864,412,1046,2026-09-28 01:08:47
464310,4,TIGER 글로벌AI&로보틱스 INDXX,13385,2,15,0.11,13367.0,-15.912,4083,54,1044,2026-09-28 01:08:47
0080Y0,2,SOL 조선TOP3플러스레버리지,8120,2,140,1.75,8110.0,-42.5693,129504,1039,1039,2026-09-28 01:08:47
0008T0,2,SOL 화장품TOP3플러스,17515,2,120,0.69,17534.0,32.7355,321320,5640,1033,2026-09-28 01:08:47
168580,4,ACE 중국본토CSI300,33065,5,-350,-1.05,32879.0,-17.7477,216,7,1032,2026-09-28 01:08:47
475050,2,ACE KPOP포커스,6890,2,65,0.95,6898.0,-6.5069,377133,2583,1023,2026-09-28 01:08:47
465610,4,ACE 미국빅테크TOP7 Plus레버리지(합성),42570,5,-885,-2.04,42717.0,-0.0575,961,41,1022,2026-09-28 01:08:47
0122W0,6,RISE 26-11 회사채(AA-이상)액티브,51100,3,0,0.0,51094.0,0.8088,27,1,1019,2026-09-28 01:08:47
0177X0,2,ACE K휴머노이드로봇산업TOP2+,9765,2,25,0.26,9763.0,-4.4161,73380,713,1006,2026-09-28 01:08:47
394660,4,TIGER 글로벌자율주행&전기차SOLACTIVE,15165,5,-175,-1.14,15215.0,-22.8371,1235,18,995,2026-09-28 01:08:47
458030,6,WON 국공채머니마켓액티브,55160,2,5,0.01,55151.0,0.7857,77,4,993,2026-09-28 01:08:47
0142D0,4,TIGER 미국AI데이터센터TOP4Plus,10445,5,-410,-3.78,10496.0,-21.568,61313,642,982,2026-09-28 01:08:47
114100,6,RISE 국고채3년,105630,5,-310,-0.29,105634.0,0.3812,16,1,977,2026-09-28 01:08:47
486240,2,DAISHIN AI반도체&인프라액티브,30855,5,-105,-0.34,30790.0,-11.5303,481,14,957,2026-09-28 01:08:47
473440,6,ACE 11월만기자동연장회사채AA-이상액티브,10875,2,10,0.09,10872.0,0.882,552,6,946,2026-09-28 01:08:47
195980,4,PLUS 신흥국MSCI(합성 H),15395,5,-165,-1.06,15422.0,1.1046,3737,57,945,2026-09-28 01:08:47
433970,7,KODEX TDF2030액티브 적격,13885,5,-80,-0.57,13876.0,-4.3293,15916,220,944,2026-09-28 01:08:47
0035T0,7,PLUS 글로벌휴머노이드로봇액티브,19445,2,145,0.75,19442.0,-16.0688,3554,69,943,2026-09-28 01:08:47
479620,4,SOL 미국AI반도체칩메이커,27185,5,-375,-1.36,27286.0,-14.8463,3085,84,938,2026-09-28 01:08:47
298770,4,KODEX 한국대만IT프리미어,84300,5,-860,-1.01,84335.0,-13.419,4918,418,927,2026-09-28 01:08:47
0176E0,4,RISE 미국AI전력인프라액티브,9750,2,55,0.57,9834.0,-29.1561,1842,18,926,2026-09-28 01:08:47
453080,4,KIWOOM 미국나스닥100(H),23655,5,-185,-0.78,23717.0,2.6363,17734,419,923,2026-09-28 01:08:47
475280,6,ACE 8월만기자동연장회사채AA-이상액티브,10750,2,5,0.05,10745.0,0.7501,4,0,916,2026-09-28 01:08:47
475310,2,SOL 반도체후공정,29545,5,-220,-0.74,29552.0,-1.8952,184112,5451,916,2026-09-28 01:08:47
454320,2,HANARO CAPEX설비투자iSelect,42565,2,175,0.41,42612.0,-5.3161,139,5,915,2026-09-28 01:08:47
308620,6,KODEX 미국10년국채선물,11025,5,-145,-1.3,11023.0,-13.6786,17923,197,915,2026-09-28 01:08:47
325020,2,KODEX 배당가치,29480,2,80,0.27,29490.0,-0.2461,1767,52,914,2026-09-28 01:08:47
143850,4,TIGER 미국S&P500선물(H),77635,5,-545,-0.7,77607.0,4.1983,384,29,912,2026-09-28 01:08:47
0052T0,6,1Q 중단기회사채(A-이상)액티브,50745,2,10,0.02,50794.0,0.7746,1,0,908,2026-09-28 01:08:47
269540,4,PLUS 미국S&P500(H),30145,5,-190,-0.63,30212.0,2.8305,37445,1128,904,2026-09-28 01:08:47
261270,7,KODEX 미국달러선물인버스,8245,2,5,0.06,8244.0,13.6551,10329,84,895,2026-09-28 01:08:47
0007N0,1,아이엠에셋 200,111570,5,-2175,-1.91,111574.0,-14.8379,13,1,893,2026-09-28 01:08:47
444490,4,WON 미국S&P500,19970,5,-130,-0.65,20019.0,-7.2023,14655,292,889,2026-09-28 01:08:47
0066W0,5,SOL 국제금,12150,5,-285,-2.29,12333.0,-7.3398,25721,313,887,2026-09-28 01:08:47
211900,2,KODEX 코리아배당성장,27960,2,260,0.94,27963.0,1.1721,1466,40,881,2026-09-28 01:08:47
468380,6,KODEX iShares미국하이일드액티브,10550,5,-145,-1.36,10558.0,-11.5338,8484,89,880,2026-09-28 01:08:47
453330,4,RISE 미국S&P500(H),18260,5,-115,-0.63,18298.0,5.0569,10550,192,876,2026-09-28 01:08:47
469060,4,RISE 미국반도체NYSE,37130,5,-85,-0.23,37309.0,-19.5255,12785,478,873,2026-09-28 01:08:47
329670,7,KODEX TRF7030,21765,5,-70,-0.32,21784.0,-6.5103,4277,92,871,2026-09-28 01:08:47
495040,1,PLUS 코리아밸류업,32125,5,-220,-0.68,32119.0,-14.4067,49,1,867,2026-09-28 01:08:47
460960,7,ACE 글로벌인컴TOP10,10620,5,-165,-1.53,10601.0,-10.6852,172803,1844,839,2026-09-28 01:08:47
0198A0,2,KIWOOM 코스닥150커버드콜액티브,8885,2,145,1.66,8867.0,,395373,3496,835,2026-09-28 01:08:47
359210,1,KODEX 코스피TR,36220,5,-425,-1.16,36224.0,-14.1502,1024,37,833,2026-09-28 01:08:47
485690,4,RISE 미국AI밸류체인TOP3Plus,22775,5,-290,-1.26,22816.0,-6.3278,2908,66,831,2026-09-28 01:08:47
329660,7,KODEX TRF5050,17675,5,-40,-0.23,17695.0,-4.3578,4273,75,831,2026-09-28 01:08:47
461460,6,PLUS 국고채10년액티브,50665,5,-625,-1.22,50703.0,-0.543,1666,84,822,2026-09-28 01:08:47
337140,2,KODEX 코스피대형주,36995,5,-455,-1.21,36999.0,-15.3224,2993,111,814,2026-09-28 01:08:47
449770,4,KIWOOM 미국S&P500,20835,5,-75,-0.36,20879.0,-7.3442,1666,34,813,2026-09-28 01:08:47
429760,4,PLUS 미국S&P500,19345,5,-135,-0.69,19393.0,-7.0951,17416,336,812,2026-09-28 01:08:47
0017Y0,6,1Q 종합채권(AA-이상)액티브,93270,5,-810,-0.86,93518.0,-0.1592,32,2,811,2026-09-28 01:08:47
108450,2,ACE 삼성그룹섹터가중,40380,5,-100,-0.25,40325.0,-9.6026,154,6,808,2026-09-28 01:08:47
0018C0,2,PLUS 고배당주위클리고정커버드콜,10525,2,90,0.86,10525.0,7.9033,28482,298,805,2026-09-28 01:08:47
138530,2,TIGER LG그룹플러스,12350,2,320,2.66,12354.0,-0.5786,101245,1246,800,2026-09-28 01:08:47
0225V0,4,KODEX 미국CPU반도체TOP10,12280,5,-285,-2.27,12405.0,,267542,3319,798,2026-09-28 01:08:47
495750,1,HANARO 코리아밸류업,32395,5,-285,-0.87,32374.0,-14.7089,30,0,794,2026-09-28 01:08:47
0057H0,7,PLUS 미국S&P500미국채혼합50액티브,11495,5,-155,-1.33,11511.0,-8.1842,33412,384,793,2026-09-28 01:08:47
0098N0,2,PLUS 자사주매입고배당주,13050,2,195,1.52,13052.0,9.1944,20412,264,783,2026-09-28 01:08:47
0049M0,4,ACE 미국배당퀄리티+커버드콜액티브,11070,5,-15,-0.14,11116.0,-8.9799,20589,227,780,2026-09-28 01:08:47
365040,1,TIGER AI코리아그로스액티브,36815,5,-675,-1.8,36825.0,-12.7633,1042,38,773,2026-09-28 01:08:47
210780,2,TIGER 코스피고배당,23420,2,280,1.21,23445.0,6.2024,12590,294,773,2026-09-28 01:08:47
490480,2,SOL K방산,28165,2,480,1.73,28212.0,-14.6184,11949,332,760,2026-09-28 01:08:47
0238F0,4,KODEX 미국AI메모리TOP2플러스,10770,5,-250,-2.27,10886.0,,90575,983,754,2026-09-28 01:08:47
228810,2,TIGER 미디어컨텐츠,3065,2,35,1.16,3067.0,-8.5973,63315,192,751,2026-09-28 01:08:47
272910,6,ACE 중장기국공채액티브,105600,5,-410,-0.39,105573.0,0.4977,1,0,748,2026-09-28 01:08:47
364960,2,TIGER BBIG,6270,2,195,3.21,6282.0,-4.7806,16740,102,746,2026-09-28 01:08:47
0080X0,7,SOL 미국S&P500미국채혼합50,10655,5,-65,-0.61,10664.0,-10.8218,54810,585,746,2026-09-28 01:08:47
157490,2,TIGER 소프트웨어,7995,2,135,1.72,7999.0,-4.1464,8876,70,742,2026-09-28 01:08:47
0240J0,2,RISE 삼성SK그룹,10545,5,-275,-2.54,10555.0,,135934,1458,738,2026-09-28 01:08:47
292190,1,KODEX KRX300,48925,5,-1075,-2.15,49003.0,-14.6844,1859,92,734,2026-09-28 01:08:47
412770,4,TIGER 글로벌AI플랫폼액티브,12735,5,-160,-1.24,12762.0,-21.5156,2263,29,730,2026-09-28 01:08:47
475350,4,RISE 버크셔포트폴리오TOP10,14250,5,-55,-0.38,14255.0,-5.6828,9388,133,727,2026-09-28 01:08:47
298340,6,PLUS 국채선물3년,56310,5,-155,-0.27,56291.0,0.6147,2042,114,725,2026-09-28 01:08:47
0210E0,2,PLUS 200커버드콜액티브,7460,5,-135,-1.78,7473.0,-16.0571,149190,1124,724,2026-09-28 01:08:47
204480,4,TIGER 차이나CSI300레버리지(합성),22040,5,-825,-3.61,22098.0,-35.9345,737,16,719,2026-09-28 01:08:47
0102A0,4,TIGER 미국AI소프트웨어TOP4Plus,8790,5,-60,-0.68,8801.0,12.1673,24271,213,716,2026-09-28 01:08:47
441540,2,HANARO Fn조선해운,26425,2,330,1.26,26453.0,-9.045,5328,139,713,2026-09-28 01:08:47
0098Z0,1,FOCUS 200,94775,5,-1995,-2.06,94919.0,-14.8991,421,40,711,2026-09-28 01:08:47
0022T0,4,SOL 국제금커버드콜액티브,12440,5,-325,-2.55,12642.0,-7.5702,67714,847,709,2026-09-28 01:08:47
0190Y0,4,TIGER 구글밸류체인,8605,5,-105,-1.21,8616.0,-17.1476,14090,121,697,2026-09-28 01:08:47
211560,2,TIGER 배당성장,35005,2,305,0.88,35029.0,0.7777,2377,82,693,2026-09-28 01:08:47
266420,2,KODEX 헬스케어,16080,2,490,3.14,16079.0,-7.4778,9126,146,691,2026-09-28 01:08:47
465330,2,RISE 2차전지TOP10,11645,2,470,4.21,11646.0,-0.9748,50905,587,690,2026-09-28 01:08:47
228800,2,TIGER 여행레저,2675,2,40,1.52,2675.0,-4.0073,24256,64,689,2026-09-28 01:08:47
0233A0,7,ACE 삼성전자SK하이닉스플러스채권혼합50,10705,5,-140,-1.29,10731.0,,199098,2158,685,2026-09-28 01:08:47
473640,4,HANARO 글로벌금채굴기업,32505,5,-1695,-4.96,32886.0,7.21,16301,531,683,2026-09-28 01:08:47
130730,6,KIWOOM 단기자금,103140,5,-10,-0.01,103143.0,0.6832,2130,219,681,2026-09-28 01:08:47
492500,7,1Q 현대차그룹채권(A+이상)&국고통안,51290,5,-55,-0.11,51281.0,0.5877,15,0,678,2026-09-28 01:08:47
433880,7,PLUS TDF2060액티브 적격,18445,5,-105,-0.57,18352.0,-8.1981,5313,97,673,2026-09-28 01:08:47
491700,1,HK 200,112125,5,-1970,-1.73,112021.0,-15.2435,1,0,673,2026-09-28 01:08:47
0113D0,4,TIME 글로벌탑픽액티브,11800,5,-90,-0.76,11817.0,-7.6147,7052,82,673,2026-09-28 01:08:47
278620,6,PLUS 단기채권액티브,119160,2,10,0.01,119159.0,0.8293,49,5,667,2026-09-28 01:08:47
453950,4,TIGER TSMC파운드리밸류체인,33390,2,400,1.21,33292.0,-22.9926,2355,78,651,2026-09-28 01:08:47
277640,2,TIGER 코스피대형주,38245,5,-545,-1.41,38249.0,-15.4552,1270,48,650,2026-09-28 01:08:47
458750,4,TIGER 미국배당다우존스타겟커버드콜1호,12380,5,-140,-1.12,12396.0,-6.0805,14227,176,644,2026-09-28 01:08:47
306950,3,KODEX KRX300레버리지,79340,5,-2360,-2.89,79501.0,-39.014,218,17,635,2026-09-28 01:08:47
0123S0,2,HANARO 26-12 은행채(AA+이상)액티브,10205,2,5,0.05,10208.0,0.691,680,6,633,2026-09-28 01:08:47
0222D0,2,KoAct 고배당액티브,10365,2,130,1.27,10370.0,,76585,790,632,2026-09-28 01:08:47
261240,7,KODEX 미국달러선물,14050,3,0,0.0,14056.0,-11.1603,26583,373,632,2026-09-28 01:08:47
418670,4,TIGER 글로벌AI사이버보안,18415,5,-790,-4.11,18328.0,27.2697,56911,1047,626,2026-09-28 01:08:47
140700,2,KODEX 보험,20850,2,300,1.46,20863.0,5.4505,11475,237,626,2026-09-28 01:08:47
252400,3,RISE 200선물레버리지,103915,5,-4520,-4.17,104403.0,-37.1519,157,16,623,2026-09-28 01:08:47
292770,6,KODEX 국채선물3년인버스,58025,3,0,0.0,58206.0,0.6941,0,0,623,2026-09-28 01:08:47
419890,6,KIWOOM 단기채권ESG액티브,107440,5,-80,-0.07,107433.0,0.6694,3207,344,623,2026-09-28 01:08:47
0115E0,2,KODEX 코리아소버린AI,14225,2,195,1.39,14240.0,-3.7037,7624,108,619,2026-09-28 01:08:47
495940,4,RISE 미국AI테크액티브,19570,5,-305,-1.53,19663.0,-13.9606,2842,55,616,2026-09-28 01:08:47
455660,6,ACE 미국하이일드액티브(H),9250,5,-125,-1.33,9253.0,-0.0037,9253,85,611,2026-09-28 01:08:47
0166S0,2,PLUS K제조업핵심기업액티브,11565,5,-150,-1.28,11556.0,-14.8929,4830,56,607,2026-09-28 01:08:47
453640,4,KODEX 미국S&P500헬스케어,14035,2,35,0.25,14039.0,1.9076,7757,108,604,2026-09-28 01:08:47
0181L0,4,SOL 미국우주항공TOP10,7265,5,-100,-1.36,7277.0,-17.5252,68939,501,603,2026-09-28 01:08:47
0040S0,4,HANARO 글로벌피지컬AI액티브,23950,2,150,0.63,23913.0,-21.4781,3312,79,599,2026-09-28 01:08:47
275980,4,TIGER 글로벌4차산업혁신기술(합성 H),23905,2,65,0.27,23912.0,-1.345,73,1,598,2026-09-28 01:08:47
440640,6,ACE 단기채권알파액티브,112862,2,12,0.01,112862.0,0.8264,100,11,597,2026-09-28 01:08:47
491220,1,PLUS 200TR,132000,5,-2175,-1.62,131930.0,-14.9796,36,4,594,2026-09-28 01:08:47
480310,4,TIGER 글로벌온디바이스AI,22220,5,-115,-0.51,22353.0,-10.9132,5528,123,589,2026-09-28 01:08:47
0172V0,5,1Q 은액티브,8040,5,-440,-5.19,8227.0,-5.8301,106303,861,583,2026-09-28 01:08:47
278240,3,RISE 코스닥150선물레버리지,8165,2,280,3.55,8183.0,-30.4674,91033,730,579,2026-09-28 01:08:47
304780,3,HANARO 200선물레버리지,128045,5,-4220,-3.19,127178.0,-36.901,107,13,576,2026-09-28 01:08:47
225040,4,TIGER 미국S&P500레버리지(합성 H),68110,5,-935,-1.35,68479.0,8.6894,1042,71,572,2026-09-28 01:08:47
476750,6,ACE 미국30년국채엔화노출액티브(H),7045,5,-285,-3.89,7093.0,-14.1705,86720,611,571,2026-09-28 01:08:47
442560,7,RISE TDF2040액티브 적격,16390,5,-55,-0.33,16312.0,-6.8562,5505,90,565,2026-09-28 01:08:47
0226A0,7,PLUS SK하이닉스샌디스크채권혼합50,11230,5,-320,-2.77,11301.0,,48076,543,562,2026-09-28 01:08:47
385590,2,ACE ESG액티브,24375,5,-305,-1.24,24407.0,-12.8685,4920,121,561,2026-09-28 01:08:47
434960,1,DAISHIN K200,111855,5,-2190,-1.92,111958.0,-14.9434,5341,600,559,2026-09-28 01:08:47
479730,4,TIGER 인도빌리언컨슈머,9455,5,-75,-0.79,9462.0,-9.7931,1685,15,558,2026-09-28 01:08:47
0141S0,2,SOL 조선기자재,8630,2,150,1.77,8638.0,-10.0266,28731,246,548,2026-09-28 01:08:47
455960,6,RISE 미국달러SOFR금리액티브(합성),11925,2,45,0.38,11940.0,-10.6095,1035,12,546,2026-09-28 01:08:47
0000D0,7,TIGER 엔비디아미국채커버드콜밸런스(합성),8730,5,-240,-2.68,8746.0,-10.8516,18199,159,546,2026-09-28 01:08:47
150460,2,TIGER 중국소비테마,7415,2,110,1.51,7427.0,7.9025,274,2,545,2026-09-28 01:08:47
401470,2,KODEX 메타버스액티브,9410,2,65,0.7,9418.0,-7.4753,558,5,541,2026-09-28 01:08:47
261070,2,TIGER 코스닥150바이오테크,11530,2,690,6.37,11378.0,-21.6764,234611,2665,537,2026-09-28 01:08:47
0041D0,4,KODEX 미국AI소프트웨어TOP10,14100,2,105,0.75,14108.0,15.2357,29203,411,536,2026-09-28 01:08:47
481430,6,RISE 국고채10년액티브,96840,5,-1160,-1.18,96934.0,-0.6942,420,40,530,2026-09-28 01:08:47
0046Y0,4,ACE 미국배당퀄리티,12310,5,-60,-0.49,12315.0,-7.7816,5354,66,529,2026-09-28 01:08:47
0111J0,2,HANARO 증권고배당TOP3플러스,12020,5,-180,-1.48,12024.0,-13.8439,14336,172,529,2026-09-28 01:08:47
0238P0,7,TIGER 미국S&P500미국채혼합50,10170,2,20,0.2,10114.0,,45947,467,527,2026-09-28 01:08:47
101280,4,KODEX 일본TOPIX100,30380,2,30,0.1,30378.0,-5.5295,1399,42,523,2026-09-28 01:08:47
275300,2,KODEX 우량주,30625,5,-490,-1.57,30630.0,-15.9281,317,9,521,2026-09-28 01:08:47
253150,3,PLUS 200선물레버리지,208230,5,-8650,-3.99,208684.0,-37.689,3881,822,521,2026-09-28 01:08:47
0118Z0,4,ACE 미국AI테크핵심산업액티브,8710,5,-165,-1.86,8724.0,-11.867,1764,15,518,2026-09-28 01:08:47
0194T0,2,ACE SK하이닉스단일종목레버리지,9335,5,-770,-7.62,9394.0,-63.3013,23324,224,518,2026-09-28 01:08:47
445150,2,KODEX 친환경조선해운액티브,27685,2,435,1.6,27742.0,-10.1371,1377,37,512,2026-09-28 01:08:47
0113P0,6,HK 머니마켓액티브,102640,2,15,0.01,102648.0,0.85,50,5,511,2026-09-28 01:08:47
0220B0,1,DS 코스닥액티브,11600,5,-15,-0.13,11610.0,,63067,733,510,2026-09-28 01:08:47
0118S0,4,SOL 미국넥스트테크TOP10액티브,11065,5,-120,-1.07,11088.0,-21.2047,3731,41,509,2026-09-28 01:08:47
287180,4,PLUS 미국나스닥테크,56545,5,-565,-0.99,56815.0,-10.8493,1508,85,509,2026-09-28 01:08:47
152500,3,ACE 레버리지,46235,5,-1775,-3.7,46227.0,-37.4626,5031,236,509,2026-09-28 01:08:47
0185L0,4,TIME 글로벌휴머노이드로봇산업액티브,7185,5,-40,-0.55,7188.0,-26.3507,10553,75,507,2026-09-28 01:08:47
440910,4,WON 미국우주항공방산,22210,5,-200,-0.89,22289.0,-21.7665,2304,51,500,2026-09-28 01:08:47
475260,6,ACE 2월만기자동연장회사채AA-이상액티브,10765,3,0,0.0,10768.0,0.8903,9,0,496,2026-09-28 01:08:47
0139P0,2,ACE 고배당주,13405,2,130,0.98,13414.0,4.3583,1776,23,496,2026-09-28 01:08:47
261220,5,KODEX WTI원유선물(H),27170,2,1075,4.12,27110.0,28.737,36229,985,496,2026-09-28 01:08:47
316670,1,KIWOOM 코스닥150,7190,2,135,1.91,7205.0,-11.2579,52576,375,493,2026-09-28 01:08:47
360140,2,KODEX 200롱코스닥150숏선물,22340,5,-900,-3.87,22341.0,-7.355,19348,435,491,2026-09-28 01:08:47
473490,4,KIWOOM 글로벌AI반도체,32685,2,265,0.82,32817.0,-11.2822,822,26,490,2026-09-28 01:08:47
336160,6,RISE 금융채액티브,99850,5,-240,-0.24,99816.0,0.5136,2,0,488,2026-09-28 01:08:47
140950,1,파워 코스피100,87152,5,-1748,-1.97,87225.0,-15.8268,62,5,488,2026-09-28 01:08:47
292560,7,TIGER 일본엔선물,7980,5,-5,-0.06,7958.0,-8.7429,33433,266,487,2026-09-28 01:08:47
461340,4,HANARO 글로벌생성형AI액티브,44250,5,-430,-0.96,44361.0,-10.1729,418,18,487,2026-09-28 01:08:47
218420,4,KODEX 미국S&P500에너지(합성),19760,2,215,1.1,19702.0,1.7174,5715,112,485,2026-09-28 01:08:47
0000Z0,2,RISE 바이오TOP10액티브,8265,2,150,1.85,8306.0,-21.2519,38097,312,484,2026-09-28 01:08:47
0178H0,7,IBK 미국AI TOP10국채혼합50,10250,2,100,0.99,10232.0,2.374,6020,61,482,2026-09-28 01:08:47
114470,6,KIWOOM 국고채3년,107055,5,-305,-0.28,107068.0,0.3898,21,2,482,2026-09-28 01:08:47
442260,1,마이티 다이나믹퀀트액티브,38840,5,-460,-1.17,38856.0,-15.8729,227,8,482,2026-09-28 01:08:47
0020H0,4,KoAct 글로벌양자컴퓨팅액티브,22640,5,-310,-1.35,22680.0,-25.1346,4071,92,475,2026-09-28 01:08:47
123310,3,TIGER 인버스,1096,2,21,1.95,1097.0,1.7029,558003,605,473,2026-09-28 01:08:47
447430,2,ACE 주주환원가치주액티브,16525,2,195,1.19,16533.0,7.0087,6422,104,471,2026-09-28 01:08:47
305050,1,ACE 코스피,72445,5,-1355,-1.84,72524.0,-13.6944,555,40,471,2026-09-28 01:08:47
0086B0,2,TIGER 리츠부동산인프라TOP10액티브,9505,5,-25,-0.26,9512.0,2.1232,1328,12,466,2026-09-28 01:08:47
442090,2,에셋플러스 코리아대장장이액티브,30970,2,50,0.16,30996.0,-8.6963,217,6,465,2026-09-28 01:08:47
196030,4,ACE 일본TOPIX레버리지(H),91785,2,435,0.48,92028.0,5.6435,91,8,459,2026-09-28 01:08:47
453650,4,KODEX 미국S&P500금융,18235,5,-25,-0.14,18277.0,-7.8535,3829,69,456,2026-09-28 01:08:47
375770,2,KODEX 탄소효율그린뉴딜,25190,5,-220,-0.87,25151.0,-13.0841,16,0,453,2026-09-28 01:08:47
473590,4,ACE 미국주식베스트셀러,19685,5,-390,-1.94,19789.0,-12.298,6759,133,453,2026-09-28 01:08:47
371470,4,TIGER 차이나바이오테크SOLACTIVE,8510,5,-270,-3.08,8547.0,16.6002,11339,96,449,2026-09-28 01:08:47
200030,4,KODEX 미국S&P500산업재(합성),39765,5,-140,-0.35,39970.0,-16.2716,507,20,448,2026-09-28 01:08:47
276990,4,KODEX 글로벌로봇(합성),25155,2,75,0.3,25186.0,-16.4418,565,14,445,2026-09-28 01:08:47
256750,4,KODEX 차이나심천ChiNext(합성),14540,5,-455,-3.03,14572.0,-28.3051,734,10,445,2026-09-28 01:08:47
487130,2,KoAct AI인프라액티브,30260,2,35,0.12,30280.0,-12.4294,5812,176,439,2026-09-28 01:08:47
476260,2,HANARO 반도체핵심공정주도주,14140,5,-215,-1.5,14140.0,-7.2075,159864,2263,438,2026-09-28 01:08:47
0141T0,6,SOL 중기종합채권(AA-이상)액티브,50165,5,-105,-0.21,50211.0,0.5902,2,0,437,2026-09-28 01:08:47
238720,4,ACE 일본Nikkei225(H),48575,2,975,2.05,48411.0,-6.4925,1242,60,437,2026-09-28 01:08:47
0207G0,2,SOL 우주항공밸류체인,7505,2,45,0.6,7497.0,-0.2007,248301,1854,435,2026-09-28 01:08:47
0186S0,7,1Q 코스닥150채권혼합50액티브,8510,2,145,1.73,8506.0,-6.5465,205287,1743,434,2026-09-28 01:08:47
440650,6,ACE 미국달러단기채권액티브,11395,5,-15,-0.13,11399.0,-11.1717,17020,194,433,2026-09-28 01:08:47
491830,4,TIGER 미국AI반도체팹리스,23330,5,-450,-1.89,23413.0,-12.3322,23985,564,432,2026-09-28 01:08:47
0089C0,4,KODEX 미국S&P500변동성확대시커버드콜,11325,3,0,0.0,11339.0,-7.3526,188,2,430,2026-09-28 01:08:47
0194M0,2,ACE 삼성전자단일종목레버리지,11880,5,-935,-7.3,11953.0,-33.9433,35127,436,428,2026-09-28 01:08:47
0132H0,4,KODEX 미국원자력SMR,7160,5,-425,-5.6,7103.0,-27.9335,59215,423,426,2026-09-28 01:08:47
100910,1,KIWOOM KRX100,17405,5,-170,-0.97,17399.0,-16.9328,305,5,418,2026-09-28 01:08:47
0112X0,1,마이티 200TR,41755,5,-890,-2.09,41735.0,-15.0668,2189,92,418,2026-09-28 01:08:47
0191M0,6,마이티 5월만기자동연장특수채(AAA)액티브,100820,3,0,0.0,100830.0,0.6589,0,0,417,2026-09-28 01:08:47
401170,2,RISE 메타버스,10650,2,260,2.5,10676.0,-15.8364,27621,293,415,2026-09-28 01:08:47
472830,6,RISE 미국30년국채커버드콜(합성),7470,5,-265,-3.43,7494.0,-16.0361,21100,157,415,2026-09-28 01:08:47
472840,1,IBK 200,110435,5,-2070,-1.84,110516.0,-14.86,317,35,414,2026-09-28 01:08:47
448570,1,FOCUS AI코리아액티브,30470,5,-10,-0.03,30448.0,-7.6084,56,1,411,2026-09-28 01:08:47
0197W0,2,SOL SK하이닉스단일종목레버리지,9185,5,-705,-7.13,9208.0,-63.9775,33768,319,411,2026-09-28 01:08:47
183700,7,RISE 200채권혼합50,97395,5,-345,-0.35,96864.0,-7.1795,1288,125,409,2026-09-28 01:08:47
322410,2,HANARO K고배당,22950,2,310,1.37,23001.0,4.6621,1709,38,402,2026-09-28 01:08:47
0189B0,5,TIGER 은액티브,7735,5,-400,-4.92,7701.0,-5.7359,24786,192,398,2026-09-28 01:08:47
139320,5,TIGER 금은선물(H),17575,5,-480,-2.66,17836.0,3.9435,4318,76,395,2026-09-28 01:08:47
428510,4,KODEX 차이나AI테크액티브,23250,5,-575,-2.41,23282.0,-28.8803,1112,25,395,2026-09-28 01:08:47
469050,4,RISE 미국반도체NYSE(H),34235,5,-60,-0.17,34414.0,-8.9666,8744,300,394,2026-09-28 01:08:47
275280,2,KODEX 모멘텀주,43730,5,-765,-1.72,43789.0,-16.9644,270,11,394,2026-09-28 01:08:47
139280,2,TIGER 경기방어,12270,2,145,1.2,12293.0,4.5683,9811,120,393,2026-09-28 01:08:47
494840,4,TIGER 미국방산TOP10,11665,5,-140,-1.19,11693.0,-10.8544,5569,64,391,2026-09-28 01:08:47
0007G0,4,PLUS 글로벌원자력밸류체인,12340,5,-635,-4.89,12290.0,-19.7837,2154,26,376,2026-09-28 01:08:47
449690,4,TIGER 한중반도체(합성),50075,5,-810,-1.59,49880.0,-20.4922,5,0,376,2026-09-28 01:08:47
0192L0,2,RISE SK하이닉스단일종목레버리지,9485,5,-790,-7.69,9556.0,-62.8257,4499,43,375,2026-09-28 01:08:47
352540,7,KODEX 일본부동산리츠(H),10960,5,-5,-0.05,10948.0,-0.4393,1275,13,373,2026-09-28 01:08:47
195930,4,TIGER 유로스탁스50(합성 H),23225,2,130,0.56,23193.0,0.2604,14919,345,372,2026-09-28 01:08:47
147970,2,TIGER 모멘텀,80650,2,990,1.24,80645.0,-15.904,629,50,371,2026-09-28 01:08:47
365000,2,TIGER 인터넷TOP10,3660,2,180,5.17,3659.0,-12.782,66387,241,370,2026-09-28 01:08:47
450910,1,SOL 코스닥150,14105,2,260,1.88,14135.0,-11.5336,1666,23,370,2026-09-28 01:08:47
0234N0,2,KIWOOM 삼성SK그룹TOP4+,10505,5,-290,-2.69,10517.0,,34415,368,368,2026-09-28 01:08:47
276650,4,RISE 글로벌테크놀로지(합성 H),48215,5,-285,-0.59,48254.0,3.3674,891,42,362,2026-09-28 01:08:47
475270,6,ACE 5월만기자동연장회사채AA-이상액티브,10745,2,10,0.09,10741.0,0.7035,5,0,361,2026-09-28 01:08:47
400970,2,TIGER Fn메타버스,7210,2,170,2.41,7223.0,-15.1808,7768,55,361,2026-09-28 01:08:47
494410,4,PLUS 미국S&P500성장주,14360,5,-210,-1.44,14386.0,-4.8564,1429,20,359,2026-09-28 01:08:47
0100K0,2,KODEX 방산TOP10레버리지,5975,2,175,3.02,6008.0,-35.6271,345776,2032,359,2026-09-28 01:08:47
0023B0,4,PLUS 미국양자컴퓨팅TOP10,16545,5,-370,-2.19,16633.0,-18.8924,12990,215,356,2026-09-28 01:08:47
104530,2,KIWOOM 코리아고배당,17305,2,265,1.56,17328.0,1.4658,5128,88,355,2026-09-28 01:08:47
407830,4,에셋플러스 글로벌플랫폼액티브,14740,5,-115,-0.77,14758.0,-10.4582,661,9,354,2026-09-28 01:08:47
276970,4,KODEX 미국S&P500배당귀족커버드콜(합성 H),7490,5,-60,-0.79,7480.0,4.2836,6743,50,352,2026-09-28 01:08:47
0085N0,6,ACE 미국10년국채액티브(H),9485,5,-155,-1.61,9501.0,-2.031,39108,370,351,2026-09-28 01:08:47
241390,7,RISE V&S셀렉트밸류채권혼합,15830,5,-65,-0.41,15776.0,-1.7311,2644,41,348,2026-09-28 01:08:47
266360,2,KODEX K콘텐츠,9410,2,240,2.62,9432.0,-7.4205,3980,37,348,2026-09-28 01:08:47
0184E0,7,1Q 200채권혼합50액티브,11165,5,-105,-0.93,11160.0,-6.5771,56880,636,346,2026-09-28 01:08:47
385520,2,KODEX 자율주행액티브,16070,2,315,2.0,16069.0,-12.4723,1101,17,346,2026-09-28 01:08:47
464470,6,PLUS 미국채30년액티브,45210,5,-1680,-3.58,45362.0,-15.5194,2810,127,345,2026-09-28 01:08:47
117460,2,KODEX 에너지화학,14360,2,605,4.4,14387.0,3.816,19808,281,342,2026-09-28 01:08:47
380340,2,ACE 코리아AI테크핵심산업,28455,2,545,1.95,28481.0,-17.7061,4582,131,341,2026-09-28 01:08:47
0204S0,1,TIGER 코스닥액티브,7665,2,50,0.66,7674.0,-8.4736,109193,835,340,2026-09-28 01:08:47
491090,4,KODEX 미국테크TOP3플러스,18345,5,-135,-0.73,18379.0,-0.8278,1760,32,339,2026-09-28 01:08:47
0083S0,4,1Q 미국메디컬AI,12105,2,125,1.04,12168.0,18.2192,29481,357,339,2026-09-28 01:08:47
0154F0,2,WON 초대형IB&금융지주,12297,2,97,0.8,12312.0,2.6503,1744,21,338,2026-09-28 01:08:47
261250,7,KODEX 미국달러선물레버리지,15405,5,-5,-0.03,15422.0,-21.7965,14728,227,337,2026-09-28 01:08:47
449780,4,KIWOOM 미국S&P500(H),18740,5,-105,-0.56,18774.0,4.2596,3530,66,337,2026-09-28 01:08:47
474800,4,KIWOOM 미국원유에너지기업,15260,2,130,0.86,15333.0,0.2315,17465,267,336,2026-09-28 01:08:47
452250,6,ACE 미국30년국채선물레버리지(합성 H),4315,5,-355,-7.6,4351.0,-9.4084,25961,112,334,2026-09-28 01:08:47
105780,2,RISE 5대그룹주,16690,5,-95,-0.57,16692.0,-19.4965,550,9,334,2026-09-28 01:08:47
459560,4,KODEX 테슬라밸류체인FactSet,22200,2,95,0.43,22224.0,-18.8062,1049,23,333,2026-09-28 01:08:47
138910,5,KODEX 구리선물(H),10050,5,-205,-2.0,10055.0,6.6008,4337,43,332,2026-09-28 01:08:47
498860,2,RISE 코리아금융고배당,16525,2,10,0.06,16529.0,-2.604,2149,35,331,2026-09-28 01:08:47
475070,4,KoAct 글로벌친환경전력인프라액티브,29800,5,-370,-1.23,29919.0,-24.941,991,29,328,2026-09-28 01:08:47
099140,4,KODEX 차이나H,20375,5,-205,-1.0,20328.0,-4.5808,852,17,326,2026-09-28 01:08:47
0138T0,4,RISE 미국S&P500데일리고정커버드콜,9305,5,-45,-0.48,9352.0,-7.5464,5413,50,326,2026-09-28 01:08:47
0089B0,7,PLUS 미국나스닥100미국채혼합50,11225,5,-30,-0.27,11244.0,-9.7992,2177,24,326,2026-09-28 01:08:47
122260,6,KIWOOM 통안채1년,104205,5,-35,-0.03,104196.0,0.5886,8020,835,323,2026-09-28 01:08:47
261140,2,TIGER 우선주,24970,3,0,0.0,24968.0,-6.8662,1935,48,320,2026-09-28 01:08:47
217770,5,TIGER 원유선물인버스(H),1094,5,-38,-3.36,1091.0,-27.5752,229923,251,319,2026-09-28 01:08:47
322400,2,HANARO e커머스,9660,2,125,1.31,9709.0,-9.0172,279,2,319,2026-09-28 01:08:47
156080,1,KODEX MSCI Korea,53055,5,-1245,-2.29,53065.0,-14.69,490,26,318,2026-09-28 01:08:47
275290,2,KODEX 가치주,35285,5,-545,-1.52,35320.0,-12.5301,7420,263,318,2026-09-28 01:08:47
494340,4,ACE 글로벌AI맞춤형반도체,21090,5,-400,-1.86,21207.0,-22.4748,6890,146,316,2026-09-28 01:08:47
0150K0,2,KoAct 수소전력ESS인프라액티브,11240,2,285,2.6,11264.0,3.203,13779,154,315,2026-09-28 01:08:47
139270,2,TIGER 200 금융,17085,2,105,0.62,17116.0,2.9938,1052,17,314,2026-09-28 01:08:47
446690,4,KODEX 아시아AI반도체exChina액티브,62870,2,715,1.15,62785.0,-23.4999,472,29,314,2026-09-28 01:08:47
465350,3,RISE 2차전지TOP10인버스(합성),15695,5,-605,-3.71,15833.0,-10.2176,17312,275,314,2026-09-28 01:08:47
395290,2,HANARO Fn K-POP&미디어,4920,2,70,1.44,4929.0,-8.144,7009,34,312,2026-09-28 01:08:47
395170,2,KODEX Top10동일가중,15560,5,-100,-0.64,15557.0,-23.4687,299,4,311,2026-09-28 01:08:47
0218J0,7,RISE 미국우주&로봇TOP2미국채혼합50,9120,5,-65,-0.71,9068.0,,37353,340,310,2026-09-28 01:08:47
174360,4,RISE 중국본토대형주CSI100,22130,5,-325,-1.45,22091.0,-18.4493,1123,24,310,2026-09-28 01:08:47
469790,2,KIWOOM 코리아테크TOP10,44205,5,-575,-1.28,44231.0,-16.0167,100,4,309,2026-09-28 01:08:47
459750,4,RISE 글로벌주식분산액티브,17600,5,-85,-0.48,17600.0,-9.646,937,16,308,2026-09-28 01:08:47
252710,3,TIGER 200선물인버스2X,78,2,4,5.41,77.0,-5.1283,60128659,4554,308,2026-09-28 01:08:47
352560,7,KODEX 미국부동산리츠(H),11620,5,-270,-2.27,11623.0,-1.7242,1858,21,308,2026-09-28 01:08:47
153270,1,KIWOOM 코스피100,85510,5,-1300,-1.5,85449.0,-16.4566,122,10,308,2026-09-28 01:08:47
465660,4,TIGER 일본반도체FACTSET,24520,2,370,1.53,24777.0,-25.2489,16019,395,307,2026-09-28 01:08:47
0192T0,2,SOL 코스닥TOP10,7100,2,270,3.95,7082.0,-17.011,241907,1695,305,2026-09-28 01:08:47
426150,6,WON 대한민국국고채액티브,50715,5,-365,-0.71,50654.0,-1.2088,44,2,305,2026-09-28 01:08:47
227540,2,TIGER 200 헬스케어,18380,2,140,0.77,18381.0,7.9289,12164,221,305,2026-09-28 01:08:47
0166N0,1,PLUS 코스닥150액티브,8680,2,180,2.12,8690.0,-4.7086,19461,168,304,2026-09-28 01:08:47
117680,2,KODEX 철강,12390,2,135,1.1,12385.0,7.0522,5673,69,304,2026-09-28 01:08:47
387270,4,TIGER 글로벌이노베이션액티브,26150,5,-45,-0.17,26202.0,-14.6743,76,1,303,2026-09-28 01:08:47
248270,4,TIGER S&P글로벌헬스케어(합성),26120,2,250,0.97,26013.0,-2.4694,740,19,303,2026-09-28 01:08:47
261060,2,TIGER 코스닥150IT,26565,5,-55,-0.21,26603.0,-2.6692,8693,231,303,2026-09-28 01:08:47
476690,4,TIGER 글로벌비만치료제TOP2Plus,10080,2,25,0.25,10086.0,-9.5832,1334,13,302,2026-09-28 01:08:47
459790,4,KIWOOM 미국성장기업30액티브,20835,5,-210,-1.0,20744.0,-14.5728,7,0,302,2026-09-28 01:08:47
0155N0,2,HANARO K휴머노이드테마TOP10,7735,2,25,0.32,7733.0,-6.8841,5706,43,302,2026-09-28 01:08:47
450190,4,KODEX 한중반도체(합성),50270,5,-945,-1.85,50292.0,-20.6707,3,0,302,2026-09-28 01:08:47
245350,4,TIGER 유로스탁스배당30,18620,5,-265,-1.4,18638.0,-4.6583,1775,32,298,2026-09-28 01:08:47
0192M0,2,RISE 삼성전자단일종목레버리지,12035,5,-945,-7.28,12082.0,-33.691,4998,63,298,2026-09-28 01:08:47
145850,2,TREX 펀더멘탈 200,118945,3,0,0.0,118470.0,-6.3302,0,0,297,2026-09-28 01:08:47
253250,3,KIWOOM 200선물레버리지,102350,5,-4390,-4.11,102790.0,-36.9615,133,13,297,2026-09-28 01:08:47
192720,2,파워 고배당저변동성,58090,2,1245,2.19,58039.0,4.2129,455,26,296,2026-09-28 01:08:47
256440,4,ACE MSCI인도네시아(합성),4820,5,-95,-1.93,4849.0,-12.1538,24732,119,294,2026-09-28 01:08:47
415920,5,PLUS 글로벌희토류&전략자원생산기업,6225,5,-430,-6.46,6165.0,-30.641,21090,131,293,2026-09-28 01:08:47
468630,6,KODEX iShares미국투자등급회사채액티브,10360,5,-230,-2.17,10404.0,-13.8792,17205,178,291,2026-09-28 01:08:47
464920,4,PLUS 일본반도체소부장,24200,2,555,2.35,23736.0,-22.3609,5992,143,290,2026-09-28 01:08:47
496770,4,PLUS 글로벌방산,15905,5,-150,-0.93,15973.0,-9.3706,2545,40,286,2026-09-28 01:08:47
415340,4,KODEX 차이나과창판STAR50(합성),13795,5,-345,-2.44,13793.0,-21.5534,5264,72,286,2026-09-28 01:08:47
0223R0,4,TIGER 미국테크NYSE100액티브,9730,5,-95,-0.97,9784.0,,11436,111,283,2026-09-28 01:08:47
489290,4,WON 미국빌리어네어,14855,5,-130,-0.87,14881.0,-3.8807,548,8,282,2026-09-28 01:08:47
223190,2,KODEX 200가치저변동,28030,2,155,0.56,28044.0,-5.3484,105,2,280,2026-09-28 01:08:47
0155M0,4,ACE 미국SMR원자력TOP10,6220,5,-295,-4.53,6223.0,-23.5778,11832,73,280,2026-09-28 01:08:47
289480,3,TIGER 200커버드콜,13265,5,-85,-0.64,13231.0,13.4485,3253,43,279,2026-09-28 01:08:47
476070,4,KODEX 글로벌비만치료제TOP2 Plus,10485,5,-170,-1.6,10483.0,-4.8733,25908,272,278,2026-09-28 01:08:47
271060,5,KODEX 3대농산물선물(H),8930,5,-45,-0.5,8987.0,16.8619,5469,48,276,2026-09-28 01:08:47
0013R0,7,RISE 테슬라미국채타겟커버드콜혼합(합성),7650,5,-185,-2.36,7608.0,-14.8956,11779,90,275,2026-09-28 01:08:47
0107F0,4,KIWOOM 미국고배당&AI테크,11005,5,-85,-0.77,11039.0,-8.6705,2240,24,275,2026-09-28 01:08:47
0224X0,7,1Q 엔비디아알파벳미국채혼합50,9655,5,-125,-1.28,9655.0,,24092,232,270,2026-09-28 01:08:47
0049K0,7,ACE 미국배당퀄리티채권혼합50,11005,5,-5,-0.05,10989.0,-4.4585,3089,33,270,2026-09-28 01:08:47
0137W0,4,KIWOOM 미국S&P500&GOLD,10255,5,-15,-0.15,10288.0,-7.4306,2637,27,267,2026-09-28 01:08:47
0203S0,7,WON 삼성전자현대차채권혼합50,8590,5,-40,-0.46,8590.0,-8.2891,6747,58,262,2026-09-28 01:08:47
0164G0,4,RISE 차이나AI반도체TOP4Plus,12455,5,-110,-0.88,12330.0,-28.425,491,6,262,2026-09-28 01:08:47
139250,2,TIGER 200 에너지화학,18375,2,480,2.68,18359.0,2.0231,29242,536,261,2026-09-28 01:08:47
437350,6,RISE 미국단기투자등급회사채액티브,11850,5,-45,-0.38,11842.0,-12.2788,4230,50,261,2026-09-28 01:08:47
277540,4,ACE 아시아TOP50,32565,5,-125,-0.38,32531.0,-12.8267,3494,113,261,2026-09-28 01:08:47
167860,6,KIWOOM 국고채10년레버리지,89710,5,-1935,-2.11,89690.0,-0.9725,2,0,260,2026-09-28 01:08:47
440340,7,TIGER 글로벌멀티에셋TIF액티브,11530,5,-85,-0.73,11560.0,-11.5973,6372,73,259,2026-09-28 01:08:47
475380,7,RISE 글로벌리얼티인컴,9750,5,-195,-1.96,9706.0,-12.9621,5055,49,258,2026-09-28 01:08:47
0047R0,4,RISE 팔란티어고정테크100,15605,2,55,0.35,15663.0,5.2479,2384,37,257,2026-09-28 01:08:47
483570,4,KCGI 미국S&P500 TOP10,15980,5,-70,-0.44,16029.0,-2.0745,792,12,256,2026-09-28 01:08:47
493420,4,SOL 미국배당다우존스2호,12130,5,-140,-1.14,12140.0,-5.8482,1320,16,255,2026-09-28 01:08:47
0209Z0,2,ACE 코리아AI전력TOP10,7255,2,40,0.55,7253.0,-16.5896,41065,297,254,2026-09-28 01:08:47
292500,1,SOL KRX300,50730,3,0,0.0,50142.0,-15.1164,10,0,254,2026-09-28 01:08:47
481340,6,RISE 미국30년국채액티브,8030,5,-380,-4.52,8072.0,-15.8839,65377,527,253,2026-09-28 01:08:47
496120,1,ACE 코리아밸류업,33650,5,-325,-0.96,33690.0,-13.324,78,2,252,2026-09-28 01:08:47
0152E0,2,SOL 배당성향탑픽액티브,10715,2,50,0.47,10714.0,-1.9858,610,6,252,2026-09-28 01:08:47
0115C0,4,RISE 미국고배당다우존스TOP10,10610,5,-80,-0.75,10633.0,-7.5432,1411,14,249,2026-09-28 01:08:47
159800,1,마이티 코스피100,88680,5,-1060,-1.18,88007.0,-15.8162,10,0,248,2026-09-28 01:08:47
245360,4,TIGER 차이나HSCEI,11755,5,-165,-1.38,11739.0,-4.3234,3459,40,247,2026-09-28 01:08:47
292160,1,TIGER KRX300,49150,5,-695,-1.39,49202.0,-15.1799,111,5,246,2026-09-28 01:08:47
368190,2,HANARO Fn K-뉴딜디지털플러스,7665,2,160,2.13,7670.0,-0.4642,21,0,245,2026-09-28 01:08:47
367740,2,HANARO Fn5G산업,44535,2,595,1.35,44176.0,-8.7246,379,16,245,2026-09-28 01:08:47
0097L0,7,KIWOOM 한국고배당&미국AI테크,12545,2,80,0.64,12583.0,-1.9985,1654,20,245,2026-09-28 01:08:47
0238C0,7,IBK 한미대표기업TOP2+채권혼합50액티브,10155,5,-75,-0.73,10127.0,,1136,11,244,2026-09-28 01:08:47
295020,6,RISE 국채선물10년인버스,61475,2,660,1.09,61587.0,1.6633,1,0,243,2026-09-28 01:08:47
0093D0,7,KoAct 팔란티어밸류체인액티브,18575,2,135,0.73,18556.0,-14.9054,378,7,241,2026-09-28 01:08:47
414270,4,ACE 글로벌자율주행액티브,11470,5,-150,-1.29,11450.0,-17.0593,1694,19,241,2026-09-28 01:08:47
479850,2,HANARO K-뷰티,17785,2,190,1.08,17840.0,23.8648,12770,227,240,2026-09-28 01:08:47
0198D0,2,1Q SK하이닉스선물단일종목레버리지,9705,5,-800,-7.62,9744.0,-63.8071,30227,301,240,2026-09-28 01:08:47
364690,1,KODEX 혁신기술테마액티브,39930,5,-35,-0.09,39742.0,-17.4639,17,0,240,2026-09-28 01:08:47
0177A0,2,WON 두산그룹포커스,9530,5,-85,-0.88,9537.0,-8.0345,31686,304,238,2026-09-28 01:08:47
185680,4,KODEX 미국S&P바이오(합성),44620,5,-1965,-4.22,44886.0,0.0,528,23,237,2026-09-28 01:08:47
195970,4,PLUS 선진국MSCI(합성 H),16195,5,-10,-0.06,16153.0,2.1752,2634,42,236,2026-09-28 01:08:47
0103T0,2,1Q K소버린AI,8285,2,120,1.47,8278.0,-0.5482,11339,93,236,2026-09-28 01:08:47
442550,7,RISE TDF2030액티브 적격,14670,5,-110,-0.74,14618.0,-5.4492,1846,27,235,2026-09-28 01:08:47
138230,7,KIWOOM 미국달러선물,15925,2,35,0.22,15934.0,-11.2043,128,2,231,2026-09-28 01:08:47
0206G0,7,1Q 현대차기아채권혼합50,7810,2,60,0.77,7817.0,-11.6306,41107,320,230,2026-09-28 01:08:47
388280,2,RISE K엔터&여행레저,7030,2,80,1.15,7056.0,-13.125,337,2,229,2026-09-28 01:08:47
0047P0,4,RISE 테슬라고정테크100,14710,5,-85,-0.57,14754.0,-7.4717,638,9,228,2026-09-28 01:08:47
0239Z0,2,PLUS AI반도체소부장액티브,11340,5,-100,-0.87,11355.0,,100098,1140,227,2026-09-28 01:08:47
225130,4,ACE 골드선물 레버리지(합성 H),45150,5,-1845,-3.93,44805.0,6.1793,687,31,226,2026-09-28 01:08:47
300950,2,KODEX 게임산업,5375,2,95,1.8,5373.0,-6.0499,12452,66,226,2026-09-28 01:08:47
419430,4,KODEX 차이나2차전지MSCI(합성),8060,5,-275,-3.3,8059.0,-29.2445,1875,15,226,2026-09-28 01:08:47
0127R0,4,RISE 미국AI클라우드인프라,16700,5,-415,-2.42,16777.0,-19.657,1364,22,225,2026-09-28 01:08:47
376410,2,TIGER 탄소효율그린뉴딜,24895,5,-220,-0.88,24896.0,-13.3684,49,1,224,2026-09-28 01:08:47
375760,2,HANARO 탄소효율그린뉴딜,24855,5,-35,-0.14,24809.0,-14.281,23,0,224,2026-09-28 01:08:47
280930,4,KODEX 미국러셀2000(H),15965,5,-345,-2.12,16027.0,-2.8878,3358,53,224,2026-09-28 01:08:47
108590,1,TREX 200,110755,5,-2000,-1.77,110636.0,-14.8416,10,1,222,2026-09-28 01:08:47
411540,1,SOL 200 Top10,16885,2,75,0.45,16892.0,-16.461,4216,71,220,2026-09-28 01:08:47
261120,7,TIGER 미국달러선물인버스2X,5485,2,10,0.18,5484.0,27.6223,108,0,219,2026-09-28 01:08:47
0186L0,4,KoAct 미국로봇피지컬AI액티브,9525,3,0,0.0,9552.0,-22.0541,4519,43,219,2026-09-28 01:08:47
239660,6,PLUS 우량회사채50,121695,5,-120,-0.1,121705.0,0.6693,444,54,219,2026-09-28 01:08:47
461450,1,KODEX 코스닥글로벌,15525,2,170,1.11,15542.0,-9.1958,4660,72,217,2026-09-28 01:08:47
433220,4,에셋플러스 글로벌대장장이액티브,29090,5,-350,-1.19,29124.0,-19.0208,161,4,215,2026-09-28 01:08:47
0026E0,4,KODEX 미국S&P500버퍼3월액티브,11625,2,70,0.61,11653.0,-7.597,5,0,215,2026-09-28 01:08:47
447660,7,PLUS 애플채권혼합,13875,2,10,0.07,13901.0,1.0145,9230,128,215,2026-09-28 01:08:47
269420,4,KODEX S&P글로벌인프라(합성),20670,5,-405,-1.92,20761.0,-15.2594,1013,20,213,2026-09-28 01:08:47
461600,6,SOL 미국30년국채액티브(H),8010,5,-310,-3.73,8014.0,-4.037,11733,94,212,2026-09-28 01:08:47
464600,2,SOL 자동차소부장Fn,23505,2,695,3.05,23466.0,-17.1901,4623,108,212,2026-09-28 01:08:47
337120,2,KODEX 멀티팩터,35090,5,-505,-1.42,35128.0,-14.7895,10,0,211,2026-09-28 01:08:47
0192S0,7,SOL 코스피200채권혼합50,9540,5,-80,-0.83,9551.0,-8.003,99412,955,210,2026-09-28 01:08:47
0190M0,4,KIWOOM 미국AI테크하이베타,8725,5,-145,-1.63,8789.0,-26.6033,4679,41,209,2026-09-28 01:08:47
469160,4,ACE 일본반도체,24515,2,325,1.34,24757.0,-27.2482,38987,954,208,2026-09-28 01:08:47
226980,1,KODEX 200 중소형,23150,2,230,1.0,23219.0,-1.261,715,16,208,2026-09-28 01:08:47
300640,2,RISE 게임테마,6410,2,115,1.83,6410.0,-0.4744,1735,10,208,2026-09-28 01:08:47
0231Z0,7,KODEX 코리아TDF2065액티브 적격,10400,5,-105,-1.0,10414.0,,11427,119,208,2026-09-28 01:08:47
0239Y0,2,PLUS 코리아HBM반도체,10400,5,-250,-2.35,10430.0,,141558,1485,208,2026-09-28 01:08:47
204450,4,KODEX 차이나H레버리지(H),2165,5,-50,-2.26,2159.0,11.8122,10347,22,208,2026-09-28 01:08:47
371450,4,TIGER 글로벌클라우드컴퓨팅INDXX,13610,5,-295,-2.12,13627.0,19.6129,2395,32,207,2026-09-28 01:08:47
253290,7,RISE 헬스케어채권혼합,11490,2,90,0.79,11514.0,-1.9777,733,8,207,2026-09-28 01:08:47
477730,4,KODEX 인도타타그룹,7010,5,-50,-0.71,7009.0,-14.0373,1301,9,207,2026-09-28 01:08:47
289040,2,KODEX MSCI KOREA ESG유니버설,34375,5,-180,-0.52,34327.0,-12.7612,6,0,206,2026-09-28 01:08:47
364990,2,TIGER 게임TOP10,4525,2,85,1.91,4527.0,-7.8839,20979,94,206,2026-09-28 01:08:47
471460,6,KIWOOM 국고채30년액티브,44680,5,-895,-1.96,44724.0,-3.2553,241,10,206,2026-09-28 01:08:47
289250,2,TIGER MSCI KOREA ESG유니버설,35910,5,-200,-0.55,35698.0,-13.1994,12,0,205,2026-09-28 01:08:47
304770,1,HANARO 코스닥150,14405,2,255,1.8,14447.0,-11.4796,1401,20,205,2026-09-28 01:08:47
091220,2,TIGER 은행,17325,2,235,1.38,17345.0,13.4752,8321,143,204,2026-09-28 01:08:47
417630,2,TIGER KEDI혁신기업ESG30,19430,2,180,0.94,19430.0,-5.7989,142,2,204,2026-09-28 01:08:47
463300,4,RISE 중국본토CSI300,12735,5,-105,-0.82,12677.0,-16.0875,231,2,204,2026-09-28 01:08:47
152380,6,KODEX 국채선물10년,64050,5,-735,-1.13,64039.0,-0.6061,176,11,204,2026-09-28 01:08:47
0241R0,7,TIGER 현대차LG전자고정피지컬AI밸류체인,10115,2,255,2.59,10131.0,,112078,1130,202,2026-09-28 01:08:47
404120,2,TIME K신재생에너지액티브,25260,2,625,2.54,25233.0,-12.1904,164,4,202,2026-09-28 01:08:47
416090,4,ACE 중국과창판STAR50,12535,5,-195,-1.53,12437.0,-21.6616,909,11,201,2026-09-28 01:08:47
489000,6,PLUS 일본엔화초단기국채(합성),9105,5,-10,-0.11,9107.0,-9.4837,66801,608,200,2026-09-28 01:08:47
456680,4,TIGER 차이나전기차레버리지(합성),4880,5,-240,-4.69,4918.0,-47.8084,6293,30,199,2026-09-28 01:08:47
438320,4,TIGER 차이나항셍테크레버리지(합성 H),4605,5,-200,-4.16,4572.0,-0.6205,21416,98,199,2026-09-28 01:08:47
0067V0,4,TIGER 차이나글로벌리더스TOP3+,9020,5,-185,-2.01,9107.0,-15.5505,4252,38,198,2026-09-28 01:08:47
437070,6,KODEX 아시아달러채권ESG플러스액티브,57060,5,-490,-0.85,57018.0,-13.036,519,29,197,2026-09-28 01:08:47
379790,4,RISE 유로스탁스50(H),17090,3,0,0.0,17118.0,0.5807,2647,45,197,2026-09-28 01:08:47
0153X0,4,PLUS 미국고배당주액티브,10610,5,-195,-1.8,10631.0,-3.6832,4979,52,196,2026-09-28 01:08:47
169950,4,KODEX 차이나A50,24530,5,-470,-1.88,24529.0,-15.5976,46,1,196,2026-09-28 01:08:47
465670,4,TIGER 미국캐시카우100,15637,5,-238,-1.5,15787.0,-3.0273,14808,231,195,2026-09-28 01:08:47
284980,2,RISE 200금융,22725,2,230,1.02,22764.0,3.1921,1041,23,195,2026-09-28 01:08:47
404260,2,KODEX 기후변화솔루션,24300,2,525,2.21,24295.0,-10.446,393,9,194,2026-09-28 01:08:47
304760,1,HANARO KRX300,48345,5,-475,-0.97,48249.0,-15.3547,8,0,193,2026-09-28 01:08:47
461910,4,PLUS 미국테크TOP10레버리지(합성),38340,5,-270,-0.7,38443.0,-4.8781,246,9,192,2026-09-28 01:08:47
228820,1,TIGER KTOP30,19090,5,-100,-0.52,19100.0,-11.5788,275,5,191,2026-09-28 01:08:47
487950,4,KODEX 대만테크고배당다우존스,13140,2,20,0.15,13016.0,-9.6051,1479,19,191,2026-09-28 01:08:47
183710,7,RISE 주식혼합,95110,5,-395,-0.41,94286.0,-10.7556,104,9,190,2026-09-28 01:08:47
497780,4,KoAct 미국천연가스인프라액티브,9960,5,-25,-0.25,9857.0,-13.9566,44223,436,189,2026-09-28 01:08:47
229720,1,KODEX KTOP30,37840,5,-180,-0.47,37850.0,-12.0268,727,27,189,2026-09-28 01:08:47
0104P0,2,TIGER 코리아배당다우존스위클리커버드콜,10970,2,95,0.87,10997.0,4.2442,3604,39,186,2026-09-28 01:08:47
445910,2,TIGER MKF배당귀족,20675,2,275,1.35,20713.0,1.8014,8097,166,186,2026-09-28 01:08:47
0144M0,4,KODEX 미국드론UAM TOP10,6725,5,-10,-0.15,6732.0,-22.4079,6126,41,185,2026-09-28 01:08:47
213630,4,PLUS 미국다우존스고배당주(합성 H),20075,5,-250,-1.23,20092.0,6.6369,3371,67,185,2026-09-28 01:08:47
381560,2,HANARO Fn전기&수소차,17585,2,535,3.14,17609.0,-11.8404,672,11,185,2026-09-28 01:08:47
445690,2,BNK 주주가치액티브,30770,5,-215,-0.69,30656.0,-6.7981,97,2,185,2026-09-28 01:08:47
461900,4,PLUS 미국테크TOP10,23005,2,15,0.07,23026.0,0.371,514,11,184,2026-09-28 01:08:47
276000,4,TIGER 글로벌자원생산기업(합성 H),20435,5,-465,-2.22,20496.0,9.2524,767,15,184,2026-09-28 01:08:47
0223A0,2,RISE 코스닥커버드콜액티브,11455,5,-25,-0.22,11427.0,,95059,1087,183,2026-09-28 01:08:47
0018Z0,4,RISE 미국양자컴퓨팅,18250,5,-165,-0.9,18286.0,-16.0002,653,11,183,2026-09-28 01:08:47
407310,1,HANARO 200 TOP10,16535,2,65,0.39,16538.0,-16.3423,1896,31,182,2026-09-28 01:08:47
227830,1,PLUS 코스피,72495,5,-145,-0.2,72228.0,-14.6504,8,0,181,2026-09-28 01:08:47
391670,1,HK 베스트일레븐액티브,30000,3,0,0.0,29457.0,-19.9574,0,0,180,2026-09-28 01:08:47
195920,4,TIGER 일본TOPIX(합성 H),35740,2,370,1.05,35688.0,2.019,844,29,179,2026-09-28 01:08:47
449580,7,RISE 테슬라애플아마존채권혼합,16195,5,-90,-0.55,16166.0,-0.7107,1718,27,178,2026-09-28 01:08:47
385600,2,ACE 2차전지&친환경차액티브,11825,2,300,2.6,11829.0,-10.3113,1060,12,177,2026-09-28 01:08:47
289260,2,TIGER MSCI KOREA ESG리더스,29475,5,-25,-0.08,29388.0,-15.6661,16,0,177,2026-09-28 01:08:47
0065G0,4,KODEX 차이나테크TOP10,8205,5,-100,-1.2,8217.0,-10.2438,743,6,176,2026-09-28 01:08:47
292050,1,RISE KRX300,50390,5,-685,-1.34,50408.0,-14.5689,32,1,176,2026-09-28 01:08:47
0198B0,2,1Q 삼성전자선물단일종목레버리지,12310,5,-940,-7.09,12347.0,-34.8094,34249,434,176,2026-09-28 01:08:47
225060,4,TIGER 이머징마켓MSCI레버리지(합성 H),16570,5,-515,-3.01,16740.0,-1.6408,128,2,176,2026-09-28 01:08:47
0105D0,2,SOL 한국AI소프트웨어,9170,2,180,2.0,9161.0,-4.7165,11500,104,174,2026-09-28 01:08:47
415760,4,SOL 차이나육성산업액티브(합성),12720,5,-225,-1.74,12819.0,-22.3689,921,11,173,2026-09-28 01:08:47
0086C0,7,TIGER 리츠부동산인프라10채권혼합액티브,9840,5,-15,-0.15,9824.0,0.765,3255,31,172,2026-09-28 01:08:47
0203R0,6,WON 중단기종합채권(A-이상)액티브,50400,3,0,0.0,50423.0,0.5887,0,0,171,2026-09-28 01:08:47
468370,6,KODEX iShares미국인플레이션국채액티브,10195,5,-135,-1.31,10220.0,-13.1675,2995,30,170,2026-09-28 01:08:47
457690,6,KODEX 33-06 국고채액티브,10395,5,-85,-0.81,10388.0,0.0955,151,1,168,2026-09-28 01:08:47
483330,4,ACE 마이크로소프트밸류체인액티브,15265,5,-65,-0.42,15290.0,4.5346,1905,29,168,2026-09-28 01:08:47
460660,4,RISE 미국S&P배당킹,11180,5,-165,-1.45,11235.0,-7.8154,5509,61,168,2026-09-28 01:08:47
477490,4,에셋플러스 글로벌일등기업포커스10액티브,18555,5,-145,-0.78,18595.0,-14.2596,38,0,167,2026-09-28 01:08:47
130680,5,TIGER 원유선물Enhanced(H),7930,2,330,4.34,7925.0,27.731,11187,88,167,2026-09-28 01:08:47
474920,4,에셋플러스 차이나일등기업포커스10액티브,17620,5,-280,-1.56,17624.0,-14.2105,124,2,166,2026-09-28 01:08:47
0233N0,4,RISE 글로벌AI낸드메모리반도체,11035,5,-270,-2.39,11107.0,,16411,182,166,2026-09-28 01:08:47
494420,2,PLUS 미국배당증가성장주데일리커버드콜,8650,3,0,0.0,8650.0,-12.231,4026,34,164,2026-09-28 01:08:47
250730,4,RISE 차이나HSCEI(H),9655,3,0,0.0,9699.0,5.8662,1016,9,164,2026-09-28 01:08:47
419650,4,PLUS 글로벌수소&차세대연료전지,4940,5,-110,-2.18,4830.0,-18.3509,5409,27,163,2026-09-28 01:08:47
451600,6,PLUS 국고채30년액티브,82550,5,-2140,-2.53,82525.0,-2.6552,526,43,160,2026-09-28 01:08:47
131890,2,ACE 삼성그룹동일가중,40005,2,215,0.54,40002.0,-5.1942,19,0,160,2026-09-28 01:08:47
219390,4,RISE 미국S&P원유생산기업(합성 H),7910,2,40,0.51,8003.0,16.5925,8827,69,158,2026-09-28 01:08:47
265690,4,ACE 러시아MSCI(합성),8535,3,0,0.0,48.0,0.0,0,0,158,2026-09-28 01:08:47
332620,6,PLUS 미국장기우량회사채,83840,5,-2925,-3.37,85068.0,-14.9019,2030,170,157,2026-09-28 01:08:47
432840,4,HANARO 미국S&P500,19540,2,10,0.05,19585.0,-7.3693,3274,63,156,2026-09-28 01:08:47
484890,6,SOL 머니마켓액티브,52647,2,2,0.0,52645.0,0.7463,236,12,155,2026-09-28 01:08:47
413930,2,WON AI ESG액티브,28130,5,-255,-0.9,28163.0,-17.4735,55,1,155,2026-09-28 01:08:47
0207Z0,4,KIWOOM 미국우주데이터센터인프라,7165,5,-160,-2.18,7182.0,-17.4183,1728,12,154,2026-09-28 01:08:47
0193L0,2,PLUS 삼성전자선물단일종목인버스2X,8000,2,475,6.31,8003.0,-48.459,1017403,7783,154,2026-09-28 01:08:47
488290,4,MIDAS 일본테크액티브,43800,2,1250,2.94,44182.0,-28.721,37069,1636,153,2026-09-28 01:08:47
491510,2,파워 K-주주가치액티브,17930,2,190,1.07,18002.0,4.369,10,0,152,2026-09-28 01:08:47
337150,2,KODEX 200exTOP,25255,2,260,1.04,25271.0,-10.5674,193,4,152,2026-09-28 01:08:47
0222F0,2,마이티 AI데이터센터밸류체인,13175,2,70,0.53,13132.0,,265,3,152,2026-09-28 01:08:47
0193K0,2,PLUS 삼성전자단일종목레버리지,13100,5,-910,-6.5,13150.0,-34.179,7927,107,151,2026-09-28 01:08:47
387280,2,TIGER 퓨처모빌리티액티브,11795,2,215,1.86,11804.0,-11.8051,1160,13,150,2026-09-28 01:08:47
114460,6,ACE 국고채3년,99785,5,-245,-0.24,99792.0,0.3335,50,4,150,2026-09-28 01:08:47
236350,4,TIGER 인도니프티50레버리지(합성),23950,5,-645,-2.62,24064.0,-29.7286,236,5,148,2026-09-28 01:08:47
244620,2,KODEX 모멘텀Plus,21080,2,140,0.67,21064.0,-12.3116,421,8,148,2026-09-28 01:08:47
453010,7,PLUS KOFR금리,110087,2,27,0.02,110095.0,0.6953,4306,474,148,2026-09-28 01:08:47
0051A0,4,KoAct 브로드컴밸류체인액티브,24575,5,-125,-0.51,24593.0,-15.7572,299,7,147,2026-09-28 01:08:47
104520,2,KIWOOM 블루칩,14735,2,320,2.22,14732.0,-3.369,16,0,147,2026-09-28 01:08:47
0084E0,7,KIWOOM 미국대형주500월간목표헤지액티브,10050,2,10,0.1,10016.0,-11.1295,3,0,146,2026-09-28 01:08:47
404650,2,SOL KRX기후변화솔루션,24050,2,490,2.08,24086.0,-11.2496,227,5,144,2026-09-28 01:08:47
234310,2,RISE V&S셀렉트밸류,28655,5,-65,-0.23,28658.0,-3.705,3,0,143,2026-09-28 01:08:47
438900,2,HANARO Fn K-푸드,10915,2,175,1.63,10913.0,6.7512,3590,38,142,2026-09-28 01:08:47
453630,4,KODEX 미국S&P500필수소비재,11800,5,-115,-0.97,11846.0,-9.5629,1474,17,142,2026-09-28 01:08:47
0088N0,2,WON K-글로벌수급상위,11180,2,90,0.81,11188.0,-7.0411,842,9,140,2026-09-28 01:08:47
373490,2,KODEX 코리아혁신성장액티브,25355,2,480,1.93,25350.0,-16.4849,207,5,139,2026-09-28 01:08:47
496130,1,TRUSTON 코리아밸류업액티브,25720,5,-160,-0.62,25652.0,-13.9056,3,0,139,2026-09-28 01:08:47
0090B0,2,PLUS K방산소부장,7055,2,170,2.47,7064.0,-15.3137,27809,195,138,2026-09-28 01:08:47
0153P0,2,ACE 리츠부동산인프라액티브,9485,5,-45,-0.47,9480.0,4.5721,198,1,138,2026-09-28 01:08:47
485810,4,TIME 글로벌바이오액티브,11940,2,255,2.18,11965.0,8.8495,5706,68,137,2026-09-28 01:08:47
487750,2,BNK 온디바이스AI,34100,5,-385,-1.12,34128.0,-12.33,133,4,136,2026-09-28 01:08:47
102960,2,KODEX 기계장비,13505,2,230,1.73,13508.0,-15.2299,1714,23,135,2026-09-28 01:08:47
417450,4,RISE 글로벌수소경제,15800,5,-25,-0.16,15782.0,-21.6013,145,2,134,2026-09-28 01:08:47
472720,1,TRUSTON 주주가치액티브,25820,5,-180,-0.69,25825.0,-10.0502,303,7,134,2026-09-28 01:08:47
0127V0,4,KIWOOM 미국S&P500 TOP10&배당다우비중전환,10735,5,-55,-0.51,10739.0,-2.344,1307,13,134,2026-09-28 01:08:47
137610,5,TIGER 농산물선물Enhanced(H),5815,5,-75,-1.27,5840.0,17.2139,3630,21,134,2026-09-28 01:08:47
453820,4,KODEX 인도Nifty50레버리지(합성),10190,5,-280,-2.67,10189.0,-26.3455,215,2,132,2026-09-28 01:08:47
0013P0,4,RISE 미국은행TOP10,11890,5,-95,-0.79,11895.0,-13.7025,8252,97,131,2026-09-28 01:08:47
0127T0,4,KIWOOM 미국S&P500&배당다우존스비중전환,10880,2,5,0.05,10875.0,-7.3953,611,6,131,2026-09-28 01:08:47
279540,2,KODEX 최소변동성,21640,2,275,1.29,21656.0,-7.7812,46,0,130,2026-09-28 01:08:47
0004G0,4,1Q 미국배당TOP30,8610,5,-70,-0.81,8559.0,-7.4256,4570,39,129,2026-09-28 01:08:47
363510,6,SOL KIS단기통안채,112290,3,0,0.0,112297.0,0.5687,19,2,128,2026-09-28 01:08:47
300610,2,TIGER K게임,5435,2,75,1.4,5442.0,-0.4643,6025,32,128,2026-09-28 01:08:47
410870,2,TIME K컬처액티브,9100,2,160,1.79,9116.0,-11.7909,1299,11,127,2026-09-28 01:08:47
0208N0,1,IBK 코스피액티브,7720,5,-140,-1.78,7739.0,-17.6533,94,0,127,2026-09-28 01:08:47
0028X0,4,KODEX 미국금융테크액티브,11065,5,-150,-1.34,11149.0,-1.3741,371,4,127,2026-09-28 01:08:47
360150,2,KODEX 코스닥150롱코스피200숏선물,3100,2,115,3.85,3106.0,-1.4852,27156,82,127,2026-09-28 01:08:47
0104G0,2,PLUS K방산레버리지,5500,2,175,3.29,5543.0,-42.6186,43820,232,127,2026-09-28 01:08:47
140710,2,KODEX 운송,6655,2,60,0.91,6669.0,12.8112,1786,11,126,2026-09-28 01:08:47
290080,3,RISE 200고배당커버드콜ATM,7415,2,100,1.37,7384.0,31.8535,3885,28,126,2026-09-28 01:08:47
409810,4,KODEX 미국나스닥100선물인버스(H),5355,2,40,0.75,5340.0,-3.4515,45551,243,126,2026-09-28 01:08:47
166400,3,TIGER 200커버드콜OTM,25120,5,-180,-0.71,25087.0,9.8988,312,7,126,2026-09-28 01:08:47
0015F0,7,KIWOOM 팔란티어미국30년국채혼합액티브(H),10465,5,-110,-1.04,10468.0,8.0574,366,3,126,2026-09-28 01:08:47
489860,4,KIWOOM 글로벌전력GRID인프라,14755,5,-145,-0.97,14705.0,-18.3962,1305,19,125,2026-09-28 01:08:47
0220A0,7,KIWOOM 현대차그룹TOP3채권혼합50,8840,2,80,0.91,8839.0,,258,2,124,2026-09-28 01:08:47
453060,6,HANARO KOFR금리액티브(합성),111655,3,0,0.0,111616.0,0.7443,0,0,123,2026-09-28 01:08:47
0194R0,2,KIWOOM SK하이닉스선물단일종목레버리지,9065,5,-755,-7.69,9141.0,-63.2592,3025,27,122,2026-09-28 01:08:47
435550,7,KIWOOM TDF2050액티브 적격,17385,5,-200,-1.14,17447.0,-9.8036,543,9,122,2026-09-28 01:08:47
404540,2,TIGER KRX기후변화솔루션,24295,2,565,2.38,24296.0,-11.2766,12424,297,121,2026-09-28 01:08:47
140580,2,RISE 우량업종대표주,24255,2,350,1.46,24250.0,-9.8775,19,0,121,2026-09-28 01:08:47
251590,2,PLUS 고배당저변동50,17310,2,150,0.87,17338.0,6.1176,355,6,121,2026-09-28 01:08:47
396510,4,TIGER 차이나클린에너지SOLACTIVE,6705,5,-95,-1.4,6740.0,-24.9863,512,3,121,2026-09-28 01:08:47
400570,4,KODEX 유럽탄소배출권선물ICE(H),11895,5,-15,-0.13,11898.0,5.3982,643,7,120,2026-09-28 01:08:47
395760,2,PLUS ESG성장주액티브,21770,5,-140,-0.64,21784.0,-12.2372,14,0,120,2026-09-28 01:08:47
457700,6,KODEX 53-09 국고채액티브,9020,5,-155,-1.69,8965.0,-3.064,260,2,119,2026-09-28 01:08:47
332610,6,PLUS 미국단기회사채(AAA~A),123135,5,-115,-0.09,123120.0,-11.4861,45,5,118,2026-09-28 01:08:47
282000,3,RISE 국고채3년선물인버스,115630,2,420,0.36,115625.0,0.7344,1,0,118,2026-09-28 01:08:47
0203D0,7,PLUS 200위클리커버드콜채권혼합,9070,5,-65,-0.71,9056.0,-7.8832,6126,55,118,2026-09-28 01:08:47
266410,2,KODEX 필수소비재,9605,2,55,0.58,9620.0,12.1862,1771,16,115,2026-09-28 01:08:47
428560,4,KODEX 미국ETF산업Top10 Indxx,15225,2,125,0.83,15231.0,-4.7127,1282,19,114,2026-09-28 01:08:47
453660,4,KODEX 미국S&P500경기소비재,16215,5,-190,-1.16,16256.0,-12.5884,409,6,114,2026-09-28 01:08:47
435040,4,ACE 글로벌브랜드TOP10,18910,2,15,0.08,18905.0,-6.5484,366,6,113,2026-09-28 01:08:47
0000H0,2,KODEX 인도Nifty미드캡100,9850,5,-210,-2.09,9842.0,-13.6402,471,4,113,2026-09-28 01:08:47
269370,4,TIGER S&P글로벌인프라(합성),16040,5,-200,-1.23,15980.0,-16.2922,227,3,112,2026-09-28 01:08:47
269530,4,PLUS S&P글로벌인프라,18620,5,-225,-1.19,18642.0,-16.6444,1065,19,112,2026-09-28 01:08:47
430500,7,KIWOOM 물가채KIS,111600,5,-1385,-1.23,111687.0,-0.5546,43,4,112,2026-09-28 01:08:47
252650,1,KODEX 200동일가중,18580,2,275,1.5,18636.0,0.3373,483,8,111,2026-09-28 01:08:47
407820,2,에셋플러스 코리아플랫폼액티브,6165,2,10,0.16,6177.0,-13.7352,23,0,111,2026-09-28 01:08:47
354240,7,RISE 미국고정배당우선증권,10080,5,-200,-1.95,10060.0,-12.6964,904,9,111,2026-09-28 01:08:47
446700,2,RISE 배터리 리사이클링,10560,2,360,3.53,10579.0,1.442,465,4,110,2026-09-28 01:08:47
448490,6,HANARO 32-10 국고채액티브,52185,5,-555,-1.05,52288.0,-0.4906,602,31,110,2026-09-28 01:08:47
0093B0,4,RISE 엔비디아고정테크100,12815,5,-60,-0.47,12826.0,-3.9864,244,3,109,2026-09-28 01:08:47
0002C0,4,에셋플러스 인도일등기업포커스20액티브,10070,5,-40,-0.4,10067.0,-4.9813,72,0,109,2026-09-28 01:08:47
0191S0,1,IBK 코스닥150,14530,2,270,1.89,14562.0,-10.8193,103,1,108,2026-09-28 01:08:47
0227L0,4,HANARO 미국에이전틱AI TOP2+,10590,2,15,0.14,10651.0,,36226,384,106,2026-09-28 01:08:47
280920,2,PLUS 주도업종,23520,2,175,0.75,23417.0,-15.432,3,0,106,2026-09-28 01:08:47
419420,4,KODEX 미국클린에너지나스닥,8805,5,-110,-1.23,8805.0,-30.476,3124,27,106,2026-09-28 01:08:47
0216Z0,2,ACE K방산TOP5+,8800,2,115,1.32,8812.0,,15608,136,106,2026-09-28 01:08:47
0224D0,4,KIWOOM 미국CPU반도체TOP4+,11085,5,-150,-1.34,11163.0,,25575,286,105,2026-09-28 01:08:47
451150,4,에셋플러스 글로벌영에이지액티브,16985,5,-40,-0.23,17025.0,-10.2294,2,0,105,2026-09-28 01:08:47
272570,6,RISE 중장기국공채액티브,107300,5,-415,-0.39,107225.0,0.2839,1,0,105,2026-09-28 01:08:47
0068M0,4,KODEX 미국S&P500버퍼6월액티브,11675,5,-35,-0.3,11700.0,-6.4323,20,0,105,2026-09-28 01:08:47
0219B0,2,KoAct 광통신&위성네트워크액티브,12355,2,120,0.98,12350.0,,76087,942,105,2026-09-28 01:08:47
140570,2,RISE 수출주,26235,2,495,1.92,26236.0,-5.5933,5307,139,105,2026-09-28 01:08:47
464610,2,SOL 의료기기소부장Fn,6750,2,115,1.73,6762.0,-15.8529,9076,60,105,2026-09-28 01:08:47
0189Z0,2,DAISHIN 금융&지주고배당,10410,2,180,1.76,10458.0,6.9418,2502,25,104,2026-09-28 01:08:47
385710,2,TIME K이노베이션액티브,10380,2,390,3.9,10381.0,-21.2766,374,3,104,2026-09-28 01:08:47
310080,4,RISE 중국MSCI China(H),9015,5,-165,-1.8,9006.0,4.3181,214,1,104,2026-09-28 01:08:47
0113G0,4,KoAct 미국바이오헬스케어액티브,11465,3,0,0.0,11499.0,5.28,1753,20,103,2026-09-28 01:08:47
438740,2,MIDAS 중소형액티브,34220,2,460,1.36,34308.0,-10.0334,10,0,103,2026-09-28 01:08:47
291130,4,ACE MSCI멕시코(합성),17020,5,-180,-1.05,17124.0,-14.4279,61,1,102,2026-09-28 01:08:47
237440,7,TIGER 경기방어채권혼합,10155,2,50,0.49,10150.0,1.354,681,6,102,2026-09-28 01:08:47
371870,4,ACE 차이나항셍테크,6280,5,-95,-1.49,6263.0,-11.1499,379,2,100,2026-09-28 01:08:47
463640,4,KODEX 미국S&P500유틸리티,12550,5,-360,-2.79,12495.0,-17.0937,640,8,100,2026-09-28 01:08:47
460270,6,KIWOOM 미국달러SOFR금리액티브(합성),12395,2,35,0.28,12393.0,-10.5968,77,0,100,2026-09-28 01:08:47
482030,2,KoAct 반도체&2차전지핵심소재액티브,9500,2,245,2.65,9502.0,-9.2203,2242,21,100,2026-09-28 01:08:47
0001P0,2,마이티 바이오시밀러&CDMO액티브,8715,2,130,1.51,8711.0,-6.9377,67,0,98,2026-09-28 01:08:47
281990,2,RISE 중소형고배당,17720,2,240,1.37,17763.0,5.1517,67,1,97,2026-09-28 01:08:47
463690,4,KODEX 미국S&P500커뮤니케이션,17715,5,-155,-0.87,17778.0,-4.2553,1490,26,97,2026-09-28 01:08:47
0120J0,2,BNK 카카오그룹포커스,7750,2,120,1.57,7751.0,1.8012,6877,52,97,2026-09-28 01:08:47
0094L0,4,RISE 차이나테크TOP10위클리타겟커버드콜,6905,5,-135,-1.92,6852.0,-13.1873,648,4,97,2026-09-28 01:08:47
230480,7,KIWOOM 미국달러선물인버스2X,4790,3,0,0.0,4789.0,27.5632,179,0,96,2026-09-28 01:08:47
181480,7,ACE 미국부동산리츠(합성 H),80160,5,-2030,-2.47,80141.0,-1.5507,20,1,96,2026-09-28 01:08:47
139240,2,TIGER 200 철강소재,10920,2,90,0.83,10924.0,6.9101,17739,190,96,2026-09-28 01:08:47
0242S0,2,파워 SK그룹,10655,5,-95,-0.88,10639.0,,5371,57,96,2026-09-28 01:08:47
487910,4,ACE 인도컨슈머파워액티브,7970,5,-35,-0.44,7967.0,-12.8945,381,3,96,2026-09-28 01:08:47
461580,1,TIGER 코스닥글로벌,15905,2,385,2.48,15865.0,-10.1072,5942,92,95,2026-09-28 01:08:47
429010,4,TIGER 미국나스닥넥스트100,19015,5,-140,-0.73,19044.0,-7.5085,117,2,95,2026-09-28 01:08:47
301400,1,PLUS 코스닥150,14545,2,295,2.07,14585.0,-11.5731,3531,50,95,2026-09-28 01:08:47
117690,4,TIGER 차이나항셍30,18740,5,-170,-0.9,18740.0,-4.5673,101,1,94,2026-09-28 01:08:47
498050,2,HANARO 바이오코리아액티브,9820,2,155,1.6,9840.0,-17.3932,442,4,93,2026-09-28 01:08:47
0194N0,2,KIWOOM 삼성전자선물단일종목레버리지,11990,5,-860,-6.69,11994.0,-33.8869,713,8,93,2026-09-28 01:08:47
0227K0,4,RISE 미국우주위성통신,9270,5,-145,-1.54,9303.0,,7251,67,93,2026-09-28 01:08:47
341850,7,TIGER 리츠부동산인프라채권,4575,5,-20,-0.44,4577.0,4.8699,2865,13,92,2026-09-28 01:08:47
354350,4,HANARO 글로벌럭셔리S&P(합성),17585,5,-210,-1.18,17700.0,-19.0217,363,6,91,2026-09-28 01:08:47
0174R0,4,KIWOOM 미국성장다우존스,11360,5,-45,-0.39,11407.0,-2.6849,510,5,91,2026-09-28 01:08:47
399580,4,RISE 글로벌클린에너지,9085,5,-215,-2.31,9091.0,-25.9924,635,5,91,2026-09-28 01:08:47
466810,2,BNK 2차전지양극재,6055,2,245,4.22,6053.0,-0.7686,18465,110,91,2026-09-28 01:08:47
0084D0,7,KIWOOM 미국테크100월간목표헤지액티브,11350,3,0,0.0,11325.0,-10.9303,11,0,91,2026-09-28 01:08:47
456250,4,KODEX 유럽명품TOP10 STOXX,7855,5,-75,-0.95,7829.0,-18.6888,1357,10,90,2026-09-28 01:08:47
266390,2,KODEX 경기소비재,15045,2,170,1.14,15029.0,-4.5018,84,1,90,2026-09-28 01:08:47
494180,4,TIME 글로벌소비트렌드액티브,12785,5,-70,-0.54,12796.0,-4.8835,374,4,89,2026-09-28 01:08:47
497510,4,ACE 글로벌빅파마,12770,2,80,0.63,12767.0,-3.6259,18,0,89,2026-09-28 01:08:47
0216K0,7,KIWOOM 미국우주테크TOP2채권혼합50,8900,5,-25,-0.28,8937.0,,8713,77,89,2026-09-28 01:08:47
395150,2,KODEX 웹툰&드라마,1854,2,31,1.7,1854.0,4.1119,1921,3,89,2026-09-28 01:08:47
217780,4,TIGER 차이나CSI300인버스(합성),5730,2,100,1.78,5768.0,20.6859,713,4,89,2026-09-28 01:08:47
381570,2,HANARO Fn친환경에너지,10430,2,490,4.93,10462.0,-4.8804,1566,16,89,2026-09-28 01:08:47
0221Z0,2,ACE K바이오코스닥액티브,9305,2,325,3.62,9365.0,,15419,143,88,2026-09-28 01:08:47
252000,1,TIGER 200동일가중,19485,2,325,1.7,19506.0,0.4599,9,0,88,2026-09-28 01:08:47
270800,2,RISE KQ고배당,15935,2,265,1.69,15961.0,1.2911,48,0,88,2026-09-28 01:08:47
215620,2,HK S&P코리아로우볼,16065,3,0,0.0,16137.0,7.3504,0,0,87,2026-09-28 01:08:47
105010,4,TIGER 라틴35,6195,5,-125,-1.98,6180.0,-9.1575,595,3,87,2026-09-28 01:08:47
0184N0,7,PLUS 은채권혼합,8600,5,-185,-2.11,8676.0,-2.4431,3127,27,86,2026-09-28 01:08:47
0133E0,4,TIGER 차이나증권,8170,5,-205,-2.45,8191.0,-16.8735,101,0,86,2026-09-28 01:08:47
0067Y0,4,TIGER 차이나AI소프트웨어,9500,5,-130,-1.35,9463.0,-28.4813,895,8,86,2026-09-28 01:08:47
375270,7,RISE 글로벌데이터센터리츠(합성),13115,5,-660,-4.79,13061.0,-17.4903,278,3,85,2026-09-28 01:08:47
429980,7,SOL 한국형글로벌전기차&2차전지액티브,17000,2,60,0.35,17115.0,-19.1409,153,2,85,2026-09-28 01:08:47
0008E0,4,ACE 미국중심중소형제조업,11300,5,-110,-0.96,11344.0,-28.4864,49,0,85,2026-09-28 01:08:47
435540,7,KIWOOM TDF2040액티브 적격,16915,5,-95,-0.56,16914.0,-10.578,137,2,85,2026-09-28 01:08:47
457930,2,BNK 미래전략기술액티브,28065,2,115,0.41,28050.0,-9.5909,38,1,84,2026-09-28 01:08:47
497520,4,ACE 일라이릴리밸류체인,12945,2,60,0.47,13001.0,2.5059,353,4,84,2026-09-28 01:08:47
449680,7,TIGER 한중전기차(합성),9875,2,70,0.71,9886.0,-21.7791,22,0,84,2026-09-28 01:08:47
0219Z0,4,HANARO 미국S&P500액티브,10475,5,-45,-0.43,10483.0,,184,1,84,2026-09-28 01:08:47
395750,2,PLUS ESG가치주액티브,20870,5,-90,-0.43,20834.0,-14.2916,1,0,83,2026-09-28 01:08:47
174350,2,TIGER 로우볼,20750,2,55,0.27,20831.0,8.8794,363,7,83,2026-09-28 01:08:47
0226D0,7,FOCUS 금융반도체지주채권혼합50액티브,10310,5,-70,-0.67,10305.0,,1599,16,82,2026-09-28 01:08:47
462340,4,에셋플러스 글로벌다이나믹시니어액티브,16450,2,45,0.27,16495.0,-1.8547,78,1,82,2026-09-28 01:08:47
182490,6,TIGER 단기선진하이일드(합성 H),13635,5,-200,-1.45,13659.0,0.3991,39,0,82,2026-09-28 01:08:47
371150,4,RISE 차이나항셍테크,6265,5,-50,-0.79,6240.0,-12.797,430,2,81,2026-09-28 01:08:47
0214M0,2,MIDAS 바이오헬스케어액티브,9515,2,185,1.98,9584.0,,243,2,81,2026-09-28 01:08:47
0226G0,2,WON 피지컬AI TOP2플러스액티브,12410,2,10,0.08,12421.0,,628,7,81,2026-09-28 01:08:47
0215T0,4,HANARO 미국AI광통신TOP10,8920,5,-220,-2.41,9051.0,,5881,53,80,2026-09-28 01:08:47
395280,2,HANARO Fn K-게임,3415,2,65,1.94,3422.0,-5.0992,831,2,80,2026-09-28 01:08:47
227550,2,TIGER 200 산업재,12320,2,175,1.44,12350.0,-2.9953,9485,116,79,2026-09-28 01:08:47
480460,7,WON 한국부동산TOP3플러스,9225,5,-15,-0.16,9223.0,3.2653,69,0,78,2026-09-28 01:08:47
189400,4,PLUS 글로벌MSCI(합성 H),25930,5,-140,-0.54,25866.0,1.9155,12,0,78,2026-09-28 01:08:47
261110,7,TIGER 미국달러선물레버리지,15485,2,10,0.06,15466.0,-21.6655,417,6,77,2026-09-28 01:08:47
304670,6,KODEX 미국30년국채울트라선물인버스(H),12880,2,470,3.79,12891.0,4.5492,56,0,77,2026-09-28 01:08:47
0176P0,2,FOCUS AI반도체위클리고정커버드콜,13920,5,-160,-1.14,13933.0,-10.4143,21308,299,77,2026-09-28 01:08:47
285690,2,FOCUS ESG리더스,21765,2,260,1.21,21803.0,-7.5452,2,0,76,2026-09-28 01:08:47
227570,2,TIGER 우량가치,20985,2,260,1.25,21017.0,6.7198,4621,96,76,2026-09-28 01:08:47
494210,4,SOL 미국500타겟데일리커버드콜액티브,10785,5,-60,-0.55,10792.0,-6.4183,5940,63,75,2026-09-28 01:08:47
435530,7,KIWOOM TDF2030액티브 적격,14970,5,-120,-0.8,14983.0,-9.965,84,1,75,2026-09-28 01:08:47
487920,4,ACE 인도시장대표BIG5그룹액티브,7470,5,-110,-1.45,7468.0,-14.3019,598,4,75,2026-09-28 01:08:47
0172Y0,2,ACE K수출핵심TOP10산업액티브,9335,2,90,0.97,9340.0,-16.4483,933,8,75,2026-09-28 01:08:47
0218K0,2,BNK 스마트카,10630,2,170,1.63,10615.0,,1,0,74,2026-09-28 01:08:47
139660,7,KIWOOM 미국달러선물인버스,8550,2,10,0.12,8546.0,13.1875,55,0,74,2026-09-28 01:08:47
225800,7,KIWOOM 미국달러선물레버리지,14535,2,20,0.14,14548.0,-21.6465,5462,79,74,2026-09-28 01:08:47
402460,2,HANARO Fn K-메타버스MZ,14705,2,395,2.76,14697.0,-9.4975,111,1,74,2026-09-28 01:08:47
253280,2,RISE 헬스케어,12250,2,510,4.34,12175.0,-9.1332,1179,14,74,2026-09-28 01:08:47
0094X0,4,1Q 샤오미밸류체인액티브,8055,5,-105,-1.29,8065.0,-8.4619,345,2,72,2026-09-28 01:08:47
437370,4,RISE 글로벌농업경제,10350,5,-50,-0.48,10303.0,-2.5086,438,4,72,2026-09-28 01:08:47
0005C0,6,RISE 미국S&P500엔화노출(합성 H),11140,5,-60,-0.54,11176.0,-5.3255,1411,15,72,2026-09-28 01:08:47
0138D0,2,RISE 동학개미,13155,5,-100,-0.75,13172.0,-13.9566,616,8,72,2026-09-28 01:08:47
315270,2,TIGER 200커뮤니케이션서비스,18947,2,452,2.44,18994.0,-4.8494,126,2,72,2026-09-28 01:08:47
225050,4,TIGER 유로스탁스레버리지(합성 H),15945,5,-110,-0.69,15937.0,0.3437,188,3,72,2026-09-28 01:08:47
488480,4,RISE 일본섹터TOP4Plus,13025,2,175,1.36,13000.0,-10.1039,2217,28,72,2026-09-28 01:08:47
256450,4,PLUS 심천차이넥스트(합성),14170,5,-365,-2.51,14219.0,-28.6976,18,0,71,2026-09-28 01:08:47
244670,2,KODEX 밸류Plus,11650,2,145,1.26,11693.0,6.3782,7018,81,70,2026-09-28 01:08:47
400590,4,SOL 글로벌탄소배출권선물ICE(합성),13935,2,185,1.35,13893.0,-9.5693,103,1,70,2026-09-28 01:08:47
0082F0,4,HANARO 유럽방산,9880,5,-60,-0.6,9834.0,-8.4293,13,0,69,2026-09-28 01:08:47
176950,6,KODEX 국채선물10년인버스,61360,2,665,1.1,61403.0,1.7263,347,21,66,2026-09-28 01:08:47
450180,7,KODEX 한중전기차(합성),10150,2,45,0.45,10167.0,-21.4536,9,0,66,2026-09-28 01:08:47
289670,6,PLUS 국채선물10년,51430,5,-590,-1.13,51484.0,-0.2971,141,7,66,2026-09-28 01:08:47
326230,2,RISE 내수주플러스,10955,2,150,1.39,10975.0,-2.482,3,0,66,2026-09-28 01:08:47
139290,2,TIGER 200 경기소비재,23435,2,355,1.54,23441.0,-17.2464,2,0,66,2026-09-28 01:08:47
0191B0,1,MIDAS 코스닥액티브,32665,2,75,0.23,32688.0,-3.1645,418,13,65,2026-09-28 01:08:47
138920,5,KODEX 콩선물(H),13035,2,10,0.08,13068.0,15.7263,18,0,65,2026-09-28 01:08:47
0036Z0,4,RISE 미국천연가스밸류체인,11845,5,-100,-0.84,11827.0,-9.8312,390,4,65,2026-09-28 01:08:47
456200,6,PLUS 미국달러SOFR금리액티브(합성),59040,2,75,0.13,59013.0,-11.0164,6,0,65,2026-09-28 01:08:47
0047N0,4,PLUS 차이나AI테크TOP10,9115,5,-190,-2.04,9118.0,-11.5495,175,1,64,2026-09-28 01:08:47
250780,3,TIGER 코스닥150선물인버스,2360,5,-40,-1.67,2357.0,1.6949,29041,68,63,2026-09-28 01:08:47
307510,2,TIGER 의료기기,12405,2,420,3.5,12426.0,-9.0339,5851,71,62,2026-09-28 01:08:47
429740,7,PLUS K리츠,6165,5,-25,-0.4,6167.0,4.4604,2263,14,62,2026-09-28 01:08:47
469530,3,RISE 미국달러선물인버스,9580,2,20,0.21,9571.0,13.4718,51,0,61,2026-09-28 01:08:47
368680,2,KODEX K-뉴딜디지털플러스,7650,2,135,1.8,7728.0,-0.1276,9,0,61,2026-09-28 01:08:47
400580,4,SOL 유럽탄소배출권선물S&P(H),12215,2,15,0.12,12244.0,5.4451,198,2,61,2026-09-28 01:08:47
483020,2,KIWOOM 의료AI,9355,2,405,4.53,9376.0,-1.4318,13988,129,61,2026-09-28 01:08:47
316300,7,ACE 싱가포르리츠,12085,5,-265,-2.15,12087.0,-13.7437,202,2,60,2026-09-28 01:08:47
0166T0,4,PLUS 글로벌저작권핵심기업액티브,9090,5,-125,-1.36,9148.0,-5.7771,30,0,59,2026-09-28 01:08:47
433250,1,UNICORN R&D 액티브,23570,5,-30,-0.13,23425.0,-14.7553,4,0,59,2026-09-28 01:08:47
314700,2,HANARO 농업융복합산업,10710,2,190,1.81,10759.0,-2.7143,35,0,59,2026-09-28 01:08:47
451670,6,RISE 국채30년레버리지(합성),11750,5,-430,-3.53,11550.0,-7.9018,220,2,59,2026-09-28 01:08:47
0053M0,2,더제이 중소형포커스액티브,13005,2,70,0.54,13003.0,-5.584,36,0,59,2026-09-28 01:08:47
267450,6,RISE 미국장기국채선물인버스(H),11615,2,365,3.24,11570.0,4.944,45,0,58,2026-09-28 01:08:47
0229F0,2,마이티 신약포커스바이오액티브,8200,2,195,2.44,8261.0,,642,5,57,2026-09-28 01:08:47
0114X0,4,RISE 글로벌게임테크TOP3Plus,8825,5,-35,-0.4,8913.0,5.791,152,1,57,2026-09-28 01:08:47
407300,2,HANARO Fn골프테마,10300,3,0,0.0,10329.0,-20.0112,0,0,57,2026-09-28 01:08:47
401590,4,HANARO 글로벌탄소배출권선물ICE(합성),11085,2,65,0.59,11063.0,-10.2606,214,2,57,2026-09-28 01:08:47
470310,2,UNICORN 생성형AI강소기업액티브,18645,2,615,3.41,18648.0,5.0393,289,5,56,2026-09-28 01:08:47
0184V0,2,UNICORN K바이오액티브,5305,2,105,2.02,5327.0,-26.6573,8692,46,56,2026-09-28 01:08:47
0087F0,4,ACE 차이나AI빅테크TOP2+액티브,11135,5,-255,-2.24,11228.0,-16.7398,196,2,56,2026-09-28 01:08:47
291890,4,KODEX MSCI EM선물(H),12355,5,-270,-2.14,12439.0,-0.1977,89,1,56,2026-09-28 01:08:47
432600,6,RISE 국채선물3년,55105,5,-105,-0.19,55081.0,0.3909,1,0,55,2026-09-28 01:08:47
220130,4,SOL 차이나강소기업CSI500(합성 H),6750,5,-130,-1.89,6759.0,-7.9599,11,0,54,2026-09-28 01:08:47
238670,7,PLUS 스마트베타Quality채권혼합,13485,5,-45,-0.33,13448.0,3.2036,7446,99,54,2026-09-28 01:08:47
499150,4,SOL 미국S&P500엔화노출(H),10765,5,-35,-0.32,10786.0,-5.5846,374,4,54,2026-09-28 01:08:47
291630,3,KIWOOM 코스닥150선물레버리지,3670,2,135,3.82,3672.0,-30.6183,44545,161,53,2026-09-28 01:08:47
390400,4,KODEX 미국스마트모빌리티S&P,6630,5,-135,-2.0,6706.0,-21.0479,1195,7,53,2026-09-28 01:08:47
219900,4,ACE 중국본토CSI300레버리지(합성),3785,5,-140,-3.57,3800.0,-34.5834,295,1,53,2026-09-28 01:08:47
0174J0,7,DAISHIN 오피스리츠플러스,8770,5,-45,-0.51,8774.0,2.9701,8416,74,53,2026-09-28 01:08:47
0102X0,4,ACE 유럽방산TOP10,8725,5,-100,-1.13,8726.0,-10.1661,646,5,52,2026-09-28 01:08:47
483030,4,KIWOOM 미국블록버스터바이오테크의약품+,11625,2,80,0.69,11611.0,-2.4234,425,4,52,2026-09-28 01:08:47
0015E0,7,KIWOOM 엔비디아미국30년국채혼합액티브(H),10325,5,-210,-1.99,10346.0,-0.9835,478,4,52,2026-09-28 01:08:47
476310,4,RISE 글로벌비만산업TOP2+,9270,2,65,0.71,9331.0,-12.1992,147,1,51,2026-09-28 01:08:47
295000,6,RISE 국채선물10년,50730,5,-565,-1.1,50710.0,-0.62,2,0,51,2026-09-28 01:08:47
413220,4,SOL 차이나태양광CSI(합성),4210,5,-120,-2.77,4284.0,-28.5479,5661,23,51,2026-09-28 01:08:47
0132D0,7,KoAct 글로벌K컬처밸류체인액티브,9185,2,155,1.72,9205.0,1.1198,133,1,51,2026-09-28 01:08:47
411860,4,KIWOOM 독일DAX,16195,5,-90,-0.55,16071.0,-9.0124,192,3,49,2026-09-28 01:08:47
0154H0,4,KoAct 차이나바이오헬스케어액티브,8820,5,-220,-2.43,8858.0,18.0156,5249,46,49,2026-09-28 01:08:47
0015K0,4,TIGER 미국소비트렌드액티브,6875,5,-5,-0.07,6871.0,-7.5269,21,0,48,2026-09-28 01:08:47
227560,2,TIGER 200 생활소비재,12560,2,115,0.92,12562.0,4.3977,23,0,48,2026-09-28 01:08:47
0073X0,5,FOCUS 알리바바미국채커버드콜혼합,8570,5,-235,-2.67,8543.0,-11.8292,315,2,47,2026-09-28 01:08:47
490330,4,KoAct 미국치매&뇌질환치료제액티브,13325,5,-415,-3.02,13282.0,-11.2404,5854,78,47,2026-09-28 01:08:47
267440,6,RISE 미국장기국채선물(H),7760,5,-240,-3.0,7761.0,-2.2005,361,2,47,2026-09-28 01:08:47
498610,4,RISE 인도디지털성장,7620,5,-170,-2.18,7619.0,-8.6238,356,2,46,2026-09-28 01:08:47
474390,6,SOL 국고채30년액티브,40000,5,-765,-1.88,39727.0,-2.9174,17,0,46,2026-09-28 01:08:47
266550,2,PLUS 중형주저변동50,18220,2,70,0.39,18305.0,0.8613,6,0,46,2026-09-28 01:08:47
252420,3,RISE 200선물인버스2X,75,2,3,4.17,75.0,-7.6924,1374472,101,45,2026-09-28 01:08:47
0128D0,4,PLUS 차이나항셍테크위클리타겟커버드콜,6465,5,-35,-0.54,6406.0,-11.9389,1100,7,45,2026-09-28 01:08:47
0078V0,4,PLUS 미국로보택시,8910,5,-190,-2.09,8904.0,-12.9187,156,1,45,2026-09-28 01:08:47
391600,4,ACE 미국친환경그린테마,9830,5,-300,-2.96,9863.0,-21.198,255,2,44,2026-09-28 01:08:47
205720,4,ACE 일본TOPIX인버스(합성 H),1442,3,0,0.0,1437.0,-3.2215,10,0,43,2026-09-28 01:08:47
277650,2,TIGER 코스피중형주,21210,2,275,1.31,21280.0,-1.3664,10,0,42,2026-09-28 01:08:47
373790,4,KIWOOM 미국방어배당성장나스닥,14760,5,-20,-0.14,14687.0,-10.5315,72,1,41,2026-09-28 01:08:47
0050E0,4,PLUS 미국AI에이전트,8170,5,-10,-0.12,8196.0,4.939,198,1,41,2026-09-28 01:08:47
226380,2,ACE Fn성장소비주도주,5735,2,100,1.77,5757.0,4.0627,140,0,40,2026-09-28 01:08:47
291680,4,RISE 차이나H선물인버스(H),8025,2,185,2.36,8041.0,-7.7648,41,0,40,2026-09-28 01:08:47
243890,2,TIGER 200에너지화학레버리지,8865,2,485,5.79,8908.0,-8.6649,15828,140,40,2026-09-28 01:08:47
334690,5,RISE 팔라듐선물(H),5600,5,-240,-4.11,5605.0,3.8222,3616,20,39,2026-09-28 01:08:47
0131A0,4,SOL 차이나소비트렌드,7050,5,-115,-1.61,7083.0,-15.3074,438,3,39,2026-09-28 01:08:47
225030,4,TIGER 미국S&P500선물인버스(H),2255,2,15,0.67,2246.0,-4.2736,1068,2,37,2026-09-28 01:08:47
244660,2,KODEX 퀄리티Plus,9185,3,0,0.0,9325.0,5.2691,0,0,37,2026-09-28 01:08:47
427120,2,RISE AI플랫폼,5250,2,95,1.84,5256.0,5.0968,652,3,36,2026-09-28 01:08:47
267490,6,RISE 미국장기국채선물레버리지(합성 H),4620,5,-310,-6.29,4616.0,-6.3628,7708,35,32,2026-09-28 01:08:47
306530,3,HANARO 코스닥150선물레버리지,7285,2,250,3.55,7313.0,-30.9956,14034,101,32,2026-09-28 01:08:47
0079X0,4,ACE BYD밸류체인액티브,9150,5,-185,-1.98,9130.0,-17.5354,123,1,32,2026-09-28 01:08:47
321410,7,KODEX 멀티에셋하이인컴(H),10395,5,-165,-1.56,10487.0,0.759,8,0,31,2026-09-28 01:08:47
476000,2,UNICORN 포스트IPO액티브,5210,2,105,2.06,5217.0,-21.9419,165,0,29,2026-09-28 01:08:47
491630,4,RISE 미국반도체인버스(합성 H),4860,3,0,0.0,4847.0,2.9661,938,4,28,2026-09-28 01:08:47
280940,5,KODEX 골드선물인버스(H),3485,2,15,0.43,3557.0,-5.8345,5307,18,28,2026-09-28 01:08:47
145670,3,ACE 인버스,1255,2,24,1.95,1256.0,4.8551,20197,25,28,2026-09-28 01:08:47
252410,3,RISE 200선물인버스,1279,2,25,1.99,1279.0,4.2394,13712,17,27,2026-09-28 01:08:47
253230,3,KIWOOM 200선물인버스2X,71,2,3,4.41,71.0,-5.5556,1153597,80,24,2026-09-28 01:08:47
275750,3,RISE 코스닥150선물인버스,2380,5,-45,-1.86,2381.0,1.4644,1514,3,23,2026-09-28 01:08:47
334700,5,RISE 팔라듐선물인버스(H),3435,2,100,3.0,3477.0,-8.6302,420,1,22,2026-09-28 01:08:47
280320,4,ACE 미국IT인터넷(합성 H),21740,3,0,0.0,21821.0,10.3833,0,0,22,2026-09-28 01:08:47
291620,3,KIWOOM 코스닥150선물인버스,4175,5,-100,-2.34,4177.0,1.7857,12179,51,20,2026-09-28 01:08:47
253240,3,KIWOOM 200선물인버스,1273,2,23,1.84,1277.0,3.9933,391,0,16,2026-09-28 01:08:47
306520,3,HANARO 200선물인버스,2310,2,35,1.54,2318.0,5.324,2878,6,14,2026-09-28 01:08:47
253160,3,PLUS 200선물인버스2X,145,2,5,3.57,144.0,-6.6667,228499,32,13,2026-09-28 01:08:47
261920,4,ACE MSCI필리핀(합성),11635,2,120,1.04,11605.0,-17.2773,67,0,12,2026-09-28 01:08:47
412560,2,TIGER BBIG레버리지,1600,2,83,5.47,1604.0,-14.6315,17987,28,10,2026-09-28 01:08:47
465620,4,ACE 미국빅테크TOP7 Plus인버스(합성),6460,2,70,1.1,6422.0,-1.3128,103,0,6,2026-09-28 01:08:47
