itemcode,etfTabCode,itemname,nowVal,risefall,changeVal,changeRate,nav,threeMonthEarnRate,quant,amonut,marketSum,collected_at
069500,1,KODEX 200,96435,5,-2670,-2.69,96392.0,-0.6011,5753316,569937,228455,2026-08-04 00:58:32
360750,4,TIGER 미국S&P500,26840,2,140,0.52,26812.0,2.3137,5262690,141672,200468,2026-08-04 00:58:32
133690,4,TIGER 미국나스닥100,181265,2,930,0.52,181324.0,1.4633,257364,46829,110572,2026-08-04 00:58:32
379800,4,KODEX 미국S&P500,24405,2,140,0.58,24373.0,2.2008,2736304,66941,99389,2026-08-04 00:58:32
102110,1,TIGER 200,96640,5,-2720,-2.74,96576.0,-0.4655,1172414,116130,91470,2026-08-04 00:58:32
379810,4,KODEX 미국나스닥100,27100,2,135,0.5,27110.0,1.5068,1340788,36476,87818,2026-08-04 00:58:32
396500,2,TIGER 반도체TOP10,31000,5,-760,-2.39,30941.0,-20.8277,4261796,135716,82088,2026-08-04 00:58:32
488770,7,KODEX 머니마켓액티브,105125,2,10,0.01,105130.0,0.8394,138393,14548,81111,2026-08-04 00:58:32
278530,1,KODEX 200TR,34925,5,-1005,-2.8,34909.0,-0.6498,857432,30734,69623,2026-08-04 00:58:32
459580,6,KODEX CD금리액티브(합성),1073870,2,85,0.01,1073953.0,0.7093,157249,168864,66576,2026-08-04 00:58:32
381180,4,TIGER 미국필라델피아반도체나스닥,42175,5,-510,-1.19,42437.0,7.4886,514690,21908,56852,2026-08-04 00:58:32
122630,3,KODEX 레버리지,88005,5,-5665,-6.05,88008.0,-18.8654,6223516,575955,51835,2026-08-04 00:58:32
498400,2,KODEX 200타겟위클리커버드콜,18570,5,-535,-2.8,18512.0,-2.6926,2343644,44484,50826,2026-08-04 00:58:32
0167A0,2,SOL AI반도체TOP2플러스,15165,5,-445,-2.85,15140.0,9.0845,7197072,112947,48551,2026-08-04 00:58:32
091160,2,KODEX 반도체,109015,5,-2890,-2.58,108842.0,-9.6448,542777,61004,47967,2026-08-04 00:58:32
229200,1,KODEX 코스닥150,12885,2,415,3.33,12853.0,-37.1947,13804095,179597,44389,2026-08-04 00:58:32
458730,4,TIGER 미국배당다우존스,15190,2,20,0.13,15127.0,3.3977,544105,8292,41408,2026-08-04 00:58:32
148020,1,RISE 200,97200,5,-2775,-2.78,97158.0,-0.6768,560083,55869,41067,2026-08-04 00:58:32
360200,4,ACE 미국S&P500,27135,2,155,0.57,27104.0,2.308,223052,6075,39943,2026-08-04 00:58:32
310970,1,TIGER MSCI Korea TR,43180,5,-1235,-2.78,43079.0,1.2653,11744,515,39207,2026-08-04 00:58:32
381170,4,TIGER 미국테크TOP10 INDXX,31525,2,370,1.19,31617.0,-4.109,157404,4984,38397,2026-08-04 00:58:32
0162Z0,7,RISE 삼성전자SK하이닉스채권혼합50,12510,5,-245,-1.92,12488.0,12.121,2715280,34556,38130,2026-08-04 00:58:32
411060,5,ACE KRX금현물,25805,2,30,0.12,25870.0,-15.0462,139105,3601,37908,2026-08-04 00:58:32
423160,6,KODEX KOFR금리액티브(합성),110685,2,10,0.01,110668.0,0.6612,23581,2610,35848,2026-08-04 00:58:32
357870,6,TIGER CD금리투자KIS(합성),57850,3,0,0.0,57851.0,0.7137,39278,2272,34904,2026-08-04 00:58:32
273130,6,KODEX 종합채권(AA-이상)액티브,110060,2,175,0.16,110058.0,-2.0764,4873,536,34691,2026-08-04 00:58:32
395160,2,KODEX AI반도체TOP2플러스,34625,5,-1010,-2.83,34555.0,6.9156,2544659,91193,34660,2026-08-04 00:58:32
367380,4,ACE 미국나스닥100,31160,2,175,0.56,31171.0,1.3747,170637,5342,34214,2026-08-04 00:58:32
233740,3,KODEX 코스닥150레버리지,5980,2,380,6.79,5971.0,-66.2956,56759100,345091,33524,2026-08-04 00:58:32
395270,2,HANARO Fn K-반도체,48920,5,-1440,-2.86,48821.0,9.4663,615864,31080,31113,2026-08-04 00:58:32
0043B0,6,TIGER 머니마켓액티브,103230,2,15,0.01,103230.0,0.8303,37149,3834,30566,2026-08-04 00:58:32
455890,6,RISE 머니마켓액티브,55332,2,2,0.0,55334.0,0.7832,23993,1327,29438,2026-08-04 00:58:32
102780,2,KODEX 삼성그룹,22810,5,-450,-1.93,22774.0,2.4669,181142,4218,29402,2026-08-04 00:58:32
0193T0,2,KODEX SK하이닉스단일종목레버리지,8340,5,-930,-10.03,8295.0,,17000425,155556,27937,2026-08-04 00:58:32
487240,2,KODEX AI전력핵심설비,31610,2,535,1.72,31615.0,-41.1572,1102740,35529,27090,2026-08-04 00:58:32
481050,6,KODEX CD1년금리플러스액티브(합성),1021870,2,75,0.01,1021871.0,0.7414,30718,31389,26697,2026-08-04 00:58:32
449170,6,TIGER KOFR금리액티브(합성),111502,2,7,0.01,111487.0,0.6408,16730,1865,24411,2026-08-04 00:58:32
426030,4,TIME 미국나스닥100액티브,45460,2,510,1.13,45616.0,-3.3334,297546,13619,23857,2026-08-04 00:58:32
139260,2,TIGER 200 IT,118390,5,-2790,-2.3,118148.0,5.904,207802,25373,23583,2026-08-04 00:58:32
161510,2,PLUS 고배당주,24130,2,10,0.04,24129.0,-10.2155,164037,3972,22759,2026-08-04 00:58:32
486290,4,TIGER 미국나스닥100타겟데일리커버드콜,10695,2,45,0.42,10698.0,1.1408,586410,6311,22673,2026-08-04 00:58:32
472150,2,TIGER 배당커버드콜액티브,18465,5,-465,-2.46,18427.0,-0.8084,984549,18617,21623,2026-08-04 00:58:32
456600,4,TIME 글로벌AI인공지능액티브,57250,5,-165,-0.29,57408.0,5.2134,64173,3722,21515,2026-08-04 00:58:32
278540,1,KODEX MSCI Korea TR,34395,5,-970,-2.74,34295.0,1.3033,14894,529,20981,2026-08-04 00:58:32
385540,6,RISE 종합채권(A-이상)액티브,103150,2,255,0.25,103151.0,-1.9628,213,21,19686,2026-08-04 00:58:32
284430,6,KODEX 200미국채혼합50,20070,5,-240,-1.18,20057.0,-3.6428,416332,8484,19620,2026-08-04 00:58:32
292150,2,TIGER 코리아TOP10,34295,5,-885,-2.52,34223.0,1.5684,156408,5491,18588,2026-08-04 00:58:32
214980,6,KODEX 단기채권PLUS,114665,2,10,0.01,114675.0,0.5864,4301,493,18544,2026-08-04 00:58:32
441640,4,KODEX 미국배당커버드콜액티브,12945,2,75,0.58,12876.0,2.6,156964,2033,16589,2026-08-04 00:58:32
294400,1,KIWOOM 200TR,126965,5,-3550,-2.72,126562.0,-0.4197,49458,6421,16505,2026-08-04 00:58:32
0193W0,2,KODEX 삼성전자단일종목레버리지,9685,5,-830,-7.89,9675.0,,7130660,72999,16278,2026-08-04 00:58:32
477080,6,RISE CD금리액티브(합성),107215,2,5,0.0,107217.0,0.6903,657,70,16274,2026-08-04 00:58:32
105190,1,ACE 200,96675,5,-2630,-2.65,96622.0,-1.0237,131800,12974,16145,2026-08-04 00:58:32
487230,4,KODEX 미국AI전력핵심인프라,20855,2,225,1.09,20918.0,-16.3637,245921,5165,15766,2026-08-04 00:58:32
442580,4,PLUS 글로벌HBM반도체,90520,5,-3515,-3.74,91383.0,26.086,423762,39403,15741,2026-08-04 00:58:32
475630,7,TIGER CD1년금리액티브(합성),1073295,2,75,0.01,1073296.0,0.7377,35623,38234,15373,2026-08-04 00:58:32
379780,4,RISE 미국S&P500,23465,2,130,0.56,23435.0,2.462,160444,3777,15252,2026-08-04 00:58:32
453850,6,ACE 미국30년국채액티브(H),7155,5,-5,-0.07,7149.0,-2.6572,149711,1070,15226,2026-08-04 00:58:32
368590,4,RISE 미국나스닥100,30230,2,150,0.5,30234.0,1.5528,41655,1265,15206,2026-08-04 00:58:32
446770,4,ACE 글로벌반도체TOP4 Plus,74100,5,-1140,-1.52,74222.0,8.7714,72188,5454,15191,2026-08-04 00:58:32
329200,2,TIGER 리츠부동산인프라,4005,2,10,0.25,4000.0,-12.4572,708165,2834,14927,2026-08-04 00:58:32
466920,2,SOL 조선TOP3플러스,27540,2,175,0.64,27580.0,-34.1555,207875,5791,14541,2026-08-04 00:58:32
0195S0,2,TIGER SK하이닉스단일종목레버리지,7110,5,-750,-9.54,7077.0,,8961256,69121,14503,2026-08-04 00:58:32
305720,2,KODEX 2차전지산업,12505,2,200,1.63,12494.0,-42.6341,1182250,14992,14006,2026-08-04 00:58:32
0177N0,7,KODEX 삼성전자SK하이닉스채권혼합50,13235,5,-270,-2.0,13224.0,11.8985,1584644,21352,13857,2026-08-04 00:58:32
152100,1,PLUS 200,98000,5,-2455,-2.44,97901.0,-0.9926,100436,10053,13181,2026-08-04 00:58:32
436140,6,SOL 종합채권(AA-이상)액티브,106500,2,270,0.25,106382.0,-1.925,20,2,12949,2026-08-04 00:58:32
315930,2,KODEX Top5PlusTR,74385,5,-1825,-2.39,74316.0,7.3758,14361,1091,12869,2026-08-04 00:58:32
157450,6,TIGER 단기통안채,112320,2,10,0.01,112322.0,0.6001,2850,320,12639,2026-08-04 00:58:32
390390,4,KODEX 미국반도체,52600,5,-620,-1.16,52868.0,6.0458,325332,17296,12598,2026-08-04 00:58:32
448330,1,KODEX 삼성전자채권혼합,16665,5,-115,-0.69,16706.0,5.1854,321068,5397,12249,2026-08-04 00:58:32
438080,7,ACE 미국S&P500미국채혼합50액티브,14415,2,30,0.21,14389.0,-0.3119,220840,3195,12238,2026-08-04 00:58:32
232080,1,TIGER 코스닥150,13125,2,420,3.31,13104.0,-37.3057,1596168,21127,12093,2026-08-04 00:58:32
091230,2,TIGER 반도체,115135,5,-3350,-2.83,114897.0,-8.4629,220929,26133,11997,2026-08-04 00:58:32
0072R0,5,TIGER KRX금현물,12335,3,0,0.0,12362.0,-14.5184,62522,774,11416,2026-08-04 00:58:32
497570,4,TIGER 미국필라델피아AI반도체나스닥,21500,5,-175,-0.81,21595.0,7.3528,90822,1969,11223,2026-08-04 00:58:32
479080,6,1Q 머니마켓액티브,53615,2,5,0.01,53617.0,0.8085,10332,553,10737,2026-08-04 00:58:32
0183J0,4,TIGER 미국우주테크,7215,2,430,6.34,7187.0,-29.323,976431,7099,10556,2026-08-04 00:58:32
451540,6,TIGER 종합채권(AA-이상)액티브,52930,2,95,0.18,52950.0,-2.0486,176,9,10542,2026-08-04 00:58:32
479520,6,RISE KOFR금리액티브(합성),106130,2,15,0.01,106121.0,0.6306,1493,158,10302,2026-08-04 00:58:32
494890,1,KODEX 200액티브,27855,5,-795,-2.77,27789.0,-0.6554,128905,3711,10251,2026-08-04 00:58:32
446720,4,SOL 미국배당다우존스,13930,2,15,0.11,13867.0,3.5645,93230,1303,10225,2026-08-04 00:58:32
465580,4,ACE 미국빅테크TOP7 Plus,24600,2,320,1.32,24703.0,-1.0797,359066,8882,10197,2026-08-04 00:58:32
469830,6,SOL 초단기채권액티브,54225,3,0,0.0,54229.0,0.7993,33683,1826,10187,2026-08-04 00:58:32
356540,6,ACE 종합채권(AA-이상)액티브,101455,2,215,0.21,101437.0,-1.8565,74,7,10182,2026-08-04 00:58:32
445290,2,KODEX 로봇액티브,28920,5,-30,-0.1,28883.0,-18.3388,267881,7795,10151,2026-08-04 00:58:32
226490,1,KODEX 코스피,62855,5,-1240,-1.93,62774.0,-5.2359,98574,6341,10120,2026-08-04 00:58:32
449450,2,PLUS K방산,50830,2,1465,2.97,50806.0,-37.8314,92611,4682,10029,2026-08-04 00:58:32
0117L0,6,KODEX 26-12 금융채(AA-이상)액티브,10130,5,-5,-0.05,10133.0,0.6454,283,2,9808,2026-08-04 00:58:32
0139F0,6,TIGER 12월자동연장금융채(AA-이상)액티브,101850,2,15,0.01,101848.0,0.6573,31,3,9776,2026-08-04 00:58:32
449180,4,KODEX 미국S&P500(H),16975,2,160,0.95,16958.0,5.611,134403,2282,9761,2026-08-04 00:58:32
469150,2,ACE AI반도체TOP3+,49935,5,-1535,-2.98,49841.0,-12.1673,306722,15773,9538,2026-08-04 00:58:32
494300,4,KODEX 미국나스닥100데일리커버드콜OTM,9355,2,15,0.16,9360.0,-1.7479,451741,4251,9430,2026-08-04 00:58:32
402970,4,ACE 미국배당다우존스,15455,2,20,0.13,15397.0,3.5885,140217,2179,9428,2026-08-04 00:58:32
438100,7,ACE 미국나스닥100미국채혼합50액티브,15460,2,10,0.06,15451.0,-0.707,147320,2291,9168,2026-08-04 00:58:32
495050,1,RISE 코리아밸류업,29670,5,-510,-1.69,29647.0,2.1088,32579,981,8812,2026-08-04 00:58:32
237350,1,KODEX 코스피100,77260,5,-1945,-2.46,77165.0,0.7031,106888,8478,8730,2026-08-04 00:58:32
0117V0,2,TIGER 코리아AI전력기기TOP3플러스,16540,2,270,1.66,16521.0,-39.9,804575,13534,8650,2026-08-04 00:58:32
114800,3,KODEX 인버스,1164,2,18,1.57,1165.0,-15.0482,285527920,325041,8526,2026-08-04 00:58:32
295040,1,SOL 200TR,36210,5,-1005,-2.7,36146.0,-0.7071,66892,2482,8419,2026-08-04 00:58:32
0195R0,2,TIGER 삼성전자단일종목레버리지,8850,5,-790,-8.2,8830.0,,3063254,28648,8401,2026-08-04 00:58:32
455850,2,SOL AI반도체소부장,19690,5,-190,-0.96,19699.0,-36.2821,623296,12514,8309,2026-08-04 00:58:32
153130,6,KODEX 단기채권,113320,2,20,0.02,113316.0,0.58,10239,1160,8294,2026-08-04 00:58:32
371460,4,TIGER 차이나전기차SOLACTIVE,11090,2,70,0.64,11035.0,-24.0524,11189,123,8140,2026-08-04 00:58:32
476550,6,TIGER 미국30년국채커버드콜액티브(H),6820,5,-5,-0.07,6824.0,-2.7943,201493,1374,7915,2026-08-04 00:58:32
385560,6,RISE KIS국고채30년Enhanced,52580,2,510,0.98,52595.0,-15.1955,4262,224,7813,2026-08-04 00:58:32
481060,6,KODEX 미국30년국채타겟커버드콜(합성 H),7460,2,10,0.13,7478.0,-2.7297,33736,251,7732,2026-08-04 00:58:32
490590,4,RISE 미국AI밸류체인데일리고정커버드콜,14250,2,295,2.11,14206.0,0.5806,129274,1856,7724,2026-08-04 00:58:32
305540,2,TIGER 2차전지테마,15755,2,60,0.38,15765.0,-41.2173,166320,2663,7688,2026-08-04 00:58:32
0048J0,6,KODEX 미국머니마켓액티브,14225,5,-55,-0.39,14224.0,-2.6386,192657,2751,7670,2026-08-04 00:58:32
466940,2,TIGER 은행고배당플러스TOP10,25545,5,-150,-0.58,25537.0,-1.1399,118353,3046,7625,2026-08-04 00:58:32
498410,2,KODEX 금융고배당TOP10타겟위클리커버드콜,11445,5,-50,-0.43,11445.0,-8.4015,170733,1962,7611,2026-08-04 00:58:32
0025N0,7,TIGER TDF2045 적격,12195,2,35,0.29,12185.0,1.9279,156943,1920,7585,2026-08-04 00:58:32
475720,3,RISE 200위클리커버드콜,11415,5,-150,-1.3,11391.0,-11.3508,103451,1198,7431,2026-08-04 00:58:32
494310,2,KODEX 반도체레버리지,59050,5,-2930,-4.73,58484.0,-38.3192,1790826,111244,7322,2026-08-04 00:58:32
0061Z0,6,RISE 단기특수은행채액티브,50880,3,0,0.0,50882.0,0.7125,29,1,7296,2026-08-04 00:58:32
441800,1,TIME Korea플러스배당액티브,26645,5,-645,-2.36,26594.0,-8.8366,52532,1421,7279,2026-08-04 00:58:32
272580,6,TIGER 단기채권액티브,56960,2,10,0.02,56961.0,0.5828,16584,944,7245,2026-08-04 00:58:32
457480,4,ACE 테슬라밸류체인액티브,17475,2,210,1.22,17455.0,-24.409,52124,917,7208,2026-08-04 00:58:32
458760,4,TIGER 미국배당다우존스타겟커버드콜2호,11225,5,-20,-0.18,11157.0,3.4977,58253,655,7117,2026-08-04 00:58:32
144600,5,KODEX 은선물(H),9495,3,0,0.0,9496.0,-20.4108,94210,897,7102,2026-08-04 00:58:32
456610,6,TIGER 미국달러SOFR금리액티브(합성),61635,5,-180,-0.29,61641.0,-2.8296,10000,619,6996,2026-08-04 00:58:32
069660,1,KIWOOM 200,96800,5,-2135,-2.16,96464.0,-0.7621,32833,3233,6921,2026-08-04 00:58:32
487340,6,ACE 머니마켓액티브,105562,2,2,0.0,105574.0,0.8454,485,51,6859,2026-08-04 00:58:32
0127P0,4,ACE 미국대형성장주액티브,10755,2,105,0.99,10741.0,0.758,3167,34,6819,2026-08-04 00:58:32
252670,3,KODEX 200선물인버스2X,101,2,2,2.02,102.0,-41.4202,3088845128,298353,6768,2026-08-04 00:58:32
0177R0,2,TIGER 반도체TOP10커버드콜액티브,9885,5,-265,-2.61,9841.0,-7.4659,665630,6757,6722,2026-08-04 00:58:32
102970,2,KODEX 증권,18230,5,-155,-0.84,18212.0,-30.7634,270451,4991,6645,2026-08-04 00:58:32
455030,6,KODEX 미국달러SOFR금리액티브(합성),12235,5,-55,-0.45,12219.0,-2.5871,41930,514,6601,2026-08-04 00:58:32
314250,4,KODEX 미국빅테크10(H),60080,2,1610,2.75,59547.0,6.9472,14192,853,6471,2026-08-04 00:58:32
491010,4,TIGER 글로벌AI전력인프라액티브,25795,2,50,0.19,25700.0,-12.4767,33013,858,6464,2026-08-04 00:58:32
0167B0,2,SOL 200타겟위클리커버드콜,10650,5,-240,-2.2,10619.0,-2.3928,239131,2603,6422,2026-08-04 00:58:32
482730,4,TIGER 미국S&P500타겟데일리커버드콜,12150,2,75,0.62,12124.0,2.7069,75515,921,6409,2026-08-04 00:58:32
329750,6,TIGER 미국달러단기채권액티브,13445,5,-40,-0.3,13439.0,-2.9857,156368,2110,6405,2026-08-04 00:58:32
371160,4,TIGER 차이나항셍테크,7565,5,-35,-0.46,7590.0,-3.788,31287,237,6332,2026-08-04 00:58:32
138540,2,TIGER 현대차그룹플러스,48300,5,-1155,-2.34,48319.0,-19.9045,80937,3960,6240,2026-08-04 00:58:32
434060,7,KODEX TDF2050액티브 적격,17050,2,65,0.38,16877.0,-3.4067,37880,648,6232,2026-08-04 00:58:32
434730,2,HANARO 원자력iSelect,51965,2,810,1.58,51920.0,-41.5372,109673,5767,6184,2026-08-04 00:58:32
0015B0,4,KoAct 미국나스닥성장기업액티브,18845,2,15,0.08,18908.0,-5.1386,102884,1957,6087,2026-08-04 00:58:32
484790,6,KODEX 미국30년국채액티브(H),8240,2,10,0.12,8218.0,-2.8393,162069,1334,6023,2026-08-04 00:58:32
495850,1,KODEX 코리아밸류업,29480,5,-525,-1.75,29427.0,1.9692,55989,1671,5984,2026-08-04 00:58:32
290130,2,RISE ESG사회책임투자,41995,5,-1275,-2.95,41935.0,5.331,69318,2959,5984,2026-08-04 00:58:32
418660,4,TIGER 미국나스닥100레버리지(합성),40625,2,345,0.86,40606.0,0.1118,86134,3541,5850,2026-08-04 00:58:32
251600,7,PLUS 고배당주채권혼합,15125,3,0,0.0,15119.0,-4.4703,75302,1141,5838,2026-08-04 00:58:32
0148J0,2,TIGER 코리아휴머노이드로봇산업,8735,2,30,0.34,8718.0,-31.7523,3324739,28882,5804,2026-08-04 00:58:32
423920,4,TIGER 미국필라델피아반도체레버리지(합성),82980,5,-2145,-2.52,84022.0,2.6882,30998,2621,5767,2026-08-04 00:58:32
466950,4,TIGER 글로벌AI액티브,30500,5,-70,-0.23,30469.0,-2.0193,25303,783,5752,2026-08-04 00:58:32
489250,4,KODEX 미국배당다우존스,13090,2,15,0.11,13046.0,3.4509,71246,936,5733,2026-08-04 00:58:32
367760,2,RISE 네트워크인프라,48960,5,-1565,-3.1,48873.0,4.6607,196438,9884,5728,2026-08-04 00:58:32
449190,4,KODEX 미국나스닥100(H),21635,2,175,0.82,21658.0,4.6804,41141,892,5722,2026-08-04 00:58:32
364980,2,TIGER 2차전지TOP10,8600,2,90,1.06,8610.0,-39.1709,1214428,10601,5564,2026-08-04 00:58:32
494670,2,TIGER 조선TOP10,21600,2,120,0.56,21630.0,-34.1912,216457,4713,5530,2026-08-04 00:58:32
114260,6,KODEX 국고채3년,61795,2,5,0.01,61807.0,0.6843,3143,194,5522,2026-08-04 00:58:32
0007F0,6,KODEX 27-12 회사채(AA-이상)액티브,10165,2,5,0.05,10161.0,0.6438,1133,11,5511,2026-08-04 00:58:32
0019K0,7,TIME 미국나스닥100채권혼합50액티브,13305,2,65,0.49,13282.0,0.9531,117774,1571,5415,2026-08-04 00:58:32
365780,6,ACE 국고채10년,82800,2,175,0.21,82827.0,-1.3139,2420,200,5413,2026-08-04 00:58:32
491620,4,RISE 미국테크100데일리고정커버드콜,10795,2,55,0.51,10805.0,3.8147,141007,1530,5403,2026-08-04 00:58:32
438330,6,TIGER 우량회사채액티브,115535,2,90,0.08,115551.0,0.5399,306,35,5384,2026-08-04 00:58:32
0101N0,2,RISE AI전력인프라,17040,2,610,3.71,17036.0,-35.0465,223354,3854,5342,2026-08-04 00:58:32
396520,4,TIGER 차이나반도체FACTSET,12985,2,110,0.85,12807.0,1.9398,226985,2971,5293,2026-08-04 00:58:32
0105E0,2,SOL 코리아고배당,12550,5,-70,-0.55,12563.0,-7.356,128793,1623,5189,2026-08-04 00:58:32
462330,2,KODEX 2차전지산업레버리지,774,2,18,2.38,775.0,-71.2548,35260100,28184,5158,2026-08-04 00:58:32
251350,4,KODEX MSCI선진국,39960,2,175,0.44,39847.0,2.5161,13615,546,5115,2026-08-04 00:58:32
499660,7,TIGER CD금리플러스액티브(합성),1000510,2,75,0.01,1000512.0,0.7483,1653,1653,4989,2026-08-04 00:58:32
473290,6,KODEX 26-12 회사채(AA-이상)액티브,10850,3,0,0.0,10855.0,0.4443,1128,12,4940,2026-08-04 00:58:32
463250,2,TIGER K방산&우주,32625,2,1115,3.54,32622.0,-37.8869,93987,3043,4894,2026-08-04 00:58:32
496080,1,TIGER 코리아밸류업,29550,5,-460,-1.53,29504.0,2.0584,53518,1604,4831,2026-08-04 00:58:32
476800,7,KODEX 한국부동산리츠인프라,4215,2,5,0.12,4221.0,-11.6991,84661,356,4807,2026-08-04 00:58:32
483280,4,KODEX 미국AI테크TOP10타겟커버드콜,12130,2,200,1.68,12172.0,-4.4153,53905,657,4803,2026-08-04 00:58:32
471230,6,KODEX 국고채10년액티브,104320,2,260,0.25,104261.0,-1.4304,1165,121,4776,2026-08-04 00:58:32
435420,7,TIGER 미국나스닥100채권혼합50,14120,2,60,0.43,14089.0,0.8618,95815,1357,4744,2026-08-04 00:58:32
444200,2,SOL 코리아메가테크액티브,41205,5,-765,-1.82,41099.0,-16.9405,73980,3080,4739,2026-08-04 00:58:32
0091P0,2,TIGER 코리아원자력,14095,2,450,3.3,14088.0,-48.5386,789113,11248,4722,2026-08-04 00:58:32
490490,7,SOL 미국배당미국채혼합50,11345,2,5,0.04,11305.0,-0.545,77382,881,4674,2026-08-04 00:58:32
315960,2,RISE 대형고배당10TR,70700,5,-2100,-2.88,70685.0,5.9679,39257,2838,4666,2026-08-04 00:58:32
0190C0,2,RISE 현대차고정피지컬AI,7890,5,-240,-2.95,7892.0,,599101,4789,4643,2026-08-04 00:58:32
0162M0,6,KODEX 금융채1~2년(AA-이상)PLUS액티브,10040,3,0,0.0,10045.0,0.7526,0,0,4595,2026-08-04 00:58:32
448290,4,TIGER 미국S&P500(H),17615,2,165,0.95,17603.0,5.6831,34934,615,4527,2026-08-04 00:58:32
462010,2,TIGER 2차전지소재Fn,4220,2,80,1.93,4222.0,-46.3036,1186668,5102,4522,2026-08-04 00:58:32
361580,1,RISE 200TR,55000,5,-1330,-2.36,54904.0,-0.9931,41427,2371,4455,2026-08-04 00:58:32
480260,6,TIGER 27-04회사채(A+이상)액티브,53685,2,10,0.02,53684.0,0.5809,787,42,4397,2026-08-04 00:58:32
447770,7,TIGER 테슬라채권혼합Fn,13495,2,120,0.9,13514.0,-5.1152,22714,306,4386,2026-08-04 00:58:32
474220,4,TIGER 미국테크TOP10타겟커버드콜,15360,2,175,1.15,15401.0,-3.7889,24039,370,4316,2026-08-04 00:58:32
0016X0,6,SOL 중단기회사채(A-이상)액티브,51360,2,20,0.04,51361.0,0.7753,2967,152,4311,2026-08-04 00:58:32
477050,6,PLUS 머니마켓액티브,53370,2,10,0.02,53375.0,0.7743,2444,130,4271,2026-08-04 00:58:32
293180,1,HANARO 200,96780,5,-2690,-2.7,96671.0,-0.7082,14322,1413,4258,2026-08-04 00:58:32
0219E0,2,KODEX 200커버드콜액티브,7590,5,-200,-2.57,7565.0,,1520725,11814,4159,2026-08-04 00:58:32
277630,1,TIGER 코스피,63900,5,-1410,-2.16,63732.0,-4.9008,18760,1220,4154,2026-08-04 00:58:32
439870,6,KODEX 국고채30년액티브,88270,2,520,0.59,88226.0,-11.7914,2237,197,4151,2026-08-04 00:58:32
451000,6,PLUS 종합채권(AA-이상)액티브,107325,3,0,0.0,107399.0,-2.0311,0,0,4117,2026-08-04 00:58:32
0023A0,4,SOL 미국양자컴퓨팅TOP10,25310,2,985,4.05,25357.0,-10.2399,63077,1609,4100,2026-08-04 00:58:32
148070,6,KIWOOM 국고채10년,104940,2,220,0.21,104975.0,-1.3518,3857,405,4090,2026-08-04 00:58:32
0163Y0,1,KoAct 코스닥액티브,7970,2,160,2.05,7958.0,-39.2455,400166,3233,4089,2026-08-04 00:58:32
091180,2,KODEX 자동차,27375,5,-850,-3.01,27347.0,-11.739,41961,1163,3928,2026-08-04 00:58:32
241180,4,TIGER 일본니케이225,34400,5,-605,-1.73,34443.0,6.2206,7477,260,3915,2026-08-04 00:58:32
458250,6,TIGER 미국30년국채스트립액티브(합성 H),34350,5,-120,-0.35,34436.0,-5.6134,14404,495,3913,2026-08-04 00:58:32
0060H0,1,TIGER 토탈월드스탁액티브,12900,5,-90,-0.69,12893.0,2.9286,36792,477,3909,2026-08-04 00:58:32
426020,4,TIME 미국S&P500액티브,32400,3,0,0.0,32484.0,1.4084,17181,560,3907,2026-08-04 00:58:32
0173Y0,4,KODEX 미국AI광통신네트워크,10855,2,515,4.98,10899.0,-16.9708,362588,3968,3870,2026-08-04 00:58:32
451060,1,1Q 200액티브,30960,5,-750,-2.37,30882.0,-1.5713,141904,4558,3855,2026-08-04 00:58:32
453810,4,KODEX 인도Nifty50,12392,5,-8,-0.06,12470.0,-0.5503,30477,378,3687,2026-08-04 00:58:32
0131V0,4,1Q 미국우주항공테크,11060,2,445,4.19,10854.0,-9.5827,63289,702,3650,2026-08-04 00:58:32
0040Y0,7,SOL 팔란티어커버드콜OTM채권혼합,8075,2,305,3.93,7811.0,-3.4077,371448,3004,3638,2026-08-04 00:58:32
462900,2,KoAct 바이오헬스케어액티브,13830,2,900,6.96,13821.0,-37.5966,905230,12509,3617,2026-08-04 00:58:32
469070,2,RISE AI&로봇,10895,2,215,2.01,10894.0,-32.8302,347050,3807,3595,2026-08-04 00:58:32
484880,2,SOL 금융지주플러스고배당,21740,5,-180,-0.82,21729.0,-0.7349,146470,3207,3587,2026-08-04 00:58:32
448300,4,TIGER 미국나스닥100(H),22375,2,205,0.92,22382.0,4.7955,13711,307,3546,2026-08-04 00:58:32
243880,2,TIGER 200IT레버리지,257575,5,-13470,-4.97,255873.0,-17.5855,75215,20620,3542,2026-08-04 00:58:32
385720,1,TIME 코스피액티브,22800,5,-315,-1.36,22764.0,-9.4418,77904,1808,3534,2026-08-04 00:58:32
0144L0,4,KODEX 미국성장커버드콜액티브,9745,2,85,0.88,9757.0,0.3672,21290,208,3533,2026-08-04 00:58:32
439860,6,KODEX ESG종합채권(A-이상)액티브,113630,2,145,0.13,113536.0,0.1632,6,0,3518,2026-08-04 00:58:32
0043Y0,4,TIME 차이나AI테크액티브,19545,2,40,0.21,19320.0,1.4828,38752,759,3489,2026-08-04 00:58:32
496020,6,WON 전단채플러스액티브,52320,2,5,0.01,52320.0,0.8676,43,2,3472,2026-08-04 00:58:32
456880,7,ACE 미국달러SOFR금리(합성),12475,5,-45,-0.36,12481.0,-2.8328,9447,118,3441,2026-08-04 00:58:32
0167Z0,4,KODEX 미국우주항공,7555,2,460,6.48,7500.0,-28.3552,465175,3542,3430,2026-08-04 00:58:32
0046A0,6,TIGER 미국초단기(3개월이하)국채,9845,5,-25,-0.25,9842.0,-3.1006,114791,1133,3416,2026-08-04 00:58:32
385550,6,RISE 단기채권알파액티브,113845,2,30,0.03,113840.0,0.6277,355,40,3390,2026-08-04 00:58:32
488080,3,TIGER 반도체TOP10레버리지,26295,5,-1550,-5.57,26216.0,-53.1624,1208195,33798,3379,2026-08-04 00:58:32
0080G0,2,KODEX 방산TOP10,9865,2,385,4.06,9865.0,-37.265,966898,9481,3374,2026-08-04 00:58:32
472170,7,TIGER 미국테크TOP10채권혼합,14085,2,110,0.79,14093.0,-2.1016,45437,640,3352,2026-08-04 00:58:32
0052D0,2,TIGER 코리아배당다우존스,15085,2,25,0.17,15072.0,-7.8888,18658,282,3349,2026-08-04 00:58:32
0026S0,4,1Q 미국S&P500,13125,2,75,0.57,13118.0,2.177,50463,665,3242,2026-08-04 00:58:32
132030,5,KODEX 골드선물(H),22790,5,-95,-0.42,22787.0,-11.7602,37119,847,3236,2026-08-04 00:58:32
0052S0,7,1Q 미국S&P500미국채혼합50액티브,11860,2,25,0.21,11854.0,-0.3791,34266,407,3202,2026-08-04 00:58:32
310960,1,TIGER 200TR,56500,5,-1465,-2.53,56437.0,-0.8298,25951,1494,3164,2026-08-04 00:58:32
442570,7,RISE TDF2050액티브 적격,17525,2,30,0.17,17330.0,1.7173,46628,818,3146,2026-08-04 00:58:32
453870,4,TIGER 인도니프티50,12270,2,80,0.66,12269.0,-1.128,5928,72,3098,2026-08-04 00:58:32
448630,7,RISE 삼성그룹Top3채권혼합,14500,5,-70,-0.48,14507.0,-0.6479,64760,947,3089,2026-08-04 00:58:32
471990,2,KODEX AI반도체핵심장비,18825,5,-115,-0.61,18797.0,-40.0827,404311,7752,3087,2026-08-04 00:58:32
474590,2,WON 반도체밸류체인액티브,37790,5,-840,-2.17,37718.0,3.872,68768,2670,3080,2026-08-04 00:58:32
279530,2,KODEX 고배당주,16900,2,45,0.27,16886.0,-6.5795,81849,1383,3076,2026-08-04 00:58:32
485540,4,KODEX 미국AI테크TOP10,15450,2,265,1.75,15522.0,-4.5172,145137,2261,3051,2026-08-04 00:58:32
0038A0,4,KODEX 미국휴머노이드로봇,15510,2,160,1.04,15546.0,-8.5689,80705,1269,2978,2026-08-04 00:58:32
0111P0,7,1Q 미국나스닥100미국채혼합50액티브,10980,2,25,0.23,10979.0,-0.9466,40844,450,2976,2026-08-04 00:58:32
441680,7,TIGER 미국나스닥100커버드콜(합성),10925,2,95,0.88,10922.0,-1.6554,31883,348,2972,2026-08-04 00:58:32
476760,6,ACE 미국30년국채액티브,9190,5,-40,-0.43,9182.0,-6.0227,94668,873,2950,2026-08-04 00:58:32
0182R0,2,1Q K반도체TOP2+,9130,5,-305,-3.23,9109.0,-18.0279,1505770,14275,2940,2026-08-04 00:58:32
433330,4,SOL 미국S&P500,22445,2,145,0.65,22412.0,2.2119,20783,468,2918,2026-08-04 00:58:32
270810,1,RISE 코스닥150,12820,2,425,3.43,12786.0,-37.2088,97399,1254,2900,2026-08-04 00:58:32
454780,6,KIWOOM 종합채권(AA-이상)액티브,99835,2,250,0.25,99752.0,-2.0363,1000,99,2899,2026-08-04 00:58:32
475080,7,KODEX 테슬라커버드콜채권혼합액티브,7790,2,80,1.04,7807.0,-4.555,53127,413,2882,2026-08-04 00:58:32
190620,6,ACE 단기통안채,101800,2,15,0.01,101796.0,0.6327,4636,471,2882,2026-08-04 00:58:32
481190,4,SOL 미국테크TOP10,17100,2,205,1.21,17155.0,-4.0602,36577,627,2881,2026-08-04 00:58:32
473330,6,SOL 미국30년국채커버드콜(합성),8255,5,-20,-0.24,8272.0,-6.2723,50335,417,2881,2026-08-04 00:58:32
461490,7,RISE 글로벌자산배분액티브,14665,2,45,0.31,14664.0,-2.1747,13402,196,2852,2026-08-04 00:58:32
245710,4,ACE 베트남VN30(합성),29095,5,-205,-0.7,29266.0,-7.3665,5547,161,2851,2026-08-04 00:58:32
385510,2,KODEX 신재생에너지액티브,33585,2,1545,4.82,33558.0,-45.9515,79505,2699,2821,2026-08-04 00:58:32
0210A0,2,ACE K반도체TOP2+,6250,5,-175,-2.72,6233.0,,1878690,12110,2813,2026-08-04 00:58:32
489030,2,PLUS 고배당주위클리커버드콜,6305,2,35,0.56,6319.0,-22.8578,116647,734,2803,2026-08-04 00:58:32
273140,6,KODEX 단기변동금리부채권액티브,114715,2,25,0.02,114701.0,0.507,387,44,2784,2026-08-04 00:58:32
483320,4,ACE 엔비디아밸류체인액티브,23395,2,10,0.04,23335.0,3.7028,121040,2854,2784,2026-08-04 00:58:32
0094K0,6,TIGER 28-04 회사채(A+이상)액티브,99450,2,40,0.04,99462.0,0.6275,802,79,2763,2026-08-04 00:58:32
364970,2,TIGER 바이오TOP10,6900,2,160,2.37,6903.0,-15.2735,430919,2985,2743,2026-08-04 00:58:32
0053L0,4,TIGER 차이나휴머노이드로봇,10420,2,10,0.1,10372.0,-16.4348,42528,445,2740,2026-08-04 00:58:32
0008S0,4,TIGER 미국배당다우존스타겟데일리커버드콜,10210,3,0,0.0,10149.0,3.6315,61603,630,2726,2026-08-04 00:58:32
136340,6,RISE 중기우량회사채,104220,2,45,0.04,104249.0,0.3751,35,3,2647,2026-08-04 00:58:32
497880,6,SOL CD금리&머니마켓액티브,50050,2,10,0.02,50048.0,0.7618,16276,814,2591,2026-08-04 00:58:32
471040,4,KoAct 글로벌AI&로봇액티브,28055,5,-205,-0.73,28049.0,-5.1201,14295,404,2581,2026-08-04 00:58:32
283580,4,KODEX 차이나CSI300,15480,5,-20,-0.13,15465.0,-6.8428,19555,303,2577,2026-08-04 00:58:32
478150,4,TIME 글로벌우주테크&방산액티브,21270,2,285,1.36,21264.0,-0.4035,2531,54,2574,2026-08-04 00:58:32
483340,4,ACE 구글밸류체인액티브,22465,2,250,1.13,22534.0,1.3458,35620,809,2561,2026-08-04 00:58:32
472920,6,HK 종합채권(AA-이상)액티브,98295,3,0,0.0,98245.0,-1.8621,0,0,2535,2026-08-04 00:58:32
307520,2,TIGER 지주회사,19700,5,-55,-0.28,19690.0,-19.2977,223651,4448,2512,2026-08-04 00:58:32
196230,6,RISE 단기통안채,116715,2,10,0.01,116723.0,0.5774,1504,175,2487,2026-08-04 00:58:32
409820,4,KODEX 미국나스닥100레버리지(합성 H),19060,2,315,1.68,19082.0,7.637,53320,1021,2468,2026-08-04 00:58:32
493810,4,TIGER 미국AI빅테크10타겟데일리커버드콜,11835,2,150,1.28,11861.0,-1.8834,47724,567,2468,2026-08-04 00:58:32
423170,4,SOL 글로벌AI반도체탑픽액티브,53790,5,-1005,-1.83,53879.0,10.019,42605,2317,2464,2026-08-04 00:58:32
486450,4,SOL 미국AI전력인프라,20570,2,525,2.62,20591.0,-15.4398,3506,72,2448,2026-08-04 00:58:32
139230,2,TIGER 200 중공업,12240,2,105,0.87,12227.0,-38.8807,22706,281,2421,2026-08-04 00:58:32
261260,7,KODEX 미국달러선물인버스2X,5025,2,50,1.01,5027.0,6.531,258331,1293,2382,2026-08-04 00:58:32
458260,6,TIGER 미국투자등급회사채액티브(H),46385,2,40,0.09,46417.0,-1.2198,4242,196,2379,2026-08-04 00:58:32
228790,2,TIGER 화장품,3860,2,140,3.76,3865.0,-5.5838,1064231,4103,2375,2026-08-04 00:58:32
421320,2,PLUS 우주항공,25520,2,1255,5.17,25447.0,-47.7161,26483,667,2373,2026-08-04 00:58:32
0098F0,2,KODEX 원자력SMR,13510,2,350,2.66,13531.0,-43.7607,406245,5579,2364,2026-08-04 00:58:32
363570,6,KODEX 장기종합채권(AA-이상)액티브,86945,2,350,0.4,86902.0,-5.3038,374,32,2364,2026-08-04 00:58:32
472160,4,TIGER 미국테크TOP10 INDXX(H),18645,2,280,1.52,18713.0,-0.9707,30464,568,2359,2026-08-04 00:58:32
437080,6,KODEX 미국종합채권ESG액티브(H),97040,2,45,0.05,97045.0,-0.766,366,35,2353,2026-08-04 00:58:32
475300,2,SOL 반도체전공정,17550,5,-235,-1.32,17529.0,-15.651,713883,12871,2352,2026-08-04 00:58:32
329650,7,KODEX TRF3070,14235,5,-15,-0.11,14247.0,-0.6637,8699,124,2349,2026-08-04 00:58:32
488980,6,SOL 26-12 회사채(AA-이상)액티브,51990,2,5,0.01,51995.0,0.6485,3,0,2334,2026-08-04 00:58:32
495230,1,KoAct 코리아밸류업액티브,27980,5,-680,-2.37,27940.0,-4.1227,26942,769,2322,2026-08-04 00:58:32
091170,2,KODEX 은행,15590,5,-160,-1.02,15607.0,0.5924,197482,3100,2300,2026-08-04 00:58:32
213610,2,KODEX 삼성그룹밸류,20335,5,-215,-1.05,20293.0,2.2388,5454,112,2298,2026-08-04 00:58:32
0162Y0,1,TIME 코스닥액티브,6655,2,255,3.98,6637.0,-40.7956,495099,3325,2279,2026-08-04 00:58:32
448540,7,ACE 엔비디아채권혼합,26165,2,130,0.5,26188.0,-1.2517,7332,192,2276,2026-08-04 00:58:32
305080,6,TIGER 미국채10년선물,12680,5,-30,-0.24,12684.0,-4.687,21669,275,2270,2026-08-04 00:58:32
157500,2,TIGER 증권,12435,5,-215,-1.7,12443.0,-29.0343,109081,1371,2263,2026-08-04 00:58:32
471780,2,TIGER 코리아테크액티브,30245,5,-795,-2.56,30171.0,-6.2236,27215,855,2259,2026-08-04 00:58:32
498270,4,KIWOOM 미국양자컴퓨팅,15000,2,375,2.56,14948.0,4.0204,17468,263,2243,2026-08-04 00:58:32
0092C0,6,SOL 27-12 회사채(AA-이상)액티브,50125,3,0,0.0,50139.0,0.6021,0,0,2241,2026-08-04 00:58:32
442320,4,RISE 글로벌원자력,35195,2,745,2.16,34920.0,-28.6674,3031,106,2238,2026-08-04 00:58:32
123320,3,TIGER 레버리지,88940,5,-4880,-5.2,88763.0,-18.6156,61671,5781,2224,2026-08-04 00:58:32
0183V0,7,KIWOOM 삼성전자&SK하이닉스채권혼합50,11100,5,-240,-2.12,11092.0,12.5173,378221,4276,2198,2026-08-04 00:58:32
0182S0,7,1Q K반도체TOP2채권혼합50,11625,5,-205,-1.73,11587.0,10.1489,163949,1943,2180,2026-08-04 00:58:32
388420,2,RISE 비메모리반도체액티브,23400,5,-580,-2.42,23370.0,-14.9537,148151,3553,2148,2026-08-04 00:58:32
452360,4,SOL 미국배당다우존스(H),13192,2,42,0.32,13149.0,7.2211,57227,756,2137,2026-08-04 00:58:32
490090,4,TIGER 미국AI빅테크10,16220,2,165,1.03,16269.0,-1.0173,28270,460,2133,2026-08-04 00:58:32
244580,2,KODEX 바이오,8255,2,515,6.65,8252.0,-36.165,543763,4459,2126,2026-08-04 00:58:32
414780,4,TIGER 차이나과창판STAR50(합성),13555,2,5,0.04,13504.0,-3.2489,28025,380,2115,2026-08-04 00:58:32
463050,2,TIME K바이오액티브,12545,2,745,6.31,12534.0,-33.6707,198711,2481,2108,2026-08-04 00:58:32
0151S0,4,KODEX 미국AI반도체TOP3플러스,14885,5,-20,-0.13,14961.0,4.9277,219306,3291,2099,2026-08-04 00:58:32
363580,2,KODEX 200IT TR,47690,5,-1260,-2.57,47569.0,7.5351,176543,8573,2098,2026-08-04 00:58:32
0089D0,2,KODEX 금융고배당TOP10,12950,5,-145,-1.11,12960.0,-2.0388,32642,426,2098,2026-08-04 00:58:32
466930,2,SOL 자동차TOP3플러스,24220,5,-900,-3.58,24243.0,3.6303,139448,3432,2071,2026-08-04 00:58:32
0047A0,4,TIGER 차이나테크TOP10,12960,5,-100,-0.77,13086.0,-3.9706,6109,79,2054,2026-08-04 00:58:32
0119H0,6,KODEX 28-12 회사채(AA-이상)액티브,9905,3,0,0.0,9909.0,0.5583,662,6,1967,2026-08-04 00:58:32
302190,6,TIGER 중장기국채,50170,2,55,0.11,50188.0,-0.4272,272,13,1967,2026-08-04 00:58:32
0204D0,2,KODEX 현대차로보틱스밸류체인TOP3플러스,6210,5,-195,-3.04,6195.0,,291217,1829,1962,2026-08-04 00:58:32
0115D0,2,KODEX 조선TOP10,7655,2,30,0.39,7648.0,-34.0684,695965,5382,1956,2026-08-04 00:58:32
463290,6,1Q 단기금융채액티브,109015,2,35,0.03,108999.0,0.7255,6670,727,1954,2026-08-04 00:58:32
433500,2,ACE 원자력TOP10,47530,2,1170,2.52,47520.0,-46.7586,42879,2069,1949,2026-08-04 00:58:32
0005A0,4,KODEX 미국S&P500데일리커버드콜OTM,9740,2,25,0.26,9733.0,2.4106,86232,844,1938,2026-08-04 00:58:32
394670,4,TIGER 글로벌리튬&2차전지SOLACTIVE(합성),10935,5,-5,-0.05,10956.0,-21.5771,1090,11,1938,2026-08-04 00:58:32
495060,1,TIME 코리아밸류업액티브,26355,5,-350,-1.31,26322.0,-2.9968,68835,1840,1937,2026-08-04 00:58:32
0104N0,2,TIGER 200타겟위클리커버드콜,18800,5,-495,-2.57,18743.0,-1.4853,24301,467,1936,2026-08-04 00:58:32
302450,1,RISE 코스피,63475,5,-1430,-2.2,63302.0,-4.7146,811,52,1936,2026-08-04 00:58:32
491610,6,1Q CD금리액티브(합성),104610,2,5,0.0,104612.0,0.7124,795,83,1918,2026-08-04 00:58:32
266160,2,RISE 고배당,30145,5,-840,-2.71,30115.0,-0.7123,7994,246,1914,2026-08-04 00:58:32
0091C0,6,KODEX 미국10년국채액티브(H),9610,3,0,0.0,9587.0,-1.1783,6362,61,1904,2026-08-04 00:58:32
429000,4,TIGER 미국S&P500배당귀족,13895,2,45,0.32,13819.0,3.8326,41701,581,1883,2026-08-04 00:58:32
433980,7,KODEX TDF2040액티브 적격,16025,2,65,0.41,15937.0,0.6628,8407,135,1859,2026-08-04 00:58:32
332930,1,HANARO 200TR,127685,5,-2370,-1.82,126609.0,-0.8501,262,33,1851,2026-08-04 00:58:32
0069M0,4,1Q 미국나스닥100,13565,2,70,0.52,13571.0,1.3769,36336,495,1845,2026-08-04 00:58:32
0082V0,7,KODEX TDF2060액티브 적격,11355,2,45,0.4,11307.0,-3.7502,28947,330,1822,2026-08-04 00:58:32
495550,1,SOL 코리아밸류업TR,30155,5,-535,-1.74,30084.0,1.791,12261,373,1794,2026-08-04 00:58:32
200250,4,KIWOOM 인도Nifty50(합성),22690,5,-30,-0.13,22876.0,-1.0022,3387,76,1793,2026-08-04 00:58:32
422420,2,RISE 2차전지액티브,5595,2,110,2.01,5584.0,-49.2488,79646,453,1781,2026-08-04 00:58:32
480040,4,ACE 미국반도체데일리타겟커버드콜(합성),15215,5,-315,-2.03,15200.0,-2.3315,49526,763,1780,2026-08-04 00:58:32
458210,7,KIWOOM CD금리액티브(합성),110345,2,20,0.02,110331.0,0.6844,104,11,1780,2026-08-04 00:58:32
473460,4,KODEX 미국서학개미,22600,2,365,1.64,22566.0,-7.5586,28995,660,1774,2026-08-04 00:58:32
0040X0,7,SOL 팔란티어미국채커버드콜혼합,9100,2,360,4.12,8795.0,-6.9151,102770,939,1765,2026-08-04 00:58:32
472870,6,RISE 미국30년국채엔화노출(합성 H),7180,5,-70,-0.97,7228.0,-4.9841,42098,303,1741,2026-08-04 00:58:32
483290,4,KODEX 미국배당다우존스타겟커버드콜,10530,5,-5,-0.05,10480.0,2.6601,31187,329,1727,2026-08-04 00:58:32
160580,5,TIGER 구리실물,16545,3,0,0.0,16430.0,5.4157,17785,295,1704,2026-08-04 00:58:32
122090,1,PLUS 코스피50,72720,5,-2295,-3.06,72570.0,3.6072,17252,1279,1680,2026-08-04 00:58:32
0051G0,4,SOL 미국원자력SMR,13535,2,430,3.28,13451.0,-19.2545,25680,349,1678,2026-08-04 00:58:32
117700,2,KODEX 건설,5860,2,125,2.18,5854.0,-38.3537,823536,4873,1670,2026-08-04 00:58:32
0099L0,6,ACE 우량회사채(AA-이상)액티브,99490,2,70,0.07,99515.0,0.6122,18961,1886,1641,2026-08-04 00:58:32
0192Z0,6,TIGER 중기종합채권(A-이상)액티브,100790,3,0,0.0,100848.0,,0,0,1628,2026-08-04 00:58:32
480020,4,ACE 미국빅테크7+데일리타겟커버드콜(합성),11225,2,90,0.81,11229.0,-7.5636,82770,934,1628,2026-08-04 00:58:32
237370,7,KODEX 코리아배당성장채권혼합,15590,2,25,0.16,15579.0,-2.7457,10975,171,1621,2026-08-04 00:58:32
267770,3,TIGER 200선물레버리지,67500,5,-5455,-7.48,67421.0,-17.5044,30175,2129,1620,2026-08-04 00:58:32
0094M0,2,RISE 코리아밸류업위클리고정커버드콜,16945,5,-175,-1.02,16896.0,0.8124,74746,1281,1601,2026-08-04 00:58:32
0197X0,2,SOL SK하이닉스선물단일종목인버스2X,10380,2,865,9.09,10461.0,,9179116,87782,1596,2026-08-04 00:58:32
233160,3,TIGER 코스닥150 레버리지,6600,2,425,6.88,6600.0,-66.4403,1237463,8307,1594,2026-08-04 00:58:32
476450,6,KIWOOM 머니마켓액티브,52640,2,10,0.02,52638.0,0.7176,56,2,1592,2026-08-04 00:58:32
480030,4,ACE 미국500데일리타겟커버드콜(합성),10440,2,15,0.14,10389.0,0.7516,25854,270,1587,2026-08-04 00:58:32
490600,4,RISE 미국배당100데일리고정커버드콜,9370,2,25,0.27,9325.0,3.6071,66117,620,1584,2026-08-04 00:58:32
272560,6,RISE 단기국공채액티브,114655,2,15,0.01,114658.0,0.5878,731,83,1579,2026-08-04 00:58:32
332500,1,ACE 200TR,65000,5,-1565,-2.35,64869.0,-1.0701,27991,1864,1560,2026-08-04 00:58:32
0048K0,4,KODEX 차이나휴머노이드로봇,9120,2,100,1.11,9035.0,-12.942,106506,975,1555,2026-08-04 00:58:32
464240,6,KIWOOM 26-09회사채(AA-이상)액티브,52300,3,0,0.0,52303.0,0.6908,0,0,1543,2026-08-04 00:58:32
219480,4,KODEX 미국S&P500선물(H),32780,2,280,0.86,32810.0,5.3826,1555,50,1524,2026-08-04 00:58:32
403790,1,MIDAS 코스피액티브,52055,5,-720,-1.36,51797.0,-3.484,3453,182,1523,2026-08-04 00:58:32
0093A0,2,RISE AI반도체TOP10,27170,5,-545,-1.97,27130.0,-22.6703,99031,2754,1522,2026-08-04 00:58:32
0127M0,4,ACE 미국대형가치주액티브,12410,5,-30,-0.24,12375.0,8.9865,2692,33,1502,2026-08-04 00:58:32
494330,2,ACE 라이프자산주주가치액티브,30030,5,-145,-0.48,30052.0,15.6194,20630,626,1502,2026-08-04 00:58:32
494220,2,UNICORN SK하이닉스밸류체인액티브,40490,5,-550,-1.34,40416.0,-4.6358,75138,3130,1498,2026-08-04 00:58:32
0104H0,7,KoAct 미국나스닥채권혼합50액티브,11922,5,-28,-0.23,11899.0,-0.1254,28214,336,1496,2026-08-04 00:58:32
337160,2,KODEX 200ESG,42730,5,-1205,-2.74,42608.0,7.1138,17443,753,1496,2026-08-04 00:58:32
245340,4,TIGER 미국다우존스30,36935,2,215,0.59,36849.0,5.2036,7077,262,1485,2026-08-04 00:58:32
451530,6,TIGER 국고채30년스트립액티브,35890,2,465,1.31,35992.0,-20.6696,4745,170,1484,2026-08-04 00:58:32
0190G0,2,KODEX 반도체타겟위클리커버드콜,7565,5,-120,-1.56,7518.0,,150029,1159,1483,2026-08-04 00:58:32
0180V0,4,ACE 미국우주테크액티브,7670,2,445,6.16,7620.0,-25.7452,190641,1470,1465,2026-08-04 00:58:32
0005G0,2,IBK K-AI반도체코어테크,42380,5,-925,-2.14,42238.0,3.5908,25580,1118,1462,2026-08-04 00:58:32
143860,2,TIGER 헬스케어,36460,2,1215,3.45,36382.0,-24.3102,11676,426,1458,2026-08-04 00:58:32
0153K0,2,KODEX 주주환원고배당주,11855,2,5,0.04,11856.0,0.8331,19132,226,1458,2026-08-04 00:58:32
0064K0,5,KODEX 금액티브,12075,5,-70,-0.58,12081.0,-14.4719,22102,268,1455,2026-08-04 00:58:32
491820,2,HANARO 전력설비투자,38000,2,605,1.62,37890.0,-41.0825,55821,2151,1406,2026-08-04 00:58:32
461950,2,KODEX 2차전지핵심소재10,4205,2,45,1.08,4203.0,-47.0378,390176,1672,1400,2026-08-04 00:58:32
271050,5,KODEX WTI원유선물인버스(H),2130,5,-45,-2.07,2129.0,20.2321,291535,622,1395,2026-08-04 00:58:32
0041E0,4,KODEX 미국S&P500액티브,16505,2,215,1.32,16423.0,2.1945,40736,674,1386,2026-08-04 00:58:32
304660,6,KODEX 미국30년국채울트라선물(H),7255,2,15,0.21,7260.0,-2.7536,19152,138,1378,2026-08-04 00:58:32
486830,6,HANARO 머니마켓액티브,53145,2,5,0.01,53154.0,0.7679,3984,211,1361,2026-08-04 00:58:32
192090,4,TIGER 차이나CSI300,12685,2,40,0.32,12684.0,-7.9695,3215,40,1357,2026-08-04 00:58:32
0151P0,2,RISE 코리아전략산업액티브,13040,5,-280,-2.1,13023.0,-19.4574,216014,2937,1356,2026-08-04 00:58:32
354500,1,ACE 코스닥150,13000,2,405,3.22,12985.0,-37.088,167346,2199,1352,2026-08-04 00:58:32
481180,4,SOL 미국AI소프트웨어,15675,2,590,3.91,15500.0,24.4123,58060,917,1348,2026-08-04 00:58:32
182480,7,TIGER 미국MSCI리츠(합성 H),14080,5,-50,-0.35,14209.0,5.6011,4837,68,1338,2026-08-04 00:58:32
152870,1,파워 200,97800,5,-2280,-2.28,97320.0,-0.7976,698,68,1320,2026-08-04 00:58:32
372330,4,KODEX 차이나항셍테크,7620,2,75,0.99,7569.0,-3.9894,10536,79,1318,2026-08-04 00:58:32
138520,2,TIGER 삼성그룹,32150,5,-790,-2.4,32041.0,4.8543,11258,367,1305,2026-08-04 00:58:32
488720,7,WON 종합채권(AA-이상)액티브,48670,3,0,0.0,48726.0,-1.875,0,0,1304,2026-08-04 00:58:32
411420,4,KODEX 미국나스닥AI테크액티브,26805,2,360,1.36,26833.0,-2.2109,6234,167,1300,2026-08-04 00:58:32
476030,4,SOL 미국나스닥100,17185,2,90,0.53,17185.0,1.5748,12062,208,1297,2026-08-04 00:58:32
0123G0,4,TIGER 미국AI전력SMR,6700,2,170,2.6,6697.0,-21.3727,12400,83,1293,2026-08-04 00:58:32
495330,1,1Q 코리아밸류업,29405,5,-435,-1.46,29324.0,1.6526,2714,81,1264,2026-08-04 00:58:32
0176E0,4,RISE 미국AI전력인프라액티브,10305,2,150,1.48,10300.0,-15.4103,4505,46,1262,2026-08-04 00:58:32
0131W0,6,1Q 단기특수은행채액티브,101895,2,5,0.0,101900.0,0.647,5,0,1261,2026-08-04 00:58:32
0168K0,2,TIGER 기술이전바이오액티브,6195,2,460,8.02,6189.0,-38.8593,798378,4931,1244,2026-08-04 00:58:32
412570,2,TIGER 2차전지TOP10레버리지,895,2,20,2.29,894.0,-68.5817,1929240,1763,1240,2026-08-04 00:58:32
0181B0,4,HANARO 미국AI메모리반도체TOP4+,9520,5,-280,-2.86,9595.0,,101778,982,1238,2026-08-04 00:58:32
114820,6,TIGER 국채3년,105085,2,15,0.01,105106.0,0.608,1714,180,1229,2026-08-04 00:58:32
0000Y0,6,HK 26-12 회사채(AA-이상)액티브,101600,3,0,0.0,101627.0,0.589,0,0,1229,2026-08-04 00:58:32
448100,1,WON 200,99770,5,-2205,-2.16,99246.0,-0.9107,28388,2935,1222,2026-08-04 00:58:32
464930,4,TIGER 글로벌혁신블루칩TOP10,21645,2,230,1.07,21641.0,1.5169,684,14,1212,2026-08-04 00:58:32
251340,3,KODEX 코스닥150선물인버스,2675,5,-95,-3.43,2696.0,38.708,23663261,62608,1212,2026-08-04 00:58:32
464310,4,TIGER 글로벌AI&로보틱스 INDXX,14435,2,145,1.01,14404.0,-8.7193,7558,109,1205,2026-08-04 00:58:32
447620,7,SOL 미국TOP5채권혼합50,16215,2,190,1.19,16138.0,2.2002,75785,1232,1200,2026-08-04 00:58:32
399110,4,SOL 미국S&P500ESG,21340,2,75,0.35,21298.0,2.852,6384,136,1195,2026-08-04 00:58:32
457990,2,PLUS 태양광&ESS,32890,2,2330,7.62,32846.0,-41.6683,229633,7627,1184,2026-08-04 00:58:32
0005D0,2,SOL 전고체배터리&실리콘음극재,12180,2,370,3.13,12175.0,-52.3022,272242,3390,1181,2026-08-04 00:58:32
309230,4,ACE 미국WideMoat동일가중,31390,2,250,0.8,31407.0,4.3054,2841,89,1168,2026-08-04 00:58:32
463680,4,KODEX 미국S&P500테크놀로지,21995,2,65,0.3,21898.0,8.2372,28608,633,1166,2026-08-04 00:58:32
488500,4,TIGER 미국S&P500동일가중,13025,2,115,0.89,13014.0,3.9626,23612,308,1159,2026-08-04 00:58:32
0074K0,2,KoAct K수출핵심기업TOP30액티브,14955,3,0,0.0,14918.0,-20.5367,16584,249,1159,2026-08-04 00:58:32
0199C0,2,ACE 고배당주Plus커버드콜액티브,8830,5,-55,-0.62,8811.0,,238692,2127,1148,2026-08-04 00:58:32
0036R0,4,RISE 미국휴머노이드로봇,19600,2,205,1.06,19635.0,0.6771,14067,278,1147,2026-08-04 00:58:32
325010,2,KODEX 성장주,38065,5,-510,-1.32,38032.0,-5.1513,6586,253,1142,2026-08-04 00:58:32
0135Y0,6,IBK 중기종합채권(AA-이상)액티브,100405,2,85,0.08,100377.0,0.3952,8,0,1142,2026-08-04 00:58:32
498180,6,파워 종합채권(AA-이상)액티브,93510,3,0,0.0,93542.0,-1.9863,0,0,1137,2026-08-04 00:58:32
0122W0,6,RISE 26-11 회사채(AA-이상)액티브,50875,2,10,0.02,50881.0,0.6032,4117,209,1137,2026-08-04 00:58:32
139220,2,TIGER 200 건설,6610,5,-20,-0.3,6605.0,-33.1317,304175,2050,1126,2026-08-04 00:58:32
0080Y0,2,SOL 조선TOP3플러스레버리지,8780,2,140,1.62,8914.0,-61.9384,120122,1079,1124,2026-08-04 00:58:32
491230,6,PLUS 국공채머니마켓액티브,52385,2,10,0.02,52381.0,0.7211,187,9,1117,2026-08-04 00:58:32
261270,7,KODEX 미국달러선물인버스,7840,2,30,0.38,7853.0,3.7873,13317,104,1112,2026-08-04 00:58:32
367770,2,RISE 수소경제테마,20800,2,90,0.43,20677.0,-29.7729,75702,1582,1092,2026-08-04 00:58:32
168580,4,ACE 중국본토CSI300,34985,2,185,0.53,35003.0,-7.839,163,5,1092,2026-08-04 00:58:32
304940,4,KODEX 미국나스닥100선물(H),31635,2,240,0.76,31678.0,4.4932,817,25,1091,2026-08-04 00:58:32
0052T0,6,1Q 중단기회사채(A-이상)액티브,50600,2,5,0.01,50593.0,0.7567,14,0,1080,2026-08-04 00:58:32
0092B0,2,SOL 한국원자력SMR,13370,2,370,2.85,13363.0,-46.5131,54222,736,1076,2026-08-04 00:58:32
438570,6,SOL 국고채10년,98665,2,245,0.25,98596.0,-1.3976,90,8,1072,2026-08-04 00:58:32
328370,1,PLUS 코스피TR,34500,5,-500,-1.43,34382.0,-5.8761,284,9,1070,2026-08-04 00:58:32
0174B0,7,KoAct 글로벌AI메모리반도체액티브,13175,5,-375,-2.77,13225.0,17.7748,47550,639,1067,2026-08-04 00:58:32
0193M0,6,BNK 27-12 특수채(AAA이상)액티브,50300,3,0,0.0,50287.0,,0,0,1063,2026-08-04 00:58:32
394660,4,TIGER 글로벌자율주행&전기차SOLACTIVE,16105,2,95,0.59,16158.0,-10.3835,3005,48,1063,2026-08-04 00:58:32
0085P0,6,ACE 미국10년국채액티브,10120,5,-40,-0.39,10107.0,-4.3394,52386,532,1063,2026-08-04 00:58:32
465610,4,ACE 미국빅테크TOP7 Plus레버리지(합성),44200,2,1500,3.51,44206.0,-3.7096,8305,370,1061,2026-08-04 00:58:32
0091M0,6,HANARO 27-06 회사채(AA-이상)액티브,10140,2,5,0.05,10138.0,0.5456,4,0,1056,2026-08-04 00:58:32
319640,4,TIGER 골드선물(H),23940,5,-60,-0.25,23937.0,-12.0074,1421,34,1053,2026-08-04 00:58:32
0132K0,7,PLUS 테슬라위클리커버드콜채권혼합,8085,2,20,0.25,8087.0,-3.7072,38409,311,1047,2026-08-04 00:58:32
0184L0,6,PLUS 중기종합채권(A-이상)액티브,100465,3,0,0.0,100500.0,,0,0,1045,2026-08-04 00:58:32
332940,1,HANARO MSCI Korea TR,43345,5,-1045,-2.35,42934.0,1.4396,3511,154,1040,2026-08-04 00:58:32
377990,2,TIGER Fn신재생에너지,20970,2,755,3.73,20956.0,-44.5614,78629,1675,1038,2026-08-04 00:58:32
469170,2,ACE 포스코그룹포커스,5175,2,60,1.17,5174.0,-40.4956,210986,1100,1038,2026-08-04 00:58:32
0191W0,6,HANARO 중기종합채권(A-이상)액티브,100770,3,0,0.0,100812.0,,0,0,1033,2026-08-04 00:58:32
481430,6,RISE 국고채10년액티브,98670,2,280,0.28,98593.0,-1.3239,543,53,1032,2026-08-04 00:58:32
475280,6,ACE 8월만기자동연장회사채AA-이상액티브,10715,2,10,0.09,10711.0,0.8003,14,0,1032,2026-08-04 00:58:32
465780,6,마이티 26-09 특수채(AAA)액티브,106170,3,0,0.0,106190.0,0.6493,0,0,1022,2026-08-04 00:58:32
0221V0,6,IBK 초단기채권액티브,100175,2,20,0.02,100170.0,,1,0,1021,2026-08-04 00:58:32
0177X0,2,ACE K휴머노이드로봇산업TOP2+,9345,5,-105,-1.11,9328.0,-24.5208,281637,2619,1009,2026-08-04 00:58:32
475050,2,ACE KPOP포커스,7015,2,245,3.62,7018.0,-30.7771,178057,1248,1000,2026-08-04 00:58:32
471760,2,TIGER AI반도체핵심공정,11345,5,-275,-2.37,11347.0,-48.1713,238559,2770,998,2026-08-04 00:58:32
114100,6,RISE 국고채3년,106650,2,80,0.08,106628.0,0.5086,21,2,992,2026-08-04 00:58:32
326240,2,RISE IT플러스,38285,5,-40,-0.1,38109.0,-7.2596,2943,113,980,2026-08-04 00:58:32
308620,6,KODEX 미국10년국채선물,11905,5,-35,-0.29,11885.0,-4.4036,9505,113,976,2026-08-04 00:58:32
0138Y0,7,PLUS 금채권혼합,9590,5,-20,-0.21,9591.0,-6.97,28161,270,973,2026-08-04 00:58:32
468380,6,KODEX iShares미국하이일드액티브,11280,5,-5,-0.04,11206.0,-2.9447,12807,145,972,2026-08-04 00:58:32
461500,6,HANARO 종합채권(AA-이상)액티브,105350,2,125,0.12,105227.0,-1.7874,3,0,967,2026-08-04 00:58:32
449770,4,KIWOOM 미국S&P500,21490,2,120,0.56,21472.0,2.22,15277,328,967,2026-08-04 00:58:32
496090,1,KIWOOM 코리아밸류업,29635,5,-530,-1.76,29440.0,2.6509,6938,207,963,2026-08-04 00:58:32
204480,4,TIGER 차이나CSI300레버리지(합성),25795,2,270,1.06,25731.0,-18.2154,96,2,960,2026-08-04 00:58:32
0000J0,2,PLUS 한화그룹주,24890,2,720,2.98,24871.0,-41.477,11432,284,958,2026-08-04 00:58:32
195980,4,PLUS 신흥국MSCI(합성 H),14570,5,-185,-1.25,14789.0,4.055,18455,268,956,2026-08-04 00:58:32
0035T0,7,PLUS 글로벌휴머노이드로봇액티브,19450,5,-55,-0.28,19438.0,-8.7272,9102,178,943,2026-08-04 00:58:32
473440,6,ACE 11월만기자동연장회사채AA-이상액티브,10830,2,5,0.05,10825.0,0.8383,5,0,942,2026-08-04 00:58:32
203780,4,TIGER 미국나스닥바이오,33320,5,-420,-1.24,33200.0,9.4388,5519,184,940,2026-08-04 00:58:32
455860,2,SOL 2차전지소부장Fn,3945,2,35,0.9,3945.0,-46.2913,110443,444,939,2026-08-04 00:58:32
433970,7,KODEX TDF2030액티브 적격,14100,2,40,0.28,14024.0,0.8968,2569,36,938,2026-08-04 00:58:32
485690,4,RISE 미국AI밸류체인TOP3Plus,21805,2,485,2.27,21700.0,1.7729,6137,134,927,2026-08-04 00:58:32
0137V0,4,KIWOOM 미국S&P500모멘텀,11580,5,-20,-0.17,11580.0,6.6119,86325,1007,926,2026-08-04 00:58:32
143850,4,TIGER 미국S&P500선물(H),76825,2,740,0.97,76774.0,4.9882,1806,138,922,2026-08-04 00:58:32
476850,1,KoAct 배당성장액티브,19590,5,-365,-1.83,19559.0,-2.9095,32475,652,921,2026-08-04 00:58:32
325020,2,KODEX 배당가치,27785,5,-105,-0.38,27672.0,0.4771,1257,35,917,2026-08-04 00:58:32
266370,2,KODEX IT,57215,5,-1380,-2.36,57134.0,-1.8838,89245,5225,915,2026-08-04 00:58:32
269540,4,PLUS 미국S&P500(H),29900,2,290,0.98,29864.0,5.2051,1840,54,897,2026-08-04 00:58:32
211900,2,KODEX 코리아배당성장,27125,3,0,0.0,27128.0,-10.4628,1845,50,895,2026-08-04 00:58:32
329670,7,KODEX TRF7030,22350,2,5,0.02,22362.0,1.299,2036,45,894,2026-08-04 00:58:32
0142D0,4,TIGER 미국AI데이터센터TOP4Plus,10405,2,720,7.43,10387.0,-11.9946,89648,944,890,2026-08-04 00:58:32
444490,4,WON 미국S&P500,20595,2,130,0.64,20570.0,2.0952,2348,48,886,2026-08-04 00:58:32
460960,7,ACE 글로벌인컴TOP10,11405,2,70,0.62,11378.0,-2.8518,2795,32,884,2026-08-04 00:58:32
0007N0,1,아이엠에셋 200,97995,5,-1255,-1.26,96860.0,-1.374,12,1,882,2026-08-04 00:58:32
479620,4,SOL 미국AI반도체칩메이커,24930,5,-270,-1.07,25057.0,12.676,13071,328,873,2026-08-04 00:58:32
453080,4,KIWOOM 미국나스닥100(H),22335,2,140,0.63,22370.0,4.5925,485,10,871,2026-08-04 00:58:32
0209D0,2,KODEX 전고체배터리ESS TOP2플러스,6790,2,130,1.95,6780.0,,379802,2620,856,2026-08-04 00:58:32
329660,7,KODEX TRF5050,18050,2,15,0.08,18072.0,0.7134,1421,25,848,2026-08-04 00:58:32
461460,6,PLUS 국고채10년액티브,51595,2,135,0.26,51555.0,-1.4082,16,0,837,2026-08-04 00:58:32
0017Y0,6,1Q 종합채권(AA-이상)액티브,94145,2,40,0.04,94141.0,-2.0046,11,1,832,2026-08-04 00:58:32
453330,4,RISE 미국S&P500(H),17995,2,170,0.95,17980.0,6.0572,26857,483,828,2026-08-04 00:58:32
359210,1,KODEX 코스피TR,31785,5,-675,-2.08,31698.0,-5.3369,1786,57,826,2026-08-04 00:58:32
298770,4,KODEX 한국대만IT프리미어,74800,5,-1080,-1.42,74492.0,9.6791,7229,549,823,2026-08-04 00:58:32
454320,2,HANARO CAPEX설비투자iSelect,38270,2,910,2.44,38160.0,-38.038,973,37,823,2026-08-04 00:58:32
495040,1,PLUS 코리아밸류업,29275,5,-360,-1.21,29240.0,1.2746,3451,102,820,2026-08-04 00:58:32
0057H0,7,PLUS 미국S&P500미국채혼합50액티브,11955,3,0,0.0,11942.0,-0.0915,16444,197,813,2026-08-04 00:58:32
157490,2,TIGER 소프트웨어,8415,2,205,2.5,8411.0,-10.6638,164382,1390,801,2026-08-04 00:58:32
486240,2,DAISHIN343 AI반도체&인프라액티브,24925,5,-190,-0.76,24939.0,-12.5827,5082,129,798,2026-08-04 00:58:32
0162L0,4,KODEX 차이나AI반도체TOP10,12760,2,120,0.95,12607.0,-1.6038,60395,775,798,2026-08-04 00:58:32
0066W0,5,SOL 국제금,12205,5,-80,-0.65,12215.0,-14.2708,20457,250,793,2026-08-04 00:58:32
0049M0,4,ACE 미국배당퀄리티+커버드콜액티브,11450,2,80,0.7,11449.0,-1.1805,6625,76,790,2026-08-04 00:58:32
228810,2,TIGER 미디어컨텐츠,3325,2,130,4.07,3333.0,-34.3943,140959,466,786,2026-08-04 00:58:32
412770,4,TIGER 글로벌AI플랫폼액티브,12730,2,600,4.95,12265.0,-2.1775,24766,312,783,2026-08-04 00:58:32
108450,2,ACE 삼성그룹섹터가중,35475,5,-360,-1.0,35289.0,-2.0902,4801,170,780,2026-08-04 00:58:32
492500,7,1Q 현대차그룹채권(A+이상)&국고통안,51245,2,25,0.05,51246.0,0.4707,47,2,780,2026-08-04 00:58:32
458030,6,WON 국공채머니마켓액티브,54925,2,15,0.03,54919.0,0.6414,17,0,779,2026-08-04 00:58:32
438560,6,SOL 국고채3년,100410,3,0,0.0,100395.0,0.6011,1,0,763,2026-08-04 00:58:32
469060,4,RISE 미국반도체NYSE,34505,5,-590,-1.68,34723.0,9.855,14494,509,759,2026-08-04 00:58:32
0098N0,2,PLUS 자사주매입고배당주,12530,2,65,0.52,12525.0,-4.3045,4511,56,758,2026-08-04 00:58:32
0113D0,4,TIME 글로벌탑픽액티브,12190,2,20,0.16,12189.0,2.5705,16124,197,756,2026-08-04 00:58:32
364960,2,TIGER BBIG,6195,2,70,1.14,6198.0,-23.2937,12358,76,750,2026-08-04 00:58:32
490480,2,SOL K방산,27615,2,1005,3.78,27580.0,-35.1134,13540,372,746,2026-08-04 00:58:32
272910,6,ACE 중장기국공채액티브,106050,3,0,0.0,106182.0,0.1321,0,0,743,2026-08-04 00:58:32
138530,2,TIGER LG그룹플러스,10935,2,130,1.2,10942.0,-8.7416,24881,273,741,2026-08-04 00:58:32
210780,2,TIGER 코스피고배당,22330,2,160,0.72,22307.0,-13.3528,2727,60,737,2026-08-04 00:58:32
0190Y0,4,TIGER 구글밸류체인,9005,2,10,0.11,8977.0,,23482,213,729,2026-08-04 00:58:32
0193G0,1,KoAct 코스피액티브,7515,5,-170,-2.21,7505.0,,125406,955,729,2026-08-04 00:58:32
0018C0,2,PLUS 고배당주위클리고정커버드콜,10395,2,40,0.39,10383.0,-18.3305,7411,77,728,2026-08-04 00:58:32
495750,1,HANARO 코리아밸류업,29500,5,-360,-1.21,29391.0,1.9498,779,23,723,2026-08-04 00:58:32
0080X0,7,SOL 미국S&P500미국채혼합50,11270,3,0,0.0,11269.0,-1.2876,22013,249,721,2026-08-04 00:58:32
130730,6,KIWOOM 단기자금,102835,2,30,0.03,102825.0,0.6165,1591,163,721,2026-08-04 00:58:32
211560,2,TIGER 배당성장,33980,5,-200,-0.59,33956.0,-9.5662,2167,73,714,2026-08-04 00:58:32
337140,2,KODEX 코스피대형주,32400,5,-650,-1.97,32297.0,-2.7856,8162,268,713,2026-08-04 00:58:32
441540,2,HANARO Fn조선해운,26155,2,305,1.18,26040.0,-30.436,6731,176,706,2026-08-04 00:58:32
0102A0,4,TIGER 미국AI소프트웨어TOP4Plus,8040,2,440,5.79,7760.0,3.1907,25017,203,695,2026-08-04 00:58:32
475350,4,RISE 버크셔포트폴리오TOP10,15045,5,-60,-0.4,15018.0,5.6172,16103,243,692,2026-08-04 00:58:32
440640,6,ACE 단기채권알파액티브,112410,2,20,0.02,112416.0,0.7575,48,5,688,2026-08-04 00:58:32
434960,1,DAISHIN343 K200,97650,5,-2095,-2.1,97078.0,-1.0375,84,8,684,2026-08-04 00:58:32
458750,4,TIGER 미국배당다우존스타겟커버드콜1호,13280,2,15,0.11,13201.0,3.293,8422,111,677,2026-08-04 00:58:32
365040,1,TIGER AI코리아그로스액티브,32100,5,-790,-2.4,32079.0,-2.9508,12914,419,674,2026-08-04 00:58:32
0008T0,2,SOL 화장품TOP3플러스,14735,2,550,3.88,14762.0,-12.8418,162693,2397,670,2026-08-04 00:58:32
266420,2,KODEX 헬스케어,16520,2,530,3.31,16516.0,-24.2898,8673,143,661,2026-08-04 00:58:32
433880,7,PLUS TDF2060액티브 적격,18810,2,175,0.94,18759.0,-0.1867,6814,128,658,2026-08-04 00:58:32
0022T0,4,SOL 국제금커버드콜액티브,12650,5,-100,-0.78,12653.0,-13.3232,15431,195,658,2026-08-04 00:58:32
0036D0,4,TIME 미국배당다우존스액티브,13000,5,-10,-0.08,12927.0,9.4942,10365,134,650,2026-08-04 00:58:32
228800,2,TIGER 여행레저,2500,2,15,0.6,2495.0,-26.1516,39195,98,649,2026-08-04 00:58:32
453950,4,TIGER TSMC파운드리밸류체인,33230,5,-140,-0.42,33223.0,6.0712,1636,54,648,2026-08-04 00:58:32
292190,1,KODEX KRX300,42905,5,-715,-1.64,42597.0,-3.4351,3970,174,644,2026-08-04 00:58:32
0098Z0,1,FOCUS 200,85425,2,155,0.18,82394.0,-0.4622,2,0,641,2026-08-04 00:58:32
278620,6,PLUS 단기채권액티브,118770,2,45,0.04,118770.0,0.5973,4,0,637,2026-08-04 00:58:32
0089C0,4,KODEX 미국S&P500변동성확대시커버드콜,11650,2,70,0.6,11670.0,2.3301,304,3,635,2026-08-04 00:58:32
0000D0,7,TIGER 엔비디아미국채커버드콜밸런스(합성),9245,2,95,1.04,9220.0,-8.5785,6721,62,633,2026-08-04 00:58:32
0123S0,2,HANARO 26-12 은행채(AA+이상)액티브,10180,2,10,0.1,10168.0,0.5934,102,1,631,2026-08-04 00:58:32
479730,4,TIGER 인도빌리언컨슈머,10485,5,-80,-0.76,10548.0,5.1653,4690,48,629,2026-08-04 00:58:32
0115E0,2,KODEX 코리아소버린AI,13475,2,570,4.42,13436.0,-16.081,54384,731,627,2026-08-04 00:58:32
476750,6,ACE 미국30년국채엔화노출액티브(H),7730,5,-95,-1.21,7739.0,-4.2274,54022,419,626,2026-08-04 00:58:32
495940,4,RISE 미국AI테크액티브,19815,2,105,0.53,19808.0,-2.0075,1872,37,624,2026-08-04 00:58:32
419890,6,KIWOOM 단기채권ESG액티브,107375,2,65,0.06,107355.0,0.5622,5,0,623,2026-08-04 00:58:32
455660,6,ACE 미국하이일드액티브(H),9430,5,-5,-0.05,9441.0,0.1055,5635,53,622,2026-08-04 00:58:32
123310,3,TIGER 인버스,1293,5,-21,-1.6,1294.0,-13.1527,2864273,3620,619,2026-08-04 00:58:32
0040S0,4,HANARO 글로벌피지컬AI액티브,23550,2,185,0.79,23353.0,-1.4967,4118,97,612,2026-08-04 00:58:32
277640,2,TIGER 코스피대형주,33450,5,-750,-2.19,33398.0,-2.8773,11036,376,602,2026-08-04 00:58:32
440910,4,WON 미국우주항공방산,26720,2,870,3.37,26570.0,3.5035,962,25,601,2026-08-04 00:58:32
453640,4,KODEX 미국S&P500헬스케어,13970,5,-135,-0.96,13953.0,11.3086,11752,164,601,2026-08-04 00:58:32
100910,1,KIWOOM KRX100,15295,5,-385,-2.46,15244.0,0.0104,20859,326,597,2026-08-04 00:58:32
261240,7,KODEX 미국달러선물,14680,5,-45,-0.31,14684.0,-2.9974,10064,148,595,2026-08-04 00:58:32
491700,1,HK 200,97715,5,-1665,-1.68,97264.0,-1.2668,133,13,586,2026-08-04 00:58:32
225040,4,TIGER 미국S&P500레버리지(합성 H),66565,2,1290,1.98,66450.0,10.4016,2103,139,586,2026-08-04 00:58:32
0194T0,2,ACE SK하이닉스단일종목레버리지,7130,5,-680,-8.71,7108.0,,205322,1589,585,2026-08-04 00:58:32
0197W0,2,SOL SK하이닉스단일종목레버리지,7000,5,-690,-8.97,6972.0,,231641,1737,585,2026-08-04 00:58:32
275980,4,TIGER 글로벌4차산업혁신기술(합성 H),22800,5,-25,-0.11,22893.0,4.2237,534,12,579,2026-08-04 00:58:32
0111J0,2,HANARO 증권고배당TOP3플러스,12545,5,-140,-1.1,12543.0,-27.8179,13302,168,577,2026-08-04 00:58:32
252400,3,RISE 200선물레버리지,81705,5,-4930,-5.69,81661.0,-18.7023,4774,406,572,2026-08-04 00:58:32
455960,6,RISE 미국달러SOFR금리액티브(합성),12450,5,-20,-0.16,12452.0,-3.1081,245,3,570,2026-08-04 00:58:32
475310,2,SOL 반도체후공정,21495,5,-220,-1.01,21481.0,-38.6669,45402,993,570,2026-08-04 00:58:32
473640,4,HANARO 글로벌금채굴기업,28320,2,320,1.14,28224.0,-16.1803,3453,97,566,2026-08-04 00:58:32
401470,2,KODEX 메타버스액티브,9510,2,330,3.59,9458.0,-3.9247,2177,20,566,2026-08-04 00:58:32
0181L0,4,SOL 미국우주항공TOP10,6980,2,335,5.04,6999.0,-25.0846,52189,367,551,2026-08-04 00:58:32
261070,2,TIGER 코스닥150바이오테크,12280,2,865,7.58,12246.0,-36.0326,173001,2139,550,2026-08-04 00:58:32
465330,2,RISE 2차전지TOP10,9550,2,130,1.38,9534.0,-41.125,69350,674,547,2026-08-04 00:58:32
150460,2,TIGER 중국소비테마,7165,2,160,2.28,7122.0,-12.5469,5687,39,546,2026-08-04 00:58:32
0046Y0,4,ACE 미국배당퀄리티,12810,2,100,0.79,12812.0,0.2653,2783,35,544,2026-08-04 00:58:32
0185L0,4,TIME 글로벌휴머노이드로봇산업액티브,7740,5,-55,-0.71,7777.0,,7153,55,538,2026-08-04 00:58:32
0118Z0,4,ACE 미국AI테크핵심산업액티브,8725,2,355,4.24,8587.0,-14.0216,16039,140,532,2026-08-04 00:58:32
0113P0,6,HK 머니마켓액티브,102170,2,5,0.0,102180.0,0.7246,10,1,529,2026-08-04 00:58:32
298340,6,PLUS 국채선물3년,56520,2,85,0.15,56481.0,0.8668,2,0,527,2026-08-04 00:58:32
336160,6,RISE 금융채액티브,100355,2,15,0.01,100372.0,0.5391,5,0,526,2026-08-04 00:58:32
0141S0,2,SOL 조선기자재,7715,5,-15,-0.19,7713.0,-49.1615,36381,285,525,2026-08-04 00:58:32
0166S0,2,PLUS K제조업핵심기업액티브,9715,5,-150,-1.52,9647.0,-17.24,23952,236,525,2026-08-04 00:58:32
480310,4,TIGER 글로벌온디바이스AI,19030,5,-25,-0.13,19082.0,5.448,1030,19,523,2026-08-04 00:58:32
114470,6,KIWOOM 국고채3년,108005,2,10,0.01,107998.0,0.5853,170,18,518,2026-08-04 00:58:32
491220,1,PLUS 200TR,115155,5,-1500,-1.29,114571.0,-1.6939,1911,220,518,2026-08-04 00:58:32
0172V0,5,1Q 은액티브,7812,5,-13,-0.17,7771.0,-22.6779,5722,45,516,2026-08-04 00:58:32
282000,3,RISE 국고채3년선물인버스,114310,5,-20,-0.02,114339.0,0.1313,1,0,514,2026-08-04 00:58:32
428510,4,KODEX 차이나AI테크액티브,22265,2,50,0.23,21942.0,-9.6798,6593,146,512,2026-08-04 00:58:32
445150,2,KODEX 친환경조선해운액티브,26945,2,470,1.78,26794.0,-37.4729,729,19,512,2026-08-04 00:58:32
261220,5,KODEX WTI원유선물(H),22495,2,470,2.13,22497.0,-23.0568,23005,513,512,2026-08-04 00:58:32
0132H0,4,KODEX 미국원자력SMR,8520,2,255,3.09,8539.0,-23.5077,24097,205,511,2026-08-04 00:58:32
0210E0,2,PLUS 200커버드콜액티브,6700,5,-140,-2.05,6676.0,,21198,145,509,2026-08-04 00:58:32
200030,4,KODEX 미국S&P500산업재(합성),45025,2,470,1.05,45007.0,2.7559,2997,134,508,2026-08-04 00:58:32
306950,3,KODEX KRX300레버리지,63075,5,-2690,-4.09,62332.0,-22.4835,2141,140,505,2026-08-04 00:58:32
475260,6,ACE 2월만기자동연장회사채AA-이상액티브,10710,3,0,0.0,10719.0,0.469,0,0,504,2026-08-04 00:58:32
278240,3,RISE 코스닥150선물레버리지,6715,2,420,6.67,6719.0,-66.4446,146891,998,500,2026-08-04 00:58:32
0118S0,4,SOL 미국넥스트테크TOP10액티브,10610,2,250,2.41,10572.0,-8.8029,2967,31,499,2026-08-04 00:58:32
494840,4,TIGER 미국방산TOP10,13940,2,230,1.68,13928.0,2.6807,3625,50,495,2026-08-04 00:58:32
101280,4,KODEX 일본TOPIX100,30500,5,-565,-1.82,30221.0,7.6334,2224,68,494,2026-08-04 00:58:32
442560,7,RISE TDF2040액티브 적격,16440,5,-20,-0.12,16319.0,1.6676,1842,30,493,2026-08-04 00:58:32
0000Z0,2,RISE 바이오TOP10액티브,9075,2,570,6.7,9044.0,-43.6008,151838,1367,490,2026-08-04 00:58:32
385590,2,ACE ESG액티브,21250,5,-250,-1.16,21153.0,-0.0698,57,1,489,2026-08-04 00:58:32
360140,2,KODEX 200롱코스닥150숏선물,22100,5,-1490,-6.32,22134.0,52.3901,145423,3269,486,2026-08-04 00:58:32
140700,2,KODEX 보험,17965,5,-280,-1.53,17928.0,16.4538,8970,163,485,2026-08-04 00:58:32
0139P0,2,ACE 고배당주,12915,5,-130,-1.0,12909.0,-6.0711,6111,79,478,2026-08-04 00:58:32
218420,4,KODEX 미국S&P500에너지(합성),19505,2,55,0.28,19505.0,-4.6335,9587,188,477,2026-08-04 00:58:32
0194M0,2,ACE 삼성전자단일종목레버리지,8895,5,-745,-7.73,8885.0,,61372,574,471,2026-08-04 00:58:32
0041D0,4,KODEX 미국AI소프트웨어TOP10,12740,2,660,5.46,12364.0,0.2926,12782,163,471,2026-08-04 00:58:32
276990,4,KODEX 글로벌로봇(합성),26630,2,270,1.02,26519.0,-1.1068,1307,34,471,2026-08-04 00:58:32
473490,4,KIWOOM 글로벌AI반도체,30400,5,-45,-0.15,30315.0,7.7859,434,13,471,2026-08-04 00:58:32
256750,4,KODEX 차이나심천ChiNext(합성),15320,5,-75,-0.49,15321.0,-13.0226,661,10,469,2026-08-04 00:58:32
0178H0,7,IBK 미국AI TOP10국채혼합50,10075,2,215,2.18,9966.0,-1.198,8209,82,468,2026-08-04 00:58:32
287180,4,PLUS 미국나스닥테크,55015,2,245,0.45,54773.0,11.4343,2191,120,468,2026-08-04 00:58:32
447430,2,ACE 주주환원가치주액티브,15785,2,80,0.51,15753.0,-16.727,2572,40,466,2026-08-04 00:58:32
461340,4,HANARO 글로벌생성형AI액티브,42130,2,455,1.09,42208.0,5.3596,1353,57,463,2026-08-04 00:58:32
0086B0,2,TIGER 리츠부동산인프라TOP10액티브,9405,5,-50,-0.53,9450.0,-14.2173,3591,33,461,2026-08-04 00:58:32
275300,2,KODEX 우량주,27000,5,-365,-1.33,26846.0,2.4395,12917,354,459,2026-08-04 00:58:32
0020H0,4,KoAct 글로벌양자컴퓨팅액티브,21790,2,280,1.3,21811.0,-2.2051,4823,106,458,2026-08-04 00:58:32
304780,3,HANARO 200선물레버리지,101245,5,-4355,-4.12,99587.0,-18.619,1718,185,456,2026-08-04 00:58:32
472830,6,RISE 미국30년국채커버드콜(합성),8200,5,-25,-0.3,8197.0,-6.1411,14424,118,455,2026-08-04 00:58:32
453650,4,KODEX 미국S&P500금융,19990,5,-35,-0.17,19976.0,7.1165,6698,134,450,2026-08-04 00:58:32
442260,1,마이티 다이나믹퀀트액티브,33815,5,-595,-1.73,33588.0,-0.6927,8508,294,446,2026-08-04 00:58:32
475270,6,ACE 5월만기자동연장회사채AA-이상액티브,10695,3,0,0.0,10705.0,0.5641,0,0,446,2026-08-04 00:58:32
418670,4,TIGER 글로벌AI사이버보안,16990,2,545,3.31,17002.0,35.5729,20830,355,442,2026-08-04 00:58:32
371470,4,TIGER 차이나바이오테크SOLACTIVE,7995,5,-10,-0.12,8054.0,-6.6473,1986,15,441,2026-08-04 00:58:32
295020,6,RISE 국채선물10년인버스,60170,5,-115,-0.19,60208.0,2.2212,1,0,439,2026-08-04 00:58:32
401170,2,RISE 메타버스,11070,2,200,1.84,10975.0,13.1113,386,4,438,2026-08-04 00:58:32
456680,4,TIGER 차이나전기차레버리지(합성),7345,3,0,0.0,7351.0,-41.3573,193,1,436,2026-08-04 00:58:32
0141T0,6,SOL 중기종합채권(AA-이상)액티브,50275,2,5,0.01,50250.0,0.6003,4,0,435,2026-08-04 00:58:32
452250,6,ACE 미국30년국채선물레버리지(합성 H),4715,5,-25,-0.53,4747.0,-6.9677,426,2,431,2026-08-04 00:58:32
440650,6,ACE 미국달러단기채권액티브,11925,5,-45,-0.38,11916.0,-2.841,11539,138,429,2026-08-04 00:58:32
140950,1,파워 코스피100,76555,5,-1495,-1.92,75929.0,0.7377,2153,166,429,2026-08-04 00:58:32
316670,1,KIWOOM 코스닥150,6440,2,210,3.37,6416.0,-37.1025,29419,191,428,2026-08-04 00:58:32
0198A0,2,KIWOOM 코스닥150커버드콜액티브,8200,2,100,1.23,8159.0,,251680,2081,426,2026-08-04 00:58:32
429760,4,PLUS 미국S&P500,19990,2,115,0.58,19963.0,2.4177,4128,82,420,2026-08-04 00:58:32
0192L0,2,RISE SK하이닉스단일종목레버리지,7225,5,-775,-9.69,7214.0,,151620,1228,419,2026-08-04 00:58:32
261120,7,TIGER 미국달러선물인버스2X,4985,2,30,0.61,4989.0,7.251,3978,19,419,2026-08-04 00:58:32
196030,4,ACE 일본TOPIX레버리지(H),83295,5,-1175,-1.39,83064.0,11.9697,48,4,416,2026-08-04 00:58:32
0191M0,6,마이티 5월만기자동연장특수채(AAA)액티브,100505,3,0,0.0,100533.0,,0,0,416,2026-08-04 00:58:32
0007G0,4,PLUS 글로벌원자력밸류체인,13565,2,240,1.8,13490.0,-21.2704,1311,17,414,2026-08-04 00:58:32
238720,4,ACE 일본Nikkei225(H),45870,5,-530,-1.14,45914.0,8.4112,503,23,413,2026-08-04 00:58:32
253150,3,PLUS 200선물레버리지,163840,5,-9215,-5.32,163483.0,-19.0614,58675,10110,410,2026-08-04 00:58:32
476260,2,HANARO 반도체핵심공정주도주,11030,5,-85,-0.76,11015.0,-21.7254,244822,2776,408,2026-08-04 00:58:32
464470,6,PLUS 미국채30년액티브,49325,5,-205,-0.41,49393.0,-6.0589,3500,173,406,2026-08-04 00:58:32
139280,2,TIGER 경기방어,12200,2,280,2.35,12166.0,-11.6952,1087,13,400,2026-08-04 00:58:32
465350,3,RISE 2차전지TOP10인버스(합성),19995,5,-405,-1.99,20180.0,50.4424,9225,182,400,2026-08-04 00:58:32
375770,2,KODEX 탄소효율그린뉴딜,22170,5,-205,-0.92,22084.0,-3.3421,1346,30,399,2026-08-04 00:58:32
152500,3,ACE 레버리지,36215,5,-2080,-5.43,36065.0,-18.7116,31095,1197,398,2026-08-04 00:58:32
322410,2,HANARO K고배당,22080,2,140,0.64,22061.0,-9.0364,10069,222,397,2026-08-04 00:58:32
442090,2,에셋플러스 코리아대장장이액티브,26185,2,305,1.18,25970.0,-18.8588,269,7,393,2026-08-04 00:58:32
365000,2,TIGER 인터넷TOP10,3735,2,155,4.33,3733.0,-26.7145,256009,965,390,2026-08-04 00:58:32
437070,6,KODEX 아시아달러채권ESG플러스액티브,61390,2,145,0.24,61047.0,-4.034,5,0,388,2026-08-04 00:58:32
400970,2,TIGER Fn메타버스,7605,2,205,2.77,7565.0,-14.7466,177,1,388,2026-08-04 00:58:32
183700,7,RISE 200채권혼합50,91740,5,-610,-0.66,91269.0,-0.1942,2037,188,385,2026-08-04 00:58:32
352540,7,KODEX 일본부동산리츠(H),11280,5,-180,-1.57,11453.0,-1.8758,4775,54,384,2026-08-04 00:58:32
305050,1,ACE 코스피,63760,5,-1025,-1.58,63464.0,-5.6644,744,48,383,2026-08-04 00:58:32
491830,4,TIGER 미국AI반도체팹리스,21245,2,10,0.05,21277.0,8.6707,21174,455,382,2026-08-04 00:58:32
465660,4,TIGER 일본반도체FACTSET,25400,2,5,0.02,25422.0,7.6406,6854,177,381,2026-08-04 00:58:32
195930,4,TIGER 유로스탁스50(합성 H),23700,2,75,0.32,23658.0,12.4732,13505,319,379,2026-08-04 00:58:32
0189B0,5,TIGER 은액티브,7460,5,-85,-1.13,7494.0,-22.1764,8188,61,377,2026-08-04 00:58:32
139320,5,TIGER 금은선물(H),16945,5,-5,-0.03,16835.0,-13.0324,1069,18,373,2026-08-04 00:58:32
475070,4,KoAct 글로벌친환경전력인프라액티브,30990,2,900,2.99,30900.0,-23.4352,2127,66,372,2026-08-04 00:58:32
473590,4,ACE 미국주식베스트셀러,17275,2,180,1.05,17241.0,-20.6361,2440,42,371,2026-08-04 00:58:32
448570,1,FOCUS AI코리아액티브,27340,5,-530,-1.9,27194.0,-2.2792,17,0,369,2026-08-04 00:58:32
352560,7,KODEX 미국부동산리츠(H),12465,5,-95,-0.76,12581.0,3.6387,9516,118,368,2026-08-04 00:58:32
498860,2,RISE 코리아금융고배당,16260,5,-80,-0.49,16218.0,-17.5178,1465,24,366,2026-08-04 00:58:32
276970,4,KODEX 미국S&P500배당귀족커버드콜(합성 H),7740,5,-20,-0.26,7870.0,3.7699,5379,41,364,2026-08-04 00:58:32
472840,1,IBK 200,96660,5,-1905,-1.93,95938.0,-0.6672,329,32,362,2026-08-04 00:58:32
0085N0,6,ACE 미국10년국채액티브(H),9745,3,0,0.0,9740.0,-0.968,5407,52,361,2026-08-04 00:58:32
292560,7,TIGER 일본엔선물,8375,5,-40,-0.48,8364.0,-1.579,6422,53,360,2026-08-04 00:58:32
468630,6,KODEX iShares미국투자등급회사채액티브,11210,5,-25,-0.22,11148.0,-4.3959,4904,55,360,2026-08-04 00:58:32
487130,2,KoAct AI인프라액티브,23980,5,-20,-0.08,23775.0,-22.5807,22562,548,360,2026-08-04 00:58:32
0220B0,1,DS 코스닥액티브,8825,5,-20,-0.23,8808.0,,448892,4011,357,2026-08-04 00:58:32
322400,2,HANARO e커머스,10415,2,210,2.06,10430.0,-14.3158,4789,49,354,2026-08-04 00:58:32
147970,2,TIGER 모멘텀,73275,5,-665,-0.9,73091.0,-17.0891,2654,198,352,2026-08-04 00:58:32
104530,2,KIWOOM 코리아고배당,17140,2,150,0.88,17114.0,-17.2766,1176,20,351,2026-08-04 00:58:32
0154F0,2,WON 초대형IB&금융지주,11840,5,-90,-0.75,11832.0,-13.9871,820,9,349,2026-08-04 00:58:32
099140,4,KODEX 차이나H,22810,2,350,1.56,22494.0,-3.2423,502,11,342,2026-08-04 00:58:32
476690,4,TIGER 글로벌비만치료제TOP2Plus,10665,5,-185,-1.71,10650.0,12.5498,3958,42,341,2026-08-04 00:58:32
474800,4,KIWOOM 미국원유에너지기업,15160,2,10,0.07,15269.0,-6.9101,16321,249,341,2026-08-04 00:58:32
138910,5,KODEX 구리선물(H),10005,5,-45,-0.45,10018.0,9.4175,2617,26,340,2026-08-04 00:58:32
276650,4,RISE 글로벌테크놀로지(합성 H),45245,5,-70,-0.15,45098.0,7.3433,204,9,339,2026-08-04 00:58:32
459560,4,KODEX 테슬라밸류체인FactSet,21865,5,-100,-0.46,21728.0,-4.6737,331,7,339,2026-08-04 00:58:32
174360,4,RISE 중국본토대형주CSI100,24180,2,160,0.67,23986.0,-7.4196,1720,41,339,2026-08-04 00:58:32
275280,2,KODEX 모멘텀주,37565,5,-990,-2.57,37517.0,-1.0276,630,24,338,2026-08-04 00:58:32
241390,7,RISE V&S셀렉트밸류채권혼합,15280,2,55,0.36,15227.0,-5.6091,360,5,336,2026-08-04 00:58:32
469050,4,RISE 미국반도체NYSE(H),30540,5,-290,-0.94,30649.0,13.7111,6209,191,336,2026-08-04 00:58:32
0100K0,2,KODEX 방산TOP10레버리지,5975,2,415,7.46,5991.0,-65.7108,101397,599,335,2026-08-04 00:58:32
0186S0,7,1Q 코스닥150채권혼합50액티브,8045,2,175,2.22,7996.0,-19.8056,327311,2649,334,2026-08-04 00:58:32
449780,4,KIWOOM 미국S&P500(H),18500,2,160,0.87,18480.0,5.423,4696,86,333,2026-08-04 00:58:32
122260,6,KIWOOM 통안채1년,104005,2,35,0.03,103995.0,0.5561,570,59,333,2026-08-04 00:58:32
449690,4,TIGER 한중반도체(합성),44070,5,-425,-0.96,43704.0,-0.269,203,9,331,2026-08-04 00:58:32
407830,4,에셋플러스 글로벌플랫폼액티브,13770,2,270,2.0,13713.0,-9.5478,993,13,330,2026-08-04 00:58:32
253250,3,KIWOOM 200선물레버리지,80590,5,-4755,-5.57,80533.0,-18.3067,18072,1514,330,2026-08-04 00:58:32
0112X0,1,마이티 200TR,36640,5,-615,-1.65,36226.0,-0.746,214,7,330,2026-08-04 00:58:32
496770,4,PLUS 글로벌방산,18795,2,95,0.51,18871.0,2.5219,1776,33,329,2026-08-04 00:58:32
256440,4,ACE MSCI인도네시아(합성),5375,5,-75,-1.38,5398.0,-16.0247,12654,68,328,2026-08-04 00:58:32
459750,4,RISE 글로벌주식분산액티브,18150,5,-80,-0.44,18145.0,2.3769,886,16,327,2026-08-04 00:58:32
266360,2,KODEX K콘텐츠,10205,2,250,2.51,10200.0,-18.2341,6107,62,327,2026-08-04 00:58:32
491090,4,KODEX 미국테크TOP3플러스,18130,2,210,1.17,18137.0,1.1285,1804,32,326,2026-08-04 00:58:32
0023B0,4,PLUS 미국양자컴퓨팅TOP10,16207,2,627,4.02,16242.0,-6.5387,5904,96,324,2026-08-04 00:58:32
395290,2,HANARO Fn K-POP&미디어,5170,2,205,4.13,5136.0,-31.0417,4028,20,323,2026-08-04 00:58:32
494410,4,PLUS 미국S&P500성장주,14565,2,285,2.0,14545.0,2.1086,322,4,320,2026-08-04 00:58:32
0192M0,2,RISE 삼성전자단일종목레버리지,8960,5,-960,-9.68,8945.0,,27998,267,320,2026-08-04 00:58:32
0089B0,7,PLUS 미국나스닥100미국채혼합50,11410,2,15,0.13,11407.0,-0.5346,3545,40,319,2026-08-04 00:58:32
245350,4,TIGER 유로스탁스배당30,19895,2,70,0.35,19799.0,4.9124,146,2,318,2026-08-04 00:58:32
153270,1,KIWOOM 코스피100,75000,5,-1150,-1.51,74709.0,0.2192,1256,95,315,2026-08-04 00:58:32
261140,2,TIGER 우선주,22795,5,-80,-0.35,22728.0,-11.9443,6200,143,315,2026-08-04 00:58:32
0138T0,4,RISE 미국S&P500데일리고정커버드콜,9825,2,40,0.41,9820.0,1.9571,12782,126,314,2026-08-04 00:58:32
415920,5,PLUS 글로벌희토류&전략자원생산기업,6680,2,85,1.29,6638.0,-34.4434,6714,44,314,2026-08-04 00:58:32
227540,2,TIGER 200 헬스케어,17980,2,225,1.27,17981.0,-14.4132,1470,26,313,2026-08-04 00:58:32
450910,1,SOL 코스닥150,12605,2,520,4.3,12591.0,-38.0257,68961,873,313,2026-08-04 00:58:32
426150,6,WON 대한민국국고채액티브,51380,2,120,0.23,51362.0,-3.9896,21,1,309,2026-08-04 00:58:32
476070,4,KODEX 글로벌비만치료제TOP2 Plus,11145,5,-205,-1.81,11155.0,12.185,9385,105,306,2026-08-04 00:58:32
385520,2,KODEX 자율주행액티브,14530,5,-125,-0.85,14509.0,-17.2034,1638,24,305,2026-08-04 00:58:32
380340,2,ACE 코리아AI테크핵심산업,25285,2,505,2.04,25132.0,3.8993,51850,1320,303,2026-08-04 00:58:32
464920,4,PLUS 일본반도체소부장,24205,5,-265,-1.08,24154.0,0.3485,3357,82,303,2026-08-04 00:58:32
105780,2,RISE 5대그룹주,15100,5,-295,-1.92,15058.0,-1.2825,3027,46,302,2026-08-04 00:58:32
248270,4,TIGER S&P글로벌헬스케어(합성),26420,5,-165,-0.62,26211.0,8.6654,3035,80,301,2026-08-04 00:58:32
0107F0,4,KIWOOM 미국고배당&AI테크,11790,2,200,1.73,11812.0,1.1369,34296,402,301,2026-08-04 00:58:32
271060,5,KODEX 3대농산물선물(H),8165,2,140,1.74,8201.0,-7.0643,6950,56,296,2026-08-04 00:58:32
0155M0,4,ACE 미국SMR원자력TOP10,7120,2,150,2.15,7141.0,-22.7701,6641,48,295,2026-08-04 00:58:32
139270,2,TIGER 200 금융,16175,5,-200,-1.22,16121.0,-1.2725,5178,83,294,2026-08-04 00:58:32
475380,7,RISE 글로벌리얼티인컴,10830,2,50,0.46,10788.0,-6.2492,720,7,292,2026-08-04 00:58:32
387270,4,TIGER 글로벌이노베이션액티브,24005,5,-65,-0.27,23963.0,-3.4884,341,8,290,2026-08-04 00:58:32
494340,4,ACE 글로벌AI맞춤형반도체,19305,5,-115,-0.59,19251.0,4.9729,7111,138,290,2026-08-04 00:58:32
192720,2,파워 고배당저변동성,56430,2,500,0.89,56287.0,-6.39,605,34,288,2026-08-04 00:58:32
477730,4,KODEX 인도타타그룹,8060,2,55,0.69,8079.0,-1.8788,525,4,286,2026-08-04 00:58:32
415340,4,KODEX 차이나과창판STAR50(합성),13795,2,85,0.62,13764.0,-4.2264,6161,85,286,2026-08-04 00:58:32
0155N0,2,HANARO K휴머노이드테마TOP10,7310,5,-110,-1.48,7310.0,-24.0533,91742,673,285,2026-08-04 00:58:32
0203S0,7,WON 삼성전자현대차채권혼합50,8245,5,-115,-1.38,8246.0,,21117,177,284,2026-08-04 00:58:32
0137W0,4,KIWOOM 미국S&P500&GOLD,10530,2,75,0.72,10537.0,1.1601,282,2,284,2026-08-04 00:58:32
395170,2,KODEX Top10동일가중,14210,5,-435,-2.97,14175.0,-14.847,2555,36,284,2026-08-04 00:58:32
489290,4,WON 미국빌리어네어,15355,2,290,1.92,15303.0,-4.7424,100966,1563,284,2026-08-04 00:58:32
245360,4,TIGER 차이나HSCEI,12890,5,-170,-1.3,12990.0,-2.744,3449,44,284,2026-08-04 00:58:32
261250,7,KODEX 미국달러선물레버리지,16890,5,-150,-0.88,16918.0,-6.6046,2798,47,282,2026-08-04 00:58:32
252710,3,TIGER 200선물인버스2X,110,2,5,4.76,111.0,-41.3408,49483177,5261,279,2026-08-04 00:58:32
0083S0,4,1Q 미국메디컬AI,9580,2,190,2.02,9525.0,-4.0297,4176,40,278,2026-08-04 00:58:32
0209Z0,2,ACE 코리아AI전력TOP10,6170,2,95,1.56,6164.0,,92184,578,278,2026-08-04 00:58:32
156080,1,KODEX MSCI Korea,46240,5,-1235,-2.6,45938.0,2.5426,1147,53,277,2026-08-04 00:58:32
176950,6,KODEX 국채선물10년인버스,59945,5,-190,-0.32,60008.0,2.3226,100,5,277,2026-08-04 00:58:32
437350,6,RISE 미국단기투자등급회사채액티브,12565,5,-35,-0.28,12557.0,-3.2259,4726,59,276,2026-08-04 00:58:32
419430,4,KODEX 차이나2차전지MSCI(합성),9850,3,0,0.0,9795.0,-22.5629,75,0,276,2026-08-04 00:58:32
145850,2,TREX 펀더멘탈 200,110300,3,0,0.0,108159.0,6.2102,0,0,276,2026-08-04 00:58:32
275290,2,KODEX 가치주,30635,5,-655,-2.09,30599.0,4.2639,1732,53,276,2026-08-04 00:58:32
446690,4,KODEX 아시아AI반도체exChina액티브,54565,5,-290,-0.53,54226.0,-2.7184,8670,486,273,2026-08-04 00:58:32
0065G0,4,KODEX 차이나테크TOP10,9695,2,55,0.57,9717.0,-4.2576,3010,29,271,2026-08-04 00:58:32
493420,4,SOL 미국배당다우존스2호,12925,2,25,0.19,12846.0,3.7065,5448,70,271,2026-08-04 00:58:32
0204S0,1,TIGER 코스닥액티브,6015,2,115,1.95,6008.0,,29905,181,270,2026-08-04 00:58:32
469790,2,KIWOOM 코리아테크TOP10,38445,5,-1000,-2.54,38312.0,11.2062,380,14,269,2026-08-04 00:58:32
450190,4,KODEX 한중반도체(합성),44745,2,325,0.73,44097.0,-1.0029,822,36,268,2026-08-04 00:58:32
0013R0,7,RISE 테슬라미국채타겟커버드콜혼합(합성),7885,2,10,0.13,7911.0,-9.3853,1313,10,268,2026-08-04 00:58:32
167860,6,KIWOOM 국고채10년레버리지,92410,3,0,0.0,92994.0,-3.4581,0,0,268,2026-08-04 00:58:32
0223R0,4,TIGER 미국테크NYSE100액티브,9360,3,0,0.0,9369.0,,22589,213,268,2026-08-04 00:58:32
0150K0,2,KoAct 수소전력ESS인프라액티브,9385,2,585,6.65,9355.0,-48.8075,59034,557,267,2026-08-04 00:58:32
269420,4,KODEX S&P글로벌인프라(합성),23385,5,-15,-0.06,23421.0,-3.1858,557,12,267,2026-08-04 00:58:32
0192T0,2,SOL 코스닥TOP10,6480,2,245,3.93,6478.0,,128159,840,266,2026-08-04 00:58:32
440340,7,TIGER 글로벌멀티에셋TIF액티브,12345,2,35,0.28,12314.0,-1.0779,1395,17,265,2026-08-04 00:58:32
414270,4,ACE 글로벌자율주행액티브,12330,2,15,0.12,12332.0,-9.5815,617,7,265,2026-08-04 00:58:32
0152E0,2,SOL 배당성향탑픽액티브,10775,5,-45,-0.42,10770.0,-9.8637,4125,44,264,2026-08-04 00:58:32
0193L0,2,PLUS 삼성전자선물단일종목인버스2X,13150,2,665,5.33,13298.0,,713438,9081,263,2026-08-04 00:58:32
0103T0,2,1Q K소버린AI,8480,2,375,4.63,8418.0,-13.5006,29217,247,263,2026-08-04 00:58:32
292770,6,KODEX 국채선물3년인버스,57550,3,0,0.0,57532.0,0.305,0,0,262,2026-08-04 00:58:32
461600,6,SOL 미국30년국채액티브(H),8330,2,15,0.18,8325.0,-2.8054,10710,89,262,2026-08-04 00:58:32
0184E0,7,1Q 200채권혼합50액티브,10395,5,-15,-0.14,10349.0,1.129,63681,663,260,2026-08-04 00:58:32
438320,4,TIGER 차이나항셍테크레버리지(합성 H),5915,2,85,1.46,5940.0,-5.8159,747,4,260,2026-08-04 00:58:32
0115C0,4,RISE 미국고배당다우존스TOP10,11260,3,0,0.0,11204.0,2.8761,1993,22,259,2026-08-04 00:58:32
289480,3,TIGER 200커버드콜,11260,5,-120,-1.05,11224.0,1.5365,8866,101,259,2026-08-04 00:58:32
223190,2,KODEX 200가치저변동,25870,5,-250,-0.96,25756.0,-2.7001,400,10,259,2026-08-04 00:58:32
483570,4,KCGI 미국S&P500 TOP10,16105,2,250,1.58,16118.0,-2.6405,1113,18,258,2026-08-04 00:58:32
0047R0,4,RISE 팔란티어고정테크100,14685,2,595,4.22,14227.0,0.2837,24709,362,257,2026-08-04 00:58:32
0164G0,4,RISE 차이나AI반도체TOP4Plus,12210,2,5,0.04,12274.0,-3.135,9443,116,256,2026-08-04 00:58:32
0097L0,7,KIWOOM 한국고배당&미국AI테크,12420,5,-35,-0.28,12447.0,-4.9047,780,9,255,2026-08-04 00:58:32
0218J0,7,RISE 미국우주&로봇TOP2미국채혼합50,8480,2,70,0.83,8501.0,,40578,345,254,2026-08-04 00:58:32
479850,2,HANARO K-뷰티,16910,2,495,3.02,16863.0,-4.8406,9706,163,254,2026-08-04 00:58:32
117460,2,KODEX 에너지화학,12070,2,65,0.54,12078.0,-36.371,33047,402,253,2026-08-04 00:58:32
0198D0,2,1Q SK하이닉스선물단일종목레버리지,7425,5,-770,-9.4,7360.0,,47287,376,253,2026-08-04 00:58:32
0049K0,7,ACE 미국배당퀄리티채권혼합50,11245,2,45,0.4,11230.0,0.3022,5197,58,253,2026-08-04 00:58:32
0067V0,4,TIGER 차이나글로벌리더스TOP3+,10520,2,150,1.45,10426.0,-5.4695,26,0,252,2026-08-04 00:58:32
0166N0,1,PLUS 코스닥150액티브,6635,2,215,3.35,6610.0,-45.1985,50402,340,249,2026-08-04 00:58:32
204450,4,KODEX 차이나H레버리지(H),2430,5,-5,-0.21,2457.0,-3.755,3358,8,248,2026-08-04 00:58:32
280930,4,KODEX 미국러셀2000(H),16880,2,195,1.17,16850.0,7.2645,4996,84,245,2026-08-04 00:58:32
300950,2,KODEX 게임산업,5665,2,20,0.35,5657.0,-18.5426,6742,38,244,2026-08-04 00:58:32
481340,6,RISE 미국30년국채액티브,8850,5,-40,-0.45,8858.0,-6.6798,17184,152,243,2026-08-04 00:58:32
138230,7,KIWOOM 미국달러선물,16645,5,-55,-0.33,16643.0,-3.0198,3054,51,241,2026-08-04 00:58:32
368190,2,HANARO Fn K-뉴딜디지털플러스,7525,2,240,3.29,7357.0,-25.09,2,0,241,2026-08-04 00:58:32
0093D0,7,KoAct 팔란티어밸류체인액티브,17135,2,670,4.07,16653.0,-0.4836,102279,1780,240,2026-08-04 00:58:32
195970,4,PLUS 선진국MSCI(합성 H),16425,5,-50,-0.3,16381.0,8.3525,11781,193,240,2026-08-04 00:58:32
185680,4,KODEX 미국S&P바이오(합성),45030,5,-155,-0.34,44843.0,11.0878,406,18,240,2026-08-04 00:58:32
277540,4,ACE 아시아TOP50,31880,2,275,0.87,31473.0,4.3069,322,10,239,2026-08-04 00:58:32
261060,2,TIGER 코스닥150IT,19855,2,290,1.48,19823.0,-32.4763,27671,562,238,2026-08-04 00:58:32
457690,6,KODEX 33-06 국고채액티브,10530,2,25,0.24,10519.0,-0.568,3725,39,237,2026-08-04 00:58:32
411540,1,SOL 200 Top10,15725,5,-140,-0.88,15700.0,-12.3487,2568,40,236,2026-08-04 00:58:32
388280,2,RISE K엔터&여행레저,7075,5,-40,-0.56,7054.0,-15.4989,3302,23,235,2026-08-04 00:58:32
0186L0,4,KoAct 미국로봇피지컬AI액티브,9755,2,115,1.19,9671.0,-0.516,6043,59,234,2026-08-04 00:58:32
469160,4,ACE 일본반도체,25790,2,45,0.17,25690.0,6.4502,2919,76,232,2026-08-04 00:58:32
471460,6,KIWOOM 국고채30년액티브,46090,2,325,0.71,46111.0,-11.14,112,5,230,2026-08-04 00:58:32
496120,1,ACE 코리아밸류업,30670,5,-285,-0.92,30608.0,4.1808,5852,182,230,2026-08-04 00:58:32
0206G0,7,1Q 현대차기아채권혼합50,8045,5,-130,-1.59,8043.0,,8778,71,229,2026-08-04 00:58:32
442550,7,RISE TDF2030액티브 적격,14760,2,5,0.03,14649.0,0.7178,2116,31,229,2026-08-04 00:58:32
459790,4,KIWOOM 미국성장기업30액티브,20520,2,330,1.63,20373.0,-2.1566,11,0,226,2026-08-04 00:58:32
300640,2,RISE 게임테마,6520,2,125,1.95,6528.0,-20.0126,298,1,225,2026-08-04 00:58:32
117680,2,KODEX 철강,10645,2,20,0.19,10628.0,-38.4447,20185,214,224,2026-08-04 00:58:32
0047P0,4,RISE 테슬라고정테크100,14400,2,110,0.77,14401.0,-0.5272,1581,22,223,2026-08-04 00:58:32
433220,4,에셋플러스 글로벌대장장이액티브,30100,2,280,0.94,30062.0,-9.2928,28,0,223,2026-08-04 00:58:32
0190M0,4,KIWOOM 미국AI테크하이베타,8400,2,295,3.64,8413.0,,26229,221,223,2026-08-04 00:58:32
364990,2,TIGER 게임TOP10,4860,2,50,1.04,4839.0,-17.848,4256,20,221,2026-08-04 00:58:32
0026E0,4,KODEX 미국S&P500버퍼3월액티브,11940,2,30,0.25,11983.0,-0.4597,47,0,221,2026-08-04 00:58:32
217770,5,TIGER 원유선물인버스(H),1360,5,-21,-1.52,1358.0,17.8327,74333,101,220,2026-08-04 00:58:32
292500,1,SOL KRX300,43895,5,-680,-1.53,43552.0,-3.8354,2928,131,219,2026-08-04 00:58:32
447660,7,PLUS 애플채권혼합,13675,5,-75,-0.55,13644.0,4.2322,51099,702,219,2026-08-04 00:58:32
239660,6,PLUS 우량회사채50,121500,2,40,0.03,121497.0,0.6213,1474,179,219,2026-08-04 00:58:32
0153X0,4,PLUS 미국고배당주액티브,11425,2,55,0.48,11380.0,3.4107,1989,22,217,2026-08-04 00:58:32
159800,1,마이티 코스피100,77395,5,-1215,-1.55,76692.0,0.5757,4257,335,217,2026-08-04 00:58:32
463300,4,RISE 중국본토CSI300,13525,2,265,2.0,13480.0,-7.4955,249,3,216,2026-08-04 00:58:32
0144M0,4,KODEX 미국드론UAM TOP10,7590,2,250,3.41,7651.0,-7.4985,10978,83,216,2026-08-04 00:58:32
289250,2,TIGER MSCI KOREA ESG유니버설,31350,5,-450,-1.42,31124.0,5.0061,19432,618,216,2026-08-04 00:58:32
292160,1,TIGER KRX300,43130,5,-610,-1.39,42784.0,-3.6265,23187,1004,216,2026-08-04 00:58:32
091220,2,TIGER 은행,16195,5,-25,-0.15,16213.0,-0.2123,7715,125,214,2026-08-04 00:58:32
169950,4,KODEX 차이나A50,26385,2,295,1.13,26124.0,-6.4875,13,0,211,2026-08-04 00:58:32
225130,4,ACE 골드선물 레버리지(합성 H),42205,5,-45,-0.11,42055.0,-23.9013,184,7,211,2026-08-04 00:58:32
489000,6,PLUS 일본엔화초단기국채(합성),9565,5,-90,-0.93,9569.0,-1.0759,9499,91,210,2026-08-04 00:58:32
139250,2,TIGER 200 에너지화학,15450,2,110,0.72,15403.0,-26.0872,14073,220,210,2026-08-04 00:58:32
253290,7,RISE 헬스케어채권혼합,11670,2,190,1.66,11639.0,-7.9569,3995,46,210,2026-08-04 00:58:32
461450,1,KODEX 코스닥글로벌,13975,2,570,4.25,13887.0,-31.3796,14069,198,210,2026-08-04 00:58:32
364690,1,KODEX 혁신기술테마액티브,34930,5,-25,-0.07,34512.0,-5.9104,429,15,210,2026-08-04 00:58:32
0198B0,2,1Q 삼성전자선물단일종목레버리지,9250,5,-695,-6.99,9164.0,,37907,365,208,2026-08-04 00:58:32
0221Z0,2,ACE K바이오코스닥액티브,10390,2,760,7.89,10374.0,,200499,2079,208,2026-08-04 00:58:32
152380,6,KODEX 국채선물10년,65150,2,130,0.2,65143.0,-1.3279,66,4,207,2026-08-04 00:58:32
497780,4,KoAct 미국천연가스인프라액티브,10755,5,-125,-1.15,10786.0,-6.1966,1585,17,204,2026-08-04 00:58:32
367740,2,HANARO Fn5G산업,37135,2,360,0.98,36918.0,-6.3296,996,37,204,2026-08-04 00:58:32
371450,4,TIGER 글로벌클라우드컴퓨팅INDXX,13190,2,270,2.09,13133.0,23.0476,13343,177,200,2026-08-04 00:58:32
0177A0,2,WON 두산그룹포커스,8000,5,-60,-0.74,7987.0,-33.9886,20221,163,200,2026-08-04 00:58:32
0127R0,4,RISE 미국AI클라우드인프라,16640,2,1075,6.91,16596.0,3.9423,9548,159,200,2026-08-04 00:58:32
464600,2,SOL 자동차소부장Fn,20905,5,-175,-0.83,20830.0,-4.9809,4432,92,199,2026-08-04 00:58:32
376410,2,TIGER 탄소효율그린뉴딜,21900,5,-325,-1.46,21870.0,-3.1048,563,12,197,2026-08-04 00:58:32
375760,2,HANARO 탄소효율그린뉴딜,21890,5,-375,-1.68,21787.0,-2.543,17,0,197,2026-08-04 00:58:32
236350,4,TIGER 인도니프티50레버리지(합성),31775,2,380,1.21,31521.0,-4.1667,8,0,197,2026-08-04 00:58:32
0104P0,2,TIGER 코리아배당다우존스위클리커버드콜,10810,3,0,0.0,10774.0,-8.3095,6290,68,195,2026-08-04 00:58:32
108590,1,TREX 200,97100,5,-1585,-1.61,96200.0,-0.9714,17,1,194,2026-08-04 00:58:32
0203R0,6,WON 중단기종합채권(A-이상)액티브,50340,3,0,0.0,50377.0,,0,0,191,2026-08-04 00:58:32
213630,4,PLUS 미국다우존스고배당주(합성 H),20770,5,-130,-0.62,20944.0,6.0644,6082,126,191,2026-08-04 00:58:32
468370,6,KODEX iShares미국인플레이션국채액티브,11030,5,-55,-0.5,10942.0,-4.1234,1483,16,190,2026-08-04 00:58:32
0223A0,2,RISE 코스닥커버드콜액티브,9477,2,217,2.34,9467.0,,59399,567,190,2026-08-04 00:58:32
445910,2,TIGER MKF배당귀족,19920,2,305,1.55,19828.0,-11.7086,2217,43,189,2026-08-04 00:58:32
304770,1,HANARO 코스닥150,12950,2,490,3.93,12877.0,-37.3555,10165,132,189,2026-08-04 00:58:32
337120,2,KODEX 멀티팩터,31445,3,0,0.0,30869.0,-3.9066,2,0,189,2026-08-04 00:58:32
461910,4,PLUS 미국테크TOP10레버리지(합성),37580,2,920,2.51,37761.0,-9.8931,564,21,188,2026-08-04 00:58:32
416090,4,ACE 중국과창판STAR50,12485,2,80,0.64,12424.0,-4.8697,2866,35,187,2026-08-04 00:58:32
404260,2,KODEX 기후변화솔루션,20725,5,-5,-0.02,20577.0,-20.1295,435,8,187,2026-08-04 00:58:32
460660,4,RISE 미국S&P배당킹,12410,5,-15,-0.12,12336.0,6.65,352,4,186,2026-08-04 00:58:32
219390,4,RISE 미국S&P원유생산기업(합성 H),7595,2,40,0.53,7738.0,-4.789,6425,49,186,2026-08-04 00:58:32
407310,1,HANARO 200 TOP10,15485,5,-45,-0.29,15375.0,-12.6304,1168,18,186,2026-08-04 00:58:32
483330,4,ACE 마이크로소프트밸류체인액티브,14820,2,450,3.13,14744.0,4.2815,18793,279,185,2026-08-04 00:58:32
0018Z0,4,RISE 미국양자컴퓨팅,18375,2,625,3.52,18347.0,-0.5458,1173,21,184,2026-08-04 00:58:32
417630,2,TIGER KEDI혁신기업ESG30,17455,2,125,0.72,17412.0,-16.3207,169,2,183,2026-08-04 00:58:32
226980,1,KODEX 200 중소형,20325,2,145,0.72,20241.0,-30.0173,1022,20,183,2026-08-04 00:58:32
474920,4,에셋플러스 차이나일등기업포커스10액티브,19445,2,265,1.38,19243.0,13.29,7,0,183,2026-08-04 00:58:32
487950,4,KODEX 대만테크고배당다우존스,12555,5,-20,-0.16,12473.0,5.4195,894,11,182,2026-08-04 00:58:32
461900,4,PLUS 미국테크TOP10,22695,2,300,1.34,22689.0,-3.7809,2988,68,182,2026-08-04 00:58:32
284980,2,RISE 200금융,21500,5,-260,-1.19,21433.0,-1.1047,1832,39,181,2026-08-04 00:58:32
289040,2,KODEX MSCI KOREA ESG유니버설,30000,5,-545,-1.78,29887.0,3.132,14,0,180,2026-08-04 00:58:32
449580,7,RISE 테슬라애플아마존채권혼합,16270,2,50,0.31,16297.0,-0.8078,2199,35,179,2026-08-04 00:58:32
0192S0,7,SOL 코스피200채권혼합50,8925,5,-125,-1.38,8917.0,,120112,1092,179,2026-08-04 00:58:32
0220A0,7,KIWOOM 현대차그룹TOP3채권혼합50,9215,5,-135,-1.44,9219.0,,9972,92,175,2026-08-04 00:58:32
477490,4,에셋플러스 글로벌일등기업포커스10액티브,19435,5,-10,-0.05,19424.0,-0.9172,17,0,175,2026-08-04 00:58:32
250730,4,RISE 차이나HSCEI(H),10260,2,205,2.04,10238.0,-0.4949,3018,30,174,2026-08-04 00:58:32
183710,7,RISE 주식혼합,87175,2,70,0.08,85365.0,0.2917,304,26,174,2026-08-04 00:58:32
415760,4,SOL 차이나육성산업액티브(합성),12725,5,-125,-0.97,12812.0,-3.5286,4557,58,173,2026-08-04 00:58:32
381560,2,HANARO Fn전기&수소차,15690,2,50,0.32,15595.0,-13.5077,7758,122,173,2026-08-04 00:58:32
419650,4,PLUS 글로벌수소&차세대연료전지,5225,2,5,0.1,5192.0,-24.1831,1705,8,172,2026-08-04 00:58:32
453630,4,KODEX 미국S&P500필수소비재,12765,5,-75,-0.58,12749.0,0.0257,1964,25,172,2026-08-04 00:58:32
332620,6,PLUS 미국장기우량회사채,91640,2,360,0.39,91244.0,-5.6964,41,3,171,2026-08-04 00:58:32
0086C0,7,TIGER 리츠부동산인프라10채권혼합액티브,9790,5,-5,-0.05,9779.0,-6.2803,5156,50,171,2026-08-04 00:58:32
445690,2,BNK 주주가치액티브,28380,5,-180,-0.63,28173.0,-6.8494,150,4,170,2026-08-04 00:58:32
195920,4,TIGER 일본TOPIX(합성 H),33940,3,0,0.0,33960.0,6.4116,1,0,170,2026-08-04 00:58:32
276000,4,TIGER 글로벌자원생산기업(합성 H),19950,2,350,1.79,19760.0,-3.7801,170,3,170,2026-08-04 00:58:32
280320,4,ACE 미국IT인터넷(합성 H),21195,2,620,3.01,21295.0,2.6184,1729,36,170,2026-08-04 00:58:32
0051A0,4,KoAct 브로드컴밸류체인액티브,24185,2,125,0.52,24177.0,4.3591,976,23,169,2026-08-04 00:58:32
453010,7,PLUS KOFR금리,109620,2,10,0.01,109626.0,0.6381,1141,125,169,2026-08-04 00:58:32
304760,1,HANARO KRX300,42200,5,-495,-1.16,41951.0,-3.9081,8,0,169,2026-08-04 00:58:32
0105D0,2,SOL 한국AI소프트웨어,9370,2,300,3.31,9341.0,-9.7962,76570,719,169,2026-08-04 00:58:32
228820,1,TIGER KTOP30,16835,5,-100,-0.59,16771.0,-4.0824,12938,221,168,2026-08-04 00:58:32
291130,4,ACE MSCI멕시코(합성),18605,5,-105,-0.56,18836.0,-2.6789,29,0,167,2026-08-04 00:58:32
229720,1,KODEX KTOP30,33405,5,-425,-1.26,33223.0,-3.6337,4239,144,167,2026-08-04 00:58:32
453820,4,KODEX 인도Nifty50레버리지(합성),12780,5,-75,-0.58,12924.0,-3.3459,5116,65,166,2026-08-04 00:58:32
494420,2,PLUS 미국배당증가성장주데일리커버드콜,9610,5,-15,-0.16,9566.0,3.8205,1610,15,163,2026-08-04 00:58:32
432840,4,HANARO 미국S&P500,20205,2,160,0.8,20153.0,2.1064,2081,42,162,2026-08-04 00:58:32
225060,4,TIGER 이머징마켓MSCI레버리지(합성 H),15210,5,-70,-0.46,15204.0,4.6933,14,0,161,2026-08-04 00:58:32
227830,1,PLUS 코스피,64130,5,-175,-0.27,63219.0,-6.1289,25,1,160,2026-08-04 00:58:32
385600,2,ACE 2차전지&친환경차액티브,10580,5,-135,-1.26,10565.0,-17.0666,1002,10,159,2026-08-04 00:58:32
265690,4,ACE 러시아MSCI(합성),8535,3,0,0.0,48.0,0.0,0,0,158,2026-08-04 00:58:32
0000H0,2,KODEX 인도Nifty미드캡100,10875,5,-40,-0.37,10903.0,2.5814,717,7,158,2026-08-04 00:58:32
0216Z0,2,ACE K방산TOP5+,8410,2,400,4.99,8376.0,,10618,88,156,2026-08-04 00:58:32
289260,2,TIGER MSCI KOREA ESG리더스,25900,5,-70,-0.27,25698.0,2.6482,11530,300,155,2026-08-04 00:58:32
292050,1,RISE KRX300,43865,5,-740,-1.66,43819.0,-3.91,2658,119,154,2026-08-04 00:58:32
404120,2,TIME K신재생에너지액티브,21855,2,505,2.37,21655.0,-24.1833,6830,150,153,2026-08-04 00:58:32
488290,4,MIDAS 일본테크액티브,43505,5,-120,-0.28,43528.0,1.5952,331,14,152,2026-08-04 00:58:32
491510,2,파워 K-주주가치액티브,16900,2,45,0.27,16930.0,-9.5858,12,0,152,2026-08-04 00:58:32
391670,1,HK 베스트일레븐액티브,25300,3,0,0.0,25204.0,1.586,13,0,152,2026-08-04 00:58:32
0207Z0,4,KIWOOM 미국우주데이터센터인프라,7030,2,240,3.53,7062.0,,4839,34,151,2026-08-04 00:58:32
114460,6,ACE 국고채3년,100750,2,95,0.09,100736.0,0.5277,320,32,151,2026-08-04 00:58:32
0153P0,2,ACE 리츠부동산인프라액티브,9390,5,-25,-0.27,9393.0,-11.7291,2076,19,150,2026-08-04 00:58:32
379790,4,RISE 유로스탁스50(H),17600,2,160,0.92,17442.0,12.9144,15436,271,150,2026-08-04 00:58:32
131890,2,ACE 삼성그룹동일가중,37305,5,-70,-0.19,37196.0,-1.6448,159,5,149,2026-08-04 00:58:32
0207G0,2,SOL 우주항공밸류체인,6070,2,415,7.34,6024.0,,288980,1756,149,2026-08-04 00:58:32
0104G0,2,PLUS K방산레버리지,5795,2,395,7.31,5754.0,-67.2032,18959,108,148,2026-08-04 00:58:32
0193K0,2,PLUS 삼성전자단일종목레버리지,9800,5,-935,-8.71,9744.0,,24305,255,147,2026-08-04 00:58:32
0013P0,4,RISE 미국은행TOP10,13340,2,80,0.6,13253.0,11.1937,15881,212,147,2026-08-04 00:58:32
396510,4,TIGER 차이나클린에너지SOLACTIVE,7705,2,95,1.25,7707.0,-15.2562,151,1,145,2026-08-04 00:58:32
337150,2,KODEX 200exTOP,23540,2,325,1.4,23350.0,-17.2167,133,3,141,2026-08-04 00:58:32
130680,5,TIGER 원유선물Enhanced(H),6550,2,120,1.87,6592.0,-21.5854,23612,154,141,2026-08-04 00:58:32
438900,2,HANARO Fn K-푸드,10825,2,70,0.65,10830.0,-13.0464,10794,116,141,2026-08-04 00:58:32
484890,6,SOL 머니마켓액티브,52430,2,15,0.03,52422.0,0.6625,205,10,141,2026-08-04 00:58:32
104520,2,KIWOOM 블루칩,14020,2,180,1.3,13930.0,-11.0632,9,0,140,2026-08-04 00:58:32
413930,2,WON AI ESG액티브,25155,5,-280,-1.1,24998.0,-5.0756,49,1,138,2026-08-04 00:58:32
0028X0,4,KODEX 미국금융테크액티브,11965,2,140,1.18,11961.0,4.9114,714,8,138,2026-08-04 00:58:32
0127V0,4,KIWOOM 미국S&P500 TOP10&배당다우비중전환,10960,2,140,1.29,10924.0,-0.7816,109,1,137,2026-08-04 00:58:32
0224X0,7,1Q 엔비디아알파벳미국채혼합50,10135,2,95,0.95,10102.0,,64768,659,137,2026-08-04 00:58:32
387280,2,TIGER 퓨처모빌리티액티브,10285,2,65,0.64,10198.0,-26.5541,10101,103,137,2026-08-04 00:58:32
417450,4,RISE 글로벌수소경제,16040,5,-90,-0.56,15853.0,-15.299,106,1,136,2026-08-04 00:58:32
435040,4,ACE 글로벌브랜드TOP10,19445,2,130,0.67,19417.0,0.1792,13,0,136,2026-08-04 00:58:32
0127T0,4,KIWOOM 미국S&P500&배당다우존스비중전환,11310,2,75,0.67,11263.0,2.4881,145,1,136,2026-08-04 00:58:32
0004G0,4,1Q 미국배당TOP30,9585,2,100,1.05,9557.0,6.2844,823,7,134,2026-08-04 00:58:32
360150,2,KODEX 코스닥150롱코스피200숏선물,3255,2,185,6.03,3253.0,-40.619,263516,846,133,2026-08-04 00:58:32
489860,4,KIWOOM 글로벌전력GRID인프라,15650,2,60,0.38,15665.0,-5.5712,2433,38,133,2026-08-04 00:58:32
465670,4,TIGER 미국캐시카우100,16590,2,75,0.45,16551.0,10.436,3903,65,133,2026-08-04 00:58:32
102960,2,KODEX 기계장비,12450,2,265,2.17,12393.0,-40.7489,1098,13,132,2026-08-04 00:58:32
0090B0,2,PLUS K방산소부장,6435,2,150,2.39,6406.0,-56.4751,15999,103,132,2026-08-04 00:58:32
234310,2,RISE V&S셀렉트밸류,26270,2,195,0.75,26083.0,-12.1463,3,0,131,2026-08-04 00:58:32
0015F0,7,KIWOOM 팔란티어미국30년국채혼합액티브(H),10095,2,385,3.96,9789.0,-3.2273,1439,14,131,2026-08-04 00:58:32
428560,4,KODEX 미국ETF산업Top10 Indxx,16255,2,135,0.84,16230.0,-2.772,695,11,130,2026-08-04 00:58:32
0194R0,2,KIWOOM SK하이닉스선물단일종목레버리지,7005,5,-630,-8.25,6935.0,,21760,163,130,2026-08-04 00:58:32
300610,2,TIGER K게임,5510,2,70,1.29,5514.0,-20.0,6182,33,129,2026-08-04 00:58:32
435550,7,KIWOOM TDF2050액티브 적격,18320,2,205,1.13,18112.0,1.9217,188,3,128,2026-08-04 00:58:32
137610,5,TIGER 농산물선물Enhanced(H),5325,2,55,1.04,5350.0,-5.0451,8446,44,128,2026-08-04 00:58:32
0088N0,2,WON K-글로벌수급상위,9435,2,135,1.45,9401.0,-37.938,406,3,127,2026-08-04 00:58:32
266410,2,KODEX 필수소비재,9075,2,135,1.51,9067.0,-11.7354,6180,56,127,2026-08-04 00:58:32
453660,4,KODEX 미국S&P500경기소비재,18135,2,130,0.72,18169.0,-2.7704,1981,35,127,2026-08-04 00:58:32
244620,2,KODEX 모멘텀Plus,18120,2,220,1.23,17993.0,-22.3259,54,0,127,2026-08-04 00:58:32
269530,4,PLUS S&P글로벌인프라,21090,2,240,1.15,21042.0,-3.3188,111,2,127,2026-08-04 00:58:32
0008E0,4,ACE 미국중심중소형제조업,13315,2,320,2.46,13266.0,-6.2748,43,0,126,2026-08-04 00:58:32
404650,2,SOL KRX기후변화솔루션,21005,2,10,0.05,20574.0,-19.1318,10,0,126,2026-08-04 00:58:32
496130,1,TRUSTON 코리아밸류업액티브,23330,5,-430,-1.81,23257.0,-3.903,9,0,126,2026-08-04 00:58:32
269370,4,TIGER S&P글로벌인프라(합성),17995,5,-5,-0.03,18022.0,-3.3884,53,0,126,2026-08-04 00:58:32
266390,2,KODEX 경기소비재,13895,2,10,0.07,13880.0,14.9988,105,1,125,2026-08-04 00:58:32
463640,4,KODEX 미국S&P500유틸리티,14695,5,-20,-0.14,14610.0,-5.4117,4952,72,125,2026-08-04 00:58:32
472720,1,TRUSTON 주주가치액티브,23990,5,-290,-1.19,23871.0,-12.2833,14,0,125,2026-08-04 00:58:32
332610,6,PLUS 미국단기회사채(AAA~A),129540,5,-145,-0.11,129503.0,-3.0936,210,27,124,2026-08-04 00:58:32
363510,6,SOL KIS단기통안채,111935,3,0,0.0,111950.0,0.575,0,0,124,2026-08-04 00:58:32
494180,4,TIME 글로벌소비트렌드액티브,13725,2,50,0.37,13719.0,-1.3348,14,0,124,2026-08-04 00:58:32
453060,6,HANARO KOFR금리액티브(합성),111160,5,-5,0.0,111162.0,0.6655,300,33,122,2026-08-04 00:58:32
457700,6,KODEX 53-09 국고채액티브,9245,2,65,0.71,9230.0,-10.3516,367,3,122,2026-08-04 00:58:32
354240,7,RISE 미국고정배당우선증권,11085,2,15,0.14,10990.0,-4.9378,208,2,122,2026-08-04 00:58:32
0084E0,7,KIWOOM 미국대형주500월간목표헤지액티브,10530,3,0,0.0,10551.0,-0.6764,0,0,121,2026-08-04 00:58:32
400570,4,KODEX 유럽탄소배출권선물ICE(H),11005,5,-80,-0.72,11133.0,10.4083,737,8,121,2026-08-04 00:58:32
290080,3,RISE 200고배당커버드콜ATM,6915,2,65,0.95,7030.0,-14.3589,2266,15,121,2026-08-04 00:58:32
485810,4,TIME 글로벌바이오액티브,10845,5,-110,-1.0,10787.0,11.558,643,6,119,2026-08-04 00:58:32
371870,4,ACE 차이나항셍테크,7455,2,10,0.13,7419.0,-3.5622,18,0,119,2026-08-04 00:58:32
448490,6,HANARO 32-10 국고채액티브,53100,2,165,0.31,53015.0,-1.5713,11,0,119,2026-08-04 00:58:32
409810,4,KODEX 미국나스닥100선물인버스(H),5650,5,-65,-1.14,5654.0,-5.4591,25661,144,119,2026-08-04 00:58:32
0094L0,4,RISE 차이나테크TOP10위클리타겟커버드콜,8455,2,35,0.42,8509.0,-4.4252,1118,9,118,2026-08-04 00:58:32
251590,2,PLUS 고배당저변동50,16735,2,100,0.6,16692.0,-10.1022,293,4,117,2026-08-04 00:58:32
464610,2,SOL 의료기기소부장Fn,7755,2,355,4.8,7708.0,-22.1053,23346,178,116,2026-08-04 00:58:32
451600,6,PLUS 국고채30년액티브,84825,3,0,0.0,85043.0,-12.1122,0,0,116,2026-08-04 00:58:32
280920,2,PLUS 주도업종,20975,3,0,0.0,20708.0,-14.4402,0,0,115,2026-08-04 00:58:32
395760,2,PLUS ESG성장주액티브,19175,2,65,0.34,18949.0,-9.9435,8,0,115,2026-08-04 00:58:32
279540,2,KODEX 최소변동성,19160,2,30,0.16,18890.0,-13.2512,1,0,115,2026-08-04 00:58:32
310080,4,RISE 중국MSCI China(H),9980,2,385,4.01,9627.0,-1.2353,2697,26,115,2026-08-04 00:58:32
419420,4,KODEX 미국클린에너지나스닥,9560,2,200,2.14,9441.0,-16.2328,274,2,115,2026-08-04 00:58:32
0093B0,4,RISE 엔비디아고정테크100,12740,2,205,1.64,12737.0,2.4026,149,1,115,2026-08-04 00:58:32
410870,2,TIME K컬처액티브,9505,2,275,2.98,9460.0,-21.4469,1935,18,114,2026-08-04 00:58:32
430500,7,KIWOOM 물가채KIS,112975,2,125,0.11,112905.0,-0.3048,26,2,113,2026-08-04 00:58:32
140580,2,RISE 우량업종대표주,22385,2,250,1.13,22215.0,-16.3613,75,1,112,2026-08-04 00:58:32
0067Y0,4,TIGER 차이나AI소프트웨어,11120,2,75,0.68,11161.0,-11.7107,291,3,111,2026-08-04 00:58:32
451150,4,에셋플러스 글로벌영에이지액티브,17905,3,0,0.0,18040.0,-1.2955,1,0,111,2026-08-04 00:58:32
0208N0,1,IBK 코스피액티브,6705,5,-175,-2.54,6675.0,,5629,38,111,2026-08-04 00:58:32
0222D0,2,KoAct 고배당액티브,9925,3,0,0.0,9915.0,,20289,201,109,2026-08-04 00:58:32
456250,4,KODEX 유럽명품TOP10 STOXX,9490,2,155,1.66,9469.0,3.5098,5729,54,109,2026-08-04 00:58:32
354350,4,HANARO 글로벌럭셔리S&P(합성),20890,2,265,1.28,20791.0,4.6954,263,5,109,2026-08-04 00:58:32
498050,2,HANARO 바이오코리아액티브,10805,2,800,8.0,10728.0,-32.6717,5410,57,108,2026-08-04 00:58:32
0068M0,4,KODEX 미국S&P500버퍼6월액티브,11980,3,0,0.0,12060.0,-0.1108,0,0,108,2026-08-04 00:58:32
487910,4,ACE 인도컨슈머파워액티브,8975,5,-25,-0.28,8990.0,4.3478,53,0,108,2026-08-04 00:58:32
0002C0,4,에셋플러스 인도일등기업포커스20액티브,9900,2,10,0.1,9912.0,3.6144,11,0,107,2026-08-04 00:58:32
407820,2,에셋플러스 코리아플랫폼액티브,5865,2,170,2.99,5828.0,-33.8176,1,0,106,2026-08-04 00:58:32
166400,3,TIGER 200커버드콜OTM,21110,5,-275,-1.29,20979.0,-3.9247,1280,27,106,2026-08-04 00:58:32
117690,4,TIGER 차이나항셍30,21025,2,65,0.31,21012.0,-2.9855,125,2,105,2026-08-04 00:58:32
460270,6,KIWOOM 미국달러SOFR금리액티브(합성),12925,5,-20,-0.15,12909.0,-2.6692,16,0,105,2026-08-04 00:58:32
487750,2,BNK 온디바이스AI,26010,5,-515,-1.94,25881.0,-7.8514,7005,187,104,2026-08-04 00:58:32
181480,7,ACE 미국부동산리츠(합성 H),86650,2,630,0.73,86620.0,3.0108,264,22,104,2026-08-04 00:58:32
252650,1,KODEX 200동일가중,17180,2,35,0.2,17151.0,-19.4875,9868,170,103,2026-08-04 00:58:32
373490,2,KODEX 코리아혁신성장액티브,22900,2,520,2.32,22546.0,-27.7832,91,2,103,2026-08-04 00:58:32
385710,2,TIME K이노베이션액티브,10265,2,370,3.74,10162.0,-33.5907,34,0,103,2026-08-04 00:58:32
0113G0,4,KoAct 미국바이오헬스케어액티브,10625,5,-105,-0.98,10650.0,9.8822,924,9,101,2026-08-04 00:58:32
237440,7,TIGER 경기방어채권혼합,10080,5,-45,-0.44,10137.0,-2.7378,3281,33,101,2026-08-04 00:58:32
463690,4,KODEX 미국S&P500커뮤니케이션,18270,2,300,1.67,18333.0,-8.6276,2231,40,100,2026-08-04 00:58:32
429010,4,TIGER 미국나스닥넥스트100,20065,2,65,0.33,19976.0,8.6366,39,0,100,2026-08-04 00:58:32
0120J0,2,BNK 카카오그룹포커스,8025,2,185,2.36,7996.0,-19.6722,9089,72,100,2026-08-04 00:58:32
0001P0,2,마이티 바이오시밀러&CDMO액티브,8950,2,415,4.86,8895.0,-33.3204,4558,40,100,2026-08-04 00:58:32
140710,2,KODEX 운송,6215,2,95,1.55,6197.0,-8.9653,4435,27,99,2026-08-04 00:58:32
0189Z0,2,DAISHIN343 금융&지주고배당,9935,2,65,0.66,9893.0,,15,0,99,2026-08-04 00:58:32
252000,1,TIGER 200동일가중,17935,2,175,0.99,17956.0,-20.3083,19495,350,99,2026-08-04 00:58:32
446700,2,RISE 배터리 리사이클링,9120,2,205,2.3,9047.0,-40.9408,955,8,98,2026-08-04 00:58:32
0174R0,4,KIWOOM 미국성장다우존스,11550,2,205,1.81,11503.0,0.799,2600,29,98,2026-08-04 00:58:32
399580,4,RISE 글로벌클린에너지,9795,2,205,2.14,9759.0,-15.5319,557,5,98,2026-08-04 00:58:32
371150,4,RISE 차이나항셍테크,7430,2,10,0.13,7401.0,-3.1161,385,2,97,2026-08-04 00:58:32
0191S0,1,IBK 코스닥150,13005,2,395,3.13,12987.0,,38481,503,96,2026-08-04 00:58:32
395150,2,KODEX 웹툰&드라마,1880,2,80,4.44,1883.0,-30.3676,6367,11,96,2026-08-04 00:58:32
375270,7,RISE 글로벌데이터센터리츠(합성),14490,2,30,0.21,14419.0,-6.2865,826,11,94,2026-08-04 00:58:32
0203D0,7,PLUS 200위클리커버드콜채권혼합,8525,5,-55,-0.64,8516.0,,3814,32,94,2026-08-04 00:58:32
281990,2,RISE 중소형고배당,17000,2,250,1.49,16961.0,-17.5552,43,0,94,2026-08-04 00:58:32
0084D0,7,KIWOOM 미국테크100월간목표헤지액티브,11660,2,100,0.87,11682.0,0.8985,357,4,93,2026-08-04 00:58:32
461580,1,TIGER 코스닥글로벌,14350,2,740,5.44,14186.0,-32.3223,15874,228,93,2026-08-04 00:58:32
0133E0,4,TIGER 차이나증권,8875,5,-5,-0.06,8962.0,-2.2565,3833,34,93,2026-08-04 00:58:32
0224D0,4,KIWOOM 미국CPU반도체TOP4+,9295,5,-50,-0.54,9313.0,,23196,217,93,2026-08-04 00:58:32
140570,2,RISE 수출주,23195,2,240,1.05,23038.0,-19.3855,21,0,93,2026-08-04 00:58:32
0214M0,2,MIDAS 바이오헬스케어액티브,10840,2,785,7.81,10729.0,,1094,11,92,2026-08-04 00:58:32
105010,4,TIGER 라틴35,6580,5,-80,-1.2,6579.0,-5.6168,234,1,92,2026-08-04 00:58:32
301400,1,PLUS 코스닥150,13000,2,565,4.54,12987.0,-37.9801,8845,115,91,2026-08-04 00:58:32
449680,7,TIGER 한중전기차(합성),10685,3,0,0.0,10669.0,-28.2886,37,0,91,2026-08-04 00:58:32
480460,7,WON 한국부동산TOP3플러스,9070,2,55,0.61,9094.0,-14.5437,95,0,91,2026-08-04 00:58:32
341850,7,TIGER 리츠부동산인프라채권,4525,3,0,0.0,4530.0,-9.1266,8906,40,91,2026-08-04 00:58:32
435540,7,KIWOOM TDF2040액티브 적격,17860,2,200,1.13,17628.0,2.2848,36,0,89,2026-08-04 00:58:32
497510,4,ACE 글로벌빅파마,12700,5,-195,-1.51,12709.0,8.9127,659,8,89,2026-08-04 00:58:32
230480,7,KIWOOM 미국달러선물인버스2X,4345,2,20,0.46,4363.0,6.527,78,0,87,2026-08-04 00:58:32
0219B0,2,KoAct 광통신&위성네트워크액티브,9700,2,570,6.24,9677.0,,37508,366,87,2026-08-04 00:58:32
0194N0,2,KIWOOM 삼성전자선물단일종목레버리지,9000,5,-675,-6.98,8975.0,,21431,206,86,2026-08-04 00:58:32
487920,4,ACE 인도시장대표BIG5그룹액티브,8520,2,10,0.12,8550.0,0.9489,259,2,85,2026-08-04 00:58:32
395280,2,HANARO Fn K-게임,3615,2,85,2.41,3583.0,-17.7157,5,0,85,2026-08-04 00:58:32
429980,7,SOL 한국형글로벌전기차&2차전지액티브,16950,2,305,1.83,16905.0,-12.7621,116,1,85,2026-08-04 00:58:32
261110,7,TIGER 미국달러선물레버리지,16940,5,-160,-0.94,16949.0,-6.2243,298,5,85,2026-08-04 00:58:32
0184N0,7,PLUS 은채권혼합,8410,5,-15,-0.18,8418.0,,11213,94,84,2026-08-04 00:58:32
215620,2,HK S&P코리아로우볼,15430,3,0,0.0,15628.0,-15.7061,0,0,83,2026-08-04 00:58:32
482030,2,KoAct 반도체&2차전지핵심소재액티브,7930,2,150,1.93,7894.0,-45.8218,4168,33,83,2026-08-04 00:58:32
182490,6,TIGER 단기선진하이일드(합성 H),13875,2,45,0.33,13825.0,0.0723,28,0,83,2026-08-04 00:58:32
404540,2,TIGER KRX기후변화솔루션,20805,2,115,0.56,20675.0,-20.6941,10419,217,83,2026-08-04 00:58:32
497520,4,ACE 일라이릴리밸류체인,12800,5,-40,-0.31,12805.0,11.1207,1314,16,83,2026-08-04 00:58:32
217780,4,TIGER 차이나CSI300인버스(합성),5355,3,0,0.0,5422.0,5.103,0,0,83,2026-08-04 00:58:32
0216K0,7,KIWOOM 미국우주테크TOP2채권혼합50,8245,2,245,3.06,8351.0,,9698,80,82,2026-08-04 00:58:32
270800,2,RISE KQ고배당,14910,2,340,2.33,14808.0,-17.3321,9,0,82,2026-08-04 00:58:32
462340,4,에셋플러스 글로벌다이나믹시니어액티브,16400,3,0,0.0,16514.0,8.2508,1,0,82,2026-08-04 00:58:32
225800,7,KIWOOM 미국달러선물레버리지,15970,5,-60,-0.37,15962.0,-7.0186,46,0,81,2026-08-04 00:58:32
490330,4,KoAct 미국치매&뇌질환치료제액티브,14550,5,-415,-2.77,14566.0,22.313,1880,27,80,2026-08-04 00:58:32
0166T0,4,PLUS 글로벌저작권핵심기업액티브,9910,2,170,1.75,9900.0,-2.5513,15417,153,79,2026-08-04 00:58:32
435530,7,KIWOOM TDF2030액티브 적격,15820,2,80,0.51,15674.0,2.034,5,0,79,2026-08-04 00:58:32
0082F0,4,HANARO 유럽방산,11260,2,295,2.69,11203.0,5.2808,87,0,79,2026-08-04 00:58:32
0215T0,4,HANARO 미국AI광통신TOP10,8650,2,415,5.04,8646.0,,50134,438,78,2026-08-04 00:58:32
494210,4,SOL 미국500타겟데일리커버드콜액티브,11120,2,85,0.77,11116.0,2.193,386,4,78,2026-08-04 00:58:32
189400,4,PLUS 글로벌MSCI(합성 H),25675,5,-5,-0.02,25643.0,6.7553,60,1,77,2026-08-04 00:58:32
0094X0,4,1Q 샤오미밸류체인액티브,8550,2,35,0.41,8598.0,-11.619,129,1,77,2026-08-04 00:58:32
402460,2,HANARO Fn K-메타버스MZ,13940,2,265,1.94,13845.0,12.9139,109,1,77,2026-08-04 00:58:32
174350,2,TIGER 로우볼,20125,2,95,0.47,20144.0,-3.4326,9741,196,76,2026-08-04 00:58:32
390400,4,KODEX 미국스마트모빌리티S&P,7615,2,145,1.94,7602.0,-3.5456,738,5,76,2026-08-04 00:58:32
381570,2,HANARO Fn친환경에너지,8950,2,430,5.05,8857.0,-43.1811,5557,49,76,2026-08-04 00:58:32
0047N0,4,PLUS 차이나AI테크TOP10,10865,2,105,0.98,10730.0,-2.6685,1693,18,76,2026-08-04 00:58:32
0005C0,6,RISE 미국S&P500엔화노출(합성 H),11615,2,30,0.26,11589.0,2.7039,372,4,75,2026-08-04 00:58:32
225050,4,TIGER 유로스탁스레버리지(합성 H),16710,2,320,1.95,16724.0,20.7366,211,3,75,2026-08-04 00:58:32
457930,2,BNK 미래전략기술액티브,24970,3,0,0.0,24969.0,-18.7704,0,0,75,2026-08-04 00:58:32
395750,2,PLUS ESG가치주액티브,18565,5,-285,-1.51,18381.0,-4.6536,116,2,74,2026-08-04 00:58:32
256450,4,PLUS 심천차이넥스트(합성),14840,5,-155,-1.03,14951.0,-12.233,11,0,74,2026-08-04 00:58:32
304670,6,KODEX 미국30년국채울트라선물인버스(H),12365,5,-20,-0.16,12366.0,3.6401,4,0,74,2026-08-04 00:58:32
437370,4,RISE 글로벌농업경제,10575,5,-80,-0.75,10525.0,-4.0509,225,2,74,2026-08-04 00:58:32
272570,6,RISE 중장기국공채액티브,108085,2,140,0.13,108095.0,0.0602,1,0,73,2026-08-04 00:58:32
488480,4,RISE 일본섹터TOP4Plus,13165,5,-135,-1.02,13093.0,2.5334,478,6,72,2026-08-04 00:58:32
0218K0,2,BNK 스마트카,9570,5,-235,-2.4,9542.0,,209,2,72,2026-08-04 00:58:32
450180,7,KODEX 한중전기차(합성),11010,2,35,0.32,10960.0,-27.9147,4,0,72,2026-08-04 00:58:32
466810,2,BNK 2차전지양극재,4935,2,65,1.33,4915.0,-44.6906,14834,73,72,2026-08-04 00:58:32
227570,2,TIGER 우량가치,19870,2,430,2.21,19781.0,-18.9494,99,1,72,2026-08-04 00:58:32
400590,4,SOL 글로벌탄소배출권선물ICE(합성),14255,2,15,0.11,14231.0,7.1885,105,1,71,2026-08-04 00:58:32
139660,7,KIWOOM 미국달러선물인버스,8080,5,-20,-0.25,8145.0,3.5805,1384,11,70,2026-08-04 00:58:32
0036Z0,4,RISE 미국천연가스밸류체인,12650,5,-240,-1.86,12633.0,-2.5172,924,11,70,2026-08-04 00:58:32
285690,2,FOCUS ESG리더스,19855,3,0,0.0,19668.0,-13.5424,0,0,69,2026-08-04 00:58:32
253280,2,RISE 헬스케어,12615,2,640,5.34,12468.0,-26.8926,259,3,69,2026-08-04 00:58:32
0172Y0,2,ACE K수출핵심TOP10산업액티브,8670,5,-130,-1.48,8642.0,-21.7778,87066,764,69,2026-08-04 00:58:32
0138D0,2,RISE 동학개미,10535,5,-80,-0.75,10515.0,-30.7793,12252,132,68,2026-08-04 00:58:32
438740,2,MIDAS 중소형액티브,30435,3,0,0.0,30906.0,-25.2212,0,0,68,2026-08-04 00:58:32
326230,2,RISE 내수주플러스,10655,2,235,2.26,10703.0,-14.6951,1,0,68,2026-08-04 00:58:32
456200,6,PLUS 미국달러SOFR금리액티브(합성),61705,3,0,0.0,61572.0,-2.8345,0,0,68,2026-08-04 00:58:32
316300,7,ACE 싱가포르리츠,13570,5,-30,-0.22,13684.0,-3.0758,123,1,68,2026-08-04 00:58:32
368680,2,KODEX K-뉴딜디지털플러스,7415,2,160,2.21,7408.0,-25.7268,17,0,67,2026-08-04 00:58:32
429740,7,PLUS K리츠,6005,2,40,0.67,6030.0,-16.8274,3244,19,66,2026-08-04 00:58:32
307510,2,TIGER 의료기기,13205,2,680,5.43,13133.0,-30.3832,15872,209,66,2026-08-04 00:58:32
0184V0,2,UNICORN K바이오액티브,5980,2,510,9.32,5955.0,,22118,132,66,2026-08-04 00:58:32
139290,2,TIGER 200 경기소비재,25030,5,-815,-3.15,24960.0,-6.1547,141,3,65,2026-08-04 00:58:32
315270,2,TIGER 200커뮤니케이션서비스,20190,2,910,4.72,20153.0,-13.8655,1397,28,65,2026-08-04 00:58:32
244670,2,KODEX 밸류Plus,10755,3,0,0.0,10965.0,-17.2934,0,0,65,2026-08-04 00:58:32
0087F0,4,ACE 차이나AI빅테크TOP2+액티브,12805,5,-135,-1.04,12901.0,8.1939,291,3,64,2026-08-04 00:58:32
0102X0,4,ACE 유럽방산TOP10,9800,2,165,1.71,9791.0,-0.096,156,1,64,2026-08-04 00:58:32
451670,6,RISE 국채30년레버리지(합성),12500,2,205,1.67,12447.0,-24.4315,334,4,63,2026-08-04 00:58:32
219900,4,ACE 중국본토CSI300레버리지(합성),4400,5,-5,-0.11,4376.0,-15.6938,572,2,62,2026-08-04 00:58:32
0114X0,4,RISE 글로벌게임테크TOP3Plus,8642,2,162,1.91,8686.0,4.756,648,5,60,2026-08-04 00:58:32
250780,3,TIGER 코스닥150선물인버스,2700,5,-105,-3.74,2703.0,38.1773,165599,443,59,2026-08-04 00:58:32
291890,4,KODEX MSCI EM선물(H),11855,5,-40,-0.34,11813.0,2.5431,23,0,59,2026-08-04 00:58:32
139240,2,TIGER 200 철강소재,9550,2,105,1.11,9528.0,-38.5492,1008,9,59,2026-08-04 00:58:32
138920,5,KODEX 콩선물(H),11795,2,50,0.43,11794.0,-3.4526,23,0,59,2026-08-04 00:58:32
289670,6,PLUS 국채선물10년,52280,2,185,0.36,52219.0,-1.5218,94,4,59,2026-08-04 00:58:32
469530,3,RISE 미국달러선물인버스,9070,2,5,0.06,9114.0,3.5408,11,0,58,2026-08-04 00:58:32
401590,4,HANARO 글로벌탄소배출권선물ICE(합성),11370,2,15,0.13,11363.0,7.1731,4,0,58,2026-08-04 00:58:32
400580,4,SOL 유럽탄소배출권선물S&P(H),11370,5,-55,-0.48,11466.0,10.1735,102,1,57,2026-08-04 00:58:32
314700,2,HANARO 농업융복합산업,10330,3,0,0.0,10359.0,-25.1393,1,0,57,2026-08-04 00:58:32
391600,4,ACE 미국친환경그린테마,11345,2,160,1.43,11250.0,-9.4699,14,0,57,2026-08-04 00:58:32
413220,4,SOL 차이나태양광CSI(합성),4690,2,20,0.43,4700.0,-24.7988,3309,15,56,2026-08-04 00:58:32
267450,6,RISE 미국장기국채선물인버스(H),11210,2,85,0.76,11150.0,2.2988,8,0,56,2026-08-04 00:58:32
499150,4,SOL 미국S&P500엔화노출(H),11205,5,-10,-0.09,11197.0,3.7363,100,1,56,2026-08-04 00:58:32
407300,2,HANARO Fn골프테마,10100,3,0,0.0,10026.0,-23.1152,1,0,56,2026-08-04 00:58:32
483020,2,KIWOOM 의료AI,9250,2,225,2.49,9256.0,-30.8959,283,2,56,2026-08-04 00:58:32
432600,6,RISE 국채선물3년,55350,2,70,0.13,55309.0,0.8115,1,0,55,2026-08-04 00:58:32
476310,4,RISE 글로벌비만산업TOP2+,10045,5,-150,-1.47,10112.0,14.9344,97,0,55,2026-08-04 00:58:32
474390,6,SOL 국고채30년액티브,41025,2,220,0.54,40908.0,-11.8302,3,0,55,2026-08-04 00:58:32
0176P0,2,FOCUS AI반도체위클리고정커버드콜,10970,5,-165,-1.48,10872.0,-6.3834,436,4,55,2026-08-04 00:58:32
0053M0,2,더제이 중소형포커스액티브,12175,2,165,1.37,12169.0,-22.4912,7,0,55,2026-08-04 00:58:32
433250,1,UNICORN R&D 액티브,21755,2,225,1.05,21111.0,-12.1942,1,0,54,2026-08-04 00:58:32
0128D0,4,PLUS 차이나항셍테크위클리타겟커버드콜,7675,2,210,2.81,7528.0,-4.5932,22,0,54,2026-08-04 00:58:32
261920,4,ACE MSCI필리핀(합성),13400,3,0,0.0,13489.0,4.7693,0,0,54,2026-08-04 00:58:32
252420,3,RISE 200선물인버스2X,107,2,4,3.88,108.0,-40.1163,596965,61,53,2026-08-04 00:58:32
321410,7,KODEX 멀티에셋하이인컴(H),10590,5,-15,-0.14,10621.0,1.2363,20,0,53,2026-08-04 00:58:32
411860,4,KIWOOM 독일DAX,17560,2,85,0.49,17442.0,3.5863,74,1,53,2026-08-04 00:58:32
0073X0,5,FOCUS 알리바바미국채커버드콜혼합,9535,2,40,0.42,9521.0,-6.53,3,0,52,2026-08-04 00:58:32
470310,2,UNICORN 생성형AI강소기업액티브,17480,2,975,5.91,17370.0,-0.3923,354,6,52,2026-08-04 00:58:32
0191B0,1,MIDAS 코스닥액티브,26120,2,760,3.0,25937.0,,430,11,52,2026-08-04 00:58:32
483030,4,KIWOOM 미국블록버스터바이오테크의약품+,11610,5,-135,-1.15,11640.0,8.1504,13549,157,52,2026-08-04 00:58:32
0131A0,4,SOL 차이나소비트렌드,8030,5,-40,-0.5,8069.0,-19.9802,142,1,52,2026-08-04 00:58:32
0015E0,7,KIWOOM 엔비디아미국30년국채혼합액티브(H),10425,2,35,0.34,10433.0,-2.3021,75,0,52,2026-08-04 00:58:32
220130,4,SOL 차이나강소기업CSI500(합성 H),6500,3,0,0.0,6499.0,-7.5392,0,0,52,2026-08-04 00:58:32
0174J0,7,DAISHIN343 오피스리츠플러스,8650,5,-5,-0.06,8667.0,-15.5462,1,0,52,2026-08-04 00:58:32
295000,6,RISE 국채선물10년,51635,2,200,0.39,51555.0,-1.4089,1,0,52,2026-08-04 00:58:32
498610,4,RISE 인도디지털성장,8590,2,10,0.12,8637.0,4.2264,67,0,52,2026-08-04 00:58:32
0078V0,4,PLUS 미국로보택시,10140,2,255,2.58,10051.0,-9.312,165,1,51,2026-08-04 00:58:32
0132D0,7,KoAct 글로벌K컬처밸류체인액티브,9085,2,145,1.62,9079.0,-10.823,54,0,50,2026-08-04 00:58:32
0015K0,4,TIGER 미국소비트렌드액티브,7260,3,0,0.0,7225.0,-2.9412,5,0,49,2026-08-04 00:58:32
0154H0,4,KoAct 차이나바이오헬스케어액티브,8100,3,0,0.0,8145.0,-13.5539,62,0,49,2026-08-04 00:58:32
267440,6,RISE 미국장기국채선물(H),8070,2,155,1.96,8063.0,-4.1188,15,0,48,2026-08-04 00:58:32
488200,2,KIWOOM K-2차전지북미공급망,10535,2,155,1.49,10438.0,-40.5733,4015,42,47,2026-08-04 00:58:32
373790,4,KIWOOM 미국방어배당성장나스닥,16155,2,50,0.31,16120.0,-0.9932,97,1,45,2026-08-04 00:58:32
205720,4,ACE 일본TOPIX인버스(합성 H),1499,5,-8,-0.53,1520.0,-7.6594,478,0,45,2026-08-04 00:58:32
244660,2,KODEX 퀄리티Plus,8900,3,0,0.0,9050.0,-13.1472,0,0,45,2026-08-04 00:58:32
0050E0,4,PLUS 미국AI에이전트,8050,2,90,1.13,8110.0,5.291,7252,58,44,2026-08-04 00:58:32
291630,3,KIWOOM 코스닥150선물레버리지,3030,2,185,6.5,3021.0,-65.8259,56255,172,44,2026-08-04 00:58:32
266550,2,PLUS 중형주저변동50,17340,3,0,0.0,17587.0,-19.255,0,0,43,2026-08-04 00:58:32
238670,7,PLUS 스마트베타Quality채권혼합,13195,2,95,0.73,13123.0,-1.4668,948,12,40,2026-08-04 00:58:32
226380,2,ACE Fn성장소비주도주,5535,3,0,0.0,5692.0,-18.7821,0,0,39,2026-08-04 00:58:32
225030,4,TIGER 미국S&P500선물인버스(H),2275,5,-20,-0.87,2272.0,-4.7718,23343,53,39,2026-08-04 00:58:32
291680,4,RISE 차이나H선물인버스(H),7615,5,-15,-0.2,7626.0,-1.6753,14,0,38,2026-08-04 00:58:32
334690,5,RISE 팔라듐선물(H),5740,5,-175,-2.96,5737.0,-13.3968,925,5,37,2026-08-04 00:58:32
0079X0,4,ACE BYD밸류체인액티브,10615,5,-20,-0.19,10592.0,-14.4753,52,0,37,2026-08-04 00:58:32
488210,2,KIWOOM K-반도체북미공급망,18490,5,-190,-1.02,18420.0,-26.0829,91,1,37,2026-08-04 00:58:32
277650,2,TIGER 코스피중형주,18080,5,-830,-4.39,19029.0,-28.0716,87,1,36,2026-08-04 00:58:32
227550,2,TIGER 200 산업재,11090,2,280,2.59,11080.0,-32.3953,12,0,35,2026-08-04 00:58:32
267490,6,RISE 미국장기국채선물레버리지(합성 H),4980,3,0,0.0,5009.0,-6.6542,1,0,35,2026-08-04 00:58:32
243890,2,TIGER 200에너지화학레버리지,6545,2,65,1.0,6488.0,-51.7678,6830,45,34,2026-08-04 00:58:32
145670,3,ACE 인버스,1477,2,34,2.36,1480.0,-14.7667,130666,188,34,2026-08-04 00:58:32
427120,2,RISE AI플랫폼,5075,2,310,6.51,5059.0,-31.1914,5300,26,33,2026-08-04 00:58:32
454180,4,KIWOOM 차이나내수소비TOP CSI,8140,2,15,0.18,8178.0,-4.3498,1,0,33,2026-08-04 00:58:32
489010,4,PLUS 글로벌AI인프라,20400,2,505,2.54,20253.0,-0.525,160,3,31,2026-08-04 00:58:32
252410,3,RISE 200선물인버스,1501,2,33,2.25,1505.0,-15.1446,8724,12,30,2026-08-04 00:58:32
227560,2,TIGER 200 생활소비재,12405,2,235,1.93,12384.0,-12.6711,640,7,30,2026-08-04 00:58:32
476000,2,UNICORN 포스트IPO액티브,5300,2,205,4.02,5262.0,-56.7304,12682,66,29,2026-08-04 00:58:32
253230,3,KIWOOM 200선물인버스2X,101,2,5,5.21,103.0,-43.8597,2267619,221,29,2026-08-04 00:58:32
280940,5,KODEX 골드선물인버스(H),3730,2,10,0.27,3720.0,12.0481,9107,34,28,2026-08-04 00:58:32
306530,3,HANARO 코스닥150선물레버리지,6020,2,450,8.08,6011.0,-66.9044,25876,158,28,2026-08-04 00:58:32
291620,3,KIWOOM 코스닥150선물인버스,4770,5,-215,-4.31,4799.0,39.2458,15340,72,27,2026-08-04 00:58:32
491630,4,RISE 미국반도체인버스(합성 H),5550,5,-60,-1.07,5611.0,-23.413,585,3,26,2026-08-04 00:58:32
275750,3,RISE 코스닥150선물인버스,2730,5,-95,-3.36,2739.0,38.1418,8541,23,25,2026-08-04 00:58:32
334700,5,RISE 팔라듐선물인버스(H),3500,2,70,2.04,3511.0,9.062,1,0,23,2026-08-04 00:58:32
253240,3,KIWOOM 200선물인버스,1500,2,42,2.88,1508.0,-15.917,26556,39,18,2026-08-04 00:58:32
306520,3,HANARO 200선물인버스,2720,2,55,2.06,2730.0,-14.1707,1983,5,16,2026-08-04 00:58:32
465620,4,ACE 미국빅테크TOP7 Plus인버스(합성),6415,5,-110,-1.69,6386.0,-0.685,53,0,16,2026-08-04 00:58:32
253160,3,PLUS 200선물인버스2X,206,2,9,4.57,208.0,-43.8747,308946,61,14,2026-08-04 00:58:32
412560,2,TIGER BBIG레버리지,1630,2,45,2.84,1629.0,-43.993,10744,17,11,2026-08-04 00:58:32
397420,6,RISE 국채선물5년추종,50575,3,0,0.0,50647.0,0.0791,0,0,3,2026-08-04 00:58:32
