itemcode,etfTabCode,itemname,nowVal,risefall,changeVal,changeRate,nav,threeMonthEarnRate,quant,amonut,marketSum,collected_at
069500,1,KODEX 200,112820,2,2760,2.51,113316.0,-11.6723,5080026,576682,266424,2026-08-18 01:42:14
360750,4,TIGER 미국S&P500,27090,5,-320,-1.17,27084.0,-0.4276,12727549,344819,207225,2026-08-18 01:42:14
133690,4,TIGER 미국나스닥100,187145,5,-1430,-0.76,187326.0,-3.1159,762122,142799,116872,2026-08-18 01:42:14
102110,1,TIGER 200,113115,2,2740,2.48,113614.0,-11.4085,2663624,303345,108930,2026-08-18 01:42:14
379800,4,KODEX 미국S&P500,24630,5,-280,-1.12,24620.0,-0.4618,6908369,170194,101783,2026-08-18 01:42:14
396500,2,TIGER 반도체TOP10,38005,2,1765,4.87,38139.0,-27.6142,5253433,200408,101625,2026-08-18 01:42:14
379810,4,KODEX 미국나스닥100,27980,5,-205,-0.73,28003.0,-3.118,4678922,131016,94726,2026-08-18 01:42:14
278530,1,KODEX 200TR,40865,2,1000,2.51,41023.0,-11.6859,466855,19205,81648,2026-08-18 01:42:14
488770,7,KODEX 머니마켓액티브,105260,2,5,0.0,105263.0,0.8721,454482,47836,80397,2026-08-18 01:42:14
459580,6,KODEX CD금리액티브(합성),1075025,2,75,0.01,1075170.0,0.7256,269954,290207,66339,2026-08-18 01:42:14
122630,3,KODEX 레버리지,119295,2,5770,5.08,119985.0,-35.8978,5548125,669710,65791,2026-08-18 01:42:14
381180,4,TIGER 미국필라델피아반도체나스닥,46340,2,505,1.1,46366.0,-2.7436,424301,19708,62350,2026-08-18 01:42:14
498400,2,KODEX 200타겟위클리커버드콜,21300,2,550,2.65,21341.0,-11.6175,4406581,94122,62111,2026-08-18 01:42:14
0167A0,2,SOL AI반도체TOP2플러스,18760,2,715,3.96,18857.0,-5.0014,10259469,193293,60417,2026-08-18 01:42:14
091160,2,KODEX 반도체,131985,2,5735,4.54,132529.0,-19.6883,1010715,133176,58667,2026-08-18 01:42:14
229200,1,KODEX 코스닥150,14950,2,120,0.81,15028.0,-25.5149,13658454,202609,54762,2026-08-18 01:42:14
148020,1,RISE 200,113645,2,2760,2.49,114162.0,-11.7741,412245,47142,48299,2026-08-18 01:42:14
310970,1,TIGER MSCI Korea TR,50590,2,1305,2.65,50693.0,-11.1582,4710,239,45885,2026-08-18 01:42:14
395160,2,KODEX AI반도체TOP2플러스,42540,2,1540,3.76,42716.0,0.5641,2877958,123181,42923,2026-08-18 01:42:14
458730,4,TIGER 미국배당다우존스,15340,5,-115,-0.74,15306.0,3.6915,1060605,16273,42868,2026-08-18 01:42:14
0162Z0,7,RISE 삼성전자SK하이닉스채권혼합50,13680,2,290,2.17,13724.0,-1.9143,3290186,45207,41998,2026-08-18 01:42:14
411060,5,ACE KRX금현물,28100,2,475,1.72,28092.0,-11.002,499989,14065,41363,2026-08-18 01:42:14
233740,3,KODEX 코스닥150레버리지,7930,2,115,1.47,7993.0,-52.808,53068469,415885,40863,2026-08-18 01:42:14
360200,4,ACE 미국S&P500,27380,5,-320,-1.16,27380.0,-0.4594,356864,9777,40386,2026-08-18 01:42:14
381170,4,TIGER 미국테크TOP10 INDXX,31385,5,-490,-1.54,31407.0,-8.313,242169,7609,38635,2026-08-18 01:42:14
395270,2,HANARO Fn K-반도체,60150,2,2180,3.76,60449.0,-1.3529,1010272,61220,38015,2026-08-18 01:42:14
423160,6,KODEX KOFR금리액티브(합성),110810,2,10,0.01,110770.0,0.6976,72586,8043,36109,2026-08-18 01:42:14
367380,4,ACE 미국나스닥100,32170,5,-240,-0.74,32201.0,-3.1397,191394,6166,35516,2026-08-18 01:42:14
357870,6,TIGER CD금리투자KIS(합성),57920,2,5,0.01,57918.0,0.7392,85298,4940,35497,2026-08-18 01:42:14
102780,2,KODEX 삼성그룹,27335,2,185,0.68,27436.0,-0.0185,229256,6297,35289,2026-08-18 01:42:14
273130,6,KODEX 종합채권(AA-이상)액티브,109200,5,-425,-0.39,109466.0,-1.6331,3152,344,33411,2026-08-18 01:42:14
487240,2,KODEX AI전력핵심설비,37820,2,1080,2.94,37844.0,-35.1965,1444938,54370,33244,2026-08-18 01:42:14
455890,6,RISE 머니마켓액티브,55405,2,5,0.01,55405.0,0.8005,189565,10502,30052,2026-08-18 01:42:14
139260,2,TIGER 200 IT,146325,2,4660,3.29,146941.0,-5.4229,189494,27871,29616,2026-08-18 01:42:14
0043B0,6,TIGER 머니마켓액티브,103375,2,15,0.01,103374.0,0.8685,53569,5537,29308,2026-08-18 01:42:14
0193T0,2,KODEX SK하이닉스단일종목레버리지,11055,2,1275,13.04,11162.0,,15910672,177369,27195,2026-08-18 01:42:14
426030,4,TIME 미국나스닥100액티브,49710,2,1090,2.24,49842.0,-11.6161,319612,15952,26525,2026-08-18 01:42:14
481050,6,KODEX CD1년금리플러스액티브(합성),1023110,2,100,0.01,1023141.0,0.7636,15650,16011,25657,2026-08-18 01:42:14
278540,1,KODEX MSCI Korea TR,40260,2,1065,2.72,40359.0,-10.2884,15686,634,24599,2026-08-18 01:42:14
472150,2,TIGER 배당커버드콜액티브,21565,2,590,2.81,21545.0,-10.2866,1734436,37472,24433,2026-08-18 01:42:14
449170,6,TIGER KOFR금리액티브(합성),111620,2,5,0.0,111581.0,0.6628,41703,4654,24367,2026-08-18 01:42:14
161510,2,PLUS 고배당주,25565,5,-10,-0.04,25600.0,-7.803,329078,8414,24289,2026-08-18 01:42:14
486290,4,TIGER 미국나스닥100타겟데일리커버드콜,11020,5,-60,-0.54,11031.0,-3.7131,720258,7945,23963,2026-08-18 01:42:14
456600,4,TIME 글로벌AI인공지능액티브,62150,2,1160,1.9,62216.0,-5.2804,80755,5049,22958,2026-08-18 01:42:14
292150,2,TIGER 코리아TOP10,39490,2,960,2.49,39620.0,-12.0061,286041,11361,21285,2026-08-18 01:42:14
284430,6,KODEX 200미국채혼합50,21605,2,165,0.77,21649.0,-6.8074,391662,8485,21173,2026-08-18 01:42:14
105190,1,ACE 200,113045,2,2740,2.48,113563.0,-11.971,98021,11147,19444,2026-08-18 01:42:14
0193W0,2,KODEX 삼성전자단일종목레버리지,14140,2,610,4.51,14225.0,,6041659,87667,19237,2026-08-18 01:42:14
294400,1,KIWOOM 200TR,148260,2,3690,2.55,148672.0,-11.551,17615,2623,19126,2026-08-18 01:42:14
385540,6,RISE 종합채권(A-이상)액티브,102185,5,-445,-0.43,102230.0,-1.5162,245,25,18985,2026-08-18 01:42:14
442580,4,PLUS 글로벌HBM반도체,108090,2,5125,4.98,108536.0,-2.1757,302837,33003,18775,2026-08-18 01:42:14
214980,6,KODEX 단기채권PLUS,114515,5,-5,0.0,114542.0,0.6393,9544,1092,18399,2026-08-18 01:42:14
441640,4,KODEX 미국배당커버드콜액티브,13000,5,-55,-0.42,12987.0,2.2444,557849,7254,17069,2026-08-18 01:42:14
305720,2,KODEX 2차전지산업,14695,5,-155,-1.04,14727.0,-27.9302,1288289,18867,17061,2026-08-18 01:42:14
477080,6,RISE CD금리액티브(합성),107335,2,5,0.0,107337.0,0.7131,3372,361,16651,2026-08-18 01:42:14
487230,4,KODEX 미국AI전력핵심인프라,22170,2,680,3.16,22152.0,-22.6393,357286,7937,16594,2026-08-18 01:42:14
446770,4,ACE 글로벌반도체TOP4 Plus,81995,2,1250,1.55,82090.0,-6.0863,42033,3454,16522,2026-08-18 01:42:14
152100,1,PLUS 200,114475,2,2725,2.44,115038.0,-11.2895,130921,15084,16313,2026-08-18 01:42:14
0195S0,2,TIGER SK하이닉스단일종목레버리지,9385,2,1065,12.8,9467.0,,8624819,81626,16196,2026-08-18 01:42:14
466920,2,SOL 조선TOP3플러스,29720,5,-430,-1.43,29777.0,-22.6924,613348,18193,15915,2026-08-18 01:42:14
368590,4,RISE 미국나스닥100,31215,5,-240,-0.76,31239.0,-3.0387,74799,2338,15826,2026-08-18 01:42:14
379780,4,RISE 미국S&P500,23675,5,-285,-1.19,23676.0,-0.3779,104345,2471,15578,2026-08-18 01:42:14
0177N0,7,KODEX 삼성전자SK하이닉스채권혼합50,14460,2,315,2.23,14483.0,-2.1353,2089647,30333,15559,2026-08-18 01:42:14
329200,2,TIGER 리츠부동산인프라,4097,5,-38,-0.92,4102.0,-2.604,1633101,6705,15411,2026-08-18 01:42:14
453850,6,ACE 미국30년국채액티브(H),7070,5,-95,-1.33,7070.0,-2.062,779703,5511,14819,2026-08-18 01:42:14
475630,7,TIGER CD1년금리액티브(합성),1074580,3,0,0.0,1074584.0,0.776,15979,17170,14532,2026-08-18 01:42:14
232080,1,TIGER 코스닥150,15245,2,115,0.76,15321.0,-25.4497,1978576,29956,14254,2026-08-18 01:42:14
091230,2,TIGER 반도체,139895,2,6105,4.56,140397.0,-18.9783,80715,11298,14213,2026-08-18 01:42:14
390390,4,KODEX 미국반도체,56995,2,345,0.61,57037.0,-3.2647,194278,11091,13622,2026-08-18 01:42:14
436140,6,SOL 종합채권(AA-이상)액티브,105595,5,-400,-0.38,105624.0,-1.4505,33,3,13368,2026-08-18 01:42:14
0183J0,4,TIGER 미국우주테크,9080,2,235,2.66,9131.0,-32.8908,705857,6429,13307,2026-08-18 01:42:14
448330,1,KODEX 삼성전자채권혼합,17705,2,125,0.71,17708.0,0.6088,499473,8875,12978,2026-08-18 01:42:14
157450,6,TIGER 단기통안채,112425,3,0,0.0,112424.0,0.6355,20381,2291,12945,2026-08-18 01:42:14
438080,7,ACE 미국S&P500미국채혼합50액티브,14425,5,-95,-0.65,14411.0,-2.3866,303698,4382,12506,2026-08-18 01:42:14
0072R0,5,TIGER KRX금현물,13415,2,240,1.82,13425.0,-11.1299,387693,5208,12416,2026-08-18 01:42:14
445290,2,KODEX 로봇액티브,34035,2,85,0.25,34103.0,-19.5188,470112,16111,11861,2026-08-18 01:42:14
469150,2,ACE AI반도체TOP3+,61030,2,2600,4.45,61125.0,-21.7386,326368,19947,11840,2026-08-18 01:42:14
497570,4,TIGER 미국필라델피아AI반도체나스닥,23025,5,-10,-0.04,23044.0,0.4238,75669,1745,11731,2026-08-18 01:42:14
494310,2,KODEX 반도체레버리지,84660,2,7640,9.92,85065.0,-51.407,1928498,162331,11598,2026-08-18 01:42:14
226490,1,KODEX 코스피,73115,2,1555,2.17,73341.0,-12.0788,325475,23910,11552,2026-08-18 01:42:14
449450,2,PLUS K방산,58435,5,-85,-0.15,58494.0,-19.5049,247178,14355,11471,2026-08-18 01:42:14
494890,1,KODEX 200액티브,32620,2,895,2.82,32691.0,-11.9363,119404,3911,11417,2026-08-18 01:42:14
0195R0,2,TIGER 삼성전자단일종목레버리지,12872,2,582,4.74,12932.0,,3106754,40999,11192,2026-08-18 01:42:14
465580,4,ACE 미국빅테크TOP7 Plus,24820,5,-450,-1.78,24854.0,-3.0129,269389,6694,10995,2026-08-18 01:42:14
0139F0,6,TIGER 12월자동연장금융채(AA-이상)액티브,101985,5,-10,-0.01,101992.0,0.6662,238,24,10788,2026-08-18 01:42:14
455850,2,SOL AI반도체소부장,25100,2,1145,4.78,25230.0,-27.9116,1574137,39133,10655,2026-08-18 01:42:14
446720,4,SOL 미국배당다우존스,14065,5,-100,-0.71,14030.0,3.5883,249911,3514,10492,2026-08-18 01:42:14
295040,1,SOL 200TR,42365,2,1085,2.63,42477.0,-11.6722,61418,2613,10422,2026-08-18 01:42:14
0117V0,2,TIGER 코리아AI전력기기TOP3플러스,19570,2,470,2.46,19610.0,-33.4981,850569,16557,10421,2026-08-18 01:42:14
479520,6,RISE KOFR금리액티브(합성),106225,5,-20,-0.02,106213.0,0.6727,2047,217,10311,2026-08-18 01:42:14
315930,2,KODEX Top5PlusTR,84135,2,1285,1.55,84392.0,-10.6305,22777,1926,10264,2026-08-18 01:42:14
237350,1,KODEX 코스피100,90215,2,2415,2.75,90479.0,-11.2505,152816,13863,10239,2026-08-18 01:42:14
449180,4,KODEX 미국S&P500(H),17280,5,-135,-0.78,17285.0,4.2207,320296,5537,10152,2026-08-18 01:42:14
469830,6,SOL 초단기채권액티브,54305,3,0,0.0,54303.0,0.8543,96611,5246,10054,2026-08-18 01:42:14
495050,1,RISE 코리아밸류업,33770,2,760,2.3,33807.0,-11.6257,65461,2214,10047,2026-08-18 01:42:14
479080,6,1Q 머니마켓액티브,53687,2,7,0.01,53688.0,0.8453,14644,786,9969,2026-08-18 01:42:14
494300,4,KODEX 미국나스닥100데일리커버드콜OTM,9530,5,-45,-0.47,9530.0,-6.2094,797530,7607,9959,2026-08-18 01:42:14
356540,6,ACE 종합채권(AA-이상)액티브,100470,5,-550,-0.54,100512.0,-1.314,4832,485,9927,2026-08-18 01:42:14
451540,6,TIGER 종합채권(AA-이상)액티브,52440,5,-240,-0.46,52468.0,-1.5879,572,30,9785,2026-08-18 01:42:14
402970,4,ACE 미국배당다우존스,15590,5,-140,-0.89,15553.0,3.8349,196809,3070,9681,2026-08-18 01:42:14
438100,7,ACE 미국나스닥100미국채혼합50액티브,15660,5,-75,-0.48,15655.0,-3.6141,156871,2456,9521,2026-08-18 01:42:14
0117L0,6,KODEX 26-12 금융채(AA-이상)액티브,10150,3,0,0.0,10145.0,0.6944,359,3,9421,2026-08-18 01:42:14
0177R0,2,TIGER 반도체TOP10커버드콜액티브,11900,2,440,3.84,11957.0,-13.7777,1646695,19687,9282,2026-08-18 01:42:14
305540,2,TIGER 2차전지테마,18565,5,-230,-1.22,18624.0,-26.9104,158566,2934,9134,2026-08-18 01:42:14
475720,3,RISE 200위클리커버드콜,12785,2,135,1.07,12754.0,-13.6758,339545,4344,8234,2026-08-18 01:42:14
441800,1,TIME Korea플러스배당액티브,29745,2,650,2.23,29811.0,-17.7359,102996,3069,8210,2026-08-18 01:42:14
153130,6,KODEX 단기채권,113195,2,10,0.01,113191.0,0.6335,14730,1667,8107,2026-08-18 01:42:14
371460,4,TIGER 차이나전기차SOLACTIVE,11025,2,90,0.82,11088.0,-24.4821,65073,716,8009,2026-08-18 01:42:14
144600,5,KODEX 은선물(H),10800,2,320,3.05,10810.0,-27.045,245167,2645,7992,2026-08-18 01:42:14
490590,4,RISE 미국AI밸류체인데일리고정커버드콜,14800,5,-105,-0.7,14812.0,-4.6312,335584,4978,7918,2026-08-18 01:42:14
069660,1,KIWOOM 200,112805,2,2685,2.44,113261.0,-11.6838,43583,4935,7896,2026-08-18 01:42:14
0025N0,7,TIGER TDF2045 적격,12295,5,-95,-0.77,12320.0,-0.6017,169657,2083,7869,2026-08-18 01:42:14
498410,2,KODEX 금융고배당TOP10타겟위클리커버드콜,11580,5,-100,-0.86,11574.0,-2.4026,770045,8899,7851,2026-08-18 01:42:14
466940,2,TIGER 은행고배당플러스TOP10,26120,5,-245,-0.93,26138.0,3.7877,373928,9758,7823,2026-08-18 01:42:14
457480,4,ACE 테슬라밸류체인액티브,19010,2,115,0.61,18995.0,-25.9601,113953,2163,7813,2026-08-18 01:42:14
487340,6,ACE 머니마켓액티브,105705,3,0,0.0,105714.0,0.8731,3926,415,7803,2026-08-18 01:42:14
0048J0,6,KODEX 미국머니마켓액티브,14110,5,-55,-0.39,14110.0,-4.0376,438107,6185,7758,2026-08-18 01:42:14
476550,6,TIGER 미국30년국채커버드콜액티브(H),6765,5,-85,-1.24,6759.0,-2.0997,980073,6628,7722,2026-08-18 01:42:14
481060,6,KODEX 미국30년국채타겟커버드콜(합성 H),7325,5,-65,-0.88,7357.0,-2.3492,363432,2663,7585,2026-08-18 01:42:14
102970,2,KODEX 증권,19260,5,-330,-1.68,19330.0,-32.177,518975,10050,7502,2026-08-18 01:42:14
462330,2,KODEX 2차전지산업레버리지,1062,5,-17,-1.58,1065.0,-55.4133,25608410,26915,7445,2026-08-18 01:42:14
367760,2,RISE 네트워크인프라,61745,2,1285,2.13,62011.0,-2.3027,119097,7408,7255,2026-08-18 01:42:14
0061Z0,6,RISE 단기특수은행채액티브,50935,5,-5,-0.01,50939.0,0.7515,338,17,7243,2026-08-18 01:42:14
272580,6,TIGER 단기채권액티브,57025,2,5,0.01,57026.0,0.6531,10893,621,7239,2026-08-18 01:42:14
458760,4,TIGER 미국배당다우존스타겟커버드콜2호,11270,5,-70,-0.62,11249.0,3.7661,114401,1289,7117,2026-08-18 01:42:14
138540,2,TIGER 현대차그룹플러스,55100,5,-495,-0.89,55276.0,-26.0066,132275,7321,7097,2026-08-18 01:42:14
0127P0,4,ACE 미국대형성장주액티브,11045,5,-20,-0.18,11036.0,-3.0549,13172,145,7069,2026-08-18 01:42:14
495850,1,KODEX 코리아밸류업,33560,2,720,2.19,33579.0,-11.5684,140522,4726,7064,2026-08-18 01:42:14
491010,4,TIGER 글로벌AI전력인프라액티브,28095,2,1045,3.86,28019.0,-20.006,60351,1697,7049,2026-08-18 01:42:14
0167B0,2,SOL 200타겟위클리커버드콜,12395,2,325,2.69,12411.0,-11.919,851725,10582,7040,2026-08-18 01:42:14
434730,2,HANARO 원자력iSelect,59650,2,215,0.36,59823.0,-30.461,85614,5110,7039,2026-08-18 01:42:14
290130,2,RISE ESG사회책임투자,49260,2,1520,3.18,49359.0,-10.9993,120203,5921,6995,2026-08-18 01:42:14
0148J0,2,TIGER 코리아휴머노이드로봇산업,10385,5,-5,-0.05,10408.0,-27.19,3894303,40962,6958,2026-08-18 01:42:14
114800,3,KODEX 인버스,987,5,-24,-2.37,985.0,-5.2484,412334775,404089,6951,2026-08-18 01:42:14
456610,6,TIGER 미국달러SOFR금리액티브(합성),61190,5,-245,-0.4,61179.0,-3.9854,27090,1656,6945,2026-08-18 01:42:14
423920,4,TIGER 미국필라델피아반도체레버리지(합성),99600,2,2235,2.3,99719.0,-16.1175,30068,3006,6833,2026-08-18 01:42:14
364980,2,TIGER 2차전지TOP10,10140,5,-140,-1.36,10171.0,-24.3284,958923,9681,6809,2026-08-18 01:42:14
385560,6,RISE KIS국고채30년Enhanced,49525,5,-1160,-2.29,49608.0,-13.5143,34832,1734,6792,2026-08-18 01:42:14
418660,4,TIGER 미국나스닥100레버리지(합성),43175,5,-700,-1.6,43256.0,-8.7744,116283,5036,6649,2026-08-18 01:42:14
482730,4,TIGER 미국S&P500타겟데일리커버드콜,12237,5,-148,-1.19,12236.0,-0.1266,221497,2712,6547,2026-08-18 01:42:14
314250,4,KODEX 미국빅테크10(H),61595,5,-1555,-2.46,61665.0,7.1038,21209,1307,6535,2026-08-18 01:42:14
0015B0,4,KoAct 미국나스닥성장기업액티브,19755,5,-45,-0.23,19836.0,-14.2115,155868,3087,6460,2026-08-18 01:42:14
434060,7,KODEX TDF2050액티브 적격,17400,5,-35,-0.2,17297.0,-4.6445,110739,1927,6447,2026-08-18 01:42:14
329750,6,TIGER 미국달러단기채권액티브,13335,5,-45,-0.34,13335.0,-4.2234,143091,1908,6375,2026-08-18 01:42:14
396520,4,TIGER 차이나반도체FACTSET,15410,2,870,5.98,15427.0,-2.4489,318112,4863,6367,2026-08-18 01:42:14
0101N0,2,RISE AI전력인프라,20085,2,230,1.16,20122.0,-29.9895,195001,3889,6327,2026-08-18 01:42:14
488080,3,TIGER 반도체TOP10레버리지,38700,2,3630,10.35,38850.0,-61.0269,3633522,140929,6289,2026-08-18 01:42:14
466950,4,TIGER 글로벌AI액티브,33275,2,655,2.01,33306.0,-13.1639,29405,984,6169,2026-08-18 01:42:14
494670,2,TIGER 조선TOP10,23455,5,-285,-1.2,23499.0,-22.5828,324055,7573,6075,2026-08-18 01:42:14
371160,4,TIGER 차이나항셍테크,7365,2,65,0.89,7370.0,-12.237,243199,1793,6021,2026-08-18 01:42:14
251600,7,PLUS 고배당주채권혼합,15555,3,0,0.0,15568.0,-3.2082,118983,1850,6004,2026-08-18 01:42:14
489250,4,KODEX 미국배당다우존스,13195,5,-100,-0.75,13163.0,3.7577,158192,2088,5938,2026-08-18 01:42:14
252670,3,KODEX 200선물인버스2X,73,5,-3,-3.95,72.0,-26.9231,2743846866,195442,5935,2026-08-18 01:42:14
484790,6,KODEX 미국30년국채액티브(H),8165,5,-100,-1.21,8162.0,-1.7962,459760,3753,5860,2026-08-18 01:42:14
0019K0,7,TIME 미국나스닥100채권혼합50액티브,13780,2,85,0.62,13801.0,-3.2156,211766,2924,5767,2026-08-18 01:42:14
0219E0,2,KODEX 200커버드콜액티브,8865,2,215,2.49,8856.0,,3212040,28593,5753,2026-08-18 01:42:14
449190,4,KODEX 미국나스닥100(H),22550,5,-70,-0.31,22577.0,1.3764,103050,2326,5739,2026-08-18 01:42:14
463250,2,TIGER K방산&우주,37840,2,35,0.09,37905.0,-19.0298,322759,12123,5733,2026-08-18 01:42:14
0190C0,2,RISE 현대차고정피지컬AI,9415,5,-65,-0.69,9433.0,-25.2072,1023534,9719,5640,2026-08-18 01:42:14
0091P0,2,TIGER 코리아원자력,16445,5,-225,-1.35,16482.0,-31.6804,513953,8486,5600,2026-08-18 01:42:14
243880,2,TIGER 200IT레버리지,382585,2,20505,5.66,385876.0,-34.5363,124474,48154,5547,2026-08-18 01:42:14
0007F0,6,KODEX 27-12 회사채(AA-이상)액티브,10180,2,10,0.1,10181.0,0.5437,9680,98,5542,2026-08-18 01:42:14
444200,2,SOL 코리아메가테크액티브,48440,2,560,1.17,48654.0,-18.9162,26731,1303,5522,2026-08-18 01:42:14
455030,6,KODEX 미국달러SOFR금리액티브(합성),12155,5,-10,-0.08,12139.0,-4.2545,44759,543,5520,2026-08-18 01:42:14
491620,4,RISE 미국테크100데일리고정커버드콜,10960,5,-160,-1.44,10961.0,-2.2757,451051,4948,5491,2026-08-18 01:42:14
0105E0,2,SOL 코리아고배당,13105,5,-130,-0.98,13111.0,-6.8254,159845,2099,5439,2026-08-18 01:42:14
496080,1,TIGER 코리아밸류업,33630,2,690,2.09,33662.0,-11.2073,36510,1230,5431,2026-08-18 01:42:14
438330,6,TIGER 우량회사채액티브,115350,5,-225,-0.19,115457.0,0.6137,2745,316,5364,2026-08-18 01:42:14
315960,2,RISE 대형고배당10TR,80840,2,1975,2.5,81093.0,-14.5929,30537,2481,5335,2026-08-18 01:42:14
462010,2,TIGER 2차전지소재Fn,4910,5,-60,-1.21,4916.0,-35.0752,1747930,8535,5327,2026-08-18 01:42:14
365780,6,ACE 국고채10년,81880,5,-670,-0.81,81976.0,-0.5063,5016,410,5278,2026-08-18 01:42:14
361580,1,RISE 200TR,64175,2,1595,2.55,64392.0,-11.7722,20936,1353,5198,2026-08-18 01:42:14
251350,4,KODEX MSCI선진국,40385,5,-275,-0.68,40328.0,0.3431,13352,539,5149,2026-08-18 01:42:14
114260,6,KODEX 국고채3년,61710,5,-105,-0.17,61737.0,0.6595,6305,389,5111,2026-08-18 01:42:14
435420,7,TIGER 미국나스닥100채권혼합50,14300,5,-65,-0.45,14282.0,-1.2925,205572,2942,4962,2026-08-18 01:42:14
0163Y0,1,KoAct 코스닥액티브,9385,2,195,2.12,9420.0,-29.8206,459694,4265,4885,2026-08-18 01:42:14
476800,7,KODEX 한국부동산리츠인프라,4245,5,-45,-1.05,4248.0,-5.3092,354178,1506,4854,2026-08-18 01:42:14
477050,6,PLUS 머니마켓액티브,53450,3,0,0.0,53452.0,0.8395,3674,196,4838,2026-08-18 01:42:14
490490,7,SOL 미국배당미국채혼합50,11345,5,-85,-0.74,11300.0,-0.3609,139584,1581,4810,2026-08-18 01:42:14
499660,7,TIGER CD금리플러스액티브(합성),1001665,2,70,0.01,1001665.0,0.771,6195,6205,4794,2026-08-18 01:42:14
293180,1,HANARO 200,113400,2,2970,2.69,113599.0,-11.6488,10996,1248,4763,2026-08-18 01:42:14
483280,4,KODEX 미국AI테크TOP10타겟커버드콜,12060,5,-205,-1.67,12061.0,-6.6086,99308,1198,4740,2026-08-18 01:42:14
277630,1,TIGER 코스피,74200,2,1615,2.22,74400.0,-12.5337,102343,7630,4712,2026-08-18 01:42:14
0162M0,6,KODEX 금융채1~2년(AA-이상)PLUS액티브,10060,2,5,0.05,10065.0,0.4997,8325,83,4650,2026-08-18 01:42:14
448290,4,TIGER 미국S&P500(H),17925,5,-145,-0.8,17930.0,4.2416,53024,951,4616,2026-08-18 01:42:14
471230,6,KODEX 국고채10년액티브,103150,5,-865,-0.83,103175.0,-0.5498,13369,1379,4598,2026-08-18 01:42:14
451060,1,1Q 200액티브,36165,2,945,2.68,36312.0,-12.3834,29640,1079,4557,2026-08-18 01:42:14
0173Y0,4,KODEX 미국AI광통신네트워크,12930,2,625,5.08,13061.0,-21.508,1339200,17434,4538,2026-08-18 01:42:14
0023A0,4,SOL 미국양자컴퓨팅TOP10,27150,3,0,0.0,27233.0,-16.9471,67497,1833,4520,2026-08-18 01:42:14
473290,6,KODEX 26-12 회사채(AA-이상)액티브,10870,2,5,0.05,10871.0,0.6018,6401,69,4513,2026-08-18 01:42:14
091180,2,KODEX 자동차,31360,5,-340,-1.07,31447.0,-19.7979,224784,7108,4437,2026-08-18 01:42:14
447770,7,TIGER 테슬라채권혼합Fn,13625,5,-45,-0.33,13631.0,-8.3291,51393,700,4360,2026-08-18 01:42:14
451000,6,PLUS 종합채권(AA-이상)액티브,106720,5,-355,-0.33,106665.0,-1.4905,27,2,4281,2026-08-18 01:42:14
474220,4,TIGER 미국테크TOP10타겟커버드콜,15095,5,-235,-1.53,15107.0,-5.8378,40099,605,4264,2026-08-18 01:42:14
0016X0,6,SOL 중단기회사채(A-이상)액티브,51415,5,-20,-0.04,51406.0,0.7837,5032,258,4202,2026-08-18 01:42:14
0167Z0,4,KODEX 미국우주항공,9195,2,185,2.05,9228.0,-27.5213,224245,2068,4188,2026-08-18 01:42:14
148070,6,KIWOOM 국고채10년,103810,5,-905,-0.86,103899.0,-0.4658,5735,595,4161,2026-08-18 01:42:14
469070,2,RISE AI&로봇,12385,5,-145,-1.16,12390.0,-24.79,374886,4662,4143,2026-08-18 01:42:14
471990,2,KODEX AI반도체핵심장비,25000,2,1440,6.11,25016.0,-29.4816,833624,20519,4100,2026-08-18 01:42:14
0131V0,4,1Q 미국우주항공테크,12430,5,-315,-2.47,12481.0,-12.3453,42228,526,4071,2026-08-18 01:42:14
0060H0,1,TIGER 토탈월드스탁액티브,13150,5,-85,-0.64,13132.0,-0.2476,28198,370,4063,2026-08-18 01:42:14
385720,1,TIME 코스피액티브,26335,2,675,2.63,26430.0,-14.3668,32969,870,4056,2026-08-18 01:42:14
480260,6,TIGER 27-04회사채(A+이상)액티브,53740,5,-15,-0.03,53745.0,0.5518,2531,136,4049,2026-08-18 01:42:14
241180,4,TIGER 일본니케이225,36775,5,-175,-0.47,36654.0,3.6901,16455,606,4038,2026-08-18 01:42:14
426020,4,TIME 미국S&P500액티브,33105,5,-200,-0.6,33026.0,-4.0479,39635,1313,4032,2026-08-18 01:42:14
462900,2,KoAct 바이오헬스케어액티브,15095,5,-100,-0.66,15106.0,-24.025,792167,11833,4000,2026-08-18 01:42:14
0043Y0,4,TIME 차이나AI테크액티브,22060,2,465,2.15,21993.0,-3.8941,43198,954,3927,2026-08-18 01:42:14
0080G0,2,KODEX 방산TOP10,11425,5,-50,-0.44,11457.0,-17.7529,1585168,18018,3839,2026-08-18 01:42:14
439870,6,KODEX 국고채30년액티브,84495,5,-1375,-1.6,84605.0,-10.3701,9895,841,3823,2026-08-18 01:42:14
458250,6,TIGER 미국30년국채스트립액티브(합성 H),33590,5,-745,-2.17,33711.0,-4.7969,78166,2625,3763,2026-08-18 01:42:14
474590,2,WON 반도체밸류체인액티브,46575,2,2210,4.98,46503.0,-5.7668,43160,1986,3749,2026-08-18 01:42:14
484880,2,SOL 금융지주플러스고배당,22280,5,-230,-1.02,22308.0,3.2077,224359,4996,3721,2026-08-18 01:42:14
496020,6,WON 전단채플러스액티브,52390,3,0,0.0,52392.0,0.9246,895,46,3712,2026-08-18 01:42:14
310960,1,TIGER 200TR,65895,2,1660,2.58,66096.0,-11.8136,69667,4611,3690,2026-08-18 01:42:14
0182R0,2,1Q K반도체TOP2+,11245,2,415,3.83,11285.0,-25.1555,1803557,20425,3632,2026-08-18 01:42:14
0144L0,4,KODEX 미국성장커버드콜액티브,9950,5,-50,-0.5,9961.0,-3.8575,150868,1501,3572,2026-08-18 01:42:14
453810,4,KODEX 인도Nifty50,12065,5,-50,-0.41,12092.0,-1.8976,30978,373,3571,2026-08-18 01:42:14
448300,4,TIGER 미국나스닥100(H),23300,5,-70,-0.3,23317.0,1.4636,32446,756,3565,2026-08-18 01:42:14
0040Y0,7,SOL 팔란티어커버드콜OTM채권혼합,8170,5,-30,-0.37,8173.0,2.3571,98981,807,3562,2026-08-18 01:42:14
132030,5,KODEX 골드선물(H),24835,2,500,2.05,24849.0,-8.4807,41052,1020,3551,2026-08-18 01:42:14
0052D0,2,TIGER 코리아배당다우존스,15875,5,-35,-0.22,15895.0,-4.1507,109901,1750,3516,2026-08-18 01:42:14
439860,6,KODEX ESG종합채권(A-이상)액티브,113455,5,-125,-0.11,113598.0,0.2515,14,1,3501,2026-08-18 01:42:14
0026S0,4,1Q 미국S&P500,13245,5,-150,-1.12,13249.0,-0.6682,55516,735,3483,2026-08-18 01:42:14
279530,2,KODEX 고배당주,17780,3,0,0.0,17805.0,-6.4669,69091,1231,3467,2026-08-18 01:42:14
476760,6,ACE 미국30년국채액티브,9010,5,-155,-1.69,8998.0,-6.8256,473747,4269,3460,2026-08-18 01:42:14
385550,6,RISE 단기채권알파액티브,113975,5,-20,-0.02,113990.0,0.6667,521,59,3449,2026-08-18 01:42:14
0046A0,6,TIGER 미국초단기(3개월이하)국채,9765,5,-40,-0.41,9766.0,-4.2056,352935,3446,3439,2026-08-18 01:42:14
270810,1,RISE 코스닥150,14880,2,130,0.88,14953.0,-25.4486,141479,2086,3419,2026-08-18 01:42:14
456880,7,ACE 미국달러SOFR금리(합성),12385,5,-55,-0.44,12387.0,-4.0124,26496,328,3416,2026-08-18 01:42:14
472170,7,TIGER 미국테크TOP10채권혼합,14040,5,-100,-0.71,14007.0,-3.9729,56299,790,3391,2026-08-18 01:42:14
0210A0,2,ACE K반도체TOP2+,7715,2,325,4.4,7739.0,,1551233,11991,3368,2026-08-18 01:42:14
385510,2,KODEX 신재생에너지액티브,39775,2,275,0.7,39892.0,-31.4296,52034,2056,3341,2026-08-18 01:42:14
442570,7,RISE TDF2050액티브 적격,17915,5,-95,-0.53,17783.0,-1.7777,102317,1835,3332,2026-08-18 01:42:14
448630,7,RISE 삼성그룹Top3채권혼합,15480,2,85,0.55,15449.0,-0.2915,92505,1429,3297,2026-08-18 01:42:14
0052S0,7,1Q 미국S&P500미국채혼합50액티브,11870,5,-90,-0.75,11870.0,-2.3131,156623,1859,3276,2026-08-18 01:42:14
475300,2,SOL 반도체전공정,22490,2,1270,5.98,22488.0,-13.317,1452426,32131,3250,2026-08-18 01:42:14
483320,4,ACE 엔비디아밸류체인액티브,26555,2,415,1.59,26554.0,-3.4891,73619,1960,3173,2026-08-18 01:42:14
0111P0,7,1Q 미국나스닥100미국채혼합50액티브,11120,5,-50,-0.45,11124.0,-3.7355,75565,840,3102,2026-08-18 01:42:14
485540,4,KODEX 미국AI테크TOP10,15460,5,-280,-1.78,15465.0,-7.5598,67436,1043,3053,2026-08-18 01:42:14
0038A0,4,KODEX 미국휴머노이드로봇,15970,2,5,0.03,15982.0,-13.9927,37719,602,3050,2026-08-18 01:42:14
0008S0,4,TIGER 미국배당다우존스타겟데일리커버드콜,10190,5,-60,-0.59,10162.0,3.3236,180702,1838,3032,2026-08-18 01:42:14
123320,3,TIGER 레버리지,120305,2,5770,5.04,120878.0,-35.5659,100295,12191,3008,2026-08-18 01:42:14
453870,4,TIGER 인도니프티50,11880,5,-55,-0.46,11886.0,-1.9288,26829,318,2976,2026-08-18 01:42:14
433330,4,SOL 미국S&P500,22630,5,-260,-1.14,22631.0,-0.5651,45255,1024,2965,2026-08-18 01:42:14
190620,6,ACE 단기통안채,101895,2,10,0.01,101892.0,0.637,1169,119,2939,2026-08-18 01:42:14
307520,2,TIGER 지주회사,22760,2,260,1.16,22806.0,-14.4902,121438,2756,2902,2026-08-18 01:42:14
364970,2,TIGER 바이오TOP10,7785,5,-95,-1.21,7800.0,-0.8182,769386,5956,2896,2026-08-18 01:42:14
441680,7,TIGER 미국나스닥100커버드콜(합성),11000,5,-25,-0.23,11000.0,-1.7459,59656,656,2893,2026-08-18 01:42:14
481190,4,SOL 미국테크TOP10,17035,5,-250,-1.45,17041.0,-8.205,79707,1359,2887,2026-08-18 01:42:14
454780,6,KIWOOM 종합채권(AA-이상)액티브,98940,5,-370,-0.37,98907.0,-1.6344,8,0,2878,2026-08-18 01:42:14
475080,7,KODEX 테슬라커버드콜채권혼합액티브,7895,5,-10,-0.13,7891.0,-6.7692,52460,414,2870,2026-08-18 01:42:14
461490,7,RISE 글로벌자산배분액티브,14830,5,-35,-0.24,14817.0,-2.3325,45786,679,2870,2026-08-18 01:42:14
489030,2,PLUS 고배당주위클리커버드콜,6300,5,-115,-1.79,6261.0,-13.5571,612939,3843,2851,2026-08-18 01:42:14
471780,2,TIGER 코리아테크액티브,37285,2,1535,4.29,37252.0,-12.27,48250,1795,2849,2026-08-18 01:42:14
0162Y0,1,TIME 코스닥액티브,7925,2,180,2.32,7956.0,-31.4905,458713,3606,2833,2026-08-18 01:42:14
473330,6,SOL 미국30년국채커버드콜(합성),8105,5,-135,-1.64,8117.0,-6.6687,203015,1645,2829,2026-08-18 01:42:14
421320,2,PLUS 우주항공,30565,5,-370,-1.2,30636.0,-32.7793,38648,1171,2827,2026-08-18 01:42:14
091170,2,KODEX 은행,15970,5,-200,-1.24,15996.0,6.1567,409139,6530,2827,2026-08-18 01:42:14
0053L0,4,TIGER 차이나휴머노이드로봇,10845,2,330,3.14,10763.0,-22.2189,107927,1161,2814,2026-08-18 01:42:14
273140,6,KODEX 단기변동금리부채권액티브,114570,2,30,0.03,114565.0,0.5553,3490,399,2804,2026-08-18 01:42:14
471040,4,KoAct 글로벌AI&로봇액티브,30750,2,80,0.26,30731.0,-13.2514,10751,331,2783,2026-08-18 01:42:14
0094K0,6,TIGER 28-04 회사채(A+이상)액티브,99535,5,-55,-0.06,99492.0,0.6417,14155,1409,2775,2026-08-18 01:42:14
136340,6,RISE 중기우량회사채,104215,5,-85,-0.08,104134.0,0.5051,60,6,2768,2026-08-18 01:42:14
478150,4,TIME 글로벌우주테크&방산액티브,21530,2,50,0.23,21537.0,-7.5135,10394,223,2767,2026-08-18 01:42:14
213610,2,KODEX 삼성그룹밸류,23150,2,155,0.67,23187.0,-1.7938,9319,216,2755,2026-08-18 01:42:14
423170,4,SOL 글로벌AI반도체탑픽액티브,60590,2,1360,2.3,60684.0,-5.0117,28839,1751,2739,2026-08-18 01:42:14
483340,4,ACE 구글밸류체인액티브,23705,5,-95,-0.4,23727.0,-7.1582,42414,1008,2714,2026-08-18 01:42:14
0098F0,2,KODEX 원자력SMR,15510,5,-205,-1.3,15549.0,-28.8915,177070,2759,2706,2026-08-18 01:42:14
139230,2,TIGER 200 중공업,13755,5,-65,-0.47,13799.0,-26.6553,50929,701,2704,2026-08-18 01:42:14
283580,4,KODEX 차이나CSI300,16030,2,185,1.17,16039.0,-8.846,17938,287,2669,2026-08-18 01:42:14
409820,4,KODEX 미국나스닥100레버리지(합성 H),20680,5,-130,-0.62,20725.0,0.7504,61105,1265,2668,2026-08-18 01:42:14
497880,6,SOL CD금리&머니마켓액티브,50117,2,7,0.01,50119.0,0.8524,49440,2477,2664,2026-08-18 01:42:14
196230,6,RISE 단기통안채,116815,5,-20,-0.02,116826.0,0.6244,472,55,2642,2026-08-18 01:42:14
495230,1,KoAct 코리아밸류업액티브,32560,2,860,2.71,32556.0,-15.3902,12388,402,2637,2026-08-18 01:42:14
0119H0,6,KODEX 28-12 회사채(AA-이상)액티브,9935,3,0,0.0,9924.0,0.5058,16280,161,2595,2026-08-18 01:42:14
388420,2,RISE 비메모리반도체액티브,28550,2,1080,3.93,28539.0,-21.9782,48005,1358,2547,2026-08-18 01:42:14
363580,2,KODEX 200IT TR,59090,2,1490,2.59,59278.0,-4.032,68174,4051,2541,2026-08-18 01:42:14
472920,6,HK 종합채권(AA-이상)액티브,97505,5,-390,-0.4,97455.0,-1.3752,315,30,2515,2026-08-18 01:42:14
0228G0,2,ACE 반도체Plus전략산업,10790,2,140,1.31,10835.0,,492010,5345,2482,2026-08-18 01:42:14
486450,4,SOL 미국AI전력인프라,21355,5,-105,-0.49,21385.0,-15.975,49524,1058,2477,2026-08-18 01:42:14
493810,4,TIGER 미국AI빅테크10타겟데일리커버드콜,11615,5,-185,-1.57,11615.0,-6.0597,61558,715,2468,2026-08-18 01:42:14
0183V0,7,KIWOOM 삼성전자&SK하이닉스채권혼합50,12005,2,265,2.26,12034.0,-1.6372,490007,5900,2461,2026-08-18 01:42:14
0182S0,7,1Q K반도체TOP2채권혼합50,12690,2,280,2.26,12709.0,-3.3866,164329,2088,2430,2026-08-18 01:42:14
157500,2,TIGER 증권,13110,5,-230,-1.72,13162.0,-31.3441,328543,4331,2417,2026-08-18 01:42:14
414780,4,TIGER 차이나과창판STAR50(합성),15380,2,635,4.31,15519.0,-7.2934,69497,1062,2407,2026-08-18 01:42:14
448540,7,ACE 엔비디아채권혼합,26820,5,-50,-0.19,26821.0,-1.7191,10290,276,2387,2026-08-18 01:42:14
498270,4,KIWOOM 미국양자컴퓨팅,15930,5,-40,-0.25,15951.0,0.1984,43777,697,2382,2026-08-18 01:42:14
466930,2,SOL 자동차TOP3플러스,28850,5,-135,-0.47,28901.0,-10.0125,216092,6284,2380,2026-08-18 01:42:14
442320,4,RISE 글로벌원자력,37820,2,190,0.5,37872.0,-20.5654,3502,132,2379,2026-08-18 01:42:14
472160,4,TIGER 미국테크TOP10 INDXX(H),18720,5,-210,-1.11,18729.0,-4.1034,82815,1551,2377,2026-08-18 01:42:14
245710,4,ACE 베트남VN30(합성),28190,5,-405,-1.42,28473.0,-11.8799,17625,499,2368,2026-08-18 01:42:14
261260,7,KODEX 미국달러선물인버스2X,5112,2,42,0.83,5116.0,9.8591,180879,923,2361,2026-08-18 01:42:14
244580,2,KODEX 바이오,8900,5,-140,-1.55,8919.0,-22.1361,517743,4577,2357,2026-08-18 01:42:14
228790,2,TIGER 화장품,4330,5,-95,-2.15,4335.0,8.9901,3125195,13470,2337,2026-08-18 01:42:14
329650,7,KODEX TRF3070,14160,5,-70,-0.49,14195.0,-1.2097,13422,190,2336,2026-08-18 01:42:14
463050,2,TIME K바이오액티브,13635,5,-120,-0.87,13668.0,-19.5615,218433,2950,2318,2026-08-18 01:42:14
363570,6,KODEX 장기종합채권(AA-이상)액티브,85000,5,-945,-1.1,85220.0,-4.2183,71,6,2312,2026-08-18 01:42:14
488980,6,SOL 26-12 회사채(AA-이상)액티브,52060,3,0,0.0,52065.0,0.6963,230,11,2304,2026-08-18 01:42:14
0094M0,2,RISE 코리아밸류업위클리고정커버드콜,18220,2,255,1.42,18225.0,-9.9976,367833,6700,2296,2026-08-18 01:42:14
267770,3,TIGER 200선물레버리지,91500,2,4595,5.29,91718.0,-36.0993,22440,2076,2288,2026-08-18 01:42:14
302450,1,RISE 코스피,73745,2,1600,2.22,73932.0,-12.3956,76605,5677,2286,2026-08-18 01:42:14
0104N0,2,TIGER 200타겟위클리커버드콜,21755,2,515,2.42,21838.0,-11.8743,62302,1363,2284,2026-08-18 01:42:14
437080,6,KODEX 미국종합채권ESG액티브(H),96970,5,-455,-0.47,96958.0,-0.462,978,94,2284,2026-08-18 01:42:14
0092C0,6,SOL 27-12 회사채(AA-이상)액티브,50220,3,0,0.0,50233.0,0.6311,50,2,2272,2026-08-18 01:42:14
0204D0,2,KODEX 현대차로보틱스밸류체인TOP3플러스,7110,5,-55,-0.77,7110.0,,893276,6383,2257,2026-08-18 01:42:14
458260,6,TIGER 미국투자등급회사채액티브(H),46245,5,-315,-0.68,46222.0,-1.0845,817,37,2257,2026-08-18 01:42:14
0151S0,4,KODEX 미국AI반도체TOP3플러스,16230,5,-10,-0.06,16248.0,-2.3059,82891,1349,2256,2026-08-18 01:42:14
495060,1,TIME 코리아밸류업액티브,30000,2,795,2.72,30023.0,-16.1499,36464,1093,2250,2026-08-18 01:42:14
452360,4,SOL 미국배당다우존스(H),13455,5,-50,-0.37,13416.0,8.8814,86271,1160,2234,2026-08-18 01:42:14
305080,6,TIGER 미국채10년선물,12560,5,-95,-0.75,12559.0,-5.5598,30405,381,2223,2026-08-18 01:42:14
266160,2,RISE 고배당,33930,2,580,1.74,33993.0,-9.5382,12938,440,2172,2026-08-18 01:42:14
422420,2,RISE 2차전지액티브,6760,5,-10,-0.15,6770.0,-34.2982,141642,950,2169,2026-08-18 01:42:14
332930,1,HANARO 200TR,148845,2,4260,2.95,148683.0,-11.6877,75,11,2158,2026-08-18 01:42:14
433500,2,ACE 원자력TOP10,55290,5,-385,-0.69,55375.0,-32.343,11757,652,2156,2026-08-18 01:42:14
0089D0,2,KODEX 금융고배당TOP10,13300,5,-30,-0.23,13307.0,-0.1333,65221,866,2155,2026-08-18 01:42:14
490090,4,TIGER 미국AI빅테크10,16175,5,-290,-1.76,16174.0,-5.4551,35804,578,2127,2026-08-18 01:42:14
0047A0,4,TIGER 차이나테크TOP10,13950,2,460,3.41,13995.0,-11.9165,13737,189,2120,2026-08-18 01:42:14
0115D0,2,KODEX 조선TOP10,8270,5,-140,-1.66,8296.0,-22.1657,880011,7274,2117,2026-08-18 01:42:14
394670,4,TIGER 글로벌리튬&2차전지SOLACTIVE(합성),11750,2,85,0.73,11866.0,-19.7731,7131,83,2082,2026-08-18 01:42:14
480040,4,ACE 미국반도체데일리타겟커버드콜(합성),15865,2,220,1.41,15879.0,-10.9364,183444,2905,2031,2026-08-18 01:42:14
495550,1,SOL 코리아밸류업TR,34315,2,635,1.89,34342.0,-12.1659,14454,495,2007,2026-08-18 01:42:14
233160,3,TIGER 코스닥150 레버리지,8795,2,120,1.38,8834.0,-52.7506,1419774,12368,1974,2026-08-18 01:42:14
0005A0,4,KODEX 미국S&P500데일리커버드콜OTM,9835,5,-85,-0.86,9784.0,-0.7677,126590,1244,1967,2026-08-18 01:42:14
122090,1,PLUS 코스피50,85070,2,2705,3.28,85293.0,-11.2218,21301,1821,1965,2026-08-18 01:42:14
0069M0,4,1Q 미국나스닥100,14005,5,-105,-0.74,14017.0,-3.1903,61993,869,1947,2026-08-18 01:42:14
117700,2,KODEX 건설,6730,5,-100,-1.46,6737.0,-24.4371,903776,6105,1932,2026-08-18 01:42:14
0192Z0,6,TIGER 중기종합채권(A-이상)액티브,100800,5,-150,-0.15,100812.0,,18,1,1925,2026-08-18 01:42:14
302190,6,TIGER 중장기국채,49870,5,-240,-0.48,49892.0,0.0599,22476,1121,1915,2026-08-18 01:42:14
429000,4,TIGER 미국S&P500배당귀족,13850,5,-180,-1.28,13809.0,5.4969,60279,835,1911,2026-08-18 01:42:14
0091C0,6,KODEX 미국10년국채액티브(H),9575,5,-45,-0.47,9574.0,-0.5631,21113,202,1906,2026-08-18 01:42:14
433980,7,KODEX TDF2040액티브 적격,16260,5,-60,-0.37,16181.0,-0.887,59363,965,1902,2026-08-18 01:42:14
0082V0,7,KODEX TDF2060액티브 적격,11645,5,-20,-0.17,11574.0,-4.4836,68928,802,1886,2026-08-18 01:42:14
0093A0,2,RISE AI반도체TOP10,33745,2,1650,5.14,33771.0,-21.1232,24429,819,1856,2026-08-18 01:42:14
473460,4,KODEX 미국서학개미,24045,5,-40,-0.17,24074.0,-13.0835,18769,451,1851,2026-08-18 01:42:14
0005G0,2,IBK K-AI반도체코어테크,52930,2,1710,3.34,53020.0,-4.281,15786,836,1826,2026-08-18 01:42:14
463290,6,1Q 단기금융채액티브,109130,3,0,0.0,109135.0,0.757,212,23,1802,2026-08-18 01:42:14
494330,2,ACE 라이프자산주주가치액티브,34070,2,685,2.05,34048.0,7.172,12351,420,1789,2026-08-18 01:42:14
0190G0,2,KODEX 반도체타겟위클리커버드콜,9030,2,335,3.85,9066.0,-20.3315,265113,2392,1779,2026-08-18 01:42:14
0040X0,7,SOL 팔란티어미국채커버드콜혼합,9615,5,-225,-2.29,9647.0,6.0409,138186,1327,1774,2026-08-18 01:42:14
494220,2,UNICORN SK하이닉스밸류체인액티브,49715,2,2300,4.85,49736.0,-11.1913,93317,4611,1765,2026-08-18 01:42:14
412570,2,TIGER 2차전지TOP10레버리지,1233,5,-27,-2.14,1241.0,-51.5385,3894514,4766,1756,2026-08-18 01:42:14
483290,4,KODEX 미국배당다우존스타겟커버드콜,10560,5,-60,-0.56,10549.0,3.6842,125794,1328,1753,2026-08-18 01:42:14
403790,1,MIDAS 코스피액티브,59850,2,965,1.64,59996.0,-10.3388,10078,602,1751,2026-08-18 01:42:14
200250,4,KIWOOM 인도Nifty50(합성),22140,5,-105,-0.47,22172.0,-2.0907,1370,30,1749,2026-08-18 01:42:14
332500,1,ACE 200TR,75875,2,1785,2.41,76202.0,-11.6715,15668,1194,1745,2026-08-18 01:42:14
160580,5,TIGER 구리실물,17075,2,450,2.71,17328.0,-3.985,75109,1286,1742,2026-08-18 01:42:14
337160,2,KODEX 200ESG,49730,2,910,1.86,49863.0,-8.512,21921,1087,1741,2026-08-18 01:42:14
0051G0,4,SOL 미국원자력SMR,14105,5,-210,-1.47,14054.0,-13.5307,13757,193,1728,2026-08-18 01:42:14
461950,2,KODEX 2차전지핵심소재10,4960,5,-45,-0.9,4970.0,-34.9144,449306,2213,1726,2026-08-18 01:42:14
0180V0,4,ACE 미국우주테크액티브,9155,2,65,0.72,9195.0,-28.2558,145064,1334,1712,2026-08-18 01:42:14
490600,4,RISE 미국배당100데일리고정커버드콜,9280,5,-65,-0.7,9258.0,4.2204,115584,1072,1708,2026-08-18 01:42:14
0099L0,6,ACE 우량회사채(AA-이상)액티브,99560,5,-35,-0.04,99506.0,0.6925,17680,1760,1706,2026-08-18 01:42:14
472870,6,RISE 미국30년국채엔화노출(합성 H),6965,5,-120,-1.69,6985.0,-8.5155,300106,2088,1689,2026-08-18 01:42:14
491820,2,HANARO 전력설비투자,45290,2,1285,2.92,45266.0,-34.9904,64062,2868,1676,2026-08-18 01:42:14
480020,4,ACE 미국빅테크7+데일리타겟커버드콜(합성),10520,5,-210,-1.96,10537.0,-11.8938,120987,1275,1641,2026-08-18 01:42:14
237370,7,KODEX 코리아배당성장채권혼합,15775,5,-60,-0.38,15773.0,-2.5629,20222,318,1641,2026-08-18 01:42:14
480030,4,ACE 미국500데일리타겟커버드콜(합성),10240,5,-105,-1.01,10218.0,-2.2444,67869,694,1638,2026-08-18 01:42:14
143860,2,TIGER 헬스케어,40170,5,-370,-0.91,40251.0,-11.2717,33031,1318,1623,2026-08-18 01:42:14
0048K0,4,KODEX 차이나휴머노이드로봇,9515,2,220,2.37,9514.0,-17.9875,351736,3334,1622,2026-08-18 01:42:14
0064K0,5,KODEX 금액티브,13065,2,215,1.67,13072.0,-12.2568,39661,518,1606,2026-08-18 01:42:14
272560,6,RISE 단기국공채액티브,114785,5,-5,0.0,114758.0,0.6444,4905,562,1602,2026-08-18 01:42:14
354500,1,ACE 코스닥150,15105,2,125,0.83,15182.0,-25.1375,117157,1757,1601,2026-08-18 01:42:14
152870,1,파워 200,114265,2,3100,2.79,114354.0,-11.7596,237,27,1600,2026-08-18 01:42:14
0151P0,2,RISE 코리아전략산업액티브,15680,2,565,3.74,15718.0,-21.362,74287,1168,1592,2026-08-18 01:42:14
491610,6,1Q CD금리액티브(합성),104725,2,10,0.01,104714.0,0.731,2123,222,1553,2026-08-18 01:42:14
464240,6,KIWOOM 26-09회사채(AA-이상)액티브,52350,5,-15,-0.03,52360.0,0.7486,40,2,1544,2026-08-18 01:42:14
0104H0,7,KoAct 미국나스닥채권혼합50액티브,12120,5,-10,-0.08,12137.0,-7.121,49186,596,1533,2026-08-18 01:42:14
0127M0,4,ACE 미국대형가치주액티브,12760,2,25,0.2,12800.0,4.7149,4243,54,1525,2026-08-18 01:42:14
138520,2,TIGER 삼성그룹,37635,2,235,0.63,37705.0,-1.579,16470,621,1513,2026-08-18 01:42:14
457990,2,PLUS 태양광&ESS,39145,2,330,0.85,39265.0,-24.1969,283257,10940,1507,2026-08-18 01:42:14
0153K0,2,KODEX 주주환원고배당주,12140,5,-100,-0.82,12159.0,0.346,105908,1285,1505,2026-08-18 01:42:14
219480,4,KODEX 미국S&P500선물(H),33425,5,-220,-0.65,33422.0,3.9388,1853,61,1504,2026-08-18 01:42:14
458210,7,KIWOOM CD금리액티브(합성),110440,5,-25,-0.02,110427.0,0.7249,385,42,1483,2026-08-18 01:42:14
486830,6,HANARO 머니마켓액티브,53215,2,5,0.01,53221.0,0.7956,1817,96,1469,2026-08-18 01:42:14
245340,4,TIGER 미국다우존스30,36715,5,-410,-1.1,36714.0,3.1243,4666,171,1469,2026-08-18 01:42:14
0005D0,2,SOL 전고체배터리&실리콘음극재,14585,5,-310,-2.08,14653.0,-36.1004,396942,5758,1451,2026-08-18 01:42:14
0041E0,4,KODEX 미국S&P500액티브,16860,5,-70,-0.41,16864.0,-5.3808,35672,603,1450,2026-08-18 01:42:14
495330,1,1Q 코리아밸류업,33435,2,605,1.84,33442.0,-11.1451,3864,128,1438,2026-08-18 01:42:14
481180,4,SOL 미국AI소프트웨어,16225,5,-730,-4.31,16265.0,29.1809,94924,1544,1428,2026-08-18 01:42:14
0168K0,2,TIGER 기술이전바이오액티브,6790,5,-60,-0.88,6817.0,-23.2063,588521,3950,1418,2026-08-18 01:42:14
0074K0,2,KoAct K수출핵심기업TOP30액티브,18145,2,205,1.14,18173.0,-14.3471,34807,629,1397,2026-08-18 01:42:14
192090,4,TIGER 차이나CSI300,13110,2,155,1.2,13143.0,-9.8783,6258,81,1390,2026-08-18 01:42:14
0181B0,4,HANARO 미국AI메모리반도체TOP4+,11240,2,640,6.04,11281.0,3.4651,244010,2762,1388,2026-08-18 01:42:14
0176E0,4,RISE 미국AI전력인프라액티브,11155,2,305,2.81,11109.0,-16.5706,14890,166,1383,2026-08-18 01:42:14
471760,2,TIGER AI반도체핵심공정,15220,2,565,3.86,15243.0,-35.4121,954920,14461,1370,2026-08-18 01:42:14
451530,6,TIGER 국고채30년스트립액티브,32950,5,-1045,-3.07,33184.0,-19.2518,16657,553,1349,2026-08-18 01:42:14
325010,2,KODEX 성장주,44930,2,1150,2.63,45048.0,-13.6404,712,32,1348,2026-08-18 01:42:14
0131W0,6,1Q 단기특수은행채액티브,102015,2,10,0.01,102012.0,0.681,5,0,1345,2026-08-18 01:42:14
0184L0,6,PLUS 중기종합채권(A-이상)액티브,100465,5,-125,-0.12,100478.0,0.6906,28,2,1341,2026-08-18 01:42:14
476030,4,SOL 미국나스닥100,17735,5,-135,-0.76,17754.0,-2.9782,32608,579,1339,2026-08-18 01:42:14
476450,6,KIWOOM 머니마켓액티브,52700,5,-10,-0.02,52708.0,0.755,606,31,1335,2026-08-18 01:42:14
0123G0,4,TIGER 미국AI전력SMR,6915,5,-205,-2.88,6881.0,-16.432,36531,253,1335,2026-08-18 01:42:14
304660,6,KODEX 미국30년국채울트라선물(H),7170,5,-95,-1.31,7175.0,-1.8907,7620,54,1334,2026-08-18 01:42:14
0193G0,1,KoAct 코스피액티브,8780,2,185,2.15,8805.0,,77018,679,1330,2026-08-18 01:42:14
139220,2,TIGER 200 건설,7670,5,-30,-0.39,7692.0,-24.3615,259853,1999,1327,2026-08-18 01:42:14
271050,5,KODEX WTI원유선물인버스(H),2010,5,-65,-3.13,1999.0,6.6289,629248,1270,1324,2026-08-18 01:42:14
463680,4,KODEX 미국S&P500테크놀로지,23375,5,-120,-0.51,23178.0,2.2699,16461,384,1321,2026-08-18 01:42:14
182480,7,TIGER 미국MSCI리츠(합성 H),14010,2,10,0.07,14017.0,3.2886,4617,64,1317,2026-08-18 01:42:14
448100,1,WON 200,116500,2,3245,2.87,116614.0,-11.8778,1024,119,1311,2026-08-18 01:42:14
411420,4,KODEX 미국나스닥AI테크액티브,27470,5,-290,-1.04,27511.0,-7.5861,70315,1932,1291,2026-08-18 01:42:14
0199C0,2,ACE 고배당주Plus커버드콜액티브,9335,5,-45,-0.48,9322.0,,607396,5689,1279,2026-08-18 01:42:14
377990,2,TIGER Fn신재생에너지,25470,2,340,1.35,25538.0,-32.0962,79158,1999,1274,2026-08-18 01:42:14
367770,2,RISE 수소경제테마,24200,3,0,0.0,24239.0,-25.6072,15787,380,1271,2026-08-18 01:42:14
0080Y0,2,SOL 조선TOP3플러스레버리지,10055,5,-350,-3.36,10098.0,-47.975,277597,2774,1267,2026-08-18 01:42:14
488720,7,WON 종합채권(AA-이상)액티브,48315,5,-180,-0.37,48332.0,-1.443,334,16,1264,2026-08-18 01:42:14
447620,7,SOL 미국TOP5채권혼합50,15895,5,-135,-0.84,15924.0,-2.3157,74808,1196,1256,2026-08-18 01:42:14
114820,6,TIGER 국채3년,104960,5,-150,-0.14,104937.0,0.6029,1461,153,1249,2026-08-18 01:42:14
328370,1,PLUS 코스피TR,40180,2,1090,2.79,40096.0,-12.5797,46,1,1246,2026-08-18 01:42:14
464310,4,TIGER 글로벌AI&로보틱스 INDXX,14950,2,45,0.3,14916.0,-15.3847,8121,121,1241,2026-08-18 01:42:14
251340,3,KODEX 코스닥150선물인버스,2295,5,-10,-0.43,2300.0,15.6547,24158937,55722,1239,2026-08-18 01:42:14
0092B0,2,SOL 한국원자력SMR,15240,5,-240,-1.55,15268.0,-30.8775,63416,971,1234,2026-08-18 01:42:14
0000Y0,6,HK 26-12 회사채(AA-이상)액티브,101735,2,5,0.0,101754.0,0.6231,51,5,1231,2026-08-18 01:42:14
372330,4,KODEX 차이나항셍테크,7370,2,100,1.38,7350.0,-12.4685,12987,95,1216,2026-08-18 01:42:14
0174B0,7,KoAct 글로벌AI메모리반도체액티브,15685,2,665,4.43,15747.0,-1.0215,77789,1224,1216,2026-08-18 01:42:14
399110,4,SOL 미국S&P500ESG,21680,5,-200,-0.91,21654.0,0.8382,7496,162,1214,2026-08-18 01:42:14
332940,1,HANARO MSCI Korea TR,50585,2,1230,2.49,50514.0,-11.1282,92,4,1214,2026-08-18 01:42:14
0191W0,6,HANARO 중기종합채권(A-이상)액티브,100880,3,0,0.0,100788.0,,0,0,1211,2026-08-18 01:42:14
464930,4,TIGER 글로벌혁신블루칩TOP10,21725,5,-140,-0.64,21702.0,-2.0386,1833,39,1206,2026-08-18 01:42:14
266370,2,KODEX IT,70690,2,1755,2.55,70907.0,-8.8343,23150,1638,1202,2026-08-18 01:42:14
0177X0,2,ACE K휴머노이드로봇산업TOP2+,10910,5,-35,-0.32,10941.0,-27.6125,492761,5436,1200,2026-08-18 01:42:14
488500,4,TIGER 미국S&P500동일가중,13120,5,-160,-1.2,13105.0,4.674,26763,351,1181,2026-08-18 01:42:14
326240,2,RISE IT플러스,45950,2,960,2.13,46037.0,-9.7493,974,45,1176,2026-08-18 01:42:14
0000J0,2,PLUS 한화그룹주,30045,5,-5,-0.02,30138.0,-23.6923,49110,1468,1172,2026-08-18 01:42:14
309230,4,ACE 미국WideMoat동일가중,31735,5,-720,-2.22,31747.0,8.2762,8338,264,1168,2026-08-18 01:42:14
461500,6,HANARO 종합채권(AA-이상)액티브,104395,5,-375,-0.36,104425.0,-1.4486,5,0,1167,2026-08-18 01:42:14
469170,2,ACE 포스코그룹포커스,5730,5,-75,-1.29,5742.0,-31.1892,355973,2024,1155,2026-08-18 01:42:14
319640,4,TIGER 골드선물(H),26085,2,520,2.03,26084.0,-8.6802,5531,144,1148,2026-08-18 01:42:14
0036R0,4,RISE 미국휴머노이드로봇,20350,2,20,0.1,20406.0,-7.7564,14010,285,1140,2026-08-18 01:42:14
304940,4,KODEX 미국나스닥100선물(H),33020,5,-75,-0.23,33032.0,1.0997,1721,56,1139,2026-08-18 01:42:14
0122W0,6,RISE 26-11 회사채(AA-이상)액티브,50945,2,20,0.04,50939.0,0.6224,21,1,1138,2026-08-18 01:42:14
0135Y0,6,IBK 중기종합채권(AA-이상)액티브,100265,5,-135,-0.13,100271.0,0.5206,2,0,1130,2026-08-18 01:42:14
498180,6,파워 종합채권(AA-이상)액티브,93255,3,0,0.0,92703.0,-1.3697,0,0,1129,2026-08-18 01:42:14
491230,6,PLUS 국공채머니마켓액티브,52450,3,0,0.0,52442.0,0.8556,2635,138,1128,2026-08-18 01:42:14
168580,4,ACE 중국본토CSI300,36125,2,510,1.43,36312.0,-9.7555,2277,82,1127,2026-08-18 01:42:14
394660,4,TIGER 글로벌자율주행&전기차SOLACTIVE,16945,2,165,0.98,16995.0,-16.1,2059,34,1112,2026-08-18 01:42:14
0209D0,2,KODEX 전고체배터리ESS TOP2플러스,8135,5,-55,-0.67,8156.0,,399159,3237,1110,2026-08-18 01:42:14
0137V0,4,KIWOOM 미국S&P500모멘텀,12200,2,120,0.99,12226.0,-2.215,78949,962,1110,2026-08-18 01:42:14
496090,1,KIWOOM 코리아밸류업,33625,2,885,2.7,33606.0,-11.7326,32,1,1093,2026-08-18 01:42:14
455860,2,SOL 2차전지소부장Fn,4575,5,-60,-1.29,4580.0,-35.1749,399024,1820,1089,2026-08-18 01:42:14
0052T0,6,1Q 중단기회사채(A-이상)액티브,50620,5,-55,-0.11,50668.0,0.7355,1006,50,1080,2026-08-18 01:42:14
0221V0,6,IBK 초단기채권액티브,100290,2,5,0.0,100302.0,,42,4,1072,2026-08-18 01:42:14
0132K0,7,PLUS 테슬라위클리커버드콜채권혼합,7960,5,-10,-0.13,7982.0,-6.4713,139437,1108,1071,2026-08-18 01:42:14
465610,4,ACE 미국빅테크TOP7 Plus레버리지(합성),44575,5,-1355,-2.95,44572.0,-7.567,6281,279,1070,2026-08-18 01:42:14
0142D0,4,TIGER 미국AI데이터센터TOP4Plus,11950,2,40,0.34,11953.0,-10.7866,89580,1074,1070,2026-08-18 01:42:14
0193M0,6,BNK 27-12 특수채(AAA이상)액티브,50325,2,10,0.02,50361.0,,8,0,1064,2026-08-18 01:42:14
261270,7,KODEX 미국달러선물인버스,7920,2,50,0.64,7927.0,5.0734,23689,187,1064,2026-08-18 01:42:14
438570,6,SOL 국고채10년,97545,5,-805,-0.82,97577.0,-0.5361,31,3,1062,2026-08-18 01:42:14
0091M0,6,HANARO 27-06 회사채(AA-이상)액티브,10155,2,5,0.05,10149.0,0.5448,21,0,1059,2026-08-18 01:42:14
0138Y0,7,PLUS 금채권혼합,9975,2,85,0.86,9962.0,-5.7198,178275,1779,1047,2026-08-18 01:42:14
476850,1,KoAct 배당성장액티브,22180,2,410,1.88,22183.0,-9.3698,23073,513,1042,2026-08-18 01:42:14
0035T0,7,PLUS 글로벌휴머노이드로봇액티브,21360,2,160,0.75,21325.0,-16.1061,12175,261,1036,2026-08-18 01:42:14
475280,6,ACE 8월만기자동연장회사채AA-이상액티브,10725,2,5,0.05,10724.0,0.7518,10,0,1033,2026-08-18 01:42:14
0007N0,1,아이엠에셋 200,113975,2,3270,2.95,113826.0,-11.5047,34,3,1026,2026-08-18 01:42:14
465780,6,마이티 26-09 특수채(AAA)액티브,106310,2,25,0.02,106301.0,0.6725,1,0,1024,2026-08-18 01:42:14
0085P0,6,ACE 미국10년국채액티브,10025,5,-85,-0.84,10012.0,-5.1644,84333,845,1013,2026-08-18 01:42:14
204480,4,TIGER 차이나CSI300레버리지(합성),27030,2,335,1.25,27534.0,-21.3118,253,6,1006,2026-08-18 01:42:14
114100,6,RISE 국고채3년,106470,5,-200,-0.19,106455.0,0.6499,385,40,1003,2026-08-18 01:42:14
203780,4,TIGER 미국나스닥바이오,35300,2,305,0.87,35267.0,6.8549,8361,295,1003,2026-08-18 01:42:14
481430,6,RISE 국고채10년액티브,97480,5,-865,-0.88,97506.0,-0.521,104,10,995,2026-08-18 01:42:14
486240,2,DAISHIN343 AI반도체&인프라액티브,30705,2,1260,4.28,30643.0,-13.7775,8211,249,983,2026-08-18 01:42:14
449770,4,KIWOOM 미국S&P500,21685,5,-185,-0.85,21684.0,-0.8544,2497,54,976,2026-08-18 01:42:14
475050,2,ACE KPOP포커스,6685,5,-180,-2.62,6703.0,-24.7259,472413,3164,966,2026-08-18 01:42:14
195980,4,PLUS 신흥국MSCI(합성 H),15345,2,160,1.05,15438.0,-0.1316,8627,132,964,2026-08-18 01:42:14
0162L0,4,KODEX 차이나AI반도체TOP10,14940,2,780,5.51,14944.0,-5.8738,327235,4882,956,2026-08-18 01:42:14
308620,6,KODEX 미국10년국채선물,11800,5,-90,-0.76,11794.0,-5.259,25166,297,956,2026-08-18 01:42:14
479620,4,SOL 미국AI반도체칩메이커,26520,5,-205,-0.77,26504.0,-3.7111,13031,345,955,2026-08-18 01:42:14
485690,4,RISE 미국AI밸류체인TOP3Plus,22705,5,-185,-0.81,22728.0,-4.0021,30076,683,954,2026-08-18 01:42:14
454320,2,HANARO CAPEX설비투자iSelect,44105,2,405,0.93,44180.0,-26.0638,3149,137,948,2026-08-18 01:42:14
211900,2,KODEX 코리아배당성장,28585,5,-175,-0.61,28582.0,-11.0019,2889,82,943,2026-08-18 01:42:14
473440,6,ACE 11월만기자동연장회사채AA-이상액티브,10840,2,15,0.14,10839.0,0.604,1303,14,943,2026-08-18 01:42:14
433970,7,KODEX TDF2030액티브 적격,14230,5,-70,-0.49,14176.0,-0.5078,8155,116,939,2026-08-18 01:42:14
468380,6,KODEX iShares미국하이일드액티브,11215,5,-75,-0.66,11214.0,-3.5952,28319,317,933,2026-08-18 01:42:14
298770,4,KODEX 한국대만IT프리미어,84800,2,1655,1.99,84485.0,-0.3317,32950,2807,933,2026-08-18 01:42:14
325020,2,KODEX 배당가치,30010,5,-30,-0.1,30084.0,-5.5609,5306,159,930,2026-08-18 01:42:14
359210,1,KODEX 코스피TR,36940,2,795,2.2,37024.0,-12.3546,5203,193,924,2026-08-18 01:42:14
143850,4,TIGER 미국S&P500선물(H),78120,5,-560,-0.71,78072.0,3.6217,10710,836,918,2026-08-18 01:42:14
495040,1,PLUS 코리아밸류업,33360,2,830,2.55,33325.0,-11.8045,2636,87,917,2026-08-18 01:42:14
269540,4,PLUS 미국S&P500(H),30335,5,-230,-0.75,30331.0,3.2078,2758,83,910,2026-08-18 01:42:14
453080,4,KIWOOM 미국나스닥100(H),23315,5,-30,-0.13,23317.0,0.9828,11095,258,909,2026-08-18 01:42:14
444490,4,WON 미국S&P500,20790,5,-245,-1.16,20782.0,-0.5203,14651,304,904,2026-08-18 01:42:14
108450,2,ACE 삼성그룹섹터가중,41060,2,55,0.13,41164.0,-3.3015,6670,274,903,2026-08-18 01:42:14
329670,7,KODEX TRF7030,22465,5,-155,-0.69,22485.0,-0.2008,12466,280,899,2026-08-18 01:42:14
460960,7,ACE 글로벌인컴TOP10,11410,5,-110,-0.95,11379.0,-1.8037,7771,88,873,2026-08-18 01:42:14
0066W0,5,SOL 국제금,13215,2,215,1.65,13219.0,-12.0434,64740,856,872,2026-08-18 01:42:14
490480,2,SOL K방산,31700,5,-190,-0.6,31709.0,-17.5863,27525,865,872,2026-08-18 01:42:14
138530,2,TIGER LG그룹플러스,12820,5,-80,-0.62,12829.0,-6.9936,141950,1827,854,2026-08-18 01:42:14
329660,7,KODEX TRF5050,18120,5,-70,-0.38,18106.0,-0.3023,6816,123,852,2026-08-18 01:42:14
0008T0,2,SOL 화장품TOP3플러스,17230,5,-505,-2.85,17260.0,9.8142,978725,16759,844,2026-08-18 01:42:14
469060,4,RISE 미국반도체NYSE,37860,2,585,1.57,37870.0,-1.816,7191,272,833,2026-08-18 01:42:14
337140,2,KODEX 코스피대형주,37770,2,990,2.69,37876.0,-12.3578,9366,355,831,2026-08-18 01:42:14
461460,6,PLUS 국고채10년액티브,50980,5,-430,-0.84,51004.0,-0.5706,60,3,827,2026-08-18 01:42:14
453330,4,RISE 미국S&P500(H),18325,5,-140,-0.76,18326.0,4.5892,11229,205,825,2026-08-18 01:42:14
157490,2,TIGER 소프트웨어,8790,5,-225,-2.5,8799.0,-6.5804,112848,993,825,2026-08-18 01:42:14
495750,1,HANARO 코리아밸류업,33565,2,760,2.32,33533.0,-12.7135,184,6,822,2026-08-18 01:42:14
364960,2,TIGER BBIG,6740,5,-125,-1.82,6741.0,-13.2112,9378,63,819,2026-08-18 01:42:14
412770,4,TIGER 글로벌AI플랫폼액티브,13415,2,50,0.37,13305.0,-8.5529,2553,33,817,2026-08-18 01:42:14
0017Y0,6,1Q 종합채권(AA-이상)액티브,93325,5,-465,-0.5,93275.0,-1.4242,5,0,815,2026-08-18 01:42:14
0057H0,7,PLUS 미국S&P500미국채혼합50액티브,11940,5,-105,-0.87,11959.0,-2.3515,100860,1206,812,2026-08-18 01:42:14
0018C0,2,PLUS 고배당주위클리고정커버드콜,10685,5,-95,-0.88,10707.0,-11.5061,39660,424,807,2026-08-18 01:42:14
0049M0,4,ACE 미국배당퀄리티+커버드콜액티브,11645,5,-25,-0.21,11632.0,-0.4018,20095,233,804,2026-08-18 01:42:14
292190,1,KODEX KRX300,50045,2,1480,3.05,50052.0,-12.2004,693,34,801,2026-08-18 01:42:14
434960,1,DAISHIN343 K200,114125,2,3185,2.87,114140.0,-11.8386,19,2,799,2026-08-18 01:42:14
365040,1,TIGER AI코리아그로스액티브,37645,2,900,2.45,37753.0,-10.049,2438,92,791,2026-08-18 01:42:14
0098N0,2,PLUS 자사주매입고배당주,12950,5,-20,-0.15,12974.0,-1.4557,8916,115,790,2026-08-18 01:42:14
492500,7,1Q 현대차그룹채권(A+이상)&국고통안,51255,5,-35,-0.07,51282.0,0.4406,10324,529,780,2026-08-18 01:42:14
458030,6,WON 국공채머니마켓액티브,54990,2,15,0.03,54981.0,0.6868,218,11,780,2026-08-18 01:42:14
0080X0,7,SOL 미국S&P500미국채혼합50,11280,5,-90,-0.79,11261.0,-2.9865,219967,2480,778,2026-08-18 01:42:14
210780,2,TIGER 코스피고배당,23515,5,-50,-0.21,23561.0,-8.8346,5547,130,776,2026-08-18 01:42:14
0225V0,4,KODEX 미국CPU반도체TOP10,11065,2,35,0.32,11073.0,,276388,3067,775,2026-08-18 01:42:14
475310,2,SOL 반도체후공정,27855,2,1540,5.85,27894.0,-28.7629,160491,4419,766,2026-08-18 01:42:14
441540,2,HANARO Fn조선해운,28365,2,150,0.53,28427.0,-18.1581,8339,236,766,2026-08-18 01:42:14
438560,6,SOL 국고채3년,100250,5,-185,-0.18,100260.0,0.7119,68,6,756,2026-08-18 01:42:14
0113D0,4,TIME 글로벌탑픽액티브,12355,5,-75,-0.6,12384.0,-1.2709,20499,252,747,2026-08-18 01:42:14
228810,2,TIGER 미디어컨텐츠,3135,5,-90,-2.79,3134.0,-27.6906,208144,652,743,2026-08-18 01:42:14
211560,2,TIGER 배당성장,35765,5,-445,-1.23,35775.0,-10.4055,1950,69,740,2026-08-18 01:42:14
0190Y0,4,TIGER 구글밸류체인,9230,5,-95,-1.02,9235.0,-9.5834,43621,403,729,2026-08-18 01:42:14
266420,2,KODEX 헬스케어,18210,5,-170,-0.92,18275.0,-11.0143,35738,645,728,2026-08-18 01:42:14
272910,6,ACE 중장기국공채액티브,105860,5,-290,-0.27,105849.0,0.4352,12,1,728,2026-08-18 01:42:14
0098Z0,1,FOCUS 200,96795,2,3035,3.24,96800.0,-11.9652,6,0,726,2026-08-18 01:42:14
130730,6,KIWOOM 단기자금,102940,3,0,0.0,102927.0,0.6698,570,58,721,2026-08-18 01:42:14
0115E0,2,KODEX 코리아소버린AI,15325,5,-10,-0.07,15357.0,-5.7818,163591,2519,713,2026-08-18 01:42:14
0102A0,4,TIGER 미국AI소프트웨어TOP4Plus,8450,5,-390,-4.41,8470.0,13.406,68102,574,710,2026-08-18 01:42:14
0022T0,4,SOL 국제금커버드콜액티브,13635,2,260,1.94,13613.0,-12.0065,58638,800,709,2026-08-18 01:42:14
277640,2,TIGER 코스피대형주,39060,2,1010,2.65,39155.0,-11.8404,10380,407,703,2026-08-18 01:42:14
100910,1,KIWOOM KRX100,17850,2,485,2.79,17896.0,-11.2865,3042,54,696,2026-08-18 01:42:14
453950,4,TIGER TSMC파운드리밸류체인,35635,5,-35,-0.1,35625.0,1.9288,3729,132,695,2026-08-18 01:42:14
475350,4,RISE 버크셔포트폴리오TOP10,14745,5,-215,-1.44,14734.0,2.1872,18090,266,693,2026-08-18 01:42:14
0181L0,4,SOL 미국우주항공TOP10,8370,2,105,1.27,8385.0,-28.1929,35139,294,686,2026-08-18 01:42:14
458750,4,TIGER 미국배당다우존스타겟커버드콜1호,13310,5,-70,-0.52,13275.0,3.6235,8763,116,685,2026-08-18 01:42:14
491700,1,HK 200,114140,2,4200,3.82,114242.0,-12.0727,132,15,685,2026-08-18 01:42:14
440640,6,ACE 단기채권알파액티브,112565,2,25,0.02,112564.0,0.7835,740,83,680,2026-08-18 01:42:14
306950,3,KODEX KRX300레버리지,84640,2,4255,5.29,84783.0,-36.4998,2026,171,677,2026-08-18 01:42:14
433880,7,PLUS TDF2060액티브 적격,19120,5,-115,-0.6,19042.0,-2.1753,15561,297,675,2026-08-18 01:42:14
491220,1,PLUS 200TR,134735,2,4145,3.17,134574.0,-11.6083,1934,260,674,2026-08-18 01:42:14
228800,2,TIGER 여행레저,2605,2,10,0.39,2606.0,-23.1112,213973,560,674,2026-08-18 01:42:14
252400,3,RISE 200선물레버리지,111010,2,5180,4.89,111102.0,-35.3947,5569,623,666,2026-08-18 01:42:14
0194T0,2,ACE SK하이닉스단일종목레버리지,9400,2,1060,12.71,9513.0,,183881,1751,665,2026-08-18 01:42:14
473640,4,HANARO 글로벌금채굴기업,34030,2,1335,4.08,33883.0,-12.5803,10212,346,664,2026-08-18 01:42:14
0040S0,4,HANARO 글로벌피지컬AI액티브,25240,5,-160,-0.63,25212.0,-9.5764,5937,150,656,2026-08-18 01:42:14
278240,3,RISE 코스닥150선물레버리지,8945,2,145,1.65,8972.0,-53.1167,32983,290,652,2026-08-18 01:42:14
0036D0,4,TIME 미국배당다우존스액티브,13040,3,0,0.0,13083.0,1.2595,0,0,652,2026-08-18 01:42:14
278620,6,PLUS 단기채권액티브,118965,2,20,0.02,118961.0,0.6856,82,9,652,2026-08-18 01:42:14
465330,2,RISE 2차전지TOP10,11295,5,-100,-0.88,11294.0,-26.0785,104232,1167,649,2026-08-18 01:42:14
0194M0,2,ACE 삼성전자단일종목레버리지,13055,2,675,5.45,13031.0,,109624,1451,646,2026-08-18 01:42:14
0197W0,2,SOL SK하이닉스단일종목레버리지,9280,2,1080,13.17,9327.0,,208576,1939,645,2026-08-18 01:42:14
0000D0,7,TIGER 엔비디아미국채커버드콜밸런스(합성),9340,5,-105,-1.11,9308.0,-6.4477,25733,239,640,2026-08-18 01:42:14
261070,2,TIGER 코스닥150바이오테크,13785,2,30,0.22,13807.0,-21.1296,90647,1231,640,2026-08-18 01:42:14
0123S0,2,HANARO 26-12 은행채(AA+이상)액티브,10190,2,10,0.1,10179.0,0.6426,416,4,637,2026-08-18 01:42:14
0210E0,2,PLUS 200커버드콜액티브,7790,2,175,2.3,7807.0,,89637,700,631,2026-08-18 01:42:14
495940,4,RISE 미국AI테크액티브,20185,5,-75,-0.37,20212.0,-10.1576,19124,387,626,2026-08-18 01:42:14
455660,6,ACE 미국하이일드액티브(H),9470,5,-15,-0.16,9470.0,0.8465,9849,93,625,2026-08-18 01:42:14
419890,6,KIWOOM 단기채권ESG액티브,107435,5,-70,-0.07,107443.0,0.6365,14,1,623,2026-08-18 01:42:14
440910,4,WON 미국우주항공방산,28310,2,155,0.55,28319.0,3.511,3156,89,623,2026-08-18 01:42:14
0197X0,2,SOL SK하이닉스선물단일종목인버스2X,7030,5,-1045,-12.94,6965.0,,19238313,133678,615,2026-08-18 01:42:14
479730,4,TIGER 인도빌리언컨슈머,10410,5,-75,-0.72,10415.0,4.785,2963,30,614,2026-08-18 01:42:14
0166S0,2,PLUS K제조업핵심기업액티브,11480,2,300,2.68,11502.0,-21.101,15600,179,614,2026-08-18 01:42:14
453640,4,KODEX 미국S&P500헬스케어,14225,5,-175,-1.22,14230.0,9.3386,16516,235,612,2026-08-18 01:42:14
304780,3,HANARO 200선물레버리지,135490,2,6870,5.34,135428.0,-35.1126,3687,504,610,2026-08-18 01:42:14
275980,4,TIGER 글로벌4차산업혁신기술(합성 H),23985,2,165,0.69,24089.0,0.804,8714,208,609,2026-08-18 01:42:14
0111J0,2,HANARO 증권고배당TOP3플러스,13305,5,-255,-1.88,13327.0,-29.209,26946,359,605,2026-08-18 01:42:14
476750,6,ACE 미국30년국채엔화노출액티브(H),7470,5,-125,-1.65,7460.0,-8.8151,66467,496,598,2026-08-18 01:42:14
428510,4,KODEX 차이나AI테크액티브,26975,2,1090,4.21,26712.0,-8.8525,5604,149,593,2026-08-18 01:42:14
261240,7,KODEX 미국달러선물,14565,5,-45,-0.31,14568.0,-4.2282,33577,489,593,2026-08-18 01:42:14
401470,2,KODEX 메타버스액티브,9955,5,-130,-1.29,9967.0,-1.2727,49334,494,592,2026-08-18 01:42:14
0172V0,5,1Q 은액티브,8825,2,225,2.62,8788.0,-29.9104,75942,669,591,2026-08-18 01:42:14
298340,6,PLUS 국채선물3년,56435,5,-80,-0.14,56402.0,0.8476,26,1,587,2026-08-18 01:42:14
0141S0,2,SOL 조선기자재,8870,5,-35,-0.39,8877.0,-29.6048,131944,1170,581,2026-08-18 01:42:14
0000Z0,2,RISE 바이오TOP10액티브,9750,5,-80,-0.81,9766.0,-30.2095,105889,1021,580,2026-08-18 01:42:14
150460,2,TIGER 중국소비테마,7565,5,-160,-2.07,7581.0,-5.5624,4348,33,576,2026-08-18 01:42:14
0185L0,4,TIME 글로벌휴머노이드로봇산업액티브,8315,2,130,1.59,8328.0,,23003,190,574,2026-08-18 01:42:14
0198A0,2,KIWOOM 코스닥150커버드콜액티브,9465,2,80,0.85,9506.0,,314970,2952,573,2026-08-18 01:42:14
385590,2,ACE ESG액티브,24770,2,575,2.38,24781.0,-6.0571,85,2,570,2026-08-18 01:42:14
455960,6,RISE 미국달러SOFR금리액티브(합성),12360,5,-45,-0.36,12360.0,-3.9861,630,7,566,2026-08-18 01:42:14
225040,4,TIGER 미국S&P500레버리지(합성 H),68950,5,-1020,-1.46,68905.0,7.6958,4868,335,565,2026-08-18 01:42:14
0226A0,7,PLUS SK하이닉스샌디스크채권혼합50,11255,2,525,4.89,11352.0,,224108,2537,563,2026-08-18 01:42:14
0118Z0,4,ACE 미국AI테크핵심산업액티브,9265,5,-220,-2.32,9237.0,-9.3213,12739,118,561,2026-08-18 01:42:14
253150,3,PLUS 200선물레버리지,222095,2,11000,5.21,222254.0,-35.2212,28216,6296,555,2026-08-18 01:42:14
445150,2,KODEX 친환경조선해운액티브,29970,2,55,0.18,29988.0,-21.8162,1913,56,554,2026-08-18 01:42:14
0118S0,4,SOL 미국넥스트테크TOP10액티브,11975,2,135,1.14,11943.0,-13.482,36661,438,551,2026-08-18 01:42:14
480310,4,TIGER 글로벌온디바이스AI,19995,5,-215,-1.06,19977.0,-4.8996,5192,103,550,2026-08-18 01:42:14
0046Y0,4,ACE 미국배당퀄리티,12925,5,-135,-1.03,12911.0,-0.3831,12069,156,549,2026-08-18 01:42:14
261220,5,KODEX WTI원유선물(H),23705,2,825,3.61,23741.0,-13.0039,30029,710,539,2026-08-18 01:42:14
152500,3,ACE 레버리지,48975,2,2495,5.37,49152.0,-35.7079,15895,787,539,2026-08-18 01:42:14
101280,4,KODEX 일본TOPIX100,31640,3,0,0.0,31445.0,2.7318,3322,104,538,2026-08-18 01:42:14
275300,2,KODEX 우량주,31430,2,730,2.38,31509.0,-8.4205,3437,108,534,2026-08-18 01:42:14
0113P0,6,HK 머니마켓액티브,102295,3,0,0.0,102303.0,0.7435,10,1,530,2026-08-18 01:42:14
442560,7,RISE TDF2040액티브 적격,16790,5,-80,-0.47,16672.0,-1.7015,22264,374,529,2026-08-18 01:42:14
114470,6,KIWOOM 국고채3년,107875,5,-185,-0.17,107842.0,0.6645,44,4,529,2026-08-18 01:42:14
256750,4,KODEX 차이나심천ChiNext(합성),17150,2,370,2.21,17227.0,-13.8825,5756,98,525,2026-08-18 01:42:14
0020H0,4,KoAct 글로벌양자컴퓨팅액티브,24160,2,220,0.92,24209.0,-7.6033,5736,138,519,2026-08-18 01:42:14
140700,2,KODEX 보험,20735,2,395,1.94,20784.0,14.0793,135536,2808,518,2026-08-18 01:42:14
0089C0,4,KODEX 미국S&P500변동성확대시커버드콜,11755,5,-75,-0.63,11785.0,-1.0041,715,8,517,2026-08-18 01:42:14
282000,3,RISE 국고채3년선물인버스,114705,2,190,0.17,114718.0,0.2451,1,0,516,2026-08-18 01:42:14
0132H0,4,KODEX 미국원자력SMR,8950,5,-275,-2.98,8923.0,-18.9011,17073,153,515,2026-08-18 01:42:14
0041D0,4,KODEX 미국AI소프트웨어TOP10,13255,5,-600,-4.33,13267.0,13.0598,21903,290,510,2026-08-18 01:42:14
476260,2,HANARO 반도체핵심공정주도주,13600,2,615,4.74,13605.0,-12.6766,120556,1622,510,2026-08-18 01:42:14
200030,4,KODEX 미국S&P500산업재(합성),45090,5,-215,-0.47,45332.0,1.4215,862,39,509,2026-08-18 01:42:14
0139P0,2,ACE 고배당주,13740,5,-140,-1.01,13746.0,-5.6018,7175,98,508,2026-08-18 01:42:14
336160,6,RISE 금융채액티브,100245,5,-145,-0.14,100243.0,0.5244,6,0,507,2026-08-18 01:42:14
218420,4,KODEX 미국S&P500에너지(합성),20620,2,415,2.05,20545.0,1.891,8207,169,506,2026-08-18 01:42:14
475260,6,ACE 2월만기자동연장회사채AA-이상액티브,10740,3,0,0.0,10736.0,0.6088,0,0,506,2026-08-18 01:42:14
140950,1,파워 코스피100,88970,2,2525,2.92,89068.0,-11.4959,372,33,498,2026-08-18 01:42:14
418670,4,TIGER 글로벌AI사이버보안,17970,5,-1110,-5.82,17887.0,38.0607,64594,1160,496,2026-08-18 01:42:14
316670,1,KIWOOM 코스닥150,7480,2,75,1.01,7504.0,-25.428,64355,477,494,2026-08-18 01:42:14
287180,4,PLUS 미국나스닥테크,58050,5,-610,-1.04,58243.0,5.513,1961,113,493,2026-08-18 01:42:14
442260,1,마이티 다이나믹퀀트액티브,39510,2,975,2.53,39539.0,-11.789,591,23,490,2026-08-18 01:42:14
461340,4,HANARO 글로벌생성형AI액티브,44475,2,305,0.69,44479.0,-6.3799,3478,154,489,2026-08-18 01:42:14
360140,2,KODEX 200롱코스닥150숏선물,22230,2,380,1.74,22205.0,13.3886,31228,702,489,2026-08-18 01:42:14
276990,4,KODEX 글로벌로봇(합성),27475,2,40,0.15,27490.0,-8.3821,2079,57,486,2026-08-18 01:42:14
371470,4,TIGER 차이나바이오테크SOLACTIVE,8815,2,35,0.4,8897.0,4.2755,11412,100,483,2026-08-18 01:42:14
447430,2,ACE 주주환원가치주액티브,16320,5,-15,-0.09,16324.0,-7.9792,59698,973,481,2026-08-18 01:42:14
0220B0,1,DS 코스닥액티브,10680,2,320,3.09,10696.0,,129703,1378,481,2026-08-18 01:42:14
494840,4,TIGER 미국방산TOP10,13985,5,-135,-0.96,13960.0,4.3102,7292,102,475,2026-08-18 01:42:14
123310,3,TIGER 인버스,1095,5,-30,-2.67,1095.0,-6.0935,2351907,2557,474,2026-08-18 01:42:14
473490,4,KIWOOM 글로벌AI반도체,31550,2,475,1.53,31573.0,-4.6896,2780,87,473,2026-08-18 01:42:14
0178H0,7,IBK 미국AI TOP10국채혼합50,10025,5,-45,-0.45,9986.0,-1.988,6903,69,471,2026-08-18 01:42:14
196030,4,ACE 일본TOPIX레버리지(H),94095,5,-135,-0.14,93814.0,14.8866,14,1,470,2026-08-18 01:42:14
442090,2,에셋플러스 코리아대장장이액티브,31235,2,895,2.95,31095.0,-13.041,418,12,469,2026-08-18 01:42:14
0086B0,2,TIGER 리츠부동산인프라TOP10액티브,9540,5,-120,-1.24,9548.0,-5.8504,4263,40,467,2026-08-18 01:42:14
375770,2,KODEX 탄소효율그린뉴딜,25760,2,725,2.9,25738.0,-11.3409,40,1,464,2026-08-18 01:42:14
487130,2,KoAct AI인프라액티브,29385,2,925,3.25,29345.0,-22.2617,6146,179,455,2026-08-18 01:42:14
473590,4,ACE 미국주식베스트셀러,19755,2,190,0.97,19826.0,-23.1993,6386,126,454,2026-08-18 01:42:14
401170,2,RISE 메타버스,11430,5,-320,-2.72,11437.0,9.3023,12860,147,453,2026-08-18 01:42:14
238720,4,ACE 일본Nikkei225(H),50120,2,10,0.02,49939.0,10.3866,840,42,451,2026-08-18 01:42:14
0192L0,2,RISE SK하이닉스단일종목레버리지,9570,2,1085,12.79,9667.0,,72241,694,450,2026-08-18 01:42:14
475270,6,ACE 5월만기자동연장회사채AA-이상액티브,10710,3,0,0.0,10717.0,0.6106,20,0,447,2026-08-18 01:42:14
472830,6,RISE 미국30년국채커버드콜(합성),8035,5,-135,-1.65,8034.0,-7.0285,44718,359,446,2026-08-18 01:42:14
305050,1,ACE 코스피,74280,2,1890,2.61,74109.0,-12.1907,1161,86,446,2026-08-18 01:42:14
453650,4,KODEX 미국S&P500금융,19785,5,-360,-1.79,19869.0,8.4816,14156,280,445,2026-08-18 01:42:14
0100K0,2,KODEX 방산TOP10레버리지,7820,2,45,0.58,7889.0,-42.8309,103055,798,438,2026-08-18 01:42:14
0207G0,2,SOL 우주항공밸류체인,7440,5,-55,-0.73,7445.0,,352910,2591,435,2026-08-18 01:42:14
0186S0,7,1Q 코스닥150채권혼합50액티브,8590,2,20,0.23,8665.0,-12.7614,347692,2979,434,2026-08-18 01:42:14
448570,1,FOCUS AI코리아액티브,31905,2,660,2.11,31915.0,-7.4223,43,1,431,2026-08-18 01:42:14
0007G0,4,PLUS 글로벌원자력밸류체인,14285,2,60,0.42,14315.0,-14.9732,697,9,429,2026-08-18 01:42:14
261120,7,TIGER 미국달러선물인버스2X,5090,2,45,0.89,5080.0,10.5147,5902,29,428,2026-08-18 01:42:14
440650,6,ACE 미국달러단기채권액티브,11840,5,-50,-0.42,11834.0,-4.0356,15494,183,426,2026-08-18 01:42:14
139280,2,TIGER 경기방어,12990,5,-55,-0.42,12985.0,-3.5039,8939,115,426,2026-08-18 01:42:14
429760,4,PLUS 미국S&P500,20170,5,-225,-1.1,20170.0,-0.4571,1920,38,424,2026-08-18 01:42:14
472840,1,IBK 200,112850,2,3525,3.22,112745.0,-12.0552,382,43,423,2026-08-18 01:42:14
0189B0,5,TIGER 은액티브,8495,2,215,2.6,8465.0,-29.2913,20972,177,421,2026-08-18 01:42:14
0191M0,6,마이티 5월만기자동연장특수채(AAA)액티브,100635,3,0,0.0,100647.0,,0,0,417,2026-08-18 01:42:14
0141T0,6,SOL 중기종합채권(AA-이상)액티브,50220,5,-90,-0.18,50255.0,0.63,1,0,414,2026-08-18 01:42:14
183700,7,RISE 200채권혼합50,97180,2,1055,1.1,97826.0,-6.134,1273,124,408,2026-08-18 01:42:14
139320,5,TIGER 금은선물(H),18510,2,395,2.18,18483.0,-11.288,9617,178,407,2026-08-18 01:42:14
275280,2,KODEX 모멘텀주,44605,2,1285,2.97,44629.0,-11.2028,795,35,401,2026-08-18 01:42:14
147970,2,TIGER 모멘텀,83600,2,600,0.72,83808.0,-15.7104,6950,578,401,2026-08-18 01:42:14
491830,4,TIGER 미국AI반도체팹리스,22845,5,-60,-0.26,22817.0,-0.123,6095,139,400,2026-08-18 01:42:14
464470,6,PLUS 미국채30년액티브,48425,5,-790,-1.61,48516.0,-6.797,4847,234,399,2026-08-18 01:42:14
475070,4,KoAct 글로벌친환경전력인프라액티브,32895,2,550,1.7,32925.0,-22.9515,1920,63,395,2026-08-18 01:42:14
322410,2,HANARO K고배당,23215,5,-135,-0.58,23227.0,-3.9208,1663,38,395,2026-08-18 01:42:14
449690,4,TIGER 한중반도체(합성),52430,2,2185,4.35,52721.0,-8.4874,916,48,393,2026-08-18 01:42:14
400970,2,TIGER Fn메타버스,7710,5,-150,-1.91,7712.0,-14.3791,1321,10,393,2026-08-18 01:42:14
365000,2,TIGER 인터넷TOP10,3872,5,-63,-1.6,3873.0,-19.1992,29292,113,393,2026-08-18 01:42:14
0209Z0,2,ACE 코리아AI전력TOP10,7315,2,75,1.04,7334.0,,85048,619,388,2026-08-18 01:42:14
195930,4,TIGER 유로스탁스50(합성 H),24105,5,-90,-0.37,24042.0,12.2217,3043,73,386,2026-08-18 01:42:14
456680,4,TIGER 차이나전기차레버리지(합성),7360,2,190,2.65,7422.0,-41.7074,1358,9,385,2026-08-18 01:42:14
352540,7,KODEX 일본부동산리츠(H),11310,5,-40,-0.35,11325.0,-0.1344,4007,45,385,2026-08-18 01:42:14
0112X0,1,마이티 200TR,42640,2,1015,2.44,42574.0,-10.934,611,26,384,2026-08-18 01:42:14
0192M0,2,RISE 삼성전자단일종목레버리지,13020,2,585,4.7,13105.0,,18590,248,381,2026-08-18 01:42:14
498860,2,RISE 코리아금융고배당,17145,5,-95,-0.55,17147.0,-14.318,5353,91,377,2026-08-18 01:42:14
450910,1,SOL 코스닥150,14680,2,160,1.1,14722.0,-25.5576,28944,420,376,2026-08-18 01:42:14
381560,2,HANARO Fn전기&수소차,18675,5,-5,-0.03,18683.0,-8.5777,451,8,374,2026-08-18 01:42:14
276970,4,KODEX 미국S&P500배당귀족커버드콜(합성 H),7910,2,5,0.06,7907.0,11.4348,3877,30,372,2026-08-18 01:42:14
469050,4,RISE 미국반도체NYSE(H),33630,2,635,1.92,33627.0,2.834,1899,63,370,2026-08-18 01:42:14
292560,7,TIGER 일본엔선물,8210,5,-45,-0.55,8186.0,-5.4952,56095,461,369,2026-08-18 01:42:14
153270,1,KIWOOM 코스피100,87550,2,2705,3.19,87481.0,-11.7838,1367,119,368,2026-08-18 01:42:14
385520,2,KODEX 자율주행액티브,17090,5,-60,-0.35,17134.0,-13.2305,13993,239,367,2026-08-18 01:42:14
465660,4,TIGER 일본반도체FACTSET,27135,2,295,1.1,27092.0,0.6231,3427,93,366,2026-08-18 01:42:14
104530,2,KIWOOM 코리아고배당,17745,5,-230,-1.28,17746.0,-11.7265,5214,92,364,2026-08-18 01:42:14
292770,6,KODEX 국채선물3년인버스,57600,3,0,0.0,57727.0,0.2872,0,0,363,2026-08-18 01:42:14
0154F0,2,WON 초대형IB&금융지주,12240,5,-120,-0.97,12245.0,-13.0496,6008,73,361,2026-08-18 01:42:14
380340,2,ACE 코리아AI테크핵심산업,30090,2,245,0.82,30174.0,5.125,55508,1682,361,2026-08-18 01:42:14
452250,6,ACE 미국30년국채선물레버리지(합성 H),4630,5,-120,-2.53,4634.0,-5.5667,8267,38,359,2026-08-18 01:42:14
105780,2,RISE 5대그룹주,17940,2,230,1.3,17945.0,-9.9645,4177,74,359,2026-08-18 01:42:14
0023B0,4,PLUS 미국양자컴퓨팅TOP10,17435,2,85,0.49,17490.0,-10.2896,5019,87,357,2026-08-18 01:42:14
352560,7,KODEX 미국부동산리츠(H),12505,5,-95,-0.75,12474.0,2.794,1137,14,356,2026-08-18 01:42:14
0192T0,2,SOL 코스닥TOP10,7795,2,25,0.32,7806.0,,170120,1311,355,2026-08-18 01:42:14
322400,2,HANARO e커머스,10585,5,-150,-1.4,10582.0,-10.3175,288,3,355,2026-08-18 01:42:14
415920,5,PLUS 글로벌희토류&전략자원생산기업,7665,2,240,3.23,7664.0,-29.0493,33056,252,353,2026-08-18 01:42:14
276650,4,RISE 글로벌테크놀로지(합성 H),46965,5,-250,-0.53,46908.0,2.8089,1,0,352,2026-08-18 01:42:14
241390,7,RISE V&S셀렉트밸류채권혼합,15990,2,45,0.28,16008.0,-4.4881,873,13,352,2026-08-18 01:42:14
0155N0,2,HANARO K휴머노이드테마TOP10,8625,5,-50,-0.58,8653.0,-23.3319,90073,785,349,2026-08-18 01:42:14
174360,4,RISE 중국본토대형주CSI100,24675,2,350,1.44,24778.0,-10.6356,4044,99,345,2026-08-18 01:42:14
474800,4,KIWOOM 미국원유에너지기업,15985,2,230,1.46,16080.0,1.2344,18553,297,344,2026-08-18 01:42:14
407830,4,에셋플러스 글로벌플랫폼액티브,14310,5,-160,-1.11,14352.0,-12.8314,780,11,343,2026-08-18 01:42:14
459560,4,KODEX 테슬라밸류체인FactSet,22870,2,160,0.7,22812.0,-12.4421,1180,26,343,2026-08-18 01:42:14
496770,4,PLUS 글로벌방산,19580,2,130,0.67,19581.0,10.637,12540,245,343,2026-08-18 01:42:14
295020,6,RISE 국채선물10년인버스,60905,2,400,0.66,60960.0,1.5866,21,1,342,2026-08-18 01:42:14
261140,2,TIGER 우선주,25355,5,-75,-0.29,25369.0,-10.8713,6047,154,340,2026-08-18 01:42:14
449780,4,KIWOOM 미국S&P500(H),18850,5,-130,-0.68,18846.0,3.9165,7660,144,339,2026-08-18 01:42:14
476690,4,TIGER 글로벌비만치료제TOP2Plus,10725,5,-160,-1.47,10704.0,2.2826,9624,103,338,2026-08-18 01:42:14
099140,4,KODEX 차이나H,21755,2,110,0.51,21734.0,-9.2818,1047,22,337,2026-08-18 01:42:14
395170,2,KODEX Top10동일가중,16800,2,310,1.88,16822.0,-17.8472,5184,87,336,2026-08-18 01:42:14
0204S0,1,TIGER 코스닥액티브,7195,2,110,1.55,7210.0,,97544,691,334,2026-08-18 01:42:14
227540,2,TIGER 200 헬스케어,19630,5,-300,-1.51,19684.0,-1.9435,3368,66,334,2026-08-18 01:42:14
465350,3,RISE 2차전지TOP10인버스(합성),16655,2,65,0.39,16775.0,18.9247,27368,457,333,2026-08-18 01:42:14
122260,6,KIWOOM 통안채1년,104085,5,-15,-0.01,104063.0,0.6283,3032,315,333,2026-08-18 01:42:14
138910,5,KODEX 구리선물(H),10090,2,5,0.05,10097.0,-0.8358,16927,171,333,2026-08-18 01:42:14
468630,6,KODEX iShares미국투자등급회사채액티브,11050,5,-135,-1.21,11052.0,-5.7739,10859,120,333,2026-08-18 01:42:14
256440,4,ACE MSCI인도네시아(합성),5395,2,40,0.75,5413.0,-14.9325,6536,35,329,2026-08-18 01:42:14
446690,4,KODEX 아시아AI반도체exChina액티브,65770,2,2860,4.55,65937.0,-6.0628,19883,1309,329,2026-08-18 01:42:14
464920,4,PLUS 일본반도체소부장,26300,5,-230,-0.87,26281.0,0.5305,6529,173,329,2026-08-18 01:42:14
266360,2,KODEX K콘텐츠,10215,5,-345,-3.27,10217.0,-11.0363,14431,148,327,2026-08-18 01:42:14
415340,4,KODEX 차이나과창판STAR50(합성),15730,2,540,3.55,15807.0,-5.9443,16247,254,326,2026-08-18 01:42:14
459750,4,RISE 글로벌주식분산액티브,18535,5,-115,-0.62,18430.0,-0.6234,2353,43,324,2026-08-18 01:42:14
494410,4,PLUS 미국S&P500성장주,14740,5,-110,-0.74,14741.0,-1.9729,975,14,324,2026-08-18 01:42:14
0089B0,7,PLUS 미국나스닥100미국채혼합50,11550,5,-65,-0.56,11552.0,-3.5681,8616,99,323,2026-08-18 01:42:14
156080,1,KODEX MSCI Korea,53900,2,1460,2.78,54022.0,-10.5038,865,46,323,2026-08-18 01:42:14
0138T0,4,RISE 미국S&P500데일리고정커버드콜,9775,5,-90,-0.91,9790.0,-1.0712,10814,105,323,2026-08-18 01:42:14
0085N0,6,ACE 미국10년국채액티브(H),9735,5,-50,-0.51,9732.0,-0.4612,17051,166,321,2026-08-18 01:42:14
275290,2,KODEX 가치주,35605,2,1025,2.96,35572.0,-8.0263,1710,60,320,2026-08-18 01:42:14
469790,2,KIWOOM 코리아테크TOP10,45660,2,1020,2.28,45632.0,-4.7118,424,19,320,2026-08-18 01:42:14
450190,4,KODEX 한중반도체(합성),53210,2,2410,4.74,53174.0,-7.5524,639,34,319,2026-08-18 01:42:14
245350,4,TIGER 유로스탁스배당30,19945,2,130,0.66,19925.0,2.0702,1623,32,319,2026-08-18 01:42:14
0150K0,2,KoAct 수소전력ESS인프라액티브,10945,5,-5,-0.05,10964.0,-30.9802,24758,269,317,2026-08-18 01:42:14
387270,4,TIGER 글로벌이노베이션액티브,26225,2,280,1.08,26276.0,-9.2357,1754,46,317,2026-08-18 01:42:14
253250,3,KIWOOM 200선물레버리지,109110,2,5355,5.16,109421.0,-35.5239,11501,1272,316,2026-08-18 01:42:14
139270,2,TIGER 200 금융,16840,5,-35,-0.21,16854.0,-1.7967,8794,148,313,2026-08-18 01:42:14
117460,2,KODEX 에너지화학,14370,2,75,0.52,14374.0,-19.377,18460,263,312,2026-08-18 01:42:14
494340,4,ACE 글로벌AI맞춤형반도체,20767,5,-238,-1.13,20702.0,1.2533,6916,143,312,2026-08-18 01:42:14
414270,4,ACE 글로벌자율주행액티브,12410,2,95,0.77,12392.0,-17.1544,690,8,310,2026-08-18 01:42:14
491090,4,KODEX 미국테크TOP3플러스,18225,5,-190,-1.03,18224.0,-5.4359,1574,28,310,2026-08-18 01:42:14
0198D0,2,1Q SK하이닉스선물단일종목레버리지,9895,2,1235,14.26,9887.0,,71975,712,307,2026-08-18 01:42:14
271060,5,KODEX 3대농산물선물(H),8445,2,200,2.43,8475.0,-6.678,26940,227,307,2026-08-18 01:42:14
248270,4,TIGER S&P글로벌헬스케어(합성),26885,2,185,0.69,26677.0,6.0575,2294,61,306,2026-08-18 01:42:14
476070,4,KODEX 글로벌비만치료제TOP2 Plus,11335,5,-250,-2.16,11375.0,3.3375,8411,95,306,2026-08-18 01:42:14
0155M0,4,ACE 미국SMR원자력TOP10,7365,5,-245,-3.22,7336.0,-17.863,21518,157,306,2026-08-18 01:42:14
395290,2,HANARO Fn K-POP&미디어,4920,5,-140,-2.77,4919.0,-24.7024,41481,204,305,2026-08-18 01:42:14
0164G0,4,RISE 차이나AI반도체TOP4Plus,14510,2,840,6.14,14547.0,-7.0701,3832,54,305,2026-08-18 01:42:14
426150,6,WON 대한민국국고채액티브,50575,5,-490,-0.96,50630.0,-2.9736,11,0,304,2026-08-18 01:42:14
0203S0,7,WON 삼성전자현대차채권혼합50,9080,2,35,0.39,9089.0,,93661,853,304,2026-08-18 01:42:14
145850,2,TREX 펀더멘탈 200,121030,3,0,0.0,121335.0,-5.6898,0,0,303,2026-08-18 01:42:14
0166N0,1,PLUS 코스닥150액티브,7935,2,215,2.78,7957.0,-34.1297,34462,271,302,2026-08-18 01:42:14
192720,2,파워 고배당저변동성,58995,5,-465,-0.78,59159.0,-5.8709,2579,153,301,2026-08-18 01:42:14
0107F0,4,KIWOOM 미국고배당&AI테크,11790,5,-160,-1.34,11847.0,1.0826,6342,74,301,2026-08-18 01:42:14
0198B0,2,1Q 삼성전자선물단일종목레버리지,13590,2,790,6.17,13473.0,,37601,517,298,2026-08-18 01:42:14
0184E0,7,1Q 200채권혼합50액티브,11270,2,235,2.13,11246.0,-4.5411,87448,985,293,2026-08-18 01:42:14
0083S0,4,1Q 미국메디컬AI,10060,5,-285,-2.75,10067.0,5.0874,14926,150,292,2026-08-18 01:42:14
289480,3,TIGER 200커버드콜,12650,2,60,0.48,12846.0,11.8439,16107,203,291,2026-08-18 01:42:14
223190,2,KODEX 200가치저변동,29055,2,55,0.19,29081.0,-7.3872,968,28,291,2026-08-18 01:42:14
0223R0,4,TIGER 미국테크NYSE100액티브,10080,2,135,1.36,10107.0,,32202,325,290,2026-08-18 01:42:14
117680,2,KODEX 철강,12420,2,55,0.44,12427.0,-29.2392,15063,185,287,2026-08-18 01:42:14
261060,2,TIGER 코스닥150IT,24720,2,820,3.43,24825.0,-22.2132,20482,503,287,2026-08-18 01:42:14
459790,4,KIWOOM 미국성장기업30액티브,21060,5,-120,-0.57,21182.0,-9.9682,119,2,284,2026-08-18 01:42:14
419430,4,KODEX 차이나2차전지MSCI(합성),10150,2,205,2.06,10168.0,-22.0612,1036,10,284,2026-08-18 01:42:14
475380,7,RISE 글로벌리얼티인컴,10650,5,-50,-0.47,10620.0,-6.1357,2787,29,282,2026-08-18 01:42:14
0137W0,4,KIWOOM 미국S&P500&GOLD,10690,5,-90,-0.83,10713.0,-1.3682,5993,64,278,2026-08-18 01:42:14
261250,7,KODEX 미국달러선물레버리지,16600,5,-135,-0.81,16627.0,-9.2709,42170,700,277,2026-08-18 01:42:14
0218J0,7,RISE 미국우주&로봇TOP2미국채혼합50,9080,5,-65,-0.71,9156.0,,64130,585,277,2026-08-18 01:42:14
0103T0,2,1Q K소버린AI,9155,5,-230,-2.45,9161.0,-3.3471,41960,385,275,2026-08-18 01:42:14
437350,6,RISE 미국단기투자등급회사채액티브,12480,5,-55,-0.44,12483.0,-4.386,6073,75,275,2026-08-18 01:42:14
489290,4,WON 미국빌리어네어,15235,5,-425,-2.71,15235.0,-5.0622,3536,53,274,2026-08-18 01:42:14
493420,4,SOL 미국배당다우존스2호,13020,5,-90,-0.69,12978.0,3.6931,3672,47,273,2026-08-18 01:42:14
0047R0,4,RISE 팔란티어고정테크100,15600,5,-340,-2.13,15643.0,6.5187,8516,132,273,2026-08-18 01:42:14
440340,7,TIGER 글로벌멀티에셋TIF액티브,12345,5,-110,-0.88,12322.0,-2.3974,5827,72,272,2026-08-18 01:42:14
245360,4,TIGER 차이나HSCEI,12535,2,95,0.76,12552.0,-9.5061,526,6,270,2026-08-18 01:42:14
0013R0,7,RISE 테슬라미국채타겟커버드콜혼합(합성),7925,5,-95,-1.18,7890.0,-12.0068,5534,43,269,2026-08-18 01:42:14
0152E0,2,SOL 배당성향탑픽액티브,11165,5,-75,-0.67,11176.0,-8.0646,2244,25,268,2026-08-18 01:42:14
277540,4,ACE 아시아TOP50,33020,2,460,1.41,32961.0,-6.865,1293,42,264,2026-08-18 01:42:14
0115C0,4,RISE 미국고배당다우존스TOP10,11220,5,-125,-1.1,11197.0,3.5074,3315,37,264,2026-08-18 01:42:14
167860,6,KIWOOM 국고채10년레버리지,90805,5,-1520,-1.65,90927.0,-1.4675,9,0,263,2026-08-18 01:42:14
496120,1,ACE 코리아밸류업,34950,2,870,2.55,34908.0,-9.2297,549,19,262,2026-08-18 01:42:14
368190,2,HANARO Fn K-뉴딜디지털플러스,8160,5,-175,-2.1,8150.0,-12.5394,14,0,261,2026-08-18 01:42:14
0049K0,7,ACE 미국배당퀄리티채권혼합50,11305,5,-65,-0.57,11273.0,-0.3069,12004,135,260,2026-08-18 01:42:14
461600,6,SOL 미국30년국채액티브(H),8225,5,-115,-1.38,8235.0,-2.2848,2614,21,259,2026-08-18 01:42:14
0206G0,7,1Q 현대차기아채권혼합50,8635,5,-40,-0.46,8644.0,,51617,446,259,2026-08-18 01:42:14
139250,2,TIGER 200 에너지화학,18500,2,270,1.48,18524.0,-11.6318,25916,478,259,2026-08-18 01:42:14
0097L0,7,KIWOOM 한국고배당&미국AI테크,12935,5,-35,-0.27,12970.0,-4.7468,1579,20,259,2026-08-18 01:42:14
483570,4,KCGI 미국S&P500 TOP10,16020,5,-280,-1.72,16010.0,-6.5099,2419,38,256,2026-08-18 01:42:14
185680,4,KODEX 미국S&P바이오(합성),48040,2,685,1.45,48089.0,8.7121,293,14,256,2026-08-18 01:42:14
411540,1,SOL 200 Top10,18215,2,200,1.11,18195.0,-13.7679,9406,170,255,2026-08-18 01:42:14
159800,1,마이티 코스피100,90350,2,3165,3.63,89917.0,-11.4604,5,0,253,2026-08-18 01:42:14
0093D0,7,KoAct 팔란티어밸류체인액티브,18665,5,-100,-0.53,18714.0,-1.3407,1558,29,252,2026-08-18 01:42:14
292160,1,TIGER KRX300,50190,2,1430,2.93,50259.0,-11.6442,9637,482,251,2026-08-18 01:42:14
289250,2,TIGER MSCI KOREA ESG유니버설,36200,2,960,2.72,36155.0,-9.0301,9722,350,250,2026-08-18 01:42:14
225130,4,ACE 골드선물 레버리지(합성 H),49895,2,1875,3.9,49810.0,-17.9917,1293,63,249,2026-08-18 01:42:14
292500,1,SOL KRX300,49710,3,0,0.0,51215.0,-11.897,0,0,249,2026-08-18 01:42:14
469160,4,ACE 일본반도체,27535,2,185,0.68,27509.0,-3.0486,8560,237,248,2026-08-18 01:42:14
364690,1,KODEX 혁신기술테마액티브,41170,2,1170,2.93,41090.0,-10.9277,1077,44,247,2026-08-18 01:42:14
438320,4,TIGER 차이나항셍테크레버리지(합성 H),5620,2,130,2.37,5671.0,-19.3833,12395,69,247,2026-08-18 01:42:14
0127R0,4,RISE 미국AI클라우드인프라,18910,2,170,0.91,18954.0,2.6372,37148,704,246,2026-08-18 01:42:14
479850,2,HANARO K-뷰티,18190,5,-460,-2.47,18225.0,5.3672,48508,877,246,2026-08-18 01:42:14
367740,2,HANARO Fn5G산업,44550,2,650,1.48,44620.0,-3.0156,1485,66,245,2026-08-18 01:42:14
195970,4,PLUS 선진국MSCI(합성 H),16745,5,-40,-0.24,16726.0,6.2341,2203,36,244,2026-08-18 01:42:14
252710,3,TIGER 200선물인버스2X,79,5,-4,-4.82,78.0,-25.8929,32653285,2538,244,2026-08-18 01:42:14
464600,2,SOL 자동차소부장Fn,25665,5,-285,-1.1,25659.0,-4.9973,6861,177,244,2026-08-18 01:42:14
461450,1,KODEX 코스닥글로벌,16210,2,205,1.28,16202.0,-20.3534,2196,35,243,2026-08-18 01:42:14
280930,4,KODEX 미국러셀2000(H),17305,2,50,0.29,17301.0,6.4466,1472,25,242,2026-08-18 01:42:14
269420,4,KODEX S&P글로벌인프라(합성),22745,5,-175,-0.76,22788.0,-5.776,12703,288,242,2026-08-18 01:42:14
138230,7,KIWOOM 미국달러선물,16510,5,-30,-0.18,16517.0,-4.6412,249,4,239,2026-08-18 01:42:14
481340,6,RISE 미국30년국채액티브,8670,5,-165,-1.87,8688.0,-7.3053,53433,463,238,2026-08-18 01:42:14
388280,2,RISE K엔터&여행레저,7115,5,-115,-1.59,7113.0,-19.5774,2255,16,236,2026-08-18 01:42:14
0065G0,4,KODEX 차이나테크TOP10,9255,2,90,0.98,9287.0,-14.5878,2701,25,236,2026-08-18 01:42:14
433220,4,에셋플러스 글로벌대장장이액티브,31805,2,485,1.55,31773.0,-12.0843,425,13,235,2026-08-18 01:42:14
457690,6,KODEX 33-06 국고채액티브,10440,5,-70,-0.67,10440.0,0.0475,26217,273,235,2026-08-18 01:42:14
477730,4,KODEX 인도타타그룹,7765,5,-125,-1.58,7781.0,-0.5667,8331,64,233,2026-08-18 01:42:14
204450,4,KODEX 차이나H레버리지(H),2320,2,35,1.53,2331.0,-14.5795,2398,5,232,2026-08-18 01:42:14
442550,7,RISE TDF2030액티브 적격,14945,5,-40,-0.27,14842.0,-1.5317,7947,118,232,2026-08-18 01:42:14
0067V0,4,TIGER 차이나글로벌리더스TOP3+,10525,2,190,1.84,10562.0,-14.6926,762,7,232,2026-08-18 01:42:14
0144M0,4,KODEX 미국드론UAM TOP10,8370,5,-185,-2.16,8411.0,-8.7467,7587,63,230,2026-08-18 01:42:14
376410,2,TIGER 탄소효율그린뉴딜,25530,2,680,2.74,25477.0,-10.7679,230,5,230,2026-08-18 01:42:14
375760,2,HANARO 탄소효율그린뉴딜,25470,2,525,2.1,25397.0,-10.0714,61,1,229,2026-08-18 01:42:14
300950,2,KODEX 게임산업,5575,5,-165,-2.87,5574.0,-15.4017,45315,252,229,2026-08-18 01:42:14
0047P0,4,RISE 테슬라고정테크100,14715,5,-235,-1.57,14739.0,-8.2231,20350,299,228,2026-08-18 01:42:14
0190M0,4,KIWOOM 미국AI테크하이베타,9685,2,220,2.32,9724.0,-11.8716,6417,62,228,2026-08-18 01:42:14
0186L0,4,KoAct 미국로봇피지컬AI액티브,9885,5,-45,-0.45,9885.0,-9.4392,8690,85,227,2026-08-18 01:42:14
0177A0,2,WON 두산그룹포커스,9255,2,20,0.22,9265.0,-28.3554,7559,70,227,2026-08-18 01:42:14
108590,1,TREX 200,112880,2,3115,2.84,112890.0,-11.6973,63,7,226,2026-08-18 01:42:14
447660,7,PLUS 애플채권혼합,13610,5,-55,-0.4,13629.0,0.0302,27324,371,225,2026-08-18 01:42:14
463300,4,RISE 중국본토CSI300,13950,2,300,2.2,13980.0,-9.3542,80,1,223,2026-08-18 01:42:14
0026E0,4,KODEX 미국S&P500버퍼3월액티브,11955,5,-55,-0.46,11986.0,-1.9192,38,0,221,2026-08-18 01:42:14
471460,6,KIWOOM 국고채30년액티브,44100,5,-900,-2.0,44166.0,-9.5229,1403,62,221,2026-08-18 01:42:14
0153X0,4,PLUS 미국고배당주액티브,11570,5,-90,-0.77,11559.0,6.7198,4133,47,220,2026-08-18 01:42:14
404260,2,KODEX 기후변화솔루션,24415,2,245,1.01,24395.0,-18.239,207,5,220,2026-08-18 01:42:14
371450,4,TIGER 글로벌클라우드컴퓨팅INDXX,14050,5,-650,-4.42,14041.0,25.6947,25603,361,219,2026-08-18 01:42:14
239660,6,PLUS 우량회사채50,121580,5,-30,-0.02,121566.0,0.6455,787,95,219,2026-08-18 01:42:14
304770,1,HANARO 코스닥150,14965,2,115,0.77,15049.0,-25.189,4596,68,218,2026-08-18 01:42:14
416090,4,ACE 중국과창판STAR50,14440,2,680,4.94,14263.0,-6.8382,5518,79,217,2026-08-18 01:42:14
337120,2,KODEX 멀티팩터,35935,2,800,2.28,35879.0,-11.8945,8,0,216,2026-08-18 01:42:14
364990,2,TIGER 게임TOP10,4890,5,-195,-3.83,4896.0,-12.3276,44151,217,215,2026-08-18 01:42:14
253290,7,RISE 헬스케어채권혼합,11940,2,15,0.13,11946.0,-3.8131,4410,52,215,2026-08-18 01:42:14
0223A0,2,RISE 코스닥커버드콜액티브,11270,2,235,2.13,11279.0,,248235,2788,214,2026-08-18 01:42:14
169950,4,KODEX 차이나A50,26760,2,270,1.02,26876.0,-8.5291,201,5,214,2026-08-18 01:42:14
300640,2,RISE 게임테마,6495,5,-200,-2.99,6510.0,-10.9708,5191,33,211,2026-08-18 01:42:14
217770,5,TIGER 원유선물인버스(H),1281,5,-39,-2.95,1266.0,5.3471,156264,200,210,2026-08-18 01:42:14
417630,2,TIGER KEDI혁신기업ESG30,19985,5,-115,-0.57,20020.0,-6.7502,5836,115,210,2026-08-18 01:42:14
437070,6,KODEX 아시아달러채권ESG플러스액티브,60595,5,-230,-0.38,60663.0,-5.4174,55,3,210,2026-08-18 01:42:14
226980,1,KODEX 200 중소형,23160,2,55,0.24,23153.0,-20.0803,4430,102,208,2026-08-18 01:42:14
289040,2,KODEX MSCI KOREA ESG유니버설,34730,2,980,2.9,34692.0,-9.1101,12,0,208,2026-08-18 01:42:14
228820,1,TIGER KTOP30,19825,2,255,1.3,19868.0,-7.0494,12194,242,208,2026-08-18 01:42:14
489000,6,PLUS 일본엔화초단기국채(합성),9365,5,-40,-0.43,9370.0,-5.7616,19220,180,206,2026-08-18 01:42:14
091220,2,TIGER 은행,16605,5,-215,-1.28,16617.0,6.665,14169,235,206,2026-08-18 01:42:14
0104P0,2,TIGER 코리아배당다우존스위클리커버드콜,11390,5,-35,-0.31,11382.0,-3.8458,12522,143,205,2026-08-18 01:42:14
152380,6,KODEX 국채선물10년,64440,5,-490,-0.75,64440.0,-0.5743,751,48,205,2026-08-18 01:42:14
407310,1,HANARO 200 TOP10,17760,2,80,0.45,17808.0,-14.3246,1509,26,204,2026-08-18 01:42:14
0192S0,7,SOL 코스피200채권혼합50,9670,2,145,1.52,9677.0,,155270,1497,203,2026-08-18 01:42:14
497780,4,KoAct 미국천연가스인프라액티브,10970,2,155,1.43,10967.0,-6.7173,1667,18,203,2026-08-18 01:42:14
0193K0,2,PLUS 삼성전자단일종목레버리지,14235,2,725,5.37,14254.0,,7924,115,203,2026-08-18 01:42:14
0018Z0,4,RISE 미국양자컴퓨팅,19245,5,-70,-0.36,19314.0,-3.9628,2491,47,202,2026-08-18 01:42:14
445910,2,TIGER MKF배당귀족,21100,5,-95,-0.45,21094.0,-9.7108,6062,128,200,2026-08-18 01:42:14
415760,4,SOL 차이나육성산업액티브(합성),14570,2,665,4.78,14708.0,-6.9278,4693,67,198,2026-08-18 01:42:14
229720,1,KODEX KTOP30,39305,2,710,1.84,39381.0,-8.5615,513,20,197,2026-08-18 01:42:14
304760,1,HANARO KRX300,49130,2,920,1.91,49280.0,-12.6706,58,2,197,2026-08-18 01:42:14
0105D0,2,SOL 한국AI소프트웨어,10310,5,-230,-2.18,10326.0,-4.1383,58475,603,196,2026-08-18 01:42:14
213630,4,PLUS 미국다우존스고배당주(합성 H),21140,5,-55,-0.26,21230.0,7.7255,4351,91,194,2026-08-18 01:42:14
449580,7,RISE 테슬라애플아마존채권혼합,16125,5,-75,-0.46,16121.0,-4.9009,3403,54,194,2026-08-18 01:42:14
284980,2,RISE 200금융,22400,2,5,0.02,22410.0,-1.2543,1312,29,193,2026-08-18 01:42:14
487950,4,KODEX 대만테크고배당다우존스,13285,5,-305,-2.24,13226.0,3.4087,9741,130,193,2026-08-18 01:42:14
183710,7,RISE 주식혼합,95865,2,1715,1.82,95744.0,-8.2722,274,26,192,2026-08-18 01:42:14
0203R0,6,WON 중단기종합채권(A-이상)액티브,50435,3,0,0.0,50464.0,,0,0,192,2026-08-18 01:42:14
0224X0,7,1Q 엔비디아알파벳미국채혼합50,10080,5,-35,-0.35,10030.0,,58039,582,192,2026-08-18 01:42:14
483330,4,ACE 마이크로소프트밸류체인액티브,15060,5,-555,-3.55,15078.0,7.1355,28576,430,188,2026-08-18 01:42:14
461910,4,PLUS 미국테크TOP10레버리지(합성),37615,5,-745,-1.94,37604.0,-17.3187,72,2,188,2026-08-18 01:42:14
445690,2,BNK 주주가치액티브,31305,2,240,0.77,31197.0,-12.6898,182,5,188,2026-08-18 01:42:14
385600,2,ACE 2차전지&친환경차액티브,12475,5,-85,-0.68,12493.0,-13.3794,7222,90,187,2026-08-18 01:42:14
379790,4,RISE 유로스탁스50(H),17820,5,-120,-0.67,17763.0,12.3782,34368,616,187,2026-08-18 01:42:14
468370,6,KODEX iShares미국인플레이션국채액티브,10920,5,-75,-0.68,10914.0,-5.779,27982,305,186,2026-08-18 01:42:14
0216Z0,2,ACE K방산TOP5+,9755,5,-5,-0.05,9785.0,,107683,1043,185,2026-08-18 01:42:14
227830,1,PLUS 코스피,73890,2,1885,2.62,73832.0,-12.2718,1677,123,185,2026-08-18 01:42:14
236350,4,TIGER 인도니프티50레버리지(합성),29610,5,-485,-1.61,29460.0,-6.3774,1217,36,184,2026-08-18 01:42:14
404120,2,TIME K신재생에너지액티브,25960,2,340,1.33,25970.0,-17.7,583,15,182,2026-08-18 01:42:14
461900,4,PLUS 미국테크TOP10,22690,5,-265,-1.15,22675.0,-7.2151,3518,79,182,2026-08-18 01:42:14
391670,1,HK 베스트일레븐액티브,30240,2,1040,3.56,30263.0,-7.0804,15,0,181,2026-08-18 01:42:14
292050,1,RISE KRX300,51560,2,1450,2.89,51494.0,-12.0878,1123,57,180,2026-08-18 01:42:14
289260,2,TIGER MSCI KOREA ESG리더스,30025,2,765,2.61,29915.0,-4.7682,13947,417,180,2026-08-18 01:42:14
195920,4,TIGER 일본TOPIX(합성 H),35955,5,-275,-0.76,36025.0,7.3163,68,2,180,2026-08-18 01:42:14
474920,4,에셋플러스 차이나일등기업포커스10액티브,19115,2,75,0.39,19352.0,4.1006,235,4,180,2026-08-18 01:42:14
0104G0,2,PLUS K방산레버리지,7325,5,-35,-0.48,7374.0,-46.7632,74228,535,179,2026-08-18 01:42:14
477490,4,에셋플러스 글로벌일등기업포커스10액티브,19910,2,25,0.13,19893.0,-10.104,539,10,179,2026-08-18 01:42:14
419650,4,PLUS 글로벌수소&차세대연료전지,5465,5,-65,-1.18,5414.0,-28.3215,5533,30,178,2026-08-18 01:42:14
225060,4,TIGER 이머징마켓MSCI레버리지(합성 H),16570,2,240,1.47,16709.0,-1.21,338,5,176,2026-08-18 01:42:14
276000,4,TIGER 글로벌자원생산기업(합성 H),20600,2,390,1.93,20524.0,-5.0506,13,0,175,2026-08-18 01:42:14
460660,4,RISE 미국S&P배당킹,12365,5,-120,-0.96,12327.0,7.9009,16742,207,173,2026-08-18 01:42:14
0086C0,7,TIGER 리츠부동산인프라10채권혼합액티브,9840,5,-60,-0.61,9832.0,-1.966,1991,19,172,2026-08-18 01:42:14
280320,4,ACE 미국IT인터넷(합성 H),21480,5,-615,-2.78,21544.0,11.3659,2,0,172,2026-08-18 01:42:14
494420,2,PLUS 미국배당증가성장주데일리커버드콜,9545,5,-150,-1.55,9526.0,3.9225,4124,39,172,2026-08-18 01:42:14
465670,4,TIGER 미국캐시카우100,17060,5,-400,-2.29,16899.0,15.1817,36812,628,171,2026-08-18 01:42:14
488290,4,MIDAS 일본테크액티브,48520,2,660,1.38,48770.0,-1.8861,1069,52,170,2026-08-18 01:42:14
0207Z0,4,KIWOOM 미국우주데이터센터인프라,7685,2,40,0.52,7707.0,,8035,61,169,2026-08-18 01:42:14
250730,4,RISE 차이나HSCEI(H),9850,2,110,1.13,9987.0,-7.2381,1844,18,167,2026-08-18 01:42:14
131890,2,ACE 삼성그룹동일가중,41840,2,20,0.05,41846.0,0.3118,170,7,167,2026-08-18 01:42:14
387280,2,TIGER 퓨처모빌리티액티브,12395,2,35,0.28,12389.0,-21.2739,1150,14,167,2026-08-18 01:42:14
332620,6,PLUS 미국장기우량회사채,89475,5,-1310,-1.44,89527.0,-7.1007,433,38,167,2026-08-18 01:42:14
291130,4,ACE MSCI멕시코(합성),18195,5,-250,-1.36,18245.0,-10.396,262,4,164,2026-08-18 01:42:14
453630,4,KODEX 미국S&P500필수소비재,12530,5,-260,-2.03,12605.0,-3.2138,8061,101,163,2026-08-18 01:42:14
432840,4,HANARO 미국S&P500,20360,5,-195,-0.95,20353.0,-0.7002,2018,41,163,2026-08-18 01:42:14
0090B0,2,PLUS K방산소부장,7285,5,-130,-1.75,7301.0,-41.6372,46683,341,160,2026-08-18 01:42:14
219390,4,RISE 미국S&P원유생산기업(합성 H),7985,2,175,2.24,8120.0,5.3981,5692,45,160,2026-08-18 01:42:14
337150,2,KODEX 200exTOP,26530,2,85,0.32,26541.0,-12.1166,1154,30,159,2026-08-18 01:42:14
0220A0,7,KIWOOM 현대차그룹TOP3채권혼합50,9945,5,-50,-0.5,9963.0,,32463,323,159,2026-08-18 01:42:14
413930,2,WON AI ESG액티브,28860,2,720,2.56,28911.0,-12.1449,142,4,159,2026-08-18 01:42:14
265690,4,ACE 러시아MSCI(합성),8535,3,0,0.0,48.0,0.0,0,0,158,2026-08-18 01:42:14
453820,4,KODEX 인도Nifty50레버리지(합성),12105,5,-245,-1.98,12130.0,-5.1824,372,4,157,2026-08-18 01:42:14
266410,2,KODEX 필수소비재,9715,5,-135,-1.37,9735.0,-4.5779,25964,251,155,2026-08-18 01:42:14
0051A0,4,KoAct 브로드컴밸류체인액티브,25765,2,95,0.37,25666.0,-3.8757,894,23,155,2026-08-18 01:42:14
104520,2,KIWOOM 블루칩,15320,2,70,0.46,15322.0,-9.3057,65,0,153,2026-08-18 01:42:14
0153P0,2,ACE 리츠부동산인프라액티브,9560,5,-75,-0.78,9563.0,-3.0927,938,8,153,2026-08-18 01:42:14
491510,2,파워 K-주주가치액티브,17960,5,-95,-0.53,17989.0,-9.0577,14,0,153,2026-08-18 01:42:14
114460,6,ACE 국고채3년,100590,5,-140,-0.14,100573.0,0.5678,790,79,151,2026-08-18 01:42:14
0194R0,2,KIWOOM SK하이닉스선물단일종목레버리지,9275,2,1140,14.01,9312.0,,42279,392,151,2026-08-18 01:42:14
102960,2,KODEX 기계장비,14185,5,-15,-0.11,14195.0,-28.3372,2708,38,150,2026-08-18 01:42:14
130680,5,TIGER 원유선물Enhanced(H),6960,2,205,3.03,6982.0,-11.1769,9004,62,150,2026-08-18 01:42:14
244620,2,KODEX 모멘텀Plus,21215,2,540,2.61,21201.0,-16.7674,1144,24,149,2026-08-18 01:42:14
0013P0,4,RISE 미국은행TOP10,13470,5,-35,-0.26,13470.0,14.25,5278,71,148,2026-08-18 01:42:14
234310,2,RISE V&S셀렉트밸류,29635,2,405,1.39,29556.0,-10.4199,4,0,148,2026-08-18 01:42:14
373490,2,KODEX 코리아혁신성장액티브,26820,2,415,1.57,26802.0,-23.4416,9920,265,148,2026-08-18 01:42:14
453010,7,PLUS KOFR금리,109725,2,10,0.01,109738.0,0.6467,95,10,147,2026-08-18 01:42:14
404650,2,SOL KRX기후변화솔루션,24355,2,5,0.02,24395.0,-18.0079,138,3,146,2026-08-18 01:42:14
438900,2,HANARO Fn K-푸드,11550,5,-20,-0.17,11539.0,-6.3815,21149,245,144,2026-08-18 01:42:14
396510,4,TIGER 차이나클린에너지SOLACTIVE,7845,2,140,1.82,7933.0,-20.3618,14744,114,144,2026-08-18 01:42:14
496130,1,TRUSTON 코리아밸류업액티브,26595,2,425,1.62,26565.0,-12.8684,18,0,144,2026-08-18 01:42:14
0088N0,2,WON K-글로벌수급상위,11295,2,225,2.03,11294.0,-25.5799,2502,28,141,2026-08-18 01:42:14
0004G0,4,1Q 미국배당TOP30,9405,5,-165,-1.72,9381.0,7.476,3791,35,141,2026-08-18 01:42:14
0028X0,4,KODEX 미국금융테크액티브,12215,5,-200,-1.61,12267.0,13.1526,1027,12,140,2026-08-18 01:42:14
417450,4,RISE 글로벌수소경제,16500,5,-210,-1.26,16581.0,-21.8672,1082,17,140,2026-08-18 01:42:14
472720,1,TRUSTON 주주가치액티브,26585,2,315,1.2,26576.0,-14.7632,85,2,138,2026-08-18 01:42:14
280920,2,PLUS 주도업종,25000,2,545,2.23,25045.0,-13.2494,14,0,138,2026-08-18 01:42:14
489860,4,KIWOOM 글로벌전력GRID인프라,16120,2,45,0.28,16158.0,-9.6682,1307,21,137,2026-08-18 01:42:14
0127T0,4,KIWOOM 미국S&P500&배당다우존스비중전환,11395,5,-100,-0.87,11379.0,0.0852,1337,15,137,2026-08-18 01:42:14
0127V0,4,KIWOOM 미국S&P500 TOP10&배당다우비중전환,10905,5,-110,-1.0,10898.0,-4.537,1207,13,136,2026-08-18 01:42:14
266390,2,KODEX 경기소비재,15090,5,-60,-0.4,15092.0,3.4931,1585,24,136,2026-08-18 01:42:14
0015F0,7,KIWOOM 팔란티어미국30년국채혼합액티브(H),10410,5,-200,-1.89,10451.0,7.2295,11159,115,135,2026-08-18 01:42:14
395760,2,PLUS ESG성장주액티브,22300,2,550,2.53,22283.0,-12.4749,79,1,134,2026-08-18 01:42:14
0222F0,2,마이티 AI데이터센터밸류체인,13355,2,140,1.06,13369.0,,5554,73,134,2026-08-18 01:42:14
484890,6,SOL 머니마켓액티브,52485,2,10,0.02,52476.0,0.6907,3561,186,133,2026-08-18 01:42:14
252650,1,KODEX 200동일가중,19005,5,-85,-0.45,19019.0,-11.1829,1311,24,133,2026-08-18 01:42:14
0193L0,2,PLUS 삼성전자선물단일종목인버스2X,8750,5,-410,-4.48,8726.0,,448679,3815,131,2026-08-18 01:42:14
279540,2,KODEX 최소변동성,21840,2,365,1.7,21858.0,-13.1849,39,0,131,2026-08-18 01:42:14
360150,2,KODEX 코스닥150롱코스피200숏선물,3195,5,-50,-1.54,3197.0,-20.6602,156711,491,131,2026-08-18 01:42:14
300610,2,TIGER K게임,5455,5,-145,-2.59,5460.0,-11.8111,12504,68,131,2026-08-18 01:42:14
0208N0,1,IBK 코스피액티브,7900,2,255,3.34,7895.0,,2020,15,130,2026-08-18 01:42:14
428560,4,KODEX 미국ETF산업Top10 Indxx,16170,5,-280,-1.7,16168.0,1.695,1226,19,129,2026-08-18 01:42:14
0008E0,4,ACE 미국중심중소형제조업,13585,2,160,1.19,13667.0,-8.7666,1477,20,129,2026-08-18 01:42:14
435550,7,KIWOOM TDF2050액티브 적격,18365,5,-75,-0.41,18347.0,-3.0043,2262,41,129,2026-08-18 01:42:14
487750,2,BNK 온디바이스AI,32110,2,1370,4.46,32084.0,-15.2,806,25,128,2026-08-18 01:42:14
140580,2,RISE 우량업종대표주,25570,2,345,1.37,25478.0,-13.8197,133,3,128,2026-08-18 01:42:14
176950,6,KODEX 국채선물10년인버스,60710,2,440,0.73,60763.0,1.4902,100,6,127,2026-08-18 01:42:14
137610,5,TIGER 농산물선물Enhanced(H),5540,2,125,2.31,5565.0,-4.5815,8333,46,127,2026-08-18 01:42:14
272570,6,RISE 중장기국공채액티브,107685,5,-305,-0.28,107687.0,0.3204,102,10,127,2026-08-18 01:42:14
435040,4,ACE 글로벌브랜드TOP10,19495,5,-355,-1.79,19497.0,-1.8735,83,1,127,2026-08-18 01:42:14
290080,3,RISE 200고배당커버드콜ATM,7205,5,-125,-1.71,7264.0,8.4838,7168,51,126,2026-08-18 01:42:14
0221Z0,2,ACE K바이오코스닥액티브,11360,5,-150,-1.3,11421.0,,162477,1803,125,2026-08-18 01:42:14
453660,4,KODEX 미국S&P500경기소비재,17770,5,-300,-1.66,17775.0,-4.955,360,6,124,2026-08-18 01:42:14
363510,6,SOL KIS단기통안채,112030,3,0,0.0,112040.0,0.579,0,0,124,2026-08-18 01:42:14
269530,4,PLUS S&P글로벌인프라,20705,2,115,0.56,20858.0,-6.0522,1309,27,124,2026-08-18 01:42:14
0000H0,2,KODEX 인도Nifty미드캡100,10760,5,-40,-0.37,10780.0,-0.0934,2707,29,124,2026-08-18 01:42:14
332610,6,PLUS 미국단기회사채(AAA~A),128635,5,-360,-0.28,128658.0,-4.2932,40,5,123,2026-08-18 01:42:14
269370,4,TIGER S&P글로벌인프라(합성),17630,2,85,0.48,17538.0,-5.8804,153,2,123,2026-08-18 01:42:14
400570,4,KODEX 유럽탄소배출권선물ICE(H),11155,5,-160,-1.41,11235.0,9.801,325,3,123,2026-08-18 01:42:14
453060,6,HANARO KOFR금리액티브(합성),111280,2,10,0.01,111255.0,0.6695,10,1,122,2026-08-18 01:42:14
485810,4,TIME 글로벌바이오액티브,11080,5,-25,-0.23,11080.0,6.9845,1904,21,122,2026-08-18 01:42:14
251590,2,PLUS 고배당저변동50,17280,5,-150,-0.86,17277.0,-4.8055,1067,18,121,2026-08-18 01:42:14
166400,3,TIGER 200커버드콜OTM,23905,2,380,1.62,24050.0,2.8146,1857,44,120,2026-08-18 01:42:14
419420,4,KODEX 미국클린에너지나스닥,9915,5,-5,-0.05,9876.0,-20.5962,1394,13,119,2026-08-18 01:42:14
354240,7,RISE 미국고정배당우선증권,10800,5,-100,-0.92,10757.0,-7.313,1108,11,119,2026-08-18 01:42:14
0093B0,4,RISE 엔비디아고정테크100,13135,5,-165,-1.24,13091.0,-2.6658,2080,27,118,2026-08-18 01:42:14
448490,6,HANARO 32-10 국고채액티브,52490,5,-525,-0.99,52530.0,-0.3759,25,1,118,2026-08-18 01:42:14
457700,6,KODEX 53-09 국고채액티브,8875,5,-140,-1.55,8893.0,-8.8013,369,3,117,2026-08-18 01:42:14
0222D0,2,KoAct 고배당액티브,10630,2,5,0.05,10645.0,,15585,165,117,2026-08-18 01:42:14
0084E0,7,KIWOOM 미국대형주500월간목표헤지액티브,10570,5,-90,-0.84,10540.0,-3.5283,16,0,116,2026-08-18 01:42:14
410870,2,TIME K컬처액티브,9665,5,-180,-1.83,9658.0,-17.7528,3827,36,116,2026-08-18 01:42:14
463640,4,KODEX 미국S&P500유틸리티,14475,2,10,0.07,14391.0,-6.0279,2099,30,116,2026-08-18 01:42:14
461580,1,TIGER 코스닥글로벌,16535,2,25,0.15,16537.0,-19.5027,26142,426,116,2026-08-18 01:42:14
464610,2,SOL 의료기기소부장Fn,7715,5,-195,-2.47,7724.0,-17.69,13335,103,116,2026-08-18 01:42:14
446700,2,RISE 배터리 리사이클링,10695,5,-100,-0.93,10689.0,-26.4646,1848,19,116,2026-08-18 01:42:14
407820,2,에셋플러스 코리아플랫폼액티브,6415,5,-35,-0.54,6404.0,-24.3402,22,0,115,2026-08-18 01:42:14
371870,4,ACE 차이나항셍테크,7215,2,35,0.49,7206.0,-11.7937,8991,65,115,2026-08-18 01:42:14
0194N0,2,KIWOOM 삼성전자선물단일종목레버리지,13120,2,645,5.17,13116.0,,20555,275,115,2026-08-18 01:42:14
498050,2,HANARO 바이오코리아액티브,11445,5,-80,-0.69,11463.0,-20.104,9181,104,114,2026-08-18 01:42:14
409810,4,KODEX 미국나스닥100선물인버스(H),5430,2,20,0.37,5431.0,-2.2584,7375,40,114,2026-08-18 01:42:14
451150,4,에셋플러스 글로벌영에이지액티브,18230,5,-175,-0.95,18143.0,-1.6039,2,0,113,2026-08-18 01:42:14
0094L0,4,RISE 차이나테크TOP10위클리타겟커버드콜,8035,5,-5,-0.06,8040.0,-12.8256,2043,16,112,2026-08-18 01:42:14
385710,2,TIME K이노베이션액티브,11230,5,-65,-0.58,11190.0,-27.2933,377,4,112,2026-08-18 01:42:14
0191S0,1,IBK 코스닥150,15135,2,150,1.0,15154.0,,27315,407,112,2026-08-18 01:42:14
430500,7,KIWOOM 물가채KIS,111835,5,-800,-0.71,111785.0,-0.2127,69,7,112,2026-08-18 01:42:14
451600,6,PLUS 국고채30년액티브,81620,5,-1220,-1.47,81575.0,-10.3173,55,4,112,2026-08-18 01:42:14
0001P0,2,마이티 바이오시밀러&CDMO액티브,9880,5,-190,-1.89,9871.0,-17.5604,554,5,111,2026-08-18 01:42:14
140710,2,KODEX 운송,6485,2,10,0.15,6500.0,-9.8283,2343,15,110,2026-08-18 01:42:14
0226G0,2,WON 피지컬AI TOP2플러스액티브,13635,2,290,2.17,13668.0,,5161,70,109,2026-08-18 01:42:14
0068M0,4,KODEX 미국S&P500버퍼6월액티브,12100,5,-90,-0.74,12121.0,-0.9039,51,0,109,2026-08-18 01:42:14
0002C0,4,에셋플러스 인도일등기업포커스20액티브,10055,5,-55,-0.54,10061.0,5.8638,35,0,109,2026-08-18 01:42:14
310080,4,RISE 중국MSCI China(H),9400,2,150,1.62,9421.0,-7.6386,924,8,108,2026-08-18 01:42:14
494180,4,TIME 글로벌소비트렌드액티브,13470,5,-245,-1.79,13470.0,-3.9566,253,3,108,2026-08-18 01:42:14
140570,2,RISE 수출주,26900,2,260,0.98,26875.0,-12.8558,39,1,108,2026-08-18 01:42:14
487910,4,ACE 인도컨슈머파워액티브,8695,5,-90,-1.02,8697.0,1.1514,52,0,104,2026-08-18 01:42:14
456250,4,KODEX 유럽명품TOP10 STOXX,9065,5,-260,-2.79,9057.0,1.8306,6388,58,104,2026-08-18 01:42:14
0227K0,4,RISE 미국우주위성통신,10395,2,195,1.91,10508.0,,47979,500,104,2026-08-18 01:42:14
354350,4,HANARO 글로벌럭셔리S&P(합성),19990,5,-455,-2.23,20090.0,-0.0978,247,4,104,2026-08-18 01:42:14
460270,6,KIWOOM 미국달러SOFR금리액티브(합성),12825,5,-40,-0.31,12814.0,-3.9926,2523,32,104,2026-08-18 01:42:14
429010,4,TIGER 미국나스닥넥스트100,20710,2,15,0.07,20625.0,5.2377,34,0,104,2026-08-18 01:42:14
181480,7,ACE 미국부동산리츠(합성 H),86010,2,225,0.26,85803.0,1.221,8,0,103,2026-08-18 01:42:14
237440,7,TIGER 경기방어채권혼합,10310,5,-85,-0.82,10355.0,-0.4311,3248,33,103,2026-08-18 01:42:14
0189Z0,2,DAISHIN343 금융&지주고배당,10245,5,-105,-1.01,10262.0,,534,5,102,2026-08-18 01:42:14
0113G0,4,KoAct 미국바이오헬스케어액티브,11365,2,105,0.93,11379.0,9.7465,3229,36,102,2026-08-18 01:42:14
0067Y0,4,TIGER 차이나AI소프트웨어,11320,5,-195,-1.69,11284.0,-15.949,5404,62,102,2026-08-18 01:42:14
117690,4,TIGER 차이나항셍30,20260,2,290,1.45,20180.0,-9.9234,172,3,101,2026-08-18 01:42:14
0203D0,7,PLUS 200위클리커버드콜채권혼합,9200,2,110,1.21,9196.0,,9765,89,101,2026-08-18 01:42:14
0120J0,2,BNK 카카오그룹포커스,8025,5,-175,-2.13,8023.0,-13.0435,3900,31,100,2026-08-18 01:42:14
252000,1,TIGER 200동일가중,19900,5,-45,-0.23,19909.0,-11.7469,1228,24,100,2026-08-18 01:42:14
482030,2,KoAct 반도체&2차전지핵심소재액티브,9470,2,125,1.34,9479.0,-32.794,5651,53,99,2026-08-18 01:42:14
0224D0,4,KIWOOM 미국CPU반도체TOP4+,9940,5,-30,-0.3,9951.0,,22790,226,99,2026-08-18 01:42:14
463690,4,KODEX 미국S&P500커뮤니케이션,18065,5,-380,-2.06,18087.0,-8.4188,468,8,99,2026-08-18 01:42:14
281990,2,RISE 중소형고배당,18020,5,-135,-0.74,18017.0,-9.506,46,0,99,2026-08-18 01:42:14
0174R0,4,KIWOOM 미국성장다우존스,11650,5,-125,-1.06,11592.0,-1.7065,1035,12,99,2026-08-18 01:42:14
0214M0,2,MIDAS 바이오헬스케어액티브,11615,5,-175,-1.48,11707.0,,4441,51,99,2026-08-18 01:42:14
301400,1,PLUS 코스닥150,15100,2,150,1.0,15191.0,-25.8065,7484,112,98,2026-08-18 01:42:14
449680,7,TIGER 한중전기차(합성),11490,2,110,0.97,11504.0,-25.426,102,1,98,2026-08-18 01:42:14
399580,4,RISE 글로벌클린에너지,9725,5,-130,-1.32,9744.0,-21.8848,1640,15,97,2026-08-18 01:42:14
375270,7,RISE 글로벌데이터센터리츠(합성),14625,2,80,0.55,14549.0,-12.3268,299,4,95,2026-08-18 01:42:14
0084D0,7,KIWOOM 미국테크100월간목표헤지액티브,11825,5,-60,-0.5,11810.0,-3.4914,11,0,95,2026-08-18 01:42:14
0215T0,4,HANARO 미국AI광통신TOP10,10445,2,745,7.68,10542.0,,43535,458,94,2026-08-18 01:42:14
371150,4,RISE 차이나항셍테크,7200,2,80,1.12,7187.0,-12.2107,6548,47,94,2026-08-18 01:42:14
480460,7,WON 한국부동산TOP3플러스,9360,5,-80,-0.85,9363.0,-4.2635,24,0,94,2026-08-18 01:42:14
0133E0,4,TIGER 차이나증권,8895,2,130,1.48,8938.0,-4.4166,322,2,93,2026-08-18 01:42:14
0219B0,2,KoAct 광통신&위성네트워크액티브,11670,2,125,1.08,11678.0,,23593,271,93,2026-08-18 01:42:14
139240,2,TIGER 200 철강소재,11110,2,60,0.54,11115.0,-27.3744,3385,37,93,2026-08-18 01:42:14
341850,7,TIGER 리츠부동산인프라채권,4605,5,-40,-0.86,4611.0,-0.6094,3966,18,92,2026-08-18 01:42:14
0216K0,7,KIWOOM 미국우주테크TOP2채권혼합50,9155,2,85,0.94,9216.0,,53645,492,92,2026-08-18 01:42:14
497510,4,ACE 글로벌빅파마,13025,5,-85,-0.65,13035.0,4.829,1520,19,91,2026-08-18 01:42:14
0219Z0,4,HANARO 미국S&P500액티브,11280,2,265,2.41,11367.0,,3089,35,90,2026-08-18 01:42:14
429980,7,SOL 한국형글로벌전기차&2차전지액티브,18005,2,130,0.73,18102.0,-16.1586,86,1,90,2026-08-18 01:42:14
395150,2,KODEX 웹툰&드라마,1870,5,-55,-2.86,1870.0,-18.9474,40292,75,90,2026-08-18 01:42:14
230480,7,KIWOOM 미국달러선물인버스2X,4440,2,15,0.34,4444.0,10.3491,3825,16,89,2026-08-18 01:42:14
435540,7,KIWOOM TDF2040액티브 적격,17785,5,-75,-0.42,17767.0,-3.0411,2143,38,89,2026-08-18 01:42:14
174350,2,TIGER 로우볼,21135,5,-170,-0.8,21193.0,1.6879,1261,26,89,2026-08-18 01:42:14
381570,2,HANARO Fn친환경에너지,10410,2,75,0.73,10416.0,-30.1218,1292,13,88,2026-08-18 01:42:14
215620,2,HK S&P코리아로우볼,16355,3,0,0.0,16176.0,-6.5963,0,0,88,2026-08-18 01:42:14
0218K0,2,BNK 스마트카,11645,5,-120,-1.02,11653.0,,36,0,87,2026-08-18 01:42:14
457930,2,BNK 미래전략기술액티브,29060,2,115,0.4,29066.0,-19.1368,13,0,87,2026-08-18 01:42:14
105010,4,TIGER 라틴35,6210,2,50,0.81,6202.0,-11.7092,3607,22,87,2026-08-18 01:42:14
270800,2,RISE KQ고배당,15740,5,-185,-1.16,15750.0,-14.1849,27,0,87,2026-08-18 01:42:14
0172Y0,2,ACE K수출핵심TOP10산업액티브,10130,2,185,1.86,10159.0,-17.3317,3710,37,86,2026-08-18 01:42:14
395750,2,PLUS ESG가치주액티브,21485,2,505,2.41,21450.0,-10.4567,2,0,86,2026-08-18 01:42:14
404540,2,TIGER KRX기후변화솔루션,24545,2,85,0.35,24533.0,-17.3479,14379,351,86,2026-08-18 01:42:14
0138D0,2,RISE 동학개미,13210,2,375,2.92,13249.0,-29.5748,833,10,86,2026-08-18 01:42:14
497520,4,ACE 일라이릴리밸류체인,13185,5,-155,-1.16,13216.0,10.1568,11211,147,86,2026-08-18 01:42:14
466810,2,BNK 2차전지양극재,5900,5,-50,-0.84,5890.0,-28.2268,25728,151,86,2026-08-18 01:42:14
395280,2,HANARO Fn K-게임,3630,5,-120,-3.2,3645.0,-11.1375,24262,88,85,2026-08-18 01:42:14
462340,4,에셋플러스 글로벌다이나믹시니어액티브,16800,5,-315,-1.84,16804.0,5.1289,40,0,84,2026-08-18 01:42:14
182490,6,TIGER 단기선진하이일드(합성 H),13910,2,55,0.4,13868.0,0.3985,301,4,83,2026-08-18 01:42:14
261110,7,TIGER 미국달러선물레버리지,16665,5,-140,-0.83,16667.0,-9.0639,1442,24,83,2026-08-18 01:42:14
256450,4,PLUS 심천차이넥스트(합성),16585,2,575,3.59,16793.0,-14.8857,54,0,83,2026-08-18 01:42:14
253280,2,RISE 헬스케어,13815,5,-85,-0.61,13811.0,-13.6378,365,5,83,2026-08-18 01:42:14
0082F0,4,HANARO 유럽방산,11780,2,170,1.46,11779.0,13.5452,217,2,82,2026-08-18 01:42:14
0226D0,7,FOCUS 금융반도체지주채권혼합50액티브,10300,2,125,1.23,10301.0,,10182,105,82,2026-08-18 01:42:14
487920,4,ACE 인도시장대표BIG5그룹액티브,8235,5,-80,-0.96,8246.0,-1.6559,340,2,82,2026-08-18 01:42:14
217780,4,TIGER 차이나CSI300인버스(합성),5235,5,-35,-0.66,5231.0,8.6597,9,0,81,2026-08-18 01:42:14
0184N0,7,PLUS 은채권혼합,8970,2,140,1.59,8944.0,-15.462,7636,68,81,2026-08-18 01:42:14
0094X0,4,1Q 샤오미밸류체인액티브,8910,2,300,3.48,8932.0,-16.4472,1514,13,80,2026-08-18 01:42:14
225800,7,KIWOOM 미국달러선물레버리지,15635,5,-195,-1.23,15688.0,-9.3097,25,0,80,2026-08-18 01:42:14
0166T0,4,PLUS 글로벌저작권핵심기업액티브,9900,5,-45,-0.45,9928.0,-4.1446,14,0,79,2026-08-18 01:42:14
189400,4,PLUS 글로벌MSCI(합성 H),26315,2,65,0.25,26193.0,3.5707,2312,60,79,2026-08-18 01:42:14
494210,4,SOL 미국500타겟데일리커버드콜액티브,11245,5,-135,-1.19,11237.0,-0.5116,5876,66,79,2026-08-18 01:42:14
435530,7,KIWOOM TDF2030액티브 적격,15710,5,-55,-0.35,15688.0,-3.4421,2362,37,79,2026-08-18 01:42:14
285690,2,FOCUS ESG리더스,22400,2,145,0.65,22384.0,-10.0627,8,0,78,2026-08-18 01:42:14
438740,2,MIDAS 중소형액티브,34615,2,220,0.64,34700.0,-16.0381,112,3,78,2026-08-18 01:42:14
225050,4,TIGER 유로스탁스레버리지(합성 H),17260,2,90,0.52,17238.0,22.2499,302,5,78,2026-08-18 01:42:14
390400,4,KODEX 미국스마트모빌리티S&P,7735,5,-40,-0.51,7768.0,-8.9954,372,2,77,2026-08-18 01:42:14
402460,2,HANARO Fn K-메타버스MZ,15390,3,0,0.0,15399.0,9.4693,950,14,77,2026-08-18 01:42:14
0184V0,2,UNICORN K바이오액티브,6680,5,-55,-0.82,6683.0,-29.9168,22040,144,77,2026-08-18 01:42:14
450180,7,KODEX 한중전기차(합성),11780,5,-25,-0.21,11810.0,-25.3557,165,1,77,2026-08-18 01:42:14
488480,4,RISE 일본섹터TOP4Plus,13895,2,90,0.65,13835.0,-2.952,4243,58,76,2026-08-18 01:42:14
227570,2,TIGER 우량가치,21190,5,-75,-0.35,21189.0,-10.8573,1835,38,76,2026-08-18 01:42:14
0047N0,4,PLUS 차이나AI테크TOP10,10815,2,310,2.95,10823.0,-11.3128,867,9,76,2026-08-18 01:42:14
0005C0,6,RISE 미국S&P500엔화노출(합성 H),11560,5,-110,-0.94,11549.0,-0.8918,193,2,75,2026-08-18 01:42:14
304670,6,KODEX 미국30년국채울트라선물인버스(H),12500,2,120,0.97,12542.0,2.8666,39,0,75,2026-08-18 01:42:14
368680,2,KODEX K-뉴딜디지털플러스,8245,5,-40,-0.48,8210.0,-13.8156,164,1,74,2026-08-18 01:42:14
326230,2,RISE 내수주플러스,11555,2,15,0.13,11560.0,-10.4038,603,6,74,2026-08-18 01:42:14
0176P0,2,FOCUS AI반도체위클리고정커버드콜,13370,2,540,4.21,13333.0,-11.1619,5625,74,74,2026-08-18 01:42:14
437370,4,RISE 글로벌농업경제,10485,2,25,0.24,10458.0,-6.6009,394,4,73,2026-08-18 01:42:14
139290,2,TIGER 200 경기소비재,27700,5,-270,-0.97,27716.0,-18.6801,2548,70,72,2026-08-18 01:42:14
139660,7,KIWOOM 미국달러선물인버스,8200,3,0,0.0,8219.0,4.9264,111,0,71,2026-08-18 01:42:14
400590,4,SOL 글로벌탄소배출권선물ICE(합성),14235,5,-70,-0.49,14277.0,3.2851,517,7,71,2026-08-18 01:42:14
0036Z0,4,RISE 미국천연가스밸류체인,12835,2,125,0.98,12785.0,-3.5566,186,2,71,2026-08-18 01:42:14
244670,2,KODEX 밸류Plus,11660,5,-120,-1.02,11662.0,-10.2259,40,0,70,2026-08-18 01:42:14
429740,7,PLUS K리츠,6210,5,-135,-2.13,6220.0,-3.8473,731,4,68,2026-08-18 01:42:14
0102X0,4,ACE 유럽방산TOP10,10370,2,205,2.02,10412.0,8.9466,647,6,67,2026-08-18 01:42:14
456200,6,PLUS 미국달러SOFR금리액티브(합성),61170,5,-200,-0.33,61101.0,-4.1319,11,0,67,2026-08-18 01:42:14
315270,2,TIGER 200커뮤니케이션서비스,20905,5,-125,-0.59,20850.0,-7.9104,4040,84,67,2026-08-18 01:42:14
316300,7,ACE 싱가포르리츠,13275,5,-100,-0.75,13375.0,-3.7319,303,4,66,2026-08-18 01:42:14
307510,2,TIGER 의료기기,13245,5,-255,-1.89,13229.0,-23.1513,3792,50,66,2026-08-18 01:42:14
250780,3,TIGER 코스닥150선물인버스,2305,5,-20,-0.86,2307.0,15.6716,203260,472,66,2026-08-18 01:42:14
219900,4,ACE 중국본토CSI300레버리지(합성),4680,2,155,3.43,4691.0,-21.1673,69,0,66,2026-08-18 01:42:14
0087F0,4,ACE 차이나AI빅테크TOP2+액티브,12970,2,395,3.14,12938.0,-8.5122,722,9,65,2026-08-18 01:42:14
0191B0,1,MIDAS 코스닥액티브,31545,2,1475,4.91,31532.0,,144,4,63,2026-08-18 01:42:14
433250,1,UNICORN R&D 액티브,24955,2,445,1.82,24793.0,-12.8844,83,2,62,2026-08-18 01:42:14
291890,4,KODEX MSCI EM선물(H),12475,2,180,1.46,12415.0,-1.0065,42,0,62,2026-08-18 01:42:14
0114X0,4,RISE 글로벌게임테크TOP3Plus,8850,5,-145,-1.61,8837.0,7.5956,104,0,62,2026-08-18 01:42:14
0053M0,2,더제이 중소형포커스액티브,13560,2,65,0.48,13492.0,-17.056,3847,50,61,2026-08-18 01:42:14
138920,5,KODEX 콩선물(H),12065,2,265,2.25,12122.0,-4.5694,197,2,60,2026-08-18 01:42:14
314700,2,HANARO 농업융복합산업,10900,5,-5,-0.05,10905.0,-20.0467,4648,50,60,2026-08-18 01:42:14
407300,2,HANARO Fn골프테마,10850,5,-65,-0.6,10859.0,-21.7883,3,0,60,2026-08-18 01:42:14
413220,4,SOL 차이나태양광CSI(합성),4965,2,125,2.58,5007.0,-28.7188,439,2,60,2026-08-18 01:42:14
483020,2,KIWOOM 의료AI,9835,5,-150,-1.5,9832.0,-19.0843,2247,22,59,2026-08-18 01:42:14
469530,3,RISE 미국달러선물인버스,9175,2,5,0.05,9201.0,5.5843,3,0,59,2026-08-18 01:42:14
470310,2,UNICORN 생성형AI강소기업액티브,19570,5,-430,-2.15,19683.0,10.2232,25972,514,59,2026-08-18 01:42:14
291630,3,KIWOOM 코스닥150선물레버리지,4010,2,90,2.3,4024.0,-52.6284,29316,115,58,2026-08-18 01:42:14
488200,2,KIWOOM K-2차전지북미공급망,12915,5,-25,-0.19,12910.0,-25.2763,4762,61,58,2026-08-18 01:42:14
289670,6,PLUS 국채선물10년,51705,5,-385,-0.74,51670.0,-0.4397,179,9,58,2026-08-18 01:42:14
401590,4,HANARO 글로벌탄소배출권선물ICE(합성),11305,5,-185,-1.61,11395.0,3.0955,357,4,58,2026-08-18 01:42:14
400580,4,SOL 유럽탄소배출권선물S&P(H),11515,5,-115,-0.99,11560.0,9.5103,12,0,58,2026-08-18 01:42:14
220130,4,SOL 차이나강소기업CSI500(합성 H),7140,2,190,2.73,7170.0,-7.4568,1,0,57,2026-08-18 01:42:14
451670,6,RISE 국채30년레버리지(합성),11340,5,-495,-4.18,11367.0,-21.4405,313,3,57,2026-08-18 01:42:14
267450,6,RISE 미국장기국채선물인버스(H),11180,3,0,0.0,11241.0,2.6629,1,0,56,2026-08-18 01:42:14
499150,4,SOL 미국S&P500엔화노출(H),11145,5,-105,-0.93,11152.0,-2.5897,329,3,56,2026-08-18 01:42:14
476310,4,RISE 글로벌비만산업TOP2+,10060,5,-195,-1.9,10139.0,3.1745,143,1,55,2026-08-18 01:42:14
432600,6,RISE 국채선물3년,55200,5,-115,-0.21,55222.0,0.8569,1,0,55,2026-08-18 01:42:14
483030,4,KIWOOM 미국블록버스터바이오테크의약품+,11915,3,0,0.0,11927.0,4.6262,1682,19,54,2026-08-18 01:42:14
490330,4,KoAct 미국치매&뇌질환치료제액티브,15310,2,30,0.2,15313.0,11.0061,1400,21,54,2026-08-18 01:42:14
321410,7,KODEX 멀티에셋하이인컴(H),10690,2,35,0.33,10695.0,0.665,2,0,53,2026-08-18 01:42:14
0174J0,7,DAISHIN343 오피스리츠플러스,8900,5,-120,-1.33,8936.0,-3.1408,7,0,53,2026-08-18 01:42:14
411860,4,KIWOOM 독일DAX,17600,5,-55,-0.31,17622.0,1.8744,168,2,53,2026-08-18 01:42:14
0015E0,7,KIWOOM 엔비디아미국30년국채혼합액티브(H),10550,5,-55,-0.52,10550.0,-1.6597,1716,18,53,2026-08-18 01:42:14
474390,6,SOL 국고채30년액티브,39080,5,-880,-2.2,39137.0,-10.2326,23,0,52,2026-08-18 01:42:14
0132D0,7,KoAct 글로벌K컬처밸류체인액티브,9515,3,0,0.0,9540.0,-6.5325,9307,88,52,2026-08-18 01:42:14
261920,4,ACE MSCI필리핀(합성),13075,5,-50,-0.38,13097.0,-0.7937,16,0,52,2026-08-18 01:42:14
0073X0,5,FOCUS 알리바바미국채커버드콜혼합,9375,5,-60,-0.64,9348.0,-9.2464,90,0,52,2026-08-18 01:42:14
0128D0,4,PLUS 차이나항셍테크위클리타겟커버드콜,7340,2,25,0.34,7344.0,-11.3102,1015,7,51,2026-08-18 01:42:14
295000,6,RISE 국채선물10년,51025,5,-360,-0.7,50998.0,-0.5516,12,0,51,2026-08-18 01:42:14
498610,4,RISE 인도디지털성장,8485,5,-160,-1.85,8490.0,8.8933,51,0,51,2026-08-18 01:42:14
0078V0,4,PLUS 미국로보택시,10080,2,25,0.25,10035.0,-15.646,122,1,50,2026-08-18 01:42:14
391600,4,ACE 미국친환경그린테마,11040,5,-30,-0.27,11032.0,-12.869,20,0,50,2026-08-18 01:42:14
0015K0,4,TIGER 미국소비트렌드액티브,7270,5,-100,-1.36,7245.0,-2.0599,17,0,49,2026-08-18 01:42:14
0154H0,4,KoAct 차이나바이오헬스케어액티브,8985,2,110,1.24,8994.0,-1.3889,1852,16,49,2026-08-18 01:42:14
243890,2,TIGER 200에너지화학레버리지,9285,2,215,2.37,9299.0,-30.869,15263,140,49,2026-08-18 01:42:14
267440,6,RISE 미국장기국채선물(H),8005,5,-100,-1.23,8005.0,-0.9774,56,0,48,2026-08-18 01:42:14
244660,2,KODEX 퀄리티Plus,9470,5,-105,-1.1,9426.0,-7.5441,906,8,47,2026-08-18 01:42:14
266550,2,PLUS 중형주저변동50,18935,3,0,0.0,18805.0,-9.2065,1,0,47,2026-08-18 01:42:14
0131A0,4,SOL 차이나소비트렌드,7800,5,-40,-0.51,7874.0,-18.6722,919,7,47,2026-08-18 01:42:14
488210,2,KIWOOM K-반도체북미공급망,23150,2,985,4.44,23185.0,-23.4981,206,4,46,2026-08-18 01:42:14
373790,4,KIWOOM 미국방어배당성장나스닥,16120,5,-160,-0.98,16058.0,2.2101,61,0,45,2026-08-18 01:42:14
227550,2,TIGER 200 산업재,12710,2,130,1.03,12705.0,-20.0763,7402,92,43,2026-08-18 01:42:14
277650,2,TIGER 코스피중형주,21360,5,-10,-0.05,21352.0,-18.7453,295,6,43,2026-08-18 01:42:14
205720,4,ACE 일본TOPIX인버스(합성 H),1423,3,0,0.0,1431.0,-7.8368,1459,2,43,2026-08-18 01:42:14
226380,2,ACE Fn성장소비주도주,5960,5,-80,-1.32,5938.0,-8.4849,413,2,42,2026-08-18 01:42:14
238670,7,PLUS 스마트베타Quality채권혼합,13685,2,5,0.04,13578.0,2.2803,9170,125,41,2026-08-18 01:42:14
0050E0,4,PLUS 미국AI에이전트,8125,5,-280,-3.33,8120.0,9.5827,115,0,41,2026-08-18 01:42:14
252420,3,RISE 200선물인버스2X,76,5,-4,-5.0,76.0,-25.2337,1389768,105,40,2026-08-18 01:42:14
334690,5,RISE 팔라듐선물(H),6050,2,115,1.94,6040.0,-15.9349,1187,7,39,2026-08-18 01:42:14
291680,4,RISE 차이나H선물인버스(H),7790,5,-95,-1.2,7826.0,4.0924,18,0,39,2026-08-18 01:42:14
225030,4,TIGER 미국S&P500선물인버스(H),2230,2,15,0.68,2234.0,-3.9046,9476,21,38,2026-08-18 01:42:14
0079X0,4,ACE BYD밸류체인액티브,10695,2,250,2.39,10667.0,-16.7066,2201,23,37,2026-08-18 01:42:14
427120,2,RISE AI플랫폼,5440,5,-110,-1.98,5443.0,-12.9412,65692,359,36,2026-08-18 01:42:14
306530,3,HANARO 코스닥150선물레버리지,8010,2,130,1.65,8008.0,-53.1232,21901,173,35,2026-08-18 01:42:14
267490,6,RISE 미국장기국채선물레버리지(합성 H),4900,5,-140,-2.78,4928.0,-4.8159,2010,9,34,2026-08-18 01:42:14
489010,4,PLUS 글로벌AI인프라,21970,5,-250,-1.13,21932.0,-2.3941,809,17,33,2026-08-18 01:42:14
476000,2,UNICORN 포스트IPO액티브,5710,5,-65,-1.13,5691.0,-44.149,11059,63,31,2026-08-18 01:42:14
454180,4,KIWOOM 차이나내수소비TOP CSI,7785,5,-60,-0.76,7810.0,-10.537,334,2,31,2026-08-18 01:42:14
227560,2,TIGER 200 생활소비재,12850,5,-215,-1.65,12849.0,-6.4497,1013,13,31,2026-08-18 01:42:14
145670,3,ACE 인버스,1253,5,-32,-2.49,1252.0,-4.6029,50747,63,29,2026-08-18 01:42:14
280940,5,KODEX 골드선물인버스(H),3425,5,-70,-2.0,3414.0,9.9056,1550,5,27,2026-08-18 01:42:14
252410,3,RISE 200선물인버스,1271,5,-42,-3.2,1277.0,-4.0205,24611,31,25,2026-08-18 01:42:14
491630,4,RISE 미국반도체인버스(합성 H),5075,5,-35,-0.68,5070.0,-14.6912,334,1,24,2026-08-18 01:42:14
291620,3,KIWOOM 코스닥150선물인버스,4065,5,-35,-0.85,4087.0,14.6853,23940,98,23,2026-08-18 01:42:14
334700,5,RISE 팔라듐선물인버스(H),3285,5,-95,-2.81,3318.0,10.4575,197,0,21,2026-08-18 01:42:14
275750,3,RISE 코스닥150선물인버스,2335,5,-10,-0.43,2336.0,14.6699,38854,90,21,2026-08-18 01:42:14
253230,3,KIWOOM 200선물인버스2X,73,5,-3,-3.95,73.0,-27.6191,927999,67,19,2026-08-18 01:42:14
465620,4,ACE 미국빅테크TOP7 Plus인버스(합성),6360,2,130,2.09,6343.0,0.4029,87,0,16,2026-08-18 01:42:14
253240,3,KIWOOM 200선물인버스,1274,5,-35,-2.67,1276.0,-5.3507,40529,51,16,2026-08-18 01:42:14
306520,3,HANARO 200선물인버스,2330,5,-70,-2.92,2336.0,-3.6145,23538,54,14,2026-08-18 01:42:14
412560,2,TIGER BBIG레버리지,1896,5,-77,-3.9,1900.0,-29.7865,2714,5,13,2026-08-18 01:42:14
253160,3,PLUS 200선물인버스2X,148,5,-11,-6.92,147.0,-26.7282,850899,125,10,2026-08-18 01:42:14
397420,6,RISE 국채선물5년추종,50580,3,0,0.0,50382.0,0.3471,0,0,3,2026-08-18 01:42:14
