itemcode,etfTabCode,itemname,nowVal,risefall,changeVal,changeRate,nav,threeMonthEarnRate,quant,amonut,marketSum,collected_at
069500,1,KODEX 200,113115,2,3055,2.78,113297.0,-11.6723,224982,25424,267121,2026-08-18 00:01:33
360750,4,TIGER 미국S&P500,27180,5,-230,-0.84,27166.0,-0.4276,232799,6328,207913,2026-08-18 00:01:33
133690,4,TIGER 미국나스닥100,187910,5,-665,-0.35,187897.0,-3.1159,32641,6131,117350,2026-08-18 00:01:33
102110,1,TIGER 200,113440,2,3065,2.78,113630.0,-11.4085,123896,14038,109243,2026-08-18 00:01:33
379800,4,KODEX 미국S&P500,24705,5,-205,-0.82,24695.0,-0.4618,173598,4288,102093,2026-08-18 00:01:33
396500,2,TIGER 반도체TOP10,37535,2,1295,3.57,37631.0,-27.6142,134373,5037,100369,2026-08-18 00:01:33
379810,4,KODEX 미국나스닥100,28085,5,-100,-0.35,28089.0,-3.118,60294,1693,95082,2026-08-18 00:01:33
278530,1,KODEX 200TR,40920,2,1055,2.65,41063.0,-11.6859,37522,1536,81758,2026-08-18 00:01:33
488770,7,KODEX 머니마켓액티브,105255,3,0,0.0,105263.0,0.8721,88760,9342,80393,2026-08-18 00:01:33
459580,6,KODEX CD금리액티브(합성),1075030,2,80,0.01,1075170.0,0.7256,2263,2432,66339,2026-08-18 00:01:33
122630,3,KODEX 레버리지,119790,2,6265,5.52,120349.0,-35.8978,241967,28945,66064,2026-08-18 00:01:33
381180,4,TIGER 미국필라델피아반도체나스닥,46535,2,700,1.53,46508.0,-2.7436,4021,187,62613,2026-08-18 00:01:33
498400,2,KODEX 200타겟위클리커버드콜,21280,2,530,2.55,21393.0,-11.6175,164199,3493,62052,2026-08-18 00:01:33
0167A0,2,SOL AI반도체TOP2플러스,18650,2,605,3.35,18711.0,-5.0014,376381,7017,60062,2026-08-18 00:01:33
091160,2,KODEX 반도체,130520,2,4270,3.38,131011.0,-19.6883,40573,5281,58016,2026-08-18 00:01:33
229200,1,KODEX 코스닥150,14720,5,-110,-0.74,14747.0,-25.5149,319706,4737,53919,2026-08-18 00:01:33
148020,1,RISE 200,114030,2,3145,2.84,114232.0,-11.7741,75574,8602,48463,2026-08-18 00:01:33
310970,1,TIGER MSCI Korea TR,50490,2,1205,2.44,50682.0,-11.1582,54,2,45794,2026-08-18 00:01:33
458730,4,TIGER 미국배당다우존스,15380,5,-75,-0.49,15353.0,3.6915,58203,896,42979,2026-08-18 00:01:33
395160,2,KODEX AI반도체TOP2플러스,42325,2,1325,3.23,42484.0,0.5641,150224,6350,42706,2026-08-18 00:01:33
0162Z0,7,RISE 삼성전자SK하이닉스채권혼합50,13685,2,295,2.2,13721.0,-1.9143,127213,1737,42013,2026-08-18 00:01:33
411060,5,ACE KRX금현물,28130,2,505,1.83,28193.0,-11.002,12885,362,41407,2026-08-18 00:01:33
360200,4,ACE 미국S&P500,27465,5,-235,-0.85,27463.0,-0.4594,24536,673,40511,2026-08-18 00:01:33
233740,3,KODEX 코스닥150레버리지,7700,5,-115,-1.47,7756.0,-52.808,1259266,9811,39678,2026-08-18 00:01:33
381170,4,TIGER 미국테크TOP10 INDXX,31535,5,-340,-1.07,31503.0,-8.313,3549,112,38820,2026-08-18 00:01:33
395270,2,HANARO Fn K-반도체,59905,2,1935,3.34,60081.0,-1.3529,26343,1577,37860,2026-08-18 00:01:33
423160,6,KODEX KOFR금리액티브(합성),110810,2,10,0.01,110770.0,0.6976,6874,761,36109,2026-08-18 00:01:33
367380,4,ACE 미국나스닥100,32280,5,-130,-0.4,32299.0,-3.1397,9270,299,35637,2026-08-18 00:01:33
357870,6,TIGER CD금리투자KIS(합성),57915,3,0,0.0,57918.0,0.7392,1338,77,35494,2026-08-18 00:01:33
102780,2,KODEX 삼성그룹,27480,2,330,1.22,27526.0,-0.0185,8167,224,35477,2026-08-18 00:01:33
273130,6,KODEX 종합채권(AA-이상)액티브,109445,5,-180,-0.16,109798.0,-1.6331,9,0,33486,2026-08-18 00:01:33
487240,2,KODEX AI전력핵심설비,37500,2,760,2.07,37597.0,-35.1965,59856,2240,32963,2026-08-18 00:01:33
455890,6,RISE 머니마켓액티브,55402,2,2,0.0,55406.0,0.8005,9268,513,30050,2026-08-18 00:01:33
139260,2,TIGER 200 IT,146625,2,4960,3.5,146727.0,-5.4229,7923,1158,29677,2026-08-18 00:01:33
0043B0,6,TIGER 머니마켓액티브,103370,2,10,0.01,103376.0,0.8685,5825,602,29306,2026-08-18 00:01:33
426030,4,TIME 미국나스닥100액티브,49995,2,1375,2.83,49987.0,-11.6161,17321,864,26677,2026-08-18 00:01:33
481050,6,KODEX CD1년금리플러스액티브(합성),1023105,2,95,0.01,1023127.0,0.7636,3,3,25656,2026-08-18 00:01:33
278540,1,KODEX MSCI Korea TR,40195,2,1000,2.55,40390.0,-10.2884,152,6,24559,2026-08-18 00:01:33
449170,6,TIGER KOFR금리액티브(합성),111620,2,5,0.0,111581.0,0.6628,835,93,24367,2026-08-18 00:01:33
472150,2,TIGER 배당커버드콜액티브,21490,2,515,2.46,21560.0,-10.2866,98412,2113,24348,2026-08-18 00:01:33
161510,2,PLUS 고배당주,25575,3,0,0.0,25607.0,-7.803,6570,168,24299,2026-08-18 00:01:33
0193T0,2,KODEX SK하이닉스단일종목레버리지,9780,3,0,0.0,10950.0,,0,0,24059,2026-08-18 00:01:33
486290,4,TIGER 미국나스닥100타겟데일리커버드콜,11060,5,-20,-0.18,11065.0,-3.7131,33531,370,24050,2026-08-18 00:01:33
456600,4,TIME 글로벌AI인공지능액티브,62995,2,2005,3.29,62633.0,-5.2804,1217,76,23270,2026-08-18 00:01:33
292150,2,TIGER 코리아TOP10,39525,2,995,2.58,39652.0,-12.0061,6980,275,21304,2026-08-18 00:01:33
284430,6,KODEX 200미국채혼합50,21690,2,250,1.17,21694.0,-6.8074,2432,52,21256,2026-08-18 00:01:33
0193W0,2,KODEX 삼성전자단일종목레버리지,14420,2,890,6.58,14548.0,,244046,3509,19618,2026-08-18 00:01:33
105190,1,ACE 200,113225,2,2920,2.65,113634.0,-11.971,4634,525,19475,2026-08-18 00:01:33
294400,1,KIWOOM 200TR,148385,2,3815,2.64,148816.0,-11.551,549,81,19142,2026-08-18 00:01:33
385540,6,RISE 종합채권(A-이상)액티브,102440,5,-190,-0.19,102641.0,-1.5162,3,0,19032,2026-08-18 00:01:33
442580,4,PLUS 글로벌HBM반도체,108585,2,5620,5.46,108542.0,-2.1757,9115,985,18861,2026-08-18 00:01:33
214980,6,KODEX 단기채권PLUS,114520,3,0,0.0,114542.0,0.6393,1021,116,18400,2026-08-18 00:01:33
441640,4,KODEX 미국배당커버드콜액티브,13045,5,-10,-0.08,13024.0,2.2444,35404,461,17128,2026-08-18 00:01:33
305720,2,KODEX 2차전지산업,14530,5,-320,-2.15,14530.0,-27.9302,28607,417,16869,2026-08-18 00:01:33
477080,6,RISE CD금리액티브(합성),107335,2,5,0.0,107337.0,0.7131,2005,215,16651,2026-08-18 00:01:33
487230,4,KODEX 미국AI전력핵심인프라,22235,2,745,3.47,22220.0,-22.6393,14458,321,16643,2026-08-18 00:01:33
446770,4,ACE 글로벌반도체TOP4 Plus,81890,2,1145,1.42,82143.0,-6.0863,280,22,16501,2026-08-18 00:01:33
152100,1,PLUS 200,114930,2,3180,2.85,115109.0,-11.2895,5076,582,16378,2026-08-18 00:01:33
0195S0,2,TIGER SK하이닉스단일종목레버리지,9240,2,920,11.06,9287.0,,645950,5947,15946,2026-08-18 00:01:33
368590,4,RISE 미국나스닥100,31345,5,-110,-0.35,31334.0,-3.0387,1467,46,15892,2026-08-18 00:01:33
466920,2,SOL 조선TOP3플러스,29585,5,-565,-1.87,29777.0,-22.6924,23474,697,15843,2026-08-18 00:01:33
379780,4,RISE 미국S&P500,23755,5,-205,-0.86,23748.0,-0.3779,2063,49,15631,2026-08-18 00:01:33
0177N0,7,KODEX 삼성전자SK하이닉스채권혼합50,14480,2,335,2.37,14501.0,-2.1353,126191,1825,15580,2026-08-18 00:01:33
329200,2,TIGER 리츠부동산인프라,4135,3,0,0.0,4144.0,-2.604,52932,218,15554,2026-08-18 00:01:33
453850,6,ACE 미국30년국채액티브(H),7080,5,-85,-1.19,7070.0,-2.062,10501,74,14840,2026-08-18 00:01:33
475630,7,TIGER CD1년금리액티브(합성),1074582,2,2,0.0,1074584.0,0.776,109,117,14532,2026-08-18 00:01:33
091230,2,TIGER 반도체,138535,2,4745,3.55,138997.0,-18.9783,3665,507,14075,2026-08-18 00:01:33
232080,1,TIGER 코스닥150,15015,5,-115,-0.76,15063.0,-25.4497,51064,771,14039,2026-08-18 00:01:33
390390,4,KODEX 미국반도체,57185,2,535,0.94,57211.0,-3.2647,6365,363,13667,2026-08-18 00:01:33
436140,6,SOL 종합채권(AA-이상)액티브,105995,3,0,0.0,106050.0,-1.4505,0,0,13419,2026-08-18 00:01:33
0183J0,4,TIGER 미국우주테크,9120,2,275,3.11,9159.0,-32.8908,31683,288,13365,2026-08-18 00:01:33
448330,1,KODEX 삼성전자채권혼합,17770,2,190,1.08,17786.0,0.6088,4124,73,13025,2026-08-18 00:01:33
157450,6,TIGER 단기통안채,112425,3,0,0.0,112433.0,0.6355,0,0,12945,2026-08-18 00:01:33
438080,7,ACE 미국S&P500미국채혼합50액티브,14400,5,-120,-0.83,14457.0,-2.3866,4680,67,12485,2026-08-18 00:01:33
0072R0,5,TIGER KRX금현물,13415,2,240,1.82,13469.0,-11.1299,9638,129,12416,2026-08-18 00:01:33
445290,2,KODEX 로봇액티브,34730,2,780,2.3,34467.0,-19.5188,30004,1043,12103,2026-08-18 00:01:33
497570,4,TIGER 미국필라델피아AI반도체나스닥,23145,2,110,0.48,23114.0,0.4238,1062,24,11792,2026-08-18 00:01:33
469150,2,ACE AI반도체TOP3+,60280,2,1850,3.17,60504.0,-21.7386,12736,768,11694,2026-08-18 00:01:33
226490,1,KODEX 코스피,73270,2,1710,2.39,73383.0,-12.0788,7697,562,11577,2026-08-18 00:01:33
0195R0,2,TIGER 삼성전자단일종목레버리지,13125,2,835,6.79,13184.0,,116172,1523,11412,2026-08-18 00:01:33
494890,1,KODEX 200액티브,32505,2,780,2.46,32683.0,-11.9363,1131,36,11377,2026-08-18 00:01:33
449450,2,PLUS K방산,57450,5,-1070,-1.83,57614.0,-19.5049,4529,261,11277,2026-08-18 00:01:33
494310,2,KODEX 반도체레버리지,82000,2,4980,6.47,82354.0,-51.407,56979,4649,11234,2026-08-18 00:01:33
465580,4,ACE 미국빅테크TOP7 Plus,24975,5,-295,-1.17,24930.0,-3.0129,1659,41,11064,2026-08-18 00:01:33
0139F0,6,TIGER 12월자동연장금융채(AA-이상)액티브,101995,3,0,0.0,102001.0,0.6662,0,0,10789,2026-08-18 00:01:33
446720,4,SOL 미국배당다우존스,14125,5,-40,-0.28,14073.0,3.5883,4772,67,10537,2026-08-18 00:01:33
295040,1,SOL 200TR,42390,2,1110,2.69,42547.0,-11.6722,16571,701,10428,2026-08-18 00:01:33
0117V0,2,TIGER 코리아AI전력기기TOP3플러스,19465,2,365,1.91,19446.0,-33.4981,11654,225,10365,2026-08-18 00:01:33
455850,2,SOL AI반도체소부장,24320,2,365,1.52,24425.0,-27.9116,20487,501,10324,2026-08-18 00:01:33
479520,6,RISE KOFR금리액티브(합성),106230,5,-15,-0.01,106213.0,0.6727,1,0,10312,2026-08-18 00:01:33
315930,2,KODEX Top5PlusTR,84330,2,1480,1.79,84750.0,-10.6305,24,2,10288,2026-08-18 00:01:33
237350,1,KODEX 코스피100,90095,2,2295,2.61,90501.0,-11.2505,5273,474,10226,2026-08-18 00:01:33
449180,4,KODEX 미국S&P500(H),17290,5,-125,-0.72,17285.0,4.2207,4347,75,10158,2026-08-18 00:01:33
469830,6,SOL 초단기채권액티브,54300,5,-5,-0.01,54303.0,0.8543,1409,76,10053,2026-08-18 00:01:33
495050,1,RISE 코리아밸류업,33605,2,595,1.8,33712.0,-11.6257,6884,231,9997,2026-08-18 00:01:33
494300,4,KODEX 미국나스닥100데일리커버드콜OTM,9565,5,-10,-0.1,9559.0,-6.2094,22475,215,9995,2026-08-18 00:01:33
479080,6,1Q 머니마켓액티브,53690,2,10,0.02,53689.0,0.8453,291,15,9969,2026-08-18 00:01:33
356540,6,ACE 종합채권(AA-이상)액티브,100745,5,-275,-0.27,101039.0,-1.314,10,1,9955,2026-08-18 00:01:33
451540,6,TIGER 종합채권(AA-이상)액티브,52565,5,-115,-0.22,52736.0,-1.5879,8,0,9809,2026-08-18 00:01:33
402970,4,ACE 미국배당다우존스,15645,5,-85,-0.54,15601.0,3.8349,2513,39,9716,2026-08-18 00:01:33
438100,7,ACE 미국나스닥100미국채혼합50액티브,15680,5,-55,-0.35,15704.0,-3.6141,509,7,9533,2026-08-18 00:01:33
0117L0,6,KODEX 26-12 금융채(AA-이상)액티브,10150,3,0,0.0,10145.0,0.6944,10,0,9421,2026-08-18 00:01:33
0177R0,2,TIGER 반도체TOP10커버드콜액티브,11845,2,385,3.36,11874.0,-13.7777,80284,951,9239,2026-08-18 00:01:33
305540,2,TIGER 2차전지테마,18380,5,-415,-2.21,18374.0,-26.9104,10827,199,9043,2026-08-18 00:01:33
475720,3,RISE 200위클리커버드콜,12775,2,125,0.99,12939.0,-13.6758,12646,162,8227,2026-08-18 00:01:33
441800,1,TIME Korea플러스배당액티브,29655,2,560,1.92,29770.0,-17.7359,4075,120,8185,2026-08-18 00:01:33
153130,6,KODEX 단기채권,113185,3,0,0.0,113195.0,0.6335,118,13,8106,2026-08-18 00:01:33
371460,4,TIGER 차이나전기차SOLACTIVE,11005,2,70,0.64,11095.0,-24.4821,1480,16,7994,2026-08-18 00:01:33
490590,4,RISE 미국AI밸류체인데일리고정커버드콜,14905,3,0,0.0,14857.0,-4.6312,7130,106,7974,2026-08-18 00:01:33
144600,5,KODEX 은선물(H),10735,2,255,2.43,10744.0,-27.045,14226,152,7944,2026-08-18 00:01:33
069660,1,KIWOOM 200,113010,2,2890,2.62,113332.0,-11.6838,25184,2844,7911,2026-08-18 00:01:33
0025N0,7,TIGER TDF2045 적격,12310,5,-80,-0.65,12352.0,-0.6017,2816,34,7878,2026-08-18 00:01:33
466940,2,TIGER 은행고배당플러스TOP10,26250,5,-115,-0.44,26158.0,3.7877,1562,41,7862,2026-08-18 00:01:33
498410,2,KODEX 금융고배당TOP10타겟위클리커버드콜,11565,5,-115,-0.98,11590.0,-2.4026,41274,478,7841,2026-08-18 00:01:33
487340,6,ACE 머니마켓액티브,105705,3,0,0.0,105714.0,0.8731,37,3,7803,2026-08-18 00:01:33
457480,4,ACE 테슬라밸류체인액티브,18950,2,55,0.29,19002.0,-25.9601,2929,55,7788,2026-08-18 00:01:33
0048J0,6,KODEX 미국머니마켓액티브,14155,5,-10,-0.07,14152.0,-4.0376,3865,54,7782,2026-08-18 00:01:33
476550,6,TIGER 미국30년국채커버드콜액티브(H),6770,5,-80,-1.17,6759.0,-2.0997,11359,76,7728,2026-08-18 00:01:33
102970,2,KODEX 증권,19520,5,-70,-0.36,19423.0,-32.177,13663,267,7603,2026-08-18 00:01:33
481060,6,KODEX 미국30년국채타겟커버드콜(합성 H),7335,5,-55,-0.74,7357.0,-2.3492,10460,76,7595,2026-08-18 00:01:33
367760,2,RISE 네트워크인프라,62445,2,1985,3.28,62542.0,-2.3027,549,34,7337,2026-08-18 00:01:33
462330,2,KODEX 2차전지산업레버리지,1037,5,-42,-3.89,1034.0,-55.4133,1778059,1862,7269,2026-08-18 00:01:33
0061Z0,6,RISE 단기특수은행채액티브,50940,3,0,0.0,50939.0,0.7515,0,0,7244,2026-08-18 00:01:33
272580,6,TIGER 단기채권액티브,57020,3,0,0.0,57030.0,0.6531,41,2,7238,2026-08-18 00:01:33
138540,2,TIGER 현대차그룹플러스,55630,2,35,0.06,55958.0,-26.0066,4372,243,7165,2026-08-18 00:01:33
0148J0,2,TIGER 코리아휴머노이드로봇산업,10690,2,300,2.89,10559.0,-27.19,295816,3181,7162,2026-08-18 00:01:33
458760,4,TIGER 미국배당다우존스타겟커버드콜2호,11300,5,-40,-0.35,11283.0,3.7661,5902,66,7136,2026-08-18 00:01:33
0127P0,4,ACE 미국대형성장주액티브,11065,3,0,0.0,11068.0,-3.0549,12,0,7082,2026-08-18 00:01:33
434730,2,HANARO 원자력iSelect,59990,2,555,0.93,59880.0,-30.461,1617,96,7079,2026-08-18 00:01:33
495850,1,KODEX 코리아밸류업,33530,2,690,2.1,33481.0,-11.5684,597,19,7058,2026-08-18 00:01:33
491010,4,TIGER 글로벌AI전력인프라액티브,28055,2,1005,3.72,28113.0,-20.006,12190,341,7039,2026-08-18 00:01:33
0167B0,2,SOL 200타겟위클리커버드콜,12380,2,310,2.57,12443.0,-11.919,44584,548,7032,2026-08-18 00:01:33
290130,2,RISE ESG사회책임투자,49205,2,1465,3.07,49272.0,-10.9993,52538,2570,6987,2026-08-18 00:01:33
456610,6,TIGER 미국달러SOFR금리액티브(합성),61365,5,-70,-0.11,61361.0,-3.9854,479,29,6965,2026-08-18 00:01:33
114800,3,KODEX 인버스,984,5,-27,-2.67,982.0,-5.2484,22170788,21811,6930,2026-08-18 00:01:33
423920,4,TIGER 미국필라델피아반도체레버리지(합성),100295,2,2930,3.01,100329.0,-16.1175,772,77,6880,2026-08-18 00:01:33
385560,6,RISE KIS국고채30년Enhanced,50150,5,-535,-1.06,50810.0,-13.5143,884,44,6878,2026-08-18 00:01:33
364980,2,TIGER 2차전지TOP10,10045,5,-235,-2.29,10027.0,-24.3284,62900,636,6745,2026-08-18 00:01:33
418660,4,TIGER 미국나스닥100레버리지(합성),43575,5,-300,-0.68,43521.0,-8.7744,3144,136,6711,2026-08-18 00:01:33
314250,4,KODEX 미국빅테크10(H),62270,5,-880,-1.39,61665.0,7.1038,1620,99,6607,2026-08-18 00:01:33
482730,4,TIGER 미국S&P500타겟데일리커버드콜,12280,5,-105,-0.85,12274.0,-0.1266,8295,101,6570,2026-08-18 00:01:33
0015B0,4,KoAct 미국나스닥성장기업액티브,19975,2,175,0.88,19895.0,-14.2115,769,15,6532,2026-08-18 00:01:33
434060,7,KODEX TDF2050액티브 적격,17500,2,65,0.37,17328.0,-4.6445,976,17,6484,2026-08-18 00:01:33
329750,6,TIGER 미국달러단기채권액티브,13375,5,-5,-0.04,13374.0,-4.2234,2540,33,6395,2026-08-18 00:01:33
396520,4,TIGER 차이나반도체FACTSET,15350,2,810,5.57,15352.0,-2.4489,11303,172,6343,2026-08-18 00:01:33
466950,4,TIGER 글로벌AI액티브,33930,2,1310,4.02,33487.0,-13.1639,97,3,6291,2026-08-18 00:01:33
0101N0,2,RISE AI전력인프라,19955,2,100,0.5,19989.0,-29.9895,3804,75,6286,2026-08-18 00:01:33
488080,3,TIGER 반도체TOP10레버리지,37265,2,2195,6.26,37741.0,-61.0269,98713,3678,6056,2026-08-18 00:01:33
371160,4,TIGER 차이나항셍테크,7390,2,90,1.23,7406.0,-12.237,10300,76,6041,2026-08-18 00:01:33
494670,2,TIGER 조선TOP10,23280,5,-460,-1.94,23379.0,-22.5828,8023,187,6030,2026-08-18 00:01:33
251600,7,PLUS 고배당주채권혼합,15555,3,0,0.0,15578.0,-3.2082,62,0,6004,2026-08-18 00:01:33
489250,4,KODEX 미국배당다우존스,13220,5,-75,-0.56,13204.0,3.7577,7000,92,5949,2026-08-18 00:01:33
484790,6,KODEX 미국30년국채액티브(H),8170,5,-95,-1.15,8162.0,-1.7962,16451,134,5864,2026-08-18 00:01:33
252670,3,KODEX 200선물인버스2X,72,5,-4,-5.26,72.0,-26.9231,172208457,12396,5853,2026-08-18 00:01:33
0190C0,2,RISE 현대차고정피지컬AI,9680,2,200,2.11,9654.0,-25.2072,77705,743,5798,2026-08-18 00:01:33
0019K0,7,TIME 미국나스닥100채권혼합50액티브,13820,2,125,0.91,13821.0,-3.2156,4515,62,5784,2026-08-18 00:01:33
449190,4,KODEX 미국나스닥100(H),22565,5,-55,-0.24,22577.0,1.3764,1249,28,5743,2026-08-18 00:01:33
0219E0,2,KODEX 200커버드콜액티브,8840,2,190,2.2,8884.0,,98978,875,5737,2026-08-18 00:01:33
0091P0,2,TIGER 코리아원자력,16605,5,-65,-0.39,16620.0,-31.6804,16062,267,5654,2026-08-18 00:01:33
463250,2,TIGER K방산&우주,37190,5,-615,-1.63,37216.0,-19.0298,2889,108,5634,2026-08-18 00:01:33
243880,2,TIGER 200IT레버리지,384320,2,22240,6.14,385465.0,-34.5363,3592,1381,5573,2026-08-18 00:01:33
444200,2,SOL 코리아메가테크액티브,48795,2,915,1.91,48923.0,-18.9162,5000,243,5563,2026-08-18 00:01:33
0007F0,6,KODEX 27-12 회사채(AA-이상)액티브,10170,3,0,0.0,10181.0,0.5437,0,0,5537,2026-08-18 00:01:33
455030,6,KODEX 미국달러SOFR금리액티브(합성),12165,3,0,0.0,12176.0,-4.2545,1704,20,5524,2026-08-18 00:01:33
491620,4,RISE 미국테크100데일리고정커버드콜,10995,5,-125,-1.12,10994.0,-2.2757,10725,119,5508,2026-08-18 00:01:33
0105E0,2,SOL 코리아고배당,13200,5,-35,-0.26,13216.0,-6.8254,5137,67,5478,2026-08-18 00:01:33
496080,1,TIGER 코리아밸류업,33470,2,530,1.61,33567.0,-11.2073,398,13,5405,2026-08-18 00:01:33
438330,6,TIGER 우량회사채액티브,115430,5,-145,-0.13,115703.0,0.6137,6,0,5367,2026-08-18 00:01:33
315960,2,RISE 대형고배당10TR,80995,2,2130,2.7,81108.0,-14.5929,823,66,5346,2026-08-18 00:01:33
365780,6,ACE 국고채10년,82070,5,-480,-0.58,82524.0,-0.5063,21,1,5290,2026-08-18 00:01:33
462010,2,TIGER 2차전지소재Fn,4850,5,-120,-2.41,4856.0,-35.0752,79443,386,5262,2026-08-18 00:01:33
361580,1,RISE 200TR,64140,2,1560,2.49,64386.0,-11.7722,326,20,5195,2026-08-18 00:01:33
251350,4,KODEX MSCI선진국,40495,5,-165,-0.41,40452.0,0.3431,368,14,5163,2026-08-18 00:01:33
114260,6,KODEX 국고채3년,61740,5,-75,-0.12,61819.0,0.6595,234,14,5113,2026-08-18 00:01:33
435420,7,TIGER 미국나스닥100채권혼합50,14340,5,-25,-0.17,14335.0,-1.2925,451,6,4976,2026-08-18 00:01:33
476800,7,KODEX 한국부동산리츠인프라,4290,3,0,0.0,4298.0,-5.3092,27734,119,4906,2026-08-18 00:01:33
477050,6,PLUS 머니마켓액티브,53450,3,0,0.0,53452.0,0.8395,1,0,4838,2026-08-18 00:01:33
490490,7,SOL 미국배당미국채혼합50,11385,5,-45,-0.39,11334.0,-0.3609,3994,45,4827,2026-08-18 00:01:33
0163Y0,1,KoAct 코스닥액티브,9240,2,50,0.54,9202.0,-29.8206,8086,74,4809,2026-08-18 00:01:33
499660,7,TIGER CD금리플러스액티브(합성),1001660,2,65,0.01,1001665.0,0.771,118,118,4794,2026-08-18 00:01:33
483280,4,KODEX 미국AI테크TOP10타겟커버드콜,12120,5,-145,-1.18,12098.0,-6.6086,3028,36,4763,2026-08-18 00:01:33
293180,1,HANARO 200,113300,2,2870,2.6,113615.0,-11.6488,5066,574,4759,2026-08-18 00:01:33
277630,1,TIGER 코스피,74065,2,1480,2.04,74441.0,-12.5337,1040,76,4703,2026-08-18 00:01:33
0162M0,6,KODEX 금융채1~2년(AA-이상)PLUS액티브,10055,3,0,0.0,10065.0,0.4997,0,0,4647,2026-08-18 00:01:33
448290,4,TIGER 미국S&P500(H),17930,5,-140,-0.77,17930.0,4.2416,3812,68,4617,2026-08-18 00:01:33
471230,6,KODEX 국고채10년액티브,103360,5,-655,-0.63,103927.0,-0.5498,47,4,4608,2026-08-18 00:01:33
0173Y0,4,KODEX 미국AI광통신네트워크,13055,2,750,6.1,13101.0,-21.508,25582,333,4582,2026-08-18 00:01:33
0023A0,4,SOL 미국양자컴퓨팅TOP10,27400,2,250,0.92,27316.0,-16.9471,842,23,4562,2026-08-18 00:01:33
451060,1,1Q 200액티브,36120,2,900,2.56,36364.0,-12.3834,480,17,4551,2026-08-18 00:01:33
091180,2,KODEX 자동차,32015,2,315,0.99,32020.0,-19.7979,8418,268,4530,2026-08-18 00:01:33
473290,6,KODEX 26-12 회사채(AA-이상)액티브,10865,3,0,0.0,10871.0,0.6018,20,0,4511,2026-08-18 00:01:33
447770,7,TIGER 테슬라채권혼합Fn,13635,5,-35,-0.26,13686.0,-8.3291,67,0,4363,2026-08-18 00:01:33
451000,6,PLUS 종합채권(AA-이상)액티브,107075,3,0,0.0,107016.0,-1.4905,0,0,4295,2026-08-18 00:01:33
474220,4,TIGER 미국테크TOP10타겟커버드콜,15200,5,-130,-0.85,15153.0,-5.8378,1245,19,4294,2026-08-18 00:01:33
469070,2,RISE AI&로봇,12660,2,130,1.04,12584.0,-24.79,16208,205,4235,2026-08-18 00:01:33
0167Z0,4,KODEX 미국우주항공,9235,2,225,2.5,9257.0,-27.5213,17474,161,4207,2026-08-18 00:01:33
0016X0,6,SOL 중단기회사채(A-이상)액티브,51435,3,0,0.0,51448.0,0.7837,0,0,4203,2026-08-18 00:01:33
148070,6,KIWOOM 국고채10년,104045,5,-670,-0.64,104596.0,-0.4658,113,11,4170,2026-08-18 00:01:33
0131V0,4,1Q 미국우주항공테크,12540,5,-205,-1.61,12519.0,-12.3453,524,6,4107,2026-08-18 00:01:33
0060H0,1,TIGER 토탈월드스탁액티브,13195,5,-40,-0.3,13171.0,-0.2476,653,8,4077,2026-08-18 00:01:33
426020,4,TIME 미국S&P500액티브,33315,2,10,0.03,33124.0,-4.0479,320,10,4058,2026-08-18 00:01:33
241180,4,TIGER 일본니케이225,36955,2,5,0.01,36898.0,3.6901,414,15,4058,2026-08-18 00:01:33
480260,6,TIGER 27-04회사채(A+이상)액티브,53755,3,0,0.0,53757.0,0.5518,0,0,4050,2026-08-18 00:01:33
385720,1,TIME 코스피액티브,26255,2,595,2.32,26348.0,-14.3668,1475,38,4043,2026-08-18 00:01:33
471990,2,KODEX AI반도체핵심장비,24055,2,495,2.1,24082.0,-29.4816,6519,157,3945,2026-08-18 00:01:33
462900,2,KoAct 바이오헬스케어액티브,14850,5,-345,-2.27,14906.0,-24.025,9585,143,3935,2026-08-18 00:01:33
0043Y0,4,TIME 차이나AI테크액티브,22100,2,505,2.34,22103.0,-3.8941,1873,41,3934,2026-08-18 00:01:33
439870,6,KODEX 국고채30년액티브,85400,5,-470,-0.55,86448.0,-10.3701,250,21,3863,2026-08-18 00:01:33
0080G0,2,KODEX 방산TOP10,11250,5,-225,-1.96,11251.0,-17.7529,8709,98,3780,2026-08-18 00:01:33
458250,6,TIGER 미국30년국채스트립액티브(합성 H),33615,5,-720,-2.1,33711.0,-4.7969,1698,57,3766,2026-08-18 00:01:33
484880,2,SOL 금융지주플러스고배당,22395,5,-115,-0.51,22321.0,3.2077,2282,51,3740,2026-08-18 00:01:33
496020,6,WON 전단채플러스액티브,52390,3,0,0.0,52393.0,0.9246,0,0,3712,2026-08-18 00:01:33
310960,1,TIGER 200TR,66030,2,1795,2.79,66159.0,-11.8136,3217,212,3698,2026-08-18 00:01:33
474590,2,WON 반도체밸류체인액티브,45595,2,1230,2.77,45749.0,-5.7668,880,40,3670,2026-08-18 00:01:33
0182R0,2,1Q K반도체TOP2+,11225,2,395,3.65,11261.0,-25.1555,71771,805,3626,2026-08-18 00:01:33
0144L0,4,KODEX 미국성장커버드콜액티브,9995,5,-5,-0.05,9990.0,-3.8575,1601,16,3588,2026-08-18 00:01:33
453810,4,KODEX 인도Nifty50,12100,5,-15,-0.12,12124.0,-1.8976,1409,16,3582,2026-08-18 00:01:33
0040Y0,7,SOL 팔란티어커버드콜OTM채권혼합,8195,5,-5,-0.06,8185.0,2.3571,1553,12,3573,2026-08-18 00:01:33
448300,4,TIGER 미국나스닥100(H),23315,5,-55,-0.24,23317.0,1.4636,749,17,3567,2026-08-18 00:01:33
132030,5,KODEX 골드선물(H),24855,2,520,2.14,24859.0,-8.4807,2781,69,3554,2026-08-18 00:01:33
0052D0,2,TIGER 코리아배당다우존스,16010,2,100,0.63,16014.0,-4.1507,5970,95,3546,2026-08-18 00:01:33
439860,6,KODEX ESG종합채권(A-이상)액티브,113580,3,0,0.0,113654.0,0.2515,0,0,3505,2026-08-18 00:01:33
0026S0,4,1Q 미국S&P500,13295,5,-100,-0.75,13289.0,-0.6682,2817,37,3497,2026-08-18 00:01:33
279530,2,KODEX 고배당주,17830,2,50,0.28,17850.0,-6.4669,454,8,3477,2026-08-18 00:01:33
476760,6,ACE 미국30년국채액티브,9040,5,-125,-1.36,9027.0,-6.8256,20739,187,3471,2026-08-18 00:01:33
0046A0,6,TIGER 미국초단기(3개월이하)국채,9800,5,-5,-0.05,9796.0,-4.2056,9225,90,3452,2026-08-18 00:01:33
385550,6,RISE 단기채권알파액티브,113995,3,0,0.0,114008.0,0.6667,88,10,3449,2026-08-18 00:01:33
456880,7,ACE 미국달러SOFR금리(합성),12425,5,-15,-0.12,12425.0,-4.0124,533,6,3427,2026-08-18 00:01:33
472170,7,TIGER 미국테크TOP10채권혼합,14180,2,40,0.28,14060.0,-3.9729,33,0,3424,2026-08-18 00:01:33
270810,1,RISE 코스닥150,14655,5,-95,-0.64,14700.0,-25.4486,6130,90,3368,2026-08-18 00:01:33
448630,7,RISE 삼성그룹Top3채권혼합,15760,2,365,2.37,15447.0,-0.2915,14,0,3357,2026-08-18 00:01:33
442570,7,RISE TDF2050액티브 적격,17980,5,-30,-0.17,17839.0,-1.7777,3589,64,3344,2026-08-18 00:01:33
0210A0,2,ACE K반도체TOP2+,7655,2,265,3.59,7653.0,,41713,318,3341,2026-08-18 00:01:33
385510,2,KODEX 신재생에너지액티브,39190,5,-310,-0.78,39215.0,-31.4296,676,26,3292,2026-08-18 00:01:33
0052S0,7,1Q 미국S&P500미국채혼합50액티브,11905,5,-55,-0.46,11905.0,-2.3131,266,3,3286,2026-08-18 00:01:33
483320,4,ACE 엔비디아밸류체인액티브,26625,2,485,1.86,26639.0,-3.4891,142,3,3182,2026-08-18 00:01:33
475300,2,SOL 반도체전공정,21690,2,470,2.21,21638.0,-13.317,18568,403,3134,2026-08-18 00:01:33
0111P0,7,1Q 미국나스닥100미국채혼합50액티브,11130,5,-40,-0.36,11157.0,-3.7355,63,0,3105,2026-08-18 00:01:33
485540,4,KODEX 미국AI테크TOP10,15540,5,-200,-1.27,15512.0,-7.5598,976,15,3069,2026-08-18 00:01:33
0038A0,4,KODEX 미국휴머노이드로봇,16040,2,75,0.47,16031.0,-13.9927,2389,38,3064,2026-08-18 00:01:33
0008S0,4,TIGER 미국배당다우존스타겟데일리커버드콜,10220,5,-30,-0.29,10193.0,3.3236,7686,78,3040,2026-08-18 00:01:33
123320,3,TIGER 레버리지,120640,2,6105,5.33,121244.0,-35.5659,14656,1768,3016,2026-08-18 00:01:33
453870,4,TIGER 인도니프티50,11905,5,-30,-0.25,11919.0,-1.9288,1038,12,2982,2026-08-18 00:01:33
433330,4,SOL 미국S&P500,22710,5,-180,-0.79,22700.0,-0.5651,1043,23,2975,2026-08-18 00:01:33
190620,6,ACE 단기통안채,101885,3,0,0.0,101905.0,0.637,0,0,2938,2026-08-18 00:01:33
481190,4,SOL 미국테크TOP10,17125,5,-160,-0.93,17093.0,-8.205,1089,18,2903,2026-08-18 00:01:33
441680,7,TIGER 미국나스닥100커버드콜(합성),11020,5,-5,-0.05,11034.0,-1.7459,1190,13,2898,2026-08-18 00:01:33
307520,2,TIGER 지주회사,22695,2,195,0.87,22726.0,-14.4902,287,6,2894,2026-08-18 00:01:33
454780,6,KIWOOM 종합채권(AA-이상)액티브,99310,3,0,0.0,99315.0,-1.6344,0,0,2889,2026-08-18 00:01:33
364970,2,TIGER 바이오TOP10,7735,5,-145,-1.84,7745.0,-0.8182,33710,261,2877,2026-08-18 00:01:33
475080,7,KODEX 테슬라커버드콜채권혼합액티브,7915,2,10,0.13,7899.0,-6.7692,104,0,2877,2026-08-18 00:01:33
461490,7,RISE 글로벌자산배분액티브,14865,3,0,0.0,14851.0,-2.3325,26,0,2876,2026-08-18 00:01:33
489030,2,PLUS 고배당주위클리커버드콜,6290,5,-125,-1.95,6369.0,-13.5571,36383,230,2846,2026-08-18 00:01:33
091170,2,KODEX 은행,16070,5,-100,-0.62,16021.0,6.1567,2413,38,2844,2026-08-18 00:01:33
473330,6,SOL 미국30년국채커버드콜(합성),8135,5,-105,-1.27,8142.0,-6.6687,29958,242,2839,2026-08-18 00:01:33
471780,2,TIGER 코리아테크액티브,36800,2,1050,2.94,36910.0,-12.27,2235,82,2812,2026-08-18 00:01:33
421320,2,PLUS 우주항공,30390,5,-545,-1.76,30320.0,-32.7793,117,3,2811,2026-08-18 00:01:33
273140,6,KODEX 단기변동금리부채권액티브,114540,3,0,0.0,114565.0,0.5553,0,0,2803,2026-08-18 00:01:33
471040,4,KoAct 글로벌AI&로봇액티브,30735,2,65,0.21,30767.0,-13.2514,556,17,2782,2026-08-18 00:01:33
0162Y0,1,TIME 코스닥액티브,7770,2,25,0.32,7799.0,-31.4905,14249,111,2778,2026-08-18 00:01:33
0094K0,6,TIGER 28-04 회사채(A+이상)액티브,99565,5,-25,-0.03,99628.0,0.6417,2016,200,2776,2026-08-18 00:01:33
0053L0,4,TIGER 차이나휴머노이드로봇,10695,2,180,1.71,10708.0,-22.2189,2310,24,2775,2026-08-18 00:01:33
136340,6,RISE 중기우량회사채,104300,3,0,0.0,104313.0,0.5051,0,0,2770,2026-08-18 00:01:33
213610,2,KODEX 삼성그룹밸류,23200,2,205,0.89,23235.0,-1.7938,110,2,2761,2026-08-18 00:01:33
478150,4,TIME 글로벌우주테크&방산액티브,21480,3,0,0.0,21578.0,-7.5135,23,0,2760,2026-08-18 00:01:33
483340,4,ACE 구글밸류체인액티브,23990,2,190,0.8,23795.0,-7.1582,253,6,2747,2026-08-18 00:01:33
423170,4,SOL 글로벌AI반도체탑픽액티브,60755,2,1525,2.57,60792.0,-5.0117,2104,127,2746,2026-08-18 00:01:33
0098F0,2,KODEX 원자력SMR,15660,5,-55,-0.35,15677.0,-28.8915,5320,83,2733,2026-08-18 00:01:33
139230,2,TIGER 200 중공업,13795,5,-25,-0.18,13804.0,-26.6553,807,11,2712,2026-08-18 00:01:33
409820,4,KODEX 미국나스닥100레버리지(합성 H),20740,5,-70,-0.34,20725.0,0.7504,1017,21,2675,2026-08-18 00:01:33
283580,4,KODEX 차이나CSI300,16060,2,215,1.36,16086.0,-8.846,769,12,2674,2026-08-18 00:01:33
497880,6,SOL CD금리&머니마켓액티브,50115,2,5,0.01,50119.0,0.8524,1197,59,2664,2026-08-18 00:01:33
196230,6,RISE 단기통안채,116835,3,0,0.0,116835.0,0.6244,0,0,2643,2026-08-18 00:01:33
495230,1,KoAct 코리아밸류업액티브,32355,2,655,2.07,32477.0,-15.3902,2515,81,2621,2026-08-18 00:01:33
0119H0,6,KODEX 28-12 회사채(AA-이상)액티브,9935,3,0,0.0,9925.0,0.5058,6034,59,2595,2026-08-18 00:01:33
363580,2,KODEX 200IT TR,59295,2,1695,2.94,59276.0,-4.032,1214,71,2550,2026-08-18 00:01:33
388420,2,RISE 비메모리반도체액티브,28310,2,840,3.06,28249.0,-21.9782,3220,90,2525,2026-08-18 00:01:33
472920,6,HK 종합채권(AA-이상)액티브,97890,5,-5,-0.01,97885.0,-1.3752,10,0,2525,2026-08-18 00:01:33
0228G0,2,ACE 반도체Plus전략산업,10825,2,175,1.64,10847.0,,12342,133,2490,2026-08-18 00:01:33
486450,4,SOL 미국AI전력인프라,21460,3,0,0.0,21450.0,-15.975,542,11,2489,2026-08-18 00:01:33
493810,4,TIGER 미국AI빅테크10타겟데일리커버드콜,11685,5,-115,-0.97,11651.0,-6.0597,2164,25,2483,2026-08-18 00:01:33
0183V0,7,KIWOOM 삼성전자&SK하이닉스채권혼합50,11995,2,255,2.17,12036.0,-1.6372,16866,202,2459,2026-08-18 00:01:33
157500,2,TIGER 증권,13315,5,-25,-0.19,13255.0,-31.3441,9448,126,2455,2026-08-18 00:01:33
466930,2,SOL 자동차TOP3플러스,29400,2,415,1.43,29508.0,-10.0125,7754,226,2426,2026-08-18 00:01:33
0182S0,7,1Q K반도체TOP2채권혼합50,12660,2,250,2.01,12708.0,-3.3866,37371,472,2424,2026-08-18 00:01:33
245710,4,ACE 베트남VN30(합성),28525,5,-70,-0.24,28557.0,-11.8799,181,5,2396,2026-08-18 00:01:33
414780,4,TIGER 차이나과창판STAR50(합성),15290,2,545,3.7,15504.0,-7.2934,670,10,2393,2026-08-18 00:01:33
448540,7,ACE 엔비디아채권혼합,26850,5,-20,-0.07,26847.0,-1.7191,52,1,2390,2026-08-18 00:01:33
498270,4,KIWOOM 미국양자컴퓨팅,15980,2,10,0.06,16000.0,0.1984,654,10,2389,2026-08-18 00:01:33
472160,4,TIGER 미국테크TOP10 INDXX(H),18755,5,-175,-0.92,18729.0,-4.1034,104,1,2382,2026-08-18 00:01:33
442320,4,RISE 글로벌원자력,37635,2,5,0.01,37973.0,-20.5654,67,2,2367,2026-08-18 00:01:33
261260,7,KODEX 미국달러선물인버스2X,5085,2,15,0.3,5091.0,9.8591,8470,43,2349,2026-08-18 00:01:33
329650,7,KODEX TRF3070,14230,3,0,0.0,14252.0,-1.2097,106,1,2348,2026-08-18 00:01:33
244580,2,KODEX 바이오,8865,5,-175,-1.94,8842.0,-22.1361,6614,58,2347,2026-08-18 00:01:33
363570,6,KODEX 장기종합채권(AA-이상)액티브,85945,3,0,0.0,86105.0,-4.2183,0,0,2338,2026-08-18 00:01:33
228790,2,TIGER 화장품,4325,5,-100,-2.26,4328.0,8.9901,189015,824,2334,2026-08-18 00:01:33
488980,6,SOL 26-12 회사채(AA-이상)액티브,52060,3,0,0.0,52065.0,0.6963,0,0,2304,2026-08-18 00:01:33
463050,2,TIME K바이오액티브,13500,5,-255,-1.85,13476.0,-19.5615,649,8,2295,2026-08-18 00:01:33
302450,1,RISE 코스피,74015,2,1870,2.59,73971.0,-12.3956,461,33,2294,2026-08-18 00:01:33
0094M0,2,RISE 코리아밸류업위클리고정커버드콜,18200,2,235,1.31,18276.0,-9.9976,3920,71,2293,2026-08-18 00:01:33
267770,3,TIGER 200선물레버리지,91720,2,4815,5.54,92010.0,-36.0993,5803,533,2293,2026-08-18 00:01:33
0204D0,2,KODEX 현대차로보틱스밸류체인TOP3플러스,7207,2,42,0.59,7239.0,,90104,647,2288,2026-08-18 00:01:33
437080,6,KODEX 미국종합채권ESG액티브(H),97010,5,-415,-0.43,96958.0,-0.462,3,0,2285,2026-08-18 00:01:33
0104N0,2,TIGER 200타겟위클리커버드콜,21725,2,485,2.28,21871.0,-11.8743,4197,91,2281,2026-08-18 00:01:33
0092C0,6,SOL 27-12 회사채(AA-이상)액티브,50220,3,0,0.0,50233.0,0.6311,0,0,2272,2026-08-18 00:01:33
0151S0,4,KODEX 미국AI반도체TOP3플러스,16315,2,75,0.46,16297.0,-2.3059,10025,163,2268,2026-08-18 00:01:33
458260,6,TIGER 미국투자등급회사채액티브(H),46275,5,-285,-0.61,46222.0,-1.0845,28,1,2258,2026-08-18 00:01:33
495060,1,TIME 코리아밸류업액티브,29795,2,590,2.02,29913.0,-16.1499,4908,144,2235,2026-08-18 00:01:33
452360,4,SOL 미국배당다우존스(H),13455,5,-50,-0.37,13416.0,8.8814,1588,21,2234,2026-08-18 00:01:33
305080,6,TIGER 미국채10년선물,12615,5,-40,-0.32,12600.0,-5.5598,1485,18,2233,2026-08-18 00:01:33
266160,2,RISE 고배당,33900,2,550,1.65,34079.0,-9.5382,421,14,2170,2026-08-18 00:01:33
433500,2,ACE 원자력TOP10,55545,5,-130,-0.23,55767.0,-32.343,204,11,2166,2026-08-18 00:01:33
0089D0,2,KODEX 금융고배당TOP10,13285,5,-45,-0.34,13263.0,-0.1333,478,6,2152,2026-08-18 00:01:33
422420,2,RISE 2차전지액티브,6670,5,-100,-1.48,6659.0,-34.2982,11920,79,2140,2026-08-18 00:01:33
490090,4,TIGER 미국AI빅테크10,16250,5,-215,-1.31,16223.0,-5.4551,1226,19,2137,2026-08-18 00:01:33
0047A0,4,TIGER 차이나테크TOP10,13955,2,465,3.45,13960.0,-11.9165,239,3,2121,2026-08-18 00:01:33
0115D0,2,KODEX 조선TOP10,8240,5,-170,-2.02,8283.0,-22.1657,56053,463,2109,2026-08-18 00:01:33
332930,1,HANARO 200TR,144585,3,0,0.0,148825.0,-11.6877,0,0,2096,2026-08-18 00:01:33
394670,4,TIGER 글로벌리튬&2차전지SOLACTIVE(합성),11720,2,55,0.47,11856.0,-19.7731,208,2,2077,2026-08-18 00:01:33
480040,4,ACE 미국반도체데일리타겟커버드콜(합성),15860,2,215,1.37,15927.0,-10.9364,22407,354,2030,2026-08-18 00:01:33
495550,1,SOL 코리아밸류업TR,34135,2,455,1.35,34249.0,-12.1659,788,26,1997,2026-08-18 00:01:33
0005A0,4,KODEX 미국S&P500데일리커버드콜OTM,9825,5,-95,-0.96,9813.0,-0.7677,6590,64,1965,2026-08-18 00:01:33
122090,1,PLUS 코스피50,84735,2,2370,2.88,85346.0,-11.2218,538,45,1957,2026-08-18 00:01:33
0069M0,4,1Q 미국나스닥100,14065,5,-45,-0.32,14060.0,-3.1903,4871,68,1955,2026-08-18 00:01:33
117700,2,KODEX 건설,6785,5,-45,-0.66,6795.0,-24.4371,36357,248,1947,2026-08-18 00:01:33
0192Z0,6,TIGER 중기종합채권(A-이상)액티브,100950,3,0,0.0,100857.0,,0,0,1928,2026-08-18 00:01:33
233160,3,TIGER 코스닥150 레버리지,8555,5,-120,-1.38,8534.0,-52.7506,56408,488,1921,2026-08-18 00:01:33
302190,6,TIGER 중장기국채,49920,5,-190,-0.38,50098.0,0.0599,8035,401,1917,2026-08-18 00:01:33
429000,4,TIGER 미국S&P500배당귀족,13890,5,-140,-1.0,13851.0,5.4969,3216,44,1917,2026-08-18 00:01:33
0091C0,6,KODEX 미국10년국채액티브(H),9580,5,-40,-0.42,9574.0,-0.5631,174,1,1907,2026-08-18 00:01:33
433980,7,KODEX TDF2040액티브 적격,16300,5,-20,-0.12,16213.0,-0.887,1898,30,1907,2026-08-18 00:01:33
0082V0,7,KODEX TDF2060액티브 적격,11665,3,0,0.0,11595.0,-4.4836,1374,16,1890,2026-08-18 00:01:33
473460,4,KODEX 미국서학개미,24085,3,0,0.0,24147.0,-13.0835,253,6,1855,2026-08-18 00:01:33
0005G0,2,IBK K-AI반도체코어테크,52945,2,1725,3.37,52702.0,-4.281,340,17,1827,2026-08-18 00:01:33
0093A0,2,RISE AI반도체TOP10,32950,2,855,2.66,33153.0,-21.1232,822,27,1812,2026-08-18 00:01:33
463290,6,1Q 단기금융채액티브,109130,3,0,0.0,109141.0,0.757,0,0,1802,2026-08-18 00:01:33
0040X0,7,SOL 팔란티어미국채커버드콜혼합,9720,5,-120,-1.22,9677.0,6.0409,2267,22,1793,2026-08-18 00:01:33
494330,2,ACE 라이프자산주주가치액티브,33970,2,585,1.75,33859.0,7.172,27,0,1783,2026-08-18 00:01:33
0190G0,2,KODEX 반도체타겟위클리커버드콜,8955,2,260,2.99,9013.0,-20.3315,39304,350,1764,2026-08-18 00:01:33
403790,1,MIDAS 코스피액티브,60305,2,1420,2.41,60098.0,-10.3388,3,0,1764,2026-08-18 00:01:33
483290,4,KODEX 미국배당다우존스타겟커버드콜,10600,5,-20,-0.19,10581.0,3.6842,1366,14,1760,2026-08-18 00:01:33
200250,4,KIWOOM 인도Nifty50(합성),22240,5,-5,-0.02,22232.0,-2.0907,7,0,1757,2026-08-18 00:01:33
160580,5,TIGER 구리실물,17170,2,545,3.28,17381.0,-3.985,3765,64,1751,2026-08-18 00:01:33
332500,1,ACE 200TR,76070,2,1980,2.67,76237.0,-11.6715,4332,329,1750,2026-08-18 00:01:33
337160,2,KODEX 200ESG,49690,2,870,1.78,49913.0,-8.512,18036,892,1739,2026-08-18 00:01:33
0051G0,4,SOL 미국원자력SMR,14190,5,-125,-0.87,14096.0,-13.5307,261,3,1738,2026-08-18 00:01:33
494220,2,UNICORN SK하이닉스밸류체인액티브,48755,2,1340,2.83,48817.0,-11.1913,435,21,1731,2026-08-18 00:01:33
0180V0,4,ACE 미국우주테크액티브,9200,2,110,1.21,9222.0,-28.2558,45791,421,1720,2026-08-18 00:01:33
412570,2,TIGER 2차전지TOP10레버리지,1208,5,-52,-4.13,1241.0,-51.5385,195535,237,1720,2026-08-18 00:01:33
490600,4,RISE 미국배당100데일리고정커버드콜,9310,5,-35,-0.37,9287.0,4.2204,4304,40,1713,2026-08-18 00:01:33
461950,2,KODEX 2차전지핵심소재10,4905,5,-100,-2.0,4901.0,-34.9144,28826,141,1707,2026-08-18 00:01:33
0099L0,6,ACE 우량회사채(AA-이상)액티브,99540,5,-55,-0.06,99656.0,0.6925,17425,1735,1706,2026-08-18 00:01:33
472870,6,RISE 미국30년국채엔화노출(합성 H),6975,5,-110,-1.55,7009.0,-8.5155,1558,10,1691,2026-08-18 00:01:33
491820,2,HANARO 전력설비투자,44900,2,895,2.03,44959.0,-34.9904,317,14,1661,2026-08-18 00:01:33
480020,4,ACE 미국빅테크7+데일리타겟커버드콜(합성),10605,5,-125,-1.16,10569.0,-11.8938,2689,28,1654,2026-08-18 00:01:33
237370,7,KODEX 코리아배당성장채권혼합,15835,3,0,0.0,15837.0,-2.5629,9,0,1647,2026-08-18 00:01:33
480030,4,ACE 미국500데일리타겟커버드콜(합성),10280,5,-65,-0.63,10249.0,-2.2444,5056,51,1645,2026-08-18 00:01:33
0048K0,4,KODEX 차이나휴머노이드로봇,9485,2,190,2.04,9496.0,-17.9875,5960,56,1617,2026-08-18 00:01:33
143860,2,TIGER 헬스케어,39960,5,-580,-1.43,39951.0,-11.2717,258,10,1614,2026-08-18 00:01:33
0064K0,5,KODEX 금액티브,13085,2,235,1.83,13117.0,-12.2568,2665,34,1608,2026-08-18 00:01:33
272560,6,RISE 단기국공채액티브,114790,3,0,0.0,114793.0,0.6444,0,0,1602,2026-08-18 00:01:33
152870,1,파워 200,114125,2,2960,2.66,114423.0,-11.7596,6,0,1598,2026-08-18 00:01:33
0151P0,2,RISE 코리아전략산업액티브,15550,2,435,2.88,15631.0,-21.362,1620,25,1578,2026-08-18 00:01:33
354500,1,ACE 코스닥150,14885,5,-95,-0.63,14882.0,-25.1375,17261,258,1578,2026-08-18 00:01:33
491610,6,1Q CD금리액티브(합성),104725,2,10,0.01,104720.0,0.731,40,4,1553,2026-08-18 00:01:33
464240,6,KIWOOM 26-09회사채(AA-이상)액티브,52365,3,0,0.0,52360.0,0.7486,0,0,1545,2026-08-18 00:01:33
0104H0,7,KoAct 미국나스닥채권혼합50액티브,12210,2,80,0.66,12153.0,-7.121,8,0,1545,2026-08-18 00:01:33
0127M0,4,ACE 미국대형가치주액티브,12800,2,65,0.51,12837.0,4.7149,15,0,1530,2026-08-18 00:01:33
0153K0,2,KODEX 주주환원고배당주,12240,3,0,0.0,12225.0,0.346,1253,15,1518,2026-08-18 00:01:33
138520,2,TIGER 삼성그룹,37600,2,200,0.53,37701.0,-1.579,121,4,1512,2026-08-18 00:01:33
219480,4,KODEX 미국S&P500선물(H),33445,5,-200,-0.59,33439.0,3.9388,118,3,1505,2026-08-18 00:01:33
458210,7,KIWOOM CD금리액티브(합성),110450,5,-15,-0.01,110427.0,0.7249,210,23,1483,2026-08-18 00:01:33
245340,4,TIGER 미국다우존스30,36775,5,-350,-0.94,36826.0,3.1243,124,4,1471,2026-08-18 00:01:33
486830,6,HANARO 머니마켓액티브,53220,2,10,0.02,53223.0,0.7956,93,4,1469,2026-08-18 00:01:33
457990,2,PLUS 태양광&ESS,38035,5,-780,-2.01,38020.0,-24.1969,18928,722,1464,2026-08-18 00:01:33
0041E0,4,KODEX 미국S&P500액티브,17015,2,85,0.5,16915.0,-5.3808,260,4,1463,2026-08-18 00:01:33
0005D0,2,SOL 전고체배터리&실리콘음극재,14555,5,-340,-2.28,14480.0,-36.1004,1651,24,1448,2026-08-18 00:01:33
481180,4,SOL 미국AI소프트웨어,16310,5,-645,-3.8,16315.0,29.1809,1086,17,1435,2026-08-18 00:01:33
495330,1,1Q 코리아밸류업,33265,2,435,1.33,33346.0,-11.1451,5,0,1430,2026-08-18 00:01:33
0181B0,4,HANARO 미국AI메모리반도체TOP4+,11360,2,760,7.17,11316.0,3.4651,10528,118,1403,2026-08-18 00:01:33
0168K0,2,TIGER 기술이전바이오액티브,6690,5,-160,-2.34,6685.0,-23.2063,26367,177,1398,2026-08-18 00:01:33
0074K0,2,KoAct K수출핵심기업TOP30액티브,18070,2,130,0.72,18061.0,-14.3471,287,5,1391,2026-08-18 00:01:33
0176E0,4,RISE 미국AI전력인프라액티브,11195,2,345,3.18,11141.0,-16.5706,38,0,1388,2026-08-18 00:01:33
192090,4,TIGER 차이나CSI300,13000,2,45,0.35,13183.0,-9.8783,782,10,1378,2026-08-18 00:01:33
451530,6,TIGER 국고채30년스트립액티브,33500,5,-495,-1.46,34278.0,-19.2518,61,2,1371,2026-08-18 00:01:33
471760,2,TIGER AI반도체핵심공정,15175,2,520,3.55,15130.0,-35.4121,8012,121,1366,2026-08-18 00:01:33
0131W0,6,1Q 단기특수은행채액티브,102005,3,0,0.0,102015.0,0.681,0,0,1344,2026-08-18 00:01:33
476030,4,SOL 미국나스닥100,17805,5,-65,-0.36,17808.0,-2.9782,559,9,1344,2026-08-18 00:01:33
0123G0,4,TIGER 미국AI전력SMR,6960,5,-160,-2.25,6902.0,-16.432,1276,8,1343,2026-08-18 00:01:33
0184L0,6,PLUS 중기종합채권(A-이상)액티브,100590,3,0,0.0,100583.0,0.6906,0,0,1343,2026-08-18 00:01:33
325010,2,KODEX 성장주,44720,2,940,2.15,44877.0,-13.6404,60,2,1342,2026-08-18 00:01:33
139220,2,TIGER 200 건설,7730,2,30,0.39,7735.0,-24.3615,34835,269,1337,2026-08-18 00:01:33
476450,6,KIWOOM 머니마켓액티브,52730,2,20,0.04,52711.0,0.755,10,0,1336,2026-08-18 00:01:33
304660,6,KODEX 미국30년국채울트라선물(H),7170,5,-95,-1.31,7182.0,-1.8907,76,0,1334,2026-08-18 00:01:33
271050,5,KODEX WTI원유선물인버스(H),2025,5,-50,-2.41,2004.0,6.6289,98185,199,1333,2026-08-18 00:01:33
0193G0,1,KoAct 코스피액티브,8750,2,155,1.8,8795.0,,180,1,1326,2026-08-18 00:01:33
463680,4,KODEX 미국S&P500테크놀로지,23435,5,-60,-0.26,23249.0,2.2699,24,0,1324,2026-08-18 00:01:33
448100,1,WON 200,116395,2,3140,2.77,116655.0,-11.8778,10,1,1309,2026-08-18 00:01:33
182480,7,TIGER 미국MSCI리츠(합성 H),13790,5,-210,-1.5,14017.0,3.2886,167,2,1296,2026-08-18 00:01:33
411420,4,KODEX 미국나스닥AI테크액티브,27415,5,-345,-1.24,27591.0,-7.5861,90,2,1289,2026-08-18 00:01:33
0199C0,2,ACE 고배당주Plus커버드콜액티브,9390,2,10,0.11,9419.0,,295,2,1286,2026-08-18 00:01:33
488720,7,WON 종합채권(AA-이상)액티브,48495,3,0,0.0,48504.0,-1.443,0,0,1269,2026-08-18 00:01:33
367770,2,RISE 수소경제테마,24095,5,-105,-0.43,24181.0,-25.6072,1675,40,1265,2026-08-18 00:01:33
0080Y0,2,SOL 조선TOP3플러스레버리지,10030,5,-375,-3.6,10272.0,-47.975,3808,38,1264,2026-08-18 00:01:33
447620,7,SOL 미국TOP5채권혼합50,15940,5,-90,-0.56,15947.0,-2.3157,518,8,1259,2026-08-18 00:01:33
377990,2,TIGER Fn신재생에너지,25150,2,20,0.08,25169.0,-32.0962,2913,73,1258,2026-08-18 00:01:33
251340,3,KODEX 코스닥150선물인버스,2320,2,15,0.65,2332.0,15.6547,1397647,3225,1253,2026-08-18 00:01:33
0092B0,2,SOL 한국원자력SMR,15465,5,-15,-0.1,15390.0,-30.8775,328,5,1253,2026-08-18 00:01:33
114820,6,TIGER 국채3년,104990,5,-120,-0.11,104989.0,0.6029,1,0,1249,2026-08-18 00:01:33
464310,4,TIGER 글로벌AI&로보틱스 INDXX,14955,2,50,0.34,14993.0,-15.3847,144,2,1241,2026-08-18 00:01:33
0177X0,2,ACE K휴머노이드로봇산업TOP2+,11250,2,305,2.79,11014.0,-27.6125,42823,480,1238,2026-08-18 00:01:33
0000Y0,6,HK 26-12 회사채(AA-이상)액티브,101730,3,0,0.0,101754.0,0.6231,0,0,1231,2026-08-18 00:01:33
399110,4,SOL 미국S&P500ESG,21845,5,-35,-0.16,21720.0,0.8382,23,0,1223,2026-08-18 00:01:33
0174B0,7,KoAct 글로벌AI메모리반도체액티브,15700,2,680,4.53,15777.0,-1.0215,31279,490,1217,2026-08-18 00:01:33
464930,4,TIGER 글로벌혁신블루칩TOP10,21860,5,-5,-0.02,21759.0,-2.0386,3,0,1213,2026-08-18 00:01:33
328370,1,PLUS 코스피TR,39090,3,0,0.0,40119.0,-12.5797,0,0,1212,2026-08-18 00:01:33
372330,4,KODEX 차이나항셍테크,7340,2,70,0.96,7387.0,-12.4685,127,0,1211,2026-08-18 00:01:33
0191W0,6,HANARO 중기종합채권(A-이상)액티브,100880,3,0,0.0,100909.0,,0,0,1211,2026-08-18 00:01:33
332940,1,HANARO MSCI Korea TR,50230,2,875,1.77,50554.0,-11.1282,6,0,1206,2026-08-18 00:01:33
266370,2,KODEX IT,70675,2,1740,2.52,70867.0,-8.8343,454,32,1201,2026-08-18 00:01:33
488500,4,TIGER 미국S&P500동일가중,13165,5,-115,-0.87,13145.0,4.674,677,8,1185,2026-08-18 00:01:33
309230,4,ACE 미국WideMoat동일가중,31850,5,-605,-1.86,31844.0,8.2762,87,2,1172,2026-08-18 00:01:33
461500,6,HANARO 종합채권(AA-이상)액티브,104770,3,0,0.0,104869.0,-1.4486,0,0,1171,2026-08-18 00:01:33
0000J0,2,PLUS 한화그룹주,29700,5,-350,-1.16,29591.0,-23.6923,244,7,1158,2026-08-18 00:01:33
326240,2,RISE IT플러스,44990,3,0,0.0,45921.0,-9.7493,0,0,1152,2026-08-18 00:01:33
469170,2,ACE 포스코그룹포커스,5700,5,-105,-1.81,5697.0,-31.1892,1280,7,1149,2026-08-18 00:01:33
319640,4,TIGER 골드선물(H),26100,2,535,2.09,26094.0,-8.6802,219,5,1148,2026-08-18 00:01:33
0036R0,4,RISE 미국휴머노이드로봇,20435,2,105,0.52,20468.0,-7.7564,276,5,1144,2026-08-18 00:01:33
304940,4,KODEX 미국나스닥100선물(H),33055,5,-40,-0.12,33032.0,1.0997,7,0,1140,2026-08-18 00:01:33
0122W0,6,RISE 26-11 회사채(AA-이상)액티브,50925,3,0,0.0,50939.0,0.6224,0,0,1138,2026-08-18 00:01:33
0135Y0,6,IBK 중기종합채권(AA-이상)액티브,100400,3,0,0.0,100420.0,0.5206,0,0,1132,2026-08-18 00:01:33
498180,6,파워 종합채권(AA-이상)액티브,93255,3,0,0.0,93172.0,-1.3697,0,0,1129,2026-08-18 00:01:33
491230,6,PLUS 국공채머니마켓액티브,52445,5,-5,-0.01,52442.0,0.8556,3,0,1128,2026-08-18 00:01:33
168580,4,ACE 중국본토CSI300,36070,2,455,1.28,36421.0,-9.7555,30,1,1125,2026-08-18 00:01:33
394660,4,TIGER 글로벌자율주행&전기차SOLACTIVE,16815,2,35,0.21,17026.0,-16.1,4,0,1103,2026-08-18 00:01:33
0137V0,4,KIWOOM 미국S&P500모멘텀,12120,2,40,0.33,12263.0,-2.215,21298,258,1103,2026-08-18 00:01:33
0209D0,2,KODEX 전고체배터리ESS TOP2플러스,8050,5,-140,-1.71,8051.0,,10563,85,1099,2026-08-18 00:01:33
0052T0,6,1Q 중단기회사채(A-이상)액티브,50675,3,0,0.0,50671.0,0.7355,0,0,1081,2026-08-18 00:01:33
455860,2,SOL 2차전지소부장Fn,4535,5,-100,-2.16,4533.0,-35.1749,27273,123,1079,2026-08-18 00:01:33
0142D0,4,TIGER 미국AI데이터센터TOP4Plus,12000,2,90,0.76,11990.0,-10.7866,1939,23,1074,2026-08-18 00:01:33
0221V0,6,IBK 초단기채권액티브,100285,3,0,0.0,100303.0,,0,0,1072,2026-08-18 00:01:33
465610,4,ACE 미국빅테크TOP7 Plus레버리지(합성),44650,5,-1280,-2.79,44845.0,-7.567,1276,56,1072,2026-08-18 00:01:33
438570,6,SOL 국고채10년,98350,3,0,0.0,98257.0,-0.5361,0,0,1071,2026-08-18 00:01:33
0132K0,7,PLUS 테슬라위클리커버드콜채권혼합,7950,5,-20,-0.25,7999.0,-6.4713,1116,8,1069,2026-08-18 00:01:33
496090,1,KIWOOM 코리아밸류업,32740,3,0,0.0,33512.0,-11.7326,0,0,1064,2026-08-18 00:01:33
0193M0,6,BNK 27-12 특수채(AAA이상)액티브,50315,3,0,0.0,50361.0,,0,0,1064,2026-08-18 00:01:33
261270,7,KODEX 미국달러선물인버스,7905,2,35,0.44,7906.0,5.0734,107,0,1062,2026-08-18 00:01:33
0091M0,6,HANARO 27-06 회사채(AA-이상)액티브,10150,3,0,0.0,10152.0,0.5448,0,0,1059,2026-08-18 00:01:33
0138Y0,7,PLUS 금채권혼합,9970,2,80,0.81,9985.0,-5.7198,3324,33,1047,2026-08-18 00:01:33
0035T0,7,PLUS 글로벌휴머노이드로봇액티브,21505,2,305,1.44,21572.0,-16.1061,168,3,1043,2026-08-18 00:01:33
476850,1,KoAct 배당성장액티브,22075,2,305,1.4,22140.0,-9.3698,383,8,1038,2026-08-18 00:01:33
475280,6,ACE 8월만기자동연장회사채AA-이상액티브,10720,3,0,0.0,10724.0,0.7518,0,0,1032,2026-08-18 00:01:33
0007N0,1,아이엠에셋 200,113985,2,3280,2.96,113896.0,-11.5047,1,0,1026,2026-08-18 00:01:33
465780,6,마이티 26-09 특수채(AAA)액티브,106285,3,0,0.0,106301.0,0.6725,0,0,1024,2026-08-18 00:01:33
0085P0,6,ACE 미국10년국채액티브,10055,5,-55,-0.54,10044.0,-5.1644,1764,17,1016,2026-08-18 00:01:33
204480,4,TIGER 차이나CSI300레버리지(합성),27040,2,345,1.29,27700.0,-21.3118,8,0,1006,2026-08-18 00:01:33
481430,6,RISE 국고채10년액티브,98345,3,0,0.0,98221.0,-0.521,0,0,1004,2026-08-18 00:01:33
203780,4,TIGER 미국나스닥바이오,35350,2,355,1.01,35374.0,6.8549,170,6,1004,2026-08-18 00:01:33
114100,6,RISE 국고채3년,106495,5,-175,-0.16,106508.0,0.6499,70,7,1003,2026-08-18 00:01:33
449770,4,KIWOOM 미국S&P500,21850,5,-20,-0.09,21750.0,-0.8544,33,0,983,2026-08-18 00:01:33
475050,2,ACE KPOP포커스,6730,5,-135,-1.97,6714.0,-24.7259,1793,12,972,2026-08-18 00:01:33
479620,4,SOL 미국AI반도체칩메이커,26720,5,-5,-0.02,26584.0,-3.7111,75,2,962,2026-08-18 00:01:33
485690,4,RISE 미국AI밸류체인TOP3Plus,22900,2,10,0.04,22797.0,-4.0021,98,2,962,2026-08-18 00:01:33
486240,2,DAISHIN343 AI반도체&인프라액티브,30055,2,610,2.07,30390.0,-13.7775,2,0,962,2026-08-18 00:01:33
195980,4,PLUS 신흥국MSCI(합성 H),15290,2,105,0.69,15425.0,-0.1316,11,0,960,2026-08-18 00:01:33
308620,6,KODEX 미국10년국채선물,11850,5,-40,-0.34,11834.0,-5.259,5301,62,960,2026-08-18 00:01:33
211900,2,KODEX 코리아배당성장,28990,2,230,0.8,28886.0,-11.0019,30,0,957,2026-08-18 00:01:33
0162L0,4,KODEX 차이나AI반도체TOP10,14855,2,695,4.91,15009.0,-5.8738,9778,144,951,2026-08-18 00:01:33
454320,2,HANARO CAPEX설비투자iSelect,44085,2,385,0.88,44152.0,-26.0638,7,0,948,2026-08-18 00:01:33
433970,7,KODEX TDF2030액티브 적격,14300,3,0,0.0,14200.0,-0.5078,179,2,944,2026-08-18 00:01:33
473440,6,ACE 11월만기자동연장회사채AA-이상액티브,10825,3,0,0.0,10839.0,0.604,0,0,942,2026-08-18 00:01:33
468380,6,KODEX iShares미국하이일드액티브,11240,5,-50,-0.44,11248.0,-3.5952,325,3,935,2026-08-18 00:01:33
325020,2,KODEX 배당가치,30075,2,35,0.12,30182.0,-5.5609,210,6,932,2026-08-18 00:01:33
298770,4,KODEX 한국대만IT프리미어,84060,2,915,1.1,84678.0,-0.3317,4,0,925,2026-08-18 00:01:33
359210,1,KODEX 코스피TR,36825,2,680,1.88,37044.0,-12.3546,341,12,921,2026-08-18 00:01:33
143850,4,TIGER 미국S&P500선물(H),78165,5,-515,-0.65,78112.0,3.6217,4,0,918,2026-08-18 00:01:33
495040,1,PLUS 코리아밸류업,33310,2,780,2.4,33232.0,-11.8045,1,0,916,2026-08-18 00:01:33
453080,4,KIWOOM 미국나스닥100(H),23345,3,0,0.0,23317.0,0.9828,61,1,910,2026-08-18 00:01:33
269540,4,PLUS 미국S&P500(H),30340,5,-225,-0.74,30331.0,3.2078,4,0,910,2026-08-18 00:01:33
444490,4,WON 미국S&P500,20855,5,-180,-0.86,20845.0,-0.5203,11,0,907,2026-08-18 00:01:33
329670,7,KODEX TRF7030,22620,3,0,0.0,22563.0,-0.2008,71,1,905,2026-08-18 00:01:33
108450,2,ACE 삼성그룹섹터가중,41100,2,95,0.23,41289.0,-3.3015,20,0,904,2026-08-18 00:01:33
460960,7,ACE 글로벌인컴TOP10,11440,5,-80,-0.69,11412.0,-1.8037,627,7,875,2026-08-18 00:01:33
0066W0,5,SOL 국제금,13235,2,235,1.81,13259.0,-12.0434,2286,30,874,2026-08-18 00:01:33
138530,2,TIGER LG그룹플러스,13000,2,100,0.78,13074.0,-6.9936,10047,130,866,2026-08-18 00:01:33
490480,2,SOL K방산,31390,5,-500,-1.57,31289.0,-17.5863,145,4,863,2026-08-18 00:01:33
329660,7,KODEX TRF5050,18185,5,-5,-0.03,18174.0,-0.3023,92,1,855,2026-08-18 00:01:33
0008T0,2,SOL 화장품TOP3플러스,17220,5,-515,-2.9,17222.0,9.8142,28449,493,844,2026-08-18 00:01:33
157490,2,TIGER 소프트웨어,8950,5,-65,-0.72,8965.0,-6.5804,741,6,840,2026-08-18 00:01:33
461460,6,PLUS 국고채10년액티브,51410,3,0,0.0,51381.0,-0.5706,0,0,834,2026-08-18 00:01:33
469060,4,RISE 미국반도체NYSE,37830,2,555,1.49,37986.0,-1.816,317,11,832,2026-08-18 00:01:33
337140,2,KODEX 코스피대형주,37625,2,845,2.3,37881.0,-12.3578,92,3,828,2026-08-18 00:01:33
453330,4,RISE 미국S&P500(H),18335,5,-130,-0.7,18326.0,4.5892,15,0,825,2026-08-18 00:01:33
364960,2,TIGER BBIG,6750,5,-115,-1.68,6776.0,-13.2112,1492,10,820,2026-08-18 00:01:33
0017Y0,6,1Q 종합채권(AA-이상)액티브,93790,3,0,0.0,93617.0,-1.4242,0,0,819,2026-08-18 00:01:33
495750,1,HANARO 코리아밸류업,33345,2,540,1.65,33440.0,-12.7135,1,0,817,2026-08-18 00:01:33
0057H0,7,PLUS 미국S&P500미국채혼합50액티브,11995,5,-50,-0.42,11994.0,-2.3515,16,0,816,2026-08-18 00:01:33
412770,4,TIGER 글로벌AI플랫폼액티브,13365,3,0,0.0,13346.0,-8.5529,0,0,814,2026-08-18 00:01:33
0018C0,2,PLUS 고배당주위클리고정커버드콜,10770,5,-10,-0.09,10726.0,-11.5061,2143,23,813,2026-08-18 00:01:33
0049M0,4,ACE 미국배당퀄리티+커버드콜액티브,11665,5,-5,-0.04,11667.0,-0.4018,288,3,805,2026-08-18 00:01:33
434960,1,DAISHIN343 K200,113950,2,3010,2.71,114210.0,-11.8386,2,0,798,2026-08-18 00:01:33
292190,1,KODEX KRX300,49805,2,1240,2.55,50002.0,-12.2004,46,2,797,2026-08-18 00:01:33
365040,1,TIGER AI코리아그로스액티브,37825,2,1080,2.94,37768.0,-10.049,2,0,794,2026-08-18 00:01:33
0098N0,2,PLUS 자사주매입고배당주,12970,3,0,0.0,12989.0,-1.4557,29,0,791,2026-08-18 00:01:33
492500,7,1Q 현대차그룹채권(A+이상)&국고통안,51290,3,0,0.0,51323.0,0.4406,0,0,781,2026-08-18 00:01:33
458030,6,WON 국공채머니마켓액티브,54975,3,0,0.0,54981.0,0.6868,0,0,780,2026-08-18 00:01:33
210780,2,TIGER 코스피고배당,23600,2,35,0.15,23705.0,-8.8346,35,0,779,2026-08-18 00:01:33
0080X0,7,SOL 미국S&P500미국채혼합50,11275,5,-95,-0.84,11295.0,-2.9865,22,0,778,2026-08-18 00:01:33
0225V0,4,KODEX 미국CPU반도체TOP10,11100,2,70,0.63,11106.0,,309,3,777,2026-08-18 00:01:33
438560,6,SOL 국고채3년,100310,5,-125,-0.12,100441.0,0.7119,1,0,756,2026-08-18 00:01:33
441540,2,HANARO Fn조선해운,27905,5,-310,-1.1,28031.0,-18.1581,520,14,753,2026-08-18 00:01:33
228810,2,TIGER 미디어컨텐츠,3175,5,-50,-1.55,3151.0,-27.6906,7642,24,752,2026-08-18 00:01:33
0113D0,4,TIME 글로벌탑픽액티브,12430,3,0,0.0,12421.0,-1.2709,137,1,752,2026-08-18 00:01:33
211560,2,TIGER 배당성장,36150,5,-60,-0.17,36129.0,-10.4055,45,1,748,2026-08-18 00:01:33
475310,2,SOL 반도체후공정,27070,2,755,2.87,27114.0,-28.7629,3897,105,744,2026-08-18 00:01:33
0190Y0,4,TIGER 구글밸류체인,9320,5,-5,-0.05,9277.0,-9.5834,855,7,736,2026-08-18 00:01:33
272910,6,ACE 중장기국공채액티브,106150,3,0,0.0,106107.0,0.4352,0,0,730,2026-08-18 00:01:33
266420,2,KODEX 헬스케어,18155,5,-225,-1.22,18117.0,-11.0143,505,9,726,2026-08-18 00:01:33
130730,6,KIWOOM 단기자금,102940,3,0,0.0,102938.0,0.6698,0,0,721,2026-08-18 00:01:33
0115E0,2,KODEX 코리아소버린AI,15365,2,30,0.2,15443.0,-5.7818,888,13,714,2026-08-18 00:01:33
0102A0,4,TIGER 미국AI소프트웨어TOP4Plus,8505,5,-335,-3.79,8496.0,13.406,1396,11,714,2026-08-18 00:01:33
0022T0,4,SOL 국제금커버드콜액티브,13660,2,285,2.13,13654.0,-12.0065,855,11,710,2026-08-18 00:01:33
0098Z0,1,FOCUS 200,93760,3,0,0.0,96860.0,-11.9652,0,0,703,2026-08-18 00:01:33
277640,2,TIGER 코스피대형주,39000,2,950,2.5,39122.0,-11.8404,162,6,702,2026-08-18 00:01:33
475350,4,RISE 버크셔포트폴리오TOP10,14855,5,-105,-0.7,14779.0,2.1872,480,7,698,2026-08-18 00:01:33
453950,4,TIGER TSMC파운드리밸류체인,35800,2,130,0.36,35803.0,1.9288,22,0,698,2026-08-18 00:01:33
100910,1,KIWOOM KRX100,17765,2,400,2.3,17918.0,-11.2865,873,15,693,2026-08-18 00:01:33
458750,4,TIGER 미국배당다우존스타겟커버드콜1호,13350,5,-30,-0.22,13315.0,3.6235,1527,20,688,2026-08-18 00:01:33
0181L0,4,SOL 미국우주항공TOP10,8370,2,105,1.27,8410.0,-28.1929,398,3,686,2026-08-18 00:01:33
433880,7,PLUS TDF2060액티브 적격,19355,2,120,0.62,19103.0,-2.1753,22,0,683,2026-08-18 00:01:33
440640,6,ACE 단기채권알파액티브,112540,3,0,0.0,112577.0,0.7835,0,0,680,2026-08-18 00:01:33
228800,2,TIGER 여행레저,2620,2,25,0.96,2601.0,-23.1112,44452,116,678,2026-08-18 00:01:33
491220,1,PLUS 200TR,134180,2,3590,2.75,134692.0,-11.6083,2,0,671,2026-08-18 00:01:33
252400,3,RISE 200선물레버리지,111180,2,5350,5.06,111553.0,-35.3947,78,8,667,2026-08-18 00:01:33
306950,3,KODEX KRX300레버리지,83260,2,2875,3.58,84468.0,-36.4998,57,4,666,2026-08-18 00:01:33
0040S0,4,HANARO 글로벌피지컬AI액티브,25400,3,0,0.0,25289.0,-9.5764,253,6,660,2026-08-18 00:01:33
491700,1,HK 200,109940,3,0,0.0,114404.0,-12.0727,0,0,660,2026-08-18 00:01:33
473640,4,HANARO 글로벌금채굴기업,33730,2,1035,3.17,33986.0,-12.5803,1398,47,658,2026-08-18 00:01:33
0036D0,4,TIME 미국배당다우존스액티브,13040,3,0,0.0,13121.0,1.2595,0,0,652,2026-08-18 00:01:33
0194M0,2,ACE 삼성전자단일종목레버리지,13150,2,770,6.22,13268.0,,647,8,651,2026-08-18 00:01:33
0000D0,7,TIGER 엔비디아미국채커버드콜밸런스(합성),9430,5,-15,-0.16,9336.0,-6.4477,37,0,646,2026-08-18 00:01:33
465330,2,RISE 2차전지TOP10,11150,5,-245,-2.15,11116.0,-26.0785,17444,194,641,2026-08-18 00:01:33
0123S0,2,HANARO 26-12 은행채(AA+이상)액티브,10180,3,0,0.0,10180.0,0.6426,0,0,636,2026-08-18 00:01:33
0197W0,2,SOL SK하이닉스단일종목레버리지,9135,2,935,11.4,9151.0,,2550,23,635,2026-08-18 00:01:33
278620,6,PLUS 단기채권액티브,115380,5,-3565,-3.0,118966.0,0.6856,11,1,632,2026-08-18 00:01:33
278240,3,RISE 코스닥150선물레버리지,8660,5,-140,-1.59,8690.0,-53.1167,2978,26,631,2026-08-18 00:01:33
0210E0,2,PLUS 200커버드콜액티브,7775,2,160,2.1,7814.0,,649,5,630,2026-08-18 00:01:33
495940,4,RISE 미국AI테크액티브,20270,2,10,0.05,20271.0,-10.1576,47,0,628,2026-08-18 00:01:33
0197X0,2,SOL SK하이닉스선물단일종목인버스2X,7155,5,-920,-11.39,7143.0,,582236,4219,626,2026-08-18 00:01:33
455660,6,ACE 미국하이일드액티브(H),9485,3,0,0.0,9470.0,0.8465,536,5,626,2026-08-18 00:01:33
261070,2,TIGER 코스닥150바이오테크,13490,5,-265,-1.93,13517.0,-21.1296,3653,49,626,2026-08-18 00:01:33
419890,6,KIWOOM 단기채권ESG액티브,107505,3,0,0.0,107504.0,0.6365,0,0,624,2026-08-18 00:01:33
440910,4,WON 미국우주항공방산,28300,2,145,0.52,28405.0,3.511,40,1,623,2026-08-18 00:01:33
479730,4,TIGER 인도빌리언컨슈머,10485,3,0,0.0,10446.0,4.785,8,0,619,2026-08-18 00:01:33
0111J0,2,HANARO 증권고배당TOP3플러스,13565,2,5,0.04,13389.0,-29.209,218,2,617,2026-08-18 00:01:33
453640,4,KODEX 미국S&P500헬스케어,14275,5,-125,-0.87,14273.0,9.3386,300,4,614,2026-08-18 00:01:33
304780,3,HANARO 200선물레버리지,135765,2,7145,5.56,135401.0,-35.1126,1323,179,611,2026-08-18 00:01:33
0166S0,2,PLUS K제조업핵심기업액티브,11410,2,230,2.06,11427.0,-21.101,25,0,610,2026-08-18 00:01:33
275980,4,TIGER 글로벌4차산업혁신기술(합성 H),23820,3,0,0.0,24105.0,0.804,0,0,605,2026-08-18 00:01:33
476750,6,ACE 미국30년국채엔화노출액티브(H),7490,5,-105,-1.38,7487.0,-8.8151,498,3,599,2026-08-18 00:01:33
401470,2,KODEX 메타버스액티브,10070,5,-15,-0.15,10060.0,-1.2727,138,1,599,2026-08-18 00:01:33
261240,7,KODEX 미국달러선물,14605,5,-5,-0.03,14607.0,-4.2282,1112,16,594,2026-08-18 00:01:33
0194T0,2,ACE SK하이닉스단일종목레버리지,8340,3,0,0.0,9147.0,,0,0,590,2026-08-18 00:01:33
0172V0,5,1Q 은액티브,8790,2,190,2.21,8814.0,-29.9104,549,4,589,2026-08-18 00:01:33
298340,6,PLUS 국채선물3년,56515,3,0,0.0,56413.0,0.8476,0,0,588,2026-08-18 00:01:33
150460,2,TIGER 중국소비테마,7675,5,-50,-0.65,7653.0,-5.5624,10,0,585,2026-08-18 00:01:33
428510,4,KODEX 차이나AI테크액티브,26285,2,400,1.55,26663.0,-8.8525,13,0,578,2026-08-18 00:01:33
0141S0,2,SOL 조선기자재,8780,5,-125,-1.4,8802.0,-29.6048,8448,74,575,2026-08-18 00:01:33
0000Z0,2,RISE 바이오TOP10액티브,9630,5,-200,-2.03,9587.0,-30.2095,5888,56,573,2026-08-18 00:01:33
0185L0,4,TIME 글로벌휴머노이드로봇산업액티브,8280,2,95,1.16,8327.0,,228,1,571,2026-08-18 00:01:33
0118Z0,4,ACE 미국AI테크핵심산업액티브,9420,5,-65,-0.69,9264.0,-9.3213,183,1,570,2026-08-18 00:01:33
455960,6,RISE 미국달러SOFR금리액티브(합성),12405,3,0,0.0,12396.0,-3.9861,1,0,568,2026-08-18 00:01:33
385590,2,ACE ESG액티브,24695,2,500,2.07,24796.0,-6.0571,6,0,568,2026-08-18 00:01:33
0198A0,2,KIWOOM 코스닥150커버드콜액티브,9345,5,-40,-0.43,9320.0,,2024,19,565,2026-08-18 00:01:33
225040,4,TIGER 미국S&P500레버리지(합성 H),68880,5,-1090,-1.56,68905.0,7.6958,157,10,565,2026-08-18 00:01:33
0226A0,7,PLUS SK하이닉스샌디스크채권혼합50,11265,2,535,4.99,11342.0,,11822,133,563,2026-08-18 00:01:33
253150,3,PLUS 200선물레버리지,222850,2,11755,5.57,222813.0,-35.2212,5033,1119,557,2026-08-18 00:01:33
480310,4,TIGER 글로벌온디바이스AI,20205,5,-5,-0.02,20106.0,-4.8996,62,1,556,2026-08-18 00:01:33
0046Y0,4,ACE 미국배당퀄리티,13020,5,-40,-0.31,12949.0,-0.3831,1405,18,553,2026-08-18 00:01:33
445150,2,KODEX 친환경조선해운액티브,29910,5,-5,-0.02,29762.0,-21.8162,51,1,553,2026-08-18 00:01:33
0118S0,4,SOL 미국넥스트테크TOP10액티브,11945,2,105,0.89,11978.0,-13.482,16122,192,549,2026-08-18 00:01:33
152500,3,ACE 레버리지,48970,2,2490,5.36,49316.0,-35.7079,659,32,539,2026-08-18 00:01:33
261220,5,KODEX WTI원유선물(H),23640,2,760,3.32,23688.0,-13.0039,1613,38,538,2026-08-18 00:01:33
101280,4,KODEX 일본TOPIX100,31635,5,-5,-0.02,31542.0,2.7318,216,6,538,2026-08-18 00:01:33
275300,2,KODEX 우량주,31315,2,615,2.0,31485.0,-8.4205,6,0,532,2026-08-18 00:01:33
442560,7,RISE TDF2040액티브 적격,16840,5,-30,-0.18,16723.0,-1.7015,485,8,530,2026-08-18 00:01:33
0113P0,6,HK 머니마켓액티브,102295,3,0,0.0,102303.0,0.7435,0,0,530,2026-08-18 00:01:33
114470,6,KIWOOM 국고채3년,108060,3,0,0.0,107891.0,0.6645,0,0,529,2026-08-18 00:01:33
256750,4,KODEX 차이나심천ChiNext(합성),17135,2,355,2.12,17273.0,-13.8825,183,3,524,2026-08-18 00:01:33
0089C0,4,KODEX 미국S&P500변동성확대시커버드콜,11830,3,0,0.0,11821.0,-1.0041,0,0,521,2026-08-18 00:01:33
0132H0,4,KODEX 미국원자력SMR,9015,5,-210,-2.28,8950.0,-18.9011,96,0,518,2026-08-18 00:01:33
282000,3,RISE 국고채3년선물인버스,114515,3,0,0.0,114696.0,0.2451,0,0,515,2026-08-18 00:01:33
0020H0,4,KoAct 글로벌양자컴퓨팅액티브,23940,3,0,0.0,24230.0,-7.6033,616,14,515,2026-08-18 00:01:33
0139P0,2,ACE 고배당주,13870,5,-10,-0.07,13865.0,-5.6018,115,1,513,2026-08-18 00:01:33
0041D0,4,KODEX 미국AI소프트웨어TOP10,13285,5,-570,-4.11,13307.0,13.0598,172,2,511,2026-08-18 00:01:33
200030,4,KODEX 미국S&P500산업재(합성),45305,3,0,0.0,45470.0,1.4215,6,0,511,2026-08-18 00:01:33
140700,2,KODEX 보험,20355,2,15,0.07,20409.0,14.0793,377,7,509,2026-08-18 00:01:33
336160,6,RISE 금융채액티브,100390,3,0,0.0,100412.0,0.5244,0,0,508,2026-08-18 00:01:33
475260,6,ACE 2월만기자동연장회사채AA-이상액티브,10740,3,0,0.0,10736.0,0.6088,0,0,506,2026-08-18 00:01:33
218420,4,KODEX 미국S&P500에너지(합성),20585,2,380,1.88,20608.0,1.891,1139,23,505,2026-08-18 00:01:33
418670,4,TIGER 글로벌AI사이버보안,18200,5,-880,-4.61,17932.0,38.0607,1002,18,502,2026-08-18 00:01:33
476260,2,HANARO 반도체핵심공정주도주,13330,2,345,2.66,13286.0,-12.6766,6753,89,500,2026-08-18 00:01:33
287180,4,PLUS 미국나스닥테크,58660,3,0,0.0,58420.0,5.513,0,0,499,2026-08-18 00:01:33
140950,1,파워 코스피100,88820,2,2375,2.75,89075.0,-11.4959,2,0,497,2026-08-18 00:01:33
360140,2,KODEX 200롱코스닥150숏선물,22560,2,710,3.25,22618.0,13.3886,6385,142,496,2026-08-18 00:01:33
276990,4,KODEX 글로벌로봇(합성),27675,2,240,0.87,27574.0,-8.3821,21,0,490,2026-08-18 00:01:33
316670,1,KIWOOM 코스닥150,7390,5,-15,-0.2,7356.0,-25.428,423,3,488,2026-08-18 00:01:33
371470,4,TIGER 차이나바이오테크SOLACTIVE,8840,2,60,0.68,8933.0,4.2755,284,2,484,2026-08-18 00:01:33
447430,2,ACE 주주환원가치주액티브,16390,2,55,0.34,16484.0,-7.9792,9,0,484,2026-08-18 00:01:33
461340,4,HANARO 글로벌생성형AI액티브,43730,5,-440,-1.0,44607.0,-6.3799,7,0,481,2026-08-18 00:01:33
494840,4,TIGER 미국방산TOP10,14095,5,-25,-0.18,14003.0,4.3102,1092,15,479,2026-08-18 00:01:33
442260,1,마이티 다이나믹퀀트액티브,38535,3,0,0.0,39520.0,-11.789,0,0,478,2026-08-18 00:01:33
0086B0,2,TIGER 리츠부동산인프라TOP10액티브,9680,2,20,0.21,9667.0,-5.8504,412,3,474,2026-08-18 00:01:33
0178H0,7,IBK 미국AI TOP10국채혼합50,10070,3,0,0.0,10005.0,-1.988,0,0,473,2026-08-18 00:01:33
123310,3,TIGER 인버스,1093,5,-32,-2.84,1092.0,-6.0935,140789,153,473,2026-08-18 00:01:33
473490,4,KIWOOM 글로벌AI반도체,31500,2,425,1.37,31664.0,-4.6896,97,3,473,2026-08-18 00:01:33
0220B0,1,DS 코스닥액티브,10470,2,110,1.06,10513.0,,236,2,471,2026-08-18 00:01:33
196030,4,ACE 일본TOPIX레버리지(H),93600,5,-630,-0.67,93731.0,14.8866,2,0,468,2026-08-18 00:01:33
401170,2,RISE 메타버스,11745,5,-5,-0.04,11677.0,9.3023,1,0,465,2026-08-18 00:01:33
442090,2,에셋플러스 코리아대장장이액티브,30955,2,615,2.03,30862.0,-13.041,2,0,464,2026-08-18 00:01:33
473590,4,ACE 미국주식베스트셀러,19850,2,285,1.46,19886.0,-23.1993,42,0,457,2026-08-18 00:01:33
238720,4,ACE 일본Nikkei225(H),50355,2,245,0.49,50058.0,10.3866,169,8,453,2026-08-18 00:01:33
375770,2,KODEX 탄소효율그린뉴딜,25035,3,0,0.0,25709.0,-11.3409,0,0,451,2026-08-18 00:01:33
487130,2,KoAct AI인프라액티브,29025,2,565,1.99,29008.0,-22.2617,51,1,450,2026-08-18 00:01:33
453650,4,KODEX 미국S&P500금융,19930,5,-215,-1.07,19929.0,8.4816,37,0,448,2026-08-18 00:01:33
472830,6,RISE 미국30년국채커버드콜(합성),8065,5,-105,-1.29,8058.0,-7.0285,1353,10,448,2026-08-18 00:01:33
475270,6,ACE 5월만기자동연장회사채AA-이상액티브,10710,3,0,0.0,10720.0,0.6106,0,0,447,2026-08-18 00:01:33
305050,1,ACE 코스피,73815,2,1425,1.97,74148.0,-12.1907,13,0,443,2026-08-18 00:01:33
0007G0,4,PLUS 글로벌원자력밸류체인,14520,2,295,2.07,14359.0,-14.9732,14,0,436,2026-08-18 00:01:33
0186S0,7,1Q 코스닥150채권혼합50액티브,8515,5,-55,-0.64,8590.0,-12.7614,400,3,430,2026-08-18 00:01:33
0207G0,2,SOL 우주항공밸류체인,7350,5,-145,-1.93,7367.0,,2773,20,430,2026-08-18 00:01:33
440650,6,ACE 미국달러단기채권액티브,11875,5,-15,-0.13,11869.0,-4.0356,244,2,428,2026-08-18 00:01:33
0100K0,2,KODEX 방산TOP10레버리지,7620,5,-155,-1.99,7602.0,-42.8309,6519,49,427,2026-08-18 00:01:33
139280,2,TIGER 경기방어,12970,5,-75,-0.57,13033.0,-3.5039,326,4,425,2026-08-18 00:01:33
429760,4,PLUS 미국S&P500,20235,5,-160,-0.78,20231.0,-0.4571,63,1,425,2026-08-18 00:01:33
261120,7,TIGER 미국달러선물인버스2X,5045,3,0,0.0,5053.0,10.5147,4,0,424,2026-08-18 00:01:33
472840,1,IBK 200,112590,2,3265,2.99,112727.0,-12.0552,12,1,422,2026-08-18 00:01:33
448570,1,FOCUS AI코리아액티브,31245,3,0,0.0,32042.0,-7.4223,0,0,422,2026-08-18 00:01:33
0191M0,6,마이티 5월만기자동연장특수채(AAA)액티브,100635,3,0,0.0,100647.0,,0,0,417,2026-08-18 00:01:33
0141T0,6,SOL 중기종합채권(AA-이상)액티브,50310,3,0,0.0,50300.0,0.63,0,0,415,2026-08-18 00:01:33
0189B0,5,TIGER 은액티브,8330,2,50,0.6,8447.0,-29.2913,1115,9,412,2026-08-18 00:01:33
139320,5,TIGER 금은선물(H),18500,2,385,2.13,18483.0,-11.288,168,3,407,2026-08-18 00:01:33
183700,7,RISE 200채권혼합50,96125,3,0,0.0,97868.0,-6.134,0,0,404,2026-08-18 00:01:33
400970,2,TIGER Fn메타버스,7860,3,0,0.0,7840.0,-14.3791,177,1,401,2026-08-18 00:01:33
491830,4,TIGER 미국AI반도체팹리스,22905,3,0,0.0,22887.0,-0.123,13,0,401,2026-08-18 00:01:33
464470,6,PLUS 미국채30년액티브,48600,5,-615,-1.25,48605.0,-6.797,4,0,400,2026-08-18 00:01:33
147970,2,TIGER 모멘텀,83250,2,250,0.3,83565.0,-15.7104,130,10,400,2026-08-18 00:01:33
322410,2,HANARO K고배당,23490,2,140,0.6,23454.0,-3.9208,3,0,399,2026-08-18 00:01:33
0192L0,2,RISE SK하이닉스단일종목레버리지,8485,3,0,0.0,9485.0,,0,0,399,2026-08-18 00:01:33
275280,2,KODEX 모멘텀주,44285,2,965,2.23,44529.0,-11.2028,22,0,399,2026-08-18 00:01:33
365000,2,TIGER 인터넷TOP10,3880,5,-55,-1.4,3917.0,-19.1992,428,1,394,2026-08-18 00:01:33
0192M0,2,RISE 삼성전자단일종목레버리지,13285,2,850,6.84,13360.0,,1621,21,389,2026-08-18 00:01:33
475070,4,KoAct 글로벌친환경전력인프라액티브,32360,2,15,0.05,32924.0,-22.9515,9,0,388,2026-08-18 00:01:33
0209Z0,2,ACE 코리아AI전력TOP10,7305,2,65,0.9,7313.0,,170,1,387,2026-08-18 00:01:33
352540,7,KODEX 일본부동산리츠(H),11370,2,20,0.18,11414.0,-0.1344,9,0,387,2026-08-18 00:01:33
195930,4,TIGER 유로스탁스50(합성 H),24060,5,-135,-0.56,24042.0,12.2217,186,4,385,2026-08-18 00:01:33
456680,4,TIGER 차이나전기차레버리지(합성),7330,2,160,2.23,7431.0,-41.7074,3,0,383,2026-08-18 00:01:33
0112X0,1,마이티 200TR,42400,2,775,1.86,42608.0,-10.934,6,0,382,2026-08-18 00:01:33
498860,2,RISE 코리아금융고배당,17240,3,0,0.0,17224.0,-14.318,65,1,379,2026-08-18 00:01:33
449690,4,TIGER 한중반도체(합성),50245,3,0,0.0,52410.0,-8.4874,0,0,377,2026-08-18 00:01:33
465660,4,TIGER 일본반도체FACTSET,27840,2,1000,3.73,27337.0,0.6231,107,2,376,2026-08-18 00:01:33
381560,2,HANARO Fn전기&수소차,18735,2,55,0.29,18840.0,-8.5777,30,0,375,2026-08-18 00:01:33
292560,7,TIGER 일본엔선물,8280,2,25,0.3,8230.0,-5.4952,1529,12,373,2026-08-18 00:01:33
276970,4,KODEX 미국S&P500배당귀족커버드콜(합성 H),7905,3,0,0.0,7907.0,11.4348,211,1,372,2026-08-18 00:01:33
450910,1,SOL 코스닥150,14470,5,-50,-0.34,14448.0,-25.5576,4518,65,370,2026-08-18 00:01:33
385520,2,KODEX 자율주행액티브,17200,2,50,0.29,17302.0,-13.2305,86,1,370,2026-08-18 00:01:33
104530,2,KIWOOM 코리아고배당,17975,3,0,0.0,17942.0,-11.7265,171,3,368,2026-08-18 00:01:33
469050,4,RISE 미국반도체NYSE(H),33345,2,350,1.06,33627.0,2.834,6,0,367,2026-08-18 00:01:33
0154F0,2,WON 초대형IB&금융지주,12360,3,0,0.0,12295.0,-13.0496,1,0,365,2026-08-18 00:01:33
153270,1,KIWOOM 코스피100,86760,2,1915,2.26,87502.0,-11.7838,17,1,364,2026-08-18 00:01:33
380340,2,ACE 코리아AI테크핵심산업,30300,2,455,1.52,30645.0,5.125,84,2,364,2026-08-18 00:01:33
292770,6,KODEX 국채선물3년인버스,57600,3,0,0.0,57716.0,0.2872,0,0,363,2026-08-18 00:01:33
0155N0,2,HANARO K휴머노이드테마TOP10,8880,2,205,2.36,8812.0,-23.3319,9816,86,360,2026-08-18 00:01:33
322400,2,HANARO e커머스,10735,3,0,0.0,10717.0,-10.3175,1,0,360,2026-08-18 00:01:33
452250,6,ACE 미국30년국채선물레버리지(합성 H),4640,5,-110,-2.32,4642.0,-5.5667,2276,10,360,2026-08-18 00:01:33
352560,7,KODEX 미국부동산리츠(H),12595,5,-5,-0.04,12475.0,2.794,21,0,359,2026-08-18 00:01:33
0023B0,4,PLUS 미국양자컴퓨팅TOP10,17460,2,110,0.63,17543.0,-10.2896,48,0,358,2026-08-18 00:01:33
105780,2,RISE 5대그룹주,17875,2,165,0.93,17962.0,-9.9645,24,0,358,2026-08-18 00:01:33
276650,4,RISE 글로벌테크놀로지(합성 H),47215,3,0,0.0,46923.0,2.8089,0,0,354,2026-08-18 00:01:33
415920,5,PLUS 글로벌희토류&전략자원생산기업,7650,2,225,3.03,7668.0,-29.0493,291,2,352,2026-08-18 00:01:33
241390,7,RISE V&S셀렉트밸류채권혼합,15945,3,0,0.0,16005.0,-4.4881,0,0,351,2026-08-18 00:01:33
174360,4,RISE 중국본토대형주CSI100,24970,2,645,2.65,24854.0,-10.6356,14,0,350,2026-08-18 00:01:33
0192T0,2,SOL 코스닥TOP10,7650,5,-120,-1.54,7643.0,,5036,39,348,2026-08-18 00:01:33
407830,4,에셋플러스 글로벌플랫폼액티브,14470,3,0,0.0,14385.0,-12.8314,0,0,347,2026-08-18 00:01:33
474800,4,KIWOOM 미국원유에너지기업,16055,2,300,1.9,16129.0,1.2344,5386,86,345,2026-08-18 00:01:33
459560,4,KODEX 테슬라밸류체인FactSet,22820,2,110,0.48,22882.0,-12.4421,11,0,342,2026-08-18 00:01:33
261140,2,TIGER 우선주,25430,3,0,0.0,25560.0,-10.8713,10,0,341,2026-08-18 00:01:33
476690,4,TIGER 글로벌비만치료제TOP2Plus,10815,5,-70,-0.64,10736.0,2.2826,27,0,341,2026-08-18 00:01:33
496770,4,PLUS 글로벌방산,19450,3,0,0.0,19641.0,10.637,18,0,340,2026-08-18 00:01:33
295020,6,RISE 국채선물10년인버스,60505,3,0,0.0,60840.0,1.5866,0,0,340,2026-08-18 00:01:33
464920,4,PLUS 일본반도체소부장,27200,2,670,2.53,26557.0,0.5305,240,6,340,2026-08-18 00:01:33
449780,4,KIWOOM 미국S&P500(H),18855,5,-125,-0.66,18846.0,3.9165,12,0,339,2026-08-18 00:01:33
465350,3,RISE 2차전지TOP10인버스(합성),16925,2,335,2.02,17028.0,18.9247,3122,52,339,2026-08-18 00:01:33
227540,2,TIGER 200 헬스케어,19800,5,-130,-0.65,19766.0,-1.9435,16,0,337,2026-08-18 00:01:33
099140,4,KODEX 차이나H,21685,2,40,0.18,21806.0,-9.2818,3,0,336,2026-08-18 00:01:33
395170,2,KODEX Top10동일가중,16760,2,270,1.64,16851.0,-17.8472,9,0,335,2026-08-18 00:01:33
138910,5,KODEX 구리선물(H),10115,2,30,0.3,10133.0,-0.8358,358,3,334,2026-08-18 00:01:33
468630,6,KODEX iShares미국투자등급회사채액티브,11085,5,-100,-0.89,11087.0,-5.7739,33,0,334,2026-08-18 00:01:33
122260,6,KIWOOM 통안채1년,104100,3,0,0.0,104102.0,0.6283,0,0,333,2026-08-18 00:01:33
266360,2,KODEX K콘텐츠,10410,5,-150,-1.42,10373.0,-11.0363,725,7,333,2026-08-18 00:01:33
446690,4,KODEX 아시아AI반도체exChina액티브,66525,2,3615,5.75,65203.0,-6.0628,1833,121,333,2026-08-18 00:01:33
0204S0,1,TIGER 코스닥액티브,7095,2,10,0.14,7083.0,,13,0,329,2026-08-18 00:01:33
459750,4,RISE 글로벌주식분산액티브,18700,2,50,0.27,18487.0,-0.6234,1,0,327,2026-08-18 00:01:33
494410,4,PLUS 미국S&P500성장주,14865,2,15,0.1,14786.0,-1.9729,5,0,327,2026-08-18 00:01:33
256440,4,ACE MSCI인도네시아(합성),5350,5,-5,-0.09,5429.0,-14.9325,24,0,326,2026-08-18 00:01:33
0138T0,4,RISE 미국S&P500데일리고정커버드콜,9860,5,-5,-0.05,9819.0,-1.0712,77,0,325,2026-08-18 00:01:33
0089B0,7,PLUS 미국나스닥100미국채혼합50,11590,5,-25,-0.22,11587.0,-3.5681,701,8,325,2026-08-18 00:01:33
415340,4,KODEX 차이나과창판STAR50(합성),15605,2,415,2.73,15791.0,-5.9443,5532,85,323,2026-08-18 00:01:33
156080,1,KODEX MSCI Korea,53775,2,1335,2.55,54064.0,-10.5038,50,2,323,2026-08-18 00:01:33
0085N0,6,ACE 미국10년국채액티브(H),9740,5,-45,-0.46,9732.0,-0.4612,6059,59,321,2026-08-18 00:01:33
469790,2,KIWOOM 코리아테크TOP10,45605,2,965,2.16,46119.0,-4.7118,243,11,319,2026-08-18 00:01:33
245350,4,TIGER 유로스탁스배당30,19850,2,35,0.18,19983.0,2.0702,22,0,318,2026-08-18 00:01:33
0150K0,2,KoAct 수소전력ESS인프라액티브,10950,3,0,0.0,10899.0,-30.9802,72,0,318,2026-08-18 00:01:33
253250,3,KIWOOM 200선물레버리지,109230,2,5475,5.28,109822.0,-35.5239,1069,116,317,2026-08-18 00:01:33
275290,2,KODEX 가치주,35175,2,595,1.72,35463.0,-8.0263,6,0,317,2026-08-18 00:01:33
494340,4,ACE 글로벌AI맞춤형반도체,21000,5,-5,-0.02,20773.0,1.2533,69,1,315,2026-08-18 00:01:33
387270,4,TIGER 글로벌이노베이션액티브,25945,3,0,0.0,26319.0,-9.2357,0,0,314,2026-08-18 00:01:33
139270,2,TIGER 200 금융,16875,3,0,0.0,16829.0,-1.7967,468,7,314,2026-08-18 00:01:33
476070,4,KODEX 글로벌비만치료제TOP2 Plus,11525,5,-60,-0.52,11409.0,3.3375,6,0,311,2026-08-18 00:01:33
491090,4,KODEX 미국테크TOP3플러스,18300,5,-115,-0.62,18279.0,-5.4359,31,0,311,2026-08-18 00:01:33
117460,2,KODEX 에너지화학,14200,5,-95,-0.66,14178.0,-19.377,77,1,308,2026-08-18 00:01:33
414270,4,ACE 글로벌자율주행액티브,12315,3,0,0.0,12415.0,-17.1544,46,0,308,2026-08-18 00:01:33
395290,2,HANARO Fn K-POP&미디어,4960,5,-100,-1.98,4938.0,-24.7024,7509,37,308,2026-08-18 00:01:33
271060,5,KODEX 3대농산물선물(H),8450,2,205,2.49,8460.0,-6.678,1030,8,307,2026-08-18 00:01:33
426150,6,WON 대한민국국고채액티브,50770,5,-295,-0.58,51012.0,-2.9736,1,0,306,2026-08-18 00:01:33
0203S0,7,WON 삼성전자현대차채권혼합50,9120,2,75,0.83,9151.0,,4332,39,306,2026-08-18 00:01:33
450190,4,KODEX 한중반도체(합성),50800,3,0,0.0,52860.0,-7.5524,0,0,305,2026-08-18 00:01:33
248270,4,TIGER S&P글로벌헬스케어(합성),26710,2,10,0.04,26744.0,6.0575,7,0,304,2026-08-18 00:01:33
192720,2,파워 고배당저변동성,59505,2,45,0.08,59573.0,-5.8709,1,0,303,2026-08-18 00:01:33
145850,2,TREX 펀더멘탈 200,121030,3,0,0.0,121699.0,-5.6898,0,0,303,2026-08-18 00:01:33
0155M0,4,ACE 미국SMR원자력TOP10,7290,5,-320,-4.2,7359.0,-17.863,3302,24,303,2026-08-18 00:01:33
0107F0,4,KIWOOM 미국고배당&AI테크,11800,5,-150,-1.26,11884.0,1.0826,28,0,301,2026-08-18 00:01:33
0164G0,4,RISE 차이나AI반도체TOP4Plus,14310,2,640,4.68,14437.0,-7.0701,480,6,301,2026-08-18 00:01:33
0198B0,2,1Q 삼성전자선물단일종목레버리지,13645,2,845,6.6,13739.0,,3691,50,299,2026-08-18 00:01:33
0166N0,1,PLUS 코스닥150액티브,7840,2,120,1.55,7828.0,-34.1297,127,0,298,2026-08-18 00:01:33
0083S0,4,1Q 미국메디컬AI,10110,5,-235,-2.27,10097.0,5.0874,120,1,293,2026-08-18 00:01:33
223190,2,KODEX 200가치저변동,29130,2,130,0.45,29210.0,-7.3872,35,1,291,2026-08-18 00:01:33
0223R0,4,TIGER 미국테크NYSE100액티브,10100,2,155,1.56,10136.0,,643,6,291,2026-08-18 00:01:33
289480,3,TIGER 200커버드콜,12590,3,0,0.0,12963.0,11.8439,1751,22,290,2026-08-18 00:01:33
0184E0,7,1Q 200채권혼합50액티브,11070,2,35,0.32,11250.0,-4.5411,910,10,288,2026-08-18 00:01:33
459790,4,KIWOOM 미국성장기업30액티브,21180,3,0,0.0,21244.0,-9.9682,0,0,286,2026-08-18 00:01:33
117680,2,KODEX 철강,12365,3,0,0.0,12291.0,-29.2392,171,2,286,2026-08-18 00:01:33
475380,7,RISE 글로벌리얼티인컴,10715,2,15,0.14,10674.0,-6.1357,23,0,284,2026-08-18 00:01:33
261060,2,TIGER 코스닥150IT,24270,2,370,1.55,24205.0,-22.2132,475,11,282,2026-08-18 00:01:33
0103T0,2,1Q K소버린AI,9335,5,-50,-0.53,9301.0,-3.3471,1902,17,280,2026-08-18 00:01:33
0218J0,7,RISE 미국우주&로봇TOP2미국채혼합50,9170,2,25,0.27,9184.0,,1491,13,280,2026-08-18 00:01:33
0137W0,4,KIWOOM 미국S&P500&GOLD,10750,5,-30,-0.28,10746.0,-1.3682,50,0,280,2026-08-18 00:01:33
261250,7,KODEX 미국달러선물레버리지,16705,5,-30,-0.18,16712.0,-9.2709,5570,93,279,2026-08-18 00:01:33
419430,4,KODEX 차이나2차전지MSCI(합성),9945,3,0,0.0,10177.0,-22.0612,1,0,278,2026-08-18 00:01:33
437350,6,RISE 미국단기투자등급회사채액티브,12525,5,-10,-0.08,12520.0,-4.386,3,0,276,2026-08-18 00:01:33
0047R0,4,RISE 팔란티어고정테크100,15745,5,-195,-1.22,15690.0,6.5187,23,0,276,2026-08-18 00:01:33
489290,4,WON 미국빌리어네어,15295,5,-365,-2.33,15281.0,-5.0622,70,1,275,2026-08-18 00:01:33
493420,4,SOL 미국배당다우존스2호,13075,5,-35,-0.27,13018.0,3.6931,1997,26,275,2026-08-18 00:01:33
440340,7,TIGER 글로벌멀티에셋TIF액티브,12455,3,0,0.0,12357.0,-2.3974,0,0,274,2026-08-18 00:01:33
0013R0,7,RISE 테슬라미국채타겟커버드콜혼합(합성),7940,5,-80,-1.0,7914.0,-12.0068,56,0,270,2026-08-18 00:01:33
0152E0,2,SOL 배당성향탑픽액티브,11240,3,0,0.0,11245.0,-8.0646,10,0,270,2026-08-18 00:01:33
0198D0,2,1Q SK하이닉스선물단일종목레버리지,8660,3,0,0.0,9703.0,,0,0,269,2026-08-18 00:01:33
245360,4,TIGER 차이나HSCEI,12460,2,20,0.16,12594.0,-9.5061,5,0,268,2026-08-18 00:01:33
167860,6,KIWOOM 국고채10년레버리지,92325,3,0,0.0,91774.0,-1.4675,0,0,268,2026-08-18 00:01:33
368190,2,HANARO Fn K-뉴딜디지털플러스,8335,3,0,0.0,8144.0,-12.5394,0,0,267,2026-08-18 00:01:33
0115C0,4,RISE 미국고배당다우존스TOP10,11255,5,-90,-0.79,11231.0,3.5074,240,2,264,2026-08-18 00:01:33
277540,4,ACE 아시아TOP50,32945,2,385,1.18,33078.0,-6.865,55,1,264,2026-08-18 00:01:33
496120,1,ACE 코리아밸류업,34935,2,855,2.51,34807.0,-9.2297,16,0,262,2026-08-18 00:01:33
0049K0,7,ACE 미국배당퀄리티채권혼합50,11370,3,0,0.0,11290.0,-0.3069,8,0,262,2026-08-18 00:01:33
483570,4,KCGI 미국S&P500 TOP10,16300,3,0,0.0,16058.0,-6.5099,3,0,261,2026-08-18 00:01:33
0206G0,7,1Q 현대차기아채권혼합50,8675,3,0,0.0,8705.0,,136,1,260,2026-08-18 00:01:33
0097L0,7,KIWOOM 한국고배당&미국AI테크,13000,2,30,0.23,13066.0,-4.7468,71,0,260,2026-08-18 00:01:33
461600,6,SOL 미국30년국채액티브(H),8235,5,-105,-1.26,8235.0,-2.2848,12,0,259,2026-08-18 00:01:33
185680,4,KODEX 미국S&P바이오(합성),47925,2,570,1.2,48236.0,8.7121,86,4,255,2026-08-18 00:01:33
139250,2,TIGER 200 에너지화학,18125,5,-105,-0.58,18184.0,-11.6318,330,5,254,2026-08-18 00:01:33
411540,1,SOL 200 Top10,18125,2,110,0.61,18130.0,-13.7679,30,0,254,2026-08-18 00:01:33
292160,1,TIGER KRX300,50060,2,1300,2.67,50224.0,-11.6442,5,0,250,2026-08-18 00:01:33
464600,2,SOL 자동차소부장Fn,26325,2,375,1.45,26270.0,-4.9973,875,23,250,2026-08-18 00:01:33
469160,4,ACE 일본반도체,27750,2,400,1.46,27721.0,-3.0486,2685,73,250,2026-08-18 00:01:33
0127R0,4,RISE 미국AI클라우드인프라,19160,2,420,2.24,19012.0,2.6372,61,1,249,2026-08-18 00:01:33
0093D0,7,KoAct 팔란티어밸류체인액티브,18435,5,-330,-1.76,18757.0,-1.3407,18,0,249,2026-08-18 00:01:33
292500,1,SOL KRX300,49710,3,0,0.0,51200.0,-11.897,0,0,249,2026-08-18 00:01:33
289250,2,TIGER MSCI KOREA ESG유니버설,35915,2,675,1.92,36141.0,-9.0301,8,0,248,2026-08-18 00:01:33
225130,4,ACE 골드선물 레버리지(합성 H),49430,2,1410,2.94,49846.0,-17.9917,198,9,247,2026-08-18 00:01:33
364690,1,KODEX 혁신기술테마액티브,41160,2,1160,2.9,41195.0,-10.9277,3,0,247,2026-08-18 00:01:33
438320,4,TIGER 차이나항셍테크레버리지(합성 H),5600,2,110,2.0,5695.0,-19.3833,3034,16,246,2026-08-18 00:01:33
479850,2,HANARO K-뷰티,18105,5,-545,-2.92,18180.0,5.3672,4507,82,244,2026-08-18 00:01:33
367740,2,HANARO Fn5G산업,44430,2,530,1.21,44428.0,-3.0156,1,0,244,2026-08-18 00:01:33
195970,4,PLUS 선진국MSCI(합성 H),16735,5,-50,-0.3,16730.0,6.2341,4,0,244,2026-08-18 00:01:33
252710,3,TIGER 200선물인버스2X,79,5,-4,-4.82,78.0,-25.8929,991118,78,244,2026-08-18 00:01:33
159800,1,마이티 코스피100,87185,3,0,0.0,89917.0,-11.4604,0,0,244,2026-08-18 00:01:33
269420,4,KODEX S&P글로벌인프라(합성),22960,2,40,0.17,22858.0,-5.776,1,0,244,2026-08-18 00:01:33
280930,4,KODEX 미국러셀2000(H),17290,2,35,0.2,17301.0,6.4466,19,0,242,2026-08-18 00:01:33
138230,7,KIWOOM 미국달러선물,16565,2,25,0.15,16561.0,-4.6412,9,0,240,2026-08-18 00:01:33
461450,1,KODEX 코스닥글로벌,16005,3,0,0.0,15857.0,-20.3534,113,1,240,2026-08-18 00:01:33
388280,2,RISE K엔터&여행레저,7220,5,-10,-0.14,7232.0,-19.5774,203,1,240,2026-08-18 00:01:33
481340,6,RISE 미국30년국채액티브,8700,5,-135,-1.53,8706.0,-7.3053,2517,21,239,2026-08-18 00:01:33
442550,7,RISE TDF2030액티브 적격,15430,2,445,2.97,14888.0,-1.5317,30,0,239,2026-08-18 00:01:33
0065G0,4,KODEX 차이나테크TOP10,9305,2,140,1.53,9328.0,-14.5878,372,3,237,2026-08-18 00:01:33
457690,6,KODEX 33-06 국고채액티브,10510,3,0,0.0,10498.0,0.0475,0,0,236,2026-08-18 00:01:33
300950,2,KODEX 게임산업,5745,2,5,0.09,5696.0,-15.4017,30,0,236,2026-08-18 00:01:33
477730,4,KODEX 인도타타그룹,7810,5,-80,-1.01,7802.0,-0.5667,5896,46,234,2026-08-18 00:01:33
0144M0,4,KODEX 미국드론UAM TOP10,8440,5,-115,-1.34,8437.0,-8.7467,301,2,232,2026-08-18 00:01:33
433220,4,에셋플러스 글로벌대장장이액티브,31335,2,15,0.05,31829.0,-12.0843,2,0,232,2026-08-18 00:01:33
0047P0,4,RISE 테슬라고정테크100,14860,5,-90,-0.6,14784.0,-8.2231,136,2,230,2026-08-18 00:01:33
376410,2,TIGER 탄소효율그린뉴딜,25510,2,660,2.66,25449.0,-10.7679,1,0,230,2026-08-18 00:01:33
204450,4,KODEX 차이나H레버리지(H),2295,2,10,0.44,2332.0,-14.5795,182,0,230,2026-08-18 00:01:33
0067V0,4,TIGER 차이나글로벌리더스TOP3+,10420,2,85,0.82,10566.0,-14.6926,54,0,229,2026-08-18 00:01:33
0177A0,2,WON 두산그룹포커스,9325,2,90,0.97,9309.0,-28.3554,263,2,228,2026-08-18 00:01:33
0186L0,4,KoAct 미국로봇피지컬AI액티브,9930,3,0,0.0,9914.0,-9.4392,117,1,228,2026-08-18 00:01:33
0190M0,4,KIWOOM 미국AI테크하이베타,9700,2,235,2.48,9754.0,-11.8716,361,3,228,2026-08-18 00:01:33
447660,7,PLUS 애플채권혼합,13735,2,70,0.51,13659.0,0.0302,103,1,227,2026-08-18 00:01:33
375760,2,HANARO 탄소효율그린뉴딜,24945,3,0,0.0,25368.0,-10.0714,0,0,225,2026-08-18 00:01:33
471460,6,KIWOOM 국고채30년액티브,44585,5,-415,-0.92,44508.0,-9.5229,3,0,223,2026-08-18 00:01:33
463300,4,RISE 중국본토CSI300,13870,2,220,1.61,14022.0,-9.3542,9,0,222,2026-08-18 00:01:33
0026E0,4,KODEX 미국S&P500버퍼3월액티브,11995,5,-15,-0.12,12023.0,-1.9192,2,0,222,2026-08-18 00:01:33
364990,2,TIGER 게임TOP10,5035,5,-50,-0.98,5021.0,-12.3276,29,0,222,2026-08-18 00:01:33
371450,4,TIGER 글로벌클라우드컴퓨팅INDXX,14170,5,-530,-3.61,14083.0,25.6947,691,9,221,2026-08-18 00:01:33
0153X0,4,PLUS 미국고배당주액티브,11620,5,-40,-0.34,11593.0,6.7198,34,0,221,2026-08-18 00:01:33
108590,1,TREX 200,109765,3,0,0.0,113048.0,-11.6973,0,0,220,2026-08-18 00:01:33
239660,6,PLUS 우량회사채50,121610,3,0,0.0,121621.0,0.6455,0,0,219,2026-08-18 00:01:33
404260,2,KODEX 기후변화솔루션,24260,2,90,0.37,24442.0,-18.239,4,0,218,2026-08-18 00:01:33
300640,2,RISE 게임테마,6680,5,-15,-0.22,6620.0,-10.9708,1,0,217,2026-08-18 00:01:33
304770,1,HANARO 코스닥150,14770,5,-80,-0.54,14768.0,-25.189,2000,29,216,2026-08-18 00:01:33
253290,7,RISE 헬스케어채권혼합,11925,3,0,0.0,11931.0,-3.8131,0,0,215,2026-08-18 00:01:33
416090,4,ACE 중국과창판STAR50,14270,2,510,3.71,14250.0,-6.8382,836,11,214,2026-08-18 00:01:33
169950,4,KODEX 차이나A50,26490,3,0,0.0,26982.0,-8.5291,0,0,212,2026-08-18 00:01:33
217770,5,TIGER 원유선물인버스(H),1289,5,-31,-2.35,1269.0,5.3471,2904,3,211,2026-08-18 00:01:33
417630,2,TIGER KEDI혁신기업ESG30,20100,3,0,0.0,20022.0,-6.7502,0,0,211,2026-08-18 00:01:33
337120,2,KODEX 멀티팩터,35135,3,0,0.0,35950.0,-11.8945,0,0,211,2026-08-18 00:01:33
0223A0,2,RISE 코스닥커버드콜액티브,11085,2,50,0.45,11019.0,,138,1,211,2026-08-18 00:01:33
437070,6,KODEX 아시아달러채권ESG플러스액티브,60825,3,0,0.0,60835.0,-5.4174,0,0,210,2026-08-18 00:01:33
228820,1,TIGER KTOP30,19960,2,390,1.99,19948.0,-7.0494,5,0,210,2026-08-18 00:01:33
226980,1,KODEX 200 중소형,23205,2,100,0.43,23258.0,-20.0803,10,0,209,2026-08-18 00:01:33
091220,2,TIGER 은행,16785,5,-35,-0.21,16627.0,6.665,2,0,208,2026-08-18 00:01:33
489000,6,PLUS 일본엔화초단기국채(합성),9400,5,-5,-0.05,9402.0,-5.7616,59,0,207,2026-08-18 00:01:33
0104P0,2,TIGER 코리아배당다우존스위클리커버드콜,11445,2,20,0.18,11465.0,-3.8458,8,0,206,2026-08-18 00:01:33
152380,6,KODEX 국채선물10년,64610,5,-320,-0.49,64569.0,-0.5743,330,21,205,2026-08-18 00:01:33
0193K0,2,PLUS 삼성전자단일종목레버리지,14375,2,865,6.4,14564.0,,56,0,205,2026-08-18 00:01:33
407310,1,HANARO 200 TOP10,17680,3,0,0.0,17731.0,-14.3246,24,0,203,2026-08-18 00:01:33
0192S0,7,SOL 코스피200채권혼합50,9660,2,135,1.42,9685.0,,33075,318,203,2026-08-18 00:01:33
0018Z0,4,RISE 미국양자컴퓨팅,19315,3,0,0.0,19373.0,-3.9628,48,0,203,2026-08-18 00:01:33
289040,2,KODEX MSCI KOREA ESG유니버설,33750,3,0,0.0,34712.0,-9.1101,0,0,203,2026-08-18 00:01:33
497780,4,KoAct 미국천연가스인프라액티브,10900,2,85,0.79,10999.0,-6.7173,38,0,202,2026-08-18 00:01:33
445910,2,TIGER MKF배당귀족,21205,2,10,0.05,21358.0,-9.7108,1,0,201,2026-08-18 00:01:33
0105D0,2,SOL 한국AI소프트웨어,10430,5,-110,-1.04,10500.0,-4.1383,13,0,198,2026-08-18 00:01:33
415760,4,SOL 차이나육성산업액티브(합성),14500,2,595,4.28,14689.0,-6.9278,275,3,197,2026-08-18 00:01:33
229720,1,KODEX KTOP30,39240,2,645,1.67,39540.0,-8.5615,7,0,196,2026-08-18 00:01:33
487950,4,KODEX 대만테크고배당다우존스,13500,5,-90,-0.66,13480.0,3.4087,946,12,196,2026-08-18 00:01:33
213630,4,PLUS 미국다우존스고배당주(합성 H),21195,3,0,0.0,21230.0,7.7255,50,1,195,2026-08-18 00:01:33
449580,7,RISE 테슬라애플아마존채권혼합,16200,3,0,0.0,16161.0,-4.9009,41,0,194,2026-08-18 00:01:33
304760,1,HANARO KRX300,48210,3,0,0.0,49266.0,-12.6706,0,0,193,2026-08-18 00:01:33
284980,2,RISE 200금융,22395,3,0,0.0,22357.0,-1.2543,0,0,193,2026-08-18 00:01:33
0224X0,7,1Q 엔비디아알파벳미국채혼합50,10115,3,0,0.0,10060.0,,141,1,192,2026-08-18 00:01:33
0203R0,6,WON 중단기종합채권(A-이상)액티브,50435,3,0,0.0,50464.0,,0,0,192,2026-08-18 00:01:33
461910,4,PLUS 미국테크TOP10레버리지(합성),38095,5,-265,-0.69,37834.0,-17.3187,12,0,190,2026-08-18 00:01:33
379790,4,RISE 유로스탁스50(H),17995,2,55,0.31,17763.0,12.3782,9,0,189,2026-08-18 00:01:33
483330,4,ACE 마이크로소프트밸류체인액티브,15110,5,-505,-3.23,15120.0,7.1355,178,2,189,2026-08-18 00:01:33
183710,7,RISE 주식혼합,94150,3,0,0.0,95788.0,-8.2722,0,0,188,2026-08-18 00:01:33
385600,2,ACE 2차전지&친환경차액티브,12505,5,-55,-0.44,12579.0,-13.3794,152,1,188,2026-08-18 00:01:33
236350,4,TIGER 인도니프티50레버리지(합성),30125,2,30,0.1,29620.0,-6.3774,1,0,187,2026-08-18 00:01:33
445690,2,BNK 주주가치액티브,31065,3,0,0.0,31393.0,-12.6898,0,0,186,2026-08-18 00:01:33
468370,6,KODEX iShares미국인플레이션국채액티브,10950,5,-45,-0.41,10946.0,-5.779,3054,33,186,2026-08-18 00:01:33
227830,1,PLUS 코스피,73430,2,1425,1.98,73806.0,-12.2718,2,0,184,2026-08-18 00:01:33
461900,4,PLUS 미국테크TOP10,22900,5,-55,-0.24,22744.0,-7.2151,1,0,183,2026-08-18 00:01:33
0216Z0,2,ACE K방산TOP5+,9635,5,-125,-1.28,9596.0,,872,8,183,2026-08-18 00:01:33
404120,2,TIME K신재생에너지액티브,25705,2,85,0.33,25919.0,-17.7,3,0,180,2026-08-18 00:01:33
477490,4,에셋플러스 글로벌일등기업포커스10액티브,19885,3,0,0.0,19949.0,-10.104,16,0,179,2026-08-18 00:01:33
391670,1,HK 베스트일레븐액티브,29810,2,610,2.09,30087.0,-7.0804,5,0,179,2026-08-18 00:01:33
474920,4,에셋플러스 차이나일등기업포커스10액티브,18995,5,-45,-0.24,19347.0,4.1006,15,0,179,2026-08-18 00:01:33
419650,4,PLUS 글로벌수소&차세대연료전지,5490,5,-40,-0.72,5435.0,-28.3215,146,0,178,2026-08-18 00:01:33
195920,4,TIGER 일본TOPIX(합성 H),35570,5,-660,-1.82,36009.0,7.3163,2,0,178,2026-08-18 00:01:33
280320,4,ACE 미국IT인터넷(합성 H),22095,3,0,0.0,21544.0,11.3659,0,0,177,2026-08-18 00:01:33
494420,2,PLUS 미국배당증가성장주데일리커버드콜,9800,2,105,1.08,9555.0,3.9225,29,0,176,2026-08-18 00:01:33
289260,2,TIGER MSCI KOREA ESG리더스,29260,3,0,0.0,29796.0,-4.7682,0,0,176,2026-08-18 00:01:33
292050,1,RISE KRX300,50110,3,0,0.0,51481.0,-12.0878,0,0,175,2026-08-18 00:01:33
0104G0,2,PLUS K방산레버리지,7125,5,-235,-3.19,7154.0,-46.7632,3179,22,175,2026-08-18 00:01:33
225060,4,TIGER 이머징마켓MSCI레버리지(합성 H),16440,2,110,0.67,16680.0,-1.21,36,0,174,2026-08-18 00:01:33
460660,4,RISE 미국S&P배당킹,12430,5,-55,-0.44,12365.0,7.9009,83,1,174,2026-08-18 00:01:33
0086C0,7,TIGER 리츠부동산인프라10채권혼합액티브,9900,3,0,0.0,9892.0,-1.966,0,0,173,2026-08-18 00:01:33
276000,4,TIGER 글로벌자원생산기업(합성 H),20200,5,-10,-0.05,20507.0,-5.0506,1,0,172,2026-08-18 00:01:33
0207Z0,4,KIWOOM 미국우주데이터센터인프라,7745,2,100,1.31,7731.0,,1188,9,170,2026-08-18 00:01:33
465670,4,TIGER 미국캐시카우100,16955,5,-505,-2.89,16950.0,15.1817,240,4,170,2026-08-18 00:01:33
387280,2,TIGER 퓨처모빌리티액티브,12445,2,85,0.69,12382.0,-21.2739,2,0,168,2026-08-18 00:01:33
332620,6,PLUS 미국장기우량회사채,89800,5,-985,-1.08,89786.0,-7.1007,2,0,168,2026-08-18 00:01:33
488290,4,MIDAS 일본테크액티브,47860,3,0,0.0,48907.0,-1.8861,0,0,168,2026-08-18 00:01:33
131890,2,ACE 삼성그룹동일가중,41820,3,0,0.0,41876.0,0.3118,0,0,167,2026-08-18 00:01:33
250730,4,RISE 차이나HSCEI(H),9820,2,80,0.82,9991.0,-7.2381,3,0,167,2026-08-18 00:01:33
291130,4,ACE MSCI멕시코(합성),18285,5,-160,-0.87,18296.0,-10.396,19,0,165,2026-08-18 00:01:33
453630,4,KODEX 미국S&P500필수소비재,12640,5,-150,-1.17,12644.0,-3.2138,39,0,164,2026-08-18 00:01:33
432840,4,HANARO 미국S&P500,20435,5,-120,-0.58,20415.0,-0.7002,208,4,163,2026-08-18 00:01:33
0090B0,2,PLUS K방산소부장,7320,5,-95,-1.28,7326.0,-41.6372,156,1,161,2026-08-18 00:01:33
219390,4,RISE 미국S&P원유생산기업(합성 H),8040,2,230,2.94,8120.0,5.3981,96,0,161,2026-08-18 00:01:33
453820,4,KODEX 인도Nifty50레버리지(합성),12350,3,0,0.0,12196.0,-5.1824,0,0,161,2026-08-18 00:01:33
0220A0,7,KIWOOM 현대차그룹TOP3채권혼합50,9995,3,0,0.0,10045.0,,8,0,160,2026-08-18 00:01:33
337150,2,KODEX 200exTOP,26445,3,0,0.0,26525.0,-12.1166,0,0,159,2026-08-18 00:01:33
265690,4,ACE 러시아MSCI(합성),8535,3,0,0.0,48.0,0.0,0,0,158,2026-08-18 00:01:33
266410,2,KODEX 필수소비재,9825,5,-25,-0.25,9748.0,-4.5779,16,0,157,2026-08-18 00:01:33
0153P0,2,ACE 리츠부동산인프라액티브,9735,2,100,1.04,9662.0,-3.0927,4,0,156,2026-08-18 00:01:33
413930,2,WON AI ESG액티브,28140,3,0,0.0,28900.0,-12.1449,0,0,155,2026-08-18 00:01:33
0051A0,4,KoAct 브로드컴밸류체인액티브,25670,3,0,0.0,25742.0,-3.8757,0,0,154,2026-08-18 00:01:33
491510,2,파워 K-주주가치액티브,18020,5,-35,-0.19,18163.0,-9.0577,1,0,153,2026-08-18 00:01:33
104520,2,KIWOOM 블루칩,15250,3,0,0.0,15276.0,-9.3057,0,0,153,2026-08-18 00:01:33
114460,6,ACE 국고채3년,100730,3,0,0.0,100622.0,0.5678,0,0,151,2026-08-18 00:01:33
102960,2,KODEX 기계장비,14200,3,0,0.0,14159.0,-28.3372,41,0,151,2026-08-18 00:01:33
0013P0,4,RISE 미국은행TOP10,13505,3,0,0.0,13511.0,14.25,31,0,149,2026-08-18 00:01:33
130680,5,TIGER 원유선물Enhanced(H),6860,2,105,1.55,6967.0,-11.1769,176,1,147,2026-08-18 00:01:33
453010,7,PLUS KOFR금리,109715,3,0,0.0,109738.0,0.6467,0,0,147,2026-08-18 00:01:33
373490,2,KODEX 코리아혁신성장액티브,26580,2,175,0.66,26763.0,-23.4416,1,0,146,2026-08-18 00:01:33
234310,2,RISE V&S셀렉트밸류,29230,3,0,0.0,29551.0,-10.4199,0,0,146,2026-08-18 00:01:33
404650,2,SOL KRX기후변화솔루션,24350,3,0,0.0,24441.0,-18.0079,0,0,146,2026-08-18 00:01:33
438900,2,HANARO Fn K-푸드,11605,2,35,0.3,11650.0,-6.3815,2553,29,145,2026-08-18 00:01:33
244620,2,KODEX 모멘텀Plus,20675,3,0,0.0,21107.0,-16.7674,0,0,145,2026-08-18 00:01:33
396510,4,TIGER 차이나클린에너지SOLACTIVE,7760,2,55,0.71,7938.0,-20.3618,6,0,143,2026-08-18 00:01:33
417450,4,RISE 글로벌수소경제,16710,3,0,0.0,16607.0,-21.8672,0,0,142,2026-08-18 00:01:33
0004G0,4,1Q 미국배당TOP30,9435,5,-135,-1.41,9409.0,7.476,108,1,142,2026-08-18 00:01:33
496130,1,TRUSTON 코리아밸류업액티브,26170,3,0,0.0,26667.0,-12.8684,0,0,141,2026-08-18 00:01:33
0028X0,4,KODEX 미국금융테크액티브,12265,5,-150,-1.21,12303.0,13.1526,15,0,141,2026-08-18 00:01:33
0088N0,2,WON K-글로벌수급상위,11160,2,90,0.81,11114.0,-25.5799,3,0,140,2026-08-18 00:01:33
0127T0,4,KIWOOM 미국S&P500&배당다우존스비중전환,11495,3,0,0.0,11414.0,0.0852,11,0,138,2026-08-18 00:01:33
0015F0,7,KIWOOM 팔란티어미국30년국채혼합액티브(H),10600,5,-10,-0.09,10481.0,7.2295,11,0,138,2026-08-18 00:01:33
266390,2,KODEX 경기소비재,15305,2,155,1.02,15450.0,3.4931,11,0,138,2026-08-18 00:01:33
472720,1,TRUSTON 주주가치액티브,26415,2,145,0.55,26590.0,-14.7632,5,0,137,2026-08-18 00:01:33
0127V0,4,KIWOOM 미국S&P500 TOP10&배당다우비중전환,10980,5,-35,-0.32,10931.0,-4.537,3,0,137,2026-08-18 00:01:33
489860,4,KIWOOM 글로벌전력GRID인프라,16075,3,0,0.0,16207.0,-9.6682,10,0,137,2026-08-18 00:01:33
252650,1,KODEX 200동일가중,19220,2,130,0.68,19100.0,-11.1829,2,0,135,2026-08-18 00:01:33
280920,2,PLUS 주도업종,24455,3,0,0.0,25197.0,-13.2494,0,0,135,2026-08-18 00:01:33
300610,2,TIGER K게임,5600,3,0,0.0,5532.0,-11.8111,0,0,134,2026-08-18 00:01:33
0222F0,2,마이티 AI데이터센터밸류체인,13350,2,135,1.02,13378.0,,2016,26,134,2026-08-18 00:01:33
484890,6,SOL 머니마켓액티브,52475,3,0,0.0,52476.0,0.6907,3,0,133,2026-08-18 00:01:33
395760,2,PLUS ESG성장주액티브,22150,2,400,1.84,22257.0,-12.4749,6,0,133,2026-08-18 00:01:33
0194R0,2,KIWOOM SK하이닉스선물단일종목레버리지,8135,3,0,0.0,9144.0,,0,0,132,2026-08-18 00:01:33
290080,3,RISE 200고배당커버드콜ATM,7480,2,150,2.05,7364.0,8.4838,69,0,131,2026-08-18 00:01:33
428560,4,KODEX 미국ETF산업Top10 Indxx,16255,5,-195,-1.19,16218.0,1.695,280,4,130,2026-08-18 00:01:33
435550,7,KIWOOM TDF2050액티브 적격,18535,2,95,0.52,18401.0,-3.0043,1,0,130,2026-08-18 00:01:33
360150,2,KODEX 코스닥150롱코스피200숏선물,3145,5,-100,-3.08,3133.0,-20.6602,654,2,129,2026-08-18 00:01:33
279540,2,KODEX 최소변동성,21475,3,0,0.0,21899.0,-13.1849,0,0,129,2026-08-18 00:01:33
0193L0,2,PLUS 삼성전자선물단일종목인버스2X,8555,5,-605,-6.6,8500.0,,39820,343,128,2026-08-18 00:01:33
0008E0,4,ACE 미국중심중소형제조업,13425,3,0,0.0,13709.0,-8.7666,0,0,128,2026-08-18 00:01:33
272570,6,RISE 중장기국공채액티브,107990,3,0,0.0,107967.0,0.3204,0,0,127,2026-08-18 00:01:33
137610,5,TIGER 농산물선물Enhanced(H),5535,2,120,2.22,5559.0,-4.5815,419,2,127,2026-08-18 00:01:33
435040,4,ACE 글로벌브랜드TOP10,19585,5,-265,-1.34,19556.0,-1.8735,2,0,127,2026-08-18 00:01:33
176950,6,KODEX 국채선물10년인버스,60270,3,0,0.0,60644.0,1.4902,0,0,127,2026-08-18 00:01:33
269370,4,TIGER S&P글로벌인프라(합성),18070,2,525,2.99,17592.0,-5.8804,1,0,126,2026-08-18 00:01:33
487750,2,BNK 온디바이스AI,31595,2,855,2.78,31847.0,-15.2,27,0,126,2026-08-18 00:01:33
0208N0,1,IBK 코스피액티브,7645,3,0,0.0,7874.0,,0,0,126,2026-08-18 00:01:33
140580,2,RISE 우량업종대표주,25225,3,0,0.0,25517.0,-13.8197,0,0,126,2026-08-18 00:01:33
453660,4,KODEX 미국S&P500경기소비재,17830,5,-240,-1.33,17829.0,-4.955,65,1,125,2026-08-18 00:01:33
363510,6,SOL KIS단기통안채,112030,3,0,0.0,112055.0,0.579,0,0,124,2026-08-18 00:01:33
0000H0,2,KODEX 인도Nifty미드캡100,10790,5,-10,-0.09,10809.0,-0.0934,1,0,124,2026-08-18 00:01:33
0221Z0,2,ACE K바이오코스닥액티브,11265,5,-245,-2.13,11216.0,,168,1,124,2026-08-18 00:01:33
269530,4,PLUS S&P글로벌인프라,20650,2,60,0.29,20921.0,-6.0522,1,0,124,2026-08-18 00:01:33
332610,6,PLUS 미국단기회사채(AAA~A),128995,3,0,0.0,129033.0,-4.2932,0,0,124,2026-08-18 00:01:33
400570,4,KODEX 유럽탄소배출권선물ICE(H),11145,5,-170,-1.5,11235.0,9.801,3,0,123,2026-08-18 00:01:33
453060,6,HANARO KOFR금리액티브(합성),111270,3,0,0.0,111255.0,0.6695,0,0,122,2026-08-18 00:01:33
485810,4,TIME 글로벌바이오액티브,11105,3,0,0.0,11112.0,6.9845,19,0,122,2026-08-18 00:01:33
251590,2,PLUS 고배당저변동50,17430,3,0,0.0,17421.0,-4.8055,0,0,122,2026-08-18 00:01:33
166400,3,TIGER 200커버드콜OTM,24220,2,695,2.95,24307.0,2.8146,103,2,121,2026-08-18 00:01:33
354240,7,RISE 미국고정배당우선증권,10835,5,-65,-0.6,10790.0,-7.313,1,0,119,2026-08-18 00:01:33
419420,4,KODEX 미국클린에너지나스닥,9920,3,0,0.0,9906.0,-20.5962,0,0,119,2026-08-18 00:01:33
448490,6,HANARO 32-10 국고채액티브,53015,3,0,0.0,52864.0,-0.3759,0,0,119,2026-08-18 00:01:33
0093B0,4,RISE 엔비디아고정테크100,13185,5,-115,-0.86,13131.0,-2.6658,2,0,119,2026-08-18 00:01:33
457700,6,KODEX 53-09 국고채액티브,8970,5,-45,-0.5,9046.0,-8.8013,5,0,118,2026-08-18 00:01:33
0222D0,2,KoAct 고배당액티브,10690,2,65,0.61,10710.0,,25,0,118,2026-08-18 00:01:33
464610,2,SOL 의료기기소부장Fn,7835,5,-75,-0.95,7796.0,-17.69,110,0,118,2026-08-18 00:01:33
407820,2,에셋플러스 코리아플랫폼액티브,6515,2,65,1.01,6432.0,-24.3402,1,0,117,2026-08-18 00:01:33
0084E0,7,KIWOOM 미국대형주500월간목표헤지액티브,10660,3,0,0.0,10571.0,-3.5283,0,0,117,2026-08-18 00:01:33
0194N0,2,KIWOOM 삼성전자선물단일종목레버리지,13300,2,825,6.61,13384.0,,228,3,116,2026-08-18 00:01:33
410870,2,TIME K컬처액티브,9670,5,-175,-1.78,9671.0,-17.7528,5,0,116,2026-08-18 00:01:33
446700,2,RISE 배터리 리사이클링,10740,5,-55,-0.51,10542.0,-26.4646,1,0,116,2026-08-18 00:01:33
463640,4,KODEX 미국S&P500유틸리티,14465,3,0,0.0,14435.0,-6.0279,0,0,116,2026-08-18 00:01:33
371870,4,ACE 차이나항셍테크,7180,3,0,0.0,7242.0,-11.7937,7,0,115,2026-08-18 00:01:33
461580,1,TIGER 코스닥글로벌,16410,5,-100,-0.61,16224.0,-19.5027,9760,160,115,2026-08-18 00:01:33
498050,2,HANARO 바이오코리아액티브,11450,5,-75,-0.65,11352.0,-20.104,261,2,115,2026-08-18 00:01:33
451150,4,에셋플러스 글로벌영에이지액티브,18405,3,0,0.0,18131.0,-1.6039,0,0,114,2026-08-18 00:01:33
409810,4,KODEX 미국나스닥100선물인버스(H),5425,2,15,0.28,5431.0,-2.2584,1669,9,114,2026-08-18 00:01:33
451600,6,PLUS 국고채30년액티브,82840,3,0,0.0,83068.0,-10.3173,0,0,113,2026-08-18 00:01:33
0001P0,2,마이티 바이오시밀러&CDMO액티브,10070,3,0,0.0,9841.0,-17.5604,0,0,113,2026-08-18 00:01:33
0094L0,4,RISE 차이나테크TOP10위클리타겟커버드콜,8040,3,0,0.0,8064.0,-12.8256,6,0,113,2026-08-18 00:01:33
430500,7,KIWOOM 물가채KIS,112025,5,-610,-0.54,112503.0,-0.2127,68,7,112,2026-08-18 00:01:33
385710,2,TIME K이노베이션액티브,11130,5,-165,-1.46,11196.0,-27.2933,3,0,111,2026-08-18 00:01:33
140710,2,KODEX 운송,6485,2,10,0.15,6487.0,-9.8283,45,0,110,2026-08-18 00:01:33
0191S0,1,IBK 코스닥150,14880,5,-105,-0.7,14873.0,,2996,44,110,2026-08-18 00:01:33
494180,4,TIME 글로벌소비트렌드액티브,13715,3,0,0.0,13515.0,-3.9566,0,0,110,2026-08-18 00:01:33
0068M0,4,KODEX 미국S&P500버퍼6월액티브,12190,3,0,0.0,12158.0,-0.9039,1,0,110,2026-08-18 00:01:33
0002C0,4,에셋플러스 인도일등기업포커스20액티브,10090,5,-20,-0.2,10087.0,5.8638,14,0,109,2026-08-18 00:01:33
0067Y0,4,TIGER 차이나AI소프트웨어,12030,2,515,4.47,11560.0,-15.949,10,0,108,2026-08-18 00:01:33
310080,4,RISE 중국MSCI China(H),9350,2,100,1.08,9428.0,-7.6386,3,0,108,2026-08-18 00:01:33
0226G0,2,WON 피지컬AI TOP2플러스액티브,13365,2,20,0.15,13619.0,,100,1,107,2026-08-18 00:01:33
140570,2,RISE 수출주,26650,2,10,0.04,26754.0,-12.8558,5,0,107,2026-08-18 00:01:33
354350,4,HANARO 글로벌럭셔리S&P(합성),20445,3,0,0.0,20151.0,-0.0978,0,0,106,2026-08-18 00:01:33
456250,4,KODEX 유럽명품TOP10 STOXX,9175,5,-150,-1.61,9083.0,1.8306,970,9,106,2026-08-18 00:01:33
487910,4,ACE 인도컨슈머파워액티브,8775,5,-10,-0.11,8722.0,1.1514,1,0,105,2026-08-18 00:01:33
0227K0,4,RISE 미국우주위성통신,10525,2,325,3.19,10540.0,,91,0,105,2026-08-18 00:01:33
460270,6,KIWOOM 미국달러SOFR금리액티브(합성),12860,5,-5,-0.04,12853.0,-3.9926,11,0,104,2026-08-18 00:01:33
237440,7,TIGER 경기방어채권혼합,10395,3,0,0.0,10366.0,-0.4311,0,0,104,2026-08-18 00:01:33
0189Z0,2,DAISHIN343 금융&지주고배당,10350,3,0,0.0,10345.0,,0,0,104,2026-08-18 00:01:33
429010,4,TIGER 미국나스닥넥스트100,20695,3,0,0.0,20688.0,5.2377,0,0,103,2026-08-18 00:01:33
181480,7,ACE 미국부동산리츠(합성 H),85785,3,0,0.0,85803.0,1.221,0,0,103,2026-08-18 00:01:33
0120J0,2,BNK 카카오그룹포커스,8200,3,0,0.0,8079.0,-13.0435,0,0,103,2026-08-18 00:01:33
0113G0,4,KoAct 미국바이오헬스케어액티브,11265,2,5,0.04,11413.0,9.7465,14,0,101,2026-08-18 00:01:33
0203D0,7,PLUS 200위클리커버드콜채권혼합,9160,2,70,0.77,9201.0,,4,0,101,2026-08-18 00:01:33
281990,2,RISE 중소형고배당,18305,2,150,0.83,18210.0,-9.506,1,0,101,2026-08-18 00:01:33
252000,1,TIGER 200동일가중,20100,2,155,0.78,19996.0,-11.7469,1,0,101,2026-08-18 00:01:33
0224D0,4,KIWOOM 미국CPU반도체TOP4+,10035,2,65,0.65,9981.0,,69,0,100,2026-08-18 00:01:33
0214M0,2,MIDAS 바이오헬스케어액티브,11790,3,0,0.0,11574.0,,10,0,100,2026-08-18 00:01:33
0174R0,4,KIWOOM 미국성장다우존스,11775,3,0,0.0,11627.0,-1.7065,0,0,100,2026-08-18 00:01:33
117690,4,TIGER 차이나항셍30,19970,3,0,0.0,20226.0,-9.9234,0,0,100,2026-08-18 00:01:33
463690,4,KODEX 미국S&P500커뮤니케이션,18135,5,-310,-1.68,18142.0,-8.4188,169,3,100,2026-08-18 00:01:33
482030,2,KoAct 반도체&2차전지핵심소재액티브,9410,2,65,0.7,9334.0,-32.794,10,0,99,2026-08-18 00:01:33
399580,4,RISE 글로벌클린에너지,9865,2,10,0.1,9774.0,-21.8848,1,0,99,2026-08-18 00:01:33
301400,1,PLUS 코스닥150,14890,5,-60,-0.4,14908.0,-25.8065,3366,50,97,2026-08-18 00:01:33
449680,7,TIGER 한중전기차(합성),11380,3,0,0.0,11509.0,-25.426,0,0,97,2026-08-18 00:01:33
375270,7,RISE 글로벌데이터센터리츠(합성),14690,2,145,1.0,14593.0,-12.3268,22,0,95,2026-08-18 00:01:33
0084D0,7,KIWOOM 미국테크100월간목표헤지액티브,11865,5,-20,-0.17,11845.0,-3.4914,1,0,95,2026-08-18 00:01:33
480460,7,WON 한국부동산TOP3플러스,9490,2,50,0.53,9469.0,-4.2635,3,0,95,2026-08-18 00:01:33
0215T0,4,HANARO 미국AI광통신TOP10,10520,2,820,8.45,10574.0,,301,3,95,2026-08-18 00:01:33
341850,7,TIGER 리츠부동산인프라채권,4700,2,55,1.18,4648.0,-0.6094,1,0,94,2026-08-18 00:01:33
0133E0,4,TIGER 차이나증권,8910,2,145,1.65,9019.0,-4.4166,6,0,94,2026-08-18 00:01:33
371150,4,RISE 차이나항셍테크,7170,2,50,0.7,7223.0,-12.2107,6,0,93,2026-08-18 00:01:33
139240,2,TIGER 200 철강소재,11050,3,0,0.0,11014.0,-27.3744,406,4,93,2026-08-18 00:01:33
0219B0,2,KoAct 광통신&위성네트워크액티브,11510,5,-35,-0.3,11404.0,,200,2,92,2026-08-18 00:01:33
497510,4,ACE 글로벌빅파마,13110,3,0,0.0,13074.0,4.829,0,0,92,2026-08-18 00:01:33
395150,2,KODEX 웹툰&드라마,1900,5,-25,-1.3,1891.0,-18.9474,1021,1,91,2026-08-18 00:01:33
0216K0,7,KIWOOM 미국우주테크TOP2채권혼합50,9070,3,0,0.0,9230.0,,0,0,91,2026-08-18 00:01:33
174350,2,TIGER 로우볼,21305,3,0,0.0,21301.0,1.6879,0,0,89,2026-08-18 00:01:33
429980,7,SOL 한국형글로벌전기차&2차전지액티브,17875,3,0,0.0,18095.0,-16.1586,4,0,89,2026-08-18 00:01:33
435540,7,KIWOOM TDF2040액티브 적격,17860,3,0,0.0,17820.0,-3.0411,0,0,89,2026-08-18 00:01:33
230480,7,KIWOOM 미국달러선물인버스2X,4405,5,-20,-0.45,4421.0,10.3491,21,0,89,2026-08-18 00:01:33
215620,2,HK S&P코리아로우볼,16355,3,0,0.0,16400.0,-6.5963,0,0,88,2026-08-18 00:01:33
0218K0,2,BNK 스마트카,11765,3,0,0.0,11832.0,,0,0,88,2026-08-18 00:01:33
0219Z0,4,HANARO 미국S&P500액티브,11015,3,0,0.0,11400.0,,0,0,88,2026-08-18 00:01:33
395280,2,HANARO Fn K-게임,3750,3,0,0.0,3728.0,-11.1375,0,0,88,2026-08-18 00:01:33
381570,2,HANARO Fn친환경에너지,10335,3,0,0.0,10251.0,-30.1218,20,0,88,2026-08-18 00:01:33
270800,2,RISE KQ고배당,15925,3,0,0.0,15923.0,-14.1849,4,0,88,2026-08-18 00:01:33
457930,2,BNK 미래전략기술액티브,28945,3,0,0.0,29069.0,-19.1368,0,0,87,2026-08-18 00:01:33
497520,4,ACE 일라이릴리밸류체인,13335,5,-5,-0.04,13250.0,10.1568,137,1,87,2026-08-18 00:01:33
105010,4,TIGER 라틴35,6190,2,30,0.49,6221.0,-11.7092,67,0,87,2026-08-18 00:01:33
0172Y0,2,ACE K수출핵심TOP10산업액티브,10100,2,155,1.56,10138.0,-17.3317,32,0,86,2026-08-18 00:01:33
404540,2,TIGER KRX기후변화솔루션,24460,3,0,0.0,24580.0,-17.3479,0,0,86,2026-08-18 00:01:33
462340,4,에셋플러스 글로벌다이나믹시니어액티브,17115,3,0,0.0,16853.0,5.1289,0,0,86,2026-08-18 00:01:33
466810,2,BNK 2차전지양극재,5900,5,-50,-0.84,5790.0,-28.2268,206,1,86,2026-08-18 00:01:33
0138D0,2,RISE 동학개미,13105,2,270,2.1,13188.0,-29.5748,3,0,85,2026-08-18 00:01:33
395750,2,PLUS ESG가치주액티브,20980,3,0,0.0,21464.0,-10.4567,0,0,84,2026-08-18 00:01:33
261110,7,TIGER 미국달러선물레버리지,16760,5,-45,-0.27,16756.0,-9.0639,1,0,84,2026-08-18 00:01:33
182490,6,TIGER 단기선진하이일드(합성 H),13855,3,0,0.0,13868.0,0.3985,0,0,83,2026-08-18 00:01:33
256450,4,PLUS 심천차이넥스트(합성),16620,2,610,3.81,16838.0,-14.8857,40,0,83,2026-08-18 00:01:33
487920,4,ACE 인도시장대표BIG5그룹액티브,8270,5,-45,-0.54,8270.0,-1.6559,4,0,83,2026-08-18 00:01:33
253280,2,RISE 헬스케어,13740,5,-160,-1.15,13703.0,-13.6378,200,2,82,2026-08-18 00:01:33
217780,4,TIGER 차이나CSI300인버스(합성),5255,5,-15,-0.28,5215.0,8.6597,6,0,81,2026-08-18 00:01:33
0226D0,7,FOCUS 금융반도체지주채권혼합50액티브,10175,3,0,0.0,10297.0,,0,0,81,2026-08-18 00:01:33
0082F0,4,HANARO 유럽방산,11615,2,5,0.04,11813.0,13.5452,1,0,81,2026-08-18 00:01:33
225800,7,KIWOOM 미국달러선물레버리지,15770,5,-60,-0.38,15775.0,-9.3097,6,0,80,2026-08-18 00:01:33
494210,4,SOL 미국500타겟데일리커버드콜액티브,11380,3,0,0.0,11271.0,-0.5116,1,0,80,2026-08-18 00:01:33
0166T0,4,PLUS 글로벌저작권핵심기업액티브,9945,3,0,0.0,9963.0,-4.1446,0,0,80,2026-08-18 00:01:33
0184N0,7,PLUS 은채권혼합,8830,3,0,0.0,8965.0,-15.462,0,0,79,2026-08-18 00:01:33
435530,7,KIWOOM TDF2030액티브 적격,15765,3,0,0.0,15735.0,-3.4421,0,0,79,2026-08-18 00:01:33
189400,4,PLUS 글로벌MSCI(합성 H),26250,3,0,0.0,26192.0,3.5707,0,0,79,2026-08-18 00:01:33
0094X0,4,1Q 샤오미밸류체인액티브,8705,2,95,1.1,8921.0,-16.4472,18,0,78,2026-08-18 00:01:33
285690,2,FOCUS ESG리더스,22255,3,0,0.0,22374.0,-10.0627,0,0,78,2026-08-18 00:01:33
390400,4,KODEX 미국스마트모빌리티S&P,7775,3,0,0.0,7792.0,-8.9954,0,0,78,2026-08-18 00:01:33
438740,2,MIDAS 중소형액티브,34395,3,0,0.0,34710.0,-16.0381,0,0,77,2026-08-18 00:01:33
225050,4,TIGER 유로스탁스레버리지(합성 H),17170,3,0,0.0,17238.0,22.2499,7,0,77,2026-08-18 00:01:33
402460,2,HANARO Fn K-메타버스MZ,15450,2,60,0.39,15638.0,9.4693,20,0,77,2026-08-18 00:01:33
227570,2,TIGER 우량가치,21440,2,175,0.82,21381.0,-10.8573,3,0,77,2026-08-18 00:01:33
450180,7,KODEX 한중전기차(합성),11805,3,0,0.0,11815.0,-25.3557,0,0,77,2026-08-18 00:01:33
0184V0,2,UNICORN K바이오액티브,6635,5,-100,-1.48,6521.0,-29.9168,26,0,76,2026-08-18 00:01:33
488480,4,RISE 일본섹터TOP4Plus,13805,3,0,0.0,13844.0,-2.952,1,0,76,2026-08-18 00:01:33
0005C0,6,RISE 미국S&P500엔화노출(합성 H),11670,3,0,0.0,11588.0,-0.8918,0,0,76,2026-08-18 00:01:33
368680,2,KODEX K-뉴딜디지털플러스,8285,3,0,0.0,8204.0,-13.8156,27,0,75,2026-08-18 00:01:33
304670,6,KODEX 미국30년국채울트라선물인버스(H),12380,3,0,0.0,12531.0,2.8666,0,0,74,2026-08-18 00:01:33
326230,2,RISE 내수주플러스,11540,3,0,0.0,11651.0,-10.4038,0,0,74,2026-08-18 00:01:33
0047N0,4,PLUS 차이나AI테크TOP10,10505,3,0,0.0,10806.0,-11.3128,3,0,74,2026-08-18 00:01:33
437370,4,RISE 글로벌농업경제,10460,3,0,0.0,10489.0,-6.6009,0,0,73,2026-08-18 00:01:33
139290,2,TIGER 200 경기소비재,28065,2,95,0.34,28235.0,-18.6801,20,0,73,2026-08-18 00:01:33
0176P0,2,FOCUS AI반도체위클리고정커버드콜,13075,2,245,1.91,13183.0,-11.1619,1,0,72,2026-08-18 00:01:33
400590,4,SOL 글로벌탄소배출권선물ICE(합성),14305,3,0,0.0,14320.0,3.2851,0,0,72,2026-08-18 00:01:33
139660,7,KIWOOM 미국달러선물인버스,8200,3,0,0.0,8197.0,4.9264,0,0,71,2026-08-18 00:01:33
244670,2,KODEX 밸류Plus,11780,3,0,0.0,11821.0,-10.2259,0,0,71,2026-08-18 00:01:33
0036Z0,4,RISE 미국천연가스밸류체인,12710,3,0,0.0,12824.0,-3.5566,0,0,70,2026-08-18 00:01:33
429740,7,PLUS K리츠,6345,3,0,0.0,6290.0,-3.8473,1,0,70,2026-08-18 00:01:33
0102X0,4,ACE 유럽방산TOP10,10445,2,280,2.75,10442.0,8.9466,87,0,68,2026-08-18 00:01:33
456200,6,PLUS 미국달러SOFR금리액티브(합성),61370,3,0,0.0,61283.0,-4.1319,0,0,68,2026-08-18 00:01:33
315270,2,TIGER 200커뮤니케이션서비스,21030,3,0,0.0,21085.0,-7.9104,0,0,67,2026-08-18 00:01:33
307510,2,TIGER 의료기기,13425,5,-75,-0.56,13280.0,-23.1513,12,0,67,2026-08-18 00:01:33
250780,3,TIGER 코스닥150선물인버스,2355,2,30,1.29,2348.0,15.6716,11189,26,67,2026-08-18 00:01:33
316300,7,ACE 싱가포르리츠,13340,5,-35,-0.26,13440.0,-3.7319,10,0,67,2026-08-18 00:01:33
219900,4,ACE 중국본토CSI300레버리지(합성),4525,3,0,0.0,4720.0,-21.1673,0,0,63,2026-08-18 00:01:33
0114X0,4,RISE 글로벌게임테크TOP3Plus,8995,3,0,0.0,8880.0,7.5956,3,0,63,2026-08-18 00:01:33
0087F0,4,ACE 차이나AI빅테크TOP2+액티브,12575,3,0,0.0,12959.0,-8.5122,0,0,63,2026-08-18 00:01:33
291890,4,KODEX MSCI EM선물(H),12420,2,125,1.02,12427.0,-1.0065,18,0,62,2026-08-18 00:01:33
433250,1,UNICORN R&D 액티브,24510,3,0,0.0,24871.0,-12.8844,0,0,61,2026-08-18 00:01:33
0191B0,1,MIDAS 코스닥액티브,30385,2,315,1.05,30607.0,,23,0,61,2026-08-18 00:01:33
0053M0,2,더제이 중소형포커스액티브,13495,3,0,0.0,13569.0,-17.056,0,0,61,2026-08-18 00:01:33
138920,5,KODEX 콩선물(H),12100,2,300,2.54,12092.0,-4.5694,4,0,61,2026-08-18 00:01:33
407300,2,HANARO Fn골프테마,10915,3,0,0.0,10969.0,-21.7883,0,0,60,2026-08-18 00:01:33
470310,2,UNICORN 생성형AI강소기업액티브,20000,3,0,0.0,19915.0,10.2232,1125,22,60,2026-08-18 00:01:33
314700,2,HANARO 농업융복합산업,10905,3,0,0.0,11040.0,-20.0467,0,0,60,2026-08-18 00:01:33
483020,2,KIWOOM 의료AI,9910,5,-75,-0.75,9870.0,-19.0843,397,3,59,2026-08-18 00:01:33
451670,6,RISE 국채30년레버리지(합성),11835,3,0,0.0,11806.0,-21.4405,0,0,59,2026-08-18 00:01:33
413220,4,SOL 차이나태양광CSI(합성),4910,2,70,1.45,4992.0,-28.7188,191,0,59,2026-08-18 00:01:33
469530,3,RISE 미국달러선물인버스,9170,3,0,0.0,9176.0,5.5843,0,0,59,2026-08-18 00:01:33
401590,4,HANARO 글로벌탄소배출권선물ICE(합성),11490,3,0,0.0,11430.0,3.0955,0,0,59,2026-08-18 00:01:33
289670,6,PLUS 국채선물10년,52090,3,0,0.0,51770.0,-0.4397,0,0,58,2026-08-18 00:01:33
488200,2,KIWOOM K-2차전지북미공급망,12940,3,0,0.0,12973.0,-25.2763,9,0,58,2026-08-18 00:01:33
400580,4,SOL 유럽탄소배출권선물S&P(H),11525,5,-105,-0.9,11560.0,9.5103,1,0,58,2026-08-18 00:01:33
291630,3,KIWOOM 코스닥150선물레버리지,3955,2,35,0.89,3914.0,-52.6284,1096,4,57,2026-08-18 00:01:33
476310,4,RISE 글로벌비만산업TOP2+,10220,5,-35,-0.34,10170.0,3.1745,4,0,56,2026-08-18 00:01:33
499150,4,SOL 미국S&P500엔화노출(H),11215,5,-35,-0.31,11190.0,-2.5897,9,0,56,2026-08-18 00:01:33
267450,6,RISE 미국장기국채선물인버스(H),11180,3,0,0.0,11232.0,2.6629,1,0,56,2026-08-18 00:01:33
220130,4,SOL 차이나강소기업CSI500(합성 H),6950,3,0,0.0,7152.0,-7.4568,0,0,56,2026-08-18 00:01:33
432600,6,RISE 국채선물3년,55315,3,0,0.0,55233.0,0.8569,0,0,55,2026-08-18 00:01:33
0174J0,7,DAISHIN343 오피스리츠플러스,9020,3,0,0.0,9032.0,-3.1408,0,0,54,2026-08-18 00:01:33
483030,4,KIWOOM 미국블록버스터바이오테크의약품+,11915,3,0,0.0,11963.0,4.6262,20,0,54,2026-08-18 00:01:33
321410,7,KODEX 멀티에셋하이인컴(H),10655,3,0,0.0,10695.0,0.665,0,0,53,2026-08-18 00:01:33
490330,4,KoAct 미국치매&뇌질환치료제액티브,15210,5,-70,-0.46,15358.0,11.0061,21,0,53,2026-08-18 00:01:33
411860,4,KIWOOM 독일DAX,17730,2,75,0.42,17674.0,1.8744,10,0,53,2026-08-18 00:01:33
0015E0,7,KIWOOM 엔비디아미국30년국채혼합액티브(H),10605,3,0,0.0,10586.0,-1.6597,0,0,53,2026-08-18 00:01:33
474390,6,SOL 국고채30년액티브,39520,5,-440,-1.1,39905.0,-10.2326,2,0,53,2026-08-18 00:01:33
261920,4,ACE MSCI필리핀(합성),13125,3,0,0.0,13133.0,-0.7937,0,0,53,2026-08-18 00:01:33
0132D0,7,KoAct 글로벌K컬처밸류체인액티브,9515,3,0,0.0,9530.0,-6.5325,9242,87,52,2026-08-18 00:01:33
0073X0,5,FOCUS 알리바바미국채커버드콜혼합,9435,3,0,0.0,9376.0,-9.2464,0,0,52,2026-08-18 00:01:33
295000,6,RISE 국채선물10년,51385,3,0,0.0,51098.0,-0.5516,0,0,51,2026-08-18 00:01:33
0128D0,4,PLUS 차이나항셍테크위클리타겟커버드콜,7315,3,0,0.0,7398.0,-11.3102,0,0,51,2026-08-18 00:01:33
498610,4,RISE 인도디지털성장,8505,5,-140,-1.62,8519.0,8.8933,2,0,51,2026-08-18 00:01:33
0078V0,4,PLUS 미국로보택시,10055,3,0,0.0,10065.0,-15.646,0,0,50,2026-08-18 00:01:33
0015K0,4,TIGER 미국소비트렌드액티브,7370,3,0,0.0,7264.0,-2.0599,3,0,50,2026-08-18 00:01:33
391600,4,ACE 미국친환경그린테마,11070,3,0,0.0,11066.0,-12.869,0,0,50,2026-08-18 00:01:33
0154H0,4,KoAct 차이나바이오헬스케어액티브,8875,3,0,0.0,8955.0,-1.3889,0,0,49,2026-08-18 00:01:33
267440,6,RISE 미국장기국채선물(H),8010,5,-95,-1.17,8011.0,-0.9774,5,0,48,2026-08-18 00:01:33
244660,2,KODEX 퀄리티Plus,9575,3,0,0.0,9571.0,-7.5441,0,0,48,2026-08-18 00:01:33
243890,2,TIGER 200에너지화학레버리지,9020,5,-50,-0.55,8939.0,-30.869,317,2,47,2026-08-18 00:01:33
266550,2,PLUS 중형주저변동50,18935,3,0,0.0,19001.0,-9.2065,0,0,47,2026-08-18 00:01:33
0131A0,4,SOL 차이나소비트렌드,7875,2,35,0.45,7908.0,-18.6722,205,1,47,2026-08-18 00:01:33
373790,4,KIWOOM 미국방어배당성장나스닥,16190,5,-90,-0.55,16107.0,2.2101,5,0,45,2026-08-18 00:01:33
488210,2,KIWOOM K-반도체북미공급망,22165,3,0,0.0,22737.0,-23.4981,0,0,44,2026-08-18 00:01:33
277650,2,TIGER 코스피중형주,21660,2,290,1.36,21459.0,-18.7453,10,0,43,2026-08-18 00:01:33
227550,2,TIGER 200 산업재,12580,3,0,0.0,12511.0,-20.0763,1,0,43,2026-08-18 00:01:33
205720,4,ACE 일본TOPIX인버스(합성 H),1420,5,-3,-0.21,1432.0,-7.8368,139,0,43,2026-08-18 00:01:33
226380,2,ACE Fn성장소비주도주,6040,3,0,0.0,5984.0,-8.4849,0,0,42,2026-08-18 00:01:33
0050E0,4,PLUS 미국AI에이전트,8405,3,0,0.0,8145.0,9.5827,0,0,42,2026-08-18 00:01:33
238670,7,PLUS 스마트베타Quality채권혼합,13680,3,0,0.0,13633.0,2.2803,0,0,41,2026-08-18 00:01:33
252420,3,RISE 200선물인버스2X,77,5,-3,-3.75,76.0,-25.2337,23223,1,41,2026-08-18 00:01:33
291680,4,RISE 차이나H선물인버스(H),7805,5,-80,-1.01,7818.0,4.0924,8,0,39,2026-08-18 00:01:33
334690,5,RISE 팔라듐선물(H),6000,2,65,1.1,6035.0,-15.9349,73,0,39,2026-08-18 00:01:33
225030,4,TIGER 미국S&P500선물인버스(H),2230,2,15,0.68,2233.0,-3.9046,99,0,38,2026-08-18 00:01:33
0079X0,4,ACE BYD밸류체인액티브,10500,2,55,0.53,10652.0,-16.7066,32,0,37,2026-08-18 00:01:33
427120,2,RISE AI플랫폼,5540,5,-10,-0.18,5488.0,-12.9412,52,0,37,2026-08-18 00:01:33
267490,6,RISE 미국장기국채선물레버리지(합성 H),4940,5,-100,-1.98,4936.0,-4.8159,3,0,35,2026-08-18 00:01:33
306530,3,HANARO 코스닥150선물레버리지,7815,5,-65,-0.82,7732.0,-53.1232,51,0,34,2026-08-18 00:01:33
489010,4,PLUS 글로벌AI인프라,21945,5,-275,-1.24,21992.0,-2.3941,82,1,33,2026-08-18 00:01:33
476000,2,UNICORN 포스트IPO액티브,5775,3,0,0.0,5734.0,-44.149,0,0,32,2026-08-18 00:01:33
454180,4,KIWOOM 차이나내수소비TOP CSI,7845,3,0,0.0,7846.0,-10.537,0,0,31,2026-08-18 00:01:33
227560,2,TIGER 200 생활소비재,12925,5,-140,-1.07,12893.0,-6.4497,5,0,31,2026-08-18 00:01:33
145670,3,ACE 인버스,1248,5,-37,-2.88,1250.0,-4.6029,1846,2,29,2026-08-18 00:01:33
280940,5,KODEX 골드선물인버스(H),3490,5,-5,-0.14,3413.0,9.9056,310,1,28,2026-08-18 00:01:33
252410,3,RISE 200선물인버스,1313,3,0,0.0,1274.0,-4.0205,1,0,26,2026-08-18 00:01:33
491630,4,RISE 미국반도체인버스(합성 H),5110,3,0,0.0,5070.0,-14.6912,5,0,24,2026-08-18 00:01:33
291620,3,KIWOOM 코스닥150선물인버스,4100,3,0,0.0,4145.0,14.6853,0,0,23,2026-08-18 00:01:33
334700,5,RISE 팔라듐선물인버스(H),3380,3,0,0.0,3320.0,10.4575,0,0,22,2026-08-18 00:01:33
275750,3,RISE 코스닥150선물인버스,2345,3,0,0.0,2379.0,14.6699,0,0,21,2026-08-18 00:01:33
253230,3,KIWOOM 200선물인버스2X,73,5,-3,-3.95,72.0,-27.6191,8347,0,19,2026-08-18 00:01:33
253240,3,KIWOOM 200선물인버스,1309,3,0,0.0,1274.0,-5.3507,0,0,16,2026-08-18 00:01:33
465620,4,ACE 미국빅테크TOP7 Plus인버스(합성),6230,3,0,0.0,6324.0,0.4029,31,0,16,2026-08-18 00:01:33
306520,3,HANARO 200선물인버스,2400,3,0,0.0,2330.0,-3.6145,0,0,14,2026-08-18 00:01:33
412560,2,TIGER BBIG레버리지,1998,2,25,1.27,1951.0,-29.7865,162,0,14,2026-08-18 00:01:33
253160,3,PLUS 200선물인버스2X,154,5,-5,-3.14,147.0,-26.7282,9397,1,11,2026-08-18 00:01:33
397420,6,RISE 국채선물5년추종,50580,3,0,0.0,50424.0,0.3471,0,0,3,2026-08-18 00:01:33
