itemcode,etfTabCode,itemname,nowVal,risefall,changeVal,changeRate,nav,threeMonthEarnRate,quant,amonut,marketSum,collected_at
069500,1,KODEX 200,108475,2,6715,6.6,108801.0,-10.8037,24323337,2622257,255079,2026-08-20 04:48:49
360750,4,TIGER 미국S&P500,26690,2,55,0.21,26640.0,-3.278,31649316,843690,204859,2026-08-20 04:48:49
133690,4,TIGER 미국나스닥100,182272,2,527,0.29,181598.0,-5.5688,3463656,631142,114303,2026-08-20 04:48:49
102110,1,TIGER 200,108705,2,6710,6.58,109076.0,-10.6825,13763213,1482769,104085,2026-08-20 04:48:49
379800,4,KODEX 미국S&P500,24265,2,50,0.21,24215.0,-3.2966,20059237,485940,100712,2026-08-20 04:48:49
396500,2,TIGER 반도체TOP10,36140,2,3000,9.05,36198.0,-23.9211,11491423,407613,96891,2026-08-20 04:48:49
379810,4,KODEX 미국나스닥100,27250,2,80,0.29,27150.0,-5.5714,9620979,262080,92732,2026-08-20 04:48:49
488770,7,KODEX 머니마켓액티브,105280,2,15,0.01,105297.0,0.8382,683293,71936,79265,2026-08-20 04:48:49
278530,1,KODEX 200TR,39265,2,2370,6.42,39378.0,-10.6659,1218874,47587,77862,2026-08-20 04:48:49
459580,6,KODEX CD금리액티브(합성),1075370,2,255,0.02,1075351.0,0.7172,391913,421450,66463,2026-08-20 04:48:49
498400,2,KODEX 200타겟위클리커버드콜,20520,2,1275,6.63,20577.0,-11.023,7529720,152860,58872,2026-08-20 04:48:49
122630,3,KODEX 레버리지,109245,2,12505,12.93,109618.0,-34.7168,16457502,1761029,58555,2026-08-20 04:48:49
381180,4,TIGER 미국필라델피아반도체나스닥,43135,2,45,0.1,42580.0,-2.2378,2359979,101558,58081,2026-08-20 04:48:49
0167A0,2,SOL AI반도체TOP2플러스,17680,2,1100,6.63,17713.0,-4.8221,18477209,322156,57089,2026-08-20 04:48:49
091160,2,KODEX 반도체,127175,2,9055,7.67,127361.0,-15.854,1277184,159940,55830,2026-08-20 04:48:49
229200,1,KODEX 코스닥150,14620,2,390,2.74,14638.0,-21.5546,17537247,256178,52778,2026-08-20 04:48:49
148020,1,RISE 200,109315,2,6630,6.46,109640.0,-10.7143,945203,102445,46131,2026-08-20 04:48:49
310970,1,TIGER MSCI Korea TR,48590,2,3380,7.48,48689.0,-9.9762,22445,1079,44071,2026-08-20 04:48:49
458730,4,TIGER 미국배당다우존스,15455,2,150,0.98,15482.0,0.6737,1770314,27337,43297,2026-08-20 04:48:49
0162Z0,7,RISE 삼성전자SK하이닉스채권혼합50,13490,2,710,5.56,13510.0,-2.2378,7969699,106344,41428,2026-08-20 04:48:49
411060,5,ACE KRX금현물,28080,2,780,2.86,28061.0,-9.901,780722,21962,41362,2026-08-20 04:48:49
395160,2,KODEX AI반도체TOP2플러스,39985,2,3085,8.36,40037.0,0.0,5985773,235065,40425,2026-08-20 04:48:49
360200,4,ACE 미국S&P500,26985,2,60,0.22,26931.0,-3.3137,306338,8247,39884,2026-08-20 04:48:49
381170,4,TIGER 미국테크TOP10 INDXX,30860,2,180,0.59,30746.0,-11.4191,441470,13593,38066,2026-08-20 04:48:49
233740,3,KODEX 코스닥150레버리지,7575,2,385,5.35,7601.0,-47.5948,69051084,522206,37928,2026-08-20 04:48:49
423160,6,KODEX KOFR금리액티브(합성),110817,2,7,0.01,110813.0,0.6703,36629,4059,35883,2026-08-20 04:48:49
395270,2,HANARO Fn K-반도체,56715,2,4265,8.13,56775.0,-1.871,1283729,71460,35844,2026-08-20 04:48:49
357870,6,TIGER CD금리투자KIS(합성),57935,2,10,0.02,57937.0,0.7303,146126,8466,35506,2026-08-20 04:48:49
367380,4,ACE 미국나스닥100,31335,2,95,0.3,31216.0,-5.5797,453646,14200,34813,2026-08-20 04:48:49
102780,2,KODEX 삼성그룹,26140,2,970,3.85,26180.0,-0.8665,499297,12975,33773,2026-08-20 04:48:49
273130,6,KODEX 종합채권(AA-이상)액티브,109740,2,210,0.19,109696.0,-0.7071,10258,1124,33522,2026-08-20 04:48:49
487240,2,KODEX AI전력핵심설비,35280,5,-470,-1.31,35289.0,-29.488,1650683,58542,30976,2026-08-20 04:48:49
455890,6,RISE 머니마켓액티브,55420,2,15,0.03,55425.0,0.7821,133903,7421,29942,2026-08-20 04:48:49
0043B0,6,TIGER 머니마켓액티브,103420,2,35,0.03,103421.0,0.8634,79336,8204,29603,2026-08-20 04:48:49
139260,2,TIGER 200 IT,137310,2,8920,6.95,137591.0,-5.3809,352202,47578,27737,2026-08-20 04:48:49
481050,6,KODEX CD1년금리플러스액티브(합성),1023460,2,265,0.03,1023303.0,0.7582,34290,35094,25665,2026-08-20 04:48:49
426030,4,TIME 미국나스닥100액티브,46255,2,280,0.61,45594.0,-9.853,625145,28820,24774,2026-08-20 04:48:49
0193T0,2,KODEX SK하이닉스단일종목레버리지,10310,2,2245,27.84,10332.0,,28951095,281919,24463,2026-08-20 04:48:49
449170,6,TIGER KOFR금리액티브(합성),111650,2,15,0.01,111638.0,0.6536,65021,7259,24373,2026-08-20 04:48:49
278540,1,KODEX MSCI Korea TR,38675,2,2585,7.16,38760.0,-10.2686,37220,1413,23630,2026-08-20 04:48:49
472150,2,TIGER 배당커버드콜액티브,20710,2,1280,6.59,20743.0,-9.5577,3171665,64812,23562,2026-08-20 04:48:49
161510,2,PLUS 고배당주,24770,5,-160,-0.64,24759.0,-4.0387,460424,11468,23504,2026-08-20 04:48:49
486290,4,TIGER 미국나스닥100타겟데일리커버드콜,10735,2,25,0.23,10695.0,-5.9844,1670230,17920,23477,2026-08-20 04:48:49
456600,4,TIME 글로벌AI인공지능액티브,58350,2,780,1.35,57835.0,-5.5378,184887,10717,21519,2026-08-20 04:48:49
284430,6,KODEX 200미국채혼합50,21085,2,680,3.33,21105.0,-8.2286,587429,12318,20579,2026-08-20 04:48:49
292150,2,TIGER 코리아TOP10,38170,2,2195,6.1,38228.0,-9.9104,482524,18211,20535,2026-08-20 04:48:49
385540,6,RISE 종합채권(A-이상)액티브,102730,2,195,0.19,102707.0,-0.6829,305,31,19154,2026-08-20 04:48:49
105190,1,ACE 200,108705,2,6620,6.48,109036.0,-10.7988,374283,40491,18425,2026-08-20 04:48:49
294400,1,KIWOOM 200TR,142335,2,8775,6.57,142736.0,-10.6593,38744,5496,18361,2026-08-20 04:48:49
214980,6,KODEX 단기채권PLUS,114532,2,2,0.0,114568.0,0.6305,33510,3838,18235,2026-08-20 04:48:49
442580,4,PLUS 글로벌HBM반도체,102030,2,5590,5.8,101170.0,2.4921,916789,92208,17519,2026-08-20 04:48:49
441640,4,KODEX 미국배당커버드콜액티브,12910,2,30,0.23,12886.0,-0.0825,603305,7777,16964,2026-08-20 04:48:49
0193W0,2,KODEX 삼성전자단일종목레버리지,12885,2,1855,16.82,12891.0,,10426592,129661,16760,2026-08-20 04:48:49
305720,2,KODEX 2차전지산업,14365,2,170,1.2,14370.0,-23.0624,1327771,19248,16692,2026-08-20 04:48:49
477080,6,RISE CD금리액티브(합성),107370,2,25,0.02,107371.0,0.7035,4455,478,16656,2026-08-20 04:48:49
446770,4,ACE 글로벌반도체TOP4 Plus,77955,2,1995,2.63,77430.0,-5.0363,77956,6022,15708,2026-08-20 04:48:49
152100,1,PLUS 200,110085,2,6715,6.5,110465.0,-10.7328,250619,27393,15522,2026-08-20 04:48:49
368590,4,RISE 미국나스닥100,30400,2,85,0.28,30283.0,-5.5205,179457,5451,15504,2026-08-20 04:48:49
329200,2,TIGER 리츠부동산인프라,4085,3,0,0.0,4082.0,-1.7442,2571278,10507,15374,2026-08-20 04:48:49
0177N0,7,KODEX 삼성전자SK하이닉스채권혼합50,14245,2,750,5.56,14266.0,-2.3257,4272221,60207,15313,2026-08-20 04:48:49
466920,2,SOL 조선TOP3플러스,28360,2,190,0.67,28355.0,-20.9375,486923,13857,15173,2026-08-20 04:48:49
453850,6,ACE 미국30년국채액티브(H),7210,2,100,1.41,7211.0,-1.1416,886113,6387,15112,2026-08-20 04:48:49
487230,4,KODEX 미국AI전력핵심인프라,20095,5,-170,-0.84,19929.0,-20.0617,471624,9464,15091,2026-08-20 04:48:49
379780,4,RISE 미국S&P500,23345,2,50,0.21,23287.0,-3.2232,77484,1805,14894,2026-08-20 04:48:49
0195S0,2,TIGER SK하이닉스단일종목레버리지,8720,2,1845,26.84,8740.0,,17557575,145395,14602,2026-08-20 04:48:49
475630,7,TIGER CD1년금리액티브(합성),1074985,2,295,0.03,1074989.0,0.7646,20830,22391,14483,2026-08-20 04:48:49
232080,1,TIGER 코스닥150,14905,2,400,2.76,14927.0,-21.7216,3046878,45315,13933,2026-08-20 04:48:49
091230,2,TIGER 반도체,134545,2,8855,7.05,134800.0,-14.7972,163471,21710,13643,2026-08-20 04:48:49
436140,6,SOL 종합채권(AA-이상)액티브,106020,2,200,0.19,106046.0,-0.6945,3578,379,13590,2026-08-20 04:48:49
157450,6,TIGER 단기통안채,112455,2,20,0.02,112462.0,0.6309,12482,1403,12913,2026-08-20 04:48:49
390390,4,KODEX 미국반도체,53772,2,127,0.24,53169.0,-3.5422,640847,34334,12852,2026-08-20 04:48:49
448330,1,KODEX 삼성전자채권혼합,17500,2,395,2.31,17521.0,-0.0922,606565,10567,12775,2026-08-20 04:48:49
0072R0,5,TIGER KRX금현물,13410,2,370,2.84,13410.0,-10.1929,666450,8944,12411,2026-08-20 04:48:49
438080,7,ACE 미국S&P500미국채혼합50액티브,14230,2,5,0.04,14219.0,-4.8814,333025,4728,12394,2026-08-20 04:48:49
0183J0,4,TIGER 미국우주테크,8445,5,-90,-1.05,8389.0,-38.6413,1125804,9449,12372,2026-08-20 04:48:49
226490,1,KODEX 코스피,70370,2,4045,6.1,70481.0,-11.3278,1261947,88678,11611,2026-08-20 04:48:49
469150,2,ACE AI반도체TOP3+,58210,2,3380,6.16,58299.0,-16.6148,302120,17386,11264,2026-08-20 04:48:49
445290,2,KODEX 로봇액티브,31930,2,565,1.8,31933.0,-14.7246,252752,8059,11112,2026-08-20 04:48:49
449450,2,PLUS K방산,56085,2,300,0.54,56107.0,-18.9172,196190,11004,10965,2026-08-20 04:48:49
497570,4,TIGER 미국필라델피아AI반도체나스닥,21660,5,-60,-0.28,21416.0,-1.4012,969310,20950,10960,2026-08-20 04:48:49
494890,1,KODEX 200액티브,31300,2,1975,6.73,31403.0,-10.8423,280113,8735,10892,2026-08-20 04:48:49
0139F0,6,TIGER 12월자동연장금융채(AA-이상)액티브,102035,2,35,0.03,102041.0,0.7009,19,1,10793,2026-08-20 04:48:49
465580,4,ACE 미국빅테크TOP7 Plus,24435,2,115,0.47,24348.0,-6.2814,1025692,24968,10666,2026-08-20 04:48:49
446720,4,SOL 미국배당다우존스,14175,2,140,1.0,14191.0,0.7363,279167,3950,10575,2026-08-20 04:48:49
494310,2,KODEX 반도체레버리지,77505,2,10005,14.82,77923.0,-46.1293,3368551,254628,10347,2026-08-20 04:48:49
479520,6,RISE KOFR금리액티브(합성),106280,2,25,0.02,106265.0,0.6488,2237,237,10317,2026-08-20 04:48:49
455850,2,SOL AI반도체소부장,24045,2,410,1.73,24090.0,-17.0411,1062469,25579,10207,2026-08-20 04:48:49
449180,4,KODEX 미국S&P500(H),17230,2,80,0.47,17205.0,3.7184,309721,5336,10183,2026-08-20 04:48:49
356540,6,ACE 종합채권(AA-이상)액티브,101095,2,200,0.2,101040.0,-0.5128,56,5,10131,2026-08-20 04:48:49
469830,6,SOL 초단기채권액티브,54320,2,10,0.02,54324.0,0.8167,85891,4665,10085,2026-08-20 04:48:49
295040,1,SOL 200TR,40660,2,2465,6.45,40772.0,-10.5818,86489,3465,10002,2026-08-20 04:48:49
0195R0,2,TIGER 삼성전자단일종목레버리지,11735,2,1650,16.36,11724.0,,6614682,76263,9981,2026-08-20 04:48:49
451540,6,TIGER 종합채권(AA-이상)액티브,52735,2,140,0.27,52709.0,-0.811,3124,164,9916,2026-08-20 04:48:49
479080,6,1Q 머니마켓액티브,53710,2,10,0.02,53710.0,0.8545,69113,3712,9854,2026-08-20 04:48:49
237350,1,KODEX 코스피100,86730,2,5650,6.97,86879.0,-10.6851,283521,24292,9844,2026-08-20 04:48:49
402970,4,ACE 미국배당다우존스,15730,2,195,1.26,15733.0,0.6999,275490,4326,9784,2026-08-20 04:48:49
315930,2,KODEX Top5PlusTR,80780,2,3785,4.92,80877.0,-8.8008,20666,1655,9774,2026-08-20 04:48:49
494300,4,KODEX 미국나스닥100데일리커버드콜OTM,9295,2,15,0.16,9233.0,-8.2455,1149625,10665,9750,2026-08-20 04:48:49
0117V0,2,TIGER 코리아AI전력기기TOP3플러스,18270,5,-250,-1.35,18298.0,-27.2496,1133221,20812,9720,2026-08-20 04:48:49
495050,1,RISE 코리아밸류업,32285,2,1365,4.41,32359.0,-8.9941,125242,4017,9605,2026-08-20 04:48:49
438100,7,ACE 미국나스닥100미국채혼합50액티브,15395,2,40,0.26,15348.0,-6.0282,265417,4074,9406,2026-08-20 04:48:49
0117L0,6,KODEX 26-12 금융채(AA-이상)액티브,10150,3,0,0.0,10148.0,0.6445,5435,55,9219,2026-08-20 04:48:49
305540,2,TIGER 2차전지테마,18110,2,190,1.06,18115.0,-22.1209,568497,10374,8910,2026-08-20 04:48:49
487340,6,ACE 머니마켓액티브,105750,2,35,0.03,105753.0,0.8538,10188,1077,8597,2026-08-20 04:48:49
0177R0,2,TIGER 반도체TOP10커버드콜액티브,11320,2,870,8.33,11339.0,-11.8457,2776578,30920,8309,2026-08-20 04:48:49
475720,3,RISE 200위클리커버드콜,12740,2,690,5.73,12766.0,-11.7604,532335,6712,8205,2026-08-20 04:48:49
144600,5,KODEX 은선물(H),10910,2,670,6.54,10913.0,-18.4064,821240,8961,8052,2026-08-20 04:48:49
153130,6,KODEX 단기채권,113225,2,20,0.02,113223.0,0.6157,9747,1103,8027,2026-08-20 04:48:49
441800,1,TIME Korea플러스배당액티브,28685,2,1140,4.14,28687.0,-14.9569,158883,4520,7865,2026-08-20 04:48:49
476550,6,TIGER 미국30년국채커버드콜액티브(H),6890,2,100,1.47,6885.0,-1.3136,1120209,7712,7848,2026-08-20 04:48:49
498410,2,KODEX 금융고배당TOP10타겟위클리커버드콜,11350,5,-210,-1.82,11332.0,0.3858,1873420,21384,7809,2026-08-20 04:48:49
0025N0,7,TIGER TDF2045 적격,12140,2,20,0.17,12090.0,-2.6115,227521,2754,7806,2026-08-20 04:48:49
0048J0,6,KODEX 미국머니마켓액티브,13955,5,-30,-0.21,13950.0,-6.3244,634237,8824,7774,2026-08-20 04:48:49
371460,4,TIGER 차이나전기차SOLACTIVE,10595,2,55,0.52,10612.0,-24.7143,195913,2071,7696,2026-08-20 04:48:49
457480,4,ACE 테슬라밸류체인액티브,18700,2,560,3.09,18657.0,-23.1682,193747,3629,7695,2026-08-20 04:48:49
481060,6,KODEX 미국30년국채타겟커버드콜(합성 H),7420,2,65,0.88,7464.0,-1.0977,538951,3999,7683,2026-08-20 04:48:49
490590,4,RISE 미국AI밸류체인데일리고정커버드콜,14325,2,245,1.74,14214.0,-6.6713,436408,6229,7678,2026-08-20 04:48:49
069660,1,KIWOOM 200,108625,2,6865,6.75,108806.0,-10.7517,69668,7440,7604,2026-08-20 04:48:49
114800,3,KODEX 인버스,1019,5,-70,-6.43,1018.0,-6.2823,1212641848,1251212,7565,2026-08-20 04:48:49
466940,2,TIGER 은행고배당플러스TOP10,25150,5,-510,-1.99,25164.0,4.8496,433184,11008,7520,2026-08-20 04:48:49
0061Z0,6,RISE 단기특수은행채액티브,50960,2,15,0.03,50956.0,0.7415,143,7,7277,2026-08-20 04:48:49
102970,2,KODEX 증권,18650,2,860,4.83,18670.0,-31.9108,583429,10794,7264,2026-08-20 04:48:49
272580,6,TIGER 단기채권액티브,57050,2,15,0.03,57048.0,0.6707,9802,559,7196,2026-08-20 04:48:49
458760,4,TIGER 미국배당다우존스타겟커버드콜2호,11375,2,125,1.11,11385.0,1.269,180183,2044,7172,2026-08-20 04:48:49
462330,2,KODEX 2차전지산업레버리지,1007,2,26,2.65,1009.0,-49.6665,43843843,45018,7054,2026-08-20 04:48:49
385560,6,RISE KIS국고채30년Enhanced,50830,2,630,1.25,50692.0,-9.8177,25272,1274,7018,2026-08-20 04:48:49
0127P0,4,ACE 미국대형성장주액티브,10730,5,-25,-0.23,10645.0,-4.7711,132192,1414,6889,2026-08-20 04:48:49
456610,6,TIGER 미국달러SOFR금리액티브(합성),60460,5,-155,-0.26,60470.0,-6.2486,38809,2336,6862,2026-08-20 04:48:49
367760,2,RISE 네트워크인프라,57995,2,2315,4.16,58072.0,-4.1158,219959,12672,6814,2026-08-20 04:48:49
138540,2,TIGER 현대차그룹플러스,52010,5,-80,-0.15,52048.0,-18.6539,98175,5132,6793,2026-08-20 04:48:49
252670,3,KODEX 200선물인버스2X,77,5,-11,-12.5,76.0,-28.4553,9405593178,736364,6784,2026-08-20 04:48:49
495850,1,KODEX 코리아밸류업,32070,2,1250,4.06,32131.0,-9.3901,78589,2501,6783,2026-08-20 04:48:49
364980,2,TIGER 2차전지TOP10,9980,2,145,1.47,9972.0,-19.5502,1043184,10495,6712,2026-08-20 04:48:49
290130,2,RISE ESG사회책임투자,47215,2,3315,7.55,47294.0,-10.0502,174583,8149,6705,2026-08-20 04:48:49
0167B0,2,SOL 200타겟위클리커버드콜,11930,2,730,6.52,11955.0,-11.1283,1107157,13040,6693,2026-08-20 04:48:49
434730,2,HANARO 원자력iSelect,56400,5,-150,-0.27,56430.0,-24.8006,62956,3564,6655,2026-08-20 04:48:49
314250,4,KODEX 미국빅테크10(H),61822,2,792,1.3,61570.0,6.3362,46114,2848,6541,2026-08-20 04:48:49
418660,4,TIGER 미국나스닥100레버리지(합성),40980,2,220,0.54,40665.0,-13.2582,193839,7920,6495,2026-08-20 04:48:49
482730,4,TIGER 미국S&P500타겟데일리커버드콜,12100,2,55,0.46,12036.0,-3.059,247215,2979,6492,2026-08-20 04:48:49
0148J0,2,TIGER 코리아휴머노이드로봇산업,9550,2,85,0.9,9565.0,-21.9704,2770081,26551,6422,2026-08-20 04:48:49
491010,4,TIGER 글로벌AI전력인프라액티브,25450,5,-10,-0.04,25183.0,-17.6052,115212,2929,6388,2026-08-20 04:48:49
434060,7,KODEX TDF2050액티브 적격,17060,2,60,0.35,16951.0,-5.2742,73612,1252,6355,2026-08-20 04:48:49
329750,6,TIGER 미국달러단기채권액티브,13175,5,-35,-0.26,13173.0,-6.5441,214169,2814,6248,2026-08-20 04:48:49
0015B0,4,KoAct 미국나스닥성장기업액티브,18535,5,-105,-0.56,18342.0,-14.7496,704706,13024,6070,2026-08-20 04:48:49
0101N0,2,RISE AI전력인프라,19220,5,-35,-0.18,19257.0,-23.6065,203209,3918,6054,2026-08-20 04:48:49
489250,4,KODEX 미국배당다우존스,13305,2,145,1.1,13313.0,0.7913,292511,3887,6014,2026-08-20 04:48:49
484790,6,KODEX 미국30년국채액티브(H),8315,2,105,1.28,8320.0,-0.7015,363589,3023,5987,2026-08-20 04:48:49
371160,4,TIGER 차이나항셍테크,7255,2,105,1.47,7258.0,-10.5569,226957,1640,5924,2026-08-20 04:48:49
251600,7,PLUS 고배당주채권혼합,15340,5,-55,-0.36,15326.0,-0.9994,140175,2155,5921,2026-08-20 04:48:49
423920,4,TIGER 미국필라델피아반도체레버리지(합성),85950,5,-95,-0.11,83665.0,-15.2274,171333,14503,5896,2026-08-20 04:48:49
494670,2,TIGER 조선TOP10,22405,2,75,0.34,22421.0,-19.9642,172974,3896,5792,2026-08-20 04:48:49
0219E0,2,KODEX 200커버드콜액티브,8555,2,560,7.0,8561.0,,5049774,42653,5783,2026-08-20 04:48:49
396520,4,TIGER 차이나반도체FACTSET,13975,2,40,0.29,13970.0,-7.7153,603474,8494,5769,2026-08-20 04:48:49
466950,4,TIGER 글로벌AI액티브,30855,2,430,1.41,30510.0,-13.4178,119234,3648,5739,2026-08-20 04:48:49
449190,4,KODEX 미국나스닥100(H),22225,2,105,0.47,22148.0,1.4046,327897,7291,5667,2026-08-20 04:48:49
488080,3,TIGER 반도체TOP10레버리지,34640,2,5165,17.52,34734.0,-56.8701,6885355,230249,5664,2026-08-20 04:48:49
0019K0,7,TIME 미국나스닥100채권혼합50액티브,13325,2,65,0.49,13245.0,-3.3528,289360,3847,5597,2026-08-20 04:48:49
0007F0,6,KODEX 27-12 회사채(AA-이상)액티브,10180,3,0,0.0,10185.0,0.6426,39130,398,5545,2026-08-20 04:48:49
463250,2,TIGER K방산&우주,36220,5,-55,-0.15,36254.0,-17.7252,303886,11003,5487,2026-08-20 04:48:49
455030,6,KODEX 미국달러SOFR금리액티브(합성),12000,5,-5,-0.04,11985.0,-6.5701,132390,1583,5449,2026-08-20 04:48:49
491620,4,RISE 미국테크100데일리고정커버드콜,10790,2,70,0.65,10749.0,-4.724,449059,4841,5444,2026-08-20 04:48:49
0091P0,2,TIGER 코리아원자력,15950,5,-130,-0.81,15965.0,-24.93,420451,6735,5431,2026-08-20 04:48:49
438330,6,TIGER 우량회사채액티브,115630,2,80,0.07,115674.0,0.7674,6949,803,5376,2026-08-20 04:48:49
477050,6,PLUS 머니마켓액티브,53472,2,12,0.02,53473.0,0.8393,2989,159,5344,2026-08-20 04:48:49
365780,6,ACE 국고채10년,82550,2,165,0.2,82463.0,0.2982,3887,320,5324,2026-08-20 04:48:49
0105E0,2,SOL 코리아고배당,12725,5,-105,-0.82,12728.0,-4.5389,247266,3160,5281,2026-08-20 04:48:49
0190C0,2,RISE 현대차고정피지컬AI,8735,2,60,0.69,8733.0,-19.7874,728239,6379,5276,2026-08-20 04:48:49
444200,2,SOL 코리아메가테크액티브,46420,2,2125,4.8,46466.0,-16.3457,54649,2518,5269,2026-08-20 04:48:49
496080,1,TIGER 코리아밸류업,32160,2,1345,4.36,32214.0,-9.4461,85634,2733,5194,2026-08-20 04:48:49
462010,2,TIGER 2차전지소재Fn,4755,2,75,1.6,4764.0,-30.8715,1548654,7459,5159,2026-08-20 04:48:49
114260,6,KODEX 국고채3년,61830,2,15,0.02,61868.0,0.9801,7876,486,5118,2026-08-20 04:48:49
315960,2,RISE 대형고배당10TR,77430,2,4270,5.84,77543.0,-11.3911,60253,4637,5110,2026-08-20 04:48:49
251350,4,KODEX MSCI선진국,39760,2,140,0.35,39648.0,-2.2595,17005,674,5089,2026-08-20 04:48:49
435420,7,TIGER 미국나스닥100채권혼합50,14110,2,20,0.14,14095.0,-2.5142,241673,3409,4953,2026-08-20 04:48:49
243880,2,TIGER 200IT레버리지,333070,2,40575,13.87,334233.0,-34.4182,188909,61052,4913,2026-08-20 04:48:49
361580,1,RISE 200TR,61685,2,3690,6.36,61859.0,-10.5361,27482,1682,4904,2026-08-20 04:48:49
476800,7,KODEX 한국부동산리츠인프라,4222,2,12,0.29,4221.0,-5.434,196857,831,4830,2026-08-20 04:48:49
490490,7,SOL 미국배당미국채혼합50,11345,2,70,0.62,11336.0,-2.9313,127394,1442,4810,2026-08-20 04:48:49
499660,7,TIGER CD금리플러스액티브(합성),1001997,2,242,0.02,1001995.0,0.7639,10044,10064,4796,2026-08-20 04:48:49
277630,1,TIGER 코스피,71530,2,4270,6.35,71524.0,-11.5038,540527,38472,4757,2026-08-20 04:48:49
471230,6,KODEX 국고채10년액티브,103950,2,175,0.17,103917.0,0.2753,17963,1866,4691,2026-08-20 04:48:49
0163Y0,1,KoAct 코스닥액티브,9045,2,205,2.32,9050.0,-25.6519,305281,2763,4681,2026-08-20 04:48:49
0162M0,6,KODEX 금융채1~2년(AA-이상)PLUS액티브,10070,3,0,0.0,10071.0,0.9018,107,1,4654,2026-08-20 04:48:49
448290,4,TIGER 미국S&P500(H),17875,2,85,0.48,17843.0,3.6706,149088,2663,4612,2026-08-20 04:48:49
483280,4,KODEX 미국AI테크TOP10타겟커버드콜,11725,2,40,0.34,11663.0,-10.8939,103577,1210,4608,2026-08-20 04:48:49
473290,6,KODEX 26-12 회사채(AA-이상)액티브,10875,2,5,0.05,10874.0,0.555,21593,234,4512,2026-08-20 04:48:49
451000,6,PLUS 종합채권(AA-이상)액티브,107015,2,225,0.21,107094.0,-0.7482,1,0,4506,2026-08-20 04:48:49
293180,1,HANARO 200,108665,2,6635,6.5,109081.0,-10.6774,45602,4889,4455,2026-08-20 04:48:49
447770,7,TIGER 테슬라채권혼합Fn,13745,2,205,1.51,13765.0,-6.422,65930,905,4398,2026-08-20 04:48:49
451060,1,1Q 200액티브,34730,2,2115,6.48,34885.0,-11.219,58426,1998,4376,2026-08-20 04:48:49
148070,6,KIWOOM 국고채10년,104600,2,220,0.21,104504.0,0.2448,7528,786,4236,2026-08-20 04:48:49
474220,4,TIGER 미국테크TOP10타겟커버드콜,14940,2,100,0.67,14900.0,-9.2011,82013,1222,4221,2026-08-20 04:48:49
0023A0,4,SOL 미국양자컴퓨팅TOP10,25325,2,105,0.42,24984.0,-16.3378,92621,2339,4217,2026-08-20 04:48:49
0016X0,6,SOL 중단기회사채(A-이상)액티브,51455,2,15,0.03,51462.0,0.8726,12304,633,4163,2026-08-20 04:48:49
091180,2,KODEX 자동차,29320,5,-270,-0.91,29314.0,-13.432,109935,3232,4149,2026-08-20 04:48:49
480260,6,TIGER 27-04회사채(A+이상)액티브,53770,2,15,0.03,53780.0,0.58,752,40,4051,2026-08-20 04:48:49
0131V0,4,1Q 미국우주항공테크,12235,2,30,0.25,12234.0,-15.5948,34005,415,4007,2026-08-20 04:48:49
0173Y0,4,KODEX 미국AI광통신네트워크,11360,5,-25,-0.22,11107.0,-17.6059,638594,7210,4004,2026-08-20 04:48:49
462900,2,KoAct 바이오헬스케어액티브,15100,2,720,5.01,15147.0,-20.089,1581199,23786,3986,2026-08-20 04:48:49
0060H0,1,TIGER 토탈월드스탁액티브,12855,2,75,0.59,12858.0,-3.4595,49560,636,3985,2026-08-20 04:48:49
241180,4,TIGER 일본니케이225,35075,2,570,1.65,35111.0,0.0289,27735,967,3963,2026-08-20 04:48:49
385720,1,TIME 코스피액티브,25470,2,1440,5.99,25540.0,-12.2353,71503,1797,3948,2026-08-20 04:48:49
426020,4,TIME 미국S&P500액티브,32185,2,175,0.55,32018.0,-5.6588,49186,1577,3939,2026-08-20 04:48:49
471990,2,KODEX AI반도체핵심장비,23870,2,125,0.53,23911.0,-14.5139,1145509,27426,3915,2026-08-20 04:48:49
458250,6,TIGER 미국30년국채스트립액티브(합성 H),34700,2,890,2.63,34703.0,-3.5791,85343,2960,3887,2026-08-20 04:48:49
469070,2,RISE AI&로봇,11615,2,140,1.22,11615.0,-21.2693,191709,2227,3874,2026-08-20 04:48:49
0167Z0,4,KODEX 미국우주항공,8520,5,-120,-1.39,8466.0,-32.4788,468853,3980,3872,2026-08-20 04:48:49
439870,6,KODEX 국고채30년액티브,86105,2,815,0.96,86186.0,-7.4595,3520,301,3839,2026-08-20 04:48:49
496020,6,WON 전단채플러스액티브,52415,2,15,0.03,52413.0,0.9147,1496,78,3712,2026-08-20 04:48:49
0080G0,2,KODEX 방산TOP10,10970,2,5,0.05,10978.0,-16.3765,2001826,21948,3664,2026-08-20 04:48:49
439860,6,KODEX ESG종합채권(A-이상)액티브,113605,5,-15,-0.01,113690.0,0.6421,72,8,3616,2026-08-20 04:48:49
0040Y0,7,SOL 팔란티어커버드콜OTM채권혼합,8215,2,90,1.11,8180.0,0.2429,213640,1751,3586,2026-08-20 04:48:49
0043Y0,4,TIME 차이나AI테크액티브,20250,2,60,0.3,20298.0,-3.6507,73800,1497,3584,2026-08-20 04:48:49
484880,2,SOL 금융지주플러스고배당,21330,5,-635,-2.89,21337.0,6.0954,390843,8425,3583,2026-08-20 04:48:49
132030,5,KODEX 골드선물(H),25215,2,815,3.34,25228.0,-5.2428,95459,2415,3581,2026-08-20 04:48:49
310960,1,TIGER 200TR,63270,2,3580,6.0,63358.0,-10.4561,34899,2195,3543,2026-08-20 04:48:49
476760,6,ACE 미국30년국채액티브,9095,2,120,1.34,9072.0,-8.2487,455953,4137,3529,2026-08-20 04:48:49
448300,4,TIGER 미국나스닥100(H),22955,2,125,0.55,22872.0,1.3155,71252,1636,3512,2026-08-20 04:48:49
453810,4,KODEX 인도Nifty50,11840,2,10,0.08,11909.0,-4.8183,138766,1641,3505,2026-08-20 04:48:49
0144L0,4,KODEX 미국성장커버드콜액티브,9710,2,40,0.41,9673.0,-6.4189,153767,1490,3486,2026-08-20 04:48:49
474590,2,WON 반도체밸류체인액티브,43820,2,2210,5.31,43930.0,-3.714,43982,1917,3484,2026-08-20 04:48:49
385550,6,RISE 단기채권알파액티브,114050,2,40,0.04,114047.0,0.6533,361,41,3451,2026-08-20 04:48:49
0026S0,4,1Q 미국S&P500,13050,2,30,0.23,13032.0,-3.3776,90714,1181,3432,2026-08-20 04:48:49
0046A0,6,TIGER 미국초단기(3개월이하)국채,9650,5,-25,-0.26,9652.0,-6.5632,519193,4998,3405,2026-08-20 04:48:49
0182R0,2,1Q K반도체TOP2+,10555,2,775,7.92,10576.0,-23.5341,3700040,38283,3399,2026-08-20 04:48:49
456880,7,ACE 미국달러SOFR금리(합성),12240,5,-20,-0.16,12242.0,-6.5193,50946,622,3376,2026-08-20 04:48:49
279530,2,KODEX 고배당주,17280,5,-265,-1.51,17281.0,-0.8844,141497,2467,3370,2026-08-20 04:48:49
0052D0,2,TIGER 코리아배당다우존스,15190,5,-200,-1.3,15182.0,-3.2774,85913,1311,3365,2026-08-20 04:48:49
472170,7,TIGER 미국테크TOP10채권혼합,13910,2,35,0.25,13887.0,-5.2578,52338,727,3359,2026-08-20 04:48:49
442570,7,RISE TDF2050액티브 적격,17645,2,165,0.94,17467.0,-2.6303,124364,2184,3353,2026-08-20 04:48:49
270810,1,RISE 코스닥150,14565,2,420,2.97,14565.0,-21.3512,178805,2605,3347,2026-08-20 04:48:49
448630,7,RISE 삼성그룹Top3채권혼합,15390,2,330,2.19,15351.0,0.7694,277079,4214,3278,2026-08-20 04:48:49
385510,2,KODEX 신재생에너지액티브,38780,2,670,1.76,38863.0,-24.1064,66398,2591,3258,2026-08-20 04:48:49
0052S0,7,1Q 미국S&P500미국채혼합50액티브,11705,5,-5,-0.04,11699.0,-4.9345,133075,1553,3231,2026-08-20 04:48:49
0210A0,2,ACE K반도체TOP2+,7230,2,455,6.72,7238.0,,3026258,21526,3138,2026-08-20 04:48:49
0008S0,4,TIGER 미국배당다우존스타겟데일리커버드콜,10255,2,110,1.08,10272.0,0.446,249991,2558,3056,2026-08-20 04:48:49
0111P0,7,1Q 미국나스닥100미국채혼합50액티브,10925,2,40,0.37,10884.0,-6.1917,82468,898,3048,2026-08-20 04:48:49
485540,4,KODEX 미국AI테크TOP10,15040,2,70,0.47,14954.0,-11.2488,301798,4523,2978,2026-08-20 04:48:49
475300,2,SOL 반도체전공정,21320,2,460,2.21,21355.0,-7.0825,956866,20377,2974,2026-08-20 04:48:49
364970,2,TIGER 바이오TOP10,7980,2,370,4.86,7997.0,4.0328,2342739,18591,2957,2026-08-20 04:48:49
190620,6,ACE 단기통안채,101925,2,25,0.02,101928.0,0.6519,622,63,2951,2026-08-20 04:48:49
433330,4,SOL 미국S&P500,22310,2,65,0.29,22263.0,-3.3879,34383,765,2945,2026-08-20 04:48:49
483320,4,ACE 엔비디아밸류체인액티브,24575,2,280,1.15,24358.0,-3.7632,822876,20189,2937,2026-08-20 04:48:49
0038A0,4,KODEX 미국휴머노이드로봇,15340,2,95,0.62,15245.0,-14.4399,49879,764,2930,2026-08-20 04:48:49
453870,4,TIGER 인도니프티50,11645,3,0,0.0,11688.0,-5.127,44381,516,2917,2026-08-20 04:48:49
489030,2,PLUS 고배당주위클리커버드콜,6390,5,-35,-0.54,6381.0,-9.3995,347930,2231,2907,2026-08-20 04:48:49
454780,6,KIWOOM 종합채권(AA-이상)액티브,99245,2,230,0.23,99333.0,-0.9454,8,0,2887,2026-08-20 04:48:49
481190,4,SOL 미국테크TOP10,16755,2,115,0.69,16689.0,-11.3243,96610,1615,2882,2026-08-20 04:48:49
475080,7,KODEX 테슬라커버드콜채권혼합액티브,7900,2,60,0.77,7936.0,-5.6542,95565,756,2872,2026-08-20 04:48:49
461490,7,RISE 글로벌자산배분액티브,14770,2,70,0.48,14785.0,-2.7778,26438,390,2858,2026-08-20 04:48:49
441680,7,TIGER 미국나스닥100커버드콜(합성),10845,2,25,0.23,10853.0,-2.7742,40515,439,2852,2026-08-20 04:48:49
473330,6,SOL 미국30년국채커버드콜(합성),8160,2,85,1.05,8184.0,-8.0805,242533,1973,2848,2026-08-20 04:48:49
273140,6,KODEX 단기변동금리부채권액티브,114590,2,15,0.01,114582.0,0.5773,1977,226,2804,2026-08-20 04:48:49
0228G0,2,ACE 반도체Plus전략산업,10375,2,500,5.06,10387.0,,755261,7777,2801,2026-08-20 04:48:49
136340,6,RISE 중기우량회사채,104305,2,40,0.04,104334.0,0.7222,36661,3824,2772,2026-08-20 04:48:49
0094K0,6,TIGER 28-04 회사채(A+이상)액티브,99695,2,85,0.09,99666.0,0.8708,3727,371,2772,2026-08-20 04:48:49
307520,2,TIGER 지주회사,21690,2,100,0.46,21704.0,-11.0955,326913,7124,2765,2026-08-20 04:48:49
0162Y0,1,TIME 코스닥액티브,7625,2,180,2.42,7626.0,-27.1527,272850,2077,2703,2026-08-20 04:48:49
478150,4,TIME 글로벌우주테크&방산액티브,20875,5,-260,-1.23,20774.0,-8.7239,23830,495,2682,2026-08-20 04:48:49
421320,2,PLUS 우주항공,28980,2,85,0.29,28977.0,-37.2121,71709,2067,2681,2026-08-20 04:48:49
471780,2,TIGER 코리아테크액티브,34982,2,1882,5.69,35009.0,-12.1201,109708,3812,2680,2026-08-20 04:48:49
091170,2,KODEX 은행,15350,5,-485,-3.06,15354.0,7.914,746066,11597,2671,2026-08-20 04:48:49
213610,2,KODEX 삼성그룹밸류,22437,2,767,3.54,22445.0,-0.4823,11471,254,2670,2026-08-20 04:48:49
497880,6,SOL CD금리&머니마켓액티브,50135,2,10,0.02,50138.0,0.8323,72575,3638,2665,2026-08-20 04:48:49
0119H0,6,KODEX 28-12 회사채(AA-이상)액티브,9935,2,15,0.15,9932.0,0.6595,16945,168,2650,2026-08-20 04:48:49
123320,3,TIGER 레버리지,110170,2,12525,12.83,110284.0,-33.7417,260777,27990,2644,2026-08-20 04:48:49
196230,6,RISE 단기통안채,116815,5,-5,0.0,116863.0,0.5941,1466,171,2644,2026-08-20 04:48:49
0098F0,2,KODEX 원자력SMR,15050,2,5,0.03,15076.0,-23.2007,396304,5994,2626,2026-08-20 04:48:49
423170,4,SOL 글로벌AI반도체탑픽액티브,57500,2,2300,4.17,57282.0,-5.2361,49793,2840,2599,2026-08-20 04:48:49
471040,4,KoAct 글로벌AI&로봇액티브,28690,2,90,0.31,28522.0,-11.592,51685,1476,2596,2026-08-20 04:48:49
409820,4,KODEX 미국나스닥100레버리지(합성 H),20060,2,180,0.91,19922.0,0.8113,83576,1677,2588,2026-08-20 04:48:49
0053L0,4,TIGER 차이나휴머노이드로봇,9900,5,-85,-0.85,9880.0,-26.7067,487850,4847,2569,2026-08-20 04:48:49
283580,4,KODEX 차이나CSI300,15385,2,25,0.16,15408.0,-10.227,43082,664,2562,2026-08-20 04:48:49
139230,2,TIGER 200 중공업,12935,5,-15,-0.12,12938.0,-23.9875,36714,477,2543,2026-08-20 04:48:49
472920,6,HK 종합채권(AA-이상)액티브,97825,2,205,0.21,97874.0,-0.7675,229,22,2523,2026-08-20 04:48:49
495230,1,KoAct 코리아밸류업액티브,31045,2,1505,5.09,31106.0,-13.9784,34437,1061,2515,2026-08-20 04:48:49
483340,4,ACE 구글밸류체인액티브,22145,2,140,0.64,21926.0,-10.0368,80383,1771,2513,2026-08-20 04:48:49
0183V0,7,KIWOOM 삼성전자&SK하이닉스채권혼합50,11840,2,630,5.62,11847.0,-2.1693,910476,10640,2475,2026-08-20 04:48:49
302450,1,RISE 코스피,71065,2,3805,5.66,71067.0,-10.326,449673,31946,2452,2026-08-20 04:48:49
493810,4,TIGER 미국AI빅테크10타겟데일리커버드콜,11410,2,35,0.31,11382.0,-8.9546,82265,937,2430,2026-08-20 04:48:49
261260,7,KODEX 미국달러선물인버스2X,5240,2,30,0.58,5240.0,15.2654,331563,1748,2406,2026-08-20 04:48:49
388420,2,RISE 비메모리반도체액티브,26915,2,1230,4.79,26974.0,-18.3253,90188,2405,2401,2026-08-20 04:48:49
228790,2,TIGER 화장품,4530,2,170,3.9,4536.0,18.4782,5824346,26037,2395,2026-08-20 04:48:49
363580,2,KODEX 200IT TR,55435,2,3635,7.02,55534.0,-3.2951,97881,5336,2384,2026-08-20 04:48:49
245710,4,ACE 베트남VN30(합성),28155,2,315,1.13,28265.0,-13.9679,16224,454,2365,2026-08-20 04:48:49
448540,7,ACE 엔비디아채권혼합,26510,5,-15,-0.06,26447.0,-2.0857,19307,511,2359,2026-08-20 04:48:49
363570,6,KODEX 장기종합채권(AA-이상)액티브,86070,2,430,0.5,86071.0,-2.4713,1756,150,2357,2026-08-20 04:48:49
0182S0,7,1Q K반도체TOP2채권혼합50,12475,2,625,5.27,12512.0,-3.893,337725,4172,2352,2026-08-20 04:48:49
157500,2,TIGER 증권,12675,2,585,4.84,12679.0,-31.5466,388847,4875,2345,2026-08-20 04:48:49
486450,4,SOL 미국AI전력인프라,20185,2,205,1.03,20111.0,-15.5716,120364,2426,2341,2026-08-20 04:48:49
329650,7,KODEX TRF3070,14125,3,0,0.0,14160.0,-1.326,16925,238,2331,2026-08-20 04:48:49
472160,4,TIGER 미국테크TOP10 INDXX(H),18635,2,180,0.98,18560.0,-5.1645,41715,777,2329,2026-08-20 04:48:49
488980,6,SOL 26-12 회사채(AA-이상)액티브,52075,2,15,0.03,52083.0,0.6768,240,12,2305,2026-08-20 04:48:49
437080,6,KODEX 미국종합채권ESG액티브(H),97515,2,350,0.36,97516.0,-0.1579,861,83,2296,2026-08-20 04:48:49
463050,2,TIME K바이오액티브,13565,2,515,3.95,13577.0,-15.8065,459467,6230,2286,2026-08-20 04:48:49
452360,4,SOL 미국배당다우존스(H),13725,2,175,1.29,13729.0,8.2905,239405,3286,2278,2026-08-20 04:48:49
458260,6,TIGER 미국투자등급회사채액티브(H),46632,2,257,0.55,46579.0,-0.6957,4017,187,2276,2026-08-20 04:48:49
0092C0,6,SOL 27-12 회사채(AA-이상)액티브,50235,3,0,0.0,50251.0,0.7319,0,0,2274,2026-08-20 04:48:49
244580,2,KODEX 바이오,8755,2,215,2.52,8761.0,-19.7746,881832,7716,2269,2026-08-20 04:48:49
442320,4,RISE 글로벌원자력,35945,2,85,0.24,35870.0,-17.3402,8303,298,2261,2026-08-20 04:48:49
498270,4,KIWOOM 미국양자컴퓨팅,15120,2,45,0.3,15000.0,-0.75,31786,478,2260,2026-08-20 04:48:49
414780,4,TIGER 차이나과창판STAR50(합성),14205,5,-55,-0.39,14270.0,-10.9029,199727,2845,2223,2026-08-20 04:48:49
466930,2,SOL 자동차TOP3플러스,26795,2,130,0.49,26816.0,-5.0899,159209,4276,2211,2026-08-20 04:48:49
305080,6,TIGER 미국채10년선물,12465,5,-5,-0.04,12459.0,-7.079,54526,677,2206,2026-08-20 04:48:49
0104N0,2,TIGER 200타겟위클리커버드콜,20980,2,1235,6.25,20998.0,-10.8444,58115,1206,2203,2026-08-20 04:48:49
0094M0,2,RISE 코리아밸류업위클리고정커버드콜,17750,2,740,4.35,17766.0,-7.8822,350022,6165,2183,2026-08-20 04:48:49
0204D0,2,KODEX 현대차로보틱스밸류체인TOP3플러스,6650,5,-20,-0.3,6650.0,,918749,6128,2155,2026-08-20 04:48:49
0151S0,4,KODEX 미국AI반도체TOP3플러스,15045,5,-35,-0.23,14867.0,-4.4597,178359,2671,2121,2026-08-20 04:48:49
490090,4,TIGER 미국AI빅테크10,15910,2,90,0.57,15857.0,-8.3961,74872,1190,2116,2026-08-20 04:48:49
0089D0,2,KODEX 금융고배당TOP10,12815,5,-220,-1.69,12813.0,2.7026,157433,2028,2114,2026-08-20 04:48:49
267770,3,TIGER 200선물레버리지,83835,2,9685,13.06,83815.0,-34.3806,81333,6564,2096,2026-08-20 04:48:49
422420,2,RISE 2차전지액티브,6520,2,20,0.31,6527.0,-30.1609,72799,479,2096,2026-08-20 04:48:49
266160,2,RISE 고배당,32690,2,1335,4.26,32735.0,-8.289,21518,695,2092,2026-08-20 04:48:49
495060,1,TIME 코리아밸류업액티브,28505,2,1395,5.15,28588.0,-14.3038,117011,3289,2081,2026-08-20 04:48:49
433500,2,ACE 원자력TOP10,53190,2,20,0.04,53233.0,-28.2795,24429,1304,2074,2026-08-20 04:48:49
332930,1,HANARO 200TR,142285,2,8560,6.4,142748.0,-10.7578,1496,211,2063,2026-08-20 04:48:49
394670,4,TIGER 글로벌리튬&2차전지SOLACTIVE(합성),11450,2,115,1.01,11568.0,-17.1721,16773,192,2029,2026-08-20 04:48:49
0047A0,4,TIGER 차이나테크TOP10,13335,2,20,0.15,13383.0,-8.9262,123168,1645,2020,2026-08-20 04:48:49
0115D0,2,KODEX 조선TOP10,7890,2,40,0.51,7897.0,-19.8571,686149,5444,2008,2026-08-20 04:48:49
0069M0,4,1Q 미국나스닥100,13640,2,40,0.29,13589.0,-5.6551,157482,2144,1937,2026-08-20 04:48:49
302190,6,TIGER 중장기국채,50105,2,55,0.11,50089.0,0.603,4577,229,1934,2026-08-20 04:48:49
0005A0,4,KODEX 미국S&P500데일리커버드콜OTM,9670,2,25,0.26,9627.0,-3.5186,139780,1348,1934,2026-08-20 04:48:49
0192Z0,6,TIGER 중기종합채권(A-이상)액티브,100900,3,0,0.0,100947.0,0.8949,0,0,1927,2026-08-20 04:48:49
429000,4,TIGER 미국S&P500배당귀족,13865,2,110,0.8,13844.0,1.8285,52669,729,1920,2026-08-20 04:48:49
495550,1,SOL 코리아밸류업TR,32805,2,1405,4.47,32861.0,-9.8479,10194,331,1919,2026-08-20 04:48:49
0091C0,6,KODEX 미국10년국채액티브(H),9630,2,40,0.42,9624.0,-0.0028,34488,332,1917,2026-08-20 04:48:49
480040,4,ACE 미국반도체데일리타겟커버드콜(합성),14840,5,-35,-0.24,14628.0,-10.211,185950,2748,1900,2026-08-20 04:48:49
433980,7,KODEX TDF2040액티브 적격,16015,2,20,0.13,15950.0,-2.0629,34356,548,1890,2026-08-20 04:48:49
122090,1,PLUS 코스피50,81800,2,5500,7.21,81942.0,-10.1999,55079,4457,1890,2026-08-20 04:48:49
117700,2,KODEX 건설,6560,5,-40,-0.61,6564.0,-15.7874,972505,6431,1870,2026-08-20 04:48:49
233160,3,TIGER 코스닥150 레버리지,8395,2,415,5.2,8396.0,-47.6722,1760628,14761,1859,2026-08-20 04:48:49
0082V0,7,KODEX TDF2060액티브 적격,11365,5,-5,-0.04,11345.0,-5.2813,56423,641,1852,2026-08-20 04:48:49
473460,4,KODEX 미국서학개미,23540,2,415,1.79,23383.0,-12.9864,57091,1344,1813,2026-08-20 04:48:49
463290,6,1Q 단기금융채액티브,109170,2,30,0.03,109170.0,0.7337,1332,145,1805,2026-08-20 04:48:49
0040X0,7,SOL 팔란티어미국채커버드콜혼합,9680,2,145,1.52,9680.0,1.8109,57536,557,1800,2026-08-20 04:48:49
483290,4,KODEX 미국배당다우존스타겟커버드콜,10675,2,125,1.18,10676.0,0.9007,153950,1638,1772,2026-08-20 04:48:49
0005G0,2,IBK K-AI반도체코어테크,50270,2,2540,5.32,50399.0,-3.2178,21977,1091,1734,2026-08-20 04:48:49
0093A0,2,RISE AI반도체TOP10,31785,2,1385,4.56,31842.0,-14.4747,102499,3203,1732,2026-08-20 04:48:49
0190G0,2,KODEX 반도체타겟위클리커버드콜,8835,2,640,7.81,8860.0,-16.958,328216,2856,1732,2026-08-20 04:48:49
494330,2,ACE 라이프자산주주가치액티브,32610,2,805,2.53,32588.0,9.9051,12592,409,1728,2026-08-20 04:48:49
0099L0,6,ACE 우량회사채(AA-이상)액티브,99645,3,0,0.0,99703.0,0.9779,37028,3691,1728,2026-08-20 04:48:49
200250,4,KIWOOM 인도Nifty50(합성),21780,2,140,0.65,21843.0,-5.1917,4210,91,1721,2026-08-20 04:48:49
490600,4,RISE 미국배당100데일리고정커버드콜,9325,2,60,0.65,9336.0,1.909,111747,1040,1720,2026-08-20 04:48:49
480020,4,ACE 미국빅테크7+데일리타겟커버드콜(합성),10450,2,90,0.87,10394.0,-15.0276,636532,6626,1714,2026-08-20 04:48:49
472870,6,RISE 미국30년국채엔화노출(합성 H),7035,2,95,1.37,7064.0,-9.3418,346713,2432,1706,2026-08-20 04:48:49
0051G0,4,SOL 미국원자력SMR,13775,2,485,3.65,13655.0,-12.9381,57927,789,1687,2026-08-20 04:48:49
403790,1,MIDAS 코스피액티브,57630,2,3355,6.18,57686.0,-10.356,1299,74,1686,2026-08-20 04:48:49
461950,2,KODEX 2차전지핵심소재10,4830,2,80,1.68,4824.0,-30.0036,673698,3290,1683,2026-08-20 04:48:49
332500,1,ACE 200TR,72935,2,4450,6.5,73138.0,-10.792,36947,2669,1678,2026-08-20 04:48:49
412570,2,TIGER 2차전지TOP10레버리지,1185,2,40,3.49,1187.0,-45.6058,4690307,5635,1676,2026-08-20 04:48:49
160580,5,TIGER 구리실물,16420,2,120,0.74,16345.0,-1.3318,35913,588,1675,2026-08-20 04:48:49
337160,2,KODEX 200ESG,47730,2,2655,5.89,47822.0,-6.6141,20448,958,1671,2026-08-20 04:48:49
494220,2,UNICORN SK하이닉스밸류체인액티브,46575,2,2285,5.16,46680.0,-6.1752,106938,4915,1653,2026-08-20 04:48:49
143860,2,TIGER 헬스케어,40275,2,1230,3.15,40308.0,-6.5462,20710,835,1627,2026-08-20 04:48:49
237370,7,KODEX 코리아배당성장채권혼합,15630,2,10,0.06,15645.0,-1.2613,41394,647,1626,2026-08-20 04:48:49
0180V0,4,ACE 미국우주테크액티브,8585,5,-120,-1.38,8526.0,-34.2523,99460,848,1614,2026-08-20 04:48:49
480030,4,ACE 미국500데일리타겟커버드콜(합성),10085,2,30,0.3,10066.0,-5.2378,123762,1244,1614,2026-08-20 04:48:49
0064K0,5,KODEX 금액티브,13100,2,400,3.15,13115.0,-11.4366,73580,965,1610,2026-08-20 04:48:49
272560,6,RISE 단기국공채액티브,114820,2,20,0.02,114825.0,0.6576,2195,252,1603,2026-08-20 04:48:49
354500,1,ACE 코스닥150,14785,2,425,2.96,14788.0,-21.3151,89563,1323,1582,2026-08-20 04:48:49
491820,2,HANARO 전력설비투자,42255,5,-400,-0.94,42224.0,-29.6413,47473,2013,1563,2026-08-20 04:48:49
491610,6,1Q CD금리액티브(합성),104765,2,30,0.03,104745.0,0.7115,2116,221,1554,2026-08-20 04:48:49
464240,6,KIWOOM 26-09회사채(AA-이상)액티브,52365,3,0,0.0,52375.0,0.7102,1291,67,1545,2026-08-20 04:48:49
152870,1,파워 200,109610,2,6780,6.59,109810.0,-10.4236,877,94,1535,2026-08-20 04:48:49
0151P0,2,RISE 코리아전략산업액티브,14830,2,810,5.78,14852.0,-20.0924,193588,2842,1505,2026-08-20 04:48:49
0127M0,4,ACE 미국대형가치주액티브,12570,5,-15,-0.12,12528.0,4.5091,110120,1383,1502,2026-08-20 04:48:49
219480,4,KODEX 미국S&P500선물(H),33310,2,185,0.56,33320.0,3.4509,4174,139,1499,2026-08-20 04:48:49
457990,2,PLUS 태양광&ESS,39085,2,1055,2.77,39069.0,-12.7553,441207,17437,1485,2026-08-20 04:48:49
458210,7,KIWOOM CD금리액티브(합성),110500,2,15,0.01,110470.0,0.7247,785,86,1484,2026-08-20 04:48:49
0048K0,4,KODEX 차이나휴머노이드로봇,8595,5,-155,-1.77,8591.0,-26.8528,1137968,9821,1483,2026-08-20 04:48:49
486830,6,HANARO 머니마켓액티브,53245,2,20,0.04,53244.0,0.7858,3173,168,1470,2026-08-20 04:48:49
138520,2,TIGER 삼성그룹,36465,2,1700,4.89,36476.0,-0.8132,9647,349,1466,2026-08-20 04:48:49
0153K0,2,KODEX 주주환원고배당주,11765,5,-210,-1.75,11759.0,3.4178,145260,1724,1459,2026-08-20 04:48:49
0104H0,7,KoAct 미국나스닥채권혼합50액티브,11725,5,-85,-0.72,11711.0,-6.898,57611,674,1454,2026-08-20 04:48:49
245340,4,TIGER 미국다우존스30,36305,5,-10,-0.03,36286.0,0.1395,9922,359,1452,2026-08-20 04:48:49
0041E0,4,KODEX 미국S&P500액티브,16375,5,-20,-0.12,16285.0,-5.4959,20064,327,1425,2026-08-20 04:48:49
0005D0,2,SOL 전고체배터리&실리콘음극재,14105,2,165,1.18,14127.0,-33.1736,422831,6038,1403,2026-08-20 04:48:49
0168K0,2,TIGER 기술이전바이오액티브,6770,2,240,3.68,6788.0,-18.2217,1690859,11423,1403,2026-08-20 04:48:49
451530,6,TIGER 국고채30년스트립액티브,33980,2,500,1.49,33860.0,-15.4653,28347,953,1398,2026-08-20 04:48:49
481180,4,SOL 미국AI소프트웨어,16030,5,-10,-0.06,15998.0,13.6379,56519,903,1395,2026-08-20 04:48:49
495330,1,1Q 코리아밸류업,31960,2,1340,4.38,32029.0,-9.587,5623,178,1374,2026-08-20 04:48:49
0074K0,2,KoAct K수출핵심기업TOP30액티브,17365,2,605,3.61,17378.0,-13.6083,17602,303,1346,2026-08-20 04:48:49
304660,6,KODEX 미국30년국채울트라선물(H),7312,2,102,1.41,7329.0,-0.9616,81269,594,1345,2026-08-20 04:48:49
0131W0,6,1Q 단기특수은행채액티브,102035,2,15,0.01,102045.0,0.6908,53,5,1344,2026-08-20 04:48:49
0184L0,6,PLUS 중기종합채권(A-이상)액티브,100580,3,0,0.0,100612.0,0.8017,0,0,1343,2026-08-20 04:48:49
476450,6,KIWOOM 머니마켓액티브,52730,2,25,0.05,52732.0,0.7262,150,7,1336,2026-08-20 04:48:49
476030,4,SOL 미국나스닥100,17280,2,50,0.29,17211.0,-5.4529,27512,474,1331,2026-08-20 04:48:49
192090,4,TIGER 차이나CSI300,12515,2,40,0.32,12593.0,-11.8375,30222,379,1327,2026-08-20 04:48:49
271050,5,KODEX WTI원유선물인버스(H),2000,2,3,0.15,1997.0,9.8459,641879,1282,1321,2026-08-20 04:48:49
325010,2,KODEX 성장주,43145,2,2485,6.11,43244.0,-10.6865,8271,356,1294,2026-08-20 04:48:49
139220,2,TIGER 200 건설,7525,2,90,1.21,7545.0,-15.6073,298951,2251,1290,2026-08-20 04:48:49
182480,7,TIGER 미국MSCI리츠(합성 H),13845,2,30,0.22,14039.0,2.6756,9407,130,1288,2026-08-20 04:48:49
0123G0,4,TIGER 미국AI전력SMR,6640,2,240,3.75,6597.0,-17.9488,96949,639,1282,2026-08-20 04:48:49
471760,2,TIGER AI반도체핵심공정,14130,2,20,0.14,14155.0,-25.8929,623710,8838,1279,2026-08-20 04:48:49
463680,4,KODEX 미국S&P500테크놀로지,22355,5,-125,-0.56,22115.0,-3.6566,19073,425,1274,2026-08-20 04:48:49
488720,7,WON 종합채권(AA-이상)액티브,48505,2,90,0.19,48530.0,-0.6567,120,5,1269,2026-08-20 04:48:49
0199C0,2,ACE 고배당주Plus커버드콜액티브,9160,2,115,1.27,9149.0,,514556,4698,1264,2026-08-20 04:48:49
0176E0,4,RISE 미국AI전력인프라액티브,10165,5,-10,-0.1,10031.0,-15.735,14651,148,1260,2026-08-20 04:48:49
448100,1,WON 200,111825,2,6885,6.56,111836.0,-10.654,14516,1581,1258,2026-08-20 04:48:49
0193G0,1,KoAct 코스피액티브,8435,2,450,5.64,8440.0,-13.0648,685940,5771,1257,2026-08-20 04:48:49
114820,6,TIGER 국채3년,105135,3,0,0.0,105178.0,0.9457,2501,262,1256,2026-08-20 04:48:49
411420,4,KODEX 미국나스닥AI테크액티브,26420,5,-50,-0.19,26245.0,-11.2907,31101,818,1255,2026-08-20 04:48:49
447620,7,SOL 미국TOP5채권혼합50,15865,2,60,0.38,15878.0,-3.6868,48299,763,1253,2026-08-20 04:48:49
377990,2,TIGER Fn신재생에너지,24795,2,150,0.61,24819.0,-23.4797,79656,1984,1240,2026-08-20 04:48:49
0000Y0,6,HK 26-12 회사채(AA-이상)액티브,101800,2,55,0.05,101787.0,0.6379,1,0,1232,2026-08-20 04:48:49
0181B0,4,HANARO 미국AI메모리반도체TOP4+,10045,5,-30,-0.3,9802.0,8.86,536643,5358,1231,2026-08-20 04:48:49
367770,2,RISE 수소경제테마,23150,3,0,0.0,23159.0,-19.0843,47274,1096,1215,2026-08-20 04:48:49
0191W0,6,HANARO 중기종합채권(A-이상)액티브,100900,3,0,0.0,100925.0,0.8798,0,0,1211,2026-08-20 04:48:49
464930,4,TIGER 글로벌혁신블루칩TOP10,21710,2,410,1.92,21664.0,-3.5981,13652,295,1205,2026-08-20 04:48:49
0092B0,2,SOL 한국원자력SMR,14725,2,10,0.07,14745.0,-25.0955,69718,1032,1200,2026-08-20 04:48:49
328370,1,PLUS 코스피TR,38690,2,2490,6.88,38569.0,-11.6858,52,1,1199,2026-08-20 04:48:49
399110,4,SOL 미국S&P500ESG,21340,5,-255,-1.18,21254.0,-0.6124,15154,322,1195,2026-08-20 04:48:49
372330,4,KODEX 차이나항셍테크,7225,2,100,1.4,7241.0,-10.4099,67654,487,1192,2026-08-20 04:48:49
488500,4,TIGER 미국S&P500동일가중,13070,2,140,1.08,13028.0,1.1998,95433,1242,1176,2026-08-20 04:48:49
309230,4,ACE 미국WideMoat동일가중,31930,2,495,1.57,32014.0,3.7346,7609,242,1175,2026-08-20 04:48:49
464310,4,TIGER 글로벌AI&로보틱스 INDXX,14150,2,50,0.35,14129.0,-15.1625,9890,139,1174,2026-08-20 04:48:49
461500,6,HANARO 종합채권(AA-이상)액티브,104635,2,15,0.01,104840.0,-0.6694,54,5,1170,2026-08-20 04:48:49
319640,4,TIGER 골드선물(H),26480,2,925,3.62,26464.0,-5.8922,12628,335,1165,2026-08-20 04:48:49
332940,1,HANARO MSCI Korea TR,48420,2,3080,6.79,48517.0,-9.3744,4523,218,1162,2026-08-20 04:48:49
0080Y0,2,SOL 조선TOP3플러스레버리지,9145,2,95,1.05,9167.0,-45.3173,154570,1423,1161,2026-08-20 04:48:49
0000J0,2,PLUS 한화그룹주,29445,2,485,1.67,29413.0,-19.4997,164205,4839,1148,2026-08-20 04:48:49
266370,2,KODEX IT,67275,2,4420,7.03,67445.0,-8.2342,45269,3007,1144,2026-08-20 04:48:49
498180,6,파워 종합채권(AA-이상)액티브,92985,2,155,0.17,93122.0,-0.8704,1,0,1140,2026-08-20 04:48:49
0122W0,6,RISE 26-11 회사채(AA-이상)액티브,50960,2,25,0.05,50955.0,0.6521,364,18,1138,2026-08-20 04:48:49
491230,6,PLUS 국공채머니마켓액티브,52455,2,10,0.02,52455.0,0.7588,4190,219,1138,2026-08-20 04:48:49
0135Y0,6,IBK 중기종합채권(AA-이상)액티브,100435,2,140,0.14,100442.0,0.5766,1,0,1132,2026-08-20 04:48:49
469170,2,ACE 포스코그룹포커스,5615,2,110,2.0,5619.0,-27.49,344564,1943,1129,2026-08-20 04:48:49
304940,4,KODEX 미국나스닥100선물(H),32535,2,170,0.53,32404.0,1.1406,3122,101,1122,2026-08-20 04:48:49
0174B0,7,KoAct 글로벌AI메모리반도체액티브,14475,2,395,2.81,14360.0,1.2221,110814,1586,1122,2026-08-20 04:48:49
326240,2,RISE IT플러스,43660,2,2240,5.41,43760.0,-9.2563,4579,198,1118,2026-08-20 04:48:49
0177X0,2,ACE K휴머노이드로봇산업TOP2+,10040,2,50,0.5,10037.0,-19.952,299681,3001,1104,2026-08-20 04:48:49
0132K0,7,PLUS 테슬라위클리커버드콜채권혼합,8000,2,50,0.63,8028.0,-5.2393,67866,542,1092,2026-08-20 04:48:49
0036R0,4,RISE 미국휴머노이드로봇,19490,2,85,0.44,19402.0,-7.8422,11333,220,1091,2026-08-20 04:48:49
168580,4,ACE 중국본토CSI300,34760,2,40,0.12,34783.0,-9.9118,288,9,1085,2026-08-20 04:48:49
438570,6,SOL 국고채10년,98280,2,210,0.21,98269.0,0.4352,108,10,1074,2026-08-20 04:48:49
0221V0,6,IBK 초단기채권액티브,100335,2,35,0.03,100339.0,,242,24,1073,2026-08-20 04:48:49
0209D0,2,KODEX 전고체배터리ESS TOP2플러스,7905,2,60,0.76,7915.0,,515410,4108,1071,2026-08-20 04:48:49
0193M0,6,BNK 27-12 특수채(AAA이상)액티브,50370,3,0,0.0,50367.0,,0,0,1065,2026-08-20 04:48:49
251340,3,KODEX 코스닥150선물인버스,2335,5,-70,-2.91,2347.0,10.3211,52095191,121825,1062,2026-08-20 04:48:49
261270,7,KODEX 미국달러선물인버스,8010,2,20,0.25,8022.0,7.6819,32511,260,1061,2026-08-20 04:48:49
0137V0,4,KIWOOM 미국S&P500모멘텀,11645,5,-25,-0.21,11561.0,-1.7616,84026,975,1060,2026-08-20 04:48:49
203780,4,TIGER 미국나스닥바이오,37295,2,2035,5.77,37423.0,13.3397,31797,1184,1059,2026-08-20 04:48:49
0091M0,6,HANARO 27-06 회사채(AA-이상)액티브,10155,3,0,0.0,10155.0,0.5943,5,0,1059,2026-08-20 04:48:49
394660,4,TIGER 글로벌자율주행&전기차SOLACTIVE,16075,5,-10,-0.06,16178.0,-15.4089,3695,59,1055,2026-08-20 04:48:49
455860,2,SOL 2차전지소부장Fn,4425,2,45,1.03,4429.0,-30.6414,237768,1062,1053,2026-08-20 04:48:49
0138Y0,7,PLUS 금채권혼합,10000,2,160,1.63,10013.0,-5.2024,93361,934,1050,2026-08-20 04:48:49
496090,1,KIWOOM 코리아밸류업,32150,2,1245,4.03,32153.0,-9.2961,245,7,1045,2026-08-20 04:48:49
465610,4,ACE 미국빅테크TOP7 Plus레버리지(합성),43020,2,630,1.49,42784.0,-14.1295,3151,135,1032,2026-08-20 04:48:49
465780,6,마이티 26-09 특수채(AAA)액티브,106325,2,15,0.01,106331.0,0.6914,10,1,1024,2026-08-20 04:48:49
0085P0,6,ACE 미국10년국채액티브,9975,2,25,0.25,9966.0,-6.8386,171268,1705,1017,2026-08-20 04:48:49
475280,6,ACE 8월만기자동연장회사채AA-이상액티브,10720,2,5,0.05,10726.0,0.6575,103,1,1010,2026-08-20 04:48:49
114100,6,RISE 국고채3년,106680,5,-5,0.0,106707.0,0.9379,76,8,1005,2026-08-20 04:48:49
476850,1,KoAct 배당성장액티브,21370,2,1070,5.27,21404.0,-8.9944,61051,1293,1004,2026-08-20 04:48:49
475050,2,ACE KPOP포커스,6780,2,115,1.73,6786.0,-26.2722,437362,2982,990,2026-08-20 04:48:49
0007N0,1,아이엠에셋 200,109315,2,6750,6.58,109301.0,-10.4662,82,8,984,2026-08-20 04:48:49
0052T0,6,1Q 중단기회사채(A-이상)액티브,50655,5,-35,-0.07,50698.0,0.8354,47,2,980,2026-08-20 04:48:49
0142D0,4,TIGER 미국AI데이터센터TOP4Plus,10745,2,20,0.19,10547.0,-12.7695,171846,1837,978,2026-08-20 04:48:49
0035T0,7,PLUS 글로벌휴머노이드로봇액티브,19845,2,10,0.05,19861.0,-12.8132,18244,360,972,2026-08-20 04:48:49
195980,4,PLUS 신흥국MSCI(합성 H),15270,2,450,3.04,15280.0,1.7857,7377,112,959,2026-08-20 04:48:49
481430,6,RISE 국고채10년액티브,98130,2,120,0.12,98212.0,0.2096,28,2,953,2026-08-20 04:48:49
308620,6,KODEX 미국10년국채선물,11715,3,0,0.0,11714.0,-6.802,23474,274,949,2026-08-20 04:48:49
473440,6,ACE 11월만기자동연장회사채AA-이상액티브,10830,5,-15,-0.14,10842.0,0.7431,2359,25,942,2026-08-20 04:48:49
433970,7,KODEX TDF2030액티브 적격,14105,2,30,0.21,14031.0,-1.0453,25518,359,938,2026-08-20 04:48:49
204480,4,TIGER 차이나CSI300레버리지(합성),25140,2,290,1.17,25304.0,-24.3532,4382,109,935,2026-08-20 04:48:49
485690,4,RISE 미국AI밸류체인TOP3Plus,21985,2,400,1.85,21802.0,-5.8683,30919,678,934,2026-08-20 04:48:49
486240,2,DAISHIN AI반도체&인프라액티브,28745,2,775,2.77,28784.0,-9.6868,565,16,920,2026-08-20 04:48:49
143850,4,TIGER 미국S&P500선물(H),77795,2,305,0.39,77827.0,3.0657,1073,83,914,2026-08-20 04:48:49
211900,2,KODEX 코리아배당성장,27675,5,-25,-0.09,27662.0,-7.344,6498,180,913,2026-08-20 04:48:49
468380,6,KODEX iShares미국하이일드액티브,11085,5,-25,-0.23,11092.0,-5.6082,52493,580,908,2026-08-20 04:48:49
269540,4,PLUS 미국S&P500(H),30210,2,140,0.47,30153.0,2.4357,6814,205,906,2026-08-20 04:48:49
449770,4,KIWOOM 미국S&P500,21360,2,75,0.35,21329.0,-3.4628,2239,47,897,2026-08-20 04:48:49
325020,2,KODEX 배당가치,28905,2,295,1.03,28939.0,-2.2506,2743,79,896,2026-08-20 04:48:49
453080,4,KIWOOM 미국나스닥100(H),22935,2,130,0.57,22851.0,0.8245,4156,95,894,2026-08-20 04:48:49
444490,4,WON 미국S&P500,20460,2,30,0.15,20438.0,-3.4728,9389,191,890,2026-08-20 04:48:49
298770,4,KODEX 한국대만IT프리미어,80800,2,2490,3.18,80750.0,0.2818,6151,497,889,2026-08-20 04:48:49
329670,7,KODEX TRF7030,22195,5,-50,-0.22,22217.0,-1.7474,12576,278,888,2026-08-20 04:48:49
0008T0,2,SOL 화장품TOP3플러스,18095,2,655,3.76,18092.0,17.2043,1022827,18227,887,2026-08-20 04:48:49
479620,4,SOL 미국AI반도체칩메이커,24820,5,-5,-0.02,24524.0,-4.0766,40678,1005,881,2026-08-20 04:48:49
454320,2,HANARO CAPEX설비투자iSelect,40865,5,-810,-1.94,40852.0,-23.2081,3129,128,879,2026-08-20 04:48:49
495040,1,PLUS 코리아밸류업,31835,2,1315,4.31,31902.0,-9.4894,1193,37,875,2026-08-20 04:48:49
0066W0,5,SOL 국제금,13260,2,425,3.31,13327.0,-11.5133,72046,956,875,2026-08-20 04:48:49
108450,2,ACE 삼성그룹섹터가중,39630,2,1595,4.19,39528.0,-3.1942,5874,228,872,2026-08-20 04:48:49
0162L0,4,KODEX 차이나AI반도체TOP10,13435,5,-15,-0.11,13456.0,-9.7847,861391,11667,867,2026-08-20 04:48:49
460960,7,ACE 글로벌인컴TOP10,11315,2,65,0.58,11264.0,-4.3855,30798,347,866,2026-08-20 04:48:49
359210,1,KODEX 코스피TR,35520,2,2110,6.32,35590.0,-11.4967,22409,794,852,2026-08-20 04:48:49
329660,7,KODEX TRF5050,17950,5,-30,-0.17,17987.0,-0.8316,6226,111,844,2026-08-20 04:48:49
490480,2,SOL K방산,30590,2,120,0.39,30586.0,-16.3142,27183,830,841,2026-08-20 04:48:49
461460,6,PLUS 국고채10년액티브,51345,2,45,0.09,51374.0,0.2148,612,31,833,2026-08-20 04:48:49
138530,2,TIGER LG그룹플러스,12355,5,-20,-0.16,12351.0,-1.9414,73129,911,823,2026-08-20 04:48:49
453330,4,RISE 미국S&P500(H),18270,2,85,0.47,18238.0,4.0614,19598,357,822,2026-08-20 04:48:49
0017Y0,6,1Q 종합채권(AA-이상)액티브,93495,5,-55,-0.06,93690.0,-0.7954,202,18,816,2026-08-20 04:48:49
364960,2,TIGER BBIG,6720,2,215,3.31,6721.0,-12.3906,24234,162,813,2026-08-20 04:48:49
157490,2,TIGER 소프트웨어,8630,2,330,3.98,8639.0,-6.794,78945,681,809,2026-08-20 04:48:49
0057H0,7,PLUS 미국S&P500미국채혼합50액티브,11810,2,20,0.17,11794.0,-4.842,157453,1852,803,2026-08-20 04:48:49
337140,2,KODEX 코스피대형주,36290,2,2005,5.85,36362.0,-10.526,28568,1027,798,2026-08-20 04:48:49
469060,4,RISE 미국반도체NYSE,35235,2,50,0.14,34771.0,-0.894,26591,932,793,2026-08-20 04:48:49
0049M0,4,ACE 미국배당퀄리티+커버드콜액티브,11400,5,-10,-0.09,11425.0,-4.5419,29632,337,787,2026-08-20 04:48:49
495750,1,HANARO 코리아밸류업,32035,2,1315,4.28,32089.0,-8.8163,89,2,785,2026-08-20 04:48:49
0018C0,2,PLUS 고배당주위클리고정커버드콜,10495,5,-50,-0.47,10485.0,-8.2065,67367,709,782,2026-08-20 04:48:49
492500,7,1Q 현대차그룹채권(A+이상)&국고통안,51325,2,20,0.04,51335.0,0.5586,166,8,781,2026-08-20 04:48:49
458030,6,WON 국공채머니마켓액티브,55005,2,15,0.03,55001.0,0.6774,708,38,780,2026-08-20 04:48:49
412770,4,TIGER 글로벌AI플랫폼액티브,12760,5,-120,-0.93,12689.0,-11.4168,2961,37,777,2026-08-20 04:48:49
0080X0,7,SOL 미국S&P500미국채혼합50,11115,2,20,0.18,11117.0,-5.3731,85859,951,767,2026-08-20 04:48:49
434960,1,DAISHIN K200,109275,2,6640,6.47,109541.0,-10.6022,1851,202,765,2026-08-20 04:48:49
438560,6,SOL 국고채3년,100450,2,15,0.01,100478.0,0.9549,31,3,763,2026-08-20 04:48:49
365040,1,TIGER AI코리아그로스액티브,36220,2,1945,5.67,36292.0,-8.1223,13041,466,761,2026-08-20 04:48:49
0098N0,2,PLUS 자사주매입고배당주,12570,5,-230,-1.8,12564.0,2.4599,60134,761,760,2026-08-20 04:48:49
210780,2,TIGER 코스피고배당,23000,5,-30,-0.13,23003.0,-5.9375,6003,138,759,2026-08-20 04:48:49
228810,2,TIGER 미디어컨텐츠,3130,2,70,2.29,3127.0,-26.2651,179230,560,752,2026-08-20 04:48:49
0113D0,4,TIME 글로벌탑픽액티브,12165,2,65,0.54,12148.0,-3.2,8985,108,736,2026-08-20 04:48:49
441540,2,HANARO Fn조선해운,27090,5,-185,-0.68,27084.0,-14.5922,6485,176,731,2026-08-20 04:48:49
272910,6,ACE 중장기국공채액티브,106100,2,220,0.21,106136.0,0.632,85,9,730,2026-08-20 04:48:49
266420,2,KODEX 헬스케어,18240,2,515,2.91,18294.0,-6.4891,51525,943,730,2026-08-20 04:48:49
475310,2,SOL 반도체후공정,26445,2,50,0.19,26477.0,-16.0732,149261,3956,727,2026-08-20 04:48:49
130730,6,KIWOOM 단기자금,102960,2,20,0.02,102965.0,0.6649,106,10,721,2026-08-20 04:48:49
0102A0,4,TIGER 미국AI소프트웨어TOP4Plus,8575,2,300,3.63,8578.0,0.8531,91025,776,720,2026-08-20 04:48:49
292190,1,KODEX KRX300,48005,2,2840,6.29,48102.0,-11.2473,5827,277,720,2026-08-20 04:48:49
211560,2,TIGER 배당성장,34645,2,235,0.68,34623.0,-7.492,2555,88,717,2026-08-20 04:48:49
0225V0,4,KODEX 미국CPU반도체TOP10,10190,2,85,0.84,10103.0,,100821,1020,713,2026-08-20 04:48:49
0022T0,4,SOL 국제금커버드콜액티브,13625,2,385,2.91,13708.0,-11.0697,31254,426,709,2026-08-20 04:48:49
475350,4,RISE 버크셔포트폴리오TOP10,14775,5,-70,-0.47,14778.0,-1.1829,39779,587,702,2026-08-20 04:48:49
0098Z0,1,FOCUS 200,93025,2,6300,7.26,92993.0,-11.0945,5,0,698,2026-08-20 04:48:49
458750,4,TIGER 미국배당다우존스타겟커버드콜1호,13390,2,120,0.9,13424.0,0.7331,23528,314,690,2026-08-20 04:48:49
473640,4,HANARO 글로벌금채굴기업,35300,2,2200,6.65,35113.0,-3.2023,35386,1247,688,2026-08-20 04:48:49
0190Y0,4,TIGER 구글밸류체인,8620,5,-95,-1.09,8542.0,-12.2773,137356,1178,681,2026-08-20 04:48:49
440640,6,ACE 단기채권알파액티브,112610,2,40,0.04,112615.0,0.7924,446,50,680,2026-08-20 04:48:49
277640,2,TIGER 코스피대형주,37520,2,2050,5.78,37595.0,-9.7836,14382,531,675,2026-08-20 04:48:49
100910,1,KIWOOM KRX100,17175,2,1070,6.64,17214.0,-10.5075,6398,109,670,2026-08-20 04:48:49
228800,2,TIGER 여행레저,2575,2,35,1.38,2572.0,-18.9793,118513,305,667,2026-08-20 04:48:49
278620,6,PLUS 단기채권액티브,119005,2,55,0.05,119015.0,0.7623,37,4,666,2026-08-20 04:48:49
0115E0,2,KODEX 코리아소버린AI,14800,2,290,2.0,14808.0,-1.4888,41198,604,666,2026-08-20 04:48:49
433880,7,PLUS TDF2060액티브 적격,18785,2,120,0.64,18725.0,-3.9777,8072,151,663,2026-08-20 04:48:49
292770,6,KODEX 국채선물3년인버스,57635,5,-25,-0.04,57605.0,-0.0347,1,0,657,2026-08-20 04:48:49
453950,4,TIGER TSMC파운드리밸류체인,33360,5,-230,-0.68,33130.0,2.7374,11989,398,651,2026-08-20 04:48:49
491220,1,PLUS 200TR,128930,2,8440,7.0,129258.0,-11.2184,11514,1457,645,2026-08-20 04:48:49
261070,2,TIGER 코스닥150바이오테크,13820,2,685,5.22,13856.0,-17.0247,457454,6281,638,2026-08-20 04:48:49
465330,2,RISE 2차전지TOP10,11005,2,140,1.29,11020.0,-21.439,122822,1367,638,2026-08-20 04:48:49
298340,6,PLUS 국채선물3년,56565,2,75,0.13,56534.0,1.164,215,12,638,2026-08-20 04:48:49
0123S0,2,HANARO 26-12 은행채(AA+이상)액티브,10180,2,5,0.05,10183.0,0.6927,1015,10,636,2026-08-20 04:48:49
453640,4,KODEX 미국S&P500헬스케어,14780,2,475,3.32,14789.0,8.7407,54836,808,636,2026-08-20 04:48:49
0181L0,4,SOL 미국우주항공TOP10,7815,5,-45,-0.57,7744.0,-34.9338,40854,317,633,2026-08-20 04:48:49
0000D0,7,TIGER 엔비디아미국채커버드콜밸런스(합성),9210,2,70,0.77,9203.0,-8.3227,43765,401,631,2026-08-20 04:48:49
455660,6,ACE 미국하이일드액티브(H),9485,2,25,0.26,9477.0,0.9501,10354,98,626,2026-08-20 04:48:49
419890,6,KIWOOM 단기채권ESG액티브,107540,2,35,0.03,107532.0,0.6931,207,22,624,2026-08-20 04:48:49
0040S0,4,HANARO 글로벌피지컬AI액티브,23960,2,415,1.76,23859.0,-10.3731,15101,360,623,2026-08-20 04:48:49
0197X0,2,SOL SK하이닉스선물단일종목인버스2X,6900,5,-2520,-26.75,6906.0,,25731091,193322,623,2026-08-20 04:48:49
278240,3,RISE 코스닥150선물레버리지,8515,2,400,4.93,8547.0,-47.4588,106177,900,621,2026-08-20 04:48:49
306950,3,KODEX KRX300레버리지,77195,2,7790,11.22,77771.0,-34.4618,7085,523,618,2026-08-20 04:48:49
491700,1,HK 200,102200,3,0,0.0,109678.0,-11.1343,0,0,613,2026-08-20 04:48:49
275980,4,TIGER 글로벌4차산업혁신기술(합성 H),23995,2,425,1.8,24116.0,3.0607,10057,240,609,2026-08-20 04:48:49
252400,3,RISE 200선물레버리지,101545,2,11740,13.07,101502.0,-34.0228,15640,1539,609,2026-08-20 04:48:49
495940,4,RISE 미국AI테크액티브,19300,2,80,0.42,19195.0,-14.8072,16734,321,608,2026-08-20 04:48:49
476750,6,ACE 미국30년국채엔화노출액티브(H),7580,2,130,1.74,7576.0,-9.3677,57865,438,606,2026-08-20 04:48:49
0194T0,2,ACE SK하이닉스단일종목레버리지,8710,2,1810,26.23,8768.0,,199799,1649,605,2026-08-20 04:48:49
479730,4,TIGER 인도빌리언컨슈머,10255,2,10,0.1,10297.0,1.9294,11497,116,605,2026-08-20 04:48:49
0210E0,2,PLUS 200커버드콜액티브,7510,2,475,6.75,7517.0,,175071,1296,601,2026-08-20 04:48:49
440910,4,WON 미국우주항공방산,27050,5,-535,-1.94,26992.0,2.8907,6251,168,595,2026-08-20 04:48:49
261240,7,KODEX 미국달러선물,14395,5,-35,-0.24,14397.0,-6.5718,96695,1387,592,2026-08-20 04:48:49
0172V0,5,1Q 은액티브,8815,2,525,6.33,8696.0,-23.7,147960,1300,591,2026-08-20 04:48:49
0166S0,2,PLUS K제조업핵심기업액티브,11000,2,645,6.23,11025.0,-18.9116,32070,349,589,2026-08-20 04:48:49
401470,2,KODEX 메타버스액티브,9850,2,225,2.34,9835.0,-1.8859,4821,47,586,2026-08-20 04:48:49
0000Z0,2,RISE 바이오TOP10액티브,9745,2,405,4.34,9770.0,-25.6962,342049,3319,580,2026-08-20 04:48:49
0197W0,2,SOL SK하이닉스단일종목레버리지,8530,2,1790,26.56,8600.0,,404934,3255,576,2026-08-20 04:48:49
0198A0,2,KIWOOM 코스닥150커버드콜액티브,9280,2,245,2.71,9291.0,,300988,2790,575,2026-08-20 04:48:49
150460,2,TIGER 중국소비테마,7635,2,215,2.9,7658.0,-3.8861,134862,1023,575,2026-08-20 04:48:49
0111J0,2,HANARO 증권고배당TOP3플러스,12775,2,555,4.54,12774.0,-28.8995,102547,1303,575,2026-08-20 04:48:49
0194M0,2,ACE 삼성전자단일종목레버리지,11780,2,1660,16.4,11814.0,,85055,977,562,2026-08-20 04:48:49
225040,4,TIGER 미국S&P500레버리지(합성 H),68450,2,700,1.03,68213.0,6.6425,2963,202,561,2026-08-20 04:48:49
304780,3,HANARO 200선물레버리지,124660,2,15310,14.0,123693.0,-34.4425,3626,433,561,2026-08-20 04:48:49
455960,6,RISE 미국달러SOFR금리액티브(합성),12205,5,-40,-0.33,12215.0,-5.7715,853,10,559,2026-08-20 04:48:49
0141S0,2,SOL 조선기자재,8500,2,40,0.47,8507.0,-26.8799,69563,596,557,2026-08-20 04:48:49
385590,2,ACE ESG액티브,23705,2,1145,5.08,23647.0,-4.5686,369,8,545,2026-08-20 04:48:49
0226A0,7,PLUS SK하이닉스샌디스크채권혼합50,10890,2,415,3.96,10893.0,,161411,1739,545,2026-08-20 04:48:49
0046Y0,4,ACE 미국배당퀄리티,12760,2,15,0.12,12758.0,-3.044,14263,181,542,2026-08-20 04:48:49
428510,4,KODEX 차이나AI테크액티브,24555,2,290,1.2,24303.0,-10.0848,10539,257,540,2026-08-20 04:48:49
0118Z0,4,ACE 미국AI테크핵심산업액티브,8900,2,125,1.42,8824.0,-12.9465,24020,213,534,2026-08-20 04:48:49
140700,2,KODEX 보험,20440,5,-10,-0.05,20437.0,12.8626,79316,1624,531,2026-08-20 04:48:49
0113P0,6,HK 머니마켓액티브,102330,2,20,0.02,102339.0,0.7434,109,11,530,2026-08-20 04:48:49
114470,6,KIWOOM 국고채3년,108070,2,95,0.09,108080.0,0.865,3722,402,530,2026-08-20 04:48:49
445150,2,KODEX 친환경조선해운액티브,28575,5,-275,-0.95,28572.0,-18.0701,2973,85,529,2026-08-20 04:48:49
0185L0,4,TIME 글로벌휴머노이드로봇산업액티브,7640,5,-30,-0.39,7634.0,-22.0529,60144,460,527,2026-08-20 04:48:49
442560,7,RISE TDF2040액티브 적격,16515,2,30,0.18,16419.0,-2.299,9253,152,520,2026-08-20 04:48:49
261220,5,KODEX WTI원유선물(H),23755,5,-30,-0.13,23773.0,-15.386,115073,2740,517,2026-08-20 04:48:49
101280,4,KODEX 일본TOPIX100,30350,2,200,0.66,30251.0,-1.4834,1920,58,516,2026-08-20 04:48:49
282000,3,RISE 국고채3년선물인버스,114520,5,-5,0.0,114477.0,-0.0481,2,0,515,2026-08-20 04:48:49
275300,2,KODEX 우량주,30150,2,1750,6.16,30181.0,-6.6873,4935,146,513,2026-08-20 04:48:49
480310,4,TIGER 글로벌온디바이스AI,18915,2,30,0.16,18752.0,-6.6144,5031,95,511,2026-08-20 04:48:49
0089C0,4,KODEX 미국S&P500변동성확대시커버드콜,11585,2,5,0.04,11591.0,-3.177,25703,297,510,2026-08-20 04:48:49
0118S0,4,SOL 미국넥스트테크TOP10액티브,11185,2,210,1.91,11064.0,-14.8895,6898,76,509,2026-08-20 04:48:49
336160,6,RISE 금융채액티브,100440,2,60,0.06,100428.0,0.7694,196,19,508,2026-08-20 04:48:49
253150,3,PLUS 200선물레버리지,202800,2,23420,13.06,203036.0,-34.2907,79215,15575,507,2026-08-20 04:48:49
475260,6,ACE 2월만기자동연장회사채AA-이상액티브,10735,5,-10,-0.09,10739.0,0.7029,8,0,506,2026-08-20 04:48:49
218420,4,KODEX 미국S&P500에너지(합성),20550,5,-250,-1.2,20614.0,-1.7014,10956,224,505,2026-08-20 04:48:49
371470,4,TIGER 차이나바이오테크SOLACTIVE,9200,2,520,5.99,9263.0,6.4377,167785,1513,504,2026-08-20 04:48:49
0132H0,4,KODEX 미국원자력SMR,8725,2,225,2.65,8654.0,-18.5824,7780,67,502,2026-08-20 04:48:49
0041D0,4,KODEX 미국AI소프트웨어TOP10,13085,2,145,1.12,13072.0,1.4174,12526,163,497,2026-08-20 04:48:49
152500,3,ACE 레버리지,44860,2,5115,12.87,44924.0,-33.962,41777,1824,493,2026-08-20 04:48:49
0139P0,2,ACE 고배당주,13325,5,-45,-0.34,13318.0,-2.9714,8477,113,493,2026-08-20 04:48:49
200030,4,KODEX 미국S&P500산업재(합성),43700,5,-480,-1.09,43759.0,-0.2033,884,38,493,2026-08-20 04:48:49
256750,4,KODEX 차이나심천ChiNext(합성),16000,2,120,0.76,16008.0,-16.7279,4622,73,489,2026-08-20 04:48:49
123310,3,TIGER 인버스,1132,5,-78,-6.45,1132.0,-7.2797,4194294,4805,488,2026-08-20 04:48:49
418670,4,TIGER 글로벌AI사이버보안,17460,5,-265,-1.5,17369.0,17.6177,52691,914,482,2026-08-20 04:48:49
360140,2,KODEX 200롱코스닥150숏선물,21850,2,875,4.17,21812.0,8.0628,30790,660,481,2026-08-20 04:48:49
0020H0,4,KoAct 글로벌양자컴퓨팅액티브,22345,2,125,0.56,22222.0,-6.8344,10741,238,480,2026-08-20 04:48:49
140950,1,파워 코스피100,85110,2,5055,6.31,85476.0,-10.3294,1378,115,477,2026-08-20 04:48:49
316670,1,KIWOOM 코스닥150,7300,2,180,2.53,7310.0,-21.3695,54538,399,476,2026-08-20 04:48:49
447430,2,ACE 주주환원가치주액티브,16075,5,-110,-0.68,16042.0,-5.2263,5837,94,474,2026-08-20 04:48:49
287180,4,PLUS 미국나스닥테크,55510,5,-335,-0.6,55333.0,1.564,1483,82,472,2026-08-20 04:48:49
476260,2,HANARO 반도체핵심공정주도주,12680,5,-25,-0.2,12691.0,-5.2573,279972,3571,469,2026-08-20 04:48:49
442260,1,마이티 다이나믹퀀트액티브,37735,2,2220,6.25,37855.0,-11.2236,851,32,468,2026-08-20 04:48:49
0086B0,2,TIGER 리츠부동산인프라TOP10액티브,9480,5,-30,-0.32,9510.0,-5.2203,12163,115,465,2026-08-20 04:48:49
461340,4,HANARO 글로벌생성형AI액티브,42195,2,180,0.43,41990.0,-7.5375,628,26,464,2026-08-20 04:48:49
0178H0,7,IBK 미국AI TOP10국채혼합50,9840,5,-5,-0.05,9838.0,-4.5029,1765,17,462,2026-08-20 04:48:49
276990,4,KODEX 글로벌로봇(합성),26005,5,-325,-1.23,26004.0,-9.3632,6327,163,460,2026-08-20 04:48:49
473590,4,ACE 미국주식베스트셀러,19030,2,550,2.98,18875.0,-23.399,85517,1622,457,2026-08-20 04:48:49
494840,4,TIGER 미국방산TOP10,13745,5,-295,-2.1,13743.0,4.1026,13138,180,454,2026-08-20 04:48:49
442090,2,에셋플러스 코리아대장장이액티브,29920,2,715,2.45,29820.0,-7.6814,36,1,449,2026-08-20 04:48:49
472830,6,RISE 미국30년국채커버드콜(합성),8085,2,70,0.87,8087.0,-8.1784,40061,322,449,2026-08-20 04:48:49
375770,2,KODEX 탄소효율그린뉴딜,24820,2,1450,6.2,24750.0,-9.6728,306,7,447,2026-08-20 04:48:49
475270,6,ACE 5월만기자동연장회사채AA-이상액티브,10710,3,0,0.0,10723.0,0.6106,0,0,447,2026-08-20 04:48:49
473490,4,KIWOOM 글로벌AI반도체,29650,5,-155,-0.52,29352.0,-5.458,22254,658,445,2026-08-20 04:48:49
196030,4,ACE 일본TOPIX레버리지(H),87890,2,1415,1.64,88051.0,6.779,60,5,439,2026-08-20 04:48:49
453650,4,KODEX 미국S&P500금융,19525,5,-230,-1.16,19608.0,4.1995,6574,128,439,2026-08-20 04:48:49
401170,2,RISE 메타버스,11050,2,120,1.1,11073.0,5.8083,6753,74,438,2026-08-20 04:48:49
261120,7,TIGER 미국달러선물인버스2X,5195,2,10,0.19,5202.0,15.3503,12972,67,436,2026-08-20 04:48:49
238720,4,ACE 일본Nikkei225(H),48270,2,810,1.71,48172.0,8.2696,1744,83,434,2026-08-20 04:48:49
487130,2,KoAct AI인프라액티브,27675,2,650,2.41,27734.0,-18.6974,6795,187,429,2026-08-20 04:48:49
0141T0,6,SOL 중기종합채권(AA-이상)액티브,50305,2,35,0.07,50313.0,0.7515,4,0,429,2026-08-20 04:48:49
0186S0,7,1Q 코스닥150채권혼합50액티브,8560,2,105,1.24,8555.0,-10.051,301791,2577,428,2026-08-20 04:48:49
305050,1,ACE 코스피,71160,2,3700,5.48,71241.0,-10.1732,3057,215,427,2026-08-20 04:48:49
0189B0,5,TIGER 은액티브,8460,2,465,5.82,8445.0,-23.125,60624,511,423,2026-08-20 04:48:49
139280,2,TIGER 경기방어,12895,2,130,1.02,12902.0,0.874,1360,17,423,2026-08-20 04:48:49
139320,5,TIGER 금은선물(H),18775,2,685,3.79,18720.0,-7.2784,19319,363,422,2026-08-20 04:48:49
0220B0,1,DS 코스닥액티브,9820,5,-5,-0.05,9846.0,,81566,806,422,2026-08-20 04:48:49
440650,6,ACE 미국달러단기채권액티브,11695,5,-30,-0.26,11695.0,-6.3499,62564,730,421,2026-08-20 04:48:49
0007G0,4,PLUS 글로벌원자력밸류체인,14010,2,345,2.52,13995.0,-13.9213,4968,69,420,2026-08-20 04:48:49
429760,4,PLUS 미국S&P500,19875,2,45,0.23,19838.0,-3.2147,2609,51,417,2026-08-20 04:48:49
0191M0,6,마이티 5월만기자동연장특수채(AAA)액티브,100645,3,0,0.0,100670.0,,0,0,417,2026-08-20 04:48:49
448570,1,FOCUS AI코리아액티브,30725,2,1500,5.13,30572.0,-5.817,152,4,415,2026-08-20 04:48:49
0192L0,2,RISE SK하이닉스단일종목레버리지,8805,2,1805,25.79,8872.0,,90682,761,412,2026-08-20 04:48:49
0112X0,1,마이티 200TR,40920,2,2580,6.73,40859.0,-10.5251,4312,175,409,2026-08-20 04:48:49
0207G0,2,SOL 우주항공밸류체인,6995,2,25,0.36,7010.0,,276973,1933,406,2026-08-20 04:48:49
472840,1,IBK 200,108115,2,7125,7.06,108242.0,-10.8332,767,81,405,2026-08-20 04:48:49
183700,7,RISE 200채권혼합50,95765,2,2485,2.66,96106.0,-4.711,1882,179,402,2026-08-20 04:48:49
0100K0,2,KODEX 방산TOP10레버리지,7180,5,-15,-0.21,7231.0,-41.1452,255865,1838,402,2026-08-20 04:48:49
464470,6,PLUS 미국채30년액티브,48795,2,505,1.05,48798.0,-8.0292,3546,172,402,2026-08-20 04:48:49
352540,7,KODEX 일본부동산리츠(H),11395,2,85,0.75,11431.0,-0.5293,10990,125,387,2026-08-20 04:48:49
365000,2,TIGER 인터넷TOP10,3805,2,145,3.96,3812.0,-21.9617,144689,547,386,2026-08-20 04:48:49
147970,2,TIGER 모멘텀,80195,2,805,1.01,80099.0,-11.6171,1327,106,385,2026-08-20 04:48:49
275280,2,KODEX 모멘텀주,42400,2,2295,5.72,42438.0,-9.9667,3596,151,382,2026-08-20 04:48:49
322410,2,HANARO K고배당,22410,5,-165,-0.73,22391.0,-2.3308,1761,39,381,2026-08-20 04:48:49
400970,2,TIGER Fn메타버스,7540,2,105,1.41,7539.0,-15.5114,7197,54,381,2026-08-20 04:48:49
491830,4,TIGER 미국AI반도체팹리스,21680,2,355,1.66,21466.0,-3.3486,52574,1138,379,2026-08-20 04:48:49
195930,4,TIGER 유로스탁스50(합성 H),23530,5,-290,-1.22,23726.0,11.2564,6671,157,376,2026-08-20 04:48:49
276970,4,KODEX 미국S&P500배당귀족커버드콜(합성 H),7950,2,40,0.51,8054.0,10.8892,9624,76,374,2026-08-20 04:48:49
452250,6,ACE 미국30년국채선물레버리지(합성 H),4800,2,125,2.67,4828.0,-3.9055,18572,88,372,2026-08-20 04:48:49
449690,4,TIGER 한중반도체(합성),49200,2,1700,3.58,48839.0,-9.0126,118,5,369,2026-08-20 04:48:49
0209Z0,2,ACE 코리아AI전력TOP10,6960,5,-40,-0.57,6956.0,,155914,1088,369,2026-08-20 04:48:49
292560,7,TIGER 일본엔선물,8175,2,40,0.49,8145.0,-6.9755,60029,489,368,2026-08-20 04:48:49
450910,1,SOL 코스닥150,14320,2,380,2.73,14341.0,-21.6634,41468,596,367,2026-08-20 04:48:49
498860,2,RISE 코리아금융고배당,16655,2,160,0.97,16663.0,-10.9932,7053,117,366,2026-08-20 04:48:49
104530,2,KIWOOM 코리아고배당,17295,5,-170,-0.97,17283.0,-9.5878,8863,154,355,2026-08-20 04:48:49
381560,2,HANARO Fn전기&수소차,17695,5,-15,-0.08,17695.0,-3.3404,5089,89,354,2026-08-20 04:48:49
322400,2,HANARO e커머스,10560,2,355,3.48,10526.0,-6.4191,316,3,354,2026-08-20 04:48:49
153270,1,KIWOOM 코스피100,84150,2,5630,7.17,84143.0,-10.3227,6409,529,353,2026-08-20 04:48:49
475070,4,KoAct 글로벌친환경전력인프라액티브,30720,5,-150,-0.49,30695.0,-21.7491,7171,220,353,2026-08-20 04:48:49
352560,7,KODEX 미국부동산리츠(H),12590,2,110,0.88,12536.0,3.316,2059,25,353,2026-08-20 04:48:49
0192T0,2,SOL 코스닥TOP10,7735,2,335,4.53,7758.0,-18.8597,349470,2691,352,2026-08-20 04:48:49
469050,4,RISE 미국반도체NYSE(H),31690,2,205,0.65,31280.0,6.228,23470,742,349,2026-08-20 04:48:49
385520,2,KODEX 자율주행액티브,16170,2,105,0.65,16168.0,-9.2117,4134,66,348,2026-08-20 04:48:49
0154F0,2,WON 초대형IB&금융지주,11710,5,-55,-0.47,11718.0,-11.3748,9037,106,345,2026-08-20 04:48:49
241390,7,RISE V&S셀렉트밸류채권혼합,15670,2,265,1.72,15751.0,-4.8593,1134,17,345,2026-08-20 04:48:49
276650,4,RISE 글로벌테크놀로지(합성 H),45785,2,25,0.05,45703.0,0.6156,20,0,343,2026-08-20 04:48:49
407830,4,에셋플러스 글로벌플랫폼액티브,14290,2,420,3.03,14268.0,-13.0953,450,6,343,2026-08-20 04:48:49
465350,3,RISE 2차전지TOP10인버스(합성),17075,5,-345,-1.98,17183.0,12.6414,44880,755,342,2026-08-20 04:48:49
380340,2,ACE 코리아AI테크핵심산업,28410,2,775,2.8,28384.0,4.5987,67832,1917,341,2026-08-20 04:48:49
295020,6,RISE 국채선물10년인버스,60545,5,-70,-0.12,60507.0,0.6475,6,0,340,2026-08-20 04:48:49
099140,4,KODEX 차이나H,21895,2,190,0.88,21873.0,-7.5569,4027,87,339,2026-08-20 04:48:49
0023B0,4,PLUS 미국양자컴퓨팅TOP10,16540,2,35,0.21,16459.0,-9.6854,8059,133,339,2026-08-20 04:48:49
105780,2,RISE 5대그룹주,16925,2,575,3.52,16956.0,-6.7048,2180,36,339,2026-08-20 04:48:49
415920,5,PLUS 글로벌희토류&전략자원생산기업,7270,2,90,1.25,7245.0,-25.5187,56435,409,338,2026-08-20 04:48:49
449780,4,KIWOOM 미국S&P500(H),18775,2,95,0.51,18737.0,3.2612,7750,145,338,2026-08-20 04:48:49
476690,4,TIGER 글로벌비만치료제TOP2Plus,11240,2,360,3.31,11235.0,4.0883,6973,78,337,2026-08-20 04:48:49
474800,4,KIWOOM 미국원유에너지기업,16020,5,-155,-0.96,16108.0,-2.9854,51235,819,336,2026-08-20 04:48:49
496770,4,PLUS 글로벌방산,19205,5,-380,-1.94,19134.0,10.6809,10353,199,336,2026-08-20 04:48:49
122260,6,KIWOOM 통안채1년,104120,2,25,0.02,104109.0,0.6526,3,0,333,2026-08-20 04:48:49
468630,6,KODEX iShares미국투자등급회사채액티브,11010,2,15,0.14,11014.0,-7.4903,27411,300,331,2026-08-20 04:48:49
0192M0,2,RISE 삼성전자단일종목레버리지,11940,2,1700,16.6,11935.0,,46667,532,331,2026-08-20 04:48:49
174360,4,RISE 중국본토대형주CSI100,23660,5,-20,-0.08,23770.0,-11.1445,3417,81,331,2026-08-20 04:48:49
459560,4,KODEX 테슬라밸류체인FactSet,22070,2,5,0.02,21934.0,-11.3991,1818,40,331,2026-08-20 04:48:49
465660,4,TIGER 일본반도체FACTSET,24450,2,45,0.18,24579.0,-0.1694,6194,150,330,2026-08-20 04:48:49
138910,5,KODEX 구리선물(H),9930,2,30,0.3,9925.0,1.9042,13918,138,328,2026-08-20 04:48:49
261140,2,TIGER 우선주,24340,2,880,3.75,24363.0,-11.9742,14200,343,326,2026-08-20 04:48:49
0155N0,2,HANARO K휴머노이드테마TOP10,8035,2,125,1.58,8038.0,-17.7755,31616,252,325,2026-08-20 04:48:49
227540,2,TIGER 200 헬스케어,19800,2,510,2.64,19831.0,2.1716,31932,632,325,2026-08-20 04:48:49
0085N0,6,ACE 미국10년국채액티브(H),9805,2,45,0.46,9801.0,0.143,34501,338,324,2026-08-20 04:48:49
266360,2,KODEX K콘텐츠,10090,2,245,2.49,10096.0,-12.9532,36275,363,323,2026-08-20 04:48:49
256440,4,ACE MSCI인도네시아(합성),5290,2,35,0.67,5366.0,-13.7818,10107,53,323,2026-08-20 04:48:49
491090,4,KODEX 미국테크TOP3플러스,17920,2,100,0.56,17879.0,-7.8292,4466,80,323,2026-08-20 04:48:49
476070,4,KODEX 글로벌비만치료제TOP2 Plus,11815,2,395,3.46,11837.0,5.6298,6044,71,319,2026-08-20 04:48:49
395170,2,KODEX Top10동일가중,15935,2,695,4.56,15935.0,-15.4186,5407,85,319,2026-08-20 04:48:49
0138T0,4,RISE 미국S&P500데일리고정커버드콜,9640,2,15,0.16,9631.0,-3.4312,17924,172,318,2026-08-20 04:48:49
459750,4,RISE 글로벌주식분산액티브,18160,2,205,1.14,18093.0,-3.8168,2021,36,318,2026-08-20 04:48:49
0089B0,7,PLUS 미국나스닥100미국채혼합50,11330,2,5,0.04,11306.0,-6.0147,13503,153,317,2026-08-20 04:48:49
426150,6,WON 대한민국국고채액티브,50900,2,130,0.26,50960.0,-1.8274,192,9,317,2026-08-20 04:48:49
494410,4,PLUS 미국S&P500성장주,14355,2,55,0.38,14350.0,-4.724,3531,50,316,2026-08-20 04:48:49
0204S0,1,TIGER 코스닥액티브,6835,2,5,0.07,6843.0,,63809,438,315,2026-08-20 04:48:49
245350,4,TIGER 유로스탁스배당30,19670,5,-90,-0.46,19699.0,1.0767,2454,48,315,2026-08-20 04:48:49
0083S0,4,1Q 미국메디컬AI,10845,2,1025,10.44,10856.0,2.6699,54351,586,315,2026-08-20 04:48:49
248270,4,TIGER S&P글로벌헬스케어(합성),27370,2,265,0.98,27626.0,7.5381,4006,110,312,2026-08-20 04:48:49
271060,5,KODEX 3대농산물선물(H),8580,2,140,1.66,8621.0,-3.4325,66015,564,311,2026-08-20 04:48:49
395290,2,HANARO Fn K-POP&미디어,4940,2,50,1.02,4943.0,-25.6274,33573,166,311,2026-08-20 04:48:49
156080,1,KODEX MSCI Korea,51790,2,3275,6.75,51894.0,-9.9132,1530,77,311,2026-08-20 04:48:49
456680,4,TIGER 차이나전기차레버리지(합성),6710,5,-55,-0.81,6765.0,-42.4256,17333,116,307,2026-08-20 04:48:49
275290,2,KODEX 가치주,34095,2,2000,6.23,34130.0,-5.9709,2621,89,307,2026-08-20 04:48:49
0150K0,2,KoAct 수소전력ESS인프라액티브,10510,2,95,0.91,10528.0,-29.318,23145,244,305,2026-08-20 04:48:49
464920,4,PLUS 일본반도체소부장,24370,5,-70,-0.29,24547.0,0.8666,8283,202,305,2026-08-20 04:48:49
469790,2,KIWOOM 코리아테크TOP10,43395,2,2295,5.58,43487.0,-2.5203,2326,99,304,2026-08-20 04:48:49
139270,2,TIGER 200 금융,16230,5,-160,-0.98,16228.0,-0.3139,21800,355,302,2026-08-20 04:48:49
387270,4,TIGER 글로벌이노베이션액티브,24925,2,310,1.26,24865.0,-10.9121,843,20,302,2026-08-20 04:48:49
446690,4,KODEX 아시아AI반도체exChina액티브,60300,2,1150,1.94,60497.0,-4.4215,12016,717,302,2026-08-20 04:48:49
117460,2,KODEX 에너지화학,13810,5,-105,-0.75,13837.0,-13.6819,16355,229,300,2026-08-20 04:48:49
415340,4,KODEX 차이나과창판STAR50(합성),14465,2,25,0.17,14534.0,-11.628,18507,268,299,2026-08-20 04:48:49
0155M0,4,ACE 미국SMR원자력TOP10,7210,2,305,4.42,7150.0,-17.2063,10014,71,299,2026-08-20 04:48:49
450190,4,KODEX 한중반도체(합성),49490,2,2055,4.33,49248.0,-9.3715,244,12,297,2026-08-20 04:48:49
0203S0,7,WON 삼성전자현대차채권혼합50,8840,2,205,2.37,8826.0,,28952,253,296,2026-08-20 04:48:49
0107F0,4,KIWOOM 미국고배당&AI테크,11590,5,-40,-0.34,11644.0,-1.9535,7047,81,296,2026-08-20 04:48:49
192720,2,파워 고배당저변동성,57400,5,-675,-1.16,57364.0,-1.3007,1438,82,293,2026-08-20 04:48:49
145850,2,TREX 펀더멘탈 200,116740,2,2045,1.78,116555.0,-2.7942,1,0,292,2026-08-20 04:48:49
414270,4,ACE 글로벌자율주행액티브,12135,2,175,1.46,12104.0,-16.0408,2331,28,291,2026-08-20 04:48:49
494340,4,ACE 글로벌AI맞춤형반도체,19350,2,365,1.92,19089.0,-4.1162,7268,139,290,2026-08-20 04:48:49
253250,3,KIWOOM 200선물레버리지,99765,2,11410,12.91,100026.0,-33.8364,32171,3093,289,2026-08-20 04:48:49
493420,4,SOL 미국배당다우존스2호,13115,2,120,0.92,13124.0,1.1148,1785,23,289,2026-08-20 04:48:49
289480,3,TIGER 200커버드콜,12455,2,405,3.36,12671.0,13.6724,17960,222,286,2026-08-20 04:48:49
0184E0,7,1Q 200채권혼합50액티브,11000,2,365,3.43,11018.0,-3.9851,93636,1013,286,2026-08-20 04:48:49
0166N0,1,PLUS 코스닥150액티브,7655,2,210,2.82,7676.0,-28.9939,66155,506,283,2026-08-20 04:48:49
252710,3,TIGER 200선물인버스2X,84,5,-11,-11.58,83.0,-26.3566,165962826,14231,281,2026-08-20 04:48:49
223190,2,KODEX 200가치저변동,28055,2,850,3.12,27941.0,-5.9531,1219,34,281,2026-08-20 04:48:49
0198D0,2,1Q SK하이닉스선물단일종목레버리지,9095,2,1955,27.38,9134.0,,70029,591,280,2026-08-20 04:48:49
117680,2,KODEX 철강,12115,2,265,2.24,12122.0,-25.7992,36789,452,280,2026-08-20 04:48:49
475380,7,RISE 글로벌리얼티인컴,10515,2,40,0.38,10516.0,-7.6679,3513,36,279,2026-08-20 04:48:49
459790,4,KIWOOM 미국성장기업30액티브,20545,2,215,1.06,20374.0,-10.104,4,0,277,2026-08-20 04:48:49
0223R0,4,TIGER 미국테크NYSE100액티브,9475,2,90,0.96,9352.0,,48045,453,276,2026-08-20 04:48:49
0137W0,4,KIWOOM 미국S&P500&GOLD,10575,2,55,0.52,10574.0,-3.659,1904,20,275,2026-08-20 04:48:49
0218J0,7,RISE 미국우주&로봇TOP2미국채혼합50,9000,2,120,1.35,9020.0,,69295,621,275,2026-08-20 04:48:49
261250,7,KODEX 미국달러선물레버리지,16220,5,-55,-0.34,16233.0,-13.5918,103703,1672,274,2026-08-20 04:48:49
261060,2,TIGER 코스닥150IT,23600,2,325,1.4,23599.0,-17.7417,16050,377,274,2026-08-20 04:48:49
419430,4,KODEX 차이나2차전지MSCI(합성),9720,2,30,0.31,9707.0,-20.4107,1058,10,272,2026-08-20 04:48:49
0164G0,4,RISE 차이나AI반도체TOP4Plus,12950,5,-40,-0.31,13034.0,-8.5856,16657,216,272,2026-08-20 04:48:49
437350,6,RISE 미국단기투자등급회사채액티브,12345,5,-20,-0.16,12349.0,-6.4321,10168,125,272,2026-08-20 04:48:49
489290,4,WON 미국빌리어네어,15085,2,205,1.38,15000.0,-10.1178,742,11,272,2026-08-20 04:48:49
0013R0,7,RISE 테슬라미국채타겟커버드콜혼합(합성),7960,2,120,1.53,7962.0,-12.4085,36312,288,271,2026-08-20 04:48:49
245360,4,TIGER 차이나HSCEI,12585,2,115,0.92,12633.0,-7.922,9262,116,271,2026-08-20 04:48:49
185680,4,KODEX 미국S&P바이오(합성),50825,2,3485,7.36,50498.0,16.1147,4240,213,270,2026-08-20 04:48:49
0047R0,4,RISE 팔란티어고정테크100,15430,2,135,0.88,15413.0,2.0382,1510,23,270,2026-08-20 04:48:49
0115C0,4,RISE 미국고배당다우존스TOP10,11475,2,270,2.41,11464.0,1.0866,8532,97,270,2026-08-20 04:48:49
440340,7,TIGER 글로벌멀티에셋TIF액티브,12157,5,-48,-0.39,12209.0,-4.6524,4471,54,267,2026-08-20 04:48:49
167860,6,KIWOOM 국고채10년레버리지,92155,2,650,0.71,92178.0,-0.4732,36,3,267,2026-08-20 04:48:49
0198B0,2,1Q 삼성전자선물단일종목레버리지,12195,2,1715,16.36,12219.0,,32825,383,267,2026-08-20 04:48:49
0103T0,2,1Q K소버린AI,9000,2,345,3.99,9010.0,-1.8151,51674,466,266,2026-08-20 04:48:49
0152E0,2,SOL 배당성향탑픽액티브,10820,5,-20,-0.18,10820.0,-7.6482,2383,25,265,2026-08-20 04:48:49
461600,6,SOL 미국30년국채액티브(H),8390,2,90,1.08,8403.0,-1.1317,5881,49,264,2026-08-20 04:48:49
368190,2,HANARO Fn K-뉴딜디지털플러스,8160,2,320,4.08,8131.0,-10.4,1822,14,261,2026-08-20 04:48:49
0049K0,7,ACE 미국배당퀄리티채권혼합50,11240,2,20,0.18,11204.0,-1.6221,13983,156,259,2026-08-20 04:48:49
277540,4,ACE 아시아TOP50,32035,2,995,3.21,32107.0,-6.6467,629,19,256,2026-08-20 04:48:49
225130,4,ACE 골드선물 레버리지(합성 H),51090,2,3040,6.33,51321.0,-12.1653,3129,160,255,2026-08-20 04:48:49
479850,2,HANARO K-뷰티,18775,2,570,3.13,18792.0,12.0307,29822,554,253,2026-08-20 04:48:49
483570,4,KCGI 미국S&P500 TOP10,15830,2,160,1.02,15710.0,-9.7611,381,6,253,2026-08-20 04:48:49
0097L0,7,KIWOOM 한국고배당&미국AI테크,12575,5,-20,-0.16,12549.0,-4.4129,2289,28,252,2026-08-20 04:48:49
496120,1,ACE 코리아밸류업,33375,2,1495,4.69,33433.0,-7.3264,2023,66,250,2026-08-20 04:48:49
0093D0,7,KoAct 팔란티어밸류체인액티브,17720,2,120,0.68,17753.0,-1.1792,901,15,248,2026-08-20 04:48:49
139250,2,TIGER 200 에너지화학,17715,5,-20,-0.11,17701.0,-6.3886,32246,575,248,2026-08-20 04:48:49
411540,1,SOL 200 Top10,17575,2,575,3.38,17579.0,-10.6385,5855,101,246,2026-08-20 04:48:49
292500,1,SOL KRX300,49080,2,3115,6.78,49203.0,-11.8126,47,2,245,2026-08-20 04:48:49
438320,4,TIGER 차이나항셍테크레버리지(합성 H),5590,2,155,2.85,5626.0,-10.535,17616,97,245,2026-08-20 04:48:49
195970,4,PLUS 선진국MSCI(합성 H),16620,2,155,0.94,16609.0,5.1069,2313,38,243,2026-08-20 04:48:49
461450,1,KODEX 코스닥글로벌,16150,2,745,4.84,16196.0,-14.701,7925,127,242,2026-08-20 04:48:49
269420,4,KODEX S&P글로벌인프라(합성),22705,5,-5,-0.02,22625.0,-6.1765,1216,27,241,2026-08-20 04:48:49
481340,6,RISE 미국30년국채액티브,8775,2,110,1.27,8765.0,-8.2313,20201,176,241,2026-08-20 04:48:49
159800,1,마이티 코스피100,86110,2,5505,6.83,86355.0,-11.0124,279,23,241,2026-08-20 04:48:49
292160,1,TIGER KRX300,48185,2,2740,6.03,48302.0,-10.7565,24458,1167,241,2026-08-20 04:48:49
280930,4,KODEX 미국러셀2000(H),17200,2,145,0.85,17167.0,8.1483,1778,30,241,2026-08-20 04:48:49
204450,4,KODEX 차이나H레버리지(H),2400,2,60,2.56,2414.0,-6.2125,21052,50,240,2026-08-20 04:48:49
289250,2,TIGER MSCI KOREA ESG유니버설,34590,2,1970,6.04,34657.0,-8.1524,9571,332,239,2026-08-20 04:48:49
0206G0,7,1Q 현대차기아채권혼합50,8335,2,15,0.18,8334.0,,174144,1456,238,2026-08-20 04:48:49
138230,7,KIWOOM 미국달러선물,16325,5,-30,-0.18,16324.0,-6.6496,3806,61,237,2026-08-20 04:48:49
0065G0,4,KODEX 차이나테크TOP10,9210,2,115,1.26,9268.0,-12.69,24819,228,235,2026-08-20 04:48:49
364690,1,KODEX 혁신기술테마액티브,39020,2,2005,5.42,39143.0,-10.556,460,17,234,2026-08-20 04:48:49
367740,2,HANARO Fn5G산업,42470,2,1045,2.52,42531.0,0.2056,355,15,234,2026-08-20 04:48:49
0127R0,4,RISE 미국AI클라우드인프라,17090,5,-25,-0.15,16818.0,2.5523,18509,315,231,2026-08-20 04:48:49
477730,4,KODEX 인도타타그룹,7670,2,45,0.59,7681.0,-5.269,855,6,230,2026-08-20 04:48:49
388280,2,RISE K엔터&여행레저,6925,2,60,0.87,6922.0,-17.488,2545,17,230,2026-08-20 04:48:49
442550,7,RISE TDF2030액티브 적격,14790,2,80,0.54,14695.0,-2.3472,5691,83,229,2026-08-20 04:48:49
0067V0,4,TIGER 차이나글로벌리더스TOP3+,10370,2,80,0.78,10437.0,-12.7967,17242,177,228,2026-08-20 04:48:49
464600,2,SOL 자동차소부장Fn,23875,2,360,1.53,23878.0,-5.7327,5991,143,227,2026-08-20 04:48:49
447660,7,PLUS 애플채권혼합,13740,2,55,0.4,13747.0,0.6547,10995,150,227,2026-08-20 04:48:49
0153X0,4,PLUS 미국고배당주액티브,11625,2,80,0.69,11629.0,3.7435,6730,78,227,2026-08-20 04:48:49
0047P0,4,RISE 테슬라고정테크100,14615,2,215,1.49,14600.0,-9.1184,1147,16,227,2026-08-20 04:48:49
0144M0,4,KODEX 미국드론UAM TOP10,8185,2,15,0.18,8157.0,-8.5619,5258,42,225,2026-08-20 04:48:49
471460,6,KIWOOM 국고채30년액티브,44995,2,440,0.99,44923.0,-6.9464,1316,58,225,2026-08-20 04:48:49
300950,2,KODEX 게임산업,5485,2,35,0.64,5478.0,-15.5039,44772,245,225,2026-08-20 04:48:49
469160,4,ACE 일본반도체,24935,2,60,0.24,25155.0,-5.2562,11316,280,224,2026-08-20 04:48:49
433220,4,에셋플러스 글로벌대장장이액티브,29950,5,-55,-0.18,29808.0,-15.6215,1043,31,222,2026-08-20 04:48:49
376410,2,TIGER 탄소효율그린뉴딜,24560,2,1260,5.41,24502.0,-9.0194,1081,25,221,2026-08-20 04:48:49
375760,2,HANARO 탄소효율그린뉴딜,24345,2,1150,4.96,24425.0,-8.2199,157,3,219,2026-08-20 04:48:49
239660,6,PLUS 우량회사채50,121675,2,35,0.03,121683.0,0.7412,1096,133,219,2026-08-20 04:48:49
0026E0,4,KODEX 미국S&P500버퍼3월액티브,11800,5,-5,-0.04,11847.0,-3.554,77,0,218,2026-08-20 04:48:49
108590,1,TREX 200,108585,2,7055,6.95,108425.0,-10.7916,14,1,217,2026-08-20 04:48:49
371450,4,TIGER 글로벌클라우드컴퓨팅INDXX,13855,5,-5,-0.04,13845.0,13.7931,11064,152,216,2026-08-20 04:48:49
0186L0,4,KoAct 미국로봇피지컬AI액티브,9375,5,-110,-1.16,9328.0,-7.3278,22200,207,216,2026-08-20 04:48:49
253290,7,RISE 헬스케어채권혼합,11960,2,90,0.76,11975.0,-1.2833,28275,338,215,2026-08-20 04:48:49
404260,2,KODEX 기후변화솔루션,23740,2,620,2.68,23731.0,-13.4338,101,2,214,2026-08-20 04:48:49
463300,4,RISE 중국본토CSI300,13340,5,-75,-0.56,13423.0,-8.4108,336,4,213,2026-08-20 04:48:49
0177A0,2,WON 두산그룹포커스,8635,2,45,0.52,8621.0,-26.2345,31144,269,212,2026-08-20 04:48:49
416090,4,ACE 중국과창판STAR50,13115,2,5,0.04,13111.0,-11.8952,15800,209,210,2026-08-20 04:48:49
300640,2,RISE 게임테마,6415,2,50,0.79,6432.0,-12.2069,6577,42,208,2026-08-20 04:48:49
437070,6,KODEX 아시아달러채권ESG플러스액티브,60100,5,-25,-0.04,60055.0,-6.8924,1571,94,208,2026-08-20 04:48:49
457690,6,KODEX 33-06 국고채액티브,10490,2,15,0.14,10483.0,0.4314,8885,93,208,2026-08-20 04:48:49
337120,2,KODEX 멀티팩터,34550,2,2250,6.97,34438.0,-12.1257,3,0,207,2026-08-20 04:48:49
364990,2,TIGER 게임TOP10,4760,2,40,0.85,4750.0,-15.3364,26924,128,207,2026-08-20 04:48:49
304770,1,HANARO 코스닥150,14580,2,325,2.28,14661.0,-21.3735,9475,138,207,2026-08-20 04:48:49
0223A0,2,RISE 코스닥커버드콜액티브,10885,2,245,2.3,10898.0,,259944,2828,207,2026-08-20 04:48:49
152380,6,KODEX 국채선물10년,64890,2,105,0.16,64930.0,0.2553,1221,79,206,2026-08-20 04:48:49
417630,2,TIGER KEDI혁신기업ESG30,19580,2,565,2.97,19589.0,-4.8299,403,7,206,2026-08-20 04:48:49
217770,5,TIGER 원유선물인버스(H),1268,2,5,0.4,1265.0,7.7645,68407,86,205,2026-08-20 04:48:49
489000,6,PLUS 일본엔화초단기국채(합성),9305,2,10,0.11,9310.0,-7.1429,37863,351,205,2026-08-20 04:48:49
169950,4,KODEX 차이나A50,25515,5,-85,-0.33,25890.0,-10.0018,243,6,204,2026-08-20 04:48:49
226980,1,KODEX 200 중소형,22345,2,150,0.68,22400.0,-16.2421,993,22,201,2026-08-20 04:48:49
497780,4,KoAct 미국천연가스인프라액티브,10840,5,-145,-1.32,10794.0,-10.0441,19141,206,201,2026-08-20 04:48:49
289040,2,KODEX MSCI KOREA ESG유니버설,33405,2,1850,5.86,33264.0,-7.2506,36,1,200,2026-08-20 04:48:49
0192S0,7,SOL 코스피200채권혼합50,9445,2,270,2.94,9477.0,-4.6229,153313,1430,198,2026-08-20 04:48:49
0190M0,4,KIWOOM 미국AI테크하이베타,8610,5,-45,-0.52,8463.0,-12.8399,133251,1144,198,2026-08-20 04:48:49
091220,2,TIGER 은행,15950,5,-530,-3.22,15951.0,8.2498,32613,525,198,2026-08-20 04:48:49
407310,1,HANARO 200 TOP10,17170,2,530,3.19,17207.0,-10.1948,4242,71,197,2026-08-20 04:48:49
213630,4,PLUS 미국다우존스고배당주(합성 H),21225,2,55,0.26,21381.0,7.7627,2340,49,195,2026-08-20 04:48:49
0018Z0,4,RISE 미국양자컴퓨팅,18450,2,130,0.71,18373.0,-4.2559,1919,35,194,2026-08-20 04:48:49
0203R0,6,WON 중단기종합채권(A-이상)액티브,50445,3,0,0.0,50486.0,,0,0,192,2026-08-20 04:48:49
0105D0,2,SOL 한국AI소프트웨어,10085,2,420,4.35,10099.0,-1.2769,88736,891,192,2026-08-20 04:48:49
487950,4,KODEX 대만테크고배당다우존스,13170,5,-50,-0.38,13128.0,4.2973,16095,212,191,2026-08-20 04:48:49
228820,1,TIGER KTOP30,19085,2,1000,5.53,19120.0,-7.0766,4539,86,191,2026-08-20 04:48:49
229720,1,KODEX KTOP30,37825,2,1620,4.47,37892.0,-7.0043,1089,41,189,2026-08-20 04:48:49
304760,1,HANARO KRX300,47230,2,2630,5.9,47360.0,-10.2134,98,4,189,2026-08-20 04:48:49
0224X0,7,1Q 엔비디아알파벳미국채혼합50,9920,2,25,0.25,9830.0,,73477,727,188,2026-08-20 04:48:49
183710,7,RISE 주식혼합,93610,2,4965,5.6,92905.0,-6.9018,166,15,187,2026-08-20 04:48:49
284980,2,RISE 200금융,21590,5,-215,-0.99,21577.0,-0.2236,3450,74,186,2026-08-20 04:48:49
0104P0,2,TIGER 코리아배당다우존스위클리커버드콜,10910,5,-185,-1.67,10894.0,-2.7258,11660,127,185,2026-08-20 04:48:49
483330,4,ACE 마이크로소프트밸류체인액티브,14805,2,90,0.61,14728.0,-1.2417,6695,99,185,2026-08-20 04:48:49
379790,4,RISE 유로스탁스50(H),17535,2,20,0.11,17519.0,10.8477,22465,395,184,2026-08-20 04:48:49
445910,2,TIGER MKF배당귀족,20410,5,-90,-0.44,20417.0,-4.4831,1571,32,184,2026-08-20 04:48:49
0193K0,2,PLUS 삼성전자단일종목레버리지,12860,2,1860,16.91,12946.0,,10925,136,183,2026-08-20 04:48:49
465670,4,TIGER 미국캐시카우100,17385,2,345,2.02,17210.0,10.629,41136,713,183,2026-08-20 04:48:49
415760,4,SOL 차이나육성산업액티브(합성),13375,2,75,0.56,13521.0,-11.5104,16367,219,182,2026-08-20 04:48:49
461910,4,PLUS 미국테크TOP10레버리지(합성),36325,2,565,1.58,36001.0,-21.0771,407,14,182,2026-08-20 04:48:49
468370,6,KODEX iShares미국인플레이션국채액티브,10865,2,15,0.14,10859.0,-7.4098,10348,111,181,2026-08-20 04:48:49
445690,2,BNK 주주가치액티브,30210,2,965,3.3,30209.0,-11.2174,24,0,181,2026-08-20 04:48:49
276000,4,TIGER 글로벌자원생산기업(합성 H),21230,2,895,4.4,21025.0,-1.8108,1095,23,180,2026-08-20 04:48:49
461900,4,PLUS 미국테크TOP10,22430,2,210,0.95,22193.0,-9.9494,392,8,179,2026-08-20 04:48:49
449580,7,RISE 테슬라애플아마존채권혼합,16250,2,160,0.99,16257.0,-4.4645,6941,112,179,2026-08-20 04:48:49
385600,2,ACE 2차전지&친환경차액티브,11905,2,70,0.59,11926.0,-9.7255,3788,45,179,2026-08-20 04:48:49
227830,1,PLUS 코스피,71105,2,4460,6.69,70965.0,-11.3888,603,42,178,2026-08-20 04:48:49
474920,4,에셋플러스 차이나일등기업포커스10액티브,18905,2,45,0.24,18968.0,5.2749,874,16,178,2026-08-20 04:48:49
236350,4,TIGER 인도니프티50레버리지(합성),28565,2,130,0.46,28461.0,-12.3999,3164,88,177,2026-08-20 04:48:49
404120,2,TIME K신재생에너지액티브,25160,2,530,2.15,25218.0,-11.4189,1263,31,176,2026-08-20 04:48:49
477490,4,에셋플러스 글로벌일등기업포커스10액티브,19360,2,185,0.96,19254.0,-10.2715,88,1,174,2026-08-20 04:48:49
391670,1,HK 베스트일레븐액티브,29005,2,1840,6.77,28958.0,-5.3815,138,3,174,2026-08-20 04:48:49
460660,4,RISE 미국S&P배당킹,12395,2,95,0.77,12337.0,6.029,1710,21,174,2026-08-20 04:48:49
292050,1,RISE KRX300,49365,2,3110,6.72,49493.0,-11.5922,4271,209,173,2026-08-20 04:48:49
195920,4,TIGER 일본TOPIX(합성 H),34540,5,-100,-0.29,34943.0,4.8426,674,23,173,2026-08-20 04:48:49
280320,4,ACE 미국IT인터넷(합성 H),21495,2,430,2.04,21504.0,3.8452,2261,48,172,2026-08-20 04:48:49
0086C0,7,TIGER 리츠부동산인프라10채권혼합액티브,9810,5,-5,-0.05,9814.0,-2.3278,5321,52,172,2026-08-20 04:48:49
225060,4,TIGER 이머징마켓MSCI레버리지(합성 H),16135,2,465,2.97,16261.0,0.6745,381,6,171,2026-08-20 04:48:49
289260,2,TIGER MSCI KOREA ESG리더스,28490,2,1435,5.3,28501.0,-3.1502,19602,558,171,2026-08-20 04:48:49
419650,4,PLUS 글로벌수소&차세대연료전지,5235,2,65,1.26,5229.0,-26.8742,6595,34,170,2026-08-20 04:48:49
250730,4,RISE 차이나HSCEI(H),9975,2,105,1.06,10166.0,-2.4222,930,9,170,2026-08-20 04:48:49
494420,2,PLUS 미국배당증가성장주데일리커버드콜,9375,5,-45,-0.48,9352.0,0.5063,7944,74,169,2026-08-20 04:48:49
332620,6,PLUS 미국장기우량회사채,89945,2,875,0.98,89884.0,-8.5547,455,40,168,2026-08-20 04:48:49
453630,4,KODEX 미국S&P500필수소비재,12725,2,125,0.99,12729.0,-7.0309,8639,109,165,2026-08-20 04:48:49
0216Z0,2,ACE K방산TOP5+,9325,5,-25,-0.27,9327.0,,63312,589,163,2026-08-20 04:48:49
219390,4,RISE 미국S&P원유생산기업(합성 H),8140,2,35,0.43,8229.0,3.117,16777,136,163,2026-08-20 04:48:49
291130,4,ACE MSCI멕시코(합성),18070,2,20,0.11,18069.0,-9.7049,420,7,163,2026-08-20 04:48:49
131890,2,ACE 삼성그룹동일가중,40455,2,1360,3.48,40409.0,0.7603,1432,57,162,2026-08-20 04:48:49
0104G0,2,PLUS K방산레버리지,6730,5,-40,-0.59,6748.0,-44.5764,111366,745,162,2026-08-20 04:48:49
432840,4,HANARO 미국S&P500,20060,2,40,0.2,20021.0,-3.4477,373,7,160,2026-08-20 04:48:49
387280,2,TIGER 퓨처모빌리티액티브,11780,2,325,2.84,11748.0,-16.6303,6109,71,159,2026-08-20 04:48:49
265690,4,ACE 러시아MSCI(합성),8535,3,0,0.0,48.0,0.0,0,0,158,2026-08-20 04:48:49
266410,2,KODEX 필수소비재,9790,2,115,1.19,9811.0,-0.4723,9248,89,157,2026-08-20 04:48:49
0207Z0,4,KIWOOM 미국우주데이터센터인프라,7280,5,-25,-0.34,7249.0,,11431,82,157,2026-08-20 04:48:49
488290,4,MIDAS 일본테크액티브,44100,2,295,0.67,44311.0,-3.9365,492,21,154,2026-08-20 04:48:49
0220A0,7,KIWOOM 현대차그룹TOP3채권혼합50,9610,2,50,0.52,9610.0,,24319,234,154,2026-08-20 04:48:49
453820,4,KODEX 인도Nifty50레버리지(합성),11775,2,120,1.03,11807.0,-11.8048,764,8,153,2026-08-20 04:48:49
413930,2,WON AI ESG액티브,27755,2,1130,4.24,27784.0,-9.9747,74,2,153,2026-08-20 04:48:49
337150,2,KODEX 200exTOP,25420,2,520,2.09,25326.0,-8.6934,66,1,153,2026-08-20 04:48:49
0193L0,2,PLUS 삼성전자선물단일종목인버스2X,9075,5,-1835,-16.82,9114.0,,1149534,10956,152,2026-08-20 04:48:49
114460,6,ACE 국고채3년,100755,2,35,0.03,100806.0,0.8874,137,14,151,2026-08-20 04:48:49
0090B0,2,PLUS K방산소부장,6850,5,-120,-1.72,6860.0,-42.3967,52204,360,151,2026-08-20 04:48:49
104520,2,KIWOOM 블루칩,14875,2,110,0.75,14907.0,-4.6602,312,4,149,2026-08-20 04:48:49
491510,2,파워 K-주주가치액티브,17350,2,60,0.35,17383.0,-6.287,188,3,147,2026-08-20 04:48:49
453010,7,PLUS KOFR금리,109745,2,10,0.01,109754.0,0.6281,136,14,147,2026-08-20 04:48:49
130680,5,TIGER 원유선물Enhanced(H),6985,2,10,0.14,6985.0,-13.8889,14474,100,147,2026-08-20 04:48:49
438900,2,HANARO Fn K-푸드,11650,2,385,3.42,11667.0,-5.9606,117352,1360,146,2026-08-20 04:48:49
0013P0,4,RISE 미국은행TOP10,13070,5,-270,-2.02,13064.0,11.678,14964,194,144,2026-08-20 04:48:49
0153P0,2,ACE 리츠부동산인프라액티브,9545,2,95,1.01,9532.0,-3.9068,775,7,143,2026-08-20 04:48:49
102960,2,KODEX 기계장비,13455,2,60,0.45,13454.0,-25.4591,5026,67,143,2026-08-20 04:48:49
404650,2,SOL KRX기후변화솔루션,23755,2,735,3.19,23728.0,-13.349,641,15,143,2026-08-20 04:48:49
0051A0,4,KoAct 브로드컴밸류체인액티브,23745,5,-185,-0.77,23548.0,-5.0397,3775,89,142,2026-08-20 04:48:49
234310,2,RISE V&S셀렉트밸류,28365,2,1010,3.69,28403.0,-11.2139,16,0,142,2026-08-20 04:48:49
373490,2,KODEX 코리아혁신성장액티브,25660,2,795,3.2,25671.0,-18.702,579,14,141,2026-08-20 04:48:49
0004G0,4,1Q 미국배당TOP30,9395,2,45,0.48,9417.0,4.6552,2111,19,141,2026-08-20 04:48:49
244620,2,KODEX 모멘텀Plus,20095,2,230,1.16,20094.0,-12.9873,541,10,141,2026-08-20 04:48:49
417450,4,RISE 글로벌수소경제,16370,2,195,1.21,16265.0,-21.8659,1150,18,139,2026-08-20 04:48:49
0028X0,4,KODEX 미국금융테크액티브,12050,5,-75,-0.62,12113.0,8.8261,759,9,139,2026-08-20 04:48:49
396510,4,TIGER 차이나클린에너지SOLACTIVE,7495,5,-60,-0.79,7531.0,-21.9928,712,5,138,2026-08-20 04:48:49
496130,1,TRUSTON 코리아밸류업액티브,25495,2,1345,5.57,25565.0,-13.3011,314,7,138,2026-08-20 04:48:49
0127T0,4,KIWOOM 미국S&P500&배당다우존스비중전환,11280,2,35,0.31,11272.0,-2.0065,1318,14,135,2026-08-20 04:48:49
0127V0,4,KIWOOM 미국S&P500 TOP10&배당다우비중전환,10820,2,125,1.17,10778.0,-7.3904,3082,33,135,2026-08-20 04:48:49
0088N0,2,WON K-글로벌수급상위,10800,2,70,0.65,10777.0,-20.015,2320,25,135,2026-08-20 04:48:49
0194R0,2,KIWOOM SK하이닉스선물단일종목레버리지,8550,2,1830,27.23,8604.0,,22245,181,135,2026-08-20 04:48:49
0222F0,2,마이티 AI데이터센터밸류체인,12780,2,220,1.75,12820.0,,12550,160,134,2026-08-20 04:48:49
484890,6,SOL 머니마켓액티브,52490,2,10,0.02,52489.0,0.6713,8557,449,133,2026-08-20 04:48:49
360150,2,KODEX 코스닥150롱코스피200숏선물,3240,5,-135,-4.0,3239.0,-16.6667,264422,878,133,2026-08-20 04:48:49
485810,4,TIME 글로벌바이오액티브,12065,2,925,8.3,12031.0,10.9561,70390,847,133,2026-08-20 04:48:49
472720,1,TRUSTON 주주가치액티브,25500,2,725,2.93,25550.0,-12.9174,1428,36,133,2026-08-20 04:48:49
489860,4,KIWOOM 글로벌전력GRID인프라,15390,5,-205,-1.31,15360.0,-8.7098,3159,48,131,2026-08-20 04:48:49
266390,2,KODEX 경기소비재,14465,5,-110,-0.75,14441.0,9.1039,4265,62,130,2026-08-20 04:48:49
428560,4,KODEX 미국ETF산업Top10 Indxx,16240,2,75,0.46,16320.0,-2.8802,1150,18,130,2026-08-20 04:48:49
137610,5,TIGER 농산물선물Enhanced(H),5630,2,80,1.44,5654.0,-1.1577,20090,112,129,2026-08-20 04:48:49
252650,1,KODEX 200동일가중,18485,2,265,1.45,18440.0,-8.5032,4620,85,129,2026-08-20 04:48:49
300610,2,TIGER K게임,5385,2,5,0.09,5382.0,-11.8756,3744,20,129,2026-08-20 04:48:49
395760,2,PLUS ESG성장주액티브,21495,2,1295,6.41,21418.0,-11.3258,673,14,129,2026-08-20 04:48:49
435040,4,ACE 글로벌브랜드TOP10,19725,2,225,1.15,19735.0,-3.6988,297,5,128,2026-08-20 04:48:49
272570,6,RISE 중장기국공채액티브,107950,2,30,0.03,107991.0,0.6998,112,12,127,2026-08-20 04:48:49
0015F0,7,KIWOOM 팔란티어미국30년국채혼합액티브(H),10565,2,165,1.59,10621.0,5.8514,4688,49,127,2026-08-20 04:48:49
176950,6,KODEX 국채선물10년인버스,60320,5,-110,-0.18,60311.0,0.6914,159,9,127,2026-08-20 04:48:49
279540,2,KODEX 최소변동성,21080,2,560,2.73,21003.0,-11.0845,23,0,126,2026-08-20 04:48:49
435550,7,KIWOOM TDF2050액티브 적격,18030,2,20,0.11,18035.0,-3.5583,3946,71,126,2026-08-20 04:48:49
290080,3,RISE 200고배당커버드콜ATM,7170,5,-160,-2.18,7206.0,13.452,10180,73,125,2026-08-20 04:48:49
0221Z0,2,ACE K바이오코스닥액티브,11365,2,495,4.55,11405.0,,439150,4951,125,2026-08-20 04:48:49
0208N0,1,IBK 코스피액티브,7540,2,455,6.42,7554.0,,9573,71,124,2026-08-20 04:48:49
363510,6,SOL KIS단기통안채,112040,3,0,0.0,112078.0,0.5699,0,0,124,2026-08-20 04:48:49
453660,4,KODEX 미국S&P500경기소비재,17725,2,220,1.26,17854.0,-6.4536,418,7,124,2026-08-20 04:48:49
400570,4,KODEX 유럽탄소배출권선물ICE(H),11205,5,-35,-0.31,11257.0,8.1289,1061,11,123,2026-08-20 04:48:49
0008E0,4,ACE 미국중심중소형제조업,12905,5,-110,-0.85,12912.0,-10.1795,539,6,123,2026-08-20 04:48:49
453060,6,HANARO KOFR금리액티브(합성),111320,2,30,0.03,111305.0,0.6648,2,0,122,2026-08-20 04:48:49
332610,6,PLUS 미국단기회사채(AAA~A),127205,5,-210,-0.16,127191.0,-6.4629,400,50,122,2026-08-20 04:48:49
269530,4,PLUS S&P글로벌인프라,20285,5,-40,-0.2,20304.0,-6.5027,940,18,122,2026-08-20 04:48:49
0000H0,2,KODEX 인도Nifty미드캡100,10575,2,45,0.43,10627.0,-4.5313,258,2,122,2026-08-20 04:48:49
269370,4,TIGER S&P글로벌인프라(합성),17340,5,-335,-1.9,17411.0,-5.7566,294,5,121,2026-08-20 04:48:49
140580,2,RISE 우량업종대표주,24270,2,45,0.19,24299.0,-10.078,9,0,121,2026-08-20 04:48:49
487750,2,BNK 온디바이스AI,30275,2,1185,4.07,30357.0,-13.0734,1713,51,121,2026-08-20 04:48:49
251590,2,PLUS 고배당저변동50,17030,2,50,0.29,17032.0,-5.0391,1815,30,119,2026-08-20 04:48:49
457700,6,KODEX 53-09 국고채액티브,9030,2,80,0.89,9036.0,-6.1845,1909,17,119,2026-08-20 04:48:49
280920,2,PLUS 주도업종,23700,2,695,3.02,23702.0,-11.5873,116,2,119,2026-08-20 04:48:49
448490,6,HANARO 32-10 국고채액티브,52855,2,210,0.4,52857.0,-0.057,109,5,118,2026-08-20 04:48:49
354240,7,RISE 미국고정배당우선증권,10660,2,35,0.33,10673.0,-9.1493,1072,11,117,2026-08-20 04:48:49
166400,3,TIGER 200커버드콜OTM,23445,2,1140,5.11,23416.0,6.848,3241,75,117,2026-08-20 04:48:49
410870,2,TIME K컬처액티브,9730,2,225,2.37,9721.0,-14.0986,1607,15,117,2026-08-20 04:48:49
0002C0,4,에셋플러스 인도일등기업포커스20액티브,9955,2,30,0.3,9954.0,3.7095,157,1,115,2026-08-20 04:48:49
461580,1,TIGER 코스닥글로벌,16475,2,730,4.64,16532.0,-14.5455,10976,180,115,2026-08-20 04:48:49
498050,2,HANARO 바이오코리아액티브,11505,2,420,3.79,11528.0,-14.7964,9738,111,115,2026-08-20 04:48:49
0084E0,7,KIWOOM 미국대형주500월간목표헤지액티브,10400,3,0,0.0,10373.0,-6.0507,18,0,114,2026-08-20 04:48:49
463640,4,KODEX 미국S&P500유틸리티,14290,5,-5,-0.03,14189.0,-4.9219,2333,33,114,2026-08-20 04:48:49
371870,4,ACE 차이나항셍테크,7110,2,145,2.08,7096.0,-10.5906,1252,8,114,2026-08-20 04:48:49
451600,6,PLUS 국고채30년액티브,82580,2,225,0.27,83032.0,-6.9646,745,61,113,2026-08-20 04:48:49
409810,4,KODEX 미국나스닥100선물인버스(H),5510,5,-35,-0.63,5535.0,-2.0319,58757,323,113,2026-08-20 04:48:49
451150,4,에셋플러스 글로벌영에이지액티브,18190,2,260,1.45,18161.0,-2.8974,7,0,113,2026-08-20 04:48:49
419420,4,KODEX 미국클린에너지나스닥,9395,2,65,0.7,9327.0,-17.9688,2355,21,113,2026-08-20 04:48:49
464610,2,SOL 의료기기소부장Fn,7515,2,125,1.69,7535.0,-16.6385,31041,233,113,2026-08-20 04:48:49
0222D0,2,KoAct 고배당액티브,10245,5,-100,-0.97,10246.0,,49645,512,113,2026-08-20 04:48:49
430500,7,KIWOOM 물가채KIS,112575,2,290,0.26,112402.0,0.0044,54,6,113,2026-08-20 04:48:49
0094L0,4,RISE 차이나테크TOP10위클리타겟커버드콜,8030,2,115,1.45,7939.0,-12.4276,1833,14,112,2026-08-20 04:48:49
407820,2,에셋플러스 코리아플랫폼액티브,6205,2,195,3.24,6201.0,-23.293,28839,177,112,2026-08-20 04:48:49
0113G0,4,KoAct 미국바이오헬스케어액티브,12275,2,900,7.91,12213.0,14.6673,39196,479,110,2026-08-20 04:48:49
385710,2,TIME K이노베이션액티브,11040,2,265,2.46,11054.0,-25.0435,21789,240,110,2026-08-20 04:48:49
0191S0,1,IBK 코스닥150,14775,2,345,2.39,14768.0,-19.9446,9982,147,109,2026-08-20 04:48:49
310080,4,RISE 중국MSCI China(H),9475,2,85,0.91,9518.0,-2.9959,2621,24,109,2026-08-20 04:48:49
0093B0,4,RISE 엔비디아고정테크100,12790,2,5,0.04,12773.0,-4.6576,164,2,109,2026-08-20 04:48:49
0001P0,2,마이티 바이오시밀러&CDMO액티브,9705,2,225,2.37,9738.0,-14.3245,2266,22,109,2026-08-20 04:48:49
0203D0,7,PLUS 200위클리커버드콜채권혼합,9045,2,305,3.49,9060.0,,15211,136,109,2026-08-20 04:48:49
0068M0,4,KODEX 미국S&P500버퍼6월액티브,11915,5,-15,-0.13,11949.0,-2.8999,12,0,107,2026-08-20 04:48:49
140710,2,KODEX 운송,6290,5,-60,-0.94,6287.0,-3.3491,15361,97,107,2026-08-20 04:48:49
446700,2,RISE 배터리 리사이클링,10275,2,270,2.7,10268.0,-23.8875,1503,15,107,2026-08-20 04:48:49
456250,4,KODEX 유럽명품TOP10 STOXX,9150,2,135,1.5,9139.0,-1.4479,4464,40,105,2026-08-20 04:48:49
181480,7,ACE 미국부동산리츠(합성 H),86625,2,1095,1.28,86308.0,3.3319,15,1,104,2026-08-20 04:48:49
354350,4,HANARO 글로벌럭셔리S&P(합성),19990,2,380,1.94,20092.0,-3.9432,677,13,104,2026-08-20 04:48:49
487910,4,ACE 인도컨슈머파워액티브,8585,2,30,0.35,8568.0,-1.6667,526,4,103,2026-08-20 04:48:49
237440,7,TIGER 경기방어채권혼합,10280,5,-5,-0.05,10337.0,0.5376,9659,99,103,2026-08-20 04:48:49
460270,6,KIWOOM 미국달러SOFR금리액티브(합성),12675,5,-25,-0.2,12673.0,-6.0999,580,7,103,2026-08-20 04:48:49
140570,2,RISE 수출주,25585,5,-30,-0.12,25618.0,-7.7436,613,15,102,2026-08-20 04:48:49
429010,4,TIGER 미국나스닥넥스트100,20325,2,235,1.17,20207.0,3.717,26,0,102,2026-08-20 04:48:49
494180,4,TIME 글로벌소비트렌드액티브,13545,2,255,1.92,13525.0,-7.063,20,0,102,2026-08-20 04:48:49
117690,4,TIGER 차이나항셍30,20200,2,165,0.82,20361.0,-8.7244,341,6,101,2026-08-20 04:48:49
0226G0,2,WON 피지컬AI TOP2플러스액티브,12545,2,205,1.66,12560.0,,9311,116,100,2026-08-20 04:48:49
0120J0,2,BNK 카카오그룹포커스,8000,2,235,3.03,8000.0,-11.4596,14870,119,100,2026-08-20 04:48:49
0214M0,2,MIDAS 바이오헬스케어액티브,11695,2,450,4.0,11705.0,,5050,58,99,2026-08-20 04:48:49
463690,4,KODEX 미국S&P500커뮤니케이션,18020,2,255,1.44,17950.0,-12.2082,479,8,99,2026-08-20 04:48:49
0189Z0,2,DAISHIN 금융&지주고배당,9910,5,-125,-1.25,9942.0,,1214,12,99,2026-08-20 04:48:49
0067Y0,4,TIGER 차이나AI소프트웨어,10925,2,200,1.86,11012.0,-19.6329,84385,912,98,2026-08-20 04:48:49
0194N0,2,KIWOOM 삼성전자선물단일종목레버리지,11900,2,1730,17.01,11898.0,,35926,406,98,2026-08-20 04:48:49
0174R0,4,KIWOOM 미국성장다우존스,11490,2,105,0.92,11457.0,-4.644,1572,18,98,2026-08-20 04:48:49
252000,1,TIGER 200동일가중,19320,2,230,1.2,19299.0,-8.5548,220,4,97,2026-08-20 04:48:49
497510,4,ACE 글로벌빅파마,13780,2,615,4.67,13690.0,5.8411,1926,26,96,2026-08-20 04:48:49
281990,2,RISE 중소형고배당,17440,5,-100,-0.57,17431.0,-6.2767,93,1,96,2026-08-20 04:48:49
301400,1,PLUS 코스닥150,14745,2,420,2.93,14798.0,-21.9134,3174,46,96,2026-08-20 04:48:49
482030,2,KoAct 반도체&2차전지핵심소재액티브,9065,2,105,1.17,9068.0,-29.0578,2750,25,95,2026-08-20 04:48:49
0227K0,4,RISE 미국우주위성통신,9475,5,-85,-0.89,9503.0,,20845,195,95,2026-08-20 04:48:49
399580,4,RISE 글로벌클린에너지,9440,2,115,1.23,9440.0,-23.1802,1337,12,94,2026-08-20 04:48:49
449680,7,TIGER 한중전기차(합성),11070,2,160,1.47,10983.0,-23.4386,25,0,94,2026-08-20 04:48:49
0224D0,4,KIWOOM 미국CPU반도체TOP4+,9320,2,5,0.05,9260.0,,22076,204,93,2026-08-20 04:48:49
0084D0,7,KIWOOM 미국테크100월간목표헤지액티브,11535,3,0,0.0,11483.0,-5.9143,216,2,92,2026-08-20 04:48:49
341850,7,TIGER 리츠부동산인프라채권,4600,2,15,0.33,4599.0,-0.6341,1396,6,92,2026-08-20 04:48:49
375270,7,RISE 글로벌데이터센터리츠(합성),14120,2,5,0.04,14071.0,-13.0315,1599,22,92,2026-08-20 04:48:49
174350,2,TIGER 로우볼,20855,2,10,0.05,20804.0,2.1413,1525,31,92,2026-08-20 04:48:49
371150,4,RISE 차이나항셍테크,7055,2,90,1.29,7081.0,-10.1633,8243,58,92,2026-08-20 04:48:49
230480,7,KIWOOM 미국달러선물인버스2X,4540,2,25,0.55,4550.0,14.7395,2612,11,91,2026-08-20 04:48:49
139240,2,TIGER 200 철강소재,10850,2,300,2.84,10848.0,-23.8817,32625,355,91,2026-08-20 04:48:49
0133E0,4,TIGER 차이나증권,8555,2,25,0.29,8628.0,-4.5862,9441,80,90,2026-08-20 04:48:49
0216K0,7,KIWOOM 미국우주테크TOP2채권혼합50,8860,5,-55,-0.62,8884.0,,33795,299,89,2026-08-20 04:48:49
395150,2,KODEX 웹툰&드라마,1846,2,53,2.96,1851.0,-16.6047,9710,17,89,2026-08-20 04:48:49
497520,4,ACE 일라이릴리밸류체인,13595,2,395,2.99,13683.0,11.2047,2552,34,88,2026-08-20 04:48:49
0219B0,2,KoAct 광통신&위성네트워크액티브,11030,2,130,1.19,11053.0,,14496,159,88,2026-08-20 04:48:49
381570,2,HANARO Fn친환경에너지,10365,2,260,2.57,10397.0,-22.7742,2307,24,88,2026-08-20 04:48:49
435540,7,KIWOOM TDF2040액티브 적격,17535,2,70,0.4,17502.0,-3.6366,1761,30,88,2026-08-20 04:48:49
215620,2,HK S&P코리아로우볼,16065,2,190,1.2,16051.0,-7.9711,1,0,87,2026-08-20 04:48:49
429980,7,SOL 한국형글로벌전기차&2차전지액티브,17320,2,220,1.29,17239.0,-15.7843,466,7,87,2026-08-20 04:48:49
105010,4,TIGER 라틴35,6155,2,55,0.9,6142.0,-13.6743,2871,17,86,2026-08-20 04:48:49
466810,2,BNK 2차전지양극재,5735,2,55,0.97,5726.0,-24.2162,4994,28,86,2026-08-20 04:48:49
462340,4,에셋플러스 글로벌다이나믹시니어액티브,17190,2,450,2.69,17106.0,5.283,37,0,86,2026-08-20 04:48:49
0219Z0,4,HANARO 미국S&P500액티브,10675,2,75,0.71,10690.0,,891,9,85,2026-08-20 04:48:49
457930,2,BNK 미래전략기술액티브,28060,2,875,3.22,27964.0,-15.3248,32,0,84,2026-08-20 04:48:49
270800,2,RISE KQ고배당,15300,2,240,1.59,15312.0,-16.374,158,2,84,2026-08-20 04:48:49
395280,2,HANARO Fn K-게임,3575,2,50,1.42,3572.0,-12.6395,848,3,84,2026-08-20 04:48:49
404540,2,TIGER KRX기후변화솔루션,23875,2,885,3.85,23864.0,-14.0594,2192,52,84,2026-08-20 04:48:49
182490,6,TIGER 단기선진하이일드(합성 H),13910,2,10,0.07,13881.0,1.2381,50,0,83,2026-08-20 04:48:49
217780,4,TIGER 차이나CSI300인버스(합성),5380,5,-45,-0.83,5428.0,11.168,137,0,83,2026-08-20 04:48:49
0215T0,4,HANARO 미국AI광통신TOP10,9215,2,90,0.99,8977.0,,60756,554,83,2026-08-20 04:48:49
253280,2,RISE 헬스케어,13820,2,535,4.03,13852.0,-9.5336,2258,31,83,2026-08-20 04:48:49
395750,2,PLUS ESG가치주액티브,20695,2,990,5.02,20604.0,-10.105,6,0,83,2026-08-20 04:48:49
0172Y0,2,ACE K수출핵심TOP10산업액티브,9725,2,395,4.23,9750.0,-14.7946,5015,48,83,2026-08-20 04:48:49
0218K0,2,BNK 스마트카,10850,2,45,0.42,10851.0,,39,0,81,2026-08-20 04:48:49
261110,7,TIGER 미국달러선물레버리지,16260,5,-90,-0.55,16273.0,-13.2626,2488,40,81,2026-08-20 04:48:49
487920,4,ACE 인도시장대표BIG5그룹액티브,8080,5,-5,-0.06,8110.0,-4.7704,2136,17,81,2026-08-20 04:48:49
0184N0,7,PLUS 은채권혼합,8975,2,275,3.16,8935.0,-11.4053,57785,517,81,2026-08-20 04:48:49
0138D0,2,RISE 동학개미,12370,2,405,3.38,12373.0,-27.2424,2190,26,80,2026-08-20 04:48:49
0226D0,7,FOCUS 금융반도체지주채권혼합50액티브,10025,2,175,1.78,10053.0,,1393,13,80,2026-08-20 04:48:49
0082F0,4,HANARO 유럽방산,11365,5,-210,-1.81,11380.0,14.2081,160,1,80,2026-08-20 04:48:49
0166T0,4,PLUS 글로벌저작권핵심기업액티브,9890,2,70,0.71,9958.0,-5.6677,231,2,79,2026-08-20 04:48:49
480460,7,WON 한국부동산TOP3플러스,9260,3,0,0.0,9292.0,-3.9317,786,7,79,2026-08-20 04:48:49
189400,4,PLUS 글로벌MSCI(합성 H),26080,2,265,1.03,26033.0,3.2187,55,1,78,2026-08-20 04:48:49
225800,7,KIWOOM 미국달러선물레버리지,15300,5,-90,-0.58,15319.0,-13.6364,226,3,78,2026-08-20 04:48:49
435530,7,KIWOOM TDF2030액티브 적격,15540,2,60,0.39,15507.0,-3.6481,520,8,78,2026-08-20 04:48:49
494210,4,SOL 미국500타겟데일리커버드콜액티브,11065,2,25,0.23,11037.0,-3.525,3111,34,77,2026-08-20 04:48:49
256450,4,PLUS 심천차이넥스트(합성),15475,2,400,2.65,15613.0,-17.578,1482,22,77,2026-08-20 04:48:49
0094X0,4,1Q 샤오미밸류체인액티브,8475,2,55,0.65,8520.0,-16.0662,1110,9,76,2026-08-20 04:48:49
285690,2,FOCUS ESG리더스,21625,2,490,2.32,21513.0,-7.323,112,2,76,2026-08-20 04:48:49
438740,2,MIDAS 중소형액티브,33460,2,60,0.18,33520.0,-12.8734,18,0,75,2026-08-20 04:48:49
227570,2,TIGER 우량가치,20835,5,-20,-0.1,20798.0,-7.1874,316,6,75,2026-08-20 04:48:49
225050,4,TIGER 유로스탁스레버리지(합성 H),16620,5,-230,-1.36,16774.0,21.8806,215,3,75,2026-08-20 04:48:49
390400,4,KODEX 미국스마트모빌리티S&P,7475,2,85,1.15,7467.0,-8.7555,347,2,75,2026-08-20 04:48:49
0005C0,6,RISE 미국S&P500엔화노출(합성 H),11455,2,75,0.66,11416.0,-4.0068,1121,12,74,2026-08-20 04:48:49
368680,2,KODEX K-뉴딜디지털플러스,8205,2,320,4.06,8191.0,-11.4404,146,1,74,2026-08-20 04:48:49
450180,7,KODEX 한중전기차(합성),11320,2,20,0.18,11276.0,-22.9196,13,0,74,2026-08-20 04:48:49
402460,2,HANARO Fn K-메타버스MZ,14715,2,165,1.13,14750.0,9.2785,93,1,74,2026-08-20 04:48:49
304670,6,KODEX 미국30년국채울트라선물인버스(H),12250,5,-170,-1.37,12279.0,1.4705,316,3,74,2026-08-20 04:48:49
437370,4,RISE 글로벌농업경제,10460,2,60,0.58,10460.0,-7.6284,5755,59,73,2026-08-20 04:48:49
488480,4,RISE 일본섹터TOP4Plus,13200,2,170,1.3,13239.0,-6.445,1292,17,73,2026-08-20 04:48:49
326230,2,RISE 내수주플러스,11320,2,165,1.48,11343.0,-6.8865,10,0,72,2026-08-20 04:48:49
139660,7,KIWOOM 미국달러선물인버스,8300,2,10,0.12,8317.0,7.9427,386,3,72,2026-08-20 04:48:49
0184V0,2,UNICORN K바이오액티브,6525,2,170,2.68,6553.0,-26.2762,82542,538,72,2026-08-20 04:48:49
0036Z0,4,RISE 미국천연가스밸류체인,12770,5,-240,-1.84,12768.0,-7.5748,1018,13,70,2026-08-20 04:48:49
0176P0,2,FOCUS AI반도체위클리고정커버드콜,12730,2,565,4.64,12750.0,-6.2593,9923,125,70,2026-08-20 04:48:49
400590,4,SOL 글로벌탄소배출권선물ICE(합성),13975,5,-265,-1.86,14213.0,1.8962,201,2,70,2026-08-20 04:48:49
244670,2,KODEX 밸류Plus,11420,2,30,0.26,11418.0,-6.9182,349,3,69,2026-08-20 04:48:49
429740,7,PLUS K리츠,6170,2,20,0.33,6172.0,-4.88,262,1,68,2026-08-20 04:48:49
0047N0,4,PLUS 차이나AI테크TOP10,10440,2,250,2.45,10451.0,-11.1209,880,9,68,2026-08-20 04:48:49
139290,2,TIGER 200 경기소비재,26010,5,-80,-0.31,26023.0,-12.7279,1652,43,68,2026-08-20 04:48:49
456200,6,PLUS 미국달러SOFR금리액티브(합성),60255,5,-245,-0.4,60399.0,-6.4699,1,0,66,2026-08-20 04:48:49
316300,7,ACE 싱가포르리츠,13250,2,40,0.3,13303.0,-5.5898,386,5,66,2026-08-20 04:48:49
315270,2,TIGER 200커뮤니케이션서비스,20365,2,340,1.7,20356.0,-6.483,22836,467,65,2026-08-20 04:48:49
0102X0,4,ACE 유럽방산TOP10,10020,5,-130,-1.28,10083.0,8.5539,7359,73,65,2026-08-20 04:48:49
307510,2,TIGER 의료기기,12875,2,410,3.29,12896.0,-22.1791,4878,62,64,2026-08-20 04:48:49
0087F0,4,ACE 차이나AI빅테크TOP2+액티브,12730,2,145,1.15,12796.0,-4.6952,1834,23,64,2026-08-20 04:48:49
250780,3,TIGER 코스닥150선물인버스,2355,5,-60,-2.48,2354.0,9.7727,260630,614,64,2026-08-20 04:48:49
291890,4,KODEX MSCI EM선물(H),12330,2,310,2.58,12296.0,0.5016,102,1,62,2026-08-20 04:48:49
138920,5,KODEX 콩선물(H),12250,2,135,1.11,12277.0,-1.3035,807,9,61,2026-08-20 04:48:49
219900,4,ACE 중국본토CSI300레버리지(합성),4310,2,70,1.65,4320.0,-22.9091,632,2,60,2026-08-20 04:48:49
289670,6,PLUS 국채선물10년,52025,2,85,0.16,52056.0,0.4156,362,18,60,2026-08-20 04:48:49
0114X0,4,RISE 글로벌게임테크TOP3Plus,8615,5,-15,-0.17,8605.0,0.4656,703,6,60,2026-08-20 04:48:49
0191B0,1,MIDAS 코스닥액티브,29985,2,555,1.89,30028.0,-18.9145,1041,31,60,2026-08-20 04:48:49
433250,1,UNICORN R&D 액티브,23985,2,915,3.97,23906.0,-11.3886,52,1,60,2026-08-20 04:48:49
469530,3,RISE 미국달러선물인버스,9300,2,5,0.05,9311.0,7.8306,89,0,60,2026-08-20 04:48:49
451670,6,RISE 국채30년레버리지(합성),11745,2,195,1.69,11771.0,-16.6968,4335,50,59,2026-08-20 04:48:49
314700,2,HANARO 농업융복합산업,10675,2,140,1.33,10661.0,-19.0249,68,0,59,2026-08-20 04:48:49
0053M0,2,더제이 중소형포커스액티브,12985,2,175,1.37,12973.0,-13.1526,44,0,58,2026-08-20 04:48:49
483020,2,KIWOOM 의료AI,9730,2,205,2.15,9746.0,-15.9312,1415,13,58,2026-08-20 04:48:49
476310,4,RISE 글로벌비만산업TOP2+,10550,2,365,3.58,10623.0,4.3939,6075,63,58,2026-08-20 04:48:49
400580,4,SOL 유럽탄소배출권선물S&P(H),11580,5,-20,-0.17,11577.0,9.2793,791,9,58,2026-08-20 04:48:49
401590,4,HANARO 글로벌탄소배출권선물ICE(합성),11275,5,-135,-1.18,11340.0,1.4673,4,0,58,2026-08-20 04:48:49
470310,2,UNICORN 생성형AI강소기업액티브,19025,2,515,2.78,18993.0,14.5775,3499,66,57,2026-08-20 04:48:49
407300,2,HANARO Fn골프테마,10355,3,0,0.0,10564.0,-17.7006,0,0,57,2026-08-20 04:48:49
413220,4,SOL 차이나태양광CSI(합성),4740,2,55,1.17,4755.0,-29.0152,623,2,57,2026-08-20 04:48:49
483030,4,KIWOOM 미국블록버스터바이오테크의약품+,12600,2,555,4.61,12570.0,6.8431,11150,140,57,2026-08-20 04:48:49
267450,6,RISE 미국장기국채선물인버스(H),11125,3,0,0.0,11040.0,0.3155,0,0,56,2026-08-20 04:48:49
432600,6,RISE 국채선물3년,55330,5,-25,-0.05,55351.0,1.1142,9,0,55,2026-08-20 04:48:49
291630,3,KIWOOM 코스닥150선물레버리지,3815,2,180,4.95,3834.0,-47.1273,31360,120,55,2026-08-20 04:48:49
499150,4,SOL 미국S&P500엔화노출(H),11035,2,115,1.05,11022.0,-4.4987,152,1,55,2026-08-20 04:48:49
488200,2,KIWOOM K-2차전지북미공급망,12235,2,190,1.58,12233.0,-22.1653,4625,57,55,2026-08-20 04:48:49
220130,4,SOL 차이나강소기업CSI500(합성 H),6875,2,55,0.81,6881.0,-6.5754,5181,35,55,2026-08-20 04:48:49
490330,4,KoAct 미국치매&뇌질환치료제액티브,15705,2,400,2.61,15720.0,16.2552,2597,40,55,2026-08-20 04:48:49
321410,7,KODEX 멀티에셋하이인컴(H),10700,2,55,0.52,10689.0,1.811,3,0,54,2026-08-20 04:48:49
474390,6,SOL 국고채30년액티브,39690,2,210,0.53,39880.0,-7.4977,24,0,53,2026-08-20 04:48:49
0174J0,7,DAISHIN 오피스리츠플러스,8850,2,25,0.28,8848.0,-3.5857,10,0,53,2026-08-20 04:48:49
0015E0,7,KIWOOM 엔비디아미국30년국채혼합액티브(H),10600,2,95,0.9,10589.0,-0.8964,359,3,53,2026-08-20 04:48:49
0132D0,7,KoAct 글로벌K컬처밸류체인액티브,9550,2,190,2.03,9595.0,-3.7038,298,2,53,2026-08-20 04:48:49
411860,4,KIWOOM 독일DAX,17375,2,50,0.29,17393.0,-0.9808,147,2,52,2026-08-20 04:48:49
0073X0,5,FOCUS 알리바바미국채커버드콜혼합,9470,2,95,1.01,9436.0,-8.8442,1644,15,52,2026-08-20 04:48:49
0154H0,4,KoAct 차이나바이오헬스케어액티브,9440,2,595,6.73,9484.0,1.8422,68973,620,52,2026-08-20 04:48:49
295000,6,RISE 국채선물10년,51295,5,-5,-0.01,51387.0,0.2932,4,0,51,2026-08-20 04:48:49
0128D0,4,PLUS 차이나항셍테크위클리타겟커버드콜,7195,2,110,1.55,7253.0,-9.8932,4449,31,50,2026-08-20 04:48:49
498610,4,RISE 인도디지털성장,8325,2,10,0.12,8420.0,-0.0185,28,0,50,2026-08-20 04:48:49
0015K0,4,TIGER 미국소비트렌드액티브,7330,2,180,2.52,7274.0,-5.1095,23128,169,50,2026-08-20 04:48:49
0078V0,4,PLUS 미국로보택시,9860,2,260,2.71,9830.0,-15.0067,100,0,49,2026-08-20 04:48:49
391600,4,ACE 미국친환경그린테마,10805,2,170,1.6,10789.0,-16.3258,1186,12,49,2026-08-20 04:48:49
267440,6,RISE 미국장기국채선물(H),8005,2,90,1.14,8147.0,-1.9815,527,4,48,2026-08-20 04:48:49
0131A0,4,SOL 차이나소비트렌드,8000,2,285,3.69,8101.0,-18.0128,7279,57,48,2026-08-20 04:48:49
266550,2,PLUS 중형주저변동50,18615,2,230,1.25,18418.0,-6.5091,1,0,47,2026-08-20 04:48:49
244660,2,KODEX 퀄리티Plus,9305,2,170,1.86,9321.0,-8.0514,1,0,47,2026-08-20 04:48:49
373790,4,KIWOOM 미국방어배당성장나스닥,16020,5,-50,-0.31,16027.0,-1.2386,365,5,45,2026-08-20 04:48:49
488210,2,KIWOOM K-반도체북미공급망,22335,2,1055,4.96,22344.0,-15.6613,947,20,45,2026-08-20 04:48:49
243890,2,TIGER 200에너지화학레버리지,8470,5,-5,-0.06,8478.0,-24.4653,5228,45,44,2026-08-20 04:48:49
205720,4,ACE 일본TOPIX인버스(합성 H),1465,5,-15,-1.01,1473.0,-5.189,4667,6,44,2026-08-20 04:48:49
252420,3,RISE 200선물인버스2X,81,5,-12,-12.9,81.0,-25.6,3920328,321,43,2026-08-20 04:48:49
227550,2,TIGER 200 산업재,12345,5,-65,-0.52,12308.0,-15.1743,169,2,42,2026-08-20 04:48:49
277650,2,TIGER 코스피중형주,20800,2,295,1.44,20803.0,-15.3036,27,0,42,2026-08-20 04:48:49
226380,2,ACE Fn성장소비주도주,5935,2,135,2.33,5945.0,-7.4222,4886,28,42,2026-08-20 04:48:49
0050E0,4,PLUS 미국AI에이전트,8200,2,125,1.55,8204.0,-2.5348,471,3,41,2026-08-20 04:48:49
238670,7,PLUS 스마트베타Quality채권혼합,13570,2,25,0.18,13454.0,4.0322,7621,103,41,2026-08-20 04:48:49
334690,5,RISE 팔라듐선물(H),6025,2,210,3.61,6049.0,-11.4917,2158,13,39,2026-08-20 04:48:49
225030,4,TIGER 미국S&P500선물인버스(H),2235,5,-15,-0.67,2241.0,-3.4335,3082,6,38,2026-08-20 04:48:49
291680,4,RISE 차이나H선물인버스(H),7555,5,-205,-2.64,7680.0,-0.3852,7,0,38,2026-08-20 04:48:49
0079X0,4,ACE BYD밸류체인액티브,10270,2,155,1.53,10272.0,-18.1304,4185,42,36,2026-08-20 04:48:49
427120,2,RISE AI플랫폼,5345,2,150,2.89,5341.0,-14.4856,2109,11,35,2026-08-20 04:48:49
267490,6,RISE 미국장기국채선물레버리지(합성 H),5020,2,50,1.01,5112.0,-2.7398,3222,16,35,2026-08-20 04:48:49
306530,3,HANARO 코스닥150선물레버리지,7620,2,370,5.1,7633.0,-47.8418,12738,97,34,2026-08-20 04:48:49
454180,4,KIWOOM 차이나내수소비TOP CSI,7810,2,30,0.39,7897.0,-9.2114,3425,26,31,2026-08-20 04:48:49
489010,4,PLUS 글로벌AI인프라,20610,5,-340,-1.62,20534.0,-5.1393,512,10,31,2026-08-20 04:48:49
227560,2,TIGER 200 생활소비재,12800,2,240,1.91,12827.0,-4.4704,387,4,31,2026-08-20 04:48:49
476000,2,UNICORN 포스트IPO액티브,5515,2,140,2.6,5526.0,-40.8691,39804,219,30,2026-08-20 04:48:49
145670,3,ACE 인버스,1289,5,-94,-6.8,1294.0,-5.5328,280476,366,28,2026-08-20 04:48:49
280940,5,KODEX 골드선물인버스(H),3320,5,-130,-3.77,3354.0,3.6036,11805,39,27,2026-08-20 04:48:49
252410,3,RISE 200선물인버스,1311,5,-102,-7.22,1317.0,-4.1384,27406,36,26,2026-08-20 04:48:49
491630,4,RISE 미국반도체인버스(합성 H),5370,5,-65,-1.2,5431.0,-15.5401,2940,15,26,2026-08-20 04:48:49
291620,3,KIWOOM 코스닥150선물인버스,4155,5,-130,-3.03,4169.0,9.8717,25316,104,24,2026-08-20 04:48:49
275750,3,RISE 코스닥150선물인버스,2380,5,-75,-3.05,2384.0,9.8434,15308,36,23,2026-08-20 04:48:49
334700,5,RISE 팔라듐선물인버스(H),3280,5,-145,-4.23,3307.0,5.2227,442,1,21,2026-08-20 04:48:49
253230,3,KIWOOM 200선물인버스2X,76,5,-12,-13.64,77.0,-30.1588,3215209,261,21,2026-08-20 04:48:49
465620,4,ACE 미국빅테크TOP7 Plus인버스(합성),6465,5,-35,-0.54,6464.0,3.9168,520,3,16,2026-08-20 04:48:49
253240,3,KIWOOM 200선물인버스,1315,5,-101,-7.13,1320.0,-4.7748,59476,79,16,2026-08-20 04:48:49
306520,3,HANARO 200선물인버스,2405,5,-165,-6.42,2403.0,-4.6383,12528,30,14,2026-08-20 04:48:49
412560,2,TIGER BBIG레버리지,1890,2,94,5.23,1885.0,-26.6939,39862,75,13,2026-08-20 04:48:49
261920,4,ACE MSCI필리핀(합성),12835,2,115,0.9,12816.0,-3.1595,114,1,13,2026-08-20 04:48:49
253160,3,PLUS 200선물인버스2X,157,5,-22,-12.29,157.0,-28.4,1136433,181,12,2026-08-20 04:48:49
