itemcode,etfTabCode,itemname,nowVal,risefall,changeVal,changeRate,nav,threeMonthEarnRate,quant,amonut,marketSum,collected_at
069500,1,KODEX 200,98780,2,690,0.7,98671.0,-14.991,7326956,723970,226404,2026-08-10 02:55:31
360750,4,TIGER 미국S&P500,27225,2,150,0.55,27216.0,2.2267,11279153,306485,205426,2026-08-10 02:55:31
133690,4,TIGER 미국나스닥100,186650,2,1990,1.08,186243.0,0.4568,584531,108797,115947,2026-08-10 02:55:31
379800,4,KODEX 미국S&P500,24750,2,125,0.51,24740.0,2.3028,7456370,184169,101215,2026-08-10 02:55:31
102110,1,TIGER 200,98930,2,650,0.66,98831.0,-14.8811,3344959,330923,93588,2026-08-10 02:55:31
379810,4,KODEX 미국나스닥100,27900,2,295,1.07,27845.0,0.4659,1957300,54454,93074,2026-08-10 02:55:31
396500,2,TIGER 반도체TOP10,31110,2,840,2.78,31087.0,-34.4309,5064685,157353,81959,2026-08-10 02:55:31
488770,7,KODEX 머니마켓액티브,105182,2,7,0.01,105187.0,0.8582,273797,28798,80464,2026-08-10 02:55:31
278530,1,KODEX 200TR,35770,2,245,0.69,35730.0,-15.1034,569655,20379,71415,2026-08-10 02:55:31
459580,6,KODEX CD금리액티브(합성),1074365,2,80,0.01,1074477.0,0.7172,348074,373957,66263,2026-08-10 02:55:31
381180,4,TIGER 미국필라델피아반도체나스닥,45875,2,1115,2.49,45600.0,3.0693,722141,33014,61335,2026-08-10 02:55:31
498400,2,KODEX 200타겟위클리커버드콜,19015,2,120,0.64,18985.0,-15.1768,4677160,88858,52691,2026-08-10 02:55:31
229200,1,KODEX 코스닥150,14695,2,1090,8.01,14675.0,-32.1447,27506327,396594,51991,2026-08-10 02:55:31
122630,3,KODEX 레버리지,91885,2,1195,1.32,91860.0,-40.7662,9573444,878887,51088,2026-08-10 02:55:31
0167A0,2,SOL AI반도체TOP2플러스,15595,2,385,2.53,15592.0,-11.0527,10985986,171760,50419,2026-08-10 02:55:31
091160,2,KODEX 반도체,111905,2,4155,3.86,111876.0,-24.1732,840371,93490,49518,2026-08-10 02:55:31
148020,1,RISE 200,99525,2,680,0.69,99405.0,-15.0199,553159,55047,42248,2026-08-10 02:55:31
458730,4,TIGER 미국배당다우존스,15195,2,45,0.3,15199.0,4.3914,1283051,19459,41991,2026-08-10 02:55:31
233740,3,KODEX 코스닥150레버리지,7680,2,1030,15.49,7694.0,-60.616,108513015,801882,40535,2026-08-10 02:55:31
360200,4,ACE 미국S&P500,27525,2,160,0.58,27513.0,2.2212,228118,6262,40517,2026-08-10 02:55:31
411060,5,ACE KRX금현물,27510,2,180,0.66,27468.0,-11.3957,718153,19757,40412,2026-08-10 02:55:31
310970,1,TIGER MSCI Korea TR,43975,2,570,1.31,43896.0,-15.1418,5850,257,39929,2026-08-10 02:55:31
381170,4,TIGER 미국테크TOP10 INDXX,32165,2,195,0.61,32106.0,-2.6641,114781,3682,39450,2026-08-10 02:55:31
0162Z0,7,RISE 삼성전자SK하이닉스채권혼합50,12412,2,27,0.22,12416.0,-3.341,3610260,44922,37993,2026-08-10 02:55:31
423160,6,KODEX KOFR금리액티브(합성),110745,2,15,0.01,110730.0,0.684,34416,3811,36417,2026-08-10 02:55:31
357870,6,TIGER CD금리투자KIS(합성),57882,2,7,0.01,57881.0,0.731,123537,7150,35514,2026-08-10 02:55:31
367380,4,ACE 미국나스닥100,32085,2,345,1.09,32015.0,0.4167,290842,9300,35326,2026-08-10 02:55:31
395160,2,KODEX AI반도체TOP2플러스,34760,2,290,0.84,34752.0,-8.3245,2939108,102742,34899,2026-08-10 02:55:31
273130,6,KODEX 종합채권(AA-이상)액티브,109970,5,-155,-0.14,110068.0,-1.9456,2546,280,33984,2026-08-10 02:55:31
102780,2,KODEX 삼성그룹,24360,2,45,0.19,24348.0,-6.8034,341407,8321,31351,2026-08-10 02:55:31
487240,2,KODEX AI전력핵심설비,36140,2,1305,3.75,36183.0,-44.0613,1730586,62413,31225,2026-08-10 02:55:31
395270,2,HANARO Fn K-반도체,49235,2,485,0.99,49219.0,-8.1229,674136,33311,31092,2026-08-10 02:55:31
0043B0,6,TIGER 머니마켓액티브,103295,2,10,0.01,103293.0,0.8593,67640,6986,30082,2026-08-10 02:55:31
455890,6,RISE 머니마켓액티브,55365,2,5,0.01,55364.0,0.8011,73209,4052,29739,2026-08-10 02:55:31
481050,6,KODEX CD1년금리플러스액티브(합성),1022400,2,85,0.01,1022395.0,0.7513,8841,9039,26201,2026-08-10 02:55:31
426030,4,TIME 미국나스닥100액티브,47240,2,600,1.29,46871.0,-8.8796,332468,15634,24924,2026-08-10 02:55:31
449170,6,TIGER KOFR금리액티브(합성),111555,2,15,0.01,111555.0,0.6451,28876,3221,24352,2026-08-10 02:55:31
139260,2,TIGER 200 IT,120790,2,740,0.62,120902.0,-11.8225,115440,14013,24013,2026-08-10 02:55:31
161510,2,PLUS 고배당주,25040,5,-90,-0.36,25032.0,-8.2791,268530,6683,23806,2026-08-10 02:55:31
486290,4,TIGER 미국나스닥100타겟데일리커버드콜,10990,2,105,0.96,10968.0,-0.0991,610481,6693,23502,2026-08-10 02:55:31
456600,4,TIME 글로벌AI인공지능액티브,58485,2,180,0.31,58362.0,-3.5085,76641,4480,21651,2026-08-10 02:55:31
472150,2,TIGER 배당커버드콜액티브,18800,2,75,0.4,18826.0,-14.2633,1783475,33558,21441,2026-08-10 02:55:31
278540,1,KODEX MSCI Korea TR,34965,2,250,0.72,34946.0,-14.7994,10184,355,21364,2026-08-10 02:55:31
0193T0,2,KODEX SK하이닉스단일종목레버리지,7670,2,275,3.72,7667.0,,15797359,121295,20312,2026-08-10 02:55:31
284430,6,KODEX 200미국채혼합50,20255,2,130,0.65,20248.0,-9.1948,436344,8820,19769,2026-08-10 02:55:31
385540,6,RISE 종합채권(A-이상)액티브,103020,5,-185,-0.18,103061.0,-1.7704,390,40,19303,2026-08-10 02:55:31
292150,2,TIGER 코리아TOP10,34885,2,210,0.61,34885.0,-12.7957,210242,7331,18803,2026-08-10 02:55:31
214980,6,KODEX 단기채권PLUS,114720,2,10,0.01,114752.0,0.5777,9196,1054,18500,2026-08-10 02:55:31
105190,1,ACE 200,98915,2,535,0.54,98879.0,-15.1282,83687,8284,17211,2026-08-10 02:55:31
441640,4,KODEX 미국배당커버드콜액티브,13065,5,-5,-0.04,13062.0,4.0323,430785,5620,16815,2026-08-10 02:55:31
294400,1,KIWOOM 200TR,129605,2,745,0.58,129538.0,-14.9159,30321,3934,16719,2026-08-10 02:55:31
477080,6,RISE CD금리액티브(합성),107265,2,5,0.0,107269.0,0.7041,2555,274,16711,2026-08-10 02:55:31
305720,2,KODEX 2차전지산업,14290,2,290,2.07,14303.0,-38.326,1480175,20825,16391,2026-08-10 02:55:31
466920,2,SOL 조선TOP3플러스,30510,2,1010,3.42,30526.0,-29.6447,811959,24337,16247,2026-08-10 02:55:31
442580,4,PLUS 글로벌HBM반도체,92515,2,210,0.23,92345.0,0.0813,432138,40192,16014,2026-08-10 02:55:31
368590,4,RISE 미국나스닥100,31130,2,345,1.12,31058.0,0.4618,69088,2143,15721,2026-08-10 02:55:31
379780,4,RISE 미국S&P500,23800,2,135,0.57,23790.0,2.2542,76847,1823,15637,2026-08-10 02:55:31
446770,4,ACE 글로벌반도체TOP4 Plus,77295,2,1015,1.33,77163.0,-1.8937,51064,3942,15575,2026-08-10 02:55:31
487230,4,KODEX 미국AI전력핵심인프라,20825,5,-85,-0.41,20753.0,-24.8623,337313,7000,15535,2026-08-10 02:55:31
329200,2,TIGER 리츠부동산인프라,4080,2,25,0.62,4068.0,-7.2661,1479272,6018,15255,2026-08-10 02:55:31
453850,6,ACE 미국30년국채액티브(H),7187,2,22,0.31,7196.0,-3.5627,456387,3276,15078,2026-08-10 02:55:31
475630,7,TIGER CD1년금리액티브(합성),1073850,2,25,0.0,1073853.0,0.7591,15986,17166,14629,2026-08-10 02:55:31
0193W0,2,KODEX 삼성전자단일종목레버리지,9730,5,-30,-0.31,9753.0,,4921229,48794,14135,2026-08-10 02:55:31
0177N0,7,KODEX 삼성전자SK하이닉스채권혼합50,13150,2,15,0.11,13148.0,-3.1932,2450584,32299,13965,2026-08-10 02:55:31
232080,1,TIGER 코스닥150,14980,2,1090,7.85,14964.0,-32.0617,2242489,33000,13928,2026-08-10 02:55:31
152100,1,PLUS 200,100185,2,375,0.38,100161.0,-14.8568,116785,11755,13876,2026-08-10 02:55:31
390390,4,KODEX 미국반도체,56470,2,1020,1.84,56167.0,2.228,879220,49469,13496,2026-08-10 02:55:31
436140,6,SOL 종합채권(AA-이상)액티브,106300,5,-155,-0.15,106364.0,-1.6673,25,2,12978,2026-08-10 02:55:31
315930,2,KODEX Top5PlusTR,75425,5,-95,-0.13,75531.0,-9.7137,24512,1846,12973,2026-08-10 02:55:31
0183J0,4,TIGER 미국우주테크,8790,2,910,11.55,8671.0,-21.6311,2025429,17748,12706,2026-08-10 02:55:31
157450,6,TIGER 단기통안채,112365,2,5,0.0,112367.0,0.6088,2481,278,12553,2026-08-10 02:55:31
438080,7,ACE 미국S&P500미국채혼합50액티브,14475,2,35,0.24,14466.0,0.1386,243505,3513,12420,2026-08-10 02:55:31
448330,1,KODEX 삼성전자채권혼합,16725,2,15,0.09,16743.0,-1.7733,412062,6905,12209,2026-08-10 02:55:31
0072R0,5,TIGER KRX금현물,13115,2,75,0.58,13126.0,-11.0202,361890,4749,12138,2026-08-10 02:55:31
091230,2,TIGER 반도체,118420,2,4420,3.88,118403.0,-23.84,118581,13980,12103,2026-08-10 02:55:31
497570,4,TIGER 미국필라델피아AI반도체나스닥,22945,2,295,1.3,22833.0,4.5995,411070,9398,11736,2026-08-10 02:55:31
449450,2,PLUS K방산,58880,2,2615,4.65,58964.0,-25.5754,143567,8375,11570,2026-08-10 02:55:31
465580,4,ACE 미국빅테크TOP7 Plus,25470,2,425,1.7,25436.0,1.0694,338923,8597,11194,2026-08-10 02:55:31
0195S0,2,TIGER SK하이닉스단일종목레버리지,6510,2,220,3.5,6505.0,,11376383,74027,11194,2026-08-10 02:55:31
445290,2,KODEX 로봇액티브,30955,2,815,2.7,30996.0,-17.0291,637247,19579,10881,2026-08-10 02:55:31
479080,6,1Q 머니마켓액티브,53647,2,7,0.01,53646.0,0.827,167886,9006,10793,2026-08-10 02:55:31
0139F0,6,TIGER 12월자동연장금융채(AA-이상)액티브,101905,5,-5,0.0,101913.0,0.6866,13,1,10780,2026-08-10 02:55:31
446720,4,SOL 미국배당다우존스,13945,2,65,0.47,13934.0,4.1892,186935,2600,10319,2026-08-10 02:55:31
479520,6,RISE KOFR금리액티브(합성),106165,5,-5,0.0,106188.0,0.6589,3376,358,10305,2026-08-10 02:55:31
226490,1,KODEX 코스피,64850,2,565,0.88,64872.0,-16.026,119862,7770,10181,2026-08-10 02:55:31
494890,1,KODEX 200액티브,28445,2,190,0.67,28428.0,-15.2907,848055,24069,10126,2026-08-10 02:55:31
451540,6,TIGER 종합채권(AA-이상)액티브,52855,5,-100,-0.19,52904.0,-1.9625,21981,1162,10045,2026-08-10 02:55:31
449180,4,KODEX 미국S&P500(H),17320,2,100,0.58,17313.0,4.4568,313447,5424,10011,2026-08-10 02:55:31
356540,6,ACE 종합채권(AA-이상)액티브,101275,5,-135,-0.13,101316.0,-1.7583,36,3,9992,2026-08-10 02:55:31
494300,4,KODEX 미국나스닥100데일리커버드콜OTM,9440,2,85,0.91,9438.0,-3.7065,689541,6493,9903,2026-08-10 02:55:31
469150,2,ACE AI반도체TOP3+,51290,2,1640,3.3,51246.0,-26.9853,265471,13561,9899,2026-08-10 02:55:31
469830,6,SOL 초단기채권액티브,54265,2,5,0.01,54261.0,0.8269,91814,4981,9865,2026-08-10 02:55:31
0117V0,2,TIGER 코리아AI전력기기TOP3플러스,18720,2,565,3.11,18730.0,-43.6939,835273,15622,9837,2026-08-10 02:55:31
0117L0,6,KODEX 26-12 금융채(AA-이상)액티브,10140,3,0,0.0,10139.0,0.6451,5930,60,9716,2026-08-10 02:55:31
402970,4,ACE 미국배당다우존스,15475,2,65,0.42,15473.0,4.3243,131307,2028,9533,2026-08-10 02:55:31
438100,7,ACE 미국나스닥100미국채혼합50액티브,15665,2,60,0.38,15643.0,-0.3513,161833,2529,9399,2026-08-10 02:55:31
455850,2,SOL AI반도체소부장,22000,2,1620,7.95,22026.0,-37.752,1388328,30200,9262,2026-08-10 02:55:31
495050,1,RISE 코리아밸류업,30545,2,155,0.51,30536.0,-10.9009,65286,1985,9041,2026-08-10 02:55:31
295040,1,SOL 200TR,37030,2,220,0.6,36995.0,-14.6237,101014,3740,8998,2026-08-10 02:55:31
237350,1,KODEX 코스피100,78650,2,305,0.39,78694.0,-14.3711,130630,10270,8887,2026-08-10 02:55:31
305540,2,TIGER 2차전지테마,18010,2,320,1.81,18012.0,-37.9299,372635,6572,8834,2026-08-10 02:55:31
153130,6,KODEX 단기채권,113365,2,10,0.01,113369.0,0.5934,16769,1900,8183,2026-08-10 02:55:31
498410,2,KODEX 금융고배당TOP10타겟위클리커버드콜,11910,5,-155,-1.28,11902.0,-3.1917,866710,10267,8075,2026-08-10 02:55:31
114800,3,KODEX 인버스,1132,5,-5,-0.44,1133.0,-1.6436,606423326,686193,8068,2026-08-10 02:55:31
494310,2,KODEX 반도체레버리지,60940,2,3900,6.84,61127.0,-56.3815,2843629,171859,7983,2026-08-10 02:55:31
371460,4,TIGER 차이나전기차SOLACTIVE,10930,2,10,0.09,10953.0,-24.6377,53997,590,7979,2026-08-10 02:55:31
490590,4,RISE 미국AI밸류체인데일리고정커버드콜,14820,2,170,1.16,14758.0,-0.082,264924,3914,7884,2026-08-10 02:55:31
476550,6,TIGER 미국30년국채커버드콜액티브(H),6840,3,0,0.0,6867.0,-3.5809,1044292,7134,7852,2026-08-10 02:55:31
466940,2,TIGER 은행고배당플러스TOP10,26240,5,-655,-2.44,26255.0,2.7925,345041,9051,7846,2026-08-10 02:55:31
0195R0,2,TIGER 삼성전자단일종목레버리지,8850,5,-55,-0.62,8883.0,,2835844,25423,7839,2026-08-10 02:55:31
0025N0,7,TIGER TDF2045 적격,12305,2,20,0.16,12272.0,1.6129,126421,1553,7783,2026-08-10 02:55:31
481060,6,KODEX 미국30년국채타겟커버드콜(합성 H),7490,2,25,0.33,7527.0,-3.5128,127346,952,7756,2026-08-10 02:55:31
475720,3,RISE 200위클리커버드콜,11950,2,130,1.1,11965.0,-14.9182,278864,3330,7738,2026-08-10 02:55:31
252670,3,KODEX 200선물인버스2X,96,5,-1,-1.03,96.0,-21.7742,4875615258,463988,7733,2026-08-10 02:55:31
0048J0,6,KODEX 미국머니마켓액티브,14160,3,0,0.0,14153.0,-1.5982,229240,3238,7720,2026-08-10 02:55:31
144600,5,KODEX 은선물(H),10345,3,0,0.0,10344.0,-19.8684,356629,3697,7676,2026-08-10 02:55:31
457480,4,ACE 테슬라밸류체인액티브,18465,2,510,2.84,18349.0,-26.2326,146407,2694,7580,2026-08-10 02:55:31
385560,6,RISE KIS국고채30년Enhanced,52000,5,-420,-0.8,52049.0,-14.1008,15230,794,7474,2026-08-10 02:55:31
441800,1,TIME Korea플러스배당액티브,27185,2,30,0.11,27245.0,-20.0082,128106,3476,7465,2026-08-10 02:55:31
0061Z0,6,RISE 단기특수은행채액티브,50905,5,-5,-0.01,50907.0,0.7121,965,49,7309,2026-08-10 02:55:31
272580,6,TIGER 단기채권액티브,56990,2,5,0.01,56991.0,0.6091,7155,407,7305,2026-08-10 02:55:31
069660,1,KIWOOM 200,98560,2,475,0.48,98627.0,-14.8805,45940,4541,7047,2026-08-10 02:55:31
458760,4,TIGER 미국배당다우존스타겟커버드콜2호,11135,2,15,0.13,11120.0,4.0296,128744,1429,7032,2026-08-10 02:55:31
423920,4,TIGER 미국필라델피아반도체레버리지(합성),97205,2,3625,3.87,96455.0,-5.2845,79924,7739,7008,2026-08-10 02:55:31
462330,2,KODEX 2차전지산업레버리지,1007,2,42,4.35,1009.0,-67.5631,59542651,58249,6993,2026-08-10 02:55:31
456610,6,TIGER 미국달러SOFR금리액티브(합성),61330,5,-20,-0.03,61329.0,-1.596,11617,711,6961,2026-08-10 02:55:31
0177R0,2,TIGER 반도체TOP10커버드콜액티브,9975,2,180,1.84,9965.0,-21.0945,1210157,12061,6943,2026-08-10 02:55:31
0127P0,4,ACE 미국대형성장주액티브,10940,2,50,0.46,10893.0,0.0971,25908,283,6925,2026-08-10 02:55:31
102970,2,KODEX 증권,18990,2,690,3.77,19013.0,-42.5678,508106,9533,6922,2026-08-10 02:55:31
434730,2,HANARO 원자력iSelect,58235,2,1375,2.42,58264.0,-40.6998,99339,5776,6901,2026-08-10 02:55:31
138540,2,TIGER 현대차그룹플러스,52445,2,490,0.94,52581.0,-18.7569,61801,3218,6786,2026-08-10 02:55:31
487340,6,ACE 머니마켓액티브,105635,2,5,0.0,105635.0,0.8738,2652,280,6785,2026-08-10 02:55:31
314250,4,KODEX 미국빅테크10(H),62920,2,1030,1.66,62816.0,8.3626,45931,2886,6745,2026-08-10 02:55:31
418660,4,TIGER 미국나스닥100레버리지(합성),43000,2,895,2.13,42819.0,-2.0814,125509,5368,6558,2026-08-10 02:55:31
491010,4,TIGER 글로벌AI전력인프라액티브,26035,2,105,0.4,25962.0,-20.6184,41850,1088,6522,2026-08-10 02:55:31
482730,4,TIGER 미국S&P500타겟데일리커버드콜,12300,2,40,0.33,12290.0,2.9983,162905,1997,6519,2026-08-10 02:55:31
455030,6,KODEX 미국달러SOFR금리액티브(합성),12170,5,-10,-0.08,12158.0,-1.6047,41375,501,6500,2026-08-10 02:55:31
364980,2,TIGER 2차전지TOP10,9840,2,140,1.44,9835.0,-34.8994,2844676,27532,6460,2026-08-10 02:55:31
0148J0,2,TIGER 코리아휴머노이드로봇산업,9625,2,390,4.22,9628.0,-25.434,4196851,39507,6434,2026-08-10 02:55:31
0167B0,2,SOL 200타겟위클리커버드콜,10885,2,40,0.37,10886.0,-14.9466,568801,6193,6346,2026-08-10 02:55:31
434060,7,KODEX TDF2050액티브 적격,17260,2,130,0.76,17171.0,-5.2316,67294,1157,6334,2026-08-10 02:55:31
329750,6,TIGER 미국달러단기채권액티브,13375,2,5,0.04,13370.0,-1.8356,126773,1691,6330,2026-08-10 02:55:31
0015B0,4,KoAct 미국나스닥성장기업액티브,19415,2,150,0.78,19308.0,-11.9315,118690,2297,6310,2026-08-10 02:55:31
371160,4,TIGER 차이나항셍테크,7565,2,60,0.8,7570.0,-7.5001,171483,1296,6222,2026-08-10 02:55:31
367760,2,RISE 네트워크인프라,52965,2,1655,3.23,52968.0,-7.7988,178881,9472,6170,2026-08-10 02:55:31
494670,2,TIGER 조선TOP10,23995,2,845,3.65,24012.0,-29.4208,394728,9317,6167,2026-08-10 02:55:31
495850,1,KODEX 코리아밸류업,30300,2,250,0.83,30310.0,-11.5111,42942,1298,6105,2026-08-10 02:55:31
290130,2,RISE ESG사회책임투자,42460,2,220,0.52,42554.0,-13.3628,31448,1343,6008,2026-08-10 02:55:31
484790,6,KODEX 미국30년국채액티브(H),8270,2,10,0.12,8288.0,-3.5536,243384,2011,5955,2026-08-10 02:55:31
0101N0,2,RISE AI전력인프라,18965,2,770,4.23,18998.0,-39.9704,255506,4796,5955,2026-08-10 02:55:31
396520,4,TIGER 차이나반도체FACTSET,14435,5,-80,-0.55,14369.0,6.3369,569036,8255,5947,2026-08-10 02:55:31
251600,7,PLUS 고배당주채권혼합,15400,5,-50,-0.32,15409.0,-3.2951,134397,2065,5944,2026-08-10 02:55:31
466950,4,TIGER 글로벌AI액티브,31305,2,130,0.42,31185.0,-11.0303,41482,1298,5882,2026-08-10 02:55:31
489250,4,KODEX 미국배당다우존스,13120,2,65,0.5,13107.0,4.4002,126609,1657,5825,2026-08-10 02:55:31
449190,4,KODEX 미국나스닥100(H),22415,2,240,1.08,22375.0,2.5724,167184,3743,5716,2026-08-10 02:55:31
463250,2,TIGER K방산&우주,38205,2,1940,5.35,38236.0,-24.3771,243132,9187,5712,2026-08-10 02:55:31
0019K0,7,TIME 미국나스닥100채권혼합50액티브,13480,2,25,0.19,13445.0,-2.0386,220722,2971,5527,2026-08-10 02:55:31
0007F0,6,KODEX 27-12 회사채(AA-이상)액티브,10165,5,-5,-0.05,10174.0,0.5437,10755,109,5527,2026-08-10 02:55:31
491620,4,RISE 미국테크100데일리고정커버드콜,11095,2,125,1.14,11063.0,2.8019,261730,2893,5525,2026-08-10 02:55:31
0105E0,2,SOL 코리아고배당,13120,5,-70,-0.53,13134.0,-6.4907,210945,2754,5451,2026-08-10 02:55:31
0091P0,2,TIGER 코리아원자력,16100,2,300,1.9,16105.0,-41.5357,1178057,18721,5450,2026-08-10 02:55:31
438330,6,TIGER 우량회사채액티브,115525,5,-60,-0.05,115634.0,0.4126,2522,291,5372,2026-08-10 02:55:31
365780,6,ACE 국고채10년,82950,5,-105,-0.13,83007.0,-1.3013,7395,613,5343,2026-08-10 02:55:31
462010,2,TIGER 2차전지소재Fn,4825,2,185,3.99,4821.0,-46.2963,2932695,13848,5211,2026-08-10 02:55:31
251350,4,KODEX MSCI선진국,40480,2,185,0.46,40479.0,2.1918,10558,426,5181,2026-08-10 02:55:31
0190C0,2,RISE 현대차고정피지컬AI,8635,2,190,2.25,8639.0,,629809,5378,5134,2026-08-10 02:55:31
114260,6,KODEX 국고채3년,61830,5,-75,-0.12,61852.0,0.5931,11658,720,5065,2026-08-10 02:55:31
444200,2,SOL 코리아메가테크액티브,43600,2,595,1.38,43524.0,-22.9578,10274,445,4992,2026-08-10 02:55:31
473290,6,KODEX 26-12 회사채(AA-이상)액티브,10857,5,-8,-0.07,10863.0,0.6018,10445,113,4951,2026-08-10 02:55:31
496080,1,TIGER 코리아밸류업,30380,2,230,0.76,30390.0,-11.2703,60775,1841,4922,2026-08-10 02:55:31
435420,7,TIGER 미국나스닥100채권혼합50,14340,2,75,0.53,14290.0,0.57,139355,1994,4911,2026-08-10 02:55:31
476800,7,KODEX 한국부동산리츠인프라,4280,2,25,0.59,4286.0,-8.59,252502,1077,4894,2026-08-10 02:55:31
483280,4,KODEX 미국AI테크TOP10타겟커버드콜,12360,2,45,0.37,12347.0,-1.7487,97837,1206,4870,2026-08-10 02:55:31
499660,7,TIGER CD금리플러스액티브(합성),1001020,2,70,0.01,1001010.0,0.7609,7477,7484,4791,2026-08-10 02:55:31
490490,7,SOL 미국배당미국채혼합50,11370,2,55,0.49,11324.0,0.639,96761,1097,4753,2026-08-10 02:55:31
315960,2,RISE 대형고배당10TR,71875,5,-60,-0.08,71874.0,-11.3009,34791,2501,4744,2026-08-10 02:55:31
0163Y0,1,KoAct 코스닥액티브,9090,2,680,8.09,9095.0,-34.6289,1156719,10356,4690,2026-08-10 02:55:31
471230,6,KODEX 국고채10년액티브,104530,5,-135,-0.13,104508.0,-1.2874,2612,273,4667,2026-08-10 02:55:31
0162M0,6,KODEX 금융채1~2년(AA-이상)PLUS액티브,10065,3,0,0.0,10062.0,0.65,510,5,4611,2026-08-10 02:55:31
448290,4,TIGER 미국S&P500(H),17975,2,110,0.62,17961.0,4.3807,60911,1093,4584,2026-08-10 02:55:31
0219E0,2,KODEX 200커버드콜액티브,7755,2,45,0.58,7753.0,,1915973,14863,4537,2026-08-10 02:55:31
0023A0,4,SOL 미국양자컴퓨팅TOP10,27140,2,1265,4.89,26937.0,-16.5727,129328,3484,4492,2026-08-10 02:55:31
361580,1,RISE 200TR,56130,2,270,0.48,56107.0,-14.9643,38134,2143,4490,2026-08-10 02:55:31
474220,4,TIGER 미국테크TOP10타겟커버드콜,15615,2,80,0.51,15601.0,-1.1128,22379,348,4419,2026-08-10 02:55:31
480260,6,TIGER 27-04회사채(A+이상)액티브,53720,3,0,0.0,53721.0,0.4863,1779,95,4400,2026-08-10 02:55:31
0173Y0,4,KODEX 미국AI광통신네트워크,12750,2,650,5.37,12538.0,-12.1773,697936,8837,4373,2026-08-10 02:55:31
447770,7,TIGER 테슬라채권혼합Fn,13595,2,100,0.74,13586.0,-5.9568,65072,884,4350,2026-08-10 02:55:31
277630,1,TIGER 코스피,65765,2,545,0.84,65865.0,-16.2358,16228,1066,4308,2026-08-10 02:55:31
293180,1,HANARO 200,99085,2,640,0.65,98938.0,-14.8904,25288,2498,4261,2026-08-10 02:55:31
477050,6,PLUS 머니마켓액티브,53405,2,5,0.01,53411.0,0.8212,3321,177,4246,2026-08-10 02:55:31
462900,2,KoAct 바이오헬스케어액티브,16010,2,1260,8.54,16005.0,-26.5804,1277700,19994,4227,2026-08-10 02:55:31
091180,2,KODEX 자동차,29550,2,350,1.2,29586.0,-12.6938,138612,4053,4211,2026-08-10 02:55:31
0016X0,6,SOL 중단기회사채(A-이상)액티브,51410,3,0,0.0,51410.0,0.7742,1289,66,4200,2026-08-10 02:55:31
439870,6,KODEX 국고채30년액티브,87350,5,-715,-0.81,87534.0,-11.2785,2390,209,4107,2026-08-10 02:55:31
148070,6,KIWOOM 국고채10년,105170,5,-180,-0.17,105211.0,-1.1495,5133,539,4098,2026-08-10 02:55:31
241180,4,TIGER 일본니케이225,36035,2,600,1.69,36124.0,0.354,15181,544,4079,2026-08-10 02:55:31
0167Z0,4,KODEX 미국우주항공,8920,2,825,10.19,8792.0,-21.9961,729219,6472,4059,2026-08-10 02:55:31
0131V0,4,1Q 미국우주항공테크,12365,2,735,6.32,12298.0,-8.7844,149863,1848,4050,2026-08-10 02:55:31
451000,6,PLUS 종합채권(AA-이상)액티브,107545,3,0,0.0,107390.0,-1.7406,0,0,4023,2026-08-10 02:55:31
426020,4,TIME 미국S&P500액티브,32950,2,75,0.23,32896.0,-1.2022,46537,1531,4000,2026-08-10 02:55:31
0080G0,2,KODEX 방산TOP10,11605,2,525,4.74,11620.0,-22.8231,1807694,20756,3981,2026-08-10 02:55:31
451060,1,1Q 200액티브,31590,2,195,0.62,31555.0,-15.5958,36979,1168,3980,2026-08-10 02:55:31
0060H0,1,TIGER 토탈월드스탁액티브,13125,2,85,0.65,13111.0,0.8183,40797,534,3977,2026-08-10 02:55:31
458250,6,TIGER 미국30년국채스트립액티브(합성 H),34600,2,115,0.33,34750.0,-6.5954,12567,433,3938,2026-08-10 02:55:31
469070,2,RISE AI&로봇,11810,2,390,3.42,11834.0,-26.8652,426979,4964,3933,2026-08-10 02:55:31
0043Y0,4,TIME 차이나AI테크액티브,21210,2,355,1.7,21092.0,-0.3822,60082,1275,3754,2026-08-10 02:55:31
484880,2,SOL 금융지주플러스고배당,22390,5,-580,-2.53,22417.0,1.9433,304080,6804,3739,2026-08-10 02:55:31
243880,2,TIGER 200IT레버리지,265000,2,3400,1.3,265107.0,-42.1821,111140,29703,3710,2026-08-10 02:55:31
453810,4,KODEX 인도Nifty50,12285,5,-25,-0.2,12323.0,-1.664,28415,348,3636,2026-08-10 02:55:31
385720,1,TIME 코스피액티브,23425,2,20,0.09,23392.0,-18.7609,35358,827,3631,2026-08-10 02:55:31
488080,3,TIGER 반도체TOP10레버리지,26085,2,905,3.59,26166.0,-67.4467,1933184,50419,3626,2026-08-10 02:55:31
0040Y0,7,SOL 팔란티어커버드콜OTM채권혼합,8120,2,15,0.19,8151.0,1.3499,150429,1221,3626,2026-08-10 02:55:31
0144L0,4,KODEX 미국성장커버드콜액티브,9955,2,35,0.35,9978.0,0.2379,113394,1127,3574,2026-08-10 02:55:31
448300,4,TIGER 미국나스닥100(H),23150,2,250,1.09,23113.0,2.6497,44706,1033,3565,2026-08-10 02:55:31
476760,6,ACE 미국30년국채액티브,9190,2,20,0.22,9192.0,-5.8259,141569,1295,3538,2026-08-10 02:55:31
439860,6,KODEX ESG종합채권(A-이상)액티브,113585,5,-50,-0.04,113681.0,0.1189,65,7,3525,2026-08-10 02:55:31
496020,6,WON 전단채플러스액티브,52345,2,10,0.02,52351.0,0.8575,2763,144,3510,2026-08-10 02:55:31
0052D0,2,TIGER 코리아배당다우존스,15795,5,-130,-0.82,15806.0,-3.7633,71771,1127,3506,2026-08-10 02:55:31
0026S0,4,1Q 미국S&P500,13320,2,70,0.53,13314.0,2.1868,63287,840,3490,2026-08-10 02:55:31
471990,2,KODEX AI반도체핵심장비,21440,2,1580,7.96,21462.0,-40.5473,646918,13687,3484,2026-08-10 02:55:31
132030,5,KODEX 골드선물(H),24305,2,225,0.93,24308.0,-9.914,72459,1764,3451,2026-08-10 02:55:31
456880,7,ACE 미국달러SOFR금리(합성),12415,5,-5,-0.04,12417.0,-1.7017,23405,290,3424,2026-08-10 02:55:31
0046A0,6,TIGER 미국초단기(3개월이하)국채,9790,3,0,0.0,9792.0,-1.9752,263116,2570,3419,2026-08-10 02:55:31
385550,6,RISE 단기채권알파액티브,113915,2,20,0.02,113911.0,0.6272,609,69,3414,2026-08-10 02:55:31
472170,7,TIGER 미국테크TOP10채권혼합,14220,2,25,0.18,14211.0,-0.9767,44584,633,3406,2026-08-10 02:55:31
279530,2,KODEX 고배당주,17400,5,-150,-0.85,17401.0,-5.0137,88675,1536,3376,2026-08-10 02:55:31
270810,1,RISE 코스닥150,14630,2,1095,8.09,14600.0,-31.985,250536,3586,3339,2026-08-10 02:55:31
0052S0,7,1Q 미국S&P500미국채혼합50액티브,11920,2,40,0.34,11913.0,0.3358,68925,819,3242,2026-08-10 02:55:31
442570,7,RISE TDF2050액티브 적격,17760,2,90,0.51,17645.0,-0.6062,85241,1511,3241,2026-08-10 02:55:31
310960,1,TIGER 200TR,57715,2,390,0.68,57632.0,-15.0552,31604,1822,3232,2026-08-10 02:55:31
474590,2,WON 반도체밸류체인액티브,40145,2,1525,3.95,40136.0,-10.6329,49018,1957,3212,2026-08-10 02:55:31
364970,2,TIGER 바이오TOP10,8140,2,430,5.58,8161.0,-2.0953,3400531,27302,3207,2026-08-10 02:55:31
448630,7,RISE 삼성그룹Top3채권혼합,14815,3,0,0.0,14847.0,-3.0115,54749,809,3156,2026-08-10 02:55:31
385510,2,KODEX 신재생에너지액티브,37720,2,945,2.57,37721.0,-39.1395,59744,2220,3150,2026-08-10 02:55:31
485540,4,KODEX 미국AI테크TOP10,15800,2,115,0.73,15760.0,-2.7778,45175,711,3144,2026-08-10 02:55:31
0111P0,7,1Q 미국나스닥100미국채혼합50액티브,11110,2,55,0.5,11102.0,-0.5805,85634,949,3055,2026-08-10 02:55:31
0038A0,4,KODEX 미국휴머노이드로봇,15930,2,225,1.43,15868.0,-10.401,206533,3277,3043,2026-08-10 02:55:31
453870,4,TIGER 인도니프티50,12090,5,-15,-0.12,12114.0,-1.9758,49926,602,3029,2026-08-10 02:55:31
489030,2,PLUS 고배당주위클리커버드콜,6730,2,25,0.37,6733.0,-10.3988,216485,1446,2998,2026-08-10 02:55:31
441680,7,TIGER 미국나스닥100커버드콜(합성),10975,2,30,0.27,10990.0,0.2723,48749,533,2985,2026-08-10 02:55:31
433330,4,SOL 미국S&P500,22740,2,120,0.53,22744.0,2.1598,26921,610,2979,2026-08-10 02:55:31
483320,4,ACE 엔비디아밸류체인액티브,24975,2,535,2.19,24777.0,-2.1422,72571,1808,2972,2026-08-10 02:55:31
481190,4,SOL 미국테크TOP10,17460,2,120,0.69,17419.0,-2.5296,22566,393,2968,2026-08-10 02:55:31
454780,6,KIWOOM 종합채권(AA-이상)액티브,99630,5,-105,-0.11,99681.0,-2.0382,9,0,2925,2026-08-10 02:55:31
0182R0,2,1Q K반도체TOP2+,9180,2,80,0.88,9183.0,-31.7842,1407970,12999,2915,2026-08-10 02:55:31
190620,6,ACE 단기통안채,101835,3,0,0.0,101841.0,0.6374,4286,436,2913,2026-08-10 02:55:31
461490,7,RISE 글로벌자산배분액티브,14845,2,15,0.1,14841.0,-1.3963,34495,511,2887,2026-08-10 02:55:31
473330,6,SOL 미국30년국채커버드콜(합성),8255,2,20,0.24,8283.0,-5.5248,83734,687,2881,2026-08-10 02:55:31
475080,7,KODEX 테슬라커버드콜채권혼합액티브,7842,2,32,0.41,7831.0,-4.1199,69764,547,2862,2026-08-10 02:55:31
421320,2,PLUS 우주항공,30590,2,2265,8.0,30607.0,-37.7815,140237,4247,2830,2026-08-10 02:55:31
0210A0,2,ACE K반도체TOP2+,6385,2,80,1.27,6378.0,,2568695,16505,2829,2026-08-10 02:55:31
0008S0,4,TIGER 미국배당다우존스타겟데일리커버드콜,10205,2,35,0.34,10185.0,4.3051,150690,1534,2827,2026-08-10 02:55:31
091170,2,KODEX 은행,16065,5,-535,-3.22,16082.0,6.0882,486583,7824,2819,2026-08-10 02:55:31
245710,4,ACE 베트남VN30(합성),28740,2,5,0.02,29238.0,-10.1891,37260,1066,2817,2026-08-10 02:55:31
273140,6,KODEX 단기변동금리부채권액티브,114760,2,15,0.01,114762.0,0.5508,3602,413,2785,2026-08-10 02:55:31
0094K0,6,TIGER 28-04 회사채(A+이상)액티브,99575,3,0,0.0,99568.0,0.6468,12045,1199,2776,2026-08-10 02:55:31
0053L0,4,TIGER 차이나휴머노이드로봇,10555,5,-5,-0.05,10510.0,-17.7636,118890,1262,2776,2026-08-10 02:55:31
136340,6,RISE 중기우량회사채,104320,5,-30,-0.03,104319.0,0.4619,248,25,2762,2026-08-10 02:55:31
307520,2,TIGER 지주회사,21375,2,90,0.42,21412.0,-19.6253,441859,9390,2725,2026-08-10 02:55:31
139230,2,TIGER 200 중공업,13740,2,445,3.35,13726.0,-36.119,68891,934,2701,2026-08-10 02:55:31
483340,4,ACE 구글밸류체인액티브,23390,2,290,1.26,23259.0,-5.0165,55453,1293,2666,2026-08-10 02:55:31
0162Y0,1,TIME 코스닥액티브,7575,2,545,7.75,7578.0,-36.0328,913465,6787,2666,2026-08-10 02:55:31
0098F0,2,KODEX 원자력SMR,15260,2,360,2.42,15251.0,-38.7965,345079,5193,2655,2026-08-10 02:55:31
471040,4,KoAct 글로벌AI&로봇액티브,29180,2,715,2.51,28956.0,-13.7294,17900,518,2641,2026-08-10 02:55:31
475300,2,SOL 반도체전공정,19375,2,1770,10.05,19363.0,-22.0501,2234731,42536,2635,2026-08-10 02:55:31
409820,4,KODEX 미국나스닥100레버리지(합성 H),20420,2,425,2.13,20359.0,3.067,65745,1338,2634,2026-08-10 02:55:31
283580,4,KODEX 차이나CSI300,15815,2,10,0.06,15839.0,-5.3203,35962,571,2633,2026-08-10 02:55:31
497880,6,SOL CD금리&머니마켓액티브,50075,3,0,0.0,50079.0,0.8525,62266,3117,2592,2026-08-10 02:55:31
478150,4,TIME 글로벌우주테크&방산액티브,21575,2,210,0.98,21407.0,-1.1567,256999,5511,2567,2026-08-10 02:55:31
213610,2,KODEX 삼성그룹밸류,21390,2,145,0.68,21407.0,-6.9223,6031,128,2545,2026-08-10 02:55:31
472920,6,HK 종합채권(AA-이상)액티브,98325,5,-40,-0.04,98217.0,-1.748,102,10,2536,2026-08-10 02:55:31
493810,4,TIGER 미국AI빅테크10타겟데일리커버드콜,12115,2,115,0.96,12057.0,-0.4461,69665,839,2520,2026-08-10 02:55:31
228790,2,TIGER 화장품,4120,5,-45,-1.08,4119.0,7.2072,2789078,11408,2505,2026-08-10 02:55:31
196230,6,RISE 단기통안채,116745,2,25,0.02,116770.0,0.5643,1391,162,2495,2026-08-10 02:55:31
486450,4,SOL 미국AI전력인프라,21080,2,400,1.93,20980.0,-20.7663,10743,226,2477,2026-08-10 02:55:31
472160,4,TIGER 미국테크TOP10 INDXX(H),19105,2,120,0.63,19082.0,-0.8358,36880,704,2474,2026-08-10 02:55:31
423170,4,SOL 글로벌AI반도체탑픽액티브,55160,2,540,0.99,54955.0,-4.2091,15121,832,2471,2026-08-10 02:55:31
463050,2,TIME K바이오액티브,14550,2,1105,8.22,14550.0,-22.2383,632806,9012,2452,2026-08-10 02:55:31
244580,2,KODEX 바이오,9255,2,525,6.01,9269.0,-25.5755,883611,8060,2429,2026-08-10 02:55:31
471780,2,TIGER 코리아테크액티브,31780,2,985,3.2,31801.0,-18.1202,41903,1332,2396,2026-08-10 02:55:31
448540,7,ACE 엔비디아채권혼합,26850,2,210,0.79,26804.0,1.9322,29440,790,2390,2026-08-10 02:55:31
261260,7,KODEX 미국달러선물인버스2X,5080,2,5,0.1,5086.0,4.6391,175570,895,2382,2026-08-10 02:55:31
495230,1,KoAct 코리아밸류업액티브,28945,2,545,1.92,28920.0,-17.3579,21473,618,2373,2026-08-10 02:55:31
363570,6,KODEX 장기종합채권(AA-이상)액티브,86645,5,-255,-0.29,86740.0,-4.9183,38,3,2354,2026-08-10 02:55:31
329650,7,KODEX TRF3070,14265,5,-10,-0.07,14297.0,-0.6958,33627,479,2354,2026-08-10 02:55:31
157500,2,TIGER 증권,12920,2,470,3.78,12923.0,-41.7995,217608,2771,2351,2026-08-10 02:55:31
458260,6,TIGER 미국투자등급회사채액티브(H),46540,2,40,0.09,46594.0,-1.9326,3522,163,2340,2026-08-10 02:55:31
498270,4,KIWOOM 미국양자컴퓨팅,15790,2,390,2.53,15779.0,-0.8605,30446,480,2337,2026-08-10 02:55:31
437080,6,KODEX 미국종합채권ESG액티브(H),97295,2,210,0.22,97246.0,-1.3029,398,38,2320,2026-08-10 02:55:31
488980,6,SOL 26-12 회사채(AA-이상)액티브,52025,2,5,0.01,52027.0,0.6676,438,22,2302,2026-08-10 02:55:31
414780,4,TIGER 차이나과창판STAR50(합성),14695,5,-205,-1.38,14847.0,1.2228,140526,2093,2300,2026-08-10 02:55:31
442320,4,RISE 글로벌원자력,36615,2,940,2.63,36512.0,-31.3288,5360,196,2299,2026-08-10 02:55:31
0119H0,6,KODEX 28-12 회사채(AA-이상)액티브,9930,3,0,0.0,9924.0,0.6588,3512,34,2293,2026-08-10 02:55:31
305080,6,TIGER 미국채10년선물,12630,2,5,0.04,12627.0,-4.0289,69021,870,2261,2026-08-10 02:55:31
0092C0,6,SOL 27-12 회사채(AA-이상)액티브,50190,3,0,0.0,50195.0,0.6114,0,0,2256,2026-08-10 02:55:31
388420,2,RISE 비메모리반도체액티브,24970,2,1125,4.72,25006.0,-25.5458,85176,2126,2242,2026-08-10 02:55:31
0151S0,4,KODEX 미국AI반도체TOP3플러스,16000,2,230,1.46,15925.0,2.1099,299048,4771,2232,2026-08-10 02:55:31
123320,3,TIGER 레버리지,92680,2,1225,1.34,92458.0,-40.2412,273268,25395,2224,2026-08-10 02:55:31
0183V0,7,KIWOOM 삼성전자&SK하이닉스채권혼합50,11025,2,20,0.18,11025.0,-2.9134,793640,8772,2216,2026-08-10 02:55:31
363580,2,KODEX 200IT TR,48985,2,485,1.0,48956.0,-10.0019,48886,2394,2204,2026-08-10 02:55:31
490090,4,TIGER 미국AI빅테크10,16605,2,125,0.76,16578.0,-0.0304,25787,427,2192,2026-08-10 02:55:31
466930,2,SOL 자동차TOP3플러스,26200,2,225,0.87,26258.0,0.0385,206607,5394,2188,2026-08-10 02:55:31
452360,4,SOL 미국배당다우존스(H),13275,2,50,0.38,13284.0,6.795,70130,931,2164,2026-08-10 02:55:31
0115D0,2,KODEX 조선TOP10,8505,2,305,3.72,8501.0,-29.2494,1040314,8680,2160,2026-08-10 02:55:31
0182S0,7,1Q K반도체TOP2채권혼합50,11497,5,-28,-0.24,11510.0,-4.1979,90946,1047,2156,2026-08-10 02:55:31
0089D0,2,KODEX 금융고배당TOP10,13320,5,-220,-1.62,13314.0,-1.5416,113555,1505,2145,2026-08-10 02:55:31
433500,2,ACE 원자력TOP10,53570,2,1595,3.07,53535.0,-43.9804,42058,2227,2143,2026-08-10 02:55:31
0047A0,4,TIGER 차이나테크TOP10,13275,5,-120,-0.9,13250.0,-6.1647,17098,230,2097,2026-08-10 02:55:31
0204D0,2,KODEX 현대차로보틱스밸류체인TOP3플러스,6635,2,60,0.91,6645.0,,681009,4506,2087,2026-08-10 02:55:31
422420,2,RISE 2차전지액티브,6500,2,235,3.75,6498.0,-45.2633,144955,923,2077,2026-08-10 02:55:31
394670,4,TIGER 글로벌리튬&2차전지SOLACTIVE(합성),11560,2,145,1.27,11654.0,-20.7017,8369,96,2048,2026-08-10 02:55:31
480040,4,ACE 미국반도체데일리타겟커버드콜(합성),16090,2,350,2.22,15986.0,-6.7553,158872,2553,2011,2026-08-10 02:55:31
495060,1,TIME 코리아밸류업액티브,27065,2,295,1.1,27118.0,-16.7729,60148,1628,2003,2026-08-10 02:55:31
302450,1,RISE 코스피,65505,2,805,1.24,65411.0,-16.5889,2267,148,1998,2026-08-10 02:55:31
0104N0,2,TIGER 200타겟위클리커버드콜,19185,2,125,0.66,19188.0,-15.3775,26327,504,1995,2026-08-10 02:55:31
266160,2,RISE 고배당,30595,2,10,0.03,30575.0,-11.6365,11957,365,1958,2026-08-10 02:55:31
0069M0,4,1Q 미국나스닥100,13975,2,155,1.12,13937.0,0.3552,30569,425,1957,2026-08-10 02:55:31
233160,3,TIGER 코스닥150 레버리지,8515,2,1170,15.93,8499.0,-60.6799,3071359,25113,1946,2026-08-10 02:55:31
302190,6,TIGER 중장기국채,50250,5,-10,-0.02,50254.0,-0.4556,878,44,1940,2026-08-10 02:55:31
0192Z0,6,TIGER 중기종합채권(A-이상)액티브,100915,3,0,0.0,100896.0,,0,0,1927,2026-08-10 02:55:31
0005A0,4,KODEX 미국S&P500데일리커버드콜OTM,9805,2,20,0.2,9827.0,2.4723,174280,1706,1922,2026-08-10 02:55:31
463290,6,1Q 단기금융채액티브,109065,2,15,0.01,109061.0,0.739,47570,5187,1922,2026-08-10 02:55:31
0091C0,6,KODEX 미국10년국채액티브(H),9640,2,20,0.21,9640.0,-1.6267,20685,199,1919,2026-08-10 02:55:31
491610,6,1Q CD금리액티브(합성),104665,2,5,0.0,104655.0,0.712,1806,189,1919,2026-08-10 02:55:31
429000,4,TIGER 미국S&P500배당귀족,14005,2,60,0.43,13980.0,5.6884,35593,496,1912,2026-08-10 02:55:31
332930,1,HANARO 200TR,129510,2,710,0.55,129553.0,-14.9077,155,20,1878,2026-08-10 02:55:31
433980,7,KODEX TDF2040액티브 적격,16180,2,65,0.4,16143.0,-0.1433,42429,684,1869,2026-08-10 02:55:31
0082V0,7,KODEX TDF2060액티브 적격,11530,2,70,0.61,11501.0,-5.0423,37424,430,1845,2026-08-10 02:55:31
117700,2,KODEX 건설,6655,2,155,2.38,6657.0,-33.0029,1158197,7622,1843,2026-08-10 02:55:31
0040X0,7,SOL 팔란티어미국채커버드콜혼합,9725,2,265,2.8,9748.0,2.9526,141530,1374,1819,2026-08-10 02:55:31
473460,4,KODEX 미국서학개미,23735,2,515,2.22,23633.0,-8.2474,12239,289,1816,2026-08-10 02:55:31
495550,1,SOL 코리아밸류업TR,31015,2,225,0.73,30987.0,-11.3064,9558,294,1814,2026-08-10 02:55:31
200250,4,KIWOOM 인도Nifty50(합성),22560,5,-20,-0.09,22603.0,-1.954,2988,67,1782,2026-08-10 02:55:31
0094M0,2,RISE 코리아밸류업위클리고정커버드콜,17590,2,110,0.63,17575.0,-8.4347,182697,3203,1750,2026-08-10 02:55:31
0051G0,4,SOL 미국원자력SMR,14210,2,520,3.8,14118.0,-22.8081,19863,283,1741,2026-08-10 02:55:31
472870,6,RISE 미국30년국채엔화노출(합성 H),7145,2,15,0.21,7166.0,-8.1112,34719,247,1733,2026-08-10 02:55:31
483290,4,KODEX 미국배당다우존스타겟커버드콜,10425,2,10,0.1,10422.0,4.0452,74632,777,1731,2026-08-10 02:55:31
0180V0,4,ACE 미국우주테크액티브,9080,2,810,9.79,8983.0,-20.8234,186283,1694,1725,2026-08-10 02:55:31
160580,5,TIGER 구리실물,16555,5,-275,-1.63,16680.0,5.5503,30510,504,1705,2026-08-10 02:55:31
122090,1,PLUS 코스피50,73620,2,200,0.27,73620.0,-13.6098,22782,1677,1701,2026-08-10 02:55:31
267770,3,TIGER 200선물레버리지,70480,2,895,1.29,70342.0,-40.6576,98795,6961,1692,2026-08-10 02:55:31
143860,2,TIGER 헬스케어,41550,2,2050,5.19,41598.0,-13.4721,43976,1792,1670,2026-08-10 02:55:31
480020,4,ACE 미국빅테크7+데일리타겟커버드콜(합성),11270,2,70,0.63,11174.0,-8.3679,127207,1429,1668,2026-08-10 02:55:31
0099L0,6,ACE 우량회사채(AA-이상)액티브,99615,5,-15,-0.02,99596.0,0.7686,17775,1770,1663,2026-08-10 02:55:31
412570,2,TIGER 2차전지TOP10레버리지,1164,2,27,2.37,1164.0,-63.9048,5804213,6595,1654,2026-08-10 02:55:31
237370,7,KODEX 코리아배당성장채권혼합,15760,5,-50,-0.32,15811.0,-3.0208,30032,473,1639,2026-08-10 02:55:31
461950,2,KODEX 2차전지핵심소재10,4835,2,160,3.42,4831.0,-46.1317,1439548,6841,1627,2026-08-10 02:55:31
490600,4,RISE 미국배당100데일리고정커버드콜,9325,2,10,0.11,9307.0,4.7189,134733,1253,1623,2026-08-10 02:55:31
494330,2,ACE 라이프자산주주가치액티브,31225,2,30,0.1,31266.0,4.226,12651,394,1608,2026-08-10 02:55:31
0093A0,2,RISE AI반도체TOP10,28800,2,1775,6.57,28738.0,-31.565,126370,3557,1598,2026-08-10 02:55:31
480030,4,ACE 미국500데일리타겟커버드콜(합성),10490,2,20,0.19,10465.0,0.5411,92740,971,1594,2026-08-10 02:55:31
476450,6,KIWOOM 머니마켓액티브,52670,2,5,0.01,52668.0,0.7267,4782,251,1593,2026-08-10 02:55:31
494220,2,UNICORN SK하이닉스밸류체인액티브,42820,2,2165,5.33,42816.0,-20.0806,113095,4774,1584,2026-08-10 02:55:31
354500,1,ACE 코스닥150,14845,2,1120,8.16,14821.0,-32.0881,370292,5382,1574,2026-08-10 02:55:31
272560,6,RISE 단기국공채액티브,114735,2,15,0.01,114728.0,0.6006,1521,174,1568,2026-08-10 02:55:31
0048K0,4,KODEX 차이나휴머노이드로봇,9180,5,-170,-1.82,9194.0,-12.7804,529993,4942,1561,2026-08-10 02:55:31
491820,2,HANARO 전력설비투자,43300,2,1610,3.86,43309.0,-43.8784,54879,2369,1559,2026-08-10 02:55:31
0005G0,2,IBK K-AI반도체코어테크,45180,2,1335,3.04,45062.0,-8.4795,14150,638,1559,2026-08-10 02:55:31
403790,1,MIDAS 코스피액티브,53230,2,465,0.88,53193.0,-14.4121,203,10,1557,2026-08-10 02:55:31
0190G0,2,KODEX 반도체타겟위클리커버드콜,7870,2,325,4.31,7879.0,,207762,1625,1550,2026-08-10 02:55:31
464240,6,KIWOOM 26-09회사채(AA-이상)액티브,52325,3,0,0.0,52327.0,0.6909,5,0,1544,2026-08-10 02:55:31
337160,2,KODEX 200ESG,43450,2,365,0.85,43482.0,-10.8108,11292,492,1521,2026-08-10 02:55:31
0064K0,5,KODEX 금액티브,12825,2,120,0.94,12817.0,-11.4326,118760,1522,1520,2026-08-10 02:55:31
0153K0,2,KODEX 주주환원고배당주,12275,5,-225,-1.8,12277.0,1.9411,110267,1350,1510,2026-08-10 02:55:31
219480,4,KODEX 미국S&P500선물(H),33440,2,165,0.5,33469.0,4.1634,2597,86,1505,2026-08-10 02:55:31
0104H0,7,KoAct 미국나스닥채권혼합50액티브,11990,5,-30,-0.25,11976.0,-5.3171,64527,771,1505,2026-08-10 02:55:31
0168K0,2,TIGER 기술이전바이오액티브,7215,2,595,8.99,7221.0,-26.4445,1711341,12069,1498,2026-08-10 02:55:31
0127M0,4,ACE 미국대형가치주액티브,12525,2,15,0.12,12516.0,7.0759,2691,33,1497,2026-08-10 02:55:31
458210,7,KIWOOM CD금리액티브(합성),110390,5,-10,-0.01,110366.0,0.7161,969,106,1483,2026-08-10 02:55:31
245340,4,TIGER 미국다우존스30,37205,2,40,0.11,37232.0,5.6338,8112,301,1473,2026-08-10 02:55:31
486830,6,HANARO 머니마켓액티브,53200,2,30,0.06,53182.0,0.7771,1307,69,1468,2026-08-10 02:55:31
332500,1,ACE 200TR,66195,2,10,0.02,66351.0,-14.8637,16131,1070,1456,2026-08-10 02:55:31
451530,6,TIGER 국고채30년스트립액티브,35210,5,-420,-1.18,35444.0,-19.6528,4748,167,1441,2026-08-10 02:55:31
0041E0,4,KODEX 미국S&P500액티브,16730,2,75,0.45,16713.0,-1.9654,32624,544,1405,2026-08-10 02:55:31
481180,4,SOL 미국AI소프트웨어,16320,2,295,1.84,16273.0,28.7148,61589,1003,1404,2026-08-10 02:55:31
271050,5,KODEX WTI원유선물인버스(H),2175,5,-25,-1.14,2171.0,7.0559,384871,836,1401,2026-08-10 02:55:31
152870,1,파워 200,99745,2,770,0.78,99595.0,-15.0314,1541,153,1396,2026-08-10 02:55:31
0151P0,2,RISE 코리아전략산업액티브,13675,2,440,3.32,13651.0,-26.5906,152223,2069,1388,2026-08-10 02:55:31
0005D0,2,SOL 전고체배터리&실리콘음극재,14245,2,655,4.82,14257.0,-46.454,485729,6792,1375,2026-08-10 02:55:31
138520,2,TIGER 삼성그룹,34180,2,310,0.92,34155.0,-6.8866,24651,840,1374,2026-08-10 02:55:31
192090,4,TIGER 차이나CSI300,12945,5,-40,-0.31,12972.0,-5.5637,39550,513,1372,2026-08-10 02:55:31
0123G0,4,TIGER 미국AI전력SMR,7035,2,240,3.53,7001.0,-23.6946,34773,244,1354,2026-08-10 02:55:31
304660,6,KODEX 미국30년국채울트라선물(H),7280,2,20,0.28,7288.0,-3.5216,54104,392,1354,2026-08-10 02:55:31
0080Y0,2,SOL 조선TOP3플러스레버리지,10620,2,690,6.95,10625.0,-56.8261,418939,4319,1349,2026-08-10 02:55:31
0184L0,6,PLUS 중기종합채권(A-이상)액티브,100595,3,0,0.0,100582.0,,0,0,1343,2026-08-10 02:55:31
457990,2,PLUS 태양광&ESS,37175,2,205,0.55,37230.0,-29.1356,437212,16171,1338,2026-08-10 02:55:31
476030,4,SOL 미국나스닥100,17690,2,190,1.09,17651.0,0.5779,24292,429,1336,2026-08-10 02:55:31
0176E0,4,RISE 미국AI전력인프라액티브,10665,2,120,1.14,10561.0,-17.7458,12645,134,1317,2026-08-10 02:55:31
182480,7,TIGER 미국MSCI리츠(합성 H),13960,5,-85,-0.61,14092.0,3.0921,9803,136,1312,2026-08-10 02:55:31
488720,7,WON 종합채권(AA-이상)액티브,48670,5,-65,-0.13,48706.0,-1.7242,275,13,1304,2026-08-10 02:55:31
0131W0,6,1Q 단기특수은행채액티브,101950,2,15,0.01,101945.0,0.6666,13,1,1303,2026-08-10 02:55:31
463680,4,KODEX 미국S&P500테크놀로지,23260,2,365,1.59,22989.0,7.2865,19112,443,1303,2026-08-10 02:55:31
411420,4,KODEX 미국나스닥AI테크액티브,27600,2,265,0.97,27527.0,-4.5422,25532,703,1297,2026-08-10 02:55:31
495330,1,1Q 코리아밸류업,30140,2,265,0.89,30192.0,-11.2643,2977,89,1296,2026-08-10 02:55:31
0074K0,2,KoAct K수출핵심기업TOP30액티브,16780,2,705,4.39,16794.0,-20.1243,40502,670,1284,2026-08-10 02:55:31
139220,2,TIGER 200 건설,7400,2,105,1.44,7397.0,-32.2656,405167,2968,1264,2026-08-10 02:55:31
447620,7,SOL 미국TOP5채권혼합50,16180,2,30,0.19,16179.0,1.2856,77090,1248,1246,2026-08-10 02:55:31
251340,3,KODEX 코스닥150선물인버스,2335,5,-185,-7.34,2342.0,27.337,58378277,138779,1245,2026-08-10 02:55:31
0199C0,2,ACE 고배당주Plus커버드콜액티브,9215,5,-35,-0.38,9218.0,,459450,4222,1244,2026-08-10 02:55:31
372330,4,KODEX 차이나항셍테크,7535,2,75,1.01,7551.0,-7.7533,72501,545,1232,2026-08-10 02:55:31
114820,6,TIGER 국채3년,105195,5,-30,-0.03,105160.0,0.5014,1429,150,1231,2026-08-10 02:55:31
0000Y0,6,HK 26-12 회사채(AA-이상)액티브,101665,2,10,0.01,101684.0,0.6285,126,12,1230,2026-08-10 02:55:31
464310,4,TIGER 글로벌AI&로보틱스 INDXX,14870,2,215,1.47,14843.0,-10.5312,16743,247,1227,2026-08-10 02:55:31
464930,4,TIGER 글로벌혁신블루칩TOP10,21995,2,75,0.34,21946.0,1.8114,4324,94,1221,2026-08-10 02:55:31
399110,4,SOL 미국S&P500ESG,21715,2,45,0.21,21637.0,4.2824,14606,315,1216,2026-08-10 02:55:31
0191W0,6,HANARO 중기종합채권(A-이상)액티브,100900,5,-15,-0.01,100889.0,,38,3,1211,2026-08-10 02:55:31
367770,2,RISE 수소경제테마,23265,2,570,2.51,23295.0,-28.407,30716,709,1210,2026-08-10 02:55:31
0092B0,2,SOL 한국원자력SMR,14930,2,275,1.88,14953.0,-40.4511,67345,995,1202,2026-08-10 02:55:31
0181B0,4,HANARO 미국AI메모리반도체TOP4+,9575,5,-145,-1.49,9527.0,,249661,2377,1202,2026-08-10 02:55:31
325010,2,KODEX 성장주,39765,2,675,1.73,39806.0,-16.759,3505,138,1193,2026-08-10 02:55:31
377990,2,TIGER Fn신재생에너지,24290,2,680,2.88,24274.0,-38.7982,96747,2327,1190,2026-08-10 02:55:31
0197X0,2,SOL SK하이닉스선물단일종목인버스2X,10605,5,-415,-3.77,10660.0,,10076618,106898,1188,2026-08-10 02:55:31
309230,4,ACE 미국WideMoat동일가중,31925,2,350,1.11,32031.0,6.6528,2563,81,1181,2026-08-10 02:55:31
488500,4,TIGER 미국S&P500동일가중,13110,2,45,0.34,13119.0,4.7066,27492,359,1173,2026-08-10 02:55:31
471760,2,TIGER AI반도체핵심공정,12945,2,620,5.03,12925.0,-45.7049,649443,8355,1159,2026-08-10 02:55:31
469170,2,ACE 포스코그룹포커스,5725,2,45,0.79,5719.0,-38.3638,573966,3231,1142,2026-08-10 02:55:31
448100,1,WON 200,101160,2,130,0.13,101406.0,-15.0695,12887,1306,1138,2026-08-10 02:55:31
0122W0,6,RISE 26-11 회사채(AA-이상)액티브,50915,2,5,0.01,50907.0,0.6524,664,33,1137,2026-08-10 02:55:31
498180,6,파워 종합채권(AA-이상)액티브,93515,5,-75,-0.08,93451.0,-1.7995,12,1,1137,2026-08-10 02:55:31
0000J0,2,PLUS 한화그룹주,29055,2,1415,5.12,29055.0,-31.5673,53442,1531,1133,2026-08-10 02:55:31
0135Y0,6,IBK 중기종합채권(AA-이상)액티브,100460,5,-45,-0.04,100443.0,0.4447,49,4,1132,2026-08-10 02:55:31
304940,4,KODEX 미국나스닥100선물(H),32740,2,310,0.96,32721.0,2.3351,5211,170,1130,2026-08-10 02:55:31
491230,6,PLUS 국공채머니마켓액티브,52415,3,0,0.0,52409.0,0.7786,1034,54,1128,2026-08-10 02:55:31
465610,4,ACE 미국빅테크TOP7 Plus레버리지(합성),46895,2,1395,3.07,46792.0,-0.4377,7145,333,1125,2026-08-10 02:55:31
0036R0,4,RISE 미국휴머노이드로봇,20090,2,245,1.23,20078.0,-4.4847,16562,332,1125,2026-08-10 02:55:31
319640,4,TIGER 골드선물(H),25530,2,230,0.91,25529.0,-10.1084,12381,316,1123,2026-08-10 02:55:31
168580,4,ACE 중국본토CSI300,35855,2,35,0.1,35844.0,-5.7245,151,5,1119,2026-08-10 02:55:31
0177X0,2,ACE K휴머노이드로봇산업TOP2+,9985,2,435,4.55,9986.0,-24.2064,349854,3417,1108,2026-08-10 02:55:31
394660,4,TIGER 글로벌자율주행&전기차SOLACTIVE,16790,2,470,2.88,16974.0,-13.8787,2420,40,1101,2026-08-10 02:55:31
328370,1,PLUS 코스피TR,35420,2,245,0.7,35517.0,-16.1502,480,17,1098,2026-08-10 02:55:31
0193G0,1,KoAct 코스피액티브,7730,2,50,0.65,7742.0,,1086796,8386,1090,2026-08-10 02:55:31
261270,7,KODEX 미국달러선물인버스,7892,2,17,0.22,7898.0,2.6058,20521,162,1088,2026-08-10 02:55:31
0052T0,6,1Q 중단기회사채(A-이상)액티브,50645,2,20,0.04,50639.0,0.6661,96,4,1081,2026-08-10 02:55:31
0174B0,7,KoAct 글로벌AI메모리반도체액티브,13620,2,160,1.19,13581.0,-0.2963,44530,605,1076,2026-08-10 02:55:31
438570,6,SOL 국고채10년,98840,5,-20,-0.02,98833.0,-1.3718,61,6,1074,2026-08-10 02:55:31
0221V0,6,IBK 초단기채권액티브,100215,2,10,0.01,100226.0,,20,2,1071,2026-08-10 02:55:31
449770,4,KIWOOM 미국S&P500,21775,2,100,0.46,21792.0,2.0711,2818,61,1067,2026-08-10 02:55:31
0193M0,6,BNK 27-12 특수채(AAA이상)액티브,50355,3,0,0.0,50338.0,,0,0,1065,2026-08-10 02:55:31
0132K0,7,PLUS 테슬라위클리커버드콜채권혼합,8150,2,55,0.68,8113.0,-4.4766,160605,1304,1064,2026-08-10 02:55:31
455860,2,SOL 2차전지소부장Fn,4505,2,145,3.33,4500.0,-45.2949,524939,2311,1063,2026-08-10 02:55:31
0085P0,6,ACE 미국10년국채액티브,10087,2,7,0.07,10091.0,-3.8356,107465,1081,1059,2026-08-10 02:55:31
0091M0,6,HANARO 27-06 회사채(AA-이상)액티브,10145,3,0,0.0,10143.0,0.545,38,0,1058,2026-08-10 02:55:31
332940,1,HANARO MSCI Korea TR,43715,2,520,1.2,43743.0,-14.6934,100,4,1049,2026-08-10 02:55:31
475050,2,ACE KPOP포커스,7275,2,75,1.04,7283.0,-21.7392,457808,3306,1044,2026-08-10 02:55:31
475280,6,ACE 8월만기자동연장회사채AA-이상액티브,10710,3,0,0.0,10717.0,0.7052,0,0,1031,2026-08-10 02:55:31
465780,6,마이티 26-09 특수채(AAA)액티브,106220,3,0,0.0,106240.0,0.6586,0,0,1023,2026-08-10 02:55:31
326240,2,RISE IT플러스,39570,2,535,1.37,39759.0,-16.2609,6349,251,1013,2026-08-10 02:55:31
266370,2,KODEX IT,59570,2,1070,1.83,59608.0,-14.2418,47374,2822,1013,2026-08-10 02:55:31
0209D0,2,KODEX 전고체배터리ESS TOP2플러스,7845,2,225,2.95,7849.0,,420487,3246,1004,2026-08-10 02:55:31
114100,6,RISE 국고채3년,106735,5,-40,-0.04,106682.0,0.4718,65,6,1003,2026-08-10 02:55:31
204480,4,TIGER 차이나CSI300레버리지(합성),26960,2,70,0.26,26926.0,-14.2812,346,9,1003,2026-08-10 02:55:31
203780,4,TIGER 미국나스닥바이오,34775,2,625,1.83,34810.0,7.559,12599,437,988,2026-08-10 02:55:31
496090,1,KIWOOM 코리아밸류업,30160,2,35,0.12,30323.0,-10.4441,1380,41,980,2026-08-10 02:55:31
0138Y0,7,PLUS 금채권혼합,9880,2,40,0.41,9905.0,-5.5209,143379,1416,978,2026-08-10 02:55:31
0035T0,7,PLUS 글로벌휴머노이드로봇액티브,20245,2,225,1.12,20250.0,-10.7247,8333,167,972,2026-08-10 02:55:31
308620,6,KODEX 미국10년국채선물,11850,2,10,0.08,11856.0,-3.7399,19547,231,960,2026-08-10 02:55:31
0137V0,4,KIWOOM 미국S&P500모멘텀,11895,2,35,0.3,11855.0,2.3768,64466,764,958,2026-08-10 02:55:31
195980,4,PLUS 신흥국MSCI(합성 H),14955,2,190,1.29,15057.0,-2.9895,5442,81,957,2026-08-10 02:55:31
468380,6,KODEX iShares미국하이일드액티브,11225,5,-15,-0.13,11249.0,-1.7517,40937,459,956,2026-08-10 02:55:31
461500,6,HANARO 종합채권(AA-이상)액티브,105290,2,105,0.1,105203.0,-1.9209,274,28,956,2026-08-10 02:55:31
485690,4,RISE 미국AI밸류체인TOP3Plus,22730,2,240,1.07,22635.0,0.8449,3681,83,955,2026-08-10 02:55:31
476850,1,KoAct 배당성장액티브,20235,2,235,1.17,20245.0,-12.8511,52325,1054,951,2026-08-10 02:55:31
473440,6,ACE 11월만기자동연장회사채AA-이상액티브,10835,2,5,0.05,10832.0,0.7441,20,0,943,2026-08-10 02:55:31
479620,4,SOL 미국AI반도체칩메이커,26815,2,185,0.69,26795.0,6.3286,24692,661,939,2026-08-10 02:55:31
211900,2,KODEX 코리아배당성장,28430,2,90,0.32,28441.0,-11.523,3354,94,938,2026-08-10 02:55:31
433970,7,KODEX TDF2030액티브 적격,14235,2,55,0.39,14159.0,0.3954,17577,250,932,2026-08-10 02:55:31
0142D0,4,TIGER 미국AI데이터센터TOP4Plus,10505,2,270,2.64,10368.0,-25.0458,55986,585,930,2026-08-10 02:55:31
143850,4,TIGER 미국S&P500선물(H),78250,2,410,0.53,78258.0,3.7866,2923,228,919,2026-08-10 02:55:31
454320,2,HANARO CAPEX설비투자iSelect,42760,2,1190,2.86,42854.0,-36.3254,5458,231,919,2026-08-10 02:55:31
269540,4,PLUS 미국S&P500(H),30355,2,105,0.35,30378.0,4.3103,4293,130,911,2026-08-10 02:55:31
329670,7,KODEX TRF7030,22575,2,80,0.36,22573.0,1.1119,8549,193,903,2026-08-10 02:55:31
453080,4,KIWOOM 미국나스닥100(H),23115,2,240,1.05,23096.0,2.3084,2286,52,901,2026-08-10 02:55:31
325020,2,KODEX 배당가치,28965,5,-110,-0.38,28958.0,-2.4675,6623,191,898,2026-08-10 02:55:31
444490,4,WON 미국S&P500,20865,2,85,0.41,20884.0,2.1632,9425,195,897,2026-08-10 02:55:31
0007N0,1,아이엠에셋 200,99380,2,610,0.62,99134.0,-14.8514,35,3,894,2026-08-10 02:55:31
460960,7,ACE 글로벌인컴TOP10,11465,2,65,0.57,11428.0,-1.5903,12850,146,877,2026-08-10 02:55:31
490480,2,SOL K방산,32125,2,1750,5.76,32187.0,-23.3149,42820,1358,867,2026-08-10 02:55:31
486240,2,DAISHIN343 AI반도체&인프라액티브,27095,2,1185,4.57,27164.0,-21.6984,3120,83,867,2026-08-10 02:55:31
481430,6,RISE 국고채10년액티브,98830,5,-105,-0.11,98771.0,-1.2132,121,11,867,2026-08-10 02:55:31
0162L0,4,KODEX 차이나AI반도체TOP10,13700,5,-350,-2.49,13631.0,2.1444,734332,10234,863,2026-08-10 02:55:31
329660,7,KODEX TRF5050,18150,5,-5,-0.03,18199.0,0.7957,4332,78,853,2026-08-10 02:55:31
298770,4,KODEX 한국대만IT프리미어,77045,2,1520,2.01,77287.0,-3.5928,18683,1430,847,2026-08-10 02:55:31
0066W0,5,SOL 국제금,12965,2,120,0.93,13029.0,-11.4749,52001,673,843,2026-08-10 02:55:31
461460,6,PLUS 국고채10년액티브,51705,5,-55,-0.11,51676.0,-1.2497,74,3,839,2026-08-10 02:55:31
0225V0,4,KODEX 미국CPU반도체TOP10,11030,2,55,0.5,10981.0,,144743,1591,838,2026-08-10 02:55:31
0017Y0,6,1Q 종합채권(AA-이상)액티브,94085,2,25,0.03,94058.0,-2.077,14,1,832,2026-08-10 02:55:31
495040,1,PLUS 코리아밸류업,30090,2,275,0.92,30123.0,-11.3339,983,29,827,2026-08-10 02:55:31
453330,4,RISE 미국S&P500(H),18355,2,100,0.55,18354.0,4.821,30883,566,826,2026-08-10 02:55:31
364960,2,TIGER BBIG,6780,2,100,1.5,6801.0,-16.5,13217,88,820,2026-08-10 02:55:31
108450,2,ACE 삼성그룹섹터가중,37280,2,55,0.15,37480.0,-10.3013,3204,120,820,2026-08-10 02:55:31
359210,1,KODEX 코스피TR,32765,2,180,0.55,32764.0,-15.7031,2952,96,819,2026-08-10 02:55:31
0057H0,7,PLUS 미국S&P500미국채혼합50액티브,12000,2,30,0.25,11998.0,0.2428,25619,306,816,2026-08-10 02:55:31
138530,2,TIGER LG그룹플러스,12135,2,120,1.0,12137.0,-3.0658,82769,997,815,2026-08-10 02:55:31
157490,2,TIGER 소프트웨어,8615,2,20,0.23,8606.0,-5.5495,86971,747,813,2026-08-10 02:55:31
228810,2,TIGER 미디어컨텐츠,3425,2,10,0.29,3426.0,-24.6969,332680,1134,808,2026-08-10 02:55:31
469060,4,RISE 미국반도체NYSE,37130,2,665,1.82,36933.0,3.5123,14296,529,798,2026-08-10 02:55:31
0049M0,4,ACE 미국배당퀄리티+커버드콜액티브,11630,2,25,0.22,11624.0,1.8623,15312,177,797,2026-08-10 02:55:31
412770,4,TIGER 글로벌AI플랫폼액티브,12935,2,90,0.7,12899.0,-4.9927,2639,33,796,2026-08-10 02:55:31
0098N0,2,PLUS 자사주매입고배당주,12925,5,-190,-1.45,12932.0,-0.5908,57814,744,782,2026-08-10 02:55:31
492500,7,1Q 현대차그룹채권(A+이상)&국고통안,51280,3,0,0.0,51289.0,0.3915,262,13,780,2026-08-10 02:55:31
458030,6,WON 국공채머니마켓액티브,54940,2,5,0.01,54948.0,0.6596,1470,80,779,2026-08-10 02:55:31
441540,2,HANARO Fn조선해운,28500,2,665,2.39,28492.0,-25.3153,8532,239,770,2026-08-10 02:55:31
210780,2,TIGER 코스피고배당,23265,5,-60,-0.26,23279.0,-10.0384,9967,231,768,2026-08-10 02:55:31
0113D0,4,TIME 글로벌탑픽액티브,12380,2,65,0.53,12393.0,1.6089,7536,93,768,2026-08-10 02:55:31
0018C0,2,PLUS 고배당주위클리고정커버드콜,10830,5,-20,-0.18,10831.0,-11.8466,65466,704,764,2026-08-10 02:55:31
438560,6,SOL 국고채3년,100490,3,0,0.0,100487.0,0.4648,154,15,758,2026-08-10 02:55:31
266420,2,KODEX 헬스케어,18860,2,890,4.95,18886.0,-13.3559,83649,1557,754,2026-08-10 02:55:31
211560,2,TIGER 배당성장,35605,2,85,0.24,35596.0,-11.3134,4308,152,748,2026-08-10 02:55:31
495750,1,HANARO 코리아밸류업,30260,2,295,0.98,30275.0,-10.6077,1980,59,741,2026-08-10 02:55:31
0008T0,2,SOL 화장품TOP3플러스,15770,5,-360,-2.23,15778.0,1.4465,707435,11134,741,2026-08-10 02:55:31
0080X0,7,SOL 미국S&P500미국채혼합50,11325,5,-30,-0.26,11339.0,-0.0201,23185,262,736,2026-08-10 02:55:31
337140,2,KODEX 코스피대형주,33245,2,250,0.76,33223.0,-15.5099,6712,223,731,2026-08-10 02:55:31
272910,6,ACE 중장기국공채액티브,106205,5,-100,-0.09,106258.0,0.1413,15,1,730,2026-08-10 02:55:31
0190Y0,4,TIGER 구글밸류체인,9275,2,60,0.65,9198.0,,16239,150,723,2026-08-10 02:55:31
0102A0,4,TIGER 미국AI소프트웨어TOP4Plus,8500,2,345,4.23,8481.0,6.0468,55115,466,723,2026-08-10 02:55:31
130730,6,KIWOOM 단기자금,102870,2,5,0.0,102875.0,0.6457,3759,386,721,2026-08-10 02:55:31
475350,4,RISE 버크셔포트폴리오TOP10,15050,5,-45,-0.3,15004.0,6.585,36736,551,700,2026-08-10 02:55:31
365040,1,TIGER AI코리아그로스액티브,33205,2,275,0.84,33313.0,-14.5564,4229,140,697,2026-08-10 02:55:31
0022T0,4,SOL 국제금커버드콜액티브,13390,2,120,0.9,13417.0,-10.7197,32239,431,696,2026-08-10 02:55:31
434960,1,DAISHIN343 K200,99020,2,275,0.28,99280.0,-15.2547,1015,100,693,2026-08-10 02:55:31
440640,6,ACE 단기채권알파액티브,112465,2,5,0.0,112477.0,0.7525,418,47,689,2026-08-10 02:55:31
458750,4,TIGER 미국배당다우존스타겟커버드콜1호,13260,2,75,0.57,13214.0,4.1899,19170,253,676,2026-08-10 02:55:31
228800,2,TIGER 여행레저,2615,2,5,0.19,2613.0,-23.4605,106011,275,675,2026-08-10 02:55:31
0181L0,4,SOL 미국우주항공TOP10,8245,2,755,10.08,8120.0,-20.1918,274671,2252,672,2026-08-10 02:55:31
453950,4,TIGER TSMC파운드리밸류체인,34395,2,770,2.29,34474.0,-0.9865,1662,56,671,2026-08-10 02:55:31
433880,7,PLUS TDF2060액티브 적격,19100,2,220,1.17,19019.0,-0.5749,18628,355,669,2026-08-10 02:55:31
292190,1,KODEX KRX300,43845,2,585,1.35,43819.0,-16.6174,4383,191,658,2026-08-10 02:55:31
475310,2,SOL 반도체후공정,24290,2,1630,7.19,24281.0,-37.0556,132243,3157,656,2026-08-10 02:55:31
278620,6,PLUS 단기채권액티브,118875,2,15,0.01,118887.0,0.6904,654,77,651,2026-08-10 02:55:31
261070,2,TIGER 코스닥150바이오테크,14590,2,1285,9.66,14584.0,-23.6661,404603,5764,648,2026-08-10 02:55:31
0000D0,7,TIGER 엔비디아미국채커버드콜밸런스(합성),9455,2,75,0.8,9430.0,-1.9037,18960,178,648,2026-08-10 02:55:31
473640,4,HANARO 글로벌금채굴기업,33170,2,1430,4.51,33104.0,-8.9632,31492,1044,647,2026-08-10 02:55:31
278240,3,RISE 코스닥150선물레버리지,8630,2,1140,15.22,8647.0,-60.7237,251723,2101,646,2026-08-10 02:55:31
0036D0,4,TIME 미국배당다우존스액티브,12920,5,-30,-0.23,12984.0,4.7339,53696,692,646,2026-08-10 02:55:31
495940,4,RISE 미국AI테크액티브,20455,2,250,1.24,20338.0,-8.2063,3685,75,644,2026-08-10 02:55:31
0040S0,4,HANARO 글로벌피지컬AI액티브,24750,2,540,2.23,24517.0,-7.7012,8166,201,644,2026-08-10 02:55:31
0123S0,2,HANARO 26-12 은행채(AA+이상)액티브,10165,3,0,0.0,10173.0,0.5937,4317,43,635,2026-08-10 02:55:31
0098Z0,1,FOCUS 200,84690,2,705,0.84,84395.0,-14.7368,2,0,635,2026-08-10 02:55:31
0115E0,2,KODEX 코리아소버린AI,13660,2,85,0.63,13658.0,-15.297,43996,601,628,2026-08-10 02:55:31
455660,6,ACE 미국하이일드액티브(H),9465,5,-5,-0.05,9471.0,0.3199,27714,262,625,2026-08-10 02:55:31
419890,6,KIWOOM 단기채권ESG액티브,107465,5,-10,-0.01,107434.0,0.6226,2,0,623,2026-08-10 02:55:31
476750,6,ACE 미국30년국채엔화노출액티브(H),7685,2,15,0.2,7699.0,-7.6947,13035,100,622,2026-08-10 02:55:31
465330,2,RISE 2차전지TOP10,10915,2,275,2.58,10902.0,-38.4082,143184,1530,619,2026-08-10 02:55:31
277640,2,TIGER 코스피대형주,34320,2,150,0.44,34352.0,-15.3472,7960,273,618,2026-08-10 02:55:31
479730,4,TIGER 인도빌리언컨슈머,10470,5,-25,-0.24,10569.0,2.5848,4352,45,618,2026-08-10 02:55:31
282000,3,RISE 국고채3년선물인버스,114375,2,160,0.14,114338.0,0.2325,2,0,615,2026-08-10 02:55:31
440910,4,WON 미국우주항공방산,27730,2,310,1.13,27729.0,4.6964,2643,73,610,2026-08-10 02:55:31
453640,4,KODEX 미국S&P500헬스케어,14170,2,100,0.71,14171.0,10.7277,21263,300,609,2026-08-10 02:55:31
0141S0,2,SOL 조선기자재,8865,2,465,5.54,8880.0,-43.7752,365934,3194,607,2026-08-10 02:55:31
0000Z0,2,RISE 바이오TOP10액티브,10430,2,830,8.65,10425.0,-33.5641,284693,2922,605,2026-08-10 02:55:31
100910,1,KIWOOM KRX100,15490,5,-20,-0.13,15585.0,-14.5725,661,10,604,2026-08-10 02:55:31
491700,1,HK 200,99290,2,715,0.73,99501.0,-15.3354,298,29,596,2026-08-10 02:55:31
0111J0,2,HANARO 증권고배당TOP3플러스,13080,2,400,3.15,13109.0,-39.1134,38119,491,595,2026-08-10 02:55:31
275980,4,TIGER 글로벌4차산업혁신기술(합성 H),23425,2,90,0.39,23571.0,0.6686,713,16,595,2026-08-10 02:55:31
252400,3,RISE 200선물레버리지,84775,2,650,0.77,85166.0,-40.4678,9641,817,593,2026-08-10 02:55:31
0089C0,4,KODEX 미국S&P500변동성확대시커버드콜,11800,2,40,0.34,11845.0,2.2969,740,8,590,2026-08-10 02:55:31
261240,7,KODEX 미국달러선물,14605,5,-5,-0.03,14610.0,-1.8475,57720,840,587,2026-08-10 02:55:31
150460,2,TIGER 중국소비테마,7600,3,0,0.0,7604.0,-3.6145,19178,145,579,2026-08-10 02:55:31
123310,3,TIGER 인버스,1256,5,-9,-0.71,1258.0,-2.7672,2419693,3041,575,2026-08-10 02:55:31
401470,2,KODEX 메타버스액티브,9615,5,-5,-0.05,9639.0,-1.6863,6208,59,572,2026-08-10 02:55:31
455960,6,RISE 미국달러SOFR금리액티브(합성),12395,2,5,0.04,12389.0,-1.1568,689,8,568,2026-08-10 02:55:31
225040,4,TIGER 미국S&P500레버리지(합성 H),69192,2,687,1.0,69172.0,8.0435,7096,489,567,2026-08-10 02:55:31
0118Z0,4,ACE 미국AI테크핵심산업액티브,9295,2,390,4.38,9234.0,-14.0029,14188,131,562,2026-08-10 02:55:31
298340,6,PLUS 국채선물3년,56565,3,0,0.0,56527.0,0.8198,0,0,561,2026-08-10 02:55:31
0172V0,5,1Q 은액티브,8450,5,-30,-0.35,8501.0,-21.1163,62018,525,558,2026-08-10 02:55:31
0185L0,4,TIME 글로벌휴머노이드로봇산업액티브,8045,5,-5,-0.06,8030.0,,15937,128,555,2026-08-10 02:55:31
0046Y0,4,ACE 미국배당퀄리티,13035,2,45,0.35,13030.0,2.9601,8317,108,554,2026-08-10 02:55:31
428510,4,KODEX 차이나AI테크액티브,25160,2,400,1.62,24908.0,-5.8297,8956,225,554,2026-08-10 02:55:31
445150,2,KODEX 친환경조선해운액티브,29765,2,1070,3.73,29715.0,-32.0211,6178,180,551,2026-08-10 02:55:31
480310,4,TIGER 글로벌온디바이스AI,20220,2,130,0.65,20153.0,-1.1196,46887,942,546,2026-08-10 02:55:31
0166S0,2,PLUS K제조업핵심기업액티브,10135,2,195,1.96,10135.0,-25.9591,45392,458,537,2026-08-10 02:55:31
101280,4,KODEX 일본TOPIX100,31340,2,275,0.89,31340.0,4.0348,3203,99,533,2026-08-10 02:55:31
114470,6,KIWOOM 국고채3년,108115,2,5,0.0,108059.0,0.451,133,14,530,2026-08-10 02:55:31
0113P0,6,HK 머니마켓액티브,102230,2,10,0.01,102235.0,0.7341,30,3,530,2026-08-10 02:55:31
0132H0,4,KODEX 미국원자력SMR,9195,2,405,4.61,9186.0,-26.2275,31005,283,529,2026-08-10 02:55:31
476260,2,HANARO 반도체핵심공정주도주,12270,2,1155,10.39,12280.0,-24.5418,469085,5643,528,2026-08-10 02:55:31
0198A0,2,KIWOOM 코스닥150커버드콜액티브,9285,2,605,6.97,9246.0,,436893,3953,525,2026-08-10 02:55:31
491220,1,PLUS 200TR,116440,5,-460,-0.39,117178.0,-14.7525,1435,167,524,2026-08-10 02:55:31
306950,3,KODEX KRX300레버리지,65110,2,780,1.21,65448.0,-41.8802,4516,295,521,2026-08-10 02:55:31
0210E0,2,PLUS 200커버드콜액티브,6840,2,40,0.59,6841.0,,145143,993,520,2026-08-10 02:55:31
0118S0,4,SOL 미국넥스트테크TOP10액티브,11265,2,230,2.08,11196.0,-13.7891,7725,86,518,2026-08-10 02:55:31
287180,4,PLUS 미국나스닥테크,56890,2,800,1.43,56777.0,7.3595,6305,357,512,2026-08-10 02:55:31
442560,7,RISE TDF2040액티브 적격,16675,5,-20,-0.12,16577.0,0.069,9922,165,509,2026-08-10 02:55:31
200030,4,KODEX 미국S&P500산업재(합성),45060,2,230,0.51,45257.0,1.2078,994,44,508,2026-08-10 02:55:31
475260,6,ACE 2월만기자동연장회사채AA-이상액티브,10730,3,0,0.0,10728.0,0.6094,0,0,505,2026-08-10 02:55:31
385590,2,ACE ESG액티브,21855,2,45,0.21,21871.0,-12.6202,66,1,503,2026-08-10 02:55:31
0041D0,4,KODEX 미국AI소프트웨어TOP10,13352,2,462,3.58,13279.0,4.124,14986,199,501,2026-08-10 02:55:31
0139P0,2,ACE 고배당주,13525,2,35,0.26,13554.0,-8.5615,17893,240,500,2026-08-10 02:55:31
0020H0,4,KoAct 글로벌양자컴퓨팅액티브,22990,2,625,2.79,23019.0,-9.1593,10906,250,494,2026-08-10 02:55:31
256750,4,KODEX 차이나심천ChiNext(합성),16120,5,-185,-1.13,16109.0,-10.0166,3806,62,493,2026-08-10 02:55:31
261220,5,KODEX WTI원유선물(H),21890,2,280,1.3,21918.0,-13.0733,66952,1466,493,2026-08-10 02:55:31
371470,4,TIGER 차이나바이오테크SOLACTIVE,8985,2,265,3.04,9034.0,2.4676,36957,332,492,2026-08-10 02:55:31
0226A0,7,PLUS SK하이닉스샌디스크채권혼합50,9750,5,-90,-0.91,9772.0,,55857,545,488,2026-08-10 02:55:31
276990,4,KODEX 글로벌로봇(합성),27390,2,310,1.14,27281.0,-2.9739,1129,30,485,2026-08-10 02:55:31
447430,2,ACE 주주환원가치주액티브,16405,5,-65,-0.39,16391.0,-10.491,15198,248,484,2026-08-10 02:55:31
418670,4,TIGER 글로벌AI사이버보안,18030,2,370,2.1,17862.0,41.28,35968,642,483,2026-08-10 02:55:31
494840,4,TIGER 미국방산TOP10,14190,2,125,0.89,14146.0,7.5482,10968,155,482,2026-08-10 02:55:31
316670,1,KIWOOM 코스닥150,7325,2,550,8.12,7324.0,-32.25,59311,429,482,2026-08-10 02:55:31
461340,4,HANARO 글로벌생성형AI액티브,43505,2,15,0.03,43431.0,-0.6511,1208,52,479,2026-08-10 02:55:31
336160,6,RISE 금융채액티브,100420,2,30,0.03,100403.0,0.365,14,1,478,2026-08-10 02:55:31
140700,2,KODEX 보험,19020,2,10,0.05,19025.0,14.3385,13066,246,476,2026-08-10 02:55:31
0086B0,2,TIGER 리츠부동산인프라TOP10액티브,9660,2,85,0.89,9664.0,-9.657,6872,66,473,2026-08-10 02:55:31
0178H0,7,IBK 미국AI TOP10국채혼합50,10175,5,-55,-0.54,10081.0,1.6447,6798,69,473,2026-08-10 02:55:31
0194T0,2,ACE SK하이닉스단일종목레버리지,6480,2,170,2.69,6532.0,,179796,1173,470,2026-08-10 02:55:31
473490,4,KIWOOM 글로벌AI반도체,31240,2,290,0.94,30988.0,0.5952,10337,321,469,2026-08-10 02:55:31
304780,3,HANARO 200선물레버리지,103830,2,1185,1.15,103889.0,-40.3158,4435,460,467,2026-08-10 02:55:31
275300,2,KODEX 우량주,27435,2,205,0.75,27564.0,-11.6339,928,25,466,2026-08-10 02:55:31
218420,4,KODEX 미국S&P500에너지(합성),19035,5,-70,-0.37,18978.0,-0.209,11002,208,465,2026-08-10 02:55:31
0220B0,1,DS 코스닥액티브,10110,2,805,8.65,10111.0,,277063,2759,465,2026-08-10 02:55:31
0100K0,2,KODEX 방산TOP10레버리지,8120,2,720,9.73,8185.0,-49.6599,293491,2331,455,2026-08-10 02:55:31
472830,6,RISE 미국30년국채커버드콜(합성),8185,2,5,0.06,8195.0,-5.8658,5321,43,454,2026-08-10 02:55:31
0194M0,2,ACE 삼성전자단일종목레버리지,8950,5,-10,-0.11,8947.0,,57495,525,454,2026-08-10 02:55:31
401170,2,RISE 메타버스,11410,5,-90,-0.78,11399.0,16.279,19151,217,452,2026-08-10 02:55:31
196030,4,ACE 일본TOPIX레버리지(H),90230,2,1230,1.38,90804.0,10.8619,230,20,451,2026-08-10 02:55:31
453650,4,KODEX 미국S&P500금융,19935,5,-80,-0.4,19963.0,9.2183,14653,291,449,2026-08-10 02:55:31
475270,6,ACE 5월만기자동연장회사채AA-이상액티브,10715,3,0,0.0,10712.0,0.7048,0,0,447,2026-08-10 02:55:31
0197W0,2,SOL SK하이닉스단일종목레버리지,6365,2,170,2.74,6403.0,,211416,1361,441,2026-08-10 02:55:31
295020,6,RISE 국채선물10년인버스,60095,2,120,0.2,60093.0,2.1546,10,0,439,2026-08-10 02:55:31
0007G0,4,PLUS 글로벌원자력밸류체인,14595,2,920,6.73,14498.0,-23.0878,4338,63,438,2026-08-10 02:55:31
238720,4,ACE 일본Nikkei225(H),48575,2,1085,2.28,48699.0,4.1561,682,32,437,2026-08-10 02:55:31
360140,2,KODEX 200롱코스닥150숏선물,19770,5,-1525,-7.16,19756.0,20.2088,47044,947,435,2026-08-10 02:55:31
140950,1,파워 코스피100,77620,2,500,0.65,77463.0,-14.2978,2491,193,435,2026-08-10 02:55:31
0141T0,6,SOL 중기종합채권(AA-이상)액티브,50295,2,5,0.01,50295.0,0.4694,1,0,434,2026-08-10 02:55:31
442090,2,에셋플러스 코리아대장장이액티브,28750,2,935,3.36,28782.0,-16.4213,3173,89,431,2026-08-10 02:55:31
456680,4,TIGER 차이나전기차레버리지(합성),7230,2,45,0.63,7237.0,-42.52,5206,37,429,2026-08-10 02:55:31
440650,6,ACE 미국달러단기채권액티브,11865,5,-10,-0.08,11863.0,-1.6971,34742,411,427,2026-08-10 02:55:31
253150,3,PLUS 200선물레버리지,170585,2,2135,1.27,170317.0,-40.5002,31210,5315,426,2026-08-10 02:55:31
429760,4,PLUS 미국S&P500,20260,2,95,0.47,20265.0,2.3851,871,17,425,2026-08-10 02:55:31
139280,2,TIGER 경기방어,12940,5,-65,-0.5,12958.0,-2.1362,13009,168,424,2026-08-10 02:55:31
261120,7,TIGER 미국달러선물인버스2X,5040,2,5,0.1,5047.0,4.569,9371,47,423,2026-08-10 02:55:31
442260,1,마이티 다이나믹퀀트액티브,33945,5,-95,-0.28,34186.0,-15.8676,60,2,421,2026-08-10 02:55:31
0191M0,6,마이티 5월만기자동연장특수채(AAA)액티브,100585,3,0,0.0,100604.0,,0,0,416,2026-08-10 02:55:31
473590,4,ACE 미국주식베스트셀러,18915,2,680,3.73,18806.0,-21.1289,3848,72,416,2026-08-10 02:55:31
152500,3,ACE 레버리지,37700,2,500,1.34,37616.0,-40.4419,21076,794,415,2026-08-10 02:55:31
375770,2,KODEX 탄소효율그린뉴딜,23000,2,385,1.7,22995.0,-13.837,104,2,414,2026-08-10 02:55:31
464470,6,PLUS 미국채30년액티브,49245,2,20,0.04,49320.0,-5.9189,2052,100,406,2026-08-10 02:55:31
487130,2,KoAct AI인프라액티브,26050,2,1140,4.58,26071.0,-27.6819,12035,309,404,2026-08-10 02:55:31
0189B0,5,TIGER 은액티브,8125,5,-15,-0.18,8113.0,-21.0093,48187,392,402,2026-08-10 02:55:31
322410,2,HANARO K고배당,22960,5,-130,-0.56,22965.0,-5.0293,8449,193,402,2026-08-10 02:55:31
400970,2,TIGER Fn메타버스,7825,2,45,0.58,7843.0,-9.4296,10831,84,399,2026-08-10 02:55:31
365000,2,TIGER 인터넷TOP10,3807,2,62,1.66,3814.0,-23.5715,319010,1202,398,2026-08-10 02:55:31
139320,5,TIGER 금은선물(H),18080,2,140,0.78,18138.0,-11.6039,9915,179,398,2026-08-10 02:55:31
491830,4,TIGER 미국AI반도체팹리스,23100,2,265,1.16,22986.0,7.3607,2929,67,393,2026-08-10 02:55:31
305050,1,ACE 코스피,65305,2,475,0.73,65594.0,-16.5262,1175,77,392,2026-08-10 02:55:31
183700,7,RISE 200채권혼합50,92400,2,180,0.2,92208.0,-6.6304,1337,123,388,2026-08-10 02:55:31
448570,1,FOCUS AI코리아액티브,28655,2,175,0.61,28761.0,-7.3822,230,6,387,2026-08-10 02:55:31
352540,7,KODEX 일본부동산리츠(H),11340,5,-5,-0.04,11380.0,-3.0233,4053,45,386,2026-08-10 02:55:31
437070,6,KODEX 아시아달러채권ESG플러스액티브,60840,5,-45,-0.07,60854.0,-3.2187,1503,91,385,2026-08-10 02:55:31
0186S0,7,1Q 코스닥150채권혼합50액티브,8640,2,410,4.98,8564.0,-16.1373,658988,5650,384,2026-08-10 02:55:31
475070,4,KoAct 글로벌친환경전력인프라액티브,31930,2,435,1.38,31819.0,-23.7963,1690,53,383,2026-08-10 02:55:31
147970,2,TIGER 모멘텀,79580,2,1480,1.9,79941.0,-18.5568,2859,226,382,2026-08-10 02:55:31
195930,4,TIGER 유로스탁스50(합성 H),23870,5,-160,-0.67,24014.0,10.3305,2121,50,382,2026-08-10 02:55:31
0207G0,2,SOL 우주항공밸류체인,7400,2,590,8.66,7399.0,,751337,5513,381,2026-08-10 02:55:31
498860,2,RISE 코리아금융고배당,16770,2,40,0.24,16763.0,-22.1444,14644,244,369,2026-08-10 02:55:31
450910,1,SOL 코스닥150,14400,2,1100,8.27,14372.0,-32.35,63291,898,369,2026-08-10 02:55:31
452250,6,ACE 미국30년국채선물레버리지(합성 H),4750,3,0,0.0,4788.0,-7.9458,940,4,368,2026-08-10 02:55:31
276970,4,KODEX 미국S&P500배당귀족커버드콜(합성 H),7825,2,35,0.45,7941.0,6.1999,4850,37,368,2026-08-10 02:55:31
472840,1,IBK 200,97750,2,770,0.79,98201.0,-15.3516,1451,142,367,2026-08-10 02:55:31
104530,2,KIWOOM 코리아고배당,17825,5,-5,-0.03,17824.0,-15.9343,6440,114,365,2026-08-10 02:55:31
0154F0,2,WON 초대형IB&금융지주,12290,5,-95,-0.77,12295.0,-17.9258,16186,198,363,2026-08-10 02:55:31
469050,4,RISE 미국반도체NYSE(H),32935,2,650,2.01,32727.0,6.1204,11749,386,362,2026-08-10 02:55:31
292770,6,KODEX 국채선물3년인버스,57465,3,0,0.0,57533.0,0.3317,0,0,362,2026-08-10 02:55:31
0085N0,6,ACE 미국10년국채액티브(H),9770,2,10,0.1,9775.0,-1.4115,27424,267,361,2026-08-10 02:55:31
292560,7,TIGER 일본엔선물,8285,5,-15,-0.18,8273.0,-3.4323,13430,111,356,2026-08-10 02:55:31
352560,7,KODEX 미국부동산리츠(H),12500,2,30,0.24,12522.0,0.6369,1501,18,356,2026-08-10 02:55:31
449690,4,TIGER 한중반도체(합성),47495,2,60,0.13,47438.0,-5.9296,22,1,356,2026-08-10 02:55:31
415920,5,PLUS 글로벌희토류&전략자원생산기업,7525,2,205,2.8,7498.0,-31.9387,63290,474,354,2026-08-10 02:55:31
0209Z0,2,ACE 코리아AI전력TOP10,6995,2,175,2.57,6994.0,,152897,1063,353,2026-08-10 02:55:31
276650,4,RISE 글로벌테크놀로지(합성 H),46730,2,210,0.45,46654.0,4.3517,33,1,350,2026-08-10 02:55:31
459560,4,KODEX 테슬라밸류체인FactSet,22560,2,440,1.99,22508.0,-9.6019,1199,26,350,2026-08-10 02:55:31
322400,2,HANARO e커머스,10430,3,0,0.0,10463.0,-11.1585,241,2,349,2026-08-10 02:55:31
275280,2,KODEX 모멘텀주,38690,2,660,1.74,38673.0,-15.9538,6106,235,348,2026-08-10 02:55:31
465350,3,RISE 2차전지TOP10인버스(합성),17390,5,-485,-2.71,17481.0,43.5742,41496,736,348,2026-08-10 02:55:31
381560,2,HANARO Fn전기&수소차,17370,2,170,0.99,17406.0,-11.8381,3123,53,347,2026-08-10 02:55:31
227540,2,TIGER 200 헬스케어,19955,2,390,1.99,19961.0,-4.0226,25142,496,347,2026-08-10 02:55:31
0023B0,4,PLUS 미국양자컴퓨팅TOP10,17320,2,815,4.94,17228.0,-11.7144,21572,373,346,2026-08-10 02:55:31
465660,4,TIGER 일본반도체FACTSET,25555,2,510,2.04,25729.0,-3.0571,4774,121,345,2026-08-10 02:55:31
099140,4,KODEX 차이나H,22230,2,240,1.09,22229.0,-5.6684,518,11,345,2026-08-10 02:55:31
174360,4,RISE 중국본토대형주CSI100,24490,5,-10,-0.04,24450.0,-6.0763,1841,45,343,2026-08-10 02:55:31
476690,4,TIGER 글로벌비만치료제TOP2Plus,10870,2,105,0.98,10877.0,5.6585,9384,101,342,2026-08-10 02:55:31
241390,7,RISE V&S셀렉트밸류채권혼합,15505,2,160,1.04,15499.0,-7.344,1518,23,341,2026-08-10 02:55:31
407830,4,에셋플러스 글로벌플랫폼액티브,14205,2,310,2.23,14171.0,-11.8338,968,13,341,2026-08-10 02:55:31
385520,2,KODEX 자율주행액티브,15855,2,435,2.82,15860.0,-17.474,7998,124,341,2026-08-10 02:55:31
449780,4,KIWOOM 미국S&P500(H),18855,2,85,0.45,18858.0,4.2764,9802,184,339,2026-08-10 02:55:31
468630,6,KODEX iShares미국투자등급회사채액티브,11175,2,10,0.09,11181.0,-4.0212,33344,371,336,2026-08-10 02:55:31
0192L0,2,RISE SK하이닉스단일종목레버리지,6625,2,195,3.03,6659.0,,105478,699,336,2026-08-10 02:55:31
496770,4,PLUS 글로벌방산,19190,5,-10,-0.05,19203.0,4.3478,7664,146,336,2026-08-10 02:55:31
395290,2,HANARO Fn K-POP&미디어,5360,2,70,1.32,5353.0,-22.7174,15353,81,335,2026-08-10 02:55:31
256440,4,ACE MSCI인도네시아(합성),5470,5,-15,-0.27,5534.0,-16.7679,11232,61,334,2026-08-10 02:55:31
138910,5,KODEX 구리선물(H),10100,5,-210,-2.04,10097.0,7.62,34653,350,333,2026-08-10 02:55:31
0112X0,1,마이티 200TR,36960,2,10,0.03,37106.0,-14.7931,246,9,333,2026-08-10 02:55:31
459750,4,RISE 글로벌주식분산액티브,18385,2,110,0.6,18447.0,0.3308,2738,50,331,2026-08-10 02:55:31
266360,2,KODEX K콘텐츠,10270,5,-100,-0.96,10261.0,-11.3676,19950,204,329,2026-08-10 02:55:31
0192T0,2,SOL 코스닥TOP10,7805,2,685,9.62,7811.0,,649756,4989,328,2026-08-10 02:55:31
494410,4,PLUS 미국S&P500성장주,14855,2,110,0.75,14863.0,2.7904,1454,21,327,2026-08-10 02:55:31
0155N0,2,HANARO K휴머노이드테마TOP10,7930,2,325,4.27,7956.0,-22.1199,73251,568,325,2026-08-10 02:55:31
491090,4,KODEX 미국테크TOP3플러스,18575,2,125,0.68,18549.0,0.96,7904,146,325,2026-08-10 02:55:31
0089B0,7,PLUS 미국나스닥100미국채혼합50,11530,2,45,0.39,11533.0,-0.5285,5126,59,323,2026-08-10 02:55:31
122260,6,KIWOOM 통안채1년,104070,2,20,0.02,104049.0,0.5751,31,3,323,2026-08-10 02:55:31
474800,4,KIWOOM 미국원유에너지기업,14940,5,-200,-1.32,14881.0,-0.4571,26729,398,321,2026-08-10 02:55:31
153270,1,KIWOOM 코스피100,76290,2,860,1.14,76282.0,-14.8805,867,65,320,2026-08-10 02:55:31
0138T0,4,RISE 미국S&P500데일리고정커버드콜,9995,2,85,0.86,9953.0,1.9822,14210,141,320,2026-08-10 02:55:31
261140,2,TIGER 우선주,23480,5,-20,-0.09,23514.0,-16.9533,4660,109,319,2026-08-10 02:55:31
105780,2,RISE 5대그룹주,15900,2,140,0.89,15909.0,-11.2613,1188,18,318,2026-08-10 02:55:31
245350,4,TIGER 유로스탁스배당30,19865,5,-105,-0.53,19889.0,5.408,1212,24,318,2026-08-10 02:55:31
380340,2,ACE 코리아AI테크핵심산업,26380,2,375,1.44,26398.0,-0.4975,63249,1680,317,2026-08-10 02:55:31
494340,4,ACE 글로벌AI맞춤형반도체,21095,2,265,1.27,20974.0,5.0163,5613,118,316,2026-08-10 02:55:31
0155M0,4,ACE 미국SMR원자력TOP10,7600,2,345,4.76,7569.0,-28.7329,21475,162,315,2026-08-10 02:55:31
464920,4,PLUS 일본반도체소부장,25170,2,570,2.32,25447.0,-5.4029,3751,94,315,2026-08-10 02:55:31
0204S0,1,TIGER 코스닥액티브,7060,2,530,8.12,7053.0,,140237,970,314,2026-08-10 02:55:31
476070,4,KODEX 글로벌비만치료제TOP2 Plus,11580,2,180,1.58,11610.0,5.9341,2750,31,313,2026-08-10 02:55:31
415340,4,KODEX 차이나과창판STAR50(합성),15095,5,-140,-0.92,15132.0,1.5328,10454,159,312,2026-08-10 02:55:31
426150,6,WON 대한민국국고채액티브,51290,5,-130,-0.25,51300.0,-3.762,7,0,309,2026-08-10 02:55:31
248270,4,TIGER S&P글로벌헬스케어(합성),26985,2,245,0.92,26740.0,9.2989,2243,60,308,2026-08-10 02:55:31
139270,2,TIGER 200 금융,16665,5,-225,-1.33,16667.0,-3.0859,15613,260,303,2026-08-10 02:55:31
0107F0,4,KIWOOM 미국고배당&AI테크,11840,2,5,0.04,11873.0,3.0963,5051,59,302,2026-08-10 02:55:31
387270,4,TIGER 글로벌이노베이션액티브,24950,2,395,1.61,24865.0,-8.0682,1915,47,302,2026-08-10 02:55:31
117460,2,KODEX 에너지화학,13850,2,150,1.09,13873.0,-26.5527,24894,340,301,2026-08-10 02:55:31
192720,2,파워 고배당저변동성,58540,5,-910,-1.53,58714.0,-2.1161,2273,133,299,2026-08-10 02:55:31
252710,3,TIGER 200선물인버스2X,104,3,0,0.0,104.0,-21.8046,96927931,10054,298,2026-08-10 02:55:31
395170,2,KODEX Top10동일가중,14805,2,10,0.07,14946.0,-22.9134,880,13,296,2026-08-10 02:55:31
0150K0,2,KoAct 수소전력ESS인프라액티브,10345,2,370,3.71,10373.0,-42.8039,61029,615,295,2026-08-10 02:55:31
271060,5,KODEX 3대농산물선물(H),8090,2,20,0.25,8125.0,-3.0049,14449,116,294,2026-08-10 02:55:31
414270,4,ACE 글로벌자율주행액티브,12490,2,230,1.88,12469.0,-12.4286,1259,15,294,2026-08-10 02:55:31
0192M0,2,RISE 삼성전자단일종목레버리지,9050,2,10,0.11,9056.0,,14695,135,292,2026-08-10 02:55:31
446690,4,KODEX 아시아AI반도체exChina액티브,58260,2,2200,3.92,58479.0,-9.9017,8069,466,291,2026-08-10 02:55:31
0137W0,4,KIWOOM 미국S&P500&GOLD,10715,2,40,0.37,10748.0,1.7156,2426,25,289,2026-08-10 02:55:31
475380,7,RISE 글로벌리얼티인컴,10685,5,-5,-0.05,10678.0,-5.8551,8502,90,288,2026-08-10 02:55:31
489290,4,WON 미국빌리어네어,15580,2,130,0.84,15561.0,-2.8302,1130,17,288,2026-08-10 02:55:31
450190,4,KODEX 한중반도체(합성),47940,2,240,0.5,47865.0,-6.2869,370,17,288,2026-08-10 02:55:31
253250,3,KIWOOM 200선물레버리지,84210,2,1295,1.56,83929.0,-40.2458,12918,1083,286,2026-08-10 02:55:31
0083S0,4,1Q 미국메디컬AI,10220,2,495,5.09,10225.0,-4.1749,4062,41,286,2026-08-10 02:55:31
145850,2,TREX 펀더멘탈 200,114075,3,0,0.0,112998.0,-3.7701,0,0,285,2026-08-10 02:55:31
419430,4,KODEX 차이나2차전지MSCI(합성),10145,2,30,0.3,10114.0,-20.4796,254,2,284,2026-08-10 02:55:31
0166N0,1,PLUS 코스닥150액티브,7470,2,490,7.02,7491.0,-40.8475,79739,585,284,2026-08-10 02:55:31
0047R0,4,RISE 팔란티어고정테크100,15760,2,540,3.55,15753.0,6.807,10457,164,284,2026-08-10 02:55:31
459790,4,KIWOOM 미국성장기업30액티브,20950,2,10,0.05,21034.0,-5.2704,56,1,283,2026-08-10 02:55:31
0223R0,4,TIGER 미국테크NYSE100액티브,9675,2,100,1.04,9629.0,,19725,189,280,2026-08-10 02:55:31
156080,1,KODEX MSCI Korea,46500,2,295,0.64,46800.0,-14.8653,994,46,279,2026-08-10 02:55:31
0164G0,4,RISE 차이나AI반도체TOP4Plus,13240,5,-365,-2.68,13274.0,1.19,16069,217,278,2026-08-10 02:55:31
245360,4,TIGER 차이나HSCEI,12855,2,195,1.54,12838.0,-5.8622,2223,28,276,2026-08-10 02:55:31
0218J0,7,RISE 미국우주&로봇TOP2미국채혼합50,8915,2,435,5.13,8880.0,,152527,1358,276,2026-08-10 02:55:31
275290,2,KODEX 가치주,30680,2,95,0.31,30904.0,-10.7338,407,12,276,2026-08-10 02:55:31
437350,6,RISE 미국단기투자등급회사채액티브,12505,5,-10,-0.08,12510.0,-2.2648,27859,348,275,2026-08-10 02:55:31
469790,2,KIWOOM 코리아테크TOP10,39250,2,355,0.91,39279.0,-7.5749,671,26,275,2026-08-10 02:55:31
261250,7,KODEX 미국달러선물레버리지,16690,5,-25,-0.15,16727.0,-4.5676,43080,714,274,2026-08-10 02:55:31
167860,6,KIWOOM 국고채10년레버리지,93520,5,-95,-0.1,93390.0,-3.1603,2,0,271,2026-08-10 02:55:31
223190,2,KODEX 200가치저변동,27105,5,-150,-0.55,27195.0,-7.9674,796,21,271,2026-08-10 02:55:31
493420,4,SOL 미국배당다우존스2호,12900,2,45,0.35,12900.0,4.3865,2625,33,271,2026-08-10 02:55:31
0115C0,4,RISE 미국고배당다우존스TOP10,11250,2,5,0.04,11258.0,4.3466,6778,75,270,2026-08-10 02:55:31
0013R0,7,RISE 테슬라미국채타겟커버드콜혼합(합성),7940,2,60,0.76,7939.0,-9.3277,8461,67,270,2026-08-10 02:55:31
0103T0,2,1Q K소버린AI,8695,2,65,0.75,8695.0,-6.7532,13625,117,270,2026-08-10 02:55:31
479850,2,HANARO K-뷰티,17950,5,-200,-1.1,17960.0,6.7647,53930,963,269,2026-08-10 02:55:31
0065G0,4,KODEX 차이나테크TOP10,9610,2,45,0.47,9673.0,-8.0904,925,8,269,2026-08-10 02:55:31
0152E0,2,SOL 배당성향탑픽액티브,11145,5,-20,-0.18,11170.0,-10.3062,9325,103,267,2026-08-10 02:55:31
440340,7,TIGER 글로벌멀티에셋TIF액티브,12360,2,80,0.65,12332.0,-0.8853,2223,27,266,2026-08-10 02:55:31
0093D0,7,KoAct 팔란티어밸류체인액티브,18265,2,575,3.25,18223.0,-1.256,8375,152,265,2026-08-10 02:55:31
289480,3,TIGER 200커버드콜,11495,2,95,0.83,11548.0,2.027,16917,194,264,2026-08-10 02:55:31
0184E0,7,1Q 200채권혼합50액티브,10545,2,35,0.33,10476.0,-5.1564,99777,1050,264,2026-08-10 02:55:31
483570,4,KCGI 미국S&P500 TOP10,16475,2,80,0.49,16413.0,-0.4856,1377,22,264,2026-08-10 02:55:31
461600,6,SOL 미국30년국채액티브(H),8365,2,20,0.24,8346.0,-3.7486,1290,10,263,2026-08-10 02:55:31
0097L0,7,KIWOOM 한국고배당&미국AI테크,12795,5,-75,-0.58,12864.0,-4.4406,3315,42,262,2026-08-10 02:55:31
368190,2,HANARO Fn K-뉴딜디지털플러스,8155,2,100,1.24,8194.0,-18.2234,11705,94,261,2026-08-10 02:55:31
0203S0,7,WON 삼성전자현대차채권혼합50,8410,2,40,0.48,8419.0,,40913,343,261,2026-08-10 02:55:31
117680,2,KODEX 철강,12400,2,415,3.46,12434.0,-32.2985,81072,994,260,2026-08-10 02:55:31
438320,4,TIGER 차이나항셍테크레버리지(합성 H),5925,2,165,2.86,5962.0,-15.1069,9058,53,260,2026-08-10 02:55:31
261060,2,TIGER 코스닥150IT,22390,2,1750,8.48,22408.0,-31.2115,25543,561,260,2026-08-10 02:55:31
0049K0,7,ACE 미국배당퀄리티채권혼합50,11315,5,-20,-0.18,11323.0,2.3776,10141,114,255,2026-08-10 02:55:31
185680,4,KODEX 미국S&P바이오(합성),47500,2,805,1.72,47631.0,9.0367,528,25,253,2026-08-10 02:55:31
0067V0,4,TIGER 차이나글로벌리더스TOP3+,10495,2,45,0.43,10513.0,-8.4939,2382,24,252,2026-08-10 02:55:31
277540,4,ACE 아시아TOP50,31395,2,60,0.19,31424.0,-5.8303,2209,69,251,2026-08-10 02:55:31
0193L0,2,PLUS 삼성전자선물단일종목인버스2X,13165,2,15,0.11,13176.0,,197099,2560,250,2026-08-10 02:55:31
388280,2,RISE K엔터&여행레저,7380,5,-15,-0.2,7374.0,-11.7015,6691,49,245,2026-08-10 02:55:31
269420,4,KODEX S&P글로벌인프라(합성),23015,2,35,0.15,23005.0,-5.0217,2557,58,245,2026-08-10 02:55:31
204450,4,KODEX 차이나H레버리지(H),2420,2,60,2.54,2427.0,-11.1112,10875,26,244,2026-08-10 02:55:31
195970,4,PLUS 선진국MSCI(합성 H),16705,2,190,1.15,16713.0,3.3802,3487,58,244,2026-08-10 02:55:31
481340,6,RISE 미국30년국채액티브,8860,2,30,0.34,8859.0,-6.9228,14608,129,244,2026-08-10 02:55:31
0190M0,4,KIWOOM 미국AI테크하이베타,9180,2,325,3.67,9082.0,,8836,80,243,2026-08-10 02:55:31
461450,1,KODEX 코스닥글로벌,16145,2,1150,7.67,16192.0,-25.8041,20091,318,242,2026-08-10 02:55:31
0221Z0,2,ACE K바이오코스닥액티브,12085,2,1085,9.86,12122.0,,256099,3004,242,2026-08-10 02:55:31
0144M0,4,KODEX 미국드론UAM TOP10,8460,2,225,2.73,8464.0,-6.6327,17532,148,241,2026-08-10 02:55:31
300950,2,KODEX 게임산업,5865,5,-30,-0.51,5855.0,-10.4784,24557,143,240,2026-08-10 02:55:31
280930,4,KODEX 미국러셀2000(H),17140,2,160,0.94,17162.0,3.0027,2412,41,240,2026-08-10 02:55:31
138230,7,KIWOOM 미국달러선물,16525,5,-35,-0.21,16564.0,-1.8085,229,3,240,2026-08-10 02:55:31
225130,4,ACE 골드선물 레버리지(합성 H),47810,2,810,1.72,47698.0,-19.9251,3579,171,239,2026-08-10 02:55:31
477730,4,KODEX 인도타타그룹,7945,2,10,0.13,7939.0,-2.1416,4431,35,238,2026-08-10 02:55:31
411540,1,SOL 200 Top10,16995,2,310,1.86,17002.0,-15.4671,1197,20,238,2026-08-10 02:55:31
457690,6,KODEX 33-06 국고채액티브,10535,3,0,0.0,10538.0,-0.6133,336,3,237,2026-08-10 02:55:31
496120,1,ACE 코리아밸류업,31505,2,175,0.56,31513.0,-8.1522,1697,53,236,2026-08-10 02:55:31
469160,4,ACE 일본반도체,26120,2,305,1.18,26053.0,-1.6197,4572,118,235,2026-08-10 02:55:31
139250,2,TIGER 200 에너지화학,17145,2,75,0.44,17166.0,-20.0548,36147,612,233,2026-08-10 02:55:31
300640,2,RISE 게임테마,6745,3,0,0.0,6736.0,-11.3084,2327,15,233,2026-08-10 02:55:31
0206G0,7,1Q 현대차기아채권혼합50,8310,2,50,0.61,8325.0,,139602,1156,233,2026-08-10 02:55:31
442550,7,RISE TDF2030액티브 적격,14915,2,50,0.34,14816.0,-0.4286,4642,69,231,2026-08-10 02:55:31
0047P0,4,RISE 테슬라고정테크100,14795,2,215,1.47,14748.0,-2.0846,9710,143,229,2026-08-10 02:55:31
433220,4,에셋플러스 글로벌대장장이액티브,30985,2,170,0.55,30942.0,-9.341,57,1,229,2026-08-10 02:55:31
471460,6,KIWOOM 국고채30년액티브,45730,5,-375,-0.81,45840.0,-10.2724,360,16,229,2026-08-10 02:55:31
364990,2,TIGER 게임TOP10,4990,5,-40,-0.8,4988.0,-11.1308,44579,222,227,2026-08-10 02:55:31
447660,7,PLUS 애플채권혼합,13755,2,5,0.04,13765.0,2.9469,11249,154,227,2026-08-10 02:55:31
0186L0,4,KoAct 미국로봇피지컬AI액티브,9770,2,35,0.36,9758.0,-6.3943,11729,113,225,2026-08-10 02:55:31
0177A0,2,WON 두산그룹포커스,8780,2,240,2.81,8789.0,-34.0286,78559,678,224,2026-08-10 02:55:31
292500,1,SOL KRX300,44480,2,260,0.59,44822.0,-16.1648,56,2,222,2026-08-10 02:55:31
0153X0,4,PLUS 미국고배당주액티브,11380,2,90,0.8,11384.0,4.5151,8087,92,222,2026-08-10 02:55:31
464600,2,SOL 자동차소부장Fn,23310,2,645,2.85,23326.0,-3.5122,2634,60,221,2026-08-10 02:55:31
0026E0,4,KODEX 미국S&P500버퍼3월액티브,11950,5,-30,-0.25,12019.0,1.1397,23,0,221,2026-08-10 02:55:31
463300,4,RISE 중국본토CSI300,13775,5,-85,-0.61,13805.0,-3.9413,255,3,220,2026-08-10 02:55:31
289250,2,TIGER MSCI KOREA ESG유니버설,31855,2,170,0.54,31962.0,-10.8853,9909,316,220,2026-08-10 02:55:31
239660,6,PLUS 우량회사채50,121565,2,10,0.01,121576.0,0.5792,666,80,219,2026-08-10 02:55:31
292160,1,TIGER KRX300,43690,2,215,0.49,44016.0,-15.968,568,24,218,2026-08-10 02:55:31
217770,5,TIGER 원유선물인버스(H),1380,5,-18,-1.29,1380.0,6.1503,56067,77,217,2026-08-10 02:55:31
159800,1,마이티 코스피100,77545,5,-145,-0.19,78262.0,-14.5043,11,0,217,2026-08-10 02:55:31
091220,2,TIGER 은행,16680,5,-605,-3.5,16709.0,6.1456,46471,776,217,2026-08-10 02:55:31
253290,7,RISE 헬스케어채권혼합,12000,2,125,1.05,12081.0,-4.9417,11764,140,216,2026-08-10 02:55:31
367740,2,HANARO Fn5G산업,39250,2,945,2.47,39336.0,-9.7645,2237,86,216,2026-08-10 02:55:31
0127R0,4,RISE 미국AI클라우드인프라,17230,2,530,3.17,16922.0,-5.3755,10122,172,215,2026-08-10 02:55:31
371450,4,TIGER 글로벌클라우드컴퓨팅INDXX,13785,2,185,1.36,13772.0,18.8291,14923,207,215,2026-08-10 02:55:31
304770,1,HANARO 코스닥150,14710,2,1080,7.92,14697.0,-31.9351,11809,170,215,2026-08-10 02:55:31
364690,1,KODEX 혁신기술테마액티브,35755,2,35,0.1,36095.0,-14.8256,1785,64,215,2026-08-10 02:55:31
169950,4,KODEX 차이나A50,26695,2,215,0.81,26608.0,-4.5766,1223,32,214,2026-08-10 02:55:31
0198D0,2,1Q SK하이닉스선물단일종목레버리지,6735,2,125,1.89,6787.0,,92505,619,213,2026-08-10 02:55:31
489000,6,PLUS 일본엔화초단기국채(합성),9465,5,-5,-0.05,9472.0,-3.6623,7102,67,208,2026-08-10 02:55:31
152380,6,KODEX 국채선물10년,65335,2,5,0.01,65310.0,-1.3515,534,34,208,2026-08-10 02:55:31
416090,4,ACE 중국과창판STAR50,13730,5,-110,-0.79,13653.0,0.6545,11523,159,206,2026-08-10 02:55:31
483330,4,ACE 마이크로소프트밸류체인액티브,15245,2,235,1.57,15184.0,5.2594,16764,255,206,2026-08-10 02:55:31
0223A0,2,RISE 코스닥커버드콜액티브,10760,2,925,9.41,10834.0,,208535,2243,204,2026-08-10 02:55:31
375760,2,HANARO 탄소효율그린뉴딜,22640,2,420,1.89,22641.0,-13.9145,42,0,204,2026-08-10 02:55:31
376410,2,TIGER 탄소효율그린뉴딜,22590,2,20,0.09,22779.0,-13.1049,339,7,203,2026-08-10 02:55:31
404260,2,KODEX 기후변화솔루션,22585,2,240,1.07,22603.0,-20.2962,3184,70,203,2026-08-10 02:55:31
226980,1,KODEX 200 중소형,22580,2,310,1.39,22625.0,-23.7552,13746,307,203,2026-08-10 02:55:31
0104P0,2,TIGER 코리아배당다우존스위클리커버드콜,11265,5,-80,-0.71,11308.0,-4.4801,3703,41,203,2026-08-10 02:55:31
0198B0,2,1Q 삼성전자선물단일종목레버리지,9195,5,-40,-0.43,9262.0,,21489,200,201,2026-08-10 02:55:31
445910,2,TIGER MKF배당귀족,20950,2,105,0.5,20940.0,-7.9108,3857,80,199,2026-08-10 02:55:31
417630,2,TIGER KEDI혁신기업ESG30,18765,2,240,1.3,18803.0,-12.762,5894,110,197,2026-08-10 02:55:31
461910,4,PLUS 미국테크TOP10레버리지(합성),39290,2,35,0.09,39332.0,-5.2727,94,3,196,2026-08-10 02:55:31
497780,4,KoAct 미국천연가스인프라액티브,10555,5,-140,-1.31,10596.0,-4.8734,16739,173,195,2026-08-10 02:55:31
108590,1,TREX 200,97590,5,-265,-0.27,98311.0,-14.9315,41,4,195,2026-08-10 02:55:31
0018Z0,4,RISE 미국양자컴퓨팅,19230,2,500,2.67,19161.0,-2.6209,1978,38,192,2026-08-10 02:55:31
0104G0,2,PLUS K방산레버리지,7520,2,630,9.14,7567.0,-54.5065,163733,1209,192,2026-08-10 02:55:31
0203R0,6,WON 중단기종합채권(A-이상)액티브,50425,3,0,0.0,50446.0,,0,0,192,2026-08-10 02:55:31
236350,4,TIGER 인도니프티50레버리지(합성),30880,2,30,0.1,30685.0,-5.8447,81,2,191,2026-08-10 02:55:31
407310,1,HANARO 200 TOP10,16635,2,300,1.84,16643.0,-15.222,7262,119,191,2026-08-10 02:55:31
213630,4,PLUS 미국다우존스고배당주(합성 H),20760,5,-65,-0.31,20957.0,4.5431,6585,136,191,2026-08-10 02:55:31
337120,2,KODEX 멀티팩터,31665,2,265,0.84,31707.0,-15.965,333,10,190,2026-08-10 02:55:31
415760,4,SOL 차이나육성산업액티브(합성),13940,5,-145,-1.03,14079.0,1.7702,9007,127,190,2026-08-10 02:55:31
468370,6,KODEX iShares미국인플레이션국채액티브,10975,2,20,0.18,10982.0,-3.7405,7585,83,189,2026-08-10 02:55:31
487950,4,KODEX 대만테크고배당다우존스,12950,2,235,1.85,13003.0,1.6528,9322,120,188,2026-08-10 02:55:31
461900,4,PLUS 미국테크TOP10,23215,2,125,0.54,23164.0,-0.7309,430,9,186,2026-08-10 02:55:31
0105D0,2,SOL 한국AI소프트웨어,9695,2,90,0.94,9703.0,-4.7124,50929,491,184,2026-08-10 02:55:31
289040,2,KODEX MSCI KOREA ESG유니버설,30540,2,50,0.16,30732.0,-12.0209,5,0,183,2026-08-10 02:55:31
474920,4,에셋플러스 차이나일등기업포커스10액티브,19370,5,-125,-0.64,19438.0,9.4917,74,1,182,2026-08-10 02:55:31
284980,2,RISE 200금융,22100,5,-380,-1.69,22159.0,-3.2764,10977,241,181,2026-08-10 02:55:31
0216Z0,2,ACE K방산TOP5+,9785,2,585,6.36,9801.0,,93101,897,181,2026-08-10 02:55:31
0192S0,7,SOL 코스피200채권혼합50,9020,2,10,0.11,9025.0,,140611,1267,180,2026-08-10 02:55:31
449580,7,RISE 테슬라애플아마존채권혼합,16285,2,65,0.4,16282.0,-2.0817,2393,38,179,2026-08-10 02:55:31
419650,4,PLUS 글로벌수소&차세대연료전지,5380,2,85,1.61,5336.0,-28.2521,7120,37,178,2026-08-10 02:55:31
477490,4,에셋플러스 글로벌일등기업포커스10액티브,19700,2,105,0.54,19666.0,-7.5708,28,0,177,2026-08-10 02:55:31
385600,2,ACE 2차전지&친환경차액티브,11760,2,180,1.55,11800.0,-15.7512,17146,199,176,2026-08-10 02:55:31
195920,4,TIGER 일본TOPIX(합성 H),35215,2,240,0.69,35441.0,7.7314,325,11,176,2026-08-10 02:55:31
228820,1,TIGER KTOP30,17580,2,115,0.66,17559.0,-11.1282,15689,275,176,2026-08-10 02:55:31
460660,4,RISE 미국S&P배당킹,12440,3,0,0.0,12460.0,8.6309,5187,64,174,2026-08-10 02:55:31
183710,7,RISE 주식혼합,87010,2,555,0.64,86830.0,-10.3504,66,5,174,2026-08-10 02:55:31
445690,2,BNK 주주가치액티브,28965,5,-85,-0.29,29038.0,-13.4,100,2,174,2026-08-10 02:55:31
229720,1,KODEX KTOP30,34720,2,390,1.14,34789.0,-12.1136,494,17,174,2026-08-10 02:55:31
280320,4,ACE 미국IT인터넷(합성 H),21700,2,395,1.85,21769.0,5.4702,60,1,174,2026-08-10 02:55:31
304760,1,HANARO KRX300,43145,2,685,1.61,43164.0,-16.1563,38,1,173,2026-08-10 02:55:31
0086C0,7,TIGER 리츠부동산인프라10채권혼합액티브,9860,2,15,0.15,9889.0,-3.8385,6811,67,173,2026-08-10 02:55:31
276000,4,TIGER 글로벌자원생산기업(합성 H),20267,2,232,1.16,20184.0,-3.7473,259,5,172,2026-08-10 02:55:31
250730,4,RISE 차이나HSCEI(H),10050,3,0,0.0,10185.0,-3.1792,3076,30,171,2026-08-10 02:55:31
332620,6,PLUS 미국장기우량회사채,91175,2,65,0.07,91080.0,-5.33,63,5,170,2026-08-10 02:55:31
291130,4,ACE MSCI멕시코(합성),18875,2,215,1.15,18948.0,-6.066,36,0,170,2026-08-10 02:55:31
0224X0,7,1Q 엔비디아알파벳미국채혼합50,10290,2,135,1.33,10126.0,,121466,1242,170,2026-08-10 02:55:31
404120,2,TIME K신재생에너지액티브,24065,2,370,1.56,24049.0,-20.5799,1160,27,168,2026-08-10 02:55:31
0051A0,4,KoAct 브로드컴밸류체인액티브,25785,2,375,1.48,25637.0,2.3152,474,12,168,2026-08-10 02:55:31
225060,4,TIGER 이머징마켓MSCI레버리지(합성 H),15730,2,290,1.88,15828.0,-10.9317,405,6,167,2026-08-10 02:55:31
494420,2,PLUS 미국배당증가성장주데일리커버드콜,9775,2,45,0.46,9738.0,4.3543,5447,53,166,2026-08-10 02:55:31
453630,4,KODEX 미국S&P500필수소비재,12680,5,-60,-0.47,12726.0,-0.3285,5583,70,165,2026-08-10 02:55:31
453820,4,KODEX 인도Nifty50레버리지(합성),12615,5,-50,-0.39,12598.0,-5.7664,864,10,164,2026-08-10 02:55:31
432840,4,HANARO 미국S&P500,20455,2,80,0.39,20453.0,2.5872,5470,111,164,2026-08-10 02:55:31
0207Z0,4,KIWOOM 미국우주데이터센터인프라,7775,2,540,7.46,7672.0,,13744,106,163,2026-08-10 02:55:31
227830,1,PLUS 코스피,65175,2,365,0.56,65361.0,-16.0418,48,3,163,2026-08-10 02:55:31
0090B0,2,PLUS K방산소부장,7370,2,440,6.35,7391.0,-50.2156,59184,433,162,2026-08-10 02:55:31
488290,4,MIDAS 일본테크액티브,46157,2,997,2.21,46313.0,-3.5455,407,18,162,2026-08-10 02:55:31
491510,2,파워 K-주주가치액티브,17640,2,35,0.2,17694.0,-8.3935,4553,80,159,2026-08-10 02:55:31
131890,2,ACE 삼성그룹동일가중,39660,2,475,1.21,39718.0,-4.5665,115,4,159,2026-08-10 02:55:31
289260,2,TIGER MSCI KOREA ESG리더스,26440,5,-185,-0.69,26637.0,-8.0153,26,0,159,2026-08-10 02:55:31
265690,4,ACE 러시아MSCI(합성),8535,3,0,0.0,48.0,0.0,0,0,158,2026-08-10 02:55:31
292050,1,RISE KRX300,44750,2,250,0.56,45074.0,-16.3298,137,6,157,2026-08-10 02:55:31
391670,1,HK 베스트일레븐액티브,25815,2,30,0.12,25719.0,-11.4527,3007,76,155,2026-08-10 02:55:31
387280,2,TIGER 퓨처모빌리티액티브,11290,2,225,2.03,11312.0,-24.7791,1564,17,152,2026-08-10 02:55:31
0153P0,2,ACE 리츠부동산인프라액티브,9490,2,60,0.64,9510.0,-7.6685,38991,369,152,2026-08-10 02:55:31
114460,6,ACE 국고채3년,100795,2,5,0.0,100786.0,0.3594,147,14,151,2026-08-10 02:55:31
379790,4,RISE 유로스탁스50(H),17745,5,-225,-1.25,17724.0,9.8471,29914,533,151,2026-08-10 02:55:31
337150,2,KODEX 200exTOP,25115,2,215,0.86,25090.0,-15.7443,537,13,151,2026-08-10 02:55:31
438900,2,HANARO Fn K-푸드,11555,5,-40,-0.34,11567.0,-2.6374,21213,244,150,2026-08-10 02:55:31
102960,2,KODEX 기계장비,14000,2,410,3.02,14005.0,-38.2273,14750,203,148,2026-08-10 02:55:31
360150,2,KODEX 코스닥150롱코스피200숏선물,3615,2,260,7.75,3615.0,-25.6922,575796,2027,148,2026-08-10 02:55:31
104520,2,KIWOOM 블루칩,14795,5,-35,-0.24,14846.0,-9.1325,282,4,148,2026-08-10 02:55:31
453010,7,PLUS KOFR금리,109665,2,15,0.01,109674.0,0.6378,2392,262,147,2026-08-10 02:55:31
0193K0,2,PLUS 삼성전자단일종목레버리지,9780,5,-85,-0.86,9821.0,,7738,77,147,2026-08-10 02:55:31
0013P0,4,RISE 미국은행TOP10,13300,2,50,0.38,13327.0,11.0635,2957,39,146,2026-08-10 02:55:31
219390,4,RISE 미국S&P원유생산기업(합성 H),7305,2,65,0.9,7403.0,-3.9788,32881,240,146,2026-08-10 02:55:31
0127V0,4,KIWOOM 미국S&P500 TOP10&배당다우비중전환,11085,2,35,0.32,11085.0,0.6372,483,5,144,2026-08-10 02:55:31
465670,4,TIGER 미국캐시카우100,16920,2,370,2.24,16898.0,10.5596,9564,160,144,2026-08-10 02:55:31
0127T0,4,KIWOOM 미국S&P500&배당다우존스비중전환,11415,2,70,0.62,11403.0,2.7446,7890,89,143,2026-08-10 02:55:31
484890,6,SOL 머니마켓액티브,52445,3,0,0.0,52444.0,0.6718,7479,392,142,2026-08-10 02:55:31
396510,4,TIGER 차이나클린에너지SOLACTIVE,7695,3,0,0.0,7735.0,-15.3,1993,15,142,2026-08-10 02:55:31
413930,2,WON AI ESG액티브,25650,5,-15,-0.06,25811.0,-15.339,136,3,141,2026-08-10 02:55:31
0028X0,4,KODEX 미국금융테크액티브,12095,5,-15,-0.12,12136.0,10.2223,5248,63,139,2026-08-10 02:55:31
435040,4,ACE 글로벌브랜드TOP10,19765,2,70,0.36,19756.0,1.5192,362,7,138,2026-08-10 02:55:31
130680,5,TIGER 원유선물Enhanced(H),6425,2,120,1.9,6444.0,-12.0642,12051,77,138,2026-08-10 02:55:31
417450,4,RISE 글로벌수소경제,16160,2,50,0.31,16067.0,-22.366,718,11,137,2026-08-10 02:55:31
0088N0,2,WON K-글로벌수급상위,10545,2,425,4.2,10574.0,-32.6232,3279,34,137,2026-08-10 02:55:31
0015F0,7,KIWOOM 팔란티어미국30년국채혼합액티브(H),10510,2,240,2.34,10558.0,2.71,6234,65,137,2026-08-10 02:55:31
300610,2,TIGER K게임,5690,5,-50,-0.87,5705.0,-11.2143,13787,78,137,2026-08-10 02:55:31
266410,2,KODEX 필수소비재,9740,5,-205,-2.06,9756.0,0.5565,17362,168,136,2026-08-10 02:55:31
244620,2,KODEX 모멘텀Plus,19440,2,835,4.49,19611.0,-23.9682,5021,95,136,2026-08-10 02:55:31
234310,2,RISE V&S셀렉트밸류,27200,2,195,0.72,27311.0,-15.8199,5,0,136,2026-08-10 02:55:31
489860,4,KIWOOM 글로벌전력GRID인프라,15980,2,15,0.09,15974.0,-7.4617,852,13,136,2026-08-10 02:55:31
404650,2,SOL KRX기후변화솔루션,22605,2,285,1.28,22599.0,-20.9199,2022,45,136,2026-08-10 02:55:31
373490,2,KODEX 코리아혁신성장액티브,24625,2,675,2.82,24693.0,-27.2479,580,14,135,2026-08-10 02:55:31
0220A0,7,KIWOOM 현대차그룹TOP3채권혼합50,9555,2,80,0.84,9560.0,,47900,456,134,2026-08-10 02:55:31
0004G0,4,1Q 미국배당TOP30,9550,2,35,0.37,9534.0,8.9226,10214,97,134,2026-08-10 02:55:31
266390,2,KODEX 경기소비재,14625,5,-125,-0.85,14634.0,18.7004,11148,162,132,2026-08-10 02:55:31
472720,1,TRUSTON 주주가치액티브,25020,2,130,0.52,25125.0,-17.8006,762,19,130,2026-08-10 02:55:31
496130,1,TRUSTON 코리아밸류업액티브,23955,3,0,0.0,24044.0,-15.008,1052,25,129,2026-08-10 02:55:31
0008E0,4,ACE 미국중심중소형제조업,13580,2,255,1.91,13600.0,-9.8749,176,2,129,2026-08-10 02:55:31
428560,4,KODEX 미국ETF산업Top10 Indxx,16015,5,-45,-0.28,16119.0,1.441,1960,31,128,2026-08-10 02:55:31
435550,7,KIWOOM TDF2050액티브 적격,18300,2,60,0.33,18326.0,-0.4798,3136,57,128,2026-08-10 02:55:31
453660,4,KODEX 미국S&P500경기소비재,18295,2,260,1.44,18319.0,-3.4411,1242,22,128,2026-08-10 02:55:31
290080,3,RISE 200고배당커버드콜ATM,7195,5,-200,-2.7,7348.0,3.9959,22987,164,126,2026-08-10 02:55:31
176950,6,KODEX 국채선물10년인버스,59850,2,40,0.07,59898.0,2.2742,5,0,126,2026-08-10 02:55:31
400570,4,KODEX 유럽탄소배출권선물ICE(H),11395,2,45,0.4,11475.0,9.0821,962,10,125,2026-08-10 02:55:31
363510,6,SOL KIS단기통안채,111980,3,0,0.0,111993.0,0.5702,0,0,124,2026-08-10 02:55:31
0000H0,2,KODEX 인도Nifty미드캡100,10800,5,-30,-0.28,10801.0,-0.1388,3051,32,124,2026-08-10 02:55:31
269370,4,TIGER S&P글로벌인프라(합성),17725,5,-45,-0.25,17705.0,-3.8336,342,6,124,2026-08-10 02:55:31
332610,6,PLUS 미국단기회사채(AAA~A),128895,5,-110,-0.09,128935.0,-1.8571,56,7,124,2026-08-10 02:55:31
269530,4,PLUS S&P글로벌인프라,20540,5,-270,-1.3,20657.0,-3.4379,3020,61,123,2026-08-10 02:55:31
137610,5,TIGER 농산물선물Enhanced(H),5340,2,50,0.95,5362.0,-2.2182,5074,27,123,2026-08-10 02:55:31
280920,2,PLUS 주도업종,22315,2,95,0.43,22472.0,-17.719,1429,32,123,2026-08-10 02:55:31
410870,2,TIME K컬처액티브,10215,2,165,1.64,10192.0,-11.3757,5084,51,123,2026-08-10 02:55:31
453060,6,HANARO KOFR금리액티브(합성),111210,2,5,0.0,111221.0,0.6607,114,12,122,2026-08-10 02:55:31
251590,2,PLUS 고배당저변동50,17370,2,50,0.29,17357.0,-5.1997,3209,55,122,2026-08-10 02:55:31
0084E0,7,KIWOOM 미국대형주500월간목표헤지액티브,10555,2,35,0.33,10582.0,-0.4434,4,0,121,2026-08-10 02:55:31
485810,4,TIME 글로벌바이오액티브,11030,2,190,1.75,11033.0,7.3267,3894,42,121,2026-08-10 02:55:31
464610,2,SOL 의료기기소부장Fn,8350,2,275,3.41,8349.0,-12.6083,26744,218,121,2026-08-10 02:55:31
457700,6,KODEX 53-09 국고채액티브,9160,5,-55,-0.6,9174.0,-9.7012,2701,24,121,2026-08-10 02:55:31
279540,2,KODEX 최소변동성,20145,2,140,0.7,20293.0,-13.8736,4,0,121,2026-08-10 02:55:31
498050,2,HANARO 바이오코리아액티브,12065,2,725,6.39,12089.0,-21.4682,5398,64,121,2026-08-10 02:55:31
0224D0,4,KIWOOM 미국CPU반도체TOP4+,9995,2,70,0.71,9969.0,,33281,331,120,2026-08-10 02:55:31
354240,7,RISE 미국고정배당우선증권,10900,5,-60,-0.55,10885.0,-4.6128,1779,19,120,2026-08-10 02:55:31
140580,2,RISE 우량업종대표주,23935,2,305,1.29,24062.0,-13.9633,3420,81,120,2026-08-10 02:55:31
448490,6,HANARO 32-10 국고채액티브,53155,5,-40,-0.08,53096.0,-1.4908,122,6,119,2026-08-10 02:55:31
371870,4,ACE 차이나항셍테크,7440,2,90,1.22,7401.0,-6.9621,6138,45,119,2026-08-10 02:55:31
0093B0,4,RISE 엔비디아고정테크100,13220,2,170,1.3,13198.0,3.8143,376,4,119,2026-08-10 02:55:31
395760,2,PLUS ESG성장주액티브,19830,2,450,2.32,19882.0,-17.4441,4,0,119,2026-08-10 02:55:31
419420,4,KODEX 미국클린에너지나스닥,9875,2,175,1.8,9848.0,-16.0073,671,6,119,2026-08-10 02:55:31
0094L0,4,RISE 차이나테크TOP10위클리타겟커버드콜,8415,5,-20,-0.24,8325.0,-6.0174,358,3,118,2026-08-10 02:55:31
451600,6,PLUS 국고채30년액티브,84555,5,-365,-0.43,84481.0,-10.6059,4,0,116,2026-08-10 02:55:31
463640,4,KODEX 미국S&P500유틸리티,14355,2,110,0.77,14277.0,-6.1541,1446,20,115,2026-08-10 02:55:31
0222D0,2,KoAct 고배당액티브,10420,5,-135,-1.28,10438.0,,43189,448,115,2026-08-10 02:55:31
451150,4,에셋플러스 글로벌영에이지액티브,18420,2,95,0.52,18412.0,0.0,10,0,114,2026-08-10 02:55:31
0001P0,2,마이티 바이오시밀러&CDMO액티브,10160,2,670,7.06,10143.0,-24.5628,3568,35,114,2026-08-10 02:55:31
430500,7,KIWOOM 물가채KIS,112905,5,-310,-0.27,112901.0,-0.4441,165,18,113,2026-08-10 02:55:31
0208N0,1,IBK 코스피액티브,6840,2,70,1.03,6852.0,,762,5,113,2026-08-10 02:55:31
409810,4,KODEX 미국나스닥100선물인버스(H),5465,5,-60,-1.09,5475.0,-3.24,49982,273,112,2026-08-10 02:55:31
0067Y0,4,TIGER 차이나AI소프트웨어,11790,5,-35,-0.3,11794.0,-10.2127,16789,198,112,2026-08-10 02:55:31
252650,1,KODEX 200동일가중,18615,2,150,0.81,18652.0,-14.7608,22656,417,112,2026-08-10 02:55:31
310080,4,RISE 중국MSCI China(H),9657,2,122,1.28,9680.0,-5.7807,4277,41,111,2026-08-10 02:55:31
446700,2,RISE 배터리 리사이클링,10280,2,310,3.11,10314.0,-35.3438,2650,26,111,2026-08-10 02:55:31
407820,2,에셋플러스 코리아플랫폼액티브,6165,2,110,1.82,6173.0,-29.3054,86,0,111,2026-08-10 02:55:31
487750,2,BNK 온디바이스AI,27710,2,855,3.18,27758.0,-18.2994,1234,33,111,2026-08-10 02:55:31
494180,4,TIME 글로벌소비트렌드액티브,13810,2,95,0.69,13834.0,-1.8605,191,2,110,2026-08-10 02:55:31
456250,4,KODEX 유럽명품TOP10 STOXX,9547,5,-18,-0.19,9561.0,3.5539,608,5,110,2026-08-10 02:55:31
385710,2,TIME K이노베이션액티브,10960,2,150,1.39,10991.0,-28.5762,1609,17,110,2026-08-10 02:55:31
0191S0,1,IBK 코스닥150,14810,2,1140,8.34,14809.0,,10869,158,110,2026-08-10 02:55:31
0068M0,4,KODEX 미국S&P500버퍼6월액티브,12150,2,235,1.97,12164.0,0.1351,1,0,109,2026-08-10 02:55:31
0002C0,4,에셋플러스 인도일등기업포커스20액티브,10080,2,60,0.6,10089.0,3.2989,115,1,109,2026-08-10 02:55:31
354350,4,HANARO 글로벌럭셔리S&P(합성),20930,2,320,1.55,20976.0,-0.097,71,1,109,2026-08-10 02:55:31
140710,2,KODEX 운송,6385,5,-125,-1.92,6392.0,-5.7196,7266,46,109,2026-08-10 02:55:31
461580,1,TIGER 코스닥글로벌,16490,2,1305,8.59,16525.0,-26.143,41883,679,107,2026-08-10 02:55:31
166400,3,TIGER 200커버드콜OTM,21400,2,215,1.01,21494.0,-9.1577,100,2,107,2026-08-10 02:55:31
487910,4,ACE 인도컨슈머파워액티브,8845,5,-15,-0.17,8873.0,0.1695,581,5,106,2026-08-10 02:55:31
0214M0,2,MIDAS 바이오헬스케어액티브,12320,2,820,7.13,12279.0,,579,6,105,2026-08-10 02:55:31
460270,6,KIWOOM 미국달러SOFR금리액티브(합성),12835,5,-30,-0.23,12849.0,-1.0766,891,11,104,2026-08-10 02:55:31
0194R0,2,KIWOOM SK하이닉스선물단일종목레버리지,6385,2,215,3.48,6419.0,,9008,58,104,2026-08-10 02:55:31
301400,1,PLUS 코스닥150,14810,2,1110,8.1,14835.0,-32.5456,14857,213,104,2026-08-10 02:55:31
429010,4,TIGER 미국나스닥넥스트100,20735,2,470,2.32,20598.0,5.1907,1692,34,104,2026-08-10 02:55:31
237440,7,TIGER 경기방어채권혼합,10365,5,-25,-0.24,10363.0,0.0963,17422,179,104,2026-08-10 02:55:31
181480,7,ACE 미국부동산리츠(합성 H),86310,2,1165,1.37,86201.0,0.1787,21,1,104,2026-08-10 02:55:31
117690,4,TIGER 차이나항셍30,20400,2,85,0.42,20667.0,-6.5118,1036,21,102,2026-08-10 02:55:31
140570,2,RISE 수출주,25380,2,505,2.03,25404.0,-18.6826,85,2,102,2026-08-10 02:55:31
0189Z0,2,DAISHIN343 금융&지주고배당,10150,5,-160,-1.55,10223.0,,9672,99,102,2026-08-10 02:55:31
0120J0,2,BNK 카카오그룹포커스,8090,5,-20,-0.25,8097.0,-15.4769,27037,216,101,2026-08-10 02:55:31
0113G0,4,KoAct 미국바이오헬스케어액티브,11200,2,275,2.52,11201.0,9.8541,9146,102,101,2026-08-10 02:55:31
0174R0,4,KIWOOM 미국성장다우존스,11780,2,90,0.77,11742.0,2.2308,2236,26,100,2026-08-10 02:55:31
463690,4,KODEX 미국S&P500커뮤니케이션,18180,5,-15,-0.08,18225.0,-7.3896,1039,18,100,2026-08-10 02:55:31
399580,4,RISE 글로벌클린에너지,9865,2,40,0.41,9859.0,-16.2488,1457,14,99,2026-08-10 02:55:31
281990,2,RISE 중소형고배당,17880,5,-5,-0.03,17941.0,-12.3562,58,1,98,2026-08-10 02:55:31
0222F0,2,마이티 AI데이터센터밸류체인,12140,2,150,1.25,12139.0,,26303,318,97,2026-08-10 02:55:31
252000,1,TIGER 200동일가중,19415,2,70,0.36,19526.0,-14.8336,4758,92,97,2026-08-10 02:55:31
371150,4,RISE 차이나항셍테크,7415,2,130,1.78,7382.0,-7.8644,1377,10,96,2026-08-10 02:55:31
0226G0,2,WON 피지컬AI TOP2플러스액티브,11975,2,315,2.7,11977.0,,21243,250,96,2026-08-10 02:55:31
482030,2,KoAct 반도체&2차전지핵심소재액티브,9070,2,445,5.16,9067.0,-40.9247,17255,152,95,2026-08-10 02:55:31
0203D0,7,PLUS 200위클리커버드콜채권혼합,8645,2,30,0.35,8649.0,,4431,38,95,2026-08-10 02:55:31
449680,7,TIGER 한중전기차(합성),11180,2,365,3.37,11150.0,-30.0453,117,1,95,2026-08-10 02:55:31
0133E0,4,TIGER 차이나증권,9045,2,60,0.67,9092.0,-1.8033,11175,100,95,2026-08-10 02:55:31
0219B0,2,KoAct 광통신&위성네트워크액티브,11855,2,950,8.71,11894.0,,99080,1154,95,2026-08-10 02:55:31
0084D0,7,KIWOOM 미국테크100월간목표헤지액티브,11795,2,85,0.73,11752.0,0.1156,6,0,94,2026-08-10 02:55:31
375270,7,RISE 글로벌데이터센터리츠(합성),14435,5,-15,-0.1,14352.0,-11.2408,711,10,94,2026-08-10 02:55:31
395150,2,KODEX 웹툰&드라마,1952,2,7,0.36,1952.0,-20.6123,10246,19,94,2026-08-10 02:55:31
480460,7,WON 한국부동산TOP3플러스,9290,2,25,0.27,9319.0,-7.5605,9,0,93,2026-08-10 02:55:31
341850,7,TIGER 리츠부동산인프라채권,4590,2,40,0.88,4590.0,-5.4381,1863,8,92,2026-08-10 02:55:31
0216K0,7,KIWOOM 미국우주테크TOP2채권혼합50,9140,2,665,7.85,9030.0,,60801,555,91,2026-08-10 02:55:31
497510,4,ACE 글로벌빅파마,13030,2,110,0.85,13033.0,7.3653,548,7,91,2026-08-10 02:55:31
0215T0,4,HANARO 미국AI광통신TOP10,10080,2,550,5.77,9910.0,,55964,563,91,2026-08-10 02:55:31
404540,2,TIGER KRX기후변화솔루션,22660,2,415,1.87,22723.0,-21.0888,13470,302,91,2026-08-10 02:55:31
429980,7,SOL 한국형글로벌전기차&2차전지액티브,18045,2,700,4.04,17578.0,-13.5129,52,0,90,2026-08-10 02:55:31
435540,7,KIWOOM TDF2040액티브 적격,17800,2,50,0.28,17780.0,-0.0782,811,14,89,2026-08-10 02:55:31
105010,4,TIGER 라틴35,6350,5,-115,-1.78,6379.0,-9.0201,2656,16,89,2026-08-10 02:55:31
230480,7,KIWOOM 미국달러선물인버스2X,4420,2,20,0.45,4419.0,4.2654,129,0,89,2026-08-10 02:55:31
0184N0,7,PLUS 은채권혼합,8780,5,-5,-0.06,8813.0,,21907,192,88,2026-08-10 02:55:31
215620,2,HK S&P코리아로우볼,16255,2,55,0.34,16403.0,-8.8608,4665,76,88,2026-08-10 02:55:31
139240,2,TIGER 200 철강소재,11180,2,445,4.15,11176.0,-31.6243,29864,329,87,2026-08-10 02:55:31
270800,2,RISE KQ고배당,15855,2,385,2.49,15896.0,-13.8348,421,6,87,2026-08-10 02:55:31
497520,4,ACE 일라이릴리밸류체인,13375,2,170,1.29,13382.0,7.5325,430,5,87,2026-08-10 02:55:31
395280,2,HANARO Fn K-게임,3695,5,-15,-0.4,3698.0,-9.6225,2046,7,87,2026-08-10 02:55:31
0219Z0,4,HANARO 미국S&P500액티브,10770,2,165,1.56,10806.0,,9205,98,86,2026-08-10 02:55:31
462340,4,에셋플러스 글로벌다이나믹시니어액티브,17140,2,305,1.81,17061.0,6.181,4,0,86,2026-08-10 02:55:31
381570,2,HANARO Fn친환경에너지,10000,2,145,1.47,10005.0,-33.7479,15669,154,85,2026-08-10 02:55:31
487920,4,ACE 인도시장대표BIG5그룹액티브,8415,2,15,0.18,8419.0,-1.5818,683,5,84,2026-08-10 02:55:31
174350,2,TIGER 로우볼,20980,5,-190,-0.9,21030.0,2.2108,3312,70,84,2026-08-10 02:55:31
261110,7,TIGER 미국달러선물레버리지,16750,5,-40,-0.24,16768.0,-4.3305,5117,85,84,2026-08-10 02:55:31
182490,6,TIGER 단기선진하이일드(합성 H),13910,2,15,0.11,13869.0,0.6519,7,0,83,2026-08-10 02:55:31
466810,2,BNK 2차전지양극재,5655,2,150,2.72,5655.0,-41.4362,49986,274,82,2026-08-10 02:55:31
217780,4,TIGER 차이나CSI300인버스(합성),5230,2,5,0.1,5299.0,4.0836,2177,11,81,2026-08-10 02:55:31
457930,2,BNK 미래전략기술액티브,26955,2,760,2.9,27037.0,-22.5344,4,0,81,2026-08-10 02:55:31
0082F0,4,HANARO 유럽방산,11495,5,-5,-0.04,11491.0,4.4504,220,2,80,2026-08-10 02:55:31
225800,7,KIWOOM 미국달러선물레버리지,15750,5,-45,-0.28,15779.0,-4.6772,55,0,80,2026-08-10 02:55:31
0166T0,4,PLUS 글로벌저작권핵심기업액티브,9955,2,155,1.58,10038.0,-2.3419,619,6,80,2026-08-10 02:55:31
494210,4,SOL 미국500타겟데일리커버드콜액티브,11305,2,50,0.44,11306.0,2.4809,4684,52,79,2026-08-10 02:55:31
0194N0,2,KIWOOM 삼성전자선물단일종목레버리지,9005,3,0,0.0,9054.0,,11279,105,79,2026-08-10 02:55:31
435530,7,KIWOOM TDF2030액티브 적격,15745,2,30,0.19,15734.0,-0.6328,687,10,79,2026-08-10 02:55:31
0218K0,2,BNK 스마트카,10485,2,150,1.45,10551.0,,88,0,79,2026-08-10 02:55:31
390400,4,KODEX 미국스마트모빌리티S&P,7860,2,240,3.15,7840.0,-5.4494,1346,10,79,2026-08-10 02:55:31
253280,2,RISE 헬스케어,14265,2,670,4.93,14252.0,-14.7649,27696,391,78,2026-08-10 02:55:31
189400,4,PLUS 글로벌MSCI(합성 H),26140,2,150,0.58,26146.0,3.7939,75,1,78,2026-08-10 02:55:31
256450,4,PLUS 심천차이넥스트(합성),15675,5,-285,-1.79,15741.0,-8.5387,914,14,78,2026-08-10 02:55:31
0172Y0,2,ACE K수출핵심TOP10산업액티브,9135,2,225,2.53,9142.0,-25.595,2296,20,78,2026-08-10 02:55:31
0094X0,4,1Q 샤오미밸류체인액티브,8625,5,-55,-0.63,8630.0,-13.1304,1215,10,78,2026-08-10 02:55:31
225050,4,TIGER 유로스탁스레버리지(합성 H),17250,2,235,1.38,17229.0,15.2777,366,6,78,2026-08-10 02:55:31
0184V0,2,UNICORN K바이오액티브,7005,2,685,10.84,7021.0,,128477,886,77,2026-08-10 02:55:31
0005C0,6,RISE 미국S&P500엔화노출(합성 H),11750,2,95,0.82,11700.0,0.6476,68,0,76,2026-08-10 02:55:31
395750,2,PLUS ESG가치주액티브,19035,2,105,0.55,19178.0,-14.9405,2,0,76,2026-08-10 02:55:31
0047N0,4,PLUS 차이나AI테크TOP10,10850,2,65,0.6,10791.0,-5.1034,1958,21,76,2026-08-10 02:55:31
438740,2,MIDAS 중소형액티브,33620,2,1125,3.46,33709.0,-21.3101,7,0,76,2026-08-10 02:55:31
227570,2,TIGER 우량가치,20925,2,60,0.29,20929.0,-12.2767,5971,125,75,2026-08-10 02:55:31
488480,4,RISE 일본섹터TOP4Plus,13620,2,160,1.19,13585.0,-2.9433,388,5,75,2026-08-10 02:55:31
0138D0,2,RISE 동학개미,11490,2,375,3.37,11496.0,-37.4508,7706,87,75,2026-08-10 02:55:31
368680,2,KODEX K-뉴딜디지털플러스,8220,2,155,1.92,8254.0,-18.8866,124,1,74,2026-08-10 02:55:31
304670,6,KODEX 미국30년국채울트라선물인버스(H),12325,5,-25,-0.2,12329.0,4.3956,25,0,74,2026-08-10 02:55:31
450180,7,KODEX 한중전기차(합성),11375,2,60,0.53,11453.0,-28.3861,109,1,74,2026-08-10 02:55:31
285690,2,FOCUS ESG리더스,21020,3,0,0.0,20972.0,-13.6047,0,0,74,2026-08-10 02:55:31
437370,4,RISE 글로벌농업경제,10455,5,-110,-1.04,10475.0,-5.7887,5376,56,73,2026-08-10 02:55:31
326230,2,RISE 내수주플러스,11345,2,5,0.04,11373.0,-5.5,4,0,73,2026-08-10 02:55:31
400590,4,SOL 글로벌탄소배출권선물ICE(합성),14515,2,300,2.11,14535.0,5.2183,53,0,73,2026-08-10 02:55:31
402460,2,HANARO Fn K-메타버스MZ,14420,5,-20,-0.14,14432.0,16.1647,435,6,72,2026-08-10 02:55:31
139660,7,KIWOOM 미국달러선물인버스,8200,2,45,0.55,8191.0,2.0012,46,0,71,2026-08-10 02:55:31
244670,2,KODEX 밸류Plus,11720,2,150,1.3,11745.0,-9.9704,3650,42,70,2026-08-10 02:55:31
307510,2,TIGER 의료기기,13995,2,550,4.09,14000.0,-22.3741,4555,63,70,2026-08-10 02:55:31
139290,2,TIGER 200 경기소비재,26375,2,235,0.9,26518.0,-8.6174,10884,286,69,2026-08-10 02:55:31
429740,7,PLUS K리츠,6185,2,45,0.73,6200.0,-10.5042,18525,113,68,2026-08-10 02:55:31
0036Z0,4,RISE 미국천연가스밸류체인,12340,5,-160,-1.28,12279.0,-1.9762,1258,15,68,2026-08-10 02:55:31
316300,7,ACE 싱가포르리츠,13545,2,105,0.78,13547.0,-3.2983,837,11,68,2026-08-10 02:55:31
456200,6,PLUS 미국달러SOFR금리액티브(합성),61355,5,-10,-0.02,61265.0,-1.3187,4,0,67,2026-08-10 02:55:31
0087F0,4,ACE 차이나AI빅테크TOP2+액티브,13195,2,140,1.07,13065.0,3.6111,1102,14,66,2026-08-10 02:55:31
0102X0,4,ACE 유럽방산TOP10,9945,3,0,0.0,9993.0,-2.9504,628,6,65,2026-08-10 02:55:31
219900,4,ACE 중국본토CSI300레버리지(합성),4560,5,-15,-0.33,4588.0,-13.5978,2066,9,64,2026-08-10 02:55:31
315270,2,TIGER 200커뮤니케이션서비스,19885,5,-395,-1.95,19947.0,-7.38,6407,128,64,2026-08-10 02:55:31
272570,6,RISE 중장기국공채액티브,108075,5,-150,-0.14,108139.0,0.0508,33,3,63,2026-08-10 02:55:31
314700,2,HANARO 농업융복합산업,11205,2,50,0.45,11224.0,-18.9554,10267,115,62,2026-08-10 02:55:31
0114X0,4,RISE 글로벌게임테크TOP3Plus,8775,2,120,1.39,8814.0,7.3821,462,4,61,2026-08-10 02:55:31
451670,6,RISE 국채30년레버리지(합성),12250,5,-135,-1.09,12272.0,-23.0985,289,3,61,2026-08-10 02:55:31
483020,2,KIWOOM 의료AI,10125,2,265,2.69,10129.0,-23.9198,6440,64,61,2026-08-10 02:55:31
291890,4,KODEX MSCI EM선물(H),12105,2,120,1.0,12107.0,-4.1584,20,0,61,2026-08-10 02:55:31
0053M0,2,더제이 중소형포커스액티브,13305,2,290,2.23,13336.0,-20.8334,714,9,60,2026-08-10 02:55:31
400580,4,SOL 유럽탄소배출권선물S&P(H),11820,2,295,2.56,11817.0,8.0131,25,0,59,2026-08-10 02:55:31
401590,4,HANARO 글로벌탄소배출권선물ICE(합성),11585,2,110,0.96,11604.0,6.1517,58,0,59,2026-08-10 02:55:31
0191B0,1,MIDAS 코스닥액티브,29520,2,2200,8.05,29804.0,,3939,114,59,2026-08-10 02:55:31
469530,3,RISE 미국달러선물인버스,9185,2,40,0.44,9166.0,2.2358,438,4,59,2026-08-10 02:55:31
289670,6,PLUS 국채선물10년,52385,5,-5,-0.01,52352.0,-1.3371,342,17,59,2026-08-10 02:55:31
138920,5,KODEX 콩선물(H),11690,5,-10,-0.09,11722.0,-2.4187,233,2,58,2026-08-10 02:55:31
407300,2,HANARO Fn골프테마,10615,3,0,0.0,10687.0,-21.8398,0,0,58,2026-08-10 02:55:31
413220,4,SOL 차이나태양광CSI(합성),4815,5,-20,-0.41,4820.0,-23.7382,1322,6,58,2026-08-10 02:55:31
0176P0,2,FOCUS AI반도체위클리고정커버드콜,11535,2,445,4.01,11537.0,-17.4856,1042,11,58,2026-08-10 02:55:31
499150,4,SOL 미국S&P500엔화노출(H),11310,2,70,0.62,11297.0,0.0896,19,0,57,2026-08-10 02:55:31
291630,3,KIWOOM 코스닥150선물레버리지,3890,2,550,16.47,3887.0,-60.59,287833,1078,56,2026-08-10 02:55:31
476310,4,RISE 글로벌비만산업TOP2+,10205,2,120,1.19,10328.0,6.1146,75,0,56,2026-08-10 02:55:31
433250,1,UNICORN R&D 액티브,22305,2,270,1.23,22319.0,-15.6878,11,0,56,2026-08-10 02:55:31
220130,4,SOL 차이나강소기업CSI500(합성 H),6955,2,20,0.29,6948.0,-5.13,12515,86,56,2026-08-10 02:55:31
267450,6,RISE 미국장기국채선물인버스(H),11080,3,0,0.0,11114.0,2.4029,0,0,55,2026-08-10 02:55:31
432600,6,RISE 국채선물3년,55355,3,0,0.0,55350.0,0.6546,2,0,55,2026-08-10 02:55:31
470310,2,UNICORN 생성형AI강소기업액티브,18150,2,225,1.26,18138.0,1.9914,621,11,54,2026-08-10 02:55:31
474390,6,SOL 국고채30년액티브,40615,5,-230,-0.56,40611.0,-11.1196,84,3,54,2026-08-10 02:55:31
488200,2,KIWOOM K-2차전지북미공급망,12065,2,230,1.94,12079.0,-36.3541,8298,98,54,2026-08-10 02:55:31
483030,4,KIWOOM 미국블록버스터바이오테크의약품+,11885,2,120,1.02,11872.0,7.447,443,5,53,2026-08-10 02:55:31
0174J0,7,DAISHIN343 오피스리츠플러스,8895,2,70,0.79,8901.0,-9.1206,5007,44,53,2026-08-10 02:55:31
490330,4,KoAct 미국치매&뇌질환치료제액티브,15230,2,80,0.53,15275.0,17.4418,272,4,53,2026-08-10 02:55:31
261920,4,ACE MSCI필리핀(합성),13315,2,10,0.08,13299.0,1.3328,170,2,53,2026-08-10 02:55:31
0015E0,7,KIWOOM 엔비디아미국30년국채혼합액티브(H),10645,2,55,0.52,10638.0,-0.2816,2775,29,53,2026-08-10 02:55:31
321410,7,KODEX 멀티에셋하이인컴(H),10595,3,0,0.0,10719.0,0.2862,0,0,53,2026-08-10 02:55:31
411860,4,KIWOOM 독일DAX,17605,2,95,0.54,17626.0,0.1606,524,9,53,2026-08-10 02:55:31
0132D0,7,KoAct 글로벌K컬처밸류체인액티브,9545,2,70,0.74,9582.0,-2.7208,1231,11,52,2026-08-10 02:55:31
0073X0,5,FOCUS 알리바바미국채커버드콜혼합,9535,5,-5,-0.05,9559.0,-6.4893,60,0,52,2026-08-10 02:55:31
0128D0,4,PLUS 차이나항셍테크위클리타겟커버드콜,7480,2,60,0.81,7533.0,-6.9986,232,1,52,2026-08-10 02:55:31
250780,3,TIGER 코스닥150선물인버스,2350,5,-205,-8.02,2349.0,28.3274,561007,1343,52,2026-08-10 02:55:31
295000,6,RISE 국채선물10년,51705,5,-30,-0.06,51682.0,-1.3256,35,1,52,2026-08-10 02:55:31
252420,3,RISE 200선물인버스2X,103,3,0,0.0,102.0,-18.8977,433901,44,51,2026-08-10 02:55:31
498610,4,RISE 인도디지털성장,8545,5,-10,-0.12,8545.0,3.4234,133,1,51,2026-08-10 02:55:31
0078V0,4,PLUS 미국로보택시,10230,2,400,4.07,10230.0,-13.772,625,6,51,2026-08-10 02:55:31
0154H0,4,KoAct 차이나바이오헬스케어액티브,9130,2,365,4.16,9143.0,-4.7283,15567,140,50,2026-08-10 02:55:31
0015K0,4,TIGER 미국소비트렌드액티브,7375,2,40,0.55,7329.0,-1.9386,35,0,50,2026-08-10 02:55:31
391600,4,ACE 미국친환경그린테마,11110,2,20,0.18,11137.0,-11.7039,239,2,50,2026-08-10 02:55:31
0131A0,4,SOL 차이나소비트렌드,8200,2,235,2.95,8304.0,-17.3756,3548,28,49,2026-08-10 02:55:31
267440,6,RISE 미국장기국채선물(H),8070,2,135,1.7,8095.0,-4.2246,44,0,48,2026-08-10 02:55:31
244660,2,KODEX 퀄리티Plus,9535,2,20,0.21,9571.0,-6.0547,8321,79,48,2026-08-10 02:55:31
266550,2,PLUS 중형주저변동50,18785,2,180,0.97,18819.0,-11.9499,15,0,47,2026-08-10 02:55:31
0050E0,4,PLUS 미국AI에이전트,8295,2,195,2.41,8312.0,6.2295,417,3,46,2026-08-10 02:55:31
373790,4,KIWOOM 미국방어배당성장나스닥,16040,5,-165,-1.02,16109.0,2.7996,107,1,45,2026-08-10 02:55:31
205720,4,ACE 일본TOPIX인버스(합성 H),1454,5,-10,-0.68,1456.0,-6.8703,11318,16,44,2026-08-10 02:55:31
227550,2,TIGER 200 산업재,12455,2,315,2.59,12559.0,-26.1108,897,11,42,2026-08-10 02:55:31
243890,2,TIGER 200에너지화학레버리지,8005,2,155,1.97,8006.0,-45.4862,5283,41,42,2026-08-10 02:55:31
226380,2,ACE Fn성장소비주도주,5980,5,-15,-0.25,5974.0,-8.9598,342,2,42,2026-08-10 02:55:31
277650,2,TIGER 코스피중형주,20690,2,270,1.32,20822.0,-22.8852,1159,23,41,2026-08-10 02:55:31
238670,7,PLUS 스마트베타Quality채권혼합,13525,2,145,1.08,13515.0,-0.112,3050,41,41,2026-08-10 02:55:31
334690,5,RISE 팔라듐선물(H),6205,5,-30,-0.48,6214.0,-13.4028,693,4,40,2026-08-10 02:55:31
488210,2,KIWOOM K-반도체북미공급망,19665,2,1235,6.7,19706.0,-32.267,87,1,39,2026-08-10 02:55:31
291680,4,RISE 차이나H선물인버스(H),7600,5,-50,-0.65,7664.0,1.7964,8813,67,38,2026-08-10 02:55:31
225030,4,TIGER 미국S&P500선물인버스(H),2235,5,-15,-0.67,2229.0,-3.8462,15139,33,38,2026-08-10 02:55:31
0079X0,4,ACE BYD밸류체인액티브,10625,2,20,0.19,10594.0,-15.2617,6308,67,37,2026-08-10 02:55:31
306530,3,HANARO 코스닥150선물레버리지,7730,2,1030,15.37,7742.0,-60.9444,77891,572,36,2026-08-10 02:55:31
267490,6,RISE 미국장기국채선물레버리지(합성 H),5000,2,45,0.91,5043.0,-8.9991,2,0,35,2026-08-10 02:55:31
427120,2,RISE AI플랫폼,5175,2,80,1.57,5187.0,-23.7846,27793,142,34,2026-08-10 02:55:31
145670,3,ACE 인버스,1438,2,5,0.35,1440.0,-1.4443,28202,40,33,2026-08-10 02:55:31
489010,4,PLUS 글로벌AI인프라,21425,2,200,0.94,21310.0,1.555,184,3,32,2026-08-10 02:55:31
454180,4,KIWOOM 차이나내수소비TOP CSI,7960,2,125,1.6,8104.0,-7.9261,1898,14,32,2026-08-10 02:55:31
227560,2,TIGER 200 생활소비재,13135,5,-205,-1.54,13169.0,-2.6022,3743,48,32,2026-08-10 02:55:31
476000,2,UNICORN 포스트IPO액티브,5715,2,155,2.79,5762.0,-49.4776,47480,271,31,2026-08-10 02:55:31
252410,3,RISE 200선물인버스,1467,5,-8,-0.54,1466.0,-0.7403,6670,9,29,2026-08-10 02:55:31
280940,5,KODEX 골드선물인버스(H),3455,5,-20,-0.58,3484.0,8.9341,1868,6,28,2026-08-10 02:55:31
253230,3,KIWOOM 200선물인버스2X,96,5,-1,-1.03,97.0,-23.0159,906985,85,27,2026-08-10 02:55:31
491630,4,RISE 미국반도체인버스(합성 H),5275,5,-60,-1.12,5222.0,-16.4448,467,2,25,2026-08-10 02:55:31
291620,3,KIWOOM 코스닥150선물인버스,4150,5,-360,-7.98,4163.0,27.5813,66927,283,24,2026-08-10 02:55:31
275750,3,RISE 코스닥150선물인버스,2370,5,-215,-8.32,2379.0,28.2878,44890,107,21,2026-08-10 02:55:31
334700,5,RISE 팔라듐선물인버스(H),3220,2,40,1.26,3236.0,6.8907,43,0,21,2026-08-10 02:55:31
253240,3,KIWOOM 200선물인버스,1466,5,-10,-0.68,1469.0,-1.7311,20288,29,18,2026-08-10 02:55:31
306520,3,HANARO 200선물인버스,2670,5,-10,-0.37,2671.0,0.1869,1238,3,16,2026-08-10 02:55:31
465620,4,ACE 미국빅테크TOP7 Plus인버스(합성),6215,5,-55,-0.88,6201.0,-3.3899,1217,7,16,2026-08-10 02:55:31
253160,3,PLUS 200선물인버스2X,199,2,2,1.02,195.0,-23.3464,436923,86,14,2026-08-10 02:55:31
412560,2,TIGER BBIG레버리지,1917,2,57,3.06,1929.0,-35.9725,28520,54,13,2026-08-10 02:55:31
397420,6,RISE 국채선물5년추종,50700,5,-70,-0.14,50710.0,0.1183,59,2,3,2026-08-10 02:55:31
