itemcode,etfTabCode,itemname,nowVal,risefall,changeVal,changeRate,nav,threeMonthEarnRate,quant,amonut,marketSum,collected_at
069500,1,KODEX 200,109180,2,1470,1.36,109381.0,-14.854,12413212,1361244,254990,2026-08-27 04:40:13
360750,4,TIGER 미국S&P500,26375,2,40,0.15,26261.0,-6.0019,14928476,393889,204710,2026-08-27 04:40:13
133690,4,TIGER 미국나스닥100,179840,2,1210,0.68,178525.0,-9.7441,2387911,429572,114306,2026-08-27 04:40:13
102110,1,TIGER 200,109450,2,1460,1.35,109642.0,-14.8011,6998224,769499,104032,2026-08-27 04:40:13
379800,4,KODEX 미국S&P500,23975,2,55,0.23,23871.0,-6.0606,13136758,314960,101019,2026-08-27 04:40:13
396500,2,TIGER 반도체TOP10,35835,2,640,1.82,35906.0,-29.8765,8155831,293473,96665,2026-08-27 04:40:13
379810,4,KODEX 미국나스닥100,26895,2,190,0.71,26691.0,-9.7213,11662088,313635,93366,2026-08-27 04:40:13
488770,7,KODEX 머니마켓액티브,105342,2,7,0.01,105362.0,0.8472,395399,41652,84653,2026-08-27 04:40:13
278530,1,KODEX 200TR,39540,2,555,1.42,39634.0,-14.88,372162,14814,77755,2026-08-27 04:40:13
459580,6,KODEX CD금리액티브(합성),1075962,2,262,0.02,1075966.0,0.7177,392090,421874,65387,2026-08-27 04:40:13
122630,3,KODEX 레버리지,110350,2,2855,2.66,110705.0,-40.6351,13604799,1515482,60251,2026-08-27 04:40:13
498400,2,KODEX 200타겟위클리커버드콜,20685,2,305,1.5,20723.0,-14.4498,3599024,74825,58187,2026-08-27 04:40:13
381180,4,TIGER 미국필라델피아반도체나스닥,42615,2,915,2.19,41699.0,-15.1072,1483663,63220,57552,2026-08-27 04:40:13
0167A0,2,SOL AI반도체TOP2플러스,17630,2,380,2.2,17682.0,-20.452,10768855,190105,56698,2026-08-27 04:40:13
091160,2,KODEX 반도체,127310,2,2610,2.09,127640.0,-23.3371,940013,120021,55953,2026-08-27 04:40:13
229200,1,KODEX 코스닥150,14365,2,165,1.16,14400.0,-28.9823,15580050,223241,50687,2026-08-27 04:40:13
148020,1,RISE 200,110000,2,1590,1.47,110198.0,-14.9763,353371,39144,45210,2026-08-27 04:40:13
310970,1,TIGER MSCI Korea TR,48760,2,835,1.74,48874.0,-14.9059,6884,337,44225,2026-08-27 04:40:13
458730,4,TIGER 미국배당다우존스,15345,5,-60,-0.39,15307.0,-1.6234,1171325,17976,43564,2026-08-27 04:40:13
411060,5,ACE KRX금현물,28780,5,-270,-0.93,28739.0,-3.6804,824488,23763,42767,2026-08-27 04:40:13
0162Z0,7,RISE 삼성전자SK하이닉스채권혼합50,13500,2,150,1.12,13529.0,-4.2716,4385270,59420,41513,2026-08-27 04:40:13
395160,2,KODEX AI반도체TOP2플러스,39560,2,945,2.45,39669.0,-17.7968,3104060,123273,40391,2026-08-27 04:40:13
360200,4,ACE 미국S&P500,26665,2,40,0.15,26548.0,-5.9741,453634,12102,39758,2026-08-27 04:40:13
381170,4,TIGER 미국테크TOP10 INDXX,30530,2,165,0.54,30219.0,-12.4045,595812,18194,37659,2026-08-27 04:40:13
233740,3,KODEX 코스닥150레버리지,7285,2,180,2.53,7315.0,-56.9264,56620398,409930,36126,2026-08-27 04:40:13
423160,6,KODEX KOFR금리액티브(합성),110880,2,15,0.01,110872.0,0.6612,48019,5324,35589,2026-08-27 04:40:13
395270,2,HANARO Fn K-반도체,56175,2,1105,2.01,56316.0,-18.1359,626056,35317,35531,2026-08-27 04:40:13
357870,6,TIGER CD금리투자KIS(합성),57975,2,15,0.03,57971.0,0.7386,177839,10309,35531,2026-08-27 04:40:13
367380,4,ACE 미국나스닥100,30915,2,195,0.63,30687.0,-9.7127,425858,13178,34625,2026-08-27 04:40:13
102780,2,KODEX 삼성그룹,26585,2,470,1.8,26655.0,-10.9463,291365,7764,34401,2026-08-27 04:40:13
273130,6,KODEX 종합채권(AA-이상)액티브,110150,2,130,0.12,110014.0,-0.9097,9746,1071,33603,2026-08-27 04:40:13
487240,2,KODEX AI전력핵심설비,37680,2,2900,8.34,37720.0,-36.2477,4210146,154987,33008,2026-08-27 04:40:13
0043B0,6,TIGER 머니마켓액티브,103487,2,22,0.02,103488.0,0.8873,94092,9737,32848,2026-08-27 04:40:13
455890,6,RISE 머니마켓액티브,55452,2,12,0.02,55458.0,0.8,69178,3836,31195,2026-08-27 04:40:13
139260,2,TIGER 200 IT,137085,2,3305,2.47,137370.0,-18.0847,147379,20253,27527,2026-08-27 04:40:13
481050,6,KODEX CD1년금리플러스액티브(합성),1024090,2,235,0.02,1023931.0,0.769,39313,40260,25374,2026-08-27 04:40:13
472150,2,TIGER 배당커버드콜액티브,20890,2,250,1.21,20909.0,-13.3891,4230273,88647,25018,2026-08-27 04:40:13
426030,4,TIME 미국나스닥100액티브,45955,2,1025,2.28,45079.0,-19.4803,724849,33331,24834,2026-08-27 04:40:13
0193T0,2,KODEX SK하이닉스단일종목레버리지,10610,2,520,5.15,10647.0,,20912154,225112,24427,2026-08-27 04:40:13
161510,2,PLUS 고배당주,25285,5,-120,-0.47,25295.0,-5.2578,387440,9849,24152,2026-08-27 04:40:13
449170,6,TIGER KOFR금리액티브(합성),111702,2,17,0.02,111695.0,0.6488,26843,2998,24055,2026-08-27 04:40:13
486290,4,TIGER 미국나스닥100타겟데일리커버드콜,10620,2,80,0.76,10524.0,-10.0615,5667987,60221,23874,2026-08-27 04:40:13
278540,1,KODEX MSCI Korea TR,38830,2,450,1.17,38910.0,-14.3973,17019,660,23803,2026-08-27 04:40:13
456600,4,TIME 글로벌AI인공지능액티브,57980,2,1450,2.57,57113.0,-14.3161,251362,14552,21244,2026-08-27 04:40:13
292150,2,TIGER 코리아TOP10,38255,2,385,1.02,38352.0,-14.003,235387,9048,20658,2026-08-27 04:40:13
284430,6,KODEX 200미국채혼합50,21050,2,105,0.5,21062.0,-10.1832,325666,6876,20562,2026-08-27 04:40:13
385540,6,RISE 종합채권(A-이상)액티브,103155,2,135,0.13,103146.0,-0.8709,783,80,19123,2026-08-27 04:40:13
214980,6,KODEX 단기채권PLUS,114565,5,-10,-0.01,114615.0,0.6525,11998,1374,18295,2026-08-27 04:40:13
294400,1,KIWOOM 200TR,143430,2,2030,1.44,143695.0,-14.827,50788,7343,18287,2026-08-27 04:40:13
105190,1,ACE 200,109465,2,1585,1.47,109628.0,-15.0968,80979,8911,17514,2026-08-27 04:40:13
305720,2,KODEX 2차전지산업,15115,2,815,5.7,15141.0,-27.7596,3095849,46187,17458,2026-08-27 04:40:13
442580,4,PLUS 글로벌HBM반도체,101450,2,2550,2.58,100265.0,-7.475,451877,46002,17358,2026-08-27 04:40:13
441640,4,KODEX 미국배당커버드콜액티브,12795,5,-20,-0.16,12744.0,-2.5455,580237,7429,16992,2026-08-27 04:40:13
477080,6,RISE CD금리액티브(합성),107430,2,25,0.02,107430.0,0.7126,1697,182,16666,2026-08-27 04:40:13
0193W0,2,KODEX 삼성전자단일종목레버리지,12325,2,330,2.75,12384.0,,7892417,98249,15788,2026-08-27 04:40:13
446770,4,ACE 글로벌반도체TOP4 Plus,77660,2,1430,1.88,76169.0,-12.646,44850,3485,15687,2026-08-27 04:40:13
368590,4,RISE 미국나스닥100,29990,2,200,0.67,29770.0,-9.6861,241449,7246,15445,2026-08-27 04:40:13
0177N0,7,KODEX 삼성전자SK하이닉스채권혼합50,14275,2,145,1.03,14306.0,-4.0892,3954093,56576,15388,2026-08-27 04:40:13
329200,2,TIGER 리츠부동산인프라,4070,5,-30,-0.73,4067.0,-2.8689,4054799,16515,15385,2026-08-27 04:40:13
453850,6,ACE 미국30년국채액티브(H),7245,2,20,0.28,7249.0,-1.3753,462527,3350,15215,2026-08-27 04:40:13
152100,1,PLUS 200,110900,2,1625,1.49,111048.0,-14.9164,191519,21385,15138,2026-08-27 04:40:13
466920,2,SOL 조선TOP3플러스,28375,2,310,1.1,28399.0,-31.8811,450755,12793,15039,2026-08-27 04:40:13
487230,4,KODEX 미국AI전력핵심인프라,19760,2,615,3.21,19387.0,-27.2332,692293,13675,14899,2026-08-27 04:40:13
379780,4,RISE 미국S&P500,23055,2,40,0.17,22954.0,-5.926,177421,4096,14894,2026-08-27 04:40:13
0195S0,2,TIGER SK하이닉스단일종목레버리지,8990,2,445,5.21,9022.0,,11540780,105157,14791,2026-08-27 04:40:13
226490,1,KODEX 코스피,70915,2,1015,1.45,71028.0,-15.5669,100006,7118,14325,2026-08-27 04:40:13
475630,7,TIGER CD1년금리액티브(합성),1075605,2,250,0.02,1075608.0,0.7721,31240,33601,14228,2026-08-27 04:40:13
232080,1,TIGER 코스닥150,14660,2,180,1.24,14685.0,-28.9674,4864872,71109,13731,2026-08-27 04:40:13
091230,2,TIGER 반도체,134705,2,2920,2.22,134862.0,-21.8531,100344,13528,13659,2026-08-27 04:40:13
436140,6,SOL 종합채권(AA-이상)액티브,106455,2,70,0.07,106368.0,-0.7649,608,64,13506,2026-08-27 04:40:13
448330,1,KODEX 삼성전자채권혼합,17500,2,85,0.49,17506.0,-0.9833,466558,8172,12828,2026-08-27 04:40:13
0072R0,5,TIGER KRX금현물,13740,5,-150,-1.08,13734.0,-3.5417,866111,11913,12758,2026-08-27 04:40:13
390390,4,KODEX 미국반도체,53350,2,1020,1.95,52158.0,-13.2388,328100,17491,12644,2026-08-27 04:40:13
157450,6,TIGER 단기통안채,112505,2,20,0.02,112514.0,0.6217,64773,7288,12625,2026-08-27 04:40:13
438080,7,ACE 미국S&P500미국채혼합50액티브,14090,5,-10,-0.07,14058.0,-6.4677,242681,3420,12343,2026-08-27 04:40:13
0183J0,4,TIGER 미국우주테크,7760,5,-10,-0.13,7666.0,-53.75,800635,6212,11365,2026-08-27 04:40:13
469150,2,ACE AI반도체TOP3+,57995,2,910,1.59,58104.0,-25.7818,371002,21637,11309,2026-08-27 04:40:13
497570,4,TIGER 미국필라델피아AI반도체나스닥,21570,2,380,1.79,21094.0,-11.3087,524600,11298,10882,2026-08-27 04:40:13
494890,1,KODEX 200액티브,31490,2,425,1.37,31550.0,-15.0626,42009,1330,10864,2026-08-27 04:40:13
0139F0,6,TIGER 12월자동연장금융채(AA-이상)액티브,102110,2,35,0.03,102103.0,0.7451,6,0,10801,2026-08-27 04:40:13
449450,2,PLUS K방산,55300,2,1645,3.07,55389.0,-27.1685,181907,9977,10800,2026-08-27 04:40:13
445290,2,KODEX 로봇액티브,30715,5,-35,-0.11,30751.0,-26.0177,320686,9878,10704,2026-08-27 04:40:13
446720,4,SOL 미국배당다우존스,14045,5,-65,-0.46,14031.0,-1.4635,200170,2814,10590,2026-08-27 04:40:13
465580,4,ACE 미국빅테크TOP7 Plus,24095,2,110,0.46,23908.0,-8.033,524035,12616,10493,2026-08-27 04:40:13
0117V0,2,TIGER 코리아AI전력기기TOP3플러스,19705,2,1605,8.87,19761.0,-34.4278,3079783,59221,10493,2026-08-27 04:40:13
479520,6,RISE KOFR금리액티브(합성),106345,2,35,0.03,106320.0,0.6628,3399,361,10323,2026-08-27 04:40:13
455850,2,SOL AI반도체소부장,24395,2,505,2.11,24438.0,-27.8902,1088850,26469,10319,2026-08-27 04:40:13
356540,6,ACE 종합채권(AA-이상)액티브,101205,5,-135,-0.13,101437.0,-0.7201,104,10,10292,2026-08-27 04:40:13
449180,4,KODEX 미국S&P500(H),17195,2,85,0.5,17131.0,1.6068,306601,5277,10214,2026-08-27 04:40:13
479080,6,1Q 머니마켓액티브,53745,2,15,0.03,53744.0,0.8445,12986,697,10201,2026-08-27 04:40:13
451540,6,TIGER 종합채권(AA-이상)액티브,52925,2,60,0.11,52928.0,-0.9834,2711,143,10191,2026-08-27 04:40:13
469830,6,SOL 초단기채권액티브,54357,2,17,0.03,54360.0,0.835,124538,6769,10108,2026-08-27 04:40:13
295040,1,SOL 200TR,40965,2,600,1.49,41037.0,-14.8688,39666,1643,10077,2026-08-27 04:40:13
494300,4,KODEX 미국나스닥100데일리커버드콜OTM,9160,2,55,0.6,9094.0,-14.7013,867266,7951,10049,2026-08-27 04:40:13
494310,2,KODEX 반도체레버리지,78070,2,3490,4.68,78420.0,-55.4028,2597358,203486,9954,2026-08-27 04:40:13
237350,1,KODEX 코스피100,87125,2,1125,1.31,87367.0,-15.2129,136089,11928,9889,2026-08-27 04:40:13
402970,4,ACE 미국배당다우존스,15560,5,-80,-0.51,15553.0,-1.5341,183629,2862,9803,2026-08-27 04:40:13
315930,2,KODEX Top5PlusTR,80650,2,585,0.73,80789.0,-14.906,10256,835,9759,2026-08-27 04:40:13
495050,1,RISE 코리아밸류업,32445,2,250,0.78,32502.0,-14.4917,51234,1672,9652,2026-08-27 04:40:13
305540,2,TIGER 2차전지테마,19010,2,990,5.49,19022.0,-26.1778,544170,10214,9457,2026-08-27 04:40:13
0195R0,2,TIGER 삼성전자단일종목레버리지,11250,2,355,3.26,11275.0,,5095874,57992,9428,2026-08-27 04:40:13
438100,7,ACE 미국나스닥100미국채혼합50액티브,15200,2,25,0.16,15159.0,-8.2528,127766,1944,9333,2026-08-27 04:40:13
0117L0,6,KODEX 26-12 금융채(AA-이상)액티브,10150,5,-5,-0.05,10154.0,0.6442,5027,51,9219,2026-08-27 04:40:13
487340,6,ACE 머니마켓액티브,105820,2,30,0.03,105822.0,0.8628,18836,1993,8788,2026-08-27 04:40:13
498410,2,KODEX 금융고배당TOP10타겟위클리커버드콜,11830,2,10,0.08,11811.0,0.7919,1194418,14169,8541,2026-08-27 04:40:13
475720,3,RISE 200위클리커버드콜,12950,2,145,1.13,12921.0,-13.2899,642764,8332,8443,2026-08-27 04:40:13
144600,5,KODEX 은선물(H),11195,2,25,0.22,11196.0,-11.0315,584122,6539,8251,2026-08-27 04:40:13
0048J0,6,KODEX 미국머니마켓액티브,13820,5,-45,-0.32,13819.0,-7.0666,416093,5749,8170,2026-08-27 04:40:13
0177R0,2,TIGER 반도체TOP10커버드콜액티브,11200,2,240,2.19,11227.0,-21.8885,1657313,18634,8042,2026-08-27 04:40:13
441800,1,TIME Korea플러스배당액티브,28975,2,55,0.19,29026.0,-18.6588,175165,5117,7939,2026-08-27 04:40:13
466940,2,TIGER 은행고배당플러스TOP10,26335,2,110,0.42,26362.0,3.9244,505100,13341,7927,2026-08-27 04:40:13
153130,6,KODEX 단기채권,113265,2,15,0.01,113271.0,0.6201,2631,297,7921,2026-08-27 04:40:13
490590,4,RISE 미국AI밸류체인데일리고정커버드콜,14410,2,265,1.87,14198.0,-10.8657,392963,5668,7868,2026-08-27 04:40:13
476550,6,TIGER 미국30년국채커버드콜액티브(H),6900,2,10,0.15,6899.0,-1.4597,662239,4570,7859,2026-08-27 04:40:13
0025N0,7,TIGER TDF2045 적격,12065,2,5,0.04,12015.0,-4.777,114807,1386,7824,2026-08-27 04:40:13
462330,2,KODEX 2차전지산업레버리지,1101,2,108,10.88,1108.0,-54.5538,87562098,94231,7772,2026-08-27 04:40:13
481060,6,KODEX 미국30년국채타겟커버드콜(합성 H),7465,5,-5,-0.07,7494.0,-0.3971,151933,1134,7700,2026-08-27 04:40:13
457480,4,ACE 테슬라밸류체인액티브,18570,5,-25,-0.13,18478.0,-24.7166,121165,2245,7660,2026-08-27 04:40:13
069660,1,KIWOOM 200,109595,2,1870,1.74,109336.0,-14.7583,40219,4425,7617,2026-08-27 04:40:13
371460,4,TIGER 차이나전기차SOLACTIVE,10340,5,-155,-1.48,10408.0,-24.1965,89436,927,7490,2026-08-27 04:40:13
272580,6,TIGER 단기채권액티브,57080,2,15,0.03,57077.0,0.697,4844,276,7458,2026-08-27 04:40:13
434730,2,HANARO 원자력iSelect,62190,2,2265,3.78,62252.0,-26.0824,229606,14103,7338,2026-08-27 04:40:13
114800,3,KODEX 인버스,1010,5,-14,-1.37,1009.0,-1.0629,446241321,448620,7222,2026-08-27 04:40:13
0061Z0,6,RISE 단기특수은행채액티브,50990,2,20,0.04,50982.0,0.7312,1224,62,7196,2026-08-27 04:40:13
458760,4,TIGER 미국배당다우존스타겟커버드콜2호,11280,5,-60,-0.53,11261.0,-1.1773,228131,2576,7191,2026-08-27 04:40:13
0219E0,2,KODEX 200커버드콜액티브,8610,2,120,1.41,8616.0,,4239108,36614,7095,2026-08-27 04:40:13
364980,2,TIGER 2차전지TOP10,10625,2,635,6.36,10646.0,-22.3777,3271848,34334,7087,2026-08-27 04:40:13
102970,2,KODEX 증권,18410,5,-110,-0.59,18447.0,-32.2166,572230,10659,7079,2026-08-27 04:40:13
252670,3,KODEX 200선물인버스2X,74,5,-3,-3.9,75.0,-19.7917,4910694844,364301,7074,2026-08-27 04:40:13
367760,2,RISE 네트워크인프라,58530,2,1375,2.41,58654.0,-23.6356,133493,7790,6848,2026-08-27 04:40:13
0127P0,4,ACE 미국대형성장주액티브,10545,2,50,0.48,10472.0,-9.3183,33516,354,6844,2026-08-27 04:40:13
495850,1,KODEX 코리아밸류업,32200,2,415,1.31,32290.0,-15.2741,56737,1835,6843,2026-08-27 04:40:13
456610,6,TIGER 미국달러SOFR금리액티브(합성),59885,5,-195,-0.32,59891.0,-6.9393,12268,734,6797,2026-08-27 04:40:13
0167B0,2,SOL 200타겟위클리커버드콜,12005,2,130,1.09,12042.0,-14.9462,811486,9794,6795,2026-08-27 04:40:13
290130,2,RISE ESG사회책임투자,47405,2,605,1.29,47475.0,-14.5206,40070,1911,6684,2026-08-27 04:40:13
138540,2,TIGER 현대차그룹플러스,51025,5,-775,-1.5,51081.0,-28.3045,97413,5030,6664,2026-08-27 04:40:13
314250,4,KODEX 미국빅테크10(H),62030,2,600,0.98,61688.0,4.603,26748,1663,6544,2026-08-27 04:40:13
329750,6,TIGER 미국달러단기채권액티브,13045,5,-40,-0.31,13045.0,-7.2644,98511,1285,6534,2026-08-27 04:40:13
482730,4,TIGER 미국S&P500타겟데일리커버드콜,11930,2,20,0.17,11878.0,-6.1717,287308,3432,6520,2026-08-27 04:40:13
0101N0,2,RISE AI전력인프라,20470,2,1250,6.5,20540.0,-28.8544,346509,6958,6448,2026-08-27 04:40:13
418660,4,TIGER 미국나스닥100레버리지(합성),39850,2,500,1.27,39250.0,-20.5452,233262,9315,6416,2026-08-27 04:40:13
434060,7,KODEX TDF2050액티브 적격,16900,2,30,0.18,16820.0,-8.2331,70026,1183,6346,2026-08-27 04:40:13
491010,4,TIGER 글로벌AI전력인프라액티브,25135,2,645,2.63,24713.0,-28.35,52924,1330,6329,2026-08-27 04:40:13
0148J0,2,TIGER 코리아휴머노이드로봇산업,9140,2,45,0.49,9163.0,-32.3037,3015002,27541,6215,2026-08-27 04:40:13
489250,4,KODEX 미국배당다우존스,13165,5,-60,-0.45,13164.0,-1.5909,388011,5118,6161,2026-08-27 04:40:13
0091P0,2,TIGER 코리아원자력,17975,2,45,0.25,18019.0,-21.3769,3649166,65699,6076,2026-08-27 04:40:13
484790,6,KODEX 미국30년국채액티브(H),8335,2,5,0.06,8343.0,-1.2557,163363,1362,6035,2026-08-27 04:40:13
251600,7,PLUS 고배당주채권혼합,15515,5,-10,-0.06,15507.0,-1.6053,104450,1622,5989,2026-08-27 04:40:13
385560,6,RISE KIS국고채30년Enhanced,51705,2,30,0.06,51703.0,-9.5009,13551,698,5968,2026-08-27 04:40:13
488080,3,TIGER 반도체TOP10레버리지,33615,2,1230,3.8,33778.0,-63.5653,4858435,164324,5967,2026-08-27 04:40:13
277630,1,TIGER 코스피,71915,2,875,1.23,72076.0,-15.4589,21538,1555,5933,2026-08-27 04:40:13
0015B0,4,KoAct 미국나스닥성장기업액티브,18395,2,595,3.34,17961.0,-24.7199,363838,6685,5914,2026-08-27 04:40:13
423920,4,TIGER 미국필라델피아반도체레버리지(합성),83425,2,3560,4.46,79795.0,-36.0549,276435,23004,5856,2026-08-27 04:40:13
494670,2,TIGER 조선TOP10,22450,2,180,0.81,22487.0,-31.1486,171291,3858,5781,2026-08-27 04:40:13
396520,4,TIGER 차이나반도체FACTSET,13980,2,435,3.21,14028.0,-21.1125,999062,13647,5765,2026-08-27 04:40:13
371160,4,TIGER 차이나항셍테크,7005,5,-40,-0.57,6998.0,-13.5414,460033,3222,5741,2026-08-27 04:40:13
466950,4,TIGER 글로벌AI액티브,30615,2,785,2.63,30182.0,-23.5717,226661,6907,5737,2026-08-27 04:40:13
0019K0,7,TIME 미국나스닥100채권혼합50액티브,13265,2,140,1.07,13149.0,-8.377,202172,2679,5671,2026-08-27 04:40:13
449190,4,KODEX 미국나스닥100(H),22155,2,215,0.98,21995.0,-2.4136,119669,2652,5661,2026-08-27 04:40:13
477050,6,PLUS 머니마켓액티브,53500,2,10,0.02,53506.0,0.8579,7792,416,5597,2026-08-27 04:40:13
491620,4,RISE 미국테크100데일리고정커버드콜,10670,2,75,0.71,10556.0,-9.3704,660610,7045,5522,2026-08-27 04:40:13
0007F0,6,KODEX 27-12 회사채(AA-이상)액티브,10190,3,0,0.0,10189.0,0.5426,32048,326,5483,2026-08-27 04:40:13
462010,2,TIGER 2차전지소재Fn,5050,2,260,5.43,5062.0,-35.6183,5200268,25886,5474,2026-08-27 04:40:13
463250,2,TIGER K방산&우주,35670,2,1190,3.45,35731.0,-25.6577,141867,4999,5404,2026-08-27 04:40:13
0105E0,2,SOL 코리아고배당,12970,5,-90,-0.69,12990.0,-5.1934,160977,2100,5396,2026-08-27 04:40:13
438330,6,TIGER 우량회사채액티브,115870,2,185,0.16,115875.0,0.6437,2572,297,5335,2026-08-27 04:40:13
455030,6,KODEX 미국달러SOFR금리액티브(합성),11885,5,-45,-0.38,11869.0,-6.9745,70561,838,5313,2026-08-27 04:40:13
365780,6,ACE 국고채10년,82940,2,215,0.26,82948.0,-0.5829,2574,212,5280,2026-08-27 04:40:13
444200,2,SOL 코리아메가테크액티브,46345,2,765,1.68,46369.0,-22.4171,16556,766,5260,2026-08-27 04:40:13
496080,1,TIGER 코리아밸류업,32320,2,345,1.08,32372.0,-14.8054,47358,1539,5187,2026-08-27 04:40:13
315960,2,RISE 대형고배당10TR,77982,2,342,0.44,78108.0,-15.3188,55027,4321,5147,2026-08-27 04:40:13
251350,4,KODEX MSCI선진국,39425,2,55,0.14,39192.0,-5.5779,20892,823,5046,2026-08-27 04:40:13
0190C0,2,RISE 현대차고정피지컬AI,8310,5,-120,-1.42,8312.0,-33.9342,933913,7809,5015,2026-08-27 04:40:13
435420,7,TIGER 미국나스닥100채권혼합50,14035,2,10,0.07,14005.0,-4.4146,87272,1224,5003,2026-08-27 04:40:13
361580,1,RISE 200TR,62125,2,825,1.35,62211.0,-14.8671,22858,1423,4908,2026-08-27 04:40:13
114260,6,KODEX 국고채3년,61935,2,65,0.11,61970.0,0.6261,34425,2131,4883,2026-08-27 04:40:13
490490,7,SOL 미국배당미국채혼합50,11235,5,-85,-0.75,11222.0,-4.1428,106364,1196,4820,2026-08-27 04:40:13
476800,7,KODEX 한국부동산리츠인프라,4205,5,-55,-1.29,4228.0,-5.0445,413502,1743,4819,2026-08-27 04:40:13
499660,7,TIGER CD금리플러스액티브(합성),1002575,2,245,0.02,1002576.0,0.7664,12400,12431,4804,2026-08-27 04:40:13
471230,6,KODEX 국고채10년액티브,104520,2,310,0.3,104494.0,-0.563,15861,1651,4734,2026-08-27 04:40:13
243880,2,TIGER 200IT레버리지,330820,2,15625,4.96,332792.0,-50.5964,98922,32847,4714,2026-08-27 04:40:13
0163Y0,1,KoAct 코스닥액티브,9010,2,100,1.12,9027.0,-33.1834,323058,2900,4627,2026-08-27 04:40:13
448290,4,TIGER 미국S&P500(H),17840,2,90,0.51,17763.0,1.5192,75385,1345,4621,2026-08-27 04:40:13
483280,4,KODEX 미국AI테크TOP10타겟커버드콜,11660,2,60,0.52,11521.0,-12.0923,154137,1800,4606,2026-08-27 04:40:13
451000,6,PLUS 종합채권(AA-이상)액티브,107375,2,5,0.0,107407.0,-0.7992,38,4,4507,2026-08-27 04:40:13
473290,6,KODEX 26-12 회사채(AA-이상)액티브,10885,2,10,0.09,10880.0,0.6758,16433,178,4504,2026-08-27 04:40:13
293180,1,HANARO 200,109500,2,1355,1.25,109673.0,-14.6626,17719,1963,4435,2026-08-27 04:40:13
451060,1,1Q 200액티브,35005,2,495,1.43,35062.0,-15.4109,39129,1380,4411,2026-08-27 04:40:13
447770,7,TIGER 테슬라채권혼합Fn,13700,5,-40,-0.29,13707.0,-7.0534,49562,677,4370,2026-08-27 04:40:13
148070,6,KIWOOM 국고채10년,105145,2,300,0.29,105139.0,-0.5219,19195,2015,4258,2026-08-27 04:40:13
0016X0,6,SOL 중단기회사채(A-이상)액티브,51515,2,30,0.06,51523.0,0.8323,746,38,4253,2026-08-27 04:40:13
474220,4,TIGER 미국테크TOP10타겟커버드콜,14815,2,75,0.51,14673.0,-10.0278,107119,1591,4156,2026-08-27 04:40:13
0173Y0,4,KODEX 미국AI광통신네트워크,11665,2,695,6.34,11404.0,-28.7057,1091345,12717,4141,2026-08-27 04:40:13
0023A0,4,SOL 미국양자컴퓨팅TOP10,24145,5,-340,-1.39,23643.0,-36.3034,94586,2281,4056,2026-08-27 04:40:13
480260,6,TIGER 27-04회사채(A+이상)액티브,53815,2,15,0.03,53814.0,0.6359,50803,2733,4054,2026-08-27 04:40:13
0162M0,6,KODEX 금융채1~2년(AA-이상)PLUS액티브,10080,2,15,0.15,10071.0,0.7003,30829,310,4041,2026-08-27 04:40:13
471990,2,KODEX AI반도체핵심장비,24325,2,550,2.31,24363.0,-27.526,791706,19160,4001,2026-08-27 04:40:13
385720,1,TIME 코스피액티브,25790,2,445,1.76,25885.0,-18.2288,50186,1296,3997,2026-08-27 04:40:13
0060H0,1,TIGER 토탈월드스탁액티브,12800,2,45,0.35,12763.0,-6.3268,62673,802,3981,2026-08-27 04:40:13
091180,2,KODEX 자동차,27820,5,-785,-2.74,27819.0,-26.4066,255724,7212,3950,2026-08-27 04:40:13
426020,4,TIME 미국S&P500액티브,31790,2,55,0.17,31655.0,-9.7027,50979,1624,3948,2026-08-27 04:40:13
241180,4,TIGER 일본니케이225,34675,5,-120,-0.34,34596.0,-6.023,17149,595,3946,2026-08-27 04:40:13
458250,6,TIGER 미국30년국채스트립액티브(합성 H),35040,2,245,0.7,35114.0,-3.7084,21087,738,3897,2026-08-27 04:40:13
462900,2,KoAct 바이오헬스케어액티브,14680,2,65,0.44,14691.0,-23.7014,555179,8169,3890,2026-08-27 04:40:13
302450,1,RISE 코스피,71595,2,970,1.37,71612.0,-15.5728,1346,96,3866,2026-08-27 04:40:13
132030,5,KODEX 골드선물(H),25925,5,-55,-0.21,25926.0,1.326,143135,3712,3811,2026-08-27 04:40:13
484880,2,SOL 금융지주플러스고배당,22370,2,95,0.43,22389.0,4.2087,229025,5134,3781,2026-08-27 04:40:13
469070,2,RISE AI&로봇,11185,5,-20,-0.18,11185.0,-28.6761,313543,3508,3747,2026-08-27 04:40:13
0131V0,4,1Q 미국우주항공테크,11460,2,110,0.97,11366.0,-28.8402,117338,1345,3719,2026-08-27 04:40:13
496020,6,WON 전단채플러스액티브,52450,2,25,0.05,52448.0,0.8852,1212,63,3717,2026-08-27 04:40:13
0040Y0,7,SOL 팔란티어커버드콜OTM채권혼합,8385,2,115,1.39,8225.0,-0.0575,444181,3714,3694,2026-08-27 04:40:13
439860,6,KODEX ESG종합채권(A-이상)액티브,113555,5,-255,-0.22,113774.0,0.4944,106,12,3681,2026-08-27 04:40:13
0080G0,2,KODEX 방산TOP10,10815,2,395,3.79,10825.0,-25.9248,1201053,12815,3655,2026-08-27 04:40:13
476760,6,ACE 미국30년국채액티브,9030,5,-15,-0.17,9030.0,-9.0535,206658,1867,3639,2026-08-27 04:40:13
310960,1,TIGER 200TR,63820,2,905,1.44,63928.0,-14.9108,23964,1543,3638,2026-08-27 04:40:13
0043Y0,4,TIME 차이나AI테크액티브,20415,2,340,1.69,20375.0,-17.8937,97693,1991,3613,2026-08-27 04:40:13
0167Z0,4,KODEX 미국우주항공,7790,5,-40,-0.51,7704.0,-45.7937,400604,3122,3537,2026-08-27 04:40:13
439870,6,KODEX 국고채30년액티브,87165,2,120,0.14,87040.0,-7.4236,5481,476,3508,2026-08-27 04:40:13
0046A0,6,TIGER 미국초단기(3개월이하)국채,9560,5,-30,-0.31,9559.0,-7.2952,377304,3606,3470,2026-08-27 04:40:13
448300,4,TIGER 미국나스닥100(H),22885,2,230,1.02,22714.0,-2.4023,44387,1016,3467,2026-08-27 04:40:13
0144L0,4,KODEX 미국성장커버드콜액티브,9575,2,30,0.31,9510.0,-9.7067,89616,857,3466,2026-08-27 04:40:13
453810,4,KODEX 인도Nifty50,11745,5,-125,-1.05,11790.0,-6.3683,91256,1074,3465,2026-08-27 04:40:13
385550,6,RISE 단기채권알파액티브,114115,2,50,0.04,114104.0,0.6929,822,93,3455,2026-08-27 04:40:13
279530,2,KODEX 고배당주,17655,5,-95,-0.54,17660.0,-1.9941,163591,2903,3443,2026-08-27 04:40:13
474590,2,WON 반도체밸류체인액티브,43560,2,1010,2.37,43623.0,-15.7926,29982,1305,3441,2026-08-27 04:40:13
442570,7,RISE TDF2050액티브 적격,17510,2,20,0.11,17380.0,-6.1695,78970,1383,3406,2026-08-27 04:40:13
0052D0,2,TIGER 코리아배당다우존스,15460,5,-120,-0.77,15463.0,-4.7481,78744,1225,3401,2026-08-27 04:40:13
0182R0,2,1Q K반도체TOP2+,10475,2,240,2.34,10504.0,-30.0411,1798749,18895,3389,2026-08-27 04:40:13
385510,2,KODEX 신재생에너지액티브,40245,2,1420,3.66,40319.0,-28.8659,68685,2730,3381,2026-08-27 04:40:13
0026S0,4,1Q 미국S&P500,12910,2,35,0.27,12847.0,-6.1214,70379,910,3370,2026-08-27 04:40:13
0228G0,2,ACE 반도체Plus전략산업,10350,2,135,1.32,10384.0,,462603,4787,3364,2026-08-27 04:40:13
472170,7,TIGER 미국테크TOP10채권혼합,13850,2,35,0.25,13795.0,-5.9565,171624,2374,3345,2026-08-27 04:40:13
456880,7,ACE 미국달러SOFR금리(합성),12125,5,-40,-0.33,12124.0,-7.031,33293,403,3344,2026-08-27 04:40:13
448630,7,RISE 삼성그룹Top3채권혼합,15485,2,95,0.62,15529.0,-0.2593,120602,1869,3298,2026-08-27 04:40:13
270810,1,RISE 코스닥150,14320,2,180,1.27,14330.0,-28.8017,230271,3284,3276,2026-08-27 04:40:13
0052S0,7,1Q 미국S&P500미국채혼합50액티브,11585,5,-15,-0.13,11556.0,-6.5821,60382,699,3244,2026-08-27 04:40:13
0119H0,6,KODEX 28-12 회사채(AA-이상)액티브,9945,2,10,0.1,9933.0,0.6585,15834,157,3204,2026-08-27 04:40:13
0210A0,2,ACE K반도체TOP2+,7175,2,190,2.72,7194.0,,1846198,13261,3150,2026-08-27 04:40:13
0111P0,7,1Q 미국나스닥100미국채혼합50액티브,10780,2,15,0.14,10740.0,-8.5624,51518,555,3040,2026-08-27 04:40:13
489030,2,PLUS 고배당주위클리커버드콜,6565,5,-35,-0.53,6528.0,-6.9318,678698,4448,3036,2026-08-27 04:40:13
190620,6,ACE 단기통안채,101975,2,20,0.02,101971.0,0.6714,45875,4678,3023,2026-08-27 04:40:13
433330,4,SOL 미국S&P500,22045,2,40,0.18,21948.0,-5.9388,24710,545,2998,2026-08-27 04:40:13
485540,4,KODEX 미국AI테크TOP10,14955,2,80,0.54,14767.0,-12.0984,496036,7414,2976,2026-08-27 04:40:13
307520,2,TIGER 지주회사,22355,2,105,0.47,22399.0,-16.9503,282285,6298,2973,2026-08-27 04:40:13
0008S0,4,TIGER 미국배당다우존스타겟데일리커버드콜,10175,5,-55,-0.54,10159.0,-1.4602,264148,2693,2971,2026-08-27 04:40:13
483320,4,ACE 엔비디아밸류체인액티브,24480,2,620,2.6,24018.0,-14.801,1083935,26524,2962,2026-08-27 04:40:13
136340,6,RISE 중기우량회사채,104440,2,110,0.11,104542.0,0.5148,20949,2185,2958,2026-08-27 04:40:13
0098F0,2,KODEX 원자력SMR,16715,5,-40,-0.24,16754.0,-19.8134,971038,16387,2908,2026-08-27 04:40:13
454780,6,KIWOOM 종합채권(AA-이상)액티브,99770,2,110,0.11,99753.0,-1.0574,22,2,2908,2026-08-27 04:40:13
453870,4,TIGER 인도니프티50,11605,5,-90,-0.77,11559.0,-7.0205,14413,167,2895,2026-08-27 04:40:13
475080,7,KODEX 테슬라커버드콜채권혼합액티브,7935,5,-25,-0.31,7899.0,-5.6906,119954,951,2892,2026-08-27 04:40:13
461490,7,RISE 글로벌자산배분액티브,14800,5,-25,-0.17,14807.0,-2.5953,39895,590,2856,2026-08-27 04:40:13
441680,7,TIGER 미국나스닥100커버드콜(합성),10840,2,25,0.23,10812.0,-4.9732,35052,379,2851,2026-08-27 04:40:13
091170,2,KODEX 은행,16130,2,70,0.44,16144.0,6.9968,802417,12971,2839,2026-08-27 04:40:13
475300,2,SOL 반도체전공정,21475,2,415,1.97,21508.0,-20.7377,685866,14640,2835,2026-08-27 04:40:13
473330,6,SOL 미국30년국채커버드콜(합성),8110,5,-20,-0.25,8113.0,-8.8214,125654,1019,2830,2026-08-27 04:40:13
0038A0,4,KODEX 미국휴머노이드로봇,14835,2,95,0.64,14653.0,-20.9538,49528,734,2826,2026-08-27 04:40:13
273140,6,KODEX 단기변동금리부채권액티브,114645,2,30,0.03,114647.0,0.5904,5676,650,2798,2026-08-27 04:40:13
0094K0,6,TIGER 28-04 회사채(A+이상)액티브,99780,2,90,0.09,99817.0,0.6969,26876,2679,2787,2026-08-27 04:40:13
481190,4,SOL 미국테크TOP10,16575,2,90,0.55,16405.0,-12.1971,446896,7406,2785,2026-08-27 04:40:13
364970,2,TIGER 바이오TOP10,7650,5,-55,-0.71,7656.0,0.4563,700560,5388,2777,2026-08-27 04:40:13
471780,2,TIGER 코리아테크액티브,35450,2,1035,3.01,35510.0,-21.9172,84160,2978,2726,2026-08-27 04:40:13
213610,2,KODEX 삼성그룹밸류,22860,2,350,1.55,22866.0,-8.0474,54247,1245,2720,2026-08-27 04:40:13
497880,6,SOL CD금리&머니마켓액티브,50175,2,15,0.03,50171.0,0.8624,112471,5642,2686,2026-08-27 04:40:13
123320,3,TIGER 레버리지,111215,2,2890,2.67,111366.0,-39.9862,105338,11876,2669,2026-08-27 04:40:13
139230,2,TIGER 200 중공업,13545,2,375,2.85,13563.0,-29.5297,216224,2921,2652,2026-08-27 04:40:13
0162Y0,1,TIME 코스닥액티브,7545,2,165,2.24,7544.0,-37.4577,221050,1654,2629,2026-08-27 04:40:13
0053L0,4,TIGER 차이나휴머노이드로봇,9735,2,25,0.26,9735.0,-31.4339,331636,3203,2604,2026-08-27 04:40:13
421320,2,PLUS 우주항공,27930,2,830,3.06,27969.0,-44.2043,44229,1224,2584,2026-08-27 04:40:13
471040,4,KoAct 글로벌AI&로봇액티브,28465,2,900,3.27,27990.0,-24.2096,12477,354,2576,2026-08-27 04:40:13
196230,6,RISE 단기통안채,116900,2,25,0.02,116915.0,0.5982,202,23,2574,2026-08-27 04:40:13
423170,4,SOL 글로벌AI반도체탑픽액티브,57385,2,1065,1.89,56834.0,-11.6064,9424,542,2559,2026-08-27 04:40:13
409820,4,KODEX 미국나스닥100레버리지(합성 H),19915,2,390,2.0,19620.0,-6.6906,93927,1883,2549,2026-08-27 04:40:13
283580,4,KODEX 차이나CSI300,15285,5,-5,-0.03,15315.0,-12.3889,39048,595,2545,2026-08-27 04:40:13
478150,4,TIME 글로벌우주테크&방산액티브,19900,2,200,1.02,19822.0,-19.9675,20899,415,2537,2026-08-27 04:40:13
472920,6,HK 종합채권(AA-이상)액티브,98190,5,-5,-0.01,98202.0,-0.8182,6,0,2532,2026-08-27 04:40:13
495230,1,KoAct 코리아밸류업액티브,31260,2,540,1.76,31317.0,-18.6319,23060,722,2516,2026-08-27 04:40:13
0183V0,7,KIWOOM 삼성전자&SK하이닉스채권혼합50,11845,2,115,0.98,11870.0,-3.9308,543186,6461,2511,2026-08-27 04:40:13
483340,4,ACE 구글밸류체인액티브,22095,2,425,1.96,21757.0,-20.3748,133887,2960,2497,2026-08-27 04:40:13
228790,2,TIGER 화장품,4712,5,-128,-2.64,4719.0,31.8801,6001097,28652,2485,2026-08-27 04:40:13
245710,4,ACE 베트남VN30(합성),29100,2,370,1.29,29397.0,-10.4706,25454,740,2444,2026-08-27 04:40:13
388420,2,RISE 비메모리반도체액티브,27045,2,620,2.35,27101.0,-29.4904,70728,1902,2412,2026-08-27 04:40:13
261260,7,KODEX 미국달러선물인버스2X,5345,2,40,0.75,5350.0,17.1081,204266,1091,2393,2026-08-27 04:40:13
363580,2,KODEX 200IT TR,55455,2,1250,2.31,55569.0,-16.2664,76626,4249,2385,2026-08-27 04:40:13
363570,6,KODEX 장기종합채권(AA-이상)액티브,86610,2,25,0.03,86613.0,-2.8881,66,5,2368,2026-08-27 04:40:13
493810,4,TIGER 미국AI빅테크10타겟데일리커버드콜,11300,2,50,0.44,11188.0,-10.5412,118473,1341,2362,2026-08-27 04:40:13
442320,4,RISE 글로벌원자력,37425,2,985,2.7,37203.0,-21.885,21227,794,2354,2026-08-27 04:40:13
0182S0,7,1Q K반도체TOP2채권혼합50,12520,2,135,1.09,12534.0,-5.6022,202654,2542,2354,2026-08-27 04:40:13
448540,7,ACE 엔비디아채권혼합,26535,2,270,1.03,26084.0,-2.5056,37651,997,2335,2026-08-27 04:40:13
329650,7,KODEX TRF3070,14130,5,-15,-0.11,14141.0,-2.171,27409,386,2331,2026-08-27 04:40:13
452360,4,SOL 미국배당다우존스(H),13715,5,-15,-0.11,13705.0,6.5577,83225,1143,2318,2026-08-27 04:40:13
157500,2,TIGER 증권,12520,5,-130,-1.03,12546.0,-31.4078,275597,3492,2304,2026-08-27 04:40:13
437080,6,KODEX 미국종합채권ESG액티브(H),97505,2,30,0.03,97561.0,-0.5164,1044,101,2296,2026-08-27 04:40:13
0092C0,6,SOL 27-12 회사채(AA-이상)액티브,50265,2,20,0.04,50273.0,0.6611,101,5,2287,2026-08-27 04:40:13
472160,4,TIGER 미국테크TOP10 INDXX(H),18615,2,170,0.92,18429.0,-5.5072,525614,9783,2280,2026-08-27 04:40:13
0089D0,2,KODEX 금융고배당TOP10,13325,2,25,0.19,13333.0,1.7852,186563,2500,2252,2026-08-27 04:40:13
458260,6,TIGER 미국투자등급회사채액티브(H),46680,2,40,0.09,46667.0,-0.9458,3630,169,2250,2026-08-27 04:40:13
433500,2,ACE 원자력TOP10,59130,5,-135,-0.23,59250.0,-25.4341,97114,5738,2247,2026-08-27 04:40:13
463050,2,TIME K바이오액티브,13190,5,-100,-0.75,13183.0,-19.5764,259193,3435,2242,2026-08-27 04:40:13
422420,2,RISE 2차전지액티브,6910,2,370,5.66,6919.0,-34.6328,289382,1964,2231,2026-08-27 04:40:13
244580,2,KODEX 바이오,8590,5,-45,-0.52,8592.0,-24.2544,350676,3020,2220,2026-08-27 04:40:13
486450,4,SOL 미국AI전력인프라,19835,5,-5,-0.03,19689.0,-21.9973,215617,4276,2212,2026-08-27 04:40:13
488980,6,SOL 26-12 회사채(AA-이상)액티브,52110,2,15,0.03,52113.0,0.725,110,5,2205,2026-08-27 04:40:13
414780,4,TIGER 차이나과창판STAR50(합성),14145,2,355,2.57,14268.0,-18.1846,65467,910,2200,2026-08-27 04:40:13
0104N0,2,TIGER 200타겟위클리커버드콜,21095,2,305,1.47,21135.0,-14.6633,48639,1029,2194,2026-08-27 04:40:13
498270,4,KIWOOM 미국양자컴퓨팅,14685,2,45,0.31,14434.0,-20.5495,20406,300,2188,2026-08-27 04:40:13
0094M0,2,RISE 코리아밸류업위클리고정커버드콜,17885,2,125,0.7,17871.0,-11.8172,285824,5120,2182,2026-08-27 04:40:13
305080,6,TIGER 미국채10년선물,12310,5,-55,-0.44,12307.0,-8.3396,32419,399,2179,2026-08-27 04:40:13
267770,3,TIGER 200선물레버리지,84705,2,2610,3.18,84720.0,-40.7877,74710,6438,2118,2026-08-27 04:40:13
0233J0,7,TIGER 삼성전자SK하이닉스미국채혼합50,10510,2,90,0.86,10524.0,,781668,8243,2102,2026-08-27 04:40:13
266160,2,RISE 고배당,32950,2,140,0.43,33020.0,-11.267,23257,772,2092,2026-08-27 04:40:13
332930,1,HANARO 200TR,143835,2,2395,1.69,143665.0,-14.8132,2580,375,2086,2026-08-27 04:40:13
466930,2,SOL 자동차TOP3플러스,25320,5,-555,-2.14,25333.0,-26.4706,144276,3699,2076,2026-08-27 04:40:13
490090,4,TIGER 미국AI빅테크10,15730,2,65,0.41,15574.0,-10.0489,173524,2728,2068,2026-08-27 04:40:13
117700,2,KODEX 건설,7215,2,85,1.19,7216.0,-15.8748,3842608,27727,2049,2026-08-27 04:40:13
0204D0,2,KODEX 현대차로보틱스밸류체인TOP3플러스,6280,5,-185,-2.86,6248.0,,1225581,7779,2047,2026-08-27 04:40:13
0115D0,2,KODEX 조선TOP10,7870,2,85,1.09,7879.0,-30.9535,1011746,7979,2034,2026-08-27 04:40:13
495060,1,TIME 코리아밸류업액티브,28620,2,290,1.02,28694.0,-22.0848,58814,1690,2032,2026-08-27 04:40:13
0047A0,4,TIGER 차이나테크TOP10,13140,5,-5,-0.04,13175.0,-15.6291,16264,214,1991,2026-08-27 04:40:13
0151S0,4,KODEX 미국AI반도체TOP3플러스,14660,2,280,1.95,14295.0,-16.9403,295694,4341,1986,2026-08-27 04:40:13
0005A0,4,KODEX 미국S&P500데일리커버드콜OTM,9545,3,0,0.0,9496.0,-6.5447,162856,1556,1985,2026-08-27 04:40:13
394670,4,TIGER 글로벌리튬&2차전지SOLACTIVE(합성),11635,5,-20,-0.17,11733.0,-17.1348,11856,137,1959,2026-08-27 04:40:13
302190,6,TIGER 중장기국채,50305,2,105,0.21,50283.0,0.0897,5721,286,1942,2026-08-27 04:40:13
429000,4,TIGER 미국S&P500배당귀족,13750,2,5,0.04,13711.0,0.3859,29632,407,1939,2026-08-27 04:40:13
480040,4,ACE 미국반도체데일리타겟커버드콜(합성),14680,2,310,2.16,14384.0,-20.628,87015,1275,1938,2026-08-27 04:40:13
0192Z0,6,TIGER 중기종합채권(A-이상)액티브,101020,3,0,0.0,101079.0,0.8032,0,0,1929,2026-08-27 04:40:13
495550,1,SOL 코리아밸류업TR,32965,2,305,0.93,33023.0,-15.0144,9146,303,1928,2026-08-27 04:40:13
0069M0,4,1Q 미국나스닥100,13465,2,95,0.71,13358.0,-9.7515,45119,609,1925,2026-08-27 04:40:13
0091C0,6,KODEX 미국10년국채액티브(H),9615,5,-10,-0.1,9616.0,-0.2049,39458,379,1914,2026-08-27 04:40:13
433980,7,KODEX TDF2040액티브 적격,15925,5,-10,-0.06,15850.0,-3.7768,26227,417,1903,2026-08-27 04:40:13
412570,2,TIGER 2차전지TOP10레버리지,1342,2,143,11.93,1346.0,-47.8696,10721276,14003,1879,2026-08-27 04:40:13
0082V0,7,KODEX TDF2060액티브 적격,11310,2,30,0.27,11258.0,-8.3812,58254,658,1872,2026-08-27 04:40:13
486830,6,HANARO 머니마켓액티브,53270,2,5,0.01,53274.0,0.8138,13056,695,1870,2026-08-27 04:40:13
461950,2,KODEX 2차전지핵심소재10,5170,2,265,5.4,5181.0,-33.449,1690299,8627,1846,2026-08-27 04:40:13
122090,1,PLUS 코스피50,82030,2,1135,1.4,82228.0,-15.0466,19055,1574,1846,2026-08-27 04:40:13
483290,4,KODEX 미국배당다우존스타겟커버드콜,10580,5,-60,-0.56,10561.0,-1.1251,141632,1500,1841,2026-08-27 04:40:13
463290,6,1Q 단기금융채액티브,109225,2,25,0.02,109226.0,0.7519,12542,1369,1830,2026-08-27 04:40:13
233160,3,TIGER 코스닥150 레버리지,8075,2,180,2.28,8082.0,-56.9286,2083807,16720,1809,2026-08-27 04:40:13
494330,2,ACE 라이프자산주주가치액티브,33020,5,-25,-0.08,33026.0,2.3007,52640,1746,1783,2026-08-27 04:40:13
0099L0,6,ACE 우량회사채(AA-이상)액티브,99810,2,95,0.1,99891.0,0.8036,19942,1987,1771,2026-08-27 04:40:13
0040X0,7,SOL 팔란티어미국채커버드콜혼합,9660,2,25,0.26,9633.0,1.1253,88138,851,1768,2026-08-27 04:40:13
473460,4,KODEX 미국서학개미,23200,2,170,0.74,22824.0,-16.5597,34138,792,1763,2026-08-27 04:40:13
0093A0,2,RISE AI반도체TOP10,31900,2,560,1.79,31964.0,-22.5217,37030,1179,1755,2026-08-27 04:40:13
0005G0,2,IBK K-AI반도체코어테크,50815,2,880,1.76,50871.0,-20.6099,12147,617,1753,2026-08-27 04:40:13
0051G0,4,SOL 미국원자력SMR,14020,5,-55,-0.39,13823.0,-15.3129,73889,1032,1717,2026-08-27 04:40:13
0190G0,2,KODEX 반도체타겟위클리커버드콜,8885,2,160,1.83,8888.0,-22.2831,447446,3972,1715,2026-08-27 04:40:13
200250,4,KIWOOM 인도Nifty50(합성),21605,5,-170,-0.78,21619.0,-6.4648,6100,131,1707,2026-08-27 04:40:13
332500,1,ACE 200TR,73785,2,1265,1.74,73621.0,-14.9476,6117,451,1697,2026-08-27 04:40:13
480020,4,ACE 미국빅테크7+데일리타겟커버드콜(합성),10340,2,40,0.39,10220.0,-16.3347,121910,1260,1696,2026-08-27 04:40:13
403790,1,MIDAS 코스피액티브,57890,2,265,0.46,58088.0,-13.4955,51210,2972,1693,2026-08-27 04:40:13
490600,4,RISE 미국배당100데일리고정커버드콜,9240,5,-20,-0.22,9229.0,-1.2752,165234,1529,1691,2026-08-27 04:40:13
472870,6,RISE 미국30년국채엔화노출(합성 H),6950,5,-25,-0.36,6975.0,-10.1088,168820,1175,1685,2026-08-27 04:40:13
0064K0,5,KODEX 금액티브,13340,5,-100,-0.74,13368.0,-5.6843,153763,2055,1673,2026-08-27 04:40:13
491820,2,HANARO 전력설비투자,45000,2,3325,7.98,45101.0,-36.0617,169679,7465,1665,2026-08-27 04:40:13
160580,5,TIGER 구리실물,16305,5,-430,-2.57,16577.0,-1.5009,96233,1574,1663,2026-08-27 04:40:13
237370,7,KODEX 코리아배당성장채권혼합,15720,3,0,0.0,15744.0,-2.4659,26009,408,1635,2026-08-27 04:40:13
337160,2,KODEX 200ESG,47890,2,385,0.81,48004.0,-12.2239,6359,307,1628,2026-08-27 04:40:13
494220,2,UNICORN SK하이닉스밸류체인액티브,46500,2,920,2.02,46639.0,-16.6728,47983,2233,1628,2026-08-27 04:40:13
480030,4,ACE 미국500데일리타겟커버드콜(합성),9975,2,25,0.25,9928.0,-7.8631,47557,474,1596,2026-08-27 04:40:13
143860,2,TIGER 헬스케어,39240,5,-285,-0.72,39265.0,-10.809,11972,471,1577,2026-08-27 04:40:13
272560,6,RISE 단기국공채액티브,114885,2,50,0.04,114894.0,0.6485,8129,933,1575,2026-08-27 04:40:13
491610,6,1Q CD금리액티브(합성),104820,2,20,0.02,104804.0,0.7159,1154,120,1554,2026-08-27 04:40:13
354500,1,ACE 코스닥150,14520,2,205,1.43,14549.0,-28.8873,157097,2270,1554,2026-08-27 04:40:13
464240,6,KIWOOM 26-09회사채(AA-이상)액티브,52390,2,10,0.02,52401.0,0.7006,51,2,1535,2026-08-27 04:40:13
0005D0,2,SOL 전고체배터리&실리콘음극재,15145,2,940,6.62,15130.0,-37.9288,862420,12821,1507,2026-08-27 04:40:13
138520,2,TIGER 삼성그룹,37275,2,570,1.55,37345.0,-9.3928,13202,494,1506,2026-08-27 04:40:13
219480,4,KODEX 미국S&P500선물(H),33240,2,155,0.47,33244.0,1.55,2520,83,1496,2026-08-27 04:40:13
0180V0,4,ACE 미국우주테크액티브,7990,5,-5,-0.06,7903.0,-44.6138,124845,996,1494,2026-08-27 04:40:13
152870,1,파워 200,110445,2,1730,1.59,110390.0,-14.7555,1605,179,1491,2026-08-27 04:40:13
0153K0,2,KODEX 주주환원고배당주,12100,5,-10,-0.08,12112.0,0.2975,66369,806,1488,2026-08-27 04:40:13
457990,2,PLUS 태양광&ESS,39100,2,1130,2.98,39204.0,-22.5103,249618,9658,1486,2026-08-27 04:40:13
458210,7,KIWOOM CD금리액티브(합성),110560,2,15,0.01,110531.0,0.7427,287,31,1485,2026-08-27 04:40:13
0127M0,4,ACE 미국대형가치주액티브,12455,2,40,0.32,12381.0,-0.0055,1695,21,1482,2026-08-27 04:40:13
0151P0,2,RISE 코리아전략산업액티브,14750,2,290,2.01,14790.0,-25.6571,116192,1711,1475,2026-08-27 04:40:13
0048K0,4,KODEX 차이나휴머노이드로봇,8430,2,85,1.02,8439.0,-31.886,277953,2321,1467,2026-08-27 04:40:13
245340,4,TIGER 미국다우존스30,36065,5,-100,-0.28,35938.0,-2.6033,7437,268,1450,2026-08-27 04:40:13
0104H0,7,KoAct 미국나스닥채권혼합50액티브,11725,2,175,1.52,11621.0,-12.2341,20499,239,1448,2026-08-27 04:40:13
451530,6,TIGER 국고채30년스트립액티브,34620,3,0,0.0,34600.0,-14.8235,61661,2130,1448,2026-08-27 04:40:13
271050,5,KODEX WTI원유선물인버스(H),2060,5,-20,-0.96,2059.0,3.4825,484406,995,1447,2026-08-27 04:40:13
481180,4,SOL 미국AI소프트웨어,16105,2,575,3.7,15692.0,6.662,76131,1227,1409,2026-08-27 04:40:13
0041E0,4,KODEX 미국S&P500액티브,16190,2,130,0.81,16032.0,-10.7908,75353,1217,1409,2026-08-27 04:40:13
139220,2,TIGER 200 건설,8105,2,30,0.37,8117.0,-15.7538,641633,5251,1383,2026-08-27 04:40:13
495330,1,1Q 코리아밸류업,32075,2,360,1.14,32151.0,-15.3508,3483,111,1379,2026-08-27 04:40:13
0131W0,6,1Q 단기특수은행채액티브,102090,2,20,0.02,102094.0,0.6955,512,52,1375,2026-08-27 04:40:13
0199C0,2,ACE 고배당주Plus커버드콜액티브,9380,5,-40,-0.42,9350.0,,878135,8271,1365,2026-08-27 04:40:13
476030,4,SOL 미국나스닥100,17050,2,110,0.65,16922.0,-9.5002,18266,312,1347,2026-08-27 04:40:13
0074K0,2,KoAct K수출핵심기업TOP30액티브,17605,2,390,2.27,17635.0,-22.4899,31187,547,1347,2026-08-27 04:40:13
0168K0,2,TIGER 기술이전바이오액티브,6515,5,-5,-0.08,6518.0,-23.7873,803879,5250,1347,2026-08-27 04:40:13
304660,6,KODEX 미국30년국채울트라선물(H),7340,2,25,0.34,7346.0,-1.2821,3675,26,1343,2026-08-27 04:40:13
476450,6,KIWOOM 머니마켓액티브,52760,2,10,0.02,52763.0,0.7833,323,17,1338,2026-08-27 04:40:13
0184L0,6,PLUS 중기종합채권(A-이상)액티브,100740,2,100,0.1,100749.0,0.7054,76333,7680,1335,2026-08-27 04:40:13
0193G0,1,KoAct 코스피액티브,8525,2,155,1.85,8534.0,-19.0523,33340,284,1334,2026-08-27 04:40:13
448100,1,WON 200,112900,2,2110,1.9,112578.0,-15.0009,26469,3001,1327,2026-08-27 04:40:13
192090,4,TIGER 차이나CSI300,12495,2,20,0.16,12512.0,-13.3681,11478,143,1318,2026-08-27 04:40:13
0092B0,2,SOL 한국원자력SMR,16255,5,-185,-1.13,16306.0,-21.4713,171019,2779,1317,2026-08-27 04:40:13
471760,2,TIGER AI반도체핵심공정,14325,2,355,2.54,14348.0,-37.0154,471645,6697,1311,2026-08-27 04:40:13
325010,2,KODEX 성장주,43555,2,850,1.99,43646.0,-16.8031,4159,181,1307,2026-08-27 04:40:13
461500,6,HANARO 종합채권(AA-이상)액티브,105375,2,215,0.2,105224.0,-0.9047,35,3,1305,2026-08-27 04:40:13
182480,7,TIGER 미국MSCI리츠(합성 H),14000,5,-30,-0.21,14074.0,2.6827,5314,74,1302,2026-08-27 04:40:13
0123G0,4,TIGER 미국AI전력SMR,6525,5,-30,-0.46,6432.0,-24.7417,84907,553,1302,2026-08-27 04:40:13
498180,6,파워 종합채권(AA-이상)액티브,93320,3,0,0.0,93506.0,-1.034,0,0,1292,2026-08-27 04:40:13
377990,2,TIGER Fn신재생에너지,25820,2,1125,4.56,25883.0,-31.3622,135472,3451,1291,2026-08-27 04:40:13
0000J0,2,PLUS 한화그룹주,29560,2,860,3.0,29612.0,-27.0185,78415,2296,1286,2026-08-27 04:40:13
463680,4,KODEX 미국S&P500테크놀로지,22235,2,415,1.9,21801.0,-7.456,6274,139,1279,2026-08-27 04:40:13
488720,7,WON 종합채권(AA-이상)액티브,48715,2,40,0.08,48739.0,-0.8555,81415,3960,1274,2026-08-27 04:40:13
0181B0,4,HANARO 미국AI메모리반도체TOP4+,9940,2,445,4.69,9679.0,-9.7005,219038,2173,1243,2026-08-27 04:40:13
114820,6,TIGER 국채3년,105400,2,150,0.14,105368.0,0.6166,7633,802,1236,2026-08-27 04:40:13
0000Y0,6,HK 26-12 회사채(AA-이상)액티브,101825,2,25,0.02,101843.0,0.6874,41,4,1232,2026-08-27 04:40:13
447620,7,SOL 미국TOP5채권혼합50,15790,2,30,0.19,15734.0,-3.7558,18792,296,1232,2026-08-27 04:40:13
367770,2,RISE 수소경제테마,23445,2,470,2.05,23494.0,-26.6209,40689,946,1231,2026-08-27 04:40:13
411420,4,KODEX 미국나스닥AI테크액티브,26175,2,280,1.08,25920.0,-14.6741,10448,272,1230,2026-08-27 04:40:13
0191W0,6,HANARO 중기종합채권(A-이상)액티브,100965,3,0,0.0,101074.0,0.7634,0,0,1212,2026-08-27 04:40:13
319640,4,TIGER 골드선물(H),27195,5,-65,-0.24,27196.0,0.9255,10467,284,1210,2026-08-27 04:40:13
328370,1,PLUS 코스피TR,38825,2,395,1.03,38869.0,-14.78,121,4,1204,2026-08-27 04:40:13
469170,2,ACE 포스코그룹포커스,5910,2,185,3.23,5923.0,-26.6198,750611,4422,1200,2026-08-27 04:40:13
0209D0,2,KODEX 전고체배터리ESS TOP2플러스,8515,2,575,7.24,8534.0,,1237102,10398,1188,2026-08-27 04:40:13
399110,4,SOL 미국S&P500ESG,21145,2,40,0.19,20951.0,-4.2093,4484,94,1184,2026-08-27 04:40:13
464930,4,TIGER 글로벌혁신블루칩TOP10,21215,5,-65,-0.31,21142.0,-4.8726,1991,42,1177,2026-08-27 04:40:13
488500,4,TIGER 미국S&P500동일가중,12970,2,70,0.54,12899.0,-1.3812,11384,147,1174,2026-08-27 04:40:13
309230,4,ACE 미국WideMoat동일가중,31730,5,-220,-0.69,31602.0,2.6644,9495,301,1168,2026-08-27 04:40:13
332940,1,HANARO MSCI Korea TR,48585,2,910,1.91,48700.0,-14.3307,572,27,1166,2026-08-27 04:40:13
0080Y0,2,SOL 조선TOP3플러스레버리지,9090,2,200,2.25,9142.0,-59.2202,187916,1711,1164,2026-08-27 04:40:13
372330,4,KODEX 차이나항셍테크,6985,5,-45,-0.64,6991.0,-13.4426,63962,447,1156,2026-08-27 04:40:13
266370,2,KODEX IT,67970,2,1715,2.59,68097.0,-19.4175,48339,3278,1155,2026-08-27 04:40:13
491230,6,PLUS 국공채머니마켓액티브,52505,2,20,0.04,52483.0,0.797,31250,1640,1150,2026-08-27 04:40:13
438570,6,SOL 국고채10년,98865,2,235,0.24,98819.0,-0.4291,62,6,1146,2026-08-27 04:40:13
464310,4,TIGER 글로벌AI&로보틱스 INDXX,13815,2,25,0.18,13780.0,-21.2675,455268,6273,1140,2026-08-27 04:40:13
0122W0,6,RISE 26-11 회사채(AA-이상)액티브,50990,2,30,0.06,50981.0,0.7015,381,19,1139,2026-08-27 04:40:13
326240,2,RISE IT플러스,43745,2,870,2.03,43839.0,-18.8205,2031,88,1129,2026-08-27 04:40:13
0176E0,4,RISE 미국AI전력인프라액티브,9900,2,255,2.64,9688.0,-26.9042,20358,201,1124,2026-08-27 04:40:13
455860,2,SOL 2차전지소부장Fn,4680,2,210,4.7,4691.0,-34.5535,663744,3074,1119,2026-08-27 04:40:13
0135Y0,6,IBK 중기종합채권(AA-이상)액티브,100315,5,-260,-0.26,100607.0,0.6051,188,18,1110,2026-08-27 04:40:13
304940,4,KODEX 미국나스닥100선물(H),32405,2,305,0.95,32158.0,-2.5353,2732,88,1102,2026-08-27 04:40:13
0174B0,7,KoAct 글로벌AI메모리반도체액티브,14390,2,340,2.42,14251.0,-14.4597,157359,2276,1101,2026-08-27 04:40:13
203780,4,TIGER 미국나스닥바이오,37135,5,-265,-0.71,36716.0,15.2364,36062,1342,1077,2026-08-27 04:40:13
0221V0,6,IBK 초단기채권액티브,100405,2,35,0.03,100409.0,,3,0,1073,2026-08-27 04:40:13
0138Y0,7,PLUS 금채권혼합,10090,5,-30,-0.3,10064.0,-2.3167,98923,998,1070,2026-08-27 04:40:13
168580,4,ACE 중국본토CSI300,34215,5,-280,-0.81,34623.0,-12.8034,2844,97,1068,2026-08-27 04:40:13
0193M0,6,BNK 27-12 특수채(AAA이상)액티브,50380,3,0,0.0,50372.0,,0,0,1065,2026-08-27 04:40:13
0091M0,6,HANARO 27-06 회사채(AA-이상)액티브,10155,3,0,0.0,10159.0,0.5943,1172,11,1059,2026-08-27 04:40:13
0036R0,4,RISE 미국휴머노이드로봇,18890,2,130,0.69,18672.0,-16.3015,12337,232,1058,2026-08-27 04:40:13
496090,1,KIWOOM 코리아밸류업,32300,2,490,1.54,32303.0,-15.356,145,4,1050,2026-08-27 04:40:13
0085P0,6,ACE 미국10년국채액티브,9870,5,-35,-0.35,9870.0,-7.8163,101866,1006,1046,2026-08-27 04:40:13
0132K0,7,PLUS 테슬라위클리커버드콜채권혼합,7920,5,-20,-0.25,7951.0,-7.0802,176512,1398,1045,2026-08-27 04:40:13
0137V0,4,KIWOOM 미국S&P500모멘텀,11485,2,90,0.79,11379.0,-8.0943,60541,697,1045,2026-08-27 04:40:13
0233A0,7,ACE 삼성전자SK하이닉스플러스채권혼합50,10440,2,140,1.36,10454.0,,490379,5120,1044,2026-08-27 04:40:13
394660,4,TIGER 글로벌자율주행&전기차SOLACTIVE,15810,5,-35,-0.22,15856.0,-22.9891,2754,43,1037,2026-08-27 04:40:13
0177X0,2,ACE K휴머노이드로봇산업TOP2+,9350,5,-50,-0.53,9366.0,-34.4263,867968,8150,1033,2026-08-27 04:40:13
476850,1,KoAct 배당성장액티브,21625,2,25,0.12,21654.0,-11.1228,81323,1766,1027,2026-08-27 04:40:13
251340,3,KODEX 코스닥150선물인버스,2370,5,-30,-1.25,2380.0,22.6366,35937515,85515,1021,2026-08-27 04:40:13
465780,6,마이티 26-09 특수채(AAA)액티브,106350,3,0,0.0,106382.0,0.6911,0,0,1014,2026-08-27 04:40:13
261270,7,KODEX 미국달러선물인버스,8095,2,35,0.43,8106.0,8.5521,21965,177,1013,2026-08-27 04:40:13
475280,6,ACE 8월만기자동연장회사채AA-이상액티브,10730,2,5,0.05,10733.0,0.7042,47,0,1011,2026-08-27 04:40:13
0008T0,2,SOL 화장품TOP3플러스,19060,5,-685,-3.47,19085.0,34.6403,1306818,25211,1010,2026-08-27 04:40:13
465610,4,ACE 미국빅테크TOP7 Plus레버리지(합성),41945,2,350,0.84,41196.0,-17.3555,3044,127,1007,2026-08-27 04:40:13
0007N0,1,아이엠에셋 200,110025,2,1680,1.55,109885.0,-14.9756,82,9,990,2026-08-27 04:40:13
114100,6,RISE 국고채3년,106915,2,150,0.14,106896.0,0.6172,9084,969,988,2026-08-27 04:40:13
475050,2,ACE KPOP포커스,6815,5,-60,-0.87,6822.0,-21.5183,814125,5655,985,2026-08-27 04:40:13
0142D0,4,TIGER 미국AI데이터센터TOP4Plus,10660,2,265,2.55,10324.0,-23.8741,132906,1417,975,2026-08-27 04:40:13
308620,6,KODEX 미국10년국채선물,11575,5,-55,-0.47,11580.0,-7.8447,24490,283,949,2026-08-27 04:40:13
195980,4,PLUS 신흥국MSCI(합성 H),15205,2,65,0.43,15482.0,-0.4275,9529,145,946,2026-08-27 04:40:13
473440,6,ACE 11월만기자동연장회사채AA-이상액티브,10845,2,5,0.05,10848.0,0.7903,194,2,944,2026-08-27 04:40:13
454320,2,HANARO CAPEX설비투자iSelect,43860,2,1495,3.53,43853.0,-26.8813,3146,136,943,2026-08-27 04:40:13
433970,7,KODEX TDF2030액티브 적격,14045,5,-15,-0.11,13970.0,-2.6831,26715,374,941,2026-08-27 04:40:13
481430,6,RISE 국고채10년액티브,98795,2,305,0.31,98792.0,-0.5353,12241,1209,940,2026-08-27 04:40:13
0035T0,7,PLUS 글로벌휴머노이드로봇액티브,19200,5,-60,-0.31,19204.0,-25.262,13823,265,931,2026-08-27 04:40:13
485690,4,RISE 미국AI밸류체인TOP3Plus,22135,2,465,2.15,21754.0,-10.0229,4963,109,930,2026-08-27 04:40:13
0052T0,6,1Q 중단기회사채(A-이상)액티브,50670,5,-55,-0.11,50728.0,0.7748,202000,10234,929,2026-08-27 04:40:13
211900,2,KODEX 코리아배당성장,28140,5,-155,-0.55,28157.0,-9.8951,5889,166,929,2026-08-27 04:40:13
468380,6,KODEX iShares미국하이일드액티브,11015,5,-30,-0.27,11004.0,-6.7839,36792,404,919,2026-08-27 04:40:13
0066W0,5,SOL 국제금,13500,5,-80,-0.59,13435.0,-5.9232,53148,718,918,2026-08-27 04:40:13
204480,4,TIGER 차이나CSI300레버리지(합성),24540,5,-180,-0.73,24878.0,-27.888,447,10,913,2026-08-27 04:40:13
486240,2,DAISHIN AI반도체&인프라액티브,29425,2,785,2.74,29531.0,-18.5554,554,16,912,2026-08-27 04:40:13
325020,2,KODEX 배당가치,29415,2,20,0.07,29466.0,-7.2989,3037,89,912,2026-08-27 04:40:13
269540,4,PLUS 미국S&P500(H),30135,2,135,0.45,30004.0,0.05,4371,131,904,2026-08-27 04:40:13
298770,4,KODEX 한국대만IT프리미어,81605,2,480,0.59,81873.0,-9.0352,4098,338,898,2026-08-27 04:40:13
143850,4,TIGER 미국S&P500선물(H),77610,2,310,0.4,77627.0,0.9929,1120,86,893,2026-08-27 04:40:13
444490,4,WON 미국S&P500,20260,2,60,0.3,20146.0,-6.0684,6354,129,891,2026-08-27 04:40:13
453080,4,KIWOOM 미국나스닥100(H),22850,2,210,0.93,22680.0,-2.7808,4081,93,891,2026-08-27 04:40:13
108450,2,ACE 삼성그룹섹터가중,40465,2,935,2.37,40487.0,-11.2384,9812,399,890,2026-08-27 04:40:13
329670,7,KODEX TRF7030,22100,5,-20,-0.09,22102.0,-3.7804,11373,251,884,2026-08-27 04:40:13
495040,1,PLUS 코리아밸류업,31985,2,375,1.19,32042.0,-15.1017,937,29,880,2026-08-27 04:40:13
479620,4,SOL 미국AI반도체칩메이커,24520,2,495,2.06,23965.0,-15.2259,16714,410,870,2026-08-27 04:40:13
460960,7,ACE 글로벌인컴TOP10,11150,5,-60,-0.54,11144.0,-5.5145,18562,206,864,2026-08-27 04:40:13
292770,6,KODEX 국채선물3년인버스,57535,5,-70,-0.12,57544.0,0.2087,152,8,863,2026-08-27 04:40:13
0162L0,4,KODEX 차이나AI반도체TOP10,13720,2,595,4.53,13729.0,-23.6311,801443,10670,851,2026-08-27 04:40:13
329660,7,KODEX TRF5050,17880,5,-35,-0.2,17920.0,-2.3683,16396,293,840,2026-08-27 04:40:13
461460,6,PLUS 국고채10년액티브,51690,2,175,0.34,51666.0,-0.579,8004,412,838,2026-08-27 04:40:13
138530,2,TIGER LG그룹플러스,12545,2,55,0.44,12576.0,-12.992,34624,435,835,2026-08-27 04:40:13
490480,2,SOL K방산,30010,2,945,3.25,30063.0,-26.5943,23473,700,825,2026-08-27 04:40:13
130730,6,KIWOOM 단기자금,103010,2,10,0.01,103008.0,0.6891,653,67,824,2026-08-27 04:40:13
359210,1,KODEX 코스피TR,35820,2,445,1.26,35867.0,-15.3709,3332,119,824,2026-08-27 04:40:13
453330,4,RISE 미국S&P500(H),18240,2,70,0.39,18160.0,2.0534,12465,227,821,2026-08-27 04:40:13
0017Y0,6,1Q 종합채권(AA-이상)액티브,93985,2,65,0.07,94087.0,-1.0588,99,9,820,2026-08-27 04:40:13
364960,2,TIGER BBIG,6740,2,85,1.28,6745.0,-11.7375,13467,90,809,2026-08-27 04:40:13
337140,2,KODEX 코스피대형주,36505,2,540,1.5,36601.0,-15.7031,7715,282,803,2026-08-27 04:40:13
449770,4,KIWOOM 미국S&P500,21115,2,30,0.14,21025.0,-5.924,1198,25,802,2026-08-27 04:40:13
469060,4,RISE 미국반도체NYSE,34835,2,710,2.08,34123.0,-14.0803,35511,1234,801,2026-08-27 04:40:13
0018C0,2,PLUS 고배당주위클리고정커버드콜,10730,5,-60,-0.56,10716.0,-6.8552,31024,333,799,2026-08-27 04:40:13
0057H0,7,PLUS 미국S&P500미국채혼합50액티브,11670,5,-25,-0.21,11657.0,-6.5865,97064,1136,794,2026-08-27 04:40:13
157490,2,TIGER 소프트웨어,8465,5,-55,-0.65,8483.0,-6.9362,148331,1262,792,2026-08-27 04:40:13
495750,1,HANARO 코리아밸류업,32195,2,380,1.19,32252.0,-14.9982,380,12,789,2026-08-27 04:40:13
0049M0,4,ACE 미국배당퀄리티+커버드콜액티브,11325,2,5,0.04,11294.0,-6.5622,18042,204,787,2026-08-27 04:40:13
473640,4,HANARO 글로벌금채굴기업,37350,5,-525,-1.39,37028.0,10.6485,45439,1691,784,2026-08-27 04:40:13
492500,7,1Q 현대차그룹채권(A+이상)&국고통안,51400,2,50,0.1,51386.0,0.4499,712,36,782,2026-08-27 04:40:13
458030,6,WON 국공채머니마켓액티브,55035,2,15,0.03,55030.0,0.7046,5,0,780,2026-08-27 04:40:13
0098N0,2,PLUS 자사주매입고배당주,12885,5,-35,-0.27,12890.0,0.1098,28023,363,780,2026-08-27 04:40:13
210780,2,TIGER 코스피고배당,23500,5,-120,-0.51,23506.0,-5.2314,6982,164,776,2026-08-27 04:40:13
434960,1,DAISHIN K200,110050,2,1605,1.48,110183.0,-15.2274,1552,171,770,2026-08-27 04:40:13
365040,1,TIGER AI코리아그로스액티브,36515,2,400,1.11,36607.0,-13.1851,1719,63,767,2026-08-27 04:40:13
0197X0,2,SOL SK하이닉스선물단일종목인버스2X,6690,5,-350,-4.97,6682.0,,10710151,70480,764,2026-08-27 04:40:13
438560,6,SOL 국고채3년,100655,2,90,0.09,100701.0,0.6908,4448,447,764,2026-08-27 04:40:13
0080X0,7,SOL 미국S&P500미국채혼합50,11015,5,-45,-0.41,10990.0,-6.5049,27448,302,760,2026-08-27 04:40:13
412770,4,TIGER 글로벌AI플랫폼액티브,12490,2,330,2.71,12217.0,-22.7446,35724,443,752,2026-08-27 04:40:13
228810,2,TIGER 미디어컨텐츠,3095,5,-35,-1.12,3099.0,-22.3326,217738,679,751,2026-08-27 04:40:13
441540,2,HANARO Fn조선해운,27205,2,85,0.31,27270.0,-24.541,6440,176,735,2026-08-27 04:40:13
272910,6,ACE 중장기국공채액티브,106180,5,-210,-0.2,106396.0,0.5386,1,0,731,2026-08-27 04:40:13
475310,2,SOL 반도체후공정,26540,2,190,0.72,26603.0,-28.4357,125601,3335,730,2026-08-27 04:40:13
0102A0,4,TIGER 미국AI소프트웨어TOP4Plus,8840,2,370,4.37,8574.0,0.4744,181425,1604,729,2026-08-27 04:40:13
292190,1,KODEX KRX300,48250,2,585,1.23,48296.0,-15.8315,1717,83,724,2026-08-27 04:40:13
0022T0,4,SOL 국제금커버드콜액티브,13840,5,-90,-0.65,13781.0,-5.9974,83278,1152,720,2026-08-27 04:40:13
0113D0,4,TIME 글로벌탑픽액티브,12090,2,30,0.25,12027.0,-5.4489,21334,257,719,2026-08-27 04:40:13
266420,2,KODEX 헬스케어,17830,5,-210,-1.16,17831.0,-10.5159,16655,298,713,2026-08-27 04:40:13
0225V0,4,KODEX 미국CPU반도체TOP10,10140,2,295,3.0,10008.0,,349987,3556,710,2026-08-27 04:40:13
211560,2,TIGER 배당성장,35230,5,-180,-0.51,35240.0,-9.3055,2936,103,708,2026-08-27 04:40:13
0098Z0,1,FOCUS 200,93840,2,1475,1.6,93505.0,-14.8437,5,0,704,2026-08-27 04:40:13
475350,4,RISE 버크셔포트폴리오TOP10,14580,5,-60,-0.41,14570.0,-3.3473,10248,149,700,2026-08-27 04:40:13
228800,2,TIGER 여행레저,2680,5,-20,-0.74,2683.0,-13.4616,147517,396,691,2026-08-27 04:40:13
458750,4,TIGER 미국배당다우존스타겟커버드콜1호,13305,5,-30,-0.22,13267.0,-1.7162,19110,253,685,2026-08-27 04:40:13
465330,2,RISE 2차전지TOP10,11510,2,545,4.97,11530.0,-26.8269,198241,2251,682,2026-08-27 04:40:13
440640,6,ACE 단기채권알파액티브,112680,2,40,0.04,112671.0,0.8234,248,27,682,2026-08-27 04:40:13
0190Y0,4,TIGER 구글밸류체인,8625,2,140,1.65,8542.0,-18.5934,88301,761,681,2026-08-27 04:40:13
298340,6,PLUS 국채선물3년,56670,2,80,0.14,56648.0,0.9814,4039,228,680,2026-08-27 04:40:13
100910,1,KIWOOM KRX100,17220,2,165,0.97,17260.0,-14.6772,1683,29,672,2026-08-27 04:40:13
278620,6,PLUS 단기채권액티브,119070,2,5,0.0,119076.0,0.7915,21,2,667,2026-08-27 04:40:13
0115E0,2,KODEX 코리아소버린AI,14910,2,150,1.02,14952.0,-7.6442,18398,273,663,2026-08-27 04:40:13
433880,7,PLUS TDF2060액티브 적격,18665,5,-25,-0.13,18580.0,-6.1143,19282,360,663,2026-08-27 04:40:13
277640,2,TIGER 코스피대형주,37740,2,435,1.17,37837.0,-15.1755,8578,325,660,2026-08-27 04:40:13
491700,1,HK 200,109985,2,1265,1.16,110360.0,-15.0094,5683,634,660,2026-08-27 04:40:13
453950,4,TIGER TSMC파운드리밸류체인,33347,2,227,0.69,33091.0,-9.2106,5573,185,650,2026-08-27 04:40:13
0210E0,2,PLUS 200커버드콜액티브,7560,2,105,1.41,7567.0,,256652,1947,635,2026-08-27 04:40:13
0123S0,2,HANARO 26-12 은행채(AA+이상)액티브,10180,5,-10,-0.1,10187.0,0.7912,75,0,631,2026-08-27 04:40:13
0000D0,7,TIGER 엔비디아미국채커버드콜밸런스(합성),9155,5,-5,-0.05,9039.0,-8.0774,64698,592,627,2026-08-27 04:40:13
453640,4,KODEX 미국S&P500헬스케어,14520,5,-115,-0.79,14461.0,7.3864,35002,508,624,2026-08-27 04:40:13
419890,6,KIWOOM 단기채권ESG액티브,107600,2,60,0.06,107591.0,0.6504,2957,318,624,2026-08-27 04:40:13
0198A0,2,KIWOOM 코스닥150커버드콜액티브,9155,2,115,1.27,9144.0,,552879,5041,623,2026-08-27 04:40:13
306950,3,KODEX KRX300레버리지,77675,2,1995,2.64,78196.0,-41.623,1798,140,621,2026-08-27 04:40:13
0172V0,5,1Q 은액티브,8975,5,-20,-0.22,8884.0,-17.0203,79258,713,619,2026-08-27 04:40:13
455660,6,ACE 미국하이일드액티브(H),9497,2,12,0.13,9493.0,0.5312,5998,56,617,2026-08-27 04:40:13
252400,3,RISE 200선물레버리지,102420,2,2865,2.88,102596.0,-40.5092,17702,1839,615,2026-08-27 04:40:13
0040S0,4,HANARO 글로벌피지컬AI액티브,23605,2,330,1.42,23317.0,-20.4274,6564,155,614,2026-08-27 04:40:13
261070,2,TIGER 코스닥150바이오테크,13070,5,-50,-0.38,13075.0,-21.9048,123948,1619,606,2026-08-27 04:40:13
275980,4,TIGER 글로벌4차산업혁신기술(합성 H),23865,5,-60,-0.25,23950.0,0.0836,1727,41,606,2026-08-27 04:40:13
278240,3,RISE 코스닥150선물레버리지,8230,2,190,2.36,8237.0,-56.9132,54347,443,600,2026-08-27 04:40:13
479730,4,TIGER 인도빌리언컨슈머,10145,5,-125,-1.22,10112.0,-0.0529,2164,22,599,2026-08-27 04:40:13
476750,6,ACE 미국30년국채엔화노출액티브(H),7475,5,-25,-0.33,7484.0,-10.1698,26800,200,598,2026-08-27 04:40:13
0166S0,2,PLUS K제조업핵심기업액티브,11135,2,330,3.05,11157.0,-25.3283,39788,441,596,2026-08-27 04:40:13
495940,4,RISE 미국AI테크액티브,19190,2,295,1.56,18914.0,-18.7476,628,12,595,2026-08-27 04:40:13
150460,2,TIGER 중국소비테마,7855,5,-150,-1.87,7858.0,3.961,9403,74,594,2026-08-27 04:40:13
261240,7,KODEX 미국달러선물,14240,5,-45,-0.32,14256.0,-7.3606,49958,711,592,2026-08-27 04:40:13
491220,1,PLUS 200TR,130200,2,2125,1.66,129997.0,-14.4113,5096,671,586,2026-08-27 04:40:13
0141S0,2,SOL 조선기자재,8800,2,30,0.34,8812.0,-30.9993,74660,656,585,2026-08-27 04:40:13
0181L0,4,SOL 미국우주항공TOP10,7175,5,-20,-0.28,7079.0,-47.8435,124594,895,585,2026-08-27 04:40:13
401470,2,KODEX 메타버스액티브,9765,2,30,0.31,9784.0,-7.6814,11660,113,571,2026-08-27 04:40:13
0194T0,2,ACE SK하이닉스단일종목레버리지,9000,2,400,4.65,9070.0,,65829,606,569,2026-08-27 04:40:13
0111J0,2,HANARO 증권고배당TOP3플러스,12630,5,-160,-1.25,12645.0,-28.9246,25853,329,568,2026-08-27 04:40:13
304780,3,HANARO 200선물레버리지,125000,2,3510,2.89,125061.0,-40.2161,1557,199,563,2026-08-27 04:40:13
0000Z0,2,RISE 바이오TOP10액티브,9480,5,-5,-0.05,9481.0,-30.2061,112989,1074,559,2026-08-27 04:40:13
225040,4,TIGER 미국S&P500레버리지(합성 H),68125,2,695,1.03,67565.0,2.3061,3756,256,559,2026-08-27 04:40:13
455960,6,RISE 미국달러SOFR금리액티브(합성),12135,2,20,0.17,12098.0,-7.1648,1613,19,556,2026-08-27 04:40:13
440910,4,WON 미국우주항공방산,25240,2,100,0.4,25142.0,-9.2747,3006,75,555,2026-08-27 04:40:13
385590,2,ACE ESG액티브,24100,2,435,1.84,23993.0,-10.4616,1772,42,554,2026-08-27 04:40:13
0226A0,7,PLUS SK하이닉스샌디스크채권혼합50,10790,2,240,2.27,10796.0,,142788,1537,540,2026-08-27 04:40:13
0197W0,2,SOL SK하이닉스단일종목레버리지,8880,2,440,5.21,8896.0,,157742,1423,537,2026-08-27 04:40:13
0046Y0,4,ACE 미국배당퀄리티,12630,5,-10,-0.08,12598.0,-5.7029,7361,93,537,2026-08-27 04:40:13
442560,7,RISE TDF2040액티브 적격,16480,2,45,0.27,16358.0,-5.1453,7475,123,536,2026-08-27 04:40:13
0113P0,6,HK 머니마켓액티브,102370,3,0,0.0,102397.0,0.7529,0,0,530,2026-08-27 04:40:13
445150,2,KODEX 친환경조선해운액티브,28645,2,245,0.86,28708.0,-27.4441,3655,105,530,2026-08-27 04:40:13
140700,2,KODEX 보험,21095,5,-370,-1.72,21103.0,16.5055,140411,2993,527,2026-08-27 04:40:13
0118Z0,4,ACE 미국AI테크핵심산업액티브,8775,2,95,1.09,8632.0,-16.9378,12264,107,527,2026-08-27 04:40:13
480310,4,TIGER 글로벌온디바이스AI,18975,2,320,1.72,18836.0,-22.3597,928,17,522,2026-08-27 04:40:13
101280,4,KODEX 일본TOPIX100,30495,5,-135,-0.44,30291.0,-2.1337,4755,145,518,2026-08-27 04:40:13
0185L0,4,TIME 글로벌휴머노이드로봇산업액티브,7422,2,32,0.43,7402.0,-32.3261,28633,211,516,2026-08-27 04:40:13
275300,2,KODEX 우량주,30190,2,210,0.7,30267.0,-12.7401,1628,49,513,2026-08-27 04:40:13
253150,3,PLUS 200선물레버리지,205150,2,6150,3.09,205225.0,-40.8232,5489,1144,513,2026-08-27 04:40:13
114470,6,KIWOOM 국고채3년,108305,2,145,0.13,108262.0,0.6646,1455,157,509,2026-08-27 04:40:13
475260,6,ACE 2월만기자동연장회사채AA-이상액티브,10750,3,0,0.0,10746.0,0.7025,4,0,506,2026-08-27 04:40:13
0139P0,2,ACE 고배당주,13575,5,-140,-1.02,13581.0,-2.9054,11016,150,502,2026-08-27 04:40:13
0041D0,4,KODEX 미국AI소프트웨어TOP10,13145,2,475,3.75,12832.0,-2.418,88330,1160,500,2026-08-27 04:40:13
152500,3,ACE 레버리지,45325,2,1245,2.82,45390.0,-40.3236,55368,2539,499,2026-08-27 04:40:13
0132H0,4,KODEX 미국원자력SMR,8660,5,-50,-0.57,8533.0,-19.6495,69738,604,498,2026-08-27 04:40:13
0118S0,4,SOL 미국넥스트테크TOP10액티브,10770,2,220,2.09,10468.0,-29.7837,24612,265,495,2026-08-27 04:40:13
261220,5,KODEX WTI원유선물(H),22990,2,230,1.01,22969.0,-8.8324,35734,820,494,2026-08-27 04:40:13
218420,4,KODEX 미국S&P500에너지(합성),19990,2,15,0.08,20053.0,-1.6979,60757,1219,491,2026-08-27 04:40:13
418670,4,TIGER 글로벌AI사이버보안,17270,2,850,5.18,16697.0,4.3202,150631,2580,490,2026-08-27 04:40:13
360140,2,KODEX 200롱코스닥150숏선물,22220,2,20,0.09,22210.0,13.8169,28133,629,489,2026-08-27 04:40:13
200030,4,KODEX 미국S&P500산업재(합성),43030,2,505,1.19,42925.0,-5.184,1101,47,485,2026-08-27 04:40:13
336160,6,RISE 금융채액티브,100655,2,190,0.19,100625.0,0.4947,8,0,482,2026-08-27 04:40:13
447430,2,ACE 주주환원가치주액티브,16320,5,-60,-0.37,16327.0,-4.3361,2353,38,481,2026-08-27 04:40:13
316670,1,KIWOOM 코스닥150,7180,2,95,1.34,7193.0,-28.9012,25012,178,481,2026-08-27 04:40:13
140950,1,파워 코스피100,85855,2,1110,1.31,86003.0,-14.6592,185,15,481,2026-08-27 04:40:13
371470,4,TIGER 차이나바이오테크SOLACTIVE,8725,5,-85,-0.96,8803.0,8.6983,118306,1037,478,2026-08-27 04:40:13
123310,3,TIGER 인버스,1121,5,-14,-1.23,1122.0,-2.0708,2523995,2810,478,2026-08-27 04:40:13
256750,4,KODEX 차이나심천ChiNext(합성),15555,2,70,0.45,15631.0,-21.595,1648,25,476,2026-08-27 04:40:13
442260,1,마이티 다이나믹퀀트액티브,37910,2,360,0.96,38021.0,-15.2084,630,23,470,2026-08-27 04:40:13
287180,4,PLUS 미국나스닥테크,55120,2,500,0.92,54640.0,-6.7043,743,41,469,2026-08-27 04:40:13
305050,1,ACE 코스피,71820,2,965,1.36,71791.0,-15.1183,1047,75,467,2026-08-27 04:40:13
0020H0,4,KoAct 글로벌양자컴퓨팅액티브,21705,2,125,0.58,21473.0,-29.8782,8107,175,467,2026-08-27 04:40:13
0194M0,2,ACE 삼성전자단일종목레버리지,11305,2,315,2.87,11353.0,,56471,645,466,2026-08-27 04:40:13
0086B0,2,TIGER 리츠부동산인프라TOP10액티브,9485,5,-120,-1.25,9506.0,-4.7874,8929,84,465,2026-08-27 04:40:13
0178H0,7,IBK 미국AI TOP10국채혼합50,9865,2,80,0.82,9843.0,-5.8603,5233,51,464,2026-08-27 04:40:13
461340,4,HANARO 글로벌생성형AI액티브,42135,2,685,1.65,41562.0,-12.4974,2008,84,463,2026-08-27 04:40:13
276990,4,KODEX 글로벌로봇(합성),25805,2,170,0.66,25749.0,-18.1122,1734,44,457,2026-08-27 04:40:13
473590,4,ACE 미국주식베스트셀러,18950,2,300,1.61,18604.0,-25.7712,146590,2771,455,2026-08-27 04:40:13
196030,4,ACE 일본TOPIX레버리지(H),90395,5,-695,-0.76,90691.0,8.4404,104,9,452,2026-08-27 04:40:13
429760,4,PLUS 미국S&P500,19645,2,30,0.15,19554.0,-5.9139,2676,52,452,2026-08-27 04:40:13
442090,2,에셋플러스 코리아대장장이액티브,30115,2,290,0.97,30103.0,-19.0309,542,16,452,2026-08-27 04:40:13
375770,2,KODEX 탄소효율그린뉴딜,25050,2,380,1.54,24944.0,-14.0757,33,0,451,2026-08-27 04:40:13
473490,4,KIWOOM 글로벌AI반도체,30000,2,350,1.18,29526.0,-13.8486,1081,32,450,2026-08-27 04:40:13
475270,6,ACE 5월만기자동연장회사채AA-이상액티브,10720,3,0,0.0,10728.0,0.61,0,0,447,2026-08-27 04:40:13
261120,7,TIGER 미국달러선물인버스2X,5320,2,35,0.66,5310.0,17.706,8519,45,447,2026-08-27 04:40:13
472830,6,RISE 미국30년국채커버드콜(합성),8000,5,-20,-0.25,7993.0,-9.3916,10012,80,444,2026-08-27 04:40:13
453650,4,KODEX 미국S&P500금융,19655,5,-75,-0.38,19668.0,3.5233,7288,143,442,2026-08-27 04:40:13
487130,2,KoAct AI인프라액티브,28460,2,885,3.21,28510.0,-28.8112,18603,527,441,2026-08-27 04:40:13
0189B0,5,TIGER 은액티브,8645,5,-30,-0.35,8603.0,-16.4661,33372,287,441,2026-08-27 04:40:13
0186S0,7,1Q 코스닥150채권혼합50액티브,8450,2,95,1.14,8483.0,-15.2511,234153,1972,439,2026-08-27 04:40:13
476260,2,HANARO 반도체핵심공정주도주,12650,2,185,1.48,12661.0,-19.0059,139330,1758,436,2026-08-27 04:40:13
0089C0,4,KODEX 미국S&P500변동성확대시커버드콜,11450,3,0,0.0,11422.0,-5.6806,2256,25,435,2026-08-27 04:40:13
401170,2,RISE 메타버스,10980,5,-50,-0.45,10992.0,-13.0812,153,1,435,2026-08-27 04:40:13
238720,4,ACE 일본Nikkei225(H),48230,2,150,0.31,48156.0,2.2652,1891,90,434,2026-08-27 04:40:13
139320,5,TIGER 금은선물(H),19280,5,-60,-0.31,19186.0,-0.54,9940,191,434,2026-08-27 04:40:13
139280,2,TIGER 경기방어,13150,5,-215,-1.61,13167.0,2.4996,7022,92,431,2026-08-27 04:40:13
494840,4,TIGER 미국방산TOP10,13020,2,70,0.54,13032.0,-4.6492,12711,165,430,2026-08-27 04:40:13
0141T0,6,SOL 중기종합채권(AA-이상)액티브,50345,2,20,0.04,50376.0,0.5997,12006,603,428,2026-08-27 04:40:13
0007G0,4,PLUS 글로벌원자력밸류체인,14200,2,50,0.35,14173.0,-12.384,24725,353,426,2026-08-27 04:40:13
0192L0,2,RISE SK하이닉스단일종목레버리지,9225,2,510,5.85,9240.0,,39516,371,424,2026-08-27 04:40:13
428510,4,KODEX 차이나AI테크액티브,24590,2,755,3.17,24653.0,-23.2102,12718,308,418,2026-08-27 04:40:13
282000,3,RISE 국고채3년선물인버스,114320,5,-165,-0.14,114351.0,0.2056,894,102,417,2026-08-27 04:40:13
440650,6,ACE 미국달러단기채권액티브,11590,5,-35,-0.3,11581.0,-7.0744,20938,242,417,2026-08-27 04:40:13
0191M0,6,마이티 5월만기자동연장특수채(AAA)액티브,100675,3,0,0.0,100705.0,,0,0,417,2026-08-27 04:40:13
0220B0,1,DS 코스닥액티브,9750,2,195,2.04,9769.0,,45969,447,414,2026-08-27 04:40:13
448570,1,FOCUS AI코리아액티브,30395,2,335,1.11,30360.0,-12.1053,34,1,410,2026-08-27 04:40:13
0112X0,1,마이티 200TR,40965,2,400,0.99,41127.0,-15.0561,9805,404,410,2026-08-27 04:40:13
472840,1,IBK 200,108620,2,1390,1.3,108833.0,-14.6627,247,26,407,2026-08-27 04:40:13
183700,7,RISE 200채권혼합50,96970,2,1180,1.23,96431.0,-7.4608,1407,136,407,2026-08-27 04:40:13
0207G0,2,SOL 우주항공밸류체인,6840,2,185,2.78,6837.0,,654519,4436,404,2026-08-27 04:40:13
0209Z0,2,ACE 코리아AI전력TOP10,7530,2,420,5.91,7542.0,,229518,1701,399,2026-08-27 04:40:13
147970,2,TIGER 모멘텀,81840,2,395,0.48,81936.0,-19.9047,649,53,393,2026-08-27 04:40:13
352540,7,KODEX 일본부동산리츠(H),11495,2,5,0.04,11528.0,2.9178,4746,54,391,2026-08-27 04:40:13
322410,2,HANARO K고배당,22950,5,-45,-0.2,22956.0,-3.7728,2048,47,390,2026-08-27 04:40:13
0100K0,2,KODEX 방산TOP10레버리지,6940,2,435,6.69,6981.0,-52.4663,478611,3234,389,2026-08-27 04:40:13
292560,7,TIGER 일본엔선물,8040,5,-45,-0.56,8013.0,-7.6,135011,1085,386,2026-08-27 04:40:13
275280,2,KODEX 모멘텀주,42640,2,480,1.14,42735.0,-16.1226,2727,116,384,2026-08-27 04:40:13
491830,4,TIGER 미국AI반도체팹리스,21820,2,640,3.02,21201.0,-17.1727,82736,1803,382,2026-08-27 04:40:13
195930,4,TIGER 유로스탁스50(합성 H),23865,2,95,0.4,23817.0,7.2169,1663,39,382,2026-08-27 04:40:13
400970,2,TIGER Fn메타버스,7515,5,-100,-1.31,7527.0,-21.2513,11958,90,380,2026-08-27 04:40:13
276970,4,KODEX 미국S&P500배당귀족커버드콜(합성 H),7990,2,5,0.06,8075.0,10.7929,7122,56,376,2026-08-27 04:40:13
365000,2,TIGER 인터넷TOP10,3705,2,20,0.54,3719.0,-22.8273,53943,201,374,2026-08-27 04:40:13
452250,6,ACE 미국30년국채선물레버리지(합성 H),4815,3,0,0.0,4853.0,-3.6037,288,1,373,2026-08-27 04:40:13
464470,6,PLUS 미국채30년액티브,48420,5,-95,-0.2,48485.0,-9.0728,10635,516,370,2026-08-27 04:40:13
469050,4,RISE 미국반도체NYSE(H),31660,2,700,2.26,31040.0,-6.6042,75558,2391,364,2026-08-27 04:40:13
449690,4,TIGER 한중반도체(합성),48425,2,1145,2.42,48950.0,-21.0224,140,6,363,2026-08-27 04:40:13
450910,1,SOL 코스닥150,14095,2,175,1.26,14110.0,-29.0159,22209,312,361,2026-08-27 04:40:13
104530,2,KIWOOM 코리아고배당,17570,5,-180,-1.01,17573.0,-8.7416,3744,66,360,2026-08-27 04:40:13
352560,7,KODEX 미국부동산리츠(H),12545,5,-15,-0.12,12532.0,1.242,2548,31,358,2026-08-27 04:40:13
381560,2,HANARO Fn전기&수소차,17750,2,275,1.57,17755.0,-22.6878,1591,28,355,2026-08-27 04:40:13
153270,1,KIWOOM 코스피100,84425,2,1055,1.27,84416.0,-14.6812,1176,99,355,2026-08-27 04:40:13
415920,5,PLUS 글로벌희토류&전략자원생산기업,7510,2,15,0.2,7479.0,-24.3694,45932,341,353,2026-08-27 04:40:13
498860,2,RISE 코리아금융고배당,16735,5,-115,-0.68,16733.0,-11.7031,8434,142,351,2026-08-27 04:40:13
322400,2,HANARO e커머스,10470,5,-185,-1.74,10479.0,-2.023,5481,57,351,2026-08-27 04:40:13
0154F0,2,WON 초대형IB&금융지주,12065,2,25,0.21,12087.0,-11.8917,17356,210,350,2026-08-27 04:40:13
241390,7,RISE V&S셀렉트밸류채권혼합,15840,2,210,1.34,15847.0,-6.5405,1184,18,348,2026-08-27 04:40:13
475070,4,KoAct 글로벌친환경전력인프라액티브,30100,2,550,1.86,29900.0,-30.4625,3108,93,346,2026-08-27 04:40:13
276650,4,RISE 글로벌테크놀로지(합성 H),46055,2,750,1.66,45593.0,-2.6432,406,18,345,2026-08-27 04:40:13
407830,4,에셋플러스 글로벌플랫폼액티브,14355,2,35,0.24,14217.0,-13.735,126,1,345,2026-08-27 04:40:13
385520,2,KODEX 자율주행액티브,16005,2,195,1.23,16009.0,-25.6,4412,70,344,2026-08-27 04:40:13
138910,5,KODEX 구리선물(H),10115,5,-230,-2.22,10107.0,4.6535,38415,388,344,2026-08-27 04:40:13
380340,2,ACE 코리아AI테크핵심산업,28265,2,275,0.98,28366.0,-16.0594,70836,1997,339,2026-08-27 04:40:13
295020,6,RISE 국채선물10년인버스,60160,5,-205,-0.34,60202.0,1.4793,5,0,338,2026-08-27 04:40:13
449780,4,KIWOOM 미국S&P500(H),18735,2,100,0.54,18638.0,1.2258,7259,136,337,2026-08-27 04:40:13
105780,2,RISE 5대그룹주,16825,2,165,0.99,16867.0,-17.586,1320,22,337,2026-08-27 04:40:13
496770,4,PLUS 글로벌방산,18115,2,135,0.75,18064.0,-1.963,11612,210,335,2026-08-27 04:40:13
465660,4,TIGER 일본반도체FACTSET,24785,2,390,1.6,24526.0,-10.7001,9602,234,335,2026-08-27 04:40:13
122260,6,KIWOOM 통안채1년,104145,2,15,0.01,104146.0,0.6524,2262,235,333,2026-08-27 04:40:13
099140,4,KODEX 차이나H,21490,5,-160,-0.74,21411.0,-7.3429,8701,187,333,2026-08-27 04:40:13
261140,2,TIGER 우선주,24750,2,20,0.08,24764.0,-11.499,8431,209,332,2026-08-27 04:40:13
0184E0,7,1Q 200채권혼합50액티브,11040,2,30,0.27,11055.0,-6.0936,114076,1257,331,2026-08-27 04:40:13
227540,2,TIGER 200 헬스케어,20170,5,-320,-1.56,20192.0,1.763,16752,340,331,2026-08-27 04:40:13
0023B0,4,PLUS 미국양자컴퓨팅TOP10,16065,5,-350,-2.13,15884.0,-27.5756,24431,391,329,2026-08-27 04:40:13
174360,4,RISE 중국본토대형주CSI100,23415,5,-110,-0.47,23524.0,-13.6856,1835,42,328,2026-08-27 04:40:13
474800,4,KIWOOM 미국원유에너지기업,15610,5,-80,-0.51,15684.0,-1.3598,30171,473,328,2026-08-27 04:40:13
491090,4,KODEX 미국테크TOP3플러스,17700,2,85,0.48,17538.0,-9.4976,124080,2195,327,2026-08-27 04:40:13
476690,4,TIGER 글로벌비만치료제TOP2Plus,10870,5,-360,-3.21,10925.0,2.8743,4513,49,326,2026-08-27 04:40:13
0138T0,4,RISE 미국S&P500데일리고정커버드콜,9530,2,30,0.32,9501.0,-6.4966,7993,76,324,2026-08-27 04:40:13
465350,3,RISE 2차전지TOP10인버스(합성),16187,5,-958,-5.59,16256.0,21.5095,213488,3493,324,2026-08-27 04:40:13
256440,4,ACE MSCI인도네시아(합성),5300,5,-55,-1.03,5320.0,-7.5928,14040,74,323,2026-08-27 04:40:13
459560,4,KODEX 테슬라밸류체인FactSet,21510,2,135,0.63,21398.0,-19.5402,5267,113,323,2026-08-27 04:40:13
0150K0,2,KoAct 수소전력ESS인프라액티브,11115,2,515,4.86,11147.0,-33.9153,36992,405,322,2026-08-27 04:40:13
271060,5,KODEX 3대농산물선물(H),9075,2,255,2.89,9112.0,5.5023,64195,581,321,2026-08-27 04:40:13
0083S0,4,1Q 미국메디컬AI,11075,5,-160,-1.42,11026.0,12.5305,19924,220,321,2026-08-27 04:40:13
0192T0,2,SOL 코스닥TOP10,7445,2,110,1.5,7441.0,-28.0883,253397,1882,320,2026-08-27 04:40:13
266360,2,KODEX K콘텐츠,9960,5,-70,-0.7,9960.0,-9.6804,6625,66,319,2026-08-27 04:40:13
426150,6,WON 대한민국국고채액티브,51235,2,10,0.02,51242.0,-2.121,53,2,319,2026-08-27 04:40:13
248270,4,TIGER S&P글로벌헬스케어(합성),27310,5,-245,-0.89,27076.0,6.2259,1873,51,317,2026-08-27 04:40:13
139270,2,TIGER 200 금융,16915,2,15,0.09,16915.0,-0.4976,18114,307,315,2026-08-27 04:40:13
459750,4,RISE 글로벌주식분산액티브,17935,5,-80,-0.44,17961.0,-5.238,5137,92,314,2026-08-27 04:40:13
494410,4,PLUS 미국S&P500성장주,14265,2,30,0.21,14127.0,-6.7398,881,12,314,2026-08-27 04:40:13
245350,4,TIGER 유로스탁스배당30,19605,5,-15,-0.08,19643.0,-1.4325,996,19,314,2026-08-27 04:40:13
0085N0,6,ACE 미국10년국채액티브(H),9800,5,-5,-0.05,9805.0,-0.157,24663,241,314,2026-08-27 04:40:13
0089B0,7,PLUS 미국나스닥100미국채혼합50,11195,2,15,0.13,11155.0,-8.3935,48381,540,313,2026-08-27 04:40:13
395170,2,KODEX Top10동일가중,15660,2,5,0.03,15687.0,-21.7148,1503,23,313,2026-08-27 04:40:13
0192M0,2,RISE 삼성전자단일종목레버리지,11465,2,320,2.87,11460.0,,19748,228,312,2026-08-27 04:40:13
156080,1,KODEX MSCI Korea,51955,2,585,1.14,52088.0,-14.2865,3656,190,312,2026-08-27 04:40:13
395290,2,HANARO Fn K-POP&미디어,4915,5,-55,-1.11,4926.0,-22.4649,120828,602,310,2026-08-27 04:40:13
275290,2,KODEX 가치주,34320,2,220,0.65,34401.0,-9.9359,667,23,309,2026-08-27 04:40:13
0204S0,1,TIGER 코스닥액티브,6790,2,80,1.19,6799.0,,34564,234,308,2026-08-27 04:40:13
468630,6,KODEX iShares미국투자등급회사채액티브,10930,5,-20,-0.18,10922.0,-8.7054,5475,59,307,2026-08-27 04:40:13
476070,4,KODEX 글로벌비만치료제TOP2 Plus,11370,5,-320,-2.74,11437.0,3.1712,18597,212,307,2026-08-27 04:40:13
464920,4,PLUS 일본반도체소부장,24285,5,-245,-1.0,24340.0,-4.6453,17552,426,304,2026-08-27 04:40:13
0155N0,2,HANARO K휴머노이드테마TOP10,7550,5,-65,-0.85,7555.0,-31.2105,37729,284,302,2026-08-27 04:40:13
446690,4,KODEX 아시아AI반도체exChina액티브,60400,2,920,1.55,60439.0,-21.3435,9945,600,302,2026-08-27 04:40:13
469790,2,KIWOOM 코리아테크TOP10,43090,2,465,1.09,43209.0,-14.0959,531,22,302,2026-08-27 04:40:13
117680,2,KODEX 철강,13050,2,325,2.55,13060.0,-22.8619,75655,982,301,2026-08-27 04:40:13
261250,7,KODEX 미국달러선물레버리지,15900,5,-105,-0.66,15909.0,-14.7537,37757,599,301,2026-08-27 04:40:13
415340,4,KODEX 차이나과창판STAR50(합성),14495,2,375,2.66,14577.0,-18.0262,24397,345,300,2026-08-27 04:40:13
0155M0,4,ACE 미국SMR원자력TOP10,7220,5,-170,-2.3,7139.0,-18.3877,52561,381,300,2026-08-27 04:40:13
387270,4,TIGER 글로벌이노베이션액티브,24750,2,445,1.83,24539.0,-17.7218,745,18,299,2026-08-27 04:40:13
192720,2,파워 고배당저변동성,58635,5,-440,-0.74,58603.0,-2.1309,2270,133,299,2026-08-27 04:40:13
450190,4,KODEX 한중반도체(합성),49285,2,1515,3.17,49385.0,-20.2837,620,30,296,2026-08-27 04:40:13
145850,2,TREX 펀더멘탈 200,118225,3,0,0.0,118109.0,-9.0394,0,0,296,2026-08-27 04:40:13
117460,2,KODEX 에너지화학,13505,2,50,0.37,13544.0,-20.82,15159,204,293,2026-08-27 04:40:13
0107F0,4,KIWOOM 미국고배당&AI테크,11480,2,5,0.04,11468.0,-5.2814,4616,53,293,2026-08-27 04:40:13
253250,3,KIWOOM 200선물레버리지,100900,2,2210,2.24,101110.0,-39.6558,25838,2639,293,2026-08-27 04:40:13
289480,3,TIGER 200커버드콜,12645,2,30,0.24,12691.0,10.291,14246,180,291,2026-08-27 04:40:13
0203S0,7,WON 삼성전자현대차채권혼합50,8680,5,-30,-0.34,8702.0,,34856,304,291,2026-08-27 04:40:13
494340,4,ACE 글로벌AI맞춤형반도체,19230,2,555,2.97,18857.0,-22.8625,7623,146,288,2026-08-27 04:40:13
0218J0,7,RISE 미국우주&로봇TOP2미국채혼합50,8955,2,25,0.28,8900.0,,49923,446,282,2026-08-27 04:40:13
223190,2,KODEX 200가치저변동,28155,5,-45,-0.16,28230.0,-10.3698,1342,37,282,2026-08-27 04:40:13
0166N0,1,PLUS 코스닥150액티브,7795,2,315,4.21,7803.0,-35.0977,43520,336,281,2026-08-27 04:40:13
475380,7,RISE 글로벌리얼티인컴,10500,5,-65,-0.62,10521.0,-8.4347,2372,24,278,2026-08-27 04:40:13
252710,3,TIGER 200선물인버스2X,82,5,-2,-2.38,82.0,-17.6471,99102001,8035,277,2026-08-27 04:40:13
0198D0,2,1Q SK하이닉스선물단일종목레버리지,9430,2,565,6.37,9406.0,,52696,507,275,2026-08-27 04:40:13
261060,2,TIGER 코스닥150IT,23575,2,390,1.68,23596.0,-29.0219,11755,276,273,2026-08-27 04:40:13
440340,7,TIGER 글로벌멀티에셋TIF액티브,12125,5,-10,-0.08,12079.0,-6.7853,5045,60,273,2026-08-27 04:40:13
493420,4,SOL 미국배당다우존스2호,12980,5,-85,-0.65,12971.0,-1.3159,11917,154,273,2026-08-27 04:40:13
0137W0,4,KIWOOM 미국S&P500&GOLD,10470,5,-10,-0.1,10445.0,-5.6652,4529,47,272,2026-08-27 04:40:13
459790,4,KIWOOM 미국성장기업30액티브,20110,3,0,0.0,19991.0,-16.8321,3,0,271,2026-08-27 04:40:13
167860,6,KIWOOM 국고채10년레버리지,93340,2,340,0.37,93251.0,-1.3995,17,1,271,2026-08-27 04:40:13
0013R0,7,RISE 테슬라미국채타겟커버드콜혼합(합성),7940,2,5,0.06,7874.0,-13.0313,12384,97,270,2026-08-27 04:40:13
0164G0,4,RISE 차이나AI반도체TOP4Plus,12835,2,295,2.35,12913.0,-23.4666,30859,385,270,2026-08-27 04:40:13
419430,4,KODEX 차이나2차전지MSCI(합성),9600,5,-140,-1.44,9604.0,-21.1975,1202,11,269,2026-08-27 04:40:13
437350,6,RISE 미국단기투자등급회사채액티브,12215,5,-45,-0.37,12223.0,-7.3319,14661,179,269,2026-08-27 04:40:13
225130,4,ACE 골드선물 레버리지(합성 H),53725,5,-675,-1.24,54136.0,0.369,3525,190,269,2026-08-27 04:40:13
0223R0,4,TIGER 미국테크NYSE100액티브,9325,2,195,2.14,9193.0,,36953,343,269,2026-08-27 04:40:13
245360,4,TIGER 차이나HSCEI,12430,5,-105,-0.84,12367.0,-6.998,2173,26,267,2026-08-27 04:40:13
0152E0,2,SOL 배당성향탑픽액티브,10825,5,-115,-1.05,10831.0,-7.0306,8027,87,265,2026-08-27 04:40:13
456680,4,TIGER 차이나전기차레버리지(합성),6500,5,-125,-1.89,6538.0,-42.7151,24038,155,265,2026-08-27 04:40:13
479850,2,HANARO K-뷰티,19640,5,-560,-2.77,19637.0,26.25,60431,1202,265,2026-08-27 04:40:13
185680,4,KODEX 미국S&P바이오(합성),49835,2,25,0.05,49618.0,16.692,1574,78,265,2026-08-27 04:40:13
461600,6,SOL 미국30년국채액티브(H),8415,2,25,0.3,8424.0,-1.814,5416,45,265,2026-08-27 04:40:13
0049K0,7,ACE 미국배당퀄리티채권혼합50,11175,5,-5,-0.04,11132.0,-3.1137,6205,69,263,2026-08-27 04:40:13
0103T0,2,1Q K소버린AI,8895,5,-5,-0.06,8899.0,-4.1465,11566,103,262,2026-08-27 04:40:13
368190,2,HANARO Fn K-뉴딜디지털플러스,8200,2,110,1.36,8203.0,-10.8049,1005,8,262,2026-08-27 04:40:13
489290,4,WON 미국빌리어네어,14955,2,115,0.77,14744.0,-10.2239,707,10,262,2026-08-27 04:40:13
0047R0,4,RISE 팔란티어고정테크100,15270,2,130,0.86,15201.0,-1.906,2416,36,260,2026-08-27 04:40:13
0115C0,4,RISE 미국고배당다우존스TOP10,11265,5,-160,-1.4,11274.0,-1.1736,5661,63,259,2026-08-27 04:40:13
277540,4,ACE 아시아TOP50,32335,2,200,0.62,32100.0,-8.1858,66,2,259,2026-08-27 04:40:13
414270,4,ACE 글로벌자율주행액티브,11825,5,-105,-0.88,11802.0,-18.2877,12843,152,254,2026-08-27 04:40:13
0097L0,7,KIWOOM 한국고배당&미국AI테크,12675,3,0,0.0,12626.0,-5.0171,7665,97,254,2026-08-27 04:40:13
496120,1,ACE 코리아밸류업,33500,2,395,1.19,33562.0,-12.8807,284,9,251,2026-08-27 04:40:13
483570,4,KCGI 미국S&P500 TOP10,15555,2,25,0.16,15420.0,-10.9263,1006,15,249,2026-08-27 04:40:13
292500,1,SOL KRX300,49320,2,500,1.02,49414.0,-15.7347,8,0,247,2026-08-27 04:40:13
411540,1,SOL 200 Top10,17545,2,240,1.39,17571.0,-17.2653,3002,52,246,2026-08-27 04:40:13
139250,2,TIGER 200 에너지화학,17490,2,155,0.89,17538.0,-16.973,15170,265,245,2026-08-27 04:40:13
0198B0,2,1Q 삼성전자선물단일종목레버리지,11790,2,400,3.51,11751.0,,13772,162,245,2026-08-27 04:40:13
159800,1,마이티 코스피100,86635,2,1180,1.38,86799.0,-15.118,54,4,243,2026-08-27 04:40:13
292160,1,TIGER KRX300,48410,2,445,0.93,48500.0,-15.2918,1728,84,242,2026-08-27 04:40:13
195970,4,PLUS 선진국MSCI(합성 H),16565,5,-75,-0.45,16694.0,5.5837,1520,25,242,2026-08-27 04:40:13
289250,2,TIGER MSCI KOREA ESG유니버설,35000,2,330,0.95,35079.0,-12.6094,927,32,242,2026-08-27 04:40:13
269420,4,KODEX S&P글로벌인프라(합성),22570,2,225,1.01,22457.0,-10.225,1619,36,240,2026-08-27 04:40:13
481340,6,RISE 미국30년국채액티브,8715,5,-25,-0.29,8721.0,-9.1978,19451,169,240,2026-08-27 04:40:13
461450,1,KODEX 코스닥글로벌,15970,2,355,2.27,15979.0,-23.249,7193,114,240,2026-08-27 04:40:13
367740,2,HANARO Fn5G산업,43390,2,910,2.14,43486.0,-14.8527,902,39,239,2026-08-27 04:40:13
0093D0,7,KoAct 팔란티어밸류체인액티브,17635,2,375,2.17,17537.0,-11.9164,45605,805,238,2026-08-27 04:40:13
280930,4,KODEX 미국러셀2000(H),16990,5,-30,-0.18,16987.0,3.2453,4094,69,238,2026-08-27 04:40:13
442550,7,RISE TDF2030액티브 적격,14785,2,35,0.24,14675.0,-4.2055,8893,131,237,2026-08-27 04:40:13
388280,2,RISE K엔터&여행레저,7110,5,-45,-0.63,7115.0,-13.3778,5290,37,236,2026-08-27 04:40:13
364690,1,KODEX 혁신기술테마액티브,39230,2,425,1.1,39374.0,-17.3725,364,14,235,2026-08-27 04:40:13
138230,7,KIWOOM 미국달러선물,16160,5,-55,-0.34,16166.0,-7.2369,3413,55,234,2026-08-27 04:40:13
204450,4,KODEX 차이나H레버리지(H),2350,5,-35,-1.47,2354.0,-3.2455,21738,50,233,2026-08-27 04:40:13
0127R0,4,RISE 미국AI클라우드인프라,17210,2,670,4.05,16667.0,-14.1588,15983,275,232,2026-08-27 04:40:13
0206G0,7,1Q 현대차기아채권혼합50,8140,5,-140,-1.69,8148.0,,169838,1390,232,2026-08-27 04:40:13
438320,4,TIGER 차이나항셍테크레버리지(합성 H),5280,5,-35,-0.66,5335.0,-15.5008,7094,37,232,2026-08-27 04:40:13
300950,2,KODEX 게임산업,5490,5,-95,-1.7,5491.0,-12.3922,21286,117,231,2026-08-27 04:40:13
471460,6,KIWOOM 국고채30년액티브,45615,2,80,0.18,45634.0,-6.8397,216,9,228,2026-08-27 04:40:13
217770,5,TIGER 원유선물인버스(H),1303,5,-11,-0.84,1304.0,0.9216,106277,138,227,2026-08-27 04:40:13
469160,4,ACE 일본반도체,25125,2,165,0.66,25119.0,-16.9523,2701,67,226,2026-08-27 04:40:13
477730,4,KODEX 인도타타그룹,7500,5,-75,-0.99,7508.0,-6.9231,1309,9,225,2026-08-27 04:40:13
0067V0,4,TIGER 차이나글로벌리더스TOP3+,10175,5,-95,-0.93,10222.0,-14.5236,153,1,224,2026-08-27 04:40:13
0065G0,4,KODEX 차이나테크TOP10,8775,5,-50,-0.57,8836.0,-15.2415,4631,40,224,2026-08-27 04:40:13
0047P0,4,RISE 테슬라고정테크100,14410,2,15,0.1,14304.0,-12.4892,561,8,223,2026-08-27 04:40:13
0177A0,2,WON 두산그룹포커스,9090,2,115,1.28,9108.0,-30.21,32049,290,223,2026-08-27 04:40:13
376410,2,TIGER 탄소효율그린뉴딜,24720,2,290,1.19,24698.0,-13.8494,235,5,222,2026-08-27 04:40:13
375760,2,HANARO 탄소효율그린뉴딜,24630,2,535,2.22,24608.0,-14.8221,50,1,222,2026-08-27 04:40:13
404260,2,KODEX 기후변화솔루션,24595,2,700,2.93,24664.0,-20.9308,229,5,221,2026-08-27 04:40:13
433220,4,에셋플러스 글로벌대장장이액티브,29865,2,280,0.95,29548.0,-18.3074,83,2,221,2026-08-27 04:40:13
0153X0,4,PLUS 미국고배당주액티브,11595,5,-50,-0.43,11604.0,2.4137,8652,100,220,2026-08-27 04:40:13
464600,2,SOL 자동차소부장Fn,23165,5,-45,-0.19,23177.0,-27.3212,4962,115,220,2026-08-27 04:40:13
239660,6,PLUS 우량회사채50,121795,2,80,0.07,121801.0,0.6866,367,44,219,2026-08-27 04:40:13
108590,1,TREX 200,109300,2,1935,1.8,109023.0,-14.9639,79,8,219,2026-08-27 04:40:13
0186L0,4,KoAct 미국로봇피지컬AI액티브,9285,2,205,2.26,9156.0,-18.7836,11493,106,218,2026-08-27 04:40:13
447660,7,PLUS 애플채권혼합,13605,5,-10,-0.07,13682.0,-1.7713,10641,144,218,2026-08-27 04:40:13
0026E0,4,KODEX 미국S&P500버퍼3월액티브,11715,5,-15,-0.13,11714.0,-5.2122,112,1,217,2026-08-27 04:40:13
253290,7,RISE 헬스케어채권혼합,11895,2,15,0.13,11909.0,-3.4783,14686,174,214,2026-08-27 04:40:13
465670,4,TIGER 미국캐시카우100,17115,5,-120,-0.7,16947.0,7.5458,16737,287,214,2026-08-27 04:40:13
463300,4,RISE 중국본토CSI300,13320,2,90,0.68,13348.0,-12.0853,1157,15,213,2026-08-27 04:40:13
371450,4,TIGER 글로벌클라우드컴퓨팅INDXX,13595,2,60,0.44,13467.0,8.107,2737,37,212,2026-08-27 04:40:13
416090,4,ACE 중국과창판STAR50,13235,2,425,3.32,13153.0,-19.1799,3764,49,212,2026-08-27 04:40:13
417630,2,TIGER KEDI혁신기업ESG30,20030,2,250,1.26,20090.0,-10.2134,962,19,210,2026-08-27 04:40:13
300640,2,RISE 게임테마,6465,5,-10,-0.15,6480.0,-9.6932,2488,16,210,2026-08-27 04:40:13
226980,1,KODEX 200 중소형,23295,2,260,1.13,23322.0,-16.9072,25834,600,210,2026-08-27 04:40:13
0192S0,7,SOL 코스피200채권혼합50,9500,2,70,0.74,9516.0,-7.1264,95444,911,209,2026-08-27 04:40:13
337120,2,KODEX 멀티팩터,34795,2,605,1.77,34683.0,-15.4586,5,0,209,2026-08-27 04:40:13
152380,6,KODEX 국채선물10년,65325,2,205,0.31,65318.0,-0.565,1235,80,208,2026-08-27 04:40:13
091220,2,TIGER 은행,16745,2,85,0.51,16767.0,7.1654,22647,380,208,2026-08-27 04:40:13
364990,2,TIGER 게임TOP10,4740,5,-70,-1.46,4738.0,-12.4659,90884,433,206,2026-08-27 04:40:13
0224X0,7,1Q 엔비디아알파벳미국채혼합50,9805,2,40,0.41,9624.0,,77827,764,206,2026-08-27 04:40:13
169950,4,KODEX 차이나A50,25705,2,125,0.49,25747.0,-11.2576,901,22,206,2026-08-27 04:40:13
437070,6,KODEX 아시아달러채권ESG플러스액티브,59410,5,-270,-0.45,59499.0,-8.1301,100,5,206,2026-08-27 04:40:13
404120,2,TIME K신재생에너지액티브,25570,2,470,1.87,25617.0,-21.7093,1020,25,205,2026-08-27 04:40:13
0231Z0,7,KODEX 코리아TDF2065액티브 적격,10220,2,110,1.09,10225.0,,31458,322,204,2026-08-27 04:40:13
304770,1,HANARO 코스닥150,14380,2,175,1.23,14423.0,-28.4383,14003,200,204,2026-08-27 04:40:13
289040,2,KODEX MSCI KOREA ESG유니버설,33800,2,1030,3.14,33631.0,-13.7897,6,0,203,2026-08-27 04:40:13
0144M0,4,KODEX 미국드론UAM TOP10,7360,5,-10,-0.14,7306.0,-23.4684,53472,394,202,2026-08-27 04:40:13
489000,6,PLUS 일본엔화초단기국채(합성),9165,5,-45,-0.49,9169.0,-7.9,18409,168,202,2026-08-27 04:40:13
0223A0,2,RISE 코스닥커버드콜액티브,10860,2,210,1.97,10871.0,,216660,2345,201,2026-08-27 04:40:13
407310,1,HANARO 200 TOP10,17185,2,245,1.45,17195.0,-16.9867,203,3,198,2026-08-27 04:40:13
213630,4,PLUS 미국다우존스고배당주(합성 H),21260,2,260,1.24,21309.0,3.5247,14852,315,196,2026-08-27 04:40:13
0190M0,4,KIWOOM 미국AI테크하이베타,8315,2,135,1.65,8131.0,-27.8978,107483,890,195,2026-08-27 04:40:13
487950,4,KODEX 대만테크고배당다우존스,13420,2,65,0.49,13381.0,-3.0546,20236,273,195,2026-08-27 04:40:13
379790,4,RISE 유로스탁스50(H),17640,3,0,0.0,17589.0,6.6704,21669,382,194,2026-08-27 04:40:13
284980,2,RISE 200금융,22505,2,70,0.31,22496.0,-0.5545,915,20,194,2026-08-27 04:40:13
497780,4,KoAct 미국천연가스인프라액티브,10740,2,180,1.7,10645.0,-11.2988,17720,190,193,2026-08-27 04:40:13
0203R0,6,WON 중단기종합채권(A-이상)액티브,50460,2,5,0.01,50491.0,,22320,1126,192,2026-08-27 04:40:13
228820,1,TIGER KTOP30,19100,2,260,1.38,19112.0,-13.0114,2626,50,191,2026-08-27 04:40:13
304760,1,HANARO KRX300,47635,2,1075,2.31,47556.0,-15.6366,38,1,191,2026-08-27 04:40:13
0018Z0,4,RISE 미국양자컴퓨팅,18040,5,-10,-0.06,17836.0,-19.4252,19149,347,189,2026-08-27 04:40:13
229720,1,KODEX KTOP30,37785,2,410,1.1,37876.0,-13.3289,1711,65,189,2026-08-27 04:40:13
0104P0,2,TIGER 코리아배당다우존스위클리커버드콜,11105,5,-75,-0.67,11097.0,-5.0146,6338,70,189,2026-08-27 04:40:13
183710,7,RISE 주식혼합,93600,2,1000,1.08,93384.0,-11.1868,15,1,187,2026-08-27 04:40:13
0105D0,2,SOL 한국AI소프트웨어,9840,5,-5,-0.05,9855.0,-5.6993,38903,382,187,2026-08-27 04:40:13
445910,2,TIGER MKF배당귀족,20710,5,-190,-0.91,20747.0,-7.2997,1782,37,186,2026-08-27 04:40:13
445690,2,BNK 주주가치액티브,30465,3,0,0.0,30402.0,-13.3533,0,0,183,2026-08-27 04:40:13
415760,4,SOL 차이나육성산업액티브(합성),13425,2,465,3.59,13558.0,-18.924,25883,336,183,2026-08-27 04:40:13
385600,2,ACE 2차전지&친환경차액티브,12050,2,310,2.64,12074.0,-23.8898,5326,64,181,2026-08-27 04:40:13
276000,4,TIGER 글로벌자원생산기업(합성 H),21235,5,-525,-2.41,21428.0,6.1722,1836,38,180,2026-08-27 04:40:13
468370,6,KODEX iShares미국인플레이션국채액티브,10745,5,-35,-0.32,10748.0,-8.1606,3127,33,179,2026-08-27 04:40:13
227830,1,PLUS 코스피,71680,2,975,1.38,71513.0,-15.0599,121,8,179,2026-08-27 04:40:13
225060,4,TIGER 이머징마켓MSCI레버리지(합성 H),16815,2,230,1.39,16826.0,-1.0442,39,0,178,2026-08-27 04:40:13
195920,4,TIGER 일본TOPIX(합성 H),35575,2,315,0.89,35488.0,4.3195,258,9,178,2026-08-27 04:40:13
483330,4,ACE 마이크로소프트밸류체인액티브,14805,2,305,2.1,14554.0,-5.8136,2563,38,178,2026-08-27 04:40:13
449580,7,RISE 테슬라애플아마존채권혼합,16095,5,-15,-0.09,16105.0,-5.6758,2935,47,177,2026-08-27 04:40:13
461910,4,PLUS 미국테크TOP10레버리지(합성),35380,2,215,0.61,34743.0,-24.2134,115,4,177,2026-08-27 04:40:13
461900,4,PLUS 미국테크TOP10,22085,2,245,1.12,21826.0,-11.9888,1541,33,177,2026-08-27 04:40:13
474920,4,에셋플러스 차이나일등기업포커스10액티브,18735,2,45,0.24,18594.0,-1.5798,184,3,176,2026-08-27 04:40:13
0193K0,2,PLUS 삼성전자단일종목레버리지,12320,2,360,3.01,12455.0,,15312,191,176,2026-08-27 04:40:13
289260,2,TIGER MSCI KOREA ESG리더스,29020,2,400,1.4,29034.0,-10.4926,4256,122,174,2026-08-27 04:40:13
292050,1,RISE KRX300,49585,2,455,0.93,49683.0,-15.6422,52,2,174,2026-08-27 04:40:13
236350,4,TIGER 인도니프티50레버리지(합성),27990,5,-310,-1.1,27859.0,-14.9768,375,10,174,2026-08-27 04:40:13
460660,4,RISE 미국S&P배당킹,12315,2,70,0.57,12202.0,3.2132,1664,20,172,2026-08-27 04:40:13
0086C0,7,TIGER 리츠부동산인프라10채권혼합액티브,9810,5,-65,-0.66,9814.0,-1.9244,5100,49,172,2026-08-27 04:40:13
477490,4,에셋플러스 글로벌일등기업포커스10액티브,19045,5,-65,-0.34,18967.0,-13.1956,1118,21,171,2026-08-27 04:40:13
457690,6,KODEX 33-06 국고채액티브,10550,2,35,0.33,10533.0,0.0951,13789,145,171,2026-08-27 04:40:13
391670,1,HK 베스트일레븐액티브,28475,2,470,1.68,28421.0,-15.5713,81,2,171,2026-08-27 04:40:13
250730,4,RISE 차이나HSCEI(H),9890,5,-230,-2.27,10047.0,1.8621,3129,30,168,2026-08-27 04:40:13
494420,2,PLUS 미국배당증가성장주데일리커버드콜,9295,5,-30,-0.32,9269.0,-1.9228,4092,38,167,2026-08-27 04:40:13
332620,6,PLUS 미국장기우량회사채,89300,5,-65,-0.07,89418.0,-9.8322,718,64,167,2026-08-27 04:40:13
419650,4,PLUS 글로벌수소&차세대연료전지,5130,5,-55,-1.06,5111.0,-39.5336,10150,52,167,2026-08-27 04:40:13
291130,4,ACE MSCI멕시코(합성),18445,2,85,0.46,18472.0,-8.429,92,1,166,2026-08-27 04:40:13
131890,2,ACE 삼성그룹동일가중,41450,2,905,2.23,41429.0,-4.5327,10594,442,166,2026-08-27 04:40:13
266410,2,KODEX 필수소비재,10175,5,-165,-1.6,10181.0,7.9703,36050,369,163,2026-08-27 04:40:13
219390,4,RISE 미국S&P원유생산기업(합성 H),7990,2,125,1.59,8139.0,6.644,13625,108,160,2026-08-27 04:40:13
432840,4,HANARO 미국S&P500,19845,2,40,0.2,19736.0,-5.6209,424,8,159,2026-08-27 04:40:13
265690,4,ACE 러시아MSCI(합성),8535,3,0,0.0,48.0,0.0,0,0,158,2026-08-27 04:40:13
453630,4,KODEX 미국S&P500필수소비재,12570,5,-60,-0.48,12571.0,-5.7722,7992,100,157,2026-08-27 04:40:13
0104G0,2,PLUS K방산레버리지,6545,2,395,6.42,6602.0,-55.5797,73306,468,157,2026-08-27 04:40:13
488290,4,MIDAS 일본테크액티브,44300,2,770,1.77,44051.0,-16.4812,845,36,155,2026-08-27 04:40:13
0216Z0,2,ACE K방산TOP5+,9105,2,290,3.29,9126.0,,37725,338,155,2026-08-27 04:40:13
337150,2,KODEX 200exTOP,25755,2,145,0.57,25723.0,-14.6796,199,5,155,2026-08-27 04:40:13
0051A0,4,KoAct 브로드컴밸류체인액티브,23705,2,610,2.64,23168.0,-15.3099,6989,164,154,2026-08-27 04:40:13
0207Z0,4,KIWOOM 미국우주데이터센터인프라,6995,2,95,1.38,6879.0,,22088,154,154,2026-08-27 04:40:13
413930,2,WON AI ESG액티브,27905,2,465,1.69,27970.0,-17.2747,74,2,153,2026-08-27 04:40:13
438900,2,HANARO Fn K-푸드,11795,5,-390,-3.2,11810.0,4.1517,61174,726,153,2026-08-27 04:40:13
491510,2,파워 K-주주가치액티브,17825,5,-205,-1.14,17871.0,-5.2106,42,0,152,2026-08-27 04:40:13
104520,2,KIWOOM 블루칩,15145,2,30,0.2,15147.0,-8.4781,108,1,151,2026-08-27 04:40:13
114460,6,ACE 국고채3년,100850,5,-30,-0.03,100981.0,0.6328,52,5,151,2026-08-27 04:40:13
453820,4,KODEX 인도Nifty50레버리지(합성),11565,5,-205,-1.74,11565.0,-14.1503,11829,136,150,2026-08-27 04:40:13
102960,2,KODEX 기계장비,14160,2,545,4.0,14197.0,-30.6596,38375,532,150,2026-08-27 04:40:13
387280,2,TIGER 퓨처모빌리티액티브,11780,2,255,2.21,11763.0,-27.6977,825,9,150,2026-08-27 04:40:13
0220A0,7,KIWOOM 현대차그룹TOP3채권혼합50,9325,5,-135,-1.43,9329.0,,51040,478,149,2026-08-27 04:40:13
453010,7,PLUS KOFR금리,109815,2,20,0.02,109810.0,0.6462,500,54,147,2026-08-27 04:40:13
404650,2,SOL KRX기후변화솔루션,24445,2,520,2.17,24457.0,-21.2274,73,1,147,2026-08-27 04:40:13
0090B0,2,PLUS K방산소부장,6735,2,65,0.97,6751.0,-46.1446,28205,188,145,2026-08-27 04:40:13
234310,2,RISE V&S셀렉트밸류,28805,2,295,1.03,28704.0,-12.9067,18,0,144,2026-08-27 04:40:13
244620,2,KODEX 모멘텀Plus,20430,2,395,1.97,20448.0,-20.7947,1257,25,143,2026-08-27 04:40:13
373490,2,KODEX 코리아혁신성장액티브,25850,2,515,2.03,25849.0,-28.6439,73,1,142,2026-08-27 04:40:13
0013P0,4,RISE 미국은행TOP10,12900,5,-100,-0.77,12907.0,5.7033,2367,30,142,2026-08-27 04:40:13
0028X0,4,KODEX 미국금융테크액티브,12280,5,-75,-0.61,12308.0,9.5165,2164,26,141,2026-08-27 04:40:13
0004G0,4,1Q 미국배당TOP30,9350,5,-5,-0.05,9343.0,1.0617,1493,13,140,2026-08-27 04:40:13
0222F0,2,마이티 AI데이터센터밸류체인,13315,2,475,3.7,13322.0,,48541,643,140,2026-08-27 04:40:13
417450,4,RISE 글로벌수소경제,16385,2,55,0.34,16226.0,-30.3828,2307,37,139,2026-08-27 04:40:13
272570,6,RISE 중장기국공채액티브,108360,2,255,0.24,108343.0,0.4413,12,1,139,2026-08-27 04:40:13
130680,5,TIGER 원유선물Enhanced(H),6755,2,80,1.2,6752.0,-8.1212,22772,152,138,2026-08-27 04:40:13
496130,1,TRUSTON 코리아밸류업액티브,25630,2,355,1.4,25608.0,-15.9042,13,0,138,2026-08-27 04:40:13
0153P0,2,ACE 리츠부동산인프라액티브,9480,5,-80,-0.84,9486.0,-3.1276,1012,9,137,2026-08-27 04:40:13
137610,5,TIGER 농산물선물Enhanced(H),5905,2,135,2.34,5925.0,5.9687,11838,69,136,2026-08-27 04:40:13
0194R0,2,KIWOOM SK하이닉스선물단일종목레버리지,8875,2,500,5.97,8880.0,,16903,151,135,2026-08-27 04:40:13
485810,4,TIME 글로벌바이오액티브,11750,5,-135,-1.14,11715.0,13.4606,17606,205,135,2026-08-27 04:40:13
0088N0,2,WON K-글로벌수급상위,10790,2,20,0.19,10795.0,-24.2084,2599,27,135,2026-08-27 04:40:13
0127T0,4,KIWOOM 미국S&P500&배당다우존스비중전환,11195,2,45,0.4,11119.0,-5.1802,682,7,134,2026-08-27 04:40:13
0127V0,4,KIWOOM 미국S&P500 TOP10&배당다우비중전환,10700,2,60,0.56,10601.0,-8.9672,2364,25,134,2026-08-27 04:40:13
472720,1,TRUSTON 주주가치액티브,25715,2,65,0.25,25700.0,-16.5583,180,4,134,2026-08-27 04:40:13
266390,2,KODEX 경기소비재,14850,5,-200,-1.33,14870.0,3.1946,3990,59,134,2026-08-27 04:40:13
300610,2,TIGER K게임,5415,5,-40,-0.73,5426.0,-10.427,17006,93,133,2026-08-27 04:40:13
252650,1,KODEX 200동일가중,18885,5,-140,-0.74,18909.0,-9.7534,531,10,132,2026-08-27 04:40:13
428560,4,KODEX 미국ETF산업Top10 Indxx,16450,2,15,0.09,16479.0,-1.3467,802,13,132,2026-08-27 04:40:13
396510,4,TIGER 차이나클린에너지SOLACTIVE,7265,5,-160,-2.15,7300.0,-22.1699,2063,15,131,2026-08-27 04:40:13
395760,2,PLUS ESG성장주액티브,21780,2,310,1.44,21660.0,-14.8692,28,0,131,2026-08-27 04:40:13
360150,2,KODEX 코스닥150롱코스피200숏선물,3155,5,-5,-0.16,3151.0,-21.9754,27639,85,129,2026-08-27 04:40:13
290080,3,RISE 200고배당커버드콜ATM,7350,5,-65,-0.88,7321.0,15.461,7466,55,129,2026-08-27 04:40:13
279540,2,KODEX 최소변동성,21355,2,395,1.88,21390.0,-15.4031,421,8,128,2026-08-27 04:40:13
489860,4,KIWOOM 글로벌전력GRID인프라,15075,2,80,0.53,15047.0,-14.5406,4216,63,128,2026-08-27 04:40:13
0015F0,7,KIWOOM 팔란티어미국30년국채혼합액티브(H),10610,5,-10,-0.09,10662.0,6.528,2681,28,127,2026-08-27 04:40:13
409810,4,KODEX 미국나스닥100선물인버스(H),5520,5,-65,-1.16,5577.0,1.7304,285032,1561,127,2026-08-27 04:40:13
176950,6,KODEX 국채선물10년인버스,59965,5,-220,-0.37,60005.0,1.5266,8669,522,126,2026-08-27 04:40:13
435040,4,ACE 글로벌브랜드TOP10,19355,5,-190,-0.97,19306.0,-5.6629,338,6,126,2026-08-27 04:40:13
435550,7,KIWOOM TDF2050액티브 적격,17945,2,5,0.03,17861.0,-6.3659,1061,19,126,2026-08-27 04:40:13
0208N0,1,IBK 코스피액티브,7595,2,100,1.33,7609.0,,11709,89,125,2026-08-27 04:40:13
400570,4,KODEX 유럽탄소배출권선물ICE(H),11375,5,-230,-1.98,11383.0,10.9995,1506,17,125,2026-08-27 04:40:13
484890,6,SOL 머니마켓액티브,52520,2,5,0.01,52516.0,0.6999,9246,485,125,2026-08-27 04:40:13
363510,6,SOL KIS단기통안채,112100,3,0,0.0,112125.0,0.5741,0,0,124,2026-08-27 04:40:13
0193L0,2,PLUS 삼성전자선물단일종목인버스2X,8995,5,-275,-2.97,9051.0,,581680,5142,124,2026-08-27 04:40:13
140580,2,RISE 우량업종대표주,24690,2,60,0.24,24662.0,-15.4335,90,2,123,2026-08-27 04:40:13
487750,2,BNK 온디바이스AI,30755,2,835,2.79,30852.0,-26.2873,1183,36,123,2026-08-27 04:40:13
404540,2,TIGER KRX기후변화솔루션,24510,2,640,2.68,24627.0,-21.4944,1493,36,123,2026-08-27 04:40:13
453060,6,HANARO KOFR금리액티브(합성),111370,2,25,0.02,111364.0,0.669,1020,113,123,2026-08-27 04:40:13
453660,4,KODEX 미국S&P500경기소비재,17455,5,-155,-0.88,17465.0,-9.1626,764,13,122,2026-08-27 04:40:13
0000H0,2,KODEX 인도Nifty미드캡100,10610,5,-50,-0.47,10587.0,-5.7006,944,9,122,2026-08-27 04:40:13
251590,2,PLUS 고배당저변동50,17320,5,-125,-0.72,17365.0,-2.9259,571,9,121,2026-08-27 04:40:13
332610,6,PLUS 미국단기회사채(AAA~A),125925,5,-410,-0.32,125952.0,-7.1983,211,26,121,2026-08-27 04:40:13
269530,4,PLUS S&P글로벌인프라,20060,5,-25,-0.12,20154.0,-9.8598,323,6,120,2026-08-27 04:40:13
457700,6,KODEX 53-09 국고채액티브,9115,5,-15,-0.16,9122.0,-6.2629,341,3,120,2026-08-27 04:40:13
0113G0,4,KoAct 미국바이오헬스케어액티브,12020,5,-50,-0.41,11998.0,17.584,30686,369,120,2026-08-27 04:40:13
0221Z0,2,ACE K바이오코스닥액티브,10910,5,-90,-0.82,10933.0,,171427,1886,120,2026-08-27 04:40:13
269370,4,TIGER S&P글로벌인프라(합성),17110,2,30,0.18,17283.0,-10.0646,335,5,120,2026-08-27 04:40:13
280920,2,PLUS 주도업종,23885,2,265,1.12,23884.0,-18.0004,94,2,119,2026-08-27 04:40:13
166400,3,TIGER 200커버드콜OTM,23865,2,320,1.36,23834.0,3.08,934,22,119,2026-08-27 04:40:13
448490,6,HANARO 32-10 국고채액티브,53100,2,115,0.22,53078.0,-0.7772,41811,2213,119,2026-08-27 04:40:13
410870,2,TIME K컬처액티브,9850,5,-175,-1.75,9876.0,-8.0697,4051,40,118,2026-08-27 04:40:13
0008E0,4,ACE 미국중심중소형제조업,12425,2,200,1.64,12390.0,-18.0356,118,1,118,2026-08-27 04:40:13
354240,7,RISE 미국고정배당우선증권,10695,2,40,0.38,10592.0,-9.3192,1857,19,118,2026-08-27 04:40:13
0084E0,7,KIWOOM 미국대형주500월간목표헤지액티브,10205,3,0,0.0,10231.0,-7.3119,0,0,117,2026-08-27 04:40:13
0222D0,2,KoAct 고배당액티브,10505,5,-105,-0.99,10503.0,,248372,2621,116,2026-08-27 04:40:13
451600,6,PLUS 국고채30년액티브,84025,5,-20,-0.02,83984.0,-7.1839,20,1,115,2026-08-27 04:40:13
430500,7,KIWOOM 물가채KIS,113205,2,345,0.31,113037.0,-0.34,23,2,113,2026-08-27 04:40:13
498050,2,HANARO 바이오코리아액티브,11290,5,-90,-0.79,11289.0,-18.8013,1808,20,113,2026-08-27 04:40:13
464610,2,SOL 의료기기소부장Fn,7510,5,-80,-1.05,7510.0,-18.867,6775,51,113,2026-08-27 04:40:13
451150,4,에셋플러스 글로벌영에이지액티브,18145,2,30,0.17,17901.0,-4.0011,2,0,112,2026-08-27 04:40:13
446700,2,RISE 배터리 리사이클링,10800,2,340,3.25,10826.0,-25.4721,12365,132,112,2026-08-27 04:40:13
463640,4,KODEX 미국S&P500유틸리티,14015,2,80,0.57,13882.0,-11.7507,1871,26,112,2026-08-27 04:40:13
385710,2,TIME K이노베이션액티브,11200,2,220,2.0,11206.0,-30.6381,790,8,112,2026-08-27 04:40:13
407820,2,에셋플러스 코리아플랫폼액티브,6200,2,40,0.65,6196.0,-23.6206,25388,157,112,2026-08-27 04:40:13
139240,2,TIGER 200 철강소재,11570,2,195,1.71,11596.0,-19.8097,46775,541,111,2026-08-27 04:40:13
140710,2,KODEX 운송,6525,5,-15,-0.23,6527.0,-4.2609,32838,215,111,2026-08-27 04:40:13
419420,4,KODEX 미국클린에너지나스닥,9160,2,55,0.6,9050.0,-28.4927,789,7,110,2026-08-27 04:40:13
371870,4,ACE 차이나항셍테크,6855,5,-65,-0.94,6848.0,-12.956,1117,7,110,2026-08-27 04:40:13
310080,4,RISE 중국MSCI China(H),9525,2,20,0.21,9466.0,-1.1955,3157,30,110,2026-08-27 04:40:13
0094L0,4,RISE 차이나테크TOP10위클리타겟커버드콜,7800,5,-130,-1.64,7768.0,-12.4969,7881,61,109,2026-08-27 04:40:13
0002C0,4,에셋플러스 인도일등기업포커스20액티브,10095,5,-40,-0.39,10170.0,1.35,819,8,109,2026-08-27 04:40:13
0203D0,7,PLUS 200위클리커버드콜채권혼합,9085,2,75,0.83,9106.0,,23314,212,109,2026-08-27 04:40:13
0001P0,2,마이티 바이오시밀러&CDMO액티브,9600,5,-40,-0.41,9620.0,-16.174,1278,12,108,2026-08-27 04:40:13
0093B0,4,RISE 엔비디아고정테크100,12645,2,65,0.52,12482.0,-8.2035,11242,141,107,2026-08-27 04:40:13
0191S0,1,IBK 코스닥150,14515,2,125,0.87,14530.0,-28.2831,3349,48,107,2026-08-27 04:40:13
0068M0,4,KODEX 미국S&P500버퍼6월액티브,11775,3,0,0.0,11791.0,-3.341,0,0,106,2026-08-27 04:40:13
461580,1,TIGER 코스닥글로벌,16300,2,355,2.23,16313.0,-22.8406,7429,121,106,2026-08-27 04:40:13
140570,2,RISE 수출주,26215,2,280,1.08,26275.0,-17.9402,278,7,105,2026-08-27 04:40:13
237440,7,TIGER 경기방어채권혼합,10460,5,-15,-0.14,10437.0,2.0955,766,7,105,2026-08-27 04:40:13
181480,7,ACE 미국부동산리츠(합성 H),86960,2,405,0.47,86244.0,1.9864,42,3,104,2026-08-27 04:40:13
456250,4,KODEX 유럽명품TOP10 STOXX,8995,2,10,0.11,8961.0,-5.713,1610,14,103,2026-08-27 04:40:13
0189Z0,2,DAISHIN 금융&지주고배당,10230,5,-30,-0.29,10244.0,,2474,25,102,2026-08-27 04:40:13
487910,4,ACE 인도컨슈머파워액티브,8520,5,-75,-0.87,8514.0,-2.9362,88,0,102,2026-08-27 04:40:13
354350,4,HANARO 글로벌럭셔리S&P(합성),19600,5,-265,-1.33,19764.0,-7.0861,111,2,102,2026-08-27 04:40:13
460270,6,KIWOOM 미국달러SOFR금리액티브(합성),12565,5,-25,-0.2,12554.0,-6.9613,8318,104,102,2026-08-27 04:40:13
429010,4,TIGER 미국나스닥넥스트100,20095,2,120,0.6,19878.0,-3.4558,742,14,100,2026-08-27 04:40:13
0067Y0,4,TIGER 차이나AI소프트웨어,10545,2,155,1.49,10599.0,-24.5188,11756,123,100,2026-08-27 04:40:13
0120J0,2,BNK 카카오그룹포커스,8010,5,-10,-0.12,8015.0,-7.9748,3153,25,100,2026-08-27 04:40:13
252000,1,TIGER 200동일가중,19855,5,-45,-0.23,19804.0,-9.8594,1216,24,99,2026-08-27 04:40:13
463690,4,KODEX 미국S&P500커뮤니케이션,18025,5,-40,-0.22,17972.0,-10.7256,10193,184,99,2026-08-27 04:40:13
117690,4,TIGER 차이나항셍30,19765,3,0,0.0,19762.0,-9.6458,387,7,99,2026-08-27 04:40:13
0226G0,2,WON 피지컬AI TOP2플러스액티브,12350,2,165,1.35,12365.0,,3947,48,99,2026-08-27 04:40:13
281990,2,RISE 중소형고배당,17695,5,-215,-1.2,17697.0,-4.9586,90,1,97,2026-08-27 04:40:13
482030,2,KoAct 반도체&2차전지핵심소재액티브,9245,2,295,3.3,9257.0,-34.1912,11373,105,97,2026-08-27 04:40:13
0174R0,4,KIWOOM 미국성장다우존스,11400,2,50,0.44,11286.0,-6.6172,1673,19,97,2026-08-27 04:40:13
0214M0,2,MIDAS 바이오헬스케어액티브,11165,5,-20,-0.18,11192.0,,1095,12,95,2026-08-27 04:40:13
494180,4,TIME 글로벌소비트렌드액티브,13540,5,-35,-0.26,13404.0,-4.603,62,0,95,2026-08-27 04:40:13
301400,1,PLUS 코스닥150,14505,2,165,1.15,14559.0,-29.2027,3421,48,94,2026-08-27 04:40:13
0227K0,4,RISE 미국우주위성통신,9415,2,220,2.39,9375.0,,7095,66,94,2026-08-27 04:40:13
449680,7,TIGER 한중전기차(합성),11070,2,205,1.89,10973.0,-27.2027,2,0,94,2026-08-27 04:40:13
0194N0,2,KIWOOM 삼성전자선물단일종목레버리지,11395,2,320,2.89,11404.0,,12216,140,94,2026-08-27 04:40:13
399580,4,RISE 글로벌클린에너지,9390,2,50,0.54,9318.0,-27.5373,3956,37,94,2026-08-27 04:40:13
230480,7,KIWOOM 미국달러선물인버스2X,4630,2,35,0.76,4645.0,16.7725,5824,26,93,2026-08-27 04:40:13
497510,4,ACE 글로벌빅파마,13280,5,-255,-1.88,13302.0,4.5685,868,11,93,2026-08-27 04:40:13
0133E0,4,TIGER 차이나증권,8845,5,-35,-0.39,8904.0,-2.3103,8092,71,93,2026-08-27 04:40:13
0224D0,4,KIWOOM 미국CPU반도체TOP4+,9225,2,155,1.71,9134.0,,4862,45,92,2026-08-27 04:40:13
341850,7,TIGER 리츠부동산인프라채권,4590,5,-40,-0.86,4589.0,-0.2987,1528,7,92,2026-08-27 04:40:13
0084D0,7,KIWOOM 미국테크100월간목표헤지액티브,11375,2,35,0.31,11306.0,-9.0951,3,0,91,2026-08-27 04:40:13
381570,2,HANARO Fn친환경에너지,10700,2,375,3.63,10728.0,-27.7973,20603,217,91,2026-08-27 04:40:13
375270,7,RISE 글로벌데이터센터리츠(합성),13975,5,-110,-0.78,13941.0,-16.7308,535,7,91,2026-08-27 04:40:13
466810,2,BNK 2차전지양극재,5990,2,265,4.63,6001.0,-28.7936,14138,83,90,2026-08-27 04:40:13
215620,2,HK S&P코리아로우볼,16545,3,0,0.0,16283.0,-3.6401,0,0,89,2026-08-27 04:40:13
174350,2,TIGER 로우볼,21210,5,-245,-1.14,21218.0,4.4668,628,13,89,2026-08-27 04:40:13
371150,4,RISE 차이나항셍테크,6840,5,-65,-0.94,6841.0,-12.7252,1722,11,89,2026-08-27 04:40:13
0219B0,2,KoAct 광통신&위성네트워크액티브,10975,2,265,2.47,10998.0,,51364,558,88,2026-08-27 04:40:13
395150,2,KODEX 웹툰&드라마,1826,5,-14,-0.76,1826.0,-12.381,4914,9,88,2026-08-27 04:40:13
105010,4,TIGER 라틴35,6245,5,-45,-0.72,6239.0,-9.8459,751,4,87,2026-08-27 04:40:13
435540,7,KIWOOM TDF2040액티브 적격,17420,5,-10,-0.06,17334.0,-6.1049,897,15,87,2026-08-27 04:40:13
0216K0,7,KIWOOM 미국우주테크TOP2채권혼합50,8630,2,55,0.64,8571.0,,44470,383,86,2026-08-27 04:40:13
497520,4,ACE 일라이릴리밸류체인,13245,5,-240,-1.78,13321.0,8.6623,12350,163,86,2026-08-27 04:40:13
270800,2,RISE KQ고배당,15540,2,190,1.24,15515.0,-17.9449,52,0,85,2026-08-27 04:40:13
462340,4,에셋플러스 글로벌다이나믹시니어액티브,17085,5,-80,-0.47,16942.0,4.6965,209,3,85,2026-08-27 04:40:13
217780,4,TIGER 차이나CSI300인버스(합성),5470,2,20,0.37,5483.0,14.3756,631,3,85,2026-08-27 04:40:13
225050,4,TIGER 유로스탁스레버리지(합성 H),16885,2,85,0.51,16895.0,9.768,180,3,84,2026-08-27 04:40:13
429980,7,SOL 한국형글로벌전기차&2차전지액티브,16860,5,-105,-0.62,17093.0,-21.8563,542,9,84,2026-08-27 04:40:13
395280,2,HANARO Fn K-게임,3580,5,-10,-0.28,3575.0,-10.5854,254,0,84,2026-08-27 04:40:13
0172Y0,2,ACE K수출핵심TOP10산업액티브,9875,2,160,1.65,9876.0,-17.2135,5801,57,84,2026-08-27 04:40:13
457930,2,BNK 미래전략기술액티브,27915,2,285,1.03,28001.0,-21.4834,23,0,84,2026-08-27 04:40:13
0219Z0,4,HANARO 미국S&P500액티브,10445,2,60,0.58,10432.0,,3419,35,84,2026-08-27 04:40:13
227550,2,TIGER 200 산업재,12620,2,565,4.69,12644.0,-20.7169,1910,24,83,2026-08-27 04:40:13
182490,6,TIGER 단기선진하이일드(합성 H),13870,5,-60,-0.43,13894.0,1.0518,608,8,83,2026-08-27 04:40:13
395750,2,PLUS ESG가치주액티브,20690,2,180,0.88,20707.0,-15.8046,4,0,83,2026-08-27 04:40:13
0215T0,4,HANARO 미국AI광통신TOP10,9175,2,455,5.22,8946.0,,24161,222,83,2026-08-27 04:40:13
0184N0,7,PLUS 은채권혼합,9050,5,-15,-0.17,9020.0,-7.5472,34441,312,81,2026-08-27 04:40:13
253280,2,RISE 헬스케어,13535,5,-180,-1.31,13527.0,-10.6515,3418,46,81,2026-08-27 04:40:13
0226D0,7,FOCUS 금융반도체지주채권혼합50액티브,10050,2,75,0.75,10088.0,,14103,142,80,2026-08-27 04:40:13
487920,4,ACE 인도시장대표BIG5그룹액티브,8000,5,-75,-0.93,7999.0,-7.184,1486,11,80,2026-08-27 04:40:13
261110,7,TIGER 미국달러선물레버리지,15920,5,-130,-0.81,15950.0,-14.6504,1681,26,80,2026-08-27 04:40:13
480460,7,WON 한국부동산TOP3플러스,9325,5,-190,-2.0,9333.0,-2.2344,433,4,79,2026-08-27 04:40:13
0218K0,2,BNK 스마트카,10470,2,5,0.05,10492.0,,83,0,79,2026-08-27 04:40:13
189400,4,PLUS 글로벌MSCI(합성 H),26070,2,10,0.04,26034.0,1.9362,3,0,78,2026-08-27 04:40:13
435530,7,KIWOOM TDF2030액티브 적격,15450,5,-5,-0.03,15378.0,-6.077,192,2,77,2026-08-27 04:40:13
438740,2,MIDAS 중소형액티브,34120,2,180,0.53,34151.0,-18.2465,1,0,77,2026-08-27 04:40:13
285690,2,FOCUS ESG리더스,21930,2,130,0.6,21844.0,-12.6778,2,0,77,2026-08-27 04:40:13
0094X0,4,1Q 샤오미밸류체인액티브,8520,2,35,0.41,8537.0,-15.082,1315,11,77,2026-08-27 04:40:13
494210,4,SOL 미국500타겟데일리커버드콜액티브,10935,2,35,0.32,10870.0,-6.4146,3513,38,77,2026-08-27 04:40:13
227570,2,TIGER 우량가치,21215,5,-180,-0.84,21228.0,-7.5611,122,2,76,2026-08-27 04:40:13
0082F0,4,HANARO 유럽방산,10900,2,15,0.14,10939.0,0.4151,4003,43,76,2026-08-27 04:40:13
225800,7,KIWOOM 미국달러선물레버리지,14950,5,-155,-1.03,15012.0,-14.9015,267,3,76,2026-08-27 04:40:13
437370,4,RISE 글로벌농업경제,10800,2,20,0.19,10704.0,-2.9687,1396,15,76,2026-08-27 04:40:13
256450,4,PLUS 심천차이넥스트(합성),15025,5,-30,-0.2,15259.0,-20.7424,542,8,75,2026-08-27 04:40:13
402460,2,HANARO Fn K-메타버스MZ,14930,2,175,1.19,14908.0,-9.4572,55,0,75,2026-08-27 04:40:13
326230,2,RISE 내수주플러스,11620,5,-130,-1.11,11588.0,-5.8494,18,0,74,2026-08-27 04:40:13
368680,2,KODEX K-뉴딜디지털플러스,8260,2,165,2.04,8264.0,-11.224,1517,12,74,2026-08-27 04:40:13
304670,6,KODEX 미국30년국채울트라선물인버스(H),12230,5,-5,-0.04,12234.0,1.6196,2,0,73,2026-08-27 04:40:13
450180,7,KODEX 한중전기차(합성),11285,2,65,0.58,11269.0,-26.5948,2,0,73,2026-08-27 04:40:13
0005C0,6,RISE 미국S&P500엔화노출(합성 H),11250,5,-10,-0.09,11191.0,-7.0958,975,10,73,2026-08-27 04:40:13
139660,7,KIWOOM 미국달러선물인버스,8390,2,30,0.36,8405.0,8.5009,806,6,73,2026-08-27 04:40:13
488480,4,RISE 일본섹터TOP4Plus,13180,5,-5,-0.04,13143.0,-7.6643,1372,18,72,2026-08-27 04:40:13
0047N0,4,PLUS 차이나AI테크TOP10,10280,2,145,1.43,10338.0,-11.7545,4311,43,72,2026-08-27 04:40:13
0176P0,2,FOCUS AI반도체위클리고정커버드콜,12865,2,270,2.14,12848.0,-18.1689,4290,54,71,2026-08-27 04:40:13
400590,4,SOL 글로벌탄소배출권선물ICE(합성),14125,5,-350,-2.42,14199.0,2.1884,705,9,71,2026-08-27 04:40:13
139290,2,TIGER 200 경기소비재,25195,5,-630,-2.44,25205.0,-23.3566,1085,27,71,2026-08-27 04:40:13
244670,2,KODEX 밸류Plus,11605,5,-130,-1.11,11642.0,-5.3541,96,1,70,2026-08-27 04:40:13
0166T0,4,PLUS 글로벌저작권핵심기업액티브,9915,5,-170,-1.69,9995.0,-3.539,12106,120,69,2026-08-27 04:40:13
0138D0,2,RISE 동학개미,12610,2,390,3.19,12617.0,-32.3367,1436,18,69,2026-08-27 04:40:13
0036Z0,4,RISE 미국천연가스밸류체인,12520,2,190,1.54,12516.0,-11.6049,683,8,69,2026-08-27 04:40:13
429740,7,PLUS K리츠,6105,5,-45,-0.73,6106.0,-5.3859,1208,7,67,2026-08-27 04:40:13
456200,6,PLUS 미국달러SOFR금리액티브(합성),59890,5,-230,-0.38,59819.0,-7.0861,85,5,66,2026-08-27 04:40:13
316300,7,ACE 싱가포르리츠,13100,5,-180,-1.36,13118.0,-6.8623,983,12,66,2026-08-27 04:40:13
315270,2,TIGER 200커뮤니케이션서비스,20250,5,-135,-0.66,20249.0,-4.4242,19846,404,65,2026-08-27 04:40:13
0184V0,2,UNICORN K바이오액티브,6120,2,20,0.33,6113.0,-34.1253,7028,43,64,2026-08-27 04:40:13
307510,2,TIGER 의료기기,12780,5,-145,-1.12,12788.0,-22.1377,6110,78,64,2026-08-27 04:40:13
0102X0,4,ACE 유럽방산TOP10,9695,2,45,0.47,9694.0,-2.9498,92,0,63,2026-08-27 04:40:13
138920,5,KODEX 콩선물(H),12490,2,225,1.83,12508.0,2.2935,636,7,62,2026-08-27 04:40:13
291890,4,KODEX MSCI EM선물(H),12410,5,-40,-0.32,12455.0,-0.0803,1147,14,62,2026-08-27 04:40:13
250780,3,TIGER 코스닥150선물인버스,2385,5,-35,-1.45,2385.0,22.5316,278290,664,62,2026-08-27 04:40:13
0087F0,4,ACE 차이나AI빅테크TOP2+액티브,12380,5,-150,-1.2,12404.0,-9.6937,764,9,62,2026-08-27 04:40:13
0114X0,4,RISE 글로벌게임테크TOP3Plus,8685,2,110,1.28,8618.0,-0.5798,194,1,61,2026-08-27 04:40:13
289670,6,PLUS 국채선물10년,52400,2,145,0.28,52354.0,-0.3338,450,23,61,2026-08-27 04:40:13
451670,6,RISE 국채30년레버리지(합성),12080,5,-20,-0.17,12070.0,-15.7089,319,3,60,2026-08-27 04:40:13
469530,3,RISE 미국달러선물인버스,9400,2,45,0.48,9410.0,8.2754,6,0,60,2026-08-27 04:40:13
433250,1,UNICORN R&D 액티브,23905,2,375,1.59,23750.0,-18.3554,11,0,60,2026-08-27 04:40:13
0191B0,1,MIDAS 코스닥액티브,29735,2,920,3.19,29703.0,-29.9502,142,4,59,2026-08-27 04:40:13
219900,4,ACE 중국본토CSI300레버리지(합성),4240,2,100,2.42,4259.0,-27.6856,1395,5,59,2026-08-27 04:40:13
0053M0,2,더제이 중소형포커스액티브,13185,3,0,0.0,13185.0,-16.8664,176,2,59,2026-08-27 04:40:13
488200,2,KIWOOM K-2차전지북미공급망,13165,2,570,4.53,13201.0,-25.7489,4317,56,59,2026-08-27 04:40:13
314700,2,HANARO 농업융복합산업,10770,2,35,0.33,10764.0,-18.6119,249,2,59,2026-08-27 04:40:13
400580,4,SOL 유럽탄소배출권선물S&P(H),11620,5,-275,-2.31,11699.0,10.1621,56,0,58,2026-08-27 04:40:13
407300,2,HANARO Fn골프테마,10565,5,-20,-0.19,10557.0,-24.8788,2,0,58,2026-08-27 04:40:13
483020,2,KIWOOM 의료AI,9670,5,-125,-1.28,9660.0,-17.5158,10953,106,58,2026-08-27 04:40:13
390400,4,KODEX 미국스마트모빌리티S&P,7190,5,-10,-0.14,7151.0,-17.2253,6935,50,58,2026-08-27 04:40:13
401590,4,HANARO 글로벌탄소배출권선물ICE(합성),11265,5,-315,-2.72,11329.0,1.3566,98,1,57,2026-08-27 04:40:13
470310,2,UNICORN 생성형AI강소기업액티브,18750,2,375,2.04,18715.0,-2.0,102,1,56,2026-08-27 04:40:13
476310,4,RISE 글로벌비만산업TOP2+,10150,5,-265,-2.54,10244.0,2.6876,363,3,56,2026-08-27 04:40:13
432600,6,RISE 국채선물3년,55500,2,140,0.25,55458.0,0.7644,2,0,56,2026-08-27 04:40:13
220130,4,SOL 차이나강소기업CSI500(합성 H),6935,2,100,1.46,6959.0,-6.498,10510,72,55,2026-08-27 04:40:13
267450,6,RISE 미국장기국채선물인버스(H),11075,5,-5,-0.05,11029.0,1.0948,1,0,55,2026-08-27 04:40:13
413220,4,SOL 차이나태양광CSI(합성),4600,5,-90,-1.92,4639.0,-28.8316,285,1,55,2026-08-27 04:40:13
483030,4,KIWOOM 미국블록버스터바이오테크의약품+,12255,5,-275,-2.19,12257.0,7.0743,2053,25,55,2026-08-27 04:40:13
0132D0,7,KoAct 글로벌K컬처밸류체인액티브,9875,5,-100,-1.0,9904.0,3.5288,183,1,54,2026-08-27 04:40:13
499150,4,SOL 미국S&P500엔화노출(H),10845,5,-130,-1.18,10806.0,-6.106,8890,97,54,2026-08-27 04:40:13
474390,6,SOL 국고채30년액티브,40415,2,5,0.01,40358.0,-7.3591,20087,812,54,2026-08-27 04:40:13
490330,4,KoAct 미국치매&뇌질환치료제액티브,15470,5,-45,-0.29,15480.0,13.6213,1987,30,54,2026-08-27 04:40:13
291630,3,KIWOOM 코스닥150선물레버리지,3685,2,105,2.93,3689.0,-56.7111,36152,132,53,2026-08-27 04:40:13
0015E0,7,KIWOOM 엔비디아미국30년국채혼합액티브(H),10645,2,70,0.66,10513.0,-0.8869,817,8,53,2026-08-27 04:40:13
321410,7,KODEX 멀티에셋하이인컴(H),10500,5,-215,-2.01,10712.0,0.7597,7,0,53,2026-08-27 04:40:13
0174J0,7,DAISHIN 오피스리츠플러스,8710,5,-145,-1.64,8745.0,-3.7812,20,0,52,2026-08-27 04:40:13
411860,4,KIWOOM 독일DAX,17385,2,35,0.2,17307.0,-4.5245,313,5,52,2026-08-27 04:40:13
295000,6,RISE 국채선물10년,51715,2,205,0.4,51684.0,-0.6175,4,0,52,2026-08-27 04:40:13
0154H0,4,KoAct 차이나바이오헬스케어액티브,9195,5,-5,-0.05,9283.0,6.0518,2564,23,51,2026-08-27 04:40:13
0073X0,5,FOCUS 알리바바미국채커버드콜혼합,9115,5,-130,-1.41,9184.0,-10.0233,3883,35,50,2026-08-27 04:40:13
498610,4,RISE 인도디지털성장,8335,5,-65,-0.77,8319.0,-0.3066,585,4,50,2026-08-27 04:40:13
0015K0,4,TIGER 미국소비트렌드액티브,7295,5,-5,-0.07,7206.0,-5.0098,520,3,50,2026-08-27 04:40:13
0128D0,4,PLUS 차이나항셍테크위클리타겟커버드콜,7035,5,-50,-0.71,7036.0,-11.9937,1678,11,49,2026-08-27 04:40:13
0131A0,4,SOL 차이나소비트렌드,8100,2,95,1.19,8140.0,-14.0172,24,0,49,2026-08-27 04:40:13
0078V0,4,PLUS 미국로보택시,9620,5,-130,-1.33,9521.0,-15.0327,357,3,48,2026-08-27 04:40:13
267440,6,RISE 미국장기국채선물(H),8015,3,0,0.0,8153.0,-2.6124,348,2,48,2026-08-27 04:40:13
227560,2,TIGER 200 생활소비재,13305,5,-360,-2.63,13324.0,4.2108,15754,211,48,2026-08-27 04:40:13
244660,2,KODEX 퀄리티Plus,9480,5,-150,-1.56,9459.0,-3.1656,409,3,47,2026-08-27 04:40:13
391600,4,ACE 미국친환경그린테마,10530,2,70,0.67,10479.0,-21.442,297,3,47,2026-08-27 04:40:13
266550,2,PLUS 중형주저변동50,18905,5,-100,-0.53,18698.0,-4.3774,2,0,47,2026-08-27 04:40:13
488210,2,KIWOOM K-반도체북미공급망,22730,2,390,1.75,22792.0,-22.0066,368,8,45,2026-08-27 04:40:13
373790,4,KIWOOM 미국방어배당성장나스닥,16020,5,-30,-0.19,15954.0,-2.5248,144,2,45,2026-08-27 04:40:13
205720,4,ACE 일본TOPIX인버스(합성 H),1448,2,2,0.14,1450.0,-5.9207,1136,1,43,2026-08-27 04:40:13
243890,2,TIGER 200에너지화학레버리지,8225,2,50,0.61,8269.0,-38.3019,6858,56,43,2026-08-27 04:40:13
277650,2,TIGER 코스피중형주,21265,2,100,0.47,21304.0,-16.228,73,1,43,2026-08-27 04:40:13
226380,2,ACE Fn성장소비주도주,6010,5,-85,-1.39,6021.0,-2.0097,1711,10,42,2026-08-27 04:40:13
0050E0,4,PLUS 미국AI에이전트,8240,2,170,2.11,8051.0,-6.1628,42120,345,41,2026-08-27 04:40:13
238670,7,PLUS 스마트베타Quality채권혼합,13570,5,-80,-0.59,13539.0,0.9615,10204,138,41,2026-08-27 04:40:13
252420,3,RISE 200선물인버스2X,79,5,-3,-3.66,79.0,-17.1718,1504041,118,40,2026-08-27 04:40:13
334690,5,RISE 팔라듐선물(H),6050,5,-30,-0.49,6037.0,-5.5901,760,4,39,2026-08-27 04:40:13
291680,4,RISE 차이나H선물인버스(H),7720,2,150,1.98,7765.0,-2.9488,4,0,39,2026-08-27 04:40:13
225030,4,TIGER 미국S&P500선물인버스(H),2250,5,-10,-0.44,2245.0,-1.3101,5362,12,37,2026-08-27 04:40:13
427120,2,RISE AI플랫폼,5345,2,65,1.23,5351.0,-13.1579,2761,14,36,2026-08-27 04:40:13
0079X0,4,ACE BYD밸류체인액티브,10150,5,-105,-1.02,10139.0,-17.7956,411,4,36,2026-08-27 04:40:13
267490,6,RISE 미국장기국채선물레버리지(합성 H),5010,5,-90,-1.76,5099.0,-1.5445,4,0,35,2026-08-27 04:40:13
306530,3,HANARO 코스닥150선물레버리지,7335,2,195,2.73,7350.0,-57.335,17968,131,32,2026-08-27 04:40:13
454180,4,KIWOOM 차이나내수소비TOP CSI,7700,5,-5,-0.06,7686.0,-7.942,329,2,31,2026-08-27 04:40:13
476000,2,UNICORN 포스트IPO액티브,5210,2,70,1.36,5187.0,-47.0377,6989,36,29,2026-08-27 04:40:13
145670,3,ACE 인버스,1285,5,-15,-1.15,1284.0,-0.3068,61106,78,28,2026-08-27 04:40:13
280940,5,KODEX 골드선물인버스(H),3245,2,10,0.31,3257.0,-2.9986,788,2,26,2026-08-27 04:40:13
252410,3,RISE 200선물인버스,1297,5,-23,-1.74,1305.0,-0.6025,11747,15,26,2026-08-27 04:40:13
491630,4,RISE 미국반도체인버스(합성 H),5435,5,-165,-2.95,5456.0,-3.9452,808,4,26,2026-08-27 04:40:13
291620,3,KIWOOM 코스닥150선물인버스,4200,5,-65,-1.52,4226.0,21.5099,4028,17,24,2026-08-27 04:40:13
275750,3,RISE 코스닥150선물인버스,2410,5,-35,-1.43,2416.0,22.25,4901,11,23,2026-08-27 04:40:13
253230,3,KIWOOM 200선물인버스2X,75,5,-3,-3.85,75.0,-20.4082,1079645,80,23,2026-08-27 04:40:13
280320,4,ACE 미국IT인터넷(합성 H),21500,2,60,0.28,21636.0,2.3144,2,0,22,2026-08-27 04:40:13
334700,5,RISE 팔라듐선물인버스(H),3270,5,-20,-0.61,3304.0,0.1522,12,0,21,2026-08-27 04:40:13
253240,3,KIWOOM 200선물인버스,1305,5,-24,-1.81,1308.0,-0.9688,41743,54,16,2026-08-27 04:40:13
306520,3,HANARO 200선물인버스,2380,5,-35,-1.45,2384.0,-0.4124,4963,11,14,2026-08-27 04:40:13
412560,2,TIGER BBIG레버리지,1893,2,52,2.82,1891.0,-26.9445,18458,34,13,2026-08-27 04:40:13
253160,3,PLUS 200선물인버스2X,153,5,-5,-3.16,153.0,-21.7822,447786,68,13,2026-08-27 04:40:13
261920,4,ACE MSCI필리핀(합성),12220,5,-360,-2.86,12205.0,-4.8772,596,7,12,2026-08-27 04:40:13
465620,4,ACE 미국빅테크TOP7 Plus인버스(합성),6512,5,-43,-0.66,6564.0,6.1538,765,4,7,2026-08-27 04:40:13
