itemcode,etfTabCode,itemname,nowVal,risefall,changeVal,changeRate,nav,threeMonthEarnRate,quant,amonut,marketSum,collected_at
069500,1,KODEX 200,110755,5,-1305,-1.16,110903.0,-9.1026,14108642,1576423,256509,2026-10-06 03:01:22
360750,4,TIGER 미국S&P500,25955,2,175,0.68,25921.0,-10.5004,15271580,396256,209924,2026-10-06 03:01:22
133690,4,TIGER 미국나스닥100,185100,2,2045,1.12,184915.0,-10.3993,3028544,560694,122314,2026-10-06 03:01:22
396500,2,TIGER 반도체TOP10,40080,2,180,0.45,40157.0,-8.9977,4451878,179662,106032,2026-10-06 03:01:22
379800,4,KODEX 미국S&P500,23595,2,165,0.7,23562.0,-10.5021,15819669,373126,105045,2026-10-06 03:01:22
102110,1,TIGER 200,111045,5,-1190,-1.06,111144.0,-9.1657,7787341,872231,104049,2026-10-06 03:01:22
488770,7,KODEX 머니마켓액티브,105735,2,10,0.01,105740.0,0.897,281778,29794,101713,2026-10-06 03:01:22
379810,4,KODEX 미국나스닥100,27680,2,295,1.08,27650.0,-10.2948,14979277,414663,100880,2026-10-06 03:01:22
278530,1,KODEX 200TR,40125,5,-460,-1.13,40169.0,-8.9819,171021,6929,77943,2026-10-06 03:01:22
459580,6,KODEX CD금리액티브(합성),1073857,2,92,0.01,1074173.0,0.7463,355378,381625,69859,2026-10-06 03:01:22
091160,2,KODEX 반도체,150705,2,1925,1.29,150910.0,-0.3183,1008262,151926,63409,2026-10-06 03:01:22
381180,4,TIGER 미국필라델피아반도체나스닥,46085,2,825,1.82,46075.0,-15.8043,665526,30724,62630,2026-10-06 03:01:22
0167A0,2,SOL AI반도체TOP2플러스,19640,2,255,1.32,19675.0,-16.9808,7257528,143286,60364,2026-10-06 03:01:22
498400,2,KODEX 200타겟위클리커버드콜,20665,5,-190,-0.91,20670.0,-9.679,4368194,90950,60114,2026-10-06 03:01:22
122630,3,KODEX 레버리지,111770,5,-2625,-2.29,112012.0,-28.608,6788303,772678,58344,2026-10-06 03:01:22
229200,1,KODEX 코스닥150,15770,2,590,3.89,15782.0,-1.938,15159869,237551,51781,2026-10-06 03:01:22
310970,1,TIGER MSCI Korea TR,49630,5,-500,-1.0,49677.0,-8.987,9061,452,46057,2026-10-06 03:01:22
148020,1,RISE 200,111635,5,-1330,-1.18,111750.0,-9.2611,563354,63471,44989,2026-10-06 03:01:22
395160,2,KODEX AI반도체TOP2플러스,43350,2,130,0.3,43414.0,-14.4159,2295459,100461,42353,2026-10-06 03:01:22
0162Z0,7,RISE 삼성전자SK하이닉스채권혼합50,13805,5,-135,-0.97,13818.0,-2.3127,2782455,38635,41802,2026-10-06 03:01:22
458730,4,TIGER 미국배당다우존스,13980,5,-75,-0.53,13947.0,-10.0258,1265464,17696,41772,2026-10-06 03:01:22
233740,3,KODEX 코스닥150레버리지,8630,2,595,7.41,8661.0,-13.7876,46839585,398673,40164,2026-10-06 03:01:22
360200,4,ACE 미국S&P500,26235,2,180,0.69,26204.0,-10.4786,299123,7844,39825,2026-10-06 03:01:22
381170,4,TIGER 미국테크TOP10 INDXX,31825,2,500,1.6,31782.0,-5.2194,677948,21585,39145,2026-10-06 03:01:22
357870,6,TIGER CD금리투자KIS(합성),58162,5,-3,-0.01,58164.0,0.8058,116178,6757,38831,2026-10-06 03:01:22
395270,2,HANARO Fn K-반도체,61950,2,350,0.57,62051.0,-13.215,856543,53516,38440,2026-10-06 03:01:22
411060,5,ACE KRX금현물,25010,5,-505,-1.98,24994.0,-8.8425,682736,17142,37440,2026-10-06 03:01:22
367380,4,ACE 미국나스닥100,31820,2,320,1.02,31786.0,-10.3027,345643,11000,36211,2026-10-06 03:01:22
273130,6,KODEX 종합채권(AA-이상)액티브,110250,5,-190,-0.17,110328.0,0.245,6525,719,35713,2026-10-06 03:01:22
423160,6,KODEX KOFR금리액티브(합성),110722,2,7,0.01,110714.0,0.743,52311,5791,34979,2026-10-06 03:01:22
102780,2,KODEX 삼성그룹,27050,2,320,1.2,27079.0,-9.0817,171520,4651,34435,2026-10-06 03:01:22
0043B0,6,TIGER 머니마켓액티브,103875,2,15,0.01,103877.0,0.9574,95989,9971,32711,2026-10-06 03:01:22
487240,2,KODEX AI전력핵심설비,37165,2,265,0.72,37182.0,-14.7746,1366920,50986,32631,2026-10-06 03:01:22
455890,6,RISE 머니마켓액티브,55645,2,5,0.01,55647.0,0.8793,106308,5915,29547,2026-10-06 03:01:22
139260,2,TIGER 200 IT,147890,2,2010,1.38,148136.0,-14.1687,139271,20708,28158,2026-10-06 03:01:22
472150,2,TIGER 배당커버드콜액티브,20280,5,-220,-1.07,20299.0,-9.2272,2013644,41191,27867,2026-10-06 03:01:22
426030,4,TIME 미국나스닥100액티브,48505,2,420,0.87,48551.0,-16.8584,319871,15553,26755,2026-10-06 03:01:22
481050,6,KODEX CD1년금리플러스액티브(합성),1022090,2,100,0.01,1022103.0,0.8242,32670,33391,26652,2026-10-06 03:01:22
486290,4,TIGER 미국나스닥100타겟데일리커버드콜,10590,2,85,0.81,10583.0,-10.6087,1051131,11139,26486,2026-10-06 03:01:22
278540,1,KODEX MSCI Korea TR,39500,5,-360,-0.9,39566.0,-9.2235,10901,435,24293,2026-10-06 03:01:22
449170,6,TIGER KOFR금리액티브(합성),112065,2,5,0.0,112067.0,0.719,40009,4483,23674,2026-10-06 03:01:22
161510,2,PLUS 고배당주,24380,5,-110,-0.45,24392.0,0.3475,341352,8339,23661,2026-10-06 03:01:22
0193T0,2,KODEX SK하이닉스단일종목레버리지,10875,5,-680,-5.88,10898.0,-47.5607,8523099,94701,21951,2026-10-06 03:01:22
385540,6,RISE 종합채권(A-이상)액티브,103345,5,-135,-0.13,103382.0,0.3345,698,72,21818,2026-10-06 03:01:22
456600,4,TIME 글로벌AI인공지능액티브,59345,2,160,0.27,59563.0,-14.6207,99863,5940,21281,2026-10-06 03:01:22
305720,2,KODEX 2차전지산업,15770,2,690,4.58,15802.0,6.1971,4256984,66262,20391,2026-10-06 03:01:22
284430,6,KODEX 200미국채혼합50,20520,5,-195,-0.94,20548.0,-11.6102,231073,4766,19765,2026-10-06 03:01:22
292150,2,TIGER 코리아TOP10,38745,5,-215,-0.55,38803.0,-9.9887,235367,9196,19721,2026-10-06 03:01:22
214980,6,KODEX 단기채권PLUS,114575,5,-5,0.0,114591.0,0.7931,15661,1794,19471,2026-10-06 03:01:22
294400,1,KIWOOM 200TR,145515,5,-1675,-1.14,145617.0,-9.2009,46291,6792,17971,2026-10-06 03:01:22
442580,4,PLUS 글로벌HBM반도체,107230,5,-2370,-2.16,107720.0,-13.2054,252737,27383,17940,2026-10-06 03:01:22
441640,4,KODEX 미국배당커버드콜액티브,12170,2,50,0.41,12150.0,-9.4867,457112,5558,16989,2026-10-06 03:01:22
105190,1,ACE 200,111085,5,-1240,-1.1,111159.0,-9.4827,115044,12899,16663,2026-10-06 03:01:22
446770,4,ACE 글로벌반도체TOP4 Plus,82800,2,1070,1.31,82953.0,-12.0762,79087,6584,16560,2026-10-06 03:01:22
368590,4,RISE 미국나스닥100,30835,2,320,1.05,30801.0,-10.317,111641,3442,16558,2026-10-06 03:01:22
329200,2,TIGER 리츠부동산인프라,4042,5,-3,-0.07,4045.0,4.4467,1809654,7310,15770,2026-10-06 03:01:22
091230,2,TIGER 반도체,159410,2,2040,1.3,159670.0,1.1669,163441,26058,15622,2026-10-06 03:01:22
0177N0,7,KODEX 삼성전자SK하이닉스채권혼합50,14540,5,-165,-1.12,14557.0,-2.3907,1555045,22749,15558,2026-10-06 03:01:22
232080,1,TIGER 코스닥150,16040,2,560,3.62,16093.0,-1.7767,6540404,104487,15520,2026-10-06 03:01:22
477080,6,RISE CD금리액티브(합성),107780,3,0,0.0,107781.0,0.7713,3560,383,15498,2026-10-06 03:01:22
152100,1,PLUS 200,112475,5,-1255,-1.1,112568.0,-9.0111,126501,14374,15128,2026-10-06 03:01:22
0193W0,2,KODEX 삼성전자단일종목레버리지,12990,5,-340,-2.55,13029.0,-24.2614,3738070,49964,15052,2026-10-06 03:01:22
487230,4,KODEX 미국AI전력핵심인프라,19975,2,310,1.58,19992.0,-25.904,821185,16434,14941,2026-10-06 03:01:22
379780,4,RISE 미국S&P500,22630,2,145,0.64,22605.0,-10.5051,114576,2592,14913,2026-10-06 03:01:22
0195S0,2,TIGER SK하이닉스단일종목레버리지,9260,5,-580,-5.89,9262.0,-47.7846,4117866,38770,14416,2026-10-06 03:01:22
226490,1,KODEX 코스피,71610,5,-540,-0.75,71697.0,-8.7655,81263,5854,14286,2026-10-06 03:01:22
453850,6,ACE 미국30년국채액티브(H),6725,5,-55,-0.81,6729.0,-8.1556,832514,5605,13981,2026-10-06 03:01:22
390390,4,KODEX 미국반도체,57855,2,955,1.68,57918.0,-12.7296,337265,19578,13914,2026-10-06 03:01:22
455850,2,SOL AI반도체소부장,32025,2,1525,5.0,32010.0,11.6807,4271588,135298,13723,2026-10-06 03:01:22
466920,2,SOL 조선TOP3플러스,25750,5,-385,-1.47,25757.0,-18.608,433367,11230,13686,2026-10-06 03:01:22
469150,2,ACE AI반도체TOP3+,66665,2,120,0.18,66803.0,1.5256,181036,12142,13666,2026-10-06 03:01:22
494310,2,KODEX 반도체레버리지,106455,2,2415,2.32,107063.0,-17.7485,2023717,215784,13467,2026-10-06 03:01:22
475630,7,TIGER CD1년금리액티브(합성),1079297,2,57,0.01,1079297.0,0.8164,74978,80923,13328,2026-10-06 03:01:22
448330,1,KODEX 삼성전자채권혼합,17700,3,0,0.0,17688.0,1.532,381949,6783,13080,2026-10-06 03:01:22
157450,6,TIGER 단기통안채,112825,2,30,0.03,112830.0,0.6469,8357,942,12878,2026-10-06 03:01:22
436140,6,SOL 종합채권(AA-이상)액티브,106620,5,-195,-0.18,106696.0,0.3947,352,37,12742,2026-10-06 03:01:22
465580,4,ACE 미국빅테크TOP7 Plus,24895,2,685,2.83,24851.0,-3.8905,704457,17537,12535,2026-10-06 03:01:22
438080,7,ACE 미국S&P500미국채혼합50액티브,13770,3,0,0.0,13769.0,-11.5607,223455,3072,12379,2026-10-06 03:01:22
487340,6,ACE 머니마켓액티브,106205,2,5,0.0,106215.0,0.9313,4319,458,12333,2026-10-06 03:01:22
153130,6,KODEX 단기채권,113300,2,35,0.03,113296.0,0.6289,17221,1950,11867,2026-10-06 03:01:22
356540,6,ACE 종합채권(AA-이상)액티브,101595,5,-145,-0.14,101641.0,0.3699,527,53,11779,2026-10-06 03:01:22
497570,4,TIGER 미국필라델피아AI반도체나스닥,23345,2,590,2.59,23346.0,-12.396,161975,3792,11661,2026-10-06 03:01:22
0183J0,4,TIGER 미국우주테크,7755,2,395,5.37,7725.0,-30.3361,1190021,9234,11419,2026-10-06 03:01:22
445290,2,KODEX 로봇액티브,32260,2,680,2.15,32287.0,-2.4029,246133,7913,11178,2026-10-06 03:01:22
0072R0,5,TIGER KRX금현물,11945,5,-250,-2.05,11945.0,-8.549,1024593,12288,11157,2026-10-06 03:01:22
0139F0,6,TIGER 12월자동연장금융채(AA-이상)액티브,102390,5,-5,0.0,102396.0,0.9613,259,26,11025,2026-10-06 03:01:22
451540,6,TIGER 종합채권(AA-이상)액티브,53025,5,-95,-0.18,53053.0,0.3779,2217,117,10750,2026-10-06 03:01:22
494300,4,KODEX 미국나스닥100데일리커버드콜OTM,8955,2,100,1.13,8953.0,-13.7943,701900,6288,10674,2026-10-06 03:01:22
494890,1,KODEX 200액티브,31955,5,-365,-1.13,31983.0,-9.4822,197518,6347,10641,2026-10-06 03:01:22
469830,6,SOL 초단기채권액티브,54555,2,10,0.02,54553.0,0.8971,72832,3973,10513,2026-10-06 03:01:22
449180,4,KODEX 미국S&P500(H),17375,2,215,1.25,17358.0,2.664,235977,4099,10442,2026-10-06 03:01:22
0117V0,2,TIGER 코리아AI전력기기TOP3플러스,19440,2,165,0.86,19444.0,-15.1607,615773,11997,10303,2026-10-06 03:01:22
295040,1,SOL 200TR,41535,5,-505,-1.2,41597.0,-9.1224,36136,1515,10280,2026-10-06 03:01:22
479520,6,RISE KOFR금리액티브(합성),106650,5,-20,-0.02,106677.0,0.7318,3250,346,10054,2026-10-06 03:01:22
305540,2,TIGER 2차전지테마,20035,2,860,4.49,20076.0,7.3027,307287,6080,9967,2026-10-06 03:01:22
446720,4,SOL 미국배당다우존스,12825,5,-50,-0.39,12784.0,-9.6915,167247,2142,9888,2026-10-06 03:01:22
0219E0,2,KODEX 200커버드콜액티브,8395,5,-40,-0.47,8400.0,,2995125,25328,9763,2026-10-06 03:01:22
449450,2,PLUS K방산,50425,5,-1825,-3.49,50449.0,-15.3024,219198,11279,9666,2026-10-06 03:01:22
495050,1,RISE 코리아밸류업,32350,5,-290,-0.89,32368.0,-10.1137,35187,1148,9527,2026-10-06 03:01:22
438100,7,ACE 미국나스닥100미국채혼합50액티브,15210,2,50,0.33,15195.0,-11.3451,210948,3203,9521,2026-10-06 03:01:22
315930,2,KODEX Top5PlusTR,78970,5,-710,-0.89,78952.0,-10.7727,6547,519,9476,2026-10-06 03:01:22
237350,1,KODEX 코스피100,88365,5,-910,-1.02,88464.0,-9.973,54101,4819,9455,2026-10-06 03:01:22
402970,4,ACE 미국배당다우존스,14250,5,-80,-0.56,14210.0,-9.8231,185832,2645,9234,2026-10-06 03:01:22
0048J0,6,KODEX 미국머니마켓액티브,13390,5,-55,-0.41,13382.0,-12.3859,374814,5018,9229,2026-10-06 03:01:22
0195R0,2,TIGER 삼성전자단일종목레버리지,11825,5,-355,-2.91,11842.0,-24.8149,1659480,20243,9150,2026-10-06 03:01:22
462330,2,KODEX 2차전지산업레버리지,1168,2,97,9.06,1177.0,-0.6494,72372837,82131,8970,2026-10-06 03:01:22
475720,3,RISE 200위클리커버드콜,12725,5,-30,-0.24,12729.0,-5.0866,483623,6185,8806,2026-10-06 03:01:22
0117L0,6,KODEX 26-12 금융채(AA-이상)액티브,10180,5,-5,-0.05,10183.0,0.7916,3847,39,8718,2026-10-06 03:01:22
479080,6,1Q 머니마켓액티브,53935,2,5,0.01,53938.0,0.898,16245,876,8681,2026-10-06 03:01:22
0177R0,2,TIGER 반도체TOP10커버드콜액티브,12210,2,15,0.12,12232.0,-12.4648,1295508,15951,8669,2026-10-06 03:01:22
498410,2,KODEX 금융고배당TOP10타겟위클리커버드콜,11300,5,-50,-0.44,11296.0,2.2617,840498,9515,8656,2026-10-06 03:01:22
490590,4,RISE 미국AI밸류체인데일리고정커버드콜,14520,2,115,0.8,14514.0,-7.6761,363168,5284,8443,2026-10-06 03:01:22
069660,1,KIWOOM 200,110730,5,-1315,-1.17,110837.0,-9.3597,49185,5497,8415,2026-10-06 03:01:22
466940,2,TIGER 은행고배당플러스TOP10,25795,5,-105,-0.41,25807.0,3.3705,293355,7583,8190,2026-10-06 03:01:22
272580,6,TIGER 단기채권액티브,57250,2,10,0.02,57243.0,0.8279,16992,972,7926,2026-10-06 03:01:22
495850,1,KODEX 코리아밸류업,32080,5,-445,-1.37,32093.0,-9.8789,31810,1029,7876,2026-10-06 03:01:22
441800,1,TIME Korea플러스배당액티브,28445,5,-205,-0.72,28468.0,-10.5057,91066,2605,7817,2026-10-06 03:01:22
0025N0,7,TIGER TDF2045 적격,11830,2,55,0.47,11797.0,-9.2486,91996,1087,7802,2026-10-06 03:01:22
418660,4,TIGER 미국나스닥100레버리지(합성),41960,2,850,2.07,41884.0,-20.422,149429,6274,7721,2026-10-06 03:01:22
457480,4,ACE 테슬라밸류체인액티브,18310,2,700,3.98,18280.0,-25.2547,157198,2875,7562,2026-10-06 03:01:22
367760,2,RISE 네트워크인프라,65415,2,1670,2.62,65543.0,-11.8022,128560,8433,7523,2026-10-06 03:01:22
488080,3,TIGER 반도체TOP10레버리지,40490,5,-30,-0.07,41058.0,-32.6239,2429115,99949,7369,2026-10-06 03:01:22
476550,6,TIGER 미국30년국채커버드콜액티브(H),6330,5,-50,-0.78,6335.0,-8.2305,542146,3435,7346,2026-10-06 03:01:22
456610,6,TIGER 미국달러SOFR금리액티브(합성),58540,5,-275,-0.47,58577.0,-12.3146,17810,1042,7339,2026-10-06 03:01:22
364980,2,TIGER 2차전지TOP10,10755,2,485,4.72,10781.0,6.9791,2156329,22835,7308,2026-10-06 03:01:22
329750,6,TIGER 미국달러단기채권액티브,12720,5,-55,-0.43,12720.0,-12.7093,132571,1686,7281,2026-10-06 03:01:22
144600,5,KODEX 은선물(H),9830,5,-90,-0.91,9833.0,1.1728,195678,1927,7235,2026-10-06 03:01:22
114800,3,KODEX 인버스,988,2,13,1.33,988.0,-2.5975,237859556,232734,7152,2026-10-06 03:01:22
252670,3,KODEX 200선물인버스2X,70,2,1,1.45,71.0,-17.8572,3617162242,250482,7149,2026-10-06 03:01:22
481060,6,KODEX 미국30년국채타겟커버드콜(합성 H),6995,5,-30,-0.43,7015.0,-6.5805,387991,2714,7103,2026-10-06 03:01:22
0148J0,2,TIGER 코리아휴머노이드로봇산업,10320,2,390,3.93,10303.0,4.9682,3122778,31697,7049,2026-10-06 03:01:22
0101N0,2,RISE AI전력인프라,22070,2,70,0.32,22074.0,-3.318,188731,4173,6996,2026-10-06 03:01:22
0127P0,4,ACE 미국대형성장주액티브,10640,2,90,0.85,10626.0,-11.5522,9959,106,6985,2026-10-06 03:01:22
290130,2,RISE ESG사회책임투자,48730,5,-330,-0.67,48700.0,-10.8568,5209,255,6871,2026-10-06 03:01:22
0061Z0,6,RISE 단기특수은행채액티브,51135,5,-5,-0.01,51136.0,0.7982,214,10,6812,2026-10-06 03:01:22
482730,4,TIGER 미국S&P500타겟데일리커버드콜,11520,2,80,0.7,11493.0,-10.4068,268171,3088,6768,2026-10-06 03:01:22
314250,4,KODEX 미국빅테크10(H),64920,2,675,1.05,64837.0,12.0256,28385,1843,6765,2026-10-06 03:01:22
0167B0,2,SOL 200타겟위클리커버드콜,11835,5,-105,-0.88,11843.0,-9.6296,517163,6166,6722,2026-10-06 03:01:22
434730,2,HANARO 원자력iSelect,57685,2,320,0.56,57775.0,-13.3067,72619,4201,6720,2026-10-06 03:01:22
471990,2,KODEX AI반도체핵심장비,32170,2,1870,6.17,32200.0,14.5695,2135979,67968,6643,2026-10-06 03:01:22
423920,4,TIGER 미국필라델피아반도체레버리지(합성),95655,2,3030,3.27,95751.0,-34.4665,60898,5863,6638,2026-10-06 03:01:22
458760,4,TIGER 미국배당다우존스타겟커버드콜2호,10155,5,-105,-1.02,10147.0,-9.8032,218923,2224,6535,2026-10-06 03:01:22
102970,2,KODEX 증권,17520,5,-80,-0.45,17550.0,-16.3924,317709,5627,6500,2026-10-06 03:01:22
0007F0,6,KODEX 27-12 회사채(AA-이상)액티브,10202,2,2,0.02,10206.0,0.9401,6985,71,6496,2026-10-06 03:01:22
491010,4,TIGER 글로벌AI전력인프라액티브,25440,2,260,1.03,25420.0,-26.7811,38850,992,6439,2026-10-06 03:01:22
371460,4,TIGER 차이나전기차SOLACTIVE,8940,2,25,0.28,9011.0,-29.9686,41510,371,6412,2026-10-06 03:01:22
0015B0,4,KoAct 미국나스닥성장기업액티브,19755,2,95,0.48,19785.0,-18.8777,320377,6344,6391,2026-10-06 03:01:22
434060,7,KODEX TDF2050액티브 적격,16815,2,130,0.78,16748.0,-9.0921,44543,748,6373,2026-10-06 03:01:22
466950,4,TIGER 글로벌AI액티브,32370,2,305,0.95,32337.0,-23.8362,32568,1055,6108,2026-10-06 03:01:22
0091P0,2,TIGER 코리아원자력,16865,2,25,0.15,16893.0,1.5681,843140,14252,6055,2026-10-06 03:01:22
491620,4,RISE 미국테크100데일리고정커버드콜,10515,2,100,0.96,10507.0,-9.0807,677580,7130,6015,2026-10-06 03:01:22
138540,2,TIGER 현대차그룹플러스,45755,5,-65,-0.14,45801.0,-17.1279,52414,2410,5948,2026-10-06 03:01:22
489250,4,KODEX 미국배당다우존스,12060,5,-55,-0.45,12038.0,-10.007,214341,2583,5909,2026-10-06 03:01:22
0019K0,7,TIME 미국나스닥100채권혼합50액티브,13555,2,40,0.3,13562.0,-8.0613,215828,2928,5903,2026-10-06 03:01:22
496020,6,WON 전단채플러스액티브,52630,3,0,0.0,52640.0,0.9494,2832,149,5887,2026-10-06 03:01:22
251600,7,PLUS 고배당주채권혼합,15170,5,-40,-0.26,15178.0,0.8226,121247,1841,5886,2026-10-06 03:01:22
477050,6,PLUS 머니마켓액티브,53665,3,0,0.0,53675.0,0.9309,248806,13354,5816,2026-10-06 03:01:22
462010,2,TIGER 2차전지소재Fn,5255,2,260,5.21,5266.0,1.5243,4742509,24575,5762,2026-10-06 03:01:22
484790,6,KODEX 미국30년국채액티브(H),7750,5,-60,-0.77,7750.0,-7.8026,314155,2438,5740,2026-10-06 03:01:22
449190,4,KODEX 미국나스닥100(H),23390,2,355,1.54,23374.0,2.8222,240009,5615,5719,2026-10-06 03:01:22
277630,1,TIGER 코스피,72715,5,-680,-0.93,72780.0,-8.5523,19747,1445,5672,2026-10-06 03:01:22
451000,6,PLUS 종합채권(AA-이상)액티브,107775,5,-45,-0.04,107720.0,0.3583,19,2,5643,2026-10-06 03:01:22
365780,6,ACE 국고채10년,82500,5,-155,-0.19,82544.0,-0.2294,3105,256,5540,2026-10-06 03:01:22
0163Y0,1,KoAct 코스닥액티브,11030,2,185,1.71,11053.0,7.27,672602,7392,5377,2026-10-06 03:01:22
455030,6,KODEX 미국달러SOFR금리액티브(합성),11540,5,-40,-0.35,11531.0,-12.3204,48621,561,5320,2026-10-06 03:01:22
0105E0,2,SOL 코리아고배당,12595,5,-20,-0.16,12587.0,-0.1547,160945,2030,5240,2026-10-06 03:01:22
435420,7,TIGER 미국나스닥100채권혼합50,14260,2,110,0.78,14237.0,-5.0469,124218,1771,5212,2026-10-06 03:01:22
494670,2,TIGER 조선TOP10,20430,5,-360,-1.73,20441.0,-17.1549,299258,6161,5179,2026-10-06 03:01:22
361580,1,RISE 200TR,63010,5,-690,-1.08,63021.0,-9.4657,137185,8725,5104,2026-10-06 03:01:22
315960,2,RISE 대형고배당10TR,77235,5,-1255,-1.6,77241.0,-10.9283,40815,3181,5098,2026-10-06 03:01:22
444200,2,SOL 코리아메가테크액티브,45555,5,-190,-0.42,45627.0,-12.8833,19656,900,5034,2026-10-06 03:01:22
371160,4,TIGER 차이나항셍테크,6195,2,60,0.98,6189.0,-19.0129,109195,678,5015,2026-10-06 03:01:22
396520,4,TIGER 차이나반도체FACTSET,12125,2,115,0.96,12118.0,-39.8297,72955,883,5005,2026-10-06 03:01:22
114260,6,KODEX 국고채3년,61870,5,-45,-0.07,61927.0,0.5521,24703,1528,4997,2026-10-06 03:01:22
463250,2,TIGER K방산&우주,33495,5,-1240,-3.57,33489.0,-10.013,335026,11515,4991,2026-10-06 03:01:22
496080,1,TIGER 코리아밸류업,32155,5,-420,-1.29,32202.0,-10.0974,57669,1866,4952,2026-10-06 03:01:22
448290,4,TIGER 미국S&P500(H),17995,2,210,1.18,17979.0,2.4501,63135,1135,4904,2026-10-06 03:01:22
476800,7,KODEX 한국부동산리츠인프라,4200,5,-5,-0.12,4195.0,2.7474,591603,2481,4885,2026-10-06 03:01:22
243880,2,TIGER 200IT레버리지,375200,2,11250,3.09,376664.0,-42.413,54122,20501,4878,2026-10-06 03:01:22
251350,4,KODEX MSCI선진국,38015,2,70,0.18,38059.0,-10.785,18693,711,4866,2026-10-06 03:01:22
0190C0,2,RISE 현대차고정피지컬AI,7935,2,175,2.26,7937.0,-19.9588,484694,3836,4777,2026-10-06 03:01:22
483280,4,KODEX 미국AI테크TOP10타겟커버드콜,11935,2,220,1.88,11925.0,-6.8972,114994,1373,4702,2026-10-06 03:01:22
438330,6,TIGER 우량회사채액티브,115785,5,-65,-0.06,115843.0,0.8268,4745,549,4685,2026-10-06 03:01:22
471230,6,KODEX 국고채10년액티브,103820,5,-305,-0.29,103815.0,-0.2252,9486,984,4650,2026-10-06 03:01:22
499660,7,TIGER CD금리플러스액티브(합성),1000540,2,70,0.01,1000542.0,0.8011,6351,6354,4557,2026-10-06 03:01:22
490490,7,SOL 미국배당미국채혼합50,10365,5,-85,-0.81,10352.0,-13.3125,112514,1168,4488,2026-10-06 03:01:22
0173Y0,4,KODEX 미국AI광통신네트워크,12075,2,395,3.38,12051.0,-17.2077,1789854,21603,4480,2026-10-06 03:01:22
451060,1,1Q 200액티브,35535,5,-380,-1.06,35575.0,-9.0382,59632,2128,4477,2026-10-06 03:01:22
447770,7,TIGER 테슬라채권혼합Fn,13925,2,215,1.57,13967.0,-7.8148,165604,2296,4400,2026-10-06 03:01:22
385550,6,RISE 단기채권알파액티브,114245,2,35,0.03,114441.0,0.6565,2382,272,4332,2026-10-06 03:01:22
293180,1,HANARO 200,111065,5,-1330,-1.18,111164.0,-9.1591,10138,1138,4332,2026-10-06 03:01:22
0210A0,2,ACE K반도체TOP2+,8025,2,90,1.13,8044.0,-13.7969,781467,6314,4317,2026-10-06 03:01:22
448300,4,TIGER 미국나스닥100(H),24130,2,370,1.56,24111.0,2.6672,100201,2418,4295,2026-10-06 03:01:22
0016X0,6,SOL 중단기회사채(A-이상)액티브,51615,2,5,0.01,51616.0,1.0375,2409,124,4241,2026-10-06 03:01:22
474220,4,TIGER 미국테크TOP10타겟커버드콜,15060,2,135,0.9,15040.0,-5.196,36179,544,4239,2026-10-06 03:01:22
385560,6,RISE KIS국고채30년Enhanced,51175,5,-500,-0.97,51200.0,-1.8303,20109,1029,4212,2026-10-06 03:01:22
0023A0,4,SOL 미국양자컴퓨팅TOP10,23255,5,-490,-2.06,23205.0,-27.6619,93134,2169,4093,2026-10-06 03:01:22
426020,4,TIME 미국S&P500액티브,31870,2,240,0.76,31827.0,-13.4137,36742,1171,4060,2026-10-06 03:01:22
241180,4,TIGER 일본니케이225,36205,2,720,2.03,36099.0,-10.7521,15518,561,4055,2026-10-06 03:01:22
475300,2,SOL 반도체전공정,28435,2,1355,5.0,28423.0,4.0338,2214373,62002,4009,2026-10-06 03:01:22
476760,6,ACE 미국30년국채액티브,8155,5,-115,-1.39,8156.0,-20.2578,737297,6017,3988,2026-10-06 03:01:22
474590,2,WON 반도체밸류체인액티브,51410,2,325,0.64,51531.0,-3.0186,59266,3053,3959,2026-10-06 03:01:22
302450,1,RISE 코스피,72300,5,-455,-0.63,72315.0,-11.3591,1426,103,3940,2026-10-06 03:01:22
148070,6,KIWOOM 국고채10년,104590,5,-265,-0.25,104636.0,-0.1762,4010,419,3930,2026-10-06 03:01:22
385720,1,TIME 코스피액티브,25830,5,-135,-0.52,25891.0,-13.0588,17000,441,3926,2026-10-06 03:01:22
0060H0,1,TIGER 토탈월드스탁액티브,12430,2,85,0.69,12401.0,-11.03,23519,292,3915,2026-10-06 03:01:22
439860,6,KODEX ESG종합채권(A-이상)액티브,113870,5,-75,-0.07,113922.0,0.8139,5,0,3909,2026-10-06 03:01:22
0046A0,6,TIGER 미국초단기(3개월이하)국채,9295,5,-45,-0.48,9299.0,-12.4044,307338,2856,3858,2026-10-06 03:01:22
469070,2,RISE AI&로봇,11480,2,280,2.5,11482.0,1.5412,218581,2497,3846,2026-10-06 03:01:22
0094M0,2,RISE 코리아밸류업위클리고정커버드콜,17320,5,-160,-0.92,17326.0,-6.8177,1675564,29217,3732,2026-10-06 03:01:22
480260,6,TIGER 27-04회사채(A+이상)액티브,53935,2,10,0.02,53942.0,0.8132,3395,183,3732,2026-10-06 03:01:22
270810,1,RISE 코스닥150,15665,2,555,3.67,15709.0,-1.4994,63186,983,3637,2026-10-06 03:01:22
0040Y0,7,SOL 팔란티어커버드콜OTM채권혼합,7860,5,-25,-0.32,7886.0,3.0912,227740,1790,3631,2026-10-06 03:01:22
310960,1,TIGER 200TR,64730,5,-720,-1.1,64788.0,-9.2674,9249,605,3625,2026-10-06 03:01:22
385510,2,KODEX 신재생에너지액티브,41895,2,980,2.4,41998.0,4.0696,56121,2335,3624,2026-10-06 03:01:22
091180,2,KODEX 자동차,25690,2,90,0.35,25704.0,-16.0591,87733,2258,3609,2026-10-06 03:01:22
0182R0,2,1Q K반도체TOP2+,11455,2,45,0.39,11478.0,-14.9777,1171674,13531,3551,2026-10-06 03:01:22
442570,7,RISE TDF2050액티브 적격,17450,2,85,0.49,17364.0,-8.7194,66615,1163,3534,2026-10-06 03:01:22
0167Z0,4,KODEX 미국우주항공,7680,2,370,5.06,7659.0,-34.6277,469946,3615,3533,2026-10-06 03:01:22
0080G0,2,KODEX 방산TOP10,10115,5,-460,-4.35,10125.0,-10.0241,2240356,23120,3530,2026-10-06 03:01:22
458250,6,TIGER 미국30년국채스트립액티브(합성 H),31140,5,-410,-1.3,31301.0,-14.4871,68241,2130,3496,2026-10-06 03:01:22
245710,4,ACE 베트남VN30(합성),27050,5,-135,-0.5,27506.0,-17.8205,40504,1103,3489,2026-10-06 03:01:22
0131V0,4,1Q 미국우주항공테크,10680,2,55,0.52,10636.0,-21.0038,93264,996,3487,2026-10-06 03:01:22
0144L0,4,KODEX 미국성장커버드콜액티브,9520,2,60,0.63,9522.0,-9.4257,71336,679,3475,2026-10-06 03:01:22
472170,7,TIGER 미국테크TOP10채권혼합,14155,2,130,0.93,14129.0,-2.5365,78653,1112,3461,2026-10-06 03:01:22
462900,2,KoAct 바이오헬스케어액티브,13175,2,275,2.13,13186.0,-22.8239,1036010,13705,3445,2026-10-06 03:01:22
279530,2,KODEX 고배당주,17225,5,-85,-0.49,17233.0,1.9263,92278,1591,3445,2026-10-06 03:01:22
0026S0,4,1Q 미국S&P500,12670,2,100,0.8,12653.0,-10.5765,60468,765,3408,2026-10-06 03:01:22
484880,2,SOL 금융지주플러스고배당,21915,5,-140,-0.63,21926.0,3.9608,158726,3482,3397,2026-10-06 03:01:22
132030,5,KODEX 골드선물(H),23105,5,-335,-1.43,23123.0,2.1573,45367,1048,3396,2026-10-06 03:01:22
0052D0,2,TIGER 코리아배당다우존스,15185,5,-45,-0.3,15184.0,0.5653,28565,434,3333,2026-10-06 03:01:22
448630,7,RISE 삼성그룹Top3채권혼합,15410,2,65,0.42,15422.0,2.1637,58184,896,3313,2026-10-06 03:01:22
456880,7,ACE 미국달러SOFR금리(합성),11850,5,-55,-0.46,11851.0,-12.3666,31308,370,3268,2026-10-06 03:01:22
0043Y0,4,TIME 차이나AI테크액티브,18925,2,160,0.85,19190.0,-28.1585,40677,776,3236,2026-10-06 03:01:22
0162M0,6,KODEX 금융채1~2년(AA-이상)PLUS액티브,10065,5,-5,-0.05,10078.0,1.0536,8355,84,3210,2026-10-06 03:01:22
0052S0,7,1Q 미국S&P500미국채혼합50액티브,11345,2,15,0.13,11345.0,-11.5215,65616,744,3199,2026-10-06 03:01:22
471780,2,TIGER 코리아테크액티브,40780,2,230,0.57,40808.0,-4.5434,57295,2342,3177,2026-10-06 03:01:22
485540,4,KODEX 미국AI테크TOP10,15810,2,340,2.2,15786.0,-5.8592,193434,3061,3162,2026-10-06 03:01:22
0094K0,6,TIGER 28-04 회사채(A+이상)액티브,99755,5,-45,-0.05,99762.0,0.9917,2959,295,3124,2026-10-06 03:01:22
0111P0,7,1Q 미국나스닥100미국채혼합50액티브,10810,2,35,0.32,10811.0,-11.0407,71551,773,3102,2026-10-06 03:01:22
483320,4,ACE 엔비디아밸류체인액티브,26660,2,495,1.89,26673.0,-11.0337,97832,2619,3093,2026-10-06 03:01:22
489030,2,PLUS 고배당주위클리커버드콜,6200,2,25,0.4,6208.0,2.4197,197246,1221,3069,2026-10-06 03:01:22
453810,4,KODEX 인도Nifty50,10570,5,-60,-0.56,10585.0,-19.2211,58572,618,3060,2026-10-06 03:01:22
454780,6,KIWOOM 종합채권(AA-이상)액티브,99935,5,-130,-0.13,99976.0,0.3258,26,2,3030,2026-10-06 03:01:22
497880,6,SOL CD금리&머니마켓액티브,50052,2,7,0.01,50051.0,0.9025,77350,3871,2996,2026-10-06 03:01:22
433330,4,SOL 미국S&P500,21645,2,145,0.67,21621.0,-10.494,27299,590,2987,2026-10-06 03:01:22
0038A0,4,KODEX 미국휴머노이드로봇,15705,2,365,2.38,15698.0,-17.8023,74270,1166,2984,2026-10-06 03:01:22
481190,4,SOL 미국테크TOP10,17280,2,250,1.47,17256.0,-4.8072,71402,1234,2981,2026-10-06 03:01:22
0162Y0,1,TIME 코스닥액티브,8820,2,245,2.86,8837.0,-2.0,290353,2543,2928,2026-10-06 03:01:22
136340,6,RISE 중기우량회사채,104150,2,10,0.01,104148.0,0.685,415,43,2912,2026-10-06 03:01:22
0008S0,4,TIGER 미국배당다우존스타겟데일리커버드콜,9230,5,-70,-0.75,9201.0,-9.8291,160881,1484,2907,2026-10-06 03:01:22
421320,2,PLUS 우주항공,30120,5,-180,-0.59,30132.0,1.0673,111079,3404,2876,2026-10-06 03:01:22
475080,7,KODEX 테슬라커버드콜채권혼합액티브,7842,2,72,0.93,7848.0,-6.3939,80580,632,2851,2026-10-06 03:01:22
091170,2,KODEX 은행,15720,5,-35,-0.22,15716.0,2.967,360700,5675,2822,2026-10-06 03:01:22
388420,2,RISE 비메모리반도체액티브,32035,2,835,2.68,32062.0,-6.0617,53342,1700,2813,2026-10-06 03:01:22
0098F0,2,KODEX 원자력SMR,15625,2,25,0.16,15632.0,-1.5773,465323,7278,2813,2026-10-06 03:01:22
441680,7,TIGER 미국나스닥100커버드콜(합성),10655,5,-50,-0.47,10686.0,-8.7559,35054,373,2808,2026-10-06 03:01:22
273140,6,KODEX 단기변동금리부채권액티브,114710,2,20,0.02,114702.0,0.7002,3064,351,2800,2026-10-06 03:01:22
461490,7,RISE 글로벌자산배분액티브,14460,5,-35,-0.24,14472.0,-4.2287,45331,655,2776,2026-10-06 03:01:22
0183V0,7,KIWOOM 삼성전자&SK하이닉스채권혼합50,11965,5,-120,-0.99,11974.0,-2.0529,467885,5627,2776,2026-10-06 03:01:22
471040,4,KoAct 글로벌AI&로봇액티브,30800,2,315,1.03,30780.0,-16.8213,21974,677,2772,2026-10-06 03:01:22
409820,4,KODEX 미국나스닥100레버리지(합성 H),22040,2,650,3.04,22054.0,4.1129,99125,2187,2744,2026-10-06 03:01:22
473290,6,KODEX 26-12 회사채(AA-이상)액티브,10910,2,5,0.05,10909.0,0.7855,11645,126,2741,2026-10-06 03:01:22
423170,4,SOL 글로벌AI반도체탑픽액티브,60920,5,-185,-0.3,60912.0,-11.4806,5966,365,2729,2026-10-06 03:01:22
439870,6,KODEX 국고채30년액티브,88370,5,-510,-0.57,88469.0,-1.376,2664,235,2697,2026-10-06 03:01:22
0228G0,2,ACE 반도체Plus전략산업,10050,5,-220,-2.14,10065.0,,43654,442,2688,2026-10-06 03:01:22
213610,2,KODEX 삼성그룹밸류,22465,2,35,0.16,22490.0,-6.3466,8950,202,2673,2026-10-06 03:01:22
190620,6,ACE 단기통안채,102265,2,30,0.03,102264.0,0.6745,7393,756,2665,2026-10-06 03:01:22
473330,6,SOL 미국30년국채커버드콜(합성),7305,5,-95,-1.28,7330.0,-19.4561,277944,2031,2637,2026-10-06 03:01:22
307520,2,TIGER 지주회사,21950,2,240,1.11,21993.0,-3.6622,135745,2971,2623,2026-10-06 03:01:22
364970,2,TIGER 바이오TOP10,6900,2,60,0.88,6907.0,-4.3357,762460,5308,2605,2026-10-06 03:01:22
0232A0,6,MIDAS 머니마켓액티브,100405,2,15,0.01,100420.0,,2,0,2594,2026-10-06 03:01:22
453870,4,TIGER 인도니프티50,10355,5,-55,-0.53,10360.0,-20.3884,39065,404,2594,2026-10-06 03:01:22
123320,3,TIGER 레버리지,112750,5,-2650,-2.3,112852.0,-27.9741,69633,7994,2593,2026-10-06 03:01:22
483340,4,ACE 구글밸류체인액티브,22990,2,335,1.48,22976.0,-15.1975,49590,1141,2586,2026-10-06 03:01:22
196230,6,RISE 단기통안채,117200,2,25,0.02,117222.0,0.6312,1619,189,2583,2026-10-06 03:01:22
486830,6,HANARO 머니마켓액티브,53450,2,5,0.01,53449.0,0.9157,1441,77,2547,2026-10-06 03:01:22
472920,6,HK 종합채권(AA-이상)액티브,98475,5,-30,-0.03,98507.0,0.4026,43,4,2547,2026-10-06 03:01:22
363580,2,KODEX 200IT TR,59915,2,760,1.28,60051.0,-13.3895,50103,3015,2486,2026-10-06 03:01:22
495230,1,KoAct 코리아밸류업액티브,31585,5,-325,-1.02,31648.0,-11.8477,20633,655,2464,2026-10-06 03:01:22
117700,2,KODEX 건설,6710,2,5,0.07,6726.0,1.119,1489583,10003,2463,2026-10-06 03:01:22
139230,2,TIGER 200 중공업,12505,2,15,0.12,12520.0,-17.9149,40416,506,2441,2026-10-06 03:01:22
493810,4,TIGER 미국AI빅테크10타겟데일리커버드콜,11525,2,215,1.9,11501.0,-6.216,72861,839,2426,2026-10-06 03:01:22
0182S0,7,1Q K반도체TOP2채권혼합50,12802,5,-93,-0.72,12807.0,-3.2996,133668,1718,2407,2026-10-06 03:01:22
422420,2,RISE 2차전지액티브,7315,2,235,3.32,7323.0,2.7672,160021,1161,2395,2026-10-06 03:01:22
0053L0,4,TIGER 차이나휴머노이드로봇,8630,2,70,0.82,8914.0,-30.8985,707867,6102,2343,2026-10-06 03:01:22
472160,4,TIGER 미국테크TOP10 INDXX(H),19900,2,395,2.03,19868.0,8.5722,239800,4769,2338,2026-10-06 03:01:22
283580,4,KODEX 차이나CSI300,14045,2,25,0.18,14165.0,-20.9689,25887,363,2317,2026-10-06 03:01:22
0092C0,6,SOL 27-12 회사채(AA-이상)액티브,50370,2,10,0.02,50367.0,0.9117,1388,69,2307,2026-10-06 03:01:22
329650,7,KODEX TRF3070,13975,5,-5,-0.04,14005.0,-3.6029,12023,168,2306,2026-10-06 03:01:22
228790,2,TIGER 화장품,4015,5,-60,-1.47,4025.0,7.8042,2393091,9726,2281,2026-10-06 03:01:22
363570,6,KODEX 장기종합채권(AA-이상)액티브,86970,5,-205,-0.24,87032.0,-0.4852,2946,256,2281,2026-10-06 03:01:22
498270,4,KIWOOM 미국양자컴퓨팅,14895,5,-60,-0.4,14836.0,-15.851,30405,453,2242,2026-10-06 03:01:22
0089D0,2,KODEX 금융고배당TOP10,12985,5,-35,-0.27,12991.0,1.5248,101464,1320,2233,2026-10-06 03:01:22
244580,2,KODEX 바이오,8455,2,150,1.81,8455.0,-8.6359,736450,6268,2219,2026-10-06 03:01:22
433500,2,ACE 원자력TOP10,56775,2,500,0.89,56754.0,-1.4276,45005,2550,2214,2026-10-06 03:01:22
0151S0,4,KODEX 미국AI반도체TOP3플러스,16030,2,130,0.82,16037.0,-11.4817,61996,995,2196,2026-10-06 03:01:22
0104N0,2,TIGER 200타겟위클리커버드콜,21265,5,-240,-1.12,21277.0,-9.5829,33040,707,2190,2026-10-06 03:01:22
437080,6,KODEX 미국종합채권ESG액티브(H),93910,5,-285,-0.3,93907.0,-3.3984,1397,131,2182,2026-10-06 03:01:22
0119H0,6,KODEX 28-12 회사채(AA-이상)액티브,9945,2,5,0.05,9942.0,0.7602,26331,261,2182,2026-10-06 03:01:22
442320,4,RISE 글로벌원자력,34410,2,280,0.82,34206.0,-14.1858,11921,409,2164,2026-10-06 03:01:22
458260,6,TIGER 미국투자등급회사채액티브(H),44490,5,-90,-0.2,44497.0,-4.9033,3151,140,2162,2026-10-06 03:01:22
452360,4,SOL 미국배당다우존스(H),12860,2,10,0.08,12833.0,3.1662,94640,1214,2160,2026-10-06 03:01:22
271050,5,KODEX WTI원유선물인버스(H),1780,2,34,1.95,1786.0,-32.4565,2643544,4718,2142,2026-10-06 03:01:22
490090,4,TIGER 미국AI빅테크10,16315,2,315,1.97,16294.0,-5.4933,81664,1333,2137,2026-10-06 03:01:22
488980,6,SOL 26-12 회사채(AA-이상)액티브,52280,2,20,0.04,52271.0,0.8296,15,0,2136,2026-10-06 03:01:22
448540,7,ACE 엔비디아채권혼합,27005,2,240,0.9,26973.0,1.325,59739,1613,2133,2026-10-06 03:01:22
0093A0,2,RISE AI반도체TOP10,38640,5,-85,-0.22,38640.0,6.857,110781,4293,2125,2026-10-06 03:01:22
463050,2,TIME K바이오액티브,11760,2,120,1.03,11775.0,-18.4017,347977,4125,2123,2026-10-06 03:01:22
0233J0,7,TIGER 삼성전자SK하이닉스미국채혼합50,10600,5,-80,-0.75,10595.0,,46419,493,2120,2026-10-06 03:01:22
157500,2,TIGER 증권,11900,5,-45,-0.38,11925.0,-16.0891,327962,3932,2109,2026-10-06 03:01:22
332930,1,HANARO 200TR,145280,5,-1780,-1.21,145591.0,-8.882,41,5,2107,2026-10-06 03:01:22
478150,4,TIME 글로벌우주테크&방산액티브,17430,5,-20,-0.11,17531.0,-26.028,31500,549,2100,2026-10-06 03:01:22
266160,2,RISE 고배당,33000,5,-590,-1.76,33047.0,-6.6914,7731,257,2096,2026-10-06 03:01:22
305080,6,TIGER 미국채10년선물,11560,5,-115,-0.99,11549.0,-16.3682,65652,758,2092,2026-10-06 03:01:22
480040,4,ACE 미국반도체데일리타겟커버드콜(합성),15370,2,260,1.72,15263.0,-19.5556,192535,2964,2090,2026-10-06 03:01:22
0153K0,2,KODEX 주주환원고배당주,11900,5,-65,-0.54,11897.0,1.6646,52626,627,2059,2026-10-06 03:01:22
486450,4,SOL 미국AI전력인프라,18800,2,150,0.8,18714.0,-23.2511,29077,547,2059,2026-10-06 03:01:22
0005A0,4,KODEX 미국S&P500데일리커버드콜OTM,9120,2,70,0.77,9113.0,-10.9506,114168,1040,2034,2026-10-06 03:01:22
233160,3,TIGER 코스닥150 레버리지,9555,2,650,7.3,9556.0,-12.8243,1587204,14955,2030,2026-10-06 03:01:22
0005G0,2,IBK K-AI반도체코어테크,58700,2,990,1.72,58729.0,-0.773,38899,2296,2025,2026-10-06 03:01:22
0069M0,4,1Q 미국나스닥100,13830,2,145,1.06,13819.0,-10.3697,55225,764,2005,2026-10-06 03:01:22
412570,2,TIGER 2차전지TOP10레버리지,1317,2,114,9.48,1325.0,0.25,8322529,10631,1999,2026-10-06 03:01:22
267770,3,TIGER 200선물레버리지,85680,5,-2420,-2.75,85659.0,-28.3012,14721,1284,1971,2026-10-06 03:01:22
302190,6,TIGER 중장기국채,50120,5,-65,-0.13,50146.0,0.1996,7928,397,1945,2026-10-06 03:01:22
0204D0,2,KODEX 현대차로보틱스밸류체인TOP3플러스,5625,2,25,0.45,5619.0,-21.0712,262286,1477,1938,2026-10-06 03:01:22
0190G0,2,KODEX 반도체타겟위클리커버드콜,10385,2,155,1.52,10405.0,2.9407,286557,2974,1932,2026-10-06 03:01:22
261260,7,KODEX 미국달러선물인버스2X,5635,2,60,1.08,5635.0,31.7966,89903,506,1931,2026-10-06 03:01:22
494220,2,UNICORN SK하이닉스밸류체인액티브,55135,2,415,0.76,55254.0,-4.6192,44880,2481,1930,2026-10-06 03:01:22
433980,7,KODEX TDF2040액티브 적격,15740,2,90,0.58,15706.0,-7.9018,29816,469,1928,2026-10-06 03:01:22
0082V0,7,KODEX TDF2060액티브 적격,11290,2,60,0.53,11205.0,-9.0808,34050,384,1902,2026-10-06 03:01:22
495060,1,TIME 코리아밸류업액티브,28475,5,-210,-0.73,28554.0,-18.9804,28309,812,1894,2026-10-06 03:01:22
495550,1,SOL 코리아밸류업TR,32915,5,-340,-1.02,32910.0,-9.5595,8774,291,1893,2026-10-06 03:01:22
461950,2,KODEX 2차전지핵심소재10,5335,2,280,5.54,5340.0,2.7748,1757365,9258,1883,2026-10-06 03:01:22
494330,2,ACE 라이프자산주주가치액티브,32930,5,-175,-0.53,32962.0,2.439,9320,308,1877,2026-10-06 03:01:22
0115D0,2,KODEX 조선TOP10,7115,5,-100,-1.39,7117.0,-18.3824,539969,3864,1868,2026-10-06 03:01:22
0091C0,6,KODEX 미국10년국채액티브(H),9200,5,-50,-0.54,9200.0,-4.2806,120512,1109,1865,2026-10-06 03:01:22
473460,4,KODEX 미국서학개미,24435,2,405,1.69,24420.0,-10.2727,34936,853,1857,2026-10-06 03:01:22
466930,2,SOL 자동차TOP3플러스,23800,2,295,1.26,23833.0,-20.403,50296,1201,1856,2026-10-06 03:01:22
480020,4,ACE 미국빅테크7+데일리타겟커버드콜(합성),10080,2,180,1.82,10054.0,-10.8401,123949,1247,1804,2026-10-06 03:01:22
0005D0,2,SOL 전고체배터리&실리콘음극재,17055,2,985,6.13,17084.0,9.06,956823,16059,1799,2026-10-06 03:01:22
332500,1,ACE 200TR,74560,5,-785,-1.04,74596.0,-9.3867,5773,434,1789,2026-10-06 03:01:22
429000,4,TIGER 미국S&P500배당귀족,12400,5,-55,-0.44,12403.0,-16.2306,43715,542,1786,2026-10-06 03:01:22
414780,4,TIGER 차이나과창판STAR50(합성),12465,5,-120,-0.95,12625.0,-33.183,18615,232,1782,2026-10-06 03:01:22
122090,1,PLUS 코스피50,83270,5,-990,-1.17,83398.0,-10.7405,10936,918,1774,2026-10-06 03:01:22
0099L0,6,ACE 우량회사채(AA-이상)액티브,99865,2,30,0.03,99925.0,1.022,1411,140,1752,2026-10-06 03:01:22
0047A0,4,TIGER 차이나테크TOP10,11560,2,180,1.58,11861.0,-23.186,59425,689,1734,2026-10-06 03:01:22
403790,1,MIDAS 코스피액티브,58470,5,-580,-0.98,58639.0,-8.1863,64,3,1710,2026-10-06 03:01:22
476450,6,KIWOOM 머니마켓액티브,52930,2,5,0.01,52935.0,0.8671,2079,110,1708,2026-10-06 03:01:22
483290,4,KODEX 미국배당다우존스타겟커버드콜,9505,5,-90,-0.94,9504.0,-10.3516,112055,1064,1692,2026-10-06 03:01:22
354500,1,ACE 코스닥150,15920,2,575,3.75,15952.0,-1.8235,100069,1583,1688,2026-10-06 03:01:22
0040X0,7,SOL 팔란티어미국채커버드콜혼합,8960,5,-70,-0.78,8962.0,-3.996,54143,485,1684,2026-10-06 03:01:22
471760,2,TIGER AI반도체핵심공정,17705,2,1020,6.11,17720.0,3.7624,1782406,31292,1682,2026-10-06 03:01:22
272560,6,RISE 단기국공채액티브,115060,2,25,0.02,115069.0,0.7135,3063,352,1665,2026-10-06 03:01:22
337160,2,KODEX 200ESG,48675,5,-325,-0.66,48687.0,-9.0338,29540,1441,1655,2026-10-06 03:01:22
0192Z0,6,TIGER 중기종합채권(A-이상)액티브,101135,5,-10,-0.01,101138.0,0.7269,2296,232,1631,2026-10-06 03:01:22
491820,2,HANARO 전력설비투자,44505,2,155,0.35,44573.0,-14.3244,43090,1928,1624,2026-10-06 03:01:22
237370,7,KODEX 코리아배당성장채권혼합,15555,2,20,0.13,15569.0,-0.5161,454648,7075,1618,2026-10-06 03:01:22
480030,4,ACE 미국500데일리타겟커버드콜(합성),9610,2,65,0.68,9554.0,-12.1894,73637,706,1614,2026-10-06 03:01:22
490600,4,RISE 미국배당100데일리고정커버드콜,8350,5,-70,-0.83,8342.0,-10.6475,144758,1209,1603,2026-10-06 03:01:22
488720,7,WON 종합채권(AA-이상)액티브,48855,5,-15,-0.03,48868.0,0.2872,41,2,1600,2026-10-06 03:01:22
0193G0,1,KoAct 코스피액티브,8535,5,-75,-0.87,8550.0,-13.0743,286563,2456,1600,2026-10-06 03:01:22
438560,6,SOL 국고채3년,100635,5,-30,-0.03,100647.0,0.5996,264,26,1577,2026-10-06 03:01:22
152870,1,파워 200,111895,5,-1270,-1.12,111904.0,-9.2691,521,58,1567,2026-10-06 03:01:22
457990,2,PLUS 태양광&ESS,39555,2,1415,3.71,39556.0,2.8864,462227,18092,1562,2026-10-06 03:01:22
0180V0,4,ACE 미국우주테크액티브,8060,2,380,4.95,8027.0,-29.1513,106879,861,1535,2026-10-06 03:01:22
160580,5,TIGER 구리실물,15952,2,67,0.42,15922.0,-5.2208,26651,425,1535,2026-10-06 03:01:22
200250,4,KIWOOM 인도Nifty50(합성),19365,5,-90,-0.46,19404.0,-19.5909,5835,112,1530,2026-10-06 03:01:22
472870,6,RISE 미국30년국채엔화노출(합성 H),6300,5,-100,-1.56,6316.0,-18.969,202250,1276,1528,2026-10-06 03:01:22
394670,4,TIGER 글로벌리튬&2차전지SOLACTIVE(합성),10440,2,230,2.25,10526.0,-22.5636,9325,96,1524,2026-10-06 03:01:22
0064K0,5,KODEX 금액티브,11635,5,-215,-1.81,11613.0,-10.3631,71529,832,1501,2026-10-06 03:01:22
219480,4,KODEX 미국S&P500선물(H),33495,2,390,1.18,33514.0,2.4763,4796,160,1491,2026-10-06 03:01:22
458210,7,KIWOOM CD금리액티브(합성),110900,5,-25,-0.02,110878.0,0.763,1186,131,1489,2026-10-06 03:01:22
0151P0,2,RISE 코리아전략산업액티브,15260,5,-60,-0.39,15261.0,-15.6096,52023,798,1488,2026-10-06 03:01:22
138520,2,TIGER 삼성그룹,36565,2,190,0.52,36562.0,-6.8502,9514,348,1477,2026-10-06 03:01:22
0104H0,7,KoAct 미국나스닥채권혼합50액티브,12025,2,30,0.25,12035.0,-9.5059,28102,337,1473,2026-10-06 03:01:22
491610,6,1Q CD금리액티브(합성),105165,2,15,0.01,105152.0,0.7473,1959,206,1454,2026-10-06 03:01:22
0051G0,4,SOL 미국원자력SMR,11715,2,175,1.52,11611.0,-23.0924,13257,154,1447,2026-10-06 03:01:22
143860,2,TIGER 헬스케어,36140,2,520,1.46,36186.0,-9.5251,12731,462,1438,2026-10-06 03:01:22
0199C0,2,ACE 고배당주Plus커버드콜액티브,8870,5,-55,-0.62,8879.0,-2.4397,202571,1803,1437,2026-10-06 03:01:22
481180,4,SOL 미국AI소프트웨어,16790,2,15,0.09,16756.0,5.4037,47150,791,1419,2026-10-06 03:01:22
0209D0,2,KODEX 전고체배터리ESS TOP2플러스,9150,2,485,5.6,9157.0,4.7129,1823280,16500,1418,2026-10-06 03:01:22
0041E0,4,KODEX 미국S&P500액티브,16285,2,160,0.99,16274.0,-14.4407,85866,1397,1417,2026-10-06 03:01:22
498180,6,파워 종합채권(AA-이상)액티브,93860,3,0,0.0,93698.0,0.4441,0,0,1415,2026-10-06 03:01:22
0127M0,4,ACE 미국대형가치주액티브,11850,2,35,0.3,11850.0,-11.049,1200,14,1404,2026-10-06 03:01:22
0131W0,6,1Q 단기특수은행채액티브,102400,2,20,0.02,102406.0,0.7577,4088,418,1400,2026-10-06 03:01:22
476030,4,SOL 미국나스닥100,17530,2,175,1.01,17518.0,-10.2531,28613,502,1385,2026-10-06 03:01:22
0085P0,6,ACE 미국10년국채액티브,9200,5,-95,-1.02,9193.0,-16.3602,298343,2746,1380,2026-10-06 03:01:22
495330,1,1Q 코리아밸류업,31930,5,-375,-1.16,31959.0,-10.1551,1538,49,1373,2026-10-06 03:01:22
0048K0,4,KODEX 차이나휴머노이드로봇,7620,2,20,0.26,7644.0,-32.4075,133917,1022,1368,2026-10-06 03:01:22
245340,4,TIGER 미국다우존스30,33560,2,10,0.03,33518.0,-15.0688,9227,309,1356,2026-10-06 03:01:22
463680,4,KODEX 미국S&P500테크놀로지,23340,2,340,1.48,23343.0,-6.9839,27229,635,1342,2026-10-06 03:01:22
0074K0,2,KoAct K수출핵심기업TOP30액티브,17955,2,75,0.42,17977.0,-7.4774,30492,549,1320,2026-10-06 03:01:22
411420,4,KODEX 미국나스닥AI테크액티브,27665,2,375,1.37,27608.0,-7.6463,5685,157,1314,2026-10-06 03:01:22
0091M0,6,HANARO 27-06 회사채(AA-이상)액티브,10180,3,0,0.0,10183.0,0.792,578,5,1306,2026-10-06 03:01:22
139220,2,TIGER 200 건설,7605,2,5,0.07,7615.0,-3.4308,107162,815,1299,2026-10-06 03:01:22
325010,2,KODEX 성장주,44750,5,-145,-0.32,44828.0,-12.5451,1764,79,1298,2026-10-06 03:01:22
0092B0,2,SOL 한국원자력SMR,15435,5,-50,-0.32,15461.0,-0.354,69326,1071,1289,2026-10-06 03:01:22
461500,6,HANARO 종합채권(AA-이상)액티브,105495,5,-185,-0.18,105474.0,0.5327,25,2,1272,2026-10-06 03:01:22
377990,2,TIGER Fn신재생에너지,25785,2,370,1.46,25795.0,-7.6982,48605,1248,1263,2026-10-06 03:01:22
463290,6,1Q 단기금융채액티브,109580,2,35,0.03,109576.0,0.8237,351,38,1263,2026-10-06 03:01:22
447620,7,SOL 미국TOP5채권혼합50,15955,2,70,0.44,15889.0,0.126,37950,605,1260,2026-10-06 03:01:22
0181B0,4,HANARO 미국AI메모리반도체TOP4+,10145,5,-280,-2.69,10184.0,-19.7769,182169,1854,1253,2026-10-06 03:01:22
448100,1,WON 200,113385,5,-1210,-1.06,113430.0,-9.6975,2947,335,1247,2026-10-06 03:01:22
0000Y0,6,HK 26-12 회사채(AA-이상)액티브,102120,3,0,0.0,102140.0,0.7995,0,0,1236,2026-10-06 03:01:22
469170,2,ACE 포스코그룹포커스,6050,2,135,2.28,6072.0,5.9247,411280,2477,1234,2026-10-06 03:01:22
475310,2,SOL 반도체후공정,34185,2,1435,4.38,34183.0,15.4591,949408,32307,1231,2026-10-06 03:01:22
328370,1,PLUS 코스피TR,39300,5,-125,-0.32,39185.0,-11.6428,115,4,1218,2026-10-06 03:01:22
0123G0,4,TIGER 미국AI전력SMR,5840,2,40,0.69,5792.0,-26.7215,69281,404,1212,2026-10-06 03:01:22
438570,6,SOL 국고채10년,98295,5,-190,-0.19,98272.0,-0.2583,190,18,1211,2026-10-06 03:01:22
304660,6,KODEX 미국30년국채울트라선물(H),6815,5,-65,-0.94,6819.0,-8.2055,133113,908,1199,2026-10-06 03:01:22
0168K0,2,TIGER 기술이전바이오액티브,5800,2,70,1.22,5807.0,-22.1996,806500,4709,1190,2026-10-06 03:01:22
332940,1,HANARO MSCI Korea TR,49455,5,-815,-1.62,49519.0,-11.3404,106,5,1187,2026-10-06 03:01:22
326240,2,RISE IT플러스,47455,2,810,1.74,47509.0,-6.5605,16409,780,1186,2026-10-06 03:01:22
114820,6,TIGER 국채3년,105255,5,-45,-0.04,105295.0,0.549,2038,214,1179,2026-10-06 03:01:22
192090,4,TIGER 차이나CSI300,11490,2,85,0.75,11576.0,-22.3358,23909,274,1178,2026-10-06 03:01:22
0184L0,6,PLUS 중기종합채권(A-이상)액티브,100755,5,-70,-0.07,100788.0,0.8653,10025,1010,1177,2026-10-06 03:01:22
266370,2,KODEX IT,75830,2,1830,2.47,75881.0,-8.5291,6519,492,1175,2026-10-06 03:01:22
399110,4,SOL 미국S&P500ESG,20510,2,50,0.24,20550.0,-10.3837,5931,121,1169,2026-10-06 03:01:22
455860,2,SOL 2차전지소부장Fn,4850,2,210,4.53,4861.0,1.5317,633611,3027,1164,2026-10-06 03:01:22
491230,6,PLUS 국공채머니마켓액티브,52650,2,5,0.01,52645.0,0.8428,3136,165,1161,2026-10-06 03:01:22
304940,4,KODEX 미국나스닥100선물(H),34135,2,535,1.59,34119.0,2.5484,2463,84,1161,2026-10-06 03:01:22
0000J0,2,PLUS 한화그룹주,28590,5,-470,-1.62,28597.0,-2.8906,85485,2465,1144,2026-10-06 03:01:22
0174B0,7,KoAct 글로벌AI메모리반도체액티브,15650,5,-185,-1.17,15666.0,-12.0278,81306,1280,1142,2026-10-06 03:01:22
0036R0,4,RISE 미국휴머노이드로봇,20315,2,440,2.21,20306.0,-14.3589,23329,474,1138,2026-10-06 03:01:22
367770,2,RISE 수소경제테마,21990,2,30,0.14,22006.0,-10.2025,8488,187,1132,2026-10-06 03:01:22
182480,7,TIGER 미국MSCI리츠(합성 H),12665,5,-90,-0.71,12765.0,-7.5989,6262,79,1115,2026-10-06 03:01:22
319640,4,TIGER 골드선물(H),24220,5,-355,-1.44,24217.0,1.5495,7605,184,1114,2026-10-06 03:01:22
476850,1,KoAct 배당성장액티브,21955,5,-95,-0.43,21967.0,-5.3674,46848,1031,1098,2026-10-06 03:01:22
0221V0,6,IBK 초단기채권액티브,100760,5,-10,-0.01,100779.0,,61,6,1097,2026-10-06 03:01:22
488500,4,TIGER 미국S&P500동일가중,11985,2,35,0.29,11974.0,-14.5368,51791,621,1085,2026-10-06 03:01:22
309230,4,ACE 미국WideMoat동일가중,29130,2,355,1.23,29181.0,-11.9387,4750,138,1072,2026-10-06 03:01:22
0137V0,4,KIWOOM 미국S&P500모멘텀,11625,2,45,0.39,11509.0,-13.9812,51274,596,1070,2026-10-06 03:01:22
0193M0,6,BNK 27-12 특수채(AAA이상)액티브,50410,3,0,0.0,50436.0,0.7092,0,0,1066,2026-10-06 03:01:22
0132K0,7,PLUS 테슬라위클리커버드콜채권혼합,8020,2,105,1.33,8005.0,-6.3165,82412,660,1063,2026-10-06 03:01:22
496090,1,KIWOOM 코리아밸류업,32195,5,-375,-1.15,32208.0,-10.1106,81,2,1062,2026-10-06 03:01:22
465610,4,ACE 미국빅테크TOP7 Plus레버리지(합성),44195,2,2235,5.33,44041.0,-8.3843,8028,353,1061,2026-10-06 03:01:22
0177X0,2,ACE K휴머노이드로봇산업TOP2+,10270,2,245,2.44,10279.0,5.0838,171066,1738,1058,2026-10-06 03:01:22
464310,4,TIGER 글로벌AI&로보틱스 INDXX,13535,2,145,1.08,13488.0,-18.8485,10269,138,1056,2026-10-06 03:01:22
203780,4,TIGER 미국나스닥바이오,34160,5,-150,-0.44,34212.0,-6.8549,9736,332,1038,2026-10-06 03:01:22
251340,3,KODEX 코스닥150선물인버스,2135,5,-80,-3.61,2143.0,-7.1279,24587521,52906,1038,2026-10-06 03:01:22
0138Y0,7,PLUS 금채권혼합,9420,5,-90,-0.95,9432.0,-5.1372,93805,883,1036,2026-10-06 03:01:22
464930,4,TIGER 글로벌혁신블루칩TOP10,20710,2,420,2.07,20720.0,-8.6448,3048,62,1036,2026-10-06 03:01:22
0191W0,6,HANARO 중기종합채권(A-이상)액티브,101055,3,0,0.0,101063.0,0.6273,0,0,1024,2026-10-06 03:01:22
0122W0,6,RISE 26-11 회사채(AA-이상)액티브,51140,2,5,0.01,51132.0,0.8182,62,3,1020,2026-10-06 03:01:22
372330,4,KODEX 차이나항셍테크,6175,2,60,0.98,6171.0,-19.1187,56494,349,1016,2026-10-06 03:01:22
0135Y0,6,IBK 중기종합채권(AA-이상)액티브,100550,3,0,0.0,100582.0,0.6506,0,0,1013,2026-10-06 03:01:22
458030,6,WON 국공채머니마켓액티브,55190,3,0,0.0,55191.0,0.776,116,6,998,2026-10-06 03:01:22
168580,4,ACE 중국본토CSI300,31925,2,30,0.09,32039.0,-20.4217,775,24,996,2026-10-06 03:01:22
486240,2,DAISHIN AI반도체&인프라액티브,32050,2,345,1.09,32140.0,-4.0696,909,29,994,2026-10-06 03:01:22
475050,2,ACE KPOP포커스,6640,2,20,0.3,6646.0,-17.1465,303718,2032,993,2026-10-06 03:01:22
0162L0,4,KODEX 차이나AI반도체TOP10,12200,2,25,0.21,12235.0,-35.3066,42255,516,988,2026-10-06 03:01:22
394660,4,TIGER 글로벌자율주행&전기차SOLACTIVE,14955,2,125,0.84,15095.0,-23.9293,2550,38,981,2026-10-06 03:01:22
0080Y0,2,SOL 조선TOP3플러스레버리지,7355,5,-255,-3.35,7400.0,-39.3142,385599,2870,978,2026-10-06 03:01:22
0142D0,4,TIGER 미국AI데이터센터TOP4Plus,10367,5,-38,-0.37,10374.0,-14.6782,90032,936,969,2026-10-06 03:01:22
0198A0,2,KIWOOM 코스닥150커버드콜액티브,9195,2,225,2.51,9216.0,-3.8089,546327,5002,965,2026-10-06 03:01:22
453080,4,KIWOOM 미국나스닥100(H),24120,2,355,1.49,24087.0,2.5559,51032,1231,965,2026-10-06 03:01:22
461460,6,PLUS 국고채10년액티브,51345,5,-150,-0.29,51328.0,-0.2519,4368,224,961,2026-10-06 03:01:22
0176E0,4,RISE 미국AI전력인프라액티브,10050,2,160,1.62,10028.0,-24.3306,42285,426,960,2026-10-06 03:01:22
195980,4,PLUS 신흥국MSCI(합성 H),15630,2,330,2.16,15566.0,1.6273,17053,267,960,2026-10-06 03:01:22
0035T0,7,PLUS 글로벌휴머노이드로봇액티브,19850,2,320,1.64,19834.0,-15.6372,10078,199,953,2026-10-06 03:01:22
433970,7,KODEX TDF2030액티브 적격,13920,2,25,0.18,13879.0,-5.261,13545,188,947,2026-10-06 03:01:22
473440,6,ACE 11월만기자동연장회사채AA-이상액티브,10880,2,15,0.14,10881.0,0.882,1227,13,947,2026-10-06 03:01:22
0197X0,2,SOL SK하이닉스선물단일종목인버스2X,5810,2,315,5.73,5823.0,-47.89,5066463,28838,946,2026-10-06 03:01:22
479620,4,SOL 미국AI반도체칩메이커,27380,2,405,1.5,27382.0,-12.6599,10046,275,945,2026-10-06 03:01:22
451530,6,TIGER 국고채30년스트립액티브,35580,5,-350,-0.97,35544.0,-3.1537,9666,344,936,2026-10-06 03:01:22
298770,4,KODEX 한국대만IT프리미어,85880,2,1105,1.3,86137.0,-10.1246,7503,647,928,2026-10-06 03:01:22
143850,4,TIGER 미국S&P500선물(H),78150,2,875,1.13,78129.0,1.8652,2222,173,918,2026-10-06 03:01:22
308620,6,KODEX 미국10년국채선물,10860,5,-105,-0.96,10854.0,-16.2338,20926,227,912,2026-10-06 03:01:22
269540,4,PLUS 미국S&P500(H),30315,2,315,1.05,30332.0,0.4016,4823,146,909,2026-10-06 03:01:22
0008T0,2,SOL 화장품TOP3플러스,16240,5,-260,-1.58,16241.0,10.5157,483788,7969,909,2026-10-06 03:01:22
0052T0,6,1Q 중단기회사채(A-이상)액티브,50880,2,25,0.05,50876.0,0.9328,23,1,901,2026-10-06 03:01:22
454320,2,HANARO CAPEX설비투자iSelect,41870,2,270,0.65,41976.0,-8.1171,5526,231,900,2026-10-06 03:01:22
325020,2,KODEX 배당가치,28870,5,-120,-0.41,28870.0,-2.4109,1454,42,895,2026-10-06 03:01:22
114100,6,RISE 국고채3년,106225,5,-65,-0.06,106248.0,0.5565,2077,220,892,2026-10-06 03:01:22
0007N0,1,아이엠에셋 200,111360,5,-1415,-1.25,111398.0,-9.4417,468,52,891,2026-10-06 03:01:22
444490,4,WON 미국S&P500,19920,2,135,0.68,19897.0,-10.5763,6158,122,886,2026-10-06 03:01:22
261270,7,KODEX 미국달러선물인버스,8325,2,35,0.42,8334.0,15.4596,7782,64,877,2026-10-06 03:01:22
468380,6,KODEX iShares미국하이일드액티브,10300,5,-65,-0.63,10302.0,-14.7182,24613,253,869,2026-10-06 03:01:22
453330,4,RISE 미국S&P500(H),18385,2,210,1.16,18360.0,2.7664,6259,114,864,2026-10-06 03:01:22
329670,7,KODEX TRF7030,21595,2,90,0.42,21618.0,-8.6438,5472,118,864,2026-10-06 03:01:22
211900,2,KODEX 코리아배당성장,27410,2,70,0.26,27394.0,-3.3004,31437,863,863,2026-10-06 03:01:22
0066W0,5,SOL 국제금,11745,5,-235,-1.96,11777.0,-10.4634,61027,716,863,2026-10-06 03:01:22
495040,1,PLUS 코리아밸류업,31915,5,-230,-0.72,31896.0,-9.4479,5480,174,862,2026-10-06 03:01:22
485690,4,RISE 미국AI밸류체인TOP3Plus,23030,2,145,0.63,23004.0,-6.4137,6965,160,841,2026-10-06 03:01:22
359210,1,KODEX 코스피TR,36200,5,-320,-0.88,36214.0,-8.5171,2107,76,833,2026-10-06 03:01:22
475280,6,ACE 8월만기자동연장회사채AA-이상액티브,10750,5,-5,-0.05,10756.0,0.7022,168,1,830,2026-10-06 03:01:22
0098N0,2,PLUS 자사주매입고배당주,12765,5,-45,-0.35,12768.0,4.4474,28093,358,830,2026-10-06 03:01:22
329660,7,KODEX TRF5050,17595,2,10,0.06,17649.0,-5.4405,12672,223,827,2026-10-06 03:01:22
0017Y0,6,1Q 종합채권(AA-이상)액티브,94395,5,-170,-0.18,94384.0,0.6064,34,3,820,2026-10-06 03:01:22
460960,7,ACE 글로벌인컴TOP10,10350,5,-45,-0.43,10331.0,-15.3266,12851,132,818,2026-10-06 03:01:22
108450,2,ACE 삼성그룹섹터가중,40735,2,315,0.78,40750.0,-7.0485,13034,532,815,2026-10-06 03:01:22
337140,2,KODEX 코스피대형주,36905,5,-295,-0.79,36959.0,-9.4733,2713,101,812,2026-10-06 03:01:22
429760,4,PLUS 미국S&P500,19300,2,135,0.7,19281.0,-10.5141,1724,33,811,2026-10-06 03:01:22
449770,4,KIWOOM 미국S&P500,20725,2,150,0.73,20747.0,-10.7428,10392,215,808,2026-10-06 03:01:22
469060,4,RISE 미국반도체NYSE,38035,2,550,1.47,38008.0,-15.196,8929,340,799,2026-10-06 03:01:22
138530,2,TIGER LG그룹플러스,12365,2,300,2.49,12370.0,-0.2893,32931,404,794,2026-10-06 03:01:22
0018C0,2,PLUS 고배당주위클리고정커버드콜,10330,5,-30,-0.29,10329.0,1.277,42715,441,790,2026-10-06 03:01:22
0057H0,7,PLUS 미국S&P500미국채혼합50액티브,11415,3,0,0.0,11413.0,-11.2849,129997,1483,788,2026-10-06 03:01:22
495750,1,HANARO 코리아밸류업,32095,5,-475,-1.46,32150.0,-11.9966,442,14,786,2026-10-06 03:01:22
0225V0,4,KODEX 미국CPU반도체TOP10,11975,5,-25,-0.21,12009.0,,361094,4340,778,2026-10-06 03:01:22
0049M0,4,ACE 미국배당퀄리티+커버드콜액티브,10995,2,40,0.37,10971.0,-10.2137,15874,174,775,2026-10-06 03:01:22
365040,1,TIGER AI코리아그로스액티브,36865,5,-385,-1.03,36888.0,-9.1464,3078,113,774,2026-10-06 03:01:22
490480,2,SOL K방산,27770,5,-950,-3.31,27798.0,-11.5764,56198,1602,764,2026-10-06 03:01:22
210780,2,TIGER 코스피고배당,23115,2,20,0.09,23113.0,3.0944,3698,85,763,2026-10-06 03:01:22
364960,2,TIGER BBIG,6365,2,10,0.16,6372.0,-3.5661,20407,129,754,2026-10-06 03:01:22
0210E0,2,PLUS 200커버드콜액티브,7310,5,-65,-0.88,7320.0,-10.5922,618413,4559,753,2026-10-06 03:01:22
0240J0,2,RISE 삼성SK그룹,10700,5,-20,-0.19,10706.0,,464203,4999,749,2026-10-06 03:01:22
412770,4,TIGER 글로벌AI플랫폼액티브,13050,2,75,0.58,12976.0,-21.2444,1400,18,746,2026-10-06 03:01:22
0080X0,7,SOL 미국S&P500미국채혼합50,10540,5,-15,-0.14,10533.0,-13.6948,35876,378,738,2026-10-06 03:01:22
292190,1,KODEX KRX300,49160,5,-210,-0.43,49138.0,-9.0972,2856,141,737,2026-10-06 03:01:22
298340,6,PLUS 국채선물3년,56645,2,10,0.02,56620.0,0.7202,17,0,736,2026-10-06 03:01:22
157490,2,TIGER 소프트웨어,7920,2,10,0.13,7921.0,-5.9454,72517,574,735,2026-10-06 03:01:22
228810,2,TIGER 미디어컨텐츠,3000,3,0,0.0,2999.0,-14.2858,101267,305,734,2026-10-06 03:01:22
0238F0,4,KODEX 미국AI메모리TOP2플러스,10560,5,-405,-3.69,10654.0,,230720,2448,734,2026-10-06 03:01:22
272910,6,ACE 중장기국공채액티브,106345,2,30,0.03,106334.0,0.52,11,1,733,2026-10-06 03:01:22
465330,2,RISE 2차전지TOP10,12285,2,540,4.6,12306.0,10.8541,141578,1717,725,2026-10-06 03:01:22
292770,6,KODEX 국채선물3년인버스,57920,2,5,0.01,57941.0,0.608,9,0,723,2026-10-06 03:01:22
0098Z0,1,FOCUS 200,96120,2,395,0.41,94773.0,-8.6516,3,0,721,2026-10-06 03:01:22
475350,4,RISE 버크셔포트폴리오TOP10,13975,3,0,0.0,13948.0,-11.6532,13896,194,713,2026-10-06 03:01:22
0190Y0,4,TIGER 구글밸류체인,8780,2,165,1.92,8756.0,-16.7893,22692,199,711,2026-10-06 03:01:22
266420,2,KODEX 헬스케어,16425,2,215,1.33,16442.0,-8.7275,17656,292,706,2026-10-06 03:01:22
453950,4,TIGER TSMC파운드리밸류체인,36205,2,845,2.39,35942.0,-17.9963,18870,680,706,2026-10-06 03:01:22
0102A0,4,TIGER 미국AI소프트웨어TOP4Plus,8695,5,-40,-0.46,8688.0,2.0443,10165,88,700,2026-10-06 03:01:22
278240,3,RISE 코스닥150선물레버리지,9725,2,680,7.52,9744.0,-13.9392,90319,867,699,2026-10-06 03:01:22
441540,2,HANARO Fn조선해운,25585,5,-485,-1.86,25622.0,-8.6065,6902,177,691,2026-10-06 03:01:22
211560,2,TIGER 배당성장,34335,5,-15,-0.04,34346.0,-3.049,1509,51,690,2026-10-06 03:01:22
0022T0,4,SOL 국제금커버드콜액티브,12015,5,-220,-1.8,12036.0,-11.1269,71265,857,685,2026-10-06 03:01:22
418670,4,TIGER 글로벌AI사이버보안,19640,2,465,2.43,19413.0,4.0423,144179,2831,683,2026-10-06 03:01:22
130730,6,KIWOOM 단기자금,103270,2,35,0.03,103271.0,0.717,1228,126,682,2026-10-06 03:01:22
492500,7,1Q 현대차그룹채권(A+이상)&국고통안,51435,3,0,0.0,51440.0,0.8035,45,2,680,2026-10-06 03:01:22
491700,1,HK 200,112615,3,0,0.0,111851.0,-9.8504,0,0,676,2026-10-06 03:01:22
278620,6,PLUS 단기채권액티브,119345,2,80,0.07,119334.0,0.8924,15,1,671,2026-10-06 03:01:22
0233A0,7,ACE 삼성전자SK하이닉스플러스채권혼합50,10805,5,-15,-0.14,10831.0,,57894,628,670,2026-10-06 03:01:22
433880,7,PLUS TDF2060액티브 적격,18310,2,80,0.44,18286.0,-9.9818,4000,73,668,2026-10-06 03:01:22
228800,2,TIGER 여행레저,2595,5,-5,-0.19,2595.0,-8.6116,59780,154,666,2026-10-06 03:01:22
0113D0,4,TIME 글로벌탑픽액티브,11690,2,85,0.73,11699.0,-11.7826,16840,196,666,2026-10-06 03:01:22
0222D0,2,KoAct 고배당액티브,10025,5,-35,-0.35,10030.0,,137460,1381,662,2026-10-06 03:01:22
0220B0,1,DS 코스닥액티브,12795,2,135,1.07,12793.0,,311236,3975,659,2026-10-06 03:01:22
277640,2,TIGER 코스피대형주,38190,5,-320,-0.83,38199.0,-9.5082,9947,382,649,2026-10-06 03:01:22
473640,4,HANARO 글로벌금채굴기업,30620,5,-475,-1.53,30700.0,1.2536,7884,241,643,2026-10-06 03:01:22
306950,3,KODEX KRX300레버리지,79750,5,-665,-0.83,79783.0,-29.1966,603,48,638,2026-10-06 03:01:22
0123S0,2,HANARO 26-12 은행채(AA+이상)액티브,10210,3,0,0.0,10217.0,0.74,823,8,633,2026-10-06 03:01:22
0115E0,2,KODEX 코리아소버린AI,14515,2,105,0.73,14527.0,0.8736,5893,85,631,2026-10-06 03:01:22
458750,4,TIGER 미국배당다우존스타겟커버드콜1호,12130,5,-60,-0.49,12077.0,-10.1178,20095,243,631,2026-10-06 03:01:22
419890,6,KIWOOM 단기채권ESG액티브,107675,2,30,0.03,107673.0,0.7628,324,34,625,2026-10-06 03:01:22
252400,3,RISE 200선물레버리지,103895,5,-2305,-2.17,103841.0,-28.5763,396,41,623,2026-10-06 03:01:22
261240,7,KODEX 미국달러선물,13910,5,-55,-0.39,13918.0,-12.5822,58950,819,623,2026-10-06 03:01:22
495940,4,RISE 미국AI테크액티브,19770,2,160,0.82,19753.0,-15.3822,1093,21,623,2026-10-06 03:01:22
455660,6,ACE 미국하이일드액티브(H),9145,3,0,0.0,9134.0,-2.3881,9647,88,613,2026-10-06 03:01:22
0181L0,4,SOL 미국우주항공TOP10,7300,2,340,4.89,7257.0,-31.0209,41898,305,606,2026-10-06 03:01:22
275980,4,TIGER 글로벌4차산업혁신기술(합성 H),24095,2,240,1.01,24261.0,-1.4257,2567,61,602,2026-10-06 03:01:22
440640,6,ACE 단기채권알파액티브,112975,2,25,0.02,112982.0,0.8392,1296,146,598,2026-10-06 03:01:22
491220,1,PLUS 200TR,132395,5,-760,-0.57,131727.0,-8.3239,539,71,596,2026-10-06 03:01:22
295020,6,RISE 국채선물10년인버스,60860,2,150,0.25,60868.0,1.2508,3,0,592,2026-10-06 03:01:22
480310,4,TIGER 글로벌온디바이스AI,21905,2,110,0.5,21926.0,-10.4451,8253,181,591,2026-10-06 03:01:22
0040S0,4,HANARO 글로벌피지컬AI액티브,23580,5,-10,-0.04,23684.0,-21.9392,75060,1772,590,2026-10-06 03:01:22
453640,4,KODEX 미국S&P500헬스케어,13620,2,40,0.29,13618.0,-9.3954,15780,214,586,2026-10-06 03:01:22
140700,2,KODEX 보험,20045,5,-120,-0.6,20032.0,6.9277,40107,809,581,2026-10-06 03:01:22
225040,4,TIGER 미국S&P500레버리지(합성 H),69035,2,1535,2.27,68902.0,4.5053,3194,220,580,2026-10-06 03:01:22
442560,7,RISE TDF2040액티브 적격,16420,2,55,0.34,16347.0,-7.8556,12568,206,575,2026-10-06 03:01:22
476260,2,HANARO 반도체핵심공정주도주,15740,2,355,2.31,15735.0,-0.2594,326912,5086,575,2026-10-06 03:01:22
0172V0,5,1Q 은액티브,7660,5,-125,-1.61,7726.0,-11.3831,61303,469,575,2026-10-06 03:01:22
304780,3,HANARO 200선물레버리지,126570,5,-2855,-2.21,126427.0,-28.2289,55,7,570,2026-10-06 03:01:22
261070,2,TIGER 코스닥150바이오테크,11895,2,435,3.8,11905.0,-19.466,338171,4042,569,2026-10-06 03:01:22
385590,2,ACE ESG액티브,24495,2,30,0.12,24374.0,-6.8887,3166,77,563,2026-10-06 03:01:22
434960,1,DAISHIN K200,112395,5,-545,-0.48,111698.0,-9.2335,570,64,562,2026-10-06 03:01:22
0226A0,7,PLUS SK하이닉스샌디스크채권혼합50,11135,5,-255,-2.24,11190.0,,57640,643,557,2026-10-06 03:01:22
0141S0,2,SOL 조선기자재,8360,5,-185,-2.17,8358.0,-10.0527,52149,439,552,2026-10-06 03:01:22
0238P0,7,TIGER 미국S&P500미국채혼합50,10080,5,-15,-0.15,10037.0,,61641,621,551,2026-10-06 03:01:22
476750,6,ACE 미국30년국채엔화노출액티브(H),6800,5,-115,-1.66,6799.0,-18.7992,77666,528,551,2026-10-06 03:01:22
455960,6,RISE 미국달러SOFR금리액티브(합성),11840,5,-125,-1.04,11830.0,-11.074,3163,37,542,2026-10-06 03:01:22
0000D0,7,TIGER 엔비디아미국채커버드콜밸런스(합성),8580,3,0,0.0,8580.0,-13.4779,13208,113,541,2026-10-06 03:01:22
0166S0,2,PLUS K제조업핵심기업액티브,11755,3,0,0.0,11756.0,-8.0204,30842,364,535,2026-10-06 03:01:22
401470,2,KODEX 메타버스액티브,9280,5,-45,-0.48,9286.0,-6.2815,1328,12,534,2026-10-06 03:01:22
150460,2,TIGER 중국소비테마,7200,5,-5,-0.07,7206.0,-3.9974,879,6,529,2026-10-06 03:01:22
0041D0,4,KODEX 미국AI소프트웨어TOP10,14300,5,-50,-0.35,14297.0,7.7839,28424,406,529,2026-10-06 03:01:22
101280,4,KODEX 일본TOPIX100,30670,2,355,1.17,30481.0,-6.7111,4957,152,528,2026-10-06 03:01:22
479730,4,TIGER 인도빌리언컨슈머,8910,2,35,0.39,8916.0,-17.5112,4067,36,526,2026-10-06 03:01:22
0111J0,2,HANARO 증권고배당TOP3플러스,11940,5,-45,-0.38,11958.0,-16.5519,38166,459,525,2026-10-06 03:01:22
0046Y0,4,ACE 미국배당퀄리티,12200,2,75,0.62,12204.0,-11.0905,5536,67,525,2026-10-06 03:01:22
275300,2,KODEX 우량주,30795,5,-200,-0.65,30855.0,-12.3229,3947,122,524,2026-10-06 03:01:22
287180,4,PLUS 미국나스닥테크,57670,2,355,0.62,57575.0,-9.9105,4038,232,519,2026-10-06 03:01:22
0118Z0,4,ACE 미국AI테크핵심산업액티브,8720,2,130,1.51,8680.0,-15.8256,9284,80,519,2026-10-06 03:01:22
253150,3,PLUS 200선물레버리지,207000,5,-5015,-2.37,207443.0,-28.4411,142,29,518,2026-10-06 03:01:22
114470,6,KIWOOM 국고채3년,107680,5,-20,-0.02,107665.0,0.5674,404,43,517,2026-10-06 03:01:22
316670,1,KIWOOM 코스닥150,7870,2,300,3.96,7881.0,-1.7522,332947,2601,515,2026-10-06 03:01:22
292560,7,TIGER 일본엔선물,7880,5,-45,-0.57,7855.0,-10.2492,90132,710,512,2026-10-06 03:01:22
0113P0,6,HK 머니마켓액티브,102715,2,10,0.01,102724.0,0.8691,1948,200,512,2026-10-06 03:01:22
473490,4,KIWOOM 글로벌AI반도체,34045,2,390,1.16,34254.0,-8.577,14395,490,511,2026-10-06 03:01:22
336160,6,RISE 금융채액티브,100015,5,-90,-0.09,100047.0,0.6563,107,10,509,2026-10-06 03:01:22
0185L0,4,TIME 글로벌휴머노이드로봇산업액티브,7255,2,150,2.11,7284.0,-28.2324,44102,319,508,2026-10-06 03:01:22
445150,2,KODEX 친환경조선해운액티브,27420,5,-260,-0.94,27477.0,-7.991,2498,68,507,2026-10-06 03:01:22
0000Z0,2,RISE 바이오TOP10액티브,8655,2,125,1.47,8662.0,-22.0649,90890,790,506,2026-10-06 03:01:22
152500,3,ACE 레버리지,45950,5,-1045,-2.22,45990.0,-27.8831,16495,769,505,2026-10-06 03:01:22
0194T0,2,ACE SK하이닉스단일종목레버리지,9285,5,-590,-5.97,9315.0,-47.2771,19188,181,501,2026-10-06 03:01:22
0139P0,2,ACE 고배당주,13185,5,-65,-0.49,13197.0,1.3361,5345,70,501,2026-10-06 03:01:22
475260,6,ACE 2월만기자동연장회사채AA-이상액티브,10775,2,5,0.05,10777.0,0.8426,10,0,497,2026-10-06 03:01:22
0118S0,4,SOL 미국넥스트테크TOP10액티브,10795,5,-90,-0.83,10775.0,-23.4798,16494,178,497,2026-10-06 03:01:22
461340,4,HANARO 글로벌생성형AI액티브,44695,2,310,0.7,44769.0,-10.07,3011,135,492,2026-10-06 03:01:22
0207G0,2,SOL 우주항공밸류체인,8400,2,280,3.45,8416.0,14.4467,571660,4853,491,2026-10-06 03:01:22
218420,4,KODEX 미국S&P500에너지(합성),19995,2,170,0.86,19928.0,4.0955,9373,187,491,2026-10-06 03:01:22
204480,4,TIGER 차이나CSI300레버리지(합성),20525,5,-240,-1.16,20694.0,-40.2533,794,16,488,2026-10-06 03:01:22
140950,1,파워 코스피100,87005,5,-1040,-1.18,87064.0,-10.1336,81,7,487,2026-10-06 03:01:22
442260,1,마이티 다이나믹퀀트액티브,39205,5,-175,-0.44,38901.0,-9.1266,15,0,486,2026-10-06 03:01:22
442090,2,에셋플러스 코리아대장장이액티브,32230,2,585,1.85,32268.0,-1.6014,140,4,483,2026-10-06 03:01:22
440910,4,WON 미국우주항공방산,21340,5,-260,-1.2,21348.0,-28.072,3291,70,480,2026-10-06 03:01:22
0141T0,6,SOL 중기종합채권(AA-이상)액티브,50410,2,30,0.06,50411.0,0.6895,2,0,480,2026-10-06 03:01:22
0178H0,7,IBK 미국AI TOP10국채혼합50,10400,2,160,1.56,10262.0,0.3988,37196,385,478,2026-10-06 03:01:22
473590,4,ACE 미국주식베스트셀러,20230,2,610,3.11,20184.0,-12.0377,8195,165,475,2026-10-06 03:01:22
0020H0,4,KoAct 글로벌양자컴퓨팅액티브,22490,5,-105,-0.46,22524.0,-22.5403,7613,171,472,2026-10-06 03:01:22
261220,5,KODEX WTI원유선물(H),26220,5,-690,-2.56,26222.0,42.7207,24031,627,472,2026-10-06 03:01:22
305050,1,ACE 코스피,72490,5,-460,-0.63,72495.0,-8.6984,837,61,471,2026-10-06 03:01:22
447430,2,ACE 주주환원가치주액티브,16510,5,-75,-0.45,16509.0,4.4761,4522,74,471,2026-10-06 03:01:22
196030,4,ACE 일본TOPIX레버리지(H),94065,2,2655,2.9,94133.0,5.4994,89,8,470,2026-10-06 03:01:22
0086B0,2,TIGER 리츠부동산인프라TOP10액티브,9535,2,35,0.37,9533.0,1.2146,5041,47,467,2026-10-06 03:01:22
371470,4,TIGER 차이나바이오테크SOLACTIVE,8825,2,145,1.67,8861.0,2.0576,17261,150,466,2026-10-06 03:01:22
487130,2,KoAct AI인프라액티브,32090,2,510,1.61,32131.0,-6.0679,3172,101,465,2026-10-06 03:01:22
238720,4,ACE 일본Nikkei225(H),51100,2,1295,2.6,51189.0,-0.6979,1738,88,460,2026-10-06 03:01:22
123310,3,TIGER 인버스,1099,2,13,1.2,1099.0,-4.0637,732754,798,459,2026-10-06 03:01:22
481430,6,RISE 국고채10년액티브,98085,5,-300,-0.3,98120.0,-0.3242,14,1,456,2026-10-06 03:01:22
0186S0,7,1Q 코스닥150채권혼합50액티브,8935,2,190,2.17,8903.0,0.0968,555260,4939,456,2026-10-06 03:01:22
375770,2,KODEX 탄소효율그린뉴딜,25250,5,-130,-0.51,25234.0,-7.8395,808,20,455,2026-10-06 03:01:22
276990,4,KODEX 글로벌로봇(합성),25615,2,435,1.73,25618.0,-16.7466,1427,36,453,2026-10-06 03:01:22
360140,2,KODEX 200롱코스닥150숏선물,20330,5,-1055,-4.93,20326.0,-10.2226,26306,546,447,2026-10-06 03:01:22
200030,4,KODEX 미국S&P500산업재(합성),39365,3,0,0.0,39440.0,-19.9573,2200,86,444,2026-10-06 03:01:22
453650,4,KODEX 미국S&P500금융,17740,5,-30,-0.17,17765.0,-14.5401,12258,217,444,2026-10-06 03:01:22
0112X0,1,마이티 200TR,41720,5,-535,-1.27,41696.0,-8.7563,4723,198,438,2026-10-06 03:01:22
440650,6,ACE 미국달러단기채권액티브,11290,5,-60,-0.53,11293.0,-12.4567,40665,458,429,2026-10-06 03:01:22
0089C0,4,KODEX 미국S&P500변동성확대시커버드콜,11230,2,40,0.36,11255.0,-9.8867,265,2,427,2026-10-06 03:01:22
0194M0,2,ACE 삼성전자단일종목레버리지,12020,5,-370,-2.99,11975.0,-23.5422,7842,96,427,2026-10-06 03:01:22
100910,1,KIWOOM KRX100,17415,5,-125,-0.71,17422.0,-10.8248,9885,172,418,2026-10-06 03:01:22
0191M0,6,마이티 5월만기자동연장특수채(AAA)액티브,100905,3,0,0.0,100952.0,0.7337,0,0,418,2026-10-06 03:01:22
256750,4,KODEX 차이나심천ChiNext(합성),13625,5,-135,-0.98,13739.0,-32.5821,2247,30,417,2026-10-06 03:01:22
0132H0,4,KODEX 미국원자력SMR,6895,5,-20,-0.29,6845.0,-31.1941,26822,184,414,2026-10-06 03:01:22
472840,1,IBK 200,110280,5,-1000,-0.9,110358.0,-8.9797,3672,408,414,2026-10-06 03:01:22
450910,1,SOL 코스닥150,15435,2,545,3.66,15460.0,-1.6188,30996,475,411,2026-10-06 03:01:22
183700,7,RISE 200채권혼합50,97545,5,-15,-0.02,97032.0,-3.8771,932,91,410,2026-10-06 03:01:22
401170,2,RISE 메타버스,10660,2,30,0.28,10684.0,-15.4672,1806,19,409,2026-10-06 03:01:22
448570,1,FOCUS AI코리아액티브,30285,5,-220,-0.72,30294.0,-5.2051,51,1,409,2026-10-06 03:01:22
0197W0,2,SOL SK하이닉스단일종목레버리지,9110,5,-585,-6.03,9125.0,-47.8062,74956,697,408,2026-10-06 03:01:22
469050,4,RISE 미국반도체NYSE(H),35450,2,685,1.97,35430.0,-2.7298,15483,548,408,2026-10-06 03:01:22
491830,4,TIGER 미국AI반도체팹리스,23725,2,505,2.17,23673.0,-8.9994,9703,230,403,2026-10-06 03:01:22
472830,6,RISE 미국30년국채커버드콜(합성),7175,5,-100,-1.37,7178.0,-21.0032,52062,373,398,2026-10-06 03:01:22
275280,2,KODEX 모멘텀주,44135,5,-170,-0.38,44215.0,-10.449,3100,137,397,2026-10-06 03:01:22
322410,2,HANARO K고배당,22265,3,0,0.0,22269.0,0.2851,15737,350,390,2026-10-06 03:01:22
139280,2,TIGER 경기방어,12105,2,5,0.04,12104.0,-2.1008,451,5,387,2026-10-06 03:01:22
139320,5,TIGER 금은선물(H),17130,5,-205,-1.18,17128.0,1.1081,8240,141,385,2026-10-06 03:01:22
428510,4,KODEX 차이나AI테크액티브,22665,2,260,1.16,22692.0,-30.9484,3321,75,385,2026-10-06 03:01:22
365000,2,TIGER 인터넷TOP10,3795,2,45,1.2,3802.0,-3.9693,59942,227,385,2026-10-06 03:01:22
0189B0,5,TIGER 은액티브,7405,5,-110,-1.46,7360.0,-9.8921,41255,306,385,2026-10-06 03:01:22
0234N0,2,KIWOOM 삼성SK그룹TOP4+,10640,5,-80,-0.75,10669.0,,339672,3635,378,2026-10-06 03:01:22
494840,4,TIGER 미국방산TOP10,11270,5,-125,-1.1,11253.0,-18.3176,12360,139,378,2026-10-06 03:01:22
449690,4,TIGER 한중반도체(합성),49640,2,205,0.41,49317.0,-22.4489,7,0,372,2026-10-06 03:01:22
276650,4,RISE 글로벌테크놀로지(합성 H),49635,2,775,1.59,49219.0,5.6318,12,0,372,2026-10-06 03:01:22
0007G0,4,PLUS 글로벌원자력밸류체인,12095,5,-25,-0.21,12090.0,-22.6054,1550,18,369,2026-10-06 03:01:22
195930,4,TIGER 유로스탁스50(합성 H),22955,2,365,1.62,22994.0,-2.8597,5206,119,367,2026-10-06 03:01:22
0204S0,1,TIGER 코스닥액티브,8430,2,120,1.44,8447.0,5.2564,84853,713,366,2026-10-06 03:01:22
385520,2,KODEX 자율주행액티브,16965,2,500,3.04,16969.0,-5.1283,4657,78,365,2026-10-06 03:01:22
494410,4,PLUS 미국S&P500성장주,14580,2,255,1.78,14430.0,-8.777,1729,25,365,2026-10-06 03:01:22
0192L0,2,RISE SK하이닉스단일종목레버리지,9480,5,-585,-5.81,9474.0,-44.7737,21918,211,363,2026-10-06 03:01:22
400970,2,TIGER Fn메타버스,7195,2,10,0.14,7213.0,-14.7687,1586,11,360,2026-10-06 03:01:22
0100K0,2,KODEX 방산TOP10레버리지,5980,5,-455,-7.07,5976.0,-29.3634,961565,5971,359,2026-10-06 03:01:22
352540,7,KODEX 일본부동산리츠(H),10530,5,-70,-0.66,10467.0,-5.5329,11455,119,358,2026-10-06 03:01:22
0184E0,7,1Q 200채권혼합50액티브,11150,5,-50,-0.45,11154.0,-3.8188,137103,1532,357,2026-10-06 03:01:22
407830,4,에셋플러스 글로벌플랫폼액티브,14845,2,460,3.2,14784.0,-16.2446,90,1,356,2026-10-06 03:01:22
0085N0,6,ACE 미국10년국채액티브(H),9370,5,-65,-0.69,9380.0,-3.856,65717,616,356,2026-10-06 03:01:22
380340,2,ACE 코리아AI테크핵심산업,29665,2,890,3.09,29653.0,-9.3987,78676,2334,356,2026-10-06 03:01:22
147970,2,TIGER 모멘텀,80685,2,400,0.5,80827.0,-13.8435,318,25,355,2026-10-06 03:01:22
464470,6,PLUS 미국채30년액티브,43800,5,-555,-1.25,43903.0,-20.256,13743,602,352,2026-10-06 03:01:22
276970,4,KODEX 미국S&P500배당귀족커버드콜(합성 H),7490,3,0,0.0,7430.0,-0.8614,6073,45,352,2026-10-06 03:01:22
117460,2,KODEX 에너지화학,14785,2,150,1.02,14793.0,11.8039,104957,1521,352,2026-10-06 03:01:22
241390,7,RISE V&S셀렉트밸류채권혼합,15975,2,65,0.41,15861.0,-0.7796,835,13,351,2026-10-06 03:01:22
104530,2,KIWOOM 코리아고배당,17105,5,-10,-0.06,17098.0,-0.6836,3073,52,351,2026-10-06 03:01:22
465660,4,TIGER 일본반도체FACTSET,27370,2,395,1.46,27379.0,-18.7284,27552,753,342,2026-10-06 03:01:22
266360,2,KODEX K콘텐츠,9245,5,-30,-0.32,9249.0,-10.7745,11842,109,342,2026-10-06 03:01:22
449780,4,KIWOOM 미국S&P500(H),18890,2,235,1.26,18854.0,2.0256,5970,112,340,2026-10-06 03:01:22
459560,4,KODEX 테슬라밸류체인FactSet,22655,2,385,1.73,22536.0,-17.9746,1648,37,340,2026-10-06 03:01:22
0192T0,2,SOL 코스닥TOP10,7945,2,515,6.93,7957.0,-3.1291,566452,4476,338,2026-10-06 03:01:22
105780,2,RISE 5대그룹주,16815,2,100,0.6,16812.0,-14.2161,883,14,336,2026-10-06 03:01:22
0023B0,4,PLUS 미국양자컴퓨팅TOP10,15620,5,-445,-2.77,15568.0,-19.6951,10004,156,336,2026-10-06 03:01:22
491090,4,KODEX 미국테크TOP3플러스,18550,2,335,1.84,18534.0,-4.0506,2986,55,334,2026-10-06 03:01:22
446690,4,KODEX 아시아AI반도체exChina액티브,66775,2,1045,1.59,66957.0,-13.2447,8864,594,334,2026-10-06 03:01:22
261060,2,TIGER 코스닥150IT,30310,2,1070,3.66,30309.0,12.3535,30210,907,333,2026-10-06 03:01:22
138910,5,KODEX 구리선물(H),10050,2,115,1.16,10043.0,5.6353,20582,206,332,2026-10-06 03:01:22
475070,4,KoAct 글로벌친환경전력인프라액티브,30145,2,345,1.16,30103.0,-22.4262,1241,37,332,2026-10-06 03:01:22
0154F0,2,WON 초대형IB&금융지주,11975,2,5,0.04,11992.0,-3.1162,10057,120,329,2026-10-06 03:01:22
0150K0,2,KoAct 수소전력ESS인프라액티브,11715,2,315,2.76,11723.0,9.1431,19478,226,328,2026-10-06 03:01:22
474800,4,KIWOOM 미국원유에너지기업,15620,2,245,1.59,15520.0,2.5647,20648,321,328,2026-10-06 03:01:22
261250,7,KODEX 미국달러선물레버리지,15095,5,-155,-1.02,15112.0,-24.1294,52500,791,328,2026-10-06 03:01:22
0138T0,4,RISE 미국S&P500데일리고정커버드콜,9300,2,50,0.54,9295.0,-10.3371,10408,96,326,2026-10-06 03:01:22
498860,2,RISE 코리아금융고배당,16275,5,-70,-0.43,16287.0,-5.624,4484,73,326,2026-10-06 03:01:22
0089B0,7,PLUS 미국나스닥100미국채혼합50,11215,2,55,0.49,11205.0,-11.3331,12357,138,325,2026-10-06 03:01:22
0083S0,4,1Q 미국메디컬AI,12450,2,700,5.96,12455.0,0.417,30959,385,324,2026-10-06 03:01:22
217770,5,TIGER 원유선물인버스(H),1120,2,21,1.91,1127.0,-33.9147,394884,444,324,2026-10-06 03:01:22
122260,6,KIWOOM 통안채1년,104365,2,45,0.04,104372.0,0.6027,1106,115,324,2026-10-06 03:01:22
0166N0,1,PLUS 코스닥150액티브,9500,2,230,2.48,9514.0,3.8655,47278,448,323,2026-10-06 03:01:22
452250,6,ACE 미국30년국채선물레버리지(합성 H),4135,5,-75,-1.78,4142.0,-17.451,16156,66,320,2026-10-06 03:01:22
0218J0,7,RISE 미국우주&로봇TOP2미국채혼합50,9390,2,465,5.21,9356.0,,191312,1794,319,2026-10-06 03:01:22
156080,1,KODEX MSCI Korea,53110,5,-100,-0.19,52968.0,-12.1744,2405,128,319,2026-10-06 03:01:22
464920,4,PLUS 일본반도체소부장,26480,2,545,2.1,26484.0,-13.5645,54570,1443,318,2026-10-06 03:01:22
494340,4,ACE 글로벌AI맞춤형반도체,21120,2,55,0.26,21192.0,-18.8716,10919,231,317,2026-10-06 03:01:22
469790,2,KIWOOM 코리아테크TOP10,45245,2,310,0.69,45217.0,-9.0559,456,20,317,2026-10-06 03:01:22
275290,2,KODEX 가치주,35070,5,-385,-1.09,35123.0,-8.1114,3985,140,316,2026-10-06 03:01:22
261140,2,TIGER 우선주,24650,2,290,1.19,24664.0,-6.0113,4465,110,316,2026-10-06 03:01:22
252710,3,TIGER 200선물인버스2X,77,2,2,2.67,77.0,-14.7728,31549126,2386,314,2026-10-06 03:01:22
322400,2,HANARO e커머스,9520,2,35,0.37,9531.0,-9.9668,463,4,314,2026-10-06 03:01:22
0155N0,2,HANARO K휴머노이드테마TOP10,8050,2,225,2.88,8063.0,-0.3185,18701,149,314,2026-10-06 03:01:22
395170,2,KODEX Top10동일가중,15555,5,-45,-0.29,15564.0,-16.0294,11289,176,311,2026-10-06 03:01:22
227540,2,TIGER 200 헬스케어,18430,5,-10,-0.05,18437.0,-0.4857,6810,126,310,2026-10-06 03:01:22
174360,4,RISE 중국본토대형주CSI100,22000,2,210,0.96,21473.0,-20.4164,5085,110,308,2026-10-06 03:01:22
153270,1,KIWOOM 코스피100,85450,5,-590,-0.69,85350.0,-10.4344,616,52,308,2026-10-06 03:01:22
387270,4,TIGER 글로벌이노베이션액티브,26465,2,250,0.95,26494.0,-10.7879,1569,41,307,2026-10-06 03:01:22
468630,6,KODEX iShares미국투자등급회사채액티브,10150,5,-90,-0.88,10163.0,-17.1391,32150,326,306,2026-10-06 03:01:22
099140,4,KODEX 차이나H,19935,2,45,0.23,19981.0,-7.78,3489,69,305,2026-10-06 03:01:22
459750,4,RISE 글로벌주식분산액티브,17390,2,165,0.96,17442.0,-12.2638,1839,31,304,2026-10-06 03:01:22
139270,2,TIGER 200 금융,16395,5,-90,-0.55,16402.0,-0.8475,5639,92,302,2026-10-06 03:01:22
459790,4,KIWOOM 미국성장기업30액티브,20770,2,320,1.56,20671.0,-15.6528,8,0,301,2026-10-06 03:01:22
395290,2,HANARO Fn K-POP&미디어,4740,5,-10,-0.21,4749.0,-16.9581,12812,61,301,2026-10-06 03:01:22
0192M0,2,RISE 삼성전자단일종목레버리지,12100,5,-375,-3.01,12120.0,-23.1125,32556,406,299,2026-10-06 03:01:22
426150,6,WON 대한민국국고채액티브,51415,5,-5,-0.01,51454.0,-0.532,62,3,299,2026-10-06 03:01:22
450190,4,KODEX 한중반도체(합성),49767,2,327,0.66,49715.0,-23.5563,9,0,299,2026-10-06 03:01:22
465350,3,RISE 2차전지TOP10인버스(합성),14805,5,-820,-5.25,14906.0,-16.7333,67826,1019,296,2026-10-06 03:01:22
253250,3,KIWOOM 200선물레버리지,102070,5,-2240,-2.15,102201.0,-29.1276,372,38,296,2026-10-06 03:01:22
289480,3,TIGER 200커버드콜,13370,5,-30,-0.22,13382.0,15.4002,25530,342,294,2026-10-06 03:01:22
145850,2,TREX 펀더멘탈 200,116825,5,-345,-0.29,116690.0,-5.0568,12,1,292,2026-10-06 03:01:22
248270,4,TIGER S&P글로벌헬스케어(합성),25075,5,-180,-0.71,25157.0,-11.386,2189,54,291,2026-10-06 03:01:22
117680,2,KODEX 철강,12525,2,155,1.25,12548.0,10.5987,22122,275,289,2026-10-06 03:01:22
192720,2,파워 고배당저변동성,56605,5,-265,-0.47,56757.0,-1.051,604,34,289,2026-10-06 03:01:22
476690,4,TIGER 글로벌비만치료제TOP2Plus,9615,5,-105,-1.08,9612.0,-18.7409,8075,77,288,2026-10-06 03:01:22
256440,4,ACE MSCI인도네시아(합성),4710,2,85,1.84,4752.0,-14.5892,27465,129,287,2026-10-06 03:01:22
0223R0,4,TIGER 미국테크NYSE100액티브,9895,2,85,0.87,9890.0,,4963,49,285,2026-10-06 03:01:22
0239Z0,2,PLUS AI반도체소부장액티브,12665,2,180,1.44,12681.0,,403115,5100,285,2026-10-06 03:01:22
245350,4,TIGER 유로스탁스배당30,17660,5,-155,-0.87,17660.0,-11.0014,4633,81,283,2026-10-06 03:01:22
352560,7,KODEX 미국부동산리츠(H),11350,5,-60,-0.53,11321.0,-6.9689,3010,34,278,2026-10-06 03:01:22
0224X0,7,1Q 엔비디아알파벳미국채혼합50,9730,2,80,0.83,9712.0,,50561,492,277,2026-10-06 03:01:22
496770,4,PLUS 글로벌방산,15400,5,-120,-0.77,15414.0,-15.3301,2305,35,277,2026-10-06 03:01:22
415920,5,PLUS 글로벌희토류&전략자원생산기업,5830,2,30,0.52,5816.0,-37.0933,14924,87,277,2026-10-06 03:01:22
223190,2,KODEX 200가치저변동,27655,5,-40,-0.14,27657.0,-4.8165,347,9,277,2026-10-06 03:01:22
0155M0,4,ACE 미국SMR원자력TOP10,6040,2,20,0.33,5977.0,-27.0304,16254,97,275,2026-10-06 03:01:22
475270,6,ACE 5월만기자동연장회사채AA-이상액티브,10750,3,0,0.0,10757.0,0.7969,5,0,274,2026-10-06 03:01:22
489290,4,WON 미국빌리어네어,14760,2,175,1.2,14822.0,-9.6625,1758,25,273,2026-10-06 03:01:22
0049K0,7,ACE 미국배당퀄리티채권혼합50,10910,5,-15,-0.14,10933.0,-5.7169,7011,76,273,2026-10-06 03:01:22
0107F0,4,KIWOOM 미국고배당&AI테크,10715,5,-65,-0.6,10739.0,-15.1496,3128,33,268,2026-10-06 03:01:22
167860,6,KIWOOM 국고채10년레버리지,91995,5,-345,-0.37,91912.0,-1.1561,6,0,267,2026-10-06 03:01:22
0013R0,7,RISE 테슬라미국채타겟커버드콜혼합(합성),7380,2,55,0.75,7357.0,-21.4394,4265,31,266,2026-10-06 03:01:22
415340,4,KODEX 차이나과창판STAR50(합성),12830,2,20,0.16,12898.0,-33.5064,6396,81,266,2026-10-06 03:01:22
0137W0,4,KIWOOM 미국S&P500&GOLD,10130,2,50,0.5,10182.0,-10.632,3257,33,263,2026-10-06 03:01:22
481340,6,RISE 미국30년국채액티브,7740,5,-115,-1.46,7749.0,-21.2569,71389,552,263,2026-10-06 03:01:22
139250,2,TIGER 200 에너지화학,18495,2,70,0.38,18503.0,5.4642,21190,389,263,2026-10-06 03:01:22
476070,4,KODEX 글로벌비만치료제TOP2 Plus,9840,5,-145,-1.45,9855.0,-19.1785,8357,82,261,2026-10-06 03:01:22
0203S0,7,WON 삼성전자현대차채권혼합50,8515,5,-10,-0.12,8518.0,-6.3187,15871,135,260,2026-10-06 03:01:22
0152E0,2,SOL 배당성향탑픽액티브,10580,5,-85,-0.8,10597.0,-2.4757,1573,16,259,2026-10-06 03:01:22
271060,5,KODEX 3대농산물선물(H),8640,2,45,0.52,8644.0,11.2621,7982,68,259,2026-10-06 03:01:22
277540,4,ACE 아시아TOP50,32385,2,145,0.45,32489.0,-9.7678,6627,215,259,2026-10-06 03:01:22
483570,4,KCGI 미국S&P500 TOP10,16145,2,235,1.48,16066.0,-4.4445,1522,24,258,2026-10-06 03:01:22
0047R0,4,RISE 팔란티어고정테크100,15635,2,60,0.39,15651.0,1.2341,5796,90,258,2026-10-06 03:01:22
437350,6,RISE 미국단기투자등급회사채액티브,11715,5,-80,-0.68,11724.0,-13.9993,22694,265,258,2026-10-06 03:01:22
367740,2,HANARO Fn5G산업,46380,2,965,2.12,46533.0,0.1654,430,19,255,2026-10-06 03:01:22
440340,7,TIGER 글로벌멀티에셋TIF액티브,11305,5,-20,-0.18,11341.0,-14.249,2675,30,254,2026-10-06 03:01:22
475380,7,RISE 글로벌리얼티인컴,9500,2,35,0.37,9470.0,-16.3251,8646,81,252,2026-10-06 03:01:22
292500,1,SOL KRX300,50295,5,-265,-0.52,50285.0,-8.1045,2729,137,251,2026-10-06 03:01:22
496120,1,ACE 코리아밸류업,33440,5,-340,-1.01,33443.0,-10.0407,3901,130,251,2026-10-06 03:01:22
0209Z0,2,ACE 코리아AI전력TOP10,7250,2,70,0.97,7246.0,-15.9743,62645,454,250,2026-10-06 03:01:22
493420,4,SOL 미국배당다우존스2호,11850,5,-105,-0.88,11833.0,-9.5063,7812,92,249,2026-10-06 03:01:22
245360,4,TIGER 차이나HSCEI,11545,2,75,0.65,11544.0,-8.0455,16772,193,248,2026-10-06 03:01:22
368190,2,HANARO Fn K-뉴딜디지털플러스,7735,2,130,1.71,7743.0,-2.1865,26,0,248,2026-10-06 03:01:22
0177A0,2,WON 두산그룹포커스,9695,2,360,3.86,9710.0,-5.5162,38688,373,247,2026-10-06 03:01:22
292160,1,TIGER KRX300,49325,5,-310,-0.62,49341.0,-8.0626,187,9,247,2026-10-06 03:01:22
159800,1,마이티 코스피100,87980,5,-585,-0.66,87850.0,-9.7381,136,12,246,2026-10-06 03:01:22
0097L0,7,KIWOOM 한국고배당&미국AI테크,12540,2,115,0.93,12500.0,-3.8824,4603,57,245,2026-10-06 03:01:22
0093D0,7,KoAct 팔란티어밸류체인액티브,18715,5,-20,-0.11,18641.0,-9.6674,1528,28,243,2026-10-06 03:01:22
0115C0,4,RISE 미국고배당다우존스TOP10,10310,5,-60,-0.58,10287.0,-13.7505,2215,22,242,2026-10-06 03:01:22
0103T0,2,1Q K소버린AI,8335,2,80,0.97,8330.0,0.7936,306944,2556,242,2026-10-06 03:01:22
364690,1,KODEX 혁신기술테마액티브,40145,2,45,0.11,40043.0,-10.7348,332,13,241,2026-10-06 03:01:22
0164G0,4,RISE 차이나AI반도체TOP4Plus,11395,5,-5,-0.04,11403.0,-35.8109,4055,45,239,2026-10-06 03:01:22
185680,4,KODEX 미국S&P바이오(합성),44700,2,100,0.22,44752.0,-14.0324,1598,71,238,2026-10-06 03:01:22
0223A0,2,RISE 코스닥커버드콜액티브,12145,2,250,2.1,12163.0,,184809,2244,237,2026-10-06 03:01:22
442550,7,RISE TDF2030액티브 적격,14735,2,35,0.24,14677.0,-5.7808,10392,153,236,2026-10-06 03:01:22
195970,4,PLUS 선진국MSCI(합성 H),16100,2,185,1.16,16001.0,-0.5002,11875,191,235,2026-10-06 03:01:22
414270,4,ACE 글로벌자율주행액티브,11190,2,70,0.63,11177.0,-19.537,27846,311,235,2026-10-06 03:01:22
0047P0,4,RISE 테슬라고정테크100,14810,2,330,2.28,14809.0,-11.4311,782,11,230,2026-10-06 03:01:22
464600,2,SOL 자동차소부장Fn,25470,2,925,3.77,25479.0,-5.3231,10257,260,229,2026-10-06 03:01:22
0238C0,7,IBK 한미대표기업TOP2+채권혼합50액티브,10185,5,-35,-0.34,10252.0,,174,1,229,2026-10-06 03:01:22
138230,7,KIWOOM 미국달러선물,15785,5,-80,-0.5,15788.0,-12.3239,2203,34,229,2026-10-06 03:01:22
0198D0,2,1Q SK하이닉스선물단일종목레버리지,9655,5,-550,-5.39,9651.0,-46.3319,8934,89,229,2026-10-06 03:01:22
0127R0,4,RISE 미국AI클라우드인프라,16920,5,-50,-0.29,16896.0,-12.2911,5207,88,228,2026-10-06 03:01:22
469160,4,ACE 일본반도체,26840,2,615,2.35,26795.0,-19.8258,2668,71,228,2026-10-06 03:01:22
0206G0,7,1Q 현대차기아채권혼합50,7695,2,15,0.2,7700.0,-12.4288,122580,945,227,2026-10-06 03:01:22
479850,2,HANARO K-뷰티,16730,5,-350,-2.05,16737.0,2.7677,18804,316,226,2026-10-06 03:01:22
0239Y0,2,PLUS 코리아HBM반도체,11270,2,190,1.71,11280.0,,242474,2721,225,2026-10-06 03:01:22
280930,4,KODEX 미국러셀2000(H),16080,2,155,0.97,16079.0,-6.6257,3128,50,225,2026-10-06 03:01:22
300950,2,KODEX 게임산업,5360,5,-75,-1.38,5358.0,-9.7177,10745,57,225,2026-10-06 03:01:22
376410,2,TIGER 탄소효율그린뉴딜,24975,5,-165,-0.66,24978.0,-6.1297,368,9,225,2026-10-06 03:01:22
261120,7,TIGER 미국달러선물인버스2X,5585,2,55,0.99,5601.0,31.8235,8462,47,223,2026-10-06 03:01:22
375760,2,HANARO 탄소효율그린뉴딜,24810,5,-335,-1.33,24864.0,-7.6212,222,5,223,2026-10-06 03:01:22
304770,1,HANARO 코스닥150,15715,2,505,3.32,15798.0,-0.8798,17134,268,223,2026-10-06 03:01:22
433220,4,에셋플러스 글로벌대장장이액티브,30070,2,430,1.45,29977.0,-16.9516,2746,82,223,2026-10-06 03:01:22
461450,1,KODEX 코스닥글로벌,17090,2,570,3.45,17109.0,-1.8712,6262,106,222,2026-10-06 03:01:22
388280,2,RISE K엔터&여행레저,6830,2,25,0.37,6828.0,-20.2228,14090,96,221,2026-10-06 03:01:22
0186L0,4,KoAct 미국로봇피지컬AI액티브,9615,2,65,0.68,9630.0,-20.483,11613,111,221,2026-10-06 03:01:22
108590,1,TREX 200,110480,5,-1220,-1.09,110450.0,-9.387,461,51,221,2026-10-06 03:01:22
419430,4,KODEX 차이나2차전지MSCI(합성),7875,5,-20,-0.25,7895.0,-30.867,494,3,221,2026-10-06 03:01:22
447660,7,PLUS 애플채권혼합,13765,5,-40,-0.29,13812.0,-0.1488,8900,122,220,2026-10-06 03:01:22
239660,6,PLUS 우량회사채50,121960,5,-5,0.0,121968.0,0.7475,657,80,220,2026-10-06 03:01:22
411540,1,SOL 200 Top10,16695,5,-145,-0.86,16689.0,-13.0093,8682,145,217,2026-10-06 03:01:22
225130,4,ACE 골드선물 레버리지(합성 H),42845,5,-1155,-2.62,42630.0,3.1773,1195,51,214,2026-10-06 03:01:22
0026E0,4,KODEX 미국S&P500버퍼3월액티브,11535,3,0,0.0,11569.0,-9.494,131,1,213,2026-10-06 03:01:22
269420,4,KODEX S&P글로벌인프라(합성),20555,2,195,0.96,20469.0,-19.3824,2614,53,212,2026-10-06 03:01:22
371450,4,TIGER 글로벌클라우드컴퓨팅INDXX,13855,5,-20,-0.14,13854.0,5.7545,6463,89,211,2026-10-06 03:01:22
337120,2,KODEX 멀티팩터,35085,5,-225,-0.64,35057.0,-9.301,11481,404,211,2026-10-06 03:01:22
253290,7,RISE 헬스케어채권혼합,11685,2,135,1.17,11652.0,-2.7369,12333,143,210,2026-10-06 03:01:22
471460,6,KIWOOM 국고채30년액티브,45710,5,-300,-0.65,45717.0,-1.3268,1387,63,210,2026-10-06 03:01:22
404120,2,TIME K신재생에너지액티브,26275,2,515,2.0,26335.0,-6.208,1387,36,210,2026-10-06 03:01:22
0192S0,7,SOL 코스피200채권혼합50,9550,5,-5,-0.05,9551.0,-4.6134,102818,986,210,2026-10-06 03:01:22
0231Z0,7,KODEX 코리아TDF2065액티브 적격,10490,3,0,0.0,10505.0,,333517,3515,210,2026-10-06 03:01:22
0190M0,4,KIWOOM 미국AI테크하이베타,8725,2,10,0.11,8707.0,-24.6434,3240,28,209,2026-10-06 03:01:22
226980,1,KODEX 200 중소형,23190,2,200,0.87,23251.0,-3.1378,593,13,209,2026-10-06 03:01:22
300640,2,RISE 게임테마,6415,5,-80,-1.23,6412.0,-4.8352,5275,33,208,2026-10-06 03:01:22
461600,6,SOL 미국30년국채액티브(H),7850,5,-60,-0.76,7850.0,-8.5021,7684,60,208,2026-10-06 03:01:22
0241R0,7,TIGER 현대차LG전자고정피지컬AI밸류체인,10395,2,295,2.92,10433.0,,448652,4655,208,2026-10-06 03:01:22
289040,2,KODEX MSCI KOREA ESG유니버설,34475,5,-35,-0.1,34270.0,-10.2847,1,0,207,2026-10-06 03:01:22
152380,6,KODEX 국채선물10년,64855,5,-130,-0.2,64864.0,-0.2686,3211,208,206,2026-10-06 03:01:22
364990,2,TIGER 게임TOP10,4525,5,-110,-2.37,4529.0,-10.5213,79623,359,206,2026-10-06 03:01:22
289250,2,TIGER MSCI KOREA ESG유니버설,35725,2,110,0.31,35641.0,-8.8148,7,0,204,2026-10-06 03:01:22
0193L0,2,PLUS 삼성전자선물단일종목인버스2X,7875,2,190,2.47,7894.0,-50.816,454627,3484,203,2026-10-06 03:01:22
417630,2,TIGER KEDI혁신기업ESG30,19250,2,70,0.36,19240.0,-8.6667,86,1,202,2026-10-06 03:01:22
0203R0,6,WON 중단기종합채권(A-이상)액티브,50520,2,35,0.07,50546.0,0.688,3,0,202,2026-10-06 03:01:22
404260,2,KODEX 기후변화솔루션,25145,2,730,2.99,25067.0,-6.9157,501,12,201,2026-10-06 03:01:22
204450,4,KODEX 차이나H레버리지(H),2110,2,15,0.72,2132.0,9.0577,37580,79,200,2026-10-06 03:01:22
489000,6,PLUS 일본엔화초단기국채(합성),9005,5,-65,-0.72,9001.0,-10.4198,22703,204,198,2026-10-06 03:01:22
477730,4,KODEX 인도타타그룹,6715,5,-5,-0.07,6694.0,-18.8149,1242,8,198,2026-10-06 03:01:22
463300,4,RISE 중국본토CSI300,12285,5,-55,-0.45,12333.0,-19.7971,325,3,197,2026-10-06 03:01:22
379790,4,RISE 유로스탁스50(H),16945,2,180,1.07,16979.0,-0.3471,9884,167,195,2026-10-06 03:01:22
091220,2,TIGER 은행,16445,5,-40,-0.24,16465.0,3.7582,29914,493,194,2026-10-06 03:01:22
465670,4,TIGER 미국캐시카우100,15505,5,-150,-0.96,15633.0,-5.0632,7186,111,194,2026-10-06 03:01:22
437070,6,KODEX 아시아달러채권ESG플러스액티브,55990,5,-625,-1.1,56009.0,-15.0321,1161,65,194,2026-10-06 03:01:22
461910,4,PLUS 미국테크TOP10레버리지(합성),38745,2,1085,2.88,38498.0,-8.7915,165,6,194,2026-10-06 03:01:22
304760,1,HANARO KRX300,48355,5,-655,-1.34,48393.0,-11.1572,2869,138,193,2026-10-06 03:01:22
456680,4,TIGER 차이나전기차레버리지(합성),4740,5,-65,-1.35,4777.0,-50.078,10047,47,193,2026-10-06 03:01:22
0153X0,4,PLUS 미국고배당주액티브,10375,5,-135,-1.28,10361.0,-6.6166,26057,269,192,2026-10-06 03:01:22
228820,1,TIGER KTOP30,19175,5,-75,-0.39,19183.0,-6.304,2217,42,192,2026-10-06 03:01:22
229720,1,KODEX KTOP30,38165,2,80,0.21,38005.0,-6.6774,238,9,191,2026-10-06 03:01:22
381560,2,HANARO Fn전기&수소차,18165,2,570,3.24,18188.0,-5.7393,1717,31,191,2026-10-06 03:01:22
0067V0,4,TIGER 차이나글로벌리더스TOP3+,8665,2,30,0.35,8730.0,-24.7823,314,2,191,2026-10-06 03:01:22
169950,4,KODEX 차이나A50,23765,5,-295,-1.23,23928.0,-16.7186,204,4,190,2026-10-06 03:01:22
183710,7,RISE 주식혼합,94590,5,-445,-0.47,94285.0,-6.2402,382,36,189,2026-10-06 03:01:22
487950,4,KODEX 대만테크고배당다우존스,12980,5,-45,-0.35,12911.0,-9.7358,6119,79,188,2026-10-06 03:01:22
284980,2,RISE 200금융,21800,5,-150,-0.68,21813.0,-1.0686,1432,31,187,2026-10-06 03:01:22
438320,4,TIGER 차이나항셍테크레버리지(합성 H),4335,2,95,2.24,4362.0,-15.2848,35807,156,187,2026-10-06 03:01:22
497780,4,KoAct 미국천연가스인프라액티브,9800,2,70,0.72,9835.0,-14.6052,15237,149,186,2026-10-06 03:01:22
385600,2,ACE 2차전지&친환경차액티브,12410,2,485,4.07,12420.0,-4.9044,6521,80,186,2026-10-06 03:01:22
445910,2,TIGER MKF배당귀족,20590,2,205,1.01,20626.0,0.2034,1685,34,185,2026-10-06 03:01:22
461900,4,PLUS 미국테크TOP10,23120,2,370,1.63,23061.0,-3.7241,1947,45,185,2026-10-06 03:01:22
416090,4,ACE 중국과창판STAR50,11520,5,-5,-0.04,11632.0,-34.1805,2436,28,184,2026-10-06 03:01:22
445690,2,BNK 주주가치액티브,30695,3,0,0.0,30206.0,-8.4279,0,0,184,2026-10-06 03:01:22
276000,4,TIGER 글로벌자원생산기업(합성 H),20395,2,345,1.72,20355.0,7.9989,435,8,184,2026-10-06 03:01:22
213630,4,PLUS 미국다우존스고배당주(합성 H),19900,5,-30,-0.15,19854.0,-1.7985,3131,62,183,2026-10-06 03:01:22
0104P0,2,TIGER 코리아배당다우존스위클리커버드콜,10710,5,-20,-0.19,10725.0,0.1862,2551,27,182,2026-10-06 03:01:22
227830,1,PLUS 코스피,72200,5,-575,-0.79,72185.0,-7.6533,10,0,181,2026-10-06 03:01:22
0018Z0,4,RISE 미국양자컴퓨팅,18045,5,-115,-0.63,17968.0,-16.4601,7866,142,180,2026-10-06 03:01:22
407310,1,HANARO 200 TOP10,16320,5,-225,-1.36,16344.0,-12.5457,767,12,180,2026-10-06 03:01:22
195920,4,TIGER 일본TOPIX(합성 H),35625,2,105,0.3,36139.0,-1.7292,155,5,178,2026-10-06 03:01:22
292050,1,RISE KRX300,50865,5,-130,-0.25,50562.0,-8.5128,2720,138,178,2026-10-06 03:01:22
449580,7,RISE 테슬라애플아마존채권혼합,16180,2,100,0.62,16162.0,-4.8593,5271,85,178,2026-10-06 03:01:22
225060,4,TIGER 이머징마켓MSCI레버리지(합성 H),16780,2,705,4.39,16891.0,0.8785,13,0,178,2026-10-06 03:01:22
391670,1,HK 베스트일레븐액티브,29625,5,-105,-0.35,29475.0,-11.1344,83,2,178,2026-10-06 03:01:22
289260,2,TIGER MSCI KOREA ESG리더스,29590,2,85,0.29,29545.0,-9.9359,234,6,178,2026-10-06 03:01:22
0144M0,4,KODEX 미국드론UAM TOP10,6105,5,-185,-2.94,6087.0,-29.9555,30408,185,174,2026-10-06 03:01:22
0105D0,2,SOL 한국AI소프트웨어,9055,2,60,0.67,9079.0,-4.4103,20294,184,172,2026-10-06 03:01:22
0086C0,7,TIGER 리츠부동산인프라10채권혼합액티브,9815,3,0,0.0,9840.0,0.6624,10511,103,172,2026-10-06 03:01:22
477490,4,에셋플러스 글로벌일등기업포커스10액티브,18970,2,360,1.93,18918.0,-13.9223,130,2,171,2026-10-06 03:01:22
457690,6,KODEX 33-06 국고채액티브,10520,5,-10,-0.09,10511.0,0.2857,593,6,170,2026-10-06 03:01:22
0198B0,2,1Q 삼성전자선물단일종목레버리지,12345,5,-285,-2.26,12361.0,-24.8885,2324,29,170,2026-10-06 03:01:22
0065G0,4,KODEX 차이나테크TOP10,7855,5,-5,-0.06,7895.0,-17.1902,72905,573,169,2026-10-06 03:01:22
488290,4,MIDAS 일본테크액티브,48045,2,1250,2.67,47832.0,-18.0186,1887,90,168,2026-10-06 03:01:22
468370,6,KODEX iShares미국인플레이션국채액티브,10060,5,-90,-0.89,10061.0,-15.6227,25857,260,168,2026-10-06 03:01:22
0233N0,4,RISE 글로벌AI낸드메모리반도체,11015,5,-275,-2.44,11059.0,,343350,3807,165,2026-10-06 03:01:22
451600,6,PLUS 국고채30년액티브,85060,5,-690,-0.8,85007.0,-0.7581,2581,219,165,2026-10-06 03:01:22
494420,2,PLUS 미국배당증가성장주데일리커버드콜,8670,2,25,0.29,8625.0,-14.4202,4178,36,165,2026-10-06 03:01:22
460660,4,RISE 미국S&P배당킹,10980,5,-5,-0.05,10924.0,-15.6527,4212,46,165,2026-10-06 03:01:22
0051A0,4,KoAct 브로드컴밸류체인액티브,25280,2,640,2.6,25342.0,-14.6076,24577,621,164,2026-10-06 03:01:22
474920,4,에셋플러스 차이나일등기업포커스10액티브,17425,2,340,1.99,17420.0,-18.9132,2039,35,164,2026-10-06 03:01:22
219390,4,RISE 미국S&P원유생산기업(합성 H),8145,2,95,1.18,8252.0,19.4362,6503,52,163,2026-10-06 03:01:22
250730,4,RISE 차이나HSCEI(H),9575,2,210,2.24,9640.0,5.7594,3638,34,163,2026-10-06 03:01:22
483330,4,ACE 마이크로소프트밸류체인액티브,15390,2,100,0.65,15358.0,1.6622,8629,132,162,2026-10-06 03:01:22
415760,4,SOL 차이나육성산업액티브(합성),11875,2,50,0.42,11985.0,-33.4553,3089,36,162,2026-10-06 03:01:22
131890,2,ACE 삼성그룹동일가중,39935,2,90,0.23,40030.0,-5.6477,185,7,160,2026-10-06 03:01:22
419650,4,PLUS 글로벌수소&차세대연료전지,4830,2,45,0.94,4737.0,-28.5821,8738,41,159,2026-10-06 03:01:22
265690,4,ACE 러시아MSCI(합성),8535,3,0,0.0,48.0,0.0,0,0,158,2026-10-06 03:01:22
387280,2,TIGER 퓨처모빌리티액티브,12360,2,415,3.47,12368.0,-2.8467,1631,20,157,2026-10-06 03:01:22
0207Z0,4,KIWOOM 미국우주데이터센터인프라,7460,2,335,4.7,7454.0,-23.0977,34896,260,157,2026-10-06 03:01:22
432840,4,HANARO 미국S&P500,19480,2,125,0.65,19451.0,-10.4442,1514,29,156,2026-10-06 03:01:22
484890,6,SOL 머니마켓액티브,52685,2,5,0.01,52685.0,0.7265,2504,131,155,2026-10-06 03:01:22
244620,2,KODEX 모멘텀Plus,22030,2,355,1.64,22022.0,-10.6186,6236,137,154,2026-10-06 03:01:22
413930,2,WON AI ESG액티브,27980,5,-80,-0.29,27837.0,-12.5176,4,0,154,2026-10-06 03:01:22
0222F0,2,마이티 AI데이터센터밸류체인,13325,2,145,1.1,13330.0,,2891,38,153,2026-10-06 03:01:22
130680,5,TIGER 원유선물Enhanced(H),7650,5,-190,-2.42,7672.0,41.3886,15669,119,153,2026-10-06 03:01:22
332620,6,PLUS 미국장기우량회사채,81390,5,-820,-1.0,81439.0,-19.5335,921,75,152,2026-10-06 03:01:22
0193K0,2,PLUS 삼성전자단일종목레버리지,13180,5,-405,-2.98,13176.0,-22.8783,3426,46,152,2026-10-06 03:01:22
337150,2,KODEX 200exTOP,25230,2,310,1.24,25189.0,-9.7415,4088,103,151,2026-10-06 03:01:22
491510,2,파워 K-주주가치액티브,17755,2,75,0.42,17797.0,1.7465,24,0,151,2026-10-06 03:01:22
114460,6,ACE 국고채3년,100365,2,20,0.02,100367.0,0.5491,123,12,151,2026-10-06 03:01:22
404650,2,SOL KRX기후변화솔루션,24905,2,570,2.34,24856.0,-7.7226,3099,77,149,2026-10-06 03:01:22
0242S0,2,파워 SK그룹,10670,5,-45,-0.42,10656.0,,29952,320,149,2026-10-06 03:01:22
487750,2,BNK 온디바이스AI,37100,2,605,1.66,37149.0,2.8607,7726,286,148,2026-10-06 03:01:22
453010,7,PLUS KOFR금리,110165,2,25,0.02,110166.0,0.7086,11365,1251,148,2026-10-06 03:01:22
104520,2,KIWOOM 블루칩,14605,2,80,0.55,14615.0,-4.2971,27,0,146,2026-10-06 03:01:22
0088N0,2,WON K-글로벌수급상위,11610,2,90,0.78,11623.0,-2.2901,3340,38,145,2026-10-06 03:01:22
0090B0,2,PLUS K방산소부장,7425,5,-140,-1.85,7433.0,-4.6028,47510,355,145,2026-10-06 03:01:22
373490,2,KODEX 코리아혁신성장액티브,26325,2,670,2.61,26357.0,-9.6655,6993,182,145,2026-10-06 03:01:22
0084E0,7,KIWOOM 미국대형주500월간목표헤지액티브,9950,2,20,0.2,9912.0,-13.3482,58,0,144,2026-10-06 03:01:22
234310,2,RISE V&S셀렉트밸류,28825,2,35,0.12,28791.0,-1.6903,4,0,144,2026-10-06 03:01:22
360150,2,KODEX 코스닥150롱코스피200숏선물,3400,2,155,4.78,3404.0,4.0064,50948,170,139,2026-10-06 03:01:22
453630,4,KODEX 미국S&P500필수소비재,11575,2,45,0.39,11565.0,-15.2989,2935,33,139,2026-10-06 03:01:22
438900,2,HANARO Fn K-푸드,10670,5,-115,-1.07,10668.0,-1.1005,7337,78,139,2026-10-06 03:01:22
0153P0,2,ACE 리츠부동산인프라액티브,9450,2,30,0.32,9449.0,2.5269,9633,90,137,2026-10-06 03:01:22
496130,1,TRUSTON 코리아밸류업액티브,25240,5,-260,-1.02,25296.0,-10.1639,14,0,136,2026-10-06 03:01:22
236350,4,TIGER 인도니프티50레버리지(합성),21890,5,-50,-0.23,22053.0,-38.8006,482,10,136,2026-10-06 03:01:22
485810,4,TIME 글로벌바이오액티브,11745,2,230,2.0,11733.0,-3.276,7563,88,135,2026-10-06 03:01:22
102960,2,KODEX 기계장비,13485,2,185,1.39,13493.0,-13.5803,7454,99,135,2026-10-06 03:01:22
417450,4,RISE 글로벌수소경제,15780,2,180,1.15,15748.0,-22.2955,628,9,134,2026-10-06 03:01:22
0127V0,4,KIWOOM 미국S&P500 TOP10&배당다우비중전환,10715,2,95,0.89,10681.0,-5.9611,704,7,134,2026-10-06 03:01:22
279540,2,KODEX 최소변동성,22150,2,390,1.79,22142.0,-5.2,40,0,133,2026-10-06 03:01:22
472720,1,TRUSTON 주주가치액티브,25520,2,125,0.49,25508.0,-9.2874,338,8,133,2026-10-06 03:01:22
137610,5,TIGER 농산물선물Enhanced(H),5750,2,110,1.95,5744.0,10.4799,3153,18,132,2026-10-06 03:01:22
0220A0,7,KIWOOM 현대차그룹TOP3채권혼합50,8740,2,20,0.23,8741.0,,23238,203,131,2026-10-06 03:01:22
280920,2,PLUS 주도업종,23705,2,465,2.0,23627.0,-11.3654,38,0,130,2026-10-06 03:01:22
0127T0,4,KIWOOM 미국S&P500&배당다우존스비중전환,10780,2,40,0.37,10741.0,-10.099,3373,36,129,2026-10-06 03:01:22
0208N0,1,IBK 코스피액티브,7770,5,-65,-0.83,7773.0,-10.2521,3467,27,128,2026-10-06 03:01:22
300610,2,TIGER K게임,5455,5,-45,-0.82,5454.0,-3.9302,10915,59,128,2026-10-06 03:01:22
363510,6,SOL KIS단기통안채,112410,2,30,0.03,112406.0,0.5952,7,0,128,2026-10-06 03:01:22
0028X0,4,KODEX 미국금융테크액티브,11070,2,200,1.84,11116.0,-9.9055,529,5,127,2026-10-06 03:01:22
290080,3,RISE 200고배당커버드콜ATM,7250,2,10,0.14,7285.0,20.3238,11423,81,127,2026-10-06 03:01:22
140710,2,KODEX 운송,6660,5,-60,-0.89,6665.0,8.8946,14882,99,127,2026-10-06 03:01:22
166400,3,TIGER 200커버드콜OTM,25210,5,-190,-0.75,25234.0,12.248,644,16,126,2026-10-06 03:01:22
489860,4,KIWOOM 글로벌전력GRID인프라,14820,2,190,1.3,14774.0,-17.1619,2119,31,126,2026-10-06 03:01:22
0004G0,4,1Q 미국배당TOP30,8350,5,-50,-0.6,8319.0,-13.2958,7157,59,125,2026-10-06 03:01:22
0013P0,4,RISE 미국은행TOP10,11380,5,-70,-0.61,11360.0,-17.6578,5376,61,125,2026-10-06 03:01:22
404540,2,TIGER KRX기후변화솔루션,24990,2,480,1.96,25071.0,-5.746,580,14,125,2026-10-06 03:01:22
453820,4,KODEX 인도Nifty50레버리지(합성),9505,5,-45,-0.47,9444.0,-34.6339,406,3,124,2026-10-06 03:01:22
409810,4,KODEX 미국나스닥100선물인버스(H),5255,5,-85,-1.59,5264.0,-2.7323,23408,122,123,2026-10-06 03:01:22
0015F0,7,KIWOOM 팔란티어미국30년국채혼합액티브(H),10245,5,-15,-0.15,10280.0,3.1999,2160,22,123,2026-10-06 03:01:22
453060,6,HANARO KOFR금리액티브(합성),111720,3,0,0.0,111737.0,0.7303,0,0,123,2026-10-06 03:01:22
0104G0,2,PLUS K방산레버리지,5340,5,-410,-7.13,5346.0,-37.3298,51379,283,123,2026-10-06 03:01:22
457700,6,KODEX 53-09 국고채액티브,9240,5,-60,-0.65,9254.0,-1.0639,198,1,122,2026-10-06 03:01:22
0194R0,2,KIWOOM SK하이닉스선물단일종목레버리지,9020,5,-610,-6.33,9053.0,-44.5956,11744,108,122,2026-10-06 03:01:22
395760,2,PLUS ESG성장주액티브,22100,2,85,0.39,22025.0,-7.694,32,0,122,2026-10-06 03:01:22
435550,7,KIWOOM TDF2050액티브 적격,17325,2,60,0.35,17300.0,-12.1587,1026,17,121,2026-10-06 03:01:22
140580,2,RISE 우량업종대표주,24095,2,85,0.35,24140.0,-8.3238,10,0,120,2026-10-06 03:01:22
251590,2,PLUS 고배당저변동50,17170,5,-25,-0.15,17168.0,2.7843,1112,19,120,2026-10-06 03:01:22
396510,4,TIGER 차이나클린에너지SOLACTIVE,6605,2,15,0.23,6639.0,-27.8204,307,2,119,2026-10-06 03:01:22
0191S0,1,IBK 코스닥150,15885,2,545,3.55,15929.0,-1.5405,1681,26,118,2026-10-06 03:01:22
282000,3,RISE 국고채3년선물인버스,115065,2,5,0.0,115102.0,0.5637,1,0,117,2026-10-06 03:01:22
0203D0,7,PLUS 200위클리커버드콜채권혼합,9000,5,-50,-0.55,9029.0,-4.2129,26901,243,117,2026-10-06 03:01:22
332610,6,PLUS 미국단기회사채(AAA~A),121705,5,-825,-0.67,121628.0,-12.5853,137,16,117,2026-10-06 03:01:22
176950,6,KODEX 국채선물10년인버스,60680,2,180,0.3,60681.0,1.34,1003,60,117,2026-10-06 03:01:22
400570,4,KODEX 유럽탄소배출권선물ICE(H),11470,5,-200,-1.71,11486.0,6.7215,1525,17,116,2026-10-06 03:01:22
446700,2,RISE 배터리 리사이클링,11095,2,440,4.13,11106.0,8.5583,3255,35,115,2026-10-06 03:01:22
430500,7,KIWOOM 물가채KIS,112965,2,15,0.01,112930.0,0.1374,148,16,113,2026-10-06 03:01:22
428560,4,KODEX 미국ETF산업Top10 Indxx,14955,2,5,0.03,14952.0,-7.5211,3029,45,112,2026-10-06 03:01:22
453660,4,KODEX 미국S&P500경기소비재,16000,2,60,0.38,16068.0,-18.7185,128,2,112,2026-10-06 03:01:22
266410,2,KODEX 필수소비재,9300,5,-100,-1.06,9304.0,1.6377,3391,31,112,2026-10-06 03:01:22
252650,1,KODEX 200동일가중,18570,2,80,0.43,18584.0,-1.5191,1246,23,111,2026-10-06 03:01:22
448490,6,HANARO 32-10 국고채액티브,53010,5,-45,-0.08,53003.0,0.0471,1022,54,111,2026-10-06 03:01:22
464610,2,SOL 의료기기소부장Fn,6950,2,20,0.29,6951.0,-17.4017,6443,44,111,2026-10-06 03:01:22
269370,4,TIGER S&P글로벌인프라(합성),15795,2,190,1.22,15753.0,-19.9723,130,2,111,2026-10-06 03:01:22
269530,4,PLUS S&P글로벌인프라,18410,2,230,1.27,18398.0,-19.9531,1118,20,110,2026-10-06 03:01:22
407820,2,에셋플러스 코리아플랫폼액티브,6125,2,20,0.33,6141.0,-13.6493,48236,295,110,2026-10-06 03:01:22
482030,2,KoAct 반도체&2차전지핵심소재액티브,10335,2,265,2.63,10347.0,6.2236,46997,481,109,2026-10-06 03:01:22
0000H0,2,KODEX 인도Nifty미드캡100,9415,2,15,0.16,9379.0,-19.5474,4898,46,108,2026-10-06 03:01:22
354240,7,RISE 미국고정배당우선증권,9815,5,-165,-1.65,9794.0,-17.5888,1341,13,108,2026-10-06 03:01:22
0216Z0,2,ACE K방산TOP5+,8985,5,-285,-3.07,9001.0,,111258,1040,108,2026-10-06 03:01:22
0227L0,4,HANARO 미국에이전틱AI TOP2+,10710,2,120,1.13,10696.0,,48018,513,107,2026-10-06 03:01:22
0219B0,2,KoAct 광통신&위성네트워크액티브,13380,2,215,1.63,13403.0,,237351,3198,107,2026-10-06 03:01:22
252000,1,TIGER 200동일가중,19405,2,60,0.31,19441.0,-0.6719,57,1,107,2026-10-06 03:01:22
419420,4,KODEX 미국클린에너지나스닥,8880,2,175,2.01,8855.0,-27.7794,2677,23,107,2026-10-06 03:01:22
410870,2,TIME K컬처액티브,8865,5,-30,-0.34,8886.0,-18.7301,1981,17,106,2026-10-06 03:01:22
385710,2,TIME K이노베이션액티브,10615,2,90,0.86,10670.0,-13.0166,784,8,106,2026-10-06 03:01:22
140570,2,RISE 수출주,26530,2,410,1.57,26557.0,-4.2171,196,5,106,2026-10-06 03:01:22
0002C0,4,에셋플러스 인도일등기업포커스20액티브,9825,2,25,0.26,9831.0,-7.5908,81,0,106,2026-10-06 03:01:22
438740,2,MIDAS 중소형액티브,35160,2,270,0.77,35098.0,-6.7238,2,0,105,2026-10-06 03:01:22
461580,1,TIGER 코스닥글로벌,17450,2,705,4.21,17453.0,-2.5321,8275,143,105,2026-10-06 03:01:22
0068M0,4,KODEX 미국S&P500버퍼6월액티브,11615,2,60,0.52,11618.0,-10.7723,2,0,105,2026-10-06 03:01:22
451150,4,에셋플러스 글로벌영에이지액티브,16815,5,-45,-0.27,16752.0,-15.8893,11,0,104,2026-10-06 03:01:22
0093B0,4,RISE 엔비디아고정테크100,12930,2,135,1.06,12950.0,-6.8048,606,7,103,2026-10-06 03:01:22
301400,1,PLUS 코스닥150,15855,2,555,3.63,15954.0,-1.6394,3589,56,103,2026-10-06 03:01:22
435040,4,ACE 글로벌브랜드TOP10,18675,2,175,0.95,18655.0,-11.6646,2698,50,103,2026-10-06 03:01:22
310080,4,RISE 중국MSCI China(H),8920,2,150,1.71,8926.0,0.2285,308,2,103,2026-10-06 03:01:22
237440,7,TIGER 경기방어채권혼합,10140,5,-30,-0.29,10151.0,0.2464,2201,22,101,2026-10-06 03:01:22
0113G0,4,KoAct 미국바이오헬스케어액티브,11220,2,105,0.94,11231.0,-7.375,11054,124,101,2026-10-06 03:01:22
0189Z0,2,DAISHIN 금융&지주고배당,10080,5,-40,-0.4,10131.0,2.316,1576,15,101,2026-10-06 03:01:22
0001P0,2,마이티 바이오시밀러&CDMO액티브,8995,2,20,0.22,8999.0,-8.4184,598,5,101,2026-10-06 03:01:22
463640,4,KODEX 미국S&P500유틸리티,12570,2,40,0.32,12503.0,-21.9263,1165,14,101,2026-10-06 03:01:22
0227K0,4,RISE 미국우주위성통신,10030,2,555,5.86,9997.0,,37685,377,100,2026-10-06 03:01:22
460270,6,KIWOOM 미국달러SOFR금리액티브(합성),12290,5,-50,-0.41,12279.0,-11.8887,127,1,100,2026-10-06 03:01:22
291130,4,ACE MSCI멕시코(합성),16550,2,455,2.83,16651.0,-19.08,552,9,99,2026-10-06 03:01:22
371870,4,ACE 차이나항셍테크,6070,2,55,0.91,6056.0,-18.7163,8587,52,97,2026-10-06 03:01:22
0224D0,4,KIWOOM 미국CPU반도체TOP4+,10735,5,-25,-0.23,10736.0,,24950,268,97,2026-10-06 03:01:22
429010,4,TIGER 미국나스닥넥스트100,19180,2,200,1.05,19067.0,-14.8307,56,1,96,2026-10-06 03:01:22
463690,4,KODEX 미국S&P500커뮤니케이션,17410,2,120,0.69,17384.0,-12.0852,3650,63,96,2026-10-06 03:01:22
0120J0,2,BNK 카카오그룹포커스,7630,2,20,0.26,7646.0,-3.7927,2322,17,95,2026-10-06 03:01:22
498050,2,HANARO 바이오코리아액티브,10020,2,145,1.47,10034.0,-21.5959,7311,73,95,2026-10-06 03:01:22
466810,2,BNK 2차전지양극재,6345,2,210,3.42,6374.0,10.2425,23460,147,95,2026-10-06 03:01:22
181480,7,ACE 미국부동산리츠(합성 H),78565,5,-185,-0.23,78321.0,-6.3127,18,1,94,2026-10-06 03:01:22
0219Z0,4,HANARO 미국S&P500액티브,10420,5,-5,-0.05,10429.0,,7715,80,94,2026-10-06 03:01:22
105010,4,TIGER 라틴35,6670,2,575,9.43,6626.0,-12.0151,25990,172,93,2026-10-06 03:01:22
230480,7,KIWOOM 미국달러선물인버스2X,4885,2,50,1.03,4887.0,31.3858,498,2,93,2026-10-06 03:01:22
0194N0,2,KIWOOM 삼성전자선물단일종목레버리지,11990,5,-420,-3.38,11994.0,-21.3652,12086,150,93,2026-10-06 03:01:22
0221Z0,2,ACE K바이오코스닥액티브,9775,2,185,1.93,9783.0,,7671,75,93,2026-10-06 03:01:22
381570,2,HANARO Fn친환경에너지,10900,2,205,1.92,10904.0,2.9355,2740,29,93,2026-10-06 03:01:22
0094L0,4,RISE 차이나테크TOP10위클리타겟커버드콜,6590,5,-5,-0.08,6532.0,-17.1312,3392,22,92,2026-10-06 03:01:22
117690,4,TIGER 차이나항셍30,18395,2,160,0.88,18400.0,-7.2011,5413,98,92,2026-10-06 03:01:22
0174R0,4,KIWOOM 미국성장다우존스,11475,2,145,1.28,11423.0,-7.5041,1072,12,92,2026-10-06 03:01:22
217780,4,TIGER 차이나CSI300인버스(합성),5905,5,-60,-1.01,5932.0,26.9148,207,1,92,2026-10-06 03:01:22
0216K0,7,KIWOOM 미국우주테크TOP2채권혼합50,9145,2,375,4.28,9147.0,,106632,973,91,2026-10-06 03:01:22
399580,4,RISE 글로벌클린에너지,9140,2,220,2.47,9132.0,-24.6972,3257,29,91,2026-10-06 03:01:22
341850,7,TIGER 리츠부동산인프라채권,4565,5,-10,-0.22,4576.0,4.4068,3387,15,91,2026-10-06 03:01:22
270800,2,RISE KQ고배당,16585,2,265,1.62,16582.0,4.6158,4780,79,91,2026-10-06 03:01:22
261110,7,TIGER 미국달러선물레버리지,15160,5,-145,-0.95,15156.0,-23.6278,3003,45,91,2026-10-06 03:01:22
0084D0,7,KIWOOM 미국테크100월간목표헤지액티브,11290,2,95,0.85,11271.0,-12.6511,24,0,90,2026-10-06 03:01:22
487910,4,ACE 인도컨슈머파워액티브,7505,2,20,0.27,7472.0,-18.8178,5649,42,90,2026-10-06 03:01:22
354350,4,HANARO 글로벌럭셔리S&P(합성),17275,5,-70,-0.4,17307.0,-21.3379,199,3,90,2026-10-06 03:01:22
0215T0,4,HANARO 미국AI광통신TOP10,9965,2,245,2.52,9940.0,,9821,97,90,2026-10-06 03:01:22
281990,2,RISE 중소형고배당,17925,2,45,0.25,17901.0,2.0437,328,5,90,2026-10-06 03:01:22
266390,2,KODEX 경기소비재,14805,2,140,0.95,14826.0,-10.9008,3775,56,89,2026-10-06 03:01:22
139240,2,TIGER 200 철강소재,10760,2,30,0.28,10772.0,8.8235,11409,123,88,2026-10-06 03:01:22
494180,4,TIME 글로벌소비트렌드액티브,12595,2,70,0.56,12641.0,-12.1977,95,1,88,2026-10-06 03:01:22
395150,2,KODEX 웹툰&드라마,1801,5,-14,-0.77,1801.0,2.4844,19958,36,86,2026-10-06 03:01:22
215620,2,HK S&P코리아로우볼,15995,3,0,0.0,16077.0,1.62,0,0,86,2026-10-06 03:01:22
456250,4,KODEX 유럽명품TOP10 STOXX,7510,5,-50,-0.66,7481.0,-23.8385,8826,66,86,2026-10-06 03:01:22
429980,7,SOL 한국형글로벌전기차&2차전지액티브,17230,2,290,1.71,17320.0,-16.3457,8394,144,86,2026-10-06 03:01:22
457930,2,BNK 미래전략기술액티브,28630,2,175,0.62,28578.0,-2.718,43,1,86,2026-10-06 03:01:22
174350,2,TIGER 로우볼,20435,5,-105,-0.51,20428.0,2.909,265,5,86,2026-10-06 03:01:22
0008E0,4,ACE 미국중심중소형제조업,11415,2,175,1.56,11476.0,-27.0841,1483,16,86,2026-10-06 03:01:22
497510,4,ACE 글로벌빅파마,12130,5,-170,-1.38,12127.0,-12.5952,750,9,85,2026-10-06 03:01:22
449680,7,TIGER 한중전기차(합성),9900,2,115,1.18,9949.0,-21.8139,14,0,84,2026-10-06 03:01:22
435540,7,KIWOOM TDF2040액티브 적격,16790,2,5,0.03,16759.0,-12.2163,289,4,84,2026-10-06 03:01:22
0184N0,7,PLUS 은채권혼합,8390,5,-80,-0.94,8437.0,-4.5634,15919,133,84,2026-10-06 03:01:22
0133E0,4,TIGER 차이나증권,7970,2,35,0.44,7999.0,-22.5854,1100,8,84,2026-10-06 03:01:22
395750,2,PLUS ESG가치주액티브,20920,2,205,0.99,20854.0,-10.5956,2,0,84,2026-10-06 03:01:22
0214M0,2,MIDAS 바이오헬스케어액티브,9795,2,120,1.24,9901.0,,5997,58,83,2026-10-06 03:01:22
0067Y0,4,TIGER 차이나AI소프트웨어,9200,2,210,2.34,9197.0,-28.8203,7820,71,83,2026-10-06 03:01:22
0226G0,2,WON 피지컬AI TOP2플러스액티브,12720,2,205,1.64,12704.0,,357,4,83,2026-10-06 03:01:22
0226D0,7,FOCUS 금융반도체지주채권혼합50액티브,10315,5,-5,-0.05,10350.0,,309,3,83,2026-10-06 03:01:22
0176P0,2,FOCUS AI반도체위클리고정커버드콜,14890,2,240,1.64,14895.0,0.054,21271,316,82,2026-10-06 03:01:22
182490,6,TIGER 단기선진하이일드(합성 H),13645,2,30,0.22,13608.0,-1.2333,90,1,82,2026-10-06 03:01:22
497520,4,ACE 일라이릴리밸류체인,12590,5,-140,-1.1,12592.0,-8.4502,16461,206,82,2026-10-06 03:01:22
375270,7,RISE 글로벌데이터센터리츠(합성),12570,2,20,0.16,12542.0,-20.4942,577,7,82,2026-10-06 03:01:22
462340,4,에셋플러스 글로벌다이나믹시니어액티브,16220,2,5,0.03,16276.0,-10.5627,167,2,81,2026-10-06 03:01:22
395280,2,HANARO Fn K-게임,3410,5,-90,-2.57,3418.0,-7.7734,134,0,80,2026-10-06 03:01:22
227550,2,TIGER 200 산업재,12430,5,-65,-0.52,12453.0,-0.6757,6107,76,80,2026-10-06 03:01:22
304670,6,KODEX 미국30년국채울트라선물인버스(H),13200,2,100,0.76,13200.0,10.1303,1278,16,79,2026-10-06 03:01:22
371150,4,RISE 차이나항셍테크,6030,2,50,0.84,6036.0,-19.141,710,4,78,2026-10-06 03:01:22
189400,4,PLUS 글로벌MSCI(합성 H),26075,2,495,1.94,25908.0,0.4713,63,1,78,2026-10-06 03:01:22
480460,7,WON 한국부동산TOP3플러스,9125,5,-25,-0.27,9137.0,1.6997,6190,56,78,2026-10-06 03:01:22
0218K0,2,BNK 스마트카,11070,2,265,2.45,11088.0,,211,2,77,2026-10-06 03:01:22
0138D0,2,RISE 동학개미,13725,2,270,2.01,13757.0,-5.7444,6855,94,75,2026-10-06 03:01:22
253280,2,RISE 헬스케어,12530,2,225,1.83,12555.0,-9.8865,779,9,75,2026-10-06 03:01:22
285690,2,FOCUS ESG리더스,21480,3,0,0.0,21705.0,-5.9751,0,0,75,2026-10-06 03:01:22
402460,2,HANARO Fn K-메타버스MZ,15010,2,405,2.77,15022.0,-7.4564,10,0,75,2026-10-06 03:01:22
227570,2,TIGER 우량가치,20735,5,-215,-1.03,20741.0,4.9599,239,4,75,2026-10-06 03:01:22
494210,4,SOL 미국500타겟데일리커버드콜액티브,10655,5,-10,-0.09,10622.0,-9.2713,2939,31,75,2026-10-06 03:01:22
435530,7,KIWOOM TDF2030액티브 적격,14880,5,-40,-0.27,14839.0,-11.8338,184,2,74,2026-10-06 03:01:22
272570,6,RISE 중장기국공채액티브,108130,5,-40,-0.04,108127.0,0.4363,2,0,74,2026-10-06 03:01:22
0172Y0,2,ACE K수출핵심TOP10산업액티브,9150,5,-40,-0.44,9160.0,-14.8286,1421,13,73,2026-10-06 03:01:22
488480,4,RISE 일본섹터TOP4Plus,13270,2,115,0.87,13220.0,-6.3801,712,9,73,2026-10-06 03:01:22
0005C0,6,RISE 미국S&P500엔화노출(합성 H),11215,2,125,1.13,11080.0,-8.385,405,4,73,2026-10-06 03:01:22
225800,7,KIWOOM 미국달러선물레버리지,14260,5,-130,-0.9,14256.0,-23.943,172,2,73,2026-10-06 03:01:22
0191B0,1,MIDAS 코스닥액티브,36095,2,1115,3.19,36149.0,3.5677,1341,48,72,2026-10-06 03:01:22
487920,4,ACE 인도시장대표BIG5그룹액티브,7125,2,35,0.49,7096.0,-20.4265,5408,38,71,2026-10-06 03:01:22
490330,4,KoAct 미국치매&뇌질환치료제액티브,12880,5,-55,-0.43,12950.0,-20.8385,8521,109,71,2026-10-06 03:01:22
315270,2,TIGER 200커뮤니케이션서비스,18600,5,-170,-0.91,18625.0,-5.5149,117,2,71,2026-10-06 03:01:22
437370,4,RISE 글로벌농업경제,10050,2,15,0.15,10076.0,-10.5545,2248,22,70,2026-10-06 03:01:22
225050,4,TIGER 유로스탁스레버리지(합성 H),15475,2,230,1.51,15604.0,-4.4201,95,1,70,2026-10-06 03:01:22
244670,2,KODEX 밸류Plus,11605,2,70,0.61,11597.0,-0.3671,23,0,70,2026-10-06 03:01:22
0094X0,4,1Q 샤오미밸류체인액티브,7710,2,95,1.25,7709.0,-15.61,2950,22,69,2026-10-06 03:01:22
400590,4,SOL 글로벌탄소배출권선물ICE(합성),13515,5,-290,-2.1,13467.0,-8.9681,652,8,68,2026-10-06 03:01:22
256450,4,PLUS 심천차이넥스트(합성),13415,5,-25,-0.19,13425.0,-31.8804,34,0,67,2026-10-06 03:01:22
0082F0,4,HANARO 유럽방산,9580,2,30,0.31,9540.0,-14.3498,47,0,67,2026-10-06 03:01:22
139660,7,KIWOOM 미국달러선물인버스,8635,2,75,0.88,8639.0,14.5917,494,4,66,2026-10-06 03:01:22
450180,7,KODEX 한중전기차(합성),10170,2,125,1.24,10233.0,-21.8592,25,0,66,2026-10-06 03:01:22
0036Z0,4,RISE 미국천연가스밸류체인,11905,2,60,0.51,11846.0,-9.0026,115,1,65,2026-10-06 03:01:22
139290,2,TIGER 200 경기소비재,23105,5,-15,-0.06,23101.0,-19.1185,506,11,65,2026-10-06 03:01:22
456200,6,PLUS 미국달러SOFR금리액티브(합성),58465,5,-270,-0.46,58460.0,-12.3424,51,2,64,2026-10-06 03:01:22
307510,2,TIGER 의료기기,12710,2,75,0.59,12718.0,-8.5529,669,8,64,2026-10-06 03:01:22
291630,3,KIWOOM 코스닥150선물레버리지,4370,2,300,7.37,4374.0,-15.2084,96217,415,63,2026-10-06 03:01:22
326230,2,RISE 내수주플러스,10900,2,40,0.37,10940.0,-6.6209,7,0,63,2026-10-06 03:01:22
138920,5,KODEX 콩선물(H),12555,5,-35,-0.28,12649.0,9.6689,760,9,63,2026-10-06 03:01:22
289670,6,PLUS 국채선물10년,52135,5,-105,-0.2,52147.0,0.1053,365,19,63,2026-10-06 03:01:22
368680,2,KODEX K-뉴딜디지털플러스,7785,2,125,1.63,7805.0,0.4652,26,0,62,2026-10-06 03:01:22
451670,6,RISE 국채30년레버리지(합성),12370,5,-145,-1.16,12346.0,-3.8787,37,0,62,2026-10-06 03:01:22
469530,3,RISE 미국달러선물인버스,9645,2,20,0.21,9676.0,14.994,7,0,62,2026-10-06 03:01:22
0047N0,4,PLUS 차이나AI테크TOP10,8745,2,45,0.52,8773.0,-18.8055,8969,78,61,2026-10-06 03:01:22
429740,7,PLUS K리츠,6050,2,40,0.67,6054.0,1.9042,4954,29,61,2026-10-06 03:01:22
483020,2,KIWOOM 의료AI,9185,5,-55,-0.6,9192.0,-4.5455,3829,35,60,2026-10-06 03:01:22
316300,7,ACE 싱가포르리츠,11920,2,5,0.04,11886.0,-15.5958,384,4,60,2026-10-06 03:01:22
267450,6,RISE 미국장기국채선물인버스(H),11890,2,190,1.62,11827.0,8.8878,18,0,59,2026-10-06 03:01:22
400580,4,SOL 유럽탄소배출권선물S&P(H),11835,5,-155,-1.29,11820.0,6.3414,188,2,59,2026-10-06 03:01:22
433250,1,UNICORN R&D 액티브,23660,5,-130,-0.55,23659.0,-9.5266,13,0,59,2026-10-06 03:01:22
0166T0,4,PLUS 글로벌저작권핵심기업액티브,9020,2,40,0.45,8985.0,-15.0828,19902,179,59,2026-10-06 03:01:22
314700,2,HANARO 농업융복합산업,10645,2,95,0.9,10672.0,-4.7242,4781,50,59,2026-10-06 03:01:22
0053M0,2,더제이 중소형포커스액티브,12910,2,70,0.55,12959.0,-11.3872,220,2,58,2026-10-06 03:01:22
0229F0,2,마이티 신약포커스바이오액티브,8850,2,190,2.19,8879.0,,4657,41,58,2026-10-06 03:01:22
0114X0,4,RISE 글로벌게임테크TOP3Plus,8790,2,70,0.8,8784.0,0.2298,1019,8,57,2026-10-06 03:01:22
250780,3,TIGER 코스닥150선물인버스,2150,5,-95,-4.23,2147.0,-6.4584,233486,504,57,2026-10-06 03:01:22
291890,4,KODEX MSCI EM선물(H),12470,2,125,1.01,12556.0,1.3963,46,0,56,2026-10-06 03:01:22
407300,2,HANARO Fn골프테마,10190,3,0,0.0,10227.0,-13.9929,0,0,56,2026-10-06 03:01:22
470310,2,UNICORN 생성형AI강소기업액티브,18680,2,300,1.63,18709.0,9.3396,251,4,56,2026-10-06 03:01:22
432600,6,RISE 국채선물3년,55380,5,-25,-0.05,55391.0,0.5991,1,0,55,2026-10-06 03:01:22
238670,7,PLUS 스마트베타Quality채권혼합,13645,2,30,0.22,13536.0,2.0997,3501,47,55,2026-10-06 03:01:22
401590,4,HANARO 글로벌탄소배출권선물ICE(합성),10700,5,-345,-3.12,10721.0,-9.393,384,4,55,2026-10-06 03:01:22
499150,4,SOL 미국S&P500엔화노출(H),10800,2,85,0.79,10679.0,-8.0852,338,3,54,2026-10-06 03:01:22
0087F0,4,ACE 차이나AI빅테크TOP2+액티브,10615,2,55,0.52,10586.0,-24.1107,729,7,53,2026-10-06 03:01:22
0174J0,7,DAISHIN 오피스리츠플러스,8775,2,100,1.15,8820.0,0.7498,5007,43,53,2026-10-06 03:01:22
390400,4,KODEX 미국스마트모빌리티S&P,6580,5,-10,-0.15,6576.0,-25.2255,1364,8,53,2026-10-06 03:01:22
220130,4,SOL 차이나강소기업CSI500(합성 H),6550,3,0,0.0,6593.0,-13.3598,11,0,52,2026-10-06 03:01:22
295000,6,RISE 국채선물10년,51430,5,-50,-0.1,51363.0,-0.2229,9,0,51,2026-10-06 03:01:22
0015E0,7,KIWOOM 엔비디아미국30년국채혼합액티브(H),10265,2,20,0.2,10305.0,-3.2043,329,3,51,2026-10-06 03:01:22
0184V0,2,UNICORN K바이오액티브,5665,2,140,2.53,5660.0,-24.5219,33140,188,51,2026-10-06 03:01:22
0102X0,4,ACE 유럽방산TOP10,8485,2,20,0.24,8488.0,-12.6789,270,2,51,2026-10-06 03:01:22
219900,4,ACE 중국본토CSI300레버리지(합성),3605,5,-80,-2.17,3587.0,-37.7008,2171,7,50,2026-10-06 03:01:22
0154H0,4,KoAct 차이나바이오헬스케어액티브,9120,2,235,2.64,9192.0,2.4207,23919,215,50,2026-10-06 03:01:22
483030,4,KIWOOM 미국블록버스터바이오테크의약품+,11075,5,-45,-0.4,11047.0,-11.6359,296,3,50,2026-10-06 03:01:22
413220,4,SOL 차이나태양광CSI(합성),4140,5,-20,-0.48,4160.0,-30.8396,3749,15,50,2026-10-06 03:01:22
227560,2,TIGER 200 생활소비재,12175,5,-85,-0.69,12203.0,-3.6451,425,5,49,2026-10-06 03:01:22
476310,4,RISE 글로벌비만산업TOP2+,8805,5,-115,-1.29,8897.0,-20.8241,1360,11,48,2026-10-06 03:01:22
0132D0,7,KoAct 글로벌K컬처밸류체인액티브,8800,5,-80,-0.9,8851.0,-10.3936,6073,53,48,2026-10-06 03:01:22
0015K0,4,TIGER 미국소비트렌드액티브,6840,2,70,1.03,6793.0,-13.2052,8,0,48,2026-10-06 03:01:22
411860,4,KIWOOM 독일DAX,15615,2,75,0.48,15575.0,-14.3694,548,8,47,2026-10-06 03:01:22
474390,6,SOL 국고채30년액티브,40940,5,-165,-0.4,40995.0,-0.6886,77,3,47,2026-10-06 03:01:22
267440,6,RISE 미국장기국채선물(H),7570,5,-75,-0.98,7597.0,-7.5016,957,7,45,2026-10-06 03:01:22
0073X0,5,FOCUS 알리바바미국채커버드콜혼합,8225,5,-50,-0.6,8243.0,-16.4109,82,0,45,2026-10-06 03:01:22
266550,2,PLUS 중형주저변동50,18060,2,90,0.5,17964.0,-4.1345,11,0,45,2026-10-06 03:01:22
391600,4,ACE 미국친환경그린테마,9900,2,205,2.11,9907.0,-24.845,79,0,45,2026-10-06 03:01:22
498610,4,RISE 인도디지털성장,7390,2,35,0.48,7395.0,-14.375,8272,61,44,2026-10-06 03:01:22
0078V0,4,PLUS 미국로보택시,8715,2,105,1.22,8684.0,-21.7629,56,0,44,2026-10-06 03:01:22
0128D0,4,PLUS 차이나항셍테크위클리타겟커버드콜,6145,2,70,1.15,6126.0,-18.4801,611,3,43,2026-10-06 03:01:22
277650,2,TIGER 코스피중형주,21475,2,195,0.92,21460.0,-1.7091,22,0,43,2026-10-06 03:01:22
205720,4,ACE 일본TOPIX인버스(합성 H),1422,5,-6,-0.42,1416.0,-4.4177,156,0,43,2026-10-06 03:01:22
0050E0,4,PLUS 미국AI에이전트,8385,5,-110,-1.29,8383.0,-3.3011,13418,112,42,2026-10-06 03:01:22
373790,4,KIWOOM 미국방어배당성장나스닥,14455,3,0,0.0,14457.0,-15.1884,267,3,40,2026-10-06 03:01:22
243890,2,TIGER 200에너지화학레버리지,8990,2,170,1.93,9020.0,-1.6723,15478,136,40,2026-10-06 03:01:22
291680,4,RISE 차이나H선물인버스(H),8070,5,-95,-1.16,8090.0,-4.503,10,0,40,2026-10-06 03:01:22
226380,2,ACE Fn성장소비주도주,5655,5,-45,-0.79,5663.0,-1.8088,814,4,40,2026-10-06 03:01:22
252420,3,RISE 200선물인버스2X,75,2,1,1.35,75.0,-14.9426,524032,38,39,2026-10-06 03:01:22
306530,3,HANARO 코스닥150선물레버리지,8755,2,715,8.89,8706.0,-13.8264,60270,519,39,2026-10-06 03:01:22
0131A0,4,SOL 차이나소비트렌드,6965,5,-10,-0.14,6978.0,-17.4068,10479,72,38,2026-10-06 03:01:22
244660,2,KODEX 퀄리티Plus,9255,2,70,0.76,9257.0,-1.1874,7,0,37,2026-10-06 03:01:22
225030,4,TIGER 미국S&P500선물인버스(H),2240,5,-25,-1.1,2234.0,-1.9481,2361,5,37,2026-10-06 03:01:22
334690,5,RISE 팔라듐선물(H),5250,5,-65,-1.22,5248.0,-5.3429,1288,6,37,2026-10-06 03:01:22
427120,2,RISE AI플랫폼,5475,2,150,2.82,5471.0,6.6066,1792,9,34,2026-10-06 03:01:22
321410,7,KODEX 멀티에셋하이인컴(H),10390,2,40,0.39,10411.0,-1.9869,3,0,31,2026-10-06 03:01:22
0079X0,4,ACE BYD밸류체인액티브,8895,2,30,0.34,8880.0,-22.7788,180,1,31,2026-10-06 03:01:22
267490,6,RISE 미국장기국채선물레버리지(합성 H),4435,2,5,0.11,4423.0,-15.9393,306,1,31,2026-10-06 03:01:22
280940,5,KODEX 골드선물인버스(H),3635,2,40,1.11,3641.0,-2.8379,1204,4,29,2026-10-06 03:01:22
476000,2,UNICORN 포스트IPO액티브,5275,2,100,1.93,5277.0,-21.5315,2310,12,29,2026-10-06 03:01:22
145670,3,ACE 인버스,1256,2,16,1.29,1258.0,-0.4816,8965,11,28,2026-10-06 03:01:22
491630,4,RISE 미국반도체인버스(합성 H),4675,5,-145,-3.01,4701.0,1.3669,797,3,27,2026-10-06 03:01:22
252410,3,RISE 200선물인버스,1277,2,14,1.11,1281.0,1.3643,7521,9,27,2026-10-06 03:01:22
334700,5,RISE 팔라듐선물인버스(H),3685,2,60,1.66,3692.0,-0.1378,177,0,24,2026-10-06 03:01:22
253230,3,KIWOOM 200선물인버스2X,71,2,2,2.9,71.0,-14.8149,152440,10,24,2026-10-06 03:01:22
280320,4,ACE 미국IT인터넷(합성 H),21940,2,350,1.62,22009.0,6.8283,820,17,22,2026-10-06 03:01:22
275750,3,RISE 코스닥150선물인버스,2170,5,-85,-3.77,2168.0,-7.0104,19286,42,21,2026-10-06 03:01:22
291620,3,KIWOOM 코스닥150선물인버스,3800,5,-140,-3.55,3803.0,-8.1586,14855,56,16,2026-10-06 03:01:22
253240,3,KIWOOM 200선물인버스,1271,2,16,1.27,1278.0,-1.2589,8994,11,14,2026-10-06 03:01:22
253160,3,PLUS 200선물인버스2X,145,2,4,2.84,144.0,-18.9656,196227,28,14,2026-10-06 03:01:22
306520,3,HANARO 200선물인버스,2315,2,30,1.31,2324.0,-0.4358,2833,6,14,2026-10-06 03:01:22
261920,4,ACE MSCI필리핀(합성),11240,2,155,1.4,11226.0,-20.6514,34,0,11,2026-10-06 03:01:22
412560,2,TIGER BBIG레버리지,1641,5,-4,-0.24,1653.0,-10.4031,2022,3,11,2026-10-06 03:01:22
465620,4,ACE 미국빅테크TOP7 Plus인버스(합성),6275,5,-195,-3.01,6285.0,1.5698,614,3,6,2026-10-06 03:01:22
