itemcode,etfTabCode,itemname,nowVal,risefall,changeVal,changeRate,nav,threeMonthEarnRate,quant,amonut,marketSum,collected_at
069500,1,KODEX 200,105015,5,-980,-0.92,105093.0,-13.8968,13115862,1356169,244002,2026-08-25 04:51:23
360750,4,TIGER 미국S&P500,26270,2,35,0.13,26238.0,-6.4088,25258820,662862,203001,2026-08-25 04:51:23
133690,4,TIGER 미국나스닥100,178205,2,320,0.18,177680.0,-10.0252,10375722,1845831,112626,2026-08-25 04:51:23
379800,4,KODEX 미국S&P500,23880,2,35,0.15,23850.0,-6.41,20416686,486969,100009,2026-08-25 04:51:23
102110,1,TIGER 200,105240,5,-975,-0.92,105317.0,-13.8289,8533548,884068,99241,2026-08-25 04:51:23
396500,2,TIGER 반도체TOP10,34340,5,-360,-1.04,34351.0,-27.7084,8802869,296729,92409,2026-08-25 04:51:23
379810,4,KODEX 미국나스닥100,26640,2,45,0.17,26564.0,-10.0174,61006993,1621663,91975,2026-08-25 04:51:23
488770,7,KODEX 머니마켓액티브,105325,2,5,0.0,105330.0,0.8522,314344,33108,82057,2026-08-25 04:51:23
278530,1,KODEX 200TR,38030,5,-350,-0.91,38062.0,-13.8883,613245,22940,75071,2026-08-25 04:51:23
459580,6,KODEX CD금리액티브(합성),1075620,2,85,0.01,1075797.0,0.7097,369864,397832,65972,2026-08-25 04:51:23
122630,3,KODEX 레버리지,102125,5,-1890,-1.82,102319.0,-39.3145,16905351,1673139,56782,2026-08-25 04:51:23
498400,2,KODEX 200타겟위클리커버드콜,19905,5,-190,-0.95,19925.0,-13.5434,3795653,74257,56311,2026-08-25 04:51:23
381180,4,TIGER 미국필라델피아반도체나스닥,41525,2,300,0.73,41117.0,-13.6058,1616558,66423,56308,2026-08-25 04:51:23
0167A0,2,SOL AI반도체TOP2플러스,16870,5,-80,-0.47,16884.0,-15.1652,12177751,200729,54600,2026-08-25 04:51:23
091160,2,KODEX 반도체,122155,5,-80,-0.07,122298.0,-21.3923,1402414,165806,54115,2026-08-25 04:51:23
229200,1,KODEX 코스닥150,14080,2,5,0.04,14118.0,-28.8423,18042228,249269,49020,2026-08-25 04:51:23
458730,4,TIGER 미국배당다우존스,15420,2,65,0.42,15415.0,-0.6516,1197963,18466,43608,2026-08-25 04:51:23
148020,1,RISE 200,105835,5,-900,-0.84,105882.0,-14.0309,1800327,187816,43498,2026-08-25 04:51:23
411060,5,ACE KRX금현물,28960,5,-105,-0.36,28881.0,-4.155,2325193,67910,42716,2026-08-25 04:51:23
310970,1,TIGER MSCI Korea TR,47030,5,-445,-0.94,46960.0,-12.9618,4405,203,42656,2026-08-25 04:51:23
0162Z0,7,RISE 삼성전자SK하이닉스채권혼합50,13165,5,-140,-1.05,13170.0,-2.3585,5773791,75275,40430,2026-08-25 04:51:23
360200,4,ACE 미국S&P500,26555,2,35,0.13,26525.0,-6.4273,298540,7915,39408,2026-08-25 04:51:23
395160,2,KODEX AI반도체TOP2플러스,37865,5,-585,-1.52,37870.0,-10.373,3277443,121363,38660,2026-08-25 04:51:23
381170,4,TIGER 미국테크TOP10 INDXX,30205,2,5,0.02,30122.0,-13.665,212699,6407,37288,2026-08-25 04:51:23
423160,6,KODEX KOFR금리액티브(합성),110860,3,0,0.0,110856.0,0.6749,46128,5113,35777,2026-08-25 04:51:23
357870,6,TIGER CD금리투자KIS(합성),57955,2,5,0.01,57952.0,0.73,121572,7045,35518,2026-08-25 04:51:23
367380,4,ACE 미국나스닥100,30645,2,60,0.2,30542.0,-10.0435,258093,7886,34016,2026-08-25 04:51:23
395270,2,HANARO Fn K-반도체,53805,5,-815,-1.49,53846.0,-11.8393,699706,36817,33951,2026-08-25 04:51:23
233740,3,KODEX 코스닥150레버리지,6995,5,-15,-0.21,7034.0,-56.5541,78543191,525761,33667,2026-08-25 04:51:23
273130,6,KODEX 종합채권(AA-이상)액티브,109725,2,85,0.08,109721.0,-1.0157,7115,780,33619,2026-08-25 04:51:23
0043B0,6,TIGER 머니마켓액티브,103452,2,12,0.01,103454.0,0.8678,78868,8159,32919,2026-08-25 04:51:23
102780,2,KODEX 삼성그룹,25390,2,15,0.06,25394.0,-10.3199,306830,7640,32829,2026-08-25 04:51:23
455890,6,RISE 머니마켓액티브,55437,2,2,0.0,55441.0,0.8092,102309,5671,30281,2026-08-25 04:51:23
487240,2,KODEX AI전력핵심설비,33600,3,0,0.0,33636.0,-38.9976,2093206,68525,29568,2026-08-25 04:51:23
139260,2,TIGER 200 IT,131225,5,-2045,-1.53,131295.0,-13.7113,192484,24680,26297,2026-08-25 04:51:23
481050,6,KODEX CD1년금리플러스액티브(합성),1023765,2,95,0.01,1023762.0,0.7577,13311,13627,25673,2026-08-25 04:51:23
449170,6,TIGER KOFR금리액티브(합성),111675,3,0,0.0,111680.0,0.6534,48748,5444,24369,2026-08-25 04:51:23
426030,4,TIME 미국나스닥100액티브,44610,2,240,0.54,44141.0,-19.765,589042,26006,24116,2026-08-25 04:51:23
161510,2,PLUS 고배당주,25175,2,395,1.59,25182.0,-7.9789,413958,10327,24032,2026-08-25 04:51:23
472150,2,TIGER 배당커버드콜액티브,20100,5,-190,-0.94,20100.0,-12.3541,4083263,80740,23579,2026-08-25 04:51:23
486290,4,TIGER 미국나스닥100타겟데일리커버드콜,10505,2,15,0.14,10474.0,-10.3409,1528963,16014,23279,2026-08-25 04:51:23
278540,1,KODEX MSCI Korea TR,37460,5,-320,-0.85,37383.0,-13.1994,12385,454,22963,2026-08-25 04:51:23
0193T0,2,KODEX SK하이닉스단일종목레버리지,9455,5,-460,-4.64,9475.0,,28530971,257016,21912,2026-08-25 04:51:23
456600,4,TIME 글로벌AI인공지능액티브,56335,2,70,0.12,56015.0,-13.3719,189817,10588,20754,2026-08-25 04:51:23
284430,6,KODEX 200미국채혼합50,20630,5,-75,-0.36,20635.0,-10.1965,856249,17488,20151,2026-08-25 04:51:23
292150,2,TIGER 코리아TOP10,37060,5,-405,-1.08,37083.0,-12.4543,231457,8449,19975,2026-08-25 04:51:23
385540,6,RISE 종합채권(A-이상)액티브,102795,2,55,0.05,102796.0,-0.8493,416,42,19051,2026-08-25 04:51:23
214980,6,KODEX 단기채권PLUS,114560,5,-5,0.0,114583.0,0.6349,22669,2597,18365,2026-08-25 04:51:23
294400,1,KIWOOM 200TR,137825,5,-1340,-0.96,137965.0,-13.8618,514855,69874,17573,2026-08-25 04:51:23
105190,1,ACE 200,105310,5,-925,-0.87,105324.0,-14.114,281531,29100,17113,2026-08-25 04:51:23
441640,4,KODEX 미국배당커버드콜액티브,12760,2,55,0.43,12760.0,-3.2021,515023,6563,16875,2026-08-25 04:51:23
442580,4,PLUS 글로벌HBM반도체,97675,5,-565,-0.58,96763.0,-5.5521,550246,52961,16810,2026-08-25 04:51:23
477080,6,RISE CD금리액티브(합성),107395,2,10,0.01,107395.0,0.6938,7964,855,16660,2026-08-25 04:51:23
305720,2,KODEX 2차전지산업,14335,5,-225,-1.55,14356.0,-25.9975,1592487,22687,16600,2026-08-25 04:51:23
329200,2,TIGER 리츠부동산인프라,4120,2,5,0.12,4111.0,-1.6014,1466633,6026,15528,2026-08-25 04:51:23
368590,4,RISE 미국나스닥100,29730,2,50,0.17,29631.0,-9.9514,91494,2711,15281,2026-08-25 04:51:23
446770,4,ACE 글로벌반도체TOP4 Plus,75110,5,-570,-0.75,74778.0,-11.3288,45713,3393,15172,2026-08-25 04:51:23
453850,6,ACE 미국30년국채액티브(H),7170,3,0,0.0,7175.0,-1.1914,625940,4487,15064,2026-08-25 04:51:23
0177N0,7,KODEX 삼성전자SK하이닉스채권혼합50,13905,5,-155,-1.1,13909.0,-2.252,4334213,59710,15045,2026-08-25 04:51:23
379780,4,RISE 미국S&P500,22965,2,35,0.15,22936.0,-6.388,81612,1871,14744,2026-08-25 04:51:23
466920,2,SOL 조선TOP3플러스,27615,2,485,1.79,27639.0,-29.4776,643730,17511,14677,2026-08-25 04:51:23
152100,1,PLUS 200,106585,5,-1030,-0.96,106656.0,-14.0646,513620,53835,14549,2026-08-25 04:51:23
475630,7,TIGER CD1년금리액티브(합성),1075270,2,85,0.01,1075266.0,0.759,26634,28638,14492,2026-08-25 04:51:23
487230,4,KODEX 미국AI전력핵심인프라,19185,2,160,0.84,18997.0,-28.2479,368095,7010,14485,2026-08-25 04:51:23
0193W0,2,KODEX 삼성전자단일종목레버리지,11275,5,-430,-3.67,11286.0,,8208281,89545,14443,2026-08-25 04:51:23
436140,6,SOL 종합채권(AA-이상)액티브,106075,2,90,0.08,106073.0,-0.8282,10,1,13625,2026-08-25 04:51:23
232080,1,TIGER 코스닥150,14355,5,-15,-0.1,14397.0,-28.7909,4844555,68139,13370,2026-08-25 04:51:23
0195S0,2,TIGER SK하이닉스단일종목레버리지,8005,5,-395,-4.7,8024.0,,14935157,113949,13362,2026-08-25 04:51:23
226490,1,KODEX 코스피,68400,5,-540,-0.78,68412.0,-14.1457,180450,12130,13167,2026-08-25 04:51:23
091230,2,TIGER 반도체,129340,2,640,0.5,129279.0,-20.9859,90254,11361,13089,2026-08-25 04:51:23
0072R0,5,TIGER KRX금현물,13845,5,-35,-0.25,13802.0,-4.3089,1777199,24773,12814,2026-08-25 04:51:23
157450,6,TIGER 단기통안채,112480,2,10,0.01,112485.0,0.6127,14012,1576,12650,2026-08-25 04:51:23
448330,1,KODEX 삼성전자채권혼합,17240,5,-80,-0.46,17228.0,-0.738,599798,10292,12602,2026-08-25 04:51:23
390390,4,KODEX 미국반도체,51900,2,120,0.23,51444.0,-12.2468,560235,28892,12430,2026-08-25 04:51:23
438080,7,ACE 미국S&P500미국채혼합50액티브,14065,2,25,0.18,14051.0,-7.3574,335410,4711,12279,2026-08-25 04:51:23
0183J0,4,TIGER 미국우주테크,7790,5,-180,-2.26,7741.0,-45.6159,793815,6136,11408,2026-08-25 04:51:23
0139F0,6,TIGER 12월자동연장금융채(AA-이상)액티브,102075,2,25,0.02,102070.0,0.6956,35,3,10797,2026-08-25 04:51:23
469150,2,ACE AI반도체TOP3+,55650,2,95,0.17,55734.0,-24.2553,269183,14580,10768,2026-08-25 04:51:23
445290,2,KODEX 로봇액티브,30880,2,65,0.21,30882.0,-24.1651,278010,8420,10762,2026-08-25 04:51:23
446720,4,SOL 미국배당다우존스,14135,2,60,0.43,14129.0,-0.5358,227315,3210,10644,2026-08-25 04:51:23
497570,4,TIGER 미국필라델피아AI반도체나스닥,20970,2,15,0.07,20813.0,-10.8762,429619,8944,10600,2026-08-25 04:51:23
465580,4,ACE 미국빅테크TOP7 Plus,23895,2,115,0.48,23836.0,-9.4785,257511,6129,10562,2026-08-25 04:51:23
494890,1,KODEX 200액티브,30335,5,-250,-0.82,30295.0,-13.9445,156584,4658,10466,2026-08-25 04:51:23
449450,2,PLUS K방산,52970,5,-85,-0.16,53024.0,-26.2972,142347,7494,10324,2026-08-25 04:51:23
479520,6,RISE KOFR금리액티브(합성),106305,2,20,0.02,106304.0,0.6439,4369,464,10319,2026-08-25 04:51:23
356540,6,ACE 종합채권(AA-이상)액티브,101075,3,0,0.0,101115.0,-0.7512,82,8,10298,2026-08-25 04:51:23
451540,6,TIGER 종합채권(AA-이상)액티브,52750,2,70,0.13,52751.0,-0.9868,2769,145,10207,2026-08-25 04:51:23
449180,4,KODEX 미국S&P500(H),17095,2,5,0.03,17079.0,2.2757,416677,7117,10163,2026-08-25 04:51:23
469830,6,SOL 초단기채권액티브,54335,3,0,0.0,54340.0,0.8257,102157,5550,10094,2026-08-25 04:51:23
455850,2,SOL AI반도체소부장,23560,2,805,3.54,23625.0,-28.9018,801493,18381,9954,2026-08-25 04:51:23
402970,4,ACE 미국배당다우존스,15660,2,65,0.42,15664.0,-0.5431,210920,3300,9819,2026-08-25 04:51:23
494300,4,KODEX 미국나스닥100데일리커버드콜OTM,9075,2,5,0.06,9042.0,-13.2935,1137108,10277,9792,2026-08-25 04:51:23
295040,1,SOL 200TR,39510,5,-240,-0.6,39410.0,-13.9797,146009,5663,9719,2026-08-25 04:51:23
479080,6,1Q 머니마켓액티브,53725,3,0,0.0,53726.0,0.8446,17511,940,9697,2026-08-25 04:51:23
315930,2,KODEX Top5PlusTR,79475,5,-340,-0.43,79486.0,-12.0642,14557,1145,9616,2026-08-25 04:51:23
237350,1,KODEX 코스피100,83975,5,-920,-1.08,83891.0,-13.3343,125221,10310,9573,2026-08-25 04:51:23
495050,1,RISE 코리아밸류업,31680,5,-160,-0.5,31663.0,-13.1011,46817,1459,9425,2026-08-25 04:51:23
494310,2,KODEX 반도체레버리지,71740,2,150,0.21,72086.0,-53.3069,2882462,195535,9398,2026-08-25 04:51:23
0117V0,2,TIGER 코리아AI전력기기TOP3플러스,17495,5,-85,-0.48,17525.0,-37.1822,1141637,19532,9316,2026-08-25 04:51:23
438100,7,ACE 미국나스닥100미국채혼합50액티브,15135,2,20,0.13,15119.0,-8.9458,196492,2966,9293,2026-08-25 04:51:23
0117L0,6,KODEX 26-12 금융채(AA-이상)액티브,10152,5,-3,-0.03,10150.0,0.6442,4789,48,9221,2026-08-25 04:51:23
305540,2,TIGER 2차전지테마,18135,5,-365,-1.97,18159.0,-24.3818,157139,2826,9022,2026-08-25 04:51:23
487340,6,ACE 머니마켓액티브,105782,2,7,0.01,105786.0,0.8485,22257,2354,8673,2026-08-25 04:51:23
0195R0,2,TIGER 삼성전자단일종목레버리지,10275,5,-385,-3.61,10274.0,,8273987,82925,8659,2026-08-25 04:51:23
498410,2,KODEX 금융고배당TOP10타겟위클리커버드콜,11670,2,175,1.52,11669.0,-3.3661,883625,10265,8216,2026-08-25 04:51:23
0048J0,6,KODEX 미국머니마켓액티브,13835,2,10,0.07,13838.0,-7.9754,207808,2873,8138,2026-08-25 04:51:23
153130,6,KODEX 단기채권,113240,2,30,0.03,113239.0,0.6023,25564,2894,8131,2026-08-25 04:51:23
475720,3,RISE 200위클리커버드콜,12560,5,-130,-1.02,12568.0,-12.2127,649587,8065,8126,2026-08-25 04:51:23
144600,5,KODEX 은선물(H),11015,5,-215,-1.91,11014.0,-10.5892,632269,7072,8096,2026-08-25 04:51:23
114800,3,KODEX 인버스,1051,2,11,1.06,1050.0,-2.5305,816753999,870499,7960,2026-08-25 04:51:23
476550,6,TIGER 미국30년국채커버드콜액티브(H),6850,2,15,0.22,6851.0,-1.6315,486970,3335,7816,2026-08-25 04:51:23
466940,2,TIGER 은행고배당플러스TOP10,25950,2,575,2.27,25965.0,-0.1095,334699,8624,7811,2026-08-25 04:51:23
0025N0,7,TIGER TDF2045 적격,12020,2,20,0.17,12013.0,-5.1759,143736,1725,7783,2026-08-25 04:51:23
0177R0,2,TIGER 반도체TOP10커버드콜액티브,10745,5,-145,-1.33,10747.0,-18.301,1228008,12890,7758,2026-08-25 04:51:23
441800,1,TIME Korea플러스배당액티브,28240,5,-30,-0.11,28273.0,-18.3265,115271,3208,7743,2026-08-25 04:51:23
481060,6,KODEX 미국30년국채타겟커버드콜(합성 H),7425,2,10,0.13,7461.0,-0.8736,418720,3108,7659,2026-08-25 04:51:23
457480,4,ACE 테슬라밸류체인액티브,18435,5,-575,-3.02,18361.0,-22.645,308110,5685,7595,2026-08-25 04:51:23
490590,4,RISE 미국AI밸류체인데일리고정커버드콜,13995,2,90,0.65,13913.0,-11.1369,958141,13319,7578,2026-08-25 04:51:23
252670,3,KODEX 200선물인버스2X,81,2,1,1.25,81.0,-21.5687,7522862094,627543,7548,2026-08-25 04:51:23
371460,4,TIGER 차이나전기차SOLACTIVE,10325,5,-85,-0.82,10375.0,-25.9865,161896,1676,7484,2026-08-25 04:51:23
272580,6,TIGER 단기채권액티브,57055,3,0,0.0,57060.0,0.6438,12325,703,7341,2026-08-25 04:51:23
069660,1,KIWOOM 200,105000,5,-875,-0.83,105042.0,-13.9583,253068,26139,7193,2026-08-25 04:51:23
458760,4,TIGER 미국배당다우존스타겟커버드콜2호,11330,2,50,0.44,11346.0,0.0446,130278,1475,7183,2026-08-25 04:51:23
0061Z0,6,RISE 단기특수은행채액티브,50965,2,5,0.01,50965.0,0.7114,5004,255,7179,2026-08-25 04:51:23
102970,2,KODEX 증권,18330,2,435,2.43,18353.0,-35.4182,589823,10554,7103,2026-08-25 04:51:23
462330,2,KODEX 2차전지산업레버리지,996,5,-39,-3.77,1000.0,-52.7398,53563639,52550,6997,2026-08-25 04:51:23
138540,2,TIGER 현대차그룹플러스,52575,2,1370,2.68,52637.0,-27.2347,215337,11023,6866,2026-08-25 04:51:23
456610,6,TIGER 미국달러SOFR금리액티브(합성),60020,2,100,0.17,60011.0,-8.0065,27817,1667,6812,2026-08-25 04:51:23
0127P0,4,ACE 미국대형성장주액티브,10450,5,-35,-0.33,10420.0,-9.5607,129883,1357,6772,2026-08-25 04:51:23
495850,1,KODEX 코리아밸류업,31440,5,-160,-0.51,31454.0,-13.3006,73880,2292,6681,2026-08-25 04:51:23
364980,2,TIGER 2차전지TOP10,10030,5,-75,-0.74,10041.0,-21.8485,1717596,17151,6675,2026-08-25 04:51:23
434730,2,HANARO 원자력iSelect,56340,2,2110,3.89,56477.0,-33.2801,160626,8801,6648,2026-08-25 04:51:23
385560,6,RISE KIS국고채30년Enhanced,51145,2,435,0.86,51101.0,-10.2875,11759,598,6561,2026-08-25 04:51:23
367760,2,RISE 네트워크인프라,56030,2,280,0.5,56080.0,-17.4808,170393,9322,6556,2026-08-25 04:51:23
0167B0,2,SOL 200타겟위클리커버드콜,11590,5,-150,-1.28,11572.0,-13.4505,788309,9007,6525,2026-08-25 04:51:23
314250,4,KODEX 미국빅테크10(H),61320,2,120,0.2,61127.0,4.3978,22103,1350,6512,2026-08-25 04:51:23
482730,4,TIGER 미국S&P500타겟데일리커버드콜,11885,2,25,0.21,11867.0,-6.6015,243624,2889,6465,2026-08-25 04:51:23
290130,2,RISE ESG사회책임투자,45660,5,-600,-1.3,45599.0,-12.717,51085,2296,6438,2026-08-25 04:51:23
0219E0,2,KODEX 200커버드콜액티브,8280,5,-110,-1.31,8272.0,,4158811,33910,6425,2026-08-25 04:51:23
434060,7,KODEX TDF2050액티브 적격,16730,5,-80,-0.48,16717.0,-8.6088,81584,1365,6274,2026-08-25 04:51:23
329750,6,TIGER 미국달러단기채권액티브,13065,2,15,0.11,13066.0,-8.131,107234,1399,6245,2026-08-25 04:51:23
418660,4,TIGER 미국나스닥100레버리지(합성),39185,2,105,0.27,38895.0,-21.0027,149372,5813,6230,2026-08-25 04:51:23
0148J0,2,TIGER 코리아휴머노이드로봇산업,9090,2,65,0.72,9104.0,-32.2448,3146514,28146,6172,2026-08-25 04:51:23
491010,4,TIGER 글로벌AI전력인프라액티브,24305,2,20,0.08,24101.0,-27.6263,47292,1141,6137,2026-08-25 04:51:23
489250,4,KODEX 미국배당다우존스,13245,2,45,0.34,13256.0,-0.4908,277189,3670,6106,2026-08-25 04:51:23
484790,6,KODEX 미국30년국채액티브(H),8275,2,10,0.12,8274.0,-0.9827,331320,2740,5996,2026-08-25 04:51:23
251600,7,PLUS 고배당주채권혼합,15460,2,150,0.98,15451.0,-3.2716,140896,2164,5968,2026-08-25 04:51:23
0015B0,4,KoAct 미국나스닥성장기업액티브,17785,5,-5,-0.03,17633.0,-24.4266,468923,8259,5860,2026-08-25 04:51:23
0101N0,2,RISE AI전력인프라,18565,2,165,0.9,18588.0,-32.2159,227302,4084,5848,2026-08-25 04:51:23
494670,2,TIGER 조선TOP10,21905,2,360,1.67,21933.0,-28.5999,322195,6940,5641,2026-08-25 04:51:23
371160,4,TIGER 차이나항셍테크,6905,5,-30,-0.43,6902.0,-14.2092,279219,1933,5638,2026-08-25 04:51:23
277630,1,TIGER 코스피,69490,5,-410,-0.59,69424.0,-14.2045,29004,1982,5594,2026-08-25 04:51:23
477050,6,PLUS 머니마켓액티브,53487,2,12,0.02,53487.0,0.8201,6220,332,5594,2026-08-25 04:51:23
0091P0,2,TIGER 코리아원자력,16590,2,1505,9.98,16623.0,-33.2523,4253214,67837,5591,2026-08-25 04:51:23
449190,4,KODEX 미국나스닥100(H),21915,2,20,0.09,21843.0,-1.7189,87603,1915,5588,2026-08-25 04:51:23
0019K0,7,TIME 미국나스닥100채권혼합50액티브,13085,2,50,0.38,13033.0,-8.8143,290450,3784,5574,2026-08-25 04:51:23
423920,4,TIGER 미국필라델피아반도체레버리지(합성),79160,5,-60,-0.08,77581.0,-33.082,67502,5209,5565,2026-08-25 04:51:23
466950,4,TIGER 글로벌AI액티브,29655,3,0,0.0,29431.0,-22.3488,39855,1172,5557,2026-08-25 04:51:23
0007F0,6,KODEX 27-12 회사채(AA-이상)액티브,10185,2,5,0.05,10185.0,0.4935,55522,565,5512,2026-08-25 04:51:23
488080,3,TIGER 반도체TOP10레버리지,30895,5,-595,-1.89,30985.0,-61.1954,5806384,172268,5484,2026-08-25 04:51:23
396520,4,TIGER 차이나반도체FACTSET,13240,2,55,0.42,13218.0,-19.1105,782513,10299,5465,2026-08-25 04:51:23
491620,4,RISE 미국테크100데일리고정커버드콜,10570,2,35,0.33,10532.0,-8.8533,313410,3298,5417,2026-08-25 04:51:23
455030,6,KODEX 미국달러SOFR금리액티브(합성),11910,2,40,0.34,11892.0,-8.2574,89473,1064,5408,2026-08-25 04:51:23
438330,6,TIGER 우량회사채액티브,115585,2,5,0.0,115644.0,0.776,1341,154,5374,2026-08-25 04:51:23
0105E0,2,SOL 코리아고배당,12935,2,110,0.86,12942.0,-6.5984,251582,3229,5368,2026-08-25 04:51:23
365780,6,ACE 국고채10년,82440,5,-5,-0.01,82403.0,-0.3204,3960,326,5274,2026-08-25 04:51:23
0190C0,2,RISE 현대차고정피지컬AI,8640,2,65,0.76,8644.0,-29.3658,774465,6572,5206,2026-08-25 04:51:23
463250,2,TIGER K방산&우주,34155,5,-30,-0.09,34162.0,-25.4417,139445,4741,5157,2026-08-25 04:51:23
462010,2,TIGER 2차전지소재Fn,4750,5,-120,-2.46,4749.0,-34.3224,2222777,10482,5140,2026-08-25 04:51:23
114260,6,KODEX 국고채3년,61830,5,-5,-0.01,61809.0,0.8645,7895,488,5122,2026-08-25 04:51:23
496080,1,TIGER 코리아밸류업,31590,5,-55,-0.17,31539.0,-13.1803,137628,4284,5086,2026-08-25 04:51:23
444200,2,SOL 코리아메가테크액티브,44630,5,-280,-0.62,44649.0,-21.6573,44467,1957,5043,2026-08-25 04:51:23
251350,4,KODEX MSCI선진국,39190,2,55,0.14,39156.0,-5.5666,20841,816,5016,2026-08-25 04:51:23
315960,2,RISE 대형고배당10TR,75885,5,-460,-0.6,75845.0,-14.6745,43262,3239,5008,2026-08-25 04:51:23
435420,7,TIGER 미국나스닥100채권혼합50,13965,2,5,0.04,13942.0,-4.6633,209131,2917,4930,2026-08-25 04:51:23
476800,7,KODEX 한국부동산리츠인프라,4245,2,20,0.47,4272.0,-5.097,339846,1437,4865,2026-08-25 04:51:23
499660,7,TIGER CD금리플러스액티브(합성),1002245,2,80,0.01,1002244.0,0.7574,12364,12391,4797,2026-08-25 04:51:23
361580,1,RISE 200TR,59800,5,-480,-0.8,59732.0,-14.0086,89329,5254,4784,2026-08-25 04:51:23
490490,7,SOL 미국배당미국채혼합50,11265,2,70,0.63,11248.0,-4.7606,111984,1258,4776,2026-08-25 04:51:23
471230,6,KODEX 국고채10년액티브,103810,3,0,0.0,103803.0,-0.3887,2792,289,4685,2026-08-25 04:51:23
243880,2,TIGER 200IT레버리지,304000,5,-10750,-3.42,304203.0,-45.2047,113636,32875,4636,2026-08-25 04:51:23
448290,4,TIGER 미국S&P500(H),17725,2,5,0.03,17708.0,2.0757,92410,1637,4582,2026-08-25 04:51:23
483280,4,KODEX 미국AI테크TOP10타겟커버드콜,11530,2,35,0.3,11480.0,-13.4266,150456,1727,4554,2026-08-25 04:51:23
0163Y0,1,KoAct 코스닥액티브,8800,2,165,1.91,8816.0,-34.6576,284588,2424,4532,2026-08-25 04:51:23
473290,6,KODEX 26-12 회사채(AA-이상)액티브,10872,5,-8,-0.07,10876.0,0.6663,3807,41,4511,2026-08-25 04:51:23
451000,6,PLUS 종합채권(AA-이상)액티브,107110,2,195,0.18,107086.0,-1.0184,19,2,4510,2026-08-25 04:51:23
447770,7,TIGER 테슬라채권혼합Fn,13710,5,-110,-0.8,13707.0,-5.8786,97466,1334,4373,2026-08-25 04:51:23
293180,1,HANARO 200,105390,5,-850,-0.8,105374.0,-13.9081,74749,7750,4321,2026-08-25 04:51:23
0016X0,6,SOL 중단기회사채(A-이상)액티브,51465,3,0,0.0,51458.0,0.8623,102,5,4250,2026-08-25 04:51:23
451060,1,1Q 200액티브,33685,5,-320,-0.94,33660.0,-14.2769,60823,2013,4244,2026-08-25 04:51:23
148070,6,KIWOOM 국고채10년,104485,2,20,0.02,104431.0,-0.3102,3325,347,4232,2026-08-25 04:51:23
474220,4,TIGER 미국테크TOP10타겟커버드콜,14685,2,40,0.27,14646.0,-11.3205,74719,1094,4134,2026-08-25 04:51:23
091180,2,KODEX 자동차,29165,2,200,0.69,29209.0,-23.464,117696,3394,4127,2026-08-25 04:51:23
480260,6,TIGER 27-04회사채(A+이상)액티브,53785,3,0,0.0,53788.0,0.6361,13393,720,4052,2026-08-25 04:51:23
0023A0,4,SOL 미국양자컴퓨팅TOP10,24135,5,-630,-2.54,23915.0,-32.0763,80924,1940,4043,2026-08-25 04:51:23
0060H0,1,TIGER 토탈월드스탁액티브,12690,5,-25,-0.2,12705.0,-6.2088,57121,724,3934,2026-08-25 04:51:23
0162M0,6,KODEX 금융채1~2년(AA-이상)PLUS액티브,10070,2,5,0.05,10066.0,0.65,14365,144,3931,2026-08-25 04:51:23
241180,4,TIGER 일본니케이225,34490,2,80,0.23,34452.0,-5.4671,10954,374,3925,2026-08-25 04:51:23
426020,4,TIME 미국S&P500액티브,31600,2,180,0.57,31525.0,-10.3823,30774,968,3906,2026-08-25 04:51:23
385720,1,TIME 코스피액티브,24830,5,-145,-0.58,24853.0,-16.4017,33099,807,3849,2026-08-25 04:51:23
471990,2,KODEX AI반도체핵심장비,23340,2,935,4.17,23372.0,-27.352,964121,21786,3839,2026-08-25 04:51:23
458250,6,TIGER 미국30년국채스트립액티브(합성 H),34355,5,-10,-0.03,34375.0,-3.3606,36768,1264,3835,2026-08-25 04:51:23
462900,2,KoAct 바이오헬스케어액티브,14375,5,-455,-3.07,14395.0,-22.2339,781701,11083,3795,2026-08-25 04:51:23
0173Y0,4,KODEX 미국AI광통신네트워크,10705,5,-35,-0.33,10556.0,-29.973,413321,4357,3790,2026-08-25 04:51:23
469070,2,RISE AI&로봇,11250,2,15,0.13,11253.0,-28.2338,272882,3016,3763,2026-08-25 04:51:23
439870,6,KODEX 국고채30년액티브,86425,2,690,0.8,86426.0,-8.2951,4824,415,3747,2026-08-25 04:51:23
0131V0,4,1Q 미국우주항공테크,11525,5,-175,-1.5,11485.0,-22.2334,50132,574,3740,2026-08-25 04:51:23
496020,6,WON 전단채플러스액티브,52430,2,15,0.03,52429.0,0.8853,1807,94,3714,2026-08-25 04:51:23
484880,2,SOL 금융지주플러스고배당,22080,2,495,2.29,22081.0,-0.1964,292058,6388,3709,2026-08-25 04:51:23
132030,5,KODEX 골드선물(H),25970,5,-90,-0.35,25976.0,1.7968,506370,13226,3688,2026-08-25 04:51:23
439860,6,KODEX ESG종합채권(A-이상)액티브,113615,2,85,0.07,113654.0,0.4245,394,44,3658,2026-08-25 04:51:23
0040Y0,7,SOL 팔란티어커버드콜OTM채권혼합,8215,2,5,0.06,8202.0,-0.5564,217494,1783,3590,2026-08-25 04:51:23
0167Z0,4,KODEX 미국우주항공,7870,5,-230,-2.84,7814.0,-38.94,345822,2703,3581,2026-08-25 04:51:23
476760,6,ACE 미국30년국채액티브,8950,2,10,0.11,8958.0,-9.8397,366389,3276,3580,2026-08-25 04:51:23
310960,1,TIGER 200TR,61400,5,-665,-1.07,61408.0,-13.7987,49110,2965,3500,2026-08-25 04:51:23
0080G0,2,KODEX 방산TOP10,10370,3,0,0.0,10374.0,-24.6474,1305399,13468,3474,2026-08-25 04:51:23
0046A0,6,TIGER 미국초단기(3개월이하)국채,9575,2,10,0.1,9579.0,-8.3287,340030,3253,3465,2026-08-25 04:51:23
448300,4,TIGER 미국나스닥100(H),22625,2,25,0.11,22556.0,-1.7516,47256,1066,3462,2026-08-25 04:51:23
453810,4,KODEX 인도Nifty50,11725,5,-20,-0.17,11755.0,-7.0263,69813,817,3459,2026-08-25 04:51:23
0043Y0,4,TIME 차이나AI테크액티브,19510,2,85,0.44,19585.0,-15.8909,158622,3063,3453,2026-08-25 04:51:23
0144L0,4,KODEX 미국성장커버드콜액티브,9540,2,45,0.47,9497.0,-10.3033,113508,1078,3444,2026-08-25 04:51:23
385550,6,RISE 단기채권알파액티브,114055,5,-10,-0.01,114070.0,0.684,580,66,3443,2026-08-25 04:51:23
279530,2,KODEX 고배당주,17545,2,210,1.21,17564.0,-5.0103,101151,1762,3421,2026-08-25 04:51:23
0052D0,2,TIGER 코리아배당다우존스,15420,2,130,0.85,15438.0,-7.6934,107463,1651,3408,2026-08-25 04:51:23
302450,1,RISE 코스피,69115,5,-385,-0.55,68958.0,-14.7071,13061,891,3387,2026-08-25 04:51:23
0026S0,4,1Q 미국S&P500,12855,2,15,0.12,12836.0,-6.4106,54817,703,3368,2026-08-25 04:51:23
442570,7,RISE TDF2050액티브 적격,17370,5,-55,-0.32,17237.0,-5.8891,89381,1546,3352,2026-08-25 04:51:23
456880,7,ACE 미국달러SOFR금리(합성),12150,2,25,0.21,12148.0,-8.144,17467,211,3351,2026-08-25 04:51:23
472170,7,TIGER 미국테크TOP10채권혼합,13770,2,25,0.18,13741.0,-6.6554,28918,397,3325,2026-08-25 04:51:23
474590,2,WON 반도체밸류체인액티브,41995,2,210,0.5,41821.0,-13.9519,42736,1733,3318,2026-08-25 04:51:23
0182R0,2,1Q K반도체TOP2+,10025,5,-165,-1.62,10029.0,-27.1363,2247223,22003,3268,2026-08-25 04:51:23
448630,7,RISE 삼성그룹Top3채권혼합,15275,5,-30,-0.2,15239.0,-0.0653,124057,1881,3254,2026-08-25 04:51:23
0052S0,7,1Q 미국S&P500미국채혼합50액티브,11575,2,25,0.22,11562.0,-7.4298,75283,870,3229,2026-08-25 04:51:23
0119H0,6,KODEX 28-12 회사채(AA-이상)액티브,9930,3,0,0.0,9926.0,0.6079,8633,85,3216,2026-08-25 04:51:23
270810,1,RISE 코스닥150,14020,5,-10,-0.07,14051.0,-28.6369,187457,2592,3202,2026-08-25 04:51:23
385510,2,KODEX 신재생에너지액티브,37740,2,520,1.4,37831.0,-31.4612,52631,1938,3170,2026-08-25 04:51:23
489030,2,PLUS 고배당주위클리커버드콜,6570,2,85,1.31,6576.0,-9.8286,317260,2072,3035,2026-08-25 04:51:23
0111P0,7,1Q 미국나스닥100미국채혼합50액티브,10740,2,20,0.19,10725.0,-9.1756,122702,1314,3029,2026-08-25 04:51:23
0008S0,4,TIGER 미국배당다우존스타겟데일리커버드콜,10230,2,50,0.49,10229.0,-0.7346,209393,2139,2977,2026-08-25 04:51:23
0210A0,2,ACE K반도체TOP2+,6845,5,-70,-1.01,6843.0,,1904602,12665,2967,2026-08-25 04:51:23
136340,6,RISE 중기우량회사채,104285,2,35,0.03,104290.0,0.6449,4223,440,2953,2026-08-25 04:51:23
190620,6,ACE 단기통안채,101950,2,10,0.01,101946.0,0.6466,44914,4578,2951,2026-08-25 04:51:23
485540,4,KODEX 미국AI테크TOP10,14765,5,-5,-0.03,14707.0,-13.4343,217028,3197,2946,2026-08-25 04:51:23
433330,4,SOL 미국S&P500,21955,2,35,0.16,21930.0,-6.4418,29215,640,2942,2026-08-25 04:51:23
0228G0,2,ACE 반도체Plus전략산업,10050,2,45,0.45,10066.0,,797633,7916,2915,2026-08-25 04:51:23
454780,6,KIWOOM 종합채권(AA-이상)액티브,99350,2,105,0.11,99415.0,-1.1751,25,2,2896,2026-08-25 04:51:23
475080,7,KODEX 테슬라커버드콜채권혼합액티브,7910,5,-45,-0.57,7917.0,-5.4793,64178,506,2883,2026-08-25 04:51:23
453870,4,TIGER 인도니프티50,11550,5,-20,-0.17,11522.0,-7.132,57290,662,2882,2026-08-25 04:51:23
475300,2,SOL 반도체전공정,21045,2,635,3.11,21074.0,-20.1175,966104,19736,2873,2026-08-25 04:51:23
461490,7,RISE 글로벌자산배분액티브,14775,5,-10,-0.07,14782.0,-2.7303,45904,678,2844,2026-08-25 04:51:23
483320,4,ACE 엔비디아밸류체인액티브,23525,5,-110,-0.47,23357.0,-13.5516,1078961,25081,2835,2026-08-25 04:51:23
441680,7,TIGER 미국나스닥100커버드콜(합성),10720,5,-35,-0.33,10780.0,-4.5236,56305,602,2819,2026-08-25 04:51:23
473330,6,SOL 미국30년국채커버드콜(합성),8050,2,25,0.31,8070.0,-10.0482,178725,1436,2809,2026-08-25 04:51:23
273140,6,KODEX 단기변동금리부채권액티브,114610,2,15,0.01,114610.0,0.6124,6757,774,2805,2026-08-25 04:51:23
0038A0,4,KODEX 미국휴머노이드로봇,14720,5,-90,-0.61,14645.0,-19.7614,99654,1457,2797,2026-08-25 04:51:23
091170,2,KODEX 은행,15890,2,290,1.86,15906.0,2.7146,534396,8452,2789,2026-08-25 04:51:23
481190,4,SOL 미국테크TOP10,16395,5,-5,-0.03,16353.0,-13.4337,51091,835,2779,2026-08-25 04:51:23
0094K0,6,TIGER 28-04 회사채(A+이상)액티브,99650,2,15,0.02,99617.0,0.8349,1929,192,2775,2026-08-25 04:51:23
364970,2,TIGER 바이오TOP10,7605,5,-145,-1.87,7614.0,1.043,532780,4026,2757,2026-08-25 04:51:23
307520,2,TIGER 지주회사,21615,2,215,1.0,21645.0,-17.6254,969878,20596,2734,2026-08-25 04:51:23
0098F0,2,KODEX 원자력SMR,15525,2,1135,7.89,15571.0,-30.567,1124272,16775,2701,2026-08-25 04:51:23
497880,6,SOL CD금리&머니마켓액티브,50155,2,5,0.01,50153.0,0.8423,70166,3519,2675,2026-08-25 04:51:23
213610,2,KODEX 삼성그룹밸류,21890,2,10,0.05,21894.0,-8.7573,5073,109,2605,2026-08-25 04:51:23
471780,2,TIGER 코리아테크액티브,33970,2,270,0.8,33933.0,-20.0095,163064,5372,2602,2026-08-25 04:51:23
196230,6,RISE 단기통안채,116860,2,5,0.0,116886.0,0.5896,2179,254,2580,2026-08-25 04:51:23
0162Y0,1,TIME 코스닥액티브,7325,2,125,1.74,7341.0,-37.6624,302505,2142,2560,2026-08-25 04:51:23
228790,2,TIGER 화장품,4825,2,75,1.58,4828.0,28.3783,8563769,40977,2556,2026-08-25 04:51:23
0053L0,4,TIGER 차이나휴머노이드로봇,9530,5,-20,-0.21,9526.0,-32.4686,914065,8705,2535,2026-08-25 04:51:23
472920,6,HK 종합채권(AA-이상)액티브,97950,2,245,0.25,97922.0,-0.9831,1,0,2526,2026-08-25 04:51:23
409820,4,KODEX 미국나스닥100레버리지(합성 H),19520,2,95,0.49,19365.0,-5.4745,35709,692,2518,2026-08-25 04:51:23
471040,4,KoAct 글로벌AI&로봇액티브,27575,5,-25,-0.09,27374.0,-22.9158,25368,692,2509,2026-08-25 04:51:23
283580,4,KODEX 차이나CSI300,15070,5,-50,-0.33,15107.0,-12.2657,60423,911,2509,2026-08-25 04:51:23
423170,4,SOL 글로벌AI반도체탑픽액티브,55345,5,-555,-0.99,55145.0,-10.0998,11188,608,2502,2026-08-25 04:51:23
478150,4,TIME 글로벌우주테크&방산액티브,19680,5,-90,-0.46,19624.0,-17.0026,79714,1568,2499,2026-08-25 04:51:23
139230,2,TIGER 200 중공업,12730,2,290,2.33,12745.0,-31.6206,89067,1104,2493,2026-08-25 04:51:23
421320,2,PLUS 우주항공,26890,2,45,0.17,26899.0,-42.4607,38556,1023,2487,2026-08-25 04:51:23
123320,3,TIGER 레버리지,102890,5,-2035,-1.94,102888.0,-38.6942,118800,11763,2469,2026-08-25 04:51:23
495230,1,KoAct 코리아밸류업액티브,30330,5,-90,-0.3,30364.0,-17.2256,26819,798,2442,2026-08-25 04:51:23
483340,4,ACE 구글밸류체인액티브,21425,2,20,0.09,21295.0,-18.6122,111901,2379,2421,2026-08-25 04:51:23
245710,4,ACE 베트남VN30(합성),28760,2,155,0.54,29134.0,-10.8601,14911,428,2416,2026-08-25 04:51:23
0183V0,7,KIWOOM 삼성전자&SK하이닉스채권혼합50,11550,5,-110,-0.94,11555.0,-2.2286,505666,5777,2414,2026-08-25 04:51:23
261260,7,KODEX 미국달러선물인버스2X,5325,5,-15,-0.28,5330.0,19.463,73756,393,2399,2026-08-25 04:51:23
363570,6,KODEX 장기종합채권(AA-이상)액티브,86075,2,200,0.23,86106.0,-3.0209,372,32,2350,2026-08-25 04:51:23
493810,4,TIGER 미국AI빅테크10타겟데일리커버드콜,11190,2,30,0.27,11162.0,-11.9646,106120,1184,2339,2026-08-25 04:51:23
329650,7,KODEX TRF3070,14080,2,5,0.04,14114.0,-2.5547,17106,240,2323,2026-08-25 04:51:23
452360,4,SOL 미국배당다우존스(H),13795,2,70,0.51,13772.0,8.7397,210794,2908,2318,2026-08-25 04:51:23
388420,2,RISE 비메모리반도체액티브,25905,2,170,0.66,25893.0,-26.8646,65785,1678,2311,2026-08-25 04:51:23
448540,7,ACE 엔비디아채권혼합,26115,5,-175,-0.67,26046.0,-3.1141,12139,316,2298,2026-08-25 04:51:23
157500,2,TIGER 증권,12470,2,275,2.26,12486.0,-34.7446,286928,3486,2294,2026-08-25 04:51:23
0182S0,7,1Q K반도체TOP2채권혼합50,12200,5,-125,-1.01,12202.0,-3.6734,234381,2825,2294,2026-08-25 04:51:23
437080,6,KODEX 미국종합채권ESG액티브(H),97175,2,50,0.05,97089.0,-0.4871,6996,679,2288,2026-08-25 04:51:23
472160,4,TIGER 미국테크TOP10 INDXX(H),18380,5,-15,-0.08,18329.0,-5.7875,42432,778,2288,2026-08-25 04:51:23
363580,2,KODEX 200IT TR,53080,5,-865,-1.6,53106.0,-11.9769,47547,2472,2282,2026-08-25 04:51:23
0092C0,6,SOL 27-12 회사채(AA-이상)액티브,50255,2,5,0.01,50253.0,0.7417,103,5,2282,2026-08-25 04:51:23
488980,6,SOL 26-12 회사채(AA-이상)액티브,52095,3,0,0.0,52094.0,0.7055,79,4,2265,2026-08-25 04:51:23
458260,6,TIGER 미국투자등급회사채액티브(H),46390,2,10,0.02,46412.0,-1.0243,1069,49,2245,2026-08-25 04:51:23
442320,4,RISE 글로벌원자력,35490,2,775,2.23,35440.0,-24.9166,26012,915,2232,2026-08-25 04:51:23
486450,4,SOL 미국AI전력인프라,19455,2,50,0.26,19254.0,-22.9655,24272,469,2208,2026-08-25 04:51:23
0089D0,2,KODEX 금융고배당TOP10,13105,2,180,1.39,13120.0,-2.3013,204093,2660,2202,2026-08-25 04:51:23
463050,2,TIME K바이오액티브,12985,5,-365,-2.73,12996.0,-18.2987,175424,2252,2194,2026-08-25 04:51:23
244580,2,KODEX 바이오,8465,5,-265,-3.04,8478.0,-22.2618,458511,3820,2194,2026-08-25 04:51:23
466930,2,SOL 자동차TOP3플러스,26560,2,230,0.87,26575.0,-20.2846,132126,3453,2178,2026-08-25 04:51:23
305080,6,TIGER 미국채10년선물,12300,2,10,0.08,12298.0,-9.2989,46993,577,2177,2026-08-25 04:51:23
498270,4,KIWOOM 미국양자컴퓨팅,14520,5,-215,-1.46,14418.0,-15.8588,31169,449,2171,2026-08-25 04:51:23
0204D0,2,KODEX 현대차로보틱스밸류체인TOP3플러스,6660,2,90,1.37,6657.0,,575804,3786,2168,2026-08-25 04:51:23
0094M0,2,RISE 코리아밸류업위클리고정커버드콜,17520,5,-60,-0.34,17501.0,-10.3773,266870,4616,2146,2026-08-25 04:51:23
0104N0,2,TIGER 200타겟위클리커버드콜,20290,5,-295,-1.43,20298.0,-13.4452,49518,992,2110,2026-08-25 04:51:23
422420,2,RISE 2차전지액티브,6520,5,-80,-1.21,6523.0,-33.8022,61392,395,2098,2026-08-25 04:51:23
414780,4,TIGER 차이나과창판STAR50(합성),13450,2,70,0.52,13491.0,-18.4147,191787,2564,2091,2026-08-25 04:51:23
433500,2,ACE 원자력TOP10,54735,2,4450,8.85,54887.0,-36.4848,70841,3748,2080,2026-08-25 04:51:23
490090,4,TIGER 미국AI빅테크10,15585,2,15,0.1,15546.0,-11.2062,33666,523,2065,2026-08-25 04:51:23
266160,2,RISE 고배당,32280,5,-15,-0.05,32188.0,-10.6353,10848,344,2050,2026-08-25 04:51:23
394670,4,TIGER 글로벌리튬&2차전지SOLACTIVE(합성),11540,5,-195,-1.66,11646.0,-17.1842,5647,65,2045,2026-08-25 04:51:23
495060,1,TIME 코리아밸류업액티브,27850,5,-165,-0.59,27875.0,-19.4393,27488,752,2033,2026-08-25 04:51:23
332930,1,HANARO 200TR,138300,5,-585,-0.42,137959.0,-14.0431,63,8,2005,2026-08-25 04:51:23
0115D0,2,KODEX 조선TOP10,7710,2,150,1.98,7719.0,-28.443,1796779,13601,1989,2026-08-25 04:51:23
267770,3,TIGER 200선물레버리지,78185,5,-1465,-1.84,78307.0,-39.3051,150338,11358,1955,2026-08-25 04:51:23
0047A0,4,TIGER 차이나테크TOP10,12890,2,190,1.5,12833.0,-15.6707,41908,536,1953,2026-08-25 04:51:23
0005A0,4,KODEX 미국S&P500데일리커버드콜OTM,9515,2,30,0.32,9484.0,-7.2634,149995,1423,1951,2026-08-25 04:51:23
0151S0,4,KODEX 미국AI반도체TOP3플러스,14285,5,-130,-0.9,14166.0,-15.8885,90482,1278,1950,2026-08-25 04:51:23
302190,6,TIGER 중장기국채,50065,2,25,0.05,50060.0,0.1501,2070,103,1943,2026-08-25 04:51:23
429000,4,TIGER 미국S&P500배당귀족,13835,2,110,0.8,13808.0,0.3128,49683,686,1930,2026-08-25 04:51:23
0192Z0,6,TIGER 중기종합채권(A-이상)액티브,100930,2,60,0.06,100923.0,0.7843,1,0,1928,2026-08-25 04:51:23
0091C0,6,KODEX 미국10년국채액티브(H),9575,5,-5,-0.05,9578.0,-0.3644,95438,913,1906,2026-08-25 04:51:23
0069M0,4,1Q 미국나스닥100,13335,2,15,0.11,13295.0,-10.0284,41321,549,1894,2026-08-25 04:51:23
480040,4,ACE 미국반도체데일리타겟커버드콜(합성),14290,2,45,0.32,14131.0,-19.3255,160307,2255,1886,2026-08-25 04:51:23
433980,7,KODEX TDF2040액티브 적격,15840,5,-50,-0.31,15796.0,-4.1636,24174,382,1885,2026-08-25 04:51:23
495550,1,SOL 코리아밸류업TR,32155,5,-180,-0.56,32168.0,-13.311,5396,171,1881,2026-08-25 04:51:23
117700,2,KODEX 건설,6635,2,400,6.42,6657.0,-25.8678,2410804,15499,1878,2026-08-25 04:51:23
486830,6,HANARO 머니마켓액티브,53260,2,10,0.02,53259.0,0.814,4792,255,1869,2026-08-25 04:51:23
0082V0,7,KODEX TDF2060액티브 적격,11250,5,-5,-0.04,11190.0,-8.4366,62461,701,1851,2026-08-25 04:51:23
483290,4,KODEX 미국배당다우존스타겟커버드콜,10645,2,65,0.61,10643.0,-0.4727,202516,2154,1831,2026-08-25 04:51:23
463290,6,1Q 단기금융채액티브,109205,2,10,0.01,109202.0,0.7659,3055,333,1807,2026-08-25 04:51:23
122090,1,PLUS 코스피50,79260,5,-480,-0.6,78939.0,-13.2481,8690,673,1783,2026-08-25 04:51:23
473460,4,KODEX 미국서학개미,22955,5,-200,-0.86,22805.0,-16.0308,17132,391,1768,2026-08-25 04:51:23
0099L0,6,ACE 우량회사채(AA-이상)액티브,99650,2,15,0.02,99660.0,0.9166,18693,1862,1748,2026-08-25 04:51:23
0040X0,7,SOL 팔란티어미국채커버드콜혼합,9582,2,2,0.02,9587.0,0.0965,90925,868,1744,2026-08-25 04:51:23
494330,2,ACE 라이프자산주주가치액티브,32495,5,-405,-1.23,32477.0,4.877,9128,292,1738,2026-08-25 04:51:23
233160,3,TIGER 코스닥150 레버리지,7765,5,-5,-0.06,7772.0,-56.6769,1891971,13990,1708,2026-08-25 04:51:23
490600,4,RISE 미국배당100데일리고정커버드콜,9325,2,60,0.65,9323.0,0.3191,137287,1278,1706,2026-08-25 04:51:23
461950,2,KODEX 2차전지핵심소재10,4870,5,-130,-2.6,4866.0,-32.1141,1036242,5008,1700,2026-08-25 04:51:23
200250,4,KIWOOM 인도Nifty50(합성),21480,5,-25,-0.12,21557.0,-7.3061,6180,132,1697,2026-08-25 04:51:23
0093A0,2,RISE AI반도체TOP10,30785,2,650,2.16,30788.0,-23.076,38831,1146,1693,2026-08-25 04:51:23
412570,2,TIGER 2차전지TOP10레버리지,1199,5,-11,-0.91,1201.0,-47.8449,5467495,6473,1692,2026-08-25 04:51:23
0005G0,2,IBK K-AI반도체코어테크,48710,2,415,0.86,48472.0,-15.5458,13444,624,1680,2026-08-25 04:51:23
480020,4,ACE 미국빅테크7+데일리타겟커버드콜(합성),10230,2,50,0.49,10196.0,-17.7671,87289,889,1678,2026-08-25 04:51:23
472870,6,RISE 미국30년국채엔화노출(합성 H),6915,2,5,0.07,6941.0,-10.7752,168765,1164,1677,2026-08-25 04:51:23
160580,5,TIGER 구리실물,16270,2,120,0.74,16404.0,-5.4727,39640,647,1660,2026-08-25 04:51:23
0051G0,4,SOL 미국원자력SMR,13460,5,-185,-1.36,13418.0,-16.5189,35531,477,1649,2026-08-25 04:51:23
0190G0,2,KODEX 반도체타겟위클리커버드콜,8540,2,5,0.06,8550.0,-21.1623,290519,2403,1648,2026-08-25 04:51:23
0064K0,5,KODEX 금액티브,13410,5,-40,-0.3,13411.0,-6.2718,440720,5961,1648,2026-08-25 04:51:23
403790,1,MIDAS 코스피액티브,56130,2,10,0.02,56082.0,-13.4018,1328,73,1642,2026-08-25 04:51:23
237370,7,KODEX 코리아배당성장채권혼합,15675,2,25,0.16,15700.0,-2.8703,36740,573,1630,2026-08-25 04:51:23
332500,1,ACE 200TR,70875,5,-460,-0.64,70693.0,-14.0025,58803,4085,1630,2026-08-25 04:51:23
480030,4,ACE 미국500데일리타겟커버드콜(합성),9945,2,30,0.3,9909.0,-8.1872,71883,712,1591,2026-08-25 04:51:23
494220,2,UNICORN SK하이닉스밸류체인액티브,44820,2,205,0.46,44843.0,-18.0474,55827,2421,1591,2026-08-25 04:51:23
143860,2,TIGER 헬스케어,38965,5,-910,-2.28,38956.0,-10.0801,23196,893,1582,2026-08-25 04:51:23
337160,2,KODEX 200ESG,46300,5,-555,-1.18,46257.0,-10.759,8990,410,1574,2026-08-25 04:51:23
272560,6,RISE 단기국공채액티브,114820,2,5,0.0,114831.0,0.6398,2645,303,1574,2026-08-25 04:51:23
491610,6,1Q CD금리액티브(합성),104785,2,5,0.0,104782.0,0.7064,2456,257,1554,2026-08-25 04:51:23
464240,6,KIWOOM 26-09회사채(AA-이상)액티브,52375,5,-10,-0.02,52387.0,0.6335,1340,70,1545,2026-08-25 04:51:23
354500,1,ACE 코스닥150,14250,2,10,0.07,14265.0,-28.55,84984,1178,1525,2026-08-25 04:51:23
0180V0,4,ACE 미국우주테크액티브,8030,5,-130,-1.59,7952.0,-39.2632,156947,1249,1510,2026-08-25 04:51:23
491820,2,HANARO 전력설비투자,40275,5,-55,-0.14,40257.0,-38.792,47076,1848,1490,2026-08-25 04:51:23
0127M0,4,ACE 미국대형가치주액티브,12410,3,0,0.0,12378.0,1.3368,11116,137,1489,2026-08-25 04:51:23
219480,4,KODEX 미국S&P500선물(H),33060,2,40,0.12,33066.0,2.0237,2942,97,1488,2026-08-25 04:51:23
458210,7,KIWOOM CD금리액티브(합성),110525,2,10,0.01,110513.0,0.7016,2603,287,1484,2026-08-25 04:51:23
0153K0,2,KODEX 주주환원고배당주,12040,2,120,1.01,12045.0,-2.7508,95496,1143,1481,2026-08-25 04:51:23
0048K0,4,KODEX 차이나휴머노이드로봇,8290,2,25,0.3,8290.0,-32.7307,670880,5544,1442,2026-08-25 04:51:23
451530,6,TIGER 국고채30년스트립액티브,34220,2,380,1.12,34094.0,-16.1131,13064,444,1441,2026-08-25 04:51:23
245340,4,TIGER 미국다우존스30,36010,2,210,0.59,35981.0,-3.2747,16141,580,1440,2026-08-25 04:51:23
152870,1,파워 200,106365,5,-560,-0.52,106071.0,-13.7713,12503,1305,1436,2026-08-25 04:51:23
0104H0,7,KoAct 미국나스닥채권혼합50액티브,11545,5,-15,-0.13,11518.0,-12.0913,68853,792,1432,2026-08-25 04:51:23
138520,2,TIGER 삼성그룹,35590,5,-200,-0.56,35540.0,-8.7456,14247,499,1431,2026-08-25 04:51:23
0151P0,2,RISE 코리아전략산업액티브,14160,5,-115,-0.81,14138.0,-24.7561,111143,1535,1430,2026-08-25 04:51:23
457990,2,PLUS 태양광&ESS,37320,2,350,0.95,37407.0,-21.6987,165005,6021,1418,2026-08-25 04:51:23
0005D0,2,SOL 전고체배터리&실리콘음극재,14110,5,-290,-2.01,14114.0,-37.3232,406261,5660,1397,2026-08-25 04:51:23
0041E0,4,KODEX 미국S&P500액티브,15985,5,-55,-0.34,15927.0,-10.6541,159924,2546,1391,2026-08-25 04:51:23
0131W0,6,1Q 단기특수은행채액티브,102062,2,2,0.0,102063.0,0.6906,564,57,1375,2026-08-25 04:51:23
481180,4,SOL 미국AI소프트웨어,15745,5,-220,-1.38,15714.0,10.2174,36611,575,1370,2026-08-25 04:51:23
495330,1,1Q 코리아밸류업,31420,5,-85,-0.27,31314.0,-13.1253,2244,69,1351,2026-08-25 04:51:23
271050,5,KODEX WTI원유선물인버스(H),1980,3,0,0.0,1983.0,4.1009,637324,1261,1345,2026-08-25 04:51:23
0184L0,6,PLUS 중기종합채권(A-이상)액티브,100585,2,30,0.03,100586.0,0.706,19,1,1343,2026-08-25 04:51:23
304660,6,KODEX 미국30년국채울트라선물(H),7270,2,15,0.21,7279.0,-1.0907,11973,86,1338,2026-08-25 04:51:23
476450,6,KIWOOM 머니마켓액티브,52735,2,5,0.01,52743.0,0.7451,313,16,1337,2026-08-25 04:51:23
0168K0,2,TIGER 기술이전바이오액티브,6410,5,-190,-2.88,6409.0,-22.4898,930766,5891,1328,2026-08-25 04:51:23
0199C0,2,ACE 고배당주Plus커버드콜액티브,9250,2,75,0.82,9253.0,,475190,4332,1314,2026-08-25 04:51:23
0074K0,2,KoAct K수출핵심기업TOP30액티브,16970,2,135,0.8,16983.0,-21.6248,35945,599,1298,2026-08-25 04:51:23
192090,4,TIGER 차이나CSI300,12305,5,-45,-0.36,12343.0,-13.2725,17610,216,1298,2026-08-25 04:51:23
461500,6,HANARO 종합채권(AA-이상)액티브,104750,5,-5,0.0,104861.0,-0.7814,45,4,1297,2026-08-25 04:51:23
182480,7,TIGER 미국MSCI리츠(합성 H),13930,2,70,0.51,14123.0,1.3281,9057,126,1295,2026-08-25 04:51:23
476030,4,SOL 미국나스닥100,16895,2,25,0.15,16841.0,-9.802,39009,656,1292,2026-08-25 04:51:23
139220,2,TIGER 200 건설,7530,2,360,5.02,7548.0,-24.6057,369224,2691,1285,2026-08-25 04:51:23
448100,1,WON 200,108565,5,-740,-0.68,108159.0,-13.8606,1736,185,1276,2026-08-25 04:51:23
488720,7,WON 종합채권(AA-이상)액티브,48590,2,70,0.14,48576.0,-0.8278,1152,55,1271,2026-08-25 04:51:23
0193G0,1,KoAct 코스피액티브,8185,5,-45,-0.55,8177.0,-17.8233,238538,1927,1265,2026-08-25 04:51:23
471760,2,TIGER AI반도체핵심공정,13830,2,395,2.94,13838.0,-36.836,256472,3427,1259,2026-08-25 04:51:23
498180,6,파워 종합채권(AA-이상)액티브,93100,2,55,0.06,93182.0,-0.9211,2,0,1254,2026-08-25 04:51:23
325010,2,KODEX 성장주,41690,5,-155,-0.37,41648.0,-15.6351,1651,67,1251,2026-08-25 04:51:23
463680,4,KODEX 미국S&P500테크놀로지,21630,5,-45,-0.21,21518.0,-7.6405,11672,251,1244,2026-08-25 04:51:23
447620,7,SOL 미국TOP5채권혼합50,15700,2,15,0.1,15726.0,-4.6215,22507,352,1240,2026-08-25 04:51:23
0092B0,2,SOL 한국원자력SMR,15235,2,1165,8.28,15248.0,-32.1601,338017,4967,1234,2026-08-25 04:51:23
0000Y0,6,HK 26-12 회사채(AA-이상)액티브,101790,5,-25,-0.02,101810.0,0.6723,13,1,1232,2026-08-25 04:51:23
0123G0,4,TIGER 미국AI전력SMR,6310,5,-70,-1.1,6256.0,-25.814,43586,274,1230,2026-08-25 04:51:23
114820,6,TIGER 국채3년,105085,5,-35,-0.03,105124.0,0.7668,2513,264,1229,2026-08-25 04:51:23
411420,4,KODEX 미국나스닥AI테크액티브,25800,2,165,0.64,25674.0,-15.5308,78752,2025,1213,2026-08-25 04:51:23
0191W0,6,HANARO 중기종합채권(A-이상)액티브,100905,3,0,0.0,100905.0,0.8193,0,0,1211,2026-08-25 04:51:23
319640,4,TIGER 골드선물(H),27220,5,-140,-0.51,27223.0,1.3708,27047,743,1198,2026-08-25 04:51:23
367770,2,RISE 수소경제테마,22740,2,240,1.07,22754.0,-26.8769,67303,1499,1194,2026-08-25 04:51:23
377990,2,TIGER Fn신재생에너지,23860,2,395,1.68,23875.0,-33.9173,81414,1893,1193,2026-08-25 04:51:23
0181B0,4,HANARO 미국AI메모리반도체TOP4+,9480,5,-40,-0.42,9370.0,-8.0194,162444,1524,1190,2026-08-25 04:51:23
464930,4,TIGER 글로벌혁신블루칩TOP10,21270,2,165,0.78,21276.0,-5.9911,5687,120,1180,2026-08-25 04:51:23
0000J0,2,PLUS 한화그룹주,28445,2,840,3.04,28466.0,-26.9033,797253,22416,1180,2026-08-25 04:51:23
399110,4,SOL 미국S&P500ESG,20985,5,-135,-0.64,20964.0,-4.4872,13509,284,1175,2026-08-25 04:51:23
309230,4,ACE 미국WideMoat동일가중,31905,2,185,0.58,31869.0,2.401,6026,191,1174,2026-08-25 04:51:23
488500,4,TIGER 미국S&P500동일가중,12930,2,80,0.62,12914.0,-1.576,55345,714,1170,2026-08-25 04:51:23
328370,1,PLUS 코스피TR,37490,5,-95,-0.25,37435.0,-14.4337,346,12,1162,2026-08-25 04:51:23
469170,2,ACE 포스코그룹포커스,5690,5,-15,-0.26,5688.0,-27.8918,518968,2918,1141,2026-08-25 04:51:23
0122W0,6,RISE 26-11 회사채(AA-이상)액티브,50960,5,-10,-0.02,50965.0,0.6914,263,13,1138,2026-08-25 04:51:23
372330,4,KODEX 차이나항셍테크,6875,5,-60,-0.87,6883.0,-13.7152,104227,718,1138,2026-08-25 04:51:23
438570,6,SOL 국고채10년,98205,2,85,0.09,98173.0,-0.3959,20,1,1134,2026-08-25 04:51:23
464310,4,TIGER 글로벌AI&로보틱스 INDXX,13685,5,-55,-0.4,13659.0,-20.9664,18162,246,1129,2026-08-25 04:51:23
332940,1,HANARO MSCI Korea TR,46985,2,65,0.14,46793.0,-13.3358,52,2,1128,2026-08-25 04:51:23
251340,3,KODEX 코스닥150선물인버스,2420,2,5,0.21,2429.0,21.9696,53006534,131093,1120,2026-08-25 04:51:23
491230,6,PLUS 국공채머니마켓액티브,52475,5,-5,-0.01,52469.0,0.768,254,13,1118,2026-08-25 04:51:23
0135Y0,6,IBK 중기종합채권(AA-이상)액티브,100435,2,65,0.06,100410.0,0.5963,14,1,1112,2026-08-25 04:51:23
304940,4,KODEX 미국나스닥100선물(H),32070,2,20,0.06,31964.0,-1.7022,2230,71,1106,2026-08-25 04:51:23
0209D0,2,KODEX 전고체배터리ESS TOP2플러스,7875,5,-125,-1.56,7883.0,,522839,4068,1103,2026-08-25 04:51:23
266370,2,KODEX IT,64800,5,-445,-0.68,64862.0,-15.0843,40929,2577,1102,2026-08-25 04:51:23
0176E0,4,RISE 미국AI전력인프라액티브,9670,2,90,0.94,9561.0,-26.3644,9586,91,1098,2026-08-25 04:51:23
0080Y0,2,SOL 조선TOP3플러스레버리지,8555,2,220,2.64,8545.0,-56.7351,370092,3091,1095,2026-08-25 04:51:23
326240,2,RISE IT플러스,42270,5,-85,-0.2,42087.0,-16.0872,771,31,1091,2026-08-25 04:51:23
0132K0,7,PLUS 테슬라위클리커버드콜채권혼합,7937,5,-73,-0.91,7953.0,-5.6891,90521,717,1083,2026-08-25 04:51:23
0221V0,6,IBK 초단기채권액티브,100370,2,10,0.01,100370.0,,4,0,1073,2026-08-25 04:51:23
168580,4,ACE 중국본토CSI300,34215,2,165,0.48,34153.0,-12.67,335,11,1068,2026-08-25 04:51:23
0138Y0,7,PLUS 금채권혼합,10097,5,-18,-0.18,10124.0,-2.6,324640,3299,1065,2026-08-25 04:51:23
0193M0,6,BNK 27-12 특수채(AAA이상)액티브,50370,3,0,0.0,50358.0,,0,0,1065,2026-08-25 04:51:23
203780,4,TIGER 미국나스닥바이오,36630,5,-110,-0.3,36339.0,13.1331,24769,902,1062,2026-08-25 04:51:23
0174B0,7,KoAct 글로벌AI메모리반도체액티브,13870,2,45,0.33,13809.0,-11.0933,92963,1252,1061,2026-08-25 04:51:23
0091M0,6,HANARO 27-06 회사채(AA-이상)액티브,10155,3,0,0.0,10155.0,0.6941,1,0,1059,2026-08-25 04:51:23
0177X0,2,ACE K휴머노이드로봇산업TOP2+,9570,2,70,0.74,9570.0,-32.288,169485,1600,1057,2026-08-25 04:51:23
455860,2,SOL 2차전지소부장Fn,4420,5,-105,-2.32,4425.0,-33.7482,196254,862,1052,2026-08-25 04:51:23
0036R0,4,RISE 미국휴머노이드로봇,18705,5,-220,-1.16,18609.0,-14.2866,61246,1146,1047,2026-08-25 04:51:23
0137V0,4,KIWOOM 미국S&P500모멘텀,11405,5,-100,-0.87,11295.0,-7.1697,78967,896,1038,2026-08-25 04:51:23
0085P0,6,ACE 미국10년국채액티브,9860,2,10,0.1,9856.0,-8.6653,105502,1038,1035,2026-08-25 04:51:23
261270,7,KODEX 미국달러선물인버스,8075,5,-20,-0.25,8089.0,9.7627,13427,108,1034,2026-08-25 04:51:23
496090,1,KIWOOM 코리아밸류업,31660,2,255,0.81,31482.0,-13.9423,1068,33,1029,2026-08-25 04:51:23
394660,4,TIGER 글로벌자율주행&전기차SOLACTIVE,15665,5,-205,-1.29,15766.0,-20.8282,4513,70,1028,2026-08-25 04:51:23
465780,6,마이티 26-09 특수채(AAA)액티브,106335,3,0,0.0,106349.0,0.6626,0,0,1024,2026-08-25 04:51:23
475280,6,ACE 8월만기자동연장회사채AA-이상액티브,10735,2,15,0.14,10730.0,0.6572,182,1,1011,2026-08-25 04:51:23
476850,1,KoAct 배당성장액티브,21155,2,120,0.57,21145.0,-11.4966,69191,1439,994,2026-08-25 04:51:23
465610,4,ACE 미국빅테크TOP7 Plus레버리지(합성),41335,2,635,1.56,40955.0,-20.0943,2213,90,992,2026-08-25 04:51:23
114100,6,RISE 국고채3년,106650,2,10,0.01,106648.0,0.7724,83,8,985,2026-08-25 04:51:23
0052T0,6,1Q 중단기회사채(A-이상)액티브,50695,5,-20,-0.04,50702.0,0.8952,10,0,980,2026-08-25 04:51:23
0008T0,2,SOL 화장품TOP3플러스,19715,2,550,2.87,19717.0,29.4932,1809792,35357,976,2026-08-25 04:51:23
0007N0,1,아이엠에셋 200,106310,5,-390,-0.37,105582.0,-13.9266,51,5,957,2026-08-25 04:51:23
475050,2,ACE KPOP포커스,6580,5,-45,-0.68,6586.0,-25.9777,350206,2288,951,2026-08-25 04:51:23
473440,6,ACE 11월만기자동연장회사채AA-이상액티브,10845,3,0,0.0,10845.0,0.8368,2470,26,944,2026-08-25 04:51:23
308620,6,KODEX 미국10년국채선물,11565,2,10,0.09,11567.0,-8.8723,21908,253,937,2026-08-25 04:51:23
481430,6,RISE 국고채10년액티브,98135,5,-55,-0.06,98104.0,-0.2793,19,1,933,2026-08-25 04:51:23
0035T0,7,PLUS 글로벌휴머노이드로봇액티브,19240,5,-105,-0.54,19239.0,-21.7436,12886,245,933,2026-08-25 04:51:23
0142D0,4,TIGER 미국AI데이터센터TOP4Plus,10160,2,60,0.59,10044.0,-26.7054,168106,1691,930,2026-08-25 04:51:23
433970,7,KODEX TDF2030액티브 적격,13970,5,-45,-0.32,13930.0,-2.7601,15977,223,929,2026-08-25 04:51:23
195980,4,PLUS 신흥국MSCI(합성 H),14905,5,-310,-2.04,15138.0,1.8066,16135,240,927,2026-08-25 04:51:23
211900,2,KODEX 코리아배당성장,28020,2,385,1.39,28033.0,-11.9269,7757,216,925,2026-08-25 04:51:23
468380,6,KODEX iShares미국하이일드액티브,11000,2,20,0.18,10999.0,-7.792,26172,287,912,2026-08-25 04:51:23
0197X0,2,SOL SK하이닉스선물단일종목인버스2X,7500,2,315,4.38,7515.0,,14530370,114290,908,2026-08-25 04:51:23
143850,4,TIGER 미국S&P500선물(H),77190,3,0,0.0,77157.0,1.5657,610,47,907,2026-08-25 04:51:23
0066W0,5,SOL 국제금,13535,5,-55,-0.4,13629.0,-6.3405,170020,2318,907,2026-08-25 04:51:23
485690,4,RISE 미국AI밸류체인TOP3Plus,21465,2,55,0.26,21330.0,-10.3592,31986,685,902,2026-08-25 04:51:23
325020,2,KODEX 배당가치,29040,2,180,0.62,29021.0,-7.7863,6593,190,900,2026-08-25 04:51:23
269540,4,PLUS 미국S&P500(H),29965,2,10,0.03,29932.0,0.7907,4949,148,899,2026-08-25 04:51:23
486240,2,DAISHIN AI반도체&인프라액티브,28010,2,75,0.27,27931.0,-18.5213,1794,48,896,2026-08-25 04:51:23
204480,4,TIGER 차이나CSI300레버리지(합성),23855,5,-40,-0.17,24215.0,-28.7886,3195,76,887,2026-08-25 04:51:23
453080,4,KIWOOM 미국나스닥100(H),22625,2,25,0.11,22540.0,-2.0495,5537,124,882,2026-08-25 04:51:23
329670,7,KODEX TRF7030,22025,5,-10,-0.05,22079.0,-4.0255,8948,196,881,2026-08-25 04:51:23
444490,4,WON 미국S&P500,20140,2,15,0.07,20130.0,-6.5258,5013,100,876,2026-08-25 04:51:23
454320,2,HANARO CAPEX설비투자iSelect,40580,2,1175,2.98,40648.0,-31.8842,1029,40,872,2026-08-25 04:51:23
292770,6,KODEX 국채선물3년인버스,57685,3,0,0.0,57676.0,0.1041,1,0,865,2026-08-25 04:51:23
298770,4,KODEX 한국대만IT프리미어,78290,5,-915,-1.16,78563.0,-7.296,41429,3216,861,2026-08-25 04:51:23
460960,7,ACE 글로벌인컴TOP10,11160,2,40,0.36,11153.0,-6.621,9738,108,859,2026-08-25 04:51:23
495040,1,PLUS 코리아밸류업,31215,5,-5,-0.02,31216.0,-13.7007,336,10,858,2026-08-25 04:51:23
108450,2,ACE 삼성그룹섹터가중,38765,2,30,0.08,38670.0,-10.7797,9668,369,853,2026-08-25 04:51:23
479620,4,SOL 미국AI반도체칩메이커,23795,5,-80,-0.34,23543.0,-14.3498,21341,502,845,2026-08-25 04:51:23
329660,7,KODEX TRF5050,17865,5,-35,-0.2,17904.0,-2.3707,5896,105,840,2026-08-25 04:51:23
461460,6,PLUS 국고채10년액티브,51340,2,25,0.05,51315.0,-0.398,834,42,833,2026-08-25 04:51:23
130730,6,KIWOOM 단기자금,102990,2,20,0.02,102981.0,0.6303,203,20,824,2026-08-25 04:51:23
138530,2,TIGER LG그룹플러스,12352,2,22,0.18,12363.0,-10.9426,38058,462,823,2026-08-25 04:51:23
449770,4,KIWOOM 미국S&P500,21045,2,60,0.29,21007.0,-6.5158,392693,8259,821,2026-08-25 04:51:23
0017Y0,6,1Q 종합채권(AA-이상)액티브,93690,2,70,0.07,93771.0,-1.0412,11001,1030,818,2026-08-25 04:51:23
453330,4,RISE 미국S&P500(H),18130,2,10,0.06,18105.0,2.5192,40990,742,816,2026-08-25 04:51:23
0162L0,4,KODEX 차이나AI반도체TOP10,12825,5,-5,-0.04,12817.0,-18.4511,587719,7539,814,2026-08-25 04:51:23
0057H0,7,PLUS 미국S&P500미국채혼합50액티브,11660,2,25,0.21,11655.0,-7.508,89722,1043,805,2026-08-25 04:51:23
359210,1,KODEX 코스피TR,34665,5,-85,-0.24,34539.0,-14.2082,115840,3938,797,2026-08-25 04:51:23
157490,2,TIGER 소프트웨어,8485,5,-75,-0.88,8484.0,-7.0576,35955,299,796,2026-08-25 04:51:23
0018C0,2,PLUS 고배당주위클리고정커버드콜,10680,2,155,1.47,10700.0,-10.2627,50950,539,796,2026-08-25 04:51:23
490480,2,SOL K방산,28925,2,45,0.16,28954.0,-24.9286,9707,279,795,2026-08-25 04:51:23
364960,2,TIGER BBIG,6600,5,-90,-1.35,6595.0,-12.0316,6610,43,795,2026-08-25 04:51:23
0049M0,4,ACE 미국배당퀄리티+커버드콜액티브,11290,5,-10,-0.09,11286.0,-6.4237,39723,448,785,2026-08-25 04:51:23
492500,7,1Q 현대차그룹채권(A+이상)&국고통안,51305,5,-20,-0.04,51330.0,0.578,246,12,781,2026-08-25 04:51:23
458030,6,WON 국공채머니마켓액티브,55010,2,5,0.01,55014.0,0.6864,211,11,780,2026-08-25 04:51:23
0098N0,2,PLUS 자사주매입고배당주,12880,2,190,1.5,12888.0,-0.9172,27306,348,779,2026-08-25 04:51:23
337140,2,KODEX 코스피대형주,35250,5,-360,-1.01,35188.0,-13.7615,6155,213,776,2026-08-25 04:51:23
210780,2,TIGER 코스피고배당,23405,2,255,1.1,23403.0,-7.794,8246,190,772,2026-08-25 04:51:23
495750,1,HANARO 코리아밸류업,31520,2,105,0.33,31422.0,-13.2479,42,1,772,2026-08-25 04:51:23
469060,4,RISE 미국반도체NYSE,33965,2,145,0.43,33604.0,-12.0047,17350,586,764,2026-08-25 04:51:23
438560,6,SOL 국고채3년,100455,3,0,0.0,100434.0,0.823,121,12,762,2026-08-25 04:51:23
0080X0,7,SOL 미국S&P500미국채혼합50,10980,2,5,0.05,10972.0,-7.6508,93489,1024,758,2026-08-25 04:51:23
434960,1,DAISHIN K200,106080,5,-695,-0.65,105795.0,-13.8632,2759,288,743,2026-08-25 04:51:23
473640,4,HANARO 글로벌금채굴기업,37080,5,-520,-1.38,37382.0,10.8327,106864,4029,742,2026-08-25 04:51:23
365040,1,TIGER AI코리아그로스액티브,35250,5,-275,-0.77,35186.0,-12.056,5646,194,740,2026-08-25 04:51:23
412770,4,TIGER 글로벌AI플랫폼액티브,12240,5,-75,-0.61,12321.0,-18.9537,22361,272,739,2026-08-25 04:51:23
228810,2,TIGER 미디어컨텐츠,3040,5,-15,-0.49,3042.0,-25.1226,75177,225,736,2026-08-25 04:51:23
441540,2,HANARO Fn조선해운,27045,2,215,0.8,27089.0,-21.9718,8288,222,730,2026-08-25 04:51:23
272910,6,ACE 중장기국공채액티브,106045,3,0,0.0,106085.0,0.6024,0,0,730,2026-08-25 04:51:23
0113D0,4,TIME 글로벌탑픽액티브,12055,2,75,0.63,12008.0,-6.3331,14543,174,729,2026-08-25 04:51:23
0022T0,4,SOL 국제금커버드콜액티브,13940,5,-30,-0.21,13978.0,-6.4464,182198,2567,725,2026-08-25 04:51:23
475310,2,SOL 반도체후공정,25825,2,940,3.78,25827.0,-28.9508,104795,2621,723,2026-08-25 04:51:23
0102A0,4,TIGER 미국AI소프트웨어TOP4Plus,8550,5,-115,-1.33,8536.0,2.7267,6686,56,714,2026-08-25 04:51:23
266420,2,KODEX 헬스케어,17705,5,-315,-1.75,17685.0,-10.259,15025,263,708,2026-08-25 04:51:23
211560,2,TIGER 배당성장,35050,2,290,0.83,35083.0,-11.2765,11164,390,705,2026-08-25 04:51:23
475350,4,RISE 버크셔포트폴리오TOP10,14650,2,165,1.14,14656.0,-4.5273,20555,300,703,2026-08-25 04:51:23
292190,1,KODEX KRX300,46450,5,-465,-0.99,46433.0,-14.4427,3984,183,697,2026-08-25 04:51:23
458750,4,TIGER 미국배당다우존스타겟커버드콜1호,13370,2,75,0.56,13362.0,-0.7487,18006,240,682,2026-08-25 04:51:23
440640,6,ACE 단기채권알파액티브,112637,2,12,0.01,112645.0,0.819,112,12,681,2026-08-25 04:51:23
0225V0,4,KODEX 미국CPU반도체TOP10,9730,2,10,0.1,9639.0,,353465,3392,681,2026-08-25 04:51:23
228800,2,TIGER 여행레저,2605,2,15,0.58,2602.0,-17.9081,43386,111,674,2026-08-25 04:51:23
278620,6,PLUS 단기채권액티브,119025,2,40,0.03,119022.0,0.7621,27,3,667,2026-08-25 04:51:23
0190Y0,4,TIGER 구글밸류체인,8415,5,-70,-0.82,8348.0,-18.7099,19897,166,665,2026-08-25 04:51:23
0098Z0,1,FOCUS 200,88135,5,-1870,-2.08,89826.0,-14.0281,1,0,661,2026-08-25 04:51:23
433880,7,PLUS TDF2060액티브 적격,18555,2,15,0.08,18474.0,-6.9844,5217,96,659,2026-08-25 04:51:23
298340,6,PLUS 국채선물3년,56535,5,-10,-0.02,56505.0,1.0905,12019,679,656,2026-08-25 04:51:23
277640,2,TIGER 코스피대형주,36385,5,-220,-0.6,36380.0,-14.1256,7467,266,655,2026-08-25 04:51:23
0115E0,2,KODEX 코리아소버린AI,14510,5,-160,-1.09,14519.0,-7.3978,19346,275,653,2026-08-25 04:51:23
100910,1,KIWOOM KRX100,16635,2,10,0.06,16565.0,-14.1026,907,14,649,2026-08-25 04:51:23
465330,2,RISE 2차전지TOP10,11055,5,-225,-1.99,11053.0,-24.9501,71171,777,641,2026-08-25 04:51:23
491700,1,HK 200,106600,3,0,0.0,106006.0,-14.4085,0,0,640,2026-08-25 04:51:23
453950,4,TIGER TSMC파운드리밸류체인,32760,2,160,0.49,32604.0,-7.0166,5203,168,639,2026-08-25 04:51:23
0123S0,2,HANARO 26-12 은행채(AA+이상)액티브,10185,5,-5,-0.05,10184.0,0.6916,581,5,631,2026-08-25 04:51:23
453640,4,KODEX 미국S&P500헬스케어,14585,2,70,0.48,14587.0,7.488,32757,477,627,2026-08-25 04:51:23
419890,6,KIWOOM 단기채권ESG액티브,107520,2,25,0.02,107513.0,0.6507,1014,109,624,2026-08-25 04:51:23
0000D0,7,TIGER 엔비디아미국채커버드콜밸런스(합성),9060,2,10,0.11,9010.0,-9.84,11187,101,621,2026-08-25 04:51:23
455660,6,ACE 미국하이일드액티브(H),9485,2,5,0.05,9472.0,0.5306,13069,123,617,2026-08-25 04:51:23
0040S0,4,HANARO 글로벌피지컬AI액티브,23270,5,-230,-0.98,23172.0,-17.8753,12325,284,605,2026-08-25 04:51:23
261070,2,TIGER 코스닥150바이오테크,12945,5,-345,-2.6,12959.0,-20.1563,161869,2077,601,2026-08-25 04:51:23
479730,4,TIGER 인도빌리언컨슈머,10160,5,-30,-0.29,10141.0,-0.1532,62097,627,599,2026-08-25 04:51:23
0172V0,5,1Q 은액티브,8870,5,-145,-1.61,9000.0,-17.6713,138120,1241,599,2026-08-25 04:51:23
275980,4,TIGER 글로벌4차산업혁신기술(합성 H),23535,5,-470,-1.96,23646.0,3.4252,3472,81,598,2026-08-25 04:51:23
0210E0,2,PLUS 200커버드콜액티브,7275,5,-85,-1.15,7266.0,,144504,1033,597,2026-08-25 04:51:23
150460,2,TIGER 중국소비테마,7875,2,55,0.7,7885.0,-0.1278,11297,88,595,2026-08-25 04:51:23
476750,6,ACE 미국30년국채엔화노출액티브(H),7435,2,5,0.07,7437.0,-10.9023,48985,363,595,2026-08-25 04:51:23
261240,7,KODEX 미국달러선물,14285,2,20,0.14,14284.0,-8.2047,63316,903,594,2026-08-25 04:51:23
0181L0,4,SOL 미국우주항공TOP10,7245,5,-95,-1.29,7170.0,-41.0915,19755,141,587,2026-08-25 04:51:23
495940,4,RISE 미국AI테크액티브,18825,2,145,0.78,18720.0,-19.8099,19217,360,584,2026-08-25 04:51:23
278240,3,RISE 코스닥150선물레버리지,7905,2,10,0.13,7911.0,-56.7753,84012,618,576,2026-08-25 04:51:23
306950,3,KODEX KRX300레버리지,72020,5,-1835,-2.48,72350.0,-39.244,2551,175,576,2026-08-25 04:51:23
252400,3,RISE 200선물레버리지,94860,5,-1585,-1.64,94832.0,-39.0746,20340,1884,569,2026-08-25 04:51:23
0166S0,2,PLUS K제조업핵심기업액티브,10625,5,-65,-0.61,10611.0,-22.7602,19321,200,568,2026-08-25 04:51:23
0111J0,2,HANARO 증권고배당TOP3플러스,12570,2,220,1.78,12565.0,-32.2838,34736,424,566,2026-08-25 04:51:23
0198A0,2,KIWOOM 코스닥150커버드콜액티브,8970,2,20,0.22,8963.0,,474618,4148,565,2026-08-25 04:51:23
491220,1,PLUS 200TR,125030,5,-620,-0.49,124797.0,-13.9119,3107,381,563,2026-08-25 04:51:23
0141S0,2,SOL 조선기자재,8410,2,230,2.81,8408.0,-34.9245,91352,751,559,2026-08-25 04:51:23
401470,2,KODEX 메타버스액티브,9560,5,-115,-1.19,9573.0,-6.1136,3999,37,559,2026-08-25 04:51:23
455960,6,RISE 미국달러SOFR금리액티브(합성),12125,5,-20,-0.16,12122.0,-7.7128,174,2,555,2026-08-25 04:51:23
225040,4,TIGER 미국S&P500레버리지(합성 H),67305,2,100,0.15,67185.0,3.3605,3035,203,552,2026-08-25 04:51:23
440910,4,WON 미국우주항공방산,25070,5,-630,-2.45,25055.0,-5.9298,7106,178,552,2026-08-25 04:51:23
0000Z0,2,RISE 바이오TOP10액티브,9300,5,-340,-3.53,9304.0,-28.1402,155943,1435,544,2026-08-25 04:51:23
0046Y0,4,ACE 미국배당퀄리티,12600,2,30,0.24,12621.0,-6.0504,13241,166,542,2026-08-25 04:51:23
261220,5,KODEX WTI원유선물(H),23950,5,-85,-0.35,23952.0,-9.6259,71603,1720,539,2026-08-25 04:51:23
140700,2,KODEX 보험,20700,2,200,0.98,20724.0,8.6178,107047,2201,538,2026-08-25 04:51:23
0113P0,6,HK 머니마켓액티브,102365,2,15,0.01,102364.0,0.7381,10,1,530,2026-08-25 04:51:23
0194T0,2,ACE SK하이닉스단일종목레버리지,8125,5,-235,-2.81,8068.0,,110779,834,530,2026-08-25 04:51:23
385590,2,ACE ESG액티브,23040,5,-100,-0.43,23052.0,-10.7081,242,5,530,2026-08-25 04:51:23
0226A0,7,PLUS SK하이닉스샌디스크채권혼합50,10590,5,-60,-0.56,10615.0,,195217,2041,530,2026-08-25 04:51:23
442560,7,RISE TDF2040액티브 적격,16280,5,-70,-0.43,16232.0,-5.2817,7811,127,529,2026-08-25 04:51:23
445150,2,KODEX 친환경조선해운액티브,28580,2,440,1.56,28626.0,-25.6097,5185,145,529,2026-08-25 04:51:23
304780,3,HANARO 200선물레버리지,116745,5,-960,-0.82,115601.0,-38.8705,2637,294,525,2026-08-25 04:51:23
101280,4,KODEX 일본TOPIX100,30265,2,150,0.5,30205.0,-3.2856,2671,80,515,2026-08-25 04:51:23
0118Z0,4,ACE 미국AI테크핵심산업액티브,8565,5,-120,-1.38,8520.0,-16.0464,11993,102,514,2026-08-25 04:51:23
428510,4,KODEX 차이나AI테크액티브,23325,2,95,0.41,23157.0,-20.9789,8825,205,513,2026-08-25 04:51:23
0185L0,4,TIME 글로벌휴머노이드로봇산업액티브,7380,2,30,0.41,7368.0,-30.7584,16771,122,513,2026-08-25 04:51:23
114470,6,KIWOOM 국고채3년,108040,2,15,0.01,108023.0,0.7669,169,18,508,2026-08-25 04:51:23
475260,6,ACE 2월만기자동연장회사채AA-이상액티브,10750,2,10,0.09,10743.0,0.6088,5,0,506,2026-08-25 04:51:23
0089C0,4,KODEX 미국S&P500변동성확대시커버드콜,11395,2,25,0.22,11411.0,-6.9515,16880,192,501,2026-08-25 04:51:23
0139P0,2,ACE 고배당주,13510,2,190,1.43,13524.0,-7.0675,12907,172,500,2026-08-25 04:51:23
218420,4,KODEX 미국S&P500에너지(합성),20335,5,-35,-0.17,20328.0,-1.3799,19836,402,499,2026-08-25 04:51:23
123310,3,TIGER 인버스,1165,2,10,0.87,1167.0,-3.5088,3629796,4312,497,2026-08-25 04:51:23
275300,2,KODEX 우량주,29240,5,-345,-1.17,29222.0,-11.1907,987,28,497,2026-08-25 04:51:23
0118S0,4,SOL 미국넥스트테크TOP10액티브,10650,5,-95,-0.88,10473.0,-25.0175,30806,325,495,2026-08-25 04:51:23
480310,4,TIGER 글로벌온디바이스AI,18280,5,-20,-0.11,18228.0,-20.0489,1271,23,494,2026-08-25 04:51:23
0197W0,2,SOL SK하이닉스단일종목레버리지,7900,5,-340,-4.13,7914.0,,143570,1073,490,2026-08-25 04:51:23
0041D0,4,KODEX 미국AI소프트웨어TOP10,12805,5,-195,-1.5,12778.0,-0.1454,12374,157,487,2026-08-25 04:51:23
336160,6,RISE 금융채액티브,100390,2,35,0.03,100367.0,0.6241,282,28,483,2026-08-25 04:51:23
200030,4,KODEX 미국S&P500산업재(합성),42730,2,35,0.08,42693.0,-4.4321,3610,153,482,2026-08-25 04:51:23
360140,2,KODEX 200롱코스닥150숏선물,21810,5,-155,-0.71,21785.0,14.7896,28411,621,480,2026-08-25 04:51:23
0132H0,4,KODEX 미국원자력SMR,8335,5,-165,-1.94,8292.0,-21.2234,27193,225,479,2026-08-25 04:51:23
447430,2,ACE 주주환원가치주액티브,16245,5,-35,-0.21,16237.0,-6.5011,5939,95,479,2026-08-25 04:51:23
253150,3,PLUS 200선물레버리지,190400,5,-5560,-2.84,189647.0,-38.1772,113786,20910,476,2026-08-25 04:51:23
418670,4,TIGER 글로벌AI사이버보안,16730,5,-95,-0.56,16706.0,9.2887,25388,422,475,2026-08-25 04:51:23
371470,4,TIGER 차이나바이오테크SOLACTIVE,8625,2,115,1.35,8692.0,3.4021,41649,357,473,2026-08-25 04:51:23
0086B0,2,TIGER 리츠부동산인프라TOP10액티브,9610,2,40,0.42,9618.0,-4.5286,7618,73,471,2026-08-25 04:51:23
256750,4,KODEX 차이나심천ChiNext(합성),15255,5,-145,-0.94,15293.0,-20.843,1352,20,467,2026-08-25 04:51:23
316670,1,KIWOOM 코스닥150,7050,2,15,0.21,7052.0,-28.6512,83263,569,465,2026-08-25 04:51:23
140950,1,파워 코스피100,82825,5,-425,-0.51,82579.0,-14.0727,1539,124,464,2026-08-25 04:51:23
473590,4,ACE 미국주식베스트셀러,18490,2,90,0.49,18291.0,-27.5591,140100,2584,462,2026-08-25 04:51:23
287180,4,PLUS 미국나스닥테크,54290,5,-55,-0.1,54234.0,-5.9287,1000,54,461,2026-08-25 04:51:23
152500,3,ACE 레버리지,41910,5,-805,-1.88,41937.0,-38.935,62438,2545,461,2026-08-25 04:51:23
0020H0,4,KoAct 글로벌양자컴퓨팅액티브,21370,5,-595,-2.71,21353.0,-24.506,6547,138,459,2026-08-25 04:51:23
0178H0,7,IBK 미국AI TOP10국채혼합50,9720,3,0,0.0,9773.0,-5.6239,1893,18,457,2026-08-25 04:51:23
461340,4,HANARO 글로벌생성형AI액티브,41140,5,-50,-0.12,40822.0,-13.0187,1828,74,453,2026-08-25 04:51:23
276990,4,KODEX 글로벌로봇(합성),25450,5,-150,-0.59,25473.0,-13.3526,3188,81,450,2026-08-25 04:51:23
196030,4,ACE 일본TOPIX레버리지(H),89995,2,1135,1.28,89874.0,8.1548,79,7,450,2026-08-25 04:51:23
475270,6,ACE 5월만기자동연장회사채AA-이상액티브,10715,3,0,0.0,10725.0,0.6103,0,0,447,2026-08-25 04:51:23
442260,1,마이티 다이나믹퀀트액티브,35815,5,-1105,-2.99,36497.0,-14.6063,7033,248,444,2026-08-25 04:51:23
261120,7,TIGER 미국달러선물인버스2X,5285,5,-15,-0.28,5288.0,19.3693,4293,22,444,2026-08-25 04:51:23
0194M0,2,ACE 삼성전자단일종목레버리지,10380,5,-305,-2.85,10384.0,,60578,605,444,2026-08-25 04:51:23
442090,2,에셋플러스 코리아대장장이액티브,29565,2,235,0.8,29535.0,-16.522,21,0,443,2026-08-25 04:51:23
472830,6,RISE 미국30년국채커버드콜(합성),7960,2,15,0.19,7959.0,-10.2886,11215,89,442,2026-08-25 04:51:23
453650,4,KODEX 미국S&P500금융,19620,2,315,1.63,19699.0,0.95,10364,203,441,2026-08-25 04:51:23
473490,4,KIWOOM 글로벌AI반도체,28905,5,-295,-1.01,28736.0,-12.6212,1234,35,434,2026-08-25 04:51:23
0189B0,5,TIGER 은액티브,8500,5,-175,-2.02,8478.0,-17.3022,69507,598,434,2026-08-25 04:51:23
139320,5,TIGER 금은선물(H),19260,5,-150,-0.77,19356.0,-0.103,32563,633,433,2026-08-25 04:51:23
238720,4,ACE 일본Nikkei225(H),48065,2,520,1.09,47823.0,3.5162,2150,102,433,2026-08-25 04:51:23
375770,2,KODEX 탄소효율그린뉴딜,24000,2,20,0.08,24035.0,-13.7049,57,1,432,2026-08-25 04:51:23
139280,2,TIGER 경기방어,13120,5,-35,-0.27,13140.0,-0.333,9879,129,430,2026-08-25 04:51:23
401170,2,RISE 메타버스,10850,5,-110,-1.0,10860.0,-5.6393,9617,102,430,2026-08-25 04:51:23
494840,4,TIGER 미국방산TOP10,13000,5,-50,-0.38,13013.0,-3.4521,7968,103,429,2026-08-25 04:51:23
476260,2,HANARO 반도체핵심공정주도주,12370,2,410,3.43,12377.0,-21.8812,89391,1075,427,2026-08-25 04:51:23
282000,3,RISE 국고채3년선물인버스,114640,2,80,0.07,114614.0,0.0611,2,0,418,2026-08-25 04:51:23
440650,6,ACE 미국달러단기채권액티브,11605,2,20,0.17,11600.0,-8.1285,50083,580,418,2026-08-25 04:51:23
487130,2,KoAct AI인프라액티브,26930,2,545,2.07,26918.0,-29.1107,7167,187,417,2026-08-25 04:51:23
0141T0,6,SOL 중기종합채권(AA-이상)액티브,50270,3,0,0.0,50292.0,0.6708,0,0,417,2026-08-25 04:51:23
0191M0,6,마이티 5월만기자동연장특수채(AAA)액티브,100660,3,0,0.0,100672.0,,0,0,417,2026-08-25 04:51:23
305050,1,ACE 코스피,69230,5,-450,-0.65,69137.0,-14.1185,1950,133,415,2026-08-25 04:51:23
0007G0,4,PLUS 글로벌원자력밸류체인,13805,5,-95,-0.68,13758.0,-13.6646,7703,105,414,2026-08-25 04:51:23
0186S0,7,1Q 코스닥150채권혼합50액티브,8410,2,35,0.42,8406.0,-14.876,261517,2161,412,2026-08-25 04:51:23
429760,4,PLUS 미국S&P500,19560,2,20,0.1,19538.0,-6.3633,4194,81,411,2026-08-25 04:51:23
0220B0,1,DS 코스닥액티브,9540,2,225,2.42,9550.0,,129169,1190,405,2026-08-25 04:51:23
448570,1,FOCUS AI코리아액티브,29735,2,50,0.17,29624.0,-10.9495,189,5,401,2026-08-25 04:51:23
183700,7,RISE 200채권혼합50,94850,5,-250,-0.26,94678.0,-6.7765,1404,132,398,2026-08-25 04:51:23
0112X0,1,마이티 200TR,39645,5,-230,-0.58,39489.0,-13.7932,6592,253,396,2026-08-25 04:51:23
464470,6,PLUS 미국채30년액티브,48070,2,40,0.08,48055.0,-9.8474,3112,149,396,2026-08-25 04:51:23
472840,1,IBK 200,104835,5,-625,-0.59,104572.0,-13.8984,965,99,393,2026-08-25 04:51:23
352540,7,KODEX 일본부동산리츠(H),11450,2,30,0.26,11474.0,1.2678,6083,69,389,2026-08-25 04:51:23
0207G0,2,SOL 우주항공밸류체인,6590,2,40,0.61,6585.0,,282989,1807,389,2026-08-25 04:51:23
322410,2,HANARO K고배당,22815,2,260,1.15,22826.0,-5.8873,4869,110,388,2026-08-25 04:51:23
147970,2,TIGER 모멘텀,79900,2,1910,2.45,79995.0,-20.2923,3310,258,384,2026-08-25 04:51:23
195930,4,TIGER 유로스탁스50(합성 H),23745,5,-25,-0.11,23731.0,8.812,1532,36,380,2026-08-25 04:51:23
0192L0,2,RISE SK하이닉스단일종목레버리지,8200,5,-355,-4.15,8227.0,,75902,590,377,2026-08-25 04:51:23
400970,2,TIGER Fn메타버스,7445,5,-50,-0.67,7450.0,-18.5327,4822,35,376,2026-08-25 04:51:23
276970,4,KODEX 미국S&P500배당귀족커버드콜(합성 H),7985,2,50,0.63,8122.0,10.3254,5987,47,375,2026-08-25 04:51:23
491830,4,TIGER 미국AI반도체팹리스,20835,5,-35,-0.17,20634.0,-15.2727,29582,612,375,2026-08-25 04:51:23
292560,7,TIGER 일본엔선물,8060,3,0,0.0,8039.0,-8.2005,48381,389,371,2026-08-25 04:51:23
275280,2,KODEX 모멘텀주,41175,2,20,0.05,40991.0,-14.9878,725,28,371,2026-08-25 04:51:23
365000,2,TIGER 인터넷TOP10,3675,5,-30,-0.81,3674.0,-22.8125,84115,300,369,2026-08-25 04:51:23
452250,6,ACE 미국30년국채선물레버리지(합성 H),4725,2,5,0.11,4760.0,-4.1625,21135,99,366,2026-08-25 04:51:23
498860,2,RISE 코리아금융고배당,16605,2,200,1.22,16620.0,-15.8733,13160,216,365,2026-08-25 04:51:23
0209Z0,2,ACE 코리아AI전력TOP10,6775,2,45,0.67,6784.0,,88134,579,359,2026-08-25 04:51:23
104530,2,KIWOOM 코리아고배당,17505,2,80,0.46,17505.0,-11.6892,4875,84,359,2026-08-25 04:51:23
352560,7,KODEX 미국부동산리츠(H),12560,2,65,0.52,12599.0,1.2022,5159,64,358,2026-08-25 04:51:23
0100K0,2,KODEX 방산TOP10레버리지,6385,5,-20,-0.31,6422.0,-51.3668,291814,1843,358,2026-08-25 04:51:23
0154F0,2,WON 초대형IB&금융지주,11980,2,300,2.57,11974.0,-15.7288,26429,314,353,2026-08-25 04:51:23
450910,1,SOL 코스닥150,13785,5,-15,-0.11,13836.0,-28.7742,42127,564,353,2026-08-25 04:51:23
381560,2,HANARO Fn전기&수소차,17590,5,-45,-0.26,17625.0,-16.6633,3671,63,352,2026-08-25 04:51:23
322400,2,HANARO e커머스,10460,5,-40,-0.38,10545.0,-4.8914,117,1,350,2026-08-25 04:51:23
415920,5,PLUS 글로벌희토류&전략자원생산기업,7465,5,-210,-2.74,7456.0,-22.4748,78772,588,347,2026-08-25 04:51:23
241390,7,RISE V&S셀렉트밸류채권혼합,15600,2,100,0.65,15642.0,-7.4541,810,12,343,2026-08-25 04:51:23
138910,5,KODEX 구리선물(H),10070,5,-15,-0.15,10085.0,2.0748,41728,422,342,2026-08-25 04:51:23
385520,2,KODEX 자율주행액티브,15925,2,95,0.6,15903.0,-21.3612,3648,56,342,2026-08-25 04:51:23
153270,1,KIWOOM 코스피100,81340,5,-570,-0.7,81054.0,-13.5523,1888,149,342,2026-08-25 04:51:23
449690,4,TIGER 한중반도체(합성),45485,5,-350,-0.76,46440.0,-19.3046,51,2,341,2026-08-25 04:51:23
295020,6,RISE 국채선물10년인버스,60630,2,20,0.03,60624.0,1.4223,4,0,341,2026-08-25 04:51:23
407830,4,에셋플러스 글로벌플랫폼액티브,14130,5,-170,-1.19,14115.0,-13.4383,793,11,339,2026-08-25 04:51:23
469050,4,RISE 미국반도체NYSE(H),30800,5,-55,-0.18,30498.0,-3.1727,50524,1554,339,2026-08-25 04:51:23
276650,4,RISE 글로벌테크놀로지(합성 H),45120,5,-280,-0.62,44986.0,-1.6039,44,1,338,2026-08-25 04:51:23
465350,3,RISE 2차전지TOP10인버스(합성),16915,2,255,1.53,17006.0,17.448,131773,2244,338,2026-08-25 04:51:23
475070,4,KoAct 글로벌친환경전력인프라액티브,29345,5,-100,-0.34,29249.0,-29.9346,2589,75,337,2026-08-25 04:51:23
449780,4,KIWOOM 미국S&P500(H),18635,2,30,0.16,18601.0,1.78,6749,125,335,2026-08-25 04:51:23
474800,4,KIWOOM 미국원유에너지기업,15910,2,40,0.25,15898.0,-2.2469,14112,224,334,2026-08-25 04:51:23
122260,6,KIWOOM 통안채1년,104120,2,30,0.03,104105.0,0.6137,5822,606,333,2026-08-25 04:51:23
380340,2,ACE 코리아AI테크핵심산업,27730,2,45,0.16,27716.0,-9.541,57166,1538,333,2026-08-25 04:51:23
105780,2,RISE 5대그룹주,16530,5,-20,-0.12,16473.0,-15.6258,1121,18,331,2026-08-25 04:51:23
0023B0,4,PLUS 미국양자컴퓨팅TOP10,16125,5,-575,-3.44,16019.0,-22.8638,9460,151,331,2026-08-25 04:51:23
476690,4,TIGER 글로벌비만치료제TOP2Plus,11015,5,-95,-0.86,11059.0,2.9028,10553,116,330,2026-08-25 04:51:23
099140,4,KODEX 차이나H,21305,5,-140,-0.65,21312.0,-8.7602,4521,96,330,2026-08-25 04:51:23
261140,2,TIGER 우선주,24455,2,505,2.11,24393.0,-13.2685,31441,743,328,2026-08-25 04:51:23
256440,4,ACE MSCI인도네시아(합성),5370,2,40,0.75,5414.0,-8.9667,23755,126,328,2026-08-25 04:51:23
465660,4,TIGER 일본반도체FACTSET,24200,5,-35,-0.14,24191.0,-8.5093,7034,166,327,2026-08-25 04:51:23
227540,2,TIGER 200 헬스케어,19885,5,-510,-2.5,19931.0,0.8654,15536,306,326,2026-08-25 04:51:23
496770,4,PLUS 글로벌방산,18050,5,-195,-1.07,18088.0,0.9964,6918,124,325,2026-08-25 04:51:23
174360,4,RISE 중국본토대형주CSI100,23180,2,15,0.06,23250.0,-13.7244,2169,50,325,2026-08-25 04:51:23
491090,4,KODEX 미국테크TOP3플러스,17480,2,5,0.03,17478.0,-10.9029,2674,46,323,2026-08-25 04:51:23
459560,4,KODEX 테슬라밸류체인FactSet,21550,2,30,0.14,21472.0,-16.6773,4091,88,323,2026-08-25 04:51:23
266360,2,KODEX K콘텐츠,9935,5,-35,-0.35,9902.0,-11.77,10463,102,318,2026-08-25 04:51:23
426150,6,WON 대한민국국고채액티브,51010,2,135,0.27,50998.0,-2.3044,847,43,317,2026-08-25 04:51:23
0083S0,4,1Q 미국메디컬AI,10900,5,-265,-2.37,10866.0,11.1624,19451,210,316,2026-08-25 04:51:23
245350,4,TIGER 유로스탁스배당30,19660,2,70,0.36,19645.0,-0.4133,1793,35,315,2026-08-25 04:51:23
0138T0,4,RISE 미국S&P500데일리고정커버드콜,9500,2,25,0.26,9491.0,-6.5206,13441,127,314,2026-08-25 04:51:23
0085N0,6,ACE 미국10년국채액티브(H),9775,2,5,0.05,9768.0,-0.0087,138320,1351,313,2026-08-25 04:51:23
0192T0,2,SOL 코스닥TOP10,7265,5,-145,-1.96,7264.0,-26.8149,356611,2565,312,2026-08-25 04:51:23
0089B0,7,PLUS 미국나스닥100미국채혼합50,11155,2,10,0.09,11142.0,-9.0149,60512,673,312,2026-08-25 04:51:23
476070,4,KODEX 글로벌비만치료제TOP2 Plus,11550,5,-50,-0.43,11557.0,3.1039,4829,55,312,2026-08-25 04:51:23
459750,4,RISE 글로벌주식분산액티브,17780,5,-50,-0.28,17890.0,-6.6023,5057,89,311,2026-08-25 04:51:23
494410,4,PLUS 미국S&P500성장주,14085,5,-40,-0.28,14084.0,-7.9724,1418,19,310,2026-08-25 04:51:23
0155N0,2,HANARO K휴머노이드테마TOP10,7735,2,55,0.72,7711.0,-28.3248,61653,464,309,2026-08-25 04:51:23
248270,4,TIGER S&P글로벌헬스케어(합성),27135,5,-385,-1.4,27252.0,6.1933,1511,41,309,2026-08-25 04:51:23
271060,5,KODEX 3대농산물선물(H),8660,5,-85,-0.97,8711.0,3.2467,41624,360,309,2026-08-25 04:51:23
252710,3,TIGER 200선물인버스2X,88,2,1,1.15,88.0,-20.9091,188467986,17133,309,2026-08-25 04:51:23
139270,2,TIGER 200 금융,16575,2,270,1.66,16575.0,-5.3881,5112,84,308,2026-08-25 04:51:23
0204S0,1,TIGER 코스닥액티브,6655,2,185,2.86,6663.0,,24992,161,307,2026-08-25 04:51:23
395170,2,KODEX Top10동일가중,15315,5,-255,-1.64,15314.0,-20.1644,3359,50,306,2026-08-25 04:51:23
468630,6,KODEX iShares미국투자등급회사채액티브,10885,2,15,0.14,10885.0,-9.4472,25466,276,306,2026-08-25 04:51:23
464920,4,PLUS 일본반도체소부장,24220,2,30,0.12,24202.0,-5.6185,8519,201,303,2026-08-25 04:51:23
395290,2,HANARO Fn K-POP&미디어,4790,5,-75,-1.54,4803.0,-25.0963,22159,105,302,2026-08-25 04:51:23
156080,1,KODEX MSCI Korea,50280,2,40,0.08,50053.0,-13.3059,3052,150,302,2026-08-25 04:51:23
275290,2,KODEX 가치주,33410,5,-95,-0.28,33390.0,-8.595,292,9,301,2026-08-25 04:51:23
192720,2,파워 고배당저변동성,58675,2,635,1.09,58649.0,-4.5317,1023,59,299,2026-08-25 04:51:23
0150K0,2,KoAct 수소전력ESS인프라액티브,10315,2,130,1.28,10319.0,-36.3239,13441,135,299,2026-08-25 04:51:23
117680,2,KODEX 철강,12850,2,470,3.8,12867.0,-24.613,193613,2445,297,2026-08-25 04:51:23
0192M0,2,RISE 삼성전자단일종목레버리지,10650,5,-265,-2.43,10536.0,,38533,396,296,2026-08-25 04:51:23
117460,2,KODEX 에너지화학,13585,5,-110,-0.8,13572.0,-17.7673,25688,344,295,2026-08-25 04:51:23
469790,2,KIWOOM 코리아테크TOP10,41905,2,75,0.18,41676.0,-12.1799,656,26,293,2026-08-25 04:51:23
0107F0,4,KIWOOM 미국고배당&AI테크,11460,2,35,0.31,11488.0,-5.3451,2655,30,292,2026-08-25 04:51:23
0203S0,7,WON 삼성전자현대차채권혼합50,8705,5,-25,-0.29,8700.0,,56962,491,292,2026-08-25 04:51:23
387270,4,TIGER 글로벌이노베이션액티브,24020,5,-160,-0.66,24082.0,-16.3756,3868,92,291,2026-08-25 04:51:23
446690,4,KODEX 아시아AI반도체exChina액티브,58035,2,370,0.64,58143.0,-17.4467,743,42,290,2026-08-25 04:51:23
0155M0,4,ACE 미국SMR원자력TOP10,6930,5,-50,-0.72,6897.0,-22.4445,11118,76,288,2026-08-25 04:51:23
145850,2,TREX 펀더멘탈 200,115010,5,-1165,-1.0,115990.0,-8.3284,1,0,288,2026-08-25 04:51:23
289480,3,TIGER 200커버드콜,12410,5,-60,-0.48,12468.0,11.6032,25284,311,285,2026-08-25 04:51:23
415340,4,KODEX 차이나과창판STAR50(합성),13730,2,30,0.22,13771.0,-17.5196,56982,779,284,2026-08-25 04:51:23
261250,7,KODEX 미국달러선물레버리지,15960,2,40,0.25,15970.0,-16.4962,21691,345,284,2026-08-25 04:51:23
450190,4,KODEX 한중반도체(합성),47330,3,0,0.0,46845.0,-16.7312,1370,63,284,2026-08-25 04:51:23
0184E0,7,1Q 200채권혼합50액티브,10850,3,0,0.0,10824.0,-5.8572,84140,906,282,2026-08-25 04:51:23
475380,7,RISE 글로벌리얼티인컴,10515,2,80,0.77,10562.0,-10.217,13162,138,279,2026-08-25 04:51:23
494340,4,ACE 글로벌AI맞춤형반도체,18490,5,-50,-0.27,18301.0,-21.056,5933,108,277,2026-08-25 04:51:23
0166N0,1,PLUS 코스닥150액티브,7495,2,150,2.04,7488.0,-35.9355,44685,323,277,2026-08-25 04:51:23
223190,2,KODEX 200가치저변동,27715,5,-5,-0.02,27706.0,-10.0002,3296,90,277,2026-08-25 04:51:23
0218J0,7,RISE 미국우주&로봇TOP2미국채혼합50,8905,2,45,0.51,8865.0,,55001,487,276,2026-08-25 04:51:23
493420,4,SOL 미국배당다우존스2호,13035,2,35,0.27,13062.0,-0.2346,21747,283,274,2026-08-25 04:51:23
253250,3,KIWOOM 200선물레버리지,94075,5,-905,-0.95,93389.0,-38.7463,1078,96,273,2026-08-25 04:51:23
440340,7,TIGER 글로벌멀티에셋TIF액티브,12110,2,65,0.54,12072.0,-7.5469,9761,117,272,2026-08-25 04:51:23
0137W0,4,KIWOOM 미국S&P500&GOLD,10460,2,50,0.48,10455.0,-6.3374,4751,49,272,2026-08-25 04:51:23
225130,4,ACE 골드선물 레버리지(합성 H),54075,5,-790,-1.44,54332.0,1.8943,22632,1247,270,2026-08-25 04:51:23
479850,2,HANARO K-뷰티,19990,2,370,1.89,19996.0,20.8872,44824,889,270,2026-08-25 04:51:23
0013R0,7,RISE 테슬라미국채타겟커버드콜혼합(합성),7910,5,-45,-0.57,7877.0,-13.4061,8985,70,269,2026-08-25 04:51:23
437350,6,RISE 미국단기투자등급회사채액티브,12220,2,5,0.04,12224.0,-8.2269,8528,104,269,2026-08-25 04:51:23
459790,4,KIWOOM 미국성장기업30액티브,19905,5,-95,-0.47,19830.0,-16.6494,28,0,269,2026-08-25 04:51:23
261060,2,TIGER 코스닥150IT,23145,2,745,3.33,23121.0,-29.8905,16999,379,268,2026-08-25 04:51:23
0115C0,4,RISE 미국고배당다우존스TOP10,11395,2,45,0.4,11394.0,-1.1864,3388,38,268,2026-08-25 04:51:23
167860,6,KIWOOM 국고채10년레버리지,92015,2,290,0.32,91954.0,-1.5827,4,0,267,2026-08-25 04:51:23
419430,4,KODEX 차이나2차전지MSCI(합성),9500,5,-275,-2.81,9530.0,-20.4315,744,7,266,2026-08-25 04:51:23
0152E0,2,SOL 배당성향탑픽액티브,10815,2,185,1.74,10810.0,-10.7867,6383,67,265,2026-08-25 04:51:23
456680,4,TIGER 차이나전기차레버리지(합성),6485,5,-110,-1.67,6499.0,-44.0153,4559,29,265,2026-08-25 04:51:23
0223R0,4,TIGER 미국테크NYSE100액티브,9085,5,-30,-0.33,9050.0,,21774,196,264,2026-08-25 04:51:23
245360,4,TIGER 차이나HSCEI,12295,5,-20,-0.16,12308.0,-9.3992,748,9,264,2026-08-25 04:51:23
0103T0,2,1Q K소버린AI,8900,5,-40,-0.45,8873.0,-4.0258,78838,678,263,2026-08-25 04:51:23
461600,6,SOL 미국30년국채액티브(H),8330,5,-15,-0.18,8325.0,-1.4177,1421,11,262,2026-08-25 04:51:23
0049K0,7,ACE 미국배당퀄리티채권혼합50,11145,5,-25,-0.22,11142.0,-3.0332,6505,72,262,2026-08-25 04:51:23
489290,4,WON 미국빌리어네어,14840,2,155,1.06,14780.0,-11.5628,5204,77,260,2026-08-25 04:51:23
0047R0,4,RISE 팔란티어고정테크100,15190,5,-5,-0.03,15144.0,-1.4539,7853,119,258,2026-08-25 04:51:23
185680,4,KODEX 미국S&P바이오(합성),48440,5,-15,-0.03,48477.0,12.3333,2007,97,258,2026-08-25 04:51:23
0164G0,4,RISE 차이나AI반도체TOP4Plus,12170,5,-35,-0.29,12238.0,-19.9673,5128,62,256,2026-08-25 04:51:23
368190,2,HANARO Fn K-뉴딜디지털플러스,7965,5,-85,-1.06,7981.0,-12.0219,825,6,255,2026-08-25 04:51:23
414270,4,ACE 글로벌자율주행액티브,11825,5,-210,-1.74,11797.0,-17.2284,2075,24,254,2026-08-25 04:51:23
0198D0,2,1Q SK하이닉스선물단일종목레버리지,8420,5,-255,-2.94,8358.0,,26781,211,251,2026-08-25 04:51:23
0097L0,7,KIWOOM 한국고배당&미국AI테크,12545,2,65,0.52,12561.0,-7.2001,3257,40,251,2026-08-25 04:51:23
277540,4,ACE 아시아TOP50,31270,5,-350,-1.11,31373.0,-8.0413,174,5,250,2026-08-25 04:51:23
483570,4,KCGI 미국S&P500 TOP10,15460,2,115,0.75,15390.0,-12.6139,801,12,247,2026-08-25 04:51:23
496120,1,ACE 코리아밸류업,32830,2,125,0.38,32699.0,-11.5513,116,3,246,2026-08-25 04:51:23
139250,2,TIGER 200 에너지화학,17420,2,80,0.46,17434.0,-14.9185,23637,406,244,2026-08-25 04:51:23
0093D0,7,KoAct 팔란티어밸류체인액티브,17240,5,-165,-0.95,17199.0,-11.1537,20953,360,241,2026-08-25 04:51:23
195970,4,PLUS 선진국MSCI(합성 H),16525,2,35,0.21,16651.0,3.2237,3620,60,241,2026-08-25 04:51:23
411540,1,SOL 200 Top10,17160,2,10,0.06,17147.0,-15.4011,2806,47,240,2026-08-25 04:51:23
0206G0,7,1Q 현대차기아채권혼합50,8360,2,55,0.66,8375.0,,159548,1331,238,2026-08-25 04:51:23
280930,4,KODEX 미국러셀2000(H),16975,5,-75,-0.44,16935.0,5.0847,2207,37,238,2026-08-25 04:51:23
269420,4,KODEX S&P글로벌인프라(합성),22345,2,135,0.61,22287.0,-10.6058,1023,22,238,2026-08-25 04:51:23
481340,6,RISE 미국30년국채액티브,8635,2,15,0.17,8635.0,-10.2599,33843,292,237,2026-08-25 04:51:23
442550,7,RISE TDF2030액티브 적격,14685,2,70,0.48,14576.0,-4.4948,3029,44,235,2026-08-25 04:51:23
138230,7,KIWOOM 미국달러선물,16200,2,20,0.12,16200.0,-8.1726,7291,118,235,2026-08-25 04:51:23
204450,4,KODEX 차이나H레버리지(H),2325,5,-10,-0.43,2326.0,-5.2739,27449,63,235,2026-08-25 04:51:23
289250,2,TIGER MSCI KOREA ESG유니버설,33880,5,-330,-0.96,33778.0,-10.7915,9244,306,234,2026-08-25 04:51:23
292160,1,TIGER KRX300,46735,5,-480,-1.02,46639.0,-14.4671,10095,459,234,2026-08-25 04:51:23
292500,1,SOL KRX300,46655,5,-1170,-2.45,47516.0,-14.519,28,1,233,2026-08-25 04:51:23
461450,1,KODEX 코스닥글로벌,15490,5,-105,-0.67,15474.0,-22.6055,989,14,232,2026-08-25 04:51:23
367740,2,HANARO Fn5G산업,41890,2,455,1.1,41877.0,-11.1886,761,31,230,2026-08-25 04:51:23
159800,1,마이티 코스피100,81940,5,-1895,-2.26,83341.0,-13.9095,9,0,229,2026-08-25 04:51:23
0198B0,2,1Q 삼성전자선물단일종목레버리지,10710,5,-370,-3.34,10706.0,,28249,292,229,2026-08-25 04:51:23
300950,2,KODEX 게임산업,5450,5,-30,-0.55,5454.0,-16.272,26248,141,229,2026-08-25 04:51:23
388280,2,RISE K엔터&여행레저,6890,5,-10,-0.14,6920.0,-17.4148,465,3,229,2026-08-25 04:51:23
364690,1,KODEX 혁신기술테마액티브,38020,2,45,0.12,37894.0,-15.4182,1152,43,228,2026-08-25 04:51:23
0153X0,4,PLUS 미국고배당주액티브,11615,2,65,0.56,11615.0,1.5341,87185,1011,226,2026-08-25 04:51:23
477730,4,KODEX 인도타타그룹,7545,2,5,0.07,7535.0,-7.0129,9515,71,226,2026-08-25 04:51:23
438320,4,TIGER 차이나항셍테크레버리지(합성 H),5155,5,-65,-1.25,5163.0,-14.2153,7541,38,226,2026-08-25 04:51:23
471460,6,KIWOOM 국고채30년액티브,45155,2,225,0.5,45175.0,-7.4386,243,10,226,2026-08-25 04:51:23
0067V0,4,TIGER 차이나글로벌리더스TOP3+,10180,2,30,0.3,10174.0,-15.3815,1049,10,224,2026-08-25 04:51:23
0047P0,4,RISE 테슬라고정테크100,14380,5,-100,-0.69,14321.0,-10.5044,2119,30,223,2026-08-25 04:51:23
469160,4,ACE 일본반도체,24670,5,-10,-0.04,24824.0,-14.2907,1819,44,222,2026-08-25 04:51:23
464600,2,SOL 자동차소부장Fn,23315,2,175,0.76,23315.0,-21.5727,4893,111,221,2026-08-25 04:51:23
0127R0,4,RISE 미국AI클라우드인프라,16320,2,170,1.05,16114.0,-16.5724,3257,52,220,2026-08-25 04:51:23
0065G0,4,KODEX 차이나테크TOP10,8615,5,-70,-0.81,8681.0,-16.5463,7175,62,220,2026-08-25 04:51:23
239660,6,PLUS 우량회사채50,121680,2,20,0.02,121677.0,0.6994,4515,549,219,2026-08-25 04:51:23
447660,7,PLUS 애플채권혼합,13595,2,20,0.15,13628.0,-1.2061,5639,76,218,2026-08-25 04:51:23
0026E0,4,KODEX 미국S&P500버퍼3월액티브,11720,2,40,0.34,11737.0,-6.4103,135,1,217,2026-08-25 04:51:23
433220,4,에셋플러스 글로벌대장장이액티브,29280,5,-55,-0.19,29211.0,-19.1874,71,2,217,2026-08-25 04:51:23
375760,2,HANARO 탄소효율그린뉴딜,23790,2,135,0.57,23709.0,-13.302,178,4,214,2026-08-25 04:51:23
253290,7,RISE 헬스케어채권혼합,11870,5,-115,-0.96,11852.0,-2.2694,11892,139,214,2026-08-25 04:51:23
217770,5,TIGER 원유선물인버스(H),1257,2,4,0.32,1256.0,2.1189,119996,150,213,2026-08-25 04:51:23
0186L0,4,KoAct 미국로봇피지컬AI액티브,9060,5,-85,-0.93,9012.0,-16.293,41183,371,213,2026-08-25 04:51:23
371450,4,TIGER 글로벌클라우드컴퓨팅INDXX,13600,2,30,0.22,13604.0,9.3473,7868,106,212,2026-08-25 04:51:23
376410,2,TIGER 탄소효율그린뉴딜,23480,5,-320,-1.34,23804.0,-13.9062,190,4,211,2026-08-25 04:51:23
404260,2,KODEX 기후변화솔루션,23430,2,400,1.74,23639.0,-21.0696,108717,2459,211,2026-08-25 04:51:23
108590,1,TREX 200,105060,5,-500,-0.47,104687.0,-14.1975,83,8,210,2026-08-25 04:51:23
463300,4,RISE 중국본토CSI300,13125,5,-10,-0.08,13173.0,-11.4618,1561,20,210,2026-08-25 04:51:23
465670,4,TIGER 미국캐시카우100,17335,2,165,0.96,17155.0,8.9011,48181,832,208,2026-08-25 04:51:23
0177A0,2,WON 두산그룹포커스,8475,2,225,2.73,8490.0,-33.6017,82753,686,208,2026-08-25 04:51:23
300640,2,RISE 게임테마,6385,2,5,0.08,6379.0,-14.0162,1729,10,208,2026-08-25 04:51:23
152380,6,KODEX 국채선물10년,64845,2,70,0.11,64848.0,-0.5451,1377,89,206,2026-08-25 04:51:23
417630,2,TIGER KEDI혁신기업ESG30,19610,2,170,0.87,19591.0,-9.3073,557,10,206,2026-08-25 04:51:23
437070,6,KODEX 아시아달러채권ESG플러스액티브,59445,2,120,0.2,59425.0,-8.9468,145,8,206,2026-08-25 04:51:23
0144M0,4,KODEX 미국드론UAM TOP10,7470,5,-235,-3.05,7436.0,-16.4317,13773,102,205,2026-08-25 04:51:23
091220,2,TIGER 은행,16565,2,320,1.97,16522.0,3.0509,38454,633,205,2026-08-25 04:51:23
364990,2,TIGER 게임TOP10,4710,5,-90,-1.87,4717.0,-14.8937,28097,131,205,2026-08-25 04:51:23
169950,4,KODEX 차이나A50,25575,2,80,0.31,25490.0,-10.8255,104,2,205,2026-08-25 04:51:23
0224X0,7,1Q 엔비디아알파벳미국채혼합50,9735,2,55,0.57,9673.0,,44404,432,204,2026-08-25 04:51:23
226980,1,KODEX 200 중소형,22600,2,300,1.35,22665.0,-19.0212,1069,23,203,2026-08-25 04:51:23
489000,6,PLUS 일본엔화초단기국채(합성),9195,3,0,0.0,9202.0,-8.7345,18999,174,202,2026-08-25 04:51:23
304770,1,HANARO 코스닥150,14155,2,25,0.18,14142.0,-28.5643,3404,46,201,2026-08-25 04:51:23
337120,2,KODEX 멀티팩터,33325,5,-365,-1.08,33400.0,-14.4267,5,0,200,2026-08-25 04:51:23
416090,4,ACE 중국과창판STAR50,12440,2,50,0.4,12425.0,-19.0197,8804,109,199,2026-08-25 04:51:23
0190M0,4,KIWOOM 미국AI테크하이베타,8065,5,-55,-0.68,7947.0,-26.9785,16395,131,198,2026-08-25 04:51:23
497780,4,KoAct 미국천연가스인프라액티브,10645,2,10,0.09,10552.0,-11.6589,6014,63,197,2026-08-25 04:51:23
0192S0,7,SOL 코스피200채권혼합50,9315,5,-45,-0.48,9314.0,-6.4365,121414,1119,196,2026-08-25 04:51:23
0223A0,2,RISE 코스닥커버드콜액티브,10535,2,190,1.84,10567.0,,238432,2426,195,2026-08-25 04:51:23
213630,4,PLUS 미국다우존스고배당주(합성 H),21115,2,130,0.62,21265.0,5.4257,8230,174,194,2026-08-25 04:51:23
407310,1,HANARO 200 TOP10,16810,2,110,0.66,16783.0,-15.3886,749,12,193,2026-08-25 04:51:23
289040,2,KODEX MSCI KOREA ESG유니버설,32070,5,-1000,-3.02,32404.0,-10.1682,5,0,192,2026-08-25 04:51:23
379790,4,RISE 유로스탁스50(H),17490,2,40,0.23,17521.0,6.4756,17399,305,192,2026-08-25 04:51:23
0203R0,6,WON 중단기종합채권(A-이상)액티브,50450,3,0,0.0,50467.0,,0,0,192,2026-08-25 04:51:23
284980,2,RISE 200금융,22060,2,360,1.66,22041.0,-5.7246,2907,63,190,2026-08-25 04:51:23
0104P0,2,TIGER 코리아배당다우존스위클리커버드콜,11100,2,140,1.28,11083.0,-7.985,3936,43,189,2026-08-25 04:51:23
0018Z0,4,RISE 미국양자컴퓨팅,17950,5,-195,-1.07,17841.0,-15.4819,1844,32,188,2026-08-25 04:51:23
487950,4,KODEX 대만테크고배당다우존스,12995,5,-45,-0.35,13017.0,-3.7973,3250,42,188,2026-08-25 04:51:23
0105D0,2,SOL 한국AI소프트웨어,9905,5,-70,-0.7,9896.0,-4.7278,35759,344,188,2026-08-25 04:51:23
445910,2,TIGER MKF배당귀족,20715,2,345,1.69,20689.0,-9.87,3382,69,186,2026-08-25 04:51:23
228820,1,TIGER KTOP30,18480,5,-155,-0.83,18482.0,-11.5322,40498,738,185,2026-08-25 04:51:23
304760,1,HANARO KRX300,45910,2,90,0.2,45741.0,-14.7092,41,1,184,2026-08-25 04:51:23
229720,1,KODEX KTOP30,36700,5,-400,-1.08,36631.0,-11.8321,2062,75,184,2026-08-25 04:51:23
276000,4,TIGER 글로벌자원생산기업(합성 H),21285,5,-495,-2.27,21536.0,6.6079,2032,43,181,2026-08-25 04:51:23
183710,7,RISE 주식혼합,90200,5,-1025,-1.12,90724.0,-10.5229,251,22,180,2026-08-25 04:51:23
468370,6,KODEX iShares미국인플레이션국채액티브,10730,5,-10,-0.09,10745.0,-8.919,23792,255,179,2026-08-25 04:51:23
445690,2,BNK 주주가치액티브,29820,5,-20,-0.07,29780.0,-13.5324,77,2,179,2026-08-25 04:51:23
385600,2,ACE 2차전지&친환경차액티브,11900,5,-25,-0.21,11881.0,-19.3985,7086,83,179,2026-08-25 04:51:23
449580,7,RISE 테슬라애플아마존채권혼합,16110,5,-5,-0.03,16105.0,-5.4548,2277,36,177,2026-08-25 04:51:23
195920,4,TIGER 일본TOPIX(합성 H),35165,2,355,1.02,35268.0,5.0392,409,14,176,2026-08-25 04:51:23
461900,4,PLUS 미국테크TOP10,21840,2,80,0.37,21716.0,-12.7856,781,16,175,2026-08-25 04:51:23
483330,4,ACE 마이크로소프트밸류체인액티브,14535,2,25,0.17,14494.0,-5.1014,2660,38,174,2026-08-25 04:51:23
461910,4,PLUS 미국테크TOP10레버리지(합성),34755,2,375,1.09,34398.0,-26.8667,349,12,174,2026-08-25 04:51:23
460660,4,RISE 미국S&P배당킹,12340,2,260,2.15,12265.0,1.9931,3217,39,173,2026-08-25 04:51:23
0086C0,7,TIGER 리츠부동산인프라10채권혼합액티브,9870,3,0,0.0,9870.0,-1.8774,3550,34,173,2026-08-25 04:51:23
415760,4,SOL 차이나육성산업액티브(합성),12695,2,85,0.67,12810.0,-18.1701,31108,391,173,2026-08-25 04:51:23
236350,4,TIGER 인도니프티50레버리지(합성),27815,5,-15,-0.05,27662.0,-15.3589,618,17,172,2026-08-25 04:51:23
404120,2,TIME K신재생에너지액티브,24635,2,245,1.0,24664.0,-20.7603,975,23,172,2026-08-25 04:51:23
474920,4,에셋플러스 차이나일등기업포커스10액티브,18320,2,15,0.08,18285.0,-0.7052,901,16,172,2026-08-25 04:51:23
477490,4,에셋플러스 글로벌일등기업포커스10액티브,18985,5,-205,-1.07,18968.0,-12.7529,301,5,171,2026-08-25 04:51:23
457690,6,KODEX 33-06 국고채액티브,10490,2,10,0.1,10481.0,0.0955,991,10,170,2026-08-25 04:51:23
227830,1,PLUS 코스피,67925,5,-1480,-2.13,68869.0,-14.624,87,5,170,2026-08-25 04:51:23
289260,2,TIGER MSCI KOREA ESG리더스,28100,5,-5,-0.02,27972.0,-8.9422,7970,217,169,2026-08-25 04:51:23
250730,4,RISE 차이나HSCEI(H),9910,2,50,0.51,9985.0,-1.3507,1033,10,168,2026-08-25 04:51:23
292050,1,RISE KRX300,48010,5,-80,-0.17,47769.0,-14.6206,2071,96,168,2026-08-25 04:51:23
494420,2,PLUS 미국배당증가성장주데일리커버드콜,9315,2,45,0.49,9300.0,-2.3027,2979,27,168,2026-08-25 04:51:23
225060,4,TIGER 이머징마켓MSCI레버리지(합성 H),15795,5,-240,-1.5,16059.0,-2.4636,75,1,167,2026-08-25 04:51:23
391670,1,HK 베스트일레븐액티브,27775,5,-685,-2.41,27923.0,-10.4187,9493,261,167,2026-08-25 04:51:23
332620,6,PLUS 미국장기우량회사채,88615,2,10,0.01,88554.0,-10.4022,266,23,166,2026-08-25 04:51:23
291130,4,ACE MSCI멕시코(합성),18325,2,85,0.47,18433.0,-9.9482,23,0,165,2026-08-25 04:51:23
266410,2,KODEX 필수소비재,10280,2,175,1.73,10275.0,4.0044,25297,258,164,2026-08-25 04:51:23
419650,4,PLUS 글로벌수소&차세대연료전지,5025,5,-25,-0.5,5000.0,-37.345,2411,12,163,2026-08-25 04:51:23
0193K0,2,PLUS 삼성전자단일종목레버리지,11445,5,-380,-3.21,11405.0,,30741,336,163,2026-08-25 04:51:23
219390,4,RISE 미국S&P원유생산기업(합성 H),8090,5,-95,-1.16,8201.0,6.5061,18276,147,162,2026-08-25 04:51:23
453630,4,KODEX 미국S&P500필수소비재,12735,2,240,1.92,12769.0,-6.9175,10954,139,159,2026-08-25 04:51:23
131890,2,ACE 삼성그룹동일가중,39615,5,-90,-0.23,39730.0,-5.1708,124,4,158,2026-08-25 04:51:23
432840,4,HANARO 미국S&P500,19750,2,25,0.13,19719.0,-6.203,3449,67,158,2026-08-25 04:51:23
265690,4,ACE 러시아MSCI(합성),8535,3,0,0.0,48.0,0.0,0,0,158,2026-08-25 04:51:23
438900,2,HANARO Fn K-푸드,11885,5,-10,-0.08,11890.0,0.0496,19561,231,155,2026-08-25 04:51:23
0220A0,7,KIWOOM 현대차그룹TOP3채권혼합50,9615,2,35,0.37,9616.0,,12372,118,154,2026-08-25 04:51:23
0207Z0,4,KIWOOM 미국우주데이터센터인프라,6910,5,-35,-0.5,6854.0,,19821,136,152,2026-08-25 04:51:23
114460,6,ACE 국고채3년,100750,2,40,0.04,100749.0,0.7173,297,29,151,2026-08-25 04:51:23
104520,2,KIWOOM 블루칩,15040,2,130,0.87,14998.0,-9.6921,75,1,150,2026-08-25 04:51:23
491510,2,파워 K-주주가치액티브,17685,2,275,1.58,17714.0,-9.0587,44,0,150,2026-08-25 04:51:23
337150,2,KODEX 200exTOP,24990,2,110,0.44,25154.0,-15.6555,238,5,150,2026-08-25 04:51:23
488290,4,MIDAS 일본테크액티브,42725,2,240,0.56,43446.0,-15.1488,874,36,150,2026-08-25 04:51:23
0051A0,4,KoAct 브로드컴밸류체인액티브,22990,2,55,0.24,22912.0,-14.5174,19106,439,149,2026-08-25 04:51:23
413930,2,WON AI ESG액티브,27110,2,195,0.72,27030.0,-16.035,660,17,149,2026-08-25 04:51:23
453820,4,KODEX 인도Nifty50레버리지(합성),11450,5,-105,-0.91,11511.0,-14.8803,238,2,149,2026-08-25 04:51:23
0193L0,2,PLUS 삼성전자선물단일종목인버스2X,9870,2,210,2.17,9900.0,,835968,8563,148,2026-08-25 04:51:23
130680,5,TIGER 원유선물Enhanced(H),7045,5,-20,-0.28,7028.0,-8.6029,12788,89,148,2026-08-25 04:51:23
0216Z0,2,ACE K방산TOP5+,8700,5,-10,-0.11,8705.0,,17232,148,148,2026-08-25 04:51:23
387280,2,TIGER 퓨처모빌리티액티브,11605,2,70,0.61,11603.0,-25.5327,476,5,147,2026-08-25 04:51:23
453010,7,PLUS KOFR금리,109800,2,20,0.02,109794.0,0.6463,130,14,147,2026-08-25 04:51:23
0104G0,2,PLUS K방산레버리지,6010,2,35,0.59,6025.0,-55.2435,50375,295,144,2026-08-25 04:51:23
0153P0,2,ACE 리츠부동산인프라액티브,9610,2,50,0.52,9606.0,-2.9825,3578,34,144,2026-08-25 04:51:23
0013P0,4,RISE 미국은행TOP10,12975,2,175,1.37,12939.0,3.9088,4913,63,143,2026-08-25 04:51:23
0090B0,2,PLUS K방산소부장,6570,2,90,1.39,6574.0,-48.16,15903,102,141,2026-08-25 04:51:23
102960,2,KODEX 기계장비,13290,2,235,1.8,13256.0,-32.2698,5497,72,141,2026-08-25 04:51:23
0004G0,4,1Q 미국배당TOP30,9355,2,65,0.7,9356.0,1.5025,6888,64,140,2026-08-25 04:51:23
0028X0,4,KODEX 미국금융테크액티브,12200,2,120,0.99,12260.0,6.1396,9261,113,140,2026-08-25 04:51:23
234310,2,RISE V&S셀렉트밸류,27995,2,295,1.06,27907.0,-14.493,5,0,140,2026-08-25 04:51:23
404650,2,SOL KRX기후변화솔루션,23145,2,90,0.39,23535.0,-21.0405,2048,46,139,2026-08-25 04:51:23
272570,6,RISE 중장기국공채액티브,107960,5,-20,-0.02,107952.0,0.6384,41,4,138,2026-08-25 04:51:23
373490,2,KODEX 코리아혁신성장액티브,25050,2,160,0.64,25097.0,-27.169,76,1,138,2026-08-25 04:51:23
417450,4,RISE 글로벌수소경제,16005,2,110,0.69,15928.0,-31.1443,331,5,136,2026-08-25 04:51:23
244620,2,KODEX 모멘텀Plus,19285,5,-220,-1.13,19796.0,-22.0112,50,0,135,2026-08-25 04:51:23
485810,4,TIME 글로벌바이오액티브,11720,2,15,0.13,11708.0,12.332,7995,93,135,2026-08-25 04:51:23
496130,1,TRUSTON 코리아밸류업액티브,24875,2,40,0.16,24840.0,-16.5491,656,16,134,2026-08-25 04:51:23
0127T0,4,KIWOOM 미국S&P500&배당다우존스비중전환,11185,2,50,0.45,11131.0,-4.905,1128,12,134,2026-08-25 04:51:23
0088N0,2,WON K-글로벌수급상위,10670,2,365,3.54,10669.0,-27.1989,4656,48,133,2026-08-25 04:51:23
0127V0,4,KIWOOM 미국S&P500 TOP10&배당다우비중전환,10635,2,60,0.57,10604.0,-9.7927,2673,28,133,2026-08-25 04:51:23
428560,4,KODEX 미국ETF산업Top10 Indxx,16530,2,320,1.97,16589.0,-2.0525,8699,144,132,2026-08-25 04:51:23
266390,2,KODEX 경기소비재,14690,5,-30,-0.2,14694.0,0.0809,3769,54,132,2026-08-25 04:51:23
0222F0,2,마이티 AI데이터센터밸류체인,12555,5,-80,-0.63,12538.0,,75339,933,132,2026-08-25 04:51:23
396510,4,TIGER 차이나클린에너지SOLACTIVE,7320,2,30,0.41,7359.0,-24.5733,1463,10,132,2026-08-25 04:51:23
360150,2,KODEX 코스닥150롱코스피200숏선물,3210,2,20,0.63,3212.0,-23.0399,143021,457,132,2026-08-25 04:51:23
137610,5,TIGER 농산물선물Enhanced(H),5680,5,-40,-0.7,5698.0,4.2844,23499,133,131,2026-08-25 04:51:23
472720,1,TRUSTON 주주가치액티브,25090,2,220,0.88,25057.0,-17.5535,590,14,130,2026-08-25 04:51:23
252650,1,KODEX 200동일가중,18625,2,145,0.78,18624.0,-11.5883,1331,24,130,2026-08-25 04:51:23
290080,3,RISE 200고배당커버드콜ATM,7330,2,20,0.27,7449.0,11.8825,19977,146,128,2026-08-25 04:51:23
300610,2,TIGER K게임,5335,5,-25,-0.47,5343.0,-14.6497,4289,22,128,2026-08-25 04:51:23
176950,6,KODEX 국채선물10년인버스,60390,5,-80,-0.13,60426.0,1.4512,309,18,127,2026-08-25 04:51:23
0194R0,2,KIWOOM SK하이닉스선물단일종목레버리지,8045,5,-185,-2.25,7910.0,,9884,73,127,2026-08-25 04:51:23
435040,4,ACE 글로벌브랜드TOP10,19480,2,40,0.21,19459.0,-6.4852,846,16,127,2026-08-25 04:51:23
0015F0,7,KIWOOM 팔란티어미국30년국채혼합액티브(H),10530,5,-20,-0.19,10584.0,5.9314,20195,212,126,2026-08-25 04:51:23
400570,4,KODEX 유럽탄소배출권선물ICE(H),11470,2,155,1.37,11549.0,9.7478,790,9,126,2026-08-25 04:51:23
489860,4,KIWOOM 글로벌전력GRID인프라,14840,5,-240,-1.59,14889.0,-13.7868,1430,21,126,2026-08-25 04:51:23
484890,6,SOL 머니마켓액티브,52505,2,5,0.01,52504.0,0.6518,2925,153,125,2026-08-25 04:51:23
435550,7,KIWOOM TDF2050액티브 적격,17815,5,-55,-0.31,17821.0,-6.7312,680,12,125,2026-08-25 04:51:23
363510,6,SOL KIS단기통안채,112090,3,0,0.0,112102.0,0.5607,0,0,124,2026-08-25 04:51:23
453660,4,KODEX 미국S&P500경기소비재,17705,2,205,1.17,17673.0,-9.4504,970,17,124,2026-08-25 04:51:23
395760,2,PLUS ESG성장주액티브,20530,5,-195,-0.94,20853.0,-15.5461,62,1,123,2026-08-25 04:51:23
279540,2,KODEX 최소변동성,20475,5,-305,-1.47,20752.0,-14.4794,7,0,123,2026-08-25 04:51:23
453060,6,HANARO KOFR금리액티브(합성),111340,3,0,0.0,111347.0,0.6645,25,2,122,2026-08-25 04:51:23
140580,2,RISE 우량업종대표주,24305,2,200,0.83,24266.0,-15.7463,6,0,122,2026-08-25 04:51:23
0000H0,2,KODEX 인도Nifty미드캡100,10530,2,25,0.24,10514.0,-5.7394,145,1,121,2026-08-25 04:51:23
332610,6,PLUS 미국단기회사채(AAA~A),126135,2,275,0.22,126102.0,-8.1857,553,69,121,2026-08-25 04:51:23
251590,2,PLUS 고배당저변동50,17265,5,-20,-0.12,17343.0,-5.3396,473,8,121,2026-08-25 04:51:23
0208N0,1,IBK 코스피액티브,7320,5,-10,-0.14,7304.0,,336,2,121,2026-08-25 04:51:23
409810,4,KODEX 미국나스닥100선물인버스(H),5600,5,-5,-0.09,5615.0,0.9,53136,297,120,2026-08-25 04:51:23
269370,4,TIGER S&P글로벌인프라(합성),17115,5,-20,-0.12,17152.0,-10.0786,70,1,120,2026-08-25 04:51:23
457700,6,KODEX 53-09 국고채액티브,9065,2,65,0.72,9062.0,-6.7841,788,7,120,2026-08-25 04:51:23
269530,4,PLUS S&P글로벌인프라,19815,5,-20,-0.1,20000.0,-10.5455,829,16,119,2026-08-25 04:51:23
448490,6,HANARO 32-10 국고채액티브,52825,5,-25,-0.05,52806.0,-0.5083,4,0,118,2026-08-25 04:51:23
404540,2,TIGER KRX기후변화솔루션,23655,2,515,2.23,23711.0,-21.3584,48252,1098,118,2026-08-25 04:51:23
410870,2,TIME K컬처액티브,9845,2,85,0.87,9855.0,-11.9531,2382,23,118,2026-08-25 04:51:23
487750,2,BNK 온디바이스AI,29500,2,405,1.39,29407.0,-23.3435,1244,34,118,2026-08-25 04:51:23
0221Z0,2,ACE K바이오코스닥액티브,10710,5,-190,-1.74,10731.0,,174156,1825,118,2026-08-25 04:51:23
0008E0,4,ACE 미국중심중소형제조업,12350,5,-255,-2.02,12346.0,-13.7825,62,0,117,2026-08-25 04:51:23
354240,7,RISE 미국고정배당우선증권,10545,2,15,0.14,10591.0,-11.0642,848,8,116,2026-08-25 04:51:23
166400,3,TIGER 200커버드콜OTM,23030,5,-130,-0.56,23124.0,3.2705,513,11,115,2026-08-25 04:51:23
0222D0,2,KoAct 고배당액티브,10465,2,165,1.6,10457.0,,27184,283,115,2026-08-25 04:51:23
280920,2,PLUS 주도업종,22890,5,-245,-1.06,23096.0,-17.5223,65,1,114,2026-08-25 04:51:23
451600,6,PLUS 국고채30년액티브,83395,2,445,0.54,83368.0,-7.4271,25,2,114,2026-08-25 04:51:23
0113G0,4,KoAct 미국바이오헬스케어액티브,11870,2,45,0.38,11843.0,14.8615,14941,176,113,2026-08-25 04:51:23
430500,7,KIWOOM 물가채KIS,112520,2,125,0.11,112389.0,-0.4297,47,5,113,2026-08-25 04:51:23
140710,2,KODEX 운송,6610,2,105,1.61,6613.0,-5.1834,136313,897,112,2026-08-25 04:51:23
0084E0,7,KIWOOM 미국대형주500월간목표헤지액티브,10190,5,-130,-1.26,10224.0,-7.2739,2,0,112,2026-08-25 04:51:23
451150,4,에셋플러스 글로벌영에이지액티브,18050,2,170,0.95,18050.0,-4.9695,3,0,112,2026-08-25 04:51:23
463640,4,KODEX 미국S&P500유틸리티,13925,2,240,1.75,13820.0,-12.2288,6139,85,111,2026-08-25 04:51:23
464610,2,SOL 의료기기소부장Fn,7400,5,-25,-0.34,7406.0,-21.4702,1698,12,111,2026-08-25 04:51:23
498050,2,HANARO 바이오코리아액티브,11070,5,-345,-3.02,11087.0,-18.3185,11101,120,111,2026-08-25 04:51:23
461580,1,TIGER 코스닥글로벌,15790,5,-85,-0.54,15800.0,-22.1433,10579,162,111,2026-08-25 04:51:23
407820,2,에셋플러스 코리아플랫폼액티브,6105,2,75,1.24,6110.0,-23.5742,213,1,110,2026-08-25 04:51:23
446700,2,RISE 배터리 리사이클링,10510,3,0,0.0,10524.0,-25.4346,786,8,109,2026-08-25 04:51:23
0094L0,4,RISE 차이나테크TOP10위클리타겟커버드콜,7772,5,-63,-0.8,7786.0,-12.608,1560,12,109,2026-08-25 04:51:23
0002C0,4,에셋플러스 인도일등기업포커스20액티브,10055,2,55,0.55,10067.0,0.7049,86,0,109,2026-08-25 04:51:23
385710,2,TIME K이노베이션액티브,10845,5,-180,-1.63,10854.0,-29.259,7520,80,108,2026-08-25 04:51:23
371870,4,ACE 차이나항셍테크,6765,5,-55,-0.81,6750.0,-13.6163,8046,54,108,2026-08-25 04:51:23
419420,4,KODEX 미국클린에너지나스닥,9010,5,-120,-1.31,8952.0,-27.6146,1654,14,108,2026-08-25 04:51:23
310080,4,RISE 중국MSCI China(H),9370,2,55,0.59,9318.0,-2.3073,4091,38,108,2026-08-25 04:51:23
0203D0,7,PLUS 200위클리커버드콜채권혼합,8880,5,-55,-0.62,8903.0,,16957,149,107,2026-08-25 04:51:23
0093B0,4,RISE 엔비디아고정테크100,12500,3,0,0.0,12451.0,-8.8205,1332,16,106,2026-08-25 04:51:23
0068M0,4,KODEX 미국S&P500버퍼6월액티브,11780,2,15,0.13,11800.0,-4.4745,78,0,106,2026-08-25 04:51:23
0191S0,1,IBK 코스닥150,14245,2,45,0.32,14248.0,-28.5715,7789,107,105,2026-08-25 04:51:23
0001P0,2,마이티 바이오시밀러&CDMO액티브,9340,5,-285,-2.96,9330.0,-17.4175,1121,10,105,2026-08-25 04:51:23
181480,7,ACE 미국부동산리츠(합성 H),87135,2,805,0.93,86744.0,1.5789,84,7,105,2026-08-25 04:51:23
456250,4,KODEX 유럽명품TOP10 STOXX,9060,2,30,0.33,9072.0,-4.1935,1720,15,104,2026-08-25 04:51:23
237440,7,TIGER 경기방어채권혼합,10345,5,-30,-0.29,10402.0,0.387,13856,143,103,2026-08-25 04:51:23
354350,4,HANARO 글로벌럭셔리S&P(합성),19840,2,50,0.25,19992.0,-4.9928,197,3,103,2026-08-25 04:51:23
140570,2,RISE 수출주,25540,2,320,1.27,25512.0,-17.0941,351,8,102,2026-08-25 04:51:23
460270,6,KIWOOM 미국달러SOFR금리액티브(합성),12585,2,10,0.08,12578.0,-7.6387,5680,71,102,2026-08-25 04:51:23
174350,2,TIGER 로우볼,21230,2,225,1.07,21214.0,1.1464,664,14,102,2026-08-25 04:51:23
487910,4,ACE 인도컨슈머파워액티브,8455,5,-5,-0.06,8455.0,-4.4068,3668,31,101,2026-08-25 04:51:23
494180,4,TIME 글로벌소비트렌드액티브,13490,2,225,1.7,13491.0,-7.432,287,3,101,2026-08-25 04:51:23
0189Z0,2,DAISHIN 금융&지주고배당,10105,2,100,1.0,10133.0,,123,1,101,2026-08-25 04:51:23
429010,4,TIGER 미국나스닥넥스트100,19940,2,125,0.63,19833.0,-2.7246,81,1,100,2026-08-25 04:51:23
0120J0,2,BNK 카카오그룹포커스,7945,2,110,1.4,7933.0,-12.2129,4156,32,99,2026-08-25 04:51:23
463690,4,KODEX 미국S&P500커뮤니케이션,17960,2,290,1.64,17968.0,-13.0207,480,8,99,2026-08-25 04:51:23
0067Y0,4,TIGER 차이나AI소프트웨어,10335,5,-65,-0.62,10432.0,-23.3886,6118,63,98,2026-08-25 04:51:23
117690,4,TIGER 차이나항셍30,19595,2,5,0.03,19687.0,-9.7236,1329,25,98,2026-08-25 04:51:23
0226G0,2,WON 피지컬AI TOP2플러스액티브,12200,2,95,0.78,12168.0,,96764,1156,98,2026-08-25 04:51:23
139240,2,TIGER 200 철강소재,11615,2,480,4.31,11641.0,-21.0284,28588,326,98,2026-08-25 04:51:23
252000,1,TIGER 200동일가중,19500,2,165,0.85,19505.0,-11.9816,1788,34,98,2026-08-25 04:51:23
281990,2,RISE 중소형고배당,17720,2,35,0.2,17692.0,-6.99,42,0,97,2026-08-25 04:51:23
0174R0,4,KIWOOM 미국성장다우존스,11300,2,40,0.36,11276.0,-7.3958,6659,74,96,2026-08-25 04:51:23
227570,2,TIGER 우량가치,21100,2,330,1.59,21133.0,-10.4356,1265,26,95,2026-08-25 04:51:23
482030,2,KoAct 반도체&2차전지핵심소재액티브,9040,2,165,1.86,9016.0,-33.9658,3550,30,95,2026-08-25 04:51:23
449680,7,TIGER 한중전기차(합성),11110,5,-90,-0.8,10917.0,-24.7312,3,0,94,2026-08-25 04:51:23
497510,4,ACE 글로벌빅파마,13465,2,10,0.07,13470.0,4.4318,787,10,94,2026-08-25 04:51:23
301400,1,PLUS 코스닥150,14250,2,110,0.78,14273.0,-29.4588,1303,18,93,2026-08-25 04:51:23
230480,7,KIWOOM 미국달러선물인버스2X,4600,5,-15,-0.33,4628.0,18.7902,2426,11,92,2026-08-25 04:51:23
341850,7,TIGER 리츠부동산인프라채권,4620,5,-15,-0.32,4621.0,-0.0848,2244,10,92,2026-08-25 04:51:23
0214M0,2,MIDAS 바이오헬스케어액티브,10800,5,-515,-4.55,11031.0,,207,2,92,2026-08-25 04:51:23
399580,4,RISE 글로벌클린에너지,9170,5,-20,-0.22,9142.0,-28.2305,1003,9,92,2026-08-25 04:51:23
0084D0,7,KIWOOM 미국테크100월간목표헤지액티브,11310,5,-35,-0.31,11261.0,-9.3089,22,0,90,2026-08-25 04:51:23
375270,7,RISE 글로벌데이터센터리츠(합성),13870,2,20,0.14,13858.0,-18.1684,345,4,90,2026-08-25 04:51:23
0224D0,4,KIWOOM 미국CPU반도체TOP4+,8940,5,-10,-0.11,8887.0,,7469,66,89,2026-08-25 04:51:23
0227K0,4,RISE 미국우주위성통신,8925,5,-110,-1.22,9003.0,,16363,145,89,2026-08-25 04:51:23
0133E0,4,TIGER 차이나증권,8485,5,-25,-0.29,8577.0,-6.2776,4402,37,89,2026-08-25 04:51:23
395150,2,KODEX 웹툰&드라마,1835,2,11,0.6,1835.0,-14.3662,8928,16,88,2026-08-25 04:51:23
105010,4,TIGER 라틴35,6280,2,85,1.37,6260.0,-12.7588,25372,159,88,2026-08-25 04:51:23
497520,4,ACE 일라이릴리밸류체인,13465,5,-15,-0.11,13473.0,8.8852,748,10,88,2026-08-25 04:51:23
371150,4,RISE 차이나항셍테크,6725,5,-35,-0.52,6733.0,-13.582,1066,7,87,2026-08-25 04:51:23
0194N0,2,KIWOOM 삼성전자선물단일종목레버리지,10520,5,-230,-2.14,10438.0,,11906,120,87,2026-08-25 04:51:23
381570,2,HANARO Fn친환경에너지,10200,2,60,0.59,10193.0,-27.7778,3355,33,87,2026-08-25 04:51:23
435540,7,KIWOOM TDF2040액티브 적격,17300,5,-35,-0.2,17305.0,-6.5421,237,4,87,2026-08-25 04:51:23
466810,2,BNK 2차전지양극재,5765,5,-105,-1.79,5758.0,-27.3066,24104,137,86,2026-08-25 04:51:23
215620,2,HK S&P코리아로우볼,15980,3,0,0.0,16335.0,-6.4951,0,0,86,2026-08-25 04:51:23
217780,4,TIGER 차이나CSI300인버스(합성),5530,2,5,0.09,5549.0,13.5662,42,0,86,2026-08-25 04:51:23
0216K0,7,KIWOOM 미국우주테크TOP2채권혼합50,8560,3,0,0.0,8561.0,,33123,283,86,2026-08-25 04:51:23
462340,4,에셋플러스 글로벌다이나믹시니어액티브,17015,5,-90,-0.53,17020.0,4.6177,10,0,85,2026-08-25 04:51:23
0219B0,2,KoAct 광통신&위성네트워크액티브,10540,2,30,0.29,10540.0,,21844,223,84,2026-08-25 04:51:23
429980,7,SOL 한국형글로벌전기차&2차전지액티브,16840,5,-195,-1.14,16817.0,-19.3419,75,1,84,2026-08-25 04:51:23
225050,4,TIGER 유로스탁스레버리지(합성 H),16625,5,-200,-1.19,16777.0,16.4359,269,4,83,2026-08-25 04:51:23
182490,6,TIGER 단기선진하이일드(합성 H),13820,5,-90,-0.65,13870.0,0.9067,31,0,83,2026-08-25 04:51:23
277650,2,TIGER 코스피중형주,20695,2,95,0.46,20842.0,-18.0263,40,0,83,2026-08-25 04:51:23
395280,2,HANARO Fn K-게임,3520,5,-35,-0.98,3533.0,-12.8677,1160,4,83,2026-08-25 04:51:23
0219Z0,4,HANARO 미국S&P500액티브,10310,5,-30,-0.29,10332.0,,1265,12,82,2026-08-25 04:51:23
270800,2,RISE KQ고배당,14890,5,-65,-0.43,15222.0,-21.5826,154,2,82,2026-08-25 04:51:23
0184N0,7,PLUS 은채권혼합,9005,5,-50,-0.55,9060.0,-7.8841,42905,388,81,2026-08-25 04:51:23
457930,2,BNK 미래전략기술액티브,26830,5,-560,-2.04,27237.0,-20.9068,9,0,80,2026-08-25 04:51:23
0172Y0,2,ACE K수출핵심TOP10산업액티브,9465,2,45,0.48,9440.0,-18.4416,1156,10,80,2026-08-25 04:51:23
253280,2,RISE 헬스케어,13390,5,-245,-1.8,13404.0,-11.8902,872,11,80,2026-08-25 04:51:23
395750,2,PLUS ESG가치주액티브,20010,2,65,0.33,20022.0,-15.666,18,0,80,2026-08-25 04:51:23
261110,7,TIGER 미국달러선물레버리지,16000,2,10,0.06,16010.0,-16.3266,131,2,80,2026-08-25 04:51:23
487920,4,ACE 인도시장대표BIG5그룹액티브,7990,5,-20,-0.25,7985.0,-7.3453,357,2,80,2026-08-25 04:51:23
480460,7,WON 한국부동산TOP3플러스,9395,5,-5,-0.05,9432.0,-3.0238,171,1,80,2026-08-25 04:51:23
0226D0,7,FOCUS 금융반도체지주채권혼합50액티브,9895,2,10,0.1,9900.0,,1332,13,79,2026-08-25 04:51:23
227550,2,TIGER 200 산업재,11995,5,-105,-0.87,11990.0,-21.0441,167,1,79,2026-08-25 04:51:23
0218K0,2,BNK 스마트카,10505,5,-95,-0.9,10628.0,,1037,10,79,2026-08-25 04:51:23
189400,4,PLUS 글로벌MSCI(합성 H),25975,5,-75,-0.29,25903.0,3.414,21,0,78,2026-08-25 04:51:23
0215T0,4,HANARO 미국AI광통신TOP10,8560,2,45,0.53,8431.0,,29217,244,77,2026-08-25 04:51:23
435530,7,KIWOOM TDF2030액티브 적격,15400,2,25,0.16,15362.0,-6.6191,662,10,77,2026-08-25 04:51:23
225800,7,KIWOOM 미국달러선물레버리지,15075,2,30,0.2,15073.0,-16.6944,187,2,77,2026-08-25 04:51:23
494210,4,SOL 미국500타겟데일리커버드콜액티브,10865,5,-10,-0.09,10854.0,-6.4344,6228,67,76,2026-08-25 04:51:23
0082F0,4,HANARO 유럽방산,10855,5,-190,-1.72,10859.0,5.0404,10728,115,76,2026-08-25 04:51:23
437370,4,RISE 글로벌농업경제,10805,5,-40,-0.37,10715.0,-2.9047,1204,12,76,2026-08-25 04:51:23
285690,2,FOCUS ESG리더스,21210,5,-40,-0.19,21357.0,-13.159,1,0,74,2026-08-25 04:51:23
304670,6,KODEX 미국30년국채울트라선물인버스(H),12370,2,10,0.08,12371.0,1.6865,873,10,74,2026-08-25 04:51:23
0094X0,4,1Q 샤오미밸류체인액티브,8235,2,85,1.04,8244.0,-19.1579,1331,10,74,2026-08-25 04:51:23
326230,2,RISE 내수주플러스,11565,2,40,0.35,11550.0,-8.0208,513,5,74,2026-08-25 04:51:23
256450,4,PLUS 심천차이넥스트(합성),14780,5,-130,-0.87,14907.0,-20.6071,345,5,74,2026-08-25 04:51:23
438740,2,MIDAS 중소형액티브,32815,3,0,0.0,33287.0,-19.4329,0,0,74,2026-08-25 04:51:23
402460,2,HANARO Fn K-메타버스MZ,14685,2,60,0.41,14693.0,-3.5129,56,0,73,2026-08-25 04:51:23
139290,2,TIGER 200 경기소비재,26165,2,160,0.62,26155.0,-21.0295,565,14,73,2026-08-25 04:51:23
139660,7,KIWOOM 미국달러선물인버스,8390,5,-10,-0.12,8387.0,9.6605,514,4,73,2026-08-25 04:51:23
0005C0,6,RISE 미국S&P500엔화노출(합성 H),11200,2,5,0.04,11200.0,-6.8636,1673,18,73,2026-08-25 04:51:23
450180,7,KODEX 한중전기차(합성),11180,5,-250,-2.19,11213.0,-24.8521,54,0,73,2026-08-25 04:51:23
368680,2,KODEX K-뉴딜디지털플러스,8035,5,-70,-0.86,8038.0,-11.5023,1791,14,72,2026-08-25 04:51:23
488480,4,RISE 일본섹터TOP4Plus,13105,2,180,1.39,13027.0,-9.1383,454,5,72,2026-08-25 04:51:23
390400,4,KODEX 미국스마트모빌리티S&P,7195,5,-180,-2.44,7180.0,-13.3735,2423,17,72,2026-08-25 04:51:23
400590,4,SOL 글로벌탄소배출권선물ICE(합성),14285,2,135,0.95,14363.0,1.1436,84,1,71,2026-08-25 04:51:23
244670,2,KODEX 밸류Plus,11600,2,200,1.75,11589.0,-8.1653,1777,20,70,2026-08-25 04:51:23
0166T0,4,PLUS 글로벌저작권핵심기업액티브,9855,2,80,0.82,9943.0,-6.5488,215,2,69,2026-08-25 04:51:23
0036Z0,4,RISE 미국천연가스밸류체인,12480,5,-110,-0.87,12525.0,-9.4863,1181,14,69,2026-08-25 04:51:23
0176P0,2,FOCUS AI반도체위클리고정커버드콜,12355,2,200,1.65,12327.0,-16.5252,2736,33,68,2026-08-25 04:51:23
429740,7,PLUS K리츠,6140,2,10,0.16,6157.0,-4.8987,578,3,68,2026-08-25 04:51:23
250780,3,TIGER 코스닥150선물인버스,2435,3,0,0.0,2435.0,21.9328,386325,969,67,2026-08-25 04:51:23
316300,7,ACE 싱가포르리츠,13302,5,-18,-0.14,13347.0,-6.0619,60,0,67,2026-08-25 04:51:23
0138D0,2,RISE 동학개미,12030,5,-5,-0.04,12061.0,-32.5015,523,6,66,2026-08-25 04:51:23
0184V0,2,UNICORN K바이오액티브,5995,5,-195,-3.15,5998.0,-32.6442,55367,325,66,2026-08-25 04:51:23
456200,6,PLUS 미국달러SOFR금리액티브(합성),59905,2,165,0.28,59923.0,-8.0287,19,1,66,2026-08-25 04:51:23
0047N0,4,PLUS 차이나AI테크TOP10,9975,2,25,0.25,10035.0,-13.8156,367,3,65,2026-08-25 04:51:23
315270,2,TIGER 200커뮤니케이션서비스,20190,5,-100,-0.49,20209.0,-6.2692,36890,738,65,2026-08-25 04:51:23
307510,2,TIGER 의료기기,12655,5,-100,-0.78,12656.0,-22.656,5537,69,63,2026-08-25 04:51:23
0102X0,4,ACE 유럽방산TOP10,9570,5,-155,-1.59,9647.0,-1.0548,111513,1063,62,2026-08-25 04:51:23
0087F0,4,ACE 차이나AI빅테크TOP2+액티브,12230,5,-85,-0.69,12135.0,-9.3486,1490,18,61,2026-08-25 04:51:23
291890,4,KODEX MSCI EM선물(H),12225,5,-50,-0.41,12192.0,0.0,81,0,61,2026-08-25 04:51:23
138920,5,KODEX 콩선물(H),12100,5,-75,-0.62,12127.0,1.0373,820,9,61,2026-08-25 04:51:23
289670,6,PLUS 국채선물10년,52015,2,25,0.05,51992.0,-0.326,421,21,60,2026-08-25 04:51:23
469530,3,RISE 미국달러선물인버스,9390,2,5,0.05,9390.0,9.8946,25,0,60,2026-08-25 04:51:23
0114X0,4,RISE 글로벌게임테크TOP3Plus,8490,2,35,0.41,8496.0,-2.0279,90,0,59,2026-08-25 04:51:23
451670,6,RISE 국채30년레버리지(합성),11885,2,215,1.84,11882.0,-17.759,21,0,59,2026-08-25 04:51:23
400580,4,SOL 유럽탄소배출권선물S&P(H),11770,2,95,0.81,11870.0,10.3497,365,4,59,2026-08-25 04:51:23
314700,2,HANARO 농업융복합산업,10665,2,5,0.05,10684.0,-19.7274,9,0,59,2026-08-25 04:51:23
401590,4,HANARO 글로벌탄소배출권선물ICE(합성),11400,2,215,1.92,11457.0,-2.4423,21,0,58,2026-08-25 04:51:23
433250,1,UNICORN R&D 액티브,23215,5,-245,-1.04,23186.0,-16.4233,106,2,58,2026-08-25 04:51:23
0053M0,2,더제이 중소형포커스액티브,12895,2,185,1.46,12896.0,-19.3528,89,1,58,2026-08-25 04:51:23
0191B0,1,MIDAS 코스닥액티브,28875,2,860,3.07,28837.0,-31.0825,400,11,58,2026-08-25 04:51:23
407300,2,HANARO Fn골프테마,10485,2,255,2.49,10474.0,-24.5081,14,0,58,2026-08-25 04:51:23
483020,2,KIWOOM 의료AI,9495,5,-90,-0.94,9517.0,-20.0584,1276,11,57,2026-08-25 04:51:23
219900,4,ACE 중국본토CSI300레버리지(합성),4055,5,-85,-2.05,4142.0,-26.0054,3998,16,57,2026-08-25 04:51:23
476310,4,RISE 글로벌비만산업TOP2+,10310,5,-15,-0.15,10480.0,1.8002,252,2,57,2026-08-25 04:51:23
267450,6,RISE 미국장기국채선물인버스(H),11170,5,-15,-0.13,11113.0,1.2217,2,0,56,2026-08-25 04:51:23
483030,4,KIWOOM 미국블록버스터바이오테크의약품+,12315,5,-35,-0.28,12303.0,6.4428,6369,77,55,2026-08-25 04:51:23
432600,6,RISE 국채선물3년,55335,2,30,0.05,55319.0,1.0044,2,0,55,2026-08-25 04:51:23
488200,2,KIWOOM K-2차전지북미공급망,12295,2,75,0.61,12287.0,-28.1499,8701,105,55,2026-08-25 04:51:23
470310,2,UNICORN 생성형AI강소기업액티브,18375,5,-175,-0.94,18366.0,1.477,423,7,55,2026-08-25 04:51:23
413220,4,SOL 차이나태양광CSI(합성),4570,5,-40,-0.87,4602.0,-31.0912,499,2,55,2026-08-25 04:51:23
499150,4,SOL 미국S&P500엔화노출(H),10820,5,-5,-0.05,10814.0,-6.8728,5224,56,54,2026-08-25 04:51:23
474390,6,SOL 국고채30년액티브,40045,2,150,0.38,40039.0,-7.8106,5035,201,54,2026-08-25 04:51:23
0132D0,7,KoAct 글로벌K컬처밸류체인액티브,9750,2,135,1.4,9819.0,-0.3627,131,1,54,2026-08-25 04:51:23
490330,4,KoAct 미국치매&뇌질환치료제액티브,15290,2,75,0.49,15291.0,11.7107,874,13,54,2026-08-25 04:51:23
321410,7,KODEX 멀티에셋하이인컴(H),10700,2,30,0.28,10694.0,0.7595,2,0,54,2026-08-25 04:51:23
220130,4,SOL 차이나강소기업CSI500(합성 H),6655,5,-70,-1.04,6738.0,-8.5035,24,0,53,2026-08-25 04:51:23
0174J0,7,DAISHIN 오피스리츠플러스,8830,2,20,0.23,8833.0,-3.7496,8470,74,53,2026-08-25 04:51:23
0015E0,7,KIWOOM 엔비디아미국30년국채혼합액티브(H),10455,5,-30,-0.29,10451.0,-1.4549,1035,10,52,2026-08-25 04:51:23
411860,4,KIWOOM 독일DAX,17255,2,45,0.26,17229.0,-4.185,272,4,52,2026-08-25 04:51:23
295000,6,RISE 국채선물10년,51300,2,10,0.02,51318.0,-0.3981,54,2,51,2026-08-25 04:51:23
291630,3,KIWOOM 코스닥150선물레버리지,3535,2,5,0.14,3547.0,-56.4735,55044,185,51,2026-08-25 04:51:23
0073X0,5,FOCUS 알리바바미국채커버드콜혼합,9150,2,45,0.49,9138.0,-11.4277,37,0,50,2026-08-25 04:51:23
498610,4,RISE 인도디지털성장,8310,5,-20,-0.24,8312.0,-0.551,38,0,50,2026-08-25 04:51:23
0154H0,4,KoAct 차이나바이오헬스케어액티브,9035,2,170,1.92,9067.0,0.5672,927,8,50,2026-08-25 04:51:23
0015K0,4,TIGER 미국소비트렌드액티브,7210,2,105,1.48,7241.0,-7.7872,179,1,49,2026-08-25 04:51:23
267440,6,RISE 미국장기국채선물(H),8090,2,140,1.76,8092.0,-2.6928,62,0,49,2026-08-25 04:51:23
0078V0,4,PLUS 미국로보택시,9700,5,-150,-1.52,9639.0,-14.4966,165,1,49,2026-08-25 04:51:23
0128D0,4,PLUS 차이나항셍테크위클리타겟커버드콜,6920,5,-15,-0.22,6922.0,-13.6504,3995,27,48,2026-08-25 04:51:23
0131A0,4,SOL 차이나소비트렌드,8035,2,60,0.75,7981.0,-14.2474,1258,10,48,2026-08-25 04:51:23
227560,2,TIGER 200 생활소비재,13360,2,295,2.26,13376.0,-1.7476,2861,37,48,2026-08-25 04:51:23
244660,2,KODEX 퀄리티Plus,9420,5,-105,-1.1,9472.0,-5.3537,43,0,47,2026-08-25 04:51:23
391600,4,ACE 미국친환경그린테마,10415,2,20,0.19,10370.0,-21.8128,3014,31,47,2026-08-25 04:51:23
266550,2,PLUS 중형주저변동50,18740,2,60,0.32,18723.0,-6.6467,11,0,47,2026-08-25 04:51:23
252420,3,RISE 200선물인버스2X,85,2,1,1.19,86.0,-20.7548,2112520,186,45,2026-08-25 04:51:23
373790,4,KIWOOM 미국방어배당성장나스닥,16100,2,180,1.13,16010.0,-3.2558,314,5,45,2026-08-25 04:51:23
488210,2,KIWOOM K-반도체북미공급망,22015,2,745,3.5,21906.0,-22.625,3202,67,44,2026-08-25 04:51:23
205720,4,ACE 일본TOPIX인버스(합성 H),1456,5,-10,-0.68,1460.0,-5.7235,3488,5,44,2026-08-25 04:51:23
243890,2,TIGER 200에너지화학레버리지,8285,2,100,1.22,8289.0,-36.3036,6403,52,43,2026-08-25 04:51:23
226380,2,ACE Fn성장소비주도주,5985,2,50,0.84,5987.0,-6.0175,119,0,42,2026-08-25 04:51:23
0050E0,4,PLUS 미국AI에이전트,8090,2,40,0.5,8077.0,-5.848,531,4,40,2026-08-25 04:51:23
238670,7,PLUS 스마트베타Quality채권혼합,13480,5,-120,-0.88,13519.0,2.1788,2210,29,40,2026-08-25 04:51:23
334690,5,RISE 팔라듐선물(H),6100,5,-65,-1.05,6079.0,-4.4927,1262,7,40,2026-08-25 04:51:23
291680,4,RISE 차이나H선물인버스(H),7800,2,5,0.06,7808.0,-0.5106,10,0,39,2026-08-25 04:51:23
225030,4,TIGER 미국S&P500선물인버스(H),2265,2,5,0.22,2258.0,-1.7392,2806,6,37,2026-08-25 04:51:23
427120,2,RISE AI플랫폼,5295,5,-20,-0.38,5286.0,-14.2742,5573,28,36,2026-08-25 04:51:23
0079X0,4,ACE BYD밸류체인액티브,10080,5,-80,-0.79,10074.0,-18.1636,513,5,35,2026-08-25 04:51:23
267490,6,RISE 미국장기국채선물레버리지(합성 H),4965,2,5,0.1,5041.0,-3.3139,208,1,35,2026-08-25 04:51:23
306530,3,HANARO 코스닥150선물레버리지,7075,2,10,0.14,7070.0,-56.7758,10840,71,31,2026-08-25 04:51:23
454180,4,KIWOOM 차이나내수소비TOP CSI,7645,5,-5,-0.07,7728.0,-10.5722,2652,20,31,2026-08-25 04:51:23
489010,4,PLUS 글로벌AI인프라,19860,5,-320,-1.59,19810.0,-10.5497,589,11,30,2026-08-25 04:51:23
145670,3,ACE 인버스,1332,2,13,0.99,1336.0,-1.8602,207466,281,29,2026-08-25 04:51:23
476000,2,UNICORN 포스트IPO액티브,5030,5,-75,-1.47,5080.0,-46.4324,548,2,28,2026-08-25 04:51:23
252410,3,RISE 200선물인버스,1356,2,11,0.82,1359.0,-1.0302,26875,37,27,2026-08-25 04:51:23
491630,4,RISE 미국반도체인버스(합성 H),5660,2,85,1.52,5559.0,-8.5316,12372,70,27,2026-08-25 04:51:23
280940,5,KODEX 골드선물인버스(H),3235,5,-15,-0.46,3256.0,-2.1085,10371,33,26,2026-08-25 04:51:23
253230,3,KIWOOM 200선물인버스2X,81,2,1,1.25,82.0,-22.3301,1853640,156,25,2026-08-25 04:51:23
291620,3,KIWOOM 코스닥150선물인버스,4300,5,-20,-0.46,4314.0,22.0338,16174,71,25,2026-08-25 04:51:23
275750,3,RISE 코스닥150선물인버스,2455,5,-5,-0.2,2466.0,21.7821,19309,49,23,2026-08-25 04:51:23
280320,4,ACE 미국IT인터넷(합성 H),21315,5,-30,-0.14,21518.0,4.5042,42,0,21,2026-08-25 04:51:23
334700,5,RISE 팔라듐선물인버스(H),3275,2,25,0.77,3292.0,-0.7634,67,0,21,2026-08-25 04:51:23
253240,3,KIWOOM 200선물인버스,1357,2,10,0.74,1361.0,-1.3187,20072,27,17,2026-08-25 04:51:23
306520,3,HANARO 200선물인버스,2465,2,5,0.2,2479.0,-1.4029,7121,17,15,2026-08-25 04:51:23
253160,3,PLUS 200선물인버스2X,165,2,1,0.61,166.0,-23.721,425015,72,14,2026-08-25 04:51:23
412560,2,TIGER BBIG레버리지,1811,5,-48,-2.58,1817.0,-27.3829,12066,21,13,2026-08-25 04:51:23
261920,4,ACE MSCI필리핀(합성),12610,5,-90,-0.71,12646.0,-4.7262,33,0,13,2026-08-25 04:51:23
465620,4,ACE 미국빅테크TOP7 Plus인버스(합성),6585,5,-35,-0.53,6582.0,8.1699,119,0,7,2026-08-25 04:51:23
