itemcode,etfTabCode,itemname,nowVal,risefall,changeVal,changeRate,nav,threeMonthEarnRate,quant,amonut,marketSum,collected_at
069500,1,KODEX 200,99070,5,-9750,-8.96,99315.0,9.1427,16790862,1678015,223898,2026-08-03 04:41:01
360750,4,TIGER 미국S&P500,26690,2,145,0.55,26510.0,1.7198,24232623,647015,198574,2026-08-03 04:41:01
133690,4,TIGER 미국나스닥100,180530,2,680,0.38,178742.0,1.1905,725256,130868,110611,2026-08-03 04:41:01
379800,4,KODEX 미국S&P500,24265,2,235,0.98,24097.0,1.211,17014307,412865,98819,2026-08-03 04:41:01
102110,1,TIGER 200,99275,5,-10245,-9.35,99430.0,9.7123,3126562,312901,93269,2026-08-03 04:41:01
379810,4,KODEX 미국나스닥100,26990,2,115,0.43,26725.0,1.168,3246470,87588,86651,2026-08-03 04:41:01
396500,2,TIGER 반도체TOP10,31780,5,-2590,-7.54,31788.0,-14.3214,10960496,351800,84106,2026-08-03 04:41:01
488770,7,KODEX 머니마켓액티브,105110,2,5,0.0,105119.0,0.8298,484366,50912,82236,2026-08-03 04:41:01
278530,1,KODEX 200TR,35900,5,-2910,-7.5,35960.0,7.3137,1201041,43496,71513,2026-08-03 04:41:01
459580,6,KODEX CD금리액티브(합성),1073785,2,80,0.01,1073871.0,0.7017,327360,351513,67377,2026-08-03 04:41:01
381180,4,TIGER 미국필라델피아반도체나스닥,42850,5,-800,-1.83,42097.0,9.9187,1187582,50827,57676,2026-08-03 04:41:01
122630,3,KODEX 레버리지,93630,5,-17315,-15.61,93886.0,-3.9022,16404320,1563735,54305,2026-08-03 04:41:01
498400,2,KODEX 200타겟위클리커버드콜,19045,5,-1255,-6.18,19014.0,3.3939,6581829,126227,51974,2026-08-03 04:41:01
0167A0,2,SOL AI반도체TOP2플러스,15645,5,-850,-5.15,15649.0,15.269,16102935,255573,50056,2026-08-03 04:41:01
091160,2,KODEX 반도체,112520,5,-8310,-6.88,112542.0,-2.4385,1710552,193145,49171,2026-08-03 04:41:01
229200,1,KODEX 코스닥150,12435,2,335,2.77,12429.0,-39.0582,30497876,378983,43093,2026-08-03 04:41:01
148020,1,RISE 200,99815,5,-9985,-9.09,99977.0,9.0841,574687,57838,41673,2026-08-03 04:41:01
458730,4,TIGER 미국배당다우존스,15170,2,5,0.03,15134.0,3.3636,1838632,27956,41232,2026-08-03 04:41:01
310970,1,TIGER MSCI Korea TR,44455,5,-2845,-6.01,44459.0,7.8431,24346,1090,40365,2026-08-03 04:41:01
0162Z0,7,RISE 삼성전자SK하이닉스채권혼합50,12790,5,-770,-5.68,12784.0,19.1972,7669325,98538,39841,2026-08-03 04:41:01
360200,4,ACE 미국S&P500,26980,2,270,1.01,26798.0,1.2841,400702,10811,39715,2026-08-03 04:41:01
411060,5,ACE KRX금현물,25832,5,-248,-0.95,26047.0,-14.0409,401158,10381,37947,2026-08-03 04:41:01
381170,4,TIGER 미국테크TOP10 INDXX,31195,2,680,2.23,30864.0,-6.0788,326825,10189,37886,2026-08-03 04:41:01
423160,6,KODEX KOFR금리액티브(합성),110677,2,12,0.01,110671.0,0.6522,57799,6396,36207,2026-08-03 04:41:01
395160,2,KODEX AI반도체TOP2플러스,35575,5,-2385,-6.28,35608.0,13.8913,5057924,182622,35539,2026-08-03 04:41:01
357870,6,TIGER CD금리투자KIS(합성),57845,3,0,0.0,57847.0,0.705,127059,7349,34901,2026-08-03 04:41:01
273130,6,KODEX 종합채권(AA-이상)액티브,109880,5,-250,-0.23,109976.0,-1.8581,26943,2962,34613,2026-08-03 04:41:01
367380,4,ACE 미국나스닥100,31030,2,145,0.47,30729.0,1.0475,475522,14747,34071,2026-08-03 04:41:01
395270,2,HANARO Fn K-반도체,50380,5,-3120,-5.83,50377.0,16.2917,1178610,60183,32193,2026-08-03 04:41:01
0193T0,2,KODEX SK하이닉스단일종목레버리지,9465,5,-1590,-14.38,9507.0,,32438954,310420,31064,2026-08-03 04:41:01
0043B0,6,TIGER 머니마켓액티브,103217,2,17,0.02,103218.0,0.8157,79407,8196,30714,2026-08-03 04:41:01
233740,3,KODEX 코스닥150레버리지,5550,2,330,6.32,5576.0,-68.5827,100937182,556056,30103,2026-08-03 04:41:01
102780,2,KODEX 삼성그룹,23190,5,-1275,-5.21,23206.0,7.7753,449701,10573,29892,2026-08-03 04:41:01
455890,6,RISE 머니마켓액티브,55330,2,5,0.01,55329.0,0.7741,113543,6282,29397,2026-08-03 04:41:01
487240,2,KODEX AI전력핵심설비,31040,2,320,1.04,31087.0,-41.8294,2380255,74454,26725,2026-08-03 04:41:01
481050,6,KODEX CD1년금리플러스액티브(합성),1021800,2,105,0.01,1021790.0,0.7316,14902,15226,26696,2026-08-03 04:41:01
449170,6,TIGER KOFR금리액티브(합성),111492,2,7,0.01,111495.0,0.6318,55805,6221,24409,2026-08-03 04:41:01
139260,2,TIGER 200 IT,121105,5,-9285,-7.12,121142.0,13.953,324010,39750,24197,2026-08-03 04:41:01
426030,4,TIME 미국나스닥100액티브,45090,5,-645,-1.41,44317.0,-1.6452,489203,22060,23735,2026-08-03 04:41:01
161510,2,PLUS 고배당주,24030,5,-580,-2.36,24039.0,-8.3915,615150,14813,22571,2026-08-03 04:41:01
472150,2,TIGER 배당커버드콜액티브,18970,5,-1220,-6.04,18970.0,5.7939,3273154,62434,22553,2026-08-03 04:41:01
486290,4,TIGER 미국나스닥100타겟데일리커버드콜,10660,2,40,0.38,10558.0,0.8559,1000674,10667,22519,2026-08-03 04:41:01
456600,4,TIME 글로벌AI인공지능액티브,57590,2,595,1.04,56855.0,4.4438,201727,11591,21734,2026-08-03 04:41:01
278540,1,KODEX MSCI Korea TR,35375,5,-2695,-7.08,35391.0,9.0518,31859,1134,21579,2026-08-03 04:41:01
385540,6,RISE 종합채권(A-이상)액티브,102915,5,-170,-0.16,102962.0,-1.7818,998,102,19932,2026-08-03 04:41:01
284430,6,KODEX 200미국채혼합50,20340,5,-960,-4.51,20357.0,1.0541,720268,14728,19884,2026-08-03 04:41:01
292150,2,TIGER 코리아TOP10,35125,5,-2450,-6.52,35145.0,8.4831,435343,15371,18968,2026-08-03 04:41:01
214980,6,KODEX 단기채권PLUS,114650,2,35,0.03,114659.0,0.5513,15674,1796,18753,2026-08-03 04:41:01
0193W0,2,KODEX 삼성전자단일종목레버리지,10570,5,-2045,-16.21,10602.0,,17982926,197718,18088,2026-08-03 04:41:01
294400,1,KIWOOM 200TR,130355,5,-12335,-8.64,130532.0,8.8696,88231,11637,16881,2026-08-03 04:41:01
442580,4,PLUS 글로벌HBM반도체,94740,5,-9030,-8.7,92921.0,39.1391,544270,51824,16589,2026-08-03 04:41:01
441640,4,KODEX 미국배당커버드콜액티브,12885,2,60,0.47,12827.0,2.2413,607976,7832,16486,2026-08-03 04:41:01
105190,1,ACE 200,99255,5,-6745,-6.36,99440.0,5.6491,685121,68501,16427,2026-08-03 04:41:01
477080,6,RISE CD금리액티브(합성),107205,5,-5,0.0,107211.0,0.6903,1528,163,16273,2026-08-03 04:41:01
0195S0,2,TIGER SK하이닉스단일종목레버리지,7995,5,-1450,-15.35,8026.0,,27563698,223400,16128,2026-08-03 04:41:01
487230,4,KODEX 미국AI전력핵심인프라,20750,2,85,0.41,20260.0,-16.2218,173606,3589,15687,2026-08-03 04:41:01
446770,4,ACE 글로벌반도체TOP4 Plus,75590,5,-3825,-4.82,74944.0,14.807,137522,10412,15496,2026-08-03 04:41:01
475630,7,TIGER CD1년금리액티브(합성),1073215,2,70,0.01,1073223.0,0.7307,25967,27868,15372,2026-08-03 04:41:01
453850,6,ACE 미국30년국채액티브(H),7145,5,-65,-0.9,7120.0,-1.9774,693450,4956,15205,2026-08-03 04:41:01
379780,4,RISE 미국S&P500,23350,2,220,0.95,23177.0,1.5619,148228,3459,15178,2026-08-03 04:41:01
368590,4,RISE 미국나스닥100,30110,2,155,0.52,29809.0,1.1308,194514,5853,15115,2026-08-03 04:41:01
329200,2,TIGER 리츠부동산인프라,4005,5,-10,-0.25,4002.0,-12.019,1708242,6848,14975,2026-08-03 04:41:01
466920,2,SOL 조선TOP3플러스,27395,5,-775,-2.75,27464.0,-32.2185,524417,14394,14437,2026-08-03 04:41:01
0177N0,7,KODEX 삼성전자SK하이닉스채권혼합50,13535,5,-805,-5.61,13542.0,18.8171,3773413,51397,14171,2026-08-03 04:41:01
305720,2,KODEX 2차전지산업,12355,5,-430,-3.36,12351.0,-40.3963,2498431,30582,13825,2026-08-03 04:41:01
152100,1,PLUS 200,100540,5,-9185,-8.37,100613.0,8.1438,249516,25227,13422,2026-08-03 04:41:01
315930,2,KODEX Top5PlusTR,76100,5,-5505,-6.75,76116.0,14.9771,21007,1603,13241,2026-08-03 04:41:01
436140,6,SOL 종합채권(AA-이상)액티브,106200,5,-265,-0.25,106264.0,-1.708,1519,161,13077,2026-08-03 04:41:01
390390,4,KODEX 미국반도체,53355,5,-690,-1.28,52514.0,7.6897,946370,50492,12698,2026-08-03 04:41:01
157450,6,TIGER 단기통안채,112310,3,0,0.0,112317.0,0.6001,6672,749,12651,2026-08-03 04:41:01
091230,2,TIGER 반도체,118580,5,-8720,-6.85,118670.0,-1.6528,427428,50917,12475,2026-08-03 04:41:01
448330,1,KODEX 삼성전자채권혼합,16840,5,-460,-2.66,16918.0,8.445,637776,10766,12428,2026-08-03 04:41:01
438080,7,ACE 미국S&P500미국채혼합50액티브,14390,2,90,0.63,14356.0,-0.901,517596,7456,12217,2026-08-03 04:41:01
232080,1,TIGER 코스닥150,12650,2,365,2.97,12660.0,-39.3783,2773855,34697,11620,2026-08-03 04:41:01
0072R0,5,TIGER KRX금현물,12370,5,-80,-0.64,12447.0,-13.7215,183931,2276,11448,2026-08-03 04:41:01
497570,4,TIGER 미국필라델피아AI반도체나스닥,21735,5,-260,-1.18,21376.0,8.9377,398462,8648,11346,2026-08-03 04:41:01
479080,6,1Q 머니마켓액티브,53615,2,5,0.01,53611.0,0.8085,20694,1109,11155,2026-08-03 04:41:01
451540,6,TIGER 종합채권(AA-이상)액티브,52830,5,-95,-0.18,52853.0,-1.8818,2691,142,10676,2026-08-03 04:41:01
494890,1,KODEX 200액티브,28630,5,-1805,-5.93,28674.0,5.5341,380097,10947,10507,2026-08-03 04:41:01
479520,6,RISE KOFR금리액티브(합성),106110,5,-5,0.0,106132.0,0.6306,1855,196,10300,2026-08-03 04:41:01
356540,6,ACE 종합채권(AA-이상)액티브,101230,5,-220,-0.22,101233.0,-1.6529,225,22,10251,2026-08-03 04:41:01
446720,4,SOL 미국배당다우존스,13900,2,15,0.11,13873.0,3.3412,264101,3680,10203,2026-08-03 04:41:01
445290,2,KODEX 로봇액티브,29035,2,535,1.88,29049.0,-19.6081,765570,22195,10191,2026-08-03 04:41:01
469830,6,SOL 초단기채권액티브,54220,3,0,0.0,54223.0,0.79,169980,9216,10190,2026-08-03 04:41:01
465580,4,ACE 미국빅테크TOP7 Plus,24325,2,660,2.79,24061.0,-3.5853,243240,5913,10083,2026-08-03 04:41:01
226490,1,KODEX 코스피,64330,5,-3520,-5.19,64339.0,0.3159,207594,13447,9939,2026-08-03 04:41:01
0183J0,4,TIGER 미국우주테크,6785,5,-115,-1.67,6720.0,-28.125,1316699,8907,9933,2026-08-03 04:41:01
469150,2,ACE AI반도체TOP3+,51500,5,-4415,-7.9,51568.0,-4.582,863725,44664,9837,2026-08-03 04:41:01
0117L0,6,KODEX 26-12 금융채(AA-이상)액티브,10130,5,-5,-0.05,10132.0,0.6454,1322,13,9809,2026-08-03 04:41:01
0139F0,6,TIGER 12월자동연장금융채(AA-이상)액티브,101835,2,30,0.03,101835.0,0.6276,3,0,9774,2026-08-03 04:41:01
449180,4,KODEX 미국S&P500(H),16825,2,125,0.75,16718.0,4.8887,363463,6107,9674,2026-08-03 04:41:01
449450,2,PLUS K방산,48790,5,-1080,-2.17,48835.0,-37.1954,217653,10607,9626,2026-08-03 04:41:01
402970,4,ACE 미국배당다우존스,15450,2,40,0.26,15405.0,3.4208,227869,3528,9440,2026-08-03 04:41:01
494300,4,KODEX 미국나스닥100데일리커버드콜OTM,9350,2,25,0.27,9266.0,-1.9057,686338,6413,9406,2026-08-03 04:41:01
438100,7,ACE 미국나스닥100미국채혼합50액티브,15465,2,40,0.26,15413.0,-0.8677,344947,5333,9171,2026-08-03 04:41:01
237350,1,KODEX 코스피100,79370,5,-5850,-6.86,79348.0,8.3508,300443,24036,9048,2026-08-03 04:41:01
0195R0,2,TIGER 삼성전자단일종목레버리지,9640,5,-1910,-16.54,9671.0,,6509006,64377,9016,2026-08-03 04:41:01
495050,1,RISE 코리아밸류업,30160,5,-1440,-4.56,30173.0,6.9132,128649,3895,8958,2026-08-03 04:41:01
0117V0,2,TIGER 코리아AI전력기기TOP3플러스,16280,2,185,1.15,16282.0,-40.5464,1486180,24408,8677,2026-08-03 04:41:01
114800,3,KODEX 인버스,1147,2,101,9.66,1150.0,-22.4611,833671203,947711,8662,2026-08-03 04:41:01
295040,1,SOL 200TR,37205,5,-3035,-7.54,37227.0,7.3639,267470,10058,8594,2026-08-03 04:41:01
455850,2,SOL AI반도체소부장,19880,5,-425,-2.09,19926.0,-34.9199,1637005,32595,8439,2026-08-03 04:41:01
153130,6,KODEX 단기채권,113310,2,10,0.01,113309.0,0.58,20814,2358,8327,2026-08-03 04:41:01
371460,4,TIGER 차이나전기차SOLACTIVE,11055,2,50,0.45,11087.0,-24.1558,92734,1024,8136,2026-08-03 04:41:01
476550,6,TIGER 미국30년국채커버드콜액티브(H),6815,5,-50,-0.73,6803.0,-2.2246,617971,4215,7909,2026-08-03 04:41:01
385560,6,RISE KIS국고채30년Enhanced,52070,5,-460,-0.88,52185.0,-14.4463,26145,1365,7809,2026-08-03 04:41:01
494310,2,KODEX 반도체레버리지,63115,5,-9405,-12.97,62830.0,-27.8301,3908788,248818,7763,2026-08-03 04:41:01
481060,6,KODEX 미국30년국채타겟커버드콜(합성 H),7445,5,-15,-0.2,7451.0,-2.5991,289104,2150,7717,2026-08-03 04:41:01
0048J0,6,KODEX 미국머니마켓액티브,14280,2,40,0.28,14269.0,-2.9113,278009,3974,7700,2026-08-03 04:41:01
498410,2,KODEX 금융고배당TOP10타겟위클리커버드콜,11430,5,-70,-0.61,11421.0,-8.3616,576238,6579,7658,2026-08-03 04:41:01
466940,2,TIGER 은행고배당플러스TOP10,25540,5,-240,-0.93,25555.0,-0.8129,437013,11154,7636,2026-08-03 04:41:01
305540,2,TIGER 2차전지테마,15590,5,-545,-3.38,15600.0,-39.5693,178857,2773,7608,2026-08-03 04:41:01
490590,4,RISE 미국AI밸류체인데일리고정커버드콜,14005,2,210,1.52,13793.0,-0.5726,416769,5831,7591,2026-08-03 04:41:01
0025N0,7,TIGER TDF2045 적격,12145,2,20,0.16,12036.0,1.6345,227003,2761,7542,2026-08-03 04:41:01
475720,3,RISE 200위클리커버드콜,11575,5,-325,-2.73,11551.0,-8.783,593200,6872,7512,2026-08-03 04:41:01
441800,1,TIME Korea플러스배당액티브,27115,5,-1335,-4.69,27131.0,-4.9616,168812,4620,7500,2026-08-03 04:41:01
0061Z0,6,RISE 단기특수은행채액티브,50880,5,-10,-0.02,50877.0,0.7323,430,21,7296,2026-08-03 04:41:01
272580,6,TIGER 단기채권액티브,56955,3,0,0.0,56954.0,0.5916,17026,969,7245,2026-08-03 04:41:01
457480,4,ACE 테슬라밸류체인액티브,17320,5,-75,-0.43,17136.0,-23.8398,207206,3571,7170,2026-08-03 04:41:01
458760,4,TIGER 미국배당다우존스타겟커버드콜2호,11260,2,40,0.36,11191.0,3.2676,187840,2113,7139,2026-08-03 04:41:01
144600,5,KODEX 은선물(H),9540,5,-15,-0.16,9550.0,-19.9078,287909,2731,7136,2026-08-03 04:41:01
069660,1,KIWOOM 200,98950,5,-9725,-8.95,99087.0,9.0077,50614,5052,7025,2026-08-03 04:41:01
487340,6,ACE 머니마켓액티브,105560,2,5,0.0,105562.0,0.8406,12728,1343,7023,2026-08-03 04:41:01
456610,6,TIGER 미국달러SOFR금리액티브(합성),61820,2,160,0.26,61819.0,-3.0732,12974,802,7017,2026-08-03 04:41:01
252670,3,KODEX 200선물인버스2X,98,2,16,19.51,100.0,-51.4793,7746197011,742657,7001,2026-08-03 04:41:01
0177R0,2,TIGER 반도체TOP10커버드콜액티브,10140,5,-705,-6.5,10120.0,-1.1298,1831273,18782,6855,2026-08-03 04:41:01
102970,2,KODEX 증권,18320,5,-770,-4.03,18313.0,-28.1084,497390,9141,6760,2026-08-03 04:41:01
0127P0,4,ACE 미국대형성장주액티브,10635,2,115,1.09,10584.0,-0.4719,2900,30,6732,2026-08-03 04:41:01
455030,6,KODEX 미국달러SOFR금리액티브(합성),12255,2,10,0.08,12258.0,-2.9438,56058,687,6612,2026-08-03 04:41:01
495850,1,KODEX 코리아밸류업,29945,5,-1475,-4.69,29953.0,6.778,149202,4490,6603,2026-08-03 04:41:01
0167B0,2,SOL 200타겟위클리커버드콜,10920,5,-655,-5.66,10937.0,3.7469,1421087,15634,6563,2026-08-03 04:41:01
329750,6,TIGER 미국달러단기채권액티브,13490,2,30,0.22,13479.0,-3.1655,293275,3958,6487,2026-08-03 04:41:01
491010,4,TIGER 글로벌AI전력인프라액티브,25755,2,290,1.14,25255.0,-13.4286,51346,1314,6459,2026-08-03 04:41:01
138540,2,TIGER 현대차그룹플러스,49255,5,-345,-0.7,49296.0,-19.6697,241242,11904,6383,2026-08-03 04:41:01
482730,4,TIGER 미국S&P500타겟데일리커버드콜,12085,2,105,0.88,11997.0,1.8988,266324,3217,6375,2026-08-03 04:41:01
371160,4,TIGER 차이나항셍테크,7595,2,90,1.2,7604.0,-4.9906,152414,1158,6357,2026-08-03 04:41:01
314250,4,KODEX 미국빅테크10(H),58590,2,750,1.3,57937.0,5.7948,59389,3470,6351,2026-08-03 04:41:01
0015B0,4,KoAct 미국나스닥성장기업액티브,18935,5,-310,-1.61,18602.0,-3.0479,403143,7631,6324,2026-08-03 04:41:01
434060,7,KODEX TDF2050액티브 적격,16985,2,120,0.71,16793.0,-4.0891,108381,1838,6208,2026-08-03 04:41:01
290130,2,RISE ESG사회책임투자,43275,5,-2500,-5.46,43160.0,11.4289,99301,4323,6145,2026-08-03 04:41:01
434730,2,HANARO 원자력iSelect,50775,5,-50,-0.1,50886.0,-41.9143,155433,7911,6042,2026-08-03 04:41:01
484790,6,KODEX 미국30년국채액티브(H),8225,5,-75,-0.9,8214.0,-2.0129,547999,4510,6008,2026-08-03 04:41:01
423920,4,TIGER 미국필라델피아반도체레버리지(합성),85810,5,-2835,-3.2,82808.0,6.9345,84500,7231,5998,2026-08-03 04:41:01
367760,2,RISE 네트워크인프라,50510,5,-3245,-6.04,50548.0,11.3516,343418,17534,5884,2026-08-03 04:41:01
251600,7,PLUS 고배당주채권혼합,15105,5,-115,-0.76,15082.0,-3.8703,155098,2347,5861,2026-08-03 04:41:01
466950,4,TIGER 글로벌AI액티브,30690,5,-150,-0.49,30143.0,-1.1539,87407,2681,5813,2026-08-03 04:41:01
418660,4,TIGER 미국나스닥100레버리지(합성),40350,2,505,1.27,39523.0,-0.9694,261760,10552,5810,2026-08-03 04:41:01
489250,4,KODEX 미국배당다우존스,13080,2,5,0.04,13052.0,3.4509,200723,2629,5742,2026-08-03 04:41:01
0148J0,2,TIGER 코리아휴머노이드로봇산업,8690,2,690,8.63,8707.0,-37.2795,11267828,97211,5727,2026-08-03 04:41:01
449190,4,KODEX 미국나스닥100(H),21480,2,40,0.19,21288.0,4.5829,178010,3818,5681,2026-08-03 04:41:01
114260,6,KODEX 국고채3년,61775,3,0,0.0,61773.0,0.6599,15787,975,5638,2026-08-03 04:41:01
364980,2,TIGER 2차전지TOP10,8525,5,-320,-3.62,8523.0,-36.7763,1579422,13413,5520,2026-08-03 04:41:01
494670,2,TIGER 조선TOP10,21525,5,-610,-2.76,21547.0,-32.1845,396413,8534,5510,2026-08-03 04:41:01
0019K0,7,TIME 미국나스닥100채권혼합50액티브,13257,5,-58,-0.44,13133.0,1.5249,249971,3312,5396,2026-08-03 04:41:01
491620,4,RISE 미국테크100데일리고정커버드콜,10765,2,175,1.65,10652.0,2.3648,305843,3284,5388,2026-08-03 04:41:01
438330,6,TIGER 우량회사채액티브,115405,5,-70,-0.06,115439.0,0.566,6738,777,5378,2026-08-03 04:41:01
396520,4,TIGER 차이나반도체FACTSET,13115,5,-1130,-7.93,13135.0,12.787,865945,11596,5356,2026-08-03 04:41:01
365780,6,ACE 국고채10년,82480,5,-205,-0.25,82546.0,-1.2422,5364,442,5252,2026-08-03 04:41:01
0105E0,2,SOL 코리아고배당,12575,5,-220,-1.72,12596.0,-6.0713,410722,5180,5187,2026-08-03 04:41:01
0101N0,2,RISE AI전력인프라,16410,2,230,1.42,16422.0,-36.0348,406736,6637,5145,2026-08-03 04:41:01
251350,4,KODEX MSCI선진국,39810,2,290,0.73,39527.0,1.8333,28374,1129,5096,2026-08-03 04:41:01
0007F0,6,KODEX 27-12 회사채(AA-이상)액티브,10150,5,-25,-0.25,10157.0,0.7924,12672,128,5068,2026-08-03 04:41:01
462330,2,KODEX 2차전지산업레버리지,759,5,-49,-6.06,758.0,-69.2776,50107413,37481,5058,2026-08-03 04:41:01
496080,1,TIGER 코리아밸류업,30015,5,-1410,-4.49,30043.0,6.8705,127972,3861,5043,2026-08-03 04:41:01
499660,7,TIGER CD금리플러스액티브(합성),1000432,2,77,0.01,1000434.0,0.7403,8395,8398,4988,2026-08-03 04:41:01
473290,6,KODEX 26-12 회사채(AA-이상)액티브,10855,3,0,0.0,10853.0,0.4906,28157,305,4943,2026-08-03 04:41:01
315960,2,RISE 대형고배당10TR,73010,5,-5055,-6.48,72927.0,13.6317,103147,7585,4819,2026-08-03 04:41:01
444200,2,SOL 코리아메가테크액티브,41775,5,-1825,-4.19,41789.0,-13.7147,99310,4165,4804,2026-08-03 04:41:01
0190C0,2,RISE 현대차고정피지컬AI,8090,2,170,2.15,8096.0,,1794581,14449,4797,2026-08-03 04:41:01
476800,7,KODEX 한국부동산리츠인프라,4205,5,-5,-0.12,4222.0,-11.6991,236372,995,4796,2026-08-03 04:41:01
471230,6,KODEX 국고채10년액티브,103940,5,-145,-0.14,103966.0,-1.4067,3800,395,4758,2026-08-03 04:41:01
435420,7,TIGER 미국나스닥100채권혼합50,14090,2,45,0.32,13974.0,0.7542,168418,2372,4734,2026-08-03 04:41:01
483280,4,KODEX 미국AI테크TOP10타겟커버드콜,11950,2,310,2.66,11804.0,-6.7388,171148,2041,4732,2026-08-03 04:41:01
463250,2,TIGER K방산&우주,31035,5,-715,-2.25,31098.0,-37.4138,214481,6643,4686,2026-08-03 04:41:01
490490,7,SOL 미국배당미국채혼합50,11345,5,-35,-0.31,11301.0,-0.1942,170516,1940,4674,2026-08-03 04:41:01
0162M0,6,KODEX 금융채1~2년(AA-이상)PLUS액티브,10030,3,0,0.0,10040.0,0.6522,8350,83,4591,2026-08-03 04:41:01
0091P0,2,TIGER 코리아원자력,13580,2,130,0.97,13588.0,-49.274,1463743,19657,4563,2026-08-03 04:41:01
448290,4,TIGER 미국S&P500(H),17460,2,130,0.75,17351.0,4.9563,115627,2016,4478,2026-08-03 04:41:01
361580,1,RISE 200TR,56230,5,-3515,-5.88,56303.0,5.0092,103347,5889,4470,2026-08-03 04:41:01
462010,2,TIGER 2차전지소재Fn,4160,5,-150,-3.48,4165.0,-44.0986,3193529,13139,4455,2026-08-03 04:41:01
480260,6,TIGER 27-04회사채(A+이상)액티브,53675,2,15,0.03,53672.0,0.5527,3436,184,4396,2026-08-03 04:41:01
451000,6,PLUS 종합채권(AA-이상)액티브,107355,2,45,0.04,107277.0,-2.0448,27,2,4394,2026-08-03 04:41:01
293180,1,HANARO 200,99320,5,-5295,-5.06,99554.0,4.4276,52468,5249,4370,2026-08-03 04:41:01
447770,7,TIGER 테슬라채권혼합Fn,13400,2,20,0.15,13371.0,-5.0797,87829,1175,4355,2026-08-03 04:41:01
474220,4,TIGER 미국테크TOP10타겟커버드콜,15180,2,290,1.95,15051.0,-5.658,52114,790,4266,2026-08-03 04:41:01
439870,6,KODEX 국고채30년액티브,87715,5,-675,-0.76,87892.0,-11.148,10002,879,4245,2026-08-03 04:41:01
277630,1,TIGER 코스피,65370,5,-3515,-5.1,65319.0,0.3048,63269,4152,4184,2026-08-03 04:41:01
091180,2,KODEX 자동차,28080,2,130,0.47,28083.0,-12.599,375623,10504,4142,2026-08-03 04:41:01
477050,6,PLUS 머니마켓액티브,53362,2,2,0.0,53366.0,0.7743,18932,1010,4132,2026-08-03 04:41:01
148070,6,KIWOOM 국고채10년,104630,5,-85,-0.08,104630.0,-1.3566,14793,1548,4077,2026-08-03 04:41:01
0219E0,2,KODEX 200커버드콜액티브,7795,5,-600,-7.15,7752.0,,5046663,39686,4022,2026-08-03 04:41:01
0016X0,6,SOL 중단기회사채(A-이상)액티브,51335,2,15,0.03,51344.0,0.736,3512,180,4002,2026-08-03 04:41:01
0163Y0,1,KoAct 코스닥액티브,7810,5,-190,-2.37,7830.0,-37.7675,1396040,10908,3999,2026-08-03 04:41:01
241180,4,TIGER 일본니케이225,35025,2,200,0.57,35089.0,5.6744,29969,1050,3986,2026-08-03 04:41:01
451060,1,1Q 200액티브,31730,5,-2030,-6.01,31754.0,4.7919,48093,1534,3950,2026-08-03 04:41:01
0023A0,4,SOL 미국양자컴퓨팅TOP10,24365,2,135,0.56,23927.0,-10.5905,110047,2675,3947,2026-08-03 04:41:01
0060H0,1,TIGER 토탈월드스탁액티브,12985,2,260,2.04,12908.0,0.8289,80438,1041,3921,2026-08-03 04:41:01
458250,6,TIGER 미국30년국채스트립액티브(합성 H),34395,5,-405,-1.16,34309.0,-4.7098,48997,1685,3920,2026-08-03 04:41:01
426020,4,TIME 미국S&P500액티브,32430,2,110,0.34,32128.0,1.158,72755,2358,3911,2026-08-03 04:41:01
243880,2,TIGER 200IT레버리지,270080,5,-49920,-15.6,270362.0,-2.7001,188231,52182,3714,2026-08-03 04:41:01
0173Y0,4,KODEX 미국AI광통신네트워크,10390,5,-50,-0.48,10230.0,-16.1679,525121,5459,3704,2026-08-03 04:41:01
453810,4,KODEX 인도Nifty50,12400,2,130,1.06,12427.0,-1.5929,83872,1034,3689,2026-08-03 04:41:01
484880,2,SOL 금융지주플러스고배당,21765,5,-140,-0.64,21767.0,-0.8028,496496,10788,3613,2026-08-03 04:41:01
488080,3,TIGER 반도체TOP10레버리지,27985,5,-4590,-14.09,27938.0,-45.2061,2887261,82116,3582,2026-08-03 04:41:01
385720,1,TIME 코스피액티브,23230,5,-2355,-9.2,23248.0,0.235,216130,5052,3577,2026-08-03 04:41:01
469070,2,RISE AI&로봇,10705,2,640,6.36,10710.0,-36.6982,735674,7718,3527,2026-08-03 04:41:01
439860,6,KODEX ESG종합채권(A-이상)액티브,113500,5,-15,-0.01,113479.0,0.1897,348,39,3526,2026-08-03 04:41:01
0144L0,4,KODEX 미국성장커버드콜액티브,9685,2,55,0.57,9630.0,0.0555,173674,1684,3511,2026-08-03 04:41:01
448300,4,TIGER 미국나스닥100(H),22200,2,35,0.16,21993.0,4.7718,57505,1273,3508,2026-08-03 04:41:01
0131V0,4,1Q 미국우주항공테크,10595,2,25,0.24,10522.0,-9.966,63621,674,3507,2026-08-03 04:41:01
0040Y0,7,SOL 팔란티어커버드콜OTM채권혼합,7765,5,-15,-0.19,7791.0,-3.2834,395504,3071,3498,2026-08-03 04:41:01
0043Y0,4,TIME 차이나AI테크액티브,19570,2,190,0.98,19397.0,0.8324,120741,2355,3483,2026-08-03 04:41:01
496020,6,WON 전단채플러스액티브,52315,2,5,0.01,52314.0,0.8579,1930,100,3472,2026-08-03 04:41:01
456880,7,ACE 미국달러SOFR금리(합성),12515,2,10,0.08,12519.0,-2.9492,39346,493,3452,2026-08-03 04:41:01
0046A0,6,TIGER 미국초단기(3개월이하)국채,9870,3,0,0.0,9874.0,-3.1006,810870,8017,3412,2026-08-03 04:41:01
385550,6,RISE 단기채권알파액티브,113815,2,20,0.02,113826.0,0.61,505,57,3389,2026-08-03 04:41:01
462900,2,KoAct 바이오헬스케어액티브,12840,2,575,4.69,12841.0,-40.806,1170724,14820,3364,2026-08-03 04:41:01
0052D0,2,TIGER 코리아배당다우존스,15080,5,-220,-1.44,15093.0,-6.4209,116495,1757,3348,2026-08-03 04:41:01
472170,7,TIGER 미국테크TOP10채권혼합,13985,2,175,1.27,13907.0,-3.2575,72770,1015,3335,2026-08-03 04:41:01
091170,2,KODEX 은행,15605,5,-55,-0.35,15613.0,0.0176,3920739,61234,3269,2026-08-03 04:41:01
132030,5,KODEX 골드선물(H),22880,5,-80,-0.35,22887.0,-11.471,41767,953,3249,2026-08-03 04:41:01
310960,1,TIGER 200TR,57915,5,-3595,-5.84,58009.0,5.2352,26313,1531,3243,2026-08-03 04:41:01
0167Z0,4,KODEX 미국우주항공,7130,2,25,0.35,7037.0,-28.2542,218067,1548,3237,2026-08-03 04:41:01
0080G0,2,KODEX 방산TOP10,9395,5,-205,-2.14,9411.0,-36.4709,1897693,17813,3232,2026-08-03 04:41:01
0026S0,4,1Q 미국S&P500,13055,2,100,0.77,12970.0,1.4332,122058,1593,3225,2026-08-03 04:41:01
471990,2,KODEX AI반도체핵심장비,18920,5,-445,-2.3,18965.0,-38.7382,1602955,30452,3216,2026-08-03 04:41:01
474590,2,WON 반도체밸류체인액티브,38920,5,-1820,-4.47,38931.0,9.5455,141773,5593,3211,2026-08-03 04:41:01
0052S0,7,1Q 미국S&P500미국채혼합50액티브,11840,2,75,0.64,11803.0,-0.9683,173826,2059,3197,2026-08-03 04:41:01
442570,7,RISE TDF2050액티브 적격,17520,5,-80,-0.45,17332.0,2.3278,121814,2131,3145,2026-08-03 04:41:01
448630,7,RISE 삼성그룹Top3채권혼합,14580,5,-265,-1.79,14589.0,1.2274,155104,2281,3106,2026-08-03 04:41:01
453870,4,TIGER 인도니프티50,12245,2,175,1.45,12223.0,-2.1013,59919,728,3092,2026-08-03 04:41:01
279530,2,KODEX 고배당주,16835,5,-360,-2.09,16828.0,-4.695,270861,4577,3064,2026-08-03 04:41:01
485540,4,KODEX 미국AI테크TOP10,15230,2,380,2.56,15037.0,-6.6237,93276,1417,3008,2026-08-03 04:41:01
0111P0,7,1Q 미국나스닥100미국채혼합50액티브,10980,2,40,0.37,10917.0,-1.0822,113556,1246,2976,2026-08-03 04:41:01
476760,6,ACE 미국30년국채액티브,9225,5,-85,-0.91,9178.0,-5.2082,4898909,45180,2961,2026-08-03 04:41:01
0182R0,2,1Q K반도체TOP2+,9405,5,-615,-6.14,9406.0,-12.9453,2901460,27653,2953,2026-08-03 04:41:01
0038A0,4,KODEX 미국휴머노이드로봇,15325,2,265,1.76,15161.0,-10.2962,71898,1102,2942,2026-08-03 04:41:01
441680,7,TIGER 미국나스닥100커버드콜(합성),10800,5,-35,-0.32,10842.0,-1.61,83288,902,2938,2026-08-03 04:41:01
433330,4,SOL 미국S&P500,22300,2,220,1.0,22159.0,1.2035,37685,840,2899,2026-08-03 04:41:01
473330,6,SOL 미국30년국채커버드콜(합성),8285,5,-60,-0.72,8275.0,-5.4794,284264,2354,2891,2026-08-03 04:41:01
454780,6,KIWOOM 종합채권(AA-이상)액티브,99555,5,-200,-0.2,99579.0,-1.8691,8168,813,2891,2026-08-03 04:41:01
190620,6,ACE 단기통안채,101780,2,25,0.02,101789.0,0.603,1015,103,2881,2026-08-03 04:41:01
461490,7,RISE 글로벌자산배분액티브,14635,2,35,0.24,14630.0,-2.3085,48184,705,2861,2026-08-03 04:41:01
475080,7,KODEX 테슬라커버드콜채권혼합액티브,7695,5,-75,-0.97,7746.0,-3.8123,138492,1068,2847,2026-08-03 04:41:01
0210A0,2,ACE K반도체TOP2+,6430,5,-270,-4.03,6432.0,,3839187,24957,2845,2026-08-03 04:41:01
481190,4,SOL 미국테크TOP10,16930,2,360,2.17,16749.0,-5.9058,48171,815,2844,2026-08-03 04:41:01
245710,4,ACE 베트남VN30(합성),28840,2,130,0.45,29132.0,-9.2318,5668,162,2826,2026-08-03 04:41:01
483320,4,ACE 엔비디아밸류체인액티브,23480,5,-165,-0.7,22890.0,4.8558,1933921,45269,2818,2026-08-03 04:41:01
270810,1,RISE 코스닥150,12340,2,370,3.09,12363.0,-39.3618,262765,3151,2791,2026-08-03 04:41:01
489030,2,PLUS 고배당주위클리커버드콜,6265,2,55,0.89,6254.0,-23.596,443368,2766,2785,2026-08-03 04:41:01
273140,6,KODEX 단기변동금리부채권액티브,114690,2,15,0.01,114691.0,0.4939,3820,438,2784,2026-08-03 04:41:01
0094K0,6,TIGER 28-04 회사채(A+이상)액티브,99405,2,45,0.05,99399.0,0.5769,23070,2293,2776,2026-08-03 04:41:01
0053L0,4,TIGER 차이나휴머노이드로봇,10440,2,55,0.53,10438.0,-16.6355,164390,1718,2746,2026-08-03 04:41:01
0008S0,4,TIGER 미국배당다우존스타겟데일리커버드콜,10210,2,35,0.34,10159.0,3.2763,327772,3349,2711,2026-08-03 04:41:01
385510,2,KODEX 신재생에너지액티브,32005,2,480,1.52,32038.0,-46.8202,63770,2025,2704,2026-08-03 04:41:01
364970,2,TIGER 바이오TOP10,6720,5,-35,-0.52,6725.0,-15.0849,899307,6033,2664,2026-08-03 04:41:01
472920,6,HK 종합채권(AA-이상)액티브,98295,2,295,0.3,98133.0,-2.1566,2,0,2643,2026-08-03 04:41:01
497880,6,SOL CD금리&머니마켓액티브,50040,2,5,0.01,50042.0,0.7518,128451,6426,2620,2026-08-03 04:41:01
471040,4,KoAct 글로벌AI&로봇액티브,28295,5,-575,-1.99,27800.0,-3.0721,24983,708,2603,2026-08-03 04:41:01
283580,4,KODEX 차이나CSI300,15550,5,-115,-0.73,15549.0,-5.8512,160403,2498,2581,2026-08-03 04:41:01
307520,2,TIGER 지주회사,19760,5,-240,-1.2,19786.0,-18.2968,719488,14242,2549,2026-08-03 04:41:01
483340,4,ACE 구글밸류체인액티브,22270,5,-150,-0.67,21903.0,2.281,100839,2246,2539,2026-08-03 04:41:01
423170,4,SOL 글로벌AI반도체탑픽액티브,55105,5,-3335,-5.71,54653.0,17.3376,33408,1851,2535,2026-08-03 04:41:01
478150,4,TIME 글로벌우주테크&방산액티브,20985,2,260,1.25,20898.0,-1.6374,26164,549,2529,2026-08-03 04:41:01
196230,6,RISE 단기통안채,116697,2,2,0.0,116717.0,0.5687,985,114,2488,2026-08-03 04:41:01
493810,4,TIGER 미국AI빅테크10타겟데일리커버드콜,11730,2,275,2.4,11611.0,-3.8146,101209,1185,2463,2026-08-03 04:41:01
139230,2,TIGER 200 중공업,12140,5,-70,-0.57,12159.0,-38.503,129332,1566,2445,2026-08-03 04:41:01
409820,4,KODEX 미국나스닥100레버리지(합성 H),18795,2,150,0.8,18428.0,7.0628,97441,1820,2434,2026-08-03 04:41:01
136340,6,RISE 중기우량회사채,104130,2,90,0.09,104148.0,0.245,32100,3344,2416,2026-08-03 04:41:01
475300,2,SOL 반도체전공정,17735,5,-420,-2.31,17760.0,-13.8962,1905787,33964,2412,2026-08-03 04:41:01
157500,2,TIGER 증권,12515,5,-600,-4.57,12512.0,-26.4256,405065,5084,2410,2026-08-03 04:41:01
495230,1,KoAct 코리아밸류업액티브,28615,5,-1165,-3.91,28636.0,-0.3759,32650,938,2389,2026-08-03 04:41:01
486450,4,SOL 미국AI전력인프라,20050,5,-240,-1.18,19846.0,-14.4063,16830,338,2386,2026-08-03 04:41:01
458260,6,TIGER 미국투자등급회사채액티브(H),46345,5,-85,-0.18,46224.0,-1.0387,1597,73,2377,2026-08-03 04:41:01
261260,7,KODEX 미국달러선물인버스2X,4980,5,-15,-0.3,4994.0,6.9593,136523,678,2372,2026-08-03 04:41:01
363570,6,KODEX 장기종합채권(AA-이상)액티브,86585,5,-395,-0.45,86690.0,-4.8828,398,34,2369,2026-08-03 04:41:01
437080,6,KODEX 미국종합채권ESG액티브(H),96890,5,-210,-0.22,96959.0,-0.6586,1634,158,2350,2026-08-03 04:41:01
488980,6,SOL 26-12 회사채(AA-이상)액티브,51995,2,15,0.03,51988.0,0.6389,257,13,2349,2026-08-03 04:41:01
329650,7,KODEX TRF3070,14220,2,50,0.35,14210.0,-1.2214,33295,473,2346,2026-08-03 04:41:01
228790,2,TIGER 화장품,3725,2,45,1.22,3731.0,-6.599,2758298,10260,2334,2026-08-03 04:41:01
471780,2,TIGER 코리아테크액티브,31145,5,-1365,-4.2,31152.0,-1.7825,88186,2763,2327,2026-08-03 04:41:01
213610,2,KODEX 삼성그룹밸류,20580,5,-950,-4.41,20584.0,7.1144,8669,180,2326,2026-08-03 04:41:01
472160,4,TIGER 미국테크TOP10 INDXX(H),18380,2,285,1.58,18220.0,-2.4266,40838,749,2316,2026-08-03 04:41:01
448540,7,ACE 엔비디아채권혼합,26050,2,180,0.7,25996.0,-1.8775,23159,602,2292,2026-08-03 04:41:01
0098F0,2,KODEX 원자력SMR,13090,2,60,0.46,13110.0,-44.3163,406017,5309,2291,2026-08-03 04:41:01
305080,6,TIGER 미국채10년선물,12705,5,-20,-0.16,12698.0,-4.5745,98842,1256,2274,2026-08-03 04:41:01
0183V0,7,KIWOOM 삼성전자&SK하이닉스채권혼합50,11360,5,-640,-5.33,11362.0,19.066,804640,9179,2272,2026-08-03 04:41:01
302190,6,TIGER 중장기국채,50080,5,-40,-0.08,50083.0,-0.4173,20657,1034,2264,2026-08-03 04:41:01
421320,2,PLUS 우주항공,24035,2,275,1.16,24023.0,-48.8042,83593,1998,2259,2026-08-03 04:41:01
0092C0,6,SOL 27-12 회사채(AA-이상)액티브,50125,2,5,0.01,50126.0,0.592,40,2,2255,2026-08-03 04:41:01
388420,2,RISE 비메모리반도체액티브,24080,5,-1080,-4.29,24121.0,-10.7687,562391,13680,2254,2026-08-03 04:41:01
0162Y0,1,TIME 코스닥액티브,6460,2,205,3.28,6467.0,-42.137,542010,3507,2222,2026-08-03 04:41:01
0182S0,7,1Q K반도체TOP2채권혼합50,11850,5,-490,-3.97,11846.0,14.8975,418096,4975,2222,2026-08-03 04:41:01
498270,4,KIWOOM 미국양자컴퓨팅,14690,2,245,1.7,14386.0,2.7401,31264,457,2196,2026-08-03 04:41:01
442320,4,RISE 글로벌원자력,34420,5,-65,-0.19,34163.0,-28.5949,8681,298,2189,2026-08-03 04:41:01
123320,3,TIGER 레버리지,94030,5,-13775,-12.78,94048.0,-6.4843,128067,12267,2163,2026-08-03 04:41:01
466930,2,SOL 자동차TOP3플러스,25032,5,-8,-0.03,25069.0,3.3003,496497,12430,2153,2026-08-03 04:41:01
363580,2,KODEX 200IT TR,48835,5,-2660,-5.17,48718.0,13.126,250944,12369,2149,2026-08-03 04:41:01
452360,4,SOL 미국배당다우존스(H),13155,5,-5,-0.04,13113.0,7.3026,106800,1407,2131,2026-08-03 04:41:01
414780,4,TIGER 차이나과창판STAR50(합성),13565,5,-800,-5.57,13736.0,2.5705,214013,2939,2116,2026-08-03 04:41:01
490090,4,TIGER 미국AI빅테크10,16065,2,365,2.32,15913.0,-3.206,65549,1052,2113,2026-08-03 04:41:01
0151S0,4,KODEX 미국AI반도체TOP3플러스,14950,5,-320,-2.1,14690.0,7.4972,297906,4437,2108,2026-08-03 04:41:01
0047A0,4,TIGER 차이나테크TOP10,13165,5,-35,-0.27,13160.0,-2.9412,37614,494,2093,2026-08-03 04:41:01
0089D0,2,KODEX 금융고배당TOP10,12985,5,-235,-1.78,12992.0,-1.1037,95119,1235,2091,2026-08-03 04:41:01
0204D0,2,KODEX 현대차로보틱스밸류체인TOP3플러스,6360,2,25,0.39,6376.0,,1316172,8365,2022,2026-08-03 04:41:01
0104N0,2,TIGER 200타겟위클리커버드콜,19240,5,-1220,-5.96,19222.0,4.4628,61177,1182,1982,2026-08-03 04:41:01
244580,2,KODEX 바이오,7740,2,340,4.59,7742.0,-38.9691,452448,3482,1981,2026-08-03 04:41:01
463050,2,TIME K바이오액티브,11780,2,290,2.52,11808.0,-35.4132,251768,2907,1979,2026-08-03 04:41:01
302450,1,RISE 코스피,64830,5,-3575,-5.23,64739.0,0.4237,3134,203,1977,2026-08-03 04:41:01
495060,1,TIME 코리아밸류업액티브,26860,5,-1505,-5.31,26871.0,3.033,70521,1903,1974,2026-08-03 04:41:01
0119H0,6,KODEX 28-12 회사채(AA-이상)액티브,9905,2,25,0.25,9903.0,0.3045,16738,165,1967,2026-08-03 04:41:01
266160,2,RISE 고배당,30940,5,-1910,-5.81,30882.0,5.2639,49640,1539,1965,2026-08-03 04:41:01
463290,6,1Q 단기금융채액티브,108990,2,30,0.03,108987.0,0.707,542,59,1953,2026-08-03 04:41:01
394670,4,TIGER 글로벌리튬&2차전지SOLACTIVE(합성),10985,2,40,0.37,11065.0,-21.5413,41036,450,1947,2026-08-03 04:41:01
0005A0,4,KODEX 미국S&P500데일리커버드콜OTM,9740,2,110,1.14,9674.0,1.5146,181371,1762,1938,2026-08-03 04:41:01
491610,6,1Q CD금리액티브(합성),104605,2,10,0.01,104606.0,0.7028,1394,145,1917,2026-08-03 04:41:01
0091C0,6,KODEX 미국10년국채액티브(H),9605,5,-35,-0.36,9594.0,-0.8698,50380,483,1898,2026-08-03 04:41:01
0115D0,2,KODEX 조선TOP10,7615,5,-220,-2.81,7626.0,-32.2525,1617823,12352,1896,2026-08-03 04:41:01
433500,2,ACE 원자력TOP10,46245,2,795,1.75,46257.0,-47.8037,93526,4249,1896,2026-08-03 04:41:01
332930,1,HANARO 200TR,129990,5,-10010,-7.15,130268.0,6.7317,166,21,1885,2026-08-03 04:41:01
429000,4,TIGER 미국S&P500배당귀족,13880,5,-20,-0.14,13775.0,4.2074,109527,1523,1860,2026-08-03 04:41:01
433980,7,KODEX TDF2040액티브 적격,15960,2,90,0.57,15859.0,0.0951,54086,866,1851,2026-08-03 04:41:01
480040,4,ACE 미국반도체데일리타겟커버드콜(합성),15770,5,-70,-0.44,15198.0,-0.3819,116477,1829,1845,2026-08-03 04:41:01
0069M0,4,1Q 미국나스닥100,13515,2,70,0.52,13377.0,1.0013,190439,2571,1838,2026-08-03 04:41:01
495550,1,SOL 코리아밸류업TR,30640,5,-1430,-4.46,30630.0,6.3681,8290,255,1823,2026-08-03 04:41:01
0082V0,7,KODEX TDF2060액티브 적격,11310,2,35,0.31,11251.0,-4.0481,72676,826,1815,2026-08-03 04:41:01
200250,4,KIWOOM 인도Nifty50(합성),22700,2,230,1.02,22803.0,-2.0916,19467,439,1793,2026-08-03 04:41:01
458210,7,KIWOOM CD금리액티브(합성),110330,2,5,0.0,110306.0,0.6844,239,26,1780,2026-08-03 04:41:01
472870,6,RISE 미국30년국채엔화노출(합성 H),7240,2,115,1.61,7278.0,-6.6223,253592,1840,1756,2026-08-03 04:41:01
267770,3,TIGER 200선물레버리지,72780,5,-10305,-12.4,72331.0,-6.0497,73072,5410,1747,2026-08-03 04:41:01
473460,4,KODEX 미국서학개미,22240,2,65,0.29,21939.0,-7.8081,29101,649,1746,2026-08-03 04:41:01
422420,2,RISE 2차전지액티브,5470,5,-95,-1.71,5464.0,-48.5086,119519,643,1741,2026-08-03 04:41:01
483290,4,KODEX 미국배당다우존스타겟커버드콜,10550,3,0,0.0,10522.0,2.8063,219660,2316,1720,2026-08-03 04:41:01
122090,1,PLUS 코스피50,74890,5,-5745,-7.12,74855.0,11.3692,34631,2617,1707,2026-08-03 04:41:01
160580,5,TIGER 구리실물,16495,2,125,0.76,16358.0,4.3007,24018,395,1699,2026-08-03 04:41:01
0040X0,7,SOL 팔란티어미국채커버드콜혼합,8735,5,-55,-0.63,8772.0,-6.3826,167318,1463,1695,2026-08-03 04:41:01
117700,2,KODEX 건설,5705,2,130,2.33,5706.0,-40.0735,1538063,8740,1660,2026-08-03 04:41:01
0099L0,6,ACE 우량회사채(AA-이상)액티브,99415,2,70,0.07,99439.0,0.5363,22982,2284,1639,2026-08-03 04:41:01
0197X0,2,SOL SK하이닉스선물단일종목인버스2X,9370,2,1675,21.77,9427.0,,16487060,153046,1633,2026-08-03 04:41:01
0192Z0,6,TIGER 중기종합채권(A-이상)액티브,100790,5,-30,-0.03,100795.0,,145,14,1628,2026-08-03 04:41:01
337160,2,KODEX 200ESG,43825,5,-2825,-6.06,43768.0,13.733,11593,510,1622,2026-08-03 04:41:01
237370,7,KODEX 코리아배당성장채권혼합,15575,5,-20,-0.13,15571.0,-2.5582,49977,776,1620,2026-08-03 04:41:01
0051G0,4,SOL 미국원자력SMR,13050,5,-230,-1.73,12938.0,-18.1763,11943,156,1618,2026-08-03 04:41:01
480020,4,ACE 미국빅테크7+데일리타겟커버드콜(합성),11140,2,295,2.72,11025.0,-9.971,166352,1850,1615,2026-08-03 04:41:01
332500,1,ACE 200TR,66600,5,-6550,-8.95,66647.0,8.7166,73599,4976,1598,2026-08-03 04:41:01
476450,6,KIWOOM 머니마켓액티브,52625,3,0,0.0,52631.0,0.708,54,2,1591,2026-08-03 04:41:01
480030,4,ACE 미국500데일리타겟커버드콜(합성),10425,2,95,0.92,10337.0,-0.1665,76692,799,1585,2026-08-03 04:41:01
272560,6,RISE 단기국공채액티브,114635,2,5,0.0,114643.0,0.579,3340,382,1579,2026-08-03 04:41:01
490600,4,RISE 미국배당100데일리고정커버드콜,9335,5,-50,-0.53,9315.0,4.0506,239882,2243,1573,2026-08-03 04:41:01
0094M0,2,RISE 코리아밸류업위클리고정커버드콜,17075,5,-965,-5.35,17097.0,6.2299,341662,5875,1571,2026-08-03 04:41:01
0190G0,2,KODEX 반도체타겟위클리커버드콜,7760,5,-305,-3.78,7730.0,,327490,2550,1568,2026-08-03 04:41:01
403790,1,MIDAS 코스피액티브,53250,5,-4390,-7.62,53144.0,5.4133,291,15,1558,2026-08-03 04:41:01
0093A0,2,RISE AI반도체TOP10,27695,5,-1585,-5.41,27725.0,-18.3036,231520,6438,1551,2026-08-03 04:41:01
0048K0,4,KODEX 차이나휴머노이드로봇,9075,2,185,2.08,9079.0,-14.1967,135843,1223,1547,2026-08-03 04:41:01
464240,6,KIWOOM 26-09회사채(AA-이상)액티브,52300,2,25,0.05,52298.0,0.6426,3,0,1543,2026-08-03 04:41:01
494220,2,UNICORN SK하이닉스밸류체인액티브,41200,5,-1215,-2.86,41203.0,-1.4407,184075,7608,1524,2026-08-03 04:41:01
219480,4,KODEX 미국S&P500선물(H),32490,2,230,0.71,32526.0,4.6044,2935,95,1511,2026-08-03 04:41:01
494330,2,ACE 라이프자산주주가치액티브,30165,5,-1375,-4.36,30144.0,20.8496,13912,420,1508,2026-08-03 04:41:01
0104H0,7,KoAct 미국나스닥채권혼합50액티브,11965,2,20,0.17,11814.0,-0.1672,61463,733,1508,2026-08-03 04:41:01
0005G0,2,IBK K-AI반도체코어테크,43675,5,-2480,-5.37,43715.0,10.4084,32503,1431,1507,2026-08-03 04:41:01
451530,6,TIGER 국고채30년스트립액티브,35390,5,-485,-1.35,35678.0,-19.6619,12170,433,1502,2026-08-03 04:41:01
0127M0,4,ACE 미국대형가치주액티브,12380,5,-80,-0.64,12362.0,9.1617,130246,1612,1492,2026-08-03 04:41:01
245340,4,TIGER 미국다우존스30,36620,2,110,0.3,36492.0,4.602,37892,1389,1472,2026-08-03 04:41:01
0064K0,5,KODEX 금액티브,12145,5,-45,-0.37,12177.0,-14.155,47509,576,1463,2026-08-03 04:41:01
0153K0,2,KODEX 주주환원고배당주,11825,5,-160,-1.34,11825.0,1.9818,161533,1906,1454,2026-08-03 04:41:01
233160,3,TIGER 코스닥150 레버리지,6160,2,410,7.13,6159.0,-68.75,2888184,17561,1451,2026-08-03 04:41:01
0151P0,2,RISE 코리아전략산업액티브,13305,5,-865,-6.1,13321.0,-14.3177,393504,5297,1444,2026-08-03 04:41:01
271050,5,KODEX WTI원유선물인버스(H),2160,2,45,2.13,2162.0,16.9154,967786,2075,1415,2026-08-03 04:41:01
143860,2,TIGER 헬스케어,35010,2,210,0.6,35101.0,-25.2658,19110,657,1400,2026-08-03 04:41:01
491820,2,HANARO 전력설비투자,37250,2,450,1.22,37254.0,-42.0199,82822,3082,1397,2026-08-03 04:41:01
0180V0,4,ACE 미국우주테크액티브,7230,5,-85,-1.16,7175.0,-24.8202,70187,507,1385,2026-08-03 04:41:01
304660,6,KODEX 미국30년국채울트라선물(H),7240,5,-25,-0.34,7245.0,-2.4178,33923,245,1376,2026-08-03 04:41:01
461950,2,KODEX 2차전지핵심소재10,4135,5,-100,-2.36,4140.0,-46.0829,688465,2821,1373,2026-08-03 04:41:01
0041E0,4,KODEX 미국S&P500액티브,16330,2,165,1.02,16174.0,1.4103,46697,762,1372,2026-08-03 04:41:01
192090,4,TIGER 차이나CSI300,12730,5,-170,-1.32,12742.0,-6.1136,21310,271,1362,2026-08-03 04:41:01
486830,6,HANARO 머니마켓액티브,53140,2,5,0.01,53147.0,0.7585,3171,168,1360,2026-08-03 04:41:01
152870,1,파워 200,100715,5,-4125,-3.93,100190.0,3.9206,5778,581,1360,2026-08-03 04:41:01
251340,3,KODEX 코스닥150선물인버스,2785,5,-95,-3.3,2799.0,44.2163,47954292,134174,1359,2026-08-03 04:41:01
182480,7,TIGER 미국MSCI리츠(합성 H),14085,5,-215,-1.5,14198.0,6.8716,20749,293,1338,2026-08-03 04:41:01
138520,2,TIGER 삼성그룹,32540,5,-1960,-5.68,32618.0,9.8201,63928,2105,1315,2026-08-03 04:41:01
0181B0,4,HANARO 미국AI메모리반도체TOP4+,9855,5,-535,-5.15,9597.0,,241010,2371,1311,2026-08-03 04:41:01
372330,4,KODEX 차이나항셍테크,7575,2,90,1.2,7581.0,-4.7529,83229,629,1310,2026-08-03 04:41:01
354500,1,ACE 코스닥150,12535,2,315,2.58,12555.0,-38.9611,189891,2366,1304,2026-08-03 04:41:01
481180,4,SOL 미국AI소프트웨어,15080,2,245,1.65,14979.0,22.3505,48063,726,1297,2026-08-03 04:41:01
476030,4,SOL 미국나스닥100,17115,2,90,0.53,16939.0,1.1589,45292,774,1292,2026-08-03 04:41:01
495330,1,1Q 코리아밸류업,29760,5,-1285,-4.14,29738.0,5.7575,6763,201,1280,2026-08-03 04:41:01
411420,4,KODEX 미국나스닥AI테크액티브,26540,2,360,1.38,26160.0,-3.1908,20167,533,1274,2026-08-03 04:41:01
0123G0,4,TIGER 미국AI전력SMR,6550,5,-100,-1.5,6413.0,-19.9278,36122,235,1264,2026-08-03 04:41:01
0131W0,6,1Q 단기특수은행채액티브,101895,2,15,0.01,101894.0,0.6371,466,47,1261,2026-08-03 04:41:01
0176E0,4,RISE 미국AI전력인프라액티브,10155,5,-50,-0.49,9984.0,-14.9938,6255,63,1244,2026-08-03 04:41:01
0000Y0,6,HK 26-12 회사채(AA-이상)액티브,101600,2,15,0.01,101616.0,0.5742,9,0,1229,2026-08-03 04:41:01
114820,6,TIGER 국채3년,105045,5,-5,0.0,105034.0,0.5888,3951,415,1229,2026-08-03 04:41:01
448100,1,WON 200,102000,5,-5285,-4.93,102007.0,4.2491,13035,1345,1224,2026-08-03 04:41:01
412570,2,TIGER 2차전지TOP10레버리지,879,5,-67,-7.08,880.0,-66.0324,4977174,4375,1218,2026-08-03 04:41:01
464930,4,TIGER 글로벌혁신블루칩TOP10,21610,2,530,2.51,21439.0,-0.0712,10522,227,1210,2026-08-03 04:41:01
464310,4,TIGER 글로벌AI&로보틱스 INDXX,14420,2,125,0.87,14238.0,-8.6874,37399,535,1204,2026-08-03 04:41:01
399110,4,SOL 미국S&P500ESG,21265,2,415,1.99,21032.0,0.8448,11342,240,1191,2026-08-03 04:41:01
463680,4,KODEX 미국S&P500테크놀로지,22020,5,-75,-0.34,21627.0,9.0515,35724,786,1167,2026-08-03 04:41:01
447620,7,SOL 미국TOP5채권혼합50,15985,2,275,1.75,15909.0,0.1913,39631,632,1167,2026-08-03 04:41:01
325010,2,KODEX 성장주,38810,5,-2190,-5.34,38771.0,0.8114,6514,252,1164,2026-08-03 04:41:01
309230,4,ACE 미국WideMoat동일가중,31105,2,65,0.21,31084.0,3.9704,3189,99,1157,2026-08-03 04:41:01
0074K0,2,KoAct K수출핵심기업TOP30액티브,14990,5,-465,-3.01,15004.0,-17.88,48208,726,1154,2026-08-03 04:41:01
0199C0,2,ACE 고배당주Plus커버드콜액티브,8865,5,-170,-1.88,8856.0,,605703,5374,1152,2026-08-03 04:41:01
0168K0,2,TIGER 기술이전바이오액티브,5720,2,245,4.47,5728.0,-41.6312,1170104,6627,1149,2026-08-03 04:41:01
488500,4,TIGER 미국S&P500동일가중,12875,5,-145,-1.11,12926.0,4.8485,172111,2226,1146,2026-08-03 04:41:01
0005D0,2,SOL 전고체배터리&실리콘음극재,11820,5,-110,-0.92,11839.0,-51.8175,364422,4277,1141,2026-08-03 04:41:01
0135Y0,6,IBK 중기종합채권(AA-이상)액티브,100320,5,-10,-0.01,100292.0,0.4053,10,1,1141,2026-08-03 04:41:01
498180,6,파워 종합채권(AA-이상)액티브,93520,3,0,0.0,93372.0,-1.9758,0,0,1137,2026-08-03 04:41:01
0036R0,4,RISE 미국휴머노이드로봇,19430,2,80,0.41,19211.0,0.4435,12067,234,1137,2026-08-03 04:41:01
0122W0,6,RISE 26-11 회사채(AA-이상)액티브,50880,3,0,0.0,50875.0,0.6329,3193,162,1137,2026-08-03 04:41:01
0174B0,7,KoAct 글로벌AI메모리반도체액티브,13605,5,-510,-3.61,13477.0,22.6857,71811,979,1129,2026-08-03 04:41:01
491230,6,PLUS 국공채머니마켓액티브,52380,2,20,0.04,52375.0,0.6923,1196,62,1127,2026-08-03 04:41:01
139220,2,TIGER 200 건설,6555,5,-90,-1.35,6552.0,-32.9804,364941,2407,1126,2026-08-03 04:41:01
261270,7,KODEX 미국달러선물인버스,7815,3,0,0.0,7824.0,3.8538,27130,211,1123,2026-08-03 04:41:01
0080Y0,2,SOL 조선TOP3플러스레버리지,8695,5,-475,-5.18,8741.0,-59.6036,295425,2559,1122,2026-08-03 04:41:01
304940,4,KODEX 미국나스닥100선물(H),31425,2,70,0.22,31139.0,4.3601,4078,127,1100,2026-08-03 04:41:01
168580,4,ACE 중국본토CSI300,35190,5,-360,-1.01,35191.0,-5.8528,1254,44,1098,2026-08-03 04:41:01
457990,2,PLUS 태양광&ESS,30490,5,-15,-0.05,30523.0,-41.7733,136470,4103,1098,2026-08-03 04:41:01
328370,1,PLUS 코스피TR,35215,5,-1865,-5.03,35138.0,-0.2824,2082,73,1092,2026-08-03 04:41:01
0052T0,6,1Q 중단기회사채(A-이상)액티브,50585,2,5,0.01,50579.0,0.7268,53,2,1079,2026-08-03 04:41:01
367770,2,RISE 수소경제테마,20585,2,70,0.34,20615.0,-30.4341,70858,1451,1070,2026-08-03 04:41:01
438570,6,SOL 국고채10년,98420,2,10,0.01,98316.0,-1.4077,1499,147,1070,2026-08-03 04:41:01
319640,4,TIGER 골드선물(H),24000,5,-130,-0.54,24037.0,-11.5308,13258,317,1068,2026-08-03 04:41:01
394660,4,TIGER 글로벌자율주행&전기차SOLACTIVE,16060,2,120,0.75,16029.0,-10.7753,4835,77,1066,2026-08-03 04:41:01
0085P0,6,ACE 미국10년국채액티브,10150,5,-10,-0.1,10123.0,-4.3394,138780,1409,1066,2026-08-03 04:41:01
0193M0,6,BNK 27-12 특수채(AAA이상)액티브,50230,3,0,0.0,50275.0,,0,0,1062,2026-08-03 04:41:01
332940,1,HANARO MSCI Korea TR,44235,5,-3045,-6.44,44292.0,8.0438,3868,171,1062,2026-08-03 04:41:01
0132K0,7,PLUS 테슬라위클리커버드콜채권혼합,8065,2,5,0.06,8037.0,-3.7669,83971,676,1061,2026-08-03 04:41:01
0091M0,6,HANARO 27-06 회사채(AA-이상)액티브,10125,3,0,0.0,10136.0,0.4464,0,0,1054,2026-08-03 04:41:01
471760,2,TIGER AI반도체핵심공정,11600,5,-120,-1.02,11604.0,-47.7253,903981,10579,1050,2026-08-03 04:41:01
0184L0,6,PLUS 중기종합채권(A-이상)액티브,100450,5,-30,-0.03,100444.0,,2,0,1045,2026-08-03 04:41:01
0191W0,6,HANARO 중기종합채권(A-이상)액티브,100770,3,0,0.0,100746.0,,0,0,1033,2026-08-03 04:41:01
475280,6,ACE 8월만기자동연장회사채AA-이상액티브,10705,5,-5,-0.05,10710.0,0.8474,9,0,1031,2026-08-03 04:41:01
465610,4,ACE 미국빅테크TOP7 Plus레버리지(합성),42925,2,2010,4.91,42029.0,-7.7349,6103,262,1030,2026-08-03 04:41:01
0092B0,2,SOL 한국원자력SMR,12865,2,15,0.12,12890.0,-47.1303,41223,527,1029,2026-08-03 04:41:01
481430,6,RISE 국고채10년액티브,98390,5,-90,-0.09,98298.0,-1.2336,318,31,1029,2026-08-03 04:41:01
377990,2,TIGER Fn신재생에너지,20170,2,120,0.6,20178.0,-45.014,106765,2144,1029,2026-08-03 04:41:01
465780,6,마이티 26-09 특수채(AAA)액티브,106160,3,0,0.0,106182.0,0.6399,0,0,1022,2026-08-03 04:41:01
0221V0,6,IBK 초단기채권액티브,100150,3,0,0.0,100158.0,,180,18,1021,2026-08-03 04:41:01
0177X0,2,ACE K휴머노이드로봇산업TOP2+,9435,2,750,8.64,9442.0,-30.631,1127559,10608,1010,2026-08-03 04:41:01
469170,2,ACE 포스코그룹포커스,5110,5,-105,-2.01,5112.0,-39.3323,611157,3100,1009,2026-08-03 04:41:01
488720,7,WON 종합채권(AA-이상)액티브,48620,5,-95,-0.2,48640.0,-1.7843,212,10,998,2026-08-03 04:41:01
114100,6,RISE 국고채3년,106550,5,-20,-0.02,106555.0,0.5086,1295,137,991,2026-08-03 04:41:01
326240,2,RISE IT플러스,38530,5,-2005,-4.95,38437.0,-1.9117,6057,233,986,2026-08-03 04:41:01
308620,6,KODEX 미국10년국채선물,11940,5,-5,-0.04,11931.0,-4.3635,31239,373,979,2026-08-03 04:41:01
461500,6,HANARO 종합채권(AA-이상)액티브,105215,5,-95,-0.09,105115.0,-1.7081,1,0,976,2026-08-03 04:41:01
496090,1,KIWOOM 코리아밸류업,30030,5,-1145,-3.67,29981.0,6.0879,624,18,976,2026-08-03 04:41:01
0138Y0,7,PLUS 금채권혼합,9615,5,-10,-0.1,9604.0,-6.8248,40087,385,976,2026-08-03 04:41:01
195980,4,PLUS 신흥국MSCI(합성 H),14830,5,-150,-1.0,14910.0,5.6417,35371,525,973,2026-08-03 04:41:01
468380,6,KODEX iShares미국하이일드액티브,11285,2,20,0.18,11273.0,-3.1167,74967,847,973,2026-08-03 04:41:01
449770,4,KIWOOM 미국S&P500,21375,2,225,1.06,21229.0,1.1676,11149,238,962,2026-08-03 04:41:01
475050,2,ACE KPOP포커스,6740,2,140,2.12,6744.0,-32.5154,758550,5078,957,2026-08-03 04:41:01
204480,4,TIGER 차이나CSI300레버리지(합성),25705,5,-1000,-3.74,26020.0,-14.4345,5247,133,956,2026-08-03 04:41:01
203780,4,TIGER 미국나스닥바이오,33790,5,-935,-2.69,33424.0,12.6337,18868,638,953,2026-08-03 04:41:01
0035T0,7,PLUS 글로벌휴머노이드로봇액티브,19525,2,265,1.38,19525.0,-9.8737,29585,576,947,2026-08-03 04:41:01
266370,2,KODEX IT,59020,5,-3675,-5.86,59075.0,4.9815,100257,5965,944,2026-08-03 04:41:01
473440,6,ACE 11월만기자동연장회사채AA-이상액티브,10810,5,-15,-0.14,10824.0,0.8383,719,7,940,2026-08-03 04:41:01
433970,7,KODEX TDF2030액티브 적격,14060,2,35,0.25,13968.0,0.6457,17577,247,935,2026-08-03 04:41:01
0137V0,4,KIWOOM 미국S&P500모멘텀,11635,5,-65,-0.56,11486.0,7.531,47561,553,931,2026-08-03 04:41:01
0000J0,2,PLUS 한화그룹주,24150,5,-335,-1.37,24169.0,-40.7143,52543,1269,930,2026-08-03 04:41:01
455860,2,SOL 2차전지소부장Fn,3890,5,-120,-2.99,3890.0,-44.9176,1074980,4097,928,2026-08-03 04:41:01
476850,1,KoAct 배당성장액티브,19930,5,-1410,-6.61,19940.0,3.8292,79868,1599,927,2026-08-03 04:41:01
325020,2,KODEX 배당가치,27880,5,-965,-3.35,27857.0,3.9176,7825,218,920,2026-08-03 04:41:01
143850,4,TIGER 미국S&P500선물(H),76110,2,575,0.76,76093.0,4.2293,996,75,913,2026-08-03 04:41:01
485690,4,RISE 미국AI밸류체인TOP3Plus,21380,2,415,1.98,20997.0,0.0782,5107,109,909,2026-08-03 04:41:01
0007N0,1,아이엠에셋 200,99940,5,-4970,-4.74,99761.0,4.2504,148,14,899,2026-08-03 04:41:01
329670,7,KODEX TRF7030,22325,2,245,1.11,22259.0,0.0976,16792,374,893,2026-08-03 04:41:01
269540,4,PLUS 미국S&P500(H),29630,2,140,0.47,29443.0,4.7788,12180,360,889,2026-08-03 04:41:01
479620,4,SOL 미국AI반도체칩메이커,25355,5,-885,-3.37,24837.0,17.3261,7936,201,887,2026-08-03 04:41:01
211900,2,KODEX 코리아배당성장,27115,5,-340,-1.24,27086.0,-9.3834,4656,126,881,2026-08-03 04:41:01
460960,7,ACE 글로벌인컴TOP10,11340,2,5,0.04,11311.0,-2.8518,11338,128,879,2026-08-03 04:41:01
444490,4,WON 미국S&P500,20470,2,205,1.01,20335.0,1.0975,6879,140,870,2026-08-03 04:41:01
329660,7,KODEX TRF5050,18020,2,130,0.73,18006.0,-0.0963,12053,217,847,2026-08-03 04:41:01
453080,4,KIWOOM 미국나스닥100(H),22215,2,35,0.16,22015.0,4.5218,2488,55,844,2026-08-03 04:41:01
359210,1,KODEX 코스피TR,32460,5,-2040,-5.91,32462.0,0.6124,120780,3981,844,2026-08-03 04:41:01
0142D0,4,TIGER 미국AI데이터센터TOP4Plus,9770,5,-215,-2.15,9445.0,-9.2686,53325,519,840,2026-08-03 04:41:01
298770,4,KODEX 한국대만IT프리미어,76130,5,-195,-0.26,75550.0,10.3223,5705,427,837,2026-08-03 04:41:01
461460,6,PLUS 국고채10년액티브,51390,5,-50,-0.1,51401.0,-1.4465,710,36,834,2026-08-03 04:41:01
0209D0,2,KODEX 전고체배터리ESS TOP2플러스,6635,5,-75,-1.12,6639.0,,349629,2320,833,2026-08-03 04:41:01
495040,1,PLUS 코리아밸류업,29725,5,-1385,-4.45,29750.0,6.3152,4072,122,832,2026-08-03 04:41:01
0017Y0,6,1Q 종합채권(AA-이상)액티브,94055,5,-65,-0.07,93968.0,-1.989,38,3,831,2026-08-03 04:41:01
453330,4,RISE 미국S&P500(H),17830,2,140,0.79,17724.0,5.254,14270,254,820,2026-08-03 04:41:01
486240,2,DAISHIN343 AI반도체&인프라액티브,25415,5,-735,-2.81,25401.0,-8.9802,1790,45,813,2026-08-03 04:41:01
454320,2,HANARO CAPEX설비투자iSelect,37810,2,590,1.59,37633.0,-38.2702,1947,72,813,2026-08-03 04:41:01
0057H0,7,PLUS 미국S&P500미국채혼합50액티브,11945,2,85,0.72,11905.0,-0.8855,50041,598,812,2026-08-03 04:41:01
0066W0,5,SOL 국제금,12290,5,-55,-0.45,12263.0,-13.8521,49914,613,799,2026-08-03 04:41:01
0162L0,4,KODEX 차이나AI반도체TOP10,12830,5,-740,-5.45,12847.0,5.6358,450945,5817,795,2026-08-03 04:41:01
108450,2,ACE 삼성그룹섹터가중,35780,5,-1490,-4.0,35834.0,1.8306,5331,192,787,2026-08-03 04:41:01
0049M0,4,ACE 미국배당퀄리티+커버드콜액티브,11380,2,5,0.04,11348.0,-1.137,28579,325,785,2026-08-03 04:41:01
492500,7,1Q 현대차그룹채권(A+이상)&국고통안,51220,5,-15,-0.03,51225.0,0.5001,158,8,780,2026-08-03 04:41:01
458030,6,WON 국공채머니마켓액티브,54915,2,15,0.03,54912.0,0.6231,145,7,779,2026-08-03 04:41:01
157490,2,TIGER 소프트웨어,8165,5,-100,-1.21,8166.0,-10.0653,107292,871,777,2026-08-03 04:41:01
438560,6,SOL 국고채3년,100375,2,25,0.02,100356.0,0.541,17,1,763,2026-08-03 04:41:01
228810,2,TIGER 미디어컨텐츠,3195,2,30,0.95,3191.0,-35.0103,247045,782,760,2026-08-03 04:41:01
0113D0,4,TIME 글로벌탑픽액티브,12200,2,55,0.45,12098.0,2.3598,34787,424,756,2026-08-03 04:41:01
0098N0,2,PLUS 자사주매입고배당주,12470,5,-120,-0.95,12475.0,-3.3449,26919,336,754,2026-08-03 04:41:01
130730,6,KIWOOM 단기자금,102805,2,25,0.02,102817.0,0.5921,4247,436,753,2026-08-03 04:41:01
412770,4,TIGER 글로벌AI플랫폼액티브,12260,5,-125,-1.01,11909.0,-0.121,10187,123,750,2026-08-03 04:41:01
272910,6,ACE 중장기국공채액티브,106050,2,50,0.05,106028.0,0.0849,41,4,743,2026-08-03 04:41:01
490480,2,SOL K방산,26460,5,-595,-2.2,26539.0,-34.0283,24469,645,741,2026-08-03 04:41:01
364960,2,TIGER BBIG,6095,5,-150,-2.4,6090.0,-21.7909,7027,42,741,2026-08-03 04:41:01
469060,4,RISE 미국반도체NYSE,35205,5,-730,-2.03,34543.0,12.4844,35799,1259,739,2026-08-03 04:41:01
138530,2,TIGER LG그룹플러스,10825,5,-170,-1.55,10845.0,-7.1369,130453,1408,734,2026-08-03 04:41:01
210780,2,TIGER 코스피고배당,22190,5,-160,-0.72,22207.0,-12.6493,14220,316,732,2026-08-03 04:41:01
495750,1,HANARO 코리아밸류업,29875,5,-2090,-6.54,29928.0,9.1368,123,3,732,2026-08-03 04:41:01
337140,2,KODEX 코스피대형주,33195,5,-2310,-6.51,33171.0,4.4356,19605,654,730,2026-08-03 04:41:01
0018C0,2,PLUS 고배당주위클리고정커버드콜,10310,5,-205,-1.95,10311.0,-17.0686,68817,708,727,2026-08-03 04:41:01
0080X0,7,SOL 미국S&P500미국채혼합50,11300,2,90,0.8,11204.0,-1.8132,40376,457,723,2026-08-03 04:41:01
0190Y0,4,TIGER 구글밸류체인,9000,2,210,2.39,8851.0,,80685,720,711,2026-08-03 04:41:01
211560,2,TIGER 배당성장,33835,5,-410,-1.2,33902.0,-9.3942,6684,226,711,2026-08-03 04:41:01
434960,1,DAISHIN343 K200,99860,5,-5175,-4.93,99774.0,4.211,1259,126,699,2026-08-03 04:41:01
441540,2,HANARO Fn조선해운,25795,5,-805,-3.03,25818.0,-28.4177,9328,240,696,2026-08-03 04:41:01
475350,4,RISE 버크셔포트폴리오TOP10,15085,5,-105,-0.69,15031.0,6.2115,33054,497,694,2026-08-03 04:41:01
365040,1,TIGER AI코리아그로스액티브,32785,5,-1895,-5.46,32795.0,2.331,21592,712,688,2026-08-03 04:41:01
440640,6,ACE 단기채권알파액티브,112392,2,17,0.02,112398.0,0.744,5212,585,688,2026-08-03 04:41:01
458750,4,TIGER 미국배당다우존스타겟커버드콜1호,13320,2,70,0.53,13220.0,3.1762,31854,423,679,2026-08-03 04:41:01
123310,3,TIGER 인버스,1314,2,161,13.96,1291.0,-23.7938,8020206,10419,669,2026-08-03 04:41:01
0022T0,4,SOL 국제금커버드콜액티브,12730,5,-60,-0.47,12689.0,-13.0513,78593,999,662,2026-08-03 04:41:01
0102A0,4,TIGER 미국AI소프트웨어TOP4Plus,7640,2,125,1.66,7539.0,2.0366,27217,208,661,2026-08-03 04:41:01
453950,4,TIGER TSMC파운드리밸류체인,33650,2,165,0.49,33394.0,6.4367,5322,177,656,2026-08-03 04:41:01
0008T0,2,SOL 화장품TOP3플러스,14240,2,150,1.06,14240.0,-13.4255,348321,4980,655,2026-08-03 04:41:01
292190,1,KODEX KRX300,43665,5,-3335,-7.1,43621.0,4.0475,5211,228,655,2026-08-03 04:41:01
433880,7,PLUS TDF2060액티브 적격,18685,2,90,0.48,18638.0,-0.4009,12357,231,654,2026-08-03 04:41:01
0197W0,2,SOL SK하이닉스단일종목레버리지,7855,5,-1405,-15.17,7886.0,,470459,3737,654,2026-08-03 04:41:01
0036D0,4,TIME 미국배당다우존스액티브,13025,2,50,0.39,12928.0,9.1996,77494,1011,651,2026-08-03 04:41:01
228800,2,TIGER 여행레저,2485,2,20,0.81,2482.0,-26.746,104769,259,649,2026-08-03 04:41:01
0098Z0,1,FOCUS 200,85585,5,-5505,-6.04,85626.0,6.3316,19,1,642,2026-08-03 04:41:01
0194T0,2,ACE SK하이닉스단일종목레버리지,8000,5,-1275,-13.75,8030.0,,179648,1464,640,2026-08-03 04:41:01
266420,2,KODEX 헬스케어,15900,2,125,0.79,15935.0,-25.3078,24389,388,636,2026-08-03 04:41:01
277640,2,TIGER 코스피대형주,34260,5,-3170,-8.47,34282.0,6.2954,36777,1269,634,2026-08-03 04:41:01
479730,4,TIGER 인도빌리언컨슈머,10560,2,60,0.57,10577.0,4.5183,3733,39,634,2026-08-03 04:41:01
476750,6,ACE 미국30년국채엔화노출액티브(H),7805,2,125,1.63,7798.0,-6.0021,93160,727,632,2026-08-03 04:41:01
278620,6,PLUS 단기채권액티브,118735,2,55,0.05,118735.0,0.5592,127,15,632,2026-08-03 04:41:01
0089C0,4,KODEX 미국S&P500변동성확대시커버드콜,11580,2,105,0.92,11540.0,1.4022,61039,706,631,2026-08-03 04:41:01
0123S0,2,HANARO 26-12 은행채(AA+이상)액티브,10160,5,-20,-0.2,10167.0,0.6923,1120,11,630,2026-08-03 04:41:01
0000D0,7,TIGER 엔비디아미국채커버드콜밸런스(합성),9165,3,0,0.0,9146.0,-8.4286,17546,161,628,2026-08-03 04:41:01
455660,6,ACE 미국하이일드액티브(H),9440,2,5,0.05,9418.0,0.1055,14227,134,623,2026-08-03 04:41:01
419890,6,KIWOOM 단기채권ESG액티브,107310,2,50,0.05,107315.0,0.5154,10,1,622,2026-08-03 04:41:01
495940,4,RISE 미국AI테크액티브,19735,2,370,1.91,19430.0,-3.7227,6040,118,622,2026-08-03 04:41:01
0193G0,1,KoAct 코스피액티브,7690,5,-580,-7.01,7691.0,,776277,6011,611,2026-08-03 04:41:01
0040S0,4,HANARO 글로벌피지컬AI액티브,23455,2,55,0.24,22953.0,-1.3491,7340,171,610,2026-08-03 04:41:01
453640,4,KODEX 미국S&P500헬스케어,14110,5,-45,-0.32,14025.0,11.7032,30465,429,607,2026-08-03 04:41:01
0115E0,2,KODEX 코리아소버린AI,12870,5,-45,-0.35,12887.0,-16.016,46171,592,605,2026-08-03 04:41:01
252400,3,RISE 200선물레버리지,86395,5,-9100,-9.53,86518.0,-10.3881,38380,3385,605,2026-08-03 04:41:01
261240,7,KODEX 미국달러선물,14720,2,30,0.2,14735.0,-3.228,75559,1114,602,2026-08-03 04:41:01
491700,1,HK 200,100335,5,-4415,-4.21,100202.0,4.0683,301,30,602,2026-08-03 04:41:01
475310,2,SOL 반도체후공정,21700,5,-780,-3.47,21727.0,-36.5062,91110,1987,586,2026-08-03 04:41:01
275980,4,TIGER 글로벌4차산업혁신기술(합성 H),22840,2,250,1.11,22770.0,3.1506,775,17,585,2026-08-03 04:41:01
0111J0,2,HANARO 증권고배당TOP3플러스,12630,5,-595,-4.5,12621.0,-24.7451,57755,729,581,2026-08-03 04:41:01
440910,4,WON 미국우주항공방산,25810,2,230,0.9,25784.0,2.4224,5848,150,581,2026-08-03 04:41:01
225040,4,TIGER 미국S&P500레버리지(합성 H),65320,2,995,1.55,64559.0,8.7949,8839,575,575,2026-08-03 04:41:01
455960,6,RISE 미국달러SOFR금리액티브(합성),12500,5,-15,-0.12,12491.0,-2.7584,1440,18,573,2026-08-03 04:41:01
100910,1,KIWOOM KRX100,15630,5,-925,-5.59,15630.0,5.5913,4587,72,563,2026-08-03 04:41:01
473640,4,HANARO 글로벌금채굴기업,28020,5,-225,-0.8,27869.0,-15.4468,4593,128,560,2026-08-03 04:41:01
0185L0,4,TIME 글로벌휴머노이드로봇산업액티브,7810,2,120,1.56,7774.0,,23624,183,547,2026-08-03 04:41:01
465330,2,RISE 2차전지TOP10,9415,5,-275,-2.84,9418.0,-39.4375,457152,4215,546,2026-08-03 04:41:01
401470,2,KODEX 메타버스액티브,9175,2,5,0.05,9185.0,-4.0294,3210,29,546,2026-08-03 04:41:01
0046Y0,4,ACE 미국배당퀄리티,12740,2,45,0.35,12671.0,0.1469,8593,109,541,2026-08-03 04:41:01
150460,2,TIGER 중국소비테마,7035,5,-65,-0.92,7027.0,-11.3608,7867,55,536,2026-08-03 04:41:01
0181L0,4,SOL 미국우주항공TOP10,6680,5,-90,-1.33,6558.0,-23.6754,44421,295,534,2026-08-03 04:41:01
0113P0,6,HK 머니마켓액티브,102165,2,10,0.01,102168.0,0.7147,1,0,529,2026-08-03 04:41:01
306950,3,KODEX KRX300레버리지,66075,5,-6925,-9.49,65679.0,-13.9557,9666,644,529,2026-08-03 04:41:01
0166S0,2,PLUS K제조업핵심기업액티브,9875,5,-520,-5.0,9878.0,-12.7937,41992,417,528,2026-08-03 04:41:01
491220,1,PLUS 200TR,117200,5,-8300,-6.61,117504.0,5.7599,2138,251,527,2026-08-03 04:41:01
0141S0,2,SOL 조선기자재,7680,5,-130,-1.66,7682.0,-48.6354,151725,1159,526,2026-08-03 04:41:01
298340,6,PLUS 국채선물3년,56445,2,40,0.07,56445.0,0.8132,595,33,526,2026-08-03 04:41:01
480310,4,TIGER 글로벌온디바이스AI,19125,2,35,0.18,18948.0,5.6417,30670,582,526,2026-08-03 04:41:01
336160,6,RISE 금융채액티브,100245,5,-5,0.0,100261.0,0.449,18,1,525,2026-08-03 04:41:01
360140,2,KODEX 200롱코스닥150숏선물,23700,5,-2420,-9.26,23691.0,68.7338,172830,4161,521,2026-08-03 04:41:01
0172V0,5,1Q 은액티브,7860,5,-10,-0.13,7783.0,-22.2333,60895,476,519,2026-08-03 04:41:01
0139P0,2,ACE 고배당주,12960,5,-280,-2.11,12987.0,-4.6671,16128,209,518,2026-08-03 04:41:01
114470,6,KIWOOM 국고채3년,107945,2,30,0.03,107925.0,0.5108,2205,237,518,2026-08-03 04:41:01
282000,3,RISE 국고채3년선물인버스,114375,5,-30,-0.03,114398.0,0.197,2,0,515,2026-08-03 04:41:01
0194M0,2,ACE 삼성전자단일종목레버리지,9705,5,-2095,-17.75,9738.0,,132514,1316,512,2026-08-03 04:41:01
0118Z0,4,ACE 미국AI테크핵심산업액티브,8385,2,70,0.84,8237.0,-14.5866,15412,128,511,2026-08-03 04:41:01
428510,4,KODEX 차이나AI테크액티브,22225,5,-650,-2.84,22224.0,-6.9965,14017,313,511,2026-08-03 04:41:01
0210E0,2,PLUS 200커버드콜액티브,6855,5,-495,-6.73,6838.0,,138044,951,507,2026-08-03 04:41:01
475260,6,ACE 2월만기자동연장회사채AA-이상액티브,10720,2,5,0.05,10718.0,0.5159,34,0,505,2026-08-03 04:41:01
200030,4,KODEX 미국S&P500산업재(합성),44620,2,475,1.08,44329.0,1.8104,2166,96,503,2026-08-03 04:41:01
445150,2,KODEX 친환경조선해운액티브,26460,5,-625,-2.31,26479.0,-36.0322,3327,88,503,2026-08-03 04:41:01
261070,2,TIGER 코스닥150바이오테크,11365,2,555,5.13,11378.0,-39.4229,196604,2191,502,2026-08-03 04:41:01
101280,4,KODEX 일본TOPIX100,30845,2,40,0.13,30806.0,6.7325,6637,202,500,2026-08-03 04:41:01
261220,5,KODEX WTI원유선물(H),22155,5,-695,-3.04,22179.0,-20.1747,135793,3034,498,2026-08-03 04:41:01
0132H0,4,KODEX 미국원자력SMR,8280,5,-170,-2.01,8192.0,-21.7955,14561,120,497,2026-08-03 04:41:01
385590,2,ACE ESG액티브,21575,5,-880,-3.92,21560.0,4.369,1149,25,496,2026-08-03 04:41:01
442560,7,RISE TDF2040액티브 적격,16470,5,-65,-0.39,16316.0,2.1309,13201,217,494,2026-08-03 04:41:01
494840,4,TIGER 미국방산TOP10,13840,2,85,0.62,13783.0,3.0177,18455,254,491,2026-08-03 04:41:01
140700,2,KODEX 보험,18060,5,-755,-4.01,18113.0,20.092,26762,487,488,2026-08-03 04:41:01
0086B0,2,TIGER 리츠부동산인프라TOP10액티브,9460,5,-100,-1.05,9483.0,-13.2647,8988,85,487,2026-08-03 04:41:01
0118S0,4,SOL 미국넥스트테크TOP10액티브,10330,5,-310,-2.91,10135.0,-6.3381,14284,147,486,2026-08-03 04:41:01
304780,3,HANARO 200선물레버리지,105805,5,-11180,-9.56,105652.0,-9.8451,16905,1829,476,2026-08-03 04:41:01
473490,4,KIWOOM 글로벌AI반도체,30610,5,-80,-0.26,30030.0,8.6533,2438,74,474,2026-08-03 04:41:01
295020,6,RISE 국채선물10년인버스,60320,2,5,0.01,60375.0,2.2721,4,0,474,2026-08-03 04:41:01
218420,4,KODEX 미국S&P500에너지(합성),19390,5,-180,-0.92,19832.0,-4.0452,45570,890,474,2026-08-03 04:41:01
256750,4,KODEX 차이나심천ChiNext(합성),15465,5,-290,-1.84,15491.0,-10.9888,5487,85,473,2026-08-03 04:41:01
0000Z0,2,RISE 바이오TOP10액티브,8445,2,465,5.83,8418.0,-47.0823,186276,1569,473,2026-08-03 04:41:01
275300,2,KODEX 우량주,27485,5,-1410,-4.88,27501.0,8.167,6337,175,467,2026-08-03 04:41:01
276990,4,KODEX 글로벌로봇(합성),26375,2,595,2.31,26213.0,-3.2827,4630,122,467,2026-08-03 04:41:01
278240,3,RISE 코스닥150선물레버리지,6250,2,425,7.3,6266.0,-68.9499,550800,3310,465,2026-08-03 04:41:01
447430,2,ACE 주주환원가치주액티브,15760,5,-110,-0.69,15713.0,-15.8521,2916,45,465,2026-08-03 04:41:01
0192L0,2,RISE SK하이닉스단일종목레버리지,8150,5,-1450,-15.1,8196.0,,141825,1174,465,2026-08-03 04:41:01
287180,4,PLUS 미국나스닥테크,54450,5,-515,-0.94,54022.0,11.8311,7775,463,463,2026-08-03 04:41:01
0178H0,7,IBK 미국AI TOP10국채혼합50,9930,2,215,2.21,9772.0,-2.651,11649,115,462,2026-08-03 04:41:01
461340,4,HANARO 글로벌생성형AI액티브,41810,2,10,0.02,41282.0,5.6756,4026,168,460,2026-08-03 04:41:01
472830,6,RISE 미국30년국채커버드콜(합성),8215,5,-50,-0.6,8192.0,-5.6847,21117,173,456,2026-08-03 04:41:01
0020H0,4,KoAct 글로벌양자컴퓨팅액티브,21600,5,-215,-0.99,21263.0,-0.8184,7355,158,454,2026-08-03 04:41:01
453650,4,KODEX 미국S&P500금융,20020,2,30,0.15,19899.0,6.9293,14733,294,450,2026-08-03 04:41:01
0041D0,4,KODEX 미국AI소프트웨어TOP10,12140,2,80,0.66,11976.0,0.1266,40986,496,449,2026-08-03 04:41:01
475270,6,ACE 5월만기자동연장회사채AA-이상액티브,10695,5,-5,-0.05,10704.0,0.6111,421,4,446,2026-08-03 04:41:01
442260,1,마이티 다이나믹퀀트액티브,34625,5,-2015,-5.5,34490.0,5.7431,199,6,443,2026-08-03 04:41:01
371470,4,TIGER 차이나바이오테크SOLACTIVE,8000,5,-215,-2.62,8075.0,-4.1983,25633,207,442,2026-08-03 04:41:01
456680,4,TIGER 차이나전기차레버리지(합성),7395,5,-35,-0.47,7451.0,-40.6787,419,3,439,2026-08-03 04:41:01
140950,1,파워 코스피100,78185,5,-4800,-5.78,78135.0,7.1073,2287,180,438,2026-08-03 04:41:01
0141T0,6,SOL 중기종합채권(AA-이상)액티브,50270,2,35,0.07,50227.0,0.5303,1,0,435,2026-08-03 04:41:01
418670,4,TIGER 글로벌AI사이버보안,16720,2,490,3.02,16504.0,33.8004,40506,673,435,2026-08-03 04:41:01
253150,3,PLUS 200선물레버리지,172865,5,-18520,-9.68,172974.0,-10.4883,68951,12107,432,2026-08-03 04:41:01
452250,6,ACE 미국30년국채선물레버리지(합성 H),4720,5,-55,-1.15,4737.0,-6.2807,7947,37,432,2026-08-03 04:41:01
440650,6,ACE 미국달러단기채권액티브,11970,2,25,0.21,11954.0,-3.0439,46739,559,431,2026-08-03 04:41:01
401170,2,RISE 메타버스,10825,5,-45,-0.41,10796.0,13.1113,3027,32,429,2026-08-03 04:41:01
196030,4,ACE 일본TOPIX레버리지(H),84405,5,-1600,-1.86,84347.0,14.0045,156,12,422,2026-08-03 04:41:01
152500,3,ACE 레버리지,38250,5,-4060,-9.6,38284.0,-10.189,55187,2154,421,2026-08-03 04:41:01
476260,2,HANARO 반도체핵심공정주도주,11170,5,-350,-3.04,11177.0,-18.8733,333823,3756,419,2026-08-03 04:41:01
429760,4,PLUS 미국S&P500,19875,2,195,0.99,19738.0,1.4128,3600,71,417,2026-08-03 04:41:01
0191M0,6,마이티 5월만기자동연장특수채(AAA)액티브,100490,3,0,0.0,100520.0,,0,0,416,2026-08-03 04:41:01
238720,4,ACE 일본Nikkei225(H),46150,5,-680,-1.45,46242.0,9.4158,4053,187,415,2026-08-03 04:41:01
261120,7,TIGER 미국달러선물인버스2X,4930,5,-30,-0.6,4955.0,7.3593,20032,99,414,2026-08-03 04:41:01
0007G0,4,PLUS 글로벌원자력밸류체인,13400,5,-45,-0.33,13285.0,-20.5613,2011,26,409,2026-08-03 04:41:01
464470,6,PLUS 미국채30년액티브,49470,5,-290,-0.58,49291.0,-5.6227,5574,276,408,2026-08-03 04:41:01
375770,2,KODEX 탄소효율그린뉴딜,22565,5,-1190,-5.01,22496.0,2.6194,348,7,406,2026-08-03 04:41:01
465350,3,RISE 2차전지TOP10인버스(합성),20280,2,280,1.4,20422.0,47.4926,62107,1265,406,2026-08-03 04:41:01
139280,2,TIGER 경기방어,11985,5,-45,-0.37,12005.0,-10.8803,3560,42,403,2026-08-03 04:41:01
322410,2,HANARO K고배당,22035,5,-165,-0.74,22031.0,-7.9584,5733,126,397,2026-08-03 04:41:01
473590,4,ACE 미국주식베스트셀러,17155,5,-520,-2.94,16861.0,-17.9434,9146,156,395,2026-08-03 04:41:01
316670,1,KIWOOM 코스닥150,6190,2,180,3.0,6205.0,-39.3236,214030,1280,391,2026-08-03 04:41:01
442090,2,에셋플러스 코리아대장장이액티브,26080,5,-150,-0.57,25884.0,-17.7615,269,6,391,2026-08-03 04:41:01
352540,7,KODEX 일본부동산리츠(H),11505,5,-145,-1.24,11535.0,-0.249,8314,95,391,2026-08-03 04:41:01
305050,1,ACE 코스피,65000,5,-3585,-5.23,64986.0,-0.1311,2149,140,390,2026-08-03 04:41:01
183700,7,RISE 200채권혼합50,92700,5,-2335,-2.46,92356.0,2.7076,2849,264,389,2026-08-03 04:41:01
465660,4,TIGER 일본반도체FACTSET,25870,2,1560,6.42,25897.0,3.0416,15467,391,388,2026-08-03 04:41:01
437070,6,KODEX 아시아달러채권ESG플러스액티브,61315,2,70,0.11,61296.0,-4.034,365,22,388,2026-08-03 04:41:01
0198A0,2,KIWOOM 코스닥150커버드콜액티브,8070,2,240,3.07,8040.0,,484229,3827,387,2026-08-03 04:41:01
487130,2,KoAct AI인프라액티브,24115,5,-890,-3.56,24139.0,-19.3388,28122,684,386,2026-08-03 04:41:01
491830,4,TIGER 미국AI반도체팹리스,21330,5,-225,-1.04,20948.0,10.3083,14657,312,384,2026-08-03 04:41:01
400970,2,TIGER Fn메타버스,7400,2,15,0.2,7396.0,-14.9194,2558,18,381,2026-08-03 04:41:01
0189B0,5,TIGER 은액티브,7545,2,40,0.53,7553.0,-22.589,31806,238,381,2026-08-03 04:41:01
195930,4,TIGER 유로스탁스50(합성 H),23675,2,100,0.42,23406.0,12.2351,15295,361,379,2026-08-03 04:41:01
176950,6,KODEX 국채선물10년인버스,60120,2,60,0.1,60176.0,2.1949,76,4,379,2026-08-03 04:41:01
365000,2,TIGER 인터넷TOP10,3595,2,30,0.84,3596.0,-27.0215,201036,715,376,2026-08-03 04:41:01
448570,1,FOCUS AI코리아액티브,27675,5,-2085,-7.01,27774.0,4.3478,418,11,374,2026-08-03 04:41:01
139320,5,TIGER 금은선물(H),16975,5,-80,-0.47,16892.0,-12.4936,6074,102,373,2026-08-03 04:41:01
099140,4,KODEX 차이나H,22545,2,40,0.18,22491.0,-3.0484,3744,84,372,2026-08-03 04:41:01
472840,1,IBK 200,98550,5,-5915,-5.66,98801.0,5.2788,1757,174,370,2026-08-03 04:41:01
276970,4,KODEX 미국S&P500배당귀족커버드콜(합성 H),7770,5,-40,-0.51,7843.0,4.4385,5261,40,365,2026-08-03 04:41:01
0220B0,1,DS 코스닥액티브,8895,5,-135,-1.5,8887.0,,350881,3127,365,2026-08-03 04:41:01
292560,7,TIGER 일본엔선물,8460,2,185,2.24,8440.0,-3.2164,117251,990,364,2026-08-03 04:41:01
475070,4,KoAct 글로벌친환경전력인프라액티브,30225,2,210,0.7,29926.0,-23.626,1663,50,363,2026-08-03 04:41:01
352560,7,KODEX 미국부동산리츠(H),12500,5,-205,-1.61,12552.0,4.8352,138576,1721,363,2026-08-03 04:41:01
468630,6,KODEX iShares미국투자등급회사채액티브,11220,5,-15,-0.13,11204.0,-4.3959,38138,428,360,2026-08-03 04:41:01
0085N0,6,ACE 미국10년국채액티브(H),9730,5,-40,-0.41,9718.0,-0.7139,18986,184,360,2026-08-03 04:41:01
498860,2,RISE 코리아금융고배당,16270,5,-400,-2.4,16274.0,-15.852,15033,244,358,2026-08-03 04:41:01
0192M0,2,RISE 삼성전자단일종목레버리지,9925,5,-1790,-15.28,9987.0,,485696,5086,355,2026-08-03 04:41:01
147970,2,TIGER 모멘텀,73355,5,-1235,-1.66,73324.0,-16.3602,1405,103,352,2026-08-03 04:41:01
0154F0,2,WON 초대형IB&금융지주,11880,5,-270,-2.22,11868.0,-12.4009,28070,334,350,2026-08-03 04:41:01
253250,3,KIWOOM 200선물레버리지,85262,5,-9828,-10.34,85197.0,-8.9787,39632,3487,350,2026-08-03 04:41:01
104530,2,KIWOOM 코리아고배당,17000,5,-375,-2.16,16997.0,-15.402,5904,100,349,2026-08-03 04:41:01
476690,4,TIGER 글로벌비만치료제TOP2Plus,10865,5,-370,-3.29,10853.0,16.5435,15076,163,348,2026-08-03 04:41:01
322400,2,HANARO e커머스,10205,5,-80,-0.78,10190.0,-13.644,3278,33,347,2026-08-03 04:41:01
275280,2,KODEX 모멘텀주,38530,5,-1815,-4.5,38407.0,3.5674,3859,149,347,2026-08-03 04:41:01
474800,4,KIWOOM 미국원유에너지기업,15375,2,150,0.99,15524.0,-6.4493,80788,1246,346,2026-08-03 04:41:01
138910,5,KODEX 구리선물(H),10020,2,20,0.2,10039.0,8.8731,32018,320,341,2026-08-03 04:41:01
276650,4,RISE 글로벌테크놀로지(합성 H),45360,2,1235,2.8,44420.0,4.5244,66,2,340,2026-08-03 04:41:01
0112X0,1,마이티 200TR,37570,5,-1710,-4.35,37293.0,4.6489,409,15,338,2026-08-03 04:41:01
459560,4,KODEX 테슬라밸류체인FactSet,21810,2,485,2.27,21622.0,-7.4512,3191,69,338,2026-08-03 04:41:01
174360,4,RISE 중국본토대형주CSI100,24135,5,-330,-1.35,24146.0,-5.7044,1416,34,338,2026-08-03 04:41:01
449690,4,TIGER 한중반도체(합성),44895,5,-2875,-6.02,44720.0,7.0716,899,40,337,2026-08-03 04:41:01
139270,2,TIGER 200 금융,16180,5,-365,-2.21,16193.0,-0.2475,11193,182,337,2026-08-03 04:41:01
241390,7,RISE V&S셀렉트밸류채권혼합,15290,5,-105,-0.68,15252.0,-4.5552,9765,148,336,2026-08-03 04:41:01
122260,6,KIWOOM 통안채1년,103970,2,10,0.01,103983.0,0.5464,61,6,333,2026-08-03 04:41:01
449780,4,KIWOOM 미국S&P500(H),18355,2,130,0.71,18235.0,4.762,7611,139,330,2026-08-03 04:41:01
256440,4,ACE MSCI인도네시아(합성),5390,2,55,1.03,5400.0,-17.7967,89824,483,329,2026-08-03 04:41:01
459750,4,RISE 글로벌주식분산액티브,18210,2,215,1.19,18059.0,1.0571,3351,61,328,2026-08-03 04:41:01
496770,4,PLUS 글로벌방산,18725,2,210,1.13,18683.0,1.5076,16678,311,328,2026-08-03 04:41:01
0186S0,7,1Q 코스닥150채권혼합50액티브,7875,2,100,1.29,7835.0,-20.7737,381320,3011,327,2026-08-03 04:41:01
414270,4,ACE 글로벌자율주행액티브,12320,5,-40,-0.32,12266.0,-9.2512,147564,1817,326,2026-08-03 04:41:01
407830,4,에셋플러스 글로벌플랫폼액티브,13555,2,75,0.56,13398.0,-9.6818,615,8,325,2026-08-03 04:41:01
491090,4,KODEX 미국테크TOP3플러스,17940,2,185,1.04,17782.0,0.1973,11402,204,323,2026-08-03 04:41:01
261140,2,TIGER 우선주,23000,5,-560,-2.38,22997.0,-9.3074,9372,216,322,2026-08-03 04:41:01
153270,1,KIWOOM 코스피100,76655,5,-5345,-6.52,76520.0,7.9183,4360,335,322,2026-08-03 04:41:01
0089B0,7,PLUS 미국나스닥100미국채혼합50,11410,2,40,0.35,11344.0,-0.7529,15651,178,319,2026-08-03 04:41:01
426150,6,WON 대한민국국고채액티브,51295,5,-110,-0.21,51298.0,-3.718,185,9,319,2026-08-03 04:41:01
245350,4,TIGER 유로스탁스배당30,19845,5,-55,-0.28,19756.0,5.3093,3834,75,318,2026-08-03 04:41:01
266360,2,KODEX K콘텐츠,9880,5,-85,-0.85,9873.0,-18.152,30107,298,316,2026-08-03 04:41:01
494410,4,PLUS 미국S&P500성장주,14365,2,260,1.84,14276.0,0.8572,1172,16,316,2026-08-03 04:41:01
0023B0,4,PLUS 미국양자컴퓨팅TOP10,15695,2,160,1.03,15352.0,-6.8087,7052,110,314,2026-08-03 04:41:01
0138T0,4,RISE 미국S&P500데일리고정커버드콜,9770,2,90,0.93,9721.0,0.863,20701,202,313,2026-08-03 04:41:01
476070,4,KODEX 글로벌비만치료제TOP2 Plus,11360,5,-315,-2.7,11255.0,15.3974,11687,132,312,2026-08-03 04:41:01
415920,5,PLUS 글로벌희토류&전략자원생산기업,6590,2,45,0.69,6615.0,-34.9404,41798,275,310,2026-08-03 04:41:01
469050,4,RISE 미국반도체NYSE(H),30955,5,-875,-2.75,30376.0,17.3994,15990,494,310,2026-08-03 04:41:01
385520,2,KODEX 자율주행액티브,14710,2,110,0.75,14736.0,-17.5142,2309,34,309,2026-08-03 04:41:01
395290,2,HANARO Fn K-POP&미디어,4940,2,115,2.38,4936.0,-32.9862,42588,212,309,2026-08-03 04:41:01
227540,2,TIGER 200 헬스케어,17680,5,-255,-1.42,17739.0,-13.5455,18342,325,308,2026-08-03 04:41:01
105780,2,RISE 5대그룹주,15350,5,-580,-3.64,15339.0,2.1481,3189,49,307,2026-08-03 04:41:01
464920,4,PLUS 일본반도체소부장,24470,2,480,2.0,24590.0,-1.6199,10585,255,306,2026-08-03 04:41:01
248270,4,TIGER S&P글로벌헬스케어(합성),26730,5,-55,-0.21,26462.0,9.4829,4345,116,305,2026-08-03 04:41:01
0100K0,2,KODEX 방산TOP10레버리지,5425,5,-215,-3.81,5447.0,-65.2174,301129,1628,304,2026-08-03 04:41:01
494340,4,ACE 글로벌AI맞춤형반도체,19480,5,-185,-0.94,19106.0,6.2972,3591,69,302,2026-08-03 04:41:01
450910,1,SOL 코스닥150,12125,2,330,2.8,12173.0,-39.5129,102356,1198,301,2026-08-03 04:41:01
380340,2,ACE 코리아AI테크핵심산업,24935,5,-60,-0.24,24881.0,4.8008,62491,1565,299,2026-08-03 04:41:01
0107F0,4,KIWOOM 미국고배당&AI테크,11605,5,-110,-0.94,11643.0,2.2277,10304,119,296,2026-08-03 04:41:01
387270,4,TIGER 글로벌이노베이션액티브,24180,5,-510,-2.07,23979.0,-1.0025,5549,134,293,2026-08-03 04:41:01
475380,7,RISE 글로벌리얼티인컴,10795,5,-170,-1.55,10817.0,-4.6403,7133,77,291,2026-08-03 04:41:01
271060,5,KODEX 3대농산물선물(H),8010,5,-170,-2.08,8040.0,-5.2693,36037,288,291,2026-08-03 04:41:01
395170,2,KODEX Top10동일가중,14515,5,-660,-4.35,14488.0,-11.7653,5914,86,290,2026-08-03 04:41:01
0203S0,7,WON 삼성전자현대차채권혼합50,8390,5,-175,-2.04,8397.0,,72038,605,289,2026-08-03 04:41:01
415340,4,KODEX 차이나과창판STAR50(합성),13945,5,-870,-5.87,14012.0,3.4928,33278,472,289,2026-08-03 04:41:01
0155M0,4,ACE 미국SMR원자력TOP10,6930,5,-85,-1.21,6826.0,-22.2715,3253,22,288,2026-08-03 04:41:01
0155N0,2,HANARO K휴머노이드테마TOP10,7440,2,415,5.91,7444.0,-28.0963,434919,3199,286,2026-08-03 04:41:01
245360,4,TIGER 차이나HSCEI,13005,2,165,1.29,12989.0,-4.3823,15381,199,286,2026-08-03 04:41:01
192720,2,파워 고배당저변동성,56030,5,-1115,-1.95,56042.0,-4.3564,2839,160,286,2026-08-03 04:41:01
261250,7,KODEX 미국달러선물레버리지,17020,2,65,0.38,17026.0,-7.0705,90698,1549,284,2026-08-03 04:41:01
156080,1,KODEX MSCI Korea,47350,5,-4675,-8.99,47401.0,12.3702,3531,168,284,2026-08-03 04:41:01
477730,4,KODEX 인도타타그룹,7995,2,105,1.33,8008.0,-3.2884,2561,20,284,2026-08-03 04:41:01
0137W0,4,KIWOOM 미국S&P500&GOLD,10465,2,100,0.96,10429.0,0.2893,4487,46,283,2026-08-03 04:41:01
275290,2,KODEX 가치주,31170,5,-2775,-8.17,31172.0,13.1109,7994,251,281,2026-08-03 04:41:01
145850,2,TREX 펀더멘탈 200,111730,3,0,0.0,109214.0,7.5872,0,0,279,2026-08-03 04:41:01
489290,4,WON 미국빌리어네어,15090,2,295,1.99,14934.0,-6.4496,615,9,279,2026-08-03 04:41:01
269420,4,KODEX S&P글로벌인프라(합성),23405,2,20,0.09,23490.0,-3.2479,3060,71,278,2026-08-03 04:41:01
446690,4,KODEX 아시아AI반도체exChina액티브,55465,2,2190,4.11,55267.0,-5.5205,20643,1146,277,2026-08-03 04:41:01
252710,3,TIGER 200선물인버스2X,106,2,19,21.84,106.0,-51.3967,135570218,14060,277,2026-08-03 04:41:01
0209Z0,2,ACE 코리아AI전력TOP10,6090,2,20,0.33,6086.0,,140551,855,277,2026-08-03 04:41:01
437350,6,RISE 미국단기투자등급회사채액티브,12595,2,5,0.04,12597.0,-3.3027,16321,205,277,2026-08-03 04:41:01
419430,4,KODEX 차이나2차전지MSCI(합성),9880,5,-20,-0.2,9852.0,-22.1699,541,5,277,2026-08-03 04:41:01
469790,2,KIWOOM 코리아테크TOP10,39425,5,-2200,-5.29,39323.0,17.3522,2464,97,276,2026-08-03 04:41:01
0083S0,4,1Q 미국메디컬AI,9410,5,-25,-0.26,9300.0,-3.5698,4967,46,273,2026-08-03 04:41:01
0204S0,1,TIGER 코스닥액티브,5900,2,120,2.08,5918.0,,80540,478,272,2026-08-03 04:41:01
0065G0,4,KODEX 차이나테크TOP10,9675,2,85,0.89,9760.0,-4.7542,37337,361,271,2026-08-03 04:41:01
493420,4,SOL 미국배당다우존스2호,12870,2,5,0.04,12848.0,3.4251,17909,231,270,2026-08-03 04:41:01
450190,4,KODEX 한중반도체(합성),45000,5,-3195,-6.63,45160.0,7.4102,1602,73,270,2026-08-03 04:41:01
0223R0,4,TIGER 미국테크NYSE100액티브,9405,5,-135,-1.42,9218.0,,113452,1065,269,2026-08-03 04:41:01
167860,6,KIWOOM 국고채10년레버리지,92410,5,-205,-0.22,92404.0,-3.2439,623,57,268,2026-08-03 04:41:01
0013R0,7,RISE 테슬라미국채타겟커버드콜혼합(합성),7875,3,0,0.0,7842.0,-9.3853,11479,90,268,2026-08-03 04:41:01
440340,7,TIGER 글로벌멀티에셋TIF액티브,12325,2,35,0.28,12303.0,-1.2386,5751,70,265,2026-08-03 04:41:01
0152E0,2,SOL 배당성향탑픽액티브,10760,5,-210,-1.91,10778.0,-8.6141,2844,30,264,2026-08-03 04:41:01
289480,3,TIGER 200커버드콜,11455,5,-55,-0.48,11494.0,2.6964,26357,302,263,2026-08-03 04:41:01
292770,6,KODEX 국채선물3년인버스,57570,3,0,0.0,57561.0,0.3398,0,0,263,2026-08-03 04:41:01
461600,6,SOL 미국30년국채액티브(H),8310,5,-85,-1.01,8301.0,-1.8703,7894,65,262,2026-08-03 04:41:01
0184E0,7,1Q 200채권혼합50액티브,10465,5,-300,-2.79,10484.0,4.5777,82802,871,262,2026-08-03 04:41:01
0115C0,4,RISE 미국고배당다우존스TOP10,11285,2,35,0.31,11238.0,2.7848,6684,75,260,2026-08-03 04:41:01
223190,2,KODEX 200가치저변동,25945,5,-930,-3.46,25993.0,0.1124,627,16,259,2026-08-03 04:41:01
0164G0,4,RISE 차이나AI반도체TOP4Plus,12305,5,-710,-5.46,12502.0,3.2936,16843,207,258,2026-08-03 04:41:01
438320,4,TIGER 차이나항셍테크레버리지(합성 H),5885,2,105,1.82,5917.0,-6.6236,20485,119,258,2026-08-03 04:41:01
0198D0,2,1Q SK하이닉스선물단일종목레버리지,8275,5,-1175,-12.43,8349.0,,63542,532,257,2026-08-03 04:41:01
483570,4,KCGI 미국S&P500 TOP10,15905,2,315,2.02,15766.0,-4.2678,7675,122,254,2026-08-03 04:41:01
0097L0,7,KIWOOM 한국고배당&미국AI테크,12405,5,-45,-0.36,12356.0,-4.9428,3226,40,254,2026-08-03 04:41:01
0192T0,2,SOL 코스닥TOP10,6237,5,-13,-0.21,6243.0,,171606,1064,253,2026-08-03 04:41:01
0049K0,7,ACE 미국배당퀄리티채권혼합50,11210,2,50,0.45,11166.0,-0.0561,13758,154,252,2026-08-03 04:41:01
204450,4,KODEX 차이나H레버리지(H),2445,2,45,1.88,2442.0,-5.1384,45134,110,252,2026-08-03 04:41:01
0218J0,7,RISE 미국우주&로봇TOP2미국채혼합50,8385,5,-85,-1.0,8384.0,,33456,281,252,2026-08-03 04:41:01
0103T0,2,1Q K소버린AI,8085,2,5,0.06,8077.0,-13.7674,28947,232,251,2026-08-03 04:41:01
0150K0,2,KoAct 수소전력ESS인프라액티브,8870,2,355,4.17,8872.0,-50.4654,63823,560,248,2026-08-03 04:41:01
0093D0,7,KoAct 팔란티어밸류체인액티브,16525,5,-120,-0.72,16345.0,0.6044,11321,188,248,2026-08-03 04:41:01
0067V0,4,TIGER 차이나글로벌리더스TOP3+,10315,5,-415,-3.87,10483.0,-2.1878,3666,38,248,2026-08-03 04:41:01
300950,2,KODEX 게임산업,5605,5,-95,-1.67,5607.0,-17.749,15427,87,247,2026-08-03 04:41:01
0047R0,4,RISE 팔란티어고정테크100,14090,2,170,1.22,13997.0,-0.9263,2638,37,247,2026-08-03 04:41:01
479850,2,HANARO K-뷰티,16345,2,425,2.67,16336.0,-7.7102,17950,292,245,2026-08-03 04:41:01
481340,6,RISE 미국30년국채액티브,8870,5,-70,-0.78,8843.0,-6.1549,32595,289,244,2026-08-03 04:41:01
0166N0,1,PLUS 코스닥150액티브,6490,2,110,1.72,6503.0,-45.54,91205,599,243,2026-08-03 04:41:01
117460,2,KODEX 에너지화학,11945,5,-220,-1.81,11921.0,-35.523,28667,340,242,2026-08-03 04:41:01
138230,7,KIWOOM 미국달러선물,16710,2,35,0.21,16713.0,-3.165,2048,34,242,2026-08-03 04:41:01
280930,4,KODEX 미국러셀2000(H),16700,5,-65,-0.39,16584.0,7.7788,6915,115,242,2026-08-03 04:41:01
185680,4,KODEX 미국S&P바이오(합성),45200,5,-1375,-2.95,44905.0,14.5052,663,30,240,2026-08-03 04:41:01
195970,4,PLUS 선진국MSCI(합성 H),16460,5,-20,-0.12,16398.0,8.3853,25561,420,240,2026-08-03 04:41:01
277540,4,ACE 아시아TOP50,31735,5,-505,-1.57,31651.0,6.4026,1366,43,238,2026-08-03 04:41:01
261060,2,TIGER 코스닥150IT,19790,2,560,2.91,19761.0,-33.6325,44466,869,237,2026-08-03 04:41:01
411540,1,SOL 200 Top10,15770,5,-730,-4.42,15794.0,-8.8404,23775,376,237,2026-08-03 04:41:01
457690,6,KODEX 33-06 국고채액티브,10500,5,-15,-0.14,10495.0,-0.4733,4047,42,236,2026-08-03 04:41:01
388280,2,RISE K엔터&여행레저,7075,5,-170,-2.35,7072.0,-13.9549,2604,18,235,2026-08-03 04:41:01
496120,1,ACE 코리아밸류업,31200,5,-1400,-4.29,31123.0,9.7171,2482,77,234,2026-08-03 04:41:01
469160,4,ACE 일본반도체,25955,2,845,3.37,26146.0,3.8246,33396,849,234,2026-08-03 04:41:01
368190,2,HANARO Fn K-뉴딜디지털플러스,7285,5,-65,-0.88,7224.0,-24.4216,1,0,233,2026-08-03 04:41:01
0206G0,7,1Q 현대차기아채권혼합50,8150,5,-25,-0.31,8150.0,,133371,1083,232,2026-08-03 04:41:01
0186L0,4,KoAct 미국로봇피지컬AI액티브,9675,2,35,0.36,9467.0,-0.516,15671,151,232,2026-08-03 04:41:01
471460,6,KIWOOM 국고채30년액티브,45795,5,-330,-0.72,45851.0,-10.441,560,25,229,2026-08-03 04:41:01
442550,7,RISE TDF2030액티브 적격,14770,5,-45,-0.3,14640.0,1.1274,22832,337,229,2026-08-03 04:41:01
0193L0,2,PLUS 삼성전자선물단일종목인버스2X,12510,2,1430,12.91,12528.0,,1168224,14273,228,2026-08-03 04:41:01
217770,5,TIGER 원유선물인버스(H),1377,2,31,2.3,1378.0,14.8464,190082,260,227,2026-08-03 04:41:01
292500,1,SOL KRX300,44790,5,-3985,-8.17,44745.0,5.2255,147,6,224,2026-08-03 04:41:01
0198B0,2,1Q 삼성전자선물단일종목레버리지,9995,5,-1835,-15.51,10025.0,,25167,256,223,2026-08-03 04:41:01
117680,2,KODEX 철강,10585,5,-115,-1.07,10576.0,-38.0102,26962,284,222,2026-08-03 04:41:01
459790,4,KIWOOM 미국성장기업30액티브,20200,2,200,1.0,19937.0,-3.0773,134,2,222,2026-08-03 04:41:01
159800,1,마이티 코스피100,79335,5,-4355,-5.2,78756.0,7.0752,659,52,222,2026-08-03 04:41:01
300640,2,RISE 게임테마,6435,5,-15,-0.23,6442.0,-19.3246,2716,17,222,2026-08-03 04:41:01
0047P0,4,RISE 테슬라고정테크100,14290,2,175,1.24,14122.0,-1.7454,1847,26,221,2026-08-03 04:41:01
289250,2,TIGER MSCI KOREA ESG유니버설,32045,5,-1605,-4.77,31901.0,11.1149,11862,381,221,2026-08-03 04:41:01
0026E0,4,KODEX 미국S&P500버퍼3월액티브,11925,2,70,0.59,11977.0,-0.9194,319,3,221,2026-08-03 04:41:01
433220,4,에셋플러스 글로벌대장장이액티브,29800,2,350,1.19,29648.0,-10.4183,117,3,221,2026-08-03 04:41:01
292160,1,TIGER KRX300,43980,5,-2650,-5.68,43878.0,2.7412,1567,69,220,2026-08-03 04:41:01
239660,6,PLUS 우량회사채50,121465,2,30,0.02,121462.0,0.6006,571,69,219,2026-08-03 04:41:01
364990,2,TIGER 게임TOP10,4795,5,-105,-2.14,4792.0,-16.3109,29814,143,218,2026-08-03 04:41:01
0153X0,4,PLUS 미국고배당주액티브,11380,2,40,0.35,11351.0,3.1379,46332,527,216,2026-08-03 04:41:01
463300,4,RISE 중국본토CSI300,13450,5,-230,-1.68,13547.0,-4.5655,1164,15,215,2026-08-03 04:41:01
091220,2,TIGER 은행,16195,5,-5,-0.03,16220.0,-0.3353,23336,376,214,2026-08-03 04:41:01
489000,6,PLUS 일본엔화초단기국채(합성),9670,2,255,2.71,9665.0,-3.5349,182917,1771,213,2026-08-03 04:41:01
225130,4,ACE 골드선물 레버리지(합성 H),42480,5,-435,-1.01,42404.0,-22.7036,823,34,212,2026-08-03 04:41:01
364690,1,KODEX 혁신기술테마액티브,35165,5,-1935,-5.22,35198.0,-0.1366,1152,40,211,2026-08-03 04:41:01
0144M0,4,KODEX 미국드론UAM TOP10,7395,2,180,2.49,7355.0,-9.0738,15378,112,211,2026-08-03 04:41:01
169950,4,KODEX 차이나A50,26290,5,-310,-1.17,26269.0,-4.6595,187,4,210,2026-08-03 04:41:01
139250,2,TIGER 200 에너지화학,15440,5,-430,-2.71,15414.0,-23.5335,13487,206,210,2026-08-03 04:41:01
0190M0,4,KIWOOM 미국AI테크하이베타,8125,5,-260,-3.1,7946.0,,97316,792,207,2026-08-03 04:41:01
253290,7,RISE 헬스케어채권혼합,11490,2,25,0.22,11503.0,-8.0772,4572,52,207,2026-08-03 04:41:01
497780,4,KoAct 미국천연가스인프라액티브,10870,5,-35,-0.32,10968.0,-5.9811,18089,197,207,2026-08-03 04:41:01
152380,6,KODEX 국채선물10년,64915,5,-110,-0.17,64952.0,-1.3203,1059,68,206,2026-08-03 04:41:01
447660,7,PLUS 애플채권혼합,13755,2,50,0.36,13700.0,3.8911,87446,1200,206,2026-08-03 04:41:01
367740,2,HANARO Fn5G산업,36960,5,-835,-2.21,36998.0,-3.7316,1927,71,203,2026-08-03 04:41:01
464600,2,SOL 자동차소부장Fn,21195,2,395,1.9,21173.0,-6.243,2338,49,201,2026-08-03 04:41:01
376410,2,TIGER 탄소효율그린뉴딜,22325,5,-1120,-4.78,22291.0,2.214,2666,59,201,2026-08-03 04:41:01
461450,1,KODEX 코스닥글로벌,13370,2,120,0.91,13383.0,-32.1731,11163,149,201,2026-08-03 04:41:01
0177A0,2,WON 두산그룹포커스,8015,2,115,1.46,8028.0,-35.299,75820,604,200,2026-08-03 04:41:01
375760,2,HANARO 탄소효율그린뉴딜,22135,5,-1810,-7.56,22193.0,4.8106,93,2,199,2026-08-03 04:41:01
445910,2,TIGER MKF배당귀족,19797,5,-208,-1.04,19734.0,-9.9531,2900,57,198,2026-08-03 04:41:01
108590,1,TREX 200,98775,5,-5235,-5.03,98728.0,4.3721,236,23,198,2026-08-03 04:41:01
371450,4,TIGER 글로벌클라우드컴퓨팅INDXX,12915,2,190,1.49,12824.0,21.1904,43774,567,196,2026-08-03 04:41:01
236350,4,TIGER 인도니프티50레버리지(합성),31400,2,695,2.26,31291.0,-6.2729,1101,34,195,2026-08-03 04:41:01
0104P0,2,TIGER 코리아배당다우존스위클리커버드콜,10800,5,-90,-0.83,10784.0,-7.631,14347,154,194,2026-08-03 04:41:01
337120,2,KODEX 멀티팩터,32200,5,-1365,-4.07,31650.0,2.572,1583,50,193,2026-08-03 04:41:01
213630,4,PLUS 미국다우존스고배당주(합성 H),20825,5,-165,-0.79,20872.0,6.5211,14320,298,192,2026-08-03 04:41:01
0203R0,6,WON 중단기종합채권(A-이상)액티브,50300,3,0,0.0,50356.0,,0,0,191,2026-08-03 04:41:01
0221Z0,2,ACE K바이오코스닥액티브,9530,2,455,5.01,9569.0,,433627,4104,191,2026-08-03 04:41:01
468370,6,KODEX iShares미국인플레이션국채액티브,11075,5,-5,-0.05,11056.0,-4.1666,19082,211,190,2026-08-03 04:41:01
416090,4,ACE 중국과창판STAR50,12610,5,-810,-6.04,12636.0,2.9141,14901,190,189,2026-08-03 04:41:01
404260,2,KODEX 기후변화솔루션,20735,5,-245,-1.17,20673.0,-19.1662,184,3,187,2026-08-03 04:41:01
460660,4,RISE 미국S&P배당킹,12430,5,-5,-0.04,12291.0,6.7358,9636,119,186,2026-08-03 04:41:01
407310,1,HANARO 200 TOP10,15495,5,-805,-4.94,15466.0,-8.2984,787,12,186,2026-08-03 04:41:01
219390,4,RISE 미국S&P원유생산기업(합성 H),7585,2,15,0.2,7878.0,-4.5999,45763,350,186,2026-08-03 04:41:01
0127R0,4,RISE 미국AI클라우드인프라,15485,5,-180,-1.15,15132.0,4.61,2615,40,186,2026-08-03 04:41:01
0223A0,2,RISE 코스닥커버드콜액티브,9250,2,215,2.38,9270.0,,544891,5062,185,2026-08-03 04:41:01
461910,4,PLUS 미국테크TOP10레버리지(합성),37000,2,1130,3.15,36149.0,-11.8349,100,3,185,2026-08-03 04:41:01
289040,2,KODEX MSCI KOREA ESG유니버설,30545,5,-1620,-5.04,30533.0,8.6018,1649,50,183,2026-08-03 04:41:01
487950,4,KODEX 대만테크고배당다우존스,12635,2,235,1.9,12574.0,3.9524,38666,482,183,2026-08-03 04:41:01
304770,1,HANARO 코스닥150,12500,2,400,3.31,12453.0,-39.1655,42475,506,183,2026-08-03 04:41:01
417630,2,TIGER KEDI혁신기업ESG30,17375,5,-370,-2.09,17348.0,-14.3168,1863,32,182,2026-08-03 04:41:01
0051A0,4,KoAct 브로드컴밸류체인액티브,24142,2,47,0.2,23752.0,4.5109,1189,28,181,2026-08-03 04:41:01
284980,2,RISE 200금융,21550,5,-405,-1.84,21529.0,-0.2184,6563,141,181,2026-08-03 04:41:01
0192S0,7,SOL 코스피200채권혼합50,9040,5,-350,-3.73,9044.0,,156946,1427,181,2026-08-03 04:41:01
226980,1,KODEX 200 중소형,20075,5,-140,-0.69,20050.0,-29.8959,43692,875,181,2026-08-03 04:41:01
474920,4,에셋플러스 차이나일등기업포커스10액티브,19200,3,0,0.0,19245.0,13.4081,14764,284,180,2026-08-03 04:41:01
461900,4,PLUS 미국테크TOP10,22480,2,330,1.49,22189.0,-4.8336,1093,24,180,2026-08-03 04:41:01
0018Z0,4,RISE 미국양자컴퓨팅,17920,2,310,1.76,17568.0,-1.3302,4959,88,179,2026-08-03 04:41:01
449580,7,RISE 테슬라애플아마존채권혼합,16245,2,160,0.99,16186.0,-1.6333,3659,59,179,2026-08-03 04:41:01
0220A0,7,KIWOOM 현대차그룹TOP3채권혼합50,9370,2,15,0.16,9374.0,,24025,225,178,2026-08-03 04:41:01
415760,4,SOL 차이나육성산업액티브(합성),12930,5,-645,-4.75,13040.0,1.9144,16266,214,176,2026-08-03 04:41:01
183710,7,RISE 주식혼합,87530,5,-3530,-3.88,87111.0,4.8454,73,6,175,2026-08-03 04:41:01
477490,4,에셋플러스 글로벌일등기업포커스10액티브,19430,2,265,1.38,19236.0,-2.344,33,0,175,2026-08-03 04:41:01
453630,4,KODEX 미국S&P500필수소비재,12860,5,-60,-0.46,12825.0,0.6489,13519,173,174,2026-08-03 04:41:01
381560,2,HANARO Fn전기&수소차,15745,5,-240,-1.5,15732.0,-11.5997,25391,399,173,2026-08-03 04:41:01
483330,4,ACE 마이크로소프트밸류체인액티브,14400,2,390,2.78,14191.0,1.669,13760,198,173,2026-08-03 04:41:01
419650,4,PLUS 글로벌수소&차세대연료전지,5230,3,0,0.0,5212.0,-24.0378,7328,38,173,2026-08-03 04:41:01
250730,4,RISE 차이나HSCEI(H),10135,2,135,1.35,10234.0,-1.0391,7414,75,172,2026-08-03 04:41:01
304760,1,HANARO KRX300,43025,5,-3895,-8.3,43071.0,5.6009,41,1,172,2026-08-03 04:41:01
0086C0,7,TIGER 리츠부동산인프라10채권혼합액티브,9790,5,-25,-0.25,9796.0,-6.089,18719,182,171,2026-08-03 04:41:01
445690,2,BNK 주주가치액티브,28545,5,-680,-2.33,28488.0,-4.6804,46,1,171,2026-08-03 04:41:01
332620,6,PLUS 미국장기우량회사채,91260,5,-345,-0.38,91381.0,-5.3607,278,25,171,2026-08-03 04:41:01
228820,1,TIGER KTOP30,17030,5,-1140,-6.27,17006.0,2.9125,5312,90,170,2026-08-03 04:41:01
195920,4,TIGER 일본TOPIX(합성 H),33945,5,-470,-1.37,34167.0,7.9009,1191,40,170,2026-08-03 04:41:01
453010,7,PLUS KOFR금리,109610,2,15,0.01,109618.0,0.6243,4160,455,169,2026-08-03 04:41:01
229720,1,KODEX KTOP30,33740,5,-1890,-5.3,33697.0,1.4936,2942,99,169,2026-08-03 04:41:01
291130,4,ACE MSCI멕시코(합성),18715,5,-20,-0.11,18987.0,-2.5488,223,4,168,2026-08-03 04:41:01
0105D0,2,SOL 한국AI소프트웨어,9060,5,-20,-0.22,9056.0,-9.6967,41999,378,168,2026-08-03 04:41:01
453820,4,KODEX 인도Nifty50레버리지(합성),12865,2,265,2.1,12860.0,-5.2632,9413,120,167,2026-08-03 04:41:01
276000,4,TIGER 글로벌자원생산기업(합성 H),19560,5,-320,-1.61,19870.0,-2.4055,3487,68,166,2026-08-03 04:41:01
280320,4,ACE 미국IT인터넷(합성 H),20490,2,410,2.04,20688.0,0.1496,144,2,164,2026-08-03 04:41:01
494420,2,PLUS 미국배당증가성장주데일리커버드콜,9625,2,25,0.26,9537.0,3.5508,6932,66,164,2026-08-03 04:41:01
225060,4,TIGER 이머징마켓MSCI레버리지(합성 H),15330,5,-85,-0.55,15490.0,5.6183,2679,41,162,2026-08-03 04:41:01
227830,1,PLUS 코스피,64840,5,-3880,-5.65,64700.0,0.316,1088,70,162,2026-08-03 04:41:01
0193K0,2,PLUS 삼성전자단일종목레버리지,10735,5,-1825,-14.53,10663.0,,90605,1010,161,2026-08-03 04:41:01
432840,4,HANARO 미국S&P500,20040,2,155,0.78,19927.0,1.2914,2139,42,160,2026-08-03 04:41:01
385600,2,ACE 2차전지&친환경차액티브,10650,5,-150,-1.39,10639.0,-16.4087,3370,35,160,2026-08-03 04:41:01
292050,1,RISE KRX300,45135,5,-3945,-8.04,44903.0,5.7302,1157,52,158,2026-08-03 04:41:01
265690,4,ACE 러시아MSCI(합성),8535,3,0,0.0,48.0,0.0,0,0,158,2026-08-03 04:41:01
0000H0,2,KODEX 인도Nifty미드캡100,10860,2,70,0.65,10914.0,1.4066,7077,76,157,2026-08-03 04:41:01
289260,2,TIGER MSCI KOREA ESG리더스,26005,5,-1195,-4.39,26009.0,7.5098,11531,302,156,2026-08-03 04:41:01
488290,4,MIDAS 일본테크액티브,44315,2,2075,4.91,44293.0,-1.6302,7750,329,155,2026-08-03 04:41:01
491510,2,파워 K-주주가치액티브,16870,5,-265,-1.55,16920.0,-8.0838,41,0,152,2026-08-03 04:41:01
391670,1,HK 베스트일레븐액티브,25300,5,-1700,-6.3,25403.0,8.4119,351,8,152,2026-08-03 04:41:01
114460,6,ACE 국고채3년,100655,2,5,0.0,100668.0,0.5227,154,15,151,2026-08-03 04:41:01
404120,2,TIME K신재생에너지액티브,21540,5,-335,-1.53,21539.0,-22.3189,1010,21,151,2026-08-03 04:41:01
0153P0,2,ACE 리츠부동산인프라액티브,9370,5,-50,-0.53,9382.0,-11.6822,290,2,150,2026-08-03 04:41:01
131890,2,ACE 삼성그룹동일가중,37355,5,-1145,-2.97,37369.0,1.3157,373,14,149,2026-08-03 04:41:01
379790,4,RISE 유로스탁스50(H),17480,2,85,0.49,17260.0,12.6231,18473,322,149,2026-08-03 04:41:01
0216Z0,2,ACE K방산TOP5+,7950,5,-105,-1.3,7944.0,,251884,2007,147,2026-08-03 04:41:01
0013P0,4,RISE 미국은행TOP10,13250,2,90,0.68,13196.0,10.3551,11789,156,146,2026-08-03 04:41:01
0207Z0,4,KIWOOM 미국우주데이터센터인프라,6775,2,5,0.07,6723.0,,8169,55,146,2026-08-03 04:41:01
396510,4,TIGER 차이나클린에너지SOLACTIVE,7660,2,165,2.2,7716.0,-16.5368,2951,22,144,2026-08-03 04:41:01
0194R0,2,KIWOOM SK하이닉스선물단일종목레버리지,7905,5,-1195,-13.13,7827.0,,15648,123,142,2026-08-03 04:41:01
438900,2,HANARO Fn K-푸드,10815,5,-25,-0.23,10822.0,-12.3592,8158,88,141,2026-08-03 04:41:01
484890,6,SOL 머니마켓액티브,52415,5,-5,-0.01,52416.0,0.6721,10035,526,140,2026-08-03 04:41:01
337150,2,KODEX 200exTOP,23400,5,-225,-0.95,23321.0,-15.7547,231,5,140,2026-08-03 04:41:01
413930,2,WON AI ESG액티브,25495,5,-1265,-4.73,25507.0,-0.1307,2002,51,140,2026-08-03 04:41:01
130680,5,TIGER 원유선물Enhanced(H),6495,5,-185,-2.77,6483.0,-18.5366,95700,624,140,2026-08-03 04:41:01
104520,2,KIWOOM 블루칩,13890,5,-275,-1.94,13857.0,-8.9747,4041,56,139,2026-08-03 04:41:01
0207G0,2,SOL 우주항공밸류체인,5635,2,235,4.35,5637.0,,582623,3252,138,2026-08-03 04:41:01
387280,2,TIGER 퓨처모빌리티액티브,10310,2,105,1.03,10287.0,-26.6619,242,2,137,2026-08-03 04:41:01
417450,4,RISE 글로벌수소경제,16095,2,200,1.26,15981.0,-16.5331,5735,92,137,2026-08-03 04:41:01
0028X0,4,KODEX 미국금융테크액티브,11820,5,-135,-1.13,11841.0,6.0647,4051,47,136,2026-08-03 04:41:01
0127V0,4,KIWOOM 미국S&P500 TOP10&배당다우비중전환,10850,2,175,1.64,10742.0,-2.1112,1906,20,136,2026-08-03 04:41:01
435040,4,ACE 글로벌브랜드TOP10,19310,2,40,0.21,19269.0,-0.0542,857,16,135,2026-08-03 04:41:01
0127T0,4,KIWOOM 미국S&P500&배당다우존스비중전환,11255,2,125,1.12,11169.0,1.5302,3368,37,135,2026-08-03 04:41:01
0004G0,4,1Q 미국배당TOP30,9515,2,30,0.32,9478.0,6.2844,6614,62,133,2026-08-03 04:41:01
489860,4,KIWOOM 글로벌전력GRID인프라,15630,2,460,3.03,15566.0,-8.1152,2183,34,133,2026-08-03 04:41:01
465670,4,TIGER 미국캐시카우100,16540,2,30,0.18,16446.0,10.4026,23297,389,132,2026-08-03 04:41:01
0104G0,2,PLUS K방산레버리지,5370,5,-180,-3.24,5352.0,-66.2922,17286,91,132,2026-08-03 04:41:01
234310,2,RISE V&S셀렉트밸류,26305,5,-1115,-4.07,26184.0,-7.6146,14,0,132,2026-08-03 04:41:01
102960,2,KODEX 기계장비,12300,5,-100,-0.81,12252.0,-39.7034,4339,53,130,2026-08-03 04:41:01
496130,1,TRUSTON 코리아밸류업액티브,24035,5,-1225,-4.85,23807.0,2.1638,49,1,130,2026-08-03 04:41:01
0090B0,2,PLUS K방산소부장,6300,2,65,1.04,6272.0,-56.8214,21135,132,129,2026-08-03 04:41:01
428560,4,KODEX 미국ETF산업Top10 Indxx,16100,5,-185,-1.14,16104.0,-1.7768,3053,49,129,2026-08-03 04:41:01
269370,4,TIGER S&P글로벌인프라(합성),18260,2,265,1.47,18074.0,-3.4153,392,7,128,2026-08-03 04:41:01
300610,2,TIGER K게임,5430,5,-35,-0.64,5436.0,-19.6324,11780,64,128,2026-08-03 04:41:01
435550,7,KIWOOM TDF2050액티브 적격,18120,2,75,0.42,18004.0,1.5279,1924,34,127,2026-08-03 04:41:01
244620,2,KODEX 모멘텀Plus,18040,2,130,0.73,18009.0,-22.2825,667,12,126,2026-08-03 04:41:01
266410,2,KODEX 필수소비재,9010,2,10,0.11,9012.0,-11.1431,16283,147,126,2026-08-03 04:41:01
0015F0,7,KIWOOM 팔란티어미국30년국채혼합액티브(H),9695,5,-15,-0.15,9727.0,-3.2273,2254,21,126,2026-08-03 04:41:01
404650,2,SOL KRX기후변화솔루션,20995,2,15,0.07,20663.0,-19.1896,143,2,126,2026-08-03 04:41:01
453660,4,KODEX 미국S&P500경기소비재,17975,2,510,2.92,17902.0,-5.6865,47127,843,126,2026-08-03 04:41:01
137610,5,TIGER 농산물선물Enhanced(H),5230,5,-65,-1.23,5249.0,-4.5946,5003,26,126,2026-08-03 04:41:01
0088N0,2,WON K-글로벌수급상위,9285,5,-205,-2.16,9272.0,-36.6701,6297,58,125,2026-08-03 04:41:01
472720,1,TRUSTON 주주가치액티브,24085,5,-620,-2.51,24144.0,-10.7479,2119,50,125,2026-08-03 04:41:01
266390,2,KODEX 경기소비재,13915,5,-175,-1.24,13950.0,16.6966,30109,421,125,2026-08-03 04:41:01
463640,4,KODEX 미국S&P500유틸리티,14720,5,-155,-1.04,14645.0,-4.3832,1041,15,125,2026-08-03 04:41:01
360150,2,KODEX 코스닥150롱코스피200숏선물,3045,2,230,8.17,3059.0,-45.5513,152546,447,125,2026-08-03 04:41:01
332610,6,PLUS 미국단기회사채(AAA~A),130020,2,250,0.19,129899.0,-3.0301,788,102,125,2026-08-03 04:41:01
269530,4,PLUS S&P글로벌인프라,20730,5,-380,-1.8,21106.0,-2.1132,844,17,124,2026-08-03 04:41:01
363510,6,SOL KIS단기통안채,111930,5,-15,-0.01,111944.0,0.584,6,0,124,2026-08-03 04:41:01
0008E0,4,ACE 미국중심중소형제조업,13000,2,230,1.8,12947.0,-7.8976,430,5,124,2026-08-03 04:41:01
494180,4,TIME 글로벌소비트렌드액티브,13690,2,35,0.26,13616.0,-1.4791,13011,178,123,2026-08-03 04:41:01
354240,7,RISE 미국고정배당우선증권,11160,2,85,0.77,11024.0,-4.8949,2171,24,123,2026-08-03 04:41:01
453060,6,HANARO KOFR금리액티브(합성),111165,2,10,0.01,111162.0,0.6565,32,3,122,2026-08-03 04:41:01
400570,4,KODEX 유럽탄소배출권선물ICE(H),11090,5,-65,-0.58,11190.0,11.0756,1428,15,122,2026-08-03 04:41:01
457700,6,KODEX 53-09 국고채액티브,9190,5,-45,-0.49,9216.0,-9.8145,362,3,121,2026-08-03 04:41:01
485810,4,TIME 글로벌바이오액티브,10945,5,-120,-1.08,10839.0,12.6782,3827,41,120,2026-08-03 04:41:01
409810,4,KODEX 미국나스닥100선물인버스(H),5705,5,-10,-0.17,5760.0,-5.4591,45213,258,120,2026-08-03 04:41:01
371870,4,ACE 차이나항셍테크,7465,2,130,1.77,7431.0,-4.9871,23329,172,119,2026-08-03 04:41:01
290080,3,RISE 200고배당커버드콜ATM,6810,5,-20,-0.29,6991.0,-14.609,14818,100,119,2026-08-03 04:41:01
0094L0,4,RISE 차이나테크TOP10위클리타겟커버드콜,8475,2,65,0.77,8394.0,-4.5387,1944,16,119,2026-08-03 04:41:01
448490,6,HANARO 32-10 국고채액티브,52855,5,-120,-0.23,52874.0,-1.4969,780,41,118,2026-08-03 04:41:01
280920,2,PLUS 주도업종,21275,5,-495,-2.27,21041.0,-11.1973,24,0,117,2026-08-03 04:41:01
251590,2,PLUS 고배당저변동50,16650,5,-210,-1.25,16663.0,-8.8863,1258,21,117,2026-08-03 04:41:01
395760,2,PLUS ESG성장주액티브,19360,5,-990,-4.86,19255.0,-4.1,10,0,116,2026-08-03 04:41:01
279540,2,KODEX 최소변동성,19350,2,260,1.36,19022.0,-13.4326,16,0,116,2026-08-03 04:41:01
451600,6,PLUS 국고채30년액티브,84717,5,-748,-0.88,84670.0,-11.449,7,0,116,2026-08-03 04:41:01
0084E0,7,KIWOOM 미국대형주500월간목표헤지액티브,10540,2,90,0.86,10516.0,-1.431,7,0,116,2026-08-03 04:41:01
0093B0,4,RISE 엔비디아고정테크100,12665,2,185,1.48,12498.0,1.9533,139,1,114,2026-08-03 04:41:01
0208N0,1,IBK 코스피액티브,6875,5,-385,-5.3,6865.0,,17081,118,113,2026-08-03 04:41:01
430500,7,KIWOOM 물가채KIS,112725,5,-270,-0.24,112738.0,-0.1767,122,13,113,2026-08-03 04:41:01
419420,4,KODEX 미국클린에너지나스닥,9390,5,-85,-0.9,9259.0,-15.2036,569,5,113,2026-08-03 04:41:01
140580,2,RISE 우량업종대표주,22340,5,-585,-2.55,22293.0,-13.3762,13,0,112,2026-08-03 04:41:01
0067Y0,4,TIGER 차이나AI소프트웨어,11145,2,145,1.32,11182.0,-12.0704,4705,52,111,2026-08-03 04:41:01
451150,4,에셋플러스 글로벌영에이지액티브,17965,5,-20,-0.11,17844.0,-0.8545,4,0,111,2026-08-03 04:41:01
310080,4,RISE 중국MSCI China(H),9620,2,155,1.64,9608.0,-2.5734,4373,41,111,2026-08-03 04:41:01
410870,2,TIME K컬처액티브,9200,2,70,0.77,9182.0,-22.2979,7531,69,110,2026-08-03 04:41:01
464610,2,SOL 의료기기소부장Fn,7360,2,110,1.52,7352.0,-23.6843,23198,170,110,2026-08-03 04:41:01
140710,2,KODEX 운송,6110,5,-70,-1.13,6109.0,-8.0728,71334,437,110,2026-08-03 04:41:01
0222D0,2,KoAct 고배당액티브,9880,5,-160,-1.59,9888.0,,12309,121,109,2026-08-03 04:41:01
0068M0,4,KODEX 미국S&P500버퍼6월액티브,12060,2,35,0.29,11994.0,0.2644,145,1,109,2026-08-03 04:41:01
487910,4,ACE 인도컨슈머파워액티브,8985,2,20,0.22,8999.0,3.942,3991,35,108,2026-08-03 04:41:01
166400,3,TIGER 200커버드콜OTM,21470,5,-940,-4.19,21495.0,0.6802,526,11,107,2026-08-03 04:41:01
456250,4,KODEX 유럽명품TOP10 STOXX,9335,2,5,0.05,9333.0,3.4544,6895,64,107,2026-08-03 04:41:01
487750,2,BNK 온디바이스AI,26700,5,-500,-1.84,26676.0,-5.5064,823,22,107,2026-08-03 04:41:01
0002C0,4,에셋플러스 인도일등기업포커스20액티브,9865,2,55,0.56,9890.0,2.7763,2242,21,107,2026-08-03 04:41:01
0224X0,7,1Q 엔비디아알파벳미국채혼합50,10135,2,200,2.01,9941.0,,144144,1458,106,2026-08-03 04:41:01
354350,4,HANARO 글로벌럭셔리S&P(합성),20300,5,-405,-1.96,20605.0,5.1015,1589,32,106,2026-08-03 04:41:01
460270,6,KIWOOM 미국달러SOFR금리액티브(합성),12980,2,40,0.31,12952.0,-2.7068,9919,128,105,2026-08-03 04:41:01
117690,4,TIGER 차이나항셍30,20825,2,200,0.97,21019.0,-4.536,1788,37,104,2026-08-03 04:41:01
181480,7,ACE 미국부동산리츠(합성 H),86015,5,-1835,-2.09,86419.0,5.2023,4634,400,103,2026-08-03 04:41:01
407820,2,에셋플러스 코리아플랫폼액티브,5720,5,-35,-0.61,5713.0,-33.1203,464,2,103,2026-08-03 04:41:01
252650,1,KODEX 200동일가중,17075,5,-140,-0.81,17038.0,-19.1587,24625,417,102,2026-08-03 04:41:01
0113G0,4,KoAct 미국바이오헬스케어액티브,10745,5,-240,-2.18,10719.0,12.4935,5483,58,102,2026-08-03 04:41:01
373490,2,KODEX 코리아혁신성장액티브,22585,5,-255,-1.12,22579.0,-26.2989,348,7,102,2026-08-03 04:41:01
237440,7,TIGER 경기방어채권혼합,10125,2,40,0.4,10109.0,-3.122,592,5,101,2026-08-03 04:41:01
429010,4,TIGER 미국나스닥넥스트100,20055,5,-75,-0.37,19758.0,9.3427,156,3,100,2026-08-03 04:41:01
498050,2,HANARO 바이오코리아액티브,10015,2,285,2.93,10041.0,-34.5223,5755,57,100,2026-08-03 04:41:01
385710,2,TIME K이노베이션액티브,9965,5,-160,-1.58,9950.0,-32.047,427,4,100,2026-08-03 04:41:01
0120J0,2,BNK 카카오그룹포커스,7860,5,-5,-0.06,7843.0,-19.416,8734,67,98,2026-08-03 04:41:01
0189Z0,2,DAISHIN343 금융&지주고배당,9820,5,-50,-0.51,9883.0,,689,6,98,2026-08-03 04:41:01
252000,1,TIGER 200동일가중,17840,5,-185,-1.03,17839.0,-19.1192,248,4,98,2026-08-03 04:41:01
371150,4,RISE 차이나항셍테크,7435,2,90,1.23,7410.0,-4.0954,7274,53,97,2026-08-03 04:41:01
399580,4,RISE 글로벌클린에너지,9650,2,100,1.05,9576.0,-15.8842,4105,39,97,2026-08-03 04:41:01
0174R0,4,KIWOOM 미국성장다우존스,11350,2,60,0.53,11313.0,0.3104,4581,52,96,2026-08-03 04:41:01
461580,1,TIGER 코스닥글로벌,13760,2,160,1.18,13675.0,-32.372,400,5,96,2026-08-03 04:41:01
446700,2,RISE 배터리 리사이클링,8915,5,-70,-0.78,8914.0,-40.477,4040,35,96,2026-08-03 04:41:01
0001P0,2,마이티 바이오시밀러&CDMO액티브,8580,2,190,2.26,8542.0,-34.4532,12381,107,96,2026-08-03 04:41:01
0203D0,7,PLUS 200위클리커버드콜채권혼합,8600,5,-380,-4.23,8586.0,,13065,112,95,2026-08-03 04:41:01
375270,7,RISE 글로벌데이터센터리츠(합성),14465,5,-185,-1.26,14284.0,-5.0551,1712,24,94,2026-08-03 04:41:01
0224D0,4,KIWOOM 미국CPU반도체TOP4+,9400,5,-230,-2.39,9231.0,,20379,190,94,2026-08-03 04:41:01
0133E0,4,TIGER 차이나증권,8880,5,-185,-2.04,8948.0,-0.2202,2080,18,93,2026-08-03 04:41:01
281990,2,RISE 중소형고배당,16925,5,-245,-1.43,16889.0,-15.488,172,2,93,2026-08-03 04:41:01
0084D0,7,KIWOOM 미국테크100월간목표헤지액티브,11625,5,-55,-0.47,11606.0,1.9459,14347,167,93,2026-08-03 04:41:01
0191S0,1,IBK 코스닥150,12550,2,295,2.41,12561.0,,2543,32,93,2026-08-03 04:41:01
105010,4,TIGER 라틴35,6610,5,-35,-0.53,6650.0,-5.8294,13449,89,93,2026-08-03 04:41:01
140570,2,RISE 수출주,23105,5,-315,-1.35,23022.0,-17.7525,68,1,92,2026-08-03 04:41:01
395150,2,KODEX 웹툰&드라마,1812,2,3,0.17,1807.0,-30.0194,23030,41,92,2026-08-03 04:41:01
480460,7,WON 한국부동산TOP3플러스,9090,5,-15,-0.16,9097.0,-13.6905,78,0,91,2026-08-03 04:41:01
449680,7,TIGER 한중전기차(합성),10685,2,40,0.38,10697.0,-28.5571,8,0,91,2026-08-03 04:41:01
341850,7,TIGER 리츠부동산인프라채권,4530,5,-30,-0.66,4529.0,-8.4237,2024,9,91,2026-08-03 04:41:01
463690,4,KODEX 미국S&P500커뮤니케이션,18080,2,330,1.86,17888.0,-9.7462,658,11,90,2026-08-03 04:41:01
497510,4,ACE 글로벌빅파마,12915,5,-120,-0.92,12954.0,10.0952,1060,13,90,2026-08-03 04:41:01
0194N0,2,KIWOOM 삼성전자선물단일종목레버리지,9650,5,-1835,-15.98,9689.0,,21178,209,89,2026-08-03 04:41:01
435540,7,KIWOOM TDF2040액티브 적격,17655,2,70,0.4,17547.0,1.8504,196,3,88,2026-08-03 04:41:01
301400,1,PLUS 코스닥150,12520,2,200,1.62,12558.0,-38.5537,18562,225,88,2026-08-03 04:41:01
230480,7,KIWOOM 미국달러선물인버스2X,4320,5,-15,-0.35,4336.0,6.7733,2488,10,87,2026-08-03 04:41:01
0214M0,2,MIDAS 바이오헬스케어액티브,10180,2,425,4.36,10083.0,,20378,210,87,2026-08-03 04:41:01
261110,7,TIGER 미국달러선물레버리지,17105,2,85,0.5,17063.0,-6.6631,1155,19,86,2026-08-03 04:41:01
487920,4,ACE 인도시장대표BIG5그룹액티브,8490,2,85,1.01,8504.0,-0.2966,1213,10,85,2026-08-03 04:41:01
0184N0,7,PLUS 은채권혼합,8430,5,-20,-0.24,8422.0,,3480,29,84,2026-08-03 04:41:01
497520,4,ACE 일라이릴리밸류체인,12940,5,-210,-1.6,12965.0,13.8035,10361,134,84,2026-08-03 04:41:01
429980,7,SOL 한국형글로벌전기차&2차전지액티브,16820,5,-115,-0.68,16720.0,-11.2422,103,1,84,2026-08-03 04:41:01
215620,2,HK S&P코리아로우볼,15520,2,50,0.32,15582.0,-15.4876,207,3,84,2026-08-03 04:41:01
404540,2,TIGER KRX기후변화솔루션,20860,5,-500,-2.34,20775.0,-18.1259,10122,207,83,2026-08-03 04:41:01
395280,2,HANARO Fn K-게임,3550,5,-45,-1.25,3533.0,-16.2005,10615,38,83,2026-08-03 04:41:01
217780,4,TIGER 차이나CSI300인버스(합성),5355,2,70,1.32,5404.0,3.7291,244,1,83,2026-08-03 04:41:01
182490,6,TIGER 단기선진하이일드(합성 H),13830,2,45,0.33,13788.0,-0.2533,44,0,83,2026-08-03 04:41:01
0219B0,2,KoAct 광통신&위성네트워크액티브,9200,2,260,2.91,9212.0,,54227,503,83,2026-08-03 04:41:01
490330,4,KoAct 미국치매&뇌질환치료제액티브,14970,5,-370,-2.41,14943.0,25.378,1589,23,82,2026-08-03 04:41:01
225800,7,KIWOOM 미국달러선물레버리지,16085,2,55,0.34,16074.0,-7.0186,186,2,82,2026-08-03 04:41:01
462340,4,에셋플러스 글로벌다이나믹시니어액티브,16400,5,-55,-0.33,16334.0,8.6138,63,1,82,2026-08-03 04:41:01
0216K0,7,KIWOOM 미국우주테크TOP2채권혼합50,8105,5,-235,-2.82,8080.0,,14793,119,81,2026-08-03 04:41:01
270800,2,RISE KQ고배당,14710,2,110,0.75,14630.0,-17.1619,64,0,81,2026-08-03 04:41:01
435530,7,KIWOOM TDF2030액티브 적격,15720,2,30,0.19,15640.0,1.7099,87,1,79,2026-08-03 04:41:01
0166T0,4,PLUS 글로벌저작권핵심기업액티브,9820,5,-240,-2.39,9801.0,0.6503,20007,196,79,2026-08-03 04:41:01
482030,2,KoAct 반도체&2차전지핵심소재액티브,7775,2,45,0.58,7777.0,-46.17,8011,62,78,2026-08-03 04:41:01
0094X0,4,1Q 샤오미밸류체인액티브,8605,2,140,1.65,8605.0,-12.138,874,7,77,2026-08-03 04:41:01
494210,4,SOL 미국500타겟데일리커버드콜액티브,11030,2,150,1.38,10975.0,0.7575,3955,43,77,2026-08-03 04:41:01
0082F0,4,HANARO 유럽방산,10970,2,25,0.23,10997.0,5.0888,442,4,77,2026-08-03 04:41:01
174350,2,TIGER 로우볼,20120,5,-50,-0.25,20112.0,-2.7577,1647,33,76,2026-08-03 04:41:01
189400,4,PLUS 글로벌MSCI(합성 H),25365,2,10,0.04,25446.0,5.4042,228,5,76,2026-08-03 04:41:01
395750,2,PLUS ESG가치주액티브,18850,5,-1295,-6.43,18774.0,1.8968,2037,38,75,2026-08-03 04:41:01
0005C0,6,RISE 미국S&P500엔화노출(합성 H),11585,2,380,3.39,11540.0,-0.6649,2329,27,75,2026-08-03 04:41:01
0215T0,4,HANARO 미국AI광통신TOP10,8350,2,60,0.72,8107.0,,4538,37,75,2026-08-03 04:41:01
0047N0,4,PLUS 차이나AI테크TOP10,10730,2,95,0.89,10753.0,-3.7992,5948,63,75,2026-08-03 04:41:01
437370,4,RISE 글로벌농업경제,10730,5,-210,-1.92,10668.0,-1.4844,2016,21,75,2026-08-03 04:41:01
390400,4,KODEX 미국스마트모빌리티S&P,7490,5,-20,-0.27,7471.0,-3.0291,740,5,75,2026-08-03 04:41:01
457930,2,BNK 미래전략기술액티브,24960,5,-150,-0.6,24848.0,-18.3149,6,0,75,2026-08-03 04:41:01
256450,4,PLUS 심천차이넥스트(합성),14975,5,-290,-1.9,15177.0,-10.6527,2657,40,75,2026-08-03 04:41:01
0138D0,2,RISE 동학개미,10695,5,-50,-0.47,10572.0,-29.9316,9744,103,75,2026-08-03 04:41:01
402460,2,HANARO Fn K-메타버스MZ,13610,2,85,0.63,13594.0,11.6754,123,1,75,2026-08-03 04:41:01
304670,6,KODEX 미국30년국채울트라선물인버스(H),12410,2,100,0.81,12407.0,3.0125,13,0,74,2026-08-03 04:41:01
225050,4,TIGER 유로스탁스레버리지(합성 H),16390,2,75,0.46,16371.0,20.1841,558,9,74,2026-08-03 04:41:01
0218K0,2,BNK 스마트카,9805,2,185,1.92,9781.0,,285,2,74,2026-08-03 04:41:01
272570,6,RISE 중장기국공채액티브,107940,5,-30,-0.03,107905.0,0.0834,3,0,73,2026-08-03 04:41:01
381570,2,HANARO Fn친환경에너지,8560,5,-45,-0.52,8563.0,-42.6143,2276,19,73,2026-08-03 04:41:01
488480,4,RISE 일본섹터TOP4Plus,13200,2,255,1.97,13220.0,-0.2034,442,5,73,2026-08-03 04:41:01
450180,7,KODEX 한중전기차(합성),10975,5,-35,-0.32,10993.0,-27.6848,5,0,71,2026-08-03 04:41:01
400590,4,SOL 글로벌탄소배출권선물ICE(합성),14240,5,-45,-0.32,14308.0,7.5272,81,1,71,2026-08-03 04:41:01
0036Z0,4,RISE 미국천연가스밸류체인,12945,2,230,1.81,12870.0,-3.8407,937,12,71,2026-08-03 04:41:01
466810,2,BNK 2차전지양극재,4880,5,-90,-1.81,4853.0,-43.5548,38684,187,71,2026-08-03 04:41:01
0172Y0,2,ACE K수출핵심TOP10산업액티브,8820,5,-415,-4.49,8801.0,-17.9112,3760,33,71,2026-08-03 04:41:01
227570,2,TIGER 우량가치,19575,5,-240,-1.21,19551.0,-17.3859,817,16,70,2026-08-03 04:41:01
139660,7,KIWOOM 미국달러선물인버스,8082,5,-13,-0.16,8115.0,3.5166,234,1,70,2026-08-03 04:41:01
285690,2,FOCUS ESG리더스,20065,3,0,0.0,19695.0,-12.628,0,0,70,2026-08-03 04:41:01
438740,2,MIDAS 중소형액티브,30840,2,245,0.8,30635.0,-24.8281,13,0,69,2026-08-03 04:41:01
316300,7,ACE 싱가포르리츠,13625,2,30,0.22,13726.0,-3.1114,2341,32,68,2026-08-03 04:41:01
456200,6,PLUS 미국달러SOFR금리액티브(합성),61895,2,190,0.31,61772.0,-2.8345,12,0,68,2026-08-03 04:41:01
326230,2,RISE 내수주플러스,10495,5,-25,-0.24,10500.0,-13.8764,14,0,67,2026-08-03 04:41:01
139290,2,TIGER 200 경기소비재,25655,2,225,0.88,25608.0,-7.6616,5889,151,67,2026-08-03 04:41:01
429740,7,PLUS K리츠,6020,3,0,0.0,6034.0,-16.0605,11979,71,66,2026-08-03 04:41:01
253280,2,RISE 헬스케어,12020,2,115,0.97,12006.0,-27.32,2373,28,66,2026-08-03 04:41:01
368680,2,KODEX K-뉴딜디지털플러스,7325,5,-140,-1.88,7274.0,-23.5769,121,0,66,2026-08-03 04:41:01
244670,2,KODEX 밸류Plus,10910,5,-110,-1.0,10884.0,-15.2555,62,0,65,2026-08-03 04:41:01
0087F0,4,ACE 차이나AI빅테크TOP2+액티브,12965,5,-180,-1.37,12958.0,9.908,886,11,65,2026-08-03 04:41:01
0102X0,4,ACE 유럽방산TOP10,9640,2,145,1.53,9625.0,-1.5476,2266,21,63,2026-08-03 04:41:01
307510,2,TIGER 의료기기,12485,2,455,3.78,12454.0,-33.1346,2545,31,62,2026-08-03 04:41:01
315270,2,TIGER 200커뮤니케이션서비스,19470,5,-15,-0.08,19433.0,-12.9497,17871,347,62,2026-08-03 04:41:01
219900,4,ACE 중국본토CSI300레버리지(합성),4420,5,-115,-2.54,4432.0,-13.2058,893,3,62,2026-08-03 04:41:01
250780,3,TIGER 코스닥150선물인버스,2805,5,-65,-2.26,2807.0,41.3793,320169,904,62,2026-08-03 04:41:01
451670,6,RISE 국채30년레버리지(합성),12300,5,-240,-1.91,12356.0,-22.9257,393,4,62,2026-08-03 04:41:01
0114X0,4,RISE 글로벌게임테크TOP3Plus,8547,5,-68,-0.79,8521.0,6.4237,423,3,60,2026-08-03 04:41:01
291890,4,KODEX MSCI EM선물(H),11905,5,-130,-1.08,11954.0,3.75,1562,18,60,2026-08-03 04:41:01
0184V0,2,UNICORN K바이오액티브,5410,2,350,6.92,5424.0,,25320,140,60,2026-08-03 04:41:01
139240,2,TIGER 200 철강소재,9490,5,-200,-2.06,9508.0,-36.9552,16749,160,59,2026-08-03 04:41:01
138920,5,KODEX 콩선물(H),11710,5,-120,-1.01,11728.0,-2.7539,54,0,59,2026-08-03 04:41:01
289670,6,PLUS 국채선물10년,52080,5,-55,-0.11,52069.0,-1.4462,256,13,58,2026-08-03 04:41:01
469530,3,RISE 미국달러선물인버스,9065,5,-10,-0.11,9081.0,3.655,357,3,58,2026-08-03 04:41:01
401590,4,HANARO 글로벌탄소배출권선물ICE(합성),11355,5,-10,-0.09,11424.0,7.2675,3450,39,58,2026-08-03 04:41:01
400580,4,SOL 유럽탄소배출권선물S&P(H),11425,5,-70,-0.61,11527.0,10.8486,78,0,57,2026-08-03 04:41:01
314700,2,HANARO 농업융복합산업,10330,2,65,0.63,10240.0,-25.6104,155,1,57,2026-08-03 04:41:01
413220,4,SOL 차이나태양광CSI(합성),4695,2,50,1.08,4706.0,-25.2013,364,1,56,2026-08-03 04:41:01
499150,4,SOL 미국S&P500엔화노출(H),11220,2,330,3.03,11154.0,0.7301,911,10,56,2026-08-03 04:41:01
476310,4,RISE 글로벌비만산업TOP2+,10190,5,-360,-3.41,10288.0,18.9365,360,3,56,2026-08-03 04:41:01
407300,2,HANARO Fn골프테마,10185,5,-100,-0.97,10045.0,-21.707,1,0,56,2026-08-03 04:41:01
391600,4,ACE 미국친환경그린테마,11195,5,-95,-0.84,11087.0,-8.62,542,6,56,2026-08-03 04:41:01
0176P0,2,FOCUS AI반도체위클리고정커버드콜,11165,5,-605,-5.14,11109.0,-1.0447,4145,46,56,2026-08-03 04:41:01
267450,6,RISE 미국장기국채선물인버스(H),11125,2,45,0.41,11179.0,1.885,24,0,56,2026-08-03 04:41:01
432600,6,RISE 국채선물3년,55260,5,-15,-0.03,55274.0,0.8024,16,0,55,2026-08-03 04:41:01
474390,6,SOL 국고채30년액티브,40805,5,-160,-0.39,40735.0,-11.4845,4,0,55,2026-08-03 04:41:01
0053M0,2,더제이 중소형포커스액티브,12115,2,60,0.5,12084.0,-22.2008,3,0,55,2026-08-03 04:41:01
483020,2,KIWOOM 의료AI,9065,5,-70,-0.77,9067.0,-30.0536,5357,48,54,2026-08-03 04:41:01
433250,1,UNICORN R&D 액티브,21560,5,-880,-3.92,21471.0,-8.4829,2320,50,54,2026-08-03 04:41:01
261920,4,ACE MSCI필리핀(합성),13400,2,50,0.37,13498.0,4.3784,470,6,54,2026-08-03 04:41:01
321410,7,KODEX 멀티에셋하이인컴(H),10605,5,-30,-0.28,10628.0,1.5227,66,0,53,2026-08-03 04:41:01
483030,4,KIWOOM 미국블록버스터바이오테크의약품+,11770,5,-185,-1.55,11809.0,10.0842,5538,65,53,2026-08-03 04:41:01
0128D0,4,PLUS 차이나항셍테크위클리타겟커버드콜,7540,2,135,1.82,7545.0,-5.3601,4102,30,53,2026-08-03 04:41:01
0131A0,4,SOL 차이나소비트렌드,8095,5,-45,-0.55,8124.0,-19.2861,7072,57,53,2026-08-03 04:41:01
411860,4,KIWOOM 독일DAX,17475,2,120,0.69,17294.0,2.875,212,3,52,2026-08-03 04:41:01
220130,4,SOL 차이나강소기업CSI500(합성 H),6535,5,-30,-0.46,6531.0,-6.6146,29,0,52,2026-08-03 04:41:01
0015E0,7,KIWOOM 엔비디아미국30년국채혼합액티브(H),10430,2,70,0.68,10355.0,-2.5842,695,7,52,2026-08-03 04:41:01
0174J0,7,DAISHIN343 오피스리츠플러스,8655,5,-15,-0.17,8696.0,-15.3999,512,4,52,2026-08-03 04:41:01
0073X0,5,FOCUS 알리바바미국채커버드콜혼합,9425,2,105,1.13,9459.0,-8.2528,139,1,52,2026-08-03 04:41:01
0191B0,1,MIDAS 코스닥액티브,25715,2,715,2.86,25638.0,,1959,49,51,2026-08-03 04:41:01
295000,6,RISE 국채선물10년,51410,5,-50,-0.1,51409.0,-1.361,4,0,51,2026-08-03 04:41:01
498610,4,RISE 인도디지털성장,8550,2,80,0.94,8566.0,2.8902,372,3,51,2026-08-03 04:41:01
252420,3,RISE 200선물인버스2X,101,2,10,10.99,102.0,-47.0931,2239477,224,50,2026-08-03 04:41:01
0132D0,7,KoAct 글로벌K컬처밸류체인액티브,9040,5,-90,-0.99,9011.0,-8.9277,277,2,50,2026-08-03 04:41:01
0015K0,4,TIGER 미국소비트렌드액티브,7260,2,20,0.28,7176.0,-3.2086,32,0,49,2026-08-03 04:41:01
0078V0,4,PLUS 미국로보택시,9872,5,-8,-0.08,9822.0,-9.3578,1598,15,49,2026-08-03 04:41:01
470310,2,UNICORN 생성형AI강소기업액티브,16410,2,455,2.85,16381.0,-3.7116,120,1,49,2026-08-03 04:41:01
0154H0,4,KoAct 차이나바이오헬스케어액티브,8105,5,-145,-1.76,8119.0,-11.9531,682,5,49,2026-08-03 04:41:01
267440,6,RISE 미국장기국채선물(H),7910,5,-50,-0.63,8042.0,-3.5736,424,3,47,2026-08-03 04:41:01
488200,2,KIWOOM K-2차전지북미공급망,10335,5,-195,-1.85,10330.0,-39.7145,7485,77,47,2026-08-03 04:41:01
244660,2,KODEX 퀄리티Plus,9090,2,60,0.66,9006.0,-11.8785,6,0,45,2026-08-03 04:41:01
373790,4,KIWOOM 미국방어배당성장나스닥,16225,5,-125,-0.76,16147.0,0.513,977,15,45,2026-08-03 04:41:01
205720,4,ACE 일본TOPIX인버스(합성 H),1506,2,28,1.89,1511.0,-9.4363,6255,9,45,2026-08-03 04:41:01
0050E0,4,PLUS 미국AI에이전트,8010,2,95,1.2,7956.0,4.6957,2107,16,44,2026-08-03 04:41:01
266550,2,PLUS 중형주저변동50,17615,2,15,0.09,17424.0,-18.0443,6,0,44,2026-08-03 04:41:01
291630,3,KIWOOM 코스닥150선물레버리지,2825,2,225,8.65,2814.0,-68.7688,162657,455,41,2026-08-03 04:41:01
238670,7,PLUS 스마트베타Quality채권혼합,13100,2,65,0.5,13079.0,-1.9557,2418,31,39,2026-08-03 04:41:01
226380,2,ACE Fn성장소비주도주,5575,2,10,0.18,5574.0,-18.3419,10002,55,39,2026-08-03 04:41:01
225030,4,TIGER 미국S&P500선물인버스(H),2295,5,-15,-0.65,2292.0,-4.1494,1743,4,39,2026-08-03 04:41:01
291680,4,RISE 차이나H선물인버스(H),7630,2,90,1.19,7644.0,-2.8351,2,0,38,2026-08-03 04:41:01
334690,5,RISE 팔라듐선물(H),5865,5,-75,-1.26,5896.0,-13.0308,615,3,38,2026-08-03 04:41:01
277650,2,TIGER 코스피중형주,18930,2,110,0.58,18827.0,-28.4139,386,7,38,2026-08-03 04:41:01
488210,2,KIWOOM K-반도체북미공급망,18870,5,-450,-2.33,18796.0,-23.5504,134,2,38,2026-08-03 04:41:01
0079X0,4,ACE BYD밸류체인액티브,10655,2,110,1.04,10644.0,-15.1991,315,3,37,2026-08-03 04:41:01
227550,2,TIGER 200 산업재,10805,5,-40,-0.37,10802.0,-32.1764,224,2,37,2026-08-03 04:41:01
267490,6,RISE 미국장기국채선물레버리지(합성 H),4980,5,-25,-0.5,4984.0,-6.1856,105,0,35,2026-08-03 04:41:01
243890,2,TIGER 200에너지화학레버리지,6525,5,-435,-6.25,6506.0,-48.1951,17582,113,34,2026-08-03 04:41:01
145670,3,ACE 인버스,1433,2,73,5.37,1441.0,-19.6693,299783,428,33,2026-08-03 04:41:01
454180,4,KIWOOM 차이나내수소비TOP CSI,8125,3,0,0.0,8215.0,-4.3498,832,6,33,2026-08-03 04:41:01
427120,2,RISE AI플랫폼,4815,2,40,0.84,4804.0,-31.047,4338,20,32,2026-08-03 04:41:01
489010,4,PLUS 글로벌AI인프라,19900,2,480,2.47,19790.0,-2.9,97,1,30,2026-08-03 04:41:01
227560,2,TIGER 200 생활소비재,12250,5,-10,-0.08,12251.0,-12.0253,992,12,29,2026-08-03 04:41:01
252410,3,RISE 200선물인버스,1459,2,54,3.84,1465.0,-18.7862,37973,55,29,2026-08-03 04:41:01
476000,2,UNICORN 포스트IPO액티브,5150,2,340,7.07,5132.0,-59.1508,112698,550,28,2026-08-03 04:41:01
291620,3,KIWOOM 코스닥150선물인버스,4905,5,-225,-4.39,4984.0,43.296,57403,290,28,2026-08-03 04:41:01
280940,5,KODEX 골드선물인버스(H),3720,2,20,0.54,3707.0,11.4457,61568,223,28,2026-08-03 04:41:01
253230,3,KIWOOM 200선물인버스2X,96,2,10,11.63,97.0,-49.7077,3290704,309,27,2026-08-03 04:41:01
491630,4,RISE 미국반도체인버스(합성 H),5555,2,220,4.12,5654.0,-27.1673,7225,39,26,2026-08-03 04:41:01
306530,3,HANARO 코스닥150선물레버리지,5600,2,210,3.9,5602.0,-67.9739,30523,169,26,2026-08-03 04:41:01
275750,3,RISE 코스닥150선물인버스,2830,5,-90,-3.08,2844.0,42.7872,48301,135,25,2026-08-03 04:41:01
334700,5,RISE 팔라듐선물인버스(H),3400,2,5,0.15,3431.0,7.9491,296,1,22,2026-08-03 04:41:01
253240,3,KIWOOM 200선물인버스,1465,2,66,4.72,1470.0,-19.3195,131687,191,18,2026-08-03 04:41:01
253160,3,PLUS 200선물인버스2X,196,2,1,0.51,197.0,-44.4445,915822,178,17,2026-08-03 04:41:01
465620,4,ACE 미국빅테크TOP7 Plus인버스(합성),6465,5,-185,-2.78,6559.0,1.2176,519,3,16,2026-08-03 04:41:01
306520,3,HANARO 200선물인버스,2655,2,30,1.14,2660.0,-15.459,15824,41,16,2026-08-03 04:41:01
412560,2,TIGER BBIG레버리지,1572,5,-71,-4.32,1579.0,-41.9435,42937,67,10,2026-08-03 04:41:01
397420,6,RISE 국채선물5년추종,50575,2,5,0.01,50576.0,0.0692,3,0,3,2026-08-03 04:41:01
